# Material time functions for all couplings (staging adapter output)
# Criterion: F(k,t) = 0.1, corrected least-squares reconstruction
# Each column pair is (time_ps, xi) for one coupling.
#
t_0_ps xi_0 t_0p01_ps xi_0p01 t_0p016667_ps xi_0p016667 t_0p023333_ps xi_0p023333 t_0p03_ps xi_0p03
0.000000e+00 -2.952236e-16 0.000000e+00 -6.729176e-16 0.000000e+00 -2.935514e-16 0.000000e+00 -4.347094e-16 0.000000e+00 -4.010055e-16
1.185588e+00 1.020995e-02 1.185961e+00 -1.590980e-03 1.184504e+00 4.795251e-03 1.186204e+00 2.503398e-03 1.186406e+00 1.355520e-03
2.371175e+00 2.041990e-02 2.371922e+00 -3.181961e-03 2.369007e+00 9.590501e-03 2.372408e+00 5.006795e-03 2.372812e+00 2.711039e-03
3.556763e+00 3.062984e-02 3.557882e+00 -4.772941e-03 3.553511e+00 1.438575e-02 3.558613e+00 7.510193e-03 3.559218e+00 4.066559e-03
4.742350e+00 4.083979e-02 4.743843e+00 -6.363921e-03 4.738015e+00 1.918100e-02 4.744817e+00 1.001359e-02 4.745624e+00 5.422079e-03
5.927938e+00 5.104974e-02 5.929804e+00 -7.954902e-03 5.922519e+00 2.397625e-02 5.931021e+00 1.251699e-02 5.932030e+00 6.777599e-03
7.113525e+00 6.125969e-02 7.115765e+00 -9.545882e-03 7.107022e+00 2.877150e-02 7.117225e+00 1.502039e-02 7.118436e+00 8.133118e-03
8.299113e+00 7.146964e-02 8.301725e+00 -1.113686e-02 8.291526e+00 3.356675e-02 8.303430e+00 1.752378e-02 8.304842e+00 9.488638e-03
9.484701e+00 8.167958e-02 9.487686e+00 -1.272784e-02 9.476030e+00 3.836200e-02 9.489634e+00 2.002718e-02 9.491248e+00 1.084416e-02
1.067029e+01 9.188953e-02 1.067365e+01 -1.431882e-02 1.066053e+01 4.315725e-02 1.067584e+01 2.253058e-02 1.067765e+01 1.219968e-02
1.185588e+01 1.020995e-01 1.185961e+01 -1.590980e-02 1.184504e+01 4.795251e-02 1.186204e+01 2.503398e-02 1.186406e+01 1.355520e-02
1.304146e+01 1.123094e-01 1.304557e+01 -1.750078e-02 1.302954e+01 5.274776e-02 1.304825e+01 2.753738e-02 1.305047e+01 1.491072e-02
1.422705e+01 1.225194e-01 1.423153e+01 -1.909176e-02 1.421404e+01 5.754301e-02 1.423445e+01 3.004077e-02 1.423687e+01 1.626624e-02
1.541264e+01 1.327293e-01 1.541749e+01 -2.068274e-02 1.539855e+01 6.233826e-02 1.542066e+01 3.254417e-02 1.542328e+01 1.762176e-02
1.659823e+01 1.429393e-01 1.660345e+01 -2.227372e-02 1.658305e+01 6.713351e-02 1.660686e+01 3.504757e-02 1.660968e+01 1.897728e-02
1.778381e+01 1.531492e-01 1.778941e+01 -2.386471e-02 1.776756e+01 7.192876e-02 1.779306e+01 3.755097e-02 1.779609e+01 2.033280e-02
1.896940e+01 1.633592e-01 1.897537e+01 -2.545569e-02 1.895206e+01 7.672401e-02 1.897927e+01 4.005436e-02 1.898250e+01 2.168832e-02
2.015499e+01 1.735691e-01 2.016133e+01 -2.704667e-02 2.013656e+01 8.151926e-02 2.016547e+01 4.255776e-02 2.016890e+01 2.304384e-02
2.134058e+01 1.837791e-01 2.134729e+01 -2.863765e-02 2.132107e+01 8.631451e-02 2.135168e+01 4.506116e-02 2.135531e+01 2.439936e-02
2.252616e+01 1.939890e-01 2.253325e+01 -3.022863e-02 2.250557e+01 9.110976e-02 2.253788e+01 4.756456e-02 2.254171e+01 2.575487e-02
2.371175e+01 2.041990e-01 2.371922e+01 -3.181961e-02 2.369007e+01 9.590501e-02 2.372408e+01 5.006795e-02 2.372812e+01 2.711039e-02
2.489734e+01 2.144089e-01 2.490518e+01 -3.341059e-02 2.487458e+01 1.007003e-01 2.491029e+01 5.257135e-02 2.491453e+01 2.846591e-02
2.608293e+01 2.246189e-01 2.609114e+01 -3.500157e-02 2.605908e+01 1.054955e-01 2.609649e+01 5.507475e-02 2.610093e+01 2.982143e-02
2.726851e+01 2.348288e-01 2.727710e+01 -3.659255e-02 2.724359e+01 1.102908e-01 2.728270e+01 5.757815e-02 2.728734e+01 3.117695e-02
2.845410e+01 2.450388e-01 2.846306e+01 -3.818353e-02 2.842809e+01 1.150860e-01 2.846890e+01 6.008155e-02 2.847374e+01 3.253247e-02
2.963969e+01 2.552487e-01 2.964902e+01 -3.977451e-02 2.961259e+01 1.198813e-01 2.965511e+01 6.258494e-02 2.966015e+01 3.388799e-02
3.082528e+01 2.654586e-01 3.083498e+01 -4.136549e-02 3.079710e+01 1.246765e-01 3.084131e+01 6.508834e-02 3.084656e+01 3.524351e-02
3.201086e+01 2.756686e-01 3.202094e+01 -4.295647e-02 3.198160e+01 1.294718e-01 3.202751e+01 6.759174e-02 3.203296e+01 3.659903e-02
3.319645e+01 2.858785e-01 3.320690e+01 -4.454745e-02 3.316610e+01 1.342670e-01 3.321372e+01 7.009514e-02 3.321937e+01 3.795455e-02
3.438204e+01 2.960885e-01 3.439286e+01 -4.613843e-02 3.435061e+01 1.390623e-01 3.439992e+01 7.259853e-02 3.440577e+01 3.931007e-02
3.556763e+01 3.062984e-01 3.557882e+01 -4.772941e-02 3.553511e+01 1.438575e-01 3.558613e+01 7.510193e-02 3.559218e+01 4.066559e-02
3.675321e+01 3.165084e-01 3.676478e+01 -4.932039e-02 3.671961e+01 1.486528e-01 3.677233e+01 7.760533e-02 3.677858e+01 4.202111e-02
3.793880e+01 3.267183e-01 3.795074e+01 -5.091137e-02 3.790412e+01 1.534480e-01 3.795854e+01 8.010873e-02 3.796499e+01 4.337663e-02
3.912439e+01 3.369283e-01 3.913671e+01 -5.250235e-02 3.908862e+01 1.582433e-01 3.914474e+01 8.261213e-02 3.915140e+01 4.473215e-02
4.030998e+01 3.471382e-01 4.032267e+01 -5.409333e-02 4.027313e+01 1.630385e-01 4.033094e+01 8.511552e-02 4.033780e+01 4.608767e-02
4.149556e+01 3.573482e-01 4.150863e+01 -5.568431e-02 4.145763e+01 1.678338e-01 4.151715e+01 8.761892e-02 4.152421e+01 4.744319e-02
4.268115e+01 3.675581e-01 4.269459e+01 -5.727529e-02 4.264213e+01 1.726290e-01 4.270335e+01 9.012232e-02 4.271061e+01 4.879871e-02
4.386674e+01 3.777681e-01 4.388055e+01 -5.886627e-02 4.382664e+01 1.774243e-01 4.388956e+01 9.262572e-02 4.389702e+01 5.015423e-02
4.505233e+01 3.879780e-01 4.506651e+01 -6.045725e-02 4.501114e+01 1.822195e-01 4.507576e+01 9.512911e-02 4.508343e+01 5.150975e-02
4.623792e+01 3.981349e-01 4.625247e+01 -6.135258e-02 4.619564e+01 1.870130e-01 4.626197e+01 9.763554e-02 4.626983e+01 5.286362e-02
4.742350e+01 4.079834e-01 4.743843e+01 -5.820301e-02 4.738015e+01 1.917960e-01 4.744817e+01 1.001596e-01 4.745624e+01 5.420787e-02
4.860909e+01 4.178319e-01 4.862439e+01 -5.505344e-02 4.856465e+01 1.965790e-01 4.863437e+01 1.026836e-01 4.864264e+01 5.555212e-02
4.979468e+01 4.276805e-01 4.981035e+01 -5.190387e-02 4.974916e+01 2.013620e-01 4.982058e+01 1.052077e-01 4.982905e+01 5.689637e-02
5.098027e+01 4.375290e-01 5.099631e+01 -4.875431e-02 5.093366e+01 2.061451e-01 5.100678e+01 1.077318e-01 5.101546e+01 5.824062e-02
5.216585e+01 4.473775e-01 5.218227e+01 -4.560474e-02 5.211816e+01 2.109281e-01 5.219299e+01 1.102558e-01 5.220186e+01 5.958487e-02
5.335144e+01 4.572260e-01 5.336823e+01 -4.245517e-02 5.330267e+01 2.157111e-01 5.337919e+01 1.127799e-01 5.338827e+01 6.092912e-02
5.453703e+01 4.670745e-01 5.455420e+01 -3.930560e-02 5.448717e+01 2.204941e-01 5.456540e+01 1.153039e-01 5.457467e+01 6.227337e-02
5.572262e+01 4.769230e-01 5.574016e+01 -3.615603e-02 5.567167e+01 2.252771e-01 5.575160e+01 1.178280e-01 5.576108e+01 6.361763e-02
5.690820e+01 4.867715e-01 5.692612e+01 -3.300646e-02 5.685618e+01 2.300602e-01 5.693780e+01 1.203520e-01 5.694749e+01 6.496188e-02
5.809379e+01 4.966200e-01 5.811208e+01 -2.985689e-02 5.804068e+01 2.348432e-01 5.812401e+01 1.228761e-01 5.813389e+01 6.630613e-02
5.927938e+01 5.064685e-01 5.929804e+01 -2.670732e-02 5.922519e+01 2.396262e-01 5.931021e+01 1.254001e-01 5.932030e+01 6.765038e-02
6.046497e+01 5.163170e-01 6.048400e+01 -2.355775e-02 6.040969e+01 2.444092e-01 6.049642e+01 1.279242e-01 6.050670e+01 6.899463e-02
6.165055e+01 5.261656e-01 6.166996e+01 -2.040818e-02 6.159419e+01 2.491923e-01 6.168262e+01 1.304482e-01 6.169311e+01 7.033888e-02
6.283614e+01 5.360141e-01 6.285592e+01 -1.725861e-02 6.277870e+01 2.539753e-01 6.286883e+01 1.329723e-01 6.287952e+01 7.168313e-02
6.402173e+01 5.458626e-01 6.404188e+01 -1.410904e-02 6.396320e+01 2.587583e-01 6.405503e+01 1.354963e-01 6.406592e+01 7.302738e-02
6.520732e+01 5.557111e-01 6.522784e+01 -1.095947e-02 6.514770e+01 2.635413e-01 6.524123e+01 1.380204e-01 6.525233e+01 7.437163e-02
6.639290e+01 5.655596e-01 6.641380e+01 -7.809898e-03 6.633221e+01 2.683243e-01 6.642744e+01 1.405444e-01 6.643873e+01 7.571589e-02
6.757849e+01 5.754081e-01 6.759976e+01 -4.660328e-03 6.751671e+01 2.731074e-01 6.761364e+01 1.430685e-01 6.762514e+01 7.706014e-02
6.876408e+01 5.852566e-01 6.878572e+01 -1.510759e-03 6.870121e+01 2.778904e-01 6.879985e+01 1.455925e-01 6.881155e+01 7.840439e-02
6.994967e+01 5.951051e-01 6.997169e+01 1.638811e-03 6.988572e+01 2.826734e-01 6.998605e+01 1.481166e-01 6.999795e+01 7.974864e-02
7.113525e+01 6.049536e-01 7.115765e+01 4.788381e-03 7.107022e+01 2.874564e-01 7.117225e+01 1.506406e-01 7.118436e+01 8.109289e-02
7.232084e+01 6.148021e-01 7.234361e+01 7.937951e-03 7.225473e+01 2.922394e-01 7.235846e+01 1.531647e-01 7.237076e+01 8.243714e-02
7.350643e+01 6.246506e-01 7.352957e+01 1.108752e-02 7.343923e+01 2.970225e-01 7.354466e+01 1.556887e-01 7.355717e+01 8.378139e-02
7.469202e+01 6.344992e-01 7.471553e+01 1.423709e-02 7.462373e+01 3.018055e-01 7.473087e+01 1.582128e-01 7.474358e+01 8.512564e-02
7.587760e+01 6.443477e-01 7.590149e+01 1.738666e-02 7.580824e+01 3.065885e-01 7.591707e+01 1.607369e-01 7.592998e+01 8.646989e-02
7.706319e+01 6.541962e-01 7.708745e+01 2.053623e-02 7.699274e+01 3.113715e-01 7.710328e+01 1.632609e-01 7.711639e+01 8.781415e-02
7.824878e+01 6.640447e-01 7.827341e+01 2.368580e-02 7.817724e+01 3.161546e-01 7.828948e+01 1.657850e-01 7.830279e+01 8.915840e-02
7.943437e+01 6.738932e-01 7.945937e+01 2.683537e-02 7.936175e+01 3.209376e-01 7.947568e+01 1.683090e-01 7.948920e+01 9.050265e-02
8.061995e+01 6.837417e-01 8.064533e+01 2.998494e-02 8.054625e+01 3.257206e-01 8.066189e+01 1.708331e-01 8.067561e+01 9.184690e-02
8.180554e+01 6.935902e-01 8.183129e+01 3.313451e-02 8.173076e+01 3.305036e-01 8.184809e+01 1.733571e-01 8.186201e+01 9.319115e-02
8.299113e+01 7.034387e-01 8.301725e+01 3.628408e-02 8.291526e+01 3.352866e-01 8.303430e+01 1.758812e-01 8.304842e+01 9.453540e-02
8.417672e+01 7.132872e-01 8.420321e+01 3.943365e-02 8.409976e+01 3.400697e-01 8.422050e+01 1.784052e-01 8.423482e+01 9.587965e-02
8.536230e+01 7.231357e-01 8.538918e+01 4.258322e-02 8.528427e+01 3.448527e-01 8.540671e+01 1.809293e-01 8.542123e+01 9.722390e-02
8.654789e+01 7.329842e-01 8.657514e+01 4.573279e-02 8.646877e+01 3.496357e-01 8.659291e+01 1.834533e-01 8.660764e+01 9.856815e-02
8.773348e+01 7.428328e-01 8.776110e+01 4.888236e-02 8.765327e+01 3.544187e-01 8.777911e+01 1.859774e-01 8.779404e+01 9.991241e-02
8.891907e+01 7.526813e-01 8.894706e+01 5.203193e-02 8.883778e+01 3.592017e-01 8.896532e+01 1.885014e-01 8.898045e+01 1.012567e-01
9.010466e+01 7.625298e-01 9.013302e+01 5.518150e-02 9.002228e+01 3.639848e-01 9.015152e+01 1.910255e-01 9.016685e+01 1.026009e-01
9.129024e+01 7.723783e-01 9.131898e+01 5.833107e-02 9.120679e+01 3.687678e-01 9.133773e+01 1.935495e-01 9.135326e+01 1.039452e-01
9.247583e+01 7.820146e-01 9.250494e+01 6.426323e-02 9.239129e+01 3.735436e-01 9.252393e+01 1.960857e-01 9.253967e+01 1.052828e-01
9.366142e+01 7.911403e-01 9.369090e+01 7.689390e-02 9.357579e+01 3.783022e-01 9.371014e+01 1.986511e-01 9.372607e+01 1.066045e-01
9.484701e+01 8.002659e-01 9.487686e+01 8.952457e-02 9.476030e+01 3.830608e-01 9.489634e+01 2.012164e-01 9.491248e+01 1.079262e-01
9.603259e+01 8.093915e-01 9.606282e+01 1.021552e-01 9.594480e+01 3.878193e-01 9.608254e+01 2.037818e-01 9.609888e+01 1.092479e-01
9.721818e+01 8.185172e-01 9.724878e+01 1.147859e-01 9.712930e+01 3.925779e-01 9.726875e+01 2.063472e-01 9.728529e+01 1.105697e-01
9.840377e+01 8.276428e-01 9.843474e+01 1.274166e-01 9.831381e+01 3.973365e-01 9.845495e+01 2.089125e-01 9.847169e+01 1.118914e-01
9.958936e+01 8.367684e-01 9.962070e+01 1.400473e-01 9.949831e+01 4.020950e-01 9.964116e+01 2.114779e-01 9.965810e+01 1.132131e-01
1.007749e+02 8.458941e-01 1.008067e+02 1.526779e-01 1.006828e+02 4.068536e-01 1.008274e+02 2.140432e-01 1.008445e+02 1.145348e-01
1.019605e+02 8.550197e-01 1.019926e+02 1.653086e-01 1.018673e+02 4.116121e-01 1.020136e+02 2.166086e-01 1.020309e+02 1.158565e-01
1.031461e+02 8.641453e-01 1.031786e+02 1.779393e-01 1.030518e+02 4.163707e-01 1.031998e+02 2.191740e-01 1.032173e+02 1.171782e-01
1.043317e+02 8.732709e-01 1.043645e+02 1.905699e-01 1.042363e+02 4.211293e-01 1.043860e+02 2.217393e-01 1.044037e+02 1.184999e-01
1.055173e+02 8.823966e-01 1.055505e+02 2.032006e-01 1.054208e+02 4.258878e-01 1.055722e+02 2.243047e-01 1.055901e+02 1.198216e-01
1.067029e+02 8.915222e-01 1.067365e+02 2.158313e-01 1.066053e+02 4.306464e-01 1.067584e+02 2.268701e-01 1.067765e+02 1.211434e-01
1.078885e+02 9.006478e-01 1.079224e+02 2.284619e-01 1.077898e+02 4.354050e-01 1.079446e+02 2.294354e-01 1.079629e+02 1.224651e-01
1.090741e+02 9.097735e-01 1.091084e+02 2.410926e-01 1.089743e+02 4.401635e-01 1.091308e+02 2.320008e-01 1.091493e+02 1.237868e-01
1.102596e+02 9.188991e-01 1.102944e+02 2.537233e-01 1.101588e+02 4.449221e-01 1.103170e+02 2.345661e-01 1.103358e+02 1.251085e-01
1.114452e+02 9.280247e-01 1.114803e+02 2.663540e-01 1.113433e+02 4.496806e-01 1.115032e+02 2.371315e-01 1.115222e+02 1.264302e-01
1.126308e+02 9.371504e-01 1.126663e+02 2.789846e-01 1.125279e+02 4.544392e-01 1.126894e+02 2.396969e-01 1.127086e+02 1.277519e-01
1.138164e+02 9.462760e-01 1.138522e+02 2.916153e-01 1.137124e+02 4.591978e-01 1.138756e+02 2.422622e-01 1.138950e+02 1.290736e-01
1.150020e+02 9.554016e-01 1.150382e+02 3.042460e-01 1.148969e+02 4.639563e-01 1.150618e+02 2.448276e-01 1.150814e+02 1.303954e-01
1.161876e+02 9.645273e-01 1.162242e+02 3.168766e-01 1.160814e+02 4.687149e-01 1.162480e+02 2.473930e-01 1.162678e+02 1.317171e-01
1.173732e+02 9.736529e-01 1.174101e+02 3.295073e-01 1.172659e+02 4.734735e-01 1.174342e+02 2.499583e-01 1.174542e+02 1.330388e-01
1.185588e+02 9.827785e-01 1.185961e+02 3.421380e-01 1.184504e+02 4.782320e-01 1.186204e+02 2.525237e-01 1.186406e+02 1.343605e-01
1.197443e+02 9.919042e-01 1.197820e+02 3.547686e-01 1.196349e+02 4.829906e-01 1.198066e+02 2.550890e-01 1.198270e+02 1.356822e-01
1.209299e+02 1.001030e+00 1.209680e+02 3.673993e-01 1.208194e+02 4.877492e-01 1.209928e+02 2.576544e-01 1.210134e+02 1.370039e-01
1.221155e+02 1.010155e+00 1.221540e+02 3.800300e-01 1.220039e+02 4.925077e-01 1.221790e+02 2.602198e-01 1.221998e+02 1.383256e-01
1.233011e+02 1.019281e+00 1.233399e+02 3.926607e-01 1.231884e+02 4.972663e-01 1.233652e+02 2.627851e-01 1.233862e+02 1.396474e-01
1.244867e+02 1.028407e+00 1.245259e+02 4.052913e-01 1.243729e+02 5.020248e-01 1.245514e+02 2.653505e-01 1.245726e+02 1.409691e-01
1.256723e+02 1.037532e+00 1.257118e+02 4.179220e-01 1.255574e+02 5.067834e-01 1.257377e+02 2.679158e-01 1.257590e+02 1.422908e-01
1.268579e+02 1.046658e+00 1.268978e+02 4.305527e-01 1.267419e+02 5.115420e-01 1.269239e+02 2.704812e-01 1.269454e+02 1.436125e-01
1.280435e+02 1.055784e+00 1.280838e+02 4.431833e-01 1.279264e+02 5.163005e-01 1.281101e+02 2.730466e-01 1.281318e+02 1.449342e-01
1.292290e+02 1.064909e+00 1.292697e+02 4.558140e-01 1.291109e+02 5.210591e-01 1.292963e+02 2.756119e-01 1.293182e+02 1.462559e-01
1.304146e+02 1.074035e+00 1.304557e+02 4.684447e-01 1.302954e+02 5.258177e-01 1.304825e+02 2.781773e-01 1.305047e+02 1.475776e-01
1.316002e+02 1.083160e+00 1.316416e+02 4.810753e-01 1.314799e+02 5.305762e-01 1.316687e+02 2.807427e-01 1.316911e+02 1.488994e-01
1.327858e+02 1.092286e+00 1.328276e+02 4.937060e-01 1.326644e+02 5.353348e-01 1.328549e+02 2.833080e-01 1.328775e+02 1.502211e-01
1.339714e+02 1.101412e+00 1.340136e+02 5.063367e-01 1.338489e+02 5.400933e-01 1.340411e+02 2.858734e-01 1.340639e+02 1.515428e-01
1.351570e+02 1.110537e+00 1.351995e+02 5.189674e-01 1.350334e+02 5.448519e-01 1.352273e+02 2.884387e-01 1.352503e+02 1.528645e-01
1.363426e+02 1.119663e+00 1.363855e+02 5.315980e-01 1.362179e+02 5.496105e-01 1.364135e+02 2.910041e-01 1.364367e+02 1.541862e-01
1.375282e+02 1.128789e+00 1.375714e+02 5.442287e-01 1.374024e+02 5.543690e-01 1.375997e+02 2.935695e-01 1.376231e+02 1.555079e-01
1.387137e+02 1.137497e+00 1.387574e+02 5.631202e-01 1.385869e+02 5.591115e-01 1.387859e+02 2.961621e-01 1.388095e+02 1.568148e-01
1.398993e+02 1.145675e+00 1.399434e+02 5.899725e-01 1.397714e+02 5.638333e-01 1.399721e+02 2.987894e-01 1.399959e+02 1.581027e-01
1.410849e+02 1.153853e+00 1.411293e+02 6.168248e-01 1.409559e+02 5.685552e-01 1.411583e+02 3.014168e-01 1.411823e+02 1.593906e-01
1.422705e+02 1.162030e+00 1.423153e+02 6.436772e-01 1.421404e+02 5.732771e-01 1.423445e+02 3.040441e-01 1.423687e+02 1.606785e-01
1.434561e+02 1.170208e+00 1.435013e+02 6.705295e-01 1.433249e+02 5.779990e-01 1.435307e+02 3.066714e-01 1.435551e+02 1.619664e-01
1.446417e+02 1.178386e+00 1.446872e+02 6.973818e-01 1.445095e+02 5.827208e-01 1.447169e+02 3.092987e-01 1.447415e+02 1.632543e-01
1.458273e+02 1.186564e+00 1.458732e+02 7.242341e-01 1.456940e+02 5.874427e-01 1.459031e+02 3.119261e-01 1.459279e+02 1.645422e-01
1.470129e+02 1.194742e+00 1.470591e+02 7.510864e-01 1.468785e+02 5.921646e-01 1.470893e+02 3.145534e-01 1.471143e+02 1.658301e-01
1.481984e+02 1.202919e+00 1.482451e+02 7.779388e-01 1.480630e+02 5.968865e-01 1.482755e+02 3.171807e-01 1.483007e+02 1.671180e-01
1.493840e+02 1.211097e+00 1.494311e+02 8.047911e-01 1.492475e+02 6.016083e-01 1.494617e+02 3.198080e-01 1.494872e+02 1.684059e-01
1.505696e+02 1.219275e+00 1.506170e+02 8.316434e-01 1.504320e+02 6.063302e-01 1.506479e+02 3.224354e-01 1.506736e+02 1.696938e-01
1.517552e+02 1.227453e+00 1.518030e+02 8.584957e-01 1.516165e+02 6.110521e-01 1.518341e+02 3.250627e-01 1.518600e+02 1.709817e-01
1.529408e+02 1.235631e+00 1.529889e+02 8.853480e-01 1.528010e+02 6.157740e-01 1.530203e+02 3.276900e-01 1.530464e+02 1.722697e-01
1.541264e+02 1.243809e+00 1.541749e+02 9.122004e-01 1.539855e+02 6.204958e-01 1.542066e+02 3.303173e-01 1.542328e+02 1.735576e-01
1.553120e+02 1.251986e+00 1.553609e+02 9.390527e-01 1.551700e+02 6.252177e-01 1.553928e+02 3.329447e-01 1.554192e+02 1.748455e-01
1.564976e+02 1.260164e+00 1.565468e+02 9.659050e-01 1.563545e+02 6.299396e-01 1.565790e+02 3.355720e-01 1.566056e+02 1.761334e-01
1.576831e+02 1.268342e+00 1.577328e+02 9.927573e-01 1.575390e+02 6.346615e-01 1.577652e+02 3.381993e-01 1.577920e+02 1.774213e-01
1.588687e+02 1.276520e+00 1.589187e+02 1.019610e+00 1.587235e+02 6.393833e-01 1.589514e+02 3.408266e-01 1.589784e+02 1.787092e-01
1.600543e+02 1.284698e+00 1.601047e+02 1.046462e+00 1.599080e+02 6.441052e-01 1.601376e+02 3.434540e-01 1.601648e+02 1.799971e-01
1.612399e+02 1.292875e+00 1.612907e+02 1.073314e+00 1.610925e+02 6.488271e-01 1.613238e+02 3.460813e-01 1.613512e+02 1.812850e-01
1.624255e+02 1.301053e+00 1.624766e+02 1.100167e+00 1.622770e+02 6.535490e-01 1.625100e+02 3.487086e-01 1.625376e+02 1.825729e-01
1.636111e+02 1.309231e+00 1.636626e+02 1.127019e+00 1.634615e+02 6.582708e-01 1.636962e+02 3.513360e-01 1.637240e+02 1.838608e-01
1.647967e+02 1.317409e+00 1.648485e+02 1.153871e+00 1.646460e+02 6.629927e-01 1.648824e+02 3.539633e-01 1.649104e+02 1.851487e-01
1.659823e+02 1.325587e+00 1.660345e+02 1.180724e+00 1.658305e+02 6.677146e-01 1.660686e+02 3.565906e-01 1.660968e+02 1.864366e-01
1.671678e+02 1.333764e+00 1.672205e+02 1.207576e+00 1.670150e+02 6.724365e-01 1.672548e+02 3.592179e-01 1.672832e+02 1.877246e-01
1.683534e+02 1.341942e+00 1.684064e+02 1.234428e+00 1.681995e+02 6.771584e-01 1.684410e+02 3.618453e-01 1.684696e+02 1.890125e-01
1.695390e+02 1.350120e+00 1.695924e+02 1.261281e+00 1.693840e+02 6.818802e-01 1.696272e+02 3.644726e-01 1.696561e+02 1.903004e-01
1.707246e+02 1.358298e+00 1.707784e+02 1.288133e+00 1.705685e+02 6.866021e-01 1.708134e+02 3.670999e-01 1.708425e+02 1.915883e-01
1.719102e+02 1.366476e+00 1.719643e+02 1.314985e+00 1.717530e+02 6.913240e-01 1.719996e+02 3.697272e-01 1.720289e+02 1.928762e-01
1.730958e+02 1.374654e+00 1.731503e+02 1.341837e+00 1.729375e+02 6.960459e-01 1.731858e+02 3.723546e-01 1.732153e+02 1.941641e-01
1.742814e+02 1.382831e+00 1.743362e+02 1.368690e+00 1.741220e+02 7.007677e-01 1.743720e+02 3.749819e-01 1.744017e+02 1.954520e-01
1.754670e+02 1.391009e+00 1.755222e+02 1.395542e+00 1.753065e+02 7.054896e-01 1.755582e+02 3.776092e-01 1.755881e+02 1.967399e-01
1.766525e+02 1.399187e+00 1.767082e+02 1.422394e+00 1.764911e+02 7.102115e-01 1.767444e+02 3.802365e-01 1.767745e+02 1.980278e-01
1.778381e+02 1.407365e+00 1.778941e+02 1.449247e+00 1.776756e+02 7.149334e-01 1.779306e+02 3.828639e-01 1.779609e+02 1.993157e-01
1.790237e+02 1.415543e+00 1.790801e+02 1.476099e+00 1.788601e+02 7.196552e-01 1.791168e+02 3.854912e-01 1.791473e+02 2.006036e-01
1.802093e+02 1.423720e+00 1.802660e+02 1.502951e+00 1.800446e+02 7.243771e-01 1.803030e+02 3.881185e-01 1.803337e+02 2.018915e-01
1.813949e+02 1.431898e+00 1.814520e+02 1.529804e+00 1.812291e+02 7.290990e-01 1.814892e+02 3.907458e-01 1.815201e+02 2.031795e-01
1.825805e+02 1.440076e+00 1.826380e+02 1.556656e+00 1.824136e+02 7.338209e-01 1.826755e+02 3.933732e-01 1.827065e+02 2.044674e-01
1.837661e+02 1.448254e+00 1.838239e+02 1.583508e+00 1.835981e+02 7.385427e-01 1.838617e+02 3.960005e-01 1.838929e+02 2.057553e-01
1.849517e+02 1.455875e+00 1.850099e+02 1.619905e+00 1.847826e+02 7.432359e-01 1.850479e+02 3.986763e-01 1.850793e+02 2.070167e-01
1.861372e+02 1.463105e+00 1.861958e+02 1.663018e+00 1.859671e+02 7.479089e-01 1.862341e+02 4.013863e-01 1.862657e+02 2.082596e-01
1.873228e+02 1.470335e+00 1.873818e+02 1.706131e+00 1.871516e+02 7.525818e-01 1.874203e+02 4.040962e-01 1.874521e+02 2.095024e-01
1.885084e+02 1.477565e+00 1.885678e+02 1.749244e+00 1.883361e+02 7.572548e-01 1.886065e+02 4.068062e-01 1.886385e+02 2.107452e-01
1.896940e+02 1.484795e+00 1.897537e+02 1.792357e+00 1.895206e+02 7.619277e-01 1.897927e+02 4.095161e-01 1.898250e+02 2.119881e-01
1.908796e+02 1.492025e+00 1.909397e+02 1.835470e+00 1.907051e+02 7.666007e-01 1.909789e+02 4.122260e-01 1.910114e+02 2.132309e-01
1.920652e+02 1.499255e+00 1.921256e+02 1.878582e+00 1.918896e+02 7.712737e-01 1.921651e+02 4.149360e-01 1.921978e+02 2.144737e-01
1.932508e+02 1.506485e+00 1.933116e+02 1.921695e+00 1.930741e+02 7.759466e-01 1.933513e+02 4.176459e-01 1.933842e+02 2.157166e-01
1.944364e+02 1.513715e+00 1.944976e+02 1.964808e+00 1.942586e+02 7.806196e-01 1.945375e+02 4.203559e-01 1.945706e+02 2.169594e-01
1.956219e+02 1.520945e+00 1.956835e+02 2.007921e+00 1.954431e+02 7.852925e-01 1.957237e+02 4.230658e-01 1.957570e+02 2.182022e-01
1.968075e+02 1.528175e+00 1.968695e+02 2.051034e+00 1.966276e+02 7.899655e-01 1.969099e+02 4.257758e-01 1.969434e+02 2.194451e-01
1.979931e+02 1.535405e+00 1.980554e+02 2.094147e+00 1.978121e+02 7.946385e-01 1.980961e+02 4.284857e-01 1.981298e+02 2.206879e-01
1.991787e+02 1.542635e+00 1.992414e+02 2.137260e+00 1.989966e+02 7.993114e-01 1.992823e+02 4.311957e-01 1.993162e+02 2.219307e-01
2.003643e+02 1.549865e+00 2.004274e+02 2.180373e+00 2.001811e+02 8.039844e-01 2.004685e+02 4.339056e-01 2.005026e+02 2.231736e-01
2.015499e+02 1.557095e+00 2.016133e+02 2.223485e+00 2.013656e+02 8.086573e-01 2.016547e+02 4.366155e-01 2.016890e+02 2.244164e-01
2.027355e+02 1.564325e+00 2.027993e+02 2.266598e+00 2.025501e+02 8.133303e-01 2.028409e+02 4.393255e-01 2.028754e+02 2.256592e-01
2.039211e+02 1.571555e+00 2.039853e+02 2.309711e+00 2.037346e+02 8.180033e-01 2.040271e+02 4.420354e-01 2.040618e+02 2.269021e-01
2.051066e+02 1.578785e+00 2.051712e+02 2.352824e+00 2.049191e+02 8.226762e-01 2.052133e+02 4.447454e-01 2.052482e+02 2.281449e-01
2.062922e+02 1.586015e+00 2.063572e+02 2.395937e+00 2.061036e+02 8.273492e-01 2.063995e+02 4.474553e-01 2.064346e+02 2.293877e-01
2.074778e+02 1.593245e+00 2.075431e+02 2.439050e+00 2.072881e+02 8.320221e-01 2.075857e+02 4.501653e-01 2.076210e+02 2.306306e-01
2.086634e+02 1.600475e+00 2.087291e+02 2.482163e+00 2.084727e+02 8.366951e-01 2.087719e+02 4.528752e-01 2.088074e+02 2.318734e-01
2.098490e+02 1.607705e+00 2.099151e+02 2.525275e+00 2.096572e+02 8.413681e-01 2.099582e+02 4.555852e-01 2.099939e+02 2.331162e-01
2.110346e+02 1.614935e+00 2.111010e+02 2.568388e+00 2.108417e+02 8.460410e-01 2.111444e+02 4.582951e-01 2.111803e+02 2.343591e-01
2.122202e+02 1.622165e+00 2.122870e+02 2.611501e+00 2.120262e+02 8.507140e-01 2.123306e+02 4.610051e-01 2.123667e+02 2.356019e-01
2.134058e+02 1.629395e+00 2.134729e+02 2.654614e+00 2.132107e+02 8.553869e-01 2.135168e+02 4.637150e-01 2.135531e+02 2.368447e-01
2.145913e+02 1.636625e+00 2.146589e+02 2.697727e+00 2.143952e+02 8.600599e-01 2.147030e+02 4.664249e-01 2.147395e+02 2.380876e-01
2.157769e+02 1.643855e+00 2.158449e+02 2.740840e+00 2.155797e+02 8.647329e-01 2.158892e+02 4.691349e-01 2.159259e+02 2.393304e-01
2.169625e+02 1.651085e+00 2.170308e+02 2.783953e+00 2.167642e+02 8.694058e-01 2.170754e+02 4.718448e-01 2.171123e+02 2.405732e-01
2.181481e+02 1.658315e+00 2.182168e+02 2.827065e+00 2.179487e+02 8.740788e-01 2.182616e+02 4.745548e-01 2.182987e+02 2.418161e-01
2.193337e+02 1.665545e+00 2.194027e+02 2.870178e+00 2.191332e+02 8.787517e-01 2.194478e+02 4.772647e-01 2.194851e+02 2.430589e-01
2.205193e+02 1.672775e+00 2.205887e+02 2.913291e+00 2.203177e+02 8.834247e-01 2.206340e+02 4.799747e-01 2.206715e+02 2.443017e-01
2.217049e+02 1.680005e+00 2.217747e+02 2.956404e+00 2.215022e+02 8.880977e-01 2.218202e+02 4.826846e-01 2.218579e+02 2.455446e-01
2.228905e+02 1.687235e+00 2.229606e+02 2.999517e+00 2.226867e+02 8.927706e-01 2.230064e+02 4.853946e-01 2.230443e+02 2.467874e-01
2.240761e+02 1.694465e+00 2.241466e+02 3.042630e+00 2.238712e+02 8.974436e-01 2.241926e+02 4.881045e-01 2.242307e+02 2.480302e-01
2.252616e+02 1.701695e+00 2.253325e+02 3.085743e+00 2.250557e+02 9.021165e-01 2.253788e+02 4.908144e-01 2.254171e+02 2.492731e-01
2.264472e+02 1.708925e+00 2.265185e+02 3.128856e+00 2.262402e+02 9.067895e-01 2.265650e+02 4.935244e-01 2.266035e+02 2.505159e-01
2.276328e+02 1.716155e+00 2.277045e+02 3.171968e+00 2.274247e+02 9.114625e-01 2.277512e+02 4.962343e-01 2.277899e+02 2.517587e-01
2.288184e+02 1.723385e+00 2.288904e+02 3.215081e+00 2.286092e+02 9.161354e-01 2.289374e+02 4.989443e-01 2.289764e+02 2.530016e-01
2.300040e+02 1.730615e+00 2.300764e+02 3.258194e+00 2.297937e+02 9.208084e-01 2.301236e+02 5.016542e-01 2.301628e+02 2.542444e-01
2.311896e+02 1.737326e+00 2.312623e+02 3.296197e+00 2.309782e+02 9.254814e-01 2.313098e+02 5.044472e-01 2.313492e+02 2.554891e-01
2.323752e+02 1.743849e+00 2.324483e+02 3.332346e+00 2.321627e+02 9.301546e-01 2.324960e+02 5.072704e-01 2.325356e+02 2.567345e-01
2.335608e+02 1.750371e+00 2.336343e+02 3.368494e+00 2.333472e+02 9.348277e-01 2.336822e+02 5.100936e-01 2.337220e+02 2.579799e-01
2.347463e+02 1.756894e+00 2.348202e+02 3.404643e+00 2.345317e+02 9.395008e-01 2.348684e+02 5.129167e-01 2.349084e+02 2.592253e-01
2.359319e+02 1.763417e+00 2.360062e+02 3.440792e+00 2.357162e+02 9.441739e-01 2.360546e+02 5.157399e-01 2.360948e+02 2.604707e-01
2.371175e+02 1.769940e+00 2.371922e+02 3.476940e+00 2.369007e+02 9.488470e-01 2.372408e+02 5.185631e-01 2.372812e+02 2.617161e-01
2.383031e+02 1.776462e+00 2.383781e+02 3.513089e+00 2.380852e+02 9.535201e-01 2.384271e+02 5.213862e-01 2.384676e+02 2.629615e-01
2.394887e+02 1.782985e+00 2.395641e+02 3.549238e+00 2.392697e+02 9.581932e-01 2.396133e+02 5.242094e-01 2.396540e+02 2.642069e-01
2.406743e+02 1.789508e+00 2.407500e+02 3.585386e+00 2.404543e+02 9.628664e-01 2.407995e+02 5.270326e-01 2.408404e+02 2.654523e-01
2.418599e+02 1.796030e+00 2.419360e+02 3.621535e+00 2.416388e+02 9.675395e-01 2.419857e+02 5.298557e-01 2.420268e+02 2.666976e-01
2.430455e+02 1.802553e+00 2.431220e+02 3.657684e+00 2.428233e+02 9.722126e-01 2.431719e+02 5.326789e-01 2.432132e+02 2.679430e-01
2.442310e+02 1.809076e+00 2.443079e+02 3.693832e+00 2.440078e+02 9.768857e-01 2.443581e+02 5.355021e-01 2.443996e+02 2.691884e-01
2.454166e+02 1.815599e+00 2.454939e+02 3.729981e+00 2.451923e+02 9.815588e-01 2.455443e+02 5.383252e-01 2.455860e+02 2.704338e-01
2.466022e+02 1.822121e+00 2.466798e+02 3.766130e+00 2.463768e+02 9.862319e-01 2.467305e+02 5.411484e-01 2.467724e+02 2.716792e-01
2.477878e+02 1.828644e+00 2.478658e+02 3.802278e+00 2.475613e+02 9.909050e-01 2.479167e+02 5.439716e-01 2.479588e+02 2.729246e-01
2.489734e+02 1.835167e+00 2.490518e+02 3.838427e+00 2.487458e+02 9.955782e-01 2.491029e+02 5.467947e-01 2.491453e+02 2.741700e-01
2.501590e+02 1.841689e+00 2.502377e+02 3.874575e+00 2.499303e+02 1.000251e+00 2.502891e+02 5.496179e-01 2.503317e+02 2.754154e-01
2.513446e+02 1.848212e+00 2.514237e+02 3.910724e+00 2.511148e+02 1.004924e+00 2.514753e+02 5.524410e-01 2.515181e+02 2.766608e-01
2.525302e+02 1.854735e+00 2.526096e+02 3.946873e+00 2.522993e+02 1.009597e+00 2.526615e+02 5.552642e-01 2.527045e+02 2.779062e-01
2.537157e+02 1.861258e+00 2.537956e+02 3.983021e+00 2.534838e+02 1.014271e+00 2.538477e+02 5.580874e-01 2.538909e+02 2.791516e-01
2.549013e+02 1.867780e+00 2.549816e+02 4.019170e+00 2.546683e+02 1.018944e+00 2.550339e+02 5.609105e-01 2.550773e+02 2.803970e-01
2.560869e+02 1.874303e+00 2.561675e+02 4.055319e+00 2.558528e+02 1.023617e+00 2.562201e+02 5.637337e-01 2.562637e+02 2.816424e-01
2.572725e+02 1.880826e+00 2.573535e+02 4.091467e+00 2.570373e+02 1.028290e+00 2.574063e+02 5.665569e-01 2.574501e+02 2.828878e-01
2.584581e+02 1.887348e+00 2.585394e+02 4.127616e+00 2.582218e+02 1.032963e+00 2.585925e+02 5.693800e-01 2.586365e+02 2.841331e-01
2.596437e+02 1.893871e+00 2.597254e+02 4.163765e+00 2.594063e+02 1.037636e+00 2.597787e+02 5.722032e-01 2.598229e+02 2.853785e-01
2.608293e+02 1.900394e+00 2.609114e+02 4.199913e+00 2.605908e+02 1.042309e+00 2.609649e+02 5.750264e-01 2.610093e+02 2.866239e-01
2.620149e+02 1.906917e+00 2.620973e+02 4.236062e+00 2.617753e+02 1.046982e+00 2.621511e+02 5.778495e-01 2.621957e+02 2.878693e-01
2.632004e+02 1.913439e+00 2.632833e+02 4.272211e+00 2.629598e+02 1.051656e+00 2.633373e+02 5.806727e-01 2.633821e+02 2.891147e-01
2.643860e+02 1.919962e+00 2.644693e+02 4.308359e+00 2.641443e+02 1.056329e+00 2.645235e+02 5.834959e-01 2.645685e+02 2.903601e-01
2.655716e+02 1.926485e+00 2.656552e+02 4.344508e+00 2.653288e+02 1.061002e+00 2.657098e+02 5.863190e-01 2.657549e+02 2.916055e-01
2.667572e+02 1.933007e+00 2.668412e+02 4.380656e+00 2.665133e+02 1.065675e+00 2.668960e+02 5.891422e-01 2.669413e+02 2.928509e-01
2.679428e+02 1.939530e+00 2.680271e+02 4.416805e+00 2.676978e+02 1.070348e+00 2.680822e+02 5.919654e-01 2.681277e+02 2.940963e-01
2.691284e+02 1.946053e+00 2.692131e+02 4.452954e+00 2.688823e+02 1.075021e+00 2.692684e+02 5.947885e-01 2.693142e+02 2.953417e-01
2.703140e+02 1.952575e+00 2.703991e+02 4.489102e+00 2.700668e+02 1.079694e+00 2.704546e+02 5.976117e-01 2.705006e+02 2.965871e-01
2.714996e+02 1.959098e+00 2.715850e+02 4.525251e+00 2.712513e+02 1.084367e+00 2.716408e+02 6.004349e-01 2.716870e+02 2.978325e-01
2.726851e+02 1.965621e+00 2.727710e+02 4.561400e+00 2.724359e+02 1.089040e+00 2.728270e+02 6.032580e-01 2.728734e+02 2.990779e-01
2.738707e+02 1.972144e+00 2.739569e+02 4.597548e+00 2.736204e+02 1.093714e+00 2.740132e+02 6.060812e-01 2.740598e+02 3.003233e-01
2.750563e+02 1.978666e+00 2.751429e+02 4.633697e+00 2.748049e+02 1.098387e+00 2.751994e+02 6.089043e-01 2.752462e+02 3.015686e-01
2.762419e+02 1.985189e+00 2.763289e+02 4.669846e+00 2.759894e+02 1.103060e+00 2.763856e+02 6.117275e-01 2.764326e+02 3.028140e-01
2.774275e+02 1.991411e+00 2.775148e+02 4.699862e+00 2.771739e+02 1.107811e+00 2.775718e+02 6.146818e-01 2.776190e+02 3.041302e-01
2.786131e+02 1.997592e+00 2.787008e+02 4.729047e+00 2.783584e+02 1.112573e+00 2.787580e+02 6.176539e-01 2.788054e+02 3.054560e-01
2.797987e+02 2.003773e+00 2.798867e+02 4.758231e+00 2.795429e+02 1.117334e+00 2.799442e+02 6.206260e-01 2.799918e+02 3.067817e-01
2.809843e+02 2.009953e+00 2.810727e+02 4.787416e+00 2.807274e+02 1.122096e+00 2.811304e+02 6.235981e-01 2.811782e+02 3.081075e-01
2.821698e+02 2.016134e+00 2.822587e+02 4.816600e+00 2.819119e+02 1.126858e+00 2.823166e+02 6.265702e-01 2.823646e+02 3.094333e-01
2.833554e+02 2.022315e+00 2.834446e+02 4.845785e+00 2.830964e+02 1.131619e+00 2.835028e+02 6.295423e-01 2.835510e+02 3.107590e-01
2.845410e+02 2.028496e+00 2.846306e+02 4.874969e+00 2.842809e+02 1.136381e+00 2.846890e+02 6.325144e-01 2.847374e+02 3.120848e-01
2.857266e+02 2.034677e+00 2.858165e+02 4.904153e+00 2.854654e+02 1.141143e+00 2.858752e+02 6.354865e-01 2.859238e+02 3.134106e-01
2.869122e+02 2.040858e+00 2.870025e+02 4.933338e+00 2.866499e+02 1.145905e+00 2.870614e+02 6.384586e-01 2.871102e+02 3.147363e-01
2.880978e+02 2.047039e+00 2.881885e+02 4.962522e+00 2.878344e+02 1.150666e+00 2.882476e+02 6.414307e-01 2.882966e+02 3.160621e-01
2.892834e+02 2.053220e+00 2.893744e+02 4.991707e+00 2.890189e+02 1.155428e+00 2.894338e+02 6.444028e-01 2.894831e+02 3.173879e-01
2.904690e+02 2.059400e+00 2.905604e+02 5.020891e+00 2.902034e+02 1.160190e+00 2.906200e+02 6.473749e-01 2.906695e+02 3.187136e-01
2.916545e+02 2.065581e+00 2.917463e+02 5.050076e+00 2.913879e+02 1.164951e+00 2.918062e+02 6.503470e-01 2.918559e+02 3.200394e-01
2.928401e+02 2.071762e+00 2.929323e+02 5.079260e+00 2.925724e+02 1.169713e+00 2.929924e+02 6.533191e-01 2.930423e+02 3.213652e-01
2.940257e+02 2.077943e+00 2.941183e+02 5.108444e+00 2.937569e+02 1.174475e+00 2.941787e+02 6.562912e-01 2.942287e+02 3.226909e-01
2.952113e+02 2.084124e+00 2.953042e+02 5.137629e+00 2.949414e+02 1.179237e+00 2.953649e+02 6.592633e-01 2.954151e+02 3.240167e-01
2.963969e+02 2.090305e+00 2.964902e+02 5.166813e+00 2.961259e+02 1.183998e+00 2.965511e+02 6.622354e-01 2.966015e+02 3.253425e-01
2.975825e+02 2.096486e+00 2.976762e+02 5.195998e+00 2.973104e+02 1.188760e+00 2.977373e+02 6.652075e-01 2.977879e+02 3.266682e-01
2.987681e+02 2.102667e+00 2.988621e+02 5.225182e+00 2.984949e+02 1.193522e+00 2.989235e+02 6.681796e-01 2.989743e+02 3.279940e-01
2.999537e+02 2.108848e+00 3.000481e+02 5.254367e+00 2.996794e+02 1.198283e+00 3.001097e+02 6.711517e-01 3.001607e+02 3.293198e-01
3.011392e+02 2.115028e+00 3.012340e+02 5.283551e+00 3.008639e+02 1.203045e+00 3.012959e+02 6.741238e-01 3.013471e+02 3.306455e-01
3.023248e+02 2.121209e+00 3.024200e+02 5.312735e+00 3.020484e+02 1.207807e+00 3.024821e+02 6.770959e-01 3.025335e+02 3.319713e-01
3.035104e+02 2.127390e+00 3.036060e+02 5.341920e+00 3.032329e+02 1.212569e+00 3.036683e+02 6.800680e-01 3.037199e+02 3.332971e-01
3.046960e+02 2.133571e+00 3.047919e+02 5.371104e+00 3.044175e+02 1.217330e+00 3.048545e+02 6.830401e-01 3.049063e+02 3.346228e-01
3.058816e+02 2.139752e+00 3.059779e+02 5.400289e+00 3.056020e+02 1.222092e+00 3.060407e+02 6.860122e-01 3.060927e+02 3.359486e-01
3.070672e+02 2.145933e+00 3.071638e+02 5.429473e+00 3.067865e+02 1.226854e+00 3.072269e+02 6.889843e-01 3.072791e+02 3.372744e-01
3.082528e+02 2.152114e+00 3.083498e+02 5.458658e+00 3.079710e+02 1.231615e+00 3.084131e+02 6.919564e-01 3.084656e+02 3.386001e-01
3.094384e+02 2.158295e+00 3.095358e+02 5.487842e+00 3.091555e+02 1.236377e+00 3.095993e+02 6.949285e-01 3.096520e+02 3.399259e-01
3.106239e+02 2.164475e+00 3.107217e+02 5.517026e+00 3.103400e+02 1.241139e+00 3.107855e+02 6.979006e-01 3.108384e+02 3.412517e-01
3.118095e+02 2.170656e+00 3.119077e+02 5.546211e+00 3.115245e+02 1.245901e+00 3.119717e+02 7.008727e-01 3.120248e+02 3.425774e-01
3.129951e+02 2.176837e+00 3.130936e+02 5.575395e+00 3.127090e+02 1.250662e+00 3.131579e+02 7.038448e-01 3.132112e+02 3.439032e-01
3.141807e+02 2.183018e+00 3.142796e+02 5.604580e+00 3.138935e+02 1.255424e+00 3.143441e+02 7.068169e-01 3.143976e+02 3.452290e-01
3.153663e+02 2.189199e+00 3.154656e+02 5.633764e+00 3.150780e+02 1.260186e+00 3.155303e+02 7.097890e-01 3.155840e+02 3.465547e-01
3.165519e+02 2.195380e+00 3.166515e+02 5.662948e+00 3.162625e+02 1.264947e+00 3.167165e+02 7.127611e-01 3.167704e+02 3.478805e-01
3.177375e+02 2.201561e+00 3.178375e+02 5.692133e+00 3.174470e+02 1.269709e+00 3.179027e+02 7.157332e-01 3.179568e+02 3.492063e-01
3.189231e+02 2.207742e+00 3.190234e+02 5.721317e+00 3.186315e+02 1.274471e+00 3.190889e+02 7.187053e-01 3.191432e+02 3.505320e-01
3.201086e+02 2.213923e+00 3.202094e+02 5.750502e+00 3.198160e+02 1.279233e+00 3.202751e+02 7.216774e-01 3.203296e+02 3.518578e-01
3.212942e+02 2.220103e+00 3.213954e+02 5.779686e+00 3.210005e+02 1.283994e+00 3.214614e+02 7.246495e-01 3.215160e+02 3.531836e-01
3.224798e+02 2.226285e+00 3.225813e+02 5.808681e+00 3.221850e+02 1.288761e+00 3.226476e+02 7.276266e-01 3.227024e+02 3.545136e-01
3.236654e+02 2.232489e+00 3.237673e+02 5.830901e+00 3.233695e+02 1.293705e+00 3.238338e+02 7.307834e-01 3.238888e+02 3.559976e-01
3.248510e+02 2.238694e+00 3.249533e+02 5.853122e+00 3.245540e+02 1.298649e+00 3.250200e+02 7.339401e-01 3.250752e+02 3.574815e-01
3.260366e+02 2.244898e+00 3.261392e+02 5.875342e+00 3.257385e+02 1.303593e+00 3.262062e+02 7.370969e-01 3.262616e+02 3.589655e-01
3.272222e+02 2.251103e+00 3.273252e+02 5.897562e+00 3.269230e+02 1.308537e+00 3.273924e+02 7.402536e-01 3.274480e+02 3.604494e-01
3.284078e+02 2.257307e+00 3.285111e+02 5.919782e+00 3.281075e+02 1.313481e+00 3.285786e+02 7.434104e-01 3.286345e+02 3.619334e-01
3.295933e+02 2.263512e+00 3.296971e+02 5.942002e+00 3.292920e+02 1.318425e+00 3.297648e+02 7.465671e-01 3.298209e+02 3.634173e-01
3.307789e+02 2.269716e+00 3.308831e+02 5.964223e+00 3.304765e+02 1.323369e+00 3.309510e+02 7.497239e-01 3.310073e+02 3.649013e-01
3.319645e+02 2.275921e+00 3.320690e+02 5.986443e+00 3.316610e+02 1.328313e+00 3.321372e+02 7.528806e-01 3.321937e+02 3.663853e-01
3.331501e+02 2.282125e+00 3.332550e+02 6.008663e+00 3.328455e+02 1.333257e+00 3.333234e+02 7.560374e-01 3.333801e+02 3.678692e-01
3.343357e+02 2.288330e+00 3.344409e+02 6.030883e+00 3.340300e+02 1.338201e+00 3.345096e+02 7.591941e-01 3.345665e+02 3.693532e-01
3.355213e+02 2.294534e+00 3.356269e+02 6.053103e+00 3.352145e+02 1.343145e+00 3.356958e+02 7.623509e-01 3.357529e+02 3.708371e-01
3.367069e+02 2.300739e+00 3.368129e+02 6.075324e+00 3.363991e+02 1.348089e+00 3.368820e+02 7.655076e-01 3.369393e+02 3.723211e-01
3.378925e+02 2.306943e+00 3.379988e+02 6.097544e+00 3.375836e+02 1.353033e+00 3.380682e+02 7.686644e-01 3.381257e+02 3.738050e-01
3.390780e+02 2.313148e+00 3.391848e+02 6.119764e+00 3.387681e+02 1.357977e+00 3.392544e+02 7.718211e-01 3.393121e+02 3.752890e-01
3.402636e+02 2.319352e+00 3.403707e+02 6.141984e+00 3.399526e+02 1.362921e+00 3.404406e+02 7.749779e-01 3.404985e+02 3.767729e-01
3.414492e+02 2.325557e+00 3.415567e+02 6.164204e+00 3.411371e+02 1.367865e+00 3.416268e+02 7.781346e-01 3.416849e+02 3.782569e-01
3.426348e+02 2.331761e+00 3.427427e+02 6.186425e+00 3.423216e+02 1.372809e+00 3.428130e+02 7.812914e-01 3.428713e+02 3.797408e-01
3.438204e+02 2.337966e+00 3.439286e+02 6.208645e+00 3.435061e+02 1.377753e+00 3.439992e+02 7.844481e-01 3.440577e+02 3.812248e-01
3.450060e+02 2.344170e+00 3.451146e+02 6.230865e+00 3.446906e+02 1.382697e+00 3.451854e+02 7.876049e-01 3.452441e+02 3.827088e-01
3.461916e+02 2.350375e+00 3.463005e+02 6.253085e+00 3.458751e+02 1.387641e+00 3.463716e+02 7.907616e-01 3.464305e+02 3.841927e-01
3.473772e+02 2.356579e+00 3.474865e+02 6.275305e+00 3.470596e+02 1.392585e+00 3.475578e+02 7.939183e-01 3.476169e+02 3.856767e-01
3.485627e+02 2.362784e+00 3.486725e+02 6.297526e+00 3.482441e+02 1.397529e+00 3.487440e+02 7.970751e-01 3.488034e+02 3.871606e-01
3.497483e+02 2.368988e+00 3.498584e+02 6.319746e+00 3.494286e+02 1.402473e+00 3.499303e+02 8.002318e-01 3.499898e+02 3.886446e-01
3.509339e+02 2.375193e+00 3.510444e+02 6.341966e+00 3.506131e+02 1.407417e+00 3.511165e+02 8.033886e-01 3.511762e+02 3.901285e-01
3.521195e+02 2.381397e+00 3.522303e+02 6.364186e+00 3.517976e+02 1.412361e+00 3.523027e+02 8.065453e-01 3.523626e+02 3.916125e-01
3.533051e+02 2.387602e+00 3.534163e+02 6.386406e+00 3.529821e+02 1.417305e+00 3.534889e+02 8.097021e-01 3.535490e+02 3.930964e-01
3.544907e+02 2.393806e+00 3.546023e+02 6.408627e+00 3.541666e+02 1.422249e+00 3.546751e+02 8.128588e-01 3.547354e+02 3.945804e-01
3.556763e+02 2.400011e+00 3.557882e+02 6.430847e+00 3.553511e+02 1.427193e+00 3.558613e+02 8.160156e-01 3.559218e+02 3.960643e-01
3.568619e+02 2.406215e+00 3.569742e+02 6.453067e+00 3.565356e+02 1.432137e+00 3.570475e+02 8.191723e-01 3.571082e+02 3.975483e-01
3.580474e+02 2.412420e+00 3.581602e+02 6.475287e+00 3.577201e+02 1.437081e+00 3.582337e+02 8.223291e-01 3.582946e+02 3.990323e-01
3.592330e+02 2.418624e+00 3.593461e+02 6.497507e+00 3.589046e+02 1.442025e+00 3.594199e+02 8.254858e-01 3.594810e+02 4.005162e-01
3.604186e+02 2.424829e+00 3.605321e+02 6.519728e+00 3.600891e+02 1.446969e+00 3.606061e+02 8.286426e-01 3.606674e+02 4.020002e-01
3.616042e+02 2.431033e+00 3.617180e+02 6.541948e+00 3.612736e+02 1.451913e+00 3.617923e+02 8.317993e-01 3.618538e+02 4.034841e-01
3.627898e+02 2.437238e+00 3.629040e+02 6.564168e+00 3.624581e+02 1.456857e+00 3.629785e+02 8.349561e-01 3.630402e+02 4.049681e-01
3.639754e+02 2.443442e+00 3.640900e+02 6.586388e+00 3.636426e+02 1.461801e+00 3.641647e+02 8.381128e-01 3.642266e+02 4.064520e-01
3.651610e+02 2.449647e+00 3.652759e+02 6.608608e+00 3.648271e+02 1.466745e+00 3.653509e+02 8.412696e-01 3.654130e+02 4.079360e-01
3.663466e+02 2.455851e+00 3.664619e+02 6.630829e+00 3.660116e+02 1.471689e+00 3.665371e+02 8.444263e-01 3.665994e+02 4.094199e-01
3.675321e+02 2.462056e+00 3.676478e+02 6.653049e+00 3.671961e+02 1.476633e+00 3.677233e+02 8.475831e-01 3.677858e+02 4.109039e-01
3.687177e+02 2.468328e+00 3.688338e+02 6.674058e+00 3.683807e+02 1.481625e+00 3.689095e+02 8.507782e-01 3.689723e+02 4.124289e-01
3.699033e+02 2.474922e+00 3.700198e+02 6.689314e+00 3.695652e+02 1.486845e+00 3.700957e+02 8.541553e-01 3.701587e+02 4.141489e-01
3.710889e+02 2.481515e+00 3.712057e+02 6.704570e+00 3.707497e+02 1.492065e+00 3.712819e+02 8.575324e-01 3.713451e+02 4.158688e-01
3.722745e+02 2.488109e+00 3.723917e+02 6.719826e+00 3.719342e+02 1.497285e+00 3.724681e+02 8.609095e-01 3.725315e+02 4.175888e-01
3.734601e+02 2.494702e+00 3.735776e+02 6.735082e+00 3.731187e+02 1.502505e+00 3.736543e+02 8.642866e-01 3.737179e+02 4.193087e-01
3.746457e+02 2.501296e+00 3.747636e+02 6.750338e+00 3.743032e+02 1.507725e+00 3.748405e+02 8.676637e-01 3.749043e+02 4.210287e-01
3.758313e+02 2.507890e+00 3.759496e+02 6.765594e+00 3.754877e+02 1.512945e+00 3.760267e+02 8.710408e-01 3.760907e+02 4.227486e-01
3.770168e+02 2.514483e+00 3.771355e+02 6.780849e+00 3.766722e+02 1.518165e+00 3.772130e+02 8.744179e-01 3.772771e+02 4.244686e-01
3.782024e+02 2.521077e+00 3.783215e+02 6.796105e+00 3.778567e+02 1.523385e+00 3.783992e+02 8.777951e-01 3.784635e+02 4.261886e-01
3.793880e+02 2.527670e+00 3.795074e+02 6.811361e+00 3.790412e+02 1.528606e+00 3.795854e+02 8.811722e-01 3.796499e+02 4.279085e-01
3.805736e+02 2.534264e+00 3.806934e+02 6.826617e+00 3.802257e+02 1.533826e+00 3.807716e+02 8.845493e-01 3.808363e+02 4.296285e-01
3.817592e+02 2.540857e+00 3.818794e+02 6.841873e+00 3.814102e+02 1.539046e+00 3.819578e+02 8.879264e-01 3.820227e+02 4.313484e-01
3.829448e+02 2.547451e+00 3.830653e+02 6.857129e+00 3.825947e+02 1.544266e+00 3.831440e+02 8.913035e-01 3.832091e+02 4.330684e-01
3.841304e+02 2.554045e+00 3.842513e+02 6.872385e+00 3.837792e+02 1.549486e+00 3.843302e+02 8.946806e-01 3.843955e+02 4.347883e-01
3.853160e+02 2.560638e+00 3.854372e+02 6.887641e+00 3.849637e+02 1.554706e+00 3.855164e+02 8.980577e-01 3.855819e+02 4.365083e-01
3.865015e+02 2.567232e+00 3.866232e+02 6.902897e+00 3.861482e+02 1.559926e+00 3.867026e+02 9.014348e-01 3.867683e+02 4.382282e-01
3.876871e+02 2.573825e+00 3.878092e+02 6.918153e+00 3.873327e+02 1.565146e+00 3.878888e+02 9.048120e-01 3.879547e+02 4.399482e-01
3.888727e+02 2.580419e+00 3.889951e+02 6.933409e+00 3.885172e+02 1.570366e+00 3.890750e+02 9.081891e-01 3.891412e+02 4.416682e-01
3.900583e+02 2.587012e+00 3.901811e+02 6.948665e+00 3.897017e+02 1.575586e+00 3.902612e+02 9.115662e-01 3.903276e+02 4.433881e-01
3.912439e+02 2.593606e+00 3.913671e+02 6.963921e+00 3.908862e+02 1.580806e+00 3.914474e+02 9.149433e-01 3.915140e+02 4.451081e-01
3.924295e+02 2.600200e+00 3.925530e+02 6.979177e+00 3.920707e+02 1.586026e+00 3.926336e+02 9.183204e-01 3.927004e+02 4.468280e-01
3.936151e+02 2.606793e+00 3.937390e+02 6.994433e+00 3.932552e+02 1.591246e+00 3.938198e+02 9.216975e-01 3.938868e+02 4.485480e-01
3.948007e+02 2.613387e+00 3.949249e+02 7.009689e+00 3.944397e+02 1.596466e+00 3.950060e+02 9.250746e-01 3.950732e+02 4.502679e-01
3.959862e+02 2.619980e+00 3.961109e+02 7.024945e+00 3.956242e+02 1.601686e+00 3.961922e+02 9.284517e-01 3.962596e+02 4.519879e-01
3.971718e+02 2.626574e+00 3.972969e+02 7.040201e+00 3.968087e+02 1.606906e+00 3.973784e+02 9.318289e-01 3.974460e+02 4.537079e-01
3.983574e+02 2.633167e+00 3.984828e+02 7.055457e+00 3.979932e+02 1.612126e+00 3.985646e+02 9.352060e-01 3.986324e+02 4.554278e-01
3.995430e+02 2.639761e+00 3.996688e+02 7.070713e+00 3.991777e+02 1.617346e+00 3.997508e+02 9.385831e-01 3.998188e+02 4.571478e-01
4.007286e+02 2.646355e+00 4.008547e+02 7.085969e+00 4.003623e+02 1.622566e+00 4.009370e+02 9.419602e-01 4.010052e+02 4.588677e-01
4.019142e+02 2.652948e+00 4.020407e+02 7.101225e+00 4.015468e+02 1.627786e+00 4.021232e+02 9.453373e-01 4.021916e+02 4.605877e-01
4.030998e+02 2.659542e+00 4.032267e+02 7.116481e+00 4.027313e+02 1.633006e+00 4.033094e+02 9.487144e-01 4.033780e+02 4.623076e-01
4.042854e+02 2.666135e+00 4.044126e+02 7.131737e+00 4.039158e+02 1.638226e+00 4.044956e+02 9.520915e-01 4.045644e+02 4.640276e-01
4.054709e+02 2.672729e+00 4.055986e+02 7.146993e+00 4.051003e+02 1.643446e+00 4.056819e+02 9.554686e-01 4.057508e+02 4.657476e-01
4.066565e+02 2.679322e+00 4.067845e+02 7.162249e+00 4.062848e+02 1.648666e+00 4.068681e+02 9.588458e-01 4.069372e+02 4.674675e-01
4.078421e+02 2.685916e+00 4.079705e+02 7.177505e+00 4.074693e+02 1.653886e+00 4.080543e+02 9.622229e-01 4.081237e+02 4.691875e-01
4.090277e+02 2.692509e+00 4.091565e+02 7.192761e+00 4.086538e+02 1.659106e+00 4.092405e+02 9.656000e-01 4.093101e+02 4.709074e-01
4.102133e+02 2.699103e+00 4.103424e+02 7.208017e+00 4.098383e+02 1.664326e+00 4.104267e+02 9.689771e-01 4.104965e+02 4.726274e-01
4.113989e+02 2.705697e+00 4.115284e+02 7.223273e+00 4.110228e+02 1.669546e+00 4.116129e+02 9.723542e-01 4.116829e+02 4.743473e-01
4.125845e+02 2.712290e+00 4.127143e+02 7.238529e+00 4.122073e+02 1.674766e+00 4.127991e+02 9.757313e-01 4.128693e+02 4.760673e-01
4.137701e+02 2.718884e+00 4.139003e+02 7.253785e+00 4.133918e+02 1.679986e+00 4.139853e+02 9.791084e-01 4.140557e+02 4.777873e-01
4.149556e+02 2.725595e+00 4.150863e+02 7.267032e+00 4.145763e+02 1.685307e+00 4.151715e+02 9.825602e-01 4.152421e+02 4.795940e-01
4.161412e+02 2.732556e+00 4.162722e+02 7.276023e+00 4.157608e+02 1.690844e+00 4.163577e+02 9.861702e-01 4.164285e+02 4.815847e-01
4.173268e+02 2.739516e+00 4.174582e+02 7.285014e+00 4.169453e+02 1.696380e+00 4.175439e+02 9.897802e-01 4.176149e+02 4.835753e-01
4.185124e+02 2.746477e+00 4.186442e+02 7.294005e+00 4.181298e+02 1.701917e+00 4.187301e+02 9.933902e-01 4.188013e+02 4.855659e-01
4.196980e+02 2.753438e+00 4.198301e+02 7.302996e+00 4.193143e+02 1.707453e+00 4.199163e+02 9.970002e-01 4.199877e+02 4.875566e-01
4.208836e+02 2.760399e+00 4.210161e+02 7.311987e+00 4.204988e+02 1.712990e+00 4.211025e+02 1.000610e+00 4.211741e+02 4.895472e-01
4.220692e+02 2.767359e+00 4.222020e+02 7.320978e+00 4.216833e+02 1.718526e+00 4.222887e+02 1.004220e+00 4.223605e+02 4.915379e-01
4.232548e+02 2.774320e+00 4.233880e+02 7.329969e+00 4.228678e+02 1.724063e+00 4.234749e+02 1.007830e+00 4.235469e+02 4.935285e-01
4.244403e+02 2.781281e+00 4.245740e+02 7.338959e+00 4.240523e+02 1.729599e+00 4.246611e+02 1.011440e+00 4.247333e+02 4.955192e-01
4.256259e+02 2.788241e+00 4.257599e+02 7.347950e+00 4.252368e+02 1.735136e+00 4.258473e+02 1.015050e+00 4.259197e+02 4.975098e-01
4.268115e+02 2.795202e+00 4.269459e+02 7.356941e+00 4.264213e+02 1.740672e+00 4.270335e+02 1.018660e+00 4.271061e+02 4.995004e-01
4.279971e+02 2.802163e+00 4.281318e+02 7.365932e+00 4.276058e+02 1.746209e+00 4.282197e+02 1.022270e+00 4.282926e+02 5.014911e-01
4.291827e+02 2.809124e+00 4.293178e+02 7.374923e+00 4.287903e+02 1.751745e+00 4.294059e+02 1.025880e+00 4.294790e+02 5.034817e-01
4.303683e+02 2.816084e+00 4.305038e+02 7.383914e+00 4.299748e+02 1.757282e+00 4.305921e+02 1.029490e+00 4.306654e+02 5.054724e-01
4.315539e+02 2.823045e+00 4.316897e+02 7.392905e+00 4.311593e+02 1.762818e+00 4.317783e+02 1.033100e+00 4.318518e+02 5.074630e-01
4.327395e+02 2.830006e+00 4.328757e+02 7.401896e+00 4.323439e+02 1.768355e+00 4.329646e+02 1.036710e+00 4.330382e+02 5.094537e-01
4.339250e+02 2.836966e+00 4.340616e+02 7.410887e+00 4.335284e+02 1.773891e+00 4.341508e+02 1.040320e+00 4.342246e+02 5.114443e-01
4.351106e+02 2.843927e+00 4.352476e+02 7.419878e+00 4.347129e+02 1.779428e+00 4.353370e+02 1.043930e+00 4.354110e+02 5.134349e-01
4.362962e+02 2.850888e+00 4.364336e+02 7.428869e+00 4.358974e+02 1.784965e+00 4.365232e+02 1.047540e+00 4.365974e+02 5.154256e-01
4.374818e+02 2.857849e+00 4.376195e+02 7.437860e+00 4.370819e+02 1.790501e+00 4.377094e+02 1.051150e+00 4.377838e+02 5.174162e-01
4.386674e+02 2.864809e+00 4.388055e+02 7.446851e+00 4.382664e+02 1.796038e+00 4.388956e+02 1.054760e+00 4.389702e+02 5.194069e-01
4.398530e+02 2.871770e+00 4.399914e+02 7.455842e+00 4.394509e+02 1.801574e+00 4.400818e+02 1.058370e+00 4.401566e+02 5.213975e-01
4.410386e+02 2.878731e+00 4.411774e+02 7.464833e+00 4.406354e+02 1.807111e+00 4.412680e+02 1.061980e+00 4.413430e+02 5.233882e-01
4.422242e+02 2.885691e+00 4.423634e+02 7.473824e+00 4.418199e+02 1.812647e+00 4.424542e+02 1.065590e+00 4.425294e+02 5.253788e-01
4.434098e+02 2.892652e+00 4.435493e+02 7.482815e+00 4.430044e+02 1.818184e+00 4.436404e+02 1.069200e+00 4.437158e+02 5.273694e-01
4.445953e+02 2.899613e+00 4.447353e+02 7.491806e+00 4.441889e+02 1.823720e+00 4.448266e+02 1.072810e+00 4.449022e+02 5.293601e-01
4.457809e+02 2.906574e+00 4.459212e+02 7.500797e+00 4.453734e+02 1.829257e+00 4.460128e+02 1.076420e+00 4.460886e+02 5.313507e-01
4.469665e+02 2.913534e+00 4.471072e+02 7.509788e+00 4.465579e+02 1.834793e+00 4.471990e+02 1.080030e+00 4.472750e+02 5.333414e-01
4.481521e+02 2.920495e+00 4.482932e+02 7.518779e+00 4.477424e+02 1.840330e+00 4.483852e+02 1.083640e+00 4.484615e+02 5.353320e-01
4.493377e+02 2.927456e+00 4.494791e+02 7.527770e+00 4.489269e+02 1.845866e+00 4.495714e+02 1.087250e+00 4.496479e+02 5.373227e-01
4.505233e+02 2.934416e+00 4.506651e+02 7.536761e+00 4.501114e+02 1.851403e+00 4.507576e+02 1.090860e+00 4.508343e+02 5.393133e-01
4.517089e+02 2.941377e+00 4.518511e+02 7.545752e+00 4.512959e+02 1.856939e+00 4.519438e+02 1.094470e+00 4.520207e+02 5.413039e-01
4.528945e+02 2.948338e+00 4.530370e+02 7.554743e+00 4.524804e+02 1.862476e+00 4.531300e+02 1.098080e+00 4.532071e+02 5.432946e-01
4.540800e+02 2.955299e+00 4.542230e+02 7.563733e+00 4.536649e+02 1.868012e+00 4.543162e+02 1.101690e+00 4.543935e+02 5.452852e-01
4.552656e+02 2.962259e+00 4.554089e+02 7.572724e+00 4.548494e+02 1.873549e+00 4.555024e+02 1.105300e+00 4.555799e+02 5.472759e-01
4.564512e+02 2.969220e+00 4.565949e+02 7.581715e+00 4.560339e+02 1.879085e+00 4.566886e+02 1.108910e+00 4.567663e+02 5.492665e-01
4.576368e+02 2.976181e+00 4.577809e+02 7.590706e+00 4.572184e+02 1.884622e+00 4.578748e+02 1.112520e+00 4.579527e+02 5.512571e-01
4.588224e+02 2.983141e+00 4.589668e+02 7.599697e+00 4.584029e+02 1.890158e+00 4.590610e+02 1.116130e+00 4.591391e+02 5.532478e-01
4.600080e+02 2.990102e+00 4.601528e+02 7.608688e+00 4.595874e+02 1.895695e+00 4.602472e+02 1.119740e+00 4.603255e+02 5.552384e-01
4.611936e+02 2.997032e+00 4.613387e+02 7.615775e+00 4.607719e+02 1.901323e+00 4.614335e+02 1.123434e+00 4.615119e+02 5.573294e-01
4.623792e+02 3.003928e+00 4.625247e+02 7.620692e+00 4.619564e+02 1.907056e+00 4.626197e+02 1.127222e+00 4.626983e+02 5.595348e-01
4.635647e+02 3.010824e+00 4.637107e+02 7.625608e+00 4.631409e+02 1.912789e+00 4.638059e+02 1.131011e+00 4.638847e+02 5.617402e-01
4.647503e+02 3.017720e+00 4.648966e+02 7.630525e+00 4.643255e+02 1.918522e+00 4.649921e+02 1.134799e+00 4.650711e+02 5.639455e-01
4.659359e+02 3.024616e+00 4.660826e+02 7.635442e+00 4.655100e+02 1.924254e+00 4.661783e+02 1.138587e+00 4.662575e+02 5.661509e-01
4.671215e+02 3.031512e+00 4.672685e+02 7.640359e+00 4.666945e+02 1.929987e+00 4.673645e+02 1.142376e+00 4.674439e+02 5.683563e-01
4.683071e+02 3.038407e+00 4.684545e+02 7.645275e+00 4.678790e+02 1.935720e+00 4.685507e+02 1.146164e+00 4.686304e+02 5.705616e-01
4.694927e+02 3.045303e+00 4.696405e+02 7.650192e+00 4.690635e+02 1.941453e+00 4.697369e+02 1.149953e+00 4.698168e+02 5.727670e-01
4.706783e+02 3.052199e+00 4.708264e+02 7.655109e+00 4.702480e+02 1.947186e+00 4.709231e+02 1.153741e+00 4.710032e+02 5.749724e-01
4.718639e+02 3.059095e+00 4.720124e+02 7.660026e+00 4.714325e+02 1.952919e+00 4.721093e+02 1.157530e+00 4.721896e+02 5.771777e-01
4.730494e+02 3.065991e+00 4.731983e+02 7.664942e+00 4.726170e+02 1.958651e+00 4.732955e+02 1.161318e+00 4.733760e+02 5.793831e-01
4.742350e+02 3.072886e+00 4.743843e+02 7.669859e+00 4.738015e+02 1.964384e+00 4.744817e+02 1.165106e+00 4.745624e+02 5.815884e-01
4.754206e+02 3.079782e+00 4.755703e+02 7.674776e+00 4.749860e+02 1.970117e+00 4.756679e+02 1.168895e+00 4.757488e+02 5.837938e-01
4.766062e+02 3.086678e+00 4.767562e+02 7.679693e+00 4.761705e+02 1.975850e+00 4.768541e+02 1.172683e+00 4.769352e+02 5.859992e-01
4.777918e+02 3.093574e+00 4.779422e+02 7.684609e+00 4.773550e+02 1.981583e+00 4.780403e+02 1.176472e+00 4.781216e+02 5.882045e-01
4.789774e+02 3.100470e+00 4.791282e+02 7.689526e+00 4.785395e+02 1.987315e+00 4.792265e+02 1.180260e+00 4.793080e+02 5.904099e-01
4.801630e+02 3.107365e+00 4.803141e+02 7.694443e+00 4.797240e+02 1.993048e+00 4.804127e+02 1.184049e+00 4.804944e+02 5.926153e-01
4.813486e+02 3.114261e+00 4.815001e+02 7.699360e+00 4.809085e+02 1.998781e+00 4.815989e+02 1.187837e+00 4.816808e+02 5.948206e-01
4.825341e+02 3.121157e+00 4.826860e+02 7.704276e+00 4.820930e+02 2.004514e+00 4.827851e+02 1.191626e+00 4.828672e+02 5.970260e-01
4.837197e+02 3.128053e+00 4.838720e+02 7.709193e+00 4.832775e+02 2.010247e+00 4.839713e+02 1.195414e+00 4.840536e+02 5.992313e-01
4.849053e+02 3.134949e+00 4.850580e+02 7.714110e+00 4.844620e+02 2.015980e+00 4.851575e+02 1.199202e+00 4.852400e+02 6.014367e-01
4.860909e+02 3.141844e+00 4.862439e+02 7.719027e+00 4.856465e+02 2.021712e+00 4.863437e+02 1.202991e+00 4.864264e+02 6.036421e-01
4.872765e+02 3.148740e+00 4.874299e+02 7.723943e+00 4.868310e+02 2.027445e+00 4.875299e+02 1.206779e+00 4.876129e+02 6.058474e-01
4.884621e+02 3.155636e+00 4.886158e+02 7.728860e+00 4.880155e+02 2.033178e+00 4.887161e+02 1.210568e+00 4.887993e+02 6.080528e-01
4.896477e+02 3.162532e+00 4.898018e+02 7.733777e+00 4.892000e+02 2.038911e+00 4.899024e+02 1.214356e+00 4.899857e+02 6.102582e-01
4.908333e+02 3.169428e+00 4.909878e+02 7.738693e+00 4.903845e+02 2.044644e+00 4.910886e+02 1.218145e+00 4.911721e+02 6.124635e-01
4.920188e+02 3.176323e+00 4.921737e+02 7.743610e+00 4.915690e+02 2.050376e+00 4.922748e+02 1.221933e+00 4.923585e+02 6.146689e-01
4.932044e+02 3.183219e+00 4.933597e+02 7.748527e+00 4.927535e+02 2.056109e+00 4.934610e+02 1.225721e+00 4.935449e+02 6.168743e-01
4.943900e+02 3.190115e+00 4.945456e+02 7.753444e+00 4.939380e+02 2.061842e+00 4.946472e+02 1.229510e+00 4.947313e+02 6.190796e-01
4.955756e+02 3.197011e+00 4.957316e+02 7.758360e+00 4.951225e+02 2.067575e+00 4.958334e+02 1.233298e+00 4.959177e+02 6.212850e-01
4.967612e+02 3.203907e+00 4.969176e+02 7.763277e+00 4.963071e+02 2.073308e+00 4.970196e+02 1.237087e+00 4.971041e+02 6.234903e-01
4.979468e+02 3.210802e+00 4.981035e+02 7.768194e+00 4.974916e+02 2.079041e+00 4.982058e+02 1.240875e+00 4.982905e+02 6.256957e-01
4.991324e+02 3.217698e+00 4.992895e+02 7.773111e+00 4.986761e+02 2.084773e+00 4.993920e+02 1.244664e+00 4.994769e+02 6.279011e-01
5.003180e+02 3.224594e+00 5.004754e+02 7.778027e+00 4.998606e+02 2.090506e+00 5.005782e+02 1.248452e+00 5.006633e+02 6.301064e-01
5.015035e+02 3.231490e+00 5.016614e+02 7.782944e+00 5.010451e+02 2.096239e+00 5.017644e+02 1.252240e+00 5.018497e+02 6.323118e-01
5.026891e+02 3.238386e+00 5.028474e+02 7.787861e+00 5.022296e+02 2.101972e+00 5.029506e+02 1.256029e+00 5.030361e+02 6.345172e-01
5.038747e+02 3.245281e+00 5.040333e+02 7.792778e+00 5.034141e+02 2.107705e+00 5.041368e+02 1.259817e+00 5.042225e+02 6.367225e-01
5.050603e+02 3.252177e+00 5.052193e+02 7.797694e+00 5.045986e+02 2.113437e+00 5.053230e+02 1.263606e+00 5.054089e+02 6.389279e-01
5.062459e+02 3.259073e+00 5.064052e+02 7.802611e+00 5.057831e+02 2.119170e+00 5.065092e+02 1.267394e+00 5.065953e+02 6.411333e-01
5.074315e+02 3.265664e+00 5.075912e+02 7.806371e+00 5.069676e+02 2.124918e+00 5.076954e+02 1.271257e+00 5.077818e+02 6.434361e-01
5.086171e+02 3.272063e+00 5.087772e+02 7.809405e+00 5.081521e+02 2.130674e+00 5.088816e+02 1.275167e+00 5.089682e+02 6.458002e-01
5.098027e+02 3.278461e+00 5.099631e+02 7.812438e+00 5.093366e+02 2.136431e+00 5.100678e+02 1.279076e+00 5.101546e+02 6.481644e-01
5.109882e+02 3.284860e+00 5.111491e+02 7.815471e+00 5.105211e+02 2.142188e+00 5.112540e+02 1.282986e+00 5.113410e+02 6.505285e-01
5.121738e+02 3.291259e+00 5.123351e+02 7.818505e+00 5.117056e+02 2.147945e+00 5.124402e+02 1.286896e+00 5.125274e+02 6.528926e-01
5.133594e+02 3.297658e+00 5.135210e+02 7.821538e+00 5.128901e+02 2.153701e+00 5.136264e+02 1.290805e+00 5.137138e+02 6.552567e-01
5.145450e+02 3.304057e+00 5.147070e+02 7.824571e+00 5.140746e+02 2.159458e+00 5.148126e+02 1.294715e+00 5.149002e+02 6.576208e-01
5.157306e+02 3.310456e+00 5.158929e+02 7.827605e+00 5.152591e+02 2.165215e+00 5.159988e+02 1.298625e+00 5.160866e+02 6.599850e-01
5.169162e+02 3.316854e+00 5.170789e+02 7.830638e+00 5.164436e+02 2.170972e+00 5.171851e+02 1.302534e+00 5.172730e+02 6.623491e-01
5.181018e+02 3.323253e+00 5.182649e+02 7.833671e+00 5.176281e+02 2.176728e+00 5.183713e+02 1.306444e+00 5.184594e+02 6.647132e-01
5.192874e+02 3.329652e+00 5.194508e+02 7.836705e+00 5.188126e+02 2.182485e+00 5.195575e+02 1.310354e+00 5.196458e+02 6.670773e-01
5.204729e+02 3.336051e+00 5.206368e+02 7.839738e+00 5.199971e+02 2.188242e+00 5.207437e+02 1.314263e+00 5.208322e+02 6.694414e-01
5.216585e+02 3.342450e+00 5.218227e+02 7.842771e+00 5.211816e+02 2.193999e+00 5.219299e+02 1.318173e+00 5.220186e+02 6.718056e-01
5.228441e+02 3.348849e+00 5.230087e+02 7.845805e+00 5.223661e+02 2.199755e+00 5.231161e+02 1.322083e+00 5.232050e+02 6.741697e-01
5.240297e+02 3.355248e+00 5.241947e+02 7.848838e+00 5.235506e+02 2.205512e+00 5.243023e+02 1.325992e+00 5.243914e+02 6.765338e-01
5.252153e+02 3.361646e+00 5.253806e+02 7.851871e+00 5.247351e+02 2.211269e+00 5.254885e+02 1.329902e+00 5.255778e+02 6.788979e-01
5.264009e+02 3.368045e+00 5.265666e+02 7.854905e+00 5.259196e+02 2.217025e+00 5.266747e+02 1.333812e+00 5.267642e+02 6.812620e-01
5.275865e+02 3.374444e+00 5.277525e+02 7.857938e+00 5.271041e+02 2.222782e+00 5.278609e+02 1.337722e+00 5.279507e+02 6.836262e-01
5.287721e+02 3.380843e+00 5.289385e+02 7.860971e+00 5.282887e+02 2.228539e+00 5.290471e+02 1.341631e+00 5.291371e+02 6.859903e-01
5.299576e+02 3.387242e+00 5.301245e+02 7.864005e+00 5.294732e+02 2.234296e+00 5.302333e+02 1.345541e+00 5.303235e+02 6.883544e-01
5.311432e+02 3.393641e+00 5.313104e+02 7.867038e+00 5.306577e+02 2.240052e+00 5.314195e+02 1.349451e+00 5.315099e+02 6.907185e-01
5.323288e+02 3.400040e+00 5.324964e+02 7.870071e+00 5.318422e+02 2.245809e+00 5.326057e+02 1.353360e+00 5.326963e+02 6.930826e-01
5.335144e+02 3.406438e+00 5.336823e+02 7.873105e+00 5.330267e+02 2.251566e+00 5.337919e+02 1.357270e+00 5.338827e+02 6.954468e-01
5.347000e+02 3.412837e+00 5.348683e+02 7.876138e+00 5.342112e+02 2.257323e+00 5.349781e+02 1.361180e+00 5.350691e+02 6.978109e-01
5.358856e+02 3.419236e+00 5.360543e+02 7.879171e+00 5.353957e+02 2.263079e+00 5.361643e+02 1.365089e+00 5.362555e+02 7.001750e-01
5.370712e+02 3.425635e+00 5.372402e+02 7.882205e+00 5.365802e+02 2.268836e+00 5.373505e+02 1.368999e+00 5.374419e+02 7.025391e-01
5.382568e+02 3.432034e+00 5.384262e+02 7.885238e+00 5.377647e+02 2.274593e+00 5.385367e+02 1.372909e+00 5.386283e+02 7.049032e-01
5.394423e+02 3.438433e+00 5.396121e+02 7.888272e+00 5.389492e+02 2.280350e+00 5.397229e+02 1.376818e+00 5.398147e+02 7.072673e-01
5.406279e+02 3.444831e+00 5.407981e+02 7.891305e+00 5.401337e+02 2.286106e+00 5.409091e+02 1.380728e+00 5.410011e+02 7.096315e-01
5.418135e+02 3.451230e+00 5.419841e+02 7.894338e+00 5.413182e+02 2.291863e+00 5.420953e+02 1.384638e+00 5.421875e+02 7.119956e-01
5.429991e+02 3.457629e+00 5.431700e+02 7.897372e+00 5.425027e+02 2.297620e+00 5.432815e+02 1.388547e+00 5.433739e+02 7.143597e-01
5.441847e+02 3.464028e+00 5.443560e+02 7.900405e+00 5.436872e+02 2.303376e+00 5.444677e+02 1.392457e+00 5.445603e+02 7.167238e-01
5.453703e+02 3.470427e+00 5.455420e+02 7.903438e+00 5.448717e+02 2.309133e+00 5.456540e+02 1.396367e+00 5.457467e+02 7.190879e-01
5.465559e+02 3.476826e+00 5.467279e+02 7.906472e+00 5.460562e+02 2.314890e+00 5.468402e+02 1.400276e+00 5.469331e+02 7.214521e-01
5.477415e+02 3.483225e+00 5.479139e+02 7.909505e+00 5.472407e+02 2.320647e+00 5.480264e+02 1.404186e+00 5.481196e+02 7.238162e-01
5.489270e+02 3.489623e+00 5.490998e+02 7.912538e+00 5.484252e+02 2.326403e+00 5.492126e+02 1.408096e+00 5.493060e+02 7.261803e-01
5.501126e+02 3.496022e+00 5.502858e+02 7.915572e+00 5.496097e+02 2.332160e+00 5.503988e+02 1.412005e+00 5.504924e+02 7.285444e-01
5.512982e+02 3.502421e+00 5.514718e+02 7.918605e+00 5.507942e+02 2.337917e+00 5.515850e+02 1.415915e+00 5.516788e+02 7.309085e-01
5.524838e+02 3.508820e+00 5.526577e+02 7.921638e+00 5.519787e+02 2.343674e+00 5.527712e+02 1.419825e+00 5.528652e+02 7.332727e-01
5.536694e+02 3.514512e+00 5.538437e+02 7.924906e+00 5.531632e+02 2.349317e+00 5.539574e+02 1.423783e+00 5.540516e+02 7.357150e-01
5.548550e+02 3.519982e+00 5.550296e+02 7.928246e+00 5.543477e+02 2.354926e+00 5.551436e+02 1.427757e+00 5.552380e+02 7.381819e-01
5.560406e+02 3.525452e+00 5.562156e+02 7.931587e+00 5.555322e+02 2.360534e+00 5.563298e+02 1.431730e+00 5.564244e+02 7.406488e-01
5.572262e+02 3.530921e+00 5.574016e+02 7.934928e+00 5.567167e+02 2.366142e+00 5.575160e+02 1.435704e+00 5.576108e+02 7.431157e-01
5.584117e+02 3.536391e+00 5.585875e+02 7.938269e+00 5.579012e+02 2.371750e+00 5.587022e+02 1.439678e+00 5.587972e+02 7.455826e-01
5.595973e+02 3.541861e+00 5.597735e+02 7.941609e+00 5.590857e+02 2.377359e+00 5.598884e+02 1.443652e+00 5.599836e+02 7.480496e-01
5.607829e+02 3.547331e+00 5.609594e+02 7.944950e+00 5.602703e+02 2.382967e+00 5.610746e+02 1.447625e+00 5.611700e+02 7.505165e-01
5.619685e+02 3.552801e+00 5.621454e+02 7.948291e+00 5.614548e+02 2.388575e+00 5.622608e+02 1.451599e+00 5.623564e+02 7.529834e-01
5.631541e+02 3.558271e+00 5.633314e+02 7.951632e+00 5.626393e+02 2.394184e+00 5.634470e+02 1.455573e+00 5.635428e+02 7.554503e-01
5.643397e+02 3.563741e+00 5.645173e+02 7.954972e+00 5.638238e+02 2.399792e+00 5.646332e+02 1.459546e+00 5.647292e+02 7.579172e-01
5.655253e+02 3.569210e+00 5.657033e+02 7.958313e+00 5.650083e+02 2.405400e+00 5.658194e+02 1.463520e+00 5.659156e+02 7.603841e-01
5.667109e+02 3.574680e+00 5.668892e+02 7.961654e+00 5.661928e+02 2.411008e+00 5.670056e+02 1.467494e+00 5.671021e+02 7.628510e-01
5.678964e+02 3.580150e+00 5.680752e+02 7.964995e+00 5.673773e+02 2.416617e+00 5.681918e+02 1.471468e+00 5.682885e+02 7.653179e-01
5.690820e+02 3.585620e+00 5.692612e+02 7.968335e+00 5.685618e+02 2.422225e+00 5.693780e+02 1.475441e+00 5.694749e+02 7.677848e-01
5.702676e+02 3.591090e+00 5.704471e+02 7.971676e+00 5.697463e+02 2.427833e+00 5.705642e+02 1.479415e+00 5.706613e+02 7.702518e-01
5.714532e+02 3.596560e+00 5.716331e+02 7.975017e+00 5.709308e+02 2.433441e+00 5.717504e+02 1.483389e+00 5.718477e+02 7.727187e-01
5.726388e+02 3.602029e+00 5.728191e+02 7.978358e+00 5.721153e+02 2.439050e+00 5.729367e+02 1.487362e+00 5.730341e+02 7.751856e-01
5.738244e+02 3.607499e+00 5.740050e+02 7.981698e+00 5.732998e+02 2.444658e+00 5.741229e+02 1.491336e+00 5.742205e+02 7.776525e-01
5.750100e+02 3.612969e+00 5.751910e+02 7.985039e+00 5.744843e+02 2.450266e+00 5.753091e+02 1.495310e+00 5.754069e+02 7.801194e-01
5.761956e+02 3.618439e+00 5.763769e+02 7.988380e+00 5.756688e+02 2.455875e+00 5.764953e+02 1.499284e+00 5.765933e+02 7.825863e-01
5.773811e+02 3.623909e+00 5.775629e+02 7.991721e+00 5.768533e+02 2.461483e+00 5.776815e+02 1.503257e+00 5.777797e+02 7.850532e-01
5.785667e+02 3.629379e+00 5.787489e+02 7.995061e+00 5.780378e+02 2.467091e+00 5.788677e+02 1.507231e+00 5.789661e+02 7.875201e-01
5.797523e+02 3.634849e+00 5.799348e+02 7.998402e+00 5.792223e+02 2.472699e+00 5.800539e+02 1.511205e+00 5.801525e+02 7.899870e-01
5.809379e+02 3.640318e+00 5.811208e+02 8.001743e+00 5.804068e+02 2.478308e+00 5.812401e+02 1.515178e+00 5.813389e+02 7.924540e-01
5.821235e+02 3.645788e+00 5.823067e+02 8.005084e+00 5.815913e+02 2.483916e+00 5.824263e+02 1.519152e+00 5.825253e+02 7.949209e-01
5.833091e+02 3.651258e+00 5.834927e+02 8.008424e+00 5.827758e+02 2.489524e+00 5.836125e+02 1.523126e+00 5.837117e+02 7.973878e-01
5.844947e+02 3.656728e+00 5.846787e+02 8.011765e+00 5.839603e+02 2.495132e+00 5.847987e+02 1.527100e+00 5.848981e+02 7.998547e-01
5.856803e+02 3.662198e+00 5.858646e+02 8.015106e+00 5.851448e+02 2.500741e+00 5.859849e+02 1.531073e+00 5.860845e+02 8.023216e-01
5.868658e+02 3.667668e+00 5.870506e+02 8.018447e+00 5.863293e+02 2.506349e+00 5.871711e+02 1.535047e+00 5.872710e+02 8.047885e-01
5.880514e+02 3.673137e+00 5.882365e+02 8.021787e+00 5.875138e+02 2.511957e+00 5.883573e+02 1.539021e+00 5.884574e+02 8.072554e-01
5.892370e+02 3.678607e+00 5.894225e+02 8.025128e+00 5.886983e+02 2.517566e+00 5.895435e+02 1.542994e+00 5.896438e+02 8.097223e-01
5.904226e+02 3.684077e+00 5.906085e+02 8.028469e+00 5.898828e+02 2.523174e+00 5.907297e+02 1.546968e+00 5.908302e+02 8.121892e-01
5.916082e+02 3.689547e+00 5.917944e+02 8.031810e+00 5.910673e+02 2.528782e+00 5.919159e+02 1.550942e+00 5.920166e+02 8.146561e-01
5.927938e+02 3.695017e+00 5.929804e+02 8.035150e+00 5.922519e+02 2.534390e+00 5.931021e+02 1.554915e+00 5.932030e+02 8.171231e-01
5.939794e+02 3.700487e+00 5.941663e+02 8.038491e+00 5.934364e+02 2.539999e+00 5.942883e+02 1.558889e+00 5.943894e+02 8.195900e-01
5.951650e+02 3.705957e+00 5.953523e+02 8.041832e+00 5.946209e+02 2.545607e+00 5.954745e+02 1.562863e+00 5.955758e+02 8.220569e-01
5.963505e+02 3.711426e+00 5.965383e+02 8.045173e+00 5.958054e+02 2.551215e+00 5.966607e+02 1.566837e+00 5.967622e+02 8.245238e-01
5.975361e+02 3.716896e+00 5.977242e+02 8.048513e+00 5.969899e+02 2.556824e+00 5.978469e+02 1.570810e+00 5.979486e+02 8.269907e-01
5.987217e+02 3.722366e+00 5.989102e+02 8.051854e+00 5.981744e+02 2.562432e+00 5.990331e+02 1.574784e+00 5.991350e+02 8.294576e-01
5.999073e+02 3.726749e+00 6.000961e+02 8.057462e+00 5.993589e+02 2.567749e+00 6.002193e+02 1.578751e+00 6.003214e+02 8.319670e-01
6.010929e+02 3.731022e+00 6.012821e+02 8.063301e+00 6.005434e+02 2.573036e+00 6.014056e+02 1.582718e+00 6.015078e+02 8.344808e-01
6.022785e+02 3.735294e+00 6.024681e+02 8.069140e+00 6.017279e+02 2.578324e+00 6.025918e+02 1.586685e+00 6.026942e+02 8.369945e-01
6.034641e+02 3.739567e+00 6.036540e+02 8.074979e+00 6.029124e+02 2.583611e+00 6.037780e+02 1.590651e+00 6.038806e+02 8.395082e-01
6.046497e+02 3.743840e+00 6.048400e+02 8.080818e+00 6.040969e+02 2.588899e+00 6.049642e+02 1.594618e+00 6.050670e+02 8.420220e-01
6.058352e+02 3.748112e+00 6.060260e+02 8.086657e+00 6.052814e+02 2.594186e+00 6.061504e+02 1.598585e+00 6.062534e+02 8.445357e-01
6.070208e+02 3.752385e+00 6.072119e+02 8.092496e+00 6.064659e+02 2.599473e+00 6.073366e+02 1.602551e+00 6.074399e+02 8.470495e-01
6.082064e+02 3.756657e+00 6.083979e+02 8.098335e+00 6.076504e+02 2.604761e+00 6.085228e+02 1.606518e+00 6.086263e+02 8.495632e-01
6.093920e+02 3.760930e+00 6.095838e+02 8.104174e+00 6.088349e+02 2.610048e+00 6.097090e+02 1.610485e+00 6.098127e+02 8.520769e-01
6.105776e+02 3.765202e+00 6.107698e+02 8.110013e+00 6.100194e+02 2.615336e+00 6.108952e+02 1.614451e+00 6.109991e+02 8.545907e-01
6.117632e+02 3.769475e+00 6.119558e+02 8.115852e+00 6.112039e+02 2.620623e+00 6.120814e+02 1.618418e+00 6.121855e+02 8.571044e-01
6.129488e+02 3.773748e+00 6.131417e+02 8.121691e+00 6.123884e+02 2.625911e+00 6.132676e+02 1.622385e+00 6.133719e+02 8.596181e-01
6.141344e+02 3.778020e+00 6.143277e+02 8.127530e+00 6.135729e+02 2.631198e+00 6.144538e+02 1.626351e+00 6.145583e+02 8.621319e-01
6.153199e+02 3.782293e+00 6.155136e+02 8.133369e+00 6.147574e+02 2.636486e+00 6.156400e+02 1.630318e+00 6.157447e+02 8.646456e-01
6.165055e+02 3.786565e+00 6.166996e+02 8.139208e+00 6.159419e+02 2.641773e+00 6.168262e+02 1.634285e+00 6.169311e+02 8.671594e-01
6.176911e+02 3.790838e+00 6.178856e+02 8.145047e+00 6.171264e+02 2.647060e+00 6.180124e+02 1.638252e+00 6.181175e+02 8.696731e-01
6.188767e+02 3.795111e+00 6.190715e+02 8.150886e+00 6.183109e+02 2.652348e+00 6.191986e+02 1.642218e+00 6.193039e+02 8.721868e-01
6.200623e+02 3.799383e+00 6.202575e+02 8.156725e+00 6.194954e+02 2.657635e+00 6.203848e+02 1.646185e+00 6.204903e+02 8.747006e-01
6.212479e+02 3.803656e+00 6.214434e+02 8.162564e+00 6.206799e+02 2.662923e+00 6.215710e+02 1.650152e+00 6.216767e+02 8.772143e-01
6.224335e+02 3.807928e+00 6.226294e+02 8.168403e+00 6.218644e+02 2.668210e+00 6.227572e+02 1.654118e+00 6.228631e+02 8.797280e-01
6.236191e+02 3.812201e+00 6.238154e+02 8.174242e+00 6.230489e+02 2.673498e+00 6.239434e+02 1.658085e+00 6.240495e+02 8.822418e-01
6.248046e+02 3.816474e+00 6.250013e+02 8.180081e+00 6.242335e+02 2.678785e+00 6.251296e+02 1.662052e+00 6.252359e+02 8.847555e-01
6.259902e+02 3.820746e+00 6.261873e+02 8.185920e+00 6.254180e+02 2.684073e+00 6.263158e+02 1.666018e+00 6.264223e+02 8.872693e-01
6.271758e+02 3.825019e+00 6.273732e+02 8.191759e+00 6.266025e+02 2.689360e+00 6.275020e+02 1.669985e+00 6.276088e+02 8.897830e-01
6.283614e+02 3.829291e+00 6.285592e+02 8.197598e+00 6.277870e+02 2.694647e+00 6.286883e+02 1.673952e+00 6.287952e+02 8.922967e-01
6.295470e+02 3.833564e+00 6.297452e+02 8.203437e+00 6.289715e+02 2.699935e+00 6.298745e+02 1.677918e+00 6.299816e+02 8.948105e-01
6.307326e+02 3.837837e+00 6.309311e+02 8.209276e+00 6.301560e+02 2.705222e+00 6.310607e+02 1.681885e+00 6.311680e+02 8.973242e-01
6.319182e+02 3.842109e+00 6.321171e+02 8.215115e+00 6.313405e+02 2.710510e+00 6.322469e+02 1.685852e+00 6.323544e+02 8.998379e-01
6.331038e+02 3.846382e+00 6.333031e+02 8.220953e+00 6.325250e+02 2.715797e+00 6.334331e+02 1.689818e+00 6.335408e+02 9.023517e-01
6.342893e+02 3.850654e+00 6.344890e+02 8.226792e+00 6.337095e+02 2.721085e+00 6.346193e+02 1.693785e+00 6.347272e+02 9.048654e-01
6.354749e+02 3.854927e+00 6.356750e+02 8.232631e+00 6.348940e+02 2.726372e+00 6.358055e+02 1.697752e+00 6.359136e+02 9.073792e-01
6.366605e+02 3.859199e+00 6.368609e+02 8.238470e+00 6.360785e+02 2.731659e+00 6.369917e+02 1.701718e+00 6.371000e+02 9.098929e-01
6.378461e+02 3.863472e+00 6.380469e+02 8.244309e+00 6.372630e+02 2.736947e+00 6.381779e+02 1.705685e+00 6.382864e+02 9.124066e-01
6.390317e+02 3.867745e+00 6.392329e+02 8.250148e+00 6.384475e+02 2.742234e+00 6.393641e+02 1.709652e+00 6.394728e+02 9.149204e-01
6.402173e+02 3.872017e+00 6.404188e+02 8.255987e+00 6.396320e+02 2.747522e+00 6.405503e+02 1.713618e+00 6.406592e+02 9.174341e-01
6.414029e+02 3.876290e+00 6.416048e+02 8.261826e+00 6.408165e+02 2.752809e+00 6.417365e+02 1.717585e+00 6.418456e+02 9.199478e-01
6.425885e+02 3.880562e+00 6.427907e+02 8.267665e+00 6.420010e+02 2.758097e+00 6.429227e+02 1.721552e+00 6.430320e+02 9.224616e-01
6.437740e+02 3.884835e+00 6.439767e+02 8.273504e+00 6.431855e+02 2.763384e+00 6.441089e+02 1.725518e+00 6.442184e+02 9.249753e-01
6.449596e+02 3.889185e+00 6.451627e+02 8.279415e+00 6.443700e+02 2.768656e+00 6.452951e+02 1.729488e+00 6.454048e+02 9.274941e-01
6.461452e+02 3.894871e+00 6.463486e+02 8.286580e+00 6.455545e+02 2.773666e+00 6.464813e+02 1.733500e+00 6.465912e+02 9.301006e-01
6.473308e+02 3.900558e+00 6.475346e+02 8.293745e+00 6.467390e+02 2.778675e+00 6.476675e+02 1.737512e+00 6.477777e+02 9.327072e-01
6.485164e+02 3.906244e+00 6.487205e+02 8.300910e+00 6.479235e+02 2.783685e+00 6.488537e+02 1.741524e+00 6.489641e+02 9.353137e-01
6.497020e+02 3.911931e+00 6.499065e+02 8.308076e+00 6.491080e+02 2.788694e+00 6.500399e+02 1.745537e+00 6.501505e+02 9.379202e-01
6.508876e+02 3.917617e+00 6.510925e+02 8.315241e+00 6.502925e+02 2.793704e+00 6.512261e+02 1.749549e+00 6.513369e+02 9.405267e-01
6.520732e+02 3.923304e+00 6.522784e+02 8.322406e+00 6.514770e+02 2.798713e+00 6.524123e+02 1.753561e+00 6.525233e+02 9.431332e-01
6.532587e+02 3.928990e+00 6.534644e+02 8.329571e+00 6.526615e+02 2.803723e+00 6.535985e+02 1.757573e+00 6.537097e+02 9.457398e-01
6.544443e+02 3.934677e+00 6.546503e+02 8.336736e+00 6.538460e+02 2.808732e+00 6.547847e+02 1.761586e+00 6.548961e+02 9.483463e-01
6.556299e+02 3.940363e+00 6.558363e+02 8.343901e+00 6.550305e+02 2.813741e+00 6.559709e+02 1.765598e+00 6.560825e+02 9.509528e-01
6.568155e+02 3.946050e+00 6.570223e+02 8.351066e+00 6.562151e+02 2.818751e+00 6.571572e+02 1.769610e+00 6.572689e+02 9.535593e-01
6.580011e+02 3.951736e+00 6.582082e+02 8.358231e+00 6.573996e+02 2.823760e+00 6.583434e+02 1.773622e+00 6.584553e+02 9.561658e-01
6.591867e+02 3.957423e+00 6.593942e+02 8.365396e+00 6.585841e+02 2.828770e+00 6.595296e+02 1.777635e+00 6.596417e+02 9.587724e-01
6.603723e+02 3.963109e+00 6.605801e+02 8.372561e+00 6.597686e+02 2.833779e+00 6.607158e+02 1.781647e+00 6.608281e+02 9.613789e-01
6.615579e+02 3.968796e+00 6.617661e+02 8.379726e+00 6.609531e+02 2.838789e+00 6.619020e+02 1.785659e+00 6.620145e+02 9.639854e-01
6.627434e+02 3.974483e+00 6.629521e+02 8.386891e+00 6.621376e+02 2.843798e+00 6.630882e+02 1.789671e+00 6.632009e+02 9.665919e-01
6.639290e+02 3.980169e+00 6.641380e+02 8.394056e+00 6.633221e+02 2.848808e+00 6.642744e+02 1.793684e+00 6.643873e+02 9.691984e-01
6.651146e+02 3.985856e+00 6.653240e+02 8.401221e+00 6.645066e+02 2.853817e+00 6.654606e+02 1.797696e+00 6.655737e+02 9.718050e-01
6.663002e+02 3.991542e+00 6.665100e+02 8.408386e+00 6.656911e+02 2.858826e+00 6.666468e+02 1.801708e+00 6.667602e+02 9.744115e-01
6.674858e+02 3.997229e+00 6.676959e+02 8.415551e+00 6.668756e+02 2.863836e+00 6.678330e+02 1.805720e+00 6.679466e+02 9.770180e-01
6.686714e+02 4.002915e+00 6.688819e+02 8.422716e+00 6.680601e+02 2.868845e+00 6.690192e+02 1.809732e+00 6.691330e+02 9.796245e-01
6.698570e+02 4.008602e+00 6.700678e+02 8.429882e+00 6.692446e+02 2.873855e+00 6.702054e+02 1.813745e+00 6.703194e+02 9.822310e-01
6.710426e+02 4.014288e+00 6.712538e+02 8.437047e+00 6.704291e+02 2.878864e+00 6.713916e+02 1.817757e+00 6.715058e+02 9.848376e-01
6.722282e+02 4.019975e+00 6.724398e+02 8.444212e+00 6.716136e+02 2.883874e+00 6.725778e+02 1.821769e+00 6.726922e+02 9.874441e-01
6.734137e+02 4.025661e+00 6.736257e+02 8.451377e+00 6.727981e+02 2.888883e+00 6.737640e+02 1.825781e+00 6.738786e+02 9.900506e-01
6.745993e+02 4.031348e+00 6.748117e+02 8.458542e+00 6.739826e+02 2.893893e+00 6.749502e+02 1.829794e+00 6.750650e+02 9.926571e-01
6.757849e+02 4.037034e+00 6.759976e+02 8.465707e+00 6.751671e+02 2.898902e+00 6.761364e+02 1.833806e+00 6.762514e+02 9.952636e-01
6.769705e+02 4.042721e+00 6.771836e+02 8.472872e+00 6.763516e+02 2.903911e+00 6.773226e+02 1.837818e+00 6.774378e+02 9.978702e-01
6.781561e+02 4.048408e+00 6.783696e+02 8.480037e+00 6.775361e+02 2.908921e+00 6.785088e+02 1.841830e+00 6.786242e+02 1.000477e+00
6.793417e+02 4.054094e+00 6.795555e+02 8.487202e+00 6.787206e+02 2.913930e+00 6.796950e+02 1.845843e+00 6.798106e+02 1.003083e+00
6.805273e+02 4.059781e+00 6.807415e+02 8.494367e+00 6.799051e+02 2.918940e+00 6.808812e+02 1.849855e+00 6.809970e+02 1.005690e+00
6.817129e+02 4.065467e+00 6.819274e+02 8.501532e+00 6.810896e+02 2.923949e+00 6.820674e+02 1.853867e+00 6.821834e+02 1.008296e+00
6.828984e+02 4.071154e+00 6.831134e+02 8.508697e+00 6.822741e+02 2.928959e+00 6.832536e+02 1.857879e+00 6.833698e+02 1.010903e+00
6.840840e+02 4.076840e+00 6.842994e+02 8.515862e+00 6.834586e+02 2.933968e+00 6.844399e+02 1.861892e+00 6.845562e+02 1.013509e+00
6.852696e+02 4.082527e+00 6.854853e+02 8.523027e+00 6.846431e+02 2.938978e+00 6.856261e+02 1.865904e+00 6.857426e+02 1.016116e+00
6.864552e+02 4.088213e+00 6.866713e+02 8.530192e+00 6.858276e+02 2.943987e+00 6.868123e+02 1.869916e+00 6.869291e+02 1.018722e+00
6.876408e+02 4.093900e+00 6.878572e+02 8.537357e+00 6.870121e+02 2.948996e+00 6.879985e+02 1.873928e+00 6.881155e+02 1.021329e+00
6.888264e+02 4.099586e+00 6.890432e+02 8.544522e+00 6.881967e+02 2.954006e+00 6.891847e+02 1.877941e+00 6.893019e+02 1.023935e+00
6.900120e+02 4.105273e+00 6.902292e+02 8.551687e+00 6.893812e+02 2.959015e+00 6.903709e+02 1.881953e+00 6.904883e+02 1.026542e+00
6.911976e+02 4.111783e+00 6.914151e+02 8.558833e+00 6.905657e+02 2.963988e+00 6.915571e+02 1.885985e+00 6.916747e+02 1.029177e+00
6.923831e+02 4.121563e+00 6.926011e+02 8.565901e+00 6.917502e+02 2.968814e+00 6.927433e+02 1.890098e+00 6.928611e+02 1.031927e+00
6.935687e+02 4.131342e+00 6.937870e+02 8.572970e+00 6.929347e+02 2.973641e+00 6.939295e+02 1.894211e+00 6.940475e+02 1.034678e+00
6.947543e+02 4.141122e+00 6.949730e+02 8.580038e+00 6.941192e+02 2.978467e+00 6.951157e+02 1.898324e+00 6.952339e+02 1.037428e+00
6.959399e+02 4.150902e+00 6.961590e+02 8.587107e+00 6.953037e+02 2.983294e+00 6.963019e+02 1.902437e+00 6.964203e+02 1.040178e+00
6.971255e+02 4.160681e+00 6.973449e+02 8.594175e+00 6.964882e+02 2.988121e+00 6.974881e+02 1.906549e+00 6.976067e+02 1.042928e+00
6.983111e+02 4.170461e+00 6.985309e+02 8.601243e+00 6.976727e+02 2.992947e+00 6.986743e+02 1.910662e+00 6.987931e+02 1.045678e+00
6.994967e+02 4.180241e+00 6.997169e+02 8.608312e+00 6.988572e+02 2.997774e+00 6.998605e+02 1.914775e+00 6.999795e+02 1.048428e+00
7.006823e+02 4.190020e+00 7.009028e+02 8.615380e+00 7.000417e+02 3.002600e+00 7.010467e+02 1.918888e+00 7.011659e+02 1.051178e+00
7.018678e+02 4.199800e+00 7.020888e+02 8.622448e+00 7.012262e+02 3.007427e+00 7.022329e+02 1.923001e+00 7.023523e+02 1.053929e+00
7.030534e+02 4.209580e+00 7.032747e+02 8.629517e+00 7.024107e+02 3.012253e+00 7.034191e+02 1.927113e+00 7.035387e+02 1.056679e+00
7.042390e+02 4.219359e+00 7.044607e+02 8.636585e+00 7.035952e+02 3.017080e+00 7.046053e+02 1.931226e+00 7.047251e+02 1.059429e+00
7.054246e+02 4.229139e+00 7.056467e+02 8.643654e+00 7.047797e+02 3.021906e+00 7.057915e+02 1.935339e+00 7.059115e+02 1.062179e+00
7.066102e+02 4.238919e+00 7.068326e+02 8.650722e+00 7.059642e+02 3.026733e+00 7.069777e+02 1.939452e+00 7.070980e+02 1.064929e+00
7.077958e+02 4.248698e+00 7.080186e+02 8.657790e+00 7.071487e+02 3.031559e+00 7.081639e+02 1.943565e+00 7.082844e+02 1.067679e+00
7.089814e+02 4.258478e+00 7.092045e+02 8.664859e+00 7.083332e+02 3.036386e+00 7.093501e+02 1.947677e+00 7.094708e+02 1.070429e+00
7.101670e+02 4.268258e+00 7.103905e+02 8.671927e+00 7.095177e+02 3.041212e+00 7.105363e+02 1.951790e+00 7.106572e+02 1.073180e+00
7.113525e+02 4.278037e+00 7.115765e+02 8.678995e+00 7.107022e+02 3.046039e+00 7.117225e+02 1.955903e+00 7.118436e+02 1.075930e+00
7.125381e+02 4.287817e+00 7.127624e+02 8.686064e+00 7.118867e+02 3.050865e+00 7.129088e+02 1.960016e+00 7.130300e+02 1.078680e+00
7.137237e+02 4.297597e+00 7.139484e+02 8.693132e+00 7.130712e+02 3.055692e+00 7.140950e+02 1.964129e+00 7.142164e+02 1.081430e+00
7.149093e+02 4.307376e+00 7.151343e+02 8.700201e+00 7.142557e+02 3.060518e+00 7.152812e+02 1.968241e+00 7.154028e+02 1.084180e+00
7.160949e+02 4.317156e+00 7.163203e+02 8.707269e+00 7.154402e+02 3.065345e+00 7.164674e+02 1.972354e+00 7.165892e+02 1.086930e+00
7.172805e+02 4.326936e+00 7.175063e+02 8.714337e+00 7.166247e+02 3.070171e+00 7.176536e+02 1.976467e+00 7.177756e+02 1.089680e+00
7.184661e+02 4.336715e+00 7.186922e+02 8.721406e+00 7.178092e+02 3.074998e+00 7.188398e+02 1.980580e+00 7.189620e+02 1.092431e+00
7.196517e+02 4.346495e+00 7.198782e+02 8.728474e+00 7.189937e+02 3.079824e+00 7.200260e+02 1.984693e+00 7.201484e+02 1.095181e+00
7.208372e+02 4.356275e+00 7.210641e+02 8.735543e+00 7.201783e+02 3.084651e+00 7.212122e+02 1.988805e+00 7.213348e+02 1.097931e+00
7.220228e+02 4.366054e+00 7.222501e+02 8.742611e+00 7.213628e+02 3.089477e+00 7.223984e+02 1.992918e+00 7.225212e+02 1.100681e+00
7.232084e+02 4.375834e+00 7.234361e+02 8.749679e+00 7.225473e+02 3.094304e+00 7.235846e+02 1.997031e+00 7.237076e+02 1.103431e+00
7.243940e+02 4.385614e+00 7.246220e+02 8.756748e+00 7.237318e+02 3.099130e+00 7.247708e+02 2.001144e+00 7.248940e+02 1.106181e+00
7.255796e+02 4.395393e+00 7.258080e+02 8.763816e+00 7.249163e+02 3.103957e+00 7.259570e+02 2.005257e+00 7.260804e+02 1.108931e+00
7.267652e+02 4.405173e+00 7.269940e+02 8.770884e+00 7.261008e+02 3.108784e+00 7.271432e+02 2.009369e+00 7.272669e+02 1.111682e+00
7.279508e+02 4.414953e+00 7.281799e+02 8.777953e+00 7.272853e+02 3.113610e+00 7.283294e+02 2.013482e+00 7.284533e+02 1.114432e+00
7.291364e+02 4.424732e+00 7.293659e+02 8.785021e+00 7.284698e+02 3.118437e+00 7.295156e+02 2.017595e+00 7.296397e+02 1.117182e+00
7.303219e+02 4.434512e+00 7.305518e+02 8.792090e+00 7.296543e+02 3.123263e+00 7.307018e+02 2.021708e+00 7.308261e+02 1.119932e+00
7.315075e+02 4.444292e+00 7.317378e+02 8.799158e+00 7.308388e+02 3.128090e+00 7.318880e+02 2.025821e+00 7.320125e+02 1.122682e+00
7.326931e+02 4.454071e+00 7.329238e+02 8.806226e+00 7.320233e+02 3.132916e+00 7.330742e+02 2.029933e+00 7.331989e+02 1.125432e+00
7.338787e+02 4.463851e+00 7.341097e+02 8.813295e+00 7.332078e+02 3.137743e+00 7.342604e+02 2.034046e+00 7.343853e+02 1.128182e+00
7.350643e+02 4.473631e+00 7.352957e+02 8.820363e+00 7.343923e+02 3.142569e+00 7.354466e+02 2.038159e+00 7.355717e+02 1.130933e+00
7.362499e+02 4.483410e+00 7.364816e+02 8.827431e+00 7.355768e+02 3.147396e+00 7.366328e+02 2.042272e+00 7.367581e+02 1.133683e+00
7.374355e+02 4.495546e+00 7.376676e+02 8.833971e+00 7.367613e+02 3.152192e+00 7.378190e+02 2.046455e+00 7.379445e+02 1.136503e+00
7.386211e+02 4.512098e+00 7.388536e+02 8.839520e+00 7.379458e+02 3.156930e+00 7.390052e+02 2.050771e+00 7.391309e+02 1.139456e+00
7.398066e+02 4.528650e+00 7.400395e+02 8.845069e+00 7.391303e+02 3.161669e+00 7.401915e+02 2.055087e+00 7.403173e+02 1.142409e+00
7.409922e+02 4.545202e+00 7.412255e+02 8.850618e+00 7.403148e+02 3.166408e+00 7.413777e+02 2.059404e+00 7.415037e+02 1.145361e+00
7.421778e+02 4.561754e+00 7.424114e+02 8.856167e+00 7.414993e+02 3.171146e+00 7.425639e+02 2.063720e+00 7.426901e+02 1.148314e+00
7.433634e+02 4.578306e+00 7.435974e+02 8.861716e+00 7.426838e+02 3.175885e+00 7.437501e+02 2.068036e+00 7.438765e+02 1.151267e+00
7.445490e+02 4.594858e+00 7.447834e+02 8.867265e+00 7.438683e+02 3.180624e+00 7.449363e+02 2.072352e+00 7.450629e+02 1.154219e+00
7.457346e+02 4.611410e+00 7.459693e+02 8.872814e+00 7.450528e+02 3.185362e+00 7.461225e+02 2.076668e+00 7.462494e+02 1.157172e+00
7.469202e+02 4.627962e+00 7.471553e+02 8.878363e+00 7.462373e+02 3.190101e+00 7.473087e+02 2.080984e+00 7.474358e+02 1.160125e+00
7.481058e+02 4.644514e+00 7.483412e+02 8.883912e+00 7.474218e+02 3.194840e+00 7.484949e+02 2.085300e+00 7.486222e+02 1.163078e+00
7.492913e+02 4.661066e+00 7.495272e+02 8.889460e+00 7.486063e+02 3.199578e+00 7.496811e+02 2.089616e+00 7.498086e+02 1.166030e+00
7.504769e+02 4.677618e+00 7.507132e+02 8.895009e+00 7.497908e+02 3.204317e+00 7.508673e+02 2.093932e+00 7.509950e+02 1.168983e+00
7.516625e+02 4.694170e+00 7.518991e+02 8.900558e+00 7.509753e+02 3.209056e+00 7.520535e+02 2.098248e+00 7.521814e+02 1.171936e+00
7.528481e+02 4.710722e+00 7.530851e+02 8.906107e+00 7.521599e+02 3.213794e+00 7.532397e+02 2.102564e+00 7.533678e+02 1.174888e+00
7.540337e+02 4.727274e+00 7.542710e+02 8.911656e+00 7.533444e+02 3.218533e+00 7.544259e+02 2.106881e+00 7.545542e+02 1.177841e+00
7.552193e+02 4.743826e+00 7.554570e+02 8.917205e+00 7.545289e+02 3.223272e+00 7.556121e+02 2.111197e+00 7.557406e+02 1.180794e+00
7.564049e+02 4.760378e+00 7.566430e+02 8.922754e+00 7.557134e+02 3.228010e+00 7.567983e+02 2.115513e+00 7.569270e+02 1.183746e+00
7.575905e+02 4.776930e+00 7.578289e+02 8.928303e+00 7.568979e+02 3.232749e+00 7.579845e+02 2.119829e+00 7.581134e+02 1.186699e+00
7.587760e+02 4.793482e+00 7.590149e+02 8.933852e+00 7.580824e+02 3.237488e+00 7.591707e+02 2.124145e+00 7.592998e+02 1.189652e+00
7.599616e+02 4.810034e+00 7.602009e+02 8.939401e+00 7.592669e+02 3.242226e+00 7.603569e+02 2.128461e+00 7.604862e+02 1.192604e+00
7.611472e+02 4.826586e+00 7.613868e+02 8.944950e+00 7.604514e+02 3.246965e+00 7.615431e+02 2.132777e+00 7.616726e+02 1.195557e+00
7.623328e+02 4.843138e+00 7.625728e+02 8.950499e+00 7.616359e+02 3.251704e+00 7.627293e+02 2.137093e+00 7.628590e+02 1.198510e+00
7.635184e+02 4.859690e+00 7.637587e+02 8.956048e+00 7.628204e+02 3.256442e+00 7.639155e+02 2.141409e+00 7.640454e+02 1.201462e+00
7.647040e+02 4.876242e+00 7.649447e+02 8.961597e+00 7.640049e+02 3.261181e+00 7.651017e+02 2.145725e+00 7.652318e+02 1.204415e+00
7.658896e+02 4.892794e+00 7.661307e+02 8.967145e+00 7.651894e+02 3.265920e+00 7.662879e+02 2.150042e+00 7.664183e+02 1.207368e+00
7.670752e+02 4.909346e+00 7.673166e+02 8.972694e+00 7.663739e+02 3.270658e+00 7.674741e+02 2.154358e+00 7.676047e+02 1.210321e+00
7.682607e+02 4.925898e+00 7.685026e+02 8.978243e+00 7.675584e+02 3.275397e+00 7.686604e+02 2.158674e+00 7.687911e+02 1.213273e+00
7.694463e+02 4.942450e+00 7.696885e+02 8.983792e+00 7.687429e+02 3.280136e+00 7.698466e+02 2.162990e+00 7.699775e+02 1.216226e+00
7.706319e+02 4.959002e+00 7.708745e+02 8.989341e+00 7.699274e+02 3.284874e+00 7.710328e+02 2.167306e+00 7.711639e+02 1.219179e+00
7.718175e+02 4.975554e+00 7.720605e+02 8.994890e+00 7.711119e+02 3.289613e+00 7.722190e+02 2.171622e+00 7.723503e+02 1.222131e+00
7.730031e+02 4.992106e+00 7.732464e+02 9.000439e+00 7.722964e+02 3.294352e+00 7.734052e+02 2.175938e+00 7.735367e+02 1.225084e+00
7.741887e+02 5.008658e+00 7.744324e+02 9.005988e+00 7.734809e+02 3.299090e+00 7.745914e+02 2.180254e+00 7.747231e+02 1.228037e+00
7.753743e+02 5.025210e+00 7.756183e+02 9.011537e+00 7.746654e+02 3.303829e+00 7.757776e+02 2.184570e+00 7.759095e+02 1.230989e+00
7.765599e+02 5.041762e+00 7.768043e+02 9.017086e+00 7.758499e+02 3.308568e+00 7.769638e+02 2.188886e+00 7.770959e+02 1.233942e+00
7.777454e+02 5.058314e+00 7.779903e+02 9.022635e+00 7.770344e+02 3.313306e+00 7.781500e+02 2.193203e+00 7.782823e+02 1.236895e+00
7.789310e+02 5.074866e+00 7.791762e+02 9.028184e+00 7.782189e+02 3.318045e+00 7.793362e+02 2.197519e+00 7.794687e+02 1.239847e+00
7.801166e+02 5.091418e+00 7.803622e+02 9.033733e+00 7.794034e+02 3.322784e+00 7.805224e+02 2.201835e+00 7.806551e+02 1.242800e+00
7.813022e+02 5.107970e+00 7.815481e+02 9.039282e+00 7.805879e+02 3.327522e+00 7.817086e+02 2.206151e+00 7.818415e+02 1.245753e+00
7.824878e+02 5.124522e+00 7.827341e+02 9.044830e+00 7.817724e+02 3.332261e+00 7.828948e+02 2.210467e+00 7.830279e+02 1.248705e+00
7.836734e+02 5.144913e+00 7.839201e+02 9.048924e+00 7.829569e+02 3.337003e+00 7.840810e+02 2.214947e+00 7.842143e+02 1.251777e+00
7.848590e+02 5.169226e+00 7.851060e+02 9.051531e+00 7.841415e+02 3.341749e+00 7.852672e+02 2.219593e+00 7.854007e+02 1.254970e+00
7.860446e+02 5.193539e+00 7.862920e+02 9.054137e+00 7.853260e+02 3.346495e+00 7.864534e+02 2.224240e+00 7.865872e+02 1.258162e+00
7.872301e+02 5.217851e+00 7.874780e+02 9.056744e+00 7.865105e+02 3.351241e+00 7.876396e+02 2.228886e+00 7.877736e+02 1.261355e+00
7.884157e+02 5.242164e+00 7.886639e+02 9.059351e+00 7.876950e+02 3.355987e+00 7.888258e+02 2.233533e+00 7.889600e+02 1.264548e+00
7.896013e+02 5.266477e+00 7.898499e+02 9.061958e+00 7.888795e+02 3.360733e+00 7.900120e+02 2.238180e+00 7.901464e+02 1.267741e+00
7.907869e+02 5.290790e+00 7.910358e+02 9.064564e+00 7.900640e+02 3.365478e+00 7.911982e+02 2.242826e+00 7.913328e+02 1.270934e+00
7.919725e+02 5.315103e+00 7.922218e+02 9.067171e+00 7.912485e+02 3.370224e+00 7.923844e+02 2.247473e+00 7.925192e+02 1.274126e+00
7.931581e+02 5.339416e+00 7.934078e+02 9.069778e+00 7.924330e+02 3.374970e+00 7.935706e+02 2.252120e+00 7.937056e+02 1.277319e+00
7.943437e+02 5.363729e+00 7.945937e+02 9.072384e+00 7.936175e+02 3.379716e+00 7.947568e+02 2.256766e+00 7.948920e+02 1.280512e+00
7.955293e+02 5.388042e+00 7.957797e+02 9.074991e+00 7.948020e+02 3.384462e+00 7.959431e+02 2.261413e+00 7.960784e+02 1.283705e+00
7.967148e+02 5.412355e+00 7.969656e+02 9.077598e+00 7.959865e+02 3.389208e+00 7.971293e+02 2.266059e+00 7.972648e+02 1.286897e+00
7.979004e+02 5.436668e+00 7.981516e+02 9.080205e+00 7.971710e+02 3.393954e+00 7.983155e+02 2.270706e+00 7.984512e+02 1.290090e+00
7.990860e+02 5.460981e+00 7.993376e+02 9.082811e+00 7.983555e+02 3.398700e+00 7.995017e+02 2.275353e+00 7.996376e+02 1.293283e+00
8.002716e+02 5.485294e+00 8.005235e+02 9.085418e+00 7.995400e+02 3.403445e+00 8.006879e+02 2.279999e+00 8.008240e+02 1.296476e+00
8.014572e+02 5.509607e+00 8.017095e+02 9.088025e+00 8.007245e+02 3.408191e+00 8.018741e+02 2.284646e+00 8.020104e+02 1.299668e+00
8.026428e+02 5.533920e+00 8.028954e+02 9.090631e+00 8.019090e+02 3.412937e+00 8.030603e+02 2.289293e+00 8.031968e+02 1.302861e+00
8.038284e+02 5.558233e+00 8.040814e+02 9.093238e+00 8.030935e+02 3.417683e+00 8.042465e+02 2.293939e+00 8.043832e+02 1.306054e+00
8.050140e+02 5.582546e+00 8.052674e+02 9.095845e+00 8.042780e+02 3.422429e+00 8.054327e+02 2.298586e+00 8.055696e+02 1.309247e+00
8.061995e+02 5.606859e+00 8.064533e+02 9.098452e+00 8.054625e+02 3.427175e+00 8.066189e+02 2.303232e+00 8.067561e+02 1.312439e+00
8.073851e+02 5.631171e+00 8.076393e+02 9.101058e+00 8.066470e+02 3.431921e+00 8.078051e+02 2.307879e+00 8.079425e+02 1.315632e+00
8.085707e+02 5.655484e+00 8.088252e+02 9.103665e+00 8.078315e+02 3.436667e+00 8.089913e+02 2.312526e+00 8.091289e+02 1.318825e+00
8.097563e+02 5.679797e+00 8.100112e+02 9.106272e+00 8.090160e+02 3.441413e+00 8.101775e+02 2.317172e+00 8.103153e+02 1.322018e+00
8.109419e+02 5.704110e+00 8.111972e+02 9.108878e+00 8.102005e+02 3.446158e+00 8.113637e+02 2.321819e+00 8.115017e+02 1.325210e+00
8.121275e+02 5.728423e+00 8.123831e+02 9.111485e+00 8.113850e+02 3.450904e+00 8.125499e+02 2.326466e+00 8.126881e+02 1.328403e+00
8.133131e+02 5.752736e+00 8.135691e+02 9.114092e+00 8.125695e+02 3.455650e+00 8.137361e+02 2.331112e+00 8.138745e+02 1.331596e+00
8.144987e+02 5.777049e+00 8.147550e+02 9.116699e+00 8.137540e+02 3.460396e+00 8.149223e+02 2.335759e+00 8.150609e+02 1.334789e+00
8.156842e+02 5.801362e+00 8.159410e+02 9.119305e+00 8.149385e+02 3.465142e+00 8.161085e+02 2.340406e+00 8.162473e+02 1.337982e+00
8.168698e+02 5.825675e+00 8.171270e+02 9.121912e+00 8.161231e+02 3.469888e+00 8.172947e+02 2.345052e+00 8.174337e+02 1.341174e+00
8.180554e+02 5.849988e+00 8.183129e+02 9.124519e+00 8.173076e+02 3.474634e+00 8.184809e+02 2.349699e+00 8.186201e+02 1.344367e+00
8.192410e+02 5.874301e+00 8.194989e+02 9.127125e+00 8.184921e+02 3.479380e+00 8.196671e+02 2.354345e+00 8.198065e+02 1.347560e+00
8.204266e+02 5.898614e+00 8.206849e+02 9.129732e+00 8.196766e+02 3.484125e+00 8.208533e+02 2.358992e+00 8.209929e+02 1.350753e+00
8.216122e+02 5.922927e+00 8.218708e+02 9.132339e+00 8.208611e+02 3.488871e+00 8.220395e+02 2.363639e+00 8.221793e+02 1.353945e+00
8.227978e+02 5.947240e+00 8.230568e+02 9.134946e+00 8.220456e+02 3.493617e+00 8.232257e+02 2.368285e+00 8.233657e+02 1.357138e+00
8.239834e+02 5.971553e+00 8.242427e+02 9.137552e+00 8.232301e+02 3.498363e+00 8.244120e+02 2.372932e+00 8.245521e+02 1.360331e+00
8.251689e+02 5.995866e+00 8.254287e+02 9.140159e+00 8.244146e+02 3.503109e+00 8.255982e+02 2.377579e+00 8.257386e+02 1.363524e+00
8.263545e+02 6.020178e+00 8.266147e+02 9.142766e+00 8.255991e+02 3.507855e+00 8.267844e+02 2.382225e+00 8.269250e+02 1.366716e+00
8.275401e+02 6.044491e+00 8.278006e+02 9.145372e+00 8.267836e+02 3.512601e+00 8.279706e+02 2.386872e+00 8.281114e+02 1.369909e+00
8.287257e+02 6.068804e+00 8.289866e+02 9.147979e+00 8.279681e+02 3.517347e+00 8.291568e+02 2.391518e+00 8.292978e+02 1.373102e+00
8.299113e+02 6.093601e+00 8.301725e+02 9.151147e+00 8.291526e+02 3.522170e+00 8.303430e+02 2.396421e+00 8.304842e+02 1.376442e+00
8.310969e+02 6.118668e+00 8.313585e+02 9.154629e+00 8.303371e+02 3.527037e+00 8.315292e+02 2.401467e+00 8.316706e+02 1.379866e+00
8.322825e+02 6.143735e+00 8.325445e+02 9.158111e+00 8.315216e+02 3.531904e+00 8.327154e+02 2.406513e+00 8.328570e+02 1.383289e+00
8.334681e+02 6.168803e+00 8.337304e+02 9.161592e+00 8.327061e+02 3.536771e+00 8.339016e+02 2.411559e+00 8.340434e+02 1.386712e+00
8.346536e+02 6.193870e+00 8.349164e+02 9.165074e+00 8.338906e+02 3.541638e+00 8.350878e+02 2.416605e+00 8.352298e+02 1.390135e+00
8.358392e+02 6.218937e+00 8.361023e+02 9.168556e+00 8.350751e+02 3.546505e+00 8.362740e+02 2.421651e+00 8.364162e+02 1.393558e+00
8.370248e+02 6.244004e+00 8.372883e+02 9.172037e+00 8.362596e+02 3.551372e+00 8.374602e+02 2.426697e+00 8.376026e+02 1.396981e+00
8.382104e+02 6.269071e+00 8.384743e+02 9.175519e+00 8.374441e+02 3.556238e+00 8.386464e+02 2.431743e+00 8.387890e+02 1.400404e+00
8.393960e+02 6.294138e+00 8.396602e+02 9.179001e+00 8.386286e+02 3.561105e+00 8.398326e+02 2.436789e+00 8.399754e+02 1.403828e+00
8.405816e+02 6.319206e+00 8.408462e+02 9.182482e+00 8.398131e+02 3.565972e+00 8.410188e+02 2.441835e+00 8.411618e+02 1.407251e+00
8.417672e+02 6.344273e+00 8.420321e+02 9.185964e+00 8.409976e+02 3.570839e+00 8.422050e+02 2.446881e+00 8.423482e+02 1.410674e+00
8.429528e+02 6.369340e+00 8.432181e+02 9.189446e+00 8.421821e+02 3.575706e+00 8.433912e+02 2.451927e+00 8.435346e+02 1.414097e+00
8.441383e+02 6.394407e+00 8.444041e+02 9.192928e+00 8.433666e+02 3.580573e+00 8.445774e+02 2.456972e+00 8.447210e+02 1.417520e+00
8.453239e+02 6.419474e+00 8.455900e+02 9.196409e+00 8.445511e+02 3.585440e+00 8.457636e+02 2.462018e+00 8.459075e+02 1.420943e+00
8.465095e+02 6.444542e+00 8.467760e+02 9.199891e+00 8.457356e+02 3.590307e+00 8.469498e+02 2.467064e+00 8.470939e+02 1.424366e+00
8.476951e+02 6.469609e+00 8.479619e+02 9.203373e+00 8.469201e+02 3.595174e+00 8.481360e+02 2.472110e+00 8.482803e+02 1.427789e+00
8.488807e+02 6.494676e+00 8.491479e+02 9.206854e+00 8.481047e+02 3.600041e+00 8.493222e+02 2.477156e+00 8.494667e+02 1.431213e+00
8.500663e+02 6.519743e+00 8.503339e+02 9.210336e+00 8.492892e+02 3.604908e+00 8.505084e+02 2.482202e+00 8.506531e+02 1.434636e+00
8.512519e+02 6.544810e+00 8.515198e+02 9.213818e+00 8.504737e+02 3.609774e+00 8.516946e+02 2.487248e+00 8.518395e+02 1.438059e+00
8.524375e+02 6.569877e+00 8.527058e+02 9.217300e+00 8.516582e+02 3.614641e+00 8.528809e+02 2.492294e+00 8.530259e+02 1.441482e+00
8.536230e+02 6.594945e+00 8.538918e+02 9.220781e+00 8.528427e+02 3.619508e+00 8.540671e+02 2.497340e+00 8.542123e+02 1.444905e+00
8.548086e+02 6.620012e+00 8.550777e+02 9.224263e+00 8.540272e+02 3.624375e+00 8.552533e+02 2.502386e+00 8.553987e+02 1.448328e+00
8.559942e+02 6.645079e+00 8.562637e+02 9.227745e+00 8.552117e+02 3.629242e+00 8.564395e+02 2.507432e+00 8.565851e+02 1.451751e+00
8.571798e+02 6.670146e+00 8.574496e+02 9.231226e+00 8.563962e+02 3.634109e+00 8.576257e+02 2.512478e+00 8.577715e+02 1.455174e+00
8.583654e+02 6.695213e+00 8.586356e+02 9.234708e+00 8.575807e+02 3.638976e+00 8.588119e+02 2.517524e+00 8.589579e+02 1.458598e+00
8.595510e+02 6.720281e+00 8.598216e+02 9.238190e+00 8.587652e+02 3.643843e+00 8.599981e+02 2.522570e+00 8.601443e+02 1.462021e+00
8.607366e+02 6.745348e+00 8.610075e+02 9.241671e+00 8.599497e+02 3.648710e+00 8.611843e+02 2.527616e+00 8.613307e+02 1.465444e+00
8.619222e+02 6.770415e+00 8.621935e+02 9.245153e+00 8.611342e+02 3.653577e+00 8.623705e+02 2.532662e+00 8.625171e+02 1.468867e+00
8.631077e+02 6.795482e+00 8.633794e+02 9.248635e+00 8.623187e+02 3.658444e+00 8.635567e+02 2.537708e+00 8.637035e+02 1.472290e+00
8.642933e+02 6.820549e+00 8.645654e+02 9.252117e+00 8.635032e+02 3.663310e+00 8.647429e+02 2.542753e+00 8.648899e+02 1.475713e+00
8.654789e+02 6.845616e+00 8.657514e+02 9.255598e+00 8.646877e+02 3.668177e+00 8.659291e+02 2.547799e+00 8.660764e+02 1.479136e+00
8.666645e+02 6.870684e+00 8.669373e+02 9.259080e+00 8.658722e+02 3.673044e+00 8.671153e+02 2.552845e+00 8.672628e+02 1.482560e+00
8.678501e+02 6.895751e+00 8.681233e+02 9.262562e+00 8.670567e+02 3.677911e+00 8.683015e+02 2.557891e+00 8.684492e+02 1.485983e+00
8.690357e+02 6.920818e+00 8.693092e+02 9.266043e+00 8.682412e+02 3.682778e+00 8.694877e+02 2.562937e+00 8.696356e+02 1.489406e+00
8.702213e+02 6.945885e+00 8.704952e+02 9.269525e+00 8.694257e+02 3.687645e+00 8.706739e+02 2.567983e+00 8.708220e+02 1.492829e+00
8.714069e+02 6.970952e+00 8.716812e+02 9.273007e+00 8.706102e+02 3.692512e+00 8.718601e+02 2.573029e+00 8.720084e+02 1.496252e+00
8.725924e+02 6.996019e+00 8.728671e+02 9.276488e+00 8.717947e+02 3.697379e+00 8.730463e+02 2.578075e+00 8.731948e+02 1.499675e+00
8.737780e+02 7.021087e+00 8.740531e+02 9.279970e+00 8.729792e+02 3.702246e+00 8.742325e+02 2.583121e+00 8.743812e+02 1.503098e+00
8.749636e+02 7.046154e+00 8.752390e+02 9.283452e+00 8.741637e+02 3.707113e+00 8.754187e+02 2.588167e+00 8.755676e+02 1.506521e+00
8.761492e+02 7.068212e+00 8.764250e+02 9.292499e+00 8.753482e+02 3.712119e+00 8.766049e+02 2.593550e+00 8.767540e+02 1.510167e+00
8.773348e+02 7.089462e+00 8.776110e+02 9.303041e+00 8.765327e+02 3.717164e+00 8.777911e+02 2.599025e+00 8.779404e+02 1.513872e+00
8.785204e+02 7.110711e+00 8.787969e+02 9.313584e+00 8.777172e+02 3.722208e+00 8.789773e+02 2.604499e+00 8.791268e+02 1.517577e+00
8.797060e+02 7.131961e+00 8.799829e+02 9.324127e+00 8.789017e+02 3.727252e+00 8.801636e+02 2.609973e+00 8.803132e+02 1.521282e+00
8.808916e+02 7.153211e+00 8.811689e+02 9.334670e+00 8.800863e+02 3.732296e+00 8.813498e+02 2.615447e+00 8.814996e+02 1.524988e+00
8.820771e+02 7.174460e+00 8.823548e+02 9.345212e+00 8.812708e+02 3.737341e+00 8.825360e+02 2.620921e+00 8.826860e+02 1.528693e+00
8.832627e+02 7.195710e+00 8.835408e+02 9.355755e+00 8.824553e+02 3.742385e+00 8.837222e+02 2.626395e+00 8.838724e+02 1.532398e+00
8.844483e+02 7.216959e+00 8.847267e+02 9.366298e+00 8.836398e+02 3.747429e+00 8.849084e+02 2.631869e+00 8.850588e+02 1.536103e+00
8.856339e+02 7.238209e+00 8.859127e+02 9.376840e+00 8.848243e+02 3.752473e+00 8.860946e+02 2.637344e+00 8.862453e+02 1.539808e+00
8.868195e+02 7.259459e+00 8.870987e+02 9.387383e+00 8.860088e+02 3.757518e+00 8.872808e+02 2.642818e+00 8.874317e+02 1.543514e+00
8.880051e+02 7.280708e+00 8.882846e+02 9.397926e+00 8.871933e+02 3.762562e+00 8.884670e+02 2.648292e+00 8.886181e+02 1.547219e+00
8.891907e+02 7.301958e+00 8.894706e+02 9.408469e+00 8.883778e+02 3.767606e+00 8.896532e+02 2.653766e+00 8.898045e+02 1.550924e+00
8.903763e+02 7.323208e+00 8.906565e+02 9.419011e+00 8.895623e+02 3.772650e+00 8.908394e+02 2.659240e+00 8.909909e+02 1.554629e+00
8.915619e+02 7.344457e+00 8.918425e+02 9.429554e+00 8.907468e+02 3.777695e+00 8.920256e+02 2.664714e+00 8.921773e+02 1.558334e+00
8.927474e+02 7.365707e+00 8.930285e+02 9.440097e+00 8.919313e+02 3.782739e+00 8.932118e+02 2.670188e+00 8.933637e+02 1.562040e+00
8.939330e+02 7.386956e+00 8.942144e+02 9.450639e+00 8.931158e+02 3.787783e+00 8.943980e+02 2.675663e+00 8.945501e+02 1.565745e+00
8.951186e+02 7.408206e+00 8.954004e+02 9.461182e+00 8.943003e+02 3.792827e+00 8.955842e+02 2.681137e+00 8.957365e+02 1.569450e+00
8.963042e+02 7.429456e+00 8.965863e+02 9.471725e+00 8.954848e+02 3.797872e+00 8.967704e+02 2.686611e+00 8.969229e+02 1.573155e+00
8.974898e+02 7.450705e+00 8.977723e+02 9.482268e+00 8.966693e+02 3.802916e+00 8.979566e+02 2.692085e+00 8.981093e+02 1.576860e+00
8.986754e+02 7.471955e+00 8.989583e+02 9.492810e+00 8.978538e+02 3.807960e+00 8.991428e+02 2.697559e+00 8.992957e+02 1.580566e+00
8.998610e+02 7.493204e+00 9.001442e+02 9.503353e+00 8.990383e+02 3.813004e+00 9.003290e+02 2.703033e+00 9.004821e+02 1.584271e+00
9.010466e+02 7.514454e+00 9.013302e+02 9.513896e+00 9.002228e+02 3.818049e+00 9.015152e+02 2.708507e+00 9.016685e+02 1.587976e+00
9.022321e+02 7.535704e+00 9.025161e+02 9.524438e+00 9.014073e+02 3.823093e+00 9.027014e+02 2.713982e+00 9.028549e+02 1.591681e+00
9.034177e+02 7.556953e+00 9.037021e+02 9.534981e+00 9.025918e+02 3.828137e+00 9.038876e+02 2.719456e+00 9.040413e+02 1.595386e+00
9.046033e+02 7.578203e+00 9.048881e+02 9.545524e+00 9.037763e+02 3.833181e+00 9.050738e+02 2.724930e+00 9.052277e+02 1.599092e+00
9.057889e+02 7.599452e+00 9.060740e+02 9.556067e+00 9.049608e+02 3.838226e+00 9.062600e+02 2.730404e+00 9.064142e+02 1.602797e+00
9.069745e+02 7.620702e+00 9.072600e+02 9.566609e+00 9.061453e+02 3.843270e+00 9.074462e+02 2.735878e+00 9.076006e+02 1.606502e+00
9.081601e+02 7.641952e+00 9.084459e+02 9.577152e+00 9.073298e+02 3.848314e+00 9.086325e+02 2.741352e+00 9.087870e+02 1.610207e+00
9.093457e+02 7.663201e+00 9.096319e+02 9.587695e+00 9.085143e+02 3.853358e+00 9.098187e+02 2.746826e+00 9.099734e+02 1.613912e+00
9.105313e+02 7.684451e+00 9.108179e+02 9.598237e+00 9.096988e+02 3.858403e+00 9.110049e+02 2.752300e+00 9.111598e+02 1.617617e+00
9.117168e+02 7.705701e+00 9.120038e+02 9.608780e+00 9.108833e+02 3.863447e+00 9.121911e+02 2.757775e+00 9.123462e+02 1.621323e+00
9.129024e+02 7.726950e+00 9.131898e+02 9.619323e+00 9.120679e+02 3.868491e+00 9.133773e+02 2.763249e+00 9.135326e+02 1.625028e+00
9.140880e+02 7.748200e+00 9.143758e+02 9.629866e+00 9.132524e+02 3.873535e+00 9.145635e+02 2.768723e+00 9.147190e+02 1.628733e+00
9.152736e+02 7.769449e+00 9.155617e+02 9.640408e+00 9.144369e+02 3.878580e+00 9.157497e+02 2.774197e+00 9.159054e+02 1.632438e+00
9.164592e+02 7.790699e+00 9.167477e+02 9.650951e+00 9.156214e+02 3.883624e+00 9.169359e+02 2.779671e+00 9.170918e+02 1.636143e+00
9.176448e+02 7.811949e+00 9.179336e+02 9.661494e+00 9.168059e+02 3.888668e+00 9.181221e+02 2.785145e+00 9.182782e+02 1.639849e+00
9.188304e+02 7.833198e+00 9.191196e+02 9.672036e+00 9.179904e+02 3.893712e+00 9.193083e+02 2.790619e+00 9.194646e+02 1.643554e+00
9.200160e+02 7.854448e+00 9.203056e+02 9.682579e+00 9.191749e+02 3.898757e+00 9.204945e+02 2.796094e+00 9.206510e+02 1.647259e+00
9.212015e+02 7.875697e+00 9.214915e+02 9.693122e+00 9.203594e+02 3.903801e+00 9.216807e+02 2.801568e+00 9.218374e+02 1.650964e+00
9.223871e+02 7.893378e+00 9.226775e+02 9.716049e+00 9.215439e+02 3.909039e+00 9.228669e+02 2.807357e+00 9.230238e+02 1.655060e+00
9.235727e+02 7.910810e+00 9.238634e+02 9.739839e+00 9.227284e+02 3.914291e+00 9.240531e+02 2.813168e+00 9.242102e+02 1.659182e+00
9.247583e+02 7.928242e+00 9.250494e+02 9.763629e+00 9.239129e+02 3.919543e+00 9.252393e+02 2.818980e+00 9.253967e+02 1.663305e+00
9.259439e+02 7.945674e+00 9.262354e+02 9.787418e+00 9.250974e+02 3.924795e+00 9.264255e+02 2.824791e+00 9.265831e+02 1.667427e+00
9.271295e+02 7.963106e+00 9.274213e+02 9.811208e+00 9.262819e+02 3.930047e+00 9.276117e+02 2.830602e+00 9.277695e+02 1.671550e+00
9.283151e+02 7.980538e+00 9.286073e+02 9.834998e+00 9.274664e+02 3.935299e+00 9.287979e+02 2.836413e+00 9.289559e+02 1.675673e+00
9.295007e+02 7.997970e+00 9.297932e+02 9.858788e+00 9.286509e+02 3.940551e+00 9.299841e+02 2.842225e+00 9.301423e+02 1.679795e+00
9.306862e+02 8.015402e+00 9.309792e+02 9.882577e+00 9.298354e+02 3.945803e+00 9.311703e+02 2.848036e+00 9.313287e+02 1.683918e+00
9.318718e+02 8.032834e+00 9.321652e+02 9.906367e+00 9.310199e+02 3.951055e+00 9.323565e+02 2.853847e+00 9.325151e+02 1.688040e+00
9.330574e+02 8.050266e+00 9.333511e+02 9.930157e+00 9.322044e+02 3.956307e+00 9.335427e+02 2.859659e+00 9.337015e+02 1.692163e+00
9.342430e+02 8.067699e+00 9.345371e+02 9.953947e+00 9.333889e+02 3.961559e+00 9.347289e+02 2.865470e+00 9.348879e+02 1.696286e+00
9.354286e+02 8.085131e+00 9.357230e+02 9.977736e+00 9.345734e+02 3.966811e+00 9.359152e+02 2.871281e+00 9.360743e+02 1.700408e+00
9.366142e+02 8.102563e+00 9.369090e+02 1.000153e+01 9.357579e+02 3.972063e+00 9.371014e+02 2.877092e+00 9.372607e+02 1.704531e+00
9.377998e+02 8.119995e+00 9.380950e+02 1.002532e+01 9.369424e+02 3.977315e+00 9.382876e+02 2.882904e+00 9.384471e+02 1.708653e+00
9.389854e+02 8.137427e+00 9.392809e+02 1.004911e+01 9.381269e+02 3.982567e+00 9.394738e+02 2.888715e+00 9.396335e+02 1.712776e+00
9.401709e+02 8.154859e+00 9.404669e+02 1.007290e+01 9.393114e+02 3.987819e+00 9.406600e+02 2.894526e+00 9.408199e+02 1.716898e+00
9.413565e+02 8.172291e+00 9.416529e+02 1.009669e+01 9.404959e+02 3.993071e+00 9.418462e+02 2.900338e+00 9.420063e+02 1.721021e+00
9.425421e+02 8.189723e+00 9.428388e+02 1.012047e+01 9.416804e+02 3.998323e+00 9.430324e+02 2.906149e+00 9.431927e+02 1.725144e+00
9.437277e+02 8.207155e+00 9.440248e+02 1.014426e+01 9.428649e+02 4.003575e+00 9.442186e+02 2.911960e+00 9.443791e+02 1.729266e+00
9.449133e+02 8.224587e+00 9.452107e+02 1.016805e+01 9.440495e+02 4.008827e+00 9.454048e+02 2.917771e+00 9.455656e+02 1.733389e+00
9.460989e+02 8.242019e+00 9.463967e+02 1.019184e+01 9.452340e+02 4.014079e+00 9.465910e+02 2.923583e+00 9.467520e+02 1.737511e+00
9.472845e+02 8.259451e+00 9.475827e+02 1.021563e+01 9.464185e+02 4.019331e+00 9.477772e+02 2.929394e+00 9.479384e+02 1.741634e+00
9.484701e+02 8.276883e+00 9.487686e+02 1.023942e+01 9.476030e+02 4.024583e+00 9.489634e+02 2.935205e+00 9.491248e+02 1.745757e+00
9.496556e+02 8.294315e+00 9.499546e+02 1.026321e+01 9.487875e+02 4.029835e+00 9.501496e+02 2.941017e+00 9.503112e+02 1.749879e+00
9.508412e+02 8.311747e+00 9.511405e+02 1.028700e+01 9.499720e+02 4.035087e+00 9.513358e+02 2.946828e+00 9.514976e+02 1.754002e+00
9.520268e+02 8.329179e+00 9.523265e+02 1.031079e+01 9.511565e+02 4.040339e+00 9.525220e+02 2.952639e+00 9.526840e+02 1.758124e+00
9.532124e+02 8.346611e+00 9.535125e+02 1.033458e+01 9.523410e+02 4.045591e+00 9.537082e+02 2.958450e+00 9.538704e+02 1.762247e+00
9.543980e+02 8.364043e+00 9.546984e+02 1.035837e+01 9.535255e+02 4.050843e+00 9.548944e+02 2.964262e+00 9.550568e+02 1.766370e+00
9.555836e+02 8.381475e+00 9.558844e+02 1.038216e+01 9.547100e+02 4.056095e+00 9.560806e+02 2.970073e+00 9.562432e+02 1.770492e+00
9.567692e+02 8.398907e+00 9.570703e+02 1.040595e+01 9.558945e+02 4.061347e+00 9.572668e+02 2.975884e+00 9.574296e+02 1.774615e+00
9.579548e+02 8.416339e+00 9.582563e+02 1.042974e+01 9.570790e+02 4.066599e+00 9.584530e+02 2.981695e+00 9.586160e+02 1.778737e+00
9.591403e+02 8.433771e+00 9.594423e+02 1.045353e+01 9.582635e+02 4.071850e+00 9.596392e+02 2.987507e+00 9.598024e+02 1.782860e+00
9.603259e+02 8.451204e+00 9.606282e+02 1.047732e+01 9.594480e+02 4.077102e+00 9.608254e+02 2.993318e+00 9.609888e+02 1.786983e+00
9.615115e+02 8.468636e+00 9.618142e+02 1.050111e+01 9.606325e+02 4.082354e+00 9.620116e+02 2.999129e+00 9.621752e+02 1.791105e+00
9.626971e+02 8.486068e+00 9.630001e+02 1.052490e+01 9.618170e+02 4.087606e+00 9.631978e+02 3.004941e+00 9.633616e+02 1.795228e+00
9.638827e+02 8.503500e+00 9.641861e+02 1.054869e+01 9.630015e+02 4.092858e+00 9.643841e+02 3.010752e+00 9.645480e+02 1.799350e+00
9.650683e+02 8.520932e+00 9.653721e+02 1.057248e+01 9.641860e+02 4.098110e+00 9.655703e+02 3.016563e+00 9.657345e+02 1.803473e+00
9.662539e+02 8.538364e+00 9.665580e+02 1.059627e+01 9.653705e+02 4.103362e+00 9.667565e+02 3.022374e+00 9.669209e+02 1.807595e+00
9.674395e+02 8.555484e+00 9.677440e+02 1.062135e+01 9.665550e+02 4.108634e+00 9.679427e+02 3.028206e+00 9.681073e+02 1.811763e+00
9.686250e+02 8.569099e+00 9.689299e+02 1.066100e+01 9.677395e+02 4.114124e+00 9.691289e+02 3.034263e+00 9.692937e+02 1.816439e+00
9.698106e+02 8.582713e+00 9.701159e+02 1.070065e+01 9.689240e+02 4.119614e+00 9.703151e+02 3.040320e+00 9.704801e+02 1.821114e+00
9.709962e+02 8.596328e+00 9.713019e+02 1.074030e+01 9.701085e+02 4.125104e+00 9.715013e+02 3.046378e+00 9.716665e+02 1.825789e+00
9.721818e+02 8.609942e+00 9.724878e+02 1.077995e+01 9.712930e+02 4.130594e+00 9.726875e+02 3.052435e+00 9.728529e+02 1.830465e+00
9.733674e+02 8.623557e+00 9.736738e+02 1.081961e+01 9.724775e+02 4.136084e+00 9.738737e+02 3.058493e+00 9.740393e+02 1.835140e+00
9.745530e+02 8.637171e+00 9.748598e+02 1.085926e+01 9.736620e+02 4.141574e+00 9.750599e+02 3.064550e+00 9.752257e+02 1.839815e+00
9.757386e+02 8.650786e+00 9.760457e+02 1.089891e+01 9.748465e+02 4.147064e+00 9.762461e+02 3.070607e+00 9.764121e+02 1.844491e+00
9.769242e+02 8.664400e+00 9.772317e+02 1.093856e+01 9.760311e+02 4.152554e+00 9.774323e+02 3.076665e+00 9.775985e+02 1.849166e+00
9.781097e+02 8.678014e+00 9.784176e+02 1.097821e+01 9.772156e+02 4.158044e+00 9.786185e+02 3.082722e+00 9.787849e+02 1.853841e+00
9.792953e+02 8.691629e+00 9.796036e+02 1.101786e+01 9.784001e+02 4.163535e+00 9.798047e+02 3.088779e+00 9.799713e+02 1.858517e+00
9.804809e+02 8.705243e+00 9.807896e+02 1.105751e+01 9.795846e+02 4.169025e+00 9.809909e+02 3.094837e+00 9.811577e+02 1.863192e+00
9.816665e+02 8.718858e+00 9.819755e+02 1.109716e+01 9.807691e+02 4.174515e+00 9.821771e+02 3.100894e+00 9.823441e+02 1.867867e+00
9.828521e+02 8.732472e+00 9.831615e+02 1.113681e+01 9.819536e+02 4.180005e+00 9.833633e+02 3.106951e+00 9.835305e+02 1.872543e+00
9.840377e+02 8.746087e+00 9.843474e+02 1.117646e+01 9.831381e+02 4.185495e+00 9.845495e+02 3.113009e+00 9.847169e+02 1.877218e+00
9.852233e+02 8.759701e+00 9.855334e+02 1.121611e+01 9.843226e+02 4.190985e+00 9.857357e+02 3.119066e+00 9.859034e+02 1.881893e+00
9.864089e+02 8.773316e+00 9.867194e+02 1.125576e+01 9.855071e+02 4.196475e+00 9.869219e+02 3.125123e+00 9.870898e+02 1.886569e+00
9.875944e+02 8.786930e+00 9.879053e+02 1.129541e+01 9.866916e+02 4.201965e+00 9.881081e+02 3.131181e+00 9.882762e+02 1.891244e+00
9.887800e+02 8.800545e+00 9.890913e+02 1.133506e+01 9.878761e+02 4.207455e+00 9.892943e+02 3.137238e+00 9.894626e+02 1.895919e+00
9.899656e+02 8.814159e+00 9.902772e+02 1.137471e+01 9.890606e+02 4.212945e+00 9.904805e+02 3.143295e+00 9.906490e+02 1.900595e+00
9.911512e+02 8.827774e+00 9.914632e+02 1.141436e+01 9.902451e+02 4.218435e+00 9.916668e+02 3.149353e+00 9.918354e+02 1.905270e+00
9.923368e+02 8.841388e+00 9.926492e+02 1.145401e+01 9.914296e+02 4.223925e+00 9.928530e+02 3.155410e+00 9.930218e+02 1.909945e+00
9.935224e+02 8.855003e+00 9.938351e+02 1.149366e+01 9.926141e+02 4.229416e+00 9.940392e+02 3.161468e+00 9.942082e+02 1.914620e+00
9.947080e+02 8.868617e+00 9.950211e+02 1.153331e+01 9.937986e+02 4.234906e+00 9.952254e+02 3.167525e+00 9.953946e+02 1.919296e+00
9.958936e+02 8.882232e+00 9.962070e+02 1.157296e+01 9.949831e+02 4.240396e+00 9.964116e+02 3.173582e+00 9.965810e+02 1.923971e+00
9.970791e+02 8.895846e+00 9.973930e+02 1.161261e+01 9.961676e+02 4.245886e+00 9.975978e+02 3.179640e+00 9.977674e+02 1.928646e+00
9.982647e+02 8.909461e+00 9.985790e+02 1.165226e+01 9.973521e+02 4.251376e+00 9.987840e+02 3.185697e+00 9.989538e+02 1.933322e+00
9.994503e+02 8.923075e+00 9.997649e+02 1.169191e+01 9.985366e+02 4.256866e+00 9.999702e+02 3.191754e+00 1.000140e+03 1.937997e+00
1.000636e+03 8.936690e+00 1.000951e+03 1.173156e+01 9.997211e+02 4.262356e+00 1.001156e+03 3.197812e+00 1.001327e+03 1.942672e+00
1.001821e+03 8.950304e+00 1.002137e+03 1.177121e+01 1.000906e+03 4.267846e+00 1.002343e+03 3.203869e+00 1.002513e+03 1.947348e+00
1.003007e+03 8.963919e+00 1.003323e+03 1.181086e+01 1.002090e+03 4.273336e+00 1.003529e+03 3.209926e+00 1.003699e+03 1.952023e+00
1.004193e+03 8.977533e+00 1.004509e+03 1.185051e+01 1.003275e+03 4.278826e+00 1.004715e+03 3.215984e+00 1.004886e+03 1.956698e+00
1.005378e+03 8.991148e+00 1.005695e+03 1.189016e+01 1.004459e+03 4.284316e+00 1.005901e+03 3.222041e+00 1.006072e+03 1.961374e+00
1.006564e+03 9.004762e+00 1.006881e+03 1.192981e+01 1.005644e+03 4.289806e+00 1.007087e+03 3.228098e+00 1.007259e+03 1.966049e+00
1.007749e+03 9.018376e+00 1.008067e+03 1.196946e+01 1.006828e+03 4.295297e+00 1.008274e+03 3.234156e+00 1.008445e+03 1.970724e+00
1.008935e+03 9.031991e+00 1.009253e+03 1.200911e+01 1.008013e+03 4.300787e+00 1.009460e+03 3.240213e+00 1.009631e+03 1.975400e+00
1.010121e+03 9.045605e+00 1.010439e+03 1.204876e+01 1.009197e+03 4.306277e+00 1.010646e+03 3.246270e+00 1.010818e+03 1.980075e+00
1.011306e+03 9.059220e+00 1.011625e+03 1.208841e+01 1.010382e+03 4.311767e+00 1.011832e+03 3.252328e+00 1.012004e+03 1.984750e+00
1.012492e+03 9.072834e+00 1.012810e+03 1.212806e+01 1.011566e+03 4.317257e+00 1.013018e+03 3.258385e+00 1.013191e+03 1.989426e+00
1.013677e+03 9.085692e+00 1.013996e+03 1.216870e+01 1.012751e+03 4.322805e+00 1.014205e+03 3.264467e+00 1.014377e+03 1.994215e+00
1.014863e+03 9.095991e+00 1.015182e+03 1.221267e+01 1.013935e+03 4.328548e+00 1.015391e+03 3.270632e+00 1.015564e+03 1.999390e+00
1.016049e+03 9.106291e+00 1.016368e+03 1.225664e+01 1.015120e+03 4.334291e+00 1.016577e+03 3.276797e+00 1.016750e+03 2.004564e+00
1.017234e+03 9.116591e+00 1.017554e+03 1.230061e+01 1.016304e+03 4.340034e+00 1.017763e+03 3.282962e+00 1.017936e+03 2.009739e+00
1.018420e+03 9.126890e+00 1.018740e+03 1.234458e+01 1.017489e+03 4.345777e+00 1.018949e+03 3.289127e+00 1.019123e+03 2.014913e+00
1.019605e+03 9.137190e+00 1.019926e+03 1.238855e+01 1.018673e+03 4.351520e+00 1.020136e+03 3.295292e+00 1.020309e+03 2.020088e+00
1.020791e+03 9.147489e+00 1.021112e+03 1.243252e+01 1.019858e+03 4.357263e+00 1.021322e+03 3.301457e+00 1.021496e+03 2.025262e+00
1.021976e+03 9.157789e+00 1.022298e+03 1.247649e+01 1.021042e+03 4.363006e+00 1.022508e+03 3.307621e+00 1.022682e+03 2.030437e+00
1.023162e+03 9.168089e+00 1.023484e+03 1.252046e+01 1.022227e+03 4.368749e+00 1.023694e+03 3.313786e+00 1.023868e+03 2.035611e+00
1.024348e+03 9.178388e+00 1.024670e+03 1.256444e+01 1.023411e+03 4.374492e+00 1.024880e+03 3.319951e+00 1.025055e+03 2.040786e+00
1.025533e+03 9.188688e+00 1.025856e+03 1.260841e+01 1.024596e+03 4.380235e+00 1.026067e+03 3.326116e+00 1.026241e+03 2.045960e+00
1.026719e+03 9.198987e+00 1.027042e+03 1.265238e+01 1.025780e+03 4.385978e+00 1.027253e+03 3.332281e+00 1.027428e+03 2.051135e+00
1.027904e+03 9.209287e+00 1.028228e+03 1.269635e+01 1.026965e+03 4.391721e+00 1.028439e+03 3.338446e+00 1.028614e+03 2.056309e+00
1.029090e+03 9.219586e+00 1.029414e+03 1.274032e+01 1.028149e+03 4.397464e+00 1.029625e+03 3.344611e+00 1.029800e+03 2.061483e+00
1.030276e+03 9.229886e+00 1.030600e+03 1.278429e+01 1.029334e+03 4.403207e+00 1.030811e+03 3.350776e+00 1.030987e+03 2.066658e+00
1.031461e+03 9.240186e+00 1.031786e+03 1.282826e+01 1.030518e+03 4.408950e+00 1.031998e+03 3.356941e+00 1.032173e+03 2.071832e+00
1.032647e+03 9.250485e+00 1.032972e+03 1.287223e+01 1.031703e+03 4.414693e+00 1.033184e+03 3.363106e+00 1.033360e+03 2.077007e+00
1.033832e+03 9.260785e+00 1.034158e+03 1.291620e+01 1.032887e+03 4.420436e+00 1.034370e+03 3.369271e+00 1.034546e+03 2.082181e+00
1.035018e+03 9.271084e+00 1.035344e+03 1.296017e+01 1.034072e+03 4.426179e+00 1.035556e+03 3.375435e+00 1.035732e+03 2.087356e+00
1.036204e+03 9.281384e+00 1.036530e+03 1.300414e+01 1.035256e+03 4.431922e+00 1.036743e+03 3.381600e+00 1.036919e+03 2.092530e+00
1.037389e+03 9.291684e+00 1.037716e+03 1.304812e+01 1.036441e+03 4.437665e+00 1.037929e+03 3.387765e+00 1.038105e+03 2.097705e+00
1.038575e+03 9.301983e+00 1.038902e+03 1.309209e+01 1.037625e+03 4.443408e+00 1.039115e+03 3.393930e+00 1.039292e+03 2.102879e+00
1.039760e+03 9.312283e+00 1.040088e+03 1.313606e+01 1.038810e+03 4.449151e+00 1.040301e+03 3.400095e+00 1.040478e+03 2.108054e+00
1.040946e+03 9.322582e+00 1.041274e+03 1.318003e+01 1.039994e+03 4.454894e+00 1.041487e+03 3.406260e+00 1.041664e+03 2.113228e+00
1.042131e+03 9.332882e+00 1.042460e+03 1.322400e+01 1.041179e+03 4.460637e+00 1.042674e+03 3.412425e+00 1.042851e+03 2.118403e+00
1.043317e+03 9.343182e+00 1.043645e+03 1.326797e+01 1.042363e+03 4.466380e+00 1.043860e+03 3.418590e+00 1.044037e+03 2.123577e+00
1.044503e+03 9.353481e+00 1.044831e+03 1.331194e+01 1.043548e+03 4.472123e+00 1.045046e+03 3.424755e+00 1.045224e+03 2.128752e+00
1.045688e+03 9.363781e+00 1.046017e+03 1.335591e+01 1.044732e+03 4.477866e+00 1.046232e+03 3.430920e+00 1.046410e+03 2.133926e+00
1.046874e+03 9.374080e+00 1.047203e+03 1.339988e+01 1.045917e+03 4.483609e+00 1.047418e+03 3.437085e+00 1.047596e+03 2.139101e+00
1.048059e+03 9.384380e+00 1.048389e+03 1.344385e+01 1.047101e+03 4.489352e+00 1.048605e+03 3.443249e+00 1.048783e+03 2.144275e+00
1.049245e+03 9.394680e+00 1.049575e+03 1.348783e+01 1.048286e+03 4.495095e+00 1.049791e+03 3.449414e+00 1.049969e+03 2.149450e+00
1.050431e+03 9.404979e+00 1.050761e+03 1.353180e+01 1.049470e+03 4.500838e+00 1.050977e+03 3.455579e+00 1.051156e+03 2.154624e+00
1.051616e+03 9.415279e+00 1.051947e+03 1.357577e+01 1.050655e+03 4.506581e+00 1.052163e+03 3.461744e+00 1.052342e+03 2.159799e+00
1.052802e+03 9.425578e+00 1.053133e+03 1.361974e+01 1.051839e+03 4.512324e+00 1.053349e+03 3.467909e+00 1.053528e+03 2.164973e+00
1.053987e+03 9.435878e+00 1.054319e+03 1.366371e+01 1.053024e+03 4.518067e+00 1.054536e+03 3.474074e+00 1.054715e+03 2.170148e+00
1.055173e+03 9.446177e+00 1.055505e+03 1.370768e+01 1.054208e+03 4.523810e+00 1.055722e+03 3.480239e+00 1.055901e+03 2.175322e+00
1.056359e+03 9.456477e+00 1.056691e+03 1.375165e+01 1.055393e+03 4.529553e+00 1.056908e+03 3.486404e+00 1.057088e+03 2.180497e+00
1.057544e+03 9.466777e+00 1.057877e+03 1.379562e+01 1.056577e+03 4.535296e+00 1.058094e+03 3.492569e+00 1.058274e+03 2.185671e+00
1.058730e+03 9.477076e+00 1.059063e+03 1.383959e+01 1.057762e+03 4.541039e+00 1.059280e+03 3.498734e+00 1.059461e+03 2.190846e+00
1.059915e+03 9.486780e+00 1.060249e+03 1.388058e+01 1.058946e+03 4.546860e+00 1.060467e+03 3.504878e+00 1.060647e+03 2.196101e+00
1.061101e+03 9.495492e+00 1.061435e+03 1.391661e+01 1.060131e+03 4.552810e+00 1.061653e+03 3.510988e+00 1.061833e+03 2.201490e+00
1.062286e+03 9.504204e+00 1.062621e+03 1.395263e+01 1.061315e+03 4.558760e+00 1.062839e+03 3.517098e+00 1.063020e+03 2.206880e+00
1.063472e+03 9.512916e+00 1.063807e+03 1.398866e+01 1.062500e+03 4.564710e+00 1.064025e+03 3.523208e+00 1.064206e+03 2.212269e+00
1.064658e+03 9.521628e+00 1.064993e+03 1.402468e+01 1.063684e+03 4.570660e+00 1.065211e+03 3.529318e+00 1.065393e+03 2.217659e+00
1.065843e+03 9.530340e+00 1.066179e+03 1.406071e+01 1.064869e+03 4.576610e+00 1.066398e+03 3.535428e+00 1.066579e+03 2.223048e+00
1.067029e+03 9.539051e+00 1.067365e+03 1.409673e+01 1.066053e+03 4.582560e+00 1.067584e+03 3.541538e+00 1.067765e+03 2.228438e+00
1.068214e+03 9.547763e+00 1.068551e+03 1.413276e+01 1.067238e+03 4.588510e+00 1.068770e+03 3.547649e+00 1.068952e+03 2.233827e+00
1.069400e+03 9.556475e+00 1.069737e+03 1.416878e+01 1.068422e+03 4.594460e+00 1.069956e+03 3.553759e+00 1.070138e+03 2.239217e+00
1.070586e+03 9.565187e+00 1.070923e+03 1.420481e+01 1.069607e+03 4.600410e+00 1.071142e+03 3.559869e+00 1.071325e+03 2.244606e+00
1.071771e+03 9.573899e+00 1.072109e+03 1.424083e+01 1.070791e+03 4.606360e+00 1.072329e+03 3.565979e+00 1.072511e+03 2.249996e+00
1.072957e+03 9.582611e+00 1.073294e+03 1.427686e+01 1.071976e+03 4.612310e+00 1.073515e+03 3.572089e+00 1.073697e+03 2.255385e+00
1.074142e+03 9.591322e+00 1.074480e+03 1.431289e+01 1.073160e+03 4.618260e+00 1.074701e+03 3.578199e+00 1.074884e+03 2.260775e+00
1.075328e+03 9.600034e+00 1.075666e+03 1.434891e+01 1.074345e+03 4.624210e+00 1.075887e+03 3.584309e+00 1.076070e+03 2.266164e+00
1.076514e+03 9.608746e+00 1.076852e+03 1.438494e+01 1.075529e+03 4.630160e+00 1.077073e+03 3.590419e+00 1.077257e+03 2.271554e+00
1.077699e+03 9.617458e+00 1.078038e+03 1.442096e+01 1.076714e+03 4.636110e+00 1.078260e+03 3.596529e+00 1.078443e+03 2.276943e+00
1.078885e+03 9.626170e+00 1.079224e+03 1.445699e+01 1.077898e+03 4.642060e+00 1.079446e+03 3.602639e+00 1.079629e+03 2.282333e+00
1.080070e+03 9.634882e+00 1.080410e+03 1.449301e+01 1.079083e+03 4.648010e+00 1.080632e+03 3.608749e+00 1.080816e+03 2.287722e+00
1.081256e+03 9.643594e+00 1.081596e+03 1.452904e+01 1.080267e+03 4.653960e+00 1.081818e+03 3.614860e+00 1.082002e+03 2.293112e+00
1.082441e+03 9.652305e+00 1.082782e+03 1.456506e+01 1.081452e+03 4.659910e+00 1.083004e+03 3.620970e+00 1.083189e+03 2.298501e+00
1.083627e+03 9.661017e+00 1.083968e+03 1.460109e+01 1.082636e+03 4.665860e+00 1.084191e+03 3.627080e+00 1.084375e+03 2.303891e+00
1.084813e+03 9.669729e+00 1.085154e+03 1.463711e+01 1.083821e+03 4.671810e+00 1.085377e+03 3.633190e+00 1.085561e+03 2.309280e+00
1.085998e+03 9.678441e+00 1.086340e+03 1.467314e+01 1.085005e+03 4.677760e+00 1.086563e+03 3.639300e+00 1.086748e+03 2.314670e+00
1.087184e+03 9.687153e+00 1.087526e+03 1.470916e+01 1.086190e+03 4.683710e+00 1.087749e+03 3.645410e+00 1.087934e+03 2.320060e+00
1.088369e+03 9.695865e+00 1.088712e+03 1.474519e+01 1.087374e+03 4.689660e+00 1.088935e+03 3.651520e+00 1.089121e+03 2.325449e+00
1.089555e+03 9.704577e+00 1.089898e+03 1.478121e+01 1.088559e+03 4.695610e+00 1.090122e+03 3.657630e+00 1.090307e+03 2.330839e+00
1.090741e+03 9.713288e+00 1.091084e+03 1.481724e+01 1.089743e+03 4.701560e+00 1.091308e+03 3.663740e+00 1.091493e+03 2.336228e+00
1.091926e+03 9.722000e+00 1.092270e+03 1.485326e+01 1.090928e+03 4.707510e+00 1.092494e+03 3.669850e+00 1.092680e+03 2.341618e+00
1.093112e+03 9.730712e+00 1.093456e+03 1.488929e+01 1.092112e+03 4.713460e+00 1.093680e+03 3.675960e+00 1.093866e+03 2.347007e+00
1.094297e+03 9.739424e+00 1.094642e+03 1.492531e+01 1.093297e+03 4.719410e+00 1.094867e+03 3.682071e+00 1.095053e+03 2.352397e+00
1.095483e+03 9.748136e+00 1.095828e+03 1.496134e+01 1.094481e+03 4.725360e+00 1.096053e+03 3.688181e+00 1.096239e+03 2.357786e+00
1.096668e+03 9.756848e+00 1.097014e+03 1.499736e+01 1.095666e+03 4.731310e+00 1.097239e+03 3.694291e+00 1.097426e+03 2.363176e+00
1.097854e+03 9.765560e+00 1.098200e+03 1.503339e+01 1.096850e+03 4.737260e+00 1.098425e+03 3.700401e+00 1.098612e+03 2.368565e+00
1.099040e+03 9.774271e+00 1.099386e+03 1.506941e+01 1.098035e+03 4.743210e+00 1.099611e+03 3.706511e+00 1.099798e+03 2.373955e+00
1.100225e+03 9.782983e+00 1.100572e+03 1.510544e+01 1.099219e+03 4.749160e+00 1.100798e+03 3.712621e+00 1.100985e+03 2.379344e+00
1.101411e+03 9.791695e+00 1.101758e+03 1.514146e+01 1.100404e+03 4.755110e+00 1.101984e+03 3.718731e+00 1.102171e+03 2.384734e+00
1.102596e+03 9.800407e+00 1.102944e+03 1.517749e+01 1.101588e+03 4.761060e+00 1.103170e+03 3.724841e+00 1.103358e+03 2.390123e+00
1.103782e+03 9.809119e+00 1.104129e+03 1.521351e+01 1.102773e+03 4.767010e+00 1.104356e+03 3.730951e+00 1.104544e+03 2.395513e+00
1.104968e+03 9.817831e+00 1.105315e+03 1.524954e+01 1.103957e+03 4.772960e+00 1.105542e+03 3.737061e+00 1.105730e+03 2.400902e+00
1.106153e+03 9.826615e+00 1.106501e+03 1.528142e+01 1.105142e+03 4.778988e+00 1.106729e+03 3.743061e+00 1.106917e+03 2.406247e+00
1.107339e+03 9.835467e+00 1.107687e+03 1.530950e+01 1.106326e+03 4.785087e+00 1.107915e+03 3.748959e+00 1.108103e+03 2.411551e+00
1.108524e+03 9.844318e+00 1.108873e+03 1.533758e+01 1.107511e+03 4.791187e+00 1.109101e+03 3.754858e+00 1.109290e+03 2.416855e+00
1.109710e+03 9.853169e+00 1.110059e+03 1.536565e+01 1.108695e+03 4.797287e+00 1.110287e+03 3.760756e+00 1.110476e+03 2.422158e+00
1.110896e+03 9.862020e+00 1.111245e+03 1.539373e+01 1.109880e+03 4.803386e+00 1.111473e+03 3.766654e+00 1.111662e+03 2.427462e+00
1.112081e+03 9.870872e+00 1.112431e+03 1.542181e+01 1.111064e+03 4.809486e+00 1.112660e+03 3.772552e+00 1.112849e+03 2.432766e+00
1.113267e+03 9.879723e+00 1.113617e+03 1.544989e+01 1.112249e+03 4.815585e+00 1.113846e+03 3.778451e+00 1.114035e+03 2.438070e+00
1.114452e+03 9.888574e+00 1.114803e+03 1.547797e+01 1.113433e+03 4.821685e+00 1.115032e+03 3.784349e+00 1.115222e+03 2.443374e+00
1.115638e+03 9.897425e+00 1.115989e+03 1.550605e+01 1.114618e+03 4.827785e+00 1.116218e+03 3.790247e+00 1.116408e+03 2.448678e+00
1.116823e+03 9.906277e+00 1.117175e+03 1.553413e+01 1.115802e+03 4.833884e+00 1.117404e+03 3.796146e+00 1.117594e+03 2.453981e+00
1.118009e+03 9.915128e+00 1.118361e+03 1.556221e+01 1.116987e+03 4.839984e+00 1.118591e+03 3.802044e+00 1.118781e+03 2.459285e+00
1.119195e+03 9.923979e+00 1.119547e+03 1.559029e+01 1.118171e+03 4.846083e+00 1.119777e+03 3.807942e+00 1.119967e+03 2.464589e+00
1.120380e+03 9.932830e+00 1.120733e+03 1.561837e+01 1.119356e+03 4.852183e+00 1.120963e+03 3.813841e+00 1.121154e+03 2.469893e+00
1.121566e+03 9.941682e+00 1.121919e+03 1.564645e+01 1.120541e+03 4.858283e+00 1.122149e+03 3.819739e+00 1.122340e+03 2.475197e+00
1.122751e+03 9.950533e+00 1.123105e+03 1.567453e+01 1.121725e+03 4.864382e+00 1.123335e+03 3.825637e+00 1.123526e+03 2.480501e+00
1.123937e+03 9.959384e+00 1.124291e+03 1.570261e+01 1.122910e+03 4.870482e+00 1.124522e+03 3.831536e+00 1.124713e+03 2.485805e+00
1.125123e+03 9.968236e+00 1.125477e+03 1.573068e+01 1.124094e+03 4.876581e+00 1.125708e+03 3.837434e+00 1.125899e+03 2.491108e+00
1.126308e+03 9.977087e+00 1.126663e+03 1.575876e+01 1.125279e+03 4.882681e+00 1.126894e+03 3.843332e+00 1.127086e+03 2.496412e+00
1.127494e+03 9.985938e+00 1.127849e+03 1.578684e+01 1.126463e+03 4.888781e+00 1.128080e+03 3.849231e+00 1.128272e+03 2.501716e+00
1.128679e+03 9.994789e+00 1.129035e+03 1.581492e+01 1.127648e+03 4.894880e+00 1.129266e+03 3.855129e+00 1.129458e+03 2.507020e+00
1.129865e+03 1.000364e+01 1.130221e+03 1.584300e+01 1.128832e+03 4.900980e+00 1.130453e+03 3.861027e+00 1.130645e+03 2.512324e+00
1.131051e+03 1.001249e+01 1.131407e+03 1.587108e+01 1.130017e+03 4.907079e+00 1.131639e+03 3.866925e+00 1.131831e+03 2.517628e+00
1.132236e+03 1.002134e+01 1.132593e+03 1.589916e+01 1.131201e+03 4.913179e+00 1.132825e+03 3.872824e+00 1.133018e+03 2.522931e+00
1.133422e+03 1.003019e+01 1.133778e+03 1.592724e+01 1.132386e+03 4.919278e+00 1.134011e+03 3.878722e+00 1.134204e+03 2.528235e+00
1.134607e+03 1.003905e+01 1.134964e+03 1.595532e+01 1.133570e+03 4.925378e+00 1.135197e+03 3.884620e+00 1.135391e+03 2.533539e+00
1.135793e+03 1.004790e+01 1.136150e+03 1.598340e+01 1.134755e+03 4.931478e+00 1.136384e+03 3.890519e+00 1.136577e+03 2.538843e+00
1.136978e+03 1.005675e+01 1.137336e+03 1.601148e+01 1.135939e+03 4.937577e+00 1.137570e+03 3.896417e+00 1.137763e+03 2.544147e+00
1.138164e+03 1.006560e+01 1.138522e+03 1.603956e+01 1.137124e+03 4.943677e+00 1.138756e+03 3.902315e+00 1.138950e+03 2.549451e+00
1.139350e+03 1.007445e+01 1.139708e+03 1.606764e+01 1.138308e+03 4.949776e+00 1.139942e+03 3.908214e+00 1.140136e+03 2.554754e+00
1.140535e+03 1.008330e+01 1.140894e+03 1.609572e+01 1.139493e+03 4.955876e+00 1.141128e+03 3.914112e+00 1.141323e+03 2.560058e+00
1.141721e+03 1.009215e+01 1.142080e+03 1.612379e+01 1.140677e+03 4.961976e+00 1.142315e+03 3.920010e+00 1.142509e+03 2.565362e+00
1.142906e+03 1.010100e+01 1.143266e+03 1.615187e+01 1.141862e+03 4.968075e+00 1.143501e+03 3.925909e+00 1.143695e+03 2.570666e+00
1.144092e+03 1.010986e+01 1.144452e+03 1.617995e+01 1.143046e+03 4.974175e+00 1.144687e+03 3.931807e+00 1.144882e+03 2.575970e+00
1.145278e+03 1.011871e+01 1.145638e+03 1.620803e+01 1.144231e+03 4.980274e+00 1.145873e+03 3.937705e+00 1.146068e+03 2.581274e+00
1.146463e+03 1.012756e+01 1.146824e+03 1.623611e+01 1.145415e+03 4.986374e+00 1.147060e+03 3.943604e+00 1.147255e+03 2.586577e+00
1.147649e+03 1.013641e+01 1.148010e+03 1.626419e+01 1.146600e+03 4.992474e+00 1.148246e+03 3.949502e+00 1.148441e+03 2.591881e+00
1.148834e+03 1.014526e+01 1.149196e+03 1.629227e+01 1.147784e+03 4.998573e+00 1.149432e+03 3.955400e+00 1.149627e+03 2.597185e+00
1.150020e+03 1.015411e+01 1.150382e+03 1.632035e+01 1.148969e+03 5.004673e+00 1.150618e+03 3.961298e+00 1.150814e+03 2.602489e+00
1.151206e+03 1.016296e+01 1.151568e+03 1.634843e+01 1.150153e+03 5.010772e+00 1.151804e+03 3.967197e+00 1.152000e+03 2.607793e+00
1.152391e+03 1.017227e+01 1.152754e+03 1.637120e+01 1.151338e+03 5.016934e+00 1.152991e+03 3.972849e+00 1.153187e+03 2.612828e+00
1.153577e+03 1.018180e+01 1.153940e+03 1.639133e+01 1.152522e+03 5.023125e+00 1.154177e+03 3.978378e+00 1.154373e+03 2.617731e+00
1.154762e+03 1.019133e+01 1.155126e+03 1.641146e+01 1.153707e+03 5.029317e+00 1.155363e+03 3.983908e+00 1.155559e+03 2.622633e+00
1.155948e+03 1.020086e+01 1.156312e+03 1.643160e+01 1.154891e+03 5.035509e+00 1.156549e+03 3.989437e+00 1.156746e+03 2.627535e+00
1.157133e+03 1.021039e+01 1.157498e+03 1.645173e+01 1.156076e+03 5.041701e+00 1.157735e+03 3.994967e+00 1.157932e+03 2.632438e+00
1.158319e+03 1.021992e+01 1.158684e+03 1.647186e+01 1.157260e+03 5.047893e+00 1.158922e+03 4.000496e+00 1.159119e+03 2.637340e+00
1.159505e+03 1.022945e+01 1.159870e+03 1.649200e+01 1.158445e+03 5.054084e+00 1.160108e+03 4.006026e+00 1.160305e+03 2.642242e+00
1.160690e+03 1.023898e+01 1.161056e+03 1.651213e+01 1.159629e+03 5.060276e+00 1.161294e+03 4.011556e+00 1.161491e+03 2.647144e+00
1.161876e+03 1.024851e+01 1.162242e+03 1.653226e+01 1.160814e+03 5.066468e+00 1.162480e+03 4.017085e+00 1.162678e+03 2.652047e+00
1.163061e+03 1.025804e+01 1.163428e+03 1.655240e+01 1.161998e+03 5.072660e+00 1.163666e+03 4.022615e+00 1.163864e+03 2.656949e+00
1.164247e+03 1.026757e+01 1.164613e+03 1.657253e+01 1.163183e+03 5.078852e+00 1.164853e+03 4.028144e+00 1.165051e+03 2.661851e+00
1.165433e+03 1.027710e+01 1.165799e+03 1.659266e+01 1.164367e+03 5.085044e+00 1.166039e+03 4.033674e+00 1.166237e+03 2.666754e+00
1.166618e+03 1.028663e+01 1.166985e+03 1.661280e+01 1.165552e+03 5.091235e+00 1.167225e+03 4.039203e+00 1.167423e+03 2.671656e+00
1.167804e+03 1.029616e+01 1.168171e+03 1.663293e+01 1.166736e+03 5.097427e+00 1.168411e+03 4.044733e+00 1.168610e+03 2.676558e+00
1.168989e+03 1.030569e+01 1.169357e+03 1.665306e+01 1.167921e+03 5.103619e+00 1.169597e+03 4.050263e+00 1.169796e+03 2.681461e+00
1.170175e+03 1.031522e+01 1.170543e+03 1.667320e+01 1.169105e+03 5.109811e+00 1.170784e+03 4.055792e+00 1.170983e+03 2.686363e+00
1.171361e+03 1.032475e+01 1.171729e+03 1.669333e+01 1.170290e+03 5.116003e+00 1.171970e+03 4.061322e+00 1.172169e+03 2.691265e+00
1.172546e+03 1.033428e+01 1.172915e+03 1.671346e+01 1.171474e+03 5.122194e+00 1.173156e+03 4.066851e+00 1.173355e+03 2.696168e+00
1.173732e+03 1.034381e+01 1.174101e+03 1.673360e+01 1.172659e+03 5.128386e+00 1.174342e+03 4.072381e+00 1.174542e+03 2.701070e+00
1.174917e+03 1.035334e+01 1.175287e+03 1.675373e+01 1.173843e+03 5.134578e+00 1.175528e+03 4.077910e+00 1.175728e+03 2.705972e+00
1.176103e+03 1.036287e+01 1.176473e+03 1.677386e+01 1.175028e+03 5.140770e+00 1.176715e+03 4.083440e+00 1.176915e+03 2.710875e+00
1.177288e+03 1.037240e+01 1.177659e+03 1.679400e+01 1.176212e+03 5.146962e+00 1.177901e+03 4.088970e+00 1.178101e+03 2.715777e+00
1.178474e+03 1.038193e+01 1.178845e+03 1.681413e+01 1.177397e+03 5.153154e+00 1.179087e+03 4.094499e+00 1.179288e+03 2.720679e+00
1.179660e+03 1.039146e+01 1.180031e+03 1.683426e+01 1.178581e+03 5.159345e+00 1.180273e+03 4.100029e+00 1.180474e+03 2.725581e+00
1.180845e+03 1.040099e+01 1.181217e+03 1.685440e+01 1.179766e+03 5.165537e+00 1.181459e+03 4.105558e+00 1.181660e+03 2.730484e+00
1.182031e+03 1.041052e+01 1.182403e+03 1.687453e+01 1.180950e+03 5.171729e+00 1.182646e+03 4.111088e+00 1.182847e+03 2.735386e+00
1.183216e+03 1.042005e+01 1.183589e+03 1.689466e+01 1.182135e+03 5.177921e+00 1.183832e+03 4.116617e+00 1.184033e+03 2.740288e+00
1.184402e+03 1.042958e+01 1.184775e+03 1.691480e+01 1.183319e+03 5.184113e+00 1.185018e+03 4.122147e+00 1.185220e+03 2.745191e+00
1.185588e+03 1.043911e+01 1.185961e+03 1.693493e+01 1.184504e+03 5.190304e+00 1.186204e+03 4.127677e+00 1.186406e+03 2.750093e+00
1.186773e+03 1.044864e+01 1.187147e+03 1.695506e+01 1.185688e+03 5.196496e+00 1.187390e+03 4.133206e+00 1.187592e+03 2.754995e+00
1.187959e+03 1.045817e+01 1.188333e+03 1.697520e+01 1.186873e+03 5.202688e+00 1.188577e+03 4.138736e+00 1.188779e+03 2.759898e+00
1.189144e+03 1.046770e+01 1.189519e+03 1.699533e+01 1.188057e+03 5.208880e+00 1.189763e+03 4.144265e+00 1.189965e+03 2.764800e+00
1.190330e+03 1.047723e+01 1.190705e+03 1.701546e+01 1.189242e+03 5.215072e+00 1.190949e+03 4.149795e+00 1.191152e+03 2.769702e+00
1.191516e+03 1.048676e+01 1.191891e+03 1.703560e+01 1.190426e+03 5.221263e+00 1.192135e+03 4.155324e+00 1.192338e+03 2.774605e+00
1.192701e+03 1.049629e+01 1.193077e+03 1.705573e+01 1.191611e+03 5.227455e+00 1.193321e+03 4.160854e+00 1.193524e+03 2.779507e+00
1.193887e+03 1.050582e+01 1.194262e+03 1.707586e+01 1.192795e+03 5.233647e+00 1.194508e+03 4.166384e+00 1.194711e+03 2.784409e+00
1.195072e+03 1.051535e+01 1.195448e+03 1.709600e+01 1.193980e+03 5.239839e+00 1.195694e+03 4.171913e+00 1.195897e+03 2.789312e+00
1.196258e+03 1.052488e+01 1.196634e+03 1.711613e+01 1.195164e+03 5.246031e+00 1.196880e+03 4.177443e+00 1.197084e+03 2.794214e+00
1.197443e+03 1.053441e+01 1.197820e+03 1.713627e+01 1.196349e+03 5.252223e+00 1.198066e+03 4.182972e+00 1.198270e+03 2.799116e+00
1.198629e+03 1.054449e+01 1.199006e+03 1.714992e+01 1.197533e+03 5.258443e+00 1.199252e+03 4.188073e+00 1.199456e+03 2.803434e+00
1.199815e+03 1.055470e+01 1.200192e+03 1.716211e+01 1.198718e+03 5.264669e+00 1.200439e+03 4.193077e+00 1.200643e+03 2.807619e+00
1.201000e+03 1.056491e+01 1.201378e+03 1.717429e+01 1.199902e+03 5.270896e+00 1.201625e+03 4.198081e+00 1.201829e+03 2.811803e+00
1.202186e+03 1.057512e+01 1.202564e+03 1.718648e+01 1.201087e+03 5.277123e+00 1.202811e+03 4.203085e+00 1.203016e+03 2.815988e+00
1.203371e+03 1.058533e+01 1.203750e+03 1.719867e+01 1.202271e+03 5.283349e+00 1.203997e+03 4.208089e+00 1.204202e+03 2.820173e+00
1.204557e+03 1.059554e+01 1.204936e+03 1.721086e+01 1.203456e+03 5.289576e+00 1.205184e+03 4.213093e+00 1.205388e+03 2.824358e+00
1.205743e+03 1.060575e+01 1.206122e+03 1.722305e+01 1.204640e+03 5.295803e+00 1.206370e+03 4.218096e+00 1.206575e+03 2.828543e+00
1.206928e+03 1.061596e+01 1.207308e+03 1.723523e+01 1.205825e+03 5.302029e+00 1.207556e+03 4.223100e+00 1.207761e+03 2.832728e+00
1.208114e+03 1.062617e+01 1.208494e+03 1.724742e+01 1.207009e+03 5.308256e+00 1.208742e+03 4.228104e+00 1.208948e+03 2.836913e+00
1.209299e+03 1.063637e+01 1.209680e+03 1.725961e+01 1.208194e+03 5.314483e+00 1.209928e+03 4.233108e+00 1.210134e+03 2.841098e+00
1.210485e+03 1.064658e+01 1.210866e+03 1.727180e+01 1.209378e+03 5.320709e+00 1.211115e+03 4.238112e+00 1.211320e+03 2.845283e+00
1.211670e+03 1.065679e+01 1.212052e+03 1.728398e+01 1.210563e+03 5.326936e+00 1.212301e+03 4.243116e+00 1.212507e+03 2.849468e+00
1.212856e+03 1.066700e+01 1.213238e+03 1.729617e+01 1.211747e+03 5.333163e+00 1.213487e+03 4.248120e+00 1.213693e+03 2.853653e+00
1.214042e+03 1.067721e+01 1.214424e+03 1.730836e+01 1.212932e+03 5.339389e+00 1.214673e+03 4.253124e+00 1.214880e+03 2.857838e+00
1.215227e+03 1.068742e+01 1.215610e+03 1.732055e+01 1.214116e+03 5.345616e+00 1.215859e+03 4.258127e+00 1.216066e+03 2.862023e+00
1.216413e+03 1.069763e+01 1.216796e+03 1.733273e+01 1.215301e+03 5.351843e+00 1.217046e+03 4.263131e+00 1.217253e+03 2.866208e+00
1.217598e+03 1.070784e+01 1.217982e+03 1.734492e+01 1.216485e+03 5.358069e+00 1.218232e+03 4.268135e+00 1.218439e+03 2.870392e+00
1.218784e+03 1.071804e+01 1.219168e+03 1.735711e+01 1.217670e+03 5.364296e+00 1.219418e+03 4.273139e+00 1.219625e+03 2.874577e+00
1.219970e+03 1.072825e+01 1.220354e+03 1.736930e+01 1.218854e+03 5.370523e+00 1.220604e+03 4.278143e+00 1.220812e+03 2.878762e+00
1.221155e+03 1.073846e+01 1.221540e+03 1.738148e+01 1.220039e+03 5.376749e+00 1.221790e+03 4.283147e+00 1.221998e+03 2.882947e+00
1.222341e+03 1.074867e+01 1.222726e+03 1.739367e+01 1.221223e+03 5.382976e+00 1.222977e+03 4.288151e+00 1.223185e+03 2.887132e+00
1.223526e+03 1.075888e+01 1.223912e+03 1.740586e+01 1.222408e+03 5.389203e+00 1.224163e+03 4.293155e+00 1.224371e+03 2.891317e+00
1.224712e+03 1.076909e+01 1.225097e+03 1.741805e+01 1.223592e+03 5.395429e+00 1.225349e+03 4.298158e+00 1.225557e+03 2.895502e+00
1.225898e+03 1.077930e+01 1.226283e+03 1.743023e+01 1.224777e+03 5.401656e+00 1.226535e+03 4.303162e+00 1.226744e+03 2.899687e+00
1.227083e+03 1.078951e+01 1.227469e+03 1.744242e+01 1.225961e+03 5.407883e+00 1.227721e+03 4.308166e+00 1.227930e+03 2.903872e+00
1.228269e+03 1.079972e+01 1.228655e+03 1.745461e+01 1.227146e+03 5.414109e+00 1.228908e+03 4.313170e+00 1.229117e+03 2.908057e+00
1.229454e+03 1.080992e+01 1.229841e+03 1.746680e+01 1.228330e+03 5.420336e+00 1.230094e+03 4.318174e+00 1.230303e+03 2.912242e+00
1.230640e+03 1.082013e+01 1.231027e+03 1.747898e+01 1.229515e+03 5.426563e+00 1.231280e+03 4.323178e+00 1.231489e+03 2.916427e+00
1.231825e+03 1.083034e+01 1.232213e+03 1.749117e+01 1.230699e+03 5.432789e+00 1.232466e+03 4.328182e+00 1.232676e+03 2.920612e+00
1.233011e+03 1.084055e+01 1.233399e+03 1.750336e+01 1.231884e+03 5.439016e+00 1.233652e+03 4.333186e+00 1.233862e+03 2.924797e+00
1.234197e+03 1.085076e+01 1.234585e+03 1.751555e+01 1.233068e+03 5.445243e+00 1.234839e+03 4.338189e+00 1.235049e+03 2.928981e+00
1.235382e+03 1.086097e+01 1.235771e+03 1.752773e+01 1.234253e+03 5.451469e+00 1.236025e+03 4.343193e+00 1.236235e+03 2.933166e+00
1.236568e+03 1.087118e+01 1.236957e+03 1.753992e+01 1.235437e+03 5.457696e+00 1.237211e+03 4.348197e+00 1.237421e+03 2.937351e+00
1.237753e+03 1.088139e+01 1.238143e+03 1.755211e+01 1.236622e+03 5.463923e+00 1.238397e+03 4.353201e+00 1.238608e+03 2.941536e+00
1.238939e+03 1.089160e+01 1.239329e+03 1.756430e+01 1.237806e+03 5.470149e+00 1.239583e+03 4.358205e+00 1.239794e+03 2.945721e+00
1.240125e+03 1.090180e+01 1.240515e+03 1.757648e+01 1.238991e+03 5.476376e+00 1.240770e+03 4.363209e+00 1.240981e+03 2.949906e+00
1.241310e+03 1.091201e+01 1.241701e+03 1.758867e+01 1.240175e+03 5.482603e+00 1.241956e+03 4.368213e+00 1.242167e+03 2.954091e+00
1.242496e+03 1.092222e+01 1.242887e+03 1.760086e+01 1.241360e+03 5.488829e+00 1.243142e+03 4.373217e+00 1.243353e+03 2.958276e+00
1.243681e+03 1.093243e+01 1.244073e+03 1.761305e+01 1.242544e+03 5.495056e+00 1.244328e+03 4.378220e+00 1.244540e+03 2.962461e+00
1.244867e+03 1.094260e+01 1.245259e+03 1.762007e+01 1.243729e+03 5.501365e+00 1.245514e+03 4.382970e+00 1.245726e+03 2.966390e+00
1.246053e+03 1.095277e+01 1.246445e+03 1.762689e+01 1.244913e+03 5.507676e+00 1.246701e+03 4.387709e+00 1.246913e+03 2.970310e+00
1.247238e+03 1.096294e+01 1.247631e+03 1.763371e+01 1.246098e+03 5.513988e+00 1.247887e+03 4.392448e+00 1.248099e+03 2.974230e+00
1.248424e+03 1.097311e+01 1.248817e+03 1.764053e+01 1.247282e+03 5.520300e+00 1.249073e+03 4.397187e+00 1.249285e+03 2.978149e+00
1.249609e+03 1.098328e+01 1.250003e+03 1.764735e+01 1.248467e+03 5.526612e+00 1.250259e+03 4.401926e+00 1.250472e+03 2.982069e+00
1.250795e+03 1.099345e+01 1.251189e+03 1.765417e+01 1.249651e+03 5.532923e+00 1.251445e+03 4.406665e+00 1.251658e+03 2.985988e+00
1.251980e+03 1.100362e+01 1.252375e+03 1.766099e+01 1.250836e+03 5.539235e+00 1.252632e+03 4.411404e+00 1.252845e+03 2.989908e+00
1.253166e+03 1.101379e+01 1.253561e+03 1.766781e+01 1.252020e+03 5.545547e+00 1.253818e+03 4.416144e+00 1.254031e+03 2.993827e+00
1.254352e+03 1.102396e+01 1.254746e+03 1.767463e+01 1.253205e+03 5.551859e+00 1.255004e+03 4.420883e+00 1.255218e+03 2.997747e+00
1.255537e+03 1.103413e+01 1.255932e+03 1.768145e+01 1.254389e+03 5.558170e+00 1.256190e+03 4.425622e+00 1.256404e+03 3.001666e+00
1.256723e+03 1.104430e+01 1.257118e+03 1.768827e+01 1.255574e+03 5.564482e+00 1.257377e+03 4.430361e+00 1.257590e+03 3.005586e+00
1.257908e+03 1.105447e+01 1.258304e+03 1.769509e+01 1.256758e+03 5.570794e+00 1.258563e+03 4.435100e+00 1.258777e+03 3.009505e+00
1.259094e+03 1.106464e+01 1.259490e+03 1.770191e+01 1.257943e+03 5.577106e+00 1.259749e+03 4.439839e+00 1.259963e+03 3.013425e+00
1.260280e+03 1.107481e+01 1.260676e+03 1.770873e+01 1.259127e+03 5.583417e+00 1.260935e+03 4.444579e+00 1.261150e+03 3.017344e+00
1.261465e+03 1.108498e+01 1.261862e+03 1.771555e+01 1.260312e+03 5.589729e+00 1.262121e+03 4.449318e+00 1.262336e+03 3.021264e+00
1.262651e+03 1.109515e+01 1.263048e+03 1.772237e+01 1.261496e+03 5.596041e+00 1.263308e+03 4.454057e+00 1.263522e+03 3.025184e+00
1.263836e+03 1.110533e+01 1.264234e+03 1.772919e+01 1.262681e+03 5.602353e+00 1.264494e+03 4.458796e+00 1.264709e+03 3.029103e+00
1.265022e+03 1.111550e+01 1.265420e+03 1.773601e+01 1.263865e+03 5.608664e+00 1.265680e+03 4.463535e+00 1.265895e+03 3.033023e+00
1.266208e+03 1.112567e+01 1.266606e+03 1.774283e+01 1.265050e+03 5.614976e+00 1.266866e+03 4.468274e+00 1.267082e+03 3.036942e+00
1.267393e+03 1.113584e+01 1.267792e+03 1.774965e+01 1.266234e+03 5.621288e+00 1.268052e+03 4.473013e+00 1.268268e+03 3.040862e+00
1.268579e+03 1.114601e+01 1.268978e+03 1.775647e+01 1.267419e+03 5.627600e+00 1.269239e+03 4.477753e+00 1.269454e+03 3.044781e+00
1.269764e+03 1.115618e+01 1.270164e+03 1.776329e+01 1.268603e+03 5.633911e+00 1.270425e+03 4.482492e+00 1.270641e+03 3.048701e+00
1.270950e+03 1.116635e+01 1.271350e+03 1.777011e+01 1.269788e+03 5.640223e+00 1.271611e+03 4.487231e+00 1.271827e+03 3.052620e+00
1.272135e+03 1.117652e+01 1.272536e+03 1.777693e+01 1.270972e+03 5.646535e+00 1.272797e+03 4.491970e+00 1.273014e+03 3.056540e+00
1.273321e+03 1.118669e+01 1.273722e+03 1.778375e+01 1.272157e+03 5.652847e+00 1.273983e+03 4.496709e+00 1.274200e+03 3.060459e+00
1.274507e+03 1.119686e+01 1.274908e+03 1.779057e+01 1.273341e+03 5.659158e+00 1.275170e+03 4.501448e+00 1.275386e+03 3.064379e+00
1.275692e+03 1.120703e+01 1.276094e+03 1.779739e+01 1.274526e+03 5.665470e+00 1.276356e+03 4.506188e+00 1.276573e+03 3.068298e+00
1.276878e+03 1.121720e+01 1.277280e+03 1.780421e+01 1.275710e+03 5.671782e+00 1.277542e+03 4.510927e+00 1.277759e+03 3.072218e+00
1.278063e+03 1.122737e+01 1.278466e+03 1.781103e+01 1.276895e+03 5.678094e+00 1.278728e+03 4.515666e+00 1.278946e+03 3.076137e+00
1.279249e+03 1.123754e+01 1.279652e+03 1.781785e+01 1.278079e+03 5.684405e+00 1.279914e+03 4.520405e+00 1.280132e+03 3.080057e+00
1.280435e+03 1.124771e+01 1.280838e+03 1.782466e+01 1.279264e+03 5.690717e+00 1.281101e+03 4.525144e+00 1.281318e+03 3.083977e+00
1.281620e+03 1.125788e+01 1.282024e+03 1.783148e+01 1.280449e+03 5.697029e+00 1.282287e+03 4.529883e+00 1.282505e+03 3.087896e+00
1.282806e+03 1.126805e+01 1.283210e+03 1.783830e+01 1.281633e+03 5.703341e+00 1.283473e+03 4.534622e+00 1.283691e+03 3.091816e+00
1.283991e+03 1.127822e+01 1.284396e+03 1.784512e+01 1.282818e+03 5.709652e+00 1.284659e+03 4.539362e+00 1.284878e+03 3.095735e+00
1.285177e+03 1.128839e+01 1.285581e+03 1.785194e+01 1.284002e+03 5.715964e+00 1.285845e+03 4.544101e+00 1.286064e+03 3.099655e+00
1.286363e+03 1.129856e+01 1.286767e+03 1.785876e+01 1.285187e+03 5.722276e+00 1.287032e+03 4.548840e+00 1.287250e+03 3.103574e+00
1.287548e+03 1.130873e+01 1.287953e+03 1.786558e+01 1.286371e+03 5.728588e+00 1.288218e+03 4.553579e+00 1.288437e+03 3.107494e+00
1.288734e+03 1.131890e+01 1.289139e+03 1.787240e+01 1.287556e+03 5.734899e+00 1.289404e+03 4.558318e+00 1.289623e+03 3.111413e+00
1.289919e+03 1.132898e+01 1.290325e+03 1.787893e+01 1.288740e+03 5.741227e+00 1.290590e+03 4.563059e+00 1.290810e+03 3.115385e+00
1.291105e+03 1.133836e+01 1.291511e+03 1.788308e+01 1.289925e+03 5.747680e+00 1.291776e+03 4.567811e+00 1.291996e+03 3.119782e+00
1.292290e+03 1.134773e+01 1.292697e+03 1.788722e+01 1.291109e+03 5.754134e+00 1.292963e+03 4.572563e+00 1.293182e+03 3.124180e+00
1.293476e+03 1.135711e+01 1.293883e+03 1.789137e+01 1.292294e+03 5.760588e+00 1.294149e+03 4.577315e+00 1.294369e+03 3.128577e+00
1.294662e+03 1.136648e+01 1.295069e+03 1.789551e+01 1.293478e+03 5.767042e+00 1.295335e+03 4.582067e+00 1.295555e+03 3.132975e+00
1.295847e+03 1.137586e+01 1.296255e+03 1.789966e+01 1.294663e+03 5.773495e+00 1.296521e+03 4.586819e+00 1.296742e+03 3.137372e+00
1.297033e+03 1.138524e+01 1.297441e+03 1.790380e+01 1.295847e+03 5.779949e+00 1.297707e+03 4.591572e+00 1.297928e+03 3.141770e+00
1.298218e+03 1.139461e+01 1.298627e+03 1.790795e+01 1.297032e+03 5.786403e+00 1.298894e+03 4.596324e+00 1.299115e+03 3.146167e+00
1.299404e+03 1.140399e+01 1.299813e+03 1.791209e+01 1.298216e+03 5.792857e+00 1.300080e+03 4.601076e+00 1.300301e+03 3.150564e+00
1.300590e+03 1.141336e+01 1.300999e+03 1.791624e+01 1.299401e+03 5.799311e+00 1.301266e+03 4.605828e+00 1.301487e+03 3.154962e+00
1.301775e+03 1.142274e+01 1.302185e+03 1.792038e+01 1.300585e+03 5.805764e+00 1.302452e+03 4.610580e+00 1.302674e+03 3.159359e+00
1.302961e+03 1.143211e+01 1.303371e+03 1.792453e+01 1.301770e+03 5.812218e+00 1.303638e+03 4.615332e+00 1.303860e+03 3.163757e+00
1.304146e+03 1.144149e+01 1.304557e+03 1.792867e+01 1.302954e+03 5.818672e+00 1.304825e+03 4.620084e+00 1.305047e+03 3.168154e+00
1.305332e+03 1.145087e+01 1.305743e+03 1.793281e+01 1.304139e+03 5.825126e+00 1.306011e+03 4.624836e+00 1.306233e+03 3.172552e+00
1.306517e+03 1.146024e+01 1.306929e+03 1.793696e+01 1.305323e+03 5.831579e+00 1.307197e+03 4.629589e+00 1.307419e+03 3.176949e+00
1.307703e+03 1.146962e+01 1.308115e+03 1.794110e+01 1.306508e+03 5.838033e+00 1.308383e+03 4.634341e+00 1.308606e+03 3.181347e+00
1.308889e+03 1.147899e+01 1.309301e+03 1.794525e+01 1.307692e+03 5.844487e+00 1.309569e+03 4.639093e+00 1.309792e+03 3.185744e+00
1.310074e+03 1.148837e+01 1.310487e+03 1.794939e+01 1.308877e+03 5.850941e+00 1.310756e+03 4.643845e+00 1.310979e+03 3.190142e+00
1.311260e+03 1.149774e+01 1.311673e+03 1.795354e+01 1.310061e+03 5.857394e+00 1.311942e+03 4.648597e+00 1.312165e+03 3.194539e+00
1.312445e+03 1.150712e+01 1.312859e+03 1.795768e+01 1.311246e+03 5.863848e+00 1.313128e+03 4.653349e+00 1.313351e+03 3.198936e+00
1.313631e+03 1.151650e+01 1.314045e+03 1.796183e+01 1.312430e+03 5.870302e+00 1.314314e+03 4.658101e+00 1.314538e+03 3.203334e+00
1.314817e+03 1.152587e+01 1.315230e+03 1.796597e+01 1.313615e+03 5.876756e+00 1.315501e+03 4.662854e+00 1.315724e+03 3.207731e+00
1.316002e+03 1.153525e+01 1.316416e+03 1.797012e+01 1.314799e+03 5.883210e+00 1.316687e+03 4.667606e+00 1.316911e+03 3.212129e+00
1.317188e+03 1.154462e+01 1.317602e+03 1.797426e+01 1.315984e+03 5.889663e+00 1.317873e+03 4.672358e+00 1.318097e+03 3.216526e+00
1.318373e+03 1.155400e+01 1.318788e+03 1.797841e+01 1.317168e+03 5.896117e+00 1.319059e+03 4.677110e+00 1.319283e+03 3.220924e+00
1.319559e+03 1.156337e+01 1.319974e+03 1.798255e+01 1.318353e+03 5.902571e+00 1.320245e+03 4.681862e+00 1.320470e+03 3.225321e+00
1.320745e+03 1.157275e+01 1.321160e+03 1.798670e+01 1.319537e+03 5.909025e+00 1.321432e+03 4.686614e+00 1.321656e+03 3.229719e+00
1.321930e+03 1.158212e+01 1.322346e+03 1.799084e+01 1.320722e+03 5.915478e+00 1.322618e+03 4.691366e+00 1.322843e+03 3.234116e+00
1.323116e+03 1.159150e+01 1.323532e+03 1.799499e+01 1.321906e+03 5.921932e+00 1.323804e+03 4.696118e+00 1.324029e+03 3.238513e+00
1.324301e+03 1.160088e+01 1.324718e+03 1.799913e+01 1.323091e+03 5.928386e+00 1.324990e+03 4.700871e+00 1.325215e+03 3.242911e+00
1.325487e+03 1.161025e+01 1.325904e+03 1.800328e+01 1.324275e+03 5.934840e+00 1.326176e+03 4.705623e+00 1.326402e+03 3.247308e+00
1.326672e+03 1.161963e+01 1.327090e+03 1.800742e+01 1.325460e+03 5.941293e+00 1.327363e+03 4.710375e+00 1.327588e+03 3.251706e+00
1.327858e+03 1.162900e+01 1.328276e+03 1.801157e+01 1.326644e+03 5.947747e+00 1.328549e+03 4.715127e+00 1.328775e+03 3.256103e+00
1.329044e+03 1.163838e+01 1.329462e+03 1.801571e+01 1.327829e+03 5.954201e+00 1.329735e+03 4.719879e+00 1.329961e+03 3.260501e+00
1.330229e+03 1.164775e+01 1.330648e+03 1.801986e+01 1.329013e+03 5.960655e+00 1.330921e+03 4.724631e+00 1.331147e+03 3.264898e+00
1.331415e+03 1.165713e+01 1.331834e+03 1.802400e+01 1.330198e+03 5.967109e+00 1.332107e+03 4.729383e+00 1.332334e+03 3.269296e+00
1.332600e+03 1.166651e+01 1.333020e+03 1.802814e+01 1.331382e+03 5.973562e+00 1.333294e+03 4.734136e+00 1.333520e+03 3.273693e+00
1.333786e+03 1.167588e+01 1.334206e+03 1.803229e+01 1.332567e+03 5.980016e+00 1.334480e+03 4.738888e+00 1.334707e+03 3.278091e+00
1.334972e+03 1.168526e+01 1.335392e+03 1.803643e+01 1.333751e+03 5.986470e+00 1.335666e+03 4.743640e+00 1.335893e+03 3.282488e+00
1.336157e+03 1.169431e+01 1.336578e+03 1.804058e+01 1.334936e+03 5.992974e+00 1.336852e+03 4.748466e+00 1.337080e+03 3.287198e+00
1.337343e+03 1.170242e+01 1.337764e+03 1.804475e+01 1.336120e+03 5.999627e+00 1.338038e+03 4.753509e+00 1.338266e+03 3.292816e+00
1.338528e+03 1.171052e+01 1.338950e+03 1.804891e+01 1.337305e+03 6.006280e+00 1.339225e+03 4.758552e+00 1.339452e+03 3.298435e+00
1.339714e+03 1.171863e+01 1.340136e+03 1.805307e+01 1.338489e+03 6.012933e+00 1.340411e+03 4.763595e+00 1.340639e+03 3.304054e+00
1.340900e+03 1.172674e+01 1.341322e+03 1.805723e+01 1.339674e+03 6.019585e+00 1.341597e+03 4.768637e+00 1.341825e+03 3.309672e+00
1.342085e+03 1.173484e+01 1.342508e+03 1.806140e+01 1.340858e+03 6.026238e+00 1.342783e+03 4.773680e+00 1.343012e+03 3.315291e+00
1.343271e+03 1.174295e+01 1.343694e+03 1.806556e+01 1.342043e+03 6.032891e+00 1.343969e+03 4.778723e+00 1.344198e+03 3.320910e+00
1.344456e+03 1.175106e+01 1.344880e+03 1.806972e+01 1.343227e+03 6.039543e+00 1.345156e+03 4.783766e+00 1.345384e+03 3.326528e+00
1.345642e+03 1.175917e+01 1.346065e+03 1.807388e+01 1.344412e+03 6.046196e+00 1.346342e+03 4.788809e+00 1.346571e+03 3.332147e+00
1.346827e+03 1.176727e+01 1.347251e+03 1.807805e+01 1.345596e+03 6.052849e+00 1.347528e+03 4.793851e+00 1.347757e+03 3.337766e+00
1.348013e+03 1.177538e+01 1.348437e+03 1.808221e+01 1.346781e+03 6.059501e+00 1.348714e+03 4.798894e+00 1.348944e+03 3.343384e+00
1.349199e+03 1.178349e+01 1.349623e+03 1.808637e+01 1.347965e+03 6.066154e+00 1.349900e+03 4.803937e+00 1.350130e+03 3.349003e+00
1.350384e+03 1.179160e+01 1.350809e+03 1.809053e+01 1.349150e+03 6.072807e+00 1.351087e+03 4.808980e+00 1.351316e+03 3.354622e+00
1.351570e+03 1.179970e+01 1.351995e+03 1.809470e+01 1.350334e+03 6.079460e+00 1.352273e+03 4.814023e+00 1.352503e+03 3.360240e+00
1.352755e+03 1.180781e+01 1.353181e+03 1.809886e+01 1.351519e+03 6.086112e+00 1.353459e+03 4.819065e+00 1.353689e+03 3.365859e+00
1.353941e+03 1.181592e+01 1.354367e+03 1.810302e+01 1.352703e+03 6.092765e+00 1.354645e+03 4.824108e+00 1.354876e+03 3.371478e+00
1.355127e+03 1.182403e+01 1.355553e+03 1.810718e+01 1.353888e+03 6.099418e+00 1.355831e+03 4.829151e+00 1.356062e+03 3.377096e+00
1.356312e+03 1.183213e+01 1.356739e+03 1.811135e+01 1.355072e+03 6.106070e+00 1.357018e+03 4.834194e+00 1.357248e+03 3.382715e+00
1.357498e+03 1.184024e+01 1.357925e+03 1.811551e+01 1.356257e+03 6.112723e+00 1.358204e+03 4.839237e+00 1.358435e+03 3.388334e+00
1.358683e+03 1.184835e+01 1.359111e+03 1.811967e+01 1.357441e+03 6.119376e+00 1.359390e+03 4.844280e+00 1.359621e+03 3.393952e+00
1.359869e+03 1.185646e+01 1.360297e+03 1.812383e+01 1.358626e+03 6.126029e+00 1.360576e+03 4.849322e+00 1.360808e+03 3.399571e+00
1.361055e+03 1.186456e+01 1.361483e+03 1.812800e+01 1.359810e+03 6.132681e+00 1.361762e+03 4.854365e+00 1.361994e+03 3.405190e+00
1.362240e+03 1.187267e+01 1.362669e+03 1.813216e+01 1.360995e+03 6.139334e+00 1.362949e+03 4.859408e+00 1.363180e+03 3.410808e+00
1.363426e+03 1.188078e+01 1.363855e+03 1.813632e+01 1.362179e+03 6.145987e+00 1.364135e+03 4.864451e+00 1.364367e+03 3.416427e+00
1.364611e+03 1.188888e+01 1.365041e+03 1.814048e+01 1.363364e+03 6.152639e+00 1.365321e+03 4.869494e+00 1.365553e+03 3.422046e+00
1.365797e+03 1.189699e+01 1.366227e+03 1.814465e+01 1.364548e+03 6.159292e+00 1.366507e+03 4.874536e+00 1.366740e+03 3.427664e+00
1.366982e+03 1.190510e+01 1.367413e+03 1.814881e+01 1.365733e+03 6.165945e+00 1.367693e+03 4.879579e+00 1.367926e+03 3.433283e+00
1.368168e+03 1.191321e+01 1.368599e+03 1.815297e+01 1.366917e+03 6.172597e+00 1.368880e+03 4.884622e+00 1.369112e+03 3.438902e+00
1.369354e+03 1.192131e+01 1.369785e+03 1.815713e+01 1.368102e+03 6.179250e+00 1.370066e+03 4.889665e+00 1.370299e+03 3.444520e+00
1.370539e+03 1.192942e+01 1.370971e+03 1.816130e+01 1.369286e+03 6.185903e+00 1.371252e+03 4.894708e+00 1.371485e+03 3.450139e+00
1.371725e+03 1.193753e+01 1.372157e+03 1.816546e+01 1.370471e+03 6.192556e+00 1.372438e+03 4.899750e+00 1.372672e+03 3.455758e+00
1.372910e+03 1.194564e+01 1.373343e+03 1.816962e+01 1.371655e+03 6.199208e+00 1.373625e+03 4.904793e+00 1.373858e+03 3.461376e+00
1.374096e+03 1.195374e+01 1.374529e+03 1.817378e+01 1.372840e+03 6.205861e+00 1.374811e+03 4.909836e+00 1.375045e+03 3.466995e+00
1.375282e+03 1.196185e+01 1.375714e+03 1.817794e+01 1.374024e+03 6.212514e+00 1.375997e+03 4.914879e+00 1.376231e+03 3.472614e+00
1.376467e+03 1.196996e+01 1.376900e+03 1.818211e+01 1.375209e+03 6.219166e+00 1.377183e+03 4.919922e+00 1.377417e+03 3.478233e+00
1.377653e+03 1.197807e+01 1.378086e+03 1.818627e+01 1.376393e+03 6.225819e+00 1.378369e+03 4.924964e+00 1.378604e+03 3.483851e+00
1.378838e+03 1.198617e+01 1.379272e+03 1.819043e+01 1.377578e+03 6.232472e+00 1.379556e+03 4.930007e+00 1.379790e+03 3.489470e+00
1.380024e+03 1.199428e+01 1.380458e+03 1.819459e+01 1.378762e+03 6.239125e+00 1.380742e+03 4.935050e+00 1.380977e+03 3.495089e+00
1.381210e+03 1.200239e+01 1.381644e+03 1.819876e+01 1.379947e+03 6.245777e+00 1.381928e+03 4.940093e+00 1.382163e+03 3.500707e+00
1.382395e+03 1.200998e+01 1.382830e+03 1.820373e+01 1.381131e+03 6.252533e+00 1.383114e+03 4.945364e+00 1.383349e+03 3.507116e+00
1.383581e+03 1.201682e+01 1.384016e+03 1.820992e+01 1.382316e+03 6.259441e+00 1.384300e+03 4.950976e+00 1.384536e+03 3.514700e+00
1.384766e+03 1.202366e+01 1.385202e+03 1.821611e+01 1.383500e+03 6.266350e+00 1.385487e+03 4.956587e+00 1.385722e+03 3.522283e+00
1.385952e+03 1.203050e+01 1.386388e+03 1.822230e+01 1.384685e+03 6.273259e+00 1.386673e+03 4.962198e+00 1.386909e+03 3.529866e+00
1.387137e+03 1.203734e+01 1.387574e+03 1.822849e+01 1.385869e+03 6.280167e+00 1.387859e+03 4.967809e+00 1.388095e+03 3.537449e+00
1.388323e+03 1.204418e+01 1.388760e+03 1.823468e+01 1.387054e+03 6.287076e+00 1.389045e+03 4.973420e+00 1.389281e+03 3.545032e+00
1.389509e+03 1.205102e+01 1.389946e+03 1.824087e+01 1.388238e+03 6.293984e+00 1.390231e+03 4.979031e+00 1.390468e+03 3.552616e+00
1.390694e+03 1.205786e+01 1.391132e+03 1.824705e+01 1.389423e+03 6.300893e+00 1.391418e+03 4.984643e+00 1.391654e+03 3.560199e+00
1.391880e+03 1.206470e+01 1.392318e+03 1.825324e+01 1.390607e+03 6.307801e+00 1.392604e+03 4.990254e+00 1.392841e+03 3.567782e+00
1.393065e+03 1.207154e+01 1.393504e+03 1.825943e+01 1.391792e+03 6.314710e+00 1.393790e+03 4.995865e+00 1.394027e+03 3.575365e+00
1.394251e+03 1.207837e+01 1.394690e+03 1.826562e+01 1.392976e+03 6.321619e+00 1.394976e+03 5.001476e+00 1.395213e+03 3.582948e+00
1.395437e+03 1.208521e+01 1.395876e+03 1.827181e+01 1.394161e+03 6.328527e+00 1.396162e+03 5.007087e+00 1.396400e+03 3.590532e+00
1.396622e+03 1.209205e+01 1.397062e+03 1.827800e+01 1.395345e+03 6.335436e+00 1.397349e+03 5.012698e+00 1.397586e+03 3.598115e+00
1.397808e+03 1.209889e+01 1.398248e+03 1.828418e+01 1.396530e+03 6.342344e+00 1.398535e+03 5.018310e+00 1.398773e+03 3.605698e+00
1.398993e+03 1.210573e+01 1.399434e+03 1.829037e+01 1.397714e+03 6.349253e+00 1.399721e+03 5.023921e+00 1.399959e+03 3.613281e+00
1.400179e+03 1.211257e+01 1.400620e+03 1.829656e+01 1.398899e+03 6.356161e+00 1.400907e+03 5.029532e+00 1.401145e+03 3.620864e+00
1.401365e+03 1.211941e+01 1.401806e+03 1.830275e+01 1.400083e+03 6.363070e+00 1.402093e+03 5.035143e+00 1.402332e+03 3.628448e+00
1.402550e+03 1.212625e+01 1.402992e+03 1.830894e+01 1.401268e+03 6.369979e+00 1.403280e+03 5.040754e+00 1.403518e+03 3.636031e+00
1.403736e+03 1.213309e+01 1.404178e+03 1.831513e+01 1.402452e+03 6.376887e+00 1.404466e+03 5.046366e+00 1.404705e+03 3.643614e+00
1.404921e+03 1.213993e+01 1.405364e+03 1.832132e+01 1.403637e+03 6.383796e+00 1.405652e+03 5.051977e+00 1.405891e+03 3.651197e+00
1.406107e+03 1.214677e+01 1.406549e+03 1.832750e+01 1.404821e+03 6.390704e+00 1.406838e+03 5.057588e+00 1.407077e+03 3.658780e+00
1.407292e+03 1.215360e+01 1.407735e+03 1.833369e+01 1.406006e+03 6.397613e+00 1.408024e+03 5.063199e+00 1.408264e+03 3.666364e+00
1.408478e+03 1.216044e+01 1.408921e+03 1.833988e+01 1.407190e+03 6.404521e+00 1.409211e+03 5.068810e+00 1.409450e+03 3.673947e+00
1.409664e+03 1.216728e+01 1.410107e+03 1.834607e+01 1.408375e+03 6.411430e+00 1.410397e+03 5.074421e+00 1.410637e+03 3.681530e+00
1.410849e+03 1.217412e+01 1.411293e+03 1.835226e+01 1.409559e+03 6.418339e+00 1.411583e+03 5.080033e+00 1.411823e+03 3.689113e+00
1.412035e+03 1.218096e+01 1.412479e+03 1.835845e+01 1.410744e+03 6.425247e+00 1.412769e+03 5.085644e+00 1.413010e+03 3.696697e+00
1.413220e+03 1.218780e+01 1.413665e+03 1.836463e+01 1.411928e+03 6.432156e+00 1.413955e+03 5.091255e+00 1.414196e+03 3.704280e+00
1.414406e+03 1.219464e+01 1.414851e+03 1.837082e+01 1.413113e+03 6.439064e+00 1.415142e+03 5.096866e+00 1.415382e+03 3.711863e+00
1.415592e+03 1.220148e+01 1.416037e+03 1.837701e+01 1.414297e+03 6.445973e+00 1.416328e+03 5.102477e+00 1.416569e+03 3.719446e+00
1.416777e+03 1.220832e+01 1.417223e+03 1.838320e+01 1.415482e+03 6.452881e+00 1.417514e+03 5.108089e+00 1.417755e+03 3.727029e+00
1.417963e+03 1.221516e+01 1.418409e+03 1.838939e+01 1.416666e+03 6.459790e+00 1.418700e+03 5.113700e+00 1.418942e+03 3.734613e+00
1.419148e+03 1.222199e+01 1.419595e+03 1.839558e+01 1.417851e+03 6.466699e+00 1.419886e+03 5.119311e+00 1.420128e+03 3.742196e+00
1.420334e+03 1.222883e+01 1.420781e+03 1.840177e+01 1.419035e+03 6.473607e+00 1.421073e+03 5.124922e+00 1.421314e+03 3.749779e+00
1.421519e+03 1.223567e+01 1.421967e+03 1.840795e+01 1.420220e+03 6.480516e+00 1.422259e+03 5.130533e+00 1.422501e+03 3.757362e+00
1.422705e+03 1.224251e+01 1.423153e+03 1.841414e+01 1.421404e+03 6.487424e+00 1.423445e+03 5.136144e+00 1.423687e+03 3.764945e+00
1.423891e+03 1.224935e+01 1.424339e+03 1.842033e+01 1.422589e+03 6.494333e+00 1.424631e+03 5.141756e+00 1.424874e+03 3.772529e+00
1.425076e+03 1.225619e+01 1.425525e+03 1.842652e+01 1.423773e+03 6.501241e+00 1.425818e+03 5.147367e+00 1.426060e+03 3.780112e+00
1.426262e+03 1.226303e+01 1.426711e+03 1.843271e+01 1.424958e+03 6.508150e+00 1.427004e+03 5.152978e+00 1.427246e+03 3.787695e+00
1.427447e+03 1.226987e+01 1.427897e+03 1.843890e+01 1.426142e+03 6.515058e+00 1.428190e+03 5.158589e+00 1.428433e+03 3.795278e+00
1.428633e+03 1.227635e+01 1.429083e+03 1.844584e+01 1.427327e+03 6.522073e+00 1.429376e+03 5.164593e+00 1.429619e+03 3.803567e+00
1.429819e+03 1.228254e+01 1.430269e+03 1.845341e+01 1.428511e+03 6.529173e+00 1.430562e+03 5.170920e+00 1.430806e+03 3.812434e+00
1.431004e+03 1.228874e+01 1.431455e+03 1.846098e+01 1.429696e+03 6.536274e+00 1.431749e+03 5.177247e+00 1.431992e+03 3.821302e+00
1.432190e+03 1.229493e+01 1.432641e+03 1.846855e+01 1.430880e+03 6.543374e+00 1.432935e+03 5.183575e+00 1.433178e+03 3.830169e+00
1.433375e+03 1.230112e+01 1.433827e+03 1.847611e+01 1.432065e+03 6.550475e+00 1.434121e+03 5.189902e+00 1.434365e+03 3.839037e+00
1.434561e+03 1.230731e+01 1.435013e+03 1.848368e+01 1.433249e+03 6.557576e+00 1.435307e+03 5.196229e+00 1.435551e+03 3.847905e+00
1.435747e+03 1.231350e+01 1.436198e+03 1.849125e+01 1.434434e+03 6.564676e+00 1.436493e+03 5.202556e+00 1.436738e+03 3.856772e+00
1.436932e+03 1.231969e+01 1.437384e+03 1.849882e+01 1.435618e+03 6.571777e+00 1.437680e+03 5.208883e+00 1.437924e+03 3.865640e+00
1.438118e+03 1.232589e+01 1.438570e+03 1.850638e+01 1.436803e+03 6.578878e+00 1.438866e+03 5.215210e+00 1.439110e+03 3.874507e+00
1.439303e+03 1.233208e+01 1.439756e+03 1.851395e+01 1.437987e+03 6.585978e+00 1.440052e+03 5.221537e+00 1.440297e+03 3.883375e+00
1.440489e+03 1.233827e+01 1.440942e+03 1.852152e+01 1.439172e+03 6.593079e+00 1.441238e+03 5.227864e+00 1.441483e+03 3.892243e+00
1.441674e+03 1.234446e+01 1.442128e+03 1.852909e+01 1.440357e+03 6.600180e+00 1.442424e+03 5.234191e+00 1.442670e+03 3.901110e+00
1.442860e+03 1.235065e+01 1.443314e+03 1.853665e+01 1.441541e+03 6.607280e+00 1.443611e+03 5.240518e+00 1.443856e+03 3.909978e+00
1.444046e+03 1.235685e+01 1.444500e+03 1.854422e+01 1.442726e+03 6.614381e+00 1.444797e+03 5.246845e+00 1.445042e+03 3.918845e+00
1.445231e+03 1.236304e+01 1.445686e+03 1.855179e+01 1.443910e+03 6.621482e+00 1.445983e+03 5.253172e+00 1.446229e+03 3.927713e+00
1.446417e+03 1.236923e+01 1.446872e+03 1.855936e+01 1.445095e+03 6.628582e+00 1.447169e+03 5.259499e+00 1.447415e+03 3.936580e+00
1.447602e+03 1.237542e+01 1.448058e+03 1.856693e+01 1.446279e+03 6.635683e+00 1.448355e+03 5.265826e+00 1.448602e+03 3.945448e+00
1.448788e+03 1.238161e+01 1.449244e+03 1.857449e+01 1.447464e+03 6.642784e+00 1.449542e+03 5.272153e+00 1.449788e+03 3.954316e+00
1.449974e+03 1.238781e+01 1.450430e+03 1.858206e+01 1.448648e+03 6.649884e+00 1.450728e+03 5.278480e+00 1.450974e+03 3.963183e+00
1.451159e+03 1.239400e+01 1.451616e+03 1.858963e+01 1.449833e+03 6.656985e+00 1.451914e+03 5.284807e+00 1.452161e+03 3.972051e+00
1.452345e+03 1.240019e+01 1.452802e+03 1.859720e+01 1.451017e+03 6.664085e+00 1.453100e+03 5.291134e+00 1.453347e+03 3.980918e+00
1.453530e+03 1.240638e+01 1.453988e+03 1.860476e+01 1.452202e+03 6.671186e+00 1.454286e+03 5.297461e+00 1.454534e+03 3.989786e+00
1.454716e+03 1.241257e+01 1.455174e+03 1.861233e+01 1.453386e+03 6.678287e+00 1.455473e+03 5.303788e+00 1.455720e+03 3.998654e+00
1.455902e+03 1.241876e+01 1.456360e+03 1.861990e+01 1.454571e+03 6.685387e+00 1.456659e+03 5.310115e+00 1.456907e+03 4.007521e+00
1.457087e+03 1.242496e+01 1.457546e+03 1.862747e+01 1.455755e+03 6.692488e+00 1.457845e+03 5.316442e+00 1.458093e+03 4.016389e+00
1.458273e+03 1.243115e+01 1.458732e+03 1.863504e+01 1.456940e+03 6.699589e+00 1.459031e+03 5.322769e+00 1.459279e+03 4.025256e+00
1.459458e+03 1.243734e+01 1.459918e+03 1.864260e+01 1.458124e+03 6.706689e+00 1.460217e+03 5.329096e+00 1.460466e+03 4.034124e+00
1.460644e+03 1.244353e+01 1.461104e+03 1.865017e+01 1.459309e+03 6.713790e+00 1.461404e+03 5.335423e+00 1.461652e+03 4.042992e+00
1.461829e+03 1.244972e+01 1.462290e+03 1.865774e+01 1.460493e+03 6.720891e+00 1.462590e+03 5.341750e+00 1.462839e+03 4.051859e+00
1.463015e+03 1.245592e+01 1.463476e+03 1.866531e+01 1.461678e+03 6.727991e+00 1.463776e+03 5.348077e+00 1.464025e+03 4.060727e+00
1.464201e+03 1.246211e+01 1.464662e+03 1.867287e+01 1.462862e+03 6.735092e+00 1.464962e+03 5.354404e+00 1.465211e+03 4.069594e+00
1.465386e+03 1.246830e+01 1.465848e+03 1.868044e+01 1.464047e+03 6.742193e+00 1.466148e+03 5.360731e+00 1.466398e+03 4.078462e+00
1.466572e+03 1.247449e+01 1.467033e+03 1.868801e+01 1.465231e+03 6.749293e+00 1.467335e+03 5.367058e+00 1.467584e+03 4.087329e+00
1.467757e+03 1.248068e+01 1.468219e+03 1.869558e+01 1.466416e+03 6.756394e+00 1.468521e+03 5.373385e+00 1.468771e+03 4.096197e+00
1.468943e+03 1.248687e+01 1.469405e+03 1.870315e+01 1.467600e+03 6.763495e+00 1.469707e+03 5.379712e+00 1.469957e+03 4.105065e+00
1.470129e+03 1.249307e+01 1.470591e+03 1.871071e+01 1.468785e+03 6.770595e+00 1.470893e+03 5.386040e+00 1.471143e+03 4.113932e+00
1.471314e+03 1.249926e+01 1.471777e+03 1.871828e+01 1.469969e+03 6.777696e+00 1.472079e+03 5.392367e+00 1.472330e+03 4.122800e+00
1.472500e+03 1.250545e+01 1.472963e+03 1.872585e+01 1.471154e+03 6.784797e+00 1.473266e+03 5.398694e+00 1.473516e+03 4.131667e+00
1.473685e+03 1.251164e+01 1.474149e+03 1.873342e+01 1.472338e+03 6.791897e+00 1.474452e+03 5.405021e+00 1.474703e+03 4.140535e+00
1.474871e+03 1.251809e+01 1.475335e+03 1.874121e+01 1.473523e+03 6.799049e+00 1.475638e+03 5.411724e+00 1.475889e+03 4.148730e+00
1.476057e+03 1.252466e+01 1.476521e+03 1.874911e+01 1.474707e+03 6.806224e+00 1.476824e+03 5.418592e+00 1.477075e+03 4.156631e+00
1.477242e+03 1.253123e+01 1.477707e+03 1.875701e+01 1.475892e+03 6.813399e+00 1.478010e+03 5.425460e+00 1.478262e+03 4.164532e+00
1.478428e+03 1.253780e+01 1.478893e+03 1.876491e+01 1.477076e+03 6.820574e+00 1.479197e+03 5.432328e+00 1.479448e+03 4.172434e+00
1.479613e+03 1.254436e+01 1.480079e+03 1.877281e+01 1.478261e+03 6.827748e+00 1.480383e+03 5.439196e+00 1.480635e+03 4.180335e+00
1.480799e+03 1.255093e+01 1.481265e+03 1.878071e+01 1.479445e+03 6.834923e+00 1.481569e+03 5.446064e+00 1.481821e+03 4.188236e+00
1.481984e+03 1.255750e+01 1.482451e+03 1.878861e+01 1.480630e+03 6.842098e+00 1.482755e+03 5.452932e+00 1.483007e+03 4.196137e+00
1.483170e+03 1.256406e+01 1.483637e+03 1.879651e+01 1.481814e+03 6.849273e+00 1.483942e+03 5.459800e+00 1.484194e+03 4.204038e+00
1.484356e+03 1.257063e+01 1.484823e+03 1.880441e+01 1.482999e+03 6.856448e+00 1.485128e+03 5.466668e+00 1.485380e+03 4.211940e+00
1.485541e+03 1.257720e+01 1.486009e+03 1.881230e+01 1.484183e+03 6.863622e+00 1.486314e+03 5.473536e+00 1.486567e+03 4.219841e+00
1.486727e+03 1.258377e+01 1.487195e+03 1.882020e+01 1.485368e+03 6.870797e+00 1.487500e+03 5.480404e+00 1.487753e+03 4.227742e+00
1.487912e+03 1.259033e+01 1.488381e+03 1.882810e+01 1.486552e+03 6.877972e+00 1.488686e+03 5.487272e+00 1.488939e+03 4.235643e+00
1.489098e+03 1.259690e+01 1.489567e+03 1.883600e+01 1.487737e+03 6.885147e+00 1.489873e+03 5.494140e+00 1.490126e+03 4.243544e+00
1.490284e+03 1.260347e+01 1.490753e+03 1.884390e+01 1.488921e+03 6.892321e+00 1.491059e+03 5.501008e+00 1.491312e+03 4.251446e+00
1.491469e+03 1.261003e+01 1.491939e+03 1.885180e+01 1.490106e+03 6.899496e+00 1.492245e+03 5.507875e+00 1.492499e+03 4.259347e+00
1.492655e+03 1.261660e+01 1.493125e+03 1.885970e+01 1.491290e+03 6.906671e+00 1.493431e+03 5.514743e+00 1.493685e+03 4.267248e+00
1.493840e+03 1.262317e+01 1.494311e+03 1.886760e+01 1.492475e+03 6.913846e+00 1.494617e+03 5.521611e+00 1.494872e+03 4.275149e+00
1.495026e+03 1.262973e+01 1.495497e+03 1.887550e+01 1.493659e+03 6.921020e+00 1.495804e+03 5.528479e+00 1.496058e+03 4.283050e+00
1.496212e+03 1.263630e+01 1.496682e+03 1.888340e+01 1.494844e+03 6.928195e+00 1.496990e+03 5.535347e+00 1.497244e+03 4.290952e+00
1.497397e+03 1.264287e+01 1.497868e+03 1.889129e+01 1.496028e+03 6.935370e+00 1.498176e+03 5.542215e+00 1.498431e+03 4.298853e+00
1.498583e+03 1.264944e+01 1.499054e+03 1.889919e+01 1.497213e+03 6.942545e+00 1.499362e+03 5.549083e+00 1.499617e+03 4.306754e+00
1.499768e+03 1.265600e+01 1.500240e+03 1.890709e+01 1.498397e+03 6.949719e+00 1.500548e+03 5.555951e+00 1.500804e+03 4.314655e+00
1.500954e+03 1.266257e+01 1.501426e+03 1.891499e+01 1.499582e+03 6.956894e+00 1.501735e+03 5.562819e+00 1.501990e+03 4.322556e+00
1.502139e+03 1.266914e+01 1.502612e+03 1.892289e+01 1.500766e+03 6.964069e+00 1.502921e+03 5.569687e+00 1.503176e+03 4.330457e+00
1.503325e+03 1.267570e+01 1.503798e+03 1.893079e+01 1.501951e+03 6.971244e+00 1.504107e+03 5.576555e+00 1.504363e+03 4.338359e+00
1.504511e+03 1.268227e+01 1.504984e+03 1.893869e+01 1.503135e+03 6.978419e+00 1.505293e+03 5.583423e+00 1.505549e+03 4.346260e+00
1.505696e+03 1.268884e+01 1.506170e+03 1.894659e+01 1.504320e+03 6.985593e+00 1.506479e+03 5.590291e+00 1.506736e+03 4.354161e+00
1.506882e+03 1.269541e+01 1.507356e+03 1.895449e+01 1.505504e+03 6.992768e+00 1.507666e+03 5.597159e+00 1.507922e+03 4.362062e+00
1.508067e+03 1.270197e+01 1.508542e+03 1.896238e+01 1.506689e+03 6.999943e+00 1.508852e+03 5.604027e+00 1.509108e+03 4.369963e+00
1.509253e+03 1.270854e+01 1.509728e+03 1.897028e+01 1.507873e+03 7.007118e+00 1.510038e+03 5.610895e+00 1.510295e+03 4.377865e+00
1.510439e+03 1.271511e+01 1.510914e+03 1.897818e+01 1.509058e+03 7.014292e+00 1.511224e+03 5.617763e+00 1.511481e+03 4.385766e+00
1.511624e+03 1.272167e+01 1.512100e+03 1.898608e+01 1.510242e+03 7.021467e+00 1.512410e+03 5.624631e+00 1.512668e+03 4.393667e+00
1.512810e+03 1.272824e+01 1.513286e+03 1.899398e+01 1.511427e+03 7.028642e+00 1.513597e+03 5.631499e+00 1.513854e+03 4.401568e+00
1.513995e+03 1.273481e+01 1.514472e+03 1.900188e+01 1.512611e+03 7.035817e+00 1.514783e+03 5.638367e+00 1.515040e+03 4.409469e+00
1.515181e+03 1.274137e+01 1.515658e+03 1.900978e+01 1.513796e+03 7.042991e+00 1.515969e+03 5.645235e+00 1.516227e+03 4.417371e+00
1.516366e+03 1.274794e+01 1.516844e+03 1.901768e+01 1.514980e+03 7.050166e+00 1.517155e+03 5.652103e+00 1.517413e+03 4.425272e+00
1.517552e+03 1.275451e+01 1.518030e+03 1.902558e+01 1.516165e+03 7.057341e+00 1.518341e+03 5.658971e+00 1.518600e+03 4.433173e+00
1.518738e+03 1.276108e+01 1.519216e+03 1.903348e+01 1.517349e+03 7.064516e+00 1.519528e+03 5.665839e+00 1.519786e+03 4.441074e+00
1.519923e+03 1.276764e+01 1.520402e+03 1.904137e+01 1.518534e+03 7.071691e+00 1.520714e+03 5.672706e+00 1.520972e+03 4.448975e+00
1.521109e+03 1.277539e+01 1.521588e+03 1.904867e+01 1.519718e+03 7.078828e+00 1.521900e+03 5.679854e+00 1.522159e+03 4.454154e+00
1.522294e+03 1.278335e+01 1.522774e+03 1.905585e+01 1.520903e+03 7.085959e+00 1.523086e+03 5.687054e+00 1.523345e+03 4.458823e+00
1.523480e+03 1.279132e+01 1.523960e+03 1.906303e+01 1.522087e+03 7.093090e+00 1.524272e+03 5.694254e+00 1.524532e+03 4.463493e+00
1.524666e+03 1.279928e+01 1.525146e+03 1.907022e+01 1.523272e+03 7.100221e+00 1.525459e+03 5.701454e+00 1.525718e+03 4.468163e+00
1.525851e+03 1.280725e+01 1.526332e+03 1.907740e+01 1.524456e+03 7.107352e+00 1.526645e+03 5.708654e+00 1.526904e+03 4.472832e+00
1.527037e+03 1.281521e+01 1.527517e+03 1.908458e+01 1.525641e+03 7.114483e+00 1.527831e+03 5.715854e+00 1.528091e+03 4.477502e+00
1.528222e+03 1.282318e+01 1.528703e+03 1.909176e+01 1.526825e+03 7.121614e+00 1.529017e+03 5.723054e+00 1.529277e+03 4.482172e+00
1.529408e+03 1.283114e+01 1.529889e+03 1.909894e+01 1.528010e+03 7.128745e+00 1.530203e+03 5.730254e+00 1.530464e+03 4.486841e+00
1.530594e+03 1.283911e+01 1.531075e+03 1.910613e+01 1.529194e+03 7.135876e+00 1.531390e+03 5.737454e+00 1.531650e+03 4.491511e+00
1.531779e+03 1.284707e+01 1.532261e+03 1.911331e+01 1.530379e+03 7.143007e+00 1.532576e+03 5.744654e+00 1.532837e+03 4.496181e+00
1.532965e+03 1.285503e+01 1.533447e+03 1.912049e+01 1.531563e+03 7.150138e+00 1.533762e+03 5.751854e+00 1.534023e+03 4.500850e+00
1.534150e+03 1.286300e+01 1.534633e+03 1.912767e+01 1.532748e+03 7.157269e+00 1.534948e+03 5.759054e+00 1.535209e+03 4.505520e+00
1.535336e+03 1.287096e+01 1.535819e+03 1.913485e+01 1.533932e+03 7.164399e+00 1.536135e+03 5.766254e+00 1.536396e+03 4.510190e+00
1.536521e+03 1.287893e+01 1.537005e+03 1.914204e+01 1.535117e+03 7.171530e+00 1.537321e+03 5.773454e+00 1.537582e+03 4.514859e+00
1.537707e+03 1.288689e+01 1.538191e+03 1.914922e+01 1.536301e+03 7.178661e+00 1.538507e+03 5.780653e+00 1.538769e+03 4.519529e+00
1.538893e+03 1.289486e+01 1.539377e+03 1.915640e+01 1.537486e+03 7.185792e+00 1.539693e+03 5.787853e+00 1.539955e+03 4.524199e+00
1.540078e+03 1.290282e+01 1.540563e+03 1.916358e+01 1.538670e+03 7.192923e+00 1.540879e+03 5.795053e+00 1.541141e+03 4.528868e+00
1.541264e+03 1.291079e+01 1.541749e+03 1.917076e+01 1.539855e+03 7.200054e+00 1.542066e+03 5.802253e+00 1.542328e+03 4.533538e+00
1.542449e+03 1.291875e+01 1.542935e+03 1.917795e+01 1.541039e+03 7.207185e+00 1.543252e+03 5.809453e+00 1.543514e+03 4.538208e+00
1.543635e+03 1.292672e+01 1.544121e+03 1.918513e+01 1.542224e+03 7.214316e+00 1.544438e+03 5.816653e+00 1.544701e+03 4.542877e+00
1.544821e+03 1.293468e+01 1.545307e+03 1.919231e+01 1.543408e+03 7.221447e+00 1.545624e+03 5.823853e+00 1.545887e+03 4.547547e+00
1.546006e+03 1.294265e+01 1.546493e+03 1.919949e+01 1.544593e+03 7.228578e+00 1.546810e+03 5.831053e+00 1.547073e+03 4.552217e+00
1.547192e+03 1.295061e+01 1.547679e+03 1.920667e+01 1.545777e+03 7.235709e+00 1.547997e+03 5.838253e+00 1.548260e+03 4.556886e+00
1.548377e+03 1.295858e+01 1.548865e+03 1.921386e+01 1.546962e+03 7.242840e+00 1.549183e+03 5.845453e+00 1.549446e+03 4.561556e+00
1.549563e+03 1.296654e+01 1.550051e+03 1.922104e+01 1.548146e+03 7.249971e+00 1.550369e+03 5.852653e+00 1.550633e+03 4.566226e+00
1.550749e+03 1.297451e+01 1.551237e+03 1.922822e+01 1.549331e+03 7.257102e+00 1.551555e+03 5.859853e+00 1.551819e+03 4.570895e+00
1.551934e+03 1.298247e+01 1.552423e+03 1.923540e+01 1.550515e+03 7.264232e+00 1.552741e+03 5.867053e+00 1.553005e+03 4.575565e+00
1.553120e+03 1.299044e+01 1.553609e+03 1.924258e+01 1.551700e+03 7.271363e+00 1.553928e+03 5.874253e+00 1.554192e+03 4.580235e+00
1.554305e+03 1.299840e+01 1.554795e+03 1.924977e+01 1.552884e+03 7.278494e+00 1.555114e+03 5.881453e+00 1.555378e+03 4.584904e+00
1.555491e+03 1.300636e+01 1.555981e+03 1.925695e+01 1.554069e+03 7.285625e+00 1.556300e+03 5.888653e+00 1.556565e+03 4.589574e+00
1.556676e+03 1.301433e+01 1.557166e+03 1.926413e+01 1.555253e+03 7.292756e+00 1.557486e+03 5.895853e+00 1.557751e+03 4.594244e+00
1.557862e+03 1.302229e+01 1.558352e+03 1.927131e+01 1.556438e+03 7.299887e+00 1.558672e+03 5.903053e+00 1.558937e+03 4.598913e+00
1.559048e+03 1.303026e+01 1.559538e+03 1.927849e+01 1.557622e+03 7.307018e+00 1.559859e+03 5.910253e+00 1.560124e+03 4.603583e+00
1.560233e+03 1.303822e+01 1.560724e+03 1.928568e+01 1.558807e+03 7.314149e+00 1.561045e+03 5.917453e+00 1.561310e+03 4.608253e+00
1.561419e+03 1.304619e+01 1.561910e+03 1.929286e+01 1.559991e+03 7.321280e+00 1.562231e+03 5.924652e+00 1.562497e+03 4.612922e+00
1.562604e+03 1.305415e+01 1.563096e+03 1.930004e+01 1.561176e+03 7.328411e+00 1.563417e+03 5.931852e+00 1.563683e+03 4.617592e+00
1.563790e+03 1.306212e+01 1.564282e+03 1.930722e+01 1.562360e+03 7.335542e+00 1.564603e+03 5.939052e+00 1.564869e+03 4.622262e+00
1.564976e+03 1.307008e+01 1.565468e+03 1.931440e+01 1.563545e+03 7.342673e+00 1.565790e+03 5.946252e+00 1.566056e+03 4.626931e+00
1.566161e+03 1.307805e+01 1.566654e+03 1.932159e+01 1.564729e+03 7.349804e+00 1.566976e+03 5.953452e+00 1.567242e+03 4.631601e+00
1.567347e+03 1.308841e+01 1.567840e+03 1.932713e+01 1.565914e+03 7.356774e+00 1.568162e+03 5.960774e+00 1.568429e+03 4.630833e+00
1.568532e+03 1.309879e+01 1.569026e+03 1.933265e+01 1.567098e+03 7.363744e+00 1.569348e+03 5.968097e+00 1.569615e+03 4.630006e+00
1.569718e+03 1.310918e+01 1.570212e+03 1.933817e+01 1.568283e+03 7.370713e+00 1.570534e+03 5.975420e+00 1.570801e+03 4.629179e+00
1.570904e+03 1.311956e+01 1.571398e+03 1.934370e+01 1.569467e+03 7.377682e+00 1.571721e+03 5.982743e+00 1.571988e+03 4.628352e+00
1.572089e+03 1.312995e+01 1.572584e+03 1.934922e+01 1.570652e+03 7.384651e+00 1.572907e+03 5.990066e+00 1.573174e+03 4.627525e+00
1.573275e+03 1.314033e+01 1.573770e+03 1.935474e+01 1.571836e+03 7.391620e+00 1.574093e+03 5.997389e+00 1.574361e+03 4.626698e+00
1.574460e+03 1.315071e+01 1.574956e+03 1.936027e+01 1.573021e+03 7.398589e+00 1.575279e+03 6.004712e+00 1.575547e+03 4.625871e+00
1.575646e+03 1.316110e+01 1.576142e+03 1.936579e+01 1.574205e+03 7.405558e+00 1.576465e+03 6.012035e+00 1.576734e+03 4.625044e+00
1.576831e+03 1.317148e+01 1.577328e+03 1.937132e+01 1.575390e+03 7.412527e+00 1.577652e+03 6.019358e+00 1.577920e+03 4.624217e+00
1.578017e+03 1.318187e+01 1.578514e+03 1.937684e+01 1.576574e+03 7.419497e+00 1.578838e+03 6.026681e+00 1.579106e+03 4.623390e+00
1.579203e+03 1.319225e+01 1.579700e+03 1.938236e+01 1.577759e+03 7.426466e+00 1.580024e+03 6.034004e+00 1.580293e+03 4.622563e+00
1.580388e+03 1.320264e+01 1.580886e+03 1.938789e+01 1.578943e+03 7.433435e+00 1.581210e+03 6.041327e+00 1.581479e+03 4.621736e+00
1.581574e+03 1.321302e+01 1.582072e+03 1.939341e+01 1.580128e+03 7.440404e+00 1.582396e+03 6.048650e+00 1.582666e+03 4.620909e+00
1.582759e+03 1.322341e+01 1.583258e+03 1.939893e+01 1.581312e+03 7.447373e+00 1.583583e+03 6.055973e+00 1.583852e+03 4.620082e+00
1.583945e+03 1.323379e+01 1.584444e+03 1.940446e+01 1.582497e+03 7.454342e+00 1.584769e+03 6.063296e+00 1.585038e+03 4.619255e+00
1.585131e+03 1.324418e+01 1.585630e+03 1.940998e+01 1.583681e+03 7.461311e+00 1.585955e+03 6.070619e+00 1.586225e+03 4.618428e+00
1.586316e+03 1.325456e+01 1.586816e+03 1.941550e+01 1.584866e+03 7.468280e+00 1.587141e+03 6.077942e+00 1.587411e+03 4.617601e+00
1.587502e+03 1.326495e+01 1.588001e+03 1.942103e+01 1.586050e+03 7.475250e+00 1.588327e+03 6.085265e+00 1.588598e+03 4.616774e+00
1.588687e+03 1.327533e+01 1.589187e+03 1.942655e+01 1.587235e+03 7.482219e+00 1.589514e+03 6.092588e+00 1.589784e+03 4.615947e+00
1.589873e+03 1.328572e+01 1.590373e+03 1.943207e+01 1.588419e+03 7.489188e+00 1.590700e+03 6.099911e+00 1.590970e+03 4.615120e+00
1.591059e+03 1.329610e+01 1.591559e+03 1.943760e+01 1.589604e+03 7.496157e+00 1.591886e+03 6.107234e+00 1.592157e+03 4.614293e+00
1.592244e+03 1.330649e+01 1.592745e+03 1.944312e+01 1.590788e+03 7.503126e+00 1.593072e+03 6.114557e+00 1.593343e+03 4.613466e+00
1.593430e+03 1.331687e+01 1.593931e+03 1.944864e+01 1.591973e+03 7.510095e+00 1.594259e+03 6.121880e+00 1.594530e+03 4.612639e+00
1.594615e+03 1.332726e+01 1.595117e+03 1.945417e+01 1.593157e+03 7.517064e+00 1.595445e+03 6.129203e+00 1.595716e+03 4.611812e+00
1.595801e+03 1.333764e+01 1.596303e+03 1.945969e+01 1.594342e+03 7.524034e+00 1.596631e+03 6.136526e+00 1.596902e+03 4.610985e+00
1.596986e+03 1.334803e+01 1.597489e+03 1.946521e+01 1.595526e+03 7.531003e+00 1.597817e+03 6.143849e+00 1.598089e+03 4.610158e+00
1.598172e+03 1.335841e+01 1.598675e+03 1.947074e+01 1.596711e+03 7.537972e+00 1.599003e+03 6.151172e+00 1.599275e+03 4.609331e+00
1.599358e+03 1.336880e+01 1.599861e+03 1.947626e+01 1.597895e+03 7.544941e+00 1.600190e+03 6.158495e+00 1.600462e+03 4.608504e+00
1.600543e+03 1.337918e+01 1.601047e+03 1.948178e+01 1.599080e+03 7.551910e+00 1.601376e+03 6.165818e+00 1.601648e+03 4.607677e+00
1.601729e+03 1.338957e+01 1.602233e+03 1.948731e+01 1.600265e+03 7.558879e+00 1.602562e+03 6.173141e+00 1.602834e+03 4.606850e+00
1.602914e+03 1.339995e+01 1.603419e+03 1.949283e+01 1.601449e+03 7.565848e+00 1.603748e+03 6.180464e+00 1.604021e+03 4.606023e+00
1.604100e+03 1.341034e+01 1.604605e+03 1.949835e+01 1.602634e+03 7.572817e+00 1.604934e+03 6.187787e+00 1.605207e+03 4.605196e+00
1.605286e+03 1.342072e+01 1.605791e+03 1.950388e+01 1.603818e+03 7.579787e+00 1.606121e+03 6.195110e+00 1.606394e+03 4.604369e+00
1.606471e+03 1.343110e+01 1.606977e+03 1.950940e+01 1.605003e+03 7.586756e+00 1.607307e+03 6.202433e+00 1.607580e+03 4.603542e+00
1.607657e+03 1.344149e+01 1.608163e+03 1.951493e+01 1.606187e+03 7.593725e+00 1.608493e+03 6.209756e+00 1.608766e+03 4.602715e+00
1.608842e+03 1.345187e+01 1.609349e+03 1.952045e+01 1.607372e+03 7.600694e+00 1.609679e+03 6.217079e+00 1.609953e+03 4.601888e+00
1.610028e+03 1.346226e+01 1.610535e+03 1.952597e+01 1.608556e+03 7.607663e+00 1.610865e+03 6.224402e+00 1.611139e+03 4.601061e+00
1.611214e+03 1.347264e+01 1.611721e+03 1.953150e+01 1.609741e+03 7.614632e+00 1.612052e+03 6.231725e+00 1.612326e+03 4.600234e+00
1.612399e+03 1.348330e+01 1.612907e+03 1.953694e+01 1.610925e+03 7.621582e+00 1.613238e+03 6.239056e+00 1.613512e+03 4.599055e+00
1.613585e+03 1.349570e+01 1.614093e+03 1.954185e+01 1.612110e+03 7.628407e+00 1.614424e+03 6.246433e+00 1.614699e+03 4.595637e+00
1.614770e+03 1.350810e+01 1.615279e+03 1.954677e+01 1.613294e+03 7.635231e+00 1.615610e+03 6.253811e+00 1.615885e+03 4.592219e+00
1.615956e+03 1.352050e+01 1.616465e+03 1.955168e+01 1.614479e+03 7.642056e+00 1.616796e+03 6.261188e+00 1.617071e+03 4.588801e+00
1.617141e+03 1.353289e+01 1.617650e+03 1.955660e+01 1.615663e+03 7.648881e+00 1.617983e+03 6.268566e+00 1.618258e+03 4.585384e+00
1.618327e+03 1.354529e+01 1.618836e+03 1.956151e+01 1.616848e+03 7.655706e+00 1.619169e+03 6.275943e+00 1.619444e+03 4.581966e+00
1.619513e+03 1.355769e+01 1.620022e+03 1.956643e+01 1.618032e+03 7.662531e+00 1.620355e+03 6.283321e+00 1.620631e+03 4.578548e+00
1.620698e+03 1.357009e+01 1.621208e+03 1.957134e+01 1.619217e+03 7.669356e+00 1.621541e+03 6.290698e+00 1.621817e+03 4.575131e+00
1.621884e+03 1.358248e+01 1.622394e+03 1.957626e+01 1.620401e+03 7.676181e+00 1.622727e+03 6.298076e+00 1.623003e+03 4.571713e+00
1.623069e+03 1.359488e+01 1.623580e+03 1.958118e+01 1.621586e+03 7.683006e+00 1.623914e+03 6.305454e+00 1.624190e+03 4.568295e+00
1.624255e+03 1.360728e+01 1.624766e+03 1.958609e+01 1.622770e+03 7.689831e+00 1.625100e+03 6.312831e+00 1.625376e+03 4.564878e+00
1.625441e+03 1.361968e+01 1.625952e+03 1.959101e+01 1.623955e+03 7.696655e+00 1.626286e+03 6.320209e+00 1.626563e+03 4.561460e+00
1.626626e+03 1.363208e+01 1.627138e+03 1.959592e+01 1.625139e+03 7.703480e+00 1.627472e+03 6.327586e+00 1.627749e+03 4.558042e+00
1.627812e+03 1.364447e+01 1.628324e+03 1.960084e+01 1.626324e+03 7.710305e+00 1.628658e+03 6.334964e+00 1.628935e+03 4.554624e+00
1.628997e+03 1.365687e+01 1.629510e+03 1.960575e+01 1.627508e+03 7.717130e+00 1.629845e+03 6.342341e+00 1.630122e+03 4.551207e+00
1.630183e+03 1.366927e+01 1.630696e+03 1.961067e+01 1.628693e+03 7.723955e+00 1.631031e+03 6.349719e+00 1.631308e+03 4.547789e+00
1.631368e+03 1.368167e+01 1.631882e+03 1.961558e+01 1.629877e+03 7.730780e+00 1.632217e+03 6.357096e+00 1.632495e+03 4.544371e+00
1.632554e+03 1.369406e+01 1.633068e+03 1.962050e+01 1.631062e+03 7.737605e+00 1.633403e+03 6.364474e+00 1.633681e+03 4.540954e+00
1.633740e+03 1.370646e+01 1.634254e+03 1.962541e+01 1.632246e+03 7.744430e+00 1.634589e+03 6.371851e+00 1.634867e+03 4.537536e+00
1.634925e+03 1.371886e+01 1.635440e+03 1.963033e+01 1.633431e+03 7.751254e+00 1.635776e+03 6.379229e+00 1.636054e+03 4.534118e+00
1.636111e+03 1.373126e+01 1.636626e+03 1.963525e+01 1.634615e+03 7.758079e+00 1.636962e+03 6.386606e+00 1.637240e+03 4.530700e+00
1.637296e+03 1.374365e+01 1.637812e+03 1.964016e+01 1.635800e+03 7.764904e+00 1.638148e+03 6.393984e+00 1.638427e+03 4.527283e+00
1.638482e+03 1.375605e+01 1.638998e+03 1.964508e+01 1.636984e+03 7.771729e+00 1.639334e+03 6.401361e+00 1.639613e+03 4.523865e+00
1.639668e+03 1.376845e+01 1.640184e+03 1.964999e+01 1.638169e+03 7.778554e+00 1.640520e+03 6.408739e+00 1.640799e+03 4.520447e+00
1.640853e+03 1.378085e+01 1.641370e+03 1.965491e+01 1.639353e+03 7.785379e+00 1.641707e+03 6.416117e+00 1.641986e+03 4.517030e+00
1.642039e+03 1.379325e+01 1.642556e+03 1.965982e+01 1.640538e+03 7.792204e+00 1.642893e+03 6.423494e+00 1.643172e+03 4.513612e+00
1.643224e+03 1.380564e+01 1.643742e+03 1.966474e+01 1.641722e+03 7.799029e+00 1.644079e+03 6.430872e+00 1.644359e+03 4.510194e+00
1.644410e+03 1.381804e+01 1.644928e+03 1.966965e+01 1.642907e+03 7.805854e+00 1.645265e+03 6.438249e+00 1.645545e+03 4.506777e+00
1.645596e+03 1.383044e+01 1.646114e+03 1.967457e+01 1.644091e+03 7.812678e+00 1.646451e+03 6.445627e+00 1.646731e+03 4.503359e+00
1.646781e+03 1.384284e+01 1.647300e+03 1.967948e+01 1.645276e+03 7.819503e+00 1.647638e+03 6.453004e+00 1.647918e+03 4.499941e+00
1.647967e+03 1.385523e+01 1.648485e+03 1.968440e+01 1.646460e+03 7.826328e+00 1.648824e+03 6.460382e+00 1.649104e+03 4.496523e+00
1.649152e+03 1.386763e+01 1.649671e+03 1.968932e+01 1.647645e+03 7.833153e+00 1.650010e+03 6.467759e+00 1.650291e+03 4.493106e+00
1.650338e+03 1.388003e+01 1.650857e+03 1.969423e+01 1.648829e+03 7.839978e+00 1.651196e+03 6.475137e+00 1.651477e+03 4.489688e+00
1.651523e+03 1.389243e+01 1.652043e+03 1.969915e+01 1.650014e+03 7.846803e+00 1.652383e+03 6.482514e+00 1.652664e+03 4.486270e+00
1.652709e+03 1.390483e+01 1.653229e+03 1.970406e+01 1.651198e+03 7.853628e+00 1.653569e+03 6.489892e+00 1.653850e+03 4.482853e+00
1.653895e+03 1.391722e+01 1.654415e+03 1.970898e+01 1.652383e+03 7.860453e+00 1.654755e+03 6.497269e+00 1.655036e+03 4.479435e+00
1.655080e+03 1.392962e+01 1.655601e+03 1.971389e+01 1.653567e+03 7.867278e+00 1.655941e+03 6.504647e+00 1.656223e+03 4.476017e+00
1.656266e+03 1.394202e+01 1.656787e+03 1.971881e+01 1.654752e+03 7.874102e+00 1.657127e+03 6.512025e+00 1.657409e+03 4.472599e+00
1.657451e+03 1.395442e+01 1.657973e+03 1.972372e+01 1.655936e+03 7.880927e+00 1.658314e+03 6.519402e+00 1.658596e+03 4.469182e+00
1.658637e+03 1.396686e+01 1.659159e+03 1.972954e+01 1.657121e+03 7.887739e+00 1.659500e+03 6.526779e+00 1.659782e+03 4.469116e+00
1.659823e+03 1.397942e+01 1.660345e+03 1.973765e+01 1.658305e+03 7.894519e+00 1.660686e+03 6.534155e+00 1.660968e+03 4.477550e+00
1.661008e+03 1.399198e+01 1.661531e+03 1.974575e+01 1.659490e+03 7.901298e+00 1.661872e+03 6.541531e+00 1.662155e+03 4.485985e+00
1.662194e+03 1.400454e+01 1.662717e+03 1.975386e+01 1.660674e+03 7.908077e+00 1.663058e+03 6.548908e+00 1.663341e+03 4.494419e+00
1.663379e+03 1.401710e+01 1.663903e+03 1.976196e+01 1.661859e+03 7.914857e+00 1.664245e+03 6.556284e+00 1.664528e+03 4.502854e+00
1.664565e+03 1.402966e+01 1.665089e+03 1.977007e+01 1.663043e+03 7.921636e+00 1.665431e+03 6.563660e+00 1.665714e+03 4.511288e+00
1.665751e+03 1.404222e+01 1.666275e+03 1.977817e+01 1.664228e+03 7.928416e+00 1.666617e+03 6.571036e+00 1.666900e+03 4.519723e+00
1.666936e+03 1.405477e+01 1.667461e+03 1.978628e+01 1.665412e+03 7.935195e+00 1.667803e+03 6.578412e+00 1.668087e+03 4.528157e+00
1.668122e+03 1.406733e+01 1.668647e+03 1.979439e+01 1.666597e+03 7.941974e+00 1.668989e+03 6.585788e+00 1.669273e+03 4.536592e+00
1.669307e+03 1.407989e+01 1.669833e+03 1.980249e+01 1.667781e+03 7.948754e+00 1.670176e+03 6.593164e+00 1.670460e+03 4.545026e+00
1.670493e+03 1.409245e+01 1.671019e+03 1.981060e+01 1.668966e+03 7.955533e+00 1.671362e+03 6.600540e+00 1.671646e+03 4.553461e+00
1.671678e+03 1.410501e+01 1.672205e+03 1.981870e+01 1.670150e+03 7.962313e+00 1.672548e+03 6.607917e+00 1.672832e+03 4.561895e+00
1.672864e+03 1.411757e+01 1.673391e+03 1.982681e+01 1.671335e+03 7.969092e+00 1.673734e+03 6.615293e+00 1.674019e+03 4.570330e+00
1.674050e+03 1.413013e+01 1.674577e+03 1.983491e+01 1.672519e+03 7.975871e+00 1.674920e+03 6.622669e+00 1.675205e+03 4.578764e+00
1.675235e+03 1.414269e+01 1.675763e+03 1.984302e+01 1.673704e+03 7.982651e+00 1.676107e+03 6.630045e+00 1.676392e+03 4.587199e+00
1.676421e+03 1.415525e+01 1.676949e+03 1.985112e+01 1.674888e+03 7.989430e+00 1.677293e+03 6.637421e+00 1.677578e+03 4.595633e+00
1.677606e+03 1.416781e+01 1.678134e+03 1.985923e+01 1.676073e+03 7.996209e+00 1.678479e+03 6.644797e+00 1.678764e+03 4.604068e+00
1.678792e+03 1.418037e+01 1.679320e+03 1.986734e+01 1.677257e+03 8.002989e+00 1.679665e+03 6.652173e+00 1.679951e+03 4.612502e+00
1.679978e+03 1.419293e+01 1.680506e+03 1.987544e+01 1.678442e+03 8.009768e+00 1.680851e+03 6.659549e+00 1.681137e+03 4.620937e+00
1.681163e+03 1.420549e+01 1.681692e+03 1.988355e+01 1.679626e+03 8.016548e+00 1.682038e+03 6.666926e+00 1.682324e+03 4.629371e+00
1.682349e+03 1.421805e+01 1.682878e+03 1.989165e+01 1.680811e+03 8.023327e+00 1.683224e+03 6.674302e+00 1.683510e+03 4.637806e+00
1.683534e+03 1.423060e+01 1.684064e+03 1.989976e+01 1.681995e+03 8.030106e+00 1.684410e+03 6.681678e+00 1.684696e+03 4.646240e+00
1.684720e+03 1.424316e+01 1.685250e+03 1.990786e+01 1.683180e+03 8.036886e+00 1.685596e+03 6.689054e+00 1.685883e+03 4.654675e+00
1.685906e+03 1.425572e+01 1.686436e+03 1.991597e+01 1.684364e+03 8.043665e+00 1.686782e+03 6.696430e+00 1.687069e+03 4.663109e+00
1.687091e+03 1.426828e+01 1.687622e+03 1.992407e+01 1.685549e+03 8.050444e+00 1.687969e+03 6.703806e+00 1.688256e+03 4.671544e+00
1.688277e+03 1.428084e+01 1.688808e+03 1.993218e+01 1.686733e+03 8.057224e+00 1.689155e+03 6.711182e+00 1.689442e+03 4.679978e+00
1.689462e+03 1.429340e+01 1.689994e+03 1.994029e+01 1.687918e+03 8.064003e+00 1.690341e+03 6.718558e+00 1.690628e+03 4.688413e+00
1.690648e+03 1.430596e+01 1.691180e+03 1.994839e+01 1.689102e+03 8.070783e+00 1.691527e+03 6.725935e+00 1.691815e+03 4.696847e+00
1.691833e+03 1.431852e+01 1.692366e+03 1.995650e+01 1.690287e+03 8.077562e+00 1.692713e+03 6.733311e+00 1.693001e+03 4.705282e+00
1.693019e+03 1.433108e+01 1.693552e+03 1.996460e+01 1.691471e+03 8.084341e+00 1.693900e+03 6.740687e+00 1.694188e+03 4.713716e+00
1.694205e+03 1.434364e+01 1.694738e+03 1.997271e+01 1.692656e+03 8.091121e+00 1.695086e+03 6.748063e+00 1.695374e+03 4.722151e+00
1.695390e+03 1.435620e+01 1.695924e+03 1.998081e+01 1.693840e+03 8.097900e+00 1.696272e+03 6.755439e+00 1.696561e+03 4.730585e+00
1.696576e+03 1.436876e+01 1.697110e+03 1.998892e+01 1.695025e+03 8.104680e+00 1.697458e+03 6.762815e+00 1.697747e+03 4.739020e+00
1.697761e+03 1.438132e+01 1.698296e+03 1.999702e+01 1.696209e+03 8.111459e+00 1.698644e+03 6.770191e+00 1.698933e+03 4.747454e+00
1.698947e+03 1.439388e+01 1.699482e+03 2.000513e+01 1.697394e+03 8.118238e+00 1.699831e+03 6.777567e+00 1.700120e+03 4.755889e+00
1.700133e+03 1.440644e+01 1.700668e+03 2.001324e+01 1.698578e+03 8.125018e+00 1.701017e+03 6.784944e+00 1.701306e+03 4.764324e+00
1.701318e+03 1.441899e+01 1.701854e+03 2.002134e+01 1.699763e+03 8.131797e+00 1.702203e+03 6.792320e+00 1.702493e+03 4.772758e+00
1.702504e+03 1.443155e+01 1.703040e+03 2.002945e+01 1.700947e+03 8.138576e+00 1.703389e+03 6.799696e+00 1.703679e+03 4.781193e+00
1.703689e+03 1.444411e+01 1.704226e+03 2.003755e+01 1.702132e+03 8.145356e+00 1.704576e+03 6.807072e+00 1.704865e+03 4.789627e+00
1.704875e+03 1.445607e+01 1.705412e+03 2.004866e+01 1.703316e+03 8.152158e+00 1.705762e+03 6.814423e+00 1.706052e+03 4.809356e+00
1.706061e+03 1.446723e+01 1.706598e+03 2.006375e+01 1.704501e+03 8.158991e+00 1.706948e+03 6.821742e+00 1.707238e+03 4.844086e+00
1.707246e+03 1.447839e+01 1.707784e+03 2.007885e+01 1.705685e+03 8.165823e+00 1.708134e+03 6.829061e+00 1.708425e+03 4.878816e+00
1.708432e+03 1.448956e+01 1.708969e+03 2.009394e+01 1.706870e+03 8.172656e+00 1.709320e+03 6.836380e+00 1.709611e+03 4.913545e+00
1.709617e+03 1.450072e+01 1.710155e+03 2.010904e+01 1.708054e+03 8.179489e+00 1.710507e+03 6.843699e+00 1.710797e+03 4.948275e+00
1.710803e+03 1.451188e+01 1.711341e+03 2.012413e+01 1.709239e+03 8.186321e+00 1.711693e+03 6.851017e+00 1.711984e+03 4.983005e+00
1.711988e+03 1.452304e+01 1.712527e+03 2.013922e+01 1.710423e+03 8.193154e+00 1.712879e+03 6.858336e+00 1.713170e+03 5.017734e+00
1.713174e+03 1.453420e+01 1.713713e+03 2.015432e+01 1.711608e+03 8.199986e+00 1.714065e+03 6.865655e+00 1.714357e+03 5.052464e+00
1.714360e+03 1.454536e+01 1.714899e+03 2.016941e+01 1.712792e+03 8.206819e+00 1.715251e+03 6.872974e+00 1.715543e+03 5.087193e+00
1.715545e+03 1.455652e+01 1.716085e+03 2.018450e+01 1.713977e+03 8.213652e+00 1.716438e+03 6.880292e+00 1.716729e+03 5.121923e+00
1.716731e+03 1.456768e+01 1.717271e+03 2.019960e+01 1.715161e+03 8.220484e+00 1.717624e+03 6.887611e+00 1.717916e+03 5.156653e+00
1.717916e+03 1.457885e+01 1.718457e+03 2.021469e+01 1.716346e+03 8.227317e+00 1.718810e+03 6.894930e+00 1.719102e+03 5.191382e+00
1.719102e+03 1.459001e+01 1.719643e+03 2.022979e+01 1.717530e+03 8.234149e+00 1.719996e+03 6.902249e+00 1.720289e+03 5.226112e+00
1.720288e+03 1.460117e+01 1.720829e+03 2.024488e+01 1.718715e+03 8.240982e+00 1.721182e+03 6.909568e+00 1.721475e+03 5.260842e+00
1.721473e+03 1.461233e+01 1.722015e+03 2.025997e+01 1.719899e+03 8.247815e+00 1.722369e+03 6.916886e+00 1.722661e+03 5.295571e+00
1.722659e+03 1.462349e+01 1.723201e+03 2.027507e+01 1.721084e+03 8.254647e+00 1.723555e+03 6.924205e+00 1.723848e+03 5.330301e+00
1.723844e+03 1.463465e+01 1.724387e+03 2.029016e+01 1.722268e+03 8.261480e+00 1.724741e+03 6.931524e+00 1.725034e+03 5.365031e+00
1.725030e+03 1.464581e+01 1.725573e+03 2.030525e+01 1.723453e+03 8.268313e+00 1.725927e+03 6.938843e+00 1.726221e+03 5.399760e+00
1.726215e+03 1.465697e+01 1.726759e+03 2.032035e+01 1.724637e+03 8.275145e+00 1.727113e+03 6.946161e+00 1.727407e+03 5.434490e+00
1.727401e+03 1.466813e+01 1.727945e+03 2.033544e+01 1.725822e+03 8.281978e+00 1.728300e+03 6.953480e+00 1.728593e+03 5.469219e+00
1.728587e+03 1.467930e+01 1.729131e+03 2.035054e+01 1.727006e+03 8.288810e+00 1.729486e+03 6.960799e+00 1.729780e+03 5.503949e+00
1.729772e+03 1.469046e+01 1.730317e+03 2.036563e+01 1.728191e+03 8.295643e+00 1.730672e+03 6.968118e+00 1.730966e+03 5.538679e+00
1.730958e+03 1.470162e+01 1.731503e+03 2.038072e+01 1.729375e+03 8.302476e+00 1.731858e+03 6.975437e+00 1.732153e+03 5.573408e+00
1.732143e+03 1.471278e+01 1.732689e+03 2.039582e+01 1.730560e+03 8.309308e+00 1.733044e+03 6.982755e+00 1.733339e+03 5.608138e+00
1.733329e+03 1.472394e+01 1.733875e+03 2.041091e+01 1.731744e+03 8.316141e+00 1.734231e+03 6.990074e+00 1.734526e+03 5.642868e+00
1.734515e+03 1.473510e+01 1.735061e+03 2.042600e+01 1.732929e+03 8.322973e+00 1.735417e+03 6.997393e+00 1.735712e+03 5.677597e+00
1.735700e+03 1.474626e+01 1.736247e+03 2.044110e+01 1.734113e+03 8.329806e+00 1.736603e+03 7.004712e+00 1.736898e+03 5.712327e+00
1.736886e+03 1.475742e+01 1.737433e+03 2.045619e+01 1.735298e+03 8.336639e+00 1.737789e+03 7.012030e+00 1.738085e+03 5.747056e+00
1.738071e+03 1.476859e+01 1.738618e+03 2.047129e+01 1.736482e+03 8.343471e+00 1.738975e+03 7.019349e+00 1.739271e+03 5.781786e+00
1.739257e+03 1.477975e+01 1.739804e+03 2.048638e+01 1.737667e+03 8.350304e+00 1.740162e+03 7.026668e+00 1.740458e+03 5.816516e+00
1.740443e+03 1.479091e+01 1.740990e+03 2.050147e+01 1.738851e+03 8.357137e+00 1.741348e+03 7.033987e+00 1.741644e+03 5.851245e+00
1.741628e+03 1.480207e+01 1.742176e+03 2.051657e+01 1.740036e+03 8.363969e+00 1.742534e+03 7.041306e+00 1.742830e+03 5.885975e+00
1.742814e+03 1.481323e+01 1.743362e+03 2.053166e+01 1.741220e+03 8.370802e+00 1.743720e+03 7.048624e+00 1.744017e+03 5.920705e+00
1.743999e+03 1.482439e+01 1.744548e+03 2.054675e+01 1.742405e+03 8.377634e+00 1.744906e+03 7.055943e+00 1.745203e+03 5.955434e+00
1.745185e+03 1.483555e+01 1.745734e+03 2.056185e+01 1.743589e+03 8.384467e+00 1.746093e+03 7.063262e+00 1.746390e+03 5.990164e+00
1.746370e+03 1.484671e+01 1.746920e+03 2.057694e+01 1.744774e+03 8.391300e+00 1.747279e+03 7.070581e+00 1.747576e+03 6.024894e+00
1.747556e+03 1.485788e+01 1.748106e+03 2.059204e+01 1.745958e+03 8.398132e+00 1.748465e+03 7.077899e+00 1.748762e+03 6.059623e+00
1.748742e+03 1.486904e+01 1.749292e+03 2.060713e+01 1.747143e+03 8.404965e+00 1.749651e+03 7.085218e+00 1.749949e+03 6.094353e+00
1.749927e+03 1.488020e+01 1.750478e+03 2.062222e+01 1.748327e+03 8.411797e+00 1.750837e+03 7.092537e+00 1.751135e+03 6.129082e+00
1.751113e+03 1.489055e+01 1.751664e+03 2.064297e+01 1.749512e+03 8.418718e+00 1.752024e+03 7.099790e+00 1.752322e+03 6.183989e+00
1.752298e+03 1.490032e+01 1.752850e+03 2.066787e+01 1.750696e+03 8.425702e+00 1.753210e+03 7.106996e+00 1.753508e+03 6.253732e+00
1.753484e+03 1.491008e+01 1.754036e+03 2.069276e+01 1.751881e+03 8.432687e+00 1.754396e+03 7.114201e+00 1.754694e+03 6.323474e+00
1.754670e+03 1.491984e+01 1.755222e+03 2.071766e+01 1.753065e+03 8.439671e+00 1.755582e+03 7.121407e+00 1.755881e+03 6.393216e+00
1.755855e+03 1.492961e+01 1.756408e+03 2.074256e+01 1.754250e+03 8.446656e+00 1.756768e+03 7.128612e+00 1.757067e+03 6.462958e+00
1.757041e+03 1.493937e+01 1.757594e+03 2.076746e+01 1.755434e+03 8.453641e+00 1.757955e+03 7.135818e+00 1.758254e+03 6.532700e+00
1.758226e+03 1.494913e+01 1.758780e+03 2.079235e+01 1.756619e+03 8.460625e+00 1.759141e+03 7.143023e+00 1.759440e+03 6.602442e+00
1.759412e+03 1.495890e+01 1.759966e+03 2.081725e+01 1.757803e+03 8.467610e+00 1.760327e+03 7.150229e+00 1.760626e+03 6.672185e+00
1.760598e+03 1.496866e+01 1.761152e+03 2.084215e+01 1.758988e+03 8.474594e+00 1.761513e+03 7.157434e+00 1.761813e+03 6.741927e+00
1.761783e+03 1.497842e+01 1.762338e+03 2.086705e+01 1.760173e+03 8.481579e+00 1.762700e+03 7.164640e+00 1.762999e+03 6.811669e+00
1.762969e+03 1.498818e+01 1.763524e+03 2.089194e+01 1.761357e+03 8.488563e+00 1.763886e+03 7.171845e+00 1.764186e+03 6.881411e+00
1.764154e+03 1.499795e+01 1.764710e+03 2.091684e+01 1.762542e+03 8.495548e+00 1.765072e+03 7.179051e+00 1.765372e+03 6.951153e+00
1.765340e+03 1.500771e+01 1.765896e+03 2.094174e+01 1.763726e+03 8.502533e+00 1.766258e+03 7.186256e+00 1.766558e+03 7.020896e+00
1.766525e+03 1.501747e+01 1.767082e+03 2.096664e+01 1.764911e+03 8.509517e+00 1.767444e+03 7.193462e+00 1.767745e+03 7.090638e+00
1.767711e+03 1.502724e+01 1.768268e+03 2.099153e+01 1.766095e+03 8.516502e+00 1.768631e+03 7.200667e+00 1.768931e+03 7.160380e+00
1.768897e+03 1.503700e+01 1.769453e+03 2.101643e+01 1.767280e+03 8.523486e+00 1.769817e+03 7.207873e+00 1.770118e+03 7.230122e+00
1.770082e+03 1.504676e+01 1.770639e+03 2.104133e+01 1.768464e+03 8.530471e+00 1.771003e+03 7.215078e+00 1.771304e+03 7.299864e+00
1.771268e+03 1.505653e+01 1.771825e+03 2.106623e+01 1.769649e+03 8.537456e+00 1.772189e+03 7.222284e+00 1.772491e+03 7.369607e+00
1.772453e+03 1.506629e+01 1.773011e+03 2.109113e+01 1.770833e+03 8.544440e+00 1.773375e+03 7.229489e+00 1.773677e+03 7.439349e+00
1.773639e+03 1.507605e+01 1.774197e+03 2.111602e+01 1.772018e+03 8.551425e+00 1.774562e+03 7.236695e+00 1.774863e+03 7.509091e+00
1.774825e+03 1.508582e+01 1.775383e+03 2.114092e+01 1.773202e+03 8.558409e+00 1.775748e+03 7.243900e+00 1.776050e+03 7.578833e+00
1.776010e+03 1.509558e+01 1.776569e+03 2.116582e+01 1.774387e+03 8.565394e+00 1.776934e+03 7.251106e+00 1.777236e+03 7.648575e+00
1.777196e+03 1.510534e+01 1.777755e+03 2.119072e+01 1.775571e+03 8.572378e+00 1.778120e+03 7.258311e+00 1.778423e+03 7.718317e+00
1.778381e+03 1.511510e+01 1.778941e+03 2.121561e+01 1.776756e+03 8.579363e+00 1.779306e+03 7.265517e+00 1.779609e+03 7.788060e+00
1.779567e+03 1.512487e+01 1.780127e+03 2.124051e+01 1.777940e+03 8.586348e+00 1.780493e+03 7.272722e+00 1.780795e+03 7.857802e+00
1.780753e+03 1.513463e+01 1.781313e+03 2.126541e+01 1.779125e+03 8.593332e+00 1.781679e+03 7.279928e+00 1.781982e+03 7.927544e+00
1.781938e+03 1.514439e+01 1.782499e+03 2.129031e+01 1.780309e+03 8.600317e+00 1.782865e+03 7.287133e+00 1.783168e+03 7.997286e+00
1.783124e+03 1.515416e+01 1.783685e+03 2.131520e+01 1.781494e+03 8.607301e+00 1.784051e+03 7.294339e+00 1.784355e+03 8.067028e+00
1.784309e+03 1.516392e+01 1.784871e+03 2.134010e+01 1.782678e+03 8.614286e+00 1.785237e+03 7.301544e+00 1.785541e+03 8.136771e+00
1.785495e+03 1.517368e+01 1.786057e+03 2.136500e+01 1.783863e+03 8.621271e+00 1.786424e+03 7.308750e+00 1.786727e+03 8.206513e+00
1.786680e+03 1.518345e+01 1.787243e+03 2.138990e+01 1.785047e+03 8.628255e+00 1.787610e+03 7.315955e+00 1.787914e+03 8.276255e+00
1.787866e+03 1.519321e+01 1.788429e+03 2.141480e+01 1.786232e+03 8.635240e+00 1.788796e+03 7.323161e+00 1.789100e+03 8.345997e+00
1.789052e+03 1.520297e+01 1.789615e+03 2.143969e+01 1.787416e+03 8.642224e+00 1.789982e+03 7.330366e+00 1.790287e+03 8.415739e+00
1.790237e+03 1.521274e+01 1.790801e+03 2.146459e+01 1.788601e+03 8.649209e+00 1.791168e+03 7.337572e+00 1.791473e+03 8.485482e+00
1.791423e+03 1.522250e+01 1.791987e+03 2.148949e+01 1.789785e+03 8.656194e+00 1.792355e+03 7.344777e+00 1.792659e+03 8.555224e+00
1.792608e+03 1.523226e+01 1.793173e+03 2.151439e+01 1.790970e+03 8.663178e+00 1.793541e+03 7.351983e+00 1.793846e+03 8.624966e+00
1.793794e+03 1.524202e+01 1.794359e+03 2.153928e+01 1.792154e+03 8.670163e+00 1.794727e+03 7.359188e+00 1.795032e+03 8.694708e+00
1.794980e+03 1.525179e+01 1.795545e+03 2.156418e+01 1.793339e+03 8.677147e+00 1.795913e+03 7.366394e+00 1.796219e+03 8.764450e+00
1.796165e+03 1.526155e+01 1.796731e+03 2.158908e+01 1.794523e+03 8.684132e+00 1.797099e+03 7.373599e+00 1.797405e+03 8.834192e+00
1.797351e+03 1.527030e+01 1.797917e+03 2.162106e+01 1.795708e+03 8.691264e+00 1.798286e+03 7.380714e+00 1.798591e+03 8.929250e+00
1.798536e+03 1.527867e+01 1.799102e+03 2.165577e+01 1.796892e+03 8.698452e+00 1.799472e+03 7.387794e+00 1.799778e+03 9.034005e+00
1.799722e+03 1.528703e+01 1.800288e+03 2.169047e+01 1.798077e+03 8.705641e+00 1.800658e+03 7.394874e+00 1.800964e+03 9.138759e+00
1.800908e+03 1.529540e+01 1.801474e+03 2.172517e+01 1.799261e+03 8.712829e+00 1.801844e+03 7.401954e+00 1.802151e+03 9.243514e+00
1.802093e+03 1.530376e+01 1.802660e+03 2.175987e+01 1.800446e+03 8.720018e+00 1.803030e+03 7.409033e+00 1.803337e+03 9.348269e+00
1.803279e+03 1.531213e+01 1.803846e+03 2.179457e+01 1.801630e+03 8.727206e+00 1.804217e+03 7.416113e+00 1.804523e+03 9.453024e+00
1.804464e+03 1.532049e+01 1.805032e+03 2.182927e+01 1.802815e+03 8.734395e+00 1.805403e+03 7.423193e+00 1.805710e+03 9.557778e+00
1.805650e+03 1.532886e+01 1.806218e+03 2.186398e+01 1.803999e+03 8.741583e+00 1.806589e+03 7.430273e+00 1.806896e+03 9.662533e+00
1.806835e+03 1.533722e+01 1.807404e+03 2.189868e+01 1.805184e+03 8.748771e+00 1.807775e+03 7.437353e+00 1.808083e+03 9.767288e+00
1.808021e+03 1.534559e+01 1.808590e+03 2.193338e+01 1.806368e+03 8.755960e+00 1.808961e+03 7.444433e+00 1.809269e+03 9.872043e+00
1.809207e+03 1.535395e+01 1.809776e+03 2.196808e+01 1.807553e+03 8.763148e+00 1.810148e+03 7.451513e+00 1.810455e+03 9.976797e+00
1.810392e+03 1.536232e+01 1.810962e+03 2.200278e+01 1.808737e+03 8.770337e+00 1.811334e+03 7.458593e+00 1.811642e+03 1.008155e+01
1.811578e+03 1.537068e+01 1.812148e+03 2.203748e+01 1.809922e+03 8.777525e+00 1.812520e+03 7.465673e+00 1.812828e+03 1.018631e+01
1.812763e+03 1.537905e+01 1.813334e+03 2.207218e+01 1.811106e+03 8.784714e+00 1.813706e+03 7.472752e+00 1.814015e+03 1.029106e+01
1.813949e+03 1.538741e+01 1.814520e+03 2.210689e+01 1.812291e+03 8.791902e+00 1.814892e+03 7.479832e+00 1.815201e+03 1.039582e+01
1.815135e+03 1.539578e+01 1.815706e+03 2.214159e+01 1.813475e+03 8.799091e+00 1.816079e+03 7.486912e+00 1.816388e+03 1.050057e+01
1.816320e+03 1.540414e+01 1.816892e+03 2.217629e+01 1.814660e+03 8.806279e+00 1.817265e+03 7.493992e+00 1.817574e+03 1.060533e+01
1.817506e+03 1.541251e+01 1.818078e+03 2.221099e+01 1.815844e+03 8.813467e+00 1.818451e+03 7.501072e+00 1.818760e+03 1.071008e+01
1.818691e+03 1.542087e+01 1.819264e+03 2.224569e+01 1.817029e+03 8.820656e+00 1.819637e+03 7.508152e+00 1.819947e+03 1.081484e+01
1.819877e+03 1.542924e+01 1.820450e+03 2.228039e+01 1.818213e+03 8.827844e+00 1.820824e+03 7.515232e+00 1.821133e+03 1.091959e+01
1.821063e+03 1.543760e+01 1.821636e+03 2.231510e+01 1.819398e+03 8.835033e+00 1.822010e+03 7.522312e+00 1.822320e+03 1.102434e+01
1.822248e+03 1.544597e+01 1.822822e+03 2.234980e+01 1.820582e+03 8.842221e+00 1.823196e+03 7.529392e+00 1.823506e+03 1.112910e+01
1.823434e+03 1.545433e+01 1.824008e+03 2.238450e+01 1.821767e+03 8.849410e+00 1.824382e+03 7.536471e+00 1.824692e+03 1.123385e+01
1.824619e+03 1.546270e+01 1.825194e+03 2.241920e+01 1.822951e+03 8.856598e+00 1.825568e+03 7.543551e+00 1.825879e+03 1.133861e+01
1.825805e+03 1.547106e+01 1.826380e+03 2.245390e+01 1.824136e+03 8.863787e+00 1.826755e+03 7.550631e+00 1.827065e+03 1.144336e+01
1.826990e+03 1.547943e+01 1.827566e+03 2.248860e+01 1.825320e+03 8.870975e+00 1.827941e+03 7.557711e+00 1.828252e+03 1.154812e+01
1.828176e+03 1.548779e+01 1.828752e+03 2.252330e+01 1.826505e+03 8.878164e+00 1.829127e+03 7.564791e+00 1.829438e+03 1.165287e+01
1.829362e+03 1.549616e+01 1.829937e+03 2.255801e+01 1.827689e+03 8.885352e+00 1.830313e+03 7.571871e+00 1.830624e+03 1.175763e+01
1.830547e+03 1.550452e+01 1.831123e+03 2.259271e+01 1.828874e+03 8.892540e+00 1.831499e+03 7.578951e+00 1.831811e+03 1.186238e+01
1.831733e+03 1.551289e+01 1.832309e+03 2.262741e+01 1.830058e+03 8.899729e+00 1.832686e+03 7.586031e+00 1.832997e+03 1.196714e+01
1.832918e+03 1.552125e+01 1.833495e+03 2.266211e+01 1.831243e+03 8.906917e+00 1.833872e+03 7.593110e+00 1.834184e+03 1.207189e+01
1.834104e+03 1.552962e+01 1.834681e+03 2.269681e+01 1.832427e+03 8.914106e+00 1.835058e+03 7.600190e+00 1.835370e+03 1.217665e+01
1.835290e+03 1.553798e+01 1.835867e+03 2.273151e+01 1.833612e+03 8.921294e+00 1.836244e+03 7.607270e+00 1.836556e+03 1.228140e+01
1.836475e+03 1.554635e+01 1.837053e+03 2.276622e+01 1.834796e+03 8.928483e+00 1.837430e+03 7.614350e+00 1.837743e+03 1.238616e+01
1.837661e+03 1.555471e+01 1.838239e+03 2.280092e+01 1.835981e+03 8.935671e+00 1.838617e+03 7.621430e+00 1.838929e+03 1.249091e+01
1.838846e+03 1.556308e+01 1.839425e+03 2.283562e+01 1.837165e+03 8.942860e+00 1.839803e+03 7.628510e+00 1.840116e+03 1.259567e+01
1.840032e+03 1.557144e+01 1.840611e+03 2.287032e+01 1.838350e+03 8.950048e+00 1.840989e+03 7.635590e+00 1.841302e+03 1.270042e+01
1.841217e+03 1.557981e+01 1.841797e+03 2.290502e+01 1.839534e+03 8.957236e+00 1.842175e+03 7.642670e+00 1.842488e+03 1.280518e+01
1.842403e+03 1.558817e+01 1.842983e+03 2.293972e+01 1.840719e+03 8.964425e+00 1.843361e+03 7.649750e+00 1.843675e+03 1.290993e+01
1.843589e+03 1.559556e+01 1.844169e+03 2.296971e+01 1.841903e+03 8.971568e+00 1.844548e+03 7.656676e+00 1.844861e+03 1.299675e+01
1.844774e+03 1.560279e+01 1.845355e+03 2.299900e+01 1.843088e+03 8.978705e+00 1.845734e+03 7.663579e+00 1.846048e+03 1.308087e+01
1.845960e+03 1.561003e+01 1.846541e+03 2.302829e+01 1.844272e+03 8.985841e+00 1.846920e+03 7.670482e+00 1.847234e+03 1.316500e+01
1.847145e+03 1.561726e+01 1.847727e+03 2.305757e+01 1.845457e+03 8.992978e+00 1.848106e+03 7.677385e+00 1.848420e+03 1.324913e+01
1.848331e+03 1.562450e+01 1.848913e+03 2.308686e+01 1.846641e+03 9.000114e+00 1.849292e+03 7.684288e+00 1.849607e+03 1.333326e+01
1.849517e+03 1.563174e+01 1.850099e+03 2.311615e+01 1.847826e+03 9.007251e+00 1.850479e+03 7.691191e+00 1.850793e+03 1.341739e+01
1.850702e+03 1.563897e+01 1.851285e+03 2.314543e+01 1.849010e+03 9.014387e+00 1.851665e+03 7.698094e+00 1.851980e+03 1.350152e+01
1.851888e+03 1.564621e+01 1.852471e+03 2.317472e+01 1.850195e+03 9.021524e+00 1.852851e+03 7.704997e+00 1.853166e+03 1.358565e+01
1.853073e+03 1.565345e+01 1.853657e+03 2.320400e+01 1.851379e+03 9.028660e+00 1.854037e+03 7.711900e+00 1.854353e+03 1.366978e+01
1.854259e+03 1.566068e+01 1.854843e+03 2.323329e+01 1.852564e+03 9.035797e+00 1.855223e+03 7.718803e+00 1.855539e+03 1.375391e+01
1.855445e+03 1.566792e+01 1.856029e+03 2.326258e+01 1.853748e+03 9.042933e+00 1.856410e+03 7.725706e+00 1.856725e+03 1.383804e+01
1.856630e+03 1.567515e+01 1.857215e+03 2.329186e+01 1.854933e+03 9.050070e+00 1.857596e+03 7.732609e+00 1.857912e+03 1.392217e+01
1.857816e+03 1.568239e+01 1.858401e+03 2.332115e+01 1.856117e+03 9.057206e+00 1.858782e+03 7.739512e+00 1.859098e+03 1.400630e+01
1.859001e+03 1.568963e+01 1.859586e+03 2.335044e+01 1.857302e+03 9.064343e+00 1.859968e+03 7.746415e+00 1.860285e+03 1.409043e+01
1.860187e+03 1.569686e+01 1.860772e+03 2.337972e+01 1.858486e+03 9.071479e+00 1.861154e+03 7.753318e+00 1.861471e+03 1.417456e+01
1.861372e+03 1.570410e+01 1.861958e+03 2.340901e+01 1.859671e+03 9.078616e+00 1.862341e+03 7.760221e+00 1.862657e+03 1.425869e+01
1.862558e+03 1.571134e+01 1.863144e+03 2.343829e+01 1.860855e+03 9.085753e+00 1.863527e+03 7.767124e+00 1.863844e+03 1.434282e+01
1.863744e+03 1.571857e+01 1.864330e+03 2.346758e+01 1.862040e+03 9.092889e+00 1.864713e+03 7.774027e+00 1.865030e+03 1.442695e+01
1.864929e+03 1.572581e+01 1.865516e+03 2.349687e+01 1.863224e+03 9.100026e+00 1.865899e+03 7.780930e+00 1.866217e+03 1.451107e+01
1.866115e+03 1.573304e+01 1.866702e+03 2.352615e+01 1.864409e+03 9.107162e+00 1.867085e+03 7.787833e+00 1.867403e+03 1.459520e+01
1.867300e+03 1.574028e+01 1.867888e+03 2.355544e+01 1.865593e+03 9.114299e+00 1.868272e+03 7.794736e+00 1.868589e+03 1.467933e+01
1.868486e+03 1.574752e+01 1.869074e+03 2.358473e+01 1.866778e+03 9.121435e+00 1.869458e+03 7.801639e+00 1.869776e+03 1.476346e+01
1.869672e+03 1.575475e+01 1.870260e+03 2.361401e+01 1.867962e+03 9.128572e+00 1.870644e+03 7.808542e+00 1.870962e+03 1.484759e+01
1.870857e+03 1.576199e+01 1.871446e+03 2.364330e+01 1.869147e+03 9.135708e+00 1.871830e+03 7.815445e+00 1.872149e+03 1.493172e+01
1.872043e+03 1.576923e+01 1.872632e+03 2.367258e+01 1.870331e+03 9.142845e+00 1.873017e+03 7.822348e+00 1.873335e+03 1.501585e+01
1.873228e+03 1.577646e+01 1.873818e+03 2.370187e+01 1.871516e+03 9.149981e+00 1.874203e+03 7.829251e+00 1.874521e+03 1.509998e+01
1.874414e+03 1.578370e+01 1.875004e+03 2.373116e+01 1.872700e+03 9.157118e+00 1.875389e+03 7.836155e+00 1.875708e+03 1.518411e+01
1.875600e+03 1.579093e+01 1.876190e+03 2.376044e+01 1.873885e+03 9.164254e+00 1.876575e+03 7.843058e+00 1.876894e+03 1.526824e+01
1.876785e+03 1.579817e+01 1.877376e+03 2.378973e+01 1.875069e+03 9.171391e+00 1.877761e+03 7.849961e+00 1.878081e+03 1.535237e+01
1.877971e+03 1.580541e+01 1.878562e+03 2.381902e+01 1.876254e+03 9.178527e+00 1.878948e+03 7.856864e+00 1.879267e+03 1.543650e+01
1.879156e+03 1.581264e+01 1.879748e+03 2.384830e+01 1.877438e+03 9.185664e+00 1.880134e+03 7.863767e+00 1.880453e+03 1.552063e+01
1.880342e+03 1.581988e+01 1.880934e+03 2.387759e+01 1.878623e+03 9.192800e+00 1.881320e+03 7.870670e+00 1.881640e+03 1.560476e+01
1.881527e+03 1.582712e+01 1.882120e+03 2.390687e+01 1.879807e+03 9.199937e+00 1.882506e+03 7.877573e+00 1.882826e+03 1.568889e+01
1.882713e+03 1.583435e+01 1.883306e+03 2.393616e+01 1.880992e+03 9.207073e+00 1.883692e+03 7.884476e+00 1.884013e+03 1.577302e+01
1.883899e+03 1.584159e+01 1.884492e+03 2.396545e+01 1.882176e+03 9.214210e+00 1.884879e+03 7.891379e+00 1.885199e+03 1.585715e+01
1.885084e+03 1.584882e+01 1.885678e+03 2.399473e+01 1.883361e+03 9.221346e+00 1.886065e+03 7.898282e+00 1.886385e+03 1.594127e+01
1.886270e+03 1.585606e+01 1.886864e+03 2.402402e+01 1.884545e+03 9.228483e+00 1.887251e+03 7.905185e+00 1.887572e+03 1.602540e+01
1.887455e+03 1.586330e+01 1.888050e+03 2.405331e+01 1.885730e+03 9.235619e+00 1.888437e+03 7.912088e+00 1.888758e+03 1.610953e+01
1.888641e+03 1.587052e+01 1.889236e+03 2.408250e+01 1.886914e+03 9.242750e+00 1.889623e+03 7.918987e+00 1.889945e+03 1.619332e+01
1.889827e+03 1.587692e+01 1.890421e+03 2.410637e+01 1.888099e+03 9.249547e+00 1.890810e+03 7.925659e+00 1.891131e+03 1.625683e+01
1.891012e+03 1.588332e+01 1.891607e+03 2.413024e+01 1.889283e+03 9.256343e+00 1.891996e+03 7.932331e+00 1.892318e+03 1.632033e+01
1.892198e+03 1.588972e+01 1.892793e+03 2.415412e+01 1.890468e+03 9.263140e+00 1.893182e+03 7.939003e+00 1.893504e+03 1.638383e+01
1.893383e+03 1.589612e+01 1.893979e+03 2.417799e+01 1.891652e+03 9.269937e+00 1.894368e+03 7.945675e+00 1.894690e+03 1.644734e+01
1.894569e+03 1.590251e+01 1.895165e+03 2.420186e+01 1.892837e+03 9.276733e+00 1.895554e+03 7.952347e+00 1.895877e+03 1.651084e+01
1.895755e+03 1.590891e+01 1.896351e+03 2.422573e+01 1.894021e+03 9.283530e+00 1.896741e+03 7.959019e+00 1.897063e+03 1.657435e+01
1.896940e+03 1.591531e+01 1.897537e+03 2.424960e+01 1.895206e+03 9.290326e+00 1.897927e+03 7.965690e+00 1.898250e+03 1.663785e+01
1.898126e+03 1.592171e+01 1.898723e+03 2.427347e+01 1.896390e+03 9.297123e+00 1.899113e+03 7.972362e+00 1.899436e+03 1.670135e+01
1.899311e+03 1.592811e+01 1.899909e+03 2.429734e+01 1.897575e+03 9.303920e+00 1.900299e+03 7.979034e+00 1.900622e+03 1.676486e+01
1.900497e+03 1.593451e+01 1.901095e+03 2.432121e+01 1.898759e+03 9.310716e+00 1.901485e+03 7.985706e+00 1.901809e+03 1.682836e+01
1.901682e+03 1.594091e+01 1.902281e+03 2.434508e+01 1.899944e+03 9.317513e+00 1.902672e+03 7.992378e+00 1.902995e+03 1.689187e+01
1.902868e+03 1.594731e+01 1.903467e+03 2.436895e+01 1.901128e+03 9.324309e+00 1.903858e+03 7.999050e+00 1.904182e+03 1.695537e+01
1.904054e+03 1.595371e+01 1.904653e+03 2.439282e+01 1.902313e+03 9.331106e+00 1.905044e+03 8.005722e+00 1.905368e+03 1.701888e+01
1.905239e+03 1.596011e+01 1.905839e+03 2.441670e+01 1.903497e+03 9.337902e+00 1.906230e+03 8.012394e+00 1.906554e+03 1.708238e+01
1.906425e+03 1.596651e+01 1.907025e+03 2.444057e+01 1.904682e+03 9.344699e+00 1.907416e+03 8.019066e+00 1.907741e+03 1.714588e+01
1.907610e+03 1.597290e+01 1.908211e+03 2.446444e+01 1.905866e+03 9.351496e+00 1.908603e+03 8.025738e+00 1.908927e+03 1.720939e+01
1.908796e+03 1.597930e+01 1.909397e+03 2.448831e+01 1.907051e+03 9.358292e+00 1.909789e+03 8.032410e+00 1.910114e+03 1.727289e+01
1.909982e+03 1.598570e+01 1.910583e+03 2.451218e+01 1.908235e+03 9.365089e+00 1.910975e+03 8.039082e+00 1.911300e+03 1.733640e+01
1.911167e+03 1.599210e+01 1.911769e+03 2.453605e+01 1.909420e+03 9.371885e+00 1.912161e+03 8.045753e+00 1.912486e+03 1.739990e+01
1.912353e+03 1.599850e+01 1.912955e+03 2.455992e+01 1.910604e+03 9.378682e+00 1.913347e+03 8.052425e+00 1.913673e+03 1.746340e+01
1.913538e+03 1.600490e+01 1.914141e+03 2.458379e+01 1.911789e+03 9.385478e+00 1.914534e+03 8.059097e+00 1.914859e+03 1.752691e+01
1.914724e+03 1.601130e+01 1.915327e+03 2.460766e+01 1.912973e+03 9.392275e+00 1.915720e+03 8.065769e+00 1.916046e+03 1.759041e+01
1.915910e+03 1.601770e+01 1.916513e+03 2.463153e+01 1.914158e+03 9.399072e+00 1.916906e+03 8.072441e+00 1.917232e+03 1.765392e+01
1.917095e+03 1.602410e+01 1.917699e+03 2.465541e+01 1.915342e+03 9.405868e+00 1.918092e+03 8.079113e+00 1.918418e+03 1.771742e+01
1.918281e+03 1.603050e+01 1.918885e+03 2.467928e+01 1.916527e+03 9.412665e+00 1.919278e+03 8.085785e+00 1.919605e+03 1.778092e+01
1.919466e+03 1.603690e+01 1.920070e+03 2.470315e+01 1.917711e+03 9.419461e+00 1.920465e+03 8.092457e+00 1.920791e+03 1.784443e+01
1.920652e+03 1.604329e+01 1.921256e+03 2.472702e+01 1.918896e+03 9.426258e+00 1.921651e+03 8.099129e+00 1.921978e+03 1.790793e+01
1.921837e+03 1.604969e+01 1.922442e+03 2.475089e+01 1.920081e+03 9.433054e+00 1.922837e+03 8.105801e+00 1.923164e+03 1.797144e+01
1.923023e+03 1.605609e+01 1.923628e+03 2.477476e+01 1.921265e+03 9.439851e+00 1.924023e+03 8.112473e+00 1.924350e+03 1.803494e+01
1.924209e+03 1.606249e+01 1.924814e+03 2.479863e+01 1.922450e+03 9.446648e+00 1.925209e+03 8.119144e+00 1.925537e+03 1.809844e+01
1.925394e+03 1.606889e+01 1.926000e+03 2.482250e+01 1.923634e+03 9.453444e+00 1.926396e+03 8.125816e+00 1.926723e+03 1.816195e+01
1.926580e+03 1.607529e+01 1.927186e+03 2.484637e+01 1.924819e+03 9.460241e+00 1.927582e+03 8.132488e+00 1.927910e+03 1.822545e+01
1.927765e+03 1.608169e+01 1.928372e+03 2.487024e+01 1.926003e+03 9.467037e+00 1.928768e+03 8.139160e+00 1.929096e+03 1.828896e+01
1.928951e+03 1.608809e+01 1.929558e+03 2.489411e+01 1.927188e+03 9.473834e+00 1.929954e+03 8.145832e+00 1.930283e+03 1.835246e+01
1.930137e+03 1.609449e+01 1.930744e+03 2.491799e+01 1.928372e+03 9.480630e+00 1.931141e+03 8.152504e+00 1.931469e+03 1.841597e+01
1.931322e+03 1.610089e+01 1.931930e+03 2.494186e+01 1.929557e+03 9.487427e+00 1.932327e+03 8.159176e+00 1.932655e+03 1.847947e+01
1.932508e+03 1.610729e+01 1.933116e+03 2.496573e+01 1.930741e+03 9.494224e+00 1.933513e+03 8.165848e+00 1.933842e+03 1.854297e+01
1.933693e+03 1.611368e+01 1.934302e+03 2.498960e+01 1.931926e+03 9.501020e+00 1.934699e+03 8.172520e+00 1.935028e+03 1.860648e+01
1.934879e+03 1.611999e+01 1.935488e+03 2.501259e+01 1.933110e+03 9.507714e+00 1.935885e+03 8.179145e+00 1.936215e+03 1.866661e+01
1.936064e+03 1.612585e+01 1.936674e+03 2.503104e+01 1.934295e+03 9.513883e+00 1.937072e+03 8.185532e+00 1.937401e+03 1.870949e+01
1.937250e+03 1.613170e+01 1.937860e+03 2.504950e+01 1.935479e+03 9.520052e+00 1.938258e+03 8.191918e+00 1.938587e+03 1.875237e+01
1.938436e+03 1.613756e+01 1.939046e+03 2.506795e+01 1.936664e+03 9.526220e+00 1.939444e+03 8.198305e+00 1.939774e+03 1.879525e+01
1.939621e+03 1.614341e+01 1.940232e+03 2.508641e+01 1.937848e+03 9.532389e+00 1.940630e+03 8.204691e+00 1.940960e+03 1.883813e+01
1.940807e+03 1.614926e+01 1.941418e+03 2.510486e+01 1.939033e+03 9.538557e+00 1.941816e+03 8.211078e+00 1.942147e+03 1.888101e+01
1.941992e+03 1.615512e+01 1.942604e+03 2.512332e+01 1.940217e+03 9.544726e+00 1.943003e+03 8.217464e+00 1.943333e+03 1.892389e+01
1.943178e+03 1.616097e+01 1.943790e+03 2.514178e+01 1.941402e+03 9.550895e+00 1.944189e+03 8.223851e+00 1.944519e+03 1.896677e+01
1.944364e+03 1.616682e+01 1.944976e+03 2.516023e+01 1.942586e+03 9.557063e+00 1.945375e+03 8.230237e+00 1.945706e+03 1.900964e+01
1.945549e+03 1.617268e+01 1.946162e+03 2.517869e+01 1.943771e+03 9.563232e+00 1.946561e+03 8.236624e+00 1.946892e+03 1.905252e+01
1.946735e+03 1.617853e+01 1.947348e+03 2.519714e+01 1.944955e+03 9.569400e+00 1.947747e+03 8.243010e+00 1.948079e+03 1.909540e+01
1.947920e+03 1.618438e+01 1.948534e+03 2.521560e+01 1.946140e+03 9.575569e+00 1.948934e+03 8.249397e+00 1.949265e+03 1.913828e+01
1.949106e+03 1.619024e+01 1.949720e+03 2.523405e+01 1.947324e+03 9.581738e+00 1.950120e+03 8.255783e+00 1.950451e+03 1.918116e+01
1.950292e+03 1.619609e+01 1.950905e+03 2.525251e+01 1.948509e+03 9.587906e+00 1.951306e+03 8.262170e+00 1.951638e+03 1.922404e+01
1.951477e+03 1.620194e+01 1.952091e+03 2.527096e+01 1.949693e+03 9.594075e+00 1.952492e+03 8.268556e+00 1.952824e+03 1.926692e+01
1.952663e+03 1.620780e+01 1.953277e+03 2.528942e+01 1.950878e+03 9.600243e+00 1.953678e+03 8.274943e+00 1.954011e+03 1.930980e+01
1.953848e+03 1.621365e+01 1.954463e+03 2.530788e+01 1.952062e+03 9.606412e+00 1.954865e+03 8.281329e+00 1.955197e+03 1.935267e+01
1.955034e+03 1.621950e+01 1.955649e+03 2.532633e+01 1.953247e+03 9.612581e+00 1.956051e+03 8.287716e+00 1.956383e+03 1.939555e+01
1.956219e+03 1.622536e+01 1.956835e+03 2.534479e+01 1.954431e+03 9.618749e+00 1.957237e+03 8.294102e+00 1.957570e+03 1.943843e+01
1.957405e+03 1.623121e+01 1.958021e+03 2.536324e+01 1.955616e+03 9.624918e+00 1.958423e+03 8.300489e+00 1.958756e+03 1.948131e+01
1.958591e+03 1.623706e+01 1.959207e+03 2.538170e+01 1.956800e+03 9.631087e+00 1.959609e+03 8.306876e+00 1.959943e+03 1.952419e+01
1.959776e+03 1.624292e+01 1.960393e+03 2.540015e+01 1.957985e+03 9.637255e+00 1.960796e+03 8.313262e+00 1.961129e+03 1.956707e+01
1.960962e+03 1.624877e+01 1.961579e+03 2.541861e+01 1.959169e+03 9.643424e+00 1.961982e+03 8.319649e+00 1.962315e+03 1.960995e+01
1.962147e+03 1.625462e+01 1.962765e+03 2.543707e+01 1.960354e+03 9.649592e+00 1.963168e+03 8.326035e+00 1.963502e+03 1.965283e+01
1.963333e+03 1.626048e+01 1.963951e+03 2.545552e+01 1.961538e+03 9.655761e+00 1.964354e+03 8.332422e+00 1.964688e+03 1.969570e+01
1.964519e+03 1.626633e+01 1.965137e+03 2.547398e+01 1.962723e+03 9.661930e+00 1.965540e+03 8.338808e+00 1.965875e+03 1.973858e+01
1.965704e+03 1.627219e+01 1.966323e+03 2.549243e+01 1.963907e+03 9.668098e+00 1.966727e+03 8.345195e+00 1.967061e+03 1.978146e+01
1.966890e+03 1.627804e+01 1.967509e+03 2.551089e+01 1.965092e+03 9.674267e+00 1.967913e+03 8.351581e+00 1.968247e+03 1.982434e+01
1.968075e+03 1.628389e+01 1.968695e+03 2.552934e+01 1.966276e+03 9.680435e+00 1.969099e+03 8.357968e+00 1.969434e+03 1.986722e+01
1.969261e+03 1.628975e+01 1.969881e+03 2.554780e+01 1.967461e+03 9.686604e+00 1.970285e+03 8.364354e+00 1.970620e+03 1.991010e+01
1.970447e+03 1.629560e+01 1.971067e+03 2.556626e+01 1.968645e+03 9.692773e+00 1.971471e+03 8.370741e+00 1.971807e+03 1.995298e+01
1.971632e+03 1.630145e+01 1.972253e+03 2.558471e+01 1.969830e+03 9.698941e+00 1.972658e+03 8.377127e+00 1.972993e+03 1.999586e+01
1.972818e+03 1.630731e+01 1.973439e+03 2.560317e+01 1.971014e+03 9.705110e+00 1.973844e+03 8.383514e+00 1.974180e+03 2.003873e+01
1.974003e+03 1.631316e+01 1.974625e+03 2.562162e+01 1.972199e+03 9.711279e+00 1.975030e+03 8.389900e+00 1.975366e+03 2.008161e+01
1.975189e+03 1.631901e+01 1.975811e+03 2.564008e+01 1.973383e+03 9.717447e+00 1.976216e+03 8.396287e+00 1.976552e+03 2.012449e+01
1.976374e+03 1.632487e+01 1.976997e+03 2.565853e+01 1.974568e+03 9.723616e+00 1.977402e+03 8.402673e+00 1.977739e+03 2.016737e+01
1.977560e+03 1.633072e+01 1.978183e+03 2.567699e+01 1.975752e+03 9.729784e+00 1.978589e+03 8.409060e+00 1.978925e+03 2.021025e+01
1.978746e+03 1.633657e+01 1.979369e+03 2.569544e+01 1.976937e+03 9.735953e+00 1.979775e+03 8.415446e+00 1.980112e+03 2.025313e+01
1.979931e+03 1.634243e+01 1.980554e+03 2.571390e+01 1.978121e+03 9.742122e+00 1.980961e+03 8.421833e+00 1.981298e+03 2.029601e+01
1.981117e+03 1.634818e+01 1.981740e+03 2.573068e+01 1.979306e+03 9.748017e+00 1.982147e+03 8.428117e+00 1.982484e+03 2.033249e+01
1.982302e+03 1.635370e+01 1.982926e+03 2.574372e+01 1.980490e+03 9.753305e+00 1.983334e+03 8.434171e+00 1.983671e+03 2.035474e+01
1.983488e+03 1.635923e+01 1.984112e+03 2.575676e+01 1.981675e+03 9.758592e+00 1.984520e+03 8.440226e+00 1.984857e+03 2.037700e+01
1.984674e+03 1.636476e+01 1.985298e+03 2.576980e+01 1.982859e+03 9.763880e+00 1.985706e+03 8.446280e+00 1.986044e+03 2.039925e+01
1.985859e+03 1.637028e+01 1.986484e+03 2.578284e+01 1.984044e+03 9.769167e+00 1.986892e+03 8.452335e+00 1.987230e+03 2.042151e+01
1.987045e+03 1.637581e+01 1.987670e+03 2.579588e+01 1.985228e+03 9.774455e+00 1.988078e+03 8.458389e+00 1.988416e+03 2.044376e+01
1.988230e+03 1.638133e+01 1.988856e+03 2.580892e+01 1.986413e+03 9.779742e+00 1.989265e+03 8.464444e+00 1.989603e+03 2.046601e+01
1.989416e+03 1.638686e+01 1.990042e+03 2.582196e+01 1.987597e+03 9.785030e+00 1.990451e+03 8.470499e+00 1.990789e+03 2.048827e+01
1.990602e+03 1.639239e+01 1.991228e+03 2.583500e+01 1.988782e+03 9.790318e+00 1.991637e+03 8.476553e+00 1.991976e+03 2.051052e+01
1.991787e+03 1.639791e+01 1.992414e+03 2.584804e+01 1.989966e+03 9.795605e+00 1.992823e+03 8.482608e+00 1.993162e+03 2.053277e+01
1.992973e+03 1.640344e+01 1.993600e+03 2.586108e+01 1.991151e+03 9.800893e+00 1.994009e+03 8.488662e+00 1.994348e+03 2.055503e+01
1.994158e+03 1.640896e+01 1.994786e+03 2.587412e+01 1.992335e+03 9.806180e+00 1.995196e+03 8.494717e+00 1.995535e+03 2.057728e+01
1.995344e+03 1.641449e+01 1.995972e+03 2.588716e+01 1.993520e+03 9.811468e+00 1.996382e+03 8.500771e+00 1.996721e+03 2.059953e+01
1.996529e+03 1.642001e+01 1.997158e+03 2.590020e+01 1.994704e+03 9.816755e+00 1.997568e+03 8.506826e+00 1.997908e+03 2.062179e+01
1.997715e+03 1.642554e+01 1.998344e+03 2.591324e+01 1.995889e+03 9.822043e+00 1.998754e+03 8.512881e+00 1.999094e+03 2.064404e+01
1.998901e+03 1.643107e+01 1.999530e+03 2.592628e+01 1.997073e+03 9.827331e+00 1.999940e+03 8.518935e+00 2.000280e+03 2.066629e+01
2.000086e+03 1.643659e+01 2.000716e+03 2.593932e+01 1.998258e+03 9.832618e+00 2.001127e+03 8.524990e+00 2.001467e+03 2.068855e+01
2.001272e+03 1.644212e+01 2.001902e+03 2.595236e+01 1.999442e+03 9.837906e+00 2.002313e+03 8.531044e+00 2.002653e+03 2.071080e+01
2.002457e+03 1.644764e+01 2.003088e+03 2.596540e+01 2.000627e+03 9.843193e+00 2.003499e+03 8.537099e+00 2.003840e+03 2.073305e+01
2.003643e+03 1.645317e+01 2.004274e+03 2.597844e+01 2.001811e+03 9.848481e+00 2.004685e+03 8.543154e+00 2.005026e+03 2.075531e+01
2.004829e+03 1.645869e+01 2.005460e+03 2.599148e+01 2.002996e+03 9.853768e+00 2.005871e+03 8.549208e+00 2.006212e+03 2.077756e+01
2.006014e+03 1.646422e+01 2.006646e+03 2.600453e+01 2.004180e+03 9.859056e+00 2.007058e+03 8.555263e+00 2.007399e+03 2.079981e+01
2.007200e+03 1.646975e+01 2.007832e+03 2.601757e+01 2.005365e+03 9.864344e+00 2.008244e+03 8.561317e+00 2.008585e+03 2.082207e+01
2.008385e+03 1.647527e+01 2.009018e+03 2.603061e+01 2.006549e+03 9.869631e+00 2.009430e+03 8.567372e+00 2.009772e+03 2.084432e+01
2.009571e+03 1.648080e+01 2.010204e+03 2.604365e+01 2.007734e+03 9.874919e+00 2.010616e+03 8.573426e+00 2.010958e+03 2.086657e+01
2.010757e+03 1.648632e+01 2.011389e+03 2.605669e+01 2.008918e+03 9.880206e+00 2.011802e+03 8.579481e+00 2.012145e+03 2.088883e+01
2.011942e+03 1.649185e+01 2.012575e+03 2.606973e+01 2.010103e+03 9.885494e+00 2.012989e+03 8.585536e+00 2.013331e+03 2.091108e+01
2.013128e+03 1.649738e+01 2.013761e+03 2.608277e+01 2.011287e+03 9.890781e+00 2.014175e+03 8.591590e+00 2.014517e+03 2.093333e+01
2.014313e+03 1.650290e+01 2.014947e+03 2.609581e+01 2.012472e+03 9.896069e+00 2.015361e+03 8.597645e+00 2.015704e+03 2.095559e+01
2.015499e+03 1.650843e+01 2.016133e+03 2.610885e+01 2.013656e+03 9.901357e+00 2.016547e+03 8.603699e+00 2.016890e+03 2.097784e+01
2.016684e+03 1.651395e+01 2.017319e+03 2.612189e+01 2.014841e+03 9.906644e+00 2.017733e+03 8.609754e+00 2.018077e+03 2.100009e+01
2.017870e+03 1.651948e+01 2.018505e+03 2.613493e+01 2.016025e+03 9.911932e+00 2.018920e+03 8.615808e+00 2.019263e+03 2.102235e+01
2.019056e+03 1.652500e+01 2.019691e+03 2.614797e+01 2.017210e+03 9.917219e+00 2.020106e+03 8.621863e+00 2.020449e+03 2.104460e+01
2.020241e+03 1.653053e+01 2.020877e+03 2.616101e+01 2.018394e+03 9.922507e+00 2.021292e+03 8.627918e+00 2.021636e+03 2.106685e+01
2.021427e+03 1.653606e+01 2.022063e+03 2.617405e+01 2.019579e+03 9.927794e+00 2.022478e+03 8.633972e+00 2.022822e+03 2.108911e+01
2.022612e+03 1.654158e+01 2.023249e+03 2.618709e+01 2.020763e+03 9.933082e+00 2.023664e+03 8.640027e+00 2.024009e+03 2.111136e+01
2.023798e+03 1.654711e+01 2.024435e+03 2.620013e+01 2.021948e+03 9.938369e+00 2.024851e+03 8.646081e+00 2.025195e+03 2.113361e+01
2.024984e+03 1.655263e+01 2.025621e+03 2.621317e+01 2.023132e+03 9.943657e+00 2.026037e+03 8.652136e+00 2.026381e+03 2.115587e+01
2.026169e+03 1.655816e+01 2.026807e+03 2.622621e+01 2.024317e+03 9.948945e+00 2.027223e+03 8.658190e+00 2.027568e+03 2.117812e+01
2.027355e+03 1.656398e+01 2.027993e+03 2.623784e+01 2.025501e+03 9.954317e+00 2.028409e+03 8.664536e+00 2.028754e+03 2.119355e+01
2.028540e+03 1.657015e+01 2.029179e+03 2.624778e+01 2.026686e+03 9.959789e+00 2.029595e+03 8.671229e+00 2.029941e+03 2.120085e+01
2.029726e+03 1.657631e+01 2.030365e+03 2.625773e+01 2.027870e+03 9.965262e+00 2.030782e+03 8.677921e+00 2.031127e+03 2.120815e+01
2.030912e+03 1.658248e+01 2.031551e+03 2.626767e+01 2.029055e+03 9.970734e+00 2.031968e+03 8.684614e+00 2.032313e+03 2.121545e+01
2.032097e+03 1.658865e+01 2.032737e+03 2.627761e+01 2.030239e+03 9.976207e+00 2.033154e+03 8.691306e+00 2.033500e+03 2.122275e+01
2.033283e+03 1.659482e+01 2.033923e+03 2.628756e+01 2.031424e+03 9.981679e+00 2.034340e+03 8.697999e+00 2.034686e+03 2.123005e+01
2.034468e+03 1.660099e+01 2.035109e+03 2.629750e+01 2.032608e+03 9.987152e+00 2.035526e+03 8.704691e+00 2.035873e+03 2.123735e+01
2.035654e+03 1.660715e+01 2.036295e+03 2.630745e+01 2.033793e+03 9.992624e+00 2.036713e+03 8.711384e+00 2.037059e+03 2.124466e+01
2.036839e+03 1.661332e+01 2.037481e+03 2.631739e+01 2.034977e+03 9.998097e+00 2.037899e+03 8.718076e+00 2.038245e+03 2.125196e+01
2.038025e+03 1.661949e+01 2.038667e+03 2.632734e+01 2.036162e+03 1.000357e+01 2.039085e+03 8.724769e+00 2.039432e+03 2.125926e+01
2.039211e+03 1.662566e+01 2.039853e+03 2.633728e+01 2.037346e+03 1.000904e+01 2.040271e+03 8.731461e+00 2.040618e+03 2.126656e+01
2.040396e+03 1.663183e+01 2.041038e+03 2.634722e+01 2.038531e+03 1.001451e+01 2.041458e+03 8.738154e+00 2.041805e+03 2.127386e+01
2.041582e+03 1.663800e+01 2.042224e+03 2.635717e+01 2.039715e+03 1.001999e+01 2.042644e+03 8.744846e+00 2.042991e+03 2.128116e+01
2.042767e+03 1.664416e+01 2.043410e+03 2.636711e+01 2.040900e+03 1.002546e+01 2.043830e+03 8.751538e+00 2.044177e+03 2.128846e+01
2.043953e+03 1.665033e+01 2.044596e+03 2.637706e+01 2.042084e+03 1.003093e+01 2.045016e+03 8.758231e+00 2.045364e+03 2.129577e+01
2.045139e+03 1.665650e+01 2.045782e+03 2.638700e+01 2.043269e+03 1.003640e+01 2.046202e+03 8.764923e+00 2.046550e+03 2.130307e+01
2.046324e+03 1.666267e+01 2.046968e+03 2.639695e+01 2.044453e+03 1.004188e+01 2.047389e+03 8.771616e+00 2.047737e+03 2.131037e+01
2.047510e+03 1.666884e+01 2.048154e+03 2.640689e+01 2.045638e+03 1.004735e+01 2.048575e+03 8.778308e+00 2.048923e+03 2.131767e+01
2.048695e+03 1.667500e+01 2.049340e+03 2.641683e+01 2.046822e+03 1.005282e+01 2.049761e+03 8.785001e+00 2.050110e+03 2.132497e+01
2.049881e+03 1.668117e+01 2.050526e+03 2.642678e+01 2.048007e+03 1.005829e+01 2.050947e+03 8.791693e+00 2.051296e+03 2.133227e+01
2.051066e+03 1.668734e+01 2.051712e+03 2.643672e+01 2.049191e+03 1.006377e+01 2.052133e+03 8.798386e+00 2.052482e+03 2.133957e+01
2.052252e+03 1.669351e+01 2.052898e+03 2.644667e+01 2.050376e+03 1.006924e+01 2.053320e+03 8.805078e+00 2.053669e+03 2.134688e+01
2.053438e+03 1.669968e+01 2.054084e+03 2.645661e+01 2.051560e+03 1.007471e+01 2.054506e+03 8.811771e+00 2.054855e+03 2.135418e+01
2.054623e+03 1.670584e+01 2.055270e+03 2.646655e+01 2.052745e+03 1.008018e+01 2.055692e+03 8.818463e+00 2.056042e+03 2.136148e+01
2.055809e+03 1.671201e+01 2.056456e+03 2.647650e+01 2.053929e+03 1.008566e+01 2.056878e+03 8.825156e+00 2.057228e+03 2.136878e+01
2.056994e+03 1.671818e+01 2.057642e+03 2.648644e+01 2.055114e+03 1.009113e+01 2.058064e+03 8.831848e+00 2.058414e+03 2.137608e+01
2.058180e+03 1.672435e+01 2.058828e+03 2.649639e+01 2.056298e+03 1.009660e+01 2.059251e+03 8.838540e+00 2.059601e+03 2.138338e+01
2.059366e+03 1.673052e+01 2.060014e+03 2.650633e+01 2.057483e+03 1.010207e+01 2.060437e+03 8.845233e+00 2.060787e+03 2.139068e+01
2.060551e+03 1.673669e+01 2.061200e+03 2.651628e+01 2.058667e+03 1.010755e+01 2.061623e+03 8.851925e+00 2.061974e+03 2.139799e+01
2.061737e+03 1.674285e+01 2.062386e+03 2.652622e+01 2.059852e+03 1.011302e+01 2.062809e+03 8.858618e+00 2.063160e+03 2.140529e+01
2.062922e+03 1.674902e+01 2.063572e+03 2.653616e+01 2.061036e+03 1.011849e+01 2.063995e+03 8.865310e+00 2.064346e+03 2.141259e+01
2.064108e+03 1.675519e+01 2.064758e+03 2.654611e+01 2.062221e+03 1.012396e+01 2.065182e+03 8.872003e+00 2.065533e+03 2.141989e+01
2.065294e+03 1.676136e+01 2.065944e+03 2.655605e+01 2.063405e+03 1.012944e+01 2.066368e+03 8.878695e+00 2.066719e+03 2.142719e+01
2.066479e+03 1.676753e+01 2.067130e+03 2.656600e+01 2.064590e+03 1.013491e+01 2.067554e+03 8.885388e+00 2.067906e+03 2.143449e+01
2.067665e+03 1.677369e+01 2.068316e+03 2.657594e+01 2.065774e+03 1.014038e+01 2.068740e+03 8.892080e+00 2.069092e+03 2.144179e+01
2.068850e+03 1.677986e+01 2.069502e+03 2.658589e+01 2.066959e+03 1.014585e+01 2.069926e+03 8.898773e+00 2.070278e+03 2.144910e+01
2.070036e+03 1.678603e+01 2.070688e+03 2.659583e+01 2.068143e+03 1.015133e+01 2.071113e+03 8.905465e+00 2.071465e+03 2.145640e+01
2.071221e+03 1.679220e+01 2.071873e+03 2.660577e+01 2.069328e+03 1.015680e+01 2.072299e+03 8.912158e+00 2.072651e+03 2.146370e+01
2.072407e+03 1.679837e+01 2.073059e+03 2.661572e+01 2.070512e+03 1.016227e+01 2.073485e+03 8.918850e+00 2.073838e+03 2.147100e+01
2.073593e+03 1.680593e+01 2.074245e+03 2.662614e+01 2.071697e+03 1.016904e+01 2.074671e+03 8.926895e+00 2.075024e+03 2.147487e+01
2.074778e+03 1.681440e+01 2.075431e+03 2.663688e+01 2.072881e+03 1.017666e+01 2.075857e+03 8.935830e+00 2.076210e+03 2.147649e+01
2.075964e+03 1.682288e+01 2.076617e+03 2.664762e+01 2.074066e+03 1.018429e+01 2.077044e+03 8.944764e+00 2.077397e+03 2.147811e+01
2.077149e+03 1.683136e+01 2.077803e+03 2.665837e+01 2.075250e+03 1.019191e+01 2.078230e+03 8.953698e+00 2.078583e+03 2.147973e+01
2.078335e+03 1.683984e+01 2.078989e+03 2.666911e+01 2.076435e+03 1.019953e+01 2.079416e+03 8.962632e+00 2.079770e+03 2.148135e+01
2.079521e+03 1.684831e+01 2.080175e+03 2.667985e+01 2.077619e+03 1.020716e+01 2.080602e+03 8.971567e+00 2.080956e+03 2.148297e+01
2.080706e+03 1.685679e+01 2.081361e+03 2.669059e+01 2.078804e+03 1.021478e+01 2.081788e+03 8.980501e+00 2.082142e+03 2.148459e+01
2.081892e+03 1.686527e+01 2.082547e+03 2.670133e+01 2.079989e+03 1.022240e+01 2.082975e+03 8.989435e+00 2.083329e+03 2.148620e+01
2.083077e+03 1.687374e+01 2.083733e+03 2.671207e+01 2.081173e+03 1.023003e+01 2.084161e+03 8.998370e+00 2.084515e+03 2.148782e+01
2.084263e+03 1.688222e+01 2.084919e+03 2.672281e+01 2.082358e+03 1.023765e+01 2.085347e+03 9.007304e+00 2.085702e+03 2.148944e+01
2.085449e+03 1.689070e+01 2.086105e+03 2.673355e+01 2.083542e+03 1.024527e+01 2.086533e+03 9.016238e+00 2.086888e+03 2.149106e+01
2.086634e+03 1.689917e+01 2.087291e+03 2.674429e+01 2.084727e+03 1.025289e+01 2.087719e+03 9.025172e+00 2.088074e+03 2.149268e+01
2.087820e+03 1.690765e+01 2.088477e+03 2.675503e+01 2.085911e+03 1.026052e+01 2.088906e+03 9.034107e+00 2.089261e+03 2.149430e+01
2.089005e+03 1.691613e+01 2.089663e+03 2.676577e+01 2.087096e+03 1.026814e+01 2.090092e+03 9.043041e+00 2.090447e+03 2.149592e+01
2.090191e+03 1.692460e+01 2.090849e+03 2.677652e+01 2.088280e+03 1.027576e+01 2.091278e+03 9.051975e+00 2.091634e+03 2.149754e+01
2.091376e+03 1.693308e+01 2.092035e+03 2.678726e+01 2.089465e+03 1.028339e+01 2.092464e+03 9.060909e+00 2.092820e+03 2.149916e+01
2.092562e+03 1.694156e+01 2.093221e+03 2.679800e+01 2.090649e+03 1.029101e+01 2.093650e+03 9.069844e+00 2.094007e+03 2.150077e+01
2.093748e+03 1.695004e+01 2.094407e+03 2.680874e+01 2.091834e+03 1.029863e+01 2.094837e+03 9.078778e+00 2.095193e+03 2.150239e+01
2.094933e+03 1.695851e+01 2.095593e+03 2.681948e+01 2.093018e+03 1.030625e+01 2.096023e+03 9.087712e+00 2.096379e+03 2.150401e+01
2.096119e+03 1.696699e+01 2.096779e+03 2.683022e+01 2.094203e+03 1.031388e+01 2.097209e+03 9.096647e+00 2.097566e+03 2.150563e+01
2.097304e+03 1.697547e+01 2.097965e+03 2.684096e+01 2.095387e+03 1.032150e+01 2.098395e+03 9.105581e+00 2.098752e+03 2.150725e+01
2.098490e+03 1.698394e+01 2.099151e+03 2.685170e+01 2.096572e+03 1.032912e+01 2.099582e+03 9.114515e+00 2.099939e+03 2.150887e+01
2.099676e+03 1.699242e+01 2.100337e+03 2.686244e+01 2.097756e+03 1.033675e+01 2.100768e+03 9.123449e+00 2.101125e+03 2.151049e+01
2.100861e+03 1.700090e+01 2.101522e+03 2.687318e+01 2.098941e+03 1.034437e+01 2.101954e+03 9.132384e+00 2.102311e+03 2.151211e+01
2.102047e+03 1.700937e+01 2.102708e+03 2.688392e+01 2.100125e+03 1.035199e+01 2.103140e+03 9.141318e+00 2.103498e+03 2.151373e+01
2.103232e+03 1.701785e+01 2.103894e+03 2.689467e+01 2.101310e+03 1.035961e+01 2.104326e+03 9.150252e+00 2.104684e+03 2.151535e+01
2.104418e+03 1.702633e+01 2.105080e+03 2.690541e+01 2.102494e+03 1.036724e+01 2.105513e+03 9.159186e+00 2.105871e+03 2.151696e+01
2.105604e+03 1.703481e+01 2.106266e+03 2.691615e+01 2.103679e+03 1.037486e+01 2.106699e+03 9.168121e+00 2.107057e+03 2.151858e+01
2.106789e+03 1.704328e+01 2.107452e+03 2.692689e+01 2.104863e+03 1.038248e+01 2.107885e+03 9.177055e+00 2.108243e+03 2.152020e+01
2.107975e+03 1.705176e+01 2.108638e+03 2.693763e+01 2.106048e+03 1.039011e+01 2.109071e+03 9.185989e+00 2.109430e+03 2.152182e+01
2.109160e+03 1.706024e+01 2.109824e+03 2.694837e+01 2.107232e+03 1.039773e+01 2.110257e+03 9.194924e+00 2.110616e+03 2.152344e+01
2.110346e+03 1.706871e+01 2.111010e+03 2.695911e+01 2.108417e+03 1.040535e+01 2.111444e+03 9.203858e+00 2.111803e+03 2.152506e+01
2.111531e+03 1.707719e+01 2.112196e+03 2.696985e+01 2.109601e+03 1.041298e+01 2.112630e+03 9.212792e+00 2.112989e+03 2.152668e+01
2.112717e+03 1.708567e+01 2.113382e+03 2.698059e+01 2.110786e+03 1.042060e+01 2.113816e+03 9.221726e+00 2.114175e+03 2.152830e+01
2.113903e+03 1.709414e+01 2.114568e+03 2.699133e+01 2.111970e+03 1.042822e+01 2.115002e+03 9.230661e+00 2.115362e+03 2.152992e+01
2.115088e+03 1.710262e+01 2.115754e+03 2.700207e+01 2.113155e+03 1.043584e+01 2.116188e+03 9.239595e+00 2.116548e+03 2.153154e+01
2.116274e+03 1.711110e+01 2.116940e+03 2.701282e+01 2.114339e+03 1.044347e+01 2.117375e+03 9.248529e+00 2.117735e+03 2.153315e+01
2.117459e+03 1.711957e+01 2.118126e+03 2.702356e+01 2.115524e+03 1.045109e+01 2.118561e+03 9.257463e+00 2.118921e+03 2.153477e+01
2.118645e+03 1.712805e+01 2.119312e+03 2.703430e+01 2.116708e+03 1.045871e+01 2.119747e+03 9.266398e+00 2.120107e+03 2.153639e+01
2.119831e+03 1.713951e+01 2.120498e+03 2.704782e+01 2.117893e+03 1.046942e+01 2.120933e+03 9.278217e+00 2.121294e+03 2.154070e+01
2.121016e+03 1.715196e+01 2.121684e+03 2.706226e+01 2.119077e+03 1.048116e+01 2.122119e+03 9.290997e+00 2.122480e+03 2.154591e+01
2.122202e+03 1.716442e+01 2.122870e+03 2.707671e+01 2.120262e+03 1.049290e+01 2.123306e+03 9.303777e+00 2.123667e+03 2.155111e+01
2.123387e+03 1.717687e+01 2.124056e+03 2.709116e+01 2.121446e+03 1.050464e+01 2.124492e+03 9.316557e+00 2.124853e+03 2.155632e+01
2.124573e+03 1.718932e+01 2.125242e+03 2.710560e+01 2.122631e+03 1.051638e+01 2.125678e+03 9.329337e+00 2.126039e+03 2.156153e+01
2.125759e+03 1.720177e+01 2.126428e+03 2.712005e+01 2.123815e+03 1.052812e+01 2.126864e+03 9.342117e+00 2.127226e+03 2.156673e+01
2.126944e+03 1.721422e+01 2.127614e+03 2.713450e+01 2.125000e+03 1.053986e+01 2.128050e+03 9.354897e+00 2.128412e+03 2.157194e+01
2.128130e+03 1.722668e+01 2.128800e+03 2.714894e+01 2.126184e+03 1.055159e+01 2.129237e+03 9.367677e+00 2.129599e+03 2.157714e+01
2.129315e+03 1.723913e+01 2.129986e+03 2.716339e+01 2.127369e+03 1.056333e+01 2.130423e+03 9.380457e+00 2.130785e+03 2.158235e+01
2.130501e+03 1.725158e+01 2.131172e+03 2.717783e+01 2.128553e+03 1.057507e+01 2.131609e+03 9.393237e+00 2.131972e+03 2.158756e+01
2.131686e+03 1.726403e+01 2.132357e+03 2.719228e+01 2.129738e+03 1.058681e+01 2.132795e+03 9.406017e+00 2.133158e+03 2.159276e+01
2.132872e+03 1.727649e+01 2.133543e+03 2.720673e+01 2.130922e+03 1.059855e+01 2.133981e+03 9.418797e+00 2.134344e+03 2.159797e+01
2.134058e+03 1.728894e+01 2.134729e+03 2.722117e+01 2.132107e+03 1.061029e+01 2.135168e+03 9.431577e+00 2.135531e+03 2.160317e+01
2.135243e+03 1.730139e+01 2.135915e+03 2.723562e+01 2.133291e+03 1.062203e+01 2.136354e+03 9.444357e+00 2.136717e+03 2.160838e+01
2.136429e+03 1.731384e+01 2.137101e+03 2.725006e+01 2.134476e+03 1.063377e+01 2.137540e+03 9.457137e+00 2.137904e+03 2.161359e+01
2.137614e+03 1.732629e+01 2.138287e+03 2.726451e+01 2.135660e+03 1.064551e+01 2.138726e+03 9.469917e+00 2.139090e+03 2.161879e+01
2.138800e+03 1.733875e+01 2.139473e+03 2.727896e+01 2.136845e+03 1.065724e+01 2.139912e+03 9.482697e+00 2.140276e+03 2.162400e+01
2.139986e+03 1.735120e+01 2.140659e+03 2.729340e+01 2.138029e+03 1.066898e+01 2.141099e+03 9.495477e+00 2.141463e+03 2.162921e+01
2.141171e+03 1.736365e+01 2.141845e+03 2.730785e+01 2.139214e+03 1.068072e+01 2.142285e+03 9.508257e+00 2.142649e+03 2.163441e+01
2.142357e+03 1.737610e+01 2.143031e+03 2.732230e+01 2.140398e+03 1.069246e+01 2.143471e+03 9.521037e+00 2.143836e+03 2.163962e+01
2.143542e+03 1.738856e+01 2.144217e+03 2.733674e+01 2.141583e+03 1.070420e+01 2.144657e+03 9.533817e+00 2.145022e+03 2.164482e+01
2.144728e+03 1.740101e+01 2.145403e+03 2.735119e+01 2.142767e+03 1.071594e+01 2.145843e+03 9.546597e+00 2.146208e+03 2.165003e+01
2.145913e+03 1.741346e+01 2.146589e+03 2.736563e+01 2.143952e+03 1.072768e+01 2.147030e+03 9.559377e+00 2.147395e+03 2.165524e+01
2.147099e+03 1.742591e+01 2.147775e+03 2.738008e+01 2.145136e+03 1.073942e+01 2.148216e+03 9.572157e+00 2.148581e+03 2.166044e+01
2.148285e+03 1.743836e+01 2.148961e+03 2.739453e+01 2.146321e+03 1.075115e+01 2.149402e+03 9.584938e+00 2.149768e+03 2.166565e+01
2.149470e+03 1.745082e+01 2.150147e+03 2.740897e+01 2.147505e+03 1.076289e+01 2.150588e+03 9.597718e+00 2.150954e+03 2.167085e+01
2.150656e+03 1.746327e+01 2.151333e+03 2.742342e+01 2.148690e+03 1.077463e+01 2.151775e+03 9.610498e+00 2.152140e+03 2.167606e+01
2.151841e+03 1.747572e+01 2.152519e+03 2.743786e+01 2.149874e+03 1.078637e+01 2.152961e+03 9.623278e+00 2.153327e+03 2.168127e+01
2.153027e+03 1.748817e+01 2.153705e+03 2.745231e+01 2.151059e+03 1.079811e+01 2.154147e+03 9.636058e+00 2.154513e+03 2.168647e+01
2.154213e+03 1.750063e+01 2.154891e+03 2.746676e+01 2.152243e+03 1.080985e+01 2.155333e+03 9.648838e+00 2.155700e+03 2.169168e+01
2.155398e+03 1.751308e+01 2.156077e+03 2.748120e+01 2.153428e+03 1.082159e+01 2.156519e+03 9.661618e+00 2.156886e+03 2.169688e+01
2.156584e+03 1.752553e+01 2.157263e+03 2.749565e+01 2.154612e+03 1.083333e+01 2.157706e+03 9.674398e+00 2.158072e+03 2.170209e+01
2.157769e+03 1.753798e+01 2.158449e+03 2.751010e+01 2.155797e+03 1.084506e+01 2.158892e+03 9.687178e+00 2.159259e+03 2.170730e+01
2.158955e+03 1.755044e+01 2.159635e+03 2.752454e+01 2.156981e+03 1.085680e+01 2.160078e+03 9.699958e+00 2.160445e+03 2.171250e+01
2.160141e+03 1.756289e+01 2.160821e+03 2.753899e+01 2.158166e+03 1.086854e+01 2.161264e+03 9.712738e+00 2.161632e+03 2.171771e+01
2.161326e+03 1.757534e+01 2.162006e+03 2.755343e+01 2.159350e+03 1.088028e+01 2.162450e+03 9.725518e+00 2.162818e+03 2.172291e+01
2.162512e+03 1.758779e+01 2.163192e+03 2.756788e+01 2.160535e+03 1.089202e+01 2.163637e+03 9.738298e+00 2.164004e+03 2.172812e+01
2.163697e+03 1.760024e+01 2.164378e+03 2.758233e+01 2.161719e+03 1.090376e+01 2.164823e+03 9.751078e+00 2.165191e+03 2.173333e+01
2.164883e+03 1.761270e+01 2.165564e+03 2.759677e+01 2.162904e+03 1.091550e+01 2.166009e+03 9.763858e+00 2.166377e+03 2.173853e+01
2.166068e+03 1.762966e+01 2.166750e+03 2.761454e+01 2.164088e+03 1.093240e+01 2.167195e+03 9.780813e+00 2.167564e+03 2.175206e+01
2.167254e+03 1.764714e+01 2.167936e+03 2.763269e+01 2.165273e+03 1.094989e+01 2.168381e+03 9.798249e+00 2.168750e+03 2.176655e+01
2.168440e+03 1.766462e+01 2.169122e+03 2.765085e+01 2.166457e+03 1.096738e+01 2.169568e+03 9.815684e+00 2.169937e+03 2.178104e+01
2.169625e+03 1.768210e+01 2.170308e+03 2.766900e+01 2.167642e+03 1.098487e+01 2.170754e+03 9.833119e+00 2.171123e+03 2.179553e+01
2.170811e+03 1.769959e+01 2.171494e+03 2.768715e+01 2.168826e+03 1.100236e+01 2.171940e+03 9.850554e+00 2.172309e+03 2.181002e+01
2.171996e+03 1.771707e+01 2.172680e+03 2.770530e+01 2.170011e+03 1.101985e+01 2.173126e+03 9.867990e+00 2.173496e+03 2.182451e+01
2.173182e+03 1.773455e+01 2.173866e+03 2.772345e+01 2.171195e+03 1.103734e+01 2.174312e+03 9.885425e+00 2.174682e+03 2.183899e+01
2.174368e+03 1.775203e+01 2.175052e+03 2.774160e+01 2.172380e+03 1.105483e+01 2.175499e+03 9.902860e+00 2.175869e+03 2.185348e+01
2.175553e+03 1.776951e+01 2.176238e+03 2.775975e+01 2.173564e+03 1.107233e+01 2.176685e+03 9.920296e+00 2.177055e+03 2.186797e+01
2.176739e+03 1.778699e+01 2.177424e+03 2.777791e+01 2.174749e+03 1.108982e+01 2.177871e+03 9.937731e+00 2.178241e+03 2.188246e+01
2.177924e+03 1.780448e+01 2.178610e+03 2.779606e+01 2.175933e+03 1.110731e+01 2.179057e+03 9.955166e+00 2.179428e+03 2.189695e+01
2.179110e+03 1.782196e+01 2.179796e+03 2.781421e+01 2.177118e+03 1.112480e+01 2.180243e+03 9.972601e+00 2.180614e+03 2.191143e+01
2.180296e+03 1.783944e+01 2.180982e+03 2.783236e+01 2.178302e+03 1.114229e+01 2.181430e+03 9.990037e+00 2.181801e+03 2.192592e+01
2.181481e+03 1.785692e+01 2.182168e+03 2.785051e+01 2.179487e+03 1.115978e+01 2.182616e+03 1.000747e+01 2.182987e+03 2.194041e+01
2.182667e+03 1.787440e+01 2.183354e+03 2.786866e+01 2.180671e+03 1.117727e+01 2.183802e+03 1.002491e+01 2.184173e+03 2.195490e+01
2.183852e+03 1.789188e+01 2.184540e+03 2.788681e+01 2.181856e+03 1.119477e+01 2.184988e+03 1.004234e+01 2.185360e+03 2.196939e+01
2.185038e+03 1.790937e+01 2.185726e+03 2.790497e+01 2.183040e+03 1.121226e+01 2.186174e+03 1.005978e+01 2.186546e+03 2.198388e+01
2.186223e+03 1.792685e+01 2.186912e+03 2.792312e+01 2.184225e+03 1.122975e+01 2.187361e+03 1.007721e+01 2.187733e+03 2.199836e+01
2.187409e+03 1.794433e+01 2.188098e+03 2.794127e+01 2.185409e+03 1.124724e+01 2.188547e+03 1.009465e+01 2.188919e+03 2.201285e+01
2.188595e+03 1.796181e+01 2.189284e+03 2.795942e+01 2.186594e+03 1.126473e+01 2.189733e+03 1.011208e+01 2.190105e+03 2.202734e+01
2.189780e+03 1.797929e+01 2.190470e+03 2.797757e+01 2.187778e+03 1.128222e+01 2.190919e+03 1.012952e+01 2.191292e+03 2.204183e+01
2.190966e+03 1.799678e+01 2.191655e+03 2.799572e+01 2.188963e+03 1.129971e+01 2.192105e+03 1.014695e+01 2.192478e+03 2.205632e+01
2.192151e+03 1.801426e+01 2.192841e+03 2.801387e+01 2.190147e+03 1.131720e+01 2.193292e+03 1.016439e+01 2.193665e+03 2.207081e+01
2.193337e+03 1.803174e+01 2.194027e+03 2.803203e+01 2.191332e+03 1.133470e+01 2.194478e+03 1.018182e+01 2.194851e+03 2.208529e+01
2.194523e+03 1.804922e+01 2.195213e+03 2.805018e+01 2.192516e+03 1.135219e+01 2.195664e+03 1.019926e+01 2.196037e+03 2.209978e+01
2.195708e+03 1.806670e+01 2.196399e+03 2.806833e+01 2.193701e+03 1.136968e+01 2.196850e+03 1.021670e+01 2.197224e+03 2.211427e+01
2.196894e+03 1.808418e+01 2.197585e+03 2.808648e+01 2.194885e+03 1.138717e+01 2.198036e+03 1.023413e+01 2.198410e+03 2.212876e+01
2.198079e+03 1.810167e+01 2.198771e+03 2.810463e+01 2.196070e+03 1.140466e+01 2.199223e+03 1.025157e+01 2.199597e+03 2.214325e+01
2.199265e+03 1.811915e+01 2.199957e+03 2.812278e+01 2.197254e+03 1.142215e+01 2.200409e+03 1.026900e+01 2.200783e+03 2.215773e+01
2.200451e+03 1.813663e+01 2.201143e+03 2.814093e+01 2.198439e+03 1.143964e+01 2.201595e+03 1.028644e+01 2.201969e+03 2.217222e+01
2.201636e+03 1.815411e+01 2.202329e+03 2.815909e+01 2.199623e+03 1.145713e+01 2.202781e+03 1.030387e+01 2.203156e+03 2.218671e+01
2.202822e+03 1.817159e+01 2.203515e+03 2.817724e+01 2.200808e+03 1.147463e+01 2.203967e+03 1.032131e+01 2.204342e+03 2.220120e+01
2.204007e+03 1.818907e+01 2.204701e+03 2.819539e+01 2.201992e+03 1.149212e+01 2.205154e+03 1.033874e+01 2.205529e+03 2.221569e+01
2.205193e+03 1.820656e+01 2.205887e+03 2.821354e+01 2.203177e+03 1.150961e+01 2.206340e+03 1.035618e+01 2.206715e+03 2.223018e+01
2.206378e+03 1.822404e+01 2.207073e+03 2.823169e+01 2.204361e+03 1.152710e+01 2.207526e+03 1.037361e+01 2.207901e+03 2.224466e+01
2.207564e+03 1.824152e+01 2.208259e+03 2.824984e+01 2.205546e+03 1.154459e+01 2.208712e+03 1.039105e+01 2.209088e+03 2.225915e+01
2.208750e+03 1.825900e+01 2.209445e+03 2.826799e+01 2.206730e+03 1.156208e+01 2.209899e+03 1.040848e+01 2.210274e+03 2.227364e+01
2.209935e+03 1.827648e+01 2.210631e+03 2.828615e+01 2.207915e+03 1.157957e+01 2.211085e+03 1.042592e+01 2.211461e+03 2.228813e+01
2.211121e+03 1.829414e+01 2.211817e+03 2.830443e+01 2.209099e+03 1.159728e+01 2.212271e+03 1.044351e+01 2.212647e+03 2.230294e+01
2.212306e+03 1.831568e+01 2.213003e+03 2.832553e+01 2.210284e+03 1.161957e+01 2.213457e+03 1.046463e+01 2.213834e+03 2.232471e+01
2.213492e+03 1.833721e+01 2.214189e+03 2.834663e+01 2.211468e+03 1.164187e+01 2.214643e+03 1.048574e+01 2.215020e+03 2.234649e+01
2.214678e+03 1.835875e+01 2.215375e+03 2.836773e+01 2.212653e+03 1.166417e+01 2.215830e+03 1.050686e+01 2.216206e+03 2.236827e+01
2.215863e+03 1.838029e+01 2.216561e+03 2.838884e+01 2.213837e+03 1.168647e+01 2.217016e+03 1.052797e+01 2.217393e+03 2.239005e+01
2.217049e+03 1.840182e+01 2.217747e+03 2.840994e+01 2.215022e+03 1.170877e+01 2.218202e+03 1.054909e+01 2.218579e+03 2.241183e+01
2.218234e+03 1.842336e+01 2.218933e+03 2.843104e+01 2.216206e+03 1.173107e+01 2.219388e+03 1.057020e+01 2.219766e+03 2.243361e+01
2.219420e+03 1.844490e+01 2.220119e+03 2.845215e+01 2.217391e+03 1.175337e+01 2.220574e+03 1.059132e+01 2.220952e+03 2.245538e+01
2.220606e+03 1.846643e+01 2.221305e+03 2.847325e+01 2.218575e+03 1.177566e+01 2.221761e+03 1.061243e+01 2.222138e+03 2.247716e+01
2.221791e+03 1.848797e+01 2.222490e+03 2.849435e+01 2.219760e+03 1.179796e+01 2.222947e+03 1.063355e+01 2.223325e+03 2.249894e+01
2.222977e+03 1.850951e+01 2.223676e+03 2.851546e+01 2.220944e+03 1.182026e+01 2.224133e+03 1.065466e+01 2.224511e+03 2.252072e+01
2.224162e+03 1.853104e+01 2.224862e+03 2.853656e+01 2.222129e+03 1.184256e+01 2.225319e+03 1.067578e+01 2.225698e+03 2.254250e+01
2.225348e+03 1.855258e+01 2.226048e+03 2.855766e+01 2.223313e+03 1.186486e+01 2.226505e+03 1.069689e+01 2.226884e+03 2.256428e+01
2.226533e+03 1.857412e+01 2.227234e+03 2.857877e+01 2.224498e+03 1.188716e+01 2.227692e+03 1.071801e+01 2.228070e+03 2.258605e+01
2.227719e+03 1.859565e+01 2.228420e+03 2.859987e+01 2.225682e+03 1.190946e+01 2.228878e+03 1.073912e+01 2.229257e+03 2.260783e+01
2.228905e+03 1.861719e+01 2.229606e+03 2.862097e+01 2.226867e+03 1.193176e+01 2.230064e+03 1.076024e+01 2.230443e+03 2.262961e+01
2.230090e+03 1.863873e+01 2.230792e+03 2.864207e+01 2.228051e+03 1.195405e+01 2.231250e+03 1.078135e+01 2.231630e+03 2.265139e+01
2.231276e+03 1.866026e+01 2.231978e+03 2.866318e+01 2.229236e+03 1.197635e+01 2.232436e+03 1.080247e+01 2.232816e+03 2.267317e+01
2.232461e+03 1.868180e+01 2.233164e+03 2.868428e+01 2.230420e+03 1.199865e+01 2.233623e+03 1.082358e+01 2.234002e+03 2.269495e+01
2.233647e+03 1.870334e+01 2.234350e+03 2.870538e+01 2.231605e+03 1.202095e+01 2.234809e+03 1.084470e+01 2.235189e+03 2.271672e+01
2.234833e+03 1.872487e+01 2.235536e+03 2.872649e+01 2.232789e+03 1.204325e+01 2.235995e+03 1.086581e+01 2.236375e+03 2.273850e+01
2.236018e+03 1.874641e+01 2.236722e+03 2.874759e+01 2.233974e+03 1.206555e+01 2.237181e+03 1.088693e+01 2.237562e+03 2.276028e+01
2.237204e+03 1.876795e+01 2.237908e+03 2.876869e+01 2.235158e+03 1.208785e+01 2.238367e+03 1.090804e+01 2.238748e+03 2.278206e+01
2.238389e+03 1.878948e+01 2.239094e+03 2.878980e+01 2.236343e+03 1.211015e+01 2.239554e+03 1.092916e+01 2.239934e+03 2.280384e+01
2.239575e+03 1.881102e+01 2.240280e+03 2.881090e+01 2.237527e+03 1.213244e+01 2.240740e+03 1.095027e+01 2.241121e+03 2.282562e+01
2.240761e+03 1.883256e+01 2.241466e+03 2.883200e+01 2.238712e+03 1.215474e+01 2.241926e+03 1.097139e+01 2.242307e+03 2.284739e+01
2.241946e+03 1.885409e+01 2.242652e+03 2.885311e+01 2.239897e+03 1.217704e+01 2.243112e+03 1.099250e+01 2.243494e+03 2.286917e+01
2.243132e+03 1.887563e+01 2.243838e+03 2.887421e+01 2.241081e+03 1.219934e+01 2.244298e+03 1.101362e+01 2.244680e+03 2.289095e+01
2.244317e+03 1.889717e+01 2.245024e+03 2.889531e+01 2.242266e+03 1.222164e+01 2.245485e+03 1.103473e+01 2.245866e+03 2.291273e+01
2.245503e+03 1.891870e+01 2.246210e+03 2.891641e+01 2.243450e+03 1.224394e+01 2.246671e+03 1.105585e+01 2.247053e+03 2.293451e+01
2.246688e+03 1.894024e+01 2.247396e+03 2.893752e+01 2.244635e+03 1.226624e+01 2.247857e+03 1.107696e+01 2.248239e+03 2.295629e+01
2.247874e+03 1.896178e+01 2.248582e+03 2.895862e+01 2.245819e+03 1.228854e+01 2.249043e+03 1.109808e+01 2.249426e+03 2.297806e+01
2.249060e+03 1.898331e+01 2.249768e+03 2.897972e+01 2.247004e+03 1.231083e+01 2.250229e+03 1.111919e+01 2.250612e+03 2.299984e+01
2.250245e+03 1.900485e+01 2.250954e+03 2.900083e+01 2.248188e+03 1.233313e+01 2.251416e+03 1.114031e+01 2.251799e+03 2.302162e+01
2.251431e+03 1.902639e+01 2.252139e+03 2.902193e+01 2.249373e+03 1.235543e+01 2.252602e+03 1.116142e+01 2.252985e+03 2.304340e+01
2.252616e+03 1.904793e+01 2.253325e+03 2.904303e+01 2.250557e+03 1.237773e+01 2.253788e+03 1.118254e+01 2.254171e+03 2.306518e+01
2.253802e+03 1.906946e+01 2.254511e+03 2.906414e+01 2.251742e+03 1.240003e+01 2.254974e+03 1.120365e+01 2.255358e+03 2.308696e+01
2.254988e+03 1.909100e+01 2.255697e+03 2.908524e+01 2.252926e+03 1.242233e+01 2.256160e+03 1.122477e+01 2.256544e+03 2.310873e+01
2.256173e+03 1.911254e+01 2.256883e+03 2.910634e+01 2.254111e+03 1.244463e+01 2.257347e+03 1.124588e+01 2.257731e+03 2.313051e+01
2.257359e+03 1.913407e+01 2.258069e+03 2.912745e+01 2.255295e+03 1.246692e+01 2.258533e+03 1.126700e+01 2.258917e+03 2.315229e+01
2.258544e+03 1.915561e+01 2.259255e+03 2.914855e+01 2.256480e+03 1.248922e+01 2.259719e+03 1.128811e+01 2.260103e+03 2.317407e+01
2.259730e+03 1.917715e+01 2.260441e+03 2.916965e+01 2.257664e+03 1.251152e+01 2.260905e+03 1.130923e+01 2.261290e+03 2.319585e+01
2.260915e+03 1.919868e+01 2.261627e+03 2.919075e+01 2.258849e+03 1.253382e+01 2.262091e+03 1.133034e+01 2.262476e+03 2.321763e+01
2.262101e+03 1.922022e+01 2.262813e+03 2.921186e+01 2.260033e+03 1.255612e+01 2.263278e+03 1.135146e+01 2.263663e+03 2.323941e+01
2.263287e+03 1.924176e+01 2.263999e+03 2.923296e+01 2.261218e+03 1.257842e+01 2.264464e+03 1.137257e+01 2.264849e+03 2.326118e+01
2.264472e+03 1.926329e+01 2.265185e+03 2.925406e+01 2.262402e+03 1.260072e+01 2.265650e+03 1.139369e+01 2.266035e+03 2.328296e+01
2.265658e+03 1.928483e+01 2.266371e+03 2.927517e+01 2.263587e+03 1.262302e+01 2.266836e+03 1.141480e+01 2.267222e+03 2.330474e+01
2.266843e+03 1.930637e+01 2.267557e+03 2.929627e+01 2.264771e+03 1.264531e+01 2.268023e+03 1.143592e+01 2.268408e+03 2.332652e+01
2.268029e+03 1.932790e+01 2.268743e+03 2.931737e+01 2.265956e+03 1.266761e+01 2.269209e+03 1.145703e+01 2.269595e+03 2.334830e+01
2.269215e+03 1.934944e+01 2.269929e+03 2.933848e+01 2.267140e+03 1.268991e+01 2.270395e+03 1.147815e+01 2.270781e+03 2.337008e+01
2.270400e+03 1.937098e+01 2.271115e+03 2.935958e+01 2.268325e+03 1.271221e+01 2.271581e+03 1.149926e+01 2.271967e+03 2.339185e+01
2.271586e+03 1.939251e+01 2.272301e+03 2.938068e+01 2.269509e+03 1.273451e+01 2.272767e+03 1.152038e+01 2.273154e+03 2.341363e+01
2.272771e+03 1.941405e+01 2.273487e+03 2.940178e+01 2.270694e+03 1.275681e+01 2.273954e+03 1.154149e+01 2.274340e+03 2.343541e+01
2.273957e+03 1.943559e+01 2.274673e+03 2.942289e+01 2.271878e+03 1.277911e+01 2.275140e+03 1.156261e+01 2.275527e+03 2.345719e+01
2.275143e+03 1.945712e+01 2.275859e+03 2.944399e+01 2.273063e+03 1.280141e+01 2.276326e+03 1.158372e+01 2.276713e+03 2.347897e+01
2.276328e+03 1.947866e+01 2.277045e+03 2.946509e+01 2.274247e+03 1.282370e+01 2.277512e+03 1.160484e+01 2.277899e+03 2.350075e+01
2.277514e+03 1.950020e+01 2.278231e+03 2.948620e+01 2.275432e+03 1.284600e+01 2.278698e+03 1.162595e+01 2.279086e+03 2.352252e+01
2.278699e+03 1.952173e+01 2.279417e+03 2.950730e+01 2.276616e+03 1.286830e+01 2.279885e+03 1.164707e+01 2.280272e+03 2.354430e+01
2.279885e+03 1.954327e+01 2.280603e+03 2.952840e+01 2.277801e+03 1.289060e+01 2.281071e+03 1.166818e+01 2.281459e+03 2.356608e+01
2.281070e+03 1.956481e+01 2.281789e+03 2.954951e+01 2.278985e+03 1.291290e+01 2.282257e+03 1.168930e+01 2.282645e+03 2.358786e+01
2.282256e+03 1.958634e+01 2.282974e+03 2.957061e+01 2.280170e+03 1.293520e+01 2.283443e+03 1.171041e+01 2.283831e+03 2.360964e+01
2.283442e+03 1.960788e+01 2.284160e+03 2.959171e+01 2.281354e+03 1.295750e+01 2.284629e+03 1.173153e+01 2.285018e+03 2.363142e+01
2.284627e+03 1.962942e+01 2.285346e+03 2.961282e+01 2.282539e+03 1.297980e+01 2.285816e+03 1.175264e+01 2.286204e+03 2.365319e+01
2.285813e+03 1.965095e+01 2.286532e+03 2.963392e+01 2.283723e+03 1.300209e+01 2.287002e+03 1.177376e+01 2.287391e+03 2.367497e+01
2.286998e+03 1.967249e+01 2.287718e+03 2.965502e+01 2.284908e+03 1.302439e+01 2.288188e+03 1.179487e+01 2.288577e+03 2.369675e+01
2.288184e+03 1.969403e+01 2.288904e+03 2.967612e+01 2.286092e+03 1.304669e+01 2.289374e+03 1.181599e+01 2.289764e+03 2.371853e+01
2.289370e+03 1.971556e+01 2.290090e+03 2.969723e+01 2.287277e+03 1.306899e+01 2.290560e+03 1.183710e+01 2.290950e+03 2.374031e+01
2.290555e+03 1.973710e+01 2.291276e+03 2.971833e+01 2.288461e+03 1.309129e+01 2.291747e+03 1.185822e+01 2.292136e+03 2.376209e+01
2.291741e+03 1.975864e+01 2.292462e+03 2.973943e+01 2.289646e+03 1.311359e+01 2.292933e+03 1.187933e+01 2.293323e+03 2.378386e+01
2.292926e+03 1.978017e+01 2.293648e+03 2.976054e+01 2.290830e+03 1.313589e+01 2.294119e+03 1.190045e+01 2.294509e+03 2.380564e+01
2.294112e+03 1.980171e+01 2.294834e+03 2.978164e+01 2.292015e+03 1.315818e+01 2.295305e+03 1.192156e+01 2.295696e+03 2.382742e+01
2.295298e+03 1.982325e+01 2.296020e+03 2.980274e+01 2.293199e+03 1.318048e+01 2.296491e+03 1.194268e+01 2.296882e+03 2.384920e+01
2.296483e+03 1.984478e+01 2.297206e+03 2.982385e+01 2.294384e+03 1.320278e+01 2.297678e+03 1.196379e+01 2.298068e+03 2.387098e+01
2.297669e+03 1.986632e+01 2.298392e+03 2.984495e+01 2.295568e+03 1.322508e+01 2.298864e+03 1.198491e+01 2.299255e+03 2.389276e+01
2.298854e+03 1.988786e+01 2.299578e+03 2.986605e+01 2.296753e+03 1.324738e+01 2.300050e+03 1.200602e+01 2.300441e+03 2.391453e+01
2.300040e+03 1.990939e+01 2.300764e+03 2.988716e+01 2.297937e+03 1.326968e+01 2.301236e+03 1.202714e+01 2.301628e+03 2.393631e+01
2.301225e+03 1.993093e+01 2.301950e+03 2.990826e+01 2.299122e+03 1.329198e+01 2.302422e+03 1.204825e+01 2.302814e+03 2.395809e+01
2.302411e+03 1.995247e+01 2.303136e+03 2.992936e+01 2.300306e+03 1.331428e+01 2.303609e+03 1.206937e+01 2.304000e+03 2.397987e+01
2.303597e+03 1.997400e+01 2.304322e+03 2.995046e+01 2.301491e+03 1.333657e+01 2.304795e+03 1.209048e+01 2.305187e+03 2.400165e+01
2.304782e+03 1.999554e+01 2.305508e+03 2.997157e+01 2.302675e+03 1.335887e+01 2.305981e+03 1.211160e+01 2.306373e+03 2.402343e+01
2.305968e+03 2.001708e+01 2.306694e+03 2.999267e+01 2.303860e+03 1.338117e+01 2.307167e+03 1.213271e+01 2.307560e+03 2.404520e+01
2.307153e+03 2.003861e+01 2.307880e+03 3.001377e+01 2.305044e+03 1.340347e+01 2.308353e+03 1.215383e+01 2.308746e+03 2.406698e+01
2.308339e+03 2.006015e+01 2.309066e+03 3.003488e+01 2.306229e+03 1.342577e+01 2.309540e+03 1.217494e+01 2.309932e+03 2.408876e+01
2.309525e+03 2.008169e+01 2.310252e+03 3.005598e+01 2.307413e+03 1.344807e+01 2.310726e+03 1.219606e+01 2.311119e+03 2.411054e+01
2.310710e+03 2.010322e+01 2.311438e+03 3.007708e+01 2.308598e+03 1.347037e+01 2.311912e+03 1.221717e+01 2.312305e+03 2.413232e+01
2.311896e+03 2.012476e+01 2.312623e+03 3.009819e+01 2.309782e+03 1.349267e+01 2.313098e+03 1.223829e+01 2.313492e+03 2.415410e+01
2.313081e+03 2.014630e+01 2.313809e+03 3.011929e+01 2.310967e+03 1.351496e+01 2.314284e+03 1.225940e+01 2.314678e+03 2.417588e+01
2.314267e+03 2.016783e+01 2.314995e+03 3.014039e+01 2.312151e+03 1.353726e+01 2.315471e+03 1.228052e+01 2.315864e+03 2.419765e+01
2.315453e+03 2.018937e+01 2.316181e+03 3.016150e+01 2.313336e+03 1.355956e+01 2.316657e+03 1.230163e+01 2.317051e+03 2.421943e+01
2.316638e+03 2.021091e+01 2.317367e+03 3.018260e+01 2.314520e+03 1.358186e+01 2.317843e+03 1.232275e+01 2.318237e+03 2.424121e+01
2.317824e+03 2.023244e+01 2.318553e+03 3.020370e+01 2.315705e+03 1.360416e+01 2.319029e+03 1.234386e+01 2.319424e+03 2.426299e+01
2.319009e+03 2.025398e+01 2.319739e+03 3.022480e+01 2.316889e+03 1.362646e+01 2.320216e+03 1.236498e+01 2.320610e+03 2.428477e+01
2.320195e+03 2.027552e+01 2.320925e+03 3.024591e+01 2.318074e+03 1.364876e+01 2.321402e+03 1.238609e+01 2.321796e+03 2.430655e+01
2.321380e+03 2.029705e+01 2.322111e+03 3.026701e+01 2.319258e+03 1.367105e+01 2.322588e+03 1.240721e+01 2.322983e+03 2.432832e+01
2.322566e+03 2.031859e+01 2.323297e+03 3.028811e+01 2.320443e+03 1.369335e+01 2.323774e+03 1.242832e+01 2.324169e+03 2.435010e+01
2.323752e+03 2.034013e+01 2.324483e+03 3.030922e+01 2.321627e+03 1.371565e+01 2.324960e+03 1.244944e+01 2.325356e+03 2.437188e+01
2.324937e+03 2.036166e+01 2.325669e+03 3.033032e+01 2.322812e+03 1.373795e+01 2.326147e+03 1.247055e+01 2.326542e+03 2.439366e+01
2.326123e+03 2.038320e+01 2.326855e+03 3.035142e+01 2.323996e+03 1.376025e+01 2.327333e+03 1.249167e+01 2.327728e+03 2.441544e+01
2.327308e+03 2.040474e+01 2.328041e+03 3.037253e+01 2.325181e+03 1.378255e+01 2.328519e+03 1.251278e+01 2.328915e+03 2.443722e+01
2.328494e+03 2.042627e+01 2.329227e+03 3.039363e+01 2.326365e+03 1.380485e+01 2.329705e+03 1.253390e+01 2.330101e+03 2.445899e+01
2.329680e+03 2.044781e+01 2.330413e+03 3.041473e+01 2.327550e+03 1.382715e+01 2.330891e+03 1.255501e+01 2.331288e+03 2.448077e+01
2.330865e+03 2.046935e+01 2.331599e+03 3.043584e+01 2.328734e+03 1.384944e+01 2.332078e+03 1.257613e+01 2.332474e+03 2.450255e+01
2.332051e+03 2.049088e+01 2.332785e+03 3.045694e+01 2.329919e+03 1.387174e+01 2.333264e+03 1.259724e+01 2.333661e+03 2.452433e+01
2.333236e+03 2.051242e+01 2.333971e+03 3.047804e+01 2.331103e+03 1.389404e+01 2.334450e+03 1.261836e+01 2.334847e+03 2.454611e+01
2.334422e+03 2.053396e+01 2.335157e+03 3.049914e+01 2.332288e+03 1.391634e+01 2.335636e+03 1.263947e+01 2.336033e+03 2.456789e+01
2.335608e+03 2.055549e+01 2.336343e+03 3.052025e+01 2.333472e+03 1.393864e+01 2.336822e+03 1.266059e+01 2.337220e+03 2.458966e+01
2.336793e+03 2.057703e+01 2.337529e+03 3.054135e+01 2.334657e+03 1.396094e+01 2.338009e+03 1.268170e+01 2.338406e+03 2.461144e+01
2.337979e+03 2.059857e+01 2.338715e+03 3.056245e+01 2.335841e+03 1.398324e+01 2.339195e+03 1.270282e+01 2.339593e+03 2.463322e+01
2.339164e+03 2.062010e+01 2.339901e+03 3.058356e+01 2.337026e+03 1.400554e+01 2.340381e+03 1.272393e+01 2.340779e+03 2.465500e+01
2.340350e+03 2.064164e+01 2.341087e+03 3.060466e+01 2.338210e+03 1.402783e+01 2.341567e+03 1.274505e+01 2.341965e+03 2.467678e+01
2.341535e+03 2.066318e+01 2.342273e+03 3.062576e+01 2.339395e+03 1.405013e+01 2.342753e+03 1.276616e+01 2.343152e+03 2.469856e+01
2.342721e+03 2.068471e+01 2.343458e+03 3.064687e+01 2.340579e+03 1.407243e+01 2.343940e+03 1.278728e+01 2.344338e+03 2.472033e+01
2.343907e+03 2.070625e+01 2.344644e+03 3.066797e+01 2.341764e+03 1.409473e+01 2.345126e+03 1.280839e+01 2.345525e+03 2.474211e+01
2.345092e+03 2.072779e+01 2.345830e+03 3.068907e+01 2.342948e+03 1.411703e+01 2.346312e+03 1.282951e+01 2.346711e+03 2.476389e+01
2.346278e+03 2.074932e+01 2.347016e+03 3.071017e+01 2.344133e+03 1.413933e+01 2.347498e+03 1.285062e+01 2.347897e+03 2.478567e+01
2.347463e+03 2.077086e+01 2.348202e+03 3.073128e+01 2.345317e+03 1.416163e+01 2.348684e+03 1.287174e+01 2.349084e+03 2.480745e+01
2.348649e+03 2.079240e+01 2.349388e+03 3.075238e+01 2.346502e+03 1.418393e+01 2.349871e+03 1.289285e+01 2.350270e+03 2.482923e+01
2.349835e+03 2.081393e+01 2.350574e+03 3.077348e+01 2.347686e+03 1.420622e+01 2.351057e+03 1.291397e+01 2.351457e+03 2.485100e+01
2.351020e+03 2.083547e+01 2.351760e+03 3.079459e+01 2.348871e+03 1.422852e+01 2.352243e+03 1.293508e+01 2.352643e+03 2.487278e+01
2.352206e+03 2.085701e+01 2.352946e+03 3.081569e+01 2.350055e+03 1.425082e+01 2.353429e+03 1.295620e+01 2.353829e+03 2.489456e+01
2.353391e+03 2.087854e+01 2.354132e+03 3.083679e+01 2.351240e+03 1.427312e+01 2.354615e+03 1.297731e+01 2.355016e+03 2.491634e+01
2.354577e+03 2.090008e+01 2.355318e+03 3.085790e+01 2.352424e+03 1.429542e+01 2.355802e+03 1.299843e+01 2.356202e+03 2.493812e+01
2.355762e+03 2.092162e+01 2.356504e+03 3.087900e+01 2.353609e+03 1.431772e+01 2.356988e+03 1.301954e+01 2.357389e+03 2.495990e+01
2.356948e+03 2.094315e+01 2.357690e+03 3.090010e+01 2.354793e+03 1.434002e+01 2.358174e+03 1.304066e+01 2.358575e+03 2.498167e+01
2.358134e+03 2.096469e+01 2.358876e+03 3.092121e+01 2.355978e+03 1.436231e+01 2.359360e+03 1.306177e+01 2.359761e+03 2.500345e+01
2.359319e+03 2.098623e+01 2.360062e+03 3.094231e+01 2.357162e+03 1.438461e+01 2.360546e+03 1.308289e+01 2.360948e+03 2.502523e+01
2.360505e+03 2.100776e+01 2.361248e+03 3.096341e+01 2.358347e+03 1.440691e+01 2.361733e+03 1.310400e+01 2.362134e+03 2.504701e+01
2.361690e+03 2.102930e+01 2.362434e+03 3.098451e+01 2.359531e+03 1.442921e+01 2.362919e+03 1.312512e+01 2.363321e+03 2.506879e+01
2.362876e+03 2.105084e+01 2.363620e+03 3.100562e+01 2.360716e+03 1.445151e+01 2.364105e+03 1.314623e+01 2.364507e+03 2.509057e+01
2.364062e+03 2.107237e+01 2.364806e+03 3.102672e+01 2.361900e+03 1.447381e+01 2.365291e+03 1.316735e+01 2.365693e+03 2.511235e+01
2.365247e+03 2.109391e+01 2.365992e+03 3.104782e+01 2.363085e+03 1.449611e+01 2.366477e+03 1.318846e+01 2.366880e+03 2.513412e+01
2.366433e+03 2.111545e+01 2.367178e+03 3.106893e+01 2.364269e+03 1.451841e+01 2.367664e+03 1.320958e+01 2.368066e+03 2.515590e+01
2.367618e+03 2.113698e+01 2.368364e+03 3.109003e+01 2.365454e+03 1.454070e+01 2.368850e+03 1.323069e+01 2.369253e+03 2.517768e+01
2.368804e+03 2.115852e+01 2.369550e+03 3.111113e+01 2.366638e+03 1.456300e+01 2.370036e+03 1.325181e+01 2.370439e+03 2.519946e+01
2.369990e+03 2.118006e+01 2.370736e+03 3.113224e+01 2.367823e+03 1.458530e+01 2.371222e+03 1.327292e+01 2.371626e+03 2.522124e+01
