SLURM Job ID: 1641980
SLURM Array Task ID: 56
Using frequency: 2060 cm-1
Fixed coupling strength (lambda): 0.042 (dimensionless)
Frame will be automatically set to: 56
Advanced Cavity MD Experiment Runner
==================================================
SLURM array job detected: Task 56 (Job 1641980)

*** COUPLING CONSTANT: 4.200000e-02 a.u. ***

Simulation Configuration:
  Cavity coupling: Enabled
    Coupling strength: 4.200000e-02 a.u.
    Frequency: 2060.0 cm⁻¹
    Finite-q mode: False
    Cavity thermostat: langevin
  Molecular thermostat: bussi
  Temperature: 100.0 K
  Runtime: 3000.0 ps
  Device: CPU
  Random seed: 0
  Velocity restart: Enabled - thermalizing velocities
  Momentum zeroing: Disabled

Starting execution for 1 replica(s)...
==================================================

Running replica 56...
>>> Will use FRAME 56 from init-0.gsd for this replica <<<
Running experiment:
  Cavity coupling: Enabled
  *** COUPLING STRENGTH: 4.200000e-02 a.u. ***
  Switch time: 200.0 ps
  Decay: None (step function)
  Damping ratio (zeta): 0.0
  Calculated dissipation (c): 0.0000e+00 a.u.
  Molecular thermostat: bussi
  Cavity thermostat: langevin
  Finite-q mode: False
  Replica: 56
  Frame: 56
  Output directory: coupling_420000e-07_freq_2060.0cm1_switch_200.0ps
  *** READING FRAME 56 FROM /scratch/mh7373/cav-hoomd/new_final_offres/init-0.gsd ***
  ✓ Successfully initialized simulation from frame 56
  ✓ Input file: /scratch/mh7373/cav-hoomd/new_final_offres/init-0.gsd
  ✓ Replica 56 ready to run...
2025-11-06 12:01:28 | INFO | ============================================================
2025-11-06 12:01:28 | INFO | CAVITY MD SIMULATION STARTED
2025-11-06 12:01:28 | INFO | ============================================================
2025-11-06 12:01:28 | INFO | Simulation: prod-56
2025-11-06 12:01:28 | INFO | Device: CPU
2025-11-06 12:01:28 | INFO | Runtime: 3000.0 ps
2025-11-06 12:01:28 | INFO | Temperature: 100.0 K
2025-11-06 12:01:28 | INFO | Random seed: 0
2025-11-06 12:01:28 | INFO | Cavity coupling: Enabled
2025-11-06 12:01:28 | INFO |   Frequency: 2060.0 cm^-1
2025-11-06 12:01:28 | INFO |   Lambda coupling: 0.042
2025-11-06 12:01:28 | INFO |   Epsilon (lambda * omega_c): 3.942141e-04 a.u.
2025-11-06 12:01:28 | INFO |   Finite-q mode: False
2025-11-06 12:01:28 | INFO | Molecular thermostat: bussi (tau=1.0 ps)
2025-11-06 12:01:28 | INFO | Cavity thermostat: langevin (tau=1.0 ps)
2025-11-06 12:01:28 | INFO | ============================================================
2025-11-06 12:01:28 | INFO | === Phase 1: Setting up simulation ===
2025-11-06 12:01:28 | INFO | Using default timestep for calculations: 0.0001 ps
2025-11-06 12:01:28 | INFO | Time conversions:
2025-11-06 12:01:28 | INFO |   Timestep: 0.0001 ps = 4.134138 a.u.
2025-11-06 12:01:28 | INFO |   Runtime: 3000.0 ps = 30000000 steps
2025-11-06 12:01:28 | INFO |   Steps per ps: 10000.0
2025-11-06 12:01:28 | INFO | Output periods (steps):
2025-11-06 12:01:28 | INFO |   Energy: 100 (0.010 ps)
2025-11-06 12:01:28 | INFO |   F(k,t): 10000 (1.000 ps)
2025-11-06 12:01:28 | INFO |   GSD: 10000 (1.000 ps)
2025-11-06 12:01:28 | INFO |   Console: 10000 (1.000 ps)
2025-11-06 12:01:28 | INFO | Initializing simulation on CPU
2025-11-06 12:01:28 | INFO | Using user-specified seed: 0
2025-11-06 12:01:28 | INFO | Cavity particle already exists in GSD file (1 found)
2025-11-06 12:01:28 | INFO | Simulation state created from original GSD file with existing cavity particle
2025-11-06 12:01:28 | INFO | Cavity particle validated at index 500, position HOOMDArray([-3.23106623  2.364784    0.77036089])
2025-11-06 12:01:28 | INFO | === Phase 1.5: Setting up time tracker ===
2025-11-06 12:01:28 | INFO | === Phase 2: Configuring forces and thermostats ===
2025-11-06 12:01:28 | INFO | Using lambda_coupling=0.042 (will be scaled by omega_c=0.009386 a.u.)
2025-11-06 12:01:28 | INFO | Using constant coupling: lambda=0.042, epsilon=3.942141e-04 a.u.
CavityForce initialized using cpp implementation
  Using constant lambda coupling: 0.042 (dimensionless)
  Effective epsilon: 3.942141e-04 a.u.
2025-11-06 12:01:28 | INFO | Thermostat time constant conversions:
2025-11-06 12:01:28 | INFO |   Molecular: 1.000 ps = 41341.378917 a.u.
2025-11-06 12:01:28 | INFO |   Cavity: 1.000 ps = 41341.378917 a.u.
2025-11-06 12:01:28 | INFO | Running molecular system with Bussi thermostat (NVT ensemble)
2025-11-06 12:01:28 | INFO | Molecular Bussi thermostat configured: T = 100.0 K, kT = 0.000317 a.u., tau = 1.000 ps
2025-11-06 12:01:28 | INFO | Running cavity with Langevin thermostat
2025-11-06 12:01:28 | INFO | Cavity Langevin thermostat configured: T = 100.0 K, kT = 0.000317 a.u.
2025-11-06 12:01:28 | INFO |   base_gamma = 0.000024 a.u.^-1 (tau = 1.000 ps)
2025-11-06 12:01:28 | INFO |   effective_gamma = 0.000024 a.u.^-1 (damping_factor = 1.0x)
2025-11-06 12:01:28 | INFO | === Phase 3: Setting up integrator and thermalization ===
2025-11-06 12:01:28 | INFO | Integrator configured with initial dt = 4.134138 a.u. (0.000100 ps)
2025-11-06 12:01:28 | INFO | Number of integration methods: 2
2025-11-06 12:01:28 | INFO | CavityParticleDisplacer not needed (constant coupling or q=0 mode)
2025-11-06 12:01:28 | INFO | Using seed 1 for thermalization randomness
2025-11-06 12:01:28 | INFO | Thermalized molecular particles using HOOMD State object
2025-11-06 12:01:28 | INFO | Cavity particle manually thermalized:
2025-11-06 12:01:28 | INFO |   Target temperature: 100.0 K
2025-11-06 12:01:28 | INFO |   Initial velocity: [ 0.02890696 -0.01088686 -0.00939938]
2025-11-06 12:01:28 | INFO |   Expected KE: 0.000521 a.u.
2025-11-06 12:01:28 | INFO |   Expected temperature: 109.7 K
2025-11-06 12:01:28 | INFO |   Using array module: numpy
2025-11-06 12:01:28 | INFO | Checking molecular system temperature after thermalization:
2025-11-06 12:01:28 | INFO |   Number of molecular particles: 500
2025-11-06 12:01:28 | INFO |   Total kinetic energy: 0.228963 a.u.
2025-11-06 12:01:28 | INFO |   Current temperature: 96.4 K
2025-11-06 12:01:28 | INFO | Thermalization completed - velocities properly initialized
2025-11-06 12:01:28 | INFO | === Phase 4: Setting up trackers and loggers ===
2025-11-06 12:01:28 | INFO | Setting up adaptive timestep updater (error_tolerance = 2.0)
Dynamic coupling change detection enabled
Coupling change threshold: ±1.00e-05 a.u.
Shock dampening: error_tolerance drops to 2.00e-10 (factor: 1.00e-10)
Recovery: exponential ramp to 2.00e+00 with τ = 1000.0 ps
Conservative timestep parameters:
  Change threshold: 10.0%
  Max change factor: 1.5
  Min update interval: 1000 steps
  Switch detection tolerance: 0.001 ps
2025-11-06 12:01:28 | INFO | Adaptive timestep updater enabled (check every 1 steps)
CavityForceCompute initialized: omegac=0.00938605 a.u., lambda_coupling=0.042 (dimensionless, from variant), K=8.80979e-05 a.u.
CPU CavityForceCompute initialized successfully
notice(2): charge.pppm: RMS error: 2.31675e-08
NOTICE: Starting from inherited timestep 15350000
  Elapsed time will start from 0, not from inherited simulation time
DEBUG @ t=15350000: current_coupling=0.042, last=None
DEBUG: First coupling check - stored value: 0.042
2025-11-06 12:01:28 | INFO |   Added detailed BussiReservoir energy tracking for method 0
2025-11-06 12:01:28 | INFO |   Added energy tracking for cavityforce
2025-11-06 12:01:28 | INFO |   Added detailed cavity energy components
2025-11-06 12:01:28 | INFO |   Added energy tracking for harmonic
2025-11-06 12:01:28 | INFO |   Added energy tracking for lj
2025-11-06 12:01:28 | INFO |   Added energy tracking for ewald
2025-11-06 12:01:28 | INFO |   Added energy tracking for coulomb
2025-11-06 12:01:28 | INFO | Energy tracking setup completed: 0 methods, 5 forces
2025-11-06 12:01:28 | INFO | Setting up energy tracker with output file: prod-56_energy_tracker.txt
2025-11-06 12:01:28 | INFO | Energy tracker configuration:
2025-11-06 12:01:28 | INFO |   Using time-based output: 0.010 ps
2025-11-06 12:01:28 | INFO |   Max output time: 250.000 ps
2025-11-06 12:01:28 | INFO | Energy tracker configuration:
2025-11-06 12:01:28 | INFO |   Force objects: ['cavity', 'harmonic', 'lj', 'ewald_short', 'ewald_long']
2025-11-06 12:01:28 | INFO |   Thermostat objects: ['bussi_molecular', 'langevin_cavity']
2025-11-06 12:01:28 | INFO |   Using internal kinetic computation (no external tracker needed)
2025-11-06 12:01:28 | INFO |  Energy tracker setup completed with time-based output:
2025-11-06 12:01:28 | INFO |   Output period: 0.010 ps (accurate timing)
2025-11-06 12:01:28 | INFO |   Tracker handles timing internally using ElapsedTimeTracker
2025-11-06 12:01:28 | INFO |   Output limited to 250.000 ps
2025-11-06 12:01:28 | INFO | Setting up F(k,t) density correlation tracker
2025-11-06 12:01:28 | INFO |   k magnitude: 1.00
2025-11-06 12:01:28 | INFO |   Number of wavevectors: 50
2025-11-06 12:01:28 | INFO |   Reference interval: 200.000 ps
2025-11-06 12:01:28 | INFO |   Max references: 20
2025-11-06 12:01:28 | INFO |   Output period: 1.000 ps
2025-11-06 12:01:28 | INFO |   Using time-based reference intervals for adaptive timestep compatibility
2025-11-06 12:01:28 | INFO |   Reference interval: 200.000 ps
2025-11-06 12:01:28 | INFO |   Trigger period: 1 step
2025-11-06 12:01:28 | INFO |   Logarithmic time spacing: DISABLED (regular spacing)
FieldAutocorrelationTracker initialized for density_correlation
  k-magnitude: 1.0
  Wavevectors: 50
  Reference interval: 200.0 ps
  Max references: 20
2025-11-06 12:01:28 | INFO |  F(k,t) tracker successfully enabled with time-based output:
2025-11-06 12:01:28 | INFO |   Output period: 1.000 ps (accurate timing)
2025-11-06 12:01:28 | INFO |   Reference interval: 200.000 ps
2025-11-06 12:01:28 | INFO |   Tracker handles timing internally using ElapsedTimeTracker
2025-11-06 12:01:28 | INFO | Setting up dipole autocorrelation tracker...
2025-11-06 12:01:28 | INFO |   Reference interval: 200.000 ps
2025-11-06 12:01:28 | INFO |   Max references: 20
2025-11-06 12:01:28 | INFO |   Output period: 0.010 ps
2025-11-06 12:01:28 | INFO |   Using time-based reference intervals for adaptive timestep compatibility
2025-11-06 12:01:28 | INFO |   Reference interval: 200.000 ps
2025-11-06 12:01:28 | INFO |   Trigger period: 1 step
2025-11-06 12:01:28 | WARNING | Could not set up dipole autocorrelation tracker: Can't instantiate abstract class AutocorrelationTracker without an implementation for abstract method 'act'
2025-11-06 12:01:28 | INFO | Momentum zeroing disabled
2025-11-06 12:01:28 | INFO |  TRACKING AND LOGGING SETUP COMPLETED:
2025-11-06 12:01:28 | INFO |   All output systems now use precise time-based periods
2025-11-06 12:01:28 | INFO |  Comprehensive temperature tracker enabled
2025-11-06 12:01:28 | INFO |   Output file: temperature_tracker_replica_56.csv
2025-11-06 12:01:28 | INFO |   Output period: 0.1 ps
2025-11-06 12:01:28 | INFO |   Tracking: kinetic, harmonic fictive, LJ+Coul fictive, cavity bath, molecular bath
2025-11-06 12:01:28 | INFO |   Empirical data: None (LJ+Coul fictive temp will be 0)
2025-11-06 12:01:28 | INFO | 
============================================================
2025-11-06 12:01:28 | INFO | HDF5 OBSERVABLE OUTPUT CONFIGURATION
2025-11-06 12:01:28 | INFO | ============================================================
2025-11-06 12:01:28 | INFO | Output file: observables_replica_56.h5
2025-11-06 12:01:28 | INFO | Output period: 0.010 ps
2025-11-06 12:01:28 | INFO | SWMR mode: Enabled (concurrent read access)
2025-11-06 12:01:28 | INFO | ============================================================

✓ HDF5 file structure created: observables_replica_56.h5
ObservableWriter initialized:
  Output file: observables_replica_56.h5
  Output period: 0.01 ps
  Chunk size: 1000
  Compression: gzip
  SWMR mode: True
  Flush interval: 10
✓ Energy tracker registered (18 components)
2025-11-06 12:01:28 | INFO |   Registered energy tracker for HDF5 output
✓ Temperature tracker registered (6 components)
2025-11-06 12:01:28 | INFO |   Registered temperature tracker for HDF5 output
2025-11-06 12:01:28 | INFO | ✓ HDF5 observable output enabled

2025-11-06 12:01:28 | INFO | Advanced features enabled: detailed energy tracking (0.010 ps), F(k,t) density correlation (1.000 ps, k=1.0), dipole autocorrelation (0.010 ps), adaptive timestep control, comprehensive temperature tracker (0.1 ps), HDF5 observable output (0.010 ps)
2025-11-06 12:01:28 | INFO | Console output: 1.000 ps periods (time-based)
2025-11-06 12:01:28 | INFO |   Works accurately for both adaptive and fixed timestep modes
2025-11-06 12:01:28 | INFO | DEBUG: PID controller NOT enabled (enable_pid_controller=False)
2025-11-06 12:01:28 | INFO | === Phase 5: Setting up output writers ===
2025-11-06 12:01:28 | INFO | GSD output setup for adaptive timestep mode:
2025-11-06 12:01:28 | INFO |   GSD trigger: every 1000 steps (target: 1.000 ps)
2025-11-06 12:01:28 | INFO |   Note: GSD timing may vary slightly due to adaptive timestep changes
2025-11-06 12:01:28 | INFO | GSD writer added for file: prod-56.gsd
2025-11-06 12:01:28 | INFO |   GSD output period: 1.000 ps
2025-11-06 12:01:28 | INFO |   GSD truncate mode: False (append to existing file)
2025-11-06 12:01:28 | INFO |  Console output setup completed:
2025-11-06 12:01:28 | INFO |   Output period: 1.000 ps (accurate time-based)
2025-11-06 12:01:28 | INFO |   Lambda coupling column: 4.200000e-02 (dimensionless) (displayed in real-time)
2025-11-06 12:01:28 | INFO |   Console tracker handles timing internally using ElapsedTimeTracker
2025-11-06 12:01:28 | INFO |   Works accurately for both adaptive and fixed timestep modes
2025-11-06 12:01:28 | INFO |  FIXED: Console output now uses precise time-based logic
2025-11-06 12:01:28 | INFO |   Both console and energy tracker use accurate timing
2025-11-06 12:01:28 | INFO |   GSD output timing may vary slightly but is less critical
2025-11-06 12:01:28 | INFO | === Phase 6: Running simulation ===
2025-11-06 12:01:28 | INFO | Starting adaptive timestep simulation for 3000.0 ps
2025-11-06 12:01:28 | INFO | Using max steps: 999999999 (will exit when runtime reached)
2025-11-06 12:01:28 | INFO | Initial timestep: 40.873499 a.u. (0.989 fs)
2025-11-06 12:01:28 | INFO | Timestep will adapt dynamically (error_tolerance = 2.0)
Added F(k,t) reference 0 at t = 0.001 ps
[HDF5 Writer DEBUG] timestep=15350001, current_time_ps=0.001, last_output_time=None, write_count=0
[HDF5 Writer DEBUG] Writing data point 0 at time 0.001 ps
[HDF5 Writer DEBUG] timestep=15350002, current_time_ps=0.002, last_output_time=0.0009886825362685327, write_count=1
[HDF5 Writer DEBUG] Skipping output: not time yet (current=0.002, last=0.0009886825362685327, period=0.01)
[HDF5 Writer DEBUG] timestep=15350003, current_time_ps=0.003, last_output_time=0.0009886825362685327, write_count=1
[HDF5 Writer DEBUG] Skipping output: not time yet (current=0.003, last=0.0009886825362685327, period=0.01)
[HDF5 Writer DEBUG] timestep=15350004, current_time_ps=0.004, last_output_time=0.0009886825362685327, write_count=1
[HDF5 Writer DEBUG] Skipping output: not time yet (current=0.004, last=0.0009886825362685327, period=0.01)
[HDF5 Writer DEBUG] timestep=15350005, current_time_ps=0.005, last_output_time=0.0009886825362685327, write_count=1
[HDF5 Writer DEBUG] Skipping output: not time yet (current=0.005, last=0.0009886825362685327, period=0.01)
[HDF5 Writer DEBUG] timestep=15350006, current_time_ps=0.006, last_output_time=0.0009886825362685327, write_count=1
[HDF5 Writer DEBUG] Skipping output: not time yet (current=0.006, last=0.0009886825362685327, period=0.01)
[HDF5 Writer DEBUG] timestep=15350007, current_time_ps=0.007, last_output_time=0.0009886825362685327, write_count=1
[HDF5 Writer DEBUG] Skipping output: not time yet (current=0.007, last=0.0009886825362685327, period=0.01)
[HDF5 Writer DEBUG] timestep=15350008, current_time_ps=0.008, last_output_time=0.0009886825362685327, write_count=1
[HDF5 Writer DEBUG] Skipping output: not time yet (current=0.008, last=0.0009886825362685327, period=0.01)
[HDF5 Writer DEBUG] timestep=15350009, current_time_ps=0.009, last_output_time=0.0009886825362685327, write_count=1
[HDF5 Writer DEBUG] Skipping output: not time yet (current=0.009, last=0.0009886825362685327, period=0.01)
[HDF5 Writer DEBUG] timestep=15350010, current_time_ps=0.010, last_output_time=0.0009886825362685327, write_count=1
[HDF5 Writer DEBUG] Skipping output: not time yet (current=0.010, last=0.0009886825362685327, period=0.01)
[HDF5 Writer DEBUG] timestep=15350011, current_time_ps=0.011, last_output_time=0.0009886825362685327, write_count=1
[HDF5 Writer DEBUG] Skipping output: not time yet (current=0.011, last=0.0009886825362685327, period=0.01)
[HDF5 Writer DEBUG] timestep=15350012, current_time_ps=0.012, last_output_time=0.0009886825362685327, write_count=1
[HDF5 Writer DEBUG] Writing data point 1 at time 0.012 ps
[HDF5 Writer DEBUG] timestep=15350013, current_time_ps=0.013, last_output_time=0.011864190435222393, write_count=2
[HDF5 Writer DEBUG] Skipping output: not time yet (current=0.013, last=0.011864190435222393, period=0.01)
[HDF5 Writer DEBUG] timestep=15350014, current_time_ps=0.014, last_output_time=0.011864190435222393, write_count=2
[HDF5 Writer DEBUG] Skipping output: not time yet (current=0.014, last=0.011864190435222393, period=0.01)
[HDF5 Writer DEBUG] timestep=15350015, current_time_ps=0.015, last_output_time=0.011864190435222393, write_count=2
[HDF5 Writer DEBUG] Skipping output: not time yet (current=0.015, last=0.011864190435222393, period=0.01)
[HDF5 Writer DEBUG] timestep=15350016, current_time_ps=0.016, last_output_time=0.011864190435222393, write_count=2
[HDF5 Writer DEBUG] Skipping output: not time yet (current=0.016, last=0.011864190435222393, period=0.01)
[HDF5 Writer DEBUG] timestep=15350017, current_time_ps=0.017, last_output_time=0.011864190435222393, write_count=2
[HDF5 Writer DEBUG] Skipping output: not time yet (current=0.017, last=0.011864190435222393, period=0.01)
[HDF5 Writer DEBUG] timestep=15350018, current_time_ps=0.018, last_output_time=0.011864190435222393, write_count=2
[HDF5 Writer DEBUG] Skipping output: not time yet (current=0.018, last=0.011864190435222393, period=0.01)
[HDF5 Writer DEBUG] timestep=15350019, current_time_ps=0.019, last_output_time=0.011864190435222393, write_count=2
[HDF5 Writer DEBUG] Skipping output: not time yet (current=0.019, last=0.011864190435222393, period=0.01)
[HDF5 Writer DEBUG] timestep=15350020, current_time_ps=0.020, last_output_time=0.011864190435222393, write_count=2
[HDF5 Writer DEBUG] Skipping output: not time yet (current=0.020, last=0.011864190435222393, period=0.01)
[HDF5 Writer DEBUG] timestep=15350021, current_time_ps=0.021, last_output_time=0.011864190435222393, write_count=2
[HDF5 Writer DEBUG] Skipping output: not time yet (current=0.021, last=0.011864190435222393, period=0.01)
[HDF5 Writer DEBUG] timestep=15350022, current_time_ps=0.022, last_output_time=0.011864190435222393, write_count=2
[HDF5 Writer DEBUG] Skipping output: not time yet (current=0.022, last=0.011864190435222393, period=0.01)
[HDF5 Writer DEBUG] timestep=15350023, current_time_ps=0.023, last_output_time=0.011864190435222393, write_count=2
[HDF5 Writer DEBUG] Writing data point 2 at time 0.023 ps
✓ SWMR mode enabled - file can now be read concurrently
Simulation.timestep  Simulation.tps Time.elapsed_ps Performance.ns_per_day Performance.eta   Cavity.lambda Adaptive.error_tolerance
       15351014        67.53659         1.00047            5.62        12:48:22        4.20e-02        2.00e+00
       15352164        67.78408         2.00109            5.35        13:26:14        4.20e-02        2.00e+00
       15353135        67.79139         3.00146            5.56        12:55:39        4.20e-02        2.00e+00
       15354189        67.86557         4.00173            5.57        12:54:44        4.20e-02        2.00e+00
       15355302        67.94817         5.00241            5.51        13:02:15        4.20e-02        2.00e+00
       15356379        67.97771         6.00261            5.51        13:03:07        4.20e-02        2.00e+00
       15357430        67.98651         7.00308            5.52        13:01:02        4.20e-02        2.00e+00
       15358475        68.02240         8.00397            5.53        12:58:29        4.20e-02        2.00e+00
       15359527        68.14232         9.00408            5.55        12:56:03        4.20e-02        2.00e+00
DEBUG @ t=15360000: current_coupling=0.042, last=0.042
       15360540        68.20549        10.00480            5.58        12:51:31        4.20e-02        2.00e+00
       15361515        68.17265        11.00563            5.62        12:46:12        4.20e-02        2.00e+00
       15362498        68.23253        12.00652            5.65        12:41:14        4.20e-02        2.00e+00
       15363484        68.17182        13.00656            5.67        12:38:27        4.20e-02        2.00e+00
       15364485        68.14140        14.00703            5.68        12:36:33        4.20e-02        2.00e+00
       15365550        68.11713        15.00765            5.67        12:37:57        4.20e-02        2.00e+00
       15366615        68.07840        16.00785            5.66        12:39:21        4.20e-02        2.00e+00
       15367649        68.19472        17.00838            5.67        12:37:33        4.20e-02        2.00e+00
       15368610        68.21597        18.00911            5.70        12:33:53        4.20e-02        2.00e+00
       15369518        68.20375        19.01004            5.73        12:28:52        4.20e-02        2.00e+00
DEBUG @ t=15370000: current_coupling=0.042, last=0.042
       15370446        68.23975        20.01023            5.76        12:24:34        4.20e-02        2.00e+00
       15371412        68.31393        21.01077            5.78        12:21:31        4.20e-02        2.00e+00
       15372398        68.30678        22.01157            5.79        12:20:11        4.20e-02        2.00e+00
       15373444        68.28288        23.01198            5.78        12:21:03        4.20e-02        2.00e+00
       15374518        68.26349        24.01221            5.77        12:22:39        4.20e-02        2.00e+00
       15375629        68.28029        25.01282            5.75        12:24:46        4.20e-02        2.00e+00
       15376730        68.32144        26.01365            5.74        12:26:09        4.20e-02        2.00e+00
       15377845        68.33729        27.01421            5.72        12:28:02        4.20e-02        2.00e+00
       15378801        68.34465        28.01475            5.74        12:25:44        4.20e-02        2.00e+00
       15379814        68.35493        29.01513            5.74        12:24:58        4.20e-02        2.00e+00
DEBUG @ t=15380000: current_coupling=0.042, last=0.042
       15380910        68.36779        30.01584            5.73        12:26:11        4.20e-02        2.00e+00
       15382023        68.37577        31.01608            5.72        12:27:46        4.20e-02        2.00e+00
       15382956        68.38487        32.01611            5.74        12:25:09        4.20e-02        2.00e+00
       15383875        68.39359        33.01671            5.76        12:22:21        4.20e-02        2.00e+00
       15384984        68.38127        34.01680            5.74        12:23:59        4.20e-02        2.00e+00
       15386135        68.40732        35.01758            5.72        12:25:57        4.20e-02        2.00e+00
       15387169        68.43979        36.01852            5.73        12:25:21        4.20e-02        2.00e+00
       15388127        68.43853        37.01918            5.74        12:23:38        4.20e-02        2.00e+00
       15389090        68.43200        38.01996            5.75        12:22:10        4.20e-02        2.00e+00
DEBUG @ t=15390000: current_coupling=0.042, last=0.042
       15390228        68.44806        39.02077            5.73        12:23:44        4.20e-02        2.00e+00
       15391350        68.43913        40.02087            5.72        12:25:13        4.20e-02        2.00e+00
       15392498        68.46140        41.02126            5.71        12:26:43        4.20e-02        2.00e+00
       15393545        68.47342        42.02225            5.71        12:26:30        4.20e-02        2.00e+00
       15394573        68.48296        43.02233            5.71        12:25:59        4.20e-02        2.00e+00
       15395651        68.49357        44.02281            5.70        12:26:18        4.20e-02        2.00e+00
       15396667        68.50826        45.02295            5.71        12:25:32        4.20e-02        2.00e+00
       15397616        68.51636        46.02328            5.72        12:23:48        4.20e-02        2.00e+00
       15398612        68.55478        47.02354            5.73        12:22:32        4.20e-02        2.00e+00
       15399645        68.57178        48.02414            5.73        12:22:04        4.20e-02        2.00e+00
DEBUG @ t=15400000: current_coupling=0.042, last=0.042
[HDF5 Writer DEBUG] timestep=15400000, current_time_ps=48.370, last_output_time=48.36431214967623, write_count=4613
       15400722        68.59956        49.02414            5.73        12:22:09        4.20e-02        2.00e+00
       15401813        68.61915        50.02505            5.72        12:22:28        4.20e-02        2.00e+00
       15402860        68.63682        51.02566            5.72        12:22:10        4.20e-02        2.00e+00
       15403901        68.65147        52.02572            5.72        12:21:49        4.20e-02        2.00e+00
       15405039        68.67071        53.02589            5.71        12:22:44        4.20e-02        2.00e+00
       15406010        68.68693        54.02659            5.72        12:21:24        4.20e-02        2.00e+00
       15407049        68.69975        55.02718            5.72        12:21:01        4.20e-02        2.00e+00
       15408053        68.73000        56.02726            5.73        12:20:01        4.20e-02        2.00e+00
       15409025        68.74599        57.02759            5.74        12:18:47        4.20e-02        2.00e+00
DEBUG @ t=15410000: current_coupling=0.042, last=0.042
       15410079        68.76087        58.02782            5.74        12:18:36        4.20e-02        2.00e+00
       15411087        68.76183        59.02864            5.74        12:18:00        4.20e-02        2.00e+00
       15412156        68.77177        60.02867            5.74        12:18:02        4.20e-02        2.00e+00
       15413147        68.77446        61.02917            5.74        12:17:13        4.20e-02        2.00e+00
       15414256        68.78221        62.02955            5.73        12:17:44        4.20e-02        2.00e+00
       15415307        68.79072        63.02987            5.73        12:17:33        4.20e-02        2.00e+00
       15416318        68.80076        64.03013            5.74        12:16:55        4.20e-02        2.00e+00
       15417345        68.81350        65.03021            5.74        12:16:25        4.20e-02        2.00e+00
       15418342        68.82129        66.03116            5.74        12:15:39        4.20e-02        2.00e+00
       15419356        68.82932        67.03125            5.75        12:15:06        4.20e-02        2.00e+00
DEBUG @ t=15420000: current_coupling=0.042, last=0.042
       15420397        68.84216        68.03146            5.75        12:14:46        4.20e-02        2.00e+00
       15421420        68.85165        69.03203            5.75        12:14:17        4.20e-02        2.00e+00
       15422478        68.85442        70.03238            5.75        12:14:14        4.20e-02        2.00e+00
       15423492        68.86284        71.03315            5.75        12:13:40        4.20e-02        2.00e+00
       15424416        68.86183        72.03321            5.76        12:12:20        4.20e-02        2.00e+00
       15425392        68.86946        73.03392            5.76        12:11:27        4.20e-02        2.00e+00
       15426498        68.88232        74.03437            5.76        12:11:45        4.20e-02        2.00e+00
       15427515        68.88705        75.03534            5.76        12:11:17        4.20e-02        2.00e+00
       15428425        68.89420        76.03537            5.77        12:09:49        4.20e-02        2.00e+00
       15429388        68.90524        77.03610            5.78        12:08:48        4.20e-02        2.00e+00
DEBUG @ t=15430000: current_coupling=0.042, last=0.042
       15430518        68.92052        78.03626            5.77        12:09:18        4.20e-02        2.00e+00
       15431769        68.95448        79.03695            5.76        12:10:38        4.20e-02        2.00e+00
       15432865        68.97019        80.03770            5.75        12:10:45        4.20e-02        2.00e+00
       15433767        68.97170        81.03812            5.76        12:09:19        4.20e-02        2.00e+00
       15434939        68.99655        82.03865            5.76        12:09:59        4.20e-02        2.00e+00
       15435996        69.00751        83.03923            5.76        12:09:48        4.20e-02        2.00e+00
       15437097        69.01883        84.04010            5.75        12:09:58        4.20e-02        2.00e+00
       15438158        69.02736        85.04096            5.75        12:09:49        4.20e-02        2.00e+00
       15439246        69.03234        86.04190            5.75        12:09:55        4.20e-02        2.00e+00
DEBUG @ t=15440000: current_coupling=0.042, last=0.042
       15440265        69.03145        87.04197            5.75        12:09:32        4.20e-02        2.00e+00
       15441379        69.03872        88.04214            5.75        12:09:49        4.20e-02        2.00e+00
       15442422        69.04186        89.04282            5.75        12:09:34        4.20e-02        2.00e+00
       15443424        69.04519        90.04342            5.75        12:08:59        4.20e-02        2.00e+00
       15444472        69.04565        91.04387            5.75        12:08:48        4.20e-02        2.00e+00
       15445425        69.05084        92.04425            5.75        12:07:51        4.20e-02        2.00e+00
       15446392        69.05419        93.04485            5.76        12:07:02        4.20e-02        2.00e+00
       15447458        69.05436        94.04522            5.76        12:07:00        4.20e-02        2.00e+00
       15448519        69.05167        95.04558            5.75        12:06:57        4.20e-02        2.00e+00
       15449631        69.05313        96.04609            5.75        12:07:14        4.20e-02        2.00e+00
DEBUG @ t=15450000: current_coupling=0.042, last=0.042
       15450766        69.06011        97.04609            5.75        12:07:37        4.20e-02        2.00e+00
       15451827        69.05989        98.04700            5.74        12:07:31        4.20e-02        2.00e+00
       15452858        69.06235        99.04705            5.74        12:07:11        4.20e-02        2.00e+00
       15453966        69.06588       100.04708            5.74        12:07:23        4.20e-02        2.00e+00
       15455008        69.07726       101.04747            5.74        12:07:02        4.20e-02        2.00e+00
       15456037        69.08054       102.04799            5.74        12:06:40        4.20e-02        2.00e+00
       15457131        69.09709       103.04822            5.74        12:06:37        4.20e-02        2.00e+00
       15458058        69.09615       104.04833            5.75        12:05:37        4.20e-02        2.00e+00
       15459057        69.09901       105.04850            5.75        12:05:04        4.20e-02        2.00e+00
DEBUG @ t=15460000: current_coupling=0.042, last=0.042
       15460027        69.10890       106.04886            5.75        12:04:16        4.20e-02        2.00e+00
       15461007        69.11189       107.04955            5.76        12:03:36        4.20e-02        2.00e+00
       15461996        69.11304       108.05036            5.76        12:03:01        4.20e-02        2.00e+00
       15462973        69.11388       109.05122            5.76        12:02:22        4.20e-02        2.00e+00
       15463983        69.11432       110.05134            5.76        12:01:57        4.20e-02        2.00e+00
       15464995        69.11526       111.05219            5.77        12:01:32        4.20e-02        2.00e+00
       15466099        69.11546       112.05263            5.76        12:01:42        4.20e-02        2.00e+00
       15467161        69.11921       113.05315            5.76        12:01:34        4.20e-02        2.00e+00
       15468228        69.12245       114.05394            5.76        12:01:28        4.20e-02        2.00e+00
       15469268        69.12622       115.05417            5.76        12:01:12        4.20e-02        2.00e+00
DEBUG @ t=15470000: current_coupling=0.042, last=0.042
       15470315        69.12711       116.05469            5.76        12:01:00        4.20e-02        2.00e+00
       15471285        69.13163       117.05508            5.76        12:00:18        4.20e-02        2.00e+00
       15472287        69.13296       118.05519            5.77        11:59:50        4.20e-02        2.00e+00
       15473353        69.13510       119.05572            5.76        11:59:44        4.20e-02        2.00e+00
       15474449        69.13499       120.05608            5.76        11:59:49        4.20e-02        2.00e+00
       15475509        69.13419       121.05701            5.76        11:59:42        4.20e-02        2.00e+00
       15476486        69.13214       122.05704            5.76        11:59:08        4.20e-02        2.00e+00
       15477485        69.12912       123.05777            5.76        11:58:42        4.20e-02        2.00e+00
       15478530        69.12770       124.05821            5.76        11:58:31        4.20e-02        2.00e+00
       15479487        69.12615       125.05831            5.77        11:57:51        4.20e-02        2.00e+00
DEBUG @ t=15480000: current_coupling=0.042, last=0.042
       15480460        69.12252       126.05919            5.77        11:57:17        4.20e-02        2.00e+00
       15481450        69.12265       127.06027            5.77        11:56:47        4.20e-02        2.00e+00
       15482384        69.12671       128.06120            5.78        11:55:56        4.20e-02        2.00e+00
       15483368        69.12354       129.06171            5.78        11:55:27        4.20e-02        2.00e+00
       15484388        69.12035       130.06194            5.78        11:55:10        4.20e-02        2.00e+00
       15485423        69.11707       131.06266            5.78        11:54:57        4.20e-02        2.00e+00
       15486459        69.11713       132.06272            5.78        11:54:43        4.20e-02        2.00e+00
       15487465        69.11640       133.06308            5.78        11:54:19        4.20e-02        2.00e+00
       15488430        69.11442       134.06335            5.78        11:53:44        4.20e-02        2.00e+00
       15489485        69.11368       135.06409            5.78        11:53:37        4.20e-02        2.00e+00
DEBUG @ t=15490000: current_coupling=0.042, last=0.042
       15490586        69.11272       136.06475            5.78        11:53:43        4.20e-02        2.00e+00
       15491604        69.10884       137.06519            5.78        11:53:25        4.20e-02        2.00e+00
       15492662        69.11116       138.06541            5.78        11:53:16        4.20e-02        2.00e+00
       15493712        69.11218       139.06622            5.78        11:53:05        4.20e-02        2.00e+00
       15494777        69.11235       140.06695            5.78        11:52:59        4.20e-02        2.00e+00
       15495794        69.11296       141.06766            5.78        11:52:39        4.20e-02        2.00e+00
       15496754        69.11491       142.06850            5.78        11:52:01        4.20e-02        2.00e+00
       15497808        69.12229       143.06858            5.78        11:51:48        4.20e-02        2.00e+00
       15498824        69.13020       144.06924            5.78        11:51:23        4.20e-02        2.00e+00
       15499843        69.13459       145.07010            5.78        11:51:01        4.20e-02        2.00e+00
DEBUG @ t=15500000: current_coupling=0.042, last=0.042
[HDF5 Writer DEBUG] timestep=15500000, current_time_ps=145.224, last_output_time=145.2139092776163, write_count=13848
       15500847        69.13540       146.07052            5.78        11:50:37        4.20e-02        2.00e+00
       15501894        69.14068       147.07064            5.78        11:50:23        4.20e-02        2.00e+00
       15502871        69.14528       148.07132            5.79        11:49:49        4.20e-02        2.00e+00
       15503888        69.15112       149.07220            5.79        11:49:26        4.20e-02        2.00e+00
       15504928        69.15700       150.07230            5.79        11:49:09        4.20e-02        2.00e+00
       15505992        69.16196       151.07324            5.79        11:49:00        4.20e-02        2.00e+00
       15507095        69.16644       152.07358            5.78        11:49:01        4.20e-02        2.00e+00
       15508112        69.17011       153.07430            5.78        11:48:39        4.20e-02        2.00e+00
       15509099        69.17188       154.07503            5.79        11:48:11        4.20e-02        2.00e+00
DEBUG @ t=15510000: current_coupling=0.042, last=0.042
       15510129        69.17472       155.07545            5.79        11:47:53        4.20e-02        2.00e+00
       15511211        69.17938       156.07629            5.79        11:47:48        4.20e-02        2.00e+00
       15512238        69.18238       157.07637            5.79        11:47:30        4.20e-02        2.00e+00
       15513290        69.19283       158.07684            5.79        11:47:13        4.20e-02        2.00e+00
       15514350        69.19855       159.07749            5.79        11:47:01        4.20e-02        2.00e+00
       15515359        69.19964       160.07823            5.79        11:46:39        4.20e-02        2.00e+00
       15516375        69.20705       161.07887            5.79        11:46:15        4.20e-02        2.00e+00
       15517418        69.21776       162.07919            5.79        11:45:56        4.20e-02        2.00e+00
       15518466        69.22965       163.07925            5.79        11:45:38        4.20e-02        2.00e+00
       15519491        69.23216       164.08004            5.79        11:45:19        4.20e-02        2.00e+00
DEBUG @ t=15520000: current_coupling=0.042, last=0.042
       15520493        69.23521       165.08013            5.79        11:44:55        4.20e-02        2.00e+00
       15521528        69.23717       166.08034            5.79        11:44:39        4.20e-02        2.00e+00
       15522650        69.24256       167.08096            5.79        11:44:42        4.20e-02        2.00e+00
       15523671        69.25075       168.08131            5.79        11:44:19        4.20e-02        2.00e+00
       15524769        69.26142       169.08185            5.79        11:44:13        4.20e-02        2.00e+00
       15525896        69.26931       170.08247            5.79        11:44:16        4.20e-02        2.00e+00
       15527128        69.27897       171.08282            5.78        11:44:42        4.20e-02        2.00e+00
       15528237        69.28820       172.08322            5.78        11:44:39        4.20e-02        2.00e+00
       15529453        69.29211       173.08396            5.77        11:45:04        4.20e-02        2.00e+00
DEBUG @ t=15530000: current_coupling=0.042, last=0.042
       15530585        69.29359       174.08402            5.77        11:45:10        4.20e-02        2.00e+00
       15531731        69.29546       175.08402            5.77        11:45:19        4.20e-02        2.00e+00
       15532833        69.30124       176.08482            5.77        11:45:15        4.20e-02        2.00e+00
       15533929        69.30132       177.08498            5.76        11:45:14        4.20e-02        2.00e+00
       15535017        69.30275       178.08571            5.76        11:45:09        4.20e-02        2.00e+00
       15536286        69.31124       179.08591            5.76        11:45:41        4.20e-02        2.00e+00
       15537398        69.31844       180.08608            5.75        11:45:38        4.20e-02        2.00e+00
       15538554        69.32331       181.08660            5.75        11:45:45        4.20e-02        2.00e+00
       15539667        69.32703       182.08683            5.75        11:45:44        4.20e-02        2.00e+00
DEBUG @ t=15540000: current_coupling=0.042, last=0.042
       15540690        69.32888       183.08715            5.75        11:45:24        4.20e-02        2.00e+00
       15541759        69.33318       184.08752            5.75        11:45:12        4.20e-02        2.00e+00
       15542998        69.33651       185.08754            5.74        11:45:38        4.20e-02        2.00e+00
       15544012        69.34115       186.08826            5.75        11:45:14        4.20e-02        2.00e+00
       15545061        69.34342       187.08864            5.75        11:44:59        4.20e-02        2.00e+00
       15546007        69.34558       188.08881            5.75        11:44:21        4.20e-02        2.00e+00
       15546985        69.34692       189.08910            5.75        11:43:52        4.20e-02        2.00e+00
       15548015        69.34954       190.08967            5.75        11:43:32        4.20e-02        2.00e+00
       15548990        69.35023       191.09045            5.75        11:43:02        4.20e-02        2.00e+00
DEBUG @ t=15550000: current_coupling=0.042, last=0.042
       15550265        69.35720       192.09103            5.75        11:43:32        4.20e-02        2.00e+00
       15551378        69.36980       193.09166            5.75        11:43:24        4.20e-02        2.00e+00
       15552411        69.36876       194.09212            5.75        11:43:08        4.20e-02        2.00e+00
       15553556        69.37385       195.09252            5.74        11:43:11        4.20e-02        2.00e+00
       15554596        69.37860       196.09320            5.74        11:42:52        4.20e-02        2.00e+00
       15555652        69.38451       197.09399            5.74        11:42:35        4.20e-02        2.00e+00
       15556840        69.39110       198.09425            5.74        11:42:46        4.20e-02        2.00e+00
       15557982        69.39431       199.09488            5.74        11:42:48        4.20e-02        2.00e+00
SWITCH DETECTED at timestep 15558974: t = 200.000104 ps
  Forcing immediate timestep adjustment for shock dampening
Added F(k,t) reference 1 at t = 200.002 ps
       15559086        69.39849       200.09554            5.74        11:42:43        4.20e-02        2.00e+00
DEBUG @ t=15560000: current_coupling=0.042, last=0.042
       15560237        69.40277       201.09588            5.73        11:42:46        4.20e-02        2.00e+00
       15561321        69.40379       202.09604            5.73        11:42:38        4.20e-02        2.00e+00
       15562423        69.40809       203.09639            5.73        11:42:32        4.20e-02        2.00e+00
       15563540        69.41416       204.09644            5.73        11:42:27        4.20e-02        2.00e+00
       15564666        69.42177       205.09692            5.73        11:42:23        4.20e-02        2.00e+00
       15565751        69.42524       206.09759            5.73        11:42:13        4.20e-02        2.00e+00
       15566850        69.43076       207.09809            5.73        11:42:04        4.20e-02        2.00e+00
       15567917        69.43593       208.09825            5.73        11:41:50        4.20e-02        2.00e+00
       15568939        69.43871       209.09846            5.73        11:41:28        4.20e-02        2.00e+00
       15569953        69.44623       210.09934            5.73        11:41:02        4.20e-02        2.00e+00
DEBUG @ t=15570000: current_coupling=0.042, last=0.042
       15571043        69.45474       211.09946            5.73        11:40:50        4.20e-02        2.00e+00
       15572133        69.45974       212.10039            5.73        11:40:40        4.20e-02        2.00e+00
       15573149        69.46167       213.10070            5.73        11:40:18        4.20e-02        2.00e+00
       15574162        69.46719       214.10145            5.73        11:39:53        4.20e-02        2.00e+00
       15575259        69.47211       215.10221            5.73        11:39:44        4.20e-02        2.00e+00
       15576371        69.47973       216.10282            5.73        11:39:36        4.20e-02        2.00e+00
       15577397        69.48528       217.10300            5.73        11:39:13        4.20e-02        2.00e+00
       15578467        69.48618       218.10337            5.73        11:39:02        4.20e-02        2.00e+00
       15579608        69.49234       219.10411            5.73        11:39:00        4.20e-02        2.00e+00
DEBUG @ t=15580000: current_coupling=0.042, last=0.042
       15580707        69.49397       220.10501            5.73        11:38:53        4.20e-02        2.00e+00
       15581723        69.49695       221.10507            5.73        11:38:30        4.20e-02        2.00e+00
       15582716        69.50058       222.10515            5.73        11:38:03        4.20e-02        2.00e+00
       15583660        69.50461       223.10612            5.73        11:37:27        4.20e-02        2.00e+00
       15584590        69.50961       224.10706            5.74        11:36:47        4.20e-02        2.00e+00
       15585528        69.51385       225.10716            5.74        11:36:11        4.20e-02        2.00e+00
       15586504        69.52235       226.10756            5.74        11:35:38        4.20e-02        2.00e+00
       15587490        69.52408       227.10849            5.74        11:35:11        4.20e-02        2.00e+00
       15588480        69.52510       228.10919            5.75        11:34:45        4.20e-02        2.00e+00
       15589482        69.52569       229.10987            5.75        11:34:22        4.20e-02        2.00e+00
DEBUG @ t=15590000: current_coupling=0.042, last=0.042
       15590525        69.52874       230.11041            5.75        11:34:05        4.20e-02        2.00e+00
       15591554        69.53056       231.11117            5.75        11:33:46        4.20e-02        2.00e+00
       15592510        69.53252       232.11176            5.75        11:33:14        4.20e-02        2.00e+00
       15593479        69.53832       233.11198            5.75        11:32:43        4.20e-02        2.00e+00
       15594425        69.53886       234.11211            5.75        11:32:11        4.20e-02        2.00e+00
       15595389        69.53882       235.11298            5.76        11:31:42        4.20e-02        2.00e+00
       15596524        69.54003       236.11375            5.75        11:31:41        4.20e-02        2.00e+00
       15597668        69.54368       237.11432            5.75        11:31:41        4.20e-02        2.00e+00
       15598599        69.54354       238.11475            5.75        11:31:07        4.20e-02        2.00e+00
       15599544        69.54327       239.11505            5.76        11:30:36        4.20e-02        2.00e+00
DEBUG @ t=15600000: current_coupling=0.042, last=0.042
[HDF5 Writer DEBUG] timestep=15600000, current_time_ps=239.571, last_output_time=239.56327432331244, write_count=22868
       15600477        69.54401       240.11582            5.76        11:30:02        4.20e-02        2.00e+00
       15601377        69.54432       241.11614            5.76        11:29:23        4.20e-02        2.00e+00
       15602369        69.54316       242.11629            5.76        11:29:00        4.20e-02        2.00e+00
       15603362        69.54512       243.11656            5.77        11:28:36        4.20e-02        2.00e+00
       15604241        69.54368       244.11745            5.77        11:27:55        4.20e-02        2.00e+00
       15605160        69.54582       245.11790            5.77        11:27:19        4.20e-02        2.00e+00
       15606078        69.54354       246.11853            5.77        11:26:45        4.20e-02        2.00e+00
       15607055        69.54272       247.11853            5.78        11:26:21        4.20e-02        2.00e+00
       15608030        69.53998       248.11891            5.78        11:25:57        4.20e-02        2.00e+00
       15609045        69.53852       249.11929            5.78        11:25:39        4.20e-02        2.00e+00
DEBUG @ t=15610000: current_coupling=0.042, last=0.042
       15610096        69.53876       250.11982            5.78        11:25:25        4.20e-02        2.00e+00
       15611106        69.53859       251.12044            5.78        11:25:06        4.20e-02        2.00e+00
       15612091        69.53657       252.12074            5.78        11:24:43        4.20e-02        2.00e+00
       15613020        69.53938       253.12141            5.78        11:24:09        4.20e-02        2.00e+00
       15614009        69.53836       254.12172            5.78        11:23:47        4.20e-02        2.00e+00
       15614984        69.53959       255.12189            5.78        11:23:21        4.20e-02        2.00e+00
       15615900        69.53738       256.12219            5.79        11:22:49        4.20e-02        2.00e+00
       15616856        69.53524       257.12314            5.79        11:22:22        4.20e-02        2.00e+00
       15617842        69.53273       258.12315            5.79        11:22:01        4.20e-02        2.00e+00
       15618802        69.53307       259.12325            5.79        11:21:34        4.20e-02        2.00e+00
       15619811        69.53465       260.12402            5.79        11:21:14        4.20e-02        2.00e+00
DEBUG @ t=15620000: current_coupling=0.042, last=0.042
       15620768        69.53792       261.12422            5.79        11:20:45        4.20e-02        2.00e+00
       15621753        69.53707       262.12444            5.79        11:20:23        4.20e-02        2.00e+00
       15622745        69.53558       263.12517            5.80        11:20:02        4.20e-02        2.00e+00
       15623671        69.53314       264.12518            5.80        11:19:32        4.20e-02        2.00e+00
       15624616        69.53133       265.12552            5.80        11:19:04        4.20e-02        2.00e+00
       15625607        69.53249       266.12553            5.80        11:18:42        4.20e-02        2.00e+00
       15626631        69.53484       267.12579            5.80        11:18:24        4.20e-02        2.00e+00
       15627617        69.53518       268.12639            5.80        11:18:02        4.20e-02        2.00e+00
       15628551        69.53554       269.12704            5.80        11:17:31        4.20e-02        2.00e+00
       15629521        69.53481       270.12725            5.81        11:17:08        4.20e-02        2.00e+00
DEBUG @ t=15630000: current_coupling=0.042, last=0.042
       15630548        69.54023       271.12735            5.81        11:16:48        4.20e-02        2.00e+00
       15631555        69.55215       272.12737            5.81        11:16:22        4.20e-02        2.00e+00
       15632488        69.55714       273.12810            5.81        11:15:50        4.20e-02        2.00e+00
       15633379        69.55995       274.12889            5.81        11:15:13        4.20e-02        2.00e+00
       15634283        69.55906       275.12980            5.82        11:14:40        4.20e-02        2.00e+00
       15635234        69.56003       276.13056            5.82        11:14:13        4.20e-02        2.00e+00
       15636227        69.55896       277.13104            5.82        11:13:53        4.20e-02        2.00e+00
       15637192        69.55864       278.13116            5.82        11:13:28        4.20e-02        2.00e+00
       15638115        69.55675       279.13122            5.82        11:12:59        4.20e-02        2.00e+00
       15639160        69.55650       280.13125            5.82        11:12:46        4.20e-02        2.00e+00
DEBUG @ t=15640000: current_coupling=0.042, last=0.042
       15640265        69.55969       281.13164            5.82        11:12:40        4.20e-02        2.00e+00
       15641311        69.56177       282.13227            5.82        11:12:25        4.20e-02        2.00e+00
       15642348        69.56333       283.13232            5.82        11:12:10        4.20e-02        2.00e+00
       15643358        69.56552       284.13332            5.82        11:11:51        4.20e-02        2.00e+00
       15644364        69.56480       285.13368            5.82        11:11:33        4.20e-02        2.00e+00
       15645400        69.56856       286.13371            5.82        11:11:16        4.20e-02        2.00e+00
       15646507        69.57091       287.13437            5.82        11:11:10        4.20e-02        2.00e+00
       15647557        69.57674       288.13532            5.82        11:10:54        4.20e-02        2.00e+00
       15648546        69.56968       289.13627            5.82        11:10:37        4.20e-02        2.00e+00
       15649555        69.57292       290.13722            5.82        11:10:17        4.20e-02        2.00e+00
DEBUG @ t=15650000: current_coupling=0.042, last=0.042
       15650700        69.57515       291.13745            5.82        11:10:16        4.20e-02        2.00e+00
       15651721        69.57567       292.13750            5.82        11:09:59        4.20e-02        2.00e+00
       15652670        69.57494       293.13751            5.82        11:09:34        4.20e-02        2.00e+00
       15653597        69.57618       294.13844            5.82        11:09:04        4.20e-02        2.00e+00
       15654692        69.57838       295.13900            5.82        11:08:56        4.20e-02        2.00e+00
       15655818        69.57814       296.13968            5.82        11:08:54        4.20e-02        2.00e+00
       15656902        69.57747       297.14056            5.82        11:08:46        4.20e-02        2.00e+00
       15658006        69.57844       298.14125            5.82        11:08:40        4.20e-02        2.00e+00
       15658925        69.57941       299.14139            5.82        11:08:09        4.20e-02        2.00e+00
       15659913        69.58164       300.14229            5.82        11:07:47        4.20e-02        2.00e+00
DEBUG @ t=15660000: current_coupling=0.042, last=0.042
       15660921        69.58393       301.14295            5.82        11:07:28        4.20e-02        2.00e+00
       15661963        69.58571       302.14366            5.82        11:07:13        4.20e-02        2.00e+00
       15663105        69.59264       303.14395            5.82        11:07:08        4.20e-02        2.00e+00
       15664210        69.59688       304.14402            5.82        11:07:00        4.20e-02        2.00e+00
       15665276        69.60694       305.14483            5.82        11:06:43        4.20e-02        2.00e+00
       15666311        69.60809       306.14568            5.82        11:06:28        4.20e-02        2.00e+00
       15667330        69.60740       307.14609            5.82        11:06:12        4.20e-02        2.00e+00
       15668363        69.60729       308.14638            5.82        11:05:57        4.20e-02        2.00e+00
       15669455        69.61319       309.14639            5.82        11:05:46        4.20e-02        2.00e+00
DEBUG @ t=15670000: current_coupling=0.042, last=0.042
       15670524        69.61613       310.14726            5.82        11:05:34        4.20e-02        2.00e+00
       15671588        69.62104       311.14774            5.82        11:05:20        4.20e-02        2.00e+00
       15672609        69.62257       312.14835            5.82        11:05:02        4.20e-02        2.00e+00
       15673601        69.62372       313.14927            5.82        11:04:42        4.20e-02        2.00e+00
       15674612        69.62529       314.15003            5.82        11:04:23        4.20e-02        2.00e+00
       15675623        69.62534       315.15086            5.82        11:04:05        4.20e-02        2.00e+00
       15676602        69.62872       316.15122            5.82        11:03:42        4.20e-02        2.00e+00
       15677544        69.62906       317.15229            5.82        11:03:16        4.20e-02        2.00e+00
       15678502        69.62764       318.15274            5.83        11:02:53        4.20e-02        2.00e+00
       15679519        69.62947       319.15294            5.83        11:02:35        4.20e-02        2.00e+00
DEBUG @ t=15680000: current_coupling=0.042, last=0.042
       15680481        69.62918       320.15405            5.83        11:02:11        4.20e-02        2.00e+00
       15681405        69.62819       321.15424            5.83        11:01:44        4.20e-02        2.00e+00
       15682358        69.62988       322.15499            5.83        11:01:19        4.20e-02        2.00e+00
       15683316        69.63015       323.15507            5.83        11:00:55        4.20e-02        2.00e+00
       15684268        69.62988       324.15572            5.83        11:00:31        4.20e-02        2.00e+00
       15685176        69.62933       325.15634            5.84        11:00:02        4.20e-02        2.00e+00
       15686176        69.63551       326.15690            5.84        10:59:40        4.20e-02        2.00e+00
       15687179        69.63581       327.15731            5.84        10:59:21        4.20e-02        2.00e+00
       15688180        69.63595       328.15742            5.84        10:59:03        4.20e-02        2.00e+00
       15689189        69.63853       329.15825            5.84        10:58:44        4.20e-02        2.00e+00
DEBUG @ t=15690000: current_coupling=0.042, last=0.042
       15690161        69.63914       330.15862            5.84        10:58:22        4.20e-02        2.00e+00
       15691108        69.63764       331.15874            5.84        10:57:59        4.20e-02        2.00e+00
       15692092        69.63653       332.15957            5.84        10:57:39        4.20e-02        2.00e+00
       15693082        69.63855       333.15975            5.84        10:57:18        4.20e-02        2.00e+00
       15694021        69.63848       334.16027            5.84        10:56:53        4.20e-02        2.00e+00
       15694948        69.63911       335.16120            5.85        10:56:26        4.20e-02        2.00e+00
       15695906        69.63959       336.16162            5.85        10:56:03        4.20e-02        2.00e+00
       15696877        69.64172       337.16253            5.85        10:55:40        4.20e-02        2.00e+00
       15697807        69.64213       338.16273            5.85        10:55:14        4.20e-02        2.00e+00
       15698742        69.64248       339.16349            5.85        10:54:48        4.20e-02        2.00e+00
       15699844        69.64509       340.16386            5.85        10:54:40        4.20e-02        2.00e+00
DEBUG @ t=15700000: current_coupling=0.042, last=0.042
[HDF5 Writer DEBUG] timestep=15700000, current_time_ps=340.303, last_output_time=340.29387167000823, write_count=32482
       15700834        69.64518       341.16451            5.85        10:54:21        4.20e-02        2.00e+00
       15701858        69.64491       342.16471            5.85        10:54:06        4.20e-02        2.00e+00
       15702896        69.64620       343.16554            5.85        10:53:52        4.20e-02        2.00e+00
       15703824        69.64469       344.16618            5.85        10:53:26        4.20e-02        2.00e+00
       15704829        69.64591       345.16654            5.85        10:53:08        4.20e-02        2.00e+00
       15705729        69.64410       346.16701            5.86        10:52:41        4.20e-02        2.00e+00
       15706765        69.64376       347.16769            5.85        10:52:27        4.20e-02        2.00e+00
       15707876        69.64734       348.16792            5.85        10:52:19        4.20e-02        2.00e+00
       15709023        69.65114       349.16878            5.85        10:52:15        4.20e-02        2.00e+00
DEBUG @ t=15710000: current_coupling=0.042, last=0.042
       15710122        69.65335       350.16942            5.85        10:52:07        4.20e-02        2.00e+00
       15711132        69.65495       351.16965            5.85        10:51:49        4.20e-02        2.00e+00
       15712285        69.65549       352.17050            5.85        10:51:47        4.20e-02        2.00e+00
       15713411        69.65401       353.17112            5.85        10:51:44        4.20e-02        2.00e+00
       15714522        69.65586       354.17144            5.85        10:51:37        4.20e-02        2.00e+00
       15715612        69.65511       355.17223            5.85        10:51:29        4.20e-02        2.00e+00
       15716616        69.65455       356.17294            5.85        10:51:11        4.20e-02        2.00e+00
       15717701        69.65570       357.17301            5.85        10:51:02        4.20e-02        2.00e+00
       15718828        69.65561       358.17338            5.84        10:50:57        4.20e-02        2.00e+00
       15719824        69.65626       359.17342            5.84        10:50:39        4.20e-02        2.00e+00
DEBUG @ t=15720000: current_coupling=0.042, last=0.042
       15720759        69.65666       360.17437            5.85        10:50:14        4.20e-02        2.00e+00
       15721710        69.65761       361.17536            5.85        10:49:50        4.20e-02        2.00e+00
       15722748        69.65760       362.17540            5.85        10:49:36        4.20e-02        2.00e+00
       15723910        69.65932       363.17562            5.85        10:49:34        4.20e-02        2.00e+00
       15724858        69.66027       364.17571            5.85        10:49:10        4.20e-02        2.00e+00
       15725939        69.66147       365.17596            5.85        10:49:00        4.20e-02        2.00e+00
       15726874        69.66219       366.17617            5.85        10:48:35        4.20e-02        2.00e+00
       15727940        69.66347       367.17685            5.85        10:48:23        4.20e-02        2.00e+00
       15729125        69.66741       368.17692            5.85        10:48:22        4.20e-02        2.00e+00
DEBUG @ t=15730000: current_coupling=0.042, last=0.042
       15730321        69.67171       369.17765            5.84        10:48:22        4.20e-02        2.00e+00
       15731368        69.67191       370.17795            5.84        10:48:09        4.20e-02        2.00e+00
       15732397        69.67441       371.17869            5.84        10:47:53        4.20e-02        2.00e+00
       15733427        69.67623       372.17967            5.84        10:47:37        4.20e-02        2.00e+00
       15734474        69.67865       373.18034            5.84        10:47:22        4.20e-02        2.00e+00
       15735497        69.68424       374.18069            5.84        10:47:03        4.20e-02        2.00e+00
       15736450        69.68618       375.18168            5.84        10:46:40        4.20e-02        2.00e+00
       15737459        69.68752       376.18186            5.85        10:46:22        4.20e-02        2.00e+00
       15738546        69.69129       377.18211            5.84        10:46:11        4.20e-02        2.00e+00
       15739639        69.69378       378.18231            5.84        10:46:01        4.20e-02        2.00e+00
DEBUG @ t=15740000: current_coupling=0.042, last=0.042
       15740646        69.69508       379.18278            5.84        10:45:43        4.20e-02        2.00e+00
       15741603        69.69638       380.18351            5.85        10:45:20        4.20e-02        2.00e+00
       15742557        69.69809       381.18441            5.85        10:44:57        4.20e-02        2.00e+00
       15743501        69.69994       382.18445            5.85        10:44:32        4.20e-02        2.00e+00
       15744478        69.70355       383.18461            5.85        10:44:11        4.20e-02        2.00e+00
       15745480        69.71096       384.18561            5.85        10:43:49        4.20e-02        2.00e+00
       15746465        69.71024       385.18594            5.85        10:43:30        4.20e-02        2.00e+00
       15747487        69.70862       386.18669            5.85        10:43:15        4.20e-02        2.00e+00
       15748521        69.70964       387.18717            5.85        10:43:01        4.20e-02        2.00e+00
       15749488        69.71161       388.18780            5.85        10:42:39        4.20e-02        2.00e+00
DEBUG @ t=15750000: current_coupling=0.042, last=0.042
       15750496        69.71317       389.18832            5.85        10:42:21        4.20e-02        2.00e+00
       15751533        69.71428       390.18866            5.85        10:42:06        4.20e-02        2.00e+00
       15752516        69.71511       391.18941            5.85        10:41:46        4.20e-02        2.00e+00
       15753499        69.71522       392.18967            5.85        10:41:27        4.20e-02        2.00e+00
       15754503        69.71707       393.19036            5.85        10:41:09        4.20e-02        2.00e+00
       15755451        69.71944       394.19119            5.86        10:40:45        4.20e-02        2.00e+00
       15756425        69.72049       395.19186            5.86        10:40:25        4.20e-02        2.00e+00
       15757423        69.72163       396.19235            5.86        10:40:06        4.20e-02        2.00e+00
       15758404        69.72261       397.19243            5.86        10:39:47        4.20e-02        2.00e+00
       15759471        69.72516       398.19269            5.86        10:39:34        4.20e-02        2.00e+00
DEBUG @ t=15760000: current_coupling=0.042, last=0.042
       15760418        69.72568       399.19291            5.86        10:39:11        4.20e-02        2.00e+00
Added F(k,t) reference 2 at t = 400.002 ps
       15761344        69.72756       400.19299            5.86        10:38:46        4.20e-02        2.00e+00
       15762396        69.73063       401.19306            5.86        10:38:32        4.20e-02        2.00e+00
       15763489        69.73362       402.19361            5.86        10:38:21        4.20e-02        2.00e+00
       15764438        69.73569       403.19366            5.86        10:37:58        4.20e-02        2.00e+00
       15765294        69.73851       404.19389            5.86        10:37:26        4.20e-02        2.00e+00
       15766227        69.73804       405.19399            5.87        10:37:03        4.20e-02        2.00e+00
       15767370        69.74006       406.19468            5.86        10:36:58        4.20e-02        2.00e+00
       15768439        69.74102       407.19529            5.86        10:36:46        4.20e-02        2.00e+00
       15769371        69.74101       408.19538            5.86        10:36:23        4.20e-02        2.00e+00
DEBUG @ t=15770000: current_coupling=0.042, last=0.042
       15770263        69.74135       409.19607            5.87        10:35:55        4.20e-02        2.00e+00
       15771206        69.74374       410.19709            5.87        10:35:32        4.20e-02        2.00e+00
       15772123        69.74502       411.19779            5.87        10:35:06        4.20e-02        2.00e+00
       15773067        69.74486       412.19867            5.87        10:34:44        4.20e-02        2.00e+00
       15774077        69.74575       413.19940            5.87        10:34:27        4.20e-02        2.00e+00
       15775071        69.74606       414.20011            5.87        10:34:09        4.20e-02        2.00e+00
       15775963        69.74587       415.20049            5.87        10:33:43        4.20e-02        2.00e+00
       15777035        69.74581       416.20124            5.87        10:33:32        4.20e-02        2.00e+00
       15777987        69.74570       417.20215            5.87        10:33:11        4.20e-02        2.00e+00
       15778959        69.74601       418.20308            5.87        10:32:51        4.20e-02        2.00e+00
       15779991        69.74873       419.20321            5.87        10:32:35        4.20e-02        2.00e+00
DEBUG @ t=15780000: current_coupling=0.042, last=0.042
       15780965        69.75372       420.20344            5.88        10:32:13        4.20e-02        2.00e+00
       15782078        69.75588       421.20400            5.87        10:32:05        4.20e-02        2.00e+00
       15783048        69.75616       422.20503            5.88        10:31:45        4.20e-02        2.00e+00
       15783958        69.75651       423.20567            5.88        10:31:20        4.20e-02        2.00e+00
       15784891        69.75651       424.20632            5.88        10:30:57        4.20e-02        2.00e+00
       15785817        69.75621       425.20729            5.88        10:30:34        4.20e-02        2.00e+00
       15786869        69.75704       426.20778            5.88        10:30:21        4.20e-02        2.00e+00
       15787824        69.75664       427.20844            5.88        10:30:01        4.20e-02        2.00e+00
       15788792        69.75763       428.20915            5.88        10:29:40        4.20e-02        2.00e+00
       15789795        69.75909       429.20985            5.88        10:29:23        4.20e-02        2.00e+00
DEBUG @ t=15790000: current_coupling=0.042, last=0.042
       15790744        69.75978       430.21000            5.88        10:29:01        4.20e-02        2.00e+00
       15791611        69.75911       431.21055            5.88        10:28:34        4.20e-02        2.00e+00
       15792601        69.76027       432.21121            5.89        10:28:15        4.20e-02        2.00e+00
       15793672        69.76527       433.21162            5.89        10:28:02        4.20e-02        2.00e+00
       15794756        69.76784       434.21240            5.88        10:27:51        4.20e-02        2.00e+00
       15795780        69.76780       435.21275            5.88        10:27:36        4.20e-02        2.00e+00
       15796808        69.76747       436.21295            5.88        10:27:22        4.20e-02        2.00e+00
       15797765        69.76932       437.21387            5.89        10:27:00        4.20e-02        2.00e+00
       15798764        69.77052       438.21394            5.89        10:26:43        4.20e-02        2.00e+00
       15799813        69.77158       439.21440            5.89        10:26:30        4.20e-02        2.00e+00
DEBUG @ t=15800000: current_coupling=0.042, last=0.042
[HDF5 Writer DEBUG] timestep=15800000, current_time_ps=439.392, last_output_time=439.38349123533254, write_count=41940
       15800832        69.77308       440.21453            5.89        10:26:14        4.20e-02        2.00e+00
       15801755        69.77315       441.21508            5.89        10:25:51        4.20e-02        2.00e+00
       15802721        69.77323       442.21541            5.89        10:25:31        4.20e-02        2.00e+00
       15803658        69.77312       443.21641            5.89        10:25:09        4.20e-02        2.00e+00
       15804615        69.77303       444.21654            5.89        10:24:49        4.20e-02        2.00e+00
       15805621        69.77291       445.21751            5.89        10:24:33        4.20e-02        2.00e+00
       15806571        69.77377       446.21769            5.89        10:24:12        4.20e-02        2.00e+00
       15807574        69.77489       447.21801            5.89        10:23:55        4.20e-02        2.00e+00
       15808649        69.77631       448.21828            5.89        10:23:44        4.20e-02        2.00e+00
       15809681        69.77761       449.21862            5.89        10:23:29        4.20e-02        2.00e+00
DEBUG @ t=15810000: current_coupling=0.042, last=0.042
       15810671        69.77784       450.21887            5.89        10:23:11        4.20e-02        2.00e+00
       15811653        69.77720       451.21896            5.89        10:22:54        4.20e-02        2.00e+00
       15812618        69.77672       452.21990            5.89        10:22:34        4.20e-02        2.00e+00
       15813614        69.77772       453.22072            5.89        10:22:17        4.20e-02        2.00e+00
       15814579        69.77985       454.22149            5.89        10:21:56        4.20e-02        2.00e+00
       15815508        69.78066       455.22168            5.90        10:21:34        4.20e-02        2.00e+00
       15816475        69.78148       456.22242            5.90        10:21:14        4.20e-02        2.00e+00
       15817495        69.78281       457.22262            5.90        10:20:59        4.20e-02        2.00e+00
       15818473        69.78506       458.22323            5.90        10:20:39        4.20e-02        2.00e+00
       15819419        69.78602       459.22325            5.90        10:20:18        4.20e-02        2.00e+00
DEBUG @ t=15820000: current_coupling=0.042, last=0.042
       15820366        69.78751       460.22394            5.90        10:19:57        4.20e-02        2.00e+00
       15821313        69.78952       461.22409            5.90        10:19:35        4.20e-02        2.00e+00
       15822279        69.79280       462.22425            5.90        10:19:14        4.20e-02        2.00e+00
       15823198        69.79336       463.22501            5.90        10:18:51        4.20e-02        2.00e+00
       15824145        69.79319       464.22585            5.90        10:18:31        4.20e-02        2.00e+00
       15825133        69.79445       465.22674            5.90        10:18:13        4.20e-02        2.00e+00
       15826075        69.79596       466.22752            5.91        10:17:51        4.20e-02        2.00e+00
       15826969        69.79551       467.22830            5.91        10:17:26        4.20e-02        2.00e+00
       15828069        69.79854       468.22868            5.91        10:17:16        4.20e-02        2.00e+00
       15828990        69.79808       469.22960            5.91        10:16:54        4.20e-02        2.00e+00
       15829987        69.79801       470.23022            5.91        10:16:38        4.20e-02        2.00e+00
DEBUG @ t=15830000: current_coupling=0.042, last=0.042
       15831103        69.79941       471.23041            5.91        10:16:30        4.20e-02        2.00e+00
       15832095        69.80331       472.23055            5.91        10:16:11        4.20e-02        2.00e+00
       15833124        69.80702       473.23077            5.91        10:15:55        4.20e-02        2.00e+00
       15834001        69.81083       474.23112            5.91        10:15:27        4.20e-02        2.00e+00
       15834944        69.81279       475.23127            5.91        10:15:05        4.20e-02        2.00e+00
       15836078        69.81556       476.23159            5.91        10:14:58        4.20e-02        2.00e+00
       15837204        69.81536       477.23185            5.91        10:14:51        4.20e-02        2.00e+00
       15838299        69.81633       478.23193            5.91        10:14:42        4.20e-02        2.00e+00
       15839366        69.81648       479.23228            5.91        10:14:31        4.20e-02        2.00e+00
DEBUG @ t=15840000: current_coupling=0.042, last=0.042
       15840388        69.81644       480.23239            5.91        10:14:16        4.20e-02        2.00e+00
       15841368        69.81708       481.23279            5.91        10:13:58        4.20e-02        2.00e+00
       15842290        69.81686       482.23357            5.91        10:13:36        4.20e-02        2.00e+00
       15843210        69.81639       483.23409            5.91        10:13:14        4.20e-02        2.00e+00
       15844194        69.81716       484.23478            5.91        10:12:56        4.20e-02        2.00e+00
       15845193        69.81738       485.23511            5.91        10:12:40        4.20e-02        2.00e+00
       15846240        69.81834       486.23602            5.91        10:12:27        4.20e-02        2.00e+00
       15847213        69.82223       487.23667            5.91        10:12:06        4.20e-02        2.00e+00
       15848216        69.82447       488.23754            5.91        10:11:49        4.20e-02        2.00e+00
       15849244        69.82549       489.23770            5.91        10:11:34        4.20e-02        2.00e+00
DEBUG @ t=15850000: current_coupling=0.042, last=0.042
       15850235        69.82616       490.23864            5.91        10:11:17        4.20e-02        2.00e+00
       15851193        69.82699       491.23882            5.91        10:10:58        4.20e-02        2.00e+00
       15852132        69.82900       492.23942            5.91        10:10:36        4.20e-02        2.00e+00
       15853072        69.83004       493.23968            5.92        10:10:15        4.20e-02        2.00e+00
       15854054        69.83096       494.24061            5.92        10:09:57        4.20e-02        2.00e+00
       15855000        69.83124       495.24158            5.92        10:09:37        4.20e-02        2.00e+00
       15855992        69.83074       496.24175            5.92        10:09:21        4.20e-02        2.00e+00
       15857026        69.83119       497.24271            5.92        10:09:07        4.20e-02        2.00e+00
       15857989        69.83122       498.24312            5.92        10:08:48        4.20e-02        2.00e+00
       15858936        69.83090       499.24386            5.92        10:08:28        4.20e-02        2.00e+00
       15859876        69.83060       500.24404            5.92        10:08:08        4.20e-02        2.00e+00
DEBUG @ t=15860000: current_coupling=0.042, last=0.042
       15860809        69.83070       501.24437            5.92        10:07:47        4.20e-02        2.00e+00
       15861775        69.83117       502.24459            5.92        10:07:29        4.20e-02        2.00e+00
       15862717        69.83430       503.24494            5.92        10:07:07        4.20e-02        2.00e+00
       15863623        69.83702       504.24498            5.92        10:06:43        4.20e-02        2.00e+00
       15864498        69.83789       505.24578            5.93        10:06:18        4.20e-02        2.00e+00
       15865376        69.83837       506.24685            5.93        10:05:53        4.20e-02        2.00e+00
       15866276        69.83908       507.24717            5.93        10:05:29        4.20e-02        2.00e+00
       15867199        69.83933       508.24742            5.93        10:05:08        4.20e-02        2.00e+00
       15868194        69.84054       509.24802            5.93        10:04:51        4.20e-02        2.00e+00
       15869190        69.84172       510.24911            5.93        10:04:34        4.20e-02        2.00e+00
DEBUG @ t=15870000: current_coupling=0.042, last=0.042
       15870074        69.84288       511.24989            5.93        10:04:10        4.20e-02        2.00e+00
       15870986        69.84421       512.25031            5.93        10:03:47        4.20e-02        2.00e+00
       15871915        69.84382       513.25127            5.93        10:03:27        4.20e-02        2.00e+00
       15872916        69.84366       514.25139            5.93        10:03:11        4.20e-02        2.00e+00
       15873852        69.84599       515.25157            5.94        10:02:50        4.20e-02        2.00e+00
       15874850        69.84778       516.25161            5.94        10:02:33        4.20e-02        2.00e+00
       15875875        69.84854       517.25211            5.94        10:02:19        4.20e-02        2.00e+00
       15876880        69.85038       518.25297            5.94        10:02:02        4.20e-02        2.00e+00
       15877885        69.85125       519.25312            5.94        10:01:46        4.20e-02        2.00e+00
       15878827        69.85235       520.25354            5.94        10:01:26        4.20e-02        2.00e+00
       15879735        69.85224       521.25379            5.94        10:01:04        4.20e-02        2.00e+00
DEBUG @ t=15880000: current_coupling=0.042, last=0.042
       15880663        69.85239       522.25439            5.94        10:00:44        4.20e-02        2.00e+00
       15881579        69.85256       523.25461            5.94        10:00:22        4.20e-02        2.00e+00
       15882497        69.85214       524.25473            5.94        10:00:01        4.20e-02        2.00e+00
       15883382        69.85207       525.25482            5.94        09:59:38        4.20e-02        2.00e+00
       15884244        69.85222       526.25533            5.94        09:59:13        4.20e-02        2.00e+00
       15885153        69.85285       527.25615            5.95        09:58:51        4.20e-02        2.00e+00
       15886044        69.85282       528.25628            5.95        09:58:28        4.20e-02        2.00e+00
       15886959        69.85451       529.25717            5.95        09:58:06        4.20e-02        2.00e+00
       15887867        69.85520       530.25732            5.95        09:57:44        4.20e-02        2.00e+00
       15888742        69.85588       531.25763            5.95        09:57:20        4.20e-02        2.00e+00
       15889636        69.85559       532.25821            5.95        09:56:57        4.20e-02        2.00e+00
DEBUG @ t=15890000: current_coupling=0.042, last=0.042
       15890601        69.85528       533.25892            5.95        09:56:40        4.20e-02        2.00e+00
       15891514        69.85556       534.25979            5.95        09:56:18        4.20e-02        2.00e+00
       15892388        69.85751       535.26006            5.96        09:55:53        4.20e-02        2.00e+00
       15893318        69.85822       536.26078            5.96        09:55:33        4.20e-02        2.00e+00
       15894310        69.85996       537.26086            5.96        09:55:16        4.20e-02        2.00e+00
       15895272        69.86014       538.26130            5.96        09:54:58        4.20e-02        2.00e+00
       15896185        69.85959       539.26202            5.96        09:54:37        4.20e-02        2.00e+00
       15897009        69.85882       540.26216            5.96        09:54:11        4.20e-02        2.00e+00
       15897915        69.85859       541.26267            5.96        09:53:50        4.20e-02        2.00e+00
       15898814        69.85870       542.26363            5.96        09:53:28        4.20e-02        2.00e+00
       15899752        69.86022       543.26369            5.96        09:53:08        4.20e-02        2.00e+00
DEBUG @ t=15900000: current_coupling=0.042, last=0.042
[HDF5 Writer DEBUG] timestep=15900000, current_time_ps=543.523, last_output_time=543.5220512707319, write_count=51811
       15900776        69.86415       544.26370            5.96        09:52:52        4.20e-02        2.00e+00
       15901756        69.86534       545.26444            5.97        09:52:35        4.20e-02        2.00e+00
       15902673        69.86625       546.26453            5.97        09:52:14        4.20e-02        2.00e+00
       15903599        69.86720       547.26493            5.97        09:51:53        4.20e-02        2.00e+00
       15904509        69.86803       548.26597            5.97        09:51:32        4.20e-02        2.00e+00
       15905443        69.86865       549.26678            5.97        09:51:12        4.20e-02        2.00e+00
       15906367        69.86905       550.26731            5.97        09:50:52        4.20e-02        2.00e+00
       15907255        69.86900       551.26746            5.97        09:50:29        4.20e-02        2.00e+00
       15908226        69.87267       552.26837            5.97        09:50:10        4.20e-02        2.00e+00
       15909193        69.87458       553.26889            5.97        09:49:52        4.20e-02        2.00e+00
DEBUG @ t=15910000: current_coupling=0.042, last=0.042
       15910089        69.87375       554.26938            5.97        09:49:31        4.20e-02        2.00e+00
       15911032        69.87367       555.26955            5.97        09:49:12        4.20e-02        2.00e+00
       15911990        69.87352       556.26957            5.98        09:48:54        4.20e-02        2.00e+00
       15912952        69.87344       557.26958            5.98        09:48:37        4.20e-02        2.00e+00
       15913924        69.87403       558.26965            5.98        09:48:20        4.20e-02        2.00e+00
       15914861        69.87352       559.27059            5.98        09:48:01        4.20e-02        2.00e+00
       15915819        69.87450       560.27086            5.98        09:47:43        4.20e-02        2.00e+00
       15916824        69.87769       561.27111            5.98        09:47:26        4.20e-02        2.00e+00
       15917818        69.88001       562.27201            5.98        09:47:10        4.20e-02        2.00e+00
       15918751        69.88085       563.27245            5.98        09:46:50        4.20e-02        2.00e+00
       15919714        69.88202       564.27321            5.98        09:46:32        4.20e-02        2.00e+00
DEBUG @ t=15920000: current_coupling=0.042, last=0.042
       15920644        69.88269       565.27354            5.98        09:46:12        4.20e-02        2.00e+00
       15921577        69.88339       566.27440            5.98        09:45:53        4.20e-02        2.00e+00
       15922539        69.88397       567.27471            5.98        09:45:35        4.20e-02        2.00e+00
       15923509        69.88476       568.27520            5.98        09:45:18        4.20e-02        2.00e+00
       15924482        69.88541       569.27620            5.98        09:45:01        4.20e-02        2.00e+00
       15925453        69.88650       570.27653            5.98        09:44:43        4.20e-02        2.00e+00
       15926444        69.88717       571.27698            5.98        09:44:27        4.20e-02        2.00e+00
       15927417        69.88718       572.27710            5.98        09:44:11        4.20e-02        2.00e+00
       15928344        69.88884       573.27732            5.99        09:43:51        4.20e-02        2.00e+00
       15929261        69.88956       574.27770            5.99        09:43:30        4.20e-02        2.00e+00
DEBUG @ t=15930000: current_coupling=0.042, last=0.042
       15930148        69.88928       575.27849            5.99        09:43:08        4.20e-02        2.00e+00
       15931098        69.88969       576.27877            5.99        09:42:50        4.20e-02        2.00e+00
       15931985        69.88928       577.27965            5.99        09:42:29        4.20e-02        2.00e+00
       15932828        69.89008       578.28000            5.99        09:42:04        4.20e-02        2.00e+00
       15933826        69.89414       579.28052            5.99        09:41:47        4.20e-02        2.00e+00
       15934724        69.89415       580.28113            5.99        09:41:26        4.20e-02        2.00e+00
       15935655        69.89431       581.28148            5.99        09:41:07        4.20e-02        2.00e+00
       15936565        69.89429       582.28182            5.99        09:40:47        4.20e-02        2.00e+00
       15937482        69.89427       583.28220            6.00        09:40:27        4.20e-02        2.00e+00
       15938436        69.89406       584.28315            6.00        09:40:09        4.20e-02        2.00e+00
       15939382        69.89394       585.28326            6.00        09:39:51        4.20e-02        2.00e+00
DEBUG @ t=15940000: current_coupling=0.042, last=0.042
       15940297        69.89359       586.28407            6.00        09:39:32        4.20e-02        2.00e+00
       15941200        69.89347       587.28506            6.00        09:39:11        4.20e-02        2.00e+00
       15942097        69.89335       588.28577            6.00        09:38:50        4.20e-02        2.00e+00
       15942980        69.89362       589.28657            6.00        09:38:28        4.20e-02        2.00e+00
       15943886        69.89359       590.28728            6.00        09:38:08        4.20e-02        2.00e+00
       15944862        69.89453       591.28780            6.00        09:37:51        4.20e-02        2.00e+00
       15945895        69.89685       592.28855            6.00        09:37:37        4.20e-02        2.00e+00
       15946819        69.89693       593.28949            6.00        09:37:18        4.20e-02        2.00e+00
       15947845        69.89723       594.28981            6.00        09:37:05        4.20e-02        2.00e+00
       15948957        69.89778       595.28983            6.00        09:36:56        4.20e-02        2.00e+00
       15949943        69.89788       596.29078            6.00        09:36:40        4.20e-02        2.00e+00
DEBUG @ t=15950000: current_coupling=0.042, last=0.042
       15950880        69.89890       597.29095            6.00        09:36:22        4.20e-02        2.00e+00
       15951920        69.90135       598.29159            6.00        09:36:08        4.20e-02        2.00e+00
       15952921        69.90132       599.29235            6.00        09:35:53        4.20e-02        2.00e+00
Added F(k,t) reference 3 at t = 600.003 ps
       15953931        69.90213       600.29254            6.00        09:35:39        4.20e-02        2.00e+00
       15954939        69.90197       601.29347            6.00        09:35:24        4.20e-02        2.00e+00
       15955811        69.90101       602.29435            6.00        09:35:03        4.20e-02        2.00e+00
       15956755        69.90205       603.29452            6.00        09:34:44        4.20e-02        2.00e+00
       15957760        69.90299       604.29535            6.00        09:34:29        4.20e-02        2.00e+00
       15958790        69.90359       605.29561            6.00        09:34:16        4.20e-02        2.00e+00
       15959844        69.90446       606.29633            6.00        09:34:04        4.20e-02        2.00e+00
DEBUG @ t=15960000: current_coupling=0.042, last=0.042
       15960848        69.90558       607.29705            6.00        09:33:49        4.20e-02        2.00e+00
       15961872        69.90603       608.29796            6.00        09:33:35        4.20e-02        2.00e+00
       15962966        69.90712       609.29809            6.00        09:33:25        4.20e-02        2.00e+00
       15963981        69.90840       610.29830            6.00        09:33:11        4.20e-02        2.00e+00
       15965085        69.90997       611.29885            6.00        09:33:01        4.20e-02        2.00e+00
       15966137        69.91244       612.29930            6.00        09:32:48        4.20e-02        2.00e+00
       15967165        69.91472       613.29945            6.00        09:32:33        4.20e-02        2.00e+00
       15968202        69.91753       614.29982            6.00        09:32:19        4.20e-02        2.00e+00
       15969245        69.92027       615.30068            6.00        09:32:06        4.20e-02        2.00e+00
DEBUG @ t=15970000: current_coupling=0.042, last=0.042
       15970276        69.92055       616.30134            6.00        09:31:52        4.20e-02        2.00e+00
       15971311        69.92186       617.30186            6.00        09:31:39        4.20e-02        2.00e+00
       15972324        69.92382       618.30240            6.00        09:31:24        4.20e-02        2.00e+00
       15973383        69.92752       619.30253            6.00        09:31:10        4.20e-02        2.00e+00
       15974412        69.93046       620.30297            6.00        09:30:56        4.20e-02        2.00e+00
       15975443        69.93229       621.30355            6.00        09:30:42        4.20e-02        2.00e+00
       15976485        69.93679       622.30365            6.00        09:30:27        4.20e-02        2.00e+00
       15977535        69.93935       623.30431            6.00        09:30:14        4.20e-02        2.00e+00
       15978605        69.94052       624.30442            6.00        09:30:02        4.20e-02        2.00e+00
       15979669        69.94116       625.30465            6.00        09:29:51        4.20e-02        2.00e+00
DEBUG @ t=15980000: current_coupling=0.042, last=0.042
       15980701        69.94140       626.30516            6.00        09:29:37        4.20e-02        2.00e+00
       15981721        69.94240       627.30597            6.00        09:29:23        4.20e-02        2.00e+00
       15982754        69.94400       628.30602            6.00        09:29:09        4.20e-02        2.00e+00
       15983667        69.94462       629.30663            6.00        09:28:50        4.20e-02        2.00e+00
       15984653        69.94735       630.30671            6.00        09:28:33        4.20e-02        2.00e+00
       15985652        69.94801       631.30745            6.00        09:28:18        4.20e-02        2.00e+00
       15986651        69.94802       632.30750            6.00        09:28:03        4.20e-02        2.00e+00
       15987710        69.94921       633.30838            6.00        09:27:50        4.20e-02        2.00e+00
       15988735        69.94970       634.30871            6.00        09:27:37        4.20e-02        2.00e+00
       15989774        69.95078       635.30959            6.00        09:27:23        4.20e-02        2.00e+00
DEBUG @ t=15990000: current_coupling=0.042, last=0.042
       15990758        69.95118       636.30993            6.00        09:27:08        4.20e-02        2.00e+00
       15991731        69.95210       637.31026            6.00        09:26:51        4.20e-02        2.00e+00
       15992743        69.95196       638.31057            6.00        09:26:37        4.20e-02        2.00e+00
       15993693        69.95165       639.31133            6.00        09:26:20        4.20e-02        2.00e+00
       15994604        69.95135       640.31162            6.00        09:26:00        4.20e-02        2.00e+00
       15995546        69.95212       641.31171            6.00        09:25:42        4.20e-02        2.00e+00
       15996468        69.95242       642.31214            6.00        09:25:23        4.20e-02        2.00e+00
       15997389        69.95226       643.31303            6.01        09:25:04        4.20e-02        2.00e+00
       15998337        69.95203       644.31353            6.01        09:24:47        4.20e-02        2.00e+00
       15999238        69.95178       645.31434            6.01        09:24:27        4.20e-02        2.00e+00
DEBUG @ t=16000000: current_coupling=0.042, last=0.042
[HDF5 Writer DEBUG] timestep=16000000, current_time_ps=646.194, last_output_time=646.1844274095332, write_count=61588
       16000117        69.95115       646.31509            6.01        09:24:06        4.20e-02        2.00e+00
       16001087        69.95081       647.31520            6.01        09:23:50        4.20e-02        2.00e+00
       16002085        69.95076       648.31592            6.01        09:23:35        4.20e-02        2.00e+00
       16002965        69.95071       649.31670            6.01        09:23:15        4.20e-02        2.00e+00
       16003929        69.95182       650.31712            6.01        09:22:57        4.20e-02        2.00e+00
       16004878        69.95246       651.31766            6.01        09:22:40        4.20e-02        2.00e+00
       16005857        69.95425       652.31827            6.01        09:22:23        4.20e-02        2.00e+00
       16006816        69.95474       653.31839            6.01        09:22:06        4.20e-02        2.00e+00
       16007795        69.95441       654.31859            6.01        09:21:51        4.20e-02        2.00e+00
       16008773        69.95495       655.31897            6.01        09:21:34        4.20e-02        2.00e+00
       16009723        69.95446       656.31995            6.01        09:21:17        4.20e-02        2.00e+00
DEBUG @ t=16010000: current_coupling=0.042, last=0.042
       16010685        69.95565       657.32093            6.01        09:21:00        4.20e-02        2.00e+00
       16011595        69.95587       658.32119            6.01        09:20:41        4.20e-02        2.00e+00
       16012528        69.95589       659.32131            6.01        09:20:23        4.20e-02        2.00e+00
       16013550        69.95656       660.32166            6.01        09:20:09        4.20e-02        2.00e+00
       16014594        69.95799       661.32185            6.01        09:19:56        4.20e-02        2.00e+00
       16015533        69.95846       662.32212            6.02        09:19:38        4.20e-02        2.00e+00
       16016463        69.95905       663.32282            6.02        09:19:20        4.20e-02        2.00e+00
       16017409        69.95920       664.32383            6.02        09:19:02        4.20e-02        2.00e+00
       16018334        69.95947       665.32438            6.02        09:18:44        4.20e-02        2.00e+00
       16019271        69.95902       666.32491            6.02        09:18:26        4.20e-02        2.00e+00
DEBUG @ t=16020000: current_coupling=0.042, last=0.042
       16020222        69.95841       667.32495            6.02        09:18:09        4.20e-02        2.00e+00
       16021214        69.95765       668.32547            6.02        09:17:55        4.20e-02        2.00e+00
       16022139        69.95755       669.32631            6.02        09:17:36        4.20e-02        2.00e+00
       16023087        69.95757       670.32689            6.02        09:17:19        4.20e-02        2.00e+00
       16024055        69.95783       671.32763            6.02        09:17:03        4.20e-02        2.00e+00
       16025083        69.96023       672.32836            6.02        09:16:48        4.20e-02        2.00e+00
       16026045        69.96171       673.32935            6.02        09:16:31        4.20e-02        2.00e+00
       16026975        69.96277       674.33013            6.02        09:16:13        4.20e-02        2.00e+00
       16027988        69.96418       675.33078            6.02        09:15:58        4.20e-02        2.00e+00
       16029009        69.96526       676.33134            6.02        09:15:44        4.20e-02        2.00e+00
       16029995        69.96530       677.33205            6.02        09:15:29        4.20e-02        2.00e+00
DEBUG @ t=16030000: current_coupling=0.042, last=0.042
       16031014        69.96562       678.33286            6.02        09:15:15        4.20e-02        2.00e+00
       16031989        69.96551       679.33357            6.02        09:14:59        4.20e-02        2.00e+00
       16032967        69.96523       680.33433            6.02        09:14:44        4.20e-02        2.00e+00
       16033936        69.96533       681.33525            6.02        09:14:27        4.20e-02        2.00e+00
       16034900        69.96574       682.33614            6.02        09:14:11        4.20e-02        2.00e+00
       16035920        69.96584       683.33666            6.02        09:13:57        4.20e-02        2.00e+00
       16036911        69.96567       684.33676            6.02        09:13:42        4.20e-02        2.00e+00
       16037878        69.96588       685.33762            6.02        09:13:26        4.20e-02        2.00e+00
       16038902        69.96677       686.33802            6.02        09:13:12        4.20e-02        2.00e+00
       16039949        69.96788       687.33819            6.02        09:12:59        4.20e-02        2.00e+00
DEBUG @ t=16040000: current_coupling=0.042, last=0.042
       16041040        69.96832       688.33890            6.02        09:12:49        4.20e-02        2.00e+00
       16041985        69.96920       689.33969            6.02        09:12:31        4.20e-02        2.00e+00
       16042985        69.97345       690.34074            6.02        09:12:15        4.20e-02        2.00e+00
       16043907        69.97381       691.34130            6.02        09:11:56        4.20e-02        2.00e+00
       16044819        69.97434       692.34230            6.02        09:11:37        4.20e-02        2.00e+00
       16045881        69.97482       693.34267            6.02        09:11:26        4.20e-02        2.00e+00
       16046868        69.97440       694.34336            6.02        09:11:11        4.20e-02        2.00e+00
       16047904        69.97537       695.34371            6.02        09:10:57        4.20e-02        2.00e+00
       16048805        69.97558       696.34409            6.02        09:10:38        4.20e-02        2.00e+00
       16049866        69.97624       697.34475            6.02        09:10:26        4.20e-02        2.00e+00
DEBUG @ t=16050000: current_coupling=0.042, last=0.042
       16050773        69.97680       698.34496            6.02        09:10:07        4.20e-02        2.00e+00
       16051697        69.97669       699.34549            6.03        09:09:49        4.20e-02        2.00e+00
       16052556        69.97723       700.34664            6.03        09:09:27        4.20e-02        2.00e+00
       16053431        69.97873       701.34752            6.03        09:09:06        4.20e-02        2.00e+00
       16054406        69.97868       702.34806            6.03        09:08:51        4.20e-02        2.00e+00
       16055416        69.97859       703.34826            6.03        09:08:37        4.20e-02        2.00e+00
       16056410        69.97853       704.34851            6.03        09:08:22        4.20e-02        2.00e+00
       16057381        69.97864       705.34912            6.03        09:08:06        4.20e-02        2.00e+00
       16058291        69.97876       706.34985            6.03        09:07:47        4.20e-02        2.00e+00
       16059234        69.98033       707.35014            6.03        09:07:29        4.20e-02        2.00e+00
DEBUG @ t=16060000: current_coupling=0.042, last=0.042
       16060242        69.98074       708.35037            6.03        09:07:15        4.20e-02        2.00e+00
       16061373        69.98205       709.35101            6.03        09:07:06        4.20e-02        2.00e+00
       16062418        69.98225       710.35106            6.03        09:06:53        4.20e-02        2.00e+00
       16063462        69.98259       711.35132            6.03        09:06:41        4.20e-02        2.00e+00
       16064545        69.98430       712.35220            6.03        09:06:29        4.20e-02        2.00e+00
       16065616        69.98574       713.35296            6.03        09:06:17        4.20e-02        2.00e+00
       16066678        69.98755       714.35323            6.03        09:06:05        4.20e-02        2.00e+00
       16067698        69.98878       715.35417            6.03        09:05:51        4.20e-02        2.00e+00
       16068774        69.99067       716.35483            6.03        09:05:39        4.20e-02        2.00e+00
       16069803        69.99199       717.35508            6.03        09:05:25        4.20e-02        2.00e+00
DEBUG @ t=16070000: current_coupling=0.042, last=0.042
       16070747        69.99284       718.35587            6.03        09:05:07        4.20e-02        2.00e+00
       16071800        69.99468       719.35670            6.03        09:04:54        4.20e-02        2.00e+00
       16072816        69.99631       720.35731            6.03        09:04:40        4.20e-02        2.00e+00
       16073722        69.99762       721.35762            6.03        09:04:21        4.20e-02        2.00e+00
       16074745        69.99818       722.35784            6.03        09:04:07        4.20e-02        2.00e+00
       16075715        69.99948       723.35785            6.03        09:03:50        4.20e-02        2.00e+00
       16076689        69.99996       724.35855            6.03        09:03:34        4.20e-02        2.00e+00
       16077818        70.00165       725.35915            6.03        09:03:25        4.20e-02        2.00e+00
       16078766        70.00387       726.35953            6.03        09:03:07        4.20e-02        2.00e+00
       16079780        70.00626       727.35979            6.03        09:02:52        4.20e-02        2.00e+00
DEBUG @ t=16080000: current_coupling=0.042, last=0.042
       16080715        70.00655       728.36079            6.03        09:02:34        4.20e-02        2.00e+00
       16081652        70.00687       729.36099            6.03        09:02:17        4.20e-02        2.00e+00
       16082684        70.00768       730.36177            6.03        09:02:04        4.20e-02        2.00e+00
       16083680        70.00819       731.36202            6.03        09:01:49        4.20e-02        2.00e+00
       16084683        70.00885       732.36291            6.03        09:01:34        4.20e-02        2.00e+00
       16085669        70.00944       733.36298            6.03        09:01:19        4.20e-02        2.00e+00
       16086673        70.00985       734.36347            6.03        09:01:04        4.20e-02        2.00e+00
       16087674        70.01044       735.36445            6.03        09:00:49        4.20e-02        2.00e+00
       16088706        70.01165       736.36528            6.03        09:00:36        4.20e-02        2.00e+00
       16089696        70.01301       737.36618            6.03        09:00:20        4.20e-02        2.00e+00
DEBUG @ t=16090000: current_coupling=0.042, last=0.042
       16090715        70.01452       738.36673            6.03        09:00:06        4.20e-02        2.00e+00
       16091721        70.01684       739.36676            6.03        08:59:50        4.20e-02        2.00e+00
       16092726        70.01857       740.36745            6.03        08:59:35        4.20e-02        2.00e+00
       16093669        70.02014       741.36839            6.03        08:59:18        4.20e-02        2.00e+00
       16094573        70.02115       742.36905            6.03        08:58:58        4.20e-02        2.00e+00
       16095530        70.02236       743.36976            6.03        08:58:42        4.20e-02        2.00e+00
       16096560        70.02327       744.36977            6.03        08:58:28        4.20e-02        2.00e+00
       16097584        70.02489       745.37034            6.03        08:58:14        4.20e-02        2.00e+00
       16098596        70.02615       746.37054            6.03        08:57:59        4.20e-02        2.00e+00
       16099636        70.02684       747.37088            6.03        08:57:46        4.20e-02        2.00e+00
DEBUG @ t=16100000: current_coupling=0.042, last=0.042
[HDF5 Writer DEBUG] timestep=16100000, current_time_ps=747.716, last_output_time=747.7121526768187, write_count=71253
       16100697        70.02916       748.37139            6.03        08:57:33        4.20e-02        2.00e+00
       16101702        70.03136       749.37161            6.03        08:57:18        4.20e-02        2.00e+00
       16102694        70.03263       750.37243            6.03        08:57:03        4.20e-02        2.00e+00
       16103721        70.03366       751.37301            6.03        08:56:49        4.20e-02        2.00e+00
       16104791        70.03521       752.37311            6.03        08:56:37        4.20e-02        2.00e+00
       16105774        70.03636       753.37315            6.03        08:56:21        4.20e-02        2.00e+00
       16106803        70.03812       754.37373            6.03        08:56:07        4.20e-02        2.00e+00
       16107822        70.03991       755.37461            6.03        08:55:52        4.20e-02        2.00e+00
       16108850        70.04142       756.37527            6.03        08:55:38        4.20e-02        2.00e+00
       16109931        70.04355       757.37599            6.03        08:55:26        4.20e-02        2.00e+00
DEBUG @ t=16110000: current_coupling=0.042, last=0.042
       16111009        70.04502       758.37665            6.03        08:55:14        4.20e-02        2.00e+00
       16112123        70.04696       759.37694            6.03        08:55:04        4.20e-02        2.00e+00
       16113272        70.04874       760.37712            6.03        08:54:55        4.20e-02        2.00e+00
       16114330        70.05010       761.37729            6.03        08:54:42        4.20e-02        2.00e+00
       16115370        70.05162       762.37816            6.03        08:54:28        4.20e-02        2.00e+00
       16116419        70.05376       763.37889            6.03        08:54:15        4.20e-02        2.00e+00
       16117451        70.05599       764.37905            6.03        08:54:01        4.20e-02        2.00e+00
       16118432        70.05696       765.37913            6.03        08:53:45        4.20e-02        2.00e+00
       16119449        70.05906       766.38004            6.03        08:53:30        4.20e-02        2.00e+00
DEBUG @ t=16120000: current_coupling=0.042, last=0.042
       16120501        70.06109       767.38089            6.03        08:53:17        4.20e-02        2.00e+00
       16121494        70.06259       768.38179            6.03        08:53:01        4.20e-02        2.00e+00
       16122473        70.06430       769.38238            6.03        08:52:45        4.20e-02        2.00e+00
       16123507        70.06594       770.38288            6.03        08:52:31        4.20e-02        2.00e+00
       16124503        70.06780       771.38318            6.03        08:52:16        4.20e-02        2.00e+00
       16125492        70.06906       772.38406            6.03        08:52:00        4.20e-02        2.00e+00
       16126514        70.07065       773.38415            6.03        08:51:46        4.20e-02        2.00e+00
       16127564        70.07271       774.38500            6.03        08:51:32        4.20e-02        2.00e+00
       16128597        70.07409       775.38500            6.03        08:51:19        4.20e-02        2.00e+00
       16129598        70.07556       776.38558            6.03        08:51:04        4.20e-02        2.00e+00
DEBUG @ t=16130000: current_coupling=0.042, last=0.042
       16130591        70.07702       777.38606            6.03        08:50:48        4.20e-02        2.00e+00
       16131592        70.07832       778.38689            6.03        08:50:33        4.20e-02        2.00e+00
       16132586        70.07977       779.38788            6.03        08:50:18        4.20e-02        2.00e+00
       16133603        70.08125       780.38789            6.03        08:50:03        4.20e-02        2.00e+00
       16134624        70.08192       781.38859            6.03        08:49:49        4.20e-02        2.00e+00
       16135594        70.08273       782.38881            6.03        08:49:33        4.20e-02        2.00e+00
       16136570        70.08305       783.38921            6.03        08:49:17        4.20e-02        2.00e+00
       16137527        70.08478       784.38999            6.03        08:49:00        4.20e-02        2.00e+00
       16138486        70.08588       785.39023            6.03        08:48:44        4.20e-02        2.00e+00
       16139489        70.08752       786.39045            6.03        08:48:28        4.20e-02        2.00e+00
DEBUG @ t=16140000: current_coupling=0.042, last=0.042
       16140530        70.08953       787.39103            6.03        08:48:15        4.20e-02        2.00e+00
       16141575        70.09249       788.39162            6.03        08:48:01        4.20e-02        2.00e+00
       16142612        70.09560       789.39236            6.03        08:47:46        4.20e-02        2.00e+00
       16143631        70.09756       790.39324            6.03        08:47:32        4.20e-02        2.00e+00
       16144671        70.09960       791.39360            6.03        08:47:18        4.20e-02        2.00e+00
       16145715        70.10141       792.39383            6.03        08:47:04        4.20e-02        2.00e+00
       16146747        70.10405       793.39423            6.03        08:46:50        4.20e-02        2.00e+00
       16147735        70.10754       794.39489            6.03        08:46:33        4.20e-02        2.00e+00
       16148750        70.10941       795.39545            6.03        08:46:18        4.20e-02        2.00e+00
       16149804        70.11065       796.39547            6.03        08:46:05        4.20e-02        2.00e+00
DEBUG @ t=16150000: current_coupling=0.042, last=0.042
       16150858        70.11100       797.39561            6.03        08:45:53        4.20e-02        2.00e+00
       16151881        70.11175       798.39571            6.03        08:45:39        4.20e-02        2.00e+00
       16152886        70.11280       799.39654            6.03        08:45:24        4.20e-02        2.00e+00
Added F(k,t) reference 4 at t = 800.003 ps
       16153916        70.11646       800.39668            6.03        08:45:09        4.20e-02        2.00e+00
       16154987        70.12289       801.39686            6.03        08:44:55        4.20e-02        2.00e+00
       16156034        70.12478       802.39707            6.03        08:44:41        4.20e-02        2.00e+00
       16157077        70.12673       803.39803            6.03        08:44:27        4.20e-02        2.00e+00
       16158085        70.12898       804.39897            6.03        08:44:12        4.20e-02        2.00e+00
       16159072        70.13065       805.39900            6.03        08:43:56        4.20e-02        2.00e+00
DEBUG @ t=16160000: current_coupling=0.042, last=0.042
       16160128        70.13129       806.39912            6.03        08:43:44        4.20e-02        2.00e+00
       16161046        70.13136       807.40007            6.03        08:43:26        4.20e-02        2.00e+00
       16162016        70.13157       808.40081            6.03        08:43:10        4.20e-02        2.00e+00
       16163118        70.13362       809.40106            6.03        08:42:59        4.20e-02        2.00e+00
       16164097        70.13730       810.40168            6.03        08:42:42        4.20e-02        2.00e+00
       16165021        70.13839       811.40198            6.03        08:42:24        4.20e-02        2.00e+00
       16166080        70.14106       812.40231            6.03        08:42:10        4.20e-02        2.00e+00
       16167089        70.14323       813.40336            6.03        08:41:55        4.20e-02        2.00e+00
       16168035        70.14470       814.40343            6.03        08:41:38        4.20e-02        2.00e+00
       16169193        70.14726       815.40362            6.03        08:41:28        4.20e-02        2.00e+00
DEBUG @ t=16170000: current_coupling=0.042, last=0.042
       16170335        70.15046       816.40447            6.03        08:41:18        4.20e-02        2.00e+00
       16171381        70.15326       817.40523            6.03        08:41:04        4.20e-02        2.00e+00
       16172457        70.15613       818.40598            6.03        08:40:51        4.20e-02        2.00e+00
       16173490        70.15831       819.40679            6.03        08:40:36        4.20e-02        2.00e+00
       16174518        70.15999       820.40761            6.03        08:40:22        4.20e-02        2.00e+00
       16175552        70.16089       821.40829            6.03        08:40:09        4.20e-02        2.00e+00
       16176574        70.16267       822.40874            6.03        08:39:54        4.20e-02        2.00e+00
       16177599        70.16462       823.40895            6.03        08:39:40        4.20e-02        2.00e+00
       16178664        70.16696       824.40914            6.03        08:39:26        4.20e-02        2.00e+00
       16179770        70.16938       825.40943            6.03        08:39:15        4.20e-02        2.00e+00
DEBUG @ t=16180000: current_coupling=0.042, last=0.042
       16180786        70.17077       826.40984            6.03        08:39:00        4.20e-02        2.00e+00
       16181808        70.17158       827.40998            6.03        08:38:46        4.20e-02        2.00e+00
       16182921        70.17294       828.41024            6.03        08:38:35        4.20e-02        2.00e+00
       16183956        70.17389       829.41120            6.03        08:38:22        4.20e-02        2.00e+00
       16184980        70.17563       830.41227            6.03        08:38:07        4.20e-02        2.00e+00
       16185917        70.17717       831.41254            6.03        08:37:49        4.20e-02        2.00e+00
       16186949        70.18033       832.41334            6.03        08:37:35        4.20e-02        2.00e+00
       16187943        70.18230       833.41346            6.03        08:37:19        4.20e-02        2.00e+00
       16188927        70.18362       834.41391            6.03        08:37:03        4.20e-02        2.00e+00
       16189935        70.18473       835.41409            6.03        08:36:49        4.20e-02        2.00e+00
DEBUG @ t=16190000: current_coupling=0.042, last=0.042
       16190985        70.18573       836.41424            6.03        08:36:35        4.20e-02        2.00e+00
       16191998        70.18706       837.41454            6.03        08:36:21        4.20e-02        2.00e+00
       16193060        70.18796       838.41493            6.03        08:36:08        4.20e-02        2.00e+00
       16194035        70.18915       839.41554            6.03        08:35:52        4.20e-02        2.00e+00
       16195045        70.19109       840.41585            6.03        08:35:37        4.20e-02        2.00e+00
       16196035        70.19266       841.41623            6.03        08:35:22        4.20e-02        2.00e+00
       16196960        70.19500       842.41690            6.03        08:35:03        4.20e-02        2.00e+00
       16197993        70.19712       843.41752            6.03        08:34:49        4.20e-02        2.00e+00
       16199033        70.19965       844.41845            6.03        08:34:35        4.20e-02        2.00e+00
DEBUG @ t=16200000: current_coupling=0.042, last=0.042
[HDF5 Writer DEBUG] timestep=16200000, current_time_ps=845.376, last_output_time=845.3653248948497, write_count=80548
       16200042        70.20226       845.41877            6.03        08:34:19        4.20e-02        2.00e+00
       16201018        70.20459       846.41922            6.03        08:34:03        4.20e-02        2.00e+00
       16202052        70.20797       847.41963            6.03        08:33:48        4.20e-02        2.00e+00
       16203090        70.21023       848.42053            6.03        08:33:34        4.20e-02        2.00e+00
       16204010        70.21206       849.42116            6.03        08:33:16        4.20e-02        2.00e+00
       16204868        70.21278       850.42211            6.03        08:32:56        4.20e-02        2.00e+00
       16205873        70.21506       851.42305            6.03        08:32:40        4.20e-02        2.00e+00
       16206822        70.21613       852.42378            6.04        08:32:23        4.20e-02        2.00e+00
       16207909        70.21789       853.42457            6.03        08:32:11        4.20e-02        2.00e+00
       16208897        70.21910       854.42505            6.04        08:31:56        4.20e-02        2.00e+00
       16209918        70.22023       855.42568            6.04        08:31:42        4.20e-02        2.00e+00
DEBUG @ t=16210000: current_coupling=0.042, last=0.042
       16210933        70.22135       856.42601            6.04        08:31:27        4.20e-02        2.00e+00
       16211982        70.22309       857.42665            6.04        08:31:13        4.20e-02        2.00e+00
       16213021        70.22579       858.42688            6.04        08:30:59        4.20e-02        2.00e+00
       16213990        70.22821       859.42696            6.04        08:30:43        4.20e-02        2.00e+00
       16214973        70.22928       860.42702            6.04        08:30:27        4.20e-02        2.00e+00
       16215999        70.23211       861.42780            6.04        08:30:12        4.20e-02        2.00e+00
       16216979        70.23494       862.42848            6.04        08:29:56        4.20e-02        2.00e+00
       16217922        70.23753       863.42888            6.04        08:29:38        4.20e-02        2.00e+00
       16218964        70.23953       864.42945            6.04        08:29:24        4.20e-02        2.00e+00
       16219933        70.24113       865.42963            6.04        08:29:08        4.20e-02        2.00e+00
DEBUG @ t=16220000: current_coupling=0.042, last=0.042
       16220922        70.24294       866.43031            6.04        08:28:52        4.20e-02        2.00e+00
       16221866        70.24444       867.43043            6.04        08:28:35        4.20e-02        2.00e+00
       16222841        70.24560       868.43142            6.04        08:28:19        4.20e-02        2.00e+00
       16223758        70.24667       869.43171            6.04        08:28:01        4.20e-02        2.00e+00
       16224680        70.24799       870.43190            6.04        08:27:43        4.20e-02        2.00e+00
       16225615        70.24945       871.43282            6.04        08:27:26        4.20e-02        2.00e+00
       16226587        70.25134       872.43342            6.04        08:27:10        4.20e-02        2.00e+00
       16227549        70.25275       873.43386            6.04        08:26:53        4.20e-02        2.00e+00
       16228537        70.25416       874.43472            6.04        08:26:38        4.20e-02        2.00e+00
       16229456        70.25580       875.43550            6.04        08:26:20        4.20e-02        2.00e+00
DEBUG @ t=16230000: current_coupling=0.042, last=0.042
       16230346        70.25800       876.43618            6.04        08:26:00        4.20e-02        2.00e+00
       16231298        70.26054       877.43679            6.04        08:25:43        4.20e-02        2.00e+00
       16232245        70.26300       878.43699            6.04        08:25:26        4.20e-02        2.00e+00
       16233269        70.26453       879.43739            6.04        08:25:12        4.20e-02        2.00e+00
       16234243        70.26667       880.43756            6.04        08:24:55        4.20e-02        2.00e+00
       16235149        70.26767       881.43775            6.05        08:24:37        4.20e-02        2.00e+00
       16236193        70.26888       882.43843            6.05        08:24:24        4.20e-02        2.00e+00
       16237220        70.26988       883.43882            6.05        08:24:10        4.20e-02        2.00e+00
       16238118        70.27074       884.43969            6.05        08:23:51        4.20e-02        2.00e+00
       16239024        70.27160       885.43970            6.05        08:23:33        4.20e-02        2.00e+00
DEBUG @ t=16240000: current_coupling=0.042, last=0.042
       16240116        70.27409       886.44051            6.05        08:23:21        4.20e-02        2.00e+00
       16241055        70.27524       887.44065            6.05        08:23:04        4.20e-02        2.00e+00
       16241983        70.27626       888.44103            6.05        08:22:47        4.20e-02        2.00e+00
       16242931        70.27721       889.44133            6.05        08:22:30        4.20e-02        2.00e+00
       16244021        70.27840       890.44138            6.05        08:22:18        4.20e-02        2.00e+00
       16245086        70.27942       891.44208            6.05        08:22:06        4.20e-02        2.00e+00
       16246197        70.28090       892.44242            6.05        08:21:54        4.20e-02        2.00e+00
       16247250        70.28224       893.44255            6.05        08:21:41        4.20e-02        2.00e+00
       16248255        70.28404       894.44320            6.05        08:21:26        4.20e-02        2.00e+00
       16249245        70.28578       895.44406            6.05        08:21:10        4.20e-02        2.00e+00
DEBUG @ t=16250000: current_coupling=0.042, last=0.042
       16250259        70.28775       896.44419            6.05        08:20:56        4.20e-02        2.00e+00
       16251316        70.28934       897.44464            6.05        08:20:42        4.20e-02        2.00e+00
       16252387        70.29080       898.44555            6.05        08:20:30        4.20e-02        2.00e+00
       16253403        70.29187       899.44564            6.05        08:20:15        4.20e-02        2.00e+00
       16254347        70.29387       900.44654            6.05        08:19:58        4.20e-02        2.00e+00
       16255279        70.29562       901.44686            6.05        08:19:41        4.20e-02        2.00e+00
       16256316        70.29762       902.44757            6.05        08:19:26        4.20e-02        2.00e+00
       16257368        70.29900       903.44762            6.05        08:19:13        4.20e-02        2.00e+00
       16258375        70.30007       904.44807            6.05        08:18:58        4.20e-02        2.00e+00
       16259324        70.30142       905.44898            6.05        08:18:42        4.20e-02        2.00e+00
DEBUG @ t=16260000: current_coupling=0.042, last=0.042
       16260339        70.30315       906.44982            6.05        08:18:27        4.20e-02        2.00e+00
       16261329        70.30409       907.45052            6.05        08:18:12        4.20e-02        2.00e+00
       16262316        70.30502       908.45080            6.05        08:17:57        4.20e-02        2.00e+00
       16263353        70.30639       909.45119            6.05        08:17:43        4.20e-02        2.00e+00
       16264392        70.30792       910.45124            6.05        08:17:29        4.20e-02        2.00e+00
       16265500        70.30979       911.45133            6.05        08:17:17        4.20e-02        2.00e+00
       16266700        70.31205       912.45151            6.05        08:17:08        4.20e-02        2.00e+00
       16267814        70.31316       913.45201            6.05        08:16:57        4.20e-02        2.00e+00
       16268746        70.31427       914.45211            6.05        08:16:40        4.20e-02        2.00e+00
       16269743        70.31589       915.45278            6.05        08:16:25        4.20e-02        2.00e+00
DEBUG @ t=16270000: current_coupling=0.042, last=0.042
       16270774        70.31793       916.45329            6.05        08:16:10        4.20e-02        2.00e+00
       16271722        70.31906       917.45419            6.05        08:15:54        4.20e-02        2.00e+00
       16272701        70.32011       918.45445            6.05        08:15:38        4.20e-02        2.00e+00
       16273699        70.32120       919.45463            6.05        08:15:23        4.20e-02        2.00e+00
       16274664        70.32249       920.45562            6.05        08:15:07        4.20e-02        2.00e+00
       16275664        70.32383       921.45616            6.05        08:14:52        4.20e-02        2.00e+00
       16276690        70.32566       922.45701            6.05        08:14:38        4.20e-02        2.00e+00
       16277634        70.32715       923.45734            6.05        08:14:21        4.20e-02        2.00e+00
       16278554        70.32909       924.45744            6.05        08:14:03        4.20e-02        2.00e+00
       16279460        70.32967       925.45772            6.05        08:13:45        4.20e-02        2.00e+00
DEBUG @ t=16280000: current_coupling=0.042, last=0.042
       16280385        70.33125       926.45784            6.05        08:13:28        4.20e-02        2.00e+00
       16281358        70.33359       927.45815            6.05        08:13:12        4.20e-02        2.00e+00
       16282299        70.33474       928.45874            6.05        08:12:55        4.20e-02        2.00e+00
       16283215        70.33668       929.45924            6.05        08:12:37        4.20e-02        2.00e+00
       16284213        70.33828       930.45990            6.05        08:12:22        4.20e-02        2.00e+00
       16285163        70.33895       931.46076            6.05        08:12:05        4.20e-02        2.00e+00
       16286166        70.33984       932.46094            6.05        08:11:51        4.20e-02        2.00e+00
       16287192        70.34093       933.46180            6.05        08:11:37        4.20e-02        2.00e+00
       16288117        70.34145       934.46267            6.05        08:11:20        4.20e-02        2.00e+00
       16289047        70.34303       935.46348            6.05        08:11:02        4.20e-02        2.00e+00
DEBUG @ t=16290000: current_coupling=0.042, last=0.042
       16290134        70.34571       936.46412            6.05        08:10:49        4.20e-02        2.00e+00
       16291182        70.34943       937.46442            6.05        08:10:35        4.20e-02        2.00e+00
       16292150        70.35072       938.46460            6.05        08:10:19        4.20e-02        2.00e+00
       16293141        70.35128       939.46507            6.05        08:10:04        4.20e-02        2.00e+00
       16294041        70.35257       940.46569            6.06        08:09:46        4.20e-02        2.00e+00
       16294949        70.35343       941.46637            6.06        08:09:28        4.20e-02        2.00e+00
       16295973        70.35431       942.46674            6.06        08:09:14        4.20e-02        2.00e+00
       16296966        70.35491       943.46743            6.06        08:09:00        4.20e-02        2.00e+00
       16297927        70.35582       944.46759            6.06        08:08:44        4.20e-02        2.00e+00
       16298825        70.35668       945.46803            6.06        08:08:26        4.20e-02        2.00e+00
       16299723        70.35843       946.46857            6.06        08:08:07        4.20e-02        2.00e+00
DEBUG @ t=16300000: current_coupling=0.042, last=0.042
[HDF5 Writer DEBUG] timestep=16300000, current_time_ps=946.777, last_output_time=946.7680185897107, write_count=90208
       16300623        70.36082       947.46865            6.06        08:07:49        4.20e-02        2.00e+00
       16301508        70.36142       948.46980            6.06        08:07:31        4.20e-02        2.00e+00
       16302451        70.36206       949.47040            6.06        08:07:14        4.20e-02        2.00e+00
       16303418        70.36309       950.47061            6.06        08:06:59        4.20e-02        2.00e+00
       16304341        70.36373       951.47107            6.06        08:06:42        4.20e-02        2.00e+00
       16305283        70.36406       952.47170            6.06        08:06:25        4.20e-02        2.00e+00
       16306256        70.36513       953.47211            6.06        08:06:10        4.20e-02        2.00e+00
       16307285        70.36603       954.47270            6.06        08:05:56        4.20e-02        2.00e+00
       16308272        70.36783       955.47290            6.06        08:05:40        4.20e-02        2.00e+00
       16309294        70.36937       956.47312            6.06        08:05:26        4.20e-02        2.00e+00
DEBUG @ t=16310000: current_coupling=0.042, last=0.042
       16310215        70.37004       957.47332            6.06        08:05:09        4.20e-02        2.00e+00
       16311205        70.37195       958.47365            6.06        08:04:53        4.20e-02        2.00e+00
       16312155        70.37314       959.47446            6.06        08:04:37        4.20e-02        2.00e+00
       16313097        70.37405       960.47522            6.06        08:04:21        4.20e-02        2.00e+00
       16314054        70.37519       961.47555            6.06        08:04:04        4.20e-02        2.00e+00
       16315023        70.37592       962.47655            6.06        08:03:49        4.20e-02        2.00e+00
       16316016        70.37634       963.47708            6.06        08:03:34        4.20e-02        2.00e+00
       16317027        70.37717       964.47733            6.06        08:03:20        4.20e-02        2.00e+00
       16318046        70.37791       965.47768            6.06        08:03:06        4.20e-02        2.00e+00
       16319049        70.37958       966.47839            6.06        08:02:51        4.20e-02        2.00e+00
       16319999        70.38033       967.47892            6.06        08:02:35        4.20e-02        2.00e+00
DEBUG @ t=16320000: current_coupling=0.042, last=0.042
       16321028        70.38153       968.47901            6.06        08:02:21        4.20e-02        2.00e+00
       16322051        70.38382       969.47936            6.06        08:02:06        4.20e-02        2.00e+00
       16323063        70.38497       970.47970            6.06        08:01:52        4.20e-02        2.00e+00
       16324112        70.38653       971.48033            6.06        08:01:38        4.20e-02        2.00e+00
       16325032        70.38924       972.48062            6.07        08:01:20        4.20e-02        2.00e+00
       16325992        70.38997       973.48075            6.07        08:01:04        4.20e-02        2.00e+00
       16326959        70.39062       974.48100            6.07        08:00:49        4.20e-02        2.00e+00
       16327938        70.39163       975.48163            6.07        08:00:33        4.20e-02        2.00e+00
       16328953        70.39244       976.48240            6.07        08:00:19        4.20e-02        2.00e+00
       16329845        70.39297       977.48270            6.07        08:00:02        4.20e-02        2.00e+00
DEBUG @ t=16330000: current_coupling=0.042, last=0.042
       16330899        70.39410       978.48355            6.07        07:59:48        4.20e-02        2.00e+00
       16331969        70.39514       979.48377            6.07        07:59:36        4.20e-02        2.00e+00
       16332923        70.39674       980.48399            6.07        07:59:19        4.20e-02        2.00e+00
       16333957        70.39794       981.48459            6.07        07:59:05        4.20e-02        2.00e+00
       16334847        70.39851       982.48511            6.07        07:58:48        4.20e-02        2.00e+00
       16335787        70.39921       983.48603            6.07        07:58:31        4.20e-02        2.00e+00
       16336828        70.40131       984.48683            6.07        07:58:17        4.20e-02        2.00e+00
       16337759        70.40312       985.48743            6.07        07:58:00        4.20e-02        2.00e+00
       16338757        70.40582       986.48765            6.07        07:57:45        4.20e-02        2.00e+00
       16339755        70.40651       987.48829            6.07        07:57:30        4.20e-02        2.00e+00
DEBUG @ t=16340000: current_coupling=0.042, last=0.042
       16340766        70.40755       988.48893            6.07        07:57:16        4.20e-02        2.00e+00
       16341666        70.40871       989.48984            6.07        07:56:58        4.20e-02        2.00e+00
       16342611        70.40904       990.49008            6.07        07:56:42        4.20e-02        2.00e+00
       16343573        70.40993       991.49065            6.07        07:56:26        4.20e-02        2.00e+00
       16344525        70.41053       992.49090            6.07        07:56:10        4.20e-02        2.00e+00
       16345446        70.41122       993.49102            6.07        07:55:53        4.20e-02        2.00e+00
       16346375        70.41272       994.49158            6.07        07:55:36        4.20e-02        2.00e+00
       16347353        70.41401       995.49228            6.07        07:55:21        4.20e-02        2.00e+00
       16348311        70.41474       996.49317            6.07        07:55:05        4.20e-02        2.00e+00
       16349261        70.41545       997.49318            6.07        07:54:49        4.20e-02        2.00e+00
DEBUG @ t=16350000: current_coupling=0.042, last=0.042
       16350236        70.41706       998.49354            6.07        07:54:33        4.20e-02        2.00e+00
       16351224        70.41856       999.49412            6.07        07:54:18        4.20e-02        2.00e+00
Added F(k,t) reference 5 at t = 1000.004 ps
       16352244        70.42036      1000.49460            6.07        07:54:04        4.20e-02        2.00e+00
       16353223        70.42167      1001.49550            6.07        07:53:48        4.20e-02        2.00e+00
       16354200        70.42456      1002.49607            6.07        07:53:32        4.20e-02        2.00e+00
       16355166        70.42514      1003.49648            6.07        07:53:17        4.20e-02        2.00e+00
       16356178        70.42658      1004.49709            6.07        07:53:02        4.20e-02        2.00e+00
       16357117        70.42841      1005.49784            6.08        07:52:45        4.20e-02        2.00e+00
       16358120        70.42918      1006.49791            6.08        07:52:31        4.20e-02        2.00e+00
       16359022        70.43028      1007.49842            6.08        07:52:13        4.20e-02        2.00e+00
DEBUG @ t=16360000: current_coupling=0.042, last=0.042
       16360022        70.43184      1008.49851            6.08        07:51:59        4.20e-02        2.00e+00
       16360899        70.43226      1009.49897            6.08        07:51:41        4.20e-02        2.00e+00
       16361764        70.43252      1010.49990            6.08        07:51:22        4.20e-02        2.00e+00
       16362791        70.43311      1011.50010            6.08        07:51:09        4.20e-02        2.00e+00
       16363819        70.43391      1012.50040            6.08        07:50:55        4.20e-02        2.00e+00
       16364757        70.43499      1013.50074            6.08        07:50:38        4.20e-02        2.00e+00
       16365762        70.43580      1014.50162            6.08        07:50:24        4.20e-02        2.00e+00
       16366665        70.43718      1015.50190            6.08        07:50:07        4.20e-02        2.00e+00
       16367554        70.43789      1016.50289            6.08        07:49:49        4.20e-02        2.00e+00
       16368417        70.43838      1017.50377            6.08        07:49:31        4.20e-02        2.00e+00
       16369256        70.43940      1018.50457            6.08        07:49:11        4.20e-02        2.00e+00
DEBUG @ t=16370000: current_coupling=0.042, last=0.042
       16370119        70.44055      1019.50463            6.08        07:48:53        4.20e-02        2.00e+00
       16371033        70.44187      1020.50509            6.08        07:48:36        4.20e-02        2.00e+00
       16371958        70.44328      1021.50522            6.08        07:48:19        4.20e-02        2.00e+00
       16372859        70.44403      1022.50564            6.08        07:48:02        4.20e-02        2.00e+00
       16373809        70.44579      1023.50605            6.08        07:47:45        4.20e-02        2.00e+00
       16374683        70.44658      1024.50703            6.09        07:47:27        4.20e-02        2.00e+00
       16375537        70.44679      1025.50793            6.09        07:47:09        4.20e-02        2.00e+00
       16376449        70.44724      1026.50818            6.09        07:46:52        4.20e-02        2.00e+00
       16377423        70.44855      1027.50833            6.09        07:46:37        4.20e-02        2.00e+00
       16378388        70.45105      1028.50845            6.09        07:46:21        4.20e-02        2.00e+00
       16379359        70.45265      1029.50927            6.09        07:46:05        4.20e-02        2.00e+00
DEBUG @ t=16380000: current_coupling=0.042, last=0.042
       16380362        70.45376      1030.50943            6.09        07:45:51        4.20e-02        2.00e+00
       16381355        70.45432      1031.51040            6.09        07:45:36        4.20e-02        2.00e+00
       16382348        70.45561      1032.51104            6.09        07:45:21        4.20e-02        2.00e+00
       16383361        70.45682      1033.51167            6.09        07:45:07        4.20e-02        2.00e+00
       16384321        70.45779      1034.51233            6.09        07:44:51        4.20e-02        2.00e+00
       16385300        70.45947      1035.51279            6.09        07:44:36        4.20e-02        2.00e+00
       16386261        70.46073      1036.51284            6.09        07:44:20        4.20e-02        2.00e+00
       16387188        70.46103      1037.51287            6.09        07:44:04        4.20e-02        2.00e+00
       16388092        70.46170      1038.51378            6.09        07:43:47        4.20e-02        2.00e+00
       16389092        70.46227      1039.51419            6.09        07:43:32        4.20e-02        2.00e+00
DEBUG @ t=16390000: current_coupling=0.042, last=0.042
       16390025        70.46291      1040.51472            6.09        07:43:16        4.20e-02        2.00e+00
       16391002        70.46359      1041.51505            6.09        07:43:01        4.20e-02        2.00e+00
       16391954        70.46486      1042.51532            6.09        07:42:45        4.20e-02        2.00e+00
       16392877        70.46563      1043.51569            6.09        07:42:28        4.20e-02        2.00e+00
       16393880        70.46649      1044.51652            6.09        07:42:14        4.20e-02        2.00e+00
       16394897        70.46581      1045.51694            6.09        07:42:00        4.20e-02        2.00e+00
       16396007        70.46372      1046.51753            6.09        07:41:50        4.20e-02        2.00e+00
       16397022        70.46326      1047.51765            6.09        07:41:36        4.20e-02        2.00e+00
       16397996        70.46363      1048.51795            6.09        07:41:21        4.20e-02        2.00e+00
       16399015        70.46399      1049.51803            6.09        07:41:07        4.20e-02        2.00e+00
       16399955        70.46353      1050.51855            6.09        07:40:52        4.20e-02        2.00e+00
DEBUG @ t=16400000: current_coupling=0.042, last=0.042
[HDF5 Writer DEBUG] timestep=16400000, current_time_ps=1050.565, last_output_time=1050.5644004677247, write_count=100079
       16400930        70.46366      1051.51867            6.09        07:40:37        4.20e-02        2.00e+00
       16401989        70.46450      1052.51872            6.09        07:40:24        4.20e-02        2.00e+00
       16403024        70.46355      1053.51892            6.09        07:40:11        4.20e-02        2.00e+00
       16404057        70.46371      1054.51958            6.09        07:39:58        4.20e-02        2.00e+00
       16405057        70.46308      1055.51978            6.09        07:39:44        4.20e-02        2.00e+00
       16406054        70.46215      1056.52018            6.09        07:39:30        4.20e-02        2.00e+00
       16407024        70.46205      1057.52034            6.09        07:39:15        4.20e-02        2.00e+00
       16407910        70.46193      1058.52118            6.09        07:38:58        4.20e-02        2.00e+00
       16408967        70.46159      1059.52180            6.09        07:38:45        4.20e-02        2.00e+00
       16409899        70.46158      1060.52190            6.09        07:38:29        4.20e-02        2.00e+00
DEBUG @ t=16410000: current_coupling=0.042, last=0.042
       16410810        70.46129      1061.52197            6.09        07:38:13        4.20e-02        2.00e+00
       16411718        70.46110      1062.52230            6.09        07:37:56        4.20e-02        2.00e+00
       16412780        70.46054      1063.52244            6.09        07:37:44        4.20e-02        2.00e+00
       16413830        70.46008      1064.52265            6.09        07:37:31        4.20e-02        2.00e+00
       16414943        70.46093      1065.52318            6.09        07:37:20        4.20e-02        2.00e+00
       16416036        70.46128      1066.52327            6.09        07:37:08        4.20e-02        2.00e+00
       16416978        70.46146      1067.52338            6.09        07:36:52        4.20e-02        2.00e+00
       16418015        70.46131      1068.52415            6.09        07:36:39        4.20e-02        2.00e+00
       16419087        70.46119      1069.52475            6.09        07:36:27        4.20e-02        2.00e+00
DEBUG @ t=16420000: current_coupling=0.042, last=0.042
       16420051        70.46180      1070.52549            6.09        07:36:11        4.20e-02        2.00e+00
       16420882        70.46174      1071.52562            6.09        07:35:53        4.20e-02        2.00e+00
       16421734        70.46211      1072.52609            6.09        07:35:35        4.20e-02        2.00e+00
       16422599        70.46164      1073.52683            6.09        07:35:17        4.20e-02        2.00e+00
       16423597        70.46232      1074.52718            6.09        07:35:03        4.20e-02        2.00e+00
       16424582        70.46053      1075.52823            6.09        07:34:49        4.20e-02        2.00e+00
       16425452        70.45755      1076.52877            6.09        07:34:33        4.20e-02        2.00e+00
       16426407        70.45389      1077.52956            6.09        07:34:19        4.20e-02        2.00e+00
       16427481        70.45001      1078.53006            6.09        07:34:08        4.20e-02        2.00e+00
       16428485        70.44608      1079.53030            6.09        07:33:55        4.20e-02        2.00e+00
       16429430        70.44550      1080.53060            6.09        07:33:40        4.20e-02        2.00e+00
DEBUG @ t=16430000: current_coupling=0.042, last=0.042
       16430365        70.44586      1081.53116            6.09        07:33:24        4.20e-02        2.00e+00
       16431405        70.44528      1082.53171            6.09        07:33:11        4.20e-02        2.00e+00
       16432391        70.44494      1083.53193            6.09        07:32:57        4.20e-02        2.00e+00
       16433297        70.44458      1084.53248            6.09        07:32:40        4.20e-02        2.00e+00
       16434196        70.44490      1085.53249            6.09        07:32:24        4.20e-02        2.00e+00
       16435134        70.44493      1086.53344            6.09        07:32:08        4.20e-02        2.00e+00
       16436087        70.44436      1087.53359            6.09        07:31:53        4.20e-02        2.00e+00
       16437104        70.44432      1088.53429            6.09        07:31:39        4.20e-02        2.00e+00
       16437994        70.44365      1089.53432            6.09        07:31:22        4.20e-02        2.00e+00
       16438946        70.44306      1090.53446            6.10        07:31:07        4.20e-02        2.00e+00
       16439995        70.44265      1091.53513            6.09        07:30:54        4.20e-02        2.00e+00
DEBUG @ t=16440000: current_coupling=0.042, last=0.042
       16441047        70.44254      1092.53539            6.09        07:30:42        4.20e-02        2.00e+00
       16442045        70.44252      1093.53589            6.09        07:30:27        4.20e-02        2.00e+00
       16442936        70.44204      1094.53683            6.09        07:30:11        4.20e-02        2.00e+00
       16443845        70.44230      1095.53719            6.10        07:29:54        4.20e-02        2.00e+00
       16444747        70.44176      1096.53806            6.10        07:29:38        4.20e-02        2.00e+00
       16445653        70.44147      1097.53883            6.10        07:29:21        4.20e-02        2.00e+00
       16446541        70.44097      1098.53934            6.10        07:29:05        4.20e-02        2.00e+00
       16447447        70.44048      1099.54015            6.10        07:28:48        4.20e-02        2.00e+00
       16448385        70.43981      1100.54087            6.10        07:28:33        4.20e-02        2.00e+00
       16449311        70.43844      1101.54144            6.10        07:28:18        4.20e-02        2.00e+00
DEBUG @ t=16450000: current_coupling=0.042, last=0.042
       16450233        70.43639      1102.54202            6.10        07:28:02        4.20e-02        2.00e+00
       16451188        70.43302      1103.54246            6.10        07:27:48        4.20e-02        2.00e+00
       16452040        70.42947      1104.54312            6.10        07:27:32        4.20e-02        2.00e+00
       16453006        70.42555      1105.54389            6.10        07:27:19        4.20e-02        2.00e+00
       16453964        70.42198      1106.54400            6.10        07:27:05        4.20e-02        2.00e+00
       16454973        70.41997      1107.54444            6.10        07:26:52        4.20e-02        2.00e+00
       16455869        70.41911      1108.54553            6.10        07:26:35        4.20e-02        2.00e+00
       16456818        70.41795      1109.54601            6.10        07:26:20        4.20e-02        2.00e+00
       16457825        70.41727      1110.54694            6.10        07:26:07        4.20e-02        2.00e+00
       16458778        70.41739      1111.54754            6.10        07:25:51        4.20e-02        2.00e+00
       16459814        70.41718      1112.54842            6.10        07:25:38        4.20e-02        2.00e+00
DEBUG @ t=16460000: current_coupling=0.042, last=0.042
       16460776        70.41756      1113.54845            6.10        07:25:23        4.20e-02        2.00e+00
       16461692        70.41769      1114.54861            6.10        07:25:07        4.20e-02        2.00e+00
       16462685        70.41838      1115.54862            6.10        07:24:52        4.20e-02        2.00e+00
       16463669        70.41852      1116.54864            6.10        07:24:38        4.20e-02        2.00e+00
       16464656        70.41809      1117.54941            6.10        07:24:23        4.20e-02        2.00e+00
       16465590        70.41766      1118.55002            6.10        07:24:08        4.20e-02        2.00e+00
       16466523        70.41700      1119.55025            6.10        07:23:52        4.20e-02        2.00e+00
       16467512        70.41667      1120.55030            6.10        07:23:38        4.20e-02        2.00e+00
       16468484        70.41673      1121.55052            6.10        07:23:23        4.20e-02        2.00e+00
       16469468        70.41742      1122.55137            6.10        07:23:09        4.20e-02        2.00e+00
DEBUG @ t=16470000: current_coupling=0.042, last=0.042
       16470503        70.41622      1123.55183            6.10        07:22:56        4.20e-02        2.00e+00
       16471481        70.41503      1124.55286            6.10        07:22:42        4.20e-02        2.00e+00
       16472405        70.41396      1125.55290            6.10        07:22:26        4.20e-02        2.00e+00
       16473378        70.41295      1126.55357            6.10        07:22:12        4.20e-02        2.00e+00
       16474384        70.41239      1127.55442            6.10        07:21:58        4.20e-02        2.00e+00
       16475335        70.41080      1128.55456            6.10        07:21:43        4.20e-02        2.00e+00
       16476366        70.40911      1129.55462            6.10        07:21:31        4.20e-02        2.00e+00
       16477408        70.40615      1130.55549            6.10        07:21:18        4.20e-02        2.00e+00
       16478375        70.40311      1131.55630            6.10        07:21:05        4.20e-02        2.00e+00
       16479319        70.40039      1132.55653            6.10        07:20:50        4.20e-02        2.00e+00
DEBUG @ t=16480000: current_coupling=0.042, last=0.042
       16480314        70.39937      1133.55732            6.10        07:20:36        4.20e-02        2.00e+00
       16481432        70.40020      1134.55791            6.10        07:20:25        4.20e-02        2.00e+00
       16482464        70.40034      1135.55826            6.10        07:20:11        4.20e-02        2.00e+00
       16483414        70.39992      1136.55912            6.10        07:19:56        4.20e-02        2.00e+00
       16484411        70.39967      1137.55988            6.10        07:19:42        4.20e-02        2.00e+00
       16485409        70.40055      1138.56075            6.10        07:19:28        4.20e-02        2.00e+00
       16486317        70.40148      1139.56124            6.10        07:19:11        4.20e-02        2.00e+00
       16487284        70.40153      1140.56196            6.10        07:18:56        4.20e-02        2.00e+00
       16488228        70.40108      1141.56242            6.10        07:18:41        4.20e-02        2.00e+00
       16489136        70.40153      1142.56304            6.10        07:18:24        4.20e-02        2.00e+00
       16489981        70.40113      1143.56396            6.10        07:18:07        4.20e-02        2.00e+00
DEBUG @ t=16490000: current_coupling=0.042, last=0.042
       16491055        70.40124      1144.56412            6.10        07:17:54        4.20e-02        2.00e+00
       16492122        70.40183      1145.56424            6.10        07:17:42        4.20e-02        2.00e+00
       16493059        70.40119      1146.56508            6.10        07:17:26        4.20e-02        2.00e+00
       16493963        70.39978      1147.56527            6.10        07:17:11        4.20e-02        2.00e+00
       16494901        70.39833      1148.56596            6.10        07:16:56        4.20e-02        2.00e+00
       16495838        70.39716      1149.56604            6.10        07:16:40        4.20e-02        2.00e+00
       16496906        70.39626      1150.56642            6.10        07:16:28        4.20e-02        2.00e+00
       16498019        70.39543      1151.56717            6.10        07:16:17        4.20e-02        2.00e+00
       16499103        70.39441      1152.56746            6.10        07:16:05        4.20e-02        2.00e+00
DEBUG @ t=16500000: current_coupling=0.042, last=0.042
[HDF5 Writer DEBUG] timestep=16500000, current_time_ps=1153.384, last_output_time=1153.3770049679763, write_count=109859
       16500179        70.39445      1153.56790            6.10        07:15:53        4.20e-02        2.00e+00
       16501156        70.39409      1154.56877            6.10        07:15:38        4.20e-02        2.00e+00
       16502130        70.39279      1155.56941            6.10        07:15:24        4.20e-02        2.00e+00
       16503051        70.39128      1156.56997            6.10        07:15:09        4.20e-02        2.00e+00
       16503975        70.38997      1157.57034            6.10        07:14:53        4.20e-02        2.00e+00
       16504862        70.38745      1158.57078            6.10        07:14:38        4.20e-02        2.00e+00
       16505742        70.38650      1159.57099            6.10        07:14:21        4.20e-02        2.00e+00
       16506662        70.38603      1160.57131            6.10        07:14:05        4.20e-02        2.00e+00
       16507532        70.38569      1161.57199            6.10        07:13:49        4.20e-02        2.00e+00
       16508480        70.38521      1162.57253            6.10        07:13:33        4.20e-02        2.00e+00
       16509455        70.38586      1163.57308            6.10        07:13:19        4.20e-02        2.00e+00
DEBUG @ t=16510000: current_coupling=0.042, last=0.042
       16510367        70.38597      1164.57371            6.10        07:13:02        4.20e-02        2.00e+00
       16511297        70.38570      1165.57401            6.10        07:12:47        4.20e-02        2.00e+00
       16512208        70.38519      1166.57403            6.10        07:12:31        4.20e-02        2.00e+00
       16513102        70.38473      1167.57481            6.10        07:12:15        4.20e-02        2.00e+00
       16513935        70.38429      1168.57581            6.11        07:11:57        4.20e-02        2.00e+00
       16514853        70.38345      1169.57650            6.11        07:11:41        4.20e-02        2.00e+00
       16515954        70.38256      1170.57663            6.11        07:11:30        4.20e-02        2.00e+00
       16516932        70.38185      1171.57740            6.11        07:11:16        4.20e-02        2.00e+00
       16517992        70.38068      1172.57819            6.10        07:11:03        4.20e-02        2.00e+00
       16518837        70.37982      1173.57899            6.11        07:10:46        4.20e-02        2.00e+00
       16519771        70.37872      1174.57915            6.11        07:10:31        4.20e-02        2.00e+00
DEBUG @ t=16520000: current_coupling=0.042, last=0.042
       16520731        70.37755      1175.57925            6.11        07:10:16        4.20e-02        2.00e+00
       16521700        70.37643      1176.57972            6.11        07:10:02        4.20e-02        2.00e+00
       16522646        70.37562      1177.58032            6.11        07:09:47        4.20e-02        2.00e+00
       16523599        70.37574      1178.58108            6.11        07:09:32        4.20e-02        2.00e+00
       16524578        70.37542      1179.58181            6.11        07:09:18        4.20e-02        2.00e+00
       16525558        70.37487      1180.58241            6.11        07:09:03        4.20e-02        2.00e+00
       16526528        70.37379      1181.58261            6.11        07:08:49        4.20e-02        2.00e+00
       16527466        70.37176      1182.58279            6.11        07:08:34        4.20e-02        2.00e+00
       16528408        70.36947      1183.58302            6.11        07:08:20        4.20e-02        2.00e+00
       16529400        70.36705      1184.58351            6.11        07:08:06        4.20e-02        2.00e+00
DEBUG @ t=16530000: current_coupling=0.042, last=0.042
       16530356        70.36537      1185.58464            6.11        07:07:52        4.20e-02        2.00e+00
       16531240        70.36470      1186.58468            6.11        07:07:36        4.20e-02        2.00e+00
       16532141        70.36478      1187.58538            6.11        07:07:19        4.20e-02        2.00e+00
       16533099        70.36454      1188.58561            6.11        07:07:05        4.20e-02        2.00e+00
       16533966        70.36439      1189.58648            6.11        07:06:48        4.20e-02        2.00e+00
       16534900        70.36476      1190.58715            6.11        07:06:32        4.20e-02        2.00e+00
       16535851        70.36499      1191.58808            6.11        07:06:17        4.20e-02        2.00e+00
       16536827        70.36548      1192.58897            6.11        07:06:02        4.20e-02        2.00e+00
       16537738        70.36519      1193.59000            6.11        07:05:46        4.20e-02        2.00e+00
       16538732        70.36475      1194.59091            6.11        07:05:32        4.20e-02        2.00e+00
       16539745        70.36418      1195.59107            6.11        07:05:19        4.20e-02        2.00e+00
DEBUG @ t=16540000: current_coupling=0.042, last=0.042
       16540776        70.36350      1196.59201            6.11        07:05:05        4.20e-02        2.00e+00
       16541721        70.36322      1197.59207            6.11        07:04:50        4.20e-02        2.00e+00
       16542630        70.36406      1198.59269            6.11        07:04:34        4.20e-02        2.00e+00
       16543568        70.36459      1199.59355            6.11        07:04:18        4.20e-02        2.00e+00
Added F(k,t) reference 6 at t = 1200.005 ps
       16544513        70.36522      1200.59431            6.11        07:04:03        4.20e-02        2.00e+00
       16545500        70.36540      1201.59488            6.11        07:03:49        4.20e-02        2.00e+00
       16546442        70.36478      1202.59593            6.11        07:03:33        4.20e-02        2.00e+00
       16547356        70.36497      1203.59656            6.11        07:03:17        4.20e-02        2.00e+00
       16548349        70.36523      1204.59746            6.11        07:03:03        4.20e-02        2.00e+00
       16549336        70.36455      1205.59782            6.11        07:02:49        4.20e-02        2.00e+00
DEBUG @ t=16550000: current_coupling=0.042, last=0.042
       16550392        70.36331      1206.59828            6.11        07:02:37        4.20e-02        2.00e+00
       16551451        70.36273      1207.59926            6.11        07:02:24        4.20e-02        2.00e+00
       16552425        70.36112      1208.59935            6.11        07:02:10        4.20e-02        2.00e+00
       16553379        70.35989      1209.60005            6.11        07:01:55        4.20e-02        2.00e+00
       16554291        70.35837      1210.60073            6.11        07:01:40        4.20e-02        2.00e+00
       16555240        70.35747      1211.60149            6.11        07:01:25        4.20e-02        2.00e+00
       16556266        70.35688      1212.60150            6.11        07:01:12        4.20e-02        2.00e+00
       16557266        70.35645      1213.60193            6.11        07:00:58        4.20e-02        2.00e+00
       16558224        70.35565      1214.60271            6.11        07:00:44        4.20e-02        2.00e+00
       16559165        70.35479      1215.60272            6.11        07:00:29        4.20e-02        2.00e+00
DEBUG @ t=16560000: current_coupling=0.042, last=0.042
       16560090        70.35421      1216.60319            6.11        07:00:13        4.20e-02        2.00e+00
       16561007        70.35336      1217.60387            6.11        06:59:58        4.20e-02        2.00e+00
       16561996        70.35277      1218.60418            6.11        06:59:44        4.20e-02        2.00e+00
       16562909        70.35239      1219.60466            6.11        06:59:28        4.20e-02        2.00e+00
       16563834        70.35206      1220.60487            6.11        06:59:12        4.20e-02        2.00e+00
       16564800        70.35157      1221.60542            6.11        06:58:58        4.20e-02        2.00e+00
       16565692        70.35094      1222.60601            6.11        06:58:42        4.20e-02        2.00e+00
       16566650        70.35040      1223.60699            6.11        06:58:27        4.20e-02        2.00e+00
       16567663        70.34963      1224.60782            6.11        06:58:14        4.20e-02        2.00e+00
       16568716        70.34898      1225.60791            6.11        06:58:01        4.20e-02        2.00e+00
       16569704        70.34828      1226.60883            6.11        06:57:47        4.20e-02        2.00e+00
DEBUG @ t=16570000: current_coupling=0.042, last=0.042
       16570710        70.34743      1227.60943            6.11        06:57:33        4.20e-02        2.00e+00
       16571650        70.34636      1228.60987            6.11        06:57:18        4.20e-02        2.00e+00
       16572576        70.34522      1229.60997            6.11        06:57:03        4.20e-02        2.00e+00
       16573571        70.34502      1230.61052            6.11        06:56:49        4.20e-02        2.00e+00
       16574542        70.34460      1231.61073            6.11        06:56:35        4.20e-02        2.00e+00
       16575492        70.34510      1232.61149            6.11        06:56:19        4.20e-02        2.00e+00
       16576451        70.34424      1233.61193            6.11        06:56:05        4.20e-02        2.00e+00
       16577447        70.34332      1234.61275            6.11        06:55:51        4.20e-02        2.00e+00
       16578461        70.34297      1235.61288            6.11        06:55:37        4.20e-02        2.00e+00
       16579441        70.34225      1236.61345            6.11        06:55:23        4.20e-02        2.00e+00
DEBUG @ t=16580000: current_coupling=0.042, last=0.042
       16580500        70.34171      1237.61422            6.11        06:55:11        4.20e-02        2.00e+00
       16581540        70.34149      1238.61459            6.11        06:54:57        4.20e-02        2.00e+00
       16582467        70.34058      1239.61478            6.11        06:54:42        4.20e-02        2.00e+00
       16583375        70.34044      1240.61501            6.11        06:54:26        4.20e-02        2.00e+00
       16584311        70.34079      1241.61604            6.11        06:54:11        4.20e-02        2.00e+00
       16585258        70.34041      1242.61605            6.11        06:53:56        4.20e-02        2.00e+00
       16586191        70.33957      1243.61639            6.11        06:53:41        4.20e-02        2.00e+00
       16587158        70.33831      1244.61670            6.11        06:53:27        4.20e-02        2.00e+00
       16588149        70.33782      1245.61710            6.11        06:53:13        4.20e-02        2.00e+00
       16589198        70.33715      1246.61788            6.11        06:53:00        4.20e-02        2.00e+00
DEBUG @ t=16590000: current_coupling=0.042, last=0.042
       16590198        70.33684      1247.61788            6.11        06:52:46        4.20e-02        2.00e+00
       16591231        70.33662      1248.61844            6.11        06:52:33        4.20e-02        2.00e+00
       16592203        70.33584      1249.61848            6.11        06:52:18        4.20e-02        2.00e+00
       16593228        70.33501      1250.61902            6.11        06:52:05        4.20e-02        2.00e+00
       16594273        70.33413      1251.61946            6.11        06:51:52        4.20e-02        2.00e+00
       16595300        70.33363      1252.62013            6.11        06:51:39        4.20e-02        2.00e+00
       16596340        70.33386      1253.62064            6.11        06:51:26        4.20e-02        2.00e+00
       16597355        70.33421      1254.62139            6.11        06:51:12        4.20e-02        2.00e+00
       16598334        70.33615      1255.62202            6.11        06:50:57        4.20e-02        2.00e+00
       16599287        70.33676      1256.62212            6.11        06:50:41        4.20e-02        2.00e+00
DEBUG @ t=16600000: current_coupling=0.042, last=0.042
[HDF5 Writer DEBUG] timestep=16600000, current_time_ps=1257.406, last_output_time=1257.3987100567158, write_count=119762
       16600237        70.33588      1257.62266            6.11        06:50:27        4.20e-02        2.00e+00
       16601282        70.33461      1258.62321            6.11        06:50:14        4.20e-02        2.00e+00
       16602267        70.33403      1259.62410            6.11        06:50:00        4.20e-02        2.00e+00
       16603350        70.33466      1260.62484            6.11        06:49:47        4.20e-02        2.00e+00
       16604371        70.33489      1261.62575            6.11        06:49:34        4.20e-02        2.00e+00
       16605394        70.33416      1262.62639            6.11        06:49:20        4.20e-02        2.00e+00
       16606481        70.33447      1263.62659            6.11        06:49:08        4.20e-02        2.00e+00
       16607574        70.33480      1264.62734            6.11        06:48:55        4.20e-02        2.00e+00
       16608569        70.33434      1265.62841            6.11        06:48:41        4.20e-02        2.00e+00
       16609568        70.33420      1266.62861            6.11        06:48:27        4.20e-02        2.00e+00
DEBUG @ t=16610000: current_coupling=0.042, last=0.042
       16610559        70.33381      1267.62885            6.11        06:48:13        4.20e-02        2.00e+00
       16611495        70.33321      1268.62984            6.11        06:47:58        4.20e-02        2.00e+00
       16612493        70.33282      1269.63024            6.11        06:47:44        4.20e-02        2.00e+00
       16613507        70.33280      1270.63036            6.11        06:47:31        4.20e-02        2.00e+00
       16614486        70.33305      1271.63128            6.11        06:47:16        4.20e-02        2.00e+00
       16615468        70.33261      1272.63171            6.11        06:47:02        4.20e-02        2.00e+00
       16616442        70.33155      1273.63263            6.11        06:46:48        4.20e-02        2.00e+00
       16617436        70.33122      1274.63320            6.11        06:46:34        4.20e-02        2.00e+00
       16618410        70.33007      1275.63397            6.11        06:46:19        4.20e-02        2.00e+00
       16619365        70.32921      1276.63458            6.11        06:46:05        4.20e-02        2.00e+00
DEBUG @ t=16620000: current_coupling=0.042, last=0.042
       16620359        70.32779      1277.63505            6.11        06:45:51        4.20e-02        2.00e+00
       16621348        70.32643      1278.63534            6.11        06:45:37        4.20e-02        2.00e+00
       16622328        70.32498      1279.63579            6.11        06:45:23        4.20e-02        2.00e+00
       16623280        70.32561      1280.63590            6.11        06:45:08        4.20e-02        2.00e+00
       16624206        70.32540      1281.63604            6.11        06:44:53        4.20e-02        2.00e+00
       16625163        70.32503      1282.63625            6.11        06:44:38        4.20e-02        2.00e+00
       16626126        70.32518      1283.63627            6.11        06:44:23        4.20e-02        2.00e+00
       16627089        70.32593      1284.63735            6.11        06:44:08        4.20e-02        2.00e+00
       16627953        70.32439      1285.63842            6.11        06:43:52        4.20e-02        2.00e+00
       16628860        70.32364      1286.63880            6.11        06:43:37        4.20e-02        2.00e+00
       16629860        70.32332      1287.63935            6.11        06:43:23        4.20e-02        2.00e+00
DEBUG @ t=16630000: current_coupling=0.042, last=0.042
       16630936        70.32380      1288.63944            6.11        06:43:10        4.20e-02        2.00e+00
       16631807        70.32343      1289.64047            6.11        06:42:54        4.20e-02        2.00e+00
       16632712        70.32278      1290.64077            6.11        06:42:38        4.20e-02        2.00e+00
       16633661        70.32189      1291.64092            6.11        06:42:23        4.20e-02        2.00e+00
       16634591        70.32131      1292.64168            6.11        06:42:08        4.20e-02        2.00e+00
       16635511        70.32066      1293.64190            6.11        06:41:53        4.20e-02        2.00e+00
       16636470        70.32031      1294.64267            6.11        06:41:38        4.20e-02        2.00e+00
       16637457        70.32003      1295.64338            6.11        06:41:24        4.20e-02        2.00e+00
       16638416        70.31981      1296.64413            6.11        06:41:09        4.20e-02        2.00e+00
       16639345        70.31974      1297.64436            6.11        06:40:54        4.20e-02        2.00e+00
DEBUG @ t=16640000: current_coupling=0.042, last=0.042
       16640270        70.31904      1298.64542            6.11        06:40:39        4.20e-02        2.00e+00
       16641190        70.31811      1299.64572            6.12        06:40:24        4.20e-02        2.00e+00
       16642089        70.31713      1300.64604            6.12        06:40:08        4.20e-02        2.00e+00
       16643046        70.31569      1301.64670            6.12        06:39:54        4.20e-02        2.00e+00
       16643875        70.31469      1302.64786            6.12        06:39:37        4.20e-02        2.00e+00
       16644868        70.31448      1303.64836            6.12        06:39:23        4.20e-02        2.00e+00
       16645787        70.31394      1304.64920            6.12        06:39:07        4.20e-02        2.00e+00
       16646792        70.31402      1305.64922            6.12        06:38:53        4.20e-02        2.00e+00
       16647703        70.31427      1306.64973            6.12        06:38:38        4.20e-02        2.00e+00
       16648708        70.31402      1307.65034            6.12        06:38:24        4.20e-02        2.00e+00
       16649746        70.31338      1308.65102            6.12        06:38:11        4.20e-02        2.00e+00
DEBUG @ t=16650000: current_coupling=0.042, last=0.042
       16650672        70.31291      1309.65178            6.12        06:37:56        4.20e-02        2.00e+00
       16651667        70.31257      1310.65267            6.12        06:37:42        4.20e-02        2.00e+00
       16652636        70.31181      1311.65306            6.12        06:37:27        4.20e-02        2.00e+00
       16653642        70.31120      1312.65329            6.12        06:37:13        4.20e-02        2.00e+00
       16654613        70.31047      1313.65344            6.12        06:36:59        4.20e-02        2.00e+00
       16655585        70.30992      1314.65435            6.12        06:36:45        4.20e-02        2.00e+00
       16656561        70.30975      1315.65523            6.12        06:36:30        4.20e-02        2.00e+00
       16657534        70.31086      1316.65589            6.12        06:36:16        4.20e-02        2.00e+00
       16658548        70.31135      1317.65593            6.12        06:36:02        4.20e-02        2.00e+00
       16659618        70.31128      1318.65639            6.12        06:35:49        4.20e-02        2.00e+00
DEBUG @ t=16660000: current_coupling=0.042, last=0.042
       16660618        70.31078      1319.65691            6.12        06:35:35        4.20e-02        2.00e+00
       16661591        70.31003      1320.65709            6.12        06:35:21        4.20e-02        2.00e+00
       16662571        70.30923      1321.65752            6.12        06:35:07        4.20e-02        2.00e+00
       16663572        70.30807      1322.65838            6.12        06:34:53        4.20e-02        2.00e+00
       16664591        70.30765      1323.65880            6.12        06:34:40        4.20e-02        2.00e+00
       16665630        70.30776      1324.65902            6.12        06:34:26        4.20e-02        2.00e+00
       16666660        70.30811      1325.65965            6.12        06:34:13        4.20e-02        2.00e+00
       16667629        70.30853      1326.66020            6.12        06:33:58        4.20e-02        2.00e+00
       16668569        70.30813      1327.66116            6.12        06:33:43        4.20e-02        2.00e+00
2025-11-06 17:14:02 | ERROR | CRITICAL ERROR in simulation: Unable to synchronously flush file (file write failed: time = Thu Nov  6 17:14:02 2025
, filename = 'observables_replica_56.h5', file descriptor = 4, errno = 122, error message = 'Disk quota exceeded', buf = 0x5573bc290890, total write size = 3613, bytes this sub-write = 3613, offset = 905966647)
2025-11-06 17:14:02 | ERROR | Full traceback:
2025-11-06 17:14:02 | ERROR | Traceback (most recent call last):
2025-11-06 17:14:02 | ERROR |   File "/scratch/mh7373/micromamba/envs/hoomd/lib/python3.12/site-packages/hoomd/cavitymd/simulation/core.py", line 4753, in run
2025-11-06 17:14:02 | ERROR |     self.run_simulation()
2025-11-06 17:14:02 | ERROR |   File "/scratch/mh7373/micromamba/envs/hoomd/lib/python3.12/site-packages/hoomd/cavitymd/simulation/core.py", line 4807, in run_simulation
2025-11-06 17:14:02 | ERROR |     self.sim.run(total_steps, write_at_start=True)
2025-11-06 17:14:02 | ERROR |   File "/scratch/mh7373/micromamba/envs/hoomd/lib/python3.12/site-packages/hoomd/simulation.py", line 561, in run
2025-11-06 17:14:02 | ERROR |     self._cpp_sys.run(steps_int, write_at_start)
2025-11-06 17:14:02 | ERROR |   File "/scratch/mh7373/micromamba/envs/hoomd/lib/python3.12/site-packages/hoomd/cavitymd/data.py", line 528, in act
2025-11-06 17:14:02 | ERROR |     self.file.flush()
2025-11-06 17:14:02 | ERROR |   File "/scratch/mh7373/micromamba/envs/hoomd/lib/python3.12/site-packages/h5py/_hl/files.py", line 639, in flush
2025-11-06 17:14:02 | ERROR |     h5f.flush(self.id)
2025-11-06 17:14:02 | ERROR |   File "h5py/_objects.pyx", line 56, in h5py._objects.with_phil.wrapper
2025-11-06 17:14:02 | ERROR |   File "h5py/_objects.pyx", line 57, in h5py._objects.with_phil.wrapper
2025-11-06 17:14:02 | ERROR |   File "h5py/h5f.pyx", line 159, in h5py.h5f.flush
2025-11-06 17:14:02 | ERROR | RuntimeError: Unable to synchronously flush file (file write failed: time = Thu Nov  6 17:14:02 2025
2025-11-06 17:14:02 | ERROR | , filename = 'observables_replica_56.h5', file descriptor = 4, errno = 122, error message = 'Disk quota exceeded', buf = 0x5573bc290890, total write size = 3613, bytes this sub-write = 3613, offset = 905966647)
2025-11-06 17:14:02 | INFO | Cleanup initiated...
2025-11-06 17:14:02 | INFO | Closing HDF5 observable writer...
2025-11-06 17:14:02 | ERROR | Error closing HDF5 writer: Unable to synchronously flush file (file write failed: time = Thu Nov  6 17:14:02 2025
, filename = 'observables_replica_56.h5', file descriptor = 4, errno = 122, error message = 'Disk quota exceeded', buf = 0x5573bc2a66c0, total write size = 3613, bytes this sub-write = 3613, offset = 905966647)
DEBUG: Cleanup called - checking for fkt_tracker
DEBUG: No fkt_tracker found or it's None
2025-11-06 17:14:02 | INFO | Returned to original directory: /scratch/mh7373/cav-hoomd/new_final_offres
2025-11-06 17:14:02 | INFO | Cleanup completed
ERROR: Replica 56 failed (coupling: 4.200000e-02 a.u.)

==================================================
Execution Summary
==================================================
Coupling constant used: 4.200000e-02 a.u.
Total replicas: 1
Successful: 0
Failed: 1
Wall time: 18754.63 seconds

WARNING: 1 replicas failed - check individual logs for details
✗ FAILED: DEBUG task 56
