SLURM Job ID: 1642420
SLURM Array Task ID: 496
Using frequency: 2060 cm-1
Fixed coupling strength (lambda): 0.042 (dimensionless)
Frame will be automatically set to: 496
Advanced Cavity MD Experiment Runner
==================================================
SLURM array job detected: Task 496 (Job 1642420)

*** COUPLING CONSTANT: 4.200000e-02 a.u. ***

Simulation Configuration:
  Cavity coupling: Enabled
    Coupling strength: 4.200000e-02 a.u.
    Frequency: 2060.0 cm⁻¹
    Finite-q mode: False
    Cavity thermostat: langevin
  Molecular thermostat: bussi
  Temperature: 100.0 K
  Runtime: 3000.0 ps
  Device: CPU
  Random seed: 0
  Velocity restart: Enabled - thermalizing velocities
  Momentum zeroing: Disabled

Starting execution for 1 replica(s)...
==================================================

Running replica 496...
>>> Will use FRAME 496 from init-0.gsd for this replica <<<
Running experiment:
  Cavity coupling: Enabled
  *** COUPLING STRENGTH: 4.200000e-02 a.u. ***
  Switch time: 200.0 ps
  Decay: None (step function)
  Damping ratio (zeta): 0.0
  Calculated dissipation (c): 0.0000e+00 a.u.
  Molecular thermostat: bussi
  Cavity thermostat: langevin
  Finite-q mode: False
  Replica: 496
  Frame: 496
  Output directory: coupling_420000e-07_freq_2060.0cm1_switch_200.0ps
  *** READING FRAME 496 FROM /scratch/mh7373/cav-hoomd/new_final_offres/init-0.gsd ***
  ✓ Successfully initialized simulation from frame 496
  ✓ Input file: /scratch/mh7373/cav-hoomd/new_final_offres/init-0.gsd
  ✓ Replica 496 ready to run...
2025-11-06 12:03:05 | INFO | ============================================================
2025-11-06 12:03:05 | INFO | CAVITY MD SIMULATION STARTED
2025-11-06 12:03:05 | INFO | ============================================================
2025-11-06 12:03:05 | INFO | Simulation: prod-496
2025-11-06 12:03:05 | INFO | Device: CPU
2025-11-06 12:03:05 | INFO | Runtime: 3000.0 ps
2025-11-06 12:03:05 | INFO | Temperature: 100.0 K
2025-11-06 12:03:05 | INFO | Random seed: 0
2025-11-06 12:03:05 | INFO | Cavity coupling: Enabled
2025-11-06 12:03:05 | INFO |   Frequency: 2060.0 cm^-1
2025-11-06 12:03:05 | INFO |   Lambda coupling: 0.042
2025-11-06 12:03:05 | INFO |   Epsilon (lambda * omega_c): 3.942141e-04 a.u.
2025-11-06 12:03:05 | INFO |   Finite-q mode: False
2025-11-06 12:03:05 | INFO | Molecular thermostat: bussi (tau=1.0 ps)
2025-11-06 12:03:05 | INFO | Cavity thermostat: langevin (tau=1.0 ps)
2025-11-06 12:03:05 | INFO | ============================================================
2025-11-06 12:03:05 | INFO | === Phase 1: Setting up simulation ===
2025-11-06 12:03:05 | INFO | Using default timestep for calculations: 0.0001 ps
2025-11-06 12:03:05 | INFO | Time conversions:
2025-11-06 12:03:05 | INFO |   Timestep: 0.0001 ps = 4.134138 a.u.
2025-11-06 12:03:05 | INFO |   Runtime: 3000.0 ps = 30000000 steps
2025-11-06 12:03:05 | INFO |   Steps per ps: 10000.0
2025-11-06 12:03:05 | INFO | Output periods (steps):
2025-11-06 12:03:05 | INFO |   Energy: 100 (0.010 ps)
2025-11-06 12:03:05 | INFO |   F(k,t): 10000 (1.000 ps)
2025-11-06 12:03:05 | INFO |   GSD: 10000 (1.000 ps)
2025-11-06 12:03:05 | INFO |   Console: 10000 (1.000 ps)
2025-11-06 12:03:05 | INFO | Initializing simulation on CPU
2025-11-06 12:03:05 | INFO | Using user-specified seed: 0
2025-11-06 12:03:05 | INFO | Cavity particle already exists in GSD file (1 found)
2025-11-06 12:03:05 | INFO | Simulation state created from original GSD file with existing cavity particle
2025-11-06 12:03:05 | INFO | Cavity particle validated at index 500, position HOOMDArray([-1.06723833 -2.74713731 -3.96522331])
2025-11-06 12:03:05 | INFO | === Phase 1.5: Setting up time tracker ===
2025-11-06 12:03:05 | INFO | === Phase 2: Configuring forces and thermostats ===
2025-11-06 12:03:05 | INFO | Using lambda_coupling=0.042 (will be scaled by omega_c=0.009386 a.u.)
2025-11-06 12:03:05 | INFO | Using constant coupling: lambda=0.042, epsilon=3.942141e-04 a.u.
CavityForce initialized using cpp implementation
  Using constant lambda coupling: 0.042 (dimensionless)
  Effective epsilon: 3.942141e-04 a.u.
2025-11-06 12:03:05 | INFO | Thermostat time constant conversions:
2025-11-06 12:03:05 | INFO |   Molecular: 1.000 ps = 41341.378917 a.u.
2025-11-06 12:03:05 | INFO |   Cavity: 1.000 ps = 41341.378917 a.u.
2025-11-06 12:03:05 | INFO | Running molecular system with Bussi thermostat (NVT ensemble)
2025-11-06 12:03:05 | INFO | Molecular Bussi thermostat configured: T = 100.0 K, kT = 0.000317 a.u., tau = 1.000 ps
2025-11-06 12:03:05 | INFO | Running cavity with Langevin thermostat
2025-11-06 12:03:05 | INFO | Cavity Langevin thermostat configured: T = 100.0 K, kT = 0.000317 a.u.
2025-11-06 12:03:05 | INFO |   base_gamma = 0.000024 a.u.^-1 (tau = 1.000 ps)
2025-11-06 12:03:05 | INFO |   effective_gamma = 0.000024 a.u.^-1 (damping_factor = 1.0x)
2025-11-06 12:03:05 | INFO | === Phase 3: Setting up integrator and thermalization ===
2025-11-06 12:03:05 | INFO | Integrator configured with initial dt = 4.134138 a.u. (0.000100 ps)
2025-11-06 12:03:05 | INFO | Number of integration methods: 2
2025-11-06 12:03:05 | INFO | CavityParticleDisplacer not needed (constant coupling or q=0 mode)
2025-11-06 12:03:05 | INFO | Using seed 1 for thermalization randomness
2025-11-06 12:03:05 | INFO | Thermalized molecular particles using HOOMD State object
2025-11-06 12:03:05 | INFO | Cavity particle manually thermalized:
2025-11-06 12:03:05 | INFO |   Target temperature: 100.0 K
2025-11-06 12:03:05 | INFO |   Initial velocity: [ 0.02890696 -0.01088686 -0.00939938]
2025-11-06 12:03:05 | INFO |   Expected KE: 0.000521 a.u.
2025-11-06 12:03:05 | INFO |   Expected temperature: 109.7 K
2025-11-06 12:03:05 | INFO |   Using array module: numpy
2025-11-06 12:03:05 | INFO | Checking molecular system temperature after thermalization:
2025-11-06 12:03:05 | INFO |   Number of molecular particles: 500
2025-11-06 12:03:05 | INFO |   Total kinetic energy: 0.235005 a.u.
2025-11-06 12:03:05 | INFO |   Current temperature: 98.9 K
2025-11-06 12:03:05 | INFO | Thermalization completed - velocities properly initialized
2025-11-06 12:03:05 | INFO | === Phase 4: Setting up trackers and loggers ===
2025-11-06 12:03:05 | INFO | Setting up adaptive timestep updater (error_tolerance = 2.0)
Dynamic coupling change detection enabled
Coupling change threshold: ±1.00e-05 a.u.
Shock dampening: error_tolerance drops to 2.00e-10 (factor: 1.00e-10)
Recovery: exponential ramp to 2.00e+00 with τ = 1000.0 ps
Conservative timestep parameters:
  Change threshold: 10.0%
  Max change factor: 1.5
  Min update interval: 1000 steps
  Switch detection tolerance: 0.001 ps
2025-11-06 12:03:05 | INFO | Adaptive timestep updater enabled (check every 1 steps)
CavityForceCompute initialized: omegac=0.00938605 a.u., lambda_coupling=0.042 (dimensionless, from variant), K=8.80979e-05 a.u.
CPU CavityForceCompute initialized successfully
notice(2): charge.pppm: RMS error: 2.31675e-08
NOTICE: Starting from inherited timestep 37350000
  Elapsed time will start from 0, not from inherited simulation time
DEBUG @ t=37350000: current_coupling=0.042, last=None
DEBUG: First coupling check - stored value: 0.042
2025-11-06 12:03:05 | INFO |   Added detailed BussiReservoir energy tracking for method 0
2025-11-06 12:03:05 | INFO |   Added energy tracking for cavityforce
2025-11-06 12:03:05 | INFO |   Added detailed cavity energy components
2025-11-06 12:03:05 | INFO |   Added energy tracking for harmonic
2025-11-06 12:03:05 | INFO |   Added energy tracking for lj
2025-11-06 12:03:05 | INFO |   Added energy tracking for ewald
2025-11-06 12:03:05 | INFO |   Added energy tracking for coulomb
2025-11-06 12:03:05 | INFO | Energy tracking setup completed: 0 methods, 5 forces
2025-11-06 12:03:05 | INFO | Setting up energy tracker with output file: prod-496_energy_tracker.txt
2025-11-06 12:03:05 | INFO | Energy tracker configuration:
2025-11-06 12:03:05 | INFO |   Using time-based output: 0.010 ps
2025-11-06 12:03:05 | INFO |   Max output time: 250.000 ps
2025-11-06 12:03:05 | INFO | Energy tracker configuration:
2025-11-06 12:03:05 | INFO |   Force objects: ['cavity', 'harmonic', 'lj', 'ewald_short', 'ewald_long']
2025-11-06 12:03:05 | INFO |   Thermostat objects: ['bussi_molecular', 'langevin_cavity']
2025-11-06 12:03:05 | INFO |   Using internal kinetic computation (no external tracker needed)
2025-11-06 12:03:05 | INFO |  Energy tracker setup completed with time-based output:
2025-11-06 12:03:05 | INFO |   Output period: 0.010 ps (accurate timing)
2025-11-06 12:03:05 | INFO |   Tracker handles timing internally using ElapsedTimeTracker
2025-11-06 12:03:05 | INFO |   Output limited to 250.000 ps
2025-11-06 12:03:05 | INFO | Setting up F(k,t) density correlation tracker
2025-11-06 12:03:05 | INFO |   k magnitude: 1.00
2025-11-06 12:03:05 | INFO |   Number of wavevectors: 50
2025-11-06 12:03:05 | INFO |   Reference interval: 200.000 ps
2025-11-06 12:03:05 | INFO |   Max references: 20
2025-11-06 12:03:05 | INFO |   Output period: 1.000 ps
2025-11-06 12:03:05 | INFO |   Using time-based reference intervals for adaptive timestep compatibility
2025-11-06 12:03:05 | INFO |   Reference interval: 200.000 ps
2025-11-06 12:03:05 | INFO |   Trigger period: 1 step
2025-11-06 12:03:05 | INFO |   Logarithmic time spacing: DISABLED (regular spacing)
FieldAutocorrelationTracker initialized for density_correlation
  k-magnitude: 1.0
  Wavevectors: 50
  Reference interval: 200.0 ps
  Max references: 20
2025-11-06 12:03:05 | INFO |  F(k,t) tracker successfully enabled with time-based output:
2025-11-06 12:03:05 | INFO |   Output period: 1.000 ps (accurate timing)
2025-11-06 12:03:05 | INFO |   Reference interval: 200.000 ps
2025-11-06 12:03:05 | INFO |   Tracker handles timing internally using ElapsedTimeTracker
2025-11-06 12:03:05 | INFO | Setting up dipole autocorrelation tracker...
2025-11-06 12:03:05 | INFO |   Reference interval: 200.000 ps
2025-11-06 12:03:05 | INFO |   Max references: 20
2025-11-06 12:03:05 | INFO |   Output period: 0.010 ps
2025-11-06 12:03:05 | INFO |   Using time-based reference intervals for adaptive timestep compatibility
2025-11-06 12:03:05 | INFO |   Reference interval: 200.000 ps
2025-11-06 12:03:05 | INFO |   Trigger period: 1 step
2025-11-06 12:03:05 | WARNING | Could not set up dipole autocorrelation tracker: Can't instantiate abstract class AutocorrelationTracker without an implementation for abstract method 'act'
2025-11-06 12:03:05 | INFO | Momentum zeroing disabled
2025-11-06 12:03:05 | INFO |  TRACKING AND LOGGING SETUP COMPLETED:
2025-11-06 12:03:05 | INFO |   All output systems now use precise time-based periods
2025-11-06 12:03:05 | INFO |  Comprehensive temperature tracker enabled
2025-11-06 12:03:05 | INFO |   Output file: temperature_tracker_replica_496.csv
2025-11-06 12:03:05 | INFO |   Output period: 0.1 ps
2025-11-06 12:03:05 | INFO |   Tracking: kinetic, harmonic fictive, LJ+Coul fictive, cavity bath, molecular bath
2025-11-06 12:03:05 | INFO |   Empirical data: None (LJ+Coul fictive temp will be 0)
2025-11-06 12:03:05 | INFO | 
============================================================
2025-11-06 12:03:05 | INFO | HDF5 OBSERVABLE OUTPUT CONFIGURATION
2025-11-06 12:03:05 | INFO | ============================================================
2025-11-06 12:03:05 | INFO | Output file: observables_replica_496.h5
2025-11-06 12:03:05 | INFO | Output period: 0.010 ps
2025-11-06 12:03:05 | INFO | SWMR mode: Enabled (concurrent read access)
2025-11-06 12:03:05 | INFO | ============================================================

✓ HDF5 file structure created: observables_replica_496.h5
ObservableWriter initialized:
  Output file: observables_replica_496.h5
  Output period: 0.01 ps
  Chunk size: 1000
  Compression: gzip
  SWMR mode: True
  Flush interval: 10
✓ Energy tracker registered (18 components)
2025-11-06 12:03:05 | INFO |   Registered energy tracker for HDF5 output
✓ Temperature tracker registered (6 components)
2025-11-06 12:03:05 | INFO |   Registered temperature tracker for HDF5 output
2025-11-06 12:03:05 | INFO | ✓ HDF5 observable output enabled

2025-11-06 12:03:05 | INFO | Advanced features enabled: detailed energy tracking (0.010 ps), F(k,t) density correlation (1.000 ps, k=1.0), dipole autocorrelation (0.010 ps), adaptive timestep control, comprehensive temperature tracker (0.1 ps), HDF5 observable output (0.010 ps)
2025-11-06 12:03:05 | INFO | Console output: 1.000 ps periods (time-based)
2025-11-06 12:03:05 | INFO |   Works accurately for both adaptive and fixed timestep modes
2025-11-06 12:03:05 | INFO | DEBUG: PID controller NOT enabled (enable_pid_controller=False)
2025-11-06 12:03:05 | INFO | === Phase 5: Setting up output writers ===
2025-11-06 12:03:05 | INFO | GSD output setup for adaptive timestep mode:
2025-11-06 12:03:05 | INFO |   GSD trigger: every 1000 steps (target: 1.000 ps)
2025-11-06 12:03:05 | INFO |   Note: GSD timing may vary slightly due to adaptive timestep changes
2025-11-06 12:03:05 | INFO | GSD writer added for file: prod-496.gsd
2025-11-06 12:03:05 | INFO |   GSD output period: 1.000 ps
2025-11-06 12:03:05 | INFO |   GSD truncate mode: False (append to existing file)
2025-11-06 12:03:05 | INFO |  Console output setup completed:
2025-11-06 12:03:05 | INFO |   Output period: 1.000 ps (accurate time-based)
2025-11-06 12:03:05 | INFO |   Lambda coupling column: 4.200000e-02 (dimensionless) (displayed in real-time)
2025-11-06 12:03:05 | INFO |   Console tracker handles timing internally using ElapsedTimeTracker
2025-11-06 12:03:05 | INFO |   Works accurately for both adaptive and fixed timestep modes
2025-11-06 12:03:05 | INFO |  FIXED: Console output now uses precise time-based logic
2025-11-06 12:03:05 | INFO |   Both console and energy tracker use accurate timing
2025-11-06 12:03:05 | INFO |   GSD output timing may vary slightly but is less critical
2025-11-06 12:03:05 | INFO | === Phase 6: Running simulation ===
2025-11-06 12:03:05 | INFO | Starting adaptive timestep simulation for 3000.0 ps
2025-11-06 12:03:05 | INFO | Using max steps: 999999999 (will exit when runtime reached)
2025-11-06 12:03:05 | INFO | Initial timestep: 36.515879 a.u. (0.883 fs)
2025-11-06 12:03:05 | INFO | Timestep will adapt dynamically (error_tolerance = 2.0)
Added F(k,t) reference 0 at t = 0.001 ps
[HDF5 Writer DEBUG] timestep=37350001, current_time_ps=0.001, last_output_time=None, write_count=0
[HDF5 Writer DEBUG] Writing data point 0 at time 0.001 ps
[HDF5 Writer DEBUG] timestep=37350002, current_time_ps=0.002, last_output_time=0.0008832767610028149, write_count=1
[HDF5 Writer DEBUG] Skipping output: not time yet (current=0.002, last=0.0008832767610028149, period=0.01)
[HDF5 Writer DEBUG] timestep=37350003, current_time_ps=0.003, last_output_time=0.0008832767610028149, write_count=1
[HDF5 Writer DEBUG] Skipping output: not time yet (current=0.003, last=0.0008832767610028149, period=0.01)
[HDF5 Writer DEBUG] timestep=37350004, current_time_ps=0.004, last_output_time=0.0008832767610028149, write_count=1
[HDF5 Writer DEBUG] Skipping output: not time yet (current=0.004, last=0.0008832767610028149, period=0.01)
[HDF5 Writer DEBUG] timestep=37350005, current_time_ps=0.004, last_output_time=0.0008832767610028149, write_count=1
[HDF5 Writer DEBUG] Skipping output: not time yet (current=0.004, last=0.0008832767610028149, period=0.01)
[HDF5 Writer DEBUG] timestep=37350006, current_time_ps=0.005, last_output_time=0.0008832767610028149, write_count=1
[HDF5 Writer DEBUG] Skipping output: not time yet (current=0.005, last=0.0008832767610028149, period=0.01)
[HDF5 Writer DEBUG] timestep=37350007, current_time_ps=0.006, last_output_time=0.0008832767610028149, write_count=1
[HDF5 Writer DEBUG] Skipping output: not time yet (current=0.006, last=0.0008832767610028149, period=0.01)
[HDF5 Writer DEBUG] timestep=37350008, current_time_ps=0.007, last_output_time=0.0008832767610028149, write_count=1
[HDF5 Writer DEBUG] Skipping output: not time yet (current=0.007, last=0.0008832767610028149, period=0.01)
[HDF5 Writer DEBUG] timestep=37350009, current_time_ps=0.008, last_output_time=0.0008832767610028149, write_count=1
[HDF5 Writer DEBUG] Skipping output: not time yet (current=0.008, last=0.0008832767610028149, period=0.01)
[HDF5 Writer DEBUG] timestep=37350010, current_time_ps=0.009, last_output_time=0.0008832767610028149, write_count=1
[HDF5 Writer DEBUG] Skipping output: not time yet (current=0.009, last=0.0008832767610028149, period=0.01)
[HDF5 Writer DEBUG] timestep=37350011, current_time_ps=0.010, last_output_time=0.0008832767610028149, write_count=1
[HDF5 Writer DEBUG] Skipping output: not time yet (current=0.010, last=0.0008832767610028149, period=0.01)
[HDF5 Writer DEBUG] timestep=37350012, current_time_ps=0.011, last_output_time=0.0008832767610028149, write_count=1
[HDF5 Writer DEBUG] Skipping output: not time yet (current=0.011, last=0.0008832767610028149, period=0.01)
[HDF5 Writer DEBUG] timestep=37350013, current_time_ps=0.011, last_output_time=0.0008832767610028149, write_count=1
[HDF5 Writer DEBUG] Writing data point 1 at time 0.011 ps
[HDF5 Writer DEBUG] timestep=37350014, current_time_ps=0.012, last_output_time=0.011482597893036593, write_count=2
[HDF5 Writer DEBUG] Skipping output: not time yet (current=0.012, last=0.011482597893036593, period=0.01)
[HDF5 Writer DEBUG] timestep=37350015, current_time_ps=0.013, last_output_time=0.011482597893036593, write_count=2
[HDF5 Writer DEBUG] Skipping output: not time yet (current=0.013, last=0.011482597893036593, period=0.01)
[HDF5 Writer DEBUG] timestep=37350016, current_time_ps=0.014, last_output_time=0.011482597893036593, write_count=2
[HDF5 Writer DEBUG] Skipping output: not time yet (current=0.014, last=0.011482597893036593, period=0.01)
[HDF5 Writer DEBUG] timestep=37350017, current_time_ps=0.015, last_output_time=0.011482597893036593, write_count=2
[HDF5 Writer DEBUG] Skipping output: not time yet (current=0.015, last=0.011482597893036593, period=0.01)
[HDF5 Writer DEBUG] timestep=37350018, current_time_ps=0.016, last_output_time=0.011482597893036593, write_count=2
[HDF5 Writer DEBUG] Skipping output: not time yet (current=0.016, last=0.011482597893036593, period=0.01)
[HDF5 Writer DEBUG] timestep=37350019, current_time_ps=0.017, last_output_time=0.011482597893036593, write_count=2
[HDF5 Writer DEBUG] Skipping output: not time yet (current=0.017, last=0.011482597893036593, period=0.01)
[HDF5 Writer DEBUG] timestep=37350020, current_time_ps=0.018, last_output_time=0.011482597893036593, write_count=2
[HDF5 Writer DEBUG] Skipping output: not time yet (current=0.018, last=0.011482597893036593, period=0.01)
[HDF5 Writer DEBUG] timestep=37350021, current_time_ps=0.019, last_output_time=0.011482597893036593, write_count=2
[HDF5 Writer DEBUG] Skipping output: not time yet (current=0.019, last=0.011482597893036593, period=0.01)
[HDF5 Writer DEBUG] timestep=37350022, current_time_ps=0.019, last_output_time=0.011482597893036593, write_count=2
[HDF5 Writer DEBUG] Skipping output: not time yet (current=0.019, last=0.011482597893036593, period=0.01)
[HDF5 Writer DEBUG] timestep=37350023, current_time_ps=0.020, last_output_time=0.011482597893036593, write_count=2
[HDF5 Writer DEBUG] Skipping output: not time yet (current=0.020, last=0.011482597893036593, period=0.01)
[HDF5 Writer DEBUG] timestep=37350024, current_time_ps=0.021, last_output_time=0.011482597893036593, write_count=2
[HDF5 Writer DEBUG] Skipping output: not time yet (current=0.021, last=0.011482597893036593, period=0.01)
[HDF5 Writer DEBUG] timestep=37350025, current_time_ps=0.022, last_output_time=0.011482597893036593, write_count=2
[HDF5 Writer DEBUG] Writing data point 2 at time 0.022 ps
✓ SWMR mode enabled - file can now be read concurrently
Simulation.timestep  Simulation.tps Time.elapsed_ps Performance.ns_per_day Performance.eta   Cavity.lambda Adaptive.error_tolerance
       37351141        67.79955         1.00021            5.04        14:16:34        4.20e-02        2.00e+00
       37352354        67.87749         2.00088            4.94        14:33:49        4.20e-02        2.00e+00
       37353704        67.94527         3.00122            4.73        15:12:28        4.20e-02        2.00e+00
       37354993        68.04982         4.00132            4.69        15:19:31        4.20e-02        2.00e+00
       37356267        68.05271         5.00154            4.68        15:22:11        4.20e-02        2.00e+00
       37357531        68.07767         6.00206            4.67        15:22:17        4.20e-02        2.00e+00
       37358859        68.34948         7.00217            4.66        15:25:34        4.20e-02        2.00e+00
       37359959        68.34984         8.00288            4.73        15:09:51        4.20e-02        2.00e+00
DEBUG @ t=37360000: current_coupling=0.042, last=0.042
       37361280        68.38523         9.00330            4.71        15:15:01        4.20e-02        2.00e+00
       37362607        68.39168        10.00381            4.68        15:19:48        4.20e-02        2.00e+00
       37363889        68.46353        11.00428            4.68        15:19:47        4.20e-02        2.00e+00
       37365125        68.61723        12.00475            4.70        15:15:41        4.20e-02        2.00e+00
       37366352        68.63073        13.00480            4.71        15:13:16        4.20e-02        2.00e+00
       37367560        68.67228        14.00558            4.73        15:09:43        4.20e-02        2.00e+00
       37368700        68.76932        15.00633            4.76        15:02:33        4.20e-02        2.00e+00
DEBUG @ t=37370000: current_coupling=0.042, last=0.042
       37370014        68.90382        16.00681            4.76        15:03:26        4.20e-02        2.00e+00
       37371273        68.88394        17.00697            4.75        15:03:41        4.20e-02        2.00e+00
       37372448        68.86966        18.00772            4.77        15:00:27        4.20e-02        2.00e+00
       37373639        68.86579        19.00784            4.78        14:58:02        4.20e-02        2.00e+00
       37374971        68.87495        20.00853            4.76        15:00:44        4.20e-02        2.00e+00
       37376204        68.95109        21.00867            4.77        14:58:52        4.20e-02        2.00e+00
       37377498        69.04846        22.00881            4.77        14:58:47        4.20e-02        2.00e+00
       37378719        69.06008        23.00931            4.78        14:57:24        4.20e-02        2.00e+00
       37379992        69.04114        24.00975            4.77        14:58:03        4.20e-02        2.00e+00
DEBUG @ t=37380000: current_coupling=0.042, last=0.042
       37381016        69.03317        25.00989            4.81        14:51:21        4.20e-02        2.00e+00
       37382154        69.01704        26.01011            4.82        14:48:24        4.20e-02        2.00e+00
       37383287        69.05156        27.01064            4.84        14:44:53        4.20e-02        2.00e+00
       37384458        69.08373        28.01122            4.85        14:42:34        4.20e-02        2.00e+00
       37385649        69.07443        29.01177            4.85        14:41:23        4.20e-02        2.00e+00
       37386770        69.06614        30.01249            4.87        14:38:35        4.20e-02        2.00e+00
       37387908        69.04513        31.01311            4.88        14:36:30        4.20e-02        2.00e+00
       37389007        69.02984        32.01356            4.89        14:33:37        4.20e-02        2.00e+00
DEBUG @ t=37390000: current_coupling=0.042, last=0.042
       37390202        69.02334        33.01380            4.89        14:32:52        4.20e-02        2.00e+00
       37391338        69.01742        34.01408            4.90        14:30:54        4.20e-02        2.00e+00
       37392494        69.00542        35.01424            4.91        14:29:32        4.20e-02        2.00e+00
       37393719        69.01666        36.01453            4.91        14:29:18        4.20e-02        2.00e+00
       37394890        69.01229        37.01459            4.91        14:28:14        4.20e-02        2.00e+00
       37395959        69.00432        38.01485            4.93        14:25:19        4.20e-02        2.00e+00
       37397077        69.01016        39.01498            4.94        14:23:16        4.20e-02        2.00e+00
       37398201        69.01450        40.01504            4.95        14:21:26        4.20e-02        2.00e+00
       37399299        69.00815        41.01579            4.96        14:19:20        4.20e-02        2.00e+00
DEBUG @ t=37400000: current_coupling=0.042, last=0.042
[HDF5 Writer DEBUG] timestep=37400000, current_time_ps=41.641, last_output_time=41.63293741462565, write_count=3993
       37400376        69.01547        42.01620            4.97        14:16:49        4.20e-02        2.00e+00
       37401433        69.01617        43.01699            4.99        14:14:08        4.20e-02        2.00e+00
       37402512        69.02497        44.01740            5.00        14:11:50        4.20e-02        2.00e+00
       37403544        69.02232        45.01758            5.01        14:09:01        4.20e-02        2.00e+00
       37404594        69.00030        46.01834            5.02        14:06:49        4.20e-02        2.00e+00
       37405640        68.97868        47.01893            5.03        14:04:39        4.20e-02        2.00e+00
       37406753        68.99024        48.01962            5.04        14:03:09        4.20e-02        2.00e+00
       37407855        68.99371        49.02001            5.05        14:01:39        4.20e-02        2.00e+00
       37408929        68.98885        50.02058            5.06        13:59:54        4.20e-02        2.00e+00
       37409938        68.97939        51.02062            5.07        13:57:21        4.20e-02        2.00e+00
DEBUG @ t=37410000: current_coupling=0.042, last=0.042
       37411059        68.97439        52.02079            5.08        13:56:23        4.20e-02        2.00e+00
       37412156        68.97238        53.02118            5.08        13:55:05        4.20e-02        2.00e+00
       37413241        68.97845        54.02183            5.09        13:53:34        4.20e-02        2.00e+00
       37414359        68.96829        55.02233            5.09        13:52:42        4.20e-02        2.00e+00
       37415491        68.95684        56.02281            5.09        13:52:04        4.20e-02        2.00e+00
       37416675        68.94042        57.02363            5.09        13:52:09        4.20e-02        2.00e+00
       37417821        68.92744        58.02423            5.09        13:51:44        4.20e-02        2.00e+00
       37419013        68.90976        59.02451            5.09        13:51:56        4.20e-02        2.00e+00
DEBUG @ t=37420000: current_coupling=0.042, last=0.042
       37420142        68.92454        60.02519            5.09        13:50:59        4.20e-02        2.00e+00
       37421316        68.91595        61.02554            5.09        13:50:52        4.20e-02        2.00e+00
       37422337        68.90614        62.02634            5.10        13:48:59        4.20e-02        2.00e+00
       37423416        68.90742        63.02683            5.11        13:47:42        4.20e-02        2.00e+00
       37424472        68.89684        64.02759            5.12        13:46:19        4.20e-02        2.00e+00
       37425596        68.88353        65.02820            5.12        13:45:46        4.20e-02        2.00e+00
       37426599        68.87268        66.02866            5.13        13:43:53        4.20e-02        2.00e+00
       37427569        68.86614        67.02898            5.14        13:41:40        4.20e-02        2.00e+00
       37428652        68.85961        68.02938            5.14        13:40:40        4.20e-02        2.00e+00
       37429838        68.84630        69.02983            5.14        13:40:51        4.20e-02        2.00e+00
DEBUG @ t=37430000: current_coupling=0.042, last=0.042
       37430869        68.84738        70.02992            5.15        13:39:17        4.20e-02        2.00e+00
       37431873        68.84128        71.03080            5.16        13:37:33        4.20e-02        2.00e+00
       37432992        68.85204        72.03133            5.16        13:36:49        4.20e-02        2.00e+00
       37434011        68.85478        73.03146            5.17        13:35:12        4.20e-02        2.00e+00
       37435163        68.84682        74.03151            5.17        13:35:02        4.20e-02        2.00e+00
       37436168        68.84195        75.03240            5.18        13:33:26        4.20e-02        2.00e+00
       37437211        68.83689        76.03289            5.18        13:32:13        4.20e-02        2.00e+00
       37438266        68.82895        77.03296            5.19        13:31:11        4.20e-02        2.00e+00
       37439388        68.82027        78.03368            5.19        13:30:47        4.20e-02        2.00e+00
DEBUG @ t=37440000: current_coupling=0.042, last=0.042
       37440439        68.80910        79.03429            5.19        13:29:47        4.20e-02        2.00e+00
       37441570        68.80419        80.03455            5.19        13:29:26        4.20e-02        2.00e+00
       37442702        68.80153        81.03533            5.20        13:29:05        4.20e-02        2.00e+00
       37443833        68.80954        82.03553            5.20        13:28:35        4.20e-02        2.00e+00
       37445107        68.82035        83.03572            5.19        13:29:17        4.20e-02        2.00e+00
       37446321        68.83325        84.03591            5.19        13:29:26        4.20e-02        2.00e+00
       37447398        68.82471        85.03651            5.19        13:28:40        4.20e-02        2.00e+00
       37448652        68.82889        86.03665            5.19        13:29:14        4.20e-02        2.00e+00
       37449780        68.83884        87.03734            5.19        13:28:41        4.20e-02        2.00e+00
DEBUG @ t=37450000: current_coupling=0.042, last=0.042
       37451036        68.85669        88.03799            5.18        13:29:04        4.20e-02        2.00e+00
       37452276        68.85596        89.03859            5.18        13:29:31        4.20e-02        2.00e+00
       37453295        68.84861        90.03883            5.18        13:28:18        4.20e-02        2.00e+00
       37454424        68.83703        91.03948            5.18        13:28:01        4.20e-02        2.00e+00
       37455770        68.83620        92.04005            5.17        13:29:16        4.20e-02        2.00e+00
       37457011        68.84590        93.04027            5.17        13:29:34        4.20e-02        2.00e+00
       37458082        68.84142        94.04067            5.17        13:28:44        4.20e-02        2.00e+00
       37459181        68.83190        95.04087            5.18        13:28:12        4.20e-02        2.00e+00
DEBUG @ t=37460000: current_coupling=0.042, last=0.042
       37460469        68.83333        96.04148            5.17        13:28:55        4.20e-02        2.00e+00
       37461598        68.82987        97.04216            5.17        13:28:31        4.20e-02        2.00e+00
       37462651        68.82684        98.04228            5.17        13:27:34        4.20e-02        2.00e+00
       37463692        68.83422        99.04240            5.18        13:26:26        4.20e-02        2.00e+00
       37464740        68.82915       100.04290            5.18        13:25:31        4.20e-02        2.00e+00
       37465789        68.82170       101.04376            5.19        13:24:38        4.20e-02        2.00e+00
       37466826        68.82128       102.04442            5.19        13:23:36        4.20e-02        2.00e+00
       37467837        68.82497       103.04459            5.20        13:22:22        4.20e-02        2.00e+00
       37468845        68.83355       104.04475            5.21        13:21:05        4.20e-02        2.00e+00
       37469963        68.84394       105.04534            5.21        13:20:31        4.20e-02        2.00e+00
DEBUG @ t=37470000: current_coupling=0.042, last=0.042
       37470974        68.84194       106.04621            5.21        13:19:23        4.20e-02        2.00e+00
       37472163        68.83622       107.04684            5.21        13:19:29        4.20e-02        2.00e+00
       37473391        68.82725       108.04685            5.21        13:19:53        4.20e-02        2.00e+00
       37474605        68.81968       109.04691            5.20        13:20:09        4.20e-02        2.00e+00
       37475804        68.81467       110.04712            5.20        13:20:17        4.20e-02        2.00e+00
       37476904        68.80960       111.04804            5.20        13:19:47        4.20e-02        2.00e+00
       37478083        68.80804       112.04831            5.20        13:19:45        4.20e-02        2.00e+00
       37479237        68.81298       113.04844            5.20        13:19:29        4.20e-02        2.00e+00
DEBUG @ t=37480000: current_coupling=0.042, last=0.042
       37480263        68.81075       114.04923            5.20        13:18:30        4.20e-02        2.00e+00
       37481394        68.81141       115.04953            5.20        13:18:09        4.20e-02        2.00e+00
       37482479        68.80981       116.04964            5.21        13:17:33        4.20e-02        2.00e+00
       37483530        68.81623       117.05044            5.21        13:16:39        4.20e-02        2.00e+00
       37484601        68.81167       118.05131            5.21        13:16:00        4.20e-02        2.00e+00
       37485695        68.81261       119.05207            5.22        13:15:26        4.20e-02        2.00e+00
       37486774        68.81098       120.05272            5.22        13:14:49        4.20e-02        2.00e+00
       37487867        68.80714       121.05302            5.22        13:14:19        4.20e-02        2.00e+00
       37488981        68.80382       122.05344            5.22        13:13:56        4.20e-02        2.00e+00
DEBUG @ t=37490000: current_coupling=0.042, last=0.042
       37490054        68.80456       123.05397            5.22        13:13:17        4.20e-02        2.00e+00
       37491177        68.80715       124.05417            5.22        13:12:53        4.20e-02        2.00e+00
       37492394        68.81380       125.05468            5.22        13:12:58        4.20e-02        2.00e+00
       37493452        68.81032       126.05538            5.22        13:12:17        4.20e-02        2.00e+00
       37494504        68.80944       127.05574            5.23        13:11:33        4.20e-02        2.00e+00
       37495568        68.82220       128.05605            5.23        13:10:43        4.20e-02        2.00e+00
       37496720        68.82605       129.05649            5.23        13:10:29        4.20e-02        2.00e+00
       37497800        68.82746       130.05718            5.23        13:09:53        4.20e-02        2.00e+00
       37498845        68.82842       131.05805            5.24        13:09:06        4.20e-02        2.00e+00
DEBUG @ t=37500000: current_coupling=0.042, last=0.042
[HDF5 Writer DEBUG] timestep=37500000, current_time_ps=131.993, last_output_time=131.99170465033296, write_count=12624
       37500063        68.83635       132.05889            5.23        13:09:10        4.20e-02        2.00e+00
       37501028        68.83268       133.05915            5.24        13:08:02        4.20e-02        2.00e+00
       37502166        68.82844       134.05981            5.24        13:07:49        4.20e-02        2.00e+00
       37503264        68.82600       135.05991            5.24        13:07:23        4.20e-02        2.00e+00
       37504377        68.83279       136.06065            5.24        13:06:54        4.20e-02        2.00e+00
       37505446        68.83072       137.06091            5.24        13:06:19        4.20e-02        2.00e+00
       37506433        68.82539       138.06180            5.25        13:05:22        4.20e-02        2.00e+00
       37507489        68.82075       139.06242            5.25        13:04:45        4.20e-02        2.00e+00
       37508605        68.81504       140.06257            5.25        13:04:28        4.20e-02        2.00e+00
       37509686        68.81057       141.06285            5.25        13:03:59        4.20e-02        2.00e+00
DEBUG @ t=37510000: current_coupling=0.042, last=0.042
       37510767        68.80985       142.06372            5.25        13:03:28        4.20e-02        2.00e+00
       37511787        68.81113       143.06407            5.26        13:02:38        4.20e-02        2.00e+00
       37512801        68.80576       144.06504            5.26        13:01:51        4.20e-02        2.00e+00
       37513924        68.80713       145.06562            5.26        13:01:31        4.20e-02        2.00e+00
       37514997        68.80673       146.06582            5.26        13:00:59        4.20e-02        2.00e+00
       37516059        68.80573       147.06652            5.26        13:00:24        4.20e-02        2.00e+00
       37517104        68.80315       148.06710            5.27        12:59:45        4.20e-02        2.00e+00
       37518235        68.80359       149.06776            5.27        12:59:29        4.20e-02        2.00e+00
       37519273        68.80232       150.06875            5.27        12:58:48        4.20e-02        2.00e+00
DEBUG @ t=37520000: current_coupling=0.042, last=0.042
       37520277        68.79904       151.06963            5.27        12:58:00        4.20e-02        2.00e+00
       37521338        68.79605       152.06972            5.27        12:57:27        4.20e-02        2.00e+00
       37522425        68.79042       153.07001            5.28        12:57:04        4.20e-02        2.00e+00
       37523507        68.78809       154.07087            5.28        12:56:37        4.20e-02        2.00e+00
       37524538        68.78779       155.07097            5.28        12:55:55        4.20e-02        2.00e+00
       37525606        68.78952       156.07151            5.28        12:55:22        4.20e-02        2.00e+00
       37526621        68.79225       157.07209            5.29        12:54:35        4.20e-02        2.00e+00
       37527677        68.79749       158.07278            5.29        12:53:57        4.20e-02        2.00e+00
       37528833        68.79362       159.07352            5.29        12:53:51        4.20e-02        2.00e+00
       37529870        68.78854       160.07377            5.29        12:53:16        4.20e-02        2.00e+00
DEBUG @ t=37530000: current_coupling=0.042, last=0.042
       37530859        68.78582       161.07417            5.29        12:52:26        4.20e-02        2.00e+00
       37531904        68.78347       162.07422            5.29        12:51:52        4.20e-02        2.00e+00
       37532912        68.78053       163.07494            5.30        12:51:08        4.20e-02        2.00e+00
       37533964        68.77817       164.07534            5.30        12:50:36        4.20e-02        2.00e+00
       37535139        68.77395       165.07591            5.30        12:50:36        4.20e-02        2.00e+00
       37536286        68.76894       166.07666            5.30        12:50:29        4.20e-02        2.00e+00
       37537375        68.76393       167.07680            5.30        12:50:08        4.20e-02        2.00e+00
       37538515        68.75948       168.07717            5.30        12:49:59        4.20e-02        2.00e+00
       37539605        68.75494       169.07781            5.30        12:49:38        4.20e-02        2.00e+00
DEBUG @ t=37540000: current_coupling=0.042, last=0.042
       37540730        68.75050       170.07834            5.30        12:49:25        4.20e-02        2.00e+00
       37541843        68.74636       171.07914            5.30        12:49:09        4.20e-02        2.00e+00
       37542931        68.74091       172.07967            5.30        12:48:48        4.20e-02        2.00e+00
       37544024        68.74336       173.07967            5.30        12:48:24        4.20e-02        2.00e+00
       37545145        68.74869       174.08050            5.30        12:48:04        4.20e-02        2.00e+00
       37546239        68.74905       175.08095            5.30        12:47:41        4.20e-02        2.00e+00
       37547384        68.75882       176.08105            5.30        12:47:23        4.20e-02        2.00e+00
       37548489        68.75749       177.08174            5.30        12:47:04        4.20e-02        2.00e+00
       37549574        68.75317       178.08183            5.30        12:46:42        4.20e-02        2.00e+00
DEBUG @ t=37550000: current_coupling=0.042, last=0.042
       37550706        68.75363       179.08247            5.30        12:46:28        4.20e-02        2.00e+00
       37551794        68.74918       180.08311            5.30        12:46:07        4.20e-02        2.00e+00
       37552830        68.74703       181.08352            5.30        12:45:33        4.20e-02        2.00e+00
       37553849        68.74483       182.08395            5.30        12:44:55        4.20e-02        2.00e+00
       37554913        68.74732       183.08433            5.31        12:44:25        4.20e-02        2.00e+00
       37555943        68.74560       184.08527            5.31        12:43:49        4.20e-02        2.00e+00
       37557076        68.74695       185.08537            5.31        12:43:35        4.20e-02        2.00e+00
       37558149        68.74877       186.08623            5.31        12:43:07        4.20e-02        2.00e+00
       37559201        68.75309       187.08683            5.31        12:42:34        4.20e-02        2.00e+00
DEBUG @ t=37560000: current_coupling=0.042, last=0.042
       37560233        68.74794       188.08705            5.31        12:42:02        4.20e-02        2.00e+00
       37561392        68.74343       189.08736            5.31        12:41:57        4.20e-02        2.00e+00
       37562493        68.73875       190.08821            5.31        12:41:40        4.20e-02        2.00e+00
       37563535        68.73829       191.08920            5.31        12:41:08        4.20e-02        2.00e+00
       37564523        68.74091       192.08932            5.32        12:40:22        4.20e-02        2.00e+00
       37565495        68.74020       193.08938            5.32        12:39:36        4.20e-02        2.00e+00
       37566549        68.73732       194.09016            5.32        12:39:08        4.20e-02        2.00e+00
       37567626        68.73939       195.09055            5.32        12:38:42        4.20e-02        2.00e+00
       37568671        68.73930       196.09086            5.33        12:38:12        4.20e-02        2.00e+00
       37569782        68.74244       197.09130            5.33        12:37:52        4.20e-02        2.00e+00
DEBUG @ t=37570000: current_coupling=0.042, last=0.042
       37570825        68.74067       198.09147            5.33        12:37:22        4.20e-02        2.00e+00
       37571969        68.74374       199.09164            5.33        12:37:10        4.20e-02        2.00e+00
SWITCH DETECTED at timestep 37572956: t = 200.000493 ps
  Forcing immediate timestep adjustment for shock dampening
Added F(k,t) reference 1 at t = 200.001 ps
       37573056        68.74271       200.09237            5.33        12:36:49        4.20e-02        2.00e+00
       37574134        68.74106       201.09322            5.33        12:36:26        4.20e-02        2.00e+00
       37575185        68.74078       202.09375            5.33        12:35:57        4.20e-02        2.00e+00
       37576325        68.74343       203.09376            5.33        12:35:44        4.20e-02        2.00e+00
       37577407        68.74524       204.09435            5.33        12:35:20        4.20e-02        2.00e+00
       37578454        68.74586       205.09476            5.33        12:34:50        4.20e-02        2.00e+00
       37579512        68.74933       206.09493            5.33        12:34:20        4.20e-02        2.00e+00
DEBUG @ t=37580000: current_coupling=0.042, last=0.042
       37580601        68.74698       207.09557            5.33        12:34:01        4.20e-02        2.00e+00
       37581744        68.75223       208.09640            5.33        12:33:47        4.20e-02        2.00e+00
       37582793        68.75835       209.09692            5.34        12:33:14        4.20e-02        2.00e+00
       37583972        68.75877       210.09739            5.33        12:33:10        4.20e-02        2.00e+00
       37585141        68.75696       211.09826            5.33        12:33:05        4.20e-02        2.00e+00
       37586103        68.75553       212.09874            5.34        12:32:21        4.20e-02        2.00e+00
       37587052        68.75116       213.09883            5.34        12:31:36        4.20e-02        2.00e+00
       37587986        68.74712       214.09919            5.34        12:30:49        4.20e-02        2.00e+00
       37588925        68.74302       215.10000            5.35        12:30:03        4.20e-02        2.00e+00
       37589880        68.73986       216.10093            5.35        12:29:19        4.20e-02        2.00e+00
DEBUG @ t=37590000: current_coupling=0.042, last=0.042
       37591061        68.73819       217.10098            5.35        12:29:17        4.20e-02        2.00e+00
       37592101        68.73491       218.10166            5.35        12:28:50        4.20e-02        2.00e+00
       37593226        68.73413       219.10214            5.35        12:28:37        4.20e-02        2.00e+00
       37594181        68.73208       220.10282            5.35        12:27:53        4.20e-02        2.00e+00
       37595235        68.73167       221.10319            5.35        12:27:27        4.20e-02        2.00e+00
       37596354        68.73431       222.10339            5.35        12:27:11        4.20e-02        2.00e+00
       37597460        68.73834       223.10433            5.35        12:26:52        4.20e-02        2.00e+00
       37598528        68.73959       224.10435            5.35        12:26:27        4.20e-02        2.00e+00
       37599561        68.74042       225.10443            5.36        12:25:57        4.20e-02        2.00e+00
DEBUG @ t=37600000: current_coupling=0.042, last=0.042
[HDF5 Writer DEBUG] timestep=37600000, current_time_ps=225.550, last_output_time=225.54460197697483, write_count=21586
       37600548        68.73794       226.10468            5.36        12:25:21        4.20e-02        2.00e+00
       37601594        68.73758       227.10469            5.36        12:24:54        4.20e-02        2.00e+00
       37602693        68.74390       228.10495            5.36        12:24:32        4.20e-02        2.00e+00
       37603744        68.74118       229.10562            5.36        12:24:07        4.20e-02        2.00e+00
       37604782        68.74659       230.10625            5.36        12:23:35        4.20e-02        2.00e+00
       37605790        68.74930       231.10639            5.37        12:23:00        4.20e-02        2.00e+00
       37606843        68.74935       232.10671            5.37        12:22:35        4.20e-02        2.00e+00
       37607900        68.75061       233.10682            5.37        12:22:09        4.20e-02        2.00e+00
       37608940        68.75119       234.10726            5.37        12:21:41        4.20e-02        2.00e+00
       37609955        68.74942       235.10755            5.37        12:21:11        4.20e-02        2.00e+00
DEBUG @ t=37610000: current_coupling=0.042, last=0.042
       37610980        68.74884       236.10801            5.37        12:20:41        4.20e-02        2.00e+00
       37612148        68.74740       237.10838            5.37        12:20:36        4.20e-02        2.00e+00
       37613323        68.74533       238.10866            5.37        12:20:33        4.20e-02        2.00e+00
       37614351        68.74180       239.10882            5.37        12:20:06        4.20e-02        2.00e+00
       37615495        68.74126       240.10944            5.37        12:19:57        4.20e-02        2.00e+00
       37616702        68.74981       241.11003            5.37        12:19:52        4.20e-02        2.00e+00
       37617714        68.76100       242.11078            5.37        12:19:13        4.20e-02        2.00e+00
       37618679        68.76008       243.11164            5.38        12:18:34        4.20e-02        2.00e+00
       37619625        68.76136       244.11169            5.38        12:17:51        4.20e-02        2.00e+00
DEBUG @ t=37620000: current_coupling=0.042, last=0.042
       37620586        68.75905       245.11233            5.38        12:17:13        4.20e-02        2.00e+00
       37621647        68.76072       246.11313            5.38        12:16:48        4.20e-02        2.00e+00
       37622701        68.75944       247.11330            5.38        12:16:25        4.20e-02        2.00e+00
       37623885        68.76020       248.11368            5.38        12:16:21        4.20e-02        2.00e+00
       37624885        68.76115       249.11377            5.38        12:15:48        4.20e-02        2.00e+00
       37626000        68.76050       250.11394            5.38        12:15:34        4.20e-02        2.00e+00
       37627149        68.76313       251.11451            5.38        12:15:24        4.20e-02        2.00e+00
       37628349        68.76171       252.11453            5.38        12:15:24        4.20e-02        2.00e+00
       37629434        68.76040       253.11465            5.38        12:15:06        4.20e-02        2.00e+00
DEBUG @ t=37630000: current_coupling=0.042, last=0.042
       37630506        68.75822       254.11495            5.38        12:14:46        4.20e-02        2.00e+00
       37631663        68.75698       255.11531            5.38        12:14:39        4.20e-02        2.00e+00
       37632821        68.75364       256.11585            5.38        12:14:33        4.20e-02        2.00e+00
       37633814        68.75193       257.11654            5.38        12:14:01        4.20e-02        2.00e+00
       37634786        68.75118       258.11695            5.38        12:13:25        4.20e-02        2.00e+00
       37635902        68.75217       259.11717            5.38        12:13:10        4.20e-02        2.00e+00
       37637091        68.75292       260.11756            5.38        12:13:06        4.20e-02        2.00e+00
       37638263        68.75465       261.11795            5.38        12:13:00        4.20e-02        2.00e+00
       37639254        68.75307       262.11848            5.38        12:12:27        4.20e-02        2.00e+00
DEBUG @ t=37640000: current_coupling=0.042, last=0.042
       37640432        68.75033       263.11892            5.38        12:12:24        4.20e-02        2.00e+00
       37641542        68.74878       264.11907            5.38        12:12:10        4.20e-02        2.00e+00
       37642604        68.74815       265.11946            5.38        12:11:48        4.20e-02        2.00e+00
       37643620        68.74686       266.12024            5.38        12:11:19        4.20e-02        2.00e+00
       37644730        68.75296       267.12101            5.38        12:11:00        4.20e-02        2.00e+00
       37645876        68.76158       268.12168            5.38        12:10:45        4.20e-02        2.00e+00
       37647007        68.76185       269.12258            5.38        12:10:33        4.20e-02        2.00e+00
       37648127        68.75926       270.12338            5.38        12:10:21        4.20e-02        2.00e+00
       37649279        68.75725       271.12410            5.38        12:10:13        4.20e-02        2.00e+00
DEBUG @ t=37650000: current_coupling=0.042, last=0.042
       37650272        68.75509       272.12465            5.38        12:09:42        4.20e-02        2.00e+00
       37651324        68.75305       273.12496            5.38        12:09:19        4.20e-02        2.00e+00
       37652418        68.75323       274.12560            5.38        12:09:02        4.20e-02        2.00e+00
       37653624        68.75077       275.12590            5.38        12:09:02        4.20e-02        2.00e+00
       37654799        68.74919       276.12591            5.38        12:08:57        4.20e-02        2.00e+00
       37655865        68.74659       277.12619            5.38        12:08:37        4.20e-02        2.00e+00
       37656889        68.74342       278.12619            5.38        12:08:12        4.20e-02        2.00e+00
       37658018        68.73968       279.12684            5.38        12:08:02        4.20e-02        2.00e+00
       37659095        68.73602       280.12705            5.38        12:07:44        4.20e-02        2.00e+00
DEBUG @ t=37660000: current_coupling=0.042, last=0.042
       37660246        68.73550       281.12721            5.38        12:07:35        4.20e-02        2.00e+00
       37661274        68.73272       282.12796            5.38        12:07:10        4.20e-02        2.00e+00
       37662355        68.72969       283.12877            5.38        12:06:53        4.20e-02        2.00e+00
       37663423        68.72642       284.12947            5.38        12:06:34        4.20e-02        2.00e+00
       37664566        68.72601       285.12973            5.38        12:06:23        4.20e-02        2.00e+00
       37665670        68.72503       286.13017            5.38        12:06:08        4.20e-02        2.00e+00
       37666851        68.72769       287.13091            5.38        12:06:01        4.20e-02        2.00e+00
       37667917        68.72539       288.13096            5.38        12:05:41        4.20e-02        2.00e+00
       37669007        68.72623       289.13171            5.38        12:05:23        4.20e-02        2.00e+00
DEBUG @ t=37670000: current_coupling=0.042, last=0.042
       37670082        68.72357       290.13200            5.38        12:05:04        4.20e-02        2.00e+00
       37671130        68.72197       291.13271            5.38        12:04:42        4.20e-02        2.00e+00
       37672119        68.71918       292.13298            5.38        12:04:12        4.20e-02        2.00e+00
       37673167        68.71694       293.13327            5.39        12:03:50        4.20e-02        2.00e+00
       37674203        68.71433       294.13361            5.39        12:03:27        4.20e-02        2.00e+00
       37675223        68.71403       295.13372            5.39        12:03:00        4.20e-02        2.00e+00
       37676277        68.71395       296.13379            5.39        12:02:37        4.20e-02        2.00e+00
       37677245        68.71244       297.13415            5.39        12:02:04        4.20e-02        2.00e+00
       37678251        68.71334       298.13500            5.39        12:01:35        4.20e-02        2.00e+00
       37679344        68.72027       299.13501            5.39        12:01:14        4.20e-02        2.00e+00
DEBUG @ t=37680000: current_coupling=0.042, last=0.042
       37680387        68.72029       300.13582            5.39        12:00:50        4.20e-02        2.00e+00
       37681458        68.71732       301.13637            5.39        12:00:32        4.20e-02        2.00e+00
       37682529        68.71362       302.13693            5.39        12:00:14        4.20e-02        2.00e+00
       37683542        68.70985       303.13774            5.40        11:59:49        4.20e-02        2.00e+00
       37684530        68.70619       304.13819            5.40        11:59:21        4.20e-02        2.00e+00
       37685561        68.70276       305.13826            5.40        11:58:58        4.20e-02        2.00e+00
       37686612        68.70012       306.13901            5.40        11:58:37        4.20e-02        2.00e+00
       37687620        68.69934       307.13926            5.40        11:58:10        4.20e-02        2.00e+00
       37688693        68.69892       308.13954            5.40        11:57:51        4.20e-02        2.00e+00
       37689693        68.69808       309.14056            5.40        11:57:23        4.20e-02        2.00e+00
DEBUG @ t=37690000: current_coupling=0.042, last=0.042
       37690777        68.69587       310.14085            5.40        11:57:06        4.20e-02        2.00e+00
       37691789        68.69221       311.14127            5.40        11:56:41        4.20e-02        2.00e+00
       37693012        68.68915       312.14174            5.40        11:56:43        4.20e-02        2.00e+00
       37694059        68.68646       313.14200            5.40        11:56:22        4.20e-02        2.00e+00
       37695144        68.68477       314.14208            5.40        11:56:05        4.20e-02        2.00e+00
       37696272        68.68250       315.14275            5.40        11:55:54        4.20e-02        2.00e+00
       37697378        68.68269       316.14339            5.40        11:55:39        4.20e-02        2.00e+00
       37698614        68.68650       317.14359            5.40        11:55:38        4.20e-02        2.00e+00
       37699756        68.68782       318.14412            5.40        11:55:26        4.20e-02        2.00e+00
DEBUG @ t=37700000: current_coupling=0.042, last=0.042
[HDF5 Writer DEBUG] timestep=37700000, current_time_ps=318.371, last_output_time=318.36374134615164, write_count=30510
       37700778        68.68765       319.14508            5.40        11:55:00        4.20e-02        2.00e+00
       37701840        68.68596       320.14558            5.40        11:54:41        4.20e-02        2.00e+00
       37702859        68.68309       321.14582            5.40        11:54:17        4.20e-02        2.00e+00
       37703927        68.68075       322.14621            5.40        11:53:58        4.20e-02        2.00e+00
       37704921        68.67993       323.14684            5.40        11:53:30        4.20e-02        2.00e+00
       37705856        68.67812       324.14763            5.40        11:52:56        4.20e-02        2.00e+00
       37706865        68.67890       325.14841            5.41        11:52:28        4.20e-02        2.00e+00
       37707947        68.68188       326.14904            5.41        11:52:09        4.20e-02        2.00e+00
       37709118        68.68294       327.14929            5.41        11:52:01        4.20e-02        2.00e+00
DEBUG @ t=37710000: current_coupling=0.042, last=0.042
       37710225        68.68258       328.14988            5.41        11:51:46        4.20e-02        2.00e+00
       37711267        68.68479       329.15012            5.41        11:51:22        4.20e-02        2.00e+00
       37712316        68.68460       330.15035            5.41        11:51:00        4.20e-02        2.00e+00
       37713413        68.68909       331.15087            5.41        11:50:41        4.20e-02        2.00e+00
       37714597        68.68977       332.15136            5.41        11:50:35        4.20e-02        2.00e+00
       37715811        68.68837       333.15137            5.40        11:50:33        4.20e-02        2.00e+00
       37716928        68.68710       334.15144            5.40        11:50:20        4.20e-02        2.00e+00
       37717924        68.68770       335.15149            5.41        11:49:52        4.20e-02        2.00e+00
       37719109        68.68927       336.15225            5.40        11:49:45        4.20e-02        2.00e+00
DEBUG @ t=37720000: current_coupling=0.042, last=0.042
       37720197        68.69726       337.15294            5.41        11:49:23        4.20e-02        2.00e+00
       37721298        68.69733       338.15381            5.41        11:49:07        4.20e-02        2.00e+00
       37722295        68.69552       339.15382            5.41        11:48:41        4.20e-02        2.00e+00
       37723416        68.69298       340.15416            5.41        11:48:29        4.20e-02        2.00e+00
       37724463        68.69238       341.15440            5.41        11:48:08        4.20e-02        2.00e+00
       37725514        68.69271       342.15461            5.41        11:47:46        4.20e-02        2.00e+00
       37726644        68.69698       343.15521            5.41        11:47:31        4.20e-02        2.00e+00
       37727701        68.69788       344.15567            5.41        11:47:10        4.20e-02        2.00e+00
       37728740        68.69530       345.15571            5.41        11:46:49        4.20e-02        2.00e+00
       37729841        68.69595       346.15657            5.41        11:46:33        4.20e-02        2.00e+00
DEBUG @ t=37730000: current_coupling=0.042, last=0.042
       37730953        68.69810       347.15686            5.41        11:46:17        4.20e-02        2.00e+00
       37731984        68.69852       348.15736            5.41        11:45:54        4.20e-02        2.00e+00
       37733064        68.69743       349.15742            5.41        11:45:36        4.20e-02        2.00e+00
       37734237        68.69483       350.15778            5.41        11:45:30        4.20e-02        2.00e+00
       37735445        68.69411       351.15791            5.41        11:45:27        4.20e-02        2.00e+00
       37736549        68.69434       352.15884            5.41        11:45:11        4.20e-02        2.00e+00
       37737636        68.69223       353.15944            5.41        11:44:55        4.20e-02        2.00e+00
       37738764        68.69065       354.15952            5.41        11:44:44        4.20e-02        2.00e+00
       37739789        68.68823       355.15977            5.41        11:44:21        4.20e-02        2.00e+00
DEBUG @ t=37740000: current_coupling=0.042, last=0.042
       37740777        68.68675       356.16042            5.41        11:43:54        4.20e-02        2.00e+00
       37741773        68.68991       357.16108            5.41        11:43:25        4.20e-02        2.00e+00
       37742866        68.68964       358.16126            5.41        11:43:09        4.20e-02        2.00e+00
       37743963        68.68882       359.16154            5.41        11:42:54        4.20e-02        2.00e+00
       37745092        68.68822       360.16219            5.41        11:42:41        4.20e-02        2.00e+00
       37746163        68.68638       361.16241            5.41        11:42:24        4.20e-02        2.00e+00
       37747260        68.68661       362.16256            5.41        11:42:08        4.20e-02        2.00e+00
       37748329        68.68614       363.16256            5.41        11:41:49        4.20e-02        2.00e+00
       37749439        68.68526       364.16340            5.41        11:41:35        4.20e-02        2.00e+00
DEBUG @ t=37750000: current_coupling=0.042, last=0.042
       37750534        68.68363       365.16358            5.41        11:41:20        4.20e-02        2.00e+00
       37751620        68.68255       366.16421            5.41        11:41:03        4.20e-02        2.00e+00
       37752670        68.68061       367.16504            5.41        11:40:43        4.20e-02        2.00e+00
       37753711        68.68155       368.16589            5.41        11:40:21        4.20e-02        2.00e+00
       37754796        68.68124       369.16620            5.41        11:40:04        4.20e-02        2.00e+00
       37755929        68.68216       370.16668            5.41        11:39:51        4.20e-02        2.00e+00
       37756968        68.68231       371.16715            5.41        11:39:29        4.20e-02        2.00e+00
       37758004        68.68369       372.16718            5.41        11:39:06        4.20e-02        2.00e+00
       37759037        68.68175       373.16729            5.41        11:38:44        4.20e-02        2.00e+00
DEBUG @ t=37760000: current_coupling=0.042, last=0.042
       37760043        68.68148       374.16732            5.41        11:38:19        4.20e-02        2.00e+00
       37761098        68.68193       375.16783            5.42        11:37:59        4.20e-02        2.00e+00
       37762077        68.68186       376.16813            5.42        11:37:31        4.20e-02        2.00e+00
       37763139        68.68270       377.16831            5.42        11:37:11        4.20e-02        2.00e+00
       37764132        68.68233       378.16833            5.42        11:36:45        4.20e-02        2.00e+00
       37765115        68.68152       379.16908            5.42        11:36:18        4.20e-02        2.00e+00
       37766190        68.68123       380.16934            5.42        11:36:01        4.20e-02        2.00e+00
       37767228        68.68067       381.17012            5.42        11:35:39        4.20e-02        2.00e+00
       37768233        68.67875       382.17039            5.42        11:35:16        4.20e-02        2.00e+00
       37769301        68.67819       383.17087            5.42        11:34:57        4.20e-02        2.00e+00
DEBUG @ t=37770000: current_coupling=0.042, last=0.042
       37770383        68.67689       384.17142            5.42        11:34:41        4.20e-02        2.00e+00
       37771429        68.67712       385.17223            5.42        11:34:20        4.20e-02        2.00e+00
       37772460        68.67690       386.17248            5.42        11:33:58        4.20e-02        2.00e+00
       37773507        68.67532       387.17269            5.42        11:33:38        4.20e-02        2.00e+00
       37774552        68.67547       388.17324            5.42        11:33:17        4.20e-02        2.00e+00
       37775603        68.67615       389.17329            5.43        11:32:57        4.20e-02        2.00e+00
       37776696        68.67558       390.17408            5.43        11:32:41        4.20e-02        2.00e+00
       37777793        68.67426       391.17475            5.43        11:32:26        4.20e-02        2.00e+00
       37778889        68.67681       392.17561            5.43        11:32:09        4.20e-02        2.00e+00
       37779894        68.67623       393.17581            5.43        11:31:45        4.20e-02        2.00e+00
DEBUG @ t=37780000: current_coupling=0.042, last=0.042
       37780855        68.67448       394.17676            5.43        11:31:17        4.20e-02        2.00e+00
       37781839        68.67290       395.17682            5.43        11:30:51        4.20e-02        2.00e+00
       37782850        68.67080       396.17747            5.43        11:30:29        4.20e-02        2.00e+00
       37783792        68.66821       397.17781            5.43        11:30:00        4.20e-02        2.00e+00
       37784744        68.66608       398.17782            5.43        11:29:32        4.20e-02        2.00e+00
       37785778        68.66488       399.17850            5.43        11:29:11        4.20e-02        2.00e+00
Added F(k,t) reference 2 at t = 400.002 ps
       37786859        68.66562       400.17888            5.43        11:28:54        4.20e-02        2.00e+00
       37787878        68.66357       401.17888            5.44        11:28:32        4.20e-02        2.00e+00
       37788902        68.66135       402.17965            5.44        11:28:11        4.20e-02        2.00e+00
       37789958        68.65957       403.18046            5.44        11:27:53        4.20e-02        2.00e+00
DEBUG @ t=37790000: current_coupling=0.042, last=0.042
       37790997        68.66015       404.18061            5.44        11:27:32        4.20e-02        2.00e+00
       37791982        68.65883       405.18084            5.44        11:27:07        4.20e-02        2.00e+00
       37793073        68.65669       406.18166            5.44        11:26:52        4.20e-02        2.00e+00
       37794105        68.65585       407.18220            5.44        11:26:31        4.20e-02        2.00e+00
       37795112        68.65434       408.18270            5.44        11:26:09        4.20e-02        2.00e+00
       37796196        68.65564       409.18352            5.44        11:25:51        4.20e-02        2.00e+00
       37797314        68.65549       410.18406            5.44        11:25:38        4.20e-02        2.00e+00
       37798428        68.65549       411.18433            5.44        11:25:24        4.20e-02        2.00e+00
       37799487        68.65533       412.18470            5.44        11:25:06        4.20e-02        2.00e+00
DEBUG @ t=37800000: current_coupling=0.042, last=0.042
[HDF5 Writer DEBUG] timestep=37800000, current_time_ps=412.699, last_output_time=412.6952271945188, write_count=39542
       37800518        68.65528       413.18487            5.44        11:24:44        4.20e-02        2.00e+00
       37801628        68.65440       414.18497            5.44        11:24:31        4.20e-02        2.00e+00
       37802731        68.65218       415.18519            5.44        11:24:17        4.20e-02        2.00e+00
       37803850        68.64996       416.18559            5.44        11:24:05        4.20e-02        2.00e+00
       37804923        68.64789       417.18647            5.44        11:23:49        4.20e-02        2.00e+00
       37805908        68.64625       418.18733            5.44        11:23:24        4.20e-02        2.00e+00
       37806921        68.64619       419.18808            5.44        11:23:01        4.20e-02        2.00e+00
       37807900        68.64778       420.18842            5.44        11:22:35        4.20e-02        2.00e+00
       37808938        68.64777       421.18934            5.44        11:22:14        4.20e-02        2.00e+00
DEBUG @ t=37810000: current_coupling=0.042, last=0.042
       37810078        68.64762       422.18947            5.44        11:22:03        4.20e-02        2.00e+00
       37811051        68.64589       423.19015            5.44        11:21:37        4.20e-02        2.00e+00
       37812089        68.64419       424.19069            5.44        11:21:18        4.20e-02        2.00e+00
       37813105        68.64237       425.19069            5.44        11:20:57        4.20e-02        2.00e+00
       37814141        68.64161       426.19135            5.45        11:20:37        4.20e-02        2.00e+00
       37815203        68.64074       427.19203            5.45        11:20:19        4.20e-02        2.00e+00
       37816217        68.63995       428.19281            5.45        11:19:57        4.20e-02        2.00e+00
       37817276        68.64163       429.19360            5.45        11:19:37        4.20e-02        2.00e+00
       37818338        68.64377       430.19447            5.45        11:19:18        4.20e-02        2.00e+00
       37819380        68.64447       431.19521            5.45        11:18:57        4.20e-02        2.00e+00
DEBUG @ t=37820000: current_coupling=0.042, last=0.042
       37820376        68.64333       432.19563            5.45        11:18:34        4.20e-02        2.00e+00
       37821390        68.64123       433.19644            5.45        11:18:13        4.20e-02        2.00e+00
       37822422        68.63907       434.19733            5.45        11:17:53        4.20e-02        2.00e+00
       37823380        68.63818       435.19764            5.45        11:17:27        4.20e-02        2.00e+00
       37824334        68.63733       436.19803            5.45        11:17:00        4.20e-02        2.00e+00
       37825414        68.63714       437.19822            5.45        11:16:44        4.20e-02        2.00e+00
       37826455        68.63927       438.19904            5.45        11:16:22        4.20e-02        2.00e+00
       37827452        68.63877       439.19984            5.46        11:15:59        4.20e-02        2.00e+00
       37828472        68.63867       440.20013            5.46        11:15:38        4.20e-02        2.00e+00
       37829503        68.63856       441.20056            5.46        11:15:17        4.20e-02        2.00e+00
DEBUG @ t=37830000: current_coupling=0.042, last=0.042
       37830535        68.63805       442.20081            5.46        11:14:57        4.20e-02        2.00e+00
       37831604        68.63885       443.20134            5.46        11:14:39        4.20e-02        2.00e+00
       37832673        68.63886       444.20222            5.46        11:14:22        4.20e-02        2.00e+00
       37833774        68.63982       445.20236            5.46        11:14:06        4.20e-02        2.00e+00
       37834781        68.63934       446.20328            5.46        11:13:44        4.20e-02        2.00e+00
       37835748        68.63792       447.20430            5.46        11:13:19        4.20e-02        2.00e+00
       37836800        68.63720       448.20505            5.46        11:13:01        4.20e-02        2.00e+00
       37837796        68.63552       449.20529            5.46        11:12:38        4.20e-02        2.00e+00
       37838828        68.63542       450.20600            5.46        11:12:18        4.20e-02        2.00e+00
       37839914        68.63909       451.20677            5.46        11:12:00        4.20e-02        2.00e+00
DEBUG @ t=37840000: current_coupling=0.042, last=0.042
       37840959        68.64018       452.20693            5.46        11:11:40        4.20e-02        2.00e+00
       37841993        68.63908       453.20717            5.46        11:11:21        4.20e-02        2.00e+00
       37843012        68.63990       454.20782            5.46        11:10:59        4.20e-02        2.00e+00
       37844050        68.63838       455.20866            5.46        11:10:40        4.20e-02        2.00e+00
       37844988        68.63713       456.20948            5.47        11:10:13        4.20e-02        2.00e+00
       37846117        68.63883       457.21013            5.47        11:10:00        4.20e-02        2.00e+00
       37847225        68.63723       458.21101            5.46        11:09:47        4.20e-02        2.00e+00
       37848286        68.63686       459.21178            5.46        11:09:29        4.20e-02        2.00e+00
       37849431        68.63668       460.21240            5.46        11:09:18        4.20e-02        2.00e+00
DEBUG @ t=37850000: current_coupling=0.042, last=0.042
       37850524        68.63613       461.21297            5.46        11:09:03        4.20e-02        2.00e+00
       37851587        68.63609       462.21356            5.46        11:08:45        4.20e-02        2.00e+00
       37852579        68.63505       463.21404            5.47        11:08:23        4.20e-02        2.00e+00
       37853584        68.63457       464.21465            5.47        11:08:01        4.20e-02        2.00e+00
       37854676        68.63459       465.21501            5.47        11:07:45        4.20e-02        2.00e+00
       37855790        68.63611       466.21518            5.47        11:07:31        4.20e-02        2.00e+00
       37856989        68.63812       467.21572            5.46        11:07:23        4.20e-02        2.00e+00
       37858077        68.63862       468.21659            5.46        11:07:07        4.20e-02        2.00e+00
       37859143        68.63822       469.21694            5.47        11:06:50        4.20e-02        2.00e+00
DEBUG @ t=37860000: current_coupling=0.042, last=0.042
       37860299        68.63910       470.21723            5.46        11:06:39        4.20e-02        2.00e+00
       37861483        68.63955       471.21740            5.46        11:06:31        4.20e-02        2.00e+00
       37862673        68.64112       472.21792            5.46        11:06:22        4.20e-02        2.00e+00
       37863806        68.64077       473.21797            5.46        11:06:10        4.20e-02        2.00e+00
       37864881        68.64338       474.21886            5.46        11:05:52        4.20e-02        2.00e+00
       37866044        68.64492       475.21938            5.46        11:05:41        4.20e-02        2.00e+00
       37867255        68.64622       476.22022            5.46        11:05:34        4.20e-02        2.00e+00
       37868360        68.64617       477.22023            5.46        11:05:20        4.20e-02        2.00e+00
       37869563        68.64552       478.22081            5.46        11:05:13        4.20e-02        2.00e+00
DEBUG @ t=37870000: current_coupling=0.042, last=0.042
       37870753        68.64514       479.22126            5.46        11:05:06        4.20e-02        2.00e+00
       37871726        68.64338       480.22151            5.46        11:04:42        4.20e-02        2.00e+00
       37872736        68.64263       481.22247            5.46        11:04:21        4.20e-02        2.00e+00
       37874005        68.64345       482.22327            5.46        11:04:18        4.20e-02        2.00e+00
       37875061        68.64181       483.22357            5.46        11:04:01        4.20e-02        2.00e+00
       37876391        68.64273       484.22426            5.46        11:04:03        4.20e-02        2.00e+00
       37877605        68.64429       485.22475            5.45        11:03:56        4.20e-02        2.00e+00
       37878647        68.64295       486.22567            5.45        11:03:37        4.20e-02        2.00e+00
       37879955        68.64200       487.22623            5.45        11:03:38        4.20e-02        2.00e+00
DEBUG @ t=37880000: current_coupling=0.042, last=0.042
       37881013        68.64125       488.22696            5.45        11:03:21        4.20e-02        2.00e+00
       37882207        68.64042       489.22758            5.45        11:03:13        4.20e-02        2.00e+00
       37883158        68.63941       490.22806            5.45        11:02:48        4.20e-02        2.00e+00
       37884514        68.63971       491.22836            5.45        11:02:52        4.20e-02        2.00e+00
       37885610        68.63856       492.22841            5.45        11:02:37        4.20e-02        2.00e+00
       37886716        68.63734       493.22841            5.45        11:02:23        4.20e-02        2.00e+00
       37887781        68.63532       494.22910            5.45        11:02:07        4.20e-02        2.00e+00
       37888837        68.63340       495.22972            5.45        11:01:50        4.20e-02        2.00e+00
DEBUG @ t=37890000: current_coupling=0.042, last=0.042
       37890095        68.63170       496.22974            5.45        11:01:47        4.20e-02        2.00e+00
       37891217        68.63026       497.22992            5.45        11:01:35        4.20e-02        2.00e+00
       37892450        68.62963       498.23050            5.45        11:01:30        4.20e-02        2.00e+00
       37893685        68.63006       499.23117            5.44        11:01:24        4.20e-02        2.00e+00
       37895026        68.62882       500.23173            5.44        11:01:27        4.20e-02        2.00e+00
       37896312        68.62408       501.23184            5.44        11:01:28        4.20e-02        2.00e+00
       37897424        68.62329       502.23266            5.44        11:01:14        4.20e-02        2.00e+00
       37898535        68.62527       503.23268            5.44        11:00:59        4.20e-02        2.00e+00
       37899619        68.62298       504.23329            5.44        11:00:44        4.20e-02        2.00e+00
DEBUG @ t=37900000: current_coupling=0.042, last=0.042
[HDF5 Writer DEBUG] timestep=37900000, current_time_ps=504.589, last_output_time=504.58198094692784, write_count=48322
       37900730        68.62180       505.23396            5.44        11:00:30        4.20e-02        2.00e+00
       37901862        68.61833       506.23416            5.44        11:00:19        4.20e-02        2.00e+00
       37903026        68.61803       507.23510            5.44        11:00:09        4.20e-02        2.00e+00
       37904002        68.61928       508.23530            5.44        10:59:44        4.20e-02        2.00e+00
       37905085        68.61804       509.23557            5.44        10:59:28        4.20e-02        2.00e+00
       37906267        68.62066       510.23566            5.44        10:59:17        4.20e-02        2.00e+00
       37907366        68.62056       511.23619            5.44        10:59:02        4.20e-02        2.00e+00
       37908445        68.61938       512.23666            5.44        10:58:46        4.20e-02        2.00e+00
       37909553        68.61771       513.23708            5.44        10:58:32        4.20e-02        2.00e+00
DEBUG @ t=37910000: current_coupling=0.042, last=0.042
       37910624        68.61728       514.23791            5.44        10:58:15        4.20e-02        2.00e+00
       37911771        68.61810       515.23818            5.44        10:58:03        4.20e-02        2.00e+00
       37912877        68.61779       516.23850            5.44        10:57:48        4.20e-02        2.00e+00
       37913918        68.61981       517.23876            5.44        10:57:28        4.20e-02        2.00e+00
       37915137        68.62163       518.23891            5.44        10:57:20        4.20e-02        2.00e+00
       37916284        68.62300       519.23959            5.44        10:57:07        4.20e-02        2.00e+00
       37917452        68.62541       520.24010            5.44        10:56:55        4.20e-02        2.00e+00
       37918624        68.62856       521.24037            5.44        10:56:43        4.20e-02        2.00e+00
       37919670        68.62883       522.24103            5.44        10:56:24        4.20e-02        2.00e+00
DEBUG @ t=37920000: current_coupling=0.042, last=0.042
       37920665        68.62863       523.24151            5.44        10:56:01        4.20e-02        2.00e+00
       37921699        68.62735       524.24179            5.44        10:55:42        4.20e-02        2.00e+00
       37922750        68.62620       525.24234            5.44        10:55:24        4.20e-02        2.00e+00
       37923795        68.62512       526.24244            5.44        10:55:06        4.20e-02        2.00e+00
       37924818        68.62485       527.24271            5.44        10:54:45        4.20e-02        2.00e+00
       37925944        68.62486       528.24294            5.44        10:54:32        4.20e-02        2.00e+00
       37926979        68.62503       529.24297            5.44        10:54:12        4.20e-02        2.00e+00
       37928092        68.62955       530.24359            5.44        10:53:55        4.20e-02        2.00e+00
       37929185        68.62982       531.24384            5.44        10:53:39        4.20e-02        2.00e+00
DEBUG @ t=37930000: current_coupling=0.042, last=0.042
       37930289        68.62908       532.24433            5.44        10:53:25        4.20e-02        2.00e+00
       37931363        68.62801       533.24501            5.44        10:53:08        4.20e-02        2.00e+00
       37932413        68.62735       534.24560            5.44        10:52:50        4.20e-02        2.00e+00
       37933496        68.62511       535.24627            5.44        10:52:35        4.20e-02        2.00e+00
       37934572        68.62136       536.24662            5.44        10:52:20        4.20e-02        2.00e+00
       37935715        68.62002       537.24715            5.44        10:52:08        4.20e-02        2.00e+00
       37936869        68.61911       538.24785            5.44        10:51:57        4.20e-02        2.00e+00
       37937923        68.62059       539.24808            5.44        10:51:38        4.20e-02        2.00e+00
       37939057        68.61925       540.24898            5.44        10:51:26        4.20e-02        2.00e+00
DEBUG @ t=37940000: current_coupling=0.042, last=0.042
       37940138        68.61638       541.24903            5.44        10:51:11        4.20e-02        2.00e+00
       37941171        68.61406       542.24986            5.44        10:50:52        4.20e-02        2.00e+00
       37942260        68.61215       543.25006            5.44        10:50:38        4.20e-02        2.00e+00
       37943371        68.61246       544.25088            5.44        10:50:23        4.20e-02        2.00e+00
       37944425        68.61163       545.25119            5.44        10:50:05        4.20e-02        2.00e+00
       37945503        68.60978       546.25158            5.44        10:49:49        4.20e-02        2.00e+00
       37946551        68.60747       547.25194            5.44        10:49:32        4.20e-02        2.00e+00
       37947548        68.60605       548.25195            5.44        10:49:11        4.20e-02        2.00e+00
       37948543        68.60408       549.25244            5.44        10:48:50        4.20e-02        2.00e+00
       37949547        68.60247       550.25250            5.44        10:48:29        4.20e-02        2.00e+00
DEBUG @ t=37950000: current_coupling=0.042, last=0.042
       37950609        68.60136       551.25265            5.44        10:48:12        4.20e-02        2.00e+00
       37951635        68.59971       552.25299            5.44        10:47:53        4.20e-02        2.00e+00
       37952533        68.59855       553.25323            5.44        10:47:26        4.20e-02        2.00e+00
       37953492        68.59886       554.25376            5.44        10:47:01        4.20e-02        2.00e+00
       37954573        68.59866       555.25460            5.44        10:46:45        4.20e-02        2.00e+00
       37955610        68.59747       556.25461            5.44        10:46:26        4.20e-02        2.00e+00
       37956601        68.59593       557.25489            5.44        10:46:05        4.20e-02        2.00e+00
       37957595        68.59495       558.25560            5.45        10:45:44        4.20e-02        2.00e+00
       37958583        68.59381       559.25583            5.45        10:45:22        4.20e-02        2.00e+00
       37959615        68.59241       560.25607            5.45        10:45:03        4.20e-02        2.00e+00
DEBUG @ t=37960000: current_coupling=0.042, last=0.042
       37960658        68.59153       561.25653            5.45        10:44:45        4.20e-02        2.00e+00
       37961663        68.59037       562.25719            5.45        10:44:24        4.20e-02        2.00e+00
       37962679        68.59091       563.25724            5.45        10:44:04        4.20e-02        2.00e+00
       37963800        68.59101       564.25798            5.45        10:43:50        4.20e-02        2.00e+00
       37964785        68.59027       565.25843            5.45        10:43:28        4.20e-02        2.00e+00
       37965827        68.58896       566.25883            5.45        10:43:10        4.20e-02        2.00e+00
       37966948        68.59002       567.25913            5.45        10:42:56        4.20e-02        2.00e+00
       37967953        68.58936       568.25989            5.45        10:42:35        4.20e-02        2.00e+00
       37968899        68.58853       569.26066            5.45        10:42:11        4.20e-02        2.00e+00
       37969835        68.58840       570.26099            5.45        10:41:45        4.20e-02        2.00e+00
DEBUG @ t=37970000: current_coupling=0.042, last=0.042
       37970876        68.58683       571.26159            5.45        10:41:27        4.20e-02        2.00e+00
       37971987        68.58586       572.26255            5.45        10:41:14        4.20e-02        2.00e+00
       37972988        68.58611       573.26341            5.45        10:40:52        4.20e-02        2.00e+00
       37973991        68.58548       574.26393            5.45        10:40:32        4.20e-02        2.00e+00
       37975015        68.58499       575.26422            5.45        10:40:12        4.20e-02        2.00e+00
       37976105        68.58575       576.26496            5.45        10:39:56        4.20e-02        2.00e+00
       37977131        68.58487       577.26562            5.45        10:39:37        4.20e-02        2.00e+00
       37978192        68.58621       578.26593            5.45        10:39:19        4.20e-02        2.00e+00
       37979262        68.58684       579.26646            5.45        10:39:01        4.20e-02        2.00e+00
DEBUG @ t=37980000: current_coupling=0.042, last=0.042
       37980378        68.58698       580.26680            5.45        10:38:47        4.20e-02        2.00e+00
       37981564        68.58808       581.26700            5.45        10:38:37        4.20e-02        2.00e+00
       37982624        68.58703       582.26775            5.45        10:38:20        4.20e-02        2.00e+00
       37983634        68.58542       583.26870            5.45        10:38:00        4.20e-02        2.00e+00
       37984674        68.58498       584.26920            5.45        10:37:42        4.20e-02        2.00e+00
       37985725        68.58492       585.26984            5.46        10:37:24        4.20e-02        2.00e+00
       37986748        68.58488       586.27063            5.46        10:37:04        4.20e-02        2.00e+00
       37987777        68.58427       587.27124            5.46        10:36:45        4.20e-02        2.00e+00
       37988761        68.58294       588.27141            5.46        10:36:24        4.20e-02        2.00e+00
       37989775        68.58182       589.27169            5.46        10:36:05        4.20e-02        2.00e+00
DEBUG @ t=37990000: current_coupling=0.042, last=0.042
       37990802        68.58038       590.27244            5.46        10:35:46        4.20e-02        2.00e+00
       37991819        68.57907       591.27288            5.46        10:35:27        4.20e-02        2.00e+00
       37992825        68.57819       592.27305            5.46        10:35:07        4.20e-02        2.00e+00
       37993872        68.57795       593.27334            5.46        10:34:49        4.20e-02        2.00e+00
       37994896        68.57764       594.27387            5.46        10:34:29        4.20e-02        2.00e+00
       37995887        68.57733       595.27480            5.46        10:34:08        4.20e-02        2.00e+00
       37996969        68.57658       596.27532            5.46        10:33:52        4.20e-02        2.00e+00
       37998019        68.57658       597.27617            5.46        10:33:35        4.20e-02        2.00e+00
       37999083        68.57626       598.27680            5.46        10:33:18        4.20e-02        2.00e+00
DEBUG @ t=38000000: current_coupling=0.042, last=0.042
[HDF5 Writer DEBUG] timestep=38000000, current_time_ps=599.058, last_output_time=599.0555407006101, write_count=57360
       38000195        68.57537       599.27723            5.46        10:33:04        4.20e-02        2.00e+00
Added F(k,t) reference 3 at t = 600.003 ps
       38001108        68.57438       600.27814            5.46        10:32:38        4.20e-02        2.00e+00
       38002176        68.57446       601.27815            5.46        10:32:22        4.20e-02        2.00e+00
       38003249        68.57342       602.27920            5.46        10:32:06        4.20e-02        2.00e+00
       38004195        68.57219       603.28010            5.46        10:31:42        4.20e-02        2.00e+00
       38005203        68.57102       604.28096            5.46        10:31:23        4.20e-02        2.00e+00
       38006268        68.57148       605.28119            5.46        10:31:06        4.20e-02        2.00e+00
       38007313        68.57259       606.28121            5.46        10:30:47        4.20e-02        2.00e+00
       38008391        68.57293       607.28158            5.46        10:30:30        4.20e-02        2.00e+00
       38009435        68.57376       608.28220            5.47        10:30:12        4.20e-02        2.00e+00
DEBUG @ t=38010000: current_coupling=0.042, last=0.042
       38010488        68.57403       609.28288            5.47        10:29:54        4.20e-02        2.00e+00
       38011533        68.57332       610.28315            5.47        10:29:36        4.20e-02        2.00e+00
       38012550        68.57345       611.28383            5.47        10:29:17        4.20e-02        2.00e+00
       38013526        68.57309       612.28435            5.47        10:28:55        4.20e-02        2.00e+00
       38014475        68.57239       613.28540            5.47        10:28:32        4.20e-02        2.00e+00
       38015463        68.57237       614.28613            5.47        10:28:10        4.20e-02        2.00e+00
       38016555        68.57227       615.28665            5.47        10:27:55        4.20e-02        2.00e+00
       38017635        68.57319       616.28682            5.47        10:27:39        4.20e-02        2.00e+00
       38018623        68.57320       617.28767            5.47        10:27:17        4.20e-02        2.00e+00
       38019584        68.57347       618.28807            5.47        10:26:55        4.20e-02        2.00e+00
DEBUG @ t=38020000: current_coupling=0.042, last=0.042
       38020596        68.57324       619.28902            5.47        10:26:35        4.20e-02        2.00e+00
       38021635        68.57285       620.28914            5.47        10:26:17        4.20e-02        2.00e+00
       38022640        68.57282       621.28933            5.47        10:25:57        4.20e-02        2.00e+00
       38023623        68.57182       622.29008            5.47        10:25:36        4.20e-02        2.00e+00
       38024618        68.57110       623.29055            5.47        10:25:15        4.20e-02        2.00e+00
       38025647        68.57029       624.29078            5.47        10:24:57        4.20e-02        2.00e+00
       38026608        68.57014       625.29129            5.47        10:24:35        4.20e-02        2.00e+00
       38027579        68.56858       626.29171            5.48        10:24:14        4.20e-02        2.00e+00
       38028616        68.56628       627.29249            5.48        10:23:57        4.20e-02        2.00e+00
       38029675        68.56578       628.29269            5.48        10:23:40        4.20e-02        2.00e+00
DEBUG @ t=38030000: current_coupling=0.042, last=0.042
       38030775        68.56492       629.29352            5.48        10:23:25        4.20e-02        2.00e+00
       38031838        68.56396       630.29409            5.48        10:23:09        4.20e-02        2.00e+00
       38032982        68.56325       631.29415            5.48        10:22:57        4.20e-02        2.00e+00
       38034197        68.56350       632.29465            5.47        10:22:48        4.20e-02        2.00e+00
       38035321        68.56262       633.29552            5.47        10:22:35        4.20e-02        2.00e+00
       38036342        68.56242       634.29638            5.47        10:22:16        4.20e-02        2.00e+00
       38037446        68.56289       635.29654            5.47        10:22:01        4.20e-02        2.00e+00
       38038628        68.56476       636.29720            5.47        10:21:50        4.20e-02        2.00e+00
       38039717        68.56464       637.29760            5.47        10:21:35        4.20e-02        2.00e+00
DEBUG @ t=38040000: current_coupling=0.042, last=0.042
       38040756        68.56412       638.29766            5.47        10:21:17        4.20e-02        2.00e+00
       38041898        68.56386       639.29771            5.47        10:21:04        4.20e-02        2.00e+00
       38042898        68.56356       640.29772            5.47        10:20:44        4.20e-02        2.00e+00
       38043921        68.56336       641.29861            5.47        10:20:25        4.20e-02        2.00e+00
       38045053        68.56438       642.29878            5.47        10:20:12        4.20e-02        2.00e+00
       38046187        68.56524       643.29939            5.47        10:19:58        4.20e-02        2.00e+00
       38047306        68.56565       644.30005            5.47        10:19:44        4.20e-02        2.00e+00
       38048304        68.56514       645.30033            5.47        10:19:24        4.20e-02        2.00e+00
       38049380        68.56450       646.30111            5.47        10:19:08        4.20e-02        2.00e+00
DEBUG @ t=38050000: current_coupling=0.042, last=0.042
       38050554        68.56454       647.30194            5.47        10:18:57        4.20e-02        2.00e+00
       38051720        68.56447       648.30220            5.47        10:18:46        4.20e-02        2.00e+00
       38052855        68.56414       649.30283            5.47        10:18:33        4.20e-02        2.00e+00
       38054040        68.56319       650.30291            5.47        10:18:23        4.20e-02        2.00e+00
       38055176        68.56265       651.30329            5.47        10:18:10        4.20e-02        2.00e+00
       38056320        68.56269       652.30361            5.47        10:17:58        4.20e-02        2.00e+00
       38057493        68.56193       653.30365            5.47        10:17:47        4.20e-02        2.00e+00
       38058534        68.56059       654.30443            5.47        10:17:30        4.20e-02        2.00e+00
       38059601        68.55988       655.30460            5.47        10:17:14        4.20e-02        2.00e+00
DEBUG @ t=38060000: current_coupling=0.042, last=0.042
       38060702        68.55976       656.30478            5.47        10:16:59        4.20e-02        2.00e+00
       38061722        68.56190       657.30564            5.47        10:16:38        4.20e-02        2.00e+00
       38062862        68.56108       658.30608            5.47        10:16:26        4.20e-02        2.00e+00
       38063933        68.56143       659.30637            5.47        10:16:09        4.20e-02        2.00e+00
       38065047        68.55964       660.30698            5.47        10:15:56        4.20e-02        2.00e+00
       38066038        68.55854       661.30714            5.47        10:15:36        4.20e-02        2.00e+00
       38067228        68.55824       662.30768            5.47        10:15:26        4.20e-02        2.00e+00
       38068318        68.55806       663.30793            5.47        10:15:11        4.20e-02        2.00e+00
       38069278        68.55697       664.30828            5.47        10:14:49        4.20e-02        2.00e+00
DEBUG @ t=38070000: current_coupling=0.042, last=0.042
       38070210        68.55591       665.30883            5.47        10:14:26        4.20e-02        2.00e+00
       38071109        68.55408       666.30953            5.47        10:14:02        4.20e-02        2.00e+00
       38072111        68.55313       667.31023            5.47        10:13:42        4.20e-02        2.00e+00
       38073171        68.55405       668.31099            5.47        10:13:25        4.20e-02        2.00e+00
       38074216        68.55639       669.31136            5.47        10:13:06        4.20e-02        2.00e+00
       38075251        68.55876       670.31136            5.47        10:12:47        4.20e-02        2.00e+00
       38076304        68.55767       671.31197            5.47        10:12:30        4.20e-02        2.00e+00
       38077337        68.55642       672.31258            5.47        10:12:12        4.20e-02        2.00e+00
       38078323        68.55591       673.31291            5.48        10:11:52        4.20e-02        2.00e+00
       38079428        68.55534       674.31354            5.48        10:11:38        4.20e-02        2.00e+00
DEBUG @ t=38080000: current_coupling=0.042, last=0.042
       38080405        68.55409       675.31461            5.48        10:11:17        4.20e-02        2.00e+00
       38081323        68.55225       676.31521            5.48        10:10:54        4.20e-02        2.00e+00
       38082270        68.55062       677.31562            5.48        10:10:32        4.20e-02        2.00e+00
       38083219        68.55051       678.31647            5.48        10:10:10        4.20e-02        2.00e+00
       38084257        68.55142       679.31731            5.48        10:09:52        4.20e-02        2.00e+00
       38085339        68.55129       680.31797            5.48        10:09:36        4.20e-02        2.00e+00
       38086438        68.55021       681.31798            5.48        10:09:22        4.20e-02        2.00e+00
       38087559        68.54958       682.31860            5.48        10:09:08        4.20e-02        2.00e+00
       38088578        68.54978       683.31958            5.48        10:08:49        4.20e-02        2.00e+00
       38089622        68.54913       684.32035            5.48        10:08:32        4.20e-02        2.00e+00
DEBUG @ t=38090000: current_coupling=0.042, last=0.042
       38090625        68.54833       685.32039            5.48        10:08:13        4.20e-02        2.00e+00
       38091617        68.54759       686.32060            5.48        10:07:53        4.20e-02        2.00e+00
       38092630        68.54749       687.32104            5.48        10:07:34        4.20e-02        2.00e+00
       38093616        68.54731       688.32195            5.48        10:07:13        4.20e-02        2.00e+00
       38094548        68.54640       689.32265            5.48        10:06:51        4.20e-02        2.00e+00
       38095495        68.54579       690.32273            5.48        10:06:29        4.20e-02        2.00e+00
       38096467        68.54504       691.32358            5.48        10:06:08        4.20e-02        2.00e+00
       38097466        68.54483       692.32408            5.49        10:05:49        4.20e-02        2.00e+00
       38098479        68.54438       693.32427            5.49        10:05:30        4.20e-02        2.00e+00
       38099469        68.54346       694.32458            5.49        10:05:10        4.20e-02        2.00e+00
DEBUG @ t=38100000: current_coupling=0.042, last=0.042
[HDF5 Writer DEBUG] timestep=38100000, current_time_ps=694.864, last_output_time=694.8535811184901, write_count=66532
       38100460        68.54366       695.32556            5.49        10:04:50        4.20e-02        2.00e+00
       38101499        68.54398       696.32606            5.49        10:04:32        4.20e-02        2.00e+00
       38102571        68.54374       697.32697            5.49        10:04:16        4.20e-02        2.00e+00
       38103616        68.54247       698.32711            5.49        10:03:59        4.20e-02        2.00e+00
       38104668        68.54282       699.32795            5.49        10:03:42        4.20e-02        2.00e+00
       38105641        68.54212       700.32831            5.49        10:03:22        4.20e-02        2.00e+00
       38106632        68.54203       701.32900            5.49        10:03:02        4.20e-02        2.00e+00
       38107662        68.54301       702.32983            5.49        10:02:43        4.20e-02        2.00e+00
       38108589        68.54334       703.33027            5.49        10:02:20        4.20e-02        2.00e+00
       38109590        68.54236       704.33036            5.49        10:02:01        4.20e-02        2.00e+00
DEBUG @ t=38110000: current_coupling=0.042, last=0.042
       38110597        68.53957       705.33038            5.49        10:01:43        4.20e-02        2.00e+00
       38111584        68.53764       706.33067            5.49        10:01:24        4.20e-02        2.00e+00
       38112569        68.53750       707.33157            5.49        10:01:04        4.20e-02        2.00e+00
       38113471        68.53583       708.33272            5.49        10:00:41        4.20e-02        2.00e+00
       38114427        68.53526       709.33323            5.49        10:00:20        4.20e-02        2.00e+00
       38115439        68.53533       710.33398            5.49        10:00:01        4.20e-02        2.00e+00
       38116397        68.53554       711.33456            5.50        09:59:39        4.20e-02        2.00e+00
       38117387        68.53426       712.33534            5.50        09:59:20        4.20e-02        2.00e+00
       38118376        68.53211       713.33626            5.50        09:59:01        4.20e-02        2.00e+00
       38119345        68.52987       714.33695            5.50        09:58:42        4.20e-02        2.00e+00
DEBUG @ t=38120000: current_coupling=0.042, last=0.042
       38120341        68.52792       715.33728            5.50        09:58:23        4.20e-02        2.00e+00
       38121398        68.52703       716.33734            5.50        09:58:07        4.20e-02        2.00e+00
       38122386        68.52644       717.33770            5.50        09:57:47        4.20e-02        2.00e+00
       38123335        68.52549       718.33850            5.50        09:57:26        4.20e-02        2.00e+00
       38124306        68.52481       719.33947            5.50        09:57:06        4.20e-02        2.00e+00
       38125307        68.52372       720.34028            5.50        09:56:47        4.20e-02        2.00e+00
       38126335        68.52312       721.34079            5.50        09:56:30        4.20e-02        2.00e+00
       38127329        68.52110       722.34093            5.50        09:56:11        4.20e-02        2.00e+00
       38128436        68.51871       723.34143            5.50        09:55:58        4.20e-02        2.00e+00
       38129513        68.51638       724.34210            5.50        09:55:44        4.20e-02        2.00e+00
DEBUG @ t=38130000: current_coupling=0.042, last=0.042
       38130516        68.51519       725.34256            5.50        09:55:25        4.20e-02        2.00e+00
       38131550        68.51445       726.34260            5.50        09:55:08        4.20e-02        2.00e+00
       38132639        68.51526       727.34322            5.50        09:54:52        4.20e-02        2.00e+00
       38133675        68.51486       728.34358            5.50        09:54:35        4.20e-02        2.00e+00
       38134801        68.51350       729.34385            5.50        09:54:22        4.20e-02        2.00e+00
       38135948        68.51277       730.34401            5.50        09:54:10        4.20e-02        2.00e+00
       38136944        68.51273       731.34471            5.50        09:53:51        4.20e-02        2.00e+00
       38137975        68.51214       732.34516            5.50        09:53:33        4.20e-02        2.00e+00
       38139119        68.51127       733.34537            5.50        09:53:21        4.20e-02        2.00e+00
DEBUG @ t=38140000: current_coupling=0.042, last=0.042
       38140078        68.51021       734.34557            5.50        09:53:01        4.20e-02        2.00e+00
       38141109        68.50908       735.34591            5.50        09:52:43        4.20e-02        2.00e+00
       38142226        68.50784       736.34672            5.50        09:52:30        4.20e-02        2.00e+00
       38143230        68.50733       737.34718            5.50        09:52:12        4.20e-02        2.00e+00
       38144331        68.50701       738.34778            5.50        09:51:57        4.20e-02        2.00e+00
       38145366        68.50637       739.34800            5.50        09:51:40        4.20e-02        2.00e+00
       38146545        68.50602       740.34841            5.50        09:51:29        4.20e-02        2.00e+00
       38147650        68.50588       741.34846            5.50        09:51:15        4.20e-02        2.00e+00
       38148732        68.50727       742.34886            5.50        09:50:58        4.20e-02        2.00e+00
       38149874        68.50889       743.34892            5.50        09:50:45        4.20e-02        2.00e+00
DEBUG @ t=38150000: current_coupling=0.042, last=0.042
       38150795        68.50849       744.34978            5.50        09:50:22        4.20e-02        2.00e+00
       38151800        68.50783       745.34983            5.50        09:50:04        4.20e-02        2.00e+00
       38152750        68.50954       746.35071            5.50        09:49:42        4.20e-02        2.00e+00
       38153791        68.50921       747.35115            5.50        09:49:25        4.20e-02        2.00e+00
       38154767        68.50886       748.35144            5.50        09:49:05        4.20e-02        2.00e+00
       38155736        68.50792       749.35203            5.50        09:48:45        4.20e-02        2.00e+00
       38156688        68.50767       750.35257            5.51        09:48:24        4.20e-02        2.00e+00
       38157762        68.50811       751.35262            5.51        09:48:08        4.20e-02        2.00e+00
       38158846        68.50704       752.35330            5.51        09:47:53        4.20e-02        2.00e+00
       38159793        68.50621       753.35361            5.51        09:47:32        4.20e-02        2.00e+00
DEBUG @ t=38160000: current_coupling=0.042, last=0.042
       38160770        68.50553       754.35366            5.51        09:47:13        4.20e-02        2.00e+00
       38161780        68.50487       755.35419            5.51        09:46:54        4.20e-02        2.00e+00
       38162817        68.50448       756.35471            5.51        09:46:37        4.20e-02        2.00e+00
       38163797        68.50412       757.35567            5.51        09:46:18        4.20e-02        2.00e+00
       38164781        68.50466       758.35589            5.51        09:45:58        4.20e-02        2.00e+00
       38165770        68.50431       759.35656            5.51        09:45:38        4.20e-02        2.00e+00
       38166717        68.50414       760.35735            5.51        09:45:17        4.20e-02        2.00e+00
       38167672        68.50316       761.35833            5.51        09:44:57        4.20e-02        2.00e+00
       38168611        68.50234       762.35897            5.51        09:44:36        4.20e-02        2.00e+00
       38169553        68.50191       763.35980            5.51        09:44:15        4.20e-02        2.00e+00
DEBUG @ t=38170000: current_coupling=0.042, last=0.042
       38170501        68.50184       764.36037            5.51        09:43:54        4.20e-02        2.00e+00
       38171406        68.50193       765.36054            5.51        09:43:31        4.20e-02        2.00e+00
       38172307        68.50142       766.36103            5.52        09:43:08        4.20e-02        2.00e+00
       38173281        68.50065       767.36172            5.52        09:42:48        4.20e-02        2.00e+00
       38174293        68.50004       768.36186            5.52        09:42:31        4.20e-02        2.00e+00
       38175305        68.49949       769.36252            5.52        09:42:13        4.20e-02        2.00e+00
       38176327        68.49920       770.36272            5.52        09:41:55        4.20e-02        2.00e+00
       38177376        68.49826       771.36376            5.52        09:41:39        4.20e-02        2.00e+00
       38178301        68.49725       772.36480            5.52        09:41:17        4.20e-02        2.00e+00
       38179257        68.49613       773.36519            5.52        09:40:57        4.20e-02        2.00e+00
DEBUG @ t=38180000: current_coupling=0.042, last=0.042
       38180329        68.49521       774.36533            5.52        09:40:42        4.20e-02        2.00e+00
       38181338        68.49487       775.36619            5.52        09:40:24        4.20e-02        2.00e+00
       38182328        68.49485       776.36641            5.52        09:40:05        4.20e-02        2.00e+00
       38183333        68.49578       777.36734            5.52        09:39:46        4.20e-02        2.00e+00
       38184304        68.49676       778.36830            5.52        09:39:25        4.20e-02        2.00e+00
       38185272        68.49679       779.36863            5.52        09:39:05        4.20e-02        2.00e+00
       38186285        68.49649       780.36914            5.52        09:38:47        4.20e-02        2.00e+00
       38187277        68.49538       781.37003            5.52        09:38:29        4.20e-02        2.00e+00
       38188264        68.49477       782.37076            5.52        09:38:10        4.20e-02        2.00e+00
       38189248        68.49400       783.37090            5.52        09:37:51        4.20e-02        2.00e+00
DEBUG @ t=38190000: current_coupling=0.042, last=0.042
       38190240        68.49594       784.37178            5.52        09:37:31        4.20e-02        2.00e+00
       38191213        68.49815       785.37248            5.53        09:37:10        4.20e-02        2.00e+00
       38192269        68.49891       786.37339            5.53        09:36:54        4.20e-02        2.00e+00
       38193282        68.50003       787.37359            5.53        09:36:35        4.20e-02        2.00e+00
       38194257        68.49996       788.37360            5.53        09:36:16        4.20e-02        2.00e+00
       38195234        68.50028       789.37401            5.53        09:35:56        4.20e-02        2.00e+00
       38196271        68.50001       790.37490            5.53        09:35:39        4.20e-02        2.00e+00
       38197295        68.49990       791.37510            5.53        09:35:21        4.20e-02        2.00e+00
       38198284        68.49886       792.37569            5.53        09:35:03        4.20e-02        2.00e+00
       38199243        68.49796       793.37639            5.53        09:34:43        4.20e-02        2.00e+00
DEBUG @ t=38200000: current_coupling=0.042, last=0.042
[HDF5 Writer DEBUG] timestep=38200000, current_time_ps=794.099, last_output_time=794.0981729710413, write_count=76039
       38200272        68.49781       794.37683            5.53        09:34:26        4.20e-02        2.00e+00
       38201239        68.49786       795.37695            5.53        09:34:06        4.20e-02        2.00e+00
       38202188        68.49788       796.37746            5.53        09:33:46        4.20e-02        2.00e+00
       38203165        68.49676       797.37833            5.53        09:33:27        4.20e-02        2.00e+00
       38204109        68.49660       798.37848            5.53        09:33:06        4.20e-02        2.00e+00
       38205054        68.49640       799.37895            5.53        09:32:46        4.20e-02        2.00e+00
Added F(k,t) reference 4 at t = 800.004 ps
       38206030        68.49805       800.37916            5.53        09:32:25        4.20e-02        2.00e+00
       38206932        68.49845       801.38005            5.53        09:32:03        4.20e-02        2.00e+00
       38207839        68.49809       802.38097            5.54        09:31:41        4.20e-02        2.00e+00
       38208714        68.49731       803.38125            5.54        09:31:18        4.20e-02        2.00e+00
       38209647        68.49684       804.38224            5.54        09:30:57        4.20e-02        2.00e+00
DEBUG @ t=38210000: current_coupling=0.042, last=0.042
       38210648        68.49611       805.38239            5.54        09:30:39        4.20e-02        2.00e+00
       38211592        68.49522       806.38253            5.54        09:30:19        4.20e-02        2.00e+00
       38212533        68.49515       807.38284            5.54        09:29:58        4.20e-02        2.00e+00
       38213571        68.49437       808.38355            5.54        09:29:42        4.20e-02        2.00e+00
       38214612        68.49399       809.38364            5.54        09:29:25        4.20e-02        2.00e+00
       38215562        68.49330       810.38445            5.54        09:29:05        4.20e-02        2.00e+00
       38216483        68.49231       811.38445            5.54        09:28:44        4.20e-02        2.00e+00
       38217411        68.49125       812.38501            5.54        09:28:24        4.20e-02        2.00e+00
       38218364        68.49034       813.38602            5.54        09:28:04        4.20e-02        2.00e+00
       38219354        68.48947       814.38651            5.54        09:27:46        4.20e-02        2.00e+00
DEBUG @ t=38220000: current_coupling=0.042, last=0.042
       38220334        68.49169       815.38718            5.54        09:27:26        4.20e-02        2.00e+00
       38221313        68.49204       816.38728            5.54        09:27:07        4.20e-02        2.00e+00
       38222347        68.49208       817.38731            5.54        09:26:50        4.20e-02        2.00e+00
       38223361        68.49145       818.38740            5.55        09:26:32        4.20e-02        2.00e+00
       38224391        68.49050       819.38741            5.55        09:26:16        4.20e-02        2.00e+00
       38225463        68.49067       820.38747            5.55        09:26:00        4.20e-02        2.00e+00
       38226539        68.48986       821.38801            5.55        09:25:45        4.20e-02        2.00e+00
       38227612        68.49145       822.38877            5.55        09:25:29        4.20e-02        2.00e+00
       38228701        68.49161       823.38881            5.55        09:25:14        4.20e-02        2.00e+00
       38229801        68.49328       824.38955            5.54        09:24:59        4.20e-02        2.00e+00
DEBUG @ t=38230000: current_coupling=0.042, last=0.042
       38230862        68.49423       825.38998            5.55        09:24:43        4.20e-02        2.00e+00
       38231978        68.49465       826.39070            5.54        09:24:29        4.20e-02        2.00e+00
       38233070        68.49505       827.39138            5.54        09:24:14        4.20e-02        2.00e+00
       38234156        68.49583       828.39202            5.54        09:23:59        4.20e-02        2.00e+00
       38235148        68.49522       829.39277            5.55        09:23:41        4.20e-02        2.00e+00
       38236104        68.49436       830.39367            5.55        09:23:21        4.20e-02        2.00e+00
       38237136        68.49451       831.39414            5.55        09:23:04        4.20e-02        2.00e+00
       38238105        68.49453       832.39434            5.55        09:22:45        4.20e-02        2.00e+00
       38239103        68.49426       833.39488            5.55        09:22:27        4.20e-02        2.00e+00
DEBUG @ t=38240000: current_coupling=0.042, last=0.042
       38240152        68.49365       834.39580            5.55        09:22:11        4.20e-02        2.00e+00
       38241124        68.49206       835.39673            5.55        09:21:52        4.20e-02        2.00e+00
       38242122        68.49202       836.39724            5.55        09:21:34        4.20e-02        2.00e+00
       38243133        68.49323       837.39730            5.55        09:21:16        4.20e-02        2.00e+00
       38244170        68.49419       838.39784            5.55        09:20:59        4.20e-02        2.00e+00
       38245169        68.49339       839.39866            5.55        09:20:41        4.20e-02        2.00e+00
       38246194        68.49208       840.39898            5.55        09:20:24        4.20e-02        2.00e+00
       38247131        68.49085       841.39959            5.55        09:20:04        4.20e-02        2.00e+00
       38248119        68.48950       842.39998            5.55        09:19:47        4.20e-02        2.00e+00
       38249116        68.48853       843.40032            5.55        09:19:29        4.20e-02        2.00e+00
DEBUG @ t=38250000: current_coupling=0.042, last=0.042
       38250128        68.48741       844.40077            5.55        09:19:12        4.20e-02        2.00e+00
       38251173        68.48620       845.40112            5.55        09:18:56        4.20e-02        2.00e+00
       38252174        68.48550       846.40129            5.55        09:18:38        4.20e-02        2.00e+00
       38253188        68.48502       847.40218            5.55        09:18:21        4.20e-02        2.00e+00
       38254296        68.48373       848.40252            5.55        09:18:08        4.20e-02        2.00e+00
       38255326        68.48215       849.40263            5.55        09:17:52        4.20e-02        2.00e+00
       38256271        68.48185       850.40360            5.55        09:17:32        4.20e-02        2.00e+00
       38257242        68.48141       851.40444            5.55        09:17:13        4.20e-02        2.00e+00
       38258233        68.48121       852.40505            5.55        09:16:55        4.20e-02        2.00e+00
       38259281        68.48136       853.40563            5.55        09:16:38        4.20e-02        2.00e+00
DEBUG @ t=38260000: current_coupling=0.042, last=0.042
       38260424        68.48065       854.40631            5.55        09:16:26        4.20e-02        2.00e+00
       38261477        68.48005       855.40713            5.55        09:16:10        4.20e-02        2.00e+00
       38262469        68.47936       856.40750            5.55        09:15:52        4.20e-02        2.00e+00
       38263500        68.47958       857.40801            5.55        09:15:35        4.20e-02        2.00e+00
       38264491        68.47912       858.40899            5.55        09:15:17        4.20e-02        2.00e+00
       38265563        68.47984       859.40970            5.55        09:15:01        4.20e-02        2.00e+00
       38266566        68.47957       860.41003            5.55        09:14:44        4.20e-02        2.00e+00
       38267525        68.47871       861.41036            5.55        09:14:25        4.20e-02        2.00e+00
       38268634        68.47737       862.41091            5.55        09:14:11        4.20e-02        2.00e+00
       38269726        68.47634       863.41170            5.55        09:13:57        4.20e-02        2.00e+00
DEBUG @ t=38270000: current_coupling=0.042, last=0.042
       38270818        68.47782       864.41176            5.55        09:13:42        4.20e-02        2.00e+00
       38271767        68.47745       865.41284            5.55        09:13:22        4.20e-02        2.00e+00
       38272736        68.47881       866.41386            5.56        09:13:03        4.20e-02        2.00e+00
       38273711        68.47973       867.41429            5.56        09:12:43        4.20e-02        2.00e+00
       38274882        68.48365       868.41449            5.56        09:12:30        4.20e-02        2.00e+00
       38275817        68.48462       869.41545            5.56        09:12:09        4.20e-02        2.00e+00
       38276734        68.48522       870.41593            5.56        09:11:48        4.20e-02        2.00e+00
       38277870        68.48567       871.41630            5.56        09:11:35        4.20e-02        2.00e+00
       38278850        68.48560       872.41703            5.56        09:11:16        4.20e-02        2.00e+00
DEBUG @ t=38280000: current_coupling=0.042, last=0.042
       38280026        68.48759       873.41758            5.56        09:11:03        4.20e-02        2.00e+00
       38281166        68.48816       874.41782            5.56        09:10:50        4.20e-02        2.00e+00
       38282248        68.48743       875.41806            5.56        09:10:36        4.20e-02        2.00e+00
       38283237        68.48717       876.41816            5.56        09:10:17        4.20e-02        2.00e+00
       38284238        68.48581       877.41883            5.56        09:10:00        4.20e-02        2.00e+00
       38285307        68.48456       878.41975            5.56        09:09:45        4.20e-02        2.00e+00
       38286361        68.48388       879.42050            5.56        09:09:30        4.20e-02        2.00e+00
       38287528        68.48354       880.42100            5.56        09:09:18        4.20e-02        2.00e+00
       38288604        68.48336       881.42176            5.56        09:09:03        4.20e-02        2.00e+00
       38289599        68.48268       882.42250            5.56        09:08:45        4.20e-02        2.00e+00
DEBUG @ t=38290000: current_coupling=0.042, last=0.042
       38290731        68.48224       883.42313            5.56        09:08:32        4.20e-02        2.00e+00
       38291885        68.48213       884.42344            5.56        09:08:20        4.20e-02        2.00e+00
       38293023        68.48125       885.42400            5.56        09:08:07        4.20e-02        2.00e+00
       38294053        68.48031       886.42456            5.56        09:07:51        4.20e-02        2.00e+00
       38295225        68.47975       887.42459            5.55        09:07:39        4.20e-02        2.00e+00
       38296339        68.47946       888.42533            5.55        09:07:25        4.20e-02        2.00e+00
       38297405        68.48075       889.42549            5.55        09:07:09        4.20e-02        2.00e+00
       38298571        68.48381       890.42551            5.55        09:06:56        4.20e-02        2.00e+00
       38299778        68.48812       891.42567            5.55        09:06:43        4.20e-02        2.00e+00
DEBUG @ t=38300000: current_coupling=0.042, last=0.042
[HDF5 Writer DEBUG] timestep=38300000, current_time_ps=891.618, last_output_time=891.6102982059612, write_count=85313
       38300784        68.48810       892.42625            5.55        09:06:25        4.20e-02        2.00e+00
       38301736        68.48745       893.42692            5.55        09:06:06        4.20e-02        2.00e+00
       38302785        68.48680       894.42706            5.55        09:05:50        4.20e-02        2.00e+00
       38303855        68.48657       895.42743            5.55        09:05:35        4.20e-02        2.00e+00
       38305019        68.48686       896.42785            5.55        09:05:23        4.20e-02        2.00e+00
       38306221        68.48594       897.42872            5.55        09:05:12        4.20e-02        2.00e+00
       38307280        68.48531       898.42878            5.55        09:04:57        4.20e-02        2.00e+00
       38308263        68.48456       899.42895            5.55        09:04:39        4.20e-02        2.00e+00
       38309307        68.48395       900.42984            5.55        09:04:23        4.20e-02        2.00e+00
DEBUG @ t=38310000: current_coupling=0.042, last=0.042
       38310349        68.48390       901.43017            5.55        09:04:06        4.20e-02        2.00e+00
       38311467        68.48377       902.43090            5.55        09:03:53        4.20e-02        2.00e+00
       38312628        68.48395       903.43174            5.55        09:03:40        4.20e-02        2.00e+00
       38313740        68.48380       904.43249            5.55        09:03:26        4.20e-02        2.00e+00
       38314797        68.48529       905.43334            5.55        09:03:10        4.20e-02        2.00e+00
       38315961        68.48759       906.43411            5.55        09:02:56        4.20e-02        2.00e+00
       38317018        68.48890       907.43424            5.55        09:02:40        4.20e-02        2.00e+00
       38317896        68.48881       908.43512            5.55        09:02:18        4.20e-02        2.00e+00
       38318985        68.48884       909.43544            5.55        09:02:03        4.20e-02        2.00e+00
DEBUG @ t=38320000: current_coupling=0.042, last=0.042
       38320057        68.48871       910.43591            5.55        09:01:48        4.20e-02        2.00e+00
       38321090        68.48818       911.43597            5.55        09:01:31        4.20e-02        2.00e+00
       38322002        68.48773       912.43649            5.55        09:01:11        4.20e-02        2.00e+00
       38323048        68.48777       913.43714            5.55        09:00:55        4.20e-02        2.00e+00
       38324014        68.48889       914.43805            5.56        09:00:35        4.20e-02        2.00e+00
       38324997        68.48859       915.43880            5.56        09:00:17        4.20e-02        2.00e+00
       38325938        68.48764       916.43905            5.56        08:59:58        4.20e-02        2.00e+00
       38326840        68.48705       917.43951            5.56        08:59:37        4.20e-02        2.00e+00
       38327904        68.48642       918.44014            5.56        08:59:22        4.20e-02        2.00e+00
       38329028        68.48573       919.44058            5.56        08:59:09        4.20e-02        2.00e+00
DEBUG @ t=38330000: current_coupling=0.042, last=0.042
       38330002        68.48458       920.44096            5.56        08:58:51        4.20e-02        2.00e+00
       38331052        68.48391       921.44106            5.56        08:58:35        4.20e-02        2.00e+00
       38332189        68.48374       922.44124            5.56        08:58:22        4.20e-02        2.00e+00
       38333133        68.48380       923.44147            5.56        08:58:02        4.20e-02        2.00e+00
       38334264        68.48378       924.44149            5.56        08:57:49        4.20e-02        2.00e+00
       38335484        68.48340       925.44214            5.56        08:57:38        4.20e-02        2.00e+00
       38336731        68.48317       926.44232            5.56        08:57:29        4.20e-02        2.00e+00
       38337711        68.48231       927.44319            5.56        08:57:11        4.20e-02        2.00e+00
       38338881        68.48170       928.44368            5.56        08:56:59        4.20e-02        2.00e+00
       38339974        68.48055       929.44411            5.55        08:56:45        4.20e-02        2.00e+00
DEBUG @ t=38340000: current_coupling=0.042, last=0.042
       38340878        68.47931       930.44464            5.56        08:56:25        4.20e-02        2.00e+00
       38341761        68.47886       931.44577            5.56        08:56:03        4.20e-02        2.00e+00
       38342779        68.47833       932.44635            5.56        08:55:47        4.20e-02        2.00e+00
       38343894        68.47819       933.44718            5.56        08:55:33        4.20e-02        2.00e+00
       38344845        68.47804       934.44793            5.56        08:55:14        4.20e-02        2.00e+00
       38345767        68.47699       935.44833            5.56        08:54:54        4.20e-02        2.00e+00
       38346678        68.47543       936.44855            5.56        08:54:34        4.20e-02        2.00e+00
       38347646        68.47496       937.44905            5.56        08:54:16        4.20e-02        2.00e+00
       38348636        68.47457       938.44955            5.56        08:53:58        4.20e-02        2.00e+00
       38349710        68.47534       939.45016            5.56        08:53:42        4.20e-02        2.00e+00
DEBUG @ t=38350000: current_coupling=0.042, last=0.042
       38350825        68.47631       940.45043            5.56        08:53:28        4.20e-02        2.00e+00
       38351985        68.47706       941.45066            5.56        08:53:15        4.20e-02        2.00e+00
       38352917        68.47694       942.45078            5.56        08:52:55        4.20e-02        2.00e+00
       38353875        68.47617       943.45115            5.56        08:52:37        4.20e-02        2.00e+00
       38354916        68.47537       944.45180            5.56        08:52:21        4.20e-02        2.00e+00
       38355773        68.47370       945.45278            5.56        08:51:59        4.20e-02        2.00e+00
       38356741        68.47258       946.45328            5.56        08:51:41        4.20e-02        2.00e+00
       38357749        68.47204       947.45381            5.56        08:51:24        4.20e-02        2.00e+00
       38358806        68.47129       948.45383            5.56        08:51:09        4.20e-02        2.00e+00
       38359872        68.47036       949.45449            5.56        08:50:54        4.20e-02        2.00e+00
DEBUG @ t=38360000: current_coupling=0.042, last=0.042
       38360954        68.46933       950.45488            5.56        08:50:39        4.20e-02        2.00e+00
       38362062        68.46870       951.45559            5.56        08:50:25        4.20e-02        2.00e+00
       38363153        68.46831       952.45614            5.56        08:50:11        4.20e-02        2.00e+00
       38364211        68.46690       953.45699            5.56        08:49:56        4.20e-02        2.00e+00
       38365259        68.46576       954.45705            5.56        08:49:40        4.20e-02        2.00e+00
       38366330        68.46498       955.45748            5.56        08:49:25        4.20e-02        2.00e+00
       38367419        68.46439       956.45771            5.56        08:49:11        4.20e-02        2.00e+00
       38368447        68.46425       957.45843            5.56        08:48:54        4.20e-02        2.00e+00
       38369439        68.46437       958.45864            5.56        08:48:36        4.20e-02        2.00e+00
DEBUG @ t=38370000: current_coupling=0.042, last=0.042
       38370444        68.46372       959.45900            5.56        08:48:19        4.20e-02        2.00e+00
       38371449        68.46242       960.45926            5.56        08:48:03        4.20e-02        2.00e+00
       38372377        68.46054       961.46023            5.56        08:47:44        4.20e-02        2.00e+00
       38373359        68.45856       962.46074            5.56        08:47:26        4.20e-02        2.00e+00
       38374407        68.45712       963.46086            5.56        08:47:11        4.20e-02        2.00e+00
       38375368        68.45554       964.46153            5.56        08:46:53        4.20e-02        2.00e+00
       38376347        68.45396       965.46195            5.56        08:46:36        4.20e-02        2.00e+00
       38377251        68.45233       966.46215            5.56        08:46:16        4.20e-02        2.00e+00
       38378203        68.45116       967.46250            5.56        08:45:58        4.20e-02        2.00e+00
       38379153        68.45088       968.46261            5.57        08:45:39        4.20e-02        2.00e+00
DEBUG @ t=38380000: current_coupling=0.042, last=0.042
       38380032        68.44986       969.46278            5.57        08:45:18        4.20e-02        2.00e+00
       38381013        68.44864       970.46303            5.57        08:45:01        4.20e-02        2.00e+00
       38381980        68.44727       971.46333            5.57        08:44:43        4.20e-02        2.00e+00
       38383001        68.44633       972.46393            5.57        08:44:26        4.20e-02        2.00e+00
       38384021        68.44518       973.46483            5.57        08:44:10        4.20e-02        2.00e+00
       38384926        68.44391       974.46557            5.57        08:43:50        4.20e-02        2.00e+00
       38385878        68.44275       975.46609            5.57        08:43:32        4.20e-02        2.00e+00
       38386928        68.44198       976.46670            5.57        08:43:16        4.20e-02        2.00e+00
       38387985        68.44115       977.46751            5.57        08:43:01        4.20e-02        2.00e+00
       38388939        68.44037       978.46778            5.57        08:42:43        4.20e-02        2.00e+00
       38389924        68.44004       979.46842            5.57        08:42:25        4.20e-02        2.00e+00
DEBUG @ t=38390000: current_coupling=0.042, last=0.042
       38390980        68.44098       980.46943            5.57        08:42:09        4.20e-02        2.00e+00
       38391959        68.44024       981.46991            5.57        08:41:51        4.20e-02        2.00e+00
       38392874        68.43960       982.47097            5.57        08:41:32        4.20e-02        2.00e+00
       38393910        68.43895       983.47191            5.57        08:41:15        4.20e-02        2.00e+00
       38394941        68.43881       984.47195            5.57        08:40:59        4.20e-02        2.00e+00
       38395876        68.43857       985.47287            5.57        08:40:40        4.20e-02        2.00e+00
       38396792        68.43778       986.47374            5.57        08:40:20        4.20e-02        2.00e+00
       38397676        68.43632       987.47393            5.57        08:40:00        4.20e-02        2.00e+00
       38398593        68.43502       988.47490            5.57        08:39:41        4.20e-02        2.00e+00
       38399586        68.43472       989.47550            5.57        08:39:24        4.20e-02        2.00e+00
DEBUG @ t=38400000: current_coupling=0.042, last=0.042
[HDF5 Writer DEBUG] timestep=38400000, current_time_ps=989.880, last_output_time=989.8718968132584, write_count=94652
       38400581        68.43446       990.47597            5.57        08:39:06        4.20e-02        2.00e+00
       38401541        68.43428       991.47690            5.57        08:38:48        4.20e-02        2.00e+00
       38402510        68.43358       992.47775            5.58        08:38:30        4.20e-02        2.00e+00
       38403415        68.43320       993.47852            5.58        08:38:10        4.20e-02        2.00e+00
       38404329        68.43256       994.47906            5.58        08:37:50        4.20e-02        2.00e+00
       38405393        68.43202       995.47928            5.58        08:37:35        4.20e-02        2.00e+00
       38406505        68.43158       996.48010            5.58        08:37:21        4.20e-02        2.00e+00
       38407502        68.43103       997.48044            5.58        08:37:04        4.20e-02        2.00e+00
       38408423        68.43041       998.48059            5.58        08:36:45        4.20e-02        2.00e+00
       38409395        68.43040       999.48135            5.58        08:36:27        4.20e-02        2.00e+00
Added F(k,t) reference 5 at t = 1000.004 ps
DEBUG @ t=38410000: current_coupling=0.042, last=0.042
       38410422        68.42980      1000.48203            5.58        08:36:11        4.20e-02        2.00e+00
       38411419        68.42979      1001.48266            5.58        08:35:53        4.20e-02        2.00e+00
       38412344        68.42940      1002.48274            5.58        08:35:34        4.20e-02        2.00e+00
       38413262        68.42908      1003.48336            5.58        08:35:15        4.20e-02        2.00e+00
       38414279        68.42854      1004.48393            5.58        08:34:58        4.20e-02        2.00e+00
       38415326        68.42794      1005.48467            5.58        08:34:43        4.20e-02        2.00e+00
       38416277        68.42741      1006.48560            5.58        08:34:24        4.20e-02        2.00e+00
       38417248        68.42734      1007.48603            5.58        08:34:06        4.20e-02        2.00e+00
       38418204        68.42687      1008.48652            5.58        08:33:48        4.20e-02        2.00e+00
       38419215        68.42631      1009.48743            5.58        08:33:31        4.20e-02        2.00e+00
DEBUG @ t=38420000: current_coupling=0.042, last=0.042
       38420260        68.42606      1010.48766            5.58        08:33:15        4.20e-02        2.00e+00
       38421324        68.42720      1011.48804            5.58        08:32:59        4.20e-02        2.00e+00
       38422354        68.42852      1012.48858            5.58        08:32:43        4.20e-02        2.00e+00
       38423283        68.42870      1013.48891            5.58        08:32:23        4.20e-02        2.00e+00
       38424277        68.42839      1014.48969            5.58        08:32:06        4.20e-02        2.00e+00
       38425280        68.42837      1015.49024            5.58        08:31:49        4.20e-02        2.00e+00
       38426277        68.42840      1016.49074            5.58        08:31:32        4.20e-02        2.00e+00
       38427345        68.42853      1017.49103            5.58        08:31:16        4.20e-02        2.00e+00
       38428504        68.42782      1018.49145            5.58        08:31:04        4.20e-02        2.00e+00
       38429640        68.42693      1019.49215            5.58        08:30:51        4.20e-02        2.00e+00
DEBUG @ t=38430000: current_coupling=0.042, last=0.042
       38430673        68.42635      1020.49266            5.58        08:30:35        4.20e-02        2.00e+00
       38431630        68.42553      1021.49291            5.58        08:30:17        4.20e-02        2.00e+00
       38432639        68.42433      1022.49366            5.58        08:30:01        4.20e-02        2.00e+00
       38433749        68.42422      1023.49411            5.58        08:29:47        4.20e-02        2.00e+00
       38434737        68.42338      1024.49508            5.58        08:29:30        4.20e-02        2.00e+00
       38435720        68.42241      1025.49523            5.58        08:29:12        4.20e-02        2.00e+00
       38436770        68.42115      1026.49591            5.58        08:28:57        4.20e-02        2.00e+00
       38437775        68.42083      1027.49597            5.58        08:28:40        4.20e-02        2.00e+00
       38438782        68.42033      1028.49617            5.58        08:28:24        4.20e-02        2.00e+00
       38439863        68.41983      1029.49664            5.58        08:28:09        4.20e-02        2.00e+00
DEBUG @ t=38440000: current_coupling=0.042, last=0.042
       38440977        68.41986      1030.49748            5.58        08:27:55        4.20e-02        2.00e+00
       38441953        68.42016      1031.49777            5.58        08:27:37        4.20e-02        2.00e+00
       38443044        68.41986      1032.49844            5.58        08:27:23        4.20e-02        2.00e+00
       38444150        68.41971      1033.49931            5.58        08:27:09        4.20e-02        2.00e+00
       38445199        68.41916      1034.49967            5.58        08:26:53        4.20e-02        2.00e+00
       38446227        68.41900      1035.49987            5.58        08:26:37        4.20e-02        2.00e+00
       38447257        68.41800      1036.50031            5.58        08:26:21        4.20e-02        2.00e+00
       38448295        68.41753      1037.50105            5.58        08:26:05        4.20e-02        2.00e+00
       38449280        68.41714      1038.50197            5.58        08:25:48        4.20e-02        2.00e+00
DEBUG @ t=38450000: current_coupling=0.042, last=0.042
       38450243        68.41685      1039.50302            5.58        08:25:30        4.20e-02        2.00e+00
       38451180        68.41617      1040.50359            5.59        08:25:11        4.20e-02        2.00e+00
       38452222        68.41594      1041.50362            5.59        08:24:55        4.20e-02        2.00e+00
       38453317        68.41522      1042.50410            5.59        08:24:41        4.20e-02        2.00e+00
       38454367        68.41423      1043.50441            5.59        08:24:26        4.20e-02        2.00e+00
       38455333        68.41393      1044.50448            5.59        08:24:08        4.20e-02        2.00e+00
       38456301        68.41328      1045.50522            5.59        08:23:50        4.20e-02        2.00e+00
       38457303        68.41343      1046.50594            5.59        08:23:33        4.20e-02        2.00e+00
       38458268        68.41264      1047.50671            5.59        08:23:16        4.20e-02        2.00e+00
       38459172        68.41151      1048.50691            5.59        08:22:56        4.20e-02        2.00e+00
DEBUG @ t=38460000: current_coupling=0.042, last=0.042
       38460151        68.41075      1049.50755            5.59        08:22:39        4.20e-02        2.00e+00
       38461030        68.41038      1050.50816            5.59        08:22:19        4.20e-02        2.00e+00
       38461972        68.41020      1051.50867            5.59        08:22:00        4.20e-02        2.00e+00
       38462877        68.41022      1052.50903            5.59        08:21:41        4.20e-02        2.00e+00
       38463844        68.40955      1053.50964            5.59        08:21:23        4.20e-02        2.00e+00
       38464806        68.40816      1054.51012            5.59        08:21:06        4.20e-02        2.00e+00
       38465726        68.40763      1055.51107            5.59        08:20:47        4.20e-02        2.00e+00
       38466707        68.40725      1056.51129            5.59        08:20:29        4.20e-02        2.00e+00
       38467797        68.40856      1057.51206            5.59        08:20:14        4.20e-02        2.00e+00
       38468809        68.41041      1058.51261            5.59        08:19:57        4.20e-02        2.00e+00
       38469760        68.41225      1059.51340            5.59        08:19:38        4.20e-02        2.00e+00
DEBUG @ t=38470000: current_coupling=0.042, last=0.042
       38470685        68.41172      1060.51428            5.59        08:19:19        4.20e-02        2.00e+00
       38471755        68.41080      1061.51513            5.59        08:19:04        4.20e-02        2.00e+00
       38472875        68.40940      1062.51517            5.59        08:18:51        4.20e-02        2.00e+00
       38473908        68.40899      1063.51572            5.59        08:18:35        4.20e-02        2.00e+00
       38474983        68.40857      1064.51588            5.59        08:18:20        4.20e-02        2.00e+00
       38475843        68.40727      1065.51688            5.59        08:18:00        4.20e-02        2.00e+00
       38476761        68.40623      1066.51793            5.59        08:17:41        4.20e-02        2.00e+00
       38477818        68.40620      1067.51866            5.59        08:17:26        4.20e-02        2.00e+00
       38478710        68.40639      1068.51914            5.60        08:17:06        4.20e-02        2.00e+00
       38479754        68.40632      1069.51916            5.60        08:16:50        4.20e-02        2.00e+00
DEBUG @ t=38480000: current_coupling=0.042, last=0.042
       38480815        68.40639      1070.51949            5.60        08:16:35        4.20e-02        2.00e+00
       38481875        68.40610      1071.52014            5.60        08:16:20        4.20e-02        2.00e+00
       38482784        68.40515      1072.52117            5.60        08:16:01        4.20e-02        2.00e+00
       38483854        68.40582      1073.52176            5.60        08:15:45        4.20e-02        2.00e+00
       38484877        68.40573      1074.52214            5.60        08:15:29        4.20e-02        2.00e+00
       38485940        68.40512      1075.52265            5.60        08:15:14        4.20e-02        2.00e+00
       38486988        68.40439      1076.52280            5.60        08:14:59        4.20e-02        2.00e+00
       38487913        68.40346      1077.52311            5.60        08:14:40        4.20e-02        2.00e+00
       38488914        68.40249      1078.52315            5.60        08:14:24        4.20e-02        2.00e+00
       38489950        68.40141      1079.52326            5.60        08:14:08        4.20e-02        2.00e+00
DEBUG @ t=38490000: current_coupling=0.042, last=0.042
       38490843        68.40027      1080.52432            5.60        08:13:49        4.20e-02        2.00e+00
       38491815        68.39931      1081.52452            5.60        08:13:32        4.20e-02        2.00e+00
       38492767        68.39829      1082.52558            5.60        08:13:14        4.20e-02        2.00e+00
       38493732        68.39764      1083.52615            5.60        08:12:57        4.20e-02        2.00e+00
       38494742        68.39754      1084.52633            5.60        08:12:40        4.20e-02        2.00e+00
       38495742        68.39728      1085.52723            5.60        08:12:23        4.20e-02        2.00e+00
       38496765        68.39711      1086.52738            5.60        08:12:07        4.20e-02        2.00e+00
       38497752        68.39646      1087.52784            5.60        08:11:50        4.20e-02        2.00e+00
       38498749        68.39525      1088.52790            5.60        08:11:34        4.20e-02        2.00e+00
       38499755        68.39566      1089.52869            5.60        08:11:17        4.20e-02        2.00e+00
DEBUG @ t=38500000: current_coupling=0.042, last=0.042
[HDF5 Writer DEBUG] timestep=38500000, current_time_ps=1089.774, last_output_time=1089.7673738070514, write_count=104155
       38500739        68.39566      1090.52943            5.60        08:10:59        4.20e-02        2.00e+00
       38501698        68.39470      1091.53018            5.60        08:10:42        4.20e-02        2.00e+00
       38502652        68.39470      1092.53043            5.60        08:10:24        4.20e-02        2.00e+00
       38503674        68.39478      1093.53049            5.60        08:10:08        4.20e-02        2.00e+00
       38504668        68.39505      1094.53078            5.60        08:09:51        4.20e-02        2.00e+00
       38505713        68.39488      1095.53128            5.60        08:09:35        4.20e-02        2.00e+00
       38506750        68.39340      1096.53135            5.60        08:09:20        4.20e-02        2.00e+00
       38507834        68.39238      1097.53213            5.60        08:09:05        4.20e-02        2.00e+00
       38508918        68.39269      1098.53241            5.60        08:08:51        4.20e-02        2.00e+00
       38509985        68.39327      1099.53243            5.60        08:08:35        4.20e-02        2.00e+00
DEBUG @ t=38510000: current_coupling=0.042, last=0.042
       38511125        68.39421      1100.53259            5.60        08:08:21        4.20e-02        2.00e+00
       38512249        68.39462      1101.53279            5.60        08:08:08        4.20e-02        2.00e+00
       38513323        68.39376      1102.53317            5.60        08:07:53        4.20e-02        2.00e+00
       38514360        68.39301      1103.53404            5.60        08:07:37        4.20e-02        2.00e+00
       38515396        68.39224      1104.53407            5.60        08:07:22        4.20e-02        2.00e+00
       38516455        68.39051      1105.53437            5.60        08:07:07        4.20e-02        2.00e+00
       38517589        68.38963      1106.53458            5.60        08:06:54        4.20e-02        2.00e+00
       38518623        68.38890      1107.53553            5.60        08:06:38        4.20e-02        2.00e+00
       38519613        68.38842      1108.53570            5.60        08:06:22        4.20e-02        2.00e+00
DEBUG @ t=38520000: current_coupling=0.042, last=0.042
       38520690        68.38803      1109.53633            5.60        08:06:07        4.20e-02        2.00e+00
       38521829        68.38743      1110.53655            5.60        08:05:54        4.20e-02        2.00e+00
       38522920        68.38620      1111.53723            5.60        08:05:40        4.20e-02        2.00e+00
       38523940        68.38566      1112.53773            5.60        08:05:24        4.20e-02        2.00e+00
       38524951        68.38479      1113.53790            5.60        08:05:07        4.20e-02        2.00e+00
       38526041        68.38401      1114.53821            5.60        08:04:53        4.20e-02        2.00e+00
       38527061        68.38358      1115.53856            5.60        08:04:37        4.20e-02        2.00e+00
       38528076        68.38252      1116.53916            5.60        08:04:21        4.20e-02        2.00e+00
       38529039        68.38187      1117.53928            5.60        08:04:04        4.20e-02        2.00e+00
       38529995        68.38157      1118.53979            5.60        08:03:46        4.20e-02        2.00e+00
DEBUG @ t=38530000: current_coupling=0.042, last=0.042
       38530932        68.38067      1119.54019            5.60        08:03:28        4.20e-02        2.00e+00
       38532012        68.38036      1120.54044            5.60        08:03:13        4.20e-02        2.00e+00
       38533139        68.37991      1121.54051            5.60        08:03:00        4.20e-02        2.00e+00
       38534202        68.37970      1122.54100            5.60        08:02:45        4.20e-02        2.00e+00
       38535188        68.38000      1123.54130            5.60        08:02:27        4.20e-02        2.00e+00
       38536259        68.37969      1124.54217            5.60        08:02:12        4.20e-02        2.00e+00
       38537268        68.37946      1125.54291            5.60        08:01:56        4.20e-02        2.00e+00
       38538321        68.37980      1126.54343            5.60        08:01:40        4.20e-02        2.00e+00
       38539335        68.37945      1127.54368            5.60        08:01:24        4.20e-02        2.00e+00
DEBUG @ t=38540000: current_coupling=0.042, last=0.042
       38540271        68.37840      1128.54447            5.60        08:01:06        4.20e-02        2.00e+00
       38541265        68.37783      1129.54526            5.60        08:00:49        4.20e-02        2.00e+00
       38542380        68.37899      1130.54609            5.60        08:00:35        4.20e-02        2.00e+00
       38543391        68.37888      1131.54666            5.60        08:00:18        4.20e-02        2.00e+00
       38544259        68.37838      1132.54762            5.60        07:59:59        4.20e-02        2.00e+00
       38545167        68.37816      1133.54802            5.60        07:59:40        4.20e-02        2.00e+00
       38546227        68.37936      1134.54859            5.60        07:59:24        4.20e-02        2.00e+00
       38547258        68.38079      1135.54957            5.60        07:59:07        4.20e-02        2.00e+00
       38548251        68.38049      1136.54996            5.60        07:58:51        4.20e-02        2.00e+00
       38549293        68.37908      1137.55011            5.60        07:58:36        4.20e-02        2.00e+00
DEBUG @ t=38550000: current_coupling=0.042, last=0.042
       38550328        68.37808      1138.55093            5.60        07:58:20        4.20e-02        2.00e+00
       38551368        68.37868      1139.55184            5.60        07:58:04        4.20e-02        2.00e+00
       38552366        68.37962      1140.55191            5.60        07:57:47        4.20e-02        2.00e+00
       38553327        68.37934      1141.55211            5.60        07:57:29        4.20e-02        2.00e+00
       38554357        68.37914      1142.55262            5.60        07:57:13        4.20e-02        2.00e+00
       38555407        68.37956      1143.55346            5.60        07:56:58        4.20e-02        2.00e+00
       38556525        68.37926      1144.55355            5.60        07:56:44        4.20e-02        2.00e+00
       38557691        68.37957      1145.55384            5.60        07:56:31        4.20e-02        2.00e+00
       38558885        68.37899      1146.55441            5.60        07:56:19        4.20e-02        2.00e+00
       38559996        68.37795      1147.55492            5.60        07:56:05        4.20e-02        2.00e+00
DEBUG @ t=38560000: current_coupling=0.042, last=0.042
       38560930        68.37668      1148.55579            5.60        07:55:48        4.20e-02        2.00e+00
       38562008        68.37618      1149.55623            5.60        07:55:33        4.20e-02        2.00e+00
       38563184        68.37613      1150.55644            5.60        07:55:20        4.20e-02        2.00e+00
       38564185        68.37559      1151.55653            5.60        07:55:04        4.20e-02        2.00e+00
       38565164        68.37567      1152.55690            5.60        07:54:47        4.20e-02        2.00e+00
       38566088        68.37592      1153.55700            5.60        07:54:28        4.20e-02        2.00e+00
       38567104        68.37619      1154.55722            5.60        07:54:12        4.20e-02        2.00e+00
       38568152        68.37835      1155.55725            5.60        07:53:55        4.20e-02        2.00e+00
       38569305        68.37953      1156.55766            5.60        07:53:42        4.20e-02        2.00e+00
DEBUG @ t=38570000: current_coupling=0.042, last=0.042
       38570383        68.37969      1157.55775            5.60        07:53:27        4.20e-02        2.00e+00
       38571510        68.38032      1158.55799            5.60        07:53:13        4.20e-02        2.00e+00
       38572560        68.38031      1159.55880            5.60        07:52:57        4.20e-02        2.00e+00
       38573536        68.38002      1160.55905            5.60        07:52:40        4.20e-02        2.00e+00
       38574546        68.37980      1161.55942            5.60        07:52:24        4.20e-02        2.00e+00
       38575627        68.38018      1162.55971            5.60        07:52:09        4.20e-02        2.00e+00
       38576718        68.38063      1163.55982            5.60        07:51:54        4.20e-02        2.00e+00
       38577795        68.38098      1164.56032            5.60        07:51:39        4.20e-02        2.00e+00
       38578909        68.38114      1165.56045            5.60        07:51:25        4.20e-02        2.00e+00
       38579975        68.38122      1166.56096            5.60        07:51:10        4.20e-02        2.00e+00
DEBUG @ t=38580000: current_coupling=0.042, last=0.042
       38581065        68.38165      1167.56182            5.60        07:50:55        4.20e-02        2.00e+00
       38582032        68.38141      1168.56235            5.60        07:50:37        4.20e-02        2.00e+00
       38583139        68.38153      1169.56305            5.60        07:50:23        4.20e-02        2.00e+00
       38584103        68.38131      1170.56369            5.60        07:50:06        4.20e-02        2.00e+00
       38585267        68.38181      1171.56408            5.60        07:49:53        4.20e-02        2.00e+00
       38586352        68.38180      1172.56439            5.60        07:49:38        4.20e-02        2.00e+00
       38587381        68.38126      1173.56486            5.60        07:49:22        4.20e-02        2.00e+00
       38588466        68.38113      1174.56582            5.60        07:49:07        4.20e-02        2.00e+00
       38589533        68.38132      1175.56643            5.60        07:48:52        4.20e-02        2.00e+00
DEBUG @ t=38590000: current_coupling=0.042, last=0.042
       38590645        68.38154      1176.56667            5.60        07:48:38        4.20e-02        2.00e+00
       38591654        68.38137      1177.56748            5.60        07:48:21        4.20e-02        2.00e+00
       38592800        68.38182      1178.56804            5.60        07:48:08        4.20e-02        2.00e+00
       38593777        68.38234      1179.56905            5.60        07:47:50        4.20e-02        2.00e+00
       38594788        68.38233      1180.56937            5.60        07:47:34        4.20e-02        2.00e+00
       38595856        68.38273      1181.56994            5.60        07:47:19        4.20e-02        2.00e+00
       38596835        68.38243      1182.57034            5.60        07:47:02        4.20e-02        2.00e+00
       38597807        68.38363      1183.57058            5.60        07:46:44        4.20e-02        2.00e+00
       38598783        68.38479      1184.57141            5.60        07:46:26        4.20e-02        2.00e+00
       38599740        68.38491      1185.57165            5.60        07:46:09        4.20e-02        2.00e+00
DEBUG @ t=38600000: current_coupling=0.042, last=0.042
[HDF5 Writer DEBUG] timestep=38600000, current_time_ps=1185.840, last_output_time=1185.837194923317, write_count=113319
       38600773        68.38545      1186.57187            5.61        07:45:53        4.20e-02        2.00e+00
       38601702        68.38514      1187.57222            5.61        07:45:34        4.20e-02        2.00e+00
       38602622        68.38481      1188.57273            5.61        07:45:16        4.20e-02        2.00e+00
       38603499        68.38436      1189.57344            5.61        07:44:57        4.20e-02        2.00e+00
       38604395        68.38394      1190.57367            5.61        07:44:38        4.20e-02        2.00e+00
       38605355        68.38350      1191.57441            5.61        07:44:21        4.20e-02        2.00e+00
       38606330        68.38282      1192.57525            5.61        07:44:04        4.20e-02        2.00e+00
       38607251        68.38224      1193.57579            5.61        07:43:46        4.20e-02        2.00e+00
       38608086        68.38187      1194.57670            5.61        07:43:26        4.20e-02        2.00e+00
       38609034        68.38199      1195.57681            5.61        07:43:08        4.20e-02        2.00e+00
       38609932        68.38185      1196.57698            5.61        07:42:49        4.20e-02        2.00e+00
DEBUG @ t=38610000: current_coupling=0.042, last=0.042
       38610823        68.38176      1197.57703            5.61        07:42:30        4.20e-02        2.00e+00
       38611745        68.38208      1198.57758            5.61        07:42:12        4.20e-02        2.00e+00
       38612680        68.38183      1199.57818            5.61        07:41:54        4.20e-02        2.00e+00
Added F(k,t) reference 6 at t = 1200.005 ps
       38613613        68.38146      1200.57901            5.61        07:41:36        4.20e-02        2.00e+00
       38614539        68.38107      1201.58004            5.61        07:41:18        4.20e-02        2.00e+00
2025-11-06 17:11:31 | ERROR | CRITICAL ERROR in simulation: Unable to synchronously flush file (file write failed: time = Thu Nov  6 17:11:31 2025
, filename = 'observables_replica_496.h5', file descriptor = 4, errno = 122, error message = 'Disk quota exceeded', buf = 0x55d28378be00, total write size = 6423, bytes this sub-write = 6423, offset = 822080025)
2025-11-06 17:11:31 | ERROR | Full traceback:
2025-11-06 17:11:31 | ERROR | Traceback (most recent call last):
2025-11-06 17:11:31 | ERROR |   File "/scratch/mh7373/micromamba/envs/hoomd/lib/python3.12/site-packages/hoomd/cavitymd/simulation/core.py", line 4753, in run
2025-11-06 17:11:31 | ERROR |     self.run_simulation()
2025-11-06 17:11:31 | ERROR |   File "/scratch/mh7373/micromamba/envs/hoomd/lib/python3.12/site-packages/hoomd/cavitymd/simulation/core.py", line 4807, in run_simulation
2025-11-06 17:11:31 | ERROR |     self.sim.run(total_steps, write_at_start=True)
2025-11-06 17:11:31 | ERROR |   File "/scratch/mh7373/micromamba/envs/hoomd/lib/python3.12/site-packages/hoomd/simulation.py", line 561, in run
2025-11-06 17:11:31 | ERROR |     self._cpp_sys.run(steps_int, write_at_start)
2025-11-06 17:11:31 | ERROR |   File "/scratch/mh7373/micromamba/envs/hoomd/lib/python3.12/site-packages/hoomd/cavitymd/data.py", line 528, in act
2025-11-06 17:11:31 | ERROR |     self.file.flush()
2025-11-06 17:11:31 | ERROR |   File "/scratch/mh7373/micromamba/envs/hoomd/lib/python3.12/site-packages/h5py/_hl/files.py", line 639, in flush
2025-11-06 17:11:31 | ERROR |     h5f.flush(self.id)
2025-11-06 17:11:31 | ERROR |   File "h5py/_objects.pyx", line 56, in h5py._objects.with_phil.wrapper
2025-11-06 17:11:31 | ERROR |   File "h5py/_objects.pyx", line 57, in h5py._objects.with_phil.wrapper
2025-11-06 17:11:31 | ERROR |   File "h5py/h5f.pyx", line 159, in h5py.h5f.flush
2025-11-06 17:11:31 | ERROR | RuntimeError: Unable to synchronously flush file (file write failed: time = Thu Nov  6 17:11:31 2025
2025-11-06 17:11:31 | ERROR | , filename = 'observables_replica_496.h5', file descriptor = 4, errno = 122, error message = 'Disk quota exceeded', buf = 0x55d28378be00, total write size = 6423, bytes this sub-write = 6423, offset = 822080025)
2025-11-06 17:11:31 | INFO | Cleanup initiated...
2025-11-06 17:11:31 | INFO | Closing HDF5 observable writer...
2025-11-06 17:11:31 | ERROR | Error closing HDF5 writer: Unable to synchronously flush file (file write failed: time = Thu Nov  6 17:11:31 2025
, filename = 'observables_replica_496.h5', file descriptor = 4, errno = 122, error message = 'Disk quota exceeded', buf = 0x55d2847a3640, total write size = 6423, bytes this sub-write = 6423, offset = 822080025)
DEBUG: Cleanup called - checking for fkt_tracker
DEBUG: No fkt_tracker found or it's None
2025-11-06 17:11:31 | INFO | Returned to original directory: /scratch/mh7373/cav-hoomd/new_final_offres
2025-11-06 17:11:31 | INFO | Cleanup completed
ERROR: Replica 496 failed (coupling: 4.200000e-02 a.u.)

==================================================
Execution Summary
==================================================
Coupling constant used: 4.200000e-02 a.u.
Total replicas: 1
Successful: 0
Failed: 1
Wall time: 18506.14 seconds

WARNING: 1 replicas failed - check individual logs for details
✗ FAILED: DEBUG task 496
