SLURM Job ID: 1642179
SLURM Array Task ID: 255
Using frequency: 2060 cm-1
Fixed coupling strength (lambda): 0.042 (dimensionless)
Frame will be automatically set to: 255
Advanced Cavity MD Experiment Runner
==================================================
SLURM array job detected: Task 255 (Job 1642179)

*** COUPLING CONSTANT: 4.200000e-02 a.u. ***

Simulation Configuration:
  Cavity coupling: Enabled
    Coupling strength: 4.200000e-02 a.u.
    Frequency: 2060.0 cm⁻¹
    Finite-q mode: False
    Cavity thermostat: langevin
  Molecular thermostat: bussi
  Temperature: 100.0 K
  Runtime: 3000.0 ps
  Device: CPU
  Random seed: 0
  Velocity restart: Enabled - thermalizing velocities
  Momentum zeroing: Disabled

Starting execution for 1 replica(s)...
==================================================

Running replica 255...
>>> Will use FRAME 255 from init-0.gsd for this replica <<<
Running experiment:
  Cavity coupling: Enabled
  *** COUPLING STRENGTH: 4.200000e-02 a.u. ***
  Switch time: 200.0 ps
  Decay: None (step function)
  Damping ratio (zeta): 0.0
  Calculated dissipation (c): 0.0000e+00 a.u.
  Molecular thermostat: bussi
  Cavity thermostat: langevin
  Finite-q mode: False
  Replica: 255
  Frame: 255
  Output directory: coupling_420000e-07_freq_2060.0cm1_switch_200.0ps
  *** READING FRAME 255 FROM /scratch/mh7373/cav-hoomd/new_final_offres/init-0.gsd ***
  ✓ Successfully initialized simulation from frame 255
  ✓ Input file: /scratch/mh7373/cav-hoomd/new_final_offres/init-0.gsd
  ✓ Replica 255 ready to run...
2025-11-06 12:02:10 | INFO | ============================================================
2025-11-06 12:02:10 | INFO | CAVITY MD SIMULATION STARTED
2025-11-06 12:02:10 | INFO | ============================================================
2025-11-06 12:02:10 | INFO | Simulation: prod-255
2025-11-06 12:02:10 | INFO | Device: CPU
2025-11-06 12:02:10 | INFO | Runtime: 3000.0 ps
2025-11-06 12:02:10 | INFO | Temperature: 100.0 K
2025-11-06 12:02:10 | INFO | Random seed: 0
2025-11-06 12:02:10 | INFO | Cavity coupling: Enabled
2025-11-06 12:02:10 | INFO |   Frequency: 2060.0 cm^-1
2025-11-06 12:02:10 | INFO |   Lambda coupling: 0.042
2025-11-06 12:02:10 | INFO |   Epsilon (lambda * omega_c): 3.942141e-04 a.u.
2025-11-06 12:02:10 | INFO |   Finite-q mode: False
2025-11-06 12:02:10 | INFO | Molecular thermostat: bussi (tau=1.0 ps)
2025-11-06 12:02:10 | INFO | Cavity thermostat: langevin (tau=1.0 ps)
2025-11-06 12:02:10 | INFO | ============================================================
2025-11-06 12:02:10 | INFO | === Phase 1: Setting up simulation ===
2025-11-06 12:02:10 | INFO | Using default timestep for calculations: 0.0001 ps
2025-11-06 12:02:10 | INFO | Time conversions:
2025-11-06 12:02:10 | INFO |   Timestep: 0.0001 ps = 4.134138 a.u.
2025-11-06 12:02:10 | INFO |   Runtime: 3000.0 ps = 30000000 steps
2025-11-06 12:02:10 | INFO |   Steps per ps: 10000.0
2025-11-06 12:02:10 | INFO | Output periods (steps):
2025-11-06 12:02:10 | INFO |   Energy: 100 (0.010 ps)
2025-11-06 12:02:10 | INFO |   F(k,t): 10000 (1.000 ps)
2025-11-06 12:02:10 | INFO |   GSD: 10000 (1.000 ps)
2025-11-06 12:02:10 | INFO |   Console: 10000 (1.000 ps)
2025-11-06 12:02:10 | INFO | Initializing simulation on CPU
2025-11-06 12:02:10 | INFO | Using user-specified seed: 0
2025-11-06 12:02:10 | INFO | Cavity particle already exists in GSD file (1 found)
2025-11-06 12:02:10 | INFO | Simulation state created from original GSD file with existing cavity particle
2025-11-06 12:02:10 | INFO | Cavity particle validated at index 500, position HOOMDArray([-0.549887    4.82822227  0.03934355])
2025-11-06 12:02:10 | INFO | === Phase 1.5: Setting up time tracker ===
2025-11-06 12:02:10 | INFO | === Phase 2: Configuring forces and thermostats ===
2025-11-06 12:02:10 | INFO | Using lambda_coupling=0.042 (will be scaled by omega_c=0.009386 a.u.)
2025-11-06 12:02:10 | INFO | Using constant coupling: lambda=0.042, epsilon=3.942141e-04 a.u.
CavityForce initialized using cpp implementation
  Using constant lambda coupling: 0.042 (dimensionless)
  Effective epsilon: 3.942141e-04 a.u.
2025-11-06 12:02:10 | INFO | Thermostat time constant conversions:
2025-11-06 12:02:10 | INFO |   Molecular: 1.000 ps = 41341.378917 a.u.
2025-11-06 12:02:10 | INFO |   Cavity: 1.000 ps = 41341.378917 a.u.
2025-11-06 12:02:10 | INFO | Running molecular system with Bussi thermostat (NVT ensemble)
2025-11-06 12:02:10 | INFO | Molecular Bussi thermostat configured: T = 100.0 K, kT = 0.000317 a.u., tau = 1.000 ps
2025-11-06 12:02:10 | INFO | Running cavity with Langevin thermostat
2025-11-06 12:02:10 | INFO | Cavity Langevin thermostat configured: T = 100.0 K, kT = 0.000317 a.u.
2025-11-06 12:02:10 | INFO |   base_gamma = 0.000024 a.u.^-1 (tau = 1.000 ps)
2025-11-06 12:02:10 | INFO |   effective_gamma = 0.000024 a.u.^-1 (damping_factor = 1.0x)
2025-11-06 12:02:10 | INFO | === Phase 3: Setting up integrator and thermalization ===
2025-11-06 12:02:10 | INFO | Integrator configured with initial dt = 4.134138 a.u. (0.000100 ps)
2025-11-06 12:02:10 | INFO | Number of integration methods: 2
2025-11-06 12:02:10 | INFO | CavityParticleDisplacer not needed (constant coupling or q=0 mode)
2025-11-06 12:02:10 | INFO | Using seed 1 for thermalization randomness
2025-11-06 12:02:10 | INFO | Thermalized molecular particles using HOOMD State object
2025-11-06 12:02:10 | INFO | Cavity particle manually thermalized:
2025-11-06 12:02:10 | INFO |   Target temperature: 100.0 K
2025-11-06 12:02:10 | INFO |   Initial velocity: [ 0.02890696 -0.01088686 -0.00939938]
2025-11-06 12:02:10 | INFO |   Expected KE: 0.000521 a.u.
2025-11-06 12:02:10 | INFO |   Expected temperature: 109.7 K
2025-11-06 12:02:10 | INFO |   Using array module: numpy
2025-11-06 12:02:10 | INFO | Checking molecular system temperature after thermalization:
2025-11-06 12:02:10 | INFO |   Number of molecular particles: 500
2025-11-06 12:02:10 | INFO |   Total kinetic energy: 0.235125 a.u.
2025-11-06 12:02:10 | INFO |   Current temperature: 99.0 K
2025-11-06 12:02:10 | INFO | Thermalization completed - velocities properly initialized
2025-11-06 12:02:10 | INFO | === Phase 4: Setting up trackers and loggers ===
2025-11-06 12:02:10 | INFO | Setting up adaptive timestep updater (error_tolerance = 2.0)
Dynamic coupling change detection enabled
Coupling change threshold: ±1.00e-05 a.u.
Shock dampening: error_tolerance drops to 2.00e-10 (factor: 1.00e-10)
Recovery: exponential ramp to 2.00e+00 with τ = 1000.0 ps
Conservative timestep parameters:
  Change threshold: 10.0%
  Max change factor: 1.5
  Min update interval: 1000 steps
  Switch detection tolerance: 0.001 ps
2025-11-06 12:02:10 | INFO | Adaptive timestep updater enabled (check every 1 steps)
CavityForceCompute initialized: omegac=0.00938605 a.u., lambda_coupling=0.042 (dimensionless, from variant), K=8.80979e-05 a.u.
CPU CavityForceCompute initialized successfully
notice(2): charge.pppm: RMS error: 2.31675e-08
NOTICE: Starting from inherited timestep 25300000
  Elapsed time will start from 0, not from inherited simulation time
DEBUG @ t=25300000: current_coupling=0.042, last=None
DEBUG: First coupling check - stored value: 0.042
2025-11-06 12:02:11 | INFO |   Added detailed BussiReservoir energy tracking for method 0
2025-11-06 12:02:11 | INFO |   Added energy tracking for cavityforce
2025-11-06 12:02:11 | INFO |   Added detailed cavity energy components
2025-11-06 12:02:11 | INFO |   Added energy tracking for harmonic
2025-11-06 12:02:11 | INFO |   Added energy tracking for lj
2025-11-06 12:02:11 | INFO |   Added energy tracking for ewald
2025-11-06 12:02:11 | INFO |   Added energy tracking for coulomb
2025-11-06 12:02:11 | INFO | Energy tracking setup completed: 0 methods, 5 forces
2025-11-06 12:02:11 | INFO | Setting up energy tracker with output file: prod-255_energy_tracker.txt
2025-11-06 12:02:11 | INFO | Energy tracker configuration:
2025-11-06 12:02:11 | INFO |   Using time-based output: 0.010 ps
2025-11-06 12:02:11 | INFO |   Max output time: 250.000 ps
2025-11-06 12:02:11 | INFO | Energy tracker configuration:
2025-11-06 12:02:11 | INFO |   Force objects: ['cavity', 'harmonic', 'lj', 'ewald_short', 'ewald_long']
2025-11-06 12:02:11 | INFO |   Thermostat objects: ['bussi_molecular', 'langevin_cavity']
2025-11-06 12:02:11 | INFO |   Using internal kinetic computation (no external tracker needed)
2025-11-06 12:02:11 | INFO |  Energy tracker setup completed with time-based output:
2025-11-06 12:02:11 | INFO |   Output period: 0.010 ps (accurate timing)
2025-11-06 12:02:11 | INFO |   Tracker handles timing internally using ElapsedTimeTracker
2025-11-06 12:02:11 | INFO |   Output limited to 250.000 ps
2025-11-06 12:02:11 | INFO | Setting up F(k,t) density correlation tracker
2025-11-06 12:02:11 | INFO |   k magnitude: 1.00
2025-11-06 12:02:11 | INFO |   Number of wavevectors: 50
2025-11-06 12:02:11 | INFO |   Reference interval: 200.000 ps
2025-11-06 12:02:11 | INFO |   Max references: 20
2025-11-06 12:02:11 | INFO |   Output period: 1.000 ps
2025-11-06 12:02:11 | INFO |   Using time-based reference intervals for adaptive timestep compatibility
2025-11-06 12:02:11 | INFO |   Reference interval: 200.000 ps
2025-11-06 12:02:11 | INFO |   Trigger period: 1 step
2025-11-06 12:02:11 | INFO |   Logarithmic time spacing: DISABLED (regular spacing)
FieldAutocorrelationTracker initialized for density_correlation
  k-magnitude: 1.0
  Wavevectors: 50
  Reference interval: 200.0 ps
  Max references: 20
2025-11-06 12:02:11 | INFO |  F(k,t) tracker successfully enabled with time-based output:
2025-11-06 12:02:11 | INFO |   Output period: 1.000 ps (accurate timing)
2025-11-06 12:02:11 | INFO |   Reference interval: 200.000 ps
2025-11-06 12:02:11 | INFO |   Tracker handles timing internally using ElapsedTimeTracker
2025-11-06 12:02:11 | INFO | Setting up dipole autocorrelation tracker...
2025-11-06 12:02:11 | INFO |   Reference interval: 200.000 ps
2025-11-06 12:02:11 | INFO |   Max references: 20
2025-11-06 12:02:11 | INFO |   Output period: 0.010 ps
2025-11-06 12:02:11 | INFO |   Using time-based reference intervals for adaptive timestep compatibility
2025-11-06 12:02:11 | INFO |   Reference interval: 200.000 ps
2025-11-06 12:02:11 | INFO |   Trigger period: 1 step
2025-11-06 12:02:11 | WARNING | Could not set up dipole autocorrelation tracker: Can't instantiate abstract class AutocorrelationTracker without an implementation for abstract method 'act'
2025-11-06 12:02:11 | INFO | Momentum zeroing disabled
2025-11-06 12:02:11 | INFO |  TRACKING AND LOGGING SETUP COMPLETED:
2025-11-06 12:02:11 | INFO |   All output systems now use precise time-based periods
2025-11-06 12:02:11 | INFO |  Comprehensive temperature tracker enabled
2025-11-06 12:02:11 | INFO |   Output file: temperature_tracker_replica_255.csv
2025-11-06 12:02:11 | INFO |   Output period: 0.1 ps
2025-11-06 12:02:11 | INFO |   Tracking: kinetic, harmonic fictive, LJ+Coul fictive, cavity bath, molecular bath
2025-11-06 12:02:11 | INFO |   Empirical data: None (LJ+Coul fictive temp will be 0)
2025-11-06 12:02:11 | INFO | 
============================================================
2025-11-06 12:02:11 | INFO | HDF5 OBSERVABLE OUTPUT CONFIGURATION
2025-11-06 12:02:11 | INFO | ============================================================
2025-11-06 12:02:11 | INFO | Output file: observables_replica_255.h5
2025-11-06 12:02:11 | INFO | Output period: 0.010 ps
2025-11-06 12:02:11 | INFO | SWMR mode: Enabled (concurrent read access)
2025-11-06 12:02:11 | INFO | ============================================================

✓ HDF5 file structure created: observables_replica_255.h5
ObservableWriter initialized:
  Output file: observables_replica_255.h5
  Output period: 0.01 ps
  Chunk size: 1000
  Compression: gzip
  SWMR mode: True
  Flush interval: 10
✓ Energy tracker registered (18 components)
2025-11-06 12:02:11 | INFO |   Registered energy tracker for HDF5 output
✓ Temperature tracker registered (6 components)
2025-11-06 12:02:11 | INFO |   Registered temperature tracker for HDF5 output
2025-11-06 12:02:11 | INFO | ✓ HDF5 observable output enabled

2025-11-06 12:02:11 | INFO | Advanced features enabled: detailed energy tracking (0.010 ps), F(k,t) density correlation (1.000 ps, k=1.0), dipole autocorrelation (0.010 ps), adaptive timestep control, comprehensive temperature tracker (0.1 ps), HDF5 observable output (0.010 ps)
2025-11-06 12:02:11 | INFO | Console output: 1.000 ps periods (time-based)
2025-11-06 12:02:11 | INFO |   Works accurately for both adaptive and fixed timestep modes
2025-11-06 12:02:11 | INFO | DEBUG: PID controller NOT enabled (enable_pid_controller=False)
2025-11-06 12:02:11 | INFO | === Phase 5: Setting up output writers ===
2025-11-06 12:02:11 | INFO | GSD output setup for adaptive timestep mode:
2025-11-06 12:02:11 | INFO |   GSD trigger: every 1000 steps (target: 1.000 ps)
2025-11-06 12:02:11 | INFO |   Note: GSD timing may vary slightly due to adaptive timestep changes
2025-11-06 12:02:11 | INFO | GSD writer added for file: prod-255.gsd
2025-11-06 12:02:11 | INFO |   GSD output period: 1.000 ps
2025-11-06 12:02:11 | INFO |   GSD truncate mode: False (append to existing file)
2025-11-06 12:02:11 | INFO |  Console output setup completed:
2025-11-06 12:02:11 | INFO |   Output period: 1.000 ps (accurate time-based)
2025-11-06 12:02:11 | INFO |   Lambda coupling column: 4.200000e-02 (dimensionless) (displayed in real-time)
2025-11-06 12:02:11 | INFO |   Console tracker handles timing internally using ElapsedTimeTracker
2025-11-06 12:02:11 | INFO |   Works accurately for both adaptive and fixed timestep modes
2025-11-06 12:02:11 | INFO |  FIXED: Console output now uses precise time-based logic
2025-11-06 12:02:11 | INFO |   Both console and energy tracker use accurate timing
2025-11-06 12:02:11 | INFO |   GSD output timing may vary slightly but is less critical
2025-11-06 12:02:11 | INFO | === Phase 6: Running simulation ===
2025-11-06 12:02:11 | INFO | Starting adaptive timestep simulation for 3000.0 ps
2025-11-06 12:02:11 | INFO | Using max steps: 999999999 (will exit when runtime reached)
2025-11-06 12:02:11 | INFO | Initial timestep: 35.424265 a.u. (0.857 fs)
2025-11-06 12:02:11 | INFO | Timestep will adapt dynamically (error_tolerance = 2.0)
Added F(k,t) reference 0 at t = 0.001 ps
[HDF5 Writer DEBUG] timestep=25300001, current_time_ps=0.001, last_output_time=None, write_count=0
[HDF5 Writer DEBUG] Writing data point 0 at time 0.001 ps
[HDF5 Writer DEBUG] timestep=25300002, current_time_ps=0.002, last_output_time=0.000856871885514344, write_count=1
[HDF5 Writer DEBUG] Skipping output: not time yet (current=0.002, last=0.000856871885514344, period=0.01)
[HDF5 Writer DEBUG] timestep=25300003, current_time_ps=0.003, last_output_time=0.000856871885514344, write_count=1
[HDF5 Writer DEBUG] Skipping output: not time yet (current=0.003, last=0.000856871885514344, period=0.01)
[HDF5 Writer DEBUG] timestep=25300004, current_time_ps=0.003, last_output_time=0.000856871885514344, write_count=1
[HDF5 Writer DEBUG] Skipping output: not time yet (current=0.003, last=0.000856871885514344, period=0.01)
[HDF5 Writer DEBUG] timestep=25300005, current_time_ps=0.004, last_output_time=0.000856871885514344, write_count=1
[HDF5 Writer DEBUG] Skipping output: not time yet (current=0.004, last=0.000856871885514344, period=0.01)
[HDF5 Writer DEBUG] timestep=25300006, current_time_ps=0.005, last_output_time=0.000856871885514344, write_count=1
[HDF5 Writer DEBUG] Skipping output: not time yet (current=0.005, last=0.000856871885514344, period=0.01)
[HDF5 Writer DEBUG] timestep=25300007, current_time_ps=0.006, last_output_time=0.000856871885514344, write_count=1
[HDF5 Writer DEBUG] Skipping output: not time yet (current=0.006, last=0.000856871885514344, period=0.01)
[HDF5 Writer DEBUG] timestep=25300008, current_time_ps=0.007, last_output_time=0.000856871885514344, write_count=1
[HDF5 Writer DEBUG] Skipping output: not time yet (current=0.007, last=0.000856871885514344, period=0.01)
[HDF5 Writer DEBUG] timestep=25300009, current_time_ps=0.008, last_output_time=0.000856871885514344, write_count=1
[HDF5 Writer DEBUG] Skipping output: not time yet (current=0.008, last=0.000856871885514344, period=0.01)
[HDF5 Writer DEBUG] timestep=25300010, current_time_ps=0.009, last_output_time=0.000856871885514344, write_count=1
[HDF5 Writer DEBUG] Skipping output: not time yet (current=0.009, last=0.000856871885514344, period=0.01)
[HDF5 Writer DEBUG] timestep=25300011, current_time_ps=0.009, last_output_time=0.000856871885514344, write_count=1
[HDF5 Writer DEBUG] Skipping output: not time yet (current=0.009, last=0.000856871885514344, period=0.01)
[HDF5 Writer DEBUG] timestep=25300012, current_time_ps=0.010, last_output_time=0.000856871885514344, write_count=1
[HDF5 Writer DEBUG] Skipping output: not time yet (current=0.010, last=0.000856871885514344, period=0.01)
[HDF5 Writer DEBUG] timestep=25300013, current_time_ps=0.011, last_output_time=0.000856871885514344, write_count=1
[HDF5 Writer DEBUG] Writing data point 1 at time 0.011 ps
[HDF5 Writer DEBUG] timestep=25300014, current_time_ps=0.012, last_output_time=0.011139334511686475, write_count=2
[HDF5 Writer DEBUG] Skipping output: not time yet (current=0.012, last=0.011139334511686475, period=0.01)
[HDF5 Writer DEBUG] timestep=25300015, current_time_ps=0.013, last_output_time=0.011139334511686475, write_count=2
[HDF5 Writer DEBUG] Skipping output: not time yet (current=0.013, last=0.011139334511686475, period=0.01)
[HDF5 Writer DEBUG] timestep=25300016, current_time_ps=0.014, last_output_time=0.011139334511686475, write_count=2
[HDF5 Writer DEBUG] Skipping output: not time yet (current=0.014, last=0.011139334511686475, period=0.01)
[HDF5 Writer DEBUG] timestep=25300017, current_time_ps=0.015, last_output_time=0.011139334511686475, write_count=2
[HDF5 Writer DEBUG] Skipping output: not time yet (current=0.015, last=0.011139334511686475, period=0.01)
[HDF5 Writer DEBUG] timestep=25300018, current_time_ps=0.015, last_output_time=0.011139334511686475, write_count=2
[HDF5 Writer DEBUG] Skipping output: not time yet (current=0.015, last=0.011139334511686475, period=0.01)
[HDF5 Writer DEBUG] timestep=25300019, current_time_ps=0.016, last_output_time=0.011139334511686475, write_count=2
[HDF5 Writer DEBUG] Skipping output: not time yet (current=0.016, last=0.011139334511686475, period=0.01)
[HDF5 Writer DEBUG] timestep=25300020, current_time_ps=0.017, last_output_time=0.011139334511686475, write_count=2
[HDF5 Writer DEBUG] Skipping output: not time yet (current=0.017, last=0.011139334511686475, period=0.01)
[HDF5 Writer DEBUG] timestep=25300021, current_time_ps=0.018, last_output_time=0.011139334511686475, write_count=2
[HDF5 Writer DEBUG] Skipping output: not time yet (current=0.018, last=0.011139334511686475, period=0.01)
[HDF5 Writer DEBUG] timestep=25300022, current_time_ps=0.019, last_output_time=0.011139334511686475, write_count=2
[HDF5 Writer DEBUG] Skipping output: not time yet (current=0.019, last=0.011139334511686475, period=0.01)
[HDF5 Writer DEBUG] timestep=25300023, current_time_ps=0.020, last_output_time=0.011139334511686475, write_count=2
[HDF5 Writer DEBUG] Skipping output: not time yet (current=0.020, last=0.011139334511686475, period=0.01)
[HDF5 Writer DEBUG] timestep=25300024, current_time_ps=0.021, last_output_time=0.011139334511686475, write_count=2
[HDF5 Writer DEBUG] Skipping output: not time yet (current=0.021, last=0.011139334511686475, period=0.01)
[HDF5 Writer DEBUG] timestep=25300025, current_time_ps=0.021, last_output_time=0.011139334511686475, write_count=2
[HDF5 Writer DEBUG] Writing data point 2 at time 0.021 ps
✓ SWMR mode enabled - file can now be read concurrently
Simulation.timestep  Simulation.tps Time.elapsed_ps Performance.ns_per_day Performance.eta   Cavity.lambda Adaptive.error_tolerance
       25301166        69.70676         1.00049            5.05        14:14:40        4.20e-02        2.00e+00
       25302279        69.16540         2.00121            5.18        13:52:11        4.20e-02        2.00e+00
       25303308        68.86233         3.00206            5.36        13:25:36        4.20e-02        2.00e+00
       25304402        68.63444         4.00292            5.36        13:24:47        4.20e-02        2.00e+00
       25305514        68.57392         5.00303            5.35        13:26:03        4.20e-02        2.00e+00
       25306592        68.50843         6.00319            5.37        13:22:59        4.20e-02        2.00e+00
       25307699        68.47334         7.00320            5.36        13:23:35        4.20e-02        2.00e+00
       25308837        68.50671         8.00403            5.35        13:26:01        4.20e-02        2.00e+00
       25309941        68.49878         9.00445            5.35        13:25:32        4.20e-02        2.00e+00
DEBUG @ t=25310000: current_coupling=0.042, last=0.042
       25311149        68.47667        10.00452            5.30        13:32:53        4.20e-02        2.00e+00
       25312304        68.47624        11.00466            5.28        13:35:07        4.20e-02        2.00e+00
       25313486        68.53923        12.00487            5.26        13:37:48        4.20e-02        2.00e+00
       25314722        68.58180        13.00537            5.23        13:43:09        4.20e-02        2.00e+00
       25315942        68.72312        14.00598            5.21        13:45:36        4.20e-02        2.00e+00
       25317159        68.76348        15.00642            5.19        13:48:32        4.20e-02        2.00e+00
       25318260        68.80258        16.00720            5.20        13:45:45        4.20e-02        2.00e+00
       25319426        68.82525        17.00761            5.20        13:46:11        4.20e-02        2.00e+00
DEBUG @ t=25320000: current_coupling=0.042, last=0.042
       25320553        68.85305        18.00774            5.21        13:44:53        4.20e-02        2.00e+00
       25321676        68.87758        19.00782            5.21        13:43:34        4.20e-02        2.00e+00
       25322945        68.90502        20.00791            5.19        13:47:33        4.20e-02        2.00e+00
       25324123        68.92552        21.00871            5.18        13:48:01        4.20e-02        2.00e+00
       25325277        68.94030        22.00926            5.18        13:47:41        4.20e-02        2.00e+00
       25326470        68.96015        23.00945            5.17        13:48:31        4.20e-02        2.00e+00
       25327701        68.98563        24.00952            5.16        13:50:19        4.20e-02        2.00e+00
       25328773        68.97381        25.01022            5.18        13:47:46        4.20e-02        2.00e+00
       25329945        68.97126        26.01042            5.17        13:48:05        4.20e-02        2.00e+00
DEBUG @ t=25330000: current_coupling=0.042, last=0.042
       25331000        68.95018        27.01043            5.19        13:45:30        4.20e-02        2.00e+00
       25332184        68.93748        28.01074            5.18        13:46:14        4.20e-02        2.00e+00
       25333172        68.92212        29.01103            5.20        13:42:08        4.20e-02        2.00e+00
       25334295        68.91505        30.01175            5.21        13:41:24        4.20e-02        2.00e+00
       25335412        68.91448        31.01193            5.21        13:40:31        4.20e-02        2.00e+00
       25336400        68.92745        32.01264            5.23        13:36:37        4.20e-02        2.00e+00
       25337508        68.95513        33.01308            5.24        13:35:20        4.20e-02        2.00e+00
       25338642        68.93557        34.01374            5.24        13:35:13        4.20e-02        2.00e+00
       25339828        68.94986        35.01397            5.23        13:35:46        4.20e-02        2.00e+00
DEBUG @ t=25340000: current_coupling=0.042, last=0.042
       25340936        68.94115        36.01404            5.24        13:35:00        4.20e-02        2.00e+00
       25342123        68.94965        37.01456            5.23        13:35:34        4.20e-02        2.00e+00
       25343261        68.94431        38.01469            5.23        13:35:20        4.20e-02        2.00e+00
       25344540        68.91642        39.01545            5.21        13:37:57        4.20e-02        2.00e+00
       25345730        68.88884        40.01601            5.21        13:38:51        4.20e-02        2.00e+00
       25346869        68.87750        41.01653            5.21        13:38:37        4.20e-02        2.00e+00
       25348028        68.86489        42.01703            5.20        13:38:45        4.20e-02        2.00e+00
       25349169        68.87257        43.01774            5.20        13:38:19        4.20e-02        2.00e+00
DEBUG @ t=25350000: current_coupling=0.042, last=0.042
       25350371        68.88037        44.01858            5.20        13:38:53        4.20e-02        2.00e+00
       25351553        68.86153        45.01895            5.19        13:39:25        4.20e-02        2.00e+00
       25352714        68.86233        46.01904            5.19        13:39:22        4.20e-02        2.00e+00
       25353839        68.85567        47.01929            5.19        13:38:50        4.20e-02        2.00e+00
       25354962        68.85437        48.01998            5.20        13:38:14        4.20e-02        2.00e+00
       25356096        68.86750        49.02018            5.20        13:37:38        4.20e-02        2.00e+00
       25357291        68.85573        50.02019            5.19        13:38:12        4.20e-02        2.00e+00
       25358495        68.83955        51.02030            5.19        13:38:56        4.20e-02        2.00e+00
       25359637        68.83087        52.02060            5.19        13:38:41        4.20e-02        2.00e+00
DEBUG @ t=25360000: current_coupling=0.042, last=0.042
       25360709        68.82387        53.02081            5.19        13:37:29        4.20e-02        2.00e+00
       25361724        68.81514        54.02178            5.20        13:35:34        4.20e-02        2.00e+00
       25362749        68.79848        55.02203            5.21        13:33:57        4.20e-02        2.00e+00
       25363727        68.79606        56.02278            5.22        13:31:37        4.20e-02        2.00e+00
       25364761        68.78238        57.02307            5.23        13:30:12        4.20e-02        2.00e+00
       25365804        68.76997        58.02312            5.24        13:28:56        4.20e-02        2.00e+00
       25366951        68.78625        59.02381            5.24        13:28:36        4.20e-02        2.00e+00
       25368131        68.85962        60.02396            5.24        13:28:00        4.20e-02        2.00e+00
       25369275        68.86780        61.02400            5.24        13:27:44        4.20e-02        2.00e+00
DEBUG @ t=25370000: current_coupling=0.042, last=0.042
       25370347        68.85215        62.02423            5.24        13:26:54        4.20e-02        2.00e+00
       25371508        68.84022        63.02445            5.24        13:27:04        4.20e-02        2.00e+00
       25372630        68.84412        64.02475            5.24        13:26:36        4.20e-02        2.00e+00
       25373718        68.84741        65.02523            5.25        13:25:46        4.20e-02        2.00e+00
       25374756        68.88037        66.02553            5.25        13:24:04        4.20e-02        2.00e+00
       25375834        68.87209        67.02628            5.26        13:23:18        4.20e-02        2.00e+00
       25376880        68.86480        68.02659            5.26        13:22:13        4.20e-02        2.00e+00
       25378065        68.86890        69.02717            5.26        13:22:27        4.20e-02        2.00e+00
       25379108        68.86851        70.02765            5.27        13:21:17        4.20e-02        2.00e+00
DEBUG @ t=25380000: current_coupling=0.042, last=0.042
       25380095        68.86377        71.02797            5.27        13:19:38        4.20e-02        2.00e+00
       25381226        68.85421        72.02849            5.27        13:19:29        4.20e-02        2.00e+00
       25382286        68.85413        73.02888            5.28        13:18:33        4.20e-02        2.00e+00
       25383377        68.85048        74.02949            5.28        13:17:58        4.20e-02        2.00e+00
       25384415        68.84833        75.02982            5.29        13:16:53        4.20e-02        2.00e+00
       25385472        68.83756        76.03047            5.29        13:16:05        4.20e-02        2.00e+00
       25386618        68.82785        77.03102            5.29        13:16:07        4.20e-02        2.00e+00
       25387842        68.82250        78.03125            5.28        13:16:48        4.20e-02        2.00e+00
       25388936        68.81181        79.03126            5.28        13:16:22        4.20e-02        2.00e+00
DEBUG @ t=25390000: current_coupling=0.042, last=0.042
       25390104        68.80146        80.03190            5.28        13:16:35        4.20e-02        2.00e+00
       25391359        68.79482        81.03246            5.27        13:17:30        4.20e-02        2.00e+00
       25392513        68.79335        82.03294            5.27        13:17:28        4.20e-02        2.00e+00
       25393650        68.78745        83.03334            5.27        13:17:20        4.20e-02        2.00e+00
       25394737        68.77987        84.03395            5.27        13:16:48        4.20e-02        2.00e+00
       25395778        68.77419        85.03401            5.27        13:15:52        4.20e-02        2.00e+00
       25396891        68.77960        86.03407            5.28        13:15:25        4.20e-02        2.00e+00
       25398015        68.78601        87.03476            5.28        13:15:03        4.20e-02        2.00e+00
       25399196        68.79396        88.03553            5.27        13:15:07        4.20e-02        2.00e+00
DEBUG @ t=25400000: current_coupling=0.042, last=0.042
[HDF5 Writer DEBUG] timestep=25400000, current_time_ps=88.769, last_output_time=88.75859593259156, write_count=8514
       25400296        68.79473        89.03632            5.28        13:14:37        4.20e-02        2.00e+00
       25401378        68.80770        90.03682            5.28        13:13:50        4.20e-02        2.00e+00
       25402417        68.83312        91.03717            5.28        13:12:35        4.20e-02        2.00e+00
       25403474        68.86618        92.03755            5.29        13:11:25        4.20e-02        2.00e+00
       25404603        68.87291        93.03818            5.29        13:11:05        4.20e-02        2.00e+00
       25405733        68.86747        94.03857            5.29        13:10:55        4.20e-02        2.00e+00
       25406832        68.86500        95.03914            5.29        13:10:29        4.20e-02        2.00e+00
       25407918        68.87247        96.03924            5.29        13:09:50        4.20e-02        2.00e+00
       25409086        68.88060        97.03979            5.29        13:09:47        4.20e-02        2.00e+00
DEBUG @ t=25410000: current_coupling=0.042, last=0.042
       25410175        68.88601        98.04026            5.29        13:09:12        4.20e-02        2.00e+00
       25411296        68.88439        99.04096            5.30        13:08:55        4.20e-02        2.00e+00
       25412479        68.88679       100.04167            5.29        13:09:02        4.20e-02        2.00e+00
       25413534        68.88242       101.04201            5.30        13:08:19        4.20e-02        2.00e+00
       25414531        68.87709       102.04258            5.30        13:07:14        4.20e-02        2.00e+00
       25415623        68.88035       103.04335            5.30        13:06:42        4.20e-02        2.00e+00
       25416746        68.88832       104.04351            5.30        13:06:21        4.20e-02        2.00e+00
       25417817        68.88190       105.04395            5.30        13:05:48        4.20e-02        2.00e+00
       25418829        68.87464       106.04484            5.31        13:04:53        4.20e-02        2.00e+00
       25419905        68.86670       107.04503            5.31        13:04:24        4.20e-02        2.00e+00
DEBUG @ t=25420000: current_coupling=0.042, last=0.042
       25421034        68.85948       108.04582            5.31        13:04:16        4.20e-02        2.00e+00
       25422122        68.85252       109.04630            5.31        13:03:52        4.20e-02        2.00e+00
       25423197        68.84712       110.04642            5.31        13:03:22        4.20e-02        2.00e+00
       25424343        68.84091       111.04682            5.31        13:03:20        4.20e-02        2.00e+00
       25425446        68.83708       112.04768            5.31        13:02:59        4.20e-02        2.00e+00
       25426586        68.83933       113.04808            5.31        13:02:49        4.20e-02        2.00e+00
       25427671        68.83300       114.04851            5.31        13:02:24        4.20e-02        2.00e+00
       25428790        68.82935       115.04928            5.31        13:02:10        4.20e-02        2.00e+00
       25429847        68.82560       116.05018            5.31        13:01:33        4.20e-02        2.00e+00
DEBUG @ t=25430000: current_coupling=0.042, last=0.042
       25430892        68.82122       117.05027            5.32        13:00:53        4.20e-02        2.00e+00
       25431925        68.81617       118.05041            5.32        13:00:10        4.20e-02        2.00e+00
       25433108        68.82065       119.05070            5.32        13:00:13        4.20e-02        2.00e+00
       25434213        68.82217       120.05160            5.32        12:59:51        4.20e-02        2.00e+00
       25435271        68.82570       121.05179            5.32        12:59:12        4.20e-02        2.00e+00
       25436366        68.82335       122.05265            5.32        12:58:49        4.20e-02        2.00e+00
       25437433        68.82229       123.05297            5.32        12:58:16        4.20e-02        2.00e+00
       25438585        68.81978       124.05347            5.32        12:58:13        4.20e-02        2.00e+00
       25439683        68.82355       125.05372            5.32        12:57:48        4.20e-02        2.00e+00
DEBUG @ t=25440000: current_coupling=0.042, last=0.042
       25440763        68.81724       126.05420            5.32        12:57:23        4.20e-02        2.00e+00
       25441923        68.81564       127.05477            5.32        12:57:22        4.20e-02        2.00e+00
       25442948        68.81002       128.05546            5.32        12:56:39        4.20e-02        2.00e+00
       25444050        68.80405       129.05635            5.32        12:56:22        4.20e-02        2.00e+00
       25445050        68.80118       130.05699            5.33        12:55:30        4.20e-02        2.00e+00
       25446125        68.80421       131.05781            5.33        12:54:59        4.20e-02        2.00e+00
       25447137        68.80581       132.05815            5.33        12:54:09        4.20e-02        2.00e+00
       25448155        68.80846       133.05871            5.34        12:53:20        4.20e-02        2.00e+00
       25449192        68.81047       134.05959            5.34        12:52:39        4.20e-02        2.00e+00
DEBUG @ t=25450000: current_coupling=0.042, last=0.042
       25450151        68.80940       135.06033            5.35        12:51:36        4.20e-02        2.00e+00
       25451132        68.81139       136.06088            5.35        12:50:38        4.20e-02        2.00e+00
       25452074        68.81252       137.06124            5.36        12:49:29        4.20e-02        2.00e+00
       25453244        68.81028       138.06141            5.36        12:49:33        4.20e-02        2.00e+00
       25454331        68.81033       139.06230            5.36        12:49:10        4.20e-02        2.00e+00
       25455344        68.81555       140.06312            5.36        12:48:21        4.20e-02        2.00e+00
       25456420        68.81350       141.06370            5.36        12:47:56        4.20e-02        2.00e+00
       25457576        68.81159       142.06448            5.36        12:47:55        4.20e-02        2.00e+00
       25458714        68.80872       143.06506            5.36        12:47:49        4.20e-02        2.00e+00
       25459654        68.80388       144.06544            5.36        12:46:47        4.20e-02        2.00e+00
DEBUG @ t=25460000: current_coupling=0.042, last=0.042
       25460721        68.80142       145.06561            5.36        12:46:20        4.20e-02        2.00e+00
       25461690        68.79711       146.06594            5.37        12:45:28        4.20e-02        2.00e+00
       25462746        68.79396       147.06629            5.37        12:44:59        4.20e-02        2.00e+00
       25463824        68.78923       148.06696            5.37        12:44:38        4.20e-02        2.00e+00
       25464904        68.78820       149.06750            5.37        12:44:15        4.20e-02        2.00e+00
       25465955        68.80193       150.06808            5.37        12:43:34        4.20e-02        2.00e+00
       25467027        68.80427       151.06848            5.38        12:43:07        4.20e-02        2.00e+00
       25468094        68.80449       152.06907            5.38        12:42:40        4.20e-02        2.00e+00
       25469171        68.80307       153.06979            5.38        12:42:17        4.20e-02        2.00e+00
DEBUG @ t=25470000: current_coupling=0.042, last=0.042
       25470260        68.80072       154.07034            5.38        12:41:58        4.20e-02        2.00e+00
       25471368        68.79660       155.07079            5.38        12:41:45        4.20e-02        2.00e+00
       25472496        68.79231       156.07168            5.38        12:41:38        4.20e-02        2.00e+00
       25473583        68.78930       157.07188            5.38        12:41:19        4.20e-02        2.00e+00
       25474710        68.78495       158.07268            5.38        12:41:11        4.20e-02        2.00e+00
       25475856        68.78470       159.07310            5.38        12:41:06        4.20e-02        2.00e+00
       25477002        68.78691       160.07360            5.37        12:40:58        4.20e-02        2.00e+00
       25478003        68.78642       161.07408            5.38        12:40:15        4.20e-02        2.00e+00
       25479081        68.78940       162.07425            5.38        12:39:50        4.20e-02        2.00e+00
DEBUG @ t=25480000: current_coupling=0.042, last=0.042
       25480048        68.79270       163.07445            5.38        12:38:57        4.20e-02        2.00e+00
       25481077        68.80597       164.07471            5.39        12:38:13        4.20e-02        2.00e+00
       25482223        68.82206       165.07502            5.39        12:37:57        4.20e-02        2.00e+00
       25483320        68.82642       166.07530            5.39        12:37:36        4.20e-02        2.00e+00
       25484318        68.83045       167.07614            5.39        12:36:51        4.20e-02        2.00e+00
       25485339        68.83237       168.07638            5.39        12:36:14        4.20e-02        2.00e+00
       25486234        68.83449       169.07716            5.40        12:35:06        4.20e-02        2.00e+00
       25487106        68.83286       170.07755            5.41        12:33:55        4.20e-02        2.00e+00
       25488123        68.83226       171.07831            5.41        12:33:19        4.20e-02        2.00e+00
       25489168        68.83350       172.07844            5.41        12:32:49        4.20e-02        2.00e+00
DEBUG @ t=25490000: current_coupling=0.042, last=0.042
       25490049        68.83210       173.07911            5.42        12:31:42        4.20e-02        2.00e+00
       25491033        68.83517       174.07990            5.42        12:30:57        4.20e-02        2.00e+00
       25492058        68.83692       175.08056            5.42        12:30:23        4.20e-02        2.00e+00
       25493012        68.83685       176.08111            5.43        12:29:34        4.20e-02        2.00e+00
       25494022        68.83838       177.08132            5.43        12:28:57        4.20e-02        2.00e+00
       25494967        68.83762       178.08138            5.43        12:28:06        4.20e-02        2.00e+00
       25495913        68.83720       179.08161            5.44        12:27:17        4.20e-02        2.00e+00
       25496949        68.83945       180.08241            5.44        12:26:46        4.20e-02        2.00e+00
       25497982        68.83601       181.08327            5.44        12:26:18        4.20e-02        2.00e+00
       25499045        68.83207       182.08329            5.44        12:25:58        4.20e-02        2.00e+00
       25499995        68.83283       183.08408            5.44        12:25:09        4.20e-02        2.00e+00
DEBUG @ t=25500000: current_coupling=0.042, last=0.042
[HDF5 Writer DEBUG] timestep=25500000, current_time_ps=183.089, last_output_time=183.08302637892888, write_count=17551
       25501104        68.83116       184.08422            5.44        12:24:58        4.20e-02        2.00e+00
       25502153        68.83061       185.08436            5.44        12:24:33        4.20e-02        2.00e+00
       25503057        68.83016       186.08527            5.45        12:23:36        4.20e-02        2.00e+00
       25503988        68.82874       187.08571            5.45        12:22:46        4.20e-02        2.00e+00
       25504943        68.82504       188.08659            5.46        12:22:03        4.20e-02        2.00e+00
       25505947        68.82199       189.08682            5.46        12:21:30        4.20e-02        2.00e+00
       25506906        68.81727       190.08726            5.46        12:20:49        4.20e-02        2.00e+00
       25507877        68.81892       191.08805            5.47        12:20:07        4.20e-02        2.00e+00
       25508828        68.81915       192.08847            5.47        12:19:22        4.20e-02        2.00e+00
       25509965        68.81620       193.08884            5.47        12:19:19        4.20e-02        2.00e+00
DEBUG @ t=25510000: current_coupling=0.042, last=0.042
       25511100        68.81683       194.08966            5.47        12:19:12        4.20e-02        2.00e+00
       25512147        68.81913       195.09045            5.47        12:18:46        4.20e-02        2.00e+00
       25513147        68.82096       196.09061            5.47        12:18:11        4.20e-02        2.00e+00
       25514124        68.81987       197.09147            5.47        12:17:33        4.20e-02        2.00e+00
       25515093        68.82098       198.09234            5.48        12:16:52        4.20e-02        2.00e+00
       25516202        68.82266       199.09236            5.48        12:16:40        4.20e-02        2.00e+00
SWITCH DETECTED at timestep 25517106: t = 200.000377 ps
  Forcing immediate timestep adjustment for shock dampening
Added F(k,t) reference 1 at t = 200.001 ps
       25517209        68.82216       200.09324            5.48        12:16:08        4.20e-02        2.00e+00
       25518280        68.82071       201.09420            5.48        12:15:50        4.20e-02        2.00e+00
       25519202        68.81840       202.09465            5.48        12:15:03        4.20e-02        2.00e+00
DEBUG @ t=25520000: current_coupling=0.042, last=0.042
       25520303        68.81536       203.09519            5.48        12:14:52        4.20e-02        2.00e+00
       25521385        68.81485       204.09603            5.48        12:14:36        4.20e-02        2.00e+00
       25522315        68.81427       205.09628            5.48        12:13:50        4.20e-02        2.00e+00
       25523241        68.81042       206.09653            5.49        12:13:05        4.20e-02        2.00e+00
       25524241        68.80604       207.09667            5.49        12:12:36        4.20e-02        2.00e+00
       25525305        68.80339       208.09751            5.49        12:12:18        4.20e-02        2.00e+00
       25526406        68.80682       209.09821            5.49        12:12:03        4.20e-02        2.00e+00
       25527459        68.80569       210.09836            5.49        12:11:43        4.20e-02        2.00e+00
       25528562        68.80825       211.09906            5.49        12:11:29        4.20e-02        2.00e+00
       25529660        68.81154       212.09968            5.49        12:11:14        4.20e-02        2.00e+00
DEBUG @ t=25530000: current_coupling=0.042, last=0.042
       25530715        68.81031       213.10039            5.49        12:10:53        4.20e-02        2.00e+00
       25531747        68.80943       214.10134            5.49        12:10:28        4.20e-02        2.00e+00
       25532794        68.80880       215.10208            5.49        12:10:06        4.20e-02        2.00e+00
       25533803        68.80688       216.10261            5.49        12:09:38        4.20e-02        2.00e+00
       25534837        68.80729       217.10290            5.50        12:09:13        4.20e-02        2.00e+00
       25535849        68.80903       218.10316            5.50        12:08:43        4.20e-02        2.00e+00
       25536856        68.81190       219.10414            5.50        12:08:12        4.20e-02        2.00e+00
       25537965        68.81447       220.10500            5.50        12:07:59        4.20e-02        2.00e+00
       25539000        68.81403       221.10527            5.50        12:07:35        4.20e-02        2.00e+00
DEBUG @ t=25540000: current_coupling=0.042, last=0.042
       25540042        68.81304       222.10568            5.50        12:07:13        4.20e-02        2.00e+00
       25540965        68.81167       223.10581            5.50        12:06:30        4.20e-02        2.00e+00
       25541911        68.81004       224.10597            5.51        12:05:51        4.20e-02        2.00e+00
       25542919        68.81126       225.10637            5.51        12:05:21        4.20e-02        2.00e+00
       25543890        68.81351       226.10701            5.51        12:04:45        4.20e-02        2.00e+00
       25544923        68.81395       227.10778            5.51        12:04:21        4.20e-02        2.00e+00
       25546000        68.81400       228.10858            5.51        12:04:05        4.20e-02        2.00e+00
       25547008        68.81426       229.10934            5.51        12:03:36        4.20e-02        2.00e+00
       25548032        68.81225       230.10938            5.52        12:03:12        4.20e-02        2.00e+00
       25549183        68.81129       231.10945            5.51        12:03:10        4.20e-02        2.00e+00
DEBUG @ t=25550000: current_coupling=0.042, last=0.042
       25550207        68.81004       232.10973            5.51        12:02:45        4.20e-02        2.00e+00
       25551209        68.80825       233.11063            5.52        12:02:18        4.20e-02        2.00e+00
       25552248        68.80903       234.11140            5.52        12:01:55        4.20e-02        2.00e+00
       25553259        68.80624       235.11145            5.52        12:01:29        4.20e-02        2.00e+00
       25554292        68.80747       236.11242            5.52        12:01:05        4.20e-02        2.00e+00
       25555244        68.81268       237.11253            5.52        12:00:25        4.20e-02        2.00e+00
       25556223        68.81392       238.11255            5.52        11:59:52        4.20e-02        2.00e+00
       25557358        68.81481       239.11288            5.52        11:59:46        4.20e-02        2.00e+00
       25558452        68.81656       240.11300            5.52        11:59:32        4.20e-02        2.00e+00
       25559511        68.81827       241.11314            5.52        11:59:12        4.20e-02        2.00e+00
DEBUG @ t=25560000: current_coupling=0.042, last=0.042
       25560526        68.82024       242.11396            5.53        11:58:45        4.20e-02        2.00e+00
       25561571        68.82361       243.11397            5.53        11:58:22        4.20e-02        2.00e+00
       25562672        68.82464       244.11454            5.53        11:58:10        4.20e-02        2.00e+00
       25563741        68.83203       245.11501            5.53        11:57:48        4.20e-02        2.00e+00
       25564756        68.83186       246.11541            5.53        11:57:23        4.20e-02        2.00e+00
       25565859        68.83306       247.11584            5.53        11:57:11        4.20e-02        2.00e+00
       25566878        68.83804       248.11618            5.53        11:56:43        4.20e-02        2.00e+00
       25567967        68.83877       249.11706            5.53        11:56:29        4.20e-02        2.00e+00
       25569022        68.83984       250.11774            5.53        11:56:09        4.20e-02        2.00e+00
DEBUG @ t=25570000: current_coupling=0.042, last=0.042
       25570105        68.84343       251.11857            5.53        11:55:52        4.20e-02        2.00e+00
       25571093        68.84439       252.11889            5.53        11:55:22        4.20e-02        2.00e+00
       25572097        68.84679       253.11967            5.53        11:54:53        4.20e-02        2.00e+00
       25573207        68.84618       254.11974            5.53        11:54:44        4.20e-02        2.00e+00
       25574224        68.84563       255.12064            5.53        11:54:19        4.20e-02        2.00e+00
       25575206        68.84903       256.12144            5.54        11:53:47        4.20e-02        2.00e+00
       25576302        68.85074       257.12152            5.54        11:53:33        4.20e-02        2.00e+00
       25577308        68.84969       258.12223            5.54        11:53:08        4.20e-02        2.00e+00
       25578359        68.84783       259.12226            5.54        11:52:50        4.20e-02        2.00e+00
       25579403        68.84670       260.12321            5.54        11:52:30        4.20e-02        2.00e+00
DEBUG @ t=25580000: current_coupling=0.042, last=0.042
       25580375        68.84844       261.12415            5.54        11:51:58        4.20e-02        2.00e+00
       25581408        68.84817       262.12440            5.54        11:51:36        4.20e-02        2.00e+00
       25582543        68.84826       263.12467            5.54        11:51:29        4.20e-02        2.00e+00
       25583648        68.84714       264.12512            5.54        11:51:19        4.20e-02        2.00e+00
       25584603        68.84450       265.12548            5.54        11:50:47        4.20e-02        2.00e+00
       25585544        68.84242       266.12608            5.54        11:50:13        4.20e-02        2.00e+00
       25586564        68.84254       267.12681            5.54        11:49:49        4.20e-02        2.00e+00
       25587639        68.84048       268.12742            5.54        11:49:35        4.20e-02        2.00e+00
       25588726        68.84461       269.12761            5.54        11:49:19        4.20e-02        2.00e+00
       25589748        68.84604       270.12789            5.55        11:48:55        4.20e-02        2.00e+00
DEBUG @ t=25590000: current_coupling=0.042, last=0.042
       25590751        68.84615       271.12855            5.55        11:48:29        4.20e-02        2.00e+00
       25591784        68.84707       272.12946            5.55        11:48:07        4.20e-02        2.00e+00
       25592827        68.84518       273.12955            5.55        11:47:49        4.20e-02        2.00e+00
       25593872        68.84392       274.13037            5.55        11:47:30        4.20e-02        2.00e+00
       25594903        68.84370       275.13104            5.55        11:47:08        4.20e-02        2.00e+00
       25595918        68.84252       276.13112            5.55        11:46:45        4.20e-02        2.00e+00
       25597028        68.84138       277.13184            5.55        11:46:36        4.20e-02        2.00e+00
       25598090        68.83893       278.13238            5.55        11:46:20        4.20e-02        2.00e+00
       25599065        68.83737       279.13304            5.55        11:45:52        4.20e-02        2.00e+00
DEBUG @ t=25600000: current_coupling=0.042, last=0.042
[HDF5 Writer DEBUG] timestep=25600000, current_time_ps=280.057, last_output_time=280.0524613947317, write_count=26786
       25600077        68.83404       280.13338            5.55        11:45:30        4.20e-02        2.00e+00
       25600960        68.83043       281.13378            5.55        11:44:50        4.20e-02        2.00e+00
       25601973        68.82780       282.13396            5.56        11:44:28        4.20e-02        2.00e+00
       25602941        68.82595       283.13491            5.56        11:43:59        4.20e-02        2.00e+00
       25603855        68.82470       284.13593            5.56        11:43:22        4.20e-02        2.00e+00
       25604822        68.82520       285.13653            5.56        11:42:52        4.20e-02        2.00e+00
       25605795        68.82199       286.13723            5.56        11:42:25        4.20e-02        2.00e+00
       25606768        68.82013       287.13774            5.57        11:41:58        4.20e-02        2.00e+00
       25607784        68.81716       288.13807            5.57        11:41:37        4.20e-02        2.00e+00
       25608841        68.81421       289.13819            5.57        11:41:21        4.20e-02        2.00e+00
       25609964        68.81319       290.13888            5.56        11:41:14        4.20e-02        2.00e+00
DEBUG @ t=25610000: current_coupling=0.042, last=0.042
       25611057        68.81097       291.13924            5.56        11:41:03        4.20e-02        2.00e+00
       25611920        68.80760       292.14011            5.57        11:40:22        4.20e-02        2.00e+00
       25612850        68.80713       293.14024            5.57        11:39:48        4.20e-02        2.00e+00
       25613824        68.80495       294.14069            5.57        11:39:21        4.20e-02        2.00e+00
       25614721        68.80385       295.14124            5.57        11:38:44        4.20e-02        2.00e+00
       25615656        68.80181       296.14169            5.58        11:38:12        4.20e-02        2.00e+00
       25616678        68.80098       297.14183            5.58        11:37:51        4.20e-02        2.00e+00
       25617724        68.79893       298.14273            5.58        11:37:34        4.20e-02        2.00e+00
       25618800        68.80357       299.14329            5.58        11:37:17        4.20e-02        2.00e+00
       25619820        68.80263       300.14392            5.58        11:36:56        4.20e-02        2.00e+00
DEBUG @ t=25620000: current_coupling=0.042, last=0.042
       25620798        68.80508       301.14445            5.58        11:36:27        4.20e-02        2.00e+00
       25621778        68.80494       302.14483            5.58        11:36:01        4.20e-02        2.00e+00
       25622778        68.80214       303.14527            5.58        11:35:39        4.20e-02        2.00e+00
       25623788        68.80157       304.14613            5.58        11:35:16        4.20e-02        2.00e+00
       25624775        68.80057       305.14646            5.58        11:34:51        4.20e-02        2.00e+00
       25625712        68.79849       306.14665            5.59        11:34:21        4.20e-02        2.00e+00
       25626704        68.79828       307.14690            5.59        11:33:56        4.20e-02        2.00e+00
       25627702        68.79864       308.14747            5.59        11:33:32        4.20e-02        2.00e+00
       25628683        68.79682       309.14784            5.59        11:33:07        4.20e-02        2.00e+00
       25629690        68.79469       310.14870            5.59        11:32:46        4.20e-02        2.00e+00
DEBUG @ t=25630000: current_coupling=0.042, last=0.042
       25630676        68.79530       311.14950            5.59        11:32:20        4.20e-02        2.00e+00
       25631631        68.79522       312.15018            5.59        11:31:51        4.20e-02        2.00e+00
       25632629        68.79460       313.15079            5.60        11:31:28        4.20e-02        2.00e+00
       25633644        68.79724       314.15090            5.60        11:31:05        4.20e-02        2.00e+00
       25634638        68.79850       315.15095            5.60        11:30:41        4.20e-02        2.00e+00
       25635647        68.80231       316.15116            5.60        11:30:16        4.20e-02        2.00e+00
       25636637        68.80442       317.15177            5.60        11:29:51        4.20e-02        2.00e+00
       25637604        68.80513       318.15260            5.60        11:29:23        4.20e-02        2.00e+00
       25638540        68.80649       319.15306            5.60        11:28:52        4.20e-02        2.00e+00
       25639462        68.80778       320.15372            5.61        11:28:18        4.20e-02        2.00e+00
DEBUG @ t=25640000: current_coupling=0.042, last=0.042
       25640417        68.80781       321.15419            5.61        11:27:50        4.20e-02        2.00e+00
       25641370        68.80730       322.15518            5.61        11:27:22        4.20e-02        2.00e+00
       25642308        68.80694       323.15542            5.61        11:26:52        4.20e-02        2.00e+00
       25643279        68.80765       324.15575            5.61        11:26:26        4.20e-02        2.00e+00
       25644329        68.80972       325.15653            5.61        11:26:08        4.20e-02        2.00e+00
       25645395        68.81167       326.15753            5.61        11:25:52        4.20e-02        2.00e+00
       25646327        68.81068       327.15797            5.62        11:25:22        4.20e-02        2.00e+00
       25647337        68.81184       328.15889            5.62        11:25:00        4.20e-02        2.00e+00
       25648354        68.81037       329.15899            5.62        11:24:41        4.20e-02        2.00e+00
       25649409        68.80854       330.15905            5.62        11:24:26        4.20e-02        2.00e+00
DEBUG @ t=25650000: current_coupling=0.042, last=0.042
       25650437        68.81023       331.15949            5.62        11:24:06        4.20e-02        2.00e+00
       25651464        68.81210       332.16048            5.62        11:23:46        4.20e-02        2.00e+00
       25652455        68.81338       333.16070            5.62        11:23:22        4.20e-02        2.00e+00
       25653459        68.81227       334.16162            5.62        11:23:00        4.20e-02        2.00e+00
       25654544        68.81125       335.16186            5.62        11:22:49        4.20e-02        2.00e+00
       25655672        68.81050       336.16188            5.62        11:22:42        4.20e-02        2.00e+00
       25656822        68.81084       337.16262            5.62        11:22:37        4.20e-02        2.00e+00
       25657899        68.81094       338.16291            5.62        11:22:23        4.20e-02        2.00e+00
       25658909        68.81082       339.16385            5.62        11:22:03        4.20e-02        2.00e+00
       25659883        68.80970       340.16430            5.62        11:21:38        4.20e-02        2.00e+00
DEBUG @ t=25660000: current_coupling=0.042, last=0.042
       25660873        68.80759       341.16436            5.62        11:21:16        4.20e-02        2.00e+00
       25661985        68.80785       342.16505            5.62        11:21:07        4.20e-02        2.00e+00
       25662963        68.80533       343.16527            5.62        11:20:44        4.20e-02        2.00e+00
       25663916        68.80273       344.16549            5.62        11:20:18        4.20e-02        2.00e+00
       25664944        68.80024       345.16610            5.62        11:20:01        4.20e-02        2.00e+00
       25665925        68.79854       346.16672            5.62        11:19:38        4.20e-02        2.00e+00
       25666998        68.80010       347.16750            5.62        11:19:23        4.20e-02        2.00e+00
       25667987        68.80091       348.16768            5.62        11:19:00        4.20e-02        2.00e+00
       25668987        68.79966       349.16827            5.62        11:18:39        4.20e-02        2.00e+00
       25669944        68.79751       350.16836            5.63        11:18:14        4.20e-02        2.00e+00
DEBUG @ t=25670000: current_coupling=0.042, last=0.042
       25670913        68.79608       351.16917            5.63        11:17:50        4.20e-02        2.00e+00
       25671852        68.79558       352.16989            5.63        11:17:22        4.20e-02        2.00e+00
       25672835        68.79602       353.16996            5.63        11:16:58        4.20e-02        2.00e+00
       25673806        68.79471       354.17099            5.63        11:16:34        4.20e-02        2.00e+00
       25674777        68.79560       355.17116            5.63        11:16:09        4.20e-02        2.00e+00
       25675758        68.79371       356.17170            5.63        11:15:47        4.20e-02        2.00e+00
       25676726        68.79170       357.17271            5.63        11:15:23        4.20e-02        2.00e+00
       25677730        68.78937       358.17366            5.64        11:15:04        4.20e-02        2.00e+00
       25678668        68.78732       359.17405            5.64        11:14:37        4.20e-02        2.00e+00
       25679616        68.78619       360.17408            5.64        11:14:11        4.20e-02        2.00e+00
DEBUG @ t=25680000: current_coupling=0.042, last=0.042
       25680629        68.78576       361.17485            5.64        11:13:52        4.20e-02        2.00e+00
       25681619        68.78480       362.17564            5.64        11:13:30        4.20e-02        2.00e+00
       25682574        68.78355       363.17590            5.64        11:13:05        4.20e-02        2.00e+00
       25683587        68.78161       364.17646            5.64        11:12:46        4.20e-02        2.00e+00
       25684613        68.78088       365.17651            5.64        11:12:29        4.20e-02        2.00e+00
       25685557        68.78036       366.17722            5.64        11:12:02        4.20e-02        2.00e+00
       25686511        68.77930       367.17811            5.64        11:11:37        4.20e-02        2.00e+00
       25687487        68.78010       368.17882            5.65        11:11:13        4.20e-02        2.00e+00
       25688446        68.78182       369.17983            5.65        11:10:47        4.20e-02        2.00e+00
       25689381        68.78148       370.18014            5.65        11:10:20        4.20e-02        2.00e+00
DEBUG @ t=25690000: current_coupling=0.042, last=0.042
       25690296        68.78196       371.18021            5.65        11:09:50        4.20e-02        2.00e+00
       25691316        68.78112       372.18094            5.65        11:09:32        4.20e-02        2.00e+00
       25692197        68.77869       373.18147            5.65        11:09:01        4.20e-02        2.00e+00
       25693079        68.77577       374.18217            5.66        11:08:30        4.20e-02        2.00e+00
       25693984        68.77362       375.18276            5.66        11:08:01        4.20e-02        2.00e+00
       25695119        68.77106       376.18300            5.66        11:07:56        4.20e-02        2.00e+00
       25696209        68.77021       377.18367            5.66        11:07:45        4.20e-02        2.00e+00
       25697139        68.77088       378.18430            5.66        11:07:17        4.20e-02        2.00e+00
       25698279        68.76993       379.18508            5.66        11:07:11        4.20e-02        2.00e+00
       25699378        68.76897       380.18529            5.66        11:07:01        4.20e-02        2.00e+00
DEBUG @ t=25700000: current_coupling=0.042, last=0.042
[HDF5 Writer DEBUG] timestep=25700000, current_time_ps=380.863, last_output_time=380.86178078311343, write_count=36416
       25700316        68.76770       381.18573            5.66        11:06:35        4.20e-02        2.00e+00
       25701336        68.76575       382.18634            5.66        11:06:18        4.20e-02        2.00e+00
       25702380        68.76543       383.18660            5.66        11:06:02        4.20e-02        2.00e+00
       25703435        68.76417       384.18709            5.66        11:05:48        4.20e-02        2.00e+00
       25704537        68.76271       385.18716            5.66        11:05:39        4.20e-02        2.00e+00
       25705587        68.76233       386.18756            5.66        11:05:24        4.20e-02        2.00e+00
       25706592        68.76086       387.18768            5.66        11:05:05        4.20e-02        2.00e+00
       25707608        68.75941       388.18772            5.66        11:04:47        4.20e-02        2.00e+00
       25708622        68.75775       389.18780            5.66        11:04:29        4.20e-02        2.00e+00
       25709670        68.75770       390.18824            5.66        11:04:14        4.20e-02        2.00e+00
DEBUG @ t=25710000: current_coupling=0.042, last=0.042
       25710681        68.75677       391.18849            5.66        11:03:55        4.20e-02        2.00e+00
       25711731        68.75599       392.18916            5.66        11:03:40        4.20e-02        2.00e+00
       25712740        68.75601       393.18938            5.66        11:03:21        4.20e-02        2.00e+00
       25713780        68.75764       394.18955            5.66        11:03:04        4.20e-02        2.00e+00
       25714805        68.76057       395.18984            5.66        11:02:45        4.20e-02        2.00e+00
       25715846        68.76125       396.19065            5.66        11:02:28        4.20e-02        2.00e+00
       25716900        68.76109       397.19078            5.66        11:02:13        4.20e-02        2.00e+00
       25717861        68.76136       398.19094            5.66        11:01:49        4.20e-02        2.00e+00
       25718871        68.76277       399.19171            5.66        11:01:29        4.20e-02        2.00e+00
Added F(k,t) reference 2 at t = 400.002 ps
       25719791        68.76515       400.19261            5.66        11:01:01        4.20e-02        2.00e+00
DEBUG @ t=25720000: current_coupling=0.042, last=0.042
       25720814        68.76541       401.19322            5.66        11:00:43        4.20e-02        2.00e+00
       25721967        68.76615       402.19392            5.66        11:00:37        4.20e-02        2.00e+00
       25722902        68.76647       403.19405            5.66        11:00:10        4.20e-02        2.00e+00
       25723884        68.76722       404.19469            5.67        10:59:48        4.20e-02        2.00e+00
       25724910        68.76840       405.19548            5.67        10:59:30        4.20e-02        2.00e+00
       25725946        68.77014       406.19559            5.67        10:59:13        4.20e-02        2.00e+00
       25726854        68.77157       407.19617            5.67        10:58:44        4.20e-02        2.00e+00
       25727887        68.77490       408.19689            5.67        10:58:25        4.20e-02        2.00e+00
       25728962        68.77819       409.19768            5.67        10:58:10        4.20e-02        2.00e+00
DEBUG @ t=25730000: current_coupling=0.042, last=0.042
       25730005        68.78136       410.19855            5.67        10:57:53        4.20e-02        2.00e+00
       25730992        68.78290       411.19909            5.67        10:57:31        4.20e-02        2.00e+00
       25732085        68.78739       412.19971            5.67        10:57:17        4.20e-02        2.00e+00
       25733150        68.79025       413.20009            5.67        10:57:02        4.20e-02        2.00e+00
       25734177        68.79100       414.20078            5.67        10:56:44        4.20e-02        2.00e+00
       25735165        68.79116       415.20130            5.67        10:56:23        4.20e-02        2.00e+00
       25736166        68.79213       416.20151            5.67        10:56:03        4.20e-02        2.00e+00
       25737182        68.79416       417.20216            5.67        10:55:44        4.20e-02        2.00e+00
       25738093        68.79632       418.20264            5.67        10:55:15        4.20e-02        2.00e+00
       25739128        68.79766       419.20324            5.67        10:54:58        4.20e-02        2.00e+00
DEBUG @ t=25740000: current_coupling=0.042, last=0.042
       25740110        68.79932       420.20384            5.68        10:54:36        4.20e-02        2.00e+00
       25741124        68.80042       421.20442            5.68        10:54:17        4.20e-02        2.00e+00
       25742007        68.80130       422.20491            5.68        10:53:46        4.20e-02        2.00e+00
       25743056        68.80309       423.20574            5.68        10:53:30        4.20e-02        2.00e+00
       25744114        68.80493       424.20626            5.68        10:53:15        4.20e-02        2.00e+00
       25745062        68.80489       425.20719            5.68        10:52:51        4.20e-02        2.00e+00
       25746162        68.80631       426.20793            5.68        10:52:39        4.20e-02        2.00e+00
       25747089        68.80667       427.20866            5.68        10:52:13        4.20e-02        2.00e+00
       25747965        68.80652       428.20914            5.68        10:51:43        4.20e-02        2.00e+00
       25749042        68.80890       429.20980            5.68        10:51:29        4.20e-02        2.00e+00
DEBUG @ t=25750000: current_coupling=0.042, last=0.042
       25750108        68.81029       430.21067            5.68        10:51:15        4.20e-02        2.00e+00
       25751025        68.81234       431.21106            5.68        10:50:47        4.20e-02        2.00e+00
       25752064        68.81531       432.21130            5.68        10:50:30        4.20e-02        2.00e+00
       25752939        68.81524       433.21184            5.69        10:50:00        4.20e-02        2.00e+00
       25753904        68.81556       434.21220            5.69        10:49:38        4.20e-02        2.00e+00
       25754833        68.81587       435.21251            5.69        10:49:12        4.20e-02        2.00e+00
       25755763        68.81652       436.21321            5.69        10:48:47        4.20e-02        2.00e+00
       25756700        68.81658       437.21413            5.69        10:48:22        4.20e-02        2.00e+00
       25757610        68.81707       438.21459            5.69        10:47:55        4.20e-02        2.00e+00
       25758570        68.81684       439.21504            5.69        10:47:33        4.20e-02        2.00e+00
       25759576        68.81743       440.21505            5.70        10:47:14        4.20e-02        2.00e+00
DEBUG @ t=25760000: current_coupling=0.042, last=0.042
       25760513        68.81784       441.21570            5.70        10:46:50        4.20e-02        2.00e+00
       25761438        68.81837       442.21600            5.70        10:46:24        4.20e-02        2.00e+00
       25762384        68.81989       443.21658            5.70        10:46:00        4.20e-02        2.00e+00
       25763306        68.82182       444.21710            5.70        10:45:34        4.20e-02        2.00e+00
       25764259        68.82543       445.21799            5.70        10:45:09        4.20e-02        2.00e+00
       25765122        68.82701       446.21874            5.70        10:44:38        4.20e-02        2.00e+00
       25766068        68.82821       447.21909            5.71        10:44:14        4.20e-02        2.00e+00
       25766986        68.83108       448.21987            5.71        10:43:47        4.20e-02        2.00e+00
       25767958        68.83114       449.22022            5.71        10:43:26        4.20e-02        2.00e+00
       25768927        68.83189       450.22053            5.71        10:43:04        4.20e-02        2.00e+00
       25769854        68.83225       451.22086            5.71        10:42:40        4.20e-02        2.00e+00
DEBUG @ t=25770000: current_coupling=0.042, last=0.042
       25770853        68.83294       452.22103            5.71        10:42:21        4.20e-02        2.00e+00
       25771733        68.83382       453.22219            5.71        10:41:52        4.20e-02        2.00e+00
       25772644        68.83507       454.22258            5.72        10:41:25        4.20e-02        2.00e+00
       25773590        68.83642       455.22349            5.72        10:41:02        4.20e-02        2.00e+00
       25774496        68.83666       456.22444            5.72        10:40:35        4.20e-02        2.00e+00
       25775413        68.83661       457.22529            5.72        10:40:10        4.20e-02        2.00e+00
       25776337        68.83697       458.22579            5.72        10:39:46        4.20e-02        2.00e+00
       25777146        68.83782       459.22669            5.72        10:39:11        4.20e-02        2.00e+00
       25778152        68.84017       460.22671            5.72        10:38:52        4.20e-02        2.00e+00
       25779083        68.84108       461.22739            5.73        10:38:28        4.20e-02        2.00e+00
DEBUG @ t=25780000: current_coupling=0.042, last=0.042
       25780053        68.84184       462.22749            5.73        10:38:07        4.20e-02        2.00e+00
       25781073        68.84248       463.22844            5.73        10:37:50        4.20e-02        2.00e+00
       25782037        68.84338       464.22848            5.73        10:37:29        4.20e-02        2.00e+00
       25782977        68.84491       465.22892            5.73        10:37:05        4.20e-02        2.00e+00
       25783981        68.84494       466.22906            5.73        10:36:47        4.20e-02        2.00e+00
       25784927        68.84475       467.22928            5.73        10:36:25        4.20e-02        2.00e+00
       25785908        68.84566       468.22968            5.73        10:36:05        4.20e-02        2.00e+00
       25786873        68.84672       469.23034            5.73        10:35:43        4.20e-02        2.00e+00
       25787873        68.84810       470.23052            5.73        10:35:24        4.20e-02        2.00e+00
       25788831        68.85073       471.23064            5.73        10:35:02        4.20e-02        2.00e+00
       25789805        68.85171       472.23089            5.74        10:34:41        4.20e-02        2.00e+00
DEBUG @ t=25790000: current_coupling=0.042, last=0.042
       25790789        68.85238       473.23171            5.74        10:34:21        4.20e-02        2.00e+00
       25791786        68.85230       474.23247            5.74        10:34:03        4.20e-02        2.00e+00
       25792745        68.85286       475.23297            5.74        10:33:42        4.20e-02        2.00e+00
       25793663        68.85343       476.23308            5.74        10:33:17        4.20e-02        2.00e+00
       25794634        68.85340       477.23356            5.74        10:32:57        4.20e-02        2.00e+00
       25795652        68.85317       478.23365            5.74        10:32:41        4.20e-02        2.00e+00
       25796687        68.85449       479.23396            5.74        10:32:25        4.20e-02        2.00e+00
       25797743        68.85587       480.23429            5.74        10:32:10        4.20e-02        2.00e+00
       25798728        68.85774       481.23470            5.74        10:31:50        4.20e-02        2.00e+00
       25799653        68.85918       482.23553            5.74        10:31:26        4.20e-02        2.00e+00
DEBUG @ t=25800000: current_coupling=0.042, last=0.042
[HDF5 Writer DEBUG] timestep=25800000, current_time_ps=482.618, last_output_time=482.60765269273827, write_count=46102
       25800625        68.86082       483.23603            5.74        10:31:05        4.20e-02        2.00e+00
       25801669        68.86429       484.23621            5.74        10:30:49        4.20e-02        2.00e+00
       25802633        68.86666       485.23717            5.74        10:30:27        4.20e-02        2.00e+00
       25803578        68.86823       486.23781            5.75        10:30:04        4.20e-02        2.00e+00
       25804550        68.86858       487.23816            5.75        10:29:44        4.20e-02        2.00e+00
       25805467        68.86896       488.23894            5.75        10:29:20        4.20e-02        2.00e+00
       25806358        68.86947       489.23959            5.75        10:28:54        4.20e-02        2.00e+00
       25807289        68.87046       490.23965            5.75        10:28:31        4.20e-02        2.00e+00
       25808189        68.87116       491.24062            5.75        10:28:05        4.20e-02        2.00e+00
       25809061        68.87036       492.24128            5.75        10:27:38        4.20e-02        2.00e+00
DEBUG @ t=25810000: current_coupling=0.042, last=0.042
       25810008        68.87036       493.24172            5.75        10:27:17        4.20e-02        2.00e+00
       25810885        68.87112       494.24229            5.76        10:26:50        4.20e-02        2.00e+00
       25811775        68.87281       495.24326            5.76        10:26:23        4.20e-02        2.00e+00
       25812662        68.87298       496.24368            5.76        10:25:57        4.20e-02        2.00e+00
       25813602        68.87351       497.24420            5.76        10:25:35        4.20e-02        2.00e+00
       25814576        68.87352       498.24503            5.76        10:25:16        4.20e-02        2.00e+00
       25815504        68.87310       499.24596            5.76        10:24:53        4.20e-02        2.00e+00
       25816444        68.87336       500.24659            5.76        10:24:32        4.20e-02        2.00e+00
       25817452        68.87381       501.24750            5.76        10:24:14        4.20e-02        2.00e+00
       25818431        68.87410       502.24752            5.76        10:23:55        4.20e-02        2.00e+00
       25819371        68.87431       503.24776            5.77        10:23:34        4.20e-02        2.00e+00
DEBUG @ t=25820000: current_coupling=0.042, last=0.042
       25820286        68.87561       504.24833            5.77        10:23:09        4.20e-02        2.00e+00
       25821215        68.87646       505.24937            5.77        10:22:47        4.20e-02        2.00e+00
       25822176        68.87702       506.25006            5.77        10:22:26        4.20e-02        2.00e+00
       25823151        68.87904       507.25043            5.77        10:22:06        4.20e-02        2.00e+00
       25824065        68.88071       508.25048            5.77        10:21:42        4.20e-02        2.00e+00
       25825013        68.88261       509.25088            5.77        10:21:20        4.20e-02        2.00e+00
       25825975        68.88320       510.25092            5.77        10:21:00        4.20e-02        2.00e+00
       25826938        68.88342       511.25165            5.77        10:20:40        4.20e-02        2.00e+00
       25827906        68.88344       512.25192            5.77        10:20:20        4.20e-02        2.00e+00
       25828796        68.88462       513.25240            5.78        10:19:55        4.20e-02        2.00e+00
       25829732        68.88908       514.25264            5.78        10:19:31        4.20e-02        2.00e+00
DEBUG @ t=25830000: current_coupling=0.042, last=0.042
       25830691        68.89114       515.25320            5.78        10:19:10        4.20e-02        2.00e+00
       25831652        68.89073       516.25331            5.78        10:18:50        4.20e-02        2.00e+00
       25832649        68.89039       517.25418            5.78        10:18:33        4.20e-02        2.00e+00
       25833620        68.89004       518.25479            5.78        10:18:14        4.20e-02        2.00e+00
       25834586        68.88992       519.25489            5.78        10:17:55        4.20e-02        2.00e+00
       25835560        68.89156       520.25576            5.78        10:17:35        4.20e-02        2.00e+00
       25836547        68.89300       521.25616            5.78        10:17:16        4.20e-02        2.00e+00
       25837570        68.89393       522.25677            5.78        10:17:00        4.20e-02        2.00e+00
       25838594        68.89349       523.25731            5.78        10:16:45        4.20e-02        2.00e+00
       25839635        68.89639       524.25828            5.78        10:16:30        4.20e-02        2.00e+00
DEBUG @ t=25840000: current_coupling=0.042, last=0.042
       25840599        68.89708       525.25829            5.78        10:16:10        4.20e-02        2.00e+00
       25841510        68.89757       526.25852            5.78        10:15:46        4.20e-02        2.00e+00
       25842442        68.89781       527.25868            5.79        10:15:25        4.20e-02        2.00e+00
       25843420        68.89782       528.25903            5.79        10:15:06        4.20e-02        2.00e+00
       25844383        68.89818       529.25957            5.79        10:14:47        4.20e-02        2.00e+00
       25845371        68.90048       530.25983            5.79        10:14:28        4.20e-02        2.00e+00
       25846374        68.90181       531.26012            5.79        10:14:10        4.20e-02        2.00e+00
       25847386        68.90234       532.26070            5.79        10:13:54        4.20e-02        2.00e+00
       25848382        68.90251       533.26164            5.79        10:13:37        4.20e-02        2.00e+00
       25849381        68.90357       534.26193            5.79        10:13:19        4.20e-02        2.00e+00
DEBUG @ t=25850000: current_coupling=0.042, last=0.042
       25850395        68.90522       535.26284            5.79        10:13:02        4.20e-02        2.00e+00
       25851395        68.91148       536.26295            5.79        10:12:42        4.20e-02        2.00e+00
       25852378        68.91261       537.26335            5.79        10:12:24        4.20e-02        2.00e+00
       25853343        68.91325       538.26389            5.79        10:12:04        4.20e-02        2.00e+00
       25854377        68.91333       539.26488            5.79        10:11:50        4.20e-02        2.00e+00
       25855319        68.91388       540.26521            5.79        10:11:29        4.20e-02        2.00e+00
       25856291        68.91367       541.26524            5.79        10:11:10        4.20e-02        2.00e+00
       25857236        68.91344       542.26569            5.79        10:10:50        4.20e-02        2.00e+00
       25858177        68.91295       543.26677            5.79        10:10:29        4.20e-02        2.00e+00
       25859054        68.91225       544.26740            5.80        10:10:05        4.20e-02        2.00e+00
       25859900        68.91192       545.26743            5.80        10:09:38        4.20e-02        2.00e+00
DEBUG @ t=25860000: current_coupling=0.042, last=0.042
       25860811        68.91158       546.26841            5.80        10:09:16        4.20e-02        2.00e+00
       25861757        68.91153       547.26855            5.80        10:08:56        4.20e-02        2.00e+00
       25862700        68.91120       548.26949            5.80        10:08:36        4.20e-02        2.00e+00
       25863604        68.91079       549.27005            5.80        10:08:13        4.20e-02        2.00e+00
       25864500        68.91065       550.27036            5.80        10:07:50        4.20e-02        2.00e+00
       25865417        68.91105       551.27106            5.80        10:07:28        4.20e-02        2.00e+00
       25866352        68.91102       552.27142            5.81        10:07:07        4.20e-02        2.00e+00
       25867338        68.91077       553.27214            5.81        10:06:50        4.20e-02        2.00e+00
       25868257        68.91026       554.27235            5.81        10:06:28        4.20e-02        2.00e+00
       25869132        68.90996       555.27244            5.81        10:06:04        4.20e-02        2.00e+00
DEBUG @ t=25870000: current_coupling=0.042, last=0.042
       25870076        68.91082       556.27335            5.81        10:05:43        4.20e-02        2.00e+00
       25871023        68.91291       557.27338            5.81        10:05:22        4.20e-02        2.00e+00
       25871978        68.91410       558.27354            5.81        10:05:02        4.20e-02        2.00e+00
       25873031        68.91403       559.27404            5.81        10:04:49        4.20e-02        2.00e+00
       25873909        68.91374       560.27511            5.81        10:04:25        4.20e-02        2.00e+00
       25874818        68.91318       561.27532            5.81        10:04:03        4.20e-02        2.00e+00
       25875782        68.91314       562.27572            5.81        10:03:45        4.20e-02        2.00e+00
       25876740        68.91295       563.27591            5.81        10:03:26        4.20e-02        2.00e+00
       25877707        68.91343       564.27649            5.82        10:03:07        4.20e-02        2.00e+00
       25878625        68.91401       565.27712            5.82        10:02:45        4.20e-02        2.00e+00
       25879547        68.91446       566.27781            5.82        10:02:24        4.20e-02        2.00e+00
DEBUG @ t=25880000: current_coupling=0.042, last=0.042
       25880492        68.91425       567.27859            5.82        10:02:04        4.20e-02        2.00e+00
       25881385        68.91517       568.27893            5.82        10:01:41        4.20e-02        2.00e+00
       25882285        68.91708       569.27988            5.82        10:01:17        4.20e-02        2.00e+00
       25883270        68.91785       570.28066            5.82        10:00:59        4.20e-02        2.00e+00
       25884215        68.91939       571.28116            5.82        10:00:39        4.20e-02        2.00e+00
       25885149        68.92044       572.28179            5.82        10:00:18        4.20e-02        2.00e+00
       25886132        68.92159       573.28202            5.82        10:00:00        4.20e-02        2.00e+00
       25887080        68.92491       574.28302            5.83        09:59:39        4.20e-02        2.00e+00
       25888037        68.92490       575.28312            5.83        09:59:20        4.20e-02        2.00e+00
       25889049        68.92552       576.28408            5.83        09:59:04        4.20e-02        2.00e+00
DEBUG @ t=25890000: current_coupling=0.042, last=0.042
       25890013        68.92575       577.28436            5.83        09:58:46        4.20e-02        2.00e+00
       25891052        68.92676       578.28484            5.83        09:58:31        4.20e-02        2.00e+00
       25892123        68.92691       579.28489            5.83        09:58:19        4.20e-02        2.00e+00
       25893096        68.92726       580.28570            5.83        09:58:01        4.20e-02        2.00e+00
       25894182        68.92830       581.28586            5.83        09:57:50        4.20e-02        2.00e+00
       25895192        68.92807       582.28691            5.83        09:57:34        4.20e-02        2.00e+00
       25896106        68.92937       583.28729            5.83        09:57:12        4.20e-02        2.00e+00
       25897148        68.93137       584.28808            5.83        09:56:58        4.20e-02        2.00e+00
       25898140        68.93170       585.28869            5.83        09:56:41        4.20e-02        2.00e+00
       25899220        68.93291       586.28938            5.83        09:56:29        4.20e-02        2.00e+00
DEBUG @ t=25900000: current_coupling=0.042, last=0.042
[HDF5 Writer DEBUG] timestep=25900000, current_time_ps=587.020, last_output_time=587.0191660793217, write_count=56070
       25900269        68.93601       587.29008            5.83        09:56:14        4.20e-02        2.00e+00
       25901234        68.93640       588.29018            5.83        09:55:55        4.20e-02        2.00e+00
       25902281        68.93731       589.29092            5.83        09:55:41        4.20e-02        2.00e+00
       25903336        68.93791       590.29139            5.83        09:55:28        4.20e-02        2.00e+00
       25904242        68.93835       591.29219            5.83        09:55:06        4.20e-02        2.00e+00
       25905199        68.93847       592.29285            5.83        09:54:48        4.20e-02        2.00e+00
       25906281        68.93941       593.29382            5.83        09:54:36        4.20e-02        2.00e+00
       25907211        68.93908       594.29402            5.83        09:54:16        4.20e-02        2.00e+00
       25908218        68.93903       595.29434            5.83        09:54:00        4.20e-02        2.00e+00
       25909067        68.93867       596.29485            5.83        09:53:35        4.20e-02        2.00e+00
DEBUG @ t=25910000: current_coupling=0.042, last=0.042
       25910008        68.93870       597.29541            5.83        09:53:16        4.20e-02        2.00e+00
       25910947        68.93919       598.29632            5.83        09:52:56        4.20e-02        2.00e+00
       25911876        68.94074       599.29695            5.83        09:52:35        4.20e-02        2.00e+00
Added F(k,t) reference 3 at t = 600.003 ps
       25912820        68.94174       600.29784            5.83        09:52:15        4.20e-02        2.00e+00
       25913767        68.94160       601.29815            5.84        09:51:56        4.20e-02        2.00e+00
       25914732        68.94169       602.29898            5.84        09:51:38        4.20e-02        2.00e+00
       25915628        68.94195       603.29941            5.84        09:51:15        4.20e-02        2.00e+00
       25916550        68.94155       604.29995            5.84        09:50:55        4.20e-02        2.00e+00
       25917541        68.94160       605.30084            5.84        09:50:39        4.20e-02        2.00e+00
       25918462        68.94242       606.30150            5.84        09:50:18        4.20e-02        2.00e+00
       25919340        68.94233       607.30159            5.84        09:49:55        4.20e-02        2.00e+00
DEBUG @ t=25920000: current_coupling=0.042, last=0.042
       25920237        68.94248       608.30177            5.84        09:49:33        4.20e-02        2.00e+00
       25921098        68.94246       609.30219            5.84        09:49:09        4.20e-02        2.00e+00
       25922000        68.94362       610.30254            5.84        09:48:47        4.20e-02        2.00e+00
       25922970        68.94629       611.30304            5.85        09:48:28        4.20e-02        2.00e+00
       25923893        68.94722       612.30320            5.85        09:48:07        4.20e-02        2.00e+00
       25924876        68.94773       613.30359            5.85        09:47:50        4.20e-02        2.00e+00
       25925923        68.94853       614.30417            5.85        09:47:37        4.20e-02        2.00e+00
       25926927        68.94854       615.30475            5.85        09:47:21        4.20e-02        2.00e+00
       25927852        68.94849       616.30577            5.85        09:47:01        4.20e-02        2.00e+00
       25928816        68.94869       617.30632            5.85        09:46:43        4.20e-02        2.00e+00
       25929727        68.94827       618.30728            5.85        09:46:22        4.20e-02        2.00e+00
DEBUG @ t=25930000: current_coupling=0.042, last=0.042
       25930698        68.94850       619.30781            5.85        09:46:05        4.20e-02        2.00e+00
       25931766        68.94967       620.30817            5.85        09:45:52        4.20e-02        2.00e+00
       25932713        68.94930       621.30919            5.85        09:45:33        4.20e-02        2.00e+00
       25933672        68.94887       622.30987            5.85        09:45:15        4.20e-02        2.00e+00
       25934727        68.94877       623.31027            5.85        09:45:03        4.20e-02        2.00e+00
       25935715        68.94912       624.31054            5.85        09:44:46        4.20e-02        2.00e+00
       25936675        68.94903       625.31151            5.85        09:44:28        4.20e-02        2.00e+00
       25937698        68.95155       626.31220            5.85        09:44:12        4.20e-02        2.00e+00
       25938644        68.95257       627.31296            5.85        09:43:53        4.20e-02        2.00e+00
       25939568        68.95210       628.31396            5.85        09:43:33        4.20e-02        2.00e+00
DEBUG @ t=25940000: current_coupling=0.042, last=0.042
       25940515        68.95241       629.31466            5.85        09:43:14        4.20e-02        2.00e+00
       25941435        68.95222       630.31466            5.85        09:42:54        4.20e-02        2.00e+00
       25942389        68.95243       631.31466            5.85        09:42:36        4.20e-02        2.00e+00
       25943361        68.95207       632.31515            5.85        09:42:19        4.20e-02        2.00e+00
       25944317        68.95169       633.31520            5.86        09:42:01        4.20e-02        2.00e+00
       25945276        68.95157       634.31575            5.86        09:41:43        4.20e-02        2.00e+00
       25946225        68.95127       635.31633            5.86        09:41:25        4.20e-02        2.00e+00
       25947141        68.95134       636.31682            5.86        09:41:04        4.20e-02        2.00e+00
       25948066        68.95178       637.31719            5.86        09:40:45        4.20e-02        2.00e+00
       25949015        68.95160       638.31813            5.86        09:40:26        4.20e-02        2.00e+00
       25949989        68.95290       639.31833            5.86        09:40:08        4.20e-02        2.00e+00
DEBUG @ t=25950000: current_coupling=0.042, last=0.042
       25950959        68.95493       640.31911            5.86        09:39:50        4.20e-02        2.00e+00
       25951942        68.95608       641.31997            5.86        09:39:33        4.20e-02        2.00e+00
       25952892        68.95666       642.32037            5.86        09:39:14        4.20e-02        2.00e+00
       25953801        68.95658       643.32120            5.86        09:38:54        4.20e-02        2.00e+00
       25954747        68.95693       644.32128            5.86        09:38:35        4.20e-02        2.00e+00
       25955709        68.95798       645.32165            5.86        09:38:17        4.20e-02        2.00e+00
       25956675        68.95859       646.32173            5.86        09:37:59        4.20e-02        2.00e+00
       25957649        68.95868       647.32268            5.86        09:37:42        4.20e-02        2.00e+00
       25958621        68.95853       648.32349            5.86        09:37:25        4.20e-02        2.00e+00
       25959588        68.95842       649.32412            5.87        09:37:08        4.20e-02        2.00e+00
DEBUG @ t=25960000: current_coupling=0.042, last=0.042
       25960523        68.95855       650.32462            5.87        09:36:49        4.20e-02        2.00e+00
       25961447        68.96019       651.32524            5.87        09:36:29        4.20e-02        2.00e+00
       25962442        68.96108       652.32598            5.87        09:36:12        4.20e-02        2.00e+00
       25963495        68.96180       653.32675            5.87        09:35:59        4.20e-02        2.00e+00
       25964485        68.96310       654.32764            5.87        09:35:42        4.20e-02        2.00e+00
       25965425        68.96407       655.32801            5.87        09:35:23        4.20e-02        2.00e+00
       25966403        68.96383       656.32857            5.87        09:35:07        4.20e-02        2.00e+00
       25967364        68.96356       657.32923            5.87        09:34:49        4.20e-02        2.00e+00
       25968387        68.96335       658.32987            5.87        09:34:35        4.20e-02        2.00e+00
       25969406        68.96360       659.32996            5.87        09:34:20        4.20e-02        2.00e+00
DEBUG @ t=25970000: current_coupling=0.042, last=0.042
       25970479        68.96365       660.33036            5.87        09:34:08        4.20e-02        2.00e+00
       25971508        68.96570       661.33100            5.87        09:33:53        4.20e-02        2.00e+00
       25972475        68.96591       662.33161            5.87        09:33:36        4.20e-02        2.00e+00
       25973458        68.96596       663.33215            5.87        09:33:20        4.20e-02        2.00e+00
       25974493        68.96903       664.33285            5.87        09:33:04        4.20e-02        2.00e+00
       25975473        68.96986       665.33321            5.87        09:32:47        4.20e-02        2.00e+00
       25976378        68.97001       666.33325            5.87        09:32:27        4.20e-02        2.00e+00
       25977348        68.97050       667.33354            5.87        09:32:10        4.20e-02        2.00e+00
       25978338        68.97104       668.33415            5.87        09:31:53        4.20e-02        2.00e+00
       25979264        68.97140       669.33418            5.87        09:31:34        4.20e-02        2.00e+00
DEBUG @ t=25980000: current_coupling=0.042, last=0.042
       25980246        68.97288       670.33493            5.87        09:31:17        4.20e-02        2.00e+00
       25981161        68.97481       671.33495            5.87        09:30:56        4.20e-02        2.00e+00
       25982219        68.97542       672.33509            5.87        09:30:43        4.20e-02        2.00e+00
       25983152        68.97497       673.33615            5.87        09:30:25        4.20e-02        2.00e+00
       25984086        68.97453       674.33625            5.87        09:30:06        4.20e-02        2.00e+00
       25985031        68.97451       675.33700            5.87        09:29:48        4.20e-02        2.00e+00
       25985904        68.97567       676.33723            5.88        09:29:25        4.20e-02        2.00e+00
       25986871        68.97567       677.33727            5.88        09:29:08        4.20e-02        2.00e+00
       25987856        68.97573       678.33804            5.88        09:28:52        4.20e-02        2.00e+00
       25988825        68.97541       679.33904            5.88        09:28:35        4.20e-02        2.00e+00
       25989835        68.97581       680.33976            5.88        09:28:20        4.20e-02        2.00e+00
DEBUG @ t=25990000: current_coupling=0.042, last=0.042
       25990834        68.97533       681.34013            5.88        09:28:05        4.20e-02        2.00e+00
       25991831        68.97553       682.34081            5.88        09:27:49        4.20e-02        2.00e+00
       25992828        68.97694       683.34121            5.88        09:27:33        4.20e-02        2.00e+00
       25993853        68.97745       684.34157            5.88        09:27:19        4.20e-02        2.00e+00
       25994837        68.97736       685.34158            5.88        09:27:02        4.20e-02        2.00e+00
       25995788        68.97713       686.34178            5.88        09:26:45        4.20e-02        2.00e+00
       25996685        68.97741       687.34187            5.88        09:26:24        4.20e-02        2.00e+00
       25997577        68.97697       688.34292            5.88        09:26:04        4.20e-02        2.00e+00
       25998524        68.97696       689.34346            5.88        09:25:46        4.20e-02        2.00e+00
       25999511        68.97803       690.34357            5.88        09:25:29        4.20e-02        2.00e+00
DEBUG @ t=26000000: current_coupling=0.042, last=0.042
[HDF5 Writer DEBUG] timestep=26000000, current_time_ps=690.848, last_output_time=690.8380844667199, write_count=65968
       26000469        68.97784       691.34390            5.88        09:25:12        4.20e-02        2.00e+00
       26001396        68.97892       692.34500            5.88        09:24:53        4.20e-02        2.00e+00
       26002319        68.97870       693.34588            5.88        09:24:34        4.20e-02        2.00e+00
       26003328        68.97836       694.34626            5.88        09:24:19        4.20e-02        2.00e+00
       26004301        68.97803       695.34656            5.88        09:24:02        4.20e-02        2.00e+00
       26005311        68.97849       696.34657            5.88        09:23:47        4.20e-02        2.00e+00
       26006353        68.97873       697.34664            5.88        09:23:34        4.20e-02        2.00e+00
       26007374        68.97897       698.34708            5.88        09:23:20        4.20e-02        2.00e+00
       26008358        68.97904       699.34816            5.88        09:23:03        4.20e-02        2.00e+00
       26009288        68.97908       700.34874            5.88        09:22:45        4.20e-02        2.00e+00
DEBUG @ t=26010000: current_coupling=0.042, last=0.042
       26010296        68.97993       701.34897            5.88        09:22:29        4.20e-02        2.00e+00
       26011271        68.98122       702.34984            5.89        09:22:12        4.20e-02        2.00e+00
       26012259        68.98125       703.34991            5.89        09:21:56        4.20e-02        2.00e+00
       26013316        68.98158       704.35035            5.88        09:21:44        4.20e-02        2.00e+00
       26014283        68.98126       705.35049            5.89        09:21:27        4.20e-02        2.00e+00
       26015254        68.98094       706.35123            5.89        09:21:10        4.20e-02        2.00e+00
       26016281        68.98055       707.35172            5.89        09:20:56        4.20e-02        2.00e+00
       26017263        68.98030       708.35245            5.89        09:20:40        4.20e-02        2.00e+00
       26018199        68.98056       709.35341            5.89        09:20:22        4.20e-02        2.00e+00
       26019188        68.98092       710.35400            5.89        09:20:06        4.20e-02        2.00e+00
DEBUG @ t=26020000: current_coupling=0.042, last=0.042
       26020170        68.98168       711.35484            5.89        09:19:49        4.20e-02        2.00e+00
       26021116        68.98158       712.35583            5.89        09:19:32        4.20e-02        2.00e+00
       26022094        68.98363       713.35681            5.89        09:19:14        4.20e-02        2.00e+00
       26023033        68.98586       714.35698            5.89        09:18:55        4.20e-02        2.00e+00
       26024064        68.98703       715.35794            5.89        09:18:41        4.20e-02        2.00e+00
       26025049        68.98733       716.35855            5.89        09:18:25        4.20e-02        2.00e+00
       26026060        68.98767       717.35936            5.89        09:18:10        4.20e-02        2.00e+00
       26027055        68.98825       718.35976            5.89        09:17:54        4.20e-02        2.00e+00
       26027988        68.98798       719.35996            5.89        09:17:36        4.20e-02        2.00e+00
       26028922        68.98861       720.36091            5.89        09:17:17        4.20e-02        2.00e+00
       26029915        68.99049       721.36134            5.89        09:17:01        4.20e-02        2.00e+00
DEBUG @ t=26030000: current_coupling=0.042, last=0.042
       26030866        68.99135       722.36236            5.89        09:16:43        4.20e-02        2.00e+00
       26031864        68.99322       723.36266            5.89        09:16:26        4.20e-02        2.00e+00
       26032892        68.99502       724.36277            5.89        09:16:12        4.20e-02        2.00e+00
       26033774        68.99548       725.36305            5.89        09:15:51        4.20e-02        2.00e+00
       26034785        68.99679       726.36358            5.89        09:15:36        4.20e-02        2.00e+00
       26035692        68.99741       727.36453            5.89        09:15:16        4.20e-02        2.00e+00
       26036541        68.99710       728.36464            5.89        09:14:54        4.20e-02        2.00e+00
       26037489        68.99790       729.36551            5.90        09:14:36        4.20e-02        2.00e+00
       26038535        68.99819       730.36634            5.90        09:14:23        4.20e-02        2.00e+00
       26039544        68.99886       731.36673            5.90        09:14:08        4.20e-02        2.00e+00
DEBUG @ t=26040000: current_coupling=0.042, last=0.042
       26040582        69.00048       732.36690            5.90        09:13:53        4.20e-02        2.00e+00
       26041663        69.00032       733.36751            5.89        09:13:42        4.20e-02        2.00e+00
       26042629        69.00003       734.36858            5.90        09:13:25        4.20e-02        2.00e+00
       26043588        69.00150       735.36884            5.90        09:13:08        4.20e-02        2.00e+00
       26044669        69.00236       736.36968            5.90        09:12:56        4.20e-02        2.00e+00
       26045752        69.00455       737.37003            5.89        09:12:43        4.20e-02        2.00e+00
       26046766        69.00581       738.37087            5.89        09:12:28        4.20e-02        2.00e+00
       26047793        69.00591       739.37155            5.89        09:12:14        4.20e-02        2.00e+00
       26048761        69.00558       740.37159            5.90        09:11:57        4.20e-02        2.00e+00
       26049718        69.00576       741.37218            5.90        09:11:40        4.20e-02        2.00e+00
DEBUG @ t=26050000: current_coupling=0.042, last=0.042
       26050609        69.00504       742.37255            5.90        09:11:20        4.20e-02        2.00e+00
       26051516        69.00464       743.37274            5.90        09:11:01        4.20e-02        2.00e+00
       26052495        69.00499       744.37303            5.90        09:10:45        4.20e-02        2.00e+00
       26053433        69.00600       745.37383            5.90        09:10:27        4.20e-02        2.00e+00
       26054370        69.00619       746.37448            5.90        09:10:09        4.20e-02        2.00e+00
       26055325        69.00718       747.37517            5.90        09:09:51        4.20e-02        2.00e+00
       26056286        69.00741       748.37572            5.90        09:09:34        4.20e-02        2.00e+00
       26057127        69.00738       749.37608            5.90        09:09:12        4.20e-02        2.00e+00
       26058169        69.00723       750.37617            5.90        09:08:59        4.20e-02        2.00e+00
       26059194        69.00828       751.37723            5.90        09:08:44        4.20e-02        2.00e+00
DEBUG @ t=26060000: current_coupling=0.042, last=0.042
       26060026        69.00779       752.37777            5.90        09:08:22        4.20e-02        2.00e+00
       26061023        69.00892       753.37794            5.90        09:08:07        4.20e-02        2.00e+00
       26062064        69.00901       754.37886            5.90        09:07:53        4.20e-02        2.00e+00
       26063084        69.00936       755.37961            5.90        09:07:39        4.20e-02        2.00e+00
       26064122        69.01004       756.38010            5.90        09:07:25        4.20e-02        2.00e+00
       26065110        69.00992       757.38073            5.90        09:07:09        4.20e-02        2.00e+00
       26065937        69.00947       758.38142            5.90        09:06:47        4.20e-02        2.00e+00
       26066793        69.00907       759.38194            5.90        09:06:26        4.20e-02        2.00e+00
       26067728        69.00927       760.38201            5.91        09:06:08        4.20e-02        2.00e+00
       26068714        69.00983       761.38214            5.91        09:05:52        4.20e-02        2.00e+00
       26069768        69.01085       762.38215            5.91        09:05:39        4.20e-02        2.00e+00
DEBUG @ t=26070000: current_coupling=0.042, last=0.042
       26070695        69.01211       763.38244            5.91        09:05:20        4.20e-02        2.00e+00
       26071626        69.01206       764.38263            5.91        09:05:02        4.20e-02        2.00e+00
       26072622        69.01194       765.38343            5.91        09:04:47        4.20e-02        2.00e+00
       26073704        69.01172       766.38416            5.91        09:04:35        4.20e-02        2.00e+00
       26074698        69.01151       767.38473            5.91        09:04:20        4.20e-02        2.00e+00
       26075641        69.01173       768.38512            5.91        09:04:03        4.20e-02        2.00e+00
       26076651        69.01181       769.38549            5.91        09:03:48        4.20e-02        2.00e+00
       26077640        69.01289       770.38634            5.91        09:03:32        4.20e-02        2.00e+00
       26078627        69.01309       771.38683            5.91        09:03:16        4.20e-02        2.00e+00
       26079601        69.01318       772.38722            5.91        09:03:00        4.20e-02        2.00e+00
DEBUG @ t=26080000: current_coupling=0.042, last=0.042
       26080517        69.01334       773.38812            5.91        09:02:41        4.20e-02        2.00e+00
       26081454        69.01300       774.38829            5.91        09:02:24        4.20e-02        2.00e+00
       26082434        69.01314       775.38933            5.91        09:02:08        4.20e-02        2.00e+00
       26083388        69.01427       776.38950            5.91        09:01:51        4.20e-02        2.00e+00
       26084451        69.01546       777.39029            5.91        09:01:38        4.20e-02        2.00e+00
       26085544        69.01626       778.39076            5.91        09:01:26        4.20e-02        2.00e+00
       26086633        69.01703       779.39101            5.91        09:01:14        4.20e-02        2.00e+00
       26087672        69.01714       780.39161            5.91        09:01:01        4.20e-02        2.00e+00
       26088692        69.01693       781.39231            5.91        09:00:47        4.20e-02        2.00e+00
       26089679        69.01657       782.39318            5.91        09:00:31        4.20e-02        2.00e+00
DEBUG @ t=26090000: current_coupling=0.042, last=0.042
       26090739        69.01710       783.39378            5.91        09:00:18        4.20e-02        2.00e+00
       26091769        69.01663       784.39432            5.91        09:00:05        4.20e-02        2.00e+00
       26092764        69.01619       785.39463            5.91        08:59:50        4.20e-02        2.00e+00
       26093821        69.01622       786.39502            5.91        08:59:37        4.20e-02        2.00e+00
       26094892        69.01695       787.39558            5.91        08:59:25        4.20e-02        2.00e+00
       26095825        69.01708       788.39648            5.91        08:59:07        4.20e-02        2.00e+00
       26096756        69.01697       789.39663            5.91        08:58:49        4.20e-02        2.00e+00
       26097769        69.01695       790.39683            5.91        08:58:35        4.20e-02        2.00e+00
       26098846        69.01639       791.39739            5.91        08:58:23        4.20e-02        2.00e+00
       26099917        69.01617       792.39826            5.91        08:58:11        4.20e-02        2.00e+00
DEBUG @ t=26100000: current_coupling=0.042, last=0.042
[HDF5 Writer DEBUG] timestep=26100000, current_time_ps=792.476, last_output_time=792.468712549953, write_count=75631
       26100995        69.01606       793.39883            5.91        08:57:59        4.20e-02        2.00e+00
       26102131        69.01644       794.39958            5.91        08:57:49        4.20e-02        2.00e+00
       26103223        69.01645       795.39974            5.90        08:57:38        4.20e-02        2.00e+00
       26104142        69.01604       796.39999            5.91        08:57:20        4.20e-02        2.00e+00
       26105245        69.01738       797.40066            5.90        08:57:08        4.20e-02        2.00e+00
       26106285        69.01885       798.40172            5.90        08:56:54        4.20e-02        2.00e+00
       26107211        69.01935       799.40191            5.91        08:56:36        4.20e-02        2.00e+00
Added F(k,t) reference 4 at t = 800.004 ps
       26108172        69.01942       800.40228            5.91        08:56:19        4.20e-02        2.00e+00
       26109205        69.01930       801.40240            5.91        08:56:06        4.20e-02        2.00e+00
DEBUG @ t=26110000: current_coupling=0.042, last=0.042
       26110229        69.01944       802.40281            5.91        08:55:51        4.20e-02        2.00e+00
       26111244        69.02059       803.40311            5.91        08:55:36        4.20e-02        2.00e+00
       26112302        69.02103       804.40352            5.91        08:55:23        4.20e-02        2.00e+00
       26113355        69.02095       805.40378            5.90        08:55:11        4.20e-02        2.00e+00
       26114355        69.02055       806.40447            5.90        08:54:56        4.20e-02        2.00e+00
       26115389        69.02148       807.40460            5.90        08:54:42        4.20e-02        2.00e+00
       26116328        69.02162       808.40497            5.91        08:54:24        4.20e-02        2.00e+00
       26117357        69.02169       809.40568            5.91        08:54:10        4.20e-02        2.00e+00
       26118435        69.02222       810.40580            5.90        08:53:58        4.20e-02        2.00e+00
       26119443        69.02204       811.40630            5.90        08:53:43        4.20e-02        2.00e+00
DEBUG @ t=26120000: current_coupling=0.042, last=0.042
       26120385        69.02157       812.40671            5.91        08:53:26        4.20e-02        2.00e+00
       26121461        69.02132       813.40730            5.90        08:53:14        4.20e-02        2.00e+00
       26122489        69.02120       814.40771            5.90        08:53:00        4.20e-02        2.00e+00
       26123510        69.02128       815.40803            5.90        08:52:46        4.20e-02        2.00e+00
       26124586        69.02139       816.40816            5.90        08:52:34        4.20e-02        2.00e+00
       26125722        69.02301       817.40825            5.90        08:52:23        4.20e-02        2.00e+00
       26126870        69.02477       818.40874            5.90        08:52:13        4.20e-02        2.00e+00
       26127997        69.02608       819.40889            5.90        08:52:02        4.20e-02        2.00e+00
       26129113        69.02701       820.40941            5.90        08:51:51        4.20e-02        2.00e+00
DEBUG @ t=26130000: current_coupling=0.042, last=0.042
       26130255        69.02763       821.40943            5.90        08:51:42        4.20e-02        2.00e+00
       26131244        69.02790       822.41018            5.90        08:51:26        4.20e-02        2.00e+00
       26132338        69.02776       823.41081            5.90        08:51:14        4.20e-02        2.00e+00
       26133329        69.02731       824.41118            5.90        08:50:59        4.20e-02        2.00e+00
       26134337        69.02705       825.41187            5.90        08:50:45        4.20e-02        2.00e+00
       26135337        69.02648       826.41195            5.90        08:50:30        4.20e-02        2.00e+00
       26136381        69.02737       827.41260            5.90        08:50:16        4.20e-02        2.00e+00
       26137447        69.02845       828.41264            5.90        08:50:03        4.20e-02        2.00e+00
       26138493        69.02884       829.41277            5.90        08:49:49        4.20e-02        2.00e+00
       26139512        69.02860       830.41285            5.90        08:49:35        4.20e-02        2.00e+00
DEBUG @ t=26140000: current_coupling=0.042, last=0.042
       26140503        69.02874       831.41347            5.90        08:49:20        4.20e-02        2.00e+00
       26141514        69.02905       832.41388            5.90        08:49:05        4.20e-02        2.00e+00
       26142517        69.02964       833.41489            5.90        08:48:50        4.20e-02        2.00e+00
       26143520        69.03017       834.41547            5.90        08:48:34        4.20e-02        2.00e+00
       26144529        69.03050       835.41629            5.90        08:48:19        4.20e-02        2.00e+00
       26145492        69.03165       836.41654            5.90        08:48:02        4.20e-02        2.00e+00
       26146439        69.03227       837.41725            5.90        08:47:45        4.20e-02        2.00e+00
       26147421        69.03207       838.41789            5.90        08:47:29        4.20e-02        2.00e+00
       26148405        69.03193       839.41860            5.90        08:47:14        4.20e-02        2.00e+00
       26149420        69.03253       840.41899            5.90        08:46:59        4.20e-02        2.00e+00
DEBUG @ t=26150000: current_coupling=0.042, last=0.042
       26150428        69.03272       841.41985            5.90        08:46:44        4.20e-02        2.00e+00
       26151411        69.03282       842.42037            5.90        08:46:28        4.20e-02        2.00e+00
       26152344        69.03290       843.42085            5.90        08:46:11        4.20e-02        2.00e+00
       26153337        69.03305       844.42178            5.90        08:45:55        4.20e-02        2.00e+00
       26154355        69.03335       845.42179            5.90        08:45:41        4.20e-02        2.00e+00
       26155346        69.03301       846.42262            5.90        08:45:26        4.20e-02        2.00e+00
       26156210        69.03237       847.42294            5.90        08:45:06        4.20e-02        2.00e+00
       26157207        69.03206       848.42299            5.90        08:44:51        4.20e-02        2.00e+00
       26158269        69.03177       849.42378            5.90        08:44:38        4.20e-02        2.00e+00
       26159213        69.03166       850.42430            5.90        08:44:21        4.20e-02        2.00e+00
DEBUG @ t=26160000: current_coupling=0.042, last=0.042
       26160200        69.03263       851.42513            5.90        08:44:05        4.20e-02        2.00e+00
       26161250        69.03267       852.42528            5.90        08:43:52        4.20e-02        2.00e+00
       26162225        69.03249       853.42628            5.90        08:43:36        4.20e-02        2.00e+00
       26163173        69.03251       854.42648            5.90        08:43:19        4.20e-02        2.00e+00
       26164206        69.03379       855.42675            5.90        08:43:05        4.20e-02        2.00e+00
       26165233        69.03413       856.42763            5.90        08:42:51        4.20e-02        2.00e+00
       26166248        69.03441       857.42821            5.90        08:42:36        4.20e-02        2.00e+00
       26167212        69.03426       858.42839            5.90        08:42:20        4.20e-02        2.00e+00
       26168172        69.03425       859.42931            5.90        08:42:03        4.20e-02        2.00e+00
       26169200        69.03496       860.42991            5.90        08:41:49        4.20e-02        2.00e+00
DEBUG @ t=26170000: current_coupling=0.042, last=0.042
       26170152        69.03634       861.42993            5.90        08:41:32        4.20e-02        2.00e+00
       26171123        69.03641       862.43018            5.91        08:41:15        4.20e-02        2.00e+00
       26172110        69.03608       863.43023            5.91        08:41:00        4.20e-02        2.00e+00
       26173083        69.03588       864.43057            5.91        08:40:44        4.20e-02        2.00e+00
       26174127        69.03560       865.43104            5.91        08:40:31        4.20e-02        2.00e+00
       26175105        69.03523       866.43163            5.91        08:40:15        4.20e-02        2.00e+00
       26176102        69.03517       867.43218            5.91        08:40:00        4.20e-02        2.00e+00
       26177074        69.03546       868.43289            5.91        08:39:44        4.20e-02        2.00e+00
       26178071        69.03708       869.43377            5.91        08:39:28        4.20e-02        2.00e+00
       26179069        69.03703       870.43396            5.91        08:39:13        4.20e-02        2.00e+00
DEBUG @ t=26180000: current_coupling=0.042, last=0.042
       26180005        69.03675       871.43446            5.91        08:38:56        4.20e-02        2.00e+00
       26180934        69.03661       872.43531            5.91        08:38:39        4.20e-02        2.00e+00
       26181824        69.03619       873.43565            5.91        08:38:20        4.20e-02        2.00e+00
       26182701        69.03568       874.43570            5.91        08:38:01        4.20e-02        2.00e+00
       26183618        69.03570       875.43586            5.91        08:37:43        4.20e-02        2.00e+00
       26184541        69.03625       876.43648            5.91        08:37:25        4.20e-02        2.00e+00
       26185457        69.03689       877.43674            5.91        08:37:07        4.20e-02        2.00e+00
       26186392        69.03661       878.43692            5.91        08:36:50        4.20e-02        2.00e+00
       26187302        69.03641       879.43698            5.91        08:36:32        4.20e-02        2.00e+00
       26188312        69.03615       880.43751            5.91        08:36:17        4.20e-02        2.00e+00
       26189269        69.03605       881.43762            5.91        08:36:01        4.20e-02        2.00e+00
DEBUG @ t=26190000: current_coupling=0.042, last=0.042
       26190210        69.03622       882.43828            5.91        08:35:44        4.20e-02        2.00e+00
       26191121        69.03623       883.43872            5.91        08:35:26        4.20e-02        2.00e+00
       26192096        69.03613       884.43885            5.91        08:35:10        4.20e-02        2.00e+00
       26193063        69.03708       885.43950            5.91        08:34:53        4.20e-02        2.00e+00
       26194032        69.03709       886.44023            5.91        08:34:37        4.20e-02        2.00e+00
       26195103        69.03747       887.44097            5.91        08:34:25        4.20e-02        2.00e+00
       26196168        69.03819       888.44150            5.91        08:34:12        4.20e-02        2.00e+00
       26197124        69.03800       889.44222            5.91        08:33:55        4.20e-02        2.00e+00
       26198235        69.03894       890.44292            5.91        08:33:44        4.20e-02        2.00e+00
       26199179        69.03867       891.44339            5.91        08:33:27        4.20e-02        2.00e+00
DEBUG @ t=26200000: current_coupling=0.042, last=0.042
[HDF5 Writer DEBUG] timestep=26200000, current_time_ps=892.328, last_output_time=892.3270053071604, write_count=85185
       26200107        69.03816       892.44339            5.91        08:33:10        4.20e-02        2.00e+00
       26201028        69.03813       893.44438            5.91        08:32:52        4.20e-02        2.00e+00
       26201940        69.03898       894.44490            5.92        08:32:34        4.20e-02        2.00e+00
       26202816        69.03954       895.44508            5.92        08:32:15        4.20e-02        2.00e+00
       26203883        69.03973       896.44529            5.92        08:32:02        4.20e-02        2.00e+00
       26204813        69.04011       897.44561            5.92        08:31:44        4.20e-02        2.00e+00
       26205870        69.04112       898.44575            5.92        08:31:31        4.20e-02        2.00e+00
       26206928        69.04099       899.44598            5.92        08:31:18        4.20e-02        2.00e+00
       26208032        69.04216       900.44617            5.92        08:31:06        4.20e-02        2.00e+00
       26208915        69.04225       901.44726            5.92        08:30:47        4.20e-02        2.00e+00
       26209864        69.04261       902.44766            5.92        08:30:31        4.20e-02        2.00e+00
DEBUG @ t=26210000: current_coupling=0.042, last=0.042
       26210798        69.04343       903.44844            5.92        08:30:13        4.20e-02        2.00e+00
       26211735        69.04380       904.44901            5.92        08:29:56        4.20e-02        2.00e+00
       26212700        69.04361       905.44911            5.92        08:29:40        4.20e-02        2.00e+00
       26213627        69.04344       906.44968            5.92        08:29:23        4.20e-02        2.00e+00
       26214520        69.04296       907.45026            5.92        08:29:04        4.20e-02        2.00e+00
       26215399        69.04254       908.45107            5.92        08:28:46        4.20e-02        2.00e+00
       26216249        69.04219       909.45210            5.92        08:28:26        4.20e-02        2.00e+00
       26217116        69.04197       910.45248            5.92        08:28:07        4.20e-02        2.00e+00
       26218031        69.04226       911.45327            5.92        08:27:49        4.20e-02        2.00e+00
       26218888        69.04190       912.45375            5.92        08:27:30        4.20e-02        2.00e+00
       26219878        69.04158       913.45384            5.92        08:27:14        4.20e-02        2.00e+00
DEBUG @ t=26220000: current_coupling=0.042, last=0.042
       26220909        69.04166       914.45402            5.92        08:27:01        4.20e-02        2.00e+00
       26221945        69.04162       915.45452            5.92        08:26:47        4.20e-02        2.00e+00
       26222968        69.04136       916.45550            5.92        08:26:33        4.20e-02        2.00e+00
       26223980        69.04182       917.45559            5.92        08:26:18        4.20e-02        2.00e+00
       26225012        69.04256       918.45570            5.92        08:26:04        4.20e-02        2.00e+00
       26226009        69.04258       919.45576            5.92        08:25:49        4.20e-02        2.00e+00
       26226953        69.04313       920.45663            5.92        08:25:32        4.20e-02        2.00e+00
       26227960        69.04412       921.45677            5.92        08:25:17        4.20e-02        2.00e+00
       26228903        69.04426       922.45729            5.92        08:25:01        4.20e-02        2.00e+00
       26229982        69.04394       923.45746            5.92        08:24:49        4.20e-02        2.00e+00
DEBUG @ t=26230000: current_coupling=0.042, last=0.042
       26230964        69.04361       924.45821            5.92        08:24:33        4.20e-02        2.00e+00
       26231887        69.04464       925.45832            5.92        08:24:15        4.20e-02        2.00e+00
       26232894        69.04453       926.45845            5.92        08:24:01        4.20e-02        2.00e+00
       26233951        69.04480       927.45919            5.92        08:23:48        4.20e-02        2.00e+00
       26234933        69.04505       928.45956            5.92        08:23:32        4.20e-02        2.00e+00
       26235875        69.04618       929.45973            5.92        08:23:15        4.20e-02        2.00e+00
       26236821        69.04634       930.46018            5.92        08:22:58        4.20e-02        2.00e+00
       26237836        69.04656       931.46086            5.92        08:22:44        4.20e-02        2.00e+00
       26238861        69.04638       932.46173            5.92        08:22:30        4.20e-02        2.00e+00
       26239782        69.04624       933.46192            5.93        08:22:13        4.20e-02        2.00e+00
DEBUG @ t=26240000: current_coupling=0.042, last=0.042
       26240766        69.04633       934.46219            5.93        08:21:57        4.20e-02        2.00e+00
       26241686        69.04647       935.46289            5.93        08:21:40        4.20e-02        2.00e+00
       26242589        69.04611       936.46316            5.93        08:21:22        4.20e-02        2.00e+00
       26243651        69.04611       937.46325            5.93        08:21:09        4.20e-02        2.00e+00
       26244773        69.04623       938.46386            5.93        08:20:58        4.20e-02        2.00e+00
       26245745        69.04612       939.46395            5.93        08:20:43        4.20e-02        2.00e+00
       26246728        69.04597       940.46406            5.93        08:20:27        4.20e-02        2.00e+00
       26247656        69.04601       941.46446            5.93        08:20:10        4.20e-02        2.00e+00
       26248579        69.04579       942.46455            5.93        08:19:53        4.20e-02        2.00e+00
       26249547        69.04637       943.46495            5.93        08:19:37        4.20e-02        2.00e+00
DEBUG @ t=26250000: current_coupling=0.042, last=0.042
       26250536        69.04788       944.46574            5.93        08:19:21        4.20e-02        2.00e+00
       26251539        69.04933       945.46582            5.93        08:19:06        4.20e-02        2.00e+00
       26252566        69.04981       946.46609            5.93        08:18:52        4.20e-02        2.00e+00
       26253654        69.05062       947.46678            5.93        08:18:39        4.20e-02        2.00e+00
       26254807        69.05029       948.46715            5.93        08:18:30        4.20e-02        2.00e+00
       26255962        69.05161       949.46791            5.93        08:18:19        4.20e-02        2.00e+00
       26256967        69.05228       950.46880            5.93        08:18:04        4.20e-02        2.00e+00
       26257864        69.05242       951.46984            5.93        08:17:46        4.20e-02        2.00e+00
       26258766        69.05253       952.47044            5.93        08:17:28        4.20e-02        2.00e+00
       26259660        69.05265       953.47056            5.93        08:17:10        4.20e-02        2.00e+00
DEBUG @ t=26260000: current_coupling=0.042, last=0.042
       26260617        69.05327       954.47072            5.93        08:16:54        4.20e-02        2.00e+00
       26261610        69.05327       955.47119            5.93        08:16:39        4.20e-02        2.00e+00
       26262654        69.05375       956.47160            5.93        08:16:25        4.20e-02        2.00e+00
       26263791        69.05424       957.47167            5.93        08:16:14        4.20e-02        2.00e+00
       26264910        69.05613       958.47256            5.93        08:16:02        4.20e-02        2.00e+00
       26265919        69.05661       959.47260            5.93        08:15:47        4.20e-02        2.00e+00
       26266928        69.05644       960.47270            5.93        08:15:33        4.20e-02        2.00e+00
       26268114        69.05630       961.47311            5.93        08:15:24        4.20e-02        2.00e+00
       26268999        69.05621       962.47326            5.93        08:15:06        4.20e-02        2.00e+00
DEBUG @ t=26270000: current_coupling=0.042, last=0.042
       26270010        69.05550       963.47366            5.93        08:14:52        4.20e-02        2.00e+00
       26271100        69.05565       964.47414            5.93        08:14:39        4.20e-02        2.00e+00
       26272220        69.05556       965.47450            5.92        08:14:28        4.20e-02        2.00e+00
       26273254        69.05640       966.47523            5.92        08:14:14        4.20e-02        2.00e+00
       26274257        69.05646       967.47564            5.92        08:13:59        4.20e-02        2.00e+00
       26275349        69.05769       968.47593            5.92        08:13:47        4.20e-02        2.00e+00
       26276423        69.05828       969.47654            5.92        08:13:34        4.20e-02        2.00e+00
       26277453        69.05930       970.47735            5.92        08:13:20        4.20e-02        2.00e+00
       26278437        69.05934       971.47738            5.92        08:13:04        4.20e-02        2.00e+00
       26279421        69.05921       972.47741            5.92        08:12:49        4.20e-02        2.00e+00
DEBUG @ t=26280000: current_coupling=0.042, last=0.042
       26280407        69.06010       973.47811            5.92        08:12:33        4.20e-02        2.00e+00
       26281402        69.06182       974.47842            5.92        08:12:18        4.20e-02        2.00e+00
       26282407        69.06233       975.47854            5.92        08:12:03        4.20e-02        2.00e+00
       26283410        69.06193       976.47907            5.92        08:11:48        4.20e-02        2.00e+00
       26284487        69.06223       977.47938            5.92        08:11:36        4.20e-02        2.00e+00
       26285640        69.06344       978.47954            5.92        08:11:25        4.20e-02        2.00e+00
       26286718        69.06376       979.48019            5.92        08:11:12        4.20e-02        2.00e+00
       26287753        69.06408       980.48068            5.92        08:10:58        4.20e-02        2.00e+00
       26288862        69.06482       981.48129            5.92        08:10:47        4.20e-02        2.00e+00
       26289951        69.06547       982.48185            5.92        08:10:34        4.20e-02        2.00e+00
DEBUG @ t=26290000: current_coupling=0.042, last=0.042
       26290942        69.06651       983.48222            5.92        08:10:18        4.20e-02        2.00e+00
       26291946        69.06730       984.48259            5.92        08:10:03        4.20e-02        2.00e+00
       26292929        69.06769       985.48280            5.92        08:09:48        4.20e-02        2.00e+00
       26294061        69.06873       986.48345            5.92        08:09:37        4.20e-02        2.00e+00
       26295056        69.06899       987.48426            5.92        08:09:21        4.20e-02        2.00e+00
       26296123        69.07240       988.48434            5.92        08:09:07        4.20e-02        2.00e+00
       26297190        69.07412       989.48500            5.92        08:08:54        4.20e-02        2.00e+00
       26298197        69.07417       990.48561            5.92        08:08:39        4.20e-02        2.00e+00
       26299144        69.07397       991.48614            5.92        08:08:23        4.20e-02        2.00e+00
DEBUG @ t=26300000: current_coupling=0.042, last=0.042
[HDF5 Writer DEBUG] timestep=26300000, current_time_ps=992.343, last_output_time=992.3405914783127, write_count=94729
       26300146        69.07398       992.48643            5.92        08:08:08        4.20e-02        2.00e+00
       26301207        69.07420       993.48724            5.92        08:07:55        4.20e-02        2.00e+00
       26302256        69.07451       994.48829            5.92        08:07:41        4.20e-02        2.00e+00
       26303171        69.07500       995.48834            5.92        08:07:24        4.20e-02        2.00e+00
       26304130        69.07672       996.48862            5.92        08:07:07        4.20e-02        2.00e+00
       26304992        69.07685       997.48887            5.92        08:06:48        4.20e-02        2.00e+00
       26305922        69.07637       998.48946            5.92        08:06:31        4.20e-02        2.00e+00
       26306866        69.07631       999.49005            5.92        08:06:15        4.20e-02        2.00e+00
Added F(k,t) reference 5 at t = 1000.004 ps
       26307810        69.07708      1000.49024            5.92        08:05:58        4.20e-02        2.00e+00
       26308795        69.07862      1001.49034            5.93        08:05:42        4.20e-02        2.00e+00
       26309850        69.07828      1002.49051            5.92        08:05:29        4.20e-02        2.00e+00
DEBUG @ t=26310000: current_coupling=0.042, last=0.042
       26310880        69.07828      1003.49114            5.92        08:05:15        4.20e-02        2.00e+00
       26311933        69.07842      1004.49164            5.92        08:05:02        4.20e-02        2.00e+00
       26313018        69.07813      1005.49179            5.92        08:04:50        4.20e-02        2.00e+00
       26314066        69.07788      1006.49259            5.92        08:04:36        4.20e-02        2.00e+00
       26315176        69.07789      1007.49348            5.92        08:04:25        4.20e-02        2.00e+00
       26316200        69.07758      1008.49405            5.92        08:04:11        4.20e-02        2.00e+00
       26317163        69.07706      1009.49496            5.92        08:03:55        4.20e-02        2.00e+00
       26318098        69.07659      1010.49499            5.92        08:03:38        4.20e-02        2.00e+00
       26319158        69.07681      1011.49527            5.92        08:03:25        4.20e-02        2.00e+00
DEBUG @ t=26320000: current_coupling=0.042, last=0.042
       26320123        69.07673      1012.49604            5.92        08:03:09        4.20e-02        2.00e+00
       26321165        69.07726      1013.49634            5.92        08:02:56        4.20e-02        2.00e+00
       26322207        69.07724      1014.49703            5.92        08:02:42        4.20e-02        2.00e+00
       26323161        69.07763      1015.49730            5.92        08:02:26        4.20e-02        2.00e+00
       26324219        69.07917      1016.49786            5.92        08:02:12        4.20e-02        2.00e+00
       26325265        69.08014      1017.49888            5.92        08:01:58        4.20e-02        2.00e+00
       26326195        69.08012      1018.49950            5.92        08:01:41        4.20e-02        2.00e+00
       26327189        69.08005      1019.49987            5.92        08:01:26        4.20e-02        2.00e+00
       26328208        69.08149      1020.50025            5.92        08:01:11        4.20e-02        2.00e+00
       26329163        69.08252      1021.50130            5.92        08:00:55        4.20e-02        2.00e+00
DEBUG @ t=26330000: current_coupling=0.042, last=0.042
       26330084        69.08242      1022.50216            5.92        08:00:38        4.20e-02        2.00e+00
       26330999        69.08282      1023.50283            5.93        08:00:20        4.20e-02        2.00e+00
       26331873        69.08246      1024.50329            5.93        08:00:02        4.20e-02        2.00e+00
       26332907        69.08200      1025.50383            5.93        07:59:48        4.20e-02        2.00e+00
       26333830        69.08150      1026.50445            5.93        07:59:32        4.20e-02        2.00e+00
       26334844        69.08242      1027.50490            5.93        07:59:17        4.20e-02        2.00e+00
       26335894        69.08372      1028.50531            5.93        07:59:03        4.20e-02        2.00e+00
       26336990        69.08501      1029.50607            5.93        07:58:50        4.20e-02        2.00e+00
       26338021        69.08498      1030.50607            5.93        07:58:36        4.20e-02        2.00e+00
       26338899        69.08499      1031.50661            5.93        07:58:18        4.20e-02        2.00e+00
       26339874        69.08526      1032.50724            5.93        07:58:03        4.20e-02        2.00e+00
DEBUG @ t=26340000: current_coupling=0.042, last=0.042
       26340950        69.08594      1033.50742            5.93        07:57:50        4.20e-02        2.00e+00
       26341878        69.08565      1034.50851            5.93        07:57:33        4.20e-02        2.00e+00
       26342823        69.08509      1035.50914            5.93        07:57:17        4.20e-02        2.00e+00
       26343865        69.08476      1036.50920            5.93        07:57:03        4.20e-02        2.00e+00
       26344871        69.08564      1037.50960            5.93        07:56:48        4.20e-02        2.00e+00
       26345788        69.08689      1038.51026            5.93        07:56:31        4.20e-02        2.00e+00
       26346894        69.08729      1039.51063            5.93        07:56:19        4.20e-02        2.00e+00
       26348056        69.08745      1040.51121            5.93        07:56:08        4.20e-02        2.00e+00
       26349211        69.08830      1041.51171            5.93        07:55:57        4.20e-02        2.00e+00
DEBUG @ t=26350000: current_coupling=0.042, last=0.042
       26350218        69.09001      1042.51219            5.93        07:55:42        4.20e-02        2.00e+00
       26351387        69.09108      1043.51298            5.92        07:55:31        4.20e-02        2.00e+00
       26352429        69.09068      1044.51344            5.92        07:55:18        4.20e-02        2.00e+00
       26353428        69.09048      1045.51401            5.92        07:55:03        4.20e-02        2.00e+00
       26354505        69.09061      1046.51492            5.92        07:54:50        4.20e-02        2.00e+00
       26355525        69.09032      1047.51574            5.92        07:54:36        4.20e-02        2.00e+00
       26356574        69.09009      1048.51624            5.92        07:54:23        4.20e-02        2.00e+00
       26357705        69.08981      1049.51644            5.92        07:54:12        4.20e-02        2.00e+00
       26358802        69.08957      1050.51645            5.92        07:54:00        4.20e-02        2.00e+00
       26359874        69.08950      1051.51664            5.92        07:53:47        4.20e-02        2.00e+00
DEBUG @ t=26360000: current_coupling=0.042, last=0.042
       26360995        69.08948      1052.51732            5.92        07:53:35        4.20e-02        2.00e+00
       26362163        69.08983      1053.51815            5.92        07:53:25        4.20e-02        2.00e+00
       26363252        69.08979      1054.51857            5.92        07:53:12        4.20e-02        2.00e+00
       26364355        69.08980      1055.51916            5.92        07:53:00        4.20e-02        2.00e+00
       26365481        69.09008      1056.51979            5.92        07:52:48        4.20e-02        2.00e+00
       26366631        69.08988      1057.51994            5.92        07:52:38        4.20e-02        2.00e+00
       26367727        69.09074      1058.52034            5.92        07:52:25        4.20e-02        2.00e+00
       26368815        69.09071      1059.52091            5.92        07:52:13        4.20e-02        2.00e+00
       26369955        69.09120      1060.52121            5.92        07:52:01        4.20e-02        2.00e+00
DEBUG @ t=26370000: current_coupling=0.042, last=0.042
       26370983        69.09106      1061.52180            5.92        07:51:47        4.20e-02        2.00e+00
       26371970        69.09078      1062.52277            5.92        07:51:32        4.20e-02        2.00e+00
       26373091        69.09115      1063.52338            5.92        07:51:20        4.20e-02        2.00e+00
       26374066        69.09223      1064.52429            5.92        07:51:04        4.20e-02        2.00e+00
       26375111        69.09296      1065.52441            5.92        07:50:50        4.20e-02        2.00e+00
       26376125        69.09351      1066.52512            5.92        07:50:36        4.20e-02        2.00e+00
       26377128        69.09479      1067.52534            5.92        07:50:20        4.20e-02        2.00e+00
       26378162        69.09607      1068.52624            5.92        07:50:06        4.20e-02        2.00e+00
       26379146        69.09614      1069.52696            5.92        07:49:50        4.20e-02        2.00e+00
DEBUG @ t=26380000: current_coupling=0.042, last=0.042
       26380193        69.09580      1070.52763            5.92        07:49:37        4.20e-02        2.00e+00
       26381252        69.09592      1071.52767            5.92        07:49:24        4.20e-02        2.00e+00
       26382220        69.09550      1072.52787            5.92        07:49:08        4.20e-02        2.00e+00
       26383193        69.09557      1073.52817            5.92        07:48:52        4.20e-02        2.00e+00
       26384250        69.09629      1074.52827            5.92        07:48:39        4.20e-02        2.00e+00
       26385236        69.09639      1075.52855            5.92        07:48:24        4.20e-02        2.00e+00
       26386276        69.09641      1076.52956            5.92        07:48:10        4.20e-02        2.00e+00
       26387277        69.09663      1077.53040            5.92        07:47:55        4.20e-02        2.00e+00
       26388368        69.09791      1078.53101            5.92        07:47:42        4.20e-02        2.00e+00
       26389409        69.09785      1079.53129            5.92        07:47:28        4.20e-02        2.00e+00
DEBUG @ t=26390000: current_coupling=0.042, last=0.042
       26390390        69.09812      1080.53135            5.92        07:47:13        4.20e-02        2.00e+00
       26391382        69.09801      1081.53212            5.92        07:46:57        4.20e-02        2.00e+00
       26392423        69.09774      1082.53247            5.92        07:46:44        4.20e-02        2.00e+00
       26393507        69.09744      1083.53321            5.92        07:46:31        4.20e-02        2.00e+00
       26394553        69.09707      1084.53361            5.92        07:46:18        4.20e-02        2.00e+00
       26395550        69.09793      1085.53423            5.92        07:46:02        4.20e-02        2.00e+00
       26396485        69.09774      1086.53463            5.92        07:45:46        4.20e-02        2.00e+00
       26397455        69.09745      1087.53472            5.92        07:45:30        4.20e-02        2.00e+00
       26398526        69.09772      1088.53548            5.92        07:45:17        4.20e-02        2.00e+00
       26399559        69.09741      1089.53603            5.92        07:45:03        4.20e-02        2.00e+00
DEBUG @ t=26400000: current_coupling=0.042, last=0.042
[HDF5 Writer DEBUG] timestep=26400000, current_time_ps=1089.989, last_output_time=1089.986507164418, write_count=104087
       26400555        69.09802      1090.53627            5.92        07:44:48        4.20e-02        2.00e+00
       26401561        69.09796      1091.53670            5.92        07:44:33        4.20e-02        2.00e+00
       26402554        69.09791      1092.53678            5.92        07:44:18        4.20e-02        2.00e+00
       26403577        69.09876      1093.53717            5.92        07:44:04        4.20e-02        2.00e+00
       26404609        69.09916      1094.53801            5.92        07:43:50        4.20e-02        2.00e+00
       26405601        69.09922      1095.53846            5.92        07:43:35        4.20e-02        2.00e+00
       26406649        69.09909      1096.53871            5.92        07:43:21        4.20e-02        2.00e+00
       26407764        69.09890      1097.53951            5.91        07:43:09        4.20e-02        2.00e+00
       26408820        69.09852      1098.53994            5.91        07:42:56        4.20e-02        2.00e+00
       26409753        69.09811      1099.54063            5.91        07:42:39        4.20e-02        2.00e+00
DEBUG @ t=26410000: current_coupling=0.042, last=0.042
       26410678        69.09782      1100.54127            5.92        07:42:23        4.20e-02        2.00e+00
       26411591        69.09771      1101.54163            5.92        07:42:06        4.20e-02        2.00e+00
       26412486        69.09761      1102.54227            5.92        07:41:48        4.20e-02        2.00e+00
       26413429        69.09747      1103.54230            5.92        07:41:32        4.20e-02        2.00e+00
       26414457        69.09780      1104.54233            5.92        07:41:18        4.20e-02        2.00e+00
       26415468        69.09811      1105.54248            5.92        07:41:03        4.20e-02        2.00e+00
       26416416        69.09783      1106.54322            5.92        07:40:47        4.20e-02        2.00e+00
       26417330        69.09757      1107.54385            5.92        07:40:30        4.20e-02        2.00e+00
       26418253        69.09752      1108.54470            5.92        07:40:14        4.20e-02        2.00e+00
       26419155        69.09835      1109.54478            5.92        07:39:56        4.20e-02        2.00e+00
DEBUG @ t=26420000: current_coupling=0.042, last=0.042
       26420224        69.10020      1110.54571            5.92        07:39:42        4.20e-02        2.00e+00
       26421236        69.10066      1111.54585            5.92        07:39:27        4.20e-02        2.00e+00
       26422253        69.10070      1112.54657            5.92        07:39:13        4.20e-02        2.00e+00
       26423259        69.10127      1113.54705            5.92        07:38:58        4.20e-02        2.00e+00
       26424310        69.10217      1114.54712            5.92        07:38:44        4.20e-02        2.00e+00
       26425292        69.10269      1115.54719            5.92        07:38:29        4.20e-02        2.00e+00
       26426135        69.10248      1116.54808            5.92        07:38:10        4.20e-02        2.00e+00
       26427069        69.10249      1117.54811            5.92        07:37:54        4.20e-02        2.00e+00
       26427978        69.10219      1118.54835            5.92        07:37:37        4.20e-02        2.00e+00
       26428956        69.10190      1119.54912            5.92        07:37:22        4.20e-02        2.00e+00
       26429973        69.10168      1120.54952            5.92        07:37:07        4.20e-02        2.00e+00
DEBUG @ t=26430000: current_coupling=0.042, last=0.042
       26430942        69.10183      1121.54962            5.92        07:36:52        4.20e-02        2.00e+00
       26431970        69.10272      1122.55056            5.92        07:36:37        4.20e-02        2.00e+00
       26432991        69.10298      1123.55106            5.92        07:36:23        4.20e-02        2.00e+00
       26434005        69.10274      1124.55203            5.92        07:36:08        4.20e-02        2.00e+00
       26435003        69.10346      1125.55214            5.92        07:35:53        4.20e-02        2.00e+00
       26435998        69.10494      1126.55235            5.92        07:35:38        4.20e-02        2.00e+00
       26437037        69.10524      1127.55301            5.92        07:35:24        4.20e-02        2.00e+00
       26438151        69.10672      1128.55355            5.92        07:35:11        4.20e-02        2.00e+00
       26439197        69.10722      1129.55442            5.92        07:34:57        4.20e-02        2.00e+00
DEBUG @ t=26440000: current_coupling=0.042, last=0.042
       26440265        69.10698      1130.55533            5.92        07:34:44        4.20e-02        2.00e+00
       26441212        69.10669      1131.55538            5.92        07:34:28        4.20e-02        2.00e+00
       26442164        69.10664      1132.55603            5.92        07:34:12        4.20e-02        2.00e+00
       26443158        69.10684      1133.55651            5.92        07:33:57        4.20e-02        2.00e+00
       26444195        69.10702      1134.55664            5.92        07:33:43        4.20e-02        2.00e+00
       26445108        69.10665      1135.55683            5.92        07:33:26        4.20e-02        2.00e+00
       26446116        69.10659      1136.55712            5.92        07:33:12        4.20e-02        2.00e+00
       26447039        69.10666      1137.55767            5.92        07:32:55        4.20e-02        2.00e+00
       26448067        69.10705      1138.55829            5.92        07:32:41        4.20e-02        2.00e+00
       26449126        69.10813      1139.55871            5.92        07:32:27        4.20e-02        2.00e+00
DEBUG @ t=26450000: current_coupling=0.042, last=0.042
       26450212        69.10894      1140.55955            5.92        07:32:14        4.20e-02        2.00e+00
       26451122        69.10888      1141.56000            5.92        07:31:57        4.20e-02        2.00e+00
       26452196        69.10956      1142.56043            5.92        07:31:44        4.20e-02        2.00e+00
       26453295        69.10964      1143.56108            5.92        07:31:31        4.20e-02        2.00e+00
       26454429        69.11123      1144.56110            5.92        07:31:19        4.20e-02        2.00e+00
       26455454        69.11140      1145.56165            5.92        07:31:04        4.20e-02        2.00e+00
       26456480        69.11125      1146.56223            5.92        07:30:50        4.20e-02        2.00e+00
       26457534        69.11122      1147.56279            5.92        07:30:37        4.20e-02        2.00e+00
       26458674        69.11168      1148.56337            5.92        07:30:25        4.20e-02        2.00e+00
       26459761        69.11223      1149.56370            5.92        07:30:12        4.20e-02        2.00e+00
DEBUG @ t=26460000: current_coupling=0.042, last=0.042
       26460797        69.11294      1150.56388            5.92        07:29:58        4.20e-02        2.00e+00
       26461854        69.11298      1151.56461            5.92        07:29:44        4.20e-02        2.00e+00
       26462851        69.11288      1152.56493            5.92        07:29:29        4.20e-02        2.00e+00
       26463922        69.11340      1153.56496            5.92        07:29:16        4.20e-02        2.00e+00
       26465041        69.11371      1154.56515            5.92        07:29:04        4.20e-02        2.00e+00
       26466034        69.11394      1155.56586            5.92        07:28:49        4.20e-02        2.00e+00
       26467125        69.11396      1156.56681            5.92        07:28:36        4.20e-02        2.00e+00
       26468101        69.11439      1157.56692            5.92        07:28:20        4.20e-02        2.00e+00
       26469120        69.11566      1158.56715            5.92        07:28:06        4.20e-02        2.00e+00
DEBUG @ t=26470000: current_coupling=0.042, last=0.042
       26470190        69.11671      1159.56777            5.92        07:27:52        4.20e-02        2.00e+00
       26471200        69.11813      1160.56830            5.92        07:27:37        4.20e-02        2.00e+00
       26472198        69.11889      1161.56900            5.92        07:27:22        4.20e-02        2.00e+00
       26473276        69.11877      1162.56975            5.92        07:27:09        4.20e-02        2.00e+00
       26474343        69.11849      1163.56987            5.92        07:26:55        4.20e-02        2.00e+00
       26475362        69.11825      1164.57006            5.92        07:26:41        4.20e-02        2.00e+00
       26476480        69.11824      1165.57102            5.92        07:26:29        4.20e-02        2.00e+00
       26477492        69.11809      1166.57116            5.92        07:26:14        4.20e-02        2.00e+00
       26478508        69.11804      1167.57181            5.92        07:26:00        4.20e-02        2.00e+00
       26479630        69.11891      1168.57202            5.92        07:25:48        4.20e-02        2.00e+00
DEBUG @ t=26480000: current_coupling=0.042, last=0.042
       26480719        69.11970      1169.57254            5.92        07:25:34        4.20e-02        2.00e+00
       26481883        69.12149      1170.57308            5.91        07:25:23        4.20e-02        2.00e+00
       26483128        69.12316      1171.57353            5.91        07:25:13        4.20e-02        2.00e+00
       26484295        69.12390      1172.57428            5.91        07:25:01        4.20e-02        2.00e+00
       26485243        69.12448      1173.57480            5.91        07:24:45        4.20e-02        2.00e+00
       26486272        69.12551      1174.57515            5.91        07:24:30        4.20e-02        2.00e+00
       26487485        69.12592      1175.57582            5.91        07:24:20        4.20e-02        2.00e+00
       26488594        69.12601      1176.57643            5.91        07:24:08        4.20e-02        2.00e+00
       26489683        69.12598      1177.57687            5.91        07:23:55        4.20e-02        2.00e+00
DEBUG @ t=26490000: current_coupling=0.042, last=0.042
       26490784        69.12632      1178.57688            5.91        07:23:42        4.20e-02        2.00e+00
       26491706        69.12610      1179.57738            5.91        07:23:26        4.20e-02        2.00e+00
       26492781        69.12625      1180.57782            5.91        07:23:12        4.20e-02        2.00e+00
       26493985        69.12605      1181.57850            5.91        07:23:02        4.20e-02        2.00e+00
       26495156        69.12610      1182.57921            5.91        07:22:51        4.20e-02        2.00e+00
       26496274        69.12603      1183.57987            5.91        07:22:39        4.20e-02        2.00e+00
       26497324        69.12595      1184.57993            5.91        07:22:25        4.20e-02        2.00e+00
       26498350        69.12602      1185.58025            5.91        07:22:11        4.20e-02        2.00e+00
       26499441        69.12592      1186.58063            5.91        07:21:58        4.20e-02        2.00e+00
DEBUG @ t=26500000: current_coupling=0.042, last=0.042
[HDF5 Writer DEBUG] timestep=26500000, current_time_ps=1187.110, last_output_time=1187.1029204505244, write_count=113315
       26500507        69.12633      1187.58105            5.91        07:21:44        4.20e-02        2.00e+00
       26501601        69.12646      1188.58106            5.91        07:21:32        4.20e-02        2.00e+00
       26502747        69.12696      1189.58149            5.91        07:21:20        4.20e-02        2.00e+00
       26503828        69.12831      1190.58177            5.91        07:21:06        4.20e-02        2.00e+00
       26505026        69.12859      1191.58222            5.91        07:20:55        4.20e-02        2.00e+00
       26505961        69.12846      1192.58331            5.91        07:20:39        4.20e-02        2.00e+00
       26507156        69.12927      1193.58334            5.91        07:20:28        4.20e-02        2.00e+00
       26508101        69.12903      1194.58414            5.91        07:20:12        4.20e-02        2.00e+00
       26509302        69.13060      1195.58443            5.91        07:20:01        4.20e-02        2.00e+00
DEBUG @ t=26510000: current_coupling=0.042, last=0.042
       26510353        69.13166      1196.58505            5.90        07:19:47        4.20e-02        2.00e+00
       26511441        69.13241      1197.58532            5.90        07:19:34        4.20e-02        2.00e+00
       26512589        69.13414      1198.58563            5.90        07:19:21        4.20e-02        2.00e+00
       26513563        69.13474      1199.58581            5.90        07:19:06        4.20e-02        2.00e+00
Added F(k,t) reference 6 at t = 1200.004 ps
       26514467        69.13469      1200.58582            5.90        07:18:49        4.20e-02        2.00e+00
       26515381        69.13431      1201.58611            5.91        07:18:32        4.20e-02        2.00e+00
       26516443        69.13425      1202.58680            5.91        07:18:19        4.20e-02        2.00e+00
       26517590        69.13414      1203.58723            5.90        07:18:07        4.20e-02        2.00e+00
       26518642        69.13489      1204.58794            5.90        07:17:53        4.20e-02        2.00e+00
       26519647        69.13496      1205.58813            5.90        07:17:38        4.20e-02        2.00e+00
DEBUG @ t=26520000: current_coupling=0.042, last=0.042
       26520610        69.13533      1206.58859            5.90        07:17:22        4.20e-02        2.00e+00
       26521576        69.13561      1207.58887            5.90        07:17:06        4.20e-02        2.00e+00
       26522619        69.13580      1208.58953            5.90        07:16:52        4.20e-02        2.00e+00
       26523853        69.13617      1209.59020            5.90        07:16:42        4.20e-02        2.00e+00
       26524859        69.13655      1210.59045            5.90        07:16:27        4.20e-02        2.00e+00
       26525901        69.13786      1211.59089            5.90        07:16:13        4.20e-02        2.00e+00
       26526881        69.13861      1212.59172            5.90        07:15:57        4.20e-02        2.00e+00
       26528100        69.13935      1213.59213            5.90        07:15:47        4.20e-02        2.00e+00
       26529316        69.13965      1214.59222            5.90        07:15:36        4.20e-02        2.00e+00
DEBUG @ t=26530000: current_coupling=0.042, last=0.042
       26530353        69.14184      1215.59254            5.90        07:15:21        4.20e-02        2.00e+00
       26531603        69.14411      1216.59258            5.90        07:15:11        4.20e-02        2.00e+00
       26532836        69.14462      1217.59264            5.90        07:15:01        4.20e-02        2.00e+00
       26533950        69.14498      1218.59297            5.90        07:14:48        4.20e-02        2.00e+00
       26534925        69.14497      1219.59320            5.90        07:14:33        4.20e-02        2.00e+00
       26536054        69.14571      1220.59361            5.90        07:14:20        4.20e-02        2.00e+00
       26537244        69.14648      1221.59409            5.90        07:14:09        4.20e-02        2.00e+00
       26538192        69.14642      1222.59488            5.90        07:13:53        4.20e-02        2.00e+00
       26539092        69.14666      1223.59546            5.90        07:13:36        4.20e-02        2.00e+00
DEBUG @ t=26540000: current_coupling=0.042, last=0.042
       26540147        69.14738      1224.59619            5.90        07:13:22        4.20e-02        2.00e+00
       26541092        69.14728      1225.59693            5.90        07:13:06        4.20e-02        2.00e+00
       26542132        69.14838      1226.59728            5.90        07:12:51        4.20e-02        2.00e+00
       26543181        69.14917      1227.59769            5.90        07:12:37        4.20e-02        2.00e+00
       26544260        69.14997      1228.59826            5.90        07:12:23        4.20e-02        2.00e+00
       26545258        69.15029      1229.59850            5.90        07:12:08        4.20e-02        2.00e+00
       26546353        69.15154      1230.59866            5.90        07:11:55        4.20e-02        2.00e+00
       26547459        69.15282      1231.59918            5.90        07:11:42        4.20e-02        2.00e+00
       26548498        69.15274      1232.59942            5.90        07:11:28        4.20e-02        2.00e+00
       26549669        69.15285      1233.60004            5.90        07:11:16        4.20e-02        2.00e+00
DEBUG @ t=26550000: current_coupling=0.042, last=0.042
       26550834        69.15325      1234.60084            5.90        07:11:05        4.20e-02        2.00e+00
       26552047        69.15360      1235.60098            5.90        07:10:54        4.20e-02        2.00e+00
       26553329        69.15515      1236.60164            5.90        07:10:44        4.20e-02        2.00e+00
       26554501        69.15636      1237.60200            5.89        07:10:32        4.20e-02        2.00e+00
       26555458        69.15604      1238.60292            5.89        07:10:17        4.20e-02        2.00e+00
       26556412        69.15571      1239.60330            5.89        07:10:01        4.20e-02        2.00e+00
       26557385        69.15573      1240.60416            5.90        07:09:45        4.20e-02        2.00e+00
       26558392        69.15545      1241.60497            5.90        07:09:31        4.20e-02        2.00e+00
       26559426        69.15516      1242.60566            5.90        07:09:16        4.20e-02        2.00e+00
DEBUG @ t=26560000: current_coupling=0.042, last=0.042
       26560394        69.15502      1243.60582            5.90        07:09:01        4.20e-02        2.00e+00
       26561399        69.15516      1244.60634            5.90        07:08:46        4.20e-02        2.00e+00
       26562408        69.15534      1245.60639            5.90        07:08:31        4.20e-02        2.00e+00
       26563623        69.15575      1246.60685            5.89        07:08:20        4.20e-02        2.00e+00
       26564807        69.15719      1247.60759            5.89        07:08:09        4.20e-02        2.00e+00
       26565876        69.15785      1248.60842            5.89        07:07:55        4.20e-02        2.00e+00
       26566991        69.15814      1249.60911            5.89        07:07:42        4.20e-02        2.00e+00
       26567992        69.15859      1250.60912            5.89        07:07:27        4.20e-02        2.00e+00
       26569138        69.15987      1251.60930            5.89        07:07:15        4.20e-02        2.00e+00
DEBUG @ t=26570000: current_coupling=0.042, last=0.042
       26570053        69.15985      1252.60944            5.89        07:06:58        4.20e-02        2.00e+00
       26571079        69.16006      1253.61028            5.89        07:06:43        4.20e-02        2.00e+00
       26572265        69.16093      1254.61096            5.89        07:06:32        4.20e-02        2.00e+00
       26573442        69.16133      1255.61182            5.89        07:06:20        4.20e-02        2.00e+00
       26574476        69.16111      1256.61248            5.89        07:06:06        4.20e-02        2.00e+00
       26575590        69.16123      1257.61281            5.89        07:05:53        4.20e-02        2.00e+00
       26576680        69.16200      1258.61309            5.89        07:05:40        4.20e-02        2.00e+00
       26577800        69.16425      1259.61311            5.89        07:05:26        4.20e-02        2.00e+00
       26578843        69.16570      1260.61357            5.89        07:05:12        4.20e-02        2.00e+00
DEBUG @ t=26580000: current_coupling=0.042, last=0.042
       26580005        69.16602      1261.61390            5.89        07:05:00        4.20e-02        2.00e+00
       26581202        69.16687      1262.61475            5.89        07:04:49        4.20e-02        2.00e+00
       26582225        69.16731      1263.61538            5.89        07:04:34        4.20e-02        2.00e+00
       26583439        69.16941      1264.61594            5.89        07:04:22        4.20e-02        2.00e+00
       26584510        69.17171      1265.61680            5.89        07:04:08        4.20e-02        2.00e+00
       26585464        69.17172      1266.61705            5.89        07:03:52        4.20e-02        2.00e+00
       26586534        69.17161      1267.61785            5.89        07:03:38        4.20e-02        2.00e+00
       26587613        69.17164      1268.61876            5.89        07:03:25        4.20e-02        2.00e+00
       26588629        69.17212      1269.61902            5.89        07:03:10        4.20e-02        2.00e+00
       26589630        69.17278      1270.61947            5.89        07:02:55        4.20e-02        2.00e+00
DEBUG @ t=26590000: current_coupling=0.042, last=0.042
       26590667        69.17323      1271.61967            5.89        07:02:41        4.20e-02        2.00e+00
       26591860        69.17414      1272.62009            5.89        07:02:29        4.20e-02        2.00e+00
       26592853        69.17500      1273.62105            5.89        07:02:14        4.20e-02        2.00e+00
2025-11-06 17:13:41 | ERROR | CRITICAL ERROR in simulation: Unable to synchronously flush file (file write failed: time = Thu Nov  6 17:13:41 2025
, filename = 'observables_replica_255.h5', file descriptor = 4, errno = 122, error message = 'Disk quota exceeded', buf = 0x555a1e46df10, total write size = 4657, bytes this sub-write = 4657, offset = 872413685)
2025-11-06 17:13:41 | ERROR | Full traceback:
2025-11-06 17:13:41 | ERROR | Traceback (most recent call last):
2025-11-06 17:13:41 | ERROR |   File "/scratch/mh7373/micromamba/envs/hoomd/lib/python3.12/site-packages/hoomd/cavitymd/simulation/core.py", line 4753, in run
2025-11-06 17:13:41 | ERROR |     self.run_simulation()
2025-11-06 17:13:41 | ERROR |   File "/scratch/mh7373/micromamba/envs/hoomd/lib/python3.12/site-packages/hoomd/cavitymd/simulation/core.py", line 4807, in run_simulation
2025-11-06 17:13:41 | ERROR |     self.sim.run(total_steps, write_at_start=True)
2025-11-06 17:13:41 | ERROR |   File "/scratch/mh7373/micromamba/envs/hoomd/lib/python3.12/site-packages/hoomd/simulation.py", line 561, in run
2025-11-06 17:13:41 | ERROR |     self._cpp_sys.run(steps_int, write_at_start)
2025-11-06 17:13:41 | ERROR |   File "/scratch/mh7373/micromamba/envs/hoomd/lib/python3.12/site-packages/hoomd/cavitymd/data.py", line 528, in act
2025-11-06 17:13:41 | ERROR |     self.file.flush()
2025-11-06 17:13:41 | ERROR |   File "/scratch/mh7373/micromamba/envs/hoomd/lib/python3.12/site-packages/h5py/_hl/files.py", line 639, in flush
2025-11-06 17:13:41 | ERROR |     h5f.flush(self.id)
2025-11-06 17:13:41 | ERROR |   File "h5py/_objects.pyx", line 56, in h5py._objects.with_phil.wrapper
2025-11-06 17:13:41 | ERROR |   File "h5py/_objects.pyx", line 57, in h5py._objects.with_phil.wrapper
2025-11-06 17:13:41 | ERROR |   File "h5py/h5f.pyx", line 159, in h5py.h5f.flush
2025-11-06 17:13:41 | ERROR | RuntimeError: Unable to synchronously flush file (file write failed: time = Thu Nov  6 17:13:41 2025
2025-11-06 17:13:41 | ERROR | , filename = 'observables_replica_255.h5', file descriptor = 4, errno = 122, error message = 'Disk quota exceeded', buf = 0x555a1e46df10, total write size = 4657, bytes this sub-write = 4657, offset = 872413685)
2025-11-06 17:13:41 | INFO | Cleanup initiated...
2025-11-06 17:13:41 | INFO | Closing HDF5 observable writer...
2025-11-06 17:13:41 | ERROR | Error closing HDF5 writer: Unable to synchronously flush file (file write failed: time = Thu Nov  6 17:13:41 2025
, filename = 'observables_replica_255.h5', file descriptor = 4, errno = 122, error message = 'Disk quota exceeded', buf = 0x555a1e485740, total write size = 4657, bytes this sub-write = 4657, offset = 872413685)
DEBUG: Cleanup called - checking for fkt_tracker
DEBUG: No fkt_tracker found or it's None
2025-11-06 17:13:41 | INFO | Returned to original directory: /scratch/mh7373/cav-hoomd/new_final_offres
2025-11-06 17:13:41 | INFO | Cleanup completed
ERROR: Replica 255 failed (coupling: 4.200000e-02 a.u.)

==================================================
Execution Summary
==================================================
Coupling constant used: 4.200000e-02 a.u.
Total replicas: 1
Successful: 0
Failed: 1
Wall time: 18691.27 seconds

WARNING: 1 replicas failed - check individual logs for details
✗ FAILED: DEBUG task 255
