SLURM Job ID: 1642376
SLURM Array Task ID: 452
Using frequency: 2060 cm-1
Fixed coupling strength (lambda): 0.042 (dimensionless)
Frame will be automatically set to: 452
Advanced Cavity MD Experiment Runner
==================================================
SLURM array job detected: Task 452 (Job 1642376)

*** COUPLING CONSTANT: 4.200000e-02 a.u. ***

Simulation Configuration:
  Cavity coupling: Enabled
    Coupling strength: 4.200000e-02 a.u.
    Frequency: 2060.0 cm⁻¹
    Finite-q mode: False
    Cavity thermostat: langevin
  Molecular thermostat: bussi
  Temperature: 100.0 K
  Runtime: 3000.0 ps
  Device: CPU
  Random seed: 0
  Velocity restart: Enabled - thermalizing velocities
  Momentum zeroing: Disabled

Starting execution for 1 replica(s)...
==================================================

Running replica 452...
>>> Will use FRAME 452 from init-0.gsd for this replica <<<
Running experiment:
  Cavity coupling: Enabled
  *** COUPLING STRENGTH: 4.200000e-02 a.u. ***
  Switch time: 200.0 ps
  Decay: None (step function)
  Damping ratio (zeta): 0.0
  Calculated dissipation (c): 0.0000e+00 a.u.
  Molecular thermostat: bussi
  Cavity thermostat: langevin
  Finite-q mode: False
  Replica: 452
  Frame: 452
  Output directory: coupling_420000e-07_freq_2060.0cm1_switch_200.0ps
  *** READING FRAME 452 FROM /scratch/mh7373/cav-hoomd/new_final_offres/init-0.gsd ***
  ✓ Successfully initialized simulation from frame 452
  ✓ Input file: /scratch/mh7373/cav-hoomd/new_final_offres/init-0.gsd
  ✓ Replica 452 ready to run...
2025-11-06 12:02:10 | INFO | ============================================================
2025-11-06 12:02:10 | INFO | CAVITY MD SIMULATION STARTED
2025-11-06 12:02:10 | INFO | ============================================================
2025-11-06 12:02:10 | INFO | Simulation: prod-452
2025-11-06 12:02:10 | INFO | Device: CPU
2025-11-06 12:02:10 | INFO | Runtime: 3000.0 ps
2025-11-06 12:02:10 | INFO | Temperature: 100.0 K
2025-11-06 12:02:10 | INFO | Random seed: 0
2025-11-06 12:02:10 | INFO | Cavity coupling: Enabled
2025-11-06 12:02:10 | INFO |   Frequency: 2060.0 cm^-1
2025-11-06 12:02:10 | INFO |   Lambda coupling: 0.042
2025-11-06 12:02:10 | INFO |   Epsilon (lambda * omega_c): 3.942141e-04 a.u.
2025-11-06 12:02:10 | INFO |   Finite-q mode: False
2025-11-06 12:02:10 | INFO | Molecular thermostat: bussi (tau=1.0 ps)
2025-11-06 12:02:10 | INFO | Cavity thermostat: langevin (tau=1.0 ps)
2025-11-06 12:02:10 | INFO | ============================================================
2025-11-06 12:02:10 | INFO | === Phase 1: Setting up simulation ===
2025-11-06 12:02:10 | INFO | Using default timestep for calculations: 0.0001 ps
2025-11-06 12:02:10 | INFO | Time conversions:
2025-11-06 12:02:10 | INFO |   Timestep: 0.0001 ps = 4.134138 a.u.
2025-11-06 12:02:10 | INFO |   Runtime: 3000.0 ps = 30000000 steps
2025-11-06 12:02:10 | INFO |   Steps per ps: 10000.0
2025-11-06 12:02:10 | INFO | Output periods (steps):
2025-11-06 12:02:10 | INFO |   Energy: 100 (0.010 ps)
2025-11-06 12:02:10 | INFO |   F(k,t): 10000 (1.000 ps)
2025-11-06 12:02:10 | INFO |   GSD: 10000 (1.000 ps)
2025-11-06 12:02:10 | INFO |   Console: 10000 (1.000 ps)
2025-11-06 12:02:10 | INFO | Initializing simulation on CPU
2025-11-06 12:02:10 | INFO | Using user-specified seed: 0
2025-11-06 12:02:10 | INFO | Cavity particle already exists in GSD file (1 found)
2025-11-06 12:02:10 | INFO | Simulation state created from original GSD file with existing cavity particle
2025-11-06 12:02:10 | INFO | Cavity particle validated at index 500, position HOOMDArray([ 1.46867919 -1.25219738 -1.13129461])
2025-11-06 12:02:10 | INFO | === Phase 1.5: Setting up time tracker ===
2025-11-06 12:02:10 | INFO | === Phase 2: Configuring forces and thermostats ===
2025-11-06 12:02:10 | INFO | Using lambda_coupling=0.042 (will be scaled by omega_c=0.009386 a.u.)
2025-11-06 12:02:10 | INFO | Using constant coupling: lambda=0.042, epsilon=3.942141e-04 a.u.
CavityForce initialized using cpp implementation
  Using constant lambda coupling: 0.042 (dimensionless)
  Effective epsilon: 3.942141e-04 a.u.
2025-11-06 12:02:10 | INFO | Thermostat time constant conversions:
2025-11-06 12:02:10 | INFO |   Molecular: 1.000 ps = 41341.378917 a.u.
2025-11-06 12:02:10 | INFO |   Cavity: 1.000 ps = 41341.378917 a.u.
2025-11-06 12:02:10 | INFO | Running molecular system with Bussi thermostat (NVT ensemble)
2025-11-06 12:02:10 | INFO | Molecular Bussi thermostat configured: T = 100.0 K, kT = 0.000317 a.u., tau = 1.000 ps
2025-11-06 12:02:10 | INFO | Running cavity with Langevin thermostat
2025-11-06 12:02:10 | INFO | Cavity Langevin thermostat configured: T = 100.0 K, kT = 0.000317 a.u.
2025-11-06 12:02:10 | INFO |   base_gamma = 0.000024 a.u.^-1 (tau = 1.000 ps)
2025-11-06 12:02:10 | INFO |   effective_gamma = 0.000024 a.u.^-1 (damping_factor = 1.0x)
2025-11-06 12:02:10 | INFO | === Phase 3: Setting up integrator and thermalization ===
2025-11-06 12:02:10 | INFO | Integrator configured with initial dt = 4.134138 a.u. (0.000100 ps)
2025-11-06 12:02:10 | INFO | Number of integration methods: 2
2025-11-06 12:02:10 | INFO | CavityParticleDisplacer not needed (constant coupling or q=0 mode)
2025-11-06 12:02:10 | INFO | Using seed 1 for thermalization randomness
2025-11-06 12:02:10 | INFO | Thermalized molecular particles using HOOMD State object
2025-11-06 12:02:10 | INFO | Cavity particle manually thermalized:
2025-11-06 12:02:10 | INFO |   Target temperature: 100.0 K
2025-11-06 12:02:10 | INFO |   Initial velocity: [ 0.02890696 -0.01088686 -0.00939938]
2025-11-06 12:02:10 | INFO |   Expected KE: 0.000521 a.u.
2025-11-06 12:02:10 | INFO |   Expected temperature: 109.7 K
2025-11-06 12:02:10 | INFO |   Using array module: numpy
2025-11-06 12:02:10 | INFO | Checking molecular system temperature after thermalization:
2025-11-06 12:02:10 | INFO |   Number of molecular particles: 500
2025-11-06 12:02:10 | INFO |   Total kinetic energy: 0.240182 a.u.
2025-11-06 12:02:10 | INFO |   Current temperature: 101.1 K
2025-11-06 12:02:10 | INFO | Thermalization completed - velocities properly initialized
2025-11-06 12:02:10 | INFO | === Phase 4: Setting up trackers and loggers ===
2025-11-06 12:02:10 | INFO | Setting up adaptive timestep updater (error_tolerance = 2.0)
Dynamic coupling change detection enabled
Coupling change threshold: ±1.00e-05 a.u.
Shock dampening: error_tolerance drops to 2.00e-10 (factor: 1.00e-10)
Recovery: exponential ramp to 2.00e+00 with τ = 1000.0 ps
Conservative timestep parameters:
  Change threshold: 10.0%
  Max change factor: 1.5
  Min update interval: 1000 steps
  Switch detection tolerance: 0.001 ps
2025-11-06 12:02:10 | INFO | Adaptive timestep updater enabled (check every 1 steps)
CavityForceCompute initialized: omegac=0.00938605 a.u., lambda_coupling=0.042 (dimensionless, from variant), K=8.80979e-05 a.u.
CPU CavityForceCompute initialized successfully
notice(2): charge.pppm: RMS error: 2.31675e-08
NOTICE: Starting from inherited timestep 35150000
  Elapsed time will start from 0, not from inherited simulation time
DEBUG @ t=35150000: current_coupling=0.042, last=None
DEBUG: First coupling check - stored value: 0.042
2025-11-06 12:02:10 | INFO |   Added detailed BussiReservoir energy tracking for method 0
2025-11-06 12:02:10 | INFO |   Added energy tracking for cavityforce
2025-11-06 12:02:10 | INFO |   Added detailed cavity energy components
2025-11-06 12:02:10 | INFO |   Added energy tracking for harmonic
2025-11-06 12:02:10 | INFO |   Added energy tracking for lj
2025-11-06 12:02:10 | INFO |   Added energy tracking for ewald
2025-11-06 12:02:10 | INFO |   Added energy tracking for coulomb
2025-11-06 12:02:10 | INFO | Energy tracking setup completed: 0 methods, 5 forces
2025-11-06 12:02:10 | INFO | Setting up energy tracker with output file: prod-452_energy_tracker.txt
2025-11-06 12:02:10 | INFO | Energy tracker configuration:
2025-11-06 12:02:10 | INFO |   Using time-based output: 0.010 ps
2025-11-06 12:02:10 | INFO |   Max output time: 250.000 ps
2025-11-06 12:02:10 | INFO | Energy tracker configuration:
2025-11-06 12:02:10 | INFO |   Force objects: ['cavity', 'harmonic', 'lj', 'ewald_short', 'ewald_long']
2025-11-06 12:02:10 | INFO |   Thermostat objects: ['bussi_molecular', 'langevin_cavity']
2025-11-06 12:02:10 | INFO |   Using internal kinetic computation (no external tracker needed)
2025-11-06 12:02:10 | INFO |  Energy tracker setup completed with time-based output:
2025-11-06 12:02:10 | INFO |   Output period: 0.010 ps (accurate timing)
2025-11-06 12:02:10 | INFO |   Tracker handles timing internally using ElapsedTimeTracker
2025-11-06 12:02:10 | INFO |   Output limited to 250.000 ps
2025-11-06 12:02:10 | INFO | Setting up F(k,t) density correlation tracker
2025-11-06 12:02:10 | INFO |   k magnitude: 1.00
2025-11-06 12:02:10 | INFO |   Number of wavevectors: 50
2025-11-06 12:02:10 | INFO |   Reference interval: 200.000 ps
2025-11-06 12:02:10 | INFO |   Max references: 20
2025-11-06 12:02:10 | INFO |   Output period: 1.000 ps
2025-11-06 12:02:10 | INFO |   Using time-based reference intervals for adaptive timestep compatibility
2025-11-06 12:02:10 | INFO |   Reference interval: 200.000 ps
2025-11-06 12:02:10 | INFO |   Trigger period: 1 step
2025-11-06 12:02:10 | INFO |   Logarithmic time spacing: DISABLED (regular spacing)
FieldAutocorrelationTracker initialized for density_correlation
  k-magnitude: 1.0
  Wavevectors: 50
  Reference interval: 200.0 ps
  Max references: 20
2025-11-06 12:02:10 | INFO |  F(k,t) tracker successfully enabled with time-based output:
2025-11-06 12:02:10 | INFO |   Output period: 1.000 ps (accurate timing)
2025-11-06 12:02:10 | INFO |   Reference interval: 200.000 ps
2025-11-06 12:02:10 | INFO |   Tracker handles timing internally using ElapsedTimeTracker
2025-11-06 12:02:10 | INFO | Setting up dipole autocorrelation tracker...
2025-11-06 12:02:10 | INFO |   Reference interval: 200.000 ps
2025-11-06 12:02:10 | INFO |   Max references: 20
2025-11-06 12:02:10 | INFO |   Output period: 0.010 ps
2025-11-06 12:02:10 | INFO |   Using time-based reference intervals for adaptive timestep compatibility
2025-11-06 12:02:10 | INFO |   Reference interval: 200.000 ps
2025-11-06 12:02:10 | INFO |   Trigger period: 1 step
2025-11-06 12:02:10 | WARNING | Could not set up dipole autocorrelation tracker: Can't instantiate abstract class AutocorrelationTracker without an implementation for abstract method 'act'
2025-11-06 12:02:10 | INFO | Momentum zeroing disabled
2025-11-06 12:02:10 | INFO |  TRACKING AND LOGGING SETUP COMPLETED:
2025-11-06 12:02:10 | INFO |   All output systems now use precise time-based periods
2025-11-06 12:02:10 | INFO |  Comprehensive temperature tracker enabled
2025-11-06 12:02:10 | INFO |   Output file: temperature_tracker_replica_452.csv
2025-11-06 12:02:10 | INFO |   Output period: 0.1 ps
2025-11-06 12:02:10 | INFO |   Tracking: kinetic, harmonic fictive, LJ+Coul fictive, cavity bath, molecular bath
2025-11-06 12:02:10 | INFO |   Empirical data: None (LJ+Coul fictive temp will be 0)
2025-11-06 12:02:10 | INFO | 
============================================================
2025-11-06 12:02:10 | INFO | HDF5 OBSERVABLE OUTPUT CONFIGURATION
2025-11-06 12:02:10 | INFO | ============================================================
2025-11-06 12:02:10 | INFO | Output file: observables_replica_452.h5
2025-11-06 12:02:10 | INFO | Output period: 0.010 ps
2025-11-06 12:02:10 | INFO | SWMR mode: Enabled (concurrent read access)
2025-11-06 12:02:10 | INFO | ============================================================

✓ HDF5 file structure created: observables_replica_452.h5
ObservableWriter initialized:
  Output file: observables_replica_452.h5
  Output period: 0.01 ps
  Chunk size: 1000
  Compression: gzip
  SWMR mode: True
  Flush interval: 10
✓ Energy tracker registered (18 components)
2025-11-06 12:02:10 | INFO |   Registered energy tracker for HDF5 output
✓ Temperature tracker registered (6 components)
2025-11-06 12:02:10 | INFO |   Registered temperature tracker for HDF5 output
2025-11-06 12:02:10 | INFO | ✓ HDF5 observable output enabled

2025-11-06 12:02:10 | INFO | Advanced features enabled: detailed energy tracking (0.010 ps), F(k,t) density correlation (1.000 ps, k=1.0), dipole autocorrelation (0.010 ps), adaptive timestep control, comprehensive temperature tracker (0.1 ps), HDF5 observable output (0.010 ps)
2025-11-06 12:02:10 | INFO | Console output: 1.000 ps periods (time-based)
2025-11-06 12:02:10 | INFO |   Works accurately for both adaptive and fixed timestep modes
2025-11-06 12:02:10 | INFO | DEBUG: PID controller NOT enabled (enable_pid_controller=False)
2025-11-06 12:02:10 | INFO | === Phase 5: Setting up output writers ===
2025-11-06 12:02:10 | INFO | GSD output setup for adaptive timestep mode:
2025-11-06 12:02:10 | INFO |   GSD trigger: every 1000 steps (target: 1.000 ps)
2025-11-06 12:02:10 | INFO |   Note: GSD timing may vary slightly due to adaptive timestep changes
2025-11-06 12:02:10 | INFO | GSD writer added for file: prod-452.gsd
2025-11-06 12:02:10 | INFO |   GSD output period: 1.000 ps
2025-11-06 12:02:10 | INFO |   GSD truncate mode: False (append to existing file)
2025-11-06 12:02:10 | INFO |  Console output setup completed:
2025-11-06 12:02:10 | INFO |   Output period: 1.000 ps (accurate time-based)
2025-11-06 12:02:10 | INFO |   Lambda coupling column: 4.200000e-02 (dimensionless) (displayed in real-time)
2025-11-06 12:02:10 | INFO |   Console tracker handles timing internally using ElapsedTimeTracker
2025-11-06 12:02:10 | INFO |   Works accurately for both adaptive and fixed timestep modes
2025-11-06 12:02:10 | INFO |  FIXED: Console output now uses precise time-based logic
2025-11-06 12:02:10 | INFO |   Both console and energy tracker use accurate timing
2025-11-06 12:02:10 | INFO |   GSD output timing may vary slightly but is less critical
2025-11-06 12:02:10 | INFO | === Phase 6: Running simulation ===
2025-11-06 12:02:10 | INFO | Starting adaptive timestep simulation for 3000.0 ps
2025-11-06 12:02:10 | INFO | Using max steps: 999999999 (will exit when runtime reached)
2025-11-06 12:02:10 | INFO | Initial timestep: 41.637976 a.u. (1.007 fs)
2025-11-06 12:02:10 | INFO | Timestep will adapt dynamically (error_tolerance = 2.0)
Added F(k,t) reference 0 at t = 0.001 ps
[HDF5 Writer DEBUG] timestep=35150001, current_time_ps=0.001, last_output_time=None, write_count=0
[HDF5 Writer DEBUG] Writing data point 0 at time 0.001 ps
[HDF5 Writer DEBUG] timestep=35150002, current_time_ps=0.002, last_output_time=0.0010071743325123059, write_count=1
[HDF5 Writer DEBUG] Skipping output: not time yet (current=0.002, last=0.0010071743325123059, period=0.01)
[HDF5 Writer DEBUG] timestep=35150003, current_time_ps=0.003, last_output_time=0.0010071743325123059, write_count=1
[HDF5 Writer DEBUG] Skipping output: not time yet (current=0.003, last=0.0010071743325123059, period=0.01)
[HDF5 Writer DEBUG] timestep=35150004, current_time_ps=0.004, last_output_time=0.0010071743325123059, write_count=1
[HDF5 Writer DEBUG] Skipping output: not time yet (current=0.004, last=0.0010071743325123059, period=0.01)
[HDF5 Writer DEBUG] timestep=35150005, current_time_ps=0.005, last_output_time=0.0010071743325123059, write_count=1
[HDF5 Writer DEBUG] Skipping output: not time yet (current=0.005, last=0.0010071743325123059, period=0.01)
[HDF5 Writer DEBUG] timestep=35150006, current_time_ps=0.006, last_output_time=0.0010071743325123059, write_count=1
[HDF5 Writer DEBUG] Skipping output: not time yet (current=0.006, last=0.0010071743325123059, period=0.01)
[HDF5 Writer DEBUG] timestep=35150007, current_time_ps=0.007, last_output_time=0.0010071743325123059, write_count=1
[HDF5 Writer DEBUG] Skipping output: not time yet (current=0.007, last=0.0010071743325123059, period=0.01)
[HDF5 Writer DEBUG] timestep=35150008, current_time_ps=0.008, last_output_time=0.0010071743325123059, write_count=1
[HDF5 Writer DEBUG] Skipping output: not time yet (current=0.008, last=0.0010071743325123059, period=0.01)
[HDF5 Writer DEBUG] timestep=35150009, current_time_ps=0.009, last_output_time=0.0010071743325123059, write_count=1
[HDF5 Writer DEBUG] Skipping output: not time yet (current=0.009, last=0.0010071743325123059, period=0.01)
[HDF5 Writer DEBUG] timestep=35150010, current_time_ps=0.010, last_output_time=0.0010071743325123059, write_count=1
[HDF5 Writer DEBUG] Skipping output: not time yet (current=0.010, last=0.0010071743325123059, period=0.01)
[HDF5 Writer DEBUG] timestep=35150011, current_time_ps=0.011, last_output_time=0.0010071743325123059, write_count=1
[HDF5 Writer DEBUG] Writing data point 1 at time 0.011 ps
[HDF5 Writer DEBUG] timestep=35150012, current_time_ps=0.012, last_output_time=0.011078917657635365, write_count=2
[HDF5 Writer DEBUG] Skipping output: not time yet (current=0.012, last=0.011078917657635365, period=0.01)
[HDF5 Writer DEBUG] timestep=35150013, current_time_ps=0.013, last_output_time=0.011078917657635365, write_count=2
[HDF5 Writer DEBUG] Skipping output: not time yet (current=0.013, last=0.011078917657635365, period=0.01)
[HDF5 Writer DEBUG] timestep=35150014, current_time_ps=0.014, last_output_time=0.011078917657635365, write_count=2
[HDF5 Writer DEBUG] Skipping output: not time yet (current=0.014, last=0.011078917657635365, period=0.01)
[HDF5 Writer DEBUG] timestep=35150015, current_time_ps=0.015, last_output_time=0.011078917657635365, write_count=2
[HDF5 Writer DEBUG] Skipping output: not time yet (current=0.015, last=0.011078917657635365, period=0.01)
[HDF5 Writer DEBUG] timestep=35150016, current_time_ps=0.016, last_output_time=0.011078917657635365, write_count=2
[HDF5 Writer DEBUG] Skipping output: not time yet (current=0.016, last=0.011078917657635365, period=0.01)
[HDF5 Writer DEBUG] timestep=35150017, current_time_ps=0.017, last_output_time=0.011078917657635365, write_count=2
[HDF5 Writer DEBUG] Skipping output: not time yet (current=0.017, last=0.011078917657635365, period=0.01)
[HDF5 Writer DEBUG] timestep=35150018, current_time_ps=0.018, last_output_time=0.011078917657635365, write_count=2
[HDF5 Writer DEBUG] Skipping output: not time yet (current=0.018, last=0.011078917657635365, period=0.01)
[HDF5 Writer DEBUG] timestep=35150019, current_time_ps=0.019, last_output_time=0.011078917657635365, write_count=2
[HDF5 Writer DEBUG] Skipping output: not time yet (current=0.019, last=0.011078917657635365, period=0.01)
[HDF5 Writer DEBUG] timestep=35150020, current_time_ps=0.020, last_output_time=0.011078917657635365, write_count=2
[HDF5 Writer DEBUG] Skipping output: not time yet (current=0.020, last=0.011078917657635365, period=0.01)
[HDF5 Writer DEBUG] timestep=35150021, current_time_ps=0.021, last_output_time=0.011078917657635365, write_count=2
[HDF5 Writer DEBUG] Writing data point 2 at time 0.021 ps
✓ SWMR mode enabled - file can now be read concurrently
Simulation.timestep  Simulation.tps Time.elapsed_ps Performance.ns_per_day Performance.eta   Cavity.lambda Adaptive.error_tolerance
       35150993        69.36294         1.00012            5.90        12:12:46        4.20e-02        2.00e+00
       35151965        68.32060         2.00078            5.94        12:06:55        4.20e-02        2.00e+00
       35152871        68.00372         3.00188            6.09        11:48:18        4.20e-02        2.00e+00
       35153808        67.84211         4.00264            6.12        11:44:34        4.20e-02        2.00e+00
       35154766        67.75934         5.00272            6.12        11:45:17        4.20e-02        2.00e+00
       35155746        67.71979         6.00310            6.09        11:48:11        4.20e-02        2.00e+00
       35156710        67.79537         7.00353            6.09        11:47:25        4.20e-02        2.00e+00
       35157649        68.18796         8.00414            6.15        11:41:01        4.20e-02        2.00e+00
       35158600        68.42646         9.00467            6.17        11:37:47        4.20e-02        2.00e+00
       35159551        68.40774        10.00569            6.18        11:37:06        4.20e-02        2.00e+00
DEBUG @ t=35160000: current_coupling=0.042, last=0.042
       35160505        68.38434        11.00618            6.18        11:36:52        4.20e-02        2.00e+00
       35161461        68.31870        12.00719            6.17        11:37:13        4.20e-02        2.00e+00
       35162435        68.24611        13.00768            6.16        11:38:40        4.20e-02        2.00e+00
       35163422        68.21803        14.00872            6.14        11:40:12        4.20e-02        2.00e+00
       35164383        68.18723        15.00895            6.14        11:40:19        4.20e-02        2.00e+00
       35165350        68.15662        16.00938            6.13        11:40:42        4.20e-02        2.00e+00
       35166317        68.12421        17.00961            6.13        11:41:05        4.20e-02        2.00e+00
       35167316        68.12475        18.01050            6.11        11:42:22        4.20e-02        2.00e+00
       35168330        68.11573        19.01118            6.10        11:44:10        4.20e-02        2.00e+00
       35169299        68.15225        20.01172            6.10        11:43:39        4.20e-02        2.00e+00
DEBUG @ t=35170000: current_coupling=0.042, last=0.042
       35170245        68.10833        21.01265            6.10        11:43:10        4.20e-02        2.00e+00
       35171239        68.09783        22.01327            6.09        11:43:59        4.20e-02        2.00e+00
       35172182        68.09464        23.01341            6.10        11:43:03        4.20e-02        2.00e+00
       35173151        68.07345        24.01411            6.09        11:43:09        4.20e-02        2.00e+00
       35174163        68.08684        25.01448            6.08        11:44:07        4.20e-02        2.00e+00
       35175145        68.10285        26.01456            6.08        11:44:09        4.20e-02        2.00e+00
       35176105        68.08781        27.01481            6.08        11:43:51        4.20e-02        2.00e+00
       35177133        68.07485        28.01495            6.07        11:45:20        4.20e-02        2.00e+00
       35178143        68.04071        29.01528            6.06        11:46:27        4.20e-02        2.00e+00
       35179121        68.01744        30.01542            6.05        11:46:38        4.20e-02        2.00e+00
DEBUG @ t=35180000: current_coupling=0.042, last=0.042
       35180049        67.99942        31.01569            6.06        11:45:34        4.20e-02        2.00e+00
       35181053        67.98615        32.01653            6.05        11:46:14        4.20e-02        2.00e+00
       35181953        67.97237        33.01736            6.06        11:44:33        4.20e-02        2.00e+00
       35182991        67.95744        34.01760            6.05        11:45:57        4.20e-02        2.00e+00
       35183895        67.94249        35.01817            6.06        11:44:29        4.20e-02        2.00e+00
       35184856        67.93304        36.01897            6.06        11:44:10        4.20e-02        2.00e+00
       35185845        67.92945        37.01960            6.06        11:44:22        4.20e-02        2.00e+00
       35186869        67.91977        38.02014            6.05        11:45:16        4.20e-02        2.00e+00
       35187835        67.90139        39.02087            6.05        11:45:08        4.20e-02        2.00e+00
       35188838        67.89682        40.02091            6.04        11:45:32        4.20e-02        2.00e+00
       35189836        67.89617        41.02156            6.04        11:45:46        4.20e-02        2.00e+00
DEBUG @ t=35190000: current_coupling=0.042, last=0.042
       35190872        67.93673        42.02213            6.03        11:46:12        4.20e-02        2.00e+00
       35191871        67.94208        43.02225            6.03        11:46:21        4.20e-02        2.00e+00
       35192856        67.94356        44.02290            6.03        11:46:16        4.20e-02        2.00e+00
       35193896        67.95455        45.02338            6.02        11:46:58        4.20e-02        2.00e+00
       35194906        67.98425        46.02411            6.02        11:46:57        4.20e-02        2.00e+00
       35195958        68.00392        47.02494            6.01        11:47:40        4.20e-02        2.00e+00
       35196987        68.04963        48.02526            6.01        11:47:43        4.20e-02        2.00e+00
       35197967        68.06892        49.02531            6.01        11:47:17        4.20e-02        2.00e+00
       35198878        68.06969        50.02624            6.02        11:46:03        4.20e-02        2.00e+00
       35199863        68.05939        51.02719            6.01        11:46:01        4.20e-02        2.00e+00
DEBUG @ t=35200000: current_coupling=0.042, last=0.042
[HDF5 Writer DEBUG] timestep=35200000, current_time_ps=51.165, last_output_time=51.15772874379993, write_count=4875
       35200846        68.05391        52.02791            6.01        11:45:53        4.20e-02        2.00e+00
       35201786        68.04260        53.02792            6.02        11:45:15        4.20e-02        2.00e+00
       35202705        68.03931        54.02795            6.02        11:44:16        4.20e-02        2.00e+00
       35203651        68.03554        55.02833            6.03        11:43:40        4.20e-02        2.00e+00
       35204585        68.02629        56.02860            6.03        11:43:00        4.20e-02        2.00e+00
       35205545        68.01338        57.02953            6.03        11:42:42        4.20e-02        2.00e+00
       35206513        68.00347        58.03054            6.03        11:42:28        4.20e-02        2.00e+00
       35207417        68.01197        59.03062            6.04        11:41:17        4.20e-02        2.00e+00
       35208314        68.01501        60.03161            6.05        11:40:05        4.20e-02        2.00e+00
       35209265        68.03332        61.03179            6.05        11:39:25        4.20e-02        2.00e+00
DEBUG @ t=35210000: current_coupling=0.042, last=0.042
       35210179        68.03038        62.03208            6.06        11:38:32        4.20e-02        2.00e+00
       35211163        68.02091        63.03261            6.05        11:38:32        4.20e-02        2.00e+00
       35212147        68.01816        64.03350            6.05        11:38:28        4.20e-02        2.00e+00
       35213057        68.01546        65.03429            6.06        11:37:35        4.20e-02        2.00e+00
       35214011        68.01234        66.03517            6.06        11:37:11        4.20e-02        2.00e+00
       35215034        68.02482        67.03519            6.06        11:37:24        4.20e-02        2.00e+00
       35216187        68.04026        68.03550            6.04        11:38:55        4.20e-02        2.00e+00
       35217293        68.05195        69.03553            6.03        11:39:57        4.20e-02        2.00e+00
       35218338        68.05184        70.03625            6.02        11:40:25        4.20e-02        2.00e+00
       35219271        68.07370        71.03668            6.03        11:39:31        4.20e-02        2.00e+00
DEBUG @ t=35220000: current_coupling=0.042, last=0.042
       35220256        68.07151        72.03672            6.03        11:39:23        4.20e-02        2.00e+00
       35221310        68.07044        73.03720            6.02        11:39:56        4.20e-02        2.00e+00
       35222237        68.06531        74.03725            6.03        11:39:16        4.20e-02        2.00e+00
       35223154        68.05647        75.03804            6.03        11:38:32        4.20e-02        2.00e+00
       35224216        68.04688        76.03854            6.02        11:39:13        4.20e-02        2.00e+00
       35225234        68.04223        77.03858            6.02        11:39:24        4.20e-02        2.00e+00
       35226281        68.04599        78.03946            6.01        11:39:46        4.20e-02        2.00e+00
       35227239        68.05010        79.04007            6.01        11:39:18        4.20e-02        2.00e+00
       35228257        68.04414        80.04070            6.01        11:39:29        4.20e-02        2.00e+00
       35229334        68.03989        81.04154            6.00        11:40:09        4.20e-02        2.00e+00
DEBUG @ t=35230000: current_coupling=0.042, last=0.042
       35230341        68.05040        82.04177            6.00        11:40:02        4.20e-02        2.00e+00
       35231390        68.06997        83.04200            6.00        11:40:12        4.20e-02        2.00e+00
       35232372        68.10229        84.04249            6.00        11:39:38        4.20e-02        2.00e+00
       35233456        68.11796        85.04344            6.00        11:40:05        4.20e-02        2.00e+00
       35234459        68.12672        86.04405            5.99        11:39:56        4.20e-02        2.00e+00
       35235406        68.11934        87.04442            6.00        11:39:29        4.20e-02        2.00e+00
       35236410        68.11477        88.04497            5.99        11:39:28        4.20e-02        2.00e+00
       35237481        68.10850        89.04513            5.99        11:40:00        4.20e-02        2.00e+00
       35238475        68.10281        90.04594            5.99        11:39:54        4.20e-02        2.00e+00
       35239396        68.09610        91.04656            5.99        11:39:15        4.20e-02        2.00e+00
DEBUG @ t=35240000: current_coupling=0.042, last=0.042
       35240285        68.09184        92.04693            6.00        11:38:19        4.20e-02        2.00e+00
       35241243        68.09466        93.04737            6.00        11:37:52        4.20e-02        2.00e+00
       35242305        68.08682        94.04828            5.99        11:38:19        4.20e-02        2.00e+00
       35243274        68.08615        95.04923            5.99        11:37:59        4.20e-02        2.00e+00
       35244176        68.08316        96.04989            6.00        11:37:11        4.20e-02        2.00e+00
       35245050        68.07433        97.04999            6.00        11:36:15        4.20e-02        2.00e+00
       35245993        68.06658        98.05000            6.01        11:35:49        4.20e-02        2.00e+00
       35246955        68.06195        99.05050            6.01        11:35:30        4.20e-02        2.00e+00
       35247921        68.07233       100.05066            6.01        11:35:04        4.20e-02        2.00e+00
       35248945        68.07123       101.05078            6.01        11:35:09        4.20e-02        2.00e+00
       35249870        68.06512       102.05157            6.01        11:34:35        4.20e-02        2.00e+00
DEBUG @ t=35250000: current_coupling=0.042, last=0.042
       35250944        68.06383       103.05172            6.00        11:35:01        4.20e-02        2.00e+00
       35251959        68.07227       104.05215            6.00        11:34:56        4.20e-02        2.00e+00
       35252971        68.07904       105.05292            6.00        11:34:50        4.20e-02        2.00e+00
       35254006        68.08282       106.05298            6.00        11:34:55        4.20e-02        2.00e+00
       35254905        68.08577       107.05322            6.00        11:34:06        4.20e-02        2.00e+00
       35255886        68.08071       108.05346            6.00        11:33:55        4.20e-02        2.00e+00
       35256875        68.08012       109.05369            6.00        11:33:44        4.20e-02        2.00e+00
       35257812        68.07517       110.05392            6.00        11:33:16        4.20e-02        2.00e+00
       35258803        68.07348       111.05410            6.00        11:33:07        4.20e-02        2.00e+00
       35259813        68.07519       112.05487            6.00        11:33:03        4.20e-02        2.00e+00
DEBUG @ t=35260000: current_coupling=0.042, last=0.042
       35260763        68.07715       113.05536            6.00        11:32:35        4.20e-02        2.00e+00
       35261733        68.07864       114.05547            6.00        11:32:16        4.20e-02        2.00e+00
       35262730        68.07411       115.05612            6.00        11:32:11        4.20e-02        2.00e+00
       35263778        68.07670       116.05662            6.00        11:32:20        4.20e-02        2.00e+00
       35264831        68.07992       117.05682            5.99        11:32:29        4.20e-02        2.00e+00
       35265833        68.08933       118.05701            5.99        11:32:17        4.20e-02        2.00e+00
       35266766        68.09191       119.05773            6.00        11:31:43        4.20e-02        2.00e+00
       35267738        68.08793       120.05815            6.00        11:31:28        4.20e-02        2.00e+00
       35268762        68.09183       121.05910            6.00        11:31:26        4.20e-02        2.00e+00
       35269738        68.09952       122.05998            6.00        11:31:05        4.20e-02        2.00e+00
DEBUG @ t=35270000: current_coupling=0.042, last=0.042
       35270699        68.10417       123.06050            6.00        11:30:40        4.20e-02        2.00e+00
       35271648        68.10421       124.06061            6.00        11:30:15        4.20e-02        2.00e+00
       35272625        68.10570       125.06146            6.00        11:29:58        4.20e-02        2.00e+00
       35273638        68.10265       126.06244            6.00        11:29:56        4.20e-02        2.00e+00
       35274568        68.10629       127.06309            6.00        11:29:22        4.20e-02        2.00e+00
       35275473        68.11723       128.06364            6.01        11:28:36        4.20e-02        2.00e+00
       35276394        68.11644       129.06405            6.01        11:28:03        4.20e-02        2.00e+00
       35277295        68.11389       130.06456            6.01        11:27:24        4.20e-02        2.00e+00
       35278190        68.11219       131.06507            6.02        11:26:44        4.20e-02        2.00e+00
       35279130        68.11357       132.06548            6.02        11:26:16        4.20e-02        2.00e+00
DEBUG @ t=35280000: current_coupling=0.042, last=0.042
       35280069        68.12043       133.06551            6.02        11:25:46        4.20e-02        2.00e+00
       35280971        68.12250       134.06560            6.02        11:25:06        4.20e-02        2.00e+00
       35281920        68.11735       135.06644            6.02        11:24:46        4.20e-02        2.00e+00
       35282833        68.11603       136.06678            6.03        11:24:12        4.20e-02        2.00e+00
       35283778        68.11662       137.06759            6.03        11:23:48        4.20e-02        2.00e+00
       35284737        68.11866       138.06805            6.03        11:23:27        4.20e-02        2.00e+00
       35285642        68.11692       139.06884            6.03        11:22:52        4.20e-02        2.00e+00
       35286603        68.11331       140.06901            6.03        11:22:35        4.20e-02        2.00e+00
       35287557        68.11396       141.07006            6.03        11:22:14        4.20e-02        2.00e+00
       35288492        68.11034       142.07108            6.04        11:21:50        4.20e-02        2.00e+00
       35289433        68.10674       143.07121            6.04        11:21:28        4.20e-02        2.00e+00
DEBUG @ t=35290000: current_coupling=0.042, last=0.042
       35290375        68.10830       144.07150            6.04        11:21:03        4.20e-02        2.00e+00
       35291323        68.11231       145.07235            6.04        11:20:38        4.20e-02        2.00e+00
       35292231        68.11774       146.07240            6.04        11:20:02        4.20e-02        2.00e+00
       35293109        68.11489       147.07346            6.05        11:19:21        4.20e-02        2.00e+00
       35293918        68.11764       148.07366            6.05        11:18:19        4.20e-02        2.00e+00
       35294814        68.12321       149.07432            6.06        11:17:40        4.20e-02        2.00e+00
       35295774        68.12685       150.07495            6.06        11:17:20        4.20e-02        2.00e+00
       35296626        68.12588       151.07518            6.06        11:16:33        4.20e-02        2.00e+00
       35297504        68.13127       152.07558            6.07        11:15:50        4.20e-02        2.00e+00
       35298439        68.13113       153.07652            6.07        11:15:26        4.20e-02        2.00e+00
       35299382        68.12848       154.07743            6.07        11:15:06        4.20e-02        2.00e+00
DEBUG @ t=35300000: current_coupling=0.042, last=0.042
[HDF5 Writer DEBUG] timestep=35300000, current_time_ps=154.729, last_output_time=154.7217612141465, write_count=14702
       35300293        68.12334       155.07808            6.07        11:14:39        4.20e-02        2.00e+00
       35301155        68.11865       156.07884            6.08        11:13:58        4.20e-02        2.00e+00
       35302121        68.11653       157.07886            6.08        11:13:45        4.20e-02        2.00e+00
       35303021        68.11628       158.07890            6.08        11:13:12        4.20e-02        2.00e+00
       35303926        68.11298       159.07902            6.08        11:12:44        4.20e-02        2.00e+00
       35304815        68.10756       160.07912            6.08        11:12:12        4.20e-02        2.00e+00
       35305793        68.10492       161.07932            6.08        11:12:02        4.20e-02        2.00e+00
       35306715        68.10332       162.08023            6.08        11:11:37        4.20e-02        2.00e+00
       35307636        68.09904       163.08074            6.09        11:11:13        4.20e-02        2.00e+00
       35308572        68.09467       164.08155            6.09        11:10:54        4.20e-02        2.00e+00
       35309546        68.08989       165.08167            6.09        11:10:44        4.20e-02        2.00e+00
DEBUG @ t=35310000: current_coupling=0.042, last=0.042
       35310579        68.09002       166.08236            6.08        11:10:46        4.20e-02        2.00e+00
       35311554        68.08846       167.08266            6.08        11:10:35        4.20e-02        2.00e+00
       35312456        68.08619       168.08275            6.09        11:10:06        4.20e-02        2.00e+00
       35313379        68.08551       169.08314            6.09        11:09:41        4.20e-02        2.00e+00
       35314346        68.08673       170.08344            6.09        11:09:27        4.20e-02        2.00e+00
       35315279        68.09025       171.08382            6.09        11:09:02        4.20e-02        2.00e+00
       35316229        68.08961       172.08419            6.09        11:08:44        4.20e-02        2.00e+00
       35317256        68.09059       173.08472            6.09        11:08:44        4.20e-02        2.00e+00
       35318209        68.09053       174.08561            6.09        11:08:26        4.20e-02        2.00e+00
       35319106        68.09056       175.08566            6.09        11:07:56        4.20e-02        2.00e+00
DEBUG @ t=35320000: current_coupling=0.042, last=0.042
       35320025        68.09126       176.08660            6.09        11:07:30        4.20e-02        2.00e+00
       35321003        68.08776       177.08671            6.09        11:07:21        4.20e-02        2.00e+00
       35321917        68.08444       178.08684            6.09        11:06:56        4.20e-02        2.00e+00
       35322878        68.08301       179.08730            6.09        11:06:42        4.20e-02        2.00e+00
       35323794        68.08445       180.08839            6.09        11:06:15        4.20e-02        2.00e+00
       35324759        68.08812       181.08871            6.10        11:05:59        4.20e-02        2.00e+00
       35325636        68.08899       182.08973            6.10        11:05:24        4.20e-02        2.00e+00
       35326570        68.08893       183.08996            6.10        11:05:03        4.20e-02        2.00e+00
       35327574        68.08586       184.09046            6.10        11:04:59        4.20e-02        2.00e+00
       35328497        68.08210       185.09141            6.10        11:04:38        4.20e-02        2.00e+00
       35329434        68.08169       186.09188            6.10        11:04:17        4.20e-02        2.00e+00
DEBUG @ t=35330000: current_coupling=0.042, last=0.042
       35330439        68.08016       187.09246            6.10        11:04:13        4.20e-02        2.00e+00
       35331383        68.07688       188.09336            6.10        11:03:56        4.20e-02        2.00e+00
       35332334        68.07365       189.09390            6.10        11:03:41        4.20e-02        2.00e+00
       35333334        68.07026       190.09488            6.10        11:03:36        4.20e-02        2.00e+00
       35334276        68.06782       191.09538            6.10        11:03:18        4.20e-02        2.00e+00
       35335181        68.06414       192.09579            6.10        11:02:53        4.20e-02        2.00e+00
       35336126        68.06095       193.09661            6.10        11:02:37        4.20e-02        2.00e+00
       35337045        68.05892       194.09714            6.10        11:02:14        4.20e-02        2.00e+00
       35337953        68.05836       195.09813            6.10        11:01:48        4.20e-02        2.00e+00
       35338863        68.06319       196.09922            6.11        11:01:20        4.20e-02        2.00e+00
       35339770        68.06375       197.10003            6.11        11:00:53        4.20e-02        2.00e+00
DEBUG @ t=35340000: current_coupling=0.042, last=0.042
       35340663        68.05953       198.10055            6.11        11:00:27        4.20e-02        2.00e+00
       35341600        68.05677       199.10122            6.11        11:00:09        4.20e-02        2.00e+00
SWITCH DETECTED at timestep 35342446: t = 200.000727 ps
  Forcing immediate timestep adjustment for shock dampening
Added F(k,t) reference 1 at t = 200.002 ps
       35342546        68.05286       200.10185            6.11        10:59:54        4.20e-02        2.00e+00
       35343538        68.04934       201.10268            6.11        10:59:48        4.20e-02        2.00e+00
       35344545        68.05125       202.10291            6.11        10:59:41        4.20e-02        2.00e+00
       35345489        68.05422       203.10293            6.11        10:59:22        4.20e-02        2.00e+00
       35346407        68.05438       204.10320            6.11        10:58:58        4.20e-02        2.00e+00
       35347321        68.05355       205.10418            6.11        10:58:35        4.20e-02        2.00e+00
       35348257        68.05138       206.10431            6.11        10:58:17        4.20e-02        2.00e+00
       35349210        68.05282       207.10465            6.11        10:58:00        4.20e-02        2.00e+00
DEBUG @ t=35350000: current_coupling=0.042, last=0.042
       35350125        68.04940       208.10531            6.11        10:57:38        4.20e-02        2.00e+00
       35351040        68.04665       209.10627            6.11        10:57:16        4.20e-02        2.00e+00
       35351956        68.04385       210.10683            6.12        10:56:55        4.20e-02        2.00e+00
       35352872        68.03945       211.10721            6.12        10:56:34        4.20e-02        2.00e+00
       35353765        68.03687       212.10794            6.12        10:56:09        4.20e-02        2.00e+00
       35354626        68.03317       213.10849            6.12        10:55:37        4.20e-02        2.00e+00
       35355556        68.03170       214.10941            6.12        10:55:18        4.20e-02        2.00e+00
       35356498        68.03069       215.10964            6.12        10:55:01        4.20e-02        2.00e+00
       35357361        68.02952       216.11075            6.13        10:54:29        4.20e-02        2.00e+00
       35358356        68.02807       217.11078            6.12        10:54:22        4.20e-02        2.00e+00
       35359316        68.02706       218.11100            6.12        10:54:09        4.20e-02        2.00e+00
DEBUG @ t=35360000: current_coupling=0.042, last=0.042
       35360236        68.02800       219.11128            6.13        10:53:47        4.20e-02        2.00e+00
       35361271        68.03107       220.11221            6.12        10:53:45        4.20e-02        2.00e+00
       35362318        68.03670       221.11299            6.12        10:53:43        4.20e-02        2.00e+00
       35363334        68.03358       222.11374            6.12        10:53:41        4.20e-02        2.00e+00
       35364334        68.03292       223.11467            6.12        10:53:34        4.20e-02        2.00e+00
       35365362        68.03147       224.11533            6.12        10:53:33        4.20e-02        2.00e+00
       35366398        68.02964       225.11555            6.11        10:53:34        4.20e-02        2.00e+00
       35367358        68.02752       226.11592            6.11        10:53:20        4.20e-02        2.00e+00
       35368368        68.02589       227.11686            6.11        10:53:16        4.20e-02        2.00e+00
       35369299        68.02368       228.11730            6.11        10:52:57        4.20e-02        2.00e+00
DEBUG @ t=35370000: current_coupling=0.042, last=0.042
       35370325        68.02297       229.11807            6.11        10:52:55        4.20e-02        2.00e+00
       35371296        68.02145       230.11887            6.11        10:52:43        4.20e-02        2.00e+00
       35372236        68.02059       231.11919            6.11        10:52:26        4.20e-02        2.00e+00
       35373174        68.01804       232.11991            6.11        10:52:09        4.20e-02        2.00e+00
       35374164        68.01680       233.11996            6.11        10:52:00        4.20e-02        2.00e+00
       35375146        68.01387       234.12081            6.11        10:51:51        4.20e-02        2.00e+00
       35376042        68.01145       235.12104            6.11        10:51:27        4.20e-02        2.00e+00
       35376994        68.01067       236.12136            6.11        10:51:12        4.20e-02        2.00e+00
       35377971        68.00937       237.12227            6.11        10:51:01        4.20e-02        2.00e+00
       35378895        68.00786       238.12241            6.11        10:50:41        4.20e-02        2.00e+00
       35379804        68.00625       239.12266            6.11        10:50:19        4.20e-02        2.00e+00
DEBUG @ t=35380000: current_coupling=0.042, last=0.042
       35380726        68.00494       240.12313            6.11        10:49:59        4.20e-02        2.00e+00
       35381709        68.00484       241.12352            6.11        10:49:48        4.20e-02        2.00e+00
       35382729        68.00516       242.12448            6.11        10:49:44        4.20e-02        2.00e+00
       35383727        68.01040       243.12527            6.11        10:49:33        4.20e-02        2.00e+00
       35384682        68.00970       244.12611            6.11        10:49:18        4.20e-02        2.00e+00
       35385649        68.00759       245.12614            6.11        10:49:06        4.20e-02        2.00e+00
       35386526        68.00615       246.12678            6.11        10:48:38        4.20e-02        2.00e+00
       35387452        68.00617       247.12716            6.11        10:48:18        4.20e-02        2.00e+00
       35388356        68.00409       248.12726            6.12        10:47:56        4.20e-02        2.00e+00
       35389220        68.00421       249.12827            6.12        10:47:26        4.20e-02        2.00e+00
DEBUG @ t=35390000: current_coupling=0.042, last=0.042
       35390212        68.00622       250.12842            6.12        10:47:16        4.20e-02        2.00e+00
       35391139        68.01223       251.12944            6.12        10:46:53        4.20e-02        2.00e+00
       35392107        68.01725       252.13023            6.12        10:46:37        4.20e-02        2.00e+00
       35393161        68.01443       253.13070            6.12        10:46:39        4.20e-02        2.00e+00
       35394108        68.01317       254.13134            6.12        10:46:24        4.20e-02        2.00e+00
       35395111        68.01232       255.13137            6.12        10:46:17        4.20e-02        2.00e+00
       35396200        68.01439       256.13217            6.11        10:46:21        4.20e-02        2.00e+00
       35397293        68.01626       257.13294            6.11        10:46:27        4.20e-02        2.00e+00
       35398305        68.01828       258.13319            6.11        10:46:19        4.20e-02        2.00e+00
       35399305        68.01844       259.13363            6.11        10:46:11        4.20e-02        2.00e+00
DEBUG @ t=35400000: current_coupling=0.042, last=0.042
[HDF5 Writer DEBUG] timestep=35400000, current_time_ps=259.852, last_output_time=259.8442965806138, write_count=24634
       35400271        68.01827       260.13379            6.11        10:45:57        4.20e-02        2.00e+00
       35401281        68.01707       261.13404            6.11        10:45:51        4.20e-02        2.00e+00
       35402224        68.01528       262.13407            6.11        10:45:35        4.20e-02        2.00e+00
       35403132        68.01339       263.13448            6.11        10:45:14        4.20e-02        2.00e+00
       35404119        68.01385       264.13509            6.11        10:45:03        4.20e-02        2.00e+00
       35405190        68.01383       265.13570            6.10        10:45:05        4.20e-02        2.00e+00
       35406235        68.01381       266.13633            6.10        10:45:03        4.20e-02        2.00e+00
       35407228        68.01411       267.13692            6.10        10:44:53        4.20e-02        2.00e+00
       35408259        68.01324       268.13713            6.10        10:44:50        4.20e-02        2.00e+00
       35409217        68.01067       269.13751            6.10        10:44:36        4.20e-02        2.00e+00
DEBUG @ t=35410000: current_coupling=0.042, last=0.042
       35410188        68.00881       270.13782            6.10        10:44:24        4.20e-02        2.00e+00
       35411212        68.00830       271.13817            6.10        10:44:19        4.20e-02        2.00e+00
       35412243        68.01004       272.13887            6.10        10:44:14        4.20e-02        2.00e+00
       35413274        68.01301       273.13965            6.10        10:44:08        4.20e-02        2.00e+00
       35414167        68.01136       274.14049            6.10        10:43:44        4.20e-02        2.00e+00
       35415086        68.01145       275.14144            6.10        10:43:23        4.20e-02        2.00e+00
       35416090        68.01213       276.14204            6.10        10:43:15        4.20e-02        2.00e+00
       35417105        68.01560       277.14232            6.10        10:43:06        4.20e-02        2.00e+00
       35418001        68.01555       278.14326            6.10        10:42:42        4.20e-02        2.00e+00
       35418816        68.01382       279.14412            6.10        10:42:07        4.20e-02        2.00e+00
       35419626        68.01248       280.14442            6.10        10:41:32        4.20e-02        2.00e+00
DEBUG @ t=35420000: current_coupling=0.042, last=0.042
       35420525        68.01276       281.14514            6.11        10:41:08        4.20e-02        2.00e+00
       35421318        68.01133       282.14585            6.11        10:40:31        4.20e-02        2.00e+00
       35422268        68.01101       283.14593            6.11        10:40:15        4.20e-02        2.00e+00
       35423148        68.00954       284.14691            6.11        10:39:50        4.20e-02        2.00e+00
       35424136        68.01082       285.14738            6.11        10:39:39        4.20e-02        2.00e+00
       35425151        68.01369       286.14738            6.11        10:39:31        4.20e-02        2.00e+00
       35426179        68.01933       287.14826            6.11        10:39:23        4.20e-02        2.00e+00
       35427189        68.02266       288.14849            6.11        10:39:13        4.20e-02        2.00e+00
       35428272        68.03102       289.14895            6.11        10:39:11        4.20e-02        2.00e+00
       35429226        68.03106       290.15003            6.11        10:38:56        4.20e-02        2.00e+00
DEBUG @ t=35430000: current_coupling=0.042, last=0.042
       35430212        68.02896       291.15005            6.11        10:38:46        4.20e-02        2.00e+00
       35431232        68.02690       292.15024            6.11        10:38:41        4.20e-02        2.00e+00
       35432214        68.02780       293.15041            6.10        10:38:29        4.20e-02        2.00e+00
       35433287        68.03020       294.15116            6.10        10:38:28        4.20e-02        2.00e+00
       35434356        68.03051       295.15167            6.10        10:38:28        4.20e-02        2.00e+00
       35435306        68.02874       296.15244            6.10        10:38:13        4.20e-02        2.00e+00
       35436277        68.02696       297.15275            6.10        10:38:00        4.20e-02        2.00e+00
       35437313        68.02518       298.15284            6.10        10:37:57        4.20e-02        2.00e+00
       35438289        68.02280       299.15380            6.10        10:37:46        4.20e-02        2.00e+00
       35439231        68.02032       300.15436            6.10        10:37:30        4.20e-02        2.00e+00
DEBUG @ t=35440000: current_coupling=0.042, last=0.042
       35440251        68.01897       301.15450            6.10        10:37:24        4.20e-02        2.00e+00
       35441226        68.01678       302.15457            6.10        10:37:12        4.20e-02        2.00e+00
       35442239        68.01649       303.15519            6.10        10:37:05        4.20e-02        2.00e+00
       35443294        68.01511       304.15544            6.09        10:37:03        4.20e-02        2.00e+00
       35444235        68.01358       305.15560            6.09        10:36:47        4.20e-02        2.00e+00
       35445141        68.01246       306.15590            6.10        10:36:26        4.20e-02        2.00e+00
       35446088        68.01059       307.15682            6.10        10:36:10        4.20e-02        2.00e+00
       35447088        68.00934       308.15711            6.09        10:36:01        4.20e-02        2.00e+00
       35448070        68.00702       309.15795            6.09        10:35:51        4.20e-02        2.00e+00
       35448987        68.00539       310.15844            6.09        10:35:31        4.20e-02        2.00e+00
       35449888        68.00343       311.15848            6.10        10:35:10        4.20e-02        2.00e+00
DEBUG @ t=35450000: current_coupling=0.042, last=0.042
       35450819        68.00156       312.15868            6.10        10:34:53        4.20e-02        2.00e+00
       35451767        67.99961       313.15885            6.10        10:34:38        4.20e-02        2.00e+00
       35452693        67.99866       314.15996            6.10        10:34:19        4.20e-02        2.00e+00
       35453622        68.00110       315.16011            6.10        10:33:59        4.20e-02        2.00e+00
       35454667        68.00760       316.16035            6.10        10:33:52        4.20e-02        2.00e+00
       35455630        68.00623       317.16035            6.10        10:33:38        4.20e-02        2.00e+00
       35456501        68.00634       318.16060            6.10        10:33:12        4.20e-02        2.00e+00
       35457534        68.00855       319.16158            6.10        10:33:05        4.20e-02        2.00e+00
       35458519        68.00863       320.16225            6.10        10:32:54        4.20e-02        2.00e+00
       35459530        68.01063       321.16280            6.10        10:32:44        4.20e-02        2.00e+00
DEBUG @ t=35460000: current_coupling=0.042, last=0.042
       35460405        68.01067       322.16297            6.10        10:32:19        4.20e-02        2.00e+00
       35461447        68.00904       323.16352            6.10        10:32:15        4.20e-02        2.00e+00
       35462364        68.00854       324.16428            6.10        10:31:56        4.20e-02        2.00e+00
       35463291        68.00953       325.16513            6.10        10:31:36        4.20e-02        2.00e+00
       35464241        68.00818       326.16603            6.10        10:31:21        4.20e-02        2.00e+00
       35465186        68.00542       327.16664            6.10        10:31:06        4.20e-02        2.00e+00
       35466098        68.00299       328.16748            6.10        10:30:47        4.20e-02        2.00e+00
       35467037        68.00133       329.16841            6.10        10:30:31        4.20e-02        2.00e+00
       35467969        68.00070       330.16910            6.10        10:30:13        4.20e-02        2.00e+00
       35468910        67.99965       331.16987            6.10        10:29:57        4.20e-02        2.00e+00
       35469904        67.99851       332.17063            6.10        10:29:47        4.20e-02        2.00e+00
DEBUG @ t=35470000: current_coupling=0.042, last=0.042
       35470873        67.99732       333.17118            6.10        10:29:34        4.20e-02        2.00e+00
       35471795        67.99576       334.17119            6.10        10:29:16        4.20e-02        2.00e+00
       35472731        67.99477       335.17221            6.10        10:28:59        4.20e-02        2.00e+00
       35473665        67.99404       336.17255            6.10        10:28:42        4.20e-02        2.00e+00
       35474599        67.99513       337.17306            6.10        10:28:24        4.20e-02        2.00e+00
       35475626        67.99631       338.17308            6.10        10:28:16        4.20e-02        2.00e+00
       35476595        67.99666       339.17321            6.10        10:28:03        4.20e-02        2.00e+00
       35477440        67.99456       340.17380            6.10        10:27:36        4.20e-02        2.00e+00
       35478335        67.99443       341.17478            6.10        10:27:14        4.20e-02        2.00e+00
       35479207        67.99295       342.17487            6.11        10:26:50        4.20e-02        2.00e+00
DEBUG @ t=35480000: current_coupling=0.042, last=0.042
       35480114        67.99207       343.17512            6.11        10:26:31        4.20e-02        2.00e+00
       35481050        67.99066       344.17553            6.11        10:26:14        4.20e-02        2.00e+00
       35481963        67.98869       345.17648            6.11        10:25:55        4.20e-02        2.00e+00
       35482871        67.98578       346.17662            6.11        10:25:37        4.20e-02        2.00e+00
       35483813        67.98380       347.17712            6.11        10:25:21        4.20e-02        2.00e+00
       35484751        67.98392       348.17823            6.11        10:25:05        4.20e-02        2.00e+00
       35485633        67.98222       349.17889            6.11        10:24:42        4.20e-02        2.00e+00
       35486480        67.98154       350.17922            6.11        10:24:16        4.20e-02        2.00e+00
       35487393        67.98158       351.18019            6.11        10:23:56        4.20e-02        2.00e+00
       35488328        67.98144       352.18056            6.11        10:23:39        4.20e-02        2.00e+00
       35489243        67.97959       353.18151            6.11        10:23:21        4.20e-02        2.00e+00
DEBUG @ t=35490000: current_coupling=0.042, last=0.042
       35490148        67.97843       354.18230            6.12        10:23:01        4.20e-02        2.00e+00
       35491084        67.97982       355.18320            6.12        10:22:44        4.20e-02        2.00e+00
       35492036        67.97881       356.18422            6.12        10:22:29        4.20e-02        2.00e+00
       35492968        67.97748       357.18449            6.12        10:22:12        4.20e-02        2.00e+00
       35493911        67.97682       358.18451            6.12        10:21:57        4.20e-02        2.00e+00
       35494888        67.97636       359.18503            6.12        10:21:45        4.20e-02        2.00e+00
       35495893        67.97532       360.18534            6.12        10:21:36        4.20e-02        2.00e+00
       35496890        67.97496       361.18548            6.11        10:21:26        4.20e-02        2.00e+00
       35497816        67.97547       362.18565            6.12        10:21:08        4.20e-02        2.00e+00
       35498722        67.97679       363.18583            6.12        10:20:47        4.20e-02        2.00e+00
       35499683        67.97903       364.18675            6.12        10:20:32        4.20e-02        2.00e+00
DEBUG @ t=35500000: current_coupling=0.042, last=0.042
[HDF5 Writer DEBUG] timestep=35500000, current_time_ps=364.515, last_output_time=364.50776487016765, write_count=34560
       35500637        67.98030       365.18711            6.12        10:20:16        4.20e-02        2.00e+00
       35501559        67.97984       366.18714            6.12        10:19:58        4.20e-02        2.00e+00
       35502584        67.98062       367.18721            6.12        10:19:51        4.20e-02        2.00e+00
       35503554        67.98048       368.18809            6.12        10:19:37        4.20e-02        2.00e+00
       35504426        67.97889       369.18875            6.12        10:19:15        4.20e-02        2.00e+00
       35505351        67.98097       370.18934            6.12        10:18:56        4.20e-02        2.00e+00
       35506252        67.97964       371.19019            6.12        10:18:36        4.20e-02        2.00e+00
       35507146        67.97838       372.19032            6.12        10:18:16        4.20e-02        2.00e+00
       35508046        67.97817       373.19103            6.12        10:17:56        4.20e-02        2.00e+00
       35508980        67.97800       374.19195            6.12        10:17:39        4.20e-02        2.00e+00
       35509942        67.97690       375.19207            6.12        10:17:26        4.20e-02        2.00e+00
DEBUG @ t=35510000: current_coupling=0.042, last=0.042
       35510884        67.97494       376.19300            6.12        10:17:11        4.20e-02        2.00e+00
       35511805        67.97360       377.19340            6.12        10:16:53        4.20e-02        2.00e+00
       35512758        67.97273       378.19409            6.12        10:16:39        4.20e-02        2.00e+00
       35513741        67.97260       379.19418            6.12        10:16:27        4.20e-02        2.00e+00
       35514679        67.97151       380.19423            6.12        10:16:12        4.20e-02        2.00e+00
       35515599        67.97074       381.19525            6.12        10:15:54        4.20e-02        2.00e+00
       35516572        67.96986       382.19575            6.12        10:15:42        4.20e-02        2.00e+00
       35517506        67.96902       383.19669            6.12        10:15:25        4.20e-02        2.00e+00
       35518411        67.96979       384.19732            6.12        10:15:05        4.20e-02        2.00e+00
       35519325        67.96909       385.19744            6.12        10:14:47        4.20e-02        2.00e+00
DEBUG @ t=35520000: current_coupling=0.042, last=0.042
       35520264        67.96822       386.19777            6.12        10:14:31        4.20e-02        2.00e+00
       35521235        67.96976       387.19791            6.12        10:14:18        4.20e-02        2.00e+00
       35522154        67.97114       388.19853            6.13        10:13:59        4.20e-02        2.00e+00
       35523141        67.97072       389.19897            6.13        10:13:48        4.20e-02        2.00e+00
       35524229        67.97184       390.19906            6.12        10:13:46        4.20e-02        2.00e+00
       35525260        67.97397       391.19975            6.12        10:13:37        4.20e-02        2.00e+00
       35526211        67.97502       392.20059            6.12        10:13:22        4.20e-02        2.00e+00
       35527083        67.97541       393.20118            6.12        10:12:59        4.20e-02        2.00e+00
       35528065        67.97611       394.20198            6.12        10:12:47        4.20e-02        2.00e+00
       35529078        67.97925       395.20225            6.12        10:12:36        4.20e-02        2.00e+00
DEBUG @ t=35530000: current_coupling=0.042, last=0.042
       35530045        67.97906       396.20328            6.12        10:12:23        4.20e-02        2.00e+00
       35531039        67.97962       397.20370            6.12        10:12:12        4.20e-02        2.00e+00
       35532002        67.98096       398.20376            6.12        10:11:57        4.20e-02        2.00e+00
       35532923        67.98068       399.20427            6.12        10:11:39        4.20e-02        2.00e+00
Added F(k,t) reference 2 at t = 400.003 ps
       35533858        67.97917       400.20472            6.12        10:11:24        4.20e-02        2.00e+00
       35534838        67.97771       401.20543            6.12        10:11:12        4.20e-02        2.00e+00
       35535818        67.97711       402.20601            6.12        10:11:00        4.20e-02        2.00e+00
       35536750        67.97813       403.20602            6.12        10:10:43        4.20e-02        2.00e+00
       35537689        67.97720       404.20691            6.12        10:10:28        4.20e-02        2.00e+00
       35538648        67.97836       405.20709            6.12        10:10:13        4.20e-02        2.00e+00
       35539562        67.97814       406.20719            6.12        10:09:54        4.20e-02        2.00e+00
DEBUG @ t=35540000: current_coupling=0.042, last=0.042
       35540484        67.97728       407.20729            6.12        10:09:37        4.20e-02        2.00e+00
       35541424        67.97657       408.20770            6.12        10:09:22        4.20e-02        2.00e+00
       35542392        67.97554       409.20804            6.12        10:09:09        4.20e-02        2.00e+00
       35543425        67.97486       410.20888            6.12        10:09:02        4.20e-02        2.00e+00
       35544361        67.97451       411.20962            6.12        10:08:46        4.20e-02        2.00e+00
       35545342        67.97596       412.21033            6.12        10:08:33        4.20e-02        2.00e+00
       35546298        67.97677       413.21136            6.12        10:08:18        4.20e-02        2.00e+00
       35547316        67.98054       414.21199            6.12        10:08:07        4.20e-02        2.00e+00
       35548297        67.98002       415.21263            6.12        10:07:55        4.20e-02        2.00e+00
       35549183        67.97891       416.21290            6.12        10:07:35        4.20e-02        2.00e+00
DEBUG @ t=35550000: current_coupling=0.042, last=0.042
       35550078        67.97779       417.21398            6.12        10:07:16        4.20e-02        2.00e+00
       35550999        67.97927       418.21488            6.13        10:06:57        4.20e-02        2.00e+00
       35551984        67.98035       419.21517            6.12        10:06:45        4.20e-02        2.00e+00
       35552950        67.98019       420.21610            6.12        10:06:31        4.20e-02        2.00e+00
       35553864        67.97973       421.21691            6.13        10:06:13        4.20e-02        2.00e+00
       35554768        67.98011       422.21716            6.13        10:05:54        4.20e-02        2.00e+00
       35555657        67.98084       423.21739            6.13        10:05:33        4.20e-02        2.00e+00
       35556585        67.98335       424.21827            6.13        10:05:15        4.20e-02        2.00e+00
       35557545        67.98524       425.21829            6.13        10:05:00        4.20e-02        2.00e+00
       35558489        67.98541       426.21928            6.13        10:04:45        4.20e-02        2.00e+00
       35559406        67.98497       427.21970            6.13        10:04:27        4.20e-02        2.00e+00
DEBUG @ t=35560000: current_coupling=0.042, last=0.042
       35560278        67.98466       428.21984            6.13        10:04:05        4.20e-02        2.00e+00
       35561279        67.98398       429.22074            6.13        10:03:55        4.20e-02        2.00e+00
       35562225        67.98264       430.22129            6.13        10:03:41        4.20e-02        2.00e+00
       35563156        67.98333       431.22191            6.13        10:03:24        4.20e-02        2.00e+00
       35564074        67.98247       432.22233            6.13        10:03:07        4.20e-02        2.00e+00
       35564970        67.98150       433.22316            6.13        10:02:48        4.20e-02        2.00e+00
       35565919        67.98055       434.22405            6.13        10:02:33        4.20e-02        2.00e+00
       35566865        67.97916       435.22463            6.13        10:02:19        4.20e-02        2.00e+00
       35567770        67.97831       436.22564            6.13        10:02:01        4.20e-02        2.00e+00
       35568720        67.97759       437.22653            6.13        10:01:46        4.20e-02        2.00e+00
       35569584        67.97721       438.22657            6.13        10:01:24        4.20e-02        2.00e+00
DEBUG @ t=35570000: current_coupling=0.042, last=0.042
       35570441        67.97589       439.22727            6.14        10:01:02        4.20e-02        2.00e+00
       35571440        67.97480       440.22786            6.13        10:00:52        4.20e-02        2.00e+00
       35572394        67.97371       441.22789            6.13        10:00:38        4.20e-02        2.00e+00
       35573265        67.97289       442.22903            6.14        10:00:17        4.20e-02        2.00e+00
       35574210        67.97320       443.22961            6.14        10:00:02        4.20e-02        2.00e+00
       35575104        67.97400       444.23012            6.14        09:59:42        4.20e-02        2.00e+00
       35575997        67.97499       445.23085            6.14        09:59:22        4.20e-02        2.00e+00
       35576936        67.97514       446.23160            6.14        09:59:06        4.20e-02        2.00e+00
       35577933        67.97524       447.23170            6.14        09:58:55        4.20e-02        2.00e+00
       35578901        67.97617       448.23273            6.14        09:58:42        4.20e-02        2.00e+00
       35579820        67.98018       449.23359            6.14        09:58:22        4.20e-02        2.00e+00
DEBUG @ t=35580000: current_coupling=0.042, last=0.042
       35580747        67.98017       450.23449            6.14        09:58:06        4.20e-02        2.00e+00
       35581669        67.98008       451.23498            6.14        09:57:49        4.20e-02        2.00e+00
       35582637        67.97985       452.23559            6.14        09:57:36        4.20e-02        2.00e+00
       35583594        67.98126       453.23585            6.14        09:57:21        4.20e-02        2.00e+00
       35584508        67.98035       454.23679            6.14        09:57:03        4.20e-02        2.00e+00
       35585388        67.98036       455.23710            6.14        09:56:43        4.20e-02        2.00e+00
       35586344        67.97998       456.23714            6.14        09:56:29        4.20e-02        2.00e+00
       35587199        67.97895       457.23822            6.14        09:56:07        4.20e-02        2.00e+00
       35588126        67.97829       458.23890            6.14        09:55:51        4.20e-02        2.00e+00
       35589039        67.97724       459.23987            6.14        09:55:34        4.20e-02        2.00e+00
       35589919        67.97653       460.24054            6.14        09:55:14        4.20e-02        2.00e+00
DEBUG @ t=35590000: current_coupling=0.042, last=0.042
       35590819        67.97778       461.24149            6.15        09:54:55        4.20e-02        2.00e+00
       35591755        67.97963       462.24221            6.15        09:54:38        4.20e-02        2.00e+00
       35592693        67.98096       463.24303            6.15        09:54:22        4.20e-02        2.00e+00
       35593659        67.98116       464.24306            6.15        09:54:08        4.20e-02        2.00e+00
       35594611        67.98163       465.24375            6.15        09:53:54        4.20e-02        2.00e+00
       35595528        67.98142       466.24440            6.15        09:53:37        4.20e-02        2.00e+00
       35596550        67.98273       467.24488            6.15        09:53:27        4.20e-02        2.00e+00
       35597504        67.98264       468.24537            6.15        09:53:13        4.20e-02        2.00e+00
       35598372        67.98286       469.24603            6.15        09:52:52        4.20e-02        2.00e+00
       35599386        67.98276       470.24623            6.15        09:52:42        4.20e-02        2.00e+00
DEBUG @ t=35600000: current_coupling=0.042, last=0.042
[HDF5 Writer DEBUG] timestep=35600000, current_time_ps=470.862, last_output_time=470.86099981287344, write_count=44617
       35600382        67.98260       471.24633            6.15        09:52:32        4.20e-02        2.00e+00
       35601253        67.98303       472.24711            6.15        09:52:11        4.20e-02        2.00e+00
       35602155        67.98259       473.24798            6.15        09:51:52        4.20e-02        2.00e+00
       35603089        67.98195       474.24824            6.15        09:51:37        4.20e-02        2.00e+00
       35604073        67.98373       475.24831            6.15        09:51:24        4.20e-02        2.00e+00
       35605032        67.98299       476.24843            6.15        09:51:11        4.20e-02        2.00e+00
       35606012        67.98203       477.24904            6.15        09:50:59        4.20e-02        2.00e+00
       35607028        67.98283       478.24999            6.15        09:50:49        4.20e-02        2.00e+00
       35608048        67.98241       479.25018            6.15        09:50:40        4.20e-02        2.00e+00
       35609066        67.98124       480.25072            6.14        09:50:32        4.20e-02        2.00e+00
DEBUG @ t=35610000: current_coupling=0.042, last=0.042
       35610096        67.98008       481.25102            6.14        09:50:24        4.20e-02        2.00e+00
       35611145        67.97953       482.25196            6.14        09:50:17        4.20e-02        2.00e+00
       35612099        67.97815       483.25236            6.14        09:50:04        4.20e-02        2.00e+00
       35613054        67.97785       484.25266            6.14        09:49:50        4.20e-02        2.00e+00
       35613985        67.97709       485.25344            6.14        09:49:34        4.20e-02        2.00e+00
       35614874        67.97559       486.25391            6.14        09:49:15        4.20e-02        2.00e+00
       35615802        67.97471       487.25456            6.14        09:49:00        4.20e-02        2.00e+00
       35616834        67.97432       488.25480            6.14        09:48:52        4.20e-02        2.00e+00
       35617870        67.97346       489.25570            6.14        09:48:44        4.20e-02        2.00e+00
       35618887        67.97539       490.25610            6.14        09:48:33        4.20e-02        2.00e+00
       35619926        67.97739       491.25646            6.14        09:48:24        4.20e-02        2.00e+00
DEBUG @ t=35620000: current_coupling=0.042, last=0.042
       35620881        67.97632       492.25700            6.14        09:48:11        4.20e-02        2.00e+00
       35621775        67.97594       493.25743            6.14        09:47:52        4.20e-02        2.00e+00
       35622755        67.97918       494.25785            6.14        09:47:38        4.20e-02        2.00e+00
       35623775        67.97904       495.25832            6.14        09:47:29        4.20e-02        2.00e+00
       35624768        67.97876       496.25862            6.14        09:47:18        4.20e-02        2.00e+00
       35625776        67.97847       497.25936            6.14        09:47:07        4.20e-02        2.00e+00
       35626662        67.97793       498.25945            6.14        09:46:48        4.20e-02        2.00e+00
       35627576        67.97909       499.25953            6.14        09:46:30        4.20e-02        2.00e+00
       35628502        67.97942       500.26016            6.14        09:46:14        4.20e-02        2.00e+00
       35629509        67.97908       501.26106            6.14        09:46:04        4.20e-02        2.00e+00
DEBUG @ t=35630000: current_coupling=0.042, last=0.042
       35630420        67.97786       502.26123            6.14        09:45:47        4.20e-02        2.00e+00
       35631506        67.97764       503.26133            6.14        09:45:42        4.20e-02        2.00e+00
       35632499        67.97543       504.26232            6.14        09:45:32        4.20e-02        2.00e+00
       35633450        67.97439       505.26247            6.14        09:45:18        4.20e-02        2.00e+00
       35634484        67.97345       506.26339            6.14        09:45:10        4.20e-02        2.00e+00
       35635483        67.97438       507.26342            6.14        09:44:58        4.20e-02        2.00e+00
       35636464        67.97485       508.26388            6.14        09:44:46        4.20e-02        2.00e+00
       35637497        67.97595       509.26453            6.14        09:44:36        4.20e-02        2.00e+00
       35638588        67.97805       510.26464            6.13        09:44:31        4.20e-02        2.00e+00
       35639639        67.98048       511.26510            6.13        09:44:22        4.20e-02        2.00e+00
DEBUG @ t=35640000: current_coupling=0.042, last=0.042
       35640612        67.98112       512.26569            6.13        09:44:09        4.20e-02        2.00e+00
       35641590        67.98129       513.26591            6.13        09:43:56        4.20e-02        2.00e+00
       35642580        67.98273       514.26666            6.13        09:43:43        4.20e-02        2.00e+00
       35643511        67.98271       515.26750            6.13        09:43:27        4.20e-02        2.00e+00
       35644463        67.98235       516.26765            6.13        09:43:13        4.20e-02        2.00e+00
       35645435        67.98305       517.26829            6.13        09:43:00        4.20e-02        2.00e+00
       35646357        67.98220       518.26900            6.13        09:42:43        4.20e-02        2.00e+00
       35647297        67.98113       519.26928            6.13        09:42:29        4.20e-02        2.00e+00
       35648212        67.98066       520.26994            6.13        09:42:12        4.20e-02        2.00e+00
       35649147        67.97988       521.27066            6.13        09:41:56        4.20e-02        2.00e+00
DEBUG @ t=35650000: current_coupling=0.042, last=0.042
       35650075        67.97913       522.27168            6.13        09:41:40        4.20e-02        2.00e+00
       35651026        67.97862       523.27171            6.13        09:41:26        4.20e-02        2.00e+00
       35651951        67.97831       524.27176            6.13        09:41:10        4.20e-02        2.00e+00
       35652846        67.97822       525.27265            6.13        09:40:52        4.20e-02        2.00e+00
       35653770        67.97864       526.27268            6.14        09:40:35        4.20e-02        2.00e+00
       35654755        67.97986       527.27351            6.14        09:40:22        4.20e-02        2.00e+00
       35655736        67.97982       528.27430            6.13        09:40:10        4.20e-02        2.00e+00
       35656672        67.97995       529.27478            6.14        09:39:54        4.20e-02        2.00e+00
       35657685        67.98474       530.27500            6.13        09:39:41        4.20e-02        2.00e+00
       35658600        67.98455       531.27520            6.14        09:39:24        4.20e-02        2.00e+00
       35659495        67.98319       532.27608            6.14        09:39:07        4.20e-02        2.00e+00
DEBUG @ t=35660000: current_coupling=0.042, last=0.042
       35660416        67.98275       533.27666            6.14        09:38:50        4.20e-02        2.00e+00
       35661341        67.98349       534.27770            6.14        09:38:33        4.20e-02        2.00e+00
       35662315        67.98246       535.27851            6.14        09:38:21        4.20e-02        2.00e+00
       35663247        67.98137       536.27851            6.14        09:38:06        4.20e-02        2.00e+00
       35664184        67.98162       537.27857            6.14        09:37:50        4.20e-02        2.00e+00
       35665141        67.98449       538.27880            6.14        09:37:35        4.20e-02        2.00e+00
       35666195        67.98642       539.27941            6.14        09:37:26        4.20e-02        2.00e+00
       35667117        67.98726       540.27991            6.14        09:37:09        4.20e-02        2.00e+00
       35667988        67.98730       541.28023            6.14        09:36:49        4.20e-02        2.00e+00
       35668887        67.98628       542.28102            6.14        09:36:32        4.20e-02        2.00e+00
       35669865        67.98570       543.28123            6.14        09:36:19        4.20e-02        2.00e+00
DEBUG @ t=35670000: current_coupling=0.042, last=0.042
       35670853        67.98456       544.28178            6.14        09:36:08        4.20e-02        2.00e+00
       35671798        67.98411       545.28258            6.14        09:35:53        4.20e-02        2.00e+00
       35672769        67.98486       546.28340            6.14        09:35:40        4.20e-02        2.00e+00
       35673659        67.98421       547.28386            6.14        09:35:21        4.20e-02        2.00e+00
       35674547        67.98511       548.28459            6.14        09:35:02        4.20e-02        2.00e+00
       35675499        67.98502       549.28508            6.14        09:34:48        4.20e-02        2.00e+00
       35676457        67.98642       550.28528            6.14        09:34:33        4.20e-02        2.00e+00
       35677415        67.98664       551.28614            6.14        09:34:19        4.20e-02        2.00e+00
       35678346        67.98615       552.28704            6.14        09:34:03        4.20e-02        2.00e+00
       35679286        67.98612       553.28711            6.14        09:33:48        4.20e-02        2.00e+00
DEBUG @ t=35680000: current_coupling=0.042, last=0.042
       35680245        67.98545       554.28724            6.14        09:33:35        4.20e-02        2.00e+00
       35681145        67.98474       555.28776            6.14        09:33:17        4.20e-02        2.00e+00
       35682058        67.98421       556.28846            6.14        09:33:01        4.20e-02        2.00e+00
       35682991        67.98345       557.28852            6.14        09:32:45        4.20e-02        2.00e+00
       35683874        67.98248       558.28864            6.14        09:32:27        4.20e-02        2.00e+00
       35684716        67.98155       559.28979            6.14        09:32:06        4.20e-02        2.00e+00
       35685586        67.98179       560.29027            6.14        09:31:46        4.20e-02        2.00e+00
       35686502        67.98307       561.29125            6.14        09:31:29        4.20e-02        2.00e+00
       35687371        67.98450       562.29178            6.15        09:31:09        4.20e-02        2.00e+00
       35688314        67.98417       563.29200            6.15        09:30:54        4.20e-02        2.00e+00
       35689247        67.98396       564.29205            6.15        09:30:39        4.20e-02        2.00e+00
DEBUG @ t=35690000: current_coupling=0.042, last=0.042
       35690174        67.98441       565.29233            6.15        09:30:22        4.20e-02        2.00e+00
       35691067        67.98333       566.29282            6.15        09:30:05        4.20e-02        2.00e+00
       35691981        67.98294       567.29330            6.15        09:29:48        4.20e-02        2.00e+00
       35692913        67.98187       568.29367            6.15        09:29:33        4.20e-02        2.00e+00
       35693854        67.98186       569.29402            6.15        09:29:18        4.20e-02        2.00e+00
       35694782        67.98075       570.29505            6.15        09:29:03        4.20e-02        2.00e+00
       35695653        67.97973       571.29516            6.15        09:28:44        4.20e-02        2.00e+00
       35696542        67.97945       572.29615            6.15        09:28:26        4.20e-02        2.00e+00
       35697515        67.97914       573.29681            6.15        09:28:13        4.20e-02        2.00e+00
       35698489        67.97944       574.29708            6.15        09:28:00        4.20e-02        2.00e+00
       35699442        67.97976       575.29723            6.15        09:27:46        4.20e-02        2.00e+00
DEBUG @ t=35700000: current_coupling=0.042, last=0.042
[HDF5 Writer DEBUG] timestep=35700000, current_time_ps=575.862, last_output_time=575.8530103105073, write_count=54589
       35700430        67.98406       576.29731            6.15        09:27:32        4.20e-02        2.00e+00
       35701357        67.98334       577.29777            6.15        09:27:16        4.20e-02        2.00e+00
       35702326        67.98455       578.29793            6.15        09:27:03        4.20e-02        2.00e+00
       35703227        67.98526       579.29803            6.15        09:26:45        4.20e-02        2.00e+00
       35704185        67.98521       580.29894            6.15        09:26:31        4.20e-02        2.00e+00
       35705089        67.98447       581.30004            6.15        09:26:14        4.20e-02        2.00e+00
       35706046        67.98371       582.30007            6.15        09:26:00        4.20e-02        2.00e+00
       35706980        67.98346       583.30034            6.15        09:25:45        4.20e-02        2.00e+00
       35707826        67.98337       584.30065            6.15        09:25:25        4.20e-02        2.00e+00
       35708699        67.98404       585.30076            6.15        09:25:05        4.20e-02        2.00e+00
       35709783        67.98622       586.30113            6.15        09:24:58        4.20e-02        2.00e+00
DEBUG @ t=35710000: current_coupling=0.042, last=0.042
       35710826        67.98577       587.30156            6.15        09:24:49        4.20e-02        2.00e+00
       35711827        67.98573       588.30246            6.15        09:24:38        4.20e-02        2.00e+00
       35712777        67.98490       589.30296            6.15        09:24:24        4.20e-02        2.00e+00
       35713727        67.98442       590.30380            6.15        09:24:10        4.20e-02        2.00e+00
       35714694        67.98408       591.30407            6.15        09:23:57        4.20e-02        2.00e+00
       35715645        67.98661       592.30482            6.15        09:23:41        4.20e-02        2.00e+00
       35716552        67.98707       593.30513            6.15        09:23:24        4.20e-02        2.00e+00
       35717530        67.98658       594.30527            6.15        09:23:12        4.20e-02        2.00e+00
       35718630        67.98732       595.30588            6.15        09:23:06        4.20e-02        2.00e+00
       35719648        67.98769       596.30598            6.15        09:22:55        4.20e-02        2.00e+00
DEBUG @ t=35720000: current_coupling=0.042, last=0.042
       35720773        67.98828       597.30676            6.15        09:22:51        4.20e-02        2.00e+00
       35721929        67.98814       598.30682            6.14        09:22:49        4.20e-02        2.00e+00
       35722970        67.98887       599.30720            6.14        09:22:39        4.20e-02        2.00e+00
Added F(k,t) reference 3 at t = 600.003 ps
       35723970        67.98929       600.30776            6.14        09:22:28        4.20e-02        2.00e+00
       35724910        67.98843       601.30816            6.14        09:22:13        4.20e-02        2.00e+00
       35725812        67.98892       602.30823            6.14        09:21:55        4.20e-02        2.00e+00
       35726815        67.98807       603.30892            6.14        09:21:44        4.20e-02        2.00e+00
       35727795        67.98770       604.30935            6.14        09:21:32        4.20e-02        2.00e+00
       35728730        67.98676       605.31001            6.14        09:21:17        4.20e-02        2.00e+00
       35729775        67.98712       606.31082            6.14        09:21:08        4.20e-02        2.00e+00
DEBUG @ t=35730000: current_coupling=0.042, last=0.042
       35730693        67.98677       607.31194            6.14        09:20:52        4.20e-02        2.00e+00
       35731526        67.98588       608.31207            6.14        09:20:31        4.20e-02        2.00e+00
       35732390        67.98504       609.31216            6.15        09:20:12        4.20e-02        2.00e+00
       35733382        67.98462       610.31260            6.14        09:20:00        4.20e-02        2.00e+00
       35734294        67.98339       611.31278            6.15        09:19:44        4.20e-02        2.00e+00
       35735237        67.98303       612.31309            6.15        09:19:30        4.20e-02        2.00e+00
       35736183        67.98300       613.31388            6.15        09:19:15        4.20e-02        2.00e+00
       35737178        67.98275       614.31405            6.14        09:19:03        4.20e-02        2.00e+00
       35738148        67.98277       615.31475            6.14        09:18:50        4.20e-02        2.00e+00
       35739083        67.98306       616.31542            6.15        09:18:34        4.20e-02        2.00e+00
DEBUG @ t=35740000: current_coupling=0.042, last=0.042
       35740021        67.98341       617.31639            6.15        09:18:19        4.20e-02        2.00e+00
       35740998        67.98289       618.31698            6.14        09:18:07        4.20e-02        2.00e+00
       35741956        67.98319       619.31797            6.15        09:17:52        4.20e-02        2.00e+00
       35742918        67.98271       620.31843            6.14        09:17:39        4.20e-02        2.00e+00
       35743879        67.98163       621.31903            6.14        09:17:26        4.20e-02        2.00e+00
       35744811        67.98073       622.31965            6.14        09:17:11        4.20e-02        2.00e+00
       35745802        67.97972       623.32003            6.14        09:16:59        4.20e-02        2.00e+00
       35746778        67.97947       624.32027            6.14        09:16:46        4.20e-02        2.00e+00
       35747688        67.97865       625.32039            6.14        09:16:30        4.20e-02        2.00e+00
       35748642        67.97751       626.32134            6.14        09:16:16        4.20e-02        2.00e+00
       35749522        67.97660       627.32179            6.15        09:15:58        4.20e-02        2.00e+00
DEBUG @ t=35750000: current_coupling=0.042, last=0.042
       35750433        67.97668       628.32199            6.15        09:15:42        4.20e-02        2.00e+00
       35751557        67.97864       629.32229            6.14        09:15:36        4.20e-02        2.00e+00
       35752621        67.98053       630.32325            6.14        09:15:27        4.20e-02        2.00e+00
       35753620        67.98246       631.32424            6.14        09:15:14        4.20e-02        2.00e+00
       35754562        67.98191       632.32499            6.14        09:15:00        4.20e-02        2.00e+00
       35755571        67.98116       633.32546            6.14        09:14:49        4.20e-02        2.00e+00
       35756489        67.98157       634.32632            6.14        09:14:32        4.20e-02        2.00e+00
       35757493        67.98166       635.32639            6.14        09:14:21        4.20e-02        2.00e+00
       35758470        67.98114       636.32690            6.14        09:14:08        4.20e-02        2.00e+00
       35759401        67.98030       637.32745            6.14        09:13:53        4.20e-02        2.00e+00
DEBUG @ t=35760000: current_coupling=0.042, last=0.042
       35760464        67.98020       638.32844            6.14        09:13:45        4.20e-02        2.00e+00
       35761431        67.98026       639.32867            6.14        09:13:31        4.20e-02        2.00e+00
       35762478        67.97960       640.32916            6.14        09:13:22        4.20e-02        2.00e+00
       35763508        67.97947       641.32979            6.14        09:13:12        4.20e-02        2.00e+00
       35764432        67.97956       642.33068            6.14        09:12:56        4.20e-02        2.00e+00
       35765333        67.97981       643.33102            6.14        09:12:39        4.20e-02        2.00e+00
       35766273        67.98044       644.33173            6.14        09:12:24        4.20e-02        2.00e+00
       35767236        67.98059       645.33261            6.14        09:12:10        4.20e-02        2.00e+00
       35768211        67.98003       646.33333            6.14        09:11:57        4.20e-02        2.00e+00
       35769169        67.97996       647.33349            6.14        09:11:43        4.20e-02        2.00e+00
DEBUG @ t=35770000: current_coupling=0.042, last=0.042
       35770119        67.98001       648.33367            6.14        09:11:29        4.20e-02        2.00e+00
       35771184        67.98178       649.33387            6.14        09:11:20        4.20e-02        2.00e+00
       35772161        67.98320       650.33410            6.14        09:11:06        4.20e-02        2.00e+00
       35773135        67.98285       651.33453            6.14        09:10:53        4.20e-02        2.00e+00
       35774130        67.98267       652.33543            6.14        09:10:41        4.20e-02        2.00e+00
       35775248        67.98203       653.33615            6.14        09:10:36        4.20e-02        2.00e+00
       35776290        67.98089       654.33655            6.14        09:10:27        4.20e-02        2.00e+00
       35777330        67.98077       655.33706            6.14        09:10:17        4.20e-02        2.00e+00
       35778280        67.98218       656.33759            6.14        09:10:02        4.20e-02        2.00e+00
       35779390        67.98274       657.33789            6.13        09:09:55        4.20e-02        2.00e+00
DEBUG @ t=35780000: current_coupling=0.042, last=0.042
       35780406        67.98230       658.33842            6.13        09:09:44        4.20e-02        2.00e+00
       35781449        67.98173       659.33854            6.13        09:09:35        4.20e-02        2.00e+00
       35782527        67.98118       660.33867            6.13        09:09:28        4.20e-02        2.00e+00
       35783618        67.98110       661.33891            6.13        09:09:20        4.20e-02        2.00e+00
       35784696        67.98055       662.33984            6.13        09:09:13        4.20e-02        2.00e+00
       35785742        67.98047       663.33988            6.13        09:09:03        4.20e-02        2.00e+00
       35786836        67.97970       664.34040            6.13        09:08:56        4.20e-02        2.00e+00
       35787862        67.97917       665.34086            6.13        09:08:46        4.20e-02        2.00e+00
       35788805        67.97904       666.34184            6.13        09:08:31        4.20e-02        2.00e+00
       35789688        67.97919       667.34250            6.13        09:08:13        4.20e-02        2.00e+00
DEBUG @ t=35790000: current_coupling=0.042, last=0.042
       35790563        67.97940       668.34323            6.13        09:07:55        4.20e-02        2.00e+00
       35791471        67.97970       669.34334            6.13        09:07:38        4.20e-02        2.00e+00
       35792484        67.98042       670.34379            6.13        09:07:26        4.20e-02        2.00e+00
       35793377        67.97968       671.34404            6.13        09:07:09        4.20e-02        2.00e+00
       35794323        67.97923       672.34451            6.13        09:06:54        4.20e-02        2.00e+00
       35795279        67.97864       673.34547            6.13        09:06:40        4.20e-02        2.00e+00
       35796234        67.97738       674.34550            6.13        09:06:27        4.20e-02        2.00e+00
       35797200        67.97667       675.34583            6.13        09:06:13        4.20e-02        2.00e+00
       35798127        67.97563       676.34679            6.13        09:05:58        4.20e-02        2.00e+00
       35799115        67.97494       677.34715            6.13        09:05:46        4.20e-02        2.00e+00
DEBUG @ t=35800000: current_coupling=0.042, last=0.042
[HDF5 Writer DEBUG] timestep=35800000, current_time_ps=678.245, last_output_time=678.2363108134559, write_count=64322
       35800099        67.97446       678.34749            6.13        09:05:33        4.20e-02        2.00e+00
       35801144        67.97455       679.34792            6.13        09:05:23        4.20e-02        2.00e+00
       35802170        67.97445       680.34823            6.13        09:05:13        4.20e-02        2.00e+00
       35803087        67.97368       681.34831            6.13        09:04:57        4.20e-02        2.00e+00
       35804027        67.97285       682.34929            6.13        09:04:42        4.20e-02        2.00e+00
       35805018        67.97211       683.34991            6.13        09:04:30        4.20e-02        2.00e+00
       35805963        67.97228       684.35071            6.13        09:04:15        4.20e-02        2.00e+00
       35806874        67.97121       685.35160            6.13        09:03:59        4.20e-02        2.00e+00
       35807774        67.97104       686.35243            6.13        09:03:42        4.20e-02        2.00e+00
       35808642        67.97039       687.35274            6.13        09:03:24        4.20e-02        2.00e+00
       35809521        67.96971       688.35350            6.13        09:03:06        4.20e-02        2.00e+00
DEBUG @ t=35810000: current_coupling=0.042, last=0.042
       35810426        67.96957       689.35353            6.13        09:02:49        4.20e-02        2.00e+00
       35811366        67.96907       690.35448            6.13        09:02:35        4.20e-02        2.00e+00
       35812337        67.96833       691.35477            6.13        09:02:22        4.20e-02        2.00e+00
       35813296        67.96813       692.35572            6.13        09:02:07        4.20e-02        2.00e+00
       35814253        67.96768       693.35629            6.13        09:01:54        4.20e-02        2.00e+00
       35815153        67.96669       694.35735            6.13        09:01:37        4.20e-02        2.00e+00
       35816026        67.96545       695.35747            6.13        09:01:19        4.20e-02        2.00e+00
       35816905        67.96457       696.35849            6.13        09:01:02        4.20e-02        2.00e+00
       35817822        67.96358       697.35884            6.13        09:00:46        4.20e-02        2.00e+00
       35818754        67.96289       698.35951            6.13        09:00:31        4.20e-02        2.00e+00
       35819628        67.96224       699.35972            6.13        09:00:13        4.20e-02        2.00e+00
DEBUG @ t=35820000: current_coupling=0.042, last=0.042
       35820495        67.96323       700.36048            6.13        08:59:54        4.20e-02        2.00e+00
       35821453        67.96342       701.36049            6.13        08:59:40        4.20e-02        2.00e+00
       35822432        67.96339       702.36142            6.13        08:59:27        4.20e-02        2.00e+00
       35823427        67.96310       703.36231            6.13        08:59:15        4.20e-02        2.00e+00
       35824312        67.96175       704.36342            6.13        08:58:58        4.20e-02        2.00e+00
       35825277        67.96247       705.36372            6.13        08:58:44        4.20e-02        2.00e+00
       35826266        67.96363       706.36396            6.13        08:58:31        4.20e-02        2.00e+00
       35827324        67.96299       707.36453            6.13        08:58:22        4.20e-02        2.00e+00
       35828387        67.96264       708.36517            6.13        08:58:13        4.20e-02        2.00e+00
       35829334        67.96191       709.36564            6.13        08:57:58        4.20e-02        2.00e+00
DEBUG @ t=35830000: current_coupling=0.042, last=0.042
       35830299        67.96130       710.36570            6.13        08:57:45        4.20e-02        2.00e+00
       35831268        67.96023       711.36665            6.13        08:57:32        4.20e-02        2.00e+00
       35832213        67.95925       712.36697            6.13        08:57:18        4.20e-02        2.00e+00
       35833245        67.95937       713.36764            6.13        08:57:07        4.20e-02        2.00e+00
       35834182        67.95890       714.36854            6.13        08:56:52        4.20e-02        2.00e+00
       35835104        67.95988       715.36946            6.13        08:56:36        4.20e-02        2.00e+00
       35836021        67.95878       716.37004            6.13        08:56:20        4.20e-02        2.00e+00
       35836961        67.95928       717.37097            6.13        08:56:05        4.20e-02        2.00e+00
       35837916        67.96047       718.37115            6.13        08:55:50        4.20e-02        2.00e+00
       35838884        67.95982       719.37158            6.13        08:55:37        4.20e-02        2.00e+00
       35839863        67.95887       720.37218            6.13        08:55:24        4.20e-02        2.00e+00
DEBUG @ t=35840000: current_coupling=0.042, last=0.042
       35840836        67.96032       721.37226            6.13        08:55:10        4.20e-02        2.00e+00
       35841857        67.96117       722.37245            6.13        08:54:59        4.20e-02        2.00e+00
       35842810        67.96230       723.37283            6.13        08:54:44        4.20e-02        2.00e+00
       35843656        67.96145       724.37314            6.13        08:54:25        4.20e-02        2.00e+00
       35844568        67.96058       725.37376            6.13        08:54:09        4.20e-02        2.00e+00
       35845453        67.95954       726.37441            6.13        08:53:52        4.20e-02        2.00e+00
       35846445        67.95942       727.37470            6.13        08:53:40        4.20e-02        2.00e+00
       35847488        67.96053       728.37527            6.13        08:53:29        4.20e-02        2.00e+00
       35848309        67.96046       729.37597            6.13        08:53:08        4.20e-02        2.00e+00
       35849138        67.96033       730.37674            6.13        08:52:49        4.20e-02        2.00e+00
DEBUG @ t=35850000: current_coupling=0.042, last=0.042
       35850005        67.96098       731.37679            6.13        08:52:30        4.20e-02        2.00e+00
       35850902        67.96143       732.37749            6.14        08:52:13        4.20e-02        2.00e+00
       35851838        67.96138       733.37806            6.14        08:51:58        4.20e-02        2.00e+00
       35852788        67.96104       734.37911            6.14        08:51:44        4.20e-02        2.00e+00
       35853733        67.96088       735.37987            6.14        08:51:29        4.20e-02        2.00e+00
       35854737        67.96299       736.37997            6.14        08:51:16        4.20e-02        2.00e+00
       35855619        67.96291       737.38043            6.14        08:50:59        4.20e-02        2.00e+00
       35856664        67.96307       738.38054            6.14        08:50:48        4.20e-02        2.00e+00
       35857665        67.96271       739.38093            6.13        08:50:36        4.20e-02        2.00e+00
       35858581        67.96208       740.38169            6.14        08:50:21        4.20e-02        2.00e+00
       35859489        67.96194       741.38180            6.14        08:50:05        4.20e-02        2.00e+00
DEBUG @ t=35860000: current_coupling=0.042, last=0.042
       35860350        67.96133       742.38206            6.14        08:49:46        4.20e-02        2.00e+00
       35861305        67.96141       743.38254            6.14        08:49:32        4.20e-02        2.00e+00
       35862316        67.96173       744.38265            6.14        08:49:20        4.20e-02        2.00e+00
       35863353        67.96149       745.38330            6.14        08:49:10        4.20e-02        2.00e+00
       35864260        67.96090       746.38358            6.14        08:48:54        4.20e-02        2.00e+00
       35865281        67.96035       747.38401            6.14        08:48:43        4.20e-02        2.00e+00
       35866204        67.96011       748.38448            6.14        08:48:27        4.20e-02        2.00e+00
       35867108        67.95972       749.38463            6.14        08:48:11        4.20e-02        2.00e+00
       35868047        67.95913       750.38514            6.14        08:47:56        4.20e-02        2.00e+00
       35868993        67.95881       751.38514            6.14        08:47:42        4.20e-02        2.00e+00
       35869948        67.95884       752.38570            6.14        08:47:28        4.20e-02        2.00e+00
DEBUG @ t=35870000: current_coupling=0.042, last=0.042
       35870931        67.95840       753.38600            6.14        08:47:15        4.20e-02        2.00e+00
       35871892        67.95959       754.38709            6.14        08:47:01        4.20e-02        2.00e+00
       35872855        67.95877       755.38714            6.14        08:46:47        4.20e-02        2.00e+00
       35873858        67.95900       756.38814            6.14        08:46:35        4.20e-02        2.00e+00
       35874832        67.95896       757.38909            6.14        08:46:22        4.20e-02        2.00e+00
       35875795        67.95812       758.38933            6.14        08:46:08        4.20e-02        2.00e+00
       35876732        67.95857       759.39037            6.14        08:45:53        4.20e-02        2.00e+00
       35877682        67.95817       760.39048            6.14        08:45:39        4.20e-02        2.00e+00
       35878695        67.95812       761.39111            6.13        08:45:27        4.20e-02        2.00e+00
       35879694        67.95837       762.39161            6.13        08:45:15        4.20e-02        2.00e+00
DEBUG @ t=35880000: current_coupling=0.042, last=0.042
       35880713        67.95915       763.39256            6.13        08:45:03        4.20e-02        2.00e+00
       35881728        67.95976       764.39298            6.13        08:44:51        4.20e-02        2.00e+00
       35882659        67.96154       765.39375            6.13        08:44:35        4.20e-02        2.00e+00
       35883585        67.96236       766.39387            6.13        08:44:19        4.20e-02        2.00e+00
       35884533        67.96187       767.39388            6.13        08:44:05        4.20e-02        2.00e+00
       35885424        67.96140       768.39419            6.13        08:43:48        4.20e-02        2.00e+00
       35886385        67.96050       769.39473            6.13        08:43:34        4.20e-02        2.00e+00
       35887400        67.95985       770.39537            6.13        08:43:23        4.20e-02        2.00e+00
       35888464        67.95922       771.39541            6.13        08:43:14        4.20e-02        2.00e+00
       35889564        67.96030       772.39615            6.13        08:43:05        4.20e-02        2.00e+00
DEBUG @ t=35890000: current_coupling=0.042, last=0.042
       35890584        67.96246       773.39620            6.13        08:42:53        4.20e-02        2.00e+00
       35891529        67.96321       774.39628            6.13        08:42:38        4.20e-02        2.00e+00
       35892539        67.96312       775.39631            6.13        08:42:26        4.20e-02        2.00e+00
       35893534        67.96336       776.39671            6.13        08:42:13        4.20e-02        2.00e+00
       35894460        67.96267       777.39758            6.13        08:41:58        4.20e-02        2.00e+00
       35895414        67.96265       778.39837            6.13        08:41:44        4.20e-02        2.00e+00
       35896402        67.96252       779.39862            6.13        08:41:31        4.20e-02        2.00e+00
       35897344        67.96277       780.39916            6.13        08:41:16        4.20e-02        2.00e+00
       35898356        67.96316       781.39998            6.13        08:41:04        4.20e-02        2.00e+00
       35899382        67.96464       782.40016            6.13        08:40:52        4.20e-02        2.00e+00
DEBUG @ t=35900000: current_coupling=0.042, last=0.042
[HDF5 Writer DEBUG] timestep=35900000, current_time_ps=783.021, last_output_time=783.0174023900192, write_count=74300
       35900376        67.96521       783.40078            6.13        08:40:39        4.20e-02        2.00e+00
       35901364        67.96479       784.40178            6.13        08:40:27        4.20e-02        2.00e+00
       35902338        67.96426       785.40194            6.13        08:40:13        4.20e-02        2.00e+00
       35903314        67.96383       786.40273            6.13        08:40:00        4.20e-02        2.00e+00
       35904328        67.96386       787.40322            6.13        08:39:48        4.20e-02        2.00e+00
       35905336        67.96353       788.40322            6.13        08:39:37        4.20e-02        2.00e+00
       35906261        67.96313       789.40419            6.13        08:39:21        4.20e-02        2.00e+00
       35907227        67.96269       790.40520            6.13        08:39:08        4.20e-02        2.00e+00
       35908215        67.96229       791.40586            6.13        08:38:55        4.20e-02        2.00e+00
       35909174        67.96258       792.40664            6.13        08:38:41        4.20e-02        2.00e+00
DEBUG @ t=35910000: current_coupling=0.042, last=0.042
       35910147        67.96319       793.40689            6.13        08:38:27        4.20e-02        2.00e+00
       35911083        67.96298       794.40781            6.13        08:38:12        4.20e-02        2.00e+00
       35912052        67.96284       795.40794            6.13        08:37:58        4.20e-02        2.00e+00
       35913103        67.96269       796.40846            6.13        08:37:48        4.20e-02        2.00e+00
       35914114        67.96279       797.40889            6.13        08:37:36        4.20e-02        2.00e+00
       35915110        67.96231       798.40942            6.13        08:37:24        4.20e-02        2.00e+00
       35916056        67.96182       799.41026            6.13        08:37:09        4.20e-02        2.00e+00
Added F(k,t) reference 4 at t = 800.003 ps
       35917006        67.96183       800.41073            6.13        08:36:55        4.20e-02        2.00e+00
       35918013        67.96281       801.41149            6.13        08:36:42        4.20e-02        2.00e+00
       35919059        67.96290       802.41179            6.13        08:36:32        4.20e-02        2.00e+00
DEBUG @ t=35920000: current_coupling=0.042, last=0.042
       35920041        67.96465       803.41240            6.13        08:36:18        4.20e-02        2.00e+00
       35920991        67.96572       804.41256            6.13        08:36:03        4.20e-02        2.00e+00
       35921940        67.96622       805.41346            6.13        08:35:48        4.20e-02        2.00e+00
       35922911        67.96630       806.41412            6.13        08:35:34        4.20e-02        2.00e+00
       35923945        67.96654       807.41477            6.13        08:35:23        4.20e-02        2.00e+00
       35924990        67.96584       808.41492            6.13        08:35:13        4.20e-02        2.00e+00
       35926053        67.96667       809.41534            6.12        08:35:02        4.20e-02        2.00e+00
       35927157        67.96653       810.41580            6.12        08:34:54        4.20e-02        2.00e+00
       35928199        67.96588       811.41667            6.12        08:34:43        4.20e-02        2.00e+00
       35929128        67.96539       812.41687            6.12        08:34:28        4.20e-02        2.00e+00
DEBUG @ t=35930000: current_coupling=0.042, last=0.042
       35930151        67.96562       813.41713            6.12        08:34:17        4.20e-02        2.00e+00
       35931203        67.96605       814.41804            6.12        08:34:06        4.20e-02        2.00e+00
       35932163        67.96703       815.41851            6.12        08:33:51        4.20e-02        2.00e+00
       35933197        67.96706       816.41908            6.12        08:33:40        4.20e-02        2.00e+00
       35934161        67.96657       817.41962            6.12        08:33:26        4.20e-02        2.00e+00
       35935109        67.96585       818.42041            6.12        08:33:12        4.20e-02        2.00e+00
       35936021        67.96700       819.42062            6.12        08:32:56        4.20e-02        2.00e+00
       35936945        67.96715       820.42084            6.12        08:32:40        4.20e-02        2.00e+00
       35937886        67.96720       821.42100            6.12        08:32:25        4.20e-02        2.00e+00
       35938846        67.96666       822.42117            6.12        08:32:11        4.20e-02        2.00e+00
       35939832        67.96631       823.42167            6.12        08:31:58        4.20e-02        2.00e+00
DEBUG @ t=35940000: current_coupling=0.042, last=0.042
       35940819        67.96593       824.42246            6.12        08:31:46        4.20e-02        2.00e+00
       35941821        67.96565       825.42292            6.12        08:31:33        4.20e-02        2.00e+00
       35942757        67.96489       826.42303            6.12        08:31:19        4.20e-02        2.00e+00
       35943778        67.96435       827.42312            6.12        08:31:07        4.20e-02        2.00e+00
       35944822        67.96408       828.42358            6.12        08:30:56        4.20e-02        2.00e+00
       35945801        67.96391       829.42400            6.12        08:30:43        4.20e-02        2.00e+00
       35946763        67.96317       830.42412            6.12        08:30:29        4.20e-02        2.00e+00
       35947741        67.96248       831.42432            6.12        08:30:16        4.20e-02        2.00e+00
       35948714        67.96189       832.42487            6.12        08:30:03        4.20e-02        2.00e+00
       35949770        67.96127       833.42546            6.12        08:29:53        4.20e-02        2.00e+00
DEBUG @ t=35950000: current_coupling=0.042, last=0.042
       35950695        67.96137       834.42621            6.12        08:29:37        4.20e-02        2.00e+00
       35951659        67.96096       835.42684            6.12        08:29:23        4.20e-02        2.00e+00
       35952591        67.96060       836.42768            6.12        08:29:08        4.20e-02        2.00e+00
       35953559        67.96038       837.42773            6.12        08:28:55        4.20e-02        2.00e+00
       35954537        67.95984       838.42786            6.12        08:28:41        4.20e-02        2.00e+00
       35955539        67.95951       839.42855            6.12        08:28:29        4.20e-02        2.00e+00
       35956496        67.95891       840.42866            6.12        08:28:15        4.20e-02        2.00e+00
       35957515        67.95829       841.42949            6.12        08:28:03        4.20e-02        2.00e+00
       35958473        67.95901       842.42984            6.12        08:27:49        4.20e-02        2.00e+00
       35959436        67.95955       843.43015            6.12        08:27:35        4.20e-02        2.00e+00
DEBUG @ t=35960000: current_coupling=0.042, last=0.042
       35960430        67.96029       844.43033            6.12        08:27:21        4.20e-02        2.00e+00
       35961338        67.96034       845.43140            6.12        08:27:05        4.20e-02        2.00e+00
       35962345        67.95953       846.43229            6.12        08:26:53        4.20e-02        2.00e+00
       35963451        67.95928       847.43276            6.12        08:26:45        4.20e-02        2.00e+00
       35964492        67.95887       848.43320            6.12        08:26:34        4.20e-02        2.00e+00
       35965520        67.95886       849.43326            6.12        08:26:22        4.20e-02        2.00e+00
       35966544        67.96055       850.43363            6.12        08:26:10        4.20e-02        2.00e+00
       35967451        67.96040       851.43458            6.12        08:25:53        4.20e-02        2.00e+00
       35968479        67.96030       852.43480            6.12        08:25:42        4.20e-02        2.00e+00
       35969464        67.95958       853.43495            6.11        08:25:29        4.20e-02        2.00e+00
DEBUG @ t=35970000: current_coupling=0.042, last=0.042
       35970396        67.95889       854.43511            6.12        08:25:14        4.20e-02        2.00e+00
       35971292        67.95818       855.43554            6.12        08:24:58        4.20e-02        2.00e+00
       35972283        67.95868       856.43555            6.12        08:24:45        4.20e-02        2.00e+00
       35973300        67.95829       857.43607            6.11        08:24:33        4.20e-02        2.00e+00
       35974331        67.95791       858.43634            6.11        08:24:21        4.20e-02        2.00e+00
       35975294        67.95743       859.43693            6.11        08:24:08        4.20e-02        2.00e+00
       35976258        67.95680       860.43756            6.11        08:23:54        4.20e-02        2.00e+00
       35977347        67.95652       861.43826            6.11        08:23:45        4.20e-02        2.00e+00
       35978331        67.95670       862.43885            6.11        08:23:31        4.20e-02        2.00e+00
       35979243        67.95573       863.43945            6.11        08:23:16        4.20e-02        2.00e+00
DEBUG @ t=35980000: current_coupling=0.042, last=0.042
       35980188        67.95586       864.44042            6.11        08:23:01        4.20e-02        2.00e+00
       35981212        67.95563       865.44103            6.11        08:22:49        4.20e-02        2.00e+00
       35982262        67.95625       866.44119            6.11        08:22:38        4.20e-02        2.00e+00
       35983221        67.95681       867.44179            6.11        08:22:23        4.20e-02        2.00e+00
       35984252        67.95767       868.44222            6.11        08:22:11        4.20e-02        2.00e+00
       35985202        67.95751       869.44302            6.11        08:21:57        4.20e-02        2.00e+00
       35986179        67.95789       870.44341            6.11        08:21:43        4.20e-02        2.00e+00
       35987250        67.95762       871.44388            6.11        08:21:33        4.20e-02        2.00e+00
       35988260        67.95750       872.44404            6.11        08:21:21        4.20e-02        2.00e+00
       35989292        67.95759       873.44466            6.11        08:21:09        4.20e-02        2.00e+00
DEBUG @ t=35990000: current_coupling=0.042, last=0.042
       35990326        67.95771       874.44501            6.11        08:20:58        4.20e-02        2.00e+00
       35991253        67.95854       875.44578            6.11        08:20:42        4.20e-02        2.00e+00
       35992155        67.95875       876.44674            6.11        08:20:25        4.20e-02        2.00e+00
       35993151        67.95937       877.44702            6.11        08:20:12        4.20e-02        2.00e+00
       35994163        67.95954       878.44719            6.11        08:20:00        4.20e-02        2.00e+00
       35995141        67.96112       879.44805            6.11        08:19:46        4.20e-02        2.00e+00
       35996121        67.96030       880.44904            6.11        08:19:32        4.20e-02        2.00e+00
       35997114        67.96005       881.44966            6.11        08:19:19        4.20e-02        2.00e+00
       35998083        67.96293       882.45037            6.11        08:19:04        4.20e-02        2.00e+00
       35999099        67.96429       883.45062            6.11        08:18:52        4.20e-02        2.00e+00
DEBUG @ t=36000000: current_coupling=0.042, last=0.042
[HDF5 Writer DEBUG] timestep=36000000, current_time_ps=884.367, last_output_time=884.3561663559674, write_count=83921
       36000080        67.96448       884.45149            6.11        08:18:38        4.20e-02        2.00e+00
       36001031        67.96413       885.45246            6.11        08:18:24        4.20e-02        2.00e+00
       36001989        67.96707       886.45275            6.11        08:18:08        4.20e-02        2.00e+00
       36002948        67.96741       887.45357            6.11        08:17:54        4.20e-02        2.00e+00
       36003956        67.96858       888.45390            6.11        08:17:41        4.20e-02        2.00e+00
       36004972        67.96935       889.45462            6.11        08:17:28        4.20e-02        2.00e+00
       36005946        67.96909       890.45558            6.11        08:17:14        4.20e-02        2.00e+00
       36006978        67.97024       891.45565            6.11        08:17:02        4.20e-02        2.00e+00
       36008004        67.97089       892.45641            6.11        08:16:50        4.20e-02        2.00e+00
       36008945        67.97051       893.45680            6.11        08:16:35        4.20e-02        2.00e+00
       36009913        67.96978       894.45757            6.11        08:16:22        4.20e-02        2.00e+00
DEBUG @ t=36010000: current_coupling=0.042, last=0.042
       36010919        67.96923       895.45802            6.11        08:16:09        4.20e-02        2.00e+00
       36011875        67.96970       896.45864            6.11        08:15:55        4.20e-02        2.00e+00
       36012788        67.96968       897.45899            6.11        08:15:39        4.20e-02        2.00e+00
       36013713        67.96942       898.45929            6.11        08:15:24        4.20e-02        2.00e+00
       36014742        67.96901       899.45929            6.11        08:15:12        4.20e-02        2.00e+00
       36015710        67.96867       900.45956            6.11        08:14:58        4.20e-02        2.00e+00
       36016600        67.96804       901.45978            6.11        08:14:42        4.20e-02        2.00e+00
       36017509        67.96752       902.46008            6.11        08:14:26        4.20e-02        2.00e+00
       36018488        67.96695       903.46066            6.11        08:14:13        4.20e-02        2.00e+00
       36019393        67.96671       904.46095            6.11        08:13:57        4.20e-02        2.00e+00
DEBUG @ t=36020000: current_coupling=0.042, last=0.042
       36020362        67.96659       905.46170            6.11        08:13:43        4.20e-02        2.00e+00
       36021428        67.96742       906.46222            6.11        08:13:32        4.20e-02        2.00e+00
       36022421        67.96893       907.46226            6.11        08:13:18        4.20e-02        2.00e+00
       36023472        67.97051       908.46260            6.11        08:13:06        4.20e-02        2.00e+00
       36024524        67.97057       909.46343            6.11        08:12:55        4.20e-02        2.00e+00
       36025533        67.97003       910.46409            6.11        08:12:43        4.20e-02        2.00e+00
       36026562        67.96947       911.46509            6.11        08:12:31        4.20e-02        2.00e+00
       36027517        67.96883       912.46564            6.11        08:12:17        4.20e-02        2.00e+00
       36028529        67.96947       913.46576            6.11        08:12:04        4.20e-02        2.00e+00
       36029555        67.97027       914.46682            6.11        08:11:52        4.20e-02        2.00e+00
DEBUG @ t=36030000: current_coupling=0.042, last=0.042
       36030483        67.96972       915.46701            6.11        08:11:37        4.20e-02        2.00e+00
       36031451        67.96909       916.46793            6.11        08:11:23        4.20e-02        2.00e+00
       36032501        67.96907       917.46850            6.11        08:11:12        4.20e-02        2.00e+00
       36033491        67.96911       918.46946            6.10        08:10:59        4.20e-02        2.00e+00
       36034428        67.96854       919.47040            6.10        08:10:44        4.20e-02        2.00e+00
       36035408        67.96831       920.47044            6.10        08:10:30        4.20e-02        2.00e+00
       36036409        67.96880       921.47056            6.10        08:10:17        4.20e-02        2.00e+00
       36037480        67.96939       922.47152            6.10        08:10:07        4.20e-02        2.00e+00
       36038372        67.97034       923.47231            6.10        08:09:50        4.20e-02        2.00e+00
       36039390        67.97063       924.47249            6.10        08:09:37        4.20e-02        2.00e+00
DEBUG @ t=36040000: current_coupling=0.042, last=0.042
       36040409        67.97091       925.47275            6.10        08:09:25        4.20e-02        2.00e+00
       36041349        67.97068       926.47362            6.10        08:09:10        4.20e-02        2.00e+00
       36042328        67.96992       927.47460            6.10        08:08:57        4.20e-02        2.00e+00
       36043318        67.96997       928.47479            6.10        08:08:43        4.20e-02        2.00e+00
       36044306        67.97024       929.47569            6.10        08:08:30        4.20e-02        2.00e+00
       36045295        67.97021       930.47597            6.10        08:08:17        4.20e-02        2.00e+00
       36046287        67.96979       931.47674            6.10        08:08:04        4.20e-02        2.00e+00
       36047269        67.96928       932.47695            6.10        08:07:50        4.20e-02        2.00e+00
       36048190        67.96882       933.47723            6.10        08:07:35        4.20e-02        2.00e+00
       36049092        67.96831       934.47783            6.10        08:07:19        4.20e-02        2.00e+00
       36049992        67.96789       935.47790            6.10        08:07:03        4.20e-02        2.00e+00
DEBUG @ t=36050000: current_coupling=0.042, last=0.042
       36050958        67.96738       936.47844            6.10        08:06:49        4.20e-02        2.00e+00
       36051948        67.96843       937.47865            6.10        08:06:35        4.20e-02        2.00e+00
       36052934        67.96884       938.47905            6.10        08:06:22        4.20e-02        2.00e+00
       36053890        67.96945       939.47994            6.10        08:06:07        4.20e-02        2.00e+00
       36054788        67.97011       940.48049            6.10        08:05:51        4.20e-02        2.00e+00
       36055703        67.97005       941.48102            6.10        08:05:35        4.20e-02        2.00e+00
       36056630        67.96989       942.48178            6.10        08:05:20        4.20e-02        2.00e+00
       36057595        67.97008       943.48246            6.10        08:05:06        4.20e-02        2.00e+00
       36058586        67.96983       944.48278            6.10        08:04:52        4.20e-02        2.00e+00
       36059589        67.96940       945.48343            6.10        08:04:40        4.20e-02        2.00e+00
DEBUG @ t=36060000: current_coupling=0.042, last=0.042
       36060610        67.96908       946.48415            6.10        08:04:28        4.20e-02        2.00e+00
       36061562        67.96960       947.48444            6.10        08:04:13        4.20e-02        2.00e+00
       36062491        67.96954       948.48502            6.10        08:03:58        4.20e-02        2.00e+00
       36063483        67.96976       949.48533            6.10        08:03:44        4.20e-02        2.00e+00
       36064439        67.96994       950.48568            6.10        08:03:30        4.20e-02        2.00e+00
       36065404        67.96930       951.48598            6.10        08:03:16        4.20e-02        2.00e+00
       36066372        67.96925       952.48700            6.10        08:03:02        4.20e-02        2.00e+00
       36067503        67.96973       953.48757            6.10        08:02:53        4.20e-02        2.00e+00
       36068436        67.96992       954.48856            6.10        08:02:38        4.20e-02        2.00e+00
       36069299        67.97018       955.48953            6.10        08:02:20        4.20e-02        2.00e+00
DEBUG @ t=36070000: current_coupling=0.042, last=0.042
       36070376        67.97080       956.49026            6.10        08:02:10        4.20e-02        2.00e+00
       36071345        67.97037       957.49094            6.10        08:01:56        4.20e-02        2.00e+00
       36072271        67.97067       958.49112            6.10        08:01:40        4.20e-02        2.00e+00
       36073245        67.97152       959.49112            6.10        08:01:26        4.20e-02        2.00e+00
       36074239        67.97150       960.49163            6.10        08:01:13        4.20e-02        2.00e+00
       36075189        67.97144       961.49199            6.10        08:00:59        4.20e-02        2.00e+00
       36076124        67.97178       962.49280            6.10        08:00:43        4.20e-02        2.00e+00
       36077055        67.97270       963.49324            6.10        08:00:28        4.20e-02        2.00e+00
       36078025        67.97244       964.49377            6.10        08:00:14        4.20e-02        2.00e+00
       36078957        67.97284       965.49414            6.10        07:59:59        4.20e-02        2.00e+00
       36079869        67.97204       966.49517            6.10        07:59:43        4.20e-02        2.00e+00
DEBUG @ t=36080000: current_coupling=0.042, last=0.042
       36080808        67.97202       967.49538            6.10        07:59:28        4.20e-02        2.00e+00
       36081719        67.97270       968.49604            6.10        07:59:12        4.20e-02        2.00e+00
       36082595        67.97446       969.49611            6.11        07:58:55        4.20e-02        2.00e+00
       36083488        67.97533       970.49628            6.11        07:58:38        4.20e-02        2.00e+00
       36084390        67.97632       971.49659            6.11        07:58:22        4.20e-02        2.00e+00
       36085294        67.97575       972.49730            6.11        07:58:06        4.20e-02        2.00e+00
       36086241        67.97578       973.49787            6.11        07:57:51        4.20e-02        2.00e+00
       36087169        67.97685       974.49792            6.11        07:57:36        4.20e-02        2.00e+00
       36088083        67.97703       975.49824            6.11        07:57:20        4.20e-02        2.00e+00
       36088961        67.97683       976.49884            6.11        07:57:03        4.20e-02        2.00e+00
       36089826        67.97668       977.49979            6.11        07:56:46        4.20e-02        2.00e+00
DEBUG @ t=36090000: current_coupling=0.042, last=0.042
       36090710        67.97698       978.50029            6.11        07:56:30        4.20e-02        2.00e+00
       36091621        67.97661       979.50046            6.11        07:56:14        4.20e-02        2.00e+00
       36092560        67.97637       980.50077            6.11        07:55:59        4.20e-02        2.00e+00
       36093447        67.97667       981.50080            6.11        07:55:43        4.20e-02        2.00e+00
       36094299        67.97674       982.50181            6.11        07:55:25        4.20e-02        2.00e+00
       36095157        67.97614       983.50261            6.11        07:55:08        4.20e-02        2.00e+00
       36096064        67.97536       984.50353            6.11        07:54:53        4.20e-02        2.00e+00
       36096978        67.97481       985.50446            6.11        07:54:38        4.20e-02        2.00e+00
       36097871        67.97428       986.50478            6.11        07:54:22        4.20e-02        2.00e+00
       36098774        67.97366       987.50494            6.11        07:54:06        4.20e-02        2.00e+00
       36099725        67.97339       988.50519            6.11        07:53:52        4.20e-02        2.00e+00
DEBUG @ t=36100000: current_coupling=0.042, last=0.042
[HDF5 Writer DEBUG] timestep=36100000, current_time_ps=988.786, last_output_time=988.7815117987082, write_count=93873
       36100713        67.97436       989.50522            6.11        07:53:38        4.20e-02        2.00e+00
       36101688        67.97580       990.50547            6.11        07:53:24        4.20e-02        2.00e+00
       36102578        67.97652       991.50574            6.11        07:53:07        4.20e-02        2.00e+00
       36103491        67.97662       992.50576            6.11        07:52:51        4.20e-02        2.00e+00
       36104451        67.97616       993.50657            6.11        07:52:37        4.20e-02        2.00e+00
       36105420        67.97615       994.50741            6.11        07:52:24        4.20e-02        2.00e+00
       36106333        67.97585       995.50802            6.11        07:52:08        4.20e-02        2.00e+00
       36107291        67.97647       996.50898            6.11        07:51:54        4.20e-02        2.00e+00
       36108223        67.97732       997.50994            6.11        07:51:38        4.20e-02        2.00e+00
       36109155        67.97707       998.51064            6.11        07:51:23        4.20e-02        2.00e+00
DEBUG @ t=36110000: current_coupling=0.042, last=0.042
       36110086        67.97727       999.51089            6.11        07:51:08        4.20e-02        2.00e+00
Added F(k,t) reference 5 at t = 1000.004 ps
       36111029        67.97742      1000.51136            6.11        07:50:53        4.20e-02        2.00e+00
       36111987        67.97698      1001.51201            6.11        07:50:39        4.20e-02        2.00e+00
       36112965        67.97695      1002.51260            6.11        07:50:26        4.20e-02        2.00e+00
       36113942        67.97695      1003.51299            6.11        07:50:12        4.20e-02        2.00e+00
       36114920        67.97732      1004.51390            6.11        07:49:58        4.20e-02        2.00e+00
       36115867        67.97824      1005.51456            6.11        07:49:43        4.20e-02        2.00e+00
       36116782        67.97800      1006.51550            6.11        07:49:28        4.20e-02        2.00e+00
       36117739        67.97773      1007.51621            6.11        07:49:14        4.20e-02        2.00e+00
       36118719        67.97764      1008.51668            6.11        07:49:00        4.20e-02        2.00e+00
       36119718        67.97725      1009.51673            6.11        07:48:47        4.20e-02        2.00e+00
DEBUG @ t=36120000: current_coupling=0.042, last=0.042
       36120699        67.97706      1010.51763            6.11        07:48:34        4.20e-02        2.00e+00
       36121677        67.97661      1011.51770            6.11        07:48:20        4.20e-02        2.00e+00
       36122684        67.97646      1012.51867            6.11        07:48:08        4.20e-02        2.00e+00
       36123681        67.97612      1013.51898            6.11        07:47:55        4.20e-02        2.00e+00
       36124731        67.97571      1014.51989            6.11        07:47:43        4.20e-02        2.00e+00
       36125747        67.97539      1015.52034            6.11        07:47:31        4.20e-02        2.00e+00
       36126758        67.97493      1016.52039            6.11        07:47:18        4.20e-02        2.00e+00
       36127762        67.97490      1017.52048            6.11        07:47:05        4.20e-02        2.00e+00
       36128692        67.97537      1018.52122            6.11        07:46:50        4.20e-02        2.00e+00
       36129701        67.97547      1019.52139            6.11        07:46:37        4.20e-02        2.00e+00
DEBUG @ t=36130000: current_coupling=0.042, last=0.042
       36130734        67.97574      1020.52196            6.11        07:46:25        4.20e-02        2.00e+00
       36131698        67.97576      1021.52271            6.11        07:46:11        4.20e-02        2.00e+00
       36132816        67.97632      1022.52349            6.11        07:46:01        4.20e-02        2.00e+00
       36133903        67.97677      1023.52433            6.11        07:45:50        4.20e-02        2.00e+00
       36134883        67.97717      1024.52537            6.11        07:45:37        4.20e-02        2.00e+00
       36135780        67.97810      1025.52569            6.11        07:45:20        4.20e-02        2.00e+00
       36136655        67.97826      1026.52633            6.11        07:45:04        4.20e-02        2.00e+00
       36137540        67.97823      1027.52731            6.11        07:44:47        4.20e-02        2.00e+00
       36138392        67.97815      1028.52811            6.11        07:44:30        4.20e-02        2.00e+00
       36139357        67.97781      1029.52885            6.11        07:44:16        4.20e-02        2.00e+00
DEBUG @ t=36140000: current_coupling=0.042, last=0.042
       36140446        67.97791      1030.52913            6.11        07:44:06        4.20e-02        2.00e+00
       36141369        67.97808      1031.52957            6.11        07:43:50        4.20e-02        2.00e+00
       36142336        67.97848      1032.52981            6.11        07:43:36        4.20e-02        2.00e+00
       36143312        67.97921      1033.53047            6.11        07:43:22        4.20e-02        2.00e+00
       36144209        67.97881      1034.53082            6.11        07:43:06        4.20e-02        2.00e+00
       36145200        67.97905      1035.53122            6.11        07:42:53        4.20e-02        2.00e+00
       36146147        67.97893      1036.53173            6.11        07:42:38        4.20e-02        2.00e+00
       36147125        67.97965      1037.53186            6.11        07:42:24        4.20e-02        2.00e+00
       36148106        67.98005      1038.53194            6.11        07:42:11        4.20e-02        2.00e+00
       36149104        67.97960      1039.53236            6.11        07:41:58        4.20e-02        2.00e+00
DEBUG @ t=36150000: current_coupling=0.042, last=0.042
       36150064        67.97905      1040.53314            6.11        07:41:44        4.20e-02        2.00e+00
       36151003        67.97840      1041.53399            6.11        07:41:29        4.20e-02        2.00e+00
       36151999        67.97831      1042.53430            6.11        07:41:16        4.20e-02        2.00e+00
       36153016        67.97922      1043.53516            6.11        07:41:03        4.20e-02        2.00e+00
       36154050        67.97967      1044.53570            6.11        07:40:51        4.20e-02        2.00e+00
       36155031        67.97972      1045.53639            6.11        07:40:37        4.20e-02        2.00e+00
       36155954        67.98046      1046.53684            6.11        07:40:22        4.20e-02        2.00e+00
       36156901        67.98066      1047.53699            6.11        07:40:07        4.20e-02        2.00e+00
       36157847        67.98050      1048.53744            6.11        07:39:52        4.20e-02        2.00e+00
       36158771        67.97987      1049.53801            6.11        07:39:37        4.20e-02        2.00e+00
       36159746        67.98019      1050.53851            6.11        07:39:24        4.20e-02        2.00e+00
DEBUG @ t=36160000: current_coupling=0.042, last=0.042
       36160750        67.98065      1051.53935            6.11        07:39:10        4.20e-02        2.00e+00
       36161785        67.98122      1052.54011            6.11        07:38:58        4.20e-02        2.00e+00
       36162757        67.98208      1053.54014            6.11        07:38:44        4.20e-02        2.00e+00
       36163722        67.98338      1054.54023            6.11        07:38:29        4.20e-02        2.00e+00
       36164621        67.98405      1055.54032            6.11        07:38:13        4.20e-02        2.00e+00
       36165531        67.98470      1056.54060            6.11        07:37:57        4.20e-02        2.00e+00
       36166489        67.98599      1057.54106            6.11        07:37:43        4.20e-02        2.00e+00
       36167429        67.98595      1058.54151            6.11        07:37:28        4.20e-02        2.00e+00
       36168399        67.98592      1059.54154            6.11        07:37:14        4.20e-02        2.00e+00
       36169365        67.98533      1060.54217            6.11        07:37:00        4.20e-02        2.00e+00
DEBUG @ t=36170000: current_coupling=0.042, last=0.042
       36170379        67.98525      1061.54246            6.11        07:36:47        4.20e-02        2.00e+00
       36171416        67.98495      1062.54299            6.11        07:36:35        4.20e-02        2.00e+00
       36172405        67.98462      1063.54334            6.11        07:36:22        4.20e-02        2.00e+00
       36173362        67.98456      1064.54350            6.11        07:36:08        4.20e-02        2.00e+00
       36174290        67.98477      1065.54413            6.11        07:35:53        4.20e-02        2.00e+00
       36175251        67.98434      1066.54419            6.11        07:35:39        4.20e-02        2.00e+00
       36176194        67.98417      1067.54460            6.11        07:35:24        4.20e-02        2.00e+00
       36177200        67.98434      1068.54474            6.11        07:35:11        4.20e-02        2.00e+00
       36178233        67.98417      1069.54528            6.11        07:34:59        4.20e-02        2.00e+00
       36179227        67.98424      1070.54579            6.11        07:34:46        4.20e-02        2.00e+00
DEBUG @ t=36180000: current_coupling=0.042, last=0.042
       36180160        67.98416      1071.54606            6.11        07:34:31        4.20e-02        2.00e+00
       36181095        67.98391      1072.54700            6.11        07:34:16        4.20e-02        2.00e+00
       36181985        67.98398      1073.54701            6.11        07:34:00        4.20e-02        2.00e+00
       36182858        67.98435      1074.54800            6.11        07:33:43        4.20e-02        2.00e+00
       36183780        67.98422      1075.54821            6.11        07:33:28        4.20e-02        2.00e+00
       36184780        67.98492      1076.54844            6.11        07:33:15        4.20e-02        2.00e+00
       36185763        67.98556      1077.54853            6.11        07:33:01        4.20e-02        2.00e+00
       36186696        67.98553      1078.54858            6.11        07:32:46        4.20e-02        2.00e+00
       36187686        67.98610      1079.54927            6.11        07:32:32        4.20e-02        2.00e+00
       36188692        67.98679      1080.55002            6.11        07:32:19        4.20e-02        2.00e+00
       36189656        67.98704      1081.55006            6.11        07:32:05        4.20e-02        2.00e+00
DEBUG @ t=36190000: current_coupling=0.042, last=0.042
       36190589        67.98692      1082.55045            6.11        07:31:50        4.20e-02        2.00e+00
       36191615        67.98666      1083.55089            6.11        07:31:38        4.20e-02        2.00e+00
       36192628        67.98656      1084.55146            6.11        07:31:25        4.20e-02        2.00e+00
       36193636        67.98624      1085.55156            6.11        07:31:12        4.20e-02        2.00e+00
       36194707        67.98610      1086.55164            6.11        07:31:01        4.20e-02        2.00e+00
       36195676        67.98602      1087.55181            6.11        07:30:47        4.20e-02        2.00e+00
       36196724        67.98578      1088.55263            6.11        07:30:35        4.20e-02        2.00e+00
       36197694        67.98596      1089.55283            6.11        07:30:21        4.20e-02        2.00e+00
       36198642        67.98588      1090.55291            6.11        07:30:07        4.20e-02        2.00e+00
       36199720        67.98558      1091.55316            6.11        07:29:56        4.20e-02        2.00e+00
DEBUG @ t=36200000: current_coupling=0.042, last=0.042
[HDF5 Writer DEBUG] timestep=36200000, current_time_ps=1091.815, last_output_time=1091.8134630854645, write_count=103694
       36200745        67.98610      1092.55340            6.11        07:29:43        4.20e-02        2.00e+00
       36201700        67.98645      1093.55380            6.11        07:29:28        4.20e-02        2.00e+00
       36202729        67.98687      1094.55472            6.11        07:29:16        4.20e-02        2.00e+00
       36203767        67.98685      1095.55522            6.11        07:29:04        4.20e-02        2.00e+00
       36204800        67.98643      1096.55580            6.11        07:28:51        4.20e-02        2.00e+00
       36205816        67.98599      1097.55670            6.11        07:28:39        4.20e-02        2.00e+00
       36206729        67.98564      1098.55726            6.11        07:28:24        4.20e-02        2.00e+00
       36207616        67.98523      1099.55814            6.11        07:28:08        4.20e-02        2.00e+00
       36208438        67.98485      1100.55909            6.11        07:27:50        4.20e-02        2.00e+00
       36209339        67.98487      1101.55944            6.11        07:27:34        4.20e-02        2.00e+00
DEBUG @ t=36210000: current_coupling=0.042, last=0.042
       36210428        67.98460      1102.55991            6.11        07:27:23        4.20e-02        2.00e+00
       36211499        67.98426      1103.56077            6.11        07:27:12        4.20e-02        2.00e+00
       36212530        67.98473      1104.56081            6.11        07:27:00        4.20e-02        2.00e+00
       36213495        67.98495      1105.56083            6.11        07:26:45        4.20e-02        2.00e+00
       36214343        67.98473      1106.56104            6.11        07:26:28        4.20e-02        2.00e+00
       36215460        67.98515      1107.56188            6.11        07:26:18        4.20e-02        2.00e+00
       36216404        67.98531      1108.56244            6.11        07:26:03        4.20e-02        2.00e+00
       36217300        67.98488      1109.56338            6.11        07:25:48        4.20e-02        2.00e+00
       36218146        67.98451      1110.56418            6.11        07:25:31        4.20e-02        2.00e+00
       36219073        67.98493      1111.56494            6.11        07:25:16        4.20e-02        2.00e+00
       36219991        67.98525      1112.56521            6.11        07:25:00        4.20e-02        2.00e+00
DEBUG @ t=36220000: current_coupling=0.042, last=0.042
       36220899        67.98523      1113.56539            6.11        07:24:45        4.20e-02        2.00e+00
       36221846        67.98478      1114.56637            6.11        07:24:30        4.20e-02        2.00e+00
       36222812        67.98421      1115.56693            6.11        07:24:16        4.20e-02        2.00e+00
       36223808        67.98374      1116.56738            6.11        07:24:03        4.20e-02        2.00e+00
       36224819        67.98376      1117.56801            6.11        07:23:50        4.20e-02        2.00e+00
       36225797        67.98524      1118.56890            6.11        07:23:36        4.20e-02        2.00e+00
       36226810        67.98705      1119.56962            6.11        07:23:22        4.20e-02        2.00e+00
       36227822        67.98722      1120.57059            6.11        07:23:09        4.20e-02        2.00e+00
       36228756        67.98734      1121.57118            6.11        07:22:54        4.20e-02        2.00e+00
       36229676        67.98712      1122.57170            6.11        07:22:39        4.20e-02        2.00e+00
DEBUG @ t=36230000: current_coupling=0.042, last=0.042
       36230586        67.98661      1123.57186            6.11        07:22:24        4.20e-02        2.00e+00
       36231512        67.98686      1124.57267            6.11        07:22:09        4.20e-02        2.00e+00
       36232542        67.98650      1125.57318            6.11        07:21:57        4.20e-02        2.00e+00
       36233480        67.98633      1126.57408            6.11        07:21:42        4.20e-02        2.00e+00
       36234393        67.98631      1127.57503            6.11        07:21:27        4.20e-02        2.00e+00
       36235324        67.98628      1128.57584            6.11        07:21:12        4.20e-02        2.00e+00
       36236325        67.98576      1129.57600            6.11        07:20:59        4.20e-02        2.00e+00
       36237315        67.98529      1130.57680            6.11        07:20:45        4.20e-02        2.00e+00
       36238301        67.98492      1131.57711            6.11        07:20:32        4.20e-02        2.00e+00
       36239286        67.98448      1132.57722            6.11        07:20:19        4.20e-02        2.00e+00
DEBUG @ t=36240000: current_coupling=0.042, last=0.042
       36240365        67.98421      1133.57797            6.11        07:20:07        4.20e-02        2.00e+00
       36241327        67.98393      1134.57885            6.11        07:19:53        4.20e-02        2.00e+00
       36242272        67.98357      1135.57982            6.11        07:19:39        4.20e-02        2.00e+00
       36243163        67.98335      1136.58043            6.11        07:19:23        4.20e-02        2.00e+00
       36244163        67.98334      1137.58127            6.11        07:19:10        4.20e-02        2.00e+00
       36245225        67.98329      1138.58158            6.11        07:18:58        4.20e-02        2.00e+00
       36246225        67.98377      1139.58180            6.11        07:18:45        4.20e-02        2.00e+00
       36247133        67.98416      1140.58223            6.11        07:18:29        4.20e-02        2.00e+00
       36248115        67.98583      1141.58231            6.11        07:18:15        4.20e-02        2.00e+00
       36249126        67.98630      1142.58264            6.11        07:18:01        4.20e-02        2.00e+00
DEBUG @ t=36250000: current_coupling=0.042, last=0.042
       36250087        67.98695      1143.58353            6.11        07:17:47        4.20e-02        2.00e+00
       36251053        67.98721      1144.58444            6.11        07:17:33        4.20e-02        2.00e+00
       36251960        67.98841      1145.58487            6.11        07:17:17        4.20e-02        2.00e+00
       36252921        67.98878      1146.58512            6.11        07:17:03        4.20e-02        2.00e+00
       36253972        67.99021      1147.58611            6.11        07:16:50        4.20e-02        2.00e+00
       36254995        67.99108      1148.58660            6.11        07:16:37        4.20e-02        2.00e+00
       36255930        67.99077      1149.58704            6.11        07:16:22        4.20e-02        2.00e+00
       36256856        67.99067      1150.58717            6.11        07:16:07        4.20e-02        2.00e+00
       36257862        67.99102      1151.58794            6.11        07:15:54        4.20e-02        2.00e+00
       36258792        67.99134      1152.58867            6.11        07:15:39        4.20e-02        2.00e+00
       36259670        67.99099      1153.58966            6.11        07:15:23        4.20e-02        2.00e+00
DEBUG @ t=36260000: current_coupling=0.042, last=0.042
       36260573        67.99053      1154.59039            6.11        07:15:07        4.20e-02        2.00e+00
       36261408        67.98984      1155.59102            6.11        07:14:51        4.20e-02        2.00e+00
       36262347        67.98922      1156.59110            6.11        07:14:36        4.20e-02        2.00e+00
       36263396        67.98894      1157.59146            6.11        07:14:24        4.20e-02        2.00e+00
       36264310        67.98841      1158.59155            6.11        07:14:09        4.20e-02        2.00e+00
       36265295        67.98823      1159.59232            6.11        07:13:55        4.20e-02        2.00e+00
       36266283        67.98798      1160.59241            6.11        07:13:42        4.20e-02        2.00e+00
       36267147        67.98812      1161.59276            6.11        07:13:26        4.20e-02        2.00e+00
       36268022        67.98841      1162.59375            6.11        07:13:09        4.20e-02        2.00e+00
       36268898        67.98786      1163.59433            6.11        07:12:53        4.20e-02        2.00e+00
       36269795        67.98729      1164.59520            6.11        07:12:38        4.20e-02        2.00e+00
DEBUG @ t=36270000: current_coupling=0.042, last=0.042
       36270734        67.98676      1165.59591            6.11        07:12:23        4.20e-02        2.00e+00
       36271625        67.98660      1166.59617            6.11        07:12:08        4.20e-02        2.00e+00
       36272528        67.98612      1167.59709            6.11        07:11:52        4.20e-02        2.00e+00
       36273575        67.98584      1168.59756            6.11        07:11:40        4.20e-02        2.00e+00
       36274545        67.98593      1169.59800            6.11        07:11:26        4.20e-02        2.00e+00
       36275508        67.98587      1170.59812            6.11        07:11:12        4.20e-02        2.00e+00
       36276557        67.98616      1171.59867            6.11        07:11:00        4.20e-02        2.00e+00
       36277575        67.98628      1172.59914            6.11        07:10:47        4.20e-02        2.00e+00
       36278604        67.98688      1173.59946            6.11        07:10:34        4.20e-02        2.00e+00
       36279623        67.98653      1174.60010            6.11        07:10:21        4.20e-02        2.00e+00
DEBUG @ t=36280000: current_coupling=0.042, last=0.042
       36280687        67.98646      1175.60060            6.11        07:10:10        4.20e-02        2.00e+00
       36281716        67.98633      1176.60128            6.11        07:09:57        4.20e-02        2.00e+00
       36282717        67.98712      1177.60204            6.11        07:09:43        4.20e-02        2.00e+00
       36283785        67.98869      1178.60248            6.11        07:09:31        4.20e-02        2.00e+00
       36284857        67.98985      1179.60292            6.11        07:09:19        4.20e-02        2.00e+00
       36285913        67.99177      1180.60324            6.11        07:09:06        4.20e-02        2.00e+00
       36286997        67.99198      1181.60369            6.10        07:08:55        4.20e-02        2.00e+00
       36288062        67.99154      1182.60393            6.10        07:08:43        4.20e-02        2.00e+00
       36289164        67.99126      1183.60426            6.10        07:08:32        4.20e-02        2.00e+00
DEBUG @ t=36290000: current_coupling=0.042, last=0.042
       36290254        67.99079      1184.60516            6.10        07:08:21        4.20e-02        2.00e+00
       36291298        67.99045      1185.60551            6.10        07:08:09        4.20e-02        2.00e+00
       36292296        67.99010      1186.60585            6.10        07:07:56        4.20e-02        2.00e+00
       36293379        67.98993      1187.60674            6.10        07:07:44        4.20e-02        2.00e+00
       36294465        67.98997      1188.60675            6.10        07:07:33        4.20e-02        2.00e+00
       36295533        67.98983      1189.60702            6.10        07:07:21        4.20e-02        2.00e+00
       36296604        67.99199      1190.60785            6.10        07:07:08        4.20e-02        2.00e+00
       36297509        67.99186      1191.60830            6.10        07:06:53        4.20e-02        2.00e+00
       36298397        67.99151      1192.60849            6.10        07:06:37        4.20e-02        2.00e+00
       36299434        67.99153      1193.60905            6.10        07:06:25        4.20e-02        2.00e+00
DEBUG @ t=36300000: current_coupling=0.042, last=0.042
[HDF5 Writer DEBUG] timestep=36300000, current_time_ps=1194.239, last_output_time=1194.2334776175046, write_count=113472
       36300332        67.99135      1194.60973            6.10        07:06:09        4.20e-02        2.00e+00
       36301338        67.99175      1195.60993            6.10        07:05:56        4.20e-02        2.00e+00
       36302264        67.99182      1196.61097            6.10        07:05:41        4.20e-02        2.00e+00
       36303267        67.99164      1197.61113            6.10        07:05:27        4.20e-02        2.00e+00
       36304201        67.99194      1198.61177            6.10        07:05:13        4.20e-02        2.00e+00
       36305129        67.99262      1199.61179            6.10        07:04:57        4.20e-02        2.00e+00
Added F(k,t) reference 6 at t = 1200.004 ps
       36306146        67.99278      1200.61246            6.10        07:04:44        4.20e-02        2.00e+00
       36307138        67.99275      1201.61342            6.10        07:04:31        4.20e-02        2.00e+00
       36308087        67.99224      1202.61435            6.10        07:04:16        4.20e-02        2.00e+00
       36309035        67.99183      1203.61525            6.10        07:04:02        4.20e-02        2.00e+00
       36309979        67.99163      1204.61588            6.10        07:03:48        4.20e-02        2.00e+00
DEBUG @ t=36310000: current_coupling=0.042, last=0.042
       36310945        67.99148      1205.61658            6.10        07:03:33        4.20e-02        2.00e+00
       36311955        67.99116      1206.61696            6.10        07:03:20        4.20e-02        2.00e+00
       36313016        67.99075      1207.61740            6.10        07:03:09        4.20e-02        2.00e+00
       36313967        67.99102      1208.61744            6.10        07:02:54        4.20e-02        2.00e+00
       36314837        67.99142      1209.61794            6.10        07:02:38        4.20e-02        2.00e+00
       36315746        67.99289      1210.61884            6.10        07:02:22        4.20e-02        2.00e+00
       36316721        67.99283      1211.61924            6.10        07:02:08        4.20e-02        2.00e+00
       36317719        67.99251      1212.61944            6.10        07:01:55        4.20e-02        2.00e+00
       36318713        67.99246      1213.61958            6.10        07:01:41        4.20e-02        2.00e+00
       36319726        67.99198      1214.61987            6.10        07:01:28        4.20e-02        2.00e+00
DEBUG @ t=36320000: current_coupling=0.042, last=0.042
       36320788        67.99174      1215.62080            6.10        07:01:16        4.20e-02        2.00e+00
       36321738        67.99181      1216.62154            6.10        07:01:02        4.20e-02        2.00e+00
       36322650        67.99166      1217.62225            6.10        07:00:46        4.20e-02        2.00e+00
       36323568        67.99186      1218.62246            6.10        07:00:31        4.20e-02        2.00e+00
       36324490        67.99138      1219.62314            6.10        07:00:16        4.20e-02        2.00e+00
       36325432        67.99134      1220.62323            6.10        07:00:02        4.20e-02        2.00e+00
       36326370        67.99128      1221.62346            6.10        06:59:47        4.20e-02        2.00e+00
       36327406        67.99134      1222.62348            6.10        06:59:34        4.20e-02        2.00e+00
       36328357        67.99160      1223.62374            6.10        06:59:20        4.20e-02        2.00e+00
       36329384        67.99127      1224.62403            6.10        06:59:07        4.20e-02        2.00e+00
DEBUG @ t=36330000: current_coupling=0.042, last=0.042
       36330426        67.99080      1225.62412            6.10        06:58:55        4.20e-02        2.00e+00
       36331504        67.99243      1226.62462            6.10        06:58:43        4.20e-02        2.00e+00
       36332549        67.99246      1227.62518            6.10        06:58:30        4.20e-02        2.00e+00
       36333625        67.99203      1228.62552            6.10        06:58:18        4.20e-02        2.00e+00
       36334632        67.99193      1229.62571            6.10        06:58:05        4.20e-02        2.00e+00
       36335670        67.99174      1230.62617            6.10        06:57:53        4.20e-02        2.00e+00
       36336665        67.99124      1231.62678            6.10        06:57:39        4.20e-02        2.00e+00
       36337638        67.99130      1232.62703            6.10        06:57:25        4.20e-02        2.00e+00
       36338680        67.99133      1233.62707            6.10        06:57:13        4.20e-02        2.00e+00
       36339747        67.99208      1234.62735            6.10        06:57:01        4.20e-02        2.00e+00
DEBUG @ t=36340000: current_coupling=0.042, last=0.042
       36340796        67.99256      1235.62769            6.10        06:56:48        4.20e-02        2.00e+00
       36341801        67.99215      1236.62861            6.10        06:56:35        4.20e-02        2.00e+00
       36342860        67.99232      1237.62956            6.09        06:56:23        4.20e-02        2.00e+00
       36343891        67.99273      1238.62992            6.09        06:56:10        4.20e-02        2.00e+00
       36344934        67.99259      1239.63002            6.09        06:55:57        4.20e-02        2.00e+00
       36345967        67.99227      1240.63088            6.09        06:55:44        4.20e-02        2.00e+00
       36346960        67.99235      1241.63136            6.09        06:55:31        4.20e-02        2.00e+00
       36347870        67.99240      1242.63205            6.09        06:55:15        4.20e-02        2.00e+00
       36348765        67.99195      1243.63236            6.09        06:55:00        4.20e-02        2.00e+00
       36349742        67.99181      1244.63307            6.09        06:54:46        4.20e-02        2.00e+00
DEBUG @ t=36350000: current_coupling=0.042, last=0.042
       36350706        67.99138      1245.63311            6.09        06:54:32        4.20e-02        2.00e+00
       36351668        67.99097      1246.63378            6.09        06:54:18        4.20e-02        2.00e+00
       36352624        67.99163      1247.63396            6.09        06:54:03        4.20e-02        2.00e+00
       36353584        67.99271      1248.63454            6.09        06:53:49        4.20e-02        2.00e+00
       36354657        67.99301      1249.63543            6.09        06:53:37        4.20e-02        2.00e+00
       36355660        67.99318      1250.63614            6.09        06:53:23        4.20e-02        2.00e+00
       36356586        67.99329      1251.63676            6.09        06:53:08        4.20e-02        2.00e+00
       36357581        67.99380      1252.63733            6.09        06:52:54        4.20e-02        2.00e+00
       36358636        67.99381      1253.63814            6.09        06:52:42        4.20e-02        2.00e+00
       36359624        67.99344      1254.63853            6.09        06:52:29        4.20e-02        2.00e+00
DEBUG @ t=36360000: current_coupling=0.042, last=0.042
       36360595        67.99319      1255.63888            6.09        06:52:15        4.20e-02        2.00e+00
       36361595        67.99319      1256.63897            6.09        06:52:01        4.20e-02        2.00e+00
       36362591        67.99318      1257.63981            6.09        06:51:48        4.20e-02        2.00e+00
       36363640        67.99327      1258.64027            6.09        06:51:35        4.20e-02        2.00e+00
       36364665        67.99317      1259.64045            6.09        06:51:22        4.20e-02        2.00e+00
       36365637        67.99362      1260.64071            6.09        06:51:08        4.20e-02        2.00e+00
       36366689        67.99467      1261.64137            6.09        06:50:55        4.20e-02        2.00e+00
       36367697        67.99457      1262.64143            6.09        06:50:42        4.20e-02        2.00e+00
       36368586        67.99429      1263.64240            6.09        06:50:26        4.20e-02        2.00e+00
       36369570        67.99418      1264.64320            6.09        06:50:12        4.20e-02        2.00e+00
DEBUG @ t=36370000: current_coupling=0.042, last=0.042
       36370562        67.99427      1265.64355            6.09        06:49:59        4.20e-02        2.00e+00
       36371413        67.99398      1266.64362            6.09        06:49:42        4.20e-02        2.00e+00
       36372334        67.99384      1267.64419            6.09        06:49:27        4.20e-02        2.00e+00
       36373279        67.99407      1268.64479            6.09        06:49:13        4.20e-02        2.00e+00
       36374200        67.99421      1269.64539            6.09        06:48:58        4.20e-02        2.00e+00
       36375125        67.99401      1270.64617            6.09        06:48:43        4.20e-02        2.00e+00
       36376103        67.99421      1271.64684            6.09        06:48:29        4.20e-02        2.00e+00
       36377074        67.99518      1272.64752            6.09        06:48:14        4.20e-02        2.00e+00
       36378060        67.99561      1273.64775            6.09        06:48:00        4.20e-02        2.00e+00
       36379065        67.99565      1274.64822            6.09        06:47:47        4.20e-02        2.00e+00
DEBUG @ t=36380000: current_coupling=0.042, last=0.042
       36380117        67.99554      1275.64898            6.09        06:47:35        4.20e-02        2.00e+00
       36381174        67.99626      1276.64990            6.09        06:47:22        4.20e-02        2.00e+00
       36382139        67.99646      1277.64991            6.09        06:47:08        4.20e-02        2.00e+00
       36383087        67.99648      1278.65035            6.09        06:46:53        4.20e-02        2.00e+00
       36384113        67.99650      1279.65066            6.09        06:46:40        4.20e-02        2.00e+00
       36385182        67.99624      1280.65143            6.09        06:46:28        4.20e-02        2.00e+00
       36386207        67.99672      1281.65230            6.09        06:46:15        4.20e-02        2.00e+00
       36387175        67.99663      1282.65235            6.09        06:46:01        4.20e-02        2.00e+00
       36388155        67.99609      1283.65274            6.09        06:45:47        4.20e-02        2.00e+00
       36389208        67.99575      1284.65333            6.09        06:45:35        4.20e-02        2.00e+00
DEBUG @ t=36390000: current_coupling=0.042, last=0.042
       36390158        67.99543      1285.65414            6.09        06:45:20        4.20e-02        2.00e+00
       36391183        67.99510      1286.65472            6.09        06:45:08        4.20e-02        2.00e+00
       36392159        67.99480      1287.65547            6.09        06:44:54        4.20e-02        2.00e+00
       36393159        67.99475      1288.65607            6.09        06:44:40        4.20e-02        2.00e+00
       36394123        67.99439      1289.65630            6.09        06:44:26        4.20e-02        2.00e+00
       36395165        67.99466      1290.65721            6.09        06:44:13        4.20e-02        2.00e+00
       36396120        67.99457      1291.65746            6.09        06:43:59        4.20e-02        2.00e+00
       36397098        67.99428      1292.65750            6.09        06:43:45        4.20e-02        2.00e+00
       36398118        67.99394      1293.65755            6.09        06:43:32        4.20e-02        2.00e+00
       36399143        67.99404      1294.65762            6.09        06:43:19        4.20e-02        2.00e+00
DEBUG @ t=36400000: current_coupling=0.042, last=0.042
[HDF5 Writer DEBUG] timestep=36400000, current_time_ps=1295.558, last_output_time=1295.5532096110987, write_count=123107
       36400092        67.99404      1295.65802            6.09        06:43:04        4.20e-02        2.00e+00
       36401046        67.99382      1296.65805            6.09        06:42:50        4.20e-02        2.00e+00
       36402053        67.99373      1297.65811            6.09        06:42:37        4.20e-02        2.00e+00
       36403100        67.99345      1298.65884            6.09        06:42:24        4.20e-02        2.00e+00
       36404096        67.99355      1299.65911            6.09        06:42:11        4.20e-02        2.00e+00
       36405054        67.99439      1300.65991            6.09        06:41:56        4.20e-02        2.00e+00
       36406013        67.99449      1301.66032            6.09        06:41:42        4.20e-02        2.00e+00
       36406956        67.99448      1302.66081            6.09        06:41:27        4.20e-02        2.00e+00
       36407897        67.99461      1303.66098            6.09        06:41:12        4.20e-02        2.00e+00
       36408881        67.99528      1304.66158            6.09        06:40:58        4.20e-02        2.00e+00
       36409917        67.99561      1305.66165            6.09        06:40:45        4.20e-02        2.00e+00
DEBUG @ t=36410000: current_coupling=0.042, last=0.042
       36410913        67.99578      1306.66199            6.09        06:40:32        4.20e-02        2.00e+00
       36411831        67.99564      1307.66220            6.09        06:40:17        4.20e-02        2.00e+00
       36412740        67.99531      1308.66252            6.09        06:40:01        4.20e-02        2.00e+00
       36413673        67.99533      1309.66324            6.09        06:39:47        4.20e-02        2.00e+00
       36414595        67.99535      1310.66358            6.09        06:39:32        4.20e-02        2.00e+00
       36415485        67.99506      1311.66365            6.09        06:39:16        4.20e-02        2.00e+00
       36416430        67.99589      1312.66386            6.09        06:39:01        4.20e-02        2.00e+00
       36417327        67.99596      1313.66474            6.09        06:38:46        4.20e-02        2.00e+00
       36418297        67.99631      1314.66569            6.09        06:38:31        4.20e-02        2.00e+00
       36419301        67.99675      1315.66615            6.09        06:38:18        4.20e-02        2.00e+00
DEBUG @ t=36420000: current_coupling=0.042, last=0.042
       36420255        67.99771      1316.66684            6.09        06:38:03        4.20e-02        2.00e+00
       36421249        67.99892      1317.66722            6.09        06:37:49        4.20e-02        2.00e+00
       36422185        68.00057      1318.66748            6.09        06:37:34        4.20e-02        2.00e+00
       36423162        68.00198      1319.66788            6.09        06:37:19        4.20e-02        2.00e+00
       36424054        68.00434      1320.66903            6.09        06:37:03        4.20e-02        2.00e+00
       36425012        68.00583      1321.66997            6.09        06:36:48        4.20e-02        2.00e+00
       36426012        68.00762      1322.67069            6.09        06:36:34        4.20e-02        2.00e+00
       36426982        68.00990      1323.67074            6.09        06:36:19        4.20e-02        2.00e+00
       36427979        68.01219      1324.67114            6.09        06:36:04        4.20e-02        2.00e+00
       36428922        68.01430      1325.67140            6.09        06:35:49        4.20e-02        2.00e+00
       36429823        68.01611      1326.67187            6.09        06:35:33        4.20e-02        2.00e+00
DEBUG @ t=36430000: current_coupling=0.042, last=0.042
       36430768        68.01820      1327.67189            6.09        06:35:18        4.20e-02        2.00e+00
       36431729        68.02073      1328.67217            6.09        06:35:03        4.20e-02        2.00e+00
       36432659        68.02272      1329.67272            6.09        06:34:47        4.20e-02        2.00e+00
       36433596        68.02527      1330.67281            6.09        06:34:32        4.20e-02        2.00e+00
       36434511        68.02837      1331.67288            6.09        06:34:15        4.20e-02        2.00e+00
2025-11-06 17:16:53 | ERROR | CRITICAL ERROR in simulation: Unable to synchronously flush file (file write failed: time = Thu Nov  6 17:16:53 2025
, filename = 'observables_replica_452.h5', file descriptor = 4, errno = 122, error message = 'Disk quota exceeded', buf = 0x55ed2bd9a7d0, total write size = 4134, bytes this sub-write = 4134, offset = 905967262)
2025-11-06 17:16:53 | ERROR | Full traceback:
2025-11-06 17:16:53 | ERROR | Traceback (most recent call last):
2025-11-06 17:16:53 | ERROR |   File "/scratch/mh7373/micromamba/envs/hoomd/lib/python3.12/site-packages/hoomd/cavitymd/simulation/core.py", line 4753, in run
2025-11-06 17:16:53 | ERROR |     self.run_simulation()
2025-11-06 17:16:53 | ERROR |   File "/scratch/mh7373/micromamba/envs/hoomd/lib/python3.12/site-packages/hoomd/cavitymd/simulation/core.py", line 4807, in run_simulation
2025-11-06 17:16:53 | ERROR |     self.sim.run(total_steps, write_at_start=True)
2025-11-06 17:16:53 | ERROR |   File "/scratch/mh7373/micromamba/envs/hoomd/lib/python3.12/site-packages/hoomd/simulation.py", line 561, in run
2025-11-06 17:16:53 | ERROR |     self._cpp_sys.run(steps_int, write_at_start)
2025-11-06 17:16:53 | ERROR |   File "/scratch/mh7373/micromamba/envs/hoomd/lib/python3.12/site-packages/hoomd/cavitymd/data.py", line 528, in act
2025-11-06 17:16:53 | ERROR |     self.file.flush()
2025-11-06 17:16:53 | ERROR |   File "/scratch/mh7373/micromamba/envs/hoomd/lib/python3.12/site-packages/h5py/_hl/files.py", line 639, in flush
2025-11-06 17:16:53 | ERROR |     h5f.flush(self.id)
2025-11-06 17:16:53 | ERROR |   File "h5py/_objects.pyx", line 56, in h5py._objects.with_phil.wrapper
2025-11-06 17:16:53 | ERROR |   File "h5py/_objects.pyx", line 57, in h5py._objects.with_phil.wrapper
2025-11-06 17:16:53 | ERROR |   File "h5py/h5f.pyx", line 159, in h5py.h5f.flush
2025-11-06 17:16:53 | ERROR | RuntimeError: Unable to synchronously flush file (file write failed: time = Thu Nov  6 17:16:53 2025
2025-11-06 17:16:53 | ERROR | , filename = 'observables_replica_452.h5', file descriptor = 4, errno = 122, error message = 'Disk quota exceeded', buf = 0x55ed2bd9a7d0, total write size = 4134, bytes this sub-write = 4134, offset = 905967262)
2025-11-06 17:16:53 | INFO | Cleanup initiated...
2025-11-06 17:16:53 | INFO | Closing HDF5 observable writer...
2025-11-06 17:16:53 | ERROR | Error closing HDF5 writer: Unable to synchronously flush file (file write failed: time = Thu Nov  6 17:16:53 2025
, filename = 'observables_replica_452.h5', file descriptor = 4, errno = 122, error message = 'Disk quota exceeded', buf = 0x55ed2bda5dd0, total write size = 4134, bytes this sub-write = 4134, offset = 905967262)
DEBUG: Cleanup called - checking for fkt_tracker
DEBUG: No fkt_tracker found or it's None
2025-11-06 17:16:53 | INFO | Returned to original directory: /scratch/mh7373/cav-hoomd/new_final_offres
2025-11-06 17:16:53 | INFO | Cleanup completed
ERROR: Replica 452 failed (coupling: 4.200000e-02 a.u.)

==================================================
Execution Summary
==================================================
Coupling constant used: 4.200000e-02 a.u.
Total replicas: 1
Successful: 0
Failed: 1
Wall time: 18883.66 seconds

WARNING: 1 replicas failed - check individual logs for details
✗ FAILED: DEBUG task 452
