SLURM Job ID: 1641990
SLURM Array Task ID: 66
Using frequency: 2060 cm-1
Fixed coupling strength (lambda): 0.042 (dimensionless)
Frame will be automatically set to: 66
Advanced Cavity MD Experiment Runner
==================================================
SLURM array job detected: Task 66 (Job 1641990)

*** COUPLING CONSTANT: 4.200000e-02 a.u. ***

Simulation Configuration:
  Cavity coupling: Enabled
    Coupling strength: 4.200000e-02 a.u.
    Frequency: 2060.0 cm⁻¹
    Finite-q mode: False
    Cavity thermostat: langevin
  Molecular thermostat: bussi
  Temperature: 100.0 K
  Runtime: 3000.0 ps
  Device: CPU
  Random seed: 0
  Velocity restart: Enabled - thermalizing velocities
  Momentum zeroing: Disabled

Starting execution for 1 replica(s)...
==================================================

Running replica 66...
>>> Will use FRAME 66 from init-0.gsd for this replica <<<
Running experiment:
  Cavity coupling: Enabled
  *** COUPLING STRENGTH: 4.200000e-02 a.u. ***
  Switch time: 200.0 ps
  Decay: None (step function)
  Damping ratio (zeta): 0.0
  Calculated dissipation (c): 0.0000e+00 a.u.
  Molecular thermostat: bussi
  Cavity thermostat: langevin
  Finite-q mode: False
  Replica: 66
  Frame: 66
  Output directory: coupling_420000e-07_freq_2060.0cm1_switch_200.0ps
  *** READING FRAME 66 FROM /scratch/mh7373/cav-hoomd/new_final_offres/init-0.gsd ***
  ✓ Successfully initialized simulation from frame 66
  ✓ Input file: /scratch/mh7373/cav-hoomd/new_final_offres/init-0.gsd
  ✓ Replica 66 ready to run...
2025-11-06 12:01:28 | INFO | ============================================================
2025-11-06 12:01:28 | INFO | CAVITY MD SIMULATION STARTED
2025-11-06 12:01:28 | INFO | ============================================================
2025-11-06 12:01:28 | INFO | Simulation: prod-66
2025-11-06 12:01:28 | INFO | Device: CPU
2025-11-06 12:01:28 | INFO | Runtime: 3000.0 ps
2025-11-06 12:01:28 | INFO | Temperature: 100.0 K
2025-11-06 12:01:28 | INFO | Random seed: 0
2025-11-06 12:01:28 | INFO | Cavity coupling: Enabled
2025-11-06 12:01:28 | INFO |   Frequency: 2060.0 cm^-1
2025-11-06 12:01:28 | INFO |   Lambda coupling: 0.042
2025-11-06 12:01:28 | INFO |   Epsilon (lambda * omega_c): 3.942141e-04 a.u.
2025-11-06 12:01:28 | INFO |   Finite-q mode: False
2025-11-06 12:01:28 | INFO | Molecular thermostat: bussi (tau=1.0 ps)
2025-11-06 12:01:28 | INFO | Cavity thermostat: langevin (tau=1.0 ps)
2025-11-06 12:01:28 | INFO | ============================================================
2025-11-06 12:01:28 | INFO | === Phase 1: Setting up simulation ===
2025-11-06 12:01:28 | INFO | Using default timestep for calculations: 0.0001 ps
2025-11-06 12:01:28 | INFO | Time conversions:
2025-11-06 12:01:28 | INFO |   Timestep: 0.0001 ps = 4.134138 a.u.
2025-11-06 12:01:28 | INFO |   Runtime: 3000.0 ps = 30000000 steps
2025-11-06 12:01:28 | INFO |   Steps per ps: 10000.0
2025-11-06 12:01:28 | INFO | Output periods (steps):
2025-11-06 12:01:28 | INFO |   Energy: 100 (0.010 ps)
2025-11-06 12:01:28 | INFO |   F(k,t): 10000 (1.000 ps)
2025-11-06 12:01:28 | INFO |   GSD: 10000 (1.000 ps)
2025-11-06 12:01:28 | INFO |   Console: 10000 (1.000 ps)
2025-11-06 12:01:28 | INFO | Initializing simulation on CPU
2025-11-06 12:01:28 | INFO | Using user-specified seed: 0
2025-11-06 12:01:28 | INFO | Cavity particle already exists in GSD file (1 found)
2025-11-06 12:01:28 | INFO | Simulation state created from original GSD file with existing cavity particle
2025-11-06 12:01:28 | INFO | Cavity particle validated at index 500, position HOOMDArray([ 1.2443285   0.68672687 -6.11380148])
2025-11-06 12:01:28 | INFO | === Phase 1.5: Setting up time tracker ===
2025-11-06 12:01:28 | INFO | === Phase 2: Configuring forces and thermostats ===
2025-11-06 12:01:28 | INFO | Using lambda_coupling=0.042 (will be scaled by omega_c=0.009386 a.u.)
2025-11-06 12:01:28 | INFO | Using constant coupling: lambda=0.042, epsilon=3.942141e-04 a.u.
CavityForce initialized using cpp implementation
  Using constant lambda coupling: 0.042 (dimensionless)
  Effective epsilon: 3.942141e-04 a.u.
2025-11-06 12:01:28 | INFO | Thermostat time constant conversions:
2025-11-06 12:01:28 | INFO |   Molecular: 1.000 ps = 41341.378917 a.u.
2025-11-06 12:01:28 | INFO |   Cavity: 1.000 ps = 41341.378917 a.u.
2025-11-06 12:01:28 | INFO | Running molecular system with Bussi thermostat (NVT ensemble)
2025-11-06 12:01:28 | INFO | Molecular Bussi thermostat configured: T = 100.0 K, kT = 0.000317 a.u., tau = 1.000 ps
2025-11-06 12:01:28 | INFO | Running cavity with Langevin thermostat
2025-11-06 12:01:28 | INFO | Cavity Langevin thermostat configured: T = 100.0 K, kT = 0.000317 a.u.
2025-11-06 12:01:28 | INFO |   base_gamma = 0.000024 a.u.^-1 (tau = 1.000 ps)
2025-11-06 12:01:28 | INFO |   effective_gamma = 0.000024 a.u.^-1 (damping_factor = 1.0x)
2025-11-06 12:01:28 | INFO | === Phase 3: Setting up integrator and thermalization ===
2025-11-06 12:01:28 | INFO | Integrator configured with initial dt = 4.134138 a.u. (0.000100 ps)
2025-11-06 12:01:28 | INFO | Number of integration methods: 2
2025-11-06 12:01:28 | INFO | CavityParticleDisplacer not needed (constant coupling or q=0 mode)
2025-11-06 12:01:28 | INFO | Using seed 1 for thermalization randomness
2025-11-06 12:01:28 | INFO | Thermalized molecular particles using HOOMD State object
2025-11-06 12:01:28 | INFO | Cavity particle manually thermalized:
2025-11-06 12:01:28 | INFO |   Target temperature: 100.0 K
2025-11-06 12:01:28 | INFO |   Initial velocity: [ 0.02890696 -0.01088686 -0.00939938]
2025-11-06 12:01:28 | INFO |   Expected KE: 0.000521 a.u.
2025-11-06 12:01:28 | INFO |   Expected temperature: 109.7 K
2025-11-06 12:01:28 | INFO |   Using array module: numpy
2025-11-06 12:01:28 | INFO | Checking molecular system temperature after thermalization:
2025-11-06 12:01:28 | INFO |   Number of molecular particles: 500
2025-11-06 12:01:28 | INFO |   Total kinetic energy: 0.229467 a.u.
2025-11-06 12:01:28 | INFO |   Current temperature: 96.6 K
2025-11-06 12:01:28 | INFO | Thermalization completed - velocities properly initialized
2025-11-06 12:01:28 | INFO | === Phase 4: Setting up trackers and loggers ===
2025-11-06 12:01:28 | INFO | Setting up adaptive timestep updater (error_tolerance = 2.0)
Dynamic coupling change detection enabled
Coupling change threshold: ±1.00e-05 a.u.
Shock dampening: error_tolerance drops to 2.00e-10 (factor: 1.00e-10)
Recovery: exponential ramp to 2.00e+00 with τ = 1000.0 ps
Conservative timestep parameters:
  Change threshold: 10.0%
  Max change factor: 1.5
  Min update interval: 1000 steps
  Switch detection tolerance: 0.001 ps
2025-11-06 12:01:28 | INFO | Adaptive timestep updater enabled (check every 1 steps)
CavityForceCompute initialized: omegac=0.00938605 a.u., lambda_coupling=0.042 (dimensionless, from variant), K=8.80979e-05 a.u.
CPU CavityForceCompute initialized successfully
notice(2): charge.pppm: RMS error: 2.31675e-08
NOTICE: Starting from inherited timestep 15850000
  Elapsed time will start from 0, not from inherited simulation time
DEBUG @ t=15850000: current_coupling=0.042, last=None
DEBUG: First coupling check - stored value: 0.042
2025-11-06 12:01:28 | INFO |   Added detailed BussiReservoir energy tracking for method 0
2025-11-06 12:01:28 | INFO |   Added energy tracking for cavityforce
2025-11-06 12:01:28 | INFO |   Added detailed cavity energy components
2025-11-06 12:01:28 | INFO |   Added energy tracking for harmonic
2025-11-06 12:01:28 | INFO |   Added energy tracking for lj
2025-11-06 12:01:28 | INFO |   Added energy tracking for ewald
2025-11-06 12:01:28 | INFO |   Added energy tracking for coulomb
2025-11-06 12:01:28 | INFO | Energy tracking setup completed: 0 methods, 5 forces
2025-11-06 12:01:28 | INFO | Setting up energy tracker with output file: prod-66_energy_tracker.txt
2025-11-06 12:01:28 | INFO | Energy tracker configuration:
2025-11-06 12:01:28 | INFO |   Using time-based output: 0.010 ps
2025-11-06 12:01:28 | INFO |   Max output time: 250.000 ps
2025-11-06 12:01:28 | INFO | Energy tracker configuration:
2025-11-06 12:01:28 | INFO |   Force objects: ['cavity', 'harmonic', 'lj', 'ewald_short', 'ewald_long']
2025-11-06 12:01:28 | INFO |   Thermostat objects: ['bussi_molecular', 'langevin_cavity']
2025-11-06 12:01:28 | INFO |   Using internal kinetic computation (no external tracker needed)
2025-11-06 12:01:28 | INFO |  Energy tracker setup completed with time-based output:
2025-11-06 12:01:28 | INFO |   Output period: 0.010 ps (accurate timing)
2025-11-06 12:01:28 | INFO |   Tracker handles timing internally using ElapsedTimeTracker
2025-11-06 12:01:28 | INFO |   Output limited to 250.000 ps
2025-11-06 12:01:28 | INFO | Setting up F(k,t) density correlation tracker
2025-11-06 12:01:28 | INFO |   k magnitude: 1.00
2025-11-06 12:01:28 | INFO |   Number of wavevectors: 50
2025-11-06 12:01:28 | INFO |   Reference interval: 200.000 ps
2025-11-06 12:01:28 | INFO |   Max references: 20
2025-11-06 12:01:28 | INFO |   Output period: 1.000 ps
2025-11-06 12:01:28 | INFO |   Using time-based reference intervals for adaptive timestep compatibility
2025-11-06 12:01:28 | INFO |   Reference interval: 200.000 ps
2025-11-06 12:01:28 | INFO |   Trigger period: 1 step
2025-11-06 12:01:28 | INFO |   Logarithmic time spacing: DISABLED (regular spacing)
FieldAutocorrelationTracker initialized for density_correlation
  k-magnitude: 1.0
  Wavevectors: 50
  Reference interval: 200.0 ps
  Max references: 20
2025-11-06 12:01:28 | INFO |  F(k,t) tracker successfully enabled with time-based output:
2025-11-06 12:01:28 | INFO |   Output period: 1.000 ps (accurate timing)
2025-11-06 12:01:28 | INFO |   Reference interval: 200.000 ps
2025-11-06 12:01:28 | INFO |   Tracker handles timing internally using ElapsedTimeTracker
2025-11-06 12:01:28 | INFO | Setting up dipole autocorrelation tracker...
2025-11-06 12:01:28 | INFO |   Reference interval: 200.000 ps
2025-11-06 12:01:28 | INFO |   Max references: 20
2025-11-06 12:01:28 | INFO |   Output period: 0.010 ps
2025-11-06 12:01:28 | INFO |   Using time-based reference intervals for adaptive timestep compatibility
2025-11-06 12:01:28 | INFO |   Reference interval: 200.000 ps
2025-11-06 12:01:28 | INFO |   Trigger period: 1 step
2025-11-06 12:01:28 | WARNING | Could not set up dipole autocorrelation tracker: Can't instantiate abstract class AutocorrelationTracker without an implementation for abstract method 'act'
2025-11-06 12:01:28 | INFO | Momentum zeroing disabled
2025-11-06 12:01:28 | INFO |  TRACKING AND LOGGING SETUP COMPLETED:
2025-11-06 12:01:28 | INFO |   All output systems now use precise time-based periods
2025-11-06 12:01:28 | INFO |  Comprehensive temperature tracker enabled
2025-11-06 12:01:28 | INFO |   Output file: temperature_tracker_replica_66.csv
2025-11-06 12:01:28 | INFO |   Output period: 0.1 ps
2025-11-06 12:01:28 | INFO |   Tracking: kinetic, harmonic fictive, LJ+Coul fictive, cavity bath, molecular bath
2025-11-06 12:01:28 | INFO |   Empirical data: None (LJ+Coul fictive temp will be 0)
2025-11-06 12:01:28 | INFO | 
============================================================
2025-11-06 12:01:28 | INFO | HDF5 OBSERVABLE OUTPUT CONFIGURATION
2025-11-06 12:01:28 | INFO | ============================================================
2025-11-06 12:01:28 | INFO | Output file: observables_replica_66.h5
2025-11-06 12:01:28 | INFO | Output period: 0.010 ps
2025-11-06 12:01:28 | INFO | SWMR mode: Enabled (concurrent read access)
2025-11-06 12:01:28 | INFO | ============================================================

✓ HDF5 file structure created: observables_replica_66.h5
ObservableWriter initialized:
  Output file: observables_replica_66.h5
  Output period: 0.01 ps
  Chunk size: 1000
  Compression: gzip
  SWMR mode: True
  Flush interval: 10
✓ Energy tracker registered (18 components)
2025-11-06 12:01:28 | INFO |   Registered energy tracker for HDF5 output
✓ Temperature tracker registered (6 components)
2025-11-06 12:01:28 | INFO |   Registered temperature tracker for HDF5 output
2025-11-06 12:01:28 | INFO | ✓ HDF5 observable output enabled

2025-11-06 12:01:28 | INFO | Advanced features enabled: detailed energy tracking (0.010 ps), F(k,t) density correlation (1.000 ps, k=1.0), dipole autocorrelation (0.010 ps), adaptive timestep control, comprehensive temperature tracker (0.1 ps), HDF5 observable output (0.010 ps)
2025-11-06 12:01:28 | INFO | Console output: 1.000 ps periods (time-based)
2025-11-06 12:01:28 | INFO |   Works accurately for both adaptive and fixed timestep modes
2025-11-06 12:01:28 | INFO | DEBUG: PID controller NOT enabled (enable_pid_controller=False)
2025-11-06 12:01:28 | INFO | === Phase 5: Setting up output writers ===
2025-11-06 12:01:28 | INFO | GSD output setup for adaptive timestep mode:
2025-11-06 12:01:28 | INFO |   GSD trigger: every 1000 steps (target: 1.000 ps)
2025-11-06 12:01:28 | INFO |   Note: GSD timing may vary slightly due to adaptive timestep changes
2025-11-06 12:01:28 | INFO | GSD writer added for file: prod-66.gsd
2025-11-06 12:01:28 | INFO |   GSD output period: 1.000 ps
2025-11-06 12:01:28 | INFO |   GSD truncate mode: False (append to existing file)
2025-11-06 12:01:28 | INFO |  Console output setup completed:
2025-11-06 12:01:28 | INFO |   Output period: 1.000 ps (accurate time-based)
2025-11-06 12:01:28 | INFO |   Lambda coupling column: 4.200000e-02 (dimensionless) (displayed in real-time)
2025-11-06 12:01:28 | INFO |   Console tracker handles timing internally using ElapsedTimeTracker
2025-11-06 12:01:28 | INFO |   Works accurately for both adaptive and fixed timestep modes
2025-11-06 12:01:28 | INFO |  FIXED: Console output now uses precise time-based logic
2025-11-06 12:01:28 | INFO |   Both console and energy tracker use accurate timing
2025-11-06 12:01:28 | INFO |   GSD output timing may vary slightly but is less critical
2025-11-06 12:01:28 | INFO | === Phase 6: Running simulation ===
2025-11-06 12:01:28 | INFO | Starting adaptive timestep simulation for 3000.0 ps
2025-11-06 12:01:28 | INFO | Using max steps: 999999999 (will exit when runtime reached)
2025-11-06 12:01:28 | INFO | Initial timestep: 44.291457 a.u. (1.071 fs)
2025-11-06 12:01:28 | INFO | Timestep will adapt dynamically (error_tolerance = 2.0)
Added F(k,t) reference 0 at t = 0.001 ps
[HDF5 Writer DEBUG] timestep=15850001, current_time_ps=0.001, last_output_time=None, write_count=0
[HDF5 Writer DEBUG] Writing data point 0 at time 0.001 ps
[HDF5 Writer DEBUG] timestep=15850002, current_time_ps=0.002, last_output_time=0.0010713589718449317, write_count=1
[HDF5 Writer DEBUG] Skipping output: not time yet (current=0.002, last=0.0010713589718449317, period=0.01)
[HDF5 Writer DEBUG] timestep=15850003, current_time_ps=0.003, last_output_time=0.0010713589718449317, write_count=1
[HDF5 Writer DEBUG] Skipping output: not time yet (current=0.003, last=0.0010713589718449317, period=0.01)
[HDF5 Writer DEBUG] timestep=15850004, current_time_ps=0.004, last_output_time=0.0010713589718449317, write_count=1
[HDF5 Writer DEBUG] Skipping output: not time yet (current=0.004, last=0.0010713589718449317, period=0.01)
[HDF5 Writer DEBUG] timestep=15850005, current_time_ps=0.005, last_output_time=0.0010713589718449317, write_count=1
[HDF5 Writer DEBUG] Skipping output: not time yet (current=0.005, last=0.0010713589718449317, period=0.01)
[HDF5 Writer DEBUG] timestep=15850006, current_time_ps=0.006, last_output_time=0.0010713589718449317, write_count=1
[HDF5 Writer DEBUG] Skipping output: not time yet (current=0.006, last=0.0010713589718449317, period=0.01)
[HDF5 Writer DEBUG] timestep=15850007, current_time_ps=0.007, last_output_time=0.0010713589718449317, write_count=1
[HDF5 Writer DEBUG] Skipping output: not time yet (current=0.007, last=0.0010713589718449317, period=0.01)
[HDF5 Writer DEBUG] timestep=15850008, current_time_ps=0.009, last_output_time=0.0010713589718449317, write_count=1
[HDF5 Writer DEBUG] Skipping output: not time yet (current=0.009, last=0.0010713589718449317, period=0.01)
[HDF5 Writer DEBUG] timestep=15850009, current_time_ps=0.010, last_output_time=0.0010713589718449317, write_count=1
[HDF5 Writer DEBUG] Skipping output: not time yet (current=0.010, last=0.0010713589718449317, period=0.01)
[HDF5 Writer DEBUG] timestep=15850010, current_time_ps=0.011, last_output_time=0.0010713589718449317, write_count=1
[HDF5 Writer DEBUG] Skipping output: not time yet (current=0.011, last=0.0010713589718449317, period=0.01)
[HDF5 Writer DEBUG] timestep=15850011, current_time_ps=0.012, last_output_time=0.0010713589718449317, write_count=1
[HDF5 Writer DEBUG] Writing data point 1 at time 0.012 ps
[HDF5 Writer DEBUG] timestep=15850012, current_time_ps=0.013, last_output_time=0.011784948690294249, write_count=2
[HDF5 Writer DEBUG] Skipping output: not time yet (current=0.013, last=0.011784948690294249, period=0.01)
[HDF5 Writer DEBUG] timestep=15850013, current_time_ps=0.014, last_output_time=0.011784948690294249, write_count=2
[HDF5 Writer DEBUG] Skipping output: not time yet (current=0.014, last=0.011784948690294249, period=0.01)
[HDF5 Writer DEBUG] timestep=15850014, current_time_ps=0.015, last_output_time=0.011784948690294249, write_count=2
[HDF5 Writer DEBUG] Skipping output: not time yet (current=0.015, last=0.011784948690294249, period=0.01)
[HDF5 Writer DEBUG] timestep=15850015, current_time_ps=0.016, last_output_time=0.011784948690294249, write_count=2
[HDF5 Writer DEBUG] Skipping output: not time yet (current=0.016, last=0.011784948690294249, period=0.01)
[HDF5 Writer DEBUG] timestep=15850016, current_time_ps=0.017, last_output_time=0.011784948690294249, write_count=2
[HDF5 Writer DEBUG] Skipping output: not time yet (current=0.017, last=0.011784948690294249, period=0.01)
[HDF5 Writer DEBUG] timestep=15850017, current_time_ps=0.018, last_output_time=0.011784948690294249, write_count=2
[HDF5 Writer DEBUG] Skipping output: not time yet (current=0.018, last=0.011784948690294249, period=0.01)
[HDF5 Writer DEBUG] timestep=15850018, current_time_ps=0.019, last_output_time=0.011784948690294249, write_count=2
[HDF5 Writer DEBUG] Skipping output: not time yet (current=0.019, last=0.011784948690294249, period=0.01)
[HDF5 Writer DEBUG] timestep=15850019, current_time_ps=0.020, last_output_time=0.011784948690294249, write_count=2
[HDF5 Writer DEBUG] Skipping output: not time yet (current=0.020, last=0.011784948690294249, period=0.01)
[HDF5 Writer DEBUG] timestep=15850020, current_time_ps=0.021, last_output_time=0.011784948690294249, write_count=2
[HDF5 Writer DEBUG] Skipping output: not time yet (current=0.021, last=0.011784948690294249, period=0.01)
[HDF5 Writer DEBUG] timestep=15850021, current_time_ps=0.022, last_output_time=0.011784948690294249, write_count=2
[HDF5 Writer DEBUG] Writing data point 2 at time 0.022 ps
✓ SWMR mode enabled - file can now be read concurrently
Simulation.timestep  Simulation.tps Time.elapsed_ps Performance.ns_per_day Performance.eta   Cavity.lambda Adaptive.error_tolerance
       15850934        66.72622         1.00065            6.02        11:57:04        4.20e-02        2.00e+00
       15851821        66.69079         2.00079            6.25        11:30:50        4.20e-02        2.00e+00
       15852728        66.81376         3.00181            6.30        11:25:21        4.20e-02        2.00e+00
       15853643        66.81551         4.00199            6.30        11:24:45        4.20e-02        2.00e+00
       15854574        66.83391         5.00283            6.28        11:26:25        4.20e-02        2.00e+00
       15855550        66.81121         6.00308            6.22        11:33:30        4.20e-02        2.00e+00
       15856518        66.80603         7.00311            6.18        11:37:30        4.20e-02        2.00e+00
       15857464        66.86502         8.00317            6.17        11:37:46        4.20e-02        2.00e+00
       15858440        66.96735         9.00384            6.16        11:39:45        4.20e-02        2.00e+00
       15859446        66.99748        10.00398            6.12        11:44:06        4.20e-02        2.00e+00
DEBUG @ t=15860000: current_coupling=0.042, last=0.042
       15860440        67.01687        11.00474            6.09        11:46:49        4.20e-02        2.00e+00
       15861431        67.02484        12.00516            6.07        11:48:57        4.20e-02        2.00e+00
       15862484        67.05711        13.00535            6.02        11:54:00        4.20e-02        2.00e+00
       15863558        67.08886        14.00627            5.98        11:59:20        4.20e-02        2.00e+00
       15864628        67.12164        15.00695            5.94        12:03:40        4.20e-02        2.00e+00
       15865682        67.11768        16.00728            5.91        12:07:02        4.20e-02        2.00e+00
       15866672        67.15450        17.00781            5.91        12:06:45        4.20e-02        2.00e+00
       15867665        67.21970        18.00787            5.91        12:06:16        4.20e-02        2.00e+00
       15868739        67.24624        19.00858            5.89        12:09:17        4.20e-02        2.00e+00
       15869821        67.24006        20.00899            5.86        12:12:35        4.20e-02        2.00e+00
DEBUG @ t=15870000: current_coupling=0.042, last=0.042
       15870853        67.22575        21.00901            5.85        12:13:55        4.20e-02        2.00e+00
       15871863        67.20959        22.00918            5.84        12:14:23        4.20e-02        2.00e+00
       15872858        67.19642        23.00971            5.84        12:14:17        4.20e-02        2.00e+00
       15873864        67.20361        24.01013            5.84        12:14:18        4.20e-02        2.00e+00
       15874930        67.26112        25.01049            5.82        12:15:30        4.20e-02        2.00e+00
       15875917        67.28930        26.01094            5.83        12:14:38        4.20e-02        2.00e+00
       15877014        67.29697        27.01101            5.81        12:17:01        4.20e-02        2.00e+00
       15877932        67.30486        28.01151            5.83        12:14:29        4.20e-02        2.00e+00
       15879052        67.30998        29.01235            5.80        12:17:16        4.20e-02        2.00e+00
DEBUG @ t=15880000: current_coupling=0.042, last=0.042
       15880028        67.33352        30.01253            5.81        12:16:06        4.20e-02        2.00e+00
       15881079        67.32542        31.01286            5.80        12:17:07        4.20e-02        2.00e+00
       15881997        67.31571        32.01368            5.81        12:15:00        4.20e-02        2.00e+00
       15883195        67.36520        33.01383            5.78        12:18:37        4.20e-02        2.00e+00
       15884387        67.38826        34.01413            5.76        12:22:07        4.20e-02        2.00e+00
       15885400        67.40695        35.01456            5.76        12:21:42        4.20e-02        2.00e+00
       15886269        67.41045        36.01534            5.78        12:18:28        4.20e-02        2.00e+00
       15887210        67.41321        37.01632            5.79        12:16:51        4.20e-02        2.00e+00
       15888162        67.41260        38.01672            5.80        12:15:34        4.20e-02        2.00e+00
       15889298        67.43848        39.01681            5.78        12:17:30        4.20e-02        2.00e+00
DEBUG @ t=15890000: current_coupling=0.042, last=0.042
       15890243        67.45510        40.01685            5.79        12:15:55        4.20e-02        2.00e+00
       15891408        67.47578        41.01716            5.77        12:18:16        4.20e-02        2.00e+00
       15892391        67.46656        42.01747            5.77        12:17:39        4.20e-02        2.00e+00
       15893252        67.45128        43.01772            5.79        12:15:02        4.20e-02        2.00e+00
       15894142        67.44601        44.01848            5.81        12:12:54        4.20e-02        2.00e+00
       15895210        67.44627        45.01915            5.80        12:13:41        4.20e-02        2.00e+00
       15896298        67.46093        46.01997            5.79        12:14:35        4.20e-02        2.00e+00
       15897418        67.46328        47.02083            5.78        12:16:03        4.20e-02        2.00e+00
       15898519        67.47333        48.02158            5.77        12:17:05        4.20e-02        2.00e+00
       15899616        67.52444        49.02174            5.76        12:17:33        4.20e-02        2.00e+00
DEBUG @ t=15900000: current_coupling=0.042, last=0.042
[HDF5 Writer DEBUG] timestep=15900000, current_time_ps=49.357, last_output_time=49.34688183315186, write_count=4688
       15900708        67.59597        50.02212            5.76        12:17:40        4.20e-02        2.00e+00
       15901784        67.61620        51.02274            5.75        12:18:04        4.20e-02        2.00e+00
       15902938        67.62839        52.02306            5.74        12:19:37        4.20e-02        2.00e+00
       15904081        67.66870        53.02390            5.73        12:20:38        4.20e-02        2.00e+00
       15905147        67.68794        54.02442            5.73        12:20:46        4.20e-02        2.00e+00
       15906205        67.70964        55.02442            5.72        12:20:46        4.20e-02        2.00e+00
       15907214        67.73242        56.02522            5.73        12:20:05        4.20e-02        2.00e+00
       15908223        67.75272        57.02556            5.73        12:19:27        4.20e-02        2.00e+00
       15909290        67.76926        58.02607            5.73        12:19:35        4.20e-02        2.00e+00
DEBUG @ t=15910000: current_coupling=0.042, last=0.042
       15910296        67.78237        59.02666            5.73        12:18:59        4.20e-02        2.00e+00
       15911285        67.78776        60.02758            5.73        12:18:16        4.20e-02        2.00e+00
       15912205        67.79119        61.02823            5.74        12:16:46        4.20e-02        2.00e+00
       15913147        67.79651        62.02849            5.75        12:15:33        4.20e-02        2.00e+00
       15914050        67.80718        63.02880            5.76        12:13:52        4.20e-02        2.00e+00
       15915086        67.84014        64.02973            5.76        12:13:28        4.20e-02        2.00e+00
       15916148        67.85648        65.03018            5.76        12:13:32        4.20e-02        2.00e+00
       15917182        67.86677        66.03059            5.76        12:13:21        4.20e-02        2.00e+00
       15918144        67.87016        67.03126            5.77        12:12:27        4.20e-02        2.00e+00
       15919150        67.87712        68.03209            5.77        12:12:00        4.20e-02        2.00e+00
DEBUG @ t=15920000: current_coupling=0.042, last=0.042
       15920205        67.88446        69.03268            5.77        12:12:04        4.20e-02        2.00e+00
       15921248        67.89444        70.03318            5.76        12:11:58        4.20e-02        2.00e+00
       15922301        67.89914        71.03397            5.76        12:12:01        4.20e-02        2.00e+00
       15923310        67.90352        72.03403            5.76        12:11:37        4.20e-02        2.00e+00
       15924241        67.90951        73.03504            5.77        12:10:27        4.20e-02        2.00e+00
       15925186        67.91649        74.03575            5.78        12:09:25        4.20e-02        2.00e+00
       15926148        67.92346        75.03628            5.78        12:08:34        4.20e-02        2.00e+00
       15927106        67.92934        76.03651            5.79        12:07:43        4.20e-02        2.00e+00
       15928130        67.93707        77.03685            5.79        12:07:28        4.20e-02        2.00e+00
       15929122        67.94099        78.03753            5.79        12:06:58        4.20e-02        2.00e+00
DEBUG @ t=15930000: current_coupling=0.042, last=0.042
       15930040        67.94346        79.03805            5.80        12:05:49        4.20e-02        2.00e+00
       15931087        67.94929        80.03836            5.79        12:05:48        4.20e-02        2.00e+00
       15932164        67.95057        81.03931            5.79        12:06:06        4.20e-02        2.00e+00
       15933143        67.95418        82.04028            5.79        12:05:30        4.20e-02        2.00e+00
       15934115        67.96539        83.04110            5.80        12:04:45        4.20e-02        2.00e+00
       15935019        67.97028        84.04171            5.80        12:03:31        4.20e-02        2.00e+00
       15935991        67.97986        85.04219            5.81        12:02:50        4.20e-02        2.00e+00
       15936903        67.98210        86.04300            5.81        12:01:44        4.20e-02        2.00e+00
       15937835        67.98431        87.04395            5.82        12:00:48        4.20e-02        2.00e+00
       15938738        67.99232        88.04405            5.83        11:59:37        4.20e-02        2.00e+00
       15939690        67.99930        89.04488            5.83        11:58:50        4.20e-02        2.00e+00
DEBUG @ t=15940000: current_coupling=0.042, last=0.042
       15940652        68.01134        90.04546            5.84        11:58:06        4.20e-02        2.00e+00
       15941599        68.01613        91.04581            5.84        11:57:19        4.20e-02        2.00e+00
       15942534        68.01715        92.04673            5.84        11:56:30        4.20e-02        2.00e+00
       15943464        68.02089        93.04721            5.85        11:55:38        4.20e-02        2.00e+00
       15944423        68.02666        94.04783            5.85        11:54:59        4.20e-02        2.00e+00
       15945393        68.03041        95.04826            5.86        11:54:26        4.20e-02        2.00e+00
       15946305        68.04362        96.04936            5.86        11:53:22        4.20e-02        2.00e+00
       15947186        68.04928        97.04937            5.87        11:52:10        4.20e-02        2.00e+00
       15948124        68.05295        98.04987            5.87        11:51:25        4.20e-02        2.00e+00
       15949160        68.05688        99.05084            5.87        11:51:22        4.20e-02        2.00e+00
DEBUG @ t=15950000: current_coupling=0.042, last=0.042
       15950122        68.07176       100.05112            5.88        11:50:41        4.20e-02        2.00e+00
       15951161        68.08041       101.05183            5.87        11:50:37        4.20e-02        2.00e+00
       15952083        68.08496       102.05215            5.88        11:49:46        4.20e-02        2.00e+00
       15953017        68.08670       103.05239            5.88        11:49:03        4.20e-02        2.00e+00
       15954024        68.09334       104.05329            5.88        11:48:47        4.20e-02        2.00e+00
       15955005        68.10922       105.05381            5.89        11:48:14        4.20e-02        2.00e+00
       15955887        68.11950       106.05474            5.89        11:47:05        4.20e-02        2.00e+00
       15956884        68.12749       107.05515            5.89        11:46:45        4.20e-02        2.00e+00
       15957974        68.14954       108.05567            5.89        11:46:52        4.20e-02        2.00e+00
       15959003        68.17902       109.05570            5.89        11:46:31        4.20e-02        2.00e+00
DEBUG @ t=15960000: current_coupling=0.042, last=0.042
       15960077        68.18750       110.05635            5.89        11:46:39        4.20e-02        2.00e+00
       15961017        68.19764       111.05656            5.89        11:45:55        4.20e-02        2.00e+00
       15962147        68.21363       112.05697            5.89        11:46:20        4.20e-02        2.00e+00
       15963270        68.22618       113.05738            5.88        11:46:43        4.20e-02        2.00e+00
       15964381        68.24415       114.05765            5.88        11:46:57        4.20e-02        2.00e+00
       15965473        68.25819       115.05776            5.88        11:47:06        4.20e-02        2.00e+00
       15966536        68.25562       116.05801            5.87        11:47:15        4.20e-02        2.00e+00
       15967475        68.26304       117.05818            5.88        11:46:32        4.20e-02        2.00e+00
       15968393        68.27419       118.05906            5.88        11:45:39        4.20e-02        2.00e+00
       15969415        68.28167       119.05961            5.88        11:45:26        4.20e-02        2.00e+00
DEBUG @ t=15970000: current_coupling=0.042, last=0.042
       15970423        68.30185       120.05983            5.88        11:45:01        4.20e-02        2.00e+00
       15971432        68.31647       121.06036            5.88        11:44:39        4.20e-02        2.00e+00
       15972420        68.32955       122.06053            5.89        11:44:11        4.20e-02        2.00e+00
       15973388        68.33329       123.06062            5.89        11:43:41        4.20e-02        2.00e+00
       15974351        68.33277       124.06130            5.89        11:43:13        4.20e-02        2.00e+00
       15975247        68.33088       125.06239            5.89        11:42:24        4.20e-02        2.00e+00
       15976161        68.33044       126.06246            5.90        11:41:40        4.20e-02        2.00e+00
       15977116        68.33100       127.06264            5.90        11:41:10        4.20e-02        2.00e+00
       15978040        68.33057       128.06320            5.90        11:40:30        4.20e-02        2.00e+00
       15978959        68.33948       129.06409            5.91        11:39:43        4.20e-02        2.00e+00
       15979886        68.34610       130.06416            5.91        11:39:01        4.20e-02        2.00e+00
DEBUG @ t=15980000: current_coupling=0.042, last=0.042
       15980839        68.34991       131.06461            5.91        11:38:29        4.20e-02        2.00e+00
       15981822        68.35009       132.06465            5.92        11:38:10        4.20e-02        2.00e+00
       15982742        68.34861       133.06558            5.92        11:37:31        4.20e-02        2.00e+00
       15983721        68.35331       134.06622            5.92        11:37:07        4.20e-02        2.00e+00
       15984722        68.36246       135.06652            5.92        11:36:48        4.20e-02        2.00e+00
       15985664        68.36490       136.06720            5.92        11:36:15        4.20e-02        2.00e+00
       15986609        68.36874       137.06733            5.93        11:35:42        4.20e-02        2.00e+00
       15987612        68.37231       138.06824            5.93        11:35:27        4.20e-02        2.00e+00
       15988649        68.38112       139.06903            5.92        11:35:19        4.20e-02        2.00e+00
       15989643        68.38680       140.06917            5.93        11:35:00        4.20e-02        2.00e+00
DEBUG @ t=15990000: current_coupling=0.042, last=0.042
       15990608        68.38971       141.06992            5.93        11:34:33        4.20e-02        2.00e+00
       15991518        68.39048       142.07005            5.93        11:33:53        4.20e-02        2.00e+00
       15992438        68.39211       143.07106            5.93        11:33:15        4.20e-02        2.00e+00
       15993413        68.39322       144.07158            5.94        11:32:53        4.20e-02        2.00e+00
       15994361        68.39730       145.07174            5.94        11:32:22        4.20e-02        2.00e+00
       15995302        68.40215       146.07261            5.94        11:31:49        4.20e-02        2.00e+00
       15996313        68.40256       147.07268            5.94        11:31:39        4.20e-02        2.00e+00
       15997300        68.40824       148.07291            5.94        11:31:19        4.20e-02        2.00e+00
       15998287        68.40943       149.07318            5.94        11:31:01        4.20e-02        2.00e+00
       15999265        68.41103       150.07384            5.94        11:30:41        4.20e-02        2.00e+00
DEBUG @ t=16000000: current_coupling=0.042, last=0.042
[HDF5 Writer DEBUG] timestep=16000000, current_time_ps=150.768, last_output_time=150.76564643505716, write_count=14330
       16000293        68.41289       151.07431            5.94        11:30:34        4.20e-02        2.00e+00
       16001241        68.41639       152.07487            5.94        11:30:04        4.20e-02        2.00e+00
       16002165        68.41661       153.07496            5.95        11:29:30        4.20e-02        2.00e+00
       16003136        68.41631       154.07513            5.95        11:29:10        4.20e-02        2.00e+00
       16004190        68.41918       155.07532            5.94        11:29:10        4.20e-02        2.00e+00
       16005112        68.42000       156.07617            5.95        11:28:35        4.20e-02        2.00e+00
       16006111        68.41762       157.07720            5.95        11:28:23        4.20e-02        2.00e+00
       16007047        68.41798       158.07813            5.95        11:27:53        4.20e-02        2.00e+00
       16007978        68.42201       159.07825            5.95        11:27:19        4.20e-02        2.00e+00
       16008888        68.42159       160.07849            5.95        11:26:43        4.20e-02        2.00e+00
       16009805        68.42111       161.07898            5.96        11:26:10        4.20e-02        2.00e+00
DEBUG @ t=16010000: current_coupling=0.042, last=0.042
       16010748        68.42216       162.07984            5.96        11:25:42        4.20e-02        2.00e+00
       16011664        68.42520       163.08028            5.96        11:25:06        4.20e-02        2.00e+00
       16012587        68.42780       164.08076            5.97        11:24:32        4.20e-02        2.00e+00
       16013479        68.42788       165.08097            5.97        11:23:53        4.20e-02        2.00e+00
       16014438        68.43370       166.08116            5.97        11:23:27        4.20e-02        2.00e+00
       16015554        68.43803       167.08187            5.97        11:23:41        4.20e-02        2.00e+00
       16016554        68.43868       168.08215            5.97        11:23:28        4.20e-02        2.00e+00
       16017436        68.43624       169.08223            5.97        11:22:49        4.20e-02        2.00e+00
       16018306        68.43402       170.08309            5.97        11:22:06        4.20e-02        2.00e+00
       16019276        68.43281       171.08311            5.97        11:21:47        4.20e-02        2.00e+00
DEBUG @ t=16020000: current_coupling=0.042, last=0.042
       16020322        68.43522       172.08331            5.97        11:21:45        4.20e-02        2.00e+00
       16021236        68.43513       173.08345            5.98        11:21:12        4.20e-02        2.00e+00
       16022225        68.43456       174.08345            5.98        11:20:58        4.20e-02        2.00e+00
       16023282        68.43807       175.08414            5.97        11:20:57        4.20e-02        2.00e+00
       16024275        68.43851       176.08474            5.97        11:20:43        4.20e-02        2.00e+00
       16025370        68.43890       177.08499            5.97        11:20:53        4.20e-02        2.00e+00
       16026388        68.43990       178.08505            5.97        11:20:44        4.20e-02        2.00e+00
       16027344        68.43785       179.08545            5.97        11:20:23        4.20e-02        2.00e+00
       16028245        68.43628       180.08549            5.97        11:19:49        4.20e-02        2.00e+00
       16029219        68.43812       181.08574            5.97        11:19:30        4.20e-02        2.00e+00
DEBUG @ t=16030000: current_coupling=0.042, last=0.042
       16030350        68.44243       182.08616            5.97        11:19:45        4.20e-02        2.00e+00
       16031411        68.44475       183.08699            5.97        11:19:44        4.20e-02        2.00e+00
       16032311        68.44456       184.08729            5.97        11:19:10        4.20e-02        2.00e+00
       16033232        68.44325       185.08812            5.97        11:18:40        4.20e-02        2.00e+00
       16034114        68.44244       186.08903            5.98        11:18:02        4.20e-02        2.00e+00
       16035071        68.44298       187.08948            5.98        11:17:40        4.20e-02        2.00e+00
       16036102        68.44691       188.08988            5.98        11:17:32        4.20e-02        2.00e+00
       16037220        68.45414       189.09027            5.97        11:17:41        4.20e-02        2.00e+00
       16038371        68.46500       190.09059            5.97        11:17:55        4.20e-02        2.00e+00
       16039532        68.46545       191.09107            5.96        11:18:17        4.20e-02        2.00e+00
DEBUG @ t=16040000: current_coupling=0.042, last=0.042
       16040699        68.47649       192.09192            5.96        11:18:33        4.20e-02        2.00e+00
       16041932        68.48433       193.09252            5.95        11:19:05        4.20e-02        2.00e+00
       16042913        68.48332       194.09290            5.95        11:18:48        4.20e-02        2.00e+00
       16043806        68.48259       195.09369            5.96        11:18:12        4.20e-02        2.00e+00
       16044994        68.48844       196.09434            5.95        11:18:35        4.20e-02        2.00e+00
       16046121        68.48899       197.09489            5.95        11:18:47        4.20e-02        2.00e+00
       16047278        68.48893       198.09496            5.94        11:19:06        4.20e-02        2.00e+00
       16048377        68.49038       199.09567            5.94        11:19:12        4.20e-02        2.00e+00
SWITCH DETECTED at timestep 16049240: t = 200.000339 ps
  Forcing immediate timestep adjustment for shock dampening
Added F(k,t) reference 1 at t = 200.001 ps
       16049324        68.49175       200.09617            5.94        11:18:46        4.20e-02        2.00e+00
DEBUG @ t=16050000: current_coupling=0.042, last=0.042
       16050201        68.49191       201.09671            5.94        11:18:07        4.20e-02        2.00e+00
       16051132        68.49280       202.09698            5.95        11:17:39        4.20e-02        2.00e+00
       16052212        68.49462       203.09723            5.94        11:17:40        4.20e-02        2.00e+00
       16053393        68.49729       204.09739            5.94        11:18:01        4.20e-02        2.00e+00
       16054347        68.49623       205.09766            5.94        11:17:39        4.20e-02        2.00e+00
       16055288        68.49515       206.09791            5.94        11:17:14        4.20e-02        2.00e+00
       16056268        68.49510       207.09849            5.94        11:16:56        4.20e-02        2.00e+00
       16057388        68.49786       208.09936            5.94        11:17:04        4.20e-02        2.00e+00
       16058460        68.49867       209.10029            5.94        11:17:03        4.20e-02        2.00e+00
       16059431        68.50004       210.10073            5.94        11:16:43        4.20e-02        2.00e+00
DEBUG @ t=16060000: current_coupling=0.042, last=0.042
       16060451        68.50001       211.10078            5.94        11:16:33        4.20e-02        2.00e+00
       16061497        68.50328       212.10122            5.93        11:16:26        4.20e-02        2.00e+00
       16062561        68.50943       213.10130            5.93        11:16:20        4.20e-02        2.00e+00
       16063528        68.50951       214.10232            5.93        11:16:00        4.20e-02        2.00e+00
       16064487        68.51386       215.10250            5.94        11:15:35        4.20e-02        2.00e+00
       16065535        68.51152       216.10265            5.93        11:15:31        4.20e-02        2.00e+00
       16066667        68.51117       217.10330            5.93        11:15:42        4.20e-02        2.00e+00
       16067724        68.51815       218.10427            5.93        11:15:34        4.20e-02        2.00e+00
       16068678        68.52132       219.10501            5.93        11:15:09        4.20e-02        2.00e+00
       16069692        68.52467       220.10572            5.93        11:14:56        4.20e-02        2.00e+00
DEBUG @ t=16070000: current_coupling=0.042, last=0.042
       16070772        68.52618       221.10623            5.93        11:14:55        4.20e-02        2.00e+00
       16071758        68.52644       222.10700            5.93        11:14:38        4.20e-02        2.00e+00
       16072642        68.52511       223.10761            5.93        11:14:03        4.20e-02        2.00e+00
       16073548        68.52384       224.10833            5.93        11:13:33        4.20e-02        2.00e+00
       16074562        68.52681       225.10865            5.93        11:13:19        4.20e-02        2.00e+00
       16075455        68.52572       226.10911            5.94        11:12:46        4.20e-02        2.00e+00
       16076351        68.52635       227.10970            5.94        11:12:13        4.20e-02        2.00e+00
       16077426        68.52450       228.11022            5.94        11:12:14        4.20e-02        2.00e+00
       16078356        68.52287       229.11028            5.94        11:11:48        4.20e-02        2.00e+00
       16079310        68.52195       230.11104            5.94        11:11:27        4.20e-02        2.00e+00
DEBUG @ t=16080000: current_coupling=0.042, last=0.042
       16080271        68.52013       231.11155            5.94        11:11:07        4.20e-02        2.00e+00
       16081186        68.51980       232.11182            5.94        11:10:38        4.20e-02        2.00e+00
       16082149        68.52211       233.11193            5.94        11:10:16        4.20e-02        2.00e+00
       16083132        68.52436       234.11230            5.94        11:09:58        4.20e-02        2.00e+00
       16084220        68.52392       235.11254            5.94        11:10:00        4.20e-02        2.00e+00
       16085409        68.52686       236.11279            5.94        11:10:16        4.20e-02        2.00e+00
       16086491        68.52632       237.11309            5.94        11:10:17        4.20e-02        2.00e+00
       16087494        68.52575       238.11314            5.94        11:10:03        4.20e-02        2.00e+00
       16088456        68.52219       239.11401            5.94        11:09:45        4.20e-02        2.00e+00
       16089444        68.52083       240.11482            5.94        11:09:29        4.20e-02        2.00e+00
DEBUG @ t=16090000: current_coupling=0.042, last=0.042
       16090472        68.51962       241.11547            5.94        11:09:20        4.20e-02        2.00e+00
       16091545        68.51931       242.11611            5.93        11:09:18        4.20e-02        2.00e+00
       16092538        68.52433       243.11677            5.93        11:09:00        4.20e-02        2.00e+00
       16093538        68.52742       244.11772            5.93        11:08:44        4.20e-02        2.00e+00
       16094506        68.53194       245.11782            5.94        11:08:22        4.20e-02        2.00e+00
       16095486        68.53612       246.11789            5.94        11:08:02        4.20e-02        2.00e+00
       16096493        68.53554       247.11861            5.94        11:07:49        4.20e-02        2.00e+00
       16097517        68.53862       248.11869            5.94        11:07:37        4.20e-02        2.00e+00
       16098527        68.54124       249.11915            5.94        11:07:23        4.20e-02        2.00e+00
       16099496        68.54162       250.11997            5.94        11:07:03        4.20e-02        2.00e+00
DEBUG @ t=16100000: current_coupling=0.042, last=0.042
[HDF5 Writer DEBUG] timestep=16100000, current_time_ps=250.653, last_output_time=250.6520781123651, write_count=23792
       16100437        68.54473       251.12087            5.94        11:06:38        4.20e-02        2.00e+00
       16101363        68.54752       252.12176            5.94        11:06:10        4.20e-02        2.00e+00
       16102312        68.54738       253.12253            5.94        11:05:48        4.20e-02        2.00e+00
       16103219        68.55098       254.12363            5.94        11:05:17        4.20e-02        2.00e+00
       16104160        68.55750       255.12414            5.95        11:04:50        4.20e-02        2.00e+00
       16105134        68.56876       256.12471            5.95        11:04:25        4.20e-02        2.00e+00
       16106162        68.56918       257.12541            5.95        11:04:15        4.20e-02        2.00e+00
       16107108        68.57110       258.12594            5.95        11:03:52        4.20e-02        2.00e+00
       16108030        68.57448       259.12662            5.95        11:03:23        4.20e-02        2.00e+00
       16108948        68.57719       260.12691            5.95        11:02:55        4.20e-02        2.00e+00
       16109934        68.57584       261.12736            5.95        11:02:40        4.20e-02        2.00e+00
DEBUG @ t=16110000: current_coupling=0.042, last=0.042
       16110924        68.57741       262.12764            5.95        11:02:24        4.20e-02        2.00e+00
       16111948        68.58018       263.12844            5.95        11:02:12        4.20e-02        2.00e+00
       16112886        68.57794       264.12911            5.95        11:01:50        4.20e-02        2.00e+00
       16113922        68.57824       265.12978            5.95        11:01:41        4.20e-02        2.00e+00
       16114851        68.57734       266.13081            5.95        11:01:17        4.20e-02        2.00e+00
       16115721        68.57569       267.13140            5.96        11:00:45        4.20e-02        2.00e+00
       16116649        68.57408       268.13177            5.96        11:00:21        4.20e-02        2.00e+00
       16117601        68.57567       269.13235            5.96        10:59:59        4.20e-02        2.00e+00
       16118508        68.57472       270.13331            5.96        10:59:32        4.20e-02        2.00e+00
       16119423        68.57329       271.13412            5.96        10:59:07        4.20e-02        2.00e+00
DEBUG @ t=16120000: current_coupling=0.042, last=0.042
       16120300        68.57306       272.13418            5.96        10:58:35        4.20e-02        2.00e+00
       16121191        68.57210       273.13507            5.97        10:58:06        4.20e-02        2.00e+00
       16122112        68.57221       274.13518            5.97        10:57:41        4.20e-02        2.00e+00
       16123077        68.57158       275.13548            5.97        10:57:23        4.20e-02        2.00e+00
       16123955        68.57138       276.13663            5.97        10:56:52        4.20e-02        2.00e+00
       16124877        68.57520       277.13699            5.97        10:56:25        4.20e-02        2.00e+00
       16125805        68.57882       278.13792            5.97        10:56:00        4.20e-02        2.00e+00
       16126770        68.58065       279.13796            5.98        10:55:40        4.20e-02        2.00e+00
       16127757        68.58060       280.13849            5.98        10:55:25        4.20e-02        2.00e+00
       16128738        68.58094       281.13876            5.98        10:55:09        4.20e-02        2.00e+00
       16129717        68.58321       282.13975            5.98        10:54:51        4.20e-02        2.00e+00
DEBUG @ t=16130000: current_coupling=0.042, last=0.042
       16130691        68.58369       283.14028            5.98        10:54:34        4.20e-02        2.00e+00
       16131701        68.58436       284.14107            5.98        10:54:22        4.20e-02        2.00e+00
       16132707        68.59059       285.14127            5.98        10:54:06        4.20e-02        2.00e+00
       16133691        68.59677       286.14158            5.98        10:53:47        4.20e-02        2.00e+00
       16134734        68.60101       287.14248            5.98        10:53:37        4.20e-02        2.00e+00
       16135760        68.60283       288.14295            5.98        10:53:26        4.20e-02        2.00e+00
       16136766        68.60173       289.14337            5.98        10:53:14        4.20e-02        2.00e+00
       16137851        68.60127       290.14375            5.97        10:53:12        4.20e-02        2.00e+00
       16138898        68.60317       291.14462            5.97        10:53:04        4.20e-02        2.00e+00
       16139942        68.61044       292.14464            5.97        10:52:52        4.20e-02        2.00e+00
DEBUG @ t=16140000: current_coupling=0.042, last=0.042
       16140928        68.61325       293.14482            5.97        10:52:35        4.20e-02        2.00e+00
       16141926        68.61551       294.14505            5.97        10:52:20        4.20e-02        2.00e+00
       16142923        68.61565       295.14586            5.97        10:52:06        4.20e-02        2.00e+00
       16143920        68.61631       296.14658            5.97        10:51:52        4.20e-02        2.00e+00
       16144915        68.61848       297.14748            5.97        10:51:36        4.20e-02        2.00e+00
       16145925        68.61797       298.14802            5.97        10:51:24        4.20e-02        2.00e+00
       16146959        68.61799       299.14878            5.97        10:51:15        4.20e-02        2.00e+00
       16148006        68.61804       300.14930            5.97        10:51:08        4.20e-02        2.00e+00
       16149056        68.61683       301.14978            5.97        10:51:01        4.20e-02        2.00e+00
DEBUG @ t=16150000: current_coupling=0.042, last=0.042
       16150116        68.61675       302.15003            5.97        10:50:56        4.20e-02        2.00e+00
       16151164        68.61675       303.15018            5.97        10:50:48        4.20e-02        2.00e+00
       16152108        68.61761       304.15044            5.97        10:50:27        4.20e-02        2.00e+00
       16153200        68.61921       305.15070            5.97        10:50:24        4.20e-02        2.00e+00
       16154287        68.62475       306.15084            5.97        10:50:18        4.20e-02        2.00e+00
       16155232        68.62516       307.15129            5.97        10:49:57        4.20e-02        2.00e+00
       16156170        68.62485       308.15146            5.97        10:49:36        4.20e-02        2.00e+00
       16157116        68.62363       309.15149            5.97        10:49:16        4.20e-02        2.00e+00
       16158085        68.62339       310.15248            5.97        10:48:59        4.20e-02        2.00e+00
       16159098        68.62518       311.15268            5.97        10:48:46        4.20e-02        2.00e+00
DEBUG @ t=16160000: current_coupling=0.042, last=0.042
       16160209        68.62677       312.15355            5.97        10:48:45        4.20e-02        2.00e+00
       16161302        68.62727       313.15392            5.96        10:48:42        4.20e-02        2.00e+00
       16162298        68.62750       314.15437            5.96        10:48:28        4.20e-02        2.00e+00
       16163264        68.62873       315.15469            5.96        10:48:09        4.20e-02        2.00e+00
       16164299        68.63142       316.15488            5.96        10:47:58        4.20e-02        2.00e+00
       16165214        68.63200       317.15523            5.97        10:47:34        4.20e-02        2.00e+00
       16166048        68.63051       318.15525            5.97        10:47:00        4.20e-02        2.00e+00
       16166976        68.62988       319.15537            5.97        10:46:38        4.20e-02        2.00e+00
       16167860        68.62985       320.15605            5.97        10:46:10        4.20e-02        2.00e+00
       16168758        68.62860       321.15617            5.97        10:45:45        4.20e-02        2.00e+00
       16169676        68.62722       322.15627            5.97        10:45:22        4.20e-02        2.00e+00
DEBUG @ t=16170000: current_coupling=0.042, last=0.042
       16170583        68.62581       323.15666            5.98        10:44:58        4.20e-02        2.00e+00
       16171562        68.62616       324.15727            5.98        10:44:42        4.20e-02        2.00e+00
       16172614        68.62723       325.15809            5.98        10:44:34        4.20e-02        2.00e+00
       16173602        68.63124       326.15894            5.98        10:44:17        4.20e-02        2.00e+00
       16174723        68.63642       327.15917            5.97        10:44:14        4.20e-02        2.00e+00
       16175751        68.63745       328.15935            5.97        10:44:04        4.20e-02        2.00e+00
       16176738        68.63852       329.15968            5.97        10:43:48        4.20e-02        2.00e+00
       16177710        68.63805       330.16046            5.97        10:43:31        4.20e-02        2.00e+00
       16178719        68.63886       331.16068            5.97        10:43:18        4.20e-02        2.00e+00
       16179694        68.64122       332.16086            5.97        10:43:00        4.20e-02        2.00e+00
DEBUG @ t=16180000: current_coupling=0.042, last=0.042
       16180620        68.64192       333.16144            5.98        10:42:37        4.20e-02        2.00e+00
       16181587        68.64505       334.16180            5.98        10:42:18        4.20e-02        2.00e+00
       16182480        68.64606       335.16221            5.98        10:41:52        4.20e-02        2.00e+00
       16183433        68.65217       336.16259            5.98        10:41:29        4.20e-02        2.00e+00
       16184502        68.65526       337.16310            5.98        10:41:22        4.20e-02        2.00e+00
       16185524        68.65461       338.16401            5.98        10:41:11        4.20e-02        2.00e+00
       16186514        68.65252       339.16452            5.98        10:40:57        4.20e-02        2.00e+00
       16187477        68.65094       340.16491            5.98        10:40:41        4.20e-02        2.00e+00
       16188374        68.65035       341.16545            5.98        10:40:16        4.20e-02        2.00e+00
       16189276        68.64928       342.16641            5.98        10:39:51        4.20e-02        2.00e+00
DEBUG @ t=16190000: current_coupling=0.042, last=0.042
       16190152        68.64864       343.16738            5.98        10:39:24        4.20e-02        2.00e+00
       16191055        68.64735       344.16844            5.98        10:39:00        4.20e-02        2.00e+00
       16192000        68.64582       345.16916            5.99        10:38:42        4.20e-02        2.00e+00
       16192971        68.64524       346.17018            5.99        10:38:25        4.20e-02        2.00e+00
       16194019        68.64327       347.17089            5.98        10:38:18        4.20e-02        2.00e+00
       16195008        68.64189       348.17180            5.98        10:38:04        4.20e-02        2.00e+00
       16195974        68.64181       349.17202            5.99        10:37:47        4.20e-02        2.00e+00
       16196979        68.64379       350.17216            5.98        10:37:33        4.20e-02        2.00e+00
       16197983        68.64791       351.17255            5.99        10:37:17        4.20e-02        2.00e+00
       16199042        68.64788       352.17327            5.98        10:37:10        4.20e-02        2.00e+00
DEBUG @ t=16200000: current_coupling=0.042, last=0.042
[HDF5 Writer DEBUG] timestep=16200000, current_time_ps=353.137, last_output_time=353.1327219806882, write_count=33565
       16200036        68.64655       353.17378            5.98        10:36:57        4.20e-02        2.00e+00
       16201034        68.64529       354.17405            5.98        10:36:44        4.20e-02        2.00e+00
       16202022        68.64601       355.17449            5.98        10:36:29        4.20e-02        2.00e+00
       16203025        68.64678       356.17491            5.98        10:36:15        4.20e-02        2.00e+00
       16203954        68.64547       357.17497            5.98        10:35:55        4.20e-02        2.00e+00
       16204918        68.64450       358.17538            5.98        10:35:38        4.20e-02        2.00e+00
       16205944        68.64406       359.17589            5.98        10:35:27        4.20e-02        2.00e+00
       16206880        68.64333       360.17651            5.99        10:35:07        4.20e-02        2.00e+00
       16207769        68.64325       361.17757            5.99        10:34:42        4.20e-02        2.00e+00
       16208768        68.64425       362.17834            5.99        10:34:28        4.20e-02        2.00e+00
       16209778        68.64627       363.17844            5.99        10:34:14        4.20e-02        2.00e+00
DEBUG @ t=16210000: current_coupling=0.042, last=0.042
       16210710        68.64705       364.17915            5.99        10:33:53        4.20e-02        2.00e+00
       16211682        68.64890       365.17949            5.99        10:33:36        4.20e-02        2.00e+00
       16212675        68.64696       366.17971            5.99        10:33:23        4.20e-02        2.00e+00
       16213640        68.64582       367.17989            5.99        10:33:06        4.20e-02        2.00e+00
       16214601        68.64439       368.18013            5.99        10:32:49        4.20e-02        2.00e+00
       16215555        68.64559       369.18021            5.99        10:32:30        4.20e-02        2.00e+00
       16216505        68.64597       370.18066            5.99        10:32:12        4.20e-02        2.00e+00
       16217470        68.64769       371.18151            5.99        10:31:53        4.20e-02        2.00e+00
       16218576        68.64921       372.18178            5.99        10:31:50        4.20e-02        2.00e+00
       16219681        68.64947       373.18231            5.99        10:31:47        4.20e-02        2.00e+00
DEBUG @ t=16220000: current_coupling=0.042, last=0.042
       16220672        68.64830       374.18239            5.99        10:31:33        4.20e-02        2.00e+00
       16221575        68.64684       375.18280            5.99        10:31:11        4.20e-02        2.00e+00
       16222471        68.64578       376.18356            5.99        10:30:47        4.20e-02        2.00e+00
       16223330        68.64407       377.18371            5.99        10:30:21        4.20e-02        2.00e+00
       16224225        68.64305       378.18415            5.99        10:29:57        4.20e-02        2.00e+00
       16225343        68.64222       379.18440            5.99        10:29:56        4.20e-02        2.00e+00
       16226363        68.64125       380.18524            5.99        10:29:45        4.20e-02        2.00e+00
       16227407        68.64073       381.18596            5.99        10:29:36        4.20e-02        2.00e+00
       16228286        68.64054       382.18607            5.99        10:29:11        4.20e-02        2.00e+00
       16229297        68.64132       383.18664            5.99        10:28:58        4.20e-02        2.00e+00
DEBUG @ t=16230000: current_coupling=0.042, last=0.042
       16230286        68.64224       384.18715            5.99        10:28:43        4.20e-02        2.00e+00
       16231306        68.64432       385.18784            5.99        10:28:30        4.20e-02        2.00e+00
       16232221        68.64427       386.18819            5.99        10:28:08        4.20e-02        2.00e+00
       16233081        68.64291       387.18921            5.99        10:27:42        4.20e-02        2.00e+00
       16234124        68.64221       388.19002            5.99        10:27:33        4.20e-02        2.00e+00
       16235087        68.64038       389.19058            5.99        10:27:17        4.20e-02        2.00e+00
       16236086        68.64006       390.19074            5.99        10:27:04        4.20e-02        2.00e+00
       16237111        68.64158       391.19168            5.99        10:26:52        4.20e-02        2.00e+00
       16238059        68.64602       392.19234            5.99        10:26:31        4.20e-02        2.00e+00
       16239161        68.65125       393.19290            5.99        10:26:24        4.20e-02        2.00e+00
DEBUG @ t=16240000: current_coupling=0.042, last=0.042
       16240239        68.65145       394.19378            5.99        10:26:18        4.20e-02        2.00e+00
       16241200        68.65054       395.19451            5.99        10:26:01        4.20e-02        2.00e+00
       16242195        68.65137       396.19468            5.99        10:25:47        4.20e-02        2.00e+00
       16243318        68.65315       397.19524            5.99        10:25:44        4.20e-02        2.00e+00
       16244344        68.65189       398.19604            5.99        10:25:34        4.20e-02        2.00e+00
       16245318        68.65162       399.19685            5.99        10:25:18        4.20e-02        2.00e+00
Added F(k,t) reference 2 at t = 400.002 ps
       16246403        68.65477       400.19747            5.99        10:25:11        4.20e-02        2.00e+00
       16247369        68.65433       401.19800            5.99        10:24:54        4.20e-02        2.00e+00
       16248349        68.65531       402.19823            5.99        10:24:38        4.20e-02        2.00e+00
       16249280        68.65501       403.19841            5.99        10:24:18        4.20e-02        2.00e+00
DEBUG @ t=16250000: current_coupling=0.042, last=0.042
       16250182        68.65437       404.19871            5.99        10:23:56        4.20e-02        2.00e+00
       16251226        68.65396       405.19884            5.99        10:23:47        4.20e-02        2.00e+00
       16252156        68.65413       406.19990            5.99        10:23:26        4.20e-02        2.00e+00
       16253109        68.65578       407.20009            5.99        10:23:08        4.20e-02        2.00e+00
       16253963        68.65619       408.20053            5.99        10:22:40        4.20e-02        2.00e+00
       16254877        68.65580       409.20071            5.99        10:22:19        4.20e-02        2.00e+00
       16255862        68.65591       410.20125            5.99        10:22:04        4.20e-02        2.00e+00
       16256900        68.65642       411.20200            5.99        10:21:54        4.20e-02        2.00e+00
       16257907        68.65838       412.20285            5.99        10:21:40        4.20e-02        2.00e+00
       16258811        68.65805       413.20336            6.00        10:21:18        4.20e-02        2.00e+00
       16259741        68.65769       414.20429            6.00        10:20:58        4.20e-02        2.00e+00
DEBUG @ t=16260000: current_coupling=0.042, last=0.042
       16260686        68.65633       415.20438            6.00        10:20:40        4.20e-02        2.00e+00
       16261653        68.65766       416.20460            6.00        10:20:23        4.20e-02        2.00e+00
       16262640        68.65818       417.20473            6.00        10:20:08        4.20e-02        2.00e+00
       16263570        68.65759       418.20547            6.00        10:19:49        4.20e-02        2.00e+00
       16264633        68.65676       419.20630            6.00        10:19:41        4.20e-02        2.00e+00
       16265688        68.65652       420.20678            6.00        10:19:33        4.20e-02        2.00e+00
       16266648        68.65809       421.20756            6.00        10:19:15        4.20e-02        2.00e+00
       16267523        68.65990       422.20791            6.00        10:18:49        4.20e-02        2.00e+00
       16268381        68.66011       423.20887            6.00        10:18:23        4.20e-02        2.00e+00
       16269273        68.65947       424.20940            6.00        10:18:01        4.20e-02        2.00e+00
DEBUG @ t=16270000: current_coupling=0.042, last=0.042
       16270192        68.65990       425.20954            6.00        10:17:40        4.20e-02        2.00e+00
       16271158        68.66004       426.20965            6.00        10:17:23        4.20e-02        2.00e+00
       16272047        68.66084       427.21048            6.00        10:17:00        4.20e-02        2.00e+00
       16272915        68.65952       428.21071            6.01        10:16:36        4.20e-02        2.00e+00
       16273795        68.65751       429.21154            6.01        10:16:13        4.20e-02        2.00e+00
       16274702        68.65750       430.21243            6.01        10:15:51        4.20e-02        2.00e+00
       16275640        68.65838       431.21317            6.01        10:15:32        4.20e-02        2.00e+00
       16276616        68.65867       432.21386            6.01        10:15:17        4.20e-02        2.00e+00
       16277568        68.65877       433.21442            6.01        10:14:59        4.20e-02        2.00e+00
       16278442        68.66037       434.21532            6.01        10:14:34        4.20e-02        2.00e+00
       16279369        68.66395       435.21561            6.01        10:14:13        4.20e-02        2.00e+00
DEBUG @ t=16280000: current_coupling=0.042, last=0.042
       16280332        68.66621       436.21610            6.01        10:13:55        4.20e-02        2.00e+00
       16281385        68.66862       437.21645            6.01        10:13:45        4.20e-02        2.00e+00
       16282406        68.66817       438.21669            6.01        10:13:34        4.20e-02        2.00e+00
       16283405        68.66857       439.21686            6.01        10:13:20        4.20e-02        2.00e+00
       16284423        68.66895       440.21749            6.01        10:13:08        4.20e-02        2.00e+00
       16285447        68.66768       441.21834            6.01        10:12:57        4.20e-02        2.00e+00
       16286313        68.66565       442.21868            6.01        10:12:34        4.20e-02        2.00e+00
       16287308        68.66838       443.21877            6.01        10:12:19        4.20e-02        2.00e+00
       16288331        68.66869       444.21964            6.01        10:12:07        4.20e-02        2.00e+00
       16289267        68.66751       445.21987            6.01        10:11:49        4.20e-02        2.00e+00
DEBUG @ t=16290000: current_coupling=0.042, last=0.042
       16290272        68.66769       446.22006            6.01        10:11:36        4.20e-02        2.00e+00
       16291271        68.66688       447.22026            6.01        10:11:23        4.20e-02        2.00e+00
       16292183        68.66765       448.22074            6.01        10:11:02        4.20e-02        2.00e+00
       16293084        68.66684       449.22168            6.01        10:10:41        4.20e-02        2.00e+00
       16294028        68.66624       450.22200            6.02        10:10:24        4.20e-02        2.00e+00
       16294981        68.66629       451.22220            6.02        10:10:06        4.20e-02        2.00e+00
       16295962        68.66686       452.22281            6.02        10:09:51        4.20e-02        2.00e+00
       16296935        68.66816       453.22334            6.02        10:09:35        4.20e-02        2.00e+00
       16297932        68.67045       454.22430            6.02        10:09:20        4.20e-02        2.00e+00
       16298880        68.67083       455.22432            6.02        10:09:03        4.20e-02        2.00e+00
       16299861        68.67214       456.22490            6.02        10:08:47        4.20e-02        2.00e+00
DEBUG @ t=16300000: current_coupling=0.042, last=0.042
[HDF5 Writer DEBUG] timestep=16300000, current_time_ps=456.361, last_output_time=456.35349207866824, write_count=43398
       16300798        68.67160       457.22494            6.02        10:08:29        4.20e-02        2.00e+00
       16301765        68.67157       458.22562            6.02        10:08:13        4.20e-02        2.00e+00
       16302748        68.67443       459.22611            6.02        10:07:57        4.20e-02        2.00e+00
       16303701        68.67402       460.22624            6.02        10:07:40        4.20e-02        2.00e+00
       16304637        68.67265       461.22671            6.02        10:07:23        4.20e-02        2.00e+00
       16305534        68.67119       462.22769            6.02        10:07:02        4.20e-02        2.00e+00
       16306487        68.67048       463.22811            6.02        10:06:45        4.20e-02        2.00e+00
       16307521        68.67171       464.22914            6.02        10:06:34        4.20e-02        2.00e+00
       16308470        68.67210       465.23018            6.02        10:06:16        4.20e-02        2.00e+00
       16309404        68.67251       466.23105            6.02        10:05:58        4.20e-02        2.00e+00
DEBUG @ t=16310000: current_coupling=0.042, last=0.042
       16310485        68.67605       467.23114            6.02        10:05:49        4.20e-02        2.00e+00
       16311535        68.68029       468.23180            6.02        10:05:37        4.20e-02        2.00e+00
       16312517        68.68035       469.23235            6.02        10:05:23        4.20e-02        2.00e+00
       16313492        68.68108       470.23322            6.02        10:05:07        4.20e-02        2.00e+00
       16314423        68.68327       471.23338            6.02        10:04:47        4.20e-02        2.00e+00
       16315321        68.68317       472.23392            6.02        10:04:26        4.20e-02        2.00e+00
       16316214        68.68212       473.23439            6.02        10:04:05        4.20e-02        2.00e+00
       16317150        68.68199       474.23482            6.02        10:03:47        4.20e-02        2.00e+00
       16318046        68.68356       475.23547            6.03        10:03:25        4.20e-02        2.00e+00
       16318929        68.68363       476.23628            6.03        10:03:02        4.20e-02        2.00e+00
       16319839        68.68417       477.23735            6.03        10:02:42        4.20e-02        2.00e+00
DEBUG @ t=16320000: current_coupling=0.042, last=0.042
       16320767        68.68615       478.23749            6.03        10:02:22        4.20e-02        2.00e+00
       16321682        68.68660       479.23780            6.03        10:02:02        4.20e-02        2.00e+00
       16322588        68.68685       480.23809            6.03        10:01:42        4.20e-02        2.00e+00
       16323539        68.69271       481.23816            6.03        10:01:22        4.20e-02        2.00e+00
       16324541        68.69383       482.23827            6.03        10:01:08        4.20e-02        2.00e+00
       16325470        68.69479       483.23844            6.03        10:00:49        4.20e-02        2.00e+00
       16326398        68.69606       484.23856            6.03        10:00:30        4.20e-02        2.00e+00
       16327381        68.69628       485.23914            6.03        10:00:15        4.20e-02        2.00e+00
       16328257        68.69706       486.24007            6.03        09:59:53        4.20e-02        2.00e+00
       16329115        68.69831       487.24069            6.04        09:59:28        4.20e-02        2.00e+00
DEBUG @ t=16330000: current_coupling=0.042, last=0.042
       16330058        68.70040       488.24104            6.04        09:59:10        4.20e-02        2.00e+00
       16330970        68.70101       489.24155            6.04        09:58:50        4.20e-02        2.00e+00
       16331851        68.70001       490.24224            6.04        09:58:28        4.20e-02        2.00e+00
       16332759        68.69927       491.24294            6.04        09:58:09        4.20e-02        2.00e+00
       16333656        68.69938       492.24382            6.04        09:57:48        4.20e-02        2.00e+00
       16334548        68.69938       493.24472            6.04        09:57:27        4.20e-02        2.00e+00
       16335500        68.69833       494.24533            6.04        09:57:11        4.20e-02        2.00e+00
       16336419        68.69817       495.24622            6.04        09:56:52        4.20e-02        2.00e+00
       16337392        68.69937       496.24678            6.04        09:56:36        4.20e-02        2.00e+00
       16338293        68.69902       497.24689            6.04        09:56:16        4.20e-02        2.00e+00
       16339301        68.69852       498.24796            6.04        09:56:04        4.20e-02        2.00e+00
DEBUG @ t=16340000: current_coupling=0.042, last=0.042
       16340221        68.69772       499.24863            6.04        09:55:45        4.20e-02        2.00e+00
       16341300        68.69796       500.24896            6.04        09:55:38        4.20e-02        2.00e+00
       16342135        68.69751       501.24999            6.05        09:55:13        4.20e-02        2.00e+00
       16343047        68.69680       502.25060            6.05        09:54:54        4.20e-02        2.00e+00
       16343870        68.69588       503.25065            6.05        09:54:29        4.20e-02        2.00e+00
       16344788        68.69718       504.25137            6.05        09:54:09        4.20e-02        2.00e+00
       16345719        68.69983       505.25147            6.05        09:53:50        4.20e-02        2.00e+00
       16346640        68.70073       506.25198            6.05        09:53:31        4.20e-02        2.00e+00
       16347592        68.70142       507.25216            6.05        09:53:14        4.20e-02        2.00e+00
       16348459        68.70039       508.25228            6.05        09:52:52        4.20e-02        2.00e+00
       16349365        68.69909       509.25256            6.05        09:52:33        4.20e-02        2.00e+00
DEBUG @ t=16350000: current_coupling=0.042, last=0.042
       16350386        68.69801       510.25297            6.05        09:52:22        4.20e-02        2.00e+00
       16351358        68.69715       511.25387            6.05        09:52:08        4.20e-02        2.00e+00
       16352226        68.69623       512.25473            6.05        09:51:46        4.20e-02        2.00e+00
       16353291        68.69670       513.25526            6.05        09:51:37        4.20e-02        2.00e+00
       16354268        68.69788       514.25567            6.05        09:51:22        4.20e-02        2.00e+00
       16355099        68.69756       515.25587            6.05        09:50:58        4.20e-02        2.00e+00
       16355927        68.69946       516.25639            6.06        09:50:32        4.20e-02        2.00e+00
       16356872        68.70011       517.25647            6.06        09:50:15        4.20e-02        2.00e+00
       16357802        68.69950       518.25727            6.06        09:49:57        4.20e-02        2.00e+00
       16358711        68.69952       519.25743            6.06        09:49:38        4.20e-02        2.00e+00
       16359684        68.69855       520.25810            6.06        09:49:24        4.20e-02        2.00e+00
DEBUG @ t=16360000: current_coupling=0.042, last=0.042
       16360679        68.69785       521.25860            6.06        09:49:11        4.20e-02        2.00e+00
       16361658        68.69751       522.25938            6.06        09:48:56        4.20e-02        2.00e+00
       16362599        68.69877       523.25946            6.06        09:48:39        4.20e-02        2.00e+00
       16363506        68.69785       524.25971            6.06        09:48:20        4.20e-02        2.00e+00
       16364522        68.69839       525.25991            6.06        09:48:08        4.20e-02        2.00e+00
       16365528        68.70010       526.26040            6.06        09:47:55        4.20e-02        2.00e+00
       16366533        68.70118       527.26069            6.06        09:47:42        4.20e-02        2.00e+00
       16367523        68.70044       528.26085            6.06        09:47:28        4.20e-02        2.00e+00
       16368495        68.70001       529.26165            6.06        09:47:14        4.20e-02        2.00e+00
       16369520        68.70105       530.26258            6.06        09:47:02        4.20e-02        2.00e+00
DEBUG @ t=16370000: current_coupling=0.042, last=0.042
       16370514        68.70012       531.26307            6.06        09:46:49        4.20e-02        2.00e+00
       16371478        68.69969       532.26411            6.06        09:46:34        4.20e-02        2.00e+00
       16372390        68.70080       533.26434            6.06        09:46:14        4.20e-02        2.00e+00
       16373284        68.70235       534.26441            6.06        09:45:54        4.20e-02        2.00e+00
       16374152        68.70357       535.26507            6.06        09:45:31        4.20e-02        2.00e+00
       16375043        68.70440       536.26552            6.06        09:45:11        4.20e-02        2.00e+00
       16376003        68.70647       537.26569            6.06        09:44:54        4.20e-02        2.00e+00
       16376980        68.70689       538.26581            6.06        09:44:39        4.20e-02        2.00e+00
       16377949        68.70822       539.26613            6.06        09:44:24        4.20e-02        2.00e+00
       16378865        68.70992       540.26635            6.06        09:44:04        4.20e-02        2.00e+00
       16379791        68.71173       541.26649            6.07        09:43:46        4.20e-02        2.00e+00
DEBUG @ t=16380000: current_coupling=0.042, last=0.042
       16380756        68.71467       542.26677            6.07        09:43:29        4.20e-02        2.00e+00
       16381691        68.71740       543.26750            6.07        09:43:11        4.20e-02        2.00e+00
       16382586        68.71687       544.26769            6.07        09:42:51        4.20e-02        2.00e+00
       16383482        68.71670       545.26845            6.07        09:42:31        4.20e-02        2.00e+00
       16384368        68.71714       546.26922            6.07        09:42:11        4.20e-02        2.00e+00
       16385295        68.71755       547.26946            6.07        09:41:53        4.20e-02        2.00e+00
       16386214        68.71721       548.26972            6.07        09:41:35        4.20e-02        2.00e+00
       16387260        68.71827       549.27043            6.07        09:41:25        4.20e-02        2.00e+00
       16388219        68.71761       550.27067            6.07        09:41:10        4.20e-02        2.00e+00
       16389129        68.71873       551.27081            6.07        09:40:50        4.20e-02        2.00e+00
DEBUG @ t=16390000: current_coupling=0.042, last=0.042
       16390086        68.71961       552.27163            6.07        09:40:34        4.20e-02        2.00e+00
       16391055        68.72275       553.27181            6.07        09:40:18        4.20e-02        2.00e+00
       16392045        68.72443       554.27245            6.07        09:40:03        4.20e-02        2.00e+00
       16392985        68.72493       555.27313            6.07        09:39:47        4.20e-02        2.00e+00
       16393945        68.72520       556.27378            6.07        09:39:31        4.20e-02        2.00e+00
       16394897        68.72507       557.27422            6.07        09:39:15        4.20e-02        2.00e+00
       16395848        68.72461       558.27500            6.07        09:38:59        4.20e-02        2.00e+00
       16396751        68.72446       559.27503            6.07        09:38:40        4.20e-02        2.00e+00
       16397630        68.72354       560.27531            6.07        09:38:20        4.20e-02        2.00e+00
       16398550        68.72253       561.27632            6.08        09:38:03        4.20e-02        2.00e+00
       16399513        68.72239       562.27704            6.08        09:37:48        4.20e-02        2.00e+00
DEBUG @ t=16400000: current_coupling=0.042, last=0.042
[HDF5 Writer DEBUG] timestep=16400000, current_time_ps=562.797, last_output_time=562.7917367819355, write_count=53554
       16400448        68.72292       563.27715            6.08        09:37:31        4.20e-02        2.00e+00
       16401371        68.72292       564.27823            6.08        09:37:13        4.20e-02        2.00e+00
       16402252        68.72188       565.27831            6.08        09:36:53        4.20e-02        2.00e+00
       16403244        68.72113       566.27909            6.08        09:36:40        4.20e-02        2.00e+00
       16404179        68.72144       567.28013            6.08        09:36:23        4.20e-02        2.00e+00
       16405147        68.72200       568.28091            6.08        09:36:08        4.20e-02        2.00e+00
       16406099        68.72273       569.28119            6.08        09:35:52        4.20e-02        2.00e+00
       16407036        68.72350       570.28204            6.08        09:35:35        4.20e-02        2.00e+00
       16408012        68.72387       571.28219            6.08        09:35:20        4.20e-02        2.00e+00
       16408924        68.72423       572.28301            6.08        09:35:02        4.20e-02        2.00e+00
       16409845        68.72522       573.28361            6.08        09:34:44        4.20e-02        2.00e+00
DEBUG @ t=16410000: current_coupling=0.042, last=0.042
       16410754        68.72475       574.28439            6.08        09:34:26        4.20e-02        2.00e+00
       16411646        68.72506       575.28539            6.08        09:34:06        4.20e-02        2.00e+00
       16412567        68.72489       576.28541            6.08        09:33:48        4.20e-02        2.00e+00
       16413525        68.72538       577.28612            6.08        09:33:33        4.20e-02        2.00e+00
       16414470        68.72602       578.28665            6.08        09:33:16        4.20e-02        2.00e+00
       16415433        68.72716       579.28673            6.08        09:33:01        4.20e-02        2.00e+00
       16416310        68.72894       580.28679            6.08        09:32:40        4.20e-02        2.00e+00
       16417248        68.73040       581.28778            6.09        09:32:22        4.20e-02        2.00e+00
       16418194        68.73134       582.28863            6.09        09:32:06        4.20e-02        2.00e+00
       16419116        68.73247       583.28873            6.09        09:31:48        4.20e-02        2.00e+00
DEBUG @ t=16420000: current_coupling=0.042, last=0.042
       16420024        68.73268       584.28968            6.09        09:31:29        4.20e-02        2.00e+00
       16420927        68.73243       585.29001            6.09        09:31:11        4.20e-02        2.00e+00
       16421833        68.73230       586.29035            6.09        09:30:53        4.20e-02        2.00e+00
       16422721        68.73178       587.29068            6.09        09:30:33        4.20e-02        2.00e+00
       16423622        68.73140       588.29145            6.09        09:30:15        4.20e-02        2.00e+00
       16424598        68.73320       589.29166            6.09        09:30:00        4.20e-02        2.00e+00
       16425589        68.73391       590.29264            6.09        09:29:46        4.20e-02        2.00e+00
       16426508        68.73436       591.29338            6.09        09:29:28        4.20e-02        2.00e+00
       16427440        68.73436       592.29348            6.09        09:29:12        4.20e-02        2.00e+00
       16428359        68.73364       593.29385            6.09        09:28:55        4.20e-02        2.00e+00
       16429291        68.73326       594.29459            6.09        09:28:38        4.20e-02        2.00e+00
DEBUG @ t=16430000: current_coupling=0.042, last=0.042
       16430156        68.73252       595.29550            6.09        09:28:18        4.20e-02        2.00e+00
       16431090        68.73197       596.29632            6.09        09:28:01        4.20e-02        2.00e+00
       16431999        68.73245       597.29633            6.09        09:27:43        4.20e-02        2.00e+00
       16432936        68.73322       598.29646            6.09        09:27:26        4.20e-02        2.00e+00
       16433914        68.73338       599.29694            6.09        09:27:12        4.20e-02        2.00e+00
Added F(k,t) reference 3 at t = 600.003 ps
       16434848        68.73373       600.29752            6.10        09:26:55        4.20e-02        2.00e+00
       16435759        68.73402       601.29779            6.10        09:26:37        4.20e-02        2.00e+00
       16436666        68.73437       602.29841            6.10        09:26:19        4.20e-02        2.00e+00
       16437570        68.73396       603.29916            6.10        09:26:01        4.20e-02        2.00e+00
       16438489        68.73348       604.29945            6.10        09:25:44        4.20e-02        2.00e+00
       16439424        68.73340       605.30049            6.10        09:25:28        4.20e-02        2.00e+00
DEBUG @ t=16440000: current_coupling=0.042, last=0.042
       16440364        68.73358       606.30125            6.10        09:25:11        4.20e-02        2.00e+00
       16441251        68.73327       607.30165            6.10        09:24:52        4.20e-02        2.00e+00
       16442258        68.73274       608.30268            6.10        09:24:40        4.20e-02        2.00e+00
       16443213        68.73177       609.30370            6.10        09:24:25        4.20e-02        2.00e+00
       16444087        68.73118       610.30460            6.10        09:24:06        4.20e-02        2.00e+00
       16444941        68.73145       611.30558            6.10        09:23:45        4.20e-02        2.00e+00
       16445815        68.73174       612.30610            6.10        09:23:25        4.20e-02        2.00e+00
       16446724        68.73146       613.30706            6.10        09:23:07        4.20e-02        2.00e+00
       16447635        68.73055       614.30817            6.10        09:22:50        4.20e-02        2.00e+00
       16448515        68.73011       615.30857            6.10        09:22:30        4.20e-02        2.00e+00
       16449386        68.73049       616.30946            6.11        09:22:10        4.20e-02        2.00e+00
DEBUG @ t=16450000: current_coupling=0.042, last=0.042
       16450295        68.73227       617.30959            6.11        09:21:52        4.20e-02        2.00e+00
       16451174        68.73353       618.31012            6.11        09:21:32        4.20e-02        2.00e+00
       16452133        68.73335       619.31079            6.11        09:21:17        4.20e-02        2.00e+00
       16453007        68.73229       620.31126            6.11        09:20:58        4.20e-02        2.00e+00
       16453896        68.73277       621.31139            6.11        09:20:39        4.20e-02        2.00e+00
       16454773        68.73468       622.31189            6.11        09:20:18        4.20e-02        2.00e+00
       16455680        68.73425       623.31204            6.11        09:20:01        4.20e-02        2.00e+00
       16456641        68.73435       624.31258            6.11        09:19:46        4.20e-02        2.00e+00
       16457619        68.73380       625.31349            6.11        09:19:32        4.20e-02        2.00e+00
       16458565        68.73313       626.31397            6.11        09:19:17        4.20e-02        2.00e+00
       16459438        68.73274       627.31490            6.11        09:18:58        4.20e-02        2.00e+00
DEBUG @ t=16460000: current_coupling=0.042, last=0.042
       16460368        68.73286       628.31534            6.11        09:18:41        4.20e-02        2.00e+00
       16461271        68.73216       629.31622            6.11        09:18:23        4.20e-02        2.00e+00
       16462179        68.73208       630.31662            6.11        09:18:06        4.20e-02        2.00e+00
       16463179        68.73241       631.31687            6.11        09:17:53        4.20e-02        2.00e+00
       16464146        68.73268       632.31700            6.11        09:17:39        4.20e-02        2.00e+00
       16465084        68.73218       633.31790            6.11        09:17:23        4.20e-02        2.00e+00
       16466018        68.73174       634.31878            6.11        09:17:07        4.20e-02        2.00e+00
       16467011        68.73305       635.31962            6.11        09:16:53        4.20e-02        2.00e+00
       16467963        68.73324       636.32065            6.11        09:16:38        4.20e-02        2.00e+00
       16468947        68.73328       637.32134            6.11        09:16:24        4.20e-02        2.00e+00
       16469923        68.73416       638.32217            6.11        09:16:10        4.20e-02        2.00e+00
DEBUG @ t=16470000: current_coupling=0.042, last=0.042
       16470868        68.73463       639.32269            6.11        09:15:54        4.20e-02        2.00e+00
       16471871        68.73466       640.32273            6.11        09:15:42        4.20e-02        2.00e+00
       16472845        68.73421       641.32333            6.11        09:15:28        4.20e-02        2.00e+00
       16473834        68.73363       642.32344            6.11        09:15:15        4.20e-02        2.00e+00
       16474833        68.73474       643.32358            6.11        09:15:02        4.20e-02        2.00e+00
       16475798        68.73549       644.32417            6.11        09:14:47        4.20e-02        2.00e+00
       16476738        68.73481       645.32431            6.11        09:14:32        4.20e-02        2.00e+00
       16477641        68.73441       646.32458            6.12        09:14:14        4.20e-02        2.00e+00
       16478522        68.73398       647.32538            6.12        09:13:55        4.20e-02        2.00e+00
       16479416        68.73408       648.32579            6.12        09:13:37        4.20e-02        2.00e+00
DEBUG @ t=16480000: current_coupling=0.042, last=0.042
       16480306        68.73343       649.32641            6.12        09:13:19        4.20e-02        2.00e+00
       16481201        68.73234       650.32698            6.12        09:13:01        4.20e-02        2.00e+00
       16482107        68.73302       651.32730            6.12        09:12:43        4.20e-02        2.00e+00
       16483022        68.73437       652.32798            6.12        09:12:26        4.20e-02        2.00e+00
       16483952        68.73436       653.32811            6.12        09:12:09        4.20e-02        2.00e+00
       16484892        68.73481       654.32896            6.12        09:11:53        4.20e-02        2.00e+00
       16485789        68.73431       655.32897            6.12        09:11:36        4.20e-02        2.00e+00
       16486697        68.73366       656.32906            6.12        09:11:19        4.20e-02        2.00e+00
       16487631        68.73313       657.32910            6.12        09:11:03        4.20e-02        2.00e+00
       16488551        68.73276       658.33013            6.12        09:10:46        4.20e-02        2.00e+00
       16489483        68.73167       659.33017            6.12        09:10:31        4.20e-02        2.00e+00
DEBUG @ t=16490000: current_coupling=0.042, last=0.042
       16490419        68.73101       660.33120            6.12        09:10:15        4.20e-02        2.00e+00
       16491297        68.73102       661.33136            6.12        09:09:56        4.20e-02        2.00e+00
       16492189        68.73071       662.33248            6.12        09:09:38        4.20e-02        2.00e+00
       16493053        68.73037       663.33298            6.13        09:09:19        4.20e-02        2.00e+00
       16493971        68.73151       664.33377            6.13        09:09:02        4.20e-02        2.00e+00
       16494872        68.73159       665.33402            6.13        09:08:44        4.20e-02        2.00e+00
       16495802        68.73130       666.33497            6.13        09:08:28        4.20e-02        2.00e+00
       16496754        68.73145       667.33546            6.13        09:08:13        4.20e-02        2.00e+00
       16497709        68.73196       668.33605            6.13        09:07:58        4.20e-02        2.00e+00
       16498671        68.73133       669.33620            6.13        09:07:44        4.20e-02        2.00e+00
       16499585        68.73087       670.33626            6.13        09:07:27        4.20e-02        2.00e+00
DEBUG @ t=16500000: current_coupling=0.042, last=0.042
[HDF5 Writer DEBUG] timestep=16500000, current_time_ps=670.826, last_output_time=670.8249864074508, write_count=63801
       16500466        68.73043       671.33640            6.13        09:07:09        4.20e-02        2.00e+00
       16501437        68.73047       672.33719            6.13        09:06:55        4.20e-02        2.00e+00
       16502313        68.73000       673.33749            6.13        09:06:36        4.20e-02        2.00e+00
       16503137        68.72967       674.33859            6.13        09:06:15        4.20e-02        2.00e+00
       16504069        68.73027       675.33894            6.13        09:05:58        4.20e-02        2.00e+00
       16505014        68.73047       676.33958            6.13        09:05:43        4.20e-02        2.00e+00
       16505947        68.73127       677.34042            6.13        09:05:27        4.20e-02        2.00e+00
       16506884        68.73212       678.34065            6.13        09:05:11        4.20e-02        2.00e+00
       16507773        68.73204       679.34102            6.13        09:04:53        4.20e-02        2.00e+00
       16508678        68.73179       680.34120            6.13        09:04:36        4.20e-02        2.00e+00
       16509620        68.73152       681.34198            6.13        09:04:20        4.20e-02        2.00e+00
DEBUG @ t=16510000: current_coupling=0.042, last=0.042
       16510532        68.73081       682.34229            6.13        09:04:04        4.20e-02        2.00e+00
       16511454        68.73065       683.34333            6.13        09:03:47        4.20e-02        2.00e+00
       16512397        68.73036       684.34404            6.13        09:03:32        4.20e-02        2.00e+00
       16513274        68.73004       685.34430            6.14        09:03:14        4.20e-02        2.00e+00
       16514178        68.73041       686.34529            6.14        09:02:56        4.20e-02        2.00e+00
       16515089        68.73063       687.34613            6.14        09:02:39        4.20e-02        2.00e+00
       16516032        68.73087       688.34699            6.14        09:02:24        4.20e-02        2.00e+00
       16516947        68.73159       689.34721            6.14        09:02:07        4.20e-02        2.00e+00
       16517928        68.73274       690.34773            6.14        09:01:53        4.20e-02        2.00e+00
       16518937        68.73334       691.34792            6.14        09:01:40        4.20e-02        2.00e+00
       16519892        68.73324       692.34829            6.14        09:01:26        4.20e-02        2.00e+00
DEBUG @ t=16520000: current_coupling=0.042, last=0.042
       16520794        68.73369       693.34851            6.14        09:01:08        4.20e-02        2.00e+00
       16521743        68.73395       694.34941            6.14        09:00:53        4.20e-02        2.00e+00
       16522733        68.73499       695.35026            6.14        09:00:40        4.20e-02        2.00e+00
       16523681        68.73494       696.35048            6.14        09:00:25        4.20e-02        2.00e+00
       16524589        68.73462       697.35155            6.14        09:00:08        4.20e-02        2.00e+00
       16525487        68.73430       698.35172            6.14        08:59:50        4.20e-02        2.00e+00
       16526443        68.73389       699.35220            6.14        08:59:36        4.20e-02        2.00e+00
       16527363        68.73404       700.35239            6.14        08:59:20        4.20e-02        2.00e+00
       16528274        68.73430       701.35252            6.14        08:59:03        4.20e-02        2.00e+00
       16529185        68.73457       702.35294            6.14        08:58:46        4.20e-02        2.00e+00
DEBUG @ t=16530000: current_coupling=0.042, last=0.042
       16530138        68.73430       703.35368            6.14        08:58:31        4.20e-02        2.00e+00
       16531053        68.73386       704.35457            6.14        08:58:15        4.20e-02        2.00e+00
       16531936        68.73375       705.35466            6.14        08:57:57        4.20e-02        2.00e+00
       16532847        68.73331       706.35566            6.14        08:57:40        4.20e-02        2.00e+00
       16533802        68.73351       707.35585            6.14        08:57:26        4.20e-02        2.00e+00
       16534718        68.73383       708.35628            6.14        08:57:09        4.20e-02        2.00e+00
       16535660        68.73520       709.35665            6.14        08:56:53        4.20e-02        2.00e+00
       16536656        68.73604       710.35675            6.14        08:56:40        4.20e-02        2.00e+00
       16537608        68.73701       711.35753            6.14        08:56:25        4.20e-02        2.00e+00
       16538647        68.73918       712.35811            6.14        08:56:13        4.20e-02        2.00e+00
       16539748        68.74093       713.35829            6.14        08:56:04        4.20e-02        2.00e+00
DEBUG @ t=16540000: current_coupling=0.042, last=0.042
       16540727        68.74106       714.35903            6.14        08:55:51        4.20e-02        2.00e+00
       16541718        68.74180       715.35934            6.14        08:55:37        4.20e-02        2.00e+00
       16542742        68.74263       716.36024            6.14        08:55:26        4.20e-02        2.00e+00
       16543676        68.74275       717.36129            6.14        08:55:10        4.20e-02        2.00e+00
       16544670        68.74329       718.36174            6.14        08:54:57        4.20e-02        2.00e+00
       16545767        68.74802       719.36258            6.14        08:54:46        4.20e-02        2.00e+00
       16546758        68.74831       720.36362            6.14        08:54:33        4.20e-02        2.00e+00
       16547706        68.74826       721.36456            6.14        08:54:18        4.20e-02        2.00e+00
       16548634        68.74892       722.36498            6.14        08:54:02        4.20e-02        2.00e+00
       16549501        68.74821       723.36547            6.14        08:53:44        4.20e-02        2.00e+00
DEBUG @ t=16550000: current_coupling=0.042, last=0.042
       16550431        68.74755       724.36639            6.14        08:53:28        4.20e-02        2.00e+00
       16551373        68.74699       725.36657            6.14        08:53:13        4.20e-02        2.00e+00
       16552231        68.74703       726.36669            6.14        08:52:54        4.20e-02        2.00e+00
       16553359        68.75129       727.36739            6.14        08:52:45        4.20e-02        2.00e+00
       16554430        68.75300       728.36757            6.14        08:52:35        4.20e-02        2.00e+00
       16555353        68.75478       729.36770            6.14        08:52:18        4.20e-02        2.00e+00
       16556512        68.75524       730.36776            6.14        08:52:13        4.20e-02        2.00e+00
       16557574        68.75496       731.36830            6.14        08:52:03        4.20e-02        2.00e+00
       16558576        68.75456       732.36919            6.14        08:51:51        4.20e-02        2.00e+00
       16559587        68.75538       733.36966            6.14        08:51:38        4.20e-02        2.00e+00
DEBUG @ t=16560000: current_coupling=0.042, last=0.042
       16560639        68.75567       734.37014            6.14        08:51:28        4.20e-02        2.00e+00
       16561739        68.75590       735.37024            6.14        08:51:19        4.20e-02        2.00e+00
       16562812        68.75686       736.37058            6.14        08:51:10        4.20e-02        2.00e+00
       16563788        68.75800       737.37078            6.14        08:50:55        4.20e-02        2.00e+00
       16564738        68.75918       738.37108            6.14        08:50:40        4.20e-02        2.00e+00
       16565699        68.76168       739.37150            6.14        08:50:24        4.20e-02        2.00e+00
       16566684        68.76291       740.37244            6.14        08:50:10        4.20e-02        2.00e+00
       16567695        68.76354       741.37344            6.14        08:49:58        4.20e-02        2.00e+00
       16568670        68.76352       742.37386            6.14        08:49:44        4.20e-02        2.00e+00
       16569712        68.76460       743.37425            6.14        08:49:33        4.20e-02        2.00e+00
DEBUG @ t=16570000: current_coupling=0.042, last=0.042
       16570766        68.76594       744.37436            6.14        08:49:22        4.20e-02        2.00e+00
       16571756        68.76682       745.37492            6.14        08:49:08        4.20e-02        2.00e+00
       16572784        68.76830       746.37521            6.14        08:48:56        4.20e-02        2.00e+00
       16573842        68.77074       747.37588            6.13        08:48:45        4.20e-02        2.00e+00
       16574910        68.77281       748.37606            6.13        08:48:34        4.20e-02        2.00e+00
       16575871        68.77352       749.37654            6.13        08:48:19        4.20e-02        2.00e+00
       16576784        68.77447       750.37740            6.13        08:48:02        4.20e-02        2.00e+00
       16577738        68.77628       751.37794            6.14        08:47:47        4.20e-02        2.00e+00
       16578666        68.77621       752.37890            6.14        08:47:31        4.20e-02        2.00e+00
       16579555        68.77700       753.37926            6.14        08:47:13        4.20e-02        2.00e+00
DEBUG @ t=16580000: current_coupling=0.042, last=0.042
       16580535        68.77803       754.38003            6.14        08:46:59        4.20e-02        2.00e+00
       16581588        68.77880       755.38048            6.14        08:46:48        4.20e-02        2.00e+00
       16582590        68.77791       756.38068            6.14        08:46:36        4.20e-02        2.00e+00
       16583543        68.77744       757.38087            6.14        08:46:21        4.20e-02        2.00e+00
       16584508        68.77748       758.38112            6.14        08:46:07        4.20e-02        2.00e+00
       16585483        68.77744       759.38199            6.14        08:45:53        4.20e-02        2.00e+00
       16586387        68.77786       760.38264            6.14        08:45:36        4.20e-02        2.00e+00
       16587381        68.77888       761.38316            6.14        08:45:23        4.20e-02        2.00e+00
       16588359        68.77917       762.38361            6.14        08:45:09        4.20e-02        2.00e+00
       16589316        68.77864       763.38370            6.14        08:44:54        4.20e-02        2.00e+00
DEBUG @ t=16590000: current_coupling=0.042, last=0.042
       16590207        68.77860       764.38445            6.14        08:44:37        4.20e-02        2.00e+00
       16591211        68.77835       765.38472            6.14        08:44:24        4.20e-02        2.00e+00
       16592120        68.77875       766.38546            6.14        08:44:08        4.20e-02        2.00e+00
       16593057        68.77916       767.38631            6.14        08:43:52        4.20e-02        2.00e+00
       16594078        68.78114       768.38638            6.14        08:43:39        4.20e-02        2.00e+00
       16595097        68.78177       769.38693            6.14        08:43:27        4.20e-02        2.00e+00
       16596032        68.78221       770.38699            6.14        08:43:11        4.20e-02        2.00e+00
       16596966        68.78331       771.38720            6.14        08:42:55        4.20e-02        2.00e+00
       16597876        68.78402       772.38805            6.14        08:42:38        4.20e-02        2.00e+00
       16598795        68.78532       773.38846            6.14        08:42:22        4.20e-02        2.00e+00
       16599734        68.78514       774.38898            6.14        08:42:06        4.20e-02        2.00e+00
DEBUG @ t=16600000: current_coupling=0.042, last=0.042
[HDF5 Writer DEBUG] timestep=16600000, current_time_ps=774.671, last_output_time=774.6666361678946, write_count=73648
       16600693        68.78452       775.38968            6.14        08:41:52        4.20e-02        2.00e+00
       16601641        68.78591       776.38983            6.14        08:41:37        4.20e-02        2.00e+00
       16602552        68.78518       777.39011            6.14        08:41:20        4.20e-02        2.00e+00
       16603465        68.78620       778.39025            6.14        08:41:04        4.20e-02        2.00e+00
       16604407        68.78671       779.39097            6.14        08:40:48        4.20e-02        2.00e+00
       16605386        68.78884       780.39179            6.14        08:40:34        4.20e-02        2.00e+00
       16606312        68.78890       781.39284            6.14        08:40:18        4.20e-02        2.00e+00
       16607215        68.78945       782.39328            6.14        08:40:01        4.20e-02        2.00e+00
       16608154        68.79027       783.39329            6.14        08:39:45        4.20e-02        2.00e+00
       16609104        68.79010       784.39365            6.14        08:39:30        4.20e-02        2.00e+00
DEBUG @ t=16610000: current_coupling=0.042, last=0.042
       16610072        68.79126       785.39390            6.14        08:39:16        4.20e-02        2.00e+00
       16611028        68.79259       786.39491            6.14        08:39:01        4.20e-02        2.00e+00
       16611984        68.79230       787.39550            6.14        08:38:46        4.20e-02        2.00e+00
       16612940        68.79192       788.39632            6.14        08:38:32        4.20e-02        2.00e+00
       16613883        68.79426       789.39703            6.14        08:38:15        4.20e-02        2.00e+00
       16614852        68.79466       790.39720            6.14        08:38:01        4.20e-02        2.00e+00
       16615805        68.79481       791.39738            6.14        08:37:47        4.20e-02        2.00e+00
       16616685        68.79451       792.39748            6.14        08:37:29        4.20e-02        2.00e+00
       16617538        68.79429       793.39752            6.14        08:37:10        4.20e-02        2.00e+00
       16618435        68.79384       794.39859            6.14        08:36:54        4.20e-02        2.00e+00
       16619371        68.79365       795.39946            6.14        08:36:38        4.20e-02        2.00e+00
DEBUG @ t=16620000: current_coupling=0.042, last=0.042
       16620320        68.79327       796.40022            6.14        08:36:24        4.20e-02        2.00e+00
       16621306        68.79295       797.40086            6.14        08:36:11        4.20e-02        2.00e+00
       16622265        68.79348       798.40162            6.14        08:35:56        4.20e-02        2.00e+00
       16623211        68.79347       799.40193            6.14        08:35:41        4.20e-02        2.00e+00
Added F(k,t) reference 4 at t = 800.003 ps
       16624096        68.79318       800.40193            6.15        08:35:24        4.20e-02        2.00e+00
       16625027        68.79319       801.40268            6.15        08:35:08        4.20e-02        2.00e+00
       16625974        68.79384       802.40289            6.15        08:34:53        4.20e-02        2.00e+00
       16626848        68.79370       803.40313            6.15        08:34:35        4.20e-02        2.00e+00
       16627744        68.79333       804.40357            6.15        08:34:19        4.20e-02        2.00e+00
       16628646        68.79287       805.40451            6.15        08:34:02        4.20e-02        2.00e+00
       16629531        68.79251       806.40454            6.15        08:33:45        4.20e-02        2.00e+00
DEBUG @ t=16630000: current_coupling=0.042, last=0.042
       16630487        68.79368       807.40542            6.15        08:33:30        4.20e-02        2.00e+00
       16631485        68.79521       808.40631            6.15        08:33:16        4.20e-02        2.00e+00
       16632499        68.79682       809.40636            6.15        08:33:03        4.20e-02        2.00e+00
       16633435        68.79750       810.40651            6.15        08:32:48        4.20e-02        2.00e+00
       16634363        68.79762       811.40719            6.15        08:32:32        4.20e-02        2.00e+00
       16635386        68.79909       812.40771            6.15        08:32:20        4.20e-02        2.00e+00
       16636305        68.80023       813.40817            6.15        08:32:03        4.20e-02        2.00e+00
       16637225        68.80010       814.40899            6.15        08:31:47        4.20e-02        2.00e+00
       16638096        68.79974       815.40907            6.15        08:31:30        4.20e-02        2.00e+00
       16639015        68.80036       816.40932            6.15        08:31:14        4.20e-02        2.00e+00
       16639929        68.80063       817.41014            6.15        08:30:57        4.20e-02        2.00e+00
DEBUG @ t=16640000: current_coupling=0.042, last=0.042
       16640812        68.80055       818.41058            6.15        08:30:40        4.20e-02        2.00e+00
       16641704        68.80071       819.41069            6.15        08:30:23        4.20e-02        2.00e+00
       16642682        68.80236       820.41147            6.15        08:30:09        4.20e-02        2.00e+00
       16643652        68.80466       821.41206            6.15        08:29:54        4.20e-02        2.00e+00
       16644529        68.80583       822.41214            6.15        08:29:36        4.20e-02        2.00e+00
       16645423        68.80606       823.41241            6.15        08:29:19        4.20e-02        2.00e+00
       16646270        68.80597       824.41260            6.15        08:29:00        4.20e-02        2.00e+00
       16647183        68.80621       825.41315            6.16        08:28:44        4.20e-02        2.00e+00
       16648198        68.80749       826.41380            6.15        08:28:31        4.20e-02        2.00e+00
       16649148        68.80856       827.41419            6.16        08:28:16        4.20e-02        2.00e+00
DEBUG @ t=16650000: current_coupling=0.042, last=0.042
       16650055        68.80888       828.41472            6.16        08:28:00        4.20e-02        2.00e+00
       16650936        68.80866       829.41512            6.16        08:27:43        4.20e-02        2.00e+00
       16651833        68.80870       830.41601            6.16        08:27:26        4.20e-02        2.00e+00
       16652798        68.81054       831.41666            6.16        08:27:11        4.20e-02        2.00e+00
       16653770        68.81361       832.41706            6.16        08:26:56        4.20e-02        2.00e+00
       16654731        68.81481       833.41770            6.16        08:26:41        4.20e-02        2.00e+00
       16655673        68.81570       834.41771            6.16        08:26:26        4.20e-02        2.00e+00
       16656608        68.81768       835.41846            6.16        08:26:10        4.20e-02        2.00e+00
       16657608        68.81760       836.41904            6.16        08:25:57        4.20e-02        2.00e+00
       16658595        68.81753       837.41948            6.16        08:25:44        4.20e-02        2.00e+00
       16659523        68.81723       838.42043            6.16        08:25:28        4.20e-02        2.00e+00
DEBUG @ t=16660000: current_coupling=0.042, last=0.042
       16660431        68.81745       839.42098            6.16        08:25:12        4.20e-02        2.00e+00
       16661364        68.81905       840.42168            6.16        08:24:56        4.20e-02        2.00e+00
       16662382        68.81955       841.42198            6.16        08:24:44        4.20e-02        2.00e+00
       16663283        68.82059       842.42301            6.16        08:24:27        4.20e-02        2.00e+00
       16664145        68.82047       843.42376            6.16        08:24:09        4.20e-02        2.00e+00
       16665021        68.82066       844.42421            6.16        08:23:51        4.20e-02        2.00e+00
       16665964        68.82101       845.42501            6.16        08:23:36        4.20e-02        2.00e+00
       16666903        68.82140       846.42543            6.16        08:23:21        4.20e-02        2.00e+00
       16667843        68.82162       847.42628            6.16        08:23:06        4.20e-02        2.00e+00
       16668778        68.82183       848.42713            6.16        08:22:51        4.20e-02        2.00e+00
       16669682        68.82190       849.42771            6.16        08:22:35        4.20e-02        2.00e+00
DEBUG @ t=16670000: current_coupling=0.042, last=0.042
       16670587        68.82176       850.42837            6.16        08:22:18        4.20e-02        2.00e+00
       16671518        68.82184       851.42883            6.16        08:22:03        4.20e-02        2.00e+00
       16672414        68.82213       852.42940            6.16        08:21:46        4.20e-02        2.00e+00
       16673304        68.82266       853.42993            6.16        08:21:29        4.20e-02        2.00e+00
       16674277        68.82330       854.43077            6.16        08:21:15        4.20e-02        2.00e+00
       16675240        68.82356       855.43180            6.16        08:21:01        4.20e-02        2.00e+00
       16676250        68.82438       856.43215            6.16        08:20:48        4.20e-02        2.00e+00
       16677189        68.82447       857.43300            6.16        08:20:33        4.20e-02        2.00e+00
       16678132        68.82449       858.43344            6.16        08:20:18        4.20e-02        2.00e+00
       16679130        68.82450       859.43433            6.16        08:20:06        4.20e-02        2.00e+00
DEBUG @ t=16680000: current_coupling=0.042, last=0.042
       16680019        68.82404       860.43536            6.16        08:19:49        4.20e-02        2.00e+00
       16681011        68.82402       861.43596            6.16        08:19:36        4.20e-02        2.00e+00
       16681941        68.82514       862.43619            6.16        08:19:20        4.20e-02        2.00e+00
       16682888        68.82539       863.43636            6.16        08:19:05        4.20e-02        2.00e+00
       16683926        68.82620       864.43726            6.16        08:18:54        4.20e-02        2.00e+00
       16684928        68.82618       865.43758            6.16        08:18:41        4.20e-02        2.00e+00
       16685866        68.82636       866.43768            6.16        08:18:26        4.20e-02        2.00e+00
       16686784        68.82628       867.43777            6.16        08:18:10        4.20e-02        2.00e+00
       16687686        68.82640       868.43854            6.16        08:17:54        4.20e-02        2.00e+00
       16688640        68.82644       869.43878            6.16        08:17:39        4.20e-02        2.00e+00
       16689636        68.82659       870.43936            6.16        08:17:26        4.20e-02        2.00e+00
DEBUG @ t=16690000: current_coupling=0.042, last=0.042
       16690552        68.82756       871.43979            6.17        08:17:10        4.20e-02        2.00e+00
       16691482        68.82925       872.44065            6.17        08:16:54        4.20e-02        2.00e+00
       16692418        68.83057       873.44125            6.17        08:16:39        4.20e-02        2.00e+00
       16693417        68.83254       874.44211            6.17        08:16:25        4.20e-02        2.00e+00
       16694419        68.83342       875.44280            6.17        08:16:12        4.20e-02        2.00e+00
       16695399        68.83590       876.44330            6.17        08:15:57        4.20e-02        2.00e+00
       16696299        68.83708       877.44416            6.17        08:15:40        4.20e-02        2.00e+00
       16697328        68.83787       878.44424            6.17        08:15:28        4.20e-02        2.00e+00
       16698391        68.83786       879.44485            6.17        08:15:18        4.20e-02        2.00e+00
       16699373        68.83755       880.44519            6.16        08:15:04        4.20e-02        2.00e+00
DEBUG @ t=16700000: current_coupling=0.042, last=0.042
[HDF5 Writer DEBUG] timestep=16700000, current_time_ps=881.047, last_output_time=881.0369201989071, write_count=83704
       16700403        68.83716       881.44562            6.16        08:14:53        4.20e-02        2.00e+00
       16701382        68.83768       882.44647            6.16        08:14:39        4.20e-02        2.00e+00
       16702401        68.83801       883.44693            6.16        08:14:27        4.20e-02        2.00e+00
       16703449        68.83988       884.44759            6.16        08:14:15        4.20e-02        2.00e+00
       16704472        68.84093       885.44833            6.16        08:14:02        4.20e-02        2.00e+00
       16705487        68.84136       886.44915            6.16        08:13:50        4.20e-02        2.00e+00
       16706480        68.84147       887.44952            6.16        08:13:37        4.20e-02        2.00e+00
       16707495        68.84255       888.44976            6.16        08:13:24        4.20e-02        2.00e+00
       16708456        68.84369       889.45030            6.16        08:13:09        4.20e-02        2.00e+00
       16709479        68.84417       890.45117            6.16        08:12:57        4.20e-02        2.00e+00
DEBUG @ t=16710000: current_coupling=0.042, last=0.042
       16710495        68.84503       891.45187            6.16        08:12:44        4.20e-02        2.00e+00
       16711510        68.84505       892.45234            6.16        08:12:32        4.20e-02        2.00e+00
       16712556        68.84515       893.45302            6.16        08:12:21        4.20e-02        2.00e+00
       16713556        68.84621       894.45303            6.16        08:12:07        4.20e-02        2.00e+00
       16714564        68.84764       895.45395            6.16        08:11:54        4.20e-02        2.00e+00
       16715555        68.84796       896.45421            6.16        08:11:41        4.20e-02        2.00e+00
       16716482        68.84952       897.45435            6.16        08:11:25        4.20e-02        2.00e+00
       16717446        68.85098       898.45507            6.16        08:11:10        4.20e-02        2.00e+00
       16718317        68.85267       899.45526            6.16        08:10:52        4.20e-02        2.00e+00
       16719282        68.85400       900.45575            6.16        08:10:37        4.20e-02        2.00e+00
DEBUG @ t=16720000: current_coupling=0.042, last=0.042
       16720175        68.85390       901.45672            6.16        08:10:21        4.20e-02        2.00e+00
       16721092        68.85460       902.45763            6.16        08:10:05        4.20e-02        2.00e+00
       16721984        68.85625       903.45858            6.16        08:09:48        4.20e-02        2.00e+00
       16722904        68.85655       904.45877            6.16        08:09:32        4.20e-02        2.00e+00
       16723852        68.85706       905.45963            6.16        08:09:17        4.20e-02        2.00e+00
       16724761        68.85758       906.46011            6.16        08:09:01        4.20e-02        2.00e+00
       16725680        68.85896       907.46037            6.17        08:08:45        4.20e-02        2.00e+00
       16726625        68.85930       908.46086            6.17        08:08:30        4.20e-02        2.00e+00
       16727550        68.85954       909.46158            6.17        08:08:15        4.20e-02        2.00e+00
       16728501        68.86086       910.46250            6.17        08:07:59        4.20e-02        2.00e+00
       16729456        68.86174       911.46268            6.17        08:07:45        4.20e-02        2.00e+00
DEBUG @ t=16730000: current_coupling=0.042, last=0.042
       16730429        68.86285       912.46353            6.17        08:07:30        4.20e-02        2.00e+00
       16731337        68.86386       913.46433            6.17        08:07:14        4.20e-02        2.00e+00
       16732282        68.86507       914.46503            6.17        08:06:59        4.20e-02        2.00e+00
       16733236        68.86551       915.46602            6.17        08:06:44        4.20e-02        2.00e+00
       16734187        68.86571       916.46646            6.17        08:06:30        4.20e-02        2.00e+00
       16735204        68.86607       917.46726            6.17        08:06:17        4.20e-02        2.00e+00
       16736079        68.86635       918.46746            6.17        08:06:00        4.20e-02        2.00e+00
       16737024        68.86660       919.46771            6.17        08:05:45        4.20e-02        2.00e+00
       16737964        68.86678       920.46806            6.17        08:05:30        4.20e-02        2.00e+00
       16738870        68.86670       921.46820            6.17        08:05:15        4.20e-02        2.00e+00
       16739818        68.86712       922.46882            6.17        08:05:00        4.20e-02        2.00e+00
DEBUG @ t=16740000: current_coupling=0.042, last=0.042
       16740746        68.86735       923.46911            6.17        08:04:44        4.20e-02        2.00e+00
       16741621        68.86712       924.47013            6.17        08:04:28        4.20e-02        2.00e+00
       16742508        68.86710       925.47059            6.17        08:04:11        4.20e-02        2.00e+00
       16743461        68.86784       926.47065            6.17        08:03:56        4.20e-02        2.00e+00
       16744406        68.86816       927.47103            6.17        08:03:42        4.20e-02        2.00e+00
       16745321        68.86841       928.47107            6.17        08:03:26        4.20e-02        2.00e+00
       16746203        68.86983       929.47192            6.17        08:03:09        4.20e-02        2.00e+00
       16747104        68.87074       930.47228            6.17        08:02:52        4.20e-02        2.00e+00
       16748010        68.87059       931.47307            6.17        08:02:36        4.20e-02        2.00e+00
       16748891        68.87056       932.47400            6.17        08:02:20        4.20e-02        2.00e+00
       16749780        68.87048       933.47410            6.17        08:02:03        4.20e-02        2.00e+00
DEBUG @ t=16750000: current_coupling=0.042, last=0.042
       16750660        68.87054       934.47422            6.17        08:01:46        4.20e-02        2.00e+00
       16751532        68.87068       935.47484            6.17        08:01:29        4.20e-02        2.00e+00
       16752439        68.87075       936.47542            6.17        08:01:14        4.20e-02        2.00e+00
       16753366        68.87084       937.47558            6.17        08:00:58        4.20e-02        2.00e+00
       16754246        68.87042       938.47642            6.18        08:00:42        4.20e-02        2.00e+00
       16755169        68.87134       939.47685            6.18        08:00:26        4.20e-02        2.00e+00
       16755982        68.87158       940.47805            6.18        08:00:07        4.20e-02        2.00e+00
       16756782        68.87115       941.47928            6.18        07:59:48        4.20e-02        2.00e+00
       16757615        68.87111       942.48041            6.18        07:59:30        4.20e-02        2.00e+00
       16758539        68.87186       943.48094            6.18        07:59:15        4.20e-02        2.00e+00
       16759575        68.87280       944.48127            6.18        07:59:02        4.20e-02        2.00e+00
DEBUG @ t=16760000: current_coupling=0.042, last=0.042
       16760615        68.87306       945.48198            6.18        07:58:51        4.20e-02        2.00e+00
       16761612        68.87332       946.48294            6.18        07:58:38        4.20e-02        2.00e+00
       16762521        68.87361       947.48389            6.18        07:58:22        4.20e-02        2.00e+00
       16763374        68.87468       948.48475            6.18        07:58:04        4.20e-02        2.00e+00
       16764237        68.87506       949.48524            6.18        07:57:47        4.20e-02        2.00e+00
       16765166        68.87513       950.48571            6.18        07:57:31        4.20e-02        2.00e+00
       16766020        68.87546       951.48658            6.18        07:57:14        4.20e-02        2.00e+00
       16766921        68.87513       952.48732            6.18        07:56:58        4.20e-02        2.00e+00
       16767770        68.87500       953.48755            6.18        07:56:41        4.20e-02        2.00e+00
       16768636        68.87542       954.48805            6.18        07:56:23        4.20e-02        2.00e+00
       16769547        68.87557       955.48914            6.18        07:56:08        4.20e-02        2.00e+00
DEBUG @ t=16770000: current_coupling=0.042, last=0.042
       16770417        68.87523       956.48932            6.18        07:55:51        4.20e-02        2.00e+00
       16771346        68.87500       957.49037            6.18        07:55:36        4.20e-02        2.00e+00
       16772278        68.87520       958.49122            6.18        07:55:21        4.20e-02        2.00e+00
       16773188        68.87604       959.49132            6.18        07:55:05        4.20e-02        2.00e+00
       16774104        68.87623       960.49175            6.19        07:54:50        4.20e-02        2.00e+00
       16775006        68.87612       961.49279            6.19        07:54:34        4.20e-02        2.00e+00
       16775972        68.87603       962.49286            6.19        07:54:20        4.20e-02        2.00e+00
       16776903        68.87575       963.49383            6.19        07:54:05        4.20e-02        2.00e+00
       16777760        68.87536       964.49465            6.19        07:53:48        4.20e-02        2.00e+00
       16778587        68.87487       965.49572            6.19        07:53:30        4.20e-02        2.00e+00
       16779420        68.87417       966.49683            6.19        07:53:13        4.20e-02        2.00e+00
DEBUG @ t=16780000: current_coupling=0.042, last=0.042
       16780275        68.87440       967.49752            6.19        07:52:55        4.20e-02        2.00e+00
       16781168        68.87507       968.49841            6.19        07:52:39        4.20e-02        2.00e+00
       16782057        68.87476       969.49914            6.19        07:52:23        4.20e-02        2.00e+00
       16782893        68.87486       970.49961            6.19        07:52:05        4.20e-02        2.00e+00
       16783723        68.87446       971.50032            6.19        07:51:47        4.20e-02        2.00e+00
       16784554        68.87407       972.50152            6.19        07:51:29        4.20e-02        2.00e+00
       16785417        68.87382       973.50212            6.19        07:51:13        4.20e-02        2.00e+00
       16786461        68.87415       974.50297            6.19        07:51:01        4.20e-02        2.00e+00
       16787440        68.87636       975.50325            6.19        07:50:47        4.20e-02        2.00e+00
       16788447        68.87728       976.50390            6.19        07:50:34        4.20e-02        2.00e+00
       16789420        68.87754       977.50393            6.19        07:50:20        4.20e-02        2.00e+00
DEBUG @ t=16790000: current_coupling=0.042, last=0.042
       16790334        68.87755       978.50460            6.19        07:50:04        4.20e-02        2.00e+00
       16791263        68.87776       979.50462            6.19        07:49:49        4.20e-02        2.00e+00
       16792238        68.87795       980.50475            6.19        07:49:36        4.20e-02        2.00e+00
       16793116        68.87776       981.50517            6.19        07:49:20        4.20e-02        2.00e+00
       16794051        68.87807       982.50583            6.19        07:49:05        4.20e-02        2.00e+00
       16795009        68.88069       983.50596            6.19        07:48:50        4.20e-02        2.00e+00
       16795958        68.88222       984.50698            6.19        07:48:35        4.20e-02        2.00e+00
       16796932        68.88268       985.50738            6.19        07:48:21        4.20e-02        2.00e+00
       16797905        68.88294       986.50827            6.19        07:48:07        4.20e-02        2.00e+00
       16798881        68.88320       987.50909            6.19        07:47:53        4.20e-02        2.00e+00
       16799842        68.88390       988.51002            6.19        07:47:39        4.20e-02        2.00e+00
DEBUG @ t=16800000: current_coupling=0.042, last=0.042
[HDF5 Writer DEBUG] timestep=16800000, current_time_ps=988.677, last_output_time=988.6692207350075, write_count=93915
       16800807        68.88469       989.51079            6.19        07:47:25        4.20e-02        2.00e+00
       16801718        68.88672       990.51149            6.19        07:47:09        4.20e-02        2.00e+00
       16802600        68.88804       991.51195            6.19        07:46:52        4.20e-02        2.00e+00
       16803533        68.88849       992.51234            6.20        07:46:37        4.20e-02        2.00e+00
       16804490        68.88894       993.51297            6.20        07:46:23        4.20e-02        2.00e+00
       16805409        68.88905       994.51378            6.20        07:46:07        4.20e-02        2.00e+00
       16806291        68.88929       995.51420            6.20        07:45:51        4.20e-02        2.00e+00
       16807196        68.89040       996.51495            6.20        07:45:35        4.20e-02        2.00e+00
       16808134        68.89084       997.51497            6.20        07:45:20        4.20e-02        2.00e+00
       16809082        68.89151       998.51580            6.20        07:45:06        4.20e-02        2.00e+00
DEBUG @ t=16810000: current_coupling=0.042, last=0.042
       16810143        68.89264       999.51640            6.20        07:44:54        4.20e-02        2.00e+00
Added F(k,t) reference 5 at t = 1000.004 ps
       16811054        68.89313      1000.51675            6.20        07:44:38        4.20e-02        2.00e+00
       16811978        68.89397      1001.51684            6.20        07:44:23        4.20e-02        2.00e+00
       16812929        68.89442      1002.51731            6.20        07:44:09        4.20e-02        2.00e+00
       16813911        68.89484      1003.51763            6.20        07:43:55        4.20e-02        2.00e+00
       16814796        68.89544      1004.51791            6.20        07:43:39        4.20e-02        2.00e+00
       16815674        68.89558      1005.51848            6.20        07:43:22        4.20e-02        2.00e+00
       16816609        68.89543      1006.51920            6.20        07:43:08        4.20e-02        2.00e+00
       16817561        68.89547      1007.51971            6.20        07:42:54        4.20e-02        2.00e+00
       16818545        68.89514      1008.51971            6.20        07:42:40        4.20e-02        2.00e+00
       16819557        68.89608      1009.51996            6.20        07:42:28        4.20e-02        2.00e+00
DEBUG @ t=16820000: current_coupling=0.042, last=0.042
       16820546        68.89702      1010.52038            6.20        07:42:14        4.20e-02        2.00e+00
       16821461        68.89764      1011.52089            6.20        07:41:59        4.20e-02        2.00e+00
       16822409        68.89826      1012.52094            6.20        07:41:44        4.20e-02        2.00e+00
       16823463        68.89977      1013.52184            6.20        07:41:32        4.20e-02        2.00e+00
       16824526        68.90027      1014.52222            6.20        07:41:21        4.20e-02        2.00e+00
       16825600        68.90175      1015.52302            6.20        07:41:10        4.20e-02        2.00e+00
       16826665        68.90350      1016.52395            6.20        07:40:58        4.20e-02        2.00e+00
       16827642        68.90398      1017.52400            6.20        07:40:44        4.20e-02        2.00e+00
       16828601        68.90456      1018.52448            6.20        07:40:30        4.20e-02        2.00e+00
       16829592        68.90650      1019.52501            6.20        07:40:16        4.20e-02        2.00e+00
DEBUG @ t=16830000: current_coupling=0.042, last=0.042
       16830550        68.90777      1020.52594            6.20        07:40:01        4.20e-02        2.00e+00
       16831482        68.90839      1021.52666            6.20        07:39:46        4.20e-02        2.00e+00
       16832452        68.90962      1022.52699            6.20        07:39:32        4.20e-02        2.00e+00
       16833507        68.91232      1023.52745            6.20        07:39:20        4.20e-02        2.00e+00
       16834530        68.91276      1024.52757            6.20        07:39:07        4.20e-02        2.00e+00
       16835509        68.91407      1025.52846            6.20        07:38:53        4.20e-02        2.00e+00
       16836496        68.91468      1026.52857            6.20        07:38:40        4.20e-02        2.00e+00
       16837447        68.91575      1027.52869            6.20        07:38:25        4.20e-02        2.00e+00
       16838388        68.91612      1028.52919            6.20        07:38:11        4.20e-02        2.00e+00
       16839318        68.91651      1029.52954            6.20        07:37:56        4.20e-02        2.00e+00
DEBUG @ t=16840000: current_coupling=0.042, last=0.042
       16840262        68.91735      1030.52958            6.20        07:37:41        4.20e-02        2.00e+00
       16841196        68.91900      1031.53001            6.20        07:37:25        4.20e-02        2.00e+00
       16842088        68.91964      1032.53090            6.20        07:37:09        4.20e-02        2.00e+00
       16842983        68.92032      1033.53181            6.20        07:36:53        4.20e-02        2.00e+00
       16843915        68.92187      1034.53252            6.20        07:36:38        4.20e-02        2.00e+00
       16844876        68.92429      1035.53332            6.20        07:36:23        4.20e-02        2.00e+00
       16845794        68.92434      1036.53380            6.20        07:36:08        4.20e-02        2.00e+00
       16846678        68.92469      1037.53460            6.20        07:35:52        4.20e-02        2.00e+00
       16847584        68.92519      1038.53564            6.20        07:35:36        4.20e-02        2.00e+00
       16848528        68.92550      1039.53669            6.20        07:35:21        4.20e-02        2.00e+00
       16849458        68.92539      1040.53743            6.20        07:35:07        4.20e-02        2.00e+00
DEBUG @ t=16850000: current_coupling=0.042, last=0.042
       16850405        68.92553      1041.53789            6.20        07:34:52        4.20e-02        2.00e+00
       16851375        68.92679      1042.53887            6.20        07:34:38        4.20e-02        2.00e+00
       16852289        68.92742      1043.53997            6.20        07:34:23        4.20e-02        2.00e+00
       16853193        68.92783      1044.54030            6.20        07:34:07        4.20e-02        2.00e+00
       16854138        68.92900      1045.54083            6.20        07:33:52        4.20e-02        2.00e+00
       16854995        68.92964      1046.54173            6.20        07:33:35        4.20e-02        2.00e+00
       16855824        68.93015      1047.54178            6.20        07:33:17        4.20e-02        2.00e+00
       16856682        68.93098      1048.54283            6.20        07:33:00        4.20e-02        2.00e+00
       16857573        68.93107      1049.54345            6.20        07:32:44        4.20e-02        2.00e+00
       16858458        68.93118      1050.54403            6.20        07:32:28        4.20e-02        2.00e+00
       16859344        68.93127      1051.54474            6.20        07:32:12        4.20e-02        2.00e+00
DEBUG @ t=16860000: current_coupling=0.042, last=0.042
       16860292        68.93220      1052.54566            6.20        07:31:58        4.20e-02        2.00e+00
       16861237        68.93334      1053.54657            6.20        07:31:43        4.20e-02        2.00e+00
       16862259        68.93400      1054.54727            6.20        07:31:30        4.20e-02        2.00e+00
       16863212        68.93424      1055.54736            6.20        07:31:16        4.20e-02        2.00e+00
       16864261        68.93560      1056.54844            6.20        07:31:04        4.20e-02        2.00e+00
       16865180        68.93680      1057.54948            6.20        07:30:49        4.20e-02        2.00e+00
       16866276        68.93802      1058.54971            6.20        07:30:38        4.20e-02        2.00e+00
       16867177        68.93857      1059.55062            6.20        07:30:22        4.20e-02        2.00e+00
       16868112        68.93936      1060.55116            6.20        07:30:07        4.20e-02        2.00e+00
       16868978        68.93939      1061.55201            6.21        07:29:51        4.20e-02        2.00e+00
       16869934        68.93981      1062.55218            6.21        07:29:36        4.20e-02        2.00e+00
DEBUG @ t=16870000: current_coupling=0.042, last=0.042
       16870908        68.94077      1063.55270            6.21        07:29:22        4.20e-02        2.00e+00
       16871853        68.94110      1064.55302            6.21        07:29:08        4.20e-02        2.00e+00
       16872877        68.94233      1065.55362            6.20        07:28:55        4.20e-02        2.00e+00
       16873816        68.94298      1066.55447            6.21        07:28:41        4.20e-02        2.00e+00
       16874772        68.94554      1067.55506            6.21        07:28:25        4.20e-02        2.00e+00
       16875803        68.94762      1068.55562            6.21        07:28:13        4.20e-02        2.00e+00
       16876723        68.94980      1069.55584            6.21        07:27:57        4.20e-02        2.00e+00
       16877592        68.95000      1070.55593            6.21        07:27:40        4.20e-02        2.00e+00
       16878559        68.95087      1071.55660            6.21        07:27:26        4.20e-02        2.00e+00
       16879648        68.95178      1072.55749            6.21        07:27:15        4.20e-02        2.00e+00
DEBUG @ t=16880000: current_coupling=0.042, last=0.042
       16880696        68.95283      1073.55791            6.21        07:27:03        4.20e-02        2.00e+00
       16881662        68.95351      1074.55844            6.21        07:26:49        4.20e-02        2.00e+00
       16882600        68.95365      1075.55913            6.21        07:26:35        4.20e-02        2.00e+00
       16883623        68.95441      1076.56005            6.20        07:26:22        4.20e-02        2.00e+00
       16884586        68.95503      1077.56019            6.21        07:26:08        4.20e-02        2.00e+00
       16885519        68.95598      1078.56109            6.21        07:25:53        4.20e-02        2.00e+00
       16886461        68.95662      1079.56152            6.21        07:25:38        4.20e-02        2.00e+00
       16887477        68.95782      1080.56154            6.21        07:25:25        4.20e-02        2.00e+00
       16888400        68.95817      1081.56223            6.21        07:25:10        4.20e-02        2.00e+00
       16889384        68.95832      1082.56270            6.21        07:24:57        4.20e-02        2.00e+00
DEBUG @ t=16890000: current_coupling=0.042, last=0.042
       16890307        68.95843      1083.56300            6.21        07:24:42        4.20e-02        2.00e+00
       16891323        68.95887      1084.56305            6.21        07:24:29        4.20e-02        2.00e+00
       16892331        68.95922      1085.56389            6.21        07:24:16        4.20e-02        2.00e+00
       16893253        68.95990      1086.56477            6.21        07:24:01        4.20e-02        2.00e+00
       16894322        68.96108      1087.56515            6.20        07:23:50        4.20e-02        2.00e+00
       16895348        68.96194      1088.56526            6.20        07:23:37        4.20e-02        2.00e+00
       16896418        68.96268      1089.56574            6.20        07:23:26        4.20e-02        2.00e+00
       16897466        68.96558      1090.56634            6.20        07:23:13        4.20e-02        2.00e+00
       16898522        68.96572      1091.56721            6.20        07:23:01        4.20e-02        2.00e+00
       16899531        68.96622      1092.56721            6.20        07:22:48        4.20e-02        2.00e+00
DEBUG @ t=16900000: current_coupling=0.042, last=0.042
[HDF5 Writer DEBUG] timestep=16900000, current_time_ps=1093.014, last_output_time=1093.0106338232526, write_count=103802
       16900577        68.96754      1093.56746            6.20        07:22:36        4.20e-02        2.00e+00
       16901608        68.96931      1094.56842            6.20        07:22:23        4.20e-02        2.00e+00
       16902630        68.97068      1095.56883            6.20        07:22:10        4.20e-02        2.00e+00
       16903638        68.97131      1096.56970            6.20        07:21:57        4.20e-02        2.00e+00
       16904583        68.97170      1097.57055            6.20        07:21:43        4.20e-02        2.00e+00
       16905475        68.97178      1098.57137            6.20        07:21:27        4.20e-02        2.00e+00
       16906342        68.97164      1099.57145            6.20        07:21:11        4.20e-02        2.00e+00
       16907364        68.97181      1100.57249            6.20        07:20:58        4.20e-02        2.00e+00
       16908285        68.97196      1101.57285            6.20        07:20:43        4.20e-02        2.00e+00
       16909185        68.97175      1102.57373            6.20        07:20:28        4.20e-02        2.00e+00
DEBUG @ t=16910000: current_coupling=0.042, last=0.042
       16910149        68.97267      1103.57383            6.20        07:20:14        4.20e-02        2.00e+00
       16911068        68.97281      1104.57389            6.20        07:19:59        4.20e-02        2.00e+00
       16912070        68.97323      1105.57430            6.20        07:19:45        4.20e-02        2.00e+00
       16912919        68.97353      1106.57462            6.20        07:19:29        4.20e-02        2.00e+00
       16913795        68.97367      1107.57538            6.20        07:19:13        4.20e-02        2.00e+00
       16914733        68.97403      1108.57574            6.20        07:18:58        4.20e-02        2.00e+00
       16915704        68.97428      1109.57662            6.20        07:18:44        4.20e-02        2.00e+00
       16916633        68.97473      1110.57664            6.20        07:18:29        4.20e-02        2.00e+00
       16917484        68.97556      1111.57722            6.21        07:18:12        4.20e-02        2.00e+00
       16918307        68.97582      1112.57832            6.21        07:17:55        4.20e-02        2.00e+00
       16919189        68.97597      1113.57910            6.21        07:17:39        4.20e-02        2.00e+00
DEBUG @ t=16920000: current_coupling=0.042, last=0.042
       16920034        68.97634      1114.57992            6.21        07:17:22        4.20e-02        2.00e+00
       16920956        68.97936      1115.58005            6.21        07:17:06        4.20e-02        2.00e+00
       16921825        68.98006      1116.58063            6.21        07:16:50        4.20e-02        2.00e+00
       16922676        68.98063      1117.58151            6.21        07:16:33        4.20e-02        2.00e+00
       16923543        68.98077      1118.58235            6.21        07:16:16        4.20e-02        2.00e+00
       16924411        68.98090      1119.58345            6.21        07:16:00        4.20e-02        2.00e+00
       16925276        68.98097      1120.58424            6.21        07:15:44        4.20e-02        2.00e+00
       16926106        68.98116      1121.58429            6.21        07:15:27        4.20e-02        2.00e+00
       16926996        68.98172      1122.58484            6.21        07:15:11        4.20e-02        2.00e+00
       16927875        68.98228      1123.58533            6.21        07:14:55        4.20e-02        2.00e+00
       16928800        68.98248      1124.58559            6.21        07:14:40        4.20e-02        2.00e+00
       16929717        68.98330      1125.58637            6.21        07:14:25        4.20e-02        2.00e+00
DEBUG @ t=16930000: current_coupling=0.042, last=0.042
       16930578        68.98348      1126.58641            6.21        07:14:08        4.20e-02        2.00e+00
       16931433        68.98398      1127.58728            6.21        07:13:52        4.20e-02        2.00e+00
       16932344        68.98412      1128.58771            6.21        07:13:37        4.20e-02        2.00e+00
       16933233        68.98422      1129.58844            6.22        07:13:21        4.20e-02        2.00e+00
       16934089        68.98432      1130.58894            6.22        07:13:05        4.20e-02        2.00e+00
       16934965        68.98437      1131.58939            6.22        07:12:49        4.20e-02        2.00e+00
       16935868        68.98447      1132.58950            6.22        07:12:33        4.20e-02        2.00e+00
       16936811        68.98471      1133.59029            6.22        07:12:19        4.20e-02        2.00e+00
       16937707        68.98514      1134.59064            6.22        07:12:03        4.20e-02        2.00e+00
       16938569        68.98574      1135.59107            6.22        07:11:47        4.20e-02        2.00e+00
       16939464        68.98597      1136.59108            6.22        07:11:32        4.20e-02        2.00e+00
DEBUG @ t=16940000: current_coupling=0.042, last=0.042
       16940359        68.98658      1137.59175            6.22        07:11:16        4.20e-02        2.00e+00
       16941249        68.98729      1138.59267            6.22        07:11:00        4.20e-02        2.00e+00
       16942131        68.98754      1139.59334            6.22        07:10:44        4.20e-02        2.00e+00
       16943027        68.98758      1140.59421            6.22        07:10:29        4.20e-02        2.00e+00
       16943993        68.98826      1141.59514            6.22        07:10:15        4.20e-02        2.00e+00
       16945008        68.98892      1142.59531            6.22        07:10:02        4.20e-02        2.00e+00
       16945949        68.99019      1143.59566            6.22        07:09:47        4.20e-02        2.00e+00
       16946862        68.99035      1144.59588            6.22        07:09:32        4.20e-02        2.00e+00
       16947773        68.99135      1145.59640            6.22        07:09:17        4.20e-02        2.00e+00
       16948649        68.99172      1146.59729            6.22        07:09:01        4.20e-02        2.00e+00
       16949521        68.99181      1147.59800            6.22        07:08:45        4.20e-02        2.00e+00
DEBUG @ t=16950000: current_coupling=0.042, last=0.042
       16950472        68.99260      1148.59858            6.22        07:08:30        4.20e-02        2.00e+00
       16951446        68.99314      1149.59871            6.22        07:08:17        4.20e-02        2.00e+00
       16952483        68.99422      1150.59960            6.22        07:08:04        4.20e-02        2.00e+00
       16953438        68.99431      1151.60065            6.22        07:07:50        4.20e-02        2.00e+00
       16954329        68.99433      1152.60096            6.22        07:07:35        4.20e-02        2.00e+00
       16955193        68.99419      1153.60188            6.22        07:07:19        4.20e-02        2.00e+00
       16956233        68.99439      1154.60223            6.22        07:07:07        4.20e-02        2.00e+00
       16957164        68.99450      1155.60270            6.22        07:06:52        4.20e-02        2.00e+00
       16958081        68.99470      1156.60337            6.22        07:06:37        4.20e-02        2.00e+00
       16958985        68.99535      1157.60337            6.22        07:06:22        4.20e-02        2.00e+00
       16959900        68.99532      1158.60411            6.22        07:06:07        4.20e-02        2.00e+00
DEBUG @ t=16960000: current_coupling=0.042, last=0.042
       16960781        68.99572      1159.60447            6.22        07:05:51        4.20e-02        2.00e+00
       16961679        68.99666      1160.60532            6.22        07:05:35        4.20e-02        2.00e+00
       16962618        68.99811      1161.60546            6.22        07:05:21        4.20e-02        2.00e+00
       16963545        68.99857      1162.60625            6.22        07:05:06        4.20e-02        2.00e+00
       16964475        68.99959      1163.60696            6.22        07:04:51        4.20e-02        2.00e+00
       16965458        69.00034      1164.60766            6.22        07:04:37        4.20e-02        2.00e+00
       16966422        69.00087      1165.60776            6.22        07:04:23        4.20e-02        2.00e+00
       16967380        69.00278      1166.60796            6.22        07:04:09        4.20e-02        2.00e+00
       16968304        69.00347      1167.60846            6.22        07:03:54        4.20e-02        2.00e+00
       16969209        69.00372      1168.60940            6.22        07:03:39        4.20e-02        2.00e+00
DEBUG @ t=16970000: current_coupling=0.042, last=0.042
       16970162        69.00441      1169.60949            6.23        07:03:24        4.20e-02        2.00e+00
       16971091        69.00482      1170.60975            6.23        07:03:10        4.20e-02        2.00e+00
       16972012        69.00491      1171.61020            6.23        07:02:55        4.20e-02        2.00e+00
       16972826        69.00501      1172.61144            6.23        07:02:38        4.20e-02        2.00e+00
       16973650        69.00478      1173.61214            6.23        07:02:21        4.20e-02        2.00e+00
       16974505        69.00503      1174.61259            6.23        07:02:05        4.20e-02        2.00e+00
       16975332        69.00557      1175.61362            6.23        07:01:48        4.20e-02        2.00e+00
       16976283        69.00645      1176.61441            6.23        07:01:33        4.20e-02        2.00e+00
       16977137        69.00659      1177.61453            6.23        07:01:17        4.20e-02        2.00e+00
       16978083        69.00785      1178.61527            6.23        07:01:02        4.20e-02        2.00e+00
       16979014        69.00860      1179.61606            6.23        07:00:48        4.20e-02        2.00e+00
       16979971        69.00875      1180.61700            6.23        07:00:34        4.20e-02        2.00e+00
DEBUG @ t=16980000: current_coupling=0.042, last=0.042
       16980931        69.00875      1181.61719            6.23        07:00:20        4.20e-02        2.00e+00
       16981915        69.00918      1182.61791            6.23        07:00:06        4.20e-02        2.00e+00
       16982852        69.00945      1183.61849            6.23        06:59:52        4.20e-02        2.00e+00
       16983709        69.00964      1184.61854            6.23        06:59:36        4.20e-02        2.00e+00
       16984579        69.00984      1185.61874            6.23        06:59:20        4.20e-02        2.00e+00
       16985545        69.01047      1186.61964            6.23        06:59:06        4.20e-02        2.00e+00
       16986484        69.01109      1187.61976            6.23        06:58:51        4.20e-02        2.00e+00
       16987371        69.01109      1188.61989            6.23        06:58:36        4.20e-02        2.00e+00
       16988405        69.01179      1189.62030            6.23        06:58:24        4.20e-02        2.00e+00
       16989328        69.01209      1190.62140            6.23        06:58:09        4.20e-02        2.00e+00
DEBUG @ t=16990000: current_coupling=0.042, last=0.042
       16990168        69.01204      1191.62226            6.23        06:57:52        4.20e-02        2.00e+00
       16991034        69.01187      1192.62286            6.23        06:57:37        4.20e-02        2.00e+00
       16992008        69.01185      1193.62291            6.23        06:57:23        4.20e-02        2.00e+00
       16992912        69.01191      1194.62372            6.23        06:57:08        4.20e-02        2.00e+00
       16993842        69.01211      1195.62414            6.23        06:56:53        4.20e-02        2.00e+00
       16994809        69.01244      1196.62458            6.23        06:56:40        4.20e-02        2.00e+00
       16995766        69.01293      1197.62474            6.23        06:56:26        4.20e-02        2.00e+00
       16996657        69.01290      1198.62552            6.23        06:56:10        4.20e-02        2.00e+00
       16997551        69.01288      1199.62608            6.23        06:55:55        4.20e-02        2.00e+00
Added F(k,t) reference 6 at t = 1200.005 ps
       16998534        69.01344      1200.62692            6.23        06:55:42        4.20e-02        2.00e+00
       16999409        69.01416      1201.62804            6.23        06:55:26        4.20e-02        2.00e+00
DEBUG @ t=17000000: current_coupling=0.042, last=0.042
[HDF5 Writer DEBUG] timestep=17000000, current_time_ps=1202.317, last_output_time=1202.3077513605458, write_count=114155
       17000271        69.01546      1202.62848            6.23        06:55:09        4.20e-02        2.00e+00
       17001252        69.01580      1203.62914            6.23        06:54:56        4.20e-02        2.00e+00
       17002166        69.01617      1204.62934            6.23        06:54:41        4.20e-02        2.00e+00
       17003086        69.01632      1205.62978            6.23        06:54:26        4.20e-02        2.00e+00
       17003999        69.01674      1206.63053            6.23        06:54:11        4.20e-02        2.00e+00
       17004910        69.01696      1207.63118            6.24        06:53:56        4.20e-02        2.00e+00
       17005867        69.01701      1208.63162            6.24        06:53:42        4.20e-02        2.00e+00
       17006848        69.01718      1209.63224            6.24        06:53:29        4.20e-02        2.00e+00
       17007888        69.01838      1210.63258            6.23        06:53:16        4.20e-02        2.00e+00
       17008867        69.01976      1211.63281            6.23        06:53:03        4.20e-02        2.00e+00
       17009829        69.02093      1212.63348            6.23        06:52:48        4.20e-02        2.00e+00
DEBUG @ t=17010000: current_coupling=0.042, last=0.042
       17010780        69.02170      1213.63419            6.23        06:52:34        4.20e-02        2.00e+00
       17011698        69.02287      1214.63422            6.24        06:52:19        4.20e-02        2.00e+00
       17012629        69.02397      1215.63443            6.24        06:52:04        4.20e-02        2.00e+00
       17013610        69.02439      1216.63541            6.24        06:51:51        4.20e-02        2.00e+00
       17014571        69.02471      1217.63557            6.24        06:51:37        4.20e-02        2.00e+00
       17015463        69.02481      1218.63589            6.24        06:51:22        4.20e-02        2.00e+00
       17016383        69.02487      1219.63590            6.24        06:51:07        4.20e-02        2.00e+00
       17017271        69.02491      1220.63624            6.24        06:50:52        4.20e-02        2.00e+00
       17018263        69.02539      1221.63730            6.24        06:50:38        4.20e-02        2.00e+00
       17019118        69.02574      1222.63743            6.24        06:50:22        4.20e-02        2.00e+00
       17019979        69.02657      1223.63816            6.24        06:50:06        4.20e-02        2.00e+00
DEBUG @ t=17020000: current_coupling=0.042, last=0.042
       17020890        69.02779      1224.63833            6.24        06:49:51        4.20e-02        2.00e+00
       17021778        69.02801      1225.63944            6.24        06:49:35        4.20e-02        2.00e+00
       17022669        69.02834      1226.63991            6.24        06:49:20        4.20e-02        2.00e+00
       17023621        69.02937      1227.64091            6.24        06:49:06        4.20e-02        2.00e+00
       17024600        69.02990      1228.64192            6.24        06:48:52        4.20e-02        2.00e+00
       17025557        69.03010      1229.64264            6.24        06:48:38        4.20e-02        2.00e+00
       17026507        69.03003      1230.64334            6.24        06:48:24        4.20e-02        2.00e+00
       17027448        69.03025      1231.64420            6.24        06:48:10        4.20e-02        2.00e+00
       17028405        69.03074      1232.64428            6.24        06:47:56        4.20e-02        2.00e+00
       17029356        69.03165      1233.64506            6.24        06:47:42        4.20e-02        2.00e+00
DEBUG @ t=17030000: current_coupling=0.042, last=0.042
       17030333        69.03229      1234.64557            6.24        06:47:28        4.20e-02        2.00e+00
       17031249        69.03299      1235.64594            6.24        06:47:13        4.20e-02        2.00e+00
       17032192        69.03365      1236.64670            6.24        06:46:59        4.20e-02        2.00e+00
       17033131        69.03461      1237.64744            6.24        06:46:44        4.20e-02        2.00e+00
       17034019        69.03492      1238.64772            6.24        06:46:29        4.20e-02        2.00e+00
       17034886        69.03524      1239.64885            6.24        06:46:13        4.20e-02        2.00e+00
       17035738        69.03539      1240.64912            6.24        06:45:57        4.20e-02        2.00e+00
       17036587        69.03578      1241.64950            6.24        06:45:41        4.20e-02        2.00e+00
       17037441        69.03629      1242.65058            6.24        06:45:25        4.20e-02        2.00e+00
       17038294        69.03691      1243.65138            6.24        06:45:08        4.20e-02        2.00e+00
       17039158        69.03748      1244.65140            6.24        06:44:52        4.20e-02        2.00e+00
DEBUG @ t=17040000: current_coupling=0.042, last=0.042
       17040059        69.03784      1245.65142            6.24        06:44:37        4.20e-02        2.00e+00
       17040997        69.03866      1246.65151            6.24        06:44:23        4.20e-02        2.00e+00
       17041972        69.03986      1247.65221            6.24        06:44:09        4.20e-02        2.00e+00
       17042912        69.04029      1248.65257            6.24        06:43:55        4.20e-02        2.00e+00
       17043864        69.04123      1249.65265            6.24        06:43:40        4.20e-02        2.00e+00
       17044771        69.04218      1250.65379            6.24        06:43:25        4.20e-02        2.00e+00
       17045667        69.04266      1251.65450            6.24        06:43:10        4.20e-02        2.00e+00
       17046600        69.04328      1252.65538            6.24        06:42:55        4.20e-02        2.00e+00
       17047545        69.04475      1253.65635            6.24        06:42:41        4.20e-02        2.00e+00
       17048500        69.04605      1254.65646            6.24        06:42:27        4.20e-02        2.00e+00
       17049444        69.04731      1255.65704            6.25        06:42:12        4.20e-02        2.00e+00
DEBUG @ t=17050000: current_coupling=0.042, last=0.042
       17050387        69.04780      1256.65721            6.25        06:41:58        4.20e-02        2.00e+00
       17051343        69.04832      1257.65778            6.25        06:41:44        4.20e-02        2.00e+00
       17052243        69.04861      1258.65793            6.25        06:41:29        4.20e-02        2.00e+00
       17053236        69.04902      1259.65811            6.25        06:41:16        4.20e-02        2.00e+00
       17054101        69.04916      1260.65827            6.25        06:41:00        4.20e-02        2.00e+00
       17055058        69.04982      1261.65836            6.25        06:40:46        4.20e-02        2.00e+00
       17055963        69.05009      1262.65886            6.25        06:40:31        4.20e-02        2.00e+00
       17056923        69.05011      1263.65908            6.25        06:40:17        4.20e-02        2.00e+00
       17057868        69.05034      1264.65914            6.25        06:40:03        4.20e-02        2.00e+00
       17058755        69.05101      1265.65943            6.25        06:39:48        4.20e-02        2.00e+00
       17059685        69.05170      1266.66029            6.25        06:39:33        4.20e-02        2.00e+00
DEBUG @ t=17060000: current_coupling=0.042, last=0.042
       17060657        69.05259      1267.66101            6.25        06:39:19        4.20e-02        2.00e+00
       17061586        69.05318      1268.66113            6.25        06:39:05        4.20e-02        2.00e+00
       17062551        69.05371      1269.66129            6.25        06:38:51        4.20e-02        2.00e+00
       17063557        69.05467      1270.66153            6.25        06:38:38        4.20e-02        2.00e+00
       17064502        69.05548      1271.66227            6.25        06:38:23        4.20e-02        2.00e+00
       17065336        69.05551      1272.66317            6.25        06:38:07        4.20e-02        2.00e+00
       17066341        69.05570      1273.66397            6.25        06:37:54        4.20e-02        2.00e+00
       17067361        69.05598      1274.66444            6.25        06:37:41        4.20e-02        2.00e+00
       17068302        69.05646      1275.66519            6.25        06:37:27        4.20e-02        2.00e+00
       17069194        69.05678      1276.66592            6.25        06:37:12        4.20e-02        2.00e+00
DEBUG @ t=17070000: current_coupling=0.042, last=0.042
       17070187        69.05700      1277.66626            6.25        06:36:59        4.20e-02        2.00e+00
       17071124        69.05737      1278.66627            6.25        06:36:44        4.20e-02        2.00e+00
       17072068        69.05818      1279.66676            6.25        06:36:30        4.20e-02        2.00e+00
       17073002        69.05929      1280.66754            6.25        06:36:15        4.20e-02        2.00e+00
       17073966        69.06039      1281.66847            6.25        06:36:01        4.20e-02        2.00e+00
       17074862        69.06074      1282.66869            6.25        06:35:46        4.20e-02        2.00e+00
       17075738        69.06085      1283.66953            6.25        06:35:31        4.20e-02        2.00e+00
       17076612        69.06104      1284.66977            6.25        06:35:15        4.20e-02        2.00e+00
       17077510        69.06143      1285.66988            6.25        06:35:00        4.20e-02        2.00e+00
       17078462        69.06249      1286.67089            6.25        06:34:46        4.20e-02        2.00e+00
       17079297        69.06265      1287.67106            6.25        06:34:30        4.20e-02        2.00e+00
DEBUG @ t=17080000: current_coupling=0.042, last=0.042
       17080227        69.06286      1288.67176            6.25        06:34:15        4.20e-02        2.00e+00
       17081058        69.06288      1289.67184            6.25        06:33:59        4.20e-02        2.00e+00
       17081975        69.06320      1290.67191            6.25        06:33:45        4.20e-02        2.00e+00
       17082909        69.06383      1291.67237            6.25        06:33:30        4.20e-02        2.00e+00
       17083849        69.06452      1292.67239            6.25        06:33:16        4.20e-02        2.00e+00
       17084813        69.06478      1293.67326            6.25        06:33:02        4.20e-02        2.00e+00
       17085799        69.06529      1294.67371            6.25        06:32:49        4.20e-02        2.00e+00
       17086743        69.06569      1295.67412            6.25        06:32:34        4.20e-02        2.00e+00
       17087658        69.06672      1296.67507            6.25        06:32:20        4.20e-02        2.00e+00
       17088621        69.06866      1297.67517            6.25        06:32:05        4.20e-02        2.00e+00
       17089601        69.06905      1298.67550            6.25        06:31:52        4.20e-02        2.00e+00
DEBUG @ t=17090000: current_coupling=0.042, last=0.042
       17090508        69.06953      1299.67616            6.25        06:31:37        4.20e-02        2.00e+00
       17091402        69.06924      1300.67649            6.25        06:31:22        4.20e-02        2.00e+00
       17092292        69.06933      1301.67650            6.25        06:31:07        4.20e-02        2.00e+00
       17093245        69.06973      1302.67695            6.25        06:30:53        4.20e-02        2.00e+00
       17094197        69.07019      1303.67769            6.25        06:30:39        4.20e-02        2.00e+00
       17095108        69.07023      1304.67864            6.25        06:30:24        4.20e-02        2.00e+00
       17095944        69.07039      1305.67888            6.25        06:30:08        4.20e-02        2.00e+00
       17096789        69.07062      1306.67919            6.25        06:29:52        4.20e-02        2.00e+00
       17097695        69.07142      1307.67989            6.25        06:29:37        4.20e-02        2.00e+00
       17098643        69.07240      1308.68039            6.25        06:29:23        4.20e-02        2.00e+00
       17099549        69.07272      1309.68059            6.25        06:29:08        4.20e-02        2.00e+00
DEBUG @ t=17100000: current_coupling=0.042, last=0.042
[HDF5 Writer DEBUG] timestep=17100000, current_time_ps=1310.205, last_output_time=1310.197215776332, write_count=124393
       17100424        69.07256      1310.68131            6.26        06:28:53        4.20e-02        2.00e+00
       17101359        69.07299      1311.68192            6.26        06:28:38        4.20e-02        2.00e+00
       17102282        69.07328      1312.68297            6.26        06:28:24        4.20e-02        2.00e+00
       17103109        69.07322      1313.68351            6.26        06:28:08        4.20e-02        2.00e+00
       17104000        69.07342      1314.68396            6.26        06:27:53        4.20e-02        2.00e+00
       17104875        69.07356      1315.68479            6.26        06:27:37        4.20e-02        2.00e+00
       17105733        69.07379      1316.68566            6.26        06:27:22        4.20e-02        2.00e+00
       17106612        69.07428      1317.68668            6.26        06:27:06        4.20e-02        2.00e+00
       17107511        69.07444      1318.68750            6.26        06:26:51        4.20e-02        2.00e+00
       17108375        69.07451      1319.68765            6.26        06:26:36        4.20e-02        2.00e+00
       17109263        69.07457      1320.68766            6.26        06:26:21        4.20e-02        2.00e+00
DEBUG @ t=17110000: current_coupling=0.042, last=0.042
       17110241        69.07484      1321.68858            6.26        06:26:07        4.20e-02        2.00e+00
       17111143        69.07502      1322.68904            6.26        06:25:53        4.20e-02        2.00e+00
       17111991        69.07510      1323.68993            6.26        06:25:37        4.20e-02        2.00e+00
       17112866        69.07516      1324.69066            6.26        06:25:21        4.20e-02        2.00e+00
       17113812        69.07589      1325.69124            6.26        06:25:07        4.20e-02        2.00e+00
       17114698        69.07657      1326.69136            6.26        06:24:52        4.20e-02        2.00e+00
       17115522        69.07714      1327.69161            6.26        06:24:36        4.20e-02        2.00e+00
       17116381        69.07759      1328.69188            6.26        06:24:20        4.20e-02        2.00e+00
       17117262        69.07774      1329.69226            6.26        06:24:05        4.20e-02        2.00e+00
       17118137        69.07798      1330.69229            6.26        06:23:50        4.20e-02        2.00e+00
       17119012        69.07800      1331.69257            6.26        06:23:34        4.20e-02        2.00e+00
       17119903        69.07832      1332.69261            6.26        06:23:19        4.20e-02        2.00e+00
DEBUG @ t=17120000: current_coupling=0.042, last=0.042
       17120862        69.07914      1333.69275            6.26        06:23:05        4.20e-02        2.00e+00
       17121786        69.07980      1334.69331            6.26        06:22:51        4.20e-02        2.00e+00
       17122643        69.07976      1335.69450            6.26        06:22:35        4.20e-02        2.00e+00
       17123469        69.07984      1336.69558            6.26        06:22:19        4.20e-02        2.00e+00
       17124284        69.07995      1337.69565            6.27        06:22:03        4.20e-02        2.00e+00
       17125219        69.08046      1338.69620            6.27        06:21:48        4.20e-02        2.00e+00
       17126105        69.08065      1339.69644            6.27        06:21:33        4.20e-02        2.00e+00
       17126993        69.08085      1340.69681            6.27        06:21:18        4.20e-02        2.00e+00
       17127920        69.08175      1341.69785            6.27        06:21:04        4.20e-02        2.00e+00
       17128824        69.08251      1342.69792            6.27        06:20:49        4.20e-02        2.00e+00
       17129758        69.08274      1343.69852            6.27        06:20:35        4.20e-02        2.00e+00
DEBUG @ t=17130000: current_coupling=0.042, last=0.042
       17130710        69.08285      1344.69934            6.27        06:20:21        4.20e-02        2.00e+00
       17131665        69.08322      1345.69954            6.27        06:20:07        4.20e-02        2.00e+00
       17132621        69.08407      1346.70052            6.27        06:19:53        4.20e-02        2.00e+00
       17133518        69.08434      1347.70130            6.27        06:19:38        4.20e-02        2.00e+00
       17134423        69.08449      1348.70182            6.27        06:19:23        4.20e-02        2.00e+00
       17135422        69.08527      1349.70232            6.27        06:19:10        4.20e-02        2.00e+00
       17136339        69.08578      1350.70306            6.27        06:18:56        4.20e-02        2.00e+00
       17137232        69.08585      1351.70388            6.27        06:18:41        4.20e-02        2.00e+00
       17138040        69.08561      1352.70388            6.27        06:18:24        4.20e-02        2.00e+00
       17138918        69.08573      1353.70407            6.27        06:18:09        4.20e-02        2.00e+00
       17139838        69.08671      1354.70474            6.27        06:17:55        4.20e-02        2.00e+00
DEBUG @ t=17140000: current_coupling=0.042, last=0.042
       17140771        69.08707      1355.70506            6.27        06:17:40        4.20e-02        2.00e+00
       17141725        69.08727      1356.70563            6.27        06:17:26        4.20e-02        2.00e+00
       17142654        69.08737      1357.70603            6.27        06:17:12        4.20e-02        2.00e+00
       17143560        69.08794      1358.70663            6.27        06:16:57        4.20e-02        2.00e+00
       17144504        69.08854      1359.70672            6.27        06:16:43        4.20e-02        2.00e+00
       17145428        69.08895      1360.70723            6.27        06:16:29        4.20e-02        2.00e+00
       17146389        69.08955      1361.70813            6.27        06:16:15        4.20e-02        2.00e+00
       17147316        69.09014      1362.70869            6.27        06:16:01        4.20e-02        2.00e+00
       17148237        69.09056      1363.70873            6.27        06:15:46        4.20e-02        2.00e+00
2025-11-06 17:14:51 | ERROR | CRITICAL ERROR in simulation: [Errno 122] Disk quota exceeded
2025-11-06 17:14:51 | ERROR | Full traceback:
2025-11-06 17:14:51 | ERROR | OSError: [Errno 122] Disk quota exceeded
2025-11-06 17:14:51 | ERROR | During handling of the above exception, another exception occurred:
2025-11-06 17:14:51 | ERROR | Traceback (most recent call last):
2025-11-06 17:14:51 | ERROR |   File "/scratch/mh7373/micromamba/envs/hoomd/lib/python3.12/site-packages/hoomd/cavitymd/simulation/core.py", line 4753, in run
2025-11-06 17:14:51 | ERROR |     self.run_simulation()
2025-11-06 17:14:51 | ERROR |   File "/scratch/mh7373/micromamba/envs/hoomd/lib/python3.12/site-packages/hoomd/cavitymd/simulation/core.py", line 4807, in run_simulation
2025-11-06 17:14:51 | ERROR |     self.sim.run(total_steps, write_at_start=True)
2025-11-06 17:14:51 | ERROR |   File "/scratch/mh7373/micromamba/envs/hoomd/lib/python3.12/site-packages/hoomd/simulation.py", line 561, in run
2025-11-06 17:14:51 | ERROR |     self._cpp_sys.run(steps_int, write_at_start)
2025-11-06 17:14:51 | ERROR |   File "/scratch/mh7373/micromamba/envs/hoomd/lib/python3.12/site-packages/hoomd/cavitymd/analysis/autocorr.py", line 404, in act
2025-11-06 17:14:51 | ERROR |     self._output_correlation_data(ref_idx, current_time_ps)
2025-11-06 17:14:51 | ERROR |   File "/scratch/mh7373/micromamba/envs/hoomd/lib/python3.12/site-packages/hoomd/cavitymd/analysis/autocorr.py", line 292, in _output_correlation_data
2025-11-06 17:14:51 | ERROR |     with open(ref_file, 'a') as f:
2025-11-06 17:14:51 | ERROR | OSError: [Errno 122] Disk quota exceeded
2025-11-06 17:14:51 | INFO | Cleanup initiated...
2025-11-06 17:14:51 | INFO | Closing HDF5 observable writer...
✓ HDF5 file closed: observables_replica_66.h5
  Total data points written: 129557
DEBUG: Cleanup called - checking for fkt_tracker
DEBUG: No fkt_tracker found or it's None
2025-11-06 17:14:51 | INFO | Returned to original directory: /scratch/mh7373/cav-hoomd/new_final_offres
2025-11-06 17:14:51 | INFO | Cleanup completed
ERROR: Replica 66 failed (coupling: 4.200000e-02 a.u.)

==================================================
Execution Summary
==================================================
Coupling constant used: 4.200000e-02 a.u.
Total replicas: 1
Successful: 0
Failed: 1
Wall time: 18803.73 seconds

WARNING: 1 replicas failed - check individual logs for details
✗ FAILED: DEBUG task 66
