SLURM Job ID: 1642309
SLURM Array Task ID: 385
Using frequency: 2060 cm-1
Fixed coupling strength (lambda): 0.042 (dimensionless)
Frame will be automatically set to: 385
Advanced Cavity MD Experiment Runner
==================================================
SLURM array job detected: Task 385 (Job 1642309)

*** COUPLING CONSTANT: 4.200000e-02 a.u. ***

Simulation Configuration:
  Cavity coupling: Enabled
    Coupling strength: 4.200000e-02 a.u.
    Frequency: 2060.0 cm⁻¹
    Finite-q mode: False
    Cavity thermostat: langevin
  Molecular thermostat: bussi
  Temperature: 100.0 K
  Runtime: 3000.0 ps
  Device: CPU
  Random seed: 0
  Velocity restart: Enabled - thermalizing velocities
  Momentum zeroing: Disabled

Starting execution for 1 replica(s)...
==================================================

Running replica 385...
>>> Will use FRAME 385 from init-0.gsd for this replica <<<
Running experiment:
  Cavity coupling: Enabled
  *** COUPLING STRENGTH: 4.200000e-02 a.u. ***
  Switch time: 200.0 ps
  Decay: None (step function)
  Damping ratio (zeta): 0.0
  Calculated dissipation (c): 0.0000e+00 a.u.
  Molecular thermostat: bussi
  Cavity thermostat: langevin
  Finite-q mode: False
  Replica: 385
  Frame: 385
  Output directory: coupling_420000e-07_freq_2060.0cm1_switch_200.0ps
  *** READING FRAME 385 FROM /scratch/mh7373/cav-hoomd/new_final_offres/init-0.gsd ***
  ✓ Successfully initialized simulation from frame 385
  ✓ Input file: /scratch/mh7373/cav-hoomd/new_final_offres/init-0.gsd
  ✓ Replica 385 ready to run...
2025-11-06 12:02:08 | INFO | ============================================================
2025-11-06 12:02:08 | INFO | CAVITY MD SIMULATION STARTED
2025-11-06 12:02:08 | INFO | ============================================================
2025-11-06 12:02:08 | INFO | Simulation: prod-385
2025-11-06 12:02:08 | INFO | Device: CPU
2025-11-06 12:02:08 | INFO | Runtime: 3000.0 ps
2025-11-06 12:02:08 | INFO | Temperature: 100.0 K
2025-11-06 12:02:08 | INFO | Random seed: 0
2025-11-06 12:02:08 | INFO | Cavity coupling: Enabled
2025-11-06 12:02:08 | INFO |   Frequency: 2060.0 cm^-1
2025-11-06 12:02:08 | INFO |   Lambda coupling: 0.042
2025-11-06 12:02:08 | INFO |   Epsilon (lambda * omega_c): 3.942141e-04 a.u.
2025-11-06 12:02:08 | INFO |   Finite-q mode: False
2025-11-06 12:02:08 | INFO | Molecular thermostat: bussi (tau=1.0 ps)
2025-11-06 12:02:08 | INFO | Cavity thermostat: langevin (tau=1.0 ps)
2025-11-06 12:02:08 | INFO | ============================================================
2025-11-06 12:02:08 | INFO | === Phase 1: Setting up simulation ===
2025-11-06 12:02:08 | INFO | Using default timestep for calculations: 0.0001 ps
2025-11-06 12:02:08 | INFO | Time conversions:
2025-11-06 12:02:08 | INFO |   Timestep: 0.0001 ps = 4.134138 a.u.
2025-11-06 12:02:08 | INFO |   Runtime: 3000.0 ps = 30000000 steps
2025-11-06 12:02:08 | INFO |   Steps per ps: 10000.0
2025-11-06 12:02:08 | INFO | Output periods (steps):
2025-11-06 12:02:08 | INFO |   Energy: 100 (0.010 ps)
2025-11-06 12:02:08 | INFO |   F(k,t): 10000 (1.000 ps)
2025-11-06 12:02:08 | INFO |   GSD: 10000 (1.000 ps)
2025-11-06 12:02:08 | INFO |   Console: 10000 (1.000 ps)
2025-11-06 12:02:08 | INFO | Initializing simulation on CPU
2025-11-06 12:02:08 | INFO | Using user-specified seed: 0
2025-11-06 12:02:08 | INFO | Cavity particle already exists in GSD file (1 found)
2025-11-06 12:02:08 | INFO | Simulation state created from original GSD file with existing cavity particle
2025-11-06 12:02:08 | INFO | Cavity particle validated at index 500, position HOOMDArray([-0.50322556  0.94211537  0.22380663])
2025-11-06 12:02:08 | INFO | === Phase 1.5: Setting up time tracker ===
2025-11-06 12:02:08 | INFO | === Phase 2: Configuring forces and thermostats ===
2025-11-06 12:02:08 | INFO | Using lambda_coupling=0.042 (will be scaled by omega_c=0.009386 a.u.)
2025-11-06 12:02:08 | INFO | Using constant coupling: lambda=0.042, epsilon=3.942141e-04 a.u.
CavityForce initialized using cpp implementation
  Using constant lambda coupling: 0.042 (dimensionless)
  Effective epsilon: 3.942141e-04 a.u.
2025-11-06 12:02:08 | INFO | Thermostat time constant conversions:
2025-11-06 12:02:08 | INFO |   Molecular: 1.000 ps = 41341.378917 a.u.
2025-11-06 12:02:08 | INFO |   Cavity: 1.000 ps = 41341.378917 a.u.
2025-11-06 12:02:08 | INFO | Running molecular system with Bussi thermostat (NVT ensemble)
2025-11-06 12:02:08 | INFO | Molecular Bussi thermostat configured: T = 100.0 K, kT = 0.000317 a.u., tau = 1.000 ps
2025-11-06 12:02:08 | INFO | Running cavity with Langevin thermostat
2025-11-06 12:02:08 | INFO | Cavity Langevin thermostat configured: T = 100.0 K, kT = 0.000317 a.u.
2025-11-06 12:02:08 | INFO |   base_gamma = 0.000024 a.u.^-1 (tau = 1.000 ps)
2025-11-06 12:02:08 | INFO |   effective_gamma = 0.000024 a.u.^-1 (damping_factor = 1.0x)
2025-11-06 12:02:08 | INFO | === Phase 3: Setting up integrator and thermalization ===
2025-11-06 12:02:08 | INFO | Integrator configured with initial dt = 4.134138 a.u. (0.000100 ps)
2025-11-06 12:02:08 | INFO | Number of integration methods: 2
2025-11-06 12:02:08 | INFO | CavityParticleDisplacer not needed (constant coupling or q=0 mode)
2025-11-06 12:02:08 | INFO | Using seed 1 for thermalization randomness
2025-11-06 12:02:08 | INFO | Thermalized molecular particles using HOOMD State object
2025-11-06 12:02:08 | INFO | Cavity particle manually thermalized:
2025-11-06 12:02:08 | INFO |   Target temperature: 100.0 K
2025-11-06 12:02:08 | INFO |   Initial velocity: [ 0.02890696 -0.01088686 -0.00939938]
2025-11-06 12:02:08 | INFO |   Expected KE: 0.000521 a.u.
2025-11-06 12:02:08 | INFO |   Expected temperature: 109.7 K
2025-11-06 12:02:08 | INFO |   Using array module: numpy
2025-11-06 12:02:08 | INFO | Checking molecular system temperature after thermalization:
2025-11-06 12:02:08 | INFO |   Number of molecular particles: 500
2025-11-06 12:02:08 | INFO |   Total kinetic energy: 0.241674 a.u.
2025-11-06 12:02:08 | INFO |   Current temperature: 101.7 K
2025-11-06 12:02:08 | INFO | Thermalization completed - velocities properly initialized
2025-11-06 12:02:08 | INFO | === Phase 4: Setting up trackers and loggers ===
2025-11-06 12:02:08 | INFO | Setting up adaptive timestep updater (error_tolerance = 2.0)
Dynamic coupling change detection enabled
Coupling change threshold: ±1.00e-05 a.u.
Shock dampening: error_tolerance drops to 2.00e-10 (factor: 1.00e-10)
Recovery: exponential ramp to 2.00e+00 with τ = 1000.0 ps
Conservative timestep parameters:
  Change threshold: 10.0%
  Max change factor: 1.5
  Min update interval: 1000 steps
  Switch detection tolerance: 0.001 ps
2025-11-06 12:02:08 | INFO | Adaptive timestep updater enabled (check every 1 steps)
CavityForceCompute initialized: omegac=0.00938605 a.u., lambda_coupling=0.042 (dimensionless, from variant), K=8.80979e-05 a.u.
CPU CavityForceCompute initialized successfully
notice(2): charge.pppm: RMS error: 2.31675e-08
NOTICE: Starting from inherited timestep 31800000
  Elapsed time will start from 0, not from inherited simulation time
DEBUG @ t=31800000: current_coupling=0.042, last=None
DEBUG: First coupling check - stored value: 0.042
2025-11-06 12:02:09 | INFO |   Added detailed BussiReservoir energy tracking for method 0
2025-11-06 12:02:09 | INFO |   Added energy tracking for cavityforce
2025-11-06 12:02:09 | INFO |   Added detailed cavity energy components
2025-11-06 12:02:09 | INFO |   Added energy tracking for harmonic
2025-11-06 12:02:09 | INFO |   Added energy tracking for lj
2025-11-06 12:02:09 | INFO |   Added energy tracking for ewald
2025-11-06 12:02:09 | INFO |   Added energy tracking for coulomb
2025-11-06 12:02:09 | INFO | Energy tracking setup completed: 0 methods, 5 forces
2025-11-06 12:02:09 | INFO | Setting up energy tracker with output file: prod-385_energy_tracker.txt
2025-11-06 12:02:09 | INFO | Energy tracker configuration:
2025-11-06 12:02:09 | INFO |   Using time-based output: 0.010 ps
2025-11-06 12:02:09 | INFO |   Max output time: 250.000 ps
2025-11-06 12:02:09 | INFO | Energy tracker configuration:
2025-11-06 12:02:09 | INFO |   Force objects: ['cavity', 'harmonic', 'lj', 'ewald_short', 'ewald_long']
2025-11-06 12:02:09 | INFO |   Thermostat objects: ['bussi_molecular', 'langevin_cavity']
2025-11-06 12:02:09 | INFO |   Using internal kinetic computation (no external tracker needed)
2025-11-06 12:02:09 | INFO |  Energy tracker setup completed with time-based output:
2025-11-06 12:02:09 | INFO |   Output period: 0.010 ps (accurate timing)
2025-11-06 12:02:09 | INFO |   Tracker handles timing internally using ElapsedTimeTracker
2025-11-06 12:02:09 | INFO |   Output limited to 250.000 ps
2025-11-06 12:02:09 | INFO | Setting up F(k,t) density correlation tracker
2025-11-06 12:02:09 | INFO |   k magnitude: 1.00
2025-11-06 12:02:09 | INFO |   Number of wavevectors: 50
2025-11-06 12:02:09 | INFO |   Reference interval: 200.000 ps
2025-11-06 12:02:09 | INFO |   Max references: 20
2025-11-06 12:02:09 | INFO |   Output period: 1.000 ps
2025-11-06 12:02:09 | INFO |   Using time-based reference intervals for adaptive timestep compatibility
2025-11-06 12:02:09 | INFO |   Reference interval: 200.000 ps
2025-11-06 12:02:09 | INFO |   Trigger period: 1 step
2025-11-06 12:02:09 | INFO |   Logarithmic time spacing: DISABLED (regular spacing)
FieldAutocorrelationTracker initialized for density_correlation
  k-magnitude: 1.0
  Wavevectors: 50
  Reference interval: 200.0 ps
  Max references: 20
2025-11-06 12:02:09 | INFO |  F(k,t) tracker successfully enabled with time-based output:
2025-11-06 12:02:09 | INFO |   Output period: 1.000 ps (accurate timing)
2025-11-06 12:02:09 | INFO |   Reference interval: 200.000 ps
2025-11-06 12:02:09 | INFO |   Tracker handles timing internally using ElapsedTimeTracker
2025-11-06 12:02:09 | INFO | Setting up dipole autocorrelation tracker...
2025-11-06 12:02:09 | INFO |   Reference interval: 200.000 ps
2025-11-06 12:02:09 | INFO |   Max references: 20
2025-11-06 12:02:09 | INFO |   Output period: 0.010 ps
2025-11-06 12:02:09 | INFO |   Using time-based reference intervals for adaptive timestep compatibility
2025-11-06 12:02:09 | INFO |   Reference interval: 200.000 ps
2025-11-06 12:02:09 | INFO |   Trigger period: 1 step
2025-11-06 12:02:09 | WARNING | Could not set up dipole autocorrelation tracker: Can't instantiate abstract class AutocorrelationTracker without an implementation for abstract method 'act'
2025-11-06 12:02:09 | INFO | Momentum zeroing disabled
2025-11-06 12:02:09 | INFO |  TRACKING AND LOGGING SETUP COMPLETED:
2025-11-06 12:02:09 | INFO |   All output systems now use precise time-based periods
2025-11-06 12:02:09 | INFO |  Comprehensive temperature tracker enabled
2025-11-06 12:02:09 | INFO |   Output file: temperature_tracker_replica_385.csv
2025-11-06 12:02:09 | INFO |   Output period: 0.1 ps
2025-11-06 12:02:09 | INFO |   Tracking: kinetic, harmonic fictive, LJ+Coul fictive, cavity bath, molecular bath
2025-11-06 12:02:09 | INFO |   Empirical data: None (LJ+Coul fictive temp will be 0)
2025-11-06 12:02:09 | INFO | 
============================================================
2025-11-06 12:02:09 | INFO | HDF5 OBSERVABLE OUTPUT CONFIGURATION
2025-11-06 12:02:09 | INFO | ============================================================
2025-11-06 12:02:09 | INFO | Output file: observables_replica_385.h5
2025-11-06 12:02:09 | INFO | Output period: 0.010 ps
2025-11-06 12:02:09 | INFO | SWMR mode: Enabled (concurrent read access)
2025-11-06 12:02:09 | INFO | ============================================================

✓ HDF5 file structure created: observables_replica_385.h5
ObservableWriter initialized:
  Output file: observables_replica_385.h5
  Output period: 0.01 ps
  Chunk size: 1000
  Compression: gzip
  SWMR mode: True
  Flush interval: 10
✓ Energy tracker registered (18 components)
2025-11-06 12:02:09 | INFO |   Registered energy tracker for HDF5 output
✓ Temperature tracker registered (6 components)
2025-11-06 12:02:09 | INFO |   Registered temperature tracker for HDF5 output
2025-11-06 12:02:09 | INFO | ✓ HDF5 observable output enabled

2025-11-06 12:02:09 | INFO | Advanced features enabled: detailed energy tracking (0.010 ps), F(k,t) density correlation (1.000 ps, k=1.0), dipole autocorrelation (0.010 ps), adaptive timestep control, comprehensive temperature tracker (0.1 ps), HDF5 observable output (0.010 ps)
2025-11-06 12:02:09 | INFO | Console output: 1.000 ps periods (time-based)
2025-11-06 12:02:09 | INFO |   Works accurately for both adaptive and fixed timestep modes
2025-11-06 12:02:09 | INFO | DEBUG: PID controller NOT enabled (enable_pid_controller=False)
2025-11-06 12:02:09 | INFO | === Phase 5: Setting up output writers ===
2025-11-06 12:02:09 | INFO | GSD output setup for adaptive timestep mode:
2025-11-06 12:02:09 | INFO |   GSD trigger: every 1000 steps (target: 1.000 ps)
2025-11-06 12:02:09 | INFO |   Note: GSD timing may vary slightly due to adaptive timestep changes
2025-11-06 12:02:09 | INFO | GSD writer added for file: prod-385.gsd
2025-11-06 12:02:09 | INFO |   GSD output period: 1.000 ps
2025-11-06 12:02:09 | INFO |   GSD truncate mode: False (append to existing file)
2025-11-06 12:02:09 | INFO |  Console output setup completed:
2025-11-06 12:02:09 | INFO |   Output period: 1.000 ps (accurate time-based)
2025-11-06 12:02:09 | INFO |   Lambda coupling column: 4.200000e-02 (dimensionless) (displayed in real-time)
2025-11-06 12:02:09 | INFO |   Console tracker handles timing internally using ElapsedTimeTracker
2025-11-06 12:02:09 | INFO |   Works accurately for both adaptive and fixed timestep modes
2025-11-06 12:02:09 | INFO |  FIXED: Console output now uses precise time-based logic
2025-11-06 12:02:09 | INFO |   Both console and energy tracker use accurate timing
2025-11-06 12:02:09 | INFO |   GSD output timing may vary slightly but is less critical
2025-11-06 12:02:09 | INFO | === Phase 6: Running simulation ===
2025-11-06 12:02:09 | INFO | Starting adaptive timestep simulation for 3000.0 ps
2025-11-06 12:02:09 | INFO | Using max steps: 999999999 (will exit when runtime reached)
2025-11-06 12:02:09 | INFO | Initial timestep: 40.835355 a.u. (0.988 fs)
2025-11-06 12:02:09 | INFO | Timestep will adapt dynamically (error_tolerance = 2.0)
Added F(k,t) reference 0 at t = 0.001 ps
[HDF5 Writer DEBUG] timestep=31800001, current_time_ps=0.001, last_output_time=None, write_count=0
[HDF5 Writer DEBUG] Writing data point 0 at time 0.001 ps
[HDF5 Writer DEBUG] timestep=31800002, current_time_ps=0.002, last_output_time=0.0009877598632902554, write_count=1
[HDF5 Writer DEBUG] Skipping output: not time yet (current=0.002, last=0.0009877598632902554, period=0.01)
[HDF5 Writer DEBUG] timestep=31800003, current_time_ps=0.003, last_output_time=0.0009877598632902554, write_count=1
[HDF5 Writer DEBUG] Skipping output: not time yet (current=0.003, last=0.0009877598632902554, period=0.01)
[HDF5 Writer DEBUG] timestep=31800004, current_time_ps=0.004, last_output_time=0.0009877598632902554, write_count=1
[HDF5 Writer DEBUG] Skipping output: not time yet (current=0.004, last=0.0009877598632902554, period=0.01)
[HDF5 Writer DEBUG] timestep=31800005, current_time_ps=0.005, last_output_time=0.0009877598632902554, write_count=1
[HDF5 Writer DEBUG] Skipping output: not time yet (current=0.005, last=0.0009877598632902554, period=0.01)
[HDF5 Writer DEBUG] timestep=31800006, current_time_ps=0.006, last_output_time=0.0009877598632902554, write_count=1
[HDF5 Writer DEBUG] Skipping output: not time yet (current=0.006, last=0.0009877598632902554, period=0.01)
[HDF5 Writer DEBUG] timestep=31800007, current_time_ps=0.007, last_output_time=0.0009877598632902554, write_count=1
[HDF5 Writer DEBUG] Skipping output: not time yet (current=0.007, last=0.0009877598632902554, period=0.01)
[HDF5 Writer DEBUG] timestep=31800008, current_time_ps=0.008, last_output_time=0.0009877598632902554, write_count=1
[HDF5 Writer DEBUG] Skipping output: not time yet (current=0.008, last=0.0009877598632902554, period=0.01)
[HDF5 Writer DEBUG] timestep=31800009, current_time_ps=0.009, last_output_time=0.0009877598632902554, write_count=1
[HDF5 Writer DEBUG] Skipping output: not time yet (current=0.009, last=0.0009877598632902554, period=0.01)
[HDF5 Writer DEBUG] timestep=31800010, current_time_ps=0.010, last_output_time=0.0009877598632902554, write_count=1
[HDF5 Writer DEBUG] Skipping output: not time yet (current=0.010, last=0.0009877598632902554, period=0.01)
[HDF5 Writer DEBUG] timestep=31800011, current_time_ps=0.011, last_output_time=0.0009877598632902554, write_count=1
[HDF5 Writer DEBUG] Skipping output: not time yet (current=0.011, last=0.0009877598632902554, period=0.01)
[HDF5 Writer DEBUG] timestep=31800012, current_time_ps=0.012, last_output_time=0.0009877598632902554, write_count=1
[HDF5 Writer DEBUG] Writing data point 1 at time 0.012 ps
[HDF5 Writer DEBUG] timestep=31800013, current_time_ps=0.013, last_output_time=0.011853118359483064, write_count=2
[HDF5 Writer DEBUG] Skipping output: not time yet (current=0.013, last=0.011853118359483064, period=0.01)
[HDF5 Writer DEBUG] timestep=31800014, current_time_ps=0.014, last_output_time=0.011853118359483064, write_count=2
[HDF5 Writer DEBUG] Skipping output: not time yet (current=0.014, last=0.011853118359483064, period=0.01)
[HDF5 Writer DEBUG] timestep=31800015, current_time_ps=0.015, last_output_time=0.011853118359483064, write_count=2
[HDF5 Writer DEBUG] Skipping output: not time yet (current=0.015, last=0.011853118359483064, period=0.01)
[HDF5 Writer DEBUG] timestep=31800016, current_time_ps=0.016, last_output_time=0.011853118359483064, write_count=2
[HDF5 Writer DEBUG] Skipping output: not time yet (current=0.016, last=0.011853118359483064, period=0.01)
[HDF5 Writer DEBUG] timestep=31800017, current_time_ps=0.017, last_output_time=0.011853118359483064, write_count=2
[HDF5 Writer DEBUG] Skipping output: not time yet (current=0.017, last=0.011853118359483064, period=0.01)
[HDF5 Writer DEBUG] timestep=31800018, current_time_ps=0.018, last_output_time=0.011853118359483064, write_count=2
[HDF5 Writer DEBUG] Skipping output: not time yet (current=0.018, last=0.011853118359483064, period=0.01)
[HDF5 Writer DEBUG] timestep=31800019, current_time_ps=0.019, last_output_time=0.011853118359483064, write_count=2
[HDF5 Writer DEBUG] Skipping output: not time yet (current=0.019, last=0.011853118359483064, period=0.01)
[HDF5 Writer DEBUG] timestep=31800020, current_time_ps=0.020, last_output_time=0.011853118359483064, write_count=2
[HDF5 Writer DEBUG] Skipping output: not time yet (current=0.020, last=0.011853118359483064, period=0.01)
[HDF5 Writer DEBUG] timestep=31800021, current_time_ps=0.021, last_output_time=0.011853118359483064, write_count=2
[HDF5 Writer DEBUG] Skipping output: not time yet (current=0.021, last=0.011853118359483064, period=0.01)
[HDF5 Writer DEBUG] timestep=31800022, current_time_ps=0.022, last_output_time=0.011853118359483064, write_count=2
[HDF5 Writer DEBUG] Skipping output: not time yet (current=0.022, last=0.011853118359483064, period=0.01)
[HDF5 Writer DEBUG] timestep=31800023, current_time_ps=0.023, last_output_time=0.011853118359483064, write_count=2
[HDF5 Writer DEBUG] Writing data point 2 at time 0.023 ps
✓ SWMR mode enabled - file can now be read concurrently
Simulation.timestep  Simulation.tps Time.elapsed_ps Performance.ns_per_day Performance.eta   Cavity.lambda Adaptive.error_tolerance
       31801016        69.52606         1.00072            5.79        12:25:57        4.20e-02        2.00e+00
       31802227        69.64309         2.00092            5.35        13:26:33        4.20e-02        2.00e+00
       31803361        69.62714         3.00131            5.34        13:28:43        4.20e-02        2.00e+00
       31804600        69.65186         4.00152            5.21        13:48:18        4.20e-02        2.00e+00
       31805918        69.70894         5.00153            5.07        14:10:29        4.20e-02        2.00e+00
       31807250        69.82236         6.00162            4.98        14:25:59        4.20e-02        2.00e+00
       31808593        69.89826         7.00220            4.91        14:38:04        4.20e-02        2.00e+00
       31809990        70.05024         8.00236            4.84        14:50:41        4.20e-02        2.00e+00
DEBUG @ t=31810000: current_coupling=0.042, last=0.042
       31811267        70.04684         9.00259            4.83        14:52:27        4.20e-02        2.00e+00
       31812339        70.03389        10.00331            4.90        14:39:18        4.20e-02        2.00e+00
       31813473        70.01621        11.00417            4.93        14:32:36        4.20e-02        2.00e+00
       31814695        70.10302        12.00486            4.94        14:30:54        4.20e-02        2.00e+00
       31816055        70.11072        13.00552            4.90        14:37:47        4.20e-02        2.00e+00
       31817114        70.07877        14.00613            4.95        14:28:52        4.20e-02        2.00e+00
       31818330        70.09766        15.00618            4.95        14:27:59        4.20e-02        2.00e+00
       31819491        70.08261        16.00672            4.97        14:25:06        4.20e-02        2.00e+00
DEBUG @ t=31820000: current_coupling=0.042, last=0.042
       31820621        70.13821        17.00724            4.99        14:20:23        4.20e-02        2.00e+00
       31821871        70.17013        18.00734            4.99        14:21:08        4.20e-02        2.00e+00
       31823145        70.21496        19.00756            4.98        14:22:27        4.20e-02        2.00e+00
       31824264        70.26158        20.00826            5.00        14:18:02        4.20e-02        2.00e+00
       31825562        70.37884        21.00827            4.99        14:19:08        4.20e-02        2.00e+00
       31826850        70.40541        22.00853            4.98        14:20:46        4.20e-02        2.00e+00
       31828087        70.38846        23.00892            4.98        14:21:09        4.20e-02        2.00e+00
       31829410        70.38775        24.00931            4.96        14:23:50        4.20e-02        2.00e+00
DEBUG @ t=31830000: current_coupling=0.042, last=0.042
       31830603        70.41784        25.00988            4.97        14:22:14        4.20e-02        2.00e+00
       31831772        70.44944        26.01050            4.98        14:20:02        4.20e-02        2.00e+00
       31833049        70.45975        27.01101            4.97        14:21:01        4.20e-02        2.00e+00
       31834246        70.51049        28.01171            4.98        14:19:24        4.20e-02        2.00e+00
       31835449        70.60755        29.01182            4.99        14:17:26        4.20e-02        2.00e+00
       31836730        70.63152        30.01183            4.98        14:18:13        4.20e-02        2.00e+00
       31838026        70.62410        31.01230            4.97        14:19:37        4.20e-02        2.00e+00
       31839319        70.62914        32.01285            4.97        14:20:42        4.20e-02        2.00e+00
DEBUG @ t=31840000: current_coupling=0.042, last=0.042
       31840622        70.64208        33.01292            4.96        14:21:49        4.20e-02        2.00e+00
       31842008        70.65416        34.01323            4.94        14:24:34        4.20e-02        2.00e+00
       31843177        70.64126        35.01333            4.95        14:23:06        4.20e-02        2.00e+00
       31844437        70.62357        36.01355            4.94        14:23:31        4.20e-02        2.00e+00
       31845710        70.61330        37.01360            4.94        14:24:05        4.20e-02        2.00e+00
       31847086        70.62700        38.01375            4.92        14:26:12        4.20e-02        2.00e+00
       31848310        70.62047        39.01450            4.93        14:25:42        4.20e-02        2.00e+00
       31849566        70.62021        40.01498            4.92        14:25:42        4.20e-02        2.00e+00
DEBUG @ t=31850000: current_coupling=0.042, last=0.042
       31850802        70.62115        41.01562            4.92        14:25:19        4.20e-02        2.00e+00
       31852095        70.64071        42.01632            4.92        14:25:40        4.20e-02        2.00e+00
       31853299        70.65474        43.01673            4.92        14:24:37        4.20e-02        2.00e+00
       31854549        70.68440        44.01745            4.93        14:24:06        4.20e-02        2.00e+00
       31855758        70.67074        45.01831            4.93        14:23:29        4.20e-02        2.00e+00
       31856916        70.65461        46.01884            4.93        14:22:09        4.20e-02        2.00e+00
       31858260        70.63903        47.01959            4.92        14:23:37        4.20e-02        2.00e+00
       31859497        70.63464        48.01981            4.92        14:23:20        4.20e-02        2.00e+00
DEBUG @ t=31860000: current_coupling=0.042, last=0.042
       31860726        70.64253        49.02004            4.93        14:22:48        4.20e-02        2.00e+00
       31861948        70.66101        50.02086            4.93        14:22:02        4.20e-02        2.00e+00
       31863160        70.65904        51.02120            4.93        14:21:23        4.20e-02        2.00e+00
       31864392        70.65037        52.02159            4.93        14:21:06        4.20e-02        2.00e+00
       31865570        70.64316        53.02170            4.93        14:20:07        4.20e-02        2.00e+00
       31866760        70.65100        54.02205            4.94        14:19:07        4.20e-02        2.00e+00
       31867896        70.65217        55.02278            4.95        14:17:32        4.20e-02        2.00e+00
       31869045        70.65727        56.02309            4.95        14:16:07        4.20e-02        2.00e+00
DEBUG @ t=31870000: current_coupling=0.042, last=0.042
       31870152        70.65616        57.02333            4.96        14:14:18        4.20e-02        2.00e+00
       31871328        70.65690        58.02359            4.96        14:13:21        4.20e-02        2.00e+00
       31872578        70.67000        59.02436            4.96        14:13:07        4.20e-02        2.00e+00
       31873860        70.66262        60.02495            4.96        14:13:31        4.20e-02        2.00e+00
       31875002        70.68097        61.02556            4.97        14:11:59        4.20e-02        2.00e+00
       31876118        70.70969        62.02614            4.98        14:10:04        4.20e-02        2.00e+00
       31877302        70.71538        63.02622            4.98        14:09:14        4.20e-02        2.00e+00
       31878556        70.72316        64.02672            4.98        14:09:08        4.20e-02        2.00e+00
       31879680        70.72656        65.02730            4.99        14:07:42        4.20e-02        2.00e+00
DEBUG @ t=31880000: current_coupling=0.042, last=0.042
       31880939        70.73377        66.02771            4.98        14:07:40        4.20e-02        2.00e+00
       31882056        70.72348        67.02794            4.99        14:06:23        4.20e-02        2.00e+00
       31883219        70.72220        68.02865            4.99        14:05:28        4.20e-02        2.00e+00
       31884488        70.72664        69.02937            4.99        14:05:34        4.20e-02        2.00e+00
       31885781        70.71844        70.02942            4.99        14:06:04        4.20e-02        2.00e+00
       31886981        70.71352        71.02964            4.99        14:05:35        4.20e-02        2.00e+00
       31888103        70.70467        72.03034            4.99        14:04:24        4.20e-02        2.00e+00
       31889232        70.68997        73.03057            5.00        14:03:24        4.20e-02        2.00e+00
DEBUG @ t=31890000: current_coupling=0.042, last=0.042
       31890491        70.67670        74.03086            4.99        14:03:36        4.20e-02        2.00e+00
       31891716        70.66753        75.03145            4.99        14:03:27        4.20e-02        2.00e+00
       31892877        70.65933        76.03163            5.00        14:02:41        4.20e-02        2.00e+00
       31894143        70.66767        77.03239            4.99        14:02:41        4.20e-02        2.00e+00
       31895243        70.65452        78.03318            5.00        14:01:28        4.20e-02        2.00e+00
       31896405        70.64239        79.03388            5.00        14:00:48        4.20e-02        2.00e+00
       31897523        70.62659        80.03403            5.01        13:59:49        4.20e-02        2.00e+00
       31898682        70.61271        81.03481            5.01        13:59:11        4.20e-02        2.00e+00
       31899768        70.59969        82.03510            5.01        13:57:56        4.20e-02        2.00e+00
DEBUG @ t=31900000: current_coupling=0.042, last=0.042
[HDF5 Writer DEBUG] timestep=31900000, current_time_ps=82.255, last_output_time=82.24758317505818, write_count=7883
       31901033        70.61268        83.03569            5.01        13:57:54        4.20e-02        2.00e+00
       31902373        70.61518        84.03597            5.01        13:58:35        4.20e-02        2.00e+00
       31903666        70.61725        85.03664            5.00        13:58:52        4.20e-02        2.00e+00
       31904819        70.61337        86.03735            5.01        13:58:05        4.20e-02        2.00e+00
       31905992        70.60922        87.03782            5.01        13:57:29        4.20e-02        2.00e+00
       31907168        70.61488        88.03826            5.01        13:56:48        4.20e-02        2.00e+00
       31908375        70.61355        89.03857            5.01        13:56:26        4.20e-02        2.00e+00
       31909542        70.60535        90.03891            5.01        13:55:52        4.20e-02        2.00e+00
DEBUG @ t=31910000: current_coupling=0.042, last=0.042
       31910754        70.60088        91.03957            5.01        13:55:35        4.20e-02        2.00e+00
       31911892        70.58869        92.04011            5.02        13:54:51        4.20e-02        2.00e+00
       31912930        70.57862        93.04061            5.02        13:53:22        4.20e-02        2.00e+00
       31914015        70.56661        94.04145            5.03        13:52:16        4.20e-02        2.00e+00
       31915074        70.55624        95.04214            5.03        13:50:59        4.20e-02        2.00e+00
       31916163        70.54721        96.04265            5.04        13:49:56        4.20e-02        2.00e+00
       31917439        70.53965        97.04327            5.04        13:50:12        4.20e-02        2.00e+00
       31918601        70.53173        98.04357            5.04        13:49:40        4.20e-02        2.00e+00
       31919639        70.52029        99.04415            5.04        13:48:19        4.20e-02        2.00e+00
DEBUG @ t=31920000: current_coupling=0.042, last=0.042
       31920723        70.51099       100.04503            5.05        13:47:17        4.20e-02        2.00e+00
       31921910        70.50763       101.04581            5.05        13:46:54        4.20e-02        2.00e+00
       31923017        70.50909       102.04620            5.05        13:45:55        4.20e-02        2.00e+00
       31924231        70.50764       103.04641            5.05        13:45:42        4.20e-02        2.00e+00
       31925376        70.50150       104.04679            5.05        13:45:05        4.20e-02        2.00e+00
       31926455        70.49299       105.04727            5.06        13:44:05        4.20e-02        2.00e+00
       31927692        70.48688       106.04774            5.06        13:44:05        4.20e-02        2.00e+00
       31928897        70.47844       107.04844            5.06        13:43:53        4.20e-02        2.00e+00
DEBUG @ t=31930000: current_coupling=0.042, last=0.042
       31930133        70.47526       108.04917            5.05        13:43:50        4.20e-02        2.00e+00
       31931297        70.46684       109.04936            5.06        13:43:24        4.20e-02        2.00e+00
       31932435        70.46511       110.04951            5.06        13:42:43        4.20e-02        2.00e+00
       31933735        70.46009       111.05008            5.05        13:43:05        4.20e-02        2.00e+00
       31934875        70.45076       112.05009            5.06        13:42:31        4.20e-02        2.00e+00
       31936045        70.44277       113.05029            5.06        13:42:07        4.20e-02        2.00e+00
       31937279        70.44132       114.05094            5.06        13:42:01        4.20e-02        2.00e+00
       31938578        70.45075       115.05150            5.05        13:42:11        4.20e-02        2.00e+00
       31939780        70.45280       116.05192            5.05        13:41:52        4.20e-02        2.00e+00
DEBUG @ t=31940000: current_coupling=0.042, last=0.042
       31940869        70.44851       117.05196            5.06        13:40:57        4.20e-02        2.00e+00
       31942013        70.44236       118.05227            5.06        13:40:23        4.20e-02        2.00e+00
       31943185        70.44573       119.05271            5.06        13:39:53        4.20e-02        2.00e+00
       31944451        70.45674       120.05281            5.06        13:39:50        4.20e-02        2.00e+00
       31945656        70.47195       121.05307            5.06        13:39:22        4.20e-02        2.00e+00
       31946855        70.47581       122.05351            5.06        13:39:01        4.20e-02        2.00e+00
       31948111        70.48400       123.05371            5.06        13:38:56        4.20e-02        2.00e+00
       31949283        70.48038       124.05415            5.06        13:38:30        4.20e-02        2.00e+00
DEBUG @ t=31950000: current_coupling=0.042, last=0.042
       31950480        70.48161       125.05431            5.06        13:38:10        4.20e-02        2.00e+00
       31951735        70.49730       126.05446            5.06        13:37:59        4.20e-02        2.00e+00
       31952987        70.49993       127.05526            5.06        13:37:55        4.20e-02        2.00e+00
       31954207        70.49739       128.05557            5.06        13:37:45        4.20e-02        2.00e+00
       31955439        70.49154       129.05583            5.06        13:37:40        4.20e-02        2.00e+00
       31956687        70.49143       130.05596            5.05        13:37:37        4.20e-02        2.00e+00
       31957939        70.48932       131.05652            5.05        13:37:35        4.20e-02        2.00e+00
       31959178        70.48511       132.05715            5.05        13:37:31        4.20e-02        2.00e+00
DEBUG @ t=31960000: current_coupling=0.042, last=0.042
       31960380        70.48046       133.05753            5.05        13:37:16        4.20e-02        2.00e+00
       31961612        70.47509       134.05821            5.05        13:37:11        4.20e-02        2.00e+00
       31962807        70.47546       135.05906            5.05        13:36:50        4.20e-02        2.00e+00
       31964035        70.47160       136.05932            5.05        13:36:42        4.20e-02        2.00e+00
       31965283        70.46985       137.06007            5.05        13:36:38        4.20e-02        2.00e+00
       31966434        70.46683       138.06039            5.05        13:36:07        4.20e-02        2.00e+00
       31967669        70.48053       139.06050            5.05        13:35:49        4.20e-02        2.00e+00
       31968893        70.48466       140.06113            5.05        13:35:34        4.20e-02        2.00e+00
DEBUG @ t=31970000: current_coupling=0.042, last=0.042
       31970059        70.48174       141.06200            5.05        13:35:07        4.20e-02        2.00e+00
       31971186        70.48010       142.06216            5.05        13:34:29        4.20e-02        2.00e+00
       31972331        70.47720       143.06224            5.05        13:33:56        4.20e-02        2.00e+00
       31973547        70.47518       144.06296            5.05        13:33:44        4.20e-02        2.00e+00
       31974795        70.47608       145.06364            5.05        13:33:38        4.20e-02        2.00e+00
       31976001        70.47668       146.06431            5.05        13:33:20        4.20e-02        2.00e+00
       31977140        70.47520       147.06474            5.05        13:32:46        4.20e-02        2.00e+00
       31978377        70.47541       148.06542            5.05        13:32:37        4.20e-02        2.00e+00
       31979526        70.47318       149.06575            5.06        13:32:06        4.20e-02        2.00e+00
DEBUG @ t=31980000: current_coupling=0.042, last=0.042
       31980714        70.47300       150.06577            5.06        13:31:45        4.20e-02        2.00e+00
       31982006        70.47633       151.06642            5.05        13:31:49        4.20e-02        2.00e+00
       31983355        70.48478       152.06691            5.05        13:32:04        4.20e-02        2.00e+00
       31984620        70.48294       153.06720            5.05        13:32:04        4.20e-02        2.00e+00
       31985857        70.48049       154.06771            5.05        13:31:56        4.20e-02        2.00e+00
       31987166        70.47771       155.06785            5.04        13:32:07        4.20e-02        2.00e+00
       31988396        70.47394       156.06818            5.04        13:31:59        4.20e-02        2.00e+00
       31989713        70.47040       157.06838            5.04        13:32:12        4.20e-02        2.00e+00
DEBUG @ t=31990000: current_coupling=0.042, last=0.042
       31991043        70.47459       158.06861            5.04        13:32:23        4.20e-02        2.00e+00
       31992273        70.47992       159.06891            5.04        13:32:08        4.20e-02        2.00e+00
       31993446        70.48743       160.06923            5.04        13:31:36        4.20e-02        2.00e+00
       31994671        70.48965       161.06973            5.04        13:31:21        4.20e-02        2.00e+00
       31995987        70.49816       162.07010            5.04        13:31:25        4.20e-02        2.00e+00
       31997250        70.49746       163.07087            5.03        13:31:21        4.20e-02        2.00e+00
       31998445        70.50085       164.07108            5.04        13:30:58        4.20e-02        2.00e+00
       31999578        70.50501       165.07199            5.04        13:30:19        4.20e-02        2.00e+00
DEBUG @ t=32000000: current_coupling=0.042, last=0.042
[HDF5 Writer DEBUG] timestep=32000000, current_time_ps=165.463, last_output_time=165.4537352569658, write_count=15864
       32000712        70.50412       166.07252            5.04        13:29:44        4.20e-02        2.00e+00
       32001871        70.49936       167.07269            5.04        13:29:18        4.20e-02        2.00e+00
       32003097        70.49391       168.07292            5.04        13:29:09        4.20e-02        2.00e+00
       32004308        70.49040       169.07324            5.04        13:28:55        4.20e-02        2.00e+00
       32005512        70.48618       170.07366            5.04        13:28:39        4.20e-02        2.00e+00
       32006724        70.48395       171.07420            5.04        13:28:24        4.20e-02        2.00e+00
       32007823        70.48176       172.07499            5.04        13:27:43        4.20e-02        2.00e+00
       32008973        70.48305       173.07569            5.04        13:27:11        4.20e-02        2.00e+00
DEBUG @ t=32010000: current_coupling=0.042, last=0.042
       32010127        70.48165       174.07618            5.04        13:26:43        4.20e-02        2.00e+00
       32011308        70.47980       175.07626            5.04        13:26:21        4.20e-02        2.00e+00
       32012466        70.47727       176.07659            5.05        13:25:54        4.20e-02        2.00e+00
       32013631        70.47658       177.07711            5.05        13:25:28        4.20e-02        2.00e+00
       32014724        70.47773       178.07759            5.05        13:24:44        4.20e-02        2.00e+00
       32015886        70.47577       179.07840            5.05        13:24:18        4.20e-02        2.00e+00
       32017140        70.48234       180.07894            5.05        13:24:07        4.20e-02        2.00e+00
       32018311        70.49683       181.07907            5.05        13:23:33        4.20e-02        2.00e+00
       32019495        70.50215       182.07961            5.05        13:23:07        4.20e-02        2.00e+00
DEBUG @ t=32020000: current_coupling=0.042, last=0.042
       32020695        70.50180       183.07973            5.05        13:22:49        4.20e-02        2.00e+00
       32021921        70.49683       184.08013            5.05        13:22:40        4.20e-02        2.00e+00
       32023095        70.49276       185.08027            5.05        13:22:18        4.20e-02        2.00e+00
       32024217        70.48695       186.08037            5.05        13:21:47        4.20e-02        2.00e+00
       32025426        70.48098       187.08077            5.05        13:21:35        4.20e-02        2.00e+00
       32026651        70.48371       188.08148            5.05        13:21:20        4.20e-02        2.00e+00
       32027761        70.48828       189.08175            5.06        13:20:40        4.20e-02        2.00e+00
       32028887        70.48846       190.08261            5.06        13:20:06        4.20e-02        2.00e+00
       32029962        70.48841       191.08286            5.06        13:19:22        4.20e-02        2.00e+00
DEBUG @ t=32030000: current_coupling=0.042, last=0.042
       32031081        70.48539       192.08296            5.06        13:18:49        4.20e-02        2.00e+00
       32032274        70.48465       193.08305            5.06        13:18:30        4.20e-02        2.00e+00
       32033435        70.48250       194.08336            5.06        13:18:06        4.20e-02        2.00e+00
       32034650        70.48820       195.08340            5.06        13:17:48        4.20e-02        2.00e+00
       32035826        70.49679       196.08364            5.06        13:17:19        4.20e-02        2.00e+00
       32036943        70.49539       197.08416            5.07        13:16:46        4.20e-02        2.00e+00
       32037978        70.49291       198.08450            5.07        13:15:57        4.20e-02        2.00e+00
       32039141        70.48716       199.08545            5.07        13:15:35        4.20e-02        2.00e+00
DEBUG @ t=32040000: current_coupling=0.042, last=0.042
SWITCH DETECTED at timestep 32040100: t = 200.000320 ps
  Forcing immediate timestep adjustment for shock dampening
Added F(k,t) reference 1 at t = 200.001 ps
       32040198        70.48281       200.08629            5.07        13:14:53        4.20e-02        2.00e+00
       32041326        70.47911       201.08647            5.07        13:14:24        4.20e-02        2.00e+00
       32042408        70.47927       202.08687            5.08        13:13:43        4.20e-02        2.00e+00
       32043534        70.47884       203.08741            5.08        13:13:12        4.20e-02        2.00e+00
       32044753        70.48157       204.08796            5.08        13:12:57        4.20e-02        2.00e+00
       32045971        70.49343       205.08813            5.08        13:12:35        4.20e-02        2.00e+00
       32047099        70.49162       206.08889            5.08        13:12:06        4.20e-02        2.00e+00
       32048256        70.48938       207.08967            5.08        13:11:42        4.20e-02        2.00e+00
       32049453        70.49529       208.09050            5.08        13:11:20        4.20e-02        2.00e+00
DEBUG @ t=32050000: current_coupling=0.042, last=0.042
       32050646        70.50025       209.09114            5.08        13:10:59        4.20e-02        2.00e+00
       32051844        70.49815       210.09152            5.08        13:10:43        4.20e-02        2.00e+00
       32053020        70.49747       211.09235            5.08        13:10:22        4.20e-02        2.00e+00
       32054213        70.49529       212.09325            5.08        13:10:05        4.20e-02        2.00e+00
       32055293        70.49434       213.09339            5.08        13:09:27        4.20e-02        2.00e+00
       32056362        70.49811       214.09414            5.09        13:08:43        4.20e-02        2.00e+00
       32057548        70.49839       215.09442            5.09        13:08:24        4.20e-02        2.00e+00
       32058817        70.50097       216.09466            5.09        13:08:18        4.20e-02        2.00e+00
DEBUG @ t=32060000: current_coupling=0.042, last=0.042
       32060030        70.50094       217.09524            5.09        13:08:04        4.20e-02        2.00e+00
       32061046        70.50284       218.09582            5.09        13:07:12        4.20e-02        2.00e+00
       32062042        70.50455       219.09619            5.09        13:06:18        4.20e-02        2.00e+00
       32063267        70.51957       220.09703            5.09        13:05:56        4.20e-02        2.00e+00
       32064350        70.52166       221.09726            5.10        13:05:17        4.20e-02        2.00e+00
       32065450        70.52323       222.09764            5.10        13:04:42        4.20e-02        2.00e+00
       32066651        70.52084       223.09782            5.10        13:04:28        4.20e-02        2.00e+00
       32067887        70.52166       224.09809            5.10        13:04:17        4.20e-02        2.00e+00
       32068959        70.52681       225.09896            5.10        13:03:35        4.20e-02        2.00e+00
DEBUG @ t=32070000: current_coupling=0.042, last=0.042
       32070117        70.54069       226.09935            5.10        13:03:02        4.20e-02        2.00e+00
       32071331        70.54247       227.10012            5.10        13:02:48        4.20e-02        2.00e+00
       32072437        70.54000       228.10097            5.10        13:02:17        4.20e-02        2.00e+00
       32073627        70.53807       229.10104            5.10        13:02:00        4.20e-02        2.00e+00
       32074814        70.53704       230.10149            5.10        13:01:43        4.20e-02        2.00e+00
       32075917        70.53729       231.10186            5.10        13:01:10        4.20e-02        2.00e+00
       32077132        70.54038       232.10271            5.10        13:00:54        4.20e-02        2.00e+00
       32078211        70.53966       233.10305            5.11        13:00:18        4.20e-02        2.00e+00
       32079421        70.53946       234.10351            5.11        13:00:04        4.20e-02        2.00e+00
DEBUG @ t=32080000: current_coupling=0.042, last=0.042
       32080665        70.53849       235.10413            5.10        12:59:56        4.20e-02        2.00e+00
       32081835        70.54506       236.10480            5.11        12:59:31        4.20e-02        2.00e+00
       32083035        70.54792       237.10543            5.11        12:59:13        4.20e-02        2.00e+00
       32084307        70.54734       238.10561            5.10        12:59:09        4.20e-02        2.00e+00
       32085483        70.54298       239.10616            5.10        12:58:52        4.20e-02        2.00e+00
       32086687        70.54263       240.10677            5.10        12:58:37        4.20e-02        2.00e+00
       32087850        70.54471       241.10728            5.10        12:58:13        4.20e-02        2.00e+00
       32089038        70.54482       242.10801            5.11        12:57:55        4.20e-02        2.00e+00
DEBUG @ t=32090000: current_coupling=0.042, last=0.042
       32090316        70.54322       243.10856            5.10        12:57:53        4.20e-02        2.00e+00
       32091482        70.54250       244.10945            5.10        12:57:32        4.20e-02        2.00e+00
       32092575        70.54411       245.10959            5.11        12:56:58        4.20e-02        2.00e+00
       32093699        70.54285       246.11013            5.11        12:56:30        4.20e-02        2.00e+00
       32094809        70.54131       247.11069            5.11        12:56:01        4.20e-02        2.00e+00
       32095929        70.54085       248.11101            5.11        12:55:33        4.20e-02        2.00e+00
       32097088        70.53704       249.11159            5.11        12:55:13        4.20e-02        2.00e+00
       32098267        70.53305       250.11195            5.11        12:54:57        4.20e-02        2.00e+00
       32099458        70.53041       251.11245            5.11        12:54:41        4.20e-02        2.00e+00
DEBUG @ t=32100000: current_coupling=0.042, last=0.042
[HDF5 Writer DEBUG] timestep=32100000, current_time_ps=251.554, last_output_time=251.54701859646974, write_count=24147
       32100621        70.52579       252.11328            5.11        12:54:23        4.20e-02        2.00e+00
       32101761        70.52208       253.11356            5.11        12:54:00        4.20e-02        2.00e+00
       32102936        70.51800       254.11416            5.11        12:53:43        4.20e-02        2.00e+00
       32104115        70.51606       255.11480            5.11        12:53:25        4.20e-02        2.00e+00
       32105309        70.51357       256.11545            5.11        12:53:10        4.20e-02        2.00e+00
       32106522        70.51126       257.11563            5.11        12:52:58        4.20e-02        2.00e+00
       32107614        70.50994       258.11566            5.11        12:52:27        4.20e-02        2.00e+00
       32108826        70.50742       259.11631            5.11        12:52:14        4.20e-02        2.00e+00
DEBUG @ t=32110000: current_coupling=0.042, last=0.042
       32110081        70.50341       260.11675            5.11        12:52:09        4.20e-02        2.00e+00
       32111134        70.50093       261.11739            5.11        12:51:33        4.20e-02        2.00e+00
       32112211        70.49844       262.11740            5.11        12:51:01        4.20e-02        2.00e+00
       32113352        70.49730       263.11759            5.11        12:50:37        4.20e-02        2.00e+00
       32114403        70.49882       264.11759            5.12        12:49:59        4.20e-02        2.00e+00
       32115476        70.49937       265.11844            5.12        12:49:24        4.20e-02        2.00e+00
       32116573        70.49790       266.11884            5.12        12:48:55        4.20e-02        2.00e+00
       32117753        70.49554       267.11915            5.12        12:48:38        4.20e-02        2.00e+00
       32118870        70.49511       268.11974            5.12        12:48:11        4.20e-02        2.00e+00
DEBUG @ t=32120000: current_coupling=0.042, last=0.042
       32120021        70.49273       269.12056            5.12        12:47:50        4.20e-02        2.00e+00
       32121287        70.49410       270.12088            5.12        12:47:43        4.20e-02        2.00e+00
       32122421        70.49415       271.12158            5.12        12:47:18        4.20e-02        2.00e+00
       32123567        70.49208       272.12196            5.12        12:46:56        4.20e-02        2.00e+00
       32124752        70.49202       273.12234            5.12        12:46:39        4.20e-02        2.00e+00
       32125981        70.48885       274.12312            5.12        12:46:29        4.20e-02        2.00e+00
       32127050        70.48492       275.12338            5.12        12:45:58        4.20e-02        2.00e+00
       32128152        70.48192       276.12385            5.12        12:45:31        4.20e-02        2.00e+00
       32129417        70.48016       277.12406            5.12        12:45:26        4.20e-02        2.00e+00
DEBUG @ t=32130000: current_coupling=0.042, last=0.042
       32130577        70.47844       278.12439            5.12        12:45:06        4.20e-02        2.00e+00
       32131725        70.47584       279.12454            5.12        12:44:45        4.20e-02        2.00e+00
       32132840        70.47545       280.12454            5.12        12:44:19        4.20e-02        2.00e+00
       32133967        70.47300       281.12536            5.13        12:43:55        4.20e-02        2.00e+00
       32135144        70.46969       282.12570            5.13        12:43:38        4.20e-02        2.00e+00
       32136339        70.46728       283.12619            5.12        12:43:24        4.20e-02        2.00e+00
       32137422        70.46370       284.12692            5.13        12:42:55        4.20e-02        2.00e+00
       32138527        70.46011       285.12707            5.13        12:42:29        4.20e-02        2.00e+00
       32139602        70.45682       286.12724            5.13        12:42:00        4.20e-02        2.00e+00
DEBUG @ t=32140000: current_coupling=0.042, last=0.042
       32140720        70.45617       287.12743            5.13        12:41:34        4.20e-02        2.00e+00
       32141820        70.45475       288.12823            5.13        12:41:06        4.20e-02        2.00e+00
       32142832        70.45292       289.12918            5.13        12:40:27        4.20e-02        2.00e+00
       32143877        70.44960       290.13011            5.14        12:39:54        4.20e-02        2.00e+00
       32144886        70.44628       291.13024            5.14        12:39:16        4.20e-02        2.00e+00
       32145889        70.44401       292.13118            5.14        12:38:36        4.20e-02        2.00e+00
       32146922        70.44201       293.13174            5.14        12:38:01        4.20e-02        2.00e+00
       32148119        70.44115       294.13175            5.14        12:37:46        4.20e-02        2.00e+00
       32149282        70.44291       295.13194            5.14        12:37:26        4.20e-02        2.00e+00
DEBUG @ t=32150000: current_coupling=0.042, last=0.042
       32150497        70.44609       296.13221            5.14        12:37:11        4.20e-02        2.00e+00
       32151628        70.44687       297.13245            5.14        12:36:47        4.20e-02        2.00e+00
       32152816        70.44939       298.13275            5.14        12:36:29        4.20e-02        2.00e+00
       32153920        70.45193       299.13285            5.14        12:36:00        4.20e-02        2.00e+00
       32155138        70.45317       300.13307            5.14        12:35:47        4.20e-02        2.00e+00
       32156257        70.45642       301.13335            5.15        12:35:20        4.20e-02        2.00e+00
       32157408        70.46656       302.13342            5.15        12:34:52        4.20e-02        2.00e+00
       32158603        70.46893       303.13417            5.15        12:34:36        4.20e-02        2.00e+00
       32159716        70.46965       304.13434            5.15        12:34:09        4.20e-02        2.00e+00
DEBUG @ t=32160000: current_coupling=0.042, last=0.042
       32160922        70.47620       305.13443            5.15        12:33:51        4.20e-02        2.00e+00
       32161996        70.47686       306.13454            5.15        12:33:21        4.20e-02        2.00e+00
       32163064        70.47694       307.13463            5.15        12:32:49        4.20e-02        2.00e+00
       32164051        70.47909       308.13492            5.15        12:32:07        4.20e-02        2.00e+00
       32165027        70.48075       309.13519            5.16        12:31:24        4.20e-02        2.00e+00
       32166170        70.48158       310.13584            5.16        12:31:02        4.20e-02        2.00e+00
       32167337        70.48061       311.13644            5.16        12:30:44        4.20e-02        2.00e+00
       32168290        70.47996       312.13657            5.16        12:30:00        4.20e-02        2.00e+00
       32169395        70.48077       313.13689            5.16        12:29:33        4.20e-02        2.00e+00
DEBUG @ t=32170000: current_coupling=0.042, last=0.042
       32170372        70.47970       314.13708            5.16        12:28:53        4.20e-02        2.00e+00
       32171531        70.48288       315.13767            5.17        12:28:31        4.20e-02        2.00e+00
       32172653        70.48362       316.13777            5.17        12:28:07        4.20e-02        2.00e+00
       32173705        70.48246       317.13835            5.17        12:27:36        4.20e-02        2.00e+00
       32174694        70.48112       318.13937            5.17        12:26:57        4.20e-02        2.00e+00
       32175790        70.48004       319.13979            5.17        12:26:31        4.20e-02        2.00e+00
       32176962        70.47899       320.13988            5.17        12:26:15        4.20e-02        2.00e+00
       32178013        70.47727       321.14046            5.17        12:25:44        4.20e-02        2.00e+00
       32179058        70.47565       322.14131            5.17        12:25:13        4.20e-02        2.00e+00
DEBUG @ t=32180000: current_coupling=0.042, last=0.042
       32180229        70.47404       323.14160            5.17        12:24:56        4.20e-02        2.00e+00
       32181327        70.47598       324.14224            5.18        12:24:29        4.20e-02        2.00e+00
       32182420        70.48037       325.14251            5.18        12:24:00        4.20e-02        2.00e+00
       32183539        70.48122       326.14268            5.18        12:23:36        4.20e-02        2.00e+00
       32184628        70.48083       327.14307            5.18        12:23:09        4.20e-02        2.00e+00
       32185696        70.48092       328.14390            5.18        12:22:40        4.20e-02        2.00e+00
       32186739        70.47958       329.14394            5.18        12:22:09        4.20e-02        2.00e+00
       32187829        70.47773       330.14473            5.18        12:21:43        4.20e-02        2.00e+00
       32188930        70.47866       331.14483            5.18        12:21:18        4.20e-02        2.00e+00
DEBUG @ t=32190000: current_coupling=0.042, last=0.042
       32190102        70.47943       332.14544            5.18        12:21:00        4.20e-02        2.00e+00
       32191202        70.47748       333.14562            5.19        12:20:36        4.20e-02        2.00e+00
       32192298        70.47685       334.14574            5.19        12:20:11        4.20e-02        2.00e+00
       32193469        70.47766       335.14621            5.19        12:19:53        4.20e-02        2.00e+00
       32194590        70.47917       336.14661            5.19        12:19:30        4.20e-02        2.00e+00
       32195766        70.48067       337.14671            5.19        12:19:12        4.20e-02        2.00e+00
       32196887        70.47979       338.14706            5.19        12:18:50        4.20e-02        2.00e+00
       32198030        70.47937       339.14757            5.19        12:18:30        4.20e-02        2.00e+00
       32199110        70.47871       340.14782            5.19        12:18:04        4.20e-02        2.00e+00
DEBUG @ t=32200000: current_coupling=0.042, last=0.042
[HDF5 Writer DEBUG] timestep=32200000, current_time_ps=340.928, last_output_time=340.92033790747837, write_count=32721
       32200242        70.48054       341.14848            5.19        12:17:41        4.20e-02        2.00e+00
       32201299        70.48382       342.14934            5.19        12:17:10        4.20e-02        2.00e+00
       32202304        70.48349       343.15006            5.19        12:16:35        4.20e-02        2.00e+00
       32203373        70.48487       344.15074            5.20        12:16:06        4.20e-02        2.00e+00
       32204467        70.48440       345.15111            5.20        12:15:41        4.20e-02        2.00e+00
       32205462        70.48615       346.15141            5.20        12:15:04        4.20e-02        2.00e+00
       32206496        70.48686       347.15233            5.20        12:14:32        4.20e-02        2.00e+00
       32207516        70.48989       348.15297            5.20        12:13:57        4.20e-02        2.00e+00
       32208563        70.48898       349.15313            5.20        12:13:27        4.20e-02        2.00e+00
       32209678        70.48784       350.15387            5.20        12:13:05        4.20e-02        2.00e+00
DEBUG @ t=32210000: current_coupling=0.042, last=0.042
       32210783        70.48643       351.15430            5.21        12:12:43        4.20e-02        2.00e+00
       32211822        70.48483       352.15500            5.21        12:12:13        4.20e-02        2.00e+00
       32212903        70.48457       353.15575            5.21        12:11:47        4.20e-02        2.00e+00
       32213933        70.48391       354.15579            5.21        12:11:16        4.20e-02        2.00e+00
       32214966        70.48180       355.15659            5.21        12:10:46        4.20e-02        2.00e+00
       32216003        70.48109       356.15661            5.21        12:10:16        4.20e-02        2.00e+00
       32217104        70.48090       357.15692            5.21        12:09:53        4.20e-02        2.00e+00
       32218143        70.48028       358.15704            5.22        12:09:23        4.20e-02        2.00e+00
       32219088        70.47897       359.15728            5.22        12:08:44        4.20e-02        2.00e+00
DEBUG @ t=32220000: current_coupling=0.042, last=0.042
       32220097        70.47954       360.15795            5.22        12:08:11        4.20e-02        2.00e+00
       32221192        70.48141       361.15849            5.22        12:07:46        4.20e-02        2.00e+00
       32222257        70.48163       362.15904            5.22        12:07:18        4.20e-02        2.00e+00
       32223269        70.48444       363.15995            5.22        12:06:44        4.20e-02        2.00e+00
       32224231        70.48282       364.16046            5.23        12:06:08        4.20e-02        2.00e+00
       32225298        70.48162       365.16050            5.23        12:05:42        4.20e-02        2.00e+00
       32226365        70.48030       366.16097            5.23        12:05:16        4.20e-02        2.00e+00
       32227394        70.47858       367.16104            5.23        12:04:47        4.20e-02        2.00e+00
       32228384        70.47928       368.16167            5.23        12:04:12        4.20e-02        2.00e+00
       32229393        70.47764       369.16258            5.23        12:03:41        4.20e-02        2.00e+00
DEBUG @ t=32230000: current_coupling=0.042, last=0.042
       32230346        70.48286       370.16313            5.24        12:03:00        4.20e-02        2.00e+00
       32231393        70.48311       371.16367            5.24        12:02:32        4.20e-02        2.00e+00
       32232377        70.48139       372.16417            5.24        12:01:58        4.20e-02        2.00e+00
       32233391        70.48072       373.16511            5.24        12:01:27        4.20e-02        2.00e+00
       32234350        70.47970       374.16539            5.25        12:00:51        4.20e-02        2.00e+00
       32235404        70.47972       375.16564            5.25        12:00:24        4.20e-02        2.00e+00
       32236436        70.47815       376.16578            5.25        11:59:56        4.20e-02        2.00e+00
       32237544        70.47913       377.16592            5.25        11:59:34        4.20e-02        2.00e+00
       32238607        70.47875       378.16594            5.25        11:59:08        4.20e-02        2.00e+00
       32239629        70.47707       379.16653            5.25        11:58:39        4.20e-02        2.00e+00
DEBUG @ t=32240000: current_coupling=0.042, last=0.042
       32240690        70.47543       380.16672            5.25        11:58:14        4.20e-02        2.00e+00
       32241833        70.47502       381.16674            5.25        11:57:56        4.20e-02        2.00e+00
       32242981        70.47498       382.16714            5.25        11:57:38        4.20e-02        2.00e+00
       32244114        70.47507       383.16761            5.25        11:57:19        4.20e-02        2.00e+00
       32245306        70.47674       384.16765            5.25        11:57:05        4.20e-02        2.00e+00
       32246412        70.47741       385.16825            5.25        11:56:43        4.20e-02        2.00e+00
       32247456        70.47623       386.16833            5.25        11:56:16        4.20e-02        2.00e+00
       32248471        70.47720       387.16893            5.26        11:55:45        4.20e-02        2.00e+00
       32249518        70.47644       388.16990            5.26        11:55:18        4.20e-02        2.00e+00
DEBUG @ t=32250000: current_coupling=0.042, last=0.042
       32250563        70.47831       389.17054            5.26        11:54:50        4.20e-02        2.00e+00
       32251640        70.48105       390.17071            5.26        11:54:24        4.20e-02        2.00e+00
       32252664        70.48297       391.17159            5.26        11:53:54        4.20e-02        2.00e+00
       32253727        70.48379       392.17177            5.26        11:53:28        4.20e-02        2.00e+00
       32254743        70.48377       393.17221            5.26        11:52:58        4.20e-02        2.00e+00
       32255799        70.48366       394.17226            5.27        11:52:32        4.20e-02        2.00e+00
       32256880        70.48263       395.17233            5.27        11:52:10        4.20e-02        2.00e+00
       32257960        70.48119       396.17268            5.27        11:51:47        4.20e-02        2.00e+00
       32259036        70.48057       397.17298            5.27        11:51:23        4.20e-02        2.00e+00
       32259995        70.48197       398.17371            5.27        11:50:48        4.20e-02        2.00e+00
DEBUG @ t=32260000: current_coupling=0.042, last=0.042
       32260962        70.48287       399.17419            5.27        11:50:13        4.20e-02        2.00e+00
Added F(k,t) reference 2 at t = 400.002 ps
       32261930        70.48302       400.17485            5.28        11:49:40        4.20e-02        2.00e+00
       32262964        70.48212       401.17536            5.28        11:49:13        4.20e-02        2.00e+00
       32263919        70.48137       402.17641            5.28        11:48:38        4.20e-02        2.00e+00
       32264950        70.47969       403.17703            5.28        11:48:12        4.20e-02        2.00e+00
       32265941        70.47753       404.17775            5.28        11:47:42        4.20e-02        2.00e+00
       32266901        70.47741       405.17802            5.28        11:47:08        4.20e-02        2.00e+00
       32267903        70.47547       406.17804            5.29        11:46:39        4.20e-02        2.00e+00
       32268870        70.47496       407.17831            5.29        11:46:06        4.20e-02        2.00e+00
       32269846        70.47559       408.17878            5.29        11:45:34        4.20e-02        2.00e+00
DEBUG @ t=32270000: current_coupling=0.042, last=0.042
       32270908        70.47491       409.17946            5.29        11:45:10        4.20e-02        2.00e+00
       32271979        70.47408       410.17978            5.29        11:44:47        4.20e-02        2.00e+00
       32273112        70.47365       411.18014            5.29        11:44:29        4.20e-02        2.00e+00
       32274200        70.47459       412.18031            5.29        11:44:07        4.20e-02        2.00e+00
       32275344        70.47416       413.18061            5.29        11:43:50        4.20e-02        2.00e+00
       32276417        70.47362       414.18068            5.29        11:43:27        4.20e-02        2.00e+00
       32277476        70.47223       415.18149            5.29        11:43:03        4.20e-02        2.00e+00
       32278567        70.47275       416.18153            5.29        11:42:42        4.20e-02        2.00e+00
       32279661        70.47305       417.18189            5.30        11:42:20        4.20e-02        2.00e+00
DEBUG @ t=32280000: current_coupling=0.042, last=0.042
       32280743        70.47653       418.18273            5.30        11:41:56        4.20e-02        2.00e+00
       32281708        70.47847       419.18319            5.30        11:41:22        4.20e-02        2.00e+00
       32282812        70.47793       420.18393            5.30        11:41:02        4.20e-02        2.00e+00
       32283805        70.47747       421.18499            5.30        11:40:32        4.20e-02        2.00e+00
       32284892        70.47724       422.18579            5.30        11:40:11        4.20e-02        2.00e+00
       32285988        70.47661       423.18629            5.30        11:39:50        4.20e-02        2.00e+00
       32287030        70.47582       424.18640            5.30        11:39:25        4.20e-02        2.00e+00
       32288126        70.47646       425.18640            5.30        11:39:04        4.20e-02        2.00e+00
       32289177        70.47575       426.18670            5.30        11:38:40        4.20e-02        2.00e+00
DEBUG @ t=32290000: current_coupling=0.042, last=0.042
       32290281        70.47894       427.18718            5.31        11:38:18        4.20e-02        2.00e+00
       32291426        70.47905       428.18723            5.31        11:38:01        4.20e-02        2.00e+00
       32292538        70.47977       429.18799            5.31        11:37:41        4.20e-02        2.00e+00
       32293647        70.48074       430.18869            5.31        11:37:21        4.20e-02        2.00e+00
       32294764        70.48211       431.18934            5.31        11:37:01        4.20e-02        2.00e+00
       32295938        70.48891       432.18940            5.31        11:36:43        4.20e-02        2.00e+00
       32297049        70.48907       433.18996            5.31        11:36:24        4.20e-02        2.00e+00
       32298167        70.48810       434.19065            5.31        11:36:06        4.20e-02        2.00e+00
       32299198        70.48684       435.19081            5.31        11:35:40        4.20e-02        2.00e+00
DEBUG @ t=32300000: current_coupling=0.042, last=0.042
[HDF5 Writer DEBUG] timestep=32300000, current_time_ps=435.936, last_output_time=435.9322022716356, write_count=41812
       32300281        70.48539       436.19126            5.31        11:35:19        4.20e-02        2.00e+00
       32301405        70.48392       437.19167            5.31        11:35:02        4.20e-02        2.00e+00
       32302576        70.48403       438.19235            5.31        11:34:48        4.20e-02        2.00e+00
       32303747        70.48391       439.19301            5.31        11:34:33        4.20e-02        2.00e+00
       32304863        70.48411       440.19374            5.31        11:34:14        4.20e-02        2.00e+00
       32305971        70.48582       441.19415            5.31        11:33:54        4.20e-02        2.00e+00
       32307076        70.48555       442.19458            5.31        11:33:34        4.20e-02        2.00e+00
       32308182        70.48495       443.19495            5.31        11:33:15        4.20e-02        2.00e+00
       32309205        70.48434       444.19553            5.31        11:32:49        4.20e-02        2.00e+00
DEBUG @ t=32310000: current_coupling=0.042, last=0.042
       32310343        70.48382       445.19620            5.31        11:32:32        4.20e-02        2.00e+00
       32311499        70.48599       446.19652            5.31        11:32:15        4.20e-02        2.00e+00
       32312661        70.48719       447.19726            5.31        11:32:00        4.20e-02        2.00e+00
       32313786        70.48804       448.19782            5.31        11:31:41        4.20e-02        2.00e+00
       32314878        70.48792       449.19811            5.31        11:31:20        4.20e-02        2.00e+00
       32315915        70.48712       450.19895            5.31        11:30:56        4.20e-02        2.00e+00
       32316934        70.48743       451.19939            5.32        11:30:29        4.20e-02        2.00e+00
       32317936        70.48839       452.19986            5.32        11:30:01        4.20e-02        2.00e+00
       32318978        70.48783       453.20064            5.32        11:29:36        4.20e-02        2.00e+00
DEBUG @ t=32320000: current_coupling=0.042, last=0.042
       32320042        70.48731       454.20077            5.32        11:29:14        4.20e-02        2.00e+00
       32321124        70.48893       455.20102            5.32        11:28:52        4.20e-02        2.00e+00
       32322157        70.49116       456.20145            5.32        11:28:25        4.20e-02        2.00e+00
       32323299        70.49139       457.20195            5.32        11:28:09        4.20e-02        2.00e+00
       32324332        70.49152       458.20236            5.32        11:27:44        4.20e-02        2.00e+00
       32325458        70.49290       459.20245            5.32        11:27:25        4.20e-02        2.00e+00
       32326579        70.49483       460.20253            5.32        11:27:06        4.20e-02        2.00e+00
       32327675        70.49551       461.20281            5.32        11:26:45        4.20e-02        2.00e+00
       32328808        70.49540       462.20321            5.32        11:26:28        4.20e-02        2.00e+00
       32329949        70.49444       463.20346            5.32        11:26:12        4.20e-02        2.00e+00
DEBUG @ t=32330000: current_coupling=0.042, last=0.042
       32331092        70.49419       464.20364            5.32        11:25:56        4.20e-02        2.00e+00
       32332241        70.49557       465.20397            5.32        11:25:40        4.20e-02        2.00e+00
       32333342        70.49527       466.20418            5.32        11:25:20        4.20e-02        2.00e+00
       32334473        70.49480       467.20496            5.32        11:25:03        4.20e-02        2.00e+00
       32335573        70.49405       468.20530            5.32        11:24:44        4.20e-02        2.00e+00
       32336725        70.49419       469.20617            5.32        11:24:28        4.20e-02        2.00e+00
       32337871        70.49885       470.20657            5.32        11:24:09        4.20e-02        2.00e+00
       32338885        70.49800       471.20757            5.33        11:23:44        4.20e-02        2.00e+00
       32339984        70.49804       472.20766            5.33        11:23:24        4.20e-02        2.00e+00
DEBUG @ t=32340000: current_coupling=0.042, last=0.042
       32340981        70.49763       473.20849            5.33        11:22:57        4.20e-02        2.00e+00
       32342161        70.49709       474.20895            5.33        11:22:44        4.20e-02        2.00e+00
       32343133        70.49713       475.20921            5.33        11:22:14        4.20e-02        2.00e+00
       32344239        70.49643       476.21009            5.33        11:21:56        4.20e-02        2.00e+00
       32345286        70.49661       477.21025            5.33        11:21:32        4.20e-02        2.00e+00
       32346409        70.49709       478.21062            5.33        11:21:14        4.20e-02        2.00e+00
       32347452        70.49817       479.21099            5.33        11:20:50        4.20e-02        2.00e+00
       32348523        70.50091       480.21134            5.33        11:20:27        4.20e-02        2.00e+00
       32349523        70.50192       481.21204            5.33        11:19:59        4.20e-02        2.00e+00
DEBUG @ t=32350000: current_coupling=0.042, last=0.042
       32350553        70.50160       482.21300            5.33        11:19:35        4.20e-02        2.00e+00
       32351628        70.50067       483.21376            5.34        11:19:14        4.20e-02        2.00e+00
       32352663        70.50205       484.21468            5.34        11:18:49        4.20e-02        2.00e+00
       32353655        70.50352       485.21484            5.34        11:18:21        4.20e-02        2.00e+00
       32354670        70.50575       486.21521            5.34        11:17:55        4.20e-02        2.00e+00
       32355680        70.50580       487.21554            5.34        11:17:29        4.20e-02        2.00e+00
       32356717        70.50616       488.21638            5.34        11:17:05        4.20e-02        2.00e+00
       32357703        70.50726       489.21695            5.34        11:16:37        4.20e-02        2.00e+00
       32358711        70.50661       490.21707            5.34        11:16:11        4.20e-02        2.00e+00
       32359779        70.50522       491.21746            5.35        11:15:51        4.20e-02        2.00e+00
DEBUG @ t=32360000: current_coupling=0.042, last=0.042
       32360780        70.50350       492.21757            5.35        11:15:25        4.20e-02        2.00e+00
       32361862        70.50273       493.21824            5.35        11:15:05        4.20e-02        2.00e+00
       32362840        70.50164       494.21865            5.35        11:14:38        4.20e-02        2.00e+00
       32363882        70.50181       495.21883            5.35        11:14:15        4.20e-02        2.00e+00
       32365018        70.50399       496.21953            5.35        11:13:57        4.20e-02        2.00e+00
       32366118        70.50351       497.21998            5.35        11:13:39        4.20e-02        2.00e+00
       32367159        70.50254       498.22033            5.35        11:13:16        4.20e-02        2.00e+00
       32368196        70.50226       499.22116            5.35        11:12:53        4.20e-02        2.00e+00
       32369210        70.50176       500.22167            5.35        11:12:28        4.20e-02        2.00e+00
DEBUG @ t=32370000: current_coupling=0.042, last=0.042
       32370295        70.50114       501.22203            5.35        11:12:09        4.20e-02        2.00e+00
       32371466        70.50084       502.22282            5.35        11:11:55        4.20e-02        2.00e+00
       32372597        70.50117       503.22341            5.35        11:11:38        4.20e-02        2.00e+00
       32373707        70.50076       504.22345            5.35        11:11:20        4.20e-02        2.00e+00
       32374720        70.50138       505.22435            5.35        11:10:55        4.20e-02        2.00e+00
       32375757        70.50175       506.22505            5.36        11:10:31        4.20e-02        2.00e+00
       32376810        70.50123       507.22511            5.36        11:10:10        4.20e-02        2.00e+00
       32377944        70.50020       508.22576            5.36        11:09:54        4.20e-02        2.00e+00
       32378925        70.49881       509.22624            5.36        11:09:28        4.20e-02        2.00e+00
DEBUG @ t=32380000: current_coupling=0.042, last=0.042
       32380009        70.49766       510.22696            5.36        11:09:08        4.20e-02        2.00e+00
       32381000        70.49731       511.22699            5.36        11:08:42        4.20e-02        2.00e+00
       32382138        70.49716       512.22702            5.36        11:08:26        4.20e-02        2.00e+00
       32383173        70.49833       513.22797            5.36        11:08:03        4.20e-02        2.00e+00
       32384163        70.49905       514.22830            5.36        11:07:36        4.20e-02        2.00e+00
       32385141        70.49855       515.22852            5.36        11:07:09        4.20e-02        2.00e+00
       32386189        70.49986       516.22882            5.36        11:06:46        4.20e-02        2.00e+00
       32387331        70.50438       517.22901            5.36        11:06:28        4.20e-02        2.00e+00
       32388419        70.50385       518.22967            5.36        11:06:09        4.20e-02        2.00e+00
       32389530        70.50335       519.23042            5.36        11:05:52        4.20e-02        2.00e+00
DEBUG @ t=32390000: current_coupling=0.042, last=0.042
       32390553        70.50254       520.23085            5.37        11:05:28        4.20e-02        2.00e+00
       32391562        70.50130       521.23093            5.37        11:05:04        4.20e-02        2.00e+00
       32392606        70.49975       522.23152            5.37        11:04:43        4.20e-02        2.00e+00
       32393643        70.49896       523.23231            5.37        11:04:21        4.20e-02        2.00e+00
       32394625        70.49853       524.23325            5.37        11:03:55        4.20e-02        2.00e+00
       32395625        70.49841       525.23381            5.37        11:03:29        4.20e-02        2.00e+00
       32396681        70.49724       526.23424            5.37        11:03:09        4.20e-02        2.00e+00
       32397745        70.49774       527.23484            5.37        11:02:48        4.20e-02        2.00e+00
       32398764        70.49764       528.23509            5.37        11:02:24        4.20e-02        2.00e+00
       32399754        70.49716       529.23555            5.37        11:01:59        4.20e-02        2.00e+00
DEBUG @ t=32400000: current_coupling=0.042, last=0.042
[HDF5 Writer DEBUG] timestep=32400000, current_time_ps=529.485, last_output_time=529.4782323371937, write_count=50735
       32400792        70.49611       530.23582            5.38        11:01:37        4.20e-02        2.00e+00
       32401902        70.49466       531.23612            5.38        11:01:20        4.20e-02        2.00e+00
       32402995        70.49452       532.23688            5.38        11:01:01        4.20e-02        2.00e+00
       32404124        70.49540       533.23709            5.38        11:00:45        4.20e-02        2.00e+00
       32405229        70.49524       534.23765            5.38        11:00:27        4.20e-02        2.00e+00
       32406297        70.49516       535.23851            5.38        11:00:06        4.20e-02        2.00e+00
       32407459        70.49476       536.23882            5.38        10:59:52        4.20e-02        2.00e+00
       32408576        70.49483       537.23967            5.38        10:59:35        4.20e-02        2.00e+00
       32409617        70.49447       538.24050            5.38        10:59:13        4.20e-02        2.00e+00
DEBUG @ t=32410000: current_coupling=0.042, last=0.042
       32410705        70.49348       539.24070            5.38        10:58:55        4.20e-02        2.00e+00
       32411807        70.49308       540.24095            5.38        10:58:37        4.20e-02        2.00e+00
       32412839        70.49313       541.24110            5.38        10:58:14        4.20e-02        2.00e+00
       32413906        70.49242       542.24120            5.38        10:57:55        4.20e-02        2.00e+00
       32415021        70.49156       543.24125            5.38        10:57:38        4.20e-02        2.00e+00
       32416113        70.49191       544.24204            5.38        10:57:19        4.20e-02        2.00e+00
       32417233        70.49188       545.24263            5.38        10:57:02        4.20e-02        2.00e+00
       32418297        70.49154       546.24323            5.38        10:56:42        4.20e-02        2.00e+00
       32419360        70.49128       547.24333            5.38        10:56:22        4.20e-02        2.00e+00
DEBUG @ t=32420000: current_coupling=0.042, last=0.042
       32420500        70.49243       548.24338            5.38        10:56:05        4.20e-02        2.00e+00
       32421694        70.49276       549.24347            5.38        10:55:53        4.20e-02        2.00e+00
       32422851        70.49204       550.24376            5.38        10:55:39        4.20e-02        2.00e+00
       32423993        70.49184       551.24453            5.38        10:55:24        4.20e-02        2.00e+00
       32425102        70.49196       552.24475            5.38        10:55:06        4.20e-02        2.00e+00
       32426206        70.49190       553.24478            5.38        10:54:48        4.20e-02        2.00e+00
       32427231        70.49172       554.24559            5.38        10:54:25        4.20e-02        2.00e+00
       32428228        70.49082       555.24610            5.38        10:54:01        4.20e-02        2.00e+00
       32429377        70.48984       556.24644            5.38        10:53:47        4.20e-02        2.00e+00
DEBUG @ t=32430000: current_coupling=0.042, last=0.042
       32430467        70.48882       557.24649            5.38        10:53:29        4.20e-02        2.00e+00
       32431531        70.48804       558.24676            5.38        10:53:09        4.20e-02        2.00e+00
       32432572        70.48741       559.24762            5.38        10:52:48        4.20e-02        2.00e+00
       32433592        70.48726       560.24821            5.38        10:52:25        4.20e-02        2.00e+00
       32434620        70.48678       561.24866            5.39        10:52:03        4.20e-02        2.00e+00
       32435742        70.48642       562.24911            5.39        10:51:46        4.20e-02        2.00e+00
       32436886        70.48480       563.24947            5.39        10:51:32        4.20e-02        2.00e+00
       32438006        70.48459       564.25013            5.39        10:51:15        4.20e-02        2.00e+00
       32439063        70.48536       565.25018            5.39        10:50:54        4.20e-02        2.00e+00
DEBUG @ t=32440000: current_coupling=0.042, last=0.042
       32440194        70.48621       566.25022            5.39        10:50:38        4.20e-02        2.00e+00
       32441345        70.48726       567.25100            5.39        10:50:22        4.20e-02        2.00e+00
       32442441        70.48840       568.25166            5.39        10:50:03        4.20e-02        2.00e+00
       32443530        70.48847       569.25176            5.39        10:49:45        4.20e-02        2.00e+00
       32444614        70.48817       570.25178            5.39        10:49:26        4.20e-02        2.00e+00
       32445699        70.48797       571.25268            5.39        10:49:07        4.20e-02        2.00e+00
       32446756        70.48793       572.25321            5.39        10:48:47        4.20e-02        2.00e+00
       32447826        70.49013       573.25406            5.39        10:48:26        4.20e-02        2.00e+00
       32448846        70.49185       574.25411            5.39        10:48:02        4.20e-02        2.00e+00
       32449821        70.49095       575.25443            5.39        10:47:38        4.20e-02        2.00e+00
DEBUG @ t=32450000: current_coupling=0.042, last=0.042
       32450883        70.49088       576.25457            5.39        10:47:18        4.20e-02        2.00e+00
       32451943        70.49104       577.25474            5.39        10:46:57        4.20e-02        2.00e+00
       32452944        70.49317       578.25552            5.39        10:46:32        4.20e-02        2.00e+00
       32453903        70.49275       579.25558            5.40        10:46:07        4.20e-02        2.00e+00
       32454972        70.49267       580.25645            5.40        10:45:47        4.20e-02        2.00e+00
       32456052        70.49360       581.25690            5.40        10:45:28        4.20e-02        2.00e+00
       32457109        70.49335       582.25747            5.40        10:45:07        4.20e-02        2.00e+00
       32458114        70.49466       583.25799            5.40        10:44:43        4.20e-02        2.00e+00
       32459154        70.49481       584.25809            5.40        10:44:22        4.20e-02        2.00e+00
DEBUG @ t=32460000: current_coupling=0.042, last=0.042
       32460270        70.49587       585.25834            5.40        10:44:05        4.20e-02        2.00e+00
       32461356        70.49744       586.25914            5.40        10:43:45        4.20e-02        2.00e+00
       32462471        70.50026       587.25934            5.40        10:43:27        4.20e-02        2.00e+00
       32463554        70.50140       588.25996            5.40        10:43:08        4.20e-02        2.00e+00
       32464620        70.50033       589.26063            5.40        10:42:49        4.20e-02        2.00e+00
       32465708        70.49996       590.26074            5.40        10:42:31        4.20e-02        2.00e+00
       32466735        70.49892       591.26134            5.40        10:42:09        4.20e-02        2.00e+00
       32467797        70.49797       592.26151            5.40        10:41:50        4.20e-02        2.00e+00
       32468812        70.49745       593.26201            5.40        10:41:28        4.20e-02        2.00e+00
       32469827        70.49767       594.26296            5.40        10:41:05        4.20e-02        2.00e+00
DEBUG @ t=32470000: current_coupling=0.042, last=0.042
       32470908        70.49902       595.26362            5.40        10:40:46        4.20e-02        2.00e+00
       32472026        70.50092       596.26362            5.40        10:40:28        4.20e-02        2.00e+00
       32473125        70.50148       597.26387            5.40        10:40:10        4.20e-02        2.00e+00
       32474239        70.50150       598.26442            5.40        10:39:53        4.20e-02        2.00e+00
       32475311        70.50121       599.26488            5.41        10:39:34        4.20e-02        2.00e+00
Added F(k,t) reference 3 at t = 600.002 ps
       32476336        70.50172       600.26526            5.41        10:39:12        4.20e-02        2.00e+00
       32477395        70.50267       601.26536            5.41        10:38:52        4.20e-02        2.00e+00
       32478550        70.50350       602.26593            5.41        10:38:37        4.20e-02        2.00e+00
       32479617        70.50335       603.26610            5.41        10:38:18        4.20e-02        2.00e+00
DEBUG @ t=32480000: current_coupling=0.042, last=0.042
       32480722        70.50492       604.26655            5.41        10:38:00        4.20e-02        2.00e+00
       32481889        70.50408       605.26727            5.41        10:37:46        4.20e-02        2.00e+00
       32483090        70.50491       606.26747            5.41        10:37:34        4.20e-02        2.00e+00
       32484216        70.50539       607.26761            5.41        10:37:18        4.20e-02        2.00e+00
       32485309        70.50993       608.26851            5.41        10:36:57        4.20e-02        2.00e+00
       32486417        70.51328       609.26857            5.41        10:36:39        4.20e-02        2.00e+00
       32487552        70.51532       610.26929            5.41        10:36:22        4.20e-02        2.00e+00
       32488694        70.51486       611.26984            5.41        10:36:07        4.20e-02        2.00e+00
       32489754        70.51431       612.27068            5.41        10:35:48        4.20e-02        2.00e+00
DEBUG @ t=32490000: current_coupling=0.042, last=0.042
       32490830        70.51401       613.27135            5.41        10:35:29        4.20e-02        2.00e+00
       32491880        70.51306       614.27172            5.41        10:35:09        4.20e-02        2.00e+00
       32492879        70.51174       615.27221            5.41        10:34:47        4.20e-02        2.00e+00
       32493993        70.51416       616.27306            5.41        10:34:29        4.20e-02        2.00e+00
       32495162        70.51551       617.27332            5.41        10:34:15        4.20e-02        2.00e+00
       32496320        70.51607       618.27377            5.41        10:34:00        4.20e-02        2.00e+00
       32497343        70.51548       619.27380            5.41        10:33:39        4.20e-02        2.00e+00
       32498397        70.51434       620.27400            5.41        10:33:19        4.20e-02        2.00e+00
       32499505        70.51342       621.27451            5.41        10:33:03        4.20e-02        2.00e+00
DEBUG @ t=32500000: current_coupling=0.042, last=0.042
[HDF5 Writer DEBUG] timestep=32500000, current_time_ps=621.779, last_output_time=621.7717756190495, write_count=59597
       32500539        70.51513       622.27527            5.41        10:32:41        4.20e-02        2.00e+00
       32501695        70.51463       623.27545            5.41        10:32:27        4.20e-02        2.00e+00
       32502920        70.51537       624.27555            5.41        10:32:16        4.20e-02        2.00e+00
       32504057        70.51569       625.27613            5.41        10:32:00        4.20e-02        2.00e+00
       32505197        70.51569       626.27673            5.41        10:31:45        4.20e-02        2.00e+00
       32506398        70.51467       627.27729            5.41        10:31:34        4.20e-02        2.00e+00
       32507502        70.51334       628.27771            5.41        10:31:17        4.20e-02        2.00e+00
       32508688        70.51223       629.27823            5.41        10:31:05        4.20e-02        2.00e+00
       32509892        70.51156       630.27887            5.41        10:30:53        4.20e-02        2.00e+00
DEBUG @ t=32510000: current_coupling=0.042, last=0.042
       32511077        70.51098       631.27960            5.41        10:30:41        4.20e-02        2.00e+00
       32512096        70.50980       632.27967            5.41        10:30:20        4.20e-02        2.00e+00
       32513164        70.50928       633.27988            5.41        10:30:01        4.20e-02        2.00e+00
       32514252        70.50935       634.28053            5.41        10:29:43        4.20e-02        2.00e+00
       32515346        70.50925       635.28094            5.41        10:29:25        4.20e-02        2.00e+00
       32516423        70.50873       636.28096            5.41        10:29:07        4.20e-02        2.00e+00
       32517529        70.50923       637.28150            5.41        10:28:50        4.20e-02        2.00e+00
       32518620        70.50963       638.28150            5.41        10:28:32        4.20e-02        2.00e+00
       32519753        70.50909       639.28154            5.41        10:28:16        4.20e-02        2.00e+00
DEBUG @ t=32520000: current_coupling=0.042, last=0.042
       32520858        70.50848       640.28178            5.41        10:28:00        4.20e-02        2.00e+00
       32521899        70.50988       641.28198            5.41        10:27:38        4.20e-02        2.00e+00
       32522874        70.50955       642.28280            5.41        10:27:15        4.20e-02        2.00e+00
       32523920        70.50986       643.28327            5.41        10:26:54        4.20e-02        2.00e+00
       32525044        70.51123       644.28382            5.41        10:26:38        4.20e-02        2.00e+00
       32526179        70.51201       645.28458            5.41        10:26:22        4.20e-02        2.00e+00
       32527090        70.51138       646.28506            5.41        10:25:55        4.20e-02        2.00e+00
       32528307        70.51163       647.28511            5.41        10:25:44        4.20e-02        2.00e+00
       32529393        70.51082       648.28515            5.41        10:25:26        4.20e-02        2.00e+00
DEBUG @ t=32530000: current_coupling=0.042, last=0.042
       32530402        70.50994       649.28520            5.42        10:25:05        4.20e-02        2.00e+00
       32531465        70.50937       650.28586            5.42        10:24:46        4.20e-02        2.00e+00
       32532602        70.50888       651.28671            5.42        10:24:31        4.20e-02        2.00e+00
       32533703        70.50860       652.28707            5.42        10:24:13        4.20e-02        2.00e+00
       32534806        70.50902       653.28728            5.42        10:23:56        4.20e-02        2.00e+00
       32536023        70.51090       654.28795            5.42        10:23:44        4.20e-02        2.00e+00
       32537270        70.51146       655.28830            5.41        10:23:34        4.20e-02        2.00e+00
       32538422        70.51248       656.28922            5.41        10:23:19        4.20e-02        2.00e+00
       32539439        70.51251       657.28983            5.42        10:22:57        4.20e-02        2.00e+00
DEBUG @ t=32540000: current_coupling=0.042, last=0.042
       32540452        70.51194       658.29053            5.42        10:22:36        4.20e-02        2.00e+00
       32541535        70.51224       659.29120            5.42        10:22:17        4.20e-02        2.00e+00
       32542586        70.51443       660.29149            5.42        10:21:57        4.20e-02        2.00e+00
       32543591        70.51475       661.29184            5.42        10:21:34        4.20e-02        2.00e+00
       32544581        70.51616       662.29250            5.42        10:21:11        4.20e-02        2.00e+00
       32545567        70.51587       663.29257            5.42        10:20:48        4.20e-02        2.00e+00
       32546550        70.51546       664.29295            5.42        10:20:26        4.20e-02        2.00e+00
       32547525        70.51556       665.29327            5.42        10:20:02        4.20e-02        2.00e+00
       32548563        70.51518       666.29369            5.42        10:19:42        4.20e-02        2.00e+00
       32549668        70.51469       667.29412            5.42        10:19:25        4.20e-02        2.00e+00
DEBUG @ t=32550000: current_coupling=0.042, last=0.042
       32550766        70.51472       668.29481            5.42        10:19:08        4.20e-02        2.00e+00
       32551881        70.51400       669.29539            5.42        10:18:52        4.20e-02        2.00e+00
       32552966        70.51304       670.29605            5.42        10:18:35        4.20e-02        2.00e+00
       32553979        70.51259       671.29675            5.42        10:18:14        4.20e-02        2.00e+00
       32555004        70.51226       672.29733            5.42        10:17:53        4.20e-02        2.00e+00
       32556017        70.51336       673.29764            5.43        10:17:31        4.20e-02        2.00e+00
       32557061        70.51272       674.29807            5.43        10:17:12        4.20e-02        2.00e+00
       32558179        70.51301       675.29893            5.43        10:16:55        4.20e-02        2.00e+00
       32559175        70.51182       676.29907            5.43        10:16:34        4.20e-02        2.00e+00
DEBUG @ t=32560000: current_coupling=0.042, last=0.042
       32560327        70.51158       677.29910            5.43        10:16:19        4.20e-02        2.00e+00
       32561397        70.51081       678.29935            5.43        10:16:01        4.20e-02        2.00e+00
       32562449        70.51054       679.29942            5.43        10:15:42        4.20e-02        2.00e+00
       32563507        70.51002       680.29952            5.43        10:15:23        4.20e-02        2.00e+00
       32564549        70.50925       681.30030            5.43        10:15:04        4.20e-02        2.00e+00
       32565541        70.50917       682.30064            5.43        10:14:42        4.20e-02        2.00e+00
       32566549        70.51088       683.30076            5.43        10:14:19        4.20e-02        2.00e+00
       32567596        70.51034       684.30114            5.43        10:14:00        4.20e-02        2.00e+00
       32568693        70.50963       685.30140            5.43        10:13:43        4.20e-02        2.00e+00
       32569748        70.50922       686.30166            5.43        10:13:25        4.20e-02        2.00e+00
DEBUG @ t=32570000: current_coupling=0.042, last=0.042
       32570732        70.50901       687.30167            5.43        10:13:02        4.20e-02        2.00e+00
       32571894        70.50942       688.30237            5.43        10:12:48        4.20e-02        2.00e+00
       32572948        70.50929       689.30244            5.43        10:12:29        4.20e-02        2.00e+00
       32573909        70.50890       690.30287            5.43        10:12:06        4.20e-02        2.00e+00
       32574869        70.50785       691.30389            5.43        10:11:42        4.20e-02        2.00e+00
       32576049        70.50772       692.30460            5.43        10:11:29        4.20e-02        2.00e+00
       32577212        70.50754       693.30530            5.43        10:11:16        4.20e-02        2.00e+00
       32578212        70.50710       694.30580            5.43        10:10:54        4.20e-02        2.00e+00
       32579625        70.50658       695.30600            5.43        10:10:52        4.20e-02        2.00e+00
DEBUG @ t=32580000: current_coupling=0.042, last=0.042
       32580895        70.50689       696.30627            5.43        10:10:43        4.20e-02        2.00e+00
       32582069        70.50663       697.30666            5.43        10:10:30        4.20e-02        2.00e+00
       32583052        70.50587       698.30700            5.43        10:10:08        4.20e-02        2.00e+00
       32584029        70.50583       699.30758            5.43        10:09:45        4.20e-02        2.00e+00
       32584969        70.50534       700.30812            5.43        10:09:21        4.20e-02        2.00e+00
       32585945        70.50503       701.30880            5.44        10:08:58        4.20e-02        2.00e+00
       32587092        70.50663       702.30912            5.44        10:08:43        4.20e-02        2.00e+00
       32588027        70.50727       703.30959            5.44        10:08:18        4.20e-02        2.00e+00
       32589012        70.50881       704.31022            5.44        10:07:55        4.20e-02        2.00e+00
       32589998        70.50864       705.31110            5.44        10:07:33        4.20e-02        2.00e+00
DEBUG @ t=32590000: current_coupling=0.042, last=0.042
       32590997        70.50802       706.31180            5.44        10:07:12        4.20e-02        2.00e+00
       32592085        70.50886       707.31253            5.44        10:06:54        4.20e-02        2.00e+00
       32593091        70.50924       708.31268            5.44        10:06:33        4.20e-02        2.00e+00
       32594125        70.50913       709.31343            5.44        10:06:13        4.20e-02        2.00e+00
       32595268        70.51261       710.31349            5.44        10:05:56        4.20e-02        2.00e+00
       32596343        70.51345       711.31408            5.44        10:05:38        4.20e-02        2.00e+00
       32597475        70.51302       712.31475            5.44        10:05:23        4.20e-02        2.00e+00
       32598560        70.51242       713.31515            5.44        10:05:06        4.20e-02        2.00e+00
       32599651        70.51183       714.31577            5.44        10:04:49        4.20e-02        2.00e+00
DEBUG @ t=32600000: current_coupling=0.042, last=0.042
[HDF5 Writer DEBUG] timestep=32600000, current_time_ps=714.648, last_output_time=714.639847117994, write_count=68477
       32600780        70.51195       715.31598            5.44        10:04:33        4.20e-02        2.00e+00
       32601931        70.51100       716.31641            5.44        10:04:19        4.20e-02        2.00e+00
       32603004        70.51037       717.31646            5.44        10:04:01        4.20e-02        2.00e+00
       32604135        70.50967       718.31697            5.44        10:03:46        4.20e-02        2.00e+00
       32605089        70.50887       719.31749            5.44        10:03:24        4.20e-02        2.00e+00
       32606267        70.50802       720.31760            5.44        10:03:11        4.20e-02        2.00e+00
       32607415        70.50813       721.31776            5.44        10:02:56        4.20e-02        2.00e+00
       32608495        70.50743       722.31880            5.44        10:02:39        4.20e-02        2.00e+00
       32609509        70.50662       723.31947            5.44        10:02:19        4.20e-02        2.00e+00
DEBUG @ t=32610000: current_coupling=0.042, last=0.042
       32610610        70.50594       724.32029            5.44        10:02:02        4.20e-02        2.00e+00
       32611649        70.50509       725.32100            5.44        10:01:43        4.20e-02        2.00e+00
       32612676        70.50422       726.32111            5.44        10:01:24        4.20e-02        2.00e+00
       32613813        70.50334       727.32129            5.44        10:01:09        4.20e-02        2.00e+00
       32614922        70.50350       728.32131            5.44        10:00:53        4.20e-02        2.00e+00
       32615995        70.50685       729.32141            5.44        10:00:33        4.20e-02        2.00e+00
       32617044        70.50669       730.32175            5.45        10:00:14        4.20e-02        2.00e+00
       32618085        70.50658       731.32182            5.45        09:59:55        4.20e-02        2.00e+00
       32619085        70.50748       732.32195            5.45        09:59:33        4.20e-02        2.00e+00
DEBUG @ t=32620000: current_coupling=0.042, last=0.042
       32620161        70.50975       733.32280            5.45        09:59:14        4.20e-02        2.00e+00
       32621268        70.50985       734.32295            5.45        09:58:58        4.20e-02        2.00e+00
       32622346        70.51046       735.32373            5.45        09:58:40        4.20e-02        2.00e+00
       32623490        70.51478       736.32447            5.45        09:58:23        4.20e-02        2.00e+00
       32624578        70.51709       737.32447            5.45        09:58:05        4.20e-02        2.00e+00
       32625593        70.51785       738.32528            5.45        09:57:44        4.20e-02        2.00e+00
       32626643        70.51895       739.32594            5.45        09:57:24        4.20e-02        2.00e+00
       32627708        70.51885       740.32683            5.45        09:57:06        4.20e-02        2.00e+00
       32628770        70.51960       741.32766            5.45        09:56:47        4.20e-02        2.00e+00
       32629789        70.51893       742.32808            5.45        09:56:28        4.20e-02        2.00e+00
DEBUG @ t=32630000: current_coupling=0.042, last=0.042
       32630810        70.51864       743.32847            5.45        09:56:08        4.20e-02        2.00e+00
       32631805        70.51801       744.32912            5.45        09:55:47        4.20e-02        2.00e+00
       32632844        70.51847       745.32933            5.45        09:55:27        4.20e-02        2.00e+00
       32633884        70.51920       746.32952            5.45        09:55:08        4.20e-02        2.00e+00
       32634945        70.51896       747.33036            5.45        09:54:50        4.20e-02        2.00e+00
       32635920        70.51848       748.33056            5.45        09:54:28        4.20e-02        2.00e+00
       32636876        70.51774       749.33116            5.46        09:54:06        4.20e-02        2.00e+00
       32637876        70.51663       750.33149            5.46        09:53:45        4.20e-02        2.00e+00
       32638887        70.51564       751.33167            5.46        09:53:26        4.20e-02        2.00e+00
       32639948        70.51518       752.33177            5.46        09:53:08        4.20e-02        2.00e+00
DEBUG @ t=32640000: current_coupling=0.042, last=0.042
       32640992        70.51552       753.33181            5.46        09:52:49        4.20e-02        2.00e+00
       32641971        70.51529       754.33261            5.46        09:52:27        4.20e-02        2.00e+00
       32642966        70.51492       755.33350            5.46        09:52:06        4.20e-02        2.00e+00
       32644029        70.51541       756.33436            5.46        09:51:48        4.20e-02        2.00e+00
       32645096        70.51562       757.33479            5.46        09:51:30        4.20e-02        2.00e+00
       32646101        70.51618       758.33551            5.46        09:51:09        4.20e-02        2.00e+00
       32647073        70.51593       759.33583            5.46        09:50:47        4.20e-02        2.00e+00
       32648127        70.51537       760.33639            5.46        09:50:29        4.20e-02        2.00e+00
       32649150        70.51494       761.33733            5.46        09:50:10        4.20e-02        2.00e+00
DEBUG @ t=32650000: current_coupling=0.042, last=0.042
       32650095        70.51414       762.33751            5.46        09:49:47        4.20e-02        2.00e+00
       32651068        70.51355       763.33843            5.46        09:49:26        4.20e-02        2.00e+00
       32652098        70.51260       764.33895            5.46        09:49:07        4.20e-02        2.00e+00
       32653006        70.51228       765.33949            5.47        09:48:42        4.20e-02        2.00e+00
       32654028        70.51260       766.34003            5.47        09:48:23        4.20e-02        2.00e+00
       32655050        70.51248       767.34017            5.47        09:48:03        4.20e-02        2.00e+00
       32656068        70.51241       768.34045            5.47        09:47:43        4.20e-02        2.00e+00
       32657118        70.51431       769.34119            5.47        09:47:24        4.20e-02        2.00e+00
       32658103        70.51475       770.34190            5.47        09:47:02        4.20e-02        2.00e+00
       32659124        70.51387       771.34268            5.47        09:46:43        4.20e-02        2.00e+00
DEBUG @ t=32660000: current_coupling=0.042, last=0.042
       32660136        70.51336       772.34319            5.47        09:46:24        4.20e-02        2.00e+00
       32661235        70.51266       773.34351            5.47        09:46:07        4.20e-02        2.00e+00
       32662205        70.51241       774.34443            5.47        09:45:46        4.20e-02        2.00e+00
       32663176        70.51212       775.34472            5.47        09:45:24        4.20e-02        2.00e+00
       32664241        70.51273       776.34537            5.47        09:45:06        4.20e-02        2.00e+00
       32665229        70.51239       777.34548            5.47        09:44:46        4.20e-02        2.00e+00
       32666197        70.51235       778.34621            5.47        09:44:24        4.20e-02        2.00e+00
       32667144        70.51134       779.34689            5.48        09:44:02        4.20e-02        2.00e+00
       32668246        70.51163       780.34721            5.48        09:43:46        4.20e-02        2.00e+00
       32669356        70.51145       781.34805            5.48        09:43:30        4.20e-02        2.00e+00
DEBUG @ t=32670000: current_coupling=0.042, last=0.042
       32670356        70.51114       782.34821            5.48        09:43:10        4.20e-02        2.00e+00
       32671245        70.50995       783.34869            5.48        09:42:45        4.20e-02        2.00e+00
       32672333        70.50907       784.34936            5.48        09:42:29        4.20e-02        2.00e+00
       32673368        70.50882       785.34960            5.48        09:42:10        4.20e-02        2.00e+00
       32674340        70.50792       786.35008            5.48        09:41:49        4.20e-02        2.00e+00
       32675291        70.50783       787.35011            5.48        09:41:27        4.20e-02        2.00e+00
       32676328        70.50712       788.35012            5.48        09:41:09        4.20e-02        2.00e+00
       32677413        70.50625       789.35021            5.48        09:40:52        4.20e-02        2.00e+00
       32678495        70.50573       790.35106            5.48        09:40:36        4.20e-02        2.00e+00
       32679533        70.50560       791.35203            5.48        09:40:17        4.20e-02        2.00e+00
DEBUG @ t=32680000: current_coupling=0.042, last=0.042
       32680458        70.50527       792.35214            5.48        09:39:54        4.20e-02        2.00e+00
       32681421        70.50580       793.35215            5.48        09:39:32        4.20e-02        2.00e+00
       32682486        70.50621       794.35259            5.48        09:39:14        4.20e-02        2.00e+00
       32683508        70.50568       795.35326            5.48        09:38:55        4.20e-02        2.00e+00
       32684526        70.50529       796.35342            5.48        09:38:36        4.20e-02        2.00e+00
       32685582        70.50573       797.35405            5.48        09:38:18        4.20e-02        2.00e+00
       32686627        70.50535       798.35414            5.49        09:38:00        4.20e-02        2.00e+00
       32687649        70.50508       799.35444            5.49        09:37:41        4.20e-02        2.00e+00
Added F(k,t) reference 4 at t = 800.002 ps
       32688650        70.50430       800.35527            5.49        09:37:21        4.20e-02        2.00e+00
       32689656        70.50363       801.35530            5.49        09:37:01        4.20e-02        2.00e+00
DEBUG @ t=32690000: current_coupling=0.042, last=0.042
       32690685        70.50307       802.35614            5.49        09:36:43        4.20e-02        2.00e+00
       32691713        70.50299       803.35678            5.49        09:36:24        4.20e-02        2.00e+00
       32692713        70.50214       804.35705            5.49        09:36:04        4.20e-02        2.00e+00
       32693703        70.50118       805.35782            5.49        09:35:44        4.20e-02        2.00e+00
       32694725        70.50057       806.35863            5.49        09:35:25        4.20e-02        2.00e+00
       32695796        70.49998       807.35942            5.49        09:35:08        4.20e-02        2.00e+00
       32696841        70.50039       808.35983            5.49        09:34:50        4.20e-02        2.00e+00
       32697890        70.50081       809.35998            5.49        09:34:32        4.20e-02        2.00e+00
       32698880        70.50000       810.36078            5.49        09:34:12        4.20e-02        2.00e+00
       32699931        70.49971       811.36083            5.49        09:33:54        4.20e-02        2.00e+00
DEBUG @ t=32700000: current_coupling=0.042, last=0.042
[HDF5 Writer DEBUG] timestep=32700000, current_time_ps=811.425, last_output_time=811.4213625095501, write_count=77730
       32700994        70.49945       812.36172            5.49        09:33:37        4.20e-02        2.00e+00
       32701998        70.49835       813.36262            5.49        09:33:17        4.20e-02        2.00e+00
       32703018        70.49892       814.36327            5.49        09:32:58        4.20e-02        2.00e+00
       32704094        70.50040       815.36379            5.49        09:32:40        4.20e-02        2.00e+00
       32705089        70.49998       816.36468            5.49        09:32:20        4.20e-02        2.00e+00
       32706085        70.49940       817.36507            5.49        09:32:00        4.20e-02        2.00e+00
       32707151        70.49911       818.36578            5.49        09:31:43        4.20e-02        2.00e+00
       32708228        70.49920       819.36614            5.50        09:31:26        4.20e-02        2.00e+00
       32709207        70.50119       820.36676            5.50        09:31:05        4.20e-02        2.00e+00
DEBUG @ t=32710000: current_coupling=0.042, last=0.042
       32710228        70.50185       821.36770            5.50        09:30:45        4.20e-02        2.00e+00
       32711242        70.50134       822.36835            5.50        09:30:26        4.20e-02        2.00e+00
       32712248        70.50114       823.36898            5.50        09:30:07        4.20e-02        2.00e+00
       32713328        70.50088       824.36911            5.50        09:29:50        4.20e-02        2.00e+00
       32714312        70.49996       825.36923            5.50        09:29:30        4.20e-02        2.00e+00
       32715291        70.49910       826.36972            5.50        09:29:10        4.20e-02        2.00e+00
       32716295        70.49843       827.37059            5.50        09:28:51        4.20e-02        2.00e+00
       32717210        70.49762       828.37066            5.50        09:28:28        4.20e-02        2.00e+00
       32718195        70.49704       829.37114            5.50        09:28:08        4.20e-02        2.00e+00
       32719260        70.49691       830.37188            5.50        09:27:51        4.20e-02        2.00e+00
DEBUG @ t=32720000: current_coupling=0.042, last=0.042
       32720291        70.49662       831.37278            5.50        09:27:33        4.20e-02        2.00e+00
       32721190        70.49572       832.37288            5.50        09:27:10        4.20e-02        2.00e+00
       32722246        70.49642       833.37289            5.50        09:26:52        4.20e-02        2.00e+00
       32723231        70.49578       834.37371            5.50        09:26:32        4.20e-02        2.00e+00
       32724126        70.49532       835.37442            5.51        09:26:09        4.20e-02        2.00e+00
       32725095        70.49496       836.37498            5.51        09:25:48        4.20e-02        2.00e+00
       32726089        70.49620       837.37498            5.51        09:25:28        4.20e-02        2.00e+00
       32727084        70.49705       838.37540            5.51        09:25:07        4.20e-02        2.00e+00
       32728029        70.49642       839.37541            5.51        09:24:46        4.20e-02        2.00e+00
       32729033        70.49563       840.37545            5.51        09:24:27        4.20e-02        2.00e+00
DEBUG @ t=32730000: current_coupling=0.042, last=0.042
       32730076        70.49520       841.37598            5.51        09:24:09        4.20e-02        2.00e+00
       32731038        70.49410       842.37681            5.51        09:23:49        4.20e-02        2.00e+00
       32732023        70.49357       843.37684            5.51        09:23:29        4.20e-02        2.00e+00
       32733070        70.49279       844.37724            5.51        09:23:12        4.20e-02        2.00e+00
       32734131        70.49304       845.37780            5.51        09:22:54        4.20e-02        2.00e+00
       32735220        70.49443       846.37808            5.51        09:22:37        4.20e-02        2.00e+00
       32736332        70.49427       847.37891            5.51        09:22:22        4.20e-02        2.00e+00
       32737349        70.49442       848.37927            5.51        09:22:03        4.20e-02        2.00e+00
       32738456        70.49428       849.37942            5.51        09:21:47        4.20e-02        2.00e+00
       32739591        70.49432       850.38023            5.51        09:21:33        4.20e-02        2.00e+00
DEBUG @ t=32740000: current_coupling=0.042, last=0.042
       32740681        70.49452       851.38076            5.51        09:21:16        4.20e-02        2.00e+00
       32741762        70.49418       852.38153            5.51        09:21:00        4.20e-02        2.00e+00
       32742807        70.49414       853.38187            5.51        09:20:42        4.20e-02        2.00e+00
       32743818        70.49314       854.38263            5.51        09:20:24        4.20e-02        2.00e+00
       32744837        70.49249       855.38264            5.51        09:20:05        4.20e-02        2.00e+00
       32745866        70.49191       856.38304            5.51        09:19:47        4.20e-02        2.00e+00
       32746931        70.49162       857.38309            5.51        09:19:30        4.20e-02        2.00e+00
       32747962        70.49123       858.38326            5.51        09:19:12        4.20e-02        2.00e+00
       32749132        70.49089       859.38334            5.51        09:18:59        4.20e-02        2.00e+00
DEBUG @ t=32750000: current_coupling=0.042, last=0.042
       32750233        70.49041       860.38343            5.51        09:18:43        4.20e-02        2.00e+00
       32751303        70.49039       861.38385            5.51        09:18:27        4.20e-02        2.00e+00
       32752268        70.48970       862.38424            5.52        09:18:06        4.20e-02        2.00e+00
       32753293        70.48984       863.38434            5.52        09:17:48        4.20e-02        2.00e+00
       32754300        70.49019       864.38506            5.52        09:17:28        4.20e-02        2.00e+00
       32755387        70.49034       865.38577            5.52        09:17:12        4.20e-02        2.00e+00
       32756505        70.48993       866.38640            5.52        09:16:57        4.20e-02        2.00e+00
       32757585        70.48950       867.38708            5.52        09:16:41        4.20e-02        2.00e+00
       32758799        70.48938       868.38783            5.52        09:16:29        4.20e-02        2.00e+00
       32759987        70.48967       869.38786            5.52        09:16:16        4.20e-02        2.00e+00
DEBUG @ t=32760000: current_coupling=0.042, last=0.042
       32760984        70.48889       870.38795            5.52        09:15:57        4.20e-02        2.00e+00
       32761986        70.48859       871.38843            5.52        09:15:38        4.20e-02        2.00e+00
       32762957        70.48783       872.38940            5.52        09:15:18        4.20e-02        2.00e+00
       32764020        70.48740       873.39018            5.52        09:15:01        4.20e-02        2.00e+00
       32764987        70.48656       874.39097            5.52        09:14:41        4.20e-02        2.00e+00
       32765998        70.48561       875.39119            5.52        09:14:23        4.20e-02        2.00e+00
       32766984        70.48508       876.39212            5.52        09:14:03        4.20e-02        2.00e+00
       32768154        70.48599       877.39214            5.52        09:13:49        4.20e-02        2.00e+00
       32769081        70.48628       878.39232            5.52        09:13:27        4.20e-02        2.00e+00
DEBUG @ t=32770000: current_coupling=0.042, last=0.042
       32770035        70.48724       879.39255            5.52        09:13:06        4.20e-02        2.00e+00
       32771239        70.48942       880.39305            5.52        09:12:53        4.20e-02        2.00e+00
       32772429        70.49072       881.39320            5.52        09:12:40        4.20e-02        2.00e+00
       32773566        70.49086       882.39394            5.52        09:12:25        4.20e-02        2.00e+00
       32774649        70.49190       883.39419            5.52        09:12:08        4.20e-02        2.00e+00
       32775718        70.49422       884.39460            5.52        09:11:50        4.20e-02        2.00e+00
       32776912        70.49661       885.39487            5.52        09:11:37        4.20e-02        2.00e+00
       32777907        70.49632       886.39527            5.52        09:11:17        4.20e-02        2.00e+00
       32778833        70.49663       887.39582            5.52        09:10:56        4.20e-02        2.00e+00
       32779964        70.49686       888.39650            5.52        09:10:41        4.20e-02        2.00e+00
DEBUG @ t=32780000: current_coupling=0.042, last=0.042
       32781101        70.49769       889.39707            5.52        09:10:26        4.20e-02        2.00e+00
       32782354        70.49861       890.39772            5.52        09:10:15        4.20e-02        2.00e+00
       32783509        70.49782       891.39800            5.52        09:10:01        4.20e-02        2.00e+00
       32784531        70.49760       892.39863            5.52        09:09:43        4.20e-02        2.00e+00
       32785620        70.49771       893.39947            5.52        09:09:27        4.20e-02        2.00e+00
       32786811        70.49899       894.39980            5.52        09:09:13        4.20e-02        2.00e+00
       32787754        70.49958       895.39988            5.52        09:08:52        4.20e-02        2.00e+00
       32788639        70.49870       896.40082            5.52        09:08:29        4.20e-02        2.00e+00
       32789544        70.49912       897.40118            5.52        09:08:07        4.20e-02        2.00e+00
DEBUG @ t=32790000: current_coupling=0.042, last=0.042
       32790585        70.49897       898.40164            5.52        09:07:49        4.20e-02        2.00e+00
       32791686        70.49859       899.40204            5.52        09:07:34        4.20e-02        2.00e+00
       32792618        70.49798       900.40307            5.53        09:07:13        4.20e-02        2.00e+00
       32793511        70.49740       901.40387            5.53        09:06:50        4.20e-02        2.00e+00
       32794484        70.49668       902.40461            5.53        09:06:31        4.20e-02        2.00e+00
       32795526        70.49621       903.40486            5.53        09:06:13        4.20e-02        2.00e+00
       32796524        70.49571       904.40550            5.53        09:05:55        4.20e-02        2.00e+00
       32797584        70.49674       905.40626            5.53        09:05:37        4.20e-02        2.00e+00
       32798651        70.49626       906.40714            5.53        09:05:21        4.20e-02        2.00e+00
       32799703        70.49711       907.40755            5.53        09:05:03        4.20e-02        2.00e+00
DEBUG @ t=32800000: current_coupling=0.042, last=0.042
[HDF5 Writer DEBUG] timestep=32800000, current_time_ps=907.694, last_output_time=907.6914148675625, write_count=86946
       32800732        70.49685       908.40770            5.53        09:04:45        4.20e-02        2.00e+00
       32801717        70.49616       909.40861            5.53        09:04:26        4.20e-02        2.00e+00
       32802656        70.49542       910.40932            5.53        09:04:05        4.20e-02        2.00e+00
       32803616        70.49533       911.41011            5.53        09:03:45        4.20e-02        2.00e+00
       32804634        70.49566       912.41065            5.53        09:03:26        4.20e-02        2.00e+00
       32805634        70.49531       913.41119            5.53        09:03:08        4.20e-02        2.00e+00
       32806634        70.49473       914.41162            5.53        09:02:49        4.20e-02        2.00e+00
       32807669        70.49487       915.41171            5.53        09:02:31        4.20e-02        2.00e+00
       32808684        70.49647       916.41190            5.53        09:02:12        4.20e-02        2.00e+00
       32809681        70.49602       917.41263            5.53        09:01:53        4.20e-02        2.00e+00
DEBUG @ t=32810000: current_coupling=0.042, last=0.042
       32810687        70.49589       918.41348            5.53        09:01:35        4.20e-02        2.00e+00
       32811634        70.49557       919.41397            5.54        09:01:14        4.20e-02        2.00e+00
       32812534        70.49532       920.41467            5.54        09:00:52        4.20e-02        2.00e+00
       32813452        70.49547       921.41531            5.54        09:00:31        4.20e-02        2.00e+00
       32814380        70.49513       922.41558            5.54        09:00:10        4.20e-02        2.00e+00
       32815281        70.49432       923.41571            5.54        08:59:48        4.20e-02        2.00e+00
       32816291        70.49336       924.41612            5.54        08:59:30        4.20e-02        2.00e+00
       32817313        70.49377       925.41624            5.54        08:59:12        4.20e-02        2.00e+00
       32818374        70.49455       926.41708            5.54        08:58:55        4.20e-02        2.00e+00
       32819503        70.49554       927.41751            5.54        08:58:40        4.20e-02        2.00e+00
DEBUG @ t=32820000: current_coupling=0.042, last=0.042
       32820621        70.49578       928.41796            5.54        08:58:25        4.20e-02        2.00e+00
       32821671        70.49687       929.41852            5.54        08:58:07        4.20e-02        2.00e+00
       32822787        70.49704       930.41911            5.54        08:57:52        4.20e-02        2.00e+00
       32823911        70.49772       931.41954            5.54        08:57:37        4.20e-02        2.00e+00
       32824864        70.49744       932.41968            5.54        08:57:16        4.20e-02        2.00e+00
       32825880        70.49852       933.42054            5.54        08:56:58        4.20e-02        2.00e+00
       32826828        70.49882       934.42084            5.54        08:56:37        4.20e-02        2.00e+00
       32827766        70.49825       935.42174            5.54        08:56:17        4.20e-02        2.00e+00
       32828713        70.49733       936.42247            5.54        08:55:57        4.20e-02        2.00e+00
       32829819        70.49648       937.42308            5.54        08:55:42        4.20e-02        2.00e+00
DEBUG @ t=32830000: current_coupling=0.042, last=0.042
       32830866        70.49554       938.42337            5.54        08:55:25        4.20e-02        2.00e+00
       32831895        70.49469       939.42424            5.54        08:55:08        4.20e-02        2.00e+00
       32832879        70.49395       940.42466            5.55        08:54:49        4.20e-02        2.00e+00
       32833851        70.49326       941.42516            5.55        08:54:30        4.20e-02        2.00e+00
       32834876        70.49290       942.42523            5.55        08:54:12        4.20e-02        2.00e+00
       32835962        70.49307       943.42597            5.55        08:53:56        4.20e-02        2.00e+00
       32837158        70.49473       944.42648            5.55        08:53:43        4.20e-02        2.00e+00
       32838357        70.49577       945.42662            5.55        08:53:30        4.20e-02        2.00e+00
       32839452        70.49557       946.42698            5.55        08:53:14        4.20e-02        2.00e+00
DEBUG @ t=32840000: current_coupling=0.042, last=0.042
       32840513        70.49507       947.42724            5.55        08:52:57        4.20e-02        2.00e+00
       32841569        70.49462       948.42745            5.55        08:52:41        4.20e-02        2.00e+00
       32842703        70.49458       949.42797            5.55        08:52:26        4.20e-02        2.00e+00
       32843869        70.49471       950.42841            5.55        08:52:13        4.20e-02        2.00e+00
       32844864        70.49403       951.42901            5.55        08:51:54        4.20e-02        2.00e+00
       32845887        70.49355       952.42980            5.55        08:51:37        4.20e-02        2.00e+00
       32847055        70.49298       953.43049            5.55        08:51:23        4.20e-02        2.00e+00
       32848261        70.49278       954.43119            5.55        08:51:11        4.20e-02        2.00e+00
       32849352        70.49216       955.43158            5.55        08:50:56        4.20e-02        2.00e+00
DEBUG @ t=32850000: current_coupling=0.042, last=0.042
       32850520        70.49211       956.43240            5.54        08:50:42        4.20e-02        2.00e+00
       32851580        70.49204       957.43269            5.55        08:50:25        4.20e-02        2.00e+00
       32852595        70.49131       958.43296            5.55        08:50:08        4.20e-02        2.00e+00
       32853662        70.49114       959.43358            5.55        08:49:51        4.20e-02        2.00e+00
       32854720        70.49221       960.43417            5.55        08:49:34        4.20e-02        2.00e+00
       32855898        70.49453       961.43451            5.55        08:49:20        4.20e-02        2.00e+00
       32856992        70.49410       962.43538            5.55        08:49:04        4.20e-02        2.00e+00
       32857962        70.49318       963.43586            5.55        08:48:45        4.20e-02        2.00e+00
       32859152        70.49291       964.43636            5.55        08:48:32        4.20e-02        2.00e+00
DEBUG @ t=32860000: current_coupling=0.042, last=0.042
       32860281        70.49219       965.43721            5.55        08:48:18        4.20e-02        2.00e+00
       32861217        70.49076       966.43726            5.55        08:47:58        4.20e-02        2.00e+00
       32862228        70.48926       967.43832            5.55        08:47:41        4.20e-02        2.00e+00
       32863179        70.48779       968.43899            5.55        08:47:21        4.20e-02        2.00e+00
       32864300        70.48617       969.43903            5.55        08:47:07        4.20e-02        2.00e+00
       32865232        70.48473       970.43964            5.55        08:46:47        4.20e-02        2.00e+00
       32866226        70.48390       971.44029            5.55        08:46:29        4.20e-02        2.00e+00
       32867223        70.48258       972.44061            5.55        08:46:11        4.20e-02        2.00e+00
       32868394        70.48125       973.44136            5.55        08:45:58        4.20e-02        2.00e+00
       32869537        70.48030       974.44192            5.55        08:45:44        4.20e-02        2.00e+00
DEBUG @ t=32870000: current_coupling=0.042, last=0.042
       32870628        70.47937       975.44274            5.55        08:45:29        4.20e-02        2.00e+00
       32871708        70.47903       976.44313            5.55        08:45:13        4.20e-02        2.00e+00
       32872826        70.47814       977.44397            5.55        08:44:58        4.20e-02        2.00e+00
       32873852        70.47670       978.44457            5.55        08:44:41        4.20e-02        2.00e+00
       32874902        70.47526       979.44474            5.55        08:44:25        4.20e-02        2.00e+00
       32875914        70.47352       980.44537            5.55        08:44:08        4.20e-02        2.00e+00
       32876876        70.47182       981.44641            5.55        08:43:49        4.20e-02        2.00e+00
       32877870        70.47079       982.44657            5.55        08:43:31        4.20e-02        2.00e+00
       32878959        70.46929       983.44668            5.55        08:43:15        4.20e-02        2.00e+00
       32879969        70.46821       984.44710            5.55        08:42:58        4.20e-02        2.00e+00
DEBUG @ t=32880000: current_coupling=0.042, last=0.042
       32881027        70.46683       985.44712            5.55        08:42:42        4.20e-02        2.00e+00
       32881920        70.46529       986.44766            5.55        08:42:21        4.20e-02        2.00e+00
       32882980        70.46364       987.44851            5.55        08:42:05        4.20e-02        2.00e+00
       32883989        70.46200       988.44929            5.55        08:41:48        4.20e-02        2.00e+00
       32884906        70.46049       989.45029            5.55        08:41:27        4.20e-02        2.00e+00
       32885973        70.45931       990.45029            5.55        08:41:12        4.20e-02        2.00e+00
       32886990        70.45907       991.45054            5.55        08:40:54        4.20e-02        2.00e+00
       32887878        70.45804       992.45080            5.55        08:40:33        4.20e-02        2.00e+00
       32888919        70.45714       993.45146            5.55        08:40:16        4.20e-02        2.00e+00
DEBUG @ t=32890000: current_coupling=0.042, last=0.042
       32890040        70.45665       994.45164            5.55        08:40:01        4.20e-02        2.00e+00
       32891152        70.45496       995.45277            5.55        08:39:47        4.20e-02        2.00e+00
       32892009        70.45322       996.45278            5.55        08:39:25        4.20e-02        2.00e+00
       32893010        70.45263       997.45289            5.55        08:39:07        4.20e-02        2.00e+00
       32894005        70.45125       998.45292            5.56        08:38:49        4.20e-02        2.00e+00
       32895161        70.45074       999.45337            5.55        08:38:36        4.20e-02        2.00e+00
Added F(k,t) reference 5 at t = 1000.003 ps
       32896138        70.44744      1000.45357            5.56        08:38:18        4.20e-02        2.00e+00
       32897188        70.44615      1001.45396            5.56        08:38:02        4.20e-02        2.00e+00
       32898359        70.44455      1002.45398            5.55        08:37:49        4.20e-02        2.00e+00
       32899426        70.44301      1003.45435            5.55        08:37:34        4.20e-02        2.00e+00
DEBUG @ t=32900000: current_coupling=0.042, last=0.042
[HDF5 Writer DEBUG] timestep=32900000, current_time_ps=1004.077, last_output_time=1004.0726556190853, write_count=96172
       32900321        70.44163      1004.45507            5.56        08:37:13        4.20e-02        2.00e+00
       32901156        70.44036      1005.45594            5.56        08:36:51        4.20e-02        2.00e+00
       32902247        70.43958      1006.45605            5.56        08:36:35        4.20e-02        2.00e+00
       32903257        70.43852      1007.45646            5.56        08:36:18        4.20e-02        2.00e+00
       32904287        70.43703      1008.45682            5.56        08:36:01        4.20e-02        2.00e+00
       32905078        70.43557      1009.45761            5.56        08:35:38        4.20e-02        2.00e+00
       32905992        70.43438      1010.45811            5.56        08:35:17        4.20e-02        2.00e+00
       32907139        70.43336      1011.45811            5.56        08:35:04        4.20e-02        2.00e+00
       32908200        70.43200      1012.45892            5.56        08:34:48        4.20e-02        2.00e+00
       32909026        70.43098      1013.45921            5.56        08:34:25        4.20e-02        2.00e+00
       32909870        70.43098      1014.45963            5.56        08:34:03        4.20e-02        2.00e+00
DEBUG @ t=32910000: current_coupling=0.042, last=0.042
       32910784        70.43008      1015.46061            5.56        08:33:43        4.20e-02        2.00e+00
       32911697        70.42908      1016.46129            5.56        08:33:23        4.20e-02        2.00e+00
       32912651        70.42772      1017.46149            5.56        08:33:04        4.20e-02        2.00e+00
       32913649        70.42784      1018.46164            5.56        08:32:45        4.20e-02        2.00e+00
       32914673        70.42770      1019.46240            5.57        08:32:28        4.20e-02        2.00e+00
       32915801        70.42835      1020.46294            5.56        08:32:13        4.20e-02        2.00e+00
       32916874        70.42846      1021.46326            5.57        08:31:57        4.20e-02        2.00e+00
       32918018        70.42818      1022.46346            5.56        08:31:43        4.20e-02        2.00e+00
       32918981        70.42759      1023.46360            5.57        08:31:24        4.20e-02        2.00e+00
DEBUG @ t=32920000: current_coupling=0.042, last=0.042
       32920022        70.42619      1024.46379            5.57        08:31:08        4.20e-02        2.00e+00
       32920971        70.42497      1025.46478            5.57        08:30:49        4.20e-02        2.00e+00
       32921940        70.42333      1026.46550            5.57        08:30:31        4.20e-02        2.00e+00
       32923051        70.42205      1027.46575            5.57        08:30:16        4.20e-02        2.00e+00
       32924081        70.42110      1028.46620            5.57        08:29:59        4.20e-02        2.00e+00
       32925123        70.42070      1029.46627            5.57        08:29:43        4.20e-02        2.00e+00
       32926231        70.41973      1030.46687            5.57        08:29:28        4.20e-02        2.00e+00
       32927362        70.41911      1031.46726            5.57        08:29:14        4.20e-02        2.00e+00
       32928357        70.41808      1032.46774            5.57        08:28:56        4.20e-02        2.00e+00
       32929432        70.41719      1033.46869            5.57        08:28:40        4.20e-02        2.00e+00
DEBUG @ t=32930000: current_coupling=0.042, last=0.042
       32930478        70.41578      1034.46922            5.57        08:28:24        4.20e-02        2.00e+00
       32931565        70.41456      1035.46966            5.57        08:28:09        4.20e-02        2.00e+00
       32932660        70.41311      1036.47022            5.57        08:27:54        4.20e-02        2.00e+00
       32933658        70.41249      1037.47026            5.57        08:27:36        4.20e-02        2.00e+00
       32934692        70.41183      1038.47053            5.57        08:27:19        4.20e-02        2.00e+00
       32935809        70.41168      1039.47143            5.57        08:27:04        4.20e-02        2.00e+00
       32936883        70.41148      1040.47187            5.57        08:26:49        4.20e-02        2.00e+00
       32938012        70.41036      1041.47248            5.57        08:26:34        4.20e-02        2.00e+00
       32939089        70.40921      1042.47301            5.57        08:26:19        4.20e-02        2.00e+00
DEBUG @ t=32940000: current_coupling=0.042, last=0.042
       32940180        70.40773      1043.47313            5.57        08:26:04        4.20e-02        2.00e+00
       32941302        70.40626      1044.47322            5.57        08:25:50        4.20e-02        2.00e+00
       32942348        70.40514      1045.47330            5.57        08:25:34        4.20e-02        2.00e+00
       32943389        70.40411      1046.47419            5.57        08:25:17        4.20e-02        2.00e+00
       32944434        70.40333      1047.47458            5.57        08:25:01        4.20e-02        2.00e+00
       32945480        70.40217      1048.47517            5.57        08:24:44        4.20e-02        2.00e+00
       32946565        70.40202      1049.47553            5.57        08:24:29        4.20e-02        2.00e+00
       32947614        70.40212      1050.47575            5.57        08:24:12        4.20e-02        2.00e+00
       32948653        70.40075      1051.47662            5.57        08:23:56        4.20e-02        2.00e+00
       32949724        70.39896      1052.47751            5.57        08:23:40        4.20e-02        2.00e+00
DEBUG @ t=32950000: current_coupling=0.042, last=0.042
       32950849        70.39720      1053.47810            5.57        08:23:26        4.20e-02        2.00e+00
       32951911        70.39534      1054.47827            5.57        08:23:11        4.20e-02        2.00e+00
       32953031        70.39381      1055.47849            5.57        08:22:57        4.20e-02        2.00e+00
       32954054        70.39248      1056.47914            5.57        08:22:40        4.20e-02        2.00e+00
       32955191        70.39256      1057.47928            5.57        08:22:25        4.20e-02        2.00e+00
       32956294        70.39168      1058.47973            5.57        08:22:11        4.20e-02        2.00e+00
       32957330        70.39154      1059.48007            5.57        08:21:54        4.20e-02        2.00e+00
       32958466        70.39065      1060.48064            5.57        08:21:40        4.20e-02        2.00e+00
       32959566        70.38974      1061.48115            5.57        08:21:25        4.20e-02        2.00e+00
DEBUG @ t=32960000: current_coupling=0.042, last=0.042
       32960631        70.38895      1062.48170            5.57        08:21:09        4.20e-02        2.00e+00
       32961718        70.38805      1063.48244            5.57        08:20:53        4.20e-02        2.00e+00
       32962878        70.38633      1064.48323            5.57        08:20:40        4.20e-02        2.00e+00
       32964025        70.38597      1065.48353            5.57        08:20:26        4.20e-02        2.00e+00
       32965162        70.38711      1066.48373            5.57        08:20:12        4.20e-02        2.00e+00
       32966283        70.38745      1067.48387            5.57        08:19:57        4.20e-02        2.00e+00
       32967445        70.38680      1068.48469            5.57        08:19:43        4.20e-02        2.00e+00
       32968473        70.38731      1069.48543            5.57        08:19:26        4.20e-02        2.00e+00
       32969496        70.38695      1070.48581            5.57        08:19:08        4.20e-02        2.00e+00
DEBUG @ t=32970000: current_coupling=0.042, last=0.042
       32970571        70.38675      1071.48608            5.57        08:18:53        4.20e-02        2.00e+00
       32971602        70.38586      1072.48619            5.57        08:18:36        4.20e-02        2.00e+00
       32972629        70.38499      1073.48675            5.57        08:18:19        4.20e-02        2.00e+00
       32973659        70.38437      1074.48721            5.57        08:18:02        4.20e-02        2.00e+00
       32974650        70.38299      1075.48798            5.57        08:17:45        4.20e-02        2.00e+00
       32975701        70.38168      1076.48836            5.57        08:17:29        4.20e-02        2.00e+00
       32976807        70.38023      1077.48925            5.57        08:17:14        4.20e-02        2.00e+00
       32977773        70.37890      1078.48986            5.57        08:16:56        4.20e-02        2.00e+00
       32978834        70.37718      1079.49057            5.57        08:16:40        4.20e-02        2.00e+00
       32979843        70.37524      1080.49137            5.57        08:16:23        4.20e-02        2.00e+00
DEBUG @ t=32980000: current_coupling=0.042, last=0.042
       32980861        70.37338      1081.49201            5.57        08:16:07        4.20e-02        2.00e+00
       32981860        70.37373      1082.49261            5.57        08:15:49        4.20e-02        2.00e+00
       32982925        70.37356      1083.49265            5.57        08:15:33        4.20e-02        2.00e+00
       32984112        70.37290      1084.49284            5.57        08:15:20        4.20e-02        2.00e+00
       32985150        70.37201      1085.49305            5.57        08:15:03        4.20e-02        2.00e+00
       32986053        70.37064      1086.49319            5.57        08:14:44        4.20e-02        2.00e+00
       32987089        70.37026      1087.49400            5.57        08:14:27        4.20e-02        2.00e+00
       32988076        70.36937      1088.49430            5.57        08:14:09        4.20e-02        2.00e+00
       32989070        70.36862      1089.49528            5.57        08:13:51        4.20e-02        2.00e+00
DEBUG @ t=32990000: current_coupling=0.042, last=0.042
       32990237        70.36847      1090.49589            5.57        08:13:38        4.20e-02        2.00e+00
       32991359        70.36802      1091.49625            5.57        08:13:23        4.20e-02        2.00e+00
       32992513        70.36702      1092.49658            5.57        08:13:10        4.20e-02        2.00e+00
       32993661        70.36571      1093.49694            5.57        08:12:56        4.20e-02        2.00e+00
       32994710        70.36452      1094.49724            5.57        08:12:40        4.20e-02        2.00e+00
       32995803        70.36375      1095.49760            5.57        08:12:25        4.20e-02        2.00e+00
       32996867        70.36263      1096.49851            5.57        08:12:09        4.20e-02        2.00e+00
       32997883        70.36187      1097.49900            5.57        08:11:52        4.20e-02        2.00e+00
       32998928        70.36082      1098.49978            5.57        08:11:36        4.20e-02        2.00e+00
DEBUG @ t=33000000: current_coupling=0.042, last=0.042
[HDF5 Writer DEBUG] timestep=33000000, current_time_ps=1099.477, last_output_time=1099.4729500870785, write_count=105250
       33000026        70.35981      1099.50007            5.57        08:11:21        4.20e-02        2.00e+00
       33001084        70.35955      1100.50013            5.57        08:11:05        4.20e-02        2.00e+00
       33002142        70.35852      1101.50075            5.57        08:10:49        4.20e-02        2.00e+00
       33003304        70.35761      1102.50143            5.57        08:10:35        4.20e-02        2.00e+00
       33004427        70.35596      1103.50156            5.57        08:10:21        4.20e-02        2.00e+00
       33005473        70.35430      1104.50223            5.57        08:10:05        4.20e-02        2.00e+00
       33006567        70.35362      1105.50293            5.57        08:09:50        4.20e-02        2.00e+00
       33007721        70.35297      1106.50306            5.57        08:09:36        4.20e-02        2.00e+00
       33008865        70.35248      1107.50386            5.57        08:09:22        4.20e-02        2.00e+00
       33009911        70.35152      1108.50411            5.57        08:09:06        4.20e-02        2.00e+00
DEBUG @ t=33010000: current_coupling=0.042, last=0.042
       33010889        70.35031      1109.50417            5.57        08:08:48        4.20e-02        2.00e+00
       33011887        70.34942      1110.50452            5.57        08:08:31        4.20e-02        2.00e+00
       33012836        70.34822      1111.50519            5.57        08:08:12        4.20e-02        2.00e+00
       33013805        70.34710      1112.50567            5.57        08:07:54        4.20e-02        2.00e+00
       33014811        70.34598      1113.50657            5.57        08:07:37        4.20e-02        2.00e+00
       33015783        70.34450      1114.50679            5.57        08:07:19        4.20e-02        2.00e+00
       33016760        70.34411      1115.50724            5.57        08:07:01        4.20e-02        2.00e+00
       33017756        70.34358      1116.50744            5.57        08:06:44        4.20e-02        2.00e+00
       33018788        70.34377      1117.50787            5.57        08:06:27        4.20e-02        2.00e+00
       33019770        70.34339      1118.50834            5.57        08:06:09        4.20e-02        2.00e+00
DEBUG @ t=33020000: current_coupling=0.042, last=0.042
       33020753        70.34272      1119.50847            5.57        08:05:51        4.20e-02        2.00e+00
       33021763        70.34183      1120.50902            5.57        08:05:34        4.20e-02        2.00e+00
       33022797        70.34085      1121.50918            5.57        08:05:17        4.20e-02        2.00e+00
       33023881        70.34018      1122.50921            5.57        08:05:02        4.20e-02        2.00e+00
       33024891        70.33937      1123.50999            5.57        08:04:45        4.20e-02        2.00e+00
       33025853        70.33867      1124.51091            5.57        08:04:27        4.20e-02        2.00e+00
       33026867        70.33789      1125.51139            5.58        08:04:10        4.20e-02        2.00e+00
       33027872        70.33717      1126.51204            5.58        08:03:52        4.20e-02        2.00e+00
       33028942        70.33651      1127.51227            5.58        08:03:37        4.20e-02        2.00e+00
DEBUG @ t=33030000: current_coupling=0.042, last=0.042
       33030124        70.33530      1128.51267            5.57        08:03:24        4.20e-02        2.00e+00
       33031212        70.33388      1129.51367            5.57        08:03:09        4.20e-02        2.00e+00
       33032148        70.33282      1130.51376            5.58        08:02:50        4.20e-02        2.00e+00
       33033216        70.33136      1131.51478            5.58        08:02:35        4.20e-02        2.00e+00
       33034163        70.32998      1132.51584            5.58        08:02:16        4.20e-02        2.00e+00
       33035112        70.32885      1133.51652            5.58        08:01:58        4.20e-02        2.00e+00
       33036178        70.32807      1134.51659            5.58        08:01:42        4.20e-02        2.00e+00
       33037139        70.32695      1135.51674            5.58        08:01:24        4.20e-02        2.00e+00
       33038208        70.32557      1136.51766            5.58        08:01:09        4.20e-02        2.00e+00
       33039241        70.32496      1137.51790            5.58        08:00:52        4.20e-02        2.00e+00
DEBUG @ t=33040000: current_coupling=0.042, last=0.042
       33040284        70.32500      1138.51862            5.58        08:00:36        4.20e-02        2.00e+00
       33041283        70.32461      1139.51941            5.58        08:00:18        4.20e-02        2.00e+00
       33042238        70.32362      1140.52009            5.58        08:00:00        4.20e-02        2.00e+00
       33043291        70.32321      1141.52070            5.58        07:59:44        4.20e-02        2.00e+00
       33044329        70.32246      1142.52104            5.58        07:59:27        4.20e-02        2.00e+00
       33045365        70.32183      1143.52146            5.58        07:59:11        4.20e-02        2.00e+00
       33046423        70.32101      1144.52223            5.58        07:58:55        4.20e-02        2.00e+00
       33047482        70.31979      1145.52312            5.58        07:58:39        4.20e-02        2.00e+00
       33048554        70.31834      1146.52355            5.58        07:58:24        4.20e-02        2.00e+00
       33049622        70.31896      1147.52434            5.58        07:58:08        4.20e-02        2.00e+00
DEBUG @ t=33050000: current_coupling=0.042, last=0.042
       33050649        70.31876      1148.52458            5.58        07:57:51        4.20e-02        2.00e+00
       33051710        70.32027      1149.52492            5.58        07:57:34        4.20e-02        2.00e+00
       33052828        70.32022      1150.52577            5.58        07:57:19        4.20e-02        2.00e+00
       33053930        70.31948      1151.52603            5.58        07:57:04        4.20e-02        2.00e+00
       33054901        70.31888      1152.52628            5.58        07:56:47        4.20e-02        2.00e+00
       33055982        70.31788      1153.52708            5.58        07:56:31        4.20e-02        2.00e+00
       33057209        70.31689      1154.52730            5.58        07:56:19        4.20e-02        2.00e+00
       33058424        70.31606      1155.52747            5.58        07:56:07        4.20e-02        2.00e+00
       33059611        70.31500      1156.52828            5.58        07:55:54        4.20e-02        2.00e+00
DEBUG @ t=33060000: current_coupling=0.042, last=0.042
       33060726        70.31427      1157.52907            5.58        07:55:39        4.20e-02        2.00e+00
       33061915        70.31337      1158.52984            5.58        07:55:27        4.20e-02        2.00e+00
       33063106        70.31202      1159.52998            5.58        07:55:14        4.20e-02        2.00e+00
       33064205        70.31070      1160.53031            5.58        07:54:59        4.20e-02        2.00e+00
       33065199        70.30989      1161.53052            5.58        07:54:42        4.20e-02        2.00e+00
       33066107        70.30913      1162.53072            5.58        07:54:23        4.20e-02        2.00e+00
       33067231        70.30904      1163.53093            5.58        07:54:08        4.20e-02        2.00e+00
       33068224        70.30789      1164.53159            5.58        07:53:51        4.20e-02        2.00e+00
       33069256        70.30692      1165.53204            5.58        07:53:34        4.20e-02        2.00e+00
DEBUG @ t=33070000: current_coupling=0.042, last=0.042
       33070402        70.30575      1166.53230            5.58        07:53:21        4.20e-02        2.00e+00
       33071388        70.30459      1167.53278            5.58        07:53:03        4.20e-02        2.00e+00
       33072414        70.30418      1168.53335            5.58        07:52:46        4.20e-02        2.00e+00
       33073418        70.30329      1169.53389            5.58        07:52:29        4.20e-02        2.00e+00
       33074402        70.30273      1170.53480            5.58        07:52:12        4.20e-02        2.00e+00
       33075486        70.30331      1171.53552            5.58        07:51:56        4.20e-02        2.00e+00
       33076660        70.30332      1172.53632            5.58        07:51:42        4.20e-02        2.00e+00
       33077805        70.30306      1173.53649            5.58        07:51:28        4.20e-02        2.00e+00
       33078903        70.30399      1174.53725            5.58        07:51:12        4.20e-02        2.00e+00
DEBUG @ t=33080000: current_coupling=0.042, last=0.042
       33080002        70.30370      1175.53751            5.58        07:50:57        4.20e-02        2.00e+00
       33081062        70.30265      1176.53786            5.58        07:50:42        4.20e-02        2.00e+00
       33082187        70.30145      1177.53865            5.58        07:50:27        4.20e-02        2.00e+00
       33083298        70.29979      1178.53869            5.58        07:50:13        4.20e-02        2.00e+00
       33084444        70.29855      1179.53870            5.58        07:49:59        4.20e-02        2.00e+00
       33085559        70.29729      1180.53933            5.58        07:49:45        4.20e-02        2.00e+00
       33086682        70.29650      1181.53943            5.58        07:49:30        4.20e-02        2.00e+00
       33087918        70.29572      1182.54009            5.58        07:49:18        4.20e-02        2.00e+00
       33089056        70.29464      1183.54098            5.58        07:49:04        4.20e-02        2.00e+00
DEBUG @ t=33090000: current_coupling=0.042, last=0.042
       33090238        70.29463      1184.54143            5.58        07:48:51        4.20e-02        2.00e+00
       33091418        70.29432      1185.54215            5.58        07:48:37        4.20e-02        2.00e+00
       33092612        70.29444      1186.54220            5.57        07:48:24        4.20e-02        2.00e+00
       33093664        70.29463      1187.54295            5.58        07:48:08        4.20e-02        2.00e+00
       33094742        70.29461      1188.54379            5.58        07:47:52        4.20e-02        2.00e+00
       33095809        70.29405      1189.54441            5.58        07:47:36        4.20e-02        2.00e+00
       33096861        70.29349      1190.54476            5.58        07:47:20        4.20e-02        2.00e+00
       33098074        70.29248      1191.54495            5.57        07:47:08        4.20e-02        2.00e+00
       33099120        70.29146      1192.54596            5.57        07:46:52        4.20e-02        2.00e+00
DEBUG @ t=33100000: current_coupling=0.042, last=0.042
[HDF5 Writer DEBUG] timestep=33100000, current_time_ps=1193.475, last_output_time=1193.4659875293664, write_count=114201
       33100067        70.29039      1193.54627            5.58        07:46:34        4.20e-02        2.00e+00
       33101244        70.28980      1194.54715            5.57        07:46:20        4.20e-02        2.00e+00
       33102365        70.28925      1195.54761            5.57        07:46:05        4.20e-02        2.00e+00
       33103540        70.28817      1196.54829            5.57        07:45:52        4.20e-02        2.00e+00
       33104729        70.28683      1197.54909            5.57        07:45:39        4.20e-02        2.00e+00
       33105945        70.28561      1198.54982            5.57        07:45:27        4.20e-02        2.00e+00
       33107063        70.28516      1199.55013            5.57        07:45:12        4.20e-02        2.00e+00
Added F(k,t) reference 6 at t = 1200.004 ps
       33108256        70.28450      1200.55057            5.57        07:44:59        4.20e-02        2.00e+00
       33109403        70.28369      1201.55126            5.57        07:44:45        4.20e-02        2.00e+00
DEBUG @ t=33110000: current_coupling=0.042, last=0.042
       33110445        70.28302      1202.55171            5.57        07:44:29        4.20e-02        2.00e+00
       33111413        70.28260      1203.55235            5.57        07:44:11        4.20e-02        2.00e+00
       33112425        70.28260      1204.55236            5.57        07:43:54        4.20e-02        2.00e+00
2025-11-06 17:13:28 | ERROR | CRITICAL ERROR in simulation: Unable to synchronously flush file (file write failed: time = Thu Nov  6 17:13:28 2025
, filename = 'observables_replica_385.h5', file descriptor = 4, errno = 122, error message = 'Disk quota exceeded', buf = 0x5618a1a5a180, total write size = 2422, bytes this sub-write = 2422, offset = 822082832)
2025-11-06 17:13:28 | ERROR | Full traceback:
2025-11-06 17:13:28 | ERROR | Traceback (most recent call last):
2025-11-06 17:13:28 | ERROR |   File "/scratch/mh7373/micromamba/envs/hoomd/lib/python3.12/site-packages/hoomd/cavitymd/simulation/core.py", line 4753, in run
2025-11-06 17:13:28 | ERROR |     self.run_simulation()
2025-11-06 17:13:28 | ERROR |   File "/scratch/mh7373/micromamba/envs/hoomd/lib/python3.12/site-packages/hoomd/cavitymd/simulation/core.py", line 4807, in run_simulation
2025-11-06 17:13:28 | ERROR |     self.sim.run(total_steps, write_at_start=True)
2025-11-06 17:13:28 | ERROR |   File "/scratch/mh7373/micromamba/envs/hoomd/lib/python3.12/site-packages/hoomd/simulation.py", line 561, in run
2025-11-06 17:13:28 | ERROR |     self._cpp_sys.run(steps_int, write_at_start)
2025-11-06 17:13:28 | ERROR |   File "/scratch/mh7373/micromamba/envs/hoomd/lib/python3.12/site-packages/hoomd/cavitymd/data.py", line 528, in act
2025-11-06 17:13:28 | ERROR |     self.file.flush()
2025-11-06 17:13:28 | ERROR |   File "/scratch/mh7373/micromamba/envs/hoomd/lib/python3.12/site-packages/h5py/_hl/files.py", line 639, in flush
2025-11-06 17:13:28 | ERROR |     h5f.flush(self.id)
2025-11-06 17:13:28 | ERROR |   File "h5py/_objects.pyx", line 56, in h5py._objects.with_phil.wrapper
2025-11-06 17:13:28 | ERROR |   File "h5py/_objects.pyx", line 57, in h5py._objects.with_phil.wrapper
2025-11-06 17:13:28 | ERROR |   File "h5py/h5f.pyx", line 159, in h5py.h5f.flush
2025-11-06 17:13:28 | ERROR | RuntimeError: Unable to synchronously flush file (file write failed: time = Thu Nov  6 17:13:28 2025
2025-11-06 17:13:28 | ERROR | , filename = 'observables_replica_385.h5', file descriptor = 4, errno = 122, error message = 'Disk quota exceeded', buf = 0x5618a1a5a180, total write size = 2422, bytes this sub-write = 2422, offset = 822082832)
2025-11-06 17:13:28 | INFO | Cleanup initiated...
2025-11-06 17:13:28 | INFO | Closing HDF5 observable writer...
2025-11-06 17:13:29 | ERROR | Error closing HDF5 writer: Unable to synchronously flush file (file write failed: time = Thu Nov  6 17:13:29 2025
, filename = 'observables_replica_385.h5', file descriptor = 4, errno = 122, error message = 'Disk quota exceeded', buf = 0x5618a1a6ffb0, total write size = 2422, bytes this sub-write = 2422, offset = 822082832)
DEBUG: Cleanup called - checking for fkt_tracker
DEBUG: No fkt_tracker found or it's None
2025-11-06 17:13:29 | INFO | Returned to original directory: /scratch/mh7373/cav-hoomd/new_final_offres
2025-11-06 17:13:29 | INFO | Cleanup completed
ERROR: Replica 385 failed (coupling: 4.200000e-02 a.u.)

==================================================
Execution Summary
==================================================
Coupling constant used: 4.200000e-02 a.u.
Total replicas: 1
Successful: 0
Failed: 1
Wall time: 18680.30 seconds

WARNING: 1 replicas failed - check individual logs for details
✗ FAILED: DEBUG task 385
