SLURM Job ID: 1642166
SLURM Array Task ID: 242
Using frequency: 2060 cm-1
Fixed coupling strength (lambda): 0.042 (dimensionless)
Frame will be automatically set to: 242
Advanced Cavity MD Experiment Runner
==================================================
SLURM array job detected: Task 242 (Job 1642166)

*** COUPLING CONSTANT: 4.200000e-02 a.u. ***

Simulation Configuration:
  Cavity coupling: Enabled
    Coupling strength: 4.200000e-02 a.u.
    Frequency: 2060.0 cm⁻¹
    Finite-q mode: False
    Cavity thermostat: langevin
  Molecular thermostat: bussi
  Temperature: 100.0 K
  Runtime: 3000.0 ps
  Device: CPU
  Random seed: 0
  Velocity restart: Enabled - thermalizing velocities
  Momentum zeroing: Disabled

Starting execution for 1 replica(s)...
==================================================

Running replica 242...
>>> Will use FRAME 242 from init-0.gsd for this replica <<<
Running experiment:
  Cavity coupling: Enabled
  *** COUPLING STRENGTH: 4.200000e-02 a.u. ***
  Switch time: 200.0 ps
  Decay: None (step function)
  Damping ratio (zeta): 0.0
  Calculated dissipation (c): 0.0000e+00 a.u.
  Molecular thermostat: bussi
  Cavity thermostat: langevin
  Finite-q mode: False
  Replica: 242
  Frame: 242
  Output directory: coupling_420000e-07_freq_2060.0cm1_switch_200.0ps
  *** READING FRAME 242 FROM /scratch/mh7373/cav-hoomd/new_final_offres/init-0.gsd ***
  ✓ Successfully initialized simulation from frame 242
  ✓ Input file: /scratch/mh7373/cav-hoomd/new_final_offres/init-0.gsd
  ✓ Replica 242 ready to run...
2025-11-06 12:02:08 | INFO | ============================================================
2025-11-06 12:02:08 | INFO | CAVITY MD SIMULATION STARTED
2025-11-06 12:02:08 | INFO | ============================================================
2025-11-06 12:02:08 | INFO | Simulation: prod-242
2025-11-06 12:02:08 | INFO | Device: CPU
2025-11-06 12:02:08 | INFO | Runtime: 3000.0 ps
2025-11-06 12:02:08 | INFO | Temperature: 100.0 K
2025-11-06 12:02:08 | INFO | Random seed: 0
2025-11-06 12:02:08 | INFO | Cavity coupling: Enabled
2025-11-06 12:02:08 | INFO |   Frequency: 2060.0 cm^-1
2025-11-06 12:02:08 | INFO |   Lambda coupling: 0.042
2025-11-06 12:02:08 | INFO |   Epsilon (lambda * omega_c): 3.942141e-04 a.u.
2025-11-06 12:02:08 | INFO |   Finite-q mode: False
2025-11-06 12:02:08 | INFO | Molecular thermostat: bussi (tau=1.0 ps)
2025-11-06 12:02:08 | INFO | Cavity thermostat: langevin (tau=1.0 ps)
2025-11-06 12:02:08 | INFO | ============================================================
2025-11-06 12:02:08 | INFO | === Phase 1: Setting up simulation ===
2025-11-06 12:02:08 | INFO | Using default timestep for calculations: 0.0001 ps
2025-11-06 12:02:08 | INFO | Time conversions:
2025-11-06 12:02:08 | INFO |   Timestep: 0.0001 ps = 4.134138 a.u.
2025-11-06 12:02:08 | INFO |   Runtime: 3000.0 ps = 30000000 steps
2025-11-06 12:02:08 | INFO |   Steps per ps: 10000.0
2025-11-06 12:02:08 | INFO | Output periods (steps):
2025-11-06 12:02:08 | INFO |   Energy: 100 (0.010 ps)
2025-11-06 12:02:08 | INFO |   F(k,t): 10000 (1.000 ps)
2025-11-06 12:02:08 | INFO |   GSD: 10000 (1.000 ps)
2025-11-06 12:02:08 | INFO |   Console: 10000 (1.000 ps)
2025-11-06 12:02:08 | INFO | Initializing simulation on CPU
2025-11-06 12:02:08 | INFO | Using user-specified seed: 0
2025-11-06 12:02:08 | INFO | Cavity particle already exists in GSD file (1 found)
2025-11-06 12:02:08 | INFO | Simulation state created from original GSD file with existing cavity particle
2025-11-06 12:02:08 | INFO | Cavity particle validated at index 500, position HOOMDArray([-2.39949894 -0.53410655 -1.85986996])
2025-11-06 12:02:08 | INFO | === Phase 1.5: Setting up time tracker ===
2025-11-06 12:02:08 | INFO | === Phase 2: Configuring forces and thermostats ===
2025-11-06 12:02:08 | INFO | Using lambda_coupling=0.042 (will be scaled by omega_c=0.009386 a.u.)
2025-11-06 12:02:08 | INFO | Using constant coupling: lambda=0.042, epsilon=3.942141e-04 a.u.
CavityForce initialized using cpp implementation
  Using constant lambda coupling: 0.042 (dimensionless)
  Effective epsilon: 3.942141e-04 a.u.
2025-11-06 12:02:08 | INFO | Thermostat time constant conversions:
2025-11-06 12:02:08 | INFO |   Molecular: 1.000 ps = 41341.378917 a.u.
2025-11-06 12:02:08 | INFO |   Cavity: 1.000 ps = 41341.378917 a.u.
2025-11-06 12:02:08 | INFO | Running molecular system with Bussi thermostat (NVT ensemble)
2025-11-06 12:02:08 | INFO | Molecular Bussi thermostat configured: T = 100.0 K, kT = 0.000317 a.u., tau = 1.000 ps
2025-11-06 12:02:08 | INFO | Running cavity with Langevin thermostat
2025-11-06 12:02:08 | INFO | Cavity Langevin thermostat configured: T = 100.0 K, kT = 0.000317 a.u.
2025-11-06 12:02:08 | INFO |   base_gamma = 0.000024 a.u.^-1 (tau = 1.000 ps)
2025-11-06 12:02:08 | INFO |   effective_gamma = 0.000024 a.u.^-1 (damping_factor = 1.0x)
2025-11-06 12:02:08 | INFO | === Phase 3: Setting up integrator and thermalization ===
2025-11-06 12:02:08 | INFO | Integrator configured with initial dt = 4.134138 a.u. (0.000100 ps)
2025-11-06 12:02:08 | INFO | Number of integration methods: 2
2025-11-06 12:02:08 | INFO | CavityParticleDisplacer not needed (constant coupling or q=0 mode)
2025-11-06 12:02:08 | INFO | Using seed 1 for thermalization randomness
2025-11-06 12:02:08 | INFO | Thermalized molecular particles using HOOMD State object
2025-11-06 12:02:08 | INFO | Cavity particle manually thermalized:
2025-11-06 12:02:08 | INFO |   Target temperature: 100.0 K
2025-11-06 12:02:08 | INFO |   Initial velocity: [ 0.02890696 -0.01088686 -0.00939938]
2025-11-06 12:02:08 | INFO |   Expected KE: 0.000521 a.u.
2025-11-06 12:02:08 | INFO |   Expected temperature: 109.7 K
2025-11-06 12:02:08 | INFO |   Using array module: numpy
2025-11-06 12:02:08 | INFO | Checking molecular system temperature after thermalization:
2025-11-06 12:02:08 | INFO |   Number of molecular particles: 500
2025-11-06 12:02:08 | INFO |   Total kinetic energy: 0.249753 a.u.
2025-11-06 12:02:08 | INFO |   Current temperature: 105.1 K
2025-11-06 12:02:08 | INFO | Thermalization completed - velocities properly initialized
2025-11-06 12:02:08 | INFO | === Phase 4: Setting up trackers and loggers ===
2025-11-06 12:02:08 | INFO | Setting up adaptive timestep updater (error_tolerance = 2.0)
Dynamic coupling change detection enabled
Coupling change threshold: ±1.00e-05 a.u.
Shock dampening: error_tolerance drops to 2.00e-10 (factor: 1.00e-10)
Recovery: exponential ramp to 2.00e+00 with τ = 1000.0 ps
Conservative timestep parameters:
  Change threshold: 10.0%
  Max change factor: 1.5
  Min update interval: 1000 steps
  Switch detection tolerance: 0.001 ps
2025-11-06 12:02:08 | INFO | Adaptive timestep updater enabled (check every 1 steps)
CavityForceCompute initialized: omegac=0.00938605 a.u., lambda_coupling=0.042 (dimensionless, from variant), K=8.80979e-05 a.u.
CPU CavityForceCompute initialized successfully
notice(2): charge.pppm: RMS error: 2.31675e-08
NOTICE: Starting from inherited timestep 24650000
  Elapsed time will start from 0, not from inherited simulation time
DEBUG @ t=24650000: current_coupling=0.042, last=None
DEBUG: First coupling check - stored value: 0.042
2025-11-06 12:02:08 | INFO |   Added detailed BussiReservoir energy tracking for method 0
2025-11-06 12:02:08 | INFO |   Added energy tracking for cavityforce
2025-11-06 12:02:08 | INFO |   Added detailed cavity energy components
2025-11-06 12:02:08 | INFO |   Added energy tracking for harmonic
2025-11-06 12:02:08 | INFO |   Added energy tracking for lj
2025-11-06 12:02:08 | INFO |   Added energy tracking for ewald
2025-11-06 12:02:08 | INFO |   Added energy tracking for coulomb
2025-11-06 12:02:08 | INFO | Energy tracking setup completed: 0 methods, 5 forces
2025-11-06 12:02:08 | INFO | Setting up energy tracker with output file: prod-242_energy_tracker.txt
2025-11-06 12:02:08 | INFO | Energy tracker configuration:
2025-11-06 12:02:08 | INFO |   Using time-based output: 0.010 ps
2025-11-06 12:02:08 | INFO |   Max output time: 250.000 ps
2025-11-06 12:02:08 | INFO | Energy tracker configuration:
2025-11-06 12:02:08 | INFO |   Force objects: ['cavity', 'harmonic', 'lj', 'ewald_short', 'ewald_long']
2025-11-06 12:02:08 | INFO |   Thermostat objects: ['bussi_molecular', 'langevin_cavity']
2025-11-06 12:02:08 | INFO |   Using internal kinetic computation (no external tracker needed)
2025-11-06 12:02:08 | INFO |  Energy tracker setup completed with time-based output:
2025-11-06 12:02:08 | INFO |   Output period: 0.010 ps (accurate timing)
2025-11-06 12:02:08 | INFO |   Tracker handles timing internally using ElapsedTimeTracker
2025-11-06 12:02:08 | INFO |   Output limited to 250.000 ps
2025-11-06 12:02:08 | INFO | Setting up F(k,t) density correlation tracker
2025-11-06 12:02:08 | INFO |   k magnitude: 1.00
2025-11-06 12:02:08 | INFO |   Number of wavevectors: 50
2025-11-06 12:02:08 | INFO |   Reference interval: 200.000 ps
2025-11-06 12:02:08 | INFO |   Max references: 20
2025-11-06 12:02:08 | INFO |   Output period: 1.000 ps
2025-11-06 12:02:08 | INFO |   Using time-based reference intervals for adaptive timestep compatibility
2025-11-06 12:02:08 | INFO |   Reference interval: 200.000 ps
2025-11-06 12:02:08 | INFO |   Trigger period: 1 step
2025-11-06 12:02:08 | INFO |   Logarithmic time spacing: DISABLED (regular spacing)
FieldAutocorrelationTracker initialized for density_correlation
  k-magnitude: 1.0
  Wavevectors: 50
  Reference interval: 200.0 ps
  Max references: 20
2025-11-06 12:02:08 | INFO |  F(k,t) tracker successfully enabled with time-based output:
2025-11-06 12:02:08 | INFO |   Output period: 1.000 ps (accurate timing)
2025-11-06 12:02:08 | INFO |   Reference interval: 200.000 ps
2025-11-06 12:02:08 | INFO |   Tracker handles timing internally using ElapsedTimeTracker
2025-11-06 12:02:08 | INFO | Setting up dipole autocorrelation tracker...
2025-11-06 12:02:08 | INFO |   Reference interval: 200.000 ps
2025-11-06 12:02:08 | INFO |   Max references: 20
2025-11-06 12:02:08 | INFO |   Output period: 0.010 ps
2025-11-06 12:02:08 | INFO |   Using time-based reference intervals for adaptive timestep compatibility
2025-11-06 12:02:08 | INFO |   Reference interval: 200.000 ps
2025-11-06 12:02:08 | INFO |   Trigger period: 1 step
2025-11-06 12:02:08 | WARNING | Could not set up dipole autocorrelation tracker: Can't instantiate abstract class AutocorrelationTracker without an implementation for abstract method 'act'
2025-11-06 12:02:08 | INFO | Momentum zeroing disabled
2025-11-06 12:02:08 | INFO |  TRACKING AND LOGGING SETUP COMPLETED:
2025-11-06 12:02:08 | INFO |   All output systems now use precise time-based periods
2025-11-06 12:02:08 | INFO |  Comprehensive temperature tracker enabled
2025-11-06 12:02:08 | INFO |   Output file: temperature_tracker_replica_242.csv
2025-11-06 12:02:08 | INFO |   Output period: 0.1 ps
2025-11-06 12:02:08 | INFO |   Tracking: kinetic, harmonic fictive, LJ+Coul fictive, cavity bath, molecular bath
2025-11-06 12:02:08 | INFO |   Empirical data: None (LJ+Coul fictive temp will be 0)
2025-11-06 12:02:08 | INFO | 
============================================================
2025-11-06 12:02:08 | INFO | HDF5 OBSERVABLE OUTPUT CONFIGURATION
2025-11-06 12:02:08 | INFO | ============================================================
2025-11-06 12:02:08 | INFO | Output file: observables_replica_242.h5
2025-11-06 12:02:08 | INFO | Output period: 0.010 ps
2025-11-06 12:02:08 | INFO | SWMR mode: Enabled (concurrent read access)
2025-11-06 12:02:08 | INFO | ============================================================

✓ HDF5 file structure created: observables_replica_242.h5
ObservableWriter initialized:
  Output file: observables_replica_242.h5
  Output period: 0.01 ps
  Chunk size: 1000
  Compression: gzip
  SWMR mode: True
  Flush interval: 10
✓ Energy tracker registered (18 components)
2025-11-06 12:02:08 | INFO |   Registered energy tracker for HDF5 output
✓ Temperature tracker registered (6 components)
2025-11-06 12:02:08 | INFO |   Registered temperature tracker for HDF5 output
2025-11-06 12:02:08 | INFO | ✓ HDF5 observable output enabled

2025-11-06 12:02:08 | INFO | Advanced features enabled: detailed energy tracking (0.010 ps), F(k,t) density correlation (1.000 ps, k=1.0), dipole autocorrelation (0.010 ps), adaptive timestep control, comprehensive temperature tracker (0.1 ps), HDF5 observable output (0.010 ps)
2025-11-06 12:02:08 | INFO | Console output: 1.000 ps periods (time-based)
2025-11-06 12:02:08 | INFO |   Works accurately for both adaptive and fixed timestep modes
2025-11-06 12:02:08 | INFO | DEBUG: PID controller NOT enabled (enable_pid_controller=False)
2025-11-06 12:02:08 | INFO | === Phase 5: Setting up output writers ===
2025-11-06 12:02:08 | INFO | GSD output setup for adaptive timestep mode:
2025-11-06 12:02:08 | INFO |   GSD trigger: every 1000 steps (target: 1.000 ps)
2025-11-06 12:02:08 | INFO |   Note: GSD timing may vary slightly due to adaptive timestep changes
2025-11-06 12:02:08 | INFO | GSD writer added for file: prod-242.gsd
2025-11-06 12:02:08 | INFO |   GSD output period: 1.000 ps
2025-11-06 12:02:08 | INFO |   GSD truncate mode: False (append to existing file)
2025-11-06 12:02:08 | INFO |  Console output setup completed:
2025-11-06 12:02:08 | INFO |   Output period: 1.000 ps (accurate time-based)
2025-11-06 12:02:08 | INFO |   Lambda coupling column: 4.200000e-02 (dimensionless) (displayed in real-time)
2025-11-06 12:02:08 | INFO |   Console tracker handles timing internally using ElapsedTimeTracker
2025-11-06 12:02:08 | INFO |   Works accurately for both adaptive and fixed timestep modes
2025-11-06 12:02:08 | INFO |  FIXED: Console output now uses precise time-based logic
2025-11-06 12:02:08 | INFO |   Both console and energy tracker use accurate timing
2025-11-06 12:02:08 | INFO |   GSD output timing may vary slightly but is less critical
2025-11-06 12:02:08 | INFO | === Phase 6: Running simulation ===
2025-11-06 12:02:08 | INFO | Starting adaptive timestep simulation for 3000.0 ps
2025-11-06 12:02:08 | INFO | Using max steps: 999999999 (will exit when runtime reached)
2025-11-06 12:02:08 | INFO | Initial timestep: 40.897872 a.u. (0.989 fs)
2025-11-06 12:02:08 | INFO | Timestep will adapt dynamically (error_tolerance = 2.0)
Added F(k,t) reference 0 at t = 0.001 ps
[HDF5 Writer DEBUG] timestep=24650001, current_time_ps=0.001, last_output_time=None, write_count=0
[HDF5 Writer DEBUG] Writing data point 0 at time 0.001 ps
[HDF5 Writer DEBUG] timestep=24650002, current_time_ps=0.002, last_output_time=0.000989272087694071, write_count=1
[HDF5 Writer DEBUG] Skipping output: not time yet (current=0.002, last=0.000989272087694071, period=0.01)
[HDF5 Writer DEBUG] timestep=24650003, current_time_ps=0.003, last_output_time=0.000989272087694071, write_count=1
[HDF5 Writer DEBUG] Skipping output: not time yet (current=0.003, last=0.000989272087694071, period=0.01)
[HDF5 Writer DEBUG] timestep=24650004, current_time_ps=0.004, last_output_time=0.000989272087694071, write_count=1
[HDF5 Writer DEBUG] Skipping output: not time yet (current=0.004, last=0.000989272087694071, period=0.01)
[HDF5 Writer DEBUG] timestep=24650005, current_time_ps=0.005, last_output_time=0.000989272087694071, write_count=1
[HDF5 Writer DEBUG] Skipping output: not time yet (current=0.005, last=0.000989272087694071, period=0.01)
[HDF5 Writer DEBUG] timestep=24650006, current_time_ps=0.006, last_output_time=0.000989272087694071, write_count=1
[HDF5 Writer DEBUG] Skipping output: not time yet (current=0.006, last=0.000989272087694071, period=0.01)
[HDF5 Writer DEBUG] timestep=24650007, current_time_ps=0.007, last_output_time=0.000989272087694071, write_count=1
[HDF5 Writer DEBUG] Skipping output: not time yet (current=0.007, last=0.000989272087694071, period=0.01)
[HDF5 Writer DEBUG] timestep=24650008, current_time_ps=0.008, last_output_time=0.000989272087694071, write_count=1
[HDF5 Writer DEBUG] Skipping output: not time yet (current=0.008, last=0.000989272087694071, period=0.01)
[HDF5 Writer DEBUG] timestep=24650009, current_time_ps=0.009, last_output_time=0.000989272087694071, write_count=1
[HDF5 Writer DEBUG] Skipping output: not time yet (current=0.009, last=0.000989272087694071, period=0.01)
[HDF5 Writer DEBUG] timestep=24650010, current_time_ps=0.010, last_output_time=0.000989272087694071, write_count=1
[HDF5 Writer DEBUG] Skipping output: not time yet (current=0.010, last=0.000989272087694071, period=0.01)
[HDF5 Writer DEBUG] timestep=24650011, current_time_ps=0.011, last_output_time=0.000989272087694071, write_count=1
[HDF5 Writer DEBUG] Skipping output: not time yet (current=0.011, last=0.000989272087694071, period=0.01)
[HDF5 Writer DEBUG] timestep=24650012, current_time_ps=0.012, last_output_time=0.000989272087694071, write_count=1
[HDF5 Writer DEBUG] Writing data point 1 at time 0.012 ps
[HDF5 Writer DEBUG] timestep=24650013, current_time_ps=0.013, last_output_time=0.011871265052328848, write_count=2
[HDF5 Writer DEBUG] Skipping output: not time yet (current=0.013, last=0.011871265052328848, period=0.01)
[HDF5 Writer DEBUG] timestep=24650014, current_time_ps=0.014, last_output_time=0.011871265052328848, write_count=2
[HDF5 Writer DEBUG] Skipping output: not time yet (current=0.014, last=0.011871265052328848, period=0.01)
[HDF5 Writer DEBUG] timestep=24650015, current_time_ps=0.015, last_output_time=0.011871265052328848, write_count=2
[HDF5 Writer DEBUG] Skipping output: not time yet (current=0.015, last=0.011871265052328848, period=0.01)
[HDF5 Writer DEBUG] timestep=24650016, current_time_ps=0.016, last_output_time=0.011871265052328848, write_count=2
[HDF5 Writer DEBUG] Skipping output: not time yet (current=0.016, last=0.011871265052328848, period=0.01)
[HDF5 Writer DEBUG] timestep=24650017, current_time_ps=0.017, last_output_time=0.011871265052328848, write_count=2
[HDF5 Writer DEBUG] Skipping output: not time yet (current=0.017, last=0.011871265052328848, period=0.01)
[HDF5 Writer DEBUG] timestep=24650018, current_time_ps=0.018, last_output_time=0.011871265052328848, write_count=2
[HDF5 Writer DEBUG] Skipping output: not time yet (current=0.018, last=0.011871265052328848, period=0.01)
[HDF5 Writer DEBUG] timestep=24650019, current_time_ps=0.019, last_output_time=0.011871265052328848, write_count=2
[HDF5 Writer DEBUG] Skipping output: not time yet (current=0.019, last=0.011871265052328848, period=0.01)
[HDF5 Writer DEBUG] timestep=24650020, current_time_ps=0.020, last_output_time=0.011871265052328848, write_count=2
[HDF5 Writer DEBUG] Skipping output: not time yet (current=0.020, last=0.011871265052328848, period=0.01)
[HDF5 Writer DEBUG] timestep=24650021, current_time_ps=0.021, last_output_time=0.011871265052328848, write_count=2
[HDF5 Writer DEBUG] Skipping output: not time yet (current=0.021, last=0.011871265052328848, period=0.01)
[HDF5 Writer DEBUG] timestep=24650022, current_time_ps=0.022, last_output_time=0.011871265052328848, write_count=2
[HDF5 Writer DEBUG] Skipping output: not time yet (current=0.022, last=0.011871265052328848, period=0.01)
[HDF5 Writer DEBUG] timestep=24650023, current_time_ps=0.023, last_output_time=0.011871265052328848, write_count=2
[HDF5 Writer DEBUG] Writing data point 2 at time 0.023 ps
✓ SWMR mode enabled - file can now be read concurrently
Simulation.timestep  Simulation.tps Time.elapsed_ps Performance.ns_per_day Performance.eta   Cavity.lambda Adaptive.error_tolerance
       24651013        69.87579         1.00024            5.84        12:20:17        4.20e-02        2.00e+00
       24652176        69.99663         2.00088            5.50        13:04:14        4.20e-02        2.00e+00
       24653237        69.99479         3.00110            5.57        12:54:59        4.20e-02        2.00e+00
       24654325        70.10877         4.00197            5.58        12:53:40        4.20e-02        2.00e+00
       24655420        70.21857         5.00256            5.58        12:53:21        4.20e-02        2.00e+00
       24656551        70.32695         6.00266            5.55        12:56:59        4.20e-02        2.00e+00
       24657650        70.29467         7.00338            5.54        12:57:24        4.20e-02        2.00e+00
       24658752        70.43413         8.00410            5.55        12:56:07        4.20e-02        2.00e+00
       24659828        70.51649         9.00479            5.57        12:53:18        4.20e-02        2.00e+00
DEBUG @ t=24660000: current_coupling=0.042, last=0.042
       24660913        70.62294        10.00549            5.58        12:51:12        4.20e-02        2.00e+00
       24661928        70.72326        11.00569            5.63        12:44:51        4.20e-02        2.00e+00
       24662992        70.75309        12.00628            5.64        12:42:57        4.20e-02        2.00e+00
       24664084        70.82621        13.00705            5.64        12:42:18        4.20e-02        2.00e+00
       24665202        70.92969        14.00721            5.64        12:42:36        4.20e-02        2.00e+00
       24666281        70.97049        15.00777            5.64        12:41:30        4.20e-02        2.00e+00
       24667341        70.97263        16.00845            5.65        12:40:03        4.20e-02        2.00e+00
       24668380        70.94533        17.00890            5.67        12:38:11        4.20e-02        2.00e+00
       24669474        70.94005        18.00948            5.66        12:38:26        4.20e-02        2.00e+00
DEBUG @ t=24670000: current_coupling=0.042, last=0.042
       24670548        70.91174        19.00969            5.66        12:38:09        4.20e-02        2.00e+00
       24671599        70.89534        20.00976            5.67        12:36:59        4.20e-02        2.00e+00
       24672594        70.86044        21.00977            5.69        12:34:15        4.20e-02        2.00e+00
       24673630        70.86226        22.01033            5.70        12:32:40        4.20e-02        2.00e+00
       24674743        70.85159        23.01077            5.69        12:33:41        4.20e-02        2.00e+00
       24675817        70.83960        24.01117            5.69        12:33:29        4.20e-02        2.00e+00
       24676884        70.83323        25.01205            5.69        12:33:00        4.20e-02        2.00e+00
       24677845        70.81684        26.01246            5.71        12:29:50        4.20e-02        2.00e+00
       24678932        70.81635        27.01320            5.71        12:29:58        4.20e-02        2.00e+00
       24679981        70.83027        28.01346            5.71        12:28:59        4.20e-02        2.00e+00
DEBUG @ t=24680000: current_coupling=0.042, last=0.042
       24681029        70.86838        29.01378            5.72        12:27:47        4.20e-02        2.00e+00
       24682137        70.88654        30.01475            5.72        12:28:11        4.20e-02        2.00e+00
       24683159        70.88259        31.01549            5.72        12:26:51        4.20e-02        2.00e+00
       24684201        70.85467        32.01595            5.73        12:26:16        4.20e-02        2.00e+00
       24685186        70.83232        33.01692            5.74        12:24:27        4.20e-02        2.00e+00
       24686196        70.81800        34.01784            5.75        12:23:11        4.20e-02        2.00e+00
       24687148        70.81001        35.01788            5.76        12:20:46        4.20e-02        2.00e+00
       24688118        70.79210        36.01820            5.78        12:18:55        4.20e-02        2.00e+00
       24689174        70.78366        37.01848            5.78        12:18:42        4.20e-02        2.00e+00
DEBUG @ t=24690000: current_coupling=0.042, last=0.042
       24690152        70.77652        38.01945            5.79        12:17:01        4.20e-02        2.00e+00
       24691181        70.76401        39.01976            5.79        12:16:24        4.20e-02        2.00e+00
       24692278        70.75648        40.02039            5.78        12:16:56        4.20e-02        2.00e+00
       24693360        70.75203        41.02100            5.78        12:17:09        4.20e-02        2.00e+00
       24694452        70.75458        42.02171            5.78        12:17:26        4.20e-02        2.00e+00
       24695590        70.76718        43.02220            5.77        12:18:20        4.20e-02        2.00e+00
       24696715        70.76929        44.02309            5.76        12:19:04        4.20e-02        2.00e+00
       24697852        70.77932        45.02337            5.75        12:19:53        4.20e-02        2.00e+00
       24698858        70.78289        46.02376            5.76        12:18:43        4.20e-02        2.00e+00
       24699873        70.79200        47.02451            5.76        12:17:40        4.20e-02        2.00e+00
DEBUG @ t=24700000: current_coupling=0.042, last=0.042
[HDF5 Writer DEBUG] timestep=24700000, current_time_ps=47.149, last_output_time=47.14617653071943, write_count=4520
       24700832        70.82707        48.02464            5.78        12:15:34        4.20e-02        2.00e+00
       24702013        70.88613        49.02470            5.77        12:16:26        4.20e-02        2.00e+00
       24703151        70.89873        50.02555            5.76        12:17:06        4.20e-02        2.00e+00
       24704313        70.94004        51.02579            5.76        12:17:46        4.20e-02        2.00e+00
       24705486        70.97339        52.02620            5.75        12:18:36        4.20e-02        2.00e+00
       24706646        71.04344        53.02651            5.74        12:18:50        4.20e-02        2.00e+00
       24707730        71.06022        54.02708            5.74        12:18:36        4.20e-02        2.00e+00
       24708804        71.05271        55.02771            5.74        12:18:29        4.20e-02        2.00e+00
       24709880        71.04571        56.02816            5.74        12:18:23        4.20e-02        2.00e+00
DEBUG @ t=24710000: current_coupling=0.042, last=0.042
       24710924        71.03575        57.02861            5.74        12:17:55        4.20e-02        2.00e+00
       24712010        71.01855        58.02885            5.74        12:18:03        4.20e-02        2.00e+00
       24713040        71.01435        59.02922            5.74        12:17:23        4.20e-02        2.00e+00
       24714055        71.00698        60.03020            5.75        12:16:35        4.20e-02        2.00e+00
       24715019        71.01589        61.03037            5.76        12:15:04        4.20e-02        2.00e+00
       24716097        71.03404        62.03060            5.76        12:14:46        4.20e-02        2.00e+00
       24717237        71.04441        63.03142            5.75        12:15:13        4.20e-02        2.00e+00
       24718383        71.04248        64.03172            5.75        12:15:49        4.20e-02        2.00e+00
       24719436        71.06741        65.03231            5.75        12:15:09        4.20e-02        2.00e+00
DEBUG @ t=24720000: current_coupling=0.042, last=0.042
       24720399        71.06215        66.03264            5.76        12:13:51        4.20e-02        2.00e+00
       24721331        71.05436        67.03287            5.77        12:12:18        4.20e-02        2.00e+00
       24722311        71.04200        68.03296            5.77        12:11:19        4.20e-02        2.00e+00
       24723344        71.03053        69.03357            5.77        12:10:53        4.20e-02        2.00e+00
       24724313        71.01934        70.03449            5.78        12:09:49        4.20e-02        2.00e+00
       24725334        71.00887        71.03497            5.78        12:09:17        4.20e-02        2.00e+00
       24726427        71.00800        72.03537            5.78        12:09:21        4.20e-02        2.00e+00
       24727545        71.00747        73.03605            5.78        12:09:38        4.20e-02        2.00e+00
       24728620        71.02161        74.03619            5.78        12:09:21        4.20e-02        2.00e+00
       24729679        71.02891        75.03642            5.78        12:09:00        4.20e-02        2.00e+00
DEBUG @ t=24730000: current_coupling=0.042, last=0.042
       24730727        71.02152        76.03733            5.78        12:08:41        4.20e-02        2.00e+00
       24731685        71.01414        77.03768            5.78        12:07:35        4.20e-02        2.00e+00
       24732638        71.02107        78.03864            5.79        12:06:18        4.20e-02        2.00e+00
       24733622        71.02314        79.03880            5.80        12:05:23        4.20e-02        2.00e+00
       24734611        71.01817        80.03892            5.80        12:04:35        4.20e-02        2.00e+00
       24735581        71.01738        81.03936            5.81        12:03:37        4.20e-02        2.00e+00
       24736636        71.01937        82.04008            5.81        12:03:19        4.20e-02        2.00e+00
       24737653        71.01319        83.04025            5.81        12:02:49        4.20e-02        2.00e+00
       24738683        71.00745        84.04060            5.81        12:02:25        4.20e-02        2.00e+00
       24739706        70.99830        85.04128            5.81        12:01:59        4.20e-02        2.00e+00
DEBUG @ t=24740000: current_coupling=0.042, last=0.042
       24740710        70.99880        86.04164            5.82        12:01:19        4.20e-02        2.00e+00
       24741651        70.99149        87.04177            5.82        12:00:16        4.20e-02        2.00e+00
       24742598        70.98235        88.04244            5.83        11:59:16        4.20e-02        2.00e+00
       24743563        70.97696        89.04245            5.83        11:58:25        4.20e-02        2.00e+00
       24744499        70.97480        90.04279            5.84        11:57:19        4.20e-02        2.00e+00
       24745500        70.97422        91.04286            5.84        11:56:42        4.20e-02        2.00e+00
       24746504        70.97761        92.04332            5.85        11:56:05        4.20e-02        2.00e+00
       24747474        70.97737        93.04355            5.85        11:55:16        4.20e-02        2.00e+00
       24748425        70.98285        94.04428            5.86        11:54:15        4.20e-02        2.00e+00
       24749304        70.98365        95.04431            5.87        11:52:48        4.20e-02        2.00e+00
DEBUG @ t=24750000: current_coupling=0.042, last=0.042
       24750266        70.98662        96.04473            5.87        11:51:56        4.20e-02        2.00e+00
       24751383        70.98043        97.04534            5.87        11:52:15        4.20e-02        2.00e+00
       24752390        70.97322        98.04572            5.87        11:51:49        4.20e-02        2.00e+00
       24753347        70.96441        99.04653            5.87        11:51:03        4.20e-02        2.00e+00
       24754366        70.96056       100.04695            5.88        11:50:40        4.20e-02        2.00e+00
       24755399        70.95886       101.04716            5.88        11:50:22        4.20e-02        2.00e+00
       24756465        70.95316       102.04780            5.87        11:50:20        4.20e-02        2.00e+00
       24757500        70.94098       103.04860            5.87        11:50:09        4.20e-02        2.00e+00
       24758524        70.93404       104.04927            5.87        11:49:50        4.20e-02        2.00e+00
       24759528        70.92662       105.05004            5.88        11:49:24        4.20e-02        2.00e+00
DEBUG @ t=24760000: current_coupling=0.042, last=0.042
       24760512        70.92149       106.05046            5.88        11:48:50        4.20e-02        2.00e+00
       24761518        70.92382       107.05085            5.88        11:48:20        4.20e-02        2.00e+00
       24762566        70.93026       108.05177            5.88        11:48:03        4.20e-02        2.00e+00
       24763607        70.92349       109.05188            5.88        11:47:52        4.20e-02        2.00e+00
       24764646        70.92114       110.05196            5.88        11:47:38        4.20e-02        2.00e+00
       24765795        70.92788       111.05269            5.88        11:47:58        4.20e-02        2.00e+00
       24766983        70.94116       112.05276            5.87        11:48:28        4.20e-02        2.00e+00
       24768035        70.94046       113.05359            5.87        11:48:16        4.20e-02        2.00e+00
       24769035        70.94160       114.05386            5.87        11:47:45        4.20e-02        2.00e+00
       24769989        70.93671       115.05442            5.88        11:47:01        4.20e-02        2.00e+00
DEBUG @ t=24770000: current_coupling=0.042, last=0.042
       24771087        70.94002       116.05521            5.87        11:47:03        4.20e-02        2.00e+00
       24772101        70.93812       117.05601            5.87        11:46:39        4.20e-02        2.00e+00
       24773027        70.93405       118.05653            5.88        11:45:46        4.20e-02        2.00e+00
       24774050        70.94340       119.05666            5.88        11:45:19        4.20e-02        2.00e+00
       24775109        70.94483       120.05741            5.88        11:45:09        4.20e-02        2.00e+00
       24776150        70.95583       121.05747            5.88        11:44:48        4.20e-02        2.00e+00
       24777192        70.96869       122.05756            5.88        11:44:25        4.20e-02        2.00e+00
       24778214        70.97388       123.05791            5.88        11:44:01        4.20e-02        2.00e+00
       24779264        70.97393       124.05815            5.88        11:43:48        4.20e-02        2.00e+00
DEBUG @ t=24780000: current_coupling=0.042, last=0.042
       24780246        70.96885       125.05878            5.89        11:43:17        4.20e-02        2.00e+00
       24781236        70.96428       126.05960            5.89        11:42:48        4.20e-02        2.00e+00
       24782206        70.96713       127.05978            5.89        11:42:09        4.20e-02        2.00e+00
       24783213        70.96611       128.06064            5.89        11:41:44        4.20e-02        2.00e+00
       24784208        70.96381       129.06065            5.90        11:41:17        4.20e-02        2.00e+00
       24785214        70.96800       130.06132            5.90        11:40:49        4.20e-02        2.00e+00
       24786210        70.96194       131.06181            5.90        11:40:24        4.20e-02        2.00e+00
       24787174        70.95869       132.06217            5.90        11:39:48        4.20e-02        2.00e+00
       24788184        70.96147       133.06286            5.90        11:39:23        4.20e-02        2.00e+00
       24789232        70.96169       134.06329            5.90        11:39:11        4.20e-02        2.00e+00
DEBUG @ t=24790000: current_coupling=0.042, last=0.042
       24790324        70.95914       135.06347            5.90        11:39:13        4.20e-02        2.00e+00
       24791453        70.95400       136.06402            5.90        11:39:28        4.20e-02        2.00e+00
       24792452        70.94849       137.06450            5.90        11:39:05        4.20e-02        2.00e+00
       24793454        70.94513       138.06461            5.90        11:38:41        4.20e-02        2.00e+00
       24794537        70.94043       139.06492            5.90        11:38:42        4.20e-02        2.00e+00
       24795540        70.93727       140.06500            5.90        11:38:18        4.20e-02        2.00e+00
       24796488        70.93396       141.06502            5.90        11:37:40        4.20e-02        2.00e+00
       24797421        70.93288       142.06530            5.91        11:36:56        4.20e-02        2.00e+00
       24798389        70.93184       143.06554            5.91        11:36:22        4.20e-02        2.00e+00
       24799390        70.93297       144.06629            5.91        11:35:56        4.20e-02        2.00e+00
DEBUG @ t=24800000: current_coupling=0.042, last=0.042
[HDF5 Writer DEBUG] timestep=24800000, current_time_ps=144.677, last_output_time=144.6708936983531, write_count=13782
       24800378        70.93812       145.06682            5.91        11:35:25        4.20e-02        2.00e+00
       24801351        70.93335       146.06732            5.91        11:34:55        4.20e-02        2.00e+00
       24802329        70.92544       147.06830            5.92        11:34:29        4.20e-02        2.00e+00
       24803332        70.92669       148.06836            5.92        11:34:05        4.20e-02        2.00e+00
       24804415        70.92512       149.06914            5.91        11:34:03        4.20e-02        2.00e+00
       24805460        70.92150       150.07016            5.91        11:33:53        4.20e-02        2.00e+00
       24806472        70.91894       151.07021            5.92        11:33:34        4.20e-02        2.00e+00
       24807547        70.91565       152.07099            5.91        11:33:31        4.20e-02        2.00e+00
       24808588        70.91638       153.07144            5.91        11:33:17        4.20e-02        2.00e+00
       24809576        70.91882       154.07173            5.92        11:32:48        4.20e-02        2.00e+00
DEBUG @ t=24810000: current_coupling=0.042, last=0.042
       24810625        70.92722       155.07237            5.92        11:32:32        4.20e-02        2.00e+00
       24811680        70.92525       156.07284            5.91        11:32:23        4.20e-02        2.00e+00
       24812730        70.92660       157.07319            5.91        11:32:11        4.20e-02        2.00e+00
       24813767        70.93134       158.07346            5.91        11:31:54        4.20e-02        2.00e+00
       24814811        70.93510       159.07390            5.91        11:31:39        4.20e-02        2.00e+00
       24815916        70.93618       160.07415            5.91        11:31:41        4.20e-02        2.00e+00
       24816922        70.93880       161.07469            5.91        11:31:17        4.20e-02        2.00e+00
       24818089        70.94106       162.07535            5.91        11:31:33        4.20e-02        2.00e+00
       24819274        70.94142       163.07619            5.90        11:31:55        4.20e-02        2.00e+00
DEBUG @ t=24820000: current_coupling=0.042, last=0.042
       24820436        70.93661       164.07686            5.90        11:32:13        4.20e-02        2.00e+00
       24821585        70.93270       165.07688            5.90        11:32:27        4.20e-02        2.00e+00
       24822741        70.93066       166.07766            5.89        11:32:41        4.20e-02        2.00e+00
       24823776        70.92758       167.07793            5.89        11:32:27        4.20e-02        2.00e+00
       24824857        70.92628       168.07864            5.89        11:32:23        4.20e-02        2.00e+00
       24825909        70.92444       169.07891            5.89        11:32:12        4.20e-02        2.00e+00
       24826963        70.92782       170.07981            5.89        11:31:58        4.20e-02        2.00e+00
       24827952        70.92663       171.08054            5.89        11:31:32        4.20e-02        2.00e+00
       24829027        70.92172       172.08129            5.89        11:31:28        4.20e-02        2.00e+00
DEBUG @ t=24830000: current_coupling=0.042, last=0.042
       24830135        70.91796       173.08220            5.89        11:31:31        4.20e-02        2.00e+00
       24831049        70.91317       174.08301            5.89        11:30:50        4.20e-02        2.00e+00
       24832227        70.91355       175.08328            5.89        11:31:06        4.20e-02        2.00e+00
       24833279        70.91185       176.08418            5.89        11:30:55        4.20e-02        2.00e+00
       24834225        70.91128       177.08470            5.89        11:30:19        4.20e-02        2.00e+00
       24835210        70.91252       178.08481            5.89        11:29:51        4.20e-02        2.00e+00
       24836338        70.91122       179.08510            5.89        11:29:57        4.20e-02        2.00e+00
       24837419        70.90879       180.08521            5.89        11:29:52        4.20e-02        2.00e+00
       24838506        70.90895       181.08600            5.88        11:29:47        4.20e-02        2.00e+00
       24839624        70.90808       182.08639            5.88        11:29:50        4.20e-02        2.00e+00
DEBUG @ t=24840000: current_coupling=0.042, last=0.042
       24840627        70.90819       183.08639            5.88        11:29:27        4.20e-02        2.00e+00
       24841681        70.90915       184.08719            5.88        11:29:14        4.20e-02        2.00e+00
       24842750        70.90810       185.08752            5.88        11:29:06        4.20e-02        2.00e+00
       24843672        70.90937       186.08759            5.89        11:28:25        4.20e-02        2.00e+00
       24844617        70.90597       187.08822            5.89        11:27:52        4.20e-02        2.00e+00
       24845637        70.90133       188.08893            5.89        11:27:35        4.20e-02        2.00e+00
       24846720        70.89841       189.08904            5.89        11:27:31        4.20e-02        2.00e+00
       24847690        70.89620       190.09003            5.89        11:27:03        4.20e-02        2.00e+00
       24848723        70.89411       191.09042            5.89        11:26:48        4.20e-02        2.00e+00
       24849797        70.89045       192.09084            5.89        11:26:42        4.20e-02        2.00e+00
DEBUG @ t=24850000: current_coupling=0.042, last=0.042
       24850831        70.88909       193.09128            5.89        11:26:27        4.20e-02        2.00e+00
       24851926        70.88559       194.09149            5.89        11:26:26        4.20e-02        2.00e+00
       24852951        70.88185       195.09164            5.89        11:26:10        4.20e-02        2.00e+00
       24854011        70.87698       196.09185            5.89        11:26:02        4.20e-02        2.00e+00
       24855126        70.87592       197.09244            5.88        11:26:03        4.20e-02        2.00e+00
       24856237        70.87299       198.09247            5.88        11:26:04        4.20e-02        2.00e+00
       24857334        70.87039       199.09251            5.88        11:26:02        4.20e-02        2.00e+00
SWITCH DETECTED at timestep 24858388: t = 200.000542 ps
  Forcing immediate timestep adjustment for shock dampening
Added F(k,t) reference 1 at t = 200.001 ps
       24858494        70.86866       200.09299            5.88        11:26:11        4.20e-02        2.00e+00
       24859645        70.87124       201.09370            5.87        11:26:16        4.20e-02        2.00e+00
DEBUG @ t=24860000: current_coupling=0.042, last=0.042
       24860804        70.86869       202.09438            5.87        11:26:26        4.20e-02        2.00e+00
       24861955        70.86739       203.09490            5.87        11:26:32        4.20e-02        2.00e+00
       24863008        70.86564       204.09551            5.87        11:26:20        4.20e-02        2.00e+00
       24863958        70.86643       205.09574            5.87        11:25:47        4.20e-02        2.00e+00
       24865001        70.86967       206.09604            5.87        11:25:30        4.20e-02        2.00e+00
       24866007        70.86971       207.09673            5.87        11:25:08        4.20e-02        2.00e+00
       24866913        70.86611       208.09693            5.87        11:24:30        4.20e-02        2.00e+00
       24867817        70.86225       209.09789            5.88        11:23:51        4.20e-02        2.00e+00
       24868772        70.85950       210.09805            5.88        11:23:22        4.20e-02        2.00e+00
       24869780        70.85910       211.09848            5.88        11:23:01        4.20e-02        2.00e+00
DEBUG @ t=24870000: current_coupling=0.042, last=0.042
       24870763        70.86365       212.09865            5.88        11:22:33        4.20e-02        2.00e+00
       24871755        70.86567       213.09939            5.88        11:22:08        4.20e-02        2.00e+00
       24872808        70.86256       214.09948            5.88        11:21:57        4.20e-02        2.00e+00
       24873848        70.86070       215.10008            5.88        11:21:43        4.20e-02        2.00e+00
       24874933        70.86178       216.10091            5.88        11:21:36        4.20e-02        2.00e+00
       24875968        70.86548       217.10115            5.88        11:21:18        4.20e-02        2.00e+00
       24876998        70.87312       218.10133            5.88        11:20:57        4.20e-02        2.00e+00
       24878008        70.87147       219.10227            5.88        11:20:37        4.20e-02        2.00e+00
       24878980        70.87203       220.10314            5.89        11:20:10        4.20e-02        2.00e+00
       24879963        70.87992       221.10363            5.89        11:19:40        4.20e-02        2.00e+00
DEBUG @ t=24880000: current_coupling=0.042, last=0.042
       24881010        70.88874       222.10419            5.89        11:19:21        4.20e-02        2.00e+00
       24882019        70.89154       223.10450            5.89        11:19:00        4.20e-02        2.00e+00
       24883058        70.89192       224.10515            5.89        11:18:44        4.20e-02        2.00e+00
       24884153        70.88934       225.10544            5.89        11:18:41        4.20e-02        2.00e+00
       24885094        70.88865       226.10577            5.89        11:18:09        4.20e-02        2.00e+00
       24885983        70.88542       227.10596            5.89        11:17:30        4.20e-02        2.00e+00
       24886953        70.88246       228.10681            5.90        11:17:05        4.20e-02        2.00e+00
       24887957        70.87932       229.10687            5.90        11:16:47        4.20e-02        2.00e+00
       24888951        70.87582       230.10775            5.90        11:16:26        4.20e-02        2.00e+00
       24889959        70.87604       231.10852            5.90        11:16:06        4.20e-02        2.00e+00
DEBUG @ t=24890000: current_coupling=0.042, last=0.042
       24890918        70.87338       232.10909            5.90        11:15:40        4.20e-02        2.00e+00
       24891849        70.87489       233.10930            5.90        11:15:06        4.20e-02        2.00e+00
       24892828        70.87556       234.11020            5.90        11:14:41        4.20e-02        2.00e+00
       24893872        70.87388       235.11108            5.90        11:14:28        4.20e-02        2.00e+00
       24894932        70.87341       236.11111            5.90        11:14:18        4.20e-02        2.00e+00
       24896020        70.87059       237.11116            5.90        11:14:13        4.20e-02        2.00e+00
       24897039        70.86774       238.11123            5.90        11:13:57        4.20e-02        2.00e+00
       24898083        70.86484       239.11141            5.90        11:13:45        4.20e-02        2.00e+00
       24899192        70.86570       240.11181            5.90        11:13:41        4.20e-02        2.00e+00
DEBUG @ t=24900000: current_coupling=0.042, last=0.042
[HDF5 Writer DEBUG] timestep=24900000, current_time_ps=240.906, last_output_time=240.8991575607525, write_count=22991
       24900204        70.86786       241.11264            5.90        11:13:21        4.20e-02        2.00e+00
       24901296        70.87154       242.11343            5.90        11:13:13        4.20e-02        2.00e+00
       24902436        70.87023       243.11389            5.90        11:13:15        4.20e-02        2.00e+00
       24903464        70.86963       244.11473            5.90        11:12:59        4.20e-02        2.00e+00
       24904523        70.87176       245.11495            5.90        11:12:46        4.20e-02        2.00e+00
       24905594        70.87569       246.11500            5.90        11:12:35        4.20e-02        2.00e+00
       24906641        70.88023       247.11541            5.90        11:12:19        4.20e-02        2.00e+00
       24907660        70.88049       248.11620            5.90        11:12:01        4.20e-02        2.00e+00
       24908694        70.88053       249.11691            5.90        11:11:45        4.20e-02        2.00e+00
       24909762        70.88044       250.11717            5.90        11:11:35        4.20e-02        2.00e+00
DEBUG @ t=24910000: current_coupling=0.042, last=0.042
       24910872        70.87782       251.11800            5.89        11:11:33        4.20e-02        2.00e+00
       24911980        70.87621       252.11881            5.89        11:11:30        4.20e-02        2.00e+00
       24913040        70.87473       253.11914            5.89        11:11:19        4.20e-02        2.00e+00
       24914097        70.87364       254.12002            5.89        11:11:07        4.20e-02        2.00e+00
       24915242        70.87817       255.12007            5.89        11:11:06        4.20e-02        2.00e+00
       24916396        70.87937       256.12076            5.89        11:11:08        4.20e-02        2.00e+00
       24917545        70.88046       257.12136            5.88        11:11:09        4.20e-02        2.00e+00
       24918671        70.87911       258.12224            5.88        11:11:08        4.20e-02        2.00e+00
       24919685        70.87768       259.12274            5.88        11:10:50        4.20e-02        2.00e+00
DEBUG @ t=24920000: current_coupling=0.042, last=0.042
       24920725        70.87693       260.12343            5.88        11:10:35        4.20e-02        2.00e+00
       24921749        70.87584       261.12374            5.88        11:10:19        4.20e-02        2.00e+00
       24922952        70.87320       262.12378            5.88        11:10:29        4.20e-02        2.00e+00
       24924105        70.87209       263.12385            5.88        11:10:32        4.20e-02        2.00e+00
       24925122        70.87159       264.12397            5.88        11:10:14        4.20e-02        2.00e+00
       24926220        70.87153       265.12445            5.88        11:10:07        4.20e-02        2.00e+00
       24927392        70.87305       266.12454            5.87        11:10:10        4.20e-02        2.00e+00
       24928502        70.87531       267.12458            5.87        11:10:04        4.20e-02        2.00e+00
       24929657        70.87766       268.12533            5.87        11:10:04        4.20e-02        2.00e+00
DEBUG @ t=24930000: current_coupling=0.042, last=0.042
       24930797        70.88501       269.12550            5.87        11:09:59        4.20e-02        2.00e+00
       24931866        70.88250       270.12623            5.87        11:09:49        4.20e-02        2.00e+00
       24932947        70.87934       271.12700            5.87        11:09:41        4.20e-02        2.00e+00
       24934056        70.87655       272.12750            5.87        11:09:37        4.20e-02        2.00e+00
       24935130        70.87478       273.12783            5.87        11:09:28        4.20e-02        2.00e+00
       24936335        70.87572       274.12824            5.86        11:09:35        4.20e-02        2.00e+00
       24937347        70.87478       275.12914            5.86        11:09:16        4.20e-02        2.00e+00
       24938423        70.88360       276.13006            5.86        11:09:01        4.20e-02        2.00e+00
       24939434        70.88546       277.13035            5.86        11:08:40        4.20e-02        2.00e+00
DEBUG @ t=24940000: current_coupling=0.042, last=0.042
       24940453        70.88355       278.13040            5.86        11:08:23        4.20e-02        2.00e+00
       24941472        70.88260       279.13123            5.86        11:08:05        4.20e-02        2.00e+00
       24942611        70.88273       280.13156            5.86        11:08:03        4.20e-02        2.00e+00
       24943674        70.88188       281.13211            5.86        11:07:52        4.20e-02        2.00e+00
       24944750        70.87896       282.13269            5.86        11:07:43        4.20e-02        2.00e+00
       24945847        70.87724       283.13358            5.86        11:07:36        4.20e-02        2.00e+00
       24946908        70.87585       284.13367            5.86        11:07:24        4.20e-02        2.00e+00
       24947912        70.87524       285.13445            5.86        11:07:04        4.20e-02        2.00e+00
       24948913        70.87403       286.13479            5.86        11:06:44        4.20e-02        2.00e+00
       24949947        70.87406       287.13561            5.86        11:06:28        4.20e-02        2.00e+00
DEBUG @ t=24950000: current_coupling=0.042, last=0.042
       24950985        70.87359       288.13585            5.86        11:06:12        4.20e-02        2.00e+00
       24952001        70.87359       289.13629            5.86        11:05:54        4.20e-02        2.00e+00
       24953063        70.87328       290.13711            5.86        11:05:41        4.20e-02        2.00e+00
       24954104        70.87107       291.13790            5.86        11:05:27        4.20e-02        2.00e+00
       24955126        70.86929       292.13858            5.86        11:05:10        4.20e-02        2.00e+00
       24956226        70.86785       293.13877            5.86        11:05:04        4.20e-02        2.00e+00
       24957274        70.86633       294.13887            5.86        11:04:50        4.20e-02        2.00e+00
       24958287        70.86517       295.13911            5.86        11:04:32        4.20e-02        2.00e+00
       24959351        70.86510       296.13922            5.86        11:04:20        4.20e-02        2.00e+00
DEBUG @ t=24960000: current_coupling=0.042, last=0.042
       24960395        70.86540       297.13923            5.86        11:04:05        4.20e-02        2.00e+00
       24961508        70.86733       298.14004            5.86        11:03:57        4.20e-02        2.00e+00
       24962623        70.86708       299.14064            5.86        11:03:52        4.20e-02        2.00e+00
       24963642        70.87083       300.14080            5.86        11:03:32        4.20e-02        2.00e+00
       24964858        70.87536       301.14121            5.86        11:03:36        4.20e-02        2.00e+00
       24965969        70.87369       302.14195            5.86        11:03:30        4.20e-02        2.00e+00
       24966972        70.87312       303.14261            5.86        11:03:10        4.20e-02        2.00e+00
       24968062        70.87562       304.14289            5.86        11:03:00        4.20e-02        2.00e+00
       24969104        70.87737       305.14386            5.86        11:02:43        4.20e-02        2.00e+00
DEBUG @ t=24970000: current_coupling=0.042, last=0.042
       24970193        70.87691       306.14393            5.85        11:02:34        4.20e-02        2.00e+00
       24971245        70.87397       307.14477            5.85        11:02:22        4.20e-02        2.00e+00
       24972219        70.87141       308.14478            5.86        11:01:59        4.20e-02        2.00e+00
       24973215        70.87004       309.14484            5.86        11:01:39        4.20e-02        2.00e+00
       24974220        70.86966       310.14569            5.86        11:01:20        4.20e-02        2.00e+00
       24975219        70.86775       311.14653            5.86        11:01:00        4.20e-02        2.00e+00
       24976241        70.86850       312.14712            5.86        11:00:42        4.20e-02        2.00e+00
       24977244        70.86838       313.14720            5.86        11:00:22        4.20e-02        2.00e+00
       24978274        70.86948       314.14776            5.86        11:00:05        4.20e-02        2.00e+00
       24979295        70.87243       315.14823            5.86        10:59:46        4.20e-02        2.00e+00
DEBUG @ t=24980000: current_coupling=0.042, last=0.042
       24980326        70.87099       316.14894            5.86        10:59:30        4.20e-02        2.00e+00
       24981396        70.87019       317.14902            5.86        10:59:19        4.20e-02        2.00e+00
       24982471        70.87010       318.14906            5.86        10:59:07        4.20e-02        2.00e+00
       24983688        70.87002       319.14975            5.86        10:59:13        4.20e-02        2.00e+00
       24984799        70.87031       320.14981            5.85        10:59:06        4.20e-02        2.00e+00
       24985905        70.86795       321.15058            5.85        10:58:59        4.20e-02        2.00e+00
       24987081        70.86712       322.15073            5.85        10:59:00        4.20e-02        2.00e+00
       24988196        70.86684       323.15150            5.85        10:58:54        4.20e-02        2.00e+00
       24989243        70.86642       324.15175            5.85        10:58:39        4.20e-02        2.00e+00
DEBUG @ t=24990000: current_coupling=0.042, last=0.042
       24990418        70.86976       325.15273            5.85        10:58:37        4.20e-02        2.00e+00
       24991422        70.86883       326.15323            5.85        10:58:18        4.20e-02        2.00e+00
       24992319        70.86667       327.15348            5.85        10:57:47        4.20e-02        2.00e+00
       24993375        70.86513       328.15386            5.85        10:57:34        4.20e-02        2.00e+00
       24994566        70.86559       329.15452            5.85        10:57:36        4.20e-02        2.00e+00
       24995594        70.86391       330.15478            5.85        10:57:20        4.20e-02        2.00e+00
       24996747        70.86528       331.15501            5.85        10:57:16        4.20e-02        2.00e+00
       24997855        70.86365       332.15565            5.85        10:57:09        4.20e-02        2.00e+00
       24998993        70.86243       333.15614            5.84        10:57:05        4.20e-02        2.00e+00
DEBUG @ t=25000000: current_coupling=0.042, last=0.042
[HDF5 Writer DEBUG] timestep=25000000, current_time_ps=334.009, last_output_time=333.99923209374384, write_count=31864
       25000179        70.86144       334.15678            5.84        10:57:06        4.20e-02        2.00e+00
       25001165        70.85973       335.15763            5.84        10:56:45        4.20e-02        2.00e+00
       25002214        70.85834       336.15807            5.84        10:56:32        4.20e-02        2.00e+00
       25003193        70.85595       337.15901            5.84        10:56:10        4.20e-02        2.00e+00
       25004238        70.85313       338.15987            5.84        10:55:57        4.20e-02        2.00e+00
       25005365        70.85172       339.16029            5.84        10:55:51        4.20e-02        2.00e+00
       25006416        70.84941       340.16041            5.84        10:55:38        4.20e-02        2.00e+00
       25007393        70.84678       341.16107            5.84        10:55:17        4.20e-02        2.00e+00
       25008434        70.84435       342.16113            5.84        10:55:03        4.20e-02        2.00e+00
       25009537        70.84379       343.16192            5.84        10:54:54        4.20e-02        2.00e+00
DEBUG @ t=25010000: current_coupling=0.042, last=0.042
       25010602        70.84714       344.16242            5.84        10:54:39        4.20e-02        2.00e+00
       25011635        70.85071       345.16296            5.84        10:54:21        4.20e-02        2.00e+00
       25012753        70.85361       346.16314            5.84        10:54:12        4.20e-02        2.00e+00
       25013799        70.85518       347.16382            5.84        10:53:56        4.20e-02        2.00e+00
       25014797        70.85435       348.16419            5.84        10:53:36        4.20e-02        2.00e+00
       25015839        70.85283       349.16487            5.84        10:53:22        4.20e-02        2.00e+00
       25016877        70.85124       350.16537            5.84        10:53:07        4.20e-02        2.00e+00
       25017935        70.84911       351.16584            5.84        10:52:54        4.20e-02        2.00e+00
       25018940        70.84751       352.16593            5.84        10:52:36        4.20e-02        2.00e+00
       25019968        70.84608       353.16652            5.84        10:52:20        4.20e-02        2.00e+00
DEBUG @ t=25020000: current_coupling=0.042, last=0.042
       25021039        70.84366       354.16690            5.84        10:52:09        4.20e-02        2.00e+00
       25022131        70.84557       355.16736            5.84        10:51:57        4.20e-02        2.00e+00
       25023182        70.85589       356.16747            5.84        10:51:37        4.20e-02        2.00e+00
       25024257        70.85650       357.16832            5.84        10:51:25        4.20e-02        2.00e+00
       25025193        70.85634       358.16915            5.84        10:50:58        4.20e-02        2.00e+00
       25026164        70.85636       359.16958            5.85        10:50:36        4.20e-02        2.00e+00
       25027203        70.85772       360.17045            5.85        10:50:19        4.20e-02        2.00e+00
       25028167        70.85757       361.17092            5.85        10:49:56        4.20e-02        2.00e+00
       25029107        70.85712       362.17141            5.85        10:49:30        4.20e-02        2.00e+00
DEBUG @ t=25030000: current_coupling=0.042, last=0.042
       25030116        70.85733       363.17154            5.85        10:49:11        4.20e-02        2.00e+00
       25031215        70.85745       364.17215            5.85        10:49:02        4.20e-02        2.00e+00
       25032253        70.85728       365.17236            5.85        10:48:46        4.20e-02        2.00e+00
       25033261        70.85620       366.17248            5.85        10:48:28        4.20e-02        2.00e+00
       25034199        70.85430       367.17322            5.85        10:48:03        4.20e-02        2.00e+00
       25035139        70.85465       368.17365            5.85        10:47:37        4.20e-02        2.00e+00
       25036161        70.85569       369.17444            5.85        10:47:20        4.20e-02        2.00e+00
       25037205        70.85529       370.17480            5.85        10:47:05        4.20e-02        2.00e+00
       25038197        70.85450       371.17569            5.85        10:46:45        4.20e-02        2.00e+00
       25039267        70.85493       372.17649            5.85        10:46:32        4.20e-02        2.00e+00
DEBUG @ t=25040000: current_coupling=0.042, last=0.042
       25040273        70.85362       373.17706            5.85        10:46:14        4.20e-02        2.00e+00
       25041195        70.85171       374.17775            5.85        10:45:48        4.20e-02        2.00e+00
       25042255        70.85086       375.17792            5.85        10:45:35        4.20e-02        2.00e+00
       25043224        70.85109       376.17818            5.86        10:45:13        4.20e-02        2.00e+00
       25044233        70.85040       377.17838            5.86        10:44:55        4.20e-02        2.00e+00
       25045256        70.84944       378.17926            5.86        10:44:38        4.20e-02        2.00e+00
       25046324        70.85019       379.17995            5.86        10:44:25        4.20e-02        2.00e+00
       25047412        70.85052       380.18086            5.86        10:44:14        4.20e-02        2.00e+00
       25048369        70.84933       381.18174            5.86        10:43:52        4.20e-02        2.00e+00
       25049417        70.84802       382.18263            5.86        10:43:38        4.20e-02        2.00e+00
DEBUG @ t=25050000: current_coupling=0.042, last=0.042
       25050474        70.84718       383.18294            5.86        10:43:25        4.20e-02        2.00e+00
       25051523        70.84957       384.18301            5.86        10:43:09        4.20e-02        2.00e+00
       25052506        70.84966       385.18360            5.86        10:42:48        4.20e-02        2.00e+00
       25053533        70.84886       386.18410            5.86        10:42:32        4.20e-02        2.00e+00
       25054622        70.84888       387.18424            5.86        10:42:21        4.20e-02        2.00e+00
       25055685        70.84917       388.18496            5.86        10:42:08        4.20e-02        2.00e+00
       25056685        70.84881       389.18548            5.86        10:41:49        4.20e-02        2.00e+00
       25057607        70.84769       390.18604            5.86        10:41:23        4.20e-02        2.00e+00
       25058559        70.84614       391.18688            5.86        10:41:01        4.20e-02        2.00e+00
       25059569        70.84579       392.18727            5.86        10:40:43        4.20e-02        2.00e+00
DEBUG @ t=25060000: current_coupling=0.042, last=0.042
       25060587        70.84523       393.18730            5.86        10:40:26        4.20e-02        2.00e+00
       25061564        70.84517       394.18762            5.86        10:40:05        4.20e-02        2.00e+00
       25062500        70.84364       395.18834            5.86        10:39:41        4.20e-02        2.00e+00
       25063530        70.84468       396.18887            5.86        10:39:24        4.20e-02        2.00e+00
       25064549        70.84525       397.18915            5.86        10:39:07        4.20e-02        2.00e+00
       25065577        70.84508       398.18965            5.86        10:38:51        4.20e-02        2.00e+00
       25066542        70.84383       399.19030            5.87        10:38:29        4.20e-02        2.00e+00
Added F(k,t) reference 2 at t = 400.002 ps
       25067548        70.84235       400.19038            5.87        10:38:12        4.20e-02        2.00e+00
       25068520        70.84120       401.19103            5.87        10:37:51        4.20e-02        2.00e+00
       25069402        70.83912       402.19171            5.87        10:37:23        4.20e-02        2.00e+00
DEBUG @ t=25070000: current_coupling=0.042, last=0.042
       25070347        70.83777       403.19208            5.87        10:37:00        4.20e-02        2.00e+00
       25071318        70.83643       404.19240            5.87        10:36:39        4.20e-02        2.00e+00
       25072277        70.83470       405.19279            5.87        10:36:18        4.20e-02        2.00e+00
       25073325        70.83469       406.19349            5.87        10:36:04        4.20e-02        2.00e+00
       25074325        70.83501       407.19392            5.87        10:35:45        4.20e-02        2.00e+00
       25075310        70.83923       408.19407            5.87        10:35:23        4.20e-02        2.00e+00
       25076231        70.83953       409.19514            5.88        10:34:57        4.20e-02        2.00e+00
       25077316        70.84130       410.19596            5.88        10:34:45        4.20e-02        2.00e+00
       25078368        70.84065       411.19622            5.87        10:34:32        4.20e-02        2.00e+00
       25079392        70.83976       412.19716            5.88        10:34:16        4.20e-02        2.00e+00
DEBUG @ t=25080000: current_coupling=0.042, last=0.042
       25080355        70.83771       413.19725            5.88        10:33:55        4.20e-02        2.00e+00
       25081401        70.83642       414.19768            5.88        10:33:42        4.20e-02        2.00e+00
       25082461        70.83494       415.19821            5.88        10:33:29        4.20e-02        2.00e+00
       25083433        70.83345       416.19881            5.88        10:33:09        4.20e-02        2.00e+00
       25084448        70.83452       417.19929            5.88        10:32:51        4.20e-02        2.00e+00
       25085372        70.83316       418.19952            5.88        10:32:27        4.20e-02        2.00e+00
       25086470        70.83172       419.20009            5.88        10:32:18        4.20e-02        2.00e+00
       25087589        70.83217       420.20085            5.88        10:32:10        4.20e-02        2.00e+00
       25088703        70.83070       421.20126            5.88        10:32:02        4.20e-02        2.00e+00
       25089678        70.83130       422.20132            5.88        10:31:41        4.20e-02        2.00e+00
DEBUG @ t=25090000: current_coupling=0.042, last=0.042
       25090655        70.83165       423.20197            5.88        10:31:21        4.20e-02        2.00e+00
       25091735        70.83185       424.20250            5.88        10:31:09        4.20e-02        2.00e+00
       25092853        70.83226       425.20292            5.88        10:31:01        4.20e-02        2.00e+00
       25093911        70.83208       426.20296            5.88        10:30:48        4.20e-02        2.00e+00
       25094956        70.83132       427.20335            5.88        10:30:34        4.20e-02        2.00e+00
       25095880        70.83010       428.20354            5.88        10:30:10        4.20e-02        2.00e+00
       25096824        70.82808       429.20356            5.88        10:29:48        4.20e-02        2.00e+00
       25097973        70.82798       430.20392            5.88        10:29:42        4.20e-02        2.00e+00
       25099136        70.83053       431.20459            5.88        10:29:36        4.20e-02        2.00e+00
DEBUG @ t=25100000: current_coupling=0.042, last=0.042
[HDF5 Writer DEBUG] timestep=25100000, current_time_ps=432.037, last_output_time=432.02818923554776, write_count=41202
       25100168        70.83552       432.20473            5.88        10:29:18        4.20e-02        2.00e+00
       25101235        70.83575       433.20547            5.88        10:29:05        4.20e-02        2.00e+00
       25102304        70.83483       434.20618            5.87        10:28:53        4.20e-02        2.00e+00
       25103365        70.83371       435.20696            5.87        10:28:41        4.20e-02        2.00e+00
       25104326        70.83176       436.20733            5.88        10:28:20        4.20e-02        2.00e+00
       25105264        70.83010       437.20775            5.88        10:27:58        4.20e-02        2.00e+00
       25106338        70.83098       438.20780            5.88        10:27:45        4.20e-02        2.00e+00
       25107322        70.83119       439.20821            5.88        10:27:26        4.20e-02        2.00e+00
       25108345        70.83008       440.20869            5.88        10:27:10        4.20e-02        2.00e+00
       25109311        70.82920       441.20895            5.88        10:26:50        4.20e-02        2.00e+00
DEBUG @ t=25110000: current_coupling=0.042, last=0.042
       25110311        70.82801       442.20982            5.88        10:26:32        4.20e-02        2.00e+00
       25111199        70.82805       443.21017            5.88        10:26:05        4.20e-02        2.00e+00
       25112184        70.82638       444.21021            5.88        10:25:47        4.20e-02        2.00e+00
       25113233        70.82405       445.21032            5.88        10:25:34        4.20e-02        2.00e+00
       25114204        70.82270       446.21041            5.88        10:25:14        4.20e-02        2.00e+00
       25115234        70.82222       447.21063            5.88        10:24:59        4.20e-02        2.00e+00
       25116229        70.82169       448.21072            5.88        10:24:41        4.20e-02        2.00e+00
       25117274        70.82054       449.21113            5.88        10:24:27        4.20e-02        2.00e+00
       25118243        70.82216       450.21190            5.88        10:24:06        4.20e-02        2.00e+00
       25119203        70.82077       451.21191            5.88        10:23:46        4.20e-02        2.00e+00
DEBUG @ t=25120000: current_coupling=0.042, last=0.042
       25120159        70.81917       452.21201            5.88        10:23:25        4.20e-02        2.00e+00
       25121103        70.81631       453.21247            5.89        10:23:04        4.20e-02        2.00e+00
       25122095        70.81470       454.21346            5.89        10:22:47        4.20e-02        2.00e+00
       25123075        70.81253       455.21428            5.89        10:22:28        4.20e-02        2.00e+00
       25124015        70.81218       456.21489            5.89        10:22:06        4.20e-02        2.00e+00
       25124999        70.81244       457.21573            5.89        10:21:47        4.20e-02        2.00e+00
       25125961        70.80930       458.21633            5.89        10:21:28        4.20e-02        2.00e+00
       25126876        70.80638       459.21665            5.89        10:21:05        4.20e-02        2.00e+00
       25127852        70.80232       460.21757            5.89        10:20:47        4.20e-02        2.00e+00
       25128935        70.79895       461.21826            5.89        10:20:38        4.20e-02        2.00e+00
       25129922        70.79901       462.21860            5.89        10:20:19        4.20e-02        2.00e+00
DEBUG @ t=25130000: current_coupling=0.042, last=0.042
       25130848        70.79901       463.21881            5.89        10:19:56        4.20e-02        2.00e+00
       25131802        70.79651       464.21924            5.89        10:19:36        4.20e-02        2.00e+00
       25132774        70.79753       465.21959            5.89        10:19:15        4.20e-02        2.00e+00
       25133755        70.79448       466.22038            5.89        10:18:58        4.20e-02        2.00e+00
       25134737        70.79055       467.22102            5.90        10:18:41        4.20e-02        2.00e+00
       25135727        70.78698       468.22181            5.90        10:18:25        4.20e-02        2.00e+00
       25136759        70.78382       469.22231            5.90        10:18:11        4.20e-02        2.00e+00
       25137827        70.78123       470.22322            5.89        10:18:00        4.20e-02        2.00e+00
       25138795        70.77935       471.22429            5.90        10:17:41        4.20e-02        2.00e+00
       25139787        70.77793       472.22456            5.90        10:17:24        4.20e-02        2.00e+00
DEBUG @ t=25140000: current_coupling=0.042, last=0.042
       25140841        70.77432       473.22472            5.90        10:17:12        4.20e-02        2.00e+00
       25141804        70.77192       474.22502            5.90        10:16:53        4.20e-02        2.00e+00
       25142763        70.77053       475.22552            5.90        10:16:33        4.20e-02        2.00e+00
       25143783        70.76833       476.22581            5.90        10:16:18        4.20e-02        2.00e+00
       25144734        70.76593       477.22673            5.90        10:15:59        4.20e-02        2.00e+00
       25145625        70.76562       478.22702            5.90        10:15:33        4.20e-02        2.00e+00
       25146643        70.76398       479.22804            5.90        10:15:18        4.20e-02        2.00e+00
       25147555        70.76152       480.22841            5.90        10:14:55        4.20e-02        2.00e+00
       25148408        70.76014       481.22899            5.90        10:14:28        4.20e-02        2.00e+00
       25149314        70.75804       482.22953            5.90        10:14:05        4.20e-02        2.00e+00
DEBUG @ t=25150000: current_coupling=0.042, last=0.042
       25150334        70.75585       483.23034            5.90        10:13:50        4.20e-02        2.00e+00
       25151185        70.75433       484.23074            5.91        10:13:22        4.20e-02        2.00e+00
       25152040        70.75420       485.23155            5.91        10:12:55        4.20e-02        2.00e+00
       25153032        70.75276       486.23173            5.91        10:12:38        4.20e-02        2.00e+00
       25154022        70.75183       487.23183            5.91        10:12:20        4.20e-02        2.00e+00
       25155031        70.75015       488.23235            5.91        10:12:05        4.20e-02        2.00e+00
       25156028        70.74701       489.23279            5.91        10:11:49        4.20e-02        2.00e+00
       25157059        70.74469       490.23344            5.91        10:11:35        4.20e-02        2.00e+00
       25158046        70.74329       491.23417            5.91        10:11:18        4.20e-02        2.00e+00
       25159103        70.74296       492.23459            5.91        10:11:05        4.20e-02        2.00e+00
DEBUG @ t=25160000: current_coupling=0.042, last=0.042
       25160156        70.74398       493.23540            5.91        10:10:51        4.20e-02        2.00e+00
       25161167        70.74465       494.23562            5.91        10:10:34        4.20e-02        2.00e+00
       25162154        70.74335       495.23659            5.91        10:10:17        4.20e-02        2.00e+00
       25163138        70.74223       496.23688            5.91        10:09:59        4.20e-02        2.00e+00
       25164068        70.74222       497.23787            5.91        10:09:37        4.20e-02        2.00e+00
       25164975        70.74233       498.23891            5.91        10:09:13        4.20e-02        2.00e+00
       25165928        70.74165       499.23975            5.91        10:08:53        4.20e-02        2.00e+00
       25166905        70.74059       500.24052            5.91        10:08:35        4.20e-02        2.00e+00
       25167880        70.74015       501.24082            5.92        10:08:17        4.20e-02        2.00e+00
       25168877        70.74187       502.24110            5.92        10:07:59        4.20e-02        2.00e+00
       25169936        70.74329       503.24165            5.92        10:07:45        4.20e-02        2.00e+00
DEBUG @ t=25170000: current_coupling=0.042, last=0.042
       25170930        70.74297       504.24193            5.92        10:07:28        4.20e-02        2.00e+00
       25171863        70.74233       505.24245            5.92        10:07:07        4.20e-02        2.00e+00
       25172870        70.74179       506.24309            5.92        10:06:50        4.20e-02        2.00e+00
       25173881        70.74108       507.24411            5.92        10:06:35        4.20e-02        2.00e+00
       25174857        70.74124       508.24488            5.92        10:06:16        4.20e-02        2.00e+00
       25175896        70.74064       509.24532            5.92        10:06:02        4.20e-02        2.00e+00
       25177004        70.74036       510.24585            5.92        10:05:53        4.20e-02        2.00e+00
       25178085        70.74058       511.24600            5.92        10:05:41        4.20e-02        2.00e+00
       25179187        70.74023       512.24639            5.92        10:05:32        4.20e-02        2.00e+00
DEBUG @ t=25180000: current_coupling=0.042, last=0.042
       25180186        70.73950       513.24663            5.92        10:05:15        4.20e-02        2.00e+00
       25181214        70.73943       514.24685            5.92        10:05:00        4.20e-02        2.00e+00
       25182322        70.73886       515.24732            5.92        10:04:51        4.20e-02        2.00e+00
       25183276        70.73745       516.24783            5.92        10:04:31        4.20e-02        2.00e+00
       25184310        70.73661       517.24827            5.92        10:04:17        4.20e-02        2.00e+00
       25185473        70.73886       518.24869            5.91        10:04:10        4.20e-02        2.00e+00
       25186572        70.74146       519.24877            5.91        10:03:59        4.20e-02        2.00e+00
       25187665        70.74116       520.24877            5.91        10:03:48        4.20e-02        2.00e+00
       25188729        70.74052       521.24878            5.91        10:03:36        4.20e-02        2.00e+00
       25189739        70.74205       522.24954            5.91        10:03:19        4.20e-02        2.00e+00
DEBUG @ t=25190000: current_coupling=0.042, last=0.042
       25190775        70.74283       523.24993            5.91        10:03:04        4.20e-02        2.00e+00
       25191895        70.74511       524.24997            5.91        10:02:54        4.20e-02        2.00e+00
       25192935        70.74870       525.25052            5.91        10:02:38        4.20e-02        2.00e+00
       25194035        70.75093       526.25083            5.91        10:02:27        4.20e-02        2.00e+00
       25195138        70.75329       527.25090            5.91        10:02:16        4.20e-02        2.00e+00
       25196169        70.76052       528.25125            5.91        10:01:57        4.20e-02        2.00e+00
       25197235        70.76057       529.25175            5.91        10:01:44        4.20e-02        2.00e+00
       25198180        70.76297       530.25255            5.91        10:01:23        4.20e-02        2.00e+00
       25199134        70.76211       531.25322            5.91        10:01:03        4.20e-02        2.00e+00
DEBUG @ t=25200000: current_coupling=0.042, last=0.042
[HDF5 Writer DEBUG] timestep=25200000, current_time_ps=532.180, last_output_time=532.1720370483673, write_count=50719
       25200068        70.76093       532.25323            5.92        10:00:43        4.20e-02        2.00e+00
       25201139        70.75988       533.25406            5.92        10:00:31        4.20e-02        2.00e+00
       25202163        70.75838       534.25448            5.92        10:00:16        4.20e-02        2.00e+00
       25203114        70.75711       535.25519            5.92        09:59:57        4.20e-02        2.00e+00
       25204077        70.75552       536.25589            5.92        09:59:39        4.20e-02        2.00e+00
       25205121        70.75423       537.25590            5.92        09:59:25        4.20e-02        2.00e+00
       25206200        70.75353       538.25636            5.92        09:59:14        4.20e-02        2.00e+00
       25207209        70.75281       539.25691            5.92        09:58:58        4.20e-02        2.00e+00
       25208225        70.75213       540.25719            5.92        09:58:43        4.20e-02        2.00e+00
       25209383        70.75085       541.25755            5.91        09:58:37        4.20e-02        2.00e+00
DEBUG @ t=25210000: current_coupling=0.042, last=0.042
       25210371        70.75140       542.25780            5.92        09:58:19        4.20e-02        2.00e+00
       25211453        70.75392       543.25831            5.91        09:58:06        4.20e-02        2.00e+00
       25212376        70.75349       544.25888            5.92        09:57:45        4.20e-02        2.00e+00
       25213537        70.75503       545.25915            5.91        09:57:37        4.20e-02        2.00e+00
       25214610        70.75466       546.25937            5.91        09:57:26        4.20e-02        2.00e+00
       25215766        70.75382       547.25973            5.91        09:57:19        4.20e-02        2.00e+00
       25216794        70.75422       548.25999            5.91        09:57:04        4.20e-02        2.00e+00
       25217896        70.75412       549.26011            5.91        09:56:54        4.20e-02        2.00e+00
       25219018        70.75322       550.26083            5.91        09:56:45        4.20e-02        2.00e+00
DEBUG @ t=25220000: current_coupling=0.042, last=0.042
       25220126        70.75318       551.26144            5.91        09:56:35        4.20e-02        2.00e+00
       25221158        70.75388       552.26169            5.91        09:56:20        4.20e-02        2.00e+00
       25222237        70.75347       553.26172            5.91        09:56:08        4.20e-02        2.00e+00
       25223293        70.75491       554.26240            5.91        09:55:54        4.20e-02        2.00e+00
       25224293        70.75529       555.26272            5.91        09:55:37        4.20e-02        2.00e+00
       25225430        70.75439       556.26310            5.91        09:55:29        4.20e-02        2.00e+00
       25226552        70.75422       557.26334            5.91        09:55:20        4.20e-02        2.00e+00
       25227543        70.75314       558.26406            5.91        09:55:03        4.20e-02        2.00e+00
       25228689        70.75241       559.26464            5.91        09:54:56        4.20e-02        2.00e+00
       25229855        70.75267       560.26513            5.91        09:54:49        4.20e-02        2.00e+00
DEBUG @ t=25230000: current_coupling=0.042, last=0.042
       25231074        70.75271       561.26594            5.90        09:54:46        4.20e-02        2.00e+00
       25232197        70.75401       562.26599            5.90        09:54:36        4.20e-02        2.00e+00
       25233242        70.75338       563.26686            5.90        09:54:22        4.20e-02        2.00e+00
       25234474        70.75356       564.26705            5.90        09:54:19        4.20e-02        2.00e+00
       25235506        70.75254       565.26746            5.90        09:54:05        4.20e-02        2.00e+00
       25236531        70.75210       566.26823            5.90        09:53:50        4.20e-02        2.00e+00
       25237713        70.75150       567.26876            5.90        09:53:44        4.20e-02        2.00e+00
       25238846        70.75079       568.26936            5.90        09:53:36        4.20e-02        2.00e+00
       25239993        70.75293       569.26990            5.90        09:53:27        4.20e-02        2.00e+00
DEBUG @ t=25240000: current_coupling=0.042, last=0.042
       25241237        70.75464       570.27066            5.90        09:53:24        4.20e-02        2.00e+00
       25242308        70.75506       571.27070            5.90        09:53:11        4.20e-02        2.00e+00
       25243496        70.75456       572.27140            5.89        09:53:05        4.20e-02        2.00e+00
       25244502        70.75370       573.27153            5.89        09:52:49        4.20e-02        2.00e+00
       25245529        70.75456       574.27190            5.89        09:52:34        4.20e-02        2.00e+00
       25246593        70.75400       575.27222            5.89        09:52:21        4.20e-02        2.00e+00
       25247825        70.75381       576.27222            5.89        09:52:18        4.20e-02        2.00e+00
       25248995        70.75505       577.27292            5.89        09:52:10        4.20e-02        2.00e+00
DEBUG @ t=25250000: current_coupling=0.042, last=0.042
       25250164        70.75803       578.27367            5.89        09:52:02        4.20e-02        2.00e+00
       25251387        70.76165       579.27407            5.89        09:51:56        4.20e-02        2.00e+00
       25252481        70.76372       580.27488            5.89        09:51:44        4.20e-02        2.00e+00
       25253513        70.76648       581.27535            5.89        09:51:27        4.20e-02        2.00e+00
       25254654        70.77170       582.27601            5.89        09:51:16        4.20e-02        2.00e+00
       25255609        70.77228       583.27632            5.89        09:50:56        4.20e-02        2.00e+00
       25256695        70.77308       584.27682            5.89        09:50:44        4.20e-02        2.00e+00
       25257716        70.77233       585.27801            5.89        09:50:28        4.20e-02        2.00e+00
       25258550        70.77124       586.27814            5.89        09:50:02        4.20e-02        2.00e+00
       25259645        70.77076       587.27859            5.89        09:49:51        4.20e-02        2.00e+00
DEBUG @ t=25260000: current_coupling=0.042, last=0.042
       25260692        70.77113       588.27903            5.89        09:49:37        4.20e-02        2.00e+00
       25261640        70.77022       589.27987            5.89        09:49:17        4.20e-02        2.00e+00
       25262616        70.76917       590.28018            5.89        09:49:00        4.20e-02        2.00e+00
       25263681        70.76855       591.28035            5.89        09:48:47        4.20e-02        2.00e+00
       25264758        70.76933       592.28047            5.89        09:48:34        4.20e-02        2.00e+00
       25265812        70.76980       593.28133            5.89        09:48:20        4.20e-02        2.00e+00
       25266878        70.77057       594.28154            5.89        09:48:07        4.20e-02        2.00e+00
       25267944        70.77198       595.28219            5.89        09:47:53        4.20e-02        2.00e+00
       25268941        70.77255       596.28268            5.89        09:47:35        4.20e-02        2.00e+00
       25269919        70.77271       597.28345            5.89        09:47:17        4.20e-02        2.00e+00
DEBUG @ t=25270000: current_coupling=0.042, last=0.042
       25270857        70.77188       598.28417            5.89        09:46:57        4.20e-02        2.00e+00
       25271768        70.77070       599.28481            5.89        09:46:36        4.20e-02        2.00e+00
Added F(k,t) reference 3 at t = 600.002 ps
       25272693        70.76999       600.28500            5.89        09:46:15        4.20e-02        2.00e+00
       25273675        70.76921       601.28579            5.89        09:45:58        4.20e-02        2.00e+00
       25274784        70.76875       602.28609            5.89        09:45:47        4.20e-02        2.00e+00
       25275802        70.76853       603.28648            5.89        09:45:32        4.20e-02        2.00e+00
       25276777        70.76855       604.28730            5.89        09:45:13        4.20e-02        2.00e+00
       25277746        70.76847       605.28808            5.90        09:44:55        4.20e-02        2.00e+00
       25278777        70.76924       606.28811            5.90        09:44:40        4.20e-02        2.00e+00
       25279799        70.76956       607.28893            5.90        09:44:24        4.20e-02        2.00e+00
DEBUG @ t=25280000: current_coupling=0.042, last=0.042
       25280763        70.76908       608.28893            5.90        09:44:05        4.20e-02        2.00e+00
       25281710        70.76912       609.28985            5.90        09:43:46        4.20e-02        2.00e+00
       25282744        70.76910       610.29081            5.90        09:43:31        4.20e-02        2.00e+00
       25283768        70.76875       611.29167            5.90        09:43:16        4.20e-02        2.00e+00
       25284802        70.76757       612.29224            5.90        09:43:01        4.20e-02        2.00e+00
       25285855        70.76736       613.29280            5.90        09:42:48        4.20e-02        2.00e+00
       25286935        70.76545       614.29362            5.90        09:42:36        4.20e-02        2.00e+00
       25287996        70.76255       615.29399            5.90        09:42:24        4.20e-02        2.00e+00
       25289091        70.75987       616.29416            5.90        09:42:14        4.20e-02        2.00e+00
DEBUG @ t=25290000: current_coupling=0.042, last=0.042
       25290154        70.75704       617.29433            5.89        09:42:02        4.20e-02        2.00e+00
       25291295        70.75485       618.29491            5.89        09:41:54        4.20e-02        2.00e+00
       25292444        70.75412       619.29514            5.89        09:41:46        4.20e-02        2.00e+00
       25293417        70.75179       620.29531            5.89        09:41:29        4.20e-02        2.00e+00
       25294484        70.74982       621.29583            5.89        09:41:17        4.20e-02        2.00e+00
       25295600        70.74835       622.29594            5.89        09:41:07        4.20e-02        2.00e+00
       25296625        70.74896       623.29652            5.89        09:40:52        4.20e-02        2.00e+00
       25297688        70.74744       624.29733            5.89        09:40:39        4.20e-02        2.00e+00
       25298741        70.74614       625.29762            5.89        09:40:26        4.20e-02        2.00e+00
       25299831        70.74549       626.29764            5.89        09:40:14        4.20e-02        2.00e+00
DEBUG @ t=25300000: current_coupling=0.042, last=0.042
[HDF5 Writer DEBUG] timestep=25300000, current_time_ps=626.458, last_output_time=626.4569273881367, write_count=59710
       25300939        70.74298       627.29766            5.89        09:40:05        4.20e-02        2.00e+00
       25302006        70.74062       628.29849            5.89        09:39:53        4.20e-02        2.00e+00
       25303031        70.73791       629.29916            5.89        09:39:38        4.20e-02        2.00e+00
       25304161        70.73501       630.29968            5.89        09:39:30        4.20e-02        2.00e+00
       25305252        70.73230       631.30003            5.89        09:39:20        4.20e-02        2.00e+00
       25306377        70.73033       632.30011            5.89        09:39:10        4.20e-02        2.00e+00
       25307450        70.72818       633.30019            5.89        09:38:59        4.20e-02        2.00e+00
       25308378        70.72688       634.30046            5.89        09:38:39        4.20e-02        2.00e+00
       25309296        70.72438       635.30108            5.89        09:38:19        4.20e-02        2.00e+00
DEBUG @ t=25310000: current_coupling=0.042, last=0.042
       25310322        70.72336       636.30195            5.89        09:38:04        4.20e-02        2.00e+00
       25311372        70.72256       637.30255            5.89        09:37:50        4.20e-02        2.00e+00
       25312285        70.72020       638.30314            5.89        09:37:30        4.20e-02        2.00e+00
       25313257        70.71867       639.30394            5.89        09:37:13        4.20e-02        2.00e+00
       25314293        70.71621       640.30441            5.89        09:36:59        4.20e-02        2.00e+00
       25315271        70.71382       641.30478            5.89        09:36:43        4.20e-02        2.00e+00
       25316235        70.71141       642.30510            5.89        09:36:25        4.20e-02        2.00e+00
       25317190        70.71007       643.30582            5.89        09:36:07        4.20e-02        2.00e+00
       25318173        70.70838       644.30654            5.89        09:35:50        4.20e-02        2.00e+00
       25319100        70.70653       645.30724            5.89        09:35:31        4.20e-02        2.00e+00
DEBUG @ t=25320000: current_coupling=0.042, last=0.042
       25320013        70.70422       646.30740            5.89        09:35:11        4.20e-02        2.00e+00
       25320960        70.70265       647.30758            5.89        09:34:52        4.20e-02        2.00e+00
       25321920        70.70029       648.30838            5.89        09:34:35        4.20e-02        2.00e+00
       25322868        70.69801       649.30851            5.89        09:34:17        4.20e-02        2.00e+00
       25323819        70.69588       650.30890            5.89        09:33:59        4.20e-02        2.00e+00
       25324794        70.69389       651.30910            5.90        09:33:42        4.20e-02        2.00e+00
       25325806        70.69130       652.30993            5.90        09:33:27        4.20e-02        2.00e+00
       25326832        70.69126       653.31059            5.90        09:33:12        4.20e-02        2.00e+00
       25327846        70.69055       654.31065            5.90        09:32:57        4.20e-02        2.00e+00
       25328831        70.68926       655.31110            5.90        09:32:40        4.20e-02        2.00e+00
       25329808        70.68677       656.31124            5.90        09:32:24        4.20e-02        2.00e+00
DEBUG @ t=25330000: current_coupling=0.042, last=0.042
       25330770        70.68589       657.31156            5.90        09:32:06        4.20e-02        2.00e+00
       25331717        70.68487       658.31244            5.90        09:31:47        4.20e-02        2.00e+00
       25332710        70.68292       659.31281            5.90        09:31:31        4.20e-02        2.00e+00
       25333645        70.68116       660.31382            5.90        09:31:12        4.20e-02        2.00e+00
       25334599        70.68011       661.31479            5.90        09:30:54        4.20e-02        2.00e+00
       25335565        70.67826       662.31481            5.90        09:30:37        4.20e-02        2.00e+00
       25336562        70.67685       663.31515            5.90        09:30:21        4.20e-02        2.00e+00
       25337502        70.67500       664.31519            5.90        09:30:02        4.20e-02        2.00e+00
       25338550        70.67350       665.31582            5.90        09:29:49        4.20e-02        2.00e+00
       25339575        70.67245       666.31664            5.90        09:29:34        4.20e-02        2.00e+00
DEBUG @ t=25340000: current_coupling=0.042, last=0.042
       25340538        70.67082       667.31706            5.90        09:29:17        4.20e-02        2.00e+00
       25341576        70.66836       668.31707            5.90        09:29:04        4.20e-02        2.00e+00
       25342596        70.66714       669.31713            5.90        09:28:49        4.20e-02        2.00e+00
       25343584        70.66761       670.31785            5.90        09:28:32        4.20e-02        2.00e+00
       25344522        70.66598       671.31857            5.90        09:28:13        4.20e-02        2.00e+00
       25345501        70.66355       672.31920            5.90        09:27:57        4.20e-02        2.00e+00
       25346561        70.66194       673.31959            5.90        09:27:44        4.20e-02        2.00e+00
       25347577        70.66012       674.31963            5.90        09:27:29        4.20e-02        2.00e+00
       25348675        70.65915       675.31963            5.90        09:27:18        4.20e-02        2.00e+00
       25349733        70.65810       676.31966            5.90        09:27:05        4.20e-02        2.00e+00
DEBUG @ t=25350000: current_coupling=0.042, last=0.042
       25350775        70.65586       677.32030            5.90        09:26:52        4.20e-02        2.00e+00
       25351799        70.65414       678.32069            5.90        09:26:38        4.20e-02        2.00e+00
       25352804        70.65326       679.32073            5.90        09:26:22        4.20e-02        2.00e+00
       25353909        70.65193       680.32130            5.90        09:26:11        4.20e-02        2.00e+00
       25355026        70.65053       681.32171            5.90        09:26:01        4.20e-02        2.00e+00
       25356075        70.64828       682.32253            5.90        09:25:48        4.20e-02        2.00e+00
       25357136        70.64728       683.32282            5.90        09:25:36        4.20e-02        2.00e+00
       25358147        70.64719       684.32321            5.90        09:25:20        4.20e-02        2.00e+00
       25359179        70.64570       685.32350            5.90        09:25:06        4.20e-02        2.00e+00
DEBUG @ t=25360000: current_coupling=0.042, last=0.042
       25360232        70.64385       686.32441            5.90        09:24:53        4.20e-02        2.00e+00
       25361302        70.64188       687.32451            5.90        09:24:41        4.20e-02        2.00e+00
       25362359        70.64004       688.32464            5.90        09:24:28        4.20e-02        2.00e+00
       25363425        70.63812       689.32549            5.90        09:24:16        4.20e-02        2.00e+00
       25364466        70.63757       690.32587            5.90        09:24:02        4.20e-02        2.00e+00
       25365543        70.63621       691.32619            5.90        09:23:49        4.20e-02        2.00e+00
       25366563        70.63586       692.32621            5.90        09:23:34        4.20e-02        2.00e+00
       25367572        70.63531       693.32705            5.90        09:23:19        4.20e-02        2.00e+00
       25368622        70.63317       694.32758            5.90        09:23:06        4.20e-02        2.00e+00
       25369636        70.63274       695.32798            5.90        09:22:50        4.20e-02        2.00e+00
DEBUG @ t=25370000: current_coupling=0.042, last=0.042
       25370693        70.63100       696.32892            5.90        09:22:37        4.20e-02        2.00e+00
       25371684        70.63168       697.32962            5.90        09:22:20        4.20e-02        2.00e+00
       25372644        70.63000       698.32993            5.90        09:22:03        4.20e-02        2.00e+00
       25373725        70.62788       699.33036            5.90        09:21:51        4.20e-02        2.00e+00
       25374789        70.62615       700.33070            5.90        09:21:39        4.20e-02        2.00e+00
       25375804        70.62442       701.33082            5.90        09:21:24        4.20e-02        2.00e+00
       25376851        70.62212       702.33113            5.90        09:21:11        4.20e-02        2.00e+00
       25377876        70.62036       703.33194            5.90        09:20:57        4.20e-02        2.00e+00
       25378868        70.61957       704.33275            5.90        09:20:40        4.20e-02        2.00e+00
       25379910        70.61781       705.33321            5.90        09:20:27        4.20e-02        2.00e+00
DEBUG @ t=25380000: current_coupling=0.042, last=0.042
       25380944        70.61602       706.33364            5.90        09:20:13        4.20e-02        2.00e+00
       25381910        70.61397       707.33380            5.90        09:19:56        4.20e-02        2.00e+00
       25382953        70.61187       708.33463            5.90        09:19:43        4.20e-02        2.00e+00
       25384077        70.61020       709.33515            5.89        09:19:33        4.20e-02        2.00e+00
       25385070        70.60831       710.33531            5.90        09:19:17        4.20e-02        2.00e+00
       25386040        70.60654       711.33618            5.90        09:19:01        4.20e-02        2.00e+00
       25387017        70.60474       712.33713            5.90        09:18:44        4.20e-02        2.00e+00
       25388101        70.60337       713.33739            5.90        09:18:32        4.20e-02        2.00e+00
       25389176        70.60157       714.33766            5.89        09:18:20        4.20e-02        2.00e+00
DEBUG @ t=25390000: current_coupling=0.042, last=0.042
       25390201        70.59975       715.33851            5.89        09:18:06        4.20e-02        2.00e+00
       25391233        70.59803       716.33894            5.89        09:17:52        4.20e-02        2.00e+00
       25392253        70.59645       717.33965            5.89        09:17:37        4.20e-02        2.00e+00
       25393263        70.59494       718.34001            5.89        09:17:22        4.20e-02        2.00e+00
       25394266        70.59353       719.34069            5.89        09:17:07        4.20e-02        2.00e+00
       25395235        70.59239       720.34134            5.90        09:16:50        4.20e-02        2.00e+00
       25396191        70.59038       721.34138            5.90        09:16:33        4.20e-02        2.00e+00
       25397126        70.58883       722.34200            5.90        09:16:14        4.20e-02        2.00e+00
       25398128        70.58823       723.34237            5.90        09:15:58        4.20e-02        2.00e+00
       25399209        70.58789       724.34250            5.90        09:15:46        4.20e-02        2.00e+00
DEBUG @ t=25400000: current_coupling=0.042, last=0.042
[HDF5 Writer DEBUG] timestep=25400000, current_time_ps=725.085, last_output_time=725.0765212513214, write_count=69085
       25400272        70.58665       725.34261            5.90        09:15:33        4.20e-02        2.00e+00
       25401301        70.58716       726.34358            5.90        09:15:18        4.20e-02        2.00e+00
       25402221        70.58597       727.34451            5.90        09:14:59        4.20e-02        2.00e+00
       25403205        70.58509       728.34495            5.90        09:14:42        4.20e-02        2.00e+00
       25404174        70.58402       729.34562            5.90        09:14:25        4.20e-02        2.00e+00
       25405184        70.58409       730.34598            5.90        09:14:09        4.20e-02        2.00e+00
       25406123        70.58220       731.34650            5.90        09:13:51        4.20e-02        2.00e+00
       25407124        70.58021       732.34731            5.90        09:13:36        4.20e-02        2.00e+00
       25408170        70.57806       733.34824            5.90        09:13:23        4.20e-02        2.00e+00
       25409144        70.57665       734.34838            5.90        09:13:06        4.20e-02        2.00e+00
DEBUG @ t=25410000: current_coupling=0.042, last=0.042
       25410092        70.57540       735.34901            5.90        09:12:49        4.20e-02        2.00e+00
       25411036        70.57381       736.34930            5.90        09:12:31        4.20e-02        2.00e+00
       25412005        70.57237       737.34968            5.90        09:12:14        4.20e-02        2.00e+00
       25412996        70.57029       738.35047            5.90        09:11:58        4.20e-02        2.00e+00
       25413959        70.56841       739.35050            5.90        09:11:42        4.20e-02        2.00e+00
       25414930        70.56639       740.35084            5.90        09:11:25        4.20e-02        2.00e+00
       25415948        70.56491       741.35098            5.90        09:11:11        4.20e-02        2.00e+00
       25416885        70.56382       742.35164            5.90        09:10:52        4.20e-02        2.00e+00
       25417826        70.56289       743.35253            5.90        09:10:34        4.20e-02        2.00e+00
       25418853        70.56119       744.35284            5.90        09:10:20        4.20e-02        2.00e+00
       25419822        70.55971       745.35363            5.90        09:10:03        4.20e-02        2.00e+00
DEBUG @ t=25420000: current_coupling=0.042, last=0.042
       25420779        70.55868       746.35419            5.90        09:09:46        4.20e-02        2.00e+00
       25421727        70.55834       747.35475            5.90        09:09:28        4.20e-02        2.00e+00
       25422623        70.55742       748.35478            5.90        09:09:08        4.20e-02        2.00e+00
       25423596        70.55760       749.35520            5.90        09:08:50        4.20e-02        2.00e+00
       25424607        70.55569       750.35599            5.91        09:08:36        4.20e-02        2.00e+00
       25425643        70.55440       751.35600            5.90        09:08:22        4.20e-02        2.00e+00
       25426634        70.55307       752.35613            5.91        09:08:06        4.20e-02        2.00e+00
       25427578        70.55156       753.35660            5.91        09:07:48        4.20e-02        2.00e+00
       25428593        70.54954       754.35683            5.91        09:07:34        4.20e-02        2.00e+00
       25429742        70.54766       755.35683            5.90        09:07:25        4.20e-02        2.00e+00
DEBUG @ t=25430000: current_coupling=0.042, last=0.042
       25430768        70.54753       756.35740            5.90        09:07:10        4.20e-02        2.00e+00
       25431652        70.54755       757.35822            5.91        09:06:49        4.20e-02        2.00e+00
       25432713        70.54823       758.35881            5.91        09:06:35        4.20e-02        2.00e+00
       25433728        70.54719       759.35999            5.91        09:06:21        4.20e-02        2.00e+00
       25434564        70.54555       760.36080            5.91        09:05:58        4.20e-02        2.00e+00
       25435478        70.54374       761.36165            5.91        09:05:40        4.20e-02        2.00e+00
       25436438        70.54170       762.36258            5.91        09:05:23        4.20e-02        2.00e+00
       25437340        70.54092       763.36285            5.91        09:05:03        4.20e-02        2.00e+00
       25438437        70.54051       764.36322            5.91        09:04:52        4.20e-02        2.00e+00
       25439512        70.54031       765.36335            5.91        09:04:39        4.20e-02        2.00e+00
DEBUG @ t=25440000: current_coupling=0.042, last=0.042
       25440376        70.53975       766.36380            5.91        09:04:18        4.20e-02        2.00e+00
       25441341        70.53797       767.36462            5.91        09:04:01        4.20e-02        2.00e+00
       25442238        70.53647       768.36562            5.91        09:03:41        4.20e-02        2.00e+00
       25443254        70.53492       769.36617            5.91        09:03:27        4.20e-02        2.00e+00
       25444255        70.53352       770.36705            5.91        09:03:12        4.20e-02        2.00e+00
       25445239        70.53238       771.36739            5.91        09:02:56        4.20e-02        2.00e+00
       25446192        70.53169       772.36814            5.91        09:02:38        4.20e-02        2.00e+00
       25447177        70.53102       773.36891            5.91        09:02:22        4.20e-02        2.00e+00
       25448180        70.52992       774.36945            5.91        09:02:07        4.20e-02        2.00e+00
       25449154        70.52852       775.36974            5.91        09:01:50        4.20e-02        2.00e+00
DEBUG @ t=25450000: current_coupling=0.042, last=0.042
       25450146        70.52838       776.37005            5.91        09:01:34        4.20e-02        2.00e+00
       25451135        70.52800       777.37056            5.91        09:01:18        4.20e-02        2.00e+00
       25452136        70.52776       778.37095            5.91        09:01:02        4.20e-02        2.00e+00
       25453141        70.52687       779.37112            5.91        09:00:47        4.20e-02        2.00e+00
       25454149        70.52558       780.37209            5.91        09:00:32        4.20e-02        2.00e+00
       25455145        70.52429       781.37265            5.91        09:00:17        4.20e-02        2.00e+00
       25456121        70.52380       782.37280            5.91        09:00:00        4.20e-02        2.00e+00
       25457081        70.52200       783.37370            5.91        08:59:43        4.20e-02        2.00e+00
       25458089        70.51982       784.37433            5.91        08:59:29        4.20e-02        2.00e+00
       25459137        70.51791       785.37478            5.91        08:59:16        4.20e-02        2.00e+00
DEBUG @ t=25460000: current_coupling=0.042, last=0.042
       25460130        70.51653       786.37558            5.91        08:59:00        4.20e-02        2.00e+00
       25461129        70.51480       787.37656            5.91        08:58:45        4.20e-02        2.00e+00
       25462066        70.51428       788.37722            5.91        08:58:27        4.20e-02        2.00e+00
       25463018        70.51326       789.37767            5.92        08:58:10        4.20e-02        2.00e+00
       25464012        70.51218       790.37818            5.92        08:57:54        4.20e-02        2.00e+00
       25464935        70.51255       791.37862            5.92        08:57:35        4.20e-02        2.00e+00
       25465881        70.51079       792.37892            5.92        08:57:18        4.20e-02        2.00e+00
       25466849        70.50902       793.37979            5.92        08:57:02        4.20e-02        2.00e+00
       25467788        70.50767       794.38056            5.92        08:56:44        4.20e-02        2.00e+00
       25468774        70.50602       795.38153            5.92        08:56:29        4.20e-02        2.00e+00
       25469769        70.50507       796.38157            5.92        08:56:13        4.20e-02        2.00e+00
DEBUG @ t=25470000: current_coupling=0.042, last=0.042
       25470750        70.50369       797.38169            5.92        08:55:57        4.20e-02        2.00e+00
       25471730        70.50189       798.38212            5.92        08:55:41        4.20e-02        2.00e+00
       25472738        70.50063       799.38279            5.92        08:55:27        4.20e-02        2.00e+00
Added F(k,t) reference 4 at t = 800.003 ps
       25473774        70.50061       800.38315            5.92        08:55:12        4.20e-02        2.00e+00
       25474874        70.50076       801.38363            5.92        08:55:00        4.20e-02        2.00e+00
       25475983        70.49994       802.38371            5.92        08:54:49        4.20e-02        2.00e+00
       25477003        70.49856       803.38422            5.92        08:54:35        4.20e-02        2.00e+00
       25478064        70.49745       804.38434            5.92        08:54:22        4.20e-02        2.00e+00
       25479190        70.49632       805.38474            5.92        08:54:11        4.20e-02        2.00e+00
DEBUG @ t=25480000: current_coupling=0.042, last=0.042
       25480296        70.49448       806.38510            5.92        08:54:01        4.20e-02        2.00e+00
       25481297        70.49310       807.38597            5.92        08:53:45        4.20e-02        2.00e+00
       25482270        70.49253       808.38648            5.92        08:53:29        4.20e-02        2.00e+00
       25483189        70.49210       809.38653            5.92        08:53:10        4.20e-02        2.00e+00
       25484250        70.49195       810.38701            5.92        08:52:57        4.20e-02        2.00e+00
       25485190        70.49142       811.38712            5.92        08:52:39        4.20e-02        2.00e+00
       25486232        70.49034       812.38771            5.92        08:52:25        4.20e-02        2.00e+00
       25487247        70.48894       813.38863            5.92        08:52:11        4.20e-02        2.00e+00
       25488271        70.48812       814.38883            5.92        08:51:56        4.20e-02        2.00e+00
       25489236        70.48715       815.38955            5.92        08:51:40        4.20e-02        2.00e+00
DEBUG @ t=25490000: current_coupling=0.042, last=0.042
       25490352        70.48674       816.38965            5.92        08:51:29        4.20e-02        2.00e+00
       25491285        70.48522       817.39066            5.92        08:51:11        4.20e-02        2.00e+00
       25492283        70.48339       818.39148            5.92        08:50:56        4.20e-02        2.00e+00
       25493225        70.48155       819.39200            5.92        08:50:39        4.20e-02        2.00e+00
       25494151        70.48006       820.39254            5.92        08:50:21        4.20e-02        2.00e+00
       25495199        70.47825       821.39290            5.92        08:50:08        4.20e-02        2.00e+00
       25496212        70.47662       822.39295            5.92        08:49:54        4.20e-02        2.00e+00
       25497269        70.47623       823.39353            5.92        08:49:40        4.20e-02        2.00e+00
       25498258        70.47632       824.39418            5.92        08:49:24        4.20e-02        2.00e+00
       25499344        70.47602       825.39424            5.92        08:49:12        4.20e-02        2.00e+00
DEBUG @ t=25500000: current_coupling=0.042, last=0.042
[HDF5 Writer DEBUG] timestep=25500000, current_time_ps=826.113, last_output_time=826.10594325808, write_count=78661
       25500255        70.47540       826.39528            5.92        08:48:53        4.20e-02        2.00e+00
       25501230        70.47610       827.39552            5.92        08:48:36        4.20e-02        2.00e+00
       25502287        70.47520       828.39642            5.92        08:48:23        4.20e-02        2.00e+00
       25503206        70.47400       829.39700            5.92        08:48:05        4.20e-02        2.00e+00
       25504149        70.47233       830.39724            5.92        08:47:48        4.20e-02        2.00e+00
       25505018        70.47069       831.39828            5.92        08:47:28        4.20e-02        2.00e+00
       25505820        70.46910       832.39930            5.92        08:47:05        4.20e-02        2.00e+00
       25506683        70.46769       833.40018            5.92        08:46:45        4.20e-02        2.00e+00
       25507773        70.46702       834.40064            5.92        08:46:33        4.20e-02        2.00e+00
       25508765        70.46598       835.40125            5.92        08:46:18        4.20e-02        2.00e+00
       25509745        70.46468       836.40138            5.92        08:46:02        4.20e-02        2.00e+00
DEBUG @ t=25510000: current_coupling=0.042, last=0.042
       25510791        70.46303       837.40210            5.92        08:45:49        4.20e-02        2.00e+00
       25511767        70.46173       838.40216            5.92        08:45:33        4.20e-02        2.00e+00
       25512748        70.46051       839.40286            5.92        08:45:17        4.20e-02        2.00e+00
       25513698        70.45894       840.40309            5.92        08:45:00        4.20e-02        2.00e+00
       25514655        70.45761       841.40324            5.92        08:44:44        4.20e-02        2.00e+00
       25515578        70.45596       842.40359            5.92        08:44:26        4.20e-02        2.00e+00
       25516543        70.45462       843.40383            5.92        08:44:10        4.20e-02        2.00e+00
       25517512        70.45295       844.40384            5.92        08:43:54        4.20e-02        2.00e+00
       25518582        70.45141       845.40474            5.92        08:43:41        4.20e-02        2.00e+00
       25519542        70.45148       846.40477            5.92        08:43:24        4.20e-02        2.00e+00
DEBUG @ t=25520000: current_coupling=0.042, last=0.042
       25520467        70.45088       847.40502            5.93        08:43:06        4.20e-02        2.00e+00
       25521444        70.45027       848.40559            5.93        08:42:50        4.20e-02        2.00e+00
       25522522        70.44889       849.40620            5.93        08:42:38        4.20e-02        2.00e+00
       25523414        70.44703       850.40633            5.93        08:42:19        4.20e-02        2.00e+00
       25524487        70.44534       851.40661            5.93        08:42:07        4.20e-02        2.00e+00
       25525581        70.44445       852.40692            5.93        08:41:55        4.20e-02        2.00e+00
       25526480        70.44362       853.40801            5.93        08:41:37        4.20e-02        2.00e+00
       25527389        70.44302       854.40818            5.93        08:41:18        4.20e-02        2.00e+00
       25528261        70.44162       855.40899            5.93        08:40:59        4.20e-02        2.00e+00
       25529126        70.44112       856.40987            5.93        08:40:38        4.20e-02        2.00e+00
DEBUG @ t=25530000: current_coupling=0.042, last=0.042
       25530197        70.44277       857.41049            5.93        08:40:25        4.20e-02        2.00e+00
       25531313        70.44330       858.41105            5.93        08:40:13        4.20e-02        2.00e+00
       25532373        70.44266       859.41185            5.93        08:40:00        4.20e-02        2.00e+00
       25533475        70.44231       860.41245            5.93        08:39:48        4.20e-02        2.00e+00
       25534401        70.44091       861.41245            5.93        08:39:31        4.20e-02        2.00e+00
       25535293        70.43949       862.41263            5.93        08:39:12        4.20e-02        2.00e+00
       25536203        70.43817       863.41283            5.93        08:38:54        4.20e-02        2.00e+00
       25537266        70.43705       864.41364            5.93        08:38:41        4.20e-02        2.00e+00
       25538224        70.43637       865.41432            5.93        08:38:24        4.20e-02        2.00e+00
       25539150        70.43602       866.41437            5.93        08:38:06        4.20e-02        2.00e+00
DEBUG @ t=25540000: current_coupling=0.042, last=0.042
       25540151        70.43544       867.41520            5.93        08:37:51        4.20e-02        2.00e+00
       25541316        70.43383       868.41523            5.93        08:37:42        4.20e-02        2.00e+00
       25542236        70.43243       869.41591            5.93        08:37:24        4.20e-02        2.00e+00
       25543191        70.43111       870.41653            5.93        08:37:08        4.20e-02        2.00e+00
       25544019        70.43021       871.41761            5.93        08:36:47        4.20e-02        2.00e+00
       25544954        70.42978       872.41840            5.93        08:36:29        4.20e-02        2.00e+00
       25546072        70.42855       873.41915            5.93        08:36:18        4.20e-02        2.00e+00
       25547101        70.42844       874.41968            5.93        08:36:04        4.20e-02        2.00e+00
       25548097        70.42785       875.41970            5.93        08:35:49        4.20e-02        2.00e+00
       25549182        70.42894       876.42050            5.93        08:35:35        4.20e-02        2.00e+00
DEBUG @ t=25550000: current_coupling=0.042, last=0.042
       25550142        70.42774       877.42083            5.93        08:35:19        4.20e-02        2.00e+00
       25551141        70.42613       878.42134            5.93        08:35:04        4.20e-02        2.00e+00
       25552016        70.42496       879.42249            5.93        08:34:45        4.20e-02        2.00e+00
       25552873        70.42383       880.42258            5.93        08:34:25        4.20e-02        2.00e+00
       25553840        70.42237       881.42315            5.93        08:34:09        4.20e-02        2.00e+00
       25554875        70.42112       882.42352            5.93        08:33:56        4.20e-02        2.00e+00
       25555846        70.42017       883.42431            5.93        08:33:40        4.20e-02        2.00e+00
       25556884        70.41972       884.42433            5.93        08:33:26        4.20e-02        2.00e+00
       25557853        70.41941       885.42453            5.93        08:33:09        4.20e-02        2.00e+00
       25558770        70.41928       886.42479            5.93        08:32:51        4.20e-02        2.00e+00
       25559750        70.41938       887.42501            5.93        08:32:35        4.20e-02        2.00e+00
DEBUG @ t=25560000: current_coupling=0.042, last=0.042
       25560623        70.41827       888.42567            5.94        08:32:16        4.20e-02        2.00e+00
       25561577        70.41778       889.42579            5.94        08:31:59        4.20e-02        2.00e+00
       25562570        70.41739       890.42657            5.94        08:31:43        4.20e-02        2.00e+00
       25563407        70.41657       891.42698            5.94        08:31:23        4.20e-02        2.00e+00
       25564339        70.41564       892.42777            5.94        08:31:06        4.20e-02        2.00e+00
       25565397        70.41484       893.42875            5.94        08:30:52        4.20e-02        2.00e+00
       25566325        70.41361       894.42894            5.94        08:30:35        4.20e-02        2.00e+00
       25567259        70.41346       895.42928            5.94        08:30:18        4.20e-02        2.00e+00
       25568201        70.41262       896.42979            5.94        08:30:01        4.20e-02        2.00e+00
       25569131        70.41184       897.43009            5.94        08:29:43        4.20e-02        2.00e+00
DEBUG @ t=25570000: current_coupling=0.042, last=0.042
       25570092        70.41100       898.43028            5.94        08:29:27        4.20e-02        2.00e+00
       25571131        70.41078       899.43097            5.94        08:29:13        4.20e-02        2.00e+00
       25572139        70.40928       900.43193            5.94        08:28:59        4.20e-02        2.00e+00
       25573173        70.40768       901.43273            5.94        08:28:45        4.20e-02        2.00e+00
       25574267        70.40635       902.43346            5.94        08:28:33        4.20e-02        2.00e+00
       25575275        70.40475       903.43409            5.94        08:28:19        4.20e-02        2.00e+00
       25576227        70.40314       904.43476            5.94        08:28:03        4.20e-02        2.00e+00
       25577154        70.40185       905.43566            5.94        08:27:45        4.20e-02        2.00e+00
       25578085        70.40089       906.43612            5.94        08:27:28        4.20e-02        2.00e+00
       25579159        70.40006       907.43638            5.94        08:27:16        4.20e-02        2.00e+00
DEBUG @ t=25580000: current_coupling=0.042, last=0.042
       25580256        70.39908       908.43657            5.94        08:27:04        4.20e-02        2.00e+00
       25581162        70.39766       909.43686            5.94        08:26:46        4.20e-02        2.00e+00
       25582096        70.39609       910.43731            5.94        08:26:29        4.20e-02        2.00e+00
       25583020        70.39457       911.43733            5.94        08:26:12        4.20e-02        2.00e+00
       25584006        70.39303       912.43738            5.94        08:25:57        4.20e-02        2.00e+00
       25584978        70.39162       913.43776            5.94        08:25:41        4.20e-02        2.00e+00
       25585877        70.39076       914.43873            5.94        08:25:23        4.20e-02        2.00e+00
       25586766        70.39052       915.43885            5.94        08:25:04        4.20e-02        2.00e+00
       25587687        70.39060       916.43962            5.94        08:24:46        4.20e-02        2.00e+00
       25588659        70.39027       917.44013            5.94        08:24:30        4.20e-02        2.00e+00
       25589755        70.39083       918.44098            5.94        08:24:18        4.20e-02        2.00e+00
DEBUG @ t=25590000: current_coupling=0.042, last=0.042
       25590800        70.39007       919.44177            5.94        08:24:04        4.20e-02        2.00e+00
       25591760        70.38911       920.44200            5.94        08:23:48        4.20e-02        2.00e+00
       25592732        70.38700       921.44277            5.94        08:23:33        4.20e-02        2.00e+00
       25593770        70.38573       922.44302            5.94        08:23:19        4.20e-02        2.00e+00
       25594781        70.38445       923.44384            5.94        08:23:05        4.20e-02        2.00e+00
       25595809        70.38247       924.44468            5.94        08:22:51        4.20e-02        2.00e+00
       25596817        70.38212       925.44554            5.94        08:22:37        4.20e-02        2.00e+00
       25597823        70.38086       926.44612            5.94        08:22:22        4.20e-02        2.00e+00
       25598846        70.37992       927.44666            5.94        08:22:08        4.20e-02        2.00e+00
       25599836        70.37931       928.44738            5.94        08:21:52        4.20e-02        2.00e+00
DEBUG @ t=25600000: current_coupling=0.042, last=0.042
[HDF5 Writer DEBUG] timestep=25600000, current_time_ps=928.610, last_output_time=928.6087977675231, write_count=88383
       25600827        70.37895       929.44835            5.94        08:21:37        4.20e-02        2.00e+00
       25601788        70.37753       930.44933            5.94        08:21:21        4.20e-02        2.00e+00
       25602733        70.37682       931.44940            5.94        08:21:04        4.20e-02        2.00e+00
       25603702        70.37483       932.45002            5.94        08:20:49        4.20e-02        2.00e+00
       25604745        70.37222       933.45028            5.94        08:20:36        4.20e-02        2.00e+00
       25605745        70.37024       934.45112            5.94        08:20:22        4.20e-02        2.00e+00
       25606726        70.36758       935.45167            5.94        08:20:07        4.20e-02        2.00e+00
       25607765        70.36544       936.45255            5.94        08:19:54        4.20e-02        2.00e+00
       25608734        70.36385       937.45343            5.94        08:19:38        4.20e-02        2.00e+00
       25609635        70.36159       938.45348            5.94        08:19:21        4.20e-02        2.00e+00
DEBUG @ t=25610000: current_coupling=0.042, last=0.042
       25610593        70.35990       939.45393            5.95        08:19:05        4.20e-02        2.00e+00
       25611542        70.35820       940.45464            5.95        08:18:49        4.20e-02        2.00e+00
       25612482        70.35573       941.45487            5.95        08:18:33        4.20e-02        2.00e+00
       25613458        70.35339       942.45492            5.95        08:18:18        4.20e-02        2.00e+00
       25614361        70.35141       943.45573            5.95        08:18:00        4.20e-02        2.00e+00
       25615340        70.34910       944.45587            5.95        08:17:46        4.20e-02        2.00e+00
       25616323        70.34695       945.45656            5.95        08:17:31        4.20e-02        2.00e+00
       25617269        70.34503       946.45698            5.95        08:17:15        4.20e-02        2.00e+00
       25618291        70.34287       947.45751            5.95        08:17:01        4.20e-02        2.00e+00
       25619293        70.34048       948.45768            5.95        08:16:47        4.20e-02        2.00e+00
DEBUG @ t=25620000: current_coupling=0.042, last=0.042
       25620336        70.33895       949.45800            5.95        08:16:34        4.20e-02        2.00e+00
       25621325        70.33731       950.45817            5.95        08:16:19        4.20e-02        2.00e+00
       25622349        70.33497       951.45891            5.95        08:16:05        4.20e-02        2.00e+00
       25623326        70.33346       952.45917            5.95        08:15:50        4.20e-02        2.00e+00
       25624423        70.33131       953.45980            5.95        08:15:39        4.20e-02        2.00e+00
       25625344        70.32883       954.46078            5.95        08:15:22        4.20e-02        2.00e+00
       25626335        70.32677       955.46118            5.95        08:15:07        4.20e-02        2.00e+00
       25627440        70.32469       956.46161            5.95        08:14:56        4.20e-02        2.00e+00
       25628459        70.32294       957.46254            5.95        08:14:42        4.20e-02        2.00e+00
       25629415        70.32078       958.46341            5.95        08:14:27        4.20e-02        2.00e+00
DEBUG @ t=25630000: current_coupling=0.042, last=0.042
       25630483        70.31810       959.46430            5.95        08:14:15        4.20e-02        2.00e+00
       25631400        70.31596       960.46522            5.95        08:13:58        4.20e-02        2.00e+00
       25632466        70.31402       961.46570            5.95        08:13:45        4.20e-02        2.00e+00
       25633440        70.31144       962.46613            5.95        08:13:30        4.20e-02        2.00e+00
       25634520        70.30955       963.46614            5.94        08:13:18        4.20e-02        2.00e+00
       25635510        70.30711       964.46699            5.94        08:13:04        4.20e-02        2.00e+00
       25636397        70.30483       965.46725            5.95        08:12:46        4.20e-02        2.00e+00
       25637339        70.30307       966.46808            5.95        08:12:30        4.20e-02        2.00e+00
       25638348        70.30140       967.46851            5.95        08:12:16        4.20e-02        2.00e+00
       25639400        70.29972       968.46937            5.95        08:12:03        4.20e-02        2.00e+00
DEBUG @ t=25640000: current_coupling=0.042, last=0.042
       25640384        70.29867       969.46978            5.95        08:11:48        4.20e-02        2.00e+00
       25641390        70.29789       970.47072            5.95        08:11:33        4.20e-02        2.00e+00
       25642349        70.29772       971.47156            5.95        08:11:17        4.20e-02        2.00e+00
       25643268        70.29593       972.47250            5.95        08:11:00        4.20e-02        2.00e+00
       25644231        70.29408       973.47323            5.95        08:10:44        4.20e-02        2.00e+00
       25645172        70.29205       974.47389            5.95        08:10:28        4.20e-02        2.00e+00
       25646121        70.29010       975.47459            5.95        08:10:12        4.20e-02        2.00e+00
       25647046        70.28790       976.47506            5.95        08:09:56        4.20e-02        2.00e+00
       25648036        70.28610       977.47602            5.95        08:09:41        4.20e-02        2.00e+00
       25649024        70.28512       978.47621            5.95        08:09:26        4.20e-02        2.00e+00
DEBUG @ t=25650000: current_coupling=0.042, last=0.042
       25650003        70.28284       979.47650            5.95        08:09:11        4.20e-02        2.00e+00
       25651015        70.28177       980.47719            5.95        08:08:57        4.20e-02        2.00e+00
       25652064        70.27996       981.47721            5.95        08:08:44        4.20e-02        2.00e+00
       25653055        70.27821       982.47746            5.95        08:08:29        4.20e-02        2.00e+00
       25654121        70.27676       983.47800            5.95        08:08:16        4.20e-02        2.00e+00
       25655146        70.27526       984.47846            5.95        08:08:03        4.20e-02        2.00e+00
       25656118        70.27341       985.47921            5.95        08:07:47        4.20e-02        2.00e+00
       25657191        70.27196       986.47931            5.95        08:07:35        4.20e-02        2.00e+00
       25658353        70.27141       987.47987            5.95        08:07:25        4.20e-02        2.00e+00
       25659420        70.27197       988.48020            5.95        08:07:11        4.20e-02        2.00e+00
DEBUG @ t=25660000: current_coupling=0.042, last=0.042
       25660427        70.27447       989.48049            5.95        08:06:55        4.20e-02        2.00e+00
       25661423        70.27439       990.48066            5.95        08:06:40        4.20e-02        2.00e+00
       25662382        70.27347       991.48160            5.95        08:06:24        4.20e-02        2.00e+00
       25663392        70.27269       992.48171            5.95        08:06:10        4.20e-02        2.00e+00
       25664395        70.27152       993.48204            5.95        08:05:55        4.20e-02        2.00e+00
       25665422        70.27071       994.48265            5.95        08:05:41        4.20e-02        2.00e+00
       25666393        70.26950       995.48277            5.95        08:05:25        4.20e-02        2.00e+00
       25667372        70.26829       996.48300            5.95        08:05:10        4.20e-02        2.00e+00
       25668297        70.26734       997.48399            5.95        08:04:53        4.20e-02        2.00e+00
       25669346        70.26730       998.48408            5.95        08:04:40        4.20e-02        2.00e+00
DEBUG @ t=25670000: current_coupling=0.042, last=0.042
       25670342        70.26654       999.48502            5.95        08:04:25        4.20e-02        2.00e+00
Added F(k,t) reference 5 at t = 1000.003 ps
       25671424        70.26599      1000.48540            5.95        08:04:12        4.20e-02        2.00e+00
       25672422        70.26545      1001.48625            5.95        08:03:57        4.20e-02        2.00e+00
       25673417        70.26589      1002.48629            5.95        08:03:42        4.20e-02        2.00e+00
       25674360        70.26514      1003.48724            5.95        08:03:25        4.20e-02        2.00e+00
       25675331        70.26409      1004.48774            5.95        08:03:10        4.20e-02        2.00e+00
       25676317        70.26291      1005.48801            5.95        08:02:55        4.20e-02        2.00e+00
       25677269        70.26167      1006.48829            5.95        08:02:39        4.20e-02        2.00e+00
       25678219        70.26077      1007.48838            5.95        08:02:22        4.20e-02        2.00e+00
       25679181        70.26042      1008.48868            5.95        08:02:06        4.20e-02        2.00e+00
DEBUG @ t=25680000: current_coupling=0.042, last=0.042
       25680140        70.26023      1009.48954            5.95        08:01:50        4.20e-02        2.00e+00
       25681103        70.25961      1010.48991            5.95        08:01:34        4.20e-02        2.00e+00
       25682060        70.25957      1011.49020            5.95        08:01:18        4.20e-02        2.00e+00
       25683062        70.25958      1012.49075            5.95        08:01:03        4.20e-02        2.00e+00
       25684142        70.25954      1013.49100            5.95        08:00:50        4.20e-02        2.00e+00
       25685112        70.25893      1014.49203            5.95        08:00:34        4.20e-02        2.00e+00
       25686066        70.25858      1015.49270            5.95        08:00:18        4.20e-02        2.00e+00
       25687077        70.25795      1016.49289            5.95        08:00:04        4.20e-02        2.00e+00
       25688036        70.25794      1017.49381            5.95        07:59:47        4.20e-02        2.00e+00
       25689063        70.25693      1018.49417            5.95        07:59:33        4.20e-02        2.00e+00
DEBUG @ t=25690000: current_coupling=0.042, last=0.042
       25690182        70.25673      1019.49462            5.95        07:59:22        4.20e-02        2.00e+00
       25691278        70.25904      1020.49471            5.95        07:59:08        4.20e-02        2.00e+00
       25692324        70.25863      1021.49550            5.95        07:58:55        4.20e-02        2.00e+00
       25693300        70.25839      1022.49562            5.95        07:58:39        4.20e-02        2.00e+00
       25694290        70.25733      1023.49582            5.95        07:58:24        4.20e-02        2.00e+00
       25695356        70.25694      1024.49619            5.95        07:58:11        4.20e-02        2.00e+00
       25696417        70.25652      1025.49716            5.95        07:57:58        4.20e-02        2.00e+00
       25697438        70.25521      1026.49758            5.95        07:57:44        4.20e-02        2.00e+00
       25698400        70.25448      1027.49836            5.95        07:57:28        4.20e-02        2.00e+00
       25699368        70.25436      1028.49882            5.95        07:57:12        4.20e-02        2.00e+00
DEBUG @ t=25700000: current_coupling=0.042, last=0.042
[HDF5 Writer DEBUG] timestep=25700000, current_time_ps=1029.161, last_output_time=1029.160195461386, write_count=97985
       25700322        70.25399      1029.49890            5.95        07:56:56        4.20e-02        2.00e+00
       25701319        70.25395      1030.49970            5.95        07:56:41        4.20e-02        2.00e+00
       25702363        70.25279      1031.50056            5.95        07:56:27        4.20e-02        2.00e+00
       25703356        70.25172      1032.50069            5.95        07:56:12        4.20e-02        2.00e+00
       25704342        70.25053      1033.50105            5.95        07:55:57        4.20e-02        2.00e+00
       25705425        70.24960      1034.50145            5.95        07:55:45        4.20e-02        2.00e+00
       25706458        70.24939      1035.50155            5.95        07:55:31        4.20e-02        2.00e+00
       25707343        70.24878      1036.50258            5.95        07:55:13        4.20e-02        2.00e+00
       25708421        70.24800      1037.50317            5.95        07:55:00        4.20e-02        2.00e+00
       25709469        70.24695      1038.50353            5.95        07:54:47        4.20e-02        2.00e+00
DEBUG @ t=25710000: current_coupling=0.042, last=0.042
       25710436        70.24562      1039.50361            5.95        07:54:31        4.20e-02        2.00e+00
       25711346        70.24490      1040.50416            5.95        07:54:14        4.20e-02        2.00e+00
       25712306        70.24408      1041.50453            5.95        07:53:58        4.20e-02        2.00e+00
       25713187        70.24312      1042.50488            5.95        07:53:40        4.20e-02        2.00e+00
       25714137        70.24200      1043.50523            5.95        07:53:24        4.20e-02        2.00e+00
       25715127        70.24091      1044.50533            5.95        07:53:10        4.20e-02        2.00e+00
       25716097        70.24019      1045.50567            5.95        07:52:54        4.20e-02        2.00e+00
       25717058        70.24050      1046.50639            5.95        07:52:38        4.20e-02        2.00e+00
       25718027        70.24049      1047.50681            5.95        07:52:22        4.20e-02        2.00e+00
       25718979        70.24012      1048.50762            5.95        07:52:06        4.20e-02        2.00e+00
       25719920        70.23902      1049.50775            5.95        07:51:50        4.20e-02        2.00e+00
DEBUG @ t=25720000: current_coupling=0.042, last=0.042
       25720844        70.23789      1050.50787            5.95        07:51:33        4.20e-02        2.00e+00
       25721767        70.23681      1051.50787            5.95        07:51:16        4.20e-02        2.00e+00
       25722717        70.23602      1052.50793            5.95        07:51:00        4.20e-02        2.00e+00
       25723655        70.23519      1053.50832            5.95        07:50:44        4.20e-02        2.00e+00
       25724562        70.23419      1054.50876            5.95        07:50:27        4.20e-02        2.00e+00
       25725473        70.23329      1055.50966            5.96        07:50:10        4.20e-02        2.00e+00
       25726430        70.23228      1056.50999            5.96        07:49:54        4.20e-02        2.00e+00
       25727339        70.23138      1057.51032            5.96        07:49:37        4.20e-02        2.00e+00
       25728306        70.23050      1058.51112            5.96        07:49:22        4.20e-02        2.00e+00
       25729287        70.23032      1059.51200            5.96        07:49:06        4.20e-02        2.00e+00
DEBUG @ t=25730000: current_coupling=0.042, last=0.042
       25730230        70.22962      1060.51288            5.96        07:48:50        4.20e-02        2.00e+00
       25731224        70.22875      1061.51331            5.96        07:48:35        4.20e-02        2.00e+00
       25732246        70.22887      1062.51397            5.96        07:48:21        4.20e-02        2.00e+00
       25733127        70.22817      1063.51447            5.96        07:48:03        4.20e-02        2.00e+00
       25734142        70.22813      1064.51482            5.96        07:47:48        4.20e-02        2.00e+00
       25735082        70.22731      1065.51565            5.96        07:47:32        4.20e-02        2.00e+00
       25736045        70.22681      1066.51633            5.96        07:47:16        4.20e-02        2.00e+00
       25737022        70.22628      1067.51670            5.96        07:47:01        4.20e-02        2.00e+00
       25738003        70.22588      1068.51681            5.96        07:46:46        4.20e-02        2.00e+00
       25738972        70.22610      1069.51709            5.96        07:46:30        4.20e-02        2.00e+00
       25739974        70.22585      1070.51754            5.96        07:46:15        4.20e-02        2.00e+00
DEBUG @ t=25740000: current_coupling=0.042, last=0.042
       25740946        70.22546      1071.51837            5.96        07:45:59        4.20e-02        2.00e+00
       25741910        70.22459      1072.51889            5.96        07:45:44        4.20e-02        2.00e+00
       25742860        70.22392      1073.51932            5.96        07:45:28        4.20e-02        2.00e+00
       25743808        70.22299      1074.52006            5.96        07:45:12        4.20e-02        2.00e+00
       25744908        70.22207      1075.52027            5.96        07:45:00        4.20e-02        2.00e+00
       25746120        70.22111      1076.52078            5.96        07:44:51        4.20e-02        2.00e+00
       25747262        70.22098      1077.52081            5.96        07:44:39        4.20e-02        2.00e+00
       25748292        70.22043      1078.52084            5.96        07:44:25        4.20e-02        2.00e+00
       25749371        70.21998      1079.52163            5.96        07:44:12        4.20e-02        2.00e+00
DEBUG @ t=25750000: current_coupling=0.042, last=0.042
       25750327        70.21909      1080.52191            5.96        07:43:57        4.20e-02        2.00e+00
       25751251        70.21840      1081.52232            5.96        07:43:40        4.20e-02        2.00e+00
       25752311        70.21805      1082.52279            5.96        07:43:27        4.20e-02        2.00e+00
       25753379        70.21735      1083.52323            5.96        07:43:14        4.20e-02        2.00e+00
       25754299        70.21749      1084.52367            5.96        07:42:57        4.20e-02        2.00e+00
       25755362        70.21813      1085.52459            5.96        07:42:43        4.20e-02        2.00e+00
       25756305        70.21842      1086.52482            5.96        07:42:27        4.20e-02        2.00e+00
       25757269        70.21786      1087.52558            5.96        07:42:11        4.20e-02        2.00e+00
       25758218        70.21728      1088.52564            5.96        07:41:55        4.20e-02        2.00e+00
       25759217        70.21648      1089.52576            5.96        07:41:40        4.20e-02        2.00e+00
DEBUG @ t=25760000: current_coupling=0.042, last=0.042
       25760168        70.21616      1090.52596            5.96        07:41:24        4.20e-02        2.00e+00
       25761045        70.21528      1091.52628            5.96        07:41:06        4.20e-02        2.00e+00
       25762025        70.21509      1092.52677            5.96        07:40:51        4.20e-02        2.00e+00
       25762958        70.21507      1093.52734            5.96        07:40:34        4.20e-02        2.00e+00
       25763834        70.21451      1094.52829            5.96        07:40:17        4.20e-02        2.00e+00
       25764770        70.21595      1095.52884            5.96        07:39:59        4.20e-02        2.00e+00
       25765751        70.21530      1096.52966            5.96        07:39:44        4.20e-02        2.00e+00
       25766677        70.21430      1097.52981            5.96        07:39:28        4.20e-02        2.00e+00
       25767630        70.21425      1098.53005            5.96        07:39:12        4.20e-02        2.00e+00
       25768621        70.21405      1099.53077            5.96        07:38:57        4.20e-02        2.00e+00
       25769644        70.21380      1100.53123            5.96        07:38:43        4.20e-02        2.00e+00
DEBUG @ t=25770000: current_coupling=0.042, last=0.042
       25770634        70.21359      1101.53192            5.96        07:38:27        4.20e-02        2.00e+00
       25771613        70.21334      1102.53255            5.96        07:38:12        4.20e-02        2.00e+00
       25772592        70.21326      1103.53341            5.96        07:37:57        4.20e-02        2.00e+00
       25773634        70.21326      1104.53407            5.96        07:37:43        4.20e-02        2.00e+00
       25774627        70.21266      1105.53482            5.96        07:37:28        4.20e-02        2.00e+00
       25775621        70.21179      1106.53549            5.96        07:37:13        4.20e-02        2.00e+00
       25776642        70.21205      1107.53590            5.96        07:36:59        4.20e-02        2.00e+00
       25777587        70.21236      1108.53625            5.96        07:36:42        4.20e-02        2.00e+00
       25778501        70.21177      1109.53690            5.96        07:36:25        4.20e-02        2.00e+00
       25779529        70.21135      1110.53804            5.96        07:36:11        4.20e-02        2.00e+00
DEBUG @ t=25780000: current_coupling=0.042, last=0.042
       25780388        70.21047      1111.53812            5.96        07:35:53        4.20e-02        2.00e+00
       25781429        70.20973      1112.53839            5.96        07:35:40        4.20e-02        2.00e+00
       25782369        70.20927      1113.53925            5.97        07:35:24        4.20e-02        2.00e+00
       25783335        70.20895      1114.54000            5.97        07:35:08        4.20e-02        2.00e+00
       25784253        70.20941      1115.54093            5.97        07:34:51        4.20e-02        2.00e+00
       25785121        70.20975      1116.54104            5.97        07:34:33        4.20e-02        2.00e+00
       25785990        70.20919      1117.54137            5.97        07:34:15        4.20e-02        2.00e+00
       25786946        70.20878      1118.54197            5.97        07:33:59        4.20e-02        2.00e+00
       25787909        70.20825      1119.54288            5.97        07:33:43        4.20e-02        2.00e+00
       25788792        70.20815      1120.54360            5.97        07:33:26        4.20e-02        2.00e+00
       25789668        70.20795      1121.54460            5.97        07:33:08        4.20e-02        2.00e+00
DEBUG @ t=25790000: current_coupling=0.042, last=0.042
       25790601        70.20732      1122.54493            5.97        07:32:52        4.20e-02        2.00e+00
       25791504        70.20644      1123.54581            5.97        07:32:35        4.20e-02        2.00e+00
       25792406        70.20584      1124.54631            5.97        07:32:18        4.20e-02        2.00e+00
       25793346        70.20534      1125.54730            5.97        07:32:02        4.20e-02        2.00e+00
       25794323        70.20451      1126.54786            5.97        07:31:47        4.20e-02        2.00e+00
       25795218        70.20360      1127.54843            5.97        07:31:30        4.20e-02        2.00e+00
       25796155        70.20284      1128.54935            5.97        07:31:14        4.20e-02        2.00e+00
       25797101        70.20192      1129.54946            5.97        07:30:58        4.20e-02        2.00e+00
       25798040        70.20164      1130.55018            5.97        07:30:42        4.20e-02        2.00e+00
       25798946        70.20069      1131.55081            5.97        07:30:25        4.20e-02        2.00e+00
       25799937        70.20031      1132.55120            5.97        07:30:10        4.20e-02        2.00e+00
DEBUG @ t=25800000: current_coupling=0.042, last=0.042
[HDF5 Writer DEBUG] timestep=25800000, current_time_ps=1132.609, last_output_time=1132.599717125521, write_count=107859
       25800910        70.20098      1133.55211            5.97        07:29:54        4.20e-02        2.00e+00
       25801813        70.20150      1134.55246            5.97        07:29:37        4.20e-02        2.00e+00
       25802744        70.20190      1135.55299            5.97        07:29:20        4.20e-02        2.00e+00
       25803733        70.20245      1136.55367            5.98        07:29:05        4.20e-02        2.00e+00
       25804800        70.20254      1137.55404            5.97        07:28:52        4.20e-02        2.00e+00
       25805814        70.20264      1138.55490            5.97        07:28:37        4.20e-02        2.00e+00
       25806783        70.20264      1139.55591            5.98        07:28:22        4.20e-02        2.00e+00
       25807753        70.20280      1140.55622            5.98        07:28:06        4.20e-02        2.00e+00
       25808708        70.20321      1141.55656            5.98        07:27:50        4.20e-02        2.00e+00
       25809653        70.20324      1142.55731            5.98        07:27:34        4.20e-02        2.00e+00
DEBUG @ t=25810000: current_coupling=0.042, last=0.042
       25810576        70.20325      1143.55754            5.98        07:27:17        4.20e-02        2.00e+00
       25811486        70.20315      1144.55837            5.98        07:27:01        4.20e-02        2.00e+00
       25812458        70.20341      1145.55929            5.98        07:26:45        4.20e-02        2.00e+00
       25813387        70.20374      1146.55963            5.98        07:26:28        4.20e-02        2.00e+00
       25814341        70.20405      1147.56017            5.98        07:26:12        4.20e-02        2.00e+00
       25815255        70.20430      1148.56061            5.98        07:25:56        4.20e-02        2.00e+00
       25816207        70.20591      1149.56150            5.98        07:25:39        4.20e-02        2.00e+00
       25817148        70.20641      1150.56186            5.98        07:25:23        4.20e-02        2.00e+00
       25818105        70.20615      1151.56206            5.98        07:25:07        4.20e-02        2.00e+00
       25819126        70.20616      1152.56260            5.98        07:24:53        4.20e-02        2.00e+00
DEBUG @ t=25820000: current_coupling=0.042, last=0.042
       25820036        70.20598      1153.56323            5.98        07:24:36        4.20e-02        2.00e+00
       25820958        70.20583      1154.56394            5.98        07:24:19        4.20e-02        2.00e+00
       25821858        70.20633      1155.56430            5.98        07:24:02        4.20e-02        2.00e+00
       25822734        70.20679      1156.56436            5.98        07:23:44        4.20e-02        2.00e+00
       25823650        70.20681      1157.56534            5.98        07:23:28        4.20e-02        2.00e+00
       25824586        70.20697      1158.56546            5.98        07:23:11        4.20e-02        2.00e+00
       25825627        70.20843      1159.56568            5.98        07:22:57        4.20e-02        2.00e+00
       25826585        70.20859      1160.56594            5.98        07:22:41        4.20e-02        2.00e+00
       25827448        70.20831      1161.56692            5.98        07:22:23        4.20e-02        2.00e+00
       25828319        70.20840      1162.56703            5.98        07:22:06        4.20e-02        2.00e+00
       25829237        70.20893      1163.56730            5.99        07:21:49        4.20e-02        2.00e+00
DEBUG @ t=25830000: current_coupling=0.042, last=0.042
       25830274        70.20903      1164.56793            5.99        07:21:35        4.20e-02        2.00e+00
       25831294        70.20928      1165.56837            5.99        07:21:21        4.20e-02        2.00e+00
       25832164        70.20982      1166.56941            5.99        07:21:03        4.20e-02        2.00e+00
       25833030        70.21005      1167.56956            5.99        07:20:45        4.20e-02        2.00e+00
       25833969        70.21007      1168.56982            5.99        07:20:29        4.20e-02        2.00e+00
       25834928        70.21111      1169.57044            5.99        07:20:13        4.20e-02        2.00e+00
       25835872        70.21150      1170.57053            5.99        07:19:57        4.20e-02        2.00e+00
       25836852        70.21157      1171.57133            5.99        07:19:41        4.20e-02        2.00e+00
       25837819        70.21171      1172.57140            5.99        07:19:26        4.20e-02        2.00e+00
       25838730        70.21457      1173.57250            5.99        07:19:08        4.20e-02        2.00e+00
       25839650        70.21597      1174.57327            5.99        07:18:51        4.20e-02        2.00e+00
DEBUG @ t=25840000: current_coupling=0.042, last=0.042
       25840636        70.21605      1175.57330            5.99        07:18:36        4.20e-02        2.00e+00
       25841640        70.21625      1176.57398            5.99        07:18:21        4.20e-02        2.00e+00
       25842526        70.21618      1177.57447            5.99        07:18:04        4.20e-02        2.00e+00
       25843529        70.21613      1178.57497            5.99        07:17:49        4.20e-02        2.00e+00
       25844536        70.21616      1179.57560            5.99        07:17:35        4.20e-02        2.00e+00
       25845430        70.21593      1180.57637            5.99        07:17:18        4.20e-02        2.00e+00
       25846376        70.21569      1181.57646            5.99        07:17:02        4.20e-02        2.00e+00
       25847290        70.21548      1182.57671            5.99        07:16:46        4.20e-02        2.00e+00
       25848143        70.21534      1183.57782            5.99        07:16:28        4.20e-02        2.00e+00
       25849029        70.21509      1184.57886            5.99        07:16:11        4.20e-02        2.00e+00
       25849989        70.21529      1185.57942            5.99        07:15:55        4.20e-02        2.00e+00
DEBUG @ t=25850000: current_coupling=0.042, last=0.042
       25850956        70.21569      1186.57969            5.99        07:15:39        4.20e-02        2.00e+00
       25851933        70.21606      1187.57985            5.99        07:15:24        4.20e-02        2.00e+00
       25852917        70.21652      1188.58059            5.99        07:15:09        4.20e-02        2.00e+00
       25853901        70.21728      1189.58116            5.99        07:14:53        4.20e-02        2.00e+00
       25854861        70.21793      1190.58197            5.99        07:14:38        4.20e-02        2.00e+00
       25855780        70.21789      1191.58237            6.00        07:14:21        4.20e-02        2.00e+00
       25856697        70.21801      1192.58334            6.00        07:14:05        4.20e-02        2.00e+00
       25857619        70.21808      1193.58437            6.00        07:13:48        4.20e-02        2.00e+00
       25858542        70.21811      1194.58440            6.00        07:13:32        4.20e-02        2.00e+00
       25859442        70.21865      1195.58469            6.00        07:13:15        4.20e-02        2.00e+00
DEBUG @ t=25860000: current_coupling=0.042, last=0.042
       25860345        70.21929      1196.58489            6.00        07:12:58        4.20e-02        2.00e+00
       25861210        70.21917      1197.58535            6.00        07:12:40        4.20e-02        2.00e+00
       25862084        70.21913      1198.58619            6.00        07:12:23        4.20e-02        2.00e+00
       25862942        70.21919      1199.58719            6.00        07:12:05        4.20e-02        2.00e+00
Added F(k,t) reference 6 at t = 1200.004 ps
       25863798        70.21918      1200.58786            6.00        07:11:48        4.20e-02        2.00e+00
       25864689        70.21986      1201.58854            6.00        07:11:30        4.20e-02        2.00e+00
       25865625        70.22145      1202.58915            6.00        07:11:14        4.20e-02        2.00e+00
       25866532        70.22149      1203.58991            6.00        07:10:57        4.20e-02        2.00e+00
       25867446        70.22141      1204.58999            6.00        07:10:41        4.20e-02        2.00e+00
       25868493        70.22128      1205.59083            6.00        07:10:27        4.20e-02        2.00e+00
       25869376        70.22119      1206.59147            6.00        07:10:10        4.20e-02        2.00e+00
DEBUG @ t=25870000: current_coupling=0.042, last=0.042
       25870276        70.22187      1207.59242            6.00        07:09:53        4.20e-02        2.00e+00
       25871251        70.22254      1208.59294            6.00        07:09:38        4.20e-02        2.00e+00
       25872190        70.22245      1209.59401            6.00        07:09:22        4.20e-02        2.00e+00
       25873079        70.22240      1210.59499            6.01        07:09:05        4.20e-02        2.00e+00
       25874038        70.22257      1211.59559            6.01        07:08:49        4.20e-02        2.00e+00
       25874976        70.22267      1212.59635            6.01        07:08:33        4.20e-02        2.00e+00
       25875873        70.22256      1213.59711            6.01        07:08:16        4.20e-02        2.00e+00
       25876765        70.22255      1214.59794            6.01        07:08:00        4.20e-02        2.00e+00
       25877690        70.22301      1215.59799            6.01        07:07:43        4.20e-02        2.00e+00
       25878678        70.22333      1216.59894            6.01        07:07:28        4.20e-02        2.00e+00
       25879637        70.22331      1217.59981            6.01        07:07:13        4.20e-02        2.00e+00
DEBUG @ t=25880000: current_coupling=0.042, last=0.042
       25880628        70.22428      1218.60034            6.01        07:06:58        4.20e-02        2.00e+00
       25881617        70.22446      1219.60111            6.01        07:06:43        4.20e-02        2.00e+00
       25882553        70.22443      1220.60154            6.01        07:06:27        4.20e-02        2.00e+00
       25883542        70.22417      1221.60175            6.01        07:06:12        4.20e-02        2.00e+00
       25884537        70.22407      1222.60197            6.01        07:05:57        4.20e-02        2.00e+00
       25885546        70.22448      1223.60198            6.01        07:05:43        4.20e-02        2.00e+00
       25886591        70.22577      1224.60201            6.01        07:05:29        4.20e-02        2.00e+00
       25887480        70.22592      1225.60213            6.01        07:05:12        4.20e-02        2.00e+00
       25888379        70.22568      1226.60269            6.01        07:04:55        4.20e-02        2.00e+00
       25889288        70.22529      1227.60324            6.01        07:04:39        4.20e-02        2.00e+00
DEBUG @ t=25890000: current_coupling=0.042, last=0.042
       25890204        70.22508      1228.60394            6.01        07:04:23        4.20e-02        2.00e+00
       25891104        70.22525      1229.60395            6.01        07:04:06        4.20e-02        2.00e+00
       25891994        70.22601      1230.60496            6.01        07:03:49        4.20e-02        2.00e+00
       25892918        70.22799      1231.60517            6.01        07:03:32        4.20e-02        2.00e+00
       25893851        70.22917      1232.60555            6.01        07:03:16        4.20e-02        2.00e+00
       25894821        70.22927      1233.60648            6.01        07:03:00        4.20e-02        2.00e+00
       25895779        70.22918      1234.60665            6.01        07:02:45        4.20e-02        2.00e+00
       25896670        70.22909      1235.60724            6.01        07:02:28        4.20e-02        2.00e+00
       25897650        70.22944      1236.60727            6.01        07:02:13        4.20e-02        2.00e+00
       25898575        70.22958      1237.60795            6.01        07:01:57        4.20e-02        2.00e+00
       25899447        70.22956      1238.60825            6.02        07:01:40        4.20e-02        2.00e+00
DEBUG @ t=25900000: current_coupling=0.042, last=0.042
[HDF5 Writer DEBUG] timestep=25900000, current_time_ps=1239.272, last_output_time=1239.267044844503, write_count=118006
       25900281        70.22950      1239.60904            6.02        07:01:22        4.20e-02        2.00e+00
       25901228        70.22936      1240.60925            6.02        07:01:06        4.20e-02        2.00e+00
       25902190        70.22972      1241.60994            6.02        07:00:51        4.20e-02        2.00e+00
       25903127        70.22967      1242.61059            6.02        07:00:35        4.20e-02        2.00e+00
       25904049        70.22958      1243.61067            6.02        07:00:19        4.20e-02        2.00e+00
       25904974        70.22972      1244.61095            6.02        07:00:03        4.20e-02        2.00e+00
       25905901        70.22960      1245.61098            6.02        06:59:47        4.20e-02        2.00e+00
       25906836        70.22967      1246.61171            6.02        06:59:31        4.20e-02        2.00e+00
       25907765        70.23005      1247.61232            6.02        06:59:15        4.20e-02        2.00e+00
       25908684        70.23126      1248.61265            6.02        06:58:59        4.20e-02        2.00e+00
       25909599        70.23122      1249.61377            6.02        06:58:42        4.20e-02        2.00e+00
DEBUG @ t=25910000: current_coupling=0.042, last=0.042
       25910426        70.23120      1250.61448            6.02        06:58:24        4.20e-02        2.00e+00
       25911258        70.23118      1251.61542            6.02        06:58:06        4.20e-02        2.00e+00
       25912181        70.23130      1252.61589            6.02        06:57:50        4.20e-02        2.00e+00
       25913170        70.23140      1253.61637            6.02        06:57:36        4.20e-02        2.00e+00
       25914057        70.23107      1254.61723            6.02        06:57:19        4.20e-02        2.00e+00
       25914970        70.23106      1255.61782            6.02        06:57:03        4.20e-02        2.00e+00
       25916005        70.23154      1256.61855            6.02        06:56:49        4.20e-02        2.00e+00
       25916987        70.23184      1257.61963            6.02        06:56:34        4.20e-02        2.00e+00
       25917875        70.23162      1258.61991            6.02        06:56:17        4.20e-02        2.00e+00
       25918760        70.23141      1259.61997            6.02        06:56:00        4.20e-02        2.00e+00
       25919657        70.23124      1260.62033            6.02        06:55:44        4.20e-02        2.00e+00
DEBUG @ t=25920000: current_coupling=0.042, last=0.042
       25920548        70.23115      1261.62068            6.03        06:55:27        4.20e-02        2.00e+00
       25921606        70.23154      1262.62144            6.03        06:55:14        4.20e-02        2.00e+00
       25922598        70.23212      1263.62168            6.03        06:54:59        4.20e-02        2.00e+00
       25923563        70.23290      1264.62251            6.03        06:54:44        4.20e-02        2.00e+00
       25924505        70.23304      1265.62264            6.03        06:54:28        4.20e-02        2.00e+00
       25925529        70.23310      1266.62356            6.03        06:54:14        4.20e-02        2.00e+00
       25926520        70.23362      1267.62359            6.03        06:53:59        4.20e-02        2.00e+00
       25927471        70.23361      1268.62402            6.03        06:53:44        4.20e-02        2.00e+00
       25928364        70.23399      1269.62486            6.03        06:53:27        4.20e-02        2.00e+00
       25929260        70.23360      1270.62522            6.03        06:53:10        4.20e-02        2.00e+00
DEBUG @ t=25930000: current_coupling=0.042, last=0.042
       25930163        70.23371      1271.62619            6.03        06:52:54        4.20e-02        2.00e+00
       25931158        70.23417      1272.62638            6.03        06:52:39        4.20e-02        2.00e+00
       25932182        70.23432      1273.62736            6.03        06:52:25        4.20e-02        2.00e+00
       25933133        70.23426      1274.62772            6.03        06:52:10        4.20e-02        2.00e+00
       25934049        70.23437      1275.62870            6.03        06:51:54        4.20e-02        2.00e+00
       25934951        70.23462      1276.62966            6.03        06:51:37        4.20e-02        2.00e+00
       25935891        70.23484      1277.63011            6.03        06:51:22        4.20e-02        2.00e+00
       25936899        70.23519      1278.63054            6.03        06:51:07        4.20e-02        2.00e+00
       25937912        70.23569      1279.63132            6.03        06:50:53        4.20e-02        2.00e+00
       25938955        70.23612      1280.63152            6.03        06:50:39        4.20e-02        2.00e+00
DEBUG @ t=25940000: current_coupling=0.042, last=0.042
       25940031        70.23636      1281.63225            6.03        06:50:26        4.20e-02        2.00e+00
       25941059        70.23680      1282.63252            6.03        06:50:12        4.20e-02        2.00e+00
       25942110        70.23730      1283.63264            6.03        06:49:58        4.20e-02        2.00e+00
       25943012        70.23764      1284.63301            6.03        06:49:42        4.20e-02        2.00e+00
       25943969        70.23821      1285.63383            6.03        06:49:26        4.20e-02        2.00e+00
       25945001        70.23829      1286.63386            6.03        06:49:12        4.20e-02        2.00e+00
       25946007        70.23841      1287.63423            6.03        06:48:58        4.20e-02        2.00e+00
       25947046        70.23897      1288.63469            6.03        06:48:44        4.20e-02        2.00e+00
       25948110        70.23952      1289.63516            6.03        06:48:30        4.20e-02        2.00e+00
       25949137        70.23953      1290.63538            6.03        06:48:16        4.20e-02        2.00e+00
DEBUG @ t=25950000: current_coupling=0.042, last=0.042
       25950199        70.23950      1291.63572            6.03        06:48:03        4.20e-02        2.00e+00
       25951186        70.23948      1292.63619            6.03        06:47:48        4.20e-02        2.00e+00
       25952247        70.23963      1293.63646            6.03        06:47:35        4.20e-02        2.00e+00
       25953245        70.23987      1294.63683            6.03        06:47:20        4.20e-02        2.00e+00
       25954216        70.24014      1295.63702            6.03        06:47:05        4.20e-02        2.00e+00
       25955166        70.24122      1296.63726            6.03        06:46:50        4.20e-02        2.00e+00
       25956092        70.24227      1297.63793            6.03        06:46:33        4.20e-02        2.00e+00
       25957070        70.24262      1298.63871            6.03        06:46:18        4.20e-02        2.00e+00
       25958121        70.24315      1299.63873            6.03        06:46:05        4.20e-02        2.00e+00
       25959160        70.24464      1300.63955            6.03        06:45:50        4.20e-02        2.00e+00
DEBUG @ t=25960000: current_coupling=0.042, last=0.042
       25960176        70.24520      1301.64042            6.03        06:45:36        4.20e-02        2.00e+00
       25961228        70.24587      1302.64064            6.03        06:45:22        4.20e-02        2.00e+00
       25962188        70.24683      1303.64143            6.03        06:45:07        4.20e-02        2.00e+00
       25963129        70.24772      1304.64175            6.03        06:44:51        4.20e-02        2.00e+00
       25964009        70.24821      1305.64178            6.03        06:44:34        4.20e-02        2.00e+00
       25964904        70.24884      1306.64266            6.03        06:44:17        4.20e-02        2.00e+00
       25965824        70.24991      1307.64319            6.03        06:44:01        4.20e-02        2.00e+00
       25966725        70.25077      1308.64416            6.03        06:43:45        4.20e-02        2.00e+00
       25967618        70.25126      1309.64503            6.03        06:43:28        4.20e-02        2.00e+00
       25968551        70.25209      1310.64525            6.03        06:43:12        4.20e-02        2.00e+00
       25969452        70.25230      1311.64594            6.03        06:42:56        4.20e-02        2.00e+00
DEBUG @ t=25970000: current_coupling=0.042, last=0.042
       25970418        70.25315      1312.64695            6.03        06:42:40        4.20e-02        2.00e+00
       25971403        70.25397      1313.64793            6.03        06:42:25        4.20e-02        2.00e+00
       25972282        70.25430      1314.64796            6.03        06:42:09        4.20e-02        2.00e+00
       25973233        70.25520      1315.64881            6.04        06:41:53        4.20e-02        2.00e+00
       25974158        70.25575      1316.64913            6.04        06:41:37        4.20e-02        2.00e+00
       25975090        70.25670      1317.64972            6.04        06:41:21        4.20e-02        2.00e+00
       25976000        70.25795      1318.65048            6.04        06:41:04        4.20e-02        2.00e+00
       25976908        70.26040      1319.65147            6.04        06:40:47        4.20e-02        2.00e+00
       25977800        70.26240      1320.65159            6.04        06:40:30        4.20e-02        2.00e+00
       25978674        70.26404      1321.65186            6.04        06:40:13        4.20e-02        2.00e+00
       25979588        70.26579      1322.65275            6.04        06:39:57        4.20e-02        2.00e+00
DEBUG @ t=25980000: current_coupling=0.042, last=0.042
       25980591        70.26783      1323.65296            6.04        06:39:41        4.20e-02        2.00e+00
       25981562        70.27010      1324.65399            6.04        06:39:26        4.20e-02        2.00e+00
       25982532        70.27223      1325.65413            6.04        06:39:10        4.20e-02        2.00e+00
       25983544        70.27436      1326.65487            6.04        06:38:55        4.20e-02        2.00e+00
       25984563        70.27683      1327.65571            6.04        06:38:40        4.20e-02        2.00e+00
       25985419        70.27839      1328.65594            6.04        06:38:23        4.20e-02        2.00e+00
       25986394        70.28040      1329.65614            6.04        06:38:07        4.20e-02        2.00e+00
       25987298        70.28217      1330.65630            6.04        06:37:50        4.20e-02        2.00e+00
2025-11-06 17:19:18 | ERROR | CRITICAL ERROR in simulation: Unable to synchronously flush file (file write failed: time = Thu Nov  6 17:19:18 2025
, filename = 'observables_replica_242.h5', file descriptor = 4, errno = 122, error message = 'Disk quota exceeded', buf = 0x5617c7044060, total write size = 5235, bytes this sub-write = 5235, offset = 905965442)
2025-11-06 17:19:18 | ERROR | Full traceback:
2025-11-06 17:19:18 | ERROR | Traceback (most recent call last):
2025-11-06 17:19:18 | ERROR |   File "/scratch/mh7373/micromamba/envs/hoomd/lib/python3.12/site-packages/hoomd/cavitymd/simulation/core.py", line 4753, in run
2025-11-06 17:19:18 | ERROR |     self.run_simulation()
2025-11-06 17:19:18 | ERROR |   File "/scratch/mh7373/micromamba/envs/hoomd/lib/python3.12/site-packages/hoomd/cavitymd/simulation/core.py", line 4807, in run_simulation
2025-11-06 17:19:18 | ERROR |     self.sim.run(total_steps, write_at_start=True)
2025-11-06 17:19:18 | ERROR |   File "/scratch/mh7373/micromamba/envs/hoomd/lib/python3.12/site-packages/hoomd/simulation.py", line 561, in run
2025-11-06 17:19:18 | ERROR |     self._cpp_sys.run(steps_int, write_at_start)
2025-11-06 17:19:18 | ERROR |   File "/scratch/mh7373/micromamba/envs/hoomd/lib/python3.12/site-packages/hoomd/cavitymd/data.py", line 528, in act
2025-11-06 17:19:18 | ERROR |     self.file.flush()
2025-11-06 17:19:18 | ERROR |   File "/scratch/mh7373/micromamba/envs/hoomd/lib/python3.12/site-packages/h5py/_hl/files.py", line 639, in flush
2025-11-06 17:19:18 | ERROR |     h5f.flush(self.id)
2025-11-06 17:19:18 | ERROR |   File "h5py/_objects.pyx", line 56, in h5py._objects.with_phil.wrapper
2025-11-06 17:19:18 | ERROR |   File "h5py/_objects.pyx", line 57, in h5py._objects.with_phil.wrapper
2025-11-06 17:19:18 | ERROR |   File "h5py/h5f.pyx", line 159, in h5py.h5f.flush
2025-11-06 17:19:18 | ERROR | RuntimeError: Unable to synchronously flush file (file write failed: time = Thu Nov  6 17:19:18 2025
2025-11-06 17:19:18 | ERROR | , filename = 'observables_replica_242.h5', file descriptor = 4, errno = 122, error message = 'Disk quota exceeded', buf = 0x5617c7044060, total write size = 5235, bytes this sub-write = 5235, offset = 905965442)
2025-11-06 17:19:18 | INFO | Cleanup initiated...
2025-11-06 17:19:18 | INFO | Closing HDF5 observable writer...
2025-11-06 17:19:18 | ERROR | Error closing HDF5 writer: Unable to synchronously flush file (file write failed: time = Thu Nov  6 17:19:18 2025
, filename = 'observables_replica_242.h5', file descriptor = 4, errno = 122, error message = 'Disk quota exceeded', buf = 0x5617c804f670, total write size = 5235, bytes this sub-write = 5235, offset = 905965442)
DEBUG: Cleanup called - checking for fkt_tracker
DEBUG: No fkt_tracker found or it's None
2025-11-06 17:19:18 | INFO | Returned to original directory: /scratch/mh7373/cav-hoomd/new_final_offres
2025-11-06 17:19:18 | INFO | Cleanup completed
ERROR: Replica 242 failed (coupling: 4.200000e-02 a.u.)

==================================================
Execution Summary
==================================================
Coupling constant used: 4.200000e-02 a.u.
Total replicas: 1
Successful: 0
Failed: 1
Wall time: 19029.92 seconds

WARNING: 1 replicas failed - check individual logs for details
✗ FAILED: DEBUG task 242
