SLURM Job ID: 1642115
SLURM Array Task ID: 191
Using frequency: 2060 cm-1
Fixed coupling strength (lambda): 0.042 (dimensionless)
Frame will be automatically set to: 191
Advanced Cavity MD Experiment Runner
==================================================
SLURM array job detected: Task 191 (Job 1642115)

*** COUPLING CONSTANT: 4.200000e-02 a.u. ***

Simulation Configuration:
  Cavity coupling: Enabled
    Coupling strength: 4.200000e-02 a.u.
    Frequency: 2060.0 cm⁻¹
    Finite-q mode: False
    Cavity thermostat: langevin
  Molecular thermostat: bussi
  Temperature: 100.0 K
  Runtime: 3000.0 ps
  Device: CPU
  Random seed: 0
  Velocity restart: Enabled - thermalizing velocities
  Momentum zeroing: Disabled

Starting execution for 1 replica(s)...
==================================================

Running replica 191...
>>> Will use FRAME 191 from init-0.gsd for this replica <<<
Running experiment:
  Cavity coupling: Enabled
  *** COUPLING STRENGTH: 4.200000e-02 a.u. ***
  Switch time: 200.0 ps
  Decay: None (step function)
  Damping ratio (zeta): 0.0
  Calculated dissipation (c): 0.0000e+00 a.u.
  Molecular thermostat: bussi
  Cavity thermostat: langevin
  Finite-q mode: False
  Replica: 191
  Frame: 191
  Output directory: coupling_420000e-07_freq_2060.0cm1_switch_200.0ps
  *** READING FRAME 191 FROM /scratch/mh7373/cav-hoomd/new_final_offres/init-0.gsd ***
  ✓ Successfully initialized simulation from frame 191
  ✓ Input file: /scratch/mh7373/cav-hoomd/new_final_offres/init-0.gsd
  ✓ Replica 191 ready to run...
2025-11-06 12:02:10 | INFO | ============================================================
2025-11-06 12:02:10 | INFO | CAVITY MD SIMULATION STARTED
2025-11-06 12:02:10 | INFO | ============================================================
2025-11-06 12:02:10 | INFO | Simulation: prod-191
2025-11-06 12:02:10 | INFO | Device: CPU
2025-11-06 12:02:10 | INFO | Runtime: 3000.0 ps
2025-11-06 12:02:10 | INFO | Temperature: 100.0 K
2025-11-06 12:02:10 | INFO | Random seed: 0
2025-11-06 12:02:10 | INFO | Cavity coupling: Enabled
2025-11-06 12:02:10 | INFO |   Frequency: 2060.0 cm^-1
2025-11-06 12:02:10 | INFO |   Lambda coupling: 0.042
2025-11-06 12:02:10 | INFO |   Epsilon (lambda * omega_c): 3.942141e-04 a.u.
2025-11-06 12:02:10 | INFO |   Finite-q mode: False
2025-11-06 12:02:10 | INFO | Molecular thermostat: bussi (tau=1.0 ps)
2025-11-06 12:02:10 | INFO | Cavity thermostat: langevin (tau=1.0 ps)
2025-11-06 12:02:10 | INFO | ============================================================
2025-11-06 12:02:10 | INFO | === Phase 1: Setting up simulation ===
2025-11-06 12:02:10 | INFO | Using default timestep for calculations: 0.0001 ps
2025-11-06 12:02:10 | INFO | Time conversions:
2025-11-06 12:02:10 | INFO |   Timestep: 0.0001 ps = 4.134138 a.u.
2025-11-06 12:02:10 | INFO |   Runtime: 3000.0 ps = 30000000 steps
2025-11-06 12:02:10 | INFO |   Steps per ps: 10000.0
2025-11-06 12:02:10 | INFO | Output periods (steps):
2025-11-06 12:02:10 | INFO |   Energy: 100 (0.010 ps)
2025-11-06 12:02:10 | INFO |   F(k,t): 10000 (1.000 ps)
2025-11-06 12:02:10 | INFO |   GSD: 10000 (1.000 ps)
2025-11-06 12:02:10 | INFO |   Console: 10000 (1.000 ps)
2025-11-06 12:02:10 | INFO | Initializing simulation on CPU
2025-11-06 12:02:10 | INFO | Using user-specified seed: 0
2025-11-06 12:02:10 | INFO | Cavity particle already exists in GSD file (1 found)
2025-11-06 12:02:10 | INFO | Simulation state created from original GSD file with existing cavity particle
2025-11-06 12:02:10 | INFO | Cavity particle validated at index 500, position HOOMDArray([-1.54787743  2.71583748 -1.58905852])
2025-11-06 12:02:10 | INFO | === Phase 1.5: Setting up time tracker ===
2025-11-06 12:02:10 | INFO | === Phase 2: Configuring forces and thermostats ===
2025-11-06 12:02:10 | INFO | Using lambda_coupling=0.042 (will be scaled by omega_c=0.009386 a.u.)
2025-11-06 12:02:10 | INFO | Using constant coupling: lambda=0.042, epsilon=3.942141e-04 a.u.
CavityForce initialized using cpp implementation
  Using constant lambda coupling: 0.042 (dimensionless)
  Effective epsilon: 3.942141e-04 a.u.
2025-11-06 12:02:10 | INFO | Thermostat time constant conversions:
2025-11-06 12:02:10 | INFO |   Molecular: 1.000 ps = 41341.378917 a.u.
2025-11-06 12:02:10 | INFO |   Cavity: 1.000 ps = 41341.378917 a.u.
2025-11-06 12:02:10 | INFO | Running molecular system with Bussi thermostat (NVT ensemble)
2025-11-06 12:02:10 | INFO | Molecular Bussi thermostat configured: T = 100.0 K, kT = 0.000317 a.u., tau = 1.000 ps
2025-11-06 12:02:10 | INFO | Running cavity with Langevin thermostat
2025-11-06 12:02:10 | INFO | Cavity Langevin thermostat configured: T = 100.0 K, kT = 0.000317 a.u.
2025-11-06 12:02:10 | INFO |   base_gamma = 0.000024 a.u.^-1 (tau = 1.000 ps)
2025-11-06 12:02:10 | INFO |   effective_gamma = 0.000024 a.u.^-1 (damping_factor = 1.0x)
2025-11-06 12:02:10 | INFO | === Phase 3: Setting up integrator and thermalization ===
2025-11-06 12:02:10 | INFO | Integrator configured with initial dt = 4.134138 a.u. (0.000100 ps)
2025-11-06 12:02:10 | INFO | Number of integration methods: 2
2025-11-06 12:02:10 | INFO | CavityParticleDisplacer not needed (constant coupling or q=0 mode)
2025-11-06 12:02:10 | INFO | Using seed 1 for thermalization randomness
2025-11-06 12:02:10 | INFO | Thermalized molecular particles using HOOMD State object
2025-11-06 12:02:10 | INFO | Cavity particle manually thermalized:
2025-11-06 12:02:10 | INFO |   Target temperature: 100.0 K
2025-11-06 12:02:10 | INFO |   Initial velocity: [ 0.02890696 -0.01088686 -0.00939938]
2025-11-06 12:02:10 | INFO |   Expected KE: 0.000521 a.u.
2025-11-06 12:02:10 | INFO |   Expected temperature: 109.7 K
2025-11-06 12:02:10 | INFO |   Using array module: numpy
2025-11-06 12:02:10 | INFO | Checking molecular system temperature after thermalization:
2025-11-06 12:02:10 | INFO |   Number of molecular particles: 500
2025-11-06 12:02:10 | INFO |   Total kinetic energy: 0.245468 a.u.
2025-11-06 12:02:10 | INFO |   Current temperature: 103.3 K
2025-11-06 12:02:10 | INFO | Thermalization completed - velocities properly initialized
2025-11-06 12:02:10 | INFO | === Phase 4: Setting up trackers and loggers ===
2025-11-06 12:02:10 | INFO | Setting up adaptive timestep updater (error_tolerance = 2.0)
Dynamic coupling change detection enabled
Coupling change threshold: ±1.00e-05 a.u.
Shock dampening: error_tolerance drops to 2.00e-10 (factor: 1.00e-10)
Recovery: exponential ramp to 2.00e+00 with τ = 1000.0 ps
Conservative timestep parameters:
  Change threshold: 10.0%
  Max change factor: 1.5
  Min update interval: 1000 steps
  Switch detection tolerance: 0.001 ps
2025-11-06 12:02:10 | INFO | Adaptive timestep updater enabled (check every 1 steps)
CavityForceCompute initialized: omegac=0.00938605 a.u., lambda_coupling=0.042 (dimensionless, from variant), K=8.80979e-05 a.u.
CPU CavityForceCompute initialized successfully
notice(2): charge.pppm: RMS error: 2.31675e-08
NOTICE: Starting from inherited timestep 22100000
  Elapsed time will start from 0, not from inherited simulation time
DEBUG @ t=22100000: current_coupling=0.042, last=None
DEBUG: First coupling check - stored value: 0.042
2025-11-06 12:02:10 | INFO |   Added detailed BussiReservoir energy tracking for method 0
2025-11-06 12:02:10 | INFO |   Added energy tracking for cavityforce
2025-11-06 12:02:10 | INFO |   Added detailed cavity energy components
2025-11-06 12:02:10 | INFO |   Added energy tracking for harmonic
2025-11-06 12:02:10 | INFO |   Added energy tracking for lj
2025-11-06 12:02:10 | INFO |   Added energy tracking for ewald
2025-11-06 12:02:10 | INFO |   Added energy tracking for coulomb
2025-11-06 12:02:10 | INFO | Energy tracking setup completed: 0 methods, 5 forces
2025-11-06 12:02:10 | INFO | Setting up energy tracker with output file: prod-191_energy_tracker.txt
2025-11-06 12:02:10 | INFO | Energy tracker configuration:
2025-11-06 12:02:10 | INFO |   Using time-based output: 0.010 ps
2025-11-06 12:02:10 | INFO |   Max output time: 250.000 ps
2025-11-06 12:02:10 | INFO | Energy tracker configuration:
2025-11-06 12:02:10 | INFO |   Force objects: ['cavity', 'harmonic', 'lj', 'ewald_short', 'ewald_long']
2025-11-06 12:02:10 | INFO |   Thermostat objects: ['bussi_molecular', 'langevin_cavity']
2025-11-06 12:02:10 | INFO |   Using internal kinetic computation (no external tracker needed)
2025-11-06 12:02:10 | INFO |  Energy tracker setup completed with time-based output:
2025-11-06 12:02:10 | INFO |   Output period: 0.010 ps (accurate timing)
2025-11-06 12:02:10 | INFO |   Tracker handles timing internally using ElapsedTimeTracker
2025-11-06 12:02:10 | INFO |   Output limited to 250.000 ps
2025-11-06 12:02:10 | INFO | Setting up F(k,t) density correlation tracker
2025-11-06 12:02:10 | INFO |   k magnitude: 1.00
2025-11-06 12:02:10 | INFO |   Number of wavevectors: 50
2025-11-06 12:02:10 | INFO |   Reference interval: 200.000 ps
2025-11-06 12:02:10 | INFO |   Max references: 20
2025-11-06 12:02:10 | INFO |   Output period: 1.000 ps
2025-11-06 12:02:10 | INFO |   Using time-based reference intervals for adaptive timestep compatibility
2025-11-06 12:02:10 | INFO |   Reference interval: 200.000 ps
2025-11-06 12:02:10 | INFO |   Trigger period: 1 step
2025-11-06 12:02:10 | INFO |   Logarithmic time spacing: DISABLED (regular spacing)
FieldAutocorrelationTracker initialized for density_correlation
  k-magnitude: 1.0
  Wavevectors: 50
  Reference interval: 200.0 ps
  Max references: 20
2025-11-06 12:02:10 | INFO |  F(k,t) tracker successfully enabled with time-based output:
2025-11-06 12:02:10 | INFO |   Output period: 1.000 ps (accurate timing)
2025-11-06 12:02:10 | INFO |   Reference interval: 200.000 ps
2025-11-06 12:02:10 | INFO |   Tracker handles timing internally using ElapsedTimeTracker
2025-11-06 12:02:10 | INFO | Setting up dipole autocorrelation tracker...
2025-11-06 12:02:10 | INFO |   Reference interval: 200.000 ps
2025-11-06 12:02:10 | INFO |   Max references: 20
2025-11-06 12:02:10 | INFO |   Output period: 0.010 ps
2025-11-06 12:02:10 | INFO |   Using time-based reference intervals for adaptive timestep compatibility
2025-11-06 12:02:10 | INFO |   Reference interval: 200.000 ps
2025-11-06 12:02:10 | INFO |   Trigger period: 1 step
2025-11-06 12:02:10 | WARNING | Could not set up dipole autocorrelation tracker: Can't instantiate abstract class AutocorrelationTracker without an implementation for abstract method 'act'
2025-11-06 12:02:10 | INFO | Momentum zeroing disabled
2025-11-06 12:02:10 | INFO |  TRACKING AND LOGGING SETUP COMPLETED:
2025-11-06 12:02:10 | INFO |   All output systems now use precise time-based periods
2025-11-06 12:02:10 | INFO |  Comprehensive temperature tracker enabled
2025-11-06 12:02:10 | INFO |   Output file: temperature_tracker_replica_191.csv
2025-11-06 12:02:10 | INFO |   Output period: 0.1 ps
2025-11-06 12:02:10 | INFO |   Tracking: kinetic, harmonic fictive, LJ+Coul fictive, cavity bath, molecular bath
2025-11-06 12:02:10 | INFO |   Empirical data: None (LJ+Coul fictive temp will be 0)
2025-11-06 12:02:10 | INFO | 
============================================================
2025-11-06 12:02:10 | INFO | HDF5 OBSERVABLE OUTPUT CONFIGURATION
2025-11-06 12:02:10 | INFO | ============================================================
2025-11-06 12:02:10 | INFO | Output file: observables_replica_191.h5
2025-11-06 12:02:10 | INFO | Output period: 0.010 ps
2025-11-06 12:02:10 | INFO | SWMR mode: Enabled (concurrent read access)
2025-11-06 12:02:10 | INFO | ============================================================

✓ HDF5 file structure created: observables_replica_191.h5
ObservableWriter initialized:
  Output file: observables_replica_191.h5
  Output period: 0.01 ps
  Chunk size: 1000
  Compression: gzip
  SWMR mode: True
  Flush interval: 10
✓ Energy tracker registered (18 components)
2025-11-06 12:02:10 | INFO |   Registered energy tracker for HDF5 output
✓ Temperature tracker registered (6 components)
2025-11-06 12:02:10 | INFO |   Registered temperature tracker for HDF5 output
2025-11-06 12:02:10 | INFO | ✓ HDF5 observable output enabled

2025-11-06 12:02:10 | INFO | Advanced features enabled: detailed energy tracking (0.010 ps), F(k,t) density correlation (1.000 ps, k=1.0), dipole autocorrelation (0.010 ps), adaptive timestep control, comprehensive temperature tracker (0.1 ps), HDF5 observable output (0.010 ps)
2025-11-06 12:02:10 | INFO | Console output: 1.000 ps periods (time-based)
2025-11-06 12:02:10 | INFO |   Works accurately for both adaptive and fixed timestep modes
2025-11-06 12:02:10 | INFO | DEBUG: PID controller NOT enabled (enable_pid_controller=False)
2025-11-06 12:02:10 | INFO | === Phase 5: Setting up output writers ===
2025-11-06 12:02:10 | INFO | GSD output setup for adaptive timestep mode:
2025-11-06 12:02:10 | INFO |   GSD trigger: every 1000 steps (target: 1.000 ps)
2025-11-06 12:02:10 | INFO |   Note: GSD timing may vary slightly due to adaptive timestep changes
2025-11-06 12:02:10 | INFO | GSD writer added for file: prod-191.gsd
2025-11-06 12:02:10 | INFO |   GSD output period: 1.000 ps
2025-11-06 12:02:10 | INFO |   GSD truncate mode: False (append to existing file)
2025-11-06 12:02:10 | INFO |  Console output setup completed:
2025-11-06 12:02:10 | INFO |   Output period: 1.000 ps (accurate time-based)
2025-11-06 12:02:10 | INFO |   Lambda coupling column: 4.200000e-02 (dimensionless) (displayed in real-time)
2025-11-06 12:02:10 | INFO |   Console tracker handles timing internally using ElapsedTimeTracker
2025-11-06 12:02:10 | INFO |   Works accurately for both adaptive and fixed timestep modes
2025-11-06 12:02:10 | INFO |  FIXED: Console output now uses precise time-based logic
2025-11-06 12:02:10 | INFO |   Both console and energy tracker use accurate timing
2025-11-06 12:02:10 | INFO |   GSD output timing may vary slightly but is less critical
2025-11-06 12:02:10 | INFO | === Phase 6: Running simulation ===
2025-11-06 12:02:10 | INFO | Starting adaptive timestep simulation for 3000.0 ps
2025-11-06 12:02:10 | INFO | Using max steps: 999999999 (will exit when runtime reached)
2025-11-06 12:02:10 | INFO | Initial timestep: 42.115668 a.u. (1.019 fs)
2025-11-06 12:02:10 | INFO | Timestep will adapt dynamically (error_tolerance = 2.0)
Added F(k,t) reference 0 at t = 0.001 ps
[HDF5 Writer DEBUG] timestep=22100001, current_time_ps=0.001, last_output_time=None, write_count=0
[HDF5 Writer DEBUG] Writing data point 0 at time 0.001 ps
[HDF5 Writer DEBUG] timestep=22100002, current_time_ps=0.002, last_output_time=0.0010187291588153945, write_count=1
[HDF5 Writer DEBUG] Skipping output: not time yet (current=0.002, last=0.0010187291588153945, period=0.01)
[HDF5 Writer DEBUG] timestep=22100003, current_time_ps=0.003, last_output_time=0.0010187291588153945, write_count=1
[HDF5 Writer DEBUG] Skipping output: not time yet (current=0.003, last=0.0010187291588153945, period=0.01)
[HDF5 Writer DEBUG] timestep=22100004, current_time_ps=0.004, last_output_time=0.0010187291588153945, write_count=1
[HDF5 Writer DEBUG] Skipping output: not time yet (current=0.004, last=0.0010187291588153945, period=0.01)
[HDF5 Writer DEBUG] timestep=22100005, current_time_ps=0.005, last_output_time=0.0010187291588153945, write_count=1
[HDF5 Writer DEBUG] Skipping output: not time yet (current=0.005, last=0.0010187291588153945, period=0.01)
[HDF5 Writer DEBUG] timestep=22100006, current_time_ps=0.006, last_output_time=0.0010187291588153945, write_count=1
[HDF5 Writer DEBUG] Skipping output: not time yet (current=0.006, last=0.0010187291588153945, period=0.01)
[HDF5 Writer DEBUG] timestep=22100007, current_time_ps=0.007, last_output_time=0.0010187291588153945, write_count=1
[HDF5 Writer DEBUG] Skipping output: not time yet (current=0.007, last=0.0010187291588153945, period=0.01)
[HDF5 Writer DEBUG] timestep=22100008, current_time_ps=0.008, last_output_time=0.0010187291588153945, write_count=1
[HDF5 Writer DEBUG] Skipping output: not time yet (current=0.008, last=0.0010187291588153945, period=0.01)
[HDF5 Writer DEBUG] timestep=22100009, current_time_ps=0.009, last_output_time=0.0010187291588153945, write_count=1
[HDF5 Writer DEBUG] Skipping output: not time yet (current=0.009, last=0.0010187291588153945, period=0.01)
[HDF5 Writer DEBUG] timestep=22100010, current_time_ps=0.010, last_output_time=0.0010187291588153945, write_count=1
[HDF5 Writer DEBUG] Skipping output: not time yet (current=0.010, last=0.0010187291588153945, period=0.01)
[HDF5 Writer DEBUG] timestep=22100011, current_time_ps=0.011, last_output_time=0.0010187291588153945, write_count=1
[HDF5 Writer DEBUG] Writing data point 1 at time 0.011 ps
[HDF5 Writer DEBUG] timestep=22100012, current_time_ps=0.012, last_output_time=0.011206020746969341, write_count=2
[HDF5 Writer DEBUG] Skipping output: not time yet (current=0.012, last=0.011206020746969341, period=0.01)
[HDF5 Writer DEBUG] timestep=22100013, current_time_ps=0.013, last_output_time=0.011206020746969341, write_count=2
[HDF5 Writer DEBUG] Skipping output: not time yet (current=0.013, last=0.011206020746969341, period=0.01)
[HDF5 Writer DEBUG] timestep=22100014, current_time_ps=0.014, last_output_time=0.011206020746969341, write_count=2
[HDF5 Writer DEBUG] Skipping output: not time yet (current=0.014, last=0.011206020746969341, period=0.01)
[HDF5 Writer DEBUG] timestep=22100015, current_time_ps=0.015, last_output_time=0.011206020746969341, write_count=2
[HDF5 Writer DEBUG] Skipping output: not time yet (current=0.015, last=0.011206020746969341, period=0.01)
[HDF5 Writer DEBUG] timestep=22100016, current_time_ps=0.016, last_output_time=0.011206020746969341, write_count=2
[HDF5 Writer DEBUG] Skipping output: not time yet (current=0.016, last=0.011206020746969341, period=0.01)
[HDF5 Writer DEBUG] timestep=22100017, current_time_ps=0.017, last_output_time=0.011206020746969341, write_count=2
[HDF5 Writer DEBUG] Skipping output: not time yet (current=0.017, last=0.011206020746969341, period=0.01)
[HDF5 Writer DEBUG] timestep=22100018, current_time_ps=0.018, last_output_time=0.011206020746969341, write_count=2
[HDF5 Writer DEBUG] Skipping output: not time yet (current=0.018, last=0.011206020746969341, period=0.01)
[HDF5 Writer DEBUG] timestep=22100019, current_time_ps=0.019, last_output_time=0.011206020746969341, write_count=2
[HDF5 Writer DEBUG] Skipping output: not time yet (current=0.019, last=0.011206020746969341, period=0.01)
[HDF5 Writer DEBUG] timestep=22100020, current_time_ps=0.020, last_output_time=0.011206020746969341, write_count=2
[HDF5 Writer DEBUG] Skipping output: not time yet (current=0.020, last=0.011206020746969341, period=0.01)
[HDF5 Writer DEBUG] timestep=22100021, current_time_ps=0.021, last_output_time=0.011206020746969341, write_count=2
[HDF5 Writer DEBUG] Writing data point 2 at time 0.021 ps
✓ SWMR mode enabled - file can now be read concurrently
Simulation.timestep  Simulation.tps Time.elapsed_ps Performance.ns_per_day Performance.eta   Cavity.lambda Adaptive.error_tolerance
       22100982        67.18828         1.00039            5.78        12:27:12        4.20e-02        2.00e+00
       22102335        67.18489         2.00063            4.93        14:36:29        4.20e-02        2.00e+00
       22103567        67.23012         3.00083            4.86        14:48:47        4.20e-02        2.00e+00
       22104811        67.22394         4.00097            4.81        14:57:24        4.20e-02        2.00e+00
       22106195        67.29491         5.00153            4.68        15:22:08        4.20e-02        2.00e+00
       22107589        67.33797         6.00177            4.59        15:39:50        4.20e-02        2.00e+00
       22108860        67.37233         7.00179            4.59        15:39:20        4.20e-02        2.00e+00
DEBUG @ t=22110000: current_coupling=0.042, last=0.042
       22110191        67.38298         8.00257            4.56        15:44:32        4.20e-02        2.00e+00
       22111470        67.41550         9.00302            4.56        15:43:56        4.20e-02        2.00e+00
       22112701        67.49708        10.00317            4.58        15:39:06        4.20e-02        2.00e+00
       22113802        67.60748        11.00371            4.65        15:25:46        4.20e-02        2.00e+00
       22114957        67.64947        12.00397            4.68        15:18:39        4.20e-02        2.00e+00
       22116230        67.76014        13.00397            4.68        15:18:16        4.20e-02        2.00e+00
       22117417        67.82999        14.00479            4.71        15:13:40        4.20e-02        2.00e+00
       22118545        67.80841        15.00505            4.73        15:07:53        4.20e-02        2.00e+00
       22119897        68.02546        16.00526            4.72        15:09:55        4.20e-02        2.00e+00
DEBUG @ t=22120000: current_coupling=0.042, last=0.042
       22121202        68.05334        17.00609            4.71        15:11:48        4.20e-02        2.00e+00
       22122452        68.05333        18.00652            4.71        15:11:33        4.20e-02        2.00e+00
       22123688        68.05624        19.00689            4.71        15:10:43        4.20e-02        2.00e+00
       22124938        68.06203        20.00743            4.71        15:10:24        4.20e-02        2.00e+00
       22126229        68.04755        21.00801            4.70        15:11:46        4.20e-02        2.00e+00
       22127437        68.02235        22.00823            4.71        15:10:24        4.20e-02        2.00e+00
       22128625        68.03247        23.00843            4.72        15:08:04        4.20e-02        2.00e+00
       22129894        68.05078        24.00845            4.72        15:08:14        4.20e-02        2.00e+00
DEBUG @ t=22130000: current_coupling=0.042, last=0.042
       22131191        68.08141        25.00894            4.71        15:08:59        4.20e-02        2.00e+00
       22132366        68.10406        26.00957            4.73        15:06:19        4.20e-02        2.00e+00
       22133493        68.15350        27.01025            4.75        15:02:09        4.20e-02        2.00e+00
       22134759        68.16223        28.01045            4.74        15:02:22        4.20e-02        2.00e+00
       22135936        68.14724        29.01079            4.75        15:00:38        4.20e-02        2.00e+00
       22137241        68.13110        30.01142            4.74        15:02:07        4.20e-02        2.00e+00
       22138570        68.12074        31.01144            4.73        15:03:59        4.20e-02        2.00e+00
       22139844        68.11158        32.01217            4.73        15:04:27        4.20e-02        2.00e+00
DEBUG @ t=22140000: current_coupling=0.042, last=0.042
       22141128        68.11453        33.01295            4.72        15:04:56        4.20e-02        2.00e+00
       22142382        68.10330        34.01295            4.72        15:04:57        4.20e-02        2.00e+00
       22143640        68.11622        35.01333            4.72        15:04:41        4.20e-02        2.00e+00
       22144929        68.11694        36.01385            4.72        15:05:12        4.20e-02        2.00e+00
       22146181        68.11669        37.01388            4.71        15:04:59        4.20e-02        2.00e+00
       22147444        68.13033        38.01447            4.71        15:04:45        4.20e-02        2.00e+00
       22148751        68.14422        39.01468            4.71        15:05:21        4.20e-02        2.00e+00
DEBUG @ t=22150000: current_coupling=0.042, last=0.042
       22150051        68.16764        40.01493            4.71        15:05:38        4.20e-02        2.00e+00
       22151345        68.23818        41.01519            4.71        15:05:08        4.20e-02        2.00e+00
       22152686        68.28513        42.01549            4.70        15:05:43        4.20e-02        2.00e+00
       22154018        68.30655        43.01558            4.70        15:06:25        4.20e-02        2.00e+00
       22155267        68.29871        44.01606            4.70        15:06:06        4.20e-02        2.00e+00
       22156667        68.28889        45.01650            4.69        15:08:13        4.20e-02        2.00e+00
       22158037        68.29416        46.01658            4.68        15:09:34        4.20e-02        2.00e+00
       22159223        68.28373        47.01728            4.68        15:08:13        4.20e-02        2.00e+00
DEBUG @ t=22160000: current_coupling=0.042, last=0.042
       22160474        68.28555        48.01733            4.68        15:07:45        4.20e-02        2.00e+00
       22161768        68.28677        49.01793            4.68        15:07:55        4.20e-02        2.00e+00
       22163017        68.27870        50.01862            4.68        15:07:32        4.20e-02        2.00e+00
       22164304        68.27244        51.01892            4.68        15:07:41        4.20e-02        2.00e+00
       22165625        68.26551        52.01910            4.67        15:08:18        4.20e-02        2.00e+00
       22166889        68.25850        53.01977            4.67        15:08:06        4.20e-02        2.00e+00
       22168122        68.25312        54.02058            4.67        15:07:28        4.20e-02        2.00e+00
       22169222        68.23843        55.02127            4.68        15:05:14        4.20e-02        2.00e+00
DEBUG @ t=22170000: current_coupling=0.042, last=0.042
       22170343        68.22548        56.02207            4.69        15:03:19        4.20e-02        2.00e+00
       22171525        68.21470        57.02264            4.70        15:02:12        4.20e-02        2.00e+00
       22172656        68.22080        58.02282            4.71        15:00:17        4.20e-02        2.00e+00
       22173896        68.23617        59.02324            4.71        14:59:37        4.20e-02        2.00e+00
       22175186        68.23770        60.02340            4.71        14:59:44        4.20e-02        2.00e+00
       22176394        68.23522        61.02355            4.71        14:58:56        4.20e-02        2.00e+00
       22177650        68.23437        62.02407            4.71        14:58:40        4.20e-02        2.00e+00
       22178919        68.23468        63.02469            4.71        14:58:33        4.20e-02        2.00e+00
DEBUG @ t=22180000: current_coupling=0.042, last=0.042
       22180255        68.25083        64.02510            4.70        14:58:57        4.20e-02        2.00e+00
       22181498        68.26237        65.02511            4.70        14:58:23        4.20e-02        2.00e+00
       22182725        68.28647        66.02512            4.71        14:57:28        4.20e-02        2.00e+00
       22183985        68.29102        67.02520            4.71        14:57:10        4.20e-02        2.00e+00
       22185239        68.29413        68.02568            4.71        14:56:49        4.20e-02        2.00e+00
       22186556        68.31387        69.02628            4.71        14:56:54        4.20e-02        2.00e+00
       22187900        68.32878        70.02628            4.70        14:57:19        4.20e-02        2.00e+00
       22189287        68.34778        71.02671            4.70        14:58:05        4.20e-02        2.00e+00
DEBUG @ t=22190000: current_coupling=0.042, last=0.042
       22190604        68.34973        72.02747            4.69        14:58:20        4.20e-02        2.00e+00
       22191924        68.34642        73.02772            4.69        14:58:40        4.20e-02        2.00e+00
       22193130        68.34060        74.02845            4.69        14:57:55        4.20e-02        2.00e+00
       22194367        68.34068        75.02921            4.69        14:57:24        4.20e-02        2.00e+00
       22195591        68.33547        76.02946            4.69        14:56:50        4.20e-02        2.00e+00
       22196808        68.33820        77.03017            4.70        14:56:07        4.20e-02        2.00e+00
       22198027        68.34228        78.03079            4.70        14:55:24        4.20e-02        2.00e+00
       22199318        68.34544        79.03156            4.70        14:55:21        4.20e-02        2.00e+00
DEBUG @ t=22200000: current_coupling=0.042, last=0.042
[HDF5 Writer DEBUG] timestep=22200000, current_time_ps=79.569, last_output_time=79.5647058856275, write_count=7664
       22200590        68.33640        80.03158            4.70        14:55:18        4.20e-02        2.00e+00
       22201885        68.32927        81.03184            4.69        14:55:25        4.20e-02        2.00e+00
       22203145        68.31957        82.03241            4.69        14:55:15        4.20e-02        2.00e+00
       22204526        68.32298        83.03260            4.69        14:55:57        4.20e-02        2.00e+00
       22205854        68.33072        84.03337            4.69        14:56:07        4.20e-02        2.00e+00
       22207124        68.32514        85.03395            4.68        14:55:57        4.20e-02        2.00e+00
       22208259        68.31512        86.03434            4.69        14:54:45        4.20e-02        2.00e+00
       22209462        68.30882        87.03515            4.69        14:54:03        4.20e-02        2.00e+00
DEBUG @ t=22210000: current_coupling=0.042, last=0.042
       22210719        68.31194        88.03546            4.69        14:53:42        4.20e-02        2.00e+00
       22211985        68.31514        89.03610            4.69        14:53:24        4.20e-02        2.00e+00
       22213241        68.30983        90.03669            4.69        14:53:09        4.20e-02        2.00e+00
       22214533        68.30837        91.03691            4.69        14:53:07        4.20e-02        2.00e+00
       22215760        68.30957        92.03730            4.69        14:52:33        4.20e-02        2.00e+00
       22217037        68.31805        93.03754            4.69        14:52:17        4.20e-02        2.00e+00
       22218261        68.31959        94.03768            4.69        14:51:42        4.20e-02        2.00e+00
       22219464        68.31777        95.03779            4.69        14:51:00        4.20e-02        2.00e+00
DEBUG @ t=22220000: current_coupling=0.042, last=0.042
       22220674        68.31222        96.03793            4.70        14:50:25        4.20e-02        2.00e+00
       22221879        68.30797        97.03817            4.70        14:49:47        4.20e-02        2.00e+00
       22223068        68.30109        98.03836            4.70        14:49:05        4.20e-02        2.00e+00
       22224259        68.29514        99.03895            4.70        14:48:23        4.20e-02        2.00e+00
       22225497        68.29843       100.03928            4.70        14:47:55        4.20e-02        2.00e+00
       22226630        68.29228       101.03983            4.71        14:46:50        4.20e-02        2.00e+00
       22227792        68.29863       102.04024            4.71        14:45:48        4.20e-02        2.00e+00
       22229093        68.29822       103.04094            4.71        14:45:50        4.20e-02        2.00e+00
DEBUG @ t=22230000: current_coupling=0.042, last=0.042
       22230243        68.30409       104.04127            4.71        14:44:45        4.20e-02        2.00e+00
       22231402        68.30822       105.04155            4.72        14:43:45        4.20e-02        2.00e+00
       22232538        68.31645       106.04197            4.72        14:42:34        4.20e-02        2.00e+00
       22233743        68.31322       107.04198            4.72        14:42:01        4.20e-02        2.00e+00
       22234953        68.30576       108.04222            4.72        14:41:33        4.20e-02        2.00e+00
       22236142        68.29614       109.04254            4.73        14:40:58        4.20e-02        2.00e+00
       22237286        68.28868       110.04306            4.73        14:40:05        4.20e-02        2.00e+00
       22238523        68.28142       111.04318            4.73        14:39:48        4.20e-02        2.00e+00
       22239698        68.29119       112.04380            4.73        14:38:55        4.20e-02        2.00e+00
DEBUG @ t=22240000: current_coupling=0.042, last=0.042
       22240782        68.29744       113.04400            4.74        14:37:31        4.20e-02        2.00e+00
       22242066        68.32111       114.04471            4.74        14:37:08        4.20e-02        2.00e+00
       22243352        68.31950       115.04549            4.74        14:37:05        4.20e-02        2.00e+00
       22244640        68.32303       116.04607            4.74        14:36:59        4.20e-02        2.00e+00
       22245854        68.32305       117.04642            4.74        14:36:29        4.20e-02        2.00e+00
       22246938        68.32116       118.04669            4.74        14:35:14        4.20e-02        2.00e+00
       22248245        68.32731       119.04688            4.74        14:35:13        4.20e-02        2.00e+00
       22249484        68.33528       120.04727            4.74        14:34:46        4.20e-02        2.00e+00
DEBUG @ t=22250000: current_coupling=0.042, last=0.042
       22250684        68.33396       121.04780            4.74        14:34:13        4.20e-02        2.00e+00
       22251848        68.33285       122.04842            4.74        14:33:27        4.20e-02        2.00e+00
       22253034        68.32885       123.04894            4.75        14:32:52        4.20e-02        2.00e+00
       22254171        68.33439       124.04896            4.75        14:31:53        4.20e-02        2.00e+00
       22255441        68.34731       125.04942            4.75        14:31:34        4.20e-02        2.00e+00
       22256660        68.34671       126.04990            4.75        14:31:08        4.20e-02        2.00e+00
       22257958        68.34275       127.05059            4.75        14:31:11        4.20e-02        2.00e+00
       22259113        68.33888       128.05146            4.75        14:30:26        4.20e-02        2.00e+00
DEBUG @ t=22260000: current_coupling=0.042, last=0.042
       22260159        68.33517       129.05173            4.76        14:29:07        4.20e-02        2.00e+00
       22261329        68.33017       130.05254            4.76        14:28:29        4.20e-02        2.00e+00
       22262597        68.32854       131.05310            4.76        14:28:21        4.20e-02        2.00e+00
       22263993        68.32713       132.05311            4.75        14:28:53        4.20e-02        2.00e+00
       22265261        68.32596       133.05354            4.75        14:28:44        4.20e-02        2.00e+00
       22266507        68.33285       134.05373            4.75        14:28:21        4.20e-02        2.00e+00
       22267690        68.33158       135.05380            4.75        14:27:46        4.20e-02        2.00e+00
       22268892        68.32803       136.05454            4.76        14:27:18        4.20e-02        2.00e+00
DEBUG @ t=22270000: current_coupling=0.042, last=0.042
       22270105        68.32811       137.05457            4.76        14:26:51        4.20e-02        2.00e+00
       22271253        68.33866       138.05490            4.76        14:25:56        4.20e-02        2.00e+00
       22272537        68.33866       139.05541            4.76        14:25:51        4.20e-02        2.00e+00
       22273735        68.33621       140.05561            4.76        14:25:22        4.20e-02        2.00e+00
       22274736        68.33235       141.05624            4.77        14:23:55        4.20e-02        2.00e+00
       22275907        68.33080       142.05671            4.77        14:23:18        4.20e-02        2.00e+00
       22277105        68.32463       143.05675            4.77        14:22:53        4.20e-02        2.00e+00
       22278217        68.32435       144.05722            4.77        14:21:58        4.20e-02        2.00e+00
       22279268        68.32847       145.05750            4.78        14:20:43        4.20e-02        2.00e+00
DEBUG @ t=22280000: current_coupling=0.042, last=0.042
       22280407        68.32958       146.05825            4.78        14:19:56        4.20e-02        2.00e+00
       22281601        68.32746       147.05841            4.78        14:19:28        4.20e-02        2.00e+00
       22282837        68.32687       148.05871            4.78        14:19:10        4.20e-02        2.00e+00
       22284007        68.32757       149.05929            4.78        14:18:33        4.20e-02        2.00e+00
       22285166        68.32458       150.05990            4.78        14:17:56        4.20e-02        2.00e+00
       22286334        68.32250       151.06034            4.78        14:17:21        4.20e-02        2.00e+00
       22287473        68.31574       152.06099            4.79        14:16:42        4.20e-02        2.00e+00
       22288614        68.30903       153.06152            4.79        14:16:04        4.20e-02        2.00e+00
       22289803        68.30583       154.06206            4.79        14:15:36        4.20e-02        2.00e+00
DEBUG @ t=22290000: current_coupling=0.042, last=0.042
       22290913        68.30156       155.06232            4.79        14:14:49        4.20e-02        2.00e+00
       22292110        68.29776       156.06308            4.79        14:14:24        4.20e-02        2.00e+00
       22293318        68.29689       157.06347            4.79        14:14:00        4.20e-02        2.00e+00
       22294486        68.29664       158.06393            4.80        14:13:26        4.20e-02        2.00e+00
       22295725        68.29400       159.06414            4.79        14:13:12        4.20e-02        2.00e+00
       22296866        68.28813       160.06484            4.80        14:12:35        4.20e-02        2.00e+00
       22297979        68.29451       161.06559            4.80        14:11:41        4.20e-02        2.00e+00
       22299086        68.29935       162.06595            4.80        14:10:48        4.20e-02        2.00e+00
DEBUG @ t=22300000: current_coupling=0.042, last=0.042
[HDF5 Writer DEBUG] timestep=22300000, current_time_ps=162.835, last_output_time=162.8339466737253, write_count=15682
       22300271        68.30182       163.06638            4.80        14:10:17        4.20e-02        2.00e+00
       22301428        68.32129       164.06661            4.81        14:09:27        4.20e-02        2.00e+00
       22302626        68.33852       165.06719            4.81        14:08:48        4.20e-02        2.00e+00
       22303826        68.36051       166.06786            4.81        14:08:07        4.20e-02        2.00e+00
       22305001        68.37164       167.06794            4.81        14:07:27        4.20e-02        2.00e+00
       22306103        68.39220       168.06853            4.82        14:06:23        4.20e-02        2.00e+00
       22307255        68.39877       169.06916            4.82        14:05:42        4.20e-02        2.00e+00
       22308433        68.40329       170.06955            4.82        14:05:09        4.20e-02        2.00e+00
       22309553        68.41158       171.06999            4.82        14:04:19        4.20e-02        2.00e+00
DEBUG @ t=22310000: current_coupling=0.042, last=0.042
       22310681        68.41724       172.07034            4.83        14:03:33        4.20e-02        2.00e+00
       22311815        68.42420       173.07112            4.83        14:02:49        4.20e-02        2.00e+00
       22312941        68.43568       174.07123            4.83        14:01:59        4.20e-02        2.00e+00
       22314064        68.44628       175.07195            4.84        14:01:09        4.20e-02        2.00e+00
       22315193        68.45487       176.07245            4.84        14:00:23        4.20e-02        2.00e+00
       22316417        68.46415       177.07321            4.84        13:59:58        4.20e-02        2.00e+00
       22317567        68.47225       178.07367            4.84        13:59:18        4.20e-02        2.00e+00
       22318641        68.48153       179.07413            4.85        13:58:19        4.20e-02        2.00e+00
       22319767        68.48881       180.07491            4.85        13:57:34        4.20e-02        2.00e+00
DEBUG @ t=22320000: current_coupling=0.042, last=0.042
       22320814        68.49617       181.07516            4.85        13:56:31        4.20e-02        2.00e+00
       22321827        68.50600       182.07604            4.86        13:55:19        4.20e-02        2.00e+00
       22322883        68.51661       183.07638            4.86        13:54:17        4.20e-02        2.00e+00
       22323948        68.53017       184.07659            4.87        13:53:15        4.20e-02        2.00e+00
       22324995        68.53625       185.07686            4.87        13:52:15        4.20e-02        2.00e+00
       22326099        68.54450       186.07690            4.87        13:51:27        4.20e-02        2.00e+00
       22327138        68.54932       187.07708            4.88        13:50:27        4.20e-02        2.00e+00
       22328225        68.55545       188.07772            4.88        13:49:37        4.20e-02        2.00e+00
       22329312        68.56135       189.07839            4.88        13:48:47        4.20e-02        2.00e+00
DEBUG @ t=22330000: current_coupling=0.042, last=0.042
       22330387        68.56373       190.07915            4.89        13:47:58        4.20e-02        2.00e+00
       22331437        68.57593       191.07987            4.89        13:46:56        4.20e-02        2.00e+00
       22332526        68.58418       192.08027            4.89        13:46:07        4.20e-02        2.00e+00
       22333565        68.58869       193.08099            4.90        13:45:09        4.20e-02        2.00e+00
       22334629        68.59171       194.08151            4.90        13:44:18        4.20e-02        2.00e+00
       22335684        68.59480       195.08239            4.91        13:43:26        4.20e-02        2.00e+00
       22336714        68.59667       196.08293            4.91        13:42:30        4.20e-02        2.00e+00
       22337741        68.60087       197.08369            4.91        13:41:32        4.20e-02        2.00e+00
       22338814        68.60548       198.08410            4.92        13:40:43        4.20e-02        2.00e+00
       22339970        68.61488       199.08449            4.92        13:40:08        4.20e-02        2.00e+00
DEBUG @ t=22340000: current_coupling=0.042, last=0.042
SWITCH DETECTED at timestep 22340972: t = 200.000411 ps
  Forcing immediate timestep adjustment for shock dampening
Added F(k,t) reference 1 at t = 200.001 ps
       22341066        68.62081       200.08532            4.92        13:39:24        4.20e-02        2.00e+00
       22342154        68.62552       201.08595            4.92        13:38:39        4.20e-02        2.00e+00
       22343185        68.62850       202.08622            4.93        13:37:45        4.20e-02        2.00e+00
       22344326        68.63138       203.08659            4.93        13:37:12        4.20e-02        2.00e+00
       22345406        68.63512       204.08713            4.93        13:36:27        4.20e-02        2.00e+00
       22346478        68.63889       205.08750            4.93        13:35:41        4.20e-02        2.00e+00
       22347553        68.64315       206.08763            4.94        13:34:55        4.20e-02        2.00e+00
       22348618        68.64461       207.08770            4.94        13:34:10        4.20e-02        2.00e+00
       22349741        68.64816       208.08774            4.94        13:33:35        4.20e-02        2.00e+00
DEBUG @ t=22350000: current_coupling=0.042, last=0.042
       22350801        68.65081       209.08856            4.94        13:32:48        4.20e-02        2.00e+00
       22351827        68.65897       210.08864            4.95        13:31:51        4.20e-02        2.00e+00
       22352984        68.66619       211.08915            4.95        13:31:20        4.20e-02        2.00e+00
       22354171        68.67979       212.08927            4.95        13:30:51        4.20e-02        2.00e+00
       22355248        68.69200       213.08993            4.95        13:30:02        4.20e-02        2.00e+00
       22356333        68.69568       214.09064            4.96        13:29:20        4.20e-02        2.00e+00
       22357347        68.69820       215.09076            4.96        13:28:26        4.20e-02        2.00e+00
       22358398        68.70483       216.09113            4.96        13:27:37        4.20e-02        2.00e+00
       22359452        68.70953       217.09115            4.97        13:26:50        4.20e-02        2.00e+00
DEBUG @ t=22360000: current_coupling=0.042, last=0.042
       22360569        68.71192       218.09171            4.97        13:26:16        4.20e-02        2.00e+00
       22361807        68.71774       219.09217            4.97        13:26:02        4.20e-02        2.00e+00
       22362931        68.72109       220.09255            4.97        13:25:29        4.20e-02        2.00e+00
       22364017        68.72408       221.09286            4.97        13:24:50        4.20e-02        2.00e+00
       22365070        68.72782       222.09311            4.97        13:24:04        4.20e-02        2.00e+00
       22366239        68.73199       223.09317            4.98        13:23:39        4.20e-02        2.00e+00
       22367493        68.73545       224.09377            4.97        13:23:30        4.20e-02        2.00e+00
       22368656        68.73854       225.09422            4.98        13:23:05        4.20e-02        2.00e+00
       22369742        68.74125       226.09495            4.98        13:22:27        4.20e-02        2.00e+00
DEBUG @ t=22370000: current_coupling=0.042, last=0.042
       22370918        68.74923       227.09546            4.98        13:22:00        4.20e-02        2.00e+00
       22371912        68.75174       228.09553            4.98        13:21:06        4.20e-02        2.00e+00
       22372902        68.75486       229.09636            4.99        13:20:11        4.20e-02        2.00e+00
       22374039        68.76324       230.09644            4.99        13:19:38        4.20e-02        2.00e+00
       22375127        68.76771       231.09664            4.99        13:19:00        4.20e-02        2.00e+00
       22376293        68.77081       232.09670            4.99        13:18:36        4.20e-02        2.00e+00
       22377392        68.77357       233.09742            4.99        13:18:01        4.20e-02        2.00e+00
       22378412        68.77340       234.09815            5.00        13:17:14        4.20e-02        2.00e+00
       22379470        68.77517       235.09837            5.00        13:16:33        4.20e-02        2.00e+00
DEBUG @ t=22380000: current_coupling=0.042, last=0.042
       22380591        68.77709       236.09852            5.00        13:16:03        4.20e-02        2.00e+00
       22381711        68.78434       237.09909            5.00        13:15:29        4.20e-02        2.00e+00
       22382891        68.78912       238.09988            5.00        13:15:07        4.20e-02        2.00e+00
       22383944        68.79186       239.10051            5.00        13:14:25        4.20e-02        2.00e+00
       22384979        68.79420       240.10085            5.01        13:13:40        4.20e-02        2.00e+00
       22386029        68.79647       241.10103            5.01        13:12:59        4.20e-02        2.00e+00
       22386994        68.79637       242.10203            5.01        13:12:05        4.20e-02        2.00e+00
       22387964        68.79790       243.10254            5.02        13:11:11        4.20e-02        2.00e+00
       22389101        68.80251       244.10300            5.02        13:10:42        4.20e-02        2.00e+00
DEBUG @ t=22390000: current_coupling=0.042, last=0.042
       22390151        68.80406       245.10323            5.02        13:10:02        4.20e-02        2.00e+00
       22391308        68.81379       246.10365            5.02        13:09:34        4.20e-02        2.00e+00
       22392429        68.81594       247.10391            5.02        13:09:05        4.20e-02        2.00e+00
       22393493        68.81747       248.10419            5.03        13:08:27        4.20e-02        2.00e+00
       22394576        68.81915       249.10429            5.03        13:07:53        4.20e-02        2.00e+00
       22395661        68.82592       250.10454            5.03        13:07:15        4.20e-02        2.00e+00
       22396769        68.83287       251.10458            5.03        13:06:42        4.20e-02        2.00e+00
       22397980        68.83844       252.10469            5.03        13:06:25        4.20e-02        2.00e+00
       22399134        68.84200       253.10534            5.03        13:06:01        4.20e-02        2.00e+00
DEBUG @ t=22400000: current_coupling=0.042, last=0.042
[HDF5 Writer DEBUG] timestep=22400000, current_time_ps=253.845, last_output_time=253.836111162814, write_count=24418
       22400272        68.84394       254.10562            5.03        13:05:36        4.20e-02        2.00e+00
       22401320        68.84418       255.10617            5.04        13:04:57        4.20e-02        2.00e+00
       22402421        68.84758       256.10666            5.04        13:04:25        4.20e-02        2.00e+00
       22403630        68.85148       257.10737            5.04        13:04:09        4.20e-02        2.00e+00
       22404804        68.85560       258.10790            5.04        13:03:48        4.20e-02        2.00e+00
       22405891        68.85899       259.10817            5.04        13:03:14        4.20e-02        2.00e+00
       22406994        68.86127       260.10883            5.04        13:02:44        4.20e-02        2.00e+00
       22408302        68.86446       261.10963            5.04        13:02:44        4.20e-02        2.00e+00
       22409521        68.86786       262.11024            5.04        13:02:30        4.20e-02        2.00e+00
DEBUG @ t=22410000: current_coupling=0.042, last=0.042
       22410613        68.86952       263.11094            5.04        13:01:58        4.20e-02        2.00e+00
       22411795        68.87337       264.11149            5.04        13:01:38        4.20e-02        2.00e+00
       22412846        68.87516       265.11196            5.04        13:01:00        4.20e-02        2.00e+00
       22414034        68.87848       266.11199            5.04        13:00:42        4.20e-02        2.00e+00
       22415188        68.88166       267.11201            5.04        13:00:19        4.20e-02        2.00e+00
       22416343        68.88334       268.11272            5.04        12:59:57        4.20e-02        2.00e+00
       22417452        68.88726       269.11291            5.05        12:59:27        4.20e-02        2.00e+00
       22418552        68.88938       270.11332            5.05        12:58:56        4.20e-02        2.00e+00
       22419622        68.89029       271.11346            5.05        12:58:23        4.20e-02        2.00e+00
DEBUG @ t=22420000: current_coupling=0.042, last=0.042
       22420656        68.89182       272.11358            5.05        12:57:43        4.20e-02        2.00e+00
       22421655        68.89201       273.11377            5.05        12:57:00        4.20e-02        2.00e+00
       22422695        68.89213       274.11382            5.06        12:56:23        4.20e-02        2.00e+00
       22423925        68.89306       275.11436            5.06        12:56:13        4.20e-02        2.00e+00
       22424991        68.89344       276.11463            5.06        12:55:39        4.20e-02        2.00e+00
       22425974        68.89392       277.11534            5.06        12:54:54        4.20e-02        2.00e+00
       22427230        68.89572       278.11541            5.06        12:54:47        4.20e-02        2.00e+00
       22428439        68.89691       279.11618            5.06        12:54:34        4.20e-02        2.00e+00
       22429650        68.89885       280.11638            5.06        12:54:20        4.20e-02        2.00e+00
DEBUG @ t=22430000: current_coupling=0.042, last=0.042
       22430840        68.90200       281.11714            5.06        12:54:03        4.20e-02        2.00e+00
       22432010        68.90325       282.11791            5.06        12:53:43        4.20e-02        2.00e+00
       22433154        68.90414       283.11882            5.06        12:53:21        4.20e-02        2.00e+00
       22434141        68.90456       284.11888            5.06        12:52:37        4.20e-02        2.00e+00
       22435340        68.90818       285.11941            5.06        12:52:21        4.20e-02        2.00e+00
       22436562        68.91973       286.11945            5.06        12:52:02        4.20e-02        2.00e+00
       22437588        68.92626       287.11966            5.06        12:51:20        4.20e-02        2.00e+00
       22438505        68.92732       288.12040            5.07        12:50:27        4.20e-02        2.00e+00
       22439494        68.92765       289.12093            5.07        12:49:44        4.20e-02        2.00e+00
DEBUG @ t=22440000: current_coupling=0.042, last=0.042
       22440589        68.92903       290.12151            5.07        12:49:16        4.20e-02        2.00e+00
       22441659        68.92981       291.12161            5.07        12:48:44        4.20e-02        2.00e+00
       22442741        68.93003       292.12216            5.08        12:48:14        4.20e-02        2.00e+00
       22443895        68.93202       293.12292            5.08        12:47:53        4.20e-02        2.00e+00
       22445069        68.93405       294.12301            5.08        12:47:35        4.20e-02        2.00e+00
       22446230        68.93663       295.12340            5.08        12:47:14        4.20e-02        2.00e+00
       22447335        68.94219       296.12353            5.08        12:46:45        4.20e-02        2.00e+00
       22448399        68.94383       297.12362            5.08        12:46:12        4.20e-02        2.00e+00
       22449547        68.94831       298.12435            5.08        12:45:49        4.20e-02        2.00e+00
DEBUG @ t=22450000: current_coupling=0.042, last=0.042
       22450745        68.95656       299.12464            5.08        12:45:30        4.20e-02        2.00e+00
       22451864        68.95972       300.12525            5.08        12:45:03        4.20e-02        2.00e+00
       22452968        68.96449       301.12537            5.08        12:44:34        4.20e-02        2.00e+00
       22454168        68.96921       302.12608            5.08        12:44:18        4.20e-02        2.00e+00
       22455297        68.97446       303.12679            5.08        12:43:51        4.20e-02        2.00e+00
       22456493        68.98233       304.12737            5.08        12:43:32        4.20e-02        2.00e+00
       22457745        68.98721       305.12740            5.08        12:43:22        4.20e-02        2.00e+00
       22458902        68.99350       306.12746            5.08        12:42:59        4.20e-02        2.00e+00
DEBUG @ t=22460000: current_coupling=0.042, last=0.042
       22460037        68.99413       307.12792            5.08        12:42:37        4.20e-02        2.00e+00
       22461114        68.99514       308.12859            5.09        12:42:07        4.20e-02        2.00e+00
       22462232        68.99815       309.12942            5.09        12:41:41        4.20e-02        2.00e+00
       22463312        68.99958       310.12952            5.09        12:41:11        4.20e-02        2.00e+00
       22464420        69.00506       311.12954            5.09        12:40:43        4.20e-02        2.00e+00
       22465511        69.01328       312.12992            5.09        12:40:10        4.20e-02        2.00e+00
       22466661        69.01682       313.13000            5.09        12:39:48        4.20e-02        2.00e+00
       22467769        69.01788       314.13061            5.09        12:39:23        4.20e-02        2.00e+00
       22468862        69.01863       315.13118            5.09        12:38:56        4.20e-02        2.00e+00
       22469877        69.01846       316.13156            5.10        12:38:20        4.20e-02        2.00e+00
DEBUG @ t=22470000: current_coupling=0.042, last=0.042
       22471020        69.01829       317.13172            5.10        12:38:00        4.20e-02        2.00e+00
       22472171        69.01967       318.13243            5.10        12:37:39        4.20e-02        2.00e+00
       22473313        69.02283       319.13269            5.10        12:37:17        4.20e-02        2.00e+00
       22474416        69.02816       320.13357            5.10        12:36:48        4.20e-02        2.00e+00
       22475528        69.03288       321.13411            5.10        12:36:21        4.20e-02        2.00e+00
       22476629        69.03455       322.13421            5.10        12:35:55        4.20e-02        2.00e+00
       22477715        69.03639       323.13457            5.10        12:35:26        4.20e-02        2.00e+00
       22478728        69.03619       324.13522            5.10        12:34:51        4.20e-02        2.00e+00
       22479807        69.03714       325.13524            5.11        12:34:23        4.20e-02        2.00e+00
DEBUG @ t=22480000: current_coupling=0.042, last=0.042
       22480874        69.03864       326.13588            5.11        12:33:53        4.20e-02        2.00e+00
       22481833        69.03851       327.13682            5.11        12:33:11        4.20e-02        2.00e+00
       22483047        69.04137       328.13748            5.11        12:32:58        4.20e-02        2.00e+00
       22484108        69.04463       329.13822            5.11        12:32:26        4.20e-02        2.00e+00
       22485308        69.04527       330.13842            5.11        12:32:12        4.20e-02        2.00e+00
       22486499        69.04588       331.13857            5.11        12:31:58        4.20e-02        2.00e+00
       22487601        69.04498       332.13916            5.11        12:31:34        4.20e-02        2.00e+00
       22488675        69.04485       333.14002            5.11        12:31:06        4.20e-02        2.00e+00
       22489742        69.04665       334.14087            5.11        12:30:36        4.20e-02        2.00e+00
DEBUG @ t=22490000: current_coupling=0.042, last=0.042
       22490874        69.04913       335.14110            5.11        12:30:14        4.20e-02        2.00e+00
       22491878        69.05104       336.14175            5.12        12:29:37        4.20e-02        2.00e+00
       22492840        69.05103       337.14204            5.12        12:28:57        4.20e-02        2.00e+00
       22493912        69.05161       338.14296            5.12        12:28:29        4.20e-02        2.00e+00
       22494969        69.05269       339.14386            5.12        12:27:59        4.20e-02        2.00e+00
       22496187        69.05359       340.14426            5.12        12:27:47        4.20e-02        2.00e+00
       22497381        69.05458       341.14456            5.12        12:27:33        4.20e-02        2.00e+00
       22498549        69.05801       342.14459            5.12        12:27:14        4.20e-02        2.00e+00
       22499729        69.06012       343.14548            5.12        12:26:58        4.20e-02        2.00e+00
DEBUG @ t=22500000: current_coupling=0.042, last=0.042
[HDF5 Writer DEBUG] timestep=22500000, current_time_ps=343.385, last_output_time=343.3766516868952, write_count=33019
       22500906        69.06099       344.14578            5.12        12:26:41        4.20e-02        2.00e+00
       22502204        69.06721       345.14650            5.12        12:26:35        4.20e-02        2.00e+00
       22503473        69.06891       346.14733            5.12        12:26:29        4.20e-02        2.00e+00
       22504600        69.06925       347.14795            5.12        12:26:07        4.20e-02        2.00e+00
       22505762        69.07154       348.14803            5.12        12:25:48        4.20e-02        2.00e+00
       22506947        69.07258       349.14874            5.12        12:25:33        4.20e-02        2.00e+00
       22508155        69.07352       350.14881            5.12        12:25:20        4.20e-02        2.00e+00
       22509329        69.07420       351.14920            5.12        12:25:04        4.20e-02        2.00e+00
DEBUG @ t=22510000: current_coupling=0.042, last=0.042
       22510577        69.07721       352.14978            5.12        12:24:54        4.20e-02        2.00e+00
       22511640        69.08075       353.15070            5.12        12:24:23        4.20e-02        2.00e+00
       22512677        69.08306       354.15151            5.12        12:23:51        4.20e-02        2.00e+00
       22513798        69.08792       355.15191            5.12        12:23:26        4.20e-02        2.00e+00
       22514909        69.09190       356.15241            5.12        12:23:01        4.20e-02        2.00e+00
       22516021        69.09441       357.15273            5.12        12:22:36        4.20e-02        2.00e+00
       22517164        69.09484       358.15340            5.13        12:22:17        4.20e-02        2.00e+00
       22518334        69.09444       359.15389            5.12        12:22:01        4.20e-02        2.00e+00
       22519575        69.09469       360.15450            5.12        12:21:52        4.20e-02        2.00e+00
DEBUG @ t=22520000: current_coupling=0.042, last=0.042
       22520837        69.09470       361.15527            5.12        12:21:45        4.20e-02        2.00e+00
       22521992        69.09420       362.15613            5.12        12:21:27        4.20e-02        2.00e+00
       22523008        69.09333       363.15664            5.12        12:20:55        4.20e-02        2.00e+00
       22524102        69.09315       364.15733            5.13        12:20:31        4.20e-02        2.00e+00
       22525240        69.09310       365.15751            5.13        12:20:11        4.20e-02        2.00e+00
       22526274        69.09228       366.15771            5.13        12:19:41        4.20e-02        2.00e+00
       22527332        69.09253       367.15777            5.13        12:19:13        4.20e-02        2.00e+00
       22528432        69.09367       368.15803            5.13        12:18:49        4.20e-02        2.00e+00
       22529556        69.09318       369.15872            5.13        12:18:28        4.20e-02        2.00e+00
DEBUG @ t=22530000: current_coupling=0.042, last=0.042
       22530652        69.09212       370.15874            5.13        12:18:05        4.20e-02        2.00e+00
       22531733        69.09196       371.15879            5.13        12:17:40        4.20e-02        2.00e+00
       22532824        69.09282       372.15930            5.13        12:17:15        4.20e-02        2.00e+00
       22533862        69.09501       373.15950            5.13        12:16:44        4.20e-02        2.00e+00
       22534914        69.09697       374.15965            5.14        12:16:15        4.20e-02        2.00e+00
       22535979        69.09751       375.16019            5.14        12:15:48        4.20e-02        2.00e+00
       22537060        69.09923       376.16034            5.14        12:15:22        4.20e-02        2.00e+00
       22538038        69.10122       377.16036            5.14        12:14:45        4.20e-02        2.00e+00
       22539099        69.10378       378.16058            5.14        12:14:16        4.20e-02        2.00e+00
DEBUG @ t=22540000: current_coupling=0.042, last=0.042
       22540179        69.10391       379.16113            5.14        12:13:51        4.20e-02        2.00e+00
       22541269        69.10573       380.16113            5.14        12:13:26        4.20e-02        2.00e+00
       22542364        69.10593       381.16193            5.14        12:13:03        4.20e-02        2.00e+00
       22543434        69.10486       382.16212            5.15        12:12:38        4.20e-02        2.00e+00
       22544461        69.10478       383.16300            5.15        12:12:08        4.20e-02        2.00e+00
       22545507        69.10417       384.16300            5.15        12:11:40        4.20e-02        2.00e+00
       22546587        69.10366       385.16350            5.15        12:11:16        4.20e-02        2.00e+00
       22547686        69.10334       386.16413            5.15        12:10:53        4.20e-02        2.00e+00
       22548786        69.10528       387.16447            5.15        12:10:29        4.20e-02        2.00e+00
       22549840        69.10830       388.16454            5.15        12:10:00        4.20e-02        2.00e+00
DEBUG @ t=22550000: current_coupling=0.042, last=0.042
       22550827        69.11328       389.16486            5.15        12:09:24        4.20e-02        2.00e+00
       22551864        69.11627       390.16488            5.16        12:08:53        4.20e-02        2.00e+00
       22552941        69.11790       391.16578            5.16        12:08:27        4.20e-02        2.00e+00
       22553973        69.11772       392.16663            5.16        12:07:58        4.20e-02        2.00e+00
       22555123        69.11776       393.16724            5.16        12:07:41        4.20e-02        2.00e+00
       22556243        69.11792       394.16790            5.16        12:07:20        4.20e-02        2.00e+00
       22557305        69.11869       395.16838            5.16        12:06:54        4.20e-02        2.00e+00
       22558411        69.11962       396.16874            5.16        12:06:32        4.20e-02        2.00e+00
       22559536        69.11977       397.16900            5.16        12:06:12        4.20e-02        2.00e+00
DEBUG @ t=22560000: current_coupling=0.042, last=0.042
       22560601        69.11932       398.16947            5.16        12:05:47        4.20e-02        2.00e+00
       22561652        69.11931       399.17007            5.16        12:05:20        4.20e-02        2.00e+00
Added F(k,t) reference 2 at t = 400.002 ps
       22562680        69.11868       400.17035            5.16        12:04:51        4.20e-02        2.00e+00
       22563835        69.11939       401.17098            5.16        12:04:34        4.20e-02        2.00e+00
       22564867        69.11991       402.17189            5.17        12:04:05        4.20e-02        2.00e+00
       22565924        69.12314       403.17254            5.17        12:03:37        4.20e-02        2.00e+00
       22566908        69.12508       404.17299            5.17        12:03:03        4.20e-02        2.00e+00
       22567961        69.12580       405.17327            5.17        12:02:37        4.20e-02        2.00e+00
       22569003        69.12498       406.17368            5.17        12:02:10        4.20e-02        2.00e+00
DEBUG @ t=22570000: current_coupling=0.042, last=0.042
       22570077        69.12467       407.17398            5.17        12:01:46        4.20e-02        2.00e+00
       22571159        69.12520       408.17446            5.17        12:01:22        4.20e-02        2.00e+00
       22572211        69.12547       409.17537            5.17        12:00:56        4.20e-02        2.00e+00
       22573242        69.12656       410.17613            5.18        12:00:27        4.20e-02        2.00e+00
       22574277        69.12693       411.17627            5.18        11:59:59        4.20e-02        2.00e+00
       22575396        69.12892       412.17635            5.18        11:59:38        4.20e-02        2.00e+00
       22576493        69.12997       413.17637            5.18        11:59:16        4.20e-02        2.00e+00
       22577552        69.13148       414.17664            5.18        11:58:50        4.20e-02        2.00e+00
       22578648        69.13176       415.17701            5.18        11:58:27        4.20e-02        2.00e+00
       22579729        69.13210       416.17762            5.18        11:58:04        4.20e-02        2.00e+00
DEBUG @ t=22580000: current_coupling=0.042, last=0.042
       22580863        69.13393       417.17783            5.18        11:57:45        4.20e-02        2.00e+00
       22582073        69.13619       418.17785            5.18        11:57:32        4.20e-02        2.00e+00
       22583127        69.13817       419.17835            5.18        11:57:05        4.20e-02        2.00e+00
       22584181        69.13843       420.17867            5.18        11:56:39        4.20e-02        2.00e+00
       22585304        69.13858       421.17873            5.18        11:56:20        4.20e-02        2.00e+00
       22586426        69.13843       422.17935            5.18        11:56:00        4.20e-02        2.00e+00
       22587542        69.13774       423.17970            5.18        11:55:41        4.20e-02        2.00e+00
       22588613        69.13636       424.18061            5.19        11:55:18        4.20e-02        2.00e+00
       22589746        69.13698       425.18145            5.19        11:54:59        4.20e-02        2.00e+00
DEBUG @ t=22590000: current_coupling=0.042, last=0.042
       22590938        69.13809       426.18146            5.19        11:54:45        4.20e-02        2.00e+00
       22592096        69.13841       427.18186            5.19        11:54:29        4.20e-02        2.00e+00
       22593142        69.13801       428.18190            5.19        11:54:03        4.20e-02        2.00e+00
       22594342        69.13770       429.18228            5.19        11:53:51        4.20e-02        2.00e+00
       22595537        69.13813       430.18269            5.19        11:53:38        4.20e-02        2.00e+00
       22596650        69.13870       431.18339            5.19        11:53:17        4.20e-02        2.00e+00
       22597661        69.14029       432.18380            5.19        11:52:47        4.20e-02        2.00e+00
       22598707        69.14082       433.18415            5.19        11:52:21        4.20e-02        2.00e+00
       22599713        69.14132       434.18459            5.19        11:51:52        4.20e-02        2.00e+00
DEBUG @ t=22600000: current_coupling=0.042, last=0.042
[HDF5 Writer DEBUG] timestep=22600000, current_time_ps=434.475, last_output_time=434.4695601169921, write_count=41787
       22600730        69.14065       435.18544            5.19        11:51:24        4.20e-02        2.00e+00
       22601729        69.14042       436.18641            5.19        11:50:55        4.20e-02        2.00e+00
       22602756        69.14004       437.18654            5.19        11:50:28        4.20e-02        2.00e+00
       22603875        69.14015       438.18669            5.19        11:50:08        4.20e-02        2.00e+00
       22604990        69.14302       439.18712            5.20        11:49:47        4.20e-02        2.00e+00
       22606043        69.14334       440.18776            5.20        11:49:22        4.20e-02        2.00e+00
       22607102        69.14484       441.18783            5.20        11:48:57        4.20e-02        2.00e+00
       22608193        69.14676       442.18806            5.20        11:48:34        4.20e-02        2.00e+00
       22609117        69.14618       443.18841            5.20        11:47:59        4.20e-02        2.00e+00
DEBUG @ t=22610000: current_coupling=0.042, last=0.042
       22610240        69.14692       444.18935            5.20        11:47:40        4.20e-02        2.00e+00
       22611261        69.14805       445.19005            5.20        11:47:12        4.20e-02        2.00e+00
       22612379        69.15120       446.19064            5.20        11:46:51        4.20e-02        2.00e+00
       22613504        69.15452       447.19150            5.20        11:46:30        4.20e-02        2.00e+00
       22614528        69.15631       448.19224            5.20        11:46:02        4.20e-02        2.00e+00
       22615643        69.15797       449.19273            5.20        11:45:42        4.20e-02        2.00e+00
       22616882        69.15918       450.19279            5.20        11:45:32        4.20e-02        2.00e+00
       22617958        69.15974       451.19314            5.20        11:45:09        4.20e-02        2.00e+00
       22619018        69.15973       452.19359            5.21        11:44:45        4.20e-02        2.00e+00
DEBUG @ t=22620000: current_coupling=0.042, last=0.042
       22620222        69.15978       453.19447            5.21        11:44:33        4.20e-02        2.00e+00
       22621412        69.16284       454.19463            5.21        11:44:18        4.20e-02        2.00e+00
       22622682        69.16573       455.19471            5.20        11:44:09        4.20e-02        2.00e+00
       22623884        69.16637       456.19525            5.20        11:43:56        4.20e-02        2.00e+00
       22625090        69.16830       457.19597            5.20        11:43:43        4.20e-02        2.00e+00
       22626154        69.16953       458.19621            5.20        11:43:19        4.20e-02        2.00e+00
       22627251        69.17035       459.19693            5.20        11:42:58        4.20e-02        2.00e+00
       22628359        69.17217       460.19716            5.21        11:42:37        4.20e-02        2.00e+00
       22629484        69.17288       461.19737            5.21        11:42:18        4.20e-02        2.00e+00
DEBUG @ t=22630000: current_coupling=0.042, last=0.042
       22630531        69.17328       462.19816            5.21        11:41:53        4.20e-02        2.00e+00
       22631554        69.17417       463.19894            5.21        11:41:26        4.20e-02        2.00e+00
       22632652        69.17525       464.19972            5.21        11:41:05        4.20e-02        2.00e+00
       22633851        69.17840       465.19982            5.21        11:40:50        4.20e-02        2.00e+00
       22634991        69.18044       466.20057            5.21        11:40:32        4.20e-02        2.00e+00
       22636081        69.18343       467.20080            5.21        11:40:09        4.20e-02        2.00e+00
       22637191        69.18519       468.20099            5.21        11:39:48        4.20e-02        2.00e+00
       22638366        69.18643       469.20109            5.21        11:39:33        4.20e-02        2.00e+00
       22639544        69.18688       470.20133            5.21        11:39:18        4.20e-02        2.00e+00
DEBUG @ t=22640000: current_coupling=0.042, last=0.042
       22640682        69.18778       471.20183            5.21        11:39:01        4.20e-02        2.00e+00
       22641894        69.19134       472.20199            5.21        11:38:47        4.20e-02        2.00e+00
       22643055        69.19289       473.20256            5.21        11:38:30        4.20e-02        2.00e+00
       22644193        69.19314       474.20276            5.21        11:38:13        4.20e-02        2.00e+00
       22645214        69.19566       475.20309            5.21        11:37:45        4.20e-02        2.00e+00
       22646298        69.19926       476.20318            5.21        11:37:21        4.20e-02        2.00e+00
       22647440        69.19976       477.20378            5.21        11:37:04        4.20e-02        2.00e+00
       22648578        69.20096       478.20463            5.21        11:36:46        4.20e-02        2.00e+00
       22649679        69.20103       479.20521            5.21        11:36:26        4.20e-02        2.00e+00
DEBUG @ t=22650000: current_coupling=0.042, last=0.042
       22650757        69.20073       480.20611            5.21        11:36:04        4.20e-02        2.00e+00
       22651876        69.20147       481.20644            5.21        11:35:45        4.20e-02        2.00e+00
       22652995        69.20295       482.20664            5.21        11:35:25        4.20e-02        2.00e+00
       22654104        69.20450       483.20705            5.21        11:35:05        4.20e-02        2.00e+00
       22655309        69.20766       484.20707            5.21        11:34:51        4.20e-02        2.00e+00
       22656425        69.20903       485.20742            5.21        11:34:31        4.20e-02        2.00e+00
       22657537        69.20965       486.20763            5.21        11:34:11        4.20e-02        2.00e+00
       22658675        69.21024       487.20816            5.21        11:33:54        4.20e-02        2.00e+00
       22659834        69.21209       488.20899            5.21        11:33:37        4.20e-02        2.00e+00
DEBUG @ t=22660000: current_coupling=0.042, last=0.042
       22660955        69.21380       489.20962            5.22        11:33:17        4.20e-02        2.00e+00
       22662110        69.21451       490.21036            5.21        11:33:01        4.20e-02        2.00e+00
       22663263        69.21503       491.21094            5.21        11:32:44        4.20e-02        2.00e+00
       22664356        69.21451       492.21184            5.22        11:32:24        4.20e-02        2.00e+00
       22665329        69.21460       493.21270            5.22        11:31:55        4.20e-02        2.00e+00
       22666351        69.21447       494.21281            5.22        11:31:29        4.20e-02        2.00e+00
       22667477        69.21608       495.21304            5.22        11:31:10        4.20e-02        2.00e+00
       22668618        69.21576       496.21356            5.22        11:30:53        4.20e-02        2.00e+00
       22669727        69.21631       497.21408            5.22        11:30:33        4.20e-02        2.00e+00
DEBUG @ t=22670000: current_coupling=0.042, last=0.042
       22670725        69.21692       498.21466            5.22        11:30:06        4.20e-02        2.00e+00
       22671756        69.21888       499.21536            5.22        11:29:40        4.20e-02        2.00e+00
       22672831        69.21864       500.21559            5.22        11:29:18        4.20e-02        2.00e+00
       22673942        69.21822       501.21603            5.22        11:28:59        4.20e-02        2.00e+00
       22675031        69.21791       502.21680            5.22        11:28:39        4.20e-02        2.00e+00
       22676146        69.21782       503.21755            5.22        11:28:20        4.20e-02        2.00e+00
       22677287        69.21815       504.21759            5.22        11:28:03        4.20e-02        2.00e+00
       22678396        69.21806       505.21782            5.22        11:27:44        4.20e-02        2.00e+00
       22679541        69.21868       506.21848            5.22        11:27:27        4.20e-02        2.00e+00
DEBUG @ t=22680000: current_coupling=0.042, last=0.042
       22680601        69.21924       507.21869            5.22        11:27:04        4.20e-02        2.00e+00
       22681616        69.21986       508.21883            5.23        11:26:38        4.20e-02        2.00e+00
       22682688        69.22061       509.21944            5.23        11:26:16        4.20e-02        2.00e+00
       22683733        69.22095       510.21960            5.23        11:25:52        4.20e-02        2.00e+00
       22684816        69.22209       511.21978            5.23        11:25:31        4.20e-02        2.00e+00
       22685969        69.22620       512.22055            5.23        11:25:12        4.20e-02        2.00e+00
       22687152        69.22900       513.22069            5.23        11:24:57        4.20e-02        2.00e+00
       22688263        69.23021       514.22151            5.23        11:24:37        4.20e-02        2.00e+00
       22689302        69.23054       515.22157            5.23        11:24:13        4.20e-02        2.00e+00
DEBUG @ t=22690000: current_coupling=0.042, last=0.042
       22690419        69.23080       516.22249            5.23        11:23:54        4.20e-02        2.00e+00
       22691523        69.23065       517.22257            5.23        11:23:35        4.20e-02        2.00e+00
       22692632        69.22989       518.22305            5.23        11:23:17        4.20e-02        2.00e+00
       22693686        69.22970       519.22338            5.23        11:22:54        4.20e-02        2.00e+00
       22694701        69.22927       520.22386            5.23        11:22:29        4.20e-02        2.00e+00
       22695741        69.22902       521.22434            5.23        11:22:05        4.20e-02        2.00e+00
       22696842        69.22974       522.22457            5.23        11:21:46        4.20e-02        2.00e+00
       22697928        69.23012       523.22540            5.23        11:21:25        4.20e-02        2.00e+00
       22698970        69.23121       524.22547            5.23        11:21:01        4.20e-02        2.00e+00
       22699986        69.23136       525.22634            5.24        11:20:36        4.20e-02        2.00e+00
DEBUG @ t=22700000: current_coupling=0.042, last=0.042
[HDF5 Writer DEBUG] timestep=22700000, current_time_ps=525.239, last_output_time=525.2316763441949, write_count=50457
       22701113        69.23206       526.22649            5.24        11:20:18        4.20e-02        2.00e+00
       22702244        69.23408       527.22731            5.24        11:19:59        4.20e-02        2.00e+00
       22703316        69.23370       528.22740            5.24        11:19:38        4.20e-02        2.00e+00
       22704401        69.23392       529.22742            5.24        11:19:18        4.20e-02        2.00e+00
       22705502        69.23392       530.22828            5.24        11:18:58        4.20e-02        2.00e+00
       22706532        69.23338       531.22851            5.24        11:18:35        4.20e-02        2.00e+00
       22707555        69.23403       532.22910            5.24        11:18:10        4.20e-02        2.00e+00
       22708669        69.23650       533.22912            5.24        11:17:50        4.20e-02        2.00e+00
       22709735        69.23887       534.22948            5.24        11:17:27        4.20e-02        2.00e+00
DEBUG @ t=22710000: current_coupling=0.042, last=0.042
       22710789        69.24031       535.22964            5.24        11:17:04        4.20e-02        2.00e+00
       22711807        69.24019       536.22992            5.24        11:16:39        4.20e-02        2.00e+00
       22712824        69.23969       537.23054            5.24        11:16:15        4.20e-02        2.00e+00
       22713968        69.24188       538.23110            5.24        11:15:57        4.20e-02        2.00e+00
       22714946        69.24277       539.23118            5.25        11:15:29        4.20e-02        2.00e+00
       22715903        69.24451       540.23160            5.25        11:15:00        4.20e-02        2.00e+00
       22716948        69.24721       541.23243            5.25        11:14:35        4.20e-02        2.00e+00
       22718001        69.24919       542.23256            5.25        11:14:12        4.20e-02        2.00e+00
       22719028        69.25001       543.23260            5.25        11:13:48        4.20e-02        2.00e+00
DEBUG @ t=22720000: current_coupling=0.042, last=0.042
       22720228        69.25008       544.23333            5.25        11:13:35        4.20e-02        2.00e+00
       22721316        69.24981       545.23394            5.25        11:13:15        4.20e-02        2.00e+00
       22722397        69.25073       546.23414            5.25        11:12:55        4.20e-02        2.00e+00
       22723431        69.25030       547.23479            5.25        11:12:32        4.20e-02        2.00e+00
       22724463        69.25013       548.23503            5.25        11:12:08        4.20e-02        2.00e+00
       22725472        69.25075       549.23510            5.25        11:11:43        4.20e-02        2.00e+00
       22726490        69.25355       550.23540            5.26        11:11:17        4.20e-02        2.00e+00
       22727509        69.25372       551.23549            5.26        11:10:53        4.20e-02        2.00e+00
       22728521        69.25471       552.23573            5.26        11:10:28        4.20e-02        2.00e+00
       22729547        69.25669       553.23635            5.26        11:10:03        4.20e-02        2.00e+00
DEBUG @ t=22730000: current_coupling=0.042, last=0.042
       22730517        69.26055       554.23722            5.26        11:09:34        4.20e-02        2.00e+00
       22731545        69.26276       555.23724            5.26        11:09:09        4.20e-02        2.00e+00
       22732534        69.26393       556.23777            5.26        11:08:42        4.20e-02        2.00e+00
       22733542        69.26378       557.23795            5.26        11:08:18        4.20e-02        2.00e+00
       22734595        69.26387       558.23810            5.26        11:07:56        4.20e-02        2.00e+00
       22735593        69.26419       559.23904            5.27        11:07:31        4.20e-02        2.00e+00
       22736553        69.26360       560.23970            5.27        11:07:03        4.20e-02        2.00e+00
       22737591        69.26411       561.23982            5.27        11:06:41        4.20e-02        2.00e+00
       22738620        69.26437       562.24057            5.27        11:06:17        4.20e-02        2.00e+00
       22739640        69.26436       563.24075            5.27        11:05:54        4.20e-02        2.00e+00
DEBUG @ t=22740000: current_coupling=0.042, last=0.042
       22740713        69.26443       564.24129            5.27        11:05:33        4.20e-02        2.00e+00
       22741837        69.26496       565.24194            5.27        11:05:16        4.20e-02        2.00e+00
       22742896        69.26502       566.24258            5.27        11:04:54        4.20e-02        2.00e+00
       22744072        69.26556       567.24279            5.27        11:04:40        4.20e-02        2.00e+00
       22745150        69.26685       568.24333            5.27        11:04:19        4.20e-02        2.00e+00
       22746265        69.26731       569.24334            5.27        11:04:02        4.20e-02        2.00e+00
       22747371        69.26810       570.24370            5.27        11:03:43        4.20e-02        2.00e+00
       22748441        69.26974       571.24444            5.27        11:03:21        4.20e-02        2.00e+00
       22749585        69.27309       572.24529            5.27        11:03:04        4.20e-02        2.00e+00
DEBUG @ t=22750000: current_coupling=0.042, last=0.042
       22750632        69.27357       573.24531            5.27        11:02:42        4.20e-02        2.00e+00
       22751725        69.27467       574.24532            5.27        11:02:22        4.20e-02        2.00e+00
       22752790        69.27596       575.24625            5.27        11:02:01        4.20e-02        2.00e+00
       22753905        69.28129       576.24629            5.27        11:01:40        4.20e-02        2.00e+00
       22755014        69.28290       577.24696            5.28        11:01:21        4.20e-02        2.00e+00
       22756133        69.28399       578.24712            5.28        11:01:03        4.20e-02        2.00e+00
       22757205        69.28787       579.24739            5.28        11:00:41        4.20e-02        2.00e+00
       22758274        69.28981       580.24802            5.28        11:00:19        4.20e-02        2.00e+00
       22759380        69.29115       581.24851            5.28        11:00:00        4.20e-02        2.00e+00
DEBUG @ t=22760000: current_coupling=0.042, last=0.042
       22760556        69.29188       582.24859            5.28        10:59:46        4.20e-02        2.00e+00
       22761669        69.29302       583.24895            5.28        10:59:28        4.20e-02        2.00e+00
       22762846        69.29496       584.24958            5.28        10:59:13        4.20e-02        2.00e+00
       22763826        69.29630       585.25034            5.28        10:58:46        4.20e-02        2.00e+00
       22764838        69.30112       586.25081            5.28        10:58:20        4.20e-02        2.00e+00
       22765944        69.30374       587.25144            5.28        10:58:00        4.20e-02        2.00e+00
       22766906        69.30462       588.25162            5.28        10:57:33        4.20e-02        2.00e+00
       22767863        69.30470       589.25260            5.28        10:57:06        4.20e-02        2.00e+00
       22768853        69.30674       590.25342            5.28        10:56:40        4.20e-02        2.00e+00
       22769892        69.30778       591.25387            5.29        10:56:18        4.20e-02        2.00e+00
DEBUG @ t=22770000: current_coupling=0.042, last=0.042
       22771044        69.31022       592.25472            5.29        10:56:01        4.20e-02        2.00e+00
       22772061        69.31223       593.25556            5.29        10:55:37        4.20e-02        2.00e+00
       22773165        69.31420       594.25615            5.29        10:55:17        4.20e-02        2.00e+00
       22774271        69.31558       595.25639            5.29        10:54:59        4.20e-02        2.00e+00
       22775390        69.31726       596.25653            5.29        10:54:41        4.20e-02        2.00e+00
       22776511        69.31891       597.25674            5.29        10:54:23        4.20e-02        2.00e+00
       22777541        69.32085       598.25729            5.29        10:53:59        4.20e-02        2.00e+00
       22778527        69.32326       599.25730            5.29        10:53:33        4.20e-02        2.00e+00
Added F(k,t) reference 3 at t = 600.003 ps
       22779582        69.32462       600.25769            5.29        10:53:11        4.20e-02        2.00e+00
DEBUG @ t=22780000: current_coupling=0.042, last=0.042
       22780614        69.32433       601.25797            5.29        10:52:49        4.20e-02        2.00e+00
       22781642        69.32614       602.25849            5.29        10:52:26        4.20e-02        2.00e+00
       22782672        69.32920       603.25914            5.29        10:52:02        4.20e-02        2.00e+00
       22783656        69.33049       604.25992            5.29        10:51:37        4.20e-02        2.00e+00
       22784667        69.33148       605.26034            5.30        10:51:13        4.20e-02        2.00e+00
       22785701        69.33294       606.26109            5.30        10:50:50        4.20e-02        2.00e+00
       22786774        69.33383       607.26160            5.30        10:50:30        4.20e-02        2.00e+00
       22787760        69.33431       608.26232            5.30        10:50:05        4.20e-02        2.00e+00
       22788756        69.33469       609.26308            5.30        10:49:41        4.20e-02        2.00e+00
       22789788        69.33612       610.26387            5.30        10:49:18        4.20e-02        2.00e+00
DEBUG @ t=22790000: current_coupling=0.042, last=0.042
       22790787        69.33631       611.26465            5.30        10:48:54        4.20e-02        2.00e+00
       22791741        69.33681       612.26509            5.30        10:48:28        4.20e-02        2.00e+00
       22792640        69.33682       613.26593            5.30        10:47:58        4.20e-02        2.00e+00
       22793640        69.33750       614.26681            5.31        10:47:34        4.20e-02        2.00e+00
       22794688        69.33890       615.26737            5.31        10:47:13        4.20e-02        2.00e+00
       22795767        69.34013       616.26799            5.31        10:46:53        4.20e-02        2.00e+00
       22796817        69.34025       617.26803            5.31        10:46:32        4.20e-02        2.00e+00
       22797915        69.34084       618.26824            5.31        10:46:14        4.20e-02        2.00e+00
       22798923        69.34152       619.26850            5.31        10:45:50        4.20e-02        2.00e+00
       22799941        69.34213       620.26853            5.31        10:45:28        4.20e-02        2.00e+00
DEBUG @ t=22800000: current_coupling=0.042, last=0.042
[HDF5 Writer DEBUG] timestep=22800000, current_time_ps=620.325, last_output_time=620.318195101658, write_count=59560
       22801029        69.34302       621.26945            5.31        10:45:09        4.20e-02        2.00e+00
       22802071        69.34321       622.26954            5.31        10:44:47        4.20e-02        2.00e+00
       22803103        69.34433       623.26986            5.31        10:44:25        4.20e-02        2.00e+00
       22804138        69.34758       624.27084            5.31        10:44:02        4.20e-02        2.00e+00
       22805136        69.34814       625.27155            5.31        10:43:38        4.20e-02        2.00e+00
       22806048        69.34848       626.27176            5.31        10:43:10        4.20e-02        2.00e+00
       22807039        69.34927       627.27253            5.32        10:42:46        4.20e-02        2.00e+00
       22807952        69.35049       628.27278            5.32        10:42:17        4.20e-02        2.00e+00
       22808962        69.35224       629.27339            5.32        10:41:54        4.20e-02        2.00e+00
       22809997        69.35587       630.27426            5.32        10:41:30        4.20e-02        2.00e+00
DEBUG @ t=22810000: current_coupling=0.042, last=0.042
       22811072        69.35723       631.27455            5.32        10:41:10        4.20e-02        2.00e+00
       22812120        69.35840       632.27491            5.32        10:40:49        4.20e-02        2.00e+00
       22813167        69.35894       633.27538            5.32        10:40:28        4.20e-02        2.00e+00
       22814142        69.35971       634.27541            5.32        10:40:04        4.20e-02        2.00e+00
       22815138        69.36058       635.27583            5.32        10:39:40        4.20e-02        2.00e+00
       22816137        69.36235       636.27669            5.32        10:39:16        4.20e-02        2.00e+00
       22817214        69.36296       637.27691            5.32        10:38:57        4.20e-02        2.00e+00
       22818257        69.36361       638.27700            5.33        10:38:36        4.20e-02        2.00e+00
       22819253        69.36507       639.27780            5.33        10:38:12        4.20e-02        2.00e+00
DEBUG @ t=22820000: current_coupling=0.042, last=0.042
       22820244        69.36591       640.27835            5.33        10:37:48        4.20e-02        2.00e+00
       22821333        69.36717       641.27894            5.33        10:37:29        4.20e-02        2.00e+00
       22822345        69.36748       642.27912            5.33        10:37:07        4.20e-02        2.00e+00
       22823344        69.36764       643.27971            5.33        10:36:44        4.20e-02        2.00e+00
       22824380        69.36790       644.27975            5.33        10:36:23        4.20e-02        2.00e+00
       22825389        69.36850       645.27997            5.33        10:36:00        4.20e-02        2.00e+00
       22826476        69.37004       646.28015            5.33        10:35:41        4.20e-02        2.00e+00
       22827567        69.37193       647.28045            5.33        10:35:22        4.20e-02        2.00e+00
       22828645        69.37379       648.28092            5.33        10:35:02        4.20e-02        2.00e+00
       22829699        69.37578       649.28182            5.33        10:34:41        4.20e-02        2.00e+00
DEBUG @ t=22830000: current_coupling=0.042, last=0.042
       22830808        69.37962       650.28239            5.33        10:34:22        4.20e-02        2.00e+00
       22831922        69.38128       651.28327            5.33        10:34:04        4.20e-02        2.00e+00
       22832989        69.38337       652.28382            5.33        10:33:44        4.20e-02        2.00e+00
       22834056        69.38484       653.28410            5.34        10:33:24        4.20e-02        2.00e+00
       22834957        69.38515       654.28505            5.34        10:32:56        4.20e-02        2.00e+00
       22836069        69.38713       655.28532            5.34        10:32:38        4.20e-02        2.00e+00
       22837198        69.39030       656.28576            5.34        10:32:21        4.20e-02        2.00e+00
       22838322        69.39261       657.28591            5.34        10:32:03        4.20e-02        2.00e+00
       22839388        69.39598       658.28631            5.34        10:31:42        4.20e-02        2.00e+00
DEBUG @ t=22840000: current_coupling=0.042, last=0.042
       22840446        69.39746       659.28721            5.34        10:31:22        4.20e-02        2.00e+00
       22841453        69.39902       660.28735            5.34        10:30:59        4.20e-02        2.00e+00
       22842470        69.40193       661.28779            5.34        10:30:36        4.20e-02        2.00e+00
       22843559        69.40364       662.28824            5.34        10:30:17        4.20e-02        2.00e+00
       22844648        69.40605       663.28889            5.34        10:29:58        4.20e-02        2.00e+00
       22845616        69.40759       664.28890            5.34        10:29:33        4.20e-02        2.00e+00
       22846649        69.40894       665.28956            5.34        10:29:11        4.20e-02        2.00e+00
       22847834        69.41071       666.29022            5.34        10:28:57        4.20e-02        2.00e+00
       22848907        69.41141       667.29108            5.34        10:28:38        4.20e-02        2.00e+00
DEBUG @ t=22850000: current_coupling=0.042, last=0.042
       22850205        69.41444       668.29164            5.34        10:28:29        4.20e-02        2.00e+00
       22851453        69.41580       669.29167            5.34        10:28:19        4.20e-02        2.00e+00
       22852670        69.41731       670.29232            5.34        10:28:06        4.20e-02        2.00e+00
       22853673        69.41805       671.29285            5.34        10:27:44        4.20e-02        2.00e+00
       22854620        69.41849       672.29355            5.34        10:27:18        4.20e-02        2.00e+00
       22855685        69.42044       673.29414            5.34        10:26:58        4.20e-02        2.00e+00
       22856853        69.42426       674.29496            5.34        10:26:42        4.20e-02        2.00e+00
       22858139        69.43023       675.29504            5.34        10:26:31        4.20e-02        2.00e+00
       22859326        69.43269       676.29521            5.34        10:26:17        4.20e-02        2.00e+00
DEBUG @ t=22860000: current_coupling=0.042, last=0.042
       22860448        69.43460       677.29574            5.34        10:25:59        4.20e-02        2.00e+00
       22861641        69.43577       678.29575            5.34        10:25:46        4.20e-02        2.00e+00
       22862735        69.43689       679.29641            5.34        10:25:28        4.20e-02        2.00e+00
       22863918        69.43775       680.29709            5.34        10:25:14        4.20e-02        2.00e+00
       22864917        69.43770       681.29788            5.34        10:24:52        4.20e-02        2.00e+00
       22866049        69.43837       682.29854            5.34        10:24:36        4.20e-02        2.00e+00
       22867172        69.43938       683.29863            5.34        10:24:19        4.20e-02        2.00e+00
       22868337        69.44155       684.29908            5.34        10:24:04        4.20e-02        2.00e+00
       22869440        69.44426       685.29924            5.34        10:23:45        4.20e-02        2.00e+00
DEBUG @ t=22870000: current_coupling=0.042, last=0.042
       22870437        69.44454       686.29925            5.34        10:23:22        4.20e-02        2.00e+00
       22871489        69.44545       687.29950            5.35        10:23:02        4.20e-02        2.00e+00
       22872577        69.44589       688.29994            5.35        10:22:44        4.20e-02        2.00e+00
       22873656        69.44673       689.30027            5.35        10:22:26        4.20e-02        2.00e+00
       22874743        69.44733       690.30038            5.35        10:22:07        4.20e-02        2.00e+00
       22875841        69.44786       691.30057            5.35        10:21:50        4.20e-02        2.00e+00
       22876925        69.44873       692.30086            5.35        10:21:31        4.20e-02        2.00e+00
       22877951        69.44966       693.30156            5.35        10:21:10        4.20e-02        2.00e+00
       22879063        69.45157       694.30238            5.35        10:20:52        4.20e-02        2.00e+00
DEBUG @ t=22880000: current_coupling=0.042, last=0.042
       22880060        69.45177       695.30270            5.35        10:20:30        4.20e-02        2.00e+00
       22881116        69.45432       696.30282            5.35        10:20:09        4.20e-02        2.00e+00
       22882191        69.45706       697.30363            5.35        10:19:49        4.20e-02        2.00e+00
       22883398        69.45750       698.30377            5.35        10:19:37        4.20e-02        2.00e+00
       22884567        69.45797       699.30425            5.35        10:19:23        4.20e-02        2.00e+00
       22885619        69.45871       700.30443            5.35        10:19:03        4.20e-02        2.00e+00
       22886637        69.45996       701.30458            5.35        10:18:41        4.20e-02        2.00e+00
       22887860        69.46307       702.30521            5.35        10:18:28        4.20e-02        2.00e+00
       22888958        69.46422       703.30589            5.35        10:18:10        4.20e-02        2.00e+00
DEBUG @ t=22890000: current_coupling=0.042, last=0.042
       22890215        69.46492       704.30653            5.35        10:18:00        4.20e-02        2.00e+00
       22891404        69.46582       705.30708            5.35        10:17:46        4.20e-02        2.00e+00
       22892613        69.46861       706.30754            5.35        10:17:33        4.20e-02        2.00e+00
       22893760        69.47041       707.30825            5.35        10:17:17        4.20e-02        2.00e+00
       22894831        69.47054       708.30834            5.35        10:16:58        4.20e-02        2.00e+00
       22895941        69.47163       709.30855            5.35        10:16:41        4.20e-02        2.00e+00
       22897181        69.47497       710.30915            5.35        10:16:28        4.20e-02        2.00e+00
       22898301        69.47806       711.30970            5.35        10:16:10        4.20e-02        2.00e+00
       22899480        69.48310       712.30973            5.35        10:15:54        4.20e-02        2.00e+00
DEBUG @ t=22900000: current_coupling=0.042, last=0.042
[HDF5 Writer DEBUG] timestep=22900000, current_time_ps=712.710, last_output_time=712.701505650428, write_count=68402
       22900625        69.48634       713.31031            5.35        10:15:37        4.20e-02        2.00e+00
       22901656        69.48702       714.31123            5.35        10:15:17        4.20e-02        2.00e+00
       22902746        69.48836       715.31125            5.35        10:14:58        4.20e-02        2.00e+00
       22903872        69.48937       716.31204            5.35        10:14:42        4.20e-02        2.00e+00
       22905164        69.49196       717.31246            5.35        10:14:32        4.20e-02        2.00e+00
       22906306        69.49391       718.31277            5.35        10:14:16        4.20e-02        2.00e+00
       22907379        69.49617       719.31356            5.35        10:13:56        4.20e-02        2.00e+00
       22908382        69.49689       720.31450            5.35        10:13:34        4.20e-02        2.00e+00
       22909400        69.49713       721.31538            5.35        10:13:13        4.20e-02        2.00e+00
DEBUG @ t=22910000: current_coupling=0.042, last=0.042
       22910496        69.49788       722.31571            5.35        10:12:55        4.20e-02        2.00e+00
       22911698        69.49940       723.31643            5.35        10:12:42        4.20e-02        2.00e+00
       22912872        69.49919       724.31702            5.35        10:12:28        4.20e-02        2.00e+00
       22913967        69.49896       725.31788            5.35        10:12:11        4.20e-02        2.00e+00
       22915072        69.49826       726.31836            5.35        10:11:54        4.20e-02        2.00e+00
       22916197        69.49816       727.31874            5.35        10:11:38        4.20e-02        2.00e+00
       22917301        69.49858       728.31906            5.35        10:11:21        4.20e-02        2.00e+00
       22918447        69.49838       729.31947            5.35        10:11:06        4.20e-02        2.00e+00
       22919466        69.49916       730.32016            5.35        10:10:45        4.20e-02        2.00e+00
DEBUG @ t=22920000: current_coupling=0.042, last=0.042
       22920513        69.50145       731.32065            5.35        10:10:24        4.20e-02        2.00e+00
       22921683        69.50513       732.32105            5.35        10:10:08        4.20e-02        2.00e+00
       22922834        69.50560       733.32121            5.35        10:09:53        4.20e-02        2.00e+00
       22924062        69.50615       734.32196            5.35        10:09:41        4.20e-02        2.00e+00
       22924915        69.50602       735.32256            5.35        10:09:13        4.20e-02        2.00e+00
       22926077        69.50699       736.32355            5.35        10:08:58        4.20e-02        2.00e+00
       22927026        69.50632       737.32423            5.35        10:08:34        4.20e-02        2.00e+00
       22928160        69.50604       738.32434            5.35        10:08:19        4.20e-02        2.00e+00
       22929368        69.50613       739.32447            5.35        10:08:07        4.20e-02        2.00e+00
DEBUG @ t=22930000: current_coupling=0.042, last=0.042
       22930400        69.50532       740.32460            5.35        10:07:47        4.20e-02        2.00e+00
       22931413        69.50558       741.32486            5.35        10:07:26        4.20e-02        2.00e+00
       22932468        69.50697       742.32554            5.35        10:07:06        4.20e-02        2.00e+00
       22933518        69.50886       743.32578            5.36        10:06:46        4.20e-02        2.00e+00
       22934559        69.50875       744.32597            5.36        10:06:26        4.20e-02        2.00e+00
       22935626        69.50957       745.32688            5.36        10:06:07        4.20e-02        2.00e+00
       22936705        69.50991       746.32763            5.36        10:05:49        4.20e-02        2.00e+00
       22937769        69.50953       747.32840            5.36        10:05:31        4.20e-02        2.00e+00
       22938848        69.50881       748.32923            5.36        10:05:13        4.20e-02        2.00e+00
       22939830        69.50903       749.32987            5.36        10:04:51        4.20e-02        2.00e+00
DEBUG @ t=22940000: current_coupling=0.042, last=0.042
       22940915        69.50872       750.32988            5.36        10:04:33        4.20e-02        2.00e+00
       22941985        69.50867       751.32999            5.36        10:04:15        4.20e-02        2.00e+00
       22942986        69.50853       752.33095            5.36        10:03:54        4.20e-02        2.00e+00
       22944010        69.50863       753.33126            5.36        10:03:33        4.20e-02        2.00e+00
       22945078        69.50914       754.33157            5.36        10:03:15        4.20e-02        2.00e+00
       22946154        69.50869       755.33240            5.36        10:02:57        4.20e-02        2.00e+00
       22947163        69.50831       756.33320            5.36        10:02:36        4.20e-02        2.00e+00
       22948159        69.50748       757.33352            5.36        10:02:15        4.20e-02        2.00e+00
       22949179        69.50659       758.33417            5.36        10:01:55        4.20e-02        2.00e+00
DEBUG @ t=22950000: current_coupling=0.042, last=0.042
       22950249        69.50585       759.33506            5.36        10:01:37        4.20e-02        2.00e+00
       22951370        69.50519       760.33554            5.36        10:01:22        4.20e-02        2.00e+00
       22952480        69.50464       761.33633            5.36        10:01:05        4.20e-02        2.00e+00
       22953520        69.50469       762.33637            5.36        10:00:46        4.20e-02        2.00e+00
       22954642        69.50457       763.33688            5.36        10:00:30        4.20e-02        2.00e+00
       22955826        69.50547       764.33693            5.36        10:00:16        4.20e-02        2.00e+00
       22956810        69.50610       765.33726            5.36        09:59:54        4.20e-02        2.00e+00
       22957936        69.50642       766.33731            5.36        09:59:38        4.20e-02        2.00e+00
       22959039        69.50892       767.33808            5.36        09:59:20        4.20e-02        2.00e+00
DEBUG @ t=22960000: current_coupling=0.042, last=0.042
       22960039        69.50922       768.33854            5.37        09:58:58        4.20e-02        2.00e+00
       22961173        69.51029       769.33877            5.37        09:58:42        4.20e-02        2.00e+00
       22962207        69.51076       770.33924            5.37        09:58:22        4.20e-02        2.00e+00
       22963387        69.51121       771.33971            5.37        09:58:08        4.20e-02        2.00e+00
       22964495        69.51173       772.34003            5.37        09:57:52        4.20e-02        2.00e+00
       22965619        69.51281       773.34064            5.37        09:57:35        4.20e-02        2.00e+00
       22966648        69.51445       774.34145            5.37        09:57:14        4.20e-02        2.00e+00
       22967732        69.51508       775.34163            5.37        09:56:56        4.20e-02        2.00e+00
       22968707        69.51611       776.34186            5.37        09:56:34        4.20e-02        2.00e+00
       22969744        69.51711       777.34204            5.37        09:56:14        4.20e-02        2.00e+00
DEBUG @ t=22970000: current_coupling=0.042, last=0.042
       22970929        69.51785       778.34248            5.37        09:56:00        4.20e-02        2.00e+00
       22972000        69.51719       779.34338            5.37        09:55:42        4.20e-02        2.00e+00
       22973103        69.51645       780.34421            5.37        09:55:26        4.20e-02        2.00e+00
       22974238        69.51592       781.34480            5.37        09:55:11        4.20e-02        2.00e+00
       22975336        69.51608       782.34530            5.37        09:54:54        4.20e-02        2.00e+00
       22976445        69.51643       783.34608            5.37        09:54:37        4.20e-02        2.00e+00
       22977551        69.51652       784.34631            5.37        09:54:20        4.20e-02        2.00e+00
       22978608        69.51574       785.34690            5.37        09:54:02        4.20e-02        2.00e+00
       22979665        69.51629       786.34721            5.37        09:53:43        4.20e-02        2.00e+00
DEBUG @ t=22980000: current_coupling=0.042, last=0.042
       22980727        69.51681       787.34772            5.37        09:53:24        4.20e-02        2.00e+00
       22981781        69.51710       788.34837            5.37        09:53:06        4.20e-02        2.00e+00
       22982933        69.51795       789.34852            5.37        09:52:50        4.20e-02        2.00e+00
       22983967        69.51883       790.34938            5.37        09:52:30        4.20e-02        2.00e+00
       22985153        69.52071       791.34998            5.37        09:52:16        4.20e-02        2.00e+00
       22986240        69.52111       792.35040            5.37        09:51:58        4.20e-02        2.00e+00
       22987294        69.52156       793.35089            5.37        09:51:39        4.20e-02        2.00e+00
       22988391        69.52134       794.35162            5.37        09:51:23        4.20e-02        2.00e+00
       22989461        69.52140       795.35167            5.37        09:51:05        4.20e-02        2.00e+00
DEBUG @ t=22990000: current_coupling=0.042, last=0.042
       22990518        69.52160       796.35239            5.37        09:50:46        4.20e-02        2.00e+00
       22991611        69.52092       797.35250            5.37        09:50:29        4.20e-02        2.00e+00
       22992724        69.52020       798.35311            5.37        09:50:13        4.20e-02        2.00e+00
       22993816        69.51939       799.35342            5.37        09:49:56        4.20e-02        2.00e+00
Added F(k,t) reference 4 at t = 800.003 ps
       22994989        69.51967       800.35420            5.37        09:49:42        4.20e-02        2.00e+00
       22996221        69.51983       801.35453            5.37        09:49:31        4.20e-02        2.00e+00
       22997316        69.51921       802.35485            5.37        09:49:14        4.20e-02        2.00e+00
       22998436        69.51841       803.35518            5.37        09:48:58        4.20e-02        2.00e+00
       22999593        69.51893       804.35574            5.37        09:48:43        4.20e-02        2.00e+00
DEBUG @ t=23000000: current_coupling=0.042, last=0.042
[HDF5 Writer DEBUG] timestep=23000000, current_time_ps=804.711, last_output_time=804.7015247737887, write_count=77226
       23000729        69.51897       805.35576            5.37        09:48:28        4.20e-02        2.00e+00
       23001875        69.51883       806.35581            5.37        09:48:13        4.20e-02        2.00e+00
       23003032        69.51859       807.35659            5.37        09:47:59        4.20e-02        2.00e+00
       23004256        69.51985       808.35711            5.37        09:47:46        4.20e-02        2.00e+00
       23005503        69.52054       809.35727            5.37        09:47:34        4.20e-02        2.00e+00
       23006679        69.52083       810.35787            5.37        09:47:20        4.20e-02        2.00e+00
       23007794        69.52070       811.35863            5.37        09:47:04        4.20e-02        2.00e+00
       23009038        69.52124       812.35921            5.37        09:46:53        4.20e-02        2.00e+00
DEBUG @ t=23010000: current_coupling=0.042, last=0.042
       23010202        69.52315       813.35982            5.37        09:46:37        4.20e-02        2.00e+00
       23011330        69.52463       814.35982            5.37        09:46:21        4.20e-02        2.00e+00
       23012538        69.52474       815.36033            5.37        09:46:08        4.20e-02        2.00e+00
       23013674        69.52515       816.36053            5.37        09:45:52        4.20e-02        2.00e+00
       23014854        69.52531       817.36106            5.37        09:45:38        4.20e-02        2.00e+00
       23016050        69.52778       818.36159            5.37        09:45:24        4.20e-02        2.00e+00
       23017178        69.52817       819.36248            5.37        09:45:08        4.20e-02        2.00e+00
       23018272        69.52835       820.36325            5.37        09:44:51        4.20e-02        2.00e+00
       23019338        69.52924       821.36350            5.37        09:44:32        4.20e-02        2.00e+00
DEBUG @ t=23020000: current_coupling=0.042, last=0.042
       23020417        69.53019       822.36429            5.37        09:44:14        4.20e-02        2.00e+00
       23021421        69.53014       823.36467            5.37        09:43:54        4.20e-02        2.00e+00
       23022429        69.52990       824.36490            5.37        09:43:33        4.20e-02        2.00e+00
       23023440        69.53030       825.36495            5.37        09:43:13        4.20e-02        2.00e+00
       23024447        69.53014       826.36588            5.37        09:42:53        4.20e-02        2.00e+00
       23025503        69.53036       827.36646            5.37        09:42:34        4.20e-02        2.00e+00
       23026544        69.53116       828.36699            5.37        09:42:15        4.20e-02        2.00e+00
       23027561        69.53100       829.36768            5.37        09:41:55        4.20e-02        2.00e+00
       23028560        69.53132       830.36795            5.37        09:41:34        4.20e-02        2.00e+00
       23029613        69.53272       831.36810            5.37        09:41:15        4.20e-02        2.00e+00
DEBUG @ t=23030000: current_coupling=0.042, last=0.042
       23030648        69.53299       832.36847            5.37        09:40:55        4.20e-02        2.00e+00
       23031696        69.53383       833.36905            5.37        09:40:36        4.20e-02        2.00e+00
       23032744        69.53396       834.36986            5.37        09:40:17        4.20e-02        2.00e+00
       23033791        69.53380       835.37001            5.37        09:39:59        4.20e-02        2.00e+00
       23034836        69.53352       836.37063            5.37        09:39:40        4.20e-02        2.00e+00
       23035926        69.53430       837.37075            5.37        09:39:23        4.20e-02        2.00e+00
       23036983        69.53418       838.37145            5.38        09:39:04        4.20e-02        2.00e+00
       23038073        69.53565       839.37215            5.38        09:38:46        4.20e-02        2.00e+00
       23039097        69.53582       840.37305            5.38        09:38:27        4.20e-02        2.00e+00
DEBUG @ t=23040000: current_coupling=0.042, last=0.042
       23040101        69.53640       841.37389            5.38        09:38:06        4.20e-02        2.00e+00
       23041121        69.53600       842.37488            5.38        09:37:47        4.20e-02        2.00e+00
       23042135        69.53543       843.37531            5.38        09:37:27        4.20e-02        2.00e+00
       23043196        69.53468       844.37544            5.38        09:37:09        4.20e-02        2.00e+00
       23044206        69.53421       845.37607            5.38        09:36:49        4.20e-02        2.00e+00
       23045209        69.53460       846.37664            5.38        09:36:29        4.20e-02        2.00e+00
       23046205        69.53443       847.37736            5.38        09:36:09        4.20e-02        2.00e+00
       23047210        69.53491       848.37757            5.38        09:35:48        4.20e-02        2.00e+00
       23048179        69.53516       849.37851            5.38        09:35:27        4.20e-02        2.00e+00
       23049219        69.53463       850.37868            5.38        09:35:08        4.20e-02        2.00e+00
DEBUG @ t=23050000: current_coupling=0.042, last=0.042
       23050265        69.53459       851.37956            5.38        09:34:49        4.20e-02        2.00e+00
       23051320        69.53450       852.38040            5.38        09:34:31        4.20e-02        2.00e+00
       23052341        69.53534       853.38120            5.38        09:34:11        4.20e-02        2.00e+00
       23053385        69.53502       854.38153            5.38        09:33:53        4.20e-02        2.00e+00
       23054473        69.53457       855.38201            5.38        09:33:36        4.20e-02        2.00e+00
       23055597        69.53438       856.38279            5.38        09:33:20        4.20e-02        2.00e+00
       23056731        69.53430       857.38281            5.38        09:33:05        4.20e-02        2.00e+00
       23057884        69.53561       858.38350            5.38        09:32:49        4.20e-02        2.00e+00
       23058986        69.53762       859.38385            5.38        09:32:32        4.20e-02        2.00e+00
DEBUG @ t=23060000: current_coupling=0.042, last=0.042
       23060035        69.53871       860.38409            5.38        09:32:13        4.20e-02        2.00e+00
       23061033        69.54071       861.38456            5.39        09:31:51        4.20e-02        2.00e+00
       23062030        69.54053       862.38551            5.39        09:31:31        4.20e-02        2.00e+00
       23063002        69.54098       863.38630            5.39        09:31:10        4.20e-02        2.00e+00
       23064071        69.54257       864.38654            5.39        09:30:51        4.20e-02        2.00e+00
       23065165        69.54196       865.38723            5.39        09:30:35        4.20e-02        2.00e+00
       23066242        69.54160       866.38803            5.39        09:30:18        4.20e-02        2.00e+00
       23067340        69.54134       867.38888            5.39        09:30:01        4.20e-02        2.00e+00
       23068361        69.54092       868.38986            5.39        09:29:42        4.20e-02        2.00e+00
       23069401        69.54070       869.39030            5.39        09:29:23        4.20e-02        2.00e+00
DEBUG @ t=23070000: current_coupling=0.042, last=0.042
       23070497        69.54059       870.39101            5.39        09:29:06        4.20e-02        2.00e+00
       23071577        69.54068       871.39138            5.39        09:28:49        4.20e-02        2.00e+00
       23072676        69.54112       872.39181            5.39        09:28:32        4.20e-02        2.00e+00
       23073802        69.54308       873.39190            5.39        09:28:16        4.20e-02        2.00e+00
       23074859        69.54250       874.39265            5.39        09:27:58        4.20e-02        2.00e+00
       23075907        69.54216       875.39313            5.39        09:27:40        4.20e-02        2.00e+00
       23076943        69.54239       876.39386            5.39        09:27:21        4.20e-02        2.00e+00
       23078009        69.54313       877.39390            5.39        09:27:03        4.20e-02        2.00e+00
       23079036        69.54368       878.39446            5.39        09:26:43        4.20e-02        2.00e+00
DEBUG @ t=23080000: current_coupling=0.042, last=0.042
       23080065        69.54344       879.39473            5.39        09:26:24        4.20e-02        2.00e+00
       23081021        69.54290       880.39551            5.39        09:26:03        4.20e-02        2.00e+00
       23081969        69.54246       881.39610            5.39        09:25:41        4.20e-02        2.00e+00
       23083066        69.54312       882.39680            5.39        09:25:25        4.20e-02        2.00e+00
       23084036        69.54286       883.39688            5.39        09:25:04        4.20e-02        2.00e+00
       23085137        69.54336       884.39713            5.39        09:24:47        4.20e-02        2.00e+00
       23086186        69.54437       885.39774            5.39        09:24:28        4.20e-02        2.00e+00
       23087185        69.54460       886.39814            5.40        09:24:08        4.20e-02        2.00e+00
       23088232        69.54432       887.39877            5.40        09:23:50        4.20e-02        2.00e+00
       23089248        69.54439       888.39952            5.40        09:23:30        4.20e-02        2.00e+00
DEBUG @ t=23090000: current_coupling=0.042, last=0.042
       23090348        69.54444       889.40019            5.40        09:23:14        4.20e-02        2.00e+00
       23091457        69.54433       890.40097            5.40        09:22:58        4.20e-02        2.00e+00
       23092574        69.54443       891.40112            5.40        09:22:42        4.20e-02        2.00e+00
       23093600        69.54445       892.40126            5.40        09:22:23        4.20e-02        2.00e+00
       23094637        69.54440       893.40201            5.40        09:22:04        4.20e-02        2.00e+00
       23095754        69.54463       894.40243            5.40        09:21:48        4.20e-02        2.00e+00
       23096793        69.54537       895.40303            5.40        09:21:29        4.20e-02        2.00e+00
       23097854        69.54581       896.40394            5.40        09:21:11        4.20e-02        2.00e+00
       23098917        69.54582       897.40445            5.40        09:20:53        4.20e-02        2.00e+00
DEBUG @ t=23100000: current_coupling=0.042, last=0.042
[HDF5 Writer DEBUG] timestep=23100000, current_time_ps=898.371, last_output_time=898.3695334995036, write_count=86149
       23100038        69.54592       898.40529            5.40        09:20:38        4.20e-02        2.00e+00
       23101145        69.54596       899.40617            5.40        09:20:21        4.20e-02        2.00e+00
       23102193        69.54629       900.40660            5.40        09:20:03        4.20e-02        2.00e+00
       23103293        69.54697       901.40707            5.40        09:19:46        4.20e-02        2.00e+00
       23104468        69.54910       902.40782            5.40        09:19:31        4.20e-02        2.00e+00
       23105601        69.54907       903.40852            5.40        09:19:16        4.20e-02        2.00e+00
       23106707        69.54933       904.40922            5.40        09:18:59        4.20e-02        2.00e+00
       23107746        69.54931       905.41012            5.40        09:18:41        4.20e-02        2.00e+00
       23108829        69.54901       906.41052            5.40        09:18:24        4.20e-02        2.00e+00
       23109907        69.54872       907.41070            5.40        09:18:07        4.20e-02        2.00e+00
DEBUG @ t=23110000: current_coupling=0.042, last=0.042
       23111081        69.54882       908.41094            5.40        09:17:53        4.20e-02        2.00e+00
       23112134        69.55000       909.41176            5.40        09:17:34        4.20e-02        2.00e+00
       23113247        69.54995       910.41236            5.40        09:17:18        4.20e-02        2.00e+00
       23114363        69.55020       911.41266            5.40        09:17:02        4.20e-02        2.00e+00
       23115424        69.55031       912.41312            5.40        09:16:45        4.20e-02        2.00e+00
       23116497        69.55018       913.41312            5.40        09:16:27        4.20e-02        2.00e+00
       23117676        69.55033       914.41359            5.40        09:16:13        4.20e-02        2.00e+00
       23118854        69.55047       915.41374            5.40        09:15:59        4.20e-02        2.00e+00
       23119969        69.55022       916.41458            5.40        09:15:44        4.20e-02        2.00e+00
DEBUG @ t=23120000: current_coupling=0.042, last=0.042
       23121124        69.54979       917.41491            5.40        09:15:29        4.20e-02        2.00e+00
       23122245        69.54985       918.41545            5.40        09:15:13        4.20e-02        2.00e+00
       23123431        69.55004       919.41575            5.40        09:15:00        4.20e-02        2.00e+00
       23124646        69.55105       920.41592            5.40        09:14:46        4.20e-02        2.00e+00
       23125826        69.55148       921.41667            5.40        09:14:32        4.20e-02        2.00e+00
       23126992        69.55117       922.41668            5.40        09:14:18        4.20e-02        2.00e+00
       23128153        69.55098       923.41713            5.40        09:14:04        4.20e-02        2.00e+00
       23129275        69.55160       924.41713            5.40        09:13:48        4.20e-02        2.00e+00
DEBUG @ t=23130000: current_coupling=0.042, last=0.042
       23130450        69.55086       925.41768            5.40        09:13:34        4.20e-02        2.00e+00
       23131631        69.55096       926.41792            5.40        09:13:20        4.20e-02        2.00e+00
       23132812        69.55097       927.41871            5.40        09:13:06        4.20e-02        2.00e+00
       23133931        69.55093       928.41917            5.40        09:12:50        4.20e-02        2.00e+00
       23135218        69.55087       929.41929            5.39        09:12:40        4.20e-02        2.00e+00
       23136486        69.55145       930.41944            5.39        09:12:29        4.20e-02        2.00e+00
       23137649        69.55177       931.41959            5.39        09:12:14        4.20e-02        2.00e+00
       23138853        69.55218       932.41990            5.39        09:12:01        4.20e-02        2.00e+00
       23139966        69.55195       933.42051            5.39        09:11:45        4.20e-02        2.00e+00
DEBUG @ t=23140000: current_coupling=0.042, last=0.042
       23141046        69.55165       934.42088            5.39        09:11:28        4.20e-02        2.00e+00
       23142185        69.55309       935.42119            5.39        09:11:12        4.20e-02        2.00e+00
       23143329        69.55360       936.42177            5.39        09:10:56        4.20e-02        2.00e+00
       23144466        69.55302       937.42194            5.39        09:10:41        4.20e-02        2.00e+00
       23145534        69.55256       938.42230            5.39        09:10:24        4.20e-02        2.00e+00
       23146662        69.55218       939.42267            5.39        09:10:09        4.20e-02        2.00e+00
       23147715        69.55166       940.42363            5.39        09:09:51        4.20e-02        2.00e+00
       23148819        69.55113       941.42391            5.39        09:09:35        4.20e-02        2.00e+00
DEBUG @ t=23150000: current_coupling=0.042, last=0.042
       23150052        69.55134       942.42466            5.39        09:09:22        4.20e-02        2.00e+00
       23151263        69.55173       943.42506            5.39        09:09:09        4.20e-02        2.00e+00
       23152392        69.55139       944.42570            5.39        09:08:54        4.20e-02        2.00e+00
       23153577        69.55152       945.42647            5.39        09:08:40        4.20e-02        2.00e+00
       23154834        69.55256       946.42667            5.39        09:08:28        4.20e-02        2.00e+00
       23156017        69.55349       947.42716            5.39        09:08:13        4.20e-02        2.00e+00
       23157165        69.55513       948.42814            5.39        09:07:58        4.20e-02        2.00e+00
       23158151        69.55530       949.42881            5.39        09:07:37        4.20e-02        2.00e+00
       23159099        69.55516       950.42911            5.39        09:07:16        4.20e-02        2.00e+00
DEBUG @ t=23160000: current_coupling=0.042, last=0.042
       23160199        69.55479       951.42980            5.39        09:07:00        4.20e-02        2.00e+00
       23161353        69.55484       952.43063            5.39        09:06:45        4.20e-02        2.00e+00
       23162418        69.55471       953.43118            5.39        09:06:28        4.20e-02        2.00e+00
       23163644        69.55466       954.43170            5.39        09:06:15        4.20e-02        2.00e+00
       23164760        69.55440       955.43175            5.39        09:05:59        4.20e-02        2.00e+00
       23165914        69.55359       956.43178            5.39        09:05:45        4.20e-02        2.00e+00
       23167042        69.55284       957.43225            5.39        09:05:29        4.20e-02        2.00e+00
       23168170        69.55626       958.43240            5.39        09:05:12        4.20e-02        2.00e+00
       23169254        69.55612       959.43278            5.39        09:04:55        4.20e-02        2.00e+00
DEBUG @ t=23170000: current_coupling=0.042, last=0.042
       23170360        69.55704       960.43284            5.39        09:04:39        4.20e-02        2.00e+00
       23171496        69.55835       961.43315            5.39        09:04:23        4.20e-02        2.00e+00
       23172677        69.55924       962.43340            5.39        09:04:08        4.20e-02        2.00e+00
       23173723        69.55911       963.43341            5.39        09:03:50        4.20e-02        2.00e+00
       23174850        69.55944       964.43427            5.39        09:03:34        4.20e-02        2.00e+00
       23175974        69.56006       965.43502            5.39        09:03:18        4.20e-02        2.00e+00
       23176957        69.56028       966.43528            5.39        09:02:58        4.20e-02        2.00e+00
       23178113        69.56109       967.43572            5.39        09:02:43        4.20e-02        2.00e+00
       23179278        69.56088       968.43620            5.39        09:02:28        4.20e-02        2.00e+00
DEBUG @ t=23180000: current_coupling=0.042, last=0.042
       23180439        69.56065       969.43638            5.39        09:02:14        4.20e-02        2.00e+00
       23181694        69.56027       970.43655            5.39        09:02:02        4.20e-02        2.00e+00
       23182794        69.56008       971.43678            5.39        09:01:46        4.20e-02        2.00e+00
       23183911        69.55981       972.43750            5.39        09:01:30        4.20e-02        2.00e+00
       23185139        69.55953       973.43825            5.39        09:01:18        4.20e-02        2.00e+00
       23186322        69.55939       974.43858            5.39        09:01:04        4.20e-02        2.00e+00
       23187438        69.55916       975.43939            5.39        09:00:48        4.20e-02        2.00e+00
       23188495        69.55910       976.44021            5.39        09:00:30        4.20e-02        2.00e+00
       23189482        69.55962       977.44066            5.39        09:00:10        4.20e-02        2.00e+00
DEBUG @ t=23190000: current_coupling=0.042, last=0.042
       23190492        69.55991       978.44124            5.39        08:59:51        4.20e-02        2.00e+00
       23191557        69.56136       979.44204            5.39        08:59:32        4.20e-02        2.00e+00
       23192587        69.56072       980.44214            5.39        08:59:14        4.20e-02        2.00e+00
       23193659        69.56001       981.44260            5.39        08:58:57        4.20e-02        2.00e+00
       23194738        69.55912       982.44275            5.39        08:58:40        4.20e-02        2.00e+00
       23195784        69.55884       983.44362            5.39        08:58:23        4.20e-02        2.00e+00
       23196835        69.55846       984.44435            5.39        08:58:05        4.20e-02        2.00e+00
       23197910        69.55905       985.44472            5.39        08:57:47        4.20e-02        2.00e+00
       23198889        69.55938       986.44499            5.39        08:57:27        4.20e-02        2.00e+00
       23199951        69.55912       987.44557            5.40        08:57:10        4.20e-02        2.00e+00
DEBUG @ t=23200000: current_coupling=0.042, last=0.042
[HDF5 Writer DEBUG] timestep=23200000, current_time_ps=987.495, last_output_time=987.4873712301373, write_count=94673
       23200901        69.55895       988.44577            5.40        08:56:49        4.20e-02        2.00e+00
       23201929        69.55867       989.44671            5.40        08:56:31        4.20e-02        2.00e+00
       23203040        69.55821       990.44749            5.40        08:56:15        4.20e-02        2.00e+00
       23204053        69.55855       991.44760            5.40        08:55:56        4.20e-02        2.00e+00
       23205107        69.55942       992.44785            5.40        08:55:37        4.20e-02        2.00e+00
       23206146        69.56001       993.44802            5.40        08:55:19        4.20e-02        2.00e+00
       23207229        69.56000       994.44826            5.40        08:55:02        4.20e-02        2.00e+00
       23208294        69.56152       995.44878            5.40        08:54:44        4.20e-02        2.00e+00
       23209343        69.56267       996.44951            5.40        08:54:25        4.20e-02        2.00e+00
DEBUG @ t=23210000: current_coupling=0.042, last=0.042
       23210369        69.56264       997.44996            5.40        08:54:07        4.20e-02        2.00e+00
       23211382        69.56234       998.45019            5.40        08:53:48        4.20e-02        2.00e+00
       23212372        69.56199       999.45075            5.40        08:53:29        4.20e-02        2.00e+00
Added F(k,t) reference 5 at t = 1000.004 ps
       23213375        69.56160      1000.45160            5.40        08:53:10        4.20e-02        2.00e+00
       23214398        69.56251      1001.45236            5.40        08:52:51        4.20e-02        2.00e+00
       23215424        69.56222      1002.45274            5.40        08:52:32        4.20e-02        2.00e+00
       23216410        69.56197      1003.45317            5.40        08:52:13        4.20e-02        2.00e+00
       23217401        69.56142      1004.45387            5.40        08:51:54        4.20e-02        2.00e+00
       23218504        69.56116      1005.45389            5.40        08:51:37        4.20e-02        2.00e+00
       23219626        69.56066      1006.45438            5.40        08:51:22        4.20e-02        2.00e+00
DEBUG @ t=23220000: current_coupling=0.042, last=0.042
       23220696        69.56032      1007.45491            5.40        08:51:05        4.20e-02        2.00e+00
       23221764        69.56005      1008.45506            5.40        08:50:48        4.20e-02        2.00e+00
       23222855        69.55943      1009.45563            5.40        08:50:31        4.20e-02        2.00e+00
       23223942        69.55909      1010.45648            5.40        08:50:15        4.20e-02        2.00e+00
       23225075        69.55854      1011.45713            5.40        08:50:00        4.20e-02        2.00e+00
       23226194        69.55855      1012.45723            5.40        08:49:44        4.20e-02        2.00e+00
       23227347        69.55891      1013.45793            5.40        08:49:29        4.20e-02        2.00e+00
       23228428        69.55874      1014.45870            5.40        08:49:12        4.20e-02        2.00e+00
       23229605        69.55898      1015.45897            5.40        08:48:58        4.20e-02        2.00e+00
DEBUG @ t=23230000: current_coupling=0.042, last=0.042
       23230757        69.55958      1016.45929            5.40        08:48:42        4.20e-02        2.00e+00
       23231943        69.56081      1017.45937            5.40        08:48:28        4.20e-02        2.00e+00
       23233044        69.56108      1018.45950            5.40        08:48:11        4.20e-02        2.00e+00
       23234110        69.56179      1019.45980            5.40        08:47:54        4.20e-02        2.00e+00
       23235145        69.56202      1020.46029            5.40        08:47:36        4.20e-02        2.00e+00
       23236225        69.56218      1021.46045            5.40        08:47:19        4.20e-02        2.00e+00
       23237347        69.56369      1022.46046            5.40        08:47:02        4.20e-02        2.00e+00
       23238498        69.56552      1023.46063            5.40        08:46:46        4.20e-02        2.00e+00
       23239575        69.56634      1024.46066            5.40        08:46:29        4.20e-02        2.00e+00
DEBUG @ t=23240000: current_coupling=0.042, last=0.042
       23240672        69.56672      1025.46127            5.40        08:46:12        4.20e-02        2.00e+00
       23241838        69.56708      1026.46197            5.40        08:45:58        4.20e-02        2.00e+00
       23242948        69.56792      1027.46282            5.40        08:45:41        4.20e-02        2.00e+00
       23244087        69.56792      1028.46291            5.40        08:45:26        4.20e-02        2.00e+00
       23245109        69.56758      1029.46358            5.40        08:45:08        4.20e-02        2.00e+00
       23246100        69.56713      1030.46383            5.40        08:44:49        4.20e-02        2.00e+00
       23247138        69.56681      1031.46452            5.40        08:44:31        4.20e-02        2.00e+00
       23248166        69.56662      1032.46515            5.40        08:44:12        4.20e-02        2.00e+00
       23249228        69.56653      1033.46605            5.40        08:43:55        4.20e-02        2.00e+00
DEBUG @ t=23250000: current_coupling=0.042, last=0.042
       23250297        69.56680      1034.46678            5.41        08:43:38        4.20e-02        2.00e+00
       23251343        69.56647      1035.46703            5.41        08:43:20        4.20e-02        2.00e+00
       23252354        69.56616      1036.46763            5.41        08:43:01        4.20e-02        2.00e+00
       23253375        69.56585      1037.46788            5.41        08:42:43        4.20e-02        2.00e+00
       23254393        69.56658      1038.46874            5.41        08:42:24        4.20e-02        2.00e+00
       23255440        69.56702      1039.46921            5.41        08:42:06        4.20e-02        2.00e+00
       23256474        69.56700      1040.46990            5.41        08:41:48        4.20e-02        2.00e+00
       23257511        69.56718      1041.47038            5.41        08:41:30        4.20e-02        2.00e+00
       23258542        69.56692      1042.47055            5.41        08:41:12        4.20e-02        2.00e+00
       23259544        69.56679      1043.47074            5.41        08:40:53        4.20e-02        2.00e+00
DEBUG @ t=23260000: current_coupling=0.042, last=0.042
       23260531        69.56671      1044.47081            5.41        08:40:34        4.20e-02        2.00e+00
       23261492        69.56662      1045.47128            5.41        08:40:14        4.20e-02        2.00e+00
       23262457        69.56719      1046.47167            5.41        08:39:54        4.20e-02        2.00e+00
       23263480        69.56742      1047.47261            5.41        08:39:35        4.20e-02        2.00e+00
       23264524        69.56727      1048.47354            5.41        08:39:17        4.20e-02        2.00e+00
       23265528        69.56741      1049.47419            5.41        08:38:59        4.20e-02        2.00e+00
       23266514        69.56786      1050.47458            5.41        08:38:39        4.20e-02        2.00e+00
       23267522        69.56783      1051.47511            5.41        08:38:20        4.20e-02        2.00e+00
       23268552        69.56776      1052.47540            5.41        08:38:02        4.20e-02        2.00e+00
       23269571        69.56778      1053.47558            5.41        08:37:44        4.20e-02        2.00e+00
DEBUG @ t=23270000: current_coupling=0.042, last=0.042
       23270537        69.56770      1054.47621            5.41        08:37:24        4.20e-02        2.00e+00
       23271559        69.56748      1055.47697            5.41        08:37:06        4.20e-02        2.00e+00
       23272583        69.56763      1056.47772            5.42        08:36:48        4.20e-02        2.00e+00
       23273591        69.56722      1057.47836            5.42        08:36:29        4.20e-02        2.00e+00
       23274685        69.56722      1058.47880            5.42        08:36:13        4.20e-02        2.00e+00
       23275865        69.56776      1059.47896            5.42        08:35:58        4.20e-02        2.00e+00
       23276889        69.56841      1060.47946            5.42        08:35:40        4.20e-02        2.00e+00
       23277978        69.56855      1061.47974            5.42        08:35:23        4.20e-02        2.00e+00
       23279029        69.56818      1062.48043            5.42        08:35:06        4.20e-02        2.00e+00
       23279926        69.56825      1063.48113            5.42        08:34:44        4.20e-02        2.00e+00
DEBUG @ t=23280000: current_coupling=0.042, last=0.042
       23280952        69.56850      1064.48193            5.42        08:34:26        4.20e-02        2.00e+00
       23282023        69.56864      1065.48200            5.42        08:34:09        4.20e-02        2.00e+00
       23283110        69.56833      1066.48234            5.42        08:33:53        4.20e-02        2.00e+00
       23284202        69.56848      1067.48286            5.42        08:33:36        4.20e-02        2.00e+00
       23285214        69.56820      1068.48385            5.42        08:33:18        4.20e-02        2.00e+00
       23286225        69.56838      1069.48448            5.42        08:32:59        4.20e-02        2.00e+00
       23287239        69.56847      1070.48534            5.42        08:32:41        4.20e-02        2.00e+00
       23288210        69.56835      1071.48554            5.42        08:32:21        4.20e-02        2.00e+00
       23289190        69.56825      1072.48616            5.42        08:32:02        4.20e-02        2.00e+00
DEBUG @ t=23290000: current_coupling=0.042, last=0.042
       23290236        69.56790      1073.48701            5.42        08:31:44        4.20e-02        2.00e+00
       23291190        69.56752      1074.48704            5.42        08:31:25        4.20e-02        2.00e+00
       23292215        69.56810      1075.48743            5.42        08:31:06        4.20e-02        2.00e+00
       23293250        69.56792      1076.48774            5.42        08:30:49        4.20e-02        2.00e+00
       23294287        69.56781      1077.48866            5.42        08:30:31        4.20e-02        2.00e+00
       23295322        69.56764      1078.48958            5.42        08:30:13        4.20e-02        2.00e+00
       23296374        69.56718      1079.49024            5.42        08:29:56        4.20e-02        2.00e+00
       23297355        69.56792      1080.49127            5.42        08:29:36        4.20e-02        2.00e+00
       23298272        69.56788      1081.49161            5.42        08:29:15        4.20e-02        2.00e+00
       23299173        69.56745      1082.49266            5.43        08:28:54        4.20e-02        2.00e+00
DEBUG @ t=23300000: current_coupling=0.042, last=0.042
[HDF5 Writer DEBUG] timestep=23300000, current_time_ps=1083.363, last_output_time=1083.3551706899696, write_count=103815
       23300126        69.56690      1083.49337            5.43        08:28:35        4.20e-02        2.00e+00
       23301107        69.56650      1084.49384            5.43        08:28:16        4.20e-02        2.00e+00
       23302162        69.56666      1085.49402            5.43        08:27:58        4.20e-02        2.00e+00
       23303197        69.56712      1086.49404            5.43        08:27:40        4.20e-02        2.00e+00
       23304192        69.56737      1087.49436            5.43        08:27:22        4.20e-02        2.00e+00
       23305252        69.56840      1088.49504            5.43        08:27:04        4.20e-02        2.00e+00
       23306266        69.56827      1089.49535            5.43        08:26:46        4.20e-02        2.00e+00
       23307261        69.56865      1090.49539            5.43        08:26:27        4.20e-02        2.00e+00
       23308225        69.56863      1091.49540            5.43        08:26:07        4.20e-02        2.00e+00
       23309208        69.56829      1092.49628            5.43        08:25:48        4.20e-02        2.00e+00
DEBUG @ t=23310000: current_coupling=0.042, last=0.042
       23310226        69.56823      1093.49635            5.43        08:25:30        4.20e-02        2.00e+00
       23311325        69.56799      1094.49737            5.43        08:25:14        4.20e-02        2.00e+00
       23312285        69.56830      1095.49817            5.43        08:24:55        4.20e-02        2.00e+00
       23313259        69.56883      1096.49838            5.43        08:24:35        4.20e-02        2.00e+00
       23314262        69.56884      1097.49924            5.43        08:24:17        4.20e-02        2.00e+00
       23315348        69.56937      1098.49932            5.43        08:24:00        4.20e-02        2.00e+00
       23316392        69.56963      1099.49964            5.43        08:23:42        4.20e-02        2.00e+00
       23317450        69.57116      1100.50008            5.43        08:23:25        4.20e-02        2.00e+00
       23318468        69.57133      1101.50094            5.43        08:23:06        4.20e-02        2.00e+00
       23319496        69.57151      1102.50132            5.43        08:22:48        4.20e-02        2.00e+00
DEBUG @ t=23320000: current_coupling=0.042, last=0.042
       23320505        69.57133      1103.50181            5.43        08:22:30        4.20e-02        2.00e+00
       23321515        69.57128      1104.50214            5.44        08:22:12        4.20e-02        2.00e+00
       23322578        69.57166      1105.50303            5.44        08:21:55        4.20e-02        2.00e+00
       23323688        69.57214      1106.50345            5.44        08:21:39        4.20e-02        2.00e+00
       23324898        69.57532      1107.50425            5.44        08:21:24        4.20e-02        2.00e+00
       23325987        69.57673      1108.50431            5.44        08:21:07        4.20e-02        2.00e+00
       23327131        69.57715      1109.50502            5.44        08:20:52        4.20e-02        2.00e+00
       23328243        69.57784      1110.50522            5.44        08:20:36        4.20e-02        2.00e+00
       23329283        69.57803      1111.50539            5.44        08:20:18        4.20e-02        2.00e+00
DEBUG @ t=23330000: current_coupling=0.042, last=0.042
       23330464        69.57946      1112.50569            5.44        08:20:04        4.20e-02        2.00e+00
       23331702        69.57961      1113.50573            5.43        08:19:51        4.20e-02        2.00e+00
       23332849        69.58081      1114.50629            5.43        08:19:35        4.20e-02        2.00e+00
       23333925        69.58206      1115.50688            5.43        08:19:18        4.20e-02        2.00e+00
       23335150        69.58276      1116.50712            5.43        08:19:05        4.20e-02        2.00e+00
       23336359        69.58267      1117.50719            5.43        08:18:51        4.20e-02        2.00e+00
       23337560        69.58372      1118.50775            5.43        08:18:37        4.20e-02        2.00e+00
       23338778        69.58592      1119.50822            5.43        08:18:23        4.20e-02        2.00e+00
       23339994        69.58710      1120.50885            5.43        08:18:09        4.20e-02        2.00e+00
DEBUG @ t=23340000: current_coupling=0.042, last=0.042
       23341106        69.58731      1121.50887            5.43        08:17:54        4.20e-02        2.00e+00
       23342162        69.58746      1122.50891            5.43        08:17:36        4.20e-02        2.00e+00
       23343268        69.58809      1123.50925            5.43        08:17:20        4.20e-02        2.00e+00
       23344430        69.58810      1124.50951            5.43        08:17:06        4.20e-02        2.00e+00
       23345498        69.58800      1125.50994            5.43        08:16:49        4.20e-02        2.00e+00
       23346661        69.58787      1126.51004            5.43        08:16:34        4.20e-02        2.00e+00
       23347730        69.58779      1127.51006            5.43        08:16:17        4.20e-02        2.00e+00
       23348946        69.58773      1128.51034            5.43        08:16:04        4.20e-02        2.00e+00
       23349922        69.58742      1129.51102            5.43        08:15:45        4.20e-02        2.00e+00
DEBUG @ t=23350000: current_coupling=0.042, last=0.042
       23350976        69.58748      1130.51103            5.43        08:15:28        4.20e-02        2.00e+00
       23351935        69.58717      1131.51164            5.43        08:15:09        4.20e-02        2.00e+00
       23352860        69.58678      1132.51169            5.43        08:14:49        4.20e-02        2.00e+00
       23353991        69.58661      1133.51229            5.43        08:14:33        4.20e-02        2.00e+00
       23355175        69.58733      1134.51310            5.43        08:14:19        4.20e-02        2.00e+00
       23356197        69.58754      1135.51413            5.43        08:14:01        4.20e-02        2.00e+00
       23357180        69.58754      1136.51473            5.44        08:13:42        4.20e-02        2.00e+00
       23358443        69.58851      1137.51519            5.43        08:13:30        4.20e-02        2.00e+00
       23359662        69.58907      1138.51528            5.43        08:13:16        4.20e-02        2.00e+00
DEBUG @ t=23360000: current_coupling=0.042, last=0.042
       23360850        69.58975      1139.51579            5.43        08:13:02        4.20e-02        2.00e+00
       23361981        69.59008      1140.51657            5.43        08:12:46        4.20e-02        2.00e+00
       23363062        69.58993      1141.51738            5.43        08:12:30        4.20e-02        2.00e+00
       23364251        69.59002      1142.51766            5.43        08:12:16        4.20e-02        2.00e+00
       23365320        69.59013      1143.51829            5.43        08:11:59        4.20e-02        2.00e+00
       23366358        69.59035      1144.51905            5.43        08:11:41        4.20e-02        2.00e+00
       23367437        69.59055      1145.51956            5.43        08:11:25        4.20e-02        2.00e+00
       23368462        69.59050      1146.52010            5.43        08:11:07        4.20e-02        2.00e+00
       23369520        69.59077      1147.52046            5.43        08:10:50        4.20e-02        2.00e+00
DEBUG @ t=23370000: current_coupling=0.042, last=0.042
       23370616        69.59088      1148.52128            5.43        08:10:34        4.20e-02        2.00e+00
       23371760        69.59105      1149.52157            5.43        08:10:18        4.20e-02        2.00e+00
       23372896        69.59095      1150.52199            5.43        08:10:03        4.20e-02        2.00e+00
       23374057        69.59105      1151.52217            5.43        08:09:49        4.20e-02        2.00e+00
       23375166        69.59137      1152.52299            5.43        08:09:33        4.20e-02        2.00e+00
       23376209        69.59166      1153.52364            5.43        08:09:15        4.20e-02        2.00e+00
       23377431        69.59282      1154.52403            5.43        08:09:01        4.20e-02        2.00e+00
       23378540        69.59422      1155.52442            5.43        08:08:45        4.20e-02        2.00e+00
       23379631        69.59541      1156.52454            5.43        08:08:28        4.20e-02        2.00e+00
DEBUG @ t=23380000: current_coupling=0.042, last=0.042
       23380700        69.59591      1157.52526            5.43        08:08:11        4.20e-02        2.00e+00
       23381835        69.59734      1158.52574            5.43        08:07:55        4.20e-02        2.00e+00
       23382827        69.59818      1159.52577            5.44        08:07:36        4.20e-02        2.00e+00
       23383934        69.59863      1160.52618            5.44        08:07:20        4.20e-02        2.00e+00
       23385133        69.59871      1161.52698            5.43        08:07:06        4.20e-02        2.00e+00
       23386151        69.59871      1162.52763            5.44        08:06:48        4.20e-02        2.00e+00
       23387249        69.59904      1163.52828            5.44        08:06:32        4.20e-02        2.00e+00
       23388428        69.60021      1164.52854            5.44        08:06:17        4.20e-02        2.00e+00
       23389467        69.60059      1165.52857            5.44        08:06:00        4.20e-02        2.00e+00
DEBUG @ t=23390000: current_coupling=0.042, last=0.042
       23390434        69.60073      1166.52894            5.44        08:05:41        4.20e-02        2.00e+00
       23391376        69.60061      1167.52990            5.44        08:05:21        4.20e-02        2.00e+00
       23392350        69.60071      1168.52996            5.44        08:05:02        4.20e-02        2.00e+00
       23393417        69.60119      1169.53080            5.44        08:04:45        4.20e-02        2.00e+00
       23394344        69.60175      1170.53113            5.44        08:04:25        4.20e-02        2.00e+00
       23395236        69.60212      1171.53206            5.44        08:04:04        4.20e-02        2.00e+00
       23396194        69.60195      1172.53236            5.44        08:03:45        4.20e-02        2.00e+00
       23397202        69.60179      1173.53301            5.44        08:03:27        4.20e-02        2.00e+00
       23398393        69.60291      1174.53357            5.44        08:03:13        4.20e-02        2.00e+00
       23399410        69.60355      1175.53381            5.44        08:02:55        4.20e-02        2.00e+00
DEBUG @ t=23400000: current_coupling=0.042, last=0.042
[HDF5 Writer DEBUG] timestep=23400000, current_time_ps=1176.200, last_output_time=1176.1924791323447, write_count=112705
       23400367        69.60394      1176.53412            5.44        08:02:35        4.20e-02        2.00e+00
       23401432        69.60400      1177.53464            5.44        08:02:18        4.20e-02        2.00e+00
2025-11-06 17:14:01 | ERROR | CRITICAL ERROR in simulation: Unable to synchronously flush file (file write failed: time = Thu Nov  6 17:14:00 2025
, filename = 'observables_replica_191.h5', file descriptor = 4, errno = 122, error message = 'Disk quota exceeded', buf = 0x56523824e870, total write size = 6043, bytes this sub-write = 6043, offset = 805305431)
2025-11-06 17:14:01 | ERROR | Full traceback:
2025-11-06 17:14:01 | ERROR | Traceback (most recent call last):
2025-11-06 17:14:01 | ERROR |   File "/scratch/mh7373/micromamba/envs/hoomd/lib/python3.12/site-packages/hoomd/cavitymd/simulation/core.py", line 4753, in run
2025-11-06 17:14:01 | ERROR |     self.run_simulation()
2025-11-06 17:14:01 | ERROR |   File "/scratch/mh7373/micromamba/envs/hoomd/lib/python3.12/site-packages/hoomd/cavitymd/simulation/core.py", line 4807, in run_simulation
2025-11-06 17:14:01 | ERROR |     self.sim.run(total_steps, write_at_start=True)
2025-11-06 17:14:01 | ERROR |   File "/scratch/mh7373/micromamba/envs/hoomd/lib/python3.12/site-packages/hoomd/simulation.py", line 561, in run
2025-11-06 17:14:01 | ERROR |     self._cpp_sys.run(steps_int, write_at_start)
2025-11-06 17:14:01 | ERROR |   File "/scratch/mh7373/micromamba/envs/hoomd/lib/python3.12/site-packages/hoomd/cavitymd/data.py", line 528, in act
2025-11-06 17:14:01 | ERROR |     self.file.flush()
2025-11-06 17:14:01 | ERROR |   File "/scratch/mh7373/micromamba/envs/hoomd/lib/python3.12/site-packages/h5py/_hl/files.py", line 639, in flush
2025-11-06 17:14:01 | ERROR |     h5f.flush(self.id)
2025-11-06 17:14:01 | ERROR |   File "h5py/_objects.pyx", line 56, in h5py._objects.with_phil.wrapper
2025-11-06 17:14:01 | ERROR |   File "h5py/_objects.pyx", line 57, in h5py._objects.with_phil.wrapper
2025-11-06 17:14:01 | ERROR |   File "h5py/h5f.pyx", line 159, in h5py.h5f.flush
2025-11-06 17:14:01 | ERROR | RuntimeError: Unable to synchronously flush file (file write failed: time = Thu Nov  6 17:14:00 2025
2025-11-06 17:14:01 | ERROR | , filename = 'observables_replica_191.h5', file descriptor = 4, errno = 122, error message = 'Disk quota exceeded', buf = 0x56523824e870, total write size = 6043, bytes this sub-write = 6043, offset = 805305431)
2025-11-06 17:14:01 | INFO | Cleanup initiated...
2025-11-06 17:14:01 | INFO | Closing HDF5 observable writer...
2025-11-06 17:14:01 | ERROR | Error closing HDF5 writer: Unable to synchronously flush file (file write failed: time = Thu Nov  6 17:14:01 2025
, filename = 'observables_replica_191.h5', file descriptor = 4, errno = 122, error message = 'Disk quota exceeded', buf = 0x5652392660b0, total write size = 6043, bytes this sub-write = 6043, offset = 805305431)
DEBUG: Cleanup called - checking for fkt_tracker
DEBUG: No fkt_tracker found or it's None
2025-11-06 17:14:01 | INFO | Returned to original directory: /scratch/mh7373/cav-hoomd/new_final_offres
2025-11-06 17:14:01 | INFO | Cleanup completed
ERROR: Replica 191 failed (coupling: 4.200000e-02 a.u.)

==================================================
Execution Summary
==================================================
Coupling constant used: 4.200000e-02 a.u.
Total replicas: 1
Successful: 0
Failed: 1
Wall time: 18710.82 seconds

WARNING: 1 replicas failed - check individual logs for details
✗ FAILED: DEBUG task 191
