SLURM Job ID: 1642060
SLURM Array Task ID: 136
Using frequency: 2060 cm-1
Fixed coupling strength (lambda): 0.042 (dimensionless)
Frame will be automatically set to: 136
Advanced Cavity MD Experiment Runner
==================================================
SLURM array job detected: Task 136 (Job 1642060)

*** COUPLING CONSTANT: 4.200000e-02 a.u. ***

Simulation Configuration:
  Cavity coupling: Enabled
    Coupling strength: 4.200000e-02 a.u.
    Frequency: 2060.0 cm⁻¹
    Finite-q mode: False
    Cavity thermostat: langevin
  Molecular thermostat: bussi
  Temperature: 100.0 K
  Runtime: 3000.0 ps
  Device: CPU
  Random seed: 0
  Velocity restart: Enabled - thermalizing velocities
  Momentum zeroing: Disabled

Starting execution for 1 replica(s)...
==================================================

Running replica 136...
>>> Will use FRAME 136 from init-0.gsd for this replica <<<
Running experiment:
  Cavity coupling: Enabled
  *** COUPLING STRENGTH: 4.200000e-02 a.u. ***
  Switch time: 200.0 ps
  Decay: None (step function)
  Damping ratio (zeta): 0.0
  Calculated dissipation (c): 0.0000e+00 a.u.
  Molecular thermostat: bussi
  Cavity thermostat: langevin
  Finite-q mode: False
  Replica: 136
  Frame: 136
  Output directory: coupling_420000e-07_freq_2060.0cm1_switch_200.0ps
  *** READING FRAME 136 FROM /scratch/mh7373/cav-hoomd/new_final_offres/init-0.gsd ***
  ✓ Successfully initialized simulation from frame 136
  ✓ Input file: /scratch/mh7373/cav-hoomd/new_final_offres/init-0.gsd
  ✓ Replica 136 ready to run...
2025-11-06 12:01:28 | INFO | ============================================================
2025-11-06 12:01:28 | INFO | CAVITY MD SIMULATION STARTED
2025-11-06 12:01:28 | INFO | ============================================================
2025-11-06 12:01:28 | INFO | Simulation: prod-136
2025-11-06 12:01:28 | INFO | Device: CPU
2025-11-06 12:01:28 | INFO | Runtime: 3000.0 ps
2025-11-06 12:01:28 | INFO | Temperature: 100.0 K
2025-11-06 12:01:28 | INFO | Random seed: 0
2025-11-06 12:01:28 | INFO | Cavity coupling: Enabled
2025-11-06 12:01:28 | INFO |   Frequency: 2060.0 cm^-1
2025-11-06 12:01:28 | INFO |   Lambda coupling: 0.042
2025-11-06 12:01:28 | INFO |   Epsilon (lambda * omega_c): 3.942141e-04 a.u.
2025-11-06 12:01:28 | INFO |   Finite-q mode: False
2025-11-06 12:01:28 | INFO | Molecular thermostat: bussi (tau=1.0 ps)
2025-11-06 12:01:28 | INFO | Cavity thermostat: langevin (tau=1.0 ps)
2025-11-06 12:01:28 | INFO | ============================================================
2025-11-06 12:01:28 | INFO | === Phase 1: Setting up simulation ===
2025-11-06 12:01:28 | INFO | Using default timestep for calculations: 0.0001 ps
2025-11-06 12:01:28 | INFO | Time conversions:
2025-11-06 12:01:28 | INFO |   Timestep: 0.0001 ps = 4.134138 a.u.
2025-11-06 12:01:28 | INFO |   Runtime: 3000.0 ps = 30000000 steps
2025-11-06 12:01:28 | INFO |   Steps per ps: 10000.0
2025-11-06 12:01:28 | INFO | Output periods (steps):
2025-11-06 12:01:28 | INFO |   Energy: 100 (0.010 ps)
2025-11-06 12:01:28 | INFO |   F(k,t): 10000 (1.000 ps)
2025-11-06 12:01:28 | INFO |   GSD: 10000 (1.000 ps)
2025-11-06 12:01:28 | INFO |   Console: 10000 (1.000 ps)
2025-11-06 12:01:28 | INFO | Initializing simulation on CPU
2025-11-06 12:01:28 | INFO | Using user-specified seed: 0
2025-11-06 12:01:28 | INFO | Cavity particle already exists in GSD file (1 found)
2025-11-06 12:01:28 | INFO | Simulation state created from original GSD file with existing cavity particle
2025-11-06 12:01:28 | INFO | Cavity particle validated at index 500, position HOOMDArray([-1.62916827 -2.13723993  1.69529569])
2025-11-06 12:01:28 | INFO | === Phase 1.5: Setting up time tracker ===
2025-11-06 12:01:28 | INFO | === Phase 2: Configuring forces and thermostats ===
2025-11-06 12:01:28 | INFO | Using lambda_coupling=0.042 (will be scaled by omega_c=0.009386 a.u.)
2025-11-06 12:01:28 | INFO | Using constant coupling: lambda=0.042, epsilon=3.942141e-04 a.u.
CavityForce initialized using cpp implementation
  Using constant lambda coupling: 0.042 (dimensionless)
  Effective epsilon: 3.942141e-04 a.u.
2025-11-06 12:01:28 | INFO | Thermostat time constant conversions:
2025-11-06 12:01:28 | INFO |   Molecular: 1.000 ps = 41341.378917 a.u.
2025-11-06 12:01:28 | INFO |   Cavity: 1.000 ps = 41341.378917 a.u.
2025-11-06 12:01:28 | INFO | Running molecular system with Bussi thermostat (NVT ensemble)
2025-11-06 12:01:28 | INFO | Molecular Bussi thermostat configured: T = 100.0 K, kT = 0.000317 a.u., tau = 1.000 ps
2025-11-06 12:01:28 | INFO | Running cavity with Langevin thermostat
2025-11-06 12:01:28 | INFO | Cavity Langevin thermostat configured: T = 100.0 K, kT = 0.000317 a.u.
2025-11-06 12:01:28 | INFO |   base_gamma = 0.000024 a.u.^-1 (tau = 1.000 ps)
2025-11-06 12:01:28 | INFO |   effective_gamma = 0.000024 a.u.^-1 (damping_factor = 1.0x)
2025-11-06 12:01:28 | INFO | === Phase 3: Setting up integrator and thermalization ===
2025-11-06 12:01:28 | INFO | Integrator configured with initial dt = 4.134138 a.u. (0.000100 ps)
2025-11-06 12:01:28 | INFO | Number of integration methods: 2
2025-11-06 12:01:28 | INFO | CavityParticleDisplacer not needed (constant coupling or q=0 mode)
2025-11-06 12:01:28 | INFO | Using seed 1 for thermalization randomness
2025-11-06 12:01:28 | INFO | Thermalized molecular particles using HOOMD State object
2025-11-06 12:01:28 | INFO | Cavity particle manually thermalized:
2025-11-06 12:01:28 | INFO |   Target temperature: 100.0 K
2025-11-06 12:01:28 | INFO |   Initial velocity: [ 0.02890696 -0.01088686 -0.00939938]
2025-11-06 12:01:28 | INFO |   Expected KE: 0.000521 a.u.
2025-11-06 12:01:28 | INFO |   Expected temperature: 109.7 K
2025-11-06 12:01:28 | INFO |   Using array module: numpy
2025-11-06 12:01:28 | INFO | Checking molecular system temperature after thermalization:
2025-11-06 12:01:28 | INFO |   Number of molecular particles: 500
2025-11-06 12:01:28 | INFO |   Total kinetic energy: 0.228089 a.u.
2025-11-06 12:01:28 | INFO |   Current temperature: 96.0 K
2025-11-06 12:01:28 | INFO | Thermalization completed - velocities properly initialized
2025-11-06 12:01:28 | INFO | === Phase 4: Setting up trackers and loggers ===
2025-11-06 12:01:28 | INFO | Setting up adaptive timestep updater (error_tolerance = 2.0)
Dynamic coupling change detection enabled
Coupling change threshold: ±1.00e-05 a.u.
Shock dampening: error_tolerance drops to 2.00e-10 (factor: 1.00e-10)
Recovery: exponential ramp to 2.00e+00 with τ = 1000.0 ps
Conservative timestep parameters:
  Change threshold: 10.0%
  Max change factor: 1.5
  Min update interval: 1000 steps
  Switch detection tolerance: 0.001 ps
2025-11-06 12:01:28 | INFO | Adaptive timestep updater enabled (check every 1 steps)
CavityForceCompute initialized: omegac=0.00938605 a.u., lambda_coupling=0.042 (dimensionless, from variant), K=8.80979e-05 a.u.
CPU CavityForceCompute initialized successfully
notice(2): charge.pppm: RMS error: 2.31675e-08
NOTICE: Starting from inherited timestep 19350000
  Elapsed time will start from 0, not from inherited simulation time
DEBUG @ t=19350000: current_coupling=0.042, last=None
DEBUG: First coupling check - stored value: 0.042
2025-11-06 12:01:28 | INFO |   Added detailed BussiReservoir energy tracking for method 0
2025-11-06 12:01:28 | INFO |   Added energy tracking for cavityforce
2025-11-06 12:01:28 | INFO |   Added detailed cavity energy components
2025-11-06 12:01:28 | INFO |   Added energy tracking for harmonic
2025-11-06 12:01:28 | INFO |   Added energy tracking for lj
2025-11-06 12:01:28 | INFO |   Added energy tracking for ewald
2025-11-06 12:01:28 | INFO |   Added energy tracking for coulomb
2025-11-06 12:01:28 | INFO | Energy tracking setup completed: 0 methods, 5 forces
2025-11-06 12:01:28 | INFO | Setting up energy tracker with output file: prod-136_energy_tracker.txt
2025-11-06 12:01:28 | INFO | Energy tracker configuration:
2025-11-06 12:01:28 | INFO |   Using time-based output: 0.010 ps
2025-11-06 12:01:28 | INFO |   Max output time: 250.000 ps
2025-11-06 12:01:28 | INFO | Energy tracker configuration:
2025-11-06 12:01:28 | INFO |   Force objects: ['cavity', 'harmonic', 'lj', 'ewald_short', 'ewald_long']
2025-11-06 12:01:28 | INFO |   Thermostat objects: ['bussi_molecular', 'langevin_cavity']
2025-11-06 12:01:28 | INFO |   Using internal kinetic computation (no external tracker needed)
2025-11-06 12:01:28 | INFO |  Energy tracker setup completed with time-based output:
2025-11-06 12:01:28 | INFO |   Output period: 0.010 ps (accurate timing)
2025-11-06 12:01:28 | INFO |   Tracker handles timing internally using ElapsedTimeTracker
2025-11-06 12:01:28 | INFO |   Output limited to 250.000 ps
2025-11-06 12:01:28 | INFO | Setting up F(k,t) density correlation tracker
2025-11-06 12:01:28 | INFO |   k magnitude: 1.00
2025-11-06 12:01:28 | INFO |   Number of wavevectors: 50
2025-11-06 12:01:28 | INFO |   Reference interval: 200.000 ps
2025-11-06 12:01:28 | INFO |   Max references: 20
2025-11-06 12:01:28 | INFO |   Output period: 1.000 ps
2025-11-06 12:01:28 | INFO |   Using time-based reference intervals for adaptive timestep compatibility
2025-11-06 12:01:28 | INFO |   Reference interval: 200.000 ps
2025-11-06 12:01:28 | INFO |   Trigger period: 1 step
2025-11-06 12:01:28 | INFO |   Logarithmic time spacing: DISABLED (regular spacing)
FieldAutocorrelationTracker initialized for density_correlation
  k-magnitude: 1.0
  Wavevectors: 50
  Reference interval: 200.0 ps
  Max references: 20
2025-11-06 12:01:28 | INFO |  F(k,t) tracker successfully enabled with time-based output:
2025-11-06 12:01:28 | INFO |   Output period: 1.000 ps (accurate timing)
2025-11-06 12:01:28 | INFO |   Reference interval: 200.000 ps
2025-11-06 12:01:28 | INFO |   Tracker handles timing internally using ElapsedTimeTracker
2025-11-06 12:01:28 | INFO | Setting up dipole autocorrelation tracker...
2025-11-06 12:01:28 | INFO |   Reference interval: 200.000 ps
2025-11-06 12:01:28 | INFO |   Max references: 20
2025-11-06 12:01:28 | INFO |   Output period: 0.010 ps
2025-11-06 12:01:28 | INFO |   Using time-based reference intervals for adaptive timestep compatibility
2025-11-06 12:01:28 | INFO |   Reference interval: 200.000 ps
2025-11-06 12:01:28 | INFO |   Trigger period: 1 step
2025-11-06 12:01:28 | WARNING | Could not set up dipole autocorrelation tracker: Can't instantiate abstract class AutocorrelationTracker without an implementation for abstract method 'act'
2025-11-06 12:01:28 | INFO | Momentum zeroing disabled
2025-11-06 12:01:28 | INFO |  TRACKING AND LOGGING SETUP COMPLETED:
2025-11-06 12:01:28 | INFO |   All output systems now use precise time-based periods
2025-11-06 12:01:28 | INFO |  Comprehensive temperature tracker enabled
2025-11-06 12:01:28 | INFO |   Output file: temperature_tracker_replica_136.csv
2025-11-06 12:01:28 | INFO |   Output period: 0.1 ps
2025-11-06 12:01:28 | INFO |   Tracking: kinetic, harmonic fictive, LJ+Coul fictive, cavity bath, molecular bath
2025-11-06 12:01:28 | INFO |   Empirical data: None (LJ+Coul fictive temp will be 0)
2025-11-06 12:01:28 | INFO | 
============================================================
2025-11-06 12:01:28 | INFO | HDF5 OBSERVABLE OUTPUT CONFIGURATION
2025-11-06 12:01:28 | INFO | ============================================================
2025-11-06 12:01:28 | INFO | Output file: observables_replica_136.h5
2025-11-06 12:01:28 | INFO | Output period: 0.010 ps
2025-11-06 12:01:28 | INFO | SWMR mode: Enabled (concurrent read access)
2025-11-06 12:01:28 | INFO | ============================================================

✓ HDF5 file structure created: observables_replica_136.h5
ObservableWriter initialized:
  Output file: observables_replica_136.h5
  Output period: 0.01 ps
  Chunk size: 1000
  Compression: gzip
  SWMR mode: True
  Flush interval: 10
✓ Energy tracker registered (18 components)
2025-11-06 12:01:28 | INFO |   Registered energy tracker for HDF5 output
✓ Temperature tracker registered (6 components)
2025-11-06 12:01:28 | INFO |   Registered temperature tracker for HDF5 output
2025-11-06 12:01:28 | INFO | ✓ HDF5 observable output enabled

2025-11-06 12:01:28 | INFO | Advanced features enabled: detailed energy tracking (0.010 ps), F(k,t) density correlation (1.000 ps, k=1.0), dipole autocorrelation (0.010 ps), adaptive timestep control, comprehensive temperature tracker (0.1 ps), HDF5 observable output (0.010 ps)
2025-11-06 12:01:28 | INFO | Console output: 1.000 ps periods (time-based)
2025-11-06 12:01:28 | INFO |   Works accurately for both adaptive and fixed timestep modes
2025-11-06 12:01:28 | INFO | DEBUG: PID controller NOT enabled (enable_pid_controller=False)
2025-11-06 12:01:28 | INFO | === Phase 5: Setting up output writers ===
2025-11-06 12:01:28 | INFO | GSD output setup for adaptive timestep mode:
2025-11-06 12:01:28 | INFO |   GSD trigger: every 1000 steps (target: 1.000 ps)
2025-11-06 12:01:28 | INFO |   Note: GSD timing may vary slightly due to adaptive timestep changes
2025-11-06 12:01:28 | INFO | GSD writer added for file: prod-136.gsd
2025-11-06 12:01:28 | INFO |   GSD output period: 1.000 ps
2025-11-06 12:01:28 | INFO |   GSD truncate mode: False (append to existing file)
2025-11-06 12:01:28 | INFO |  Console output setup completed:
2025-11-06 12:01:28 | INFO |   Output period: 1.000 ps (accurate time-based)
2025-11-06 12:01:28 | INFO |   Lambda coupling column: 4.200000e-02 (dimensionless) (displayed in real-time)
2025-11-06 12:01:28 | INFO |   Console tracker handles timing internally using ElapsedTimeTracker
2025-11-06 12:01:28 | INFO |   Works accurately for both adaptive and fixed timestep modes
2025-11-06 12:01:28 | INFO |  FIXED: Console output now uses precise time-based logic
2025-11-06 12:01:28 | INFO |   Both console and energy tracker use accurate timing
2025-11-06 12:01:28 | INFO |   GSD output timing may vary slightly but is less critical
2025-11-06 12:01:28 | INFO | === Phase 6: Running simulation ===
2025-11-06 12:01:28 | INFO | Starting adaptive timestep simulation for 3000.0 ps
2025-11-06 12:01:28 | INFO | Using max steps: 999999999 (will exit when runtime reached)
2025-11-06 12:01:28 | INFO | Initial timestep: 42.755215 a.u. (1.034 fs)
2025-11-06 12:01:28 | INFO | Timestep will adapt dynamically (error_tolerance = 2.0)
Added F(k,t) reference 0 at t = 0.001 ps
[HDF5 Writer DEBUG] timestep=19350001, current_time_ps=0.001, last_output_time=None, write_count=0
[HDF5 Writer DEBUG] Writing data point 0 at time 0.001 ps
[HDF5 Writer DEBUG] timestep=19350002, current_time_ps=0.002, last_output_time=0.0010341990457807162, write_count=1
[HDF5 Writer DEBUG] Skipping output: not time yet (current=0.002, last=0.0010341990457807162, period=0.01)
[HDF5 Writer DEBUG] timestep=19350003, current_time_ps=0.003, last_output_time=0.0010341990457807162, write_count=1
[HDF5 Writer DEBUG] Skipping output: not time yet (current=0.003, last=0.0010341990457807162, period=0.01)
[HDF5 Writer DEBUG] timestep=19350004, current_time_ps=0.004, last_output_time=0.0010341990457807162, write_count=1
[HDF5 Writer DEBUG] Skipping output: not time yet (current=0.004, last=0.0010341990457807162, period=0.01)
[HDF5 Writer DEBUG] timestep=19350005, current_time_ps=0.005, last_output_time=0.0010341990457807162, write_count=1
[HDF5 Writer DEBUG] Skipping output: not time yet (current=0.005, last=0.0010341990457807162, period=0.01)
[HDF5 Writer DEBUG] timestep=19350006, current_time_ps=0.006, last_output_time=0.0010341990457807162, write_count=1
[HDF5 Writer DEBUG] Skipping output: not time yet (current=0.006, last=0.0010341990457807162, period=0.01)
[HDF5 Writer DEBUG] timestep=19350007, current_time_ps=0.007, last_output_time=0.0010341990457807162, write_count=1
[HDF5 Writer DEBUG] Skipping output: not time yet (current=0.007, last=0.0010341990457807162, period=0.01)
[HDF5 Writer DEBUG] timestep=19350008, current_time_ps=0.008, last_output_time=0.0010341990457807162, write_count=1
[HDF5 Writer DEBUG] Skipping output: not time yet (current=0.008, last=0.0010341990457807162, period=0.01)
[HDF5 Writer DEBUG] timestep=19350009, current_time_ps=0.009, last_output_time=0.0010341990457807162, write_count=1
[HDF5 Writer DEBUG] Skipping output: not time yet (current=0.009, last=0.0010341990457807162, period=0.01)
[HDF5 Writer DEBUG] timestep=19350010, current_time_ps=0.010, last_output_time=0.0010341990457807162, write_count=1
[HDF5 Writer DEBUG] Skipping output: not time yet (current=0.010, last=0.0010341990457807162, period=0.01)
[HDF5 Writer DEBUG] timestep=19350011, current_time_ps=0.011, last_output_time=0.0010341990457807162, write_count=1
[HDF5 Writer DEBUG] Writing data point 1 at time 0.011 ps
[HDF5 Writer DEBUG] timestep=19350012, current_time_ps=0.012, last_output_time=0.011376189503587876, write_count=2
[HDF5 Writer DEBUG] Skipping output: not time yet (current=0.012, last=0.011376189503587876, period=0.01)
[HDF5 Writer DEBUG] timestep=19350013, current_time_ps=0.013, last_output_time=0.011376189503587876, write_count=2
[HDF5 Writer DEBUG] Skipping output: not time yet (current=0.013, last=0.011376189503587876, period=0.01)
[HDF5 Writer DEBUG] timestep=19350014, current_time_ps=0.014, last_output_time=0.011376189503587876, write_count=2
[HDF5 Writer DEBUG] Skipping output: not time yet (current=0.014, last=0.011376189503587876, period=0.01)
[HDF5 Writer DEBUG] timestep=19350015, current_time_ps=0.016, last_output_time=0.011376189503587876, write_count=2
[HDF5 Writer DEBUG] Skipping output: not time yet (current=0.016, last=0.011376189503587876, period=0.01)
[HDF5 Writer DEBUG] timestep=19350016, current_time_ps=0.017, last_output_time=0.011376189503587876, write_count=2
[HDF5 Writer DEBUG] Skipping output: not time yet (current=0.017, last=0.011376189503587876, period=0.01)
[HDF5 Writer DEBUG] timestep=19350017, current_time_ps=0.018, last_output_time=0.011376189503587876, write_count=2
[HDF5 Writer DEBUG] Skipping output: not time yet (current=0.018, last=0.011376189503587876, period=0.01)
[HDF5 Writer DEBUG] timestep=19350018, current_time_ps=0.019, last_output_time=0.011376189503587876, write_count=2
[HDF5 Writer DEBUG] Skipping output: not time yet (current=0.019, last=0.011376189503587876, period=0.01)
[HDF5 Writer DEBUG] timestep=19350019, current_time_ps=0.020, last_output_time=0.011376189503587876, write_count=2
[HDF5 Writer DEBUG] Skipping output: not time yet (current=0.020, last=0.011376189503587876, period=0.01)
[HDF5 Writer DEBUG] timestep=19350020, current_time_ps=0.021, last_output_time=0.011376189503587876, write_count=2
[HDF5 Writer DEBUG] Skipping output: not time yet (current=0.021, last=0.011376189503587876, period=0.01)
[HDF5 Writer DEBUG] timestep=19350021, current_time_ps=0.022, last_output_time=0.011376189503587876, write_count=2
[HDF5 Writer DEBUG] Writing data point 2 at time 0.022 ps
✓ SWMR mode enabled - file can now be read concurrently
Simulation.timestep  Simulation.tps Time.elapsed_ps Performance.ns_per_day Performance.eta   Cavity.lambda Adaptive.error_tolerance
       19350967        64.20239         1.00007            5.60        12:51:08        4.20e-02        2.00e+00
       19352115        64.67067         2.00046            5.23        13:46:02        4.20e-02        2.00e+00
       19353230        64.88470         3.00047            5.17        13:54:49        4.20e-02        2.00e+00
       19354413        65.04128         4.00051            5.07        14:11:27        4.20e-02        2.00e+00
       19355581        65.10412         5.00088            5.02        14:19:19        4.20e-02        2.00e+00
       19356750        65.14455         6.00172            4.99        14:24:32        4.20e-02        2.00e+00
       19357942        65.27242         7.00239            4.96        14:29:23        4.20e-02        2.00e+00
       19359037        65.29500         8.00299            4.98        14:24:40        4.20e-02        2.00e+00
DEBUG @ t=19360000: current_coupling=0.042, last=0.042
       19360184        65.31744         9.00311            4.98        14:25:19        4.20e-02        2.00e+00
       19361429        65.31587        10.00317            4.93        14:33:32        4.20e-02        2.00e+00
       19362605        65.36287        11.00324            4.92        14:34:45        4.20e-02        2.00e+00
       19363793        65.41460        12.00338            4.91        14:36:21        4.20e-02        2.00e+00
       19364997        65.51065        13.00338            4.90        14:37:50        4.20e-02        2.00e+00
       19366202        65.57966        14.00343            4.89        14:39:19        4.20e-02        2.00e+00
       19367377        65.55443        15.00367            4.88        14:40:10        4.20e-02        2.00e+00
       19368471        65.52703        16.00377            4.90        14:37:07        4.20e-02        2.00e+00
       19369530        65.51790        17.00421            4.92        14:32:36        4.20e-02        2.00e+00
DEBUG @ t=19370000: current_coupling=0.042, last=0.042
       19370617        65.50126        18.00474            4.94        14:29:51        4.20e-02        2.00e+00
       19371728        65.50879        19.00492            4.95        14:28:03        4.20e-02        2.00e+00
       19372840        65.49268        20.00495            4.95        14:26:44        4.20e-02        2.00e+00
       19373957        65.47189        21.00546            4.95        14:25:45        4.20e-02        2.00e+00
       19375037        65.46866        22.00628            4.97        14:23:21        4.20e-02        2.00e+00
       19376187        65.49488        23.00713            4.97        14:23:03        4.20e-02        2.00e+00
       19377325        65.53691        24.00781            4.97        14:22:09        4.20e-02        2.00e+00
       19378497        65.55492        25.00811            4.97        14:22:36        4.20e-02        2.00e+00
       19379612        65.61674        26.00847            4.98        14:20:45        4.20e-02        2.00e+00
DEBUG @ t=19380000: current_coupling=0.042, last=0.042
       19380766        65.66982        27.00869            4.98        14:20:10        4.20e-02        2.00e+00
       19381942        65.72118        28.00938            4.98        14:20:09        4.20e-02        2.00e+00
       19382951        65.74407        29.01011            5.00        14:16:06        4.20e-02        2.00e+00
       19384145        65.81461        30.01055            4.99        14:16:19        4.20e-02        2.00e+00
       19385301        65.93521        31.01135            5.00        14:14:52        4.20e-02        2.00e+00
       19386366        66.01507        32.01223            5.02        14:11:47        4.20e-02        2.00e+00
       19387425        66.12626        33.01267            5.04        14:08:18        4.20e-02        2.00e+00
       19388567        66.23285        34.01317            5.04        14:06:48        4.20e-02        2.00e+00
       19389749        66.32990        35.01345            5.05        14:06:17        4.20e-02        2.00e+00
DEBUG @ t=19390000: current_coupling=0.042, last=0.042
       19390872        66.40921        36.01422            5.05        14:04:42        4.20e-02        2.00e+00
       19392046        66.47688        37.01473            5.05        14:04:19        4.20e-02        2.00e+00
       19393159        66.54473        38.01506            5.06        14:02:42        4.20e-02        2.00e+00
       19394318        66.59952        39.01506            5.06        14:02:10        4.20e-02        2.00e+00
       19395409        66.67571        40.01547            5.07        14:00:04        4.20e-02        2.00e+00
       19396508        66.73549        41.01602            5.08        13:58:22        4.20e-02        2.00e+00
       19397584        66.80440        42.01646            5.09        13:56:11        4.20e-02        2.00e+00
       19398690        66.87334        43.01714            5.10        13:54:34        4.20e-02        2.00e+00
       19399836        66.93793        44.01793            5.11        13:53:41        4.20e-02        2.00e+00
DEBUG @ t=19400000: current_coupling=0.042, last=0.042
[HDF5 Writer DEBUG] timestep=19400000, current_time_ps=44.160, last_output_time=44.15056243151523, write_count=4234
       19400978        67.01822        45.01843            5.11        13:52:33        4.20e-02        2.00e+00
       19402153        67.09047        46.01890            5.11        13:52:02        4.20e-02        2.00e+00
       19403243        67.14792        47.01968            5.12        13:50:20        4.20e-02        2.00e+00
       19404325        67.18757        48.02038            5.13        13:48:47        4.20e-02        2.00e+00
       19405403        67.22809        49.02100            5.14        13:47:11        4.20e-02        2.00e+00
       19406504        67.28500        50.02165            5.14        13:45:46        4.20e-02        2.00e+00
       19407605        67.34978        51.02173            5.15        13:44:17        4.20e-02        2.00e+00
       19408753        67.40625        52.02229            5.15        13:43:33        4.20e-02        2.00e+00
       19409843        67.43890        53.02272            5.16        13:42:19        4.20e-02        2.00e+00
DEBUG @ t=19410000: current_coupling=0.042, last=0.042
       19411008        67.48090        54.02306            5.16        13:42:01        4.20e-02        2.00e+00
       19412066        67.52147        55.02399            5.17        13:40:17        4.20e-02        2.00e+00
       19413136        67.55814        56.02459            5.18        13:38:47        4.20e-02        2.00e+00
       19414257        67.60046        57.02524            5.18        13:37:54        4.20e-02        2.00e+00
       19415426        67.64515        58.02607            5.18        13:37:36        4.20e-02        2.00e+00
       19416597        67.68602        59.02642            5.18        13:37:21        4.20e-02        2.00e+00
       19417746        67.72974        60.02645            5.18        13:36:47        4.20e-02        2.00e+00
       19418921        67.76138        61.02720            5.18        13:36:40        4.20e-02        2.00e+00
DEBUG @ t=19420000: current_coupling=0.042, last=0.042
       19420052        67.78895        62.02785            5.18        13:36:04        4.20e-02        2.00e+00
       19421216        67.81354        63.02798            5.18        13:35:53        4.20e-02        2.00e+00
       19422369        67.84356        64.02870            5.18        13:35:29        4.20e-02        2.00e+00
       19423493        67.88408        65.02901            5.19        13:34:38        4.20e-02        2.00e+00
       19424596        67.92878        66.02910            5.19        13:33:32        4.20e-02        2.00e+00
       19425738        67.96639        67.02912            5.20        13:32:56        4.20e-02        2.00e+00
       19426956        68.00507        68.02972            5.19        13:33:06        4.20e-02        2.00e+00
       19428168        68.04812        69.02987            5.19        13:33:09        4.20e-02        2.00e+00
       19429299        68.06979        70.03070            5.19        13:32:35        4.20e-02        2.00e+00
DEBUG @ t=19430000: current_coupling=0.042, last=0.042
       19430416        68.09291        71.03103            5.20        13:31:52        4.20e-02        2.00e+00
       19431601        68.11237        72.03103            5.19        13:31:53        4.20e-02        2.00e+00
       19432798        68.14160        73.03133            5.19        13:31:53        4.20e-02        2.00e+00
       19433859        68.15974        74.03165            5.20        13:30:41        4.20e-02        2.00e+00
       19435005        68.19863        75.03190            5.20        13:30:04        4.20e-02        2.00e+00
       19436167        68.22545        76.03199            5.20        13:29:44        4.20e-02        2.00e+00
       19437284        68.24268        77.03252            5.20        13:29:05        4.20e-02        2.00e+00
       19438347        68.25778        78.03330            5.21        13:27:59        4.20e-02        2.00e+00
       19439390        68.26905        79.03340            5.21        13:26:46        4.20e-02        2.00e+00
DEBUG @ t=19440000: current_coupling=0.042, last=0.042
       19440479        68.28004        80.03372            5.22        13:25:59        4.20e-02        2.00e+00
       19441523        68.29672        81.03432            5.22        13:24:44        4.20e-02        2.00e+00
       19442558        68.32595        82.03478            5.23        13:23:17        4.20e-02        2.00e+00
       19443714        68.35241        83.03530            5.23        13:22:56        4.20e-02        2.00e+00
       19444878        68.38422        84.03559            5.23        13:22:35        4.20e-02        2.00e+00
       19446075        68.40688        85.03634            5.23        13:22:36        4.20e-02        2.00e+00
       19447194        68.43006        86.03635            5.23        13:21:57        4.20e-02        2.00e+00
       19448286        68.44472        87.03643            5.24        13:21:12        4.20e-02        2.00e+00
       19449357        68.45438        88.03700            5.24        13:20:20        4.20e-02        2.00e+00
DEBUG @ t=19450000: current_coupling=0.042, last=0.042
       19450477        68.46300        89.03718            5.24        13:19:53        4.20e-02        2.00e+00
       19451577        68.47551        90.03789            5.24        13:19:14        4.20e-02        2.00e+00
       19452737        68.49182        91.03794            5.24        13:19:01        4.20e-02        2.00e+00
       19453896        68.51809        92.03835            5.24        13:18:40        4.20e-02        2.00e+00
       19454971        68.53701        93.03897            5.25        13:17:45        4.20e-02        2.00e+00
       19456195        68.55644        94.03909            5.24        13:17:58        4.20e-02        2.00e+00
       19457379        68.56974        95.03919            5.24        13:17:56        4.20e-02        2.00e+00
       19458510        68.57731        96.03950            5.24        13:17:35        4.20e-02        2.00e+00
       19459685        68.59511        97.04029            5.24        13:17:25        4.20e-02        2.00e+00
DEBUG @ t=19460000: current_coupling=0.042, last=0.042
       19460811        68.60393        98.04056            5.24        13:17:00        4.20e-02        2.00e+00
       19461945        68.61377        99.04127            5.24        13:16:38        4.20e-02        2.00e+00
       19462961        68.61898       100.04147            5.25        13:15:30        4.20e-02        2.00e+00
       19464246        68.63320       101.04205            5.24        13:16:08        4.20e-02        2.00e+00
       19465492        68.65035       102.04227            5.24        13:16:27        4.20e-02        2.00e+00
       19466721        68.66058       103.04242            5.24        13:16:43        4.20e-02        2.00e+00
       19467798        68.66466       104.04318            5.24        13:16:01        4.20e-02        2.00e+00
       19468885        68.67182       105.04367            5.24        13:15:21        4.20e-02        2.00e+00
DEBUG @ t=19470000: current_coupling=0.042, last=0.042
       19470067        68.68265       106.04411            5.24        13:15:17        4.20e-02        2.00e+00
       19471080        68.68565       107.04422            5.25        13:14:11        4.20e-02        2.00e+00
       19472286        68.69377       108.04456            5.24        13:14:18        4.20e-02        2.00e+00
       19473454        68.70131       109.04493            5.24        13:14:10        4.20e-02        2.00e+00
       19474630        68.72904       110.04506            5.24        13:13:51        4.20e-02        2.00e+00
       19475750        68.75214       111.04551            5.24        13:13:13        4.20e-02        2.00e+00
       19476906        68.76093       112.04628            5.24        13:12:59        4.20e-02        2.00e+00
       19478034        68.76863       113.04637            5.25        13:12:35        4.20e-02        2.00e+00
       19479106        68.77807       114.04642            5.25        13:11:50        4.20e-02        2.00e+00
DEBUG @ t=19480000: current_coupling=0.042, last=0.042
       19480334        68.80586       115.04682            5.25        13:11:49        4.20e-02        2.00e+00
       19481511        68.82212       116.04738            5.25        13:11:37        4.20e-02        2.00e+00
       19482738        68.83677       117.04750            5.24        13:11:44        4.20e-02        2.00e+00
       19483885        68.84428       118.04812            5.24        13:11:26        4.20e-02        2.00e+00
       19485090        68.85329       119.04816            5.24        13:11:29        4.20e-02        2.00e+00
       19486412        68.86042       120.04884            5.23        13:12:12        4.20e-02        2.00e+00
       19487604        68.88330       121.04927            5.23        13:11:59        4.20e-02        2.00e+00
       19488732        68.89993       122.04960            5.24        13:11:28        4.20e-02        2.00e+00
       19489801        68.90536       123.05017            5.24        13:10:44        4.20e-02        2.00e+00
DEBUG @ t=19490000: current_coupling=0.042, last=0.042
       19491068        68.92665       124.05096            5.24        13:10:57        4.20e-02        2.00e+00
       19492191        68.93029       125.05123            5.24        13:10:33        4.20e-02        2.00e+00
       19493335        68.93072       126.05145            5.24        13:10:18        4.20e-02        2.00e+00
       19494552        68.93610       127.05155            5.23        13:10:24        4.20e-02        2.00e+00
       19495756        68.94469       128.05227            5.23        13:10:23        4.20e-02        2.00e+00
       19496898        68.94914       129.05267            5.23        13:10:04        4.20e-02        2.00e+00
       19497925        68.95327       130.05294            5.24        13:09:09        4.20e-02        2.00e+00
       19499163        68.95772       131.05359            5.23        13:09:21        4.20e-02        2.00e+00
DEBUG @ t=19500000: current_coupling=0.042, last=0.042
[HDF5 Writer DEBUG] timestep=19500000, current_time_ps=131.842, last_output_time=131.83494889843243, write_count=12628
       19500250        68.96694       132.05434            5.24        13:08:42        4.20e-02        2.00e+00
       19501417        68.97035       133.05474            5.24        13:08:32        4.20e-02        2.00e+00
       19502558        68.97514       134.05535            5.24        13:08:13        4.20e-02        2.00e+00
       19503821        68.97864       135.05594            5.23        13:08:32        4.20e-02        2.00e+00
       19504875        68.98698       136.05619            5.24        13:07:44        4.20e-02        2.00e+00
       19505988        68.99843       137.05630            5.24        13:07:12        4.20e-02        2.00e+00
       19507015        69.01178       138.05668            5.24        13:06:12        4.20e-02        2.00e+00
       19508030        69.01603       139.05702            5.25        13:05:16        4.20e-02        2.00e+00
       19509162        69.01957       140.05716            5.25        13:04:56        4.20e-02        2.00e+00
DEBUG @ t=19510000: current_coupling=0.042, last=0.042
       19510309        69.02391       141.05787            5.25        13:04:39        4.20e-02        2.00e+00
       19511491        69.03030       142.05799            5.25        13:04:32        4.20e-02        2.00e+00
       19512685        69.03540       143.05852            5.24        13:04:28        4.20e-02        2.00e+00
       19513849        69.04529       144.05880            5.24        13:04:12        4.20e-02        2.00e+00
       19515032        69.04799       145.05943            5.24        13:04:07        4.20e-02        2.00e+00
       19516187        69.04991       146.06038            5.24        13:03:54        4.20e-02        2.00e+00
       19517240        69.05415       147.06080            5.25        13:03:10        4.20e-02        2.00e+00
       19518335        69.05730       148.06161            5.25        13:02:40        4.20e-02        2.00e+00
       19519478        69.06048       149.06166            5.25        13:02:22        4.20e-02        2.00e+00
DEBUG @ t=19520000: current_coupling=0.042, last=0.042
       19520533        69.06122       150.06242            5.25        13:01:43        4.20e-02        2.00e+00
       19521655        69.06452       151.06321            5.25        13:01:20        4.20e-02        2.00e+00
       19522770        69.07031       152.06394            5.25        13:00:53        4.20e-02        2.00e+00
       19523894        69.07697       153.06426            5.25        13:00:29        4.20e-02        2.00e+00
       19525009        69.07857       154.06453            5.25        13:00:06        4.20e-02        2.00e+00
       19526192        69.08054       155.06496            5.25        13:00:00        4.20e-02        2.00e+00
       19527286        69.08256       156.06561            5.25        12:59:31        4.20e-02        2.00e+00
       19528301        69.08759       157.06562            5.26        12:58:39        4.20e-02        2.00e+00
       19529355        69.09102       158.06575            5.26        12:57:59        4.20e-02        2.00e+00
DEBUG @ t=19530000: current_coupling=0.042, last=0.042
       19530386        69.09382       159.06583            5.26        12:57:14        4.20e-02        2.00e+00
       19531473        69.09711       160.06607            5.27        12:56:43        4.20e-02        2.00e+00
       19532599        69.10467       161.06631            5.27        12:56:20        4.20e-02        2.00e+00
       19533668        69.10775       162.06631            5.27        12:55:45        4.20e-02        2.00e+00
       19534690        69.11234       163.06643            5.27        12:54:57        4.20e-02        2.00e+00
       19535766        69.11946       164.06703            5.27        12:54:22        4.20e-02        2.00e+00
       19536877        69.12362       165.06745            5.27        12:53:57        4.20e-02        2.00e+00
       19537963        69.13207       166.06757            5.28        12:53:24        4.20e-02        2.00e+00
       19539007        69.14218       167.06800            5.28        12:52:39        4.20e-02        2.00e+00
DEBUG @ t=19540000: current_coupling=0.042, last=0.042
       19540058        69.14341       168.06835            5.28        12:52:02        4.20e-02        2.00e+00
       19541183        69.14534       169.06862            5.28        12:51:43        4.20e-02        2.00e+00
       19542230        69.14707       170.06898            5.28        12:51:05        4.20e-02        2.00e+00
       19543317        69.15110       171.06966            5.29        12:50:35        4.20e-02        2.00e+00
       19544401        69.15693       172.07030            5.29        12:50:04        4.20e-02        2.00e+00
       19545459        69.16287       173.07033            5.29        12:49:26        4.20e-02        2.00e+00
       19546621        69.16787       174.07040            5.29        12:49:14        4.20e-02        2.00e+00
       19547701        69.16896       175.07056            5.29        12:48:46        4.20e-02        2.00e+00
       19548736        69.16946       176.07073            5.29        12:48:07        4.20e-02        2.00e+00
       19549802        69.16787       177.07125            5.30        12:47:37        4.20e-02        2.00e+00
DEBUG @ t=19550000: current_coupling=0.042, last=0.042
       19550872        69.16088       178.07203            5.30        12:47:12        4.20e-02        2.00e+00
       19551837        69.15383       179.07293            5.30        12:46:23        4.20e-02        2.00e+00
       19552912        69.15055       180.07362            5.30        12:45:57        4.20e-02        2.00e+00
       19554086        69.14934       181.07458            5.30        12:45:52        4.20e-02        2.00e+00
       19555128        69.14674       182.07507            5.30        12:45:18        4.20e-02        2.00e+00
       19556216        69.14152       183.07549            5.30        12:44:56        4.20e-02        2.00e+00
       19557292        69.14168       184.07595            5.30        12:44:29        4.20e-02        2.00e+00
       19558343        69.14034       185.07613            5.31        12:43:57        4.20e-02        2.00e+00
       19559416        69.14343       186.07703            5.31        12:43:26        4.20e-02        2.00e+00
DEBUG @ t=19560000: current_coupling=0.042, last=0.042
       19560521        69.14513       187.07741            5.31        12:43:04        4.20e-02        2.00e+00
       19561631        69.15100       188.07761            5.31        12:42:41        4.20e-02        2.00e+00
       19562713        69.15290       189.07838            5.31        12:42:14        4.20e-02        2.00e+00
       19563756        69.15162       190.07878            5.31        12:41:41        4.20e-02        2.00e+00
       19564758        69.14967       191.07882            5.32        12:41:00        4.20e-02        2.00e+00
       19565790        69.14772       192.07904            5.32        12:40:25        4.20e-02        2.00e+00
       19566862        69.14668       193.07905            5.32        12:39:59        4.20e-02        2.00e+00
       19567951        69.14688       194.07984            5.32        12:39:35        4.20e-02        2.00e+00
       19569074        69.14696       195.08005            5.32        12:39:19        4.20e-02        2.00e+00
DEBUG @ t=19570000: current_coupling=0.042, last=0.042
       19570171        69.15037       196.08086            5.32        12:38:55        4.20e-02        2.00e+00
       19571191        69.14851       197.08137            5.32        12:38:18        4.20e-02        2.00e+00
       19572357        69.14622       198.08228            5.32        12:38:12        4.20e-02        2.00e+00
       19573455        69.14603       199.08260            5.32        12:37:51        4.20e-02        2.00e+00
SWITCH DETECTED at timestep 19574487: t = 200.000558 ps
  Forcing immediate timestep adjustment for shock dampening
Added F(k,t) reference 1 at t = 200.002 ps
       19574574        69.14945       200.08290            5.32        12:37:32        4.20e-02        2.00e+00
       19575624        69.15117       201.08297            5.32        12:37:00        4.20e-02        2.00e+00
       19576653        69.15320       202.08383            5.33        12:36:23        4.20e-02        2.00e+00
       19577805        69.15384       203.08428            5.33        12:36:13        4.20e-02        2.00e+00
       19578976        69.15547       204.08459            5.32        12:36:05        4.20e-02        2.00e+00
DEBUG @ t=19580000: current_coupling=0.042, last=0.042
       19580119        69.16110       205.08480            5.32        12:35:49        4.20e-02        2.00e+00
       19581189        69.16139       206.08509            5.33        12:35:22        4.20e-02        2.00e+00
       19582340        69.15958       207.08545            5.33        12:35:13        4.20e-02        2.00e+00
       19583562        69.15876       208.08605            5.32        12:35:17        4.20e-02        2.00e+00
       19584710        69.15621       209.08663            5.32        12:35:07        4.20e-02        2.00e+00
       19585805        69.15341       210.08667            5.32        12:34:47        4.20e-02        2.00e+00
       19586916        69.15711       211.08751            5.32        12:34:26        4.20e-02        2.00e+00
       19587993        69.15800       212.08782            5.32        12:34:00        4.20e-02        2.00e+00
       19589075        69.15949       213.08860            5.33        12:33:35        4.20e-02        2.00e+00
DEBUG @ t=19590000: current_coupling=0.042, last=0.042
       19590126        69.15901       214.08943            5.33        12:33:06        4.20e-02        2.00e+00
       19591139        69.15790       215.08991            5.33        12:32:30        4.20e-02        2.00e+00
       19592206        69.15869       216.09010            5.33        12:32:03        4.20e-02        2.00e+00
       19593365        69.16604       217.09070            5.33        12:31:49        4.20e-02        2.00e+00
       19594449        69.16934       218.09091            5.33        12:31:24        4.20e-02        2.00e+00
       19595549        69.17036       219.09131            5.33        12:31:03        4.20e-02        2.00e+00
       19596602        69.17003       220.09198            5.33        12:30:34        4.20e-02        2.00e+00
       19597689        69.17097       221.09268            5.33        12:30:11        4.20e-02        2.00e+00
       19598843        69.17077       222.09317            5.33        12:30:01        4.20e-02        2.00e+00
       19599933        69.17008       223.09355            5.33        12:29:40        4.20e-02        2.00e+00
DEBUG @ t=19600000: current_coupling=0.042, last=0.042
[HDF5 Writer DEBUG] timestep=19600000, current_time_ps=223.155, last_output_time=223.1536741287653, write_count=21394
       19601027        69.17137       224.09411            5.33        12:29:18        4.20e-02        2.00e+00
       19602155        69.17232       225.09430            5.33        12:29:03        4.20e-02        2.00e+00
       19603268        69.17271       226.09478            5.33        12:28:45        4.20e-02        2.00e+00
       19604407        69.17150       227.09535            5.33        12:28:32        4.20e-02        2.00e+00
       19605548        69.17125       228.09583            5.33        12:28:20        4.20e-02        2.00e+00
       19606690        69.16997       229.09655            5.33        12:28:08        4.20e-02        2.00e+00
       19607856        69.17198       230.09663            5.33        12:27:59        4.20e-02        2.00e+00
       19608925        69.17057       231.09698            5.33        12:27:34        4.20e-02        2.00e+00
DEBUG @ t=19610000: current_coupling=0.042, last=0.042
       19610034        69.17235       232.09714            5.33        12:27:15        4.20e-02        2.00e+00
       19611144        69.17707       233.09781            5.33        12:26:54        4.20e-02        2.00e+00
       19612215        69.17525       234.09872            5.34        12:26:30        4.20e-02        2.00e+00
       19613434        69.17172       235.09872            5.33        12:26:33        4.20e-02        2.00e+00
       19614653        69.16715       236.09892            5.33        12:26:36        4.20e-02        2.00e+00
       19615703        69.15979       237.09959            5.33        12:26:13        4.20e-02        2.00e+00
       19616762        69.15705       238.10045            5.33        12:25:48        4.20e-02        2.00e+00
       19617929        69.15468       239.10091            5.33        12:25:41        4.20e-02        2.00e+00
       19619057        69.15124       240.10143            5.33        12:25:28        4.20e-02        2.00e+00
DEBUG @ t=19620000: current_coupling=0.042, last=0.042
       19620167        69.14940       241.10215            5.33        12:25:11        4.20e-02        2.00e+00
       19621241        69.14902       242.10300            5.33        12:24:47        4.20e-02        2.00e+00
       19622370        69.15236       243.10331            5.33        12:24:30        4.20e-02        2.00e+00
       19623529        69.14913       244.10400            5.33        12:24:22        4.20e-02        2.00e+00
       19624679        69.14487       245.10452            5.33        12:24:13        4.20e-02        2.00e+00
       19625820        69.14089       246.10471            5.33        12:24:03        4.20e-02        2.00e+00
       19626973        69.13749       247.10506            5.33        12:23:54        4.20e-02        2.00e+00
       19628099        69.13505       248.10540            5.33        12:23:40        4.20e-02        2.00e+00
       19629233        69.13459       249.10540            5.33        12:23:26        4.20e-02        2.00e+00
DEBUG @ t=19630000: current_coupling=0.042, last=0.042
       19630330        69.13440       250.10543            5.33        12:23:06        4.20e-02        2.00e+00
       19631421        69.13762       251.10562            5.33        12:22:43        4.20e-02        2.00e+00
       19632591        69.14527       252.10618            5.33        12:22:30        4.20e-02        2.00e+00
       19633660        69.14328       253.10647            5.33        12:22:07        4.20e-02        2.00e+00
       19634789        69.14474       254.10696            5.33        12:21:51        4.20e-02        2.00e+00
       19635903        69.14770       255.10762            5.33        12:21:31        4.20e-02        2.00e+00
       19637042        69.14818       256.10778            5.33        12:21:18        4.20e-02        2.00e+00
       19638107        69.14864       257.10798            5.33        12:20:53        4.20e-02        2.00e+00
       19639203        69.14883       258.10818            5.33        12:20:32        4.20e-02        2.00e+00
DEBUG @ t=19640000: current_coupling=0.042, last=0.042
       19640430        69.15084       259.10820            5.33        12:20:31        4.20e-02        2.00e+00
       19641569        69.14986       260.10854            5.33        12:20:18        4.20e-02        2.00e+00
       19642640        69.14813       261.10866            5.33        12:19:56        4.20e-02        2.00e+00
       19643737        69.15064       262.10939            5.33        12:19:34        4.20e-02        2.00e+00
       19644882        69.15364       263.10969            5.33        12:19:19        4.20e-02        2.00e+00
       19646025        69.15364       264.10988            5.33        12:19:07        4.20e-02        2.00e+00
       19647224        69.15777       265.11037            5.33        12:18:59        4.20e-02        2.00e+00
       19648448        69.15999       266.11116            5.33        12:18:57        4.20e-02        2.00e+00
       19649507        69.15809       267.11143            5.33        12:18:32        4.20e-02        2.00e+00
DEBUG @ t=19650000: current_coupling=0.042, last=0.042
       19650616        69.16050       268.11162            5.33        12:18:13        4.20e-02        2.00e+00
       19651768        69.16277       269.11162            5.33        12:18:00        4.20e-02        2.00e+00
       19652890        69.16345       270.11190            5.33        12:17:43        4.20e-02        2.00e+00
       19654089        69.16204       271.11248            5.33        12:17:39        4.20e-02        2.00e+00
       19655243        69.16202       272.11320            5.33        12:17:27        4.20e-02        2.00e+00
       19656359        69.16219       273.11346            5.33        12:17:10        4.20e-02        2.00e+00
       19657479        69.16138       274.11421            5.33        12:16:54        4.20e-02        2.00e+00
       19658703        69.16298       275.11434            5.33        12:16:51        4.20e-02        2.00e+00
       19659809        69.16446       276.11512            5.33        12:16:32        4.20e-02        2.00e+00
DEBUG @ t=19660000: current_coupling=0.042, last=0.042
       19660973        69.16402       277.11535            5.32        12:16:22        4.20e-02        2.00e+00
       19662058        69.16233       278.11597            5.33        12:16:01        4.20e-02        2.00e+00
       19663117        69.16259       279.11677            5.33        12:15:36        4.20e-02        2.00e+00
       19664222        69.16164       280.11700            5.33        12:15:18        4.20e-02        2.00e+00
       19665305        69.16049       281.11749            5.33        12:14:57        4.20e-02        2.00e+00
       19666525        69.16017       282.11782            5.33        12:14:54        4.20e-02        2.00e+00
       19667742        69.16467       283.11793            5.32        12:14:48        4.20e-02        2.00e+00
       19668899        69.16395       284.11823            5.32        12:14:37        4.20e-02        2.00e+00
DEBUG @ t=19670000: current_coupling=0.042, last=0.042
       19670002        69.16285       285.11891            5.32        12:14:19        4.20e-02        2.00e+00
       19671041        69.16139       286.11962            5.33        12:13:52        4.20e-02        2.00e+00
       19672057        69.15835       287.12023            5.33        12:13:23        4.20e-02        2.00e+00
       19673063        69.15942       288.12043            5.33        12:12:51        4.20e-02        2.00e+00
       19674072        69.16064       289.12104            5.33        12:12:18        4.20e-02        2.00e+00
       19675094        69.16039       290.12117            5.33        12:11:49        4.20e-02        2.00e+00
       19676145        69.16047       291.12132            5.33        12:11:23        4.20e-02        2.00e+00
       19677192        69.15897       292.12141            5.33        12:10:58        4.20e-02        2.00e+00
       19678205        69.15875       293.12174            5.34        12:10:28        4.20e-02        2.00e+00
       19679308        69.15958       294.12239            5.34        12:10:09        4.20e-02        2.00e+00
DEBUG @ t=19680000: current_coupling=0.042, last=0.042
       19680533        69.16090       295.12288            5.33        12:10:05        4.20e-02        2.00e+00
       19681700        69.16508       296.12290            5.33        12:09:53        4.20e-02        2.00e+00
       19682817        69.16483       297.12379            5.33        12:09:36        4.20e-02        2.00e+00
       19683901        69.16334       298.12435            5.34        12:09:16        4.20e-02        2.00e+00
       19684991        69.16273       299.12489            5.34        12:08:56        4.20e-02        2.00e+00
       19685974        69.15964       300.12528            5.34        12:08:24        4.20e-02        2.00e+00
       19687004        69.15692       301.12586            5.34        12:07:58        4.20e-02        2.00e+00
       19688116        69.15412       302.12589            5.34        12:07:43        4.20e-02        2.00e+00
       19689256        69.15179       303.12594            5.34        12:07:31        4.20e-02        2.00e+00
DEBUG @ t=19690000: current_coupling=0.042, last=0.042
       19690297        69.14994       304.12599            5.34        12:07:05        4.20e-02        2.00e+00
       19691368        69.15030       305.12672            5.34        12:06:43        4.20e-02        2.00e+00
       19692330        69.14935       306.12683            5.34        12:06:07        4.20e-02        2.00e+00
       19693306        69.14959       307.12684            5.34        12:05:33        4.20e-02        2.00e+00
       19694359        69.15126       308.12725            5.35        12:05:07        4.20e-02        2.00e+00
       19695362        69.15569       309.12732            5.35        12:04:34        4.20e-02        2.00e+00
       19696530        69.15621       310.12790            5.35        12:04:24        4.20e-02        2.00e+00
       19697620        69.15650       311.12854            5.35        12:04:04        4.20e-02        2.00e+00
       19698692        69.15402       312.12912            5.35        12:03:44        4.20e-02        2.00e+00
       19699776        69.15222       313.12920            5.35        12:03:24        4.20e-02        2.00e+00
DEBUG @ t=19700000: current_coupling=0.042, last=0.042
[HDF5 Writer DEBUG] timestep=19700000, current_time_ps=313.340, last_output_time=313.3350143008809, write_count=30075
       19700821        69.15262       314.12996            5.35        12:02:59        4.20e-02        2.00e+00
       19701846        69.15379       315.13049            5.35        12:02:31        4.20e-02        2.00e+00
       19702884        69.15401       316.13094            5.35        12:02:05        4.20e-02        2.00e+00
       19703876        69.15328       317.13168            5.35        12:01:34        4.20e-02        2.00e+00
       19704945        69.15334       318.13243            5.35        12:01:12        4.20e-02        2.00e+00
       19706153        69.15606       319.13295            5.35        12:01:05        4.20e-02        2.00e+00
       19707242        69.15688       320.13356            5.35        12:00:45        4.20e-02        2.00e+00
       19708212        69.15651       321.13368            5.36        12:00:11        4.20e-02        2.00e+00
       19709313        69.16154       322.13449            5.36        11:59:50        4.20e-02        2.00e+00
DEBUG @ t=19710000: current_coupling=0.042, last=0.042
       19710470        69.16649       323.13494            5.36        11:59:36        4.20e-02        2.00e+00
       19711517        69.17036       324.13507            5.36        11:59:09        4.20e-02        2.00e+00
       19712650        69.17258       325.13594            5.36        11:58:54        4.20e-02        2.00e+00
       19713749        69.17826       326.13622            5.36        11:58:32        4.20e-02        2.00e+00
       19714909        69.18140       327.13674            5.36        11:58:19        4.20e-02        2.00e+00
       19716155        69.18558       328.13676            5.36        11:58:16        4.20e-02        2.00e+00
       19717411        69.19098       329.13735            5.35        11:58:13        4.20e-02        2.00e+00
       19718432        69.19249       330.13769            5.36        11:57:44        4.20e-02        2.00e+00
       19719535        69.19524       331.13771            5.36        11:57:25        4.20e-02        2.00e+00
DEBUG @ t=19720000: current_coupling=0.042, last=0.042
       19720584        69.19499       332.13777            5.36        11:57:01        4.20e-02        2.00e+00
       19721775        69.19434       333.13803            5.36        11:56:54        4.20e-02        2.00e+00
       19722866        69.19633       334.13865            5.36        11:56:34        4.20e-02        2.00e+00
       19723999        69.19996       335.13891            5.36        11:56:17        4.20e-02        2.00e+00
       19725006        69.20046       336.13946            5.36        11:55:48        4.20e-02        2.00e+00
       19726097        69.20220       337.13981            5.36        11:55:28        4.20e-02        2.00e+00
       19727294        69.20657       338.14046            5.36        11:55:19        4.20e-02        2.00e+00
       19728459        69.20989       339.14067            5.36        11:55:06        4.20e-02        2.00e+00
       19729619        69.21435       340.14155            5.36        11:54:52        4.20e-02        2.00e+00
DEBUG @ t=19730000: current_coupling=0.042, last=0.042
       19730718        69.21571       341.14198            5.36        11:54:33        4.20e-02        2.00e+00
       19731843        69.21459       342.14245            5.36        11:54:18        4.20e-02        2.00e+00
       19732917        69.21472       343.14324            5.36        11:53:57        4.20e-02        2.00e+00
       19733963        69.21342       344.14407            5.36        11:53:34        4.20e-02        2.00e+00
       19735057        69.21470       345.14412            5.36        11:53:15        4.20e-02        2.00e+00
       19736208        69.21460       346.14484            5.36        11:53:03        4.20e-02        2.00e+00
       19737417        69.21452       347.14487            5.36        11:52:57        4.20e-02        2.00e+00
       19738502        69.21438       348.14492            5.36        11:52:37        4.20e-02        2.00e+00
       19739613        69.21533       349.14545            5.36        11:52:20        4.20e-02        2.00e+00
DEBUG @ t=19740000: current_coupling=0.042, last=0.042
       19740749        69.21453       350.14641            5.36        11:52:06        4.20e-02        2.00e+00
       19741796        69.21532       351.14727            5.36        11:51:42        4.20e-02        2.00e+00
       19742854        69.21506       352.14742            5.36        11:51:20        4.20e-02        2.00e+00
       19743964        69.21588       353.14825            5.36        11:51:03        4.20e-02        2.00e+00
       19745086        69.21610       354.14876            5.36        11:50:47        4.20e-02        2.00e+00
       19746133        69.21726       355.14957            5.36        11:50:23        4.20e-02        2.00e+00
       19747179        69.21712       356.15030            5.36        11:49:59        4.20e-02        2.00e+00
       19748268        69.21682       357.15086            5.36        11:49:40        4.20e-02        2.00e+00
       19749387        69.21728       358.15162            5.36        11:49:24        4.20e-02        2.00e+00
DEBUG @ t=19750000: current_coupling=0.042, last=0.042
       19750491        69.21738       359.15206            5.36        11:49:07        4.20e-02        2.00e+00
       19751571        69.21591       360.15246            5.36        11:48:48        4.20e-02        2.00e+00
       19752674        69.21456       361.15249            5.36        11:48:31        4.20e-02        2.00e+00
       19753770        69.21333       362.15282            5.36        11:48:14        4.20e-02        2.00e+00
       19754876        69.21140       363.15311            5.36        11:47:58        4.20e-02        2.00e+00
       19755962        69.21059       364.15373            5.36        11:47:39        4.20e-02        2.00e+00
       19757041        69.20999       365.15403            5.36        11:47:20        4.20e-02        2.00e+00
       19758125        69.21255       366.15413            5.36        11:46:59        4.20e-02        2.00e+00
       19759183        69.21277       367.15496            5.37        11:46:36        4.20e-02        2.00e+00
DEBUG @ t=19760000: current_coupling=0.042, last=0.042
       19760307        69.21479       368.15505            5.37        11:46:20        4.20e-02        2.00e+00
       19761294        69.21436       369.15527            5.37        11:45:51        4.20e-02        2.00e+00
       19762323        69.21579       370.15556            5.37        11:45:25        4.20e-02        2.00e+00
       19763405        69.21883       371.15603            5.37        11:45:04        4.20e-02        2.00e+00
       19764551        69.21905       372.15653            5.37        11:44:51        4.20e-02        2.00e+00
       19765627        69.21975       373.15683            5.37        11:44:31        4.20e-02        2.00e+00
       19766690        69.21969       374.15683            5.37        11:44:09        4.20e-02        2.00e+00
       19767775        69.21772       375.15771            5.37        11:43:51        4.20e-02        2.00e+00
       19768886        69.21631       376.15836            5.37        11:43:36        4.20e-02        2.00e+00
DEBUG @ t=19770000: current_coupling=0.042, last=0.042
       19770021        69.21503       377.15906            5.37        11:43:23        4.20e-02        2.00e+00
       19771101        69.21659       378.15947            5.37        11:43:02        4.20e-02        2.00e+00
       19772166        69.21820       379.15979            5.37        11:42:40        4.20e-02        2.00e+00
       19773295        69.21756       380.15981            5.37        11:42:26        4.20e-02        2.00e+00
       19774454        69.22001       381.16034            5.37        11:42:13        4.20e-02        2.00e+00
       19775614        69.22646       382.16036            5.37        11:41:57        4.20e-02        2.00e+00
       19776798        69.23319       383.16061            5.37        11:41:44        4.20e-02        2.00e+00
       19777977        69.23485       384.16063            5.37        11:41:33        4.20e-02        2.00e+00
       19779098        69.23479       385.16109            5.37        11:41:18        4.20e-02        2.00e+00
DEBUG @ t=19780000: current_coupling=0.042, last=0.042
       19780166        69.23330       386.16120            5.37        11:40:58        4.20e-02        2.00e+00
       19781330        69.23328       387.16147            5.37        11:40:47        4.20e-02        2.00e+00
       19782361        69.23351       388.16183            5.37        11:40:23        4.20e-02        2.00e+00
       19783612        69.23734       389.16272            5.37        11:40:17        4.20e-02        2.00e+00
       19784673        69.23989       390.16288            5.37        11:39:55        4.20e-02        2.00e+00
       19785664        69.23957       391.16322            5.37        11:39:27        4.20e-02        2.00e+00
       19786714        69.23961       392.16371            5.37        11:39:05        4.20e-02        2.00e+00
       19787894        69.24032       393.16384            5.37        11:38:54        4.20e-02        2.00e+00
       19788978        69.23954       394.16429            5.37        11:38:36        4.20e-02        2.00e+00
DEBUG @ t=19790000: current_coupling=0.042, last=0.042
       19790086        69.24519       395.16455            5.37        11:38:16        4.20e-02        2.00e+00
       19791168        69.24611       396.16545            5.37        11:37:56        4.20e-02        2.00e+00
       19792318        69.24655       397.16617            5.37        11:37:43        4.20e-02        2.00e+00
       19793466        69.24808       398.16686            5.37        11:37:29        4.20e-02        2.00e+00
       19794429        69.25033       399.16778            5.37        11:36:57        4.20e-02        2.00e+00
Added F(k,t) reference 2 at t = 400.002 ps
       19795515        69.25097       400.16780            5.37        11:36:38        4.20e-02        2.00e+00
       19796719        69.25046       401.16793            5.37        11:36:31        4.20e-02        2.00e+00
       19797887        69.25087       402.16873            5.37        11:36:20        4.20e-02        2.00e+00
       19799023        69.25183       403.16942            5.37        11:36:05        4.20e-02        2.00e+00
DEBUG @ t=19800000: current_coupling=0.042, last=0.042
[HDF5 Writer DEBUG] timestep=19800000, current_time_ps=404.082, last_output_time=404.0743328270434, write_count=38768
       19800090        69.25119       404.16963            5.37        11:35:45        4.20e-02        2.00e+00
       19801159        69.25394       405.17030            5.37        11:35:23        4.20e-02        2.00e+00
       19802271        69.25392       406.17111            5.37        11:35:07        4.20e-02        2.00e+00
       19803354        69.25542       407.17179            5.37        11:34:47        4.20e-02        2.00e+00
       19804435        69.25485       408.17219            5.37        11:34:28        4.20e-02        2.00e+00
       19805527        69.26206       409.17222            5.37        11:34:06        4.20e-02        2.00e+00
       19806698        69.26491       410.17268            5.37        11:33:53        4.20e-02        2.00e+00
       19807879        69.26629       411.17290            5.37        11:33:42        4.20e-02        2.00e+00
       19809002        69.26591       412.17368            5.37        11:33:27        4.20e-02        2.00e+00
DEBUG @ t=19810000: current_coupling=0.042, last=0.042
       19810125        69.26686       413.17445            5.37        11:33:11        4.20e-02        2.00e+00
       19811348        69.26804       414.17448            5.37        11:33:04        4.20e-02        2.00e+00
       19812372        69.26682       415.17510            5.37        11:32:41        4.20e-02        2.00e+00
       19813544        69.26728       416.17566            5.37        11:32:30        4.20e-02        2.00e+00
       19814475        69.26641       417.17663            5.37        11:31:58        4.20e-02        2.00e+00
       19815624        69.26849       418.17665            5.37        11:31:44        4.20e-02        2.00e+00
       19816680        69.26946       419.17706            5.38        11:31:22        4.20e-02        2.00e+00
       19817728        69.27001       420.17727            5.38        11:30:59        4.20e-02        2.00e+00
       19818668        69.27009       421.17804            5.38        11:30:28        4.20e-02        2.00e+00
       19819681        69.26923       422.17812            5.38        11:30:04        4.20e-02        2.00e+00
DEBUG @ t=19820000: current_coupling=0.042, last=0.042
       19820812        69.27181       423.17911            5.38        11:29:48        4.20e-02        2.00e+00
       19821838        69.27270       424.17951            5.38        11:29:23        4.20e-02        2.00e+00
       19823003        69.27432       425.17998            5.38        11:29:11        4.20e-02        2.00e+00
       19824196        69.27418       426.18041            5.38        11:29:02        4.20e-02        2.00e+00
       19825497        69.27607       427.18084            5.38        11:29:01        4.20e-02        2.00e+00
       19826588        69.27680       428.18122            5.38        11:28:42        4.20e-02        2.00e+00
       19827700        69.27579       429.18179            5.38        11:28:27        4.20e-02        2.00e+00
       19828841        69.27523       430.18186            5.38        11:28:13        4.20e-02        2.00e+00
DEBUG @ t=19830000: current_coupling=0.042, last=0.042
       19830130        69.27478       431.18245            5.37        11:28:13        4.20e-02        2.00e+00
       19831320        69.27439       432.18287            5.37        11:28:03        4.20e-02        2.00e+00
       19832383        69.27422       433.18382            5.37        11:27:43        4.20e-02        2.00e+00
       19833497        69.27420       434.18423            5.37        11:27:27        4.20e-02        2.00e+00
       19834669        69.27468       435.18470            5.37        11:27:15        4.20e-02        2.00e+00
       19835756        69.27447       436.18498            5.37        11:26:57        4.20e-02        2.00e+00
       19836933        69.27517       437.18505            5.37        11:26:46        4.20e-02        2.00e+00
       19837986        69.27565       438.18512            5.37        11:26:25        4.20e-02        2.00e+00
       19839083        69.27509       439.18532            5.37        11:26:07        4.20e-02        2.00e+00
DEBUG @ t=19840000: current_coupling=0.042, last=0.042
       19840266        69.27501       440.18549            5.37        11:25:57        4.20e-02        2.00e+00
       19841404        69.27613       441.18613            5.37        11:25:42        4.20e-02        2.00e+00
       19842481        69.27590       442.18647            5.37        11:25:23        4.20e-02        2.00e+00
       19843654        69.27978       443.18710            5.37        11:25:10        4.20e-02        2.00e+00
       19844779        69.28284       444.18776            5.37        11:24:53        4.20e-02        2.00e+00
       19845941        69.28168       445.18785            5.37        11:24:41        4.20e-02        2.00e+00
       19847077        69.28090       446.18855            5.37        11:24:27        4.20e-02        2.00e+00
       19848179        69.28181       447.18913            5.37        11:24:10        4.20e-02        2.00e+00
       19849286        69.28798       448.18923            5.37        11:23:49        4.20e-02        2.00e+00
DEBUG @ t=19850000: current_coupling=0.042, last=0.042
       19850339        69.29528       449.18995            5.37        11:23:24        4.20e-02        2.00e+00
       19851527        69.29948       450.19053            5.37        11:23:11        4.20e-02        2.00e+00
       19852727        69.30642       451.19091            5.37        11:22:58        4.20e-02        2.00e+00
       19853813        69.30853       452.19115            5.37        11:22:39        4.20e-02        2.00e+00
       19854896        69.30744       453.19167            5.37        11:22:20        4.20e-02        2.00e+00
       19856076        69.30788       454.19199            5.37        11:22:09        4.20e-02        2.00e+00
       19857243        69.30748       455.19251            5.37        11:21:58        4.20e-02        2.00e+00
       19858390        69.30717       456.19257            5.37        11:21:45        4.20e-02        2.00e+00
       19859550        69.30838       457.19327            5.37        11:21:31        4.20e-02        2.00e+00
DEBUG @ t=19860000: current_coupling=0.042, last=0.042
       19860680        69.31003       458.19397            5.37        11:21:15        4.20e-02        2.00e+00
       19861765        69.31002       459.19435            5.37        11:20:57        4.20e-02        2.00e+00
       19862852        69.30999       460.19507            5.37        11:20:39        4.20e-02        2.00e+00
       19863876        69.30969       461.19580            5.37        11:20:15        4.20e-02        2.00e+00
       19864909        69.30992       462.19582            5.38        11:19:53        4.20e-02        2.00e+00
       19865960        69.30976       463.19620            5.38        11:19:32        4.20e-02        2.00e+00
       19866948        69.30917       464.19701            5.38        11:19:06        4.20e-02        2.00e+00
       19867952        69.30854       465.19752            5.38        11:18:42        4.20e-02        2.00e+00
       19869035        69.30796       466.19836            5.38        11:18:23        4.20e-02        2.00e+00
DEBUG @ t=19870000: current_coupling=0.042, last=0.042
       19870112        69.30732       467.19868            5.38        11:18:05        4.20e-02        2.00e+00
       19871210        69.30617       468.19872            5.38        11:17:48        4.20e-02        2.00e+00
       19872255        69.30518       469.19893            5.38        11:17:28        4.20e-02        2.00e+00
       19873360        69.30442       470.19932            5.38        11:17:11        4.20e-02        2.00e+00
       19874391        69.30328       471.20029            5.38        11:16:49        4.20e-02        2.00e+00
       19875450        69.30212       472.20113            5.38        11:16:30        4.20e-02        2.00e+00
       19876595        69.30304       473.20174            5.38        11:16:16        4.20e-02        2.00e+00
       19877751        69.30537       474.20212            5.38        11:16:01        4.20e-02        2.00e+00
       19878876        69.30588       475.20214            5.38        11:15:46        4.20e-02        2.00e+00
       19879933        69.30781       476.20263            5.38        11:15:24        4.20e-02        2.00e+00
DEBUG @ t=19880000: current_coupling=0.042, last=0.042
       19881015        69.30980       477.20327            5.38        11:15:05        4.20e-02        2.00e+00
       19882123        69.31163       478.20405            5.38        11:14:47        4.20e-02        2.00e+00
       19883327        69.31507       479.20411            5.38        11:14:36        4.20e-02        2.00e+00
       19884376        69.31742       480.20487            5.38        11:14:14        4.20e-02        2.00e+00
       19885422        69.31741       481.20546            5.38        11:13:53        4.20e-02        2.00e+00
       19886544        69.31662       482.20589            5.38        11:13:38        4.20e-02        2.00e+00
       19887579        69.31722       483.20629            5.38        11:13:15        4.20e-02        2.00e+00
       19888574        69.31708       484.20642            5.38        11:12:51        4.20e-02        2.00e+00
       19889645        69.31666       485.20673            5.38        11:12:32        4.20e-02        2.00e+00
DEBUG @ t=19890000: current_coupling=0.042, last=0.042
       19890874        69.31769       486.20718            5.38        11:12:24        4.20e-02        2.00e+00
       19892010        69.31765       487.20813            5.38        11:12:09        4.20e-02        2.00e+00
       19893072        69.31692       488.20850            5.38        11:11:50        4.20e-02        2.00e+00
       19894129        69.31713       489.20905            5.38        11:11:30        4.20e-02        2.00e+00
       19895204        69.32097       490.20992            5.38        11:11:08        4.20e-02        2.00e+00
       19896228        69.32098       491.21010            5.39        11:10:46        4.20e-02        2.00e+00
       19897330        69.32156       492.21018            5.39        11:10:29        4.20e-02        2.00e+00
       19898448        69.32569       493.21028            5.39        11:10:11        4.20e-02        2.00e+00
       19899553        69.32631       494.21081            5.39        11:09:54        4.20e-02        2.00e+00
DEBUG @ t=19900000: current_coupling=0.042, last=0.042
[HDF5 Writer DEBUG] timestep=19900000, current_time_ps=494.621, last_output_time=494.6194934657758, write_count=47416
       19900641        69.32461       495.21088            5.39        11:09:37        4.20e-02        2.00e+00
       19901727        69.32310       496.21171            5.39        11:09:20        4.20e-02        2.00e+00
       19902813        69.32461       497.21212            5.39        11:09:01        4.20e-02        2.00e+00
       19903924        69.32558       498.21281            5.39        11:08:44        4.20e-02        2.00e+00
       19905007        69.32668       499.21358            5.39        11:08:25        4.20e-02        2.00e+00
       19906052        69.32625       500.21388            5.39        11:08:05        4.20e-02        2.00e+00
       19907172        69.32626       501.21420            5.39        11:07:49        4.20e-02        2.00e+00
       19908304        69.32725       502.21480            5.39        11:07:34        4.20e-02        2.00e+00
       19909395        69.32668       503.21532            5.39        11:07:17        4.20e-02        2.00e+00
DEBUG @ t=19910000: current_coupling=0.042, last=0.042
       19910540        69.32565       504.21535            5.39        11:07:04        4.20e-02        2.00e+00
       19911692        69.32492       505.21538            5.39        11:06:51        4.20e-02        2.00e+00
       19912777        69.32449       506.21561            5.39        11:06:33        4.20e-02        2.00e+00
       19913813        69.32396       507.21587            5.39        11:06:12        4.20e-02        2.00e+00
       19914898        69.32213       508.21592            5.39        11:05:55        4.20e-02        2.00e+00
       19916027        69.32040       509.21652            5.39        11:05:41        4.20e-02        2.00e+00
       19917043        69.32091       510.21719            5.39        11:05:18        4.20e-02        2.00e+00
       19918133        69.32331       511.21749            5.39        11:04:59        4.20e-02        2.00e+00
       19919221        69.32167       512.21817            5.39        11:04:43        4.20e-02        2.00e+00
DEBUG @ t=19920000: current_coupling=0.042, last=0.042
       19920274        69.32074       513.21908            5.39        11:04:23        4.20e-02        2.00e+00
       19921303        69.31996       514.21978            5.39        11:04:02        4.20e-02        2.00e+00
       19922347        69.32025       515.21981            5.39        11:03:41        4.20e-02        2.00e+00
       19923380        69.31970       516.22043            5.39        11:03:20        4.20e-02        2.00e+00
       19924495        69.32306       517.22047            5.39        11:03:02        4.20e-02        2.00e+00
       19925569        69.32681       518.22060            5.39        11:02:41        4.20e-02        2.00e+00
       19926649        69.32733       519.22118            5.39        11:02:23        4.20e-02        2.00e+00
       19927675        69.32620       520.22165            5.39        11:02:01        4.20e-02        2.00e+00
       19928744        69.32472       521.22222            5.39        11:01:43        4.20e-02        2.00e+00
       19929810        69.32283       522.22246            5.39        11:01:25        4.20e-02        2.00e+00
DEBUG @ t=19930000: current_coupling=0.042, last=0.042
       19930976        69.32175       523.22252            5.39        11:01:14        4.20e-02        2.00e+00
       19932147        69.32129       524.22292            5.39        11:01:02        4.20e-02        2.00e+00
       19933413        69.32060       525.22346            5.39        11:00:57        4.20e-02        2.00e+00
       19934642        69.32199       526.22372            5.39        11:00:48        4.20e-02        2.00e+00
       19935769        69.32320       527.22459            5.39        11:00:32        4.20e-02        2.00e+00
       19936861        69.32299       528.22490            5.39        11:00:15        4.20e-02        2.00e+00
       19937859        69.32228       529.22577            5.39        10:59:52        4.20e-02        2.00e+00
       19938889        69.32137       530.22637            5.39        10:59:31        4.20e-02        2.00e+00
       19939968        69.32030       531.22661            5.39        10:59:13        4.20e-02        2.00e+00
DEBUG @ t=19940000: current_coupling=0.042, last=0.042
       19940955        69.31858       532.22722            5.39        10:58:50        4.20e-02        2.00e+00
       19942023        69.31704       533.22781            5.39        10:58:32        4.20e-02        2.00e+00
       19943205        69.31646       534.22841            5.39        10:58:21        4.20e-02        2.00e+00
       19944293        69.31671       535.22865            5.39        10:58:03        4.20e-02        2.00e+00
       19945324        69.31985       536.22865            5.39        10:57:40        4.20e-02        2.00e+00
       19946338        69.32142       537.22913            5.40        10:57:17        4.20e-02        2.00e+00
       19947416        69.31979       538.22935            5.40        10:57:00        4.20e-02        2.00e+00
       19948419        69.31908       539.22954            5.40        10:56:37        4.20e-02        2.00e+00
       19949465        69.31891       540.23010            5.40        10:56:17        4.20e-02        2.00e+00
DEBUG @ t=19950000: current_coupling=0.042, last=0.042
       19950548        69.31925       541.23087            5.40        10:55:59        4.20e-02        2.00e+00
       19951760        69.31998       542.23109            5.40        10:55:49        4.20e-02        2.00e+00
       19952926        69.32090       543.23197            5.40        10:55:36        4.20e-02        2.00e+00
       19953978        69.31976       544.23212            5.40        10:55:17        4.20e-02        2.00e+00
       19955065        69.32029       545.23233            5.40        10:54:59        4.20e-02        2.00e+00
       19956295        69.32142       546.23235            5.40        10:54:50        4.20e-02        2.00e+00
       19957594        69.32108       547.23239            5.39        10:54:47        4.20e-02        2.00e+00
       19958822        69.32678       548.23329            5.39        10:54:35        4.20e-02        2.00e+00
       19959873        69.32589       549.23381            5.39        10:54:16        4.20e-02        2.00e+00
DEBUG @ t=19960000: current_coupling=0.042, last=0.042
       19960912        69.32463       550.23419            5.39        10:53:56        4.20e-02        2.00e+00
       19961932        69.32314       551.23511            5.40        10:53:35        4.20e-02        2.00e+00
       19962943        69.32131       552.23587            5.40        10:53:13        4.20e-02        2.00e+00
       19963987        69.32043       553.23619            5.40        10:52:53        4.20e-02        2.00e+00
       19965073        69.32072       554.23678            5.40        10:52:36        4.20e-02        2.00e+00
       19966168        69.31938       555.23725            5.40        10:52:19        4.20e-02        2.00e+00
       19967241        69.32029       556.23789            5.40        10:52:01        4.20e-02        2.00e+00
       19968340        69.32118       557.23800            5.40        10:51:43        4.20e-02        2.00e+00
       19969392        69.32191       558.23820            5.40        10:51:23        4.20e-02        2.00e+00
DEBUG @ t=19970000: current_coupling=0.042, last=0.042
       19970578        69.32057       559.23832            5.40        10:51:13        4.20e-02        2.00e+00
       19971766        69.31917       560.23899            5.40        10:51:02        4.20e-02        2.00e+00
       19972899        69.31725       561.23902            5.40        10:50:49        4.20e-02        2.00e+00
       19973976        69.31547       562.23979            5.40        10:50:32        4.20e-02        2.00e+00
       19975072        69.31380       563.23980            5.40        10:50:16        4.20e-02        2.00e+00
       19976193        69.31238       564.24006            5.40        10:50:01        4.20e-02        2.00e+00
       19977284        69.31204       565.24087            5.40        10:49:44        4.20e-02        2.00e+00
       19978412        69.31119       566.24091            5.40        10:49:30        4.20e-02        2.00e+00
       19979545        69.31080       567.24104            5.40        10:49:16        4.20e-02        2.00e+00
DEBUG @ t=19980000: current_coupling=0.042, last=0.042
       19980619        69.31035       568.24154            5.40        10:48:58        4.20e-02        2.00e+00
       19981742        69.30933       569.24252            5.40        10:48:43        4.20e-02        2.00e+00
       19982761        69.30877       570.24323            5.40        10:48:21        4.20e-02        2.00e+00
       19983772        69.30748       571.24388            5.40        10:48:00        4.20e-02        2.00e+00
       19984716        69.30594       572.24449            5.40        10:47:35        4.20e-02        2.00e+00
       19985687        69.30481       573.24511            5.40        10:47:11        4.20e-02        2.00e+00
       19986824        69.30490       574.24575            5.40        10:46:57        4.20e-02        2.00e+00
       19987941        69.30445       575.24584            5.40        10:46:41        4.20e-02        2.00e+00
       19989005        69.30335       576.24630            5.40        10:46:23        4.20e-02        2.00e+00
DEBUG @ t=19990000: current_coupling=0.042, last=0.042
       19990017        69.30267       577.24709            5.40        10:46:02        4.20e-02        2.00e+00
       19991036        69.30187       578.24747            5.40        10:45:40        4.20e-02        2.00e+00
       19992102        69.30092       579.24816            5.40        10:45:22        4.20e-02        2.00e+00
       19993170        69.30107       580.24858            5.40        10:45:04        4.20e-02        2.00e+00
       19994239        69.30039       581.24942            5.40        10:44:46        4.20e-02        2.00e+00
       19995283        69.29994       582.25020            5.40        10:44:26        4.20e-02        2.00e+00
       19996290        69.29968       583.25020            5.40        10:44:04        4.20e-02        2.00e+00
       19997289        69.29843       584.25117            5.40        10:43:42        4.20e-02        2.00e+00
       19998289        69.29833       585.25202            5.40        10:43:20        4.20e-02        2.00e+00
       19999362        69.29988       586.25279            5.41        10:43:01        4.20e-02        2.00e+00
DEBUG @ t=20000000: current_coupling=0.042, last=0.042
[HDF5 Writer DEBUG] timestep=20000000, current_time_ps=586.826, last_output_time=586.8201744458518, write_count=56253
       20000479        69.29932       587.25325            5.41        10:42:46        4.20e-02        2.00e+00
       20001485        69.29974       588.25390            5.41        10:42:23        4.20e-02        2.00e+00
       20002539        69.29955       589.25409            5.41        10:42:04        4.20e-02        2.00e+00
       20003588        69.29922       590.25488            5.41        10:41:45        4.20e-02        2.00e+00
       20004606        69.29936       591.25495            5.41        10:41:24        4.20e-02        2.00e+00
       20005728        69.29878       592.25505            5.41        10:41:09        4.20e-02        2.00e+00
       20006938        69.30048       593.25514            5.41        10:40:58        4.20e-02        2.00e+00
       20008105        69.30942       594.25529            5.41        10:40:41        4.20e-02        2.00e+00
       20009236        69.31174       595.25557            5.41        10:40:25        4.20e-02        2.00e+00
DEBUG @ t=20010000: current_coupling=0.042, last=0.042
       20010179        69.31136       596.25658            5.41        10:39:59        4.20e-02        2.00e+00
       20011209        69.31115       597.25729            5.41        10:39:39        4.20e-02        2.00e+00
       20012314        69.31134       598.25784            5.41        10:39:23        4.20e-02        2.00e+00
       20013540        69.31256       599.25876            5.41        10:39:13        4.20e-02        2.00e+00
Added F(k,t) reference 3 at t = 600.002 ps
       20014573        69.31242       600.25886            5.41        10:38:53        4.20e-02        2.00e+00
       20015621        69.31165       601.25985            5.41        10:38:34        4.20e-02        2.00e+00
       20016633        69.31088       602.26053            5.41        10:38:13        4.20e-02        2.00e+00
       20017772        69.31404       603.26079            5.41        10:37:57        4.20e-02        2.00e+00
       20018791        69.31487       604.26163            5.41        10:37:35        4.20e-02        2.00e+00
       20019770        69.31544       605.26195            5.41        10:37:11        4.20e-02        2.00e+00
DEBUG @ t=20020000: current_coupling=0.042, last=0.042
       20020784        69.31509       606.26260            5.41        10:36:50        4.20e-02        2.00e+00
       20021872        69.31597       607.26313            5.41        10:36:33        4.20e-02        2.00e+00
       20022938        69.31665       608.26386            5.41        10:36:14        4.20e-02        2.00e+00
       20023903        69.31741       609.26404            5.41        10:35:50        4.20e-02        2.00e+00
       20024855        69.31722       610.26407            5.42        10:35:25        4.20e-02        2.00e+00
       20025828        69.31883       611.26467            5.42        10:35:01        4.20e-02        2.00e+00
       20026869        69.31871       612.26554            5.42        10:34:41        4.20e-02        2.00e+00
       20027876        69.31949       613.26651            5.42        10:34:19        4.20e-02        2.00e+00
       20028895        69.32086       614.26656            5.42        10:33:58        4.20e-02        2.00e+00
       20029955        69.32121       615.26748            5.42        10:33:39        4.20e-02        2.00e+00
DEBUG @ t=20030000: current_coupling=0.042, last=0.042
       20030982        69.32178       616.26780            5.42        10:33:18        4.20e-02        2.00e+00
       20032045        69.32284       617.26842            5.42        10:32:59        4.20e-02        2.00e+00
       20033120        69.32269       618.26923            5.42        10:32:42        4.20e-02        2.00e+00
       20034203        69.32226       619.26942            5.42        10:32:25        4.20e-02        2.00e+00
       20035249        69.32185       620.27011            5.42        10:32:06        4.20e-02        2.00e+00
       20036283        69.32155       621.27089            5.42        10:31:46        4.20e-02        2.00e+00
       20037286        69.32054       622.27179            5.42        10:31:25        4.20e-02        2.00e+00
       20038386        69.32002       623.27224            5.42        10:31:09        4.20e-02        2.00e+00
       20039376        69.31868       624.27248            5.42        10:30:48        4.20e-02        2.00e+00
DEBUG @ t=20040000: current_coupling=0.042, last=0.042
       20040369        69.31778       625.27325            5.42        10:30:26        4.20e-02        2.00e+00
       20041362        69.31745       626.27419            5.42        10:30:04        4.20e-02        2.00e+00
       20042557        69.31820       627.27475            5.42        10:29:53        4.20e-02        2.00e+00
       20043593        69.31746       628.27568            5.42        10:29:33        4.20e-02        2.00e+00
       20044659        69.31646       629.27599            5.43        10:29:16        4.20e-02        2.00e+00
       20045721        69.31601       630.27624            5.43        10:28:58        4.20e-02        2.00e+00
       20046739        69.31590       631.27651            5.43        10:28:37        4.20e-02        2.00e+00
       20047794        69.31633       632.27700            5.43        10:28:19        4.20e-02        2.00e+00
       20048782        69.31653       633.27749            5.43        10:27:56        4.20e-02        2.00e+00
       20049825        69.31717       634.27845            5.43        10:27:37        4.20e-02        2.00e+00
DEBUG @ t=20050000: current_coupling=0.042, last=0.042
       20050836        69.31663       635.27876            5.43        10:27:16        4.20e-02        2.00e+00
       20052002        69.31682       636.27938            5.43        10:27:03        4.20e-02        2.00e+00
       20053132        69.31604       637.27953            5.43        10:26:49        4.20e-02        2.00e+00
       20054255        69.31626       638.27988            5.43        10:26:34        4.20e-02        2.00e+00
       20055340        69.31693       639.27999            5.43        10:26:17        4.20e-02        2.00e+00
       20056288        69.31714       640.28005            5.43        10:25:53        4.20e-02        2.00e+00
       20057324        69.31678       641.28076            5.43        10:25:33        4.20e-02        2.00e+00
       20058278        69.31642       642.28084            5.43        10:25:10        4.20e-02        2.00e+00
       20059270        69.31622       643.28121            5.43        10:24:48        4.20e-02        2.00e+00
DEBUG @ t=20060000: current_coupling=0.042, last=0.042
       20060383        69.31642       644.28196            5.43        10:24:33        4.20e-02        2.00e+00
       20061397        69.31588       645.28227            5.43        10:24:12        4.20e-02        2.00e+00
       20062400        69.31572       646.28250            5.43        10:23:51        4.20e-02        2.00e+00
       20063475        69.31567       647.28334            5.43        10:23:34        4.20e-02        2.00e+00
       20064562        69.31559       648.28362            5.43        10:23:17        4.20e-02        2.00e+00
       20065617        69.31481       649.28451            5.43        10:22:59        4.20e-02        2.00e+00
       20066639        69.31493       650.28519            5.43        10:22:39        4.20e-02        2.00e+00
       20067595        69.31440       651.28606            5.44        10:22:16        4.20e-02        2.00e+00
       20068681        69.31428       652.28680            5.44        10:21:59        4.20e-02        2.00e+00
       20069649        69.31426       653.28709            5.44        10:21:36        4.20e-02        2.00e+00
DEBUG @ t=20070000: current_coupling=0.042, last=0.042
       20070744        69.31631       654.28795            5.44        10:21:19        4.20e-02        2.00e+00
       20071806        69.31693       655.28830            5.44        10:21:00        4.20e-02        2.00e+00
       20072833        69.31679       656.28908            5.44        10:20:41        4.20e-02        2.00e+00
       20073838        69.31693       657.28928            5.44        10:20:20        4.20e-02        2.00e+00
       20074862        69.31660       658.29012            5.44        10:20:00        4.20e-02        2.00e+00
       20075875        69.31613       659.29051            5.44        10:19:40        4.20e-02        2.00e+00
       20076917        69.31660       660.29102            5.44        10:19:21        4.20e-02        2.00e+00
       20078048        69.31651       661.29129            5.44        10:19:06        4.20e-02        2.00e+00
       20079088        69.31578       662.29195            5.44        10:18:48        4.20e-02        2.00e+00
DEBUG @ t=20080000: current_coupling=0.042, last=0.042
       20080139        69.31516       663.29280            5.44        10:18:30        4.20e-02        2.00e+00
       20081185        69.31520       664.29345            5.44        10:18:11        4.20e-02        2.00e+00
       20082242        69.31452       665.29434            5.44        10:17:53        4.20e-02        2.00e+00
       20083243        69.31454       666.29517            5.44        10:17:32        4.20e-02        2.00e+00
       20084310        69.31466       667.29575            5.44        10:17:14        4.20e-02        2.00e+00
       20085377        69.31483       668.29640            5.44        10:16:57        4.20e-02        2.00e+00
       20086428        69.31528       669.29723            5.44        10:16:38        4.20e-02        2.00e+00
       20087432        69.31991       670.29813            5.44        10:16:15        4.20e-02        2.00e+00
       20088454        69.32077       671.29868            5.44        10:15:54        4.20e-02        2.00e+00
       20089597        69.32065       672.29944            5.44        10:15:41        4.20e-02        2.00e+00
DEBUG @ t=20090000: current_coupling=0.042, last=0.042
       20090660        69.32017       673.29988            5.44        10:15:23        4.20e-02        2.00e+00
       20091746        69.31927       674.30074            5.44        10:15:07        4.20e-02        2.00e+00
       20092817        69.31990       675.30083            5.44        10:14:49        4.20e-02        2.00e+00
       20093901        69.32118       676.30140            5.44        10:14:32        4.20e-02        2.00e+00
       20094950        69.32046       677.30154            5.45        10:14:14        4.20e-02        2.00e+00
       20095971        69.31970       678.30193            5.45        10:13:55        4.20e-02        2.00e+00
       20097040        69.32011       679.30207            5.45        10:13:37        4.20e-02        2.00e+00
       20098067        69.32011       680.30233            5.45        10:13:18        4.20e-02        2.00e+00
       20099127        69.32118       681.30290            5.45        10:12:59        4.20e-02        2.00e+00
DEBUG @ t=20100000: current_coupling=0.042, last=0.042
[HDF5 Writer DEBUG] timestep=20100000, current_time_ps=682.117, last_output_time=682.1158760497336, write_count=65353
       20100193        69.32161       682.30303            5.45        10:12:41        4.20e-02        2.00e+00
       20101212        69.32130       683.30373            5.45        10:12:22        4.20e-02        2.00e+00
       20102307        69.32081       684.30439            5.45        10:12:06        4.20e-02        2.00e+00
       20103328        69.31928       685.30516            5.45        10:11:47        4.20e-02        2.00e+00
       20104328        69.31857       686.30551            5.45        10:11:27        4.20e-02        2.00e+00
       20105351        69.31726       687.30607            5.45        10:11:08        4.20e-02        2.00e+00
       20106355        69.31687       688.30639            5.45        10:10:47        4.20e-02        2.00e+00
       20107334        69.31617       689.30658            5.45        10:10:26        4.20e-02        2.00e+00
       20108366        69.31600       690.30751            5.45        10:10:07        4.20e-02        2.00e+00
       20109429        69.31602       691.30794            5.45        10:09:50        4.20e-02        2.00e+00
DEBUG @ t=20110000: current_coupling=0.042, last=0.042
       20110543        69.31653       692.30811            5.45        10:09:34        4.20e-02        2.00e+00
       20111694        69.32179       693.30846            5.45        10:09:18        4.20e-02        2.00e+00
       20112745        69.32203       694.30915            5.45        10:09:00        4.20e-02        2.00e+00
       20113801        69.32311       695.30944            5.45        10:08:41        4.20e-02        2.00e+00
       20114830        69.32447       696.30967            5.45        10:08:21        4.20e-02        2.00e+00
       20115864        69.32486       697.31036            5.45        10:08:02        4.20e-02        2.00e+00
       20116852        69.32529       698.31048            5.45        10:07:41        4.20e-02        2.00e+00
       20117892        69.32574       699.31067            5.45        10:07:22        4.20e-02        2.00e+00
       20118933        69.32895       700.31136            5.46        10:07:02        4.20e-02        2.00e+00
       20119962        69.32914       701.31164            5.46        10:06:42        4.20e-02        2.00e+00
DEBUG @ t=20120000: current_coupling=0.042, last=0.042
       20120981        69.33031       702.31174            5.46        10:06:22        4.20e-02        2.00e+00
       20121987        69.33279       703.31200            5.46        10:06:01        4.20e-02        2.00e+00
       20122991        69.33393       704.31229            5.46        10:05:40        4.20e-02        2.00e+00
       20124027        69.33493       705.31301            5.46        10:05:21        4.20e-02        2.00e+00
       20125086        69.33546       706.31382            5.46        10:05:03        4.20e-02        2.00e+00
       20126132        69.33692       707.31454            5.46        10:04:44        4.20e-02        2.00e+00
       20127185        69.33848       708.31536            5.46        10:04:25        4.20e-02        2.00e+00
       20128215        69.33813       709.31539            5.46        10:04:06        4.20e-02        2.00e+00
       20129272        69.33764       710.31573            5.46        10:03:49        4.20e-02        2.00e+00
DEBUG @ t=20130000: current_coupling=0.042, last=0.042
       20130365        69.33834       711.31609            5.46        10:03:32        4.20e-02        2.00e+00
       20131531        69.33920       712.31656            5.46        10:03:19        4.20e-02        2.00e+00
       20132583        69.34060       713.31661            5.46        10:03:01        4.20e-02        2.00e+00
       20133572        69.34095       714.31686            5.46        10:02:39        4.20e-02        2.00e+00
       20134594        69.34069       715.31742            5.46        10:02:20        4.20e-02        2.00e+00
       20135687        69.34064       716.31755            5.46        10:02:04        4.20e-02        2.00e+00
       20136795        69.34035       717.31807            5.46        10:01:49        4.20e-02        2.00e+00
       20137882        69.34031       718.31894            5.46        10:01:33        4.20e-02        2.00e+00
       20138942        69.34220       719.31947            5.46        10:01:14        4.20e-02        2.00e+00
DEBUG @ t=20140000: current_coupling=0.042, last=0.042
       20140010        69.34301       720.31987            5.46        10:00:57        4.20e-02        2.00e+00
       20141001        69.34245       721.32092            5.46        10:00:36        4.20e-02        2.00e+00
       20141945        69.34242       722.32173            5.46        10:00:14        4.20e-02        2.00e+00
       20142967        69.34387       723.32238            5.46        09:59:54        4.20e-02        2.00e+00
       20144034        69.34596       724.32317            5.47        09:59:35        4.20e-02        2.00e+00
       20145009        69.34606       725.32342            5.47        09:59:14        4.20e-02        2.00e+00
       20145976        69.34720       726.32432            5.47        09:58:52        4.20e-02        2.00e+00
       20147030        69.34884       727.32446            5.47        09:58:33        4.20e-02        2.00e+00
       20148178        69.34999       728.32472            5.47        09:58:19        4.20e-02        2.00e+00
       20149318        69.35134       729.32483            5.47        09:58:04        4.20e-02        2.00e+00
DEBUG @ t=20150000: current_coupling=0.042, last=0.042
       20150396        69.35371       730.32521            5.47        09:57:47        4.20e-02        2.00e+00
       20151377        69.35450       731.32571            5.47        09:57:25        4.20e-02        2.00e+00
       20152392        69.35503       732.32663            5.47        09:57:05        4.20e-02        2.00e+00
       20153482        69.35597       733.32752            5.47        09:56:49        4.20e-02        2.00e+00
       20154563        69.35632       734.32805            5.47        09:56:32        4.20e-02        2.00e+00
       20155634        69.35686       735.32877            5.47        09:56:15        4.20e-02        2.00e+00
       20156725        69.35811       736.32907            5.47        09:55:58        4.20e-02        2.00e+00
       20157765        69.35853       737.32935            5.47        09:55:40        4.20e-02        2.00e+00
       20158870        69.35865       738.32981            5.47        09:55:24        4.20e-02        2.00e+00
       20159996        69.35910       739.32989            5.47        09:55:10        4.20e-02        2.00e+00
DEBUG @ t=20160000: current_coupling=0.042, last=0.042
       20161012        69.35956       740.33068            5.47        09:54:50        4.20e-02        2.00e+00
       20162069        69.36091       741.33147            5.47        09:54:32        4.20e-02        2.00e+00
       20163310        69.36187       742.33222            5.47        09:54:22        4.20e-02        2.00e+00
       20164393        69.36250       743.33261            5.47        09:54:05        4.20e-02        2.00e+00
       20165499        69.36441       744.33294            5.47        09:53:49        4.20e-02        2.00e+00
       20166576        69.36628       745.33363            5.47        09:53:31        4.20e-02        2.00e+00
       20167604        69.36584       746.33451            5.47        09:53:13        4.20e-02        2.00e+00
       20168553        69.36558       747.33542            5.47        09:52:51        4.20e-02        2.00e+00
       20169600        69.36553       748.33609            5.47        09:52:33        4.20e-02        2.00e+00
DEBUG @ t=20170000: current_coupling=0.042, last=0.042
       20170595        69.36476       749.33637            5.47        09:52:13        4.20e-02        2.00e+00
       20171740        69.36467       750.33682            5.47        09:51:59        4.20e-02        2.00e+00
       20172883        69.36426       751.33725            5.47        09:51:46        4.20e-02        2.00e+00
       20173850        69.36402       752.33754            5.47        09:51:25        4.20e-02        2.00e+00
       20174847        69.36433       753.33758            5.47        09:51:04        4.20e-02        2.00e+00
       20175826        69.36389       754.33869            5.47        09:50:44        4.20e-02        2.00e+00
       20176731        69.36326       755.33878            5.48        09:50:20        4.20e-02        2.00e+00
       20177696        69.36354       756.33922            5.48        09:49:59        4.20e-02        2.00e+00
       20178748        69.36393       757.33987            5.48        09:49:41        4.20e-02        2.00e+00
       20179737        69.36394       758.34085            5.48        09:49:21        4.20e-02        2.00e+00
DEBUG @ t=20180000: current_coupling=0.042, last=0.042
       20180675        69.36323       759.34146            5.48        09:48:58        4.20e-02        2.00e+00
       20181648        69.36314       760.34175            5.48        09:48:38        4.20e-02        2.00e+00
       20182648        69.36393       761.34240            5.48        09:48:17        4.20e-02        2.00e+00
       20183621        69.36449       762.34292            5.48        09:47:56        4.20e-02        2.00e+00
       20184669        69.36538       763.34335            5.48        09:47:38        4.20e-02        2.00e+00
       20185703        69.36532       764.34399            5.48        09:47:20        4.20e-02        2.00e+00
       20186823        69.36653       765.34428            5.48        09:47:04        4.20e-02        2.00e+00
       20187885        69.36696       766.34511            5.48        09:46:47        4.20e-02        2.00e+00
       20188939        69.36870       767.34585            5.48        09:46:29        4.20e-02        2.00e+00
DEBUG @ t=20190000: current_coupling=0.042, last=0.042
       20190026        69.36871       768.34654            5.48        09:46:13        4.20e-02        2.00e+00
       20191071        69.36821       769.34737            5.48        09:45:55        4.20e-02        2.00e+00
       20192121        69.36773       770.34772            5.48        09:45:38        4.20e-02        2.00e+00
       20193174        69.36816       771.34784            5.48        09:45:20        4.20e-02        2.00e+00
       20194214        69.36781       772.34816            5.48        09:45:02        4.20e-02        2.00e+00
       20195213        69.36748       773.34914            5.48        09:44:43        4.20e-02        2.00e+00
       20196287        69.36733       774.34972            5.48        09:44:26        4.20e-02        2.00e+00
       20197309        69.36749       775.35020            5.48        09:44:07        4.20e-02        2.00e+00
       20198379        69.36808       776.35086            5.48        09:43:50        4.20e-02        2.00e+00
       20199393        69.36830       777.35114            5.48        09:43:31        4.20e-02        2.00e+00
DEBUG @ t=20200000: current_coupling=0.042, last=0.042
[HDF5 Writer DEBUG] timestep=20200000, current_time_ps=777.940, last_output_time=777.9350790616511, write_count=74478
       20200426        69.36932       778.35123            5.49        09:43:13        4.20e-02        2.00e+00
       20201475        69.37002       779.35128            5.49        09:42:55        4.20e-02        2.00e+00
       20202491        69.36991       780.35131            5.49        09:42:36        4.20e-02        2.00e+00
       20203496        69.37037       781.35146            5.49        09:42:16        4.20e-02        2.00e+00
       20204561        69.37237       782.35161            5.49        09:41:58        4.20e-02        2.00e+00
       20205630        69.37262       783.35199            5.49        09:41:42        4.20e-02        2.00e+00
       20206649        69.37342       784.35236            5.49        09:41:22        4.20e-02        2.00e+00
       20207591        69.37401       785.35238            5.49        09:41:00        4.20e-02        2.00e+00
       20208643        69.37497       786.35266            5.49        09:40:42        4.20e-02        2.00e+00
       20209753        69.37520       787.35292            5.49        09:40:27        4.20e-02        2.00e+00
DEBUG @ t=20210000: current_coupling=0.042, last=0.042
       20210788        69.37492       788.35372            5.49        09:40:09        4.20e-02        2.00e+00
       20211823        69.37463       789.35441            5.49        09:39:51        4.20e-02        2.00e+00
       20212852        69.37431       790.35469            5.49        09:39:33        4.20e-02        2.00e+00
       20213847        69.37459       791.35482            5.49        09:39:13        4.20e-02        2.00e+00
       20214893        69.37454       792.35532            5.49        09:38:56        4.20e-02        2.00e+00
       20215958        69.37432       793.35555            5.49        09:38:39        4.20e-02        2.00e+00
       20216954        69.37400       794.35661            5.49        09:38:20        4.20e-02        2.00e+00
       20217941        69.37378       795.35709            5.49        09:38:00        4.20e-02        2.00e+00
       20218942        69.37370       796.35725            5.49        09:37:41        4.20e-02        2.00e+00
       20219934        69.37394       797.35734            5.49        09:37:21        4.20e-02        2.00e+00
DEBUG @ t=20220000: current_coupling=0.042, last=0.042
       20220923        69.37569       798.35816            5.49        09:37:00        4.20e-02        2.00e+00
       20221907        69.37684       799.35860            5.50        09:36:39        4.20e-02        2.00e+00
Added F(k,t) reference 4 at t = 800.002 ps
       20222981        69.37763       800.35950            5.50        09:36:23        4.20e-02        2.00e+00
       20224049        69.37793       801.36020            5.50        09:36:06        4.20e-02        2.00e+00
       20225068        69.37812       802.36085            5.50        09:35:47        4.20e-02        2.00e+00
       20226043        69.37760       803.36156            5.50        09:35:27        4.20e-02        2.00e+00
       20227057        69.37720       804.36199            5.50        09:35:09        4.20e-02        2.00e+00
       20228136        69.37725       805.36222            5.50        09:34:52        4.20e-02        2.00e+00
       20229157        69.37749       806.36303            5.50        09:34:34        4.20e-02        2.00e+00
DEBUG @ t=20230000: current_coupling=0.042, last=0.042
       20230267        69.37815       807.36323            5.50        09:34:18        4.20e-02        2.00e+00
       20231333        69.37890       808.36327            5.50        09:34:01        4.20e-02        2.00e+00
       20232314        69.37986       809.36398            5.50        09:33:41        4.20e-02        2.00e+00
       20233306        69.38034       810.36474            5.50        09:33:21        4.20e-02        2.00e+00
       20234393        69.38049       811.36477            5.50        09:33:05        4.20e-02        2.00e+00
       20235504        69.38164       812.36564            5.50        09:32:50        4.20e-02        2.00e+00
       20236574        69.38314       813.36609            5.50        09:32:32        4.20e-02        2.00e+00
       20237650        69.38395       814.36706            5.50        09:32:16        4.20e-02        2.00e+00
       20238654        69.38498       815.36709            5.50        09:31:56        4.20e-02        2.00e+00
       20239769        69.38590       816.36790            5.50        09:31:41        4.20e-02        2.00e+00
DEBUG @ t=20240000: current_coupling=0.042, last=0.042
       20240920        69.38666       817.36836            5.50        09:31:27        4.20e-02        2.00e+00
       20242029        69.38647       818.36865            5.50        09:31:12        4.20e-02        2.00e+00
       20243086        69.38639       819.36870            5.50        09:30:55        4.20e-02        2.00e+00
       20244262        69.38613       820.36949            5.50        09:30:43        4.20e-02        2.00e+00
       20245489        69.38585       821.36976            5.50        09:30:33        4.20e-02        2.00e+00
       20246664        69.38541       822.37003            5.50        09:30:20        4.20e-02        2.00e+00
       20247765        69.38566       823.37040            5.50        09:30:05        4.20e-02        2.00e+00
       20248828        69.38833       824.37055            5.50        09:29:47        4.20e-02        2.00e+00
DEBUG @ t=20250000: current_coupling=0.042, last=0.042
       20250094        69.39117       825.37069            5.50        09:29:36        4.20e-02        2.00e+00
       20251144        69.39171       826.37113            5.50        09:29:19        4.20e-02        2.00e+00
       20252223        69.39174       827.37120            5.50        09:29:03        4.20e-02        2.00e+00
       20253464        69.39454       828.37144            5.50        09:28:51        4.20e-02        2.00e+00
       20254584        69.39584       829.37235            5.50        09:28:36        4.20e-02        2.00e+00
       20255594        69.39563       830.37236            5.50        09:28:17        4.20e-02        2.00e+00
       20256673        69.39586       831.37303            5.50        09:28:01        4.20e-02        2.00e+00
       20257689        69.39585       832.37392            5.50        09:27:42        4.20e-02        2.00e+00
       20258729        69.39565       833.37470            5.50        09:27:25        4.20e-02        2.00e+00
       20259736        69.39574       834.37526            5.50        09:27:06        4.20e-02        2.00e+00
DEBUG @ t=20260000: current_coupling=0.042, last=0.042
       20260793        69.39553       835.37551            5.50        09:26:49        4.20e-02        2.00e+00
       20261881        69.39561       836.37596            5.50        09:26:33        4.20e-02        2.00e+00
       20263000        69.39695       837.37690            5.50        09:26:18        4.20e-02        2.00e+00
       20264110        69.39816       838.37709            5.50        09:26:02        4.20e-02        2.00e+00
       20265288        69.39872       839.37775            5.50        09:25:50        4.20e-02        2.00e+00
       20266318        69.39872       840.37862            5.50        09:25:32        4.20e-02        2.00e+00
       20267546        69.39877       841.37876            5.50        09:25:21        4.20e-02        2.00e+00
       20268667        69.39906       842.37895            5.50        09:25:06        4.20e-02        2.00e+00
       20269776        69.39954       843.37973            5.50        09:24:51        4.20e-02        2.00e+00
DEBUG @ t=20270000: current_coupling=0.042, last=0.042
       20270897        69.40023       844.38017            5.50        09:24:36        4.20e-02        2.00e+00
       20272011        69.40061       845.38055            5.50        09:24:21        4.20e-02        2.00e+00
       20273173        69.40072       846.38091            5.50        09:24:08        4.20e-02        2.00e+00
       20274257        69.40059       847.38149            5.50        09:23:52        4.20e-02        2.00e+00
       20275415        69.40146       848.38203            5.50        09:23:38        4.20e-02        2.00e+00
       20276472        69.40141       849.38221            5.50        09:23:21        4.20e-02        2.00e+00
       20277678        69.40257       850.38242            5.50        09:23:09        4.20e-02        2.00e+00
       20278824        69.40218       851.38291            5.50        09:22:55        4.20e-02        2.00e+00
       20279941        69.40262       852.38301            5.50        09:22:40        4.20e-02        2.00e+00
DEBUG @ t=20280000: current_coupling=0.042, last=0.042
       20281075        69.40305       853.38332            5.50        09:22:26        4.20e-02        2.00e+00
       20282197        69.40440       854.38355            5.50        09:22:11        4.20e-02        2.00e+00
       20283297        69.40516       855.38366            5.50        09:21:55        4.20e-02        2.00e+00
       20284450        69.40574       856.38434            5.50        09:21:41        4.20e-02        2.00e+00
       20285600        69.40593       857.38456            5.50        09:21:27        4.20e-02        2.00e+00
       20286652        69.40612       858.38490            5.50        09:21:10        4.20e-02        2.00e+00
       20287683        69.40757       859.38577            5.50        09:20:52        4.20e-02        2.00e+00
       20288784        69.40539       860.38598            5.50        09:20:37        4.20e-02        2.00e+00
       20289849        69.40615       861.38675            5.50        09:20:20        4.20e-02        2.00e+00
DEBUG @ t=20290000: current_coupling=0.042, last=0.042
       20290928        69.40656       862.38761            5.50        09:20:04        4.20e-02        2.00e+00
       20292016        69.40622       863.38777            5.50        09:19:48        4.20e-02        2.00e+00
       20293055        69.40545       864.38814            5.50        09:19:31        4.20e-02        2.00e+00
       20294186        69.40553       865.38868            5.50        09:19:16        4.20e-02        2.00e+00
       20295326        69.40645       866.38923            5.50        09:19:02        4.20e-02        2.00e+00
       20296583        69.40643       867.38970            5.49        09:18:52        4.20e-02        2.00e+00
       20297798        69.40669       868.39006            5.49        09:18:41        4.20e-02        2.00e+00
       20298831        69.40723       869.39050            5.49        09:18:23        4.20e-02        2.00e+00
       20299885        69.40737       870.39128            5.49        09:18:05        4.20e-02        2.00e+00
DEBUG @ t=20300000: current_coupling=0.042, last=0.042
[HDF5 Writer DEBUG] timestep=20300000, current_time_ps=870.505, last_output_time=870.5041644464383, write_count=83335
       20300967        69.40747       871.39178            5.49        09:17:49        4.20e-02        2.00e+00
       20302194        69.40799       872.39214            5.49        09:17:38        4.20e-02        2.00e+00
       20303265        69.40888       873.39225            5.49        09:17:21        4.20e-02        2.00e+00
       20304373        69.41032       874.39282            5.49        09:17:05        4.20e-02        2.00e+00
       20305644        69.41163       875.39318            5.49        09:16:55        4.20e-02        2.00e+00
       20306900        69.41372       876.39336            5.49        09:16:44        4.20e-02        2.00e+00
       20308098        69.41412       877.39384            5.49        09:16:32        4.20e-02        2.00e+00
       20309336        69.41434       878.39450            5.49        09:16:21        4.20e-02        2.00e+00
DEBUG @ t=20310000: current_coupling=0.042, last=0.042
       20310626        69.41539       879.39543            5.49        09:16:12        4.20e-02        2.00e+00
       20311704        69.41598       880.39628            5.49        09:15:55        4.20e-02        2.00e+00
       20312808        69.41591       881.39699            5.49        09:15:40        4.20e-02        2.00e+00
       20313907        69.41601       882.39778            5.49        09:15:24        4.20e-02        2.00e+00
       20314997        69.41597       883.39786            5.49        09:15:08        4.20e-02        2.00e+00
       20316128        69.41635       884.39842            5.49        09:14:54        4.20e-02        2.00e+00
       20317259        69.41699       885.39899            5.49        09:14:39        4.20e-02        2.00e+00
       20318398        69.41703       886.39968            5.49        09:14:25        4.20e-02        2.00e+00
       20319506        69.41650       887.40003            5.49        09:14:10        4.20e-02        2.00e+00
DEBUG @ t=20320000: current_coupling=0.042, last=0.042
       20320693        69.41809       888.40059            5.49        09:13:57        4.20e-02        2.00e+00
       20321643        69.41831       889.40096            5.49        09:13:36        4.20e-02        2.00e+00
       20322713        69.41707       890.40163            5.49        09:13:20        4.20e-02        2.00e+00
       20323903        69.41764       891.40168            5.49        09:13:07        4.20e-02        2.00e+00
       20325057        69.41751       892.40202            5.49        09:12:54        4.20e-02        2.00e+00
       20326104        69.41713       893.40209            5.49        09:12:37        4.20e-02        2.00e+00
       20327107        69.41664       894.40281            5.49        09:12:18        4.20e-02        2.00e+00
       20328139        69.41637       895.40294            5.49        09:12:00        4.20e-02        2.00e+00
       20329300        69.41628       896.40305            5.49        09:11:47        4.20e-02        2.00e+00
DEBUG @ t=20330000: current_coupling=0.042, last=0.042
       20330582        69.41636       897.40334            5.49        09:11:37        4.20e-02        2.00e+00
       20331756        69.41653       898.40421            5.49        09:11:24        4.20e-02        2.00e+00
       20332926        69.41830       899.40427            5.49        09:11:10        4.20e-02        2.00e+00
       20334135        69.42029       900.40475            5.49        09:10:58        4.20e-02        2.00e+00
       20335267        69.42082       901.40560            5.49        09:10:43        4.20e-02        2.00e+00
       20336486        69.42090       902.40585            5.49        09:10:31        4.20e-02        2.00e+00
       20337714        69.42063       903.40590            5.49        09:10:20        4.20e-02        2.00e+00
       20338979        69.42121       904.40612            5.48        09:10:10        4.20e-02        2.00e+00
DEBUG @ t=20340000: current_coupling=0.042, last=0.042
       20340189        69.42073       905.40618            5.48        09:09:58        4.20e-02        2.00e+00
       20341430        69.42040       906.40619            5.48        09:09:47        4.20e-02        2.00e+00
       20342548        69.42009       907.40673            5.48        09:09:33        4.20e-02        2.00e+00
       20343651        69.42120       908.40697            5.48        09:09:17        4.20e-02        2.00e+00
       20344753        69.42212       909.40739            5.48        09:09:01        4.20e-02        2.00e+00
       20345955        69.42356       910.40755            5.48        09:08:48        4.20e-02        2.00e+00
       20347158        69.42492       911.40817            5.48        09:08:35        4.20e-02        2.00e+00
       20348234        69.42476       912.40900            5.48        09:08:19        4.20e-02        2.00e+00
       20349409        69.42463       913.40962            5.48        09:08:06        4.20e-02        2.00e+00
DEBUG @ t=20350000: current_coupling=0.042, last=0.042
       20350602        69.42528       914.41011            5.48        09:07:53        4.20e-02        2.00e+00
       20351723        69.42530       915.41089            5.48        09:07:38        4.20e-02        2.00e+00
       20352867        69.42507       916.41174            5.48        09:07:24        4.20e-02        2.00e+00
       20354020        69.42521       917.41233            5.48        09:07:10        4.20e-02        2.00e+00
       20355090        69.42495       918.41276            5.48        09:06:53        4.20e-02        2.00e+00
       20356187        69.42739       919.41321            5.48        09:06:36        4.20e-02        2.00e+00
       20357334        69.42671       920.41340            5.48        09:06:23        4.20e-02        2.00e+00
       20358505        69.42959       921.41404            5.48        09:06:08        4.20e-02        2.00e+00
       20359709        69.42885       922.41452            5.48        09:05:56        4.20e-02        2.00e+00
DEBUG @ t=20360000: current_coupling=0.042, last=0.042
       20360860        69.42886       923.41454            5.48        09:05:42        4.20e-02        2.00e+00
       20362059        69.42881       924.41483            5.48        09:05:30        4.20e-02        2.00e+00
       20363230        69.42914       925.41501            5.48        09:05:16        4.20e-02        2.00e+00
       20364346        69.43070       926.41509            5.48        09:05:01        4.20e-02        2.00e+00
       20365572        69.43323       927.41577            5.48        09:04:48        4.20e-02        2.00e+00
       20366740        69.43463       928.41614            5.48        09:04:34        4.20e-02        2.00e+00
       20367884        69.43425       929.41628            5.48        09:04:20        4.20e-02        2.00e+00
       20368992        69.43479       930.41671            5.48        09:04:04        4.20e-02        2.00e+00
DEBUG @ t=20370000: current_coupling=0.042, last=0.042
       20370082        69.43448       931.41714            5.48        09:03:48        4.20e-02        2.00e+00
       20371197        69.43591       932.41717            5.48        09:03:32        4.20e-02        2.00e+00
       20372336        69.43564       933.41747            5.48        09:03:18        4.20e-02        2.00e+00
       20373514        69.43555       934.41824            5.48        09:03:05        4.20e-02        2.00e+00
       20374657        69.43568       935.41885            5.48        09:02:51        4.20e-02        2.00e+00
       20375789        69.43565       936.41929            5.48        09:02:36        4.20e-02        2.00e+00
       20376918        69.43531       937.41947            5.48        09:02:21        4.20e-02        2.00e+00
       20378030        69.43472       938.41987            5.48        09:02:06        4.20e-02        2.00e+00
       20379109        69.43530       939.41992            5.48        09:01:50        4.20e-02        2.00e+00
DEBUG @ t=20380000: current_coupling=0.042, last=0.042
       20380154        69.43647       940.41995            5.48        09:01:32        4.20e-02        2.00e+00
       20381225        69.43647       941.42058            5.48        09:01:15        4.20e-02        2.00e+00
       20382278        69.43628       942.42129            5.48        09:00:58        4.20e-02        2.00e+00
       20383300        69.43704       943.42155            5.48        09:00:40        4.20e-02        2.00e+00
       20384346        69.43752       944.42163            5.48        09:00:22        4.20e-02        2.00e+00
       20385486        69.43790       945.42164            5.48        09:00:08        4.20e-02        2.00e+00
       20386508        69.43899       946.42176            5.48        08:59:49        4.20e-02        2.00e+00
       20387580        69.44009       947.42265            5.48        08:59:32        4.20e-02        2.00e+00
       20388651        69.44002       948.42325            5.48        08:59:16        4.20e-02        2.00e+00
       20389700        69.43963       949.42376            5.48        08:58:59        4.20e-02        2.00e+00
DEBUG @ t=20390000: current_coupling=0.042, last=0.042
       20390813        69.43981       950.42392            5.48        08:58:43        4.20e-02        2.00e+00
       20391892        69.43955       951.42412            5.48        08:58:27        4.20e-02        2.00e+00
       20393003        69.43957       952.42428            5.48        08:58:12        4.20e-02        2.00e+00
       20394107        69.44233       953.42462            5.48        08:57:55        4.20e-02        2.00e+00
       20395128        69.44289       954.42471            5.48        08:57:37        4.20e-02        2.00e+00
       20396178        69.44306       955.42481            5.48        08:57:19        4.20e-02        2.00e+00
       20397309        69.44297       956.42492            5.48        08:57:05        4.20e-02        2.00e+00
       20398315        69.44311       957.42505            5.48        08:56:46        4.20e-02        2.00e+00
       20399384        69.44135       958.42581            5.48        08:56:30        4.20e-02        2.00e+00
DEBUG @ t=20400000: current_coupling=0.042, last=0.042
[HDF5 Writer DEBUG] timestep=20400000, current_time_ps=959.023, last_output_time=959.0210716234061, write_count=91795
       20400412        69.44161       959.42656            5.48        08:56:12        4.20e-02        2.00e+00
       20401497        69.44121       960.42735            5.48        08:55:57        4.20e-02        2.00e+00
       20402556        69.44233       961.42781            5.48        08:55:39        4.20e-02        2.00e+00
       20403651        69.44200       962.42846            5.48        08:55:23        4.20e-02        2.00e+00
       20404713        69.44170       963.42868            5.48        08:55:07        4.20e-02        2.00e+00
       20405780        69.44184       964.42949            5.48        08:54:50        4.20e-02        2.00e+00
       20406886        69.44324       965.42962            5.48        08:54:34        4.20e-02        2.00e+00
       20407964        69.44455       966.43025            5.48        08:54:17        4.20e-02        2.00e+00
       20409030        69.44485       967.43080            5.48        08:54:00        4.20e-02        2.00e+00
DEBUG @ t=20410000: current_coupling=0.042, last=0.042
       20410045        69.44501       968.43102            5.48        08:53:42        4.20e-02        2.00e+00
       20411105        69.44518       969.43135            5.48        08:53:25        4.20e-02        2.00e+00
       20412183        69.44556       970.43179            5.48        08:53:09        4.20e-02        2.00e+00
       20413207        69.44612       971.43182            5.48        08:52:51        4.20e-02        2.00e+00
       20414195        69.44587       972.43245            5.48        08:52:32        4.20e-02        2.00e+00
       20415212        69.44567       973.43253            5.48        08:52:14        4.20e-02        2.00e+00
       20416254        69.44622       974.43293            5.48        08:51:56        4.20e-02        2.00e+00
       20417376        69.44717       975.43293            5.48        08:51:41        4.20e-02        2.00e+00
       20418490        69.44636       976.43310            5.48        08:51:26        4.20e-02        2.00e+00
       20419578        69.44579       977.43339            5.48        08:51:10        4.20e-02        2.00e+00
DEBUG @ t=20420000: current_coupling=0.042, last=0.042
       20420647        69.44533       978.43417            5.48        08:50:54        4.20e-02        2.00e+00
       20421716        69.44549       979.43450            5.48        08:50:37        4.20e-02        2.00e+00
       20422830        69.44535       980.43507            5.48        08:50:22        4.20e-02        2.00e+00
       20424007        69.44589       981.43554            5.48        08:50:09        4.20e-02        2.00e+00
       20425141        69.44658       982.43567            5.48        08:49:54        4.20e-02        2.00e+00
       20426188        69.44618       983.43589            5.48        08:49:37        4.20e-02        2.00e+00
       20427264        69.44570       984.43590            5.48        08:49:21        4.20e-02        2.00e+00
       20428383        69.44548       985.43654            5.48        08:49:06        4.20e-02        2.00e+00
       20429494        69.44626       986.43719            5.48        08:48:50        4.20e-02        2.00e+00
DEBUG @ t=20430000: current_coupling=0.042, last=0.042
       20430603        69.44724       987.43733            5.48        08:48:34        4.20e-02        2.00e+00
       20431643        69.44772       988.43772            5.48        08:48:17        4.20e-02        2.00e+00
       20432696        69.44782       989.43854            5.48        08:48:00        4.20e-02        2.00e+00
       20433807        69.44795       990.43942            5.48        08:47:44        4.20e-02        2.00e+00
       20434886        69.44791       991.44020            5.48        08:47:28        4.20e-02        2.00e+00
       20435990        69.44848       992.44025            5.48        08:47:12        4.20e-02        2.00e+00
       20437056        69.44780       993.44089            5.48        08:46:56        4.20e-02        2.00e+00
       20438129        69.44770       994.44132            5.48        08:46:40        4.20e-02        2.00e+00
       20439207        69.44753       995.44187            5.48        08:46:23        4.20e-02        2.00e+00
DEBUG @ t=20440000: current_coupling=0.042, last=0.042
       20440284        69.44793       996.44195            5.48        08:46:07        4.20e-02        2.00e+00
       20441389        69.44832       997.44213            5.48        08:45:51        4.20e-02        2.00e+00
       20442475        69.44909       998.44289            5.48        08:45:35        4.20e-02        2.00e+00
       20443631        69.44891       999.44347            5.48        08:45:21        4.20e-02        2.00e+00
Added F(k,t) reference 5 at t = 1000.003 ps
       20444689        69.44856      1000.44351            5.48        08:45:04        4.20e-02        2.00e+00
       20445644        69.44803      1001.44453            5.48        08:44:45        4.20e-02        2.00e+00
       20446623        69.44764      1002.44496            5.48        08:44:26        4.20e-02        2.00e+00
       20447684        69.44745      1003.44540            5.48        08:44:09        4.20e-02        2.00e+00
       20448765        69.44758      1004.44543            5.49        08:43:53        4.20e-02        2.00e+00
       20449874        69.44769      1005.44602            5.49        08:43:38        4.20e-02        2.00e+00
DEBUG @ t=20450000: current_coupling=0.042, last=0.042
       20450972        69.44807      1006.44661            5.49        08:43:22        4.20e-02        2.00e+00
       20452095        69.44867      1007.44663            5.48        08:43:07        4.20e-02        2.00e+00
       20453203        69.44950      1008.44707            5.48        08:42:51        4.20e-02        2.00e+00
       20454294        69.44978      1009.44795            5.48        08:42:35        4.20e-02        2.00e+00
       20455337        69.44814      1010.44822            5.49        08:42:19        4.20e-02        2.00e+00
       20456400        69.44834      1011.44852            5.49        08:42:02        4.20e-02        2.00e+00
       20457504        69.44951      1012.44917            5.49        08:41:46        4.20e-02        2.00e+00
       20458534        69.45002      1013.44937            5.49        08:41:28        4.20e-02        2.00e+00
       20459535        69.44995      1014.45035            5.49        08:41:10        4.20e-02        2.00e+00
DEBUG @ t=20460000: current_coupling=0.042, last=0.042
       20460527        69.45030      1015.45060            5.49        08:40:51        4.20e-02        2.00e+00
       20461512        69.44986      1016.45077            5.49        08:40:32        4.20e-02        2.00e+00
       20462523        69.44933      1017.45128            5.49        08:40:14        4.20e-02        2.00e+00
       20463506        69.44846      1018.45240            5.49        08:39:56        4.20e-02        2.00e+00
       20464389        69.44762      1019.45254            5.49        08:39:35        4.20e-02        2.00e+00
       20465493        69.44689      1020.45299            5.49        08:39:19        4.20e-02        2.00e+00
       20466493        69.44645      1021.45324            5.49        08:39:01        4.20e-02        2.00e+00
       20467574        69.44670      1022.45403            5.49        08:38:45        4.20e-02        2.00e+00
       20468602        69.44605      1023.45437            5.49        08:38:28        4.20e-02        2.00e+00
       20469661        69.44570      1024.45496            5.49        08:38:11        4.20e-02        2.00e+00
DEBUG @ t=20470000: current_coupling=0.042, last=0.042
       20470731        69.44656      1025.45524            5.49        08:37:54        4.20e-02        2.00e+00
       20471864        69.44795      1026.45541            5.49        08:37:39        4.20e-02        2.00e+00
       20472960        69.44685      1027.45625            5.49        08:37:24        4.20e-02        2.00e+00
       20474017        69.44642      1028.45680            5.49        08:37:07        4.20e-02        2.00e+00
       20475066        69.44584      1029.45763            5.49        08:36:51        4.20e-02        2.00e+00
       20476238        69.44580      1030.45833            5.49        08:36:37        4.20e-02        2.00e+00
       20477445        69.44760      1031.45865            5.49        08:36:24        4.20e-02        2.00e+00
       20478470        69.44729      1032.45888            5.49        08:36:06        4.20e-02        2.00e+00
       20479641        69.44780      1033.45947            5.49        08:35:52        4.20e-02        2.00e+00
DEBUG @ t=20480000: current_coupling=0.042, last=0.042
       20480927        69.44882      1034.45974            5.49        08:35:41        4.20e-02        2.00e+00
       20482104        69.44854      1035.46028            5.49        08:35:28        4.20e-02        2.00e+00
       20483143        69.44837      1036.46032            5.49        08:35:11        4.20e-02        2.00e+00
       20484293        69.44846      1037.46047            5.49        08:34:57        4.20e-02        2.00e+00
       20485473        69.44984      1038.46090            5.49        08:34:43        4.20e-02        2.00e+00
       20486712        69.44995      1039.46133            5.49        08:34:31        4.20e-02        2.00e+00
       20487863        69.45061      1040.46178            5.49        08:34:16        4.20e-02        2.00e+00
       20489051        69.45028      1041.46180            5.49        08:34:03        4.20e-02        2.00e+00
DEBUG @ t=20490000: current_coupling=0.042, last=0.042
       20490193        69.45042      1042.46213            5.49        08:33:49        4.20e-02        2.00e+00
       20491396        69.45130      1043.46217            5.49        08:33:36        4.20e-02        2.00e+00
       20492511        69.45214      1044.46263            5.49        08:33:20        4.20e-02        2.00e+00
       20493689        69.45238      1045.46311            5.49        08:33:06        4.20e-02        2.00e+00
       20494773        69.45246      1046.46346            5.49        08:32:50        4.20e-02        2.00e+00
       20496016        69.45214      1047.46425            5.48        08:32:39        4.20e-02        2.00e+00
       20497153        69.45265      1048.46505            5.48        08:32:24        4.20e-02        2.00e+00
       20498162        69.45263      1049.46557            5.48        08:32:06        4.20e-02        2.00e+00
       20499199        69.45345      1050.46572            5.49        08:31:48        4.20e-02        2.00e+00
DEBUG @ t=20500000: current_coupling=0.042, last=0.042
[HDF5 Writer DEBUG] timestep=20500000, current_time_ps=1051.175, last_output_time=1051.1697514969621, write_count=100620
       20500341        69.45571      1051.46623            5.49        08:31:33        4.20e-02        2.00e+00
       20501482        69.45705      1052.46686            5.48        08:31:17        4.20e-02        2.00e+00
       20502544        69.45766      1053.46709            5.49        08:31:01        4.20e-02        2.00e+00
       20503650        69.45709      1054.46778            5.49        08:30:45        4.20e-02        2.00e+00
       20504812        69.45807      1055.46825            5.48        08:30:31        4.20e-02        2.00e+00
       20505973        69.46001      1056.46890            5.48        08:30:16        4.20e-02        2.00e+00
       20507039        69.46064      1057.46935            5.48        08:29:59        4.20e-02        2.00e+00
       20508109        69.46061      1058.46951            5.48        08:29:43        4.20e-02        2.00e+00
       20509179        69.46027      1059.47010            5.49        08:29:27        4.20e-02        2.00e+00
DEBUG @ t=20510000: current_coupling=0.042, last=0.042
       20510217        69.46033      1060.47033            5.49        08:29:09        4.20e-02        2.00e+00
       20511220        69.46178      1061.47112            5.49        08:28:51        4.20e-02        2.00e+00
       20512258        69.46152      1062.47125            5.49        08:28:33        4.20e-02        2.00e+00
       20513273        69.46132      1063.47164            5.49        08:28:16        4.20e-02        2.00e+00
       20514257        69.46147      1064.47249            5.49        08:27:57        4.20e-02        2.00e+00
       20515220        69.46296      1065.47353            5.49        08:27:37        4.20e-02        2.00e+00
       20516230        69.46315      1066.47399            5.49        08:27:19        4.20e-02        2.00e+00
       20517287        69.46340      1067.47493            5.49        08:27:02        4.20e-02        2.00e+00
       20518403        69.46341      1068.47530            5.49        08:26:47        4.20e-02        2.00e+00
       20519440        69.46317      1069.47583            5.49        08:26:30        4.20e-02        2.00e+00
DEBUG @ t=20520000: current_coupling=0.042, last=0.042
       20520522        69.46528      1070.47643            5.49        08:26:13        4.20e-02        2.00e+00
       20521486        69.46481      1071.47655            5.49        08:25:54        4.20e-02        2.00e+00
       20522482        69.46490      1072.47746            5.49        08:25:36        4.20e-02        2.00e+00
       20523621        69.46527      1073.47826            5.49        08:25:21        4.20e-02        2.00e+00
       20524775        69.46501      1074.47844            5.49        08:25:07        4.20e-02        2.00e+00
       20525860        69.46467      1075.47891            5.49        08:24:51        4.20e-02        2.00e+00
       20526854        69.46390      1076.47983            5.49        08:24:33        4.20e-02        2.00e+00
       20527876        69.46338      1077.48022            5.49        08:24:16        4.20e-02        2.00e+00
       20528910        69.46274      1078.48082            5.49        08:23:59        4.20e-02        2.00e+00
       20529930        69.46239      1079.48118            5.49        08:23:41        4.20e-02        2.00e+00
DEBUG @ t=20530000: current_coupling=0.042, last=0.042
       20531018        69.46233      1080.48138            5.49        08:23:25        4.20e-02        2.00e+00
       20532181        69.46235      1081.48194            5.49        08:23:11        4.20e-02        2.00e+00
       20533176        69.46217      1082.48264            5.49        08:22:53        4.20e-02        2.00e+00
       20534197        69.46248      1083.48302            5.49        08:22:35        4.20e-02        2.00e+00
       20535301        69.46235      1084.48349            5.49        08:22:20        4.20e-02        2.00e+00
       20536414        69.46237      1085.48373            5.49        08:22:05        4.20e-02        2.00e+00
       20537493        69.46176      1086.48380            5.49        08:21:49        4.20e-02        2.00e+00
       20538561        69.46015      1087.48460            5.49        08:21:33        4.20e-02        2.00e+00
       20539549        69.45924      1088.48520            5.49        08:21:15        4.20e-02        2.00e+00
DEBUG @ t=20540000: current_coupling=0.042, last=0.042
       20540625        69.45951      1089.48598            5.49        08:20:59        4.20e-02        2.00e+00
       20541765        69.46013      1090.48678            5.49        08:20:44        4.20e-02        2.00e+00
       20542827        69.46008      1091.48710            5.49        08:20:28        4.20e-02        2.00e+00
       20543848        69.46019      1092.48719            5.49        08:20:10        4.20e-02        2.00e+00
       20544895        69.46059      1093.48802            5.49        08:19:53        4.20e-02        2.00e+00
       20546002        69.46060      1094.48890            5.49        08:19:38        4.20e-02        2.00e+00
       20547078        69.46021      1095.48965            5.49        08:19:21        4.20e-02        2.00e+00
       20548115        69.45973      1096.49029            5.49        08:19:05        4.20e-02        2.00e+00
       20549193        69.45952      1097.49082            5.49        08:18:49        4.20e-02        2.00e+00
DEBUG @ t=20550000: current_coupling=0.042, last=0.042
       20550260        69.45904      1098.49110            5.49        08:18:32        4.20e-02        2.00e+00
       20551328        69.45874      1099.49170            5.49        08:18:16        4.20e-02        2.00e+00
       20552471        69.45997      1100.49196            5.49        08:18:01        4.20e-02        2.00e+00
       20553477        69.46083      1101.49244            5.49        08:17:43        4.20e-02        2.00e+00
       20554455        69.46157      1102.49290            5.49        08:17:24        4.20e-02        2.00e+00
       20555497        69.46197      1103.49353            5.49        08:17:07        4.20e-02        2.00e+00
       20556498        69.46279      1104.49368            5.49        08:16:48        4.20e-02        2.00e+00
       20557676        69.46279      1105.49463            5.49        08:16:35        4.20e-02        2.00e+00
       20558679        69.46233      1106.49507            5.49        08:16:17        4.20e-02        2.00e+00
       20559644        69.46162      1107.49575            5.49        08:15:58        4.20e-02        2.00e+00
DEBUG @ t=20560000: current_coupling=0.042, last=0.042
       20560619        69.46135      1108.49666            5.50        08:15:40        4.20e-02        2.00e+00
       20561642        69.46098      1109.49668            5.50        08:15:23        4.20e-02        2.00e+00
       20562870        69.46172      1110.49714            5.49        08:15:10        4.20e-02        2.00e+00
       20564108        69.46258      1111.49742            5.49        08:14:57        4.20e-02        2.00e+00
       20565176        69.46239      1112.49800            5.49        08:14:41        4.20e-02        2.00e+00
       20566279        69.46197      1113.49866            5.49        08:14:26        4.20e-02        2.00e+00
       20567496        69.46230      1114.49905            5.49        08:14:13        4.20e-02        2.00e+00
       20568670        69.46249      1115.49984            5.49        08:13:59        4.20e-02        2.00e+00
       20569686        69.46255      1116.50066            5.49        08:13:41        4.20e-02        2.00e+00
DEBUG @ t=20570000: current_coupling=0.042, last=0.042
       20570865        69.46376      1117.50075            5.49        08:13:27        4.20e-02        2.00e+00
       20572011        69.46365      1118.50093            5.49        08:13:13        4.20e-02        2.00e+00
       20573062        69.46399      1119.50125            5.49        08:12:56        4.20e-02        2.00e+00
       20574099        69.46439      1120.50218            5.49        08:12:39        4.20e-02        2.00e+00
       20575163        69.46450      1121.50285            5.49        08:12:22        4.20e-02        2.00e+00
       20576281        69.46296      1122.50293            5.49        08:12:08        4.20e-02        2.00e+00
       20577364        69.46286      1123.50366            5.49        08:11:52        4.20e-02        2.00e+00
       20578438        69.46300      1124.50416            5.49        08:11:36        4.20e-02        2.00e+00
       20579502        69.46407      1125.50499            5.49        08:11:19        4.20e-02        2.00e+00
DEBUG @ t=20580000: current_coupling=0.042, last=0.042
       20580679        69.46386      1126.50518            5.49        08:11:05        4.20e-02        2.00e+00
       20581737        69.46323      1127.50555            5.49        08:10:49        4.20e-02        2.00e+00
       20582805        69.46343      1128.50591            5.49        08:10:32        4.20e-02        2.00e+00
       20583896        69.46392      1129.50671            5.49        08:10:16        4.20e-02        2.00e+00
       20585047        69.46387      1130.50706            5.49        08:10:02        4.20e-02        2.00e+00
       20586224        69.46408      1131.50739            5.49        08:09:48        4.20e-02        2.00e+00
       20587357        69.46439      1132.50755            5.49        08:09:33        4.20e-02        2.00e+00
       20588369        69.46515      1133.50842            5.49        08:09:15        4.20e-02        2.00e+00
       20589458        69.46651      1134.50925            5.49        08:08:59        4.20e-02        2.00e+00
DEBUG @ t=20590000: current_coupling=0.042, last=0.042
       20590446        69.46643      1135.51020            5.49        08:08:41        4.20e-02        2.00e+00
       20591467        69.46641      1136.51100            5.49        08:08:23        4.20e-02        2.00e+00
       20592662        69.46710      1137.51164            5.49        08:08:10        4.20e-02        2.00e+00
       20593763        69.46672      1138.51258            5.49        08:07:54        4.20e-02        2.00e+00
       20594887        69.46468      1139.51328            5.49        08:07:40        4.20e-02        2.00e+00
       20596117        69.46426      1140.51399            5.49        08:07:28        4.20e-02        2.00e+00
       20597324        69.46383      1141.51436            5.49        08:07:15        4.20e-02        2.00e+00
       20598461        69.46381      1142.51498            5.49        08:07:00        4.20e-02        2.00e+00
       20599615        69.46370      1143.51551            5.49        08:06:46        4.20e-02        2.00e+00
DEBUG @ t=20600000: current_coupling=0.042, last=0.042
[HDF5 Writer DEBUG] timestep=20600000, current_time_ps=1143.851, last_output_time=1143.8436967275106, write_count=109502
       20600740        69.46355      1144.51645            5.49        08:06:31        4.20e-02        2.00e+00
       20601748        69.46394      1145.51739            5.49        08:06:13        4.20e-02        2.00e+00
       20602669        69.46362      1146.51779            5.49        08:05:53        4.20e-02        2.00e+00
       20603653        69.46308      1147.51820            5.49        08:05:35        4.20e-02        2.00e+00
       20604733        69.46229      1148.51875            5.49        08:05:20        4.20e-02        2.00e+00
       20605783        69.46149      1149.51969            5.49        08:05:03        4.20e-02        2.00e+00
       20606753        69.46057      1150.52045            5.49        08:04:45        4.20e-02        2.00e+00
       20607790        69.45914      1151.52118            5.49        08:04:29        4.20e-02        2.00e+00
       20608772        69.45869      1152.52159            5.49        08:04:10        4.20e-02        2.00e+00
       20609838        69.45854      1153.52243            5.49        08:03:54        4.20e-02        2.00e+00
DEBUG @ t=20610000: current_coupling=0.042, last=0.042
       20610954        69.45920      1154.52248            5.49        08:03:39        4.20e-02        2.00e+00
       20611981        69.45907      1155.52341            5.49        08:03:21        4.20e-02        2.00e+00
       20613033        69.45846      1156.52351            5.50        08:03:05        4.20e-02        2.00e+00
       20614051        69.45849      1157.52406            5.50        08:02:48        4.20e-02        2.00e+00
       20615071        69.45885      1158.52485            5.50        08:02:30        4.20e-02        2.00e+00
       20616152        69.45897      1159.52487            5.50        08:02:14        4.20e-02        2.00e+00
       20617202        69.45865      1160.52558            5.50        08:01:57        4.20e-02        2.00e+00
       20618233        69.45854      1161.52588            5.50        08:01:40        4.20e-02        2.00e+00
       20619282        69.45862      1162.52640            5.50        08:01:24        4.20e-02        2.00e+00
DEBUG @ t=20620000: current_coupling=0.042, last=0.042
       20620332        69.45914      1163.52641            5.50        08:01:07        4.20e-02        2.00e+00
       20621468        69.45884      1164.52695            5.50        08:00:52        4.20e-02        2.00e+00
       20622520        69.45815      1165.52772            5.50        08:00:36        4.20e-02        2.00e+00
       20623533        69.45780      1166.52866            5.50        08:00:18        4.20e-02        2.00e+00
       20624540        69.45739      1167.52873            5.50        08:00:01        4.20e-02        2.00e+00
       20625555        69.45716      1168.52899            5.50        07:59:44        4.20e-02        2.00e+00
       20626540        69.45736      1169.52941            5.50        07:59:25        4.20e-02        2.00e+00
       20627592        69.45744      1170.52948            5.50        07:59:09        4.20e-02        2.00e+00
       20628752        69.45816      1171.53030            5.50        07:58:54        4.20e-02        2.00e+00
       20629835        69.45892      1172.53062            5.50        07:58:38        4.20e-02        2.00e+00
DEBUG @ t=20630000: current_coupling=0.042, last=0.042
       20630885        69.45900      1173.53143            5.50        07:58:21        4.20e-02        2.00e+00
       20632005        69.46047      1174.53158            5.50        07:58:06        4.20e-02        2.00e+00
       20633047        69.46089      1175.53206            5.50        07:57:49        4.20e-02        2.00e+00
       20634057        69.46094      1176.53300            5.50        07:57:31        4.20e-02        2.00e+00
       20635098        69.46062      1177.53324            5.50        07:57:14        4.20e-02        2.00e+00
       20636150        69.46023      1178.53349            5.50        07:56:58        4.20e-02        2.00e+00
       20637132        69.46151      1179.53392            5.50        07:56:39        4.20e-02        2.00e+00
       20638302        69.46280      1180.53459            5.50        07:56:25        4.20e-02        2.00e+00
       20639447        69.46333      1181.53547            5.50        07:56:10        4.20e-02        2.00e+00
DEBUG @ t=20640000: current_coupling=0.042, last=0.042
       20640524        69.46447      1182.53598            5.50        07:55:53        4.20e-02        2.00e+00
       20641506        69.46491      1183.53684            5.50        07:55:35        4.20e-02        2.00e+00
       20642598        69.46533      1184.53738            5.50        07:55:19        4.20e-02        2.00e+00
       20643747        69.46635      1185.53748            5.50        07:55:04        4.20e-02        2.00e+00
       20645024        69.46713      1186.53761            5.50        07:54:52        4.20e-02        2.00e+00
       20646149        69.46903      1187.53844            5.50        07:54:36        4.20e-02        2.00e+00
       20647191        69.46859      1188.53905            5.50        07:54:20        4.20e-02        2.00e+00
       20648207        69.46817      1189.53912            5.50        07:54:03        4.20e-02        2.00e+00
       20649234        69.46767      1190.53976            5.50        07:53:46        4.20e-02        2.00e+00
DEBUG @ t=20650000: current_coupling=0.042, last=0.042
       20650486        69.46787      1191.54010            5.50        07:53:33        4.20e-02        2.00e+00
       20651723        69.46787      1192.54051            5.50        07:53:21        4.20e-02        2.00e+00
       20652814        69.46746      1193.54084            5.50        07:53:05        4.20e-02        2.00e+00
       20653915        69.46795      1194.54135            5.50        07:52:50        4.20e-02        2.00e+00
       20655078        69.46878      1195.54168            5.50        07:52:35        4.20e-02        2.00e+00
       20656328        69.46909      1196.54187            5.50        07:52:23        4.20e-02        2.00e+00
       20657346        69.46959      1197.54217            5.50        07:52:05        4.20e-02        2.00e+00
       20658418        69.46955      1198.54246            5.50        07:51:49        4.20e-02        2.00e+00
       20659460        69.46916      1199.54331            5.50        07:51:32        4.20e-02        2.00e+00
Added F(k,t) reference 6 at t = 1200.003 ps
DEBUG @ t=20660000: current_coupling=0.042, last=0.042
       20660462        69.46842      1200.54428            5.50        07:51:15        4.20e-02        2.00e+00
       20661478        69.46757      1201.54496            5.50        07:50:58        4.20e-02        2.00e+00
2025-11-06 17:16:20 | ERROR | CRITICAL ERROR in simulation: Unable to synchronously flush file (file write failed: time = Thu Nov  6 17:16:20 2025
, filename = 'observables_replica_136.h5', file descriptor = 4, errno = 122, error message = 'Disk quota exceeded', buf = 0x55ebcbc07f00, total write size = 743, bytes this sub-write = 743, offset = 822083488)
2025-11-06 17:16:20 | ERROR | Full traceback:
2025-11-06 17:16:20 | ERROR | Traceback (most recent call last):
2025-11-06 17:16:20 | ERROR |   File "/scratch/mh7373/micromamba/envs/hoomd/lib/python3.12/site-packages/hoomd/cavitymd/simulation/core.py", line 4753, in run
2025-11-06 17:16:20 | ERROR |     self.run_simulation()
2025-11-06 17:16:20 | ERROR |   File "/scratch/mh7373/micromamba/envs/hoomd/lib/python3.12/site-packages/hoomd/cavitymd/simulation/core.py", line 4807, in run_simulation
2025-11-06 17:16:20 | ERROR |     self.sim.run(total_steps, write_at_start=True)
2025-11-06 17:16:20 | ERROR |   File "/scratch/mh7373/micromamba/envs/hoomd/lib/python3.12/site-packages/hoomd/simulation.py", line 561, in run
2025-11-06 17:16:20 | ERROR |     self._cpp_sys.run(steps_int, write_at_start)
2025-11-06 17:16:20 | ERROR |   File "/scratch/mh7373/micromamba/envs/hoomd/lib/python3.12/site-packages/hoomd/cavitymd/data.py", line 528, in act
2025-11-06 17:16:20 | ERROR |     self.file.flush()
2025-11-06 17:16:20 | ERROR |   File "/scratch/mh7373/micromamba/envs/hoomd/lib/python3.12/site-packages/h5py/_hl/files.py", line 639, in flush
2025-11-06 17:16:20 | ERROR |     h5f.flush(self.id)
2025-11-06 17:16:20 | ERROR |   File "h5py/_objects.pyx", line 56, in h5py._objects.with_phil.wrapper
2025-11-06 17:16:20 | ERROR |   File "h5py/_objects.pyx", line 57, in h5py._objects.with_phil.wrapper
2025-11-06 17:16:20 | ERROR |   File "h5py/h5f.pyx", line 159, in h5py.h5f.flush
2025-11-06 17:16:20 | ERROR | RuntimeError: Unable to synchronously flush file (file write failed: time = Thu Nov  6 17:16:20 2025
2025-11-06 17:16:20 | ERROR | , filename = 'observables_replica_136.h5', file descriptor = 4, errno = 122, error message = 'Disk quota exceeded', buf = 0x55ebcbc07f00, total write size = 743, bytes this sub-write = 743, offset = 822083488)
2025-11-06 17:16:20 | INFO | Cleanup initiated...
2025-11-06 17:16:20 | INFO | Closing HDF5 observable writer...
2025-11-06 17:16:20 | ERROR | Error closing HDF5 writer: Unable to synchronously flush file (file write failed: time = Thu Nov  6 17:16:20 2025
, filename = 'observables_replica_136.h5', file descriptor = 4, errno = 122, error message = 'Disk quota exceeded', buf = 0x55ebcbc1f730, total write size = 743, bytes this sub-write = 743, offset = 822083488)
DEBUG: Cleanup called - checking for fkt_tracker
DEBUG: No fkt_tracker found or it's None
2025-11-06 17:16:20 | INFO | Returned to original directory: /scratch/mh7373/cav-hoomd/new_final_offres
2025-11-06 17:16:20 | INFO | Cleanup completed
ERROR: Replica 136 failed (coupling: 4.200000e-02 a.u.)

==================================================
Execution Summary
==================================================
Coupling constant used: 4.200000e-02 a.u.
Total replicas: 1
Successful: 0
Failed: 1
Wall time: 18892.76 seconds

WARNING: 1 replicas failed - check individual logs for details
✗ FAILED: DEBUG task 136
