SLURM Job ID: 1642370
SLURM Array Task ID: 446
Using frequency: 2060 cm-1
Fixed coupling strength (lambda): 0.042 (dimensionless)
Frame will be automatically set to: 446
Advanced Cavity MD Experiment Runner
==================================================
SLURM array job detected: Task 446 (Job 1642370)

*** COUPLING CONSTANT: 4.200000e-02 a.u. ***

Simulation Configuration:
  Cavity coupling: Enabled
    Coupling strength: 4.200000e-02 a.u.
    Frequency: 2060.0 cm⁻¹
    Finite-q mode: False
    Cavity thermostat: langevin
  Molecular thermostat: bussi
  Temperature: 100.0 K
  Runtime: 3000.0 ps
  Device: CPU
  Random seed: 0
  Velocity restart: Enabled - thermalizing velocities
  Momentum zeroing: Disabled

Starting execution for 1 replica(s)...
==================================================

Running replica 446...
>>> Will use FRAME 446 from init-0.gsd for this replica <<<
Running experiment:
  Cavity coupling: Enabled
  *** COUPLING STRENGTH: 4.200000e-02 a.u. ***
  Switch time: 200.0 ps
  Decay: None (step function)
  Damping ratio (zeta): 0.0
  Calculated dissipation (c): 0.0000e+00 a.u.
  Molecular thermostat: bussi
  Cavity thermostat: langevin
  Finite-q mode: False
  Replica: 446
  Frame: 446
  Output directory: coupling_420000e-07_freq_2060.0cm1_switch_200.0ps
  *** READING FRAME 446 FROM /scratch/mh7373/cav-hoomd/new_final_offres/init-0.gsd ***
  ✓ Successfully initialized simulation from frame 446
  ✓ Input file: /scratch/mh7373/cav-hoomd/new_final_offres/init-0.gsd
  ✓ Replica 446 ready to run...
2025-11-06 12:02:10 | INFO | ============================================================
2025-11-06 12:02:10 | INFO | CAVITY MD SIMULATION STARTED
2025-11-06 12:02:10 | INFO | ============================================================
2025-11-06 12:02:10 | INFO | Simulation: prod-446
2025-11-06 12:02:10 | INFO | Device: CPU
2025-11-06 12:02:10 | INFO | Runtime: 3000.0 ps
2025-11-06 12:02:10 | INFO | Temperature: 100.0 K
2025-11-06 12:02:10 | INFO | Random seed: 0
2025-11-06 12:02:10 | INFO | Cavity coupling: Enabled
2025-11-06 12:02:10 | INFO |   Frequency: 2060.0 cm^-1
2025-11-06 12:02:10 | INFO |   Lambda coupling: 0.042
2025-11-06 12:02:10 | INFO |   Epsilon (lambda * omega_c): 3.942141e-04 a.u.
2025-11-06 12:02:10 | INFO |   Finite-q mode: False
2025-11-06 12:02:10 | INFO | Molecular thermostat: bussi (tau=1.0 ps)
2025-11-06 12:02:10 | INFO | Cavity thermostat: langevin (tau=1.0 ps)
2025-11-06 12:02:10 | INFO | ============================================================
2025-11-06 12:02:10 | INFO | === Phase 1: Setting up simulation ===
2025-11-06 12:02:10 | INFO | Using default timestep for calculations: 0.0001 ps
2025-11-06 12:02:10 | INFO | Time conversions:
2025-11-06 12:02:10 | INFO |   Timestep: 0.0001 ps = 4.134138 a.u.
2025-11-06 12:02:10 | INFO |   Runtime: 3000.0 ps = 30000000 steps
2025-11-06 12:02:10 | INFO |   Steps per ps: 10000.0
2025-11-06 12:02:10 | INFO | Output periods (steps):
2025-11-06 12:02:10 | INFO |   Energy: 100 (0.010 ps)
2025-11-06 12:02:10 | INFO |   F(k,t): 10000 (1.000 ps)
2025-11-06 12:02:10 | INFO |   GSD: 10000 (1.000 ps)
2025-11-06 12:02:10 | INFO |   Console: 10000 (1.000 ps)
2025-11-06 12:02:10 | INFO | Initializing simulation on CPU
2025-11-06 12:02:10 | INFO | Using user-specified seed: 0
2025-11-06 12:02:10 | INFO | Cavity particle already exists in GSD file (1 found)
2025-11-06 12:02:10 | INFO | Simulation state created from original GSD file with existing cavity particle
2025-11-06 12:02:10 | INFO | Cavity particle validated at index 500, position HOOMDArray([ 0.95972586 -0.7590968   1.65765703])
2025-11-06 12:02:10 | INFO | === Phase 1.5: Setting up time tracker ===
2025-11-06 12:02:10 | INFO | === Phase 2: Configuring forces and thermostats ===
2025-11-06 12:02:10 | INFO | Using lambda_coupling=0.042 (will be scaled by omega_c=0.009386 a.u.)
2025-11-06 12:02:10 | INFO | Using constant coupling: lambda=0.042, epsilon=3.942141e-04 a.u.
CavityForce initialized using cpp implementation
  Using constant lambda coupling: 0.042 (dimensionless)
  Effective epsilon: 3.942141e-04 a.u.
2025-11-06 12:02:10 | INFO | Thermostat time constant conversions:
2025-11-06 12:02:10 | INFO |   Molecular: 1.000 ps = 41341.378917 a.u.
2025-11-06 12:02:10 | INFO |   Cavity: 1.000 ps = 41341.378917 a.u.
2025-11-06 12:02:10 | INFO | Running molecular system with Bussi thermostat (NVT ensemble)
2025-11-06 12:02:10 | INFO | Molecular Bussi thermostat configured: T = 100.0 K, kT = 0.000317 a.u., tau = 1.000 ps
2025-11-06 12:02:10 | INFO | Running cavity with Langevin thermostat
2025-11-06 12:02:10 | INFO | Cavity Langevin thermostat configured: T = 100.0 K, kT = 0.000317 a.u.
2025-11-06 12:02:10 | INFO |   base_gamma = 0.000024 a.u.^-1 (tau = 1.000 ps)
2025-11-06 12:02:10 | INFO |   effective_gamma = 0.000024 a.u.^-1 (damping_factor = 1.0x)
2025-11-06 12:02:10 | INFO | === Phase 3: Setting up integrator and thermalization ===
2025-11-06 12:02:10 | INFO | Integrator configured with initial dt = 4.134138 a.u. (0.000100 ps)
2025-11-06 12:02:10 | INFO | Number of integration methods: 2
2025-11-06 12:02:10 | INFO | CavityParticleDisplacer not needed (constant coupling or q=0 mode)
2025-11-06 12:02:10 | INFO | Using seed 1 for thermalization randomness
2025-11-06 12:02:10 | INFO | Thermalized molecular particles using HOOMD State object
2025-11-06 12:02:10 | INFO | Cavity particle manually thermalized:
2025-11-06 12:02:10 | INFO |   Target temperature: 100.0 K
2025-11-06 12:02:10 | INFO |   Initial velocity: [ 0.02890696 -0.01088686 -0.00939938]
2025-11-06 12:02:10 | INFO |   Expected KE: 0.000521 a.u.
2025-11-06 12:02:10 | INFO |   Expected temperature: 109.7 K
2025-11-06 12:02:10 | INFO |   Using array module: numpy
2025-11-06 12:02:10 | INFO | Checking molecular system temperature after thermalization:
2025-11-06 12:02:10 | INFO |   Number of molecular particles: 500
2025-11-06 12:02:10 | INFO |   Total kinetic energy: 0.231614 a.u.
2025-11-06 12:02:10 | INFO |   Current temperature: 97.5 K
2025-11-06 12:02:10 | INFO | Thermalization completed - velocities properly initialized
2025-11-06 12:02:10 | INFO | === Phase 4: Setting up trackers and loggers ===
2025-11-06 12:02:10 | INFO | Setting up adaptive timestep updater (error_tolerance = 2.0)
Dynamic coupling change detection enabled
Coupling change threshold: ±1.00e-05 a.u.
Shock dampening: error_tolerance drops to 2.00e-10 (factor: 1.00e-10)
Recovery: exponential ramp to 2.00e+00 with τ = 1000.0 ps
Conservative timestep parameters:
  Change threshold: 10.0%
  Max change factor: 1.5
  Min update interval: 1000 steps
  Switch detection tolerance: 0.001 ps
2025-11-06 12:02:10 | INFO | Adaptive timestep updater enabled (check every 1 steps)
CavityForceCompute initialized: omegac=0.00938605 a.u., lambda_coupling=0.042 (dimensionless, from variant), K=8.80979e-05 a.u.
CPU CavityForceCompute initialized successfully
notice(2): charge.pppm: RMS error: 2.31675e-08
NOTICE: Starting from inherited timestep 34850000
  Elapsed time will start from 0, not from inherited simulation time
DEBUG @ t=34850000: current_coupling=0.042, last=None
DEBUG: First coupling check - stored value: 0.042
2025-11-06 12:02:10 | INFO |   Added detailed BussiReservoir energy tracking for method 0
2025-11-06 12:02:10 | INFO |   Added energy tracking for cavityforce
2025-11-06 12:02:10 | INFO |   Added detailed cavity energy components
2025-11-06 12:02:10 | INFO |   Added energy tracking for harmonic
2025-11-06 12:02:10 | INFO |   Added energy tracking for lj
2025-11-06 12:02:10 | INFO |   Added energy tracking for ewald
2025-11-06 12:02:10 | INFO |   Added energy tracking for coulomb
2025-11-06 12:02:10 | INFO | Energy tracking setup completed: 0 methods, 5 forces
2025-11-06 12:02:10 | INFO | Setting up energy tracker with output file: prod-446_energy_tracker.txt
2025-11-06 12:02:10 | INFO | Energy tracker configuration:
2025-11-06 12:02:10 | INFO |   Using time-based output: 0.010 ps
2025-11-06 12:02:10 | INFO |   Max output time: 250.000 ps
2025-11-06 12:02:10 | INFO | Energy tracker configuration:
2025-11-06 12:02:10 | INFO |   Force objects: ['cavity', 'harmonic', 'lj', 'ewald_short', 'ewald_long']
2025-11-06 12:02:10 | INFO |   Thermostat objects: ['bussi_molecular', 'langevin_cavity']
2025-11-06 12:02:10 | INFO |   Using internal kinetic computation (no external tracker needed)
2025-11-06 12:02:10 | INFO |  Energy tracker setup completed with time-based output:
2025-11-06 12:02:10 | INFO |   Output period: 0.010 ps (accurate timing)
2025-11-06 12:02:10 | INFO |   Tracker handles timing internally using ElapsedTimeTracker
2025-11-06 12:02:10 | INFO |   Output limited to 250.000 ps
2025-11-06 12:02:10 | INFO | Setting up F(k,t) density correlation tracker
2025-11-06 12:02:10 | INFO |   k magnitude: 1.00
2025-11-06 12:02:10 | INFO |   Number of wavevectors: 50
2025-11-06 12:02:10 | INFO |   Reference interval: 200.000 ps
2025-11-06 12:02:10 | INFO |   Max references: 20
2025-11-06 12:02:10 | INFO |   Output period: 1.000 ps
2025-11-06 12:02:10 | INFO |   Using time-based reference intervals for adaptive timestep compatibility
2025-11-06 12:02:10 | INFO |   Reference interval: 200.000 ps
2025-11-06 12:02:10 | INFO |   Trigger period: 1 step
2025-11-06 12:02:10 | INFO |   Logarithmic time spacing: DISABLED (regular spacing)
FieldAutocorrelationTracker initialized for density_correlation
  k-magnitude: 1.0
  Wavevectors: 50
  Reference interval: 200.0 ps
  Max references: 20
2025-11-06 12:02:10 | INFO |  F(k,t) tracker successfully enabled with time-based output:
2025-11-06 12:02:10 | INFO |   Output period: 1.000 ps (accurate timing)
2025-11-06 12:02:10 | INFO |   Reference interval: 200.000 ps
2025-11-06 12:02:10 | INFO |   Tracker handles timing internally using ElapsedTimeTracker
2025-11-06 12:02:10 | INFO | Setting up dipole autocorrelation tracker...
2025-11-06 12:02:10 | INFO |   Reference interval: 200.000 ps
2025-11-06 12:02:10 | INFO |   Max references: 20
2025-11-06 12:02:10 | INFO |   Output period: 0.010 ps
2025-11-06 12:02:10 | INFO |   Using time-based reference intervals for adaptive timestep compatibility
2025-11-06 12:02:10 | INFO |   Reference interval: 200.000 ps
2025-11-06 12:02:10 | INFO |   Trigger period: 1 step
2025-11-06 12:02:10 | WARNING | Could not set up dipole autocorrelation tracker: Can't instantiate abstract class AutocorrelationTracker without an implementation for abstract method 'act'
2025-11-06 12:02:10 | INFO | Momentum zeroing disabled
2025-11-06 12:02:10 | INFO |  TRACKING AND LOGGING SETUP COMPLETED:
2025-11-06 12:02:10 | INFO |   All output systems now use precise time-based periods
2025-11-06 12:02:10 | INFO |  Comprehensive temperature tracker enabled
2025-11-06 12:02:10 | INFO |   Output file: temperature_tracker_replica_446.csv
2025-11-06 12:02:10 | INFO |   Output period: 0.1 ps
2025-11-06 12:02:10 | INFO |   Tracking: kinetic, harmonic fictive, LJ+Coul fictive, cavity bath, molecular bath
2025-11-06 12:02:10 | INFO |   Empirical data: None (LJ+Coul fictive temp will be 0)
2025-11-06 12:02:10 | INFO | 
============================================================
2025-11-06 12:02:10 | INFO | HDF5 OBSERVABLE OUTPUT CONFIGURATION
2025-11-06 12:02:10 | INFO | ============================================================
2025-11-06 12:02:10 | INFO | Output file: observables_replica_446.h5
2025-11-06 12:02:10 | INFO | Output period: 0.010 ps
2025-11-06 12:02:10 | INFO | SWMR mode: Enabled (concurrent read access)
2025-11-06 12:02:10 | INFO | ============================================================

✓ HDF5 file structure created: observables_replica_446.h5
ObservableWriter initialized:
  Output file: observables_replica_446.h5
  Output period: 0.01 ps
  Chunk size: 1000
  Compression: gzip
  SWMR mode: True
  Flush interval: 10
✓ Energy tracker registered (18 components)
2025-11-06 12:02:10 | INFO |   Registered energy tracker for HDF5 output
✓ Temperature tracker registered (6 components)
2025-11-06 12:02:10 | INFO |   Registered temperature tracker for HDF5 output
2025-11-06 12:02:10 | INFO | ✓ HDF5 observable output enabled

2025-11-06 12:02:10 | INFO | Advanced features enabled: detailed energy tracking (0.010 ps), F(k,t) density correlation (1.000 ps, k=1.0), dipole autocorrelation (0.010 ps), adaptive timestep control, comprehensive temperature tracker (0.1 ps), HDF5 observable output (0.010 ps)
2025-11-06 12:02:10 | INFO | Console output: 1.000 ps periods (time-based)
2025-11-06 12:02:10 | INFO |   Works accurately for both adaptive and fixed timestep modes
2025-11-06 12:02:10 | INFO | DEBUG: PID controller NOT enabled (enable_pid_controller=False)
2025-11-06 12:02:10 | INFO | === Phase 5: Setting up output writers ===
2025-11-06 12:02:10 | INFO | GSD output setup for adaptive timestep mode:
2025-11-06 12:02:10 | INFO |   GSD trigger: every 1000 steps (target: 1.000 ps)
2025-11-06 12:02:10 | INFO |   Note: GSD timing may vary slightly due to adaptive timestep changes
2025-11-06 12:02:10 | INFO | GSD writer added for file: prod-446.gsd
2025-11-06 12:02:10 | INFO |   GSD output period: 1.000 ps
2025-11-06 12:02:10 | INFO |   GSD truncate mode: False (append to existing file)
2025-11-06 12:02:10 | INFO |  Console output setup completed:
2025-11-06 12:02:10 | INFO |   Output period: 1.000 ps (accurate time-based)
2025-11-06 12:02:10 | INFO |   Lambda coupling column: 4.200000e-02 (dimensionless) (displayed in real-time)
2025-11-06 12:02:10 | INFO |   Console tracker handles timing internally using ElapsedTimeTracker
2025-11-06 12:02:10 | INFO |   Works accurately for both adaptive and fixed timestep modes
2025-11-06 12:02:10 | INFO |  FIXED: Console output now uses precise time-based logic
2025-11-06 12:02:10 | INFO |   Both console and energy tracker use accurate timing
2025-11-06 12:02:10 | INFO |   GSD output timing may vary slightly but is less critical
2025-11-06 12:02:10 | INFO | === Phase 6: Running simulation ===
2025-11-06 12:02:10 | INFO | Starting adaptive timestep simulation for 3000.0 ps
2025-11-06 12:02:10 | INFO | Using max steps: 999999999 (will exit when runtime reached)
2025-11-06 12:02:10 | INFO | Initial timestep: 40.325665 a.u. (0.975 fs)
2025-11-06 12:02:10 | INFO | Timestep will adapt dynamically (error_tolerance = 2.0)
Added F(k,t) reference 0 at t = 0.001 ps
[HDF5 Writer DEBUG] timestep=34850001, current_time_ps=0.001, last_output_time=None, write_count=0
[HDF5 Writer DEBUG] Writing data point 0 at time 0.001 ps
[HDF5 Writer DEBUG] timestep=34850002, current_time_ps=0.002, last_output_time=0.0009754310527608162, write_count=1
[HDF5 Writer DEBUG] Skipping output: not time yet (current=0.002, last=0.0009754310527608162, period=0.01)
[HDF5 Writer DEBUG] timestep=34850003, current_time_ps=0.003, last_output_time=0.0009754310527608162, write_count=1
[HDF5 Writer DEBUG] Skipping output: not time yet (current=0.003, last=0.0009754310527608162, period=0.01)
[HDF5 Writer DEBUG] timestep=34850004, current_time_ps=0.004, last_output_time=0.0009754310527608162, write_count=1
[HDF5 Writer DEBUG] Skipping output: not time yet (current=0.004, last=0.0009754310527608162, period=0.01)
[HDF5 Writer DEBUG] timestep=34850005, current_time_ps=0.005, last_output_time=0.0009754310527608162, write_count=1
[HDF5 Writer DEBUG] Skipping output: not time yet (current=0.005, last=0.0009754310527608162, period=0.01)
[HDF5 Writer DEBUG] timestep=34850006, current_time_ps=0.006, last_output_time=0.0009754310527608162, write_count=1
[HDF5 Writer DEBUG] Skipping output: not time yet (current=0.006, last=0.0009754310527608162, period=0.01)
[HDF5 Writer DEBUG] timestep=34850007, current_time_ps=0.007, last_output_time=0.0009754310527608162, write_count=1
[HDF5 Writer DEBUG] Skipping output: not time yet (current=0.007, last=0.0009754310527608162, period=0.01)
[HDF5 Writer DEBUG] timestep=34850008, current_time_ps=0.008, last_output_time=0.0009754310527608162, write_count=1
[HDF5 Writer DEBUG] Skipping output: not time yet (current=0.008, last=0.0009754310527608162, period=0.01)
[HDF5 Writer DEBUG] timestep=34850009, current_time_ps=0.009, last_output_time=0.0009754310527608162, write_count=1
[HDF5 Writer DEBUG] Skipping output: not time yet (current=0.009, last=0.0009754310527608162, period=0.01)
[HDF5 Writer DEBUG] timestep=34850010, current_time_ps=0.010, last_output_time=0.0009754310527608162, write_count=1
[HDF5 Writer DEBUG] Skipping output: not time yet (current=0.010, last=0.0009754310527608162, period=0.01)
[HDF5 Writer DEBUG] timestep=34850011, current_time_ps=0.011, last_output_time=0.0009754310527608162, write_count=1
[HDF5 Writer DEBUG] Skipping output: not time yet (current=0.011, last=0.0009754310527608162, period=0.01)
[HDF5 Writer DEBUG] timestep=34850012, current_time_ps=0.012, last_output_time=0.0009754310527608162, write_count=1
[HDF5 Writer DEBUG] Writing data point 1 at time 0.012 ps
[HDF5 Writer DEBUG] timestep=34850013, current_time_ps=0.013, last_output_time=0.011705172633129791, write_count=2
[HDF5 Writer DEBUG] Skipping output: not time yet (current=0.013, last=0.011705172633129791, period=0.01)
[HDF5 Writer DEBUG] timestep=34850014, current_time_ps=0.014, last_output_time=0.011705172633129791, write_count=2
[HDF5 Writer DEBUG] Skipping output: not time yet (current=0.014, last=0.011705172633129791, period=0.01)
[HDF5 Writer DEBUG] timestep=34850015, current_time_ps=0.015, last_output_time=0.011705172633129791, write_count=2
[HDF5 Writer DEBUG] Skipping output: not time yet (current=0.015, last=0.011705172633129791, period=0.01)
[HDF5 Writer DEBUG] timestep=34850016, current_time_ps=0.016, last_output_time=0.011705172633129791, write_count=2
[HDF5 Writer DEBUG] Skipping output: not time yet (current=0.016, last=0.011705172633129791, period=0.01)
[HDF5 Writer DEBUG] timestep=34850017, current_time_ps=0.017, last_output_time=0.011705172633129791, write_count=2
[HDF5 Writer DEBUG] Skipping output: not time yet (current=0.017, last=0.011705172633129791, period=0.01)
[HDF5 Writer DEBUG] timestep=34850018, current_time_ps=0.018, last_output_time=0.011705172633129791, write_count=2
[HDF5 Writer DEBUG] Skipping output: not time yet (current=0.018, last=0.011705172633129791, period=0.01)
[HDF5 Writer DEBUG] timestep=34850019, current_time_ps=0.019, last_output_time=0.011705172633129791, write_count=2
[HDF5 Writer DEBUG] Skipping output: not time yet (current=0.019, last=0.011705172633129791, period=0.01)
[HDF5 Writer DEBUG] timestep=34850020, current_time_ps=0.020, last_output_time=0.011705172633129791, write_count=2
[HDF5 Writer DEBUG] Skipping output: not time yet (current=0.020, last=0.011705172633129791, period=0.01)
[HDF5 Writer DEBUG] timestep=34850021, current_time_ps=0.020, last_output_time=0.011705172633129791, write_count=2
[HDF5 Writer DEBUG] Skipping output: not time yet (current=0.020, last=0.011705172633129791, period=0.01)
[HDF5 Writer DEBUG] timestep=34850022, current_time_ps=0.021, last_output_time=0.011705172633129791, write_count=2
[HDF5 Writer DEBUG] Skipping output: not time yet (current=0.021, last=0.011705172633129791, period=0.01)
[HDF5 Writer DEBUG] timestep=34850023, current_time_ps=0.022, last_output_time=0.011705172633129791, write_count=2
[HDF5 Writer DEBUG] Writing data point 2 at time 0.022 ps
✓ SWMR mode enabled - file can now be read concurrently
Simulation.timestep  Simulation.tps Time.elapsed_ps Performance.ns_per_day Performance.eta   Cavity.lambda Adaptive.error_tolerance
       34851032        69.00910         1.00061            5.65        12:44:25        4.20e-02        2.00e+00
       34852286        68.03098         2.00100            5.09        14:07:46        4.20e-02        2.00e+00
       34853464        67.72576         3.00158            5.04        14:16:56        4.20e-02        2.00e+00
       34854571        67.57774         4.00197            5.09        14:08:18        4.20e-02        2.00e+00
       34855756        67.51494         5.00243            5.05        14:14:11        4.20e-02        2.00e+00
       34856861        67.57077         6.00318            5.09        14:06:54        4.20e-02        2.00e+00
       34857984        67.55168         7.00395            5.11        14:04:15        4.20e-02        2.00e+00
       34859126        67.49635         8.00473            5.10        14:04:27        4.20e-02        2.00e+00
DEBUG @ t=34860000: current_coupling=0.042, last=0.042
       34860235        67.46261         9.00508            5.12        14:01:46        4.20e-02        2.00e+00
       34861355        67.53231        10.00565            5.13        13:59:09        4.20e-02        2.00e+00
       34862432        67.53024        11.00577            5.16        13:54:51        4.20e-02        2.00e+00
       34863549        67.53711        12.00598            5.16        13:53:34        4.20e-02        2.00e+00
       34864630        67.53196        13.00658            5.18        13:50:31        4.20e-02        2.00e+00
       34865752        67.61952        14.00713            5.19        13:48:53        4.20e-02        2.00e+00
       34866853        67.68444        15.00748            5.20        13:46:34        4.20e-02        2.00e+00
       34867945        67.70634        16.00816            5.21        13:44:30        4.20e-02        2.00e+00
       34869071        67.81248        17.00822            5.22        13:43:04        4.20e-02        2.00e+00
DEBUG @ t=34870000: current_coupling=0.042, last=0.042
       34870216        67.82565        18.00844            5.21        13:43:32        4.20e-02        2.00e+00
       34871288        67.79293        19.00915            5.22        13:41:38        4.20e-02        2.00e+00
       34872423        67.75338        20.00939            5.22        13:42:20        4.20e-02        2.00e+00
       34873501        67.73878        21.01005            5.23        13:40:40        4.20e-02        2.00e+00
       34874534        67.76591        22.01074            5.25        13:37:10        4.20e-02        2.00e+00
       34875646        67.77379        23.01091            5.25        13:36:40        4.20e-02        2.00e+00
       34876747        67.78186        24.01152            5.25        13:35:50        4.20e-02        2.00e+00
       34877838        67.75784        25.01226            5.26        13:35:07        4.20e-02        2.00e+00
       34879044        67.73982        26.01283            5.24        13:37:38        4.20e-02        2.00e+00
DEBUG @ t=34880000: current_coupling=0.042, last=0.042
       34880244        67.72100        27.01320            5.22        13:39:49        4.20e-02        2.00e+00
       34881405        67.70172        28.01329            5.21        13:40:50        4.20e-02        2.00e+00
       34882452        67.69783        29.01351            5.23        13:38:42        4.20e-02        2.00e+00
       34883582        67.69479        30.01365            5.22        13:38:43        4.20e-02        2.00e+00
       34884659        67.67908        31.01391            5.23        13:37:37        4.20e-02        2.00e+00
       34885843        67.67130        32.01408            5.22        13:38:56        4.20e-02        2.00e+00
       34887049        67.68848        33.01429            5.21        13:40:21        4.20e-02        2.00e+00
       34888230        67.69531        34.01511            5.20        13:41:13        4.20e-02        2.00e+00
       34889353        67.71208        35.01525            5.20        13:40:42        4.20e-02        2.00e+00
DEBUG @ t=34890000: current_coupling=0.042, last=0.042
       34890518        67.72720        36.01541            5.20        13:41:03        4.20e-02        2.00e+00
       34891524        67.71112        37.01644            5.21        13:38:35        4.20e-02        2.00e+00
       34892531        67.69882        38.01669            5.23        13:36:14        4.20e-02        2.00e+00
       34893701        67.68599        39.01735            5.22        13:37:03        4.20e-02        2.00e+00
       34894992        67.76243        40.01775            5.20        13:38:57        4.20e-02        2.00e+00
       34896193        67.77038        41.01776            5.20        13:39:55        4.20e-02        2.00e+00
       34897394        67.75938        42.01776            5.19        13:41:04        4.20e-02        2.00e+00
       34898511        67.74793        43.01805            5.19        13:40:43        4.20e-02        2.00e+00
       34899552        67.74196        44.01894            5.20        13:39:04        4.20e-02        2.00e+00
DEBUG @ t=34900000: current_coupling=0.042, last=0.042
[HDF5 Writer DEBUG] timestep=34900000, current_time_ps=44.477, last_output_time=44.46687912578569, write_count=4275
       34900554        67.73077        45.01909            5.21        13:36:55        4.20e-02        2.00e+00
       34901680        67.73200        46.01943            5.21        13:36:39        4.20e-02        2.00e+00
       34902822        67.72779        47.02021            5.21        13:36:42        4.20e-02        2.00e+00
       34904076        67.72974        48.02054            5.19        13:38:22        4.20e-02        2.00e+00
       34905294        67.73044        49.02066            5.19        13:39:26        4.20e-02        2.00e+00
       34906302        67.71598        50.02102            5.20        13:37:34        4.20e-02        2.00e+00
       34907339        67.70023        51.02159            5.20        13:36:12        4.20e-02        2.00e+00
       34908490        67.68904        52.02233            5.20        13:36:26        4.20e-02        2.00e+00
       34909782        67.68435        53.02290            5.18        13:38:29        4.20e-02        2.00e+00
DEBUG @ t=34910000: current_coupling=0.042, last=0.042
       34911132        67.69132        54.02362            5.17        13:41:06        4.20e-02        2.00e+00
       34912315        67.69961        55.02436            5.16        13:41:23        4.20e-02        2.00e+00
       34913497        67.69874        56.02496            5.16        13:41:44        4.20e-02        2.00e+00
       34914741        67.70565        57.02574            5.15        13:42:46        4.20e-02        2.00e+00
       34916104        67.70952        58.02607            5.13        13:45:16        4.20e-02        2.00e+00
       34917329        67.73040        59.02674            5.13        13:45:46        4.20e-02        2.00e+00
       34918470        67.73694        60.02707            5.13        13:45:24        4.20e-02        2.00e+00
       34919655        67.74353        61.02786            5.13        13:45:33        4.20e-02        2.00e+00
DEBUG @ t=34920000: current_coupling=0.042, last=0.042
       34920938        67.74982        62.02797            5.12        13:46:50        4.20e-02        2.00e+00
       34922133        67.74778        63.02864            5.11        13:47:09        4.20e-02        2.00e+00
       34923246        67.74319        64.02872            5.11        13:46:34        4.20e-02        2.00e+00
       34924331        67.74248        65.02954            5.12        13:45:38        4.20e-02        2.00e+00
       34925409        67.73673        66.02982            5.12        13:44:42        4.20e-02        2.00e+00
       34926510        67.73456        67.02997            5.13        13:44:00        4.20e-02        2.00e+00
       34927618        67.73389        68.03031            5.13        13:43:22        4.20e-02        2.00e+00
       34928828        67.73370        69.03060            5.12        13:43:48        4.20e-02        2.00e+00
       34929874        67.73582        70.03070            5.13        13:42:30        4.20e-02        2.00e+00
DEBUG @ t=34930000: current_coupling=0.042, last=0.042
       34931014        67.73296        71.03114            5.13        13:42:14        4.20e-02        2.00e+00
       34932205        67.72689        72.03198            5.13        13:42:31        4.20e-02        2.00e+00
       34933322        67.72167        73.03273            5.13        13:42:03        4.20e-02        2.00e+00
       34934380        67.71924        74.03326            5.13        13:40:59        4.20e-02        2.00e+00
       34935444        67.72393        75.03352            5.14        13:39:55        4.20e-02        2.00e+00
       34936504        67.72604        76.03428            5.14        13:38:51        4.20e-02        2.00e+00
       34937626        67.72759        77.03429            5.14        13:38:24        4.20e-02        2.00e+00
       34938728        67.72949        78.03479            5.15        13:37:46        4.20e-02        2.00e+00
       34939770        67.72837        79.03554            5.15        13:36:38        4.20e-02        2.00e+00
DEBUG @ t=34940000: current_coupling=0.042, last=0.042
       34940857        67.73063        80.03592            5.15        13:35:52        4.20e-02        2.00e+00
       34941989        67.72809        81.03668            5.15        13:35:35        4.20e-02        2.00e+00
       34943145        67.72580        82.03682            5.15        13:35:31        4.20e-02        2.00e+00
       34944268        67.72486        83.03741            5.15        13:35:08        4.20e-02        2.00e+00
       34945392        67.72450        84.03796            5.15        13:34:45        4.20e-02        2.00e+00
       34946464        67.71888        85.03818            5.16        13:34:00        4.20e-02        2.00e+00
       34947502        67.71910        86.03862            5.16        13:32:55        4.20e-02        2.00e+00
       34948541        67.71771        87.03913            5.17        13:31:52        4.20e-02        2.00e+00
       34949621        67.72405        88.03914            5.17        13:31:05        4.20e-02        2.00e+00
DEBUG @ t=34950000: current_coupling=0.042, last=0.042
       34950778        67.72818        89.03966            5.17        13:30:57        4.20e-02        2.00e+00
       34951980        67.73094        90.03966            5.17        13:31:12        4.20e-02        2.00e+00
       34953034        67.73383        91.04068            5.17        13:30:15        4.20e-02        2.00e+00
       34954008        67.72629        92.04104            5.18        13:28:50        4.20e-02        2.00e+00
       34955085        67.72257        93.04173            5.18        13:28:11        4.20e-02        2.00e+00
       34956182        67.73241        94.04210            5.18        13:27:32        4.20e-02        2.00e+00
       34957239        67.73023        95.04244            5.19        13:26:44        4.20e-02        2.00e+00
       34958371        67.73888        96.04294            5.19        13:26:23        4.20e-02        2.00e+00
       34959454        67.73626        97.04349            5.19        13:25:48        4.20e-02        2.00e+00
DEBUG @ t=34960000: current_coupling=0.042, last=0.042
       34960586        67.73021        98.04434            5.19        13:25:36        4.20e-02        2.00e+00
       34961673        67.72473        99.04462            5.19        13:25:06        4.20e-02        2.00e+00
       34962717        67.72119       100.04506            5.19        13:24:16        4.20e-02        2.00e+00
       34963889        67.72214       101.04524            5.19        13:24:17        4.20e-02        2.00e+00
       34965008        67.71672       102.04524            5.19        13:24:01        4.20e-02        2.00e+00
       34966207        67.71832       103.04566            5.19        13:24:13        4.20e-02        2.00e+00
       34967310        67.71034       104.04627            5.19        13:23:51        4.20e-02        2.00e+00
       34968460        67.70390       105.04704            5.19        13:23:48        4.20e-02        2.00e+00
       34969646        67.70611       106.04739            5.18        13:23:53        4.20e-02        2.00e+00
DEBUG @ t=34970000: current_coupling=0.042, last=0.042
       34970864        67.70404       107.04788            5.18        13:24:13        4.20e-02        2.00e+00
       34971950        67.70042       108.04859            5.18        13:23:42        4.20e-02        2.00e+00
       34973055        67.70074       109.04930            5.18        13:23:15        4.20e-02        2.00e+00
       34974253        67.69845       110.04953            5.18        13:23:27        4.20e-02        2.00e+00
       34975499        67.69818       111.05008            5.17        13:23:55        4.20e-02        2.00e+00
       34976671        67.71028       112.05022            5.17        13:23:45        4.20e-02        2.00e+00
       34977824        67.71672       113.05086            5.17        13:23:32        4.20e-02        2.00e+00
       34979058        67.71891       114.05164            5.17        13:23:52        4.20e-02        2.00e+00
DEBUG @ t=34980000: current_coupling=0.042, last=0.042
       34980210        67.72495       115.05207            5.17        13:23:39        4.20e-02        2.00e+00
       34981343        67.73309       116.05219            5.17        13:23:16        4.20e-02        2.00e+00
       34982561        67.75264       117.05243            5.17        13:23:17        4.20e-02        2.00e+00
       34983779        67.78686       118.05306            5.17        13:23:06        4.20e-02        2.00e+00
       34985048        67.81121       119.05323            5.16        13:23:21        4.20e-02        2.00e+00
       34986333        67.84194       120.05401            5.16        13:23:35        4.20e-02        2.00e+00
       34987608        67.83834       121.05455            5.16        13:24:09        4.20e-02        2.00e+00
       34988866        67.83482       122.05493            5.15        13:24:37        4.20e-02        2.00e+00
DEBUG @ t=34990000: current_coupling=0.042, last=0.042
       34990024        67.83259       123.05498            5.15        13:24:29        4.20e-02        2.00e+00
       34991196        67.84033       124.05585            5.15        13:24:18        4.20e-02        2.00e+00
       34992302        67.83815       125.05590            5.15        13:23:51        4.20e-02        2.00e+00
       34993356        67.83718       126.05617            5.15        13:23:07        4.20e-02        2.00e+00
       34994414        67.84009       127.05680            5.16        13:22:21        4.20e-02        2.00e+00
       34995638        67.84608       128.05723            5.15        13:22:29        4.20e-02        2.00e+00
       34996811        67.85582       129.05776            5.15        13:22:17        4.20e-02        2.00e+00
       34997999        67.85392       130.05828            5.15        13:22:18        4.20e-02        2.00e+00
       34999239        67.85189       131.05901            5.15        13:22:35        4.20e-02        2.00e+00
DEBUG @ t=35000000: current_coupling=0.042, last=0.042
[HDF5 Writer DEBUG] timestep=35000000, current_time_ps=131.764, last_output_time=131.75504062185425, write_count=12660
       35000321        67.85141       132.05970            5.15        13:22:00        4.20e-02        2.00e+00
       35001435        67.85665       133.06046            5.15        13:21:31        4.20e-02        2.00e+00
       35002617        67.86481       134.06050            5.15        13:21:23        4.20e-02        2.00e+00
       35003773        67.86766       135.06086            5.15        13:21:09        4.20e-02        2.00e+00
       35004858        67.86879       136.06131            5.15        13:20:35        4.20e-02        2.00e+00
       35005895        67.86619       137.06193            5.15        13:19:48        4.20e-02        2.00e+00
       35006982        67.86376       138.06227            5.16        13:19:18        4.20e-02        2.00e+00
       35008035        67.85850       139.06294            5.16        13:18:39        4.20e-02        2.00e+00
       35009297        67.86044       140.06352            5.15        13:18:58        4.20e-02        2.00e+00
DEBUG @ t=35010000: current_coupling=0.042, last=0.042
       35010382        67.85741       141.06428            5.16        13:18:28        4.20e-02        2.00e+00
       35011466        67.85550       142.06473            5.16        13:17:56        4.20e-02        2.00e+00
       35012629        67.85594       143.06519            5.16        13:17:47        4.20e-02        2.00e+00
       35013809        67.85376       144.06523            5.16        13:17:44        4.20e-02        2.00e+00
       35014981        67.85612       145.06606            5.15        13:17:36        4.20e-02        2.00e+00
       35016028        67.85317       146.06621            5.16        13:16:55        4.20e-02        2.00e+00
       35017319        67.85343       147.06628            5.15        13:17:22        4.20e-02        2.00e+00
       35018614        67.85566       148.06649            5.15        13:17:48        4.20e-02        2.00e+00
       35019795        67.85326       149.06727            5.15        13:17:45        4.20e-02        2.00e+00
DEBUG @ t=35020000: current_coupling=0.042, last=0.042
       35020953        67.85614       150.06735            5.15        13:17:31        4.20e-02        2.00e+00
       35022252        67.85914       151.06800            5.14        13:17:56        4.20e-02        2.00e+00
       35023398        67.86060       152.06835            5.14        13:17:40        4.20e-02        2.00e+00
       35024606        67.86056       153.06857            5.14        13:17:42        4.20e-02        2.00e+00
       35025774        67.86255       154.06903            5.14        13:17:31        4.20e-02        2.00e+00
       35027017        67.86441       155.06960            5.14        13:17:40        4.20e-02        2.00e+00
       35028208        67.86529       156.06974            5.13        13:17:36        4.20e-02        2.00e+00
       35029431        67.86637       157.07026            5.13        13:17:39        4.20e-02        2.00e+00
DEBUG @ t=35030000: current_coupling=0.042, last=0.042
       35030680        67.86789       158.07052            5.13        13:17:50        4.20e-02        2.00e+00
       35031951        67.87021       159.07107            5.13        13:18:05        4.20e-02        2.00e+00
       35033332        67.87780       160.07126            5.12        13:18:44        4.20e-02        2.00e+00
       35034620        67.87981       161.07200            5.12        13:19:03        4.20e-02        2.00e+00
       35035775        67.87722       162.07211            5.12        13:18:50        4.20e-02        2.00e+00
       35036866        67.87428       163.07213            5.12        13:18:21        4.20e-02        2.00e+00
       35037960        67.87274       164.07230            5.12        13:17:52        4.20e-02        2.00e+00
       35039111        67.87180       165.07313            5.12        13:17:37        4.20e-02        2.00e+00
DEBUG @ t=35040000: current_coupling=0.042, last=0.042
       35040313        67.86810       166.07318            5.12        13:17:37        4.20e-02        2.00e+00
       35041687        67.86572       167.07324            5.11        13:18:18        4.20e-02        2.00e+00
       35043023        67.87045       168.07383            5.11        13:18:45        4.20e-02        2.00e+00
       35044136        67.87151       169.07426            5.11        13:18:18        4.20e-02        2.00e+00
       35045322        67.87221       170.07490            5.11        13:18:10        4.20e-02        2.00e+00
       35046635        67.87120       171.07504            5.10        13:18:34        4.20e-02        2.00e+00
       35047907        67.87418       172.07541            5.10        13:18:44        4.20e-02        2.00e+00
       35049081        67.87237       173.07582            5.10        13:18:34        4.20e-02        2.00e+00
DEBUG @ t=35050000: current_coupling=0.042, last=0.042
       35050221        67.87299       174.07670            5.10        13:18:14        4.20e-02        2.00e+00
       35051252        67.87193       175.07736            5.10        13:17:29        4.20e-02        2.00e+00
       35052284        67.87106       176.07791            5.10        13:16:45        4.20e-02        2.00e+00
       35053259        67.87238       177.07849            5.11        13:15:46        4.20e-02        2.00e+00
       35054403        67.87151       178.07899            5.11        13:15:29        4.20e-02        2.00e+00
       35055593        67.87085       179.07942            5.11        13:15:22        4.20e-02        2.00e+00
       35056739        67.86978       180.08004            5.11        13:15:05        4.20e-02        2.00e+00
       35057863        67.87710       181.08022            5.11        13:14:37        4.20e-02        2.00e+00
       35058999        67.90034       182.08069            5.11        13:14:01        4.20e-02        2.00e+00
       35059944        67.89976       183.08075            5.12        13:12:59        4.20e-02        2.00e+00
DEBUG @ t=35060000: current_coupling=0.042, last=0.042
       35060961        67.89788       184.08126            5.12        13:12:14        4.20e-02        2.00e+00
       35062148        67.89865       185.08186            5.12        13:12:05        4.20e-02        2.00e+00
       35063214        67.89817       186.08275            5.12        13:11:30        4.20e-02        2.00e+00
       35064270        67.89920       187.08339            5.12        13:10:53        4.20e-02        2.00e+00
       35065351        67.89849       188.08404            5.12        13:10:22        4.20e-02        2.00e+00
       35066452        67.89863       189.08428            5.12        13:09:55        4.20e-02        2.00e+00
       35067521        67.90561       190.08456            5.13        13:09:17        4.20e-02        2.00e+00
       35068616        67.91215       191.08492            5.13        13:08:45        4.20e-02        2.00e+00
       35069719        67.91370       192.08528            5.13        13:08:18        4.20e-02        2.00e+00
DEBUG @ t=35070000: current_coupling=0.042, last=0.042
       35070828        67.91183       193.08583            5.13        13:07:55        4.20e-02        2.00e+00
       35071978        67.91066       194.08631            5.13        13:07:40        4.20e-02        2.00e+00
       35073122        67.91137       195.08633            5.13        13:07:23        4.20e-02        2.00e+00
       35074246        67.91550       196.08716            5.13        13:06:59        4.20e-02        2.00e+00
       35075354        67.91415       197.08728            5.13        13:06:35        4.20e-02        2.00e+00
       35076511        67.91450       198.08753            5.13        13:06:21        4.20e-02        2.00e+00
       35077703        67.91689       199.08817            5.13        13:06:12        4.20e-02        2.00e+00
SWITCH DETECTED at timestep 35078737: t = 200.000863 ps
  Forcing immediate timestep adjustment for shock dampening
Added F(k,t) reference 1 at t = 200.002 ps
       35078828        67.91974       200.08820            5.13        13:05:49        4.20e-02        2.00e+00
       35079868        67.92105       201.08869            5.13        13:05:10        4.20e-02        2.00e+00
DEBUG @ t=35080000: current_coupling=0.042, last=0.042
       35080914        67.92012       202.08915            5.14        13:04:34        4.20e-02        2.00e+00
       35082098        67.92415       203.08976            5.13        13:04:23        4.20e-02        2.00e+00
       35083236        67.92829       204.09052            5.14        13:04:02        4.20e-02        2.00e+00
       35084365        67.92931       205.09089            5.14        13:03:41        4.20e-02        2.00e+00
       35085607        67.93006       206.09153            5.13        13:03:44        4.20e-02        2.00e+00
       35086791        67.92995       207.09182            5.13        13:03:35        4.20e-02        2.00e+00
       35087979        67.92760       208.09254            5.13        13:03:28        4.20e-02        2.00e+00
       35089213        67.92726       209.09304            5.13        13:03:29        4.20e-02        2.00e+00
DEBUG @ t=35090000: current_coupling=0.042, last=0.042
       35090477        67.93380       210.09322            5.13        13:03:31        4.20e-02        2.00e+00
       35091684        67.93581       211.09372            5.13        13:03:25        4.20e-02        2.00e+00
       35092810        67.93390       212.09427            5.13        13:03:06        4.20e-02        2.00e+00
       35093887        67.93453       213.09501            5.13        13:02:35        4.20e-02        2.00e+00
       35094922        67.93384       214.09599            5.13        13:01:58        4.20e-02        2.00e+00
       35095946        67.93076       215.09661            5.13        13:01:20        4.20e-02        2.00e+00
       35097086        67.92854       216.09680            5.13        13:01:04        4.20e-02        2.00e+00
       35098171        67.93139       217.09767            5.13        13:00:34        4.20e-02        2.00e+00
       35099290        67.93090       218.09844            5.13        13:00:13        4.20e-02        2.00e+00
DEBUG @ t=35100000: current_coupling=0.042, last=0.042
[HDF5 Writer DEBUG] timestep=35100000, current_time_ps=218.714, last_output_time=218.70827921760073, write_count=20984
       35100411        67.93402       219.09933            5.14        12:59:49        4.20e-02        2.00e+00
       35101404        67.93261       220.09988            5.14        12:59:06        4.20e-02        2.00e+00
       35102522        67.93129       221.10045            5.14        12:58:45        4.20e-02        2.00e+00
       35103820        67.93130       222.10118            5.14        12:58:57        4.20e-02        2.00e+00
       35104822        67.92768       223.10201            5.14        12:58:16        4.20e-02        2.00e+00
       35105870        67.92813       224.10255            5.14        12:57:42        4.20e-02        2.00e+00
       35106873        67.92430       225.10265            5.14        12:57:02        4.20e-02        2.00e+00
       35107984        67.92168       226.10330            5.14        12:56:42        4.20e-02        2.00e+00
       35109012        67.91960       227.10409            5.14        12:56:06        4.20e-02        2.00e+00
DEBUG @ t=35110000: current_coupling=0.042, last=0.042
       35110167        67.91645       228.10425            5.14        12:55:54        4.20e-02        2.00e+00
       35111311        67.91426       229.10446            5.14        12:55:39        4.20e-02        2.00e+00
       35112364        67.91481       230.10544            5.15        12:55:06        4.20e-02        2.00e+00
       35113414        67.91855       231.10570            5.15        12:54:31        4.20e-02        2.00e+00
       35114445        67.92160       232.10601            5.15        12:53:53        4.20e-02        2.00e+00
       35115391        67.92233       233.10667            5.15        12:53:02        4.20e-02        2.00e+00
       35116312        67.92043       234.10692            5.16        12:52:08        4.20e-02        2.00e+00
       35117247        67.91714       235.10694            5.16        12:51:19        4.20e-02        2.00e+00
       35118300        67.91663       236.10740            5.16        12:50:48        4.20e-02        2.00e+00
       35119356        67.91997       237.10797            5.17        12:50:15        4.20e-02        2.00e+00
DEBUG @ t=35120000: current_coupling=0.042, last=0.042
       35120393        67.92291       238.10843            5.17        12:49:39        4.20e-02        2.00e+00
       35121415        67.92077       239.10863            5.17        12:49:04        4.20e-02        2.00e+00
       35122465        67.91928       240.10954            5.17        12:48:34        4.20e-02        2.00e+00
       35123507        67.91823       241.11039            5.17        12:48:02        4.20e-02        2.00e+00
       35124554        67.91652       242.11129            5.17        12:47:32        4.20e-02        2.00e+00
       35125603        67.91828       243.11167            5.18        12:47:00        4.20e-02        2.00e+00
       35126634        67.91946       244.11180            5.18        12:46:25        4.20e-02        2.00e+00
       35127730        67.92133       245.11193            5.18        12:46:01        4.20e-02        2.00e+00
       35128792        67.92238       246.11206            5.18        12:45:32        4.20e-02        2.00e+00
DEBUG @ t=35130000: current_coupling=0.042, last=0.042
       35130019        67.92420       247.11219            5.18        12:45:29        4.20e-02        2.00e+00
       35131230        67.92838       248.11251            5.18        12:45:22        4.20e-02        2.00e+00
       35132381        67.92971       249.11284            5.18        12:45:08        4.20e-02        2.00e+00
       35133526        67.93057       250.11341            5.18        12:44:52        4.20e-02        2.00e+00
       35134578        67.92998       251.11373            5.18        12:44:23        4.20e-02        2.00e+00
       35135736        67.92993       252.11391            5.18        12:44:10        4.20e-02        2.00e+00
       35136906        67.92897       253.11411            5.18        12:44:00        4.20e-02        2.00e+00
       35137924        67.92836       254.11464            5.18        12:43:25        4.20e-02        2.00e+00
       35139012        67.92963       255.11487            5.18        12:43:00        4.20e-02        2.00e+00
DEBUG @ t=35140000: current_coupling=0.042, last=0.042
       35140147        67.93153       256.11562            5.18        12:42:42        4.20e-02        2.00e+00
       35141215        67.93043       257.11617            5.18        12:42:16        4.20e-02        2.00e+00
       35142153        67.93087       258.11649            5.19        12:41:29        4.20e-02        2.00e+00
       35143161        67.93388       259.11698            5.19        12:40:50        4.20e-02        2.00e+00
       35144278        67.93370       260.11765            5.19        12:40:32        4.20e-02        2.00e+00
       35145317        67.93355       261.11784            5.19        12:40:01        4.20e-02        2.00e+00
       35146302        67.93302       262.11796            5.19        12:39:22        4.20e-02        2.00e+00
       35147412        67.93152       263.11863            5.19        12:39:03        4.20e-02        2.00e+00
       35148551        67.93209       264.11894            5.19        12:38:47        4.20e-02        2.00e+00
       35149608        67.93450       265.11943            5.19        12:38:18        4.20e-02        2.00e+00
DEBUG @ t=35150000: current_coupling=0.042, last=0.042
       35150762        67.93357       266.12029            5.19        12:38:05        4.20e-02        2.00e+00
       35151903        67.93057       267.12110            5.19        12:37:52        4.20e-02        2.00e+00
       35152974        67.92837       268.12176            5.19        12:37:28        4.20e-02        2.00e+00
       35154069        67.93383       269.12242            5.19        12:37:02        4.20e-02        2.00e+00
       35155154        67.93595       270.12296            5.20        12:36:37        4.20e-02        2.00e+00
       35156240        67.93688       271.12297            5.20        12:36:14        4.20e-02        2.00e+00
       35157372        67.93608       272.12312            5.20        12:35:58        4.20e-02        2.00e+00
       35158498        67.93790       273.12341            5.20        12:35:39        4.20e-02        2.00e+00
       35159602        67.93618       274.12431            5.20        12:35:20        4.20e-02        2.00e+00
DEBUG @ t=35160000: current_coupling=0.042, last=0.042
       35160679        67.93510       275.12522            5.20        12:34:56        4.20e-02        2.00e+00
       35161799        67.93357       276.12549            5.20        12:34:39        4.20e-02        2.00e+00
       35162957        67.93281       277.12560            5.20        12:34:27        4.20e-02        2.00e+00
       35164087        67.93119       278.12616            5.20        12:34:12        4.20e-02        2.00e+00
       35165205        67.92956       279.12629            5.20        12:33:55        4.20e-02        2.00e+00
       35166347        67.92861       280.12686            5.20        12:33:40        4.20e-02        2.00e+00
       35167532        67.92795       281.12727            5.20        12:33:32        4.20e-02        2.00e+00
       35168653        67.92827       282.12762            5.20        12:33:14        4.20e-02        2.00e+00
       35169753        67.92634       283.12815            5.20        12:32:54        4.20e-02        2.00e+00
DEBUG @ t=35170000: current_coupling=0.042, last=0.042
       35170877        67.92649       284.12867            5.20        12:32:37        4.20e-02        2.00e+00
       35171927        67.92643       285.12909            5.20        12:32:09        4.20e-02        2.00e+00
       35173033        67.92727       286.12911            5.20        12:31:48        4.20e-02        2.00e+00
       35174146        67.93249       287.12986            5.20        12:31:26        4.20e-02        2.00e+00
       35175227        67.94010       288.13076            5.20        12:30:57        4.20e-02        2.00e+00
       35176275        67.94070       289.13138            5.20        12:30:29        4.20e-02        2.00e+00
       35177367        67.93917       290.13228            5.20        12:30:08        4.20e-02        2.00e+00
       35178416        67.93904       291.13240            5.20        12:29:41        4.20e-02        2.00e+00
       35179391        67.93759       292.13343            5.21        12:29:04        4.20e-02        2.00e+00
DEBUG @ t=35180000: current_coupling=0.042, last=0.042
       35180440        67.93753       293.13357            5.21        12:28:37        4.20e-02        2.00e+00
       35181504        67.93885       294.13407            5.21        12:28:11        4.20e-02        2.00e+00
       35182581        67.94127       295.13467            5.21        12:27:46        4.20e-02        2.00e+00
       35183712        67.94985       296.13551            5.21        12:27:24        4.20e-02        2.00e+00
       35184810        67.95068       297.13557            5.21        12:27:03        4.20e-02        2.00e+00
       35185902        67.95136       298.13577            5.21        12:26:41        4.20e-02        2.00e+00
       35187025        67.95491       299.13633            5.21        12:26:22        4.20e-02        2.00e+00
       35188165        67.95721       300.13719            5.21        12:26:05        4.20e-02        2.00e+00
       35189260        67.95604       301.13791            5.21        12:25:45        4.20e-02        2.00e+00
DEBUG @ t=35190000: current_coupling=0.042, last=0.042
       35190359        67.95436       302.13877            5.21        12:25:26        4.20e-02        2.00e+00
       35191412        67.95264       303.13964            5.21        12:25:01        4.20e-02        2.00e+00
       35192490        67.95067       304.14024            5.21        12:24:39        4.20e-02        2.00e+00
       35193670        67.95093       305.14027            5.21        12:24:29        4.20e-02        2.00e+00
       35194677        67.94903       306.14040            5.21        12:23:58        4.20e-02        2.00e+00
       35195792        67.94797       307.14131            5.21        12:23:41        4.20e-02        2.00e+00
       35196858        67.94623       308.14161            5.21        12:23:18        4.20e-02        2.00e+00
       35198020        67.94510       309.14218            5.21        12:23:07        4.20e-02        2.00e+00
       35199130        67.94486       310.14286            5.21        12:22:48        4.20e-02        2.00e+00
DEBUG @ t=35200000: current_coupling=0.042, last=0.042
[HDF5 Writer DEBUG] timestep=35200000, current_time_ps=310.979, last_output_time=310.9747713881923, write_count=29815
       35200158        67.94535       311.14385            5.22        12:22:18        4.20e-02        2.00e+00
       35201175        67.94486       312.14410            5.22        12:21:48        4.20e-02        2.00e+00
       35202242        67.94237       313.14440            5.22        12:21:26        4.20e-02        2.00e+00
       35203339        67.94199       314.14506            5.22        12:21:06        4.20e-02        2.00e+00
       35204453        67.94516       315.14544            5.22        12:20:46        4.20e-02        2.00e+00
       35205580        67.94727       316.14623            5.22        12:20:28        4.20e-02        2.00e+00
       35206727        67.94485       317.14626            5.22        12:20:16        4.20e-02        2.00e+00
       35207762        67.94263       318.14631            5.22        12:19:50        4.20e-02        2.00e+00
       35208841        67.94040       319.14702            5.22        12:19:29        4.20e-02        2.00e+00
       35209977        67.93851       320.14800            5.22        12:19:15        4.20e-02        2.00e+00
DEBUG @ t=35210000: current_coupling=0.042, last=0.042
       35211021        67.93604       321.14851            5.22        12:18:50        4.20e-02        2.00e+00
       35212152        67.93489       322.14917            5.22        12:18:35        4.20e-02        2.00e+00
       35213249        67.93335       323.14951            5.22        12:18:16        4.20e-02        2.00e+00
       35214394        67.93188       324.14965            5.22        12:18:03        4.20e-02        2.00e+00
       35215533        67.93367       325.15036            5.22        12:17:47        4.20e-02        2.00e+00
       35216632        67.93351       326.15077            5.22        12:17:27        4.20e-02        2.00e+00
       35217703        67.93272       327.15134            5.22        12:17:05        4.20e-02        2.00e+00
       35218823        67.93368       328.15180            5.22        12:16:47        4.20e-02        2.00e+00
       35219978        67.94052       329.15240            5.22        12:16:30        4.20e-02        2.00e+00
DEBUG @ t=35220000: current_coupling=0.042, last=0.042
       35221073        67.94054       330.15322            5.22        12:16:10        4.20e-02        2.00e+00
       35222143        67.93960       331.15399            5.22        12:15:47        4.20e-02        2.00e+00
       35223240        67.93873       332.15419            5.22        12:15:28        4.20e-02        2.00e+00
       35224284        67.93729       333.15493            5.22        12:15:03        4.20e-02        2.00e+00
       35225310        67.94202       334.15554            5.23        12:14:32        4.20e-02        2.00e+00
       35226306        67.94244       335.15640            5.23        12:14:00        4.20e-02        2.00e+00
       35227331        67.94239       336.15666            5.23        12:13:32        4.20e-02        2.00e+00
       35228334        67.94207       337.15769            5.23        12:13:02        4.20e-02        2.00e+00
       35229367        67.94108       338.15859            5.23        12:12:35        4.20e-02        2.00e+00
DEBUG @ t=35230000: current_coupling=0.042, last=0.042
       35230387        67.93968       339.15922            5.23        12:12:08        4.20e-02        2.00e+00
       35231357        67.93893       340.15978            5.24        12:11:34        4.20e-02        2.00e+00
       35232346        67.93742       341.16075            5.24        12:11:03        4.20e-02        2.00e+00
       35233405        67.93643       342.16088            5.24        12:10:41        4.20e-02        2.00e+00
       35234514        67.93691       343.16139            5.24        12:10:22        4.20e-02        2.00e+00
       35235604        67.93523       344.16188            5.24        12:10:03        4.20e-02        2.00e+00
       35236778        67.93719       345.16226            5.24        12:09:52        4.20e-02        2.00e+00
       35237888        67.93637       346.16293            5.24        12:09:34        4.20e-02        2.00e+00
       35238918        67.93514       347.16302            5.24        12:09:08        4.20e-02        2.00e+00
       35239919        67.93511       348.16363            5.24        12:08:38        4.20e-02        2.00e+00
DEBUG @ t=35240000: current_coupling=0.042, last=0.042
       35240995        67.94084       349.16408            5.24        12:08:13        4.20e-02        2.00e+00
       35242102        67.94048       350.16450            5.24        12:07:56        4.20e-02        2.00e+00
       35243172        67.93979       351.16460            5.24        12:07:34        4.20e-02        2.00e+00
       35244178        67.93892       352.16473            5.24        12:07:05        4.20e-02        2.00e+00
       35245231        67.93795       353.16515            5.24        12:06:42        4.20e-02        2.00e+00
       35246288        67.93742       354.16537            5.25        12:06:19        4.20e-02        2.00e+00
       35247307        67.93696       355.16558            5.25        12:05:52        4.20e-02        2.00e+00
       35248361        67.93557       356.16646            5.25        12:05:29        4.20e-02        2.00e+00
       35249438        67.93391       357.16729            5.25        12:05:09        4.20e-02        2.00e+00
DEBUG @ t=35250000: current_coupling=0.042, last=0.042
       35250445        67.93210       358.16823            5.25        12:04:42        4.20e-02        2.00e+00
       35251637        67.93091       359.16900            5.25        12:04:34        4.20e-02        2.00e+00
       35252784        67.93137       360.16955            5.25        12:04:20        4.20e-02        2.00e+00
       35253977        67.93148       361.17031            5.25        12:04:12        4.20e-02        2.00e+00
       35255017        67.93007       362.17080            5.25        12:03:48        4.20e-02        2.00e+00
       35256086        67.92977       363.17082            5.25        12:03:26        4.20e-02        2.00e+00
       35257144        67.92907       364.17121            5.25        12:03:03        4.20e-02        2.00e+00
       35258222        67.92786       365.17129            5.25        12:02:44        4.20e-02        2.00e+00
       35259314        67.92717       366.17207            5.25        12:02:25        4.20e-02        2.00e+00
DEBUG @ t=35260000: current_coupling=0.042, last=0.042
       35260310        67.92602       367.17277            5.25        12:01:56        4.20e-02        2.00e+00
       35261318        67.92586       368.17287            5.25        12:01:28        4.20e-02        2.00e+00
       35262428        67.92473       369.17331            5.25        12:01:12        4.20e-02        2.00e+00
       35263624        67.92435       370.17332            5.25        12:01:04        4.20e-02        2.00e+00
       35264660        67.92471       371.17397            5.25        12:00:38        4.20e-02        2.00e+00
       35265650        67.92386       372.17434            5.25        12:00:09        4.20e-02        2.00e+00
       35266941        67.92806       373.17467            5.25        12:00:08        4.20e-02        2.00e+00
       35268174        67.93023       374.17543            5.25        12:00:02        4.20e-02        2.00e+00
       35269265        67.93172       375.17627            5.25        11:59:42        4.20e-02        2.00e+00
DEBUG @ t=35270000: current_coupling=0.042, last=0.042
       35270420        67.93596       376.17628            5.25        11:59:26        4.20e-02        2.00e+00
       35271785        67.94112       377.17665            5.25        11:59:32        4.20e-02        2.00e+00
       35272890        67.94309       378.17674            5.25        11:59:13        4.20e-02        2.00e+00
       35274143        67.94372       379.17698            5.25        11:59:10        4.20e-02        2.00e+00
       35275397        67.94638       380.17706            5.25        11:59:05        4.20e-02        2.00e+00
       35276407        67.94587       381.17767            5.25        11:58:38        4.20e-02        2.00e+00
       35277395        67.94463       382.17788            5.25        11:58:09        4.20e-02        2.00e+00
       35278440        67.94279       383.17879            5.25        11:57:46        4.20e-02        2.00e+00
       35279481        67.94228       384.17929            5.25        11:57:22        4.20e-02        2.00e+00
DEBUG @ t=35280000: current_coupling=0.042, last=0.042
       35280622        67.94362       385.17972            5.25        11:57:07        4.20e-02        2.00e+00
       35281770        67.94287       386.17973            5.25        11:56:54        4.20e-02        2.00e+00
       35282704        67.94078       387.17982            5.25        11:56:21        4.20e-02        2.00e+00
       35283836        67.93950       388.18016            5.25        11:56:07        4.20e-02        2.00e+00
       35285110        67.93893       389.18054            5.25        11:56:06        4.20e-02        2.00e+00
       35286332        67.93787       390.18095            5.25        11:56:00        4.20e-02        2.00e+00
       35287590        67.93898       391.18135            5.25        11:55:57        4.20e-02        2.00e+00
       35288557        67.93822       392.18185            5.25        11:55:26        4.20e-02        2.00e+00
       35289681        67.93665       393.18225            5.25        11:55:11        4.20e-02        2.00e+00
DEBUG @ t=35290000: current_coupling=0.042, last=0.042
       35290887        67.93697       394.18286            5.25        11:55:03        4.20e-02        2.00e+00
       35291830        67.93517       395.18360            5.25        11:54:30        4.20e-02        2.00e+00
       35293090        67.93707       396.18435            5.25        11:54:26        4.20e-02        2.00e+00
       35294256        67.94309       397.18522            5.25        11:54:11        4.20e-02        2.00e+00
       35295318        67.94170       398.18554            5.25        11:53:49        4.20e-02        2.00e+00
       35296551        67.94170       399.18623            5.25        11:53:44        4.20e-02        2.00e+00
Added F(k,t) reference 2 at t = 400.002 ps
       35297787        67.94125       400.18674            5.25        11:53:39        4.20e-02        2.00e+00
       35298772        67.94002       401.18740            5.25        11:53:10        4.20e-02        2.00e+00
       35299882        67.94009       402.18781            5.25        11:52:53        4.20e-02        2.00e+00
DEBUG @ t=35300000: current_coupling=0.042, last=0.042
[HDF5 Writer DEBUG] timestep=35300000, current_time_ps=402.318, last_output_time=402.31546518792527, write_count=38577
       35300797        67.93910       403.18851            5.25        11:52:18        4.20e-02        2.00e+00
       35301815        67.94081       404.18909            5.25        11:51:51        4.20e-02        2.00e+00
       35302999        67.94251       405.18911            5.25        11:51:39        4.20e-02        2.00e+00
       35304080        67.94289       406.18914            5.25        11:51:19        4.20e-02        2.00e+00
       35305147        67.94318       407.18938            5.25        11:50:58        4.20e-02        2.00e+00
       35306198        67.94387       408.18939            5.25        11:50:35        4.20e-02        2.00e+00
       35307303        67.94587       409.18975            5.25        11:50:16        4.20e-02        2.00e+00
       35308390        67.94974       410.19063            5.25        11:49:54        4.20e-02        2.00e+00
       35309465        67.95362       411.19129            5.25        11:49:31        4.20e-02        2.00e+00
DEBUG @ t=35310000: current_coupling=0.042, last=0.042
       35310501        67.95298       412.19130            5.25        11:49:07        4.20e-02        2.00e+00
       35311647        67.95317       413.19164            5.25        11:48:53        4.20e-02        2.00e+00
       35312692        67.95213       414.19204            5.26        11:48:31        4.20e-02        2.00e+00
       35313640        67.95186       415.19247            5.26        11:47:59        4.20e-02        2.00e+00
       35314856        67.95531       416.19302            5.26        11:47:50        4.20e-02        2.00e+00
       35315971        67.96034       417.19356            5.26        11:47:30        4.20e-02        2.00e+00
       35317035        67.96429       418.19368            5.26        11:47:06        4.20e-02        2.00e+00
       35318254        67.96623       419.19453            5.26        11:46:58        4.20e-02        2.00e+00
       35319461        67.96640       420.19509            5.26        11:46:49        4.20e-02        2.00e+00
DEBUG @ t=35320000: current_coupling=0.042, last=0.042
       35320615        67.96648       421.19559            5.26        11:46:36        4.20e-02        2.00e+00
       35321654        67.96915       422.19632            5.26        11:46:11        4.20e-02        2.00e+00
       35322714        67.97222       423.19705            5.26        11:45:47        4.20e-02        2.00e+00
       35323750        67.97273       424.19737            5.26        11:45:23        4.20e-02        2.00e+00
       35324804        67.97335       425.19760            5.26        11:45:01        4.20e-02        2.00e+00
       35326015        67.97195       426.19782            5.26        11:44:53        4.20e-02        2.00e+00
       35327272        67.97359       427.19806            5.26        11:44:48        4.20e-02        2.00e+00
       35328506        67.98341       428.19815            5.26        11:44:36        4.20e-02        2.00e+00
       35329472        67.98807       429.19857            5.26        11:44:03        4.20e-02        2.00e+00
DEBUG @ t=35330000: current_coupling=0.042, last=0.042
       35330592        67.98760       430.19889            5.26        11:43:47        4.20e-02        2.00e+00
       35331903        67.99278       431.19894            5.26        11:43:45        4.20e-02        2.00e+00
       35333107        68.00028       432.19914            5.26        11:43:31        4.20e-02        2.00e+00
       35334312        68.00262       433.19973            5.26        11:43:21        4.20e-02        2.00e+00
       35335555        68.00284       434.20046            5.25        11:43:15        4.20e-02        2.00e+00
       35336747        68.00422       435.20094            5.25        11:43:04        4.20e-02        2.00e+00
       35337975        68.00401       436.20169            5.25        11:42:57        4.20e-02        2.00e+00
       35339157        68.00372       437.20211            5.25        11:42:46        4.20e-02        2.00e+00
DEBUG @ t=35340000: current_coupling=0.042, last=0.042
       35340273        68.00492       438.20240            5.25        11:42:29        4.20e-02        2.00e+00
       35341415        68.00639       439.20272            5.25        11:42:13        4.20e-02        2.00e+00
       35342426        68.00768       440.20308            5.25        11:41:47        4.20e-02        2.00e+00
       35343445        68.00761       441.20314            5.25        11:41:22        4.20e-02        2.00e+00
       35344573        68.00869       442.20360            5.25        11:41:05        4.20e-02        2.00e+00
       35345708        68.00967       443.20430            5.25        11:40:50        4.20e-02        2.00e+00
       35346841        68.00885       444.20482            5.25        11:40:35        4.20e-02        2.00e+00
       35347927        68.01011       445.20539            5.25        11:40:15        4.20e-02        2.00e+00
       35348982        68.00871       446.20573            5.25        11:39:54        4.20e-02        2.00e+00
DEBUG @ t=35350000: current_coupling=0.042, last=0.042
       35350123        68.00697       447.20634            5.25        11:39:40        4.20e-02        2.00e+00
       35351220        68.00553       448.20697            5.25        11:39:23        4.20e-02        2.00e+00
       35352333        68.00390       449.20785            5.25        11:39:07        4.20e-02        2.00e+00
       35353494        68.00249       450.20836            5.25        11:38:55        4.20e-02        2.00e+00
       35354569        68.00160       451.20846            5.25        11:38:35        4.20e-02        2.00e+00
       35355635        67.99973       452.20902            5.25        11:38:16        4.20e-02        2.00e+00
       35356686        67.99829       453.20933            5.25        11:37:55        4.20e-02        2.00e+00
       35357830        67.99824       454.21001            5.25        11:37:40        4.20e-02        2.00e+00
       35358938        67.99769       455.21025            5.25        11:37:23        4.20e-02        2.00e+00
DEBUG @ t=35360000: current_coupling=0.042, last=0.042
       35360005        67.99677       456.21098            5.26        11:37:03        4.20e-02        2.00e+00
       35361075        67.99594       457.21187            5.26        11:36:43        4.20e-02        2.00e+00
       35362162        67.99692       458.21259            5.26        11:36:24        4.20e-02        2.00e+00
       35363239        67.99615       459.21287            5.26        11:36:04        4.20e-02        2.00e+00
       35364344        67.99619       460.21357            5.26        11:35:47        4.20e-02        2.00e+00
       35365487        67.99896       461.21376            5.26        11:35:31        4.20e-02        2.00e+00
       35366610        68.00203       462.21450            5.26        11:35:13        4.20e-02        2.00e+00
       35367655        68.00255       463.21534            5.26        11:34:50        4.20e-02        2.00e+00
       35368700        68.00192       464.21541            5.26        11:34:28        4.20e-02        2.00e+00
       35369792        68.00079       465.21546            5.26        11:34:10        4.20e-02        2.00e+00
DEBUG @ t=35370000: current_coupling=0.042, last=0.042
       35370916        67.99942       466.21589            5.26        11:33:55        4.20e-02        2.00e+00
       35371912        67.99775       467.21645            5.26        11:33:30        4.20e-02        2.00e+00
       35372925        67.99674       468.21685            5.26        11:33:06        4.20e-02        2.00e+00
       35373983        67.99615       469.21695            5.26        11:32:45        4.20e-02        2.00e+00
       35375049        67.99618       470.21707            5.26        11:32:25        4.20e-02        2.00e+00
       35376075        67.99525       471.21772            5.26        11:32:02        4.20e-02        2.00e+00
       35377201        67.99914       472.21842            5.26        11:31:43        4.20e-02        2.00e+00
       35378317        67.99876       473.21923            5.26        11:31:27        4.20e-02        2.00e+00
       35379362        67.99811       474.21928            5.26        11:31:05        4.20e-02        2.00e+00
DEBUG @ t=35380000: current_coupling=0.042, last=0.042
       35380497        67.99681       475.21937            5.26        11:30:51        4.20e-02        2.00e+00
       35381713        67.99543       476.22007            5.26        11:30:43        4.20e-02        2.00e+00
       35382770        67.99363       477.22035            5.26        11:30:23        4.20e-02        2.00e+00
       35383916        67.99433       478.22052            5.26        11:30:09        4.20e-02        2.00e+00
       35385079        67.99364       479.22108            5.26        11:29:56        4.20e-02        2.00e+00
       35386148        67.99557       480.22196            5.26        11:29:35        4.20e-02        2.00e+00
       35387229        67.99673       481.22270            5.26        11:29:15        4.20e-02        2.00e+00
       35388295        67.99586       482.22272            5.26        11:28:55        4.20e-02        2.00e+00
       35389372        67.99529       483.22314            5.26        11:28:36        4.20e-02        2.00e+00
DEBUG @ t=35390000: current_coupling=0.042, last=0.042
       35390527        67.99500       484.22334            5.26        11:28:23        4.20e-02        2.00e+00
       35391581        67.99378       485.22428            5.26        11:28:02        4.20e-02        2.00e+00
       35392561        67.99245       486.22520            5.26        11:27:36        4.20e-02        2.00e+00
       35393608        67.99164       487.22532            5.26        11:27:15        4.20e-02        2.00e+00
       35394719        67.99197       488.22598            5.27        11:26:58        4.20e-02        2.00e+00
       35395960        67.99382       489.22631            5.26        11:26:50        4.20e-02        2.00e+00
       35397137        67.99381       490.22699            5.26        11:26:38        4.20e-02        2.00e+00
       35398234        67.99314       491.22784            5.26        11:26:21        4.20e-02        2.00e+00
       35399285        67.99329       492.22806            5.26        11:25:59        4.20e-02        2.00e+00
DEBUG @ t=35400000: current_coupling=0.042, last=0.042
[HDF5 Writer DEBUG] timestep=35400000, current_time_ps=492.885, last_output_time=492.8774350852752, write_count=47222
       35400407        67.99440       493.22874            5.26        11:25:43        4.20e-02        2.00e+00
       35401569        67.99442       494.22948            5.26        11:25:29        4.20e-02        2.00e+00
       35402731        67.99391       495.23000            5.26        11:25:17        4.20e-02        2.00e+00
       35403951        67.99620       496.23027            5.26        11:25:07        4.20e-02        2.00e+00
       35405131        67.99765       497.23071            5.26        11:24:54        4.20e-02        2.00e+00
       35406343        68.00022       498.23094            5.26        11:24:43        4.20e-02        2.00e+00
       35407489        67.99922       499.23177            5.26        11:24:29        4.20e-02        2.00e+00
       35408594        67.99884       500.23180            5.26        11:24:12        4.20e-02        2.00e+00
       35409660        67.99807       501.23227            5.26        11:23:52        4.20e-02        2.00e+00
DEBUG @ t=35410000: current_coupling=0.042, last=0.042
       35410657        67.99679       502.23228            5.26        11:23:28        4.20e-02        2.00e+00
       35411747        67.99622       503.23275            5.26        11:23:10        4.20e-02        2.00e+00
       35412817        67.99553       504.23363            5.26        11:22:51        4.20e-02        2.00e+00
       35413917        67.99527       505.23378            5.26        11:22:33        4.20e-02        2.00e+00
       35414909        67.99393       506.23378            5.26        11:22:09        4.20e-02        2.00e+00
       35415981        67.99303       507.23420            5.26        11:21:49        4.20e-02        2.00e+00
       35417051        67.99231       508.23475            5.26        11:21:30        4.20e-02        2.00e+00
       35418149        67.99139       509.23540            5.27        11:21:13        4.20e-02        2.00e+00
       35419224        67.99001       510.23550            5.27        11:20:54        4.20e-02        2.00e+00
DEBUG @ t=35420000: current_coupling=0.042, last=0.042
       35420280        67.98920       511.23643            5.27        11:20:34        4.20e-02        2.00e+00
       35421335        67.98849       512.23734            5.27        11:20:14        4.20e-02        2.00e+00
       35422320        67.98814       513.23796            5.27        11:19:48        4.20e-02        2.00e+00
       35423323        67.98709       514.23825            5.27        11:19:24        4.20e-02        2.00e+00
       35424294        67.98612       515.23865            5.27        11:18:58        4.20e-02        2.00e+00
       35425270        67.98523       516.23873            5.27        11:18:33        4.20e-02        2.00e+00
       35426282        67.98517       517.23903            5.27        11:18:09        4.20e-02        2.00e+00
       35427256        67.98439       518.23912            5.27        11:17:43        4.20e-02        2.00e+00
       35428272        67.98358       519.23996            5.27        11:17:20        4.20e-02        2.00e+00
       35429369        67.98344       520.24066            5.27        11:17:03        4.20e-02        2.00e+00
DEBUG @ t=35430000: current_coupling=0.042, last=0.042
       35430451        67.98245       521.24096            5.27        11:16:45        4.20e-02        2.00e+00
       35431485        67.98231       522.24103            5.28        11:16:23        4.20e-02        2.00e+00
       35432540        67.98315       523.24134            5.28        11:16:02        4.20e-02        2.00e+00
       35433578        67.98303       524.24174            5.28        11:15:40        4.20e-02        2.00e+00
       35434734        67.98190       525.24201            5.28        11:15:28        4.20e-02        2.00e+00
       35435811        67.98071       526.24285            5.28        11:15:09        4.20e-02        2.00e+00
       35436783        67.97965       527.24338            5.28        11:14:44        4.20e-02        2.00e+00
       35437839        67.97942       528.24387            5.28        11:14:24        4.20e-02        2.00e+00
       35438840        67.97791       529.24394            5.28        11:14:00        4.20e-02        2.00e+00
       35439892        67.97826       530.24433            5.28        11:13:40        4.20e-02        2.00e+00
DEBUG @ t=35440000: current_coupling=0.042, last=0.042
       35441106        67.97879       531.24504            5.28        11:13:30        4.20e-02        2.00e+00
       35442349        67.97978       532.24518            5.28        11:13:22        4.20e-02        2.00e+00
       35443509        67.97894       533.24524            5.28        11:13:09        4.20e-02        2.00e+00
       35444541        67.97857       534.24623            5.28        11:12:47        4.20e-02        2.00e+00
       35445578        67.97816       535.24637            5.28        11:12:26        4.20e-02        2.00e+00
       35446666        67.97936       536.24715            5.28        11:12:07        4.20e-02        2.00e+00
       35447816        67.97994       537.24759            5.28        11:11:53        4.20e-02        2.00e+00
       35448945        67.98041       538.24790            5.28        11:11:37        4.20e-02        2.00e+00
DEBUG @ t=35450000: current_coupling=0.042, last=0.042
       35450031        67.98080       539.24859            5.28        11:11:19        4.20e-02        2.00e+00
       35451121        67.98034       540.24919            5.28        11:11:01        4.20e-02        2.00e+00
       35452237        67.98109       541.24952            5.28        11:10:45        4.20e-02        2.00e+00
       35453352        67.98488       542.25002            5.28        11:10:26        4.20e-02        2.00e+00
       35454469        67.98335       543.25054            5.28        11:10:11        4.20e-02        2.00e+00
       35455550        67.98284       544.25101            5.28        11:09:53        4.20e-02        2.00e+00
       35456634        67.98225       545.25104            5.28        11:09:35        4.20e-02        2.00e+00
       35457722        67.98124       546.25129            5.28        11:09:17        4.20e-02        2.00e+00
       35458759        67.98034       547.25197            5.28        11:08:56        4.20e-02        2.00e+00
       35459871        67.98424       548.25264            5.28        11:08:38        4.20e-02        2.00e+00
DEBUG @ t=35460000: current_coupling=0.042, last=0.042
       35460983        67.98541       549.25342            5.28        11:08:21        4.20e-02        2.00e+00
       35462062        67.98526       550.25361            5.28        11:08:02        4.20e-02        2.00e+00
       35463192        67.98477       551.25412            5.28        11:07:47        4.20e-02        2.00e+00
       35464248        67.98366       552.25504            5.28        11:07:28        4.20e-02        2.00e+00
       35465257        67.98320       553.25523            5.28        11:07:05        4.20e-02        2.00e+00
       35466331        67.98205       554.25611            5.28        11:06:47        4.20e-02        2.00e+00
       35467391        67.98115       555.25647            5.28        11:06:27        4.20e-02        2.00e+00
       35468394        67.98035       556.25708            5.28        11:06:04        4.20e-02        2.00e+00
       35469443        67.98035       557.25781            5.28        11:05:44        4.20e-02        2.00e+00
DEBUG @ t=35470000: current_coupling=0.042, last=0.042
       35470437        67.98039       558.25859            5.28        11:05:20        4.20e-02        2.00e+00
       35471499        67.98083       559.25926            5.29        11:05:00        4.20e-02        2.00e+00
       35472593        67.97979       560.25990            5.29        11:04:43        4.20e-02        2.00e+00
       35473678        67.97952       561.26036            5.29        11:04:25        4.20e-02        2.00e+00
       35474626        67.97870       562.26140            5.29        11:03:59        4.20e-02        2.00e+00
       35475536        67.97979       563.26195            5.29        11:03:29        4.20e-02        2.00e+00
       35476590        67.97999       564.26257            5.29        11:03:09        4.20e-02        2.00e+00
       35477552        67.97881       565.26358            5.29        11:02:44        4.20e-02        2.00e+00
       35478642        67.97993       566.26426            5.29        11:02:26        4.20e-02        2.00e+00
       35479745        67.98180       567.26514            5.29        11:02:08        4.20e-02        2.00e+00
DEBUG @ t=35480000: current_coupling=0.042, last=0.042
       35480675        67.98130       568.26529            5.29        11:01:40        4.20e-02        2.00e+00
       35481811        67.98083       569.26540            5.29        11:01:26        4.20e-02        2.00e+00
       35482891        67.98027       570.26576            5.29        11:01:08        4.20e-02        2.00e+00
       35483999        67.97971       571.26655            5.29        11:00:52        4.20e-02        2.00e+00
       35485054        67.97913       572.26669            5.29        11:00:32        4.20e-02        2.00e+00
       35486187        67.97867       573.26740            5.29        11:00:18        4.20e-02        2.00e+00
       35487230        67.97841       574.26771            5.29        10:59:57        4.20e-02        2.00e+00
       35488254        67.97944       575.26779            5.29        10:59:35        4.20e-02        2.00e+00
       35489334        67.98004       576.26789            5.29        10:59:16        4.20e-02        2.00e+00
DEBUG @ t=35490000: current_coupling=0.042, last=0.042
       35490428        67.97976       577.26871            5.29        10:58:59        4.20e-02        2.00e+00
       35491591        67.97893       578.26941            5.29        10:58:47        4.20e-02        2.00e+00
       35492655        67.97815       579.26992            5.29        10:58:28        4.20e-02        2.00e+00
       35493754        67.97951       580.27036            5.29        10:58:10        4.20e-02        2.00e+00
       35494829        67.98292       581.27067            5.29        10:57:50        4.20e-02        2.00e+00
       35495968        67.98374       582.27106            5.29        10:57:35        4.20e-02        2.00e+00
       35497042        67.98320       583.27178            5.29        10:57:16        4.20e-02        2.00e+00
       35498164        67.98261       584.27254            5.29        10:57:01        4.20e-02        2.00e+00
       35499240        67.98356       585.27348            5.29        10:56:42        4.20e-02        2.00e+00
DEBUG @ t=35500000: current_coupling=0.042, last=0.042
[HDF5 Writer DEBUG] timestep=35500000, current_time_ps=586.008, last_output_time=586.0023965225577, write_count=56130
       35500284        67.98369       586.27434            5.30        10:56:22        4.20e-02        2.00e+00
       35501377        67.98363       587.27517            5.30        10:56:04        4.20e-02        2.00e+00
       35502473        67.98337       588.27570            5.30        10:55:47        4.20e-02        2.00e+00
       35503574        67.98367       589.27631            5.30        10:55:30        4.20e-02        2.00e+00
       35504708        67.98332       590.27653            5.30        10:55:16        4.20e-02        2.00e+00
       35505816        67.98393       591.27666            5.30        10:54:59        4.20e-02        2.00e+00
       35506919        67.98444       592.27668            5.30        10:54:42        4.20e-02        2.00e+00
       35507999        67.98413       593.27720            5.30        10:54:24        4.20e-02        2.00e+00
       35509031        67.98399       594.27799            5.30        10:54:03        4.20e-02        2.00e+00
DEBUG @ t=35510000: current_coupling=0.042, last=0.042
       35510128        67.98532       595.27863            5.30        10:53:45        4.20e-02        2.00e+00
       35511178        67.98509       596.27935            5.30        10:53:26        4.20e-02        2.00e+00
       35512165        67.98510       597.28007            5.30        10:53:02        4.20e-02        2.00e+00
       35513182        67.98416       598.28075            5.30        10:52:41        4.20e-02        2.00e+00
       35514218        67.98373       599.28135            5.30        10:52:20        4.20e-02        2.00e+00
Added F(k,t) reference 3 at t = 600.002 ps
       35515231        67.98300       600.28224            5.30        10:51:59        4.20e-02        2.00e+00
       35516206        67.98178       601.28311            5.30        10:51:35        4.20e-02        2.00e+00
       35517210        67.98042       602.28379            5.30        10:51:14        4.20e-02        2.00e+00
       35518274        67.97896       603.28426            5.30        10:50:56        4.20e-02        2.00e+00
       35519345        67.97831       604.28519            5.30        10:50:38        4.20e-02        2.00e+00
DEBUG @ t=35520000: current_coupling=0.042, last=0.042
       35520394        67.97847       605.28529            5.30        10:50:18        4.20e-02        2.00e+00
       35521442        67.98008       606.28568            5.30        10:49:57        4.20e-02        2.00e+00
       35522476        67.98140       607.28661            5.30        10:49:36        4.20e-02        2.00e+00
       35523460        67.98193       608.28699            5.31        10:49:12        4.20e-02        2.00e+00
       35524456        67.98168       609.28715            5.31        10:48:49        4.20e-02        2.00e+00
       35525405        67.98079       610.28784            5.31        10:48:24        4.20e-02        2.00e+00
       35526391        67.98129       611.28870            5.31        10:48:01        4.20e-02        2.00e+00
       35527403        67.98183       612.28908            5.31        10:47:39        4.20e-02        2.00e+00
       35528442        67.98308       613.28971            5.31        10:47:18        4.20e-02        2.00e+00
       35529456        67.98336       614.29032            5.31        10:46:56        4.20e-02        2.00e+00
DEBUG @ t=35530000: current_coupling=0.042, last=0.042
       35530484        67.98304       615.29061            5.31        10:46:36        4.20e-02        2.00e+00
       35531586        67.98349       616.29095            5.31        10:46:19        4.20e-02        2.00e+00
       35532694        67.98539       617.29107            5.31        10:46:02        4.20e-02        2.00e+00
       35533796        67.98541       618.29111            5.31        10:45:45        4.20e-02        2.00e+00
       35534749        67.98464       619.29128            5.31        10:45:21        4.20e-02        2.00e+00
       35535759        67.98456       620.29163            5.31        10:44:59        4.20e-02        2.00e+00
       35536945        67.98614       621.29175            5.31        10:44:46        4.20e-02        2.00e+00
       35538115        67.98672       622.29209            5.31        10:44:33        4.20e-02        2.00e+00
       35539295        67.98824       623.29272            5.31        10:44:20        4.20e-02        2.00e+00
DEBUG @ t=35540000: current_coupling=0.042, last=0.042
       35540459        67.98927       624.29316            5.31        10:44:07        4.20e-02        2.00e+00
       35541683        67.99158       625.29375            5.31        10:43:56        4.20e-02        2.00e+00
       35542787        67.99106       626.29413            5.31        10:43:39        4.20e-02        2.00e+00
       35544005        67.99143       627.29484            5.31        10:43:29        4.20e-02        2.00e+00
       35545186        67.99084       628.29545            5.31        10:43:17        4.20e-02        2.00e+00
       35546264        67.99029       629.29566            5.31        10:43:00        4.20e-02        2.00e+00
       35547239        67.99045       630.29639            5.31        10:42:36        4.20e-02        2.00e+00
       35548263        67.98992       631.29727            5.31        10:42:15        4.20e-02        2.00e+00
       35549428        67.98953       632.29771            5.31        10:42:03        4.20e-02        2.00e+00
DEBUG @ t=35550000: current_coupling=0.042, last=0.042
       35550470        67.98853       633.29790            5.31        10:41:43        4.20e-02        2.00e+00
       35551574        67.98913       634.29818            5.31        10:41:27        4.20e-02        2.00e+00
       35552557        67.98775       635.29917            5.31        10:41:04        4.20e-02        2.00e+00
       35553696        67.98736       636.29987            5.31        10:40:50        4.20e-02        2.00e+00
       35554764        67.98689       637.30041            5.31        10:40:32        4.20e-02        2.00e+00
       35555763        67.98711       638.30116            5.31        10:40:10        4.20e-02        2.00e+00
       35556854        67.98950       639.30139            5.31        10:39:51        4.20e-02        2.00e+00
       35557926        67.98971       640.30145            5.31        10:39:33        4.20e-02        2.00e+00
       35558940        67.98953       641.30201            5.31        10:39:12        4.20e-02        2.00e+00
DEBUG @ t=35560000: current_coupling=0.042, last=0.042
       35560034        67.98867       642.30245            5.31        10:38:55        4.20e-02        2.00e+00
       35561100        67.98941       643.30295            5.31        10:38:37        4.20e-02        2.00e+00
       35562228        67.98842       644.30341            5.31        10:38:22        4.20e-02        2.00e+00
       35563273        67.98736       645.30399            5.31        10:38:03        4.20e-02        2.00e+00
       35564420        67.98916       646.30429            5.31        10:37:48        4.20e-02        2.00e+00
       35565621        67.99644       647.30477            5.31        10:37:33        4.20e-02        2.00e+00
       35566676        67.99796       648.30559            5.31        10:37:13        4.20e-02        2.00e+00
       35567816        67.99931       649.30592            5.31        10:36:58        4.20e-02        2.00e+00
       35568874        67.99918       650.30593            5.31        10:36:39        4.20e-02        2.00e+00
       35569841        67.99840       651.30653            5.32        10:36:16        4.20e-02        2.00e+00
DEBUG @ t=35570000: current_coupling=0.042, last=0.042
       35570969        67.99875       652.30744            5.32        10:36:00        4.20e-02        2.00e+00
       35571991        68.00032       653.30762            5.32        10:35:39        4.20e-02        2.00e+00
       35573017        68.00185       654.30818            5.32        10:35:18        4.20e-02        2.00e+00
       35574150        68.00208       655.30830            5.32        10:35:03        4.20e-02        2.00e+00
       35575341        68.00153       656.30859            5.32        10:34:51        4.20e-02        2.00e+00
       35576448        68.00044       657.30897            5.32        10:34:36        4.20e-02        2.00e+00
       35577459        67.99914       658.30955            5.32        10:34:15        4.20e-02        2.00e+00
       35578457        67.99851       659.30995            5.32        10:33:54        4.20e-02        2.00e+00
       35579479        67.99776       660.31012            5.32        10:33:33        4.20e-02        2.00e+00
DEBUG @ t=35580000: current_coupling=0.042, last=0.042
       35580544        67.99761       661.31016            5.32        10:33:15        4.20e-02        2.00e+00
       35581612        67.99699       662.31099            5.32        10:32:57        4.20e-02        2.00e+00
       35582667        67.99632       663.31192            5.32        10:32:39        4.20e-02        2.00e+00
       35583734        67.99523       664.31203            5.32        10:32:21        4.20e-02        2.00e+00
       35584829        67.99446       665.31203            5.32        10:32:05        4.20e-02        2.00e+00
       35585919        67.99364       666.31233            5.32        10:31:48        4.20e-02        2.00e+00
       35586931        67.99240       667.31254            5.32        10:31:28        4.20e-02        2.00e+00
       35587951        67.99129       668.31276            5.32        10:31:08        4.20e-02        2.00e+00
       35589079        67.99150       669.31313            5.32        10:30:53        4.20e-02        2.00e+00
DEBUG @ t=35590000: current_coupling=0.042, last=0.042
       35590117        67.99223       670.31383            5.32        10:30:33        4.20e-02        2.00e+00
       35591188        67.99171       671.31434            5.32        10:30:15        4.20e-02        2.00e+00
       35592272        67.99318       672.31514            5.32        10:29:57        4.20e-02        2.00e+00
       35593331        67.99448       673.31611            5.32        10:29:38        4.20e-02        2.00e+00
       35594359        67.99466       674.31628            5.32        10:29:17        4.20e-02        2.00e+00
       35595345        67.99368       675.31658            5.32        10:28:56        4.20e-02        2.00e+00
       35596316        67.99272       676.31711            5.32        10:28:33        4.20e-02        2.00e+00
       35597344        67.99142       677.31786            5.32        10:28:14        4.20e-02        2.00e+00
       35598417        67.99001       678.31841            5.32        10:27:57        4.20e-02        2.00e+00
       35599478        67.98891       679.31908            5.32        10:27:39        4.20e-02        2.00e+00
DEBUG @ t=35600000: current_coupling=0.042, last=0.042
[HDF5 Writer DEBUG] timestep=35600000, current_time_ps=679.798, last_output_time=679.7874595929696, write_count=65077
       35600588        67.98875       680.31913            5.32        10:27:23        4.20e-02        2.00e+00
       35601632        67.98857       681.31942            5.32        10:27:04        4.20e-02        2.00e+00
       35602763        67.98900       682.31993            5.32        10:26:49        4.20e-02        2.00e+00
       35603796        67.98832       683.32050            5.32        10:26:30        4.20e-02        2.00e+00
       35604946        67.98747       684.32133            5.32        10:26:16        4.20e-02        2.00e+00
       35605939        67.98598       685.32178            5.33        10:25:55        4.20e-02        2.00e+00
       35606959        67.98567       686.32185            5.33        10:25:35        4.20e-02        2.00e+00
       35608001        67.98519       687.32253            5.33        10:25:16        4.20e-02        2.00e+00
       35609147        67.98448       688.32265            5.33        10:25:02        4.20e-02        2.00e+00
DEBUG @ t=35610000: current_coupling=0.042, last=0.042
       35610267        67.98344       689.32337            5.33        10:24:48        4.20e-02        2.00e+00
       35611267        67.98238       690.32392            5.33        10:24:27        4.20e-02        2.00e+00
       35612298        67.98177       691.32407            5.33        10:24:07        4.20e-02        2.00e+00
       35613352        67.98139       692.32491            5.33        10:23:49        4.20e-02        2.00e+00
       35614429        67.98081       693.32560            5.33        10:23:32        4.20e-02        2.00e+00
       35615398        67.98151       694.32611            5.33        10:23:09        4.20e-02        2.00e+00
       35616453        67.98168       695.32689            5.33        10:22:50        4.20e-02        2.00e+00
       35617575        67.98218       696.32738            5.33        10:22:34        4.20e-02        2.00e+00
       35618685        67.98234       697.32826            5.33        10:22:18        4.20e-02        2.00e+00
       35619583        67.98239       698.32904            5.33        10:21:52        4.20e-02        2.00e+00
DEBUG @ t=35620000: current_coupling=0.042, last=0.042
       35620474        67.98163       699.32945            5.33        10:21:26        4.20e-02        2.00e+00
       35621536        67.98081       700.33028            5.33        10:21:08        4.20e-02        2.00e+00
       35622739        67.98133       701.33033            5.33        10:20:57        4.20e-02        2.00e+00
       35623875        67.98094       702.33083            5.33        10:20:42        4.20e-02        2.00e+00
       35624968        67.98095       703.33130            5.33        10:20:26        4.20e-02        2.00e+00
       35626014        67.98060       704.33159            5.33        10:20:07        4.20e-02        2.00e+00
       35626979        67.97950       705.33188            5.33        10:19:45        4.20e-02        2.00e+00
       35628122        67.97851       706.33261            5.33        10:19:31        4.20e-02        2.00e+00
       35629281        67.97874       707.33294            5.33        10:19:17        4.20e-02        2.00e+00
DEBUG @ t=35630000: current_coupling=0.042, last=0.042
       35630324        67.97789       708.33302            5.33        10:18:59        4.20e-02        2.00e+00
       35631356        67.97823       709.33329            5.33        10:18:39        4.20e-02        2.00e+00
       35632446        67.97829       710.33414            5.33        10:18:22        4.20e-02        2.00e+00
       35633608        67.97875       711.33475            5.33        10:18:09        4.20e-02        2.00e+00
       35634736        67.97832       712.33514            5.33        10:17:54        4.20e-02        2.00e+00
       35635888        67.97750       713.33540            5.33        10:17:41        4.20e-02        2.00e+00
       35636880        67.97649       714.33611            5.33        10:17:20        4.20e-02        2.00e+00
       35637946        67.97649       715.33645            5.33        10:17:02        4.20e-02        2.00e+00
       35639137        67.97820       716.33688            5.33        10:16:49        4.20e-02        2.00e+00
DEBUG @ t=35640000: current_coupling=0.042, last=0.042
       35640252        67.98015       717.33742            5.33        10:16:32        4.20e-02        2.00e+00
       35641399        67.98082       718.33829            5.33        10:16:18        4.20e-02        2.00e+00
       35642504        67.98083       719.33901            5.33        10:16:01        4.20e-02        2.00e+00
       35643544        67.98052       720.33905            5.33        10:15:43        4.20e-02        2.00e+00
       35644479        67.98001       721.33954            5.33        10:15:19        4.20e-02        2.00e+00
       35645563        67.97942       722.34019            5.33        10:15:02        4.20e-02        2.00e+00
       35646718        67.97889       723.34088            5.33        10:14:49        4.20e-02        2.00e+00
       35647713        67.97798       724.34171            5.33        10:14:28        4.20e-02        2.00e+00
       35648716        67.97791       725.34257            5.33        10:14:07        4.20e-02        2.00e+00
       35649789        67.97731       726.34298            5.33        10:13:50        4.20e-02        2.00e+00
DEBUG @ t=35650000: current_coupling=0.042, last=0.042
       35650840        67.97665       727.34344            5.33        10:13:32        4.20e-02        2.00e+00
       35651904        67.97663       728.34424            5.33        10:13:14        4.20e-02        2.00e+00
       35652989        67.97549       729.34445            5.33        10:12:58        4.20e-02        2.00e+00
       35654108        67.97477       730.34521            5.33        10:12:43        4.20e-02        2.00e+00
       35655188        67.97377       731.34594            5.33        10:12:26        4.20e-02        2.00e+00
       35656334        67.97293       732.34611            5.33        10:12:12        4.20e-02        2.00e+00
       35657439        67.97223       733.34677            5.33        10:11:56        4.20e-02        2.00e+00
       35658556        67.97218       734.34700            5.33        10:11:41        4.20e-02        2.00e+00
       35659612        67.97112       735.34767            5.33        10:11:23        4.20e-02        2.00e+00
DEBUG @ t=35660000: current_coupling=0.042, last=0.042
       35660651        67.97044       736.34805            5.33        10:11:05        4.20e-02        2.00e+00
       35661726        67.96983       737.34811            5.33        10:10:48        4.20e-02        2.00e+00
       35662894        67.96886       738.34852            5.33        10:10:35        4.20e-02        2.00e+00
       35664042        67.96822       739.34855            5.33        10:10:21        4.20e-02        2.00e+00
       35665163        67.96831       740.34899            5.33        10:10:06        4.20e-02        2.00e+00
       35666320        67.96752       741.34941            5.33        10:09:52        4.20e-02        2.00e+00
       35667414        67.96662       742.34981            5.33        10:09:36        4.20e-02        2.00e+00
       35668518        67.96688       743.35021            5.33        10:09:20        4.20e-02        2.00e+00
       35669607        67.96827       744.35070            5.33        10:09:03        4.20e-02        2.00e+00
DEBUG @ t=35670000: current_coupling=0.042, last=0.042
       35670669        67.96984       745.35101            5.33        10:08:44        4.20e-02        2.00e+00
       35671638        67.97006       746.35187            5.33        10:08:22        4.20e-02        2.00e+00
       35672737        67.96990       747.35233            5.33        10:08:05        4.20e-02        2.00e+00
       35673750        67.96957       748.35289            5.33        10:07:45        4.20e-02        2.00e+00
       35674642        67.97007       749.35308            5.34        10:07:20        4.20e-02        2.00e+00
       35675779        67.96973       750.35361            5.34        10:07:05        4.20e-02        2.00e+00
       35676796        67.97028       751.35361            5.34        10:06:45        4.20e-02        2.00e+00
       35677843        67.97000       752.35423            5.34        10:06:27        4.20e-02        2.00e+00
       35678997        67.97002       753.35491            5.34        10:06:13        4.20e-02        2.00e+00
DEBUG @ t=35680000: current_coupling=0.042, last=0.042
       35680107        67.96949       754.35517            5.34        10:05:57        4.20e-02        2.00e+00
       35681211        67.96959       755.35521            5.34        10:05:41        4.20e-02        2.00e+00
       35682363        67.97097       756.35550            5.34        10:05:27        4.20e-02        2.00e+00
       35683461        67.97104       757.35614            5.34        10:05:10        4.20e-02        2.00e+00
       35684557        67.97099       758.35616            5.34        10:04:54        4.20e-02        2.00e+00
       35685580        67.97071       759.35660            5.34        10:04:34        4.20e-02        2.00e+00
       35686697        67.97009       760.35736            5.34        10:04:19        4.20e-02        2.00e+00
       35687764        67.96899       761.35767            5.34        10:04:02        4.20e-02        2.00e+00
       35688899        67.96826       762.35790            5.34        10:03:48        4.20e-02        2.00e+00
       35689977        67.96749       763.35854            5.34        10:03:31        4.20e-02        2.00e+00
DEBUG @ t=35690000: current_coupling=0.042, last=0.042
       35691011        67.96683       764.35924            5.34        10:03:12        4.20e-02        2.00e+00
       35692048        67.96627       765.35984            5.34        10:02:54        4.20e-02        2.00e+00
       35693171        67.96598       766.35997            5.34        10:02:39        4.20e-02        2.00e+00
       35694208        67.96536       767.36037            5.34        10:02:20        4.20e-02        2.00e+00
       35695191        67.96433       768.36109            5.34        10:01:59        4.20e-02        2.00e+00
       35696188        67.96329       769.36178            5.34        10:01:39        4.20e-02        2.00e+00
       35697168        67.96242       770.36232            5.34        10:01:18        4.20e-02        2.00e+00
       35698215        67.96251       771.36246            5.34        10:01:00        4.20e-02        2.00e+00
       35699263        67.96215       772.36285            5.34        10:00:42        4.20e-02        2.00e+00
DEBUG @ t=35700000: current_coupling=0.042, last=0.042
[HDF5 Writer DEBUG] timestep=35700000, current_time_ps=773.104, last_output_time=773.0956012835042, write_count=73989
       35700269        67.96135       773.36374            5.34        10:00:22        4.20e-02        2.00e+00
       35701307        67.96061       774.36438            5.34        10:00:03        4.20e-02        2.00e+00
       35702300        67.95979       775.36541            5.34        09:59:43        4.20e-02        2.00e+00
       35703347        67.95911       776.36547            5.34        09:59:25        4.20e-02        2.00e+00
       35704390        67.95841       777.36614            5.34        09:59:07        4.20e-02        2.00e+00
       35705433        67.95995       778.36687            5.34        09:58:48        4.20e-02        2.00e+00
       35706494        67.96031       779.36730            5.34        09:58:30        4.20e-02        2.00e+00
       35707573        67.95965       780.36779            5.34        09:58:13        4.20e-02        2.00e+00
       35708628        67.95873       781.36869            5.34        09:57:55        4.20e-02        2.00e+00
       35709686        67.95900       782.36950            5.34        09:57:37        4.20e-02        2.00e+00
DEBUG @ t=35710000: current_coupling=0.042, last=0.042
       35710831        67.96024       783.37043            5.34        09:57:22        4.20e-02        2.00e+00
       35711753        67.95972       784.37141            5.34        09:56:59        4.20e-02        2.00e+00
       35712707        67.95879       785.37245            5.35        09:56:37        4.20e-02        2.00e+00
       35713735        67.95832       786.37302            5.35        09:56:18        4.20e-02        2.00e+00
       35714847        67.95857       787.37367            5.35        09:56:03        4.20e-02        2.00e+00
       35715788        67.95836       788.37385            5.35        09:55:40        4.20e-02        2.00e+00
       35716849        67.95858       789.37459            5.35        09:55:22        4.20e-02        2.00e+00
       35717914        67.95785       790.37515            5.35        09:55:05        4.20e-02        2.00e+00
       35718930        67.95696       791.37542            5.35        09:54:46        4.20e-02        2.00e+00
       35719901        67.95627       792.37566            5.35        09:54:25        4.20e-02        2.00e+00
DEBUG @ t=35720000: current_coupling=0.042, last=0.042
       35720933        67.95629       793.37650            5.35        09:54:06        4.20e-02        2.00e+00
       35722000        67.95614       794.37700            5.35        09:53:49        4.20e-02        2.00e+00
       35722960        67.95634       795.37775            5.35        09:53:27        4.20e-02        2.00e+00
       35724059        67.95595       796.37820            5.35        09:53:11        4.20e-02        2.00e+00
       35725078        67.95569       797.37854            5.35        09:52:51        4.20e-02        2.00e+00
       35726066        67.95632       798.37926            5.35        09:52:31        4.20e-02        2.00e+00
       35727087        67.95670       799.38007            5.35        09:52:11        4.20e-02        2.00e+00
Added F(k,t) reference 4 at t = 800.003 ps
       35728165        67.95653       800.38018            5.35        09:51:54        4.20e-02        2.00e+00
       35729323        67.95586       801.38068            5.35        09:51:41        4.20e-02        2.00e+00
DEBUG @ t=35730000: current_coupling=0.042, last=0.042
       35730557        67.95488       802.38077            5.35        09:51:31        4.20e-02        2.00e+00
       35731531        67.95413       803.38092            5.35        09:51:10        4.20e-02        2.00e+00
       35732688        67.95363       804.38170            5.35        09:50:56        4.20e-02        2.00e+00
       35733871        67.95343       805.38211            5.35        09:50:44        4.20e-02        2.00e+00
       35734962        67.95269       806.38214            5.35        09:50:28        4.20e-02        2.00e+00
       35735995        67.95291       807.38242            5.35        09:50:09        4.20e-02        2.00e+00
       35737137        67.95295       808.38261            5.35        09:49:55        4.20e-02        2.00e+00
       35738269        67.95383       809.38308            5.35        09:49:39        4.20e-02        2.00e+00
       35739320        67.95292       810.38350            5.35        09:49:22        4.20e-02        2.00e+00
DEBUG @ t=35740000: current_coupling=0.042, last=0.042
       35740378        67.95246       811.38352            5.35        09:49:04        4.20e-02        2.00e+00
       35741488        67.95190       812.38369            5.35        09:48:49        4.20e-02        2.00e+00
       35742631        67.95252       813.38450            5.35        09:48:34        4.20e-02        2.00e+00
       35743786        67.95250       814.38528            5.35        09:48:20        4.20e-02        2.00e+00
       35744852        67.95163       815.38585            5.35        09:48:03        4.20e-02        2.00e+00
       35745901        67.95081       816.38597            5.35        09:47:46        4.20e-02        2.00e+00
       35747001        67.95096       817.38634            5.35        09:47:29        4.20e-02        2.00e+00
       35748130        67.95083       818.38684            5.35        09:47:15        4.20e-02        2.00e+00
       35749311        67.95026       819.38712            5.35        09:47:02        4.20e-02        2.00e+00
DEBUG @ t=35750000: current_coupling=0.042, last=0.042
       35750352        67.94940       820.38795            5.35        09:46:44        4.20e-02        2.00e+00
       35751393        67.94901       821.38805            5.35        09:46:26        4.20e-02        2.00e+00
       35752624        67.94920       822.38852            5.35        09:46:15        4.20e-02        2.00e+00
       35753666        67.94849       823.38886            5.35        09:45:57        4.20e-02        2.00e+00
       35754710        67.94757       824.38926            5.35        09:45:39        4.20e-02        2.00e+00
       35755876        67.94815       825.38972            5.35        09:45:25        4.20e-02        2.00e+00
       35756892        67.94817       826.39057            5.35        09:45:06        4.20e-02        2.00e+00
       35757954        67.94969       827.39132            5.35        09:44:47        4.20e-02        2.00e+00
       35758943        67.95029       828.39186            5.35        09:44:27        4.20e-02        2.00e+00
DEBUG @ t=35760000: current_coupling=0.042, last=0.042
       35760074        67.95004       829.39213            5.35        09:44:12        4.20e-02        2.00e+00
       35761170        67.95040       830.39230            5.35        09:43:56        4.20e-02        2.00e+00
       35762299        67.95074       831.39256            5.35        09:43:41        4.20e-02        2.00e+00
       35763474        67.95106       832.39281            5.35        09:43:27        4.20e-02        2.00e+00
       35764529        67.95223       833.39299            5.35        09:43:09        4.20e-02        2.00e+00
       35765543        67.95214       834.39335            5.35        09:42:50        4.20e-02        2.00e+00
       35766681        67.95127       835.39345            5.35        09:42:35        4.20e-02        2.00e+00
       35767680        67.95126       836.39443            5.35        09:42:15        4.20e-02        2.00e+00
       35768609        67.95050       837.39520            5.35        09:41:53        4.20e-02        2.00e+00
       35769771        67.95058       838.39595            5.35        09:41:39        4.20e-02        2.00e+00
DEBUG @ t=35770000: current_coupling=0.042, last=0.042
       35770815        67.94992       839.39637            5.35        09:41:22        4.20e-02        2.00e+00
       35771819        67.94990       840.39717            5.35        09:41:02        4.20e-02        2.00e+00
       35772805        67.95008       841.39724            5.35        09:40:41        4.20e-02        2.00e+00
       35773936        67.95016       842.39748            5.35        09:40:27        4.20e-02        2.00e+00
       35774933        67.94973       843.39779            5.35        09:40:07        4.20e-02        2.00e+00
       35775916        67.95015       844.39836            5.35        09:39:46        4.20e-02        2.00e+00
       35776992        67.95035       845.39838            5.35        09:39:29        4.20e-02        2.00e+00
       35778057        67.95130       846.39908            5.35        09:39:11        4.20e-02        2.00e+00
       35779157        67.95232       847.39937            5.35        09:38:55        4.20e-02        2.00e+00
DEBUG @ t=35780000: current_coupling=0.042, last=0.042
       35780213        67.95249       848.40027            5.35        09:38:37        4.20e-02        2.00e+00
       35781228        67.95222       849.40083            5.36        09:38:18        4.20e-02        2.00e+00
       35782303        67.95344       850.40143            5.36        09:38:00        4.20e-02        2.00e+00
       35783445        67.95430       851.40175            5.36        09:37:45        4.20e-02        2.00e+00
       35784439        67.95358       852.40254            5.36        09:37:26        4.20e-02        2.00e+00
       35785377        67.95361       853.40313            5.36        09:37:04        4.20e-02        2.00e+00
       35786460        67.95321       854.40364            5.36        09:36:47        4.20e-02        2.00e+00
       35787434        67.95297       855.40412            5.36        09:36:27        4.20e-02        2.00e+00
       35788434        67.95246       856.40461            5.36        09:36:07        4.20e-02        2.00e+00
       35789499        67.95196       857.40469            5.36        09:35:50        4.20e-02        2.00e+00
DEBUG @ t=35790000: current_coupling=0.042, last=0.042
       35790468        67.95117       858.40549            5.36        09:35:30        4.20e-02        2.00e+00
       35791498        67.95068       859.40584            5.36        09:35:12        4.20e-02        2.00e+00
       35792482        67.94995       860.40614            5.36        09:34:52        4.20e-02        2.00e+00
       35793561        67.95008       861.40646            5.36        09:34:35        4.20e-02        2.00e+00
       35794600        67.94944       862.40743            5.36        09:34:17        4.20e-02        2.00e+00
       35795681        67.94863       863.40772            5.36        09:34:01        4.20e-02        2.00e+00
       35796791        67.94806       864.40829            5.36        09:33:46        4.20e-02        2.00e+00
       35797821        67.94745       865.40844            5.36        09:33:27        4.20e-02        2.00e+00
       35798719        67.94729       866.40894            5.36        09:33:04        4.20e-02        2.00e+00
       35799692        67.94640       867.40988            5.36        09:32:44        4.20e-02        2.00e+00
DEBUG @ t=35800000: current_coupling=0.042, last=0.042
[HDF5 Writer DEBUG] timestep=35800000, current_time_ps=867.704, last_output_time=867.6936109209742, write_count=82983
       35800749        67.94567       868.41026            5.36        09:32:27        4.20e-02        2.00e+00
       35801783        67.94523       869.41077            5.36        09:32:09        4.20e-02        2.00e+00
       35802888        67.94504       870.41144            5.36        09:31:53        4.20e-02        2.00e+00
       35803905        67.94426       871.41214            5.36        09:31:35        4.20e-02        2.00e+00
       35804938        67.94525       872.41247            5.36        09:31:16        4.20e-02        2.00e+00
       35805934        67.94497       873.41284            5.36        09:30:56        4.20e-02        2.00e+00
       35806999        67.94448       874.41372            5.36        09:30:39        4.20e-02        2.00e+00
       35808092        67.94410       875.41410            5.36        09:30:23        4.20e-02        2.00e+00
       35809223        67.94408       876.41466            5.36        09:30:08        4.20e-02        2.00e+00
DEBUG @ t=35810000: current_coupling=0.042, last=0.042
       35810344        67.94384       877.41528            5.36        09:29:53        4.20e-02        2.00e+00
       35811446        67.94314       878.41538            5.36        09:29:38        4.20e-02        2.00e+00
       35812547        67.94267       879.41573            5.36        09:29:22        4.20e-02        2.00e+00
       35813619        67.94269       880.41625            5.36        09:29:05        4.20e-02        2.00e+00
       35814645        67.94226       881.41721            5.36        09:28:47        4.20e-02        2.00e+00
       35815653        67.94265       882.41803            5.36        09:28:27        4.20e-02        2.00e+00
       35816680        67.94347       883.41828            5.36        09:28:09        4.20e-02        2.00e+00
       35817781        67.94337       884.41903            5.36        09:27:53        4.20e-02        2.00e+00
       35818757        67.94335       885.41917            5.37        09:27:32        4.20e-02        2.00e+00
       35819802        67.94285       886.42003            5.37        09:27:15        4.20e-02        2.00e+00
DEBUG @ t=35820000: current_coupling=0.042, last=0.042
       35820766        67.94312       887.42038            5.37        09:26:54        4.20e-02        2.00e+00
       35821799        67.94306       888.42071            5.37        09:26:36        4.20e-02        2.00e+00
       35822947        67.94468       889.42149            5.37        09:26:21        4.20e-02        2.00e+00
       35824053        67.94566       890.42160            5.37        09:26:05        4.20e-02        2.00e+00
       35825125        67.94525       891.42223            5.37        09:25:48        4.20e-02        2.00e+00
       35826230        67.94483       892.42256            5.37        09:25:32        4.20e-02        2.00e+00
       35827325        67.94451       893.42297            5.37        09:25:16        4.20e-02        2.00e+00
       35828367        67.94408       894.42349            5.37        09:24:59        4.20e-02        2.00e+00
       35829393        67.94356       895.42402            5.37        09:24:40        4.20e-02        2.00e+00
DEBUG @ t=35830000: current_coupling=0.042, last=0.042
       35830415        67.94489       896.42441            5.37        09:24:21        4.20e-02        2.00e+00
       35831423        67.94608       897.42515            5.37        09:24:01        4.20e-02        2.00e+00
       35832436        67.94570       898.42537            5.37        09:23:43        4.20e-02        2.00e+00
       35833480        67.94549       899.42611            5.37        09:23:25        4.20e-02        2.00e+00
       35834578        67.94612       900.42677            5.37        09:23:09        4.20e-02        2.00e+00
       35835647        67.94577       901.42750            5.37        09:22:52        4.20e-02        2.00e+00
       35836706        67.94544       902.42758            5.37        09:22:35        4.20e-02        2.00e+00
       35837694        67.94521       903.42821            5.37        09:22:15        4.20e-02        2.00e+00
       35838746        67.94525       904.42888            5.37        09:21:58        4.20e-02        2.00e+00
       35839898        67.94703       905.42977            5.37        09:21:43        4.20e-02        2.00e+00
DEBUG @ t=35840000: current_coupling=0.042, last=0.042
       35840969        67.94697       906.42981            5.37        09:21:26        4.20e-02        2.00e+00
       35842004        67.94639       907.43066            5.37        09:21:08        4.20e-02        2.00e+00
       35843085        67.94614       908.43088            5.37        09:20:52        4.20e-02        2.00e+00
       35844203        67.94627       909.43123            5.37        09:20:36        4.20e-02        2.00e+00
       35845357        67.94783       910.43191            5.37        09:20:21        4.20e-02        2.00e+00
       35846394        67.94985       911.43274            5.37        09:20:02        4.20e-02        2.00e+00
       35847443        67.94982       912.43342            5.37        09:19:45        4.20e-02        2.00e+00
       35848414        67.94918       913.43384            5.37        09:19:25        4.20e-02        2.00e+00
       35849435        67.94886       914.43412            5.37        09:19:07        4.20e-02        2.00e+00
DEBUG @ t=35850000: current_coupling=0.042, last=0.042
       35850406        67.94908       915.43503            5.37        09:18:46        4.20e-02        2.00e+00
       35851366        67.95015       916.43592            5.37        09:18:25        4.20e-02        2.00e+00
       35852349        67.95097       917.43611            5.37        09:18:05        4.20e-02        2.00e+00
       35853333        67.95199       918.43711            5.37        09:17:45        4.20e-02        2.00e+00
       35854304        67.95183       919.43804            5.37        09:17:25        4.20e-02        2.00e+00
       35855286        67.95165       920.43818            5.38        09:17:05        4.20e-02        2.00e+00
       35856290        67.95134       921.43899            5.38        09:16:46        4.20e-02        2.00e+00
       35857296        67.95144       922.43946            5.38        09:16:27        4.20e-02        2.00e+00
       35858319        67.95135       923.43975            5.38        09:16:09        4.20e-02        2.00e+00
       35859359        67.95069       924.44003            5.38        09:15:51        4.20e-02        2.00e+00
DEBUG @ t=35860000: current_coupling=0.042, last=0.042
       35860400        67.95147       925.44066            5.38        09:15:33        4.20e-02        2.00e+00
       35861420        67.95193       926.44080            5.38        09:15:14        4.20e-02        2.00e+00
       35862461        67.95186       927.44138            5.38        09:14:57        4.20e-02        2.00e+00
       35863529        67.95218       928.44143            5.38        09:14:40        4.20e-02        2.00e+00
       35864601        67.95191       929.44233            5.38        09:14:23        4.20e-02        2.00e+00
       35865610        67.95081       930.44332            5.38        09:14:05        4.20e-02        2.00e+00
       35866668        67.95140       931.44369            5.38        09:13:47        4.20e-02        2.00e+00
       35867820        67.95227       932.44394            5.38        09:13:33        4.20e-02        2.00e+00
       35868948        67.95228       933.44455            5.38        09:13:18        4.20e-02        2.00e+00
DEBUG @ t=35870000: current_coupling=0.042, last=0.042
       35870006        67.95266       934.44511            5.38        09:13:01        4.20e-02        2.00e+00
       35871126        67.95295       935.44540            5.38        09:12:45        4.20e-02        2.00e+00
       35872218        67.95240       936.44591            5.38        09:12:29        4.20e-02        2.00e+00
       35873239        67.95285       937.44632            5.38        09:12:11        4.20e-02        2.00e+00
       35874242        67.95303       938.44654            5.38        09:11:52        4.20e-02        2.00e+00
       35875206        67.95293       939.44686            5.38        09:11:32        4.20e-02        2.00e+00
       35876210        67.95260       940.44692            5.38        09:11:13        4.20e-02        2.00e+00
       35877240        67.95293       941.44742            5.38        09:10:55        4.20e-02        2.00e+00
       35878210        67.95256       942.44769            5.38        09:10:35        4.20e-02        2.00e+00
       35879243        67.95348       943.44782            5.38        09:10:17        4.20e-02        2.00e+00
DEBUG @ t=35880000: current_coupling=0.042, last=0.042
       35880363        67.95430       944.44829            5.38        09:10:01        4.20e-02        2.00e+00
       35881385        67.95431       945.44830            5.38        09:09:43        4.20e-02        2.00e+00
       35882412        67.95461       946.44862            5.38        09:09:24        4.20e-02        2.00e+00
       35883363        67.95408       947.44953            5.38        09:09:04        4.20e-02        2.00e+00
       35884251        67.95309       948.45006            5.38        09:08:42        4.20e-02        2.00e+00
       35885155        67.95237       949.45060            5.38        09:08:20        4.20e-02        2.00e+00
       35886098        67.95169       950.45134            5.39        09:08:00        4.20e-02        2.00e+00
       35887064        67.95087       951.45183            5.39        09:07:40        4.20e-02        2.00e+00
       35888027        67.95033       952.45214            5.39        09:07:21        4.20e-02        2.00e+00
       35888927        67.95009       953.45238            5.39        09:06:59        4.20e-02        2.00e+00
       35889888        67.95006       954.45289            5.39        09:06:39        4.20e-02        2.00e+00
DEBUG @ t=35890000: current_coupling=0.042, last=0.042
       35890889        67.95089       955.45377            5.39        09:06:19        4.20e-02        2.00e+00
       35891921        67.95008       956.45446            5.39        09:06:02        4.20e-02        2.00e+00
       35892903        67.95016       957.45495            5.39        09:05:42        4.20e-02        2.00e+00
       35893922        67.94984       958.45524            5.39        09:05:24        4.20e-02        2.00e+00
       35894909        67.94927       959.45547            5.39        09:05:05        4.20e-02        2.00e+00
       35895960        67.94960       960.45599            5.39        09:04:48        4.20e-02        2.00e+00
       35897074        67.95001       961.45649            5.39        09:04:32        4.20e-02        2.00e+00
       35898092        67.95050       962.45753            5.39        09:04:14        4.20e-02        2.00e+00
       35899018        67.95162       963.45789            5.39        09:03:52        4.20e-02        2.00e+00
DEBUG @ t=35900000: current_coupling=0.042, last=0.042
[HDF5 Writer DEBUG] timestep=35900000, current_time_ps=964.434, last_output_time=964.423550682733, write_count=92228
       35900025        67.95201       964.45833            5.39        09:03:33        4.20e-02        2.00e+00
       35901023        67.95258       965.45894            5.39        09:03:14        4.20e-02        2.00e+00
       35901966        67.95220       966.45956            5.39        09:02:54        4.20e-02        2.00e+00
       35903013        67.95372       967.45990            5.39        09:02:36        4.20e-02        2.00e+00
       35904067        67.95562       968.46008            5.39        09:02:18        4.20e-02        2.00e+00
       35905128        67.95624       969.46086            5.39        09:02:01        4.20e-02        2.00e+00
       35906217        67.95627       970.46102            5.39        09:01:45        4.20e-02        2.00e+00
       35907305        67.95548       971.46152            5.39        09:01:29        4.20e-02        2.00e+00
       35908398        67.95527       972.46188            5.39        09:01:13        4.20e-02        2.00e+00
       35909430        67.95460       973.46227            5.39        09:00:56        4.20e-02        2.00e+00
DEBUG @ t=35910000: current_coupling=0.042, last=0.042
       35910427        67.95469       974.46249            5.40        09:00:37        4.20e-02        2.00e+00
       35911397        67.95419       975.46256            5.40        09:00:18        4.20e-02        2.00e+00
       35912420        67.95378       976.46334            5.40        09:00:00        4.20e-02        2.00e+00
       35913515        67.95335       977.46367            5.40        08:59:44        4.20e-02        2.00e+00
       35914584        67.95303       978.46398            5.40        08:59:28        4.20e-02        2.00e+00
       35915625        67.95377       979.46443            5.40        08:59:10        4.20e-02        2.00e+00
       35916631        67.95390       980.46515            5.40        08:58:51        4.20e-02        2.00e+00
       35917714        67.95443       981.46522            5.40        08:58:35        4.20e-02        2.00e+00
       35918693        67.95367       982.46623            5.40        08:58:16        4.20e-02        2.00e+00
       35919778        67.95287       983.46714            5.40        08:58:00        4.20e-02        2.00e+00
DEBUG @ t=35920000: current_coupling=0.042, last=0.042
       35920755        67.95263       984.46754            5.40        08:57:41        4.20e-02        2.00e+00
       35921807        67.95233       985.46848            5.40        08:57:24        4.20e-02        2.00e+00
       35922803        67.95211       986.46874            5.40        08:57:05        4.20e-02        2.00e+00
       35923815        67.95190       987.46915            5.40        08:56:47        4.20e-02        2.00e+00
       35924784        67.95131       988.46975            5.40        08:56:28        4.20e-02        2.00e+00
       35925784        67.95099       989.47044            5.40        08:56:09        4.20e-02        2.00e+00
       35926805        67.95047       990.47098            5.40        08:55:51        4.20e-02        2.00e+00
       35927800        67.95049       991.47130            5.40        08:55:33        4.20e-02        2.00e+00
       35928753        67.95055       992.47174            5.40        08:55:13        4.20e-02        2.00e+00
       35929745        67.94973       993.47194            5.40        08:54:54        4.20e-02        2.00e+00
DEBUG @ t=35930000: current_coupling=0.042, last=0.042
       35930663        67.94939       994.47297            5.40        08:54:33        4.20e-02        2.00e+00
       35931752        67.95018       995.47326            5.40        08:54:17        4.20e-02        2.00e+00
       35932852        67.95087       996.47388            5.40        08:54:01        4.20e-02        2.00e+00
       35933929        67.95174       997.47439            5.40        08:53:44        4.20e-02        2.00e+00
       35934914        67.95203       998.47484            5.40        08:53:25        4.20e-02        2.00e+00
       35935951        67.95135       999.47558            5.40        08:53:08        4.20e-02        2.00e+00
Added F(k,t) reference 5 at t = 1000.004 ps
       35936925        67.95211      1000.47605            5.40        08:52:48        4.20e-02        2.00e+00
       35937954        67.95182      1001.47672            5.40        08:52:31        4.20e-02        2.00e+00
       35939042        67.95128      1002.47711            5.40        08:52:15        4.20e-02        2.00e+00
DEBUG @ t=35940000: current_coupling=0.042, last=0.042
       35940021        67.95107      1003.47723            5.40        08:51:56        4.20e-02        2.00e+00
       35940930        67.95174      1004.47794            5.41        08:51:34        4.20e-02        2.00e+00
       35941942        67.95243      1005.47830            5.41        08:51:16        4.20e-02        2.00e+00
       35942934        67.95244      1006.47868            5.41        08:50:57        4.20e-02        2.00e+00
       35943961        67.95181      1007.47949            5.41        08:50:40        4.20e-02        2.00e+00
       35945002        67.95128      1008.47976            5.41        08:50:23        4.20e-02        2.00e+00
       35946043        67.95245      1009.48020            5.41        08:50:05        4.20e-02        2.00e+00
       35947063        67.95212      1010.48112            5.41        08:49:47        4.20e-02        2.00e+00
       35948040        67.95125      1011.48190            5.41        08:49:28        4.20e-02        2.00e+00
       35949044        67.95065      1012.48291            5.41        08:49:10        4.20e-02        2.00e+00
       35949955        67.94985      1013.48294            5.41        08:48:50        4.20e-02        2.00e+00
DEBUG @ t=35950000: current_coupling=0.042, last=0.042
       35950924        67.94898      1014.48352            5.41        08:48:31        4.20e-02        2.00e+00
       35951899        67.94823      1015.48455            5.41        08:48:12        4.20e-02        2.00e+00
       35952855        67.94805      1016.48481            5.41        08:47:52        4.20e-02        2.00e+00
       35953857        67.94790      1017.48577            5.41        08:47:34        4.20e-02        2.00e+00
       35954882        67.94797      1018.48663            5.41        08:47:16        4.20e-02        2.00e+00
       35955880        67.94842      1019.48669            5.41        08:46:57        4.20e-02        2.00e+00
       35956839        67.94794      1020.48694            5.41        08:46:38        4.20e-02        2.00e+00
       35957874        67.94764      1021.48750            5.41        08:46:21        4.20e-02        2.00e+00
       35958843        67.94725      1022.48768            5.41        08:46:02        4.20e-02        2.00e+00
       35959851        67.94679      1023.48813            5.41        08:45:44        4.20e-02        2.00e+00
DEBUG @ t=35960000: current_coupling=0.042, last=0.042
       35960850        67.94601      1024.48837            5.41        08:45:26        4.20e-02        2.00e+00
       35961785        67.94627      1025.48897            5.41        08:45:05        4.20e-02        2.00e+00
       35962690        67.94676      1026.49005            5.42        08:44:44        4.20e-02        2.00e+00
       35963638        67.94704      1027.49109            5.42        08:44:24        4.20e-02        2.00e+00
       35964625        67.94702      1028.49138            5.42        08:44:06        4.20e-02        2.00e+00
       35965593        67.94694      1029.49165            5.42        08:43:46        4.20e-02        2.00e+00
       35966593        67.94665      1030.49240            5.42        08:43:28        4.20e-02        2.00e+00
       35967595        67.94614      1031.49245            5.42        08:43:10        4.20e-02        2.00e+00
       35968609        67.94633      1032.49271            5.42        08:42:52        4.20e-02        2.00e+00
       35969652        67.94721      1033.49317            5.42        08:42:35        4.20e-02        2.00e+00
DEBUG @ t=35970000: current_coupling=0.042, last=0.042
       35970689        67.94730      1034.49357            5.42        08:42:17        4.20e-02        2.00e+00
       35971689        67.94653      1035.49455            5.42        08:41:59        4.20e-02        2.00e+00
       35972724        67.94605      1036.49538            5.42        08:41:42        4.20e-02        2.00e+00
       35973701        67.94584      1037.49613            5.42        08:41:23        4.20e-02        2.00e+00
       35974700        67.94502      1038.49710            5.42        08:41:05        4.20e-02        2.00e+00
       35975841        67.94461      1039.49763            5.42        08:40:51        4.20e-02        2.00e+00
       35976963        67.94466      1040.49772            5.42        08:40:36        4.20e-02        2.00e+00
       35978044        67.94413      1041.49871            5.42        08:40:21        4.20e-02        2.00e+00
       35979049        67.94344      1042.49929            5.42        08:40:03        4.20e-02        2.00e+00
DEBUG @ t=35980000: current_coupling=0.042, last=0.042
       35980088        67.94326      1043.49950            5.42        08:39:46        4.20e-02        2.00e+00
       35981118        67.94273      1044.49958            5.42        08:39:29        4.20e-02        2.00e+00
       35982044        67.94243      1045.50007            5.42        08:39:08        4.20e-02        2.00e+00
       35983006        67.94175      1046.50017            5.42        08:38:49        4.20e-02        2.00e+00
       35984028        67.94146      1047.50091            5.42        08:38:32        4.20e-02        2.00e+00
       35985092        67.94260      1048.50093            5.42        08:38:15        4.20e-02        2.00e+00
       35986106        67.94266      1049.50153            5.42        08:37:57        4.20e-02        2.00e+00
       35987038        67.94231      1050.50237            5.42        08:37:37        4.20e-02        2.00e+00
       35988006        67.94179      1051.50278            5.42        08:37:18        4.20e-02        2.00e+00
       35989013        67.94205      1052.50354            5.42        08:37:00        4.20e-02        2.00e+00
DEBUG @ t=35990000: current_coupling=0.042, last=0.042
       35990018        67.94282      1053.50372            5.42        08:36:42        4.20e-02        2.00e+00
       35991048        67.94313      1054.50431            5.42        08:36:24        4.20e-02        2.00e+00
       35992070        67.94355      1055.50507            5.43        08:36:07        4.20e-02        2.00e+00
       35993159        67.94397      1056.50568            5.43        08:35:51        4.20e-02        2.00e+00
       35994143        67.94361      1057.50649            5.43        08:35:32        4.20e-02        2.00e+00
       35995084        67.94344      1058.50738            5.43        08:35:12        4.20e-02        2.00e+00
       35996069        67.94311      1059.50807            5.43        08:34:54        4.20e-02        2.00e+00
       35997058        67.94260      1060.50902            5.43        08:34:36        4.20e-02        2.00e+00
       35998108        67.94228      1061.50935            5.43        08:34:19        4.20e-02        2.00e+00
       35999182        67.94211      1062.50992            5.43        08:34:03        4.20e-02        2.00e+00
DEBUG @ t=36000000: current_coupling=0.042, last=0.042
[HDF5 Writer DEBUG] timestep=36000000, current_time_ps=1063.250, last_output_time=1063.2415876750704, write_count=101623
       36000281        67.94132      1063.51064            5.43        08:33:48        4.20e-02        2.00e+00
       36001357        67.94082      1064.51109            5.43        08:33:32        4.20e-02        2.00e+00
       36002391        67.94055      1065.51111            5.43        08:33:15        4.20e-02        2.00e+00
       36003392        67.94003      1066.51210            5.43        08:32:57        4.20e-02        2.00e+00
       36004451        67.93907      1067.51219            5.43        08:32:41        4.20e-02        2.00e+00
       36005484        67.93853      1068.51253            5.43        08:32:24        4.20e-02        2.00e+00
       36006529        67.93780      1069.51259            5.43        08:32:08        4.20e-02        2.00e+00
       36007637        67.93726      1070.51260            5.43        08:31:53        4.20e-02        2.00e+00
       36008683        67.93767      1071.51278            5.43        08:31:36        4.20e-02        2.00e+00
       36009715        67.93760      1072.51313            5.43        08:31:18        4.20e-02        2.00e+00
DEBUG @ t=36010000: current_coupling=0.042, last=0.042
       36010898        67.93699      1073.51363            5.43        08:31:05        4.20e-02        2.00e+00
       36012043        67.93632      1074.51441            5.43        08:30:51        4.20e-02        2.00e+00
       36013180        67.93630      1075.51477            5.43        08:30:37        4.20e-02        2.00e+00
       36014273        67.93600      1076.51527            5.43        08:30:21        4.20e-02        2.00e+00
       36015368        67.93541      1077.51616            5.43        08:30:06        4.20e-02        2.00e+00
       36016471        67.93516      1078.51668            5.43        08:29:51        4.20e-02        2.00e+00
       36017626        67.93551      1079.51747            5.43        08:29:37        4.20e-02        2.00e+00
       36018757        67.93549      1080.51797            5.43        08:29:22        4.20e-02        2.00e+00
       36019850        67.93526      1081.51797            5.43        08:29:06        4.20e-02        2.00e+00
DEBUG @ t=36020000: current_coupling=0.042, last=0.042
       36020933        67.93455      1082.51819            5.43        08:28:51        4.20e-02        2.00e+00
       36021932        67.93377      1083.51848            5.43        08:28:33        4.20e-02        2.00e+00
       36022971        67.93327      1084.51885            5.43        08:28:16        4.20e-02        2.00e+00
       36024101        67.93275      1085.51946            5.43        08:28:02        4.20e-02        2.00e+00
       36025170        67.93315      1086.51976            5.43        08:27:45        4.20e-02        2.00e+00
       36026290        67.93352      1087.51998            5.43        08:27:30        4.20e-02        2.00e+00
       36027375        67.93348      1088.52036            5.43        08:27:14        4.20e-02        2.00e+00
       36028501        67.93375      1089.52120            5.43        08:27:00        4.20e-02        2.00e+00
       36029637        67.93368      1090.52135            5.43        08:26:45        4.20e-02        2.00e+00
DEBUG @ t=36030000: current_coupling=0.042, last=0.042
       36030714        67.93413      1091.52138            5.43        08:26:29        4.20e-02        2.00e+00
       36031848        67.93444      1092.52158            5.43        08:26:14        4.20e-02        2.00e+00
       36032864        67.93488      1093.52159            5.43        08:25:56        4.20e-02        2.00e+00
       36033846        67.93525      1094.52201            5.43        08:25:38        4.20e-02        2.00e+00
       36034894        67.93508      1095.52257            5.43        08:25:21        4.20e-02        2.00e+00
       36035962        67.93516      1096.52351            5.43        08:25:05        4.20e-02        2.00e+00
       36036899        67.93459      1097.52411            5.43        08:24:45        4.20e-02        2.00e+00
       36037884        67.93395      1098.52515            5.43        08:24:27        4.20e-02        2.00e+00
       36038791        67.93338      1099.52592            5.43        08:24:07        4.20e-02        2.00e+00
       36039831        67.93307      1100.52618            5.43        08:23:50        4.20e-02        2.00e+00
DEBUG @ t=36040000: current_coupling=0.042, last=0.042
       36040800        67.93276      1101.52638            5.43        08:23:31        4.20e-02        2.00e+00
       36041816        67.93291      1102.52681            5.43        08:23:14        4.20e-02        2.00e+00
       36042854        67.93326      1103.52736            5.43        08:22:57        4.20e-02        2.00e+00
       36043861        67.93295      1104.52781            5.43        08:22:39        4.20e-02        2.00e+00
       36044819        67.93240      1105.52843            5.43        08:22:20        4.20e-02        2.00e+00
       36045875        67.93290      1106.52907            5.43        08:22:03        4.20e-02        2.00e+00
       36046889        67.93259      1107.52982            5.43        08:21:46        4.20e-02        2.00e+00
       36047959        67.93234      1108.53003            5.43        08:21:30        4.20e-02        2.00e+00
       36049069        67.93190      1109.53025            5.43        08:21:15        4.20e-02        2.00e+00
DEBUG @ t=36050000: current_coupling=0.042, last=0.042
       36050154        67.93125      1110.53114            5.43        08:20:59        4.20e-02        2.00e+00
       36051229        67.93137      1111.53142            5.43        08:20:43        4.20e-02        2.00e+00
       36052277        67.93100      1112.53166            5.43        08:20:27        4.20e-02        2.00e+00
       36053283        67.93170      1113.53216            5.43        08:20:08        4.20e-02        2.00e+00
       36054263        67.93086      1114.53255            5.43        08:19:50        4.20e-02        2.00e+00
       36055240        67.93016      1115.53288            5.43        08:19:32        4.20e-02        2.00e+00
       36056286        67.93079      1116.53311            5.43        08:19:15        4.20e-02        2.00e+00
       36057332        67.93052      1117.53348            5.43        08:18:58        4.20e-02        2.00e+00
       36058343        67.93077      1118.53404            5.43        08:18:41        4.20e-02        2.00e+00
       36059456        67.93072      1119.53480            5.43        08:18:26        4.20e-02        2.00e+00
DEBUG @ t=36060000: current_coupling=0.042, last=0.042
       36060442        67.93019      1120.53550            5.43        08:18:08        4.20e-02        2.00e+00
       36061425        67.92971      1121.53648            5.43        08:17:49        4.20e-02        2.00e+00
       36062502        67.92948      1122.53730            5.43        08:17:34        4.20e-02        2.00e+00
       36063528        67.92887      1123.53748            5.43        08:17:17        4.20e-02        2.00e+00
       36064556        67.92836      1124.53751            5.43        08:17:00        4.20e-02        2.00e+00
       36065572        67.92779      1125.53818            5.43        08:16:42        4.20e-02        2.00e+00
       36066595        67.92715      1126.53887            5.43        08:16:25        4.20e-02        2.00e+00
       36067550        67.92686      1127.53897            5.43        08:16:07        4.20e-02        2.00e+00
       36068559        67.92656      1128.53987            5.44        08:15:49        4.20e-02        2.00e+00
       36069589        67.92658      1129.54010            5.44        08:15:32        4.20e-02        2.00e+00
DEBUG @ t=36070000: current_coupling=0.042, last=0.042
       36070578        67.92792      1130.54069            5.44        08:15:13        4.20e-02        2.00e+00
       36071675        67.92815      1131.54146            5.44        08:14:58        4.20e-02        2.00e+00
       36072724        67.92815      1132.54206            5.44        08:14:41        4.20e-02        2.00e+00
       36073708        67.92748      1133.54296            5.44        08:14:23        4.20e-02        2.00e+00
       36074766        67.92702      1134.54399            5.44        08:14:07        4.20e-02        2.00e+00
       36075720        67.92631      1135.54436            5.44        08:13:48        4.20e-02        2.00e+00
       36076767        67.92660      1136.54503            5.44        08:13:31        4.20e-02        2.00e+00
       36077740        67.92656      1137.54549            5.44        08:13:13        4.20e-02        2.00e+00
       36078784        67.92659      1138.54650            5.44        08:12:56        4.20e-02        2.00e+00
       36079772        67.92654      1139.54686            5.44        08:12:38        4.20e-02        2.00e+00
DEBUG @ t=36080000: current_coupling=0.042, last=0.042
       36080888        67.92770      1140.54713            5.44        08:12:22        4.20e-02        2.00e+00
       36081837        67.92733      1141.54802            5.44        08:12:03        4.20e-02        2.00e+00
       36082778        67.92724      1142.54890            5.44        08:11:44        4.20e-02        2.00e+00
       36083721        67.92765      1143.54927            5.44        08:11:25        4.20e-02        2.00e+00
       36084828        67.92824      1144.55038            5.44        08:11:09        4.20e-02        2.00e+00
       36085700        67.92783      1145.55081            5.44        08:10:49        4.20e-02        2.00e+00
       36086678        67.92742      1146.55162            5.44        08:10:31        4.20e-02        2.00e+00
       36087681        67.92682      1147.55189            5.44        08:10:13        4.20e-02        2.00e+00
       36088718        67.92627      1148.55245            5.44        08:09:57        4.20e-02        2.00e+00
       36089626        67.92565      1149.55329            5.44        08:09:37        4.20e-02        2.00e+00
DEBUG @ t=36090000: current_coupling=0.042, last=0.042
       36090651        67.92543      1150.55362            5.44        08:09:20        4.20e-02        2.00e+00
       36091624        67.92474      1151.55385            5.44        08:09:02        4.20e-02        2.00e+00
       36092650        67.92426      1152.55438            5.44        08:08:45        4.20e-02        2.00e+00
       36093693        67.92420      1153.55441            5.44        08:08:28        4.20e-02        2.00e+00
       36094570        67.92368      1154.55471            5.44        08:08:08        4.20e-02        2.00e+00
       36095587        67.92328      1155.55473            5.44        08:07:51        4.20e-02        2.00e+00
       36096477        67.92295      1156.55486            5.45        08:07:30        4.20e-02        2.00e+00
       36097485        67.92366      1157.55543            5.45        08:07:13        4.20e-02        2.00e+00
       36098403        67.92303      1158.55588            5.45        08:06:53        4.20e-02        2.00e+00
       36099321        67.92258      1159.55684            5.45        08:06:34        4.20e-02        2.00e+00
DEBUG @ t=36100000: current_coupling=0.042, last=0.042
[HDF5 Writer DEBUG] timestep=36100000, current_time_ps=1160.239, last_output_time=1160.229838161077, write_count=110842
       36100345        67.92203      1160.55709            5.45        08:06:17        4.20e-02        2.00e+00
       36101346        67.92174      1161.55779            5.45        08:05:59        4.20e-02        2.00e+00
       36102357        67.92116      1162.55803            5.45        08:05:42        4.20e-02        2.00e+00
       36103418        67.92082      1163.55859            5.45        08:05:26        4.20e-02        2.00e+00
       36104476        67.92061      1164.55918            5.45        08:05:10        4.20e-02        2.00e+00
       36105467        67.92008      1165.55979            5.45        08:04:52        4.20e-02        2.00e+00
       36106504        67.91978      1166.55987            5.45        08:04:36        4.20e-02        2.00e+00
       36107539        67.91940      1167.56032            5.45        08:04:19        4.20e-02        2.00e+00
       36108536        67.91887      1168.56080            5.45        08:04:01        4.20e-02        2.00e+00
       36109638        67.91870      1169.56095            5.45        08:03:46        4.20e-02        2.00e+00
DEBUG @ t=36110000: current_coupling=0.042, last=0.042
       36110722        67.91815      1170.56158            5.45        08:03:31        4.20e-02        2.00e+00
       36111667        67.91779      1171.56257            5.45        08:03:12        4.20e-02        2.00e+00
       36112761        67.91746      1172.56319            5.45        08:02:57        4.20e-02        2.00e+00
       36113795        67.91682      1173.56362            5.45        08:02:40        4.20e-02        2.00e+00
       36114823        67.91687      1174.56433            5.45        08:02:23        4.20e-02        2.00e+00
       36115902        67.91689      1175.56513            5.45        08:02:07        4.20e-02        2.00e+00
       36117014        67.91757      1176.56523            5.45        08:01:52        4.20e-02        2.00e+00
       36118142        67.91733      1177.56577            5.45        08:01:37        4.20e-02        2.00e+00
       36119261        67.91879      1178.56633            5.45        08:01:22        4.20e-02        2.00e+00
DEBUG @ t=36120000: current_coupling=0.042, last=0.042
       36120354        67.92016      1179.56721            5.45        08:01:05        4.20e-02        2.00e+00
       36121437        67.92157      1180.56810            5.45        08:00:49        4.20e-02        2.00e+00
       36122534        67.92376      1181.56864            5.45        08:00:33        4.20e-02        2.00e+00
       36123602        67.92621      1182.56944            5.45        08:00:16        4.20e-02        2.00e+00
       36124760        67.92790      1183.56963            5.45        08:00:01        4.20e-02        2.00e+00
       36125829        67.93064      1184.57055            5.45        07:59:44        4.20e-02        2.00e+00
       36126910        67.93324      1185.57098            5.45        07:59:27        4.20e-02        2.00e+00
       36128014        67.93634      1186.57154            5.45        07:59:10        4.20e-02        2.00e+00
       36129092        67.93902      1187.57204            5.45        07:58:53        4.20e-02        2.00e+00
DEBUG @ t=36130000: current_coupling=0.042, last=0.042
       36130188        67.94149      1188.57214            5.45        07:58:37        4.20e-02        2.00e+00
       36131220        67.94355      1189.57248            5.45        07:58:19        4.20e-02        2.00e+00
       36132256        67.94634      1190.57310            5.45        07:58:01        4.20e-02        2.00e+00
       36133379        67.95012      1191.57355            5.45        07:57:45        4.20e-02        2.00e+00
       36134505        67.95459      1192.57390            5.45        07:57:28        4.20e-02        2.00e+00
       36135516        67.95795      1193.57416            5.45        07:57:09        4.20e-02        2.00e+00
       36136693        67.96244      1194.57446            5.45        07:56:54        4.20e-02        2.00e+00
       36137836        67.96679      1195.57544            5.45        07:56:37        4.20e-02        2.00e+00
       36138867        67.97110      1196.57549            5.45        07:56:19        4.20e-02        2.00e+00
DEBUG @ t=36140000: current_coupling=0.042, last=0.042
       36140023        67.97598      1197.57645            5.45        07:56:02        4.20e-02        2.00e+00
       36141071        67.97997      1198.57660            5.45        07:55:44        4.20e-02        2.00e+00
       36142185        67.98475      1199.57688            5.45        07:55:27        4.20e-02        2.00e+00
Added F(k,t) reference 6 at t = 1200.004 ps
       36143225        67.98974      1200.57737            5.45        07:55:08        4.20e-02        2.00e+00
       36144297        67.99402      1201.57792            5.45        07:54:51        4.20e-02        2.00e+00
       36145406        67.99817      1202.57809            5.45        07:54:34        4.20e-02        2.00e+00
       36146479        68.00227      1203.57843            5.45        07:54:16        4.20e-02        2.00e+00
       36147605        68.00752      1204.57930            5.45        07:53:59        4.20e-02        2.00e+00
       36148602        68.01103      1205.58013            5.46        07:53:40        4.20e-02        2.00e+00
       36149550        68.01469      1206.58103            5.46        07:53:20        4.20e-02        2.00e+00
DEBUG @ t=36150000: current_coupling=0.042, last=0.042
       36150567        68.01893      1207.58105            5.46        07:53:01        4.20e-02        2.00e+00
       36151525        68.02279      1208.58197            5.46        07:52:41        4.20e-02        2.00e+00
       36152569        68.02662      1209.58215            5.46        07:52:23        4.20e-02        2.00e+00
       36153638        68.03069      1210.58282            5.46        07:52:05        4.20e-02        2.00e+00
       36154627        68.03414      1211.58313            5.46        07:51:46        4.20e-02        2.00e+00
       36155636        68.03857      1212.58411            5.46        07:51:27        4.20e-02        2.00e+00
       36156645        68.04244      1213.58468            5.46        07:51:08        4.20e-02        2.00e+00
       36157661        68.04650      1214.58489            5.46        07:50:49        4.20e-02        2.00e+00
       36158737        68.05098      1215.58532            5.46        07:50:31        4.20e-02        2.00e+00
       36159806        68.05509      1216.58601            5.46        07:50:13        4.20e-02        2.00e+00
DEBUG @ t=36160000: current_coupling=0.042, last=0.042
       36160876        68.05902      1217.58673            5.46        07:49:56        4.20e-02        2.00e+00
       36162029        68.06309      1218.58697            5.46        07:49:40        4.20e-02        2.00e+00
       36163127        68.06700      1219.58753            5.46        07:49:23        4.20e-02        2.00e+00
       36164112        68.07033      1220.58862            5.46        07:49:04        4.20e-02        2.00e+00
       36165060        68.07366      1221.58938            5.46        07:48:44        4.20e-02        2.00e+00
       36166158        68.07799      1222.58995            5.46        07:48:27        4.20e-02        2.00e+00
       36167170        68.08182      1223.59069            5.46        07:48:08        4.20e-02        2.00e+00
2025-11-06 17:24:48 | ERROR | CRITICAL ERROR in simulation: Unable to synchronously flush file (file write failed: time = Thu Nov  6 17:24:48 2025
, filename = 'observables_replica_446.h5', file descriptor = 4, errno = 122, error message = 'Disk quota exceeded', buf = 0x55c462aa3ab0, total write size = 7038, bytes this sub-write = 7038, offset = 838855418)
2025-11-06 17:24:48 | ERROR | Full traceback:
2025-11-06 17:24:48 | ERROR | Traceback (most recent call last):
2025-11-06 17:24:48 | ERROR |   File "/scratch/mh7373/micromamba/envs/hoomd/lib/python3.12/site-packages/hoomd/cavitymd/simulation/core.py", line 4753, in run
2025-11-06 17:24:48 | ERROR |     self.run_simulation()
2025-11-06 17:24:48 | ERROR |   File "/scratch/mh7373/micromamba/envs/hoomd/lib/python3.12/site-packages/hoomd/cavitymd/simulation/core.py", line 4807, in run_simulation
2025-11-06 17:24:48 | ERROR |     self.sim.run(total_steps, write_at_start=True)
2025-11-06 17:24:48 | ERROR |   File "/scratch/mh7373/micromamba/envs/hoomd/lib/python3.12/site-packages/hoomd/simulation.py", line 561, in run
2025-11-06 17:24:48 | ERROR |     self._cpp_sys.run(steps_int, write_at_start)
2025-11-06 17:24:48 | ERROR |   File "/scratch/mh7373/micromamba/envs/hoomd/lib/python3.12/site-packages/hoomd/cavitymd/data.py", line 528, in act
2025-11-06 17:24:48 | ERROR |     self.file.flush()
2025-11-06 17:24:48 | ERROR |   File "/scratch/mh7373/micromamba/envs/hoomd/lib/python3.12/site-packages/h5py/_hl/files.py", line 639, in flush
2025-11-06 17:24:48 | ERROR |     h5f.flush(self.id)
2025-11-06 17:24:48 | ERROR |   File "h5py/_objects.pyx", line 56, in h5py._objects.with_phil.wrapper
2025-11-06 17:24:48 | ERROR |   File "h5py/_objects.pyx", line 57, in h5py._objects.with_phil.wrapper
2025-11-06 17:24:48 | ERROR |   File "h5py/h5f.pyx", line 159, in h5py.h5f.flush
2025-11-06 17:24:48 | ERROR | RuntimeError: Unable to synchronously flush file (file write failed: time = Thu Nov  6 17:24:48 2025
2025-11-06 17:24:48 | ERROR | , filename = 'observables_replica_446.h5', file descriptor = 4, errno = 122, error message = 'Disk quota exceeded', buf = 0x55c462aa3ab0, total write size = 7038, bytes this sub-write = 7038, offset = 838855418)
2025-11-06 17:24:48 | INFO | Cleanup initiated...
2025-11-06 17:24:48 | INFO | Closing HDF5 observable writer...
2025-11-06 17:24:48 | ERROR | Error closing HDF5 writer: Unable to synchronously flush file (file write failed: time = Thu Nov  6 17:24:48 2025
, filename = 'observables_replica_446.h5', file descriptor = 4, errno = 122, error message = 'Disk quota exceeded', buf = 0x55c462aa5ed0, total write size = 7038, bytes this sub-write = 7038, offset = 838855418)
DEBUG: Cleanup called - checking for fkt_tracker
DEBUG: No fkt_tracker found or it's None
2025-11-06 17:24:48 | INFO | Returned to original directory: /scratch/mh7373/cav-hoomd/new_final_offres
2025-11-06 17:24:48 | INFO | Cleanup completed
ERROR: Replica 446 failed (coupling: 4.200000e-02 a.u.)

==================================================
Execution Summary
==================================================
Coupling constant used: 4.200000e-02 a.u.
Total replicas: 1
Successful: 0
Failed: 1
Wall time: 19358.06 seconds

WARNING: 1 replicas failed - check individual logs for details
✗ FAILED: DEBUG task 446
