SLURM Job ID: 1642366
SLURM Array Task ID: 442
Using frequency: 2060 cm-1
Fixed coupling strength (lambda): 0.042 (dimensionless)
Frame will be automatically set to: 442
Advanced Cavity MD Experiment Runner
==================================================
SLURM array job detected: Task 442 (Job 1642366)

*** COUPLING CONSTANT: 4.200000e-02 a.u. ***

Simulation Configuration:
  Cavity coupling: Enabled
    Coupling strength: 4.200000e-02 a.u.
    Frequency: 2060.0 cm⁻¹
    Finite-q mode: False
    Cavity thermostat: langevin
  Molecular thermostat: bussi
  Temperature: 100.0 K
  Runtime: 3000.0 ps
  Device: CPU
  Random seed: 0
  Velocity restart: Enabled - thermalizing velocities
  Momentum zeroing: Disabled

Starting execution for 1 replica(s)...
==================================================

Running replica 442...
>>> Will use FRAME 442 from init-0.gsd for this replica <<<
Running experiment:
  Cavity coupling: Enabled
  *** COUPLING STRENGTH: 4.200000e-02 a.u. ***
  Switch time: 200.0 ps
  Decay: None (step function)
  Damping ratio (zeta): 0.0
  Calculated dissipation (c): 0.0000e+00 a.u.
  Molecular thermostat: bussi
  Cavity thermostat: langevin
  Finite-q mode: False
  Replica: 442
  Frame: 442
  Output directory: coupling_420000e-07_freq_2060.0cm1_switch_200.0ps
  *** READING FRAME 442 FROM /scratch/mh7373/cav-hoomd/new_final_offres/init-0.gsd ***
  ✓ Successfully initialized simulation from frame 442
  ✓ Input file: /scratch/mh7373/cav-hoomd/new_final_offres/init-0.gsd
  ✓ Replica 442 ready to run...
2025-11-06 12:02:08 | INFO | ============================================================
2025-11-06 12:02:08 | INFO | CAVITY MD SIMULATION STARTED
2025-11-06 12:02:08 | INFO | ============================================================
2025-11-06 12:02:08 | INFO | Simulation: prod-442
2025-11-06 12:02:08 | INFO | Device: CPU
2025-11-06 12:02:08 | INFO | Runtime: 3000.0 ps
2025-11-06 12:02:08 | INFO | Temperature: 100.0 K
2025-11-06 12:02:08 | INFO | Random seed: 0
2025-11-06 12:02:08 | INFO | Cavity coupling: Enabled
2025-11-06 12:02:08 | INFO |   Frequency: 2060.0 cm^-1
2025-11-06 12:02:08 | INFO |   Lambda coupling: 0.042
2025-11-06 12:02:08 | INFO |   Epsilon (lambda * omega_c): 3.942141e-04 a.u.
2025-11-06 12:02:08 | INFO |   Finite-q mode: False
2025-11-06 12:02:08 | INFO | Molecular thermostat: bussi (tau=1.0 ps)
2025-11-06 12:02:08 | INFO | Cavity thermostat: langevin (tau=1.0 ps)
2025-11-06 12:02:08 | INFO | ============================================================
2025-11-06 12:02:08 | INFO | === Phase 1: Setting up simulation ===
2025-11-06 12:02:08 | INFO | Using default timestep for calculations: 0.0001 ps
2025-11-06 12:02:08 | INFO | Time conversions:
2025-11-06 12:02:08 | INFO |   Timestep: 0.0001 ps = 4.134138 a.u.
2025-11-06 12:02:08 | INFO |   Runtime: 3000.0 ps = 30000000 steps
2025-11-06 12:02:08 | INFO |   Steps per ps: 10000.0
2025-11-06 12:02:08 | INFO | Output periods (steps):
2025-11-06 12:02:08 | INFO |   Energy: 100 (0.010 ps)
2025-11-06 12:02:08 | INFO |   F(k,t): 10000 (1.000 ps)
2025-11-06 12:02:08 | INFO |   GSD: 10000 (1.000 ps)
2025-11-06 12:02:08 | INFO |   Console: 10000 (1.000 ps)
2025-11-06 12:02:08 | INFO | Initializing simulation on CPU
2025-11-06 12:02:08 | INFO | Using user-specified seed: 0
2025-11-06 12:02:08 | INFO | Cavity particle already exists in GSD file (1 found)
2025-11-06 12:02:08 | INFO | Simulation state created from original GSD file with existing cavity particle
2025-11-06 12:02:08 | INFO | Cavity particle validated at index 500, position HOOMDArray([-3.51083875 -1.43901181  3.79206109])
2025-11-06 12:02:08 | INFO | === Phase 1.5: Setting up time tracker ===
2025-11-06 12:02:08 | INFO | === Phase 2: Configuring forces and thermostats ===
2025-11-06 12:02:08 | INFO | Using lambda_coupling=0.042 (will be scaled by omega_c=0.009386 a.u.)
2025-11-06 12:02:08 | INFO | Using constant coupling: lambda=0.042, epsilon=3.942141e-04 a.u.
CavityForce initialized using cpp implementation
  Using constant lambda coupling: 0.042 (dimensionless)
  Effective epsilon: 3.942141e-04 a.u.
2025-11-06 12:02:08 | INFO | Thermostat time constant conversions:
2025-11-06 12:02:08 | INFO |   Molecular: 1.000 ps = 41341.378917 a.u.
2025-11-06 12:02:08 | INFO |   Cavity: 1.000 ps = 41341.378917 a.u.
2025-11-06 12:02:08 | INFO | Running molecular system with Bussi thermostat (NVT ensemble)
2025-11-06 12:02:08 | INFO | Molecular Bussi thermostat configured: T = 100.0 K, kT = 0.000317 a.u., tau = 1.000 ps
2025-11-06 12:02:08 | INFO | Running cavity with Langevin thermostat
2025-11-06 12:02:08 | INFO | Cavity Langevin thermostat configured: T = 100.0 K, kT = 0.000317 a.u.
2025-11-06 12:02:08 | INFO |   base_gamma = 0.000024 a.u.^-1 (tau = 1.000 ps)
2025-11-06 12:02:08 | INFO |   effective_gamma = 0.000024 a.u.^-1 (damping_factor = 1.0x)
2025-11-06 12:02:08 | INFO | === Phase 3: Setting up integrator and thermalization ===
2025-11-06 12:02:08 | INFO | Integrator configured with initial dt = 4.134138 a.u. (0.000100 ps)
2025-11-06 12:02:08 | INFO | Number of integration methods: 2
2025-11-06 12:02:08 | INFO | CavityParticleDisplacer not needed (constant coupling or q=0 mode)
2025-11-06 12:02:08 | INFO | Using seed 1 for thermalization randomness
2025-11-06 12:02:08 | INFO | Thermalized molecular particles using HOOMD State object
2025-11-06 12:02:08 | INFO | Cavity particle manually thermalized:
2025-11-06 12:02:08 | INFO |   Target temperature: 100.0 K
2025-11-06 12:02:08 | INFO |   Initial velocity: [ 0.02890696 -0.01088686 -0.00939938]
2025-11-06 12:02:08 | INFO |   Expected KE: 0.000521 a.u.
2025-11-06 12:02:08 | INFO |   Expected temperature: 109.7 K
2025-11-06 12:02:08 | INFO |   Using array module: numpy
2025-11-06 12:02:08 | INFO | Checking molecular system temperature after thermalization:
2025-11-06 12:02:08 | INFO |   Number of molecular particles: 500
2025-11-06 12:02:08 | INFO |   Total kinetic energy: 0.232442 a.u.
2025-11-06 12:02:08 | INFO |   Current temperature: 97.9 K
2025-11-06 12:02:08 | INFO | Thermalization completed - velocities properly initialized
2025-11-06 12:02:08 | INFO | === Phase 4: Setting up trackers and loggers ===
2025-11-06 12:02:08 | INFO | Setting up adaptive timestep updater (error_tolerance = 2.0)
Dynamic coupling change detection enabled
Coupling change threshold: ±1.00e-05 a.u.
Shock dampening: error_tolerance drops to 2.00e-10 (factor: 1.00e-10)
Recovery: exponential ramp to 2.00e+00 with τ = 1000.0 ps
Conservative timestep parameters:
  Change threshold: 10.0%
  Max change factor: 1.5
  Min update interval: 1000 steps
  Switch detection tolerance: 0.001 ps
2025-11-06 12:02:08 | INFO | Adaptive timestep updater enabled (check every 1 steps)
CavityForceCompute initialized: omegac=0.00938605 a.u., lambda_coupling=0.042 (dimensionless, from variant), K=8.80979e-05 a.u.
CPU CavityForceCompute initialized successfully
notice(2): charge.pppm: RMS error: 2.31675e-08
NOTICE: Starting from inherited timestep 34650000
  Elapsed time will start from 0, not from inherited simulation time
DEBUG @ t=34650000: current_coupling=0.042, last=None
DEBUG: First coupling check - stored value: 0.042
2025-11-06 12:02:09 | INFO |   Added detailed BussiReservoir energy tracking for method 0
2025-11-06 12:02:09 | INFO |   Added energy tracking for cavityforce
2025-11-06 12:02:09 | INFO |   Added detailed cavity energy components
2025-11-06 12:02:09 | INFO |   Added energy tracking for harmonic
2025-11-06 12:02:09 | INFO |   Added energy tracking for lj
2025-11-06 12:02:09 | INFO |   Added energy tracking for ewald
2025-11-06 12:02:09 | INFO |   Added energy tracking for coulomb
2025-11-06 12:02:09 | INFO | Energy tracking setup completed: 0 methods, 5 forces
2025-11-06 12:02:09 | INFO | Setting up energy tracker with output file: prod-442_energy_tracker.txt
2025-11-06 12:02:09 | INFO | Energy tracker configuration:
2025-11-06 12:02:09 | INFO |   Using time-based output: 0.010 ps
2025-11-06 12:02:09 | INFO |   Max output time: 250.000 ps
2025-11-06 12:02:09 | INFO | Energy tracker configuration:
2025-11-06 12:02:09 | INFO |   Force objects: ['cavity', 'harmonic', 'lj', 'ewald_short', 'ewald_long']
2025-11-06 12:02:09 | INFO |   Thermostat objects: ['bussi_molecular', 'langevin_cavity']
2025-11-06 12:02:09 | INFO |   Using internal kinetic computation (no external tracker needed)
2025-11-06 12:02:09 | INFO |  Energy tracker setup completed with time-based output:
2025-11-06 12:02:09 | INFO |   Output period: 0.010 ps (accurate timing)
2025-11-06 12:02:09 | INFO |   Tracker handles timing internally using ElapsedTimeTracker
2025-11-06 12:02:09 | INFO |   Output limited to 250.000 ps
2025-11-06 12:02:09 | INFO | Setting up F(k,t) density correlation tracker
2025-11-06 12:02:09 | INFO |   k magnitude: 1.00
2025-11-06 12:02:09 | INFO |   Number of wavevectors: 50
2025-11-06 12:02:09 | INFO |   Reference interval: 200.000 ps
2025-11-06 12:02:09 | INFO |   Max references: 20
2025-11-06 12:02:09 | INFO |   Output period: 1.000 ps
2025-11-06 12:02:09 | INFO |   Using time-based reference intervals for adaptive timestep compatibility
2025-11-06 12:02:09 | INFO |   Reference interval: 200.000 ps
2025-11-06 12:02:09 | INFO |   Trigger period: 1 step
2025-11-06 12:02:09 | INFO |   Logarithmic time spacing: DISABLED (regular spacing)
FieldAutocorrelationTracker initialized for density_correlation
  k-magnitude: 1.0
  Wavevectors: 50
  Reference interval: 200.0 ps
  Max references: 20
2025-11-06 12:02:09 | INFO |  F(k,t) tracker successfully enabled with time-based output:
2025-11-06 12:02:09 | INFO |   Output period: 1.000 ps (accurate timing)
2025-11-06 12:02:09 | INFO |   Reference interval: 200.000 ps
2025-11-06 12:02:09 | INFO |   Tracker handles timing internally using ElapsedTimeTracker
2025-11-06 12:02:09 | INFO | Setting up dipole autocorrelation tracker...
2025-11-06 12:02:09 | INFO |   Reference interval: 200.000 ps
2025-11-06 12:02:09 | INFO |   Max references: 20
2025-11-06 12:02:09 | INFO |   Output period: 0.010 ps
2025-11-06 12:02:09 | INFO |   Using time-based reference intervals for adaptive timestep compatibility
2025-11-06 12:02:09 | INFO |   Reference interval: 200.000 ps
2025-11-06 12:02:09 | INFO |   Trigger period: 1 step
2025-11-06 12:02:09 | WARNING | Could not set up dipole autocorrelation tracker: Can't instantiate abstract class AutocorrelationTracker without an implementation for abstract method 'act'
2025-11-06 12:02:09 | INFO | Momentum zeroing disabled
2025-11-06 12:02:09 | INFO |  TRACKING AND LOGGING SETUP COMPLETED:
2025-11-06 12:02:09 | INFO |   All output systems now use precise time-based periods
2025-11-06 12:02:09 | INFO |  Comprehensive temperature tracker enabled
2025-11-06 12:02:09 | INFO |   Output file: temperature_tracker_replica_442.csv
2025-11-06 12:02:09 | INFO |   Output period: 0.1 ps
2025-11-06 12:02:09 | INFO |   Tracking: kinetic, harmonic fictive, LJ+Coul fictive, cavity bath, molecular bath
2025-11-06 12:02:09 | INFO |   Empirical data: None (LJ+Coul fictive temp will be 0)
2025-11-06 12:02:09 | INFO | 
============================================================
2025-11-06 12:02:09 | INFO | HDF5 OBSERVABLE OUTPUT CONFIGURATION
2025-11-06 12:02:09 | INFO | ============================================================
2025-11-06 12:02:09 | INFO | Output file: observables_replica_442.h5
2025-11-06 12:02:09 | INFO | Output period: 0.010 ps
2025-11-06 12:02:09 | INFO | SWMR mode: Enabled (concurrent read access)
2025-11-06 12:02:09 | INFO | ============================================================

✓ HDF5 file structure created: observables_replica_442.h5
ObservableWriter initialized:
  Output file: observables_replica_442.h5
  Output period: 0.01 ps
  Chunk size: 1000
  Compression: gzip
  SWMR mode: True
  Flush interval: 10
✓ Energy tracker registered (18 components)
2025-11-06 12:02:09 | INFO |   Registered energy tracker for HDF5 output
✓ Temperature tracker registered (6 components)
2025-11-06 12:02:09 | INFO |   Registered temperature tracker for HDF5 output
2025-11-06 12:02:09 | INFO | ✓ HDF5 observable output enabled

2025-11-06 12:02:09 | INFO | Advanced features enabled: detailed energy tracking (0.010 ps), F(k,t) density correlation (1.000 ps, k=1.0), dipole autocorrelation (0.010 ps), adaptive timestep control, comprehensive temperature tracker (0.1 ps), HDF5 observable output (0.010 ps)
2025-11-06 12:02:09 | INFO | Console output: 1.000 ps periods (time-based)
2025-11-06 12:02:09 | INFO |   Works accurately for both adaptive and fixed timestep modes
2025-11-06 12:02:09 | INFO | DEBUG: PID controller NOT enabled (enable_pid_controller=False)
2025-11-06 12:02:09 | INFO | === Phase 5: Setting up output writers ===
2025-11-06 12:02:09 | INFO | GSD output setup for adaptive timestep mode:
2025-11-06 12:02:09 | INFO |   GSD trigger: every 1000 steps (target: 1.000 ps)
2025-11-06 12:02:09 | INFO |   Note: GSD timing may vary slightly due to adaptive timestep changes
2025-11-06 12:02:09 | INFO | GSD writer added for file: prod-442.gsd
2025-11-06 12:02:09 | INFO |   GSD output period: 1.000 ps
2025-11-06 12:02:09 | INFO |   GSD truncate mode: False (append to existing file)
2025-11-06 12:02:09 | INFO |  Console output setup completed:
2025-11-06 12:02:09 | INFO |   Output period: 1.000 ps (accurate time-based)
2025-11-06 12:02:09 | INFO |   Lambda coupling column: 4.200000e-02 (dimensionless) (displayed in real-time)
2025-11-06 12:02:09 | INFO |   Console tracker handles timing internally using ElapsedTimeTracker
2025-11-06 12:02:09 | INFO |   Works accurately for both adaptive and fixed timestep modes
2025-11-06 12:02:09 | INFO |  FIXED: Console output now uses precise time-based logic
2025-11-06 12:02:09 | INFO |   Both console and energy tracker use accurate timing
2025-11-06 12:02:09 | INFO |   GSD output timing may vary slightly but is less critical
2025-11-06 12:02:09 | INFO | === Phase 6: Running simulation ===
2025-11-06 12:02:09 | INFO | Starting adaptive timestep simulation for 3000.0 ps
2025-11-06 12:02:09 | INFO | Using max steps: 999999999 (will exit when runtime reached)
2025-11-06 12:02:09 | INFO | Initial timestep: 39.482517 a.u. (0.955 fs)
2025-11-06 12:02:09 | INFO | Timestep will adapt dynamically (error_tolerance = 2.0)
Added F(k,t) reference 0 at t = 0.001 ps
[HDF5 Writer DEBUG] timestep=34650001, current_time_ps=0.001, last_output_time=None, write_count=0
[HDF5 Writer DEBUG] Writing data point 0 at time 0.001 ps
[HDF5 Writer DEBUG] timestep=34650002, current_time_ps=0.002, last_output_time=0.0009550362759426766, write_count=1
[HDF5 Writer DEBUG] Skipping output: not time yet (current=0.002, last=0.0009550362759426766, period=0.01)
[HDF5 Writer DEBUG] timestep=34650003, current_time_ps=0.003, last_output_time=0.0009550362759426766, write_count=1
[HDF5 Writer DEBUG] Skipping output: not time yet (current=0.003, last=0.0009550362759426766, period=0.01)
[HDF5 Writer DEBUG] timestep=34650004, current_time_ps=0.004, last_output_time=0.0009550362759426766, write_count=1
[HDF5 Writer DEBUG] Skipping output: not time yet (current=0.004, last=0.0009550362759426766, period=0.01)
[HDF5 Writer DEBUG] timestep=34650005, current_time_ps=0.005, last_output_time=0.0009550362759426766, write_count=1
[HDF5 Writer DEBUG] Skipping output: not time yet (current=0.005, last=0.0009550362759426766, period=0.01)
[HDF5 Writer DEBUG] timestep=34650006, current_time_ps=0.006, last_output_time=0.0009550362759426766, write_count=1
[HDF5 Writer DEBUG] Skipping output: not time yet (current=0.006, last=0.0009550362759426766, period=0.01)
[HDF5 Writer DEBUG] timestep=34650007, current_time_ps=0.007, last_output_time=0.0009550362759426766, write_count=1
[HDF5 Writer DEBUG] Skipping output: not time yet (current=0.007, last=0.0009550362759426766, period=0.01)
[HDF5 Writer DEBUG] timestep=34650008, current_time_ps=0.008, last_output_time=0.0009550362759426766, write_count=1
[HDF5 Writer DEBUG] Skipping output: not time yet (current=0.008, last=0.0009550362759426766, period=0.01)
[HDF5 Writer DEBUG] timestep=34650009, current_time_ps=0.009, last_output_time=0.0009550362759426766, write_count=1
[HDF5 Writer DEBUG] Skipping output: not time yet (current=0.009, last=0.0009550362759426766, period=0.01)
[HDF5 Writer DEBUG] timestep=34650010, current_time_ps=0.010, last_output_time=0.0009550362759426766, write_count=1
[HDF5 Writer DEBUG] Skipping output: not time yet (current=0.010, last=0.0009550362759426766, period=0.01)
[HDF5 Writer DEBUG] timestep=34650011, current_time_ps=0.011, last_output_time=0.0009550362759426766, write_count=1
[HDF5 Writer DEBUG] Skipping output: not time yet (current=0.011, last=0.0009550362759426766, period=0.01)
[HDF5 Writer DEBUG] timestep=34650012, current_time_ps=0.011, last_output_time=0.0009550362759426766, write_count=1
[HDF5 Writer DEBUG] Writing data point 1 at time 0.011 ps
[HDF5 Writer DEBUG] timestep=34650013, current_time_ps=0.012, last_output_time=0.011460435311312122, write_count=2
[HDF5 Writer DEBUG] Skipping output: not time yet (current=0.012, last=0.011460435311312122, period=0.01)
[HDF5 Writer DEBUG] timestep=34650014, current_time_ps=0.013, last_output_time=0.011460435311312122, write_count=2
[HDF5 Writer DEBUG] Skipping output: not time yet (current=0.013, last=0.011460435311312122, period=0.01)
[HDF5 Writer DEBUG] timestep=34650015, current_time_ps=0.014, last_output_time=0.011460435311312122, write_count=2
[HDF5 Writer DEBUG] Skipping output: not time yet (current=0.014, last=0.011460435311312122, period=0.01)
[HDF5 Writer DEBUG] timestep=34650016, current_time_ps=0.015, last_output_time=0.011460435311312122, write_count=2
[HDF5 Writer DEBUG] Skipping output: not time yet (current=0.015, last=0.011460435311312122, period=0.01)
[HDF5 Writer DEBUG] timestep=34650017, current_time_ps=0.016, last_output_time=0.011460435311312122, write_count=2
[HDF5 Writer DEBUG] Skipping output: not time yet (current=0.016, last=0.011460435311312122, period=0.01)
[HDF5 Writer DEBUG] timestep=34650018, current_time_ps=0.017, last_output_time=0.011460435311312122, write_count=2
[HDF5 Writer DEBUG] Skipping output: not time yet (current=0.017, last=0.011460435311312122, period=0.01)
[HDF5 Writer DEBUG] timestep=34650019, current_time_ps=0.018, last_output_time=0.011460435311312122, write_count=2
[HDF5 Writer DEBUG] Skipping output: not time yet (current=0.018, last=0.011460435311312122, period=0.01)
[HDF5 Writer DEBUG] timestep=34650020, current_time_ps=0.019, last_output_time=0.011460435311312122, write_count=2
[HDF5 Writer DEBUG] Skipping output: not time yet (current=0.019, last=0.011460435311312122, period=0.01)
[HDF5 Writer DEBUG] timestep=34650021, current_time_ps=0.020, last_output_time=0.011460435311312122, write_count=2
[HDF5 Writer DEBUG] Skipping output: not time yet (current=0.020, last=0.011460435311312122, period=0.01)
[HDF5 Writer DEBUG] timestep=34650022, current_time_ps=0.021, last_output_time=0.011460435311312122, write_count=2
[HDF5 Writer DEBUG] Skipping output: not time yet (current=0.021, last=0.011460435311312122, period=0.01)
[HDF5 Writer DEBUG] timestep=34650023, current_time_ps=0.022, last_output_time=0.011460435311312122, write_count=2
[HDF5 Writer DEBUG] Writing data point 2 at time 0.022 ps
✓ SWMR mode enabled - file can now be read concurrently
Simulation.timestep  Simulation.tps Time.elapsed_ps Performance.ns_per_day Performance.eta   Cavity.lambda Adaptive.error_tolerance
       34651045        70.04185         1.00071            5.67        12:41:34        4.20e-02        2.00e+00
       34652032        70.08576         2.00127            5.90        12:12:03        4.20e-02        2.00e+00
       34653058        70.01747         3.00218            5.90        12:12:08        4.20e-02        2.00e+00
       34654110        70.12006         4.00225            5.87        12:15:22        4.20e-02        2.00e+00
       34655124        70.32365         5.00306            5.91        12:10:14        4.20e-02        2.00e+00
       34656128        70.57333         6.00369            5.95        12:04:25        4.20e-02        2.00e+00
       34657171        70.53520         7.00400            5.93        12:06:24        4.20e-02        2.00e+00
       34658283        70.74813         8.00490            5.89        12:11:23        4.20e-02        2.00e+00
       34659315        70.67923         9.00563            5.89        12:11:20        4.20e-02        2.00e+00
DEBUG @ t=34660000: current_coupling=0.042, last=0.042
       34660291        70.61765        10.00592            5.92        12:07:25        4.20e-02        2.00e+00
       34661148        70.55028        11.00677            6.01        11:56:39        4.20e-02        2.00e+00
       34662057        70.51707        12.00697            6.06        11:50:31        4.20e-02        2.00e+00
       34662980        70.54742        13.00784            6.10        11:45:25        4.20e-02        2.00e+00
       34663907        70.51374        14.00853            6.13        11:41:49        4.20e-02        2.00e+00
       34664875        70.50160        15.00931            6.14        11:40:25        4.20e-02        2.00e+00
       34666001        70.51765        16.01020            6.09        11:45:52        4.20e-02        2.00e+00
       34666880        70.48992        17.01119            6.13        11:40:49        4.20e-02        2.00e+00
       34667882        70.50101        18.01200            6.13        11:40:46        4.20e-02        2.00e+00
       34668845        70.48018        19.01300            6.14        11:39:33        4.20e-02        2.00e+00
       34669774        70.48634        20.01334            6.16        11:37:00        4.20e-02        2.00e+00
DEBUG @ t=34670000: current_coupling=0.042, last=0.042
       34670666        70.48017        21.01429            6.18        11:33:33        4.20e-02        2.00e+00
       34671594        70.49711        22.01528            6.20        11:31:18        4.20e-02        2.00e+00
       34672608        70.46525        23.01556            6.19        11:32:22        4.20e-02        2.00e+00
       34673602        70.44232        24.01656            6.19        11:32:38        4.20e-02        2.00e+00
       34674515        70.45864        25.01688            6.21        11:30:15        4.20e-02        2.00e+00
       34675435        70.46618        26.01755            6.22        11:28:17        4.20e-02        2.00e+00
       34676401        70.48270        27.01755            6.23        11:27:33        4.20e-02        2.00e+00
       34677349        70.52456        28.01843            6.24        11:26:09        4.20e-02        2.00e+00
       34678279        70.52719        29.01928            6.25        11:24:44        4.20e-02        2.00e+00
       34679257        70.53013        30.01930            6.25        11:24:32        4.20e-02        2.00e+00
DEBUG @ t=34680000: current_coupling=0.042, last=0.042
       34680252        70.51949        31.01976            6.24        11:24:51        4.20e-02        2.00e+00
       34681216        70.49248        32.01995            6.24        11:24:36        4.20e-02        2.00e+00
       34682205        70.47067        33.02023            6.24        11:24:52        4.20e-02        2.00e+00
       34683162        70.46560        34.02067            6.24        11:24:17        4.20e-02        2.00e+00
       34684143        70.45149        35.02073            6.24        11:24:18        4.20e-02        2.00e+00
       34685059        70.43729        36.02107            6.25        11:23:02        4.20e-02        2.00e+00
       34686022        70.41914        37.02175            6.25        11:22:46        4.20e-02        2.00e+00
       34686992        70.41673        38.02217            6.25        11:22:29        4.20e-02        2.00e+00
       34687908        70.44063        39.02285            6.26        11:20:59        4.20e-02        2.00e+00
       34688866        70.42812        40.02318            6.26        11:20:37        4.20e-02        2.00e+00
       34689829        70.41465        41.02413            6.26        11:20:21        4.20e-02        2.00e+00
DEBUG @ t=34690000: current_coupling=0.042, last=0.042
       34690769        70.40265        42.02514            6.27        11:19:42        4.20e-02        2.00e+00
       34691683        70.38746        43.02556            6.27        11:18:41        4.20e-02        2.00e+00
       34692667        70.37724        44.02560            6.27        11:18:47        4.20e-02        2.00e+00
       34693653        70.36244        45.02623            6.27        11:18:57        4.20e-02        2.00e+00
       34694650        70.35167        46.02629            6.26        11:19:14        4.20e-02        2.00e+00
       34695577        70.33869        47.02734            6.27        11:18:28        4.20e-02        2.00e+00
       34696499        70.32892        48.02798            6.27        11:17:37        4.20e-02        2.00e+00
       34697452        70.33161        49.02826            6.28        11:17:08        4.20e-02        2.00e+00
       34698386        70.35703        50.02868            6.28        11:16:11        4.20e-02        2.00e+00
       34699315        70.36236        51.02884            6.29        11:15:22        4.20e-02        2.00e+00
DEBUG @ t=34700000: current_coupling=0.042, last=0.042
[HDF5 Writer DEBUG] timestep=34700000, current_time_ps=51.750, last_output_time=51.73918217014754, write_count=4904
       34700281        70.35701        52.02945            6.29        11:15:10        4.20e-02        2.00e+00
       34701268        70.35604        53.02971            6.28        11:15:13        4.20e-02        2.00e+00
       34702208        70.34885        54.03007            6.29        11:14:42        4.20e-02        2.00e+00
       34703169        70.35703        55.03067            6.29        11:14:19        4.20e-02        2.00e+00
       34704253        70.35922        56.03154            6.28        11:15:31        4.20e-02        2.00e+00
       34705206        70.34992        57.03165            6.28        11:15:11        4.20e-02        2.00e+00
       34706138        70.34418        58.03264            6.28        11:14:33        4.20e-02        2.00e+00
       34707093        70.34316        59.03352            6.28        11:14:10        4.20e-02        2.00e+00
       34708047        70.34370        60.03439            6.28        11:13:46        4.20e-02        2.00e+00
       34709077        70.33885        61.03516            6.28        11:14:18        4.20e-02        2.00e+00
DEBUG @ t=34710000: current_coupling=0.042, last=0.042
       34710064        70.33159        62.03521            6.27        11:14:21        4.20e-02        2.00e+00
       34711069        70.33102        63.03561            6.27        11:14:31        4.20e-02        2.00e+00
       34712096        70.33466        64.03561            6.26        11:14:53        4.20e-02        2.00e+00
       34713099        70.33025        65.03607            6.26        11:15:03        4.20e-02        2.00e+00
       34714077        70.32107        66.03650            6.26        11:14:58        4.20e-02        2.00e+00
       34714963        70.31568        67.03683            6.27        11:13:55        4.20e-02        2.00e+00
       34715864        70.31334        68.03711            6.27        11:13:00        4.20e-02        2.00e+00
       34716867        70.31035        69.03754            6.27        11:13:09        4.20e-02        2.00e+00
       34717851        70.31358        70.03782            6.27        11:13:02        4.20e-02        2.00e+00
       34718794        70.31102        71.03868            6.27        11:12:34        4.20e-02        2.00e+00
       34719728        70.30472        72.03926            6.27        11:12:03        4.20e-02        2.00e+00
DEBUG @ t=34720000: current_coupling=0.042, last=0.042
       34720645        70.29992        73.03980            6.28        11:11:23        4.20e-02        2.00e+00
       34721616        70.30779        74.04005            6.28        11:11:06        4.20e-02        2.00e+00
       34722559        70.32222        75.04106            6.28        11:10:30        4.20e-02        2.00e+00
       34723477        70.34074        76.04176            6.29        11:09:39        4.20e-02        2.00e+00
       34724426        70.36183        77.04257            6.29        11:09:03        4.20e-02        2.00e+00
       34725414        70.36418        78.04259            6.29        11:08:59        4.20e-02        2.00e+00
       34726394        70.36205        79.04270            6.29        11:08:54        4.20e-02        2.00e+00
       34727325        70.36169        80.04358            6.29        11:08:21        4.20e-02        2.00e+00
       34728285        70.36137        81.04412            6.29        11:08:04        4.20e-02        2.00e+00
       34729301        70.35972        82.04431            6.29        11:08:16        4.20e-02        2.00e+00
DEBUG @ t=34730000: current_coupling=0.042, last=0.042
       34730297        70.36747        83.04514            6.29        11:08:12        4.20e-02        2.00e+00
       34731287        70.36545        84.04521            6.28        11:08:11        4.20e-02        2.00e+00
       34732300        70.37689        85.04545            6.28        11:08:13        4.20e-02        2.00e+00
       34733318        70.37658        86.04592            6.28        11:08:23        4.20e-02        2.00e+00
       34734314        70.37538        87.04626            6.28        11:08:23        4.20e-02        2.00e+00
       34735316        70.38435        88.04635            6.27        11:08:20        4.20e-02        2.00e+00
       34736300        70.38818        89.04669            6.27        11:08:10        4.20e-02        2.00e+00
       34737214        70.39480        90.04725            6.28        11:07:27        4.20e-02        2.00e+00
       34738161        70.40559        91.04820            6.28        11:06:57        4.20e-02        2.00e+00
       34739178        70.40968        92.04916            6.28        11:07:02        4.20e-02        2.00e+00
DEBUG @ t=34740000: current_coupling=0.042, last=0.042
       34740136        70.40886        93.04984            6.28        11:06:44        4.20e-02        2.00e+00
       34741154        70.40405        94.05087            6.27        11:06:54        4.20e-02        2.00e+00
       34742073        70.39881        95.05145            6.28        11:06:21        4.20e-02        2.00e+00
       34742953        70.40163        96.05214            6.28        11:05:27        4.20e-02        2.00e+00
       34744003        70.40406        97.05264            6.28        11:05:46        4.20e-02        2.00e+00
       34744896        70.40569        98.05329            6.28        11:05:00        4.20e-02        2.00e+00
       34745786        70.40917        99.05438            6.29        11:04:11        4.20e-02        2.00e+00
       34746787        70.40927       100.05486            6.29        11:04:11        4.20e-02        2.00e+00
       34747836        70.40803       101.05532            6.28        11:04:31        4.20e-02        2.00e+00
       34748779        70.40946       102.05596            6.28        11:04:06        4.20e-02        2.00e+00
       34749805        70.40612       103.05680            6.28        11:04:17        4.20e-02        2.00e+00
DEBUG @ t=34750000: current_coupling=0.042, last=0.042
       34750867        70.41045       104.05762            6.27        11:04:37        4.20e-02        2.00e+00
       34751795        70.40940       105.05806            6.28        11:04:07        4.20e-02        2.00e+00
       34752694        70.40691       106.05826            6.28        11:03:28        4.20e-02        2.00e+00
       34753762        70.40382       107.05837            6.27        11:03:54        4.20e-02        2.00e+00
       34754811        70.40657       108.05863            6.27        11:04:09        4.20e-02        2.00e+00
       34755929        70.40908       109.05887            6.26        11:04:49        4.20e-02        2.00e+00
       34756979        70.42237       110.05971            6.26        11:04:57        4.20e-02        2.00e+00
       34758066        70.42017       111.06056            6.25        11:05:26        4.20e-02        2.00e+00
       34759093        70.41744       112.06087            6.25        11:05:34        4.20e-02        2.00e+00
DEBUG @ t=34760000: current_coupling=0.042, last=0.042
       34760241        70.41743       113.06150            6.24        11:06:23        4.20e-02        2.00e+00
       34761370        70.42693       114.06172            6.23        11:06:59        4.20e-02        2.00e+00
       34762431        70.42331       115.06248            6.23        11:07:17        4.20e-02        2.00e+00
       34763497        70.41977       116.06274            6.22        11:07:36        4.20e-02        2.00e+00
       34764628        70.42777       117.06285            6.21        11:08:11        4.20e-02        2.00e+00
       34765660        70.43947       118.06331            6.21        11:08:08        4.20e-02        2.00e+00
       34766799        70.45324       119.06374            6.20        11:08:41        4.20e-02        2.00e+00
       34767820        70.44798       120.06394            6.20        11:08:44        4.20e-02        2.00e+00
       34768738        70.44266       121.06453            6.20        11:08:11        4.20e-02        2.00e+00
       34769662        70.43725       122.06494            6.21        11:07:41        4.20e-02        2.00e+00
DEBUG @ t=34770000: current_coupling=0.042, last=0.042
       34770682        70.43332       123.06585            6.20        11:07:42        4.20e-02        2.00e+00
       34771680        70.43458       124.06666            6.20        11:07:33        4.20e-02        2.00e+00
       34772769        70.43659       125.06713            6.20        11:07:53        4.20e-02        2.00e+00
       34773922        70.43981       126.06735            6.19        11:08:33        4.20e-02        2.00e+00
       34774972        70.44752       127.06783            6.19        11:08:35        4.20e-02        2.00e+00
       34775945        70.44589       128.06846            6.19        11:08:19        4.20e-02        2.00e+00
       34776948        70.44377       129.06916            6.19        11:08:12        4.20e-02        2.00e+00
       34778058        70.45216       130.06983            6.18        11:08:33        4.20e-02        2.00e+00
       34779007        70.44952       131.07015            6.18        11:08:09        4.20e-02        2.00e+00
DEBUG @ t=34780000: current_coupling=0.042, last=0.042
       34780081        70.44843       132.07071            6.18        11:08:23        4.20e-02        2.00e+00
       34781154        70.44445       133.07104            6.17        11:08:38        4.20e-02        2.00e+00
       34782168        70.44268       134.07150            6.17        11:08:33        4.20e-02        2.00e+00
       34783152        70.44335       135.07172            6.17        11:08:18        4.20e-02        2.00e+00
       34784190        70.43842       136.07227            6.17        11:08:23        4.20e-02        2.00e+00
       34785249        70.43545       137.07326            6.17        11:08:32        4.20e-02        2.00e+00
       34786239        70.43275       138.07428            6.17        11:08:20        4.20e-02        2.00e+00
       34787198        70.42779       139.07473            6.17        11:08:00        4.20e-02        2.00e+00
       34788171        70.42496       140.07483            6.17        11:07:44        4.20e-02        2.00e+00
       34789108        70.42360       141.07568            6.17        11:07:16        4.20e-02        2.00e+00
DEBUG @ t=34790000: current_coupling=0.042, last=0.042
       34790059        70.42178       142.07596            6.17        11:06:53        4.20e-02        2.00e+00
       34791070        70.41901       143.07684            6.17        11:06:47        4.20e-02        2.00e+00
       34792077        70.41483       144.07709            6.17        11:06:42        4.20e-02        2.00e+00
       34792980        70.41161       145.07782            6.17        11:06:06        4.20e-02        2.00e+00
       34794004        70.41089       146.07798            6.17        11:06:03        4.20e-02        2.00e+00
       34795038        70.41188       147.07835            6.17        11:06:01        4.20e-02        2.00e+00
       34795967        70.41134       148.07900            6.17        11:05:32        4.20e-02        2.00e+00
       34796993        70.41211       149.07971            6.17        11:05:28        4.20e-02        2.00e+00
       34797840        70.40948       150.08021            6.17        11:04:38        4.20e-02        2.00e+00
       34798713        70.40812       151.08108            6.18        11:03:54        4.20e-02        2.00e+00
       34799658        70.40472       152.08185            6.18        11:03:32        4.20e-02        2.00e+00
DEBUG @ t=34800000: current_coupling=0.042, last=0.042
[HDF5 Writer DEBUG] timestep=34800000, current_time_ps=152.432, last_output_time=152.4270914602176, write_count=14422
       34800605        70.40439       153.08239            6.18        11:03:08        4.20e-02        2.00e+00
       34801584        70.40575       154.08266            6.18        11:02:52        4.20e-02        2.00e+00
       34802563        70.40617       155.08274            6.18        11:02:36        4.20e-02        2.00e+00
       34803609        70.40446       156.08355            6.18        11:02:39        4.20e-02        2.00e+00
       34804694        70.40267       157.08378            6.18        11:02:52        4.20e-02        2.00e+00
       34805816        70.40668       158.08454            6.17        11:03:10        4.20e-02        2.00e+00
       34806902        70.41989       159.08482            6.17        11:03:14        4.20e-02        2.00e+00
       34807837        70.42107       160.08590            6.17        11:02:46        4.20e-02        2.00e+00
       34808831        70.42105       161.08603            6.17        11:02:34        4.20e-02        2.00e+00
       34809947        70.42653       162.08642            6.17        11:02:49        4.20e-02        2.00e+00
DEBUG @ t=34810000: current_coupling=0.042, last=0.042
       34810918        70.44008       163.08709            6.17        11:02:24        4.20e-02        2.00e+00
       34812019        70.43962       164.08776            6.16        11:02:38        4.20e-02        2.00e+00
       34813152        70.44080       165.08829            6.16        11:02:58        4.20e-02        2.00e+00
       34814184        70.44265       166.08880            6.16        11:02:54        4.20e-02        2.00e+00
       34815146        70.44280       167.08917            6.16        11:02:33        4.20e-02        2.00e+00
       34816345        70.45362       168.08942            6.15        11:03:03        4.20e-02        2.00e+00
       34817463        70.46640       169.08951            6.15        11:03:12        4.20e-02        2.00e+00
       34818605        70.46882       170.08954            6.14        11:03:33        4.20e-02        2.00e+00
       34819722        70.47326       171.09031            6.14        11:03:46        4.20e-02        2.00e+00
DEBUG @ t=34820000: current_coupling=0.042, last=0.042
       34820856        70.47453       172.09040            6.13        11:04:04        4.20e-02        2.00e+00
       34821793        70.47851       173.09057            6.13        11:03:34        4.20e-02        2.00e+00
       34822783        70.48451       174.09061            6.14        11:03:16        4.20e-02        2.00e+00
       34823709        70.48317       175.09129            6.14        11:02:48        4.20e-02        2.00e+00
       34824687        70.48050       176.09146            6.14        11:02:32        4.20e-02        2.00e+00
       34825695        70.47704       177.09215            6.14        11:02:23        4.20e-02        2.00e+00
       34826670        70.47690       178.09250            6.14        11:02:05        4.20e-02        2.00e+00
       34827703        70.47915       179.09317            6.14        11:01:59        4.20e-02        2.00e+00
       34828730        70.48125       180.09345            6.14        11:01:51        4.20e-02        2.00e+00
       34829680        70.48080       181.09362            6.14        11:01:28        4.20e-02        2.00e+00
DEBUG @ t=34830000: current_coupling=0.042, last=0.042
       34830637        70.48684       182.09464            6.14        11:01:02        4.20e-02        2.00e+00
       34831626        70.49794       183.09490            6.14        11:00:41        4.20e-02        2.00e+00
       34832711        70.50534       184.09548            6.14        11:00:43        4.20e-02        2.00e+00
       34833691        70.50332       185.09590            6.14        11:00:27        4.20e-02        2.00e+00
       34834616        70.50532       186.09590            6.14        10:59:58        4.20e-02        2.00e+00
       34835616        70.50705       187.09632            6.14        10:59:44        4.20e-02        2.00e+00
       34836581        70.50538       188.09679            6.14        10:59:25        4.20e-02        2.00e+00
       34837549        70.50355       189.09694            6.14        10:59:07        4.20e-02        2.00e+00
       34838528        70.49973       190.09742            6.14        10:58:52        4.20e-02        2.00e+00
       34839444        70.50018       191.09752            6.14        10:58:22        4.20e-02        2.00e+00
DEBUG @ t=34840000: current_coupling=0.042, last=0.042
       34840348        70.49873       192.09758            6.15        10:57:51        4.20e-02        2.00e+00
       34841309        70.50065       193.09797            6.15        10:57:29        4.20e-02        2.00e+00
       34842286        70.50363       194.09826            6.15        10:57:11        4.20e-02        2.00e+00
       34843219        70.50063       195.09875            6.15        10:56:46        4.20e-02        2.00e+00
       34844203        70.49823       196.09936            6.15        10:56:32        4.20e-02        2.00e+00
       34845181        70.49718       197.09952            6.15        10:56:16        4.20e-02        2.00e+00
       34846157        70.49450       198.10008            6.15        10:56:01        4.20e-02        2.00e+00
       34847161        70.49352       199.10103            6.15        10:55:50        4.20e-02        2.00e+00
SWITCH DETECTED at timestep 34847961: t = 200.001050 ps
  Forcing immediate timestep adjustment for shock dampening
Added F(k,t) reference 1 at t = 200.001 ps
       34848063        70.49307       200.10120            6.15        10:55:18        4.20e-02        2.00e+00
       34849078        70.49130       201.10180            6.15        10:55:10        4.20e-02        2.00e+00
DEBUG @ t=34850000: current_coupling=0.042, last=0.042
       34850061        70.49395       202.10190            6.15        10:54:53        4.20e-02        2.00e+00
       34851032        70.49305       203.10225            6.15        10:54:36        4.20e-02        2.00e+00
       34851986        70.49365       204.10299            6.15        10:54:14        4.20e-02        2.00e+00
       34852919        70.49192       205.10338            6.16        10:53:50        4.20e-02        2.00e+00
       34853910        70.49404       206.10414            6.16        10:53:35        4.20e-02        2.00e+00
       34854997        70.50286       207.10501            6.15        10:53:35        4.20e-02        2.00e+00
       34855963        70.50252       208.10565            6.15        10:53:16        4.20e-02        2.00e+00
       34857095        70.50752       209.10664            6.15        10:53:26        4.20e-02        2.00e+00
       34858061        70.50662       210.10735            6.15        10:53:08        4.20e-02        2.00e+00
       34859069        70.50714       211.10780            6.15        10:52:57        4.20e-02        2.00e+00
       34859961        70.50535       212.10783            6.15        10:52:25        4.20e-02        2.00e+00
DEBUG @ t=34860000: current_coupling=0.042, last=0.042
       34860981        70.50377       213.10887            6.15        10:52:17        4.20e-02        2.00e+00
       34861932        70.50109       214.10895            6.15        10:51:58        4.20e-02        2.00e+00
       34862874        70.49930       215.10904            6.15        10:51:36        4.20e-02        2.00e+00
       34863922        70.49790       216.10918            6.15        10:51:33        4.20e-02        2.00e+00
       34864867        70.49481       217.10982            6.15        10:51:12        4.20e-02        2.00e+00
       34865822        70.49373       218.11028            6.15        10:50:53        4.20e-02        2.00e+00
       34866862        70.49231       219.11082            6.15        10:50:48        4.20e-02        2.00e+00
       34867887        70.49065       220.11096            6.15        10:50:42        4.20e-02        2.00e+00
       34868891        70.48799       221.11108            6.15        10:50:31        4.20e-02        2.00e+00
DEBUG @ t=34870000: current_coupling=0.042, last=0.042
       34870014        70.48679       222.11154            6.15        10:50:42        4.20e-02        2.00e+00
       34871037        70.48522       223.11197            6.15        10:50:34        4.20e-02        2.00e+00
       34872105        70.48547       224.11203            6.14        10:50:33        4.20e-02        2.00e+00
       34873054        70.48404       225.11238            6.15        10:50:13        4.20e-02        2.00e+00
       34874118        70.48585       226.11279            6.14        10:50:10        4.20e-02        2.00e+00
       34875129        70.48467       227.11325            6.14        10:50:00        4.20e-02        2.00e+00
       34876224        70.48478       228.11341            6.14        10:50:04        4.20e-02        2.00e+00
       34877237        70.48752       229.11430            6.14        10:49:52        4.20e-02        2.00e+00
       34878314        70.49075       230.11515            6.14        10:49:50        4.20e-02        2.00e+00
       34879324        70.49141       231.11555            6.14        10:49:39        4.20e-02        2.00e+00
DEBUG @ t=34880000: current_coupling=0.042, last=0.042
       34880366        70.49119       232.11596            6.14        10:49:33        4.20e-02        2.00e+00
       34881424        70.49553       233.11682            6.13        10:49:27        4.20e-02        2.00e+00
       34882446        70.49689       234.11728            6.13        10:49:17        4.20e-02        2.00e+00
       34883475        70.49570       235.11781            6.13        10:49:10        4.20e-02        2.00e+00
       34884508        70.49716       236.11850            6.13        10:49:02        4.20e-02        2.00e+00
       34885594        70.49754       237.11916            6.13        10:49:02        4.20e-02        2.00e+00
       34886665        70.49744       238.11944            6.13        10:49:01        4.20e-02        2.00e+00
       34887675        70.49568       239.11971            6.13        10:48:51        4.20e-02        2.00e+00
       34888584        70.49411       240.12035            6.13        10:48:23        4.20e-02        2.00e+00
       34889556        70.49788       241.12110            6.13        10:48:03        4.20e-02        2.00e+00
DEBUG @ t=34890000: current_coupling=0.042, last=0.042
       34890536        70.50146       242.12130            6.13        10:47:45        4.20e-02        2.00e+00
       34891464        70.50374       243.12176            6.13        10:47:19        4.20e-02        2.00e+00
       34892434        70.50293       244.12178            6.13        10:47:02        4.20e-02        2.00e+00
       34893463        70.50210       245.12202            6.13        10:46:54        4.20e-02        2.00e+00
       34894424        70.50273       246.12309            6.13        10:46:34        4.20e-02        2.00e+00
       34895314        70.50421       247.12363            6.14        10:46:03        4.20e-02        2.00e+00
       34896233        70.50270       248.12417            6.14        10:45:38        4.20e-02        2.00e+00
       34897269        70.50095       249.12448            6.14        10:45:32        4.20e-02        2.00e+00
       34898295        70.50276       250.12471            6.14        10:45:22        4.20e-02        2.00e+00
       34899268        70.50166       251.12522            6.14        10:45:05        4.20e-02        2.00e+00
DEBUG @ t=34900000: current_coupling=0.042, last=0.042
[HDF5 Writer DEBUG] timestep=34900000, current_time_ps=251.895, last_output_time=251.8943556463815, write_count=23861
       34900221        70.50143       252.12592            6.14        10:44:45        4.20e-02        2.00e+00
       34901194        70.49927       253.12605            6.14        10:44:29        4.20e-02        2.00e+00
       34902176        70.49819       254.12694            6.14        10:44:14        4.20e-02        2.00e+00
       34903042        70.49757       255.12777            6.14        10:43:40        4.20e-02        2.00e+00
       34903944        70.49545       256.12855            6.14        10:43:14        4.20e-02        2.00e+00
       34904921        70.49435       257.12883            6.14        10:42:58        4.20e-02        2.00e+00
       34905788        70.49347       258.12967            6.15        10:42:26        4.20e-02        2.00e+00
       34906706        70.49296       259.12991            6.15        10:42:01        4.20e-02        2.00e+00
       34907598        70.49024       260.13017            6.15        10:41:33        4.20e-02        2.00e+00
       34908537        70.48823       261.13053            6.15        10:41:13        4.20e-02        2.00e+00
       34909469        70.48976       262.13139            6.15        10:40:49        4.20e-02        2.00e+00
DEBUG @ t=34910000: current_coupling=0.042, last=0.042
       34910350        70.48794       263.13196            6.15        10:40:20        4.20e-02        2.00e+00
       34911235        70.48580       264.13304            6.16        10:39:52        4.20e-02        2.00e+00
       34912163        70.48975       265.13412            6.16        10:39:26        4.20e-02        2.00e+00
       34913079        70.49684       266.13514            6.16        10:38:58        4.20e-02        2.00e+00
       34913924        70.50022       267.13553            6.16        10:38:21        4.20e-02        2.00e+00
       34914811        70.50014       268.13651            6.17        10:37:52        4.20e-02        2.00e+00
       34915778        70.49817       269.13678            6.17        10:37:36        4.20e-02        2.00e+00
       34916744        70.49605       270.13707            6.17        10:37:20        4.20e-02        2.00e+00
       34917741        70.50091       271.13797            6.17        10:37:05        4.20e-02        2.00e+00
       34918691        70.50233       272.13826            6.17        10:36:44        4.20e-02        2.00e+00
       34919648        70.50098       273.13882            6.17        10:36:27        4.20e-02        2.00e+00
DEBUG @ t=34920000: current_coupling=0.042, last=0.042
       34920621        70.49989       274.13907            6.17        10:36:11        4.20e-02        2.00e+00
       34921562        70.49897       275.14006            6.17        10:35:51        4.20e-02        2.00e+00
       34922513        70.49677       276.14036            6.17        10:35:33        4.20e-02        2.00e+00
       34923515        70.49448       277.14068            6.17        10:35:23        4.20e-02        2.00e+00
       34924504        70.49309       278.14129            6.17        10:35:10        4.20e-02        2.00e+00
       34925504        70.49154       279.14172            6.17        10:34:58        4.20e-02        2.00e+00
       34926503        70.49243       280.14245            6.17        10:34:45        4.20e-02        2.00e+00
       34927527        70.49691       281.14323            6.17        10:34:34        4.20e-02        2.00e+00
       34928616        70.50033       282.14341            6.17        10:34:32        4.20e-02        2.00e+00
       34929576        70.50084       283.14342            6.17        10:34:14        4.20e-02        2.00e+00
DEBUG @ t=34930000: current_coupling=0.042, last=0.042
       34930593        70.49975       284.14362            6.17        10:34:04        4.20e-02        2.00e+00
       34931560        70.50086       285.14399            6.17        10:33:47        4.20e-02        2.00e+00
       34932575        70.50406       286.14459            6.17        10:33:35        4.20e-02        2.00e+00
       34933560        70.50675       287.14465            6.17        10:33:19        4.20e-02        2.00e+00
       34934568        70.50697       288.14490            6.17        10:33:07        4.20e-02        2.00e+00
       34935579        70.50714       289.14538            6.17        10:32:56        4.20e-02        2.00e+00
       34936685        70.50951       290.14558            6.17        10:32:57        4.20e-02        2.00e+00
       34937750        70.51093       291.14616            6.16        10:32:52        4.20e-02        2.00e+00
       34938807        70.50911       292.14690            6.16        10:32:48        4.20e-02        2.00e+00
       34939959        70.51377       293.14766            6.16        10:32:53        4.20e-02        2.00e+00
DEBUG @ t=34940000: current_coupling=0.042, last=0.042
       34940882        70.51303       294.14771            6.16        10:32:30        4.20e-02        2.00e+00
       34942102        70.51282       295.14848            6.16        10:32:46        4.20e-02        2.00e+00
       34943288        70.52071       296.14877            6.15        10:32:53        4.20e-02        2.00e+00
       34944362        70.52141       297.14908            6.15        10:32:50        4.20e-02        2.00e+00
       34945404        70.52517       298.14958            6.15        10:32:40        4.20e-02        2.00e+00
       34946448        70.52329       299.15003            6.15        10:32:34        4.20e-02        2.00e+00
       34947426        70.52156       300.15067            6.15        10:32:19        4.20e-02        2.00e+00
       34948389        70.52185       301.15137            6.15        10:32:01        4.20e-02        2.00e+00
       34949378        70.52254       302.15159            6.15        10:31:46        4.20e-02        2.00e+00
DEBUG @ t=34950000: current_coupling=0.042, last=0.042
       34950401        70.52091       303.15232            6.15        10:31:37        4.20e-02        2.00e+00
       34951420        70.51855       304.15310            6.15        10:31:28        4.20e-02        2.00e+00
       34952430        70.51704       305.15401            6.15        10:31:17        4.20e-02        2.00e+00
       34953436        70.51595       306.15465            6.15        10:31:05        4.20e-02        2.00e+00
       34954549        70.51570       307.15521            6.14        10:31:06        4.20e-02        2.00e+00
       34955628        70.51373       308.15523            6.14        10:31:04        4.20e-02        2.00e+00
       34956676        70.51256       309.15585            6.14        10:30:57        4.20e-02        2.00e+00
       34957816        70.51454       310.15615            6.14        10:31:01        4.20e-02        2.00e+00
       34958823        70.51631       311.15692            6.14        10:30:47        4.20e-02        2.00e+00
       34959854        70.51989       312.15780            6.14        10:30:36        4.20e-02        2.00e+00
DEBUG @ t=34960000: current_coupling=0.042, last=0.042
       34960956        70.52280       313.15817            6.14        10:30:33        4.20e-02        2.00e+00
       34961996        70.52390       314.15863            6.14        10:30:24        4.20e-02        2.00e+00
       34962944        70.52174       315.15880            6.14        10:30:06        4.20e-02        2.00e+00
       34963961        70.52045       316.15911            6.14        10:29:55        4.20e-02        2.00e+00
       34964954        70.51999       317.15925            6.14        10:29:41        4.20e-02        2.00e+00
       34966111        70.51863       318.16004            6.13        10:29:48        4.20e-02        2.00e+00
       34967167        70.52674       319.16029            6.13        10:29:37        4.20e-02        2.00e+00
       34968272        70.53128       320.16103            6.13        10:29:33        4.20e-02        2.00e+00
       34969356        70.53473       321.16155            6.13        10:29:28        4.20e-02        2.00e+00
DEBUG @ t=34970000: current_coupling=0.042, last=0.042
       34970356        70.53566       322.16210            6.13        10:29:14        4.20e-02        2.00e+00
       34971397        70.53520       323.16273            6.13        10:29:05        4.20e-02        2.00e+00
       34972397        70.53640       324.16368            6.13        10:28:51        4.20e-02        2.00e+00
       34973318        70.53455       325.16420            6.13        10:28:29        4.20e-02        2.00e+00
       34974303        70.53566       326.16487            6.13        10:28:13        4.20e-02        2.00e+00
       34975287        70.53785       327.16583            6.13        10:27:57        4.20e-02        2.00e+00
       34976203        70.53570       328.16643            6.13        10:27:35        4.20e-02        2.00e+00
       34977098        70.53313       329.16748            6.13        10:27:10        4.20e-02        2.00e+00
       34978022        70.53075       330.16824            6.13        10:26:50        4.20e-02        2.00e+00
       34978919        70.52822       331.16915            6.13        10:26:26        4.20e-02        2.00e+00
       34979851        70.52758       332.16985            6.14        10:26:05        4.20e-02        2.00e+00
DEBUG @ t=34980000: current_coupling=0.042, last=0.042
       34980750        70.52770       333.16998            6.14        10:25:40        4.20e-02        2.00e+00
       34981656        70.52598       334.17056            6.14        10:25:17        4.20e-02        2.00e+00
       34982607        70.52303       335.17073            6.14        10:25:00        4.20e-02        2.00e+00
       34983589        70.52125       336.17145            6.14        10:24:45        4.20e-02        2.00e+00
       34984691        70.51873       337.17228            6.14        10:24:45        4.20e-02        2.00e+00
       34985855        70.51832       338.17228            6.13        10:24:50        4.20e-02        2.00e+00
       34986798        70.51660       339.17246            6.14        10:24:31        4.20e-02        2.00e+00
       34987686        70.51444       340.17311            6.14        10:24:07        4.20e-02        2.00e+00
       34988785        70.51271       341.17357            6.13        10:24:05        4.20e-02        2.00e+00
       34989928        70.51319       342.17437            6.13        10:24:07        4.20e-02        2.00e+00
DEBUG @ t=34990000: current_coupling=0.042, last=0.042
       34991013        70.51300       343.17479            6.13        10:24:03        4.20e-02        2.00e+00
       34992024        70.51168       344.17560            6.13        10:23:52        4.20e-02        2.00e+00
       34993241        70.51410       345.17573            6.13        10:24:01        4.20e-02        2.00e+00
       34994453        70.51275       346.17605            6.12        10:24:11        4.20e-02        2.00e+00
       34995627        70.51235       347.17607            6.12        10:24:16        4.20e-02        2.00e+00
       34996642        70.51263       348.17692            6.12        10:24:04        4.20e-02        2.00e+00
       34997613        70.51145       349.17718            6.12        10:23:48        4.20e-02        2.00e+00
       34998770        70.51189       350.17740            6.12        10:23:51        4.20e-02        2.00e+00
       34999984        70.51654       351.17832            6.11        10:23:57        4.20e-02        2.00e+00
DEBUG @ t=35000000: current_coupling=0.042, last=0.042
[HDF5 Writer DEBUG] timestep=35000000, current_time_ps=351.195, last_output_time=351.1898940989694, write_count=33370
       35000935        70.51557       352.17905            6.11        10:23:39        4.20e-02        2.00e+00
       35002003        70.51419       353.17909            6.11        10:23:33        4.20e-02        2.00e+00
       35002965        70.51320       354.17940            6.11        10:23:16        4.20e-02        2.00e+00
       35004019        70.51159       355.17956            6.11        10:23:08        4.20e-02        2.00e+00
       35005009        70.51080       356.18056            6.11        10:22:54        4.20e-02        2.00e+00
       35005921        70.50998       357.18091            6.11        10:22:31        4.20e-02        2.00e+00
       35006987        70.50986       358.18100            6.11        10:22:24        4.20e-02        2.00e+00
       35008126        70.51136       359.18107            6.11        10:22:24        4.20e-02        2.00e+00
       35009264        70.51337       360.18149            6.11        10:22:24        4.20e-02        2.00e+00
DEBUG @ t=35010000: current_coupling=0.042, last=0.042
       35010254        70.51905       361.18257            6.11        10:22:06        4.20e-02        2.00e+00
       35011162        70.51847       362.18329            6.11        10:21:42        4.20e-02        2.00e+00
       35012256        70.52485       363.18384            6.11        10:21:35        4.20e-02        2.00e+00
       35013278        70.52880       364.18470            6.11        10:21:21        4.20e-02        2.00e+00
       35014175        70.52859       365.18500            6.11        10:20:57        4.20e-02        2.00e+00
       35015128        70.53170       366.18609            6.11        10:20:36        4.20e-02        2.00e+00
       35015975        70.52994       367.18633            6.11        10:20:08        4.20e-02        2.00e+00
       35017072        70.53463       368.18662            6.11        10:20:01        4.20e-02        2.00e+00
       35017960        70.53224       369.18712            6.11        10:19:37        4.20e-02        2.00e+00
       35018887        70.53111       370.18760            6.11        10:19:17        4.20e-02        2.00e+00
       35019796        70.52968       371.18842            6.12        10:18:54        4.20e-02        2.00e+00
DEBUG @ t=35020000: current_coupling=0.042, last=0.042
       35020732        70.52765       372.18855            6.12        10:18:35        4.20e-02        2.00e+00
       35021717        70.52540       373.18893            6.12        10:18:21        4.20e-02        2.00e+00
       35022738        70.52320       374.18969            6.12        10:18:11        4.20e-02        2.00e+00
       35023781        70.52249       375.19059            6.12        10:18:01        4.20e-02        2.00e+00
       35024785        70.52088       376.19084            6.12        10:17:49        4.20e-02        2.00e+00
       35025721        70.51925       377.19092            6.12        10:17:30        4.20e-02        2.00e+00
       35026705        70.51719       378.19150            6.12        10:17:15        4.20e-02        2.00e+00
       35027706        70.51682       379.19189            6.12        10:17:02        4.20e-02        2.00e+00
       35028762        70.51708       380.19273            6.12        10:16:53        4.20e-02        2.00e+00
       35029749        70.51677       381.19366            6.12        10:16:38        4.20e-02        2.00e+00
DEBUG @ t=35030000: current_coupling=0.042, last=0.042
       35030724        70.51542       382.19407            6.12        10:16:23        4.20e-02        2.00e+00
       35031611        70.51383       383.19498            6.12        10:15:59        4.20e-02        2.00e+00
       35032554        70.51203       384.19559            6.12        10:15:41        4.20e-02        2.00e+00
       35033481        70.51169       385.19617            6.12        10:15:20        4.20e-02        2.00e+00
       35034376        70.51052       386.19649            6.12        10:14:57        4.20e-02        2.00e+00
       35035327        70.51179       387.19728            6.12        10:14:38        4.20e-02        2.00e+00
       35036356        70.51213       388.19777            6.12        10:14:26        4.20e-02        2.00e+00
       35037367        70.51587       389.19848            6.12        10:14:12        4.20e-02        2.00e+00
       35038352        70.51936       390.19885            6.12        10:13:55        4.20e-02        2.00e+00
       35039364        70.51918       391.19946            6.12        10:13:42        4.20e-02        2.00e+00
DEBUG @ t=35040000: current_coupling=0.042, last=0.042
       35040350        70.52017       392.20030            6.12        10:13:27        4.20e-02        2.00e+00
       35041373        70.52027       393.20045            6.12        10:13:15        4.20e-02        2.00e+00
       35042368        70.51858       394.20109            6.12        10:13:02        4.20e-02        2.00e+00
       35043348        70.51682       395.20179            6.12        10:12:47        4.20e-02        2.00e+00
       35044268        70.51647       396.20280            6.12        10:12:26        4.20e-02        2.00e+00
       35045231        70.51656       397.20303            6.12        10:12:09        4.20e-02        2.00e+00
       35046166        70.51497       398.20373            6.12        10:11:50        4.20e-02        2.00e+00
       35047127        70.51378       399.20379            6.12        10:11:33        4.20e-02        2.00e+00
Added F(k,t) reference 2 at t = 400.002 ps
       35048033        70.51233       400.20434            6.13        10:11:12        4.20e-02        2.00e+00
       35049004        70.51137       401.20436            6.13        10:10:56        4.20e-02        2.00e+00
       35049911        70.51074       402.20450            6.13        10:10:34        4.20e-02        2.00e+00
DEBUG @ t=35050000: current_coupling=0.042, last=0.042
       35050971        70.50983       403.20486            6.13        10:10:26        4.20e-02        2.00e+00
       35051906        70.50828       404.20515            6.13        10:10:08        4.20e-02        2.00e+00
       35052958        70.50700       405.20559            6.13        10:09:59        4.20e-02        2.00e+00
       35053982        70.50621       406.20607            6.12        10:09:48        4.20e-02        2.00e+00
       35055048        70.50556       407.20624            6.12        10:09:41        4.20e-02        2.00e+00
       35055996        70.50523       408.20651            6.12        10:09:23        4.20e-02        2.00e+00
       35057075        70.50499       409.20746            6.12        10:09:16        4.20e-02        2.00e+00
       35058033        70.50673       410.20765            6.12        10:08:58        4.20e-02        2.00e+00
       35058923        70.50482       411.20784            6.13        10:08:36        4.20e-02        2.00e+00
DEBUG @ t=35060000: current_coupling=0.042, last=0.042
       35060057        70.50628       412.20820            6.12        10:08:33        4.20e-02        2.00e+00
       35061035        70.50662       413.20910            6.12        10:08:17        4.20e-02        2.00e+00
       35062138        70.50775       414.20980            6.12        10:08:12        4.20e-02        2.00e+00
       35063182        70.50748       415.21010            6.12        10:08:02        4.20e-02        2.00e+00
       35064206        70.50958       416.21033            6.12        10:07:50        4.20e-02        2.00e+00
       35065245        70.50941       417.21105            6.12        10:07:39        4.20e-02        2.00e+00
       35066301        70.50940       418.21149            6.12        10:07:31        4.20e-02        2.00e+00
       35067297        70.50794       419.21156            6.12        10:07:17        4.20e-02        2.00e+00
       35068233        70.50571       420.21167            6.12        10:06:59        4.20e-02        2.00e+00
       35069275        70.50473       421.21196            6.12        10:06:49        4.20e-02        2.00e+00
DEBUG @ t=35070000: current_coupling=0.042, last=0.042
       35070325        70.50648       422.21222            6.12        10:06:39        4.20e-02        2.00e+00
       35071344        70.50675       423.21237            6.12        10:06:27        4.20e-02        2.00e+00
       35072356        70.50696       424.21322            6.12        10:06:14        4.20e-02        2.00e+00
       35073366        70.50608       425.21399            6.12        10:06:01        4.20e-02        2.00e+00
       35074346        70.50767       426.21489            6.12        10:05:45        4.20e-02        2.00e+00
       35075376        70.51260       427.21564            6.12        10:05:31        4.20e-02        2.00e+00
       35076425        70.51335       428.21601            6.12        10:05:21        4.20e-02        2.00e+00
       35077458        70.51327       429.21615            6.12        10:05:10        4.20e-02        2.00e+00
       35078488        70.51237       430.21639            6.12        10:05:00        4.20e-02        2.00e+00
       35079584        70.51346       431.21649            6.12        10:04:53        4.20e-02        2.00e+00
DEBUG @ t=35080000: current_coupling=0.042, last=0.042
       35080697        70.51822       432.21721            6.11        10:04:46        4.20e-02        2.00e+00
       35081705        70.51889       433.21786            6.11        10:04:33        4.20e-02        2.00e+00
       35082728        70.51932       434.21788            6.11        10:04:21        4.20e-02        2.00e+00
       35083796        70.51855       435.21829            6.11        10:04:13        4.20e-02        2.00e+00
       35084952        70.51924       436.21876            6.11        10:04:12        4.20e-02        2.00e+00
       35086037        70.52179       437.21923            6.11        10:04:03        4.20e-02        2.00e+00
       35087110        70.52516       438.21975            6.11        10:03:54        4.20e-02        2.00e+00
       35088238        70.52732       439.22047            6.11        10:03:49        4.20e-02        2.00e+00
       35089291        70.52740       440.22118            6.11        10:03:40        4.20e-02        2.00e+00
DEBUG @ t=35090000: current_coupling=0.042, last=0.042
       35090340        70.52730       441.22149            6.11        10:03:30        4.20e-02        2.00e+00
       35091369        70.52717       442.22225            6.11        10:03:18        4.20e-02        2.00e+00
       35092344        70.52801       443.22229            6.11        10:03:02        4.20e-02        2.00e+00
       35093278        70.52721       444.22259            6.11        10:02:43        4.20e-02        2.00e+00
       35094246        70.52644       445.22344            6.11        10:02:26        4.20e-02        2.00e+00
       35095236        70.52531       446.22362            6.11        10:02:12        4.20e-02        2.00e+00
       35096237        70.52466       447.22381            6.11        10:01:58        4.20e-02        2.00e+00
       35097261        70.52464       448.22447            6.11        10:01:46        4.20e-02        2.00e+00
       35098273        70.52385       449.22521            6.11        10:01:34        4.20e-02        2.00e+00
       35099333        70.52400       450.22577            6.11        10:01:24        4.20e-02        2.00e+00
DEBUG @ t=35100000: current_coupling=0.042, last=0.042
[HDF5 Writer DEBUG] timestep=35100000, current_time_ps=450.869, last_output_time=450.8643030853136, write_count=42891
       35100357        70.52279       451.22578            6.10        10:01:13        4.20e-02        2.00e+00
       35101399        70.52224       452.22590            6.10        10:01:03        4.20e-02        2.00e+00
       35102438        70.52256       453.22634            6.10        10:00:51        4.20e-02        2.00e+00
       35103472        70.52375       454.22661            6.10        10:00:39        4.20e-02        2.00e+00
       35104621        70.52433       455.22713            6.10        10:00:37        4.20e-02        2.00e+00
       35105772        70.52838       456.22721            6.10        10:00:33        4.20e-02        2.00e+00
       35106863        70.52884       457.22792            6.10        10:00:26        4.20e-02        2.00e+00
       35108020        70.53252       458.22819            6.10        10:00:22        4.20e-02        2.00e+00
       35109017        70.53286       459.22895            6.10        10:00:07        4.20e-02        2.00e+00
DEBUG @ t=35110000: current_coupling=0.042, last=0.042
       35110004        70.53275       460.22969            6.10        09:59:52        4.20e-02        2.00e+00
       35111083        70.53326       461.23019            6.10        09:59:44        4.20e-02        2.00e+00
       35112105        70.53146       462.23058            6.10        09:59:32        4.20e-02        2.00e+00
       35113105        70.53062       463.23108            6.10        09:59:18        4.20e-02        2.00e+00
       35114094        70.52948       464.23140            6.10        09:59:04        4.20e-02        2.00e+00
       35115236        70.52792       465.23227            6.09        09:59:02        4.20e-02        2.00e+00
       35116244        70.52792       466.23266            6.09        09:58:48        4.20e-02        2.00e+00
       35117414        70.53224       467.23300            6.09        09:58:45        4.20e-02        2.00e+00
       35118642        70.53282       468.23373            6.09        09:58:47        4.20e-02        2.00e+00
       35119792        70.53358       469.23444            6.09        09:58:44        4.20e-02        2.00e+00
DEBUG @ t=35120000: current_coupling=0.042, last=0.042
       35120907        70.53261       470.23496            6.09        09:58:39        4.20e-02        2.00e+00
       35121989        70.53158       471.23524            6.08        09:58:32        4.20e-02        2.00e+00
       35123064        70.53129       472.23569            6.08        09:58:23        4.20e-02        2.00e+00
       35124133        70.53019       473.23629            6.08        09:58:14        4.20e-02        2.00e+00
       35125264        70.53037       474.23711            6.08        09:58:10        4.20e-02        2.00e+00
       35126236        70.52967       475.23805            6.08        09:57:54        4.20e-02        2.00e+00
       35127226        70.52790       476.23842            6.08        09:57:39        4.20e-02        2.00e+00
       35128263        70.52655       477.23850            6.08        09:57:28        4.20e-02        2.00e+00
       35129311        70.52707       478.23940            6.08        09:57:17        4.20e-02        2.00e+00
DEBUG @ t=35130000: current_coupling=0.042, last=0.042
       35130352        70.52653       479.23948            6.08        09:57:06        4.20e-02        2.00e+00
       35131405        70.52513       480.23956            6.08        09:56:56        4.20e-02        2.00e+00
       35132562        70.52314       481.24015            6.08        09:56:55        4.20e-02        2.00e+00
       35133716        70.52383       482.24026            6.07        09:56:51        4.20e-02        2.00e+00
       35134715        70.52282       483.24061            6.07        09:56:37        4.20e-02        2.00e+00
       35135662        70.52135       484.24081            6.07        09:56:20        4.20e-02        2.00e+00
       35136708        70.52089       485.24144            6.07        09:56:09        4.20e-02        2.00e+00
       35137686        70.51961       486.24172            6.07        09:55:53        4.20e-02        2.00e+00
       35138790        70.51937       487.24221            6.07        09:55:47        4.20e-02        2.00e+00
       35139957        70.52013       488.24257            6.07        09:55:44        4.20e-02        2.00e+00
DEBUG @ t=35140000: current_coupling=0.042, last=0.042
       35140986        70.52212       489.24278            6.07        09:55:30        4.20e-02        2.00e+00
       35141927        70.52144       490.24360            6.07        09:55:12        4.20e-02        2.00e+00
       35142879        70.52334       491.24442            6.07        09:54:53        4.20e-02        2.00e+00
       35143785        70.52292       492.24541            6.07        09:54:32        4.20e-02        2.00e+00
       35144817        70.52204       493.24570            6.07        09:54:20        4.20e-02        2.00e+00
       35145894        70.52149       494.24608            6.07        09:54:11        4.20e-02        2.00e+00
       35146860        70.52237       495.24698            6.07        09:53:54        4.20e-02        2.00e+00
       35147745        70.52086       496.24734            6.07        09:53:32        4.20e-02        2.00e+00
       35148692        70.51961       497.24743            6.07        09:53:14        4.20e-02        2.00e+00
       35149667        70.51936       498.24753            6.08        09:52:58        4.20e-02        2.00e+00
DEBUG @ t=35150000: current_coupling=0.042, last=0.042
       35150665        70.51788       499.24757            6.08        09:52:45        4.20e-02        2.00e+00
       35151656        70.51641       500.24768            6.08        09:52:30        4.20e-02        2.00e+00
       35152601        70.51528       501.24787            6.08        09:52:12        4.20e-02        2.00e+00
       35153584        70.51538       502.24885            6.08        09:51:57        4.20e-02        2.00e+00
       35154551        70.51679       503.24900            6.08        09:51:39        4.20e-02        2.00e+00
       35155536        70.51565       504.24924            6.08        09:51:24        4.20e-02        2.00e+00
       35156496        70.51552       505.25024            6.08        09:51:07        4.20e-02        2.00e+00
       35157400        70.51493       506.25099            6.08        09:50:46        4.20e-02        2.00e+00
       35158355        70.51480       507.25177            6.08        09:50:29        4.20e-02        2.00e+00
       35159320        70.51398       508.25195            6.08        09:50:12        4.20e-02        2.00e+00
DEBUG @ t=35160000: current_coupling=0.042, last=0.042
       35160219        70.51345       509.25234            6.08        09:49:51        4.20e-02        2.00e+00
       35161326        70.51434       510.25309            6.08        09:49:44        4.20e-02        2.00e+00
       35162470        70.51471       511.25342            6.08        09:49:39        4.20e-02        2.00e+00
       35163604        70.51375       512.25388            6.08        09:49:34        4.20e-02        2.00e+00
       35164711        70.51488       513.25457            6.07        09:49:27        4.20e-02        2.00e+00
       35165830        70.51456       514.25517            6.07        09:49:21        4.20e-02        2.00e+00
       35166839        70.51421       515.25556            6.07        09:49:07        4.20e-02        2.00e+00
       35167823        70.51707       516.25608            6.07        09:48:50        4.20e-02        2.00e+00
       35168819        70.51700       517.25609            6.07        09:48:35        4.20e-02        2.00e+00
       35169832        70.51645       518.25625            6.07        09:48:22        4.20e-02        2.00e+00
DEBUG @ t=35170000: current_coupling=0.042, last=0.042
       35170889        70.51553       519.25704            6.07        09:48:12        4.20e-02        2.00e+00
       35171884        70.51533       520.25716            6.07        09:47:57        4.20e-02        2.00e+00
       35172854        70.51751       521.25736            6.07        09:47:39        4.20e-02        2.00e+00
       35173920        70.51980       522.25757            6.07        09:47:28        4.20e-02        2.00e+00
       35174916        70.51923       523.25795            6.07        09:47:14        4.20e-02        2.00e+00
       35176041        70.51875       524.25900            6.07        09:47:08        4.20e-02        2.00e+00
       35176930        70.51749       525.25943            6.07        09:46:47        4.20e-02        2.00e+00
       35177951        70.51811       526.25956            6.07        09:46:33        4.20e-02        2.00e+00
       35178930        70.51973       527.25985            6.07        09:46:17        4.20e-02        2.00e+00
DEBUG @ t=35180000: current_coupling=0.042, last=0.042
       35180014        70.52040       528.26009            6.07        09:46:07        4.20e-02        2.00e+00
       35180977        70.52035       529.26034            6.07        09:45:51        4.20e-02        2.00e+00
       35182068        70.52076       530.26053            6.07        09:45:42        4.20e-02        2.00e+00
       35183196        70.52240       531.26083            6.07        09:45:35        4.20e-02        2.00e+00
       35184251        70.52289       532.26175            6.07        09:45:24        4.20e-02        2.00e+00
       35185202        70.52258       533.26179            6.07        09:45:06        4.20e-02        2.00e+00
       35186152        70.52368       534.26218            6.07        09:44:48        4.20e-02        2.00e+00
       35187109        70.52526       535.26302            6.07        09:44:30        4.20e-02        2.00e+00
       35188156        70.52384       536.26384            6.07        09:44:19        4.20e-02        2.00e+00
       35189209        70.52294       537.26482            6.07        09:44:08        4.20e-02        2.00e+00
DEBUG @ t=35190000: current_coupling=0.042, last=0.042
       35190125        70.52227       538.26542            6.07        09:43:49        4.20e-02        2.00e+00
       35191109        70.52272       539.26566            6.07        09:43:33        4.20e-02        2.00e+00
       35192095        70.52185       540.26656            6.07        09:43:18        4.20e-02        2.00e+00
       35192976        70.52071       541.26724            6.07        09:42:56        4.20e-02        2.00e+00
       35193931        70.51962       542.26817            6.07        09:42:40        4.20e-02        2.00e+00
       35194877        70.51935       543.26819            6.07        09:42:22        4.20e-02        2.00e+00
       35195876        70.52063       544.26838            6.07        09:42:07        4.20e-02        2.00e+00
       35196814        70.52132       545.26918            6.08        09:41:48        4.20e-02        2.00e+00
       35197707        70.52070       546.26923            6.08        09:41:27        4.20e-02        2.00e+00
       35198693        70.52131       547.26990            6.08        09:41:11        4.20e-02        2.00e+00
       35199788        70.52218       548.26994            6.08        09:41:03        4.20e-02        2.00e+00
DEBUG @ t=35200000: current_coupling=0.042, last=0.042
[HDF5 Writer DEBUG] timestep=35200000, current_time_ps=548.469, last_output_time=548.4669308240573, write_count=52224
       35200698        70.52158       549.27038            6.08        09:40:43        4.20e-02        2.00e+00
       35201604        70.52025       550.27074            6.08        09:40:23        4.20e-02        2.00e+00
       35202538        70.51938       551.27086            6.08        09:40:05        4.20e-02        2.00e+00
       35203505        70.51924       552.27155            6.08        09:39:49        4.20e-02        2.00e+00
       35204483        70.51854       553.27204            6.08        09:39:33        4.20e-02        2.00e+00
       35205484        70.51753       554.27297            6.08        09:39:19        4.20e-02        2.00e+00
       35206463        70.51617       555.27353            6.08        09:39:04        4.20e-02        2.00e+00
       35207384        70.51757       556.27368            6.08        09:38:44        4.20e-02        2.00e+00
       35208294        70.51710       557.27425            6.08        09:38:25        4.20e-02        2.00e+00
       35209227        70.51606       558.27452            6.08        09:38:07        4.20e-02        2.00e+00
DEBUG @ t=35210000: current_coupling=0.042, last=0.042
       35210179        70.51505       559.27472            6.08        09:37:50        4.20e-02        2.00e+00
       35211070        70.51375       560.27534            6.08        09:37:29        4.20e-02        2.00e+00
       35211983        70.51263       561.27609            6.08        09:37:10        4.20e-02        2.00e+00
       35212904        70.51155       562.27686            6.09        09:36:51        4.20e-02        2.00e+00
       35213853        70.51408       563.27752            6.09        09:36:33        4.20e-02        2.00e+00
       35214771        70.51452       564.27851            6.09        09:36:13        4.20e-02        2.00e+00
       35215672        70.51343       565.27900            6.09        09:35:53        4.20e-02        2.00e+00
       35216597        70.51341       566.27935            6.09        09:35:35        4.20e-02        2.00e+00
       35217597        70.51291       567.27993            6.09        09:35:21        4.20e-02        2.00e+00
       35218587        70.51397       568.27995            6.09        09:35:05        4.20e-02        2.00e+00
       35219544        70.51503       569.28046            6.09        09:34:48        4.20e-02        2.00e+00
DEBUG @ t=35220000: current_coupling=0.042, last=0.042
       35220518        70.51474       570.28093            6.09        09:34:32        4.20e-02        2.00e+00
       35221486        70.51381       571.28101            6.09        09:34:16        4.20e-02        2.00e+00
       35222453        70.51261       572.28176            6.09        09:34:01        4.20e-02        2.00e+00
       35223423        70.51169       573.28189            6.09        09:33:45        4.20e-02        2.00e+00
       35224336        70.51056       574.28299            6.09        09:33:26        4.20e-02        2.00e+00
       35225200        70.50986       575.28396            6.09        09:33:04        4.20e-02        2.00e+00
       35226097        70.50937       576.28470            6.09        09:32:44        4.20e-02        2.00e+00
       35227076        70.51164       577.28567            6.09        09:32:27        4.20e-02        2.00e+00
       35228092        70.51247       578.28589            6.09        09:32:14        4.20e-02        2.00e+00
       35229052        70.51186       579.28675            6.09        09:31:58        4.20e-02        2.00e+00
       35229971        70.51206       580.28723            6.10        09:31:38        4.20e-02        2.00e+00
DEBUG @ t=35230000: current_coupling=0.042, last=0.042
       35231022        70.51257       581.28728            6.09        09:31:27        4.20e-02        2.00e+00
       35231995        70.51314       582.28746            6.10        09:31:11        4.20e-02        2.00e+00
       35232992        70.51305       583.28845            6.10        09:30:57        4.20e-02        2.00e+00
       35233972        70.51228       584.28906            6.10        09:30:42        4.20e-02        2.00e+00
       35234945        70.51104       585.28947            6.10        09:30:27        4.20e-02        2.00e+00
       35235887        70.50960       586.28998            6.10        09:30:10        4.20e-02        2.00e+00
       35236868        70.50955       587.29068            6.10        09:29:54        4.20e-02        2.00e+00
       35237818        70.50886       588.29071            6.10        09:29:38        4.20e-02        2.00e+00
       35238778        70.50777       589.29160            6.10        09:29:22        4.20e-02        2.00e+00
       35239818        70.50724       590.29248            6.10        09:29:10        4.20e-02        2.00e+00
DEBUG @ t=35240000: current_coupling=0.042, last=0.042
       35240839        70.50645       591.29346            6.10        09:28:58        4.20e-02        2.00e+00
       35241749        70.50651       592.29439            6.10        09:28:38        4.20e-02        2.00e+00
       35242650        70.50515       593.29464            6.10        09:28:19        4.20e-02        2.00e+00
       35243565        70.50402       594.29501            6.10        09:28:00        4.20e-02        2.00e+00
       35244501        70.50297       595.29549            6.10        09:27:43        4.20e-02        2.00e+00
       35245433        70.50238       596.29612            6.10        09:27:25        4.20e-02        2.00e+00
       35246372        70.50197       597.29686            6.10        09:27:08        4.20e-02        2.00e+00
       35247331        70.50112       598.29739            6.10        09:26:52        4.20e-02        2.00e+00
       35248300        70.50304       599.29783            6.10        09:26:35        4.20e-02        2.00e+00
Added F(k,t) reference 3 at t = 600.002 ps
       35249264        70.50458       600.29818            6.10        09:26:18        4.20e-02        2.00e+00
DEBUG @ t=35250000: current_coupling=0.042, last=0.042
       35250168        70.50431       601.29835            6.10        09:25:59        4.20e-02        2.00e+00
       35251230        70.50423       602.29925            6.10        09:25:48        4.20e-02        2.00e+00
       35252299        70.50530       603.29948            6.10        09:25:38        4.20e-02        2.00e+00
       35253300        70.50717       604.30009            6.10        09:25:23        4.20e-02        2.00e+00
       35254269        70.50739       605.30047            6.10        09:25:07        4.20e-02        2.00e+00
       35255221        70.50710       606.30095            6.10        09:24:50        4.20e-02        2.00e+00
       35256171        70.50619       607.30140            6.10        09:24:34        4.20e-02        2.00e+00
       35257148        70.50566       608.30202            6.10        09:24:19        4.20e-02        2.00e+00
       35258130        70.50548       609.30212            6.10        09:24:04        4.20e-02        2.00e+00
       35259145        70.50504       610.30286            6.10        09:23:51        4.20e-02        2.00e+00
DEBUG @ t=35260000: current_coupling=0.042, last=0.042
       35260074        70.50382       611.30396            6.10        09:23:33        4.20e-02        2.00e+00
       35260973        70.50282       612.30471            6.10        09:23:14        4.20e-02        2.00e+00
       35262016        70.50389       613.30542            6.10        09:23:02        4.20e-02        2.00e+00
       35262998        70.50313       614.30553            6.10        09:22:47        4.20e-02        2.00e+00
       35263960        70.50311       615.30630            6.10        09:22:31        4.20e-02        2.00e+00
       35264993        70.50330       616.30663            6.10        09:22:18        4.20e-02        2.00e+00
       35265974        70.50541       617.30705            6.10        09:22:02        4.20e-02        2.00e+00
       35266914        70.50525       618.30754            6.11        09:21:45        4.20e-02        2.00e+00
       35267822        70.50450       619.30815            6.11        09:21:26        4.20e-02        2.00e+00
       35268762        70.50362       620.30845            6.11        09:21:09        4.20e-02        2.00e+00
       35269726        70.50324       621.30876            6.11        09:20:54        4.20e-02        2.00e+00
DEBUG @ t=35270000: current_coupling=0.042, last=0.042
       35270695        70.50258       622.30922            6.11        09:20:38        4.20e-02        2.00e+00
       35271607        70.50131       623.30990            6.11        09:20:20        4.20e-02        2.00e+00
       35272561        70.50089       624.31014            6.11        09:20:04        4.20e-02        2.00e+00
       35273534        70.49988       625.31041            6.11        09:19:49        4.20e-02        2.00e+00
       35274514        70.49901       626.31101            6.11        09:19:34        4.20e-02        2.00e+00
       35275491        70.49885       627.31171            6.11        09:19:19        4.20e-02        2.00e+00
       35276485        70.49887       628.31177            6.11        09:19:04        4.20e-02        2.00e+00
       35277525        70.49872       629.31216            6.11        09:18:53        4.20e-02        2.00e+00
       35278465        70.49795       630.31245            6.11        09:18:36        4.20e-02        2.00e+00
       35279369        70.49729       631.31293            6.11        09:18:17        4.20e-02        2.00e+00
DEBUG @ t=35280000: current_coupling=0.042, last=0.042
       35280365        70.49782       632.31339            6.11        09:18:03        4.20e-02        2.00e+00
       35281335        70.49777       633.31447            6.11        09:17:47        4.20e-02        2.00e+00
       35282198        70.49643       634.31546            6.11        09:17:26        4.20e-02        2.00e+00
       35283078        70.49594       635.31641            6.11        09:17:06        4.20e-02        2.00e+00
       35284070        70.49542       636.31728            6.11        09:16:52        4.20e-02        2.00e+00
       35285021        70.49418       637.31795            6.11        09:16:36        4.20e-02        2.00e+00
       35285973        70.49310       638.31887            6.11        09:16:20        4.20e-02        2.00e+00
       35286918        70.49183       639.31932            6.11        09:16:04        4.20e-02        2.00e+00
       35287866        70.49094       640.31948            6.11        09:15:47        4.20e-02        2.00e+00
       35288923        70.49009       641.32022            6.11        09:15:37        4.20e-02        2.00e+00
       35289887        70.48913       642.32033            6.11        09:15:21        4.20e-02        2.00e+00
DEBUG @ t=35290000: current_coupling=0.042, last=0.042
       35290855        70.48896       643.32066            6.11        09:15:06        4.20e-02        2.00e+00
       35291850        70.48930       644.32140            6.11        09:14:51        4.20e-02        2.00e+00
       35292875        70.48931       645.32199            6.11        09:14:39        4.20e-02        2.00e+00
       35293935        70.48818       646.32243            6.11        09:14:28        4.20e-02        2.00e+00
       35294924        70.48697       647.32309            6.11        09:14:14        4.20e-02        2.00e+00
       35295912        70.48736       648.32354            6.11        09:14:00        4.20e-02        2.00e+00
       35296995        70.48675       649.32400            6.11        09:13:50        4.20e-02        2.00e+00
       35298005        70.48707       650.32405            6.11        09:13:37        4.20e-02        2.00e+00
       35298983        70.48681       651.32501            6.11        09:13:22        4.20e-02        2.00e+00
DEBUG @ t=35300000: current_coupling=0.042, last=0.042
[HDF5 Writer DEBUG] timestep=35300000, current_time_ps=652.308, last_output_time=652.3039301151634, write_count=62156
       35300020        70.48734       652.32578            6.11        09:13:09        4.20e-02        2.00e+00
       35301111        70.48640       653.32633            6.11        09:13:00        4.20e-02        2.00e+00
       35302148        70.48542       654.32690            6.11        09:12:49        4.20e-02        2.00e+00
       35303164        70.48441       655.32716            6.11        09:12:36        4.20e-02        2.00e+00
       35304200        70.48404       656.32805            6.11        09:12:24        4.20e-02        2.00e+00
       35305212        70.48341       657.32850            6.11        09:12:11        4.20e-02        2.00e+00
       35306190        70.48270       658.32871            6.11        09:11:56        4.20e-02        2.00e+00
       35307199        70.48252       659.32895            6.11        09:11:43        4.20e-02        2.00e+00
       35308212        70.48225       660.32993            6.11        09:11:29        4.20e-02        2.00e+00
       35309175        70.48196       661.33049            6.11        09:11:14        4.20e-02        2.00e+00
DEBUG @ t=35310000: current_coupling=0.042, last=0.042
       35310148        70.48204       662.33063            6.11        09:10:58        4.20e-02        2.00e+00
       35311136        70.48426       663.33076            6.11        09:10:43        4.20e-02        2.00e+00
       35312169        70.48560       664.33150            6.11        09:10:30        4.20e-02        2.00e+00
       35313221        70.48542       665.33231            6.11        09:10:18        4.20e-02        2.00e+00
       35314168        70.48553       666.33264            6.11        09:10:02        4.20e-02        2.00e+00
       35315235        70.48798       667.33330            6.11        09:09:50        4.20e-02        2.00e+00
       35316319        70.48981       668.33375            6.11        09:09:39        4.20e-02        2.00e+00
       35317391        70.49032       669.33417            6.11        09:09:28        4.20e-02        2.00e+00
       35318453        70.49205       670.33434            6.11        09:09:17        4.20e-02        2.00e+00
       35319482        70.49208       671.33480            6.11        09:09:04        4.20e-02        2.00e+00
DEBUG @ t=35320000: current_coupling=0.042, last=0.042
       35320490        70.49222       672.33537            6.11        09:08:50        4.20e-02        2.00e+00
       35321559        70.49158       673.33596            6.11        09:08:40        4.20e-02        2.00e+00
       35322533        70.49040       674.33677            6.11        09:08:25        4.20e-02        2.00e+00
       35323524        70.48976       675.33757            6.11        09:08:11        4.20e-02        2.00e+00
       35324504        70.48871       676.33763            6.11        09:07:56        4.20e-02        2.00e+00
       35325415        70.48761       677.33778            6.11        09:07:38        4.20e-02        2.00e+00
       35326377        70.48708       678.33786            6.11        09:07:23        4.20e-02        2.00e+00
       35327388        70.48959       679.33885            6.11        09:07:08        4.20e-02        2.00e+00
       35328396        70.48852       680.33938            6.11        09:06:55        4.20e-02        2.00e+00
       35329452        70.48773       681.33995            6.11        09:06:44        4.20e-02        2.00e+00
DEBUG @ t=35330000: current_coupling=0.042, last=0.042
       35330487        70.48686       682.34081            6.11        09:06:32        4.20e-02        2.00e+00
       35331510        70.48623       683.34100            6.11        09:06:19        4.20e-02        2.00e+00
       35332550        70.48637       684.34121            6.11        09:06:07        4.20e-02        2.00e+00
       35333551        70.48597       685.34170            6.11        09:05:53        4.20e-02        2.00e+00
       35334548        70.48656       686.34182            6.11        09:05:39        4.20e-02        2.00e+00
       35335602        70.49000       687.34258            6.11        09:05:26        4.20e-02        2.00e+00
       35336672        70.48976       688.34342            6.10        09:05:15        4.20e-02        2.00e+00
       35337753        70.48976       689.34362            6.10        09:05:05        4.20e-02        2.00e+00
       35338870        70.49053       690.34413            6.10        09:04:56        4.20e-02        2.00e+00
DEBUG @ t=35340000: current_coupling=0.042, last=0.042
       35340000        70.49003       691.34502            6.10        09:04:48        4.20e-02        2.00e+00
       35341028        70.48951       692.34573            6.10        09:04:36        4.20e-02        2.00e+00
       35342088        70.48856       693.34585            6.10        09:04:25        4.20e-02        2.00e+00
       35343202        70.48869       694.34684            6.10        09:04:16        4.20e-02        2.00e+00
       35344181        70.48789       695.34748            6.10        09:04:01        4.20e-02        2.00e+00
       35345145        70.48744       696.34828            6.10        09:03:46        4.20e-02        2.00e+00
       35346141        70.48880       697.34841            6.10        09:03:31        4.20e-02        2.00e+00
       35347211        70.48872       698.34909            6.10        09:03:20        4.20e-02        2.00e+00
       35348262        70.48981       699.34951            6.10        09:03:08        4.20e-02        2.00e+00
       35349295        70.49114       700.35009            6.10        09:02:55        4.20e-02        2.00e+00
DEBUG @ t=35350000: current_coupling=0.042, last=0.042
       35350357        70.49031       701.35082            6.10        09:02:44        4.20e-02        2.00e+00
       35351410        70.48906       702.35168            6.10        09:02:33        4.20e-02        2.00e+00
       35352460        70.48789       703.35214            6.10        09:02:21        4.20e-02        2.00e+00
       35353525        70.48774       704.35251            6.10        09:02:10        4.20e-02        2.00e+00
       35354591        70.48731       705.35305            6.10        09:01:59        4.20e-02        2.00e+00
       35355649        70.48813       706.35327            6.10        09:01:48        4.20e-02        2.00e+00
       35356677        70.48805       707.35424            6.10        09:01:35        4.20e-02        2.00e+00
       35357751        70.48759       708.35510            6.10        09:01:24        4.20e-02        2.00e+00
       35358773        70.48764       709.35559            6.09        09:01:11        4.20e-02        2.00e+00
       35359880        70.48742       710.35605            6.09        09:01:02        4.20e-02        2.00e+00
DEBUG @ t=35360000: current_coupling=0.042, last=0.042
       35360818        70.48724       711.35624            6.09        09:00:45        4.20e-02        2.00e+00
       35361872        70.48783       712.35679            6.09        09:00:33        4.20e-02        2.00e+00
       35362839        70.48773       713.35762            6.09        09:00:17        4.20e-02        2.00e+00
       35363873        70.48733       714.35804            6.09        09:00:05        4.20e-02        2.00e+00
       35364971        70.48900       715.35855            6.09        08:59:54        4.20e-02        2.00e+00
       35365931        70.48912       716.35952            6.09        08:59:38        4.20e-02        2.00e+00
       35366967        70.49003       717.35991            6.09        08:59:25        4.20e-02        2.00e+00
       35368013        70.48917       718.36019            6.09        08:59:14        4.20e-02        2.00e+00
       35369000        70.48875       719.36083            6.09        08:58:59        4.20e-02        2.00e+00
DEBUG @ t=35370000: current_coupling=0.042, last=0.042
       35370057        70.48879       720.36089            6.09        08:58:47        4.20e-02        2.00e+00
       35371049        70.48765       721.36164            6.09        08:58:33        4.20e-02        2.00e+00
       35372117        70.48702       722.36255            6.09        08:58:22        4.20e-02        2.00e+00
       35373022        70.48763       723.36298            6.09        08:58:04        4.20e-02        2.00e+00
       35374008        70.48794       724.36308            6.09        08:57:49        4.20e-02        2.00e+00
       35374943        70.48716       725.36389            6.09        08:57:32        4.20e-02        2.00e+00
       35375900        70.48852       726.36431            6.09        08:57:15        4.20e-02        2.00e+00
       35376805        70.48819       727.36499            6.09        08:56:57        4.20e-02        2.00e+00
       35377810        70.48818       728.36546            6.09        08:56:43        4.20e-02        2.00e+00
       35378770        70.48994       729.36631            6.10        08:56:26        4.20e-02        2.00e+00
       35379671        70.49014       730.36644            6.10        08:56:08        4.20e-02        2.00e+00
DEBUG @ t=35380000: current_coupling=0.042, last=0.042
       35380644        70.49085       731.36721            6.10        08:55:52        4.20e-02        2.00e+00
       35381682        70.49064       732.36723            6.10        08:55:40        4.20e-02        2.00e+00
       35382689        70.48978       733.36809            6.10        08:55:26        4.20e-02        2.00e+00
       35383691        70.49096       734.36877            6.10        08:55:12        4.20e-02        2.00e+00
       35384681        70.49124       735.36976            6.10        08:54:57        4.20e-02        2.00e+00
       35385710        70.49231       736.37051            6.10        08:54:43        4.20e-02        2.00e+00
       35386730        70.49280       737.37077            6.10        08:54:30        4.20e-02        2.00e+00
       35387721        70.49200       738.37140            6.10        08:54:16        4.20e-02        2.00e+00
       35388672        70.49144       739.37179            6.10        08:54:00        4.20e-02        2.00e+00
       35389607        70.49091       740.37243            6.10        08:53:43        4.20e-02        2.00e+00
DEBUG @ t=35390000: current_coupling=0.042, last=0.042
       35390544        70.49062       741.37248            6.10        08:53:26        4.20e-02        2.00e+00
       35391487        70.48994       742.37302            6.10        08:53:10        4.20e-02        2.00e+00
       35392421        70.48930       743.37310            6.10        08:52:53        4.20e-02        2.00e+00
       35393415        70.48919       744.37376            6.10        08:52:39        4.20e-02        2.00e+00
       35394425        70.48893       745.37433            6.10        08:52:25        4.20e-02        2.00e+00
       35395391        70.48797       746.37488            6.10        08:52:10        4.20e-02        2.00e+00
       35396420        70.48696       747.37570            6.10        08:51:58        4.20e-02        2.00e+00
       35397442        70.48631       748.37573            6.10        08:51:45        4.20e-02        2.00e+00
       35398454        70.48700       749.37578            6.10        08:51:31        4.20e-02        2.00e+00
       35399469        70.48674       750.37620            6.10        08:51:17        4.20e-02        2.00e+00
DEBUG @ t=35400000: current_coupling=0.042, last=0.042
[HDF5 Writer DEBUG] timestep=35400000, current_time_ps=750.904, last_output_time=750.8994082670916, write_count=71538
       35400471        70.48629       751.37693            6.10        08:51:04        4.20e-02        2.00e+00
       35401460        70.48682       752.37767            6.10        08:50:49        4.20e-02        2.00e+00
       35402492        70.48694       753.37788            6.10        08:50:36        4.20e-02        2.00e+00
       35403484        70.48631       754.37804            6.10        08:50:22        4.20e-02        2.00e+00
       35404382        70.48538       755.37897            6.10        08:50:04        4.20e-02        2.00e+00
       35405305        70.48526       756.37917            6.10        08:49:46        4.20e-02        2.00e+00
       35406335        70.48540       757.37947            6.10        08:49:33        4.20e-02        2.00e+00
       35407323        70.48493       758.37965            6.10        08:49:19        4.20e-02        2.00e+00
       35408278        70.48492       759.37993            6.10        08:49:03        4.20e-02        2.00e+00
       35409324        70.48614       760.38039            6.10        08:48:50        4.20e-02        2.00e+00
DEBUG @ t=35410000: current_coupling=0.042, last=0.042
       35410355        70.48640       761.38120            6.10        08:48:37        4.20e-02        2.00e+00
       35411390        70.48598       762.38204            6.10        08:48:25        4.20e-02        2.00e+00
       35412320        70.48522       763.38307            6.10        08:48:08        4.20e-02        2.00e+00
       35413237        70.48557       764.38356            6.10        08:47:50        4.20e-02        2.00e+00
       35414291        70.48539       765.38393            6.10        08:47:38        4.20e-02        2.00e+00
       35415288        70.48440       766.38402            6.10        08:47:25        4.20e-02        2.00e+00
       35416230        70.48348       767.38462            6.10        08:47:09        4.20e-02        2.00e+00
       35417269        70.48458       768.38490            6.10        08:46:56        4.20e-02        2.00e+00
       35418292        70.48633       769.38541            6.10        08:46:42        4.20e-02        2.00e+00
       35419274        70.48806       770.38646            6.10        08:46:26        4.20e-02        2.00e+00
DEBUG @ t=35420000: current_coupling=0.042, last=0.042
       35420232        70.48899       771.38741            6.10        08:46:10        4.20e-02        2.00e+00
       35421221        70.48851       772.38835            6.10        08:45:55        4.20e-02        2.00e+00
       35422177        70.48812       773.38877            6.10        08:45:39        4.20e-02        2.00e+00
       35423185        70.48759       774.38917            6.10        08:45:26        4.20e-02        2.00e+00
       35424248        70.48682       775.38977            6.10        08:45:15        4.20e-02        2.00e+00
       35425230        70.48752       776.39041            6.10        08:44:59        4.20e-02        2.00e+00
       35426150        70.48680       777.39132            6.10        08:44:42        4.20e-02        2.00e+00
       35427070        70.48571       778.39179            6.10        08:44:25        4.20e-02        2.00e+00
       35428151        70.48499       779.39214            6.10        08:44:15        4.20e-02        2.00e+00
       35429055        70.48404       780.39255            6.10        08:43:57        4.20e-02        2.00e+00
DEBUG @ t=35430000: current_coupling=0.042, last=0.042
       35430121        70.48446       781.39303            6.10        08:43:46        4.20e-02        2.00e+00
       35431001        70.48331       782.39317            6.10        08:43:27        4.20e-02        2.00e+00
       35432056        70.48403       783.39374            6.10        08:43:15        4.20e-02        2.00e+00
       35433130        70.48436       784.39383            6.10        08:43:04        4.20e-02        2.00e+00
       35434082        70.48366       785.39417            6.10        08:42:48        4.20e-02        2.00e+00
       35435088        70.48343       786.39477            6.10        08:42:34        4.20e-02        2.00e+00
       35436074        70.48286       787.39539            6.10        08:42:20        4.20e-02        2.00e+00
       35437025        70.48252       788.39624            6.10        08:42:04        4.20e-02        2.00e+00
       35437953        70.48262       789.39679            6.10        08:41:47        4.20e-02        2.00e+00
       35438939        70.48171       790.39756            6.10        08:41:33        4.20e-02        2.00e+00
       35439965        70.48076       791.39837            6.10        08:41:20        4.20e-02        2.00e+00
DEBUG @ t=35440000: current_coupling=0.042, last=0.042
       35440945        70.47980       792.39915            6.10        08:41:05        4.20e-02        2.00e+00
       35441962        70.47938       793.39921            6.10        08:40:52        4.20e-02        2.00e+00
       35443012        70.47938       794.39946            6.10        08:40:40        4.20e-02        2.00e+00
       35443980        70.47947       795.40039            6.10        08:40:25        4.20e-02        2.00e+00
       35444928        70.47864       796.40083            6.10        08:40:09        4.20e-02        2.00e+00
       35445933        70.47837       797.40165            6.10        08:39:55        4.20e-02        2.00e+00
       35446923        70.47729       798.40188            6.10        08:39:41        4.20e-02        2.00e+00
       35447936        70.47688       799.40283            6.10        08:39:28        4.20e-02        2.00e+00
Added F(k,t) reference 4 at t = 800.003 ps
       35449002        70.47675       800.40314            6.10        08:39:16        4.20e-02        2.00e+00
       35449980        70.47653       801.40339            6.10        08:39:01        4.20e-02        2.00e+00
DEBUG @ t=35450000: current_coupling=0.042, last=0.042
       35451009        70.47558       802.40415            6.10        08:38:49        4.20e-02        2.00e+00
       35452110        70.47468       803.40461            6.10        08:38:39        4.20e-02        2.00e+00
       35453191        70.47398       804.40477            6.10        08:38:28        4.20e-02        2.00e+00
       35454236        70.47317       805.40502            6.10        08:38:16        4.20e-02        2.00e+00
       35455244        70.47352       806.40555            6.10        08:38:02        4.20e-02        2.00e+00
       35456322        70.47485       807.40564            6.10        08:37:50        4.20e-02        2.00e+00
       35457399        70.47667       808.40578            6.10        08:37:38        4.20e-02        2.00e+00
       35458405        70.47670       809.40631            6.10        08:37:24        4.20e-02        2.00e+00
       35459438        70.47820       810.40703            6.10        08:37:11        4.20e-02        2.00e+00
DEBUG @ t=35460000: current_coupling=0.042, last=0.042
       35460452        70.47790       811.40740            6.10        08:36:57        4.20e-02        2.00e+00
       35461408        70.47719       812.40772            6.10        08:36:42        4.20e-02        2.00e+00
       35462398        70.47813       813.40861            6.10        08:36:27        4.20e-02        2.00e+00
       35463425        70.47737       814.40874            6.10        08:36:14        4.20e-02        2.00e+00
       35464489        70.47721       815.40943            6.10        08:36:03        4.20e-02        2.00e+00
       35465443        70.47691       816.40990            6.10        08:35:47        4.20e-02        2.00e+00
       35466404        70.47612       817.41008            6.10        08:35:31        4.20e-02        2.00e+00
       35467450        70.47674       818.41043            6.10        08:35:19        4.20e-02        2.00e+00
       35468405        70.47812       819.41109            6.10        08:35:02        4.20e-02        2.00e+00
       35469309        70.47760       820.41198            6.10        08:34:45        4.20e-02        2.00e+00
DEBUG @ t=35470000: current_coupling=0.042, last=0.042
       35470258        70.47688       821.41219            6.10        08:34:29        4.20e-02        2.00e+00
       35471254        70.47657       822.41274            6.10        08:34:15        4.20e-02        2.00e+00
       35472178        70.47645       823.41352            6.10        08:33:58        4.20e-02        2.00e+00
       35473188        70.47646       824.41426            6.10        08:33:44        4.20e-02        2.00e+00
       35474224        70.47627       825.41509            6.10        08:33:31        4.20e-02        2.00e+00
       35475147        70.47555       826.41561            6.10        08:33:15        4.20e-02        2.00e+00
       35476061        70.47450       827.41656            6.10        08:32:58        4.20e-02        2.00e+00
       35476999        70.47363       828.41674            6.10        08:32:42        4.20e-02        2.00e+00
       35477887        70.47301       829.41767            6.10        08:32:24        4.20e-02        2.00e+00
       35478817        70.47314       830.41775            6.10        08:32:07        4.20e-02        2.00e+00
       35479810        70.47260       831.41824            6.10        08:31:53        4.20e-02        2.00e+00
DEBUG @ t=35480000: current_coupling=0.042, last=0.042
       35480726        70.47315       832.41861            6.10        08:31:35        4.20e-02        2.00e+00
       35481717        70.47311       833.41921            6.10        08:31:21        4.20e-02        2.00e+00
       35482666        70.47237       834.42023            6.10        08:31:05        4.20e-02        2.00e+00
       35483633        70.47171       835.42081            6.10        08:30:50        4.20e-02        2.00e+00
       35484587        70.47143       836.42182            6.10        08:30:35        4.20e-02        2.00e+00
       35485568        70.47089       837.42222            6.10        08:30:20        4.20e-02        2.00e+00
       35486539        70.47014       838.42281            6.10        08:30:05        4.20e-02        2.00e+00
       35487460        70.46999       839.42384            6.10        08:29:48        4.20e-02        2.00e+00
       35488470        70.46962       840.42470            6.10        08:29:35        4.20e-02        2.00e+00
       35489549        70.46908       841.42556            6.10        08:29:24        4.20e-02        2.00e+00
DEBUG @ t=35490000: current_coupling=0.042, last=0.042
       35490521        70.46841       842.42582            6.10        08:29:09        4.20e-02        2.00e+00
       35491545        70.46809       843.42595            6.10        08:28:56        4.20e-02        2.00e+00
       35492586        70.46790       844.42596            6.10        08:28:43        4.20e-02        2.00e+00
       35493584        70.46852       845.42611            6.10        08:28:29        4.20e-02        2.00e+00
       35494637        70.46791       846.42619            6.10        08:28:17        4.20e-02        2.00e+00
       35495706        70.46824       847.42712            6.10        08:28:05        4.20e-02        2.00e+00
       35496788        70.46810       848.42801            6.10        08:27:54        4.20e-02        2.00e+00
       35497856        70.46792       849.42861            6.10        08:27:42        4.20e-02        2.00e+00
       35498928        70.46977       850.42863            6.10        08:27:30        4.20e-02        2.00e+00
       35499953        70.47087       851.42936            6.10        08:27:16        4.20e-02        2.00e+00
DEBUG @ t=35500000: current_coupling=0.042, last=0.042
[HDF5 Writer DEBUG] timestep=35500000, current_time_ps=851.476, last_output_time=851.465033105609, write_count=81104
       35500959        70.47267       852.42989            6.10        08:27:02        4.20e-02        2.00e+00
       35501959        70.47194       853.43011            6.10        08:26:48        4.20e-02        2.00e+00
       35502872        70.47181       854.43016            6.10        08:26:31        4.20e-02        2.00e+00
       35503883        70.47155       855.43086            6.10        08:26:17        4.20e-02        2.00e+00
       35504884        70.47082       856.43153            6.10        08:26:03        4.20e-02        2.00e+00
       35505839        70.47028       857.43249            6.10        08:25:48        4.20e-02        2.00e+00
       35506807        70.46934       858.43316            6.10        08:25:33        4.20e-02        2.00e+00
       35507744        70.46863       859.43423            6.10        08:25:17        4.20e-02        2.00e+00
       35508779        70.46818       860.43428            6.10        08:25:04        4.20e-02        2.00e+00
       35509760        70.46719       861.43450            6.10        08:24:50        4.20e-02        2.00e+00
DEBUG @ t=35510000: current_coupling=0.042, last=0.042
       35510789        70.46632       862.43521            6.10        08:24:37        4.20e-02        2.00e+00
       35511768        70.46537       863.43564            6.10        08:24:23        4.20e-02        2.00e+00
       35512811        70.46571       864.43647            6.10        08:24:10        4.20e-02        2.00e+00
       35513805        70.46543       865.43725            6.10        08:23:56        4.20e-02        2.00e+00
       35514756        70.46511       866.43815            6.10        08:23:40        4.20e-02        2.00e+00
       35515745        70.46601       867.43824            6.10        08:23:25        4.20e-02        2.00e+00
       35516699        70.46619       868.43858            6.10        08:23:09        4.20e-02        2.00e+00
       35517708        70.46701       869.43891            6.10        08:22:55        4.20e-02        2.00e+00
       35518756        70.46642       870.43922            6.10        08:22:43        4.20e-02        2.00e+00
       35519767        70.46572       871.43991            6.10        08:22:29        4.20e-02        2.00e+00
DEBUG @ t=35520000: current_coupling=0.042, last=0.042
       35520742        70.46507       872.44026            6.10        08:22:15        4.20e-02        2.00e+00
       35521697        70.46475       873.44047            6.10        08:21:59        4.20e-02        2.00e+00
       35522625        70.46530       874.44048            6.10        08:21:42        4.20e-02        2.00e+00
       35523635        70.46615       875.44114            6.10        08:21:28        4.20e-02        2.00e+00
       35524617        70.46708       876.44125            6.10        08:21:13        4.20e-02        2.00e+00
       35525572        70.46733       877.44191            6.10        08:20:57        4.20e-02        2.00e+00
       35526608        70.46822       878.44280            6.10        08:20:44        4.20e-02        2.00e+00
       35527586        70.46774       879.44301            6.10        08:20:29        4.20e-02        2.00e+00
       35528526        70.46771       880.44378            6.10        08:20:13        4.20e-02        2.00e+00
       35529575        70.46767       881.44388            6.10        08:20:01        4.20e-02        2.00e+00
DEBUG @ t=35530000: current_coupling=0.042, last=0.042
       35530625        70.46826       882.44428            6.10        08:19:48        4.20e-02        2.00e+00
       35531582        70.46912       883.44521            6.10        08:19:32        4.20e-02        2.00e+00
       35532602        70.46864       884.44544            6.10        08:19:19        4.20e-02        2.00e+00
       35533669        70.46807       885.44611            6.10        08:19:07        4.20e-02        2.00e+00
       35534664        70.46727       886.44697            6.10        08:18:53        4.20e-02        2.00e+00
       35535650        70.46690       887.44743            6.10        08:18:39        4.20e-02        2.00e+00
       35536609        70.46625       888.44752            6.10        08:18:24        4.20e-02        2.00e+00
       35537633        70.46613       889.44807            6.10        08:18:10        4.20e-02        2.00e+00
       35538648        70.46536       890.44869            6.10        08:17:57        4.20e-02        2.00e+00
       35539636        70.46684       891.44943            6.10        08:17:42        4.20e-02        2.00e+00
DEBUG @ t=35540000: current_coupling=0.042, last=0.042
       35540712        70.46774       892.45002            6.10        08:17:30        4.20e-02        2.00e+00
       35541696        70.46791       893.45009            6.10        08:17:15        4.20e-02        2.00e+00
       35542614        70.46728       894.45034            6.10        08:16:59        4.20e-02        2.00e+00
       35543637        70.46736       895.45038            6.10        08:16:45        4.20e-02        2.00e+00
       35544691        70.46739       896.45051            6.10        08:16:33        4.20e-02        2.00e+00
       35545748        70.46749       897.45088            6.10        08:16:21        4.20e-02        2.00e+00
       35546851        70.46697       898.45113            6.10        08:16:10        4.20e-02        2.00e+00
       35547840        70.46614       899.45184            6.10        08:15:56        4.20e-02        2.00e+00
       35548762        70.46548       900.45213            6.10        08:15:40        4.20e-02        2.00e+00
       35549681        70.46495       901.45224            6.10        08:15:23        4.20e-02        2.00e+00
DEBUG @ t=35550000: current_coupling=0.042, last=0.042
       35550682        70.46398       902.45296            6.10        08:15:10        4.20e-02        2.00e+00
       35551625        70.46363       903.45310            6.10        08:14:54        4.20e-02        2.00e+00
       35552542        70.46310       904.45351            6.10        08:14:37        4.20e-02        2.00e+00
       35553498        70.46281       905.45363            6.10        08:14:22        4.20e-02        2.00e+00
       35554465        70.46228       906.45460            6.10        08:14:07        4.20e-02        2.00e+00
       35555432        70.46128       907.45513            6.10        08:13:52        4.20e-02        2.00e+00
       35556397        70.46134       908.45550            6.10        08:13:37        4.20e-02        2.00e+00
       35557373        70.46232       909.45554            6.10        08:13:21        4.20e-02        2.00e+00
       35558462        70.46188       910.45630            6.10        08:13:10        4.20e-02        2.00e+00
       35559586        70.46145       911.45694            6.10        08:13:00        4.20e-02        2.00e+00
DEBUG @ t=35560000: current_coupling=0.042, last=0.042
       35560725        70.46088       912.45753            6.10        08:12:51        4.20e-02        2.00e+00
       35561817        70.46015       913.45759            6.10        08:12:40        4.20e-02        2.00e+00
       35562811        70.46018       914.45796            6.10        08:12:26        4.20e-02        2.00e+00
       35563959        70.46073       915.45846            6.10        08:12:16        4.20e-02        2.00e+00
       35565046        70.46151       916.45873            6.10        08:12:05        4.20e-02        2.00e+00
       35566093        70.46190       917.45877            6.10        08:11:52        4.20e-02        2.00e+00
       35567181        70.46346       918.45895            6.10        08:11:40        4.20e-02        2.00e+00
       35568330        70.46459       919.45911            6.10        08:11:30        4.20e-02        2.00e+00
       35569397        70.46472       920.45976            6.10        08:11:18        4.20e-02        2.00e+00
DEBUG @ t=35570000: current_coupling=0.042, last=0.042
       35570504        70.46515       921.45996            6.09        08:11:07        4.20e-02        2.00e+00
       35571656        70.46472       922.46008            6.09        08:10:58        4.20e-02        2.00e+00
       35572773        70.46487       923.46029            6.09        08:10:47        4.20e-02        2.00e+00
       35573892        70.46581       924.46040            6.09        08:10:37        4.20e-02        2.00e+00
       35574932        70.46524       925.46125            6.09        08:10:24        4.20e-02        2.00e+00
       35576015        70.46488       926.46151            6.09        08:10:13        4.20e-02        2.00e+00
       35577231        70.46473       927.46231            6.09        08:10:05        4.20e-02        2.00e+00
       35578367        70.46470       928.46276            6.09        08:09:55        4.20e-02        2.00e+00
       35579462        70.46613       929.46301            6.09        08:09:44        4.20e-02        2.00e+00
DEBUG @ t=35580000: current_coupling=0.042, last=0.042
       35580607        70.46713       930.46361            6.09        08:09:34        4.20e-02        2.00e+00
       35581854        70.47028       931.46384            6.09        08:09:26        4.20e-02        2.00e+00
       35583093        70.47109       932.46419            6.08        08:09:19        4.20e-02        2.00e+00
       35584222        70.47082       933.46486            6.08        08:09:09        4.20e-02        2.00e+00
       35585398        70.47199       934.46538            6.08        08:09:00        4.20e-02        2.00e+00
       35586636        70.47398       935.46548            6.08        08:08:52        4.20e-02        2.00e+00
       35587687        70.47428       936.46622            6.08        08:08:39        4.20e-02        2.00e+00
       35588858        70.47404       937.46638            6.08        08:08:30        4.20e-02        2.00e+00
DEBUG @ t=35590000: current_coupling=0.042, last=0.042
       35590083        70.47561       938.46638            6.08        08:08:22        4.20e-02        2.00e+00
       35591160        70.47613       939.46734            6.08        08:08:10        4.20e-02        2.00e+00
       35592084        70.47558       940.46802            6.08        08:07:54        4.20e-02        2.00e+00
       35593077        70.47526       941.46812            6.08        08:07:39        4.20e-02        2.00e+00
       35594230        70.47627       942.46841            6.08        08:07:29        4.20e-02        2.00e+00
       35595304        70.47553       943.46843            6.08        08:07:18        4.20e-02        2.00e+00
       35596273        70.47427       944.46860            6.08        08:07:03        4.20e-02        2.00e+00
       35597284        70.47412       945.46870            6.08        08:06:49        4.20e-02        2.00e+00
       35598367        70.47556       946.46942            6.08        08:06:37        4.20e-02        2.00e+00
       35599465        70.47584       947.47018            6.08        08:06:25        4.20e-02        2.00e+00
DEBUG @ t=35600000: current_coupling=0.042, last=0.042
[HDF5 Writer DEBUG] timestep=35600000, current_time_ps=947.979, last_output_time=947.974629784016, write_count=90307
       35600494        70.47674       948.47091            6.08        08:06:12        4.20e-02        2.00e+00
       35601557        70.47676       949.47155            6.08        08:05:59        4.20e-02        2.00e+00
       35602686        70.47644       950.47221            6.07        08:05:49        4.20e-02        2.00e+00
       35603727        70.47604       951.47233            6.07        08:05:36        4.20e-02        2.00e+00
       35604775        70.47532       952.47290            6.07        08:05:24        4.20e-02        2.00e+00
       35605752        70.47486       953.47358            6.07        08:05:09        4.20e-02        2.00e+00
       35606747        70.47431       954.47368            6.07        08:04:54        4.20e-02        2.00e+00
       35607795        70.47407       955.47459            6.07        08:04:42        4.20e-02        2.00e+00
       35608844        70.47369       956.47463            6.07        08:04:29        4.20e-02        2.00e+00
       35609863        70.47387       957.47536            6.07        08:04:15        4.20e-02        2.00e+00
DEBUG @ t=35610000: current_coupling=0.042, last=0.042
       35610900        70.47362       958.47614            6.07        08:04:02        4.20e-02        2.00e+00
       35611945        70.47454       959.47616            6.07        08:03:49        4.20e-02        2.00e+00
       35613039        70.47365       960.47686            6.07        08:03:38        4.20e-02        2.00e+00
       35614108        70.47342       961.47736            6.07        08:03:25        4.20e-02        2.00e+00
       35615176        70.47329       962.47788            6.07        08:03:13        4.20e-02        2.00e+00
       35616138        70.47353       963.47860            6.07        08:02:58        4.20e-02        2.00e+00
       35617015        70.47265       964.47873            6.07        08:02:40        4.20e-02        2.00e+00
       35618027        70.47200       965.47945            6.07        08:02:26        4.20e-02        2.00e+00
       35619023        70.47106       966.47988            6.07        08:02:12        4.20e-02        2.00e+00
       35619957        70.47030       967.48055            6.07        08:01:56        4.20e-02        2.00e+00
DEBUG @ t=35620000: current_coupling=0.042, last=0.042
       35620930        70.46938       968.48064            6.07        08:01:42        4.20e-02        2.00e+00
       35621914        70.46935       969.48089            6.07        08:01:27        4.20e-02        2.00e+00
       35622835        70.46834       970.48156            6.07        08:01:10        4.20e-02        2.00e+00
       35623738        70.46766       971.48179            6.07        08:00:54        4.20e-02        2.00e+00
       35624708        70.46694       972.48254            6.07        08:00:39        4.20e-02        2.00e+00
       35625640        70.46611       973.48266            6.07        08:00:23        4.20e-02        2.00e+00
       35626629        70.46560       974.48328            6.07        08:00:08        4.20e-02        2.00e+00
       35627626        70.46546       975.48360            6.07        07:59:54        4.20e-02        2.00e+00
       35628584        70.46500       976.48436            6.07        07:59:39        4.20e-02        2.00e+00
       35629528        70.46464       977.48488            6.08        07:59:23        4.20e-02        2.00e+00
DEBUG @ t=35630000: current_coupling=0.042, last=0.042
       35630480        70.46411       978.48525            6.08        07:59:07        4.20e-02        2.00e+00
       35631424        70.46505       979.48571            6.08        07:58:51        4.20e-02        2.00e+00
       35632386        70.46533       980.48638            6.08        07:58:35        4.20e-02        2.00e+00
       35633371        70.46543       981.48650            6.08        07:58:21        4.20e-02        2.00e+00
       35634320        70.46469       982.48704            6.08        07:58:05        4.20e-02        2.00e+00
       35635251        70.46331       983.48721            6.08        07:57:49        4.20e-02        2.00e+00
       35636179        70.46305       984.48782            6.08        07:57:33        4.20e-02        2.00e+00
       35637162        70.46240       985.48865            6.08        07:57:19        4.20e-02        2.00e+00
       35638199        70.46303       986.48936            6.08        07:57:05        4.20e-02        2.00e+00
       35639320        70.46465       987.48984            6.08        07:56:54        4.20e-02        2.00e+00
DEBUG @ t=35640000: current_coupling=0.042, last=0.042
       35640358        70.46484       988.49007            6.08        07:56:40        4.20e-02        2.00e+00
       35641295        70.46600       989.49108            6.08        07:56:24        4.20e-02        2.00e+00
       35642228        70.46551       990.49175            6.08        07:56:08        4.20e-02        2.00e+00
       35643156        70.46480       991.49198            6.08        07:55:52        4.20e-02        2.00e+00
       35644100        70.46422       992.49271            6.08        07:55:36        4.20e-02        2.00e+00
       35645083        70.46354       993.49326            6.08        07:55:22        4.20e-02        2.00e+00
       35646054        70.46322       994.49326            6.08        07:55:07        4.20e-02        2.00e+00
       35647004        70.46449       995.49361            6.08        07:54:50        4.20e-02        2.00e+00
       35648002        70.46493       996.49447            6.08        07:54:36        4.20e-02        2.00e+00
       35649004        70.46525       997.49507            6.08        07:54:21        4.20e-02        2.00e+00
       35649976        70.46515       998.49511            6.08        07:54:06        4.20e-02        2.00e+00
DEBUG @ t=35650000: current_coupling=0.042, last=0.042
       35650945        70.46451       999.49545            6.08        07:53:52        4.20e-02        2.00e+00
Added F(k,t) reference 5 at t = 1000.003 ps
       35651885        70.46536      1000.49547            6.08        07:53:35        4.20e-02        2.00e+00
       35652857        70.46506      1001.49619            6.08        07:53:20        4.20e-02        2.00e+00
       35653807        70.46422      1002.49718            6.08        07:53:05        4.20e-02        2.00e+00
       35654746        70.46423      1003.49821            6.08        07:52:49        4.20e-02        2.00e+00
       35655748        70.46452      1004.49900            6.08        07:52:35        4.20e-02        2.00e+00
       35656755        70.46442      1005.49937            6.08        07:52:21        4.20e-02        2.00e+00
       35657786        70.46408      1006.49958            6.08        07:52:07        4.20e-02        2.00e+00
       35658845        70.46330      1007.50039            6.08        07:51:55        4.20e-02        2.00e+00
       35659845        70.46280      1008.50057            6.08        07:51:41        4.20e-02        2.00e+00
DEBUG @ t=35660000: current_coupling=0.042, last=0.042
       35660828        70.46231      1009.50154            6.08        07:51:26        4.20e-02        2.00e+00
       35661868        70.46235      1010.50180            6.08        07:51:13        4.20e-02        2.00e+00
       35662860        70.46197      1011.50219            6.08        07:50:59        4.20e-02        2.00e+00
       35664013        70.46157      1012.50255            6.08        07:50:49        4.20e-02        2.00e+00
       35665120        70.46217      1013.50271            6.08        07:50:38        4.20e-02        2.00e+00
       35666145        70.46341      1014.50346            6.08        07:50:23        4.20e-02        2.00e+00
       35667175        70.46377      1015.50442            6.08        07:50:10        4.20e-02        2.00e+00
       35668215        70.46390      1016.50448            6.08        07:49:57        4.20e-02        2.00e+00
       35669335        70.46419      1017.50481            6.08        07:49:46        4.20e-02        2.00e+00
DEBUG @ t=35670000: current_coupling=0.042, last=0.042
       35670435        70.46438      1018.50510            6.08        07:49:34        4.20e-02        2.00e+00
       35671533        70.46486      1019.50593            6.08        07:49:22        4.20e-02        2.00e+00
       35672640        70.46451      1020.50632            6.08        07:49:11        4.20e-02        2.00e+00
       35673776        70.46400      1021.50640            6.07        07:49:01        4.20e-02        2.00e+00
       35674888        70.46415      1022.50680            6.07        07:48:49        4.20e-02        2.00e+00
       35675872        70.46345      1023.50758            6.07        07:48:35        4.20e-02        2.00e+00
       35676874        70.46272      1024.50854            6.07        07:48:21        4.20e-02        2.00e+00
       35677993        70.46256      1025.50937            6.07        07:48:10        4.20e-02        2.00e+00
       35679073        70.46221      1026.50974            6.07        07:47:58        4.20e-02        2.00e+00
DEBUG @ t=35680000: current_coupling=0.042, last=0.042
       35680066        70.46210      1027.51044            6.07        07:47:43        4.20e-02        2.00e+00
       35681096        70.46169      1028.51106            6.07        07:47:30        4.20e-02        2.00e+00
       35681979        70.46151      1029.51120            6.07        07:47:13        4.20e-02        2.00e+00
       35682917        70.46131      1030.51130            6.07        07:46:57        4.20e-02        2.00e+00
       35683793        70.46115      1031.51191            6.07        07:46:39        4.20e-02        2.00e+00
       35684824        70.46282      1032.51222            6.07        07:46:25        4.20e-02        2.00e+00
       35685978        70.46847      1033.51232            6.07        07:46:13        4.20e-02        2.00e+00
       35686858        70.46973      1034.51234            6.07        07:45:55        4.20e-02        2.00e+00
       35687940        70.46956      1035.51275            6.07        07:45:43        4.20e-02        2.00e+00
       35688824        70.46953      1036.51286            6.07        07:45:25        4.20e-02        2.00e+00
       35689857        70.47131      1037.51331            6.07        07:45:11        4.20e-02        2.00e+00
DEBUG @ t=35690000: current_coupling=0.042, last=0.042
       35690929        70.47113      1038.51366            6.07        07:44:59        4.20e-02        2.00e+00
       35691944        70.47234      1039.51425            6.07        07:44:44        4.20e-02        2.00e+00
       35693045        70.47299      1040.51473            6.07        07:44:33        4.20e-02        2.00e+00
       35694105        70.47264      1041.51475            6.07        07:44:20        4.20e-02        2.00e+00
       35695209        70.47273      1042.51533            6.07        07:44:08        4.20e-02        2.00e+00
       35696222        70.47238      1043.51625            6.07        07:43:55        4.20e-02        2.00e+00
       35697244        70.47199      1044.51681            6.07        07:43:41        4.20e-02        2.00e+00
       35698213        70.47132      1045.51746            6.07        07:43:26        4.20e-02        2.00e+00
       35699233        70.47109      1046.51764            6.07        07:43:12        4.20e-02        2.00e+00
DEBUG @ t=35700000: current_coupling=0.042, last=0.042
[HDF5 Writer DEBUG] timestep=35700000, current_time_ps=1047.225, last_output_time=1047.2220282503142, write_count=99743
       35700325        70.47232      1047.51807            6.07        07:43:00        4.20e-02        2.00e+00
       35701437        70.47287      1048.51853            6.07        07:42:48        4.20e-02        2.00e+00
       35702515        70.47323      1049.51903            6.07        07:42:36        4.20e-02        2.00e+00
       35703537        70.47269      1050.51968            6.07        07:42:23        4.20e-02        2.00e+00
       35704569        70.47286      1051.52052            6.07        07:42:09        4.20e-02        2.00e+00
       35705655        70.47282      1052.52114            6.07        07:41:57        4.20e-02        2.00e+00
       35706721        70.47247      1053.52152            6.07        07:41:44        4.20e-02        2.00e+00
       35707850        70.47289      1054.52207            6.07        07:41:33        4.20e-02        2.00e+00
       35709001        70.47283      1055.52221            6.07        07:41:23        4.20e-02        2.00e+00
DEBUG @ t=35710000: current_coupling=0.042, last=0.042
       35710044        70.47232      1056.52309            6.07        07:41:10        4.20e-02        2.00e+00
       35711080        70.47167      1057.52398            6.07        07:40:57        4.20e-02        2.00e+00
       35712046        70.47100      1058.52468            6.07        07:40:42        4.20e-02        2.00e+00
       35713080        70.47049      1059.52489            6.07        07:40:29        4.20e-02        2.00e+00
       35714007        70.47048      1060.52520            6.07        07:40:12        4.20e-02        2.00e+00
       35715103        70.47132      1061.52559            6.07        07:40:00        4.20e-02        2.00e+00
       35716240        70.47253      1062.52586            6.07        07:39:49        4.20e-02        2.00e+00
       35717312        70.47320      1063.52660            6.07        07:39:36        4.20e-02        2.00e+00
       35718257        70.47269      1064.52699            6.07        07:39:21        4.20e-02        2.00e+00
       35719154        70.47228      1065.52705            6.07        07:39:04        4.20e-02        2.00e+00
DEBUG @ t=35720000: current_coupling=0.042, last=0.042
       35720101        70.47204      1066.52722            6.07        07:38:48        4.20e-02        2.00e+00
       35721113        70.47204      1067.52774            6.07        07:38:34        4.20e-02        2.00e+00
       35722084        70.47225      1068.52836            6.07        07:38:19        4.20e-02        2.00e+00
       35723054        70.47205      1069.52887            6.07        07:38:04        4.20e-02        2.00e+00
       35723910        70.47159      1070.52887            6.07        07:37:46        4.20e-02        2.00e+00
       35724867        70.47162      1071.52903            6.07        07:37:31        4.20e-02        2.00e+00
       35725816        70.47245      1072.52964            6.07        07:37:15        4.20e-02        2.00e+00
       35726843        70.47390      1073.52970            6.07        07:37:00        4.20e-02        2.00e+00
       35727884        70.47399      1074.53031            6.07        07:36:47        4.20e-02        2.00e+00
       35728877        70.47362      1075.53114            6.07        07:36:33        4.20e-02        2.00e+00
       35729848        70.47328      1076.53143            6.07        07:36:18        4.20e-02        2.00e+00
DEBUG @ t=35730000: current_coupling=0.042, last=0.042
       35730903        70.47311      1077.53159            6.07        07:36:05        4.20e-02        2.00e+00
       35731891        70.47308      1078.53173            6.07        07:35:50        4.20e-02        2.00e+00
       35732825        70.47255      1079.53225            6.07        07:35:35        4.20e-02        2.00e+00
       35733854        70.47232      1080.53261            6.07        07:35:21        4.20e-02        2.00e+00
       35734888        70.47177      1081.53295            6.07        07:35:08        4.20e-02        2.00e+00
       35735961        70.47196      1082.53364            6.07        07:34:55        4.20e-02        2.00e+00
       35736924        70.47172      1083.53442            6.07        07:34:40        4.20e-02        2.00e+00
       35737911        70.47129      1084.53497            6.07        07:34:25        4.20e-02        2.00e+00
       35738812        70.47076      1085.53595            6.07        07:34:09        4.20e-02        2.00e+00
       35739793        70.47026      1086.53662            6.07        07:33:54        4.20e-02        2.00e+00
DEBUG @ t=35740000: current_coupling=0.042, last=0.042
       35740851        70.46987      1087.53671            6.07        07:33:42        4.20e-02        2.00e+00
       35741933        70.46924      1088.53692            6.07        07:33:30        4.20e-02        2.00e+00
       35742916        70.46870      1089.53732            6.07        07:33:15        4.20e-02        2.00e+00
       35743859        70.46825      1090.53735            6.07        07:32:59        4.20e-02        2.00e+00
       35745023        70.46826      1091.53830            6.07        07:32:49        4.20e-02        2.00e+00
       35745999        70.46789      1092.53934            6.07        07:32:34        4.20e-02        2.00e+00
       35746956        70.46739      1093.54028            6.07        07:32:19        4.20e-02        2.00e+00
       35747939        70.46758      1094.54111            6.07        07:32:04        4.20e-02        2.00e+00
       35749117        70.46764      1095.54212            6.07        07:31:54        4.20e-02        2.00e+00
DEBUG @ t=35750000: current_coupling=0.042, last=0.042
       35750081        70.46724      1096.54219            6.07        07:31:39        4.20e-02        2.00e+00
       35751031        70.46721      1097.54225            6.07        07:31:24        4.20e-02        2.00e+00
       35751959        70.46713      1098.54331            6.07        07:31:08        4.20e-02        2.00e+00
       35752890        70.46705      1099.54340            6.07        07:30:52        4.20e-02        2.00e+00
       35753899        70.46800      1100.54351            6.07        07:30:37        4.20e-02        2.00e+00
       35754970        70.46792      1101.54359            6.07        07:30:25        4.20e-02        2.00e+00
       35756060        70.46950      1102.54417            6.07        07:30:12        4.20e-02        2.00e+00
       35757129        70.46963      1103.54500            6.07        07:29:59        4.20e-02        2.00e+00
       35758076        70.46976      1104.54568            6.07        07:29:43        4.20e-02        2.00e+00
       35759046        70.46943      1105.54616            6.07        07:29:29        4.20e-02        2.00e+00
DEBUG @ t=35760000: current_coupling=0.042, last=0.042
       35760064        70.46920      1106.54629            6.07        07:29:15        4.20e-02        2.00e+00
       35761135        70.46908      1107.54639            6.07        07:29:02        4.20e-02        2.00e+00
       35762226        70.46936      1108.54691            6.07        07:28:50        4.20e-02        2.00e+00
       35763339        70.47042      1109.54699            6.07        07:28:38        4.20e-02        2.00e+00
       35764437        70.47063      1110.54779            6.07        07:28:26        4.20e-02        2.00e+00
       35765560        70.47238      1111.54797            6.07        07:28:14        4.20e-02        2.00e+00
       35766716        70.47337      1112.54862            6.07        07:28:03        4.20e-02        2.00e+00
       35767808        70.47438      1113.54905            6.07        07:27:50        4.20e-02        2.00e+00
       35768905        70.47584      1114.54996            6.07        07:27:38        4.20e-02        2.00e+00
DEBUG @ t=35770000: current_coupling=0.042, last=0.042
       35770064        70.47620      1115.55035            6.06        07:27:27        4.20e-02        2.00e+00
       35771096        70.47595      1116.55092            6.06        07:27:14        4.20e-02        2.00e+00
       35772171        70.47773      1117.55099            6.06        07:27:00        4.20e-02        2.00e+00
       35773207        70.47772      1118.55165            6.06        07:26:47        4.20e-02        2.00e+00
       35774224        70.47755      1119.55205            6.06        07:26:33        4.20e-02        2.00e+00
       35775239        70.47760      1120.55261            6.06        07:26:19        4.20e-02        2.00e+00
       35776258        70.47870      1121.55306            6.06        07:26:05        4.20e-02        2.00e+00
       35777299        70.47876      1122.55309            6.06        07:25:51        4.20e-02        2.00e+00
       35778303        70.47880      1123.55384            6.06        07:25:37        4.20e-02        2.00e+00
       35779347        70.47838      1124.55431            6.06        07:25:24        4.20e-02        2.00e+00
DEBUG @ t=35780000: current_coupling=0.042, last=0.042
       35780405        70.47828      1125.55482            6.06        07:25:11        4.20e-02        2.00e+00
       35781397        70.47800      1126.55505            6.06        07:24:56        4.20e-02        2.00e+00
       35782390        70.47789      1127.55590            6.06        07:24:42        4.20e-02        2.00e+00
       35783405        70.47738      1128.55620            6.06        07:24:28        4.20e-02        2.00e+00
       35784448        70.47717      1129.55720            6.06        07:24:15        4.20e-02        2.00e+00
       35785428        70.47751      1130.55820            6.06        07:24:00        4.20e-02        2.00e+00
       35786384        70.47698      1131.55913            6.06        07:23:44        4.20e-02        2.00e+00
       35787357        70.47653      1132.55967            6.06        07:23:30        4.20e-02        2.00e+00
       35788354        70.47613      1133.55983            6.06        07:23:15        4.20e-02        2.00e+00
       35789366        70.47574      1134.56065            6.06        07:23:01        4.20e-02        2.00e+00
DEBUG @ t=35790000: current_coupling=0.042, last=0.042
       35790392        70.47593      1135.56125            6.06        07:22:48        4.20e-02        2.00e+00
       35791348        70.47564      1136.56227            6.06        07:22:32        4.20e-02        2.00e+00
       35792337        70.47543      1137.56306            6.06        07:22:18        4.20e-02        2.00e+00
       35793386        70.47534      1138.56343            6.06        07:22:05        4.20e-02        2.00e+00
       35794505        70.47478      1139.56363            6.06        07:21:53        4.20e-02        2.00e+00
       35795553        70.47437      1140.56372            6.06        07:21:40        4.20e-02        2.00e+00
       35796575        70.47418      1141.56383            6.06        07:21:26        4.20e-02        2.00e+00
       35797559        70.47356      1142.56437            6.06        07:21:12        4.20e-02        2.00e+00
       35798532        70.47312      1143.56461            6.06        07:20:57        4.20e-02        2.00e+00
       35799528        70.47256      1144.56468            6.06        07:20:43        4.20e-02        2.00e+00
DEBUG @ t=35800000: current_coupling=0.042, last=0.042
[HDF5 Writer DEBUG] timestep=35800000, current_time_ps=1145.036, last_output_time=1145.0271439334495, write_count=109107
       35800540        70.47287      1145.56503            6.06        07:20:28        4.20e-02        2.00e+00
       35801483        70.47285      1146.56550            6.06        07:20:13        4.20e-02        2.00e+00
       35802409        70.47227      1147.56642            6.06        07:19:57        4.20e-02        2.00e+00
       35803394        70.47168      1148.56684            6.06        07:19:42        4.20e-02        2.00e+00
       35804336        70.47218      1149.56691            6.06        07:19:27        4.20e-02        2.00e+00
       35805213        70.47145      1150.56798            6.06        07:19:10        4.20e-02        2.00e+00
       35806150        70.47117      1151.56811            6.06        07:18:54        4.20e-02        2.00e+00
       35807146        70.47101      1152.56844            6.06        07:18:40        4.20e-02        2.00e+00
       35808080        70.47109      1153.56900            6.06        07:18:24        4.20e-02        2.00e+00
       35809017        70.47111      1154.56917            6.07        07:18:08        4.20e-02        2.00e+00
DEBUG @ t=35810000: current_coupling=0.042, last=0.042
       35810010        70.47328      1155.57004            6.07        07:17:53        4.20e-02        2.00e+00
       35811040        70.47422      1156.57063            6.07        07:17:39        4.20e-02        2.00e+00
       35812168        70.47450      1157.57095            6.06        07:17:27        4.20e-02        2.00e+00
       35813178        70.47473      1158.57114            6.06        07:17:13        4.20e-02        2.00e+00
       35814128        70.47453      1159.57165            6.07        07:16:57        4.20e-02        2.00e+00
       35815091        70.47517      1160.57232            6.07        07:16:42        4.20e-02        2.00e+00
       35816081        70.47607      1161.57267            6.07        07:16:27        4.20e-02        2.00e+00
       35817110        70.47583      1162.57305            6.07        07:16:14        4.20e-02        2.00e+00
       35818073        70.47551      1163.57398            6.07        07:15:58        4.20e-02        2.00e+00
       35819067        70.47646      1164.57483            6.07        07:15:44        4.20e-02        2.00e+00
DEBUG @ t=35820000: current_coupling=0.042, last=0.042
       35820070        70.47796      1165.57555            6.07        07:15:29        4.20e-02        2.00e+00
       35820994        70.47768      1166.57592            6.07        07:15:13        4.20e-02        2.00e+00
       35821964        70.47717      1167.57623            6.07        07:14:58        4.20e-02        2.00e+00
       35822994        70.47741      1168.57640            6.07        07:14:44        4.20e-02        2.00e+00
       35823992        70.47819      1169.57718            6.07        07:14:30        4.20e-02        2.00e+00
       35824984        70.47851      1170.57821            6.07        07:14:15        4.20e-02        2.00e+00
       35825922        70.47815      1171.57909            6.07        07:13:59        4.20e-02        2.00e+00
       35826914        70.47789      1172.57984            6.07        07:13:45        4.20e-02        2.00e+00
       35827839        70.47728      1173.58024            6.07        07:13:29        4.20e-02        2.00e+00
       35828761        70.47681      1174.58058            6.07        07:13:13        4.20e-02        2.00e+00
       35829714        70.47611      1175.58066            6.07        07:12:58        4.20e-02        2.00e+00
DEBUG @ t=35830000: current_coupling=0.042, last=0.042
       35830671        70.47551      1176.58102            6.07        07:12:43        4.20e-02        2.00e+00
       35831635        70.47532      1177.58201            6.07        07:12:28        4.20e-02        2.00e+00
       35832597        70.47491      1178.58290            6.07        07:12:13        4.20e-02        2.00e+00
       35833516        70.47473      1179.58340            6.07        07:11:57        4.20e-02        2.00e+00
       35834450        70.47435      1180.58431            6.07        07:11:41        4.20e-02        2.00e+00
       35835412        70.47375      1181.58518            6.07        07:11:26        4.20e-02        2.00e+00
       35836354        70.47329      1182.58530            6.07        07:11:11        4.20e-02        2.00e+00
       35837295        70.47271      1183.58618            6.07        07:10:55        4.20e-02        2.00e+00
       35838265        70.47249      1184.58622            6.07        07:10:41        4.20e-02        2.00e+00
       35839266        70.47245      1185.58707            6.07        07:10:26        4.20e-02        2.00e+00
DEBUG @ t=35840000: current_coupling=0.042, last=0.042
       35840256        70.47225      1186.58751            6.07        07:10:12        4.20e-02        2.00e+00
       35841236        70.47165      1187.58774            6.07        07:09:57        4.20e-02        2.00e+00
       35842250        70.47136      1188.58787            6.07        07:09:43        4.20e-02        2.00e+00
       35843253        70.47163      1189.58832            6.07        07:09:29        4.20e-02        2.00e+00
       35844215        70.47152      1190.58920            6.07        07:09:14        4.20e-02        2.00e+00
       35845237        70.47195      1191.58971            6.07        07:09:00        4.20e-02        2.00e+00
       35846157        70.47166      1192.58995            6.07        07:08:44        4.20e-02        2.00e+00
       35847242        70.47228      1193.59036            6.07        07:08:31        4.20e-02        2.00e+00
       35848193        70.47245      1194.59036            6.07        07:08:16        4.20e-02        2.00e+00
       35849033        70.47249      1195.59129            6.07        07:07:58        4.20e-02        2.00e+00
DEBUG @ t=35850000: current_coupling=0.042, last=0.042
       35850030        70.47220      1196.59194            6.07        07:07:44        4.20e-02        2.00e+00
       35850979        70.47259      1197.59270            6.07        07:07:28        4.20e-02        2.00e+00
       35851884        70.47202      1198.59346            6.07        07:07:12        4.20e-02        2.00e+00
       35852939        70.47181      1199.59384            6.07        07:06:59        4.20e-02        2.00e+00
Added F(k,t) reference 6 at t = 1200.003 ps
       35853842        70.47124      1200.59484            6.07        07:06:43        4.20e-02        2.00e+00
       35854730        70.47127      1201.59494            6.07        07:06:26        4.20e-02        2.00e+00
       35855586        70.47064      1202.59599            6.07        07:06:09        4.20e-02        2.00e+00
       35856477        70.47056      1203.59656            6.07        07:05:53        4.20e-02        2.00e+00
       35857373        70.47062      1204.59755            6.07        07:05:36        4.20e-02        2.00e+00
       35858275        70.47029      1205.59756            6.08        07:05:20        4.20e-02        2.00e+00
       35859242        70.47002      1206.59806            6.08        07:05:05        4.20e-02        2.00e+00
DEBUG @ t=35860000: current_coupling=0.042, last=0.042
       35860152        70.46965      1207.59829            6.08        07:04:49        4.20e-02        2.00e+00
       35861077        70.46921      1208.59898            6.08        07:04:33        4.20e-02        2.00e+00
       35862026        70.46881      1209.59936            6.08        07:04:18        4.20e-02        2.00e+00
       35862931        70.46827      1210.59951            6.08        07:04:02        4.20e-02        2.00e+00
       35863789        70.46761      1211.60046            6.08        07:03:45        4.20e-02        2.00e+00
       35864725        70.46700      1212.60140            6.08        07:03:29        4.20e-02        2.00e+00
       35865671        70.46667      1213.60171            6.08        07:03:14        4.20e-02        2.00e+00
       35866712        70.46677      1214.60214            6.08        07:03:01        4.20e-02        2.00e+00
       35867752        70.46748      1215.60243            6.08        07:02:47        4.20e-02        2.00e+00
       35868731        70.46760      1216.60244            6.08        07:02:32        4.20e-02        2.00e+00
       35869682        70.46735      1217.60263            6.08        07:02:17        4.20e-02        2.00e+00
DEBUG @ t=35870000: current_coupling=0.042, last=0.042
       35870704        70.46797      1218.60277            6.08        07:02:03        4.20e-02        2.00e+00
       35871709        70.46785      1219.60333            6.08        07:01:49        4.20e-02        2.00e+00
       35872662        70.46732      1220.60410            6.08        07:01:34        4.20e-02        2.00e+00
       35873674        70.46693      1221.60443            6.08        07:01:20        4.20e-02        2.00e+00
       35874628        70.46658      1222.60537            6.08        07:01:05        4.20e-02        2.00e+00
       35875610        70.46655      1223.60575            6.08        07:00:50        4.20e-02        2.00e+00
       35876619        70.46620      1224.60648            6.08        07:00:36        4.20e-02        2.00e+00
       35877559        70.46611      1225.60701            6.08        07:00:21        4.20e-02        2.00e+00
       35878467        70.46572      1226.60732            6.08        07:00:05        4.20e-02        2.00e+00
       35879418        70.46545      1227.60764            6.08        06:59:50        4.20e-02        2.00e+00
DEBUG @ t=35880000: current_coupling=0.042, last=0.042
       35880332        70.46544      1228.60826            6.08        06:59:34        4.20e-02        2.00e+00
       35881200        70.46538      1229.60909            6.08        06:59:17        4.20e-02        2.00e+00
       35882259        70.46524      1230.60967            6.08        06:59:04        4.20e-02        2.00e+00
       35883333        70.46502      1231.60985            6.08        06:58:51        4.20e-02        2.00e+00
       35884418        70.46458      1232.61076            6.08        06:58:39        4.20e-02        2.00e+00
       35885450        70.46500      1233.61082            6.08        06:58:25        4.20e-02        2.00e+00
       35886559        70.46482      1234.61086            6.08        06:58:13        4.20e-02        2.00e+00
       35887688        70.46493      1235.61118            6.08        06:58:01        4.20e-02        2.00e+00
       35888688        70.46534      1236.61211            6.08        06:57:47        4.20e-02        2.00e+00
       35889710        70.46609      1237.61239            6.08        06:57:33        4.20e-02        2.00e+00
DEBUG @ t=35890000: current_coupling=0.042, last=0.042
       35890839        70.46737      1238.61321            6.08        06:57:21        4.20e-02        2.00e+00
       35891835        70.46741      1239.61322            6.08        06:57:06        4.20e-02        2.00e+00
       35892792        70.46737      1240.61410            6.08        06:56:51        4.20e-02        2.00e+00
       35893787        70.46703      1241.61451            6.08        06:56:37        4.20e-02        2.00e+00
       35894855        70.46656      1242.61464            6.08        06:56:24        4.20e-02        2.00e+00
       35895875        70.46651      1243.61473            6.08        06:56:10        4.20e-02        2.00e+00
       35896779        70.46670      1244.61516            6.08        06:55:54        4.20e-02        2.00e+00
       35897829        70.46645      1245.61598            6.08        06:55:41        4.20e-02        2.00e+00
       35898815        70.46591      1246.61682            6.08        06:55:27        4.20e-02        2.00e+00
       35899748        70.46528      1247.61735            6.08        06:55:11        4.20e-02        2.00e+00
DEBUG @ t=35900000: current_coupling=0.042, last=0.042
[HDF5 Writer DEBUG] timestep=35900000, current_time_ps=1247.892, last_output_time=1247.8884527056753, write_count=118869
       35900637        70.46465      1248.61744            6.08        06:54:55        4.20e-02        2.00e+00
       35901602        70.46488      1249.61785            6.08        06:54:40        4.20e-02        2.00e+00
       35902657        70.46611      1250.61864            6.08        06:54:26        4.20e-02        2.00e+00
       35903619        70.46602      1251.61965            6.08        06:54:11        4.20e-02        2.00e+00
       35904617        70.46707      1252.61972            6.08        06:53:57        4.20e-02        2.00e+00
       35905699        70.46793      1253.62013            6.08        06:53:44        4.20e-02        2.00e+00
       35906715        70.46939      1254.62078            6.08        06:53:29        4.20e-02        2.00e+00
       35907743        70.46975      1255.62099            6.08        06:53:15        4.20e-02        2.00e+00
       35908721        70.46950      1256.62121            6.08        06:53:01        4.20e-02        2.00e+00
       35909654        70.46883      1257.62125            6.08        06:52:45        4.20e-02        2.00e+00
DEBUG @ t=35910000: current_coupling=0.042, last=0.042
       35910622        70.46800      1258.62189            6.08        06:52:31        4.20e-02        2.00e+00
       35911655        70.46759      1259.62246            6.08        06:52:17        4.20e-02        2.00e+00
       35912669        70.46739      1260.62272            6.08        06:52:03        4.20e-02        2.00e+00
       35913641        70.46770      1261.62286            6.08        06:51:49        4.20e-02        2.00e+00
       35914609        70.46793      1262.62383            6.08        06:51:34        4.20e-02        2.00e+00
       35915601        70.46813      1263.62435            6.08        06:51:19        4.20e-02        2.00e+00
       35916682        70.46818      1264.62435            6.08        06:51:06        4.20e-02        2.00e+00
       35917811        70.46880      1265.62505            6.08        06:50:54        4.20e-02        2.00e+00
       35918899        70.46839      1266.62551            6.08        06:50:42        4.20e-02        2.00e+00
       35919905        70.46779      1267.62582            6.08        06:50:28        4.20e-02        2.00e+00
DEBUG @ t=35920000: current_coupling=0.042, last=0.042
       35920804        70.46702      1268.62607            6.08        06:50:12        4.20e-02        2.00e+00
       35921701        70.46616      1269.62713            6.08        06:49:56        4.20e-02        2.00e+00
       35922631        70.46560      1270.62770            6.08        06:49:41        4.20e-02        2.00e+00
       35923651        70.46577      1271.62773            6.08        06:49:27        4.20e-02        2.00e+00
       35924592        70.46543      1272.62837            6.08        06:49:12        4.20e-02        2.00e+00
       35925567        70.46543      1273.62931            6.08        06:48:57        4.20e-02        2.00e+00
       35926611        70.46486      1274.63017            6.08        06:48:44        4.20e-02        2.00e+00
       35927618        70.46425      1275.63063            6.08        06:48:30        4.20e-02        2.00e+00
       35928530        70.46383      1276.63120            6.08        06:48:14        4.20e-02        2.00e+00
       35929386        70.46334      1277.63206            6.08        06:47:57        4.20e-02        2.00e+00
DEBUG @ t=35930000: current_coupling=0.042, last=0.042
       35930277        70.46297      1278.63212            6.08        06:47:41        4.20e-02        2.00e+00
       35931265        70.46299      1279.63220            6.08        06:47:26        4.20e-02        2.00e+00
       35932208        70.46318      1280.63233            6.08        06:47:11        4.20e-02        2.00e+00
       35933150        70.46285      1281.63317            6.08        06:46:56        4.20e-02        2.00e+00
       35934207        70.46300      1282.63394            6.08        06:46:42        4.20e-02        2.00e+00
       35935269        70.46252      1283.63457            6.08        06:46:30        4.20e-02        2.00e+00
       35936272        70.46221      1284.63529            6.08        06:46:15        4.20e-02        2.00e+00
       35937247        70.46168      1285.63552            6.08        06:46:01        4.20e-02        2.00e+00
       35938260        70.46195      1286.63592            6.08        06:45:47        4.20e-02        2.00e+00
       35939294        70.46201      1287.63624            6.08        06:45:33        4.20e-02        2.00e+00
DEBUG @ t=35940000: current_coupling=0.042, last=0.042
       35940261        70.46150      1288.63663            6.08        06:45:18        4.20e-02        2.00e+00
       35941257        70.46102      1289.63678            6.08        06:45:04        4.20e-02        2.00e+00
       35942332        70.46104      1290.63764            6.08        06:44:51        4.20e-02        2.00e+00
       35943358        70.46096      1291.63807            6.08        06:44:38        4.20e-02        2.00e+00
       35944348        70.46059      1292.63851            6.08        06:44:23        4.20e-02        2.00e+00
       35945317        70.46016      1293.63866            6.08        06:44:09        4.20e-02        2.00e+00
       35946286        70.46026      1294.63927            6.08        06:43:54        4.20e-02        2.00e+00
       35947334        70.46055      1295.63975            6.08        06:43:40        4.20e-02        2.00e+00
       35948280        70.46101      1296.64007            6.08        06:43:25        4.20e-02        2.00e+00
       35949297        70.46121      1297.64052            6.08        06:43:11        4.20e-02        2.00e+00
DEBUG @ t=35950000: current_coupling=0.042, last=0.042
       35950284        70.46070      1298.64110            6.08        06:42:57        4.20e-02        2.00e+00
       35951227        70.46007      1299.64118            6.08        06:42:42        4.20e-02        2.00e+00
       35952286        70.46012      1300.64185            6.08        06:42:28        4.20e-02        2.00e+00
       35953244        70.45944      1301.64257            6.08        06:42:14        4.20e-02        2.00e+00
       35954138        70.45899      1302.64375            6.08        06:41:58        4.20e-02        2.00e+00
       35954991        70.45836      1303.64485            6.08        06:41:41        4.20e-02        2.00e+00
       35955888        70.45783      1304.64571            6.08        06:41:25        4.20e-02        2.00e+00
       35956925        70.45730      1305.64611            6.08        06:41:11        4.20e-02        2.00e+00
       35957991        70.45692      1306.64665            6.08        06:40:59        4.20e-02        2.00e+00
       35958949        70.45627      1307.64740            6.08        06:40:44        4.20e-02        2.00e+00
       35959866        70.45568      1308.64831            6.08        06:40:28        4.20e-02        2.00e+00
DEBUG @ t=35960000: current_coupling=0.042, last=0.042
       35960834        70.45512      1309.64876            6.08        06:40:14        4.20e-02        2.00e+00
       35961808        70.45439      1310.64881            6.08        06:39:59        4.20e-02        2.00e+00
       35962783        70.45405      1311.64889            6.08        06:39:45        4.20e-02        2.00e+00
       35963710        70.45350      1312.64956            6.08        06:39:29        4.20e-02        2.00e+00
       35964661        70.45323      1313.64960            6.08        06:39:14        4.20e-02        2.00e+00
       35965604        70.45325      1314.64982            6.08        06:38:59        4.20e-02        2.00e+00
       35966557        70.45407      1315.64998            6.08        06:38:43        4.20e-02        2.00e+00
       35967551        70.45463      1316.65079            6.08        06:38:29        4.20e-02        2.00e+00
       35968620        70.45574      1317.65152            6.08        06:38:16        4.20e-02        2.00e+00
       35969698        70.45646      1318.65240            6.08        06:38:02        4.20e-02        2.00e+00
DEBUG @ t=35970000: current_coupling=0.042, last=0.042
       35970749        70.45662      1319.65291            6.08        06:37:49        4.20e-02        2.00e+00
       35971687        70.45697      1320.65398            6.08        06:37:34        4.20e-02        2.00e+00
       35972625        70.45752      1321.65457            6.08        06:37:18        4.20e-02        2.00e+00
       35973580        70.45833      1322.65480            6.08        06:37:03        4.20e-02        2.00e+00
       35974508        70.45854      1323.65511            6.08        06:36:47        4.20e-02        2.00e+00
       35975485        70.45870      1324.65539            6.08        06:36:33        4.20e-02        2.00e+00
       35976494        70.45924      1325.65591            6.08        06:36:18        4.20e-02        2.00e+00
       35977424        70.45960      1326.65607            6.08        06:36:03        4.20e-02        2.00e+00
       35978323        70.46004      1327.65607            6.08        06:35:46        4.20e-02        2.00e+00
       35979253        70.46053      1328.65710            6.08        06:35:31        4.20e-02        2.00e+00
DEBUG @ t=35980000: current_coupling=0.042, last=0.042
       35980204        70.46078      1329.65769            6.09        06:35:16        4.20e-02        2.00e+00
       35981142        70.46115      1330.65780            6.09        06:35:00        4.20e-02        2.00e+00
       35982047        70.46187      1331.65885            6.09        06:34:44        4.20e-02        2.00e+00
       35982956        70.46257      1332.65904            6.09        06:34:28        4.20e-02        2.00e+00
       35983968        70.46456      1333.65932            6.09        06:34:13        4.20e-02        2.00e+00
       35985033        70.46526      1334.66022            6.09        06:34:00        4.20e-02        2.00e+00
       35986027        70.46594      1335.66077            6.09        06:33:45        4.20e-02        2.00e+00
       35987017        70.46673      1336.66102            6.09        06:33:31        4.20e-02        2.00e+00
       35987928        70.46765      1337.66181            6.09        06:33:15        4.20e-02        2.00e+00
       35988956        70.46877      1338.66210            6.09        06:33:01        4.20e-02        2.00e+00
       35989902        70.46962      1339.66233            6.09        06:32:45        4.20e-02        2.00e+00
DEBUG @ t=35990000: current_coupling=0.042, last=0.042
       35990759        70.46994      1340.66286            6.09        06:32:28        4.20e-02        2.00e+00
       35991702        70.47041      1341.66332            6.09        06:32:13        4.20e-02        2.00e+00
       35992667        70.47129      1342.66373            6.09        06:31:58        4.20e-02        2.00e+00
       35993551        70.47158      1343.66375            6.09        06:31:42        4.20e-02        2.00e+00
       35994457        70.47164      1344.66405            6.09        06:31:26        4.20e-02        2.00e+00
       35995392        70.47221      1345.66407            6.09        06:31:10        4.20e-02        2.00e+00
       35996302        70.47289      1346.66437            6.09        06:30:54        4.20e-02        2.00e+00
       35997204        70.47349      1347.66438            6.09        06:30:38        4.20e-02        2.00e+00
       35998090        70.47403      1348.66514            6.09        06:30:22        4.20e-02        2.00e+00
       35999007        70.47445      1349.66557            6.09        06:30:06        4.20e-02        2.00e+00
       35999902        70.47479      1350.66618            6.09        06:29:50        4.20e-02        2.00e+00
DEBUG @ t=36000000: current_coupling=0.042, last=0.042
[HDF5 Writer DEBUG] timestep=36000000, current_time_ps=1350.769, last_output_time=1350.7660500117574, write_count=128666
       36000953        70.47546      1351.66657            6.09        06:29:36        4.20e-02        2.00e+00
       36001793        70.47572      1352.66695            6.09        06:29:19        4.20e-02        2.00e+00
       36002748        70.47614      1353.66722            6.09        06:29:04        4.20e-02        2.00e+00
       36003740        70.47652      1354.66742            6.09        06:28:50        4.20e-02        2.00e+00
       36004718        70.47701      1355.66756            6.09        06:28:35        4.20e-02        2.00e+00
       36005807        70.47800      1356.66768            6.09        06:28:22        4.20e-02        2.00e+00
       36006864        70.47878      1357.66813            6.09        06:28:09        4.20e-02        2.00e+00
       36007955        70.47963      1358.66901            6.09        06:27:56        4.20e-02        2.00e+00
       36008885        70.48020      1359.66988            6.09        06:27:40        4.20e-02        2.00e+00
       36009929        70.48146      1360.67051            6.09        06:27:26        4.20e-02        2.00e+00
DEBUG @ t=36010000: current_coupling=0.042, last=0.042
       36010887        70.48180      1361.67106            6.09        06:27:11        4.20e-02        2.00e+00
       36011865        70.48203      1362.67184            6.09        06:26:57        4.20e-02        2.00e+00
       36012981        70.48254      1363.67220            6.09        06:26:44        4.20e-02        2.00e+00
       36013928        70.48280      1364.67262            6.09        06:26:29        4.20e-02        2.00e+00
       36014799        70.48322      1365.67303            6.09        06:26:13        4.20e-02        2.00e+00
       36015847        70.48391      1366.67333            6.09        06:25:59        4.20e-02        2.00e+00
       36016877        70.48485      1367.67357            6.09        06:25:45        4.20e-02        2.00e+00
       36017812        70.48528      1368.67450            6.09        06:25:30        4.20e-02        2.00e+00
       36018799        70.48568      1369.67502            6.09        06:25:15        4.20e-02        2.00e+00
       36019725        70.48599      1370.67508            6.09        06:24:59        4.20e-02        2.00e+00
DEBUG @ t=36020000: current_coupling=0.042, last=0.042
       36020685        70.48633      1371.67581            6.09        06:24:44        4.20e-02        2.00e+00
       36021609        70.48676      1372.67627            6.09        06:24:29        4.20e-02        2.00e+00
       36022560        70.48731      1373.67725            6.09        06:24:14        4.20e-02        2.00e+00
       36023589        70.48852      1374.67757            6.09        06:24:00        4.20e-02        2.00e+00
       36024648        70.48943      1375.67845            6.09        06:23:46        4.20e-02        2.00e+00
       36025565        70.49031      1376.67846            6.10        06:23:30        4.20e-02        2.00e+00
       36026513        70.49101      1377.67900            6.10        06:23:15        4.20e-02        2.00e+00
       36027546        70.49157      1378.67905            6.10        06:23:01        4.20e-02        2.00e+00
       36028578        70.49228      1379.68001            6.10        06:22:47        4.20e-02        2.00e+00
       36029521        70.49308      1380.68039            6.10        06:22:32        4.20e-02        2.00e+00
DEBUG @ t=36030000: current_coupling=0.042, last=0.042
       36030495        70.49393      1381.68128            6.10        06:22:17        4.20e-02        2.00e+00
       36031513        70.49475      1382.68149            6.10        06:22:03        4.20e-02        2.00e+00
       36032465        70.49547      1383.68248            6.10        06:21:48        4.20e-02        2.00e+00
       36033392        70.49632      1384.68260            6.10        06:21:32        4.20e-02        2.00e+00
       36034323        70.49690      1385.68274            6.10        06:21:17        4.20e-02        2.00e+00
       36035242        70.49750      1386.68346            6.10        06:21:01        4.20e-02        2.00e+00
       36036146        70.49821      1387.68401            6.10        06:20:45        4.20e-02        2.00e+00
       36037013        70.49904      1388.68502            6.10        06:20:28        4.20e-02        2.00e+00
       36037949        70.49972      1389.68573            6.10        06:20:13        4.20e-02        2.00e+00
       36038919        70.50047      1390.68650            6.10        06:19:58        4.20e-02        2.00e+00
       36039936        70.50132      1391.68746            6.10        06:19:44        4.20e-02        2.00e+00
DEBUG @ t=36040000: current_coupling=0.042, last=0.042
       36040903        70.50238      1392.68824            6.10        06:19:29        4.20e-02        2.00e+00
       36041865        70.50287      1393.68919            6.10        06:19:14        4.20e-02        2.00e+00
       36042705        70.50349      1394.68945            6.10        06:18:57        4.20e-02        2.00e+00
       36043590        70.50502      1395.68965            6.10        06:18:40        4.20e-02        2.00e+00
       36044514        70.50598      1396.69050            6.10        06:18:25        4.20e-02        2.00e+00
       36045512        70.50662      1397.69073            6.10        06:18:10        4.20e-02        2.00e+00
       36046496        70.50739      1398.69120            6.10        06:17:55        4.20e-02        2.00e+00
       36047405        70.50812      1399.69188            6.10        06:17:40        4.20e-02        2.00e+00
Added F(k,t) reference 7 at t = 1400.004 ps
       36048343        70.50948      1400.69210            6.10        06:17:24        4.20e-02        2.00e+00
2025-11-06 17:32:47 | ERROR | CRITICAL ERROR in simulation: Unable to synchronously flush file (file write failed: time = Thu Nov  6 17:32:47 2025
, filename = 'observables_replica_442.h5', file descriptor = 4, errno = 122, error message = 'Disk quota exceeded', buf = 0x556c69256310, total write size = 2904, bytes this sub-write = 2904, offset = 956299518)
2025-11-06 17:32:47 | ERROR | Full traceback:
2025-11-06 17:32:47 | ERROR | Traceback (most recent call last):
2025-11-06 17:32:47 | ERROR |   File "/scratch/mh7373/micromamba/envs/hoomd/lib/python3.12/site-packages/hoomd/cavitymd/simulation/core.py", line 4753, in run
2025-11-06 17:32:47 | ERROR |     self.run_simulation()
2025-11-06 17:32:47 | ERROR |   File "/scratch/mh7373/micromamba/envs/hoomd/lib/python3.12/site-packages/hoomd/cavitymd/simulation/core.py", line 4807, in run_simulation
2025-11-06 17:32:47 | ERROR |     self.sim.run(total_steps, write_at_start=True)
2025-11-06 17:32:47 | ERROR |   File "/scratch/mh7373/micromamba/envs/hoomd/lib/python3.12/site-packages/hoomd/simulation.py", line 561, in run
2025-11-06 17:32:47 | ERROR |     self._cpp_sys.run(steps_int, write_at_start)
2025-11-06 17:32:47 | ERROR |   File "/scratch/mh7373/micromamba/envs/hoomd/lib/python3.12/site-packages/hoomd/cavitymd/data.py", line 528, in act
2025-11-06 17:32:47 | ERROR |     self.file.flush()
2025-11-06 17:32:47 | ERROR |   File "/scratch/mh7373/micromamba/envs/hoomd/lib/python3.12/site-packages/h5py/_hl/files.py", line 639, in flush
2025-11-06 17:32:47 | ERROR |     h5f.flush(self.id)
2025-11-06 17:32:47 | ERROR |   File "h5py/_objects.pyx", line 56, in h5py._objects.with_phil.wrapper
2025-11-06 17:32:47 | ERROR |   File "h5py/_objects.pyx", line 57, in h5py._objects.with_phil.wrapper
2025-11-06 17:32:47 | ERROR |   File "h5py/h5f.pyx", line 159, in h5py.h5f.flush
2025-11-06 17:32:47 | ERROR | RuntimeError: Unable to synchronously flush file (file write failed: time = Thu Nov  6 17:32:47 2025
2025-11-06 17:32:47 | ERROR | , filename = 'observables_replica_442.h5', file descriptor = 4, errno = 122, error message = 'Disk quota exceeded', buf = 0x556c69256310, total write size = 2904, bytes this sub-write = 2904, offset = 956299518)
2025-11-06 17:32:47 | INFO | Cleanup initiated...
2025-11-06 17:32:47 | INFO | Closing HDF5 observable writer...
2025-11-06 17:32:47 | ERROR | Error closing HDF5 writer: Unable to synchronously flush file (file write failed: time = Thu Nov  6 17:32:47 2025
, filename = 'observables_replica_442.h5', file descriptor = 4, errno = 122, error message = 'Disk quota exceeded', buf = 0x556c6926fa90, total write size = 2904, bytes this sub-write = 2904, offset = 956299518)
DEBUG: Cleanup called - checking for fkt_tracker
DEBUG: No fkt_tracker found or it's None
2025-11-06 17:32:47 | INFO | Returned to original directory: /scratch/mh7373/cav-hoomd/new_final_offres
2025-11-06 17:32:47 | INFO | Cleanup completed
ERROR: Replica 442 failed (coupling: 4.200000e-02 a.u.)

==================================================
Execution Summary
==================================================
Coupling constant used: 4.200000e-02 a.u.
Total replicas: 1
Successful: 0
Failed: 1
Wall time: 19839.22 seconds

WARNING: 1 replicas failed - check individual logs for details
✗ FAILED: DEBUG task 442
