SLURM Job ID: 1642402
SLURM Array Task ID: 478
Using frequency: 2060 cm-1
Fixed coupling strength (lambda): 0.042 (dimensionless)
Frame will be automatically set to: 478
Advanced Cavity MD Experiment Runner
==================================================
SLURM array job detected: Task 478 (Job 1642402)

*** COUPLING CONSTANT: 4.200000e-02 a.u. ***

Simulation Configuration:
  Cavity coupling: Enabled
    Coupling strength: 4.200000e-02 a.u.
    Frequency: 2060.0 cm⁻¹
    Finite-q mode: False
    Cavity thermostat: langevin
  Molecular thermostat: bussi
  Temperature: 100.0 K
  Runtime: 3000.0 ps
  Device: CPU
  Random seed: 0
  Velocity restart: Enabled - thermalizing velocities
  Momentum zeroing: Disabled

Starting execution for 1 replica(s)...
==================================================

Running replica 478...
>>> Will use FRAME 478 from init-0.gsd for this replica <<<
Running experiment:
  Cavity coupling: Enabled
  *** COUPLING STRENGTH: 4.200000e-02 a.u. ***
  Switch time: 200.0 ps
  Decay: None (step function)
  Damping ratio (zeta): 0.0
  Calculated dissipation (c): 0.0000e+00 a.u.
  Molecular thermostat: bussi
  Cavity thermostat: langevin
  Finite-q mode: False
  Replica: 478
  Frame: 478
  Output directory: coupling_420000e-07_freq_2060.0cm1_switch_200.0ps
  *** READING FRAME 478 FROM /scratch/mh7373/cav-hoomd/new_final_offres/init-0.gsd ***
  ✓ Successfully initialized simulation from frame 478
  ✓ Input file: /scratch/mh7373/cav-hoomd/new_final_offres/init-0.gsd
  ✓ Replica 478 ready to run...
2025-11-06 12:02:23 | INFO | ============================================================
2025-11-06 12:02:23 | INFO | CAVITY MD SIMULATION STARTED
2025-11-06 12:02:23 | INFO | ============================================================
2025-11-06 12:02:23 | INFO | Simulation: prod-478
2025-11-06 12:02:23 | INFO | Device: CPU
2025-11-06 12:02:23 | INFO | Runtime: 3000.0 ps
2025-11-06 12:02:23 | INFO | Temperature: 100.0 K
2025-11-06 12:02:23 | INFO | Random seed: 0
2025-11-06 12:02:23 | INFO | Cavity coupling: Enabled
2025-11-06 12:02:23 | INFO |   Frequency: 2060.0 cm^-1
2025-11-06 12:02:23 | INFO |   Lambda coupling: 0.042
2025-11-06 12:02:23 | INFO |   Epsilon (lambda * omega_c): 3.942141e-04 a.u.
2025-11-06 12:02:23 | INFO |   Finite-q mode: False
2025-11-06 12:02:23 | INFO | Molecular thermostat: bussi (tau=1.0 ps)
2025-11-06 12:02:23 | INFO | Cavity thermostat: langevin (tau=1.0 ps)
2025-11-06 12:02:23 | INFO | ============================================================
2025-11-06 12:02:23 | INFO | === Phase 1: Setting up simulation ===
2025-11-06 12:02:23 | INFO | Using default timestep for calculations: 0.0001 ps
2025-11-06 12:02:23 | INFO | Time conversions:
2025-11-06 12:02:23 | INFO |   Timestep: 0.0001 ps = 4.134138 a.u.
2025-11-06 12:02:23 | INFO |   Runtime: 3000.0 ps = 30000000 steps
2025-11-06 12:02:23 | INFO |   Steps per ps: 10000.0
2025-11-06 12:02:23 | INFO | Output periods (steps):
2025-11-06 12:02:23 | INFO |   Energy: 100 (0.010 ps)
2025-11-06 12:02:23 | INFO |   F(k,t): 10000 (1.000 ps)
2025-11-06 12:02:23 | INFO |   GSD: 10000 (1.000 ps)
2025-11-06 12:02:23 | INFO |   Console: 10000 (1.000 ps)
2025-11-06 12:02:23 | INFO | Initializing simulation on CPU
2025-11-06 12:02:23 | INFO | Using user-specified seed: 0
2025-11-06 12:02:23 | INFO | Cavity particle already exists in GSD file (1 found)
2025-11-06 12:02:23 | INFO | Simulation state created from original GSD file with existing cavity particle
2025-11-06 12:02:23 | INFO | Cavity particle validated at index 500, position HOOMDArray([4.25469732 0.75171793 2.80760098])
2025-11-06 12:02:23 | INFO | === Phase 1.5: Setting up time tracker ===
2025-11-06 12:02:23 | INFO | === Phase 2: Configuring forces and thermostats ===
2025-11-06 12:02:23 | INFO | Using lambda_coupling=0.042 (will be scaled by omega_c=0.009386 a.u.)
2025-11-06 12:02:23 | INFO | Using constant coupling: lambda=0.042, epsilon=3.942141e-04 a.u.
CavityForce initialized using cpp implementation
  Using constant lambda coupling: 0.042 (dimensionless)
  Effective epsilon: 3.942141e-04 a.u.
2025-11-06 12:02:23 | INFO | Thermostat time constant conversions:
2025-11-06 12:02:23 | INFO |   Molecular: 1.000 ps = 41341.378917 a.u.
2025-11-06 12:02:23 | INFO |   Cavity: 1.000 ps = 41341.378917 a.u.
2025-11-06 12:02:23 | INFO | Running molecular system with Bussi thermostat (NVT ensemble)
2025-11-06 12:02:23 | INFO | Molecular Bussi thermostat configured: T = 100.0 K, kT = 0.000317 a.u., tau = 1.000 ps
2025-11-06 12:02:23 | INFO | Running cavity with Langevin thermostat
2025-11-06 12:02:23 | INFO | Cavity Langevin thermostat configured: T = 100.0 K, kT = 0.000317 a.u.
2025-11-06 12:02:23 | INFO |   base_gamma = 0.000024 a.u.^-1 (tau = 1.000 ps)
2025-11-06 12:02:23 | INFO |   effective_gamma = 0.000024 a.u.^-1 (damping_factor = 1.0x)
2025-11-06 12:02:23 | INFO | === Phase 3: Setting up integrator and thermalization ===
2025-11-06 12:02:23 | INFO | Integrator configured with initial dt = 4.134138 a.u. (0.000100 ps)
2025-11-06 12:02:23 | INFO | Number of integration methods: 2
2025-11-06 12:02:23 | INFO | CavityParticleDisplacer not needed (constant coupling or q=0 mode)
2025-11-06 12:02:23 | INFO | Using seed 1 for thermalization randomness
2025-11-06 12:02:23 | INFO | Thermalized molecular particles using HOOMD State object
2025-11-06 12:02:23 | INFO | Cavity particle manually thermalized:
2025-11-06 12:02:23 | INFO |   Target temperature: 100.0 K
2025-11-06 12:02:23 | INFO |   Initial velocity: [ 0.02890696 -0.01088686 -0.00939938]
2025-11-06 12:02:23 | INFO |   Expected KE: 0.000521 a.u.
2025-11-06 12:02:23 | INFO |   Expected temperature: 109.7 K
2025-11-06 12:02:23 | INFO |   Using array module: numpy
2025-11-06 12:02:23 | INFO | Checking molecular system temperature after thermalization:
2025-11-06 12:02:23 | INFO |   Number of molecular particles: 500
2025-11-06 12:02:23 | INFO |   Total kinetic energy: 0.233433 a.u.
2025-11-06 12:02:23 | INFO |   Current temperature: 98.3 K
2025-11-06 12:02:23 | INFO | Thermalization completed - velocities properly initialized
2025-11-06 12:02:23 | INFO | === Phase 4: Setting up trackers and loggers ===
2025-11-06 12:02:23 | INFO | Setting up adaptive timestep updater (error_tolerance = 2.0)
Dynamic coupling change detection enabled
Coupling change threshold: ±1.00e-05 a.u.
Shock dampening: error_tolerance drops to 2.00e-10 (factor: 1.00e-10)
Recovery: exponential ramp to 2.00e+00 with τ = 1000.0 ps
Conservative timestep parameters:
  Change threshold: 10.0%
  Max change factor: 1.5
  Min update interval: 1000 steps
  Switch detection tolerance: 0.001 ps
2025-11-06 12:02:23 | INFO | Adaptive timestep updater enabled (check every 1 steps)
CavityForceCompute initialized: omegac=0.00938605 a.u., lambda_coupling=0.042 (dimensionless, from variant), K=8.80979e-05 a.u.
CPU CavityForceCompute initialized successfully
notice(2): charge.pppm: RMS error: 2.31675e-08
NOTICE: Starting from inherited timestep 36450000
  Elapsed time will start from 0, not from inherited simulation time
DEBUG @ t=36450000: current_coupling=0.042, last=None
DEBUG: First coupling check - stored value: 0.042
2025-11-06 12:02:23 | INFO |   Added detailed BussiReservoir energy tracking for method 0
2025-11-06 12:02:23 | INFO |   Added energy tracking for cavityforce
2025-11-06 12:02:23 | INFO |   Added detailed cavity energy components
2025-11-06 12:02:23 | INFO |   Added energy tracking for harmonic
2025-11-06 12:02:23 | INFO |   Added energy tracking for lj
2025-11-06 12:02:23 | INFO |   Added energy tracking for ewald
2025-11-06 12:02:23 | INFO |   Added energy tracking for coulomb
2025-11-06 12:02:23 | INFO | Energy tracking setup completed: 0 methods, 5 forces
2025-11-06 12:02:23 | INFO | Setting up energy tracker with output file: prod-478_energy_tracker.txt
2025-11-06 12:02:23 | INFO | Energy tracker configuration:
2025-11-06 12:02:23 | INFO |   Using time-based output: 0.010 ps
2025-11-06 12:02:23 | INFO |   Max output time: 250.000 ps
2025-11-06 12:02:23 | INFO | Energy tracker configuration:
2025-11-06 12:02:23 | INFO |   Force objects: ['cavity', 'harmonic', 'lj', 'ewald_short', 'ewald_long']
2025-11-06 12:02:23 | INFO |   Thermostat objects: ['bussi_molecular', 'langevin_cavity']
2025-11-06 12:02:23 | INFO |   Using internal kinetic computation (no external tracker needed)
2025-11-06 12:02:23 | INFO |  Energy tracker setup completed with time-based output:
2025-11-06 12:02:23 | INFO |   Output period: 0.010 ps (accurate timing)
2025-11-06 12:02:23 | INFO |   Tracker handles timing internally using ElapsedTimeTracker
2025-11-06 12:02:23 | INFO |   Output limited to 250.000 ps
2025-11-06 12:02:23 | INFO | Setting up F(k,t) density correlation tracker
2025-11-06 12:02:23 | INFO |   k magnitude: 1.00
2025-11-06 12:02:23 | INFO |   Number of wavevectors: 50
2025-11-06 12:02:23 | INFO |   Reference interval: 200.000 ps
2025-11-06 12:02:23 | INFO |   Max references: 20
2025-11-06 12:02:23 | INFO |   Output period: 1.000 ps
2025-11-06 12:02:23 | INFO |   Using time-based reference intervals for adaptive timestep compatibility
2025-11-06 12:02:23 | INFO |   Reference interval: 200.000 ps
2025-11-06 12:02:23 | INFO |   Trigger period: 1 step
2025-11-06 12:02:23 | INFO |   Logarithmic time spacing: DISABLED (regular spacing)
FieldAutocorrelationTracker initialized for density_correlation
  k-magnitude: 1.0
  Wavevectors: 50
  Reference interval: 200.0 ps
  Max references: 20
2025-11-06 12:02:23 | INFO |  F(k,t) tracker successfully enabled with time-based output:
2025-11-06 12:02:23 | INFO |   Output period: 1.000 ps (accurate timing)
2025-11-06 12:02:23 | INFO |   Reference interval: 200.000 ps
2025-11-06 12:02:23 | INFO |   Tracker handles timing internally using ElapsedTimeTracker
2025-11-06 12:02:23 | INFO | Setting up dipole autocorrelation tracker...
2025-11-06 12:02:23 | INFO |   Reference interval: 200.000 ps
2025-11-06 12:02:23 | INFO |   Max references: 20
2025-11-06 12:02:23 | INFO |   Output period: 0.010 ps
2025-11-06 12:02:23 | INFO |   Using time-based reference intervals for adaptive timestep compatibility
2025-11-06 12:02:23 | INFO |   Reference interval: 200.000 ps
2025-11-06 12:02:23 | INFO |   Trigger period: 1 step
2025-11-06 12:02:23 | WARNING | Could not set up dipole autocorrelation tracker: Can't instantiate abstract class AutocorrelationTracker without an implementation for abstract method 'act'
2025-11-06 12:02:23 | INFO | Momentum zeroing disabled
2025-11-06 12:02:23 | INFO |  TRACKING AND LOGGING SETUP COMPLETED:
2025-11-06 12:02:23 | INFO |   All output systems now use precise time-based periods
2025-11-06 12:02:23 | INFO |  Comprehensive temperature tracker enabled
2025-11-06 12:02:23 | INFO |   Output file: temperature_tracker_replica_478.csv
2025-11-06 12:02:23 | INFO |   Output period: 0.1 ps
2025-11-06 12:02:23 | INFO |   Tracking: kinetic, harmonic fictive, LJ+Coul fictive, cavity bath, molecular bath
2025-11-06 12:02:23 | INFO |   Empirical data: None (LJ+Coul fictive temp will be 0)
2025-11-06 12:02:23 | INFO | 
============================================================
2025-11-06 12:02:23 | INFO | HDF5 OBSERVABLE OUTPUT CONFIGURATION
2025-11-06 12:02:23 | INFO | ============================================================
2025-11-06 12:02:23 | INFO | Output file: observables_replica_478.h5
2025-11-06 12:02:23 | INFO | Output period: 0.010 ps
2025-11-06 12:02:23 | INFO | SWMR mode: Enabled (concurrent read access)
2025-11-06 12:02:23 | INFO | ============================================================

✓ HDF5 file structure created: observables_replica_478.h5
ObservableWriter initialized:
  Output file: observables_replica_478.h5
  Output period: 0.01 ps
  Chunk size: 1000
  Compression: gzip
  SWMR mode: True
  Flush interval: 10
✓ Energy tracker registered (18 components)
2025-11-06 12:02:23 | INFO |   Registered energy tracker for HDF5 output
✓ Temperature tracker registered (6 components)
2025-11-06 12:02:23 | INFO |   Registered temperature tracker for HDF5 output
2025-11-06 12:02:23 | INFO | ✓ HDF5 observable output enabled

2025-11-06 12:02:23 | INFO | Advanced features enabled: detailed energy tracking (0.010 ps), F(k,t) density correlation (1.000 ps, k=1.0), dipole autocorrelation (0.010 ps), adaptive timestep control, comprehensive temperature tracker (0.1 ps), HDF5 observable output (0.010 ps)
2025-11-06 12:02:23 | INFO | Console output: 1.000 ps periods (time-based)
2025-11-06 12:02:23 | INFO |   Works accurately for both adaptive and fixed timestep modes
2025-11-06 12:02:23 | INFO | DEBUG: PID controller NOT enabled (enable_pid_controller=False)
2025-11-06 12:02:23 | INFO | === Phase 5: Setting up output writers ===
2025-11-06 12:02:23 | INFO | GSD output setup for adaptive timestep mode:
2025-11-06 12:02:23 | INFO |   GSD trigger: every 1000 steps (target: 1.000 ps)
2025-11-06 12:02:23 | INFO |   Note: GSD timing may vary slightly due to adaptive timestep changes
2025-11-06 12:02:23 | INFO | GSD writer added for file: prod-478.gsd
2025-11-06 12:02:23 | INFO |   GSD output period: 1.000 ps
2025-11-06 12:02:23 | INFO |   GSD truncate mode: False (append to existing file)
2025-11-06 12:02:23 | INFO |  Console output setup completed:
2025-11-06 12:02:23 | INFO |   Output period: 1.000 ps (accurate time-based)
2025-11-06 12:02:23 | INFO |   Lambda coupling column: 4.200000e-02 (dimensionless) (displayed in real-time)
2025-11-06 12:02:23 | INFO |   Console tracker handles timing internally using ElapsedTimeTracker
2025-11-06 12:02:23 | INFO |   Works accurately for both adaptive and fixed timestep modes
2025-11-06 12:02:23 | INFO |  FIXED: Console output now uses precise time-based logic
2025-11-06 12:02:23 | INFO |   Both console and energy tracker use accurate timing
2025-11-06 12:02:23 | INFO |   GSD output timing may vary slightly but is less critical
2025-11-06 12:02:23 | INFO | === Phase 6: Running simulation ===
2025-11-06 12:02:23 | INFO | Starting adaptive timestep simulation for 3000.0 ps
2025-11-06 12:02:23 | INFO | Using max steps: 999999999 (will exit when runtime reached)
2025-11-06 12:02:23 | INFO | Initial timestep: 37.207870 a.u. (0.900 fs)
2025-11-06 12:02:23 | INFO | Timestep will adapt dynamically (error_tolerance = 2.0)
Added F(k,t) reference 0 at t = 0.001 ps
[HDF5 Writer DEBUG] timestep=36450001, current_time_ps=0.001, last_output_time=None, write_count=0
[HDF5 Writer DEBUG] Writing data point 0 at time 0.001 ps
[HDF5 Writer DEBUG] timestep=36450002, current_time_ps=0.002, last_output_time=0.0009000152066858823, write_count=1
[HDF5 Writer DEBUG] Skipping output: not time yet (current=0.002, last=0.0009000152066858823, period=0.01)
[HDF5 Writer DEBUG] timestep=36450003, current_time_ps=0.003, last_output_time=0.0009000152066858823, write_count=1
[HDF5 Writer DEBUG] Skipping output: not time yet (current=0.003, last=0.0009000152066858823, period=0.01)
[HDF5 Writer DEBUG] timestep=36450004, current_time_ps=0.004, last_output_time=0.0009000152066858823, write_count=1
[HDF5 Writer DEBUG] Skipping output: not time yet (current=0.004, last=0.0009000152066858823, period=0.01)
[HDF5 Writer DEBUG] timestep=36450005, current_time_ps=0.005, last_output_time=0.0009000152066858823, write_count=1
[HDF5 Writer DEBUG] Skipping output: not time yet (current=0.005, last=0.0009000152066858823, period=0.01)
[HDF5 Writer DEBUG] timestep=36450006, current_time_ps=0.005, last_output_time=0.0009000152066858823, write_count=1
[HDF5 Writer DEBUG] Skipping output: not time yet (current=0.005, last=0.0009000152066858823, period=0.01)
[HDF5 Writer DEBUG] timestep=36450007, current_time_ps=0.006, last_output_time=0.0009000152066858823, write_count=1
[HDF5 Writer DEBUG] Skipping output: not time yet (current=0.006, last=0.0009000152066858823, period=0.01)
[HDF5 Writer DEBUG] timestep=36450008, current_time_ps=0.007, last_output_time=0.0009000152066858823, write_count=1
[HDF5 Writer DEBUG] Skipping output: not time yet (current=0.007, last=0.0009000152066858823, period=0.01)
[HDF5 Writer DEBUG] timestep=36450009, current_time_ps=0.008, last_output_time=0.0009000152066858823, write_count=1
[HDF5 Writer DEBUG] Skipping output: not time yet (current=0.008, last=0.0009000152066858823, period=0.01)
[HDF5 Writer DEBUG] timestep=36450010, current_time_ps=0.009, last_output_time=0.0009000152066858823, write_count=1
[HDF5 Writer DEBUG] Skipping output: not time yet (current=0.009, last=0.0009000152066858823, period=0.01)
[HDF5 Writer DEBUG] timestep=36450011, current_time_ps=0.010, last_output_time=0.0009000152066858823, write_count=1
[HDF5 Writer DEBUG] Skipping output: not time yet (current=0.010, last=0.0009000152066858823, period=0.01)
[HDF5 Writer DEBUG] timestep=36450012, current_time_ps=0.011, last_output_time=0.0009000152066858823, write_count=1
[HDF5 Writer DEBUG] Skipping output: not time yet (current=0.011, last=0.0009000152066858823, period=0.01)
[HDF5 Writer DEBUG] timestep=36450013, current_time_ps=0.012, last_output_time=0.0009000152066858823, write_count=1
[HDF5 Writer DEBUG] Writing data point 1 at time 0.012 ps
[HDF5 Writer DEBUG] timestep=36450014, current_time_ps=0.013, last_output_time=0.011700197686916472, write_count=2
[HDF5 Writer DEBUG] Skipping output: not time yet (current=0.013, last=0.011700197686916472, period=0.01)
[HDF5 Writer DEBUG] timestep=36450015, current_time_ps=0.014, last_output_time=0.011700197686916472, write_count=2
[HDF5 Writer DEBUG] Skipping output: not time yet (current=0.014, last=0.011700197686916472, period=0.01)
[HDF5 Writer DEBUG] timestep=36450016, current_time_ps=0.014, last_output_time=0.011700197686916472, write_count=2
[HDF5 Writer DEBUG] Skipping output: not time yet (current=0.014, last=0.011700197686916472, period=0.01)
[HDF5 Writer DEBUG] timestep=36450017, current_time_ps=0.015, last_output_time=0.011700197686916472, write_count=2
[HDF5 Writer DEBUG] Skipping output: not time yet (current=0.015, last=0.011700197686916472, period=0.01)
[HDF5 Writer DEBUG] timestep=36450018, current_time_ps=0.016, last_output_time=0.011700197686916472, write_count=2
[HDF5 Writer DEBUG] Skipping output: not time yet (current=0.016, last=0.011700197686916472, period=0.01)
[HDF5 Writer DEBUG] timestep=36450019, current_time_ps=0.017, last_output_time=0.011700197686916472, write_count=2
[HDF5 Writer DEBUG] Skipping output: not time yet (current=0.017, last=0.011700197686916472, period=0.01)
[HDF5 Writer DEBUG] timestep=36450020, current_time_ps=0.018, last_output_time=0.011700197686916472, write_count=2
[HDF5 Writer DEBUG] Skipping output: not time yet (current=0.018, last=0.011700197686916472, period=0.01)
[HDF5 Writer DEBUG] timestep=36450021, current_time_ps=0.019, last_output_time=0.011700197686916472, write_count=2
[HDF5 Writer DEBUG] Skipping output: not time yet (current=0.019, last=0.011700197686916472, period=0.01)
[HDF5 Writer DEBUG] timestep=36450022, current_time_ps=0.020, last_output_time=0.011700197686916472, write_count=2
[HDF5 Writer DEBUG] Skipping output: not time yet (current=0.020, last=0.011700197686916472, period=0.01)
[HDF5 Writer DEBUG] timestep=36450023, current_time_ps=0.021, last_output_time=0.011700197686916472, write_count=2
[HDF5 Writer DEBUG] Skipping output: not time yet (current=0.021, last=0.011700197686916472, period=0.01)
[HDF5 Writer DEBUG] timestep=36450024, current_time_ps=0.022, last_output_time=0.011700197686916472, write_count=2
[HDF5 Writer DEBUG] Skipping output: not time yet (current=0.022, last=0.011700197686916472, period=0.01)
[HDF5 Writer DEBUG] timestep=36450025, current_time_ps=0.023, last_output_time=0.011700197686916472, write_count=2
[HDF5 Writer DEBUG] Writing data point 2 at time 0.023 ps
✓ SWMR mode enabled - file can now be read concurrently
Simulation.timestep  Simulation.tps Time.elapsed_ps Performance.ns_per_day Performance.eta   Cavity.lambda Adaptive.error_tolerance
       36451127        66.35077         1.00035            4.98        14:27:01        4.20e-02        2.00e+00
       36452434        66.51622         2.00044            4.68        15:23:06        4.20e-02        2.00e+00
       36453758        66.60203         3.00078            4.57        15:45:17        4.20e-02        2.00e+00
       36454967        66.62237         4.00094            4.61        15:35:05        4.20e-02        2.00e+00
       36456196        66.63860         5.00156            4.63        15:31:35        4.20e-02        2.00e+00
       36457551        66.69023         6.00162            4.57        15:44:25        4.20e-02        2.00e+00
       36458947        66.77893         7.00223            4.50        15:57:03        4.20e-02        2.00e+00
DEBUG @ t=36460000: current_coupling=0.042, last=0.042
       36460207        66.82174         8.00233            4.52        15:54:07        4.20e-02        2.00e+00
       36461550        66.95323         9.00294            4.50        15:57:12        4.20e-02        2.00e+00
       36462758        66.96596        10.00357            4.53        15:50:53        4.20e-02        2.00e+00
       36464087        66.98505        11.00399            4.51        15:53:42        4.20e-02        2.00e+00
       36465500        67.23801        12.00434            4.49        15:57:50        4.20e-02        2.00e+00
       36466803        67.44079        13.00475            4.50        15:55:10        4.20e-02        2.00e+00
       36468146        67.62796        14.00514            4.50        15:54:45        4.20e-02        2.00e+00
       36469371        67.73243        15.00567            4.53        15:49:23        4.20e-02        2.00e+00
DEBUG @ t=36470000: current_coupling=0.042, last=0.042
       36470652        67.84600        16.00587            4.54        15:46:56        4.20e-02        2.00e+00
       36471833        67.88646        17.00620            4.56        15:41:16        4.20e-02        2.00e+00
       36473136        67.94356        18.00633            4.56        15:40:52        4.20e-02        2.00e+00
       36474480        68.01369        19.00693            4.56        15:41:47        4.20e-02        2.00e+00
       36475779        68.07912        20.00758            4.56        15:40:53        4.20e-02        2.00e+00
       36477044        68.16166        21.00780            4.57        15:38:34        4.20e-02        2.00e+00
       36478289        68.16530        22.00803            4.58        15:36:45        4.20e-02        2.00e+00
       36479503        68.18824        23.00846            4.59        15:33:49        4.20e-02        2.00e+00
DEBUG @ t=36480000: current_coupling=0.042, last=0.042
       36480765        68.21142        24.00918            4.60        15:32:30        4.20e-02        2.00e+00
       36481955        68.24851        25.01002            4.61        15:28:58        4.20e-02        2.00e+00
       36483111        68.27863        26.01014            4.63        15:24:49        4.20e-02        2.00e+00
       36484348        68.27872        27.01069            4.64        15:23:30        4.20e-02        2.00e+00
       36485587        68.27948        28.01083            4.64        15:22:18        4.20e-02        2.00e+00
       36486824        68.29620        29.01091            4.65        15:20:54        4.20e-02        2.00e+00
       36488097        68.31353        30.01126            4.65        15:20:25        4.20e-02        2.00e+00
       36489304        68.32780        31.01178            4.66        15:18:25        4.20e-02        2.00e+00
DEBUG @ t=36490000: current_coupling=0.042, last=0.042
       36490515        68.32697        32.01206            4.66        15:16:49        4.20e-02        2.00e+00
       36491685        68.30939        33.01209            4.67        15:14:38        4.20e-02        2.00e+00
       36492877        68.30207        34.01215            4.68        15:12:54        4.20e-02        2.00e+00
       36493963        68.31060        35.01285            4.70        15:08:50        4.20e-02        2.00e+00
       36495213        68.34095        36.01351            4.70        15:07:59        4.20e-02        2.00e+00
       36496351        68.34840        37.01429            4.71        15:05:15        4.20e-02        2.00e+00
       36497504        68.36570        38.01454            4.72        15:02:49        4.20e-02        2.00e+00
       36498727        68.38441        39.01511            4.73        15:01:45        4.20e-02        2.00e+00
       36499851        68.39565        40.01530            4.74        14:59:02        4.20e-02        2.00e+00
DEBUG @ t=36500000: current_coupling=0.042, last=0.042
[HDF5 Writer DEBUG] timestep=36500000, current_time_ps=40.151, last_output_time=40.14534710604832, write_count=3863
       36501112        68.42426        41.01539            4.74        14:58:36        4.20e-02        2.00e+00
       36502253        68.44686        42.01622            4.75        14:56:10        4.20e-02        2.00e+00
       36503384        68.45604        43.01695            4.76        14:53:50        4.20e-02        2.00e+00
       36504512        68.46283        44.01734            4.77        14:51:35        4.20e-02        2.00e+00
       36505656        68.46752        45.01757            4.78        14:49:42        4.20e-02        2.00e+00
       36506822        68.47766        46.01776            4.79        14:48:09        4.20e-02        2.00e+00
       36507965        68.48241        47.01823            4.80        14:46:22        4.20e-02        2.00e+00
       36509116        68.48475        48.01827            4.80        14:44:48        4.20e-02        2.00e+00
DEBUG @ t=36510000: current_coupling=0.042, last=0.042
       36510252        68.49604        49.01844            4.81        14:42:57        4.20e-02        2.00e+00
       36511457        68.49311        50.01853            4.81        14:42:21        4.20e-02        2.00e+00
       36512663        68.48599        51.01868            4.82        14:41:48        4.20e-02        2.00e+00
       36513946        68.48117        52.01938            4.81        14:42:18        4.20e-02        2.00e+00
       36515183        68.48198        53.01979            4.81        14:42:05        4.20e-02        2.00e+00
       36516329        68.48501        54.01985            4.82        14:40:38        4.20e-02        2.00e+00
       36517554        68.48054        55.02047            4.82        14:40:20        4.20e-02        2.00e+00
       36518714        68.47931        56.02124            4.82        14:39:10        4.20e-02        2.00e+00
       36519967        68.47895        57.02154            4.82        14:39:12        4.20e-02        2.00e+00
DEBUG @ t=36520000: current_coupling=0.042, last=0.042
       36521114        68.47479        58.02237            4.83        14:37:56        4.20e-02        2.00e+00
       36522330        68.48747        59.02245            4.83        14:37:21        4.20e-02        2.00e+00
       36523558        68.50016        60.02276            4.83        14:36:55        4.20e-02        2.00e+00
       36524641        68.50532        61.02316            4.84        14:34:52        4.20e-02        2.00e+00
       36525741        68.50820        62.02322            4.85        14:33:07        4.20e-02        2.00e+00
       36526808        68.51185        63.02405            4.86        14:31:00        4.20e-02        2.00e+00
       36528016        68.51607        64.02427            4.86        14:30:32        4.20e-02        2.00e+00
       36529166        68.51827        65.02463            4.86        14:29:27        4.20e-02        2.00e+00
DEBUG @ t=36530000: current_coupling=0.042, last=0.042
       36530422        68.51963        66.02493            4.86        14:29:32        4.20e-02        2.00e+00
       36531619        68.52446        67.02546            4.86        14:28:57        4.20e-02        2.00e+00
       36532748        68.52300        68.02606            4.87        14:27:43        4.20e-02        2.00e+00
       36533920        68.52480        69.02674            4.87        14:26:56        4.20e-02        2.00e+00
       36535144        68.52289        70.02693            4.87        14:26:44        4.20e-02        2.00e+00
       36536260        68.53358        71.02721            4.87        14:25:18        4.20e-02        2.00e+00
       36537364        68.53055        72.02803            4.88        14:23:56        4.20e-02        2.00e+00
       36538505        68.53114        73.02847            4.88        14:22:56        4.20e-02        2.00e+00
       36539674        68.53219        74.02933            4.89        14:22:11        4.20e-02        2.00e+00
DEBUG @ t=36540000: current_coupling=0.042, last=0.042
       36540939        68.53389        75.02951            4.88        14:22:23        4.20e-02        2.00e+00
       36542066        68.54173        76.02975            4.89        14:21:11        4.20e-02        2.00e+00
       36543258        68.54967        77.03025            4.89        14:20:36        4.20e-02        2.00e+00
       36544425        68.54706        78.03045            4.89        14:19:57        4.20e-02        2.00e+00
       36545562        68.54326        79.03101            4.90        14:19:02        4.20e-02        2.00e+00
       36546663        68.54430        80.03156            4.90        14:17:45        4.20e-02        2.00e+00
       36547909        68.55626        81.03188            4.90        14:17:38        4.20e-02        2.00e+00
       36549018        68.55118        82.03197            4.91        14:16:33        4.20e-02        2.00e+00
DEBUG @ t=36550000: current_coupling=0.042, last=0.042
       36550241        68.54845        83.03266            4.90        14:16:25        4.20e-02        2.00e+00
       36551386        68.54438        84.03324            4.91        14:15:38        4.20e-02        2.00e+00
       36552540        68.54877        85.03358            4.91        14:14:51        4.20e-02        2.00e+00
       36553705        68.54429        86.03438            4.91        14:14:16        4.20e-02        2.00e+00
       36554836        68.54011        87.03487            4.92        14:13:24        4.20e-02        2.00e+00
       36556122        68.54920        88.03494            4.91        14:13:39        4.20e-02        2.00e+00
       36557220        68.54910        89.03518            4.92        14:12:30        4.20e-02        2.00e+00
       36558252        68.54981        90.03597            4.92        14:10:50        4.20e-02        2.00e+00
       36559362        68.54839        91.03639            4.93        14:09:50        4.20e-02        2.00e+00
DEBUG @ t=36560000: current_coupling=0.042, last=0.042
       36560617        68.54738        92.03707            4.93        14:09:58        4.20e-02        2.00e+00
       36561999        68.54663        93.03769            4.92        14:11:02        4.20e-02        2.00e+00
       36563336        68.54915        94.03795            4.91        14:11:43        4.20e-02        2.00e+00
       36564576        68.55257        95.03860            4.91        14:11:38        4.20e-02        2.00e+00
       36565720        68.55048        96.03877            4.91        14:10:54        4.20e-02        2.00e+00
       36566984        68.55418        97.03914            4.91        14:10:59        4.20e-02        2.00e+00
       36568263        68.55911        98.03937            4.91        14:11:10        4.20e-02        2.00e+00
       36569322        68.56065        99.03987            4.92        14:09:48        4.20e-02        2.00e+00
DEBUG @ t=36570000: current_coupling=0.042, last=0.042
       36570482        68.55895       100.04068            4.92        14:09:12        4.20e-02        2.00e+00
       36571658        68.55619       101.04129            4.92        14:08:44        4.20e-02        2.00e+00
       36572914        68.55591       102.04175            4.92        14:08:48        4.20e-02        2.00e+00
       36574072        68.55557       103.04182            4.92        14:08:11        4.20e-02        2.00e+00
       36575351        68.56127       104.04205            4.92        14:08:20        4.20e-02        2.00e+00
       36576571        68.56339       105.04259            4.92        14:08:06        4.20e-02        2.00e+00
       36577789        68.56869       106.04289            4.92        14:07:50        4.20e-02        2.00e+00
       36578923        68.57583       107.04306            4.92        14:06:59        4.20e-02        2.00e+00
DEBUG @ t=36580000: current_coupling=0.042, last=0.042
       36580089        68.57921       108.04313            4.92        14:06:23        4.20e-02        2.00e+00
       36581182        68.58446       109.04324            4.92        14:05:19        4.20e-02        2.00e+00
       36582273        68.60217       110.04390            4.93        14:04:05        4.20e-02        2.00e+00
       36583440        68.62747       111.04420            4.93        14:03:15        4.20e-02        2.00e+00
       36584593        68.64650       112.04473            4.94        14:02:25        4.20e-02        2.00e+00
       36585870        68.67888       113.04512            4.94        14:02:12        4.20e-02        2.00e+00
       36586931        68.69219       114.04590            4.94        14:00:52        4.20e-02        2.00e+00
       36588111        68.70351       115.04619            4.94        14:00:19        4.20e-02        2.00e+00
       36589369        68.71880       116.04665            4.94        14:00:10        4.20e-02        2.00e+00
DEBUG @ t=36590000: current_coupling=0.042, last=0.042
       36590471        68.72186       117.04746            4.95        13:59:15        4.20e-02        2.00e+00
       36591746        68.72978       118.04757            4.94        13:59:18        4.20e-02        2.00e+00
       36593010        68.74074       119.04824            4.94        13:59:14        4.20e-02        2.00e+00
       36594140        68.74526       120.04896            4.95        13:58:28        4.20e-02        2.00e+00
       36595329        68.74858       121.04897            4.95        13:58:04        4.20e-02        2.00e+00
       36596563        68.75116       122.04973            4.95        13:57:56        4.20e-02        2.00e+00
       36597834        68.75537       123.05041            4.94        13:57:59        4.20e-02        2.00e+00
       36599018        68.76131       124.05056            4.94        13:57:31        4.20e-02        2.00e+00
DEBUG @ t=36600000: current_coupling=0.042, last=0.042
[HDF5 Writer DEBUG] timestep=36600000, current_time_ps=124.844, last_output_time=124.83357879316993, write_count=11976
       36600252        68.78064       125.05126            4.95        13:57:10        4.20e-02        2.00e+00
       36601470        68.78489       126.05199            4.94        13:56:55        4.20e-02        2.00e+00
       36602718        68.79331       127.05255            4.94        13:56:46        4.20e-02        2.00e+00
       36603918        68.80409       128.05320            4.94        13:56:20        4.20e-02        2.00e+00
       36605107        68.82050       129.05352            4.95        13:55:46        4.20e-02        2.00e+00
       36606317        68.82954       130.05355            4.95        13:55:24        4.20e-02        2.00e+00
       36607526        68.83278       131.05405            4.95        13:55:06        4.20e-02        2.00e+00
       36608675        68.83760       132.05460            4.95        13:54:28        4.20e-02        2.00e+00
       36609910        68.84509       133.05482            4.95        13:54:16        4.20e-02        2.00e+00
DEBUG @ t=36610000: current_coupling=0.042, last=0.042
       36611124        68.85019       134.05545            4.95        13:53:58        4.20e-02        2.00e+00
       36612349        68.85471       135.05620            4.95        13:53:44        4.20e-02        2.00e+00
       36613472        68.86069       136.05682            4.95        13:52:58        4.20e-02        2.00e+00
       36614759        68.87569       137.05703            4.95        13:52:55        4.20e-02        2.00e+00
       36616015        68.88492       138.05708            4.95        13:52:47        4.20e-02        2.00e+00
       36617020        68.89442       139.05720            4.96        13:51:24        4.20e-02        2.00e+00
       36618278        68.90688       140.05763            4.95        13:51:14        4.20e-02        2.00e+00
       36619515        68.91192       141.05828            4.95        13:51:03        4.20e-02        2.00e+00
DEBUG @ t=36620000: current_coupling=0.042, last=0.042
       36620782        68.91717       142.05856            4.95        13:51:01        4.20e-02        2.00e+00
       36621999        68.91697       143.05862            4.95        13:50:48        4.20e-02        2.00e+00
       36623245        68.92410       144.05903            4.95        13:50:38        4.20e-02        2.00e+00
       36624486        68.92674       145.05969            4.95        13:50:29        4.20e-02        2.00e+00
       36625573        68.92799       146.06030            4.95        13:49:37        4.20e-02        2.00e+00
       36626723        68.93226       147.06077            4.96        13:49:02        4.20e-02        2.00e+00
       36627841        68.93326       148.06145            4.96        13:48:20        4.20e-02        2.00e+00
       36628941        68.93792       149.06158            4.96        13:47:31        4.20e-02        2.00e+00
DEBUG @ t=36630000: current_coupling=0.042, last=0.042
       36630107        68.94311       150.06190            4.96        13:47:00        4.20e-02        2.00e+00
       36631334        68.94855       151.06271            4.96        13:46:46        4.20e-02        2.00e+00
       36632497        68.95206       152.06302            4.96        13:46:16        4.20e-02        2.00e+00
       36633674        68.95211       153.06322            4.96        13:45:52        4.20e-02        2.00e+00
       36634833        68.95476       154.06323            4.97        13:45:22        4.20e-02        2.00e+00
       36635979        68.96061       155.06348            4.97        13:44:46        4.20e-02        2.00e+00
       36637132        68.97020       156.06352            4.97        13:44:09        4.20e-02        2.00e+00
       36638268        68.97551       157.06405            4.97        13:43:31        4.20e-02        2.00e+00
       36639512        68.97738       158.06449            4.97        13:43:24        4.20e-02        2.00e+00
DEBUG @ t=36640000: current_coupling=0.042, last=0.042
       36640815        68.97890       159.06521            4.97        13:43:32        4.20e-02        2.00e+00
       36641926        68.98345       160.06576            4.97        13:42:49        4.20e-02        2.00e+00
       36643134        68.98492       161.06658            4.97        13:42:32        4.20e-02        2.00e+00
       36644285        68.98697       162.06699            4.97        13:42:01        4.20e-02        2.00e+00
       36645432        68.98833       163.06773            4.97        13:41:29        4.20e-02        2.00e+00
       36646612        68.98627       164.06795            4.97        13:41:09        4.20e-02        2.00e+00
       36647791        68.98720       165.06796            4.97        13:40:46        4.20e-02        2.00e+00
       36648894        68.99110       166.06835            4.98        13:40:02        4.20e-02        2.00e+00
DEBUG @ t=36650000: current_coupling=0.042, last=0.042
       36650015        69.00169       167.06893            4.98        13:39:18        4.20e-02        2.00e+00
       36651123        69.00644       168.06926            4.98        13:38:35        4.20e-02        2.00e+00
       36652220        69.01707       169.07011            4.98        13:37:46        4.20e-02        2.00e+00
       36653236        69.01584       170.07021            4.99        13:36:46        4.20e-02        2.00e+00
       36654323        69.01583       171.07064            4.99        13:36:03        4.20e-02        2.00e+00
       36655377        69.01386       172.07126            5.00        13:35:13        4.20e-02        2.00e+00
       36656401        69.01231       173.07223            5.00        13:34:16        4.20e-02        2.00e+00
       36657518        69.01096       174.07249            5.00        13:33:42        4.20e-02        2.00e+00
       36658670        69.00879       175.07293            5.00        13:33:17        4.20e-02        2.00e+00
       36659865        69.01289       176.07368            5.00        13:32:57        4.20e-02        2.00e+00
DEBUG @ t=36660000: current_coupling=0.042, last=0.042
       36661046        69.01518       177.07417            5.00        13:32:36        4.20e-02        2.00e+00
       36662178        69.01421       178.07424            5.00        13:32:05        4.20e-02        2.00e+00
       36663284        69.01829       179.07492            5.01        13:31:25        4.20e-02        2.00e+00
       36664442        69.01751       180.07505            5.01        13:31:01        4.20e-02        2.00e+00
       36665611        69.01657       181.07526            5.01        13:30:39        4.20e-02        2.00e+00
       36666982        69.02415       182.07573            5.00        13:30:57        4.20e-02        2.00e+00
       36668327        69.02831       183.07593            5.00        13:31:11        4.20e-02        2.00e+00
       36669595        69.04807       184.07615            5.00        13:30:56        4.20e-02        2.00e+00
DEBUG @ t=36670000: current_coupling=0.042, last=0.042
       36670953        69.06304       185.07665            5.00        13:31:05        4.20e-02        2.00e+00
       36672190        69.06746       186.07675            5.00        13:30:54        4.20e-02        2.00e+00
       36673597        69.07100       187.07722            4.99        13:31:20        4.20e-02        2.00e+00
       36675041        69.08274       188.07777            4.99        13:31:48        4.20e-02        2.00e+00
       36676326        69.08848       189.07778            4.99        13:31:46        4.20e-02        2.00e+00
       36677629        69.09841       190.07848            4.98        13:31:44        4.20e-02        2.00e+00
       36678865        69.10119       191.07865            4.98        13:31:33        4.20e-02        2.00e+00
       36679939        69.09873       192.07890            4.99        13:30:51        4.20e-02        2.00e+00
DEBUG @ t=36680000: current_coupling=0.042, last=0.042
       36681261        69.09914       193.07975            4.98        13:30:59        4.20e-02        2.00e+00
       36682368        69.09942       194.08011            4.99        13:30:23        4.20e-02        2.00e+00
       36683431        69.09704       195.08080            4.99        13:29:39        4.20e-02        2.00e+00
       36684487        69.09653       196.08100            4.99        13:28:53        4.20e-02        2.00e+00
       36685765        69.10340       197.08145            4.99        13:28:47        4.20e-02        2.00e+00
       36686859        69.10572       198.08148            4.99        13:28:07        4.20e-02        2.00e+00
       36688152        69.11704       199.08196            4.99        13:28:02        4.20e-02        2.00e+00
SWITCH DETECTED at timestep 36689312: t = 200.000732 ps
  Forcing immediate timestep adjustment for shock dampening
Added F(k,t) reference 1 at t = 200.001 ps
       36689429        69.13106       200.08203            4.99        13:27:51        4.20e-02        2.00e+00
DEBUG @ t=36690000: current_coupling=0.042, last=0.042
       36690732        69.13871       201.08229            4.99        13:27:50        4.20e-02        2.00e+00
       36691838        69.13948       202.08275            4.99        13:27:13        4.20e-02        2.00e+00
       36693043        69.14084       203.08338            4.99        13:26:57        4.20e-02        2.00e+00
       36694094        69.14276       204.08343            4.99        13:26:09        4.20e-02        2.00e+00
       36695419        69.14588       205.08371            4.99        13:26:15        4.20e-02        2.00e+00
       36696614        69.14438       206.08452            4.99        13:25:58        4.20e-02        2.00e+00
       36697686        69.14312       207.08489            4.99        13:25:17        4.20e-02        2.00e+00
       36699021        69.14745       208.08501            4.99        13:25:24        4.20e-02        2.00e+00
DEBUG @ t=36700000: current_coupling=0.042, last=0.042
[HDF5 Writer DEBUG] timestep=36700000, current_time_ps=209.006, last_output_time=208.99750505348075, write_count=20062
       36700078        69.14788       209.08599            4.99        13:24:39        4.20e-02        2.00e+00
       36701118        69.14714       210.08625            5.00        13:23:52        4.20e-02        2.00e+00
       36702217        69.14476       211.08644            5.00        13:23:18        4.20e-02        2.00e+00
       36703248        69.14282       212.08723            5.00        13:22:31        4.20e-02        2.00e+00
       36704610        69.14462       213.08758            5.00        13:22:44        4.20e-02        2.00e+00
       36705944        69.14636       214.08810            5.00        13:22:51        4.20e-02        2.00e+00
       36707047        69.14802       215.08885            5.00        13:22:15        4.20e-02        2.00e+00
       36708386        69.15258       216.08944            5.00        13:22:22        4.20e-02        2.00e+00
       36709686        69.15447       217.08963            4.99        13:22:22        4.20e-02        2.00e+00
DEBUG @ t=36710000: current_coupling=0.042, last=0.042
       36710749        69.15709       218.09030            5.00        13:21:38        4.20e-02        2.00e+00
       36711830        69.16969       219.09072            5.00        13:20:51        4.20e-02        2.00e+00
       36713047        69.18489       220.09114            5.00        13:20:27        4.20e-02        2.00e+00
       36714149        69.18807       221.09133            5.00        13:19:51        4.20e-02        2.00e+00
       36715256        69.19414       222.09194            5.01        13:19:13        4.20e-02        2.00e+00
       36716353        69.19465       223.09212            5.01        13:18:38        4.20e-02        2.00e+00
       36717465        69.19578       224.09266            5.01        13:18:05        4.20e-02        2.00e+00
       36718518        69.19562       225.09296            5.01        13:17:23        4.20e-02        2.00e+00
       36719659        69.19582       226.09336            5.01        13:16:56        4.20e-02        2.00e+00
DEBUG @ t=36720000: current_coupling=0.042, last=0.042
       36720761        69.19394       227.09413            5.01        13:16:24        4.20e-02        2.00e+00
       36721904        69.19347       228.09493            5.01        13:15:58        4.20e-02        2.00e+00
       36723002        69.19189       229.09584            5.02        13:15:26        4.20e-02        2.00e+00
       36724076        69.19070       230.09614            5.02        13:14:49        4.20e-02        2.00e+00
       36725173        69.19533       231.09695            5.02        13:14:12        4.20e-02        2.00e+00
       36726167        69.19918       232.09764            5.02        13:13:18        4.20e-02        2.00e+00
       36727222        69.19983       233.09812            5.03        13:12:37        4.20e-02        2.00e+00
       36728284        69.19873       234.09829            5.03        13:11:59        4.20e-02        2.00e+00
       36729287        69.19788       235.09884            5.03        13:11:10        4.20e-02        2.00e+00
DEBUG @ t=36730000: current_coupling=0.042, last=0.042
       36730327        69.19887       236.09911            5.04        13:10:27        4.20e-02        2.00e+00
       36731466        69.19858       237.09986            5.04        13:10:02        4.20e-02        2.00e+00
       36732532        69.19858       238.10071            5.04        13:09:24        4.20e-02        2.00e+00
       36733539        69.19818       239.10074            5.04        13:08:38        4.20e-02        2.00e+00
       36734671        69.20027       240.10149            5.04        13:08:10        4.20e-02        2.00e+00
       36735771        69.19964       241.10222            5.04        13:07:39        4.20e-02        2.00e+00
       36736846        69.19878       242.10278            5.05        13:07:04        4.20e-02        2.00e+00
       36737996        69.19994       243.10320            5.05        13:06:40        4.20e-02        2.00e+00
       36739075        69.20231       244.10341            5.05        13:06:04        4.20e-02        2.00e+00
DEBUG @ t=36740000: current_coupling=0.042, last=0.042
       36740104        69.20535       245.10394            5.05        13:05:20        4.20e-02        2.00e+00
       36741200        69.20767       246.10437            5.05        13:04:47        4.20e-02        2.00e+00
       36742327        69.21182       247.10504            5.05        13:04:18        4.20e-02        2.00e+00
       36743373        69.21421       248.10507            5.06        13:03:37        4.20e-02        2.00e+00
       36744546        69.21675       249.10520            5.06        13:03:17        4.20e-02        2.00e+00
       36745569        69.21797       250.10566            5.06        13:02:33        4.20e-02        2.00e+00
       36746543        69.21950       251.10642            5.06        13:01:42        4.20e-02        2.00e+00
       36747656        69.22258       252.10726            5.07        13:01:12        4.20e-02        2.00e+00
       36748752        69.22909       253.10789            5.07        13:00:37        4.20e-02        2.00e+00
       36749804        69.23438       254.10791            5.07        12:59:56        4.20e-02        2.00e+00
DEBUG @ t=36750000: current_coupling=0.042, last=0.042
       36750913        69.24628       255.10864            5.07        12:59:20        4.20e-02        2.00e+00
       36752022        69.25008       256.10951            5.07        12:58:49        4.20e-02        2.00e+00
       36753184        69.25580       257.10961            5.07        12:58:26        4.20e-02        2.00e+00
       36754226        69.25939       258.10994            5.08        12:57:45        4.20e-02        2.00e+00
       36755348        69.26470       259.11018            5.08        12:57:16        4.20e-02        2.00e+00
       36756420        69.27434       260.11088            5.08        12:56:36        4.20e-02        2.00e+00
       36757489        69.28240       261.11152            5.08        12:55:57        4.20e-02        2.00e+00
       36758715        69.29222       262.11233            5.08        12:55:41        4.20e-02        2.00e+00
       36759922        69.29786       263.11290            5.08        12:55:24        4.20e-02        2.00e+00
DEBUG @ t=36760000: current_coupling=0.042, last=0.042
       36760983        69.30167       264.11298            5.08        12:54:47        4.20e-02        2.00e+00
       36762032        69.30486       265.11379            5.09        12:54:09        4.20e-02        2.00e+00
       36763254        69.31253       266.11388            5.09        12:53:53        4.20e-02        2.00e+00
       36764266        69.31491       267.11439            5.09        12:53:10        4.20e-02        2.00e+00
       36765289        69.31588       268.11482            5.09        12:52:30        4.20e-02        2.00e+00
       36766377        69.31787       269.11496            5.09        12:51:59        4.20e-02        2.00e+00
       36767483        69.31931       270.11510            5.10        12:51:30        4.20e-02        2.00e+00
       36768672        69.32258       271.11539            5.10        12:51:13        4.20e-02        2.00e+00
       36769903        69.32773       272.11619            5.09        12:51:01        4.20e-02        2.00e+00
DEBUG @ t=36770000: current_coupling=0.042, last=0.042
       36771002        69.33203       273.11702            5.10        12:50:30        4.20e-02        2.00e+00
       36772069        69.33463       274.11793            5.10        12:49:55        4.20e-02        2.00e+00
       36773269        69.33848       275.11831            5.10        12:49:39        4.20e-02        2.00e+00
       36774409        69.34138       276.11860            5.10        12:49:15        4.20e-02        2.00e+00
       36775461        69.34410       277.11896            5.10        12:48:39        4.20e-02        2.00e+00
       36776491        69.34773       278.11971            5.10        12:47:59        4.20e-02        2.00e+00
       36777553        69.35049       279.12010            5.11        12:47:25        4.20e-02        2.00e+00
       36778681        69.35392       280.12044            5.11        12:46:59        4.20e-02        2.00e+00
       36779793        69.35674       281.12123            5.11        12:46:31        4.20e-02        2.00e+00
DEBUG @ t=36780000: current_coupling=0.042, last=0.042
       36780793        69.35940       282.12162            5.11        12:45:49        4.20e-02        2.00e+00
       36781822        69.36234       283.12229            5.11        12:45:10        4.20e-02        2.00e+00
       36782893        69.36534       284.12289            5.11        12:44:37        4.20e-02        2.00e+00
       36783931        69.36802       285.12367            5.12        12:44:00        4.20e-02        2.00e+00
       36784960        69.37090       286.12432            5.12        12:43:21        4.20e-02        2.00e+00
       36786027        69.37372       287.12513            5.12        12:42:48        4.20e-02        2.00e+00
       36787136        69.37599       288.12534            5.12        12:42:22        4.20e-02        2.00e+00
       36788120        69.37867       289.12621            5.13        12:41:38        4.20e-02        2.00e+00
       36789080        69.38071       290.12681            5.13        12:40:51        4.20e-02        2.00e+00
DEBUG @ t=36790000: current_coupling=0.042, last=0.042
       36790111        69.38266       291.12739            5.13        12:40:14        4.20e-02        2.00e+00
       36791235        69.38606       292.12778            5.13        12:39:49        4.20e-02        2.00e+00
       36792449        69.39199       293.12784            5.13        12:39:35        4.20e-02        2.00e+00
       36793494        69.39603       294.12825            5.13        12:38:59        4.20e-02        2.00e+00
       36794524        69.39850       295.12873            5.14        12:38:22        4.20e-02        2.00e+00
       36795624        69.40529       296.12888            5.14        12:37:52        4.20e-02        2.00e+00
       36796737        69.40876       297.12951            5.14        12:37:26        4.20e-02        2.00e+00
       36797773        69.41133       298.12972            5.14        12:36:50        4.20e-02        2.00e+00
       36798815        69.41516       299.13026            5.14        12:36:14        4.20e-02        2.00e+00
       36799834        69.41847       300.13090            5.15        12:35:36        4.20e-02        2.00e+00
DEBUG @ t=36800000: current_coupling=0.042, last=0.042
[HDF5 Writer DEBUG] timestep=36800000, current_time_ps=300.298, last_output_time=300.28932906332335, write_count=28791
       36800891        69.42246       301.13129            5.15        12:35:03        4.20e-02        2.00e+00
       36802026        69.42666       302.13207            5.15        12:34:39        4.20e-02        2.00e+00
       36803103        69.43567       303.13215            5.15        12:34:05        4.20e-02        2.00e+00
       36804211        69.44148       304.13225            5.15        12:33:37        4.20e-02        2.00e+00
       36805345        69.44567       305.13269            5.15        12:33:14        4.20e-02        2.00e+00
       36806480        69.44895       306.13272            5.15        12:32:51        4.20e-02        2.00e+00
       36807527        69.45185       307.13310            5.15        12:32:18        4.20e-02        2.00e+00
       36808628        69.45452       308.13399            5.16        12:31:51        4.20e-02        2.00e+00
       36809741        69.45767       309.13487            5.16        12:31:26        4.20e-02        2.00e+00
DEBUG @ t=36810000: current_coupling=0.042, last=0.042
       36810851        69.46099       310.13490            5.16        12:31:00        4.20e-02        2.00e+00
       36812019        69.46336       311.13548            5.16        12:30:42        4.20e-02        2.00e+00
       36813114        69.46700       312.13622            5.16        12:30:15        4.20e-02        2.00e+00
       36814214        69.46878       313.13676            5.16        12:29:49        4.20e-02        2.00e+00
       36815386        69.47067       314.13677            5.16        12:29:32        4.20e-02        2.00e+00
       36816499        69.47309       315.13706            5.16        12:29:07        4.20e-02        2.00e+00
       36817662        69.47503       316.13721            5.16        12:28:49        4.20e-02        2.00e+00
       36818841        69.47726       317.13773            5.16        12:28:33        4.20e-02        2.00e+00
DEBUG @ t=36820000: current_coupling=0.042, last=0.042
       36820015        69.47916       318.13811            5.16        12:28:16        4.20e-02        2.00e+00
       36821157        69.48260       319.13899            5.16        12:27:55        4.20e-02        2.00e+00
       36822246        69.48557       320.13969            5.16        12:27:27        4.20e-02        2.00e+00
       36823379        69.48912       321.14019            5.16        12:27:04        4.20e-02        2.00e+00
       36824475        69.49136       322.14066            5.16        12:26:38        4.20e-02        2.00e+00
       36825666        69.49645       323.14146            5.16        12:26:21        4.20e-02        2.00e+00
       36826816        69.49986       324.14234            5.17        12:26:01        4.20e-02        2.00e+00
       36827938        69.50488       325.14245            5.17        12:25:36        4.20e-02        2.00e+00
       36829048        69.50895       326.14284            5.17        12:25:10        4.20e-02        2.00e+00
DEBUG @ t=36830000: current_coupling=0.042, last=0.042
       36830243        69.51302       327.14315            5.17        12:24:55        4.20e-02        2.00e+00
       36831303        69.51483       328.14354            5.17        12:24:25        4.20e-02        2.00e+00
       36832398        69.51623       329.14393            5.17        12:23:59        4.20e-02        2.00e+00
       36833583        69.52173       330.14472            5.17        12:23:42        4.20e-02        2.00e+00
       36834801        69.52570       331.14489            5.17        12:23:29        4.20e-02        2.00e+00
       36835980        69.52913       332.14506            5.17        12:23:12        4.20e-02        2.00e+00
       36837147        69.53046       333.14554            5.17        12:22:55        4.20e-02        2.00e+00
       36838236        69.53106       334.14594            5.17        12:22:29        4.20e-02        2.00e+00
       36839327        69.53310       335.14643            5.17        12:22:03        4.20e-02        2.00e+00
DEBUG @ t=36840000: current_coupling=0.042, last=0.042
       36840493        69.54036       336.14724            5.17        12:21:42        4.20e-02        2.00e+00
       36841621        69.54569       337.14801            5.17        12:21:18        4.20e-02        2.00e+00
       36842771        69.55257       338.14846            5.17        12:20:56        4.20e-02        2.00e+00
       36843932        69.55656       339.14921            5.17        12:20:36        4.20e-02        2.00e+00
       36845068        69.56144       340.15001            5.17        12:20:13        4.20e-02        2.00e+00
       36846207        69.56315       341.15007            5.17        12:19:53        4.20e-02        2.00e+00
       36847313        69.56526       342.15025            5.18        12:19:29        4.20e-02        2.00e+00
       36848447        69.57409       343.15079            5.18        12:19:03        4.20e-02        2.00e+00
       36849480        69.58014       344.15162            5.18        12:18:28        4.20e-02        2.00e+00
DEBUG @ t=36850000: current_coupling=0.042, last=0.042
       36850514        69.58287       345.15248            5.18        12:17:56        4.20e-02        2.00e+00
       36851586        69.58637       346.15331            5.18        12:17:27        4.20e-02        2.00e+00
       36852718        69.58765       347.15344            5.18        12:17:06        4.20e-02        2.00e+00
       36853940        69.59106       348.15420            5.18        12:16:54        4.20e-02        2.00e+00
       36855146        69.59394       349.15486            5.18        12:16:41        4.20e-02        2.00e+00
       36856192        69.59499       350.15530            5.18        12:16:11        4.20e-02        2.00e+00
       36857356        69.59727       351.15597            5.18        12:15:53        4.20e-02        2.00e+00
       36858566        69.60085       352.15624            5.18        12:15:39        4.20e-02        2.00e+00
       36859741        69.60372       353.15668            5.18        12:15:22        4.20e-02        2.00e+00
DEBUG @ t=36860000: current_coupling=0.042, last=0.042
       36860957        69.60649       354.15702            5.18        12:15:10        4.20e-02        2.00e+00
       36862158        69.61008       355.15725            5.18        12:14:55        4.20e-02        2.00e+00
       36863327        69.61105       356.15742            5.18        12:14:39        4.20e-02        2.00e+00
       36864341        69.61456       357.15768            5.18        12:14:04        4.20e-02        2.00e+00
       36865390        69.61724       358.15856            5.19        12:13:34        4.20e-02        2.00e+00
       36866508        69.61872       359.15896            5.19        12:13:12        4.20e-02        2.00e+00
       36867611        69.62007       360.15956            5.19        12:12:49        4.20e-02        2.00e+00
       36868780        69.62109       361.15999            5.19        12:12:32        4.20e-02        2.00e+00
       36869947        69.62428       362.16045            5.19        12:12:14        4.20e-02        2.00e+00
DEBUG @ t=36870000: current_coupling=0.042, last=0.042
       36871077        69.62658       363.16056            5.19        12:11:53        4.20e-02        2.00e+00
       36872302        69.63215       364.16084            5.19        12:11:40        4.20e-02        2.00e+00
       36873451        69.64146       365.16120            5.19        12:11:16        4.20e-02        2.00e+00
       36874639        69.64825       366.16129            5.19        12:10:58        4.20e-02        2.00e+00
       36875759        69.65190       367.16180            5.19        12:10:35        4.20e-02        2.00e+00
       36876878        69.65551       368.16203            5.19        12:10:12        4.20e-02        2.00e+00
       36878006        69.65779       369.16252            5.19        12:09:50        4.20e-02        2.00e+00
       36879262        69.65970       370.16292            5.19        12:09:42        4.20e-02        2.00e+00
DEBUG @ t=36880000: current_coupling=0.042, last=0.042
       36880382        69.66064       371.16373            5.19        12:09:21        4.20e-02        2.00e+00
       36881559        69.66450       372.16417            5.19        12:09:03        4.20e-02        2.00e+00
       36882753        69.66815       373.16495            5.19        12:08:48        4.20e-02        2.00e+00
       36883870        69.67161       374.16516            5.19        12:08:25        4.20e-02        2.00e+00
       36884985        69.67427       375.16519            5.19        12:08:02        4.20e-02        2.00e+00
       36886115        69.67656       376.16551            5.19        12:07:41        4.20e-02        2.00e+00
       36887220        69.67938       377.16625            5.19        12:07:17        4.20e-02        2.00e+00
       36888376        69.68179       378.16701            5.19        12:06:58        4.20e-02        2.00e+00
       36889611        69.68423       379.16739            5.19        12:06:48        4.20e-02        2.00e+00
DEBUG @ t=36890000: current_coupling=0.042, last=0.042
       36890795        69.68872       380.16777            5.19        12:06:31        4.20e-02        2.00e+00
       36891941        69.69485       381.16860            5.19        12:06:09        4.20e-02        2.00e+00
       36893099        69.69858       382.16868            5.19        12:05:50        4.20e-02        2.00e+00
       36894332        69.70215       383.16942            5.19        12:05:38        4.20e-02        2.00e+00
       36895481        69.70541       384.17015            5.19        12:05:18        4.20e-02        2.00e+00
       36896679        69.70643       385.17046            5.19        12:05:04        4.20e-02        2.00e+00
       36897884        69.70997       386.17097            5.19        12:04:50        4.20e-02        2.00e+00
       36898996        69.71224       387.17159            5.19        12:04:27        4.20e-02        2.00e+00
DEBUG @ t=36900000: current_coupling=0.042, last=0.042
[HDF5 Writer DEBUG] timestep=36900000, current_time_ps=388.016, last_output_time=388.0059629965811, write_count=37172
       36900192        69.71582       388.17166            5.19        12:04:12        4.20e-02        2.00e+00
       36901345        69.72199       389.17180            5.19        12:03:51        4.20e-02        2.00e+00
       36902352        69.72301       390.17224            5.20        12:03:19        4.20e-02        2.00e+00
       36903350        69.72352       391.17307            5.20        12:02:46        4.20e-02        2.00e+00
       36904481        69.72586       392.17332            5.20        12:02:25        4.20e-02        2.00e+00
       36905626        69.72791       393.17354            5.20        12:02:06        4.20e-02        2.00e+00
       36906816        69.72905       394.17404            5.20        12:01:52        4.20e-02        2.00e+00
       36907959        69.73061       395.17446            5.20        12:01:32        4.20e-02        2.00e+00
       36909176        69.73158       396.17469            5.20        12:01:21        4.20e-02        2.00e+00
DEBUG @ t=36910000: current_coupling=0.042, last=0.042
       36910432        69.73666       397.17552            5.20        12:01:10        4.20e-02        2.00e+00
       36911569        69.74119       398.17623            5.20        12:00:48        4.20e-02        2.00e+00
       36912608        69.74275       399.17681            5.20        12:00:19        4.20e-02        2.00e+00
Added F(k,t) reference 2 at t = 400.002 ps
       36913676        69.74481       400.17703            5.20        11:59:53        4.20e-02        2.00e+00
       36914843        69.74683       401.17769            5.20        11:59:36        4.20e-02        2.00e+00
       36916018        69.74876       402.17810            5.20        11:59:19        4.20e-02        2.00e+00
       36917068        69.74990       403.17821            5.20        11:58:52        4.20e-02        2.00e+00
       36918323        69.75202       404.17825            5.20        11:58:43        4.20e-02        2.00e+00
       36919365        69.75215       405.17826            5.20        11:58:16        4.20e-02        2.00e+00
DEBUG @ t=36920000: current_coupling=0.042, last=0.042
       36920513        69.75547       406.17870            5.20        11:57:56        4.20e-02        2.00e+00
       36921584        69.75630       407.17946            5.20        11:57:31        4.20e-02        2.00e+00
       36922798        69.75887       408.17992            5.20        11:57:18        4.20e-02        2.00e+00
       36923915        69.76079       409.18012            5.20        11:56:56        4.20e-02        2.00e+00
       36924963        69.76155       410.18097            5.21        11:56:29        4.20e-02        2.00e+00
       36926000        69.76267       411.18171            5.21        11:56:01        4.20e-02        2.00e+00
       36927214        69.76641       412.18200            5.21        11:55:47        4.20e-02        2.00e+00
       36928354        69.77134       413.18218            5.21        11:55:25        4.20e-02        2.00e+00
       36929463        69.77489       414.18247            5.21        11:55:02        4.20e-02        2.00e+00
DEBUG @ t=36930000: current_coupling=0.042, last=0.042
       36930550        69.77482       415.18267            5.21        11:54:39        4.20e-02        2.00e+00
       36931614        69.77605       416.18321            5.21        11:54:14        4.20e-02        2.00e+00
       36932773        69.77617       417.18322            5.21        11:53:57        4.20e-02        2.00e+00
       36934019        69.77941       418.18349            5.21        11:53:46        4.20e-02        2.00e+00
       36935059        69.77981       419.18413            5.21        11:53:19        4.20e-02        2.00e+00
       36936258        69.78153       420.18448            5.21        11:53:05        4.20e-02        2.00e+00
       36937396        69.78469       421.18461            5.21        11:52:45        4.20e-02        2.00e+00
       36938591        69.79139       422.18520            5.21        11:52:27        4.20e-02        2.00e+00
       36939627        69.79811       423.18568            5.21        11:51:56        4.20e-02        2.00e+00
DEBUG @ t=36940000: current_coupling=0.042, last=0.042
       36940740        69.80018       424.18576            5.21        11:51:34        4.20e-02        2.00e+00
       36941865        69.80084       425.18586            5.21        11:51:15        4.20e-02        2.00e+00
       36942988        69.80167       426.18595            5.21        11:50:55        4.20e-02        2.00e+00
       36944062        69.80322       427.18682            5.21        11:50:30        4.20e-02        2.00e+00
       36945164        69.80523       428.18766            5.22        11:50:07        4.20e-02        2.00e+00
       36946176        69.80681       429.18804            5.22        11:49:37        4.20e-02        2.00e+00
       36947392        69.80896       430.18841            5.22        11:49:24        4.20e-02        2.00e+00
       36948595        69.81047       431.18883            5.22        11:49:11        4.20e-02        2.00e+00
       36949745        69.81114       432.18901            5.22        11:48:53        4.20e-02        2.00e+00
DEBUG @ t=36950000: current_coupling=0.042, last=0.042
       36950922        69.81342       433.18948            5.22        11:48:37        4.20e-02        2.00e+00
       36952088        69.81489       434.18968            5.22        11:48:20        4.20e-02        2.00e+00
       36953302        69.81566       435.19043            5.22        11:48:08        4.20e-02        2.00e+00
       36954537        69.81779       436.19102            5.21        11:47:57        4.20e-02        2.00e+00
       36955640        69.81759       437.19160            5.22        11:47:36        4.20e-02        2.00e+00
       36956621        69.81805       438.19246            5.22        11:47:04        4.20e-02        2.00e+00
       36957631        69.81787       439.19293            5.22        11:46:35        4.20e-02        2.00e+00
       36958693        69.81871       440.19319            5.22        11:46:11        4.20e-02        2.00e+00
       36959758        69.81935       441.19365            5.22        11:45:46        4.20e-02        2.00e+00
DEBUG @ t=36960000: current_coupling=0.042, last=0.042
       36960833        69.82074       442.19410            5.22        11:45:22        4.20e-02        2.00e+00
       36961913        69.82708       443.19413            5.22        11:44:55        4.20e-02        2.00e+00
       36962994        69.82885       444.19440            5.22        11:44:32        4.20e-02        2.00e+00
       36964072        69.82960       445.19508            5.22        11:44:08        4.20e-02        2.00e+00
       36965147        69.83053       446.19580            5.23        11:43:44        4.20e-02        2.00e+00
       36966241        69.83149       447.19652            5.23        11:43:22        4.20e-02        2.00e+00
       36967347        69.83410       448.19738            5.23        11:43:00        4.20e-02        2.00e+00
       36968467        69.83670       449.19780            5.23        11:42:39        4.20e-02        2.00e+00
       36969602        69.83883       450.19843            5.23        11:42:20        4.20e-02        2.00e+00
DEBUG @ t=36970000: current_coupling=0.042, last=0.042
       36970692        69.84520       451.19923            5.23        11:41:54        4.20e-02        2.00e+00
       36971717        69.84700       452.19980            5.23        11:41:26        4.20e-02        2.00e+00
       36972787        69.84934       453.20065            5.23        11:41:01        4.20e-02        2.00e+00
       36973890        69.85093       454.20113            5.23        11:40:40        4.20e-02        2.00e+00
       36974985        69.85254       455.20152            5.23        11:40:18        4.20e-02        2.00e+00
       36976134        69.85356       456.20202            5.23        11:40:00        4.20e-02        2.00e+00
       36977322        69.85585       457.20205            5.23        11:39:45        4.20e-02        2.00e+00
       36978459        69.86091       458.20286            5.23        11:39:24        4.20e-02        2.00e+00
       36979514        69.86146       459.20373            5.23        11:38:59        4.20e-02        2.00e+00
DEBUG @ t=36980000: current_coupling=0.042, last=0.042
       36980596        69.86457       460.20378            5.24        11:38:35        4.20e-02        2.00e+00
       36981713        69.86460       461.20430            5.24        11:38:16        4.20e-02        2.00e+00
       36982859        69.86736       462.20504            5.24        11:37:57        4.20e-02        2.00e+00
       36983992        69.87057       463.20601            5.24        11:37:37        4.20e-02        2.00e+00
       36985139        69.87172       464.20654            5.24        11:37:19        4.20e-02        2.00e+00
       36986177        69.87623       465.20742            5.24        11:36:51        4.20e-02        2.00e+00
       36987264        69.88108       466.20778            5.24        11:36:26        4.20e-02        2.00e+00
       36988234        69.88465       467.20781            5.24        11:35:54        4.20e-02        2.00e+00
       36989289        69.88546       468.20850            5.24        11:35:29        4.20e-02        2.00e+00
DEBUG @ t=36990000: current_coupling=0.042, last=0.042
       36990374        69.88787       469.20868            5.24        11:35:06        4.20e-02        2.00e+00
       36991439        69.88861       470.20912            5.24        11:34:42        4.20e-02        2.00e+00
       36992421        69.88982       471.20986            5.25        11:34:12        4.20e-02        2.00e+00
       36993478        69.89172       472.21033            5.25        11:33:47        4.20e-02        2.00e+00
       36994525        69.89213       473.21036            5.25        11:33:23        4.20e-02        2.00e+00
       36995546        69.89276       474.21132            5.25        11:32:56        4.20e-02        2.00e+00
       36996542        69.89366       475.21138            5.25        11:32:27        4.20e-02        2.00e+00
       36997560        69.89518       476.21192            5.25        11:31:59        4.20e-02        2.00e+00
       36998808        69.90364       477.21241            5.25        11:31:45        4.20e-02        2.00e+00
       36999962        69.90654       478.21246            5.25        11:31:28        4.20e-02        2.00e+00
DEBUG @ t=37000000: current_coupling=0.042, last=0.042
[HDF5 Writer DEBUG] timestep=37000000, current_time_ps=478.247, last_output_time=478.2380343415079, write_count=45820
       37001008        69.90732       479.21303            5.25        11:31:03        4.20e-02        2.00e+00
       37002232        69.90819       480.21377            5.25        11:30:51        4.20e-02        2.00e+00
       37003306        69.91155       481.21420            5.25        11:30:27        4.20e-02        2.00e+00
       37004503        69.91687       482.21459            5.25        11:30:11        4.20e-02        2.00e+00
       37005805        69.92032       483.21517            5.25        11:30:04        4.20e-02        2.00e+00
       37006969        69.92278       484.21523            5.25        11:29:47        4.20e-02        2.00e+00
       37008055        69.92564       485.21559            5.25        11:29:24        4.20e-02        2.00e+00
       37009246        69.92714       486.21564            5.25        11:29:10        4.20e-02        2.00e+00
DEBUG @ t=37010000: current_coupling=0.042, last=0.042
       37010431        69.92798       487.21608            5.25        11:28:55        4.20e-02        2.00e+00
       37011487        69.92854       488.21649            5.25        11:28:31        4.20e-02        2.00e+00
       37012580        69.93072       489.21681            5.25        11:28:09        4.20e-02        2.00e+00
       37013719        69.93173       490.21730            5.25        11:27:52        4.20e-02        2.00e+00
       37014829        69.93393       491.21755            5.25        11:27:31        4.20e-02        2.00e+00
       37015866        69.93385       492.21804            5.26        11:27:06        4.20e-02        2.00e+00
       37016925        69.93580       493.21825            5.26        11:26:42        4.20e-02        2.00e+00
       37018028        69.93870       494.21872            5.26        11:26:20        4.20e-02        2.00e+00
       37019081        69.94000       495.21926            5.26        11:25:56        4.20e-02        2.00e+00
DEBUG @ t=37020000: current_coupling=0.042, last=0.042
       37020042        69.93995       496.21952            5.26        11:25:26        4.20e-02        2.00e+00
       37021109        69.94169       497.21986            5.26        11:25:03        4.20e-02        2.00e+00
       37022202        69.94146       498.22063            5.26        11:24:42        4.20e-02        2.00e+00
       37023264        69.94242       499.22109            5.26        11:24:19        4.20e-02        2.00e+00
       37024426        69.94496       500.22138            5.26        11:24:02        4.20e-02        2.00e+00
       37025491        69.94681       501.22210            5.26        11:23:39        4.20e-02        2.00e+00
       37026626        69.94784       502.22258            5.26        11:23:21        4.20e-02        2.00e+00
       37027724        69.94839       503.22276            5.26        11:23:00        4.20e-02        2.00e+00
       37028875        69.94916       504.22283            5.26        11:22:44        4.20e-02        2.00e+00
DEBUG @ t=37030000: current_coupling=0.042, last=0.042
       37030002        69.94970       505.22313            5.26        11:22:25        4.20e-02        2.00e+00
       37031118        69.95114       506.22374            5.26        11:22:06        4.20e-02        2.00e+00
       37032276        69.95169       507.22437            5.26        11:21:50        4.20e-02        2.00e+00
       37033425        69.95137       508.22488            5.26        11:21:34        4.20e-02        2.00e+00
       37034507        69.95284       509.22524            5.27        11:21:12        4.20e-02        2.00e+00
       37035570        69.95588       510.22551            5.27        11:20:48        4.20e-02        2.00e+00
       37036736        69.95824       511.22617            5.27        11:20:31        4.20e-02        2.00e+00
       37037783        69.95961       512.22662            5.27        11:20:07        4.20e-02        2.00e+00
       37038841        69.96027       513.22715            5.27        11:19:44        4.20e-02        2.00e+00
       37039924        69.96249       514.22724            5.27        11:19:22        4.20e-02        2.00e+00
DEBUG @ t=37040000: current_coupling=0.042, last=0.042
       37040978        69.96453       515.22741            5.27        11:18:58        4.20e-02        2.00e+00
       37042116        69.97330       516.22823            5.27        11:18:35        4.20e-02        2.00e+00
       37043256        69.97589       517.22908            5.27        11:18:17        4.20e-02        2.00e+00
       37044265        69.97649       518.22929            5.27        11:17:51        4.20e-02        2.00e+00
       37045329        69.97763       519.22936            5.27        11:17:28        4.20e-02        2.00e+00
       37046370        69.97843       520.22986            5.27        11:17:04        4.20e-02        2.00e+00
       37047404        69.97980       521.23003            5.28        11:16:39        4.20e-02        2.00e+00
       37048478        69.98126       522.23046            5.28        11:16:17        4.20e-02        2.00e+00
       37049660        69.98348       523.23100            5.28        11:16:02        4.20e-02        2.00e+00
DEBUG @ t=37050000: current_coupling=0.042, last=0.042
       37050829        69.98989       524.23107            5.28        11:15:43        4.20e-02        2.00e+00
       37051928        69.99246       525.23124            5.28        11:15:22        4.20e-02        2.00e+00
       37053057        69.99366       526.23171            5.28        11:15:04        4.20e-02        2.00e+00
       37054173        69.99456       527.23181            5.28        11:14:45        4.20e-02        2.00e+00
       37055199        69.99511       528.23193            5.28        11:14:20        4.20e-02        2.00e+00
       37056180        69.99529       529.23246            5.28        11:13:53        4.20e-02        2.00e+00
       37057184        69.99601       530.23319            5.28        11:13:26        4.20e-02        2.00e+00
       37058381        69.99784       531.23373            5.28        11:13:12        4.20e-02        2.00e+00
       37059472        69.99976       532.23471            5.28        11:12:51        4.20e-02        2.00e+00
DEBUG @ t=37060000: current_coupling=0.042, last=0.042
       37060487        70.00056       533.23512            5.28        11:12:26        4.20e-02        2.00e+00
       37061631        70.00169       534.23571            5.28        11:12:09        4.20e-02        2.00e+00
       37062769        70.00391       535.23644            5.28        11:11:50        4.20e-02        2.00e+00
       37063824        70.00499       536.23676            5.28        11:11:27        4.20e-02        2.00e+00
       37064876        70.00581       537.23694            5.28        11:11:05        4.20e-02        2.00e+00
       37065926        70.00691       538.23781            5.29        11:10:41        4.20e-02        2.00e+00
       37066932        70.00675       539.23835            5.29        11:10:16        4.20e-02        2.00e+00
       37067962        70.00672       540.23844            5.29        11:09:52        4.20e-02        2.00e+00
       37069028        70.00705       541.23861            5.29        11:09:31        4.20e-02        2.00e+00
DEBUG @ t=37070000: current_coupling=0.042, last=0.042
       37070114        70.00782       542.23947            5.29        11:09:10        4.20e-02        2.00e+00
       37071222        70.00835       543.24015            5.29        11:08:51        4.20e-02        2.00e+00
       37072419        70.00955       544.24031            5.29        11:08:37        4.20e-02        2.00e+00
       37073523        70.01041       545.24093            5.29        11:08:18        4.20e-02        2.00e+00
       37074644        70.01146       546.24136            5.29        11:08:00        4.20e-02        2.00e+00
       37075701        70.01246       547.24232            5.29        11:07:37        4.20e-02        2.00e+00
       37076771        70.01386       548.24261            5.29        11:07:15        4.20e-02        2.00e+00
       37077830        70.01496       549.24287            5.29        11:06:53        4.20e-02        2.00e+00
       37078880        70.01658       550.24348            5.29        11:06:30        4.20e-02        2.00e+00
DEBUG @ t=37080000: current_coupling=0.042, last=0.042
       37080008        70.01825       551.24418            5.29        11:06:11        4.20e-02        2.00e+00
       37081094        70.01880       552.24497            5.29        11:05:51        4.20e-02        2.00e+00
       37082124        70.01919       553.24594            5.29        11:05:27        4.20e-02        2.00e+00
       37083211        70.01949       554.24680            5.30        11:05:07        4.20e-02        2.00e+00
       37084201        70.01918       555.24692            5.30        11:04:41        4.20e-02        2.00e+00
       37085247        70.01908       556.24699            5.30        11:04:19        4.20e-02        2.00e+00
       37086292        70.01956       557.24792            5.30        11:03:56        4.20e-02        2.00e+00
       37087284        70.02139       558.24829            5.30        11:03:30        4.20e-02        2.00e+00
       37088275        70.02384       559.24845            5.30        11:03:03        4.20e-02        2.00e+00
       37089307        70.02553       560.24925            5.30        11:02:38        4.20e-02        2.00e+00
DEBUG @ t=37090000: current_coupling=0.042, last=0.042
       37090342        70.02576       561.24993            5.30        11:02:15        4.20e-02        2.00e+00
       37091484        70.02612       562.25046            5.30        11:01:59        4.20e-02        2.00e+00
       37092579        70.02594       563.25086            5.30        11:01:40        4.20e-02        2.00e+00
       37093666        70.02585       564.25099            5.30        11:01:20        4.20e-02        2.00e+00
       37094780        70.02648       565.25100            5.30        11:01:02        4.20e-02        2.00e+00
       37095858        70.02656       566.25119            5.30        11:00:42        4.20e-02        2.00e+00
       37096852        70.02887       567.25136            5.31        11:00:15        4.20e-02        2.00e+00
       37097848        70.03043       568.25138            5.31        10:59:49        4.20e-02        2.00e+00
       37098918        70.03100       569.25201            5.31        10:59:28        4.20e-02        2.00e+00
       37099912        70.03085       570.25220            5.31        10:59:03        4.20e-02        2.00e+00
DEBUG @ t=37100000: current_coupling=0.042, last=0.042
[HDF5 Writer DEBUG] timestep=37100000, current_time_ps=570.345, last_output_time=570.3341866592751, write_count=54612
       37100828        70.03055       571.25306            5.31        10:58:33        4.20e-02        2.00e+00
       37101822        70.03080       572.25380            5.31        10:58:08        4.20e-02        2.00e+00
       37102933        70.03179       573.25418            5.31        10:57:50        4.20e-02        2.00e+00
       37104083        70.03723       574.25468            5.31        10:57:31        4.20e-02        2.00e+00
       37105086        70.03786       575.25566            5.31        10:57:06        4.20e-02        2.00e+00
       37106175        70.04253       576.25647            5.31        10:56:44        4.20e-02        2.00e+00
       37107140        70.04498       577.25710            5.32        10:56:16        4.20e-02        2.00e+00
       37108196        70.04891       578.25728            5.32        10:55:53        4.20e-02        2.00e+00
       37109289        70.05470       579.25728            5.32        10:55:30        4.20e-02        2.00e+00
DEBUG @ t=37110000: current_coupling=0.042, last=0.042
       37110206        70.05486       580.25768            5.32        10:55:01        4.20e-02        2.00e+00
       37111254        70.05546       581.25810            5.32        10:54:39        4.20e-02        2.00e+00
       37112274        70.05603       582.25880            5.32        10:54:15        4.20e-02        2.00e+00
       37113415        70.05803       583.25925            5.32        10:53:58        4.20e-02        2.00e+00
       37114448        70.05860       584.25927            5.32        10:53:35        4.20e-02        2.00e+00
       37115506        70.05849       585.25999            5.32        10:53:14        4.20e-02        2.00e+00
       37116553        70.05920       586.26019            5.32        10:52:52        4.20e-02        2.00e+00
       37117543        70.06006       587.26028            5.32        10:52:27        4.20e-02        2.00e+00
       37118489        70.06068       588.26036            5.33        10:51:59        4.20e-02        2.00e+00
       37119493        70.06219       589.26103            5.33        10:51:35        4.20e-02        2.00e+00
DEBUG @ t=37120000: current_coupling=0.042, last=0.042
       37120454        70.06425       590.26206            5.33        10:51:07        4.20e-02        2.00e+00
       37121391        70.06447       591.26207            5.33        10:50:39        4.20e-02        2.00e+00
       37122414        70.06516       592.26293            5.33        10:50:16        4.20e-02        2.00e+00
       37123378        70.06583       593.26360            5.33        10:49:49        4.20e-02        2.00e+00
       37124471        70.06705       594.26367            5.33        10:49:30        4.20e-02        2.00e+00
       37125543        70.06746       595.26384            5.33        10:49:10        4.20e-02        2.00e+00
       37126640        70.06878       596.26423            5.33        10:48:51        4.20e-02        2.00e+00
       37127702        70.07127       597.26491            5.34        10:48:29        4.20e-02        2.00e+00
       37128801        70.07266       598.26542            5.34        10:48:10        4.20e-02        2.00e+00
       37129943        70.07570       599.26570            5.34        10:47:52        4.20e-02        2.00e+00
DEBUG @ t=37130000: current_coupling=0.042, last=0.042
Added F(k,t) reference 3 at t = 600.003 ps
       37131004        70.07662       600.26657            5.34        10:47:31        4.20e-02        2.00e+00
       37132063        70.07816       601.26707            5.34        10:47:10        4.20e-02        2.00e+00
       37133199        70.08136       602.26776            5.34        10:46:52        4.20e-02        2.00e+00
       37134332        70.08274       603.26865            5.34        10:46:35        4.20e-02        2.00e+00
       37135368        70.08325       604.26880            5.34        10:46:13        4.20e-02        2.00e+00
       37136585        70.08418       605.26916            5.34        10:46:01        4.20e-02        2.00e+00
       37137732        70.08590       606.26968            5.34        10:45:44        4.20e-02        2.00e+00
       37138710        70.08620       607.27047            5.34        10:45:19        4.20e-02        2.00e+00
       37139766        70.08760       608.27051            5.34        10:44:58        4.20e-02        2.00e+00
DEBUG @ t=37140000: current_coupling=0.042, last=0.042
       37140973        70.08968       609.27126            5.34        10:44:45        4.20e-02        2.00e+00
       37142070        70.09064       610.27200            5.34        10:44:26        4.20e-02        2.00e+00
       37143089        70.09163       611.27227            5.34        10:44:03        4.20e-02        2.00e+00
       37144221        70.09278       612.27284            5.34        10:43:46        4.20e-02        2.00e+00
       37145366        70.09510       613.27369            5.34        10:43:29        4.20e-02        2.00e+00
       37146494        70.09682       614.27440            5.34        10:43:11        4.20e-02        2.00e+00
       37147523        70.09817       615.27489            5.34        10:42:48        4.20e-02        2.00e+00
       37148554        70.09849       616.27555            5.34        10:42:26        4.20e-02        2.00e+00
       37149685        70.10028       617.27587            5.34        10:42:09        4.20e-02        2.00e+00
DEBUG @ t=37150000: current_coupling=0.042, last=0.042
       37150818        70.10248       618.27608            5.34        10:41:52        4.20e-02        2.00e+00
       37151971        70.10465       619.27641            5.34        10:41:35        4.20e-02        2.00e+00
       37153108        70.10605       620.27656            5.34        10:41:18        4.20e-02        2.00e+00
       37154144        70.10637       621.27681            5.34        10:40:57        4.20e-02        2.00e+00
       37155212        70.10690       622.27692            5.34        10:40:37        4.20e-02        2.00e+00
       37156204        70.10859       623.27719            5.35        10:40:12        4.20e-02        2.00e+00
       37157328        70.11198       624.27744            5.35        10:39:53        4.20e-02        2.00e+00
       37158344        70.11230       625.27811            5.35        10:39:31        4.20e-02        2.00e+00
       37159430        70.11379       626.27819            5.35        10:39:11        4.20e-02        2.00e+00
DEBUG @ t=37160000: current_coupling=0.042, last=0.042
       37160606        70.11549       627.27863            5.35        10:38:56        4.20e-02        2.00e+00
       37161719        70.11701       628.27914            5.35        10:38:38        4.20e-02        2.00e+00
       37162762        70.11878       629.27971            5.35        10:38:16        4.20e-02        2.00e+00
       37163844        70.12160       630.28017            5.35        10:37:56        4.20e-02        2.00e+00
       37164989        70.12427       631.28024            5.35        10:37:39        4.20e-02        2.00e+00
       37166112        70.12562       632.28078            5.35        10:37:21        4.20e-02        2.00e+00
       37167200        70.12617       633.28092            5.35        10:37:03        4.20e-02        2.00e+00
       37168211        70.12665       634.28178            5.35        10:36:40        4.20e-02        2.00e+00
       37169352        70.12765       635.28228            5.35        10:36:23        4.20e-02        2.00e+00
DEBUG @ t=37170000: current_coupling=0.042, last=0.042
       37170421        70.12949       636.28264            5.35        10:36:03        4.20e-02        2.00e+00
       37171444        70.13070       637.28271            5.35        10:35:40        4.20e-02        2.00e+00
       37172539        70.13190       638.28350            5.35        10:35:21        4.20e-02        2.00e+00
       37173598        70.13294       639.28361            5.35        10:35:01        4.20e-02        2.00e+00
       37174762        70.13622       640.28438            5.35        10:34:45        4.20e-02        2.00e+00
       37175927        70.13735       641.28490            5.35        10:34:30        4.20e-02        2.00e+00
       37176963        70.13822       642.28553            5.35        10:34:08        4.20e-02        2.00e+00
       37178046        70.13955       643.28595            5.35        10:33:48        4.20e-02        2.00e+00
       37179174        70.14151       644.28608            5.35        10:33:31        4.20e-02        2.00e+00
DEBUG @ t=37180000: current_coupling=0.042, last=0.042
       37180203        70.14210       645.28696            5.36        10:33:09        4.20e-02        2.00e+00
       37181271        70.14352       646.28752            5.36        10:32:49        4.20e-02        2.00e+00
       37182397        70.14440       647.28780            5.36        10:32:32        4.20e-02        2.00e+00
       37183446        70.14666       648.28789            5.36        10:32:10        4.20e-02        2.00e+00
       37184489        70.14864       649.28863            5.36        10:31:49        4.20e-02        2.00e+00
       37185548        70.15004       650.28901            5.36        10:31:28        4.20e-02        2.00e+00
       37186500        70.15091       651.28951            5.36        10:31:02        4.20e-02        2.00e+00
       37187624        70.15330       652.28985            5.36        10:30:44        4.20e-02        2.00e+00
       37188716        70.15491       653.29026            5.36        10:30:25        4.20e-02        2.00e+00
       37189872        70.15730       654.29040            5.36        10:30:09        4.20e-02        2.00e+00
DEBUG @ t=37190000: current_coupling=0.042, last=0.042
       37190971        70.15956       655.29040            5.36        10:29:50        4.20e-02        2.00e+00
       37192115        70.16252       656.29118            5.36        10:29:33        4.20e-02        2.00e+00
       37193089        70.16705       657.29193            5.36        10:29:07        4.20e-02        2.00e+00
       37194125        70.16974       658.29265            5.36        10:28:44        4.20e-02        2.00e+00
       37195213        70.17288       659.29272            5.36        10:28:24        4.20e-02        2.00e+00
       37196407        70.17613       660.29343            5.36        10:28:09        4.20e-02        2.00e+00
       37197571        70.17976       661.29382            5.36        10:27:53        4.20e-02        2.00e+00
       37198527        70.18030       662.29384            5.36        10:27:28        4.20e-02        2.00e+00
       37199703        70.18186       663.29456            5.36        10:27:13        4.20e-02        2.00e+00
DEBUG @ t=37200000: current_coupling=0.042, last=0.042
[HDF5 Writer DEBUG] timestep=37200000, current_time_ps=663.518, last_output_time=663.5167474444602, write_count=63479
       37200835        70.18416       664.29526            5.36        10:26:56        4.20e-02        2.00e+00
       37201813        70.18544       665.29622            5.37        10:26:31        4.20e-02        2.00e+00
       37202855        70.18662       666.29711            5.37        10:26:10        4.20e-02        2.00e+00
       37203912        70.18790       667.29767            5.37        10:25:50        4.20e-02        2.00e+00
       37204963        70.18893       668.29802            5.37        10:25:29        4.20e-02        2.00e+00
       37206056        70.19017       669.29815            5.37        10:25:11        4.20e-02        2.00e+00
       37207081        70.19187       670.29852            5.37        10:24:48        4.20e-02        2.00e+00
       37208061        70.19279       671.29918            5.37        10:24:24        4.20e-02        2.00e+00
       37209156        70.19498       672.29927            5.37        10:24:05        4.20e-02        2.00e+00
DEBUG @ t=37210000: current_coupling=0.042, last=0.042
       37210164        70.19741       673.29998            5.37        10:23:42        4.20e-02        2.00e+00
       37211307        70.20117       674.30042            5.37        10:23:25        4.20e-02        2.00e+00
       37212449        70.20430       675.30083            5.37        10:23:07        4.20e-02        2.00e+00
       37213490        70.20752       676.30170            5.37        10:22:45        4.20e-02        2.00e+00
       37214546        70.21198       677.30269            5.37        10:22:23        4.20e-02        2.00e+00
       37215573        70.21259       678.30333            5.37        10:22:02        4.20e-02        2.00e+00
       37216629        70.21306       679.30357            5.38        10:21:42        4.20e-02        2.00e+00
       37217594        70.21409       680.30429            5.38        10:21:17        4.20e-02        2.00e+00
       37218589        70.21548       681.30490            5.38        10:20:54        4.20e-02        2.00e+00
       37219556        70.21776       682.30553            5.38        10:20:29        4.20e-02        2.00e+00
DEBUG @ t=37220000: current_coupling=0.042, last=0.042
       37220522        70.22295       683.30657            5.38        10:20:02        4.20e-02        2.00e+00
       37221456        70.22414       684.30666            5.38        10:19:36        4.20e-02        2.00e+00
       37222498        70.22635       685.30737            5.38        10:19:15        4.20e-02        2.00e+00
       37223477        70.22850       686.30804            5.38        10:18:50        4.20e-02        2.00e+00
       37224532        70.23050       687.30848            5.38        10:18:30        4.20e-02        2.00e+00
       37225494        70.23124       688.30920            5.39        10:18:05        4.20e-02        2.00e+00
       37226420        70.23250       689.30930            5.39        10:17:39        4.20e-02        2.00e+00
       37227373        70.23474       690.30943            5.39        10:17:14        4.20e-02        2.00e+00
       37228396        70.23642       691.30946            5.39        10:16:52        4.20e-02        2.00e+00
       37229394        70.23638       692.30965            5.39        10:16:30        4.20e-02        2.00e+00
DEBUG @ t=37230000: current_coupling=0.042, last=0.042
       37230378        70.23664       693.31030            5.39        10:16:07        4.20e-02        2.00e+00
       37231416        70.23769       694.31094            5.39        10:15:46        4.20e-02        2.00e+00
       37232430        70.23934       695.31097            5.39        10:15:24        4.20e-02        2.00e+00
       37233434        70.24137       696.31106            5.39        10:15:01        4.20e-02        2.00e+00
       37234464        70.24306       697.31178            5.39        10:14:40        4.20e-02        2.00e+00
       37235483        70.24462       698.31236            5.40        10:14:18        4.20e-02        2.00e+00
       37236557        70.24683       699.31316            5.40        10:13:58        4.20e-02        2.00e+00
       37237590        70.24840       700.31393            5.40        10:13:37        4.20e-02        2.00e+00
       37238521        70.24970       701.31496            5.40        10:13:11        4.20e-02        2.00e+00
       37239494        70.25122       702.31514            5.40        10:12:47        4.20e-02        2.00e+00
DEBUG @ t=37240000: current_coupling=0.042, last=0.042
       37240631        70.25395       703.31519            5.40        10:12:30        4.20e-02        2.00e+00
       37241700        70.25556       704.31596            5.40        10:12:11        4.20e-02        2.00e+00
       37242714        70.25801       705.31624            5.40        10:11:49        4.20e-02        2.00e+00
       37243786        70.26099       706.31640            5.40        10:11:29        4.20e-02        2.00e+00
       37244768        70.26274       707.31661            5.40        10:11:05        4.20e-02        2.00e+00
       37245818        70.26498       708.31664            5.40        10:10:45        4.20e-02        2.00e+00
       37246989        70.26760       709.31704            5.40        10:10:29        4.20e-02        2.00e+00
       37248077        70.26890       710.31783            5.40        10:10:11        4.20e-02        2.00e+00
       37249116        70.27050       711.31807            5.40        10:09:50        4.20e-02        2.00e+00
DEBUG @ t=37250000: current_coupling=0.042, last=0.042
       37250249        70.27343       712.31875            5.40        10:09:33        4.20e-02        2.00e+00
       37251316        70.27510       713.31898            5.40        10:09:14        4.20e-02        2.00e+00
       37252453        70.27722       714.31922            5.40        10:08:57        4.20e-02        2.00e+00
       37253577        70.27899       715.31940            5.41        10:08:40        4.20e-02        2.00e+00
       37254721        70.28066       716.31993            5.41        10:08:24        4.20e-02        2.00e+00
       37255768        70.28181       717.32081            5.41        10:08:04        4.20e-02        2.00e+00
       37256858        70.28349       718.32137            5.41        10:07:46        4.20e-02        2.00e+00
       37257977        70.28674       719.32176            5.41        10:07:28        4.20e-02        2.00e+00
       37259064        70.28875       720.32214            5.41        10:07:09        4.20e-02        2.00e+00
DEBUG @ t=37260000: current_coupling=0.042, last=0.042
       37260079        70.29042       721.32237            5.41        10:06:48        4.20e-02        2.00e+00
       37261118        70.29230       722.32322            5.41        10:06:27        4.20e-02        2.00e+00
       37262185        70.29513       723.32356            5.41        10:06:07        4.20e-02        2.00e+00
       37263179        70.29770       724.32412            5.41        10:05:44        4.20e-02        2.00e+00
       37264145        70.29976       725.32414            5.41        10:05:20        4.20e-02        2.00e+00
       37265142        70.30093       726.32487            5.41        10:04:58        4.20e-02        2.00e+00
       37266236        70.30354       727.32542            5.41        10:04:39        4.20e-02        2.00e+00
       37267326        70.30730       728.32572            5.41        10:04:20        4.20e-02        2.00e+00
       37268386        70.31100       729.32611            5.41        10:03:59        4.20e-02        2.00e+00
       37269417        70.31408       730.32687            5.41        10:03:37        4.20e-02        2.00e+00
DEBUG @ t=37270000: current_coupling=0.042, last=0.042
       37270414        70.31548       731.32735            5.42        10:03:15        4.20e-02        2.00e+00
       37271481        70.31690       732.32809            5.42        10:02:56        4.20e-02        2.00e+00
       37272577        70.31868       733.32897            5.42        10:02:38        4.20e-02        2.00e+00
       37273670        70.31977       734.32948            5.42        10:02:20        4.20e-02        2.00e+00
       37274813        70.32113       735.32988            5.42        10:02:04        4.20e-02        2.00e+00
       37275931        70.32304       736.33014            5.42        10:01:47        4.20e-02        2.00e+00
       37276934        70.32440       737.33103            5.42        10:01:25        4.20e-02        2.00e+00
       37278015        70.32595       738.33112            5.42        10:01:07        4.20e-02        2.00e+00
       37279129        70.32738       739.33191            5.42        10:00:50        4.20e-02        2.00e+00
DEBUG @ t=37280000: current_coupling=0.042, last=0.042
       37280225        70.32962       740.33240            5.42        10:00:32        4.20e-02        2.00e+00
       37281167        70.33054       741.33331            5.42        10:00:07        4.20e-02        2.00e+00
       37282207        70.33403       742.33337            5.42        09:59:46        4.20e-02        2.00e+00
       37283258        70.33681       743.33410            5.42        09:59:26        4.20e-02        2.00e+00
       37284265        70.33943       744.33421            5.42        09:59:03        4.20e-02        2.00e+00
       37285252        70.34069       745.33470            5.42        09:58:41        4.20e-02        2.00e+00
       37286258        70.34366       746.33569            5.42        09:58:19        4.20e-02        2.00e+00
       37287336        70.34756       747.33647            5.42        09:57:59        4.20e-02        2.00e+00
       37288370        70.34965       748.33664            5.43        09:57:38        4.20e-02        2.00e+00
       37289434        70.35231       749.33706            5.43        09:57:18        4.20e-02        2.00e+00
DEBUG @ t=37290000: current_coupling=0.042, last=0.042
       37290566        70.35469       750.33740            5.43        09:57:02        4.20e-02        2.00e+00
       37291604        70.35606       751.33787            5.43        09:56:42        4.20e-02        2.00e+00
       37292646        70.36044       752.33845            5.43        09:56:20        4.20e-02        2.00e+00
       37293635        70.36173       753.33943            5.43        09:55:58        4.20e-02        2.00e+00
       37294603        70.36247       754.33987            5.43        09:55:35        4.20e-02        2.00e+00
       37295626        70.36326       755.34008            5.43        09:55:15        4.20e-02        2.00e+00
       37296660        70.36414       756.34024            5.43        09:54:55        4.20e-02        2.00e+00
       37297634        70.36531       757.34048            5.43        09:54:32        4.20e-02        2.00e+00
       37298608        70.36645       758.34138            5.43        09:54:09        4.20e-02        2.00e+00
       37299603        70.36750       759.34165            5.43        09:53:48        4.20e-02        2.00e+00
DEBUG @ t=37300000: current_coupling=0.042, last=0.042
[HDF5 Writer DEBUG] timestep=37300000, current_time_ps=759.759, last_output_time=759.7578246435877, write_count=72667
       37300560        70.36872       760.34195            5.43        09:53:25        4.20e-02        2.00e+00
       37301562        70.37003       761.34208            5.44        09:53:03        4.20e-02        2.00e+00
       37302612        70.37185       762.34267            5.44        09:52:43        4.20e-02        2.00e+00
       37303552        70.37273       763.34328            5.44        09:52:20        4.20e-02        2.00e+00
       37304527        70.37613       764.34338            5.44        09:51:56        4.20e-02        2.00e+00
       37305560        70.37814       765.34432            5.44        09:51:36        4.20e-02        2.00e+00
       37306574        70.37952       766.34461            5.44        09:51:15        4.20e-02        2.00e+00
       37307602        70.38111       767.34546            5.44        09:50:54        4.20e-02        2.00e+00
       37308648        70.38294       768.34569            5.44        09:50:34        4.20e-02        2.00e+00
       37309651        70.38414       769.34635            5.44        09:50:13        4.20e-02        2.00e+00
DEBUG @ t=37310000: current_coupling=0.042, last=0.042
       37310716        70.38676       770.34726            5.44        09:49:54        4.20e-02        2.00e+00
       37311770        70.38778       771.34797            5.44        09:49:35        4.20e-02        2.00e+00
       37312752        70.38888       772.34865            5.44        09:49:13        4.20e-02        2.00e+00
       37313685        70.38996       773.34917            5.45        09:48:49        4.20e-02        2.00e+00
       37314680        70.39263       774.34984            5.45        09:48:27        4.20e-02        2.00e+00
       37315727        70.39395       775.35008            5.45        09:48:07        4.20e-02        2.00e+00
       37316785        70.39503       776.35022            5.45        09:47:48        4.20e-02        2.00e+00
       37317894        70.39656       777.35074            5.45        09:47:31        4.20e-02        2.00e+00
       37318977        70.39736       778.35081            5.45        09:47:14        4.20e-02        2.00e+00
DEBUG @ t=37320000: current_coupling=0.042, last=0.042
       37320052        70.39847       779.35110            5.45        09:46:56        4.20e-02        2.00e+00
       37321127        70.39995       780.35115            5.45        09:46:37        4.20e-02        2.00e+00
       37322197        70.40165       781.35202            5.45        09:46:19        4.20e-02        2.00e+00
       37323357        70.40254       782.35245            5.45        09:46:04        4.20e-02        2.00e+00
       37324530        70.40464       783.35271            5.45        09:45:50        4.20e-02        2.00e+00
       37325641        70.40691       784.35307            5.45        09:45:32        4.20e-02        2.00e+00
       37326660        70.40758       785.35385            5.45        09:45:12        4.20e-02        2.00e+00
       37327691        70.40829       786.35454            5.45        09:44:53        4.20e-02        2.00e+00
       37328759        70.40926       787.35551            5.45        09:44:34        4.20e-02        2.00e+00
       37329789        70.41062       788.35635            5.45        09:44:14        4.20e-02        2.00e+00
DEBUG @ t=37330000: current_coupling=0.042, last=0.042
       37330828        70.41206       789.35656            5.45        09:43:55        4.20e-02        2.00e+00
       37331845        70.41312       790.35672            5.45        09:43:34        4.20e-02        2.00e+00
       37332895        70.41478       791.35765            5.45        09:43:15        4.20e-02        2.00e+00
       37333885        70.41693       792.35776            5.45        09:42:53        4.20e-02        2.00e+00
       37334835        70.41852       793.35786            5.45        09:42:30        4.20e-02        2.00e+00
       37335801        70.41964       794.35871            5.46        09:42:07        4.20e-02        2.00e+00
       37336802        70.42197       795.35895            5.46        09:41:46        4.20e-02        2.00e+00
       37337802        70.42374       796.35926            5.46        09:41:25        4.20e-02        2.00e+00
       37338841        70.42631       797.35977            5.46        09:41:05        4.20e-02        2.00e+00
       37339825        70.42796       798.35996            5.46        09:40:43        4.20e-02        2.00e+00
DEBUG @ t=37340000: current_coupling=0.042, last=0.042
       37340777        70.42973       799.36064            5.46        09:40:20        4.20e-02        2.00e+00
Added F(k,t) reference 4 at t = 800.003 ps
       37341929        70.43156       800.36107            5.46        09:40:04        4.20e-02        2.00e+00
       37343192        70.43332       801.36164            5.46        09:39:54        4.20e-02        2.00e+00
       37344383        70.43490       802.36204            5.46        09:39:40        4.20e-02        2.00e+00
       37345268        70.43548       803.36232            5.46        09:39:15        4.20e-02        2.00e+00
       37346317        70.43687       804.36313            5.46        09:38:56        4.20e-02        2.00e+00
       37347464        70.43954       805.36362            5.46        09:38:40        4.20e-02        2.00e+00
       37348411        70.44134       806.36385            5.46        09:38:17        4.20e-02        2.00e+00
       37349326        70.44334       807.36438            5.46        09:37:52        4.20e-02        2.00e+00
DEBUG @ t=37350000: current_coupling=0.042, last=0.042
       37350514        70.44765       808.36476            5.46        09:37:37        4.20e-02        2.00e+00
       37351620        70.44987       809.36497            5.46        09:37:20        4.20e-02        2.00e+00
       37352719        70.45185       810.36532            5.46        09:37:02        4.20e-02        2.00e+00
       37353823        70.45273       811.36568            5.46        09:36:46        4.20e-02        2.00e+00
       37354941        70.45424       812.36574            5.46        09:36:29        4.20e-02        2.00e+00
       37356001        70.45470       813.36591            5.46        09:36:11        4.20e-02        2.00e+00
       37357070        70.45576       814.36608            5.47        09:35:53        4.20e-02        2.00e+00
       37358163        70.45797       815.36629            5.47        09:35:36        4.20e-02        2.00e+00
       37359337        70.46084       816.36707            5.47        09:35:21        4.20e-02        2.00e+00
DEBUG @ t=37360000: current_coupling=0.042, last=0.042
       37360421        70.46255       817.36739            5.47        09:35:03        4.20e-02        2.00e+00
       37361492        70.46468       818.36809            5.47        09:34:44        4.20e-02        2.00e+00
       37362543        70.46681       819.36823            5.47        09:34:25        4.20e-02        2.00e+00
       37363593        70.46867       820.36828            5.47        09:34:06        4.20e-02        2.00e+00
       37364652        70.47185       821.36843            5.47        09:33:46        4.20e-02        2.00e+00
       37365681        70.47365       822.36915            5.47        09:33:27        4.20e-02        2.00e+00
       37366810        70.47563       823.36958            5.47        09:33:10        4.20e-02        2.00e+00
       37367897        70.47777       824.36991            5.47        09:32:52        4.20e-02        2.00e+00
       37368943        70.47952       825.37012            5.47        09:32:33        4.20e-02        2.00e+00
       37369937        70.48104       826.37013            5.47        09:32:12        4.20e-02        2.00e+00
DEBUG @ t=37370000: current_coupling=0.042, last=0.042
       37370992        70.48276       827.37038            5.47        09:31:53        4.20e-02        2.00e+00
       37372000        70.48422       828.37088            5.47        09:31:33        4.20e-02        2.00e+00
       37372990        70.48510       829.37097            5.47        09:31:12        4.20e-02        2.00e+00
       37374072        70.48651       830.37178            5.47        09:30:55        4.20e-02        2.00e+00
       37375024        70.48883       831.37218            5.47        09:30:32        4.20e-02        2.00e+00
       37376142        70.49186       832.37298            5.47        09:30:15        4.20e-02        2.00e+00
       37377122        70.49302       833.37355            5.47        09:29:53        4.20e-02        2.00e+00
       37378223        70.49448       834.37362            5.47        09:29:36        4.20e-02        2.00e+00
       37379342        70.49651       835.37377            5.47        09:29:20        4.20e-02        2.00e+00
DEBUG @ t=37380000: current_coupling=0.042, last=0.042
       37380362        70.49801       836.37382            5.48        09:29:00        4.20e-02        2.00e+00
       37381459        70.49992       837.37390            5.48        09:28:43        4.20e-02        2.00e+00
       37382441        70.50055       838.37488            5.48        09:28:22        4.20e-02        2.00e+00
       37383458        70.50144       839.37496            5.48        09:28:02        4.20e-02        2.00e+00
       37384522        70.50359       840.37584            5.48        09:27:43        4.20e-02        2.00e+00
       37385511        70.50850       841.37595            5.48        09:27:21        4.20e-02        2.00e+00
       37386458        70.51154       842.37625            5.48        09:26:58        4.20e-02        2.00e+00
       37387471        70.51290       843.37710            5.48        09:26:38        4.20e-02        2.00e+00
       37388426        70.51329       844.37791            5.48        09:26:16        4.20e-02        2.00e+00
       37389357        70.51381       845.37815            5.48        09:25:53        4.20e-02        2.00e+00
DEBUG @ t=37390000: current_coupling=0.042, last=0.042
       37390377        70.51512       846.37830            5.48        09:25:34        4.20e-02        2.00e+00
       37391534        70.51653       847.37876            5.48        09:25:19        4.20e-02        2.00e+00
       37392560        70.51808       848.37878            5.48        09:24:59        4.20e-02        2.00e+00
       37393675        70.51947       849.37934            5.48        09:24:43        4.20e-02        2.00e+00
       37394763        70.52039       850.38014            5.48        09:24:26        4.20e-02        2.00e+00
       37395801        70.52162       851.38032            5.48        09:24:07        4.20e-02        2.00e+00
       37396784        70.52289       852.38046            5.49        09:23:46        4.20e-02        2.00e+00
       37397804        70.52400       853.38098            5.49        09:23:26        4.20e-02        2.00e+00
       37398864        70.52441       854.38181            5.49        09:23:09        4.20e-02        2.00e+00
       37399901        70.52643       855.38186            5.49        09:22:49        4.20e-02        2.00e+00
DEBUG @ t=37400000: current_coupling=0.042, last=0.042
[HDF5 Writer DEBUG] timestep=37400000, current_time_ps=855.481, last_output_time=855.4786234469666, write_count=81778
       37400914        70.52827       856.38202            5.49        09:22:29        4.20e-02        2.00e+00
       37401950        70.52982       857.38258            5.49        09:22:10        4.20e-02        2.00e+00
       37402948        70.53088       858.38284            5.49        09:21:50        4.20e-02        2.00e+00
       37403943        70.53236       859.38310            5.49        09:21:29        4.20e-02        2.00e+00
       37404976        70.53369       860.38312            5.49        09:21:10        4.20e-02        2.00e+00
       37405986        70.53434       861.38343            5.49        09:20:51        4.20e-02        2.00e+00
       37407004        70.53510       862.38377            5.49        09:20:31        4.20e-02        2.00e+00
       37408071        70.53704       863.38397            5.49        09:20:13        4.20e-02        2.00e+00
       37409058        70.53884       864.38458            5.49        09:19:52        4.20e-02        2.00e+00
DEBUG @ t=37410000: current_coupling=0.042, last=0.042
       37410034        70.53889       865.38516            5.49        09:19:32        4.20e-02        2.00e+00
       37411133        70.54056       866.38564            5.49        09:19:15        4.20e-02        2.00e+00
       37412248        70.54212       867.38572            5.49        09:18:59        4.20e-02        2.00e+00
       37413246        70.54288       868.38602            5.49        09:18:39        4.20e-02        2.00e+00
       37414339        70.54451       869.38633            5.49        09:18:21        4.20e-02        2.00e+00
       37415316        70.54591       870.38648            5.50        09:18:00        4.20e-02        2.00e+00
       37416283        70.54712       871.38663            5.50        09:17:39        4.20e-02        2.00e+00
       37417380        70.54863       872.38719            5.50        09:17:22        4.20e-02        2.00e+00
       37418404        70.54964       873.38750            5.50        09:17:03        4.20e-02        2.00e+00
       37419363        70.55092       874.38803            5.50        09:16:42        4.20e-02        2.00e+00
DEBUG @ t=37420000: current_coupling=0.042, last=0.042
       37420406        70.55268       875.38850            5.50        09:16:23        4.20e-02        2.00e+00
       37421392        70.55440       876.38853            5.50        09:16:02        4.20e-02        2.00e+00
       37422334        70.55614       877.38877            5.50        09:15:40        4.20e-02        2.00e+00
       37423390        70.55851       878.38882            5.50        09:15:21        4.20e-02        2.00e+00
       37424339        70.55974       879.38904            5.50        09:15:00        4.20e-02        2.00e+00
       37425370        70.56139       880.38983            5.50        09:14:40        4.20e-02        2.00e+00
       37426303        70.56274       881.39069            5.50        09:14:18        4.20e-02        2.00e+00
       37427365        70.56454       882.39163            5.50        09:14:00        4.20e-02        2.00e+00
       37428385        70.56537       883.39250            5.50        09:13:41        4.20e-02        2.00e+00
       37429411        70.56593       884.39286            5.51        09:13:22        4.20e-02        2.00e+00
DEBUG @ t=37430000: current_coupling=0.042, last=0.042
       37430413        70.56732       885.39321            5.51        09:13:02        4.20e-02        2.00e+00
       37431460        70.56945       886.39342            5.51        09:12:43        4.20e-02        2.00e+00
       37432387        70.57015       887.39388            5.51        09:12:21        4.20e-02        2.00e+00
       37433293        70.57049       888.39403            5.51        09:11:59        4.20e-02        2.00e+00
       37434233        70.57095       889.39469            5.51        09:11:37        4.20e-02        2.00e+00
       37435207        70.57149       890.39566            5.51        09:11:17        4.20e-02        2.00e+00
       37436276        70.57276       891.39593            5.51        09:10:59        4.20e-02        2.00e+00
       37437302        70.57371       892.39623            5.51        09:10:40        4.20e-02        2.00e+00
       37438294        70.57432       893.39702            5.51        09:10:20        4.20e-02        2.00e+00
       37439292        70.57477       894.39785            5.51        09:10:01        4.20e-02        2.00e+00
DEBUG @ t=37440000: current_coupling=0.042, last=0.042
       37440277        70.57538       895.39855            5.51        09:09:41        4.20e-02        2.00e+00
       37441275        70.57608       896.39901            5.51        09:09:21        4.20e-02        2.00e+00
       37442252        70.57705       897.39961            5.51        09:09:01        4.20e-02        2.00e+00
       37443261        70.57805       898.40060            5.52        09:08:41        4.20e-02        2.00e+00
       37444308        70.57900       899.40104            5.52        09:08:23        4.20e-02        2.00e+00
       37445336        70.57992       900.40165            5.52        09:08:05        4.20e-02        2.00e+00
       37446298        70.58139       901.40247            5.52        09:07:44        4.20e-02        2.00e+00
       37447219        70.58204       902.40332            5.52        09:07:21        4.20e-02        2.00e+00
       37448106        70.58256       903.40388            5.52        09:06:58        4.20e-02        2.00e+00
       37449078        70.58397       904.40479            5.52        09:06:38        4.20e-02        2.00e+00
DEBUG @ t=37450000: current_coupling=0.042, last=0.042
       37450088        70.58569       905.40507            5.52        09:06:18        4.20e-02        2.00e+00
       37451063        70.58679       906.40524            5.52        09:05:58        4.20e-02        2.00e+00
       37452013        70.58781       907.40569            5.52        09:05:36        4.20e-02        2.00e+00
       37453012        70.58900       908.40617            5.52        09:05:17        4.20e-02        2.00e+00
       37454030        70.59024       909.40659            5.52        09:04:58        4.20e-02        2.00e+00
       37454978        70.59198       910.40704            5.53        09:04:36        4.20e-02        2.00e+00
       37455926        70.59284       911.40774            5.53        09:04:15        4.20e-02        2.00e+00
       37456896        70.59373       912.40832            5.53        09:03:55        4.20e-02        2.00e+00
       37457812        70.59422       913.40878            5.53        09:03:33        4.20e-02        2.00e+00
       37458702        70.59473       914.40908            5.53        09:03:10        4.20e-02        2.00e+00
       37459601        70.59515       915.40949            5.53        09:02:48        4.20e-02        2.00e+00
DEBUG @ t=37460000: current_coupling=0.042, last=0.042
       37460510        70.59565       916.40962            5.53        09:02:25        4.20e-02        2.00e+00
       37461573        70.59635       917.41061            5.53        09:02:08        4.20e-02        2.00e+00
       37462537        70.59813       918.41136            5.53        09:01:47        4.20e-02        2.00e+00
       37463496        70.59903       919.41225            5.53        09:01:27        4.20e-02        2.00e+00
       37464589        70.60093       920.41269            5.53        09:01:10        4.20e-02        2.00e+00
       37465607        70.60209       921.41286            5.53        09:00:51        4.20e-02        2.00e+00
       37466601        70.60278       922.41389            5.53        09:00:31        4.20e-02        2.00e+00
       37467478        70.60333       923.41415            5.54        09:00:08        4.20e-02        2.00e+00
       37468436        70.60409       924.41509            5.54        08:59:48        4.20e-02        2.00e+00
       37469473        70.60493       925.41593            5.54        08:59:30        4.20e-02        2.00e+00
DEBUG @ t=37470000: current_coupling=0.042, last=0.042
       37470569        70.60585       926.41664            5.54        08:59:13        4.20e-02        2.00e+00
       37471589        70.60722       927.41771            5.54        08:58:55        4.20e-02        2.00e+00
       37472540        70.60836       928.41834            5.54        08:58:34        4.20e-02        2.00e+00
       37473544        70.60857       929.41942            5.54        08:58:15        4.20e-02        2.00e+00
       37474437        70.60868       930.41956            5.54        08:57:53        4.20e-02        2.00e+00
       37475397        70.60919       931.41991            5.54        08:57:32        4.20e-02        2.00e+00
       37476256        70.60930       932.42006            5.54        08:57:09        4.20e-02        2.00e+00
       37477157        70.61020       933.42026            5.54        08:56:47        4.20e-02        2.00e+00
       37478059        70.61064       934.42120            5.54        08:56:25        4.20e-02        2.00e+00
       37479101        70.61176       935.42154            5.55        08:56:07        4.20e-02        2.00e+00
DEBUG @ t=37480000: current_coupling=0.042, last=0.042
       37480149        70.61206       936.42198            5.55        08:55:50        4.20e-02        2.00e+00
       37481268        70.61273       937.42281            5.55        08:55:34        4.20e-02        2.00e+00
       37482284        70.61460       938.42292            5.55        08:55:15        4.20e-02        2.00e+00
       37483389        70.61629       939.42380            5.55        08:54:59        4.20e-02        2.00e+00
       37484494        70.61679       940.42464            5.55        08:54:43        4.20e-02        2.00e+00
       37485522        70.61834       941.42551            5.55        08:54:25        4.20e-02        2.00e+00
       37486618        70.61880       942.42586            5.55        08:54:09        4.20e-02        2.00e+00
       37487630        70.61908       943.42677            5.55        08:53:50        4.20e-02        2.00e+00
       37488563        70.61977       944.42682            5.55        08:53:29        4.20e-02        2.00e+00
       37489726        70.62232       945.42725            5.55        08:53:14        4.20e-02        2.00e+00
DEBUG @ t=37490000: current_coupling=0.042, last=0.042
       37490810        70.62499       946.42761            5.55        08:52:57        4.20e-02        2.00e+00
       37491822        70.62605       947.42778            5.55        08:52:38        4.20e-02        2.00e+00
       37492844        70.62534       948.42843            5.55        08:52:21        4.20e-02        2.00e+00
       37493947        70.61908       949.42864            5.55        08:52:08        4.20e-02        2.00e+00
       37495044        70.61345       950.42955            5.55        08:51:55        4.20e-02        2.00e+00
       37496088        70.60983       951.43036            5.55        08:51:39        4.20e-02        2.00e+00
       37497127        70.60848       952.43061            5.55        08:51:22        4.20e-02        2.00e+00
       37498098        70.60633       953.43118            5.55        08:51:04        4.20e-02        2.00e+00
       37499061        70.60415       954.43152            5.55        08:50:45        4.20e-02        2.00e+00
DEBUG @ t=37500000: current_coupling=0.042, last=0.042
[HDF5 Writer DEBUG] timestep=37500000, current_time_ps=955.373, last_output_time=955.3707946793796, write_count=91283
       37500060        70.60252       955.43217            5.55        08:50:27        4.20e-02        2.00e+00
       37501027        70.60067       956.43238            5.55        08:50:09        4.20e-02        2.00e+00
       37502010        70.59737       957.43301            5.55        08:49:51        4.20e-02        2.00e+00
       37503042        70.59565       958.43353            5.55        08:49:34        4.20e-02        2.00e+00
       37504084        70.59349       959.43385            5.55        08:49:18        4.20e-02        2.00e+00
       37505193        70.59180       960.43402            5.55        08:49:03        4.20e-02        2.00e+00
       37506160        70.59016       961.43495            5.55        08:48:44        4.20e-02        2.00e+00
       37507189        70.58950       962.43575            5.55        08:48:27        4.20e-02        2.00e+00
       37508217        70.58844       963.43673            5.55        08:48:10        4.20e-02        2.00e+00
       37509218        70.58879       964.43679            5.55        08:47:51        4.20e-02        2.00e+00
DEBUG @ t=37510000: current_coupling=0.042, last=0.042
       37510205        70.58996       965.43723            5.55        08:47:32        4.20e-02        2.00e+00
       37511183        70.58974       966.43770            5.55        08:47:13        4.20e-02        2.00e+00
       37512168        70.58914       967.43842            5.55        08:46:54        4.20e-02        2.00e+00
       37513114        70.58803       968.43915            5.56        08:46:34        4.20e-02        2.00e+00
       37514081        70.58761       969.43928            5.56        08:46:15        4.20e-02        2.00e+00
       37515081        70.58743       970.43939            5.56        08:45:57        4.20e-02        2.00e+00
       37516118        70.58624       971.44014            5.56        08:45:40        4.20e-02        2.00e+00
       37517094        70.58481       972.44054            5.56        08:45:21        4.20e-02        2.00e+00
       37518015        70.58374       973.44112            5.56        08:45:01        4.20e-02        2.00e+00
       37518960        70.58301       974.44114            5.56        08:44:41        4.20e-02        2.00e+00
       37519961        70.58222       975.44171            5.56        08:44:23        4.20e-02        2.00e+00
DEBUG @ t=37520000: current_coupling=0.042, last=0.042
       37520967        70.58081       976.44207            5.56        08:44:06        4.20e-02        2.00e+00
       37521920        70.57863       977.44278            5.56        08:43:47        4.20e-02        2.00e+00
       37522940        70.57600       978.44327            5.56        08:43:30        4.20e-02        2.00e+00
       37524023        70.57089       979.44336            5.56        08:43:17        4.20e-02        2.00e+00
       37525061        70.56553       980.44410            5.56        08:43:02        4.20e-02        2.00e+00
       37526119        70.55950       981.44450            5.56        08:42:48        4.20e-02        2.00e+00
       37527121        70.55333       982.44461            5.56        08:42:32        4.20e-02        2.00e+00
       37528186        70.55010       983.44507            5.56        08:42:17        4.20e-02        2.00e+00
       37529291        70.54834       984.44559            5.56        08:42:03        4.20e-02        2.00e+00
DEBUG @ t=37530000: current_coupling=0.042, last=0.042
       37530400        70.54645       985.44612            5.56        08:41:48        4.20e-02        2.00e+00
       37531497        70.54480       986.44661            5.56        08:41:33        4.20e-02        2.00e+00
       37532582        70.54348       987.44677            5.56        08:41:18        4.20e-02        2.00e+00
       37533599        70.54277       988.44766            5.56        08:41:01        4.20e-02        2.00e+00
       37534581        70.54144       989.44857            5.56        08:40:42        4.20e-02        2.00e+00
       37535485        70.54077       990.44863            5.56        08:40:22        4.20e-02        2.00e+00
       37536553        70.53936       991.44883            5.56        08:40:06        4.20e-02        2.00e+00
       37537590        70.53729       992.44911            5.56        08:39:49        4.20e-02        2.00e+00
       37538520        70.53571       993.44934            5.56        08:39:30        4.20e-02        2.00e+00
       37539700        70.53431       994.44972            5.56        08:39:17        4.20e-02        2.00e+00
DEBUG @ t=37540000: current_coupling=0.042, last=0.042
       37540895        70.53208       995.44972            5.56        08:39:06        4.20e-02        2.00e+00
       37542037        70.53026       996.44991            5.56        08:38:52        4.20e-02        2.00e+00
       37543172        70.52866       997.45024            5.56        08:38:38        4.20e-02        2.00e+00
       37544315        70.52761       998.45084            5.56        08:38:25        4.20e-02        2.00e+00
       37545404        70.52554       999.45132            5.56        08:38:10        4.20e-02        2.00e+00
Added F(k,t) reference 5 at t = 1000.003 ps
       37546495        70.52188      1000.45154            5.56        08:37:56        4.20e-02        2.00e+00
       37547544        70.51853      1001.45234            5.56        08:37:40        4.20e-02        2.00e+00
       37548582        70.51331      1002.45307            5.56        08:37:25        4.20e-02        2.00e+00
       37549675        70.50778      1003.45327            5.56        08:37:12        4.20e-02        2.00e+00
DEBUG @ t=37550000: current_coupling=0.042, last=0.042
       37550731        70.50267      1004.45412            5.56        08:36:58        4.20e-02        2.00e+00
       37551773        70.49781      1005.45461            5.56        08:36:43        4.20e-02        2.00e+00
       37552747        70.49444      1006.45533            5.56        08:36:25        4.20e-02        2.00e+00
       37553771        70.49203      1007.45539            5.56        08:36:09        4.20e-02        2.00e+00
       37554903        70.49030      1008.45617            5.56        08:35:55        4.20e-02        2.00e+00
       37555934        70.48885      1009.45695            5.56        08:35:38        4.20e-02        2.00e+00
       37557033        70.48779      1010.45724            5.56        08:35:23        4.20e-02        2.00e+00
       37558112        70.48918      1011.45751            5.56        08:35:07        4.20e-02        2.00e+00
       37559120        70.48791      1012.45768            5.56        08:34:49        4.20e-02        2.00e+00
DEBUG @ t=37560000: current_coupling=0.042, last=0.042
       37560073        70.48615      1013.45828            5.56        08:34:30        4.20e-02        2.00e+00
       37561061        70.48506      1014.45855            5.56        08:34:12        4.20e-02        2.00e+00
       37562074        70.48420      1015.45935            5.56        08:33:55        4.20e-02        2.00e+00
       37563163        70.48332      1016.46009            5.56        08:33:40        4.20e-02        2.00e+00
       37564136        70.48324      1017.46043            5.56        08:33:21        4.20e-02        2.00e+00
       37565085        70.48277      1018.46145            5.56        08:33:01        4.20e-02        2.00e+00
       37566093        70.48214      1019.46171            5.56        08:32:44        4.20e-02        2.00e+00
       37567128        70.48078      1020.46178            5.56        08:32:27        4.20e-02        2.00e+00
       37568081        70.47909      1021.46193            5.56        08:32:08        4.20e-02        2.00e+00
       37569091        70.47786      1022.46250            5.56        08:31:51        4.20e-02        2.00e+00
DEBUG @ t=37570000: current_coupling=0.042, last=0.042
       37570211        70.47726      1023.46264            5.56        08:31:36        4.20e-02        2.00e+00
       37571279        70.47556      1024.46297            5.56        08:31:21        4.20e-02        2.00e+00
       37572292        70.47360      1025.46385            5.56        08:31:04        4.20e-02        2.00e+00
       37573278        70.46981      1026.46407            5.56        08:30:47        4.20e-02        2.00e+00
       37574312        70.46712      1027.46489            5.56        08:30:31        4.20e-02        2.00e+00
       37575423        70.46304      1028.46530            5.56        08:30:18        4.20e-02        2.00e+00
       37576384        70.45929      1029.46551            5.56        08:30:00        4.20e-02        2.00e+00
       37577305        70.45554      1030.46606            5.56        08:29:42        4.20e-02        2.00e+00
       37578253        70.45353      1031.46677            5.56        08:29:23        4.20e-02        2.00e+00
       37579375        70.45345      1032.46750            5.56        08:29:08        4.20e-02        2.00e+00
DEBUG @ t=37580000: current_coupling=0.042, last=0.042
       37580462        70.45184      1033.46840            5.56        08:28:53        4.20e-02        2.00e+00
       37581531        70.45460      1034.46852            5.56        08:28:36        4.20e-02        2.00e+00
       37582546        70.45284      1035.46947            5.57        08:28:19        4.20e-02        2.00e+00
       37583557        70.45087      1036.46985            5.57        08:28:02        4.20e-02        2.00e+00
       37584629        70.44907      1037.46988            5.57        08:27:46        4.20e-02        2.00e+00
       37585729        70.44702      1038.47081            5.57        08:27:32        4.20e-02        2.00e+00
       37586802        70.44588      1039.47082            5.57        08:27:16        4.20e-02        2.00e+00
       37587909        70.44501      1040.47124            5.57        08:27:02        4.20e-02        2.00e+00
       37588946        70.44464      1041.47131            5.57        08:26:45        4.20e-02        2.00e+00
       37589912        70.44443      1042.47185            5.57        08:26:26        4.20e-02        2.00e+00
DEBUG @ t=37590000: current_coupling=0.042, last=0.042
       37590979        70.44526      1043.47202            5.57        08:26:09        4.20e-02        2.00e+00
       37592098        70.44462      1044.47239            5.57        08:25:55        4.20e-02        2.00e+00
       37593064        70.44203      1045.47313            5.57        08:25:37        4.20e-02        2.00e+00
       37594048        70.44033      1046.47388            5.57        08:25:19        4.20e-02        2.00e+00
       37595128        70.43770      1047.47412            5.57        08:25:04        4.20e-02        2.00e+00
       37596203        70.43427      1048.47473            5.57        08:24:50        4.20e-02        2.00e+00
       37597240        70.43161      1049.47541            5.57        08:24:34        4.20e-02        2.00e+00
       37598227        70.42953      1050.47541            5.57        08:24:16        4.20e-02        2.00e+00
       37599245        70.42807      1051.47638            5.57        08:24:00        4.20e-02        2.00e+00
DEBUG @ t=37600000: current_coupling=0.042, last=0.042
[HDF5 Writer DEBUG] timestep=37600000, current_time_ps=1052.193, last_output_time=1052.187027228095, write_count=100505
       37600300        70.42593      1052.47641            5.57        08:23:44        4.20e-02        2.00e+00
       37601343        70.42343      1053.47679            5.57        08:23:28        4.20e-02        2.00e+00
       37602386        70.41998      1054.47729            5.57        08:23:13        4.20e-02        2.00e+00
       37603340        70.41789      1055.47798            5.57        08:22:55        4.20e-02        2.00e+00
       37604304        70.41577      1056.47825            5.57        08:22:37        4.20e-02        2.00e+00
       37605237        70.41419      1057.47859            5.57        08:22:18        4.20e-02        2.00e+00
       37606168        70.41335      1058.47921            5.57        08:21:58        4.20e-02        2.00e+00
       37607139        70.41253      1059.47947            5.57        08:21:40        4.20e-02        2.00e+00
       37608117        70.41214      1060.47948            5.57        08:21:22        4.20e-02        2.00e+00
       37609085        70.41065      1061.48013            5.57        08:21:03        4.20e-02        2.00e+00
DEBUG @ t=37610000: current_coupling=0.042, last=0.042
       37610040        70.40897      1062.48037            5.57        08:20:45        4.20e-02        2.00e+00
       37611020        70.40729      1063.48112            5.57        08:20:27        4.20e-02        2.00e+00
       37611997        70.40580      1064.48192            5.57        08:20:09        4.20e-02        2.00e+00
       37612993        70.40429      1065.48246            5.57        08:19:52        4.20e-02        2.00e+00
       37614014        70.40223      1066.48275            5.57        08:19:36        4.20e-02        2.00e+00
       37615043        70.40110      1067.48283            5.57        08:19:19        4.20e-02        2.00e+00
       37616078        70.39966      1068.48353            5.57        08:19:03        4.20e-02        2.00e+00
       37617059        70.39761      1069.48399            5.57        08:18:45        4.20e-02        2.00e+00
       37618053        70.39630      1070.48451            5.57        08:18:28        4.20e-02        2.00e+00
       37619014        70.39298      1071.48458            5.57        08:18:10        4.20e-02        2.00e+00
DEBUG @ t=37620000: current_coupling=0.042, last=0.042
       37620016        70.39037      1072.48520            5.57        08:17:54        4.20e-02        2.00e+00
       37621035        70.38796      1073.48610            5.57        08:17:37        4.20e-02        2.00e+00
       37622058        70.38520      1074.48687            5.57        08:17:21        4.20e-02        2.00e+00
       37623037        70.38341      1075.48692            5.58        08:17:04        4.20e-02        2.00e+00
       37623966        70.38198      1076.48798            5.58        08:16:45        4.20e-02        2.00e+00
       37624955        70.38061      1077.48874            5.58        08:16:27        4.20e-02        2.00e+00
       37625980        70.37832      1078.48876            5.58        08:16:11        4.20e-02        2.00e+00
       37626976        70.37495      1079.48958            5.58        08:15:54        4.20e-02        2.00e+00
       37627980        70.37069      1080.48980            5.58        08:15:38        4.20e-02        2.00e+00
       37628928        70.36916      1081.49018            5.58        08:15:20        4.20e-02        2.00e+00
       37629919        70.36923      1082.49030            5.58        08:15:02        4.20e-02        2.00e+00
DEBUG @ t=37630000: current_coupling=0.042, last=0.042
       37630950        70.36844      1083.49061            5.58        08:14:45        4.20e-02        2.00e+00
       37631956        70.36695      1084.49091            5.58        08:14:28        4.20e-02        2.00e+00
       37633015        70.36668      1085.49150            5.58        08:14:12        4.20e-02        2.00e+00
       37634094        70.36605      1086.49195            5.58        08:13:57        4.20e-02        2.00e+00
       37635089        70.36606      1087.49241            5.58        08:13:39        4.20e-02        2.00e+00
       37636142        70.36450      1088.49300            5.58        08:13:23        4.20e-02        2.00e+00
       37637196        70.36253      1089.49329            5.58        08:13:07        4.20e-02        2.00e+00
       37638222        70.36093      1090.49377            5.58        08:12:51        4.20e-02        2.00e+00
       37639182        70.35898      1091.49447            5.58        08:12:33        4.20e-02        2.00e+00
DEBUG @ t=37640000: current_coupling=0.042, last=0.042
       37640261        70.35660      1092.49457            5.58        08:12:18        4.20e-02        2.00e+00
       37641243        70.35438      1093.49537            5.58        08:12:01        4.20e-02        2.00e+00
       37642269        70.35090      1094.49558            5.58        08:11:45        4.20e-02        2.00e+00
       37643262        70.34764      1095.49571            5.58        08:11:29        4.20e-02        2.00e+00
       37644255        70.34466      1096.49595            5.58        08:11:12        4.20e-02        2.00e+00
       37645204        70.34237      1097.49650            5.58        08:10:54        4.20e-02        2.00e+00
       37646158        70.34058      1098.49728            5.58        08:10:36        4.20e-02        2.00e+00
       37647146        70.33870      1099.49800            5.58        08:10:19        4.20e-02        2.00e+00
       37648188        70.33674      1100.49885            5.58        08:10:03        4.20e-02        2.00e+00
       37649260        70.33407      1101.49957            5.58        08:09:48        4.20e-02        2.00e+00
DEBUG @ t=37650000: current_coupling=0.042, last=0.042
       37650234        70.33076      1102.49958            5.58        08:09:32        4.20e-02        2.00e+00
       37651286        70.32780      1103.50045            5.58        08:09:16        4.20e-02        2.00e+00
       37652294        70.32465      1104.50081            5.58        08:09:00        4.20e-02        2.00e+00
       37653312        70.32183      1105.50093            5.58        08:08:44        4.20e-02        2.00e+00
       37654369        70.31983      1106.50155            5.58        08:08:29        4.20e-02        2.00e+00
       37655336        70.31881      1107.50166            5.58        08:08:11        4.20e-02        2.00e+00
       37656393        70.31971      1108.50210            5.58        08:07:54        4.20e-02        2.00e+00
       37657450        70.31934      1109.50246            5.58        08:07:38        4.20e-02        2.00e+00
       37658418        70.31833      1110.50310            5.58        08:07:20        4.20e-02        2.00e+00
       37659410        70.31723      1111.50368            5.58        08:07:03        4.20e-02        2.00e+00
DEBUG @ t=37660000: current_coupling=0.042, last=0.042
       37660425        70.31575      1112.50433            5.58        08:06:46        4.20e-02        2.00e+00
       37661455        70.31413      1113.50515            5.58        08:06:30        4.20e-02        2.00e+00
       37662441        70.31232      1114.50538            5.58        08:06:13        4.20e-02        2.00e+00
       37663337        70.31066      1115.50557            5.58        08:05:53        4.20e-02        2.00e+00
       37664249        70.30954      1116.50633            5.59        08:05:34        4.20e-02        2.00e+00
       37665202        70.30676      1117.50654            5.59        08:05:16        4.20e-02        2.00e+00
       37666256        70.30496      1118.50712            5.59        08:05:01        4.20e-02        2.00e+00
       37667347        70.30375      1119.50769            5.59        08:04:46        4.20e-02        2.00e+00
       37668406        70.30323      1120.50786            5.59        08:04:30        4.20e-02        2.00e+00
       37669348        70.30298      1121.50862            5.59        08:04:11        4.20e-02        2.00e+00
DEBUG @ t=37670000: current_coupling=0.042, last=0.042
       37670329        70.30231      1122.50951            5.59        08:03:53        4.20e-02        2.00e+00
       37671355        70.30071      1123.51051            5.59        08:03:37        4.20e-02        2.00e+00
       37672307        70.29928      1124.51069            5.59        08:03:19        4.20e-02        2.00e+00
       37673241        70.29687      1125.51082            5.59        08:03:01        4.20e-02        2.00e+00
       37674207        70.29465      1126.51100            5.59        08:02:43        4.20e-02        2.00e+00
       37675278        70.29186      1127.51185            5.59        08:02:29        4.20e-02        2.00e+00
       37676242        70.28891      1128.51223            5.59        08:02:12        4.20e-02        2.00e+00
       37677244        70.28689      1129.51257            5.59        08:01:55        4.20e-02        2.00e+00
       37678210        70.28549      1130.51307            5.59        08:01:37        4.20e-02        2.00e+00
       37679144        70.28375      1131.51405            5.59        08:01:19        4.20e-02        2.00e+00
DEBUG @ t=37680000: current_coupling=0.042, last=0.042
       37680152        70.28172      1132.51445            5.59        08:01:02        4.20e-02        2.00e+00
       37681178        70.27969      1133.51531            5.59        08:00:46        4.20e-02        2.00e+00
       37682212        70.27914      1134.51593            5.59        08:00:30        4.20e-02        2.00e+00
       37683251        70.27916      1135.51644            5.59        08:00:13        4.20e-02        2.00e+00
       37684190        70.27766      1136.51732            5.59        07:59:55        4.20e-02        2.00e+00
       37685043        70.27578      1137.51842            5.59        07:59:35        4.20e-02        2.00e+00
       37685949        70.27393      1138.51929            5.59        07:59:16        4.20e-02        2.00e+00
       37686974        70.27189      1139.51937            5.59        07:59:00        4.20e-02        2.00e+00
       37688078        70.26946      1140.52025            5.59        07:58:46        4.20e-02        2.00e+00
       37689171        70.26748      1141.52070            5.59        07:58:31        4.20e-02        2.00e+00
DEBUG @ t=37690000: current_coupling=0.042, last=0.042
       37690134        70.26643      1142.52165            5.59        07:58:13        4.20e-02        2.00e+00
       37691089        70.26595      1143.52204            5.59        07:57:55        4.20e-02        2.00e+00
       37692148        70.26562      1144.52234            5.59        07:57:39        4.20e-02        2.00e+00
       37693192        70.26511      1145.52325            5.59        07:57:23        4.20e-02        2.00e+00
       37694119        70.26360      1146.52326            5.59        07:57:04        4.20e-02        2.00e+00
       37695272        70.26175      1147.52368            5.59        07:56:51        4.20e-02        2.00e+00
       37696242        70.25984      1148.52418            5.59        07:56:34        4.20e-02        2.00e+00
       37697250        70.25912      1149.52428            5.59        07:56:17        4.20e-02        2.00e+00
       37698356        70.25815      1150.52462            5.59        07:56:02        4.20e-02        2.00e+00
       37699447        70.25670      1151.52491            5.59        07:55:48        4.20e-02        2.00e+00
DEBUG @ t=37700000: current_coupling=0.042, last=0.042
[HDF5 Writer DEBUG] timestep=37700000, current_time_ps=1152.064, last_output_time=1152.0609796517624, write_count=110009
       37700479        70.25497      1152.52495            5.59        07:55:32        4.20e-02        2.00e+00
       37701533        70.25300      1153.52523            5.59        07:55:16        4.20e-02        2.00e+00
       37702565        70.25160      1154.52611            5.59        07:55:00        4.20e-02        2.00e+00
       37703648        70.25063      1155.52700            5.59        07:54:45        4.20e-02        2.00e+00
       37704760        70.25097      1156.52777            5.59        07:54:30        4.20e-02        2.00e+00
       37705836        70.24906      1157.52782            5.59        07:54:15        4.20e-02        2.00e+00
       37706836        70.24689      1158.52786            5.59        07:53:59        4.20e-02        2.00e+00
       37707884        70.24530      1159.52796            5.59        07:53:43        4.20e-02        2.00e+00
       37708891        70.24364      1160.52819            5.59        07:53:27        4.20e-02        2.00e+00
       37709942        70.24447      1161.52851            5.59        07:53:10        4.20e-02        2.00e+00
DEBUG @ t=37710000: current_coupling=0.042, last=0.042
       37711062        70.24393      1162.52910            5.59        07:52:56        4.20e-02        2.00e+00
       37712133        70.24373      1163.52955            5.59        07:52:40        4.20e-02        2.00e+00
       37713230        70.24348      1164.53037            5.59        07:52:25        4.20e-02        2.00e+00
       37714240        70.24306      1165.53061            5.60        07:52:08        4.20e-02        2.00e+00
       37715317        70.24101      1166.53075            5.59        07:51:53        4.20e-02        2.00e+00
       37716276        70.24014      1167.53164            5.60        07:51:35        4.20e-02        2.00e+00
       37717231        70.23909      1168.53252            5.60        07:51:17        4.20e-02        2.00e+00
       37718219        70.23800      1169.53281            5.60        07:51:00        4.20e-02        2.00e+00
       37719219        70.23828      1170.53334            5.60        07:50:43        4.20e-02        2.00e+00
DEBUG @ t=37720000: current_coupling=0.042, last=0.042
       37720249        70.23795      1171.53422            5.60        07:50:26        4.20e-02        2.00e+00
       37721238        70.23625      1172.53516            5.60        07:50:09        4.20e-02        2.00e+00
       37722319        70.23694      1173.53570            5.60        07:49:53        4.20e-02        2.00e+00
       37723381        70.23535      1174.53599            5.60        07:49:38        4.20e-02        2.00e+00
       37724463        70.23458      1175.53611            5.60        07:49:23        4.20e-02        2.00e+00
       37725573        70.23381      1176.53668            5.60        07:49:08        4.20e-02        2.00e+00
       37726616        70.23269      1177.53729            5.60        07:48:52        4.20e-02        2.00e+00
       37727670        70.23141      1178.53791            5.60        07:48:37        4.20e-02        2.00e+00
       37728744        70.23081      1179.53876            5.60        07:48:21        4.20e-02        2.00e+00
       37729741        70.23012      1180.53942            5.60        07:48:04        4.20e-02        2.00e+00
DEBUG @ t=37730000: current_coupling=0.042, last=0.042
       37730650        70.22924      1181.53944            5.60        07:47:45        4.20e-02        2.00e+00
       37731662        70.22735      1182.53945            5.60        07:47:29        4.20e-02        2.00e+00
       37732817        70.22573      1183.53976            5.60        07:47:16        4.20e-02        2.00e+00
       37733934        70.22466      1184.53985            5.60        07:47:01        4.20e-02        2.00e+00
       37735060        70.22383      1185.53995            5.60        07:46:47        4.20e-02        2.00e+00
       37736113        70.22338      1186.54006            5.60        07:46:31        4.20e-02        2.00e+00
       37737253        70.22260      1187.54061            5.60        07:46:17        4.20e-02        2.00e+00
       37738387        70.22216      1188.54118            5.60        07:46:03        4.20e-02        2.00e+00
       37739601        70.22167      1189.54188            5.60        07:45:51        4.20e-02        2.00e+00
DEBUG @ t=37740000: current_coupling=0.042, last=0.042
       37740775        70.22171      1190.54252            5.60        07:45:37        4.20e-02        2.00e+00
       37741898        70.22052      1191.54268            5.60        07:45:23        4.20e-02        2.00e+00
       37742994        70.21979      1192.54285            5.60        07:45:08        4.20e-02        2.00e+00
       37744121        70.21854      1193.54337            5.60        07:44:54        4.20e-02        2.00e+00
       37745325        70.21844      1194.54382            5.59        07:44:41        4.20e-02        2.00e+00
       37746494        70.21666      1195.54409            5.59        07:44:28        4.20e-02        2.00e+00
       37747596        70.21496      1196.54451            5.59        07:44:14        4.20e-02        2.00e+00
       37748815        70.21360      1197.54527            5.59        07:44:02        4.20e-02        2.00e+00
DEBUG @ t=37750000: current_coupling=0.042, last=0.042
       37750037        70.21193      1198.54577            5.59        07:43:50        4.20e-02        2.00e+00
       37751141        70.21050      1199.54623            5.59        07:43:36        4.20e-02        2.00e+00
Added F(k,t) reference 6 at t = 1200.003 ps
       37752237        70.20987      1200.54680            5.59        07:43:21        4.20e-02        2.00e+00
       37753433        70.20940      1201.54684            5.59        07:43:08        4.20e-02        2.00e+00
       37754553        70.20931      1202.54762            5.59        07:42:53        4.20e-02        2.00e+00
       37755650        70.21029      1203.54828            5.59        07:42:37        4.20e-02        2.00e+00
       37756705        70.21108      1204.54869            5.59        07:42:21        4.20e-02        2.00e+00
       37757868        70.21158      1205.54941            5.59        07:42:07        4.20e-02        2.00e+00
       37759013        70.21180      1206.55005            5.59        07:41:53        4.20e-02        2.00e+00
DEBUG @ t=37760000: current_coupling=0.042, last=0.042
       37760118        70.21119      1207.55008            5.59        07:41:38        4.20e-02        2.00e+00
       37761284        70.21026      1208.55078            5.59        07:41:24        4.20e-02        2.00e+00
       37762210        70.20951      1209.55162            5.59        07:41:06        4.20e-02        2.00e+00
2025-11-06 17:13:59 | ERROR | CRITICAL ERROR in simulation: Unable to synchronously flush file (file write failed: time = Thu Nov  6 17:13:59 2025
, filename = 'observables_replica_478.h5', file descriptor = 4, errno = 122, error message = 'Disk quota exceeded', buf = 0x55a295f7a020, total write size = 3972, bytes this sub-write = 3972, offset = 822080317)
2025-11-06 17:13:59 | ERROR | Full traceback:
2025-11-06 17:13:59 | ERROR | Traceback (most recent call last):
2025-11-06 17:13:59 | ERROR |   File "/scratch/mh7373/micromamba/envs/hoomd/lib/python3.12/site-packages/hoomd/cavitymd/simulation/core.py", line 4753, in run
2025-11-06 17:13:59 | ERROR |     self.run_simulation()
2025-11-06 17:13:59 | ERROR |   File "/scratch/mh7373/micromamba/envs/hoomd/lib/python3.12/site-packages/hoomd/cavitymd/simulation/core.py", line 4807, in run_simulation
2025-11-06 17:13:59 | ERROR |     self.sim.run(total_steps, write_at_start=True)
2025-11-06 17:13:59 | ERROR |   File "/scratch/mh7373/micromamba/envs/hoomd/lib/python3.12/site-packages/hoomd/simulation.py", line 561, in run
2025-11-06 17:13:59 | ERROR |     self._cpp_sys.run(steps_int, write_at_start)
2025-11-06 17:13:59 | ERROR |   File "/scratch/mh7373/micromamba/envs/hoomd/lib/python3.12/site-packages/hoomd/cavitymd/data.py", line 528, in act
2025-11-06 17:13:59 | ERROR |     self.file.flush()
2025-11-06 17:13:59 | ERROR |   File "/scratch/mh7373/micromamba/envs/hoomd/lib/python3.12/site-packages/h5py/_hl/files.py", line 639, in flush
2025-11-06 17:13:59 | ERROR |     h5f.flush(self.id)
2025-11-06 17:13:59 | ERROR |   File "h5py/_objects.pyx", line 56, in h5py._objects.with_phil.wrapper
2025-11-06 17:13:59 | ERROR |   File "h5py/_objects.pyx", line 57, in h5py._objects.with_phil.wrapper
2025-11-06 17:13:59 | ERROR |   File "h5py/h5f.pyx", line 159, in h5py.h5f.flush
2025-11-06 17:13:59 | ERROR | RuntimeError: Unable to synchronously flush file (file write failed: time = Thu Nov  6 17:13:59 2025
2025-11-06 17:13:59 | ERROR | , filename = 'observables_replica_478.h5', file descriptor = 4, errno = 122, error message = 'Disk quota exceeded', buf = 0x55a295f7a020, total write size = 3972, bytes this sub-write = 3972, offset = 822080317)
2025-11-06 17:13:59 | INFO | Cleanup initiated...
2025-11-06 17:13:59 | INFO | Closing HDF5 observable writer...
2025-11-06 17:13:59 | ERROR | Error closing HDF5 writer: Unable to synchronously flush file (file write failed: time = Thu Nov  6 17:13:59 2025
, filename = 'observables_replica_478.h5', file descriptor = 4, errno = 122, error message = 'Disk quota exceeded', buf = 0x55a296f85630, total write size = 3972, bytes this sub-write = 3972, offset = 822080317)
DEBUG: Cleanup called - checking for fkt_tracker
DEBUG: No fkt_tracker found or it's None
2025-11-06 17:13:59 | INFO | Returned to original directory: /scratch/mh7373/cav-hoomd/new_final_offres
2025-11-06 17:13:59 | INFO | Cleanup completed
ERROR: Replica 478 failed (coupling: 4.200000e-02 a.u.)

==================================================
Execution Summary
==================================================
Coupling constant used: 4.200000e-02 a.u.
Total replicas: 1
Successful: 0
Failed: 1
Wall time: 18695.94 seconds

WARNING: 1 replicas failed - check individual logs for details
✗ FAILED: DEBUG task 478
