SLURM Job ID: 1641966
SLURM Array Task ID: 42
Using frequency: 2060 cm-1
Fixed coupling strength (lambda): 0.042 (dimensionless)
Frame will be automatically set to: 42
Advanced Cavity MD Experiment Runner
==================================================
SLURM array job detected: Task 42 (Job 1641966)

*** COUPLING CONSTANT: 4.200000e-02 a.u. ***

Simulation Configuration:
  Cavity coupling: Enabled
    Coupling strength: 4.200000e-02 a.u.
    Frequency: 2060.0 cm⁻¹
    Finite-q mode: False
    Cavity thermostat: langevin
  Molecular thermostat: bussi
  Temperature: 100.0 K
  Runtime: 3000.0 ps
  Device: CPU
  Random seed: 0
  Velocity restart: Enabled - thermalizing velocities
  Momentum zeroing: Disabled

Starting execution for 1 replica(s)...
==================================================

Running replica 42...
>>> Will use FRAME 42 from init-0.gsd for this replica <<<
Running experiment:
  Cavity coupling: Enabled
  *** COUPLING STRENGTH: 4.200000e-02 a.u. ***
  Switch time: 200.0 ps
  Decay: None (step function)
  Damping ratio (zeta): 0.0
  Calculated dissipation (c): 0.0000e+00 a.u.
  Molecular thermostat: bussi
  Cavity thermostat: langevin
  Finite-q mode: False
  Replica: 42
  Frame: 42
  Output directory: coupling_420000e-07_freq_2060.0cm1_switch_200.0ps
  *** READING FRAME 42 FROM /scratch/mh7373/cav-hoomd/new_final_offres/init-0.gsd ***
  ✓ Successfully initialized simulation from frame 42
  ✓ Input file: /scratch/mh7373/cav-hoomd/new_final_offres/init-0.gsd
  ✓ Replica 42 ready to run...
2025-11-06 12:01:25 | INFO | ============================================================
2025-11-06 12:01:25 | INFO | CAVITY MD SIMULATION STARTED
2025-11-06 12:01:25 | INFO | ============================================================
2025-11-06 12:01:25 | INFO | Simulation: prod-42
2025-11-06 12:01:25 | INFO | Device: CPU
2025-11-06 12:01:25 | INFO | Runtime: 3000.0 ps
2025-11-06 12:01:25 | INFO | Temperature: 100.0 K
2025-11-06 12:01:25 | INFO | Random seed: 0
2025-11-06 12:01:25 | INFO | Cavity coupling: Enabled
2025-11-06 12:01:25 | INFO |   Frequency: 2060.0 cm^-1
2025-11-06 12:01:25 | INFO |   Lambda coupling: 0.042
2025-11-06 12:01:25 | INFO |   Epsilon (lambda * omega_c): 3.942141e-04 a.u.
2025-11-06 12:01:25 | INFO |   Finite-q mode: False
2025-11-06 12:01:25 | INFO | Molecular thermostat: bussi (tau=1.0 ps)
2025-11-06 12:01:25 | INFO | Cavity thermostat: langevin (tau=1.0 ps)
2025-11-06 12:01:25 | INFO | ============================================================
2025-11-06 12:01:25 | INFO | === Phase 1: Setting up simulation ===
2025-11-06 12:01:25 | INFO | Using default timestep for calculations: 0.0001 ps
2025-11-06 12:01:25 | INFO | Time conversions:
2025-11-06 12:01:25 | INFO |   Timestep: 0.0001 ps = 4.134138 a.u.
2025-11-06 12:01:25 | INFO |   Runtime: 3000.0 ps = 30000000 steps
2025-11-06 12:01:25 | INFO |   Steps per ps: 10000.0
2025-11-06 12:01:25 | INFO | Output periods (steps):
2025-11-06 12:01:25 | INFO |   Energy: 100 (0.010 ps)
2025-11-06 12:01:25 | INFO |   F(k,t): 10000 (1.000 ps)
2025-11-06 12:01:25 | INFO |   GSD: 10000 (1.000 ps)
2025-11-06 12:01:25 | INFO |   Console: 10000 (1.000 ps)
2025-11-06 12:01:25 | INFO | Initializing simulation on CPU
2025-11-06 12:01:25 | INFO | Using user-specified seed: 0
2025-11-06 12:01:25 | INFO | Cavity particle already exists in GSD file (1 found)
2025-11-06 12:01:25 | INFO | Simulation state created from original GSD file with existing cavity particle
2025-11-06 12:01:25 | INFO | Cavity particle validated at index 500, position HOOMDArray([2.14408445 3.96600628 5.11286306])
2025-11-06 12:01:25 | INFO | === Phase 1.5: Setting up time tracker ===
2025-11-06 12:01:25 | INFO | === Phase 2: Configuring forces and thermostats ===
2025-11-06 12:01:25 | INFO | Using lambda_coupling=0.042 (will be scaled by omega_c=0.009386 a.u.)
2025-11-06 12:01:25 | INFO | Using constant coupling: lambda=0.042, epsilon=3.942141e-04 a.u.
CavityForce initialized using cpp implementation
  Using constant lambda coupling: 0.042 (dimensionless)
  Effective epsilon: 3.942141e-04 a.u.
2025-11-06 12:01:25 | INFO | Thermostat time constant conversions:
2025-11-06 12:01:25 | INFO |   Molecular: 1.000 ps = 41341.378917 a.u.
2025-11-06 12:01:25 | INFO |   Cavity: 1.000 ps = 41341.378917 a.u.
2025-11-06 12:01:25 | INFO | Running molecular system with Bussi thermostat (NVT ensemble)
2025-11-06 12:01:25 | INFO | Molecular Bussi thermostat configured: T = 100.0 K, kT = 0.000317 a.u., tau = 1.000 ps
2025-11-06 12:01:25 | INFO | Running cavity with Langevin thermostat
2025-11-06 12:01:25 | INFO | Cavity Langevin thermostat configured: T = 100.0 K, kT = 0.000317 a.u.
2025-11-06 12:01:25 | INFO |   base_gamma = 0.000024 a.u.^-1 (tau = 1.000 ps)
2025-11-06 12:01:25 | INFO |   effective_gamma = 0.000024 a.u.^-1 (damping_factor = 1.0x)
2025-11-06 12:01:25 | INFO | === Phase 3: Setting up integrator and thermalization ===
2025-11-06 12:01:25 | INFO | Integrator configured with initial dt = 4.134138 a.u. (0.000100 ps)
2025-11-06 12:01:25 | INFO | Number of integration methods: 2
2025-11-06 12:01:25 | INFO | CavityParticleDisplacer not needed (constant coupling or q=0 mode)
2025-11-06 12:01:25 | INFO | Using seed 1 for thermalization randomness
2025-11-06 12:01:25 | INFO | Thermalized molecular particles using HOOMD State object
2025-11-06 12:01:25 | INFO | Cavity particle manually thermalized:
2025-11-06 12:01:25 | INFO |   Target temperature: 100.0 K
2025-11-06 12:01:25 | INFO |   Initial velocity: [ 0.02890696 -0.01088686 -0.00939938]
2025-11-06 12:01:25 | INFO |   Expected KE: 0.000521 a.u.
2025-11-06 12:01:25 | INFO |   Expected temperature: 109.7 K
2025-11-06 12:01:25 | INFO |   Using array module: numpy
2025-11-06 12:01:25 | INFO | Checking molecular system temperature after thermalization:
2025-11-06 12:01:25 | INFO |   Number of molecular particles: 500
2025-11-06 12:01:25 | INFO |   Total kinetic energy: 0.233084 a.u.
2025-11-06 12:01:25 | INFO |   Current temperature: 98.1 K
2025-11-06 12:01:25 | INFO | Thermalization completed - velocities properly initialized
2025-11-06 12:01:25 | INFO | === Phase 4: Setting up trackers and loggers ===
2025-11-06 12:01:25 | INFO | Setting up adaptive timestep updater (error_tolerance = 2.0)
Dynamic coupling change detection enabled
Coupling change threshold: ±1.00e-05 a.u.
Shock dampening: error_tolerance drops to 2.00e-10 (factor: 1.00e-10)
Recovery: exponential ramp to 2.00e+00 with τ = 1000.0 ps
Conservative timestep parameters:
  Change threshold: 10.0%
  Max change factor: 1.5
  Min update interval: 1000 steps
  Switch detection tolerance: 0.001 ps
2025-11-06 12:01:25 | INFO | Adaptive timestep updater enabled (check every 1 steps)
CavityForceCompute initialized: omegac=0.00938605 a.u., lambda_coupling=0.042 (dimensionless, from variant), K=8.80979e-05 a.u.
CPU CavityForceCompute initialized successfully
notice(2): charge.pppm: RMS error: 2.31675e-08
NOTICE: Starting from inherited timestep 14650000
  Elapsed time will start from 0, not from inherited simulation time
DEBUG @ t=14650000: current_coupling=0.042, last=None
DEBUG: First coupling check - stored value: 0.042
2025-11-06 12:01:25 | INFO |   Added detailed BussiReservoir energy tracking for method 0
2025-11-06 12:01:25 | INFO |   Added energy tracking for cavityforce
2025-11-06 12:01:25 | INFO |   Added detailed cavity energy components
2025-11-06 12:01:25 | INFO |   Added energy tracking for harmonic
2025-11-06 12:01:25 | INFO |   Added energy tracking for lj
2025-11-06 12:01:25 | INFO |   Added energy tracking for ewald
2025-11-06 12:01:25 | INFO |   Added energy tracking for coulomb
2025-11-06 12:01:25 | INFO | Energy tracking setup completed: 0 methods, 5 forces
2025-11-06 12:01:25 | INFO | Setting up energy tracker with output file: prod-42_energy_tracker.txt
2025-11-06 12:01:25 | INFO | Energy tracker configuration:
2025-11-06 12:01:25 | INFO |   Using time-based output: 0.010 ps
2025-11-06 12:01:25 | INFO |   Max output time: 250.000 ps
2025-11-06 12:01:25 | INFO | Energy tracker configuration:
2025-11-06 12:01:25 | INFO |   Force objects: ['cavity', 'harmonic', 'lj', 'ewald_short', 'ewald_long']
2025-11-06 12:01:25 | INFO |   Thermostat objects: ['bussi_molecular', 'langevin_cavity']
2025-11-06 12:01:25 | INFO |   Using internal kinetic computation (no external tracker needed)
2025-11-06 12:01:25 | INFO |  Energy tracker setup completed with time-based output:
2025-11-06 12:01:25 | INFO |   Output period: 0.010 ps (accurate timing)
2025-11-06 12:01:25 | INFO |   Tracker handles timing internally using ElapsedTimeTracker
2025-11-06 12:01:25 | INFO |   Output limited to 250.000 ps
2025-11-06 12:01:25 | INFO | Setting up F(k,t) density correlation tracker
2025-11-06 12:01:25 | INFO |   k magnitude: 1.00
2025-11-06 12:01:25 | INFO |   Number of wavevectors: 50
2025-11-06 12:01:25 | INFO |   Reference interval: 200.000 ps
2025-11-06 12:01:25 | INFO |   Max references: 20
2025-11-06 12:01:25 | INFO |   Output period: 1.000 ps
2025-11-06 12:01:25 | INFO |   Using time-based reference intervals for adaptive timestep compatibility
2025-11-06 12:01:25 | INFO |   Reference interval: 200.000 ps
2025-11-06 12:01:25 | INFO |   Trigger period: 1 step
2025-11-06 12:01:25 | INFO |   Logarithmic time spacing: DISABLED (regular spacing)
FieldAutocorrelationTracker initialized for density_correlation
  k-magnitude: 1.0
  Wavevectors: 50
  Reference interval: 200.0 ps
  Max references: 20
2025-11-06 12:01:25 | INFO |  F(k,t) tracker successfully enabled with time-based output:
2025-11-06 12:01:25 | INFO |   Output period: 1.000 ps (accurate timing)
2025-11-06 12:01:25 | INFO |   Reference interval: 200.000 ps
2025-11-06 12:01:25 | INFO |   Tracker handles timing internally using ElapsedTimeTracker
2025-11-06 12:01:25 | INFO | Setting up dipole autocorrelation tracker...
2025-11-06 12:01:25 | INFO |   Reference interval: 200.000 ps
2025-11-06 12:01:25 | INFO |   Max references: 20
2025-11-06 12:01:25 | INFO |   Output period: 0.010 ps
2025-11-06 12:01:25 | INFO |   Using time-based reference intervals for adaptive timestep compatibility
2025-11-06 12:01:25 | INFO |   Reference interval: 200.000 ps
2025-11-06 12:01:25 | INFO |   Trigger period: 1 step
2025-11-06 12:01:25 | WARNING | Could not set up dipole autocorrelation tracker: Can't instantiate abstract class AutocorrelationTracker without an implementation for abstract method 'act'
2025-11-06 12:01:25 | INFO | Momentum zeroing disabled
2025-11-06 12:01:25 | INFO |  TRACKING AND LOGGING SETUP COMPLETED:
2025-11-06 12:01:25 | INFO |   All output systems now use precise time-based periods
2025-11-06 12:01:25 | INFO |  Comprehensive temperature tracker enabled
2025-11-06 12:01:25 | INFO |   Output file: temperature_tracker_replica_42.csv
2025-11-06 12:01:25 | INFO |   Output period: 0.1 ps
2025-11-06 12:01:25 | INFO |   Tracking: kinetic, harmonic fictive, LJ+Coul fictive, cavity bath, molecular bath
2025-11-06 12:01:25 | INFO |   Empirical data: None (LJ+Coul fictive temp will be 0)
2025-11-06 12:01:25 | INFO | 
============================================================
2025-11-06 12:01:25 | INFO | HDF5 OBSERVABLE OUTPUT CONFIGURATION
2025-11-06 12:01:25 | INFO | ============================================================
2025-11-06 12:01:25 | INFO | Output file: observables_replica_42.h5
2025-11-06 12:01:25 | INFO | Output period: 0.010 ps
2025-11-06 12:01:25 | INFO | SWMR mode: Enabled (concurrent read access)
2025-11-06 12:01:25 | INFO | ============================================================

✓ HDF5 file structure created: observables_replica_42.h5
ObservableWriter initialized:
  Output file: observables_replica_42.h5
  Output period: 0.01 ps
  Chunk size: 1000
  Compression: gzip
  SWMR mode: True
  Flush interval: 10
✓ Energy tracker registered (18 components)
2025-11-06 12:01:25 | INFO |   Registered energy tracker for HDF5 output
✓ Temperature tracker registered (6 components)
2025-11-06 12:01:25 | INFO |   Registered temperature tracker for HDF5 output
2025-11-06 12:01:25 | INFO | ✓ HDF5 observable output enabled

2025-11-06 12:01:25 | INFO | Advanced features enabled: detailed energy tracking (0.010 ps), F(k,t) density correlation (1.000 ps, k=1.0), dipole autocorrelation (0.010 ps), adaptive timestep control, comprehensive temperature tracker (0.1 ps), HDF5 observable output (0.010 ps)
2025-11-06 12:01:25 | INFO | Console output: 1.000 ps periods (time-based)
2025-11-06 12:01:25 | INFO |   Works accurately for both adaptive and fixed timestep modes
2025-11-06 12:01:25 | INFO | DEBUG: PID controller NOT enabled (enable_pid_controller=False)
2025-11-06 12:01:25 | INFO | === Phase 5: Setting up output writers ===
2025-11-06 12:01:25 | INFO | GSD output setup for adaptive timestep mode:
2025-11-06 12:01:25 | INFO |   GSD trigger: every 1000 steps (target: 1.000 ps)
2025-11-06 12:01:25 | INFO |   Note: GSD timing may vary slightly due to adaptive timestep changes
2025-11-06 12:01:25 | INFO | GSD writer added for file: prod-42.gsd
2025-11-06 12:01:25 | INFO |   GSD output period: 1.000 ps
2025-11-06 12:01:25 | INFO |   GSD truncate mode: False (append to existing file)
2025-11-06 12:01:25 | INFO |  Console output setup completed:
2025-11-06 12:01:25 | INFO |   Output period: 1.000 ps (accurate time-based)
2025-11-06 12:01:25 | INFO |   Lambda coupling column: 4.200000e-02 (dimensionless) (displayed in real-time)
2025-11-06 12:01:25 | INFO |   Console tracker handles timing internally using ElapsedTimeTracker
2025-11-06 12:01:25 | INFO |   Works accurately for both adaptive and fixed timestep modes
2025-11-06 12:01:25 | INFO |  FIXED: Console output now uses precise time-based logic
2025-11-06 12:01:25 | INFO |   Both console and energy tracker use accurate timing
2025-11-06 12:01:25 | INFO |   GSD output timing may vary slightly but is less critical
2025-11-06 12:01:25 | INFO | === Phase 6: Running simulation ===
2025-11-06 12:01:25 | INFO | Starting adaptive timestep simulation for 3000.0 ps
2025-11-06 12:01:25 | INFO | Using max steps: 999999999 (will exit when runtime reached)
2025-11-06 12:01:25 | INFO | Initial timestep: 41.430254 a.u. (1.002 fs)
2025-11-06 12:01:25 | INFO | Timestep will adapt dynamically (error_tolerance = 2.0)
Added F(k,t) reference 0 at t = 0.001 ps
[HDF5 Writer DEBUG] timestep=14650001, current_time_ps=0.001, last_output_time=None, write_count=0
[HDF5 Writer DEBUG] Writing data point 0 at time 0.001 ps
[HDF5 Writer DEBUG] timestep=14650002, current_time_ps=0.002, last_output_time=0.0010021497893344044, write_count=1
[HDF5 Writer DEBUG] Skipping output: not time yet (current=0.002, last=0.0010021497893344044, period=0.01)
[HDF5 Writer DEBUG] timestep=14650003, current_time_ps=0.003, last_output_time=0.0010021497893344044, write_count=1
[HDF5 Writer DEBUG] Skipping output: not time yet (current=0.003, last=0.0010021497893344044, period=0.01)
[HDF5 Writer DEBUG] timestep=14650004, current_time_ps=0.004, last_output_time=0.0010021497893344044, write_count=1
[HDF5 Writer DEBUG] Skipping output: not time yet (current=0.004, last=0.0010021497893344044, period=0.01)
[HDF5 Writer DEBUG] timestep=14650005, current_time_ps=0.005, last_output_time=0.0010021497893344044, write_count=1
[HDF5 Writer DEBUG] Skipping output: not time yet (current=0.005, last=0.0010021497893344044, period=0.01)
[HDF5 Writer DEBUG] timestep=14650006, current_time_ps=0.006, last_output_time=0.0010021497893344044, write_count=1
[HDF5 Writer DEBUG] Skipping output: not time yet (current=0.006, last=0.0010021497893344044, period=0.01)
[HDF5 Writer DEBUG] timestep=14650007, current_time_ps=0.007, last_output_time=0.0010021497893344044, write_count=1
[HDF5 Writer DEBUG] Skipping output: not time yet (current=0.007, last=0.0010021497893344044, period=0.01)
[HDF5 Writer DEBUG] timestep=14650008, current_time_ps=0.008, last_output_time=0.0010021497893344044, write_count=1
[HDF5 Writer DEBUG] Skipping output: not time yet (current=0.008, last=0.0010021497893344044, period=0.01)
[HDF5 Writer DEBUG] timestep=14650009, current_time_ps=0.009, last_output_time=0.0010021497893344044, write_count=1
[HDF5 Writer DEBUG] Skipping output: not time yet (current=0.009, last=0.0010021497893344044, period=0.01)
[HDF5 Writer DEBUG] timestep=14650010, current_time_ps=0.010, last_output_time=0.0010021497893344044, write_count=1
[HDF5 Writer DEBUG] Skipping output: not time yet (current=0.010, last=0.0010021497893344044, period=0.01)
[HDF5 Writer DEBUG] timestep=14650011, current_time_ps=0.011, last_output_time=0.0010021497893344044, write_count=1
[HDF5 Writer DEBUG] Writing data point 1 at time 0.011 ps
[HDF5 Writer DEBUG] timestep=14650012, current_time_ps=0.012, last_output_time=0.011023647682678451, write_count=2
[HDF5 Writer DEBUG] Skipping output: not time yet (current=0.012, last=0.011023647682678451, period=0.01)
[HDF5 Writer DEBUG] timestep=14650013, current_time_ps=0.013, last_output_time=0.011023647682678451, write_count=2
[HDF5 Writer DEBUG] Skipping output: not time yet (current=0.013, last=0.011023647682678451, period=0.01)
[HDF5 Writer DEBUG] timestep=14650014, current_time_ps=0.014, last_output_time=0.011023647682678451, write_count=2
[HDF5 Writer DEBUG] Skipping output: not time yet (current=0.014, last=0.011023647682678451, period=0.01)
[HDF5 Writer DEBUG] timestep=14650015, current_time_ps=0.015, last_output_time=0.011023647682678451, write_count=2
[HDF5 Writer DEBUG] Skipping output: not time yet (current=0.015, last=0.011023647682678451, period=0.01)
[HDF5 Writer DEBUG] timestep=14650016, current_time_ps=0.016, last_output_time=0.011023647682678451, write_count=2
[HDF5 Writer DEBUG] Skipping output: not time yet (current=0.016, last=0.011023647682678451, period=0.01)
[HDF5 Writer DEBUG] timestep=14650017, current_time_ps=0.017, last_output_time=0.011023647682678451, write_count=2
[HDF5 Writer DEBUG] Skipping output: not time yet (current=0.017, last=0.011023647682678451, period=0.01)
[HDF5 Writer DEBUG] timestep=14650018, current_time_ps=0.018, last_output_time=0.011023647682678451, write_count=2
[HDF5 Writer DEBUG] Skipping output: not time yet (current=0.018, last=0.011023647682678451, period=0.01)
[HDF5 Writer DEBUG] timestep=14650019, current_time_ps=0.019, last_output_time=0.011023647682678451, write_count=2
[HDF5 Writer DEBUG] Skipping output: not time yet (current=0.019, last=0.011023647682678451, period=0.01)
[HDF5 Writer DEBUG] timestep=14650020, current_time_ps=0.020, last_output_time=0.011023647682678451, write_count=2
[HDF5 Writer DEBUG] Skipping output: not time yet (current=0.020, last=0.011023647682678451, period=0.01)
[HDF5 Writer DEBUG] timestep=14650021, current_time_ps=0.021, last_output_time=0.011023647682678451, write_count=2
[HDF5 Writer DEBUG] Writing data point 2 at time 0.021 ps
✓ SWMR mode enabled - file can now be read concurrently
Simulation.timestep  Simulation.tps Time.elapsed_ps Performance.ns_per_day Performance.eta   Cavity.lambda Adaptive.error_tolerance
       14650998        64.97778         1.00015            5.50        13:05:38        4.20e-02        2.00e+00
       14652052        64.96650         2.00095            5.41        13:17:45        4.20e-02        2.00e+00
       14653001        64.91861         3.00102            5.57        12:55:25        4.20e-02        2.00e+00
       14654101        64.89795         4.00142            5.44        13:13:04        4.20e-02        2.00e+00
       14655036        64.88267         5.00185            5.54        12:58:11        4.20e-02        2.00e+00
       14656054        64.85794         6.00195            5.53        12:59:02        4.20e-02        2.00e+00
       14657058        64.82730         7.00288            5.54        12:58:06        4.20e-02        2.00e+00
       14658029        64.78669         8.00344            5.56        12:54:24        4.20e-02        2.00e+00
       14659012        64.75085         9.00428            5.58        12:52:31        4.20e-02        2.00e+00
DEBUG @ t=14660000: current_coupling=0.042, last=0.042
       14660130        64.75799        10.00523            5.51        13:00:55        4.20e-02        2.00e+00
       14661153        64.77625        11.00533            5.51        13:01:00        4.20e-02        2.00e+00
       14662188        64.78580        12.00536            5.50        13:01:52        4.20e-02        2.00e+00
       14663234        64.93766        13.00644            5.50        13:01:25        4.20e-02        2.00e+00
       14664161        64.95611        14.00664            5.54        12:55:53        4.20e-02        2.00e+00
       14665215        64.97380        15.00729            5.53        12:57:29        4.20e-02        2.00e+00
       14666281        64.95302        16.00775            5.51        12:59:52        4.20e-02        2.00e+00
       14667350        64.94601        17.00810            5.49        13:01:56        4.20e-02        2.00e+00
       14668439        64.94305        18.00899            5.47        13:04:33        4.20e-02        2.00e+00
       14669494        64.92799        19.00925            5.46        13:05:39        4.20e-02        2.00e+00
DEBUG @ t=14670000: current_coupling=0.042, last=0.042
       14670599        64.96898        20.00986            5.45        13:07:52        4.20e-02        2.00e+00
       14671781        65.07244        21.01064            5.42        13:11:49        4.20e-02        2.00e+00
       14672934        65.14191        22.01087            5.40        13:14:41        4.20e-02        2.00e+00
       14674052        65.16433        23.01115            5.38        13:16:37        4.20e-02        2.00e+00
       14675133        65.17156        24.01163            5.37        13:17:21        4.20e-02        2.00e+00
       14676115        65.15678        25.01207            5.39        13:15:15        4.20e-02        2.00e+00
       14677176        65.13769        26.01207            5.38        13:15:41        4.20e-02        2.00e+00
       14678275        65.14482        27.01262            5.37        13:16:49        4.20e-02        2.00e+00
       14679360        65.19257        28.01275            5.37        13:16:58        4.20e-02        2.00e+00
DEBUG @ t=14680000: current_coupling=0.042, last=0.042
       14680462        65.21043        29.01314            5.36        13:17:52        4.20e-02        2.00e+00
       14681550        65.22652        30.01374            5.36        13:18:19        4.20e-02        2.00e+00
       14682634        65.23325        31.01416            5.35        13:18:45        4.20e-02        2.00e+00
       14683671        65.22243        32.01433            5.35        13:18:13        4.20e-02        2.00e+00
       14684703        65.22964        33.01484            5.36        13:17:23        4.20e-02        2.00e+00
       14685735        65.22805        34.01558            5.36        13:16:40        4.20e-02        2.00e+00
       14686771        65.22296        35.01615            5.36        13:16:08        4.20e-02        2.00e+00
       14687851        65.23770        36.01638            5.36        13:16:17        4.20e-02        2.00e+00
       14688832        65.27332        37.01641            5.37        13:14:08        4.20e-02        2.00e+00
       14689831        65.31359        38.01700            5.38        13:12:22        4.20e-02        2.00e+00
DEBUG @ t=14690000: current_coupling=0.042, last=0.042
       14690789        65.34698        39.01742            5.40        13:09:56        4.20e-02        2.00e+00
       14691855        65.35218        40.01809            5.40        13:09:58        4.20e-02        2.00e+00
       14692882        65.33931        41.01821            5.40        13:09:30        4.20e-02        2.00e+00
       14693900        65.33581        42.01849            5.40        13:08:46        4.20e-02        2.00e+00
       14694893        65.32745        43.01874            5.41        13:07:40        4.20e-02        2.00e+00
       14695954        65.31089        44.01936            5.40        13:07:53        4.20e-02        2.00e+00
       14696945        65.29406        45.01946            5.41        13:06:55        4.20e-02        2.00e+00
       14698013        65.27412        46.02005            5.40        13:07:18        4.20e-02        2.00e+00
       14698998        65.28170        47.02084            5.41        13:05:59        4.20e-02        2.00e+00
       14699984        65.35603        48.02167            5.42        13:03:55        4.20e-02        2.00e+00
DEBUG @ t=14700000: current_coupling=0.042, last=0.042
[HDF5 Writer DEBUG] timestep=14700000, current_time_ps=48.038, last_output_time=48.03182377481949, write_count=4582
       14700953        65.35423        49.02224            5.43        13:02:33        4.20e-02        2.00e+00
       14701945        65.34416        50.02247            5.43        13:01:41        4.20e-02        2.00e+00
       14702907        65.35421        51.02265            5.44        13:00:10        4.20e-02        2.00e+00
       14704048        65.34528        52.02341            5.43        13:01:29        4.20e-02        2.00e+00
       14705066        65.34689        53.02362            5.43        13:00:54        4.20e-02        2.00e+00
       14706063        65.33659        54.02369            5.44        13:00:10        4.20e-02        2.00e+00
       14707047        65.32415        55.02427            5.44        12:59:19        4.20e-02        2.00e+00
       14708141        65.31781        56.02520            5.44        12:59:52        4.20e-02        2.00e+00
       14709130        65.31592        57.02596            5.44        12:58:58        4.20e-02        2.00e+00
DEBUG @ t=14710000: current_coupling=0.042, last=0.042
       14710132        65.31233        58.02606            5.44        12:58:17        4.20e-02        2.00e+00
       14711131        65.30821        59.02645            5.45        12:57:35        4.20e-02        2.00e+00
       14712130        65.29908        60.02696            5.45        12:56:58        4.20e-02        2.00e+00
       14713216        65.28953        61.02730            5.44        12:57:26        4.20e-02        2.00e+00
       14714258        65.28883        62.02740            5.44        12:57:14        4.20e-02        2.00e+00
       14715280        65.27225        63.02822            5.44        12:57:00        4.20e-02        2.00e+00
       14716334        65.26350        64.02833            5.44        12:57:02        4.20e-02        2.00e+00
       14717409        65.25611        65.02923            5.44        12:57:18        4.20e-02        2.00e+00
       14718474        65.24827        66.03014            5.43        12:57:26        4.20e-02        2.00e+00
       14719535        65.24562        67.03017            5.43        12:57:28        4.20e-02        2.00e+00
DEBUG @ t=14720000: current_coupling=0.042, last=0.042
       14720549        65.24146        68.03019            5.43        12:56:59        4.20e-02        2.00e+00
       14721546        65.23986        69.03082            5.44        12:56:18        4.20e-02        2.00e+00
       14722550        65.23552        70.03109            5.44        12:55:44        4.20e-02        2.00e+00
       14723542        65.23498        71.03161            5.44        12:55:00        4.20e-02        2.00e+00
       14724546        65.23359        72.03254            5.44        12:54:25        4.20e-02        2.00e+00
       14725493        65.22720        73.03263            5.45        12:53:19        4.20e-02        2.00e+00
       14726408        65.22021        74.03270            5.46        12:51:56        4.20e-02        2.00e+00
       14727351        65.22204        75.03323            5.46        12:50:45        4.20e-02        2.00e+00
       14728297        65.22646        76.03353            5.47        12:49:36        4.20e-02        2.00e+00
       14729293        65.23366        77.03355            5.47        12:48:55        4.20e-02        2.00e+00
DEBUG @ t=14730000: current_coupling=0.042, last=0.042
       14730292        65.23854        78.03455            5.48        12:48:18        4.20e-02        2.00e+00
       14731275        65.24734        79.03508            5.48        12:47:29        4.20e-02        2.00e+00
       14732305        65.26053        80.03586            5.48        12:47:04        4.20e-02        2.00e+00
       14733341        65.26943        81.03655            5.48        12:46:46        4.20e-02        2.00e+00
       14734347        65.27221        82.03682            5.48        12:46:16        4.20e-02        2.00e+00
       14735355        65.28894        83.03760            5.49        12:45:37        4.20e-02        2.00e+00
       14736342        65.29707        84.03850            5.49        12:44:53        4.20e-02        2.00e+00
       14737437        65.30304        85.03896            5.49        12:45:08        4.20e-02        2.00e+00
       14738553        65.31333        86.03935            5.48        12:45:30        4.20e-02        2.00e+00
       14739711        65.30601        87.03943            5.47        12:46:25        4.20e-02        2.00e+00
DEBUG @ t=14740000: current_coupling=0.042, last=0.042
       14740787        65.30674        88.03998            5.47        12:46:32        4.20e-02        2.00e+00
       14741771        65.30143        89.04085            5.47        12:45:55        4.20e-02        2.00e+00
       14742745        65.30376        90.04140            5.48        12:45:10        4.20e-02        2.00e+00
       14743810        65.30803        91.04228            5.47        12:45:07        4.20e-02        2.00e+00
       14744954        65.30182        92.04298            5.47        12:45:50        4.20e-02        2.00e+00
       14745984        65.29749        93.04311            5.47        12:45:37        4.20e-02        2.00e+00
       14747083        65.29543        94.04352            5.46        12:45:54        4.20e-02        2.00e+00
       14748223        65.30164        95.04409            5.46        12:46:24        4.20e-02        2.00e+00
       14749372        65.29761        96.04442            5.45        12:47:04        4.20e-02        2.00e+00
DEBUG @ t=14750000: current_coupling=0.042, last=0.042
       14750434        65.29113        97.04493            5.45        12:47:05        4.20e-02        2.00e+00
       14751421        65.29258        98.04561            5.45        12:46:26        4.20e-02        2.00e+00
       14752415        65.29260        99.04584            5.45        12:45:51        4.20e-02        2.00e+00
       14753479        65.28957       100.04670            5.45        12:45:51        4.20e-02        2.00e+00
       14754548        65.28853       101.04726            5.45        12:45:50        4.20e-02        2.00e+00
       14755571        65.28551       102.04767            5.45        12:45:31        4.20e-02        2.00e+00
       14756538        65.28327       103.04793            5.45        12:44:48        4.20e-02        2.00e+00
       14757496        65.27907       104.04842            5.46        12:44:02        4.20e-02        2.00e+00
       14758564        65.28249       105.04864            5.46        12:43:58        4.20e-02        2.00e+00
       14759649        65.28189       106.04893            5.45        12:44:04        4.20e-02        2.00e+00
DEBUG @ t=14760000: current_coupling=0.042, last=0.042
       14760644        65.27490       107.04914            5.46        12:43:37        4.20e-02        2.00e+00
       14761663        65.26503       108.04925            5.46        12:43:22        4.20e-02        2.00e+00
       14762651        65.25818       109.05002            5.46        12:42:52        4.20e-02        2.00e+00
       14763636        65.25100       110.05090            5.46        12:42:22        4.20e-02        2.00e+00
       14764657        65.24662       111.05176            5.46        12:42:04        4.20e-02        2.00e+00
       14765670        65.24567       112.05222            5.46        12:41:41        4.20e-02        2.00e+00
       14766617        65.24054       113.05272            5.46        12:40:55        4.20e-02        2.00e+00
       14767622        65.24106       114.05327            5.46        12:40:28        4.20e-02        2.00e+00
       14768620        65.23506       115.05359            5.47        12:40:03        4.20e-02        2.00e+00
       14769595        65.22236       116.05421            5.47        12:39:35        4.20e-02        2.00e+00
DEBUG @ t=14770000: current_coupling=0.042, last=0.042
       14770610        65.21788       117.05499            5.47        12:39:16        4.20e-02        2.00e+00
       14771571        65.22660       118.05564            5.47        12:38:28        4.20e-02        2.00e+00
       14772553        65.22250       119.05657            5.47        12:37:56        4.20e-02        2.00e+00
       14773628        65.21823       120.05740            5.47        12:38:00        4.20e-02        2.00e+00
       14774707        65.21026       121.05749            5.47        12:38:08        4.20e-02        2.00e+00
       14775644        65.20611       122.05789            5.47        12:37:21        4.20e-02        2.00e+00
       14776506        65.20102       123.05792            5.48        12:36:08        4.20e-02        2.00e+00
       14777408        65.18929       124.05794            5.48        12:35:16        4.20e-02        2.00e+00
       14778409        65.18237       125.05859            5.48        12:34:56        4.20e-02        2.00e+00
       14779368        65.17489       126.05900            5.49        12:34:21        4.20e-02        2.00e+00
DEBUG @ t=14780000: current_coupling=0.042, last=0.042
       14780246        65.16988       127.05968            5.49        12:33:17        4.20e-02        2.00e+00
       14781197        65.16722       128.06053            5.49        12:32:37        4.20e-02        2.00e+00
       14782267        65.16674       129.06096            5.49        12:32:37        4.20e-02        2.00e+00
       14783200        65.17412       130.06198            5.50        12:31:45        4.20e-02        2.00e+00
       14784172        65.17636       131.06213            5.50        12:31:10        4.20e-02        2.00e+00
       14785236        65.18085       132.06264            5.50        12:31:04        4.20e-02        2.00e+00
       14786291        65.18368       133.06359            5.50        12:30:56        4.20e-02        2.00e+00
       14787272        65.18239       134.06412            5.50        12:30:27        4.20e-02        2.00e+00
       14788209        65.18467       135.06500            5.50        12:29:41        4.20e-02        2.00e+00
       14789211        65.18414       136.06541            5.50        12:29:19        4.20e-02        2.00e+00
DEBUG @ t=14790000: current_coupling=0.042, last=0.042
       14790314        65.18507       137.06642            5.50        12:29:28        4.20e-02        2.00e+00
       14791284        65.18472       138.06666            5.50        12:28:55        4.20e-02        2.00e+00
       14792404        65.18800       139.06725            5.50        12:29:07        4.20e-02        2.00e+00
       14793558        65.19805       140.06787            5.50        12:29:25        4.20e-02        2.00e+00
       14794609        65.21706       141.06800            5.50        12:29:04        4.20e-02        2.00e+00
       14795708        65.22644       142.06812            5.49        12:29:05        4.20e-02        2.00e+00
       14796895        65.23170       143.06879            5.49        12:29:35        4.20e-02        2.00e+00
       14798103        65.23483       144.06907            5.48        12:30:12        4.20e-02        2.00e+00
       14799141        65.23511       145.06935            5.48        12:29:59        4.20e-02        2.00e+00
DEBUG @ t=14800000: current_coupling=0.042, last=0.042
[HDF5 Writer DEBUG] timestep=14800000, current_time_ps=145.753, last_output_time=145.74589461013247, write_count=13910
       14800313        65.23947       146.06955            5.48        12:30:23        4.20e-02        2.00e+00
       14801333        65.24421       147.07020            5.48        12:30:01        4.20e-02        2.00e+00
       14802449        65.25491       148.07103            5.48        12:30:03        4.20e-02        2.00e+00
       14803646        65.26998       149.07155            5.47        12:30:26        4.20e-02        2.00e+00
       14804891        65.27795       150.07180            5.46        12:31:07        4.20e-02        2.00e+00
       14806063        65.28376       151.07272            5.46        12:31:27        4.20e-02        2.00e+00
       14807107        65.28571       152.07277            5.46        12:31:13        4.20e-02        2.00e+00
       14808291        65.29111       153.07297            5.45        12:31:36        4.20e-02        2.00e+00
       14809356        65.29116       154.07361            5.45        12:31:29        4.20e-02        2.00e+00
DEBUG @ t=14810000: current_coupling=0.042, last=0.042
       14810529        65.28693       155.07374            5.45        12:31:55        4.20e-02        2.00e+00
       14811621        65.29091       156.07382            5.45        12:31:52        4.20e-02        2.00e+00
       14812656        65.28899       157.07389            5.45        12:31:37        4.20e-02        2.00e+00
       14813840        65.28526       158.07456            5.44        12:32:05        4.20e-02        2.00e+00
       14814948        65.28516       159.07527            5.44        12:32:08        4.20e-02        2.00e+00
       14816069        65.28908       160.07590            5.44        12:32:12        4.20e-02        2.00e+00
       14817219        65.28928       161.07596            5.43        12:32:26        4.20e-02        2.00e+00
       14818207        65.29042       162.07644            5.43        12:31:56        4.20e-02        2.00e+00
       14819406        65.29556       163.07704            5.43        12:32:19        4.20e-02        2.00e+00
DEBUG @ t=14820000: current_coupling=0.042, last=0.042
       14820475        65.29667       164.07732            5.43        12:32:11        4.20e-02        2.00e+00
       14821564        65.29602       165.07748            5.43        12:32:08        4.20e-02        2.00e+00
       14822718        65.30572       166.07819            5.42        12:32:15        4.20e-02        2.00e+00
       14823812        65.30998       167.07826            5.42        12:32:10        4.20e-02        2.00e+00
       14824785        65.31210       168.07837            5.43        12:31:36        4.20e-02        2.00e+00
       14825733        65.31183       169.07896            5.43        12:30:56        4.20e-02        2.00e+00
       14826778        65.32125       170.07946            5.43        12:30:35        4.20e-02        2.00e+00
       14827823        65.32730       171.07970            5.43        12:30:16        4.20e-02        2.00e+00
       14828746        65.32985       172.08067            5.43        12:29:29        4.20e-02        2.00e+00
       14829703        65.32948       173.08108            5.44        12:28:53        4.20e-02        2.00e+00
DEBUG @ t=14830000: current_coupling=0.042, last=0.042
       14830696        65.33173       174.08134            5.44        12:28:24        4.20e-02        2.00e+00
       14831713        65.33510       175.08215            5.44        12:28:00        4.20e-02        2.00e+00
       14832725        65.33974       176.08234            5.44        12:27:35        4.20e-02        2.00e+00
       14833735        65.35170       177.08278            5.44        12:27:04        4.20e-02        2.00e+00
       14834735        65.36407       178.08313            5.44        12:26:30        4.20e-02        2.00e+00
       14835719        65.36929       179.08347            5.45        12:25:58        4.20e-02        2.00e+00
       14836744        65.37554       180.08352            5.45        12:25:35        4.20e-02        2.00e+00
       14837730        65.37843       181.08387            5.45        12:25:05        4.20e-02        2.00e+00
       14838640        65.37964       182.08475            5.45        12:24:18        4.20e-02        2.00e+00
       14839542        65.38945       183.08551            5.46        12:23:23        4.20e-02        2.00e+00
DEBUG @ t=14840000: current_coupling=0.042, last=0.042
       14840554        65.39099       184.08601            5.46        12:23:01        4.20e-02        2.00e+00
       14841567        65.39365       185.08664            5.46        12:22:38        4.20e-02        2.00e+00
       14842559        65.39405       186.08709            5.46        12:22:12        4.20e-02        2.00e+00
       14843555        65.40009       187.08735            5.46        12:21:43        4.20e-02        2.00e+00
       14844591        65.40632       188.08825            5.46        12:21:23        4.20e-02        2.00e+00
       14845596        65.41695       189.08829            5.46        12:20:53        4.20e-02        2.00e+00
       14846579        65.42052       190.08880            5.47        12:20:23        4.20e-02        2.00e+00
       14847603        65.42463       191.08937            5.47        12:20:02        4.20e-02        2.00e+00
       14848688        65.42418       192.08998            5.46        12:19:58        4.20e-02        2.00e+00
       14849743        65.42277       193.09048            5.46        12:19:47        4.20e-02        2.00e+00
DEBUG @ t=14850000: current_coupling=0.042, last=0.042
       14850737        65.42567       194.09079            5.46        12:19:20        4.20e-02        2.00e+00
       14851769        65.43002       195.09156            5.47        12:19:01        4.20e-02        2.00e+00
       14852775        65.43300       196.09209            5.47        12:18:37        4.20e-02        2.00e+00
       14853784        65.43683       197.09293            5.47        12:18:13        4.20e-02        2.00e+00
       14854767        65.44199       198.09346            5.47        12:17:42        4.20e-02        2.00e+00
       14855818        65.44990       199.09391            5.47        12:17:25        4.20e-02        2.00e+00
SWITCH DETECTED at timestep 14856816: t = 200.000035 ps
  Forcing immediate timestep adjustment for shock dampening
Added F(k,t) reference 1 at t = 200.002 ps
       14856915        65.46830       200.09425            5.47        12:17:10        4.20e-02        2.00e+00
       14857984        65.48084       201.09486            5.47        12:16:53        4.20e-02        2.00e+00
       14859098        65.49494       202.09493            5.47        12:16:44        4.20e-02        2.00e+00
DEBUG @ t=14860000: current_coupling=0.042, last=0.042
       14860111        65.51124       203.09547            5.47        12:16:13        4.20e-02        2.00e+00
       14861224        65.53132       204.09565            5.47        12:16:00        4.20e-02        2.00e+00
       14862238        65.54745       205.09647            5.47        12:15:29        4.20e-02        2.00e+00
       14863242        65.56188       206.09654            5.47        12:14:57        4.20e-02        2.00e+00
       14864272        65.57651       207.09689            5.48        12:14:30        4.20e-02        2.00e+00
       14865219        65.59112       208.09751            5.48        12:13:46        4.20e-02        2.00e+00
       14866161        65.60564       209.09765            5.48        12:13:02        4.20e-02        2.00e+00
       14867147        65.61915       210.09811            5.48        12:12:27        4.20e-02        2.00e+00
       14868203        65.63691       211.09839            5.49        12:12:04        4.20e-02        2.00e+00
       14869236        65.65134       212.09892            5.49        12:11:38        4.20e-02        2.00e+00
DEBUG @ t=14870000: current_coupling=0.042, last=0.042
       14870256        65.66637       213.09926            5.49        12:11:10        4.20e-02        2.00e+00
       14871301        65.68141       214.09946            5.49        12:10:46        4.20e-02        2.00e+00
       14872337        65.69607       215.09974            5.49        12:10:21        4.20e-02        2.00e+00
       14873292        65.70945       216.09990            5.49        12:09:41        4.20e-02        2.00e+00
       14874245        65.72226       217.09997            5.50        12:09:01        4.20e-02        2.00e+00
       14875206        65.73507       218.10000            5.50        12:08:23        4.20e-02        2.00e+00
       14876152        65.74734       219.10072            5.50        12:07:42        4.20e-02        2.00e+00
       14877147        65.76344       220.10113            5.51        12:07:08        4.20e-02        2.00e+00
       14878120        65.78128       221.10115            5.51        12:06:30        4.20e-02        2.00e+00
       14879128        65.79992       222.10134            5.51        12:05:57        4.20e-02        2.00e+00
DEBUG @ t=14880000: current_coupling=0.042, last=0.042
       14880045        65.81199       223.10162            5.51        12:05:12        4.20e-02        2.00e+00
       14880966        65.82502       224.10191            5.52        12:04:27        4.20e-02        2.00e+00
       14881985        65.83848       225.10210            5.52        12:04:00        4.20e-02        2.00e+00
       14883030        65.85234       226.10271            5.52        12:03:37        4.20e-02        2.00e+00
       14884052        65.86609       227.10285            5.52        12:03:11        4.20e-02        2.00e+00
       14885068        65.88060       228.10301            5.52        12:02:43        4.20e-02        2.00e+00
       14885985        65.89224       229.10335            5.53        12:01:59        4.20e-02        2.00e+00
       14886980        65.90635       230.10353            5.53        12:01:28        4.20e-02        2.00e+00
       14888061        65.92246       231.10393            5.53        12:01:11        4.20e-02        2.00e+00
       14889147        65.94128       232.10435            5.53        12:00:53        4.20e-02        2.00e+00
DEBUG @ t=14890000: current_coupling=0.042, last=0.042
       14890135        65.95830       233.10447            5.53        12:00:18        4.20e-02        2.00e+00
       14891092        65.97506       234.10518            5.53        11:59:38        4.20e-02        2.00e+00
       14891985        65.98900       235.10586            5.54        11:58:49        4.20e-02        2.00e+00
       14893005        66.00292       236.10644            5.54        11:58:23        4.20e-02        2.00e+00
       14894052        66.01660       237.10666            5.54        11:58:01        4.20e-02        2.00e+00
       14895100        66.02927       238.10689            5.54        11:57:41        4.20e-02        2.00e+00
       14896170        66.04302       239.10786            5.54        11:57:23        4.20e-02        2.00e+00
       14897190        66.05904       240.10793            5.54        11:56:55        4.20e-02        2.00e+00
       14898193        66.07412       241.10801            5.55        11:56:25        4.20e-02        2.00e+00
       14899212        66.08700       242.10849            5.55        11:55:59        4.20e-02        2.00e+00
DEBUG @ t=14900000: current_coupling=0.042, last=0.042
[HDF5 Writer DEBUG] timestep=14900000, current_time_ps=242.889, last_output_time=242.8865791953365, write_count=23150
       14900205        66.10268       243.10871            5.55        11:55:27        4.20e-02        2.00e+00
       14901165        66.11652       244.10889            5.55        11:54:51        4.20e-02        2.00e+00
       14902180        66.13265       245.10916            5.55        11:54:22        4.20e-02        2.00e+00
       14903201        66.14629       246.11005            5.55        11:53:56        4.20e-02        2.00e+00
       14904235        66.15813       247.11079            5.56        11:53:34        4.20e-02        2.00e+00
       14905225        66.17382       248.11164            5.56        11:53:02        4.20e-02        2.00e+00
       14906199        66.18700       249.11239            5.56        11:52:28        4.20e-02        2.00e+00
       14907211        66.20039       250.11251            5.56        11:52:01        4.20e-02        2.00e+00
       14908151        66.21354       251.11320            5.56        11:51:23        4.20e-02        2.00e+00
       14909140        66.22729       252.11414            5.57        11:50:51        4.20e-02        2.00e+00
DEBUG @ t=14910000: current_coupling=0.042, last=0.042
       14910155        66.24373       253.11445            5.57        11:50:23        4.20e-02        2.00e+00
       14911157        66.25668       254.11466            5.57        11:49:55        4.20e-02        2.00e+00
       14912244        66.27080       255.11478            5.57        11:49:40        4.20e-02        2.00e+00
       14913273        66.28349       256.11526            5.57        11:49:16        4.20e-02        2.00e+00
       14914245        66.29655       257.11569            5.57        11:48:44        4.20e-02        2.00e+00
       14915341        66.31339       258.11579            5.57        11:48:28        4.20e-02        2.00e+00
       14916418        66.33043       259.11644            5.57        11:48:09        4.20e-02        2.00e+00
       14917469        66.34487       260.11712            5.57        11:47:48        4.20e-02        2.00e+00
       14918619        66.36571       261.11768            5.57        11:47:38        4.20e-02        2.00e+00
       14919781        66.38934       262.11798            5.57        11:47:29        4.20e-02        2.00e+00
DEBUG @ t=14920000: current_coupling=0.042, last=0.042
       14920957        66.40631       263.11881            5.57        11:47:25        4.20e-02        2.00e+00
       14922093        66.42189       264.11912            5.57        11:47:16        4.20e-02        2.00e+00
       14923173        66.43676       265.11954            5.57        11:46:59        4.20e-02        2.00e+00
       14924221        66.45722       266.11963            5.57        11:46:33        4.20e-02        2.00e+00
       14925369        66.47569       267.11974            5.57        11:46:24        4.20e-02        2.00e+00
       14926442        66.49148       268.12041            5.57        11:46:05        4.20e-02        2.00e+00
       14927494        66.50779       269.12062            5.57        11:45:42        4.20e-02        2.00e+00
       14928467        66.52297       270.12111            5.57        11:45:08        4.20e-02        2.00e+00
       14929429        66.53565       271.12115            5.58        11:44:34        4.20e-02        2.00e+00
DEBUG @ t=14930000: current_coupling=0.042, last=0.042
       14930416        66.55017       272.12121            5.58        11:44:02        4.20e-02        2.00e+00
       14931415        66.56513       273.12211            5.58        11:43:33        4.20e-02        2.00e+00
       14932396        66.57958       274.12292            5.58        11:43:00        4.20e-02        2.00e+00
       14933326        66.59272       275.12368            5.59        11:42:22        4.20e-02        2.00e+00
       14934265        66.60722       276.12400            5.59        11:41:43        4.20e-02        2.00e+00
       14935309        66.62382       277.12442            5.59        11:41:19        4.20e-02        2.00e+00
       14936393        66.64291       278.12522            5.59        11:41:00        4.20e-02        2.00e+00
       14937402        66.66068       279.12579            5.59        11:40:30        4.20e-02        2.00e+00
       14938426        66.68049       280.12607            5.59        11:40:01        4.20e-02        2.00e+00
       14939507        66.70121       281.12687            5.60        11:39:40        4.20e-02        2.00e+00
DEBUG @ t=14940000: current_coupling=0.042, last=0.042
       14940563        66.71772       282.12718            5.60        11:39:18        4.20e-02        2.00e+00
       14941651        66.73300       283.12738            5.60        11:39:01        4.20e-02        2.00e+00
       14942677        66.74761       284.12778            5.60        11:38:36        4.20e-02        2.00e+00
       14943687        66.76296       285.12840            5.60        11:38:08        4.20e-02        2.00e+00
       14944777        66.77932       286.12921            5.60        11:37:51        4.20e-02        2.00e+00
       14945772        66.79285       287.13018            5.60        11:37:22        4.20e-02        2.00e+00
       14946715        66.80423       288.13104            5.60        11:36:47        4.20e-02        2.00e+00
       14947734        66.82011       289.13158            5.61        11:36:20        4.20e-02        2.00e+00
       14948772        66.83555       290.13165            5.61        11:35:56        4.20e-02        2.00e+00
       14949812        66.85150       291.13195            5.61        11:35:32        4.20e-02        2.00e+00
DEBUG @ t=14950000: current_coupling=0.042, last=0.042
       14950888        66.87123       292.13247            5.61        11:35:10        4.20e-02        2.00e+00
       14951865        66.88422       293.13253            5.61        11:34:39        4.20e-02        2.00e+00
       14952916        66.89850       294.13283            5.61        11:34:18        4.20e-02        2.00e+00
       14954028        66.92441       295.13290            5.61        11:33:58        4.20e-02        2.00e+00
       14955026        66.93704       296.13348            5.61        11:33:30        4.20e-02        2.00e+00
       14956077        66.94882       297.13355            5.61        11:33:10        4.20e-02        2.00e+00
       14957118        66.95958       298.13387            5.62        11:32:49        4.20e-02        2.00e+00
       14958169        66.97215       299.13395            5.62        11:32:29        4.20e-02        2.00e+00
       14959147        66.98360       300.13468            5.62        11:31:59        4.20e-02        2.00e+00
DEBUG @ t=14960000: current_coupling=0.042, last=0.042
       14960088        66.99426       301.13496            5.62        11:31:25        4.20e-02        2.00e+00
       14961151        67.00647       302.13536            5.62        11:31:07        4.20e-02        2.00e+00
       14962091        67.01563       303.13587            5.62        11:30:34        4.20e-02        2.00e+00
       14963015        67.02457       304.13644            5.63        11:29:59        4.20e-02        2.00e+00
       14964049        67.03718       305.13732            5.63        11:29:36        4.20e-02        2.00e+00
       14965068        67.05034       306.13776            5.63        11:29:11        4.20e-02        2.00e+00
       14966068        67.06290       307.13801            5.63        11:28:44        4.20e-02        2.00e+00
       14967078        67.07620       308.13896            5.63        11:28:18        4.20e-02        2.00e+00
       14968067        67.09014       309.13919            5.63        11:27:49        4.20e-02        2.00e+00
       14969072        67.10430       310.14004            5.64        11:27:22        4.20e-02        2.00e+00
DEBUG @ t=14970000: current_coupling=0.042, last=0.042
       14970046        67.11531       311.14046            5.64        11:26:53        4.20e-02        2.00e+00
       14971071        67.12772       312.14134            5.64        11:26:29        4.20e-02        2.00e+00
       14971971        67.13638       313.14167            5.64        11:25:52        4.20e-02        2.00e+00
       14972827        67.14467       314.14227            5.64        11:25:10        4.20e-02        2.00e+00
       14973765        67.15595       315.14278            5.65        11:24:36        4.20e-02        2.00e+00
       14974798        67.16749       316.14318            5.65        11:24:14        4.20e-02        2.00e+00
       14975719        67.17687       317.14368            5.65        11:23:40        4.20e-02        2.00e+00
       14976708        67.18859       318.14376            5.65        11:23:12        4.20e-02        2.00e+00
       14977740        67.19961       319.14388            5.65        11:22:51        4.20e-02        2.00e+00
       14978679        67.20996       320.14390            5.66        11:22:18        4.20e-02        2.00e+00
       14979696        67.22645       321.14419            5.66        11:21:52        4.20e-02        2.00e+00
DEBUG @ t=14980000: current_coupling=0.042, last=0.042
       14980812        67.24321       322.14489            5.66        11:21:37        4.20e-02        2.00e+00
       14981773        67.25394       323.14534            5.66        11:21:07        4.20e-02        2.00e+00
       14982715        67.26535       324.14543            5.66        11:20:35        4.20e-02        2.00e+00
       14983646        67.27412       325.14580            5.66        11:20:02        4.20e-02        2.00e+00
       14984639        67.28291       326.14667            5.67        11:19:38        4.20e-02        2.00e+00
       14985716        67.29291       327.14688            5.67        11:19:23        4.20e-02        2.00e+00
       14986746        67.30261       328.14721            5.67        11:19:02        4.20e-02        2.00e+00
       14987762        67.31232       329.14750            5.67        11:18:39        4.20e-02        2.00e+00
       14988702        67.32151       330.14827            5.67        11:18:08        4.20e-02        2.00e+00
       14989737        67.33364       331.14865            5.67        11:17:47        4.20e-02        2.00e+00
DEBUG @ t=14990000: current_coupling=0.042, last=0.042
       14990742        67.34472       332.14897            5.67        11:17:22        4.20e-02        2.00e+00
       14991923        67.35785       333.14923            5.67        11:17:17        4.20e-02        2.00e+00
       14993027        67.36812       334.14994            5.67        11:17:05        4.20e-02        2.00e+00
       14993957        67.38014       335.15025            5.67        11:16:31        4.20e-02        2.00e+00
       14995036        67.39603       336.15107            5.67        11:16:12        4.20e-02        2.00e+00
       14996063        67.40755       337.15134            5.67        11:15:50        4.20e-02        2.00e+00
       14997066        67.41700       338.15194            5.67        11:15:27        4.20e-02        2.00e+00
       14998103        67.42550       339.15276            5.68        11:15:07        4.20e-02        2.00e+00
       14999131        67.43421       340.15322            5.68        11:14:47        4.20e-02        2.00e+00
DEBUG @ t=15000000: current_coupling=0.042, last=0.042
[HDF5 Writer DEBUG] timestep=15000000, current_time_ps=341.043, last_output_time=341.0408203044945, write_count=32494
       15000107        67.44267       341.15332            5.68        11:14:21        4.20e-02        2.00e+00
       15001055        67.45040       342.15365            5.68        11:13:52        4.20e-02        2.00e+00
       15001974        67.46072       343.15417            5.68        11:13:18        4.20e-02        2.00e+00
       15003057        67.47282       344.15448            5.68        11:13:02        4.20e-02        2.00e+00
       15004142        67.48171       345.15454            5.68        11:12:48        4.20e-02        2.00e+00
       15005242        67.49118       346.15516            5.68        11:12:36        4.20e-02        2.00e+00
       15006305        67.50124       347.15586            5.68        11:12:19        4.20e-02        2.00e+00
       15007349        67.51093       348.15683            5.68        11:12:00        4.20e-02        2.00e+00
       15008398        67.52044       349.15704            5.68        11:11:41        4.20e-02        2.00e+00
       15009485        67.53082       350.15717            5.68        11:11:27        4.20e-02        2.00e+00
DEBUG @ t=15010000: current_coupling=0.042, last=0.042
       15010518        67.53965       351.15772            5.68        11:11:07        4.20e-02        2.00e+00
       15011528        67.54921       352.15845            5.68        11:10:44        4.20e-02        2.00e+00
       15012553        67.55878       353.15916            5.69        11:10:23        4.20e-02        2.00e+00
       15013645        67.57128       354.15962            5.69        11:10:07        4.20e-02        2.00e+00
       15014627        67.58177       355.15998            5.69        11:09:41        4.20e-02        2.00e+00
       15015578        67.58859       356.16066            5.69        11:09:13        4.20e-02        2.00e+00
       15016719        67.59792       357.16120            5.69        11:09:05        4.20e-02        2.00e+00
       15017799        67.60791       358.16194            5.69        11:08:49        4.20e-02        2.00e+00
       15018924        67.61722       359.16282            5.69        11:08:39        4.20e-02        2.00e+00
DEBUG @ t=15020000: current_coupling=0.042, last=0.042
       15020003        67.62550       360.16365            5.69        11:08:25        4.20e-02        2.00e+00
       15021042        67.63591       361.16421            5.69        11:08:05        4.20e-02        2.00e+00
       15022039        67.64376       362.16514            5.69        11:07:41        4.20e-02        2.00e+00
       15023066        67.65437       363.16606            5.69        11:07:20        4.20e-02        2.00e+00
       15024102        67.66713       364.16628            5.69        11:06:58        4.20e-02        2.00e+00
       15025187        67.67761       365.16708            5.69        11:06:43        4.20e-02        2.00e+00
       15026174        67.68699       366.16733            5.69        11:06:17        4.20e-02        2.00e+00
       15027200        67.69466       367.16781            5.69        11:05:58        4.20e-02        2.00e+00
       15028224        67.70310       368.16852            5.69        11:05:37        4.20e-02        2.00e+00
       15029169        67.70942       369.16891            5.70        11:05:09        4.20e-02        2.00e+00
DEBUG @ t=15030000: current_coupling=0.042, last=0.042
       15030141        67.71681       370.16910            5.70        11:04:44        4.20e-02        2.00e+00
       15031168        67.72437       371.16941            5.70        11:04:24        4.20e-02        2.00e+00
       15032329        67.73327       372.16950            5.70        11:04:18        4.20e-02        2.00e+00
       15033420        67.74161       373.17037            5.70        11:04:04        4.20e-02        2.00e+00
       15034522        67.75033       374.17053            5.70        11:03:52        4.20e-02        2.00e+00
       15035554        67.75872       375.17114            5.70        11:03:32        4.20e-02        2.00e+00
       15036692        67.77529       376.17124            5.70        11:03:18        4.20e-02        2.00e+00
       15037747        67.79018       377.17130            5.70        11:02:57        4.20e-02        2.00e+00
       15038926        67.80085       378.17209            5.70        11:02:51        4.20e-02        2.00e+00
DEBUG @ t=15040000: current_coupling=0.042, last=0.042
       15040062        67.80958       379.17248            5.69        11:02:42        4.20e-02        2.00e+00
       15041077        67.81707       380.17310            5.70        11:02:21        4.20e-02        2.00e+00
       15042100        67.82456       381.17374            5.70        11:02:01        4.20e-02        2.00e+00
       15043116        67.83151       382.17453            5.70        11:01:40        4.20e-02        2.00e+00
       15044171        67.84065       383.17534            5.70        11:01:22        4.20e-02        2.00e+00
       15045277        67.84871       384.17588            5.70        11:01:10        4.20e-02        2.00e+00
       15046392        67.85858       385.17658            5.70        11:00:57        4.20e-02        2.00e+00
       15047492        67.86747       386.17668            5.70        11:00:44        4.20e-02        2.00e+00
       15048615        67.87875       387.17744            5.70        11:00:32        4.20e-02        2.00e+00
       15049746        67.88771       388.17755            5.70        11:00:21        4.20e-02        2.00e+00
DEBUG @ t=15050000: current_coupling=0.042, last=0.042
       15050848        67.89636       389.17764            5.70        11:00:08        4.20e-02        2.00e+00
       15051899        67.90360       390.17781            5.70        10:59:51        4.20e-02        2.00e+00
       15053038        67.91401       391.17784            5.69        10:59:40        4.20e-02        2.00e+00
       15054169        67.92613       392.17799            5.69        10:59:28        4.20e-02        2.00e+00
       15055212        67.93459       393.17835            5.69        10:59:09        4.20e-02        2.00e+00
       15056364        67.94394       394.17909            5.69        10:59:00        4.20e-02        2.00e+00
       15057482        67.95074       395.17950            5.69        10:58:49        4.20e-02        2.00e+00
       15058580        67.96038       396.18010            5.69        10:58:35        4.20e-02        2.00e+00
       15059582        67.97364       397.18084            5.69        10:58:09        4.20e-02        2.00e+00
DEBUG @ t=15060000: current_coupling=0.042, last=0.042
       15060624        67.98336       398.18100            5.70        10:57:49        4.20e-02        2.00e+00
       15061713        67.99338       399.18138            5.70        10:57:34        4.20e-02        2.00e+00
Added F(k,t) reference 2 at t = 400.002 ps
       15062892        68.00446       400.18191            5.69        10:57:26        4.20e-02        2.00e+00
       15063941        68.01459       401.18222            5.69        10:57:07        4.20e-02        2.00e+00
       15065145        68.02678       402.18282            5.69        10:57:01        4.20e-02        2.00e+00
       15066334        68.03726       403.18297            5.69        10:56:54        4.20e-02        2.00e+00
       15067457        68.04982       404.18305            5.69        10:56:40        4.20e-02        2.00e+00
       15068586        68.05867       405.18339            5.69        10:56:29        4.20e-02        2.00e+00
       15069667        68.07348       406.18401            5.69        10:56:10        4.20e-02        2.00e+00
DEBUG @ t=15070000: current_coupling=0.042, last=0.042
       15070720        68.08437       407.18433            5.69        10:55:50        4.20e-02        2.00e+00
       15071715        68.09394       408.18499            5.69        10:55:26        4.20e-02        2.00e+00
       15072735        68.10142       409.18565            5.70        10:55:05        4.20e-02        2.00e+00
       15073896        68.10962       410.18627            5.69        10:54:57        4.20e-02        2.00e+00
       15074982        68.11651       411.18684            5.69        10:54:43        4.20e-02        2.00e+00
       15076094        68.12387       412.18770            5.69        10:54:30        4.20e-02        2.00e+00
       15077118        68.13172       413.18771            5.69        10:54:10        4.20e-02        2.00e+00
       15078330        68.13992       414.18787            5.69        10:54:06        4.20e-02        2.00e+00
       15079411        68.14662       415.18851            5.69        10:53:51        4.20e-02        2.00e+00
DEBUG @ t=15080000: current_coupling=0.042, last=0.042
       15080433        68.15369       416.18889            5.69        10:53:31        4.20e-02        2.00e+00
       15081486        68.15939       417.18919            5.69        10:53:14        4.20e-02        2.00e+00
       15082598        68.16778       418.18970            5.69        10:53:01        4.20e-02        2.00e+00
       15083712        68.17595       419.19016            5.69        10:52:48        4.20e-02        2.00e+00
       15084676        68.18130       420.19102            5.69        10:52:24        4.20e-02        2.00e+00
       15085779        68.18975       421.19149            5.69        10:52:10        4.20e-02        2.00e+00
       15086812        68.20032       422.19246            5.69        10:51:48        4.20e-02        2.00e+00
       15087912        68.20879       423.19347            5.69        10:51:34        4.20e-02        2.00e+00
       15088834        68.21472       424.19418            5.70        10:51:05        4.20e-02        2.00e+00
       15089778        68.21965       425.19477            5.70        10:50:39        4.20e-02        2.00e+00
DEBUG @ t=15090000: current_coupling=0.042, last=0.042
       15090785        68.22542       426.19487            5.70        10:50:18        4.20e-02        2.00e+00
       15091888        68.23174       427.19492            5.70        10:50:05        4.20e-02        2.00e+00
       15092969        68.23857       428.19570            5.70        10:49:50        4.20e-02        2.00e+00
       15094093        68.24596       429.19621            5.70        10:49:39        4.20e-02        2.00e+00
       15095134        68.25205       430.19685            5.70        10:49:21        4.20e-02        2.00e+00
       15096195        68.26036       431.19732            5.70        10:49:03        4.20e-02        2.00e+00
       15097271        68.26748       432.19764            5.70        10:48:47        4.20e-02        2.00e+00
       15098348        68.27615       433.19815            5.70        10:48:31        4.20e-02        2.00e+00
       15099528        68.28596       434.19827            5.70        10:48:23        4.20e-02        2.00e+00
DEBUG @ t=15100000: current_coupling=0.042, last=0.042
[HDF5 Writer DEBUG] timestep=15100000, current_time_ps=434.610, last_output_time=434.6014087588879, write_count=41430
       15100659        68.29452       435.19869            5.70        10:48:11        4.20e-02        2.00e+00
       15101790        68.30398       436.19947            5.70        10:47:58        4.20e-02        2.00e+00
       15102856        68.31336       437.19977            5.70        10:47:40        4.20e-02        2.00e+00
       15103813        68.31966       438.19993            5.70        10:47:15        4.20e-02        2.00e+00
       15104880        68.32664       439.20067            5.70        10:46:58        4.20e-02        2.00e+00
       15106004        68.33541       440.20082            5.70        10:46:46        4.20e-02        2.00e+00
       15107074        68.34272       441.20182            5.70        10:46:29        4.20e-02        2.00e+00
       15108021        68.34866       442.20253            5.70        10:46:03        4.20e-02        2.00e+00
       15109091        68.35569       443.20331            5.70        10:45:47        4.20e-02        2.00e+00
DEBUG @ t=15110000: current_coupling=0.042, last=0.042
       15110196        68.36326       444.20363            5.70        10:45:33        4.20e-02        2.00e+00
       15111255        68.36892       445.20382            5.70        10:45:17        4.20e-02        2.00e+00
       15112269        68.37394       446.20384            5.70        10:44:57        4.20e-02        2.00e+00
       15113274        68.38315       447.20477            5.70        10:44:34        4.20e-02        2.00e+00
       15114287        68.38911       448.20552            5.70        10:44:13        4.20e-02        2.00e+00
       15115291        68.39677       449.20600            5.70        10:43:51        4.20e-02        2.00e+00
       15116275        68.40147       450.20691            5.71        10:43:29        4.20e-02        2.00e+00
       15117245        68.40632       451.20740            5.71        10:43:05        4.20e-02        2.00e+00
       15118269        68.41143       452.20777            5.71        10:42:46        4.20e-02        2.00e+00
       15119333        68.41768       453.20825            5.71        10:42:30        4.20e-02        2.00e+00
DEBUG @ t=15120000: current_coupling=0.042, last=0.042
       15120301        68.42204       454.20886            5.71        10:42:07        4.20e-02        2.00e+00
       15121271        68.42628       455.20982            5.71        10:41:44        4.20e-02        2.00e+00
       15122294        68.43323       456.21063            5.71        10:41:24        4.20e-02        2.00e+00
       15123330        68.43870       457.21135            5.71        10:41:06        4.20e-02        2.00e+00
       15124355        68.44491       458.21184            5.71        10:40:46        4.20e-02        2.00e+00
       15125375        68.45015       459.21245            5.71        10:40:27        4.20e-02        2.00e+00
       15126427        68.45772       460.21283            5.71        10:40:09        4.20e-02        2.00e+00
       15127527        68.46517       461.21329            5.71        10:39:55        4.20e-02        2.00e+00
       15128621        68.47100       462.21409            5.71        10:39:41        4.20e-02        2.00e+00
       15129696        68.47753       463.21490            5.71        10:39:25        4.20e-02        2.00e+00
DEBUG @ t=15130000: current_coupling=0.042, last=0.042
       15130692        68.48397       464.21557            5.71        10:39:03        4.20e-02        2.00e+00
       15131703        68.49060       465.21649            5.71        10:38:42        4.20e-02        2.00e+00
       15132842        68.49924       466.21715            5.71        10:38:30        4.20e-02        2.00e+00
       15133880        68.50462       467.21728            5.71        10:38:12        4.20e-02        2.00e+00
       15134957        68.50937       468.21739            5.71        10:37:58        4.20e-02        2.00e+00
       15135966        68.51498       469.21794            5.72        10:37:38        4.20e-02        2.00e+00
       15136938        68.52257       470.21866            5.72        10:37:13        4.20e-02        2.00e+00
       15138126        68.53075       471.21892            5.72        10:37:05        4.20e-02        2.00e+00
       15139284        68.53699       472.21907            5.71        10:36:56        4.20e-02        2.00e+00
DEBUG @ t=15140000: current_coupling=0.042, last=0.042
       15140340        68.54567       473.21920            5.72        10:36:38        4.20e-02        2.00e+00
       15141362        68.55554       474.21934            5.72        10:36:16        4.20e-02        2.00e+00
       15142502        68.56464       475.22005            5.72        10:36:04        4.20e-02        2.00e+00
       15143608        68.57019       476.22051            5.72        10:35:51        4.20e-02        2.00e+00
       15144637        68.57646       477.22109            5.72        10:35:32        4.20e-02        2.00e+00
       15145715        68.58146       478.22143            5.72        10:35:17        4.20e-02        2.00e+00
       15146796        68.58814       479.22147            5.72        10:35:02        4.20e-02        2.00e+00
       15147938        68.59437       480.22217            5.72        10:34:51        4.20e-02        2.00e+00
       15149040        68.59913       481.22271            5.72        10:34:38        4.20e-02        2.00e+00
DEBUG @ t=15150000: current_coupling=0.042, last=0.042
       15150071        68.60334       482.22295            5.72        10:34:20        4.20e-02        2.00e+00
       15151042        68.60749       483.22311            5.72        10:33:58        4.20e-02        2.00e+00
       15152096        68.61317       484.22353            5.72        10:33:41        4.20e-02        2.00e+00
       15153145        68.61882       485.22405            5.72        10:33:23        4.20e-02        2.00e+00
       15154207        68.62473       486.22479            5.72        10:33:07        4.20e-02        2.00e+00
       15155274        68.63220       487.22513            5.72        10:32:50        4.20e-02        2.00e+00
       15156283        68.63818       488.22529            5.72        10:32:29        4.20e-02        2.00e+00
       15157292        68.64241       489.22606            5.72        10:32:10        4.20e-02        2.00e+00
       15158335        68.65023       490.22693            5.72        10:31:51        4.20e-02        2.00e+00
       15159338        68.65783       491.22779            5.72        10:31:29        4.20e-02        2.00e+00
DEBUG @ t=15160000: current_coupling=0.042, last=0.042
       15160333        68.66335       492.22822            5.72        10:31:07        4.20e-02        2.00e+00
       15161403        68.66954       493.22860            5.72        10:30:51        4.20e-02        2.00e+00
       15162523        68.67608       494.22948            5.72        10:30:39        4.20e-02        2.00e+00
       15163548        68.68072       495.22960            5.72        10:30:20        4.20e-02        2.00e+00
       15164548        68.68411       496.23015            5.72        10:30:00        4.20e-02        2.00e+00
       15165595        68.68995       497.23105            5.72        10:29:43        4.20e-02        2.00e+00
       15166662        68.69499       498.23196            5.72        10:29:27        4.20e-02        2.00e+00
       15167671        68.69950       499.23267            5.72        10:29:07        4.20e-02        2.00e+00
       15168615        68.70505       500.23313            5.73        10:28:42        4.20e-02        2.00e+00
       15169563        68.70926       501.23328            5.73        10:28:18        4.20e-02        2.00e+00
DEBUG @ t=15170000: current_coupling=0.042, last=0.042
       15170575        68.71390       502.23383            5.73        10:27:59        4.20e-02        2.00e+00
       15171587        68.71824       503.23391            5.73        10:27:40        4.20e-02        2.00e+00
       15172559        68.72537       504.23433            5.73        10:27:16        4.20e-02        2.00e+00
       15173505        68.72907       505.23502            5.73        10:26:52        4.20e-02        2.00e+00
       15174399        68.73310       506.23506            5.73        10:26:25        4.20e-02        2.00e+00
       15175306        68.73726       507.23557            5.73        10:25:58        4.20e-02        2.00e+00
       15176239        68.74207       508.23586            5.74        10:25:33        4.20e-02        2.00e+00
       15177171        68.74744       509.23645            5.74        10:25:08        4.20e-02        2.00e+00
       15178118        68.75198       510.23701            5.74        10:24:44        4.20e-02        2.00e+00
       15179077        68.75742       511.23775            5.74        10:24:21        4.20e-02        2.00e+00
DEBUG @ t=15180000: current_coupling=0.042, last=0.042
       15180076        68.76174       512.23815            5.74        10:24:01        4.20e-02        2.00e+00
       15181191        68.76647       513.23833            5.74        10:23:49        4.20e-02        2.00e+00
       15182224        68.76980       514.23842            5.74        10:23:32        4.20e-02        2.00e+00
       15183259        68.77326       515.23856            5.74        10:23:15        4.20e-02        2.00e+00
       15184383        68.77810       516.23900            5.74        10:23:03        4.20e-02        2.00e+00
       15185440        68.78215       517.23945            5.74        10:22:47        4.20e-02        2.00e+00
       15186513        68.78717       518.24011            5.74        10:22:32        4.20e-02        2.00e+00
       15187545        68.79384       519.24086            5.74        10:22:13        4.20e-02        2.00e+00
       15188489        68.79810       520.24141            5.74        10:21:49        4.20e-02        2.00e+00
       15189477        68.80331       521.24189            5.74        10:21:28        4.20e-02        2.00e+00
DEBUG @ t=15190000: current_coupling=0.042, last=0.042
       15190444        68.80730       522.24250            5.74        10:21:06        4.20e-02        2.00e+00
       15191420        68.81068       523.24339            5.75        10:20:45        4.20e-02        2.00e+00
       15192401        68.81495       524.24350            5.75        10:20:24        4.20e-02        2.00e+00
       15193462        68.81902       525.24434            5.75        10:20:09        4.20e-02        2.00e+00
       15194494        68.82268       526.24506            5.75        10:19:52        4.20e-02        2.00e+00
       15195541        68.82630       527.24580            5.75        10:19:35        4.20e-02        2.00e+00
       15196585        68.83003       528.24674            5.75        10:19:19        4.20e-02        2.00e+00
       15197609        68.83425       529.24758            5.75        10:19:01        4.20e-02        2.00e+00
       15198627        68.83766       530.24824            5.75        10:18:43        4.20e-02        2.00e+00
       15199694        68.84285       531.24855            5.75        10:18:27        4.20e-02        2.00e+00
DEBUG @ t=15200000: current_coupling=0.042, last=0.042
[HDF5 Writer DEBUG] timestep=15200000, current_time_ps=531.541, last_output_time=531.5355299424506, write_count=50642
       15200725        68.84686       532.24936            5.75        10:18:09        4.20e-02        2.00e+00
       15201755        68.84994       533.24977            5.75        10:17:52        4.20e-02        2.00e+00
       15202768        68.85300       534.25021            5.75        10:17:34        4.20e-02        2.00e+00
       15203716        68.85686       535.25026            5.75        10:17:11        4.20e-02        2.00e+00
       15204644        68.86236       536.25062            5.75        10:16:46        4.20e-02        2.00e+00
       15205583        68.86903       537.25109            5.75        10:16:21        4.20e-02        2.00e+00
       15206582        68.87249       538.25165            5.75        10:16:02        4.20e-02        2.00e+00
       15207568        68.87532       539.25207            5.76        10:15:42        4.20e-02        2.00e+00
       15208549        68.87799       540.25272            5.76        10:15:22        4.20e-02        2.00e+00
       15209496        68.88185       541.25358            5.76        10:14:59        4.20e-02        2.00e+00
DEBUG @ t=15210000: current_coupling=0.042, last=0.042
       15210406        68.88521       542.25413            5.76        10:14:34        4.20e-02        2.00e+00
       15211304        68.88694       543.25512            5.76        10:14:09        4.20e-02        2.00e+00
       15212280        68.88971       544.25549            5.76        10:13:49        4.20e-02        2.00e+00
       15213353        68.89326       545.25550            5.76        10:13:35        4.20e-02        2.00e+00
       15214328        68.89673       546.25551            5.76        10:13:14        4.20e-02        2.00e+00
       15215237        68.90024       547.25595            5.76        10:12:49        4.20e-02        2.00e+00
       15216178        68.90379       548.25689            5.76        10:12:26        4.20e-02        2.00e+00
       15217149        68.90640       549.25785            5.77        10:12:06        4.20e-02        2.00e+00
       15218100        68.90907       550.25850            5.77        10:11:44        4.20e-02        2.00e+00
       15219075        68.91280       551.25903            5.77        10:11:23        4.20e-02        2.00e+00
DEBUG @ t=15220000: current_coupling=0.042, last=0.042
       15220054        68.91564       552.25946            5.77        10:11:03        4.20e-02        2.00e+00
       15221102        68.92061       553.26027            5.77        10:10:47        4.20e-02        2.00e+00
       15222081        68.92652       554.26039            5.77        10:10:25        4.20e-02        2.00e+00
       15222985        68.92973       555.26113            5.77        10:10:00        4.20e-02        2.00e+00
       15224014        68.93299       556.26159            5.77        10:09:43        4.20e-02        2.00e+00
       15225007        68.93722       557.26250            5.77        10:09:24        4.20e-02        2.00e+00
       15225992        68.94517       558.26297            5.77        10:09:01        4.20e-02        2.00e+00
       15226974        68.94960       559.26338            5.77        10:08:41        4.20e-02        2.00e+00
       15227948        68.95254       560.26393            5.77        10:08:21        4.20e-02        2.00e+00
       15228915        68.95561       561.26417            5.78        10:08:00        4.20e-02        2.00e+00
       15229929        68.95997       562.26454            5.78        10:07:42        4.20e-02        2.00e+00
DEBUG @ t=15230000: current_coupling=0.042, last=0.042
       15230960        68.96487       563.26468            5.78        10:07:24        4.20e-02        2.00e+00
       15232005        68.96805       564.26567            5.78        10:07:08        4.20e-02        2.00e+00
       15232981        68.97064       565.26635            5.78        10:06:48        4.20e-02        2.00e+00
       15233961        68.97305       566.26655            5.78        10:06:29        4.20e-02        2.00e+00
       15234995        68.97629       567.26667            5.78        10:06:12        4.20e-02        2.00e+00
       15236034        68.97956       568.26669            5.78        10:05:56        4.20e-02        2.00e+00
       15237021        68.98314       569.26755            5.78        10:05:37        4.20e-02        2.00e+00
       15237929        68.98630       570.26782            5.78        10:05:12        4.20e-02        2.00e+00
       15238873        68.98910       571.26811            5.78        10:04:51        4.20e-02        2.00e+00
       15239797        68.99245       572.26892            5.78        10:04:27        4.20e-02        2.00e+00
DEBUG @ t=15240000: current_coupling=0.042, last=0.042
       15240909        68.99748       573.26971            5.78        10:04:15        4.20e-02        2.00e+00
       15241886        69.00138       574.27041            5.78        10:03:54        4.20e-02        2.00e+00
       15242846        69.00418       575.27053            5.78        10:03:33        4.20e-02        2.00e+00
       15243861        69.00864       576.27154            5.79        10:03:15        4.20e-02        2.00e+00
       15244792        69.01342       577.27156            5.79        10:02:52        4.20e-02        2.00e+00
       15245730        69.01746       578.27217            5.79        10:02:29        4.20e-02        2.00e+00
       15246690        69.02011       579.27289            5.79        10:02:08        4.20e-02        2.00e+00
       15247713        69.02456       580.27300            5.79        10:01:51        4.20e-02        2.00e+00
       15248598        69.02772       581.27386            5.79        10:01:25        4.20e-02        2.00e+00
       15249624        69.03102       582.27446            5.79        10:01:08        4.20e-02        2.00e+00
DEBUG @ t=15250000: current_coupling=0.042, last=0.042
       15250603        69.03358       583.27497            5.79        10:00:49        4.20e-02        2.00e+00
       15251591        69.03690       584.27547            5.79        10:00:30        4.20e-02        2.00e+00
       15252589        69.04020       585.27553            5.79        10:00:11        4.20e-02        2.00e+00
       15253518        69.04246       586.27600            5.79        09:59:49        4.20e-02        2.00e+00
       15254460        69.04536       587.27681            5.80        09:59:27        4.20e-02        2.00e+00
       15255416        69.04792       588.27769            5.80        09:59:07        4.20e-02        2.00e+00
       15256329        69.05014       589.27804            5.80        09:58:44        4.20e-02        2.00e+00
       15257243        69.05235       590.27817            5.80        09:58:21        4.20e-02        2.00e+00
       15258177        69.05460       591.27898            5.80        09:57:59        4.20e-02        2.00e+00
       15259110        69.05669       592.27984            5.80        09:57:38        4.20e-02        2.00e+00
DEBUG @ t=15260000: current_coupling=0.042, last=0.042
       15260095        69.05896       593.28013            5.80        09:57:19        4.20e-02        2.00e+00
       15261062        69.06113       594.28030            5.80        09:56:59        4.20e-02        2.00e+00
       15262052        69.06400       595.28113            5.80        09:56:41        4.20e-02        2.00e+00
       15263011        69.06773       596.28196            5.80        09:56:20        4.20e-02        2.00e+00
       15264005        69.07061       597.28220            5.80        09:56:01        4.20e-02        2.00e+00
       15264963        69.07282       598.28234            5.81        09:55:41        4.20e-02        2.00e+00
       15265888        69.07595       599.28334            5.81        09:55:19        4.20e-02        2.00e+00
Added F(k,t) reference 3 at t = 600.003 ps
       15266878        69.07888       600.28412            5.81        09:55:00        4.20e-02        2.00e+00
       15267870        69.08112       601.28461            5.81        09:54:42        4.20e-02        2.00e+00
       15268820        69.08332       602.28483            5.81        09:54:21        4.20e-02        2.00e+00
       15269852        69.08766       603.28528            5.81        09:54:05        4.20e-02        2.00e+00
DEBUG @ t=15270000: current_coupling=0.042, last=0.042
       15270971        69.09152       604.28579            5.81        09:53:53        4.20e-02        2.00e+00
       15272003        69.09494       605.28591            5.81        09:53:36        4.20e-02        2.00e+00
       15272963        69.09796       606.28687            5.81        09:53:16        4.20e-02        2.00e+00
       15273943        69.10119       607.28771            5.81        09:52:57        4.20e-02        2.00e+00
       15275001        69.10425       608.28785            5.81        09:52:42        4.20e-02        2.00e+00
       15276062        69.10707       609.28792            5.81        09:52:28        4.20e-02        2.00e+00
       15277123        69.10967       610.28798            5.81        09:52:13        4.20e-02        2.00e+00
       15278139        69.11208       611.28829            5.81        09:51:57        4.20e-02        2.00e+00
       15279135        69.11417       612.28899            5.81        09:51:39        4.20e-02        2.00e+00
DEBUG @ t=15280000: current_coupling=0.042, last=0.042
       15280058        69.11800       613.28931            5.81        09:51:16        4.20e-02        2.00e+00
       15280947        69.11998       614.29022            5.81        09:50:52        4.20e-02        2.00e+00
       15281983        69.12319       615.29111            5.81        09:50:36        4.20e-02        2.00e+00
       15283017        69.12643       616.29204            5.81        09:50:20        4.20e-02        2.00e+00
       15284084        69.13022       617.29232            5.81        09:50:05        4.20e-02        2.00e+00
       15285145        69.13440       618.29241            5.81        09:49:50        4.20e-02        2.00e+00
       15286227        69.13669       619.29330            5.81        09:49:37        4.20e-02        2.00e+00
       15287272        69.13937       620.29427            5.81        09:49:22        4.20e-02        2.00e+00
       15288255        69.14158       621.29432            5.81        09:49:03        4.20e-02        2.00e+00
       15289260        69.14506       622.29443            5.82        09:48:46        4.20e-02        2.00e+00
DEBUG @ t=15290000: current_coupling=0.042, last=0.042
       15290336        69.14817       623.29458            5.82        09:48:32        4.20e-02        2.00e+00
       15291396        69.15055       624.29515            5.82        09:48:17        4.20e-02        2.00e+00
       15292389        69.15266       625.29525            5.82        09:48:00        4.20e-02        2.00e+00
       15293363        69.15531       626.29546            5.82        09:47:41        4.20e-02        2.00e+00
       15294365        69.15852       627.29556            5.82        09:47:23        4.20e-02        2.00e+00
       15295411        69.16184       628.29607            5.82        09:47:07        4.20e-02        2.00e+00
       15296454        69.16483       629.29686            5.82        09:46:52        4.20e-02        2.00e+00
       15297479        69.16951       630.29707            5.82        09:46:34        4.20e-02        2.00e+00
       15298520        69.17329       631.29736            5.82        09:46:18        4.20e-02        2.00e+00
       15299589        69.17652       632.29768            5.82        09:46:04        4.20e-02        2.00e+00
DEBUG @ t=15300000: current_coupling=0.042, last=0.042
[HDF5 Writer DEBUG] timestep=15300000, current_time_ps=632.666, last_output_time=632.6594289262773, write_count=60292
       15300737        69.18022       633.29790            5.82        09:45:54        4.20e-02        2.00e+00
       15301690        69.18242       634.29870            5.82        09:45:34        4.20e-02        2.00e+00
       15302743        69.18501       635.29891            5.82        09:45:19        4.20e-02        2.00e+00
       15303875        69.18897       636.29905            5.82        09:45:07        4.20e-02        2.00e+00
       15305046        69.19407       637.29946            5.82        09:44:58        4.20e-02        2.00e+00
       15306039        69.19686       638.29961            5.82        09:44:40        4.20e-02        2.00e+00
       15306952        69.19868       639.30036            5.82        09:44:18        4.20e-02        2.00e+00
       15307897        69.20139       640.30113            5.82        09:43:57        4.20e-02        2.00e+00
       15309009        69.20790       641.30188            5.82        09:43:43        4.20e-02        2.00e+00
       15309999        69.21208       642.30210            5.82        09:43:24        4.20e-02        2.00e+00
DEBUG @ t=15310000: current_coupling=0.042, last=0.042
       15310911        69.21411       643.30274            5.82        09:43:02        4.20e-02        2.00e+00
       15311966        69.21656       644.30375            5.82        09:42:48        4.20e-02        2.00e+00
       15312956        69.22168       645.30409            5.82        09:42:28        4.20e-02        2.00e+00
       15314052        69.22485       646.30419            5.82        09:42:15        4.20e-02        2.00e+00
       15315131        69.22920       647.30457            5.82        09:42:01        4.20e-02        2.00e+00
       15316145        69.23453       648.30505            5.82        09:41:43        4.20e-02        2.00e+00
       15317154        69.23895       649.30576            5.82        09:41:25        4.20e-02        2.00e+00
       15318287        69.24432       650.30627            5.82        09:41:12        4.20e-02        2.00e+00
       15319347        69.24846       651.30698            5.82        09:40:57        4.20e-02        2.00e+00
DEBUG @ t=15320000: current_coupling=0.042, last=0.042
       15320323        69.25098       652.30774            5.82        09:40:38        4.20e-02        2.00e+00
       15321318        69.25356       653.30844            5.82        09:40:20        4.20e-02        2.00e+00
       15322335        69.25683       654.30937            5.82        09:40:03        4.20e-02        2.00e+00
       15323410        69.25988       655.31017            5.82        09:39:49        4.20e-02        2.00e+00
       15324466        69.26450       656.31057            5.82        09:39:34        4.20e-02        2.00e+00
       15325498        69.26771       657.31114            5.82        09:39:17        4.20e-02        2.00e+00
       15326456        69.26944       658.31147            5.82        09:38:58        4.20e-02        2.00e+00
       15327400        69.27096       659.31157            5.82        09:38:38        4.20e-02        2.00e+00
       15328307        69.27207       660.31187            5.83        09:38:17        4.20e-02        2.00e+00
       15329259        69.27326       661.31239            5.83        09:37:57        4.20e-02        2.00e+00
DEBUG @ t=15330000: current_coupling=0.042, last=0.042
       15330338        69.27585       662.31324            5.83        09:37:44        4.20e-02        2.00e+00
       15331447        69.27880       663.31401            5.83        09:37:32        4.20e-02        2.00e+00
       15332469        69.28261       664.31484            5.83        09:37:14        4.20e-02        2.00e+00
       15333413        69.28470       665.31522            5.83        09:36:54        4.20e-02        2.00e+00
       15334417        69.28811       666.31578            5.83        09:36:37        4.20e-02        2.00e+00
       15335432        69.29063       667.31642            5.83        09:36:20        4.20e-02        2.00e+00
       15336445        69.29238       668.31700            5.83        09:36:03        4.20e-02        2.00e+00
       15337511        69.29570       669.31722            5.83        09:35:49        4.20e-02        2.00e+00
       15338573        69.29971       670.31795            5.83        09:35:34        4.20e-02        2.00e+00
       15339668        69.30507       671.31804            5.83        09:35:20        4.20e-02        2.00e+00
DEBUG @ t=15340000: current_coupling=0.042, last=0.042
       15340670        69.30869       672.31883            5.83        09:35:02        4.20e-02        2.00e+00
       15341621        69.31144       673.31977            5.83        09:34:42        4.20e-02        2.00e+00
       15342620        69.31505       674.32047            5.83        09:34:24        4.20e-02        2.00e+00
       15343627        69.31806       675.32112            5.83        09:34:06        4.20e-02        2.00e+00
       15344538        69.32054       676.32143            5.83        09:33:44        4.20e-02        2.00e+00
       15345517        69.32310       677.32192            5.83        09:33:26        4.20e-02        2.00e+00
       15346538        69.32571       678.32258            5.83        09:33:09        4.20e-02        2.00e+00
       15347639        69.32911       679.32282            5.83        09:32:57        4.20e-02        2.00e+00
       15348662        69.33184       680.32307            5.83        09:32:40        4.20e-02        2.00e+00
       15349574        69.33417       681.32387            5.83        09:32:19        4.20e-02        2.00e+00
DEBUG @ t=15350000: current_coupling=0.042, last=0.042
       15350625        69.33737       682.32393            5.83        09:32:03        4.20e-02        2.00e+00
       15351650        69.34007       683.32460            5.83        09:31:47        4.20e-02        2.00e+00
       15352575        69.34320       684.32549            5.84        09:31:26        4.20e-02        2.00e+00
       15353499        69.34712       685.32588            5.84        09:31:04        4.20e-02        2.00e+00
       15354454        69.35071       686.32680            5.84        09:30:44        4.20e-02        2.00e+00
       15355424        69.35423       687.32704            5.84        09:30:25        4.20e-02        2.00e+00
       15356352        69.35764       688.32796            5.84        09:30:03        4.20e-02        2.00e+00
       15357283        69.36067       689.32839            5.84        09:29:42        4.20e-02        2.00e+00
       15358252        69.36523       690.32851            5.84        09:29:22        4.20e-02        2.00e+00
       15359226        69.36911       691.32869            5.84        09:29:03        4.20e-02        2.00e+00
DEBUG @ t=15360000: current_coupling=0.042, last=0.042
       15360213        69.37249       692.32953            5.84        09:28:45        4.20e-02        2.00e+00
       15361256        69.37579       693.32958            5.84        09:28:29        4.20e-02        2.00e+00
       15362325        69.37879       694.33039            5.84        09:28:15        4.20e-02        2.00e+00
       15363336        69.38264       695.33132            5.84        09:27:58        4.20e-02        2.00e+00
       15364347        69.38522       696.33198            5.84        09:27:41        4.20e-02        2.00e+00
       15365349        69.38802       697.33285            5.84        09:27:23        4.20e-02        2.00e+00
       15366370        69.39217       698.33330            5.84        09:27:06        4.20e-02        2.00e+00
       15367417        69.39569       699.33419            5.84        09:26:51        4.20e-02        2.00e+00
       15368434        69.39861       700.33434            5.84        09:26:34        4.20e-02        2.00e+00
       15369471        69.40363       701.33471            5.85        09:26:17        4.20e-02        2.00e+00
DEBUG @ t=15370000: current_coupling=0.042, last=0.042
       15370558        69.40639       702.33525            5.84        09:26:04        4.20e-02        2.00e+00
       15371602        69.40906       703.33549            5.84        09:25:49        4.20e-02        2.00e+00
       15372595        69.41192       704.33617            5.85        09:25:31        4.20e-02        2.00e+00
       15373548        69.41355       705.33682            5.85        09:25:12        4.20e-02        2.00e+00
       15374589        69.41589       706.33747            5.85        09:24:57        4.20e-02        2.00e+00
       15375586        69.41807       707.33830            5.85        09:24:40        4.20e-02        2.00e+00
       15376523        69.42048       708.33899            5.85        09:24:19        4.20e-02        2.00e+00
       15377537        69.42341       709.33983            5.85        09:24:03        4.20e-02        2.00e+00
       15378627        69.42810       710.34071            5.85        09:23:48        4.20e-02        2.00e+00
       15379672        69.43164       711.34110            5.85        09:23:33        4.20e-02        2.00e+00
DEBUG @ t=15380000: current_coupling=0.042, last=0.042
       15380710        69.43460       712.34132            5.85        09:23:17        4.20e-02        2.00e+00
       15381747        69.43882       713.34171            5.85        09:23:01        4.20e-02        2.00e+00
       15382813        69.44308       714.34249            5.85        09:22:46        4.20e-02        2.00e+00
       15383719        69.44537       715.34348            5.85        09:22:24        4.20e-02        2.00e+00
       15384663        69.44686       716.34394            5.85        09:22:05        4.20e-02        2.00e+00
       15385666        69.44931       717.34397            5.85        09:21:48        4.20e-02        2.00e+00
       15386627        69.45166       718.34435            5.85        09:21:29        4.20e-02        2.00e+00
       15387611        69.45332       719.34521            5.85        09:21:12        4.20e-02        2.00e+00
       15388576        69.45535       720.34602            5.85        09:20:53        4.20e-02        2.00e+00
       15389567        69.45842       721.34692            5.85        09:20:35        4.20e-02        2.00e+00
DEBUG @ t=15390000: current_coupling=0.042, last=0.042
       15390556        69.46135       722.34764            5.85        09:20:17        4.20e-02        2.00e+00
       15391595        69.46426       723.34833            5.85        09:20:02        4.20e-02        2.00e+00
       15392590        69.46724       724.34902            5.85        09:19:44        4.20e-02        2.00e+00
       15393594        69.47039       725.34934            5.85        09:19:27        4.20e-02        2.00e+00
       15394547        69.47310       726.34995            5.86        09:19:08        4.20e-02        2.00e+00
       15395598        69.47622       727.35054            5.86        09:18:52        4.20e-02        2.00e+00
       15396608        69.47955       728.35070            5.86        09:18:35        4.20e-02        2.00e+00
       15397611        69.48242       729.35090            5.86        09:18:18        4.20e-02        2.00e+00
       15398564        69.48510       730.35108            5.86        09:17:59        4.20e-02        2.00e+00
       15399546        69.48776       731.35195            5.86        09:17:41        4.20e-02        2.00e+00
DEBUG @ t=15400000: current_coupling=0.042, last=0.042
[HDF5 Writer DEBUG] timestep=15400000, current_time_ps=731.817, last_output_time=731.8159479984299, write_count=69721
       15400508        69.49021       732.35293            5.86        09:17:22        4.20e-02        2.00e+00
       15401519        69.49289       733.35360            5.86        09:17:06        4.20e-02        2.00e+00
       15402600        69.49635       734.35446            5.86        09:16:52        4.20e-02        2.00e+00
       15403588        69.49996       735.35484            5.86        09:16:33        4.20e-02        2.00e+00
       15404563        69.50299       736.35545            5.86        09:16:15        4.20e-02        2.00e+00
       15405550        69.50546       737.35632            5.86        09:15:57        4.20e-02        2.00e+00
       15406635        69.50851       738.35633            5.86        09:15:44        4.20e-02        2.00e+00
       15407667        69.51212       739.35689            5.86        09:15:28        4.20e-02        2.00e+00
       15408818        69.51594       740.35712            5.86        09:15:17        4.20e-02        2.00e+00
       15409812        69.51900       741.35788            5.86        09:14:59        4.20e-02        2.00e+00
DEBUG @ t=15410000: current_coupling=0.042, last=0.042
       15411006        69.52443       742.35873            5.86        09:14:49        4.20e-02        2.00e+00
       15411990        69.52746       743.35876            5.86        09:14:31        4.20e-02        2.00e+00
       15413018        69.53030       744.35911            5.86        09:14:15        4.20e-02        2.00e+00
       15414131        69.53347       745.35978            5.86        09:14:02        4.20e-02        2.00e+00
       15415199        69.53753       746.36033            5.86        09:13:48        4.20e-02        2.00e+00
       15416313        69.54126       747.36063            5.86        09:13:35        4.20e-02        2.00e+00
       15417419        69.54461       748.36120            5.86        09:13:22        4.20e-02        2.00e+00
       15418424        69.54783       749.36175            5.86        09:13:05        4.20e-02        2.00e+00
       15419540        69.55148       750.36220            5.86        09:12:52        4.20e-02        2.00e+00
DEBUG @ t=15420000: current_coupling=0.042, last=0.042
       15420751        69.55603       751.36286            5.86        09:12:43        4.20e-02        2.00e+00
       15421743        69.55865       752.36315            5.86        09:12:26        4.20e-02        2.00e+00
       15422931        69.56204       753.36369            5.86        09:12:16        4.20e-02        2.00e+00
       15424254        69.56552       754.36388            5.86        09:12:13        4.20e-02        2.00e+00
       15425534        69.56870       755.36455            5.85        09:12:07        4.20e-02        2.00e+00
       15426756        69.57314       756.36532            5.85        09:11:59        4.20e-02        2.00e+00
       15427993        69.57697       757.36579            5.85        09:11:51        4.20e-02        2.00e+00
       15429050        69.58025       758.36642            5.85        09:11:36        4.20e-02        2.00e+00
DEBUG @ t=15430000: current_coupling=0.042, last=0.042
       15430155        69.58385       759.36649            5.85        09:11:23        4.20e-02        2.00e+00
       15431324        69.58882       760.36668            5.85        09:11:11        4.20e-02        2.00e+00
       15432327        69.59141       761.36738            5.85        09:10:54        4.20e-02        2.00e+00
       15433267        69.59400       762.36779            5.85        09:10:35        4.20e-02        2.00e+00
       15434239        69.59663       763.36781            5.85        09:10:16        4.20e-02        2.00e+00
       15435197        69.60020       764.36839            5.85        09:09:57        4.20e-02        2.00e+00
       15436237        69.60307       765.36845            5.85        09:09:41        4.20e-02        2.00e+00
       15437250        69.60516       766.36907            5.85        09:09:25        4.20e-02        2.00e+00
       15438219        69.60775       767.36961            5.85        09:09:06        4.20e-02        2.00e+00
       15439295        69.61199       768.37050            5.85        09:08:52        4.20e-02        2.00e+00
DEBUG @ t=15440000: current_coupling=0.042, last=0.042
       15440325        69.61533       769.37147            5.86        09:08:35        4.20e-02        2.00e+00
       15441315        69.61806       770.37197            5.86        09:08:18        4.20e-02        2.00e+00
       15442318        69.62004       771.37258            5.86        09:08:01        4.20e-02        2.00e+00
       15443338        69.62214       772.37330            5.86        09:07:45        4.20e-02        2.00e+00
       15444361        69.62479       773.37415            5.86        09:07:29        4.20e-02        2.00e+00
       15445417        69.62750       774.37466            5.86        09:07:14        4.20e-02        2.00e+00
       15446422        69.63056       775.37495            5.86        09:06:57        4.20e-02        2.00e+00
       15447419        69.63335       776.37590            5.86        09:06:39        4.20e-02        2.00e+00
       15448500        69.63684       777.37633            5.86        09:06:25        4.20e-02        2.00e+00
       15449564        69.64149       778.37713            5.86        09:06:10        4.20e-02        2.00e+00
DEBUG @ t=15450000: current_coupling=0.042, last=0.042
       15450588        69.64400       779.37724            5.86        09:05:54        4.20e-02        2.00e+00
       15451622        69.64713       780.37799            5.86        09:05:38        4.20e-02        2.00e+00
       15452629        69.65038       781.37830            5.86        09:05:21        4.20e-02        2.00e+00
       15453652        69.65644       782.37890            5.86        09:05:03        4.20e-02        2.00e+00
       15454627        69.66021       783.37922            5.86        09:04:44        4.20e-02        2.00e+00
       15455638        69.66331       784.37958            5.86        09:04:27        4.20e-02        2.00e+00
       15456655        69.66529       785.38050            5.86        09:04:11        4.20e-02        2.00e+00
       15457660        69.66731       786.38082            5.86        09:03:54        4.20e-02        2.00e+00
       15458786        69.67028       787.38153            5.86        09:03:42        4.20e-02        2.00e+00
       15459782        69.67322       788.38227            5.86        09:03:25        4.20e-02        2.00e+00
DEBUG @ t=15460000: current_coupling=0.042, last=0.042
       15460880        69.67614       789.38238            5.86        09:03:12        4.20e-02        2.00e+00
       15461971        69.67910       790.38250            5.86        09:02:58        4.20e-02        2.00e+00
       15462974        69.68491       791.38330            5.86        09:02:40        4.20e-02        2.00e+00
       15463971        69.68803       792.38377            5.86        09:02:22        4.20e-02        2.00e+00
       15464960        69.69054       793.38442            5.86        09:02:05        4.20e-02        2.00e+00
       15466010        69.69279       794.38458            5.86        09:01:50        4.20e-02        2.00e+00
       15467058        69.69517       795.38540            5.86        09:01:35        4.20e-02        2.00e+00
       15468091        69.69735       796.38581            5.86        09:01:19        4.20e-02        2.00e+00
       15469145        69.69936       797.38617            5.86        09:01:04        4.20e-02        2.00e+00
DEBUG @ t=15470000: current_coupling=0.042, last=0.042
       15470212        69.70191       798.38631            5.86        09:00:50        4.20e-02        2.00e+00
       15471251        69.70459       799.38715            5.86        09:00:35        4.20e-02        2.00e+00
Added F(k,t) reference 4 at t = 800.004 ps
       15472332        69.70810       800.38741            5.86        09:00:20        4.20e-02        2.00e+00
       15473440        69.71161       801.38803            5.86        09:00:07        4.20e-02        2.00e+00
       15474502        69.71550       802.38830            5.86        08:59:52        4.20e-02        2.00e+00
       15475534        69.71979       803.38832            5.86        08:59:35        4.20e-02        2.00e+00
       15476560        69.72284       804.38862            5.86        08:59:19        4.20e-02        2.00e+00
       15477519        69.72486       805.38954            5.86        08:59:01        4.20e-02        2.00e+00
       15478589        69.72740       806.39025            5.86        08:58:46        4.20e-02        2.00e+00
       15479746        69.73211       807.39102            5.86        08:58:34        4.20e-02        2.00e+00
DEBUG @ t=15480000: current_coupling=0.042, last=0.042
       15480803        69.73456       808.39142            5.86        08:58:20        4.20e-02        2.00e+00
       15481805        69.73755       809.39171            5.86        08:58:03        4.20e-02        2.00e+00
       15482806        69.73980       810.39243            5.86        08:57:46        4.20e-02        2.00e+00
       15483836        69.74296       811.39332            5.86        08:57:29        4.20e-02        2.00e+00
       15484808        69.74601       812.39397            5.86        08:57:11        4.20e-02        2.00e+00
       15485842        69.74905       813.39430            5.86        08:56:55        4.20e-02        2.00e+00
       15486730        69.75058       814.39511            5.87        08:56:34        4.20e-02        2.00e+00
       15487662        69.75267       815.39549            5.87        08:56:15        4.20e-02        2.00e+00
       15488699        69.75639       816.39552            5.87        08:55:59        4.20e-02        2.00e+00
       15489800        69.75886       817.39611            5.87        08:55:46        4.20e-02        2.00e+00
DEBUG @ t=15490000: current_coupling=0.042, last=0.042
       15490807        69.76153       818.39687            5.87        08:55:29        4.20e-02        2.00e+00
       15491764        69.76424       819.39738            5.87        08:55:10        4.20e-02        2.00e+00
       15492730        69.76602       820.39831            5.87        08:54:52        4.20e-02        2.00e+00
       15493725        69.76809       821.39924            5.87        08:54:36        4.20e-02        2.00e+00
       15494700        69.77025       822.39936            5.87        08:54:18        4.20e-02        2.00e+00
       15495728        69.77266       823.39974            5.87        08:54:02        4.20e-02        2.00e+00
       15496693        69.77452       824.40049            5.87        08:53:44        4.20e-02        2.00e+00
       15497623        69.77619       825.40053            5.87        08:53:25        4.20e-02        2.00e+00
       15498581        69.77819       826.40077            5.87        08:53:07        4.20e-02        2.00e+00
       15499538        69.78021       827.40078            5.87        08:52:48        4.20e-02        2.00e+00
DEBUG @ t=15500000: current_coupling=0.042, last=0.042
[HDF5 Writer DEBUG] timestep=15500000, current_time_ps=827.860, last_output_time=827.8508582345358, write_count=78867
       15500593        69.78420       828.40081            5.87        08:52:33        4.20e-02        2.00e+00
       15501693        69.78700       829.40090            5.87        08:52:20        4.20e-02        2.00e+00
       15502619        69.78903       830.40109            5.87        08:52:00        4.20e-02        2.00e+00
       15503584        69.79253       831.40146            5.87        08:51:42        4.20e-02        2.00e+00
       15504610        69.79571       832.40156            5.87        08:51:25        4.20e-02        2.00e+00
       15505635        69.79924       833.40242            5.87        08:51:09        4.20e-02        2.00e+00
       15506677        69.80218       834.40261            5.87        08:50:53        4.20e-02        2.00e+00
       15507716        69.80592       835.40329            5.87        08:50:37        4.20e-02        2.00e+00
       15508747        69.80769       836.40415            5.87        08:50:22        4.20e-02        2.00e+00
       15509730        69.81106       837.40431            5.87        08:50:04        4.20e-02        2.00e+00
DEBUG @ t=15510000: current_coupling=0.042, last=0.042
       15510683        69.81338       838.40440            5.88        08:49:46        4.20e-02        2.00e+00
       15511702        69.81545       839.40494            5.88        08:49:30        4.20e-02        2.00e+00
       15512753        69.81833       840.40585            5.88        08:49:15        4.20e-02        2.00e+00
       15513753        69.82156       841.40648            5.88        08:48:57        4.20e-02        2.00e+00
       15514851        69.82619       842.40729            5.88        08:48:43        4.20e-02        2.00e+00
       15515834        69.83038       843.40775            5.88        08:48:25        4.20e-02        2.00e+00
       15516913        69.83421       844.40853            5.88        08:48:10        4.20e-02        2.00e+00
       15517994        69.83739       845.40895            5.88        08:47:56        4.20e-02        2.00e+00
       15518912        69.84034       846.40914            5.88        08:47:36        4.20e-02        2.00e+00
       15519762        69.84299       847.40961            5.88        08:47:14        4.20e-02        2.00e+00
DEBUG @ t=15520000: current_coupling=0.042, last=0.042
       15520640        69.84473       848.40982            5.88        08:46:53        4.20e-02        2.00e+00
       15521640        69.84640       849.41009            5.88        08:46:37        4.20e-02        2.00e+00
       15522551        69.84829       850.41038            5.88        08:46:17        4.20e-02        2.00e+00
       15523438        69.85014       851.41082            5.88        08:45:56        4.20e-02        2.00e+00
       15524330        69.85177       852.41118            5.88        08:45:36        4.20e-02        2.00e+00
       15525314        69.85476       853.41134            5.88        08:45:18        4.20e-02        2.00e+00
       15526444        69.85779       854.41173            5.88        08:45:06        4.20e-02        2.00e+00
       15527435        69.86037       855.41282            5.88        08:44:49        4.20e-02        2.00e+00
       15528420        69.86419       856.41290            5.88        08:44:31        4.20e-02        2.00e+00
       15529492        69.86627       857.41341            5.88        08:44:17        4.20e-02        2.00e+00
DEBUG @ t=15530000: current_coupling=0.042, last=0.042
       15530517        69.86887       858.41429            5.88        08:44:01        4.20e-02        2.00e+00
       15531582        69.87094       859.41436            5.88        08:43:47        4.20e-02        2.00e+00
       15532712        69.87351       860.41490            5.88        08:43:35        4.20e-02        2.00e+00
       15533735        69.87613       861.41518            5.88        08:43:19        4.20e-02        2.00e+00
       15534706        69.87822       862.41588            5.89        08:43:01        4.20e-02        2.00e+00
       15535737        69.88206       863.41626            5.89        08:42:45        4.20e-02        2.00e+00
       15536742        69.88433       864.41659            5.89        08:42:28        4.20e-02        2.00e+00
       15537765        69.88647       865.41690            5.89        08:42:13        4.20e-02        2.00e+00
       15538736        69.88829       866.41713            5.89        08:41:55        4.20e-02        2.00e+00
       15539722        69.88997       867.41806            5.89        08:41:38        4.20e-02        2.00e+00
DEBUG @ t=15540000: current_coupling=0.042, last=0.042
       15540774        69.89145       868.41844            5.89        08:41:24        4.20e-02        2.00e+00
       15541751        69.89388       869.41870            5.89        08:41:06        4.20e-02        2.00e+00
       15542802        69.89689       870.41949            5.89        08:40:51        4.20e-02        2.00e+00
       15543873        69.89975       871.41951            5.89        08:40:37        4.20e-02        2.00e+00
       15544927        69.90239       872.42020            5.89        08:40:22        4.20e-02        2.00e+00
       15545917        69.90476       873.42026            5.89        08:40:05        4.20e-02        2.00e+00
       15546909        69.90698       874.42108            5.89        08:39:48        4.20e-02        2.00e+00
       15547990        69.90917       875.42116            5.89        08:39:34        4.20e-02        2.00e+00
       15549058        69.91123       876.42185            5.89        08:39:20        4.20e-02        2.00e+00
DEBUG @ t=15550000: current_coupling=0.042, last=0.042
       15550080        69.91401       877.42266            5.89        08:39:04        4.20e-02        2.00e+00
       15551076        69.91593       878.42297            5.89        08:38:48        4.20e-02        2.00e+00
       15552081        69.91860       879.42351            5.89        08:38:31        4.20e-02        2.00e+00
       15553056        69.92056       880.42449            5.89        08:38:14        4.20e-02        2.00e+00
       15553985        69.92227       881.42495            5.89        08:37:55        4.20e-02        2.00e+00
       15554960        69.92494       882.42539            5.89        08:37:37        4.20e-02        2.00e+00
       15555970        69.92718       883.42617            5.89        08:37:21        4.20e-02        2.00e+00
       15556912        69.92962       884.42692            5.89        08:37:02        4.20e-02        2.00e+00
       15557970        69.93183       885.42705            5.89        08:36:48        4.20e-02        2.00e+00
       15559036        69.93380       886.42763            5.89        08:36:34        4.20e-02        2.00e+00
DEBUG @ t=15560000: current_coupling=0.042, last=0.042
       15560088        69.93645       887.42772            5.89        08:36:19        4.20e-02        2.00e+00
       15561009        69.93861       888.42814            5.89        08:36:00        4.20e-02        2.00e+00
       15561955        69.94071       889.42816            5.89        08:35:41        4.20e-02        2.00e+00
       15562940        69.94523       890.42900            5.89        08:35:23        4.20e-02        2.00e+00
       15563951        69.94739       891.42968            5.89        08:35:07        4.20e-02        2.00e+00
       15564988        69.94987       892.43048            5.89        08:34:52        4.20e-02        2.00e+00
       15566053        69.95216       893.43102            5.89        08:34:37        4.20e-02        2.00e+00
       15566976        69.95413       894.43181            5.90        08:34:18        4.20e-02        2.00e+00
       15568066        69.95737       895.43184            5.90        08:34:04        4.20e-02        2.00e+00
       15569104        69.96074       896.43211            5.90        08:33:49        4.20e-02        2.00e+00
DEBUG @ t=15570000: current_coupling=0.042, last=0.042
       15570198        69.96368       897.43246            5.90        08:33:35        4.20e-02        2.00e+00
       15571224        69.96619       898.43330            5.90        08:33:19        4.20e-02        2.00e+00
       15572166        69.96876       899.43352            5.90        08:33:01        4.20e-02        2.00e+00
       15573171        69.97168       900.43376            5.90        08:32:44        4.20e-02        2.00e+00
       15574218        69.97510       901.43451            5.90        08:32:29        4.20e-02        2.00e+00
       15575225        69.97875       902.43545            5.90        08:32:12        4.20e-02        2.00e+00
       15576251        69.98108       903.43638            5.90        08:31:56        4.20e-02        2.00e+00
       15577266        69.98325       904.43642            5.90        08:31:40        4.20e-02        2.00e+00
       15578327        69.98583       905.43690            5.90        08:31:25        4.20e-02        2.00e+00
       15579384        69.98829       906.43774            5.90        08:31:11        4.20e-02        2.00e+00
DEBUG @ t=15580000: current_coupling=0.042, last=0.042
       15580417        69.99073       907.43783            5.90        08:30:55        4.20e-02        2.00e+00
       15581546        69.99300       908.43814            5.90        08:30:43        4.20e-02        2.00e+00
       15582731        69.99660       909.43815            5.90        08:30:32        4.20e-02        2.00e+00
       15583887        69.99914       910.43871            5.90        08:30:20        4.20e-02        2.00e+00
       15585084        70.00148       911.43931            5.90        08:30:10        4.20e-02        2.00e+00
       15586295        70.00419       912.43956            5.89        08:30:00        4.20e-02        2.00e+00
       15587420        70.00758       913.43975            5.89        08:29:48        4.20e-02        2.00e+00
       15588556        70.01033       914.44007            5.89        08:29:35        4.20e-02        2.00e+00
       15589641        70.01348       915.44025            5.89        08:29:21        4.20e-02        2.00e+00
DEBUG @ t=15590000: current_coupling=0.042, last=0.042
       15590730        70.01534       916.44025            5.89        08:29:08        4.20e-02        2.00e+00
       15591890        70.01717       917.44107            5.89        08:28:57        4.20e-02        2.00e+00
       15592960        70.02022       918.44152            5.89        08:28:42        4.20e-02        2.00e+00
       15594071        70.02392       919.44154            5.89        08:28:28        4.20e-02        2.00e+00
       15595226        70.02874       920.44172            5.89        08:28:16        4.20e-02        2.00e+00
       15596257        70.03151       921.44190            5.89        08:28:00        4.20e-02        2.00e+00
       15597185        70.03307       922.44242            5.89        08:27:41        4.20e-02        2.00e+00
       15598171        70.03482       923.44317            5.89        08:27:25        4.20e-02        2.00e+00
       15599163        70.03737       924.44382            5.89        08:27:08        4.20e-02        2.00e+00
DEBUG @ t=15600000: current_coupling=0.042, last=0.042
[HDF5 Writer DEBUG] timestep=15600000, current_time_ps=925.245, last_output_time=925.2339405096047, write_count=88197
       15600206        70.03995       925.44452            5.89        08:26:52        4.20e-02        2.00e+00
       15601305        70.04218       926.44490            5.89        08:26:39        4.20e-02        2.00e+00
       15602415        70.04418       927.44582            5.89        08:26:26        4.20e-02        2.00e+00
       15603486        70.04671       928.44630            5.89        08:26:12        4.20e-02        2.00e+00
       15604508        70.04881       929.44667            5.89        08:25:56        4.20e-02        2.00e+00
       15605589        70.05080       930.44725            5.89        08:25:42        4.20e-02        2.00e+00
       15606729        70.05315       931.44726            5.89        08:25:30        4.20e-02        2.00e+00
       15607732        70.05471       932.44810            5.89        08:25:14        4.20e-02        2.00e+00
       15608691        70.05610       933.44836            5.89        08:24:57        4.20e-02        2.00e+00
       15609689        70.05781       934.44866            5.89        08:24:40        4.20e-02        2.00e+00
DEBUG @ t=15610000: current_coupling=0.042, last=0.042
       15610693        70.06005       935.44878            5.89        08:24:24        4.20e-02        2.00e+00
       15611778        70.06329       936.44929            5.89        08:24:10        4.20e-02        2.00e+00
       15612774        70.06491       937.44932            5.89        08:23:53        4.20e-02        2.00e+00
       15613770        70.06666       938.45027            5.89        08:23:37        4.20e-02        2.00e+00
       15614746        70.06817       939.45120            5.90        08:23:20        4.20e-02        2.00e+00
       15615737        70.06941       940.45186            5.90        08:23:04        4.20e-02        2.00e+00
       15616651        70.07088       941.45189            5.90        08:22:45        4.20e-02        2.00e+00
       15617715        70.07334       942.45235            5.90        08:22:30        4.20e-02        2.00e+00
       15618738        70.07524       943.45264            5.90        08:22:15        4.20e-02        2.00e+00
       15619654        70.07662       944.45321            5.90        08:21:56        4.20e-02        2.00e+00
DEBUG @ t=15620000: current_coupling=0.042, last=0.042
       15620636        70.07887       945.45384            5.90        08:21:39        4.20e-02        2.00e+00
       15621649        70.08135       946.45441            5.90        08:21:23        4.20e-02        2.00e+00
       15622552        70.08278       947.45526            5.90        08:21:04        4.20e-02        2.00e+00
       15623461        70.08483       948.45605            5.90        08:20:44        4.20e-02        2.00e+00
       15624386        70.08623       949.45619            5.90        08:20:26        4.20e-02        2.00e+00
       15625321        70.08755       950.45677            5.90        08:20:08        4.20e-02        2.00e+00
       15626273        70.08887       951.45728            5.90        08:19:50        4.20e-02        2.00e+00
       15627237        70.09022       952.45804            5.90        08:19:33        4.20e-02        2.00e+00
       15628209        70.09224       953.45846            5.90        08:19:16        4.20e-02        2.00e+00
       15629162        70.09449       954.45942            5.90        08:18:58        4.20e-02        2.00e+00
DEBUG @ t=15630000: current_coupling=0.042, last=0.042
       15630085        70.09560       955.45991            5.90        08:18:40        4.20e-02        2.00e+00
       15631116        70.09756       956.46058            5.90        08:18:25        4.20e-02        2.00e+00
       15632178        70.09931       957.46122            5.90        08:18:10        4.20e-02        2.00e+00
       15633108        70.10031       958.46190            5.90        08:17:52        4.20e-02        2.00e+00
       15634117        70.10242       959.46272            5.90        08:17:36        4.20e-02        2.00e+00
       15635233        70.10506       960.46302            5.90        08:17:23        4.20e-02        2.00e+00
       15636294        70.10723       961.46312            5.90        08:17:09        4.20e-02        2.00e+00
       15637337        70.10866       962.46316            5.90        08:16:54        4.20e-02        2.00e+00
       15638390        70.11023       963.46389            5.90        08:16:39        4.20e-02        2.00e+00
       15639435        70.11198       964.46408            5.90        08:16:25        4.20e-02        2.00e+00
DEBUG @ t=15640000: current_coupling=0.042, last=0.042
       15640408        70.11355       965.46482            5.91        08:16:08        4.20e-02        2.00e+00
       15641352        70.11495       966.46527            5.91        08:15:50        4.20e-02        2.00e+00
       15642304        70.11617       967.46578            5.91        08:15:33        4.20e-02        2.00e+00
       15643285        70.11761       968.46654            5.91        08:15:16        4.20e-02        2.00e+00
       15644321        70.11973       969.46720            5.91        08:15:01        4.20e-02        2.00e+00
       15645358        70.12186       970.46770            5.91        08:14:46        4.20e-02        2.00e+00
       15646344        70.12448       971.46788            5.91        08:14:29        4.20e-02        2.00e+00
       15647298        70.12697       972.46823            5.91        08:14:11        4.20e-02        2.00e+00
       15648262        70.12817       973.46903            5.91        08:13:54        4.20e-02        2.00e+00
       15649233        70.12946       974.46967            5.91        08:13:37        4.20e-02        2.00e+00
DEBUG @ t=15650000: current_coupling=0.042, last=0.042
       15650240        70.13172       975.46971            5.91        08:13:21        4.20e-02        2.00e+00
       15651291        70.13443       976.47005            5.91        08:13:06        4.20e-02        2.00e+00
       15652269        70.13634       977.47066            5.91        08:12:49        4.20e-02        2.00e+00
       15653248        70.13910       978.47104            5.91        08:12:32        4.20e-02        2.00e+00
       15654272        70.14061       979.47146            5.91        08:12:16        4.20e-02        2.00e+00
       15655281        70.14231       980.47217            5.91        08:12:01        4.20e-02        2.00e+00
       15656312        70.14460       981.47252            5.91        08:11:45        4.20e-02        2.00e+00
       15657369        70.14626       982.47264            5.91        08:11:31        4.20e-02        2.00e+00
       15658417        70.14742       983.47280            5.91        08:11:16        4.20e-02        2.00e+00
       15659447        70.14898       984.47317            5.91        08:11:01        4.20e-02        2.00e+00
DEBUG @ t=15660000: current_coupling=0.042, last=0.042
       15660473        70.15028       985.47321            5.91        08:10:46        4.20e-02        2.00e+00
       15661501        70.15171       986.47412            5.91        08:10:31        4.20e-02        2.00e+00
       15662474        70.15376       987.47447            5.91        08:10:14        4.20e-02        2.00e+00
       15663428        70.15654       988.47542            5.91        08:09:56        4.20e-02        2.00e+00
       15664429        70.15800       989.47603            5.91        08:09:40        4.20e-02        2.00e+00
       15665394        70.15950       990.47615            5.91        08:09:23        4.20e-02        2.00e+00
       15666334        70.16132       991.47692            5.91        08:09:05        4.20e-02        2.00e+00
       15667260        70.16320       992.47730            5.91        08:08:47        4.20e-02        2.00e+00
       15668164        70.16692       993.47782            5.92        08:08:27        4.20e-02        2.00e+00
       15669093        70.16826       994.47850            5.92        08:08:09        4.20e-02        2.00e+00
DEBUG @ t=15670000: current_coupling=0.042, last=0.042
       15670053        70.16936       995.47898            5.92        08:07:52        4.20e-02        2.00e+00
       15670973        70.17035       996.47922            5.92        08:07:34        4.20e-02        2.00e+00
       15671907        70.17207       997.48011            5.92        08:07:16        4.20e-02        2.00e+00
       15672904        70.17373       998.48082            5.92        08:07:00        4.20e-02        2.00e+00
       15673864        70.17486       999.48121            5.92        08:06:43        4.20e-02        2.00e+00
Added F(k,t) reference 5 at t = 1000.005 ps
       15674801        70.17617      1000.48192            5.92        08:06:26        4.20e-02        2.00e+00
       15675711        70.17747      1001.48234            5.92        08:06:07        4.20e-02        2.00e+00
       15676582        70.17873      1002.48251            5.92        08:05:48        4.20e-02        2.00e+00
       15677504        70.17985      1003.48274            5.92        08:05:30        4.20e-02        2.00e+00
       15678488        70.18149      1004.48343            5.92        08:05:13        4.20e-02        2.00e+00
       15679525        70.18399      1005.48429            5.92        08:04:58        4.20e-02        2.00e+00
DEBUG @ t=15680000: current_coupling=0.042, last=0.042
       15680484        70.18580      1006.48431            5.92        08:04:41        4.20e-02        2.00e+00
       15681475        70.18805      1007.48465            5.92        08:04:24        4.20e-02        2.00e+00
       15682457        70.18987      1008.48478            5.92        08:04:08        4.20e-02        2.00e+00
       15683409        70.19158      1009.48483            5.92        08:03:51        4.20e-02        2.00e+00
       15684430        70.19489      1010.48530            5.92        08:03:35        4.20e-02        2.00e+00
       15685515        70.19706      1011.48538            5.92        08:03:21        4.20e-02        2.00e+00
       15686489        70.19841      1012.48577            5.92        08:03:04        4.20e-02        2.00e+00
       15687428        70.19994      1013.48628            5.93        08:02:47        4.20e-02        2.00e+00
       15688438        70.20132      1014.48655            5.93        08:02:31        4.20e-02        2.00e+00
       15689484        70.20380      1015.48695            5.93        08:02:16        4.20e-02        2.00e+00
DEBUG @ t=15690000: current_coupling=0.042, last=0.042
       15690562        70.20644      1016.48772            5.93        08:02:02        4.20e-02        2.00e+00
       15691574        70.20845      1017.48777            5.93        08:01:46        4.20e-02        2.00e+00
       15692558        70.20931      1018.48851            5.93        08:01:30        4.20e-02        2.00e+00
       15693658        70.20221      1019.48938            5.92        08:01:21        4.20e-02        2.00e+00
       15694802        70.20051      1020.48992            5.92        08:01:10        4.20e-02        2.00e+00
       15695812        70.19918      1021.49090            5.92        08:00:55        4.20e-02        2.00e+00
       15696727        70.19868      1022.49118            5.92        08:00:38        4.20e-02        2.00e+00
       15697732        70.19802      1023.49200            5.92        08:00:23        4.20e-02        2.00e+00
       15698765        70.19798      1024.49240            5.92        08:00:09        4.20e-02        2.00e+00
       15699803        70.19765      1025.49330            5.92        07:59:55        4.20e-02        2.00e+00
DEBUG @ t=15700000: current_coupling=0.042, last=0.042
[HDF5 Writer DEBUG] timestep=15700000, current_time_ps=1025.701, last_output_time=1025.691130805105, write_count=97763
       15700749        70.19725      1026.49373            5.92        07:59:38        4.20e-02        2.00e+00
       15701762        70.19669      1027.49374            5.92        07:59:24        4.20e-02        2.00e+00
       15702781        70.19792      1028.49430            5.93        07:59:08        4.20e-02        2.00e+00
       15703934        70.19815      1029.49453            5.92        07:58:57        4.20e-02        2.00e+00
       15704867        70.19885      1030.49464            5.92        07:58:40        4.20e-02        2.00e+00
       15705803        70.19880      1031.49472            5.93        07:58:23        4.20e-02        2.00e+00
       15706889        70.19799      1032.49532            5.92        07:58:10        4.20e-02        2.00e+00
       15708007        70.19807      1033.49551            5.92        07:57:58        4.20e-02        2.00e+00
       15708943        70.19764      1034.49619            5.92        07:57:41        4.20e-02        2.00e+00
       15709897        70.19637      1035.49683            5.93        07:57:25        4.20e-02        2.00e+00
DEBUG @ t=15710000: current_coupling=0.042, last=0.042
       15710795        70.19580      1036.49699            5.93        07:57:08        4.20e-02        2.00e+00
       15711736        70.19563      1037.49725            5.93        07:56:51        4.20e-02        2.00e+00
       15712796        70.19597      1038.49728            5.93        07:56:37        4.20e-02        2.00e+00
       15713898        70.19678      1039.49747            5.93        07:56:24        4.20e-02        2.00e+00
       15714930        70.19765      1040.49753            5.93        07:56:10        4.20e-02        2.00e+00
       15715820        70.19658      1041.49808            5.93        07:55:52        4.20e-02        2.00e+00
       15716925        70.19718      1042.49826            5.93        07:55:39        4.20e-02        2.00e+00
       15717935        70.19700      1043.49869            5.93        07:55:24        4.20e-02        2.00e+00
       15718982        70.19664      1044.49953            5.93        07:55:11        4.20e-02        2.00e+00
       15719985        70.19652      1045.50009            5.93        07:54:56        4.20e-02        2.00e+00
DEBUG @ t=15720000: current_coupling=0.042, last=0.042
       15721078        70.19535      1046.50069            5.93        07:54:43        4.20e-02        2.00e+00
       15722144        70.19269      1047.50097            5.93        07:54:31        4.20e-02        2.00e+00
       15723193        70.18747      1048.50113            5.92        07:54:19        4.20e-02        2.00e+00
       15724219        70.18168      1049.50121            5.92        07:54:07        4.20e-02        2.00e+00
       15725215        70.17661      1050.50146            5.92        07:53:54        4.20e-02        2.00e+00
       15726138        70.17172      1051.50206            5.92        07:53:38        4.20e-02        2.00e+00
       15727122        70.16819      1052.50252            5.92        07:53:24        4.20e-02        2.00e+00
       15728128        70.16757      1053.50259            5.92        07:53:09        4.20e-02        2.00e+00
       15729107        70.16733      1054.50287            5.92        07:52:54        4.20e-02        2.00e+00
DEBUG @ t=15730000: current_coupling=0.042, last=0.042
       15730078        70.16693      1055.50317            5.92        07:52:38        4.20e-02        2.00e+00
       15731126        70.16630      1056.50342            5.92        07:52:24        4.20e-02        2.00e+00
       15732168        70.16631      1057.50435            5.92        07:52:10        4.20e-02        2.00e+00
       15733199        70.16620      1058.50441            5.92        07:51:56        4.20e-02        2.00e+00
       15734261        70.16656      1059.50514            5.92        07:51:42        4.20e-02        2.00e+00
       15735301        70.16650      1060.50555            5.92        07:51:28        4.20e-02        2.00e+00
       15736302        70.16621      1061.50614            5.92        07:51:13        4.20e-02        2.00e+00
       15737303        70.16565      1062.50614            5.92        07:50:58        4.20e-02        2.00e+00
       15738343        70.16530      1063.50677            5.92        07:50:44        4.20e-02        2.00e+00
       15739317        70.16500      1064.50735            5.92        07:50:28        4.20e-02        2.00e+00
DEBUG @ t=15740000: current_coupling=0.042, last=0.042
       15740282        70.16463      1065.50780            5.92        07:50:12        4.20e-02        2.00e+00
       15741255        70.16457      1066.50807            5.92        07:49:56        4.20e-02        2.00e+00
       15742232        70.16441      1067.50829            5.92        07:49:40        4.20e-02        2.00e+00
       15743218        70.16421      1068.50866            5.93        07:49:25        4.20e-02        2.00e+00
       15744193        70.16410      1069.50926            5.93        07:49:09        4.20e-02        2.00e+00
       15745194        70.16386      1070.51007            5.93        07:48:54        4.20e-02        2.00e+00
       15746139        70.16248      1071.51093            5.93        07:48:38        4.20e-02        2.00e+00
       15747104        70.15891      1072.51105            5.93        07:48:23        4.20e-02        2.00e+00
       15748084        70.15487      1073.51209            5.93        07:48:09        4.20e-02        2.00e+00
       15749009        70.15002      1074.51273            5.93        07:47:54        4.20e-02        2.00e+00
       15749939        70.14498      1075.51277            5.93        07:47:39        4.20e-02        2.00e+00
DEBUG @ t=15750000: current_coupling=0.042, last=0.042
       15750818        70.14035      1076.51357            5.93        07:47:23        4.20e-02        2.00e+00
       15751744        70.13612      1077.51390            5.93        07:47:07        4.20e-02        2.00e+00
       15752677        70.13292      1078.51415            5.93        07:46:52        4.20e-02        2.00e+00
       15753603        70.12966      1079.51452            5.93        07:46:36        4.20e-02        2.00e+00
       15754552        70.12704      1080.51498            5.93        07:46:21        4.20e-02        2.00e+00
       15755633        70.12589      1081.51573            5.93        07:46:08        4.20e-02        2.00e+00
       15756547        70.12533      1082.51626            5.93        07:45:51        4.20e-02        2.00e+00
       15757447        70.12475      1083.51696            5.93        07:45:33        4.20e-02        2.00e+00
       15758426        70.12498      1084.51781            5.93        07:45:18        4.20e-02        2.00e+00
       15759404        70.12544      1085.51834            5.93        07:45:02        4.20e-02        2.00e+00
DEBUG @ t=15760000: current_coupling=0.042, last=0.042
       15760355        70.12473      1086.51898            5.93        07:44:46        4.20e-02        2.00e+00
       15761324        70.12393      1087.51911            5.93        07:44:30        4.20e-02        2.00e+00
       15762306        70.12302      1088.51979            5.93        07:44:15        4.20e-02        2.00e+00
       15763281        70.12192      1089.52027            5.93        07:43:59        4.20e-02        2.00e+00
       15764237        70.12123      1090.52103            5.93        07:43:43        4.20e-02        2.00e+00
       15765229        70.12280      1091.52123            5.93        07:43:28        4.20e-02        2.00e+00
       15766224        70.12349      1092.52129            5.93        07:43:12        4.20e-02        2.00e+00
       15767150        70.12305      1093.52190            5.93        07:42:55        4.20e-02        2.00e+00
       15768139        70.12327      1094.52288            5.93        07:42:40        4.20e-02        2.00e+00
       15769124        70.12185      1095.52319            5.93        07:42:25        4.20e-02        2.00e+00
DEBUG @ t=15770000: current_coupling=0.042, last=0.042
       15770142        70.11979      1096.52333            5.93        07:42:11        4.20e-02        2.00e+00
       15771181        70.11713      1097.52334            5.93        07:41:58        4.20e-02        2.00e+00
       15772200        70.11329      1098.52351            5.93        07:41:45        4.20e-02        2.00e+00
       15773167        70.10939      1099.52391            5.93        07:41:30        4.20e-02        2.00e+00
       15774116        70.10502      1100.52425            5.93        07:41:16        4.20e-02        2.00e+00
       15775071        70.10017      1101.52474            5.93        07:41:01        4.20e-02        2.00e+00
       15776059        70.09571      1102.52526            5.93        07:40:48        4.20e-02        2.00e+00
       15777025        70.09160      1103.52592            5.93        07:40:33        4.20e-02        2.00e+00
       15777994        70.08843      1104.52653            5.93        07:40:19        4.20e-02        2.00e+00
       15778970        70.08634      1105.52665            5.93        07:40:04        4.20e-02        2.00e+00
       15779925        70.08574      1106.52744            5.93        07:39:48        4.20e-02        2.00e+00
DEBUG @ t=15780000: current_coupling=0.042, last=0.042
       15780919        70.08499      1107.52776            5.93        07:39:33        4.20e-02        2.00e+00
       15781867        70.08355      1108.52811            5.93        07:39:17        4.20e-02        2.00e+00
       15782898        70.08346      1109.52848            5.93        07:39:03        4.20e-02        2.00e+00
       15783854        70.08292      1110.52872            5.93        07:38:47        4.20e-02        2.00e+00
       15784867        70.08251      1111.52883            5.93        07:38:32        4.20e-02        2.00e+00
       15785870        70.08207      1112.52908            5.93        07:38:17        4.20e-02        2.00e+00
       15786859        70.08115      1113.52991            5.93        07:38:02        4.20e-02        2.00e+00
       15787861        70.08037      1114.53039            5.93        07:37:48        4.20e-02        2.00e+00
       15788926        70.07972      1115.53074            5.93        07:37:34        4.20e-02        2.00e+00
       15789910        70.07899      1116.53103            5.93        07:37:19        4.20e-02        2.00e+00
DEBUG @ t=15790000: current_coupling=0.042, last=0.042
       15790896        70.07725      1117.53208            5.93        07:37:04        4.20e-02        2.00e+00
       15791776        70.07484      1118.53282            5.93        07:36:47        4.20e-02        2.00e+00
       15792752        70.07203      1119.53295            5.93        07:36:33        4.20e-02        2.00e+00
       15793699        70.06893      1120.53369            5.93        07:36:18        4.20e-02        2.00e+00
       15794615        70.06607      1121.53386            5.93        07:36:02        4.20e-02        2.00e+00
       15795617        70.06260      1122.53430            5.93        07:35:48        4.20e-02        2.00e+00
       15796624        70.05899      1123.53469            5.93        07:35:35        4.20e-02        2.00e+00
       15797552        70.05518      1124.53489            5.93        07:35:19        4.20e-02        2.00e+00
       15798483        70.05138      1125.53580            5.93        07:35:04        4.20e-02        2.00e+00
       15799430        70.04865      1126.53639            5.93        07:34:49        4.20e-02        2.00e+00
DEBUG @ t=15800000: current_coupling=0.042, last=0.042
[HDF5 Writer DEBUG] timestep=15800000, current_time_ps=1127.140, last_output_time=1127.1335941846503, write_count=107450
       15800369        70.04514      1127.53661            5.93        07:34:34        4.20e-02        2.00e+00
       15801345        70.04170      1128.53748            5.93        07:34:19        4.20e-02        2.00e+00
       15802348        70.03845      1129.53808            5.93        07:34:06        4.20e-02        2.00e+00
       15803314        70.03566      1130.53843            5.93        07:33:51        4.20e-02        2.00e+00
       15804282        70.03382      1131.53854            5.93        07:33:36        4.20e-02        2.00e+00
       15805268        70.03200      1132.53904            5.93        07:33:21        4.20e-02        2.00e+00
       15806216        70.03119      1133.53912            5.93        07:33:05        4.20e-02        2.00e+00
       15807168        70.03040      1134.53982            5.93        07:32:49        4.20e-02        2.00e+00
       15808167        70.03029      1135.53994            5.93        07:32:34        4.20e-02        2.00e+00
       15809147        70.02963      1136.54046            5.93        07:32:19        4.20e-02        2.00e+00
DEBUG @ t=15810000: current_coupling=0.042, last=0.042
       15810160        70.02945      1137.54117            5.93        07:32:04        4.20e-02        2.00e+00
       15811141        70.02929      1138.54196            5.93        07:31:49        4.20e-02        2.00e+00
       15812117        70.02862      1139.54263            5.93        07:31:33        4.20e-02        2.00e+00
       15813147        70.02790      1140.54266            5.93        07:31:19        4.20e-02        2.00e+00
       15814137        70.02609      1141.54276            5.93        07:31:05        4.20e-02        2.00e+00
       15815106        70.02292      1142.54331            5.93        07:30:50        4.20e-02        2.00e+00
       15816137        70.01989      1143.54405            5.93        07:30:37        4.20e-02        2.00e+00
       15817163        70.01636      1144.54480            5.93        07:30:24        4.20e-02        2.00e+00
       15818181        70.01381      1145.54549            5.93        07:30:10        4.20e-02        2.00e+00
       15819155        70.01068      1146.54597            5.93        07:29:56        4.20e-02        2.00e+00
DEBUG @ t=15820000: current_coupling=0.042, last=0.042
       15820110        70.00723      1147.54659            5.93        07:29:41        4.20e-02        2.00e+00
       15821083        70.00542      1148.54677            5.93        07:29:26        4.20e-02        2.00e+00
       15822060        70.00492      1149.54720            5.93        07:29:11        4.20e-02        2.00e+00
       15823051        70.00438      1150.54775            5.93        07:28:56        4.20e-02        2.00e+00
       15824117        70.00222      1151.54870            5.93        07:28:43        4.20e-02        2.00e+00
       15825107        69.99945      1152.54902            5.93        07:28:29        4.20e-02        2.00e+00
       15826076        69.99584      1153.54912            5.93        07:28:15        4.20e-02        2.00e+00
       15827125        69.99246      1154.54936            5.93        07:28:02        4.20e-02        2.00e+00
       15828111        69.98963      1155.55013            5.93        07:27:48        4.20e-02        2.00e+00
       15829082        69.98732      1156.55040            5.93        07:27:33        4.20e-02        2.00e+00
DEBUG @ t=15830000: current_coupling=0.042, last=0.042
       15830104        69.98562      1157.55088            5.93        07:27:19        4.20e-02        2.00e+00
       15831147        69.98637      1158.55116            5.93        07:27:05        4.20e-02        2.00e+00
       15832182        69.98571      1159.55171            5.93        07:26:51        4.20e-02        2.00e+00
       15833210        69.98511      1160.55192            5.93        07:26:37        4.20e-02        2.00e+00
       15834237        69.98482      1161.55277            5.93        07:26:22        4.20e-02        2.00e+00
       15835297        69.98425      1162.55280            5.93        07:26:09        4.20e-02        2.00e+00
       15836292        69.98235      1163.55294            5.93        07:25:54        4.20e-02        2.00e+00
       15837278        69.98006      1164.55329            5.93        07:25:40        4.20e-02        2.00e+00
       15838330        69.97754      1165.55420            5.93        07:25:27        4.20e-02        2.00e+00
       15839338        69.97459      1166.55492            5.93        07:25:13        4.20e-02        2.00e+00
DEBUG @ t=15840000: current_coupling=0.042, last=0.042
       15840354        69.97175      1167.55510            5.93        07:25:00        4.20e-02        2.00e+00
       15841392        69.96806      1168.55538            5.93        07:24:47        4.20e-02        2.00e+00
       15842389        69.96479      1169.55560            5.93        07:24:33        4.20e-02        2.00e+00
       15843356        69.96183      1170.55654            5.93        07:24:19        4.20e-02        2.00e+00
       15844324        69.96074      1171.55671            5.93        07:24:03        4.20e-02        2.00e+00
       15845320        69.95906      1172.55681            5.93        07:23:49        4.20e-02        2.00e+00
       15846321        69.95730      1173.55707            5.93        07:23:34        4.20e-02        2.00e+00
       15847328        69.95588      1174.55751            5.93        07:23:20        4.20e-02        2.00e+00
       15848302        69.95383      1175.55778            5.93        07:23:05        4.20e-02        2.00e+00
       15849283        69.95073      1176.55819            5.93        07:22:51        4.20e-02        2.00e+00
DEBUG @ t=15850000: current_coupling=0.042, last=0.042
       15850282        69.94724      1177.55889            5.93        07:22:37        4.20e-02        2.00e+00
       15851297        69.94420      1178.55916            5.93        07:22:24        4.20e-02        2.00e+00
       15852338        69.94372      1179.55948            5.93        07:22:10        4.20e-02        2.00e+00
       15853405        69.94269      1180.56024            5.93        07:21:57        4.20e-02        2.00e+00
       15854417        69.94001      1181.56129            5.93        07:21:43        4.20e-02        2.00e+00
       15855453        69.93746      1182.56138            5.93        07:21:30        4.20e-02        2.00e+00
       15856559        69.93560      1183.56183            5.93        07:21:18        4.20e-02        2.00e+00
       15857559        69.93381      1184.56259            5.93        07:21:03        4.20e-02        2.00e+00
       15858604        69.93062      1185.56297            5.93        07:20:51        4.20e-02        2.00e+00
       15859679        69.92744      1186.56331            5.93        07:20:38        4.20e-02        2.00e+00
DEBUG @ t=15860000: current_coupling=0.042, last=0.042
       15860762        69.92505      1187.56373            5.93        07:20:26        4.20e-02        2.00e+00
       15861626        69.92227      1188.56438            5.93        07:20:09        4.20e-02        2.00e+00
       15862578        69.91935      1189.56504            5.93        07:19:54        4.20e-02        2.00e+00
       15863562        69.91597      1190.56520            5.93        07:19:40        4.20e-02        2.00e+00
       15864463        69.91287      1191.56540            5.93        07:19:24        4.20e-02        2.00e+00
       15865357        69.91057      1192.56574            5.93        07:19:08        4.20e-02        2.00e+00
       15866227        69.90871      1193.56583            5.93        07:18:51        4.20e-02        2.00e+00
       15867074        69.90661      1194.56624            5.93        07:18:33        4.20e-02        2.00e+00
       15867970        69.90428      1195.56722            5.93        07:18:17        4.20e-02        2.00e+00
       15868909        69.90272      1196.56827            5.93        07:18:01        4.20e-02        2.00e+00
       15869841        69.90109      1197.56829            5.93        07:17:45        4.20e-02        2.00e+00
DEBUG @ t=15870000: current_coupling=0.042, last=0.042
       15870877        69.89938      1198.56877            5.93        07:17:31        4.20e-02        2.00e+00
       15871762        69.89757      1199.56964            5.93        07:17:15        4.20e-02        2.00e+00
Added F(k,t) reference 6 at t = 1200.005 ps
       15872778        69.89471      1200.57054            5.93        07:17:01        4.20e-02        2.00e+00
       15873764        69.89154      1201.57074            5.93        07:16:47        4.20e-02        2.00e+00
       15874700        69.88855      1202.57147            5.93        07:16:32        4.20e-02        2.00e+00
       15875588        69.88555      1203.57207            5.93        07:16:16        4.20e-02        2.00e+00
       15876481        69.88310      1204.57300            5.93        07:15:59        4.20e-02        2.00e+00
       15877497        69.88102      1205.57383            5.93        07:15:45        4.20e-02        2.00e+00
       15878507        69.87889      1206.57482            5.93        07:15:31        4.20e-02        2.00e+00
       15879477        69.87598      1207.57521            5.93        07:15:17        4.20e-02        2.00e+00
DEBUG @ t=15880000: current_coupling=0.042, last=0.042
       15880529        69.87234      1208.57596            5.93        07:15:04        4.20e-02        2.00e+00
       15881577        69.86919      1209.57680            5.93        07:14:51        4.20e-02        2.00e+00
       15882531        69.86595      1210.57698            5.93        07:14:37        4.20e-02        2.00e+00
       15883575        69.86300      1211.57783            5.93        07:14:24        4.20e-02        2.00e+00
       15884572        69.85994      1212.57803            5.93        07:14:10        4.20e-02        2.00e+00
       15885531        69.85731      1213.57812            5.93        07:13:55        4.20e-02        2.00e+00
       15886506        69.85430      1214.57876            5.93        07:13:41        4.20e-02        2.00e+00
       15887419        69.85156      1215.57946            5.93        07:13:25        4.20e-02        2.00e+00
       15888412        69.84914      1216.57957            5.93        07:13:11        4.20e-02        2.00e+00
       15889486        69.84696      1217.58035            5.93        07:12:58        4.20e-02        2.00e+00
DEBUG @ t=15890000: current_coupling=0.042, last=0.042
       15890550        69.84514      1218.58042            5.93        07:12:45        4.20e-02        2.00e+00
       15891632        69.84357      1219.58073            5.93        07:12:32        4.20e-02        2.00e+00
       15892536        69.84149      1220.58146            5.93        07:12:16        4.20e-02        2.00e+00
       15893455        69.83951      1221.58199            5.93        07:12:00        4.20e-02        2.00e+00
       15894374        69.83687      1222.58233            5.93        07:11:45        4.20e-02        2.00e+00
       15895301        69.83426      1223.58265            5.93        07:11:29        4.20e-02        2.00e+00
       15896268        69.83103      1224.58273            5.93        07:11:15        4.20e-02        2.00e+00
       15897242        69.82787      1225.58292            5.93        07:11:00        4.20e-02        2.00e+00
       15898196        69.82604      1226.58381            5.93        07:10:45        4.20e-02        2.00e+00
       15899154        69.82532      1227.58483            5.93        07:10:30        4.20e-02        2.00e+00
DEBUG @ t=15900000: current_coupling=0.042, last=0.042
[HDF5 Writer DEBUG] timestep=15900000, current_time_ps=1228.451, last_output_time=1228.4496377975827, write_count=117138
       15900134        69.82266      1228.58565            5.93        07:10:15        4.20e-02        2.00e+00
       15901095        69.81952      1229.58648            5.93        07:10:01        4.20e-02        2.00e+00
       15902015        69.81607      1230.58730            5.93        07:09:45        4.20e-02        2.00e+00
       15903051        69.81388      1231.58738            5.93        07:09:32        4.20e-02        2.00e+00
       15904044        69.81249      1232.58826            5.93        07:09:17        4.20e-02        2.00e+00
       15905023        69.81030      1233.58844            5.93        07:09:03        4.20e-02        2.00e+00
       15906052        69.80769      1234.58932            5.93        07:08:49        4.20e-02        2.00e+00
       15907044        69.80580      1235.58950            5.93        07:08:35        4.20e-02        2.00e+00
       15908070        69.80359      1236.58961            5.93        07:08:21        4.20e-02        2.00e+00
       15909081        69.80198      1237.58984            5.93        07:08:07        4.20e-02        2.00e+00
DEBUG @ t=15910000: current_coupling=0.042, last=0.042
       15910100        69.79961      1238.59080            5.93        07:07:53        4.20e-02        2.00e+00
       15911117        69.79723      1239.59131            5.93        07:07:40        4.20e-02        2.00e+00
       15912146        69.79550      1240.59149            5.93        07:07:26        4.20e-02        2.00e+00
       15913113        69.79442      1241.59198            5.93        07:07:11        4.20e-02        2.00e+00
       15914092        69.79384      1242.59221            5.93        07:06:56        4.20e-02        2.00e+00
       15915063        69.79283      1243.59225            5.93        07:06:41        4.20e-02        2.00e+00
       15915988        69.79170      1244.59277            5.93        07:06:24        4.20e-02        2.00e+00
       15917043        69.78954      1245.59332            5.93        07:06:11        4.20e-02        2.00e+00
       15918075        69.78674      1246.59366            5.93        07:05:58        4.20e-02        2.00e+00
       15918931        69.78385      1247.59448            5.93        07:05:41        4.20e-02        2.00e+00
       15919921        69.78059      1248.59515            5.93        07:05:27        4.20e-02        2.00e+00
DEBUG @ t=15920000: current_coupling=0.042, last=0.042
       15920959        69.77732      1249.59516            5.93        07:05:14        4.20e-02        2.00e+00
       15921946        69.77434      1250.59585            5.93        07:05:00        4.20e-02        2.00e+00
       15922819        69.77198      1251.59610            5.93        07:04:44        4.20e-02        2.00e+00
       15923876        69.76969      1252.59699            5.93        07:04:31        4.20e-02        2.00e+00
       15924741        69.76728      1253.59712            5.93        07:04:14        4.20e-02        2.00e+00
       15925678        69.76437      1254.59715            5.93        07:03:59        4.20e-02        2.00e+00
       15926592        69.76135      1255.59739            5.93        07:03:43        4.20e-02        2.00e+00
       15927618        69.75788      1256.59785            5.93        07:03:30        4.20e-02        2.00e+00
       15928721        69.75534      1257.59860            5.93        07:03:18        4.20e-02        2.00e+00
       15929700        69.75198      1258.59878            5.93        07:03:04        4.20e-02        2.00e+00
DEBUG @ t=15930000: current_coupling=0.042, last=0.042
       15930797        69.74987      1259.59949            5.93        07:02:52        4.20e-02        2.00e+00
       15931867        69.74694      1260.59989            5.93        07:02:39        4.20e-02        2.00e+00
       15932944        69.74467      1261.60070            5.93        07:02:27        4.20e-02        2.00e+00
       15933914        69.74315      1262.60105            5.93        07:02:12        4.20e-02        2.00e+00
       15934890        69.74191      1263.60173            5.93        07:01:57        4.20e-02        2.00e+00
       15936043        69.74117      1264.60183            5.93        07:01:45        4.20e-02        2.00e+00
       15937097        69.74035      1265.60260            5.92        07:01:32        4.20e-02        2.00e+00
       15938127        69.74062      1266.60300            5.92        07:01:17        4.20e-02        2.00e+00
       15939182        69.73846      1267.60356            5.92        07:01:04        4.20e-02        2.00e+00
DEBUG @ t=15940000: current_coupling=0.042, last=0.042
       15940193        69.73614      1268.60461            5.92        07:00:50        4.20e-02        2.00e+00
       15941146        69.73327      1269.60476            5.92        07:00:36        4.20e-02        2.00e+00
       15942189        69.73084      1270.60485            5.92        07:00:22        4.20e-02        2.00e+00
       15943267        69.72880      1271.60576            5.92        07:00:10        4.20e-02        2.00e+00
       15944290        69.72912      1272.60580            5.92        06:59:55        4.20e-02        2.00e+00
       15945299        69.72837      1273.60660            5.92        06:59:41        4.20e-02        2.00e+00
       15946353        69.72740      1274.60729            5.92        06:59:27        4.20e-02        2.00e+00
       15947386        69.72555      1275.60825            5.92        06:59:13        4.20e-02        2.00e+00
       15948393        69.72418      1276.60829            5.92        06:58:59        4.20e-02        2.00e+00
       15949391        69.72151      1277.60906            5.92        06:58:45        4.20e-02        2.00e+00
DEBUG @ t=15950000: current_coupling=0.042, last=0.042
       15950352        69.72025      1278.60957            5.92        06:58:30        4.20e-02        2.00e+00
2025-11-06 17:12:22 | ERROR | CRITICAL ERROR in simulation: Unable to synchronously flush file (file write failed: time = Thu Nov  6 17:12:22 2025
, filename = 'observables_replica_42.h5', file descriptor = 4, errno = 122, error message = 'Disk quota exceeded', buf = 0x55f8961bf200, total write size = 7049, bytes this sub-write = 7049, offset = 872408360)
2025-11-06 17:12:22 | ERROR | Full traceback:
2025-11-06 17:12:22 | ERROR | Traceback (most recent call last):
2025-11-06 17:12:22 | ERROR |   File "/scratch/mh7373/micromamba/envs/hoomd/lib/python3.12/site-packages/hoomd/cavitymd/simulation/core.py", line 4753, in run
2025-11-06 17:12:22 | ERROR |     self.run_simulation()
2025-11-06 17:12:22 | ERROR |   File "/scratch/mh7373/micromamba/envs/hoomd/lib/python3.12/site-packages/hoomd/cavitymd/simulation/core.py", line 4807, in run_simulation
2025-11-06 17:12:22 | ERROR |     self.sim.run(total_steps, write_at_start=True)
2025-11-06 17:12:22 | ERROR |   File "/scratch/mh7373/micromamba/envs/hoomd/lib/python3.12/site-packages/hoomd/simulation.py", line 561, in run
2025-11-06 17:12:22 | ERROR |     self._cpp_sys.run(steps_int, write_at_start)
2025-11-06 17:12:22 | ERROR |   File "/scratch/mh7373/micromamba/envs/hoomd/lib/python3.12/site-packages/hoomd/cavitymd/data.py", line 528, in act
2025-11-06 17:12:22 | ERROR |     self.file.flush()
2025-11-06 17:12:22 | ERROR |   File "/scratch/mh7373/micromamba/envs/hoomd/lib/python3.12/site-packages/h5py/_hl/files.py", line 639, in flush
2025-11-06 17:12:22 | ERROR |     h5f.flush(self.id)
2025-11-06 17:12:22 | ERROR |   File "h5py/_objects.pyx", line 56, in h5py._objects.with_phil.wrapper
2025-11-06 17:12:22 | ERROR |   File "h5py/_objects.pyx", line 57, in h5py._objects.with_phil.wrapper
2025-11-06 17:12:22 | ERROR |   File "h5py/h5f.pyx", line 159, in h5py.h5f.flush
2025-11-06 17:12:22 | ERROR | RuntimeError: Unable to synchronously flush file (file write failed: time = Thu Nov  6 17:12:22 2025
2025-11-06 17:12:22 | ERROR | , filename = 'observables_replica_42.h5', file descriptor = 4, errno = 122, error message = 'Disk quota exceeded', buf = 0x55f8961bf200, total write size = 7049, bytes this sub-write = 7049, offset = 872408360)
2025-11-06 17:12:22 | INFO | Cleanup initiated...
2025-11-06 17:12:22 | INFO | Closing HDF5 observable writer...
2025-11-06 17:12:22 | ERROR | Error closing HDF5 writer: Unable to synchronously flush file (file write failed: time = Thu Nov  6 17:12:22 2025
, filename = 'observables_replica_42.h5', file descriptor = 4, errno = 122, error message = 'Disk quota exceeded', buf = 0x55f8971d6e20, total write size = 7049, bytes this sub-write = 7049, offset = 872408360)
DEBUG: Cleanup called - checking for fkt_tracker
DEBUG: No fkt_tracker found or it's None
2025-11-06 17:12:22 | INFO | Returned to original directory: /scratch/mh7373/cav-hoomd/new_final_offres
2025-11-06 17:12:22 | INFO | Cleanup completed
ERROR: Replica 42 failed (coupling: 4.200000e-02 a.u.)

==================================================
Execution Summary
==================================================
Coupling constant used: 4.200000e-02 a.u.
Total replicas: 1
Successful: 0
Failed: 1
Wall time: 18656.95 seconds

WARNING: 1 replicas failed - check individual logs for details
✗ FAILED: DEBUG task 42
