SLURM Job ID: 1642137
SLURM Array Task ID: 213
Using frequency: 2060 cm-1
Fixed coupling strength (lambda): 0.042 (dimensionless)
Frame will be automatically set to: 213
Advanced Cavity MD Experiment Runner
==================================================
SLURM array job detected: Task 213 (Job 1642137)

*** COUPLING CONSTANT: 4.200000e-02 a.u. ***

Simulation Configuration:
  Cavity coupling: Enabled
    Coupling strength: 4.200000e-02 a.u.
    Frequency: 2060.0 cm⁻¹
    Finite-q mode: False
    Cavity thermostat: langevin
  Molecular thermostat: bussi
  Temperature: 100.0 K
  Runtime: 3000.0 ps
  Device: CPU
  Random seed: 0
  Velocity restart: Enabled - thermalizing velocities
  Momentum zeroing: Disabled

Starting execution for 1 replica(s)...
==================================================

Running replica 213...
>>> Will use FRAME 213 from init-0.gsd for this replica <<<
Running experiment:
  Cavity coupling: Enabled
  *** COUPLING STRENGTH: 4.200000e-02 a.u. ***
  Switch time: 200.0 ps
  Decay: None (step function)
  Damping ratio (zeta): 0.0
  Calculated dissipation (c): 0.0000e+00 a.u.
  Molecular thermostat: bussi
  Cavity thermostat: langevin
  Finite-q mode: False
  Replica: 213
  Frame: 213
  Output directory: coupling_420000e-07_freq_2060.0cm1_switch_200.0ps
  *** READING FRAME 213 FROM /scratch/mh7373/cav-hoomd/new_final_offres/init-0.gsd ***
  ✓ Successfully initialized simulation from frame 213
  ✓ Input file: /scratch/mh7373/cav-hoomd/new_final_offres/init-0.gsd
  ✓ Replica 213 ready to run...
2025-11-06 12:02:10 | INFO | ============================================================
2025-11-06 12:02:10 | INFO | CAVITY MD SIMULATION STARTED
2025-11-06 12:02:10 | INFO | ============================================================
2025-11-06 12:02:10 | INFO | Simulation: prod-213
2025-11-06 12:02:10 | INFO | Device: CPU
2025-11-06 12:02:10 | INFO | Runtime: 3000.0 ps
2025-11-06 12:02:10 | INFO | Temperature: 100.0 K
2025-11-06 12:02:10 | INFO | Random seed: 0
2025-11-06 12:02:10 | INFO | Cavity coupling: Enabled
2025-11-06 12:02:10 | INFO |   Frequency: 2060.0 cm^-1
2025-11-06 12:02:10 | INFO |   Lambda coupling: 0.042
2025-11-06 12:02:10 | INFO |   Epsilon (lambda * omega_c): 3.942141e-04 a.u.
2025-11-06 12:02:10 | INFO |   Finite-q mode: False
2025-11-06 12:02:10 | INFO | Molecular thermostat: bussi (tau=1.0 ps)
2025-11-06 12:02:10 | INFO | Cavity thermostat: langevin (tau=1.0 ps)
2025-11-06 12:02:10 | INFO | ============================================================
2025-11-06 12:02:10 | INFO | === Phase 1: Setting up simulation ===
2025-11-06 12:02:10 | INFO | Using default timestep for calculations: 0.0001 ps
2025-11-06 12:02:10 | INFO | Time conversions:
2025-11-06 12:02:10 | INFO |   Timestep: 0.0001 ps = 4.134138 a.u.
2025-11-06 12:02:10 | INFO |   Runtime: 3000.0 ps = 30000000 steps
2025-11-06 12:02:10 | INFO |   Steps per ps: 10000.0
2025-11-06 12:02:10 | INFO | Output periods (steps):
2025-11-06 12:02:10 | INFO |   Energy: 100 (0.010 ps)
2025-11-06 12:02:10 | INFO |   F(k,t): 10000 (1.000 ps)
2025-11-06 12:02:10 | INFO |   GSD: 10000 (1.000 ps)
2025-11-06 12:02:10 | INFO |   Console: 10000 (1.000 ps)
2025-11-06 12:02:10 | INFO | Initializing simulation on CPU
2025-11-06 12:02:10 | INFO | Using user-specified seed: 0
2025-11-06 12:02:10 | INFO | Cavity particle already exists in GSD file (1 found)
2025-11-06 12:02:10 | INFO | Simulation state created from original GSD file with existing cavity particle
2025-11-06 12:02:10 | INFO | Cavity particle validated at index 500, position HOOMDArray([ 3.08187318 -2.42756772 -1.46738756])
2025-11-06 12:02:10 | INFO | === Phase 1.5: Setting up time tracker ===
2025-11-06 12:02:10 | INFO | === Phase 2: Configuring forces and thermostats ===
2025-11-06 12:02:10 | INFO | Using lambda_coupling=0.042 (will be scaled by omega_c=0.009386 a.u.)
2025-11-06 12:02:10 | INFO | Using constant coupling: lambda=0.042, epsilon=3.942141e-04 a.u.
CavityForce initialized using cpp implementation
  Using constant lambda coupling: 0.042 (dimensionless)
  Effective epsilon: 3.942141e-04 a.u.
2025-11-06 12:02:10 | INFO | Thermostat time constant conversions:
2025-11-06 12:02:10 | INFO |   Molecular: 1.000 ps = 41341.378917 a.u.
2025-11-06 12:02:10 | INFO |   Cavity: 1.000 ps = 41341.378917 a.u.
2025-11-06 12:02:10 | INFO | Running molecular system with Bussi thermostat (NVT ensemble)
2025-11-06 12:02:10 | INFO | Molecular Bussi thermostat configured: T = 100.0 K, kT = 0.000317 a.u., tau = 1.000 ps
2025-11-06 12:02:10 | INFO | Running cavity with Langevin thermostat
2025-11-06 12:02:10 | INFO | Cavity Langevin thermostat configured: T = 100.0 K, kT = 0.000317 a.u.
2025-11-06 12:02:10 | INFO |   base_gamma = 0.000024 a.u.^-1 (tau = 1.000 ps)
2025-11-06 12:02:10 | INFO |   effective_gamma = 0.000024 a.u.^-1 (damping_factor = 1.0x)
2025-11-06 12:02:10 | INFO | === Phase 3: Setting up integrator and thermalization ===
2025-11-06 12:02:10 | INFO | Integrator configured with initial dt = 4.134138 a.u. (0.000100 ps)
2025-11-06 12:02:10 | INFO | Number of integration methods: 2
2025-11-06 12:02:10 | INFO | CavityParticleDisplacer not needed (constant coupling or q=0 mode)
2025-11-06 12:02:10 | INFO | Using seed 1 for thermalization randomness
2025-11-06 12:02:10 | INFO | Thermalized molecular particles using HOOMD State object
2025-11-06 12:02:10 | INFO | Cavity particle manually thermalized:
2025-11-06 12:02:10 | INFO |   Target temperature: 100.0 K
2025-11-06 12:02:10 | INFO |   Initial velocity: [ 0.02890696 -0.01088686 -0.00939938]
2025-11-06 12:02:10 | INFO |   Expected KE: 0.000521 a.u.
2025-11-06 12:02:10 | INFO |   Expected temperature: 109.7 K
2025-11-06 12:02:10 | INFO |   Using array module: numpy
2025-11-06 12:02:10 | INFO | Checking molecular system temperature after thermalization:
2025-11-06 12:02:10 | INFO |   Number of molecular particles: 500
2025-11-06 12:02:10 | INFO |   Total kinetic energy: 0.236285 a.u.
2025-11-06 12:02:10 | INFO |   Current temperature: 99.5 K
2025-11-06 12:02:10 | INFO | Thermalization completed - velocities properly initialized
2025-11-06 12:02:10 | INFO | === Phase 4: Setting up trackers and loggers ===
2025-11-06 12:02:10 | INFO | Setting up adaptive timestep updater (error_tolerance = 2.0)
Dynamic coupling change detection enabled
Coupling change threshold: ±1.00e-05 a.u.
Shock dampening: error_tolerance drops to 2.00e-10 (factor: 1.00e-10)
Recovery: exponential ramp to 2.00e+00 with τ = 1000.0 ps
Conservative timestep parameters:
  Change threshold: 10.0%
  Max change factor: 1.5
  Min update interval: 1000 steps
  Switch detection tolerance: 0.001 ps
2025-11-06 12:02:10 | INFO | Adaptive timestep updater enabled (check every 1 steps)
CavityForceCompute initialized: omegac=0.00938605 a.u., lambda_coupling=0.042 (dimensionless, from variant), K=8.80979e-05 a.u.
CPU CavityForceCompute initialized successfully
notice(2): charge.pppm: RMS error: 2.31675e-08
NOTICE: Starting from inherited timestep 23200000
  Elapsed time will start from 0, not from inherited simulation time
DEBUG @ t=23200000: current_coupling=0.042, last=None
DEBUG: First coupling check - stored value: 0.042
2025-11-06 12:02:10 | INFO |   Added detailed BussiReservoir energy tracking for method 0
2025-11-06 12:02:10 | INFO |   Added energy tracking for cavityforce
2025-11-06 12:02:10 | INFO |   Added detailed cavity energy components
2025-11-06 12:02:10 | INFO |   Added energy tracking for harmonic
2025-11-06 12:02:10 | INFO |   Added energy tracking for lj
2025-11-06 12:02:10 | INFO |   Added energy tracking for ewald
2025-11-06 12:02:10 | INFO |   Added energy tracking for coulomb
2025-11-06 12:02:10 | INFO | Energy tracking setup completed: 0 methods, 5 forces
2025-11-06 12:02:10 | INFO | Setting up energy tracker with output file: prod-213_energy_tracker.txt
2025-11-06 12:02:10 | INFO | Energy tracker configuration:
2025-11-06 12:02:10 | INFO |   Using time-based output: 0.010 ps
2025-11-06 12:02:10 | INFO |   Max output time: 250.000 ps
2025-11-06 12:02:10 | INFO | Energy tracker configuration:
2025-11-06 12:02:10 | INFO |   Force objects: ['cavity', 'harmonic', 'lj', 'ewald_short', 'ewald_long']
2025-11-06 12:02:10 | INFO |   Thermostat objects: ['bussi_molecular', 'langevin_cavity']
2025-11-06 12:02:10 | INFO |   Using internal kinetic computation (no external tracker needed)
2025-11-06 12:02:10 | INFO |  Energy tracker setup completed with time-based output:
2025-11-06 12:02:10 | INFO |   Output period: 0.010 ps (accurate timing)
2025-11-06 12:02:10 | INFO |   Tracker handles timing internally using ElapsedTimeTracker
2025-11-06 12:02:10 | INFO |   Output limited to 250.000 ps
2025-11-06 12:02:10 | INFO | Setting up F(k,t) density correlation tracker
2025-11-06 12:02:10 | INFO |   k magnitude: 1.00
2025-11-06 12:02:10 | INFO |   Number of wavevectors: 50
2025-11-06 12:02:10 | INFO |   Reference interval: 200.000 ps
2025-11-06 12:02:10 | INFO |   Max references: 20
2025-11-06 12:02:10 | INFO |   Output period: 1.000 ps
2025-11-06 12:02:10 | INFO |   Using time-based reference intervals for adaptive timestep compatibility
2025-11-06 12:02:10 | INFO |   Reference interval: 200.000 ps
2025-11-06 12:02:10 | INFO |   Trigger period: 1 step
2025-11-06 12:02:10 | INFO |   Logarithmic time spacing: DISABLED (regular spacing)
FieldAutocorrelationTracker initialized for density_correlation
  k-magnitude: 1.0
  Wavevectors: 50
  Reference interval: 200.0 ps
  Max references: 20
2025-11-06 12:02:10 | INFO |  F(k,t) tracker successfully enabled with time-based output:
2025-11-06 12:02:10 | INFO |   Output period: 1.000 ps (accurate timing)
2025-11-06 12:02:10 | INFO |   Reference interval: 200.000 ps
2025-11-06 12:02:10 | INFO |   Tracker handles timing internally using ElapsedTimeTracker
2025-11-06 12:02:10 | INFO | Setting up dipole autocorrelation tracker...
2025-11-06 12:02:10 | INFO |   Reference interval: 200.000 ps
2025-11-06 12:02:10 | INFO |   Max references: 20
2025-11-06 12:02:10 | INFO |   Output period: 0.010 ps
2025-11-06 12:02:10 | INFO |   Using time-based reference intervals for adaptive timestep compatibility
2025-11-06 12:02:10 | INFO |   Reference interval: 200.000 ps
2025-11-06 12:02:10 | INFO |   Trigger period: 1 step
2025-11-06 12:02:10 | WARNING | Could not set up dipole autocorrelation tracker: Can't instantiate abstract class AutocorrelationTracker without an implementation for abstract method 'act'
2025-11-06 12:02:10 | INFO | Momentum zeroing disabled
2025-11-06 12:02:10 | INFO |  TRACKING AND LOGGING SETUP COMPLETED:
2025-11-06 12:02:10 | INFO |   All output systems now use precise time-based periods
2025-11-06 12:02:10 | INFO |  Comprehensive temperature tracker enabled
2025-11-06 12:02:10 | INFO |   Output file: temperature_tracker_replica_213.csv
2025-11-06 12:02:10 | INFO |   Output period: 0.1 ps
2025-11-06 12:02:10 | INFO |   Tracking: kinetic, harmonic fictive, LJ+Coul fictive, cavity bath, molecular bath
2025-11-06 12:02:10 | INFO |   Empirical data: None (LJ+Coul fictive temp will be 0)
2025-11-06 12:02:10 | INFO | 
============================================================
2025-11-06 12:02:10 | INFO | HDF5 OBSERVABLE OUTPUT CONFIGURATION
2025-11-06 12:02:10 | INFO | ============================================================
2025-11-06 12:02:10 | INFO | Output file: observables_replica_213.h5
2025-11-06 12:02:10 | INFO | Output period: 0.010 ps
2025-11-06 12:02:10 | INFO | SWMR mode: Enabled (concurrent read access)
2025-11-06 12:02:10 | INFO | ============================================================

✓ HDF5 file structure created: observables_replica_213.h5
ObservableWriter initialized:
  Output file: observables_replica_213.h5
  Output period: 0.01 ps
  Chunk size: 1000
  Compression: gzip
  SWMR mode: True
  Flush interval: 10
✓ Energy tracker registered (18 components)
2025-11-06 12:02:10 | INFO |   Registered energy tracker for HDF5 output
✓ Temperature tracker registered (6 components)
2025-11-06 12:02:10 | INFO |   Registered temperature tracker for HDF5 output
2025-11-06 12:02:10 | INFO | ✓ HDF5 observable output enabled

2025-11-06 12:02:10 | INFO | Advanced features enabled: detailed energy tracking (0.010 ps), F(k,t) density correlation (1.000 ps, k=1.0), dipole autocorrelation (0.010 ps), adaptive timestep control, comprehensive temperature tracker (0.1 ps), HDF5 observable output (0.010 ps)
2025-11-06 12:02:10 | INFO | Console output: 1.000 ps periods (time-based)
2025-11-06 12:02:10 | INFO |   Works accurately for both adaptive and fixed timestep modes
2025-11-06 12:02:10 | INFO | DEBUG: PID controller NOT enabled (enable_pid_controller=False)
2025-11-06 12:02:10 | INFO | === Phase 5: Setting up output writers ===
2025-11-06 12:02:10 | INFO | GSD output setup for adaptive timestep mode:
2025-11-06 12:02:10 | INFO |   GSD trigger: every 1000 steps (target: 1.000 ps)
2025-11-06 12:02:10 | INFO |   Note: GSD timing may vary slightly due to adaptive timestep changes
2025-11-06 12:02:10 | INFO | GSD writer added for file: prod-213.gsd
2025-11-06 12:02:10 | INFO |   GSD output period: 1.000 ps
2025-11-06 12:02:10 | INFO |   GSD truncate mode: False (append to existing file)
2025-11-06 12:02:10 | INFO |  Console output setup completed:
2025-11-06 12:02:10 | INFO |   Output period: 1.000 ps (accurate time-based)
2025-11-06 12:02:10 | INFO |   Lambda coupling column: 4.200000e-02 (dimensionless) (displayed in real-time)
2025-11-06 12:02:10 | INFO |   Console tracker handles timing internally using ElapsedTimeTracker
2025-11-06 12:02:10 | INFO |   Works accurately for both adaptive and fixed timestep modes
2025-11-06 12:02:10 | INFO |  FIXED: Console output now uses precise time-based logic
2025-11-06 12:02:10 | INFO |   Both console and energy tracker use accurate timing
2025-11-06 12:02:10 | INFO |   GSD output timing may vary slightly but is less critical
2025-11-06 12:02:10 | INFO | === Phase 6: Running simulation ===
2025-11-06 12:02:10 | INFO | Starting adaptive timestep simulation for 3000.0 ps
2025-11-06 12:02:10 | INFO | Using max steps: 999999999 (will exit when runtime reached)
2025-11-06 12:02:10 | INFO | Initial timestep: 41.329114 a.u. (1.000 fs)
2025-11-06 12:02:10 | INFO | Timestep will adapt dynamically (error_tolerance = 2.0)
Added F(k,t) reference 0 at t = 0.001 ps
[HDF5 Writer DEBUG] timestep=23200001, current_time_ps=0.001, last_output_time=None, write_count=0
[HDF5 Writer DEBUG] Writing data point 0 at time 0.001 ps
[HDF5 Writer DEBUG] timestep=23200002, current_time_ps=0.002, last_output_time=0.0009997033224694973, write_count=1
[HDF5 Writer DEBUG] Skipping output: not time yet (current=0.002, last=0.0009997033224694973, period=0.01)
[HDF5 Writer DEBUG] timestep=23200003, current_time_ps=0.003, last_output_time=0.0009997033224694973, write_count=1
[HDF5 Writer DEBUG] Skipping output: not time yet (current=0.003, last=0.0009997033224694973, period=0.01)
[HDF5 Writer DEBUG] timestep=23200004, current_time_ps=0.004, last_output_time=0.0009997033224694973, write_count=1
[HDF5 Writer DEBUG] Skipping output: not time yet (current=0.004, last=0.0009997033224694973, period=0.01)
[HDF5 Writer DEBUG] timestep=23200005, current_time_ps=0.005, last_output_time=0.0009997033224694973, write_count=1
[HDF5 Writer DEBUG] Skipping output: not time yet (current=0.005, last=0.0009997033224694973, period=0.01)
[HDF5 Writer DEBUG] timestep=23200006, current_time_ps=0.006, last_output_time=0.0009997033224694973, write_count=1
[HDF5 Writer DEBUG] Skipping output: not time yet (current=0.006, last=0.0009997033224694973, period=0.01)
[HDF5 Writer DEBUG] timestep=23200007, current_time_ps=0.007, last_output_time=0.0009997033224694973, write_count=1
[HDF5 Writer DEBUG] Skipping output: not time yet (current=0.007, last=0.0009997033224694973, period=0.01)
[HDF5 Writer DEBUG] timestep=23200008, current_time_ps=0.008, last_output_time=0.0009997033224694973, write_count=1
[HDF5 Writer DEBUG] Skipping output: not time yet (current=0.008, last=0.0009997033224694973, period=0.01)
[HDF5 Writer DEBUG] timestep=23200009, current_time_ps=0.009, last_output_time=0.0009997033224694973, write_count=1
[HDF5 Writer DEBUG] Skipping output: not time yet (current=0.009, last=0.0009997033224694973, period=0.01)
[HDF5 Writer DEBUG] timestep=23200010, current_time_ps=0.010, last_output_time=0.0009997033224694973, write_count=1
[HDF5 Writer DEBUG] Skipping output: not time yet (current=0.010, last=0.0009997033224694973, period=0.01)
[HDF5 Writer DEBUG] timestep=23200011, current_time_ps=0.011, last_output_time=0.0009997033224694973, write_count=1
[HDF5 Writer DEBUG] Skipping output: not time yet (current=0.011, last=0.0009997033224694973, period=0.01)
[HDF5 Writer DEBUG] timestep=23200012, current_time_ps=0.012, last_output_time=0.0009997033224694973, write_count=1
[HDF5 Writer DEBUG] Writing data point 1 at time 0.012 ps
[HDF5 Writer DEBUG] timestep=23200013, current_time_ps=0.013, last_output_time=0.011996439869633967, write_count=2
[HDF5 Writer DEBUG] Skipping output: not time yet (current=0.013, last=0.011996439869633967, period=0.01)
[HDF5 Writer DEBUG] timestep=23200014, current_time_ps=0.014, last_output_time=0.011996439869633967, write_count=2
[HDF5 Writer DEBUG] Skipping output: not time yet (current=0.014, last=0.011996439869633967, period=0.01)
[HDF5 Writer DEBUG] timestep=23200015, current_time_ps=0.015, last_output_time=0.011996439869633967, write_count=2
[HDF5 Writer DEBUG] Skipping output: not time yet (current=0.015, last=0.011996439869633967, period=0.01)
[HDF5 Writer DEBUG] timestep=23200016, current_time_ps=0.016, last_output_time=0.011996439869633967, write_count=2
[HDF5 Writer DEBUG] Skipping output: not time yet (current=0.016, last=0.011996439869633967, period=0.01)
[HDF5 Writer DEBUG] timestep=23200017, current_time_ps=0.017, last_output_time=0.011996439869633967, write_count=2
[HDF5 Writer DEBUG] Skipping output: not time yet (current=0.017, last=0.011996439869633967, period=0.01)
[HDF5 Writer DEBUG] timestep=23200018, current_time_ps=0.018, last_output_time=0.011996439869633967, write_count=2
[HDF5 Writer DEBUG] Skipping output: not time yet (current=0.018, last=0.011996439869633967, period=0.01)
[HDF5 Writer DEBUG] timestep=23200019, current_time_ps=0.019, last_output_time=0.011996439869633967, write_count=2
[HDF5 Writer DEBUG] Skipping output: not time yet (current=0.019, last=0.011996439869633967, period=0.01)
[HDF5 Writer DEBUG] timestep=23200020, current_time_ps=0.020, last_output_time=0.011996439869633967, write_count=2
[HDF5 Writer DEBUG] Skipping output: not time yet (current=0.020, last=0.011996439869633967, period=0.01)
[HDF5 Writer DEBUG] timestep=23200021, current_time_ps=0.021, last_output_time=0.011996439869633967, write_count=2
[HDF5 Writer DEBUG] Skipping output: not time yet (current=0.021, last=0.011996439869633967, period=0.01)
[HDF5 Writer DEBUG] timestep=23200022, current_time_ps=0.022, last_output_time=0.011996439869633967, write_count=2
[HDF5 Writer DEBUG] Skipping output: not time yet (current=0.022, last=0.011996439869633967, period=0.01)
[HDF5 Writer DEBUG] timestep=23200023, current_time_ps=0.023, last_output_time=0.011996439869633967, write_count=2
[HDF5 Writer DEBUG] Writing data point 2 at time 0.023 ps
✓ SWMR mode enabled - file can now be read concurrently
Simulation.timestep  Simulation.tps Time.elapsed_ps Performance.ns_per_day Performance.eta   Cavity.lambda Adaptive.error_tolerance
       23201001        70.26197         1.00056            5.95        12:07:10        4.20e-02        2.00e+00
       23202162        70.44509         2.00062            5.58        12:54:15        4.20e-02        2.00e+00
       23203275        70.45989         3.00115            5.54        12:58:45        4.20e-02        2.00e+00
       23204383        70.47380         4.00138            5.53        12:59:58        4.20e-02        2.00e+00
       23205557        70.44706         5.00173            5.46        13:10:19        4.20e-02        2.00e+00
       23206735        70.43104         6.00188            5.41        13:17:36        4.20e-02        2.00e+00
       23208001        70.44522         7.00265            5.31        13:31:16        4.20e-02        2.00e+00
       23209117        70.45817         8.00346            5.33        13:28:08        4.20e-02        2.00e+00
DEBUG @ t=23210000: current_coupling=0.042, last=0.042
       23210186        70.45559         9.00364            5.37        13:22:09        4.20e-02        2.00e+00
       23211284        70.36175        10.00375            5.38        13:20:26        4.20e-02        2.00e+00
       23212462        70.36007        11.00447            5.36        13:23:12        4.20e-02        2.00e+00
       23213563        70.42773        12.00488            5.38        13:20:10        4.20e-02        2.00e+00
       23214651        70.49633        13.00517            5.40        13:16:44        4.20e-02        2.00e+00
       23215885        70.62421        14.00581            5.37        13:20:19        4.20e-02        2.00e+00
       23217091        70.62977        15.00594            5.35        13:23:16        4.20e-02        2.00e+00
       23218246        70.54664        16.00612            5.34        13:24:35        4.20e-02        2.00e+00
       23219383        70.56816        17.00622            5.34        13:23:53        4.20e-02        2.00e+00
DEBUG @ t=23220000: current_coupling=0.042, last=0.042
       23220550        70.59906        18.00648            5.34        13:24:16        4.20e-02        2.00e+00
       23221799        70.62261        19.00701            5.32        13:27:39        4.20e-02        2.00e+00
       23222922        70.60561        20.00768            5.32        13:26:40        4.20e-02        2.00e+00
       23223999        70.62092        21.00850            5.34        13:23:51        4.20e-02        2.00e+00
       23225163        70.61929        22.00920            5.33        13:24:14        4.20e-02        2.00e+00
       23226444        70.58350        23.00959            5.30        13:28:32        4.20e-02        2.00e+00
       23227606        70.59998        24.00967            5.30        13:28:25        4.20e-02        2.00e+00
       23228682        70.63557        25.01008            5.32        13:25:37        4.20e-02        2.00e+00
       23229724        70.70953        26.01029            5.34        13:21:39        4.20e-02        2.00e+00
DEBUG @ t=23230000: current_coupling=0.042, last=0.042
       23230828        70.71998        27.01050            5.35        13:20:14        4.20e-02        2.00e+00
       23231955        70.72732        28.01070            5.35        13:19:30        4.20e-02        2.00e+00
       23233029        70.76553        29.01087            5.37        13:17:10        4.20e-02        2.00e+00
       23234150        70.82774        30.01114            5.37        13:15:46        4.20e-02        2.00e+00
       23235212        70.81958        31.01158            5.39        13:13:51        4.20e-02        2.00e+00
       23236313        70.80941        32.01197            5.39        13:12:55        4.20e-02        2.00e+00
       23237432        70.81735        33.01217            5.39        13:12:13        4.20e-02        2.00e+00
       23238511        70.80359        34.01224            5.40        13:10:58        4.20e-02        2.00e+00
       23239648        70.80504        35.01246            5.40        13:10:45        4.20e-02        2.00e+00
DEBUG @ t=23240000: current_coupling=0.042, last=0.042
       23240767        70.80840        36.01258            5.40        13:10:11        4.20e-02        2.00e+00
       23241819        70.82114        37.01258            5.41        13:08:15        4.20e-02        2.00e+00
       23242850        70.83090        38.01333            5.43        13:06:02        4.20e-02        2.00e+00
       23243942        70.82876        39.01416            5.43        13:05:08        4.20e-02        2.00e+00
       23245054        70.84827        40.01481            5.43        13:04:23        4.20e-02        2.00e+00
       23246145        70.87800        41.01490            5.44        13:03:11        4.20e-02        2.00e+00
       23247183        70.87100        42.01568            5.45        13:01:32        4.20e-02        2.00e+00
       23248252        70.86312        43.01611            5.46        13:00:28        4.20e-02        2.00e+00
       23249378        70.85553        44.01697            5.45        13:00:20        4.20e-02        2.00e+00
DEBUG @ t=23250000: current_coupling=0.042, last=0.042
       23250500        70.87815        45.01760            5.46        12:59:48        4.20e-02        2.00e+00
       23251662        70.88308        46.01835            5.45        13:00:04        4.20e-02        2.00e+00
       23252868        70.93169        47.01860            5.45        13:00:29        4.20e-02        2.00e+00
       23253919        70.95249        48.01891            5.46        12:58:56        4.20e-02        2.00e+00
       23255083        70.97772        49.01898            5.46        12:58:58        4.20e-02        2.00e+00
       23256172        71.02196        50.01932            5.46        12:57:43        4.20e-02        2.00e+00
       23257296        71.03422        51.01997            5.46        12:57:19        4.20e-02        2.00e+00
       23258367        71.03143        52.02031            5.47        12:56:23        4.20e-02        2.00e+00
       23259535        71.03480        53.02041            5.46        12:56:41        4.20e-02        2.00e+00
DEBUG @ t=23260000: current_coupling=0.042, last=0.042
       23260617        71.02969        54.02083            5.47        12:55:56        4.20e-02        2.00e+00
       23261659        71.03262        55.02120            5.47        12:54:37        4.20e-02        2.00e+00
       23262727        71.02744        56.02169            5.48        12:53:45        4.20e-02        2.00e+00
       23263841        71.01749        57.02253            5.48        12:53:31        4.20e-02        2.00e+00
       23264992        71.01982        58.02265            5.48        12:53:36        4.20e-02        2.00e+00
       23266107        71.02064        59.02338            5.48        12:53:15        4.20e-02        2.00e+00
       23267206        71.03052        60.02378            5.48        12:52:38        4.20e-02        2.00e+00
       23268276        71.02649        61.02460            5.48        12:51:50        4.20e-02        2.00e+00
       23269418        71.02532        62.02497            5.48        12:51:50        4.20e-02        2.00e+00
DEBUG @ t=23270000: current_coupling=0.042, last=0.042
       23270540        71.02036        63.02516            5.48        12:51:39        4.20e-02        2.00e+00
       23271635        71.01535        64.02557            5.48        12:51:10        4.20e-02        2.00e+00
       23272740        71.03107        65.02572            5.48        12:50:35        4.20e-02        2.00e+00
       23273755        71.03269        66.02669            5.49        12:49:13        4.20e-02        2.00e+00
       23274826        71.02504        67.02723            5.50        12:48:33        4.20e-02        2.00e+00
       23276001        71.01927        68.02727            5.49        12:48:56        4.20e-02        2.00e+00
       23277147        71.01801        69.02775            5.49        12:48:58        4.20e-02        2.00e+00
       23278220        71.01446        70.02796            5.49        12:48:18        4.20e-02        2.00e+00
       23279328        71.01776        71.02803            5.49        12:47:55        4.20e-02        2.00e+00
DEBUG @ t=23280000: current_coupling=0.042, last=0.042
       23280469        71.01305        72.02880            5.49        12:47:55        4.20e-02        2.00e+00
       23281498        71.00573        73.02973            5.50        12:46:54        4.20e-02        2.00e+00
       23282617        71.02358        74.03036            5.50        12:46:27        4.20e-02        2.00e+00
       23283927        71.04633        75.03079            5.49        12:47:43        4.20e-02        2.00e+00
       23284912        71.05816        76.03104            5.50        12:46:07        4.20e-02        2.00e+00
       23285876        71.05114        77.03134            5.51        12:44:34        4.20e-02        2.00e+00
       23286814        71.05128        78.03184            5.52        12:42:44        4.20e-02        2.00e+00
       23287853        71.05546        79.03252            5.52        12:41:47        4.20e-02        2.00e+00
       23288987        71.04767        80.03261            5.52        12:41:48        4.20e-02        2.00e+00
DEBUG @ t=23290000: current_coupling=0.042, last=0.042
       23290095        71.04651        81.03316            5.52        12:41:31        4.20e-02        2.00e+00
       23291212        71.04252        82.03322            5.52        12:41:20        4.20e-02        2.00e+00
       23292315        71.05425        83.03357            5.52        12:40:52        4.20e-02        2.00e+00
       23293472        71.05206        84.03413            5.52        12:40:59        4.20e-02        2.00e+00
       23294556        71.06453        85.03490            5.52        12:40:21        4.20e-02        2.00e+00
       23295595        71.06938        86.03532            5.53        12:39:28        4.20e-02        2.00e+00
       23296650        71.07396        87.03606            5.53        12:38:42        4.20e-02        2.00e+00
       23297775        71.08080        88.03675            5.53        12:38:28        4.20e-02        2.00e+00
       23298896        71.08674        89.03691            5.53        12:38:13        4.20e-02        2.00e+00
       23299920        71.09035        90.03726            5.53        12:37:16        4.20e-02        2.00e+00
DEBUG @ t=23300000: current_coupling=0.042, last=0.042
[HDF5 Writer DEBUG] timestep=23300000, current_time_ps=90.116, last_output_time=90.1111811948553, write_count=8630
       23301011        71.09154        91.03740            5.53        12:36:51        4.20e-02        2.00e+00
       23302124        71.09042        92.03751            5.53        12:36:37        4.20e-02        2.00e+00
       23303141        71.08091        93.03757            5.54        12:35:47        4.20e-02        2.00e+00
       23304296        71.07893        94.03775            5.54        12:35:53        4.20e-02        2.00e+00
       23305398        71.07731        95.03846            5.54        12:35:34        4.20e-02        2.00e+00
       23306447        71.07544        96.03917            5.54        12:34:54        4.20e-02        2.00e+00
       23307499        71.07488        97.03979            5.54        12:34:15        4.20e-02        2.00e+00
       23308583        71.07289        98.04055            5.54        12:33:50        4.20e-02        2.00e+00
       23309722        71.07119        99.04134            5.54        12:33:48        4.20e-02        2.00e+00
DEBUG @ t=23310000: current_coupling=0.042, last=0.042
       23310849        71.06799       100.04175            5.54        12:33:42        4.20e-02        2.00e+00
       23311907        71.06459       101.04237            5.54        12:33:08        4.20e-02        2.00e+00
       23312940        71.05829       102.04270            5.55        12:32:26        4.20e-02        2.00e+00
       23314005        71.04907       103.04307            5.55        12:32:00        4.20e-02        2.00e+00
       23315167        71.04257       104.04368            5.54        12:32:10        4.20e-02        2.00e+00
       23316231        71.03920       105.04414            5.55        12:31:40        4.20e-02        2.00e+00
       23317384        71.04541       106.04465            5.54        12:31:38        4.20e-02        2.00e+00
       23318482        71.04532       107.04480            5.54        12:31:18        4.20e-02        2.00e+00
       23319478        71.04361       108.04510            5.55        12:30:22        4.20e-02        2.00e+00
DEBUG @ t=23320000: current_coupling=0.042, last=0.042
       23320495        71.05433       109.04517            5.55        12:29:26        4.20e-02        2.00e+00
       23321543        71.05506       110.04536            5.56        12:28:49        4.20e-02        2.00e+00
       23322658        71.05182       111.04567            5.56        12:28:39        4.20e-02        2.00e+00
       23323785        71.04758       112.04602            5.56        12:28:34        4.20e-02        2.00e+00
       23324870        71.04339       113.04640            5.56        12:28:14        4.20e-02        2.00e+00
       23326077        71.05296       114.04650            5.55        12:28:29        4.20e-02        2.00e+00
       23327232        71.05796       115.04680            5.55        12:28:27        4.20e-02        2.00e+00
       23328385        71.06197       116.04752            5.55        12:28:25        4.20e-02        2.00e+00
       23329502        71.06090       117.04792            5.55        12:28:14        4.20e-02        2.00e+00
DEBUG @ t=23330000: current_coupling=0.042, last=0.042
       23330580        71.06156       118.04872            5.55        12:27:48        4.20e-02        2.00e+00
       23331764        71.05941       119.04938            5.55        12:28:00        4.20e-02        2.00e+00
       23332877        71.06535       120.04960            5.55        12:27:43        4.20e-02        2.00e+00
       23334015        71.06777       121.04998            5.55        12:27:36        4.20e-02        2.00e+00
       23335076        71.06188       122.05079            5.55        12:27:08        4.20e-02        2.00e+00
       23336074        71.05877       123.05143            5.55        12:26:18        4.20e-02        2.00e+00
       23337079        71.05389       124.05196            5.55        12:25:33        4.20e-02        2.00e+00
       23338293        71.07241       125.05267            5.55        12:25:40        4.20e-02        2.00e+00
       23339419        71.06839       126.05347            5.55        12:25:34        4.20e-02        2.00e+00
DEBUG @ t=23340000: current_coupling=0.042, last=0.042
       23340468        71.06518       127.05377            5.55        12:25:02        4.20e-02        2.00e+00
       23341481        71.06001       128.05472            5.56        12:24:20        4.20e-02        2.00e+00
       23342530        71.06379       129.05508            5.56        12:23:44        4.20e-02        2.00e+00
       23343616        71.06323       130.05543            5.56        12:23:23        4.20e-02        2.00e+00
       23344766        71.05941       131.05598            5.56        12:23:24        4.20e-02        2.00e+00
       23345855        71.05331       132.05635            5.56        12:23:07        4.20e-02        2.00e+00
       23346890        71.04665       133.05641            5.56        12:22:35        4.20e-02        2.00e+00
       23347938        71.04476       134.05642            5.56        12:22:03        4.20e-02        2.00e+00
       23348958        71.03921       135.05735            5.56        12:21:26        4.20e-02        2.00e+00
DEBUG @ t=23350000: current_coupling=0.042, last=0.042
       23350047        71.03691       136.05755            5.56        12:21:08        4.20e-02        2.00e+00
       23351119        71.03234       137.05774            5.57        12:20:46        4.20e-02        2.00e+00
       23352171        71.02754       138.05797            5.57        12:20:18        4.20e-02        2.00e+00
       23353236        71.02874       139.05814            5.57        12:19:51        4.20e-02        2.00e+00
       23354325        71.02787       140.05827            5.57        12:19:32        4.20e-02        2.00e+00
       23355413        71.03349       141.05905            5.57        12:19:09        4.20e-02        2.00e+00
       23356492        71.03552       142.05938            5.57        12:18:46        4.20e-02        2.00e+00
       23357559        71.02962       143.06007            5.57        12:18:24        4.20e-02        2.00e+00
       23358604        71.02308       144.06073            5.57        12:17:57        4.20e-02        2.00e+00
       23359646        71.01683       145.06150            5.57        12:17:28        4.20e-02        2.00e+00
DEBUG @ t=23360000: current_coupling=0.042, last=0.042
       23360673        71.01010       146.06229            5.58        12:16:56        4.20e-02        2.00e+00
       23361695        71.00523       147.06276            5.58        12:16:22        4.20e-02        2.00e+00
       23362756        71.00038       148.06307            5.58        12:15:59        4.20e-02        2.00e+00
       23363799        70.99658       149.06351            5.58        12:15:31        4.20e-02        2.00e+00
       23364815        70.99931       150.06421            5.58        12:14:51        4.20e-02        2.00e+00
       23365842        71.00696       151.06460            5.59        12:14:12        4.20e-02        2.00e+00
       23366907        71.01150       152.06550            5.59        12:13:45        4.20e-02        2.00e+00
       23367924        71.00939       153.06571            5.59        12:13:09        4.20e-02        2.00e+00
       23368966        71.00993       154.06626            5.59        12:12:39        4.20e-02        2.00e+00
       23369993        71.00673       155.06679            5.60        12:12:07        4.20e-02        2.00e+00
DEBUG @ t=23370000: current_coupling=0.042, last=0.042
       23371028        71.00324       156.06711            5.60        12:11:38        4.20e-02        2.00e+00
       23372148        71.00041       157.06760            5.60        12:11:31        4.20e-02        2.00e+00
       23373106        70.99639       158.06782            5.60        12:10:43        4.20e-02        2.00e+00
       23374193        70.99806       159.06800            5.60        12:10:24        4.20e-02        2.00e+00
       23375247        70.99778       160.06847            5.60        12:09:58        4.20e-02        2.00e+00
       23376331        70.99724       161.06862            5.60        12:09:40        4.20e-02        2.00e+00
       23377405        71.00045       162.06923            5.60        12:09:18        4.20e-02        2.00e+00
       23378551        71.00731       163.06953            5.60        12:09:11        4.20e-02        2.00e+00
       23379662        71.01709       164.06965            5.60        12:08:53        4.20e-02        2.00e+00
DEBUG @ t=23380000: current_coupling=0.042, last=0.042
       23380741        71.02061       165.07041            5.60        12:08:31        4.20e-02        2.00e+00
       23381807        71.01867       166.07073            5.60        12:08:10        4.20e-02        2.00e+00
       23382900        71.01607       167.07113            5.60        12:07:56        4.20e-02        2.00e+00
       23384005        71.01440       168.07155            5.60        12:07:43        4.20e-02        2.00e+00
       23385068        71.01102       169.07222            5.60        12:07:22        4.20e-02        2.00e+00
       23386088        71.00880       170.07290            5.61        12:06:51        4.20e-02        2.00e+00
       23387120        71.00741       171.07355            5.61        12:06:21        4.20e-02        2.00e+00
       23388275        71.00701       172.07436            5.61        12:06:20        4.20e-02        2.00e+00
       23389354        71.01357       173.07488            5.61        12:05:57        4.20e-02        2.00e+00
DEBUG @ t=23390000: current_coupling=0.042, last=0.042
       23390467        71.01301       174.07492            5.61        12:05:46        4.20e-02        2.00e+00
       23391573        71.00949       175.07576            5.61        12:05:36        4.20e-02        2.00e+00
       23392625        71.00551       176.07631            5.61        12:05:13        4.20e-02        2.00e+00
       23393666        71.00094       177.07676            5.61        12:04:48        4.20e-02        2.00e+00
       23394730        70.99730       178.07767            5.61        12:04:28        4.20e-02        2.00e+00
       23395746        70.99923       179.07820            5.61        12:03:54        4.20e-02        2.00e+00
       23396820        71.00012       180.07831            5.61        12:03:34        4.20e-02        2.00e+00
       23397872        70.99609       181.07857            5.61        12:03:12        4.20e-02        2.00e+00
       23398889        70.99247       182.07938            5.61        12:02:42        4.20e-02        2.00e+00
       23399973        70.99210       183.07979            5.61        12:02:25        4.20e-02        2.00e+00
DEBUG @ t=23400000: current_coupling=0.042, last=0.042
[HDF5 Writer DEBUG] timestep=23400000, current_time_ps=183.105, last_output_time=183.09535555479454, write_count=17545
       23401133        71.00000       184.08018            5.61        12:02:19        4.20e-02        2.00e+00
       23402276        70.99821       185.08044            5.61        12:02:16        4.20e-02        2.00e+00
       23403427        70.99889       186.08115            5.61        12:02:12        4.20e-02        2.00e+00
       23404546        70.99617       187.08140            5.61        12:02:04        4.20e-02        2.00e+00
       23405617        70.99296       188.08220            5.61        12:01:45        4.20e-02        2.00e+00
       23406740        70.99156       189.08269            5.61        12:01:37        4.20e-02        2.00e+00
       23407869        70.99117       190.08269            5.61        12:01:29        4.20e-02        2.00e+00
       23408964        70.99467       191.08279            5.61        12:01:12        4.20e-02        2.00e+00
DEBUG @ t=23410000: current_coupling=0.042, last=0.042
       23410012        71.00419       192.08290            5.61        12:00:41        4.20e-02        2.00e+00
       23411174        71.00540       193.08341            5.61        12:00:39        4.20e-02        2.00e+00
       23412362        71.00186       194.08406            5.61        12:00:45        4.20e-02        2.00e+00
       23413514        70.99952       195.08488            5.60        12:00:42        4.20e-02        2.00e+00
       23414560        70.99534       196.08547            5.61        12:00:19        4.20e-02        2.00e+00
       23415660        70.99458       197.08583            5.61        12:00:06        4.20e-02        2.00e+00
       23416716        70.99421       198.08648            5.61        11:59:42        4.20e-02        2.00e+00
       23417804        70.99266       199.08680            5.61        11:59:27        4.20e-02        2.00e+00
SWITCH DETECTED at timestep 23418776: t = 200.000407 ps
  Forcing immediate timestep adjustment for shock dampening
Added F(k,t) reference 1 at t = 200.001 ps
       23418870        70.99026       200.08759            5.61        11:59:07        4.20e-02        2.00e+00
       23419966        70.98826       201.08763            5.61        11:58:53        4.20e-02        2.00e+00
DEBUG @ t=23420000: current_coupling=0.042, last=0.042
       23421161        70.98892       202.08797            5.60        11:58:57        4.20e-02        2.00e+00
       23422323        70.99731       203.08875            5.60        11:58:49        4.20e-02        2.00e+00
       23423446        70.99660       204.08958            5.60        11:58:40        4.20e-02        2.00e+00
       23424570        70.99505       205.09008            5.60        11:58:31        4.20e-02        2.00e+00
       23425724        70.99645       206.09045            5.60        11:58:26        4.20e-02        2.00e+00
       23426965        70.99452       207.09104            5.60        11:58:39        4.20e-02        2.00e+00
       23428114        70.99387       208.09115            5.59        11:58:34        4.20e-02        2.00e+00
       23429242        70.99099       209.09123            5.59        11:58:26        4.20e-02        2.00e+00
DEBUG @ t=23430000: current_coupling=0.042, last=0.042
       23430328        70.98954       210.09154            5.59        11:58:09        4.20e-02        2.00e+00
       23431411        70.98593       211.09237            5.59        11:57:53        4.20e-02        2.00e+00
       23432564        70.98306       212.09241            5.59        11:57:50        4.20e-02        2.00e+00
       23433700        70.98095       213.09245            5.59        11:57:43        4.20e-02        2.00e+00
       23434769        70.98153       214.09330            5.59        11:57:22        4.20e-02        2.00e+00
       23435804        70.98305       215.09389            5.59        11:56:54        4.20e-02        2.00e+00
       23436827        70.98081       216.09390            5.60        11:56:27        4.20e-02        2.00e+00
       23437938        70.98473       217.09417            5.60        11:56:12        4.20e-02        2.00e+00
       23439036        70.98423       218.09429            5.60        11:55:57        4.20e-02        2.00e+00
DEBUG @ t=23440000: current_coupling=0.042, last=0.042
       23440131        70.98465       219.09446            5.60        11:55:41        4.20e-02        2.00e+00
       23441173        70.98247       220.09528            5.60        11:55:17        4.20e-02        2.00e+00
       23442233        70.98013       221.09537            5.60        11:54:57        4.20e-02        2.00e+00
       23443296        70.97874       222.09575            5.60        11:54:36        4.20e-02        2.00e+00
       23444334        70.97956       223.09612            5.60        11:54:10        4.20e-02        2.00e+00
       23445362        70.98344       224.09698            5.60        11:53:41        4.20e-02        2.00e+00
       23446440        70.99174       225.09726            5.60        11:53:17        4.20e-02        2.00e+00
       23447430        70.98945       226.09742            5.60        11:52:45        4.20e-02        2.00e+00
       23448461        70.98718       227.09759            5.61        11:52:20        4.20e-02        2.00e+00
       23449507        70.98352       228.09821            5.61        11:51:58        4.20e-02        2.00e+00
DEBUG @ t=23450000: current_coupling=0.042, last=0.042
       23450624        70.98023       229.09854            5.61        11:51:49        4.20e-02        2.00e+00
       23451595        70.97799       230.09856            5.61        11:51:14        4.20e-02        2.00e+00
       23452646        70.97551       231.09878            5.61        11:50:53        4.20e-02        2.00e+00
       23453744        70.97790       232.09930            5.61        11:50:37        4.20e-02        2.00e+00
       23454850        70.97698       233.09938            5.61        11:50:24        4.20e-02        2.00e+00
       23455955        70.97466       234.09969            5.61        11:50:12        4.20e-02        2.00e+00
       23457018        70.97242       235.10031            5.61        11:49:52        4.20e-02        2.00e+00
       23457994        70.97364       236.10033            5.61        11:49:17        4.20e-02        2.00e+00
       23459111        70.97727       237.10033            5.61        11:49:03        4.20e-02        2.00e+00
DEBUG @ t=23460000: current_coupling=0.042, last=0.042
       23460084        70.97666       238.10034            5.61        11:48:29        4.20e-02        2.00e+00
       23461210        70.97864       239.10039            5.61        11:48:18        4.20e-02        2.00e+00
       23462302        70.98318       240.10117            5.61        11:47:59        4.20e-02        2.00e+00
       23463381        70.98530       241.10145            5.61        11:47:40        4.20e-02        2.00e+00
       23464428        70.98348       242.10152            5.61        11:47:19        4.20e-02        2.00e+00
       23465586        70.98320       243.10197            5.61        11:47:14        4.20e-02        2.00e+00
       23466573        70.98185       244.10281            5.62        11:46:42        4.20e-02        2.00e+00
       23467600        70.97949       245.10345            5.62        11:46:18        4.20e-02        2.00e+00
       23468630        70.98128       246.10374            5.62        11:45:52        4.20e-02        2.00e+00
       23469654        70.98103       247.10453            5.62        11:45:26        4.20e-02        2.00e+00
DEBUG @ t=23470000: current_coupling=0.042, last=0.042
       23470885        70.98109       248.10505            5.62        11:45:32        4.20e-02        2.00e+00
       23472094        70.97928       249.10578            5.61        11:45:36        4.20e-02        2.00e+00
       23473199        70.97644       250.10643            5.61        11:45:24        4.20e-02        2.00e+00
       23474248        70.97577       251.10731            5.61        11:45:02        4.20e-02        2.00e+00
       23475312        70.97625       252.10751            5.62        11:44:42        4.20e-02        2.00e+00
       23476316        70.97490       253.10838            5.62        11:44:14        4.20e-02        2.00e+00
       23477351        70.97322       254.10912            5.62        11:43:51        4.20e-02        2.00e+00
       23478356        70.97216       255.11005            5.62        11:43:23        4.20e-02        2.00e+00
       23479328        70.96938       256.11048            5.62        11:42:51        4.20e-02        2.00e+00
DEBUG @ t=23480000: current_coupling=0.042, last=0.042
       23480309        70.96725       257.11088            5.62        11:42:20        4.20e-02        2.00e+00
       23481310        70.96594       258.11141            5.63        11:41:52        4.20e-02        2.00e+00
       23482310        70.96743       259.11156            5.63        11:41:22        4.20e-02        2.00e+00
       23483325        70.96793       260.11167            5.63        11:40:56        4.20e-02        2.00e+00
       23484324        70.97340       261.11227            5.63        11:40:24        4.20e-02        2.00e+00
       23485287        70.97400       262.11279            5.63        11:39:49        4.20e-02        2.00e+00
       23486303        70.97407       263.11286            5.64        11:39:23        4.20e-02        2.00e+00
       23487403        70.97309       264.11328            5.63        11:39:10        4.20e-02        2.00e+00
       23488430        70.97017       265.11372            5.64        11:38:48        4.20e-02        2.00e+00
       23489483        70.96863       266.11405            5.64        11:38:28        4.20e-02        2.00e+00
DEBUG @ t=23490000: current_coupling=0.042, last=0.042
       23490499        70.96850       267.11491            5.64        11:38:02        4.20e-02        2.00e+00
       23491604        70.96915       268.11510            5.64        11:37:49        4.20e-02        2.00e+00
       23492714        70.97480       269.11576            5.64        11:37:33        4.20e-02        2.00e+00
       23493787        70.97853       270.11642            5.64        11:37:14        4.20e-02        2.00e+00
       23494884        70.97723       271.11643            5.64        11:37:00        4.20e-02        2.00e+00
       23495966        70.98031       272.11704            5.64        11:36:42        4.20e-02        2.00e+00
       23497043        70.98447       273.11740            5.64        11:36:23        4.20e-02        2.00e+00
       23498105        70.98760       274.11776            5.64        11:36:02        4.20e-02        2.00e+00
       23499160        70.98526       275.11859            5.64        11:35:44        4.20e-02        2.00e+00
DEBUG @ t=23500000: current_coupling=0.042, last=0.042
[HDF5 Writer DEBUG] timestep=23500000, current_time_ps=275.929, last_output_time=275.9207642705497, write_count=26438
       23500207        70.98445       276.11944            5.64        11:35:23        4.20e-02        2.00e+00
       23501271        70.98412       277.12022            5.64        11:35:05        4.20e-02        2.00e+00
       23502333        70.98315       278.12108            5.64        11:34:46        4.20e-02        2.00e+00
       23503359        70.98072       279.12170            5.64        11:34:24        4.20e-02        2.00e+00
       23504364        70.97843       280.12216            5.64        11:33:59        4.20e-02        2.00e+00
       23505409        70.97871       281.12302            5.64        11:33:37        4.20e-02        2.00e+00
       23506515        70.98536       282.12383            5.64        11:33:21        4.20e-02        2.00e+00
       23507585        70.98475       283.12476            5.64        11:33:03        4.20e-02        2.00e+00
       23508762        70.98557       284.12490            5.64        11:33:00        4.20e-02        2.00e+00
       23509790        70.98420       285.12556            5.64        11:32:37        4.20e-02        2.00e+00
DEBUG @ t=23510000: current_coupling=0.042, last=0.042
       23510854        70.98290       286.12655            5.64        11:32:19        4.20e-02        2.00e+00
       23511782        70.98175       287.12757            5.65        11:31:43        4.20e-02        2.00e+00
       23512756        70.98135       288.12854            5.65        11:31:13        4.20e-02        2.00e+00
       23513781        70.97463       289.12877            5.65        11:30:54        4.20e-02        2.00e+00
       23514899        70.98290       290.12911            5.65        11:30:38        4.20e-02        2.00e+00
       23516026        70.97960       291.12977            5.65        11:30:30        4.20e-02        2.00e+00
       23517089        70.98021       292.13043            5.65        11:30:11        4.20e-02        2.00e+00
       23518129        70.97908       293.13122            5.65        11:29:51        4.20e-02        2.00e+00
       23519189        70.97880       294.13197            5.65        11:29:32        4.20e-02        2.00e+00
DEBUG @ t=23520000: current_coupling=0.042, last=0.042
       23520291        70.97916       295.13261            5.65        11:29:19        4.20e-02        2.00e+00
       23521388        70.97847       296.13314            5.65        11:29:05        4.20e-02        2.00e+00
       23522419        70.98003       297.13391            5.65        11:28:42        4.20e-02        2.00e+00
       23523500        70.98225       298.13396            5.65        11:28:25        4.20e-02        2.00e+00
       23524631        70.98442       299.13421            5.65        11:28:14        4.20e-02        2.00e+00
       23525772        70.98583       300.13432            5.65        11:28:05        4.20e-02        2.00e+00
       23526895        70.98291       301.13483            5.65        11:27:56        4.20e-02        2.00e+00
       23527963        70.98116       302.13512            5.65        11:27:40        4.20e-02        2.00e+00
       23529134        70.97988       303.13590            5.65        11:27:36        4.20e-02        2.00e+00
DEBUG @ t=23530000: current_coupling=0.042, last=0.042
       23530258        70.97944       304.13614            5.65        11:27:25        4.20e-02        2.00e+00
       23531401        70.97908       305.13678            5.65        11:27:17        4.20e-02        2.00e+00
       23532576        70.97976       306.13686            5.64        11:27:13        4.20e-02        2.00e+00
       23533791        70.98407       307.13710            5.64        11:27:11        4.20e-02        2.00e+00
       23534992        70.98848       308.13780            5.64        11:27:07        4.20e-02        2.00e+00
       23536150        70.98909       309.13843            5.64        11:27:00        4.20e-02        2.00e+00
       23537320        70.98832       310.13900            5.64        11:26:55        4.20e-02        2.00e+00
       23538480        70.98652       311.13983            5.64        11:26:49        4.20e-02        2.00e+00
       23539617        70.99104       312.13997            5.64        11:26:37        4.20e-02        2.00e+00
DEBUG @ t=23540000: current_coupling=0.042, last=0.042
       23540681        70.99244       313.14017            5.64        11:26:18        4.20e-02        2.00e+00
       23541716        70.99277       314.14090            5.64        11:25:56        4.20e-02        2.00e+00
       23542819        70.99148       315.14091            5.64        11:25:43        4.20e-02        2.00e+00
       23543858        70.98931       316.14149            5.64        11:25:23        4.20e-02        2.00e+00
       23544942        70.98721       317.14152            5.64        11:25:09        4.20e-02        2.00e+00
       23546016        70.98603       318.14236            5.64        11:24:52        4.20e-02        2.00e+00
       23547068        70.98952       319.14255            5.64        11:24:31        4.20e-02        2.00e+00
       23548051        70.99129       320.14338            5.64        11:24:02        4.20e-02        2.00e+00
       23549163        70.99262       321.14371            5.64        11:23:49        4.20e-02        2.00e+00
DEBUG @ t=23550000: current_coupling=0.042, last=0.042
       23550298        70.99598       322.14435            5.64        11:23:37        4.20e-02        2.00e+00
       23551429        70.99790       323.14506            5.64        11:23:25        4.20e-02        2.00e+00
       23552470        70.99916       324.14587            5.64        11:23:04        4.20e-02        2.00e+00
       23553457        70.98777       325.14654            5.64        11:22:43        4.20e-02        2.00e+00
       23554474        70.98673       326.14673            5.64        11:22:21        4.20e-02        2.00e+00
       23555467        70.98471       327.14686            5.64        11:21:56        4.20e-02        2.00e+00
       23556479        70.98824       328.14781            5.65        11:21:30        4.20e-02        2.00e+00
       23557501        70.99233       329.14792            5.65        11:21:05        4.20e-02        2.00e+00
       23558534        70.99604       330.14829            5.65        11:20:41        4.20e-02        2.00e+00
       23559592        70.99840       331.14866            5.65        11:20:21        4.20e-02        2.00e+00
DEBUG @ t=23560000: current_coupling=0.042, last=0.042
       23560574        70.99663       332.14877            5.65        11:19:55        4.20e-02        2.00e+00
       23561600        70.99504       333.14890            5.65        11:19:34        4.20e-02        2.00e+00
       23562667        70.99335       334.14910            5.65        11:19:17        4.20e-02        2.00e+00
       23563667        70.99190       335.14988            5.65        11:18:53        4.20e-02        2.00e+00
       23564654        70.98998       336.15050            5.65        11:18:28        4.20e-02        2.00e+00
       23565733        70.98920       337.15102            5.65        11:18:13        4.20e-02        2.00e+00
       23566735        70.98894       338.15135            5.66        11:17:48        4.20e-02        2.00e+00
       23567723        70.98689       339.15136            5.66        11:17:23        4.20e-02        2.00e+00
       23568794        70.98514       340.15141            5.66        11:17:08        4.20e-02        2.00e+00
       23569799        70.98307       341.15146            5.66        11:16:45        4.20e-02        2.00e+00
DEBUG @ t=23570000: current_coupling=0.042, last=0.042
       23570921        70.98524       342.15199            5.66        11:16:32        4.20e-02        2.00e+00
       23571911        70.98283       343.15216            5.66        11:16:08        4.20e-02        2.00e+00
       23573005        70.98165       344.15258            5.66        11:15:55        4.20e-02        2.00e+00
       23574036        70.98189       345.15320            5.66        11:15:33        4.20e-02        2.00e+00
       23575087        70.98477       346.15358            5.66        11:15:13        4.20e-02        2.00e+00
       23576140        70.98279       347.15388            5.66        11:14:56        4.20e-02        2.00e+00
       23577157        70.98251       348.15422            5.66        11:14:33        4.20e-02        2.00e+00
       23578195        70.98175       349.15483            5.66        11:14:13        4.20e-02        2.00e+00
       23579209        70.98102       350.15547            5.66        11:13:51        4.20e-02        2.00e+00
DEBUG @ t=23580000: current_coupling=0.042, last=0.042
       23580275        70.97962       351.15587            5.66        11:13:35        4.20e-02        2.00e+00
       23581331        70.98033       352.15646            5.66        11:13:16        4.20e-02        2.00e+00
       23582345        70.98178       353.15738            5.66        11:12:53        4.20e-02        2.00e+00
       23583358        70.97910       354.15793            5.67        11:12:32        4.20e-02        2.00e+00
       23584432        70.97698       355.15821            5.67        11:12:17        4.20e-02        2.00e+00
       23585508        70.97554       356.15842            5.67        11:12:01        4.20e-02        2.00e+00
       23586477        70.97416       357.15901            5.67        11:11:35        4.20e-02        2.00e+00
       23587419        70.97294       358.15999            5.67        11:11:06        4.20e-02        2.00e+00
       23588356        70.97221       359.16092            5.67        11:10:36        4.20e-02        2.00e+00
       23589329        70.97144       360.16160            5.67        11:10:10        4.20e-02        2.00e+00
DEBUG @ t=23590000: current_coupling=0.042, last=0.042
       23590263        70.96979       361.16273            5.67        11:09:40        4.20e-02        2.00e+00
       23591234        70.96783       362.16331            5.68        11:09:15        4.20e-02        2.00e+00
       23592346        70.96880       363.16335            5.68        11:09:02        4.20e-02        2.00e+00
       23593330        70.97040       364.16443            5.68        11:08:36        4.20e-02        2.00e+00
       23594293        70.96906       365.16502            5.68        11:08:10        4.20e-02        2.00e+00
       23595276        70.96792       366.16573            5.68        11:07:45        4.20e-02        2.00e+00
       23596334        70.96689       367.16650            5.68        11:07:28        4.20e-02        2.00e+00
       23597370        70.96550       368.16689            5.68        11:07:10        4.20e-02        2.00e+00
       23598450        70.96403       369.16731            5.68        11:06:55        4.20e-02        2.00e+00
       23599505        70.96435       370.16770            5.68        11:06:37        4.20e-02        2.00e+00
DEBUG @ t=23600000: current_coupling=0.042, last=0.042
[HDF5 Writer DEBUG] timestep=23600000, current_time_ps=370.659, last_output_time=370.6503424235541, write_count=35473
       23600512        70.96425       371.16791            5.68        11:06:15        4.20e-02        2.00e+00
       23601597        70.96292       372.16833            5.68        11:06:01        4.20e-02        2.00e+00
       23602793        70.96165       373.16884            5.68        11:05:58        4.20e-02        2.00e+00
       23603771        70.96150       374.16960            5.68        11:05:33        4.20e-02        2.00e+00
       23604795        70.96147       375.16993            5.68        11:05:12        4.20e-02        2.00e+00
       23605769        70.95996       376.17064            5.68        11:04:47        4.20e-02        2.00e+00
       23606814        70.95850       377.17104            5.68        11:04:30        4.20e-02        2.00e+00
       23607924        70.95853       378.17179            5.68        11:04:17        4.20e-02        2.00e+00
       23608996        70.95908       379.17212            5.68        11:04:01        4.20e-02        2.00e+00
DEBUG @ t=23610000: current_coupling=0.042, last=0.042
       23610138        70.95866       380.17294            5.68        11:03:52        4.20e-02        2.00e+00
       23611280        70.95824       381.17309            5.68        11:03:43        4.20e-02        2.00e+00
       23612370        70.95680       382.17311            5.68        11:03:30        4.20e-02        2.00e+00
       23613420        70.95629       383.17380            5.68        11:03:12        4.20e-02        2.00e+00
       23614554        70.95790       384.17458            5.68        11:03:01        4.20e-02        2.00e+00
       23615598        70.95810       385.17490            5.68        11:02:43        4.20e-02        2.00e+00
       23616653        70.95804       386.17510            5.68        11:02:25        4.20e-02        2.00e+00
       23617690        70.95696       387.17538            5.68        11:02:06        4.20e-02        2.00e+00
       23618719        70.95564       388.17585            5.68        11:01:47        4.20e-02        2.00e+00
       23619738        70.95443       389.17585            5.68        11:01:27        4.20e-02        2.00e+00
DEBUG @ t=23620000: current_coupling=0.042, last=0.042
       23620685        70.95326       390.17671            5.69        11:01:00        4.20e-02        2.00e+00
       23621767        70.95270       391.17708            5.69        11:00:45        4.20e-02        2.00e+00
       23622746        70.95423       392.17740            5.69        11:00:20        4.20e-02        2.00e+00
       23623762        70.95301       393.17820            5.69        11:00:00        4.20e-02        2.00e+00
       23624809        70.95308       394.17909            5.69        10:59:41        4.20e-02        2.00e+00
       23625878        70.95332       395.17967            5.69        10:59:25        4.20e-02        2.00e+00
       23626919        70.95182       396.18013            5.69        10:59:07        4.20e-02        2.00e+00
       23627931        70.95015       397.18022            5.69        10:58:47        4.20e-02        2.00e+00
       23628969        70.94900       398.18071            5.69        10:58:29        4.20e-02        2.00e+00
       23629999        70.94828       399.18077            5.69        10:58:10        4.20e-02        2.00e+00
DEBUG @ t=23630000: current_coupling=0.042, last=0.042
Added F(k,t) reference 2 at t = 400.002 ps
       23631120        70.94865       400.18104            5.69        10:57:58        4.20e-02        2.00e+00
       23632208        70.94931       401.18142            5.69        10:57:44        4.20e-02        2.00e+00
       23633243        70.95070       402.18154            5.69        10:57:24        4.20e-02        2.00e+00
       23634300        70.95209       403.18181            5.69        10:57:06        4.20e-02        2.00e+00
       23635311        70.95196       404.18257            5.69        10:56:45        4.20e-02        2.00e+00
       23636274        70.95145       405.18325            5.69        10:56:19        4.20e-02        2.00e+00
       23637283        70.95236       406.18378            5.69        10:55:58        4.20e-02        2.00e+00
       23638305        70.95141       407.18403            5.69        10:55:38        4.20e-02        2.00e+00
       23639286        70.95240       408.18409            5.70        10:55:14        4.20e-02        2.00e+00
DEBUG @ t=23640000: current_coupling=0.042, last=0.042
       23640247        70.95404       409.18473            5.70        10:54:47        4.20e-02        2.00e+00
       23641243        70.95294       410.18509            5.70        10:54:26        4.20e-02        2.00e+00
       23642299        70.95273       411.18581            5.70        10:54:09        4.20e-02        2.00e+00
       23643355        70.95330       412.18666            5.70        10:53:51        4.20e-02        2.00e+00
       23644388        70.95297       413.18758            5.70        10:53:33        4.20e-02        2.00e+00
       23645417        70.95242       414.18808            5.70        10:53:14        4.20e-02        2.00e+00
       23646503        70.95170       415.18864            5.70        10:53:00        4.20e-02        2.00e+00
       23647598        70.95091       416.18869            5.70        10:52:47        4.20e-02        2.00e+00
       23648626        70.95081       417.18963            5.70        10:52:27        4.20e-02        2.00e+00
       23649611        70.94987       418.19021            5.70        10:52:05        4.20e-02        2.00e+00
DEBUG @ t=23650000: current_coupling=0.042, last=0.042
       23650628        70.95065       419.19031            5.70        10:51:44        4.20e-02        2.00e+00
       23651719        70.95105       420.19079            5.70        10:51:30        4.20e-02        2.00e+00
       23652809        70.95105       421.19107            5.70        10:51:16        4.20e-02        2.00e+00
       23653909        70.95064       422.19146            5.70        10:51:03        4.20e-02        2.00e+00
       23655018        70.95308       423.19196            5.70        10:50:50        4.20e-02        2.00e+00
       23656138        70.95234       424.19212            5.70        10:50:39        4.20e-02        2.00e+00
       23657235        70.95223       425.19302            5.70        10:50:25        4.20e-02        2.00e+00
       23658343        70.95588       426.19374            5.70        10:50:11        4.20e-02        2.00e+00
       23659422        70.95501       427.19392            5.70        10:49:57        4.20e-02        2.00e+00
DEBUG @ t=23660000: current_coupling=0.042, last=0.042
       23660484        70.95329       428.19432            5.70        10:49:41        4.20e-02        2.00e+00
       23661583        70.95451       429.19451            5.70        10:49:27        4.20e-02        2.00e+00
       23662607        70.95517       430.19539            5.70        10:49:07        4.20e-02        2.00e+00
       23663639        70.95467       431.19548            5.70        10:48:49        4.20e-02        2.00e+00
       23664730        70.95395       432.19598            5.70        10:48:35        4.20e-02        2.00e+00
       23665921        70.95418       433.19669            5.70        10:48:30        4.20e-02        2.00e+00
       23667097        70.95523       434.19702            5.70        10:48:22        4.20e-02        2.00e+00
       23668353        70.95566       435.19748            5.70        10:48:22        4.20e-02        2.00e+00
       23669541        70.95400       436.19799            5.69        10:48:17        4.20e-02        2.00e+00
DEBUG @ t=23670000: current_coupling=0.042, last=0.042
       23670736        70.95440       437.19805            5.69        10:48:11        4.20e-02        2.00e+00
       23671907        70.95364       438.19807            5.69        10:48:04        4.20e-02        2.00e+00
       23672971        70.95711       439.19865            5.69        10:47:46        4.20e-02        2.00e+00
       23674138        70.95800       440.19873            5.69        10:47:38        4.20e-02        2.00e+00
       23675176        70.95738       441.19960            5.69        10:47:19        4.20e-02        2.00e+00
       23676254        70.95872       442.19963            5.69        10:47:04        4.20e-02        2.00e+00
       23677441        70.95918       443.20031            5.69        10:46:57        4.20e-02        2.00e+00
       23678556        70.95834       444.20059            5.69        10:46:45        4.20e-02        2.00e+00
       23679533        70.95721       445.20106            5.69        10:46:23        4.20e-02        2.00e+00
DEBUG @ t=23680000: current_coupling=0.042, last=0.042
       23680587        70.95620       446.20173            5.69        10:46:06        4.20e-02        2.00e+00
       23681683        70.95478       447.20189            5.69        10:45:53        4.20e-02        2.00e+00
       23682648        70.95344       448.20226            5.69        10:45:30        4.20e-02        2.00e+00
       23683700        70.95315       449.20256            5.69        10:45:13        4.20e-02        2.00e+00
       23684667        70.95262       450.20353            5.69        10:44:49        4.20e-02        2.00e+00
       23685614        70.95363       451.20382            5.70        10:44:23        4.20e-02        2.00e+00
       23686558        70.95229       452.20486            5.70        10:43:58        4.20e-02        2.00e+00
       23687586        70.95362       453.20556            5.70        10:43:38        4.20e-02        2.00e+00
       23688558        70.95274       454.20622            5.70        10:43:15        4.20e-02        2.00e+00
       23689595        70.95298       455.20666            5.70        10:42:57        4.20e-02        2.00e+00
DEBUG @ t=23690000: current_coupling=0.042, last=0.042
       23690560        70.95303       456.20736            5.70        10:42:33        4.20e-02        2.00e+00
       23691495        70.95237       457.20819            5.70        10:42:07        4.20e-02        2.00e+00
       23692461        70.95100       458.20910            5.70        10:41:44        4.20e-02        2.00e+00
       23693457        70.95016       459.20991            5.70        10:41:23        4.20e-02        2.00e+00
       23694493        70.94995       460.21017            5.70        10:41:05        4.20e-02        2.00e+00
       23695519        70.94999       461.21072            5.71        10:40:46        4.20e-02        2.00e+00
       23696484        70.95000       462.21146            5.71        10:40:22        4.20e-02        2.00e+00
       23697433        70.94854       463.21245            5.71        10:39:58        4.20e-02        2.00e+00
       23698390        70.94932       464.21338            5.71        10:39:33        4.20e-02        2.00e+00
       23699387        70.94964       465.21424            5.71        10:39:12        4.20e-02        2.00e+00
DEBUG @ t=23700000: current_coupling=0.042, last=0.042
[HDF5 Writer DEBUG] timestep=23700000, current_time_ps=465.828, last_output_time=465.81775041110086, write_count=44538
       23700372        70.94944       466.21441            5.71        10:38:50        4.20e-02        2.00e+00
       23701328        70.94510       467.21525            5.71        10:38:28        4.20e-02        2.00e+00
       23702291        70.94492       468.21600            5.71        10:38:05        4.20e-02        2.00e+00
       23703269        70.94641       469.21647            5.71        10:37:42        4.20e-02        2.00e+00
       23704251        70.94602       470.21710            5.72        10:37:20        4.20e-02        2.00e+00
       23705244        70.94630       471.21766            5.72        10:36:59        4.20e-02        2.00e+00
       23706284        70.94536       472.21851            5.72        10:36:41        4.20e-02        2.00e+00
       23707317        70.94416       473.21899            5.72        10:36:24        4.20e-02        2.00e+00
       23708269        70.94270       474.21951            5.72        10:36:01        4.20e-02        2.00e+00
       23709237        70.94464       475.22014            5.72        10:35:37        4.20e-02        2.00e+00
DEBUG @ t=23710000: current_coupling=0.042, last=0.042
       23710305        70.94888       476.22055            5.72        10:35:19        4.20e-02        2.00e+00
       23711486        70.95244       477.22058            5.72        10:35:10        4.20e-02        2.00e+00
       23712540        70.95195       478.22070            5.72        10:34:54        4.20e-02        2.00e+00
       23713549        70.95098       479.22121            5.72        10:34:35        4.20e-02        2.00e+00
       23714554        70.94959       480.22193            5.72        10:34:15        4.20e-02        2.00e+00
       23715557        70.94767       481.22247            5.72        10:33:56        4.20e-02        2.00e+00
       23716656        70.94852       482.22306            5.72        10:33:42        4.20e-02        2.00e+00
       23717716        70.95157       483.22334            5.72        10:33:25        4.20e-02        2.00e+00
       23718641        70.95147       484.22410            5.72        10:32:59        4.20e-02        2.00e+00
       23719730        70.95055       485.22482            5.72        10:32:46        4.20e-02        2.00e+00
DEBUG @ t=23720000: current_coupling=0.042, last=0.042
       23720837        70.94941       486.22500            5.72        10:32:34        4.20e-02        2.00e+00
       23721965        70.95214       487.22561            5.72        10:32:21        4.20e-02        2.00e+00
       23722987        70.95437       488.22618            5.72        10:32:01        4.20e-02        2.00e+00
       23724006        70.94850       489.22696            5.72        10:31:46        4.20e-02        2.00e+00
       23725084        70.94820       490.22733            5.72        10:31:31        4.20e-02        2.00e+00
       23726178        70.94865       491.22768            5.72        10:31:17        4.20e-02        2.00e+00
       23727182        70.94757       492.22869            5.72        10:30:58        4.20e-02        2.00e+00
       23728189        70.94769       493.22902            5.72        10:30:38        4.20e-02        2.00e+00
       23729230        70.94880       494.22922            5.72        10:30:20        4.20e-02        2.00e+00
DEBUG @ t=23730000: current_coupling=0.042, last=0.042
       23730283        70.94941       495.23003            5.72        10:30:04        4.20e-02        2.00e+00
       23731352        70.94997       496.23055            5.72        10:29:48        4.20e-02        2.00e+00
       23732400        70.94974       497.23138            5.72        10:29:31        4.20e-02        2.00e+00
       23733493        70.94977       498.23189            5.72        10:29:18        4.20e-02        2.00e+00
       23734562        70.95035       499.23209            5.72        10:29:02        4.20e-02        2.00e+00
       23735638        70.94919       500.23255            5.72        10:28:48        4.20e-02        2.00e+00
       23736675        70.94822       501.23273            5.72        10:28:31        4.20e-02        2.00e+00
       23737750        70.94803       502.23346            5.72        10:28:16        4.20e-02        2.00e+00
       23738791        70.94821       503.23425            5.73        10:27:59        4.20e-02        2.00e+00
       23739771        70.94693       504.23445            5.73        10:27:38        4.20e-02        2.00e+00
DEBUG @ t=23740000: current_coupling=0.042, last=0.042
       23740917        70.94742       505.23465            5.73        10:27:28        4.20e-02        2.00e+00
       23742051        70.94637       506.23554            5.72        10:27:18        4.20e-02        2.00e+00
       23743083        70.94508       507.23619            5.72        10:27:01        4.20e-02        2.00e+00
       23744083        70.94368       508.23715            5.73        10:26:41        4.20e-02        2.00e+00
       23745117        70.94294       509.23791            5.73        10:26:24        4.20e-02        2.00e+00
       23746163        70.94185       510.23850            5.73        10:26:08        4.20e-02        2.00e+00
       23747149        70.94040       511.23893            5.73        10:25:48        4.20e-02        2.00e+00
       23748161        70.93861       512.23934            5.73        10:25:30        4.20e-02        2.00e+00
       23749169        70.93764       513.23999            5.73        10:25:11        4.20e-02        2.00e+00
DEBUG @ t=23750000: current_coupling=0.042, last=0.042
       23750220        70.93778       514.24041            5.73        10:24:54        4.20e-02        2.00e+00
       23751293        70.93672       515.24119            5.73        10:24:40        4.20e-02        2.00e+00
       23752328        70.93524       516.24149            5.73        10:24:23        4.20e-02        2.00e+00
       23753312        70.93349       517.24152            5.73        10:24:03        4.20e-02        2.00e+00
       23754308        70.93213       518.24175            5.73        10:23:44        4.20e-02        2.00e+00
       23755317        70.93097       519.24259            5.73        10:23:25        4.20e-02        2.00e+00
       23756386        70.93052       520.24342            5.73        10:23:10        4.20e-02        2.00e+00
       23757400        70.92979       521.24353            5.73        10:22:52        4.20e-02        2.00e+00
       23758474        70.93089       522.24426            5.73        10:22:36        4.20e-02        2.00e+00
       23759494        70.93324       523.24501            5.73        10:22:17        4.20e-02        2.00e+00
DEBUG @ t=23760000: current_coupling=0.042, last=0.042
       23760539        70.93370       524.24581            5.73        10:22:00        4.20e-02        2.00e+00
       23761626        70.93733       525.24640            5.73        10:21:44        4.20e-02        2.00e+00
       23762708        70.93821       526.24646            5.73        10:21:29        4.20e-02        2.00e+00
       23763785        70.93787       527.24652            5.73        10:21:15        4.20e-02        2.00e+00
       23764839        70.93879       528.24730            5.73        10:20:58        4.20e-02        2.00e+00
       23765830        70.93857       529.24780            5.73        10:20:38        4.20e-02        2.00e+00
       23766852        70.93980       530.24836            5.73        10:20:19        4.20e-02        2.00e+00
       23767930        70.94052       531.24837            5.73        10:20:04        4.20e-02        2.00e+00
       23768940        70.94474       532.24842            5.73        10:19:43        4.20e-02        2.00e+00
       23769994        70.94528       533.24933            5.73        10:19:27        4.20e-02        2.00e+00
DEBUG @ t=23770000: current_coupling=0.042, last=0.042
       23771001        70.94370       534.24952            5.73        10:19:08        4.20e-02        2.00e+00
       23772003        70.94262       535.24965            5.74        10:18:49        4.20e-02        2.00e+00
       23773051        70.94169       536.25022            5.74        10:18:34        4.20e-02        2.00e+00
       23774132        70.94077       537.25101            5.74        10:18:20        4.20e-02        2.00e+00
       23775145        70.93987       538.25173            5.74        10:18:01        4.20e-02        2.00e+00
       23776192        70.93898       539.25243            5.74        10:17:45        4.20e-02        2.00e+00
       23777239        70.93833       540.25333            5.74        10:17:29        4.20e-02        2.00e+00
       23778246        70.93725       541.25348            5.74        10:17:11        4.20e-02        2.00e+00
       23779301        70.93634       542.25430            5.74        10:16:55        4.20e-02        2.00e+00
DEBUG @ t=23780000: current_coupling=0.042, last=0.042
       23780337        70.93738       543.25505            5.74        10:16:37        4.20e-02        2.00e+00
       23781440        70.93748       544.25535            5.74        10:16:25        4.20e-02        2.00e+00
       23782437        70.93371       545.25558            5.74        10:16:07        4.20e-02        2.00e+00
       23783413        70.93466       546.25648            5.74        10:15:45        4.20e-02        2.00e+00
       23784467        70.93551       547.25688            5.74        10:15:29        4.20e-02        2.00e+00
       23785550        70.93630       548.25723            5.74        10:15:14        4.20e-02        2.00e+00
       23786599        70.93670       549.25764            5.74        10:14:58        4.20e-02        2.00e+00
       23787698        70.93621       550.25838            5.74        10:14:45        4.20e-02        2.00e+00
       23788723        70.93667       551.25875            5.74        10:14:27        4.20e-02        2.00e+00
       23789714        70.93670       552.25949            5.74        10:14:07        4.20e-02        2.00e+00
DEBUG @ t=23790000: current_coupling=0.042, last=0.042
       23790757        70.94117       553.25992            5.74        10:13:48        4.20e-02        2.00e+00
       23791839        70.94446       554.26014            5.74        10:13:32        4.20e-02        2.00e+00
       23792866        70.94315       555.26092            5.74        10:13:15        4.20e-02        2.00e+00
       23793907        70.94317       556.26187            5.74        10:12:58        4.20e-02        2.00e+00
       23794937        70.94252       557.26218            5.74        10:12:41        4.20e-02        2.00e+00
       23796035        70.94299       558.26218            5.74        10:12:28        4.20e-02        2.00e+00
       23797108        70.94233       559.26268            5.74        10:12:14        4.20e-02        2.00e+00
       23798236        70.94256       560.26341            5.74        10:12:02        4.20e-02        2.00e+00
       23799314        70.94231       561.26404            5.74        10:11:48        4.20e-02        2.00e+00
DEBUG @ t=23800000: current_coupling=0.042, last=0.042
[HDF5 Writer DEBUG] timestep=23800000, current_time_ps=561.928, last_output_time=561.9215503103485, write_count=53691
       23800330        70.94242       562.26475            5.74        10:11:29        4.20e-02        2.00e+00
       23801355        70.94422       563.26561            5.74        10:11:11        4.20e-02        2.00e+00
       23802374        70.94440       564.26584            5.74        10:10:53        4.20e-02        2.00e+00
       23803325        70.94341       565.26661            5.74        10:10:31        4.20e-02        2.00e+00
       23804277        70.94314       566.26670            5.74        10:10:09        4.20e-02        2.00e+00
       23805256        70.94545       567.26676            5.74        10:09:47        4.20e-02        2.00e+00
       23806248        70.94667       568.26759            5.75        10:09:27        4.20e-02        2.00e+00
       23807253        70.94585       569.26769            5.75        10:09:09        4.20e-02        2.00e+00
       23808319        70.94553       570.26818            5.75        10:08:54        4.20e-02        2.00e+00
       23809450        70.94614       571.26851            5.75        10:08:42        4.20e-02        2.00e+00
DEBUG @ t=23810000: current_coupling=0.042, last=0.042
       23810501        70.94622       572.26929            5.75        10:08:26        4.20e-02        2.00e+00
       23811509        70.94501       573.27007            5.75        10:08:08        4.20e-02        2.00e+00
       23812515        70.94428       574.27064            5.75        10:07:50        4.20e-02        2.00e+00
       23813568        70.94407       575.27121            5.75        10:07:34        4.20e-02        2.00e+00
       23814642        70.94386       576.27209            5.75        10:07:20        4.20e-02        2.00e+00
       23815738        70.94338       577.27290            5.75        10:07:06        4.20e-02        2.00e+00
       23816818        70.94336       578.27335            5.75        10:06:52        4.20e-02        2.00e+00
       23817824        70.94242       579.27428            5.75        10:06:34        4.20e-02        2.00e+00
       23818850        70.94205       580.27516            5.75        10:06:17        4.20e-02        2.00e+00
       23819855        70.94262       581.27533            5.75        10:05:58        4.20e-02        2.00e+00
DEBUG @ t=23820000: current_coupling=0.042, last=0.042
       23820948        70.94295       582.27616            5.75        10:05:44        4.20e-02        2.00e+00
       23821986        70.94215       583.27675            5.75        10:05:28        4.20e-02        2.00e+00
       23823081        70.94145       584.27701            5.75        10:05:15        4.20e-02        2.00e+00
       23824135        70.94042       585.27758            5.75        10:04:59        4.20e-02        2.00e+00
       23825214        70.94151       586.27821            5.75        10:04:45        4.20e-02        2.00e+00
       23826299        70.94116       587.27899            5.75        10:04:31        4.20e-02        2.00e+00
       23827353        70.94022       588.27904            5.75        10:04:15        4.20e-02        2.00e+00
       23828394        70.94045       589.27935            5.75        10:03:59        4.20e-02        2.00e+00
       23829510        70.94266       590.28011            5.75        10:03:45        4.20e-02        2.00e+00
DEBUG @ t=23830000: current_coupling=0.042, last=0.042
       23830572        70.94257       591.28047            5.75        10:03:30        4.20e-02        2.00e+00
       23831614        70.94222       592.28101            5.75        10:03:14        4.20e-02        2.00e+00
       23832678        70.94137       593.28116            5.75        10:02:59        4.20e-02        2.00e+00
       23833707        70.94036       594.28168            5.75        10:02:42        4.20e-02        2.00e+00
       23834719        70.93964       595.28204            5.75        10:02:25        4.20e-02        2.00e+00
       23835775        70.93913       596.28238            5.75        10:02:09        4.20e-02        2.00e+00
       23836819        70.93839       597.28287            5.75        10:01:53        4.20e-02        2.00e+00
       23837846        70.93833       598.28319            5.75        10:01:36        4.20e-02        2.00e+00
       23838940        70.93896       599.28349            5.75        10:01:22        4.20e-02        2.00e+00
Added F(k,t) reference 3 at t = 600.002 ps
DEBUG @ t=23840000: current_coupling=0.042, last=0.042
       23840077        70.93890       600.28365            5.75        10:01:11        4.20e-02        2.00e+00
       23841219        70.94034       601.28411            5.75        10:01:00        4.20e-02        2.00e+00
       23842375        70.94278       602.28485            5.75        10:00:48        4.20e-02        2.00e+00
       23843437        70.94368       603.28572            5.75        10:00:33        4.20e-02        2.00e+00
       23844515        70.94493       604.28588            5.75        10:00:17        4.20e-02        2.00e+00
       23845595        70.94614       605.28649            5.75        10:00:03        4.20e-02        2.00e+00
       23846638        70.94679       606.28744            5.75        09:59:46        4.20e-02        2.00e+00
       23847770        70.94699       607.28775            5.75        09:59:34        4.20e-02        2.00e+00
       23848784        70.94688       608.28864            5.75        09:59:16        4.20e-02        2.00e+00
       23849828        70.94678       609.28922            5.75        09:59:00        4.20e-02        2.00e+00
DEBUG @ t=23850000: current_coupling=0.042, last=0.042
       23850816        70.94575       610.28937            5.75        09:58:41        4.20e-02        2.00e+00
       23851861        70.94464       611.28970            5.75        09:58:25        4.20e-02        2.00e+00
       23852992        70.94411       612.29037            5.75        09:58:14        4.20e-02        2.00e+00
       23854035        70.94323       613.29106            5.75        09:57:58        4.20e-02        2.00e+00
       23855121        70.94360       614.29178            5.75        09:57:44        4.20e-02        2.00e+00
       23856209        70.94274       615.29240            5.75        09:57:31        4.20e-02        2.00e+00
       23857287        70.94230       616.29290            5.75        09:57:16        4.20e-02        2.00e+00
       23858339        70.94179       617.29330            5.75        09:57:01        4.20e-02        2.00e+00
       23859358        70.94125       618.29373            5.75        09:56:43        4.20e-02        2.00e+00
DEBUG @ t=23860000: current_coupling=0.042, last=0.042
       23860411        70.94151       619.29431            5.75        09:56:27        4.20e-02        2.00e+00
       23861519        70.94098       620.29494            5.75        09:56:15        4.20e-02        2.00e+00
       23862615        70.94091       621.29506            5.75        09:56:02        4.20e-02        2.00e+00
       23863689        70.94063       622.29581            5.75        09:55:47        4.20e-02        2.00e+00
       23864727        70.94090       623.29625            5.75        09:55:30        4.20e-02        2.00e+00
       23865830        70.94067       624.29646            5.75        09:55:17        4.20e-02        2.00e+00
       23866920        70.94029       625.29677            5.75        09:55:04        4.20e-02        2.00e+00
       23867965        70.93986       626.29699            5.75        09:54:48        4.20e-02        2.00e+00
       23868947        70.93992       627.29744            5.75        09:54:28        4.20e-02        2.00e+00
       23869973        70.93978       628.29771            5.75        09:54:11        4.20e-02        2.00e+00
DEBUG @ t=23870000: current_coupling=0.042, last=0.042
       23871095        70.94149       629.29796            5.75        09:53:58        4.20e-02        2.00e+00
       23872133        70.94101       630.29892            5.75        09:53:42        4.20e-02        2.00e+00
       23873116        70.94090       631.29954            5.75        09:53:22        4.20e-02        2.00e+00
       23874112        70.93979       632.29983            5.75        09:53:04        4.20e-02        2.00e+00
       23875165        70.94108       633.30035            5.75        09:52:48        4.20e-02        2.00e+00
       23876283        70.94158       634.30051            5.75        09:52:35        4.20e-02        2.00e+00
       23877432        70.94115       635.30073            5.75        09:52:24        4.20e-02        2.00e+00
       23878485        70.94169       636.30104            5.75        09:52:08        4.20e-02        2.00e+00
       23879549        70.94213       637.30110            5.75        09:51:53        4.20e-02        2.00e+00
DEBUG @ t=23880000: current_coupling=0.042, last=0.042
       23880592        70.94177       638.30163            5.75        09:51:37        4.20e-02        2.00e+00
       23881611        70.94217       639.30240            5.75        09:51:19        4.20e-02        2.00e+00
       23882778        70.94200       640.30297            5.75        09:51:09        4.20e-02        2.00e+00
       23883802        70.94335       641.30316            5.75        09:50:52        4.20e-02        2.00e+00
       23884945        70.94424       642.30381            5.75        09:50:40        4.20e-02        2.00e+00
       23886033        70.94743       643.30384            5.75        09:50:25        4.20e-02        2.00e+00
       23887022        70.94765       644.30465            5.75        09:50:05        4.20e-02        2.00e+00
       23888077        70.94742       645.30491            5.75        09:49:50        4.20e-02        2.00e+00
       23889235        70.94657       646.30511            5.75        09:49:40        4.20e-02        2.00e+00
DEBUG @ t=23890000: current_coupling=0.042, last=0.042
       23890358        70.94599       647.30591            5.75        09:49:28        4.20e-02        2.00e+00
       23891515        70.94627       648.30615            5.75        09:49:17        4.20e-02        2.00e+00
       23892519        70.94569       649.30631            5.75        09:48:59        4.20e-02        2.00e+00
       23893684        70.94557       650.30667            5.75        09:48:49        4.20e-02        2.00e+00
       23894851        70.94525       651.30669            5.75        09:48:40        4.20e-02        2.00e+00
       23896161        70.94499       652.30741            5.74        09:48:37        4.20e-02        2.00e+00
       23897341        70.94522       653.30765            5.74        09:48:28        4.20e-02        2.00e+00
       23898435        70.94430       654.30846            5.74        09:48:14        4.20e-02        2.00e+00
       23899474        70.94310       655.30906            5.74        09:47:58        4.20e-02        2.00e+00
DEBUG @ t=23900000: current_coupling=0.042, last=0.042
[HDF5 Writer DEBUG] timestep=23900000, current_time_ps=655.824, last_output_time=655.8154641670659, write_count=62640
       23900498        70.94376       656.30945            5.74        09:47:41        4.20e-02        2.00e+00
       23901529        70.94526       657.31024            5.74        09:47:23        4.20e-02        2.00e+00
       23902594        70.94450       658.31041            5.74        09:47:08        4.20e-02        2.00e+00
       23903583        70.94347       659.31135            5.74        09:46:50        4.20e-02        2.00e+00
       23904602        70.94388       660.31166            5.74        09:46:32        4.20e-02        2.00e+00
       23905732        70.94378       661.31182            5.74        09:46:20        4.20e-02        2.00e+00
       23906890        70.94375       662.31257            5.74        09:46:10        4.20e-02        2.00e+00
       23907843        70.94481       663.31277            5.74        09:45:48        4.20e-02        2.00e+00
       23908733        70.94516       664.31352            5.75        09:45:24        4.20e-02        2.00e+00
       23909918        70.94850       665.31393            5.74        09:45:14        4.20e-02        2.00e+00
DEBUG @ t=23910000: current_coupling=0.042, last=0.042
       23910919        70.94831       666.31408            5.75        09:44:55        4.20e-02        2.00e+00
       23912046        70.94944       667.31452            5.74        09:44:43        4.20e-02        2.00e+00
       23913067        70.94964       668.31509            5.75        09:44:25        4.20e-02        2.00e+00
       23914052        70.94879       669.31551            5.75        09:44:07        4.20e-02        2.00e+00
       23915139        70.95015       670.31578            5.75        09:43:52        4.20e-02        2.00e+00
       23916209        70.95181       671.31587            5.75        09:43:36        4.20e-02        2.00e+00
       23917312        70.95499       672.31627            5.75        09:43:21        4.20e-02        2.00e+00
       23918442        70.95461       673.31691            5.75        09:43:09        4.20e-02        2.00e+00
       23919515        70.95364       674.31699            5.75        09:42:55        4.20e-02        2.00e+00
DEBUG @ t=23920000: current_coupling=0.042, last=0.042
       23920510        70.95267       675.31702            5.75        09:42:37        4.20e-02        2.00e+00
       23921566        70.95262       676.31711            5.75        09:42:21        4.20e-02        2.00e+00
       23922621        70.95219       677.31799            5.75        09:42:06        4.20e-02        2.00e+00
       23923746        70.95179       678.31825            5.75        09:41:54        4.20e-02        2.00e+00
       23924773        70.95162       679.31883            5.75        09:41:37        4.20e-02        2.00e+00
       23925813        70.95061       680.31938            5.75        09:41:21        4.20e-02        2.00e+00
       23926861        70.94978       681.31999            5.75        09:41:06        4.20e-02        2.00e+00
       23927932        70.95020       682.32094            5.75        09:40:50        4.20e-02        2.00e+00
       23928938        70.95034       683.32176            5.75        09:40:32        4.20e-02        2.00e+00
       23929978        70.95023       684.32247            5.75        09:40:16        4.20e-02        2.00e+00
DEBUG @ t=23930000: current_coupling=0.042, last=0.042
       23930972        70.94957       685.32253            5.75        09:39:58        4.20e-02        2.00e+00
       23932007        70.94846       686.32294            5.75        09:39:42        4.20e-02        2.00e+00
       23933158        70.94824       687.32353            5.75        09:39:31        4.20e-02        2.00e+00
       23934254        70.94767       688.32397            5.75        09:39:18        4.20e-02        2.00e+00
       23935278        70.94658       689.32434            5.75        09:39:01        4.20e-02        2.00e+00
       23936460        70.94693       690.32439            5.75        09:38:51        4.20e-02        2.00e+00
       23937511        70.94588       691.32480            5.75        09:38:36        4.20e-02        2.00e+00
       23938593        70.94506       692.32506            5.75        09:38:22        4.20e-02        2.00e+00
       23939640        70.94441       693.32511            5.75        09:38:06        4.20e-02        2.00e+00
DEBUG @ t=23940000: current_coupling=0.042, last=0.042
       23940688        70.94440       694.32575            5.75        09:37:50        4.20e-02        2.00e+00
       23941741        70.94445       695.32667            5.75        09:37:35        4.20e-02        2.00e+00
       23942831        70.94528       696.32743            5.75        09:37:20        4.20e-02        2.00e+00
       23943883        70.94541       697.32753            5.75        09:37:04        4.20e-02        2.00e+00
       23944965        70.94487       698.32776            5.75        09:36:50        4.20e-02        2.00e+00
       23946012        70.94359       699.32804            5.75        09:36:35        4.20e-02        2.00e+00
       23947037        70.94411       700.32819            5.75        09:36:18        4.20e-02        2.00e+00
       23948100        70.94481       701.32902            5.75        09:36:02        4.20e-02        2.00e+00
       23949150        70.94554       702.32921            5.75        09:35:46        4.20e-02        2.00e+00
DEBUG @ t=23950000: current_coupling=0.042, last=0.042
       23950206        70.94522       703.32974            5.75        09:35:31        4.20e-02        2.00e+00
       23951321        70.94569       704.33042            5.75        09:35:17        4.20e-02        2.00e+00
       23952451        70.94487       705.33099            5.75        09:35:06        4.20e-02        2.00e+00
       23953631        70.94453       706.33132            5.74        09:34:56        4.20e-02        2.00e+00
       23954829        70.94657       707.33197            5.74        09:34:46        4.20e-02        2.00e+00
       23955880        70.94737       708.33266            5.74        09:34:30        4.20e-02        2.00e+00
       23956953        70.94827       709.33356            5.74        09:34:14        4.20e-02        2.00e+00
       23958029        70.94870       710.33386            5.74        09:34:00        4.20e-02        2.00e+00
       23959177        70.94859       711.33429            5.74        09:33:48        4.20e-02        2.00e+00
DEBUG @ t=23960000: current_coupling=0.042, last=0.042
       23960275        70.94806       712.33451            5.74        09:33:35        4.20e-02        2.00e+00
       23961288        70.94864       713.33514            5.74        09:33:17        4.20e-02        2.00e+00
       23962354        70.94931       714.33583            5.74        09:33:02        4.20e-02        2.00e+00
       23963507        70.94941       715.33644            5.74        09:32:50        4.20e-02        2.00e+00
       23964627        70.94914       716.33674            5.74        09:32:38        4.20e-02        2.00e+00
       23965682        70.94890       717.33682            5.74        09:32:22        4.20e-02        2.00e+00
       23966750        70.95208       718.33752            5.74        09:32:06        4.20e-02        2.00e+00
       23967841        70.95299       719.33843            5.74        09:31:51        4.20e-02        2.00e+00
       23968865        70.95278       720.33846            5.74        09:31:34        4.20e-02        2.00e+00
       23969904        70.95277       721.33888            5.74        09:31:18        4.20e-02        2.00e+00
DEBUG @ t=23970000: current_coupling=0.042, last=0.042
       23971043        70.95400       722.33972            5.74        09:31:05        4.20e-02        2.00e+00
       23972124        70.95409       723.33997            5.74        09:30:51        4.20e-02        2.00e+00
       23973220        70.95341       724.34044            5.74        09:30:37        4.20e-02        2.00e+00
       23974301        70.95238       725.34086            5.74        09:30:23        4.20e-02        2.00e+00
       23975332        70.95166       726.34158            5.74        09:30:07        4.20e-02        2.00e+00
       23976350        70.95109       727.34199            5.74        09:29:50        4.20e-02        2.00e+00
       23977368        70.95045       728.34282            5.74        09:29:33        4.20e-02        2.00e+00
       23978414        70.94955       729.34299            5.74        09:29:18        4.20e-02        2.00e+00
       23979510        70.94897       730.34305            5.74        09:29:04        4.20e-02        2.00e+00
DEBUG @ t=23980000: current_coupling=0.042, last=0.042
       23980498        70.94971       731.34360            5.74        09:28:45        4.20e-02        2.00e+00
       23981565        70.95179       732.34438            5.74        09:28:29        4.20e-02        2.00e+00
       23982687        70.95239       733.34526            5.74        09:28:16        4.20e-02        2.00e+00
       23983811        70.95167       734.34587            5.74        09:28:04        4.20e-02        2.00e+00
       23984909        70.95089       735.34669            5.74        09:27:50        4.20e-02        2.00e+00
       23985824        70.94985       736.34705            5.74        09:27:29        4.20e-02        2.00e+00
       23986914        70.94938       737.34750            5.74        09:27:15        4.20e-02        2.00e+00
       23987952        70.95029       738.34821            5.74        09:26:59        4.20e-02        2.00e+00
       23989052        70.95176       739.34904            5.74        09:26:44        4.20e-02        2.00e+00
DEBUG @ t=23990000: current_coupling=0.042, last=0.042
       23990151        70.95229       740.34937            5.74        09:26:30        4.20e-02        2.00e+00
       23991272        70.95178       741.34937            5.74        09:26:18        4.20e-02        2.00e+00
       23992392        70.95084       742.35002            5.74        09:26:05        4.20e-02        2.00e+00
       23993512        70.94980       743.35008            5.74        09:25:53        4.20e-02        2.00e+00
       23994601        70.94967       744.35085            5.74        09:25:39        4.20e-02        2.00e+00
       23995589        70.95010       745.35160            5.74        09:25:20        4.20e-02        2.00e+00
       23996475        70.94881       746.35205            5.74        09:24:58        4.20e-02        2.00e+00
       23997383        70.94867       747.35228            5.75        09:24:36        4.20e-02        2.00e+00
       23998401        70.94906       748.35287            5.75        09:24:19        4.20e-02        2.00e+00
       23999506        70.94826       749.35330            5.75        09:24:06        4.20e-02        2.00e+00
DEBUG @ t=24000000: current_coupling=0.042, last=0.042
[HDF5 Writer DEBUG] timestep=24000000, current_time_ps=749.833, last_output_time=749.8247373073599, write_count=71610
       24000490        70.94744       750.35435            5.75        09:23:48        4.20e-02        2.00e+00
       24001433        70.94634       751.35495            5.75        09:23:28        4.20e-02        2.00e+00
       24002428        70.94520       752.35578            5.75        09:23:10        4.20e-02        2.00e+00
       24003463        70.94546       753.35636            5.75        09:22:54        4.20e-02        2.00e+00
       24004469        70.94492       754.35709            5.75        09:22:36        4.20e-02        2.00e+00
       24005408        70.94414       755.35752            5.75        09:22:16        4.20e-02        2.00e+00
       24006367        70.94348       756.35766            5.75        09:21:57        4.20e-02        2.00e+00
       24007442        70.94386       757.35803            5.75        09:21:42        4.20e-02        2.00e+00
       24008472        70.94381       758.35886            5.75        09:21:26        4.20e-02        2.00e+00
       24009469        70.94386       759.35890            5.75        09:21:08        4.20e-02        2.00e+00
DEBUG @ t=24010000: current_coupling=0.042, last=0.042
       24010452        70.94321       760.35941            5.75        09:20:50        4.20e-02        2.00e+00
       24011546        70.94335       761.36018            5.75        09:20:36        4.20e-02        2.00e+00
       24012787        70.94234       762.36105            5.75        09:20:28        4.20e-02        2.00e+00
       24013686        70.94165       763.36126            5.75        09:20:07        4.20e-02        2.00e+00
       24014570        70.94091       764.36140            5.75        09:19:45        4.20e-02        2.00e+00
       24015594        70.94108       765.36153            5.75        09:19:28        4.20e-02        2.00e+00
       24016834        70.94169       766.36233            5.75        09:19:20        4.20e-02        2.00e+00
       24018065        70.94195       767.36310            5.75        09:19:11        4.20e-02        2.00e+00
       24019142        70.94266       768.36419            5.75        09:18:56        4.20e-02        2.00e+00
DEBUG @ t=24020000: current_coupling=0.042, last=0.042
       24020065        70.94314       769.36508            5.75        09:18:35        4.20e-02        2.00e+00
       24021041        70.94229       770.36599            5.75        09:18:17        4.20e-02        2.00e+00
       24022026        70.94152       771.36653            5.75        09:17:59        4.20e-02        2.00e+00
       24022973        70.94094       772.36748            5.75        09:17:39        4.20e-02        2.00e+00
       24023972        70.94080       773.36841            5.75        09:17:21        4.20e-02        2.00e+00
       24024951        70.93972       774.36927            5.75        09:17:03        4.20e-02        2.00e+00
       24025979        70.93894       775.36994            5.75        09:16:47        4.20e-02        2.00e+00
       24027002        70.93845       776.37063            5.75        09:16:31        4.20e-02        2.00e+00
       24028315        70.93897       777.37063            5.75        09:16:25        4.20e-02        2.00e+00
       24029452        70.93916       778.37120            5.75        09:16:13        4.20e-02        2.00e+00
DEBUG @ t=24030000: current_coupling=0.042, last=0.042
       24030667        70.94085       779.37139            5.75        09:16:03        4.20e-02        2.00e+00
       24031740        70.93995       780.37217            5.75        09:15:49        4.20e-02        2.00e+00
       24032877        70.93944       781.37251            5.75        09:15:37        4.20e-02        2.00e+00
       24033886        70.93834       782.37350            5.75        09:15:20        4.20e-02        2.00e+00
       24034885        70.93712       783.37376            5.75        09:15:03        4.20e-02        2.00e+00
       24036060        70.93615       784.37381            5.75        09:14:53        4.20e-02        2.00e+00
       24037064        70.93512       785.37473            5.75        09:14:36        4.20e-02        2.00e+00
       24038113        70.93444       786.37566            5.75        09:14:20        4.20e-02        2.00e+00
       24039103        70.93454       787.37589            5.75        09:14:02        4.20e-02        2.00e+00
DEBUG @ t=24040000: current_coupling=0.042, last=0.042
       24040196        70.93436       788.37660            5.75        09:13:48        4.20e-02        2.00e+00
       24041463        70.93615       789.37677            5.75        09:13:40        4.20e-02        2.00e+00
       24042734        70.93868       790.37721            5.75        09:13:32        4.20e-02        2.00e+00
       24043854        70.93903       791.37792            5.75        09:13:19        4.20e-02        2.00e+00
       24045157        70.93917       792.37811            5.75        09:13:13        4.20e-02        2.00e+00
       24046445        70.93859       793.37839            5.74        09:13:07        4.20e-02        2.00e+00
       24047440        70.93778       794.37883            5.75        09:12:50        4.20e-02        2.00e+00
       24048385        70.93722       795.37960            5.75        09:12:30        4.20e-02        2.00e+00
       24049429        70.93664       796.38005            5.75        09:12:14        4.20e-02        2.00e+00
DEBUG @ t=24050000: current_coupling=0.042, last=0.042
       24050662        70.93674       797.38033            5.74        09:12:06        4.20e-02        2.00e+00
       24051898        70.93717       798.38034            5.74        09:11:57        4.20e-02        2.00e+00
       24053110        70.93811       799.38080            5.74        09:11:47        4.20e-02        2.00e+00
Added F(k,t) reference 4 at t = 800.003 ps
       24054138        70.93750       800.38113            5.74        09:11:31        4.20e-02        2.00e+00
       24055282        70.93732       801.38147            5.74        09:11:19        4.20e-02        2.00e+00
       24056561        70.93687       802.38218            5.74        09:11:12        4.20e-02        2.00e+00
       24057804        70.93789       803.38241            5.74        09:11:03        4.20e-02        2.00e+00
       24058860        70.93829       804.38271            5.74        09:10:48        4.20e-02        2.00e+00
DEBUG @ t=24060000: current_coupling=0.042, last=0.042
       24060074        70.94326       805.38333            5.74        09:10:36        4.20e-02        2.00e+00
       24061220        70.94264       806.38371            5.74        09:10:24        4.20e-02        2.00e+00
       24062546        70.94298       807.38407            5.74        09:10:19        4.20e-02        2.00e+00
       24063907        70.94292       808.38408            5.74        09:10:15        4.20e-02        2.00e+00
       24065193        70.94389       809.38483            5.73        09:10:08        4.20e-02        2.00e+00
       24066557        70.94535       810.38553            5.73        09:10:03        4.20e-02        2.00e+00
       24067607        70.94564       811.38653            5.73        09:09:47        4.20e-02        2.00e+00
       24068587        70.94501       812.38729            5.73        09:09:29        4.20e-02        2.00e+00
       24069553        70.94392       813.38793            5.73        09:09:10        4.20e-02        2.00e+00
DEBUG @ t=24070000: current_coupling=0.042, last=0.042
       24070810        70.94492       814.38897            5.73        09:09:02        4.20e-02        2.00e+00
       24071756        70.94509       815.38914            5.73        09:08:42        4.20e-02        2.00e+00
       24072698        70.94613       816.38975            5.73        09:08:22        4.20e-02        2.00e+00
       24073955        70.95073       817.39067            5.73        09:08:11        4.20e-02        2.00e+00
       24074912        70.95133       818.39123            5.73        09:07:52        4.20e-02        2.00e+00
       24076118        70.95096       819.39166            5.73        09:07:42        4.20e-02        2.00e+00
       24077400        70.95063       820.39178            5.73        09:07:35        4.20e-02        2.00e+00
       24078812        70.95343       821.39194            5.73        09:07:32        4.20e-02        2.00e+00
DEBUG @ t=24080000: current_coupling=0.042, last=0.042
       24080060        70.95509       822.39210            5.73        09:07:22        4.20e-02        2.00e+00
       24081112        70.95459       823.39223            5.73        09:07:07        4.20e-02        2.00e+00
       24082522        70.95429       824.39284            5.73        09:07:04        4.20e-02        2.00e+00
       24083852        70.95710       825.39290            5.73        09:06:58        4.20e-02        2.00e+00
       24084929        70.95834       826.39307            5.73        09:06:42        4.20e-02        2.00e+00
       24086172        70.95873       827.39343            5.72        09:06:33        4.20e-02        2.00e+00
       24087133        70.95800       828.39345            5.72        09:06:15        4.20e-02        2.00e+00
       24088101        70.95739       829.39397            5.73        09:05:56        4.20e-02        2.00e+00
       24089337        70.95755       830.39461            5.72        09:05:47        4.20e-02        2.00e+00
DEBUG @ t=24090000: current_coupling=0.042, last=0.042
       24090762        70.95745       831.39484            5.72        09:05:45        4.20e-02        2.00e+00
       24091855        70.95693       832.39536            5.72        09:05:31        4.20e-02        2.00e+00
       24093152        70.95779       833.39544            5.72        09:05:23        4.20e-02        2.00e+00
       24094536        70.95826       834.39545            5.72        09:05:19        4.20e-02        2.00e+00
       24095880        70.95874       835.39547            5.72        09:05:14        4.20e-02        2.00e+00
       24097047        70.95896       836.39591            5.72        09:05:02        4.20e-02        2.00e+00
       24098340        70.95868       837.39602            5.71        09:04:55        4.20e-02        2.00e+00
       24099660        70.95670       838.39611            5.71        09:04:50        4.20e-02        2.00e+00
DEBUG @ t=24100000: current_coupling=0.042, last=0.042
[HDF5 Writer DEBUG] timestep=24100000, current_time_ps=838.702, last_output_time=838.7010561080632, write_count=80129
       24100716        70.95668       839.39612            5.71        09:04:34        4.20e-02        2.00e+00
       24101740        70.95643       840.39674            5.71        09:04:18        4.20e-02        2.00e+00
       24103005        70.95612       841.39674            5.71        09:04:09        4.20e-02        2.00e+00
       24104213        70.95617       842.39693            5.71        09:03:59        4.20e-02        2.00e+00
       24105219        70.95564       843.39694            5.71        09:03:42        4.20e-02        2.00e+00
       24106322        70.95513       844.39753            5.71        09:03:28        4.20e-02        2.00e+00
       24107420        70.95473       845.39822            5.71        09:03:14        4.20e-02        2.00e+00
       24108392        70.94996       846.39881            5.71        09:02:57        4.20e-02        2.00e+00
       24109452        70.95037       847.39887            5.71        09:02:42        4.20e-02        2.00e+00
DEBUG @ t=24110000: current_coupling=0.042, last=0.042
       24110666        70.95236       848.39924            5.71        09:02:31        4.20e-02        2.00e+00
       24111808        70.95371       849.39983            5.71        09:02:17        4.20e-02        2.00e+00
       24112804        70.95546       850.40002            5.71        09:01:58        4.20e-02        2.00e+00
       24113797        70.95627       851.40051            5.71        09:01:40        4.20e-02        2.00e+00
       24114954        70.95651       852.40055            5.71        09:01:28        4.20e-02        2.00e+00
       24116028        70.95601       853.40104            5.71        09:01:13        4.20e-02        2.00e+00
       24117044        70.95630       854.40164            5.71        09:00:56        4.20e-02        2.00e+00
       24118088        70.95629       855.40226            5.71        09:00:39        4.20e-02        2.00e+00
       24119241        70.95638       856.40283            5.71        09:00:27        4.20e-02        2.00e+00
DEBUG @ t=24120000: current_coupling=0.042, last=0.042
       24120221        70.95668       857.40332            5.71        09:00:08        4.20e-02        2.00e+00
       24121293        70.95627       858.40360            5.71        08:59:53        4.20e-02        2.00e+00
       24122301        70.95634       859.40406            5.71        08:59:36        4.20e-02        2.00e+00
       24123284        70.95667       860.40439            5.71        08:59:18        4.20e-02        2.00e+00
       24124303        70.95589       861.40522            5.71        08:59:01        4.20e-02        2.00e+00
       24125380        70.95571       862.40542            5.71        08:58:46        4.20e-02        2.00e+00
       24126491        70.95543       863.40545            5.71        08:58:32        4.20e-02        2.00e+00
       24127483        70.95462       864.40581            5.71        08:58:15        4.20e-02        2.00e+00
       24128670        70.95397       865.40608            5.71        08:58:04        4.20e-02        2.00e+00
       24129814        70.95433       866.40639            5.71        08:57:51        4.20e-02        2.00e+00
DEBUG @ t=24130000: current_coupling=0.042, last=0.042
       24130894        70.95601       867.40698            5.71        08:57:35        4.20e-02        2.00e+00
       24131817        70.95627       868.40767            5.71        08:57:15        4.20e-02        2.00e+00
       24132755        70.95615       869.40787            5.71        08:56:55        4.20e-02        2.00e+00
       24133718        70.95574       870.40793            5.71        08:56:36        4.20e-02        2.00e+00
       24134701        70.95503       871.40836            5.72        08:56:18        4.20e-02        2.00e+00
       24135794        70.95580       872.40900            5.72        08:56:04        4.20e-02        2.00e+00
       24136809        70.95674       873.41006            5.72        08:55:46        4.20e-02        2.00e+00
       24137713        70.95657       874.41084            5.72        08:55:25        4.20e-02        2.00e+00
       24138645        70.95689       875.41180            5.72        08:55:05        4.20e-02        2.00e+00
       24139598        70.95696       876.41234            5.72        08:54:46        4.20e-02        2.00e+00
DEBUG @ t=24140000: current_coupling=0.042, last=0.042
       24140531        70.95649       877.41259            5.72        08:54:26        4.20e-02        2.00e+00
       24141552        70.95591       878.41300            5.72        08:54:10        4.20e-02        2.00e+00
       24142595        70.95551       879.41329            5.72        08:53:54        4.20e-02        2.00e+00
       24143708        70.95524       880.41330            5.72        08:53:40        4.20e-02        2.00e+00
       24144665        70.95484       881.41370            5.72        08:53:21        4.20e-02        2.00e+00
       24145689        70.95398       882.41463            5.72        08:53:05        4.20e-02        2.00e+00
       24146670        70.95303       883.41546            5.72        08:52:47        4.20e-02        2.00e+00
       24147727        70.95215       884.41606            5.72        08:52:32        4.20e-02        2.00e+00
       24148757        70.95143       885.41638            5.72        08:52:16        4.20e-02        2.00e+00
       24149718        70.95057       886.41679            5.72        08:51:57        4.20e-02        2.00e+00
DEBUG @ t=24150000: current_coupling=0.042, last=0.042
       24150841        70.95040       887.41731            5.72        08:51:44        4.20e-02        2.00e+00
       24151799        70.95023       888.41785            5.72        08:51:25        4.20e-02        2.00e+00
       24152750        70.95024       889.41814            5.72        08:51:06        4.20e-02        2.00e+00
       24153745        70.94965       890.41873            5.72        08:50:48        4.20e-02        2.00e+00
       24154815        70.94992       891.41929            5.72        08:50:33        4.20e-02        2.00e+00
       24155799        70.95207       892.41945            5.72        08:50:14        4.20e-02        2.00e+00
       24156898        70.95248       893.42028            5.72        08:50:00        4.20e-02        2.00e+00
       24157947        70.95214       894.42067            5.72        08:49:44        4.20e-02        2.00e+00
       24158943        70.95182       895.42123            5.72        08:49:27        4.20e-02        2.00e+00
DEBUG @ t=24160000: current_coupling=0.042, last=0.042
       24160043        70.95207       896.42191            5.72        08:49:12        4.20e-02        2.00e+00
       24161110        70.95239       897.42215            5.72        08:48:57        4.20e-02        2.00e+00
       24162153        70.95213       898.42252            5.72        08:48:41        4.20e-02        2.00e+00
       24163195        70.95147       899.42283            5.72        08:48:25        4.20e-02        2.00e+00
       24164339        70.95330       900.42290            5.72        08:48:12        4.20e-02        2.00e+00
       24165429        70.95275       901.42361            5.72        08:47:57        4.20e-02        2.00e+00
       24166537        70.95314       902.42427            5.72        08:47:43        4.20e-02        2.00e+00
       24167577        70.95348       903.42515            5.72        08:47:27        4.20e-02        2.00e+00
       24168706        70.95324       904.42584            5.72        08:47:14        4.20e-02        2.00e+00
       24169739        70.95318       905.42604            5.72        08:46:58        4.20e-02        2.00e+00
DEBUG @ t=24170000: current_coupling=0.042, last=0.042
       24170691        70.95292       906.42692            5.72        08:46:39        4.20e-02        2.00e+00
       24171743        70.95266       907.42771            5.72        08:46:23        4.20e-02        2.00e+00
       24172825        70.95209       908.42802            5.72        08:46:09        4.20e-02        2.00e+00
       24173819        70.95230       909.42818            5.72        08:45:51        4.20e-02        2.00e+00
       24174905        70.95270       910.42852            5.72        08:45:36        4.20e-02        2.00e+00
       24175860        70.95263       911.42930            5.73        08:45:17        4.20e-02        2.00e+00
       24176897        70.95256       912.42937            5.73        08:45:01        4.20e-02        2.00e+00
       24177976        70.95290       913.43021            5.73        08:44:46        4.20e-02        2.00e+00
       24179046        70.95306       914.43041            5.73        08:44:31        4.20e-02        2.00e+00
DEBUG @ t=24180000: current_coupling=0.042, last=0.042
       24180016        70.95289       915.43072            5.73        08:44:13        4.20e-02        2.00e+00
       24180973        70.95280       916.43152            5.73        08:43:54        4.20e-02        2.00e+00
       24182002        70.95283       917.43209            5.73        08:43:37        4.20e-02        2.00e+00
       24182992        70.95449       918.43227            5.73        08:43:19        4.20e-02        2.00e+00
       24184061        70.95728       919.43285            5.73        08:43:03        4.20e-02        2.00e+00
       24185136        70.95812       920.43301            5.73        08:42:47        4.20e-02        2.00e+00
       24186221        70.95825       921.43360            5.73        08:42:33        4.20e-02        2.00e+00
       24187255        70.95847       922.43391            5.73        08:42:16        4.20e-02        2.00e+00
       24188322        70.95831       923.43396            5.73        08:42:01        4.20e-02        2.00e+00
       24189303        70.95561       924.43478            5.73        08:41:44        4.20e-02        2.00e+00
DEBUG @ t=24190000: current_coupling=0.042, last=0.042
       24190241        70.95498       925.43493            5.73        08:41:25        4.20e-02        2.00e+00
       24191238        70.95483       926.43522            5.73        08:41:08        4.20e-02        2.00e+00
       24192265        70.95433       927.43567            5.73        08:40:52        4.20e-02        2.00e+00
       24193270        70.95418       928.43580            5.73        08:40:35        4.20e-02        2.00e+00
       24194305        70.95336       929.43646            5.73        08:40:19        4.20e-02        2.00e+00
       24195326        70.95377       930.43677            5.73        08:40:02        4.20e-02        2.00e+00
       24196337        70.95352       931.43722            5.73        08:39:45        4.20e-02        2.00e+00
       24197389        70.95272       932.43754            5.73        08:39:30        4.20e-02        2.00e+00
       24198387        70.95373       933.43850            5.73        08:39:12        4.20e-02        2.00e+00
       24199356        70.95434       934.43878            5.73        08:38:54        4.20e-02        2.00e+00
DEBUG @ t=24200000: current_coupling=0.042, last=0.042
[HDF5 Writer DEBUG] timestep=24200000, current_time_ps=935.096, last_output_time=935.0874308301057, write_count=89324
       24200344        70.95345       935.43966            5.73        08:38:36        4.20e-02        2.00e+00
       24201320        70.95308       936.43981            5.73        08:38:19        4.20e-02        2.00e+00
       24202330        70.95277       937.44058            5.73        08:38:02        4.20e-02        2.00e+00
       24203348        70.95241       938.44099            5.73        08:37:45        4.20e-02        2.00e+00
       24204430        70.95165       939.44130            5.73        08:37:31        4.20e-02        2.00e+00
       24205498        70.95144       940.44162            5.73        08:37:16        4.20e-02        2.00e+00
       24206532        70.95102       941.44198            5.73        08:37:00        4.20e-02        2.00e+00
       24207704        70.95105       942.44262            5.73        08:36:48        4.20e-02        2.00e+00
       24208738        70.95083       943.44292            5.73        08:36:32        4.20e-02        2.00e+00
       24209857        70.95008       944.44338            5.73        08:36:19        4.20e-02        2.00e+00
DEBUG @ t=24210000: current_coupling=0.042, last=0.042
       24210915        70.94945       945.44342            5.73        08:36:04        4.20e-02        2.00e+00
       24211872        70.94867       946.44360            5.73        08:35:45        4.20e-02        2.00e+00
       24212759        70.94760       947.44462            5.73        08:35:25        4.20e-02        2.00e+00
       24213666        70.94674       948.44573            5.74        08:35:05        4.20e-02        2.00e+00
       24214776        70.94628       949.44627            5.74        08:34:52        4.20e-02        2.00e+00
       24215718        70.94513       950.44639            5.74        08:34:33        4.20e-02        2.00e+00
       24216826        70.94443       951.44678            5.74        08:34:20        4.20e-02        2.00e+00
       24217776        70.94440       952.44750            5.74        08:34:01        4.20e-02        2.00e+00
       24218743        70.94403       953.44754            5.74        08:33:43        4.20e-02        2.00e+00
       24219712        70.94331       954.44777            5.74        08:33:25        4.20e-02        2.00e+00
DEBUG @ t=24220000: current_coupling=0.042, last=0.042
       24220658        70.94239       955.44867            5.74        08:33:07        4.20e-02        2.00e+00
       24221661        70.94326       956.44928            5.74        08:32:50        4.20e-02        2.00e+00
       24222772        70.94529       957.44988            5.74        08:32:35        4.20e-02        2.00e+00
       24223808        70.94524       958.45042            5.74        08:32:19        4.20e-02        2.00e+00
       24224785        70.94448       959.45084            5.74        08:32:01        4.20e-02        2.00e+00
       24225789        70.94149       960.45140            5.74        08:31:46        4.20e-02        2.00e+00
       24226755        70.94056       961.45225            5.74        08:31:28        4.20e-02        2.00e+00
       24227755        70.93829       962.45252            5.74        08:31:12        4.20e-02        2.00e+00
       24228709        70.93807       963.45318            5.74        08:30:53        4.20e-02        2.00e+00
       24229754        70.94023       964.45342            5.74        08:30:37        4.20e-02        2.00e+00
DEBUG @ t=24230000: current_coupling=0.042, last=0.042
       24230699        70.94032       965.45421            5.74        08:30:18        4.20e-02        2.00e+00
       24231624        70.93947       966.45472            5.74        08:29:59        4.20e-02        2.00e+00
       24232627        70.93867       967.45510            5.74        08:29:42        4.20e-02        2.00e+00
       24233709        70.93789       968.45556            5.74        08:29:28        4.20e-02        2.00e+00
       24234617        70.93686       969.45623            5.74        08:29:09        4.20e-02        2.00e+00
       24235641        70.93582       970.45661            5.74        08:28:53        4.20e-02        2.00e+00
       24236658        70.93496       971.45732            5.74        08:28:37        4.20e-02        2.00e+00
       24237681        70.93442       972.45786            5.74        08:28:21        4.20e-02        2.00e+00
       24238595        70.93338       973.45826            5.74        08:28:01        4.20e-02        2.00e+00
       24239456        70.93222       974.45870            5.75        08:27:41        4.20e-02        2.00e+00
DEBUG @ t=24240000: current_coupling=0.042, last=0.042
       24240336        70.93110       975.45903            5.75        08:27:21        4.20e-02        2.00e+00
       24241231        70.93006       976.45920            5.75        08:27:01        4.20e-02        2.00e+00
       24242119        70.92877       977.45976            5.75        08:26:42        4.20e-02        2.00e+00
       24243053        70.92763       978.46022            5.75        08:26:23        4.20e-02        2.00e+00
       24244105        70.92690       979.46080            5.75        08:26:08        4.20e-02        2.00e+00
       24245072        70.92599       980.46102            5.75        08:25:50        4.20e-02        2.00e+00
       24246023        70.92510       981.46182            5.75        08:25:32        4.20e-02        2.00e+00
       24246970        70.92488       982.46192            5.75        08:25:14        4.20e-02        2.00e+00
       24247927        70.92488       983.46258            5.75        08:24:56        4.20e-02        2.00e+00
       24248946        70.92425       984.46357            5.75        08:24:40        4.20e-02        2.00e+00
       24249848        70.92386       985.46387            5.75        08:24:20        4.20e-02        2.00e+00
DEBUG @ t=24250000: current_coupling=0.042, last=0.042
       24250857        70.92350       986.46411            5.75        08:24:04        4.20e-02        2.00e+00
       24251887        70.92316       987.46425            5.75        08:23:48        4.20e-02        2.00e+00
       24252897        70.92299       988.46491            5.75        08:23:31        4.20e-02        2.00e+00
       24253916        70.92311       989.46568            5.75        08:23:15        4.20e-02        2.00e+00
       24254865        70.92268       990.46604            5.75        08:22:57        4.20e-02        2.00e+00
       24255874        70.92315       991.46656            5.75        08:22:40        4.20e-02        2.00e+00
       24256928        70.92354       992.46687            5.75        08:22:24        4.20e-02        2.00e+00
       24257941        70.92325       993.46759            5.75        08:22:08        4.20e-02        2.00e+00
       24258960        70.92318       994.46844            5.75        08:21:51        4.20e-02        2.00e+00
       24259985        70.92505       995.46926            5.75        08:21:34        4.20e-02        2.00e+00
DEBUG @ t=24260000: current_coupling=0.042, last=0.042
       24260941        70.92547       996.46958            5.76        08:21:16        4.20e-02        2.00e+00
       24262009        70.92548       997.46974            5.76        08:21:01        4.20e-02        2.00e+00
       24263042        70.92598       998.47069            5.76        08:20:45        4.20e-02        2.00e+00
       24264027        70.92596       999.47072            5.76        08:20:28        4.20e-02        2.00e+00
Added F(k,t) reference 5 at t = 1000.003 ps
       24264965        70.92530      1000.47088            5.76        08:20:10        4.20e-02        2.00e+00
       24265893        70.92481      1001.47117            5.76        08:19:51        4.20e-02        2.00e+00
       24266951        70.92435      1002.47167            5.76        08:19:36        4.20e-02        2.00e+00
       24267959        70.92174      1003.47263            5.76        08:19:20        4.20e-02        2.00e+00
       24269014        70.92091      1004.47325            5.76        08:19:05        4.20e-02        2.00e+00
DEBUG @ t=24270000: current_coupling=0.042, last=0.042
       24270122        70.92007      1005.47385            5.76        08:18:52        4.20e-02        2.00e+00
       24271199        70.91985      1006.47413            5.76        08:18:37        4.20e-02        2.00e+00
       24272240        70.91961      1007.47447            5.76        08:18:22        4.20e-02        2.00e+00
       24273258        70.91924      1008.47483            5.76        08:18:06        4.20e-02        2.00e+00
       24274259        70.91847      1009.47489            5.76        08:17:49        4.20e-02        2.00e+00
       24275323        70.91820      1010.47499            5.76        08:17:34        4.20e-02        2.00e+00
       24276406        70.91725      1011.47568            5.76        08:17:20        4.20e-02        2.00e+00
       24277448        70.91650      1012.47617            5.76        08:17:05        4.20e-02        2.00e+00
       24278474        70.91645      1013.47636            5.76        08:16:49        4.20e-02        2.00e+00
       24279411        70.91547      1014.47690            5.76        08:16:31        4.20e-02        2.00e+00
DEBUG @ t=24280000: current_coupling=0.042, last=0.042
       24280319        70.91473      1015.47783            5.76        08:16:12        4.20e-02        2.00e+00
       24281268        70.91394      1016.47871            5.76        08:15:54        4.20e-02        2.00e+00
       24282258        70.91336      1017.47933            5.76        08:15:37        4.20e-02        2.00e+00
       24283265        70.91365      1018.47963            5.76        08:15:20        4.20e-02        2.00e+00
       24284298        70.91490      1019.47964            5.76        08:15:04        4.20e-02        2.00e+00
       24285308        70.91533      1020.47981            5.76        08:14:47        4.20e-02        2.00e+00
       24286299        70.91445      1021.48021            5.76        08:14:31        4.20e-02        2.00e+00
       24287322        70.91358      1022.48090            5.76        08:14:15        4.20e-02        2.00e+00
       24288320        70.91314      1023.48154            5.76        08:13:58        4.20e-02        2.00e+00
       24289305        70.91319      1024.48217            5.76        08:13:41        4.20e-02        2.00e+00
DEBUG @ t=24290000: current_coupling=0.042, last=0.042
       24290279        70.91261      1025.48289            5.76        08:13:24        4.20e-02        2.00e+00
       24291236        70.91206      1026.48342            5.76        08:13:06        4.20e-02        2.00e+00
       24292290        70.91156      1027.48424            5.76        08:12:51        4.20e-02        2.00e+00
       24293341        70.91100      1028.48440            5.76        08:12:36        4.20e-02        2.00e+00
       24294329        70.91062      1029.48487            5.76        08:12:19        4.20e-02        2.00e+00
       24295337        70.91002      1030.48554            5.76        08:12:03        4.20e-02        2.00e+00
       24296387        70.90971      1031.48633            5.76        08:11:48        4.20e-02        2.00e+00
       24297416        70.90923      1032.48647            5.76        08:11:32        4.20e-02        2.00e+00
       24298484        70.90925      1033.48697            5.76        08:11:17        4.20e-02        2.00e+00
       24299537        70.90905      1034.48715            5.76        08:11:02        4.20e-02        2.00e+00
DEBUG @ t=24300000: current_coupling=0.042, last=0.042
[HDF5 Writer DEBUG] timestep=24300000, current_time_ps=1034.918, last_output_time=1034.9154463854113, write_count=98803
       24300638        70.91017      1035.48743            5.76        08:10:47        4.20e-02        2.00e+00
       24301661        70.90943      1036.48838            5.76        08:10:32        4.20e-02        2.00e+00
       24302789        70.90986      1037.48877            5.76        08:10:18        4.20e-02        2.00e+00
       24303752        70.90946      1038.48921            5.76        08:10:01        4.20e-02        2.00e+00
       24304769        70.90878      1039.48991            5.76        08:09:45        4.20e-02        2.00e+00
       24305881        70.90857      1040.49013            5.76        08:09:31        4.20e-02        2.00e+00
       24306941        70.90809      1041.49061            5.76        08:09:16        4.20e-02        2.00e+00
       24307997        70.90752      1042.49106            5.76        08:09:01        4.20e-02        2.00e+00
       24309033        70.90722      1043.49142            5.76        08:08:46        4.20e-02        2.00e+00
DEBUG @ t=24310000: current_coupling=0.042, last=0.042
       24310031        70.90651      1044.49176            5.76        08:08:29        4.20e-02        2.00e+00
       24311010        70.90621      1045.49189            5.76        08:08:12        4.20e-02        2.00e+00
       24312056        70.90623      1046.49268            5.76        08:07:57        4.20e-02        2.00e+00
       24313106        70.90529      1047.49328            5.76        08:07:42        4.20e-02        2.00e+00
       24314143        70.90445      1048.49380            5.77        08:07:26        4.20e-02        2.00e+00
       24315192        70.90357      1049.49436            5.77        08:07:11        4.20e-02        2.00e+00
       24316197        70.90298      1050.49460            5.77        08:06:55        4.20e-02        2.00e+00
       24317187        70.90222      1051.49463            5.77        08:06:39        4.20e-02        2.00e+00
       24318191        70.90186      1052.49466            5.77        08:06:22        4.20e-02        2.00e+00
       24319224        70.90156      1053.49487            5.77        08:06:07        4.20e-02        2.00e+00
DEBUG @ t=24320000: current_coupling=0.042, last=0.042
       24320271        70.90122      1054.49573            5.77        08:05:51        4.20e-02        2.00e+00
       24321284        70.90111      1055.49635            5.77        08:05:35        4.20e-02        2.00e+00
       24322297        70.90043      1056.49643            5.77        08:05:19        4.20e-02        2.00e+00
       24323378        70.89942      1057.49657            5.77        08:05:05        4.20e-02        2.00e+00
       24324426        70.89883      1058.49663            5.77        08:04:50        4.20e-02        2.00e+00
       24325443        70.89831      1059.49731            5.77        08:04:34        4.20e-02        2.00e+00
       24326395        70.89762      1060.49751            5.77        08:04:16        4.20e-02        2.00e+00
       24327381        70.89683      1061.49817            5.77        08:04:00        4.20e-02        2.00e+00
       24328387        70.89615      1062.49853            5.77        08:03:44        4.20e-02        2.00e+00
       24329358        70.89537      1063.49903            5.77        08:03:27        4.20e-02        2.00e+00
DEBUG @ t=24330000: current_coupling=0.042, last=0.042
       24330285        70.89515      1064.49973            5.77        08:03:08        4.20e-02        2.00e+00
       24331222        70.89443      1065.50026            5.77        08:02:50        4.20e-02        2.00e+00
       24332193        70.89393      1066.50039            5.77        08:02:33        4.20e-02        2.00e+00
       24333219        70.89338      1067.50046            5.77        08:02:17        4.20e-02        2.00e+00
       24334262        70.89369      1068.50139            5.77        08:02:02        4.20e-02        2.00e+00
       24335229        70.89321      1069.50173            5.77        08:01:45        4.20e-02        2.00e+00
       24336185        70.89365      1070.50229            5.77        08:01:27        4.20e-02        2.00e+00
       24337194        70.89496      1071.50237            5.77        08:01:10        4.20e-02        2.00e+00
       24338267        70.89561      1072.50245            5.77        08:00:55        4.20e-02        2.00e+00
       24339272        70.89551      1073.50339            5.77        08:00:39        4.20e-02        2.00e+00
DEBUG @ t=24340000: current_coupling=0.042, last=0.042
       24340376        70.89529      1074.50378            5.77        08:00:25        4.20e-02        2.00e+00
       24341528        70.89536      1075.50408            5.77        08:00:12        4.20e-02        2.00e+00
       24342583        70.89496      1076.50437            5.77        07:59:57        4.20e-02        2.00e+00
       24343563        70.89429      1077.50529            5.77        07:59:40        4.20e-02        2.00e+00
       24344577        70.89361      1078.50530            5.77        07:59:24        4.20e-02        2.00e+00
       24345674        70.89416      1079.50567            5.77        07:59:10        4.20e-02        2.00e+00
       24346766        70.89404      1080.50576            5.77        07:58:56        4.20e-02        2.00e+00
       24347811        70.89443      1081.50663            5.77        07:58:40        4.20e-02        2.00e+00
       24348846        70.89408      1082.50720            5.77        07:58:25        4.20e-02        2.00e+00
       24349873        70.89403      1083.50767            5.77        07:58:09        4.20e-02        2.00e+00
DEBUG @ t=24350000: current_coupling=0.042, last=0.042
       24350875        70.89538      1084.50807            5.77        07:57:52        4.20e-02        2.00e+00
       24351878        70.89494      1085.50888            5.77        07:57:36        4.20e-02        2.00e+00
       24352947        70.89513      1086.50957            5.77        07:57:21        4.20e-02        2.00e+00
       24353929        70.89605      1087.50986            5.77        07:57:04        4.20e-02        2.00e+00
       24354903        70.89576      1088.51039            5.77        07:56:47        4.20e-02        2.00e+00
       24355880        70.89499      1089.51041            5.77        07:56:30        4.20e-02        2.00e+00
       24356937        70.89440      1090.51118            5.77        07:56:15        4.20e-02        2.00e+00
       24357976        70.89421      1091.51121            5.77        07:56:00        4.20e-02        2.00e+00
       24358928        70.89440      1092.51158            5.77        07:55:42        4.20e-02        2.00e+00
       24359946        70.89595      1093.51206            5.77        07:55:25        4.20e-02        2.00e+00
DEBUG @ t=24360000: current_coupling=0.042, last=0.042
       24360980        70.89829      1094.51272            5.77        07:55:09        4.20e-02        2.00e+00
       24361989        70.89929      1095.51284            5.78        07:54:52        4.20e-02        2.00e+00
       24362990        70.89936      1096.51295            5.78        07:54:35        4.20e-02        2.00e+00
       24363989        70.89898      1097.51374            5.78        07:54:19        4.20e-02        2.00e+00
       24364954        70.89855      1098.51479            5.78        07:54:02        4.20e-02        2.00e+00
       24365890        70.89817      1099.51546            5.78        07:53:44        4.20e-02        2.00e+00
       24366904        70.89776      1100.51556            5.78        07:53:28        4.20e-02        2.00e+00
       24367939        70.89749      1101.51629            5.78        07:53:13        4.20e-02        2.00e+00
       24368879        70.89671      1102.51647            5.78        07:52:55        4.20e-02        2.00e+00
       24369836        70.89596      1103.51717            5.78        07:52:38        4.20e-02        2.00e+00
DEBUG @ t=24370000: current_coupling=0.042, last=0.042
       24370675        70.89544      1104.51799            5.78        07:52:18        4.20e-02        2.00e+00
       24371556        70.89506      1105.51887            5.78        07:51:59        4.20e-02        2.00e+00
       24372497        70.89472      1106.51980            5.78        07:51:41        4.20e-02        2.00e+00
       24373448        70.89449      1107.52056            5.78        07:51:23        4.20e-02        2.00e+00
       24374391        70.89462      1108.52146            5.78        07:51:06        4.20e-02        2.00e+00
       24375341        70.89389      1109.52185            5.78        07:50:48        4.20e-02        2.00e+00
       24376335        70.89334      1110.52270            5.78        07:50:32        4.20e-02        2.00e+00
       24377382        70.89301      1111.52317            5.78        07:50:17        4.20e-02        2.00e+00
       24378402        70.89231      1112.52371            5.78        07:50:01        4.20e-02        2.00e+00
       24379397        70.89197      1113.52393            5.78        07:49:45        4.20e-02        2.00e+00
DEBUG @ t=24380000: current_coupling=0.042, last=0.042
       24380391        70.89158      1114.52412            5.78        07:49:28        4.20e-02        2.00e+00
       24381365        70.89081      1115.52502            5.78        07:49:12        4.20e-02        2.00e+00
       24382312        70.89009      1116.52590            5.78        07:48:54        4.20e-02        2.00e+00
       24383255        70.88954      1117.52626            5.78        07:48:37        4.20e-02        2.00e+00
       24384217        70.88891      1118.52627            5.78        07:48:20        4.20e-02        2.00e+00
       24385189        70.88904      1119.52692            5.79        07:48:03        4.20e-02        2.00e+00
       24386141        70.88921      1120.52721            5.79        07:47:45        4.20e-02        2.00e+00
       24387089        70.88881      1121.52823            5.79        07:47:28        4.20e-02        2.00e+00
       24388069        70.88893      1122.52847            5.79        07:47:11        4.20e-02        2.00e+00
       24389026        70.88871      1123.52887            5.79        07:46:54        4.20e-02        2.00e+00
       24389915        70.88856      1124.52938            5.79        07:46:35        4.20e-02        2.00e+00
DEBUG @ t=24390000: current_coupling=0.042, last=0.042
       24390792        70.88839      1125.53045            5.79        07:46:16        4.20e-02        2.00e+00
       24391671        70.88976      1126.53158            5.79        07:45:56        4.20e-02        2.00e+00
       24392696        70.89093      1127.53206            5.79        07:45:40        4.20e-02        2.00e+00
       24393613        70.89119      1128.53274            5.79        07:45:22        4.20e-02        2.00e+00
       24394522        70.89122      1129.53284            5.79        07:45:03        4.20e-02        2.00e+00
       24395518        70.89085      1130.53341            5.79        07:44:47        4.20e-02        2.00e+00
       24396471        70.89045      1131.53371            5.79        07:44:30        4.20e-02        2.00e+00
       24397489        70.89006      1132.53465            5.79        07:44:14        4.20e-02        2.00e+00
       24398478        70.88993      1133.53538            5.79        07:43:58        4.20e-02        2.00e+00
       24399386        70.88996      1134.53604            5.79        07:43:39        4.20e-02        2.00e+00
DEBUG @ t=24400000: current_coupling=0.042, last=0.042
[HDF5 Writer DEBUG] timestep=24400000, current_time_ps=1135.194, last_output_time=1135.1844219632846, write_count=108357
       24400354        70.89071      1135.53617            5.79        07:43:22        4.20e-02        2.00e+00
       24401350        70.89179      1136.53620            5.79        07:43:05        4.20e-02        2.00e+00
       24402293        70.89113      1137.53622            5.79        07:42:48        4.20e-02        2.00e+00
       24403225        70.89062      1138.53684            5.80        07:42:30        4.20e-02        2.00e+00
       24404159        70.89072      1139.53734            5.80        07:42:12        4.20e-02        2.00e+00
       24405073        70.88990      1140.53811            5.80        07:41:54        4.20e-02        2.00e+00
       24406018        70.88943      1141.53811            5.80        07:41:37        4.20e-02        2.00e+00
       24407087        70.88920      1142.53816            5.80        07:41:23        4.20e-02        2.00e+00
       24408016        70.88939      1143.53927            5.80        07:41:05        4.20e-02        2.00e+00
       24408936        70.88928      1144.53985            5.80        07:40:47        4.20e-02        2.00e+00
DEBUG @ t=24410000: current_coupling=0.042, last=0.042
       24410076        70.88948      1145.54057            5.80        07:40:34        4.20e-02        2.00e+00
       24411153        70.88917      1146.54088            5.80        07:40:19        4.20e-02        2.00e+00
       24412163        70.88880      1147.54172            5.80        07:40:03        4.20e-02        2.00e+00
       24413232        70.88848      1148.54208            5.80        07:39:49        4.20e-02        2.00e+00
       24414232        70.88845      1149.54289            5.80        07:39:33        4.20e-02        2.00e+00
       24415236        70.88827      1150.54364            5.80        07:39:17        4.20e-02        2.00e+00
       24416202        70.88831      1151.54376            5.80        07:39:00        4.20e-02        2.00e+00
       24417111        70.88825      1152.54453            5.80        07:38:42        4.20e-02        2.00e+00
       24418078        70.88792      1153.54486            5.80        07:38:25        4.20e-02        2.00e+00
       24419106        70.88747      1154.54494            5.80        07:38:09        4.20e-02        2.00e+00
DEBUG @ t=24420000: current_coupling=0.042, last=0.042
       24420069        70.88722      1155.54553            5.80        07:37:52        4.20e-02        2.00e+00
       24420998        70.88643      1156.54557            5.80        07:37:35        4.20e-02        2.00e+00
       24421981        70.88626      1157.54604            5.80        07:37:19        4.20e-02        2.00e+00
       24422861        70.88541      1158.54626            5.80        07:37:00        4.20e-02        2.00e+00
       24423843        70.88534      1159.54711            5.80        07:36:43        4.20e-02        2.00e+00
       24424852        70.88514      1160.54757            5.80        07:36:28        4.20e-02        2.00e+00
       24425836        70.88559      1161.54777            5.80        07:36:11        4.20e-02        2.00e+00
       24426887        70.88593      1162.54819            5.80        07:35:56        4.20e-02        2.00e+00
       24427919        70.88538      1163.54839            5.80        07:35:41        4.20e-02        2.00e+00
       24428940        70.88506      1164.54930            5.80        07:35:25        4.20e-02        2.00e+00
DEBUG @ t=24430000: current_coupling=0.042, last=0.042
       24430001        70.88511      1165.54954            5.80        07:35:10        4.20e-02        2.00e+00
       24431058        70.88523      1166.54977            5.80        07:34:55        4.20e-02        2.00e+00
       24432056        70.88490      1167.55045            5.80        07:34:39        4.20e-02        2.00e+00
       24433057        70.88471      1168.55088            5.80        07:34:23        4.20e-02        2.00e+00
       24434112        70.88491      1169.55170            5.80        07:34:08        4.20e-02        2.00e+00
       24435167        70.88520      1170.55176            5.80        07:33:53        4.20e-02        2.00e+00
       24436128        70.88484      1171.55206            5.80        07:33:36        4.20e-02        2.00e+00
       24437079        70.88429      1172.55296            5.80        07:33:19        4.20e-02        2.00e+00
       24438066        70.88446      1173.55369            5.81        07:33:03        4.20e-02        2.00e+00
       24439075        70.88426      1174.55396            5.81        07:32:47        4.20e-02        2.00e+00
DEBUG @ t=24440000: current_coupling=0.042, last=0.042
       24440039        70.88362      1175.55422            5.81        07:32:30        4.20e-02        2.00e+00
       24441011        70.88314      1176.55444            5.81        07:32:14        4.20e-02        2.00e+00
       24442031        70.88320      1177.55536            5.81        07:31:58        4.20e-02        2.00e+00
       24443031        70.88331      1178.55548            5.81        07:31:42        4.20e-02        2.00e+00
       24444053        70.88342      1179.55594            5.81        07:31:26        4.20e-02        2.00e+00
       24445072        70.88374      1180.55630            5.81        07:31:11        4.20e-02        2.00e+00
       24446017        70.88412      1181.55678            5.81        07:30:53        4.20e-02        2.00e+00
       24447013        70.88486      1182.55682            5.81        07:30:37        4.20e-02        2.00e+00
       24447979        70.88460      1183.55698            5.81        07:30:20        4.20e-02        2.00e+00
       24449010        70.88438      1184.55758            5.81        07:30:05        4.20e-02        2.00e+00
DEBUG @ t=24450000: current_coupling=0.042, last=0.042
       24450023        70.88467      1185.55789            5.81        07:29:49        4.20e-02        2.00e+00
       24451142        70.88573      1186.55835            5.81        07:29:35        4.20e-02        2.00e+00
       24452238        70.88521      1187.55879            5.81        07:29:21        4.20e-02        2.00e+00
       24453317        70.88491      1188.55917            5.81        07:29:07        4.20e-02        2.00e+00
       24454283        70.88477      1189.55943            5.81        07:28:50        4.20e-02        2.00e+00
       24455158        70.88451      1190.55995            5.81        07:28:32        4.20e-02        2.00e+00
       24456043        70.88425      1191.56019            5.81        07:28:13        4.20e-02        2.00e+00
       24456997        70.88357      1192.56071            5.81        07:27:56        4.20e-02        2.00e+00
       24457978        70.88312      1193.56074            5.81        07:27:40        4.20e-02        2.00e+00
       24459015        70.88344      1194.56089            5.81        07:27:25        4.20e-02        2.00e+00
       24459969        70.88352      1195.56101            5.81        07:27:08        4.20e-02        2.00e+00
DEBUG @ t=24460000: current_coupling=0.042, last=0.042
       24461040        70.88451      1196.56187            5.81        07:26:53        4.20e-02        2.00e+00
       24462078        70.88598      1197.56241            5.81        07:26:37        4.20e-02        2.00e+00
       24463020        70.88540      1198.56342            5.81        07:26:20        4.20e-02        2.00e+00
       24464000        70.88541      1199.56363            5.81        07:26:04        4.20e-02        2.00e+00
Added F(k,t) reference 6 at t = 1200.004 ps
       24465071        70.88546      1200.56456            5.81        07:25:49        4.20e-02        2.00e+00
       24466048        70.88618      1201.56501            5.81        07:25:32        4.20e-02        2.00e+00
       24467017        70.88585      1202.56578            5.81        07:25:16        4.20e-02        2.00e+00
       24468033        70.88567      1203.56663            5.81        07:25:00        4.20e-02        2.00e+00
       24469009        70.88503      1204.56676            5.81        07:24:44        4.20e-02        2.00e+00
DEBUG @ t=24470000: current_coupling=0.042, last=0.042
       24470064        70.88447      1205.56738            5.81        07:24:29        4.20e-02        2.00e+00
       24471062        70.88438      1206.56764            5.81        07:24:13        4.20e-02        2.00e+00
       24472042        70.88467      1207.56773            5.81        07:23:57        4.20e-02        2.00e+00
       24472994        70.88455      1208.56818            5.81        07:23:40        4.20e-02        2.00e+00
       24473989        70.88453      1209.56867            5.81        07:23:24        4.20e-02        2.00e+00
       24475023        70.88438      1210.56927            5.81        07:23:08        4.20e-02        2.00e+00
       24475969        70.88399      1211.56941            5.82        07:22:51        4.20e-02        2.00e+00
       24476931        70.88364      1212.56994            5.82        07:22:35        4.20e-02        2.00e+00
       24477931        70.88321      1213.57042            5.82        07:22:19        4.20e-02        2.00e+00
       24478945        70.88303      1214.57118            5.82        07:22:03        4.20e-02        2.00e+00
       24479933        70.88243      1215.57206            5.82        07:21:47        4.20e-02        2.00e+00
DEBUG @ t=24480000: current_coupling=0.042, last=0.042
       24480991        70.88283      1216.57249            5.82        07:21:32        4.20e-02        2.00e+00
       24482038        70.88323      1217.57322            5.82        07:21:17        4.20e-02        2.00e+00
       24483042        70.88366      1218.57336            5.82        07:21:01        4.20e-02        2.00e+00
       24484068        70.88353      1219.57397            5.82        07:20:46        4.20e-02        2.00e+00
       24485100        70.88361      1220.57437            5.82        07:20:31        4.20e-02        2.00e+00
       24486097        70.88499      1221.57502            5.82        07:20:14        4.20e-02        2.00e+00
       24487117        70.88562      1222.57596            5.82        07:19:58        4.20e-02        2.00e+00
       24488079        70.88552      1223.57598            5.82        07:19:42        4.20e-02        2.00e+00
       24489130        70.88550      1224.57620            5.82        07:19:27        4.20e-02        2.00e+00
DEBUG @ t=24490000: current_coupling=0.042, last=0.042
       24490165        70.88622      1225.57638            5.82        07:19:11        4.20e-02        2.00e+00
       24491227        70.88713      1226.57653            5.82        07:18:56        4.20e-02        2.00e+00
       24492202        70.88763      1227.57694            5.82        07:18:40        4.20e-02        2.00e+00
       24493166        70.88806      1228.57701            5.82        07:18:23        4.20e-02        2.00e+00
       24494243        70.88862      1229.57726            5.82        07:18:08        4.20e-02        2.00e+00
       24495281        70.88817      1230.57733            5.82        07:17:53        4.20e-02        2.00e+00
       24496275        70.88766      1231.57760            5.82        07:17:37        4.20e-02        2.00e+00
       24497225        70.88717      1232.57826            5.82        07:17:21        4.20e-02        2.00e+00
       24498167        70.88679      1233.57849            5.82        07:17:04        4.20e-02        2.00e+00
       24499183        70.88650      1234.57865            5.82        07:16:48        4.20e-02        2.00e+00
DEBUG @ t=24500000: current_coupling=0.042, last=0.042
[HDF5 Writer DEBUG] timestep=24500000, current_time_ps=1235.376, last_output_time=1235.3731131586546, write_count=117924
       24500180        70.88597      1235.57867            5.82        07:16:32        4.20e-02        2.00e+00
       24501130        70.88565      1236.57936            5.82        07:16:16        4.20e-02        2.00e+00
       24502200        70.88641      1237.58019            5.82        07:16:01        4.20e-02        2.00e+00
       24503214        70.88720      1238.58111            5.82        07:15:45        4.20e-02        2.00e+00
       24504182        70.88738      1239.58198            5.82        07:15:28        4.20e-02        2.00e+00
       24505130        70.88730      1240.58264            5.82        07:15:11        4.20e-02        2.00e+00
       24506023        70.88730      1241.58363            5.82        07:14:53        4.20e-02        2.00e+00
       24506970        70.88685      1242.58371            5.82        07:14:36        4.20e-02        2.00e+00
       24507987        70.88752      1243.58414            5.82        07:14:21        4.20e-02        2.00e+00
       24509089        70.88770      1244.58438            5.82        07:14:07        4.20e-02        2.00e+00
DEBUG @ t=24510000: current_coupling=0.042, last=0.042
       24510042        70.88722      1245.58452            5.82        07:13:50        4.20e-02        2.00e+00
       24511022        70.88683      1246.58480            5.82        07:13:34        4.20e-02        2.00e+00
       24512000        70.88716      1247.58533            5.82        07:13:18        4.20e-02        2.00e+00
       24513060        70.88810      1248.58584            5.82        07:13:02        4.20e-02        2.00e+00
       24514024        70.88793      1249.58619            5.82        07:12:46        4.20e-02        2.00e+00
       24515143        70.88790      1250.58696            5.82        07:12:32        4.20e-02        2.00e+00
       24516133        70.88799      1251.58696            5.82        07:12:16        4.20e-02        2.00e+00
       24517092        70.88911      1252.58777            5.82        07:11:59        4.20e-02        2.00e+00
       24518039        70.88876      1253.58883            5.83        07:11:42        4.20e-02        2.00e+00
       24518986        70.88872      1254.58979            5.83        07:11:26        4.20e-02        2.00e+00
       24519966        70.88921      1255.59044            5.83        07:11:09        4.20e-02        2.00e+00
DEBUG @ t=24520000: current_coupling=0.042, last=0.042
       24521039        70.88962      1256.59078            5.83        07:10:55        4.20e-02        2.00e+00
       24521956        70.89074      1257.59162            5.83        07:10:37        4.20e-02        2.00e+00
       24522942        70.89087      1258.59170            5.83        07:10:21        4.20e-02        2.00e+00
       24524025        70.89144      1259.59269            5.83        07:10:06        4.20e-02        2.00e+00
       24524893        70.89119      1260.59325            5.83        07:09:48        4.20e-02        2.00e+00
       24525742        70.89090      1261.59426            5.83        07:09:29        4.20e-02        2.00e+00
       24526690        70.89104      1262.59495            5.83        07:09:12        4.20e-02        2.00e+00
       24527685        70.89208      1263.59517            5.83        07:08:56        4.20e-02        2.00e+00
       24528563        70.89266      1264.59532            5.83        07:08:38        4.20e-02        2.00e+00
       24529468        70.89369      1265.59578            5.83        07:08:19        4.20e-02        2.00e+00
DEBUG @ t=24530000: current_coupling=0.042, last=0.042
       24530536        70.89753      1266.59634            5.83        07:08:04        4.20e-02        2.00e+00
       24531666        70.89960      1267.59640            5.83        07:07:50        4.20e-02        2.00e+00
       24532551        70.90005      1268.59659            5.83        07:07:31        4.20e-02        2.00e+00
       24533582        70.90205      1269.59700            5.83        07:07:15        4.20e-02        2.00e+00
       24534521        70.90330      1270.59725            5.83        07:06:58        4.20e-02        2.00e+00
       24535448        70.90419      1271.59743            5.83        07:06:41        4.20e-02        2.00e+00
       24536417        70.90475      1272.59753            5.83        07:06:24        4.20e-02        2.00e+00
       24537377        70.90537      1273.59820            5.83        07:06:07        4.20e-02        2.00e+00
       24538386        70.90647      1274.59830            5.83        07:05:51        4.20e-02        2.00e+00
       24539389        70.90794      1275.59897            5.83        07:05:35        4.20e-02        2.00e+00
DEBUG @ t=24540000: current_coupling=0.042, last=0.042
       24540359        70.90873      1276.59963            5.83        07:05:18        4.20e-02        2.00e+00
       24541332        70.90932      1277.60003            5.84        07:05:02        4.20e-02        2.00e+00
       24542334        70.90988      1278.60010            5.84        07:04:46        4.20e-02        2.00e+00
       24543290        70.91054      1279.60074            5.84        07:04:29        4.20e-02        2.00e+00
       24544171        70.91102      1280.60135            5.84        07:04:11        4.20e-02        2.00e+00
       24545042        70.91132      1281.60152            5.84        07:03:53        4.20e-02        2.00e+00
2025-11-06 17:18:27 | ERROR | CRITICAL ERROR in simulation: Unable to synchronously flush file (file write failed: time = Thu Nov  6 17:18:27 2025
, filename = 'observables_replica_213.h5', file descriptor = 4, errno = 122, error message = 'Disk quota exceeded', buf = 0x55c1cba356e0, total write size = 3095, bytes this sub-write = 3095, offset = 872412273)
2025-11-06 17:18:27 | ERROR | Full traceback:
2025-11-06 17:18:27 | ERROR | Traceback (most recent call last):
2025-11-06 17:18:27 | ERROR |   File "/scratch/mh7373/micromamba/envs/hoomd/lib/python3.12/site-packages/hoomd/cavitymd/simulation/core.py", line 4753, in run
2025-11-06 17:18:27 | ERROR |     self.run_simulation()
2025-11-06 17:18:27 | ERROR |   File "/scratch/mh7373/micromamba/envs/hoomd/lib/python3.12/site-packages/hoomd/cavitymd/simulation/core.py", line 4807, in run_simulation
2025-11-06 17:18:27 | ERROR |     self.sim.run(total_steps, write_at_start=True)
2025-11-06 17:18:27 | ERROR |   File "/scratch/mh7373/micromamba/envs/hoomd/lib/python3.12/site-packages/hoomd/simulation.py", line 561, in run
2025-11-06 17:18:27 | ERROR |     self._cpp_sys.run(steps_int, write_at_start)
2025-11-06 17:18:27 | ERROR |   File "/scratch/mh7373/micromamba/envs/hoomd/lib/python3.12/site-packages/hoomd/cavitymd/data.py", line 528, in act
2025-11-06 17:18:27 | ERROR |     self.file.flush()
2025-11-06 17:18:27 | ERROR |   File "/scratch/mh7373/micromamba/envs/hoomd/lib/python3.12/site-packages/h5py/_hl/files.py", line 639, in flush
2025-11-06 17:18:27 | ERROR |     h5f.flush(self.id)
2025-11-06 17:18:27 | ERROR |   File "h5py/_objects.pyx", line 56, in h5py._objects.with_phil.wrapper
2025-11-06 17:18:27 | ERROR |   File "h5py/_objects.pyx", line 57, in h5py._objects.with_phil.wrapper
2025-11-06 17:18:27 | ERROR |   File "h5py/h5f.pyx", line 159, in h5py.h5f.flush
2025-11-06 17:18:27 | ERROR | RuntimeError: Unable to synchronously flush file (file write failed: time = Thu Nov  6 17:18:27 2025
2025-11-06 17:18:27 | ERROR | , filename = 'observables_replica_213.h5', file descriptor = 4, errno = 122, error message = 'Disk quota exceeded', buf = 0x55c1cba356e0, total write size = 3095, bytes this sub-write = 3095, offset = 872412273)
2025-11-06 17:18:27 | INFO | Cleanup initiated...
2025-11-06 17:18:27 | INFO | Closing HDF5 observable writer...
2025-11-06 17:18:27 | ERROR | Error closing HDF5 writer: Unable to synchronously flush file (file write failed: time = Thu Nov  6 17:18:27 2025
, filename = 'observables_replica_213.h5', file descriptor = 4, errno = 122, error message = 'Disk quota exceeded', buf = 0x55c1cba40ce0, total write size = 3095, bytes this sub-write = 3095, offset = 872412273)
DEBUG: Cleanup called - checking for fkt_tracker
DEBUG: No fkt_tracker found or it's None
2025-11-06 17:18:27 | INFO | Returned to original directory: /scratch/mh7373/cav-hoomd/new_final_offres
2025-11-06 17:18:27 | INFO | Cleanup completed
ERROR: Replica 213 failed (coupling: 4.200000e-02 a.u.)

==================================================
Execution Summary
==================================================
Coupling constant used: 4.200000e-02 a.u.
Total replicas: 1
Successful: 0
Failed: 1
Wall time: 18977.59 seconds

WARNING: 1 replicas failed - check individual logs for details
✗ FAILED: DEBUG task 213
