SLURM Job ID: 1642014
SLURM Array Task ID: 90
Using frequency: 2060 cm-1
Fixed coupling strength (lambda): 0.042 (dimensionless)
Frame will be automatically set to: 90
Advanced Cavity MD Experiment Runner
==================================================
SLURM array job detected: Task 90 (Job 1642014)

*** COUPLING CONSTANT: 4.200000e-02 a.u. ***

Simulation Configuration:
  Cavity coupling: Enabled
    Coupling strength: 4.200000e-02 a.u.
    Frequency: 2060.0 cm⁻¹
    Finite-q mode: False
    Cavity thermostat: langevin
  Molecular thermostat: bussi
  Temperature: 100.0 K
  Runtime: 3000.0 ps
  Device: CPU
  Random seed: 0
  Velocity restart: Enabled - thermalizing velocities
  Momentum zeroing: Disabled

Starting execution for 1 replica(s)...
==================================================

Running replica 90...
>>> Will use FRAME 90 from init-0.gsd for this replica <<<
Running experiment:
  Cavity coupling: Enabled
  *** COUPLING STRENGTH: 4.200000e-02 a.u. ***
  Switch time: 200.0 ps
  Decay: None (step function)
  Damping ratio (zeta): 0.0
  Calculated dissipation (c): 0.0000e+00 a.u.
  Molecular thermostat: bussi
  Cavity thermostat: langevin
  Finite-q mode: False
  Replica: 90
  Frame: 90
  Output directory: coupling_420000e-07_freq_2060.0cm1_switch_200.0ps
  *** READING FRAME 90 FROM /scratch/mh7373/cav-hoomd/new_final_offres/init-0.gsd ***
  ✓ Successfully initialized simulation from frame 90
  ✓ Input file: /scratch/mh7373/cav-hoomd/new_final_offres/init-0.gsd
  ✓ Replica 90 ready to run...
2025-11-06 12:01:24 | INFO | ============================================================
2025-11-06 12:01:24 | INFO | CAVITY MD SIMULATION STARTED
2025-11-06 12:01:24 | INFO | ============================================================
2025-11-06 12:01:24 | INFO | Simulation: prod-90
2025-11-06 12:01:24 | INFO | Device: CPU
2025-11-06 12:01:24 | INFO | Runtime: 3000.0 ps
2025-11-06 12:01:24 | INFO | Temperature: 100.0 K
2025-11-06 12:01:24 | INFO | Random seed: 0
2025-11-06 12:01:24 | INFO | Cavity coupling: Enabled
2025-11-06 12:01:24 | INFO |   Frequency: 2060.0 cm^-1
2025-11-06 12:01:24 | INFO |   Lambda coupling: 0.042
2025-11-06 12:01:24 | INFO |   Epsilon (lambda * omega_c): 3.942141e-04 a.u.
2025-11-06 12:01:24 | INFO |   Finite-q mode: False
2025-11-06 12:01:24 | INFO | Molecular thermostat: bussi (tau=1.0 ps)
2025-11-06 12:01:24 | INFO | Cavity thermostat: langevin (tau=1.0 ps)
2025-11-06 12:01:24 | INFO | ============================================================
2025-11-06 12:01:24 | INFO | === Phase 1: Setting up simulation ===
2025-11-06 12:01:24 | INFO | Using default timestep for calculations: 0.0001 ps
2025-11-06 12:01:24 | INFO | Time conversions:
2025-11-06 12:01:24 | INFO |   Timestep: 0.0001 ps = 4.134138 a.u.
2025-11-06 12:01:24 | INFO |   Runtime: 3000.0 ps = 30000000 steps
2025-11-06 12:01:24 | INFO |   Steps per ps: 10000.0
2025-11-06 12:01:24 | INFO | Output periods (steps):
2025-11-06 12:01:24 | INFO |   Energy: 100 (0.010 ps)
2025-11-06 12:01:24 | INFO |   F(k,t): 10000 (1.000 ps)
2025-11-06 12:01:24 | INFO |   GSD: 10000 (1.000 ps)
2025-11-06 12:01:24 | INFO |   Console: 10000 (1.000 ps)
2025-11-06 12:01:24 | INFO | Initializing simulation on CPU
2025-11-06 12:01:24 | INFO | Using user-specified seed: 0
2025-11-06 12:01:24 | INFO | Cavity particle already exists in GSD file (1 found)
2025-11-06 12:01:24 | INFO | Simulation state created from original GSD file with existing cavity particle
2025-11-06 12:01:24 | INFO | Cavity particle validated at index 500, position HOOMDArray([-2.60240078  0.25467011 -1.86055911])
2025-11-06 12:01:24 | INFO | === Phase 1.5: Setting up time tracker ===
2025-11-06 12:01:24 | INFO | === Phase 2: Configuring forces and thermostats ===
2025-11-06 12:01:24 | INFO | Using lambda_coupling=0.042 (will be scaled by omega_c=0.009386 a.u.)
2025-11-06 12:01:24 | INFO | Using constant coupling: lambda=0.042, epsilon=3.942141e-04 a.u.
CavityForce initialized using cpp implementation
  Using constant lambda coupling: 0.042 (dimensionless)
  Effective epsilon: 3.942141e-04 a.u.
2025-11-06 12:01:24 | INFO | Thermostat time constant conversions:
2025-11-06 12:01:24 | INFO |   Molecular: 1.000 ps = 41341.378917 a.u.
2025-11-06 12:01:24 | INFO |   Cavity: 1.000 ps = 41341.378917 a.u.
2025-11-06 12:01:24 | INFO | Running molecular system with Bussi thermostat (NVT ensemble)
2025-11-06 12:01:24 | INFO | Molecular Bussi thermostat configured: T = 100.0 K, kT = 0.000317 a.u., tau = 1.000 ps
2025-11-06 12:01:24 | INFO | Running cavity with Langevin thermostat
2025-11-06 12:01:24 | INFO | Cavity Langevin thermostat configured: T = 100.0 K, kT = 0.000317 a.u.
2025-11-06 12:01:24 | INFO |   base_gamma = 0.000024 a.u.^-1 (tau = 1.000 ps)
2025-11-06 12:01:24 | INFO |   effective_gamma = 0.000024 a.u.^-1 (damping_factor = 1.0x)
2025-11-06 12:01:24 | INFO | === Phase 3: Setting up integrator and thermalization ===
2025-11-06 12:01:24 | INFO | Integrator configured with initial dt = 4.134138 a.u. (0.000100 ps)
2025-11-06 12:01:24 | INFO | Number of integration methods: 2
2025-11-06 12:01:24 | INFO | CavityParticleDisplacer not needed (constant coupling or q=0 mode)
2025-11-06 12:01:24 | INFO | Using seed 1 for thermalization randomness
2025-11-06 12:01:24 | INFO | Thermalized molecular particles using HOOMD State object
2025-11-06 12:01:24 | INFO | Cavity particle manually thermalized:
2025-11-06 12:01:24 | INFO |   Target temperature: 100.0 K
2025-11-06 12:01:24 | INFO |   Initial velocity: [ 0.02890696 -0.01088686 -0.00939938]
2025-11-06 12:01:24 | INFO |   Expected KE: 0.000521 a.u.
2025-11-06 12:01:24 | INFO |   Expected temperature: 109.7 K
2025-11-06 12:01:24 | INFO |   Using array module: numpy
2025-11-06 12:01:24 | INFO | Checking molecular system temperature after thermalization:
2025-11-06 12:01:24 | INFO |   Number of molecular particles: 500
2025-11-06 12:01:24 | INFO |   Total kinetic energy: 0.246511 a.u.
2025-11-06 12:01:24 | INFO |   Current temperature: 103.8 K
2025-11-06 12:01:24 | INFO | Thermalization completed - velocities properly initialized
2025-11-06 12:01:24 | INFO | === Phase 4: Setting up trackers and loggers ===
2025-11-06 12:01:24 | INFO | Setting up adaptive timestep updater (error_tolerance = 2.0)
Dynamic coupling change detection enabled
Coupling change threshold: ±1.00e-05 a.u.
Shock dampening: error_tolerance drops to 2.00e-10 (factor: 1.00e-10)
Recovery: exponential ramp to 2.00e+00 with τ = 1000.0 ps
Conservative timestep parameters:
  Change threshold: 10.0%
  Max change factor: 1.5
  Min update interval: 1000 steps
  Switch detection tolerance: 0.001 ps
2025-11-06 12:01:24 | INFO | Adaptive timestep updater enabled (check every 1 steps)
CavityForceCompute initialized: omegac=0.00938605 a.u., lambda_coupling=0.042 (dimensionless, from variant), K=8.80979e-05 a.u.
CPU CavityForceCompute initialized successfully
notice(2): charge.pppm: RMS error: 2.31675e-08
NOTICE: Starting from inherited timestep 17050000
  Elapsed time will start from 0, not from inherited simulation time
DEBUG @ t=17050000: current_coupling=0.042, last=None
DEBUG: First coupling check - stored value: 0.042
2025-11-06 12:01:25 | INFO |   Added detailed BussiReservoir energy tracking for method 0
2025-11-06 12:01:25 | INFO |   Added energy tracking for cavityforce
2025-11-06 12:01:25 | INFO |   Added detailed cavity energy components
2025-11-06 12:01:25 | INFO |   Added energy tracking for harmonic
2025-11-06 12:01:25 | INFO |   Added energy tracking for lj
2025-11-06 12:01:25 | INFO |   Added energy tracking for ewald
2025-11-06 12:01:25 | INFO |   Added energy tracking for coulomb
2025-11-06 12:01:25 | INFO | Energy tracking setup completed: 0 methods, 5 forces
2025-11-06 12:01:25 | INFO | Setting up energy tracker with output file: prod-90_energy_tracker.txt
2025-11-06 12:01:25 | INFO | Energy tracker configuration:
2025-11-06 12:01:25 | INFO |   Using time-based output: 0.010 ps
2025-11-06 12:01:25 | INFO |   Max output time: 250.000 ps
2025-11-06 12:01:25 | INFO | Energy tracker configuration:
2025-11-06 12:01:25 | INFO |   Force objects: ['cavity', 'harmonic', 'lj', 'ewald_short', 'ewald_long']
2025-11-06 12:01:25 | INFO |   Thermostat objects: ['bussi_molecular', 'langevin_cavity']
2025-11-06 12:01:25 | INFO |   Using internal kinetic computation (no external tracker needed)
2025-11-06 12:01:25 | INFO |  Energy tracker setup completed with time-based output:
2025-11-06 12:01:25 | INFO |   Output period: 0.010 ps (accurate timing)
2025-11-06 12:01:25 | INFO |   Tracker handles timing internally using ElapsedTimeTracker
2025-11-06 12:01:25 | INFO |   Output limited to 250.000 ps
2025-11-06 12:01:25 | INFO | Setting up F(k,t) density correlation tracker
2025-11-06 12:01:25 | INFO |   k magnitude: 1.00
2025-11-06 12:01:25 | INFO |   Number of wavevectors: 50
2025-11-06 12:01:25 | INFO |   Reference interval: 200.000 ps
2025-11-06 12:01:25 | INFO |   Max references: 20
2025-11-06 12:01:25 | INFO |   Output period: 1.000 ps
2025-11-06 12:01:25 | INFO |   Using time-based reference intervals for adaptive timestep compatibility
2025-11-06 12:01:25 | INFO |   Reference interval: 200.000 ps
2025-11-06 12:01:25 | INFO |   Trigger period: 1 step
2025-11-06 12:01:25 | INFO |   Logarithmic time spacing: DISABLED (regular spacing)
FieldAutocorrelationTracker initialized for density_correlation
  k-magnitude: 1.0
  Wavevectors: 50
  Reference interval: 200.0 ps
  Max references: 20
2025-11-06 12:01:25 | INFO |  F(k,t) tracker successfully enabled with time-based output:
2025-11-06 12:01:25 | INFO |   Output period: 1.000 ps (accurate timing)
2025-11-06 12:01:25 | INFO |   Reference interval: 200.000 ps
2025-11-06 12:01:25 | INFO |   Tracker handles timing internally using ElapsedTimeTracker
2025-11-06 12:01:25 | INFO | Setting up dipole autocorrelation tracker...
2025-11-06 12:01:25 | INFO |   Reference interval: 200.000 ps
2025-11-06 12:01:25 | INFO |   Max references: 20
2025-11-06 12:01:25 | INFO |   Output period: 0.010 ps
2025-11-06 12:01:25 | INFO |   Using time-based reference intervals for adaptive timestep compatibility
2025-11-06 12:01:25 | INFO |   Reference interval: 200.000 ps
2025-11-06 12:01:25 | INFO |   Trigger period: 1 step
2025-11-06 12:01:25 | WARNING | Could not set up dipole autocorrelation tracker: Can't instantiate abstract class AutocorrelationTracker without an implementation for abstract method 'act'
2025-11-06 12:01:25 | INFO | Momentum zeroing disabled
2025-11-06 12:01:25 | INFO |  TRACKING AND LOGGING SETUP COMPLETED:
2025-11-06 12:01:25 | INFO |   All output systems now use precise time-based periods
2025-11-06 12:01:25 | INFO |  Comprehensive temperature tracker enabled
2025-11-06 12:01:25 | INFO |   Output file: temperature_tracker_replica_90.csv
2025-11-06 12:01:25 | INFO |   Output period: 0.1 ps
2025-11-06 12:01:25 | INFO |   Tracking: kinetic, harmonic fictive, LJ+Coul fictive, cavity bath, molecular bath
2025-11-06 12:01:25 | INFO |   Empirical data: None (LJ+Coul fictive temp will be 0)
2025-11-06 12:01:25 | INFO | 
============================================================
2025-11-06 12:01:25 | INFO | HDF5 OBSERVABLE OUTPUT CONFIGURATION
2025-11-06 12:01:25 | INFO | ============================================================
2025-11-06 12:01:25 | INFO | Output file: observables_replica_90.h5
2025-11-06 12:01:25 | INFO | Output period: 0.010 ps
2025-11-06 12:01:25 | INFO | SWMR mode: Enabled (concurrent read access)
2025-11-06 12:01:25 | INFO | ============================================================

✓ HDF5 file structure created: observables_replica_90.h5
ObservableWriter initialized:
  Output file: observables_replica_90.h5
  Output period: 0.01 ps
  Chunk size: 1000
  Compression: gzip
  SWMR mode: True
  Flush interval: 10
✓ Energy tracker registered (18 components)
2025-11-06 12:01:25 | INFO |   Registered energy tracker for HDF5 output
✓ Temperature tracker registered (6 components)
2025-11-06 12:01:25 | INFO |   Registered temperature tracker for HDF5 output
2025-11-06 12:01:25 | INFO | ✓ HDF5 observable output enabled

2025-11-06 12:01:25 | INFO | Advanced features enabled: detailed energy tracking (0.010 ps), F(k,t) density correlation (1.000 ps, k=1.0), dipole autocorrelation (0.010 ps), adaptive timestep control, comprehensive temperature tracker (0.1 ps), HDF5 observable output (0.010 ps)
2025-11-06 12:01:25 | INFO | Console output: 1.000 ps periods (time-based)
2025-11-06 12:01:25 | INFO |   Works accurately for both adaptive and fixed timestep modes
2025-11-06 12:01:25 | INFO | DEBUG: PID controller NOT enabled (enable_pid_controller=False)
2025-11-06 12:01:25 | INFO | === Phase 5: Setting up output writers ===
2025-11-06 12:01:25 | INFO | GSD output setup for adaptive timestep mode:
2025-11-06 12:01:25 | INFO |   GSD trigger: every 1000 steps (target: 1.000 ps)
2025-11-06 12:01:25 | INFO |   Note: GSD timing may vary slightly due to adaptive timestep changes
2025-11-06 12:01:25 | INFO | GSD writer added for file: prod-90.gsd
2025-11-06 12:01:25 | INFO |   GSD output period: 1.000 ps
2025-11-06 12:01:25 | INFO |   GSD truncate mode: False (append to existing file)
2025-11-06 12:01:25 | INFO |  Console output setup completed:
2025-11-06 12:01:25 | INFO |   Output period: 1.000 ps (accurate time-based)
2025-11-06 12:01:25 | INFO |   Lambda coupling column: 4.200000e-02 (dimensionless) (displayed in real-time)
2025-11-06 12:01:25 | INFO |   Console tracker handles timing internally using ElapsedTimeTracker
2025-11-06 12:01:25 | INFO |   Works accurately for both adaptive and fixed timestep modes
2025-11-06 12:01:25 | INFO |  FIXED: Console output now uses precise time-based logic
2025-11-06 12:01:25 | INFO |   Both console and energy tracker use accurate timing
2025-11-06 12:01:25 | INFO |   GSD output timing may vary slightly but is less critical
2025-11-06 12:01:25 | INFO | === Phase 6: Running simulation ===
2025-11-06 12:01:25 | INFO | Starting adaptive timestep simulation for 3000.0 ps
2025-11-06 12:01:25 | INFO | Using max steps: 999999999 (will exit when runtime reached)
2025-11-06 12:01:25 | INFO | Initial timestep: 37.311116 a.u. (0.903 fs)
2025-11-06 12:01:25 | INFO | Timestep will adapt dynamically (error_tolerance = 2.0)
Added F(k,t) reference 0 at t = 0.001 ps
[HDF5 Writer DEBUG] timestep=17050001, current_time_ps=0.001, last_output_time=None, write_count=0
[HDF5 Writer DEBUG] Writing data point 0 at time 0.001 ps
[HDF5 Writer DEBUG] timestep=17050002, current_time_ps=0.002, last_output_time=0.0009025126204976937, write_count=1
[HDF5 Writer DEBUG] Skipping output: not time yet (current=0.002, last=0.0009025126204976937, period=0.01)
[HDF5 Writer DEBUG] timestep=17050003, current_time_ps=0.003, last_output_time=0.0009025126204976937, write_count=1
[HDF5 Writer DEBUG] Skipping output: not time yet (current=0.003, last=0.0009025126204976937, period=0.01)
[HDF5 Writer DEBUG] timestep=17050004, current_time_ps=0.004, last_output_time=0.0009025126204976937, write_count=1
[HDF5 Writer DEBUG] Skipping output: not time yet (current=0.004, last=0.0009025126204976937, period=0.01)
[HDF5 Writer DEBUG] timestep=17050005, current_time_ps=0.005, last_output_time=0.0009025126204976937, write_count=1
[HDF5 Writer DEBUG] Skipping output: not time yet (current=0.005, last=0.0009025126204976937, period=0.01)
[HDF5 Writer DEBUG] timestep=17050006, current_time_ps=0.005, last_output_time=0.0009025126204976937, write_count=1
[HDF5 Writer DEBUG] Skipping output: not time yet (current=0.005, last=0.0009025126204976937, period=0.01)
[HDF5 Writer DEBUG] timestep=17050007, current_time_ps=0.006, last_output_time=0.0009025126204976937, write_count=1
[HDF5 Writer DEBUG] Skipping output: not time yet (current=0.006, last=0.0009025126204976937, period=0.01)
[HDF5 Writer DEBUG] timestep=17050008, current_time_ps=0.007, last_output_time=0.0009025126204976937, write_count=1
[HDF5 Writer DEBUG] Skipping output: not time yet (current=0.007, last=0.0009025126204976937, period=0.01)
[HDF5 Writer DEBUG] timestep=17050009, current_time_ps=0.008, last_output_time=0.0009025126204976937, write_count=1
[HDF5 Writer DEBUG] Skipping output: not time yet (current=0.008, last=0.0009025126204976937, period=0.01)
[HDF5 Writer DEBUG] timestep=17050010, current_time_ps=0.009, last_output_time=0.0009025126204976937, write_count=1
[HDF5 Writer DEBUG] Skipping output: not time yet (current=0.009, last=0.0009025126204976937, period=0.01)
[HDF5 Writer DEBUG] timestep=17050011, current_time_ps=0.010, last_output_time=0.0009025126204976937, write_count=1
[HDF5 Writer DEBUG] Skipping output: not time yet (current=0.010, last=0.0009025126204976937, period=0.01)
[HDF5 Writer DEBUG] timestep=17050012, current_time_ps=0.011, last_output_time=0.0009025126204976937, write_count=1
[HDF5 Writer DEBUG] Skipping output: not time yet (current=0.011, last=0.0009025126204976937, period=0.01)
[HDF5 Writer DEBUG] timestep=17050013, current_time_ps=0.012, last_output_time=0.0009025126204976937, write_count=1
[HDF5 Writer DEBUG] Writing data point 1 at time 0.012 ps
[HDF5 Writer DEBUG] timestep=17050014, current_time_ps=0.013, last_output_time=0.01173266406647002, write_count=2
[HDF5 Writer DEBUG] Skipping output: not time yet (current=0.013, last=0.01173266406647002, period=0.01)
[HDF5 Writer DEBUG] timestep=17050015, current_time_ps=0.014, last_output_time=0.01173266406647002, write_count=2
[HDF5 Writer DEBUG] Skipping output: not time yet (current=0.014, last=0.01173266406647002, period=0.01)
[HDF5 Writer DEBUG] timestep=17050016, current_time_ps=0.014, last_output_time=0.01173266406647002, write_count=2
[HDF5 Writer DEBUG] Skipping output: not time yet (current=0.014, last=0.01173266406647002, period=0.01)
[HDF5 Writer DEBUG] timestep=17050017, current_time_ps=0.015, last_output_time=0.01173266406647002, write_count=2
[HDF5 Writer DEBUG] Skipping output: not time yet (current=0.015, last=0.01173266406647002, period=0.01)
[HDF5 Writer DEBUG] timestep=17050018, current_time_ps=0.016, last_output_time=0.01173266406647002, write_count=2
[HDF5 Writer DEBUG] Skipping output: not time yet (current=0.016, last=0.01173266406647002, period=0.01)
[HDF5 Writer DEBUG] timestep=17050019, current_time_ps=0.017, last_output_time=0.01173266406647002, write_count=2
[HDF5 Writer DEBUG] Skipping output: not time yet (current=0.017, last=0.01173266406647002, period=0.01)
[HDF5 Writer DEBUG] timestep=17050020, current_time_ps=0.018, last_output_time=0.01173266406647002, write_count=2
[HDF5 Writer DEBUG] Skipping output: not time yet (current=0.018, last=0.01173266406647002, period=0.01)
[HDF5 Writer DEBUG] timestep=17050021, current_time_ps=0.019, last_output_time=0.01173266406647002, write_count=2
[HDF5 Writer DEBUG] Skipping output: not time yet (current=0.019, last=0.01173266406647002, period=0.01)
[HDF5 Writer DEBUG] timestep=17050022, current_time_ps=0.020, last_output_time=0.01173266406647002, write_count=2
[HDF5 Writer DEBUG] Skipping output: not time yet (current=0.020, last=0.01173266406647002, period=0.01)
[HDF5 Writer DEBUG] timestep=17050023, current_time_ps=0.021, last_output_time=0.01173266406647002, write_count=2
[HDF5 Writer DEBUG] Skipping output: not time yet (current=0.021, last=0.01173266406647002, period=0.01)
[HDF5 Writer DEBUG] timestep=17050024, current_time_ps=0.022, last_output_time=0.01173266406647002, write_count=2
[HDF5 Writer DEBUG] Skipping output: not time yet (current=0.022, last=0.01173266406647002, period=0.01)
[HDF5 Writer DEBUG] timestep=17050025, current_time_ps=0.023, last_output_time=0.01173266406647002, write_count=2
[HDF5 Writer DEBUG] Writing data point 2 at time 0.023 ps
✓ SWMR mode enabled - file can now be read concurrently
Simulation.timestep  Simulation.tps Time.elapsed_ps Performance.ns_per_day Performance.eta   Cavity.lambda Adaptive.error_tolerance
       17051127        62.45442         1.00022            4.69        15:20:36        4.20e-02        2.00e+00
       17052390        62.37319         2.00066            4.47        16:06:20        4.20e-02        2.00e+00
       17053669        62.48231         3.00074            4.39        16:23:41        4.20e-02        2.00e+00
       17054949        62.53988         4.00153            4.35        16:32:08        4.20e-02        2.00e+00
       17056391        62.57002         5.00202            4.22        17:03:02        4.20e-02        2.00e+00
       17057665        62.53698         6.00233            4.22        17:02:04        4.20e-02        2.00e+00
       17058883        62.52413         7.00260            4.25        16:54:43        4.20e-02        2.00e+00
DEBUG @ t=17060000: current_coupling=0.042, last=0.042
       17060116        62.60837         8.00269            4.27        16:49:09        4.20e-02        2.00e+00
       17061597        62.85477         9.00279            4.21        17:03:42        4.20e-02        2.00e+00
       17062759        63.04162        10.00307            4.26        16:50:07        4.20e-02        2.00e+00
       17064033        63.08272        11.00337            4.27        16:48:49        4.20e-02        2.00e+00
       17065358        63.15560        12.00401            4.26        16:50:24        4.20e-02        2.00e+00
       17066618        63.18912        13.00413            4.27        16:48:13        4.20e-02        2.00e+00
       17067970        63.23180        14.00454            4.25        16:51:14        4.20e-02        2.00e+00
       17069256        63.29666        15.00488            4.26        16:49:54        4.20e-02        2.00e+00
DEBUG @ t=17070000: current_coupling=0.042, last=0.042
       17070413        63.32265        16.00546            4.28        16:42:50        4.20e-02        2.00e+00
       17071843        63.40854        17.00564            4.26        16:48:11        4.20e-02        2.00e+00
       17073160        63.48503        18.00584            4.26        16:47:59        4.20e-02        2.00e+00
       17074400        63.46020        19.00664            4.27        16:46:05        4.20e-02        2.00e+00
       17075547        63.46215        20.00731            4.29        16:40:14        4.20e-02        2.00e+00
       17076732        63.50626        21.00780            4.31        16:35:43        4.20e-02        2.00e+00
       17077925        63.50516        22.00786            4.32        16:32:32        4.20e-02        2.00e+00
       17079049        63.50922        23.00849            4.34        16:27:09        4.20e-02        2.00e+00
DEBUG @ t=17080000: current_coupling=0.042, last=0.042
       17080346        63.54129        24.00886            4.34        16:27:24        4.20e-02        2.00e+00
       17081520        63.51953        25.00933            4.35        16:24:33        4.20e-02        2.00e+00
       17082753        63.51098        26.00950            4.35        16:23:30        4.20e-02        2.00e+00
       17084067        63.51673        27.01005            4.35        16:24:37        4.20e-02        2.00e+00
       17085231        63.54116        28.01032            4.36        16:21:10        4.20e-02        2.00e+00
       17086421        63.53413        29.01040            4.37        16:19:05        4.20e-02        2.00e+00
       17087625        63.54177        30.01129            4.38        16:17:15        4.20e-02        2.00e+00
       17088808        63.53662        31.01130            4.38        16:15:13        4.20e-02        2.00e+00
DEBUG @ t=17090000: current_coupling=0.042, last=0.042
       17090059        63.56207        32.01163            4.39        16:14:27        4.20e-02        2.00e+00
       17091281        63.57063        33.01175            4.39        16:13:17        4.20e-02        2.00e+00
       17092473        63.55782        34.01238            4.40        16:11:46        4.20e-02        2.00e+00
       17093695        63.56090        35.01311            4.40        16:10:46        4.20e-02        2.00e+00
       17095079        63.56081        36.01361            4.39        16:13:21        4.20e-02        2.00e+00
       17096462        63.58271        37.01390            4.37        16:15:25        4.20e-02        2.00e+00
       17097641        63.58545        38.01407            4.38        16:13:28        4.20e-02        2.00e+00
       17098889        63.59509        39.01462            4.38        16:12:52        4.20e-02        2.00e+00
DEBUG @ t=17100000: current_coupling=0.042, last=0.042
[HDF5 Writer DEBUG] timestep=17100000, current_time_ps=39.897, last_output_time=39.89191010046631, write_count=3840
       17100171        63.58679        40.01499            4.38        16:13:12        4.20e-02        2.00e+00
       17101580        63.57048        41.01565            4.37        16:16:02        4.20e-02        2.00e+00
       17102917        63.57352        42.01614            4.36        16:17:06        4.20e-02        2.00e+00
       17103934        63.56501        43.01621            4.38        16:12:31        4.20e-02        2.00e+00
       17105297        63.60204        44.01680            4.37        16:13:31        4.20e-02        2.00e+00
       17106665        63.59135        45.01700            4.36        16:15:16        4.20e-02        2.00e+00
       17107897        63.60277        46.01724            4.37        16:14:18        4.20e-02        2.00e+00
       17109163        63.61558        47.01791            4.37        16:13:53        4.20e-02        2.00e+00
DEBUG @ t=17110000: current_coupling=0.042, last=0.042
       17110357        63.62498        48.01845            4.37        16:12:21        4.20e-02        2.00e+00
       17111533        63.62795        49.01908            4.38        16:10:41        4.20e-02        2.00e+00
       17112727        63.61673        50.01989            4.38        16:09:33        4.20e-02        2.00e+00
       17113915        63.60116        51.02039            4.38        16:08:26        4.20e-02        2.00e+00
       17115090        63.60323        52.02086            4.39        16:06:55        4.20e-02        2.00e+00
       17116223        63.60646        53.02123            4.40        16:04:48        4.20e-02        2.00e+00
       17117343        63.60761        54.02189            4.41        16:02:35        4.20e-02        2.00e+00
       17118441        63.60482        55.02222            4.42        16:00:13        4.20e-02        2.00e+00
       17119511        63.59860        56.02276            4.43        15:57:34        4.20e-02        2.00e+00
DEBUG @ t=17120000: current_coupling=0.042, last=0.042
       17120684        63.62762        57.02352            4.43        15:55:52        4.20e-02        2.00e+00
       17121839        63.63092        58.02400            4.44        15:54:22        4.20e-02        2.00e+00
       17122912        63.62115        59.02441            4.45        15:52:01        4.20e-02        2.00e+00
       17124059        63.62099        60.02488            4.45        15:50:33        4.20e-02        2.00e+00
       17125165        63.61421        61.02574            4.46        15:48:42        4.20e-02        2.00e+00
       17126260        63.61267        62.02643            4.47        15:46:41        4.20e-02        2.00e+00
       17127303        63.61380        63.02680            4.48        15:44:03        4.20e-02        2.00e+00
       17128335        63.63230        64.02703            4.49        15:41:07        4.20e-02        2.00e+00
       17129512        63.63452        65.02748            4.50        15:40:12        4.20e-02        2.00e+00
DEBUG @ t=17130000: current_coupling=0.042, last=0.042
       17130664        63.62336        66.02754            4.50        15:39:13        4.20e-02        2.00e+00
       17131769        63.62263        67.02779            4.50        15:37:34        4.20e-02        2.00e+00
       17132889        63.62932        68.02819            4.51        15:36:01        4.20e-02        2.00e+00
       17134143        63.62137        69.02879            4.51        15:36:11        4.20e-02        2.00e+00
       17135250        63.62063        70.02962            4.51        15:34:38        4.20e-02        2.00e+00
       17136337        63.61558        71.02973            4.52        15:32:59        4.20e-02        2.00e+00
       17137468        63.61078        72.03046            4.52        15:31:49        4.20e-02        2.00e+00
       17138591        63.60962        73.03115            4.53        15:30:33        4.20e-02        2.00e+00
       17139717        63.61181        74.03128            4.53        15:29:17        4.20e-02        2.00e+00
DEBUG @ t=17140000: current_coupling=0.042, last=0.042
       17140934        63.60005        75.03192            4.53        15:29:11        4.20e-02        2.00e+00
       17142132        63.59871        76.03196            4.53        15:28:45        4.20e-02        2.00e+00
       17143183        63.60224        77.03214            4.54        15:26:46        4.20e-02        2.00e+00
       17144199        63.60063        78.03245            4.55        15:24:34        4.20e-02        2.00e+00
       17145339        63.59243        79.03326            4.55        15:23:43        4.20e-02        2.00e+00
       17146455        63.59118        80.03401            4.56        15:22:32        4.20e-02        2.00e+00
       17147667        63.60239        81.03426            4.56        15:22:07        4.20e-02        2.00e+00
       17148865        63.59248        82.03480            4.56        15:21:52        4.20e-02        2.00e+00
       17149893        63.58499        83.03541            4.57        15:20:01        4.20e-02        2.00e+00
DEBUG @ t=17150000: current_coupling=0.042, last=0.042
       17150934        63.57937        84.03584            4.57        15:18:18        4.20e-02        2.00e+00
       17152142        63.58321        85.03624            4.57        15:17:59        4.20e-02        2.00e+00
       17153388        63.57951        86.03660            4.57        15:18:07        4.20e-02        2.00e+00
       17154462        63.56858        87.03708            4.58        15:16:50        4.20e-02        2.00e+00
       17155703        63.56248        88.03739            4.57        15:16:57        4.20e-02        2.00e+00
       17156909        63.55884        89.03747            4.57        15:16:44        4.20e-02        2.00e+00
       17158283        63.56906        90.03785            4.57        15:17:44        4.20e-02        2.00e+00
       17159724        63.57403        91.03826            4.56        15:19:20        4.20e-02        2.00e+00
DEBUG @ t=17160000: current_coupling=0.042, last=0.042
       17160858        63.58465        92.03895            4.56        15:18:16        4.20e-02        2.00e+00
       17161971        63.59066        93.03912            4.56        15:17:07        4.20e-02        2.00e+00
       17163336        63.59891        94.03969            4.56        15:17:59        4.20e-02        2.00e+00
       17164723        63.64193        95.04028            4.55        15:18:30        4.20e-02        2.00e+00
       17165784        63.64898        96.04101            4.56        15:16:54        4.20e-02        2.00e+00
       17166863        63.65573        97.04102            4.57        15:15:30        4.20e-02        2.00e+00
       17168003        63.65200        98.04112            4.57        15:14:44        4.20e-02        2.00e+00
       17169178        63.64643        99.04136            4.57        15:14:17        4.20e-02        2.00e+00
DEBUG @ t=17170000: current_coupling=0.042, last=0.042
       17170403        63.64464       100.04178            4.57        15:14:09        4.20e-02        2.00e+00
       17171579        63.63575       101.04248            4.57        15:13:45        4.20e-02        2.00e+00
       17172858        63.62734       102.04288            4.57        15:14:07        4.20e-02        2.00e+00
       17174130        63.62370       103.04352            4.56        15:14:20        4.20e-02        2.00e+00
       17175314        63.62180       104.04376            4.56        15:13:54        4.20e-02        2.00e+00
       17176474        63.61464       105.04395            4.56        15:13:22        4.20e-02        2.00e+00
       17177741        63.62743       106.04412            4.56        15:13:18        4.20e-02        2.00e+00
       17178850        63.62784       107.04436            4.57        15:12:18        4.20e-02        2.00e+00
DEBUG @ t=17180000: current_coupling=0.042, last=0.042
       17180072        63.62391       108.04476            4.57        15:12:10        4.20e-02        2.00e+00
       17181188        63.61812       109.04537            4.57        15:11:19        4.20e-02        2.00e+00
       17182344        63.61230       110.04607            4.57        15:10:45        4.20e-02        2.00e+00
       17183545        63.60649       111.04649            4.57        15:10:31        4.20e-02        2.00e+00
       17184895        63.60351       112.04718            4.56        15:11:13        4.20e-02        2.00e+00
       17186144        63.59954       113.04785            4.56        15:11:16        4.20e-02        2.00e+00
       17187435        63.59496       114.04827            4.56        15:11:35        4.20e-02        2.00e+00
       17188579        63.59144       115.04848            4.56        15:10:55        4.20e-02        2.00e+00
       17189902        63.59997       116.04889            4.56        15:11:14        4.20e-02        2.00e+00
DEBUG @ t=17190000: current_coupling=0.042, last=0.042
       17191181        63.59583       117.04970            4.55        15:11:27        4.20e-02        2.00e+00
       17192324        63.60810       118.04971            4.56        15:10:33        4.20e-02        2.00e+00
       17193452        63.61683       119.04972            4.56        15:09:37        4.20e-02        2.00e+00
       17194652        63.61331       120.05014            4.56        15:09:19        4.20e-02        2.00e+00
       17195949        63.61084       121.05047            4.56        15:09:36        4.20e-02        2.00e+00
       17197244        63.60650       122.05048            4.55        15:09:54        4.20e-02        2.00e+00
       17198563        63.60665       123.05098            4.55        15:10:16        4.20e-02        2.00e+00
       17199823        63.60547       124.05154            4.55        15:10:17        4.20e-02        2.00e+00
DEBUG @ t=17200000: current_coupling=0.042, last=0.042
[HDF5 Writer DEBUG] timestep=17200000, current_time_ps=124.195, last_output_time=124.18888150607607, write_count=11922
       17201129        63.60174       125.05161            4.55        15:10:37        4.20e-02        2.00e+00
       17202344        63.59897       126.05191            4.55        15:10:22        4.20e-02        2.00e+00
       17203552        63.59878       127.05200            4.55        15:10:03        4.20e-02        2.00e+00
       17204808        63.60475       128.05265            4.55        15:09:55        4.20e-02        2.00e+00
       17206068        63.62258       129.05274            4.54        15:09:39        4.20e-02        2.00e+00
       17207285        63.62084       130.05291            4.54        15:09:24        4.20e-02        2.00e+00
       17208519        63.62396       131.05293            4.54        15:09:10        4.20e-02        2.00e+00
       17209817        63.62702       132.05314            4.54        15:09:19        4.20e-02        2.00e+00
DEBUG @ t=17210000: current_coupling=0.042, last=0.042
       17211148        63.62406       133.05392            4.54        15:09:43        4.20e-02        2.00e+00
       17212442        63.62704       134.05462            4.54        15:09:49        4.20e-02        2.00e+00
       17213758        63.62265       135.05536            4.53        15:10:08        4.20e-02        2.00e+00
       17215030        63.62225       136.05578            4.53        15:10:08        4.20e-02        2.00e+00
       17216405        63.62408       137.05586            4.53        15:10:41        4.20e-02        2.00e+00
       17217818        63.63124       138.05637            4.52        15:11:20        4.20e-02        2.00e+00
       17219093        63.62691       139.05670            4.52        15:11:24        4.20e-02        2.00e+00
DEBUG @ t=17220000: current_coupling=0.042, last=0.042
       17220254        63.62125       140.05728            4.52        15:10:52        4.20e-02        2.00e+00
       17221479        63.62252       141.05777            4.52        15:10:34        4.20e-02        2.00e+00
       17222648        63.62048       142.05831            4.52        15:10:02        4.20e-02        2.00e+00
       17223777        63.62348       143.05912            4.52        15:09:13        4.20e-02        2.00e+00
       17224906        63.62184       144.05972            4.53        15:08:28        4.20e-02        2.00e+00
       17226054        63.61636       145.06026            4.53        15:07:53        4.20e-02        2.00e+00
       17227153        63.61442       146.06051            4.53        15:07:00        4.20e-02        2.00e+00
       17228251        63.60986       147.06079            4.53        15:06:10        4.20e-02        2.00e+00
       17229490        63.60883       148.06114            4.53        15:06:00        4.20e-02        2.00e+00
DEBUG @ t=17230000: current_coupling=0.042, last=0.042
       17230805        63.61458       149.06132            4.53        15:06:06        4.20e-02        2.00e+00
       17232039        63.61788       150.06135            4.53        15:05:51        4.20e-02        2.00e+00
       17233399        63.63656       151.06176            4.53        15:05:59        4.20e-02        2.00e+00
       17234714        63.64396       152.06191            4.53        15:06:03        4.20e-02        2.00e+00
       17235825        63.64660       153.06246            4.53        15:05:11        4.20e-02        2.00e+00
       17236921        63.64560       154.06300            4.53        15:04:19        4.20e-02        2.00e+00
       17238262        63.64602       155.06376            4.53        15:04:36        4.20e-02        2.00e+00
       17239372        63.64355       156.06416            4.53        15:03:49        4.20e-02        2.00e+00
DEBUG @ t=17240000: current_coupling=0.042, last=0.042
       17240569        63.63905       157.06462            4.53        15:03:29        4.20e-02        2.00e+00
       17241884        63.63340       158.06516            4.53        15:03:43        4.20e-02        2.00e+00
       17243209        63.62696       159.06522            4.53        15:04:00        4.20e-02        2.00e+00
       17244535        63.62825       160.06526            4.52        15:04:11        4.20e-02        2.00e+00
       17245784        63.63044       161.06603            4.52        15:03:59        4.20e-02        2.00e+00
       17247076        63.62996       162.06618            4.52        15:04:01        4.20e-02        2.00e+00
       17248361        63.62817       163.06687            4.52        15:04:02        4.20e-02        2.00e+00
       17249557        63.62263       164.06745            4.52        15:03:42        4.20e-02        2.00e+00
DEBUG @ t=17250000: current_coupling=0.042, last=0.042
       17250721        63.61870       165.06749            4.52        15:03:12        4.20e-02        2.00e+00
       17251891        63.61416       166.06750            4.52        15:02:45        4.20e-02        2.00e+00
       17253116        63.61453       167.06799            4.52        15:02:27        4.20e-02        2.00e+00
       17254378        63.61537       168.06828            4.52        15:02:20        4.20e-02        2.00e+00
       17255573        63.62119       169.06854            4.52        15:01:50        4.20e-02        2.00e+00
       17256756        63.61979       170.06898            4.52        15:01:23        4.20e-02        2.00e+00
       17257919        63.61728       171.06961            4.52        15:00:52        4.20e-02        2.00e+00
       17259187        63.61522       172.06975            4.52        15:00:49        4.20e-02        2.00e+00
DEBUG @ t=17260000: current_coupling=0.042, last=0.042
       17260393        63.61682       173.06997            4.52        15:00:25        4.20e-02        2.00e+00
       17261518        63.61281       174.07085            4.52        14:59:46        4.20e-02        2.00e+00
       17262643        63.60683       175.07145            4.52        14:59:09        4.20e-02        2.00e+00
       17263770        63.60151       176.07223            4.53        14:58:32        4.20e-02        2.00e+00
       17264831        63.59717       177.07258            4.53        14:57:38        4.20e-02        2.00e+00
       17265862        63.59354       178.07293            4.53        14:56:37        4.20e-02        2.00e+00
       17266913        63.58898       179.07332            4.54        14:55:41        4.20e-02        2.00e+00
       17268138        63.58964       180.07412            4.53        14:55:25        4.20e-02        2.00e+00
       17269349        63.58875       181.07471            4.53        14:55:06        4.20e-02        2.00e+00
DEBUG @ t=17270000: current_coupling=0.042, last=0.042
       17270480        63.58919       182.07549            4.54        14:54:27        4.20e-02        2.00e+00
       17271640        63.58663       183.07566            4.54        14:53:58        4.20e-02        2.00e+00
       17272881        63.58367       184.07619            4.54        14:53:48        4.20e-02        2.00e+00
       17273964        63.58087       185.07621            4.54        14:53:01        4.20e-02        2.00e+00
       17275073        63.57966       186.07622            4.54        14:52:19        4.20e-02        2.00e+00
       17276156        63.57698       187.07689            4.54        14:51:32        4.20e-02        2.00e+00
       17277261        63.57255       188.07752            4.55        14:50:52        4.20e-02        2.00e+00
       17278422        63.56890       189.07814            4.55        14:50:25        4.20e-02        2.00e+00
       17279636        63.56598       190.07857            4.55        14:50:09        4.20e-02        2.00e+00
DEBUG @ t=17280000: current_coupling=0.042, last=0.042
       17280871        63.56412       191.07923            4.54        14:49:58        4.20e-02        2.00e+00
       17282177        63.56575       192.07987            4.54        14:50:00        4.20e-02        2.00e+00
       17283420        63.56410       193.08053            4.54        14:49:50        4.20e-02        2.00e+00
       17284604        63.57017       194.08136            4.54        14:49:20        4.20e-02        2.00e+00
       17285825        63.57770       195.08209            4.54        14:48:57        4.20e-02        2.00e+00
       17287071        63.58126       196.08251            4.54        14:48:43        4.20e-02        2.00e+00
       17288306        63.57770       197.08292            4.54        14:48:33        4.20e-02        2.00e+00
       17289532        63.57360       198.08357            4.54        14:48:21        4.20e-02        2.00e+00
DEBUG @ t=17290000: current_coupling=0.042, last=0.042
       17290662        63.57032       199.08421            4.54        14:47:47        4.20e-02        2.00e+00
SWITCH DETECTED at timestep 17291718: t = 200.000768 ps
  Forcing immediate timestep adjustment for shock dampening
Added F(k,t) reference 1 at t = 200.002 ps
       17291825        63.56792       200.08431            4.54        14:47:19        4.20e-02        2.00e+00
       17293084        63.56563       201.08492            4.54        14:47:13        4.20e-02        2.00e+00
       17294294        63.56236       202.08543            4.54        14:46:57        4.20e-02        2.00e+00
       17295567        63.56305       203.08600            4.54        14:46:51        4.20e-02        2.00e+00
       17296727        63.56634       204.08623            4.54        14:46:19        4.20e-02        2.00e+00
       17297942        63.56811       205.08673            4.54        14:45:59        4.20e-02        2.00e+00
       17299126        63.56789       206.08741            4.54        14:45:35        4.20e-02        2.00e+00
DEBUG @ t=17300000: current_coupling=0.042, last=0.042
[HDF5 Writer DEBUG] timestep=17300000, current_time_ps=206.865, last_output_time=206.8628392938565, write_count=19850
       17300261        63.56879       207.08756            4.54        14:44:59        4.20e-02        2.00e+00
       17301404        63.56576       208.08807            4.55        14:44:29        4.20e-02        2.00e+00
       17302537        63.56395       209.08862            4.55        14:43:56        4.20e-02        2.00e+00
       17303681        63.56104       210.08870            4.55        14:43:26        4.20e-02        2.00e+00
       17304843        63.55737       211.08899            4.55        14:43:00        4.20e-02        2.00e+00
       17306032        63.55889       212.08992            4.55        14:42:36        4.20e-02        2.00e+00
       17307149        63.55723       213.09030            4.55        14:41:59        4.20e-02        2.00e+00
       17308400        63.55641       214.09067            4.55        14:41:50        4.20e-02        2.00e+00
       17309733        63.55809       215.09110            4.55        14:41:55        4.20e-02        2.00e+00
DEBUG @ t=17310000: current_coupling=0.042, last=0.042
       17310927        63.55774       216.09192            4.55        14:41:34        4.20e-02        2.00e+00
       17312079        63.55892       217.09208            4.55        14:41:02        4.20e-02        2.00e+00
       17313340        63.56674       218.09230            4.55        14:40:47        4.20e-02        2.00e+00
       17314632        63.57055       219.09252            4.55        14:40:42        4.20e-02        2.00e+00
       17315773        63.57215       220.09283            4.55        14:40:08        4.20e-02        2.00e+00
       17316980        63.57983       221.09312            4.55        14:39:43        4.20e-02        2.00e+00
       17318250        63.57966       222.09316            4.55        14:39:36        4.20e-02        2.00e+00
       17319523        63.57901       223.09364            4.55        14:39:30        4.20e-02        2.00e+00
DEBUG @ t=17320000: current_coupling=0.042, last=0.042
       17320805        63.58015       224.09374            4.55        14:39:25        4.20e-02        2.00e+00
       17321972        63.57796       225.09419            4.55        14:38:59        4.20e-02        2.00e+00
       17323179        63.57793       226.09497            4.55        14:38:40        4.20e-02        2.00e+00
       17324317        63.57601       227.09546            4.55        14:38:09        4.20e-02        2.00e+00
       17325410        63.57719       228.09624            4.55        14:37:27        4.20e-02        2.00e+00
       17326618        63.57731       229.09662            4.55        14:37:08        4.20e-02        2.00e+00
       17327824        63.57684       230.09721            4.55        14:36:49        4.20e-02        2.00e+00
       17329027        63.58479       231.09787            4.55        14:36:22        4.20e-02        2.00e+00
DEBUG @ t=17330000: current_coupling=0.042, last=0.042
       17330209        63.58603       232.09831            4.55        14:35:57        4.20e-02        2.00e+00
       17331273        63.58290       233.09846            4.55        14:35:14        4.20e-02        2.00e+00
       17332377        63.58214       234.09922            4.55        14:34:36        4.20e-02        2.00e+00
       17333599        63.58423       235.09937            4.55        14:34:18        4.20e-02        2.00e+00
       17334789        63.59059       236.09967            4.55        14:33:51        4.20e-02        2.00e+00
       17336016        63.59468       237.10039            4.55        14:33:32        4.20e-02        2.00e+00
       17337231        63.59454       238.10107            4.55        14:33:15        4.20e-02        2.00e+00
       17338388        63.59555       239.10122            4.56        14:32:46        4.20e-02        2.00e+00
       17339443        63.59294       240.10163            4.56        14:32:02        4.20e-02        2.00e+00
DEBUG @ t=17340000: current_coupling=0.042, last=0.042
       17340561        63.59302       241.10196            4.56        14:31:27        4.20e-02        2.00e+00
       17341722        63.59227       242.10238            4.56        14:31:01        4.20e-02        2.00e+00
       17342933        63.59420       243.10287            4.56        14:30:41        4.20e-02        2.00e+00
       17344124        63.59650       244.10320            4.56        14:30:18        4.20e-02        2.00e+00
       17345191        63.59458       245.10364            4.56        14:29:36        4.20e-02        2.00e+00
       17346290        63.59411       246.10444            4.56        14:28:59        4.20e-02        2.00e+00
       17347484        63.59354       247.10490            4.56        14:28:38        4.20e-02        2.00e+00
       17348684        63.59891       248.10554            4.56        14:28:14        4.20e-02        2.00e+00
       17349724        63.59730       249.10603            4.57        14:27:28        4.20e-02        2.00e+00
DEBUG @ t=17350000: current_coupling=0.042, last=0.042
       17350836        63.59773       250.10632            4.57        14:26:53        4.20e-02        2.00e+00
       17351984        63.59928       251.10697            4.57        14:26:23        4.20e-02        2.00e+00
       17353110        63.59972       252.10729            4.57        14:25:50        4.20e-02        2.00e+00
       17354198        63.60217       253.10783            4.57        14:25:10        4.20e-02        2.00e+00
       17355324        63.60040       254.10845            4.57        14:24:39        4.20e-02        2.00e+00
       17356512        63.59797       255.10868            4.57        14:24:20        4.20e-02        2.00e+00
       17357680        63.59760       256.10918            4.57        14:23:56        4.20e-02        2.00e+00
       17358834        63.60028       257.10928            4.57        14:23:27        4.20e-02        2.00e+00
DEBUG @ t=17360000: current_coupling=0.042, last=0.042
       17360062        63.60463       258.10964            4.57        14:23:09        4.20e-02        2.00e+00
       17361262        63.60280       259.11006            4.57        14:22:51        4.20e-02        2.00e+00
       17362454        63.60391       260.11008            4.57        14:22:30        4.20e-02        2.00e+00
       17363645        63.60592       261.11035            4.57        14:22:07        4.20e-02        2.00e+00
       17364859        63.60843       262.11071            4.57        14:21:48        4.20e-02        2.00e+00
       17366062        63.61592       263.11078            4.58        14:21:24        4.20e-02        2.00e+00
       17367132        63.61549       264.11149            4.58        14:20:44        4.20e-02        2.00e+00
       17368283        63.61959       265.11174            4.58        14:20:13        4.20e-02        2.00e+00
       17369426        63.62266       266.11218            4.58        14:19:43        4.20e-02        2.00e+00
DEBUG @ t=17370000: current_coupling=0.042, last=0.042
       17370494        63.62276       267.11293            4.58        14:19:02        4.20e-02        2.00e+00
       17371659        63.62199       268.11307            4.58        14:18:38        4.20e-02        2.00e+00
       17372782        63.61987       269.11363            4.58        14:18:09        4.20e-02        2.00e+00
       17373927        63.61673       270.11409            4.58        14:17:44        4.20e-02        2.00e+00
       17375090        63.61217       271.11475            4.58        14:17:23        4.20e-02        2.00e+00
       17376198        63.60970       272.11493            4.58        14:16:51        4.20e-02        2.00e+00
       17377419        63.60835       273.11538            4.58        14:16:37        4.20e-02        2.00e+00
       17378527        63.60501       274.11589            4.58        14:16:07        4.20e-02        2.00e+00
       17379588        63.60459       275.11650            4.59        14:15:26        4.20e-02        2.00e+00
DEBUG @ t=17380000: current_coupling=0.042, last=0.042
       17380701        63.60211       276.11654            4.59        14:14:56        4.20e-02        2.00e+00
       17381924        63.60257       277.11700            4.59        14:14:41        4.20e-02        2.00e+00
       17382933        63.59922       278.11773            4.59        14:13:56        4.20e-02        2.00e+00
       17383995        63.59744       279.11794            4.59        14:13:18        4.20e-02        2.00e+00
       17385144        63.59503       280.11859            4.59        14:12:53        4.20e-02        2.00e+00
       17386299        63.59273       281.11907            4.59        14:12:30        4.20e-02        2.00e+00
       17387596        63.59336       282.11966            4.59        14:12:26        4.20e-02        2.00e+00
       17388721        63.59129       283.11982            4.59        14:11:58        4.20e-02        2.00e+00
       17389928        63.59057       284.11990            4.59        14:11:41        4.20e-02        2.00e+00
DEBUG @ t=17390000: current_coupling=0.042, last=0.042
       17391075        63.59364       285.12026            4.59        14:11:12        4.20e-02        2.00e+00
       17392168        63.59161       286.12072            4.59        14:10:40        4.20e-02        2.00e+00
       17393303        63.58980       287.12073            4.59        14:10:13        4.20e-02        2.00e+00
       17394486        63.58783       288.12099            4.59        14:09:54        4.20e-02        2.00e+00
       17395584        63.58694       289.12115            4.60        14:09:21        4.20e-02        2.00e+00
       17396713        63.58592       290.12159            4.60        14:08:54        4.20e-02        2.00e+00
       17397896        63.58358       291.12202            4.60        14:08:35        4.20e-02        2.00e+00
       17399044        63.58160       292.12241            4.60        14:08:11        4.20e-02        2.00e+00
DEBUG @ t=17400000: current_coupling=0.042, last=0.042
[HDF5 Writer DEBUG] timestep=17400000, current_time_ps=292.970, last_output_time=292.9679988539242, write_count=28100
       17400183        63.58109       293.12276            4.60        14:07:44        4.20e-02        2.00e+00
       17401436        63.58672       294.12336            4.60        14:07:29        4.20e-02        2.00e+00
       17402650        63.59106       295.12387            4.60        14:07:10        4.20e-02        2.00e+00
       17403871        63.59445       296.12451            4.60        14:06:52        4.20e-02        2.00e+00
       17405073        63.59733       297.12477            4.60        14:06:31        4.20e-02        2.00e+00
       17406248        63.59602       298.12494            4.60        14:06:11        4.20e-02        2.00e+00
       17407443        63.59434       299.12569            4.60        14:05:53        4.20e-02        2.00e+00
       17408553        63.59217       300.12613            4.60        14:05:24        4.20e-02        2.00e+00
       17409764        63.59170       301.12639            4.60        14:05:08        4.20e-02        2.00e+00
DEBUG @ t=17410000: current_coupling=0.042, last=0.042
       17410980        63.59301       302.12686            4.60        14:04:51        4.20e-02        2.00e+00
       17412188        63.59090       303.12762            4.60        14:04:36        4.20e-02        2.00e+00
       17413305        63.59096       304.12832            4.60        14:04:06        4.20e-02        2.00e+00
       17414536        63.59016       305.12852            4.60        14:03:53        4.20e-02        2.00e+00
       17415750        63.58904       306.12859            4.60        14:03:37        4.20e-02        2.00e+00
       17417063        63.58783       307.12926            4.60        14:03:36        4.20e-02        2.00e+00
       17418302        63.58710       308.12962            4.60        14:03:23        4.20e-02        2.00e+00
       17419412        63.58512       309.13024            4.60        14:02:54        4.20e-02        2.00e+00
DEBUG @ t=17420000: current_coupling=0.042, last=0.042
       17420625        63.58205       310.13081            4.60        14:02:40        4.20e-02        2.00e+00
       17421701        63.58219       311.13135            4.60        14:02:05        4.20e-02        2.00e+00
       17422934        63.58359       312.13149            4.60        14:01:50        4.20e-02        2.00e+00
       17424097        63.58316       313.13211            4.60        14:01:28        4.20e-02        2.00e+00
       17425123        63.58168       314.13244            4.60        14:00:47        4.20e-02        2.00e+00
       17426209        63.58029       315.13294            4.60        14:00:15        4.20e-02        2.00e+00
       17427285        63.57994       316.13364            4.60        13:59:41        4.20e-02        2.00e+00
       17428474        63.57793       317.13387            4.60        13:59:23        4.20e-02        2.00e+00
       17429607        63.57630       318.13412            4.60        13:58:57        4.20e-02        2.00e+00
DEBUG @ t=17430000: current_coupling=0.042, last=0.042
       17430700        63.57645       319.13426            4.60        13:58:25        4.20e-02        2.00e+00
       17431826        63.57659       320.13465            4.61        13:57:57        4.20e-02        2.00e+00
       17432991        63.58324       321.13479            4.61        13:57:30        4.20e-02        2.00e+00
       17434085        63.58259       322.13520            4.61        13:56:58        4.20e-02        2.00e+00
       17435188        63.58121       323.13587            4.61        13:56:29        4.20e-02        2.00e+00
       17436299        63.58052       324.13590            4.61        13:56:00        4.20e-02        2.00e+00
       17437427        63.57871       325.13635            4.61        13:55:34        4.20e-02        2.00e+00
       17438595        63.57780       326.13693            4.61        13:55:13        4.20e-02        2.00e+00
       17439675        63.57737       327.13772            4.61        13:54:40        4.20e-02        2.00e+00
DEBUG @ t=17440000: current_coupling=0.042, last=0.042
       17440761        63.57617       328.13816            4.61        13:54:09        4.20e-02        2.00e+00
       17441941        63.57647       329.13874            4.61        13:53:49        4.20e-02        2.00e+00
       17443053        63.57563       330.13893            4.61        13:53:21        4.20e-02        2.00e+00
       17444210        63.57398       331.13936            4.61        13:52:59        4.20e-02        2.00e+00
       17445399        63.57384       332.14023            4.61        13:52:40        4.20e-02        2.00e+00
       17446496        63.57420       333.14044            4.61        13:52:09        4.20e-02        2.00e+00
       17447668        63.57653       334.14064            4.62        13:51:46        4.20e-02        2.00e+00
       17448851        63.57548       335.14086            4.62        13:51:27        4.20e-02        2.00e+00
DEBUG @ t=17450000: current_coupling=0.042, last=0.042
       17450055        63.57494       336.14109            4.62        13:51:11        4.20e-02        2.00e+00
       17451156        63.57617       337.14141            4.62        13:50:40        4.20e-02        2.00e+00
       17452265        63.57763       338.14164            4.62        13:50:10        4.20e-02        2.00e+00
       17453411        63.57666       339.14176            4.62        13:49:47        4.20e-02        2.00e+00
       17454525        63.57665       340.14185            4.62        13:49:19        4.20e-02        2.00e+00
       17455660        63.57542       341.14222            4.62        13:48:54        4.20e-02        2.00e+00
       17456818        63.57343       342.14276            4.62        13:48:33        4.20e-02        2.00e+00
       17457927        63.57366       343.14338            4.62        13:48:04        4.20e-02        2.00e+00
       17459067        63.57457       344.14358            4.62        13:47:39        4.20e-02        2.00e+00
DEBUG @ t=17460000: current_coupling=0.042, last=0.042
       17460194        63.57503       345.14376            4.62        13:47:12        4.20e-02        2.00e+00
       17461308        63.57367       346.14451            4.62        13:46:46        4.20e-02        2.00e+00
       17462449        63.57223       347.14510            4.62        13:46:22        4.20e-02        2.00e+00
       17463650        63.57140       348.14530            4.62        13:46:06        4.20e-02        2.00e+00
       17464888        63.56927       349.14547            4.62        13:45:55        4.20e-02        2.00e+00
       17466128        63.57002       350.14587            4.62        13:45:41        4.20e-02        2.00e+00
       17467271        63.56726       351.14606            4.62        13:45:19        4.20e-02        2.00e+00
       17468388        63.56663       352.14608            4.62        13:44:53        4.20e-02        2.00e+00
       17469611        63.56453       353.14654            4.62        13:44:40        4.20e-02        2.00e+00
DEBUG @ t=17470000: current_coupling=0.042, last=0.042
       17470851        63.56332       354.14676            4.62        13:44:28        4.20e-02        2.00e+00
       17472014        63.56237       355.14715            4.62        13:44:07        4.20e-02        2.00e+00
       17473085        63.56165       356.14725            4.62        13:43:35        4.20e-02        2.00e+00
       17474313        63.56574       357.14778            4.62        13:43:18        4.20e-02        2.00e+00
       17475676        63.57210       358.14812            4.62        13:43:14        4.20e-02        2.00e+00
       17476915        63.57278       359.14868            4.62        13:43:01        4.20e-02        2.00e+00
       17478071        63.57179       360.14891            4.62        13:42:39        4.20e-02        2.00e+00
       17479333        63.58261       361.14963            4.62        13:42:20        4.20e-02        2.00e+00
DEBUG @ t=17480000: current_coupling=0.042, last=0.042
       17480638        63.58268       362.14989            4.62        13:42:15        4.20e-02        2.00e+00
       17481907        63.58127       363.15009            4.62        13:42:06        4.20e-02        2.00e+00
       17483082        63.57914       364.15086            4.62        13:41:48        4.20e-02        2.00e+00
       17484200        63.57740       365.15104            4.62        13:41:22        4.20e-02        2.00e+00
       17485219        63.57447       366.15123            4.62        13:40:46        4.20e-02        2.00e+00
       17486316        63.57338       367.15139            4.62        13:40:18        4.20e-02        2.00e+00
       17487383        63.57469       368.15174            4.62        13:39:45        4.20e-02        2.00e+00
       17488628        63.57545       369.15208            4.62        13:39:32        4.20e-02        2.00e+00
       17489869        63.57349       370.15250            4.62        13:39:20        4.20e-02        2.00e+00
DEBUG @ t=17490000: current_coupling=0.042, last=0.042
       17491021        63.57095       371.15304            4.62        13:39:00        4.20e-02        2.00e+00
       17492216        63.57057       372.15331            4.62        13:38:42        4.20e-02        2.00e+00
       17493451        63.56978       373.15409            4.62        13:38:29        4.20e-02        2.00e+00
       17494524        63.56959       374.15467            4.62        13:37:58        4.20e-02        2.00e+00
       17495847        63.57456       375.15498            4.62        13:37:50        4.20e-02        2.00e+00
       17497233        63.58332       376.15547            4.62        13:37:46        4.20e-02        2.00e+00
       17498505        63.58911       377.15625            4.62        13:37:32        4.20e-02        2.00e+00
       17499662        63.58893       378.15682            4.62        13:37:10        4.20e-02        2.00e+00
DEBUG @ t=17500000: current_coupling=0.042, last=0.042
[HDF5 Writer DEBUG] timestep=17500000, current_time_ps=378.420, last_output_time=378.41577853140393, write_count=36329
       17500952        63.59066       379.15693            4.62        13:37:00        4.20e-02        2.00e+00
       17502172        63.59310       380.15706            4.62        13:36:43        4.20e-02        2.00e+00
       17503381        63.59305       381.15723            4.62        13:36:27        4.20e-02        2.00e+00
       17504554        63.59308       382.15771            4.62        13:36:06        4.20e-02        2.00e+00
       17505830        63.59678       383.15843            4.62        13:35:54        4.20e-02        2.00e+00
       17506950        63.59605       384.15922            4.62        13:35:28        4.20e-02        2.00e+00
       17508094        63.59441       385.15994            4.62        13:35:06        4.20e-02        2.00e+00
       17509242        63.59532       386.16068            4.62        13:34:42        4.20e-02        2.00e+00
DEBUG @ t=17510000: current_coupling=0.042, last=0.042
       17510444        63.59751       387.16146            4.62        13:34:22        4.20e-02        2.00e+00
       17511698        63.59837       388.16200            4.62        13:34:10        4.20e-02        2.00e+00
       17512942        63.59985       389.16268            4.62        13:33:56        4.20e-02        2.00e+00
       17514048        63.59923       390.16301            4.62        13:33:29        4.20e-02        2.00e+00
       17515322        63.59852       391.16350            4.62        13:33:19        4.20e-02        2.00e+00
       17516590        63.59855       392.16384            4.62        13:33:09        4.20e-02        2.00e+00
       17517727        63.59982       393.16425            4.62        13:32:43        4.20e-02        2.00e+00
       17519043        63.60153       394.16427            4.62        13:32:36        4.20e-02        2.00e+00
DEBUG @ t=17520000: current_coupling=0.042, last=0.042
       17520315        63.59965       395.16486            4.62        13:32:28        4.20e-02        2.00e+00
       17521541        63.59712       396.16547            4.62        13:32:14        4.20e-02        2.00e+00
       17522759        63.59421       397.16596            4.62        13:32:01        4.20e-02        2.00e+00
       17523976        63.59333       398.16681            4.62        13:31:45        4.20e-02        2.00e+00
       17525168        63.59404       399.16693            4.62        13:31:26        4.20e-02        2.00e+00
Added F(k,t) reference 2 at t = 400.002 ps
       17526402        63.59922       400.16765            4.62        13:31:08        4.20e-02        2.00e+00
       17527629        63.59821       401.16843            4.62        13:30:54        4.20e-02        2.00e+00
       17528877        63.59574       402.16870            4.61        13:30:42        4.20e-02        2.00e+00
DEBUG @ t=17530000: current_coupling=0.042, last=0.042
       17530015        63.59534       403.16876            4.61        13:30:19        4.20e-02        2.00e+00
       17531097        63.59459       404.16927            4.62        13:29:50        4.20e-02        2.00e+00
       17532151        63.59304       405.16981            4.62        13:29:18        4.20e-02        2.00e+00
       17533237        63.59112       406.17070            4.62        13:28:50        4.20e-02        2.00e+00
       17534371        63.59510       407.17146            4.62        13:28:23        4.20e-02        2.00e+00
       17535475        63.59609       408.17202            4.62        13:27:55        4.20e-02        2.00e+00
       17536698        63.59644       409.17248            4.62        13:27:39        4.20e-02        2.00e+00
       17537843        63.59547       410.17271            4.62        13:27:17        4.20e-02        2.00e+00
       17538981        63.59329       411.17293            4.62        13:26:55        4.20e-02        2.00e+00
DEBUG @ t=17540000: current_coupling=0.042, last=0.042
       17540138        63.59203       412.17370            4.62        13:26:34        4.20e-02        2.00e+00
       17541288        63.59025       413.17396            4.62        13:26:12        4.20e-02        2.00e+00
       17542397        63.58892       414.17410            4.62        13:25:47        4.20e-02        2.00e+00
       17543669        63.58691       415.17454            4.62        13:25:38        4.20e-02        2.00e+00
       17544939        63.58797       416.17526            4.62        13:25:26        4.20e-02        2.00e+00
       17546288        63.59424       417.17553            4.62        13:25:18        4.20e-02        2.00e+00
       17547687        63.59838       418.17608            4.62        13:25:16        4.20e-02        2.00e+00
       17548968        63.59700       419.17626            4.62        13:25:07        4.20e-02        2.00e+00
DEBUG @ t=17550000: current_coupling=0.042, last=0.042
       17550154        63.59482       420.17676            4.62        13:24:50        4.20e-02        2.00e+00
       17551372        63.59336       421.17711            4.62        13:24:35        4.20e-02        2.00e+00
       17552566        63.59272       422.17747            4.62        13:24:17        4.20e-02        2.00e+00
       17553747        63.59250       423.17758            4.62        13:23:57        4.20e-02        2.00e+00
       17554949        63.59276       424.17805            4.62        13:23:40        4.20e-02        2.00e+00
       17556168        63.59105       425.17818            4.61        13:23:25        4.20e-02        2.00e+00
       17557462        63.59134       426.17893            4.61        13:23:16        4.20e-02        2.00e+00
       17558528        63.59100       427.17934            4.62        13:22:45        4.20e-02        2.00e+00
       17559535        63.59072       428.17969            4.62        13:22:09        4.20e-02        2.00e+00
DEBUG @ t=17560000: current_coupling=0.042, last=0.042
       17560541        63.59057       429.18019            4.62        13:21:33        4.20e-02        2.00e+00
       17561614        63.58895       430.18032            4.62        13:21:05        4.20e-02        2.00e+00
       17562522        63.58711       431.18070            4.62        13:20:21        4.20e-02        2.00e+00
       17563678        63.58461       432.18088            4.62        13:20:01        4.20e-02        2.00e+00
       17564859        63.58581       433.18105            4.62        13:19:41        4.20e-02        2.00e+00
       17565964        63.58598       434.18135            4.62        13:19:14        4.20e-02        2.00e+00
       17567187        63.58672       435.18151            4.62        13:18:58        4.20e-02        2.00e+00
       17568343        63.58659       436.18161            4.62        13:18:37        4.20e-02        2.00e+00
       17569513        63.58836       437.18168            4.62        13:18:15        4.20e-02        2.00e+00
DEBUG @ t=17570000: current_coupling=0.042, last=0.042
       17570646        63.59127       438.18172            4.62        13:17:49        4.20e-02        2.00e+00
       17571841        63.59197       439.18195            4.62        13:17:30        4.20e-02        2.00e+00
       17572918        63.59050       440.18265            4.62        13:17:03        4.20e-02        2.00e+00
       17574110        63.58876       441.18279            4.62        13:16:46        4.20e-02        2.00e+00
       17575295        63.58711       442.18340            4.62        13:16:28        4.20e-02        2.00e+00
       17576502        63.58631       443.18344            4.62        13:16:11        4.20e-02        2.00e+00
       17577576        63.58522       444.18381            4.63        13:15:43        4.20e-02        2.00e+00
       17578624        63.58372       445.18447            4.63        13:15:13        4.20e-02        2.00e+00
       17579692        63.58251       446.18495            4.63        13:14:44        4.20e-02        2.00e+00
DEBUG @ t=17580000: current_coupling=0.042, last=0.042
       17580860        63.58394       447.18541            4.63        13:14:23        4.20e-02        2.00e+00
       17581839        63.58415       448.18603            4.63        13:13:45        4.20e-02        2.00e+00
       17582887        63.58299       449.18634            4.63        13:13:15        4.20e-02        2.00e+00
       17583959        63.58161       450.18709            4.63        13:12:47        4.20e-02        2.00e+00
       17585093        63.58074       451.18746            4.63        13:12:24        4.20e-02        2.00e+00
       17586187        63.58030       452.18811            4.63        13:11:58        4.20e-02        2.00e+00
       17587345        63.58027       453.18855            4.63        13:11:37        4.20e-02        2.00e+00
       17588394        63.58013       454.18913            4.63        13:11:06        4.20e-02        2.00e+00
       17589469        63.57930       455.18926            4.63        13:10:38        4.20e-02        2.00e+00
DEBUG @ t=17590000: current_coupling=0.042, last=0.042
       17590569        63.57808       456.18928            4.64        13:10:13        4.20e-02        2.00e+00
       17591716        63.57830       457.18977            4.64        13:09:51        4.20e-02        2.00e+00
       17592902        63.57835       458.19007            4.64        13:09:32        4.20e-02        2.00e+00
       17594131        63.57694       459.19011            4.64        13:09:19        4.20e-02        2.00e+00
       17595255        63.57508       460.19043            4.64        13:08:56        4.20e-02        2.00e+00
       17596388        63.57379       461.19118            4.64        13:08:34        4.20e-02        2.00e+00
       17597597        63.57375       462.19123            4.64        13:08:17        4.20e-02        2.00e+00
       17598689        63.57020       463.19191            4.64        13:07:53        4.20e-02        2.00e+00
       17599974        63.56771       464.19226            4.64        13:07:45        4.20e-02        2.00e+00
DEBUG @ t=17600000: current_coupling=0.042, last=0.042
[HDF5 Writer DEBUG] timestep=17600000, current_time_ps=464.212, last_output_time=464.21004925859114, write_count=44572
       17601214        63.56563       465.19275            4.63        13:07:32        4.20e-02        2.00e+00
       17602277        63.56448       466.19339            4.64        13:07:04        4.20e-02        2.00e+00
       17603394        63.56328       467.19349            4.64        13:06:41        4.20e-02        2.00e+00
       17604477        63.56165       468.19369            4.64        13:06:15        4.20e-02        2.00e+00
       17605463        63.56023       469.19438            4.64        13:05:40        4.20e-02        2.00e+00
       17606466        63.55953       470.19471            4.64        13:05:07        4.20e-02        2.00e+00
       17607563        63.55877       471.19493            4.64        13:04:41        4.20e-02        2.00e+00
       17608757        63.55959       472.19504            4.64        13:04:23        4.20e-02        2.00e+00
       17609901        63.55966       473.19559            4.64        13:04:01        4.20e-02        2.00e+00
DEBUG @ t=17610000: current_coupling=0.042, last=0.042
       17611117        63.55966       474.19591            4.64        13:03:45        4.20e-02        2.00e+00
       17612303        63.55761       475.19606            4.64        13:03:28        4.20e-02        2.00e+00
       17613486        63.55527       476.19632            4.64        13:03:11        4.20e-02        2.00e+00
       17614511        63.55285       477.19686            4.64        13:02:41        4.20e-02        2.00e+00
       17615655        63.55435       478.19729            4.64        13:02:18        4.20e-02        2.00e+00
       17616712        63.55535       479.19806            4.64        13:01:48        4.20e-02        2.00e+00
       17617797        63.55555       480.19889            4.64        13:01:21        4.20e-02        2.00e+00
       17618920        63.55593       481.19950            4.64        13:00:57        4.20e-02        2.00e+00
       17619937        63.55540       482.19960            4.65        13:00:25        4.20e-02        2.00e+00
DEBUG @ t=17620000: current_coupling=0.042, last=0.042
       17621025        63.55556       483.20049            4.65        12:59:59        4.20e-02        2.00e+00
       17622087        63.55482       484.20106            4.65        12:59:31        4.20e-02        2.00e+00
       17623184        63.55363       485.20134            4.65        12:59:06        4.20e-02        2.00e+00
       17624214        63.55141       486.20235            4.65        12:58:37        4.20e-02        2.00e+00
       17625298        63.54996       487.20312            4.65        12:58:12        4.20e-02        2.00e+00
       17626417        63.54832       488.20354            4.65        12:57:49        4.20e-02        2.00e+00
       17627459        63.54709       489.20431            4.65        12:57:20        4.20e-02        2.00e+00
       17628540        63.54794       490.20519            4.65        12:56:53        4.20e-02        2.00e+00
       17629632        63.54992       491.20527            4.65        12:56:26        4.20e-02        2.00e+00
DEBUG @ t=17630000: current_coupling=0.042, last=0.042
       17630819        63.54905       492.20591            4.65        12:56:08        4.20e-02        2.00e+00
       17631865        63.54809       493.20635            4.65        12:55:40        4.20e-02        2.00e+00
       17633010        63.54749       494.20646            4.65        12:55:19        4.20e-02        2.00e+00
       17634129        63.54682       495.20715            4.65        12:54:56        4.20e-02        2.00e+00
       17635239        63.54781       496.20720            4.66        12:54:31        4.20e-02        2.00e+00
       17636369        63.54671       497.20778            4.66        12:54:09        4.20e-02        2.00e+00
       17637486        63.54551       498.20814            4.66        12:53:46        4.20e-02        2.00e+00
       17638567        63.54436       499.20865            4.66        12:53:21        4.20e-02        2.00e+00
       17639655        63.54274       500.20941            4.66        12:52:56        4.20e-02        2.00e+00
DEBUG @ t=17640000: current_coupling=0.042, last=0.042
       17640733        63.54158       501.20991            4.66        12:52:31        4.20e-02        2.00e+00
       17641720        63.54001       502.21015            4.66        12:51:58        4.20e-02        2.00e+00
       17642740        63.53859       503.21057            4.66        12:51:28        4.20e-02        2.00e+00
       17643858        63.53775       504.21083            4.66        12:51:06        4.20e-02        2.00e+00
       17644926        63.53697       505.21159            4.66        12:50:39        4.20e-02        2.00e+00
       17645944        63.53648       506.21195            4.66        12:50:09        4.20e-02        2.00e+00
       17647046        63.53619       507.21261            4.66        12:49:44        4.20e-02        2.00e+00
       17648162        63.53561       508.21312            4.66        12:49:21        4.20e-02        2.00e+00
       17649312        63.53454       509.21315            4.66        12:49:02        4.20e-02        2.00e+00
DEBUG @ t=17650000: current_coupling=0.042, last=0.042
       17650354        63.53280       510.21320            4.66        12:48:34        4.20e-02        2.00e+00
       17651342        63.53128       511.21382            4.67        12:48:02        4.20e-02        2.00e+00
       17652380        63.52992       512.21455            4.67        12:47:34        4.20e-02        2.00e+00
       17653486        63.52906       513.21538            4.67        12:47:11        4.20e-02        2.00e+00
       17654576        63.52800       514.21581            4.67        12:46:46        4.20e-02        2.00e+00
       17655621        63.52651       515.21596            4.67        12:46:19        4.20e-02        2.00e+00
       17656708        63.52570       516.21608            4.67        12:45:54        4.20e-02        2.00e+00
       17657692        63.52399       517.21698            4.67        12:45:22        4.20e-02        2.00e+00
       17658772        63.52416       518.21700            4.67        12:44:57        4.20e-02        2.00e+00
       17659894        63.52696       519.21770            4.67        12:44:32        4.20e-02        2.00e+00
DEBUG @ t=17660000: current_coupling=0.042, last=0.042
       17660976        63.52400       520.21855            4.67        12:44:09        4.20e-02        2.00e+00
       17661971        63.52330       521.21922            4.67        12:43:37        4.20e-02        2.00e+00
       17662964        63.52152       522.21997            4.68        12:43:06        4.20e-02        2.00e+00
       17664073        63.52032       523.22066            4.68        12:42:44        4.20e-02        2.00e+00
       17665137        63.51874       524.22089            4.68        12:42:18        4.20e-02        2.00e+00
       17666083        63.51683       525.22142            4.68        12:41:44        4.20e-02        2.00e+00
       17667090        63.51543       526.22153            4.68        12:41:14        4.20e-02        2.00e+00
       17668156        63.51384       527.22173            4.68        12:40:49        4.20e-02        2.00e+00
       17669123        63.51298       528.22255            4.68        12:40:16        4.20e-02        2.00e+00
DEBUG @ t=17670000: current_coupling=0.042, last=0.042
       17670046        63.51257       529.22267            4.68        12:39:40        4.20e-02        2.00e+00
       17671031        63.51242       530.22302            4.68        12:39:08        4.20e-02        2.00e+00
       17672103        63.51018       531.22360            4.69        12:38:43        4.20e-02        2.00e+00
       17673111        63.50838       532.22415            4.69        12:38:14        4.20e-02        2.00e+00
       17674187        63.50508       533.22496            4.69        12:37:51        4.20e-02        2.00e+00
       17675297        63.50536       534.22566            4.69        12:37:28        4.20e-02        2.00e+00
       17676307        63.50445       535.22639            4.69        12:36:59        4.20e-02        2.00e+00
       17677262        63.50285       536.22683            4.69        12:36:26        4.20e-02        2.00e+00
       17678276        63.50213       537.22742            4.69        12:35:57        4.20e-02        2.00e+00
       17679368        63.49987       538.22828            4.69        12:35:34        4.20e-02        2.00e+00
DEBUG @ t=17680000: current_coupling=0.042, last=0.042
       17680441        63.49786       539.22922            4.69        12:35:10        4.20e-02        2.00e+00
       17681462        63.49376       540.23007            4.69        12:34:44        4.20e-02        2.00e+00
       17682545        63.49177       541.23058            4.69        12:34:21        4.20e-02        2.00e+00
       17683685        63.49281       542.23082            4.69        12:33:59        4.20e-02        2.00e+00
       17684729        63.49323       543.23112            4.69        12:33:32        4.20e-02        2.00e+00
       17685715        63.49304       544.23146            4.70        12:33:01        4.20e-02        2.00e+00
       17686772        63.49155       545.23233            4.70        12:32:35        4.20e-02        2.00e+00
       17687851        63.49078       546.23254            4.70        12:32:11        4.20e-02        2.00e+00
       17688974        63.48992       547.23318            4.70        12:31:50        4.20e-02        2.00e+00
DEBUG @ t=17690000: current_coupling=0.042, last=0.042
       17690019        63.48849       548.23395            4.70        12:31:24        4.20e-02        2.00e+00
       17691061        63.48732       549.23461            4.70        12:30:58        4.20e-02        2.00e+00
       17692102        63.48877       550.23470            4.70        12:30:29        4.20e-02        2.00e+00
       17693100        63.48860       551.23541            4.70        12:29:59        4.20e-02        2.00e+00
       17694217        63.48826       552.23620            4.70        12:29:37        4.20e-02        2.00e+00
       17695373        63.48734       553.23691            4.70        12:29:19        4.20e-02        2.00e+00
       17696436        63.48630       554.23698            4.70        12:28:54        4.20e-02        2.00e+00
       17697579        63.48664       555.23715            4.70        12:28:34        4.20e-02        2.00e+00
       17698776        63.48513       556.23745            4.70        12:28:19        4.20e-02        2.00e+00
       17699955        63.48388       557.23794            4.70        12:28:02        4.20e-02        2.00e+00
DEBUG @ t=17700000: current_coupling=0.042, last=0.042
[HDF5 Writer DEBUG] timestep=17700000, current_time_ps=557.276, last_output_time=557.2694317047087, write_count=53473
       17701042        63.48229       558.23853            4.70        12:27:39        4.20e-02        2.00e+00
       17702020        63.48063       559.23929            4.70        12:27:09        4.20e-02        2.00e+00
       17703146        63.47799       560.23943            4.70        12:26:50        4.20e-02        2.00e+00
       17704297        63.47763       561.24025            4.70        12:26:30        4.20e-02        2.00e+00
       17705385        63.47739       562.24051            4.70        12:26:07        4.20e-02        2.00e+00
       17706420        63.47683       563.24138            4.71        12:25:40        4.20e-02        2.00e+00
       17707404        63.47546       564.24210            4.71        12:25:10        4.20e-02        2.00e+00
       17708529        63.47436       565.24263            4.71        12:24:50        4.20e-02        2.00e+00
       17709562        63.47331       566.24309            4.71        12:24:23        4.20e-02        2.00e+00
DEBUG @ t=17710000: current_coupling=0.042, last=0.042
       17710689        63.47189       567.24349            4.71        12:24:03        4.20e-02        2.00e+00
       17711785        63.47167       568.24421            4.71        12:23:40        4.20e-02        2.00e+00
       17712916        63.47161       569.24508            4.71        12:23:20        4.20e-02        2.00e+00
       17714008        63.47502       570.24554            4.71        12:22:54        4.20e-02        2.00e+00
       17715081        63.47646       571.24638            4.71        12:22:28        4.20e-02        2.00e+00
       17716216        63.47588       572.24707            4.71        12:22:08        4.20e-02        2.00e+00
       17717347        63.47401       573.24753            4.71        12:21:49        4.20e-02        2.00e+00
       17718443        63.47407       574.24833            4.71        12:21:26        4.20e-02        2.00e+00
       17719470        63.47344       575.24864            4.71        12:20:59        4.20e-02        2.00e+00
DEBUG @ t=17720000: current_coupling=0.042, last=0.042
       17720575        63.47387       576.24945            4.71        12:20:37        4.20e-02        2.00e+00
       17721677        63.47325       577.24973            4.71        12:20:15        4.20e-02        2.00e+00
       17722725        63.47340       578.24994            4.71        12:19:48        4.20e-02        2.00e+00
       17723806        63.47493       579.25015            4.71        12:19:24        4.20e-02        2.00e+00
       17724878        63.47319       580.25071            4.71        12:19:00        4.20e-02        2.00e+00
       17725961        63.47244       581.25132            4.72        12:18:37        4.20e-02        2.00e+00
       17727091        63.46662       582.25178            4.72        12:18:21        4.20e-02        2.00e+00
       17728185        63.46200       583.25191            4.72        12:18:01        4.20e-02        2.00e+00
       17729346        63.45422       584.25216            4.71        12:17:48        4.20e-02        2.00e+00
DEBUG @ t=17730000: current_coupling=0.042, last=0.042
       17730507        63.44718       585.25265            4.71        12:17:35        4.20e-02        2.00e+00
       17731528        63.44091       586.25294            4.71        12:17:11        4.20e-02        2.00e+00
       17732593        63.43702       587.25367            4.72        12:16:49        4.20e-02        2.00e+00
       17733657        63.43480       588.25426            4.72        12:16:26        4.20e-02        2.00e+00
       17734614        63.43094       589.25460            4.72        12:15:57        4.20e-02        2.00e+00
       17735583        63.43131       590.25465            4.72        12:15:26        4.20e-02        2.00e+00
       17736642        63.43214       591.25548            4.72        12:15:01        4.20e-02        2.00e+00
       17737676        63.43209       592.25598            4.72        12:14:34        4.20e-02        2.00e+00
       17738770        63.43107       593.25664            4.72        12:14:12        4.20e-02        2.00e+00
       17739816        63.42942       594.25750            4.72        12:13:48        4.20e-02        2.00e+00
DEBUG @ t=17740000: current_coupling=0.042, last=0.042
       17740792        63.42853       595.25790            4.72        12:13:18        4.20e-02        2.00e+00
       17741861        63.42744       596.25835            4.72        12:12:55        4.20e-02        2.00e+00
       17742848        63.42637       597.25859            4.72        12:12:26        4.20e-02        2.00e+00
       17743927        63.42580       598.25928            4.72        12:12:03        4.20e-02        2.00e+00
       17745060        63.42507       599.25969            4.72        12:11:44        4.20e-02        2.00e+00
Added F(k,t) reference 3 at t = 600.002 ps
       17746194        63.42418       600.26025            4.72        12:11:24        4.20e-02        2.00e+00
       17747275        63.42436       601.26080            4.73        12:11:01        4.20e-02        2.00e+00
       17748373        63.42460       602.26142            4.73        12:10:39        4.20e-02        2.00e+00
       17749404        63.42249       603.26186            4.73        12:10:14        4.20e-02        2.00e+00
DEBUG @ t=17750000: current_coupling=0.042, last=0.042
       17750473        63.42100       604.26258            4.73        12:09:51        4.20e-02        2.00e+00
       17751571        63.41930       605.26322            4.73        12:09:30        4.20e-02        2.00e+00
       17752650        63.41853       606.26392            4.73        12:09:07        4.20e-02        2.00e+00
       17753780        63.41898       607.26421            4.73        12:08:46        4.20e-02        2.00e+00
       17754757        63.41949       608.26430            4.73        12:08:17        4.20e-02        2.00e+00
       17755829        63.41942       609.26519            4.73        12:07:53        4.20e-02        2.00e+00
       17756842        63.41851       610.26537            4.73        12:07:26        4.20e-02        2.00e+00
       17757854        63.41806       611.26554            4.73        12:06:59        4.20e-02        2.00e+00
       17758891        63.41686       612.26590            4.73        12:06:34        4.20e-02        2.00e+00
       17759938        63.41562       613.26632            4.73        12:06:10        4.20e-02        2.00e+00
DEBUG @ t=17760000: current_coupling=0.042, last=0.042
       17760996        63.41545       614.26721            4.73        12:05:46        4.20e-02        2.00e+00
       17762029        63.41477       615.26820            4.73        12:05:20        4.20e-02        2.00e+00
       17763034        63.41446       616.26892            4.74        12:04:53        4.20e-02        2.00e+00
       17764084        63.41404       617.26939            4.74        12:04:28        4.20e-02        2.00e+00
       17765151        63.41533       618.27003            4.74        12:04:04        4.20e-02        2.00e+00
       17766200        63.41546       619.27055            4.74        12:03:39        4.20e-02        2.00e+00
       17767241        63.41450       620.27097            4.74        12:03:14        4.20e-02        2.00e+00
       17768259        63.41404       621.27147            4.74        12:02:48        4.20e-02        2.00e+00
       17769240        63.41327       622.27248            4.74        12:02:20        4.20e-02        2.00e+00
DEBUG @ t=17770000: current_coupling=0.042, last=0.042
       17770273        63.41245       623.27250            4.74        12:01:55        4.20e-02        2.00e+00
       17771282        63.41105       624.27267            4.74        12:01:28        4.20e-02        2.00e+00
       17772304        63.40897       625.27268            4.74        12:01:04        4.20e-02        2.00e+00
       17773378        63.40705       626.27293            4.74        12:00:42        4.20e-02        2.00e+00
       17774424        63.40620       627.27363            4.74        12:00:18        4.20e-02        2.00e+00
       17775416        63.40668       628.27393            4.74        11:59:49        4.20e-02        2.00e+00
       17776440        63.40857       629.27453            4.75        11:59:22        4.20e-02        2.00e+00
       17777407        63.40882       630.27462            4.75        11:58:53        4.20e-02        2.00e+00
       17778385        63.40758       631.27487            4.75        11:58:25        4.20e-02        2.00e+00
       17779378        63.40597       632.27576            4.75        11:57:58        4.20e-02        2.00e+00
DEBUG @ t=17780000: current_coupling=0.042, last=0.042
       17780413        63.40518       633.27654            4.75        11:57:33        4.20e-02        2.00e+00
       17781502        63.40514       634.27707            4.75        11:57:11        4.20e-02        2.00e+00
       17782649        63.40378       635.27761            4.75        11:56:54        4.20e-02        2.00e+00
       17783725        63.40376       636.27802            4.75        11:56:31        4.20e-02        2.00e+00
       17784852        63.40456       637.27821            4.75        11:56:11        4.20e-02        2.00e+00
       17785979        63.40564       638.27838            4.75        11:55:50        4.20e-02        2.00e+00
       17787058        63.40570       639.27865            4.75        11:55:28        4.20e-02        2.00e+00
       17788142        63.40580       640.27931            4.75        11:55:05        4.20e-02        2.00e+00
       17789206        63.40732       641.27944            4.75        11:54:41        4.20e-02        2.00e+00
DEBUG @ t=17790000: current_coupling=0.042, last=0.042
       17790289        63.40696       642.28030            4.75        11:54:19        4.20e-02        2.00e+00
       17791331        63.40611       643.28099            4.75        11:53:55        4.20e-02        2.00e+00
       17792379        63.40591       644.28121            4.75        11:53:31        4.20e-02        2.00e+00
       17793444        63.40541       645.28201            4.75        11:53:08        4.20e-02        2.00e+00
       17794487        63.40466       646.28276            4.76        11:52:44        4.20e-02        2.00e+00
       17795597        63.40353       647.28333            4.76        11:52:24        4.20e-02        2.00e+00
       17796695        63.40244       648.28418            4.76        11:52:03        4.20e-02        2.00e+00
       17797804        63.40116       649.28427            4.76        11:51:44        4.20e-02        2.00e+00
       17798853        63.40056       650.28510            4.76        11:51:20        4.20e-02        2.00e+00
       17799899        63.39862       651.28552            4.76        11:50:57        4.20e-02        2.00e+00
DEBUG @ t=17800000: current_coupling=0.042, last=0.042
[HDF5 Writer DEBUG] timestep=17800000, current_time_ps=651.382, last_output_time=651.3746156082791, write_count=62495
       17800946        63.39779       652.28566            4.76        11:50:33        4.20e-02        2.00e+00
       17802002        63.39728       653.28574            4.76        11:50:10        4.20e-02        2.00e+00
       17803047        63.39640       654.28653            4.76        11:49:47        4.20e-02        2.00e+00
       17804100        63.39794       655.28658            4.76        11:49:22        4.20e-02        2.00e+00
       17805159        63.39769       656.28683            4.76        11:48:59        4.20e-02        2.00e+00
       17806167        63.39740       657.28762            4.76        11:48:33        4.20e-02        2.00e+00
       17807220        63.39692       658.28849            4.76        11:48:09        4.20e-02        2.00e+00
       17808336        63.39653       659.28894            4.76        11:47:49        4.20e-02        2.00e+00
       17809432        63.39551       660.28949            4.76        11:47:29        4.20e-02        2.00e+00
DEBUG @ t=17810000: current_coupling=0.042, last=0.042
       17810448        63.39457       661.28975            4.76        11:47:04        4.20e-02        2.00e+00
       17811532        63.39342       662.29012            4.76        11:46:43        4.20e-02        2.00e+00
       17812623        63.39263       663.29049            4.76        11:46:22        4.20e-02        2.00e+00
       17813631        63.39214       664.29070            4.76        11:45:56        4.20e-02        2.00e+00
       17814798        63.39235       665.29104            4.76        11:45:39        4.20e-02        2.00e+00
       17815835        63.39129       666.29106            4.76        11:45:15        4.20e-02        2.00e+00
       17816932        63.39033       667.29107            4.77        11:44:55        4.20e-02        2.00e+00
       17818088        63.38969       668.29136            4.77        11:44:38        4.20e-02        2.00e+00
       17819261        63.38920       669.29193            4.76        11:44:21        4.20e-02        2.00e+00
DEBUG @ t=17820000: current_coupling=0.042, last=0.042
       17820494        63.38975       670.29225            4.76        11:44:07        4.20e-02        2.00e+00
       17821648        63.38874       671.29246            4.76        11:43:50        4.20e-02        2.00e+00
       17822765        63.38817       672.29335            4.76        11:43:30        4.20e-02        2.00e+00
       17823903        63.38897       673.29388            4.76        11:43:11        4.20e-02        2.00e+00
       17825139        63.38940       674.29452            4.76        11:42:57        4.20e-02        2.00e+00
       17826339        63.38853       675.29522            4.76        11:42:42        4.20e-02        2.00e+00
       17827483        63.38766       676.29524            4.76        11:42:24        4.20e-02        2.00e+00
       17828601        63.38575       677.29526            4.76        11:42:06        4.20e-02        2.00e+00
       17829749        63.38544       678.29584            4.76        11:41:48        4.20e-02        2.00e+00
DEBUG @ t=17830000: current_coupling=0.042, last=0.042
       17831028        63.38640       679.29625            4.76        11:41:36        4.20e-02        2.00e+00
       17832266        63.38629       680.29637            4.76        11:41:23        4.20e-02        2.00e+00
       17833417        63.38645       681.29642            4.76        11:41:04        4.20e-02        2.00e+00
       17834583        63.38816       682.29719            4.76        11:40:46        4.20e-02        2.00e+00
       17835783        63.38732       683.29728            4.76        11:40:31        4.20e-02        2.00e+00
       17836929        63.38697       684.29814            4.76        11:40:13        4.20e-02        2.00e+00
       17838063        63.38706       685.29854            4.76        11:39:54        4.20e-02        2.00e+00
       17839269        63.38621       686.29890            4.76        11:39:39        4.20e-02        2.00e+00
DEBUG @ t=17840000: current_coupling=0.042, last=0.042
       17840293        63.38549       687.29920            4.76        11:39:15        4.20e-02        2.00e+00
       17841374        63.38481       688.29954            4.76        11:38:53        4.20e-02        2.00e+00
       17842544        63.38538       689.30006            4.76        11:38:36        4.20e-02        2.00e+00
       17843575        63.38583       690.30062            4.76        11:38:11        4.20e-02        2.00e+00
       17844696        63.38382       691.30113            4.76        11:37:53        4.20e-02        2.00e+00
       17845761        63.38260       692.30136            4.76        11:37:31        4.20e-02        2.00e+00
       17846855        63.38252       693.30141            4.76        11:37:10        4.20e-02        2.00e+00
       17848038        63.38190       694.30192            4.76        11:36:54        4.20e-02        2.00e+00
       17849127        63.38088       695.30213            4.76        11:36:33        4.20e-02        2.00e+00
DEBUG @ t=17850000: current_coupling=0.042, last=0.042
       17850218        63.37978       696.30296            4.76        11:36:13        4.20e-02        2.00e+00
       17851368        63.37951       697.30331            4.76        11:35:55        4.20e-02        2.00e+00
       17852444        63.37965       698.30364            4.77        11:35:33        4.20e-02        2.00e+00
       17853577        63.38262       699.30426            4.77        11:35:12        4.20e-02        2.00e+00
       17854688        63.38368       700.30479            4.77        11:34:51        4.20e-02        2.00e+00
       17855863        63.38457       701.30519            4.77        11:34:33        4.20e-02        2.00e+00
       17856892        63.38490       702.30531            4.77        11:34:09        4.20e-02        2.00e+00
       17857961        63.38496       703.30583            4.77        11:33:47        4.20e-02        2.00e+00
       17858996        63.38499       704.30594            4.77        11:33:23        4.20e-02        2.00e+00
DEBUG @ t=17860000: current_coupling=0.042, last=0.042
       17860105        63.38534       705.30617            4.77        11:33:02        4.20e-02        2.00e+00
       17861217        63.38606       706.30669            4.77        11:32:42        4.20e-02        2.00e+00
       17862267        63.38648       707.30686            4.77        11:32:18        4.20e-02        2.00e+00
       17863337        63.38668       708.30745            4.77        11:31:56        4.20e-02        2.00e+00
       17864412        63.38701       709.30831            4.77        11:31:34        4.20e-02        2.00e+00
       17865584        63.38667       710.30907            4.77        11:31:17        4.20e-02        2.00e+00
       17866730        63.38581       711.30911            4.77        11:30:59        4.20e-02        2.00e+00
       17867812        63.38506       712.30953            4.77        11:30:38        4.20e-02        2.00e+00
       17868922        63.38438       713.30955            4.77        11:30:19        4.20e-02        2.00e+00
       17869990        63.38403       714.30971            4.77        11:29:57        4.20e-02        2.00e+00
DEBUG @ t=17870000: current_coupling=0.042, last=0.042
       17871039        63.38385       715.31057            4.77        11:29:34        4.20e-02        2.00e+00
       17872037        63.38270       716.31101            4.77        11:29:09        4.20e-02        2.00e+00
       17873150        63.38264       717.31183            4.77        11:28:49        4.20e-02        2.00e+00
       17874241        63.38321       718.31241            4.77        11:28:28        4.20e-02        2.00e+00
       17875285        63.38333       719.31272            4.77        11:28:04        4.20e-02        2.00e+00
       17876429        63.38489       720.31332            4.77        11:27:45        4.20e-02        2.00e+00
       17877488        63.38546       721.31375            4.77        11:27:22        4.20e-02        2.00e+00
       17878469        63.38472       722.31428            4.77        11:26:56        4.20e-02        2.00e+00
       17879526        63.38399       723.31501            4.78        11:26:34        4.20e-02        2.00e+00
DEBUG @ t=17880000: current_coupling=0.042, last=0.042
       17880676        63.38345       724.31534            4.77        11:26:16        4.20e-02        2.00e+00
       17881710        63.38323       725.31536            4.78        11:25:53        4.20e-02        2.00e+00
       17882770        63.38234       726.31563            4.78        11:25:31        4.20e-02        2.00e+00
       17884004        63.38154       727.31574            4.78        11:25:18        4.20e-02        2.00e+00
       17885120        63.38064       728.31602            4.78        11:24:59        4.20e-02        2.00e+00
       17886201        63.38061       729.31636            4.78        11:24:37        4.20e-02        2.00e+00
       17887315        63.37977       730.31715            4.78        11:24:18        4.20e-02        2.00e+00
       17888346        63.37966       731.31753            4.78        11:23:54        4.20e-02        2.00e+00
       17889398        63.37933       732.31762            4.78        11:23:32        4.20e-02        2.00e+00
DEBUG @ t=17890000: current_coupling=0.042, last=0.042
       17890451        63.37882       733.31849            4.78        11:23:10        4.20e-02        2.00e+00
       17891484        63.37802       734.31881            4.78        11:22:46        4.20e-02        2.00e+00
       17892434        63.37733       735.31936            4.78        11:22:19        4.20e-02        2.00e+00
       17893420        63.37623       736.32029            4.78        11:21:54        4.20e-02        2.00e+00
       17894462        63.37523       737.32071            4.78        11:21:32        4.20e-02        2.00e+00
       17895523        63.37410       738.32150            4.78        11:21:10        4.20e-02        2.00e+00
       17896556        63.37335       739.32206            4.78        11:20:47        4.20e-02        2.00e+00
       17897651        63.37357       740.32218            4.78        11:20:26        4.20e-02        2.00e+00
       17898732        63.37370       741.32287            4.78        11:20:05        4.20e-02        2.00e+00
       17899738        63.37397       742.32336            4.78        11:19:40        4.20e-02        2.00e+00
DEBUG @ t=17900000: current_coupling=0.042, last=0.042
[HDF5 Writer DEBUG] timestep=17900000, current_time_ps=742.594, last_output_time=742.5840437270828, write_count=71206
       17900705        63.37292       743.32367            4.78        11:19:14        4.20e-02        2.00e+00
       17901827        63.37232       744.32376            4.78        11:18:56        4.20e-02        2.00e+00
       17902984        63.37448       745.32383            4.78        11:18:37        4.20e-02        2.00e+00
       17904069        63.37408       746.32455            4.78        11:18:16        4.20e-02        2.00e+00
       17905094        63.37317       747.32544            4.79        11:17:53        4.20e-02        2.00e+00
       17906148        63.37358       748.32562            4.79        11:17:30        4.20e-02        2.00e+00
       17907275        63.37392       749.32579            4.79        11:17:11        4.20e-02        2.00e+00
       17908377        63.37502       750.32651            4.79        11:16:50        4.20e-02        2.00e+00
       17909452        63.37610       751.32726            4.79        11:16:28        4.20e-02        2.00e+00
DEBUG @ t=17910000: current_coupling=0.042, last=0.042
       17910499        63.37598       752.32750            4.79        11:16:06        4.20e-02        2.00e+00
       17911523        63.37589       753.32775            4.79        11:15:42        4.20e-02        2.00e+00
       17912551        63.37489       754.32823            4.79        11:15:19        4.20e-02        2.00e+00
       17913583        63.37385       755.32871            4.79        11:14:57        4.20e-02        2.00e+00
       17914571        63.37210       756.32969            4.79        11:14:32        4.20e-02        2.00e+00
       17915658        63.37095       757.33042            4.79        11:14:12        4.20e-02        2.00e+00
       17916719        63.36982       758.33096            4.79        11:13:51        4.20e-02        2.00e+00
       17917791        63.36858       759.33123            4.79        11:13:31        4.20e-02        2.00e+00
       17918994        63.37144       760.33208            4.79        11:13:13        4.20e-02        2.00e+00
DEBUG @ t=17920000: current_coupling=0.042, last=0.042
       17920024        63.37074       761.33254            4.79        11:12:51        4.20e-02        2.00e+00
       17921061        63.36695       762.33308            4.79        11:12:30        4.20e-02        2.00e+00
       17922094        63.36079       763.33399            4.79        11:12:11        4.20e-02        2.00e+00
       17923207        63.35546       764.33443            4.79        11:11:55        4.20e-02        2.00e+00
       17924447        63.34992       765.33448            4.79        11:11:45        4.20e-02        2.00e+00
       17925568        63.34536       766.33460            4.79        11:11:29        4.20e-02        2.00e+00
       17926623        63.34518       767.33525            4.79        11:11:07        4.20e-02        2.00e+00
       17927673        63.34551       768.33598            4.79        11:10:44        4.20e-02        2.00e+00
       17928723        63.34543       769.33641            4.79        11:10:22        4.20e-02        2.00e+00
       17929786        63.34530       770.33734            4.79        11:10:00        4.20e-02        2.00e+00
DEBUG @ t=17930000: current_coupling=0.042, last=0.042
       17930826        63.34518       771.33792            4.79        11:09:37        4.20e-02        2.00e+00
       17931914        63.34538       772.33832            4.79        11:09:17        4.20e-02        2.00e+00
       17932987        63.34586       773.33866            4.79        11:08:55        4.20e-02        2.00e+00
       17934063        63.34552       774.33883            4.79        11:08:35        4.20e-02        2.00e+00
       17935208        63.34521       775.33959            4.79        11:08:17        4.20e-02        2.00e+00
       17936237        63.34471       776.34004            4.79        11:07:54        4.20e-02        2.00e+00
       17937380        63.34389       777.34029            4.79        11:07:37        4.20e-02        2.00e+00
       17938708        63.34413       778.34099            4.79        11:07:27        4.20e-02        2.00e+00
DEBUG @ t=17940000: current_coupling=0.042, last=0.042
       17940022        63.34434       779.34131            4.79        11:07:16        4.20e-02        2.00e+00
       17941319        63.34446       780.34174            4.79        11:07:05        4.20e-02        2.00e+00
       17942377        63.34439       781.34267            4.79        11:06:43        4.20e-02        2.00e+00
       17943433        63.34403       782.34333            4.79        11:06:22        4.20e-02        2.00e+00
       17944730        63.34517       783.34365            4.79        11:06:10        4.20e-02        2.00e+00
       17945787        63.34568       784.34433            4.79        11:05:47        4.20e-02        2.00e+00
       17946804        63.34572       785.34446            4.79        11:05:24        4.20e-02        2.00e+00
       17947798        63.34681       786.34459            4.79        11:04:59        4.20e-02        2.00e+00
       17948774        63.34593       787.34466            4.79        11:04:34        4.20e-02        2.00e+00
       17949850        63.34611       788.34528            4.79        11:04:13        4.20e-02        2.00e+00
DEBUG @ t=17950000: current_coupling=0.042, last=0.042
       17950918        63.34605       789.34551            4.80        11:03:51        4.20e-02        2.00e+00
       17952136        63.34701       790.34607            4.79        11:03:36        4.20e-02        2.00e+00
       17953264        63.34733       791.34615            4.79        11:03:17        4.20e-02        2.00e+00
       17954432        63.34698       792.34687            4.79        11:03:01        4.20e-02        2.00e+00
       17955642        63.34610       793.34752            4.79        11:02:46        4.20e-02        2.00e+00
       17956743        63.34657       794.34773            4.79        11:02:26        4.20e-02        2.00e+00
       17957825        63.34720       795.34815            4.79        11:02:05        4.20e-02        2.00e+00
       17958942        63.34814       796.34821            4.80        11:01:45        4.20e-02        2.00e+00
       17959972        63.34844       797.34872            4.80        11:01:22        4.20e-02        2.00e+00
DEBUG @ t=17960000: current_coupling=0.042, last=0.042
       17960985        63.34677       798.34906            4.80        11:01:00        4.20e-02        2.00e+00
       17962026        63.34477       799.34987            4.80        11:00:38        4.20e-02        2.00e+00
Added F(k,t) reference 4 at t = 800.003 ps
       17963081        63.34324       800.35014            4.80        11:00:18        4.20e-02        2.00e+00
       17964167        63.34155       801.35039            4.80        10:59:58        4.20e-02        2.00e+00
       17965193        63.34148       802.35135            4.80        10:59:35        4.20e-02        2.00e+00
       17966148        63.34060       803.35170            4.80        10:59:10        4.20e-02        2.00e+00
       17967131        63.34102       804.35171            4.80        10:58:45        4.20e-02        2.00e+00
       17968109        63.34060       805.35280            4.80        10:58:20        4.20e-02        2.00e+00
       17969055        63.34043       806.35289            4.80        10:57:54        4.20e-02        2.00e+00
DEBUG @ t=17970000: current_coupling=0.042, last=0.042
       17970075        63.34017       807.35378            4.80        10:57:31        4.20e-02        2.00e+00
       17971156        63.33945       808.35410            4.80        10:57:11        4.20e-02        2.00e+00
       17972289        63.34062       809.35443            4.80        10:56:52        4.20e-02        2.00e+00
       17973483        63.34110       810.35496            4.80        10:56:36        4.20e-02        2.00e+00
       17974599        63.34063       811.35573            4.80        10:56:17        4.20e-02        2.00e+00
       17975607        63.34000       812.35659            4.80        10:55:54        4.20e-02        2.00e+00
       17976632        63.33890       813.35679            4.80        10:55:31        4.20e-02        2.00e+00
       17977634        63.33808       814.35742            4.80        10:55:08        4.20e-02        2.00e+00
       17978735        63.33791       815.35753            4.80        10:54:49        4.20e-02        2.00e+00
       17979733        63.33897       816.35790            4.81        10:54:24        4.20e-02        2.00e+00
DEBUG @ t=17980000: current_coupling=0.042, last=0.042
       17980850        63.34027       817.35804            4.81        10:54:04        4.20e-02        2.00e+00
       17981930        63.34037       818.35826            4.81        10:53:44        4.20e-02        2.00e+00
       17983043        63.34021       819.35892            4.81        10:53:25        4.20e-02        2.00e+00
       17984048        63.33941       820.35955            4.81        10:53:02        4.20e-02        2.00e+00
       17985060        63.33885       821.36016            4.81        10:52:39        4.20e-02        2.00e+00
       17986152        63.33883       822.36017            4.81        10:52:19        4.20e-02        2.00e+00
       17987272        63.33803       823.36055            4.81        10:52:00        4.20e-02        2.00e+00
       17988404        63.33708       824.36057            4.81        10:51:43        4.20e-02        2.00e+00
       17989539        63.33699       825.36142            4.81        10:51:25        4.20e-02        2.00e+00
DEBUG @ t=17990000: current_coupling=0.042, last=0.042
       17990702        63.34071       826.36186            4.81        10:51:05        4.20e-02        2.00e+00
       17991791        63.34009       827.36192            4.81        10:50:46        4.20e-02        2.00e+00
       17992883        63.33920       828.36256            4.81        10:50:26        4.20e-02        2.00e+00
       17994015        63.33880       829.36260            4.81        10:50:08        4.20e-02        2.00e+00
       17995051        63.33855       830.36303            4.81        10:49:46        4.20e-02        2.00e+00
       17996196        63.33893       831.36313            4.81        10:49:28        4.20e-02        2.00e+00
       17997280        63.33832       832.36400            4.81        10:49:08        4.20e-02        2.00e+00
       17998419        63.33765       833.36441            4.81        10:48:51        4.20e-02        2.00e+00
       17999588        63.33700       834.36503            4.81        10:48:35        4.20e-02        2.00e+00
DEBUG @ t=18000000: current_coupling=0.042, last=0.042
[HDF5 Writer DEBUG] timestep=18000000, current_time_ps=834.773, last_output_time=834.7653656778074, write_count=80027
       18000567        63.33604       835.36590            4.81        10:48:11        4.20e-02        2.00e+00
       18001529        63.33507       836.36602            4.81        10:47:46        4.20e-02        2.00e+00
       18002665        63.33444       837.36606            4.81        10:47:28        4.20e-02        2.00e+00
       18003831        63.33325       838.36633            4.81        10:47:12        4.20e-02        2.00e+00
       18004890        63.33127       839.36650            4.81        10:46:52        4.20e-02        2.00e+00
       18006067        63.33091       840.36665            4.81        10:46:36        4.20e-02        2.00e+00
       18007146        63.33073       841.36709            4.81        10:46:16        4.20e-02        2.00e+00
       18008154        63.32995       842.36764            4.81        10:45:53        4.20e-02        2.00e+00
       18009216        63.32924       843.36800            4.81        10:45:33        4.20e-02        2.00e+00
DEBUG @ t=18010000: current_coupling=0.042, last=0.042
       18010228        63.32825       844.36892            4.81        10:45:10        4.20e-02        2.00e+00
       18011281        63.32723       845.36970            4.81        10:44:49        4.20e-02        2.00e+00
       18012386        63.32669       846.37034            4.81        10:44:30        4.20e-02        2.00e+00
       18013530        63.32630       847.37060            4.81        10:44:13        4.20e-02        2.00e+00
       18014692        63.32576       848.37129            4.81        10:43:56        4.20e-02        2.00e+00
       18015834        63.32529       849.37217            4.81        10:43:39        4.20e-02        2.00e+00
       18016922        63.32491       850.37305            4.81        10:43:19        4.20e-02        2.00e+00
       18018055        63.32477       851.37379            4.81        10:43:01        4.20e-02        2.00e+00
       18019174        63.32509       852.37462            4.81        10:42:42        4.20e-02        2.00e+00
DEBUG @ t=18020000: current_coupling=0.042, last=0.042
       18020274        63.32593       853.37518            4.81        10:42:22        4.20e-02        2.00e+00
       18021364        63.32559       854.37578            4.81        10:42:02        4.20e-02        2.00e+00
       18022433        63.32470       855.37626            4.81        10:41:42        4.20e-02        2.00e+00
       18023565        63.32420       856.37638            4.81        10:41:24        4.20e-02        2.00e+00
       18024660        63.32389       857.37663            4.81        10:41:05        4.20e-02        2.00e+00
       18025746        63.32393       858.37684            4.81        10:40:45        4.20e-02        2.00e+00
       18026861        63.32341       859.37738            4.81        10:40:26        4.20e-02        2.00e+00
       18027954        63.32267       860.37802            4.81        10:40:07        4.20e-02        2.00e+00
       18029088        63.32193       861.37810            4.81        10:39:50        4.20e-02        2.00e+00
DEBUG @ t=18030000: current_coupling=0.042, last=0.042
       18030190        63.32146       862.37814            4.81        10:39:31        4.20e-02        2.00e+00
       18031214        63.32077       863.37891            4.81        10:39:09        4.20e-02        2.00e+00
       18032240        63.32042       864.37915            4.81        10:38:46        4.20e-02        2.00e+00
       18033326        63.32068       865.37954            4.81        10:38:26        4.20e-02        2.00e+00
       18034377        63.32118       866.38018            4.82        10:38:05        4.20e-02        2.00e+00
       18035472        63.32332       867.38090            4.82        10:37:44        4.20e-02        2.00e+00
       18036450        63.32348       868.38155            4.82        10:37:20        4.20e-02        2.00e+00
       18037432        63.32422       869.38253            4.82        10:36:55        4.20e-02        2.00e+00
       18038566        63.32518       870.38319            4.82        10:36:37        4.20e-02        2.00e+00
       18039610        63.32634       871.38376            4.82        10:36:14        4.20e-02        2.00e+00
DEBUG @ t=18040000: current_coupling=0.042, last=0.042
       18040758        63.32726       872.38379            4.82        10:35:56        4.20e-02        2.00e+00
       18041840        63.32851       873.38401            4.82        10:35:36        4.20e-02        2.00e+00
       18042824        63.32875       874.38486            4.82        10:35:12        4.20e-02        2.00e+00
       18043757        63.32878       875.38494            4.82        10:34:46        4.20e-02        2.00e+00
       18044916        63.32961       876.38547            4.82        10:34:28        4.20e-02        2.00e+00
       18046050        63.33019       877.38570            4.82        10:34:10        4.20e-02        2.00e+00
       18047104        63.33088       878.38635            4.82        10:33:49        4.20e-02        2.00e+00
       18048151        63.33130       879.38646            4.82        10:33:27        4.20e-02        2.00e+00
       18049209        63.33100       880.38747            4.82        10:33:06        4.20e-02        2.00e+00
DEBUG @ t=18050000: current_coupling=0.042, last=0.042
       18050221        63.33073       881.38748            4.82        10:32:44        4.20e-02        2.00e+00
       18051293        63.33098       882.38812            4.82        10:32:23        4.20e-02        2.00e+00
       18052297        63.33085       883.38855            4.82        10:32:01        4.20e-02        2.00e+00
       18053245        63.33090       884.38863            4.82        10:31:36        4.20e-02        2.00e+00
       18054213        63.33107       885.38928            4.82        10:31:11        4.20e-02        2.00e+00
       18055237        63.33086       886.38955            4.82        10:30:49        4.20e-02        2.00e+00
       18056280        63.33111       887.38994            4.83        10:30:28        4.20e-02        2.00e+00
       18057397        63.33168       888.39073            4.83        10:30:09        4.20e-02        2.00e+00
       18058626        63.33251       889.39081            4.82        10:29:54        4.20e-02        2.00e+00
       18059818        63.33269       890.39174            4.82        10:29:38        4.20e-02        2.00e+00
DEBUG @ t=18060000: current_coupling=0.042, last=0.042
       18060877        63.33304       891.39253            4.83        10:29:17        4.20e-02        2.00e+00
       18062094        63.33597       892.39325            4.82        10:29:01        4.20e-02        2.00e+00
       18063268        63.33618       893.39375            4.82        10:28:44        4.20e-02        2.00e+00
       18064412        63.33675       894.39394            4.82        10:28:26        4.20e-02        2.00e+00
       18065599        63.33757       895.39476            4.82        10:28:10        4.20e-02        2.00e+00
       18066732        63.33849       896.39512            4.82        10:27:51        4.20e-02        2.00e+00
       18067941        63.33908       897.39586            4.82        10:27:36        4.20e-02        2.00e+00
       18068986        63.33948       898.39670            4.82        10:27:14        4.20e-02        2.00e+00
DEBUG @ t=18070000: current_coupling=0.042, last=0.042
       18070019        63.34006       899.39706            4.83        10:26:52        4.20e-02        2.00e+00
       18071108        63.34086       900.39744            4.83        10:26:32        4.20e-02        2.00e+00
       18072301        63.34276       901.39775            4.83        10:26:15        4.20e-02        2.00e+00
       18073402        63.34397       902.39820            4.83        10:25:55        4.20e-02        2.00e+00
       18074466        63.34506       903.39888            4.83        10:25:34        4.20e-02        2.00e+00
       18075569        63.34608       904.39937            4.83        10:25:14        4.20e-02        2.00e+00
       18076695        63.34675       905.39944            4.83        10:24:56        4.20e-02        2.00e+00
       18077850        63.34837       906.39964            4.83        10:24:38        4.20e-02        2.00e+00
       18078885        63.34740       907.40031            4.83        10:24:17        4.20e-02        2.00e+00
       18079995        63.34927       908.40036            4.83        10:23:57        4.20e-02        2.00e+00
DEBUG @ t=18080000: current_coupling=0.042, last=0.042
       18081160        63.35071       909.40110            4.83        10:23:39        4.20e-02        2.00e+00
       18082312        63.35086       910.40169            4.83        10:23:22        4.20e-02        2.00e+00
       18083473        63.35046       911.40237            4.83        10:23:05        4.20e-02        2.00e+00
       18084603        63.35050       912.40254            4.83        10:22:47        4.20e-02        2.00e+00
       18085672        63.35103       913.40325            4.83        10:22:26        4.20e-02        2.00e+00
       18086749        63.35190       914.40374            4.83        10:22:06        4.20e-02        2.00e+00
       18087836        63.35271       915.40403            4.83        10:21:46        4.20e-02        2.00e+00
       18088882        63.35293       916.40460            4.83        10:21:25        4.20e-02        2.00e+00
       18089991        63.35315       917.40494            4.83        10:21:06        4.20e-02        2.00e+00
DEBUG @ t=18090000: current_coupling=0.042, last=0.042
       18091102        63.35389       918.40509            4.83        10:20:47        4.20e-02        2.00e+00
       18092159        63.35374       919.40574            4.83        10:20:26        4.20e-02        2.00e+00
       18093243        63.35361       920.40593            4.83        10:20:06        4.20e-02        2.00e+00
       18094425        63.35457       921.40636            4.83        10:19:50        4.20e-02        2.00e+00
       18095524        63.35615       922.40639            4.83        10:19:30        4.20e-02        2.00e+00
       18096531        63.35600       923.40676            4.83        10:19:07        4.20e-02        2.00e+00
       18097625        63.35574       924.40713            4.83        10:18:48        4.20e-02        2.00e+00
       18098797        63.35604       925.40766            4.83        10:18:31        4.20e-02        2.00e+00
       18099901        63.35677       926.40835            4.83        10:18:12        4.20e-02        2.00e+00
DEBUG @ t=18100000: current_coupling=0.042, last=0.042
[HDF5 Writer DEBUG] timestep=18100000, current_time_ps=926.496, last_output_time=926.488803066707, write_count=88815
       18101025        63.35749       927.40920            4.83        10:17:53        4.20e-02        2.00e+00
       18102113        63.35817       928.40956            4.83        10:17:33        4.20e-02        2.00e+00
       18103172        63.35850       929.40976            4.83        10:17:13        4.20e-02        2.00e+00
       18104282        63.35938       930.41058            4.83        10:16:53        4.20e-02        2.00e+00
       18105469        63.36059       931.41107            4.83        10:16:37        4.20e-02        2.00e+00
       18106558        63.36033       932.41123            4.83        10:16:17        4.20e-02        2.00e+00
       18107678        63.36096       933.41177            4.83        10:15:59        4.20e-02        2.00e+00
       18108810        63.36071       934.41222            4.83        10:15:41        4.20e-02        2.00e+00
       18109979        63.35972       935.41277            4.83        10:15:25        4.20e-02        2.00e+00
DEBUG @ t=18110000: current_coupling=0.042, last=0.042
       18111091        63.35878       936.41290            4.83        10:15:07        4.20e-02        2.00e+00
       18112077        63.35851       937.41353            4.83        10:14:44        4.20e-02        2.00e+00
       18113108        63.35811       938.41361            4.83        10:14:23        4.20e-02        2.00e+00
       18114252        63.35889       939.41411            4.83        10:14:05        4.20e-02        2.00e+00
       18115320        63.36003       940.41435            4.83        10:13:44        4.20e-02        2.00e+00
       18116327        63.35955       941.41444            4.83        10:13:22        4.20e-02        2.00e+00
       18117447        63.35951       942.41489            4.83        10:13:04        4.20e-02        2.00e+00
       18118532        63.35928       943.41534            4.83        10:12:44        4.20e-02        2.00e+00
       18119663        63.35919       944.41621            4.83        10:12:26        4.20e-02        2.00e+00
DEBUG @ t=18120000: current_coupling=0.042, last=0.042
       18120813        63.35870       945.41681            4.83        10:12:09        4.20e-02        2.00e+00
       18121832        63.35804       946.41703            4.83        10:11:48        4.20e-02        2.00e+00
       18122918        63.35723       947.41761            4.83        10:11:29        4.20e-02        2.00e+00
       18124050        63.35620       948.41768            4.83        10:11:11        4.20e-02        2.00e+00
       18125123        63.35534       949.41799            4.83        10:10:52        4.20e-02        2.00e+00
       18126212        63.35539       950.41802            4.83        10:10:33        4.20e-02        2.00e+00
       18127268        63.35527       951.41816            4.83        10:10:12        4.20e-02        2.00e+00
       18128318        63.35559       952.41819            4.83        10:09:51        4.20e-02        2.00e+00
       18129403        63.35615       953.41843            4.83        10:09:32        4.20e-02        2.00e+00
DEBUG @ t=18130000: current_coupling=0.042, last=0.042
       18130495        63.35529       954.41861            4.84        10:09:13        4.20e-02        2.00e+00
       18131635        63.35535       955.41938            4.84        10:08:55        4.20e-02        2.00e+00
       18132791        63.35544       956.41950            4.83        10:08:38        4.20e-02        2.00e+00
       18133764        63.35526       957.41992            4.84        10:08:15        4.20e-02        2.00e+00
       18134772        63.35527       958.42078            4.84        10:07:53        4.20e-02        2.00e+00
       18135775        63.35520       959.42089            4.84        10:07:31        4.20e-02        2.00e+00
       18136808        63.35526       960.42152            4.84        10:07:09        4.20e-02        2.00e+00
       18137945        63.35567       961.42167            4.84        10:06:52        4.20e-02        2.00e+00
       18139060        63.35539       962.42229            4.84        10:06:33        4.20e-02        2.00e+00
DEBUG @ t=18140000: current_coupling=0.042, last=0.042
       18140072        63.35477       963.42246            4.84        10:06:12        4.20e-02        2.00e+00
       18141061        63.35384       964.42285            4.84        10:05:50        4.20e-02        2.00e+00
       18142060        63.35313       965.42334            4.84        10:05:28        4.20e-02        2.00e+00
       18143060        63.35300       966.42375            4.84        10:05:06        4.20e-02        2.00e+00
       18144084        63.35242       967.42432            4.84        10:04:44        4.20e-02        2.00e+00
       18145033        63.35192       968.42493            4.84        10:04:21        4.20e-02        2.00e+00
       18146019        63.35168       969.42504            4.84        10:03:58        4.20e-02        2.00e+00
       18147003        63.35140       970.42549            4.84        10:03:36        4.20e-02        2.00e+00
       18148056        63.35203       971.42627            4.84        10:03:15        4.20e-02        2.00e+00
       18149081        63.35130       972.42716            4.84        10:02:54        4.20e-02        2.00e+00
DEBUG @ t=18150000: current_coupling=0.042, last=0.042
       18150064        63.34231       973.42747            4.84        10:02:36        4.20e-02        2.00e+00
       18151123        63.34262       974.42841            4.84        10:02:16        4.20e-02        2.00e+00
       18152126        63.34255       975.42847            4.84        10:01:54        4.20e-02        2.00e+00
       18153080        63.34197       976.42863            4.84        10:01:31        4.20e-02        2.00e+00
       18154064        63.34127       977.42879            4.84        10:01:09        4.20e-02        2.00e+00
       18155119        63.34087       978.42964            4.85        10:00:49        4.20e-02        2.00e+00
       18156205        63.34032       979.43054            4.85        10:00:30        4.20e-02        2.00e+00
       18157270        63.33981       980.43133            4.85        10:00:10        4.20e-02        2.00e+00
       18158355        63.34014       981.43208            4.85        09:59:50        4.20e-02        2.00e+00
       18159412        63.34068       982.43223            4.85        09:59:30        4.20e-02        2.00e+00
DEBUG @ t=18160000: current_coupling=0.042, last=0.042
       18160451        63.34031       983.43268            4.85        09:59:09        4.20e-02        2.00e+00
       18161643        63.34004       984.43344            4.85        09:58:54        4.20e-02        2.00e+00
       18162868        63.33923       985.43392            4.85        09:58:39        4.20e-02        2.00e+00
       18164067        63.33880       986.43412            4.85        09:58:24        4.20e-02        2.00e+00
       18165203        63.33931       987.43431            4.85        09:58:06        4.20e-02        2.00e+00
       18166304        63.33872       988.43517            4.85        09:57:48        4.20e-02        2.00e+00
       18167407        63.33794       989.43587            4.85        09:57:29        4.20e-02        2.00e+00
       18168518        63.33873       990.43654            4.85        09:57:10        4.20e-02        2.00e+00
       18169714        63.34192       991.43686            4.85        09:56:53        4.20e-02        2.00e+00
DEBUG @ t=18170000: current_coupling=0.042, last=0.042
       18170901        63.34212       992.43696            4.85        09:56:37        4.20e-02        2.00e+00
       18172018        63.34217       993.43780            4.85        09:56:19        4.20e-02        2.00e+00
       18173073        63.34209       994.43859            4.85        09:55:58        4.20e-02        2.00e+00
       18174140        63.34275       995.43942            4.85        09:55:38        4.20e-02        2.00e+00
       18175268        63.34372       996.43983            4.85        09:55:20        4.20e-02        2.00e+00
       18176378        63.34378       997.44055            4.85        09:55:01        4.20e-02        2.00e+00
       18177459        63.34349       998.44099            4.85        09:54:42        4.20e-02        2.00e+00
       18178512        63.34312       999.44114            4.85        09:54:22        4.20e-02        2.00e+00
Added F(k,t) reference 5 at t = 1000.003 ps
       18179579        63.34358      1000.44161            4.85        09:54:02        4.20e-02        2.00e+00
DEBUG @ t=18180000: current_coupling=0.042, last=0.042
       18180602        63.34311      1001.44177            4.85        09:53:41        4.20e-02        2.00e+00
       18181700        63.33939      1002.44197            4.85        09:53:24        4.20e-02        2.00e+00
       18182860        63.33517      1003.44280            4.85        09:53:10        4.20e-02        2.00e+00
       18183895        63.32962      1004.44305            4.85        09:52:52        4.20e-02        2.00e+00
       18184963        63.32423      1005.44393            4.85        09:52:35        4.20e-02        2.00e+00
       18185935        63.31942      1006.44450            4.85        09:52:15        4.20e-02        2.00e+00
       18186956        63.31788      1007.44478            4.85        09:51:55        4.20e-02        2.00e+00
       18187959        63.31841      1008.44478            4.85        09:51:33        4.20e-02        2.00e+00
       18188956        63.31658      1009.44567            4.85        09:51:12        4.20e-02        2.00e+00
       18189987        63.31618      1010.44619            4.85        09:50:51        4.20e-02        2.00e+00
DEBUG @ t=18190000: current_coupling=0.042, last=0.042
       18191116        63.31536      1011.44647            4.85        09:50:34        4.20e-02        2.00e+00
       18192167        63.31419      1012.44712            4.85        09:50:14        4.20e-02        2.00e+00
       18193180        63.31339      1013.44764            4.85        09:49:53        4.20e-02        2.00e+00
       18194202        63.31270      1014.44799            4.85        09:49:33        4.20e-02        2.00e+00
       18195174        63.31292      1015.44845            4.85        09:49:10        4.20e-02        2.00e+00
       18196123        63.31187      1016.44868            4.85        09:48:47        4.20e-02        2.00e+00
       18197134        63.31122      1017.44914            4.85        09:48:26        4.20e-02        2.00e+00
       18198209        63.31172      1018.44919            4.85        09:48:06        4.20e-02        2.00e+00
       18199258        63.31135      1019.44937            4.85        09:47:46        4.20e-02        2.00e+00
DEBUG @ t=18200000: current_coupling=0.042, last=0.042
[HDF5 Writer DEBUG] timestep=18200000, current_time_ps=1020.181, last_output_time=1020.1702806284568, write_count=97778
       18200259        63.31079      1020.45011            4.85        09:47:25        4.20e-02        2.00e+00
       18201321        63.31037      1021.45061            4.85        09:47:05        4.20e-02        2.00e+00
       18202455        63.31032      1022.45137            4.85        09:46:48        4.20e-02        2.00e+00
       18203499        63.31010      1023.45187            4.85        09:46:27        4.20e-02        2.00e+00
       18204542        63.31009      1024.45257            4.85        09:46:07        4.20e-02        2.00e+00
       18205591        63.30974      1025.45262            4.85        09:45:47        4.20e-02        2.00e+00
       18206628        63.31045      1026.45340            4.85        09:45:26        4.20e-02        2.00e+00
       18207634        63.31144      1027.45368            4.85        09:45:04        4.20e-02        2.00e+00
       18208712        63.31133      1028.45411            4.86        09:44:45        4.20e-02        2.00e+00
       18209747        63.31137      1029.45469            4.86        09:44:24        4.20e-02        2.00e+00
DEBUG @ t=18210000: current_coupling=0.042, last=0.042
       18210803        63.31093      1030.45522            4.86        09:44:04        4.20e-02        2.00e+00
       18211874        63.31039      1031.45526            4.86        09:43:45        4.20e-02        2.00e+00
       18213045        63.31042      1032.45620            4.86        09:43:29        4.20e-02        2.00e+00
       18214086        63.31051      1033.45697            4.86        09:43:08        4.20e-02        2.00e+00
       18215163        63.31065      1034.45766            4.86        09:42:49        4.20e-02        2.00e+00
       18216215        63.31065      1035.45769            4.86        09:42:29        4.20e-02        2.00e+00
       18217178        63.31034      1036.45814            4.86        09:42:06        4.20e-02        2.00e+00
       18218255        63.31033      1037.45876            4.86        09:41:47        4.20e-02        2.00e+00
       18219396        63.31065      1038.45892            4.86        09:41:30        4.20e-02        2.00e+00
DEBUG @ t=18220000: current_coupling=0.042, last=0.042
       18220429        63.31041      1039.45919            4.86        09:41:09        4.20e-02        2.00e+00
       18221481        63.30980      1040.45928            4.86        09:40:49        4.20e-02        2.00e+00
       18222551        63.30877      1041.45984            4.86        09:40:31        4.20e-02        2.00e+00
       18223739        63.30808      1042.46014            4.86        09:40:15        4.20e-02        2.00e+00
       18224853        63.30756      1043.46104            4.86        09:39:57        4.20e-02        2.00e+00
       18225791        63.30709      1044.46122            4.86        09:39:34        4.20e-02        2.00e+00
       18226904        63.30661      1045.46139            4.86        09:39:16        4.20e-02        2.00e+00
       18227909        63.30554      1046.46201            4.86        09:38:55        4.20e-02        2.00e+00
       18229037        63.30460      1047.46202            4.86        09:38:38        4.20e-02        2.00e+00
DEBUG @ t=18230000: current_coupling=0.042, last=0.042
       18230221        63.30462      1048.46218            4.86        09:38:22        4.20e-02        2.00e+00
       18231364        63.30491      1049.46304            4.86        09:38:05        4.20e-02        2.00e+00
       18232427        63.30469      1050.46338            4.86        09:37:45        4.20e-02        2.00e+00
       18233470        63.30371      1051.46421            4.86        09:37:25        4.20e-02        2.00e+00
       18234535        63.30347      1052.46432            4.86        09:37:06        4.20e-02        2.00e+00
       18235727        63.30376      1053.46474            4.86        09:36:50        4.20e-02        2.00e+00
       18236774        63.30439      1054.46516            4.86        09:36:29        4.20e-02        2.00e+00
       18237945        63.30499      1055.46525            4.86        09:36:13        4.20e-02        2.00e+00
       18238906        63.30519      1056.46530            4.86        09:35:50        4.20e-02        2.00e+00
DEBUG @ t=18240000: current_coupling=0.042, last=0.042
       18240049        63.30650      1057.46544            4.86        09:35:32        4.20e-02        2.00e+00
       18241021        63.30647      1058.46613            4.86        09:35:10        4.20e-02        2.00e+00
       18242090        63.30686      1059.46671            4.86        09:34:50        4.20e-02        2.00e+00
       18243190        63.30707      1060.46723            4.86        09:34:31        4.20e-02        2.00e+00
       18244279        63.30759      1061.46739            4.86        09:34:12        4.20e-02        2.00e+00
       18245390        63.30955      1062.46793            4.86        09:33:53        4.20e-02        2.00e+00
       18246391        63.31233      1063.46839            4.86        09:33:30        4.20e-02        2.00e+00
       18247303        63.31385      1064.46852            4.86        09:33:05        4.20e-02        2.00e+00
       18248314        63.31413      1065.46921            4.86        09:32:44        4.20e-02        2.00e+00
       18249398        63.31579      1066.46962            4.86        09:32:24        4.20e-02        2.00e+00
DEBUG @ t=18250000: current_coupling=0.042, last=0.042
       18250477        63.31650      1067.46968            4.86        09:32:05        4.20e-02        2.00e+00
       18251533        63.31695      1068.47048            4.86        09:31:45        4.20e-02        2.00e+00
       18252530        63.31707      1069.47116            4.87        09:31:23        4.20e-02        2.00e+00
       18253642        63.31782      1070.47129            4.87        09:31:05        4.20e-02        2.00e+00
       18254802        63.31993      1071.47153            4.87        09:30:47        4.20e-02        2.00e+00
       18255944        63.32239      1072.47170            4.87        09:30:28        4.20e-02        2.00e+00
       18256939        63.32305      1073.47182            4.87        09:30:07        4.20e-02        2.00e+00
       18257872        63.32316      1074.47217            4.87        09:29:43        4.20e-02        2.00e+00
       18259052        63.32460      1075.47218            4.87        09:29:26        4.20e-02        2.00e+00
DEBUG @ t=18260000: current_coupling=0.042, last=0.042
       18260101        63.32499      1076.47218            4.87        09:29:06        4.20e-02        2.00e+00
       18261037        63.32485      1077.47275            4.87        09:28:43        4.20e-02        2.00e+00
       18262018        63.32563      1078.47323            4.87        09:28:21        4.20e-02        2.00e+00
       18262966        63.32593      1079.47340            4.87        09:27:58        4.20e-02        2.00e+00
       18263985        63.32618      1080.47345            4.87        09:27:37        4.20e-02        2.00e+00
       18264995        63.32621      1081.47447            4.87        09:27:16        4.20e-02        2.00e+00
       18265924        63.32651      1082.47499            4.87        09:26:53        4.20e-02        2.00e+00
       18266837        63.32789      1083.47550            4.87        09:26:29        4.20e-02        2.00e+00
       18267975        63.32906      1084.47613            4.87        09:26:11        4.20e-02        2.00e+00
       18269153        63.32966      1085.47690            4.87        09:25:54        4.20e-02        2.00e+00
DEBUG @ t=18270000: current_coupling=0.042, last=0.042
       18270226        63.33030      1086.47735            4.87        09:25:35        4.20e-02        2.00e+00
       18271218        63.33084      1087.47771            4.87        09:25:13        4.20e-02        2.00e+00
       18272185        63.33090      1088.47805            4.87        09:24:51        4.20e-02        2.00e+00
       18273202        63.33202      1089.47845            4.87        09:24:30        4.20e-02        2.00e+00
       18274377        63.33390      1090.47871            4.87        09:24:12        4.20e-02        2.00e+00
       18275511        63.33477      1091.47886            4.87        09:23:54        4.20e-02        2.00e+00
       18276567        63.33525      1092.47953            4.87        09:23:35        4.20e-02        2.00e+00
       18277677        63.33534      1093.48040            4.87        09:23:16        4.20e-02        2.00e+00
       18278729        63.33541      1094.48135            4.87        09:22:57        4.20e-02        2.00e+00
       18279757        63.33584      1095.48221            4.87        09:22:36        4.20e-02        2.00e+00
DEBUG @ t=18280000: current_coupling=0.042, last=0.042
       18280667        63.33579      1096.48326            4.88        09:22:12        4.20e-02        2.00e+00
       18281603        63.33561      1097.48331            4.88        09:21:50        4.20e-02        2.00e+00
       18282569        63.33566      1098.48346            4.88        09:21:28        4.20e-02        2.00e+00
       18283645        63.33588      1099.48372            4.88        09:21:09        4.20e-02        2.00e+00
       18284762        63.33622      1100.48434            4.88        09:20:51        4.20e-02        2.00e+00
       18285658        63.33605      1101.48470            4.88        09:20:27        4.20e-02        2.00e+00
       18286744        63.33714      1102.48513            4.88        09:20:07        4.20e-02        2.00e+00
       18287917        63.33979      1103.48544            4.88        09:19:50        4.20e-02        2.00e+00
       18288905        63.33997      1104.48608            4.88        09:19:28        4.20e-02        2.00e+00
       18289866        63.34012      1105.48697            4.88        09:19:06        4.20e-02        2.00e+00
DEBUG @ t=18290000: current_coupling=0.042, last=0.042
       18290853        63.34100      1106.48764            4.88        09:18:44        4.20e-02        2.00e+00
       18291939        63.34137      1107.48864            4.88        09:18:25        4.20e-02        2.00e+00
       18292900        63.34166      1108.48926            4.88        09:18:03        4.20e-02        2.00e+00
       18293943        63.34271      1109.48929            4.88        09:17:43        4.20e-02        2.00e+00
       18295020        63.34317      1110.49027            4.88        09:17:24        4.20e-02        2.00e+00
       18296012        63.34329      1111.49102            4.88        09:17:02        4.20e-02        2.00e+00
       18297043        63.34330      1112.49103            4.88        09:16:42        4.20e-02        2.00e+00
       18298043        63.34373      1113.49126            4.88        09:16:21        4.20e-02        2.00e+00
       18299061        63.34380      1114.49146            4.88        09:16:01        4.20e-02        2.00e+00
DEBUG @ t=18300000: current_coupling=0.042, last=0.042
[HDF5 Writer DEBUG] timestep=18300000, current_time_ps=1115.451, last_output_time=1115.4471552015, write_count=106872
       18300043        63.34473      1115.49232            4.88        09:15:39        4.20e-02        2.00e+00
       18301049        63.34569      1116.49307            4.88        09:15:17        4.20e-02        2.00e+00
       18302008        63.34581      1117.49382            4.88        09:14:55        4.20e-02        2.00e+00
       18303031        63.34580      1118.49406            4.89        09:14:35        4.20e-02        2.00e+00
       18304105        63.34586      1119.49490            4.89        09:14:16        4.20e-02        2.00e+00
       18305154        63.34574      1120.49516            4.89        09:13:56        4.20e-02        2.00e+00
       18306209        63.34592      1121.49570            4.89        09:13:37        4.20e-02        2.00e+00
       18307291        63.34551      1122.49649            4.89        09:13:18        4.20e-02        2.00e+00
       18308333        63.34585      1123.49715            4.89        09:12:58        4.20e-02        2.00e+00
       18309375        63.34577      1124.49790            4.89        09:12:39        4.20e-02        2.00e+00
DEBUG @ t=18310000: current_coupling=0.042, last=0.042
       18310331        63.34560      1125.49790            4.89        09:12:17        4.20e-02        2.00e+00
       18311351        63.34532      1126.49845            4.89        09:11:57        4.20e-02        2.00e+00
       18312364        63.34614      1127.49924            4.89        09:11:36        4.20e-02        2.00e+00
       18313460        63.34677      1128.49950            4.89        09:11:17        4.20e-02        2.00e+00
       18314694        63.34653      1129.49960            4.89        09:11:03        4.20e-02        2.00e+00
       18315978        63.34731      1130.50036            4.89        09:10:49        4.20e-02        2.00e+00
       18317223        63.34824      1131.50043            4.89        09:10:34        4.20e-02        2.00e+00
       18318492        63.34970      1132.50077            4.89        09:10:19        4.20e-02        2.00e+00
       18319621        63.35077      1133.50092            4.89        09:10:01        4.20e-02        2.00e+00
DEBUG @ t=18320000: current_coupling=0.042, last=0.042
       18320785        63.35163      1134.50166            4.89        09:09:44        4.20e-02        2.00e+00
       18321951        63.35389      1135.50200            4.89        09:09:27        4.20e-02        2.00e+00
       18322827        63.35496      1136.50201            4.89        09:09:02        4.20e-02        2.00e+00
       18324103        63.35814      1137.50239            4.89        09:08:47        4.20e-02        2.00e+00
       18325383        63.35922      1138.50312            4.89        09:08:32        4.20e-02        2.00e+00
       18326328        63.35966      1139.50379            4.89        09:08:10        4.20e-02        2.00e+00
       18327335        63.36066      1140.50392            4.89        09:07:49        4.20e-02        2.00e+00
       18328551        63.36187      1141.50471            4.89        09:07:33        4.20e-02        2.00e+00
       18329853        63.36266      1142.50518            4.89        09:07:20        4.20e-02        2.00e+00
DEBUG @ t=18330000: current_coupling=0.042, last=0.042
       18331070        63.36297      1143.50587            4.89        09:07:04        4.20e-02        2.00e+00
       18332381        63.36431      1144.50662            4.89        09:06:51        4.20e-02        2.00e+00
       18333691        63.36646      1145.50681            4.89        09:06:37        4.20e-02        2.00e+00
       18334868        63.36778      1146.50756            4.89        09:06:20        4.20e-02        2.00e+00
       18335882        63.36810      1147.50801            4.89        09:05:59        4.20e-02        2.00e+00
       18336967        63.36988      1148.50824            4.89        09:05:40        4.20e-02        2.00e+00
       18338233        63.37132      1149.50897            4.89        09:05:25        4.20e-02        2.00e+00
       18339308        63.37217      1150.50904            4.89        09:05:06        4.20e-02        2.00e+00
DEBUG @ t=18340000: current_coupling=0.042, last=0.042
       18340354        63.37285      1151.50952            4.89        09:04:46        4.20e-02        2.00e+00
       18341440        63.37298      1152.51031            4.89        09:04:27        4.20e-02        2.00e+00
       18342542        63.37326      1153.51072            4.89        09:04:09        4.20e-02        2.00e+00
       18343774        63.37439      1154.51103            4.89        09:03:53        4.20e-02        2.00e+00
2025-11-06 17:41:49 | ERROR | CRITICAL ERROR in simulation: Unable to synchronously flush file (file write failed: time = Thu Nov  6 17:41:49 2025
, filename = 'observables_replica_90.h5', file descriptor = 4, errno = 122, error message = 'Disk quota exceeded', buf = 0x55944f50d730, total write size = 5044, bytes this sub-write = 5044, offset = 788525834)
2025-11-06 17:41:49 | ERROR | Full traceback:
2025-11-06 17:41:49 | ERROR | Traceback (most recent call last):
2025-11-06 17:41:49 | ERROR |   File "/scratch/mh7373/micromamba/envs/hoomd/lib/python3.12/site-packages/hoomd/cavitymd/simulation/core.py", line 4753, in run
2025-11-06 17:41:49 | ERROR |     self.run_simulation()
2025-11-06 17:41:49 | ERROR |   File "/scratch/mh7373/micromamba/envs/hoomd/lib/python3.12/site-packages/hoomd/cavitymd/simulation/core.py", line 4807, in run_simulation
2025-11-06 17:41:49 | ERROR |     self.sim.run(total_steps, write_at_start=True)
2025-11-06 17:41:49 | ERROR |   File "/scratch/mh7373/micromamba/envs/hoomd/lib/python3.12/site-packages/hoomd/simulation.py", line 561, in run
2025-11-06 17:41:49 | ERROR |     self._cpp_sys.run(steps_int, write_at_start)
2025-11-06 17:41:49 | ERROR |   File "/scratch/mh7373/micromamba/envs/hoomd/lib/python3.12/site-packages/hoomd/cavitymd/data.py", line 528, in act
2025-11-06 17:41:49 | ERROR |     self.file.flush()
2025-11-06 17:41:49 | ERROR |   File "/scratch/mh7373/micromamba/envs/hoomd/lib/python3.12/site-packages/h5py/_hl/files.py", line 639, in flush
2025-11-06 17:41:49 | ERROR |     h5f.flush(self.id)
2025-11-06 17:41:49 | ERROR |   File "h5py/_objects.pyx", line 56, in h5py._objects.with_phil.wrapper
2025-11-06 17:41:49 | ERROR |   File "h5py/_objects.pyx", line 57, in h5py._objects.with_phil.wrapper
2025-11-06 17:41:49 | ERROR |   File "h5py/h5f.pyx", line 159, in h5py.h5f.flush
2025-11-06 17:41:49 | ERROR | RuntimeError: Unable to synchronously flush file (file write failed: time = Thu Nov  6 17:41:49 2025
2025-11-06 17:41:49 | ERROR | , filename = 'observables_replica_90.h5', file descriptor = 4, errno = 122, error message = 'Disk quota exceeded', buf = 0x55944f50d730, total write size = 5044, bytes this sub-write = 5044, offset = 788525834)
2025-11-06 17:41:49 | INFO | Cleanup initiated...
2025-11-06 17:41:49 | INFO | Closing HDF5 observable writer...
2025-11-06 17:41:49 | ERROR | Error closing HDF5 writer: Unable to synchronously flush file (file write failed: time = Thu Nov  6 17:41:49 2025
, filename = 'observables_replica_90.h5', file descriptor = 4, errno = 122, error message = 'Disk quota exceeded', buf = 0x559450524f70, total write size = 5044, bytes this sub-write = 5044, offset = 788525834)
DEBUG: Cleanup called - checking for fkt_tracker
DEBUG: No fkt_tracker found or it's None
2025-11-06 17:41:49 | INFO | Returned to original directory: /scratch/mh7373/cav-hoomd/new_final_offres
2025-11-06 17:41:49 | INFO | Cleanup completed
ERROR: Replica 90 failed (coupling: 4.200000e-02 a.u.)

==================================================
Execution Summary
==================================================
Coupling constant used: 4.200000e-02 a.u.
Total replicas: 1
Successful: 0
Failed: 1
Wall time: 20424.85 seconds

WARNING: 1 replicas failed - check individual logs for details
✗ FAILED: DEBUG task 90
