SLURM Job ID: 1642258
SLURM Array Task ID: 334
Using frequency: 2060 cm-1
Fixed coupling strength (lambda): 0.042 (dimensionless)
Frame will be automatically set to: 334
Advanced Cavity MD Experiment Runner
==================================================
SLURM array job detected: Task 334 (Job 1642258)

*** COUPLING CONSTANT: 4.200000e-02 a.u. ***

Simulation Configuration:
  Cavity coupling: Enabled
    Coupling strength: 4.200000e-02 a.u.
    Frequency: 2060.0 cm⁻¹
    Finite-q mode: False
    Cavity thermostat: langevin
  Molecular thermostat: bussi
  Temperature: 100.0 K
  Runtime: 3000.0 ps
  Device: CPU
  Random seed: 0
  Velocity restart: Enabled - thermalizing velocities
  Momentum zeroing: Disabled

Starting execution for 1 replica(s)...
==================================================

Running replica 334...
>>> Will use FRAME 334 from init-0.gsd for this replica <<<
Running experiment:
  Cavity coupling: Enabled
  *** COUPLING STRENGTH: 4.200000e-02 a.u. ***
  Switch time: 200.0 ps
  Decay: None (step function)
  Damping ratio (zeta): 0.0
  Calculated dissipation (c): 0.0000e+00 a.u.
  Molecular thermostat: bussi
  Cavity thermostat: langevin
  Finite-q mode: False
  Replica: 334
  Frame: 334
  Output directory: coupling_420000e-07_freq_2060.0cm1_switch_200.0ps
  *** READING FRAME 334 FROM /scratch/mh7373/cav-hoomd/new_final_offres/init-0.gsd ***
  ✓ Successfully initialized simulation from frame 334
  ✓ Input file: /scratch/mh7373/cav-hoomd/new_final_offres/init-0.gsd
  ✓ Replica 334 ready to run...
2025-11-06 12:02:08 | INFO | ============================================================
2025-11-06 12:02:08 | INFO | CAVITY MD SIMULATION STARTED
2025-11-06 12:02:08 | INFO | ============================================================
2025-11-06 12:02:08 | INFO | Simulation: prod-334
2025-11-06 12:02:08 | INFO | Device: CPU
2025-11-06 12:02:08 | INFO | Runtime: 3000.0 ps
2025-11-06 12:02:08 | INFO | Temperature: 100.0 K
2025-11-06 12:02:08 | INFO | Random seed: 0
2025-11-06 12:02:08 | INFO | Cavity coupling: Enabled
2025-11-06 12:02:08 | INFO |   Frequency: 2060.0 cm^-1
2025-11-06 12:02:08 | INFO |   Lambda coupling: 0.042
2025-11-06 12:02:08 | INFO |   Epsilon (lambda * omega_c): 3.942141e-04 a.u.
2025-11-06 12:02:08 | INFO |   Finite-q mode: False
2025-11-06 12:02:08 | INFO | Molecular thermostat: bussi (tau=1.0 ps)
2025-11-06 12:02:08 | INFO | Cavity thermostat: langevin (tau=1.0 ps)
2025-11-06 12:02:08 | INFO | ============================================================
2025-11-06 12:02:08 | INFO | === Phase 1: Setting up simulation ===
2025-11-06 12:02:08 | INFO | Using default timestep for calculations: 0.0001 ps
2025-11-06 12:02:08 | INFO | Time conversions:
2025-11-06 12:02:08 | INFO |   Timestep: 0.0001 ps = 4.134138 a.u.
2025-11-06 12:02:08 | INFO |   Runtime: 3000.0 ps = 30000000 steps
2025-11-06 12:02:08 | INFO |   Steps per ps: 10000.0
2025-11-06 12:02:08 | INFO | Output periods (steps):
2025-11-06 12:02:08 | INFO |   Energy: 100 (0.010 ps)
2025-11-06 12:02:08 | INFO |   F(k,t): 10000 (1.000 ps)
2025-11-06 12:02:08 | INFO |   GSD: 10000 (1.000 ps)
2025-11-06 12:02:08 | INFO |   Console: 10000 (1.000 ps)
2025-11-06 12:02:08 | INFO | Initializing simulation on CPU
2025-11-06 12:02:08 | INFO | Using user-specified seed: 0
2025-11-06 12:02:08 | INFO | Cavity particle already exists in GSD file (1 found)
2025-11-06 12:02:08 | INFO | Simulation state created from original GSD file with existing cavity particle
2025-11-06 12:02:08 | INFO | Cavity particle validated at index 500, position HOOMDArray([3.15865612 2.79043961 0.35123172])
2025-11-06 12:02:08 | INFO | === Phase 1.5: Setting up time tracker ===
2025-11-06 12:02:08 | INFO | === Phase 2: Configuring forces and thermostats ===
2025-11-06 12:02:08 | INFO | Using lambda_coupling=0.042 (will be scaled by omega_c=0.009386 a.u.)
2025-11-06 12:02:08 | INFO | Using constant coupling: lambda=0.042, epsilon=3.942141e-04 a.u.
CavityForce initialized using cpp implementation
  Using constant lambda coupling: 0.042 (dimensionless)
  Effective epsilon: 3.942141e-04 a.u.
2025-11-06 12:02:08 | INFO | Thermostat time constant conversions:
2025-11-06 12:02:08 | INFO |   Molecular: 1.000 ps = 41341.378917 a.u.
2025-11-06 12:02:08 | INFO |   Cavity: 1.000 ps = 41341.378917 a.u.
2025-11-06 12:02:08 | INFO | Running molecular system with Bussi thermostat (NVT ensemble)
2025-11-06 12:02:08 | INFO | Molecular Bussi thermostat configured: T = 100.0 K, kT = 0.000317 a.u., tau = 1.000 ps
2025-11-06 12:02:08 | INFO | Running cavity with Langevin thermostat
2025-11-06 12:02:08 | INFO | Cavity Langevin thermostat configured: T = 100.0 K, kT = 0.000317 a.u.
2025-11-06 12:02:08 | INFO |   base_gamma = 0.000024 a.u.^-1 (tau = 1.000 ps)
2025-11-06 12:02:08 | INFO |   effective_gamma = 0.000024 a.u.^-1 (damping_factor = 1.0x)
2025-11-06 12:02:08 | INFO | === Phase 3: Setting up integrator and thermalization ===
2025-11-06 12:02:08 | INFO | Integrator configured with initial dt = 4.134138 a.u. (0.000100 ps)
2025-11-06 12:02:08 | INFO | Number of integration methods: 2
2025-11-06 12:02:08 | INFO | CavityParticleDisplacer not needed (constant coupling or q=0 mode)
2025-11-06 12:02:08 | INFO | Using seed 1 for thermalization randomness
2025-11-06 12:02:08 | INFO | Thermalized molecular particles using HOOMD State object
2025-11-06 12:02:08 | INFO | Cavity particle manually thermalized:
2025-11-06 12:02:08 | INFO |   Target temperature: 100.0 K
2025-11-06 12:02:08 | INFO |   Initial velocity: [ 0.02890696 -0.01088686 -0.00939938]
2025-11-06 12:02:08 | INFO |   Expected KE: 0.000521 a.u.
2025-11-06 12:02:08 | INFO |   Expected temperature: 109.7 K
2025-11-06 12:02:08 | INFO |   Using array module: numpy
2025-11-06 12:02:08 | INFO | Checking molecular system temperature after thermalization:
2025-11-06 12:02:08 | INFO |   Number of molecular particles: 500
2025-11-06 12:02:08 | INFO |   Total kinetic energy: 0.225921 a.u.
2025-11-06 12:02:08 | INFO |   Current temperature: 95.1 K
2025-11-06 12:02:08 | INFO | Thermalization completed - velocities properly initialized
2025-11-06 12:02:08 | INFO | === Phase 4: Setting up trackers and loggers ===
2025-11-06 12:02:08 | INFO | Setting up adaptive timestep updater (error_tolerance = 2.0)
Dynamic coupling change detection enabled
Coupling change threshold: ±1.00e-05 a.u.
Shock dampening: error_tolerance drops to 2.00e-10 (factor: 1.00e-10)
Recovery: exponential ramp to 2.00e+00 with τ = 1000.0 ps
Conservative timestep parameters:
  Change threshold: 10.0%
  Max change factor: 1.5
  Min update interval: 1000 steps
  Switch detection tolerance: 0.001 ps
2025-11-06 12:02:08 | INFO | Adaptive timestep updater enabled (check every 1 steps)
CavityForceCompute initialized: omegac=0.00938605 a.u., lambda_coupling=0.042 (dimensionless, from variant), K=8.80979e-05 a.u.
CPU CavityForceCompute initialized successfully
notice(2): charge.pppm: RMS error: 2.31675e-08
NOTICE: Starting from inherited timestep 29250000
  Elapsed time will start from 0, not from inherited simulation time
DEBUG @ t=29250000: current_coupling=0.042, last=None
DEBUG: First coupling check - stored value: 0.042
2025-11-06 12:02:09 | INFO |   Added detailed BussiReservoir energy tracking for method 0
2025-11-06 12:02:09 | INFO |   Added energy tracking for cavityforce
2025-11-06 12:02:09 | INFO |   Added detailed cavity energy components
2025-11-06 12:02:09 | INFO |   Added energy tracking for harmonic
2025-11-06 12:02:09 | INFO |   Added energy tracking for lj
2025-11-06 12:02:09 | INFO |   Added energy tracking for ewald
2025-11-06 12:02:09 | INFO |   Added energy tracking for coulomb
2025-11-06 12:02:09 | INFO | Energy tracking setup completed: 0 methods, 5 forces
2025-11-06 12:02:09 | INFO | Setting up energy tracker with output file: prod-334_energy_tracker.txt
2025-11-06 12:02:09 | INFO | Energy tracker configuration:
2025-11-06 12:02:09 | INFO |   Using time-based output: 0.010 ps
2025-11-06 12:02:09 | INFO |   Max output time: 250.000 ps
2025-11-06 12:02:09 | INFO | Energy tracker configuration:
2025-11-06 12:02:09 | INFO |   Force objects: ['cavity', 'harmonic', 'lj', 'ewald_short', 'ewald_long']
2025-11-06 12:02:09 | INFO |   Thermostat objects: ['bussi_molecular', 'langevin_cavity']
2025-11-06 12:02:09 | INFO |   Using internal kinetic computation (no external tracker needed)
2025-11-06 12:02:09 | INFO |  Energy tracker setup completed with time-based output:
2025-11-06 12:02:09 | INFO |   Output period: 0.010 ps (accurate timing)
2025-11-06 12:02:09 | INFO |   Tracker handles timing internally using ElapsedTimeTracker
2025-11-06 12:02:09 | INFO |   Output limited to 250.000 ps
2025-11-06 12:02:09 | INFO | Setting up F(k,t) density correlation tracker
2025-11-06 12:02:09 | INFO |   k magnitude: 1.00
2025-11-06 12:02:09 | INFO |   Number of wavevectors: 50
2025-11-06 12:02:09 | INFO |   Reference interval: 200.000 ps
2025-11-06 12:02:09 | INFO |   Max references: 20
2025-11-06 12:02:09 | INFO |   Output period: 1.000 ps
2025-11-06 12:02:09 | INFO |   Using time-based reference intervals for adaptive timestep compatibility
2025-11-06 12:02:09 | INFO |   Reference interval: 200.000 ps
2025-11-06 12:02:09 | INFO |   Trigger period: 1 step
2025-11-06 12:02:09 | INFO |   Logarithmic time spacing: DISABLED (regular spacing)
FieldAutocorrelationTracker initialized for density_correlation
  k-magnitude: 1.0
  Wavevectors: 50
  Reference interval: 200.0 ps
  Max references: 20
2025-11-06 12:02:09 | INFO |  F(k,t) tracker successfully enabled with time-based output:
2025-11-06 12:02:09 | INFO |   Output period: 1.000 ps (accurate timing)
2025-11-06 12:02:09 | INFO |   Reference interval: 200.000 ps
2025-11-06 12:02:09 | INFO |   Tracker handles timing internally using ElapsedTimeTracker
2025-11-06 12:02:09 | INFO | Setting up dipole autocorrelation tracker...
2025-11-06 12:02:09 | INFO |   Reference interval: 200.000 ps
2025-11-06 12:02:09 | INFO |   Max references: 20
2025-11-06 12:02:09 | INFO |   Output period: 0.010 ps
2025-11-06 12:02:09 | INFO |   Using time-based reference intervals for adaptive timestep compatibility
2025-11-06 12:02:09 | INFO |   Reference interval: 200.000 ps
2025-11-06 12:02:09 | INFO |   Trigger period: 1 step
2025-11-06 12:02:09 | WARNING | Could not set up dipole autocorrelation tracker: Can't instantiate abstract class AutocorrelationTracker without an implementation for abstract method 'act'
2025-11-06 12:02:09 | INFO | Momentum zeroing disabled
2025-11-06 12:02:09 | INFO |  TRACKING AND LOGGING SETUP COMPLETED:
2025-11-06 12:02:09 | INFO |   All output systems now use precise time-based periods
2025-11-06 12:02:09 | INFO |  Comprehensive temperature tracker enabled
2025-11-06 12:02:09 | INFO |   Output file: temperature_tracker_replica_334.csv
2025-11-06 12:02:09 | INFO |   Output period: 0.1 ps
2025-11-06 12:02:09 | INFO |   Tracking: kinetic, harmonic fictive, LJ+Coul fictive, cavity bath, molecular bath
2025-11-06 12:02:09 | INFO |   Empirical data: None (LJ+Coul fictive temp will be 0)
2025-11-06 12:02:09 | INFO | 
============================================================
2025-11-06 12:02:09 | INFO | HDF5 OBSERVABLE OUTPUT CONFIGURATION
2025-11-06 12:02:09 | INFO | ============================================================
2025-11-06 12:02:09 | INFO | Output file: observables_replica_334.h5
2025-11-06 12:02:09 | INFO | Output period: 0.010 ps
2025-11-06 12:02:09 | INFO | SWMR mode: Enabled (concurrent read access)
2025-11-06 12:02:09 | INFO | ============================================================

✓ HDF5 file structure created: observables_replica_334.h5
ObservableWriter initialized:
  Output file: observables_replica_334.h5
  Output period: 0.01 ps
  Chunk size: 1000
  Compression: gzip
  SWMR mode: True
  Flush interval: 10
✓ Energy tracker registered (18 components)
2025-11-06 12:02:09 | INFO |   Registered energy tracker for HDF5 output
✓ Temperature tracker registered (6 components)
2025-11-06 12:02:09 | INFO |   Registered temperature tracker for HDF5 output
2025-11-06 12:02:09 | INFO | ✓ HDF5 observable output enabled

2025-11-06 12:02:09 | INFO | Advanced features enabled: detailed energy tracking (0.010 ps), F(k,t) density correlation (1.000 ps, k=1.0), dipole autocorrelation (0.010 ps), adaptive timestep control, comprehensive temperature tracker (0.1 ps), HDF5 observable output (0.010 ps)
2025-11-06 12:02:09 | INFO | Console output: 1.000 ps periods (time-based)
2025-11-06 12:02:09 | INFO |   Works accurately for both adaptive and fixed timestep modes
2025-11-06 12:02:09 | INFO | DEBUG: PID controller NOT enabled (enable_pid_controller=False)
2025-11-06 12:02:09 | INFO | === Phase 5: Setting up output writers ===
2025-11-06 12:02:09 | INFO | GSD output setup for adaptive timestep mode:
2025-11-06 12:02:09 | INFO |   GSD trigger: every 1000 steps (target: 1.000 ps)
2025-11-06 12:02:09 | INFO |   Note: GSD timing may vary slightly due to adaptive timestep changes
2025-11-06 12:02:09 | INFO | GSD writer added for file: prod-334.gsd
2025-11-06 12:02:09 | INFO |   GSD output period: 1.000 ps
2025-11-06 12:02:09 | INFO |   GSD truncate mode: False (append to existing file)
2025-11-06 12:02:09 | INFO |  Console output setup completed:
2025-11-06 12:02:09 | INFO |   Output period: 1.000 ps (accurate time-based)
2025-11-06 12:02:09 | INFO |   Lambda coupling column: 4.200000e-02 (dimensionless) (displayed in real-time)
2025-11-06 12:02:09 | INFO |   Console tracker handles timing internally using ElapsedTimeTracker
2025-11-06 12:02:09 | INFO |   Works accurately for both adaptive and fixed timestep modes
2025-11-06 12:02:09 | INFO |  FIXED: Console output now uses precise time-based logic
2025-11-06 12:02:09 | INFO |   Both console and energy tracker use accurate timing
2025-11-06 12:02:09 | INFO |   GSD output timing may vary slightly but is less critical
2025-11-06 12:02:09 | INFO | === Phase 6: Running simulation ===
2025-11-06 12:02:09 | INFO | Starting adaptive timestep simulation for 3000.0 ps
2025-11-06 12:02:09 | INFO | Using max steps: 999999999 (will exit when runtime reached)
2025-11-06 12:02:09 | INFO | Initial timestep: 36.492748 a.u. (0.883 fs)
2025-11-06 12:02:09 | INFO | Timestep will adapt dynamically (error_tolerance = 2.0)
Added F(k,t) reference 0 at t = 0.001 ps
[HDF5 Writer DEBUG] timestep=29250001, current_time_ps=0.001, last_output_time=None, write_count=0
[HDF5 Writer DEBUG] Writing data point 0 at time 0.001 ps
[HDF5 Writer DEBUG] timestep=29250002, current_time_ps=0.002, last_output_time=0.0008827172528982658, write_count=1
[HDF5 Writer DEBUG] Skipping output: not time yet (current=0.002, last=0.0008827172528982658, period=0.01)
[HDF5 Writer DEBUG] timestep=29250003, current_time_ps=0.003, last_output_time=0.0008827172528982658, write_count=1
[HDF5 Writer DEBUG] Skipping output: not time yet (current=0.003, last=0.0008827172528982658, period=0.01)
[HDF5 Writer DEBUG] timestep=29250004, current_time_ps=0.004, last_output_time=0.0008827172528982658, write_count=1
[HDF5 Writer DEBUG] Skipping output: not time yet (current=0.004, last=0.0008827172528982658, period=0.01)
[HDF5 Writer DEBUG] timestep=29250005, current_time_ps=0.004, last_output_time=0.0008827172528982658, write_count=1
[HDF5 Writer DEBUG] Skipping output: not time yet (current=0.004, last=0.0008827172528982658, period=0.01)
[HDF5 Writer DEBUG] timestep=29250006, current_time_ps=0.005, last_output_time=0.0008827172528982658, write_count=1
[HDF5 Writer DEBUG] Skipping output: not time yet (current=0.005, last=0.0008827172528982658, period=0.01)
[HDF5 Writer DEBUG] timestep=29250007, current_time_ps=0.006, last_output_time=0.0008827172528982658, write_count=1
[HDF5 Writer DEBUG] Skipping output: not time yet (current=0.006, last=0.0008827172528982658, period=0.01)
[HDF5 Writer DEBUG] timestep=29250008, current_time_ps=0.007, last_output_time=0.0008827172528982658, write_count=1
[HDF5 Writer DEBUG] Skipping output: not time yet (current=0.007, last=0.0008827172528982658, period=0.01)
[HDF5 Writer DEBUG] timestep=29250009, current_time_ps=0.008, last_output_time=0.0008827172528982658, write_count=1
[HDF5 Writer DEBUG] Skipping output: not time yet (current=0.008, last=0.0008827172528982658, period=0.01)
[HDF5 Writer DEBUG] timestep=29250010, current_time_ps=0.009, last_output_time=0.0008827172528982658, write_count=1
[HDF5 Writer DEBUG] Skipping output: not time yet (current=0.009, last=0.0008827172528982658, period=0.01)
[HDF5 Writer DEBUG] timestep=29250011, current_time_ps=0.010, last_output_time=0.0008827172528982658, write_count=1
[HDF5 Writer DEBUG] Skipping output: not time yet (current=0.010, last=0.0008827172528982658, period=0.01)
[HDF5 Writer DEBUG] timestep=29250012, current_time_ps=0.011, last_output_time=0.0008827172528982658, write_count=1
[HDF5 Writer DEBUG] Skipping output: not time yet (current=0.011, last=0.0008827172528982658, period=0.01)
[HDF5 Writer DEBUG] timestep=29250013, current_time_ps=0.011, last_output_time=0.0008827172528982658, write_count=1
[HDF5 Writer DEBUG] Writing data point 1 at time 0.011 ps
[HDF5 Writer DEBUG] timestep=29250014, current_time_ps=0.012, last_output_time=0.011475324287677453, write_count=2
[HDF5 Writer DEBUG] Skipping output: not time yet (current=0.012, last=0.011475324287677453, period=0.01)
[HDF5 Writer DEBUG] timestep=29250015, current_time_ps=0.013, last_output_time=0.011475324287677453, write_count=2
[HDF5 Writer DEBUG] Skipping output: not time yet (current=0.013, last=0.011475324287677453, period=0.01)
[HDF5 Writer DEBUG] timestep=29250016, current_time_ps=0.014, last_output_time=0.011475324287677453, write_count=2
[HDF5 Writer DEBUG] Skipping output: not time yet (current=0.014, last=0.011475324287677453, period=0.01)
[HDF5 Writer DEBUG] timestep=29250017, current_time_ps=0.015, last_output_time=0.011475324287677453, write_count=2
[HDF5 Writer DEBUG] Skipping output: not time yet (current=0.015, last=0.011475324287677453, period=0.01)
[HDF5 Writer DEBUG] timestep=29250018, current_time_ps=0.016, last_output_time=0.011475324287677453, write_count=2
[HDF5 Writer DEBUG] Skipping output: not time yet (current=0.016, last=0.011475324287677453, period=0.01)
[HDF5 Writer DEBUG] timestep=29250019, current_time_ps=0.017, last_output_time=0.011475324287677453, write_count=2
[HDF5 Writer DEBUG] Skipping output: not time yet (current=0.017, last=0.011475324287677453, period=0.01)
[HDF5 Writer DEBUG] timestep=29250020, current_time_ps=0.018, last_output_time=0.011475324287677453, write_count=2
[HDF5 Writer DEBUG] Skipping output: not time yet (current=0.018, last=0.011475324287677453, period=0.01)
[HDF5 Writer DEBUG] timestep=29250021, current_time_ps=0.019, last_output_time=0.011475324287677453, write_count=2
[HDF5 Writer DEBUG] Skipping output: not time yet (current=0.019, last=0.011475324287677453, period=0.01)
[HDF5 Writer DEBUG] timestep=29250022, current_time_ps=0.019, last_output_time=0.011475324287677453, write_count=2
[HDF5 Writer DEBUG] Skipping output: not time yet (current=0.019, last=0.011475324287677453, period=0.01)
[HDF5 Writer DEBUG] timestep=29250023, current_time_ps=0.020, last_output_time=0.011475324287677453, write_count=2
[HDF5 Writer DEBUG] Skipping output: not time yet (current=0.020, last=0.011475324287677453, period=0.01)
[HDF5 Writer DEBUG] timestep=29250024, current_time_ps=0.021, last_output_time=0.011475324287677453, write_count=2
[HDF5 Writer DEBUG] Skipping output: not time yet (current=0.021, last=0.011475324287677453, period=0.01)
[HDF5 Writer DEBUG] timestep=29250025, current_time_ps=0.022, last_output_time=0.011475324287677453, write_count=2
[HDF5 Writer DEBUG] Writing data point 2 at time 0.022 ps
✓ SWMR mode enabled - file can now be read concurrently
Simulation.timestep  Simulation.tps Time.elapsed_ps Performance.ns_per_day Performance.eta   Cavity.lambda Adaptive.error_tolerance
       29251129        69.73621         1.00084            5.22        13:46:29        4.20e-02        2.00e+00
       29252207        69.68566         2.00146            5.40        13:19:38        4.20e-02        2.00e+00
       29253219        69.56927         3.00176            5.56        12:55:56        4.20e-02        2.00e+00
       29254200        69.48425         4.00177            5.69        12:38:55        4.20e-02        2.00e+00
       29255188        69.42756         5.00236            5.76        12:29:14        4.20e-02        2.00e+00
       29256228        69.40699         6.00294            5.76        12:28:53        4.20e-02        2.00e+00
       29257190        69.40134         7.00350            5.82        12:20:27        4.20e-02        2.00e+00
       29258267        69.44824         8.00407            5.79        12:23:52        4.20e-02        2.00e+00
       29259297        69.52888         9.00483            5.80        12:22:13        4.20e-02        2.00e+00
DEBUG @ t=29260000: current_coupling=0.042, last=0.042
       29260329        69.64064        10.00523            5.81        12:20:31        4.20e-02        2.00e+00
       29261323        69.74609        11.00527            5.84        12:16:30        4.20e-02        2.00e+00
       29262261        69.76151        12.00596            5.89        12:10:30        4.20e-02        2.00e+00
       29263314        69.78338        13.00662            5.88        12:11:37        4.20e-02        2.00e+00
       29264470        69.83025        14.00696            5.83        12:17:30        4.20e-02        2.00e+00
       29265527        69.81931        15.00729            5.82        12:18:25        4.20e-02        2.00e+00
       29266659        69.79025        16.00753            5.79        12:22:43        4.20e-02        2.00e+00
       29267885        69.74993        17.00826            5.72        12:30:34        4.20e-02        2.00e+00
       29268899        69.74869        18.00914            5.73        12:28:45        4.20e-02        2.00e+00
DEBUG @ t=29270000: current_coupling=0.042, last=0.042
       29270002        69.76140        19.00915            5.72        12:30:19        4.20e-02        2.00e+00
       29271193        69.80253        20.00925            5.69        12:34:31        4.20e-02        2.00e+00
       29272345        69.86829        21.00979            5.67        12:36:38        4.20e-02        2.00e+00
       29273346        69.89974        22.01009            5.69        12:33:58        4.20e-02        2.00e+00
       29274418        69.91192        23.01011            5.69        12:33:54        4.20e-02        2.00e+00
       29275465        69.96172        24.01092            5.69        12:32:38        4.20e-02        2.00e+00
       29276450        69.94547        25.01158            5.71        12:30:22        4.20e-02        2.00e+00
       29277526        69.94520        26.01209            5.71        12:30:34        4.20e-02        2.00e+00
       29278623        69.94435        27.01219            5.70        12:31:19        4.20e-02        2.00e+00
       29279721        70.01101        28.01287            5.70        12:31:17        4.20e-02        2.00e+00
DEBUG @ t=29280000: current_coupling=0.042, last=0.042
       29280823        70.02272        29.01329            5.69        12:31:52        4.20e-02        2.00e+00
       29281937        70.07025        30.01399            5.69        12:32:17        4.20e-02        2.00e+00
       29282896        70.06850        31.01461            5.70        12:29:37        4.20e-02        2.00e+00
       29284066        70.08803        32.01481            5.69        12:31:33        4.20e-02        2.00e+00
       29285086        70.08785        33.01502            5.69        12:30:20        4.20e-02        2.00e+00
       29286228        70.09095        34.01578            5.68        12:31:39        4.20e-02        2.00e+00
       29287299        70.10538        35.01681            5.68        12:31:20        4.20e-02        2.00e+00
       29288283        70.09802        36.01736            5.69        12:29:32        4.20e-02        2.00e+00
       29289400        70.13715        37.01740            5.69        12:29:54        4.20e-02        2.00e+00
DEBUG @ t=29290000: current_coupling=0.042, last=0.042
       29290524        70.15047        38.01752            5.68        12:30:35        4.20e-02        2.00e+00
       29291717        70.15526        39.01756            5.67        12:32:33        4.20e-02        2.00e+00
       29292849        70.14844        40.01846            5.66        12:33:27        4.20e-02        2.00e+00
       29293881        70.12676        41.01921            5.66        12:32:44        4.20e-02        2.00e+00
       29294897        70.10773        42.02012            5.67        12:31:46        4.20e-02        2.00e+00
       29296064        70.10561        43.02056            5.65        12:33:07        4.20e-02        2.00e+00
       29297067        70.09824        44.02069            5.66        12:31:51        4.20e-02        2.00e+00
       29298076        70.08666        45.02108            5.67        12:30:46        4.20e-02        2.00e+00
       29299179        70.07601        46.02123            5.66        12:31:09        4.20e-02        2.00e+00
DEBUG @ t=29300000: current_coupling=0.042, last=0.042
[HDF5 Writer DEBUG] timestep=29300000, current_time_ps=46.784, last_output_time=46.77789920425282, write_count=4452
       29300238        70.07293        47.02178            5.66        12:30:46        4.20e-02        2.00e+00
       29301242        70.06944        48.02232            5.67        12:29:36        4.20e-02        2.00e+00
       29302249        70.06282        49.02273            5.68        12:28:32        4.20e-02        2.00e+00
       29303283        70.05958        50.02341            5.68        12:27:51        4.20e-02        2.00e+00
       29304390        70.09782        51.02417            5.68        12:27:45        4.20e-02        2.00e+00
       29305461        70.11347        52.02485            5.68        12:27:23        4.20e-02        2.00e+00
       29306479        70.10811        53.02557            5.68        12:26:32        4.20e-02        2.00e+00
       29307513        70.09360        54.02634            5.69        12:26:01        4.20e-02        2.00e+00
       29308585        70.08630        55.02656            5.69        12:25:55        4.20e-02        2.00e+00
       29309601        70.09416        56.02709            5.69        12:24:58        4.20e-02        2.00e+00
DEBUG @ t=29310000: current_coupling=0.042, last=0.042
       29310630        70.09955        57.02736            5.69        12:24:13        4.20e-02        2.00e+00
       29311651        70.09079        58.02806            5.70        12:23:32        4.20e-02        2.00e+00
       29312712        70.08184        59.02828            5.70        12:23:21        4.20e-02        2.00e+00
       29313783        70.08482        60.02855            5.70        12:23:10        4.20e-02        2.00e+00
       29314673        70.08570        61.02912            5.71        12:20:55        4.20e-02        2.00e+00
       29315540        70.10139        62.02915            5.73        12:18:19        4.20e-02        2.00e+00
       29316479        70.10640        63.02917            5.74        12:16:42        4.20e-02        2.00e+00
       29317574        70.11749        64.02973            5.74        12:16:46        4.20e-02        2.00e+00
       29318564        70.11877        65.03001            5.74        12:15:48        4.20e-02        2.00e+00
       29319487        70.11389        66.03077            5.75        12:14:12        4.20e-02        2.00e+00
DEBUG @ t=29320000: current_coupling=0.042, last=0.042
       29320516        70.11819        67.03146            5.76        12:13:39        4.20e-02        2.00e+00
       29321655        70.13307        68.03211            5.75        12:14:07        4.20e-02        2.00e+00
       29322805        70.14409        69.03241            5.74        12:14:43        4.20e-02        2.00e+00
       29324004        70.15281        70.03311            5.73        12:15:48        4.20e-02        2.00e+00
       29325124        70.16234        71.03343            5.73        12:16:04        4.20e-02        2.00e+00
       29326145        70.18226        72.03381            5.73        12:15:15        4.20e-02        2.00e+00
       29327282        70.18021        73.03386            5.73        12:15:46        4.20e-02        2.00e+00
       29328373        70.17355        74.03407            5.73        12:15:54        4.20e-02        2.00e+00
       29329458        70.17859        75.03491            5.72        12:15:49        4.20e-02        2.00e+00
DEBUG @ t=29330000: current_coupling=0.042, last=0.042
       29330530        70.18714        76.03538            5.72        12:15:36        4.20e-02        2.00e+00
       29331608        70.18384        77.03542            5.72        12:15:33        4.20e-02        2.00e+00
       29332717        70.18857        78.03608            5.72        12:15:40        4.20e-02        2.00e+00
       29333770        70.19530        79.03644            5.72        12:15:17        4.20e-02        2.00e+00
       29334954        70.19544        80.03660            5.71        12:16:06        4.20e-02        2.00e+00
       29336142        70.19793        81.03732            5.70        12:16:54        4.20e-02        2.00e+00
       29337322        70.20592        82.03743            5.70        12:17:33        4.20e-02        2.00e+00
       29338471        70.20884        83.03748            5.69        12:17:58        4.20e-02        2.00e+00
       29339685        70.22023        84.03768            5.68        12:18:49        4.20e-02        2.00e+00
DEBUG @ t=29340000: current_coupling=0.042, last=0.042
       29340799        70.22720        85.03851            5.68        12:18:51        4.20e-02        2.00e+00
       29341834        70.22762        86.03913            5.68        12:18:19        4.20e-02        2.00e+00
       29342778        70.21975        87.04019            5.69        12:17:10        4.20e-02        2.00e+00
       29343808        70.21879        88.04061            5.69        12:16:38        4.20e-02        2.00e+00
       29344935        70.21134        89.04069            5.69        12:16:56        4.20e-02        2.00e+00
       29346070        70.20497        90.04113            5.68        12:17:16        4.20e-02        2.00e+00
       29347147        70.19517        91.04153            5.68        12:17:11        4.20e-02        2.00e+00
       29348200        70.18725        92.04185            5.68        12:16:55        4.20e-02        2.00e+00
       29349407        70.18075        93.04211            5.67        12:17:45        4.20e-02        2.00e+00
DEBUG @ t=29350000: current_coupling=0.042, last=0.042
       29350515        70.17879        94.04292            5.67        12:17:48        4.20e-02        2.00e+00
       29351623        70.17612        95.04329            5.67        12:17:52        4.20e-02        2.00e+00
       29352802        70.19404        96.04332            5.66        12:18:12        4.20e-02        2.00e+00
       29353810        70.19842        97.04431            5.67        12:17:27        4.20e-02        2.00e+00
       29354848        70.20136        98.04459            5.67        12:16:56        4.20e-02        2.00e+00
       29356026        70.20226        99.04463            5.66        12:17:26        4.20e-02        2.00e+00
       29357039        70.19510       100.04550            5.67        12:16:51        4.20e-02        2.00e+00
       29358120        70.20093       101.04590            5.67        12:16:36        4.20e-02        2.00e+00
       29359212        70.20331       102.04593            5.67        12:16:28        4.20e-02        2.00e+00
DEBUG @ t=29360000: current_coupling=0.042, last=0.042
       29360264        70.19682       103.04648            5.67        12:16:09        4.20e-02        2.00e+00
       29361251        70.19181       104.04721            5.67        12:15:24        4.20e-02        2.00e+00
       29362340        70.18519       105.04749            5.67        12:15:20        4.20e-02        2.00e+00
       29363328        70.18164       106.04777            5.67        12:14:35        4.20e-02        2.00e+00
       29364406        70.17702       107.04835            5.67        12:14:26        4.20e-02        2.00e+00
       29365336        70.17299       108.04932            5.68        12:13:20        4.20e-02        2.00e+00
       29366304        70.17146       109.05015            5.68        12:12:28        4.20e-02        2.00e+00
       29367455        70.17492       110.05095            5.68        12:12:42        4.20e-02        2.00e+00
       29368611        70.17341       111.05143            5.68        12:13:00        4.20e-02        2.00e+00
       29369614        70.16801       112.05214            5.68        12:12:24        4.20e-02        2.00e+00
DEBUG @ t=29370000: current_coupling=0.042, last=0.042
       29370601        70.15882       113.05271            5.68        12:11:45        4.20e-02        2.00e+00
       29371701        70.15618       114.05316            5.68        12:11:43        4.20e-02        2.00e+00
       29372846        70.15612       115.05390            5.68        12:11:55        4.20e-02        2.00e+00
       29374024        70.15059       116.05434            5.67        12:12:22        4.20e-02        2.00e+00
       29374931        70.14948       117.05486            5.68        12:11:11        4.20e-02        2.00e+00
       29376105        70.14798       118.05491            5.67        12:11:34        4.20e-02        2.00e+00
       29377009        70.14175       119.05498            5.68        12:10:26        4.20e-02        2.00e+00
       29377963        70.13881       120.05512            5.68        12:09:33        4.20e-02        2.00e+00
       29379097        70.14013       121.05543            5.68        12:09:40        4.20e-02        2.00e+00
DEBUG @ t=29380000: current_coupling=0.042, last=0.042
       29380280        70.14926       122.05617            5.68        12:09:58        4.20e-02        2.00e+00
       29381325        70.14948       123.05656            5.68        12:09:35        4.20e-02        2.00e+00
       29382394        70.14614       124.05751            5.68        12:09:22        4.20e-02        2.00e+00
       29383378        70.14013       125.05772            5.68        12:08:43        4.20e-02        2.00e+00
       29384470        70.13499       126.05839            5.68        12:08:39        4.20e-02        2.00e+00
       29385675        70.12956       127.05894            5.67        12:09:12        4.20e-02        2.00e+00
       29386767        70.12188       128.05955            5.67        12:09:09        4.20e-02        2.00e+00
       29387923        70.11725       129.05966            5.67        12:09:24        4.20e-02        2.00e+00
       29388964        70.11569       130.05989            5.67        12:09:01        4.20e-02        2.00e+00
DEBUG @ t=29390000: current_coupling=0.042, last=0.042
       29390117        70.11733       131.06078            5.67        12:09:11        4.20e-02        2.00e+00
       29391224        70.11423       132.06141            5.66        12:09:09        4.20e-02        2.00e+00
       29392292        70.11894       133.06211            5.66        12:08:50        4.20e-02        2.00e+00
       29393374        70.12425       134.06258            5.66        12:08:35        4.20e-02        2.00e+00
       29394437        70.13053       135.06285            5.67        12:08:14        4.20e-02        2.00e+00
       29395549        70.13967       136.06323            5.66        12:08:06        4.20e-02        2.00e+00
       29396699        70.14376       137.06355            5.66        12:08:12        4.20e-02        2.00e+00
       29397836        70.15020       138.06403            5.66        12:08:12        4.20e-02        2.00e+00
       29399017        70.14997       139.06409            5.66        12:08:29        4.20e-02        2.00e+00
DEBUG @ t=29400000: current_coupling=0.042, last=0.042
[HDF5 Writer DEBUG] timestep=29400000, current_time_ps=140.034, last_output_time=140.03056601075596, write_count=13314
       29400040        70.14922       140.06464            5.66        12:08:00        4.20e-02        2.00e+00
       29401306        70.15013       141.06488            5.65        12:08:40        4.20e-02        2.00e+00
       29402438        70.14841       142.06523            5.65        12:08:43        4.20e-02        2.00e+00
       29403563        70.15098       143.06596            5.65        12:08:40        4.20e-02        2.00e+00
       29404671        70.15069       144.06652            5.64        12:08:35        4.20e-02        2.00e+00
       29405838        70.14907       145.06712            5.64        12:08:46        4.20e-02        2.00e+00
       29406912        70.15204       146.06789            5.64        12:08:29        4.20e-02        2.00e+00
       29408145        70.15588       147.06862            5.64        12:08:55        4.20e-02        2.00e+00
       29409390        70.16398       148.06901            5.63        12:09:21        4.20e-02        2.00e+00
DEBUG @ t=29410000: current_coupling=0.042, last=0.042
       29410519        70.16567       149.06909            5.63        12:09:19        4.20e-02        2.00e+00
       29411604        70.16816       150.06987            5.63        12:09:04        4.20e-02        2.00e+00
       29412668        70.16645       151.07069            5.63        12:08:46        4.20e-02        2.00e+00
       29413759        70.16721       152.07070            5.63        12:08:34        4.20e-02        2.00e+00
       29414964        70.16712       153.07138            5.62        12:08:52        4.20e-02        2.00e+00
       29416159        70.16429       154.07154            5.62        12:09:09        4.20e-02        2.00e+00
       29417225        70.16192       155.07204            5.62        12:08:52        4.20e-02        2.00e+00
       29418372        70.16481       156.07243            5.62        12:08:52        4.20e-02        2.00e+00
       29419446        70.17088       157.07301            5.62        12:08:32        4.20e-02        2.00e+00
DEBUG @ t=29420000: current_coupling=0.042, last=0.042
       29420516        70.16993       158.07383            5.62        12:08:14        4.20e-02        2.00e+00
       29421669        70.16854       159.07466            5.62        12:08:19        4.20e-02        2.00e+00
       29422774        70.16827       160.07551            5.62        12:08:10        4.20e-02        2.00e+00
       29423712        70.16817       161.07576            5.62        12:07:19        4.20e-02        2.00e+00
       29424648        70.16638       162.07662            5.63        12:06:29        4.20e-02        2.00e+00
       29425735        70.16789       163.07686            5.63        12:06:15        4.20e-02        2.00e+00
       29426888        70.17641       164.07755            5.62        12:06:12        4.20e-02        2.00e+00
       29428020        70.18713       165.07781            5.62        12:06:03        4.20e-02        2.00e+00
       29429126        70.19152       166.07845            5.62        12:05:52        4.20e-02        2.00e+00
DEBUG @ t=29430000: current_coupling=0.042, last=0.042
       29430155        70.19021       167.07927            5.62        12:05:25        4.20e-02        2.00e+00
       29431301        70.19202       168.07945            5.62        12:05:25        4.20e-02        2.00e+00
       29432335        70.19258       169.07987            5.62        12:04:58        4.20e-02        2.00e+00
       29433423        70.19143       170.07998            5.62        12:04:46        4.20e-02        2.00e+00
       29434536        70.19903       171.08030            5.62        12:04:34        4.20e-02        2.00e+00
       29435621        70.20667       172.08075            5.62        12:04:15        4.20e-02        2.00e+00
       29436678        70.20837       173.08080            5.62        12:03:53        4.20e-02        2.00e+00
       29437766        70.20427       174.08118            5.62        12:03:43        4.20e-02        2.00e+00
       29438939        70.20051       175.08169            5.62        12:03:51        4.20e-02        2.00e+00
DEBUG @ t=29440000: current_coupling=0.042, last=0.042
       29440108        70.20326       176.08180            5.62        12:03:54        4.20e-02        2.00e+00
       29441281        70.19998       177.08263            5.61        12:04:02        4.20e-02        2.00e+00
       29442405        70.19458       178.08296            5.61        12:04:00        4.20e-02        2.00e+00
       29443453        70.19166       179.08385            5.61        12:03:39        4.20e-02        2.00e+00
       29444522        70.18876       180.08434            5.61        12:03:22        4.20e-02        2.00e+00
       29445624        70.19187       181.08507            5.61        12:03:10        4.20e-02        2.00e+00
       29446644        70.18997       182.08581            5.61        12:02:42        4.20e-02        2.00e+00
       29447665        70.18647       183.08598            5.62        12:02:16        4.20e-02        2.00e+00
       29448687        70.17669       184.08667            5.62        12:01:54        4.20e-02        2.00e+00
       29449671        70.16873       185.08706            5.62        12:01:22        4.20e-02        2.00e+00
DEBUG @ t=29450000: current_coupling=0.042, last=0.042
       29450637        70.15891       186.08750            5.62        12:00:49        4.20e-02        2.00e+00
       29451622        70.14717       187.08785            5.62        12:00:20        4.20e-02        2.00e+00
       29452684        70.13885       188.08804            5.62        12:00:07        4.20e-02        2.00e+00
       29453659        70.13000       189.08842            5.62        11:59:35        4.20e-02        2.00e+00
       29454642        70.12391       190.08875            5.63        11:59:03        4.20e-02        2.00e+00
       29455709        70.12659       191.08951            5.63        11:58:44        4.20e-02        2.00e+00
       29456790        70.12162       192.08991            5.63        11:58:33        4.20e-02        2.00e+00
       29457819        70.11581       193.08995            5.63        11:58:11        4.20e-02        2.00e+00
       29458820        70.10924       194.09033            5.63        11:57:44        4.20e-02        2.00e+00
       29459884        70.10622       195.09125            5.63        11:57:28        4.20e-02        2.00e+00
DEBUG @ t=29460000: current_coupling=0.042, last=0.042
       29460963        70.10163       196.09164            5.63        11:57:16        4.20e-02        2.00e+00
       29462027        70.09640       197.09206            5.63        11:57:01        4.20e-02        2.00e+00
       29463059        70.09074       198.09303            5.63        11:56:40        4.20e-02        2.00e+00
       29464056        70.08175       199.09372            5.63        11:56:14        4.20e-02        2.00e+00
SWITCH DETECTED at timestep 29465038: t = 200.000049 ps
  Forcing immediate timestep adjustment for shock dampening
Added F(k,t) reference 1 at t = 200.001 ps
       29465139        70.07380       200.09458            5.63        11:56:05        4.20e-02        2.00e+00
       29466199        70.07223       201.09493            5.63        11:55:48        4.20e-02        2.00e+00
       29467227        70.06742       202.09500            5.63        11:55:26        4.20e-02        2.00e+00
       29468297        70.06230       203.09506            5.63        11:55:13        4.20e-02        2.00e+00
       29469296        70.05433       204.09512            5.63        11:54:48        4.20e-02        2.00e+00
DEBUG @ t=29470000: current_coupling=0.042, last=0.042
       29470350        70.04572       205.09513            5.63        11:54:33        4.20e-02        2.00e+00
       29471404        70.04022       206.09599            5.63        11:54:17        4.20e-02        2.00e+00
       29472488        70.04558       207.09682            5.63        11:54:00        4.20e-02        2.00e+00
       29473605        70.04622       208.09769            5.63        11:53:53        4.20e-02        2.00e+00
       29474612        70.03920       209.09798            5.63        11:53:29        4.20e-02        2.00e+00
       29475563        70.03383       210.09819            5.64        11:52:53        4.20e-02        2.00e+00
       29476531        70.03077       211.09835            5.64        11:52:20        4.20e-02        2.00e+00
       29477572        70.02077       212.09864            5.64        11:52:04        4.20e-02        2.00e+00
       29478580        70.01438       213.09881            5.64        11:51:41        4.20e-02        2.00e+00
       29479601        70.00896       214.09946            5.64        11:51:19        4.20e-02        2.00e+00
DEBUG @ t=29480000: current_coupling=0.042, last=0.042
       29480621        70.00188       215.10013            5.64        11:50:58        4.20e-02        2.00e+00
       29481623        69.99733       216.10081            5.64        11:50:32        4.20e-02        2.00e+00
       29482627        69.98996       217.10119            5.64        11:50:09        4.20e-02        2.00e+00
       29483704        69.99182       218.10132            5.64        11:49:54        4.20e-02        2.00e+00
       29484775        69.99518       219.10201            5.64        11:49:36        4.20e-02        2.00e+00
       29485752        69.98766       220.10297            5.64        11:49:08        4.20e-02        2.00e+00
       29486815        69.98367       221.10378            5.64        11:48:53        4.20e-02        2.00e+00
       29487948        69.98800       222.10465            5.64        11:48:46        4.20e-02        2.00e+00
       29489011        69.98280       223.10480            5.64        11:48:33        4.20e-02        2.00e+00
       29489965        69.97547       224.10522            5.65        11:48:01        4.20e-02        2.00e+00
DEBUG @ t=29490000: current_coupling=0.042, last=0.042
       29490893        69.96993       225.10544            5.65        11:47:24        4.20e-02        2.00e+00
       29491867        69.96204       226.10561            5.65        11:46:56        4.20e-02        2.00e+00
       29492942        69.95458       227.10632            5.65        11:46:46        4.20e-02        2.00e+00
       29494056        69.95077       228.10663            5.65        11:46:41        4.20e-02        2.00e+00
       29495191        69.94672       229.10691            5.65        11:46:39        4.20e-02        2.00e+00
       29496210        69.94136       230.10772            5.65        11:46:18        4.20e-02        2.00e+00
       29497207        69.93588       231.10835            5.65        11:45:54        4.20e-02        2.00e+00
       29498137        69.93173       232.10853            5.65        11:45:17        4.20e-02        2.00e+00
       29499141        69.93062       233.10949            5.65        11:44:51        4.20e-02        2.00e+00
DEBUG @ t=29500000: current_coupling=0.042, last=0.042
[HDF5 Writer DEBUG] timestep=29500000, current_time_ps=234.094, last_output_time=234.09171372082878, write_count=22319
       29500014        69.92285       234.11005            5.66        11:44:07        4.20e-02        2.00e+00
       29501170        69.91353       235.11047            5.65        11:44:12        4.20e-02        2.00e+00
       29502284        69.90813       236.11104            5.65        11:44:08        4.20e-02        2.00e+00
       29503419        69.90534       237.11199            5.65        11:44:05        4.20e-02        2.00e+00
       29504429        69.90066       238.11256            5.65        11:43:43        4.20e-02        2.00e+00
       29505389        69.89640       239.11281            5.65        11:43:12        4.20e-02        2.00e+00
       29506363        69.89006       240.11355            5.66        11:42:45        4.20e-02        2.00e+00
       29507348        69.88674       241.11430            5.66        11:42:18        4.20e-02        2.00e+00
       29508287        69.88471       242.11434            5.66        11:41:43        4.20e-02        2.00e+00
       29509316        69.88573       243.11456            5.66        11:41:21        4.20e-02        2.00e+00
DEBUG @ t=29510000: current_coupling=0.042, last=0.042
       29510411        69.88266       244.11502            5.66        11:41:12        4.20e-02        2.00e+00
       29511519        69.87825       245.11510            5.66        11:41:06        4.20e-02        2.00e+00
       29512529        69.87553       246.11522            5.66        11:40:43        4.20e-02        2.00e+00
       29513457        69.87275       247.11552            5.66        11:40:07        4.20e-02        2.00e+00
       29514427        69.86658       248.11615            5.66        11:39:41        4.20e-02        2.00e+00
       29515441        69.86184       249.11623            5.66        11:39:20        4.20e-02        2.00e+00
       29516508        69.86082       250.11674            5.66        11:39:05        4.20e-02        2.00e+00
       29517564        69.85680       251.11741            5.66        11:38:51        4.20e-02        2.00e+00
       29518584        69.85348       252.11810            5.66        11:38:30        4.20e-02        2.00e+00
       29519596        69.85243       253.11887            5.67        11:38:07        4.20e-02        2.00e+00
DEBUG @ t=29520000: current_coupling=0.042, last=0.042
       29520567        69.84792       254.11974            5.67        11:37:40        4.20e-02        2.00e+00
       29521497        69.84449       255.12050            5.67        11:37:06        4.20e-02        2.00e+00
       29522461        69.83696       256.12092            5.67        11:36:40        4.20e-02        2.00e+00
       29523495        69.83070       257.12117            5.67        11:36:24        4.20e-02        2.00e+00
       29524510        69.82664       258.12167            5.67        11:36:03        4.20e-02        2.00e+00
       29525544        69.82352       259.12253            5.67        11:35:45        4.20e-02        2.00e+00
       29526588        69.81790       260.12315            5.67        11:35:30        4.20e-02        2.00e+00
       29527670        69.81078       261.12402            5.67        11:35:22        4.20e-02        2.00e+00
       29528740        69.80452       262.12477            5.67        11:35:11        4.20e-02        2.00e+00
       29529786        69.80040       263.12564            5.67        11:34:56        4.20e-02        2.00e+00
DEBUG @ t=29530000: current_coupling=0.042, last=0.042
       29530839        69.79508       264.12595            5.67        11:34:42        4.20e-02        2.00e+00
       29531986        69.79170       265.12639            5.67        11:34:41        4.20e-02        2.00e+00
       29533080        69.78623       266.12674            5.67        11:34:34        4.20e-02        2.00e+00
       29534152        69.78949       267.12712            5.67        11:34:18        4.20e-02        2.00e+00
       29535221        69.79151       268.12743            5.67        11:34:02        4.20e-02        2.00e+00
       29536348        69.79116       269.12751            5.67        11:33:56        4.20e-02        2.00e+00
       29537468        69.79221       270.12767            5.67        11:33:48        4.20e-02        2.00e+00
       29538575        69.79322       271.12767            5.67        11:33:39        4.20e-02        2.00e+00
       29539706        69.79276       272.12801            5.66        11:33:33        4.20e-02        2.00e+00
DEBUG @ t=29540000: current_coupling=0.042, last=0.042
       29540754        69.79011       273.12815            5.66        11:33:17        4.20e-02        2.00e+00
       29541783        69.78767       274.12904            5.66        11:32:58        4.20e-02        2.00e+00
       29542768        69.78356       275.12940            5.67        11:32:34        4.20e-02        2.00e+00
       29543811        69.78208       276.13004            5.67        11:32:16        4.20e-02        2.00e+00
       29544903        69.77904       277.13056            5.67        11:32:07        4.20e-02        2.00e+00
       29545950        69.78114       278.13126            5.67        11:31:48        4.20e-02        2.00e+00
       29546910        69.78298       279.13205            5.67        11:31:17        4.20e-02        2.00e+00
       29547963        69.78047       280.13207            5.67        11:31:02        4.20e-02        2.00e+00
       29549038        69.77657       281.13290            5.67        11:30:50        4.20e-02        2.00e+00
DEBUG @ t=29550000: current_coupling=0.042, last=0.042
       29550063        69.77484       282.13362            5.67        11:30:30        4.20e-02        2.00e+00
       29551269        69.77300       283.13415            5.67        11:30:36        4.20e-02        2.00e+00
       29552485        69.76862       284.13471            5.66        11:30:44        4.20e-02        2.00e+00
       29553746        69.76208       285.13490            5.66        11:30:59        4.20e-02        2.00e+00
       29555031        69.76710       286.13564            5.65        11:31:11        4.20e-02        2.00e+00
       29556290        69.77141       287.13645            5.65        11:31:19        4.20e-02        2.00e+00
       29557463        69.76648       288.13651            5.65        11:31:21        4.20e-02        2.00e+00
       29558672        69.76168       289.13676            5.65        11:31:27        4.20e-02        2.00e+00
       29559751        69.75700       290.13750            5.64        11:31:16        4.20e-02        2.00e+00
DEBUG @ t=29560000: current_coupling=0.042, last=0.042
       29560978        69.75400       291.13775            5.64        11:31:24        4.20e-02        2.00e+00
       29562079        69.74778       292.13805            5.64        11:31:17        4.20e-02        2.00e+00
       29563171        69.74314       293.13818            5.64        11:31:07        4.20e-02        2.00e+00
       29564175        69.74175       294.13913            5.64        11:30:44        4.20e-02        2.00e+00
       29565206        69.74308       295.14008            5.64        11:30:23        4.20e-02        2.00e+00
       29566251        69.74126       296.14049            5.64        11:30:05        4.20e-02        2.00e+00
       29567413        69.73767       297.14137            5.64        11:30:04        4.20e-02        2.00e+00
       29568507        69.73370       298.14206            5.64        11:29:55        4.20e-02        2.00e+00
       29569575        69.72871       299.14303            5.64        11:29:42        4.20e-02        2.00e+00
DEBUG @ t=29570000: current_coupling=0.042, last=0.042
       29570671        69.72490       300.14375            5.64        11:29:33        4.20e-02        2.00e+00
       29571918        69.72139       301.14438            5.63        11:29:42        4.20e-02        2.00e+00
       29572936        69.71571       302.14465            5.64        11:29:24        4.20e-02        2.00e+00
       29573987        69.71053       303.14553            5.64        11:29:09        4.20e-02        2.00e+00
       29575043        69.70842       304.14625            5.64        11:28:53        4.20e-02        2.00e+00
       29576053        69.70782       305.14660            5.64        11:28:31        4.20e-02        2.00e+00
       29577036        69.70359       306.14746            5.64        11:28:07        4.20e-02        2.00e+00
       29578235        69.70014       307.14828            5.63        11:28:10        4.20e-02        2.00e+00
       29579176        69.69441       308.14828            5.64        11:27:42        4.20e-02        2.00e+00
DEBUG @ t=29580000: current_coupling=0.042, last=0.042
       29580405        69.69390       309.14875            5.63        11:27:47        4.20e-02        2.00e+00
       29581512        69.69614       310.14896            5.63        11:27:35        4.20e-02        2.00e+00
       29582462        69.69600       311.14993            5.64        11:27:05        4.20e-02        2.00e+00
       29583555        69.69425       312.15033            5.63        11:26:53        4.20e-02        2.00e+00
       29584786        69.69258       313.15090            5.63        11:26:59        4.20e-02        2.00e+00
       29585811        69.68969       314.15097            5.63        11:26:40        4.20e-02        2.00e+00
       29586803        69.68638       315.15192            5.63        11:26:17        4.20e-02        2.00e+00
       29587760        69.68280       316.15201            5.64        11:25:50        4.20e-02        2.00e+00
       29588703        69.67923       317.15296            5.64        11:25:22        4.20e-02        2.00e+00
       29589838        69.67831       318.15326            5.64        11:25:15        4.20e-02        2.00e+00
DEBUG @ t=29590000: current_coupling=0.042, last=0.042
       29591074        69.67718       319.15373            5.63        11:25:20        4.20e-02        2.00e+00
       29592006        69.67679       320.15407            5.64        11:24:49        4.20e-02        2.00e+00
       29592924        69.67648       321.15430            5.64        11:24:16        4.20e-02        2.00e+00
       29594135        69.67530       322.15461            5.64        11:24:18        4.20e-02        2.00e+00
       29595204        69.67235       323.15493            5.63        11:24:04        4.20e-02        2.00e+00
       29596123        69.66639       324.15499            5.64        11:23:35        4.20e-02        2.00e+00
       29597317        69.66482       325.15552            5.63        11:23:35        4.20e-02        2.00e+00
       29598437        69.66027       326.15624            5.63        11:23:29        4.20e-02        2.00e+00
       29599649        69.65670       327.15637            5.63        11:23:32        4.20e-02        2.00e+00
DEBUG @ t=29600000: current_coupling=0.042, last=0.042
[HDF5 Writer DEBUG] timestep=29600000, current_time_ps=327.474, last_output_time=327.4714854357143, write_count=31239
       29600642        69.65436       328.15699            5.63        11:23:09        4.20e-02        2.00e+00
       29601566        69.65410       329.15780            5.63        11:22:37        4.20e-02        2.00e+00
       29602526        69.65178       330.15781            5.64        11:22:11        4.20e-02        2.00e+00
       29603619        69.65095       331.15825            5.64        11:21:59        4.20e-02        2.00e+00
       29604847        69.65053       332.15885            5.63        11:22:02        4.20e-02        2.00e+00
       29606095        69.64813       333.15954            5.63        11:22:09        4.20e-02        2.00e+00
       29607205        69.64573       334.15988            5.63        11:21:59        4.20e-02        2.00e+00
       29608178        69.64247       335.15993            5.63        11:21:35        4.20e-02        2.00e+00
       29609324        69.63905       336.16019            5.63        11:21:30        4.20e-02        2.00e+00
DEBUG @ t=29610000: current_coupling=0.042, last=0.042
       29610465        69.63632       337.16027            5.63        11:21:25        4.20e-02        2.00e+00
       29611557        69.63503       338.16114            5.63        11:21:13        4.20e-02        2.00e+00
       29612623        69.63171       339.16204            5.63        11:20:59        4.20e-02        2.00e+00
       29613807        69.62782       340.16276            5.62        11:20:58        4.20e-02        2.00e+00
       29614958        69.62771       341.16294            5.62        11:20:52        4.20e-02        2.00e+00
       29615995        69.62641       342.16330            5.62        11:20:34        4.20e-02        2.00e+00
       29617043        69.62307       343.16396            5.62        11:20:18        4.20e-02        2.00e+00
       29618146        69.61951       344.16417            5.62        11:20:08        4.20e-02        2.00e+00
       29619122        69.61663       345.16486            5.62        11:19:44        4.20e-02        2.00e+00
DEBUG @ t=29620000: current_coupling=0.042, last=0.042
       29620171        69.61586       346.16563            5.62        11:19:27        4.20e-02        2.00e+00
       29621251        69.61504       347.16607            5.62        11:19:13        4.20e-02        2.00e+00
       29622264        69.61556       348.16681            5.63        11:18:51        4.20e-02        2.00e+00
       29623337        69.61503       349.16751            5.62        11:18:37        4.20e-02        2.00e+00
       29624375        69.61358       350.16796            5.63        11:18:19        4.20e-02        2.00e+00
       29625406        69.60948       351.16814            5.63        11:18:01        4.20e-02        2.00e+00
       29626467        69.60720       352.16860            5.63        11:17:46        4.20e-02        2.00e+00
       29627582        69.60645       353.16911            5.62        11:17:36        4.20e-02        2.00e+00
       29628621        69.60245       354.16925            5.62        11:17:20        4.20e-02        2.00e+00
       29629584        69.59971       355.16984            5.63        11:16:55        4.20e-02        2.00e+00
DEBUG @ t=29630000: current_coupling=0.042, last=0.042
       29630620        69.59939       356.17034            5.63        11:16:36        4.20e-02        2.00e+00
       29631612        69.59787       357.17113            5.63        11:16:13        4.20e-02        2.00e+00
       29632599        69.59543       358.17120            5.63        11:15:51        4.20e-02        2.00e+00
       29633650        69.59134       359.17175            5.63        11:15:36        4.20e-02        2.00e+00
       29634629        69.58832       360.17209            5.63        11:15:13        4.20e-02        2.00e+00
       29635614        69.58624       361.17232            5.63        11:14:50        4.20e-02        2.00e+00
       29636641        69.58493       362.17266            5.63        11:14:31        4.20e-02        2.00e+00
       29637731        69.58103       363.17301            5.63        11:14:20        4.20e-02        2.00e+00
       29638791        69.57730       364.17324            5.63        11:14:06        4.20e-02        2.00e+00
       29639841        69.57532       365.17411            5.63        11:13:50        4.20e-02        2.00e+00
DEBUG @ t=29640000: current_coupling=0.042, last=0.042
       29640912        69.57680       366.17478            5.63        11:13:34        4.20e-02        2.00e+00
       29641891        69.57470       367.17493            5.63        11:13:11        4.20e-02        2.00e+00
       29642910        69.57447       368.17562            5.63        11:12:51        4.20e-02        2.00e+00
       29643929        69.57343       369.17659            5.63        11:12:31        4.20e-02        2.00e+00
       29644888        69.57133       370.17660            5.63        11:12:06        4.20e-02        2.00e+00
       29645832        69.56890       371.17732            5.64        11:11:39        4.20e-02        2.00e+00
       29646868        69.56570       372.17743            5.64        11:11:23        4.20e-02        2.00e+00
       29647848        69.56380       373.17765            5.64        11:11:00        4.20e-02        2.00e+00
       29648806        69.56160       374.17832            5.64        11:10:35        4.20e-02        2.00e+00
       29649743        69.55809       375.17929            5.64        11:10:08        4.20e-02        2.00e+00
DEBUG @ t=29650000: current_coupling=0.042, last=0.042
       29650755        69.55592       376.17936            5.64        11:09:49        4.20e-02        2.00e+00
       29651860        69.55643       377.18018            5.64        11:09:37        4.20e-02        2.00e+00
       29652957        69.55763       378.18092            5.64        11:09:24        4.20e-02        2.00e+00
       29653909        69.55518       379.18124            5.64        11:08:59        4.20e-02        2.00e+00
       29654833        69.55180       380.18145            5.64        11:08:32        4.20e-02        2.00e+00
       29655873        69.54936       381.18195            5.64        11:08:15        4.20e-02        2.00e+00
       29656882        69.54828       382.18273            5.64        11:07:55        4.20e-02        2.00e+00
       29657837        69.54839       383.18308            5.65        11:07:29        4.20e-02        2.00e+00
       29658833        69.54658       384.18380            5.65        11:07:08        4.20e-02        2.00e+00
       29659756        69.54165       385.18472            5.65        11:06:41        4.20e-02        2.00e+00
DEBUG @ t=29660000: current_coupling=0.042, last=0.042
       29660777        69.53936       386.18484            5.65        11:06:23        4.20e-02        2.00e+00
       29661820        69.54015       387.18577            5.65        11:06:05        4.20e-02        2.00e+00
       29662936        69.54678       388.18662            5.65        11:05:51        4.20e-02        2.00e+00
       29663905        69.54451       389.18703            5.65        11:05:28        4.20e-02        2.00e+00
       29664821        69.54204       390.18771            5.65        11:05:00        4.20e-02        2.00e+00
       29665811        69.54028       391.18835            5.65        11:04:38        4.20e-02        2.00e+00
       29666939        69.54106       392.18858            5.65        11:04:29        4.20e-02        2.00e+00
       29668046        69.54504       393.18916            5.65        11:04:15        4.20e-02        2.00e+00
       29668993        69.54486       394.18935            5.65        11:03:49        4.20e-02        2.00e+00
DEBUG @ t=29670000: current_coupling=0.042, last=0.042
       29670114        69.54586       395.18942            5.65        11:03:39        4.20e-02        2.00e+00
       29671177        69.54308       396.18943            5.65        11:03:25        4.20e-02        2.00e+00
       29672292        69.53922       397.19036            5.65        11:03:17        4.20e-02        2.00e+00
       29673328        69.53792       398.19109            5.65        11:03:00        4.20e-02        2.00e+00
       29674301        69.53545       399.19137            5.65        11:02:37        4.20e-02        2.00e+00
Added F(k,t) reference 2 at t = 400.002 ps
       29675334        69.53526       400.19190            5.65        11:02:19        4.20e-02        2.00e+00
       29676298        69.53247       401.19196            5.65        11:01:56        4.20e-02        2.00e+00
       29677315        69.53014       402.19286            5.65        11:01:38        4.20e-02        2.00e+00
       29678343        69.52892       403.19347            5.65        11:01:20        4.20e-02        2.00e+00
       29679351        69.52523       404.19398            5.65        11:01:02        4.20e-02        2.00e+00
DEBUG @ t=29680000: current_coupling=0.042, last=0.042
       29680332        69.52083       405.19437            5.66        11:00:42        4.20e-02        2.00e+00
       29681332        69.51687       406.19442            5.66        11:00:23        4.20e-02        2.00e+00
       29682335        69.51450       407.19516            5.66        11:00:03        4.20e-02        2.00e+00
       29683312        69.51298       408.19593            5.66        10:59:41        4.20e-02        2.00e+00
       29684327        69.50932       409.19601            5.66        10:59:24        4.20e-02        2.00e+00
       29685364        69.50547       410.19670            5.66        10:59:08        4.20e-02        2.00e+00
       29686382        69.50194       411.19688            5.66        10:58:51        4.20e-02        2.00e+00
       29687423        69.50008       412.19722            5.66        10:58:35        4.20e-02        2.00e+00
       29688405        69.49921       413.19783            5.66        10:58:13        4.20e-02        2.00e+00
       29689424        69.49789       414.19827            5.66        10:57:55        4.20e-02        2.00e+00
DEBUG @ t=29690000: current_coupling=0.042, last=0.042
       29690501        69.49727       415.19900            5.66        10:57:41        4.20e-02        2.00e+00
       29691648        69.49594       416.19932            5.66        10:57:34        4.20e-02        2.00e+00
       29692713        69.49301       417.19936            5.66        10:57:21        4.20e-02        2.00e+00
       29693843        69.49197       418.20007            5.66        10:57:12        4.20e-02        2.00e+00
       29694987        69.49159       419.20023            5.66        10:57:05        4.20e-02        2.00e+00
       29696140        69.48959       420.20073            5.65        10:56:58        4.20e-02        2.00e+00
       29697293        69.49029       421.20168            5.65        10:56:51        4.20e-02        2.00e+00
       29698326        69.48836       422.20185            5.65        10:56:34        4.20e-02        2.00e+00
       29699377        69.48532       423.20235            5.65        10:56:19        4.20e-02        2.00e+00
DEBUG @ t=29700000: current_coupling=0.042, last=0.042
[HDF5 Writer DEBUG] timestep=29700000, current_time_ps=423.723, last_output_time=423.72014334958203, write_count=40397
       29700516        69.48242       424.20238            5.65        10:56:12        4.20e-02        2.00e+00
       29701632        69.48128       425.20308            5.65        10:56:02        4.20e-02        2.00e+00
       29702766        69.47949       426.20387            5.65        10:55:54        4.20e-02        2.00e+00
       29703870        69.47730       427.20468            5.65        10:55:44        4.20e-02        2.00e+00
       29704850        69.47551       428.20536            5.65        10:55:22        4.20e-02        2.00e+00
       29705769        69.47346       429.20589            5.65        10:54:56        4.20e-02        2.00e+00
       29706706        69.47156       430.20639            5.65        10:54:31        4.20e-02        2.00e+00
       29707727        69.47046       431.20666            5.65        10:54:13        4.20e-02        2.00e+00
       29708743        69.47041       432.20679            5.65        10:53:53        4.20e-02        2.00e+00
       29709715        69.46758       433.20732            5.66        10:53:32        4.20e-02        2.00e+00
DEBUG @ t=29710000: current_coupling=0.042, last=0.042
       29710669        69.46584       434.20813            5.66        10:53:09        4.20e-02        2.00e+00
       29711583        69.46680       435.20899            5.66        10:52:40        4.20e-02        2.00e+00
       29712521        69.46551       436.20918            5.66        10:52:15        4.20e-02        2.00e+00
       29713459        69.46212       437.20926            5.66        10:51:52        4.20e-02        2.00e+00
       29714380        69.45985       438.20962            5.66        10:51:26        4.20e-02        2.00e+00
       29715357        69.45738       439.20963            5.66        10:51:05        4.20e-02        2.00e+00
       29716284        69.45712       440.20963            5.67        10:50:39        4.20e-02        2.00e+00
       29717177        69.45538       441.21021            5.67        10:50:11        4.20e-02        2.00e+00
       29718194        69.45277       442.21025            5.67        10:49:53        4.20e-02        2.00e+00
       29719238        69.45097       443.21026            5.67        10:49:38        4.20e-02        2.00e+00
DEBUG @ t=29720000: current_coupling=0.042, last=0.042
       29720266        69.45190       444.21124            5.67        10:49:19        4.20e-02        2.00e+00
       29721228        69.45098       445.21210            5.67        10:48:57        4.20e-02        2.00e+00
       29722250        69.44966       446.21228            5.67        10:48:39        4.20e-02        2.00e+00
       29723316        69.45032       447.21242            5.67        10:48:24        4.20e-02        2.00e+00
       29724368        69.45068       448.21321            5.67        10:48:08        4.20e-02        2.00e+00
       29725377        69.44791       449.21356            5.67        10:47:50        4.20e-02        2.00e+00
       29726439        69.44499       450.21419            5.67        10:47:37        4.20e-02        2.00e+00
       29727439        69.44332       451.21480            5.67        10:47:18        4.20e-02        2.00e+00
       29728429        69.44285       452.21541            5.67        10:46:57        4.20e-02        2.00e+00
       29729390        69.44024       453.21636            5.67        10:46:36        4.20e-02        2.00e+00
DEBUG @ t=29730000: current_coupling=0.042, last=0.042
       29730357        69.43720       454.21639            5.67        10:46:15        4.20e-02        2.00e+00
       29731372        69.43540       455.21680            5.67        10:45:57        4.20e-02        2.00e+00
       29732374        69.43580       456.21724            5.67        10:45:37        4.20e-02        2.00e+00
       29733299        69.43462       457.21760            5.68        10:45:12        4.20e-02        2.00e+00
       29734192        69.43331       458.21797            5.68        10:44:44        4.20e-02        2.00e+00
       29735094        69.43227       459.21823            5.68        10:44:17        4.20e-02        2.00e+00
       29736138        69.42894       460.21837            5.68        10:44:03        4.20e-02        2.00e+00
       29737184        69.42804       461.21877            5.68        10:43:47        4.20e-02        2.00e+00
       29738171        69.42658       462.21925            5.68        10:43:27        4.20e-02        2.00e+00
       29739153        69.42419       463.21957            5.68        10:43:08        4.20e-02        2.00e+00
DEBUG @ t=29740000: current_coupling=0.042, last=0.042
       29740120        69.42294       464.21970            5.68        10:42:46        4.20e-02        2.00e+00
       29741151        69.42155       465.22021            5.68        10:42:30        4.20e-02        2.00e+00
       29742169        69.42086       466.22025            5.68        10:42:12        4.20e-02        2.00e+00
       29743131        69.41948       467.22098            5.68        10:41:50        4.20e-02        2.00e+00
       29744185        69.41678       468.22099            5.68        10:41:36        4.20e-02        2.00e+00
       29745190        69.41512       469.22123            5.68        10:41:18        4.20e-02        2.00e+00
       29746163        69.41363       470.22164            5.68        10:40:57        4.20e-02        2.00e+00
       29747110        69.41198       471.22165            5.68        10:40:34        4.20e-02        2.00e+00
       29748071        69.40882       472.22168            5.69        10:40:14        4.20e-02        2.00e+00
       29749039        69.40718       473.22215            5.69        10:39:53        4.20e-02        2.00e+00
DEBUG @ t=29750000: current_coupling=0.042, last=0.042
       29750019        69.40536       474.22308            5.69        10:39:33        4.20e-02        2.00e+00
       29751010        69.40422       475.22348            5.69        10:39:13        4.20e-02        2.00e+00
       29751967        69.40292       476.22390            5.69        10:38:51        4.20e-02        2.00e+00
       29752923        69.40214       477.22419            5.69        10:38:29        4.20e-02        2.00e+00
       29753940        69.40415       478.22494            5.69        10:38:10        4.20e-02        2.00e+00
       29754948        69.40295       479.22512            5.69        10:37:52        4.20e-02        2.00e+00
       29755956        69.39988       480.22599            5.69        10:37:35        4.20e-02        2.00e+00
       29756922        69.39662       481.22643            5.69        10:37:15        4.20e-02        2.00e+00
       29757955        69.39537       482.22682            5.69        10:36:59        4.20e-02        2.00e+00
       29758926        69.39440       483.22740            5.69        10:36:38        4.20e-02        2.00e+00
       29759903        69.39261       484.22827            5.69        10:36:18        4.20e-02        2.00e+00
DEBUG @ t=29760000: current_coupling=0.042, last=0.042
       29760924        69.39405       485.22921            5.69        10:35:59        4.20e-02        2.00e+00
       29761888        69.39228       486.22971            5.69        10:35:39        4.20e-02        2.00e+00
       29762926        69.39078       487.23053            5.69        10:35:23        4.20e-02        2.00e+00
       29763926        69.39133       488.23072            5.70        10:35:04        4.20e-02        2.00e+00
       29764890        69.39071       489.23101            5.70        10:34:42        4.20e-02        2.00e+00
       29765890        69.39125       490.23111            5.70        10:34:23        4.20e-02        2.00e+00
       29766904        69.39008       491.23208            5.70        10:34:05        4.20e-02        2.00e+00
       29767877        69.38873       492.23303            5.70        10:33:45        4.20e-02        2.00e+00
       29768836        69.38839       493.23312            5.70        10:33:23        4.20e-02        2.00e+00
       29769835        69.38716       494.23334            5.70        10:33:05        4.20e-02        2.00e+00
DEBUG @ t=29770000: current_coupling=0.042, last=0.042
       29770857        69.38646       495.23405            5.70        10:32:48        4.20e-02        2.00e+00
       29771957        69.38535       496.23434            5.70        10:32:37        4.20e-02        2.00e+00
       29773013        69.38443       497.23477            5.70        10:32:22        4.20e-02        2.00e+00
       29773963        69.38222       498.23493            5.70        10:32:01        4.20e-02        2.00e+00
       29775009        69.38083       499.23508            5.70        10:31:46        4.20e-02        2.00e+00
       29775983        69.38051       500.23570            5.70        10:31:26        4.20e-02        2.00e+00
       29776969        69.37949       501.23613            5.70        10:31:06        4.20e-02        2.00e+00
       29778066        69.37922       502.23629            5.70        10:30:54        4.20e-02        2.00e+00
       29779071        69.37843       503.23662            5.70        10:30:36        4.20e-02        2.00e+00
DEBUG @ t=29780000: current_coupling=0.042, last=0.042
       29780076        69.37931       504.23705            5.70        10:30:17        4.20e-02        2.00e+00
       29781066        69.37961       505.23709            5.70        10:29:58        4.20e-02        2.00e+00
       29782065        69.38100       506.23739            5.70        10:29:38        4.20e-02        2.00e+00
       29783070        69.38296       507.23792            5.70        10:29:19        4.20e-02        2.00e+00
       29784060        69.38020       508.23810            5.70        10:29:01        4.20e-02        2.00e+00
       29785028        69.37928       509.23863            5.71        10:28:40        4.20e-02        2.00e+00
       29786060        69.37975       510.23907            5.71        10:28:23        4.20e-02        2.00e+00
       29787058        69.37829       511.23926            5.71        10:28:05        4.20e-02        2.00e+00
       29788049        69.37764       512.23988            5.71        10:27:46        4.20e-02        2.00e+00
       29789021        69.37616       513.24026            5.71        10:27:26        4.20e-02        2.00e+00
DEBUG @ t=29790000: current_coupling=0.042, last=0.042
       29790068        69.37540       514.24062            5.71        10:27:11        4.20e-02        2.00e+00
       29791109        69.37398       515.24123            5.71        10:26:56        4.20e-02        2.00e+00
       29792194        69.37232       516.24154            5.71        10:26:44        4.20e-02        2.00e+00
       29793159        69.37008       517.24174            5.71        10:26:25        4.20e-02        2.00e+00
       29794244        69.36882       518.24188            5.71        10:26:13        4.20e-02        2.00e+00
       29795268        69.36905       519.24208            5.71        10:25:55        4.20e-02        2.00e+00
       29796347        69.36851       520.24300            5.71        10:25:43        4.20e-02        2.00e+00
       29797316        69.36662       521.24311            5.71        10:25:23        4.20e-02        2.00e+00
       29798314        69.36448       522.24352            5.71        10:25:05        4.20e-02        2.00e+00
       29799330        69.36345       523.24420            5.71        10:24:48        4.20e-02        2.00e+00
DEBUG @ t=29800000: current_coupling=0.042, last=0.042
[HDF5 Writer DEBUG] timestep=29800000, current_time_ps=523.872, last_output_time=523.8649801279897, write_count=49982
       29800390        69.36114       524.24440            5.71        10:24:35        4.20e-02        2.00e+00
       29801454        69.36012       525.24469            5.71        10:24:21        4.20e-02        2.00e+00
       29802500        69.35894       526.24477            5.71        10:24:07        4.20e-02        2.00e+00
       29803483        69.35711       527.24517            5.71        10:23:48        4.20e-02        2.00e+00
       29804535        69.35546       528.24522            5.71        10:23:34        4.20e-02        2.00e+00
       29805572        69.35599       529.24584            5.71        10:23:17        4.20e-02        2.00e+00
       29806582        69.35643       530.24600            5.71        10:22:59        4.20e-02        2.00e+00
       29807675        69.35497       531.24679            5.71        10:22:48        4.20e-02        2.00e+00
       29808665        69.35254       532.24736            5.71        10:22:30        4.20e-02        2.00e+00
       29809704        69.35075       533.24745            5.71        10:22:15        4.20e-02        2.00e+00
DEBUG @ t=29810000: current_coupling=0.042, last=0.042
       29810681        69.34928       534.24761            5.71        10:21:56        4.20e-02        2.00e+00
       29811679        69.34881       535.24825            5.71        10:21:38        4.20e-02        2.00e+00
       29812688        69.34839       536.24924            5.71        10:21:20        4.20e-02        2.00e+00
       29813607        69.34580       537.24973            5.71        10:20:58        4.20e-02        2.00e+00
       29814563        69.34569       538.25019            5.71        10:20:36        4.20e-02        2.00e+00
       29815551        69.34690       539.25081            5.71        10:20:16        4.20e-02        2.00e+00
       29816501        69.34695       540.25085            5.71        10:19:55        4.20e-02        2.00e+00
       29817463        69.34502       541.25140            5.71        10:19:35        4.20e-02        2.00e+00
       29818430        69.34327       542.25179            5.72        10:19:15        4.20e-02        2.00e+00
       29819371        69.34132       543.25220            5.72        10:18:54        4.20e-02        2.00e+00
DEBUG @ t=29820000: current_coupling=0.042, last=0.042
       29820330        69.34063       544.25277            5.72        10:18:34        4.20e-02        2.00e+00
       29821339        69.33930       545.25320            5.72        10:18:17        4.20e-02        2.00e+00
       29822291        69.33808       546.25353            5.72        10:17:56        4.20e-02        2.00e+00
       29823236        69.33696       547.25356            5.72        10:17:35        4.20e-02        2.00e+00
       29824214        69.33637       548.25405            5.72        10:17:16        4.20e-02        2.00e+00
       29825191        69.33607       549.25465            5.72        10:16:56        4.20e-02        2.00e+00
       29826221        69.33532       550.25492            5.72        10:16:40        4.20e-02        2.00e+00
       29827200        69.33543       551.25505            5.72        10:16:21        4.20e-02        2.00e+00
       29828167        69.33419       552.25582            5.72        10:16:01        4.20e-02        2.00e+00
       29829129        69.33160       553.25655            5.72        10:15:42        4.20e-02        2.00e+00
DEBUG @ t=29830000: current_coupling=0.042, last=0.042
       29830035        69.32954       554.25695            5.72        10:15:19        4.20e-02        2.00e+00
       29830980        69.32866       555.25773            5.72        10:14:58        4.20e-02        2.00e+00
       29831921        69.32777       556.25852            5.73        10:14:36        4.20e-02        2.00e+00
       29832873        69.32608       557.25889            5.73        10:14:16        4.20e-02        2.00e+00
       29833864        69.32566       558.25906            5.73        10:13:58        4.20e-02        2.00e+00
       29834846        69.32453       559.25932            5.73        10:13:39        4.20e-02        2.00e+00
       29835770        69.32365       560.26012            5.73        10:13:17        4.20e-02        2.00e+00
       29836736        69.32253       561.26100            5.73        10:12:57        4.20e-02        2.00e+00
       29837728        69.32092       562.26136            5.73        10:12:40        4.20e-02        2.00e+00
       29838665        69.31916       563.26198            5.73        10:12:19        4.20e-02        2.00e+00
       29839591        69.31743       564.26200            5.73        10:11:57        4.20e-02        2.00e+00
DEBUG @ t=29840000: current_coupling=0.042, last=0.042
       29840505        69.31550       565.26307            5.73        10:11:35        4.20e-02        2.00e+00
       29841403        69.31389       566.26339            5.73        10:11:12        4.20e-02        2.00e+00
       29842322        69.31365       567.26397            5.74        10:10:49        4.20e-02        2.00e+00
       29843292        69.31153       568.26414            5.74        10:10:30        4.20e-02        2.00e+00
       29844321        69.30962       569.26498            5.74        10:10:15        4.20e-02        2.00e+00
       29845313        69.30837       570.26512            5.74        10:09:58        4.20e-02        2.00e+00
       29846304        69.30740       571.26524            5.74        10:09:40        4.20e-02        2.00e+00
       29847266        69.30548       572.26524            5.74        10:09:21        4.20e-02        2.00e+00
       29848301        69.30498       573.26619            5.74        10:09:05        4.20e-02        2.00e+00
       29849297        69.30405       574.26634            5.74        10:08:48        4.20e-02        2.00e+00
DEBUG @ t=29850000: current_coupling=0.042, last=0.042
       29850239        69.30349       575.26727            5.74        10:08:27        4.20e-02        2.00e+00
       29851168        69.30231       576.26817            5.74        10:08:06        4.20e-02        2.00e+00
       29852130        69.30197       577.26820            5.74        10:07:46        4.20e-02        2.00e+00
       29853122        69.30234       578.26836            5.74        10:07:27        4.20e-02        2.00e+00
       29854014        69.30221       579.26910            5.74        10:07:03        4.20e-02        2.00e+00
       29855013        69.30174       580.26925            5.74        10:06:46        4.20e-02        2.00e+00
       29855967        69.30093       581.27010            5.74        10:06:26        4.20e-02        2.00e+00
       29856905        69.29915       582.27108            5.74        10:06:05        4.20e-02        2.00e+00
       29857841        69.29708       583.27126            5.75        10:05:45        4.20e-02        2.00e+00
       29858816        69.29419       584.27179            5.75        10:05:27        4.20e-02        2.00e+00
       29859819        69.29088       585.27213            5.75        10:05:12        4.20e-02        2.00e+00
DEBUG @ t=29860000: current_coupling=0.042, last=0.042
       29860761        69.28854       586.27315            5.75        10:04:52        4.20e-02        2.00e+00
       29861737        69.28663       587.27355            5.75        10:04:34        4.20e-02        2.00e+00
       29862730        69.28444       588.27371            5.75        10:04:17        4.20e-02        2.00e+00
       29863690        69.28338       589.27448            5.75        10:03:58        4.20e-02        2.00e+00
       29864649        69.28161       590.27454            5.75        10:03:39        4.20e-02        2.00e+00
       29865660        69.27920       591.27466            5.75        10:03:23        4.20e-02        2.00e+00
       29866742        69.27756       592.27545            5.75        10:03:11        4.20e-02        2.00e+00
       29867711        69.27665       593.27602            5.75        10:02:53        4.20e-02        2.00e+00
       29868675        69.27480       594.27676            5.75        10:02:34        4.20e-02        2.00e+00
       29869717        69.27442       595.27732            5.75        10:02:19        4.20e-02        2.00e+00
DEBUG @ t=29870000: current_coupling=0.042, last=0.042
       29870726        69.27216       596.27821            5.75        10:02:03        4.20e-02        2.00e+00
       29871776        69.26987       597.27908            5.75        10:01:50        4.20e-02        2.00e+00
       29872814        69.26789       598.27980            5.75        10:01:36        4.20e-02        2.00e+00
       29873859        69.26740       599.27992            5.75        10:01:21        4.20e-02        2.00e+00
Added F(k,t) reference 3 at t = 600.002 ps
       29874955        69.26996       600.28026            5.75        10:01:08        4.20e-02        2.00e+00
       29876055        69.27118       601.28120            5.75        10:00:56        4.20e-02        2.00e+00
       29877010        69.27109       602.28162            5.75        10:00:36        4.20e-02        2.00e+00
       29878105        69.27255       603.28163            5.75        10:00:23        4.20e-02        2.00e+00
       29879123        69.27218       604.28203            5.75        10:00:07        4.20e-02        2.00e+00
DEBUG @ t=29880000: current_coupling=0.042, last=0.042
       29880159        69.27205       605.28217            5.75        09:59:52        4.20e-02        2.00e+00
       29881041        69.26979       606.28307            5.75        09:59:29        4.20e-02        2.00e+00
       29882021        69.26814       607.28335            5.75        09:59:11        4.20e-02        2.00e+00
       29883073        69.26631       608.28367            5.75        09:58:57        4.20e-02        2.00e+00
       29884092        69.26458       609.28373            5.75        09:58:42        4.20e-02        2.00e+00
       29885064        69.26377       610.28435            5.75        09:58:23        4.20e-02        2.00e+00
       29886059        69.26254       611.28532            5.75        09:58:06        4.20e-02        2.00e+00
       29887039        69.26236       612.28562            5.75        09:57:48        4.20e-02        2.00e+00
       29887940        69.26240       613.28617            5.75        09:57:25        4.20e-02        2.00e+00
       29888992        69.26230       614.28631            5.75        09:57:11        4.20e-02        2.00e+00
DEBUG @ t=29890000: current_coupling=0.042, last=0.042
       29890012        69.26334       615.28710            5.75        09:56:54        4.20e-02        2.00e+00
       29891049        69.26429       616.28765            5.75        09:56:38        4.20e-02        2.00e+00
       29892092        69.26537       617.28820            5.75        09:56:23        4.20e-02        2.00e+00
       29893036        69.26497       618.28925            5.75        09:56:03        4.20e-02        2.00e+00
       29894028        69.26551       619.28942            5.75        09:55:45        4.20e-02        2.00e+00
       29894977        69.26659       620.29037            5.76        09:55:24        4.20e-02        2.00e+00
       29895964        69.26670       621.29107            5.76        09:55:06        4.20e-02        2.00e+00
       29896929        69.26723       622.29194            5.76        09:54:47        4.20e-02        2.00e+00
       29898010        69.26719       623.29260            5.76        09:54:34        4.20e-02        2.00e+00
       29899058        69.26764       624.29298            5.76        09:54:19        4.20e-02        2.00e+00
DEBUG @ t=29900000: current_coupling=0.042, last=0.042
[HDF5 Writer DEBUG] timestep=29900000, current_time_ps=625.289, last_output_time=625.288253699614, write_count=59647
       29900004        69.26732       625.29354            5.76        09:53:59        4.20e-02        2.00e+00
       29900963        69.26744       626.29428            5.76        09:53:39        4.20e-02        2.00e+00
       29902072        69.26777       627.29470            5.76        09:53:28        4.20e-02        2.00e+00
       29903090        69.26868       628.29518            5.76        09:53:11        4.20e-02        2.00e+00
       29904099        69.27208       629.29575            5.76        09:52:53        4.20e-02        2.00e+00
       29905150        69.27227       630.29637            5.76        09:52:38        4.20e-02        2.00e+00
       29906070        69.27138       631.29724            5.76        09:52:17        4.20e-02        2.00e+00
       29907070        69.27148       632.29755            5.76        09:52:00        4.20e-02        2.00e+00
       29908081        69.27240       633.29825            5.76        09:51:43        4.20e-02        2.00e+00
       29909060        69.27217       634.29832            5.76        09:51:25        4.20e-02        2.00e+00
DEBUG @ t=29910000: current_coupling=0.042, last=0.042
       29910006        69.27245       635.29884            5.76        09:51:05        4.20e-02        2.00e+00
       29910890        69.27417       636.29981            5.76        09:50:40        4.20e-02        2.00e+00
       29911837        69.27468       637.30029            5.76        09:50:20        4.20e-02        2.00e+00
       29912759        69.27533       638.30129            5.76        09:49:59        4.20e-02        2.00e+00
       29913722        69.27512       639.30229            5.76        09:49:40        4.20e-02        2.00e+00
       29914706        69.27571       640.30277            5.77        09:49:21        4.20e-02        2.00e+00
       29915685        69.27740       641.30359            5.77        09:49:02        4.20e-02        2.00e+00
       29916619        69.27954       642.30454            5.77        09:48:41        4.20e-02        2.00e+00
       29917517        69.27995       643.30502            5.77        09:48:18        4.20e-02        2.00e+00
       29918416        69.27991       644.30601            5.77        09:47:56        4.20e-02        2.00e+00
       29919349        69.27980       645.30648            5.77        09:47:35        4.20e-02        2.00e+00
DEBUG @ t=29920000: current_coupling=0.042, last=0.042
       29920315        69.28014       646.30729            5.77        09:47:16        4.20e-02        2.00e+00
       29921281        69.28094       647.30742            5.77        09:46:57        4.20e-02        2.00e+00
       29922311        69.28162       648.30750            5.77        09:46:42        4.20e-02        2.00e+00
       29923296        69.28192       649.30757            5.77        09:46:24        4.20e-02        2.00e+00
       29924294        69.28288       650.30787            5.77        09:46:06        4.20e-02        2.00e+00
       29925326        69.28479       651.30817            5.77        09:45:50        4.20e-02        2.00e+00
       29926268        69.28509       652.30883            5.77        09:45:30        4.20e-02        2.00e+00
       29927200        69.28595       653.30951            5.77        09:45:09        4.20e-02        2.00e+00
       29928136        69.28659       654.31028            5.78        09:44:48        4.20e-02        2.00e+00
       29929239        69.28684       655.31075            5.78        09:44:37        4.20e-02        2.00e+00
DEBUG @ t=29930000: current_coupling=0.042, last=0.042
       29930235        69.28698       656.31133            5.78        09:44:20        4.20e-02        2.00e+00
       29931316        69.28746       657.31205            5.78        09:44:07        4.20e-02        2.00e+00
       29932377        69.28899       658.31240            5.78        09:43:52        4.20e-02        2.00e+00
       29933434        69.28995       659.31281            5.78        09:43:38        4.20e-02        2.00e+00
       29934522        69.29035       660.31374            5.77        09:43:25        4.20e-02        2.00e+00
       29935570        69.29030       661.31423            5.77        09:43:11        4.20e-02        2.00e+00
       29936582        69.29036       662.31447            5.77        09:42:54        4.20e-02        2.00e+00
       29937578        69.29159       663.31482            5.78        09:42:37        4.20e-02        2.00e+00
       29938636        69.29164       664.31525            5.78        09:42:23        4.20e-02        2.00e+00
       29939760        69.29297       665.31552            5.77        09:42:12        4.20e-02        2.00e+00
DEBUG @ t=29940000: current_coupling=0.042, last=0.042
       29940904        69.29459       666.31572            5.77        09:42:01        4.20e-02        2.00e+00
       29942025        69.29558       667.31585            5.77        09:41:50        4.20e-02        2.00e+00
       29943222        69.29718       668.31648            5.77        09:41:42        4.20e-02        2.00e+00
       29944325        69.29879       669.31703            5.77        09:41:30        4.20e-02        2.00e+00
       29945339        69.29929       670.31732            5.77        09:41:13        4.20e-02        2.00e+00
       29946466        69.30009       671.31783            5.77        09:41:02        4.20e-02        2.00e+00
       29947609        69.30076       672.31868            5.77        09:40:52        4.20e-02        2.00e+00
       29948815        69.30228       673.31879            5.77        09:40:45        4.20e-02        2.00e+00
       29949859        69.30448       674.31975            5.77        09:40:29        4.20e-02        2.00e+00
DEBUG @ t=29950000: current_coupling=0.042, last=0.042
       29950817        69.30536       675.32020            5.77        09:40:10        4.20e-02        2.00e+00
       29951863        69.30535       676.32080            5.77        09:39:55        4.20e-02        2.00e+00
       29952915        69.30552       677.32102            5.77        09:39:41        4.20e-02        2.00e+00
       29953965        69.30620       678.32121            5.77        09:39:26        4.20e-02        2.00e+00
       29955059        69.30790       679.32192            5.77        09:39:13        4.20e-02        2.00e+00
       29956125        69.30795       680.32271            5.77        09:38:59        4.20e-02        2.00e+00
       29957090        69.30875       681.32357            5.77        09:38:40        4.20e-02        2.00e+00
       29958037        69.30961       682.32412            5.77        09:38:20        4.20e-02        2.00e+00
       29959014        69.31053       683.32496            5.77        09:38:02        4.20e-02        2.00e+00
       29959995        69.31268       684.32539            5.77        09:37:43        4.20e-02        2.00e+00
DEBUG @ t=29960000: current_coupling=0.042, last=0.042
       29961089        69.31319       685.32548            5.77        09:37:31        4.20e-02        2.00e+00
       29962193        69.31391       686.32609            5.77        09:37:18        4.20e-02        2.00e+00
       29963212        69.31544       687.32653            5.77        09:37:02        4.20e-02        2.00e+00
       29964276        69.31778       688.32676            5.77        09:36:47        4.20e-02        2.00e+00
       29965261        69.31760       689.32689            5.77        09:36:29        4.20e-02        2.00e+00
       29966229        69.31776       690.32707            5.77        09:36:11        4.20e-02        2.00e+00
       29967320        69.31806       691.32736            5.77        09:35:58        4.20e-02        2.00e+00
       29968365        69.31821       692.32769            5.77        09:35:44        4.20e-02        2.00e+00
       29969323        69.31846       693.32826            5.77        09:35:25        4.20e-02        2.00e+00
DEBUG @ t=29970000: current_coupling=0.042, last=0.042
       29970301        69.31914       694.32876            5.77        09:35:07        4.20e-02        2.00e+00
       29971326        69.31966       695.32963            5.77        09:34:51        4.20e-02        2.00e+00
       29972410        69.32234       696.33027            5.77        09:34:37        4.20e-02        2.00e+00
       29973479        69.32501       697.33034            5.77        09:34:22        4.20e-02        2.00e+00
       29974555        69.32672       698.33045            5.77        09:34:08        4.20e-02        2.00e+00
       29975644        69.32798       699.33098            5.77        09:33:55        4.20e-02        2.00e+00
       29976653        69.32976       700.33158            5.77        09:33:37        4.20e-02        2.00e+00
       29977634        69.32993       701.33219            5.77        09:33:20        4.20e-02        2.00e+00
       29978661        69.33061       702.33308            5.77        09:33:04        4.20e-02        2.00e+00
       29979678        69.33109       703.33329            5.77        09:32:48        4.20e-02        2.00e+00
DEBUG @ t=29980000: current_coupling=0.042, last=0.042
       29980678        69.33038       704.33349            5.77        09:32:31        4.20e-02        2.00e+00
       29981638        69.33044       705.33436            5.77        09:32:12        4.20e-02        2.00e+00
       29982626        69.33093       706.33513            5.78        09:31:55        4.20e-02        2.00e+00
       29983625        69.33135       707.33530            5.78        09:31:38        4.20e-02        2.00e+00
       29984612        69.33108       708.33596            5.78        09:31:21        4.20e-02        2.00e+00
       29985589        69.33118       709.33605            5.78        09:31:03        4.20e-02        2.00e+00
       29986532        69.33239       710.33687            5.78        09:30:43        4.20e-02        2.00e+00
       29987467        69.33226       711.33784            5.78        09:30:23        4.20e-02        2.00e+00
       29988431        69.33188       712.33881            5.78        09:30:05        4.20e-02        2.00e+00
       29989457        69.33298       713.33912            5.78        09:29:49        4.20e-02        2.00e+00
DEBUG @ t=29990000: current_coupling=0.042, last=0.042
       29990486        69.33378       714.34015            5.78        09:29:33        4.20e-02        2.00e+00
       29991440        69.33414       715.34033            5.78        09:29:14        4.20e-02        2.00e+00
       29992409        69.33514       716.34111            5.78        09:28:56        4.20e-02        2.00e+00
       29993412        69.33576       717.34129            5.78        09:28:39        4.20e-02        2.00e+00
       29994430        69.33759       718.34191            5.78        09:28:22        4.20e-02        2.00e+00
       29995428        69.33866       719.34225            5.78        09:28:05        4.20e-02        2.00e+00
       29996436        69.33954       720.34291            5.78        09:27:48        4.20e-02        2.00e+00
       29997492        69.33952       721.34348            5.78        09:27:34        4.20e-02        2.00e+00
       29998549        69.33933       722.34368            5.78        09:27:20        4.20e-02        2.00e+00
       29999509        69.34056       723.34398            5.78        09:27:01        4.20e-02        2.00e+00
DEBUG @ t=30000000: current_coupling=0.042, last=0.042
[HDF5 Writer DEBUG] timestep=30000000, current_time_ps=723.898, last_output_time=723.889441149278, write_count=69101
       30000446        69.34149       724.34400            5.78        09:26:41        4.20e-02        2.00e+00
       30001415        69.34164       725.34451            5.78        09:26:23        4.20e-02        2.00e+00
       30002326        69.34198       726.34470            5.78        09:26:03        4.20e-02        2.00e+00
       30003280        69.34309       727.34513            5.78        09:25:43        4.20e-02        2.00e+00
       30004332        69.34572       728.34609            5.78        09:25:28        4.20e-02        2.00e+00
       30005360        69.34746       729.34682            5.79        09:25:12        4.20e-02        2.00e+00
       30006355        69.34715       730.34720            5.79        09:24:55        4.20e-02        2.00e+00
       30007301        69.34736       731.34761            5.79        09:24:36        4.20e-02        2.00e+00
       30008245        69.34693       732.34785            5.79        09:24:17        4.20e-02        2.00e+00
       30009213        69.34704       733.34866            5.79        09:23:59        4.20e-02        2.00e+00
DEBUG @ t=30010000: current_coupling=0.042, last=0.042
       30010187        69.34759       734.34912            5.79        09:23:41        4.20e-02        2.00e+00
       30011145        69.34810       735.35004            5.79        09:23:22        4.20e-02        2.00e+00
       30012139        69.34983       736.35023            5.79        09:23:05        4.20e-02        2.00e+00
       30013161        69.35066       737.35082            5.79        09:22:49        4.20e-02        2.00e+00
       30014242        69.35198       738.35130            5.79        09:22:35        4.20e-02        2.00e+00
       30015307        69.35281       739.35179            5.79        09:22:21        4.20e-02        2.00e+00
       30016337        69.35334       740.35274            5.79        09:22:06        4.20e-02        2.00e+00
       30017385        69.35370       741.35361            5.79        09:21:51        4.20e-02        2.00e+00
       30018439        69.35361       742.35451            5.79        09:21:37        4.20e-02        2.00e+00
       30019465        69.35405       743.35497            5.79        09:21:22        4.20e-02        2.00e+00
DEBUG @ t=30020000: current_coupling=0.042, last=0.042
       30020469        69.35524       744.35534            5.79        09:21:05        4.20e-02        2.00e+00
       30021499        69.35787       745.35624            5.79        09:20:48        4.20e-02        2.00e+00
       30022565        69.35905       746.35646            5.79        09:20:34        4.20e-02        2.00e+00
       30023589        69.35940       747.35667            5.79        09:20:18        4.20e-02        2.00e+00
       30024619        69.36072       748.35670            5.79        09:20:03        4.20e-02        2.00e+00
       30025677        69.36173       749.35765            5.79        09:19:48        4.20e-02        2.00e+00
       30026741        69.36231       750.35781            5.79        09:19:34        4.20e-02        2.00e+00
       30027778        69.36281       751.35833            5.79        09:19:19        4.20e-02        2.00e+00
       30028779        69.36257       752.35859            5.79        09:19:03        4.20e-02        2.00e+00
       30029796        69.36264       753.35912            5.79        09:18:47        4.20e-02        2.00e+00
DEBUG @ t=30030000: current_coupling=0.042, last=0.042
       30030811        69.36317       754.35979            5.79        09:18:31        4.20e-02        2.00e+00
       30031830        69.36374       755.36044            5.79        09:18:15        4.20e-02        2.00e+00
       30032815        69.36403       756.36051            5.79        09:17:58        4.20e-02        2.00e+00
       30033795        69.36409       757.36090            5.79        09:17:40        4.20e-02        2.00e+00
       30034834        69.36457       758.36145            5.79        09:17:25        4.20e-02        2.00e+00
       30035876        69.36536       759.36224            5.79        09:17:10        4.20e-02        2.00e+00
       30036919        69.36617       760.36253            5.79        09:16:55        4.20e-02        2.00e+00
       30037903        69.36615       761.36321            5.79        09:16:38        4.20e-02        2.00e+00
       30038878        69.36546       762.36382            5.79        09:16:21        4.20e-02        2.00e+00
       30039891        69.36515       763.36398            5.79        09:16:05        4.20e-02        2.00e+00
DEBUG @ t=30040000: current_coupling=0.042, last=0.042
       30040938        69.36698       764.36439            5.79        09:15:50        4.20e-02        2.00e+00
       30041949        69.36902       765.36465            5.79        09:15:33        4.20e-02        2.00e+00
       30042902        69.37159       766.36540            5.79        09:15:14        4.20e-02        2.00e+00
       30043840        69.37309       767.36567            5.79        09:14:54        4.20e-02        2.00e+00
       30044825        69.37345       768.36585            5.79        09:14:37        4.20e-02        2.00e+00
       30045756        69.37362       769.36590            5.79        09:14:17        4.20e-02        2.00e+00
       30046735        69.37391       770.36662            5.80        09:14:00        4.20e-02        2.00e+00
       30047669        69.37427       771.36741            5.80        09:13:41        4.20e-02        2.00e+00
       30048637        69.37446       772.36823            5.80        09:13:23        4.20e-02        2.00e+00
       30049650        69.37549       773.36849            5.80        09:13:07        4.20e-02        2.00e+00
DEBUG @ t=30050000: current_coupling=0.042, last=0.042
       30050569        69.37608       774.36946            5.80        09:12:47        4.20e-02        2.00e+00
       30051480        69.37645       775.36976            5.80        09:12:26        4.20e-02        2.00e+00
       30052431        69.37649       776.37037            5.80        09:12:08        4.20e-02        2.00e+00
       30053375        69.37633       777.37105            5.80        09:11:50        4.20e-02        2.00e+00
       30054364        69.37554       778.37200            5.80        09:11:33        4.20e-02        2.00e+00
       30055357        69.37664       779.37229            5.80        09:11:16        4.20e-02        2.00e+00
       30056354        69.37944       780.37297            5.80        09:10:58        4.20e-02        2.00e+00
       30057369        69.37987       781.37361            5.80        09:10:42        4.20e-02        2.00e+00
       30058397        69.38005       782.37385            5.80        09:10:27        4.20e-02        2.00e+00
       30059410        69.38107       783.37438            5.80        09:10:11        4.20e-02        2.00e+00
DEBUG @ t=30060000: current_coupling=0.042, last=0.042
       30060464        69.38338       784.37479            5.80        09:09:56        4.20e-02        2.00e+00
       30061517        69.38487       785.37480            5.80        09:09:41        4.20e-02        2.00e+00
       30062545        69.38890       786.37520            5.80        09:09:24        4.20e-02        2.00e+00
       30063506        69.38969       787.37554            5.80        09:09:06        4.20e-02        2.00e+00
       30064447        69.39060       788.37589            5.80        09:08:47        4.20e-02        2.00e+00
       30065437        69.39385       789.37636            5.80        09:08:28        4.20e-02        2.00e+00
       30066434        69.39702       790.37717            5.80        09:08:11        4.20e-02        2.00e+00
       30067376        69.39716       791.37766            5.81        09:07:52        4.20e-02        2.00e+00
       30068285        69.39744       792.37789            5.81        09:07:32        4.20e-02        2.00e+00
       30069256        69.39873       793.37869            5.81        09:07:14        4.20e-02        2.00e+00
DEBUG @ t=30070000: current_coupling=0.042, last=0.042
       30070270        69.39902       794.37878            5.81        09:06:58        4.20e-02        2.00e+00
       30071296        69.39917       795.37923            5.81        09:06:43        4.20e-02        2.00e+00
       30072228        69.39912       796.38005            5.81        09:06:24        4.20e-02        2.00e+00
       30073210        69.39912       797.38077            5.81        09:06:07        4.20e-02        2.00e+00
       30074210        69.39903       798.38160            5.81        09:05:51        4.20e-02        2.00e+00
       30075147        69.39924       799.38254            5.81        09:05:32        4.20e-02        2.00e+00
Added F(k,t) reference 4 at t = 800.003 ps
       30075994        69.39883       800.38310            5.81        09:05:10        4.20e-02        2.00e+00
       30076920        69.39868       801.38377            5.81        09:04:51        4.20e-02        2.00e+00
       30078018        69.40013       802.38465            5.81        09:04:38        4.20e-02        2.00e+00
       30079103        69.40101       803.38509            5.81        09:04:25        4.20e-02        2.00e+00
DEBUG @ t=30080000: current_coupling=0.042, last=0.042
       30080037        69.40361       804.38561            5.81        09:04:05        4.20e-02        2.00e+00
       30081081        69.40453       805.38657            5.81        09:03:50        4.20e-02        2.00e+00
       30082061        69.40474       806.38673            5.81        09:03:33        4.20e-02        2.00e+00
       30083034        69.40526       807.38684            5.81        09:03:15        4.20e-02        2.00e+00
       30084081        69.40750       808.38687            5.81        09:03:00        4.20e-02        2.00e+00
       30085060        69.40765       809.38712            5.81        09:02:43        4.20e-02        2.00e+00
       30086013        69.40855       810.38732            5.81        09:02:25        4.20e-02        2.00e+00
       30086924        69.40938       811.38778            5.81        09:02:05        4.20e-02        2.00e+00
       30087873        69.41050       812.38839            5.81        09:01:46        4.20e-02        2.00e+00
       30088843        69.41107       813.38876            5.81        09:01:29        4.20e-02        2.00e+00
       30089844        69.41219       814.38956            5.82        09:01:12        4.20e-02        2.00e+00
DEBUG @ t=30090000: current_coupling=0.042, last=0.042
       30090787        69.41246       815.39055            5.82        09:00:54        4.20e-02        2.00e+00
       30091791        69.41264       816.39088            5.82        09:00:38        4.20e-02        2.00e+00
       30092828        69.41340       817.39120            5.82        09:00:23        4.20e-02        2.00e+00
       30093809        69.41357       818.39204            5.82        09:00:06        4.20e-02        2.00e+00
       30094816        69.41414       819.39266            5.82        08:59:50        4.20e-02        2.00e+00
       30095779        69.41433       820.39287            5.82        08:59:32        4.20e-02        2.00e+00
       30096682        69.41399       821.39348            5.82        08:59:12        4.20e-02        2.00e+00
       30097571        69.41339       822.39387            5.82        08:58:52        4.20e-02        2.00e+00
       30098500        69.41449       823.39462            5.82        08:58:33        4.20e-02        2.00e+00
       30099458        69.41540       824.39478            5.82        08:58:15        4.20e-02        2.00e+00
DEBUG @ t=30100000: current_coupling=0.042, last=0.042
[HDF5 Writer DEBUG] timestep=30100000, current_time_ps=824.970, last_output_time=824.9684765176478, write_count=78723
       30100429        69.41544       825.39511            5.82        08:57:58        4.20e-02        2.00e+00
       30101393        69.41638       826.39595            5.82        08:57:40        4.20e-02        2.00e+00
       30102290        69.41621       827.39597            5.82        08:57:20        4.20e-02        2.00e+00
       30103220        69.41681       828.39679            5.82        08:57:01        4.20e-02        2.00e+00
       30104166        69.41719       829.39767            5.82        08:56:43        4.20e-02        2.00e+00
       30105149        69.41708       830.39865            5.82        08:56:27        4.20e-02        2.00e+00
       30106120        69.41719       831.39918            5.82        08:56:09        4.20e-02        2.00e+00
       30107055        69.41729       832.39982            5.82        08:55:51        4.20e-02        2.00e+00
       30107981        69.41721       833.40049            5.83        08:55:32        4.20e-02        2.00e+00
       30108954        69.41691       834.40055            5.83        08:55:15        4.20e-02        2.00e+00
       30109884        69.41754       835.40094            5.83        08:54:57        4.20e-02        2.00e+00
DEBUG @ t=30110000: current_coupling=0.042, last=0.042
       30110844        69.41789       836.40122            5.83        08:54:39        4.20e-02        2.00e+00
       30111787        69.41821       837.40146            5.83        08:54:21        4.20e-02        2.00e+00
       30112743        69.41867       838.40235            5.83        08:54:03        4.20e-02        2.00e+00
       30113701        69.42101       839.40336            5.83        08:53:44        4.20e-02        2.00e+00
       30114708        69.42207       840.40372            5.83        08:53:28        4.20e-02        2.00e+00
       30115703        69.42277       841.40400            5.83        08:53:12        4.20e-02        2.00e+00
       30116649        69.42277       842.40427            5.83        08:52:54        4.20e-02        2.00e+00
       30117590        69.42336       843.40486            5.83        08:52:36        4.20e-02        2.00e+00
       30118523        69.42421       844.40507            5.83        08:52:17        4.20e-02        2.00e+00
       30119467        69.42498       845.40531            5.83        08:51:59        4.20e-02        2.00e+00
DEBUG @ t=30120000: current_coupling=0.042, last=0.042
       30120416        69.42521       846.40626            5.83        08:51:41        4.20e-02        2.00e+00
       30121395        69.42590       847.40688            5.83        08:51:24        4.20e-02        2.00e+00
       30122503        69.42877       848.40717            5.83        08:51:11        4.20e-02        2.00e+00
       30123517        69.42922       849.40755            5.83        08:50:55        4.20e-02        2.00e+00
       30124457        69.42933       850.40829            5.83        08:50:37        4.20e-02        2.00e+00
       30125372        69.42972       851.40933            5.83        08:50:18        4.20e-02        2.00e+00
       30126280        69.43106       852.40946            5.84        08:49:58        4.20e-02        2.00e+00
       30127258        69.43223       853.41038            5.84        08:49:41        4.20e-02        2.00e+00
       30128261        69.43255       854.41086            5.84        08:49:25        4.20e-02        2.00e+00
       30129346        69.43316       855.41125            5.84        08:49:12        4.20e-02        2.00e+00
DEBUG @ t=30130000: current_coupling=0.042, last=0.042
       30130287        69.43289       856.41197            5.84        08:48:54        4.20e-02        2.00e+00
       30131251        69.43462       857.41282            5.84        08:48:36        4.20e-02        2.00e+00
       30132303        69.43728       858.41299            5.84        08:48:21        4.20e-02        2.00e+00
       30133357        69.43827       859.41362            5.84        08:48:06        4.20e-02        2.00e+00
       30134412        69.43823       860.41416            5.84        08:47:53        4.20e-02        2.00e+00
       30135463        69.43834       861.41441            5.84        08:47:39        4.20e-02        2.00e+00
       30136447        69.43860       862.41467            5.84        08:47:22        4.20e-02        2.00e+00
       30137403        69.44006       863.41507            5.84        08:47:04        4.20e-02        2.00e+00
       30138428        69.44029       864.41560            5.84        08:46:49        4.20e-02        2.00e+00
       30139493        69.44024       865.41624            5.84        08:46:35        4.20e-02        2.00e+00
DEBUG @ t=30140000: current_coupling=0.042, last=0.042
       30140532        69.44066       866.41631            5.84        08:46:21        4.20e-02        2.00e+00
       30141500        69.44334       867.41659            5.84        08:46:03        4.20e-02        2.00e+00
       30142459        69.44370       868.41710            5.84        08:45:45        4.20e-02        2.00e+00
       30143410        69.44387       869.41774            5.84        08:45:28        4.20e-02        2.00e+00
       30144360        69.44418       870.41867            5.84        08:45:10        4.20e-02        2.00e+00
       30145399        69.44522       871.41912            5.84        08:44:55        4.20e-02        2.00e+00
       30146423        69.44488       872.42006            5.84        08:44:40        4.20e-02        2.00e+00
       30147371        69.44470       873.42092            5.84        08:44:23        4.20e-02        2.00e+00
       30148310        69.44460       874.42181            5.84        08:44:05        4.20e-02        2.00e+00
       30149285        69.44441       875.42204            5.84        08:43:48        4.20e-02        2.00e+00
DEBUG @ t=30150000: current_coupling=0.042, last=0.042
       30150228        69.44418       876.42256            5.84        08:43:31        4.20e-02        2.00e+00
       30151162        69.44426       877.42321            5.84        08:43:13        4.20e-02        2.00e+00
       30152117        69.44392       878.42359            5.84        08:42:55        4.20e-02        2.00e+00
       30153072        69.44429       879.42440            5.84        08:42:38        4.20e-02        2.00e+00
       30153991        69.44442       880.42514            5.84        08:42:19        4.20e-02        2.00e+00
       30154955        69.44483       881.42554            5.84        08:42:02        4.20e-02        2.00e+00
       30155856        69.44479       882.42637            5.84        08:41:43        4.20e-02        2.00e+00
       30156849        69.44492       883.42721            5.84        08:41:27        4.20e-02        2.00e+00
       30157797        69.44492       884.42795            5.85        08:41:09        4.20e-02        2.00e+00
       30158746        69.44467       885.42891            5.85        08:40:52        4.20e-02        2.00e+00
       30159748        69.44488       886.42926            5.85        08:40:36        4.20e-02        2.00e+00
DEBUG @ t=30160000: current_coupling=0.042, last=0.042
       30160738        69.44484       887.43003            5.85        08:40:20        4.20e-02        2.00e+00
       30161697        69.44484       888.43059            5.85        08:40:03        4.20e-02        2.00e+00
       30162698        69.44474       889.43067            5.85        08:39:47        4.20e-02        2.00e+00
       30163667        69.44482       890.43169            5.85        08:39:31        4.20e-02        2.00e+00
       30164618        69.44502       891.43231            5.85        08:39:13        4.20e-02        2.00e+00
       30165600        69.44570       892.43315            5.85        08:38:57        4.20e-02        2.00e+00
       30166589        69.44681       893.43367            5.85        08:38:40        4.20e-02        2.00e+00
       30167529        69.44774       894.43410            5.85        08:38:22        4.20e-02        2.00e+00
       30168501        69.44794       895.43461            5.85        08:38:05        4.20e-02        2.00e+00
       30169561        69.44988       896.43507            5.85        08:37:51        4.20e-02        2.00e+00
DEBUG @ t=30170000: current_coupling=0.042, last=0.042
       30170553        69.45116       897.43530            5.85        08:37:34        4.20e-02        2.00e+00
       30171475        69.45187       898.43593            5.85        08:37:16        4.20e-02        2.00e+00
       30172387        69.45228       899.43643            5.85        08:36:57        4.20e-02        2.00e+00
       30173334        69.45258       900.43658            5.85        08:36:39        4.20e-02        2.00e+00
       30174317        69.45262       901.43754            5.85        08:36:23        4.20e-02        2.00e+00
       30175243        69.45193       902.43839            5.85        08:36:05        4.20e-02        2.00e+00
       30176243        69.45203       903.43917            5.85        08:35:49        4.20e-02        2.00e+00
       30177211        69.45221       904.43945            5.85        08:35:33        4.20e-02        2.00e+00
       30178215        69.45253       905.44037            5.85        08:35:17        4.20e-02        2.00e+00
       30179229        69.45453       906.44103            5.85        08:35:01        4.20e-02        2.00e+00
DEBUG @ t=30180000: current_coupling=0.042, last=0.042
       30180256        69.45584       907.44124            5.85        08:34:46        4.20e-02        2.00e+00
       30181291        69.45621       908.44135            5.85        08:34:31        4.20e-02        2.00e+00
       30182221        69.45611       909.44226            5.85        08:34:13        4.20e-02        2.00e+00
       30183128        69.45612       910.44272            5.85        08:33:55        4.20e-02        2.00e+00
       30184081        69.45719       911.44345            5.86        08:33:37        4.20e-02        2.00e+00
       30185025        69.45749       912.44374            5.86        08:33:19        4.20e-02        2.00e+00
       30185991        69.45741       913.44380            5.86        08:33:03        4.20e-02        2.00e+00
       30186902        69.45741       914.44389            5.86        08:32:44        4.20e-02        2.00e+00
       30187795        69.45750       915.44498            5.86        08:32:25        4.20e-02        2.00e+00
       30188837        69.45756       916.44561            5.86        08:32:11        4.20e-02        2.00e+00
       30189922        69.45774       917.44578            5.86        08:31:58        4.20e-02        2.00e+00
DEBUG @ t=30190000: current_coupling=0.042, last=0.042
       30190853        69.45759       918.44592            5.86        08:31:40        4.20e-02        2.00e+00
       30191794        69.45814       919.44626            5.86        08:31:22        4.20e-02        2.00e+00
       30192777        69.45837       920.44700            5.86        08:31:06        4.20e-02        2.00e+00
       30193685        69.45819       921.44754            5.86        08:30:48        4.20e-02        2.00e+00
       30194587        69.45817       922.44850            5.86        08:30:29        4.20e-02        2.00e+00
       30195472        69.45803       923.44879            5.86        08:30:10        4.20e-02        2.00e+00
       30196357        69.45775       924.44922            5.86        08:29:51        4.20e-02        2.00e+00
       30197295        69.45744       925.44995            5.86        08:29:33        4.20e-02        2.00e+00
       30198211        69.45702       926.45072            5.86        08:29:15        4.20e-02        2.00e+00
       30199136        69.45666       927.45077            5.86        08:28:57        4.20e-02        2.00e+00
DEBUG @ t=30200000: current_coupling=0.042, last=0.042
[HDF5 Writer DEBUG] timestep=30200000, current_time_ps=928.390, last_output_time=928.385733785487, write_count=88520
       30200058        69.45632       928.45156            5.86        08:28:40        4.20e-02        2.00e+00
       30201050        69.45661       929.45205            5.86        08:28:24        4.20e-02        2.00e+00
       30202032        69.45639       930.45286            5.86        08:28:08        4.20e-02        2.00e+00
       30203025        69.45656       931.45349            5.87        08:27:52        4.20e-02        2.00e+00
       30204067        69.45653       932.45382            5.86        08:27:38        4.20e-02        2.00e+00
       30205129        69.45673       933.45450            5.86        08:27:24        4.20e-02        2.00e+00
       30206151        69.45691       934.45488            5.86        08:27:09        4.20e-02        2.00e+00
       30207130        69.45725       935.45528            5.87        08:26:53        4.20e-02        2.00e+00
       30208121        69.45748       936.45628            5.87        08:26:37        4.20e-02        2.00e+00
       30209102        69.45760       937.45665            5.87        08:26:21        4.20e-02        2.00e+00
       30209944        69.45746       938.45753            5.87        08:26:01        4.20e-02        2.00e+00
DEBUG @ t=30210000: current_coupling=0.042, last=0.042
       30210947        69.45708       939.45756            5.87        08:25:45        4.20e-02        2.00e+00
       30211980        69.45720       940.45807            5.87        08:25:31        4.20e-02        2.00e+00
       30212966        69.45726       941.45833            5.87        08:25:15        4.20e-02        2.00e+00
       30214068        69.45822       942.45894            5.87        08:25:02        4.20e-02        2.00e+00
       30214968        69.46031       943.45961            5.87        08:24:43        4.20e-02        2.00e+00
       30215913        69.46153       944.46020            5.87        08:24:25        4.20e-02        2.00e+00
       30216901        69.46195       945.46071            5.87        08:24:09        4.20e-02        2.00e+00
       30217824        69.46217       946.46129            5.87        08:23:51        4.20e-02        2.00e+00
       30218790        69.46317       947.46161            5.87        08:23:34        4.20e-02        2.00e+00
       30219756        69.46447       948.46261            5.87        08:23:17        4.20e-02        2.00e+00
DEBUG @ t=30220000: current_coupling=0.042, last=0.042
       30220766        69.46446       949.46324            5.87        08:23:02        4.20e-02        2.00e+00
       30221677        69.46431       950.46394            5.87        08:22:44        4.20e-02        2.00e+00
       30222611        69.46449       951.46465            5.87        08:22:26        4.20e-02        2.00e+00
       30223556        69.46447       952.46557            5.87        08:22:09        4.20e-02        2.00e+00
       30224451        69.46461       953.46661            5.87        08:21:50        4.20e-02        2.00e+00
       30225337        69.46560       954.46717            5.87        08:21:31        4.20e-02        2.00e+00
       30226274        69.46668       955.46750            5.87        08:21:13        4.20e-02        2.00e+00
       30227242        69.46732       956.46758            5.87        08:20:56        4.20e-02        2.00e+00
       30228121        69.46741       957.46772            5.88        08:20:37        4.20e-02        2.00e+00
       30228994        69.46740       958.46854            5.88        08:20:18        4.20e-02        2.00e+00
       30229918        69.46726       959.46863            5.88        08:20:00        4.20e-02        2.00e+00
DEBUG @ t=30230000: current_coupling=0.042, last=0.042
       30230836        69.46670       960.46925            5.88        08:19:43        4.20e-02        2.00e+00
       30231788        69.46652       961.46978            5.88        08:19:26        4.20e-02        2.00e+00
       30232695        69.46615       962.47088            5.88        08:19:08        4.20e-02        2.00e+00
       30233573        69.46612       963.47108            5.88        08:18:49        4.20e-02        2.00e+00
       30234490        69.46636       964.47164            5.88        08:18:31        4.20e-02        2.00e+00
       30235457        69.46738       965.47201            5.88        08:18:14        4.20e-02        2.00e+00
       30236395        69.46828       966.47203            5.88        08:17:56        4.20e-02        2.00e+00
       30237321        69.46948       967.47234            5.88        08:17:38        4.20e-02        2.00e+00
       30238329        69.47079       968.47330            5.88        08:17:23        4.20e-02        2.00e+00
       30239309        69.47095       969.47441            5.88        08:17:07        4.20e-02        2.00e+00
DEBUG @ t=30240000: current_coupling=0.042, last=0.042
       30240238        69.47065       970.47483            5.88        08:16:49        4.20e-02        2.00e+00
       30241290        69.47011       971.47537            5.88        08:16:36        4.20e-02        2.00e+00
       30242283        69.46999       972.47616            5.88        08:16:20        4.20e-02        2.00e+00
       30243344        69.47205       973.47703            5.88        08:16:06        4.20e-02        2.00e+00
       30244393        69.47433       974.47796            5.88        08:15:51        4.20e-02        2.00e+00
       30245405        69.47454       975.47865            5.88        08:15:36        4.20e-02        2.00e+00
       30246424        69.47592       976.47896            5.88        08:15:21        4.20e-02        2.00e+00
       30247393        69.47750       977.47954            5.88        08:15:04        4.20e-02        2.00e+00
       30248297        69.47762       978.47999            5.88        08:14:46        4.20e-02        2.00e+00
       30249220        69.47741       979.48105            5.88        08:14:28        4.20e-02        2.00e+00
DEBUG @ t=30250000: current_coupling=0.042, last=0.042
       30250145        69.47736       980.48129            5.88        08:14:10        4.20e-02        2.00e+00
       30251106        69.47728       981.48147            5.89        08:13:54        4.20e-02        2.00e+00
       30252050        69.47695       982.48206            5.89        08:13:37        4.20e-02        2.00e+00
       30253030        69.47723       983.48209            5.89        08:13:21        4.20e-02        2.00e+00
       30254000        69.47691       984.48224            5.89        08:13:05        4.20e-02        2.00e+00
       30254958        69.47706       985.48269            5.89        08:12:49        4.20e-02        2.00e+00
       30255981        69.47705       986.48343            5.89        08:12:34        4.20e-02        2.00e+00
       30256874        69.47695       987.48352            5.89        08:12:16        4.20e-02        2.00e+00
       30257910        69.47775       988.48402            5.89        08:12:01        4.20e-02        2.00e+00
       30258880        69.48060       989.48436            5.89        08:11:44        4.20e-02        2.00e+00
       30259789        69.48165       990.48477            5.89        08:11:25        4.20e-02        2.00e+00
DEBUG @ t=30260000: current_coupling=0.042, last=0.042
       30260694        69.48301       991.48557            5.89        08:11:07        4.20e-02        2.00e+00
       30261673        69.48396       992.48652            5.89        08:10:51        4.20e-02        2.00e+00
       30262618        69.48606       993.48754            5.89        08:10:33        4.20e-02        2.00e+00
       30263591        69.48613       994.48847            5.89        08:10:17        4.20e-02        2.00e+00
       30264626        69.48681       995.48858            5.89        08:10:02        4.20e-02        2.00e+00
       30265635        69.48685       996.48890            5.89        08:09:47        4.20e-02        2.00e+00
       30266650        69.48718       997.48892            5.89        08:09:32        4.20e-02        2.00e+00
       30267628        69.48793       998.48910            5.89        08:09:16        4.20e-02        2.00e+00
       30268671        69.48867       999.48955            5.89        08:09:02        4.20e-02        2.00e+00
Added F(k,t) reference 5 at t = 1000.003 ps
       30269776        69.48930      1000.49021            5.89        08:08:49        4.20e-02        2.00e+00
DEBUG @ t=30270000: current_coupling=0.042, last=0.042
       30270824        69.49038      1001.49041            5.89        08:08:35        4.20e-02        2.00e+00
       30271846        69.49052      1002.49131            5.89        08:08:20        4.20e-02        2.00e+00
       30272832        69.49101      1003.49212            5.89        08:08:04        4.20e-02        2.00e+00
       30273794        69.49217      1004.49260            5.89        08:07:48        4.20e-02        2.00e+00
       30274787        69.49202      1005.49302            5.89        08:07:32        4.20e-02        2.00e+00
       30275760        69.49130      1006.49347            5.89        08:07:17        4.20e-02        2.00e+00
       30276644        69.49178      1007.49372            5.89        08:06:58        4.20e-02        2.00e+00
       30277556        69.49340      1008.49394            5.89        08:06:39        4.20e-02        2.00e+00
       30278516        69.49425      1009.49498            5.89        08:06:23        4.20e-02        2.00e+00
       30279537        69.49604      1010.49512            5.89        08:06:07        4.20e-02        2.00e+00
DEBUG @ t=30280000: current_coupling=0.042, last=0.042
       30280503        69.49662      1011.49613            5.89        08:05:51        4.20e-02        2.00e+00
       30281392        69.49629      1012.49669            5.89        08:05:33        4.20e-02        2.00e+00
       30282314        69.49594      1013.49760            5.89        08:05:15        4.20e-02        2.00e+00
       30283180        69.49420      1014.49770            5.90        08:04:57        4.20e-02        2.00e+00
       30284077        69.49243      1015.49855            5.90        08:04:40        4.20e-02        2.00e+00
       30284962        69.49057      1016.49900            5.90        08:04:22        4.20e-02        2.00e+00
       30286058        69.48963      1017.49979            5.90        08:04:10        4.20e-02        2.00e+00
       30287112        69.49033      1018.50039            5.90        08:03:56        4.20e-02        2.00e+00
       30288227        69.49052      1019.50074            5.90        08:03:44        4.20e-02        2.00e+00
       30289283        69.48987      1020.50125            5.90        08:03:31        4.20e-02        2.00e+00
DEBUG @ t=30290000: current_coupling=0.042, last=0.042
       30290272        69.48923      1021.50224            5.90        08:03:15        4.20e-02        2.00e+00
       30291236        69.48829      1022.50253            5.90        08:03:00        4.20e-02        2.00e+00
       30292314        69.48691      1023.50329            5.90        08:02:47        4.20e-02        2.00e+00
       30293216        69.48551      1024.50396            5.90        08:02:30        4.20e-02        2.00e+00
       30294189        69.48616      1025.50459            5.90        08:02:14        4.20e-02        2.00e+00
       30295199        69.48725      1026.50521            5.90        08:01:58        4.20e-02        2.00e+00
       30296063        69.48741      1027.50538            5.90        08:01:39        4.20e-02        2.00e+00
       30297115        69.48588      1028.50544            5.90        08:01:26        4.20e-02        2.00e+00
       30298122        69.48502      1029.50605            5.90        08:01:12        4.20e-02        2.00e+00
       30299153        69.48533      1030.50699            5.90        08:00:57        4.20e-02        2.00e+00
DEBUG @ t=30300000: current_coupling=0.042, last=0.042
[HDF5 Writer DEBUG] timestep=30300000, current_time_ps=1031.322, last_output_time=1031.318306974472, write_count=98351
       30300177        69.48522      1031.50731            5.90        08:00:43        4.20e-02        2.00e+00
       30301106        69.48412      1032.50741            5.90        08:00:26        4.20e-02        2.00e+00
       30301959        69.48289      1033.50772            5.90        08:00:07        4.20e-02        2.00e+00
       30302895        69.48152      1034.50831            5.90        07:59:51        4.20e-02        2.00e+00
       30303898        69.48053      1035.50914            5.90        07:59:36        4.20e-02        2.00e+00
       30304818        69.47904      1036.50987            5.90        07:59:20        4.20e-02        2.00e+00
       30305742        69.47786      1037.50989            5.90        07:59:03        4.20e-02        2.00e+00
       30306656        69.47649      1038.51027            5.90        07:58:46        4.20e-02        2.00e+00
       30307582        69.47516      1039.51028            5.90        07:58:29        4.20e-02        2.00e+00
       30308489        69.47377      1040.51078            5.90        07:58:12        4.20e-02        2.00e+00
       30309398        69.47314      1041.51136            5.90        07:57:55        4.20e-02        2.00e+00
DEBUG @ t=30310000: current_coupling=0.042, last=0.042
       30310357        69.47279      1042.51139            5.90        07:57:39        4.20e-02        2.00e+00
       30311293        69.47188      1043.51212            5.90        07:57:22        4.20e-02        2.00e+00
       30312216        69.47093      1044.51303            5.90        07:57:06        4.20e-02        2.00e+00
       30313201        69.46964      1045.51359            5.90        07:56:51        4.20e-02        2.00e+00
       30314171        69.46857      1046.51414            5.90        07:56:35        4.20e-02        2.00e+00
       30315056        69.46733      1047.51478            5.90        07:56:17        4.20e-02        2.00e+00
       30316041        69.46546      1048.51485            5.90        07:56:03        4.20e-02        2.00e+00
       30317043        69.46438      1049.51574            5.90        07:55:48        4.20e-02        2.00e+00
       30317968        69.46320      1050.51675            5.90        07:55:31        4.20e-02        2.00e+00
       30319010        69.46204      1051.51731            5.90        07:55:18        4.20e-02        2.00e+00
       30319941        69.46054      1052.51806            5.90        07:55:02        4.20e-02        2.00e+00
DEBUG @ t=30320000: current_coupling=0.042, last=0.042
       30320899        69.46066      1053.51866            5.90        07:54:45        4.20e-02        2.00e+00
       30321885        69.46053      1054.51912            5.90        07:54:30        4.20e-02        2.00e+00
       30322837        69.45936      1055.51955            5.90        07:54:14        4.20e-02        2.00e+00
       30323784        69.45806      1056.52044            5.90        07:53:58        4.20e-02        2.00e+00
       30324722        69.45757      1057.52074            5.90        07:53:41        4.20e-02        2.00e+00
       30325691        69.45706      1058.52169            5.91        07:53:26        4.20e-02        2.00e+00
       30326600        69.45616      1059.52211            5.91        07:53:09        4.20e-02        2.00e+00
       30327482        69.45457      1060.52315            5.91        07:52:51        4.20e-02        2.00e+00
       30328363        69.45346      1061.52323            5.91        07:52:33        4.20e-02        2.00e+00
       30329243        69.45217      1062.52371            5.91        07:52:16        4.20e-02        2.00e+00
DEBUG @ t=30330000: current_coupling=0.042, last=0.042
       30330194        69.45073      1063.52378            5.91        07:52:00        4.20e-02        2.00e+00
       30331094        69.44922      1064.52480            5.91        07:51:43        4.20e-02        2.00e+00
       30332037        69.44794      1065.52564            5.91        07:51:27        4.20e-02        2.00e+00
       30332954        69.44657      1066.52625            5.91        07:51:10        4.20e-02        2.00e+00
       30333870        69.44504      1067.52657            5.91        07:50:54        4.20e-02        2.00e+00
       30334766        69.44388      1068.52686            5.91        07:50:36        4.20e-02        2.00e+00
       30335719        69.44250      1069.52735            5.91        07:50:21        4.20e-02        2.00e+00
       30336662        69.44114      1070.52737            5.91        07:50:05        4.20e-02        2.00e+00
       30337575        69.44117      1071.52793            5.91        07:49:47        4.20e-02        2.00e+00
       30338457        69.44022      1072.52852            5.91        07:49:30        4.20e-02        2.00e+00
       30339332        69.43884      1073.52871            5.91        07:49:12        4.20e-02        2.00e+00
DEBUG @ t=30340000: current_coupling=0.042, last=0.042
       30340249        69.43819      1074.52944            5.91        07:48:55        4.20e-02        2.00e+00
       30341197        69.43725      1075.52970            5.91        07:48:39        4.20e-02        2.00e+00
       30342175        69.43580      1076.53018            5.91        07:48:24        4.20e-02        2.00e+00
       30343068        69.43436      1077.53091            5.91        07:48:07        4.20e-02        2.00e+00
       30344031        69.43323      1078.53181            5.91        07:47:51        4.20e-02        2.00e+00
       30344981        69.43178      1079.53237            5.91        07:47:36        4.20e-02        2.00e+00
       30345985        69.43081      1080.53287            5.91        07:47:21        4.20e-02        2.00e+00
       30346890        69.42935      1081.53357            5.91        07:47:04        4.20e-02        2.00e+00
       30347826        69.42796      1082.53426            5.91        07:46:48        4.20e-02        2.00e+00
       30348791        69.42799      1083.53487            5.92        07:46:32        4.20e-02        2.00e+00
       30349762        69.42647      1084.53524            5.92        07:46:17        4.20e-02        2.00e+00
DEBUG @ t=30350000: current_coupling=0.042, last=0.042
       30350673        69.42579      1085.53635            5.92        07:46:00        4.20e-02        2.00e+00
       30351571        69.42614      1086.53737            5.92        07:45:43        4.20e-02        2.00e+00
       30352460        69.42478      1087.53746            5.92        07:45:25        4.20e-02        2.00e+00
       30353344        69.42330      1088.53829            5.92        07:45:08        4.20e-02        2.00e+00
       30354258        69.42230      1089.53863            5.92        07:44:51        4.20e-02        2.00e+00
       30355192        69.42124      1090.53938            5.92        07:44:35        4.20e-02        2.00e+00
       30356092        69.41990      1091.53981            5.92        07:44:18        4.20e-02        2.00e+00
       30356998        69.41897      1092.54004            5.92        07:44:01        4.20e-02        2.00e+00
       30357980        69.42021      1093.54061            5.92        07:43:45        4.20e-02        2.00e+00
       30358973        69.42016      1094.54096            5.92        07:43:30        4.20e-02        2.00e+00
       30359918        69.41947      1095.54157            5.92        07:43:14        4.20e-02        2.00e+00
DEBUG @ t=30360000: current_coupling=0.042, last=0.042
       30360830        69.41833      1096.54208            5.92        07:42:58        4.20e-02        2.00e+00
       30361799        69.41701      1097.54303            5.92        07:42:42        4.20e-02        2.00e+00
       30362784        69.41580      1098.54333            5.92        07:42:28        4.20e-02        2.00e+00
       30363760        69.41538      1099.54426            5.92        07:42:12        4.20e-02        2.00e+00
       30364744        69.41393      1100.54523            5.92        07:41:57        4.20e-02        2.00e+00
       30365721        69.41273      1101.54574            5.92        07:41:42        4.20e-02        2.00e+00
       30366709        69.41214      1102.54602            5.92        07:41:27        4.20e-02        2.00e+00
       30367714        69.41136      1103.54667            5.92        07:41:13        4.20e-02        2.00e+00
       30368673        69.41000      1104.54770            5.92        07:40:57        4.20e-02        2.00e+00
       30369561        69.40884      1105.54823            5.92        07:40:40        4.20e-02        2.00e+00
DEBUG @ t=30370000: current_coupling=0.042, last=0.042
       30370503        69.40857      1106.54883            5.92        07:40:24        4.20e-02        2.00e+00
       30371521        69.40830      1107.54965            5.92        07:40:10        4.20e-02        2.00e+00
       30372555        69.40706      1108.54983            5.92        07:39:56        4.20e-02        2.00e+00
       30373585        69.40553      1109.55052            5.92        07:39:42        4.20e-02        2.00e+00
       30374587        69.40404      1110.55127            5.92        07:39:28        4.20e-02        2.00e+00
       30375554        69.40259      1111.55194            5.92        07:39:13        4.20e-02        2.00e+00
       30376491        69.40093      1112.55207            5.92        07:38:57        4.20e-02        2.00e+00
       30377490        69.39914      1113.55225            5.92        07:38:43        4.20e-02        2.00e+00
       30378489        69.39765      1114.55273            5.92        07:38:29        4.20e-02        2.00e+00
       30379395        69.39651      1115.55308            5.92        07:38:12        4.20e-02        2.00e+00
DEBUG @ t=30380000: current_coupling=0.042, last=0.042
       30380278        69.39524      1116.55403            5.92        07:37:55        4.20e-02        2.00e+00
       30381172        69.39385      1117.55485            5.92        07:37:38        4.20e-02        2.00e+00
       30382062        69.39237      1118.55573            5.92        07:37:21        4.20e-02        2.00e+00
       30382974        69.39097      1119.55580            5.92        07:37:04        4.20e-02        2.00e+00
       30383905        69.38967      1120.55684            5.92        07:36:48        4.20e-02        2.00e+00
       30384899        69.38895      1121.55703            5.92        07:36:33        4.20e-02        2.00e+00
       30385878        69.38788      1122.55741            5.92        07:36:18        4.20e-02        2.00e+00
       30386779        69.38639      1123.55818            5.93        07:36:02        4.20e-02        2.00e+00
       30387683        69.38510      1124.55866            5.93        07:35:45        4.20e-02        2.00e+00
       30388601        69.38456      1125.55907            5.93        07:35:28        4.20e-02        2.00e+00
       30389524        69.38385      1126.55932            5.93        07:35:12        4.20e-02        2.00e+00
DEBUG @ t=30390000: current_coupling=0.042, last=0.042
       30390469        69.38312      1127.55965            5.93        07:34:56        4.20e-02        2.00e+00
       30391430        69.38256      1128.56063            5.93        07:34:40        4.20e-02        2.00e+00
       30392398        69.38213      1129.56156            5.93        07:34:25        4.20e-02        2.00e+00
       30393347        69.38113      1130.56215            5.93        07:34:09        4.20e-02        2.00e+00
       30394207        69.38003      1131.56323            5.93        07:33:51        4.20e-02        2.00e+00
       30395132        69.37916      1132.56374            5.93        07:33:35        4.20e-02        2.00e+00
       30396074        69.37856      1133.56429            5.93        07:33:19        4.20e-02        2.00e+00
       30397009        69.37877      1134.56443            5.93        07:33:03        4.20e-02        2.00e+00
       30397920        69.37827      1135.56450            5.93        07:32:46        4.20e-02        2.00e+00
       30398885        69.37684      1136.56522            5.93        07:32:31        4.20e-02        2.00e+00
       30399746        69.37552      1137.56588            5.93        07:32:13        4.20e-02        2.00e+00
DEBUG @ t=30400000: current_coupling=0.042, last=0.042
[HDF5 Writer DEBUG] timestep=30400000, current_time_ps=1137.868, last_output_time=1137.8589002674667, write_count=108483
       30400620        69.37429      1138.56629            5.93        07:31:56        4.20e-02        2.00e+00
       30401534        69.37303      1139.56649            5.93        07:31:40        4.20e-02        2.00e+00
       30402440        69.37164      1140.56651            5.93        07:31:23        4.20e-02        2.00e+00
       30403353        69.37049      1141.56714            5.93        07:31:07        4.20e-02        2.00e+00
       30404309        69.36951      1142.56776            5.93        07:30:51        4.20e-02        2.00e+00
       30405208        69.36811      1143.56864            5.93        07:30:35        4.20e-02        2.00e+00
       30406238        69.36693      1144.56902            5.93        07:30:21        4.20e-02        2.00e+00
       30407154        69.36554      1145.56964            5.93        07:30:05        4.20e-02        2.00e+00
       30408071        69.36417      1146.56966            5.93        07:29:48        4.20e-02        2.00e+00
       30409080        69.36306      1147.57018            5.93        07:29:34        4.20e-02        2.00e+00
DEBUG @ t=30410000: current_coupling=0.042, last=0.042
       30410067        69.36225      1148.57091            5.93        07:29:19        4.20e-02        2.00e+00
       30411014        69.36184      1149.57190            5.93        07:29:04        4.20e-02        2.00e+00
       30411914        69.36053      1150.57282            5.93        07:28:47        4.20e-02        2.00e+00
       30412827        69.35937      1151.57343            5.93        07:28:31        4.20e-02        2.00e+00
       30413721        69.35791      1152.57349            5.93        07:28:14        4.20e-02        2.00e+00
       30414635        69.35640      1153.57409            5.94        07:27:58        4.20e-02        2.00e+00
       30415608        69.35540      1154.57495            5.94        07:27:43        4.20e-02        2.00e+00
       30416686        69.35450      1155.57572            5.94        07:27:30        4.20e-02        2.00e+00
       30417740        69.35381      1156.57641            5.93        07:27:17        4.20e-02        2.00e+00
       30418697        69.35263      1157.57735            5.93        07:27:01        4.20e-02        2.00e+00
       30419626        69.35219      1158.57790            5.94        07:26:45        4.20e-02        2.00e+00
DEBUG @ t=30420000: current_coupling=0.042, last=0.042
       30420550        69.35136      1159.57804            5.94        07:26:29        4.20e-02        2.00e+00
       30421452        69.35050      1160.57818            5.94        07:26:12        4.20e-02        2.00e+00
       30422359        69.34990      1161.57914            5.94        07:25:55        4.20e-02        2.00e+00
       30423347        69.34906      1162.58007            5.94        07:25:41        4.20e-02        2.00e+00
       30424353        69.34798      1163.58081            5.94        07:25:26        4.20e-02        2.00e+00
       30425265        69.34783      1164.58174            5.94        07:25:10        4.20e-02        2.00e+00
       30426219        69.34740      1165.58253            5.94        07:24:54        4.20e-02        2.00e+00
       30427228        69.34661      1166.58324            5.94        07:24:40        4.20e-02        2.00e+00
       30428102        69.34594      1167.58345            5.94        07:24:22        4.20e-02        2.00e+00
       30429024        69.34505      1168.58396            5.94        07:24:06        4.20e-02        2.00e+00
       30429931        69.34425      1169.58475            5.94        07:23:50        4.20e-02        2.00e+00
DEBUG @ t=30430000: current_coupling=0.042, last=0.042
       30430917        69.34310      1170.58553            5.94        07:23:35        4.20e-02        2.00e+00
       30431820        69.34227      1171.58597            5.94        07:23:18        4.20e-02        2.00e+00
       30432743        69.34118      1172.58647            5.94        07:23:02        4.20e-02        2.00e+00
       30433648        69.33965      1173.58709            5.94        07:22:46        4.20e-02        2.00e+00
       30434634        69.33887      1174.58786            5.94        07:22:31        4.20e-02        2.00e+00
       30435660        69.33896      1175.58846            5.94        07:22:17        4.20e-02        2.00e+00
       30436649        69.33840      1176.58899            5.94        07:22:02        4.20e-02        2.00e+00
       30437591        69.33759      1177.58911            5.94        07:21:46        4.20e-02        2.00e+00
       30438569        69.33660      1178.58921            5.94        07:21:32        4.20e-02        2.00e+00
       30439607        69.33546      1179.58985            5.94        07:21:18        4.20e-02        2.00e+00
DEBUG @ t=30440000: current_coupling=0.042, last=0.042
       30440689        69.33426      1180.59052            5.94        07:21:06        4.20e-02        2.00e+00
       30441689        69.33300      1181.59077            5.94        07:20:51        4.20e-02        2.00e+00
       30442677        69.33187      1182.59095            5.94        07:20:37        4.20e-02        2.00e+00
       30443713        69.33062      1183.59109            5.94        07:20:23        4.20e-02        2.00e+00
       30444792        69.32918      1184.59124            5.94        07:20:11        4.20e-02        2.00e+00
       30445735        69.32789      1185.59177            5.94        07:19:55        4.20e-02        2.00e+00
       30446695        69.32691      1186.59250            5.94        07:19:40        4.20e-02        2.00e+00
       30447696        69.32601      1187.59283            5.94        07:19:26        4.20e-02        2.00e+00
       30448681        69.32523      1188.59327            5.94        07:19:11        4.20e-02        2.00e+00
       30449710        69.32401      1189.59362            5.94        07:18:57        4.20e-02        2.00e+00
DEBUG @ t=30450000: current_coupling=0.042, last=0.042
       30450752        69.32270      1190.59425            5.94        07:18:44        4.20e-02        2.00e+00
       30451715        69.32148      1191.59506            5.94        07:18:29        4.20e-02        2.00e+00
       30452670        69.32021      1192.59513            5.94        07:18:14        4.20e-02        2.00e+00
       30453674        69.31905      1193.59573            5.94        07:17:59        4.20e-02        2.00e+00
       30454638        69.31783      1194.59642            5.94        07:17:44        4.20e-02        2.00e+00
       30455548        69.31668      1195.59702            5.94        07:17:28        4.20e-02        2.00e+00
       30456497        69.31558      1196.59782            5.94        07:17:13        4.20e-02        2.00e+00
       30457508        69.31491      1197.59792            5.94        07:16:58        4.20e-02        2.00e+00
       30458510        69.31401      1198.59834            5.94        07:16:44        4.20e-02        2.00e+00
       30459481        69.31440      1199.59929            5.94        07:16:28        4.20e-02        2.00e+00
Added F(k,t) reference 6 at t = 1200.004 ps
DEBUG @ t=30460000: current_coupling=0.042, last=0.042
       30460421        69.31375      1200.59931            5.94        07:16:13        4.20e-02        2.00e+00
       30461379        69.31347      1201.60001            5.94        07:15:57        4.20e-02        2.00e+00
       30462385        69.31204      1202.60042            5.94        07:15:43        4.20e-02        2.00e+00
       30463374        69.31069      1203.60071            5.94        07:15:29        4.20e-02        2.00e+00
       30464303        69.30914      1204.60094            5.94        07:15:13        4.20e-02        2.00e+00
       30465215        69.30761      1205.60110            5.94        07:14:57        4.20e-02        2.00e+00
       30466217        69.30792      1206.60138            5.94        07:14:42        4.20e-02        2.00e+00
       30467196        69.30888      1207.60238            5.94        07:14:27        4.20e-02        2.00e+00
       30468186        69.30768      1208.60289            5.94        07:14:12        4.20e-02        2.00e+00
       30469187        69.30770      1209.60310            5.94        07:13:57        4.20e-02        2.00e+00
DEBUG @ t=30470000: current_coupling=0.042, last=0.042
       30470139        69.30753      1210.60378            5.94        07:13:42        4.20e-02        2.00e+00
       30471147        69.30688      1211.60459            5.94        07:13:27        4.20e-02        2.00e+00
       30472136        69.30558      1212.60523            5.94        07:13:13        4.20e-02        2.00e+00
       30473144        69.30472      1213.60592            5.94        07:12:59        4.20e-02        2.00e+00
       30474141        69.30388      1214.60688            5.94        07:12:44        4.20e-02        2.00e+00
       30475100        69.30308      1215.60774            5.94        07:12:29        4.20e-02        2.00e+00
       30476152        69.30201      1216.60843            5.94        07:12:16        4.20e-02        2.00e+00
       30477196        69.30094      1217.60872            5.94        07:12:02        4.20e-02        2.00e+00
       30478154        69.29945      1218.60892            5.94        07:11:47        4.20e-02        2.00e+00
       30479180        69.29848      1219.60893            5.94        07:11:33        4.20e-02        2.00e+00
DEBUG @ t=30480000: current_coupling=0.042, last=0.042
       30480158        69.29751      1220.60986            5.94        07:11:18        4.20e-02        2.00e+00
       30481202        69.29634      1221.61046            5.94        07:11:05        4.20e-02        2.00e+00
       30482198        69.29528      1222.61067            5.94        07:10:51        4.20e-02        2.00e+00
       30483190        69.29433      1223.61073            5.94        07:10:36        4.20e-02        2.00e+00
       30484194        69.29343      1224.61138            5.94        07:10:22        4.20e-02        2.00e+00
       30485182        69.29272      1225.61146            5.94        07:10:07        4.20e-02        2.00e+00
       30486208        69.29149      1226.61174            5.94        07:09:53        4.20e-02        2.00e+00
       30487194        69.29033      1227.61180            5.94        07:09:39        4.20e-02        2.00e+00
       30488154        69.28928      1228.61193            5.94        07:09:24        4.20e-02        2.00e+00
       30489081        69.28886      1229.61273            5.94        07:09:08        4.20e-02        2.00e+00
DEBUG @ t=30490000: current_coupling=0.042, last=0.042
       30490017        69.28853      1230.61364            5.94        07:08:52        4.20e-02        2.00e+00
       30490988        69.28738      1231.61433            5.94        07:08:37        4.20e-02        2.00e+00
       30491926        69.28588      1232.61457            5.94        07:08:21        4.20e-02        2.00e+00
       30492833        69.28497      1233.61565            5.94        07:08:05        4.20e-02        2.00e+00
       30493750        69.28426      1234.61655            5.94        07:07:49        4.20e-02        2.00e+00
       30494675        69.28444      1235.61725            5.94        07:07:32        4.20e-02        2.00e+00
       30495648        69.28399      1236.61770            5.94        07:07:17        4.20e-02        2.00e+00
       30496666        69.28322      1237.61846            5.94        07:07:03        4.20e-02        2.00e+00
       30497745        69.28228      1238.61869            5.94        07:06:51        4.20e-02        2.00e+00
       30498739        69.28141      1239.61949            5.94        07:06:36        4.20e-02        2.00e+00
       30499727        69.28043      1240.61975            5.94        07:06:22        4.20e-02        2.00e+00
DEBUG @ t=30500000: current_coupling=0.042, last=0.042
[HDF5 Writer DEBUG] timestep=30500000, current_time_ps=1240.892, last_output_time=1240.8896350167363, write_count=118250
       30500727        69.27944      1241.62002            5.94        07:06:07        4.20e-02        2.00e+00
       30501693        69.27869      1242.62051            5.94        07:05:52        4.20e-02        2.00e+00
       30502659        69.27812      1243.62103            5.94        07:05:37        4.20e-02        2.00e+00
       30503660        69.27706      1244.62158            5.94        07:05:23        4.20e-02        2.00e+00
       30504698        69.27599      1245.62188            5.94        07:05:09        4.20e-02        2.00e+00
       30505773        69.27481      1246.62193            5.94        07:04:56        4.20e-02        2.00e+00
       30506809        69.27377      1247.62274            5.94        07:04:43        4.20e-02        2.00e+00
       30507821        69.27263      1248.62311            5.94        07:04:29        4.20e-02        2.00e+00
       30508872        69.27150      1249.62372            5.94        07:04:15        4.20e-02        2.00e+00
       30509924        69.27069      1250.62429            5.94        07:04:02        4.20e-02        2.00e+00
DEBUG @ t=30510000: current_coupling=0.042, last=0.042
       30510896        69.27014      1251.62448            5.94        07:03:47        4.20e-02        2.00e+00
       30511908        69.26924      1252.62524            5.94        07:03:33        4.20e-02        2.00e+00
       30512899        69.26801      1253.62550            5.94        07:03:18        4.20e-02        2.00e+00
       30513932        69.26695      1254.62628            5.94        07:03:05        4.20e-02        2.00e+00
       30514972        69.26632      1255.62693            5.94        07:02:51        4.20e-02        2.00e+00
       30515966        69.26592      1256.62722            5.94        07:02:36        4.20e-02        2.00e+00
       30517061        69.26460      1257.62725            5.94        07:02:24        4.20e-02        2.00e+00
       30518112        69.26345      1258.62731            5.94        07:02:11        4.20e-02        2.00e+00
       30519162        69.26204      1259.62825            5.94        07:01:58        4.20e-02        2.00e+00
DEBUG @ t=30520000: current_coupling=0.042, last=0.042
       30520187        69.26078      1260.62853            5.94        07:01:44        4.20e-02        2.00e+00
       30521191        69.25942      1261.62937            5.94        07:01:30        4.20e-02        2.00e+00
       30522071        69.25892      1262.63006            5.94        07:01:13        4.20e-02        2.00e+00
       30523031        69.25826      1263.63096            5.94        07:00:57        4.20e-02        2.00e+00
       30524083        69.25704      1264.63109            5.94        07:00:44        4.20e-02        2.00e+00
       30525175        69.25574      1265.63150            5.94        07:00:32        4.20e-02        2.00e+00
       30526280        69.25463      1266.63151            5.94        07:00:20        4.20e-02        2.00e+00
       30527349        69.25358      1267.63228            5.94        07:00:07        4.20e-02        2.00e+00
       30528435        69.25238      1268.63274            5.94        06:59:54        4.20e-02        2.00e+00
       30529530        69.25176      1269.63307            5.94        06:59:41        4.20e-02        2.00e+00
DEBUG @ t=30530000: current_coupling=0.042, last=0.042
       30530589        69.25105      1270.63349            5.94        06:59:28        4.20e-02        2.00e+00
       30531625        69.25018      1271.63379            5.94        06:59:14        4.20e-02        2.00e+00
       30532595        69.24913      1272.63383            5.94        06:58:59        4.20e-02        2.00e+00
       30533565        69.24846      1273.63478            5.94        06:58:44        4.20e-02        2.00e+00
       30534564        69.24735      1274.63523            5.94        06:58:30        4.20e-02        2.00e+00
       30535526        69.24701      1275.63597            5.94        06:58:15        4.20e-02        2.00e+00
       30536438        69.24640      1276.63688            5.94        06:57:58        4.20e-02        2.00e+00
       30537331        69.24653      1277.63772            5.94        06:57:42        4.20e-02        2.00e+00
       30538228        69.24680      1278.63805            5.94        06:57:25        4.20e-02        2.00e+00
       30539153        69.24718      1279.63809            5.94        06:57:09        4.20e-02        2.00e+00
DEBUG @ t=30540000: current_coupling=0.042, last=0.042
       30540202        69.24802      1280.63837            5.94        06:56:54        4.20e-02        2.00e+00
       30541230        69.24870      1281.63865            5.94        06:56:40        4.20e-02        2.00e+00
       30542283        69.24951      1282.63944            5.94        06:56:26        4.20e-02        2.00e+00
       30543260        69.25060      1283.64007            5.94        06:56:11        4.20e-02        2.00e+00
       30544238        69.25192      1284.64075            5.94        06:55:55        4.20e-02        2.00e+00
       30545290        69.25322      1285.64146            5.94        06:55:41        4.20e-02        2.00e+00
       30546229        69.25472      1286.64237            5.94        06:55:24        4.20e-02        2.00e+00
       30547251        69.25583      1287.64327            5.94        06:55:10        4.20e-02        2.00e+00
       30548251        69.25664      1288.64390            5.94        06:54:55        4.20e-02        2.00e+00
       30549264        69.25812      1289.64463            5.94        06:54:40        4.20e-02        2.00e+00
DEBUG @ t=30550000: current_coupling=0.042, last=0.042
       30550308        69.25895      1290.64551            5.94        06:54:25        4.20e-02        2.00e+00
       30551311        69.25980      1291.64635            5.94        06:54:10        4.20e-02        2.00e+00
       30552246        69.26053      1292.64645            5.94        06:53:54        4.20e-02        2.00e+00
       30553132        69.26120      1293.64667            5.94        06:53:37        4.20e-02        2.00e+00
       30554014        69.26163      1294.64686            5.94        06:53:20        4.20e-02        2.00e+00
       30554990        69.26254      1295.64691            5.94        06:53:05        4.20e-02        2.00e+00
       30555963        69.26330      1296.64762            5.94        06:52:49        4.20e-02        2.00e+00
       30557021        69.26479      1297.64777            5.94        06:52:35        4.20e-02        2.00e+00
       30558064        69.26704      1298.64863            5.94        06:52:20        4.20e-02        2.00e+00
       30559077        69.26870      1299.64877            5.94        06:52:05        4.20e-02        2.00e+00
DEBUG @ t=30560000: current_coupling=0.042, last=0.042
       30560005        69.26960      1300.64955            5.94        06:51:49        4.20e-02        2.00e+00
       30560982        69.27055      1301.64972            5.94        06:51:33        4.20e-02        2.00e+00
       30561995        69.27205      1302.64981            5.94        06:51:18        4.20e-02        2.00e+00
       30562962        69.27299      1303.65053            5.94        06:51:03        4.20e-02        2.00e+00
       30563895        69.27381      1304.65135            5.94        06:50:47        4.20e-02        2.00e+00
       30564897        69.27547      1305.65193            5.94        06:50:31        4.20e-02        2.00e+00
       30565858        69.27658      1306.65226            5.94        06:50:15        4.20e-02        2.00e+00
       30566869        69.27768      1307.65292            5.94        06:50:01        4.20e-02        2.00e+00
       30567868        69.27939      1308.65316            5.94        06:49:45        4.20e-02        2.00e+00
       30568902        69.28100      1309.65401            5.94        06:49:31        4.20e-02        2.00e+00
       30569879        69.28345      1310.65467            5.94        06:49:15        4.20e-02        2.00e+00
DEBUG @ t=30570000: current_coupling=0.042, last=0.042
       30570861        69.28471      1311.65566            5.94        06:48:59        4.20e-02        2.00e+00
       30571795        69.28542      1312.65587            5.94        06:48:43        4.20e-02        2.00e+00
       30572758        69.28618      1313.65688            5.95        06:48:27        4.20e-02        2.00e+00
       30573751        69.28801      1314.65711            5.95        06:48:12        4.20e-02        2.00e+00
       30574735        69.28967      1315.65770            5.95        06:47:56        4.20e-02        2.00e+00
       30575735        69.29165      1316.65865            5.95        06:47:41        4.20e-02        2.00e+00
       30576663        69.29414      1317.65945            5.95        06:47:24        4.20e-02        2.00e+00
       30577563        69.29566      1318.66049            5.95        06:47:07        4.20e-02        2.00e+00
       30578462        69.29778      1319.66098            5.95        06:46:50        4.20e-02        2.00e+00
       30579360        69.29913      1320.66115            5.95        06:46:33        4.20e-02        2.00e+00
DEBUG @ t=30580000: current_coupling=0.042, last=0.042
       30580277        69.30042      1321.66144            5.95        06:46:16        4.20e-02        2.00e+00
       30581239        69.30175      1322.66179            5.95        06:46:00        4.20e-02        2.00e+00
       30582258        69.30372      1323.66223            5.95        06:45:45        4.20e-02        2.00e+00
       30583215        69.30541      1324.66297            5.95        06:45:29        4.20e-02        2.00e+00
       30584154        69.30764      1325.66313            5.95        06:45:13        4.20e-02        2.00e+00
       30585094        69.30950      1326.66410            5.95        06:44:56        4.20e-02        2.00e+00
       30586032        69.31091      1327.66482            5.95        06:44:40        4.20e-02        2.00e+00
       30587018        69.31228      1328.66537            5.95        06:44:25        4.20e-02        2.00e+00
2025-11-06 17:23:47 | ERROR | CRITICAL ERROR in simulation: Unable to synchronously flush file (file write failed: time = Thu Nov  6 17:23:47 2025
, filename = 'observables_replica_334.h5', file descriptor = 4, errno = 122, error message = 'Disk quota exceeded', buf = 0x556d04a35220, total write size = 5267, bytes this sub-write = 5267, offset = 905969322)
2025-11-06 17:23:47 | ERROR | Full traceback:
2025-11-06 17:23:47 | ERROR | Traceback (most recent call last):
2025-11-06 17:23:47 | ERROR |   File "/scratch/mh7373/micromamba/envs/hoomd/lib/python3.12/site-packages/hoomd/cavitymd/simulation/core.py", line 4753, in run
2025-11-06 17:23:47 | ERROR |     self.run_simulation()
2025-11-06 17:23:47 | ERROR |   File "/scratch/mh7373/micromamba/envs/hoomd/lib/python3.12/site-packages/hoomd/cavitymd/simulation/core.py", line 4807, in run_simulation
2025-11-06 17:23:47 | ERROR |     self.sim.run(total_steps, write_at_start=True)
2025-11-06 17:23:47 | ERROR |   File "/scratch/mh7373/micromamba/envs/hoomd/lib/python3.12/site-packages/hoomd/simulation.py", line 561, in run
2025-11-06 17:23:47 | ERROR |     self._cpp_sys.run(steps_int, write_at_start)
2025-11-06 17:23:47 | ERROR |   File "/scratch/mh7373/micromamba/envs/hoomd/lib/python3.12/site-packages/hoomd/cavitymd/data.py", line 528, in act
2025-11-06 17:23:47 | ERROR |     self.file.flush()
2025-11-06 17:23:47 | ERROR |   File "/scratch/mh7373/micromamba/envs/hoomd/lib/python3.12/site-packages/h5py/_hl/files.py", line 639, in flush
2025-11-06 17:23:47 | ERROR |     h5f.flush(self.id)
2025-11-06 17:23:47 | ERROR |   File "h5py/_objects.pyx", line 56, in h5py._objects.with_phil.wrapper
2025-11-06 17:23:47 | ERROR |   File "h5py/_objects.pyx", line 57, in h5py._objects.with_phil.wrapper
2025-11-06 17:23:47 | ERROR |   File "h5py/h5f.pyx", line 159, in h5py.h5f.flush
2025-11-06 17:23:47 | ERROR | RuntimeError: Unable to synchronously flush file (file write failed: time = Thu Nov  6 17:23:47 2025
2025-11-06 17:23:47 | ERROR | , filename = 'observables_replica_334.h5', file descriptor = 4, errno = 122, error message = 'Disk quota exceeded', buf = 0x556d04a35220, total write size = 5267, bytes this sub-write = 5267, offset = 905969322)
2025-11-06 17:23:47 | INFO | Cleanup initiated...
2025-11-06 17:23:47 | INFO | Closing HDF5 observable writer...
2025-11-06 17:23:47 | ERROR | Error closing HDF5 writer: Unable to synchronously flush file (file write failed: time = Thu Nov  6 17:23:47 2025
, filename = 'observables_replica_334.h5', file descriptor = 4, errno = 122, error message = 'Disk quota exceeded', buf = 0x556d04a40820, total write size = 5267, bytes this sub-write = 5267, offset = 905969322)
DEBUG: Cleanup called - checking for fkt_tracker
DEBUG: No fkt_tracker found or it's None
2025-11-06 17:23:47 | INFO | Returned to original directory: /scratch/mh7373/cav-hoomd/new_final_offres
2025-11-06 17:23:47 | INFO | Cleanup completed
ERROR: Replica 334 failed (coupling: 4.200000e-02 a.u.)

==================================================
Execution Summary
==================================================
Coupling constant used: 4.200000e-02 a.u.
Total replicas: 1
Successful: 0
Failed: 1
Wall time: 19298.99 seconds

WARNING: 1 replicas failed - check individual logs for details
✗ FAILED: DEBUG task 334
