SLURM Job ID: 1642362
SLURM Array Task ID: 438
Using frequency: 2060 cm-1
Fixed coupling strength (lambda): 0.042 (dimensionless)
Frame will be automatically set to: 438
Advanced Cavity MD Experiment Runner
==================================================
SLURM array job detected: Task 438 (Job 1642362)

*** COUPLING CONSTANT: 4.200000e-02 a.u. ***

Simulation Configuration:
  Cavity coupling: Enabled
    Coupling strength: 4.200000e-02 a.u.
    Frequency: 2060.0 cm⁻¹
    Finite-q mode: False
    Cavity thermostat: langevin
  Molecular thermostat: bussi
  Temperature: 100.0 K
  Runtime: 3000.0 ps
  Device: CPU
  Random seed: 0
  Velocity restart: Enabled - thermalizing velocities
  Momentum zeroing: Disabled

Starting execution for 1 replica(s)...
==================================================

Running replica 438...
>>> Will use FRAME 438 from init-0.gsd for this replica <<<
Running experiment:
  Cavity coupling: Enabled
  *** COUPLING STRENGTH: 4.200000e-02 a.u. ***
  Switch time: 200.0 ps
  Decay: None (step function)
  Damping ratio (zeta): 0.0
  Calculated dissipation (c): 0.0000e+00 a.u.
  Molecular thermostat: bussi
  Cavity thermostat: langevin
  Finite-q mode: False
  Replica: 438
  Frame: 438
  Output directory: coupling_420000e-07_freq_2060.0cm1_switch_200.0ps
  *** READING FRAME 438 FROM /scratch/mh7373/cav-hoomd/new_final_offres/init-0.gsd ***
  ✓ Successfully initialized simulation from frame 438
  ✓ Input file: /scratch/mh7373/cav-hoomd/new_final_offres/init-0.gsd
  ✓ Replica 438 ready to run...
2025-11-06 12:02:08 | INFO | ============================================================
2025-11-06 12:02:08 | INFO | CAVITY MD SIMULATION STARTED
2025-11-06 12:02:08 | INFO | ============================================================
2025-11-06 12:02:08 | INFO | Simulation: prod-438
2025-11-06 12:02:08 | INFO | Device: CPU
2025-11-06 12:02:08 | INFO | Runtime: 3000.0 ps
2025-11-06 12:02:08 | INFO | Temperature: 100.0 K
2025-11-06 12:02:08 | INFO | Random seed: 0
2025-11-06 12:02:08 | INFO | Cavity coupling: Enabled
2025-11-06 12:02:08 | INFO |   Frequency: 2060.0 cm^-1
2025-11-06 12:02:08 | INFO |   Lambda coupling: 0.042
2025-11-06 12:02:08 | INFO |   Epsilon (lambda * omega_c): 3.942141e-04 a.u.
2025-11-06 12:02:08 | INFO |   Finite-q mode: False
2025-11-06 12:02:08 | INFO | Molecular thermostat: bussi (tau=1.0 ps)
2025-11-06 12:02:08 | INFO | Cavity thermostat: langevin (tau=1.0 ps)
2025-11-06 12:02:08 | INFO | ============================================================
2025-11-06 12:02:08 | INFO | === Phase 1: Setting up simulation ===
2025-11-06 12:02:08 | INFO | Using default timestep for calculations: 0.0001 ps
2025-11-06 12:02:08 | INFO | Time conversions:
2025-11-06 12:02:08 | INFO |   Timestep: 0.0001 ps = 4.134138 a.u.
2025-11-06 12:02:08 | INFO |   Runtime: 3000.0 ps = 30000000 steps
2025-11-06 12:02:08 | INFO |   Steps per ps: 10000.0
2025-11-06 12:02:08 | INFO | Output periods (steps):
2025-11-06 12:02:08 | INFO |   Energy: 100 (0.010 ps)
2025-11-06 12:02:08 | INFO |   F(k,t): 10000 (1.000 ps)
2025-11-06 12:02:08 | INFO |   GSD: 10000 (1.000 ps)
2025-11-06 12:02:08 | INFO |   Console: 10000 (1.000 ps)
2025-11-06 12:02:08 | INFO | Initializing simulation on CPU
2025-11-06 12:02:08 | INFO | Using user-specified seed: 0
2025-11-06 12:02:08 | INFO | Cavity particle already exists in GSD file (1 found)
2025-11-06 12:02:08 | INFO | Simulation state created from original GSD file with existing cavity particle
2025-11-06 12:02:08 | INFO | Cavity particle validated at index 500, position HOOMDArray([-6.16680765 -2.40770149 -0.07714226])
2025-11-06 12:02:08 | INFO | === Phase 1.5: Setting up time tracker ===
2025-11-06 12:02:08 | INFO | === Phase 2: Configuring forces and thermostats ===
2025-11-06 12:02:08 | INFO | Using lambda_coupling=0.042 (will be scaled by omega_c=0.009386 a.u.)
2025-11-06 12:02:08 | INFO | Using constant coupling: lambda=0.042, epsilon=3.942141e-04 a.u.
CavityForce initialized using cpp implementation
  Using constant lambda coupling: 0.042 (dimensionless)
  Effective epsilon: 3.942141e-04 a.u.
2025-11-06 12:02:08 | INFO | Thermostat time constant conversions:
2025-11-06 12:02:08 | INFO |   Molecular: 1.000 ps = 41341.378917 a.u.
2025-11-06 12:02:08 | INFO |   Cavity: 1.000 ps = 41341.378917 a.u.
2025-11-06 12:02:08 | INFO | Running molecular system with Bussi thermostat (NVT ensemble)
2025-11-06 12:02:08 | INFO | Molecular Bussi thermostat configured: T = 100.0 K, kT = 0.000317 a.u., tau = 1.000 ps
2025-11-06 12:02:08 | INFO | Running cavity with Langevin thermostat
2025-11-06 12:02:08 | INFO | Cavity Langevin thermostat configured: T = 100.0 K, kT = 0.000317 a.u.
2025-11-06 12:02:08 | INFO |   base_gamma = 0.000024 a.u.^-1 (tau = 1.000 ps)
2025-11-06 12:02:08 | INFO |   effective_gamma = 0.000024 a.u.^-1 (damping_factor = 1.0x)
2025-11-06 12:02:08 | INFO | === Phase 3: Setting up integrator and thermalization ===
2025-11-06 12:02:08 | INFO | Integrator configured with initial dt = 4.134138 a.u. (0.000100 ps)
2025-11-06 12:02:08 | INFO | Number of integration methods: 2
2025-11-06 12:02:08 | INFO | CavityParticleDisplacer not needed (constant coupling or q=0 mode)
2025-11-06 12:02:08 | INFO | Using seed 1 for thermalization randomness
2025-11-06 12:02:08 | INFO | Thermalized molecular particles using HOOMD State object
2025-11-06 12:02:08 | INFO | Cavity particle manually thermalized:
2025-11-06 12:02:08 | INFO |   Target temperature: 100.0 K
2025-11-06 12:02:08 | INFO |   Initial velocity: [ 0.02890696 -0.01088686 -0.00939938]
2025-11-06 12:02:08 | INFO |   Expected KE: 0.000521 a.u.
2025-11-06 12:02:08 | INFO |   Expected temperature: 109.7 K
2025-11-06 12:02:08 | INFO |   Using array module: numpy
2025-11-06 12:02:08 | INFO | Checking molecular system temperature after thermalization:
2025-11-06 12:02:08 | INFO |   Number of molecular particles: 500
2025-11-06 12:02:08 | INFO |   Total kinetic energy: 0.236656 a.u.
2025-11-06 12:02:08 | INFO |   Current temperature: 99.6 K
2025-11-06 12:02:08 | INFO | Thermalization completed - velocities properly initialized
2025-11-06 12:02:08 | INFO | === Phase 4: Setting up trackers and loggers ===
2025-11-06 12:02:08 | INFO | Setting up adaptive timestep updater (error_tolerance = 2.0)
Dynamic coupling change detection enabled
Coupling change threshold: ±1.00e-05 a.u.
Shock dampening: error_tolerance drops to 2.00e-10 (factor: 1.00e-10)
Recovery: exponential ramp to 2.00e+00 with τ = 1000.0 ps
Conservative timestep parameters:
  Change threshold: 10.0%
  Max change factor: 1.5
  Min update interval: 1000 steps
  Switch detection tolerance: 0.001 ps
2025-11-06 12:02:08 | INFO | Adaptive timestep updater enabled (check every 1 steps)
CavityForceCompute initialized: omegac=0.00938605 a.u., lambda_coupling=0.042 (dimensionless, from variant), K=8.80979e-05 a.u.
CPU CavityForceCompute initialized successfully
notice(2): charge.pppm: RMS error: 2.31675e-08
NOTICE: Starting from inherited timestep 34450000
  Elapsed time will start from 0, not from inherited simulation time
DEBUG @ t=34450000: current_coupling=0.042, last=None
DEBUG: First coupling check - stored value: 0.042
2025-11-06 12:02:09 | INFO |   Added detailed BussiReservoir energy tracking for method 0
2025-11-06 12:02:09 | INFO |   Added energy tracking for cavityforce
2025-11-06 12:02:09 | INFO |   Added detailed cavity energy components
2025-11-06 12:02:09 | INFO |   Added energy tracking for harmonic
2025-11-06 12:02:09 | INFO |   Added energy tracking for lj
2025-11-06 12:02:09 | INFO |   Added energy tracking for ewald
2025-11-06 12:02:09 | INFO |   Added energy tracking for coulomb
2025-11-06 12:02:09 | INFO | Energy tracking setup completed: 0 methods, 5 forces
2025-11-06 12:02:09 | INFO | Setting up energy tracker with output file: prod-438_energy_tracker.txt
2025-11-06 12:02:09 | INFO | Energy tracker configuration:
2025-11-06 12:02:09 | INFO |   Using time-based output: 0.010 ps
2025-11-06 12:02:09 | INFO |   Max output time: 250.000 ps
2025-11-06 12:02:09 | INFO | Energy tracker configuration:
2025-11-06 12:02:09 | INFO |   Force objects: ['cavity', 'harmonic', 'lj', 'ewald_short', 'ewald_long']
2025-11-06 12:02:09 | INFO |   Thermostat objects: ['bussi_molecular', 'langevin_cavity']
2025-11-06 12:02:09 | INFO |   Using internal kinetic computation (no external tracker needed)
2025-11-06 12:02:09 | INFO |  Energy tracker setup completed with time-based output:
2025-11-06 12:02:09 | INFO |   Output period: 0.010 ps (accurate timing)
2025-11-06 12:02:09 | INFO |   Tracker handles timing internally using ElapsedTimeTracker
2025-11-06 12:02:09 | INFO |   Output limited to 250.000 ps
2025-11-06 12:02:09 | INFO | Setting up F(k,t) density correlation tracker
2025-11-06 12:02:09 | INFO |   k magnitude: 1.00
2025-11-06 12:02:09 | INFO |   Number of wavevectors: 50
2025-11-06 12:02:09 | INFO |   Reference interval: 200.000 ps
2025-11-06 12:02:09 | INFO |   Max references: 20
2025-11-06 12:02:09 | INFO |   Output period: 1.000 ps
2025-11-06 12:02:09 | INFO |   Using time-based reference intervals for adaptive timestep compatibility
2025-11-06 12:02:09 | INFO |   Reference interval: 200.000 ps
2025-11-06 12:02:09 | INFO |   Trigger period: 1 step
2025-11-06 12:02:09 | INFO |   Logarithmic time spacing: DISABLED (regular spacing)
FieldAutocorrelationTracker initialized for density_correlation
  k-magnitude: 1.0
  Wavevectors: 50
  Reference interval: 200.0 ps
  Max references: 20
2025-11-06 12:02:09 | INFO |  F(k,t) tracker successfully enabled with time-based output:
2025-11-06 12:02:09 | INFO |   Output period: 1.000 ps (accurate timing)
2025-11-06 12:02:09 | INFO |   Reference interval: 200.000 ps
2025-11-06 12:02:09 | INFO |   Tracker handles timing internally using ElapsedTimeTracker
2025-11-06 12:02:09 | INFO | Setting up dipole autocorrelation tracker...
2025-11-06 12:02:09 | INFO |   Reference interval: 200.000 ps
2025-11-06 12:02:09 | INFO |   Max references: 20
2025-11-06 12:02:09 | INFO |   Output period: 0.010 ps
2025-11-06 12:02:09 | INFO |   Using time-based reference intervals for adaptive timestep compatibility
2025-11-06 12:02:09 | INFO |   Reference interval: 200.000 ps
2025-11-06 12:02:09 | INFO |   Trigger period: 1 step
2025-11-06 12:02:09 | WARNING | Could not set up dipole autocorrelation tracker: Can't instantiate abstract class AutocorrelationTracker without an implementation for abstract method 'act'
2025-11-06 12:02:09 | INFO | Momentum zeroing disabled
2025-11-06 12:02:09 | INFO |  TRACKING AND LOGGING SETUP COMPLETED:
2025-11-06 12:02:09 | INFO |   All output systems now use precise time-based periods
2025-11-06 12:02:09 | INFO |  Comprehensive temperature tracker enabled
2025-11-06 12:02:09 | INFO |   Output file: temperature_tracker_replica_438.csv
2025-11-06 12:02:09 | INFO |   Output period: 0.1 ps
2025-11-06 12:02:09 | INFO |   Tracking: kinetic, harmonic fictive, LJ+Coul fictive, cavity bath, molecular bath
2025-11-06 12:02:09 | INFO |   Empirical data: None (LJ+Coul fictive temp will be 0)
2025-11-06 12:02:09 | INFO | 
============================================================
2025-11-06 12:02:09 | INFO | HDF5 OBSERVABLE OUTPUT CONFIGURATION
2025-11-06 12:02:09 | INFO | ============================================================
2025-11-06 12:02:09 | INFO | Output file: observables_replica_438.h5
2025-11-06 12:02:09 | INFO | Output period: 0.010 ps
2025-11-06 12:02:09 | INFO | SWMR mode: Enabled (concurrent read access)
2025-11-06 12:02:09 | INFO | ============================================================

✓ HDF5 file structure created: observables_replica_438.h5
ObservableWriter initialized:
  Output file: observables_replica_438.h5
  Output period: 0.01 ps
  Chunk size: 1000
  Compression: gzip
  SWMR mode: True
  Flush interval: 10
✓ Energy tracker registered (18 components)
2025-11-06 12:02:09 | INFO |   Registered energy tracker for HDF5 output
✓ Temperature tracker registered (6 components)
2025-11-06 12:02:09 | INFO |   Registered temperature tracker for HDF5 output
2025-11-06 12:02:09 | INFO | ✓ HDF5 observable output enabled

2025-11-06 12:02:09 | INFO | Advanced features enabled: detailed energy tracking (0.010 ps), F(k,t) density correlation (1.000 ps, k=1.0), dipole autocorrelation (0.010 ps), adaptive timestep control, comprehensive temperature tracker (0.1 ps), HDF5 observable output (0.010 ps)
2025-11-06 12:02:09 | INFO | Console output: 1.000 ps periods (time-based)
2025-11-06 12:02:09 | INFO |   Works accurately for both adaptive and fixed timestep modes
2025-11-06 12:02:09 | INFO | DEBUG: PID controller NOT enabled (enable_pid_controller=False)
2025-11-06 12:02:09 | INFO | === Phase 5: Setting up output writers ===
2025-11-06 12:02:09 | INFO | GSD output setup for adaptive timestep mode:
2025-11-06 12:02:09 | INFO |   GSD trigger: every 1000 steps (target: 1.000 ps)
2025-11-06 12:02:09 | INFO |   Note: GSD timing may vary slightly due to adaptive timestep changes
2025-11-06 12:02:09 | INFO | GSD writer added for file: prod-438.gsd
2025-11-06 12:02:09 | INFO |   GSD output period: 1.000 ps
2025-11-06 12:02:09 | INFO |   GSD truncate mode: False (append to existing file)
2025-11-06 12:02:09 | INFO |  Console output setup completed:
2025-11-06 12:02:09 | INFO |   Output period: 1.000 ps (accurate time-based)
2025-11-06 12:02:09 | INFO |   Lambda coupling column: 4.200000e-02 (dimensionless) (displayed in real-time)
2025-11-06 12:02:09 | INFO |   Console tracker handles timing internally using ElapsedTimeTracker
2025-11-06 12:02:09 | INFO |   Works accurately for both adaptive and fixed timestep modes
2025-11-06 12:02:09 | INFO |  FIXED: Console output now uses precise time-based logic
2025-11-06 12:02:09 | INFO |   Both console and energy tracker use accurate timing
2025-11-06 12:02:09 | INFO |   GSD output timing may vary slightly but is less critical
2025-11-06 12:02:09 | INFO | === Phase 6: Running simulation ===
2025-11-06 12:02:09 | INFO | Starting adaptive timestep simulation for 3000.0 ps
2025-11-06 12:02:09 | INFO | Using max steps: 999999999 (will exit when runtime reached)
2025-11-06 12:02:09 | INFO | Initial timestep: 39.589778 a.u. (0.958 fs)
2025-11-06 12:02:09 | INFO | Timestep will adapt dynamically (error_tolerance = 2.0)
Added F(k,t) reference 0 at t = 0.001 ps
[HDF5 Writer DEBUG] timestep=34450001, current_time_ps=0.001, last_output_time=None, write_count=0
[HDF5 Writer DEBUG] Writing data point 0 at time 0.001 ps
[HDF5 Writer DEBUG] timestep=34450002, current_time_ps=0.002, last_output_time=0.0009576308145931983, write_count=1
[HDF5 Writer DEBUG] Skipping output: not time yet (current=0.002, last=0.0009576308145931983, period=0.01)
[HDF5 Writer DEBUG] timestep=34450003, current_time_ps=0.003, last_output_time=0.0009576308145931983, write_count=1
[HDF5 Writer DEBUG] Skipping output: not time yet (current=0.003, last=0.0009576308145931983, period=0.01)
[HDF5 Writer DEBUG] timestep=34450004, current_time_ps=0.004, last_output_time=0.0009576308145931983, write_count=1
[HDF5 Writer DEBUG] Skipping output: not time yet (current=0.004, last=0.0009576308145931983, period=0.01)
[HDF5 Writer DEBUG] timestep=34450005, current_time_ps=0.005, last_output_time=0.0009576308145931983, write_count=1
[HDF5 Writer DEBUG] Skipping output: not time yet (current=0.005, last=0.0009576308145931983, period=0.01)
[HDF5 Writer DEBUG] timestep=34450006, current_time_ps=0.006, last_output_time=0.0009576308145931983, write_count=1
[HDF5 Writer DEBUG] Skipping output: not time yet (current=0.006, last=0.0009576308145931983, period=0.01)
[HDF5 Writer DEBUG] timestep=34450007, current_time_ps=0.007, last_output_time=0.0009576308145931983, write_count=1
[HDF5 Writer DEBUG] Skipping output: not time yet (current=0.007, last=0.0009576308145931983, period=0.01)
[HDF5 Writer DEBUG] timestep=34450008, current_time_ps=0.008, last_output_time=0.0009576308145931983, write_count=1
[HDF5 Writer DEBUG] Skipping output: not time yet (current=0.008, last=0.0009576308145931983, period=0.01)
[HDF5 Writer DEBUG] timestep=34450009, current_time_ps=0.009, last_output_time=0.0009576308145931983, write_count=1
[HDF5 Writer DEBUG] Skipping output: not time yet (current=0.009, last=0.0009576308145931983, period=0.01)
[HDF5 Writer DEBUG] timestep=34450010, current_time_ps=0.010, last_output_time=0.0009576308145931983, write_count=1
[HDF5 Writer DEBUG] Skipping output: not time yet (current=0.010, last=0.0009576308145931983, period=0.01)
[HDF5 Writer DEBUG] timestep=34450011, current_time_ps=0.011, last_output_time=0.0009576308145931983, write_count=1
[HDF5 Writer DEBUG] Skipping output: not time yet (current=0.011, last=0.0009576308145931983, period=0.01)
[HDF5 Writer DEBUG] timestep=34450012, current_time_ps=0.011, last_output_time=0.0009576308145931983, write_count=1
[HDF5 Writer DEBUG] Writing data point 1 at time 0.011 ps
[HDF5 Writer DEBUG] timestep=34450013, current_time_ps=0.012, last_output_time=0.011491569775118383, write_count=2
[HDF5 Writer DEBUG] Skipping output: not time yet (current=0.012, last=0.011491569775118383, period=0.01)
[HDF5 Writer DEBUG] timestep=34450014, current_time_ps=0.013, last_output_time=0.011491569775118383, write_count=2
[HDF5 Writer DEBUG] Skipping output: not time yet (current=0.013, last=0.011491569775118383, period=0.01)
[HDF5 Writer DEBUG] timestep=34450015, current_time_ps=0.014, last_output_time=0.011491569775118383, write_count=2
[HDF5 Writer DEBUG] Skipping output: not time yet (current=0.014, last=0.011491569775118383, period=0.01)
[HDF5 Writer DEBUG] timestep=34450016, current_time_ps=0.015, last_output_time=0.011491569775118383, write_count=2
[HDF5 Writer DEBUG] Skipping output: not time yet (current=0.015, last=0.011491569775118383, period=0.01)
[HDF5 Writer DEBUG] timestep=34450017, current_time_ps=0.016, last_output_time=0.011491569775118383, write_count=2
[HDF5 Writer DEBUG] Skipping output: not time yet (current=0.016, last=0.011491569775118383, period=0.01)
[HDF5 Writer DEBUG] timestep=34450018, current_time_ps=0.017, last_output_time=0.011491569775118383, write_count=2
[HDF5 Writer DEBUG] Skipping output: not time yet (current=0.017, last=0.011491569775118383, period=0.01)
[HDF5 Writer DEBUG] timestep=34450019, current_time_ps=0.018, last_output_time=0.011491569775118383, write_count=2
[HDF5 Writer DEBUG] Skipping output: not time yet (current=0.018, last=0.011491569775118383, period=0.01)
[HDF5 Writer DEBUG] timestep=34450020, current_time_ps=0.019, last_output_time=0.011491569775118383, write_count=2
[HDF5 Writer DEBUG] Skipping output: not time yet (current=0.019, last=0.011491569775118383, period=0.01)
[HDF5 Writer DEBUG] timestep=34450021, current_time_ps=0.020, last_output_time=0.011491569775118383, write_count=2
[HDF5 Writer DEBUG] Skipping output: not time yet (current=0.020, last=0.011491569775118383, period=0.01)
[HDF5 Writer DEBUG] timestep=34450022, current_time_ps=0.021, last_output_time=0.011491569775118383, write_count=2
[HDF5 Writer DEBUG] Skipping output: not time yet (current=0.021, last=0.011491569775118383, period=0.01)
[HDF5 Writer DEBUG] timestep=34450023, current_time_ps=0.022, last_output_time=0.011491569775118383, write_count=2
[HDF5 Writer DEBUG] Writing data point 2 at time 0.022 ps
✓ SWMR mode enabled - file can now be read concurrently
Simulation.timestep  Simulation.tps Time.elapsed_ps Performance.ns_per_day Performance.eta   Cavity.lambda Adaptive.error_tolerance
       34451043        69.96771         1.00069            5.67        12:41:18        4.20e-02        2.00e+00
       34452039        69.94534         2.00079            5.86        12:16:22        4.20e-02        2.00e+00
       34452975        70.01766         3.00140            6.05        11:52:41        4.20e-02        2.00e+00
       34453972        69.94614         4.00157            6.05        11:52:48        4.20e-02        2.00e+00
       34454996        69.97653         5.00188            6.03        11:55:50        4.20e-02        2.00e+00
       34456062        69.95427         6.00196            5.96        12:03:14        4.20e-02        2.00e+00
       34457173        70.05871         7.00236            5.89        12:11:45        4.20e-02        2.00e+00
       34458197        70.09410         8.00247            5.90        12:10:48        4.20e-02        2.00e+00
       34459302        70.25816         9.00327            5.86        12:14:55        4.20e-02        2.00e+00
DEBUG @ t=34460000: current_coupling=0.042, last=0.042
       34460382        70.25890        10.00359            5.84        12:17:46        4.20e-02        2.00e+00
       34461415        70.28228        11.00410            5.84        12:16:47        4.20e-02        2.00e+00
       34462404        70.28643        12.00452            5.87        12:13:29        4.20e-02        2.00e+00
       34463378        70.33260        13.00482            5.90        12:09:25        4.20e-02        2.00e+00
       34464413        70.35971        14.00512            5.90        12:09:06        4.20e-02        2.00e+00
       34465470        70.34862        15.00608            5.89        12:10:09        4.20e-02        2.00e+00
       34466462        70.36075        16.00710            5.90        12:07:57        4.20e-02        2.00e+00
       34467457        70.34768        17.00711            5.91        12:06:24        4.20e-02        2.00e+00
       34468509        70.35995        18.00774            5.91        12:06:57        4.20e-02        2.00e+00
       34469581        70.39845        19.00820            5.90        12:07:53        4.20e-02        2.00e+00
DEBUG @ t=34470000: current_coupling=0.042, last=0.042
       34470573        70.41876        20.00858            5.91        12:06:01        4.20e-02        2.00e+00
       34471571        70.40994        21.00933            5.92        12:04:47        4.20e-02        2.00e+00
       34472607        70.39178        22.01007            5.92        12:04:58        4.20e-02        2.00e+00
       34473733        70.38920        23.01027            5.89        12:07:45        4.20e-02        2.00e+00
       34474804        70.40441        24.01053            5.88        12:08:28        4.20e-02        2.00e+00
       34475832        70.39844        25.01097            5.88        12:08:06        4.20e-02        2.00e+00
       34476941        70.40615        26.01161            5.87        12:09:48        4.20e-02        2.00e+00
       34478068        70.39256        27.01174            5.85        12:12:02        4.20e-02        2.00e+00
       34479092        70.37917        28.01205            5.85        12:11:31        4.20e-02        2.00e+00
DEBUG @ t=34480000: current_coupling=0.042, last=0.042
       34480086        70.38602        29.01241            5.86        12:10:06        4.20e-02        2.00e+00
       34481212        70.40173        30.01316            5.84        12:11:44        4.20e-02        2.00e+00
       34482212        70.41485        31.01417            5.85        12:10:24        4.20e-02        2.00e+00
       34483209        70.42307        32.01497            5.86        12:09:07        4.20e-02        2.00e+00
       34484244        70.42151        33.01590            5.86        12:08:49        4.20e-02        2.00e+00
       34485325        70.41679        34.01606            5.85        12:09:30        4.20e-02        2.00e+00
       34486460        70.43726        35.01644            5.84        12:10:57        4.20e-02        2.00e+00
       34487517        70.44898        36.01662            5.84        12:10:53        4.20e-02        2.00e+00
       34488577        70.45373        37.01719            5.84        12:10:54        4.20e-02        2.00e+00
       34489637        70.45218        38.01786            5.83        12:10:59        4.20e-02        2.00e+00
DEBUG @ t=34490000: current_coupling=0.042, last=0.042
       34490698        70.45393        39.01828            5.83        12:11:02        4.20e-02        2.00e+00
       34491816        70.43978        40.01909            5.82        12:12:13        4.20e-02        2.00e+00
       34492898        70.44183        41.01984            5.82        12:12:33        4.20e-02        2.00e+00
       34493933        70.46985        42.02030            5.82        12:11:49        4.20e-02        2.00e+00
       34495056        70.47963        43.02081            5.81        12:12:42        4.20e-02        2.00e+00
       34496218        70.49783        44.02166            5.80        12:14:04        4.20e-02        2.00e+00
       34497225        70.49846        45.02170            5.80        12:13:08        4.20e-02        2.00e+00
       34498239        70.50952        46.02244            5.81        12:12:13        4.20e-02        2.00e+00
       34499281        70.51304        47.02279            5.81        12:11:50        4.20e-02        2.00e+00
DEBUG @ t=34500000: current_coupling=0.042, last=0.042
[HDF5 Writer DEBUG] timestep=34500000, current_time_ps=47.675, last_output_time=47.66455919556194, write_count=4522
       34500351        70.51649        48.02338            5.81        12:11:51        4.20e-02        2.00e+00
       34501371        70.51247        49.02376            5.81        12:11:14        4.20e-02        2.00e+00
       34502393        70.50373        50.02415            5.81        12:10:42        4.20e-02        2.00e+00
       34503386        70.49836        51.02435            5.82        12:09:45        4.20e-02        2.00e+00
       34504382        70.49498        52.02469            5.82        12:08:52        4.20e-02        2.00e+00
       34505385        70.49575        53.02510            5.83        12:08:02        4.20e-02        2.00e+00
       34506372        70.50679        54.02527            5.84        12:06:56        4.20e-02        2.00e+00
       34507388        70.50840        55.02591            5.84        12:06:18        4.20e-02        2.00e+00
       34508448        70.54153        56.02649            5.84        12:05:55        4.20e-02        2.00e+00
       34509464        70.54634        57.02690            5.84        12:05:16        4.20e-02        2.00e+00
DEBUG @ t=34510000: current_coupling=0.042, last=0.042
       34510527        70.55326        58.02700            5.84        12:05:12        4.20e-02        2.00e+00
       34511576        70.55540        59.02782            5.84        12:04:59        4.20e-02        2.00e+00
       34512550        70.55329        60.02850            5.85        12:03:56        4.20e-02        2.00e+00
       34513559        70.55923        61.02943            5.85        12:03:15        4.20e-02        2.00e+00
       34514529        70.56418        62.03015            5.86        12:02:08        4.20e-02        2.00e+00
       34515517        70.57013        63.03068            5.86        12:01:15        4.20e-02        2.00e+00
       34516503        70.59174        64.03165            5.87        12:00:11        4.20e-02        2.00e+00
       34517506        70.59879        65.03251            5.87        11:59:28        4.20e-02        2.00e+00
       34518526        70.59999        66.03319            5.88        11:59:01        4.20e-02        2.00e+00
       34519463        70.60642        67.03388            5.89        11:57:39        4.20e-02        2.00e+00
DEBUG @ t=34520000: current_coupling=0.042, last=0.042
       34520421        70.59726        68.03389            5.89        11:56:42        4.20e-02        2.00e+00
       34521439        70.59468        69.03444            5.89        11:56:18        4.20e-02        2.00e+00
       34522489        70.59810        70.03500            5.89        11:56:10        4.20e-02        2.00e+00
       34523552        70.61366        71.03514            5.89        11:56:02        4.20e-02        2.00e+00
       34524553        70.62711        72.03589            5.89        11:55:18        4.20e-02        2.00e+00
       34525510        70.62518        73.03595            5.90        11:54:20        4.20e-02        2.00e+00
       34526540        70.61353        74.03607            5.90        11:54:10        4.20e-02        2.00e+00
       34527573        70.61471        75.03644            5.90        11:53:54        4.20e-02        2.00e+00
       34528599        70.61574        76.03670            5.90        11:53:34        4.20e-02        2.00e+00
       34529640        70.61308        77.03701            5.90        11:53:25        4.20e-02        2.00e+00
DEBUG @ t=34530000: current_coupling=0.042, last=0.042
       34530679        70.60756        78.03738            5.90        11:53:16        4.20e-02        2.00e+00
       34531763        70.59989        79.03820            5.89        11:53:32        4.20e-02        2.00e+00
       34532817        70.59415        80.03828            5.89        11:53:30        4.20e-02        2.00e+00
       34533847        70.59294        81.03844            5.89        11:53:14        4.20e-02        2.00e+00
       34534801        70.58691        82.03856            5.90        11:52:22        4.20e-02        2.00e+00
       34535855        70.58555        83.03905            5.90        11:52:18        4.20e-02        2.00e+00
       34536905        70.57998        84.04000            5.90        11:52:14        4.20e-02        2.00e+00
       34537801        70.57199        85.04018            5.90        11:50:57        4.20e-02        2.00e+00
       34538691        70.56428        86.04065            5.91        11:49:38        4.20e-02        2.00e+00
       34539621        70.55682        87.04080            5.92        11:48:40        4.20e-02        2.00e+00
DEBUG @ t=34540000: current_coupling=0.042, last=0.042
       34540637        70.55738        88.04163            5.92        11:48:18        4.20e-02        2.00e+00
       34541672        70.55987        89.04191            5.92        11:48:04        4.20e-02        2.00e+00
       34542773        70.56496        90.04256            5.92        11:48:19        4.20e-02        2.00e+00
       34543889        70.56939        91.04345            5.91        11:48:40        4.20e-02        2.00e+00
       34545104        70.57295        92.04418            5.90        11:49:45        4.20e-02        2.00e+00
       34546287        70.57329        93.04418            5.89        11:50:36        4.20e-02        2.00e+00
       34547304        70.56937        94.04466            5.89        11:50:16        4.20e-02        2.00e+00
       34548360        70.57023        95.04491            5.89        11:50:10        4.20e-02        2.00e+00
       34549482        70.57948        96.04562            5.89        11:50:26        4.20e-02        2.00e+00
DEBUG @ t=34550000: current_coupling=0.042, last=0.042
       34550575        70.57579        97.04647            5.88        11:50:37        4.20e-02        2.00e+00
       34551594        70.57223        98.04727            5.88        11:50:17        4.20e-02        2.00e+00
       34552622        70.56842        99.04760            5.88        11:50:01        4.20e-02        2.00e+00
       34553745        70.56562       100.04826            5.88        11:50:23        4.20e-02        2.00e+00
       34554817        70.56185       101.04859            5.88        11:50:25        4.20e-02        2.00e+00
       34555879        70.55840       102.04925            5.87        11:50:22        4.20e-02        2.00e+00
       34556948        70.55376       103.04955            5.87        11:50:22        4.20e-02        2.00e+00
       34558015        70.55412       104.05008            5.87        11:50:19        4.20e-02        2.00e+00
       34559113        70.55532       105.05012            5.87        11:50:27        4.20e-02        2.00e+00
DEBUG @ t=34560000: current_coupling=0.042, last=0.042
       34560135        70.55365       106.05037            5.87        11:50:06        4.20e-02        2.00e+00
       34561178        70.55181       107.05126            5.87        11:49:54        4.20e-02        2.00e+00
       34562238        70.55006       108.05173            5.87        11:49:48        4.20e-02        2.00e+00
       34563354        70.55853       109.05254            5.86        11:49:57        4.20e-02        2.00e+00
       34564390        70.55345       110.05333            5.86        11:49:43        4.20e-02        2.00e+00
       34565416        70.54662       111.05354            5.86        11:49:28        4.20e-02        2.00e+00
       34566456        70.54202       112.05448            5.86        11:49:16        4.20e-02        2.00e+00
       34567488        70.54172       113.05483            5.86        11:48:58        4.20e-02        2.00e+00
       34568537        70.54067       114.05542            5.86        11:48:47        4.20e-02        2.00e+00
       34569567        70.53803       115.05607            5.86        11:48:31        4.20e-02        2.00e+00
DEBUG @ t=34570000: current_coupling=0.042, last=0.042
       34570614        70.53148       116.05696            5.86        11:48:22        4.20e-02        2.00e+00
       34571667        70.53577       117.05727            5.86        11:48:09        4.20e-02        2.00e+00
       34572607        70.54735       118.05802            5.87        11:47:13        4.20e-02        2.00e+00
       34573446        70.54536       119.05849            5.88        11:45:51        4.20e-02        2.00e+00
       34574324        70.54313       120.05864            5.88        11:44:43        4.20e-02        2.00e+00
       34575337        70.54508       121.05918            5.89        11:44:20        4.20e-02        2.00e+00
       34576351        70.54335       122.05943            5.89        11:43:59        4.20e-02        2.00e+00
       34577441        70.54109       123.05981            5.88        11:44:03        4.20e-02        2.00e+00
       34578425        70.53884       124.06008            5.89        11:43:33        4.20e-02        2.00e+00
       34579355        70.53486       125.06021            5.89        11:42:46        4.20e-02        2.00e+00
DEBUG @ t=34580000: current_coupling=0.042, last=0.042
       34580297        70.53491       126.06122            5.89        11:42:01        4.20e-02        2.00e+00
       34581246        70.53520       127.06202            5.90        11:41:19        4.20e-02        2.00e+00
       34582208        70.53528       128.06249            5.90        11:40:41        4.20e-02        2.00e+00
       34583316        70.54509       129.06324            5.90        11:40:44        4.20e-02        2.00e+00
       34584329        70.54731       130.06403            5.90        11:40:22        4.20e-02        2.00e+00
       34585340        70.54767       131.06451            5.90        11:40:00        4.20e-02        2.00e+00
       34586455        70.54497       132.06494            5.90        11:40:12        4.20e-02        2.00e+00
       34587530        70.54332       133.06499            5.90        11:40:11        4.20e-02        2.00e+00
       34588525        70.54093       134.06531            5.90        11:39:46        4.20e-02        2.00e+00
       34589520        70.53759       135.06586            5.90        11:39:22        4.20e-02        2.00e+00
DEBUG @ t=34590000: current_coupling=0.042, last=0.042
       34590673        70.53356       136.06591            5.89        11:39:45        4.20e-02        2.00e+00
       34591852        70.53926       137.06672            5.89        11:40:10        4.20e-02        2.00e+00
       34592931        70.54708       138.06706            5.89        11:40:03        4.20e-02        2.00e+00
       34593987        70.54735       139.06783            5.89        11:39:54        4.20e-02        2.00e+00
       34594951        70.54608       140.06820            5.89        11:39:20        4.20e-02        2.00e+00
       34595851        70.54473       141.06874            5.89        11:38:27        4.20e-02        2.00e+00
       34596876        70.54407       142.06878            5.89        11:38:10        4.20e-02        2.00e+00
       34597944        70.54125       143.06903            5.89        11:38:06        4.20e-02        2.00e+00
       34599060        70.54828       144.06949            5.89        11:38:10        4.20e-02        2.00e+00
DEBUG @ t=34600000: current_coupling=0.042, last=0.042
[HDF5 Writer DEBUG] timestep=34600000, current_time_ps=145.054, last_output_time=145.05237808971432, write_count=13783
       34600018        70.54714       145.06975            5.89        11:37:35        4.20e-02        2.00e+00
       34601192        70.54390       146.07008            5.89        11:38:01        4.20e-02        2.00e+00
       34602288        70.54130       147.07040            5.89        11:38:04        4.20e-02        2.00e+00
       34603269        70.53741       148.07124            5.89        11:37:37        4.20e-02        2.00e+00
       34604331        70.53642       149.07175            5.89        11:37:30        4.20e-02        2.00e+00
       34605437        70.54044       150.07259            5.88        11:37:31        4.20e-02        2.00e+00
       34606532        70.54309       151.07333            5.88        11:37:31        4.20e-02        2.00e+00
       34607612        70.53955       152.07404            5.88        11:37:30        4.20e-02        2.00e+00
       34608580        70.53801       153.07437            5.88        11:36:58        4.20e-02        2.00e+00
       34609670        70.54263       154.07471            5.88        11:36:54        4.20e-02        2.00e+00
DEBUG @ t=34610000: current_coupling=0.042, last=0.042
       34610806        70.54495       155.07554            5.88        11:37:04        4.20e-02        2.00e+00
       34611975        70.54581       156.07617            5.87        11:37:22        4.20e-02        2.00e+00
       34613080        70.54524       157.07671            5.87        11:37:25        4.20e-02        2.00e+00
       34614064        70.54275       158.07726            5.87        11:36:58        4.20e-02        2.00e+00
       34615024        70.53848       159.07824            5.87        11:36:26        4.20e-02        2.00e+00
       34615969        70.53629       160.07881            5.88        11:35:49        4.20e-02        2.00e+00
       34616942        70.53580       161.07963            5.88        11:35:18        4.20e-02        2.00e+00
       34617912        70.54022       162.08065            5.88        11:34:44        4.20e-02        2.00e+00
       34619043        70.54280       163.08066            5.88        11:34:51        4.20e-02        2.00e+00
DEBUG @ t=34620000: current_coupling=0.042, last=0.042
       34620007        70.53985       164.08136            5.88        11:34:20        4.20e-02        2.00e+00
       34620925        70.53939       165.08180            5.89        11:33:37        4.20e-02        2.00e+00
       34621901        70.53901       166.08210            5.89        11:33:08        4.20e-02        2.00e+00
       34622797        70.53736       167.08298            5.89        11:32:21        4.20e-02        2.00e+00
       34623824        70.53520       168.08338            5.89        11:32:05        4.20e-02        2.00e+00
       34624802        70.53725       169.08403            5.89        11:31:36        4.20e-02        2.00e+00
       34625736        70.53774       170.08446            5.90        11:30:57        4.20e-02        2.00e+00
       34626656        70.53514       171.08545            5.90        11:30:17        4.20e-02        2.00e+00
       34627592        70.53323       172.08610            5.90        11:29:41        4.20e-02        2.00e+00
       34628578        70.53120       173.08703            5.91        11:29:17        4.20e-02        2.00e+00
       34629558        70.53092       174.08748            5.91        11:28:50        4.20e-02        2.00e+00
DEBUG @ t=34630000: current_coupling=0.042, last=0.042
       34630544        70.52838       175.08795            5.91        11:28:27        4.20e-02        2.00e+00
       34631524        70.52768       176.08887            5.91        11:28:01        4.20e-02        2.00e+00
       34632492        70.52431       177.08929            5.91        11:27:34        4.20e-02        2.00e+00
       34633568        70.52509       178.08993            5.91        11:27:28        4.20e-02        2.00e+00
       34634669        70.52935       179.09045            5.91        11:27:27        4.20e-02        2.00e+00
       34635779        70.53324       180.09079            5.91        11:27:27        4.20e-02        2.00e+00
       34636875        70.53582       181.09104            5.90        11:27:25        4.20e-02        2.00e+00
       34637898        70.53869       182.09187            5.91        11:27:07        4.20e-02        2.00e+00
       34639026        70.53807       183.09253            5.90        11:27:13        4.20e-02        2.00e+00
DEBUG @ t=34640000: current_coupling=0.042, last=0.042
       34640096        70.53621       184.09269            5.90        11:27:08        4.20e-02        2.00e+00
       34641051        70.53289       185.09310            5.90        11:26:38        4.20e-02        2.00e+00
       34642190        70.53694       186.09330            5.90        11:26:44        4.20e-02        2.00e+00
       34643365        70.53982       187.09415            5.90        11:26:58        4.20e-02        2.00e+00
       34644450        70.54005       188.09489            5.89        11:26:54        4.20e-02        2.00e+00
       34645567        70.54088       189.09553            5.89        11:26:56        4.20e-02        2.00e+00
       34646619        70.54491       190.09557            5.89        11:26:43        4.20e-02        2.00e+00
       34647632        70.54811       191.09604            5.89        11:26:22        4.20e-02        2.00e+00
       34648706        70.54571       192.09627            5.89        11:26:17        4.20e-02        2.00e+00
       34649737        70.54743       193.09671            5.89        11:26:00        4.20e-02        2.00e+00
DEBUG @ t=34650000: current_coupling=0.042, last=0.042
       34650722        70.55278       194.09696            5.89        11:25:32        4.20e-02        2.00e+00
       34651837        70.56214       195.09707            5.89        11:25:28        4.20e-02        2.00e+00
       34653008        70.56577       196.09777            5.89        11:25:39        4.20e-02        2.00e+00
       34653842        70.56447       197.09781            5.89        11:24:45        4.20e-02        2.00e+00
       34654868        70.56711       198.09832            5.89        11:24:27        4.20e-02        2.00e+00
       34655915        70.56963       199.09878            5.89        11:24:13        4.20e-02        2.00e+00
SWITCH DETECTED at timestep 34656888: t = 200.000019 ps
  Forcing immediate timestep adjustment for shock dampening
Added F(k,t) reference 1 at t = 200.002 ps
       34657001        70.57908       200.09903            5.89        11:24:03        4.20e-02        2.00e+00
       34658129        70.58716       201.09993            5.89        11:24:02        4.20e-02        2.00e+00
       34659164        70.58843       202.10082            5.89        11:23:46        4.20e-02        2.00e+00
DEBUG @ t=34660000: current_coupling=0.042, last=0.042
       34660110        70.58957       203.10114            5.89        11:23:13        4.20e-02        2.00e+00
       34661134        70.58836       204.10141            5.90        11:22:57        4.20e-02        2.00e+00
       34662272        70.59703       205.10146            5.89        11:22:58        4.20e-02        2.00e+00
       34663357        70.60017       206.10195            5.89        11:22:51        4.20e-02        2.00e+00
       34664339        70.59848       207.10203            5.89        11:22:27        4.20e-02        2.00e+00
       34665317        70.60261       208.10268            5.90        11:21:59        4.20e-02        2.00e+00
       34666323        70.59954       209.10309            5.90        11:21:40        4.20e-02        2.00e+00
       34667389        70.59783       210.10393            5.89        11:21:32        4.20e-02        2.00e+00
       34668413        70.59557       211.10419            5.89        11:21:17        4.20e-02        2.00e+00
       34669381        70.59450       212.10510            5.90        11:20:50        4.20e-02        2.00e+00
DEBUG @ t=34670000: current_coupling=0.042, last=0.042
       34670347        70.59425       213.10513            5.90        11:20:23        4.20e-02        2.00e+00
       34671383        70.59475       214.10532            5.90        11:20:08        4.20e-02        2.00e+00
       34672488        70.59370       215.10566            5.90        11:20:07        4.20e-02        2.00e+00
       34673458        70.59438       216.10655            5.90        11:19:40        4.20e-02        2.00e+00
       34674398        70.59453       217.10668            5.90        11:19:09        4.20e-02        2.00e+00
       34675345        70.59496       218.10681            5.90        11:18:38        4.20e-02        2.00e+00
       34676300        70.59424       219.10720            5.90        11:18:10        4.20e-02        2.00e+00
       34677281        70.59245       220.10741            5.91        11:17:47        4.20e-02        2.00e+00
       34678257        70.59009       221.10772            5.91        11:17:23        4.20e-02        2.00e+00
       34679270        70.58701       222.10810            5.91        11:17:07        4.20e-02        2.00e+00
DEBUG @ t=34680000: current_coupling=0.042, last=0.042
       34680285        70.58416       223.10879            5.91        11:16:51        4.20e-02        2.00e+00
       34681242        70.58298       224.10904            5.91        11:16:23        4.20e-02        2.00e+00
       34682235        70.58266       225.10998            5.91        11:16:02        4.20e-02        2.00e+00
       34683331        70.58488       226.11050            5.91        11:15:57        4.20e-02        2.00e+00
       34684422        70.58411       227.11141            5.91        11:15:53        4.20e-02        2.00e+00
       34685459        70.58090       228.11182            5.91        11:15:41        4.20e-02        2.00e+00
       34686483        70.57800       229.11206            5.91        11:15:27        4.20e-02        2.00e+00
       34687593        70.57520       230.11215            5.91        11:15:27        4.20e-02        2.00e+00
       34688679        70.57435       231.11242            5.90        11:15:22        4.20e-02        2.00e+00
       34689742        70.57294       232.11320            5.90        11:15:13        4.20e-02        2.00e+00
DEBUG @ t=34690000: current_coupling=0.042, last=0.042
       34690748        70.57259       233.11388            5.90        11:14:54        4.20e-02        2.00e+00
       34691778        70.57180       234.11410            5.90        11:14:39        4.20e-02        2.00e+00
       34692761        70.57014       235.11427            5.90        11:14:17        4.20e-02        2.00e+00
       34693770        70.56767       236.11505            5.91        11:14:00        4.20e-02        2.00e+00
       34694748        70.56507       237.11515            5.91        11:13:38        4.20e-02        2.00e+00
       34695862        70.56630       238.11600            5.90        11:13:35        4.20e-02        2.00e+00
       34696787        70.56426       239.11652            5.91        11:13:04        4.20e-02        2.00e+00
       34697929        70.56343       240.11668            5.90        11:13:08        4.20e-02        2.00e+00
       34699087        70.56271       241.11686            5.90        11:13:14        4.20e-02        2.00e+00
DEBUG @ t=34700000: current_coupling=0.042, last=0.042
[HDF5 Writer DEBUG] timestep=34700000, current_time_ps=242.089, last_output_time=242.0791609945703, write_count=23076
       34700027        70.55983       242.11689            5.90        11:12:46        4.20e-02        2.00e+00
       34701011        70.55741       243.11698            5.90        11:12:25        4.20e-02        2.00e+00
       34702179        70.55698       244.11720            5.90        11:12:32        4.20e-02        2.00e+00
       34703167        70.55671       245.11811            5.90        11:12:10        4.20e-02        2.00e+00
       34704284        70.55822       246.11889            5.90        11:12:08        4.20e-02        2.00e+00
       34705420        70.56682       247.11926            5.90        11:12:05        4.20e-02        2.00e+00
       34706438        70.56811       248.11964            5.90        11:11:47        4.20e-02        2.00e+00
       34707365        70.56626       249.11985            5.90        11:11:16        4.20e-02        2.00e+00
       34708364        70.56690       250.12057            5.90        11:10:56        4.20e-02        2.00e+00
       34709382        70.56805       251.12100            5.90        11:10:38        4.20e-02        2.00e+00
DEBUG @ t=34710000: current_coupling=0.042, last=0.042
       34710401        70.56622       252.12158            5.90        11:10:22        4.20e-02        2.00e+00
       34711583        70.57115       253.12189            5.90        11:10:28        4.20e-02        2.00e+00
       34712730        70.57782       254.12257            5.90        11:10:27        4.20e-02        2.00e+00
       34713673        70.57963       255.12343            5.90        11:09:57        4.20e-02        2.00e+00
       34714803        70.57931       256.12351            5.90        11:09:57        4.20e-02        2.00e+00
       34715897        70.58191       257.12424            5.90        11:09:50        4.20e-02        2.00e+00
       34716967        70.58114       258.12446            5.90        11:09:41        4.20e-02        2.00e+00
       34718006        70.58598       259.12537            5.90        11:09:24        4.20e-02        2.00e+00
       34719043        70.58952       260.12604            5.90        11:09:08        4.20e-02        2.00e+00
DEBUG @ t=34720000: current_coupling=0.042, last=0.042
       34720018        70.58769       261.12615            5.90        11:08:45        4.20e-02        2.00e+00
       34720989        70.58831       262.12616            5.90        11:08:21        4.20e-02        2.00e+00
       34722053        70.58797       263.12686            5.90        11:08:11        4.20e-02        2.00e+00
       34723204        70.58876       264.12780            5.90        11:08:13        4.20e-02        2.00e+00
       34724215        70.59226       265.12839            5.90        11:07:53        4.20e-02        2.00e+00
       34725253        70.59459       266.12868            5.90        11:07:37        4.20e-02        2.00e+00
       34726390        70.59331       267.12903            5.89        11:07:38        4.20e-02        2.00e+00
       34727521        70.59228       268.12982            5.89        11:07:38        4.20e-02        2.00e+00
       34728657        70.59589       269.13060            5.89        11:07:35        4.20e-02        2.00e+00
       34729799        70.59972       270.13114            5.89        11:07:34        4.20e-02        2.00e+00
DEBUG @ t=34730000: current_coupling=0.042, last=0.042
       34730946        70.60017       271.13122            5.89        11:07:35        4.20e-02        2.00e+00
       34732173        70.60247       272.13148            5.88        11:07:46        4.20e-02        2.00e+00
       34733275        70.60521       273.13150            5.88        11:07:39        4.20e-02        2.00e+00
       34734290        70.60464       274.13170            5.88        11:07:21        4.20e-02        2.00e+00
       34735430        70.60474       275.13215            5.88        11:07:21        4.20e-02        2.00e+00
       34736455        70.60308       276.13232            5.88        11:07:05        4.20e-02        2.00e+00
       34737455        70.60230       277.13256            5.88        11:06:46        4.20e-02        2.00e+00
       34738507        70.61107       278.13258            5.88        11:06:28        4.20e-02        2.00e+00
       34739615        70.61321       279.13314            5.88        11:06:22        4.20e-02        2.00e+00
DEBUG @ t=34740000: current_coupling=0.042, last=0.042
       34740776        70.61580       280.13375            5.88        11:06:22        4.20e-02        2.00e+00
       34741876        70.62060       281.13415            5.88        11:06:13        4.20e-02        2.00e+00
       34742924        70.62242       282.13499            5.88        11:05:59        4.20e-02        2.00e+00
       34744003        70.62249       283.13507            5.88        11:05:50        4.20e-02        2.00e+00
       34744989        70.62559       284.13557            5.88        11:05:26        4.20e-02        2.00e+00
       34745987        70.62405       285.13600            5.88        11:05:07        4.20e-02        2.00e+00
       34746940        70.62215       286.13640            5.88        11:04:42        4.20e-02        2.00e+00
       34747911        70.62188       287.13711            5.88        11:04:18        4.20e-02        2.00e+00
       34748875        70.62097       288.13750            5.88        11:03:54        4.20e-02        2.00e+00
       34749893        70.62069       289.13795            5.88        11:03:37        4.20e-02        2.00e+00
DEBUG @ t=34750000: current_coupling=0.042, last=0.042
       34750928        70.61853       290.13805            5.88        11:03:23        4.20e-02        2.00e+00
       34751974        70.61705       291.13876            5.88        11:03:10        4.20e-02        2.00e+00
       34752989        70.61483       292.13885            5.88        11:02:54        4.20e-02        2.00e+00
       34753978        70.61242       293.13898            5.88        11:02:34        4.20e-02        2.00e+00
       34754952        70.61093       294.13909            5.88        11:02:12        4.20e-02        2.00e+00
       34755938        70.61021       295.13966            5.88        11:01:51        4.20e-02        2.00e+00
       34756893        70.61070       296.14046            5.89        11:01:25        4.20e-02        2.00e+00
       34757961        70.61208       297.14076            5.89        11:01:14        4.20e-02        2.00e+00
       34758900        70.61333       298.14118            5.89        11:00:46        4.20e-02        2.00e+00
       34759833        70.61218       299.14223            5.89        11:00:19        4.20e-02        2.00e+00
DEBUG @ t=34760000: current_coupling=0.042, last=0.042
       34760889        70.61104       300.14235            5.89        11:00:07        4.20e-02        2.00e+00
       34761915        70.61152       301.14240            5.89        10:59:51        4.20e-02        2.00e+00
       34763023        70.61593       302.14336            5.89        10:59:43        4.20e-02        2.00e+00
       34764007        70.61598       303.14426            5.89        10:59:21        4.20e-02        2.00e+00
       34765017        70.61462       304.14481            5.89        10:59:04        4.20e-02        2.00e+00
       34766046        70.61532       305.14483            5.89        10:58:48        4.20e-02        2.00e+00
       34767051        70.61563       306.14517            5.89        10:58:30        4.20e-02        2.00e+00
       34768069        70.61670       307.14602            5.89        10:58:12        4.20e-02        2.00e+00
       34769131        70.61780       308.14699            5.89        10:58:00        4.20e-02        2.00e+00
DEBUG @ t=34770000: current_coupling=0.042, last=0.042
       34770124        70.61763       309.14750            5.89        10:57:40        4.20e-02        2.00e+00
       34771169        70.61671       310.14806            5.89        10:57:27        4.20e-02        2.00e+00
       34772211        70.61565       311.14834            5.89        10:57:14        4.20e-02        2.00e+00
       34773214        70.61445       312.14892            5.89        10:56:55        4.20e-02        2.00e+00
       34774193        70.61612       313.14978            5.89        10:56:33        4.20e-02        2.00e+00
       34775219        70.61497       314.14995            5.89        10:56:18        4.20e-02        2.00e+00
       34776221        70.61474       315.15044            5.89        10:55:59        4.20e-02        2.00e+00
       34777219        70.61287       316.15072            5.89        10:55:41        4.20e-02        2.00e+00
       34778146        70.61135       317.15072            5.90        10:55:14        4.20e-02        2.00e+00
       34779073        70.61030       318.15086            5.90        10:54:47        4.20e-02        2.00e+00
       34779995        70.61012       319.15187            5.90        10:54:19        4.20e-02        2.00e+00
DEBUG @ t=34780000: current_coupling=0.042, last=0.042
       34780877        70.60961       320.15239            5.90        10:53:47        4.20e-02        2.00e+00
       34781819        70.60771       321.15252            5.90        10:53:22        4.20e-02        2.00e+00
       34782965        70.60793       322.15277            5.90        10:53:21        4.20e-02        2.00e+00
       34784137        70.60685       323.15334            5.90        10:53:23        4.20e-02        2.00e+00
       34785278        70.60671       324.15409            5.90        10:53:21        4.20e-02        2.00e+00
       34786303        70.60602       325.15478            5.90        10:53:05        4.20e-02        2.00e+00
       34787341        70.60662       326.15542            5.90        10:52:51        4.20e-02        2.00e+00
       34788408        70.60685       327.15605            5.90        10:52:40        4.20e-02        2.00e+00
       34789426        70.60913       328.15621            5.90        10:52:22        4.20e-02        2.00e+00
DEBUG @ t=34790000: current_coupling=0.042, last=0.042
       34790487        70.61008       329.15645            5.90        10:52:10        4.20e-02        2.00e+00
       34791546        70.61044       330.15678            5.90        10:51:57        4.20e-02        2.00e+00
       34792570        70.60861       331.15693            5.90        10:51:43        4.20e-02        2.00e+00
       34793643        70.60810       332.15774            5.90        10:51:32        4.20e-02        2.00e+00
       34794688        70.60689       333.15865            5.90        10:51:20        4.20e-02        2.00e+00
       34795844        70.60802       334.15867            5.89        10:51:18        4.20e-02        2.00e+00
       34796892        70.60680       335.15906            5.89        10:51:05        4.20e-02        2.00e+00
       34797957        70.60622       336.15946            5.89        10:50:54        4.20e-02        2.00e+00
       34799070        70.60566       337.15973            5.89        10:50:49        4.20e-02        2.00e+00
DEBUG @ t=34800000: current_coupling=0.042, last=0.042
[HDF5 Writer DEBUG] timestep=34800000, current_time_ps=338.074, last_output_time=338.0700333931261, write_count=32245
       34800099        70.60432       338.16046            5.89        10:50:34        4.20e-02        2.00e+00
       34801247        70.60454       339.16101            5.89        10:50:32        4.20e-02        2.00e+00
       34802370        70.60473       340.16115            5.89        10:50:26        4.20e-02        2.00e+00
       34803437        70.60337       341.16156            5.89        10:50:16        4.20e-02        2.00e+00
       34804449        70.60218       342.16183            5.89        10:49:59        4.20e-02        2.00e+00
       34805527        70.60310       343.16199            5.89        10:49:49        4.20e-02        2.00e+00
       34806547        70.60527       344.16220            5.89        10:49:31        4.20e-02        2.00e+00
       34807662        70.60697       345.16241            5.89        10:49:24        4.20e-02        2.00e+00
       34808799        70.60585       346.16310            5.89        10:49:21        4.20e-02        2.00e+00
       34809795        70.60487       347.16405            5.89        10:49:02        4.20e-02        2.00e+00
DEBUG @ t=34810000: current_coupling=0.042, last=0.042
       34810817        70.60436       348.16491            5.89        10:48:46        4.20e-02        2.00e+00
       34811798        70.60265       349.16526            5.89        10:48:26        4.20e-02        2.00e+00
       34812762        70.60082       350.16574            5.89        10:48:05        4.20e-02        2.00e+00
       34813909        70.60046       351.16659            5.89        10:48:02        4.20e-02        2.00e+00
       34814998        70.60099       352.16662            5.89        10:47:53        4.20e-02        2.00e+00
       34815985        70.60008       353.16721            5.89        10:47:33        4.20e-02        2.00e+00
       34817085        70.60198       354.16755            5.88        10:47:24        4.20e-02        2.00e+00
       34818050        70.60247       355.16781            5.89        10:47:02        4.20e-02        2.00e+00
       34819132        70.60197       356.16796            5.89        10:46:52        4.20e-02        2.00e+00
DEBUG @ t=34820000: current_coupling=0.042, last=0.042
       34820433        70.60822       357.16814            5.88        10:47:02        4.20e-02        2.00e+00
       34821637        70.60989       358.16884            5.88        10:47:03        4.20e-02        2.00e+00
       34822805        70.61006       359.16917            5.88        10:47:02        4.20e-02        2.00e+00
       34824028        70.61472       360.17012            5.87        10:47:04        4.20e-02        2.00e+00
       34825071        70.61563       361.17077            5.87        10:46:49        4.20e-02        2.00e+00
       34826128        70.61446       362.17096            5.87        10:46:37        4.20e-02        2.00e+00
       34827261        70.61475       363.17156            5.87        10:46:32        4.20e-02        2.00e+00
       34828304        70.61351       364.17215            5.87        10:46:18        4.20e-02        2.00e+00
       34829495        70.61287       365.17290            5.87        10:46:19        4.20e-02        2.00e+00
DEBUG @ t=34830000: current_coupling=0.042, last=0.042
       34830581        70.61245       366.17290            5.87        10:46:09        4.20e-02        2.00e+00
       34831588        70.61470       367.17350            5.87        10:45:50        4.20e-02        2.00e+00
       34832555        70.61836       368.17366            5.87        10:45:26        4.20e-02        2.00e+00
       34833583        70.61814       369.17412            5.87        10:45:10        4.20e-02        2.00e+00
       34834648        70.62234       370.17468            5.87        10:44:56        4.20e-02        2.00e+00
       34835769        70.62250       371.17469            5.87        10:44:49        4.20e-02        2.00e+00
       34836717        70.62074       372.17538            5.87        10:44:26        4.20e-02        2.00e+00
       34837745        70.62114       373.17572            5.87        10:44:10        4.20e-02        2.00e+00
       34838648        70.62009       374.17649            5.87        10:43:42        4.20e-02        2.00e+00
       34839688        70.61967       375.17677            5.87        10:43:28        4.20e-02        2.00e+00
DEBUG @ t=34840000: current_coupling=0.042, last=0.042
       34840645        70.62099       376.17683            5.88        10:43:04        4.20e-02        2.00e+00
       34841679        70.62080       377.17713            5.88        10:42:49        4.20e-02        2.00e+00
       34842797        70.62144       378.17742            5.87        10:42:42        4.20e-02        2.00e+00
       34843738        70.62070       379.17837            5.88        10:42:18        4.20e-02        2.00e+00
       34844832        70.62008       380.17853            5.87        10:42:09        4.20e-02        2.00e+00
       34845728        70.61903       381.17940            5.88        10:41:41        4.20e-02        2.00e+00
       34846711        70.62097       382.18014            5.88        10:41:20        4.20e-02        2.00e+00
       34847674        70.62477       383.18018            5.88        10:40:56        4.20e-02        2.00e+00
       34848736        70.62910       384.18108            5.88        10:40:41        4.20e-02        2.00e+00
       34849641        70.62910       385.18198            5.88        10:40:13        4.20e-02        2.00e+00
DEBUG @ t=34850000: current_coupling=0.042, last=0.042
       34850681        70.62920       386.18278            5.88        10:39:59        4.20e-02        2.00e+00
       34851758        70.62769       387.18281            5.88        10:39:49        4.20e-02        2.00e+00
       34852742        70.62718       388.18325            5.88        10:39:29        4.20e-02        2.00e+00
       34853678        70.62742       389.18405            5.88        10:39:04        4.20e-02        2.00e+00
       34854718        70.62746       390.18462            5.88        10:38:50        4.20e-02        2.00e+00
       34855745        70.62705       391.18521            5.88        10:38:34        4.20e-02        2.00e+00
       34856795        70.62765       392.18562            5.88        10:38:21        4.20e-02        2.00e+00
       34857785        70.62794       393.18595            5.88        10:38:01        4.20e-02        2.00e+00
       34858713        70.62795       394.18607            5.89        10:37:36        4.20e-02        2.00e+00
       34859675        70.62657       395.18698            5.89        10:37:15        4.20e-02        2.00e+00
DEBUG @ t=34860000: current_coupling=0.042, last=0.042
       34860625        70.62582       396.18710            5.89        10:36:53        4.20e-02        2.00e+00
       34861586        70.62748       397.18747            5.89        10:36:30        4.20e-02        2.00e+00
       34862580        70.62558       398.18841            5.89        10:36:13        4.20e-02        2.00e+00
       34863573        70.62425       399.18854            5.89        10:35:55        4.20e-02        2.00e+00
Added F(k,t) reference 2 at t = 400.003 ps
       34864499        70.62391       400.18883            5.89        10:35:30        4.20e-02        2.00e+00
       34865405        70.62306       401.18897            5.89        10:35:04        4.20e-02        2.00e+00
       34866391        70.62420       402.18944            5.89        10:34:44        4.20e-02        2.00e+00
       34867438        70.62624       403.19028            5.89        10:34:29        4.20e-02        2.00e+00
       34868417        70.62797       404.19063            5.89        10:34:09        4.20e-02        2.00e+00
       34869376        70.63003       405.19091            5.90        10:33:46        4.20e-02        2.00e+00
DEBUG @ t=34870000: current_coupling=0.042, last=0.042
       34870330        70.62960       406.19180            5.90        10:33:24        4.20e-02        2.00e+00
       34871235        70.62887       407.19235            5.90        10:32:58        4.20e-02        2.00e+00
       34872118        70.62750       408.19326            5.90        10:32:30        4.20e-02        2.00e+00
       34873054        70.62624       409.19331            5.90        10:32:08        4.20e-02        2.00e+00
       34874076        70.62557       410.19362            5.90        10:31:52        4.20e-02        2.00e+00
       34875048        70.62723       411.19410            5.90        10:31:31        4.20e-02        2.00e+00
       34876152        70.63466       412.19495            5.90        10:31:19        4.20e-02        2.00e+00
       34877235        70.63321       413.19496            5.90        10:31:09        4.20e-02        2.00e+00
       34878295        70.63208       414.19549            5.90        10:30:57        4.20e-02        2.00e+00
       34879249        70.62980       415.19629            5.90        10:30:37        4.20e-02        2.00e+00
DEBUG @ t=34880000: current_coupling=0.042, last=0.042
       34880192        70.62779       416.19705            5.90        10:30:15        4.20e-02        2.00e+00
       34881281        70.62855       417.19736            5.90        10:30:05        4.20e-02        2.00e+00
       34882300        70.63022       418.19795            5.90        10:29:48        4.20e-02        2.00e+00
       34883256        70.62972       419.19862            5.90        10:29:27        4.20e-02        2.00e+00
       34884279        70.62932       420.19960            5.90        10:29:11        4.20e-02        2.00e+00
       34885245        70.62800       421.20060            5.91        10:28:51        4.20e-02        2.00e+00
       34886251        70.62780       422.20148            5.91        10:28:34        4.20e-02        2.00e+00
       34887344        70.62773       423.20233            5.90        10:28:25        4.20e-02        2.00e+00
       34888420        70.63056       424.20239            5.90        10:28:12        4.20e-02        2.00e+00
       34889447        70.63118       425.20324            5.90        10:27:57        4.20e-02        2.00e+00
DEBUG @ t=34890000: current_coupling=0.042, last=0.042
       34890446        70.63220       426.20415            5.90        10:27:39        4.20e-02        2.00e+00
       34891501        70.63209       427.20493            5.90        10:27:26        4.20e-02        2.00e+00
       34892617        70.63273       428.20507            5.90        10:27:18        4.20e-02        2.00e+00
       34893686        70.63422       429.20547            5.90        10:27:05        4.20e-02        2.00e+00
       34894791        70.63701       430.20598            5.90        10:26:55        4.20e-02        2.00e+00
       34895744        70.63686       431.20693            5.90        10:26:34        4.20e-02        2.00e+00
       34896855        70.63744       432.20715            5.90        10:26:25        4.20e-02        2.00e+00
       34897997        70.63869       433.20792            5.90        10:26:19        4.20e-02        2.00e+00
       34899073        70.64120       434.20852            5.90        10:26:06        4.20e-02        2.00e+00
DEBUG @ t=34900000: current_coupling=0.042, last=0.042
[HDF5 Writer DEBUG] timestep=34900000, current_time_ps=435.078, last_output_time=435.0705936726441, write_count=41514
       34900124        70.64096       435.20918            5.90        10:25:53        4.20e-02        2.00e+00
       34901079        70.64092       436.20939            5.90        10:25:32        4.20e-02        2.00e+00
       34902094        70.64026       437.20999            5.90        10:25:16        4.20e-02        2.00e+00
       34903202        70.63893       438.21011            5.90        10:25:08        4.20e-02        2.00e+00
       34904308        70.63824       439.21070            5.90        10:25:00        4.20e-02        2.00e+00
       34905350        70.63681       440.21082            5.90        10:24:46        4.20e-02        2.00e+00
       34906347        70.63564       441.21161            5.90        10:24:29        4.20e-02        2.00e+00
       34907349        70.63394       442.21243            5.90        10:24:13        4.20e-02        2.00e+00
       34908384        70.63294       443.21253            5.90        10:23:59        4.20e-02        2.00e+00
       34909427        70.63152       444.21290            5.90        10:23:46        4.20e-02        2.00e+00
DEBUG @ t=34910000: current_coupling=0.042, last=0.042
       34910415        70.63066       445.21379            5.90        10:23:28        4.20e-02        2.00e+00
       34911368        70.63010       446.21405            5.90        10:23:07        4.20e-02        2.00e+00
       34912328        70.62880       447.21482            5.90        10:22:47        4.20e-02        2.00e+00
       34913265        70.62852       448.21527            5.90        10:22:24        4.20e-02        2.00e+00
       34914252        70.63129       449.21590            5.90        10:22:04        4.20e-02        2.00e+00
       34915290        70.63225       450.21683            5.90        10:21:49        4.20e-02        2.00e+00
       34916277        70.63234       451.21711            5.91        10:21:31        4.20e-02        2.00e+00
       34917350        70.63269       452.21721            5.90        10:21:19        4.20e-02        2.00e+00
       34918417        70.63158       453.21740            5.90        10:21:08        4.20e-02        2.00e+00
       34919466        70.63319       454.21785            5.90        10:20:54        4.20e-02        2.00e+00
DEBUG @ t=34920000: current_coupling=0.042, last=0.042
       34920503        70.63411       455.21793            5.90        10:20:39        4.20e-02        2.00e+00
       34921477        70.63335       456.21816            5.90        10:20:20        4.20e-02        2.00e+00
       34922429        70.63237       457.21917            5.91        10:19:59        4.20e-02        2.00e+00
       34923474        70.63194       458.21983            5.91        10:19:46        4.20e-02        2.00e+00
       34924511        70.63220       459.21985            5.91        10:19:31        4.20e-02        2.00e+00
       34925494        70.63265       460.22073            5.91        10:19:12        4.20e-02        2.00e+00
       34926493        70.63296       461.22086            5.91        10:18:55        4.20e-02        2.00e+00
       34927594        70.63176       462.22104            5.91        10:18:46        4.20e-02        2.00e+00
       34928638        70.63163       463.22119            5.91        10:18:32        4.20e-02        2.00e+00
       34929579        70.63085       464.22200            5.91        10:18:11        4.20e-02        2.00e+00
DEBUG @ t=34930000: current_coupling=0.042, last=0.042
       34930492        70.63110       465.22287            5.91        10:17:47        4.20e-02        2.00e+00
       34931413        70.63340       466.22346            5.91        10:17:22        4.20e-02        2.00e+00
       34932331        70.63298       467.22448            5.91        10:16:59        4.20e-02        2.00e+00
       34933255        70.63284       468.22533            5.91        10:16:36        4.20e-02        2.00e+00
       34934210        70.63343       469.22555            5.91        10:16:15        4.20e-02        2.00e+00
       34935174        70.63383       470.22624            5.91        10:15:55        4.20e-02        2.00e+00
       34936146        70.63380       471.22688            5.92        10:15:36        4.20e-02        2.00e+00
       34937124        70.63335       472.22747            5.92        10:15:17        4.20e-02        2.00e+00
       34938173        70.63485       473.22768            5.92        10:15:03        4.20e-02        2.00e+00
       34939190        70.63537       474.22860            5.92        10:14:47        4.20e-02        2.00e+00
DEBUG @ t=34940000: current_coupling=0.042, last=0.042
       34940204        70.63632       475.22886            5.92        10:14:31        4.20e-02        2.00e+00
       34941228        70.63601       476.22966            5.92        10:14:16        4.20e-02        2.00e+00
       34942270        70.63487       477.23032            5.92        10:14:02        4.20e-02        2.00e+00
       34943275        70.63375       478.23037            5.92        10:13:46        4.20e-02        2.00e+00
       34944162        70.63288       479.23068            5.92        10:13:22        4.20e-02        2.00e+00
       34945077        70.63114       480.23139            5.92        10:12:59        4.20e-02        2.00e+00
       34946123        70.63026       481.23210            5.92        10:12:46        4.20e-02        2.00e+00
       34947007        70.63017       482.23259            5.92        10:12:21        4.20e-02        2.00e+00
       34948003        70.62999       483.23341            5.92        10:12:03        4.20e-02        2.00e+00
       34949111        70.62976       484.23366            5.92        10:11:55        4.20e-02        2.00e+00
DEBUG @ t=34950000: current_coupling=0.042, last=0.042
       34950211        70.62928       485.23381            5.92        10:11:45        4.20e-02        2.00e+00
       34951312        70.63075       486.23446            5.92        10:11:35        4.20e-02        2.00e+00
       34952356        70.63114       487.23448            5.92        10:11:21        4.20e-02        2.00e+00
       34953332        70.63030       488.23471            5.92        10:11:03        4.20e-02        2.00e+00
       34954351        70.62893       489.23478            5.92        10:10:48        4.20e-02        2.00e+00
       34955497        70.62935       490.23508            5.92        10:10:42        4.20e-02        2.00e+00
       34956640        70.62826       491.23510            5.92        10:10:36        4.20e-02        2.00e+00
       34957785        70.62715       492.23520            5.92        10:10:30        4.20e-02        2.00e+00
       34958855        70.62737       493.23555            5.91        10:10:18        4.20e-02        2.00e+00
       34959957        70.62696       494.23601            5.91        10:10:09        4.20e-02        2.00e+00
DEBUG @ t=34960000: current_coupling=0.042, last=0.042
       34961122        70.62563       495.23636            5.91        10:10:04        4.20e-02        2.00e+00
       34962214        70.62401       496.23729            5.91        10:09:55        4.20e-02        2.00e+00
       34963193        70.62285       497.23743            5.91        10:09:37        4.20e-02        2.00e+00
       34964149        70.62182       498.23837            5.91        10:09:17        4.20e-02        2.00e+00
       34965143        70.62079       499.23868            5.91        10:09:00        4.20e-02        2.00e+00
       34966099        70.61931       500.23969            5.91        10:08:41        4.20e-02        2.00e+00
       34967057        70.61767       501.23977            5.91        10:08:22        4.20e-02        2.00e+00
       34968121        70.61701       502.23993            5.91        10:08:10        4.20e-02        2.00e+00
       34969223        70.61662       503.24075            5.91        10:08:01        4.20e-02        2.00e+00
DEBUG @ t=34970000: current_coupling=0.042, last=0.042
       34970261        70.61571       504.24088            5.91        10:07:47        4.20e-02        2.00e+00
       34971262        70.61591       505.24140            5.91        10:07:30        4.20e-02        2.00e+00
       34972255        70.61514       506.24174            5.91        10:07:13        4.20e-02        2.00e+00
       34973232        70.61497       507.24196            5.91        10:06:55        4.20e-02        2.00e+00
       34974273        70.61473       508.24234            5.91        10:06:41        4.20e-02        2.00e+00
       34975276        70.61370       509.24271            5.91        10:06:25        4.20e-02        2.00e+00
       34976245        70.61222       510.24334            5.92        10:06:07        4.20e-02        2.00e+00
       34977209        70.61190       511.24398            5.92        10:05:47        4.20e-02        2.00e+00
       34978206        70.61162       512.24416            5.92        10:05:31        4.20e-02        2.00e+00
       34979191        70.61067       513.24506            5.92        10:05:13        4.20e-02        2.00e+00
DEBUG @ t=34980000: current_coupling=0.042, last=0.042
       34980244        70.61310       514.24550            5.92        10:04:59        4.20e-02        2.00e+00
       34981267        70.61683       515.24636            5.92        10:04:42        4.20e-02        2.00e+00
       34982210        70.61622       516.24725            5.92        10:04:21        4.20e-02        2.00e+00
       34983151        70.61525       517.24764            5.92        10:04:01        4.20e-02        2.00e+00
       34984077        70.61484       518.24816            5.92        10:03:39        4.20e-02        2.00e+00
       34984993        70.61390       519.24886            5.92        10:03:18        4.20e-02        2.00e+00
       34985948        70.61293       520.24900            5.92        10:02:58        4.20e-02        2.00e+00
       34986999        70.61180       521.24999            5.92        10:02:46        4.20e-02        2.00e+00
       34987982        70.61141       522.25064            5.92        10:02:28        4.20e-02        2.00e+00
       34988914        70.61096       523.25096            5.92        10:02:07        4.20e-02        2.00e+00
       34989911        70.61043       524.25151            5.92        10:01:50        4.20e-02        2.00e+00
DEBUG @ t=34990000: current_coupling=0.042, last=0.042
       34990951        70.61314       525.25153            5.92        10:01:35        4.20e-02        2.00e+00
       34991820        70.61367       526.25231            5.93        10:01:10        4.20e-02        2.00e+00
       34992722        70.61307       527.25269            5.93        10:00:47        4.20e-02        2.00e+00
       34993651        70.61455       528.25275            5.93        10:00:25        4.20e-02        2.00e+00
       34994598        70.61434       529.25279            5.93        10:00:05        4.20e-02        2.00e+00
       34995614        70.61328       530.25299            5.93        09:59:50        4.20e-02        2.00e+00
       34996559        70.61250       531.25324            5.93        09:59:30        4.20e-02        2.00e+00
       34997428        70.61102       532.25358            5.93        09:59:06        4.20e-02        2.00e+00
       34998289        70.60977       533.25441            5.93        09:58:41        4.20e-02        2.00e+00
       34999183        70.60868       534.25449            5.93        09:58:18        4.20e-02        2.00e+00
DEBUG @ t=35000000: current_coupling=0.042, last=0.042
[HDF5 Writer DEBUG] timestep=35000000, current_time_ps=535.119, last_output_time=535.1089742701927, write_count=51019
       35000144        70.60704       535.25529            5.94        09:58:00        4.20e-02        2.00e+00
       35001140        70.60590       536.25623            5.94        09:57:44        4.20e-02        2.00e+00
       35002005        70.60448       537.25676            5.94        09:57:19        4.20e-02        2.00e+00
       35003039        70.60346       538.25768            5.94        09:57:06        4.20e-02        2.00e+00
       35004072        70.60309       539.25803            5.94        09:56:52        4.20e-02        2.00e+00
       35004929        70.60198       540.25820            5.94        09:56:27        4.20e-02        2.00e+00
       35005979        70.60125       541.25905            5.94        09:56:14        4.20e-02        2.00e+00
       35006906        70.60005       542.25960            5.94        09:55:53        4.20e-02        2.00e+00
       35007903        70.60039       543.26015            5.94        09:55:37        4.20e-02        2.00e+00
       35008818        70.60249       544.26016            5.94        09:55:14        4.20e-02        2.00e+00
       35009779        70.60502       545.26119            5.94        09:54:54        4.20e-02        2.00e+00
DEBUG @ t=35010000: current_coupling=0.042, last=0.042
       35010805        70.61087       546.26198            5.94        09:54:36        4.20e-02        2.00e+00
       35011840        70.61118       547.26206            5.94        09:54:22        4.20e-02        2.00e+00
       35012825        70.61046       548.26232            5.94        09:54:05        4.20e-02        2.00e+00
       35013883        70.61068       549.26245            5.94        09:53:53        4.20e-02        2.00e+00
       35014840        70.60957       550.26296            5.94        09:53:34        4.20e-02        2.00e+00
       35015702        70.60905       551.26410            5.94        09:53:10        4.20e-02        2.00e+00
       35016587        70.60787       552.26464            5.95        09:52:47        4.20e-02        2.00e+00
       35017479        70.60641       553.26507            5.95        09:52:24        4.20e-02        2.00e+00
       35018363        70.60525       554.26574            5.95        09:52:02        4.20e-02        2.00e+00
       35019219        70.60359       555.26683            5.95        09:51:37        4.20e-02        2.00e+00
DEBUG @ t=35020000: current_coupling=0.042, last=0.042
       35020074        70.60246       556.26751            5.95        09:51:13        4.20e-02        2.00e+00
       35021078        70.60529       557.26792            5.95        09:50:55        4.20e-02        2.00e+00
       35022114        70.60543       558.26822            5.95        09:50:41        4.20e-02        2.00e+00
       35023092        70.60465       559.26908            5.95        09:50:24        4.20e-02        2.00e+00
       35024068        70.60376       560.27000            5.95        09:50:07        4.20e-02        2.00e+00
       35024912        70.60224       561.27094            5.96        09:49:42        4.20e-02        2.00e+00
       35025847        70.60164       562.27174            5.96        09:49:23        4.20e-02        2.00e+00
       35026858        70.60073       563.27249            5.96        09:49:08        4.20e-02        2.00e+00
       35027802        70.59924       564.27314            5.96        09:48:49        4.20e-02        2.00e+00
       35028829        70.59899       565.27320            5.96        09:48:35        4.20e-02        2.00e+00
       35029790        70.59756       566.27323            5.96        09:48:17        4.20e-02        2.00e+00
DEBUG @ t=35030000: current_coupling=0.042, last=0.042
       35030835        70.59658       567.27359            5.96        09:48:04        4.20e-02        2.00e+00
       35031748        70.59599       568.27469            5.96        09:47:43        4.20e-02        2.00e+00
       35032761        70.59484       569.27494            5.96        09:47:29        4.20e-02        2.00e+00
       35033698        70.59350       570.27495            5.96        09:47:10        4.20e-02        2.00e+00
       35034768        70.59383       571.27521            5.96        09:46:58        4.20e-02        2.00e+00
       35035703        70.59340       572.27630            5.96        09:46:38        4.20e-02        2.00e+00
       35036732        70.59398       573.27672            5.96        09:46:24        4.20e-02        2.00e+00
       35037790        70.59295       574.27727            5.96        09:46:12        4.20e-02        2.00e+00
       35038836        70.59143       575.27818            5.96        09:45:59        4.20e-02        2.00e+00
       35039762        70.59046       576.27897            5.96        09:45:39        4.20e-02        2.00e+00
DEBUG @ t=35040000: current_coupling=0.042, last=0.042
       35040734        70.58917       577.27957            5.96        09:45:22        4.20e-02        2.00e+00
       35041671        70.58855       578.27969            5.96        09:45:03        4.20e-02        2.00e+00
       35042716        70.58784       579.28050            5.96        09:44:50        4.20e-02        2.00e+00
       35043773        70.58831       580.28069            5.96        09:44:37        4.20e-02        2.00e+00
       35044733        70.58776       581.28104            5.96        09:44:19        4.20e-02        2.00e+00
       35045789        70.58869       582.28151            5.96        09:44:06        4.20e-02        2.00e+00
       35046748        70.58803       583.28175            5.96        09:43:48        4.20e-02        2.00e+00
       35047645        70.58703       584.28241            5.96        09:43:27        4.20e-02        2.00e+00
       35048606        70.58758       585.28266            5.96        09:43:08        4.20e-02        2.00e+00
       35049530        70.58645       586.28281            5.96        09:42:49        4.20e-02        2.00e+00
DEBUG @ t=35050000: current_coupling=0.042, last=0.042
       35050464        70.58567       587.28366            5.96        09:42:29        4.20e-02        2.00e+00
       35051381        70.58467       588.28393            5.97        09:42:09        4.20e-02        2.00e+00
       35052329        70.58487       589.28434            5.97        09:41:50        4.20e-02        2.00e+00
       35053331        70.58757       590.28527            5.97        09:41:33        4.20e-02        2.00e+00
       35054328        70.58642       591.28596            5.97        09:41:18        4.20e-02        2.00e+00
       35055317        70.58663       592.28678            5.97        09:41:01        4.20e-02        2.00e+00
       35056313        70.58825       593.28679            5.97        09:40:45        4.20e-02        2.00e+00
       35057356        70.59055       594.28774            5.97        09:40:30        4.20e-02        2.00e+00
       35058329        70.59088       595.28799            5.97        09:40:13        4.20e-02        2.00e+00
       35059341        70.59036       596.28865            5.97        09:39:58        4.20e-02        2.00e+00
DEBUG @ t=35060000: current_coupling=0.042, last=0.042
       35060407        70.58998       597.28941            5.97        09:39:46        4.20e-02        2.00e+00
       35061430        70.59174       598.29028            5.97        09:39:31        4.20e-02        2.00e+00
       35062461        70.59594       599.29072            5.97        09:39:15        4.20e-02        2.00e+00
Added F(k,t) reference 3 at t = 600.003 ps
       35063525        70.59727       600.29115            5.97        09:39:02        4.20e-02        2.00e+00
       35064606        70.59695       601.29138            5.97        09:38:51        4.20e-02        2.00e+00
       35065711        70.59780       602.29209            5.97        09:38:40        4.20e-02        2.00e+00
       35066692        70.59824       603.29254            5.97        09:38:23        4.20e-02        2.00e+00
       35067815        70.60013       604.29282            5.97        09:38:14        4.20e-02        2.00e+00
       35068895        70.60186       605.29321            5.97        09:38:02        4.20e-02        2.00e+00
       35069933        70.60207       606.29327            5.97        09:37:48        4.20e-02        2.00e+00
DEBUG @ t=35070000: current_coupling=0.042, last=0.042
       35070986        70.60245       607.29333            5.97        09:37:35        4.20e-02        2.00e+00
       35072034        70.60250       608.29381            5.97        09:37:22        4.20e-02        2.00e+00
       35073000        70.60263       609.29447            5.97        09:37:04        4.20e-02        2.00e+00
       35073981        70.60168       610.29476            5.97        09:36:48        4.20e-02        2.00e+00
       35075043        70.60084       611.29495            5.97        09:36:36        4.20e-02        2.00e+00
       35076067        70.60057       612.29596            5.97        09:36:21        4.20e-02        2.00e+00
       35077039        70.59968       613.29677            5.97        09:36:04        4.20e-02        2.00e+00
       35078062        70.59860       614.29714            5.97        09:35:51        4.20e-02        2.00e+00
       35079084        70.59782       615.29718            5.97        09:35:36        4.20e-02        2.00e+00
DEBUG @ t=35080000: current_coupling=0.042, last=0.042
       35080110        70.59663       616.29762            5.97        09:35:23        4.20e-02        2.00e+00
       35081203        70.59633       617.29786            5.96        09:35:12        4.20e-02        2.00e+00
       35082179        70.59615       618.29875            5.97        09:34:55        4.20e-02        2.00e+00
       35083093        70.59661       619.29893            5.97        09:34:35        4.20e-02        2.00e+00
       35084048        70.59798       620.29907            5.97        09:34:16        4.20e-02        2.00e+00
       35085035        70.59775       621.29963            5.97        09:33:59        4.20e-02        2.00e+00
       35086071        70.59726       622.30020            5.97        09:33:46        4.20e-02        2.00e+00
       35087048        70.59745       623.30106            5.97        09:33:29        4.20e-02        2.00e+00
       35088072        70.59680       624.30109            5.97        09:33:15        4.20e-02        2.00e+00
       35089166        70.59597       625.30191            5.97        09:33:04        4.20e-02        2.00e+00
DEBUG @ t=35090000: current_coupling=0.042, last=0.042
       35090246        70.59558       626.30224            5.97        09:32:53        4.20e-02        2.00e+00
       35091298        70.59488       627.30234            5.97        09:32:41        4.20e-02        2.00e+00
       35092357        70.59340       628.30326            5.97        09:32:29        4.20e-02        2.00e+00
       35093443        70.59244       629.30348            5.96        09:32:18        4.20e-02        2.00e+00
       35094505        70.59352       630.30424            5.96        09:32:05        4.20e-02        2.00e+00
       35095598        70.59435       631.30444            5.96        09:31:54        4.20e-02        2.00e+00
       35096706        70.59450       632.30507            5.96        09:31:44        4.20e-02        2.00e+00
       35097814        70.59592       633.30582            5.96        09:31:33        4.20e-02        2.00e+00
       35098851        70.59681       634.30667            5.96        09:31:19        4.20e-02        2.00e+00
       35099838        70.59761       635.30670            5.96        09:31:02        4.20e-02        2.00e+00
DEBUG @ t=35100000: current_coupling=0.042, last=0.042
[HDF5 Writer DEBUG] timestep=35100000, current_time_ps=635.467, last_output_time=635.4615974760392, write_count=60599
       35100855        70.60335       636.30759            5.96        09:30:45        4.20e-02        2.00e+00
       35101880        70.60680       637.30833            5.96        09:30:29        4.20e-02        2.00e+00
       35102900        70.60817       638.30867            5.96        09:30:13        4.20e-02        2.00e+00
       35103931        70.60869       639.30930            5.96        09:29:59        4.20e-02        2.00e+00
       35104887        70.60937       640.31018            5.96        09:29:40        4.20e-02        2.00e+00
       35105988        70.61132       641.31035            5.96        09:29:29        4.20e-02        2.00e+00
       35106928        70.61059       642.31098            5.96        09:29:11        4.20e-02        2.00e+00
       35107997        70.61070       643.31138            5.96        09:28:58        4.20e-02        2.00e+00
       35109058        70.61163       644.31147            5.96        09:28:45        4.20e-02        2.00e+00
       35109975        70.61150       645.31158            5.97        09:28:26        4.20e-02        2.00e+00
DEBUG @ t=35110000: current_coupling=0.042, last=0.042
       35110913        70.61175       646.31205            5.97        09:28:07        4.20e-02        2.00e+00
       35111969        70.61267       647.31212            5.97        09:27:53        4.20e-02        2.00e+00
       35113051        70.61383       648.31228            5.97        09:27:41        4.20e-02        2.00e+00
       35113940        70.61518       649.31299            5.97        09:27:19        4.20e-02        2.00e+00
       35114944        70.61539       650.31301            5.97        09:27:04        4.20e-02        2.00e+00
       35116008        70.61471       651.31408            5.97        09:26:52        4.20e-02        2.00e+00
       35116931        70.61531       652.31445            5.97        09:26:32        4.20e-02        2.00e+00
       35117904        70.61536       653.31540            5.97        09:26:15        4.20e-02        2.00e+00
       35118862        70.61562       654.31548            5.97        09:25:57        4.20e-02        2.00e+00
       35119782        70.61492       655.31652            5.97        09:25:37        4.20e-02        2.00e+00
DEBUG @ t=35120000: current_coupling=0.042, last=0.042
       35120918        70.61374       656.31667            5.97        09:25:29        4.20e-02        2.00e+00
       35121843        70.61332       657.31733            5.97        09:25:10        4.20e-02        2.00e+00
       35122964        70.61322       658.31762            5.97        09:25:01        4.20e-02        2.00e+00
       35123922        70.61235       659.31830            5.97        09:24:43        4.20e-02        2.00e+00
       35124972        70.61240       660.31839            5.97        09:24:30        4.20e-02        2.00e+00
       35126039        70.61299       661.31931            5.97        09:24:18        4.20e-02        2.00e+00
       35127008        70.61304       662.31975            5.97        09:24:00        4.20e-02        2.00e+00
       35127975        70.61211       663.32052            5.97        09:23:44        4.20e-02        2.00e+00
       35128926        70.61137       664.32115            5.97        09:23:26        4.20e-02        2.00e+00
       35129909        70.61031       665.32137            5.97        09:23:10        4.20e-02        2.00e+00
DEBUG @ t=35130000: current_coupling=0.042, last=0.042
       35130879        70.60917       666.32217            5.97        09:22:53        4.20e-02        2.00e+00
       35131846        70.60832       667.32276            5.97        09:22:37        4.20e-02        2.00e+00
       35132883        70.60796       668.32356            5.97        09:22:23        4.20e-02        2.00e+00
       35133890        70.60728       669.32418            5.97        09:22:08        4.20e-02        2.00e+00
       35134928        70.60656       670.32499            5.97        09:21:55        4.20e-02        2.00e+00
       35135841        70.60622       671.32566            5.97        09:21:35        4.20e-02        2.00e+00
       35136866        70.60544       672.32582            5.97        09:21:21        4.20e-02        2.00e+00
       35137797        70.60442       673.32647            5.97        09:21:03        4.20e-02        2.00e+00
       35138729        70.60475       674.32711            5.97        09:20:44        4.20e-02        2.00e+00
       35139645        70.60391       675.32765            5.97        09:20:24        4.20e-02        2.00e+00
DEBUG @ t=35140000: current_coupling=0.042, last=0.042
       35140636        70.60370       676.32796            5.97        09:20:08        4.20e-02        2.00e+00
       35141644        70.60270       677.32829            5.97        09:19:54        4.20e-02        2.00e+00
       35142634        70.60168       678.32878            5.97        09:19:38        4.20e-02        2.00e+00
       35143648        70.60140       679.32935            5.97        09:19:24        4.20e-02        2.00e+00
       35144615        70.60105       680.32992            5.97        09:19:07        4.20e-02        2.00e+00
       35145562        70.60054       681.33050            5.97        09:18:49        4.20e-02        2.00e+00
       35146540        70.59974       682.33082            5.98        09:18:33        4.20e-02        2.00e+00
       35147579        70.59860       683.33167            5.97        09:18:19        4.20e-02        2.00e+00
       35148548        70.59760       684.33179            5.98        09:18:03        4.20e-02        2.00e+00
       35149571        70.59679       685.33223            5.98        09:17:49        4.20e-02        2.00e+00
DEBUG @ t=35150000: current_coupling=0.042, last=0.042
       35150630        70.59703       686.33309            5.97        09:17:36        4.20e-02        2.00e+00
       35151664        70.59704       687.33313            5.97        09:17:22        4.20e-02        2.00e+00
       35152626        70.59695       688.33380            5.98        09:17:05        4.20e-02        2.00e+00
       35153620        70.59648       689.33396            5.98        09:16:50        4.20e-02        2.00e+00
       35154643        70.59640       690.33404            5.98        09:16:35        4.20e-02        2.00e+00
       35155642        70.59662       691.33459            5.98        09:16:20        4.20e-02        2.00e+00
       35156650        70.59591       692.33534            5.98        09:16:05        4.20e-02        2.00e+00
       35157644        70.59475       693.33634            5.98        09:15:50        4.20e-02        2.00e+00
       35158645        70.59399       694.33725            5.98        09:15:35        4.20e-02        2.00e+00
       35159674        70.59340       695.33739            5.98        09:15:21        4.20e-02        2.00e+00
DEBUG @ t=35160000: current_coupling=0.042, last=0.042
       35160670        70.59217       696.33810            5.98        09:15:06        4.20e-02        2.00e+00
       35161660        70.59100       697.33853            5.98        09:14:50        4.20e-02        2.00e+00
       35162632        70.58994       698.33862            5.98        09:14:34        4.20e-02        2.00e+00
       35163643        70.58881       699.33931            5.98        09:14:20        4.20e-02        2.00e+00
       35164653        70.58771       700.34010            5.98        09:14:05        4.20e-02        2.00e+00
       35165640        70.58671       701.34103            5.98        09:13:50        4.20e-02        2.00e+00
       35166603        70.58577       702.34175            5.98        09:13:33        4.20e-02        2.00e+00
       35167674        70.58558       703.34198            5.98        09:13:21        4.20e-02        2.00e+00
       35168605        70.58450       704.34284            5.98        09:13:03        4.20e-02        2.00e+00
       35169547        70.58369       705.34373            5.98        09:12:45        4.20e-02        2.00e+00
DEBUG @ t=35170000: current_coupling=0.042, last=0.042
       35170563        70.58329       706.34415            5.98        09:12:30        4.20e-02        2.00e+00
       35171579        70.58287       707.34463            5.98        09:12:16        4.20e-02        2.00e+00
       35172593        70.58245       708.34489            5.98        09:12:01        4.20e-02        2.00e+00
       35173554        70.58121       709.34586            5.98        09:11:45        4.20e-02        2.00e+00
       35174597        70.58158       710.34654            5.98        09:11:31        4.20e-02        2.00e+00
       35175595        70.58104       711.34736            5.98        09:11:16        4.20e-02        2.00e+00
       35176567        70.58175       712.34749            5.98        09:10:59        4.20e-02        2.00e+00
       35177556        70.58098       713.34796            5.98        09:10:43        4.20e-02        2.00e+00
       35178559        70.58051       714.34876            5.98        09:10:28        4.20e-02        2.00e+00
       35179469        70.57995       715.34971            5.98        09:10:09        4.20e-02        2.00e+00
DEBUG @ t=35180000: current_coupling=0.042, last=0.042
       35180448        70.57973       716.34974            5.98        09:09:53        4.20e-02        2.00e+00
       35181518        70.57936       717.35030            5.98        09:09:41        4.20e-02        2.00e+00
       35182602        70.57896       718.35064            5.98        09:09:30        4.20e-02        2.00e+00
       35183735        70.57856       719.35088            5.98        09:09:20        4.20e-02        2.00e+00
       35184737        70.57748       720.35129            5.98        09:09:06        4.20e-02        2.00e+00
       35185672        70.57685       721.35235            5.98        09:08:48        4.20e-02        2.00e+00
       35186634        70.57646       722.35319            5.98        09:08:31        4.20e-02        2.00e+00
       35187610        70.57534       723.35348            5.98        09:08:15        4.20e-02        2.00e+00
       35188576        70.57451       724.35434            5.98        09:07:58        4.20e-02        2.00e+00
       35189660        70.57375       725.35502            5.98        09:07:47        4.20e-02        2.00e+00
DEBUG @ t=35190000: current_coupling=0.042, last=0.042
       35190719        70.57333       726.35598            5.98        09:07:34        4.20e-02        2.00e+00
       35191663        70.57343       727.35649            5.98        09:07:17        4.20e-02        2.00e+00
       35192599        70.57298       728.35731            5.98        09:06:59        4.20e-02        2.00e+00
       35193569        70.57241       729.35825            5.98        09:06:42        4.20e-02        2.00e+00
       35194633        70.57188       730.35833            5.98        09:06:30        4.20e-02        2.00e+00
       35195678        70.57342       731.35901            5.98        09:06:16        4.20e-02        2.00e+00
       35196761        70.57513       732.35917            5.98        09:06:03        4.20e-02        2.00e+00
       35197825        70.57674       733.35956            5.98        09:05:50        4.20e-02        2.00e+00
       35198928        70.57909       734.36003            5.98        09:05:38        4.20e-02        2.00e+00
       35199940        70.57866       735.36031            5.98        09:05:23        4.20e-02        2.00e+00
DEBUG @ t=35200000: current_coupling=0.042, last=0.042
[HDF5 Writer DEBUG] timestep=35200000, current_time_ps=735.414, last_output_time=735.4116058354941, write_count=70102
       35201035        70.57827       736.36042            5.98        09:05:12        4.20e-02        2.00e+00
       35202059        70.57755       737.36071            5.98        09:04:59        4.20e-02        2.00e+00
       35203225        70.57736       738.36077            5.98        09:04:50        4.20e-02        2.00e+00
       35204419        70.57782       739.36127            5.98        09:04:43        4.20e-02        2.00e+00
       35205590        70.57954       740.36131            5.97        09:04:35        4.20e-02        2.00e+00
       35206564        70.57943       741.36152            5.98        09:04:18        4.20e-02        2.00e+00
       35207537        70.57926       742.36180            5.98        09:04:02        4.20e-02        2.00e+00
       35208561        70.58002       743.36245            5.98        09:03:47        4.20e-02        2.00e+00
       35209532        70.57942       744.36253            5.98        09:03:31        4.20e-02        2.00e+00
DEBUG @ t=35210000: current_coupling=0.042, last=0.042
       35210575        70.57897       745.36257            5.98        09:03:17        4.20e-02        2.00e+00
       35211621        70.57903       746.36312            5.98        09:03:04        4.20e-02        2.00e+00
       35212709        70.57918       747.36390            5.98        09:02:52        4.20e-02        2.00e+00
       35213659        70.57857       748.36396            5.98        09:02:35        4.20e-02        2.00e+00
       35214605        70.57788       749.36486            5.98        09:02:18        4.20e-02        2.00e+00
       35215601        70.57695       750.36578            5.98        09:02:03        4.20e-02        2.00e+00
       35216667        70.57656       751.36640            5.98        09:01:50        4.20e-02        2.00e+00
       35217655        70.57715       752.36721            5.98        09:01:34        4.20e-02        2.00e+00
       35218725        70.57879       753.36737            5.98        09:01:21        4.20e-02        2.00e+00
       35219933        70.58041       754.36810            5.97        09:01:14        4.20e-02        2.00e+00
DEBUG @ t=35220000: current_coupling=0.042, last=0.042
       35220932        70.58075       755.36837            5.97        09:00:58        4.20e-02        2.00e+00
       35222102        70.58185       756.36865            5.97        09:00:49        4.20e-02        2.00e+00
       35223198        70.58155       757.36893            5.97        09:00:38        4.20e-02        2.00e+00
       35224213        70.58147       758.36961            5.97        09:00:23        4.20e-02        2.00e+00
       35225223        70.58122       759.37045            5.97        09:00:09        4.20e-02        2.00e+00
       35226253        70.58084       760.37049            5.97        08:59:55        4.20e-02        2.00e+00
       35227303        70.58035       761.37067            5.97        08:59:42        4.20e-02        2.00e+00
       35228390        70.58177       762.37123            5.97        08:59:29        4.20e-02        2.00e+00
       35229415        70.58147       763.37146            5.97        08:59:15        4.20e-02        2.00e+00
DEBUG @ t=35230000: current_coupling=0.042, last=0.042
       35230509        70.58244       764.37205            5.97        08:59:03        4.20e-02        2.00e+00
       35231556        70.58323       765.37206            5.97        08:58:49        4.20e-02        2.00e+00
       35232681        70.58339       766.37240            5.97        08:58:39        4.20e-02        2.00e+00
       35233969        70.58453       767.37288            5.97        08:58:35        4.20e-02        2.00e+00
       35235144        70.58459       768.37331            5.97        08:58:27        4.20e-02        2.00e+00
       35236231        70.58372       769.37399            5.97        08:58:15        4.20e-02        2.00e+00
       35237305        70.58316       770.37423            5.97        08:58:03        4.20e-02        2.00e+00
       35238444        70.58287       771.37449            5.97        08:57:54        4.20e-02        2.00e+00
       35239577        70.58273       772.37535            5.97        08:57:44        4.20e-02        2.00e+00
DEBUG @ t=35240000: current_coupling=0.042, last=0.042
       35240743        70.58355       773.37577            5.96        08:57:35        4.20e-02        2.00e+00
       35241966        70.58376       774.37601            5.96        08:57:28        4.20e-02        2.00e+00
       35242975        70.58550       775.37672            5.96        08:57:13        4.20e-02        2.00e+00
       35244166        70.58976       776.37675            5.96        08:57:03        4.20e-02        2.00e+00
       35245130        70.59095       777.37684            5.96        08:56:45        4.20e-02        2.00e+00
       35246166        70.59110       778.37690            5.96        08:56:31        4.20e-02        2.00e+00
       35247255        70.59157       779.37765            5.96        08:56:19        4.20e-02        2.00e+00
       35248285        70.59093       780.37809            5.96        08:56:05        4.20e-02        2.00e+00
       35249330        70.59004       781.37834            5.96        08:55:52        4.20e-02        2.00e+00
DEBUG @ t=35250000: current_coupling=0.042, last=0.042
       35250361        70.58941       782.37898            5.96        08:55:38        4.20e-02        2.00e+00
       35251475        70.58928       783.37982            5.96        08:55:27        4.20e-02        2.00e+00
       35252629        70.58965       784.38002            5.96        08:55:18        4.20e-02        2.00e+00
       35253671        70.58968       785.38032            5.96        08:55:04        4.20e-02        2.00e+00
       35254652        70.58985       786.38045            5.96        08:54:48        4.20e-02        2.00e+00
       35255718        70.59025       787.38102            5.96        08:54:35        4.20e-02        2.00e+00
       35256727        70.58959       788.38195            5.96        08:54:20        4.20e-02        2.00e+00
       35257713        70.58926       789.38245            5.96        08:54:04        4.20e-02        2.00e+00
       35258692        70.58917       790.38292            5.96        08:53:48        4.20e-02        2.00e+00
       35259692        70.58877       791.38330            5.96        08:53:33        4.20e-02        2.00e+00
DEBUG @ t=35260000: current_coupling=0.042, last=0.042
       35260767        70.58809       792.38407            5.96        08:53:21        4.20e-02        2.00e+00
       35261844        70.58782       793.38418            5.96        08:53:08        4.20e-02        2.00e+00
       35262806        70.58731       794.38482            5.96        08:52:52        4.20e-02        2.00e+00
       35263829        70.58684       795.38537            5.96        08:52:37        4.20e-02        2.00e+00
       35264804        70.58615       796.38563            5.96        08:52:21        4.20e-02        2.00e+00
       35265814        70.58742       797.38660            5.96        08:52:06        4.20e-02        2.00e+00
       35266936        70.59128       798.38726            5.96        08:51:53        4.20e-02        2.00e+00
       35267893        70.59322       799.38746            5.96        08:51:35        4.20e-02        2.00e+00
Added F(k,t) reference 4 at t = 800.004 ps
       35268946        70.59329       800.38784            5.96        08:51:22        4.20e-02        2.00e+00
DEBUG @ t=35270000: current_coupling=0.042, last=0.042
       35270023        70.59332       801.38799            5.96        08:51:09        4.20e-02        2.00e+00
       35271113        70.59323       802.38835            5.96        08:50:58        4.20e-02        2.00e+00
       35272212        70.59306       803.38922            5.96        08:50:46        4.20e-02        2.00e+00
       35273309        70.59341       804.38969            5.96        08:50:34        4.20e-02        2.00e+00
       35274355        70.59276       805.38997            5.96        08:50:21        4.20e-02        2.00e+00
       35275416        70.59170       806.39080            5.96        08:50:08        4.20e-02        2.00e+00
       35276483        70.59072       807.39090            5.96        08:49:56        4.20e-02        2.00e+00
       35277534        70.59002       808.39106            5.96        08:49:43        4.20e-02        2.00e+00
       35278591        70.58943       809.39149            5.96        08:49:30        4.20e-02        2.00e+00
       35279588        70.58900       810.39175            5.96        08:49:14        4.20e-02        2.00e+00
DEBUG @ t=35280000: current_coupling=0.042, last=0.042
       35280661        70.59221       811.39255            5.96        08:49:00        4.20e-02        2.00e+00
       35281746        70.59341       812.39271            5.96        08:48:47        4.20e-02        2.00e+00
       35282833        70.59302       813.39352            5.96        08:48:36        4.20e-02        2.00e+00
       35283843        70.59333       814.39420            5.96        08:48:20        4.20e-02        2.00e+00
       35284890        70.59344       815.39485            5.96        08:48:07        4.20e-02        2.00e+00
       35285897        70.59293       816.39534            5.96        08:47:52        4.20e-02        2.00e+00
       35286984        70.59227       817.39583            5.96        08:47:40        4.20e-02        2.00e+00
       35288001        70.59241       818.39655            5.96        08:47:25        4.20e-02        2.00e+00
       35289017        70.59253       819.39703            5.96        08:47:10        4.20e-02        2.00e+00
       35289980        70.59337       820.39742            5.96        08:46:53        4.20e-02        2.00e+00
DEBUG @ t=35290000: current_coupling=0.042, last=0.042
       35290941        70.59315       821.39747            5.96        08:46:36        4.20e-02        2.00e+00
       35292044        70.59381       822.39754            5.96        08:46:24        4.20e-02        2.00e+00
       35293069        70.59386       823.39818            5.96        08:46:10        4.20e-02        2.00e+00
       35294091        70.59292       824.39866            5.96        08:45:56        4.20e-02        2.00e+00
       35295184        70.59234       825.39870            5.96        08:45:44        4.20e-02        2.00e+00
       35296136        70.59170       826.39875            5.96        08:45:27        4.20e-02        2.00e+00
       35297277        70.59073       827.39889            5.96        08:45:17        4.20e-02        2.00e+00
       35298257        70.58966       828.39979            5.96        08:45:02        4.20e-02        2.00e+00
       35299205        70.58911       829.40048            5.96        08:44:44        4.20e-02        2.00e+00
DEBUG @ t=35300000: current_coupling=0.042, last=0.042
[HDF5 Writer DEBUG] timestep=35300000, current_time_ps=830.116, last_output_time=830.1059714534837, write_count=79130
       35300255        70.58878       830.40057            5.96        08:44:31        4.20e-02        2.00e+00
       35301188        70.58782       831.40113            5.96        08:44:14        4.20e-02        2.00e+00
       35302188        70.58735       832.40160            5.96        08:43:58        4.20e-02        2.00e+00
       35303187        70.58715       833.40190            5.96        08:43:43        4.20e-02        2.00e+00
       35304264        70.58671       834.40279            5.96        08:43:31        4.20e-02        2.00e+00
       35305230        70.58621       835.40291            5.96        08:43:14        4.20e-02        2.00e+00
       35306203        70.58619       836.40356            5.96        08:42:58        4.20e-02        2.00e+00
       35307363        70.58725       837.40390            5.96        08:42:48        4.20e-02        2.00e+00
       35308414        70.58730       838.40421            5.96        08:42:34        4.20e-02        2.00e+00
       35309379        70.58653       839.40443            5.96        08:42:18        4.20e-02        2.00e+00
DEBUG @ t=35310000: current_coupling=0.042, last=0.042
       35310419        70.58704       840.40459            5.96        08:42:04        4.20e-02        2.00e+00
       35311528        70.58812       841.40477            5.96        08:41:52        4.20e-02        2.00e+00
       35312664        70.58889       842.40484            5.96        08:41:41        4.20e-02        2.00e+00
       35313785        70.58917       843.40501            5.95        08:41:30        4.20e-02        2.00e+00
       35314854        70.58872       844.40557            5.95        08:41:17        4.20e-02        2.00e+00
       35315889        70.58914       845.40576            5.95        08:41:03        4.20e-02        2.00e+00
       35316974        70.58915       846.40591            5.95        08:40:51        4.20e-02        2.00e+00
       35318273        70.59250       847.40624            5.95        08:40:44        4.20e-02        2.00e+00
       35319400        70.59544       848.40711            5.95        08:40:32        4.20e-02        2.00e+00
DEBUG @ t=35320000: current_coupling=0.042, last=0.042
       35320539        70.59566       849.40731            5.95        08:40:22        4.20e-02        2.00e+00
       35321804        70.59697       850.40766            5.95        08:40:15        4.20e-02        2.00e+00
       35322882        70.59764       851.40843            5.95        08:40:02        4.20e-02        2.00e+00
       35324042        70.59851       852.40891            5.95        08:39:52        4.20e-02        2.00e+00
       35325116        70.60146       853.40981            5.95        08:39:38        4.20e-02        2.00e+00
       35326189        70.60225       854.40991            5.95        08:39:25        4.20e-02        2.00e+00
       35327308        70.60307       855.41030            5.95        08:39:13        4.20e-02        2.00e+00
       35328452        70.60470       856.41105            5.95        08:39:02        4.20e-02        2.00e+00
       35329509        70.60459       857.41131            5.95        08:38:49        4.20e-02        2.00e+00
DEBUG @ t=35330000: current_coupling=0.042, last=0.042
       35330644        70.60571       858.41135            5.95        08:38:38        4.20e-02        2.00e+00
       35331854        70.60675       859.41161            5.95        08:38:29        4.20e-02        2.00e+00
       35332881        70.60613       860.41247            5.94        08:38:15        4.20e-02        2.00e+00
       35333989        70.60605       861.41311            5.94        08:38:03        4.20e-02        2.00e+00
       35335076        70.60557       862.41330            5.94        08:37:51        4.20e-02        2.00e+00
       35336187        70.60589       863.41340            5.94        08:37:39        4.20e-02        2.00e+00
       35337252        70.60798       864.41421            5.94        08:37:25        4.20e-02        2.00e+00
       35338390        70.61044       865.41463            5.94        08:37:13        4.20e-02        2.00e+00
       35339423        70.61006       866.41562            5.94        08:36:59        4.20e-02        2.00e+00
DEBUG @ t=35340000: current_coupling=0.042, last=0.042
       35340423        70.61029       867.41609            5.94        08:36:44        4.20e-02        2.00e+00
       35341541        70.61071       868.41647            5.94        08:36:32        4.20e-02        2.00e+00
       35342685        70.61199       869.41707            5.94        08:36:21        4.20e-02        2.00e+00
       35343699        70.61130       870.41782            5.94        08:36:06        4.20e-02        2.00e+00
       35344702        70.61074       871.41853            5.94        08:35:51        4.20e-02        2.00e+00
       35345804        70.61016       872.41862            5.94        08:35:39        4.20e-02        2.00e+00
       35346923        70.60952       873.41891            5.94        08:35:28        4.20e-02        2.00e+00
       35347925        70.60963       874.41935            5.94        08:35:13        4.20e-02        2.00e+00
       35348879        70.61071       875.41935            5.94        08:34:55        4.20e-02        2.00e+00
       35349970        70.61235       876.42002            5.94        08:34:42        4.20e-02        2.00e+00
DEBUG @ t=35350000: current_coupling=0.042, last=0.042
       35350950        70.61255       877.42090            5.94        08:34:26        4.20e-02        2.00e+00
       35351987        70.61307       878.42174            5.94        08:34:11        4.20e-02        2.00e+00
       35352997        70.61209       879.42185            5.94        08:33:57        4.20e-02        2.00e+00
       35354114        70.61153       880.42204            5.94        08:33:46        4.20e-02        2.00e+00
       35355198        70.61094       881.42274            5.94        08:33:33        4.20e-02        2.00e+00
       35356205        70.61177       882.42303            5.94        08:33:18        4.20e-02        2.00e+00
       35357249        70.61323       883.42312            5.94        08:33:03        4.20e-02        2.00e+00
       35358318        70.61324       884.42387            5.94        08:32:50        4.20e-02        2.00e+00
       35359423        70.61281       885.42433            5.94        08:32:38        4.20e-02        2.00e+00
DEBUG @ t=35360000: current_coupling=0.042, last=0.042
       35360498        70.61270       886.42504            5.94        08:32:25        4.20e-02        2.00e+00
       35361491        70.61283       887.42605            5.94        08:32:09        4.20e-02        2.00e+00
       35362558        70.61287       888.42617            5.94        08:31:56        4.20e-02        2.00e+00
       35363642        70.61399       889.42669            5.94        08:31:43        4.20e-02        2.00e+00
       35364667        70.61415       890.42728            5.94        08:31:28        4.20e-02        2.00e+00
       35365686        70.61360       891.42818            5.94        08:31:14        4.20e-02        2.00e+00
       35366677        70.61303       892.42898            5.94        08:30:58        4.20e-02        2.00e+00
       35367704        70.61298       893.42990            5.94        08:30:43        4.20e-02        2.00e+00
       35368642        70.61320       894.43060            5.94        08:30:26        4.20e-02        2.00e+00
       35369629        70.61266       895.43082            5.94        08:30:10        4.20e-02        2.00e+00
DEBUG @ t=35370000: current_coupling=0.042, last=0.042
       35370640        70.61227       896.43165            5.94        08:29:55        4.20e-02        2.00e+00
       35371570        70.61272       897.43228            5.94        08:29:37        4.20e-02        2.00e+00
       35372502        70.61269       898.43246            5.94        08:29:20        4.20e-02        2.00e+00
       35373452        70.61177       899.43301            5.94        08:29:03        4.20e-02        2.00e+00
       35374427        70.61083       900.43397            5.94        08:28:47        4.20e-02        2.00e+00
       35375440        70.61034       901.43455            5.94        08:28:32        4.20e-02        2.00e+00
       35376440        70.61080       902.43468            5.94        08:28:17        4.20e-02        2.00e+00
       35377405        70.61077       903.43517            5.94        08:28:00        4.20e-02        2.00e+00
       35378395        70.61054       904.43536            5.94        08:27:44        4.20e-02        2.00e+00
       35379382        70.61004       905.43631            5.94        08:27:29        4.20e-02        2.00e+00
DEBUG @ t=35380000: current_coupling=0.042, last=0.042
       35380373        70.60985       906.43670            5.94        08:27:13        4.20e-02        2.00e+00
       35381398        70.60986       907.43697            5.94        08:26:58        4.20e-02        2.00e+00
       35382366        70.61098       908.43730            5.94        08:26:41        4.20e-02        2.00e+00
       35383282        70.61054       909.43740            5.94        08:26:24        4.20e-02        2.00e+00
       35384226        70.61009       910.43829            5.95        08:26:06        4.20e-02        2.00e+00
       35385222        70.60953       911.43830            5.95        08:25:51        4.20e-02        2.00e+00
       35386197        70.60891       912.43854            5.95        08:25:35        4.20e-02        2.00e+00
       35387233        70.60857       913.43946            5.95        08:25:21        4.20e-02        2.00e+00
       35388210        70.60848       914.43975            5.95        08:25:05        4.20e-02        2.00e+00
       35389206        70.60835       915.43987            5.95        08:24:50        4.20e-02        2.00e+00
DEBUG @ t=35390000: current_coupling=0.042, last=0.042
       35390233        70.60808       916.44051            5.95        08:24:35        4.20e-02        2.00e+00
       35391262        70.60792       917.44139            5.95        08:24:21        4.20e-02        2.00e+00
       35392265        70.60729       918.44231            5.95        08:24:06        4.20e-02        2.00e+00
       35393242        70.60711       919.44234            5.95        08:23:50        4.20e-02        2.00e+00
       35394264        70.60705       920.44240            5.95        08:23:35        4.20e-02        2.00e+00
       35395289        70.60659       921.44327            5.95        08:23:21        4.20e-02        2.00e+00
       35396273        70.60560       922.44422            5.95        08:23:05        4.20e-02        2.00e+00
       35397278        70.60471       923.44436            5.95        08:22:50        4.20e-02        2.00e+00
       35398250        70.60384       924.44470            5.95        08:22:34        4.20e-02        2.00e+00
       35399213        70.60360       925.44514            5.95        08:22:18        4.20e-02        2.00e+00
DEBUG @ t=35400000: current_coupling=0.042, last=0.042
[HDF5 Writer DEBUG] timestep=35400000, current_time_ps=926.256, last_output_time=926.2542549501072, write_count=88289
       35400189        70.60310       926.44602            5.95        08:22:02        4.20e-02        2.00e+00
       35401204        70.60261       927.44636            5.95        08:21:47        4.20e-02        2.00e+00
       35402241        70.60287       928.44650            5.95        08:21:33        4.20e-02        2.00e+00
       35403210        70.60236       929.44686            5.95        08:21:17        4.20e-02        2.00e+00
       35404141        70.60216       930.44752            5.95        08:21:00        4.20e-02        2.00e+00
       35405095        70.60228       931.44824            5.95        08:20:43        4.20e-02        2.00e+00
       35405992        70.60281       932.44827            5.95        08:20:24        4.20e-02        2.00e+00
       35406945        70.60289       933.44864            5.95        08:20:07        4.20e-02        2.00e+00
       35407915        70.60317       934.44941            5.95        08:19:51        4.20e-02        2.00e+00
       35408827        70.60246       935.44965            5.95        08:19:33        4.20e-02        2.00e+00
       35409797        70.60225       936.45014            5.95        08:19:17        4.20e-02        2.00e+00
DEBUG @ t=35410000: current_coupling=0.042, last=0.042
       35410744        70.60165       937.45037            5.95        08:19:00        4.20e-02        2.00e+00
       35411675        70.60259       938.45082            5.95        08:18:42        4.20e-02        2.00e+00
       35412571        70.60227       939.45180            5.95        08:18:24        4.20e-02        2.00e+00
       35413534        70.60192       940.45218            5.95        08:18:07        4.20e-02        2.00e+00
       35414489        70.60125       941.45317            5.95        08:17:51        4.20e-02        2.00e+00
       35415420        70.60101       942.45356            5.95        08:17:34        4.20e-02        2.00e+00
       35416356        70.60080       943.45371            5.96        08:17:17        4.20e-02        2.00e+00
       35417322        70.60043       944.45410            5.96        08:17:00        4.20e-02        2.00e+00
       35418378        70.60112       945.45495            5.96        08:16:47        4.20e-02        2.00e+00
       35419498        70.60110       946.45500            5.95        08:16:35        4.20e-02        2.00e+00
DEBUG @ t=35420000: current_coupling=0.042, last=0.042
       35420624        70.60116       947.45534            5.95        08:16:24        4.20e-02        2.00e+00
       35421808        70.60140       948.45573            5.95        08:16:14        4.20e-02        2.00e+00
       35423031        70.60200       949.45612            5.95        08:16:05        4.20e-02        2.00e+00
       35424051        70.60167       950.45651            5.95        08:15:51        4.20e-02        2.00e+00
       35425051        70.60078       951.45741            5.95        08:15:36        4.20e-02        2.00e+00
       35426084        70.59993       952.45782            5.95        08:15:22        4.20e-02        2.00e+00
       35427235        70.59925       953.45812            5.95        08:15:11        4.20e-02        2.00e+00
       35428283        70.59934       954.45896            5.95        08:14:57        4.20e-02        2.00e+00
       35429260        70.59926       955.45995            5.95        08:14:41        4.20e-02        2.00e+00
DEBUG @ t=35430000: current_coupling=0.042, last=0.042
       35430272        70.59941       956.46052            5.95        08:14:26        4.20e-02        2.00e+00
       35431307        70.59914       957.46132            5.95        08:14:12        4.20e-02        2.00e+00
       35432298        70.60099       958.46228            5.95        08:13:56        4.20e-02        2.00e+00
       35433333        70.60269       959.46292            5.95        08:13:41        4.20e-02        2.00e+00
       35434413        70.60268       960.46374            5.95        08:13:28        4.20e-02        2.00e+00
       35435497        70.60224       961.46424            5.95        08:13:15        4.20e-02        2.00e+00
       35436522        70.60217       962.46480            5.95        08:13:01        4.20e-02        2.00e+00
       35437550        70.60214       963.46545            5.95        08:12:47        4.20e-02        2.00e+00
       35438538        70.60180       964.46606            5.95        08:12:31        4.20e-02        2.00e+00
       35439560        70.60350       965.46691            5.95        08:12:16        4.20e-02        2.00e+00
DEBUG @ t=35440000: current_coupling=0.042, last=0.042
       35440551        70.60394       966.46696            5.95        08:12:00        4.20e-02        2.00e+00
       35441627        70.60378       967.46705            5.95        08:11:47        4.20e-02        2.00e+00
       35442615        70.60339       968.46792            5.95        08:11:32        4.20e-02        2.00e+00
       35443618        70.60303       969.46873            5.95        08:11:16        4.20e-02        2.00e+00
       35444690        70.60257       970.46889            5.95        08:11:04        4.20e-02        2.00e+00
       35445714        70.60248       971.46931            5.95        08:10:49        4.20e-02        2.00e+00
       35446676        70.60224       972.47016            5.95        08:10:33        4.20e-02        2.00e+00
       35447664        70.60236       973.47095            5.95        08:10:17        4.20e-02        2.00e+00
       35448657        70.60176       974.47169            5.95        08:10:02        4.20e-02        2.00e+00
       35449629        70.60112       975.47220            5.95        08:09:46        4.20e-02        2.00e+00
DEBUG @ t=35450000: current_coupling=0.042, last=0.042
       35450662        70.60079       976.47246            5.95        08:09:32        4.20e-02        2.00e+00
       35451803        70.60066       977.47323            5.95        08:09:21        4.20e-02        2.00e+00
       35452875        70.60082       978.47333            5.95        08:09:07        4.20e-02        2.00e+00
       35453956        70.60055       979.47351            5.95        08:08:55        4.20e-02        2.00e+00
       35455028        70.60034       980.47359            5.95        08:08:42        4.20e-02        2.00e+00
       35456047        70.60136       981.47405            5.95        08:08:26        4.20e-02        2.00e+00
       35457006        70.60004       982.47437            5.95        08:08:11        4.20e-02        2.00e+00
       35458051        70.60083       983.47468            5.95        08:07:56        4.20e-02        2.00e+00
       35459065        70.60160       984.47521            5.95        08:07:41        4.20e-02        2.00e+00
DEBUG @ t=35460000: current_coupling=0.042, last=0.042
       35460111        70.60224       985.47610            5.95        08:07:27        4.20e-02        2.00e+00
       35461072        70.60360       986.47647            5.95        08:07:10        4.20e-02        2.00e+00
       35462054        70.60307       987.47679            5.95        08:06:54        4.20e-02        2.00e+00
       35463074        70.60267       988.47750            5.95        08:06:40        4.20e-02        2.00e+00
       35464012        70.60214       989.47843            5.95        08:06:23        4.20e-02        2.00e+00
       35464989        70.60216       990.47855            5.95        08:06:07        4.20e-02        2.00e+00
       35465963        70.60204       991.47881            5.95        08:05:51        4.20e-02        2.00e+00
       35467015        70.60215       992.47936            5.95        08:05:37        4.20e-02        2.00e+00
       35467988        70.60170       993.47987            5.95        08:05:22        4.20e-02        2.00e+00
       35468982        70.60117       994.48084            5.95        08:05:06        4.20e-02        2.00e+00
       35469949        70.60039       995.48121            5.95        08:04:51        4.20e-02        2.00e+00
DEBUG @ t=35470000: current_coupling=0.042, last=0.042
       35470972        70.59973       996.48133            5.95        08:04:36        4.20e-02        2.00e+00
       35471963        70.59921       997.48191            5.95        08:04:21        4.20e-02        2.00e+00
       35472926        70.59870       998.48273            5.95        08:04:05        4.20e-02        2.00e+00
       35473934        70.59837       999.48320            5.95        08:03:50        4.20e-02        2.00e+00
Added F(k,t) reference 5 at t = 1000.004 ps
       35474969        70.59805      1000.48375            5.95        08:03:36        4.20e-02        2.00e+00
       35476030        70.59774      1001.48460            5.95        08:03:22        4.20e-02        2.00e+00
       35477166        70.59873      1002.48537            5.95        08:03:11        4.20e-02        2.00e+00
       35478221        70.59841      1003.48596            5.95        08:02:57        4.20e-02        2.00e+00
       35479185        70.59798      1004.48635            5.95        08:02:41        4.20e-02        2.00e+00
DEBUG @ t=35480000: current_coupling=0.042, last=0.042
       35480193        70.59747      1005.48638            5.95        08:02:26        4.20e-02        2.00e+00
       35481175        70.59658      1006.48722            5.95        08:02:11        4.20e-02        2.00e+00
       35482207        70.59601      1007.48773            5.95        08:01:57        4.20e-02        2.00e+00
       35483260        70.59574      1008.48861            5.95        08:01:43        4.20e-02        2.00e+00
       35484322        70.59632      1009.48868            5.95        08:01:29        4.20e-02        2.00e+00
       35485367        70.59651      1010.48900            5.95        08:01:15        4.20e-02        2.00e+00
       35486347        70.59651      1011.48995            5.95        08:01:00        4.20e-02        2.00e+00
       35487368        70.59655      1012.48997            5.95        08:00:45        4.20e-02        2.00e+00
       35488423        70.59652      1013.49006            5.95        08:00:31        4.20e-02        2.00e+00
       35489477        70.59611      1014.49095            5.95        08:00:18        4.20e-02        2.00e+00
DEBUG @ t=35490000: current_coupling=0.042, last=0.042
       35490499        70.59603      1015.49175            5.95        08:00:03        4.20e-02        2.00e+00
       35491520        70.59597      1016.49183            5.95        07:59:49        4.20e-02        2.00e+00
       35492573        70.59592      1017.49226            5.95        07:59:35        4.20e-02        2.00e+00
       35493569        70.59743      1018.49265            5.95        07:59:19        4.20e-02        2.00e+00
       35494508        70.59764      1019.49276            5.95        07:59:02        4.20e-02        2.00e+00
       35495541        70.59874      1020.49322            5.95        07:58:47        4.20e-02        2.00e+00
       35496615        70.59879      1021.49356            5.95        07:58:34        4.20e-02        2.00e+00
       35497610        70.59819      1022.49456            5.95        07:58:19        4.20e-02        2.00e+00
       35498539        70.59804      1023.49461            5.95        07:58:02        4.20e-02        2.00e+00
       35499584        70.59752      1024.49464            5.95        07:57:48        4.20e-02        2.00e+00
DEBUG @ t=35500000: current_coupling=0.042, last=0.042
[HDF5 Writer DEBUG] timestep=35500000, current_time_ps=1024.892, last_output_time=1024.8883866016095, write_count=97718
       35500530        70.59746      1025.49549            5.95        07:57:31        4.20e-02        2.00e+00
       35501539        70.59786      1026.49572            5.95        07:57:16        4.20e-02        2.00e+00
       35502694        70.59777      1027.49652            5.95        07:57:05        4.20e-02        2.00e+00
       35503824        70.59818      1028.49727            5.95        07:56:54        4.20e-02        2.00e+00
       35504821        70.59881      1029.49766            5.95        07:56:38        4.20e-02        2.00e+00
       35505845        70.59885      1030.49783            5.95        07:56:23        4.20e-02        2.00e+00
       35506908        70.59862      1031.49817            5.95        07:56:10        4.20e-02        2.00e+00
       35507967        70.59808      1032.49822            5.95        07:55:57        4.20e-02        2.00e+00
       35509044        70.59735      1033.49895            5.95        07:55:44        4.20e-02        2.00e+00
DEBUG @ t=35510000: current_coupling=0.042, last=0.042
       35510073        70.59667      1034.49965            5.95        07:55:30        4.20e-02        2.00e+00
       35511132        70.59628      1035.50045            5.95        07:55:16        4.20e-02        2.00e+00
       35512170        70.59623      1036.50094            5.95        07:55:02        4.20e-02        2.00e+00
       35513178        70.59604      1037.50194            5.95        07:54:47        4.20e-02        2.00e+00
       35514155        70.59532      1038.50212            5.95        07:54:32        4.20e-02        2.00e+00
       35515145        70.59513      1039.50313            5.95        07:54:16        4.20e-02        2.00e+00
       35516122        70.59552      1040.50403            5.95        07:54:00        4.20e-02        2.00e+00
       35517109        70.59534      1041.50467            5.95        07:53:45        4.20e-02        2.00e+00
       35518082        70.59505      1042.50489            5.95        07:53:29        4.20e-02        2.00e+00
       35519110        70.59491      1043.50522            5.95        07:53:15        4.20e-02        2.00e+00
DEBUG @ t=35520000: current_coupling=0.042, last=0.042
       35520123        70.59492      1044.50601            5.95        07:53:00        4.20e-02        2.00e+00
       35521132        70.59470      1045.50661            5.95        07:52:45        4.20e-02        2.00e+00
       35522077        70.59414      1046.50723            5.95        07:52:28        4.20e-02        2.00e+00
       35523134        70.59380      1047.50780            5.95        07:52:15        4.20e-02        2.00e+00
       35524161        70.59357      1048.50880            5.95        07:52:00        4.20e-02        2.00e+00
       35525156        70.59340      1049.50904            5.95        07:51:45        4.20e-02        2.00e+00
       35526197        70.59349      1050.50908            5.95        07:51:31        4.20e-02        2.00e+00
       35527309        70.59402      1051.50939            5.95        07:51:19        4.20e-02        2.00e+00
       35528316        70.59385      1052.50978            5.95        07:51:04        4.20e-02        2.00e+00
       35529241        70.59339      1053.50994            5.95        07:50:47        4.20e-02        2.00e+00
DEBUG @ t=35530000: current_coupling=0.042, last=0.042
       35530217        70.59321      1054.51059            5.95        07:50:31        4.20e-02        2.00e+00
       35531267        70.59336      1055.51070            5.95        07:50:17        4.20e-02        2.00e+00
       35532369        70.59302      1056.51084            5.95        07:50:05        4.20e-02        2.00e+00
       35533420        70.59255      1057.51125            5.95        07:49:51        4.20e-02        2.00e+00
       35534379        70.59272      1058.51220            5.95        07:49:35        4.20e-02        2.00e+00
       35535368        70.59356      1059.51224            5.95        07:49:19        4.20e-02        2.00e+00
       35536405        70.59483      1060.51258            5.95        07:49:04        4.20e-02        2.00e+00
       35537473        70.59660      1061.51292            5.95        07:48:50        4.20e-02        2.00e+00
       35538518        70.59744      1062.51325            5.95        07:48:36        4.20e-02        2.00e+00
       35539607        70.59813      1063.51406            5.95        07:48:23        4.20e-02        2.00e+00
DEBUG @ t=35540000: current_coupling=0.042, last=0.042
       35540722        70.59818      1064.51439            5.95        07:48:11        4.20e-02        2.00e+00
       35541902        70.59769      1065.51500            5.95        07:48:00        4.20e-02        2.00e+00
       35542960        70.59782      1066.51577            5.95        07:47:46        4.20e-02        2.00e+00
       35544065        70.59840      1067.51632            5.95        07:47:34        4.20e-02        2.00e+00
       35545143        70.59862      1068.51657            5.95        07:47:21        4.20e-02        2.00e+00
       35546181        70.59815      1069.51742            5.95        07:47:06        4.20e-02        2.00e+00
       35547236        70.59773      1070.51769            5.95        07:46:53        4.20e-02        2.00e+00
       35548299        70.59746      1071.51853            5.95        07:46:39        4.20e-02        2.00e+00
       35549399        70.59704      1072.51885            5.95        07:46:27        4.20e-02        2.00e+00
DEBUG @ t=35550000: current_coupling=0.042, last=0.042
       35550495        70.59668      1073.51955            5.95        07:46:14        4.20e-02        2.00e+00
       35551507        70.59670      1074.51984            5.95        07:45:59        4.20e-02        2.00e+00
       35552578        70.59676      1075.52030            5.95        07:45:46        4.20e-02        2.00e+00
       35553648        70.59630      1076.52095            5.95        07:45:33        4.20e-02        2.00e+00
       35554704        70.59597      1077.52130            5.95        07:45:19        4.20e-02        2.00e+00
       35555786        70.59579      1078.52183            5.95        07:45:06        4.20e-02        2.00e+00
       35556843        70.59564      1079.52203            5.95        07:44:53        4.20e-02        2.00e+00
       35557825        70.59538      1080.52254            5.95        07:44:37        4.20e-02        2.00e+00
       35558823        70.59477      1081.52322            5.95        07:44:22        4.20e-02        2.00e+00
       35559801        70.59494      1082.52336            5.95        07:44:06        4.20e-02        2.00e+00
DEBUG @ t=35560000: current_coupling=0.042, last=0.042
       35560781        70.59516      1083.52403            5.95        07:43:50        4.20e-02        2.00e+00
       35561858        70.59490      1084.52426            5.95        07:43:37        4.20e-02        2.00e+00
       35562861        70.59530      1085.52509            5.95        07:43:22        4.20e-02        2.00e+00
       35564020        70.59500      1086.52569            5.95        07:43:11        4.20e-02        2.00e+00
       35564945        70.59478      1087.52648            5.95        07:42:54        4.20e-02        2.00e+00
       35565945        70.59450      1088.52654            5.95        07:42:39        4.20e-02        2.00e+00
       35566839        70.59370      1089.52729            5.95        07:42:21        4.20e-02        2.00e+00
       35567875        70.59356      1090.52744            5.95        07:42:07        4.20e-02        2.00e+00
       35568981        70.59374      1091.52771            5.95        07:41:55        4.20e-02        2.00e+00
       35569902        70.59321      1092.52773            5.95        07:41:38        4.20e-02        2.00e+00
DEBUG @ t=35570000: current_coupling=0.042, last=0.042
       35570980        70.59354      1093.52861            5.95        07:41:24        4.20e-02        2.00e+00
       35572018        70.59325      1094.52866            5.95        07:41:10        4.20e-02        2.00e+00
       35573036        70.59328      1095.52941            5.95        07:40:56        4.20e-02        2.00e+00
       35574175        70.59309      1096.52959            5.95        07:40:44        4.20e-02        2.00e+00
       35575183        70.59290      1097.52960            5.95        07:40:29        4.20e-02        2.00e+00
       35576194        70.59255      1098.53026            5.95        07:40:14        4.20e-02        2.00e+00
       35577142        70.59202      1099.53128            5.95        07:39:58        4.20e-02        2.00e+00
       35578125        70.59165      1100.53200            5.95        07:39:43        4.20e-02        2.00e+00
       35579342        70.59229      1101.53211            5.95        07:39:32        4.20e-02        2.00e+00
DEBUG @ t=35580000: current_coupling=0.042, last=0.042
       35580458        70.59203      1102.53281            5.95        07:39:20        4.20e-02        2.00e+00
       35581465        70.59165      1103.53313            5.95        07:39:05        4.20e-02        2.00e+00
       35582493        70.59121      1104.53370            5.95        07:38:51        4.20e-02        2.00e+00
       35583590        70.59112      1105.53452            5.95        07:38:38        4.20e-02        2.00e+00
       35584586        70.59193      1106.53453            5.95        07:38:23        4.20e-02        2.00e+00
       35585574        70.59196      1107.53515            5.95        07:38:07        4.20e-02        2.00e+00
       35586503        70.59162      1108.53611            5.95        07:37:51        4.20e-02        2.00e+00
       35587449        70.59119      1109.53615            5.95        07:37:34        4.20e-02        2.00e+00
       35588461        70.59072      1110.53655            5.95        07:37:20        4.20e-02        2.00e+00
       35589475        70.59018      1111.53748            5.95        07:37:05        4.20e-02        2.00e+00
DEBUG @ t=35590000: current_coupling=0.042, last=0.042
       35590488        70.59095      1112.53829            5.95        07:36:50        4.20e-02        2.00e+00
       35591489        70.59094      1113.53880            5.95        07:36:35        4.20e-02        2.00e+00
       35592495        70.59117      1114.53948            5.95        07:36:20        4.20e-02        2.00e+00
       35593496        70.59144      1115.54012            5.95        07:36:04        4.20e-02        2.00e+00
       35594440        70.59098      1116.54078            5.95        07:35:48        4.20e-02        2.00e+00
       35595426        70.59068      1117.54147            5.95        07:35:33        4.20e-02        2.00e+00
       35596447        70.59040      1118.54220            5.95        07:35:18        4.20e-02        2.00e+00
       35597491        70.59061      1119.54271            5.95        07:35:04        4.20e-02        2.00e+00
       35598519        70.59028      1120.54337            5.95        07:34:50        4.20e-02        2.00e+00
       35599513        70.58967      1121.54373            5.95        07:34:35        4.20e-02        2.00e+00
DEBUG @ t=35600000: current_coupling=0.042, last=0.042
[HDF5 Writer DEBUG] timestep=35600000, current_time_ps=1122.035, last_output_time=1122.030134243577, write_count=107038
       35600501        70.58949      1122.54426            5.95        07:34:19        4.20e-02        2.00e+00
       35601478        70.58976      1123.54476            5.95        07:34:04        4.20e-02        2.00e+00
       35602434        70.59010      1124.54502            5.95        07:33:47        4.20e-02        2.00e+00
       35603393        70.58969      1125.54591            5.95        07:33:31        4.20e-02        2.00e+00
       35604362        70.58926      1126.54624            5.95        07:33:16        4.20e-02        2.00e+00
       35605369        70.58906      1127.54670            5.95        07:33:01        4.20e-02        2.00e+00
       35606344        70.58911      1128.54746            5.95        07:32:45        4.20e-02        2.00e+00
       35607290        70.58917      1129.54760            5.95        07:32:29        4.20e-02        2.00e+00
       35608309        70.58880      1130.54822            5.95        07:32:14        4.20e-02        2.00e+00
       35609343        70.58834      1131.54881            5.95        07:32:00        4.20e-02        2.00e+00
DEBUG @ t=35610000: current_coupling=0.042, last=0.042
       35610373        70.58881      1132.54924            5.95        07:31:45        4.20e-02        2.00e+00
       35611369        70.58937      1133.54952            5.95        07:31:30        4.20e-02        2.00e+00
       35612374        70.59072      1134.54993            5.95        07:31:14        4.20e-02        2.00e+00
       35613414        70.59340      1135.54996            5.95        07:30:59        4.20e-02        2.00e+00
       35614416        70.59388      1136.55045            5.95        07:30:44        4.20e-02        2.00e+00
       35615376        70.59443      1137.55064            5.95        07:30:28        4.20e-02        2.00e+00
       35616347        70.59468      1138.55158            5.95        07:30:12        4.20e-02        2.00e+00
       35617302        70.59457      1139.55258            5.95        07:29:56        4.20e-02        2.00e+00
       35618249        70.59462      1140.55331            5.95        07:29:39        4.20e-02        2.00e+00
       35619213        70.59528      1141.55373            5.96        07:29:23        4.20e-02        2.00e+00
DEBUG @ t=35620000: current_coupling=0.042, last=0.042
       35620183        70.59469      1142.55452            5.96        07:29:08        4.20e-02        2.00e+00
       35621187        70.59461      1143.55455            5.96        07:28:53        4.20e-02        2.00e+00
       35622166        70.59433      1144.55517            5.96        07:28:37        4.20e-02        2.00e+00
       35623151        70.59430      1145.55560            5.96        07:28:22        4.20e-02        2.00e+00
       35624121        70.59428      1146.55560            5.96        07:28:06        4.20e-02        2.00e+00
       35625071        70.59419      1147.55607            5.96        07:27:50        4.20e-02        2.00e+00
       35625908        70.59370      1148.55696            5.96        07:27:31        4.20e-02        2.00e+00
       35626940        70.59399      1149.55753            5.96        07:27:17        4.20e-02        2.00e+00
       35628025        70.59368      1150.55773            5.96        07:27:04        4.20e-02        2.00e+00
       35629130        70.59374      1151.55858            5.96        07:26:51        4.20e-02        2.00e+00
DEBUG @ t=35630000: current_coupling=0.042, last=0.042
       35630194        70.59346      1152.55879            5.96        07:26:38        4.20e-02        2.00e+00
       35631282        70.59393      1153.55879            5.96        07:26:24        4.20e-02        2.00e+00
       35632400        70.59490      1154.55942            5.96        07:26:12        4.20e-02        2.00e+00
       35633464        70.59503      1155.55960            5.96        07:25:58        4.20e-02        2.00e+00
       35634549        70.59508      1156.56014            5.96        07:25:45        4.20e-02        2.00e+00
       35635669        70.59504      1157.56073            5.95        07:25:32        4.20e-02        2.00e+00
       35636689        70.59475      1158.56162            5.95        07:25:18        4.20e-02        2.00e+00
       35637706        70.59459      1159.56218            5.95        07:25:03        4.20e-02        2.00e+00
       35638749        70.59493      1160.56271            5.95        07:24:49        4.20e-02        2.00e+00
       35639757        70.59504      1161.56279            5.95        07:24:34        4.20e-02        2.00e+00
DEBUG @ t=35640000: current_coupling=0.042, last=0.042
       35640694        70.59442      1162.56311            5.96        07:24:18        4.20e-02        2.00e+00
       35641675        70.59394      1163.56400            5.96        07:24:03        4.20e-02        2.00e+00
       35642715        70.59407      1164.56434            5.96        07:23:48        4.20e-02        2.00e+00
       35643765        70.59486      1165.56449            5.96        07:23:34        4.20e-02        2.00e+00
       35644773        70.59559      1166.56456            5.96        07:23:19        4.20e-02        2.00e+00
       35645754        70.59519      1167.56493            5.96        07:23:04        4.20e-02        2.00e+00
       35646712        70.59469      1168.56538            5.96        07:22:48        4.20e-02        2.00e+00
       35647680        70.59435      1169.56540            5.96        07:22:32        4.20e-02        2.00e+00
       35648648        70.59462      1170.56583            5.96        07:22:16        4.20e-02        2.00e+00
       35649687        70.59400      1171.56638            5.96        07:22:02        4.20e-02        2.00e+00
DEBUG @ t=35650000: current_coupling=0.042, last=0.042
       35650718        70.59341      1172.56734            5.96        07:21:48        4.20e-02        2.00e+00
       35651764        70.59285      1173.56783            5.96        07:21:34        4.20e-02        2.00e+00
       35652794        70.59203      1174.56872            5.96        07:21:20        4.20e-02        2.00e+00
       35653773        70.59177      1175.56947            5.96        07:21:05        4.20e-02        2.00e+00
       35654757        70.59152      1176.56964            5.96        07:20:50        4.20e-02        2.00e+00
       35655818        70.59120      1177.57009            5.96        07:20:36        4.20e-02        2.00e+00
       35656786        70.59086      1178.57111            5.96        07:20:20        4.20e-02        2.00e+00
       35657783        70.59041      1179.57168            5.96        07:20:05        4.20e-02        2.00e+00
       35658676        70.59092      1180.57277            5.96        07:19:48        4.20e-02        2.00e+00
       35659645        70.59081      1181.57277            5.96        07:19:32        4.20e-02        2.00e+00
DEBUG @ t=35660000: current_coupling=0.042, last=0.042
       35660611        70.59031      1182.57323            5.96        07:19:17        4.20e-02        2.00e+00
       35661600        70.59024      1183.57333            5.96        07:19:01        4.20e-02        2.00e+00
       35662544        70.58987      1184.57356            5.96        07:18:45        4.20e-02        2.00e+00
       35663509        70.58935      1185.57415            5.96        07:18:30        4.20e-02        2.00e+00
       35664503        70.59002      1186.57465            5.96        07:18:14        4.20e-02        2.00e+00
       35665456        70.59020      1187.57473            5.96        07:17:58        4.20e-02        2.00e+00
       35666382        70.58959      1188.57515            5.96        07:17:42        4.20e-02        2.00e+00
       35667311        70.58899      1189.57578            5.96        07:17:25        4.20e-02        2.00e+00
       35668241        70.58857      1190.57671            5.96        07:17:09        4.20e-02        2.00e+00
       35669203        70.58824      1191.57687            5.96        07:16:53        4.20e-02        2.00e+00
DEBUG @ t=35670000: current_coupling=0.042, last=0.042
       35670213        70.58812      1192.57688            5.96        07:16:39        4.20e-02        2.00e+00
       35671160        70.58804      1193.57740            5.96        07:16:22        4.20e-02        2.00e+00
       35672145        70.58738      1194.57811            5.96        07:16:07        4.20e-02        2.00e+00
       35673135        70.58684      1195.57886            5.96        07:15:52        4.20e-02        2.00e+00
       35674114        70.58684      1196.57979            5.96        07:15:37        4.20e-02        2.00e+00
       35675089        70.58706      1197.58008            5.96        07:15:21        4.20e-02        2.00e+00
       35676125        70.58772      1198.58039            5.96        07:15:07        4.20e-02        2.00e+00
       35677109        70.58836      1199.58064            5.96        07:14:51        4.20e-02        2.00e+00
Added F(k,t) reference 6 at t = 1200.004 ps
       35678136        70.58796      1200.58147            5.96        07:14:37        4.20e-02        2.00e+00
       35679162        70.58793      1201.58238            5.96        07:14:22        4.20e-02        2.00e+00
DEBUG @ t=35680000: current_coupling=0.042, last=0.042
       35680179        70.58765      1202.58281            5.96        07:14:08        4.20e-02        2.00e+00
       35681181        70.58720      1203.58317            5.96        07:13:53        4.20e-02        2.00e+00
       35682165        70.58651      1204.58390            5.96        07:13:38        4.20e-02        2.00e+00
       35683110        70.58612      1205.58470            5.96        07:13:22        4.20e-02        2.00e+00
       35684175        70.58597      1206.58548            5.96        07:13:08        4.20e-02        2.00e+00
       35685133        70.58562      1207.58573            5.96        07:12:53        4.20e-02        2.00e+00
       35686176        70.58513      1208.58660            5.96        07:12:39        4.20e-02        2.00e+00
       35687209        70.58449      1209.58675            5.96        07:12:25        4.20e-02        2.00e+00
       35688179        70.58387      1210.58678            5.96        07:12:09        4.20e-02        2.00e+00
       35689161        70.58332      1211.58749            5.96        07:11:54        4.20e-02        2.00e+00
DEBUG @ t=35690000: current_coupling=0.042, last=0.042
       35690228        70.58292      1212.58810            5.96        07:11:41        4.20e-02        2.00e+00
       35691253        70.58265      1213.58833            5.96        07:11:26        4.20e-02        2.00e+00
       35692217        70.58245      1214.58837            5.96        07:11:11        4.20e-02        2.00e+00
       35693242        70.58325      1215.58842            5.96        07:10:56        4.20e-02        2.00e+00
       35694250        70.58277      1216.58849            5.96        07:10:41        4.20e-02        2.00e+00
       35695270        70.58238      1217.58886            5.96        07:10:27        4.20e-02        2.00e+00
       35696259        70.58230      1218.58906            5.96        07:10:12        4.20e-02        2.00e+00
       35697139        70.58205      1219.59004            5.96        07:09:54        4.20e-02        2.00e+00
       35697971        70.58182      1220.59030            5.96        07:09:36        4.20e-02        2.00e+00
       35699035        70.58163      1221.59076            5.96        07:09:23        4.20e-02        2.00e+00
       35699970        70.58223      1222.59135            5.96        07:09:06        4.20e-02        2.00e+00
DEBUG @ t=35700000: current_coupling=0.042, last=0.042
[HDF5 Writer DEBUG] timestep=35700000, current_time_ps=1222.618, last_output_time=1222.617149093508, write_count=116625
       35701081        70.58323      1223.59189            5.96        07:08:53        4.20e-02        2.00e+00
       35702131        70.58278      1224.59275            5.96        07:08:39        4.20e-02        2.00e+00
       35703187        70.58270      1225.59295            5.96        07:08:25        4.20e-02        2.00e+00
       35704263        70.58203      1226.59306            5.96        07:08:12        4.20e-02        2.00e+00
       35705310        70.58150      1227.59321            5.96        07:07:58        4.20e-02        2.00e+00
       35706339        70.58209      1228.59382            5.96        07:07:44        4.20e-02        2.00e+00
       35707354        70.58221      1229.59409            5.96        07:07:29        4.20e-02        2.00e+00
       35708358        70.58260      1230.59506            5.96        07:07:14        4.20e-02        2.00e+00
       35709410        70.58264      1231.59593            5.96        07:07:00        4.20e-02        2.00e+00
DEBUG @ t=35710000: current_coupling=0.042, last=0.042
       35710496        70.58232      1232.59635            5.96        07:06:47        4.20e-02        2.00e+00
       35711551        70.58202      1233.59686            5.96        07:06:33        4.20e-02        2.00e+00
       35712533        70.58178      1234.59728            5.96        07:06:18        4.20e-02        2.00e+00
       35713512        70.58126      1235.59753            5.96        07:06:03        4.20e-02        2.00e+00
       35714481        70.58069      1236.59855            5.96        07:05:48        4.20e-02        2.00e+00
       35715480        70.58067      1237.59931            5.96        07:05:33        4.20e-02        2.00e+00
       35716517        70.58094      1238.59994            5.96        07:05:18        4.20e-02        2.00e+00
       35717579        70.58122      1239.60079            5.96        07:05:04        4.20e-02        2.00e+00
       35718662        70.58100      1240.60093            5.96        07:04:51        4.20e-02        2.00e+00
       35719746        70.58121      1241.60179            5.96        07:04:38        4.20e-02        2.00e+00
DEBUG @ t=35720000: current_coupling=0.042, last=0.042
       35720807        70.58092      1242.60253            5.96        07:04:24        4.20e-02        2.00e+00
       35721841        70.58065      1243.60259            5.96        07:04:10        4.20e-02        2.00e+00
       35722852        70.58078      1244.60322            5.96        07:03:55        4.20e-02        2.00e+00
       35723932        70.58154      1245.60350            5.96        07:03:42        4.20e-02        2.00e+00
       35724959        70.58172      1246.60399            5.96        07:03:27        4.20e-02        2.00e+00
       35725992        70.58127      1247.60402            5.96        07:03:13        4.20e-02        2.00e+00
       35727019        70.58112      1248.60478            5.96        07:02:59        4.20e-02        2.00e+00
       35728069        70.58118      1249.60525            5.96        07:02:45        4.20e-02        2.00e+00
       35729206        70.58147      1250.60614            5.96        07:02:32        4.20e-02        2.00e+00
DEBUG @ t=35730000: current_coupling=0.042, last=0.042
       35730307        70.58130      1251.60652            5.96        07:02:19        4.20e-02        2.00e+00
       35731442        70.58097      1252.60728            5.96        07:02:07        4.20e-02        2.00e+00
       35732501        70.58126      1253.60788            5.96        07:01:53        4.20e-02        2.00e+00
       35733604        70.58284      1254.60837            5.96        07:01:40        4.20e-02        2.00e+00
       35734754        70.58282      1255.60899            5.96        07:01:28        4.20e-02        2.00e+00
       35735727        70.58279      1256.60990            5.96        07:01:12        4.20e-02        2.00e+00
       35736805        70.58491      1257.60997            5.96        07:00:58        4.20e-02        2.00e+00
       35737924        70.58547      1258.61057            5.96        07:00:45        4.20e-02        2.00e+00
       35738837        70.58524      1259.61078            5.96        07:00:29        4.20e-02        2.00e+00
       35739889        70.58495      1260.61152            5.96        07:00:15        4.20e-02        2.00e+00
DEBUG @ t=35740000: current_coupling=0.042, last=0.042
       35740780        70.58483      1261.61171            5.96        06:59:58        4.20e-02        2.00e+00
       35741841        70.58570      1262.61185            5.96        06:59:44        4.20e-02        2.00e+00
       35742837        70.58522      1263.61277            5.96        06:59:29        4.20e-02        2.00e+00
       35743871        70.58490      1264.61354            5.96        06:59:15        4.20e-02        2.00e+00
       35744877        70.58440      1265.61435            5.96        06:59:00        4.20e-02        2.00e+00
       35745985        70.58439      1266.61467            5.96        06:58:47        4.20e-02        2.00e+00
       35747071        70.58419      1267.61565            5.96        06:58:34        4.20e-02        2.00e+00
       35748043        70.58373      1268.61622            5.96        06:58:18        4.20e-02        2.00e+00
       35749124        70.58388      1269.61642            5.96        06:58:05        4.20e-02        2.00e+00
DEBUG @ t=35750000: current_coupling=0.042, last=0.042
       35750146        70.58547      1270.61719            5.96        06:57:50        4.20e-02        2.00e+00
       35751204        70.58582      1271.61728            5.96        06:57:36        4.20e-02        2.00e+00
       35752314        70.58601      1272.61740            5.96        06:57:23        4.20e-02        2.00e+00
       35753516        70.58614      1273.61808            5.96        06:57:12        4.20e-02        2.00e+00
       35754603        70.58625      1274.61884            5.96        06:56:59        4.20e-02        2.00e+00
       35755678        70.58741      1275.61941            5.96        06:56:45        4.20e-02        2.00e+00
       35756683        70.59008      1276.62036            5.96        06:56:29        4.20e-02        2.00e+00
       35757667        70.59032      1277.62116            5.96        06:56:13        4.20e-02        2.00e+00
       35758764        70.59106      1278.62174            5.96        06:56:00        4.20e-02        2.00e+00
       35759763        70.59152      1279.62186            5.96        06:55:45        4.20e-02        2.00e+00
DEBUG @ t=35760000: current_coupling=0.042, last=0.042
       35760863        70.59329      1280.62239            5.96        06:55:31        4.20e-02        2.00e+00
       35761829        70.59327      1281.62244            5.96        06:55:16        4.20e-02        2.00e+00
       35762952        70.59319      1282.62304            5.96        06:55:03        4.20e-02        2.00e+00
       35763903        70.59308      1283.62332            5.96        06:54:47        4.20e-02        2.00e+00
       35764900        70.59319      1284.62346            5.96        06:54:32        4.20e-02        2.00e+00
       35765964        70.59315      1285.62378            5.96        06:54:18        4.20e-02        2.00e+00
       35766973        70.59269      1286.62403            5.96        06:54:04        4.20e-02        2.00e+00
       35768058        70.59251      1287.62435            5.96        06:53:50        4.20e-02        2.00e+00
       35768988        70.59224      1288.62513            5.96        06:53:34        4.20e-02        2.00e+00
       35769991        70.59199      1289.62543            5.96        06:53:19        4.20e-02        2.00e+00
DEBUG @ t=35770000: current_coupling=0.042, last=0.042
       35770983        70.59200      1290.62549            5.96        06:53:04        4.20e-02        2.00e+00
       35772044        70.59297      1291.62578            5.96        06:52:50        4.20e-02        2.00e+00
       35773101        70.59337      1292.62666            5.96        06:52:36        4.20e-02        2.00e+00
       35774225        70.59361      1293.62671            5.96        06:52:23        4.20e-02        2.00e+00
       35775328        70.59429      1294.62750            5.96        06:52:10        4.20e-02        2.00e+00
       35776481        70.59491      1295.62755            5.96        06:51:58        4.20e-02        2.00e+00
       35777482        70.59488      1296.62831            5.96        06:51:43        4.20e-02        2.00e+00
       35778408        70.59464      1297.62935            5.96        06:51:27        4.20e-02        2.00e+00
       35779476        70.59450      1298.63002            5.96        06:51:13        4.20e-02        2.00e+00
DEBUG @ t=35780000: current_coupling=0.042, last=0.042
2025-11-06 17:16:12 | ERROR | CRITICAL ERROR in simulation: Unable to synchronously flush file (file write failed: time = Thu Nov  6 17:16:12 2025
, filename = 'observables_replica_438.h5', file descriptor = 4, errno = 122, error message = 'Disk quota exceeded', buf = 0x563f418e8f20, total write size = 7272, bytes this sub-write = 7272, offset = 889188508)
2025-11-06 17:16:12 | ERROR | Full traceback:
2025-11-06 17:16:12 | ERROR | Traceback (most recent call last):
2025-11-06 17:16:12 | ERROR |   File "/scratch/mh7373/micromamba/envs/hoomd/lib/python3.12/site-packages/hoomd/cavitymd/simulation/core.py", line 4753, in run
2025-11-06 17:16:12 | ERROR |     self.run_simulation()
2025-11-06 17:16:12 | ERROR |   File "/scratch/mh7373/micromamba/envs/hoomd/lib/python3.12/site-packages/hoomd/cavitymd/simulation/core.py", line 4807, in run_simulation
2025-11-06 17:16:12 | ERROR |     self.sim.run(total_steps, write_at_start=True)
2025-11-06 17:16:12 | ERROR |   File "/scratch/mh7373/micromamba/envs/hoomd/lib/python3.12/site-packages/hoomd/simulation.py", line 561, in run
2025-11-06 17:16:12 | ERROR |     self._cpp_sys.run(steps_int, write_at_start)
2025-11-06 17:16:12 | ERROR |   File "/scratch/mh7373/micromamba/envs/hoomd/lib/python3.12/site-packages/hoomd/cavitymd/data.py", line 528, in act
2025-11-06 17:16:12 | ERROR |     self.file.flush()
2025-11-06 17:16:12 | ERROR |   File "/scratch/mh7373/micromamba/envs/hoomd/lib/python3.12/site-packages/h5py/_hl/files.py", line 639, in flush
2025-11-06 17:16:12 | ERROR |     h5f.flush(self.id)
2025-11-06 17:16:12 | ERROR |   File "h5py/_objects.pyx", line 56, in h5py._objects.with_phil.wrapper
2025-11-06 17:16:12 | ERROR |   File "h5py/_objects.pyx", line 57, in h5py._objects.with_phil.wrapper
2025-11-06 17:16:12 | ERROR |   File "h5py/h5f.pyx", line 159, in h5py.h5f.flush
2025-11-06 17:16:12 | ERROR | RuntimeError: Unable to synchronously flush file (file write failed: time = Thu Nov  6 17:16:12 2025
2025-11-06 17:16:12 | ERROR | , filename = 'observables_replica_438.h5', file descriptor = 4, errno = 122, error message = 'Disk quota exceeded', buf = 0x563f418e8f20, total write size = 7272, bytes this sub-write = 7272, offset = 889188508)
2025-11-06 17:16:12 | INFO | Cleanup initiated...
2025-11-06 17:16:12 | INFO | Closing HDF5 observable writer...
2025-11-06 17:16:12 | ERROR | Error closing HDF5 writer: Unable to synchronously flush file (file write failed: time = Thu Nov  6 17:16:12 2025
, filename = 'observables_replica_438.h5', file descriptor = 4, errno = 122, error message = 'Disk quota exceeded', buf = 0x563f428f4530, total write size = 7272, bytes this sub-write = 7272, offset = 889188508)
DEBUG: Cleanup called - checking for fkt_tracker
DEBUG: No fkt_tracker found or it's None
2025-11-06 17:16:12 | INFO | Returned to original directory: /scratch/mh7373/cav-hoomd/new_final_offres
2025-11-06 17:16:12 | INFO | Cleanup completed
ERROR: Replica 438 failed (coupling: 4.200000e-02 a.u.)

==================================================
Execution Summary
==================================================
Coupling constant used: 4.200000e-02 a.u.
Total replicas: 1
Successful: 0
Failed: 1
Wall time: 18843.36 seconds

WARNING: 1 replicas failed - check individual logs for details
✗ FAILED: DEBUG task 438
