SLURM Job ID: 1642033
SLURM Array Task ID: 109
Using frequency: 2060 cm-1
Fixed coupling strength (lambda): 0.042 (dimensionless)
Frame will be automatically set to: 109
Advanced Cavity MD Experiment Runner
==================================================
SLURM array job detected: Task 109 (Job 1642033)

*** COUPLING CONSTANT: 4.200000e-02 a.u. ***

Simulation Configuration:
  Cavity coupling: Enabled
    Coupling strength: 4.200000e-02 a.u.
    Frequency: 2060.0 cm⁻¹
    Finite-q mode: False
    Cavity thermostat: langevin
  Molecular thermostat: bussi
  Temperature: 100.0 K
  Runtime: 3000.0 ps
  Device: CPU
  Random seed: 0
  Velocity restart: Enabled - thermalizing velocities
  Momentum zeroing: Disabled

Starting execution for 1 replica(s)...
==================================================

Running replica 109...
>>> Will use FRAME 109 from init-0.gsd for this replica <<<
Running experiment:
  Cavity coupling: Enabled
  *** COUPLING STRENGTH: 4.200000e-02 a.u. ***
  Switch time: 200.0 ps
  Decay: None (step function)
  Damping ratio (zeta): 0.0
  Calculated dissipation (c): 0.0000e+00 a.u.
  Molecular thermostat: bussi
  Cavity thermostat: langevin
  Finite-q mode: False
  Replica: 109
  Frame: 109
  Output directory: coupling_420000e-07_freq_2060.0cm1_switch_200.0ps
  *** READING FRAME 109 FROM /scratch/mh7373/cav-hoomd/new_final_offres/init-0.gsd ***
  ✓ Successfully initialized simulation from frame 109
  ✓ Input file: /scratch/mh7373/cav-hoomd/new_final_offres/init-0.gsd
  ✓ Replica 109 ready to run...
2025-11-06 12:01:28 | INFO | ============================================================
2025-11-06 12:01:28 | INFO | CAVITY MD SIMULATION STARTED
2025-11-06 12:01:28 | INFO | ============================================================
2025-11-06 12:01:28 | INFO | Simulation: prod-109
2025-11-06 12:01:28 | INFO | Device: CPU
2025-11-06 12:01:28 | INFO | Runtime: 3000.0 ps
2025-11-06 12:01:28 | INFO | Temperature: 100.0 K
2025-11-06 12:01:28 | INFO | Random seed: 0
2025-11-06 12:01:28 | INFO | Cavity coupling: Enabled
2025-11-06 12:01:28 | INFO |   Frequency: 2060.0 cm^-1
2025-11-06 12:01:28 | INFO |   Lambda coupling: 0.042
2025-11-06 12:01:28 | INFO |   Epsilon (lambda * omega_c): 3.942141e-04 a.u.
2025-11-06 12:01:28 | INFO |   Finite-q mode: False
2025-11-06 12:01:28 | INFO | Molecular thermostat: bussi (tau=1.0 ps)
2025-11-06 12:01:28 | INFO | Cavity thermostat: langevin (tau=1.0 ps)
2025-11-06 12:01:28 | INFO | ============================================================
2025-11-06 12:01:28 | INFO | === Phase 1: Setting up simulation ===
2025-11-06 12:01:28 | INFO | Using default timestep for calculations: 0.0001 ps
2025-11-06 12:01:28 | INFO | Time conversions:
2025-11-06 12:01:28 | INFO |   Timestep: 0.0001 ps = 4.134138 a.u.
2025-11-06 12:01:28 | INFO |   Runtime: 3000.0 ps = 30000000 steps
2025-11-06 12:01:28 | INFO |   Steps per ps: 10000.0
2025-11-06 12:01:28 | INFO | Output periods (steps):
2025-11-06 12:01:28 | INFO |   Energy: 100 (0.010 ps)
2025-11-06 12:01:28 | INFO |   F(k,t): 10000 (1.000 ps)
2025-11-06 12:01:28 | INFO |   GSD: 10000 (1.000 ps)
2025-11-06 12:01:28 | INFO |   Console: 10000 (1.000 ps)
2025-11-06 12:01:28 | INFO | Initializing simulation on CPU
2025-11-06 12:01:28 | INFO | Using user-specified seed: 0
2025-11-06 12:01:28 | INFO | Cavity particle already exists in GSD file (1 found)
2025-11-06 12:01:28 | INFO | Simulation state created from original GSD file with existing cavity particle
2025-11-06 12:01:28 | INFO | Cavity particle validated at index 500, position HOOMDArray([0.45909485 0.92126644 0.70638573])
2025-11-06 12:01:28 | INFO | === Phase 1.5: Setting up time tracker ===
2025-11-06 12:01:28 | INFO | === Phase 2: Configuring forces and thermostats ===
2025-11-06 12:01:28 | INFO | Using lambda_coupling=0.042 (will be scaled by omega_c=0.009386 a.u.)
2025-11-06 12:01:28 | INFO | Using constant coupling: lambda=0.042, epsilon=3.942141e-04 a.u.
CavityForce initialized using cpp implementation
  Using constant lambda coupling: 0.042 (dimensionless)
  Effective epsilon: 3.942141e-04 a.u.
2025-11-06 12:01:28 | INFO | Thermostat time constant conversions:
2025-11-06 12:01:28 | INFO |   Molecular: 1.000 ps = 41341.378917 a.u.
2025-11-06 12:01:28 | INFO |   Cavity: 1.000 ps = 41341.378917 a.u.
2025-11-06 12:01:28 | INFO | Running molecular system with Bussi thermostat (NVT ensemble)
2025-11-06 12:01:28 | INFO | Molecular Bussi thermostat configured: T = 100.0 K, kT = 0.000317 a.u., tau = 1.000 ps
2025-11-06 12:01:28 | INFO | Running cavity with Langevin thermostat
2025-11-06 12:01:28 | INFO | Cavity Langevin thermostat configured: T = 100.0 K, kT = 0.000317 a.u.
2025-11-06 12:01:28 | INFO |   base_gamma = 0.000024 a.u.^-1 (tau = 1.000 ps)
2025-11-06 12:01:28 | INFO |   effective_gamma = 0.000024 a.u.^-1 (damping_factor = 1.0x)
2025-11-06 12:01:28 | INFO | === Phase 3: Setting up integrator and thermalization ===
2025-11-06 12:01:28 | INFO | Integrator configured with initial dt = 4.134138 a.u. (0.000100 ps)
2025-11-06 12:01:28 | INFO | Number of integration methods: 2
2025-11-06 12:01:28 | INFO | CavityParticleDisplacer not needed (constant coupling or q=0 mode)
2025-11-06 12:01:28 | INFO | Using seed 1 for thermalization randomness
2025-11-06 12:01:28 | INFO | Thermalized molecular particles using HOOMD State object
2025-11-06 12:01:28 | INFO | Cavity particle manually thermalized:
2025-11-06 12:01:28 | INFO |   Target temperature: 100.0 K
2025-11-06 12:01:28 | INFO |   Initial velocity: [ 0.02890696 -0.01088686 -0.00939938]
2025-11-06 12:01:28 | INFO |   Expected KE: 0.000521 a.u.
2025-11-06 12:01:28 | INFO |   Expected temperature: 109.7 K
2025-11-06 12:01:28 | INFO |   Using array module: numpy
2025-11-06 12:01:28 | INFO | Checking molecular system temperature after thermalization:
2025-11-06 12:01:28 | INFO |   Number of molecular particles: 500
2025-11-06 12:01:28 | INFO |   Total kinetic energy: 0.251158 a.u.
2025-11-06 12:01:28 | INFO |   Current temperature: 105.7 K
2025-11-06 12:01:28 | INFO | Thermalization completed - velocities properly initialized
2025-11-06 12:01:28 | INFO | === Phase 4: Setting up trackers and loggers ===
2025-11-06 12:01:28 | INFO | Setting up adaptive timestep updater (error_tolerance = 2.0)
Dynamic coupling change detection enabled
Coupling change threshold: ±1.00e-05 a.u.
Shock dampening: error_tolerance drops to 2.00e-10 (factor: 1.00e-10)
Recovery: exponential ramp to 2.00e+00 with τ = 1000.0 ps
Conservative timestep parameters:
  Change threshold: 10.0%
  Max change factor: 1.5
  Min update interval: 1000 steps
  Switch detection tolerance: 0.001 ps
2025-11-06 12:01:28 | INFO | Adaptive timestep updater enabled (check every 1 steps)
CavityForceCompute initialized: omegac=0.00938605 a.u., lambda_coupling=0.042 (dimensionless, from variant), K=8.80979e-05 a.u.
CPU CavityForceCompute initialized successfully
notice(2): charge.pppm: RMS error: 2.31675e-08
NOTICE: Starting from inherited timestep 18000000
  Elapsed time will start from 0, not from inherited simulation time
DEBUG @ t=18000000: current_coupling=0.042, last=None
DEBUG: First coupling check - stored value: 0.042
2025-11-06 12:01:28 | INFO |   Added detailed BussiReservoir energy tracking for method 0
2025-11-06 12:01:28 | INFO |   Added energy tracking for cavityforce
2025-11-06 12:01:28 | INFO |   Added detailed cavity energy components
2025-11-06 12:01:28 | INFO |   Added energy tracking for harmonic
2025-11-06 12:01:28 | INFO |   Added energy tracking for lj
2025-11-06 12:01:28 | INFO |   Added energy tracking for ewald
2025-11-06 12:01:28 | INFO |   Added energy tracking for coulomb
2025-11-06 12:01:28 | INFO | Energy tracking setup completed: 0 methods, 5 forces
2025-11-06 12:01:28 | INFO | Setting up energy tracker with output file: prod-109_energy_tracker.txt
2025-11-06 12:01:28 | INFO | Energy tracker configuration:
2025-11-06 12:01:28 | INFO |   Using time-based output: 0.010 ps
2025-11-06 12:01:28 | INFO |   Max output time: 250.000 ps
2025-11-06 12:01:28 | INFO | Energy tracker configuration:
2025-11-06 12:01:28 | INFO |   Force objects: ['cavity', 'harmonic', 'lj', 'ewald_short', 'ewald_long']
2025-11-06 12:01:28 | INFO |   Thermostat objects: ['bussi_molecular', 'langevin_cavity']
2025-11-06 12:01:28 | INFO |   Using internal kinetic computation (no external tracker needed)
2025-11-06 12:01:28 | INFO |  Energy tracker setup completed with time-based output:
2025-11-06 12:01:28 | INFO |   Output period: 0.010 ps (accurate timing)
2025-11-06 12:01:28 | INFO |   Tracker handles timing internally using ElapsedTimeTracker
2025-11-06 12:01:28 | INFO |   Output limited to 250.000 ps
2025-11-06 12:01:28 | INFO | Setting up F(k,t) density correlation tracker
2025-11-06 12:01:28 | INFO |   k magnitude: 1.00
2025-11-06 12:01:28 | INFO |   Number of wavevectors: 50
2025-11-06 12:01:28 | INFO |   Reference interval: 200.000 ps
2025-11-06 12:01:28 | INFO |   Max references: 20
2025-11-06 12:01:28 | INFO |   Output period: 1.000 ps
2025-11-06 12:01:28 | INFO |   Using time-based reference intervals for adaptive timestep compatibility
2025-11-06 12:01:28 | INFO |   Reference interval: 200.000 ps
2025-11-06 12:01:28 | INFO |   Trigger period: 1 step
2025-11-06 12:01:28 | INFO |   Logarithmic time spacing: DISABLED (regular spacing)
FieldAutocorrelationTracker initialized for density_correlation
  k-magnitude: 1.0
  Wavevectors: 50
  Reference interval: 200.0 ps
  Max references: 20
2025-11-06 12:01:28 | INFO |  F(k,t) tracker successfully enabled with time-based output:
2025-11-06 12:01:28 | INFO |   Output period: 1.000 ps (accurate timing)
2025-11-06 12:01:28 | INFO |   Reference interval: 200.000 ps
2025-11-06 12:01:28 | INFO |   Tracker handles timing internally using ElapsedTimeTracker
2025-11-06 12:01:28 | INFO | Setting up dipole autocorrelation tracker...
2025-11-06 12:01:28 | INFO |   Reference interval: 200.000 ps
2025-11-06 12:01:28 | INFO |   Max references: 20
2025-11-06 12:01:28 | INFO |   Output period: 0.010 ps
2025-11-06 12:01:28 | INFO |   Using time-based reference intervals for adaptive timestep compatibility
2025-11-06 12:01:28 | INFO |   Reference interval: 200.000 ps
2025-11-06 12:01:28 | INFO |   Trigger period: 1 step
2025-11-06 12:01:28 | WARNING | Could not set up dipole autocorrelation tracker: Can't instantiate abstract class AutocorrelationTracker without an implementation for abstract method 'act'
2025-11-06 12:01:28 | INFO | Momentum zeroing disabled
2025-11-06 12:01:28 | INFO |  TRACKING AND LOGGING SETUP COMPLETED:
2025-11-06 12:01:28 | INFO |   All output systems now use precise time-based periods
2025-11-06 12:01:28 | INFO |  Comprehensive temperature tracker enabled
2025-11-06 12:01:28 | INFO |   Output file: temperature_tracker_replica_109.csv
2025-11-06 12:01:28 | INFO |   Output period: 0.1 ps
2025-11-06 12:01:28 | INFO |   Tracking: kinetic, harmonic fictive, LJ+Coul fictive, cavity bath, molecular bath
2025-11-06 12:01:28 | INFO |   Empirical data: None (LJ+Coul fictive temp will be 0)
2025-11-06 12:01:28 | INFO | 
============================================================
2025-11-06 12:01:28 | INFO | HDF5 OBSERVABLE OUTPUT CONFIGURATION
2025-11-06 12:01:28 | INFO | ============================================================
2025-11-06 12:01:28 | INFO | Output file: observables_replica_109.h5
2025-11-06 12:01:28 | INFO | Output period: 0.010 ps
2025-11-06 12:01:28 | INFO | SWMR mode: Enabled (concurrent read access)
2025-11-06 12:01:28 | INFO | ============================================================

✓ HDF5 file structure created: observables_replica_109.h5
ObservableWriter initialized:
  Output file: observables_replica_109.h5
  Output period: 0.01 ps
  Chunk size: 1000
  Compression: gzip
  SWMR mode: True
  Flush interval: 10
✓ Energy tracker registered (18 components)
2025-11-06 12:01:28 | INFO |   Registered energy tracker for HDF5 output
✓ Temperature tracker registered (6 components)
2025-11-06 12:01:28 | INFO |   Registered temperature tracker for HDF5 output
2025-11-06 12:01:28 | INFO | ✓ HDF5 observable output enabled

2025-11-06 12:01:28 | INFO | Advanced features enabled: detailed energy tracking (0.010 ps), F(k,t) density correlation (1.000 ps, k=1.0), dipole autocorrelation (0.010 ps), adaptive timestep control, comprehensive temperature tracker (0.1 ps), HDF5 observable output (0.010 ps)
2025-11-06 12:01:28 | INFO | Console output: 1.000 ps periods (time-based)
2025-11-06 12:01:28 | INFO |   Works accurately for both adaptive and fixed timestep modes
2025-11-06 12:01:28 | INFO | DEBUG: PID controller NOT enabled (enable_pid_controller=False)
2025-11-06 12:01:28 | INFO | === Phase 5: Setting up output writers ===
2025-11-06 12:01:28 | INFO | GSD output setup for adaptive timestep mode:
2025-11-06 12:01:28 | INFO |   GSD trigger: every 1000 steps (target: 1.000 ps)
2025-11-06 12:01:28 | INFO |   Note: GSD timing may vary slightly due to adaptive timestep changes
2025-11-06 12:01:28 | INFO | GSD writer added for file: prod-109.gsd
2025-11-06 12:01:28 | INFO |   GSD output period: 1.000 ps
2025-11-06 12:01:28 | INFO |   GSD truncate mode: False (append to existing file)
2025-11-06 12:01:28 | INFO |  Console output setup completed:
2025-11-06 12:01:28 | INFO |   Output period: 1.000 ps (accurate time-based)
2025-11-06 12:01:28 | INFO |   Lambda coupling column: 4.200000e-02 (dimensionless) (displayed in real-time)
2025-11-06 12:01:28 | INFO |   Console tracker handles timing internally using ElapsedTimeTracker
2025-11-06 12:01:28 | INFO |   Works accurately for both adaptive and fixed timestep modes
2025-11-06 12:01:28 | INFO |  FIXED: Console output now uses precise time-based logic
2025-11-06 12:01:28 | INFO |   Both console and energy tracker use accurate timing
2025-11-06 12:01:28 | INFO |   GSD output timing may vary slightly but is less critical
2025-11-06 12:01:28 | INFO | === Phase 6: Running simulation ===
2025-11-06 12:01:28 | INFO | Starting adaptive timestep simulation for 3000.0 ps
2025-11-06 12:01:28 | INFO | Using max steps: 999999999 (will exit when runtime reached)
2025-11-06 12:01:28 | INFO | Initial timestep: 40.727440 a.u. (0.985 fs)
2025-11-06 12:01:28 | INFO | Timestep will adapt dynamically (error_tolerance = 2.0)
Added F(k,t) reference 0 at t = 0.001 ps
[HDF5 Writer DEBUG] timestep=18000001, current_time_ps=0.001, last_output_time=None, write_count=0
[HDF5 Writer DEBUG] Writing data point 0 at time 0.001 ps
[HDF5 Writer DEBUG] timestep=18000002, current_time_ps=0.002, last_output_time=0.0009851495194120724, write_count=1
[HDF5 Writer DEBUG] Skipping output: not time yet (current=0.002, last=0.0009851495194120724, period=0.01)
[HDF5 Writer DEBUG] timestep=18000003, current_time_ps=0.003, last_output_time=0.0009851495194120724, write_count=1
[HDF5 Writer DEBUG] Skipping output: not time yet (current=0.003, last=0.0009851495194120724, period=0.01)
[HDF5 Writer DEBUG] timestep=18000004, current_time_ps=0.004, last_output_time=0.0009851495194120724, write_count=1
[HDF5 Writer DEBUG] Skipping output: not time yet (current=0.004, last=0.0009851495194120724, period=0.01)
[HDF5 Writer DEBUG] timestep=18000005, current_time_ps=0.005, last_output_time=0.0009851495194120724, write_count=1
[HDF5 Writer DEBUG] Skipping output: not time yet (current=0.005, last=0.0009851495194120724, period=0.01)
[HDF5 Writer DEBUG] timestep=18000006, current_time_ps=0.006, last_output_time=0.0009851495194120724, write_count=1
[HDF5 Writer DEBUG] Skipping output: not time yet (current=0.006, last=0.0009851495194120724, period=0.01)
[HDF5 Writer DEBUG] timestep=18000007, current_time_ps=0.007, last_output_time=0.0009851495194120724, write_count=1
[HDF5 Writer DEBUG] Skipping output: not time yet (current=0.007, last=0.0009851495194120724, period=0.01)
[HDF5 Writer DEBUG] timestep=18000008, current_time_ps=0.008, last_output_time=0.0009851495194120724, write_count=1
[HDF5 Writer DEBUG] Skipping output: not time yet (current=0.008, last=0.0009851495194120724, period=0.01)
[HDF5 Writer DEBUG] timestep=18000009, current_time_ps=0.009, last_output_time=0.0009851495194120724, write_count=1
[HDF5 Writer DEBUG] Skipping output: not time yet (current=0.009, last=0.0009851495194120724, period=0.01)
[HDF5 Writer DEBUG] timestep=18000010, current_time_ps=0.010, last_output_time=0.0009851495194120724, write_count=1
[HDF5 Writer DEBUG] Skipping output: not time yet (current=0.010, last=0.0009851495194120724, period=0.01)
[HDF5 Writer DEBUG] timestep=18000011, current_time_ps=0.011, last_output_time=0.0009851495194120724, write_count=1
[HDF5 Writer DEBUG] Skipping output: not time yet (current=0.011, last=0.0009851495194120724, period=0.01)
[HDF5 Writer DEBUG] timestep=18000012, current_time_ps=0.012, last_output_time=0.0009851495194120724, write_count=1
[HDF5 Writer DEBUG] Writing data point 1 at time 0.012 ps
[HDF5 Writer DEBUG] timestep=18000013, current_time_ps=0.013, last_output_time=0.011821794232944868, write_count=2
[HDF5 Writer DEBUG] Skipping output: not time yet (current=0.013, last=0.011821794232944868, period=0.01)
[HDF5 Writer DEBUG] timestep=18000014, current_time_ps=0.014, last_output_time=0.011821794232944868, write_count=2
[HDF5 Writer DEBUG] Skipping output: not time yet (current=0.014, last=0.011821794232944868, period=0.01)
[HDF5 Writer DEBUG] timestep=18000015, current_time_ps=0.015, last_output_time=0.011821794232944868, write_count=2
[HDF5 Writer DEBUG] Skipping output: not time yet (current=0.015, last=0.011821794232944868, period=0.01)
[HDF5 Writer DEBUG] timestep=18000016, current_time_ps=0.016, last_output_time=0.011821794232944868, write_count=2
[HDF5 Writer DEBUG] Skipping output: not time yet (current=0.016, last=0.011821794232944868, period=0.01)
[HDF5 Writer DEBUG] timestep=18000017, current_time_ps=0.017, last_output_time=0.011821794232944868, write_count=2
[HDF5 Writer DEBUG] Skipping output: not time yet (current=0.017, last=0.011821794232944868, period=0.01)
[HDF5 Writer DEBUG] timestep=18000018, current_time_ps=0.018, last_output_time=0.011821794232944868, write_count=2
[HDF5 Writer DEBUG] Skipping output: not time yet (current=0.018, last=0.011821794232944868, period=0.01)
[HDF5 Writer DEBUG] timestep=18000019, current_time_ps=0.019, last_output_time=0.011821794232944868, write_count=2
[HDF5 Writer DEBUG] Skipping output: not time yet (current=0.019, last=0.011821794232944868, period=0.01)
[HDF5 Writer DEBUG] timestep=18000020, current_time_ps=0.020, last_output_time=0.011821794232944868, write_count=2
[HDF5 Writer DEBUG] Skipping output: not time yet (current=0.020, last=0.011821794232944868, period=0.01)
[HDF5 Writer DEBUG] timestep=18000021, current_time_ps=0.021, last_output_time=0.011821794232944868, write_count=2
[HDF5 Writer DEBUG] Skipping output: not time yet (current=0.021, last=0.011821794232944868, period=0.01)
[HDF5 Writer DEBUG] timestep=18000022, current_time_ps=0.022, last_output_time=0.011821794232944868, write_count=2
[HDF5 Writer DEBUG] Skipping output: not time yet (current=0.022, last=0.011821794232944868, period=0.01)
[HDF5 Writer DEBUG] timestep=18000023, current_time_ps=0.023, last_output_time=0.011821794232944868, write_count=2
[HDF5 Writer DEBUG] Writing data point 2 at time 0.023 ps
✓ SWMR mode enabled - file can now be read concurrently
Simulation.timestep  Simulation.tps Time.elapsed_ps Performance.ns_per_day Performance.eta   Cavity.lambda Adaptive.error_tolerance
       18001023        66.93973         1.00050            5.52        13:03:05        4.20e-02        2.00e+00
       18002434        67.06241         2.00051            4.71        15:16:19        4.20e-02        2.00e+00
       18003736        67.16723         3.00062            4.63        15:32:26        4.20e-02        2.00e+00
       18004979        67.20046         4.00129            4.64        15:29:30        4.20e-02        2.00e+00
       18006217        67.21325         5.00161            4.65        15:27:02        4.20e-02        2.00e+00
       18007299        67.16714         6.00249            4.75        15:06:39        4.20e-02        2.00e+00
       18008371        67.22499         7.00326            4.84        14:49:44        4.20e-02        2.00e+00
       18009559        67.24237         8.00378            4.85        14:48:08        4.20e-02        2.00e+00
DEBUG @ t=18010000: current_coupling=0.042, last=0.042
       18010775        67.27615         9.00406            4.85        14:48:52        4.20e-02        2.00e+00
       18011999        67.25810        10.00421            4.83        14:50:37        4.20e-02        2.00e+00
       18013123        67.27926        11.00428            4.86        14:44:46        4.20e-02        2.00e+00
       18014369        67.37619        12.00466            4.85        14:46:20        4.20e-02        2.00e+00
       18015582        67.41619        13.00548            4.85        14:46:14        4.20e-02        2.00e+00
       18016782        67.49144        14.00585            4.86        14:44:56        4.20e-02        2.00e+00
       18018001        67.48788        15.00667            4.85        14:45:33        4.20e-02        2.00e+00
       18019187        67.52924        16.00671            4.86        14:44:01        4.20e-02        2.00e+00
DEBUG @ t=18020000: current_coupling=0.042, last=0.042
       18020356        67.52861        17.00695            4.87        14:42:21        4.20e-02        2.00e+00
       18021564        67.53966        18.00722            4.87        14:42:17        4.20e-02        2.00e+00
       18022677        67.53872        19.00798            4.89        14:38:38        4.20e-02        2.00e+00
       18023869        67.54957        20.00876            4.89        14:38:05        4.20e-02        2.00e+00
       18025114        67.59106        21.00924            4.88        14:39:00        4.20e-02        2.00e+00
       18026302        67.61840        22.00970            4.88        14:38:03        4.20e-02        2.00e+00
       18027483        67.63956        23.01050            4.89        14:36:58        4.20e-02        2.00e+00
       18028607        67.63830        24.01108            4.90        14:34:29        4.20e-02        2.00e+00
       18029750        67.65168        25.01149            4.91        14:32:33        4.20e-02        2.00e+00
DEBUG @ t=18030000: current_coupling=0.042, last=0.042
       18030891        67.64485        26.01165            4.92        14:30:56        4.20e-02        2.00e+00
       18032007        67.63374        27.01187            4.93        14:28:49        4.20e-02        2.00e+00
       18033189        67.64607        28.01198            4.93        14:28:15        4.20e-02        2.00e+00
       18034338        67.65096        29.01261            4.93        14:26:57        4.20e-02        2.00e+00
       18035608        67.66235        30.01273            4.92        14:28:36        4.20e-02        2.00e+00
       18036872        67.68119        31.01307            4.91        14:29:52        4.20e-02        2.00e+00
       18037958        67.67303        32.01322            4.93        14:27:18        4.20e-02        2.00e+00
       18039158        67.67339        33.01372            4.93        14:27:17        4.20e-02        2.00e+00
DEBUG @ t=18040000: current_coupling=0.042, last=0.042
       18040406        67.67829        34.01388            4.92        14:28:15        4.20e-02        2.00e+00
       18041572        67.70357        35.01428            4.92        14:27:09        4.20e-02        2.00e+00
       18042750        67.72425        36.01476            4.93        14:26:22        4.20e-02        2.00e+00
       18043850        67.73967        37.01566            4.94        14:24:08        4.20e-02        2.00e+00
       18044982        67.77606        38.01608            4.95        14:22:21        4.20e-02        2.00e+00
       18046157        67.78637        39.01627            4.95        14:21:45        4.20e-02        2.00e+00
       18047225        67.77665        40.01708            4.96        14:19:28        4.20e-02        2.00e+00
       18048305        67.78145        41.01798            4.97        14:17:18        4.20e-02        2.00e+00
       18049374        67.80710        42.01801            4.98        14:14:48        4.20e-02        2.00e+00
DEBUG @ t=18050000: current_coupling=0.042, last=0.042
       18050551        67.86294        43.01816            4.99        14:13:49        4.20e-02        2.00e+00
       18051677        67.86720        44.01829            4.99        14:12:40        4.20e-02        2.00e+00
       18052769        67.86173        45.01904            5.00        14:11:06        4.20e-02        2.00e+00
       18053938        67.85503        46.01980            5.00        14:10:49        4.20e-02        2.00e+00
       18055151        67.84709        47.02052            5.00        14:11:14        4.20e-02        2.00e+00
       18056264        67.83858        48.02131            5.00        14:10:08        4.20e-02        2.00e+00
       18057345        67.83312        49.02204            5.01        14:08:33        4.20e-02        2.00e+00
       18058469        67.82688        50.02219            5.01        14:07:40        4.20e-02        2.00e+00
       18059592        67.82696        51.02284            5.02        14:06:42        4.20e-02        2.00e+00
DEBUG @ t=18060000: current_coupling=0.042, last=0.042
       18060836        67.83281        52.02361            5.01        14:07:23        4.20e-02        2.00e+00
       18061983        67.83468        53.02438            5.01        14:06:45        4.20e-02        2.00e+00
       18063069        67.82470        54.02459            5.02        14:05:28        4.20e-02        2.00e+00
       18064231        67.82201        55.02525            5.02        14:05:07        4.20e-02        2.00e+00
       18065521        67.82939        56.02582            5.01        14:06:19        4.20e-02        2.00e+00
       18066726        67.83721        57.02617            5.01        14:06:22        4.20e-02        2.00e+00
       18067858        67.84227        58.02695            5.01        14:05:31        4.20e-02        2.00e+00
       18069096        67.84502        59.02756            5.01        14:06:02        4.20e-02        2.00e+00
DEBUG @ t=18070000: current_coupling=0.042, last=0.042
       18070410        67.86468        60.02769            5.00        14:07:13        4.20e-02        2.00e+00
       18071598        67.89249        61.02777            5.00        14:06:45        4.20e-02        2.00e+00
       18072879        67.90241        62.02815            4.99        14:07:35        4.20e-02        2.00e+00
       18074156        67.93410        63.02822            4.99        14:08:03        4.20e-02        2.00e+00
       18075225        67.96899        64.02901            5.00        14:06:06        4.20e-02        2.00e+00
       18076308        67.96309        65.02957            5.00        14:04:52        4.20e-02        2.00e+00
       18077391        67.96703        66.03027            5.01        14:03:32        4.20e-02        2.00e+00
       18078587        67.99654        67.03037            5.01        14:03:08        4.20e-02        2.00e+00
       18079946        68.01468        68.03095            5.00        14:04:34        4.20e-02        2.00e+00
DEBUG @ t=18080000: current_coupling=0.042, last=0.042
       18081228        68.01398        69.03112            4.99        14:05:24        4.20e-02        2.00e+00
       18082486        68.01196        70.03171            4.99        14:05:57        4.20e-02        2.00e+00
       18083614        68.00363        71.03173            4.99        14:05:16        4.20e-02        2.00e+00
       18084585        67.99497        72.03268            5.00        14:03:01        4.20e-02        2.00e+00
       18085554        67.98447        73.03288            5.01        14:00:50        4.20e-02        2.00e+00
       18086540        67.98705        74.03291            5.02        13:58:43        4.20e-02        2.00e+00
       18087676        67.99600        75.03301            5.03        13:58:00        4.20e-02        2.00e+00
       18088739        68.00446        76.03386            5.03        13:56:36        4.20e-02        2.00e+00
DEBUG @ t=18090000: current_coupling=0.042, last=0.042
       18090015        68.03357        77.03410            5.03        13:56:58        4.20e-02        2.00e+00
       18091078        68.04296        78.03470            5.04        13:55:35        4.20e-02        2.00e+00
       18092415        68.04386        79.03513            5.03        13:56:49        4.20e-02        2.00e+00
       18093711        68.04911        80.03562            5.02        13:57:35        4.20e-02        2.00e+00
       18094894        68.04995        81.03593            5.02        13:57:24        4.20e-02        2.00e+00
       18096223        68.06334        82.03615            5.01        13:58:19        4.20e-02        2.00e+00
       18097518        68.06303        83.03647            5.01        13:59:04        4.20e-02        2.00e+00
       18098732        68.07381        84.03687            5.00        13:58:59        4.20e-02        2.00e+00
       18099954        68.07451        85.03701            5.00        13:59:05        4.20e-02        2.00e+00
DEBUG @ t=18100000: current_coupling=0.042, last=0.042
[HDF5 Writer DEBUG] timestep=18100000, current_time_ps=85.075, last_output_time=85.06671589008856, write_count=8174
       18101066        68.06964        86.03760            5.01        13:58:19        4.20e-02        2.00e+00
       18102448        68.07151        87.03790            5.00        13:59:42        4.20e-02        2.00e+00
       18103833        68.07322        88.03827            4.99        14:01:04        4.20e-02        2.00e+00
       18105276        68.10188        89.03891            4.98        14:02:31        4.20e-02        2.00e+00
       18106678        68.11950        90.03900            4.97        14:03:45        4.20e-02        2.00e+00
       18107990        68.11496        91.03942            4.96        14:04:30        4.20e-02        2.00e+00
       18109166        68.10060        92.03948            4.96        14:04:19        4.20e-02        2.00e+00
DEBUG @ t=18110000: current_coupling=0.042, last=0.042
       18110364        68.09412        93.03969            4.96        14:04:11        4.20e-02        2.00e+00
       18111586        68.08578        94.03974            4.96        14:04:16        4.20e-02        2.00e+00
       18112776        68.08134        95.04038            4.96        14:04:03        4.20e-02        2.00e+00
       18114068        68.08127        96.04049            4.95        14:04:32        4.20e-02        2.00e+00
       18115337        68.07593        97.04073            4.95        14:04:54        4.20e-02        2.00e+00
       18116591        68.07395        98.04136            4.94        14:05:06        4.20e-02        2.00e+00
       18117822        68.07454        99.04190            4.94        14:05:06        4.20e-02        2.00e+00
       18119091        68.07407       100.04212            4.94        14:05:22        4.20e-02        2.00e+00
DEBUG @ t=18120000: current_coupling=0.042, last=0.042
       18120376        68.07777       101.04218            4.94        14:05:42        4.20e-02        2.00e+00
       18121493        68.07481       102.04220            4.94        14:04:55        4.20e-02        2.00e+00
       18122649        68.07247       103.04255            4.94        14:04:25        4.20e-02        2.00e+00
       18123907        68.07278       104.04293            4.94        14:04:35        4.20e-02        2.00e+00
       18125081        68.06953       105.04314            4.94        14:04:13        4.20e-02        2.00e+00
       18126227        68.06862       106.04359            4.94        14:03:38        4.20e-02        2.00e+00
       18127526        68.07773       107.04432            4.94        14:03:56        4.20e-02        2.00e+00
       18128762        68.08537       108.04484            4.94        14:03:50        4.20e-02        2.00e+00
       18129914        68.08785       109.04495            4.94        14:03:15        4.20e-02        2.00e+00
DEBUG @ t=18130000: current_coupling=0.042, last=0.042
       18131114        68.08539       110.04560            4.94        14:03:02        4.20e-02        2.00e+00
       18132344        68.08906       111.04604            4.94        14:02:56        4.20e-02        2.00e+00
       18133536        68.08923       112.04651            4.94        14:02:39        4.20e-02        2.00e+00
       18134723        68.09305       113.04676            4.94        14:02:16        4.20e-02        2.00e+00
       18135837        68.09289       114.04717            4.94        14:01:30        4.20e-02        2.00e+00
       18136902        68.09148       115.04740            4.94        14:00:27        4.20e-02        2.00e+00
       18137992        68.09894       116.04748            4.95        13:59:27        4.20e-02        2.00e+00
       18139111        68.09884       117.04823            4.95        13:58:44        4.20e-02        2.00e+00
DEBUG @ t=18140000: current_coupling=0.042, last=0.042
       18140246        68.09564       118.04895            4.95        13:58:09        4.20e-02        2.00e+00
       18141291        68.09278       119.04930            4.96        13:57:03        4.20e-02        2.00e+00
       18142361        68.09135       120.04994            4.96        13:56:05        4.20e-02        2.00e+00
       18143558        68.10035       121.04994            4.96        13:55:45        4.20e-02        2.00e+00
       18144789        68.09610       122.05018            4.96        13:55:46        4.20e-02        2.00e+00
       18145962        68.09144       123.05021            4.96        13:55:27        4.20e-02        2.00e+00
       18147128        68.08682       124.05024            4.96        13:55:06        4.20e-02        2.00e+00
       18148338        68.08464       125.05058            4.96        13:54:58        4.20e-02        2.00e+00
       18149548        68.08591       126.05086            4.96        13:54:48        4.20e-02        2.00e+00
DEBUG @ t=18150000: current_coupling=0.042, last=0.042
       18150742        68.08771       127.05088            4.96        13:54:31        4.20e-02        2.00e+00
       18151889        68.09004       128.05143            4.96        13:53:59        4.20e-02        2.00e+00
       18153114        68.09313       129.05174            4.96        13:53:52        4.20e-02        2.00e+00
       18154366        68.09954       130.05213            4.96        13:53:51        4.20e-02        2.00e+00
       18155558        68.10285       131.05216            4.96        13:53:32        4.20e-02        2.00e+00
       18156776        68.10396       132.05282            4.96        13:53:24        4.20e-02        2.00e+00
       18158095        68.10677       133.05319            4.95        13:53:46        4.20e-02        2.00e+00
       18159276        68.11376       134.05357            4.95        13:53:20        4.20e-02        2.00e+00
DEBUG @ t=18160000: current_coupling=0.042, last=0.042
       18160503        68.11372       135.05379            4.95        13:53:15        4.20e-02        2.00e+00
       18161814        68.12501       136.05443            4.95        13:53:27        4.20e-02        2.00e+00
       18163004        68.12755       137.05486            4.95        13:53:07        4.20e-02        2.00e+00
       18164089        68.12467       138.05510            4.95        13:52:20        4.20e-02        2.00e+00
       18165218        68.12441       139.05535            4.95        13:51:45        4.20e-02        2.00e+00
       18166372        68.12613       140.05616            4.95        13:51:16        4.20e-02        2.00e+00
       18167504        68.12442       141.05661            4.96        13:50:42        4.20e-02        2.00e+00
       18168687        68.12851       142.05727            4.96        13:50:20        4.20e-02        2.00e+00
       18169942        68.13589       143.05745            4.95        13:50:17        4.20e-02        2.00e+00
DEBUG @ t=18170000: current_coupling=0.042, last=0.042
       18171129        68.13919       144.05816            4.96        13:49:57        4.20e-02        2.00e+00
       18172277        68.14381       145.05858            4.96        13:49:24        4.20e-02        2.00e+00
       18173437        68.14555       146.05905            4.96        13:48:57        4.20e-02        2.00e+00
       18174597        68.14804       147.05980            4.96        13:48:30        4.20e-02        2.00e+00
       18175729        68.15264       148.06013            4.96        13:47:54        4.20e-02        2.00e+00
       18176853        68.16073       149.06015            4.96        13:47:13        4.20e-02        2.00e+00
       18177936        68.15839       150.06059            4.97        13:46:28        4.20e-02        2.00e+00
       18179052        68.15707       151.06078            4.97        13:45:52        4.20e-02        2.00e+00
DEBUG @ t=18180000: current_coupling=0.042, last=0.042
       18180201        68.16114       152.06151            4.97        13:45:21        4.20e-02        2.00e+00
       18181422        68.16229       153.06224            4.97        13:45:13        4.20e-02        2.00e+00
       18182495        68.16226       154.06246            4.97        13:44:25        4.20e-02        2.00e+00
       18183644        68.16531       155.06266            4.97        13:43:55        4.20e-02        2.00e+00
       18184898        68.17323       156.06319            4.97        13:43:51        4.20e-02        2.00e+00
       18186183        68.18073       157.06353            4.97        13:43:54        4.20e-02        2.00e+00
       18187419        68.18052       158.06401            4.97        13:43:50        4.20e-02        2.00e+00
       18188666        68.18586       159.06478            4.97        13:43:45        4.20e-02        2.00e+00
       18189856        68.18827       160.06491            4.97        13:43:26        4.20e-02        2.00e+00
DEBUG @ t=18190000: current_coupling=0.042, last=0.042
       18190941        68.18349       161.06532            4.97        13:42:46        4.20e-02        2.00e+00
       18192096        68.18140       162.06582            4.97        13:42:22        4.20e-02        2.00e+00
       18193343        68.18414       163.06602            4.97        13:42:19        4.20e-02        2.00e+00
       18194435        68.18844       164.06675            4.97        13:41:34        4.20e-02        2.00e+00
       18195498        68.20029       165.06716            4.97        13:40:37        4.20e-02        2.00e+00
       18196608        68.19790       166.06802            4.98        13:40:03        4.20e-02        2.00e+00
       18197679        68.19494       167.06843            4.98        13:39:19        4.20e-02        2.00e+00
       18198835        68.19273       168.06894            4.98        13:38:57        4.20e-02        2.00e+00
       18199976        68.19065       169.06906            4.98        13:38:30        4.20e-02        2.00e+00
DEBUG @ t=18200000: current_coupling=0.042, last=0.042
[HDF5 Writer DEBUG] timestep=18200000, current_time_ps=169.090, last_output_time=169.08233546550136, write_count=16257
       18201223        68.19001       170.06952            4.98        13:38:29        4.20e-02        2.00e+00
       18202496        68.19404       171.07023            4.98        13:38:30        4.20e-02        2.00e+00
       18203750        68.19875       172.07090            4.98        13:38:26        4.20e-02        2.00e+00
       18204911        68.20063       173.07162            4.98        13:38:02        4.20e-02        2.00e+00
       18206097        68.19767       174.07175            4.98        13:37:47        4.20e-02        2.00e+00
       18207281        68.19432       175.07224            4.98        13:37:32        4.20e-02        2.00e+00
       18208598        68.19491       176.07252            4.97        13:37:45        4.20e-02        2.00e+00
       18209937        68.19522       177.07262            4.97        13:38:03        4.20e-02        2.00e+00
DEBUG @ t=18210000: current_coupling=0.042, last=0.042
       18211145        68.19821       178.07286            4.97        13:37:49        4.20e-02        2.00e+00
       18212269        68.19962       179.07359            4.97        13:37:16        4.20e-02        2.00e+00
       18213493        68.20328       180.07365            4.97        13:37:05        4.20e-02        2.00e+00
       18214730        68.20805       181.07416            4.97        13:36:56        4.20e-02        2.00e+00
       18215838        68.21001       182.07445            4.97        13:36:19        4.20e-02        2.00e+00
       18217029        68.21262       183.07528            4.97        13:36:01        4.20e-02        2.00e+00
       18218182        68.21728       184.07536            4.97        13:35:33        4.20e-02        2.00e+00
       18219416        68.21866       185.07578            4.97        13:35:25        4.20e-02        2.00e+00
DEBUG @ t=18220000: current_coupling=0.042, last=0.042
       18220571        68.22371       186.07637            4.97        13:34:57        4.20e-02        2.00e+00
       18221776        68.23994       187.07709            4.97        13:34:32        4.20e-02        2.00e+00
       18222930        68.25368       188.07796            4.97        13:33:58        4.20e-02        2.00e+00
       18224073        68.26491       189.07852            4.98        13:33:23        4.20e-02        2.00e+00
       18225260        68.26715       190.07930            4.98        13:33:04        4.20e-02        2.00e+00
       18226417        68.27044       191.08003            4.98        13:32:38        4.20e-02        2.00e+00
       18227462        68.27136       192.08007            4.98        13:31:50        4.20e-02        2.00e+00
       18228583        68.27487       193.08013            4.98        13:31:17        4.20e-02        2.00e+00
       18229698        68.27675       194.08054            4.98        13:30:43        4.20e-02        2.00e+00
DEBUG @ t=18230000: current_coupling=0.042, last=0.042
       18230768        68.27830       195.08084            4.99        13:30:01        4.20e-02        2.00e+00
       18231894        68.27910       196.08114            4.99        13:29:31        4.20e-02        2.00e+00
       18233055        68.28327       197.08124            4.99        13:29:06        4.20e-02        2.00e+00
       18234143        68.28392       198.08218            4.99        13:28:29        4.20e-02        2.00e+00
       18235182        68.28537       199.08262            4.99        13:27:41        4.20e-02        2.00e+00
SWITCH DETECTED at timestep 18236183: t = 200.000125 ps
  Forcing immediate timestep adjustment for shock dampening
Added F(k,t) reference 1 at t = 200.001 ps
       18236276        68.28579       200.08305            5.00        13:27:05        4.20e-02        2.00e+00
       18237394        68.28678       201.08317            5.00        13:26:34        4.20e-02        2.00e+00
       18238472        68.29008       202.08350            5.00        13:25:54        4.20e-02        2.00e+00
       18239496        68.29278       203.08384            5.00        13:25:03        4.20e-02        2.00e+00
DEBUG @ t=18240000: current_coupling=0.042, last=0.042
       18240580        68.29604       204.08466            5.01        13:24:24        4.20e-02        2.00e+00
       18241692        68.30202       205.08513            5.01        13:23:49        4.20e-02        2.00e+00
       18242776        68.30795       206.08568            5.01        13:23:09        4.20e-02        2.00e+00
       18243927        68.31395       207.08603            5.01        13:22:42        4.20e-02        2.00e+00
       18245102        68.31471       208.08656            5.01        13:22:23        4.20e-02        2.00e+00
       18246345        68.31749       209.08664            5.01        13:22:17        4.20e-02        2.00e+00
       18247387        68.32002       210.08754            5.01        13:21:31        4.20e-02        2.00e+00
       18248467        68.32220       211.08827            5.01        13:20:53        4.20e-02        2.00e+00
       18249653        68.32842       212.08831            5.01        13:20:33        4.20e-02        2.00e+00
DEBUG @ t=18250000: current_coupling=0.042, last=0.042
       18250826        68.33155       213.08850            5.02        13:20:13        4.20e-02        2.00e+00
       18252041        68.34147       214.08893            5.02        13:19:56        4.20e-02        2.00e+00
       18253215        68.34479       215.08937            5.02        13:19:35        4.20e-02        2.00e+00
       18254352        68.34853       216.08964            5.02        13:19:08        4.20e-02        2.00e+00
       18255563        68.35118       217.08990            5.02        13:18:55        4.20e-02        2.00e+00
       18256779        68.35529       218.09009            5.02        13:18:42        4.20e-02        2.00e+00
       18258008        68.36142       219.09056            5.02        13:18:30        4.20e-02        2.00e+00
       18259180        68.36531       220.09105            5.02        13:18:09        4.20e-02        2.00e+00
DEBUG @ t=18260000: current_coupling=0.042, last=0.042
       18260389        68.36722       221.09114            5.01        13:17:56        4.20e-02        2.00e+00
       18261515        68.37034       222.09212            5.02        13:17:27        4.20e-02        2.00e+00
       18262552        68.37094       223.09236            5.02        13:16:44        4.20e-02        2.00e+00
       18263656        68.37612       224.09256            5.02        13:16:10        4.20e-02        2.00e+00
       18264728        68.37905       225.09327            5.02        13:15:31        4.20e-02        2.00e+00
       18265855        68.38409       226.09357            5.02        13:15:02        4.20e-02        2.00e+00
       18266990        68.38747       227.09407            5.03        13:14:35        4.20e-02        2.00e+00
       18268122        68.39263       228.09412            5.03        13:14:06        4.20e-02        2.00e+00
       18269324        68.39707       229.09429            5.03        13:13:50        4.20e-02        2.00e+00
DEBUG @ t=18270000: current_coupling=0.042, last=0.042
       18270448        68.40310       230.09500            5.03        13:13:20        4.20e-02        2.00e+00
       18271534        68.40970       231.09571            5.03        13:12:42        4.20e-02        2.00e+00
       18272674        68.41967       232.09593            5.03        13:12:12        4.20e-02        2.00e+00
       18273898        68.43040       233.09669            5.03        13:11:56        4.20e-02        2.00e+00
       18274974        68.43734       234.09711            5.03        13:11:16        4.20e-02        2.00e+00
       18276112        68.43975       235.09747            5.03        13:10:51        4.20e-02        2.00e+00
       18277129        68.44418       236.09814            5.04        13:10:04        4.20e-02        2.00e+00
       18278138        68.44594       237.09837            5.04        13:09:17        4.20e-02        2.00e+00
       18279285        68.45158       238.09846            5.04        13:08:52        4.20e-02        2.00e+00
DEBUG @ t=18280000: current_coupling=0.042, last=0.042
       18280409        68.45643       239.09913            5.04        13:08:23        4.20e-02        2.00e+00
       18281512        68.46042       240.09915            5.04        13:07:51        4.20e-02        2.00e+00
       18282575        68.46205       241.09918            5.05        13:07:15        4.20e-02        2.00e+00
       18283627        68.46432       242.09954            5.05        13:06:36        4.20e-02        2.00e+00
       18284714        68.46653       243.09987            5.05        13:06:03        4.20e-02        2.00e+00
       18285795        68.46974       244.10004            5.05        13:05:29        4.20e-02        2.00e+00
       18286896        68.47244       245.10008            5.05        13:04:59        4.20e-02        2.00e+00
       18287963        68.47492       246.10060            5.06        13:04:23        4.20e-02        2.00e+00
       18289047        68.47865       247.10126            5.06        13:03:49        4.20e-02        2.00e+00
DEBUG @ t=18290000: current_coupling=0.042, last=0.042
       18290045        68.48185       248.10197            5.06        13:03:02        4.20e-02        2.00e+00
       18291113        68.48478       249.10209            5.06        13:02:26        4.20e-02        2.00e+00
       18292309        68.48606       250.10224            5.06        13:02:13        4.20e-02        2.00e+00
       18293441        68.48950       251.10236            5.06        13:01:47        4.20e-02        2.00e+00
       18294584        68.49324       252.10323            5.06        13:01:23        4.20e-02        2.00e+00
       18295727        68.50132       253.10374            5.07        13:00:57        4.20e-02        2.00e+00
       18296865        68.50368       254.10392            5.07        13:00:33        4.20e-02        2.00e+00
       18297960        68.50504       255.10473            5.07        13:00:03        4.20e-02        2.00e+00
       18299084        68.50655       256.10560            5.07        12:59:38        4.20e-02        2.00e+00
DEBUG @ t=18300000: current_coupling=0.042, last=0.042
[HDF5 Writer DEBUG] timestep=18300000, current_time_ps=256.920, last_output_time=256.9148822554738, write_count=24639
       18300209        68.50755       257.10591            5.07        12:59:14        4.20e-02        2.00e+00
       18301356        68.50868       258.10662            5.07        12:58:53        4.20e-02        2.00e+00
       18302550        68.51186       259.10725            5.07        12:58:37        4.20e-02        2.00e+00
       18303731        68.51395       260.10793            5.07        12:58:21        4.20e-02        2.00e+00
       18304877        68.51868       261.10867            5.07        12:57:57        4.20e-02        2.00e+00
       18305992        68.52062       262.10945            5.07        12:57:30        4.20e-02        2.00e+00
       18307153        68.52407       263.10999            5.07        12:57:10        4.20e-02        2.00e+00
       18308218        68.52418       264.11049            5.07        12:56:37        4.20e-02        2.00e+00
       18309220        68.52581       265.11106            5.08        12:55:54        4.20e-02        2.00e+00
DEBUG @ t=18310000: current_coupling=0.042, last=0.042
       18310304        68.52542       266.11146            5.08        12:55:25        4.20e-02        2.00e+00
       18311374        68.52774       267.11186            5.08        12:54:52        4.20e-02        2.00e+00
       18312424        68.53110       268.11276            5.08        12:54:15        4.20e-02        2.00e+00
       18313534        68.53331       269.11342            5.08        12:53:48        4.20e-02        2.00e+00
       18314667        68.54037       270.11351            5.08        12:53:22        4.20e-02        2.00e+00
       18315758        68.54286       271.11376            5.08        12:52:52        4.20e-02        2.00e+00
       18316819        68.54736       272.11394            5.09        12:52:17        4.20e-02        2.00e+00
       18317904        68.55047       273.11395            5.09        12:51:46        4.20e-02        2.00e+00
       18318973        68.55407       274.11471            5.09        12:51:13        4.20e-02        2.00e+00
DEBUG @ t=18320000: current_coupling=0.042, last=0.042
       18320058        68.55814       275.11522            5.09        12:50:42        4.20e-02        2.00e+00
       18321200        68.56084       276.11543            5.09        12:50:20        4.20e-02        2.00e+00
       18322308        68.56092       277.11575            5.09        12:49:55        4.20e-02        2.00e+00
       18323451        68.56064       278.11584            5.09        12:49:35        4.20e-02        2.00e+00
       18324497        68.56492       279.11590            5.10        12:48:59        4.20e-02        2.00e+00
       18325503        68.56613       280.11597            5.10        12:48:19        4.20e-02        2.00e+00
       18326487        68.56810       281.11652            5.10        12:47:35        4.20e-02        2.00e+00
       18327541        68.57063       282.11670            5.10        12:47:02        4.20e-02        2.00e+00
       18328633        68.57221       283.11703            5.10        12:46:34        4.20e-02        2.00e+00
       18329696        68.57415       284.11740            5.11        12:46:02        4.20e-02        2.00e+00
DEBUG @ t=18330000: current_coupling=0.042, last=0.042
       18330718        68.57487       285.11773            5.11        12:45:25        4.20e-02        2.00e+00
       18331788        68.57642       286.11836            5.11        12:44:55        4.20e-02        2.00e+00
       18332878        68.58067       287.11876            5.11        12:44:25        4.20e-02        2.00e+00
       18334008        68.58485       288.11893            5.11        12:44:01        4.20e-02        2.00e+00
       18335235        68.58936       289.11971            5.11        12:43:51        4.20e-02        2.00e+00
       18336338        68.58871       290.12017            5.11        12:43:26        4.20e-02        2.00e+00
       18337429        68.59098       291.12027            5.11        12:42:59        4.20e-02        2.00e+00
       18338519        68.59128       292.12068            5.11        12:42:32        4.20e-02        2.00e+00
       18339706        68.59126       293.12097            5.11        12:42:19        4.20e-02        2.00e+00
DEBUG @ t=18340000: current_coupling=0.042, last=0.042
       18340765        68.59199       294.12179            5.11        12:41:48        4.20e-02        2.00e+00
       18341775        68.59140       295.12218            5.12        12:41:12        4.20e-02        2.00e+00
       18342757        68.58976       296.12283            5.12        12:40:32        4.20e-02        2.00e+00
       18343839        68.58870       297.12292            5.12        12:40:06        4.20e-02        2.00e+00
       18344853        68.58991       298.12293            5.12        12:39:29        4.20e-02        2.00e+00
       18345770        68.58975       299.12402            5.13        12:38:41        4.20e-02        2.00e+00
       18346784        68.58903       300.12485            5.13        12:38:06        4.20e-02        2.00e+00
       18347850        68.58891       301.12561            5.13        12:37:37        4.20e-02        2.00e+00
       18348961        68.58956       302.12580            5.13        12:37:14        4.20e-02        2.00e+00
       18349936        68.59014       303.12604            5.13        12:36:33        4.20e-02        2.00e+00
DEBUG @ t=18350000: current_coupling=0.042, last=0.042
       18350927        68.59190       304.12662            5.14        12:35:54        4.20e-02        2.00e+00
       18351915        68.59307       305.12755            5.14        12:35:15        4.20e-02        2.00e+00
       18352966        68.59660       306.12782            5.14        12:34:43        4.20e-02        2.00e+00
       18354017        68.59918       307.12837            5.14        12:34:11        4.20e-02        2.00e+00
       18355086        68.60446       308.12913            5.14        12:33:40        4.20e-02        2.00e+00
       18356147        68.60528       309.12978            5.14        12:33:11        4.20e-02        2.00e+00
       18357148        68.60525       310.12979            5.15        12:32:35        4.20e-02        2.00e+00
       18358236        68.60648       311.12996            5.15        12:32:09        4.20e-02        2.00e+00
       18359295        68.60799       312.13081            5.15        12:31:40        4.20e-02        2.00e+00
DEBUG @ t=18360000: current_coupling=0.042, last=0.042
       18360296        68.60705       313.13156            5.15        12:31:05        4.20e-02        2.00e+00
       18361382        68.61055       314.13209            5.15        12:30:38        4.20e-02        2.00e+00
       18362428        68.61122       315.13223            5.15        12:30:07        4.20e-02        2.00e+00
       18363530        68.61206       316.13316            5.15        12:29:44        4.20e-02        2.00e+00
       18364623        68.61303       317.13318            5.16        12:29:20        4.20e-02        2.00e+00
       18365714        68.61499       318.13351            5.16        12:28:54        4.20e-02        2.00e+00
       18366818        68.61989       319.13368            5.16        12:28:29        4.20e-02        2.00e+00
       18367878        68.62165       320.13430            5.16        12:28:00        4.20e-02        2.00e+00
       18368997        68.62330       321.13439            5.16        12:27:38        4.20e-02        2.00e+00
DEBUG @ t=18370000: current_coupling=0.042, last=0.042
       18370265        68.62572       322.13507            5.16        12:27:34        4.20e-02        2.00e+00
       18371268        68.62770       323.13553            5.16        12:26:58        4.20e-02        2.00e+00
       18372391        68.63023       324.13559            5.16        12:26:37        4.20e-02        2.00e+00
       18373413        68.63143       325.13635            5.16        12:26:04        4.20e-02        2.00e+00
       18374609        68.63221       326.13646            5.16        12:25:52        4.20e-02        2.00e+00
       18375803        68.63335       327.13660            5.16        12:25:40        4.20e-02        2.00e+00
       18376948        68.63358       328.13704            5.16        12:25:23        4.20e-02        2.00e+00
       18378071        68.63475       329.13776            5.16        12:25:02        4.20e-02        2.00e+00
       18379270        68.63874       330.13787            5.16        12:24:49        4.20e-02        2.00e+00
DEBUG @ t=18380000: current_coupling=0.042, last=0.042
       18380411        68.63990       331.13844            5.16        12:24:30        4.20e-02        2.00e+00
       18381622        68.64311       332.13928            5.16        12:24:19        4.20e-02        2.00e+00
       18382903        68.64505       333.13943            5.16        12:24:16        4.20e-02        2.00e+00
       18384036        68.64472       334.13976            5.16        12:23:58        4.20e-02        2.00e+00
       18384993        68.64666       335.14038            5.16        12:23:17        4.20e-02        2.00e+00
       18386030        68.64962       336.14087            5.16        12:22:45        4.20e-02        2.00e+00
       18387257        68.65299       337.14175            5.16        12:22:35        4.20e-02        2.00e+00
       18388219        68.65409       338.14181            5.17        12:21:57        4.20e-02        2.00e+00
       18389324        68.65494       339.14228            5.17        12:21:34        4.20e-02        2.00e+00
DEBUG @ t=18390000: current_coupling=0.042, last=0.042
       18390310        68.65439       340.14255            5.17        12:20:59        4.20e-02        2.00e+00
       18391326        68.65376       341.14294            5.17        12:20:28        4.20e-02        2.00e+00
       18392447        68.65269       342.14369            5.17        12:20:09        4.20e-02        2.00e+00
       18393664        68.65457       343.14396            5.17        12:19:59        4.20e-02        2.00e+00
       18394737        68.65683       344.14433            5.17        12:19:32        4.20e-02        2.00e+00
       18395930        68.66226       345.14500            5.17        12:19:17        4.20e-02        2.00e+00
       18397139        68.66642       346.14571            5.17        12:19:05        4.20e-02        2.00e+00
       18398246        68.66669       347.14605            5.17        12:18:43        4.20e-02        2.00e+00
       18399304        68.66810       348.14645            5.17        12:18:16        4.20e-02        2.00e+00
DEBUG @ t=18400000: current_coupling=0.042, last=0.042
[HDF5 Writer DEBUG] timestep=18400000, current_time_ps=348.716, last_output_time=348.71221691461, write_count=33418
       18400476        68.67004       349.14732            5.17        12:18:00        4.20e-02        2.00e+00
       18401524        68.67177       350.14756            5.17        12:17:32        4.20e-02        2.00e+00
       18402570        68.67254       351.14774            5.18        12:17:03        4.20e-02        2.00e+00
       18403630        68.67183       352.14777            5.18        12:16:38        4.20e-02        2.00e+00
       18404697        68.67278       353.14778            5.18        12:16:12        4.20e-02        2.00e+00
       18405767        68.67419       354.14794            5.18        12:15:46        4.20e-02        2.00e+00
       18406886        68.67416       355.14835            5.18        12:15:26        4.20e-02        2.00e+00
       18408091        68.67473       356.14884            5.18        12:15:15        4.20e-02        2.00e+00
       18409141        68.67511       357.14905            5.18        12:14:48        4.20e-02        2.00e+00
DEBUG @ t=18410000: current_coupling=0.042, last=0.042
       18410127        68.67419       358.14943            5.18        12:14:15        4.20e-02        2.00e+00
       18411162        68.67377       359.14982            5.18        12:13:46        4.20e-02        2.00e+00
       18412362        68.67468       360.14995            5.18        12:13:35        4.20e-02        2.00e+00
       18413581        68.67381       361.15071            5.18        12:13:27        4.20e-02        2.00e+00
       18414810        68.67268       362.15107            5.18        12:13:20        4.20e-02        2.00e+00
       18416052        68.67210       363.15111            5.18        12:13:14        4.20e-02        2.00e+00
       18417178        68.67238       364.15186            5.18        12:12:54        4.20e-02        2.00e+00
       18418509        68.67152       365.15189            5.18        12:12:58        4.20e-02        2.00e+00
       18419798        68.67472       366.15203            5.17        12:12:54        4.20e-02        2.00e+00
DEBUG @ t=18420000: current_coupling=0.042, last=0.042
       18421090        68.67436       367.15230            5.17        12:12:53        4.20e-02        2.00e+00
       18422374        68.67504       368.15274            5.17        12:12:50        4.20e-02        2.00e+00
       18423454        68.67457       369.15279            5.17        12:12:26        4.20e-02        2.00e+00
       18424721        68.67701       370.15294            5.17        12:12:20        4.20e-02        2.00e+00
       18425980        68.68076       371.15314            5.17        12:12:13        4.20e-02        2.00e+00
       18427043        68.68106       372.15407            5.17        12:11:47        4.20e-02        2.00e+00
       18428076        68.68172       373.15465            5.17        12:11:18        4.20e-02        2.00e+00
       18429092        68.68080       374.15508            5.17        12:10:49        4.20e-02        2.00e+00
DEBUG @ t=18430000: current_coupling=0.042, last=0.042
       18430272        68.68300       375.15570            5.17        12:10:34        4.20e-02        2.00e+00
       18431495        68.68596       376.15633            5.17        12:10:23        4.20e-02        2.00e+00
       18432798        68.69055       377.15638            5.17        12:10:19        4.20e-02        2.00e+00
       18434102        68.69283       378.15689            5.17        12:10:16        4.20e-02        2.00e+00
       18435354        68.69312       379.15713            5.17        12:10:10        4.20e-02        2.00e+00
       18436467        68.69356       380.15766            5.17        12:09:49        4.20e-02        2.00e+00
       18437653        68.69857       381.15792            5.17        12:09:33        4.20e-02        2.00e+00
       18438799        68.70098       382.15848            5.17        12:09:15        4.20e-02        2.00e+00
       18439886        68.70057       383.15849            5.17        12:08:52        4.20e-02        2.00e+00
DEBUG @ t=18440000: current_coupling=0.042, last=0.042
       18440932        68.70059       384.15870            5.17        12:08:25        4.20e-02        2.00e+00
       18442115        68.70129       385.15920            5.17        12:08:12        4.20e-02        2.00e+00
       18443345        68.70168       386.15964            5.17        12:08:03        4.20e-02        2.00e+00
       18444429        68.70254       387.16040            5.17        12:07:39        4.20e-02        2.00e+00
       18445556        68.70426       388.16118            5.17        12:07:19        4.20e-02        2.00e+00
       18446702        68.70628       389.16165            5.17        12:07:01        4.20e-02        2.00e+00
       18447831        68.70797       390.16255            5.17        12:06:41        4.20e-02        2.00e+00
       18448917        68.70831       391.16289            5.17        12:06:18        4.20e-02        2.00e+00
DEBUG @ t=18450000: current_coupling=0.042, last=0.042
       18450060        68.70817       392.16354            5.17        12:06:01        4.20e-02        2.00e+00
       18451108        68.70833       393.16433            5.17        12:05:34        4.20e-02        2.00e+00
       18452142        68.70804       394.16457            5.17        12:05:07        4.20e-02        2.00e+00
       18453146        68.70814       395.16526            5.18        12:04:36        4.20e-02        2.00e+00
       18454296        68.71032       396.16589            5.18        12:04:18        4.20e-02        2.00e+00
       18455363        68.71007       397.16647            5.18        12:03:54        4.20e-02        2.00e+00
       18456458        68.71003       398.16690            5.18        12:03:33        4.20e-02        2.00e+00
       18457732        68.71083       399.16753            5.18        12:03:27        4.20e-02        2.00e+00
Added F(k,t) reference 2 at t = 400.002 ps
       18458897        68.71067       400.16824            5.18        12:03:12        4.20e-02        2.00e+00
       18459982        68.71061       401.16914            5.18        12:02:50        4.20e-02        2.00e+00
DEBUG @ t=18460000: current_coupling=0.042, last=0.042
       18461099        68.71136       402.16923            5.18        12:02:30        4.20e-02        2.00e+00
       18462147        68.71219       403.17013            5.18        12:02:03        4.20e-02        2.00e+00
       18463162        68.71151       404.17068            5.18        12:01:35        4.20e-02        2.00e+00
       18464236        68.71042       405.17166            5.18        12:01:12        4.20e-02        2.00e+00
       18465248        68.71048       406.17178            5.18        12:00:43        4.20e-02        2.00e+00
       18466331        68.71007       407.17200            5.18        12:00:21        4.20e-02        2.00e+00
       18467389        68.71036       408.17210            5.18        11:59:56        4.20e-02        2.00e+00
       18468475        68.71038       409.17278            5.18        11:59:33        4.20e-02        2.00e+00
       18469607        68.71275       410.17346            5.19        11:59:14        4.20e-02        2.00e+00
DEBUG @ t=18470000: current_coupling=0.042, last=0.042
       18470768        68.71397       411.17409            5.19        11:58:58        4.20e-02        2.00e+00
       18471863        68.71634       412.17483            5.19        11:58:35        4.20e-02        2.00e+00
       18472960        68.71791       413.17491            5.19        11:58:13        4.20e-02        2.00e+00
       18474065        68.71906       414.17517            5.19        11:57:52        4.20e-02        2.00e+00
       18475282        68.72106       415.17558            5.19        11:57:41        4.20e-02        2.00e+00
       18476305        68.72066       416.17581            5.19        11:57:13        4.20e-02        2.00e+00
       18477437        68.72075       417.17662            5.19        11:56:55        4.20e-02        2.00e+00
       18478527        68.72270       418.17698            5.19        11:56:32        4.20e-02        2.00e+00
       18479604        68.72512       419.17708            5.19        11:56:08        4.20e-02        2.00e+00
DEBUG @ t=18480000: current_coupling=0.042, last=0.042
       18480660        68.72525       420.17746            5.19        11:55:44        4.20e-02        2.00e+00
       18481755        68.72775       421.17791            5.19        11:55:21        4.20e-02        2.00e+00
       18482890        68.72914       422.17808            5.19        11:55:03        4.20e-02        2.00e+00
       18483938        68.73109       423.17855            5.19        11:54:36        4.20e-02        2.00e+00
       18485027        68.73283       424.17936            5.19        11:54:14        4.20e-02        2.00e+00
       18486110        68.73384       425.17984            5.19        11:53:51        4.20e-02        2.00e+00
       18487119        68.73472       426.17986            5.20        11:53:22        4.20e-02        2.00e+00
       18488179        68.73773       427.18002            5.20        11:52:56        4.20e-02        2.00e+00
       18489325        68.73928       428.18080            5.20        11:52:39        4.20e-02        2.00e+00
DEBUG @ t=18490000: current_coupling=0.042, last=0.042
       18490398        68.73919       429.18108            5.20        11:52:16        4.20e-02        2.00e+00
       18491507        68.73964       430.18120            5.20        11:51:56        4.20e-02        2.00e+00
       18492641        68.74065       431.18174            5.20        11:51:38        4.20e-02        2.00e+00
       18493730        68.74133       432.18246            5.20        11:51:16        4.20e-02        2.00e+00
       18494804        68.74375       433.18306            5.20        11:50:52        4.20e-02        2.00e+00
       18495852        68.74936       434.18339            5.20        11:50:24        4.20e-02        2.00e+00
       18496895        68.75300       435.18368            5.20        11:49:57        4.20e-02        2.00e+00
       18497966        68.75715       436.18432            5.20        11:49:31        4.20e-02        2.00e+00
       18499018        68.75768       437.18493            5.20        11:49:07        4.20e-02        2.00e+00
DEBUG @ t=18500000: current_coupling=0.042, last=0.042
[HDF5 Writer DEBUG] timestep=18500000, current_time_ps=438.117, last_output_time=438.11633338202586, write_count=41970
       18500072        68.75768       438.18552            5.21        11:48:43        4.20e-02        2.00e+00
       18501127        68.75692       439.18584            5.21        11:48:19        4.20e-02        2.00e+00
       18502162        68.75695       440.18639            5.21        11:47:53        4.20e-02        2.00e+00
       18503221        68.75668       441.18690            5.21        11:47:30        4.20e-02        2.00e+00
       18504257        68.75617       442.18699            5.21        11:47:05        4.20e-02        2.00e+00
       18505317        68.75583       443.18732            5.21        11:46:42        4.20e-02        2.00e+00
       18506370        68.75798       444.18805            5.21        11:46:17        4.20e-02        2.00e+00
       18507463        68.75992       445.18820            5.21        11:45:55        4.20e-02        2.00e+00
       18508636        68.76170       446.18848            5.21        11:45:40        4.20e-02        2.00e+00
       18509793        68.76467       447.18872            5.21        11:45:23        4.20e-02        2.00e+00
DEBUG @ t=18510000: current_coupling=0.042, last=0.042
       18510887        68.76598       448.18904            5.21        11:45:02        4.20e-02        2.00e+00
       18511914        68.76609       449.18954            5.21        11:44:36        4.20e-02        2.00e+00
       18513039        68.76702       450.18965            5.21        11:44:17        4.20e-02        2.00e+00
       18514093        68.76737       451.19009            5.21        11:43:53        4.20e-02        2.00e+00
       18515234        68.77059       452.19051            5.21        11:43:35        4.20e-02        2.00e+00
       18516341        68.77389       453.19052            5.22        11:43:14        4.20e-02        2.00e+00
       18517439        68.77440       454.19070            5.22        11:42:53        4.20e-02        2.00e+00
       18518494        68.77405       455.19159            5.22        11:42:30        4.20e-02        2.00e+00
       18519504        68.77409       456.19258            5.22        11:42:03        4.20e-02        2.00e+00
DEBUG @ t=18520000: current_coupling=0.042, last=0.042
       18520516        68.77486       457.19289            5.22        11:41:36        4.20e-02        2.00e+00
       18521598        68.77473       458.19296            5.22        11:41:14        4.20e-02        2.00e+00
       18522667        68.77523       459.19299            5.22        11:40:52        4.20e-02        2.00e+00
       18523695        68.77669       460.19387            5.22        11:40:26        4.20e-02        2.00e+00
       18524692        68.77824       461.19422            5.22        11:39:57        4.20e-02        2.00e+00
       18525715        68.77869       462.19426            5.22        11:39:31        4.20e-02        2.00e+00
       18526717        68.77832       463.19503            5.23        11:39:04        4.20e-02        2.00e+00
       18527749        68.78008       464.19557            5.23        11:38:38        4.20e-02        2.00e+00
       18528779        68.77982       465.19641            5.23        11:38:13        4.20e-02        2.00e+00
       18529798        68.77939       466.19676            5.23        11:37:47        4.20e-02        2.00e+00
DEBUG @ t=18530000: current_coupling=0.042, last=0.042
       18530847        68.77869       467.19757            5.23        11:37:24        4.20e-02        2.00e+00
       18531968        68.77902       468.19800            5.23        11:37:06        4.20e-02        2.00e+00
       18533057        68.77849       469.19808            5.23        11:36:46        4.20e-02        2.00e+00
       18534052        68.77798       470.19895            5.23        11:36:19        4.20e-02        2.00e+00
       18535071        68.77746       471.19941            5.23        11:35:53        4.20e-02        2.00e+00
       18536087        68.77868       472.19977            5.23        11:35:27        4.20e-02        2.00e+00
       18537229        68.78057       473.20011            5.23        11:35:10        4.20e-02        2.00e+00
       18538317        68.78188       474.20011            5.23        11:34:49        4.20e-02        2.00e+00
       18539380        68.78368       475.20078            5.24        11:34:25        4.20e-02        2.00e+00
DEBUG @ t=18540000: current_coupling=0.042, last=0.042
       18540503        68.78611       476.20168            5.24        11:34:06        4.20e-02        2.00e+00
       18541554        68.78752       477.20185            5.24        11:33:43        4.20e-02        2.00e+00
       18542602        68.78779       478.20251            5.24        11:33:19        4.20e-02        2.00e+00
       18543717        68.78827       479.20301            5.24        11:33:01        4.20e-02        2.00e+00
       18544749        68.78806       480.20395            5.24        11:32:37        4.20e-02        2.00e+00
       18545791        68.78928       481.20427            5.24        11:32:12        4.20e-02        2.00e+00
       18546898        68.78981       482.20487            5.24        11:31:53        4.20e-02        2.00e+00
       18547973        68.79066       483.20577            5.24        11:31:32        4.20e-02        2.00e+00
       18549092        68.79067       484.20659            5.24        11:31:14        4.20e-02        2.00e+00
DEBUG @ t=18550000: current_coupling=0.042, last=0.042
       18550161        68.79089       485.20686            5.24        11:30:52        4.20e-02        2.00e+00
       18551337        68.79415       486.20690            5.24        11:30:37        4.20e-02        2.00e+00
       18552448        68.79480       487.20696            5.24        11:30:19        4.20e-02        2.00e+00
       18553510        68.79425       488.20753            5.24        11:29:57        4.20e-02        2.00e+00
       18554589        68.79552       489.20789            5.24        11:29:36        4.20e-02        2.00e+00
       18555725        68.79503       490.20883            5.24        11:29:20        4.20e-02        2.00e+00
       18556808        68.79702       491.20925            5.24        11:28:58        4.20e-02        2.00e+00
       18557877        68.80134       492.21019            5.24        11:28:34        4.20e-02        2.00e+00
       18559034        68.80311       493.21045            5.24        11:28:18        4.20e-02        2.00e+00
DEBUG @ t=18560000: current_coupling=0.042, last=0.042
       18560112        68.80473       494.21050            5.25        11:27:57        4.20e-02        2.00e+00
       18561263        68.80522       495.21053            5.24        11:27:41        4.20e-02        2.00e+00
       18562444        68.80639       496.21112            5.24        11:27:28        4.20e-02        2.00e+00
       18563454        68.80697       497.21153            5.25        11:27:02        4.20e-02        2.00e+00
       18564472        68.80859       498.21183            5.25        11:26:36        4.20e-02        2.00e+00
       18565632        68.81050       499.21236            5.25        11:26:20        4.20e-02        2.00e+00
       18566818        68.81243       500.21322            5.25        11:26:06        4.20e-02        2.00e+00
       18567960        68.81781       501.21374            5.25        11:25:47        4.20e-02        2.00e+00
       18568999        68.81883       502.21420            5.25        11:25:23        4.20e-02        2.00e+00
       18569999        68.81866       503.21485            5.25        11:24:57        4.20e-02        2.00e+00
DEBUG @ t=18570000: current_coupling=0.042, last=0.042
       18571008        68.81835       504.21498            5.25        11:24:32        4.20e-02        2.00e+00
       18571994        68.81850       505.21595            5.25        11:24:05        4.20e-02        2.00e+00
       18573014        68.81830       506.21654            5.25        11:23:40        4.20e-02        2.00e+00
       18574151        68.81936       507.21666            5.25        11:23:24        4.20e-02        2.00e+00
       18575353        68.82303       508.21679            5.25        11:23:10        4.20e-02        2.00e+00
       18576479        68.82973       509.21682            5.25        11:22:49        4.20e-02        2.00e+00
       18577585        68.83340       510.21723            5.25        11:22:29        4.20e-02        2.00e+00
       18578636        68.83531       511.21747            5.25        11:22:05        4.20e-02        2.00e+00
       18579691        68.83664       512.21826            5.25        11:21:42        4.20e-02        2.00e+00
DEBUG @ t=18580000: current_coupling=0.042, last=0.042
       18580737        68.83671       513.21886            5.26        11:21:20        4.20e-02        2.00e+00
       18581843        68.84146       514.21974            5.26        11:20:59        4.20e-02        2.00e+00
       18582925        68.84387       515.22031            5.26        11:20:37        4.20e-02        2.00e+00
       18584023        68.84452       516.22031            5.26        11:20:18        4.20e-02        2.00e+00
       18585101        68.84616       517.22111            5.26        11:19:57        4.20e-02        2.00e+00
       18586247        68.84736       518.22143            5.26        11:19:41        4.20e-02        2.00e+00
       18587237        68.84836       519.22165            5.26        11:19:14        4.20e-02        2.00e+00
       18588281        68.84927       520.22207            5.26        11:18:51        4.20e-02        2.00e+00
       18589302        68.84986       521.22277            5.26        11:18:27        4.20e-02        2.00e+00
DEBUG @ t=18590000: current_coupling=0.042, last=0.042
       18590328        68.85106       522.22329            5.26        11:18:02        4.20e-02        2.00e+00
       18591456        68.85383       523.22408            5.26        11:17:44        4.20e-02        2.00e+00
       18592572        68.85536       524.22495            5.26        11:17:25        4.20e-02        2.00e+00
       18593583        68.85804       525.22560            5.26        11:16:59        4.20e-02        2.00e+00
       18594678        68.86331       526.22593            5.26        11:16:37        4.20e-02        2.00e+00
       18595804        68.86579       527.22636            5.26        11:16:19        4.20e-02        2.00e+00
       18596913        68.86640       528.22713            5.27        11:16:01        4.20e-02        2.00e+00
       18597983        68.86653       529.22757            5.27        11:15:40        4.20e-02        2.00e+00
       18599091        68.86647       530.22826            5.27        11:15:22        4.20e-02        2.00e+00
DEBUG @ t=18600000: current_coupling=0.042, last=0.042
[HDF5 Writer DEBUG] timestep=18600000, current_time_ps=531.021, last_output_time=531.01941200182, write_count=50822
       18600233        68.86631       531.22875            5.27        11:15:07        4.20e-02        2.00e+00
       18601274        68.86720       532.22931            5.27        11:14:44        4.20e-02        2.00e+00
       18602396        68.86904       533.22934            5.27        11:14:26        4.20e-02        2.00e+00
       18603513        68.87260       534.22998            5.27        11:14:06        4.20e-02        2.00e+00
       18604618        68.87373       535.23056            5.27        11:13:48        4.20e-02        2.00e+00
       18605653        68.87391       536.23109            5.27        11:13:25        4.20e-02        2.00e+00
       18606648        68.87510       537.23197            5.27        11:12:59        4.20e-02        2.00e+00
       18607616        68.87522       538.23273            5.27        11:12:31        4.20e-02        2.00e+00
       18608633        68.87610       539.23319            5.27        11:12:07        4.20e-02        2.00e+00
       18609695        68.87711       540.23384            5.27        11:11:45        4.20e-02        2.00e+00
DEBUG @ t=18610000: current_coupling=0.042, last=0.042
       18610793        68.87832       541.23386            5.27        11:11:26        4.20e-02        2.00e+00
       18611835        68.88003       542.23470            5.27        11:11:03        4.20e-02        2.00e+00
       18612961        68.88231       543.23476            5.27        11:10:45        4.20e-02        2.00e+00
       18614014        68.88369       544.23540            5.27        11:10:23        4.20e-02        2.00e+00
       18615111        68.88606       545.23564            5.28        11:10:03        4.20e-02        2.00e+00
       18616077        68.88595       546.23592            5.28        11:09:36        4.20e-02        2.00e+00
       18617128        68.88640       547.23674            5.28        11:09:15        4.20e-02        2.00e+00
       18618266        68.88802       548.23681            5.28        11:08:58        4.20e-02        2.00e+00
       18619368        68.88882       549.23751            5.28        11:08:39        4.20e-02        2.00e+00
DEBUG @ t=18620000: current_coupling=0.042, last=0.042
       18620407        68.88880       550.23817            5.28        11:08:17        4.20e-02        2.00e+00
       18621484        68.88902       551.23877            5.28        11:07:57        4.20e-02        2.00e+00
       18622569        68.89031       552.23942            5.28        11:07:38        4.20e-02        2.00e+00
       18623594        68.89095       553.24004            5.28        11:07:14        4.20e-02        2.00e+00
       18624609        68.89111       554.24096            5.28        11:06:50        4.20e-02        2.00e+00
       18625644        68.89190       555.24146            5.28        11:06:28        4.20e-02        2.00e+00
       18626704        68.89242       556.24160            5.28        11:06:07        4.20e-02        2.00e+00
       18627815        68.89429       557.24201            5.28        11:05:48        4.20e-02        2.00e+00
       18628934        68.89607       558.24212            5.28        11:05:30        4.20e-02        2.00e+00
DEBUG @ t=18630000: current_coupling=0.042, last=0.042
       18630079        68.89667       559.24240            5.28        11:05:15        4.20e-02        2.00e+00
       18631094        68.89768       560.24284            5.28        11:04:51        4.20e-02        2.00e+00
       18632347        68.90228       561.24347            5.28        11:04:40        4.20e-02        2.00e+00
       18633451        68.90388       562.24408            5.28        11:04:21        4.20e-02        2.00e+00
       18634489        68.90525       563.24466            5.28        11:03:58        4.20e-02        2.00e+00
       18635574        68.90699       564.24479            5.29        11:03:38        4.20e-02        2.00e+00
       18636786        68.90914       565.24496            5.28        11:03:26        4.20e-02        2.00e+00
       18637838        68.91113       566.24579            5.29        11:03:04        4.20e-02        2.00e+00
       18638828        68.91323       567.24619            5.29        11:02:38        4.20e-02        2.00e+00
       18639858        68.91380       568.24639            5.29        11:02:15        4.20e-02        2.00e+00
DEBUG @ t=18640000: current_coupling=0.042, last=0.042
       18640916        68.91462       569.24649            5.29        11:01:54        4.20e-02        2.00e+00
       18641913        68.91466       570.24748            5.29        11:01:30        4.20e-02        2.00e+00
       18642964        68.91553       571.24816            5.29        11:01:08        4.20e-02        2.00e+00
       18643958        68.91654       572.24870            5.29        11:00:43        4.20e-02        2.00e+00
       18645006        68.91741       573.24908            5.29        11:00:21        4.20e-02        2.00e+00
       18646101        68.91865       574.24978            5.29        11:00:02        4.20e-02        2.00e+00
       18647207        68.92092       575.25080            5.29        10:59:44        4.20e-02        2.00e+00
       18648177        68.92174       576.25141            5.29        10:59:17        4.20e-02        2.00e+00
       18649249        68.92267       577.25184            5.29        10:58:57        4.20e-02        2.00e+00
DEBUG @ t=18650000: current_coupling=0.042, last=0.042
       18650238        68.92379       578.25185            5.30        10:58:32        4.20e-02        2.00e+00
       18651264        68.92583       579.25264            5.30        10:58:08        4.20e-02        2.00e+00
       18652328        68.92636       580.25274            5.30        10:57:48        4.20e-02        2.00e+00
       18653386        68.92729       581.25297            5.30        10:57:27        4.20e-02        2.00e+00
       18654316        68.92869       582.25324            5.30        10:56:58        4.20e-02        2.00e+00
       18655243        68.92920       583.25400            5.30        10:56:30        4.20e-02        2.00e+00
       18656268        68.93055       584.25409            5.30        10:56:07        4.20e-02        2.00e+00
       18657269        68.93205       585.25476            5.30        10:55:42        4.20e-02        2.00e+00
       18658196        68.93210       586.25578            5.30        10:55:14        4.20e-02        2.00e+00
       18659105        68.93232       587.25685            5.31        10:54:45        4.20e-02        2.00e+00
DEBUG @ t=18660000: current_coupling=0.042, last=0.042
       18660073        68.93406       588.25779            5.31        10:54:19        4.20e-02        2.00e+00
       18661138        68.93546       589.25786            5.31        10:53:58        4.20e-02        2.00e+00
       18662151        68.93621       590.25816            5.31        10:53:35        4.20e-02        2.00e+00
       18663328        68.93738       591.25832            5.31        10:53:21        4.20e-02        2.00e+00
       18664306        68.93781       592.25939            5.31        10:52:56        4.20e-02        2.00e+00
       18665207        68.93833       593.25986            5.31        10:52:26        4.20e-02        2.00e+00
       18666232        68.93918       594.26002            5.31        10:52:04        4.20e-02        2.00e+00
       18667205        68.93941       595.26033            5.31        10:51:39        4.20e-02        2.00e+00
       18668217        68.93970       596.26047            5.31        10:51:16        4.20e-02        2.00e+00
       18669267        68.94100       597.26097            5.32        10:50:55        4.20e-02        2.00e+00
DEBUG @ t=18670000: current_coupling=0.042, last=0.042
       18670318        68.94187       598.26122            5.32        10:50:34        4.20e-02        2.00e+00
       18671393        68.94287       599.26215            5.32        10:50:15        4.20e-02        2.00e+00
Added F(k,t) reference 3 at t = 600.003 ps
       18672397        68.94387       600.26234            5.32        10:49:51        4.20e-02        2.00e+00
       18673429        68.94499       601.26275            5.32        10:49:29        4.20e-02        2.00e+00
       18674448        68.94701       602.26277            5.32        10:49:06        4.20e-02        2.00e+00
       18675492        68.94836       603.26327            5.32        10:48:44        4.20e-02        2.00e+00
       18676540        68.94948       604.26339            5.32        10:48:23        4.20e-02        2.00e+00
       18677562        68.95031       605.26420            5.32        10:48:01        4.20e-02        2.00e+00
       18678561        68.95069       606.26522            5.32        10:47:38        4.20e-02        2.00e+00
       18679525        68.95134       607.26571            5.32        10:47:12        4.20e-02        2.00e+00
DEBUG @ t=18680000: current_coupling=0.042, last=0.042
       18680523        68.95288       608.26643            5.32        10:46:48        4.20e-02        2.00e+00
       18681600        68.95420       609.26686            5.33        10:46:29        4.20e-02        2.00e+00
       18682676        68.95518       610.26722            5.33        10:46:09        4.20e-02        2.00e+00
       18683718        68.95624       611.26802            5.33        10:45:48        4.20e-02        2.00e+00
       18684805        68.95832       612.26856            5.33        10:45:29        4.20e-02        2.00e+00
       18685889        68.95982       613.26930            5.33        10:45:10        4.20e-02        2.00e+00
       18687016        68.96153       614.27015            5.33        10:44:53        4.20e-02        2.00e+00
       18688071        68.96437       615.27035            5.33        10:44:32        4.20e-02        2.00e+00
       18689092        68.96675       616.27113            5.33        10:44:09        4.20e-02        2.00e+00
DEBUG @ t=18690000: current_coupling=0.042, last=0.042
       18690081        68.96787       617.27143            5.33        10:43:45        4.20e-02        2.00e+00
       18691144        68.96715       618.27207            5.33        10:43:26        4.20e-02        2.00e+00
       18692151        68.96840       619.27275            5.33        10:43:02        4.20e-02        2.00e+00
       18693113        68.96956       620.27286            5.33        10:42:37        4.20e-02        2.00e+00
       18694229        68.97041       621.27321            5.33        10:42:20        4.20e-02        2.00e+00
       18695216        68.97080       622.27383            5.33        10:41:56        4.20e-02        2.00e+00
       18696280        68.97142       623.27451            5.33        10:41:37        4.20e-02        2.00e+00
       18697303        68.97218       624.27520            5.33        10:41:15        4.20e-02        2.00e+00
       18698368        68.97362       625.27525            5.34        10:40:55        4.20e-02        2.00e+00
       18699346        68.97397       626.27619            5.34        10:40:31        4.20e-02        2.00e+00
DEBUG @ t=18700000: current_coupling=0.042, last=0.042
[HDF5 Writer DEBUG] timestep=18700000, current_time_ps=626.969, last_output_time=626.9593163836463, write_count=59971
       18700308        68.97435       627.27640            5.34        10:40:06        4.20e-02        2.00e+00
       18701367        68.97550       628.27655            5.34        10:39:46        4.20e-02        2.00e+00
       18702281        68.97670       629.27726            5.34        10:39:18        4.20e-02        2.00e+00
       18703303        68.97735       630.27780            5.34        10:38:57        4.20e-02        2.00e+00
       18704328        68.97924       631.27860            5.34        10:38:34        4.20e-02        2.00e+00
       18705396        68.98021       632.27864            5.34        10:38:15        4.20e-02        2.00e+00
       18706396        68.98079       633.27961            5.34        10:37:52        4.20e-02        2.00e+00
       18707396        68.98240       634.28002            5.34        10:37:29        4.20e-02        2.00e+00
       18708472        68.98319       635.28006            5.34        10:37:10        4.20e-02        2.00e+00
       18709563        68.98452       636.28066            5.34        10:36:52        4.20e-02        2.00e+00
DEBUG @ t=18710000: current_coupling=0.042, last=0.042
       18710569        68.98536       637.28081            5.35        10:36:29        4.20e-02        2.00e+00
       18711555        68.98559       638.28141            5.35        10:36:06        4.20e-02        2.00e+00
       18712640        68.98707       639.28180            5.35        10:35:47        4.20e-02        2.00e+00
       18713640        68.98785       640.28246            5.35        10:35:25        4.20e-02        2.00e+00
       18714624        68.99043       641.28287            5.35        10:35:00        4.20e-02        2.00e+00
       18715689        68.99232       642.28328            5.35        10:34:40        4.20e-02        2.00e+00
       18716726        68.99313       643.28413            5.35        10:34:19        4.20e-02        2.00e+00
       18717804        68.99399       644.28490            5.35        10:34:01        4.20e-02        2.00e+00
       18718899        68.99543       645.28576            5.35        10:33:43        4.20e-02        2.00e+00
       18719927        68.99686       646.28666            5.35        10:33:21        4.20e-02        2.00e+00
DEBUG @ t=18720000: current_coupling=0.042, last=0.042
       18721002        69.00053       647.28733            5.35        10:33:01        4.20e-02        2.00e+00
       18722079        69.00254       648.28806            5.35        10:32:42        4.20e-02        2.00e+00
       18723194        69.00614       649.28847            5.35        10:32:24        4.20e-02        2.00e+00
       18724193        69.00684       650.28920            5.35        10:32:01        4.20e-02        2.00e+00
       18725160        69.00692       651.29005            5.35        10:31:37        4.20e-02        2.00e+00
       18726275        69.00863       652.29061            5.35        10:31:20        4.20e-02        2.00e+00
       18727148        69.00917       653.29164            5.36        10:30:51        4.20e-02        2.00e+00
       18728296        69.01070       654.29192            5.36        10:30:36        4.20e-02        2.00e+00
       18729287        69.01139       655.29212            5.36        10:30:13        4.20e-02        2.00e+00
DEBUG @ t=18730000: current_coupling=0.042, last=0.042
       18730388        69.01283       656.29260            5.36        10:29:56        4.20e-02        2.00e+00
       18731532        69.01452       657.29267            5.36        10:29:40        4.20e-02        2.00e+00
       18732615        69.01521       658.29333            5.36        10:29:22        4.20e-02        2.00e+00
       18733743        69.01615       659.29343            5.36        10:29:06        4.20e-02        2.00e+00
       18734827        69.01720       660.29412            5.36        10:28:48        4.20e-02        2.00e+00
       18735896        69.01836       661.29432            5.36        10:28:29        4.20e-02        2.00e+00
       18736922        69.01920       662.29493            5.36        10:28:08        4.20e-02        2.00e+00
       18737951        69.02002       663.29502            5.36        10:27:47        4.20e-02        2.00e+00
       18739008        69.02166       664.29532            5.36        10:27:27        4.20e-02        2.00e+00
DEBUG @ t=18740000: current_coupling=0.042, last=0.042
       18740113        69.02340       665.29621            5.36        10:27:10        4.20e-02        2.00e+00
       18741342        69.02860       666.29654            5.36        10:26:56        4.20e-02        2.00e+00
       18742331        69.02911       667.29700            5.36        10:26:34        4.20e-02        2.00e+00
       18743385        69.02980       668.29776            5.36        10:26:14        4.20e-02        2.00e+00
       18744458        69.03014       669.29811            5.36        10:25:56        4.20e-02        2.00e+00
       18745481        69.03113       670.29881            5.36        10:25:35        4.20e-02        2.00e+00
       18746567        69.03387       671.29922            5.36        10:25:16        4.20e-02        2.00e+00
       18747681        69.03586       672.30001            5.36        10:24:59        4.20e-02        2.00e+00
       18748812        69.03769       673.30009            5.36        10:24:42        4.20e-02        2.00e+00
       18749966        69.03921       674.30052            5.36        10:24:28        4.20e-02        2.00e+00
DEBUG @ t=18750000: current_coupling=0.042, last=0.042
       18750972        69.04050       675.30100            5.36        10:24:05        4.20e-02        2.00e+00
       18752220        69.04243       676.30151            5.36        10:23:55        4.20e-02        2.00e+00
       18753268        69.04316       677.30193            5.36        10:23:35        4.20e-02        2.00e+00
       18754472        69.04411       678.30211            5.36        10:23:23        4.20e-02        2.00e+00
       18755767        69.04571       679.30227            5.36        10:23:15        4.20e-02        2.00e+00
       18756847        69.04662       680.30285            5.36        10:22:57        4.20e-02        2.00e+00
       18757963        69.04891       681.30309            5.36        10:22:40        4.20e-02        2.00e+00
       18759189        69.05066       682.30383            5.36        10:22:28        4.20e-02        2.00e+00
DEBUG @ t=18760000: current_coupling=0.042, last=0.042
       18760225        69.05097       683.30396            5.36        10:22:08        4.20e-02        2.00e+00
       18761308        69.05168       684.30458            5.36        10:21:50        4.20e-02        2.00e+00
       18762444        69.05254       685.30536            5.36        10:21:35        4.20e-02        2.00e+00
       18763446        69.05190       686.30564            5.36        10:21:14        4.20e-02        2.00e+00
       18764504        69.05248       687.30611            5.36        10:20:54        4.20e-02        2.00e+00
       18765560        69.05427       688.30675            5.36        10:20:35        4.20e-02        2.00e+00
       18766745        69.05755       689.30694            5.36        10:20:20        4.20e-02        2.00e+00
       18767869        69.06029       690.30740            5.36        10:20:03        4.20e-02        2.00e+00
       18768815        69.06139       691.30835            5.37        10:19:38        4.20e-02        2.00e+00
       18769884        69.06387       692.30880            5.37        10:19:19        4.20e-02        2.00e+00
DEBUG @ t=18770000: current_coupling=0.042, last=0.042
       18771019        69.06640       693.30883            5.37        10:19:02        4.20e-02        2.00e+00
       18772073        69.06859       694.30947            5.37        10:18:42        4.20e-02        2.00e+00
       18773164        69.07022       695.31030            5.37        10:18:24        4.20e-02        2.00e+00
       18774170        69.07268       696.31101            5.37        10:18:02        4.20e-02        2.00e+00
       18775182        69.07458       697.31121            5.37        10:17:40        4.20e-02        2.00e+00
       18776109        69.07694       698.31228            5.37        10:17:14        4.20e-02        2.00e+00
       18777106        69.07866       699.31240            5.37        10:16:51        4.20e-02        2.00e+00
       18778130        69.08039       700.31245            5.37        10:16:30        4.20e-02        2.00e+00
       18779249        69.08274       701.31325            5.37        10:16:13        4.20e-02        2.00e+00
DEBUG @ t=18780000: current_coupling=0.042, last=0.042
       18780179        69.08469       702.31352            5.37        10:15:47        4.20e-02        2.00e+00
       18781211        69.08855       703.31370            5.37        10:15:25        4.20e-02        2.00e+00
       18782168        69.09079       704.31381            5.38        10:15:01        4.20e-02        2.00e+00
       18783214        69.09361       705.31415            5.38        10:14:40        4.20e-02        2.00e+00
       18784126        69.09645       706.31450            5.38        10:14:13        4.20e-02        2.00e+00
       18785227        69.09898       707.31544            5.38        10:13:55        4.20e-02        2.00e+00
       18786232        69.10062       708.31639            5.38        10:13:33        4.20e-02        2.00e+00
       18787171        69.10181       709.31671            5.38        10:13:09        4.20e-02        2.00e+00
       18788081        69.10263       710.31755            5.38        10:12:43        4.20e-02        2.00e+00
       18789057        69.10376       711.31825            5.38        10:12:20        4.20e-02        2.00e+00
       18789967        69.10511       712.31874            5.38        10:11:54        4.20e-02        2.00e+00
DEBUG @ t=18790000: current_coupling=0.042, last=0.042
       18790905        69.10636       713.31965            5.38        10:11:29        4.20e-02        2.00e+00
       18791910        69.10790       714.31980            5.39        10:11:07        4.20e-02        2.00e+00
       18792894        69.10935       715.31999            5.39        10:10:45        4.20e-02        2.00e+00
       18793856        69.11092       716.32040            5.39        10:10:21        4.20e-02        2.00e+00
       18794851        69.11231       717.32095            5.39        10:09:59        4.20e-02        2.00e+00
       18795836        69.11414       718.32158            5.39        10:09:36        4.20e-02        2.00e+00
       18796841        69.11553       719.32237            5.39        10:09:15        4.20e-02        2.00e+00
       18797887        69.11794       720.32265            5.39        10:08:55        4.20e-02        2.00e+00
       18798971        69.12081       721.32326            5.39        10:08:36        4.20e-02        2.00e+00
DEBUG @ t=18800000: current_coupling=0.042, last=0.042
[HDF5 Writer DEBUG] timestep=18800000, current_time_ps=722.274, last_output_time=722.2662695354829, write_count=69067
       18800054        69.12333       722.32368            5.39        10:08:18        4.20e-02        2.00e+00
       18801017        69.12538       723.32463            5.39        10:07:54        4.20e-02        2.00e+00
       18801966        69.12758       724.32551            5.39        10:07:29        4.20e-02        2.00e+00
       18802937        69.12968       725.32602            5.40        10:07:06        4.20e-02        2.00e+00
       18803929        69.13188       726.32698            5.40        10:06:44        4.20e-02        2.00e+00
       18805033        69.13369       727.32744            5.40        10:06:26        4.20e-02        2.00e+00
       18806095        69.13557       728.32763            5.40        10:06:07        4.20e-02        2.00e+00
       18807128        69.13797       729.32792            5.40        10:05:47        4.20e-02        2.00e+00
       18808072        69.13982       730.32814            5.40        10:05:22        4.20e-02        2.00e+00
       18808959        69.14165       731.32919            5.40        10:04:56        4.20e-02        2.00e+00
DEBUG @ t=18810000: current_coupling=0.042, last=0.042
       18810014        69.14405       732.32946            5.40        10:04:36        4.20e-02        2.00e+00
       18811048        69.14668       733.33017            5.40        10:04:15        4.20e-02        2.00e+00
       18812082        69.14898       734.33109            5.40        10:03:55        4.20e-02        2.00e+00
       18813073        69.15167       735.33211            5.40        10:03:32        4.20e-02        2.00e+00
       18814023        69.15404       736.33288            5.40        10:03:08        4.20e-02        2.00e+00
       18815066        69.15756       737.33374            5.41        10:02:47        4.20e-02        2.00e+00
       18816064        69.16084       738.33400            5.41        10:02:25        4.20e-02        2.00e+00
       18817045        69.16415       739.33468            5.41        10:02:02        4.20e-02        2.00e+00
       18818030        69.16685       740.33497            5.41        10:01:39        4.20e-02        2.00e+00
       18819044        69.16942       741.33568            5.41        10:01:18        4.20e-02        2.00e+00
DEBUG @ t=18820000: current_coupling=0.042, last=0.042
       18820106        69.17314       742.33606            5.41        10:00:58        4.20e-02        2.00e+00
       18821136        69.17583       743.33619            5.41        10:00:37        4.20e-02        2.00e+00
       18822131        69.17894       744.33714            5.41        10:00:15        4.20e-02        2.00e+00
       18823161        69.18333       745.33787            5.41        09:59:53        4.20e-02        2.00e+00
       18824183        69.18805       746.33866            5.41        09:59:31        4.20e-02        2.00e+00
       18825108        69.19021       747.33950            5.41        09:59:06        4.20e-02        2.00e+00
       18826129        69.19321       748.33967            5.42        09:58:45        4.20e-02        2.00e+00
       18827122        69.19466       749.34008            5.42        09:58:23        4.20e-02        2.00e+00
       18828120        69.19782       750.34022            5.42        09:58:01        4.20e-02        2.00e+00
       18829069        69.19998       751.34106            5.42        09:57:37        4.20e-02        2.00e+00
DEBUG @ t=18830000: current_coupling=0.042, last=0.042
       18830002        69.20194       752.34142            5.42        09:57:13        4.20e-02        2.00e+00
       18831026        69.20429       753.34233            5.42        09:56:52        4.20e-02        2.00e+00
       18832043        69.20686       754.34255            5.42        09:56:31        4.20e-02        2.00e+00
       18833040        69.21045       755.34308            5.42        09:56:09        4.20e-02        2.00e+00
       18834128        69.21328       756.34329            5.42        09:55:51        4.20e-02        2.00e+00
       18835162        69.21564       757.34387            5.42        09:55:31        4.20e-02        2.00e+00
       18836196        69.21863       758.34404            5.42        09:55:11        4.20e-02        2.00e+00
       18837182        69.22153       759.34483            5.42        09:54:48        4.20e-02        2.00e+00
       18838181        69.22567       760.34541            5.43        09:54:26        4.20e-02        2.00e+00
       18839165        69.23055       761.34550            5.43        09:54:02        4.20e-02        2.00e+00
DEBUG @ t=18840000: current_coupling=0.042, last=0.042
       18840169        69.23458       762.34607            5.43        09:53:40        4.20e-02        2.00e+00
       18841094        69.23706       763.34709            5.43        09:53:15        4.20e-02        2.00e+00
       18842072        69.24226       764.34776            5.43        09:52:51        4.20e-02        2.00e+00
       18843141        69.24576       765.34816            5.43        09:52:32        4.20e-02        2.00e+00
       18844105        69.24820       766.34869            5.43        09:52:09        4.20e-02        2.00e+00
       18845153        69.25107       767.34940            5.43        09:51:50        4.20e-02        2.00e+00
       18846092        69.25332       768.34993            5.43        09:51:26        4.20e-02        2.00e+00
       18847166        69.25642       769.35076            5.43        09:51:07        4.20e-02        2.00e+00
       18848226        69.25894       770.35156            5.43        09:50:48        4.20e-02        2.00e+00
       18849266        69.26177       771.35265            5.44        09:50:28        4.20e-02        2.00e+00
DEBUG @ t=18850000: current_coupling=0.042, last=0.042
       18850168        69.26354       772.35311            5.44        09:50:03        4.20e-02        2.00e+00
       18851248        69.26774       773.35352            5.44        09:49:44        4.20e-02        2.00e+00
       18852226        69.26991       774.35372            5.44        09:49:22        4.20e-02        2.00e+00
       18853185        69.27247       775.35412            5.44        09:48:59        4.20e-02        2.00e+00
       18854204        69.27565       776.35458            5.44        09:48:38        4.20e-02        2.00e+00
       18855220        69.27794       777.35539            5.44        09:48:17        4.20e-02        2.00e+00
       18856196        69.28021       778.35577            5.44        09:47:55        4.20e-02        2.00e+00
       18857250        69.28306       779.35614            5.44        09:47:36        4.20e-02        2.00e+00
       18858181        69.28492       780.35690            5.44        09:47:12        4.20e-02        2.00e+00
       18859172        69.28781       781.35725            5.44        09:46:50        4.20e-02        2.00e+00
DEBUG @ t=18860000: current_coupling=0.042, last=0.042
       18860166        69.29143       782.35801            5.45        09:46:28        4.20e-02        2.00e+00
       18861066        69.29347       783.35893            5.45        09:46:03        4.20e-02        2.00e+00
       18862060        69.29536       784.35975            5.45        09:45:42        4.20e-02        2.00e+00
       18863122        69.29779       785.36007            5.45        09:45:23        4.20e-02        2.00e+00
       18864151        69.30154       786.36015            5.45        09:45:03        4.20e-02        2.00e+00
       18865127        69.30457       787.36020            5.45        09:44:40        4.20e-02        2.00e+00
       18866129        69.30941       788.36096            5.45        09:44:18        4.20e-02        2.00e+00
       18867124        69.31248       789.36143            5.45        09:43:56        4.20e-02        2.00e+00
       18868162        69.31504       790.36223            5.45        09:43:37        4.20e-02        2.00e+00
       18869173        69.31720       791.36288            5.45        09:43:16        4.20e-02        2.00e+00
DEBUG @ t=18870000: current_coupling=0.042, last=0.042
       18870195        69.31958       792.36347            5.45        09:42:56        4.20e-02        2.00e+00
       18871237        69.32156       793.36374            5.45        09:42:37        4.20e-02        2.00e+00
       18872383        69.32523       794.36402            5.45        09:42:21        4.20e-02        2.00e+00
       18873386        69.32727       795.36416            5.45        09:42:01        4.20e-02        2.00e+00
       18874432        69.32907       796.36490            5.46        09:41:42        4.20e-02        2.00e+00
       18875474        69.33117       797.36527            5.46        09:41:22        4.20e-02        2.00e+00
       18876519        69.33412       798.36570            5.46        09:41:03        4.20e-02        2.00e+00
       18877593        69.33722       799.36585            5.46        09:40:45        4.20e-02        2.00e+00
Added F(k,t) reference 4 at t = 800.004 ps
       18878615        69.33947       800.36591            5.46        09:40:25        4.20e-02        2.00e+00
       18879605        69.34157       801.36616            5.46        09:40:04        4.20e-02        2.00e+00
DEBUG @ t=18880000: current_coupling=0.042, last=0.042
       18880596        69.34474       802.36672            5.46        09:39:42        4.20e-02        2.00e+00
       18881562        69.34796       803.36713            5.46        09:39:19        4.20e-02        2.00e+00
       18882580        69.35102       804.36724            5.46        09:38:59        4.20e-02        2.00e+00
       18883563        69.35273       805.36768            5.46        09:38:38        4.20e-02        2.00e+00
       18884601        69.35456       806.36782            5.46        09:38:18        4.20e-02        2.00e+00
       18885617        69.35730       807.36847            5.46        09:37:58        4.20e-02        2.00e+00
       18886605        69.35989       808.36918            5.46        09:37:37        4.20e-02        2.00e+00
       18887683        69.36381       809.36979            5.46        09:37:18        4.20e-02        2.00e+00
       18888745        69.36757       810.37031            5.46        09:36:59        4.20e-02        2.00e+00
       18889765        69.37049       811.37048            5.47        09:36:39        4.20e-02        2.00e+00
DEBUG @ t=18890000: current_coupling=0.042, last=0.042
       18890818        69.37307       812.37079            5.47        09:36:20        4.20e-02        2.00e+00
       18891828        69.37780       813.37114            5.47        09:35:58        4.20e-02        2.00e+00
       18892963        69.38141       814.37149            5.47        09:35:42        4.20e-02        2.00e+00
       18894071        69.38377       815.37239            5.47        09:35:26        4.20e-02        2.00e+00
       18895160        69.38797       816.37325            5.47        09:35:07        4.20e-02        2.00e+00
       18896206        69.39143       817.37363            5.47        09:34:48        4.20e-02        2.00e+00
       18897349        69.39653       818.37404            5.47        09:34:31        4.20e-02        2.00e+00
       18898522        69.39969       819.37405            5.47        09:34:17        4.20e-02        2.00e+00
       18899723        69.40278       820.37411            5.47        09:34:04        4.20e-02        2.00e+00
DEBUG @ t=18900000: current_coupling=0.042, last=0.042
[HDF5 Writer DEBUG] timestep=18900000, current_time_ps=820.601, last_output_time=820.5952889099048, write_count=78467
       18900839        69.40712       821.37470            5.47        09:33:46        4.20e-02        2.00e+00
       18902022        69.41252       822.37504            5.47        09:33:31        4.20e-02        2.00e+00
       18903194        69.41841       823.37513            5.47        09:33:15        4.20e-02        2.00e+00
       18904196        69.42220       824.37567            5.47        09:32:54        4.20e-02        2.00e+00
       18905362        69.42758       825.37571            5.47        09:32:38        4.20e-02        2.00e+00
       18906501        69.43019       826.37627            5.47        09:32:23        4.20e-02        2.00e+00
       18907607        69.43313       827.37671            5.47        09:32:06        4.20e-02        2.00e+00
       18908719        69.43568       828.37755            5.47        09:31:49        4.20e-02        2.00e+00
       18909836        69.43809       829.37806            5.47        09:31:33        4.20e-02        2.00e+00
DEBUG @ t=18910000: current_coupling=0.042, last=0.042
       18910919        69.43975       830.37861            5.47        09:31:16        4.20e-02        2.00e+00
       18912060        69.44308       831.37868            5.47        09:31:00        4.20e-02        2.00e+00
       18913231        69.44540       832.37907            5.47        09:30:46        4.20e-02        2.00e+00
       18914334        69.44809       833.37909            5.47        09:30:29        4.20e-02        2.00e+00
       18915392        69.45278       834.37977            5.47        09:30:09        4.20e-02        2.00e+00
       18916494        69.45595       835.38024            5.47        09:29:52        4.20e-02        2.00e+00
       18917653        69.45830       836.38097            5.47        09:29:37        4.20e-02        2.00e+00
       18918765        69.46054       837.38161            5.47        09:29:21        4.20e-02        2.00e+00
       18919806        69.46252       838.38199            5.47        09:29:02        4.20e-02        2.00e+00
DEBUG @ t=18920000: current_coupling=0.042, last=0.042
       18920840        69.46432       839.38203            5.47        09:28:43        4.20e-02        2.00e+00
       18921839        69.46577       840.38247            5.47        09:28:23        4.20e-02        2.00e+00
       18922871        69.46725       841.38248            5.47        09:28:04        4.20e-02        2.00e+00
       18923928        69.46879       842.38251            5.47        09:27:46        4.20e-02        2.00e+00
       18924992        69.47179       843.38315            5.47        09:27:27        4.20e-02        2.00e+00
       18926025        69.47419       844.38374            5.47        09:27:08        4.20e-02        2.00e+00
       18927080        69.47866       845.38441            5.47        09:26:49        4.20e-02        2.00e+00
       18928101        69.48245       846.38506            5.47        09:26:28        4.20e-02        2.00e+00
       18929163        69.48484       847.38529            5.47        09:26:10        4.20e-02        2.00e+00
DEBUG @ t=18930000: current_coupling=0.042, last=0.042
       18930190        69.48732       848.38564            5.48        09:25:50        4.20e-02        2.00e+00
       18931257        69.48942       849.38658            5.48        09:25:32        4.20e-02        2.00e+00
       18932218        69.49071       850.38713            5.48        09:25:11        4.20e-02        2.00e+00
       18933289        69.49256       851.38747            5.48        09:24:53        4.20e-02        2.00e+00
       18934304        69.49542       852.38799            5.48        09:24:33        4.20e-02        2.00e+00
       18935389        69.49701       853.38873            5.48        09:24:16        4.20e-02        2.00e+00
       18936456        69.50008       854.38940            5.48        09:23:58        4.20e-02        2.00e+00
       18937413        69.50239       855.39039            5.48        09:23:36        4.20e-02        2.00e+00
       18938326        69.50416       856.39076            5.48        09:23:13        4.20e-02        2.00e+00
       18939237        69.50580       857.39134            5.48        09:22:49        4.20e-02        2.00e+00
DEBUG @ t=18940000: current_coupling=0.042, last=0.042
       18940324        69.50802       858.39203            5.48        09:22:32        4.20e-02        2.00e+00
       18941276        69.50906       859.39278            5.48        09:22:11        4.20e-02        2.00e+00
       18942158        69.51057       860.39341            5.48        09:21:47        4.20e-02        2.00e+00
       18943046        69.51232       861.39401            5.49        09:21:23        4.20e-02        2.00e+00
       18944004        69.51411       862.39459            5.49        09:21:01        4.20e-02        2.00e+00
       18944923        69.51592       863.39502            5.49        09:20:38        4.20e-02        2.00e+00
       18945842        69.51714       864.39595            5.49        09:20:16        4.20e-02        2.00e+00
       18946788        69.51853       865.39611            5.49        09:19:54        4.20e-02        2.00e+00
       18947766        69.51991       866.39692            5.49        09:19:33        4.20e-02        2.00e+00
       18948726        69.52122       867.39771            5.49        09:19:12        4.20e-02        2.00e+00
       18949672        69.52395       868.39790            5.49        09:18:50        4.20e-02        2.00e+00
DEBUG @ t=18950000: current_coupling=0.042, last=0.042
       18950676        69.52631       869.39813            5.49        09:18:30        4.20e-02        2.00e+00
       18951669        69.52868       870.39822            5.49        09:18:09        4.20e-02        2.00e+00
       18952677        69.53140       871.39865            5.49        09:17:49        4.20e-02        2.00e+00
       18953731        69.53321       872.39909            5.50        09:17:31        4.20e-02        2.00e+00
       18954735        69.53538       873.40004            5.50        09:17:12        4.20e-02        2.00e+00
       18955756        69.53962       874.40096            5.50        09:16:51        4.20e-02        2.00e+00
       18956774        69.54242       875.40130            5.50        09:16:31        4.20e-02        2.00e+00
       18957823        69.54436       876.40181            5.50        09:16:13        4.20e-02        2.00e+00
       18958901        69.54550       877.40243            5.50        09:15:56        4.20e-02        2.00e+00
       18959983        69.54668       878.40328            5.50        09:15:40        4.20e-02        2.00e+00
DEBUG @ t=18960000: current_coupling=0.042, last=0.042
       18961047        69.54761       879.40414            5.50        09:15:23        4.20e-02        2.00e+00
       18962054        69.54945       880.40446            5.50        09:15:03        4.20e-02        2.00e+00
       18963149        69.55175       881.40503            5.50        09:14:46        4.20e-02        2.00e+00
       18964230        69.55759       882.40533            5.50        09:14:27        4.20e-02        2.00e+00
       18965314        69.56018       883.40616            5.50        09:14:10        4.20e-02        2.00e+00
       18966403        69.56271       884.40651            5.50        09:13:53        4.20e-02        2.00e+00
       18967486        69.56407       885.40691            5.50        09:13:36        4.20e-02        2.00e+00
       18968595        69.56570       886.40714            5.50        09:13:20        4.20e-02        2.00e+00
       18969661        69.56707       887.40736            5.50        09:13:03        4.20e-02        2.00e+00
DEBUG @ t=18970000: current_coupling=0.042, last=0.042
       18970751        69.56965       888.40753            5.50        09:12:46        4.20e-02        2.00e+00
       18971861        69.57162       889.40753            5.50        09:12:30        4.20e-02        2.00e+00
       18972963        69.57342       890.40762            5.50        09:12:14        4.20e-02        2.00e+00
       18973992        69.57501       891.40804            5.50        09:11:55        4.20e-02        2.00e+00
       18975028        69.57714       892.40841            5.50        09:11:36        4.20e-02        2.00e+00
       18976041        69.57958       893.40927            5.50        09:11:17        4.20e-02        2.00e+00
       18977001        69.58329       894.40976            5.50        09:10:55        4.20e-02        2.00e+00
       18977941        69.58548       895.41055            5.50        09:10:33        4.20e-02        2.00e+00
       18978961        69.58635       896.41068            5.51        09:10:14        4.20e-02        2.00e+00
       18979986        69.58766       897.41155            5.51        09:09:56        4.20e-02        2.00e+00
DEBUG @ t=18980000: current_coupling=0.042, last=0.042
       18981050        69.58882       898.41246            5.51        09:09:38        4.20e-02        2.00e+00
       18982069        69.59064       899.41311            5.51        09:09:19        4.20e-02        2.00e+00
       18983117        69.59241       900.41333            5.51        09:09:01        4.20e-02        2.00e+00
       18984117        69.59398       901.41355            5.51        09:08:42        4.20e-02        2.00e+00
       18985129        69.59674       902.41432            5.51        09:08:22        4.20e-02        2.00e+00
       18986106        69.59916       903.41458            5.51        09:08:01        4.20e-02        2.00e+00
       18987066        69.60044       904.41510            5.51        09:07:41        4.20e-02        2.00e+00
       18988022        69.60156       905.41575            5.51        09:07:20        4.20e-02        2.00e+00
       18988951        69.60276       906.41672            5.51        09:06:58        4.20e-02        2.00e+00
       18989904        69.60380       907.41688            5.51        09:06:38        4.20e-02        2.00e+00
DEBUG @ t=18990000: current_coupling=0.042, last=0.042
       18990836        69.60597       908.41696            5.51        09:06:16        4.20e-02        2.00e+00
       18991788        69.60790       909.41782            5.51        09:05:54        4.20e-02        2.00e+00
       18992757        69.60976       910.41789            5.52        09:05:34        4.20e-02        2.00e+00
       18993771        69.61142       911.41842            5.52        09:05:15        4.20e-02        2.00e+00
       18994838        69.61355       912.41862            5.52        09:04:57        4.20e-02        2.00e+00
       18995860        69.61459       913.41952            5.52        09:04:39        4.20e-02        2.00e+00
       18996867        69.61558       914.42040            5.52        09:04:20        4.20e-02        2.00e+00
       18997913        69.61682       915.42083            5.52        09:04:02        4.20e-02        2.00e+00
       18998882        69.61816       916.42133            5.52        09:03:42        4.20e-02        2.00e+00
       18999858        69.61877       917.42147            5.52        09:03:22        4.20e-02        2.00e+00
DEBUG @ t=19000000: current_coupling=0.042, last=0.042
[HDF5 Writer DEBUG] timestep=19000000, current_time_ps=917.564, last_output_time=917.5602668741997, write_count=87733
       19000885        69.62126       918.42161            5.52        09:03:04        4.20e-02        2.00e+00
       19001926        69.62317       919.42218            5.52        09:02:45        4.20e-02        2.00e+00
       19002972        69.62414       920.42234            5.52        09:02:28        4.20e-02        2.00e+00
       19003960        69.62539       921.42249            5.52        09:02:08        4.20e-02        2.00e+00
       19004971        69.62727       922.42313            5.52        09:01:49        4.20e-02        2.00e+00
       19005988        69.62909       923.42321            5.52        09:01:30        4.20e-02        2.00e+00
       19006919        69.62979       924.42422            5.52        09:01:09        4.20e-02        2.00e+00
       19007833        69.63078       925.42442            5.52        09:00:47        4.20e-02        2.00e+00
       19008836        69.63240       926.42453            5.52        09:00:28        4.20e-02        2.00e+00
       19009905        69.63420       927.42506            5.52        09:00:11        4.20e-02        2.00e+00
DEBUG @ t=19010000: current_coupling=0.042, last=0.042
       19011009        69.63671       928.42588            5.53        08:59:55        4.20e-02        2.00e+00
       19012067        69.63940       929.42623            5.53        08:59:37        4.20e-02        2.00e+00
       19012970        69.64064       930.42643            5.53        08:59:15        4.20e-02        2.00e+00
       19013949        69.64235       931.42691            5.53        08:58:55        4.20e-02        2.00e+00
       19014931        69.64372       932.42723            5.53        08:58:35        4.20e-02        2.00e+00
       19016026        69.64501       933.42810            5.53        08:58:19        4.20e-02        2.00e+00
       19017042        69.64622       934.42825            5.53        08:58:01        4.20e-02        2.00e+00
       19018090        69.64730       935.42861            5.53        08:57:43        4.20e-02        2.00e+00
       19019163        69.64941       936.42865            5.53        08:57:26        4.20e-02        2.00e+00
DEBUG @ t=19020000: current_coupling=0.042, last=0.042
       19020253        69.65132       937.42932            5.53        08:57:10        4.20e-02        2.00e+00
       19021255        69.65269       938.42990            5.53        08:56:51        4.20e-02        2.00e+00
       19022314        69.65401       939.43023            5.53        08:56:33        4.20e-02        2.00e+00
       19023500        69.65550       940.43106            5.53        08:56:20        4.20e-02        2.00e+00
       19024575        69.65698       941.43124            5.53        08:56:03        4.20e-02        2.00e+00
       19025673        69.65882       942.43184            5.53        08:55:47        4.20e-02        2.00e+00
       19026675        69.66121       943.43256            5.53        08:55:28        4.20e-02        2.00e+00
       19027734        69.66415       944.43312            5.53        08:55:10        4.20e-02        2.00e+00
       19028782        69.66607       945.43317            5.53        08:54:52        4.20e-02        2.00e+00
       19029852        69.66745       946.43389            5.53        08:54:35        4.20e-02        2.00e+00
DEBUG @ t=19030000: current_coupling=0.042, last=0.042
       19030925        69.66875       947.43422            5.53        08:54:18        4.20e-02        2.00e+00
       19031992        69.66969       948.43468            5.53        08:54:02        4.20e-02        2.00e+00
       19033189        69.67147       949.43528            5.53        08:53:49        4.20e-02        2.00e+00
       19034313        69.67217       950.43587            5.53        08:53:34        4.20e-02        2.00e+00
       19035524        69.67364       951.43661            5.53        08:53:21        4.20e-02        2.00e+00
       19036711        69.67548       952.43737            5.53        08:53:08        4.20e-02        2.00e+00
       19037805        69.67653       953.43832            5.53        08:52:52        4.20e-02        2.00e+00
       19038933        69.67865       954.43864            5.53        08:52:36        4.20e-02        2.00e+00
DEBUG @ t=19040000: current_coupling=0.042, last=0.042
       19040058        69.68025       955.43880            5.53        08:52:21        4.20e-02        2.00e+00
       19041156        69.68173       956.43935            5.53        08:52:05        4.20e-02        2.00e+00
       19042199        69.68387       957.43940            5.53        08:51:47        4.20e-02        2.00e+00
       19043276        69.68511       958.43954            5.53        08:51:31        4.20e-02        2.00e+00
       19044383        69.68611       959.44009            5.53        08:51:15        4.20e-02        2.00e+00
       19045535        69.68697       960.44054            5.53        08:51:01        4.20e-02        2.00e+00
       19046597        69.68780       961.44079            5.53        08:50:44        4.20e-02        2.00e+00
       19047640        69.68911       962.44092            5.53        08:50:26        4.20e-02        2.00e+00
       19048792        69.69231       963.44151            5.53        08:50:11        4.20e-02        2.00e+00
       19049903        69.69530       964.44215            5.53        08:49:55        4.20e-02        2.00e+00
DEBUG @ t=19050000: current_coupling=0.042, last=0.042
       19051025        69.69699       965.44298            5.53        08:49:39        4.20e-02        2.00e+00
       19052171        69.69838       966.44338            5.53        08:49:25        4.20e-02        2.00e+00
       19053103        69.69990       967.44415            5.53        08:49:04        4.20e-02        2.00e+00
       19054241        69.70225       968.44499            5.53        08:48:49        4.20e-02        2.00e+00
       19055295        69.70367       969.44524            5.53        08:48:31        4.20e-02        2.00e+00
       19056298        69.70512       970.44600            5.53        08:48:12        4.20e-02        2.00e+00
       19057308        69.70612       971.44670            5.53        08:47:54        4.20e-02        2.00e+00
       19058398        69.70715       972.44697            5.53        08:47:38        4.20e-02        2.00e+00
       19059399        69.70831       973.44706            5.53        08:47:19        4.20e-02        2.00e+00
DEBUG @ t=19060000: current_coupling=0.042, last=0.042
       19060459        69.70941       974.44795            5.53        08:47:02        4.20e-02        2.00e+00
       19061532        69.71091       975.44869            5.53        08:46:45        4.20e-02        2.00e+00
       19062595        69.71239       976.44893            5.53        08:46:28        4.20e-02        2.00e+00
       19063707        69.71309       977.44900            5.53        08:46:13        4.20e-02        2.00e+00
       19064822        69.71344       978.44980            5.53        08:45:58        4.20e-02        2.00e+00
       19066001        69.71441       979.45042            5.53        08:45:45        4.20e-02        2.00e+00
       19067039        69.71565       980.45099            5.53        08:45:27        4.20e-02        2.00e+00
       19068120        69.71710       981.45119            5.53        08:45:11        4.20e-02        2.00e+00
       19069019        69.71781       982.45139            5.54        08:44:49        4.20e-02        2.00e+00
       19069924        69.71883       983.45158            5.54        08:44:28        4.20e-02        2.00e+00
DEBUG @ t=19070000: current_coupling=0.042, last=0.042
       19070934        69.71981       984.45243            5.54        08:44:09        4.20e-02        2.00e+00
       19072015        69.72132       985.45304            5.54        08:43:53        4.20e-02        2.00e+00
       19072980        69.72290       986.45338            5.54        08:43:33        4.20e-02        2.00e+00
       19074004        69.72423       987.45425            5.54        08:43:15        4.20e-02        2.00e+00
       19075073        69.72609       988.45480            5.54        08:42:58        4.20e-02        2.00e+00
       19076043        69.72732       989.45554            5.54        08:42:38        4.20e-02        2.00e+00
       19077035        69.72799       990.45620            5.54        08:42:19        4.20e-02        2.00e+00
       19078041        69.72901       991.45696            5.54        08:42:01        4.20e-02        2.00e+00
       19078990        69.73009       992.45769            5.54        08:41:41        4.20e-02        2.00e+00
       19079981        69.73099       993.45855            5.54        08:41:22        4.20e-02        2.00e+00
DEBUG @ t=19080000: current_coupling=0.042, last=0.042
       19080980        69.73188       994.45919            5.54        08:41:03        4.20e-02        2.00e+00
       19082002        69.73265       995.45997            5.54        08:40:45        4.20e-02        2.00e+00
       19082987        69.73387       996.46082            5.54        08:40:26        4.20e-02        2.00e+00
       19084053        69.73562       997.46086            5.54        08:40:09        4.20e-02        2.00e+00
       19085150        69.73723       998.46168            5.54        08:39:53        4.20e-02        2.00e+00
       19086237        69.73852       999.46200            5.54        08:39:37        4.20e-02        2.00e+00
Added F(k,t) reference 5 at t = 1000.004 ps
       19087221        69.73889      1000.46290            5.54        08:39:18        4.20e-02        2.00e+00
       19088314        69.73988      1001.46293            5.54        08:39:03        4.20e-02        2.00e+00
       19089375        69.74051      1002.46375            5.54        08:38:46        4.20e-02        2.00e+00
DEBUG @ t=19090000: current_coupling=0.042, last=0.042
       19090445        69.74025      1003.46409            5.54        08:38:30        4.20e-02        2.00e+00
       19091600        69.74040      1004.46441            5.54        08:38:16        4.20e-02        2.00e+00
       19092775        69.74082      1005.46504            5.54        08:38:03        4.20e-02        2.00e+00
       19093936        69.74184      1006.46541            5.54        08:37:49        4.20e-02        2.00e+00
       19095059        69.74335      1007.46564            5.54        08:37:34        4.20e-02        2.00e+00
       19096214        69.74505      1008.46628            5.54        08:37:19        4.20e-02        2.00e+00
       19097256        69.74712      1009.46701            5.54        08:37:02        4.20e-02        2.00e+00
       19098280        69.74860      1010.46784            5.54        08:36:43        4.20e-02        2.00e+00
       19099342        69.75041      1011.46804            5.54        08:36:26        4.20e-02        2.00e+00
DEBUG @ t=19100000: current_coupling=0.042, last=0.042
[HDF5 Writer DEBUG] timestep=19100000, current_time_ps=1012.027, last_output_time=1012.0180162990367, write_count=96760
       19100498        69.75400      1012.46868            5.54        08:36:11        4.20e-02        2.00e+00
       19101614        69.75883      1013.46883            5.54        08:35:54        4.20e-02        2.00e+00
       19102687        69.76071      1014.46887            5.54        08:35:37        4.20e-02        2.00e+00
       19103768        69.76285      1015.46921            5.55        08:35:21        4.20e-02        2.00e+00
       19104737        69.76376      1016.46983            5.55        08:35:01        4.20e-02        2.00e+00
       19105745        69.76459      1017.47021            5.55        08:34:43        4.20e-02        2.00e+00
       19106782        69.76551      1018.47068            5.55        08:34:26        4.20e-02        2.00e+00
       19107789        69.76638      1019.47162            5.55        08:34:08        4.20e-02        2.00e+00
       19108725        69.76720      1020.47257            5.55        08:33:47        4.20e-02        2.00e+00
       19109610        69.76825      1021.47354            5.55        08:33:26        4.20e-02        2.00e+00
DEBUG @ t=19110000: current_coupling=0.042, last=0.042
       19110495        69.76876      1022.47384            5.55        08:33:04        4.20e-02        2.00e+00
       19111415        69.76924      1023.47442            5.55        08:32:44        4.20e-02        2.00e+00
       19112482        69.76981      1024.47490            5.55        08:32:28        4.20e-02        2.00e+00
       19113396        69.77023      1025.47571            5.55        08:32:07        4.20e-02        2.00e+00
       19114357        69.77136      1026.47590            5.55        08:31:48        4.20e-02        2.00e+00
       19115360        69.77244      1027.47602            5.55        08:31:29        4.20e-02        2.00e+00
       19116295        69.77279      1028.47612            5.55        08:31:09        4.20e-02        2.00e+00
       19117392        69.77337      1029.47619            5.55        08:30:54        4.20e-02        2.00e+00
       19118328        69.77328      1030.47651            5.55        08:30:34        4.20e-02        2.00e+00
       19119347        69.77388      1031.47707            5.56        08:30:17        4.20e-02        2.00e+00
DEBUG @ t=19120000: current_coupling=0.042, last=0.042
       19120498        69.77577      1032.47775            5.55        08:30:02        4.20e-02        2.00e+00
       19121517        69.77785      1033.47784            5.56        08:29:44        4.20e-02        2.00e+00
       19122473        69.77872      1034.47803            5.56        08:29:24        4.20e-02        2.00e+00
       19123595        69.78038      1035.47885            5.56        08:29:09        4.20e-02        2.00e+00
       19124632        69.78135      1036.47895            5.56        08:28:52        4.20e-02        2.00e+00
       19125592        69.78293      1037.47972            5.56        08:28:32        4.20e-02        2.00e+00
       19126591        69.78408      1038.47991            5.56        08:28:14        4.20e-02        2.00e+00
       19127576        69.78457      1039.48094            5.56        08:27:55        4.20e-02        2.00e+00
       19128520        69.78516      1040.48172            5.56        08:27:35        4.20e-02        2.00e+00
       19129607        69.78659      1041.48176            5.56        08:27:19        4.20e-02        2.00e+00
DEBUG @ t=19130000: current_coupling=0.042, last=0.042
       19130700        69.78794      1042.48254            5.56        08:27:03        4.20e-02        2.00e+00
       19131767        69.78839      1043.48271            5.56        08:26:47        4.20e-02        2.00e+00
       19132703        69.78850      1044.48280            5.56        08:26:28        4.20e-02        2.00e+00
       19133640        69.78850      1045.48310            5.56        08:26:08        4.20e-02        2.00e+00
       19134640        69.78858      1046.48324            5.56        08:25:50        4.20e-02        2.00e+00
       19135642        69.79086      1047.48330            5.56        08:25:32        4.20e-02        2.00e+00
       19136671        69.79159      1048.48341            5.56        08:25:14        4.20e-02        2.00e+00
       19137728        69.79262      1049.48401            5.56        08:24:57        4.20e-02        2.00e+00
       19138794        69.79374      1050.48408            5.56        08:24:41        4.20e-02        2.00e+00
       19139758        69.79461      1051.48429            5.56        08:24:22        4.20e-02        2.00e+00
DEBUG @ t=19140000: current_coupling=0.042, last=0.042
       19140739        69.79542      1052.48515            5.56        08:24:03        4.20e-02        2.00e+00
       19141777        69.79578      1053.48537            5.56        08:23:46        4.20e-02        2.00e+00
       19142824        69.79595      1054.48631            5.56        08:23:30        4.20e-02        2.00e+00
       19143814        69.79762      1055.48696            5.56        08:23:11        4.20e-02        2.00e+00
       19144814        69.79795      1056.48747            5.57        08:22:53        4.20e-02        2.00e+00
       19145824        69.79866      1057.48836            5.57        08:22:35        4.20e-02        2.00e+00
       19146857        69.79926      1058.48883            5.57        08:22:18        4.20e-02        2.00e+00
       19147903        69.80006      1059.48922            5.57        08:22:01        4.20e-02        2.00e+00
       19148919        69.80077      1060.48986            5.57        08:21:44        4.20e-02        2.00e+00
       19149912        69.80118      1061.49056            5.57        08:21:25        4.20e-02        2.00e+00
DEBUG @ t=19150000: current_coupling=0.042, last=0.042
       19150932        69.80268      1062.49110            5.57        08:21:08        4.20e-02        2.00e+00
       19151986        69.80347      1063.49184            5.57        08:20:51        4.20e-02        2.00e+00
       19152933        69.80433      1064.49201            5.57        08:20:32        4.20e-02        2.00e+00
       19153868        69.80480      1065.49213            5.57        08:20:12        4.20e-02        2.00e+00
       19154837        69.80501      1066.49256            5.57        08:19:53        4.20e-02        2.00e+00
       19155790        69.80565      1067.49304            5.57        08:19:34        4.20e-02        2.00e+00
       19156817        69.80719      1068.49316            5.57        08:19:17        4.20e-02        2.00e+00
       19157839        69.80828      1069.49358            5.57        08:18:59        4.20e-02        2.00e+00
       19158790        69.80940      1070.49465            5.57        08:18:40        4.20e-02        2.00e+00
       19159780        69.80949      1071.49472            5.57        08:18:22        4.20e-02        2.00e+00
DEBUG @ t=19160000: current_coupling=0.042, last=0.042
       19160805        69.80988      1072.49521            5.57        08:18:04        4.20e-02        2.00e+00
       19161895        69.81072      1073.49596            5.57        08:17:49        4.20e-02        2.00e+00
       19162931        69.81140      1074.49659            5.57        08:17:32        4.20e-02        2.00e+00
       19163930        69.81234      1075.49675            5.57        08:17:14        4.20e-02        2.00e+00
       19164948        69.81311      1076.49687            5.57        08:16:56        4.20e-02        2.00e+00
       19165951        69.81341      1077.49769            5.57        08:16:39        4.20e-02        2.00e+00
       19167086        69.81343      1078.49770            5.57        08:16:24        4.20e-02        2.00e+00
       19168068        69.81328      1079.49783            5.57        08:16:06        4.20e-02        2.00e+00
       19169050        69.81365      1080.49879            5.57        08:15:48        4.20e-02        2.00e+00
       19169988        69.81435      1081.49936            5.58        08:15:29        4.20e-02        2.00e+00
DEBUG @ t=19170000: current_coupling=0.042, last=0.042
       19171002        69.81553      1082.50030            5.58        08:15:11        4.20e-02        2.00e+00
       19171958        69.81746      1083.50113            5.58        08:14:51        4.20e-02        2.00e+00
       19172910        69.81923      1084.50198            5.58        08:14:32        4.20e-02        2.00e+00
       19174052        69.82278      1085.50268            5.58        08:14:16        4.20e-02        2.00e+00
       19174964        69.82342      1086.50368            5.58        08:13:56        4.20e-02        2.00e+00
       19176020        69.82373      1087.50431            5.58        08:13:40        4.20e-02        2.00e+00
       19177024        69.82413      1088.50516            5.58        08:13:22        4.20e-02        2.00e+00
       19178011        69.82489      1089.50575            5.58        08:13:04        4.20e-02        2.00e+00
       19178955        69.82513      1090.50600            5.58        08:12:45        4.20e-02        2.00e+00
DEBUG @ t=19180000: current_coupling=0.042, last=0.042
       19180112        69.82655      1091.50656            5.58        08:12:31        4.20e-02        2.00e+00
       19181110        69.82743      1092.50758            5.58        08:12:13        4.20e-02        2.00e+00
       19181986        69.82822      1093.50830            5.58        08:11:52        4.20e-02        2.00e+00
       19182952        69.83034      1094.50846            5.58        08:11:33        4.20e-02        2.00e+00
       19183909        69.83287      1095.50939            5.58        08:11:13        4.20e-02        2.00e+00
       19184963        69.83358      1096.50997            5.58        08:10:57        4.20e-02        2.00e+00
       19186037        69.83531      1097.51050            5.58        08:10:40        4.20e-02        2.00e+00
       19186938        69.83580      1098.51089            5.58        08:10:20        4.20e-02        2.00e+00
       19187965        69.83614      1099.51139            5.58        08:10:03        4.20e-02        2.00e+00
       19189059        69.83680      1100.51183            5.58        08:09:48        4.20e-02        2.00e+00
DEBUG @ t=19190000: current_coupling=0.042, last=0.042
       19190011        69.83694      1101.51251            5.59        08:09:29        4.20e-02        2.00e+00
       19190929        69.83705      1102.51298            5.59        08:09:09        4.20e-02        2.00e+00
       19191856        69.83712      1103.51370            5.59        08:08:50        4.20e-02        2.00e+00
       19192947        69.83780      1104.51408            5.59        08:08:35        4.20e-02        2.00e+00
       19194069        69.83898      1105.51443            5.59        08:08:20        4.20e-02        2.00e+00
       19195204        69.84018      1106.51461            5.59        08:08:05        4.20e-02        2.00e+00
       19196080        69.84017      1107.51524            5.59        08:07:44        4.20e-02        2.00e+00
       19197144        69.83990      1108.51564            5.59        08:07:29        4.20e-02        2.00e+00
       19198159        69.84105      1109.51641            5.59        08:07:11        4.20e-02        2.00e+00
       19199272        69.84306      1110.51677            5.59        08:06:56        4.20e-02        2.00e+00
DEBUG @ t=19200000: current_coupling=0.042, last=0.042
[HDF5 Writer DEBUG] timestep=19200000, current_time_ps=1111.252, last_output_time=1111.2445444286714, write_count=106248
       19200262        69.84425      1111.51746            5.59        08:06:37        4.20e-02        2.00e+00
       19201246        69.84453      1112.51751            5.59        08:06:20        4.20e-02        2.00e+00
       19202413        69.84744      1113.51800            5.59        08:06:05        4.20e-02        2.00e+00
       19203594        69.84900      1114.51839            5.59        08:05:51        4.20e-02        2.00e+00
       19204664        69.84996      1115.51878            5.59        08:05:35        4.20e-02        2.00e+00
       19205656        69.85009      1116.51934            5.59        08:05:18        4.20e-02        2.00e+00
       19206727        69.85077      1117.51975            5.59        08:05:02        4.20e-02        2.00e+00
       19207788        69.85157      1118.51995            5.59        08:04:45        4.20e-02        2.00e+00
       19208877        69.85260      1119.52021            5.59        08:04:30        4.20e-02        2.00e+00
       19209877        69.85389      1120.52068            5.59        08:04:12        4.20e-02        2.00e+00
DEBUG @ t=19210000: current_coupling=0.042, last=0.042
       19210885        69.85496      1121.52087            5.59        08:03:54        4.20e-02        2.00e+00
       19211845        69.85601      1122.52166            5.59        08:03:35        4.20e-02        2.00e+00
       19212805        69.85608      1123.52244            5.59        08:03:17        4.20e-02        2.00e+00
       19213813        69.85714      1124.52253            5.59        08:02:59        4.20e-02        2.00e+00
       19214850        69.85761      1125.52300            5.59        08:02:43        4.20e-02        2.00e+00
       19215939        69.85815      1126.52360            5.59        08:02:27        4.20e-02        2.00e+00
       19216883        69.85907      1127.52413            5.59        08:02:08        4.20e-02        2.00e+00
       19217855        69.86147      1128.52464            5.59        08:01:49        4.20e-02        2.00e+00
       19218883        69.86185      1129.52475            5.59        08:01:32        4.20e-02        2.00e+00
       19219906        69.86311      1130.52498            5.59        08:01:15        4.20e-02        2.00e+00
DEBUG @ t=19220000: current_coupling=0.042, last=0.042
       19220960        69.86393      1131.52514            5.59        08:00:59        4.20e-02        2.00e+00
       19221977        69.86418      1132.52545            5.59        08:00:41        4.20e-02        2.00e+00
       19223017        69.86431      1133.52622            5.59        08:00:25        4.20e-02        2.00e+00
       19224017        69.86492      1134.52650            5.59        08:00:07        4.20e-02        2.00e+00
       19225004        69.86577      1135.52685            5.60        07:59:50        4.20e-02        2.00e+00
       19226001        69.86642      1136.52772            5.60        07:59:32        4.20e-02        2.00e+00
       19227005        69.86684      1137.52836            5.60        07:59:14        4.20e-02        2.00e+00
       19228023        69.86744      1138.52904            5.60        07:58:57        4.20e-02        2.00e+00
       19229114        69.86777      1139.52975            5.60        07:58:42        4.20e-02        2.00e+00
DEBUG @ t=19230000: current_coupling=0.042, last=0.042
       19230109        69.86842      1140.52984            5.60        07:58:24        4.20e-02        2.00e+00
       19231179        69.86947      1141.53027            5.60        07:58:08        4.20e-02        2.00e+00
       19232163        69.87046      1142.53049            5.60        07:57:50        4.20e-02        2.00e+00
       19233144        69.87079      1143.53060            5.60        07:57:32        4.20e-02        2.00e+00
       19234165        69.87107      1144.53084            5.60        07:57:15        4.20e-02        2.00e+00
       19235181        69.87195      1145.53093            5.60        07:56:58        4.20e-02        2.00e+00
       19236238        69.87253      1146.53117            5.60        07:56:42        4.20e-02        2.00e+00
       19237280        69.87343      1147.53132            5.60        07:56:25        4.20e-02        2.00e+00
       19238242        69.87405      1148.53181            5.60        07:56:07        4.20e-02        2.00e+00
       19239212        69.87472      1149.53281            5.60        07:55:49        4.20e-02        2.00e+00
DEBUG @ t=19240000: current_coupling=0.042, last=0.042
       19240201        69.87549      1150.53313            5.60        07:55:31        4.20e-02        2.00e+00
       19241274        69.87751      1151.53339            5.60        07:55:15        4.20e-02        2.00e+00
       19242340        69.87898      1152.53386            5.60        07:54:58        4.20e-02        2.00e+00
       19243407        69.87949      1153.53453            5.60        07:54:42        4.20e-02        2.00e+00
       19244469        69.87998      1154.53517            5.60        07:54:26        4.20e-02        2.00e+00
       19245511        69.88080      1155.53522            5.60        07:54:10        4.20e-02        2.00e+00
       19246506        69.88159      1156.53622            5.60        07:53:52        4.20e-02        2.00e+00
       19247501        69.88176      1157.53627            5.60        07:53:35        4.20e-02        2.00e+00
       19248572        69.88180      1158.53667            5.60        07:53:19        4.20e-02        2.00e+00
       19249725        69.88335      1159.53744            5.60        07:53:05        4.20e-02        2.00e+00
DEBUG @ t=19250000: current_coupling=0.042, last=0.042
       19250823        69.88374      1160.53809            5.60        07:52:50        4.20e-02        2.00e+00
       19251866        69.88458      1161.53863            5.60        07:52:33        4.20e-02        2.00e+00
       19252824        69.88596      1162.53947            5.60        07:52:14        4.20e-02        2.00e+00
       19253845        69.88675      1163.54027            5.60        07:51:57        4.20e-02        2.00e+00
       19254968        69.88903      1164.54034            5.60        07:51:42        4.20e-02        2.00e+00
       19256077        69.89162      1165.54042            5.60        07:51:26        4.20e-02        2.00e+00
       19257146        69.89309      1166.54081            5.60        07:51:10        4.20e-02        2.00e+00
       19258284        69.89487      1167.54114            5.60        07:50:55        4.20e-02        2.00e+00
       19259312        69.89560      1168.54192            5.60        07:50:38        4.20e-02        2.00e+00
DEBUG @ t=19260000: current_coupling=0.042, last=0.042
       19260338        69.89699      1169.54224            5.60        07:50:21        4.20e-02        2.00e+00
       19261420        69.89751      1170.54250            5.60        07:50:06        4.20e-02        2.00e+00
       19262517        69.89856      1171.54254            5.60        07:49:50        4.20e-02        2.00e+00
       19263480        69.89887      1172.54296            5.60        07:49:32        4.20e-02        2.00e+00
       19264457        69.90047      1173.54385            5.61        07:49:14        4.20e-02        2.00e+00
       19265500        69.90113      1174.54436            5.61        07:48:57        4.20e-02        2.00e+00
       19266512        69.90136      1175.54471            5.61        07:48:40        4.20e-02        2.00e+00
       19267519        69.90204      1176.54528            5.61        07:48:23        4.20e-02        2.00e+00
       19268549        69.90256      1177.54545            5.61        07:48:06        4.20e-02        2.00e+00
       19269545        69.90257      1178.54644            5.61        07:47:49        4.20e-02        2.00e+00
DEBUG @ t=19270000: current_coupling=0.042, last=0.042
       19270524        69.90255      1179.54654            5.61        07:47:32        4.20e-02        2.00e+00
       19271531        69.90273      1180.54739            5.61        07:47:14        4.20e-02        2.00e+00
       19272537        69.90274      1181.54825            5.61        07:46:57        4.20e-02        2.00e+00
       19273511        69.90312      1182.54835            5.61        07:46:40        4.20e-02        2.00e+00
       19274471        69.90341      1183.54857            5.61        07:46:22        4.20e-02        2.00e+00
       19275456        69.90388      1184.54866            5.61        07:46:04        4.20e-02        2.00e+00
       19276470        69.90469      1185.54909            5.61        07:45:47        4.20e-02        2.00e+00
       19277443        69.90519      1186.54965            5.61        07:45:29        4.20e-02        2.00e+00
       19278437        69.90557      1187.55029            5.61        07:45:12        4.20e-02        2.00e+00
       19279374        69.90562      1188.55041            5.61        07:44:53        4.20e-02        2.00e+00
DEBUG @ t=19280000: current_coupling=0.042, last=0.042
       19280302        69.90555      1189.55104            5.61        07:44:34        4.20e-02        2.00e+00
       19281362        69.90540      1190.55208            5.61        07:44:19        4.20e-02        2.00e+00
       19282280        69.90584      1191.55320            5.61        07:44:00        4.20e-02        2.00e+00
       19283166        69.90668      1192.55374            5.61        07:43:40        4.20e-02        2.00e+00
       19284227        69.90758      1193.55414            5.61        07:43:24        4.20e-02        2.00e+00
       19285320        69.90781      1194.55479            5.61        07:43:09        4.20e-02        2.00e+00
       19286359        69.90874      1195.55567            5.61        07:42:52        4.20e-02        2.00e+00
       19287308        69.90926      1196.55604            5.61        07:42:34        4.20e-02        2.00e+00
       19288289        69.91062      1197.55643            5.61        07:42:16        4.20e-02        2.00e+00
       19289363        69.91141      1198.55694            5.61        07:42:00        4.20e-02        2.00e+00
DEBUG @ t=19290000: current_coupling=0.042, last=0.042
       19290381        69.91198      1199.55719            5.62        07:41:43        4.20e-02        2.00e+00
Added F(k,t) reference 6 at t = 1200.005 ps
       19291283        69.91245      1200.55723            5.62        07:41:24        4.20e-02        2.00e+00
       19292223        69.91305      1201.55750            5.62        07:41:05        4.20e-02        2.00e+00
       19293190        69.91377      1202.55755            5.62        07:40:47        4.20e-02        2.00e+00
       19294276        69.91435      1203.55851            5.62        07:40:32        4.20e-02        2.00e+00
       19295211        69.91479      1204.55865            5.62        07:40:13        4.20e-02        2.00e+00
       19296229        69.91512      1205.55889            5.62        07:39:56        4.20e-02        2.00e+00
       19297255        69.91554      1206.55918            5.62        07:39:40        4.20e-02        2.00e+00
       19298215        69.91611      1207.55958            5.62        07:39:22        4.20e-02        2.00e+00
       19299226        69.91734      1208.56051            5.62        07:39:05        4.20e-02        2.00e+00
DEBUG @ t=19300000: current_coupling=0.042, last=0.042
[HDF5 Writer DEBUG] timestep=19300000, current_time_ps=1209.285, last_output_time=1209.2775376290158, write_count=115595
       19300282        69.91903      1209.56056            5.62        07:38:48        4.20e-02        2.00e+00
       19301238        69.91934      1210.56127            5.62        07:38:30        4.20e-02        2.00e+00
       19302285        69.91970      1211.56229            5.62        07:38:14        4.20e-02        2.00e+00
       19303248        69.92012      1212.56302            5.62        07:37:56        4.20e-02        2.00e+00
       19304191        69.92029      1213.56394            5.62        07:37:38        4.20e-02        2.00e+00
       19305181        69.92092      1214.56411            5.62        07:37:20        4.20e-02        2.00e+00
       19306148        69.92071      1215.56455            5.62        07:37:03        4.20e-02        2.00e+00
       19307136        69.92050      1216.56497            5.62        07:36:46        4.20e-02        2.00e+00
       19308108        69.92031      1217.56545            5.62        07:36:28        4.20e-02        2.00e+00
       19309075        69.92037      1218.56572            5.62        07:36:11        4.20e-02        2.00e+00
DEBUG @ t=19310000: current_coupling=0.042, last=0.042
       19310148        69.92113      1219.56626            5.62        07:35:55        4.20e-02        2.00e+00
       19311187        69.92218      1220.56636            5.62        07:35:38        4.20e-02        2.00e+00
       19312192        69.92245      1221.56731            5.62        07:35:21        4.20e-02        2.00e+00
       19313229        69.92268      1222.56792            5.62        07:35:05        4.20e-02        2.00e+00
       19314212        69.92301      1223.56880            5.62        07:34:48        4.20e-02        2.00e+00
       19315280        69.92310      1224.56971            5.62        07:34:32        4.20e-02        2.00e+00
       19316288        69.92361      1225.57008            5.62        07:34:15        4.20e-02        2.00e+00
       19317322        69.92412      1226.57059            5.63        07:33:59        4.20e-02        2.00e+00
       19318419        69.92614      1227.57090            5.63        07:33:43        4.20e-02        2.00e+00
       19319521        69.92764      1228.57128            5.63        07:33:28        4.20e-02        2.00e+00
DEBUG @ t=19320000: current_coupling=0.042, last=0.042
       19320615        69.92830      1229.57203            5.63        07:33:12        4.20e-02        2.00e+00
       19321622        69.92859      1230.57258            5.63        07:32:56        4.20e-02        2.00e+00
       19322606        69.92942      1231.57261            5.63        07:32:38        4.20e-02        2.00e+00
       19323666        69.93024      1232.57344            5.63        07:32:22        4.20e-02        2.00e+00
       19324754        69.93102      1233.57414            5.63        07:32:07        4.20e-02        2.00e+00
       19325829        69.93158      1234.57424            5.63        07:31:51        4.20e-02        2.00e+00
       19326874        69.93210      1235.57439            5.63        07:31:35        4.20e-02        2.00e+00
       19327937        69.93209      1236.57514            5.63        07:31:19        4.20e-02        2.00e+00
       19329058        69.93219      1237.57547            5.63        07:31:05        4.20e-02        2.00e+00
DEBUG @ t=19330000: current_coupling=0.042, last=0.042
       19330146        69.93253      1238.57571            5.63        07:30:50        4.20e-02        2.00e+00
       19331100        69.93261      1239.57637            5.63        07:30:32        4.20e-02        2.00e+00
       19332211        69.93353      1240.57664            5.63        07:30:17        4.20e-02        2.00e+00
       19333344        69.93411      1241.57761            5.63        07:30:02        4.20e-02        2.00e+00
       19334372        69.93432      1242.57858            5.63        07:29:46        4.20e-02        2.00e+00
       19335393        69.93511      1243.57926            5.63        07:29:29        4.20e-02        2.00e+00
       19336462        69.93583      1244.57955            5.63        07:29:14        4.20e-02        2.00e+00
       19337548        69.93669      1245.58008            5.63        07:28:58        4.20e-02        2.00e+00
       19338549        69.93767      1246.58027            5.63        07:28:41        4.20e-02        2.00e+00
       19339513        69.93780      1247.58062            5.63        07:28:23        4.20e-02        2.00e+00
DEBUG @ t=19340000: current_coupling=0.042, last=0.042
       19340557        69.93824      1248.58077            5.63        07:28:07        4.20e-02        2.00e+00
       19341625        69.93816      1249.58085            5.63        07:27:52        4.20e-02        2.00e+00
       19342725        69.93894      1250.58158            5.63        07:27:37        4.20e-02        2.00e+00
       19343797        69.93895      1251.58201            5.63        07:27:21        4.20e-02        2.00e+00
       19344869        69.93906      1252.58239            5.63        07:27:06        4.20e-02        2.00e+00
       19345897        69.93937      1253.58325            5.63        07:26:49        4.20e-02        2.00e+00
       19346940        69.94017      1254.58390            5.63        07:26:33        4.20e-02        2.00e+00
       19348008        69.94069      1255.58453            5.63        07:26:17        4.20e-02        2.00e+00
       19349080        69.94134      1256.58490            5.63        07:26:02        4.20e-02        2.00e+00
DEBUG @ t=19350000: current_coupling=0.042, last=0.042
       19350155        69.94143      1257.58583            5.63        07:25:46        4.20e-02        2.00e+00
       19351258        69.94167      1258.58617            5.63        07:25:31        4.20e-02        2.00e+00
       19352286        69.94220      1259.58651            5.63        07:25:15        4.20e-02        2.00e+00
       19353254        69.94248      1260.58701            5.63        07:24:57        4.20e-02        2.00e+00
       19354257        69.94313      1261.58728            5.63        07:24:40        4.20e-02        2.00e+00
       19355325        69.94605      1262.58768            5.63        07:24:24        4.20e-02        2.00e+00
       19356373        69.94720      1263.58789            5.63        07:24:08        4.20e-02        2.00e+00
       19357440        69.94770      1264.58863            5.63        07:23:52        4.20e-02        2.00e+00
       19358482        69.94812      1265.58910            5.63        07:23:36        4.20e-02        2.00e+00
       19359493        69.94827      1266.58957            5.63        07:23:19        4.20e-02        2.00e+00
DEBUG @ t=19360000: current_coupling=0.042, last=0.042
       19360570        69.94882      1267.58995            5.63        07:23:04        4.20e-02        2.00e+00
       19361703        69.94910      1268.59029            5.63        07:22:49        4.20e-02        2.00e+00
       19362799        69.94947      1269.59102            5.63        07:22:34        4.20e-02        2.00e+00
       19363857        69.95077      1270.59172            5.63        07:22:18        4.20e-02        2.00e+00
       19364990        69.95187      1271.59178            5.63        07:22:03        4.20e-02        2.00e+00
       19366044        69.95334      1272.59187            5.63        07:21:47        4.20e-02        2.00e+00
       19366932        69.95356      1273.59276            5.63        07:21:28        4.20e-02        2.00e+00
       19367870        69.95307      1274.59377            5.63        07:21:10        4.20e-02        2.00e+00
       19368895        69.95284      1275.59437            5.63        07:20:54        4.20e-02        2.00e+00
       19369941        69.95287      1276.59444            5.63        07:20:38        4.20e-02        2.00e+00
DEBUG @ t=19370000: current_coupling=0.042, last=0.042
       19370865        69.95261      1277.59523            5.63        07:20:20        4.20e-02        2.00e+00
       19371798        69.95265      1278.59588            5.63        07:20:02        4.20e-02        2.00e+00
       19372762        69.95279      1279.59660            5.63        07:19:44        4.20e-02        2.00e+00
       19373784        69.95363      1280.59735            5.63        07:19:28        4.20e-02        2.00e+00
       19374806        69.95434      1281.59753            5.63        07:19:11        4.20e-02        2.00e+00
       19375758        69.95454      1282.59778            5.63        07:18:53        4.20e-02        2.00e+00
       19376749        69.95500      1283.59823            5.64        07:18:36        4.20e-02        2.00e+00
       19377803        69.95652      1284.59866            5.64        07:18:20        4.20e-02        2.00e+00
       19378820        69.95711      1285.59906            5.64        07:18:03        4.20e-02        2.00e+00
       19379818        69.95801      1286.59919            5.64        07:17:46        4.20e-02        2.00e+00
DEBUG @ t=19380000: current_coupling=0.042, last=0.042
       19380784        69.95904      1287.59951            5.64        07:17:29        4.20e-02        2.00e+00
       19381739        69.95975      1288.60030            5.64        07:17:11        4.20e-02        2.00e+00
       19382687        69.95997      1289.60072            5.64        07:16:53        4.20e-02        2.00e+00
       19383692        69.96029      1290.60147            5.64        07:16:36        4.20e-02        2.00e+00
       19384725        69.96053      1291.60191            5.64        07:16:20        4.20e-02        2.00e+00
       19385716        69.96064      1292.60290            5.64        07:16:03        4.20e-02        2.00e+00
       19386662        69.96037      1293.60294            5.64        07:15:46        4.20e-02        2.00e+00
       19387556        69.96006      1294.60350            5.64        07:15:27        4.20e-02        2.00e+00
       19388453        69.95965      1295.60362            5.64        07:15:09        4.20e-02        2.00e+00
       19389423        69.95943      1296.60445            5.64        07:14:51        4.20e-02        2.00e+00
DEBUG @ t=19390000: current_coupling=0.042, last=0.042
       19390422        69.95980      1297.60528            5.64        07:14:35        4.20e-02        2.00e+00
       19391380        69.95998      1298.60590            5.64        07:14:17        4.20e-02        2.00e+00
       19392308        69.96063      1299.60652            5.64        07:13:59        4.20e-02        2.00e+00
       19393279        69.96093      1300.60718            5.64        07:13:41        4.20e-02        2.00e+00
       19394266        69.96193      1301.60780            5.64        07:13:24        4.20e-02        2.00e+00
       19395303        69.96316      1302.60805            5.64        07:13:08        4.20e-02        2.00e+00
       19396244        69.96410      1303.60853            5.64        07:12:50        4.20e-02        2.00e+00
       19397211        69.96456      1304.60940            5.64        07:12:32        4.20e-02        2.00e+00
       19398216        69.96455      1305.60983            5.64        07:12:16        4.20e-02        2.00e+00
2025-11-06 17:34:38 | ERROR | CRITICAL ERROR in simulation: Unable to synchronously flush file (file write failed: time = Thu Nov  6 17:34:38 2025
, filename = 'observables_replica_109.h5', file descriptor = 4, errno = 122, error message = 'Disk quota exceeded', buf = 0x5635033714f0, total write size = 6057, bytes this sub-write = 6057, offset = 889190581)
2025-11-06 17:34:38 | ERROR | Full traceback:
2025-11-06 17:34:38 | ERROR | Traceback (most recent call last):
2025-11-06 17:34:38 | ERROR |   File "/scratch/mh7373/micromamba/envs/hoomd/lib/python3.12/site-packages/hoomd/cavitymd/simulation/core.py", line 4753, in run
2025-11-06 17:34:38 | ERROR |     self.run_simulation()
2025-11-06 17:34:38 | ERROR |   File "/scratch/mh7373/micromamba/envs/hoomd/lib/python3.12/site-packages/hoomd/cavitymd/simulation/core.py", line 4807, in run_simulation
2025-11-06 17:34:38 | ERROR |     self.sim.run(total_steps, write_at_start=True)
2025-11-06 17:34:38 | ERROR |   File "/scratch/mh7373/micromamba/envs/hoomd/lib/python3.12/site-packages/hoomd/simulation.py", line 561, in run
2025-11-06 17:34:38 | ERROR |     self._cpp_sys.run(steps_int, write_at_start)
2025-11-06 17:34:38 | ERROR |   File "/scratch/mh7373/micromamba/envs/hoomd/lib/python3.12/site-packages/hoomd/cavitymd/data.py", line 528, in act
2025-11-06 17:34:38 | ERROR |     self.file.flush()
2025-11-06 17:34:38 | ERROR |   File "/scratch/mh7373/micromamba/envs/hoomd/lib/python3.12/site-packages/h5py/_hl/files.py", line 639, in flush
2025-11-06 17:34:38 | ERROR |     h5f.flush(self.id)
2025-11-06 17:34:38 | ERROR |   File "h5py/_objects.pyx", line 56, in h5py._objects.with_phil.wrapper
2025-11-06 17:34:38 | ERROR |   File "h5py/_objects.pyx", line 57, in h5py._objects.with_phil.wrapper
2025-11-06 17:34:38 | ERROR |   File "h5py/h5f.pyx", line 159, in h5py.h5f.flush
2025-11-06 17:34:38 | ERROR | RuntimeError: Unable to synchronously flush file (file write failed: time = Thu Nov  6 17:34:38 2025
2025-11-06 17:34:38 | ERROR | , filename = 'observables_replica_109.h5', file descriptor = 4, errno = 122, error message = 'Disk quota exceeded', buf = 0x5635033714f0, total write size = 6057, bytes this sub-write = 6057, offset = 889190581)
2025-11-06 17:34:38 | INFO | Cleanup initiated...
2025-11-06 17:34:38 | INFO | Closing HDF5 observable writer...
✓ HDF5 file closed: observables_replica_109.h5
  Total data points written: 124840
DEBUG: Cleanup called - checking for fkt_tracker
DEBUG: No fkt_tracker found or it's None
2025-11-06 17:34:38 | INFO | Returned to original directory: /scratch/mh7373/cav-hoomd/new_final_offres
2025-11-06 17:34:38 | INFO | Cleanup completed
ERROR: Replica 109 failed (coupling: 4.200000e-02 a.u.)

==================================================
Execution Summary
==================================================
Coupling constant used: 4.200000e-02 a.u.
Total replicas: 1
Successful: 0
Failed: 1
Wall time: 19990.55 seconds

WARNING: 1 replicas failed - check individual logs for details
✗ FAILED: DEBUG task 109
