SLURM Job ID: 1642239
SLURM Array Task ID: 315
Using frequency: 2060 cm-1
Fixed coupling strength (lambda): 0.042 (dimensionless)
Frame will be automatically set to: 315
Advanced Cavity MD Experiment Runner
==================================================
SLURM array job detected: Task 315 (Job 1642239)

*** COUPLING CONSTANT: 4.200000e-02 a.u. ***

Simulation Configuration:
  Cavity coupling: Enabled
    Coupling strength: 4.200000e-02 a.u.
    Frequency: 2060.0 cm⁻¹
    Finite-q mode: False
    Cavity thermostat: langevin
  Molecular thermostat: bussi
  Temperature: 100.0 K
  Runtime: 3000.0 ps
  Device: CPU
  Random seed: 0
  Velocity restart: Enabled - thermalizing velocities
  Momentum zeroing: Disabled

Starting execution for 1 replica(s)...
==================================================

Running replica 315...
>>> Will use FRAME 315 from init-0.gsd for this replica <<<
Running experiment:
  Cavity coupling: Enabled
  *** COUPLING STRENGTH: 4.200000e-02 a.u. ***
  Switch time: 200.0 ps
  Decay: None (step function)
  Damping ratio (zeta): 0.0
  Calculated dissipation (c): 0.0000e+00 a.u.
  Molecular thermostat: bussi
  Cavity thermostat: langevin
  Finite-q mode: False
  Replica: 315
  Frame: 315
  Output directory: coupling_420000e-07_freq_2060.0cm1_switch_200.0ps
  *** READING FRAME 315 FROM /scratch/mh7373/cav-hoomd/new_final_offres/init-0.gsd ***
  ✓ Successfully initialized simulation from frame 315
  ✓ Input file: /scratch/mh7373/cav-hoomd/new_final_offres/init-0.gsd
  ✓ Replica 315 ready to run...
2025-11-06 12:02:08 | INFO | ============================================================
2025-11-06 12:02:08 | INFO | CAVITY MD SIMULATION STARTED
2025-11-06 12:02:08 | INFO | ============================================================
2025-11-06 12:02:08 | INFO | Simulation: prod-315
2025-11-06 12:02:08 | INFO | Device: CPU
2025-11-06 12:02:08 | INFO | Runtime: 3000.0 ps
2025-11-06 12:02:08 | INFO | Temperature: 100.0 K
2025-11-06 12:02:08 | INFO | Random seed: 0
2025-11-06 12:02:08 | INFO | Cavity coupling: Enabled
2025-11-06 12:02:08 | INFO |   Frequency: 2060.0 cm^-1
2025-11-06 12:02:08 | INFO |   Lambda coupling: 0.042
2025-11-06 12:02:08 | INFO |   Epsilon (lambda * omega_c): 3.942141e-04 a.u.
2025-11-06 12:02:08 | INFO |   Finite-q mode: False
2025-11-06 12:02:08 | INFO | Molecular thermostat: bussi (tau=1.0 ps)
2025-11-06 12:02:08 | INFO | Cavity thermostat: langevin (tau=1.0 ps)
2025-11-06 12:02:08 | INFO | ============================================================
2025-11-06 12:02:08 | INFO | === Phase 1: Setting up simulation ===
2025-11-06 12:02:08 | INFO | Using default timestep for calculations: 0.0001 ps
2025-11-06 12:02:08 | INFO | Time conversions:
2025-11-06 12:02:08 | INFO |   Timestep: 0.0001 ps = 4.134138 a.u.
2025-11-06 12:02:08 | INFO |   Runtime: 3000.0 ps = 30000000 steps
2025-11-06 12:02:08 | INFO |   Steps per ps: 10000.0
2025-11-06 12:02:08 | INFO | Output periods (steps):
2025-11-06 12:02:08 | INFO |   Energy: 100 (0.010 ps)
2025-11-06 12:02:08 | INFO |   F(k,t): 10000 (1.000 ps)
2025-11-06 12:02:08 | INFO |   GSD: 10000 (1.000 ps)
2025-11-06 12:02:08 | INFO |   Console: 10000 (1.000 ps)
2025-11-06 12:02:08 | INFO | Initializing simulation on CPU
2025-11-06 12:02:08 | INFO | Using user-specified seed: 0
2025-11-06 12:02:08 | INFO | Cavity particle already exists in GSD file (1 found)
2025-11-06 12:02:08 | INFO | Simulation state created from original GSD file with existing cavity particle
2025-11-06 12:02:08 | INFO | Cavity particle validated at index 500, position HOOMDArray([-4.93096447 -0.62024337  0.09347526])
2025-11-06 12:02:08 | INFO | === Phase 1.5: Setting up time tracker ===
2025-11-06 12:02:08 | INFO | === Phase 2: Configuring forces and thermostats ===
2025-11-06 12:02:08 | INFO | Using lambda_coupling=0.042 (will be scaled by omega_c=0.009386 a.u.)
2025-11-06 12:02:08 | INFO | Using constant coupling: lambda=0.042, epsilon=3.942141e-04 a.u.
CavityForce initialized using cpp implementation
  Using constant lambda coupling: 0.042 (dimensionless)
  Effective epsilon: 3.942141e-04 a.u.
2025-11-06 12:02:08 | INFO | Thermostat time constant conversions:
2025-11-06 12:02:08 | INFO |   Molecular: 1.000 ps = 41341.378917 a.u.
2025-11-06 12:02:08 | INFO |   Cavity: 1.000 ps = 41341.378917 a.u.
2025-11-06 12:02:08 | INFO | Running molecular system with Bussi thermostat (NVT ensemble)
2025-11-06 12:02:08 | INFO | Molecular Bussi thermostat configured: T = 100.0 K, kT = 0.000317 a.u., tau = 1.000 ps
2025-11-06 12:02:08 | INFO | Running cavity with Langevin thermostat
2025-11-06 12:02:08 | INFO | Cavity Langevin thermostat configured: T = 100.0 K, kT = 0.000317 a.u.
2025-11-06 12:02:08 | INFO |   base_gamma = 0.000024 a.u.^-1 (tau = 1.000 ps)
2025-11-06 12:02:08 | INFO |   effective_gamma = 0.000024 a.u.^-1 (damping_factor = 1.0x)
2025-11-06 12:02:08 | INFO | === Phase 3: Setting up integrator and thermalization ===
2025-11-06 12:02:08 | INFO | Integrator configured with initial dt = 4.134138 a.u. (0.000100 ps)
2025-11-06 12:02:08 | INFO | Number of integration methods: 2
2025-11-06 12:02:08 | INFO | CavityParticleDisplacer not needed (constant coupling or q=0 mode)
2025-11-06 12:02:08 | INFO | Using seed 1 for thermalization randomness
2025-11-06 12:02:08 | INFO | Thermalized molecular particles using HOOMD State object
2025-11-06 12:02:08 | INFO | Cavity particle manually thermalized:
2025-11-06 12:02:08 | INFO |   Target temperature: 100.0 K
2025-11-06 12:02:08 | INFO |   Initial velocity: [ 0.02890696 -0.01088686 -0.00939938]
2025-11-06 12:02:08 | INFO |   Expected KE: 0.000521 a.u.
2025-11-06 12:02:08 | INFO |   Expected temperature: 109.7 K
2025-11-06 12:02:08 | INFO |   Using array module: numpy
2025-11-06 12:02:08 | INFO | Checking molecular system temperature after thermalization:
2025-11-06 12:02:08 | INFO |   Number of molecular particles: 500
2025-11-06 12:02:08 | INFO |   Total kinetic energy: 0.243284 a.u.
2025-11-06 12:02:08 | INFO |   Current temperature: 102.4 K
2025-11-06 12:02:08 | INFO | Thermalization completed - velocities properly initialized
2025-11-06 12:02:08 | INFO | === Phase 4: Setting up trackers and loggers ===
2025-11-06 12:02:08 | INFO | Setting up adaptive timestep updater (error_tolerance = 2.0)
Dynamic coupling change detection enabled
Coupling change threshold: ±1.00e-05 a.u.
Shock dampening: error_tolerance drops to 2.00e-10 (factor: 1.00e-10)
Recovery: exponential ramp to 2.00e+00 with τ = 1000.0 ps
Conservative timestep parameters:
  Change threshold: 10.0%
  Max change factor: 1.5
  Min update interval: 1000 steps
  Switch detection tolerance: 0.001 ps
2025-11-06 12:02:08 | INFO | Adaptive timestep updater enabled (check every 1 steps)
CavityForceCompute initialized: omegac=0.00938605 a.u., lambda_coupling=0.042 (dimensionless, from variant), K=8.80979e-05 a.u.
CPU CavityForceCompute initialized successfully
notice(2): charge.pppm: RMS error: 2.31675e-08
NOTICE: Starting from inherited timestep 28300000
  Elapsed time will start from 0, not from inherited simulation time
DEBUG @ t=28300000: current_coupling=0.042, last=None
DEBUG: First coupling check - stored value: 0.042
2025-11-06 12:02:09 | INFO |   Added detailed BussiReservoir energy tracking for method 0
2025-11-06 12:02:09 | INFO |   Added energy tracking for cavityforce
2025-11-06 12:02:09 | INFO |   Added detailed cavity energy components
2025-11-06 12:02:09 | INFO |   Added energy tracking for harmonic
2025-11-06 12:02:09 | INFO |   Added energy tracking for lj
2025-11-06 12:02:09 | INFO |   Added energy tracking for ewald
2025-11-06 12:02:09 | INFO |   Added energy tracking for coulomb
2025-11-06 12:02:09 | INFO | Energy tracking setup completed: 0 methods, 5 forces
2025-11-06 12:02:09 | INFO | Setting up energy tracker with output file: prod-315_energy_tracker.txt
2025-11-06 12:02:09 | INFO | Energy tracker configuration:
2025-11-06 12:02:09 | INFO |   Using time-based output: 0.010 ps
2025-11-06 12:02:09 | INFO |   Max output time: 250.000 ps
2025-11-06 12:02:09 | INFO | Energy tracker configuration:
2025-11-06 12:02:09 | INFO |   Force objects: ['cavity', 'harmonic', 'lj', 'ewald_short', 'ewald_long']
2025-11-06 12:02:09 | INFO |   Thermostat objects: ['bussi_molecular', 'langevin_cavity']
2025-11-06 12:02:09 | INFO |   Using internal kinetic computation (no external tracker needed)
2025-11-06 12:02:09 | INFO |  Energy tracker setup completed with time-based output:
2025-11-06 12:02:09 | INFO |   Output period: 0.010 ps (accurate timing)
2025-11-06 12:02:09 | INFO |   Tracker handles timing internally using ElapsedTimeTracker
2025-11-06 12:02:09 | INFO |   Output limited to 250.000 ps
2025-11-06 12:02:09 | INFO | Setting up F(k,t) density correlation tracker
2025-11-06 12:02:09 | INFO |   k magnitude: 1.00
2025-11-06 12:02:09 | INFO |   Number of wavevectors: 50
2025-11-06 12:02:09 | INFO |   Reference interval: 200.000 ps
2025-11-06 12:02:09 | INFO |   Max references: 20
2025-11-06 12:02:09 | INFO |   Output period: 1.000 ps
2025-11-06 12:02:09 | INFO |   Using time-based reference intervals for adaptive timestep compatibility
2025-11-06 12:02:09 | INFO |   Reference interval: 200.000 ps
2025-11-06 12:02:09 | INFO |   Trigger period: 1 step
2025-11-06 12:02:09 | INFO |   Logarithmic time spacing: DISABLED (regular spacing)
FieldAutocorrelationTracker initialized for density_correlation
  k-magnitude: 1.0
  Wavevectors: 50
  Reference interval: 200.0 ps
  Max references: 20
2025-11-06 12:02:09 | INFO |  F(k,t) tracker successfully enabled with time-based output:
2025-11-06 12:02:09 | INFO |   Output period: 1.000 ps (accurate timing)
2025-11-06 12:02:09 | INFO |   Reference interval: 200.000 ps
2025-11-06 12:02:09 | INFO |   Tracker handles timing internally using ElapsedTimeTracker
2025-11-06 12:02:09 | INFO | Setting up dipole autocorrelation tracker...
2025-11-06 12:02:09 | INFO |   Reference interval: 200.000 ps
2025-11-06 12:02:09 | INFO |   Max references: 20
2025-11-06 12:02:09 | INFO |   Output period: 0.010 ps
2025-11-06 12:02:09 | INFO |   Using time-based reference intervals for adaptive timestep compatibility
2025-11-06 12:02:09 | INFO |   Reference interval: 200.000 ps
2025-11-06 12:02:09 | INFO |   Trigger period: 1 step
2025-11-06 12:02:09 | WARNING | Could not set up dipole autocorrelation tracker: Can't instantiate abstract class AutocorrelationTracker without an implementation for abstract method 'act'
2025-11-06 12:02:09 | INFO | Momentum zeroing disabled
2025-11-06 12:02:09 | INFO |  TRACKING AND LOGGING SETUP COMPLETED:
2025-11-06 12:02:09 | INFO |   All output systems now use precise time-based periods
2025-11-06 12:02:09 | INFO |  Comprehensive temperature tracker enabled
2025-11-06 12:02:09 | INFO |   Output file: temperature_tracker_replica_315.csv
2025-11-06 12:02:09 | INFO |   Output period: 0.1 ps
2025-11-06 12:02:09 | INFO |   Tracking: kinetic, harmonic fictive, LJ+Coul fictive, cavity bath, molecular bath
2025-11-06 12:02:09 | INFO |   Empirical data: None (LJ+Coul fictive temp will be 0)
2025-11-06 12:02:09 | INFO | 
============================================================
2025-11-06 12:02:09 | INFO | HDF5 OBSERVABLE OUTPUT CONFIGURATION
2025-11-06 12:02:09 | INFO | ============================================================
2025-11-06 12:02:09 | INFO | Output file: observables_replica_315.h5
2025-11-06 12:02:09 | INFO | Output period: 0.010 ps
2025-11-06 12:02:09 | INFO | SWMR mode: Enabled (concurrent read access)
2025-11-06 12:02:09 | INFO | ============================================================

✓ HDF5 file structure created: observables_replica_315.h5
ObservableWriter initialized:
  Output file: observables_replica_315.h5
  Output period: 0.01 ps
  Chunk size: 1000
  Compression: gzip
  SWMR mode: True
  Flush interval: 10
✓ Energy tracker registered (18 components)
2025-11-06 12:02:09 | INFO |   Registered energy tracker for HDF5 output
✓ Temperature tracker registered (6 components)
2025-11-06 12:02:09 | INFO |   Registered temperature tracker for HDF5 output
2025-11-06 12:02:09 | INFO | ✓ HDF5 observable output enabled

2025-11-06 12:02:09 | INFO | Advanced features enabled: detailed energy tracking (0.010 ps), F(k,t) density correlation (1.000 ps, k=1.0), dipole autocorrelation (0.010 ps), adaptive timestep control, comprehensive temperature tracker (0.1 ps), HDF5 observable output (0.010 ps)
2025-11-06 12:02:09 | INFO | Console output: 1.000 ps periods (time-based)
2025-11-06 12:02:09 | INFO |   Works accurately for both adaptive and fixed timestep modes
2025-11-06 12:02:09 | INFO | DEBUG: PID controller NOT enabled (enable_pid_controller=False)
2025-11-06 12:02:09 | INFO | === Phase 5: Setting up output writers ===
2025-11-06 12:02:09 | INFO | GSD output setup for adaptive timestep mode:
2025-11-06 12:02:09 | INFO |   GSD trigger: every 1000 steps (target: 1.000 ps)
2025-11-06 12:02:09 | INFO |   Note: GSD timing may vary slightly due to adaptive timestep changes
2025-11-06 12:02:09 | INFO | GSD writer added for file: prod-315.gsd
2025-11-06 12:02:09 | INFO |   GSD output period: 1.000 ps
2025-11-06 12:02:09 | INFO |   GSD truncate mode: False (append to existing file)
2025-11-06 12:02:09 | INFO |  Console output setup completed:
2025-11-06 12:02:09 | INFO |   Output period: 1.000 ps (accurate time-based)
2025-11-06 12:02:09 | INFO |   Lambda coupling column: 4.200000e-02 (dimensionless) (displayed in real-time)
2025-11-06 12:02:09 | INFO |   Console tracker handles timing internally using ElapsedTimeTracker
2025-11-06 12:02:09 | INFO |   Works accurately for both adaptive and fixed timestep modes
2025-11-06 12:02:09 | INFO |  FIXED: Console output now uses precise time-based logic
2025-11-06 12:02:09 | INFO |   Both console and energy tracker use accurate timing
2025-11-06 12:02:09 | INFO |   GSD output timing may vary slightly but is less critical
2025-11-06 12:02:09 | INFO | === Phase 6: Running simulation ===
2025-11-06 12:02:09 | INFO | Starting adaptive timestep simulation for 3000.0 ps
2025-11-06 12:02:09 | INFO | Using max steps: 999999999 (will exit when runtime reached)
2025-11-06 12:02:09 | INFO | Initial timestep: 35.245169 a.u. (0.853 fs)
2025-11-06 12:02:09 | INFO | Timestep will adapt dynamically (error_tolerance = 2.0)
Added F(k,t) reference 0 at t = 0.001 ps
[HDF5 Writer DEBUG] timestep=28300001, current_time_ps=0.001, last_output_time=None, write_count=0
[HDF5 Writer DEBUG] Writing data point 0 at time 0.001 ps
[HDF5 Writer DEBUG] timestep=28300002, current_time_ps=0.002, last_output_time=0.000852539762893782, write_count=1
[HDF5 Writer DEBUG] Skipping output: not time yet (current=0.002, last=0.000852539762893782, period=0.01)
[HDF5 Writer DEBUG] timestep=28300003, current_time_ps=0.003, last_output_time=0.000852539762893782, write_count=1
[HDF5 Writer DEBUG] Skipping output: not time yet (current=0.003, last=0.000852539762893782, period=0.01)
[HDF5 Writer DEBUG] timestep=28300004, current_time_ps=0.003, last_output_time=0.000852539762893782, write_count=1
[HDF5 Writer DEBUG] Skipping output: not time yet (current=0.003, last=0.000852539762893782, period=0.01)
[HDF5 Writer DEBUG] timestep=28300005, current_time_ps=0.004, last_output_time=0.000852539762893782, write_count=1
[HDF5 Writer DEBUG] Skipping output: not time yet (current=0.004, last=0.000852539762893782, period=0.01)
[HDF5 Writer DEBUG] timestep=28300006, current_time_ps=0.005, last_output_time=0.000852539762893782, write_count=1
[HDF5 Writer DEBUG] Skipping output: not time yet (current=0.005, last=0.000852539762893782, period=0.01)
[HDF5 Writer DEBUG] timestep=28300007, current_time_ps=0.006, last_output_time=0.000852539762893782, write_count=1
[HDF5 Writer DEBUG] Skipping output: not time yet (current=0.006, last=0.000852539762893782, period=0.01)
[HDF5 Writer DEBUG] timestep=28300008, current_time_ps=0.007, last_output_time=0.000852539762893782, write_count=1
[HDF5 Writer DEBUG] Skipping output: not time yet (current=0.007, last=0.000852539762893782, period=0.01)
[HDF5 Writer DEBUG] timestep=28300009, current_time_ps=0.008, last_output_time=0.000852539762893782, write_count=1
[HDF5 Writer DEBUG] Skipping output: not time yet (current=0.008, last=0.000852539762893782, period=0.01)
[HDF5 Writer DEBUG] timestep=28300010, current_time_ps=0.009, last_output_time=0.000852539762893782, write_count=1
[HDF5 Writer DEBUG] Skipping output: not time yet (current=0.009, last=0.000852539762893782, period=0.01)
[HDF5 Writer DEBUG] timestep=28300011, current_time_ps=0.009, last_output_time=0.000852539762893782, write_count=1
[HDF5 Writer DEBUG] Skipping output: not time yet (current=0.009, last=0.000852539762893782, period=0.01)
[HDF5 Writer DEBUG] timestep=28300012, current_time_ps=0.010, last_output_time=0.000852539762893782, write_count=1
[HDF5 Writer DEBUG] Skipping output: not time yet (current=0.010, last=0.000852539762893782, period=0.01)
[HDF5 Writer DEBUG] timestep=28300013, current_time_ps=0.011, last_output_time=0.000852539762893782, write_count=1
[HDF5 Writer DEBUG] Writing data point 1 at time 0.011 ps
[HDF5 Writer DEBUG] timestep=28300014, current_time_ps=0.012, last_output_time=0.011083016917619164, write_count=2
[HDF5 Writer DEBUG] Skipping output: not time yet (current=0.012, last=0.011083016917619164, period=0.01)
[HDF5 Writer DEBUG] timestep=28300015, current_time_ps=0.013, last_output_time=0.011083016917619164, write_count=2
[HDF5 Writer DEBUG] Skipping output: not time yet (current=0.013, last=0.011083016917619164, period=0.01)
[HDF5 Writer DEBUG] timestep=28300016, current_time_ps=0.014, last_output_time=0.011083016917619164, write_count=2
[HDF5 Writer DEBUG] Skipping output: not time yet (current=0.014, last=0.011083016917619164, period=0.01)
[HDF5 Writer DEBUG] timestep=28300017, current_time_ps=0.014, last_output_time=0.011083016917619164, write_count=2
[HDF5 Writer DEBUG] Skipping output: not time yet (current=0.014, last=0.011083016917619164, period=0.01)
[HDF5 Writer DEBUG] timestep=28300018, current_time_ps=0.015, last_output_time=0.011083016917619164, write_count=2
[HDF5 Writer DEBUG] Skipping output: not time yet (current=0.015, last=0.011083016917619164, period=0.01)
[HDF5 Writer DEBUG] timestep=28300019, current_time_ps=0.016, last_output_time=0.011083016917619164, write_count=2
[HDF5 Writer DEBUG] Skipping output: not time yet (current=0.016, last=0.011083016917619164, period=0.01)
[HDF5 Writer DEBUG] timestep=28300020, current_time_ps=0.017, last_output_time=0.011083016917619164, write_count=2
[HDF5 Writer DEBUG] Skipping output: not time yet (current=0.017, last=0.011083016917619164, period=0.01)
[HDF5 Writer DEBUG] timestep=28300021, current_time_ps=0.018, last_output_time=0.011083016917619164, write_count=2
[HDF5 Writer DEBUG] Skipping output: not time yet (current=0.018, last=0.011083016917619164, period=0.01)
[HDF5 Writer DEBUG] timestep=28300022, current_time_ps=0.019, last_output_time=0.011083016917619164, write_count=2
[HDF5 Writer DEBUG] Skipping output: not time yet (current=0.019, last=0.011083016917619164, period=0.01)
[HDF5 Writer DEBUG] timestep=28300023, current_time_ps=0.020, last_output_time=0.011083016917619164, write_count=2
[HDF5 Writer DEBUG] Skipping output: not time yet (current=0.020, last=0.011083016917619164, period=0.01)
[HDF5 Writer DEBUG] timestep=28300024, current_time_ps=0.020, last_output_time=0.011083016917619164, write_count=2
[HDF5 Writer DEBUG] Skipping output: not time yet (current=0.020, last=0.011083016917619164, period=0.01)
[HDF5 Writer DEBUG] timestep=28300025, current_time_ps=0.021, last_output_time=0.011083016917619164, write_count=2
[HDF5 Writer DEBUG] Writing data point 2 at time 0.021 ps
✓ SWMR mode enabled - file can now be read concurrently
Simulation.timestep  Simulation.tps Time.elapsed_ps Performance.ns_per_day Performance.eta   Cavity.lambda Adaptive.error_tolerance
       28301158        67.40090         1.00020            4.93        14:35:35        4.20e-02        2.00e+00
       28302277        67.30546         2.00081            5.06        14:13:21        4.20e-02        2.00e+00
       28303524        67.41398         3.00100            4.93        14:35:44        4.20e-02        2.00e+00
       28304641        67.44361         4.00164            5.00        14:22:54        4.20e-02        2.00e+00
       28305851        67.44489         5.00231            4.96        14:29:04        4.20e-02        2.00e+00
       28306922        67.41885         6.00296            5.03        14:16:18        4.20e-02        2.00e+00
       28307934        67.39319         7.00338            5.12        14:00:58        4.20e-02        2.00e+00
       28308948        67.34972         8.00391            5.19        13:49:52        4.20e-02        2.00e+00
DEBUG @ t=28310000: current_coupling=0.042, last=0.042
       28310044        67.34765         9.00400            5.21        13:47:34        4.20e-02        2.00e+00
       28311331        67.42604        10.00420            5.13        13:58:47        4.20e-02        2.00e+00
       28312587        67.47187        11.00438            5.09        14:06:03        4.20e-02        2.00e+00
       28313869        67.46895        12.00458            5.04        14:14:09        4.20e-02        2.00e+00
       28314964        67.48485        13.00479            5.06        14:10:08        4.20e-02        2.00e+00
       28316035        67.49313        14.00577            5.09        14:05:24        4.20e-02        2.00e+00
       28317044        67.45682        15.00653            5.12        13:58:46        4.20e-02        2.00e+00
       28318138        67.44895        16.00700            5.14        13:56:33        4.20e-02        2.00e+00
       28319162        67.42429        17.00762            5.16        13:51:46        4.20e-02        2.00e+00
DEBUG @ t=28320000: current_coupling=0.042, last=0.042
       28320296        67.42078        18.00854            5.16        13:51:44        4.20e-02        2.00e+00
       28321413        67.42338        19.00873            5.17        13:50:58        4.20e-02        2.00e+00
       28322519        67.44727        20.00885            5.17        13:49:36        4.20e-02        2.00e+00
       28323564        67.45352        21.00936            5.19        13:46:22        4.20e-02        2.00e+00
       28324682        67.46158        22.00977            5.19        13:45:49        4.20e-02        2.00e+00
       28325804        67.47067        23.01017            5.19        13:45:24        4.20e-02        2.00e+00
       28326960        67.52596        24.01066            5.19        13:45:27        4.20e-02        2.00e+00
       28328095        67.53983        25.01076            5.19        13:45:20        4.20e-02        2.00e+00
       28329161        67.53924        26.01142            5.20        13:43:24        4.20e-02        2.00e+00
DEBUG @ t=28330000: current_coupling=0.042, last=0.042
       28330263        67.53964        27.01196            5.20        13:42:34        4.20e-02        2.00e+00
       28331343        67.56485        28.01283            5.21        13:40:52        4.20e-02        2.00e+00
       28332434        67.58340        29.01285            5.22        13:39:39        4.20e-02        2.00e+00
       28333535        67.60835        30.01296            5.22        13:38:38        4.20e-02        2.00e+00
       28334736        67.62421        31.01322            5.21        13:40:07        4.20e-02        2.00e+00
       28335848        67.62704        32.01345            5.21        13:39:36        4.20e-02        2.00e+00
       28336853        67.63620        33.01348            5.23        13:36:39        4.20e-02        2.00e+00
       28337941        67.64950        34.01389            5.24        13:35:35        4.20e-02        2.00e+00
       28338906        67.65835        35.01404            5.26        13:32:02        4.20e-02        2.00e+00
DEBUG @ t=28340000: current_coupling=0.042, last=0.042
       28340023        67.68101        36.01444            5.26        13:31:36        4.20e-02        2.00e+00
       28341087        67.69147        37.01444            5.27        13:30:15        4.20e-02        2.00e+00
       28342270        67.71061        38.01523            5.26        13:31:07        4.20e-02        2.00e+00
       28343374        67.72271        39.01563            5.26        13:30:32        4.20e-02        2.00e+00
       28344428        67.73239        40.01573            5.27        13:29:05        4.20e-02        2.00e+00
       28345485        67.74162        41.01586            5.28        13:27:44        4.20e-02        2.00e+00
       28346534        67.73714        42.01643            5.28        13:26:27        4.20e-02        2.00e+00
       28347616        67.74384        43.01716            5.29        13:25:39        4.20e-02        2.00e+00
       28348707        67.74220        44.01783            5.29        13:25:07        4.20e-02        2.00e+00
       28349745        67.77812        45.01837            5.30        13:23:17        4.20e-02        2.00e+00
DEBUG @ t=28350000: current_coupling=0.042, last=0.042
       28350816        67.80343        46.01918            5.30        13:22:09        4.20e-02        2.00e+00
       28351943        67.85025        47.01989            5.30        13:21:40        4.20e-02        2.00e+00
       28352950        67.86138        48.02066            5.32        13:19:46        4.20e-02        2.00e+00
       28353929        67.86622        49.02145            5.33        13:17:35        4.20e-02        2.00e+00
       28354889        67.85551        50.02224            5.34        13:15:24        4.20e-02        2.00e+00
       28355832        67.84570        51.02254            5.35        13:13:02        4.20e-02        2.00e+00
       28356907        67.84307        52.02270            5.36        13:12:31        4.20e-02        2.00e+00
       28357897        67.83326        53.02320            5.37        13:10:56        4.20e-02        2.00e+00
       28359009        67.83051        54.02327            5.36        13:10:58        4.20e-02        2.00e+00
       28359966        67.83179        55.02328            5.38        13:08:54        4.20e-02        2.00e+00
DEBUG @ t=28360000: current_coupling=0.042, last=0.042
       28360984        67.83824        56.02352            5.38        13:07:37        4.20e-02        2.00e+00
       28361947        67.83763        57.02374            5.39        13:05:45        4.20e-02        2.00e+00
       28363023        67.82937        58.02428            5.39        13:05:27        4.20e-02        2.00e+00
       28364020        67.81960        59.02456            5.40        13:04:11        4.20e-02        2.00e+00
       28364999        67.80941        60.02555            5.41        13:02:45        4.20e-02        2.00e+00
       28365888        67.80307        61.02562            5.42        13:00:15        4.20e-02        2.00e+00
       28366926        67.79706        62.02613            5.43        12:59:34        4.20e-02        2.00e+00
       28368056        67.79984        63.02680            5.42        12:59:50        4.20e-02        2.00e+00
       28369108        67.81603        64.02766            5.43        12:59:04        4.20e-02        2.00e+00
DEBUG @ t=28370000: current_coupling=0.042, last=0.042
       28370217        67.85594        65.02774            5.43        12:58:40        4.20e-02        2.00e+00
       28371241        67.85716        66.02864            5.43        12:57:45        4.20e-02        2.00e+00
       28372254        67.86485        67.02927            5.44        12:56:41        4.20e-02        2.00e+00
       28373330        67.88754        68.03001            5.44        12:56:08        4.20e-02        2.00e+00
       28374357        67.89646        69.03007            5.44        12:55:13        4.20e-02        2.00e+00
       28375404        67.89608        70.03044            5.45        12:54:39        4.20e-02        2.00e+00
       28376448        67.89858        71.03072            5.45        12:54:01        4.20e-02        2.00e+00
       28377495        67.89944        72.03141            5.45        12:53:26        4.20e-02        2.00e+00
       28378585        67.89103        73.03178            5.45        12:53:24        4.20e-02        2.00e+00
       28379616        67.88541        74.03197            5.45        12:52:46        4.20e-02        2.00e+00
DEBUG @ t=28380000: current_coupling=0.042, last=0.042
       28380629        67.88287        75.03259            5.46        12:51:55        4.20e-02        2.00e+00
       28381648        67.88758        76.03267            5.46        12:51:04        4.20e-02        2.00e+00
       28382631        67.89105        77.03325            5.47        12:49:55        4.20e-02        2.00e+00
       28383624        67.88739        78.03400            5.47        12:48:57        4.20e-02        2.00e+00
       28384588        67.88875        79.03455            5.48        12:47:41        4.20e-02        2.00e+00
       28385580        67.88757        80.03516            5.48        12:46:44        4.20e-02        2.00e+00
       28386667        67.88438        81.03541            5.48        12:46:39        4.20e-02        2.00e+00
       28387762        67.88393        82.03569            5.48        12:46:37        4.20e-02        2.00e+00
       28388804        67.88017        83.03657            5.48        12:46:09        4.20e-02        2.00e+00
       28389848        67.87838        84.03747            5.48        12:45:40        4.20e-02        2.00e+00
DEBUG @ t=28390000: current_coupling=0.042, last=0.042
       28390845        67.87409        85.03821            5.49        12:44:50        4.20e-02        2.00e+00
       28391846        67.86975        86.03838            5.49        12:44:04        4.20e-02        2.00e+00
       28392859        67.86866        87.03858            5.49        12:43:22        4.20e-02        2.00e+00
       28393958        67.87358        88.03864            5.49        12:43:18        4.20e-02        2.00e+00
       28394940        67.87076        89.03895            5.50        12:42:23        4.20e-02        2.00e+00
       28396037        67.87137        90.03946            5.50        12:42:21        4.20e-02        2.00e+00
       28397069        67.87825        91.04016            5.50        12:41:44        4.20e-02        2.00e+00
       28398116        67.88449        92.04083            5.50        12:41:15        4.20e-02        2.00e+00
       28399201        67.89039        93.04118            5.50        12:41:03        4.20e-02        2.00e+00
DEBUG @ t=28400000: current_coupling=0.042, last=0.042
[HDF5 Writer DEBUG] timestep=28400000, current_time_ps=93.847, last_output_time=93.84299664789475, write_count=8966
       28400197        67.88867        94.04147            5.50        12:40:17        4.20e-02        2.00e+00
       28401213        67.88624        95.04213            5.51        12:39:40        4.20e-02        2.00e+00
       28402212        67.88729        96.04226            5.51        12:38:54        4.20e-02        2.00e+00
       28403152        67.88801        97.04261            5.52        12:37:43        4.20e-02        2.00e+00
       28404216        67.89133        98.04310            5.52        12:37:25        4.20e-02        2.00e+00
       28405251        67.89632        99.04315            5.52        12:36:54        4.20e-02        2.00e+00
       28406345        67.90135       100.04352            5.52        12:36:48        4.20e-02        2.00e+00
       28407355        67.90019       101.04440            5.52        12:36:10        4.20e-02        2.00e+00
       28408327        67.90556       102.04453            5.53        12:35:13        4.20e-02        2.00e+00
       28409273        67.90528       103.04556            5.53        12:34:09        4.20e-02        2.00e+00
DEBUG @ t=28410000: current_coupling=0.042, last=0.042
       28410230        67.90416       104.04637            5.54        12:33:11        4.20e-02        2.00e+00
       28411405        67.90094       105.04654            5.53        12:33:45        4.20e-02        2.00e+00
       28412571        67.90169       106.04728            5.53        12:34:10        4.20e-02        2.00e+00
       28413677        67.90557       107.04797            5.52        12:34:10        4.20e-02        2.00e+00
       28414777        67.90929       108.04827            5.52        12:34:06        4.20e-02        2.00e+00
       28415752        67.90705       109.04843            5.53        12:33:18        4.20e-02        2.00e+00
       28416782        67.91451       110.04878            5.53        12:32:45        4.20e-02        2.00e+00
       28417849        67.91488       111.04885            5.53        12:32:31        4.20e-02        2.00e+00
       28418953        67.91587       112.04908            5.53        12:32:31        4.20e-02        2.00e+00
       28419899        67.91370       113.04932            5.53        12:31:33        4.20e-02        2.00e+00
DEBUG @ t=28420000: current_coupling=0.042, last=0.042
       28420903        67.91071       114.04944            5.53        12:30:58        4.20e-02        2.00e+00
       28421989        67.91891       115.04967            5.53        12:30:46        4.20e-02        2.00e+00
       28422985        67.92056       116.05004            5.54        12:30:06        4.20e-02        2.00e+00
       28424009        67.92071       117.05011            5.54        12:29:37        4.20e-02        2.00e+00
       28425081        67.92034       118.05068            5.54        12:29:26        4.20e-02        2.00e+00
       28426095        67.91750       119.05131            5.54        12:28:56        4.20e-02        2.00e+00
       28427052        67.91923       120.05135            5.54        12:28:03        4.20e-02        2.00e+00
       28428176        67.93005       121.05209            5.54        12:28:03        4.20e-02        2.00e+00
       28429310        67.93277       122.05231            5.54        12:28:11        4.20e-02        2.00e+00
DEBUG @ t=28430000: current_coupling=0.042, last=0.042
       28430398        67.93132       123.05249            5.54        12:28:06        4.20e-02        2.00e+00
       28431388        67.92842       124.05346            5.54        12:27:29        4.20e-02        2.00e+00
       28432353        67.92361       125.05350            5.54        12:26:44        4.20e-02        2.00e+00
       28433420        67.91955       126.05361            5.54        12:26:34        4.20e-02        2.00e+00
       28434538        67.92956       127.05381            5.54        12:26:32        4.20e-02        2.00e+00
       28435646        67.93408       128.05419            5.54        12:26:29        4.20e-02        2.00e+00
       28436736        67.93541       129.05441            5.54        12:26:22        4.20e-02        2.00e+00
       28437864        67.94040       130.05495            5.54        12:26:26        4.20e-02        2.00e+00
       28439008        67.94220       131.05528            5.53        12:26:36        4.20e-02        2.00e+00
DEBUG @ t=28440000: current_coupling=0.042, last=0.042
       28440057        67.94453       132.05546            5.53        12:26:15        4.20e-02        2.00e+00
       28441101        67.95152       133.05633            5.54        12:25:49        4.20e-02        2.00e+00
       28442139        67.95447       134.05698            5.54        12:25:24        4.20e-02        2.00e+00
       28443230        67.95481       135.05718            5.54        12:25:18        4.20e-02        2.00e+00
       28444358        67.95213       136.05759            5.53        12:25:24        4.20e-02        2.00e+00
       28445403        67.95268       137.05791            5.53        12:25:03        4.20e-02        2.00e+00
       28446431        67.95238       138.05874            5.53        12:24:38        4.20e-02        2.00e+00
       28447521        67.95196       139.05909            5.53        12:24:31        4.20e-02        2.00e+00
       28448570        67.95063       140.05948            5.53        12:24:12        4.20e-02        2.00e+00
       28449540        67.94772       141.06030            5.54        12:23:31        4.20e-02        2.00e+00
DEBUG @ t=28450000: current_coupling=0.042, last=0.042
       28450585        67.94440       142.06046            5.54        12:23:13        4.20e-02        2.00e+00
       28451662        67.94277       143.06132            5.54        12:23:03        4.20e-02        2.00e+00
       28452653        67.93852       144.06194            5.54        12:22:30        4.20e-02        2.00e+00
       28453654        67.93770       145.06256            5.54        12:21:58        4.20e-02        2.00e+00
       28454755        67.94094       146.06277            5.54        12:21:52        4.20e-02        2.00e+00
       28455856        67.94563       147.06295            5.54        12:21:45        4.20e-02        2.00e+00
       28456943        67.94659       148.06351            5.54        12:21:36        4.20e-02        2.00e+00
       28457910        67.94927       149.06451            5.54        12:20:53        4.20e-02        2.00e+00
       28458989        67.96260       150.06453            5.54        12:20:34        4.20e-02        2.00e+00
       28459971        67.96240       151.06508            5.54        12:19:57        4.20e-02        2.00e+00
DEBUG @ t=28460000: current_coupling=0.042, last=0.042
       28461078        67.97062       152.06598            5.54        12:19:49        4.20e-02        2.00e+00
       28462057        67.97302       153.06642            5.55        12:19:09        4.20e-02        2.00e+00
       28462970        67.97371       154.06735            5.55        12:18:13        4.20e-02        2.00e+00
       28463999        67.97142       155.06814            5.55        12:17:51        4.20e-02        2.00e+00
       28465074        67.96899       156.06865            5.55        12:17:42        4.20e-02        2.00e+00
       28466128        67.96585       157.06872            5.55        12:17:27        4.20e-02        2.00e+00
       28467221        67.97490       158.06896            5.55        12:17:15        4.20e-02        2.00e+00
       28468256        67.97665       159.06912            5.55        12:16:52        4.20e-02        2.00e+00
       28469300        67.97648       160.06948            5.55        12:16:33        4.20e-02        2.00e+00
DEBUG @ t=28470000: current_coupling=0.042, last=0.042
       28470273        67.98235       161.07051            5.56        12:15:51        4.20e-02        2.00e+00
       28471281        67.98325       162.07064            5.56        12:15:22        4.20e-02        2.00e+00
       28472339        67.98377       163.07168            5.56        12:15:06        4.20e-02        2.00e+00
       28473315        67.98163       164.07212            5.56        12:14:32        4.20e-02        2.00e+00
       28474366        67.98929       165.07259            5.56        12:14:10        4.20e-02        2.00e+00
       28475461        68.00034       166.07308            5.56        12:13:56        4.20e-02        2.00e+00
       28476479        68.00104       167.07402            5.56        12:13:30        4.20e-02        2.00e+00
       28477461        68.00206       168.07481            5.56        12:12:56        4.20e-02        2.00e+00
       28478508        68.00364       169.07514            5.56        12:12:37        4.20e-02        2.00e+00
       28479602        68.00373       170.07607            5.56        12:12:30        4.20e-02        2.00e+00
DEBUG @ t=28480000: current_coupling=0.042, last=0.042
       28480665        68.00247       171.07700            5.56        12:12:17        4.20e-02        2.00e+00
       28481748        68.00210       172.07765            5.56        12:12:08        4.20e-02        2.00e+00
       28482707        67.99884       173.07863            5.56        12:11:31        4.20e-02        2.00e+00
       28483725        67.99665       174.07907            5.57        12:11:08        4.20e-02        2.00e+00
       28484805        67.99383       175.07945            5.56        12:11:00        4.20e-02        2.00e+00
       28485868        67.99428       176.07991            5.56        12:10:45        4.20e-02        2.00e+00
       28486878        67.99358       177.08028            5.57        12:10:20        4.20e-02        2.00e+00
       28488048        67.99392       178.08029            5.56        12:10:30        4.20e-02        2.00e+00
       28489095        67.99371       179.08085            5.56        12:10:13        4.20e-02        2.00e+00
DEBUG @ t=28490000: current_coupling=0.042, last=0.042
       28490296        67.99584       180.08124            5.56        12:10:29        4.20e-02        2.00e+00
       28491455        67.99392       181.08174            5.56        12:10:38        4.20e-02        2.00e+00
       28492616        67.99246       182.08241            5.55        12:10:47        4.20e-02        2.00e+00
       28493725        67.99217       183.08277            5.55        12:10:43        4.20e-02        2.00e+00
       28494780        67.99244       184.08348            5.55        12:10:26        4.20e-02        2.00e+00
       28495901        67.99062       185.08427            5.55        12:10:26        4.20e-02        2.00e+00
       28497117        67.99358       186.08428            5.55        12:10:43        4.20e-02        2.00e+00
       28498323        67.99763       187.08439            5.54        12:10:58        4.20e-02        2.00e+00
       28499588        67.99932       188.08458            5.54        12:11:26        4.20e-02        2.00e+00
DEBUG @ t=28500000: current_coupling=0.042, last=0.042
[HDF5 Writer DEBUG] timestep=28500000, current_time_ps=188.423, last_output_time=188.41551313509285, write_count=17978
       28500745        68.01929       189.08485            5.53        12:11:18        4.20e-02        2.00e+00
       28501876        68.03945       190.08553            5.53        12:11:04        4.20e-02        2.00e+00
       28502934        68.05766       191.08617            5.54        12:10:36        4.20e-02        2.00e+00
       28504039        68.07562       192.08686            5.54        12:10:18        4.20e-02        2.00e+00
       28505346        68.09712       193.08743            5.53        12:10:41        4.20e-02        2.00e+00
       28506503        68.11630       194.08807            5.53        12:10:32        4.20e-02        2.00e+00
       28507602        68.13289       195.08876            5.53        12:10:13        4.20e-02        2.00e+00
       28508850        68.15503       196.08892            5.53        12:10:22        4.20e-02        2.00e+00
       28509973        68.17176       197.08901            5.53        12:10:08        4.20e-02        2.00e+00
DEBUG @ t=28510000: current_coupling=0.042, last=0.042
       28511109        68.18840       198.08909            5.53        12:09:56        4.20e-02        2.00e+00
       28512217        68.20389       199.08970            5.53        12:09:39        4.20e-02        2.00e+00
SWITCH DETECTED at timestep 28513228: t = 200.000800 ps
  Forcing immediate timestep adjustment for shock dampening
Added F(k,t) reference 1 at t = 200.002 ps
       28513325        68.21988       200.08982            5.53        12:09:22        4.20e-02        2.00e+00
       28514433        68.23715       201.08984            5.53        12:09:03        4.20e-02        2.00e+00
       28515573        68.25508       202.08998            5.53        12:08:51        4.20e-02        2.00e+00
       28516635        68.27030       203.09046            5.53        12:08:25        4.20e-02        2.00e+00
       28517730        68.28970       204.09094            5.53        12:08:02        4.20e-02        2.00e+00
       28518755        68.30384       205.09119            5.53        12:07:29        4.20e-02        2.00e+00
       28519782        68.31630       206.09144            5.53        12:06:58        4.20e-02        2.00e+00
DEBUG @ t=28520000: current_coupling=0.042, last=0.042
       28520864        68.32911       207.09205            5.53        12:06:37        4.20e-02        2.00e+00
       28521976        68.34451       208.09288            5.54        12:06:20        4.20e-02        2.00e+00
       28523031        68.36307       209.09319            5.54        12:05:50        4.20e-02        2.00e+00
       28524031        68.38370       210.09357            5.54        12:05:08        4.20e-02        2.00e+00
       28525008        68.40745       211.09390            5.54        12:04:20        4.20e-02        2.00e+00
       28526123        68.43307       212.09413            5.55        12:03:58        4.20e-02        2.00e+00
       28527098        68.44653       213.09487            5.55        12:03:16        4.20e-02        2.00e+00
       28528171        68.46092       214.09525            5.55        12:02:53        4.20e-02        2.00e+00
       28529192        68.47699       215.09571            5.55        12:02:18        4.20e-02        2.00e+00
DEBUG @ t=28530000: current_coupling=0.042, last=0.042
       28530368        68.50255       216.09612            5.55        12:02:07        4.20e-02        2.00e+00
       28531330        68.51543       217.09669            5.55        12:01:24        4.20e-02        2.00e+00
       28532444        68.52917       218.09719            5.55        12:01:09        4.20e-02        2.00e+00
       28533389        68.54127       219.09779            5.56        12:00:23        4.20e-02        2.00e+00
       28534533        68.55487       220.09813            5.56        12:00:13        4.20e-02        2.00e+00
       28535584        68.57037       221.09911            5.56        11:59:45        4.20e-02        2.00e+00
       28536585        68.58331       222.09934            5.56        11:59:10        4.20e-02        2.00e+00
       28537645        68.59558       223.10039            5.56        11:58:45        4.20e-02        2.00e+00
       28538624        68.60731       224.10130            5.57        11:58:06        4.20e-02        2.00e+00
       28539696        68.62015       225.10216            5.57        11:57:44        4.20e-02        2.00e+00
DEBUG @ t=28540000: current_coupling=0.042, last=0.042
       28540829        68.63862       226.10248            5.57        11:57:29        4.20e-02        2.00e+00
       28541887        68.65642       227.10265            5.57        11:57:01        4.20e-02        2.00e+00
       28542949        68.66770       228.10343            5.57        11:56:38        4.20e-02        2.00e+00
       28544036        68.68052       229.10362            5.57        11:56:18        4.20e-02        2.00e+00
       28545120        68.69572       230.10407            5.57        11:55:56        4.20e-02        2.00e+00
       28546189        68.71006       231.10451            5.57        11:55:32        4.20e-02        2.00e+00
       28547179        68.72022       232.10452            5.57        11:54:57        4.20e-02        2.00e+00
       28548244        68.73155       233.10458            5.58        11:54:35        4.20e-02        2.00e+00
       28549231        68.74148       234.10499            5.58        11:53:59        4.20e-02        2.00e+00
DEBUG @ t=28550000: current_coupling=0.042, last=0.042
       28550290        68.75288       235.10536            5.58        11:53:36        4.20e-02        2.00e+00
       28551381        68.76470       236.10572            5.58        11:53:17        4.20e-02        2.00e+00
       28552401        68.77468       237.10676            5.58        11:52:48        4.20e-02        2.00e+00
       28553372        68.78445       238.10740            5.58        11:52:10        4.20e-02        2.00e+00
       28554471        68.79616       239.10822            5.58        11:51:53        4.20e-02        2.00e+00
       28555510        68.80583       240.10875            5.59        11:51:28        4.20e-02        2.00e+00
       28556518        68.81884       241.10960            5.59        11:50:55        4.20e-02        2.00e+00
       28557514        68.83321       242.11061            5.59        11:50:19        4.20e-02        2.00e+00
       28558507        68.84607       243.11110            5.59        11:49:44        4.20e-02        2.00e+00
       28559531        68.85587       244.11193            5.60        11:49:15        4.20e-02        2.00e+00
DEBUG @ t=28560000: current_coupling=0.042, last=0.042
       28560537        68.86501       245.11225            5.60        11:48:45        4.20e-02        2.00e+00
       28561597        68.87460       246.11281            5.60        11:48:23        4.20e-02        2.00e+00
       28562597        68.88313       247.11305            5.60        11:47:52        4.20e-02        2.00e+00
       28563504        68.89153       248.11408            5.60        11:47:06        4.20e-02        2.00e+00
       28564444        68.90065       249.11434            5.61        11:46:26        4.20e-02        2.00e+00
       28565542        68.91077       250.11522            5.61        11:46:10        4.20e-02        2.00e+00
       28566580        68.92288       251.11554            5.61        11:45:43        4.20e-02        2.00e+00
       28567565        68.93166       252.11641            5.61        11:45:10        4.20e-02        2.00e+00
       28568617        68.94192       253.11710            5.61        11:44:47        4.20e-02        2.00e+00
       28569620        68.95107       254.11758            5.61        11:44:16        4.20e-02        2.00e+00
DEBUG @ t=28570000: current_coupling=0.042, last=0.042
       28570599        68.96128       255.11833            5.62        11:43:42        4.20e-02        2.00e+00
       28571608        68.97170       256.11890            5.62        11:43:12        4.20e-02        2.00e+00
       28572628        68.98292       257.11936            5.62        11:42:43        4.20e-02        2.00e+00
       28573637        68.99314       258.11982            5.62        11:42:14        4.20e-02        2.00e+00
       28574653        69.00137       259.11999            5.62        11:41:46        4.20e-02        2.00e+00
       28575670        69.00918       260.12011            5.63        11:41:20        4.20e-02        2.00e+00
       28576681        69.01819       261.12102            5.63        11:40:51        4.20e-02        2.00e+00
       28577660        69.02624       262.12186            5.63        11:40:19        4.20e-02        2.00e+00
       28578620        69.03534       263.12210            5.63        11:39:43        4.20e-02        2.00e+00
       28579684        69.04923       264.12247            5.63        11:39:20        4.20e-02        2.00e+00
DEBUG @ t=28580000: current_coupling=0.042, last=0.042
       28580739        69.06248       265.12258            5.63        11:38:56        4.20e-02        2.00e+00
       28581761        69.07852       266.12303            5.64        11:38:25        4.20e-02        2.00e+00
       28582917        69.09412       267.12381            5.64        11:38:14        4.20e-02        2.00e+00
       28583964        69.10396       268.12413            5.64        11:37:51        4.20e-02        2.00e+00
       28584976        69.11270       269.12421            5.64        11:37:24        4.20e-02        2.00e+00
       28585964        69.12257       270.12502            5.64        11:36:52        4.20e-02        2.00e+00
       28586920        69.12956       271.12515            5.64        11:36:17        4.20e-02        2.00e+00
       28587946        69.14085       272.12549            5.65        11:35:51        4.20e-02        2.00e+00
       28588932        69.15338       273.12621            5.65        11:35:17        4.20e-02        2.00e+00
       28589853        69.16213       274.12719            5.65        11:34:37        4.20e-02        2.00e+00
DEBUG @ t=28590000: current_coupling=0.042, last=0.042
       28590758        69.16898       275.12783            5.65        11:33:55        4.20e-02        2.00e+00
       28591787        69.17804       276.12789            5.66        11:33:31        4.20e-02        2.00e+00
       28592973        69.19099       277.12864            5.65        11:33:26        4.20e-02        2.00e+00
       28594185        69.20472       278.12939            5.65        11:33:24        4.20e-02        2.00e+00
       28595116        69.21288       279.12956            5.66        11:32:46        4.20e-02        2.00e+00
       28596144        69.22214       280.13033            5.66        11:32:21        4.20e-02        2.00e+00
       28597173        69.23035       281.13046            5.66        11:31:57        4.20e-02        2.00e+00
       28598298        69.23946       282.13127            5.66        11:31:45        4.20e-02        2.00e+00
       28599451        69.24772       283.13188            5.66        11:31:38        4.20e-02        2.00e+00
DEBUG @ t=28600000: current_coupling=0.042, last=0.042
[HDF5 Writer DEBUG] timestep=28600000, current_time_ps=283.660, last_output_time=283.65280620061225, write_count=27028
       28600503        69.25537       284.13278            5.66        11:31:17        4.20e-02        2.00e+00
       28601566        69.26344       285.13313            5.66        11:30:58        4.20e-02        2.00e+00
       28602631        69.27114       286.13363            5.66        11:30:39        4.20e-02        2.00e+00
       28603771        69.28075       287.13383            5.66        11:30:29        4.20e-02        2.00e+00
       28604822        69.28846       288.13396            5.66        11:30:08        4.20e-02        2.00e+00
       28605807        69.29430       289.13462            5.66        11:29:40        4.20e-02        2.00e+00
       28606896        69.30114       290.13547            5.66        11:29:24        4.20e-02        2.00e+00
       28608113        69.30949       291.13571            5.66        11:29:25        4.20e-02        2.00e+00
       28609174        69.31778       292.13650            5.66        11:29:05        4.20e-02        2.00e+00
DEBUG @ t=28610000: current_coupling=0.042, last=0.042
       28610215        69.32803       293.13720            5.66        11:28:42        4.20e-02        2.00e+00
       28611216        69.33666       294.13734            5.66        11:28:14        4.20e-02        2.00e+00
       28612264        69.34395       295.13807            5.66        11:27:53        4.20e-02        2.00e+00
       28613437        69.35205       296.13860            5.66        11:27:47        4.20e-02        2.00e+00
       28614509        69.35901       297.13871            5.66        11:27:30        4.20e-02        2.00e+00
       28615541        69.36584       298.13877            5.66        11:27:07        4.20e-02        2.00e+00
       28616676        69.37347       299.13882            5.66        11:26:57        4.20e-02        2.00e+00
       28617744        69.38777       300.13903            5.66        11:26:35        4.20e-02        2.00e+00
       28618780        69.39660       301.13983            5.66        11:26:11        4.20e-02        2.00e+00
       28619764        69.40179       302.14088            5.67        11:25:43        4.20e-02        2.00e+00
DEBUG @ t=28620000: current_coupling=0.042, last=0.042
       28620736        69.40686       303.14120            5.67        11:25:14        4.20e-02        2.00e+00
       28621777        69.41594       304.14150            5.67        11:24:51        4.20e-02        2.00e+00
       28622884        69.42808       305.14197            5.67        11:24:34        4.20e-02        2.00e+00
       28623944        69.43649       306.14283            5.67        11:24:14        4.20e-02        2.00e+00
       28625072        69.44390       307.14360            5.67        11:24:03        4.20e-02        2.00e+00
       28626124        69.44949       308.14383            5.67        11:23:44        4.20e-02        2.00e+00
       28627088        69.45415       309.14464            5.67        11:23:14        4.20e-02        2.00e+00
       28628119        69.46147       310.14553            5.67        11:22:51        4.20e-02        2.00e+00
       28629270        69.47210       311.14592            5.67        11:22:41        4.20e-02        2.00e+00
DEBUG @ t=28630000: current_coupling=0.042, last=0.042
       28630352        69.48153       312.14612            5.67        11:22:23        4.20e-02        2.00e+00
       28631536        69.49232       313.14675            5.67        11:22:17        4.20e-02        2.00e+00
       28632587        69.50078       314.14731            5.67        11:21:56        4.20e-02        2.00e+00
       28633584        69.50838       315.14768            5.67        11:21:28        4.20e-02        2.00e+00
       28634673        69.51623       316.14799            5.67        11:21:12        4.20e-02        2.00e+00
       28635742        69.52350       317.14848            5.67        11:20:54        4.20e-02        2.00e+00
       28636805        69.53226       318.14851            5.67        11:20:34        4.20e-02        2.00e+00
       28637894        69.53940       319.14921            5.67        11:20:18        4.20e-02        2.00e+00
       28638943        69.54734       320.14963            5.68        11:19:57        4.20e-02        2.00e+00
       28639966        69.55723       321.15036            5.68        11:19:32        4.20e-02        2.00e+00
DEBUG @ t=28640000: current_coupling=0.042, last=0.042
       28641039        69.56600       322.15082            5.68        11:19:13        4.20e-02        2.00e+00
       28642119        69.57087       323.15157            5.68        11:18:57        4.20e-02        2.00e+00
       28643172        69.57810       324.15216            5.68        11:18:37        4.20e-02        2.00e+00
       28644245        69.58490       325.15249            5.68        11:18:20        4.20e-02        2.00e+00
       28645322        69.59138       326.15296            5.68        11:18:03        4.20e-02        2.00e+00
       28646434        69.60056       327.15332            5.68        11:17:48        4.20e-02        2.00e+00
       28647489        69.61003       328.15403            5.68        11:17:27        4.20e-02        2.00e+00
       28648496        69.61475       329.15455            5.68        11:17:03        4.20e-02        2.00e+00
       28649584        69.62056       330.15507            5.68        11:16:48        4.20e-02        2.00e+00
DEBUG @ t=28650000: current_coupling=0.042, last=0.042
       28650662        69.62609       331.15519            5.68        11:16:31        4.20e-02        2.00e+00
       28651771        69.63463       332.15580            5.68        11:16:17        4.20e-02        2.00e+00
       28652863        69.64540       333.15608            5.68        11:15:59        4.20e-02        2.00e+00
       28653867        69.65039       334.15710            5.68        11:15:34        4.20e-02        2.00e+00
       28654960        69.65856       335.15780            5.68        11:15:18        4.20e-02        2.00e+00
       28656037        69.66466       336.15805            5.68        11:15:02        4.20e-02        2.00e+00
       28657034        69.67054       337.15876            5.68        11:14:36        4.20e-02        2.00e+00
       28658035        69.67625       338.15937            5.69        11:14:11        4.20e-02        2.00e+00
       28658983        69.68016       339.16018            5.69        11:13:41        4.20e-02        2.00e+00
       28659957        69.68378       340.16083            5.69        11:13:14        4.20e-02        2.00e+00
DEBUG @ t=28660000: current_coupling=0.042, last=0.042
       28661078        69.68950       341.16105            5.69        11:13:02        4.20e-02        2.00e+00
       28662094        69.69522       342.16136            5.69        11:12:39        4.20e-02        2.00e+00
       28663115        69.70363       343.16188            5.69        11:12:15        4.20e-02        2.00e+00
       28664101        69.70975       344.16240            5.69        11:11:48        4.20e-02        2.00e+00
       28665224        69.72183       345.16269            5.69        11:11:33        4.20e-02        2.00e+00
       28666402        69.72880       346.16325            5.69        11:11:27        4.20e-02        2.00e+00
       28667597        69.73611       347.16404            5.69        11:11:22        4.20e-02        2.00e+00
       28668668        69.74127       348.16426            5.69        11:11:05        4.20e-02        2.00e+00
       28669700        69.74605       349.16485            5.69        11:10:44        4.20e-02        2.00e+00
DEBUG @ t=28670000: current_coupling=0.042, last=0.042
       28670732        69.75017       350.16566            5.69        11:10:24        4.20e-02        2.00e+00
       28671751        69.75414       351.16646            5.69        11:10:02        4.20e-02        2.00e+00
       28672808        69.76163       352.16713            5.69        11:09:42        4.20e-02        2.00e+00
       28673811        69.76756       353.16744            5.69        11:09:18        4.20e-02        2.00e+00
       28674839        69.77293       354.16775            5.70        11:08:56        4.20e-02        2.00e+00
       28675809        69.77716       355.16824            5.70        11:08:29        4.20e-02        2.00e+00
       28676757        69.78119       356.16905            5.70        11:08:00        4.20e-02        2.00e+00
       28677732        69.78728       357.16980            5.70        11:07:32        4.20e-02        2.00e+00
       28678729        69.79550       358.17002            5.70        11:07:06        4.20e-02        2.00e+00
       28679747        69.80811       359.17069            5.70        11:06:39        4.20e-02        2.00e+00
DEBUG @ t=28680000: current_coupling=0.042, last=0.042
       28680767        69.81556       360.17142            5.71        11:06:16        4.20e-02        2.00e+00
       28681819        69.82726       361.17214            5.71        11:05:53        4.20e-02        2.00e+00
       28682852        69.83348       362.17293            5.71        11:05:32        4.20e-02        2.00e+00
       28683880        69.83904       363.17313            5.71        11:05:10        4.20e-02        2.00e+00
       28684867        69.84614       364.17400            5.71        11:04:44        4.20e-02        2.00e+00
       28685931        69.85314       365.17469            5.71        11:04:25        4.20e-02        2.00e+00
       28686974        69.85799       366.17489            5.71        11:04:06        4.20e-02        2.00e+00
       28687895        69.86062       367.17494            5.71        11:03:36        4.20e-02        2.00e+00
       28688938        69.86639       368.17531            5.71        11:03:16        4.20e-02        2.00e+00
DEBUG @ t=28690000: current_coupling=0.042, last=0.042
       28690028        69.87198       369.17553            5.71        11:03:01        4.20e-02        2.00e+00
       28691053        69.87709       370.17593            5.71        11:02:39        4.20e-02        2.00e+00
       28692111        69.88198       371.17655            5.72        11:02:22        4.20e-02        2.00e+00
       28693150        69.88608       372.17743            5.72        11:02:02        4.20e-02        2.00e+00
       28694154        69.89186       373.17748            5.72        11:01:39        4.20e-02        2.00e+00
       28695169        69.89835       374.17796            5.72        11:01:16        4.20e-02        2.00e+00
       28696225        69.90747       375.17832            5.72        11:00:55        4.20e-02        2.00e+00
       28697271        69.91616       376.17921            5.72        11:00:34        4.20e-02        2.00e+00
       28698356        69.92584       377.17972            5.72        11:00:16        4.20e-02        2.00e+00
       28699438        69.93069       378.18016            5.72        11:00:01        4.20e-02        2.00e+00
DEBUG @ t=28700000: current_coupling=0.042, last=0.042
[HDF5 Writer DEBUG] timestep=28700000, current_time_ps=378.704, last_output_time=378.7005992104062, write_count=36102
       28700488        69.93557       379.18066            5.72        10:59:42        4.20e-02        2.00e+00
       28701486        69.93963       380.18088            5.72        10:59:19        4.20e-02        2.00e+00
       28702541        69.94531       381.18088            5.72        10:59:01        4.20e-02        2.00e+00
       28703650        69.94990       382.18142            5.72        10:58:48        4.20e-02        2.00e+00
       28704708        69.95431       383.18194            5.72        10:58:31        4.20e-02        2.00e+00
       28705748        69.96070       384.18202            5.72        10:58:11        4.20e-02        2.00e+00
       28706837        69.96486       385.18246            5.72        10:57:56        4.20e-02        2.00e+00
       28707925        69.97031       386.18246            5.72        10:57:41        4.20e-02        2.00e+00
       28709039        69.97372       387.18276            5.72        10:57:30        4.20e-02        2.00e+00
       28709991        69.97764       388.18372            5.72        10:57:02        4.20e-02        2.00e+00
DEBUG @ t=28710000: current_coupling=0.042, last=0.042
       28710929        69.98222       389.18411            5.73        10:56:33        4.20e-02        2.00e+00
       28711863        69.98617       390.18509            5.73        10:56:04        4.20e-02        2.00e+00
       28712821        69.98924       391.18513            5.73        10:55:38        4.20e-02        2.00e+00
       28713844        69.99292       392.18568            5.73        10:55:18        4.20e-02        2.00e+00
       28714878        69.99597       393.18653            5.73        10:54:59        4.20e-02        2.00e+00
       28715891        69.99896       394.18701            5.73        10:54:38        4.20e-02        2.00e+00
       28716998        70.00448       395.18746            5.73        10:54:25        4.20e-02        2.00e+00
       28718061        70.00929       396.18808            5.73        10:54:07        4.20e-02        2.00e+00
       28719024        70.01208       397.18844            5.73        10:53:42        4.20e-02        2.00e+00
DEBUG @ t=28720000: current_coupling=0.042, last=0.042
       28720046        70.01591       398.18916            5.73        10:53:22        4.20e-02        2.00e+00
       28721119        70.01960       399.18954            5.73        10:53:06        4.20e-02        2.00e+00
Added F(k,t) reference 2 at t = 400.002 ps
       28722186        70.02337       400.19023            5.73        10:52:50        4.20e-02        2.00e+00
       28723237        70.02728       401.19083            5.73        10:52:32        4.20e-02        2.00e+00
       28724230        70.03286       402.19108            5.74        10:52:09        4.20e-02        2.00e+00
       28725336        70.04251       403.19205            5.74        10:51:53        4.20e-02        2.00e+00
       28726384        70.04890       404.19252            5.74        10:51:33        4.20e-02        2.00e+00
       28727510        70.05317       405.19259            5.74        10:51:22        4.20e-02        2.00e+00
       28728619        70.05652       406.19312            5.74        10:51:10        4.20e-02        2.00e+00
       28729635        70.05938       407.19372            5.74        10:50:50        4.20e-02        2.00e+00
DEBUG @ t=28730000: current_coupling=0.042, last=0.042
       28730644        70.06444       408.19443            5.74        10:50:28        4.20e-02        2.00e+00
       28731725        70.06961       409.19458            5.74        10:50:12        4.20e-02        2.00e+00
       28732756        70.07478       410.19510            5.74        10:49:52        4.20e-02        2.00e+00
       28733676        70.07839       411.19583            5.74        10:49:23        4.20e-02        2.00e+00
       28734619        70.08414       412.19629            5.74        10:48:55        4.20e-02        2.00e+00
       28735746        70.09176       413.19654            5.74        10:48:42        4.20e-02        2.00e+00
       28736771        70.09831       414.19753            5.74        10:48:20        4.20e-02        2.00e+00
       28737770        70.10198       415.19784            5.74        10:47:58        4.20e-02        2.00e+00
       28738796        70.10558       416.19857            5.74        10:47:39        4.20e-02        2.00e+00
       28739784        70.11037       417.19900            5.75        10:47:15        4.20e-02        2.00e+00
DEBUG @ t=28740000: current_coupling=0.042, last=0.042
       28740762        70.11758       418.19912            5.75        10:46:49        4.20e-02        2.00e+00
       28741736        70.12069       419.19960            5.75        10:46:25        4.20e-02        2.00e+00
       28742720        70.12350       420.19960            5.75        10:46:03        4.20e-02        2.00e+00
       28743709        70.12655       421.19962            5.75        10:45:40        4.20e-02        2.00e+00
       28744732        70.13105       422.20016            5.75        10:45:20        4.20e-02        2.00e+00
       28745780        70.13442       423.20093            5.75        10:45:03        4.20e-02        2.00e+00
       28746863        70.13958       424.20160            5.75        10:44:47        4.20e-02        2.00e+00
       28747849        70.14282       425.20225            5.75        10:44:25        4.20e-02        2.00e+00
       28748869        70.14670       426.20301            5.75        10:44:05        4.20e-02        2.00e+00
       28749907        70.15277       427.20400            5.76        10:43:45        4.20e-02        2.00e+00
DEBUG @ t=28750000: current_coupling=0.042, last=0.042
       28750907        70.15688       428.20491            5.76        10:43:23        4.20e-02        2.00e+00
       28751942        70.16055       429.20567            5.76        10:43:04        4.20e-02        2.00e+00
       28752903        70.16439       430.20577            5.76        10:42:39        4.20e-02        2.00e+00
       28753866        70.16741       431.20627            5.76        10:42:15        4.20e-02        2.00e+00
       28754892        70.17037       432.20684            5.76        10:41:56        4.20e-02        2.00e+00
       28755953        70.17381       433.20685            5.76        10:41:40        4.20e-02        2.00e+00
       28756986        70.17794       434.20733            5.76        10:41:21        4.20e-02        2.00e+00
       28758007        70.18202       435.20778            5.76        10:41:01        4.20e-02        2.00e+00
       28759030        70.18501       436.20817            5.76        10:40:42        4.20e-02        2.00e+00
DEBUG @ t=28760000: current_coupling=0.042, last=0.042
       28760076        70.18795       437.20878            5.76        10:40:25        4.20e-02        2.00e+00
       28761126        70.19181       438.20908            5.76        10:40:07        4.20e-02        2.00e+00
       28762154        70.19681       439.21000            5.76        10:39:47        4.20e-02        2.00e+00
       28763099        70.19936       440.21042            5.77        10:39:22        4.20e-02        2.00e+00
       28764158        70.20087       441.21046            5.77        10:39:07        4.20e-02        2.00e+00
       28765133        70.20340       442.21087            5.77        10:38:44        4.20e-02        2.00e+00
       28766156        70.20649       443.21124            5.77        10:38:25        4.20e-02        2.00e+00
       28767182        70.21170       444.21133            5.77        10:38:05        4.20e-02        2.00e+00
       28768279        70.21653       445.21151            5.77        10:37:51        4.20e-02        2.00e+00
       28769357        70.22186       446.21191            5.77        10:37:35        4.20e-02        2.00e+00
DEBUG @ t=28770000: current_coupling=0.042, last=0.042
       28770476        70.22751       447.21232            5.77        10:37:23        4.20e-02        2.00e+00
       28771512        70.23019       448.21264            5.77        10:37:05        4.20e-02        2.00e+00
       28772640        70.23363       449.21312            5.77        10:36:54        4.20e-02        2.00e+00
       28773712        70.23849       450.21364            5.77        10:36:38        4.20e-02        2.00e+00
       28774760        70.24128       451.21369            5.77        10:36:21        4.20e-02        2.00e+00
       28775841        70.24580       452.21392            5.77        10:36:06        4.20e-02        2.00e+00
       28776971        70.25068       453.21449            5.77        10:35:55        4.20e-02        2.00e+00
       28778065        70.25554       454.21488            5.77        10:35:40        4.20e-02        2.00e+00
       28779264        70.25986       455.21545            5.77        10:35:34        4.20e-02        2.00e+00
DEBUG @ t=28780000: current_coupling=0.042, last=0.042
       28780401        70.26500       456.21555            5.76        10:35:23        4.20e-02        2.00e+00
       28781596        70.26845       457.21588            5.76        10:35:18        4.20e-02        2.00e+00
       28782844        70.27318       458.21662            5.76        10:35:15        4.20e-02        2.00e+00
       28784000        70.27894       459.21696            5.76        10:35:05        4.20e-02        2.00e+00
       28785206        70.28380       460.21716            5.76        10:35:00        4.20e-02        2.00e+00
       28786335        70.28627       461.21790            5.76        10:34:49        4.20e-02        2.00e+00
       28787268        70.28829       462.21859            5.76        10:34:23        4.20e-02        2.00e+00
       28788438        70.29194       463.21929            5.76        10:34:15        4.20e-02        2.00e+00
       28789557        70.29713       464.21997            5.76        10:34:03        4.20e-02        2.00e+00
DEBUG @ t=28790000: current_coupling=0.042, last=0.042
       28790704        70.30199       465.22015            5.76        10:33:52        4.20e-02        2.00e+00
       28791828        70.30608       466.22046            5.76        10:33:40        4.20e-02        2.00e+00
       28792899        70.30957       467.22093            5.76        10:33:24        4.20e-02        2.00e+00
       28794029        70.31468       468.22163            5.76        10:33:12        4.20e-02        2.00e+00
       28795050        70.31992       469.22235            5.76        10:32:52        4.20e-02        2.00e+00
       28796148        70.32386       470.22261            5.76        10:32:38        4.20e-02        2.00e+00
       28797302        70.32695       471.22354            5.76        10:32:29        4.20e-02        2.00e+00
       28798363        70.32940       472.22414            5.76        10:32:13        4.20e-02        2.00e+00
       28799488        70.33433       473.22464            5.76        10:32:00        4.20e-02        2.00e+00
DEBUG @ t=28800000: current_coupling=0.042, last=0.042
[HDF5 Writer DEBUG] timestep=28800000, current_time_ps=473.668, last_output_time=473.66060746001403, write_count=45140
       28800574        70.33658       474.22534            5.76        10:31:46        4.20e-02        2.00e+00
       28801570        70.33925       475.22602            5.76        10:31:25        4.20e-02        2.00e+00
       28802607        70.34159       476.22703            5.76        10:31:08        4.20e-02        2.00e+00
       28803651        70.34320       477.22784            5.76        10:30:51        4.20e-02        2.00e+00
       28804803        70.34498       478.22815            5.76        10:30:42        4.20e-02        2.00e+00
       28805995        70.34999       479.22835            5.76        10:30:35        4.20e-02        2.00e+00
       28807058        70.35272       480.22846            5.76        10:30:19        4.20e-02        2.00e+00
       28808093        70.35496       481.22941            5.76        10:30:01        4.20e-02        2.00e+00
       28809194        70.35954       482.22973            5.76        10:29:47        4.20e-02        2.00e+00
DEBUG @ t=28810000: current_coupling=0.042, last=0.042
       28810249        70.36079       483.23012            5.76        10:29:31        4.20e-02        2.00e+00
       28811321        70.36296       484.23095            5.76        10:29:16        4.20e-02        2.00e+00
       28812363        70.36498       485.23174            5.76        10:28:59        4.20e-02        2.00e+00
       28813394        70.36646       486.23212            5.76        10:28:41        4.20e-02        2.00e+00
       28814480        70.36968       487.23227            5.76        10:28:26        4.20e-02        2.00e+00
       28815499        70.37178       488.23258            5.76        10:28:07        4.20e-02        2.00e+00
       28816525        70.37351       489.23350            5.76        10:27:49        4.20e-02        2.00e+00
       28817567        70.37617       490.23357            5.76        10:27:32        4.20e-02        2.00e+00
       28818593        70.37769       491.23424            5.76        10:27:14        4.20e-02        2.00e+00
       28819607        70.37952       492.23455            5.76        10:26:55        4.20e-02        2.00e+00
DEBUG @ t=28820000: current_coupling=0.042, last=0.042
       28820659        70.38323       493.23514            5.76        10:26:37        4.20e-02        2.00e+00
       28821678        70.38744       494.23607            5.76        10:26:17        4.20e-02        2.00e+00
       28822746        70.39162       495.23613            5.76        10:26:01        4.20e-02        2.00e+00
       28823817        70.39448       496.23678            5.76        10:25:46        4.20e-02        2.00e+00
       28824845        70.39616       497.23698            5.76        10:25:28        4.20e-02        2.00e+00
       28825879        70.39954       498.23775            5.76        10:25:09        4.20e-02        2.00e+00
       28826905        70.40398       499.23872            5.76        10:24:50        4.20e-02        2.00e+00
       28827955        70.40832       500.23922            5.76        10:24:32        4.20e-02        2.00e+00
       28829018        70.41580       501.23996            5.76        10:24:14        4.20e-02        2.00e+00
DEBUG @ t=28830000: current_coupling=0.042, last=0.042
       28830091        70.42069       502.24078            5.76        10:23:57        4.20e-02        2.00e+00
       28831116        70.42271       503.24095            5.76        10:23:39        4.20e-02        2.00e+00
       28832215        70.42504       504.24180            5.76        10:23:26        4.20e-02        2.00e+00
       28833219        70.42710       505.24202            5.77        10:23:06        4.20e-02        2.00e+00
       28834268        70.42962       506.24232            5.77        10:22:49        4.20e-02        2.00e+00
       28835276        70.43370       507.24246            5.77        10:22:29        4.20e-02        2.00e+00
       28836385        70.43660       508.24345            5.77        10:22:16        4.20e-02        2.00e+00
       28837357        70.43887       509.24382            5.77        10:21:54        4.20e-02        2.00e+00
       28838389        70.44109       510.24471            5.77        10:21:36        4.20e-02        2.00e+00
       28839427        70.44336       511.24554            5.77        10:21:19        4.20e-02        2.00e+00
DEBUG @ t=28840000: current_coupling=0.042, last=0.042
       28840461        70.44696       512.24628            5.77        10:21:00        4.20e-02        2.00e+00
       28841529        70.45098       513.24648            5.77        10:20:44        4.20e-02        2.00e+00
       28842620        70.45512       514.24670            5.77        10:20:29        4.20e-02        2.00e+00
       28843706        70.45956       515.24678            5.77        10:20:14        4.20e-02        2.00e+00
       28844751        70.46297       516.24708            5.77        10:19:56        4.20e-02        2.00e+00
       28845767        70.46539       517.24773            5.77        10:19:37        4.20e-02        2.00e+00
       28846790        70.46713       518.24804            5.77        10:19:19        4.20e-02        2.00e+00
       28847814        70.46864       519.24888            5.77        10:19:01        4.20e-02        2.00e+00
       28848834        70.47034       520.24965            5.77        10:18:43        4.20e-02        2.00e+00
       28849910        70.47249       521.24994            5.77        10:18:28        4.20e-02        2.00e+00
DEBUG @ t=28850000: current_coupling=0.042, last=0.042
       28850984        70.47479       522.25005            5.77        10:18:13        4.20e-02        2.00e+00
       28852045        70.47742       523.25059            5.77        10:17:57        4.20e-02        2.00e+00
       28853053        70.47955       524.25130            5.77        10:17:38        4.20e-02        2.00e+00
       28853989        70.48252       525.25135            5.77        10:17:14        4.20e-02        2.00e+00
       28854985        70.48692       526.25202            5.77        10:16:52        4.20e-02        2.00e+00
       28855994        70.49005       527.25214            5.78        10:16:33        4.20e-02        2.00e+00
       28857017        70.49225       528.25290            5.78        10:16:15        4.20e-02        2.00e+00
       28858045        70.49442       529.25363            5.78        10:15:57        4.20e-02        2.00e+00
       28859125        70.49695       530.25393            5.78        10:15:42        4.20e-02        2.00e+00
DEBUG @ t=28860000: current_coupling=0.042, last=0.042
       28860161        70.50046       531.25485            5.78        10:15:24        4.20e-02        2.00e+00
       28861230        70.50287       532.25505            5.78        10:15:09        4.20e-02        2.00e+00
       28862293        70.50825       533.25535            5.78        10:14:51        4.20e-02        2.00e+00
       28863333        70.51280       534.25561            5.78        10:14:33        4.20e-02        2.00e+00
       28864416        70.51527       535.25619            5.78        10:14:19        4.20e-02        2.00e+00
       28865476        70.51700       536.25651            5.78        10:14:03        4.20e-02        2.00e+00
       28866516        70.51971       537.25745            5.78        10:13:46        4.20e-02        2.00e+00
       28867560        70.52301       538.25806            5.78        10:13:28        4.20e-02        2.00e+00
       28868675        70.52483       539.25833            5.78        10:13:16        4.20e-02        2.00e+00
       28869803        70.52770       540.25845            5.78        10:13:05        4.20e-02        2.00e+00
DEBUG @ t=28870000: current_coupling=0.042, last=0.042
       28870856        70.52980       541.25851            5.78        10:12:48        4.20e-02        2.00e+00
       28871972        70.53250       542.25873            5.78        10:12:36        4.20e-02        2.00e+00
       28873036        70.53521       543.25874            5.78        10:12:20        4.20e-02        2.00e+00
       28874061        70.53677       544.25887            5.78        10:12:02        4.20e-02        2.00e+00
       28875130        70.54078       545.25931            5.78        10:11:46        4.20e-02        2.00e+00
       28876338        70.54553       546.25942            5.78        10:11:39        4.20e-02        2.00e+00
       28877506        70.54931       547.25986            5.78        10:11:29        4.20e-02        2.00e+00
       28878510        70.55100       548.26058            5.78        10:11:10        4.20e-02        2.00e+00
       28879527        70.55364       549.26109            5.78        10:10:51        4.20e-02        2.00e+00
DEBUG @ t=28880000: current_coupling=0.042, last=0.042
       28880493        70.55612       550.26190            5.78        10:10:29        4.20e-02        2.00e+00
       28881517        70.56005       551.26226            5.78        10:10:10        4.20e-02        2.00e+00
       28882582        70.56363       552.26326            5.78        10:09:54        4.20e-02        2.00e+00
       28883608        70.56469       553.26402            5.78        10:09:36        4.20e-02        2.00e+00
       28884729        70.56685       554.26402            5.78        10:09:24        4.20e-02        2.00e+00
       28885729        70.56923       555.26443            5.78        10:09:05        4.20e-02        2.00e+00
       28886678        70.57053       556.26453            5.78        10:08:43        4.20e-02        2.00e+00
       28887632        70.57178       557.26553            5.78        10:08:21        4.20e-02        2.00e+00
       28888626        70.57354       558.26604            5.78        10:08:01        4.20e-02        2.00e+00
       28889708        70.57660       559.26610            5.78        10:07:46        4.20e-02        2.00e+00
DEBUG @ t=28890000: current_coupling=0.042, last=0.042
       28890712        70.57813       560.26669            5.78        10:07:27        4.20e-02        2.00e+00
       28891708        70.58143       561.26747            5.78        10:07:07        4.20e-02        2.00e+00
       28892745        70.58841       562.26795            5.79        10:06:47        4.20e-02        2.00e+00
       28893813        70.59099       563.26827            5.79        10:06:32        4.20e-02        2.00e+00
       28894829        70.59189       564.26923            5.79        10:06:14        4.20e-02        2.00e+00
       28895804        70.59320       565.26969            5.79        10:05:54        4.20e-02        2.00e+00
       28896840        70.59497       566.27034            5.79        10:05:37        4.20e-02        2.00e+00
       28897881        70.59718       567.27045            5.79        10:05:20        4.20e-02        2.00e+00
       28898887        70.59844       568.27065            5.79        10:05:01        4.20e-02        2.00e+00
       28899870        70.60028       569.27114            5.79        10:04:41        4.20e-02        2.00e+00
DEBUG @ t=28900000: current_coupling=0.042, last=0.042
[HDF5 Writer DEBUG] timestep=28900000, current_time_ps=569.405, last_output_time=569.3994801547899, write_count=54252
       28900869        70.60226       570.27159            5.79        10:04:22        4.20e-02        2.00e+00
       28901929        70.60429       571.27236            5.79        10:04:06        4.20e-02        2.00e+00
       28902974        70.60658       572.27294            5.79        10:03:49        4.20e-02        2.00e+00
       28904050        70.60845       573.27342            5.79        10:03:35        4.20e-02        2.00e+00
       28905082        70.60957       574.27373            5.79        10:03:18        4.20e-02        2.00e+00
       28906073        70.61122       575.27374            5.79        10:02:59        4.20e-02        2.00e+00
       28907121        70.61297       576.27383            5.79        10:02:42        4.20e-02        2.00e+00
       28908191        70.61713       577.27443            5.79        10:02:26        4.20e-02        2.00e+00
       28909236        70.61943       578.27510            5.79        10:02:10        4.20e-02        2.00e+00
DEBUG @ t=28910000: current_coupling=0.042, last=0.042
       28910248        70.62117       579.27516            5.79        10:01:51        4.20e-02        2.00e+00
       28911319        70.62304       580.27561            5.79        10:01:36        4.20e-02        2.00e+00
       28912384        70.62475       581.27591            5.79        10:01:21        4.20e-02        2.00e+00
       28913461        70.62678       582.27649            5.79        10:01:07        4.20e-02        2.00e+00
       28914518        70.62915       583.27710            5.79        10:00:51        4.20e-02        2.00e+00
       28915570        70.63163       584.27797            5.79        10:00:34        4.20e-02        2.00e+00
       28916644        70.63467       585.27848            5.79        10:00:19        4.20e-02        2.00e+00
       28917666        70.63708       586.27894            5.79        10:00:01        4.20e-02        2.00e+00
       28918621        70.63854       587.27996            5.79        09:59:40        4.20e-02        2.00e+00
       28919617        70.64066       588.28077            5.79        09:59:20        4.20e-02        2.00e+00
DEBUG @ t=28920000: current_coupling=0.042, last=0.042
       28920657        70.64217       589.28120            5.79        09:59:04        4.20e-02        2.00e+00
       28921659        70.64340       590.28135            5.80        09:58:45        4.20e-02        2.00e+00
       28922702        70.64458       591.28207            5.80        09:58:29        4.20e-02        2.00e+00
       28923762        70.64614       592.28230            5.80        09:58:14        4.20e-02        2.00e+00
       28924757        70.64691       593.28297            5.80        09:57:55        4.20e-02        2.00e+00
       28925752        70.64782       594.28318            5.80        09:57:36        4.20e-02        2.00e+00
       28926796        70.65071       595.28330            5.80        09:57:19        4.20e-02        2.00e+00
       28927798        70.65379       596.28392            5.80        09:57:00        4.20e-02        2.00e+00
       28928781        70.65691       597.28459            5.80        09:56:39        4.20e-02        2.00e+00
       28929772        70.66146       598.28496            5.80        09:56:19        4.20e-02        2.00e+00
DEBUG @ t=28930000: current_coupling=0.042, last=0.042
       28930724        70.66374       599.28542            5.80        09:55:57        4.20e-02        2.00e+00
Added F(k,t) reference 3 at t = 600.002 ps
       28931700        70.66479       600.28622            5.80        09:55:37        4.20e-02        2.00e+00
       28932720        70.66720       601.28712            5.80        09:55:19        4.20e-02        2.00e+00
       28933753        70.66873       602.28729            5.80        09:55:02        4.20e-02        2.00e+00
       28934813        70.66952       603.28791            5.80        09:54:47        4.20e-02        2.00e+00
       28935890        70.67107       604.28877            5.80        09:54:33        4.20e-02        2.00e+00
       28936873        70.67290       605.28955            5.80        09:54:13        4.20e-02        2.00e+00
       28937856        70.67453       606.29010            5.80        09:53:54        4.20e-02        2.00e+00
       28938831        70.67690       607.29060            5.80        09:53:33        4.20e-02        2.00e+00
       28939860        70.67830       608.29074            5.81        09:53:16        4.20e-02        2.00e+00
DEBUG @ t=28940000: current_coupling=0.042, last=0.042
       28940933        70.68068       609.29087            5.81        09:53:02        4.20e-02        2.00e+00
       28941937        70.68283       610.29163            5.81        09:52:43        4.20e-02        2.00e+00
       28942915        70.68415       611.29199            5.81        09:52:23        4.20e-02        2.00e+00
       28943883        70.68513       612.29235            5.81        09:52:03        4.20e-02        2.00e+00
       28944822        70.68622       613.29342            5.81        09:51:41        4.20e-02        2.00e+00
       28945882        70.68801       614.29367            5.81        09:51:26        4.20e-02        2.00e+00
       28946885        70.69414       615.29441            5.81        09:51:05        4.20e-02        2.00e+00
       28947862        70.69695       616.29449            5.81        09:50:45        4.20e-02        2.00e+00
       28948867        70.69823       617.29490            5.81        09:50:27        4.20e-02        2.00e+00
       28949850        70.69972       618.29523            5.81        09:50:08        4.20e-02        2.00e+00
DEBUG @ t=28950000: current_coupling=0.042, last=0.042
       28950845        70.70164       619.29537            5.81        09:49:49        4.20e-02        2.00e+00
       28951867        70.70351       620.29604            5.81        09:49:31        4.20e-02        2.00e+00
       28952863        70.70502       621.29633            5.81        09:49:13        4.20e-02        2.00e+00
       28953807        70.70709       622.29640            5.81        09:48:51        4.20e-02        2.00e+00
       28954849        70.70931       623.29726            5.81        09:48:35        4.20e-02        2.00e+00
       28955876        70.71097       624.29802            5.82        09:48:18        4.20e-02        2.00e+00
       28956830        70.71277       625.29829            5.82        09:47:57        4.20e-02        2.00e+00
       28957773        70.71565       626.29898            5.82        09:47:35        4.20e-02        2.00e+00
       28958754        70.71649       627.29988            5.82        09:47:16        4.20e-02        2.00e+00
       28959732        70.71717       628.30080            5.82        09:46:56        4.20e-02        2.00e+00
DEBUG @ t=28960000: current_coupling=0.042, last=0.042
       28960794        70.71896       629.30132            5.82        09:46:41        4.20e-02        2.00e+00
       28961932        70.72107       630.30166            5.82        09:46:30        4.20e-02        2.00e+00
       28962957        70.72330       631.30258            5.82        09:46:13        4.20e-02        2.00e+00
       28964013        70.72556       632.30329            5.82        09:45:57        4.20e-02        2.00e+00
       28965024        70.72703       633.30340            5.82        09:45:39        4.20e-02        2.00e+00
       28966118        70.72857       634.30422            5.82        09:45:26        4.20e-02        2.00e+00
       28967135        70.73044       635.30477            5.82        09:45:08        4.20e-02        2.00e+00
       28968103        70.73121       636.30497            5.82        09:44:49        4.20e-02        2.00e+00
       28969153        70.73240       637.30578            5.82        09:44:33        4.20e-02        2.00e+00
DEBUG @ t=28970000: current_coupling=0.042, last=0.042
       28970217        70.73398       638.30627            5.82        09:44:18        4.20e-02        2.00e+00
       28971284        70.73561       639.30659            5.82        09:44:04        4.20e-02        2.00e+00
       28972355        70.73734       640.30690            5.82        09:43:49        4.20e-02        2.00e+00
       28973375        70.73889       641.30716            5.82        09:43:32        4.20e-02        2.00e+00
       28974416        70.74021       642.30726            5.82        09:43:16        4.20e-02        2.00e+00
       28975481        70.74216       643.30781            5.82        09:43:01        4.20e-02        2.00e+00
       28976565        70.74442       644.30849            5.82        09:42:46        4.20e-02        2.00e+00
       28977617        70.74646       645.30937            5.82        09:42:31        4.20e-02        2.00e+00
       28978661        70.74872       646.30954            5.82        09:42:14        4.20e-02        2.00e+00
       28979667        70.75076       647.30988            5.82        09:41:56        4.20e-02        2.00e+00
DEBUG @ t=28980000: current_coupling=0.042, last=0.042
       28980716        70.75429       648.31046            5.82        09:41:40        4.20e-02        2.00e+00
       28981810        70.75666       649.31046            5.82        09:41:26        4.20e-02        2.00e+00
       28982844        70.75806       650.31135            5.82        09:41:09        4.20e-02        2.00e+00
       28983825        70.75905       651.31146            5.82        09:40:51        4.20e-02        2.00e+00
       28984871        70.76049       652.31156            5.82        09:40:35        4.20e-02        2.00e+00
       28985959        70.76093       653.31235            5.82        09:40:22        4.20e-02        2.00e+00
       28986963        70.76085       654.31322            5.82        09:40:04        4.20e-02        2.00e+00
       28987995        70.76192       655.31364            5.82        09:39:48        4.20e-02        2.00e+00
       28989117        70.76265       656.31446            5.82        09:39:36        4.20e-02        2.00e+00
DEBUG @ t=28990000: current_coupling=0.042, last=0.042
       28990221        70.76322       657.31503            5.82        09:39:24        4.20e-02        2.00e+00
       28991345        70.76390       658.31562            5.82        09:39:13        4.20e-02        2.00e+00
       28992454        70.76606       659.31592            5.82        09:39:00        4.20e-02        2.00e+00
       28993490        70.76697       660.31642            5.82        09:38:44        4.20e-02        2.00e+00
       28994643        70.76797       661.31689            5.82        09:38:33        4.20e-02        2.00e+00
       28995728        70.76941       662.31761            5.82        09:38:19        4.20e-02        2.00e+00
       28996782        70.77075       663.31816            5.82        09:38:04        4.20e-02        2.00e+00
       28997937        70.77288       664.31859            5.82        09:37:53        4.20e-02        2.00e+00
       28999125        70.77585       665.31867            5.82        09:37:44        4.20e-02        2.00e+00
DEBUG @ t=29000000: current_coupling=0.042, last=0.042
[HDF5 Writer DEBUG] timestep=29000000, current_time_ps=666.245, last_output_time=666.2429220996332, write_count=63528
       29000068        70.77649       666.31904            5.82        09:37:23        4.20e-02        2.00e+00
       29001075        70.77695       667.31956            5.82        09:37:06        4.20e-02        2.00e+00
       29002198        70.77787       668.32012            5.82        09:36:54        4.20e-02        2.00e+00
       29003313        70.77885       669.32049            5.82        09:36:42        4.20e-02        2.00e+00
       29004506        70.78281       670.32115            5.82        09:36:32        4.20e-02        2.00e+00
       29005663        70.78576       671.32174            5.82        09:36:21        4.20e-02        2.00e+00
       29006841        70.78660       672.32191            5.82        09:36:12        4.20e-02        2.00e+00
       29007845        70.78677       673.32201            5.82        09:35:55        4.20e-02        2.00e+00
       29008750        70.78740       674.32211            5.82        09:35:33        4.20e-02        2.00e+00
       29009730        70.78813       675.32278            5.82        09:35:14        4.20e-02        2.00e+00
DEBUG @ t=29010000: current_coupling=0.042, last=0.042
       29010791        70.78917       676.32283            5.82        09:34:59        4.20e-02        2.00e+00
       29011889        70.78955       677.32358            5.82        09:34:46        4.20e-02        2.00e+00
       29013004        70.78972       678.32398            5.82        09:34:34        4.20e-02        2.00e+00
       29014028        70.78953       679.32404            5.82        09:34:18        4.20e-02        2.00e+00
       29015185        70.79052       680.32426            5.82        09:34:08        4.20e-02        2.00e+00
       29016269        70.79381       681.32446            5.82        09:33:53        4.20e-02        2.00e+00
       29017326        70.79530       682.32478            5.82        09:33:38        4.20e-02        2.00e+00
       29018436        70.79553       683.32544            5.82        09:33:26        4.20e-02        2.00e+00
       29019552        70.79573       684.32595            5.82        09:33:14        4.20e-02        2.00e+00
DEBUG @ t=29020000: current_coupling=0.042, last=0.042
       29020568        70.79607       685.32628            5.82        09:32:57        4.20e-02        2.00e+00
       29021626        70.79683       686.32717            5.82        09:32:42        4.20e-02        2.00e+00
       29022723        70.79746       687.32790            5.82        09:32:29        4.20e-02        2.00e+00
       29023854        70.79750       688.32790            5.82        09:32:18        4.20e-02        2.00e+00
       29024903        70.79744       689.32880            5.82        09:32:03        4.20e-02        2.00e+00
       29025891        70.79764       690.32960            5.82        09:31:45        4.20e-02        2.00e+00
       29026889        70.79845       691.32985            5.82        09:31:27        4.20e-02        2.00e+00
       29027956        70.79888       692.33060            5.82        09:31:13        4.20e-02        2.00e+00
       29029001        70.80038       693.33084            5.82        09:30:57        4.20e-02        2.00e+00
DEBUG @ t=29030000: current_coupling=0.042, last=0.042
       29030062        70.80143       694.33109            5.82        09:30:42        4.20e-02        2.00e+00
       29031164        70.80164       695.33161            5.82        09:30:29        4.20e-02        2.00e+00
       29032250        70.80159       696.33161            5.82        09:30:16        4.20e-02        2.00e+00
       29033331        70.80204       697.33183            5.82        09:30:02        4.20e-02        2.00e+00
       29034448        70.80321       698.33225            5.82        09:29:50        4.20e-02        2.00e+00
       29035516        70.80339       699.33287            5.82        09:29:36        4.20e-02        2.00e+00
       29036537        70.80366       700.33356            5.82        09:29:19        4.20e-02        2.00e+00
       29037552        70.80563       701.33391            5.82        09:29:02        4.20e-02        2.00e+00
       29038588        70.80774       702.33413            5.82        09:28:45        4.20e-02        2.00e+00
       29039602        70.80829       703.33459            5.82        09:28:28        4.20e-02        2.00e+00
DEBUG @ t=29040000: current_coupling=0.042, last=0.042
       29040694        70.80925       704.33467            5.82        09:28:15        4.20e-02        2.00e+00
       29041806        70.81008       705.33497            5.82        09:28:02        4.20e-02        2.00e+00
       29042933        70.81161       706.33497            5.82        09:27:50        4.20e-02        2.00e+00
       29044046        70.81433       707.33503            5.82        09:27:37        4.20e-02        2.00e+00
       29045046        70.81545       708.33542            5.82        09:27:19        4.20e-02        2.00e+00
       29046019        70.81570       709.33643            5.82        09:27:00        4.20e-02        2.00e+00
       29047042        70.81693       710.33701            5.82        09:26:43        4.20e-02        2.00e+00
       29048130        70.81918       711.33768            5.82        09:26:29        4.20e-02        2.00e+00
       29049211        70.81923       712.33805            5.82        09:26:16        4.20e-02        2.00e+00
DEBUG @ t=29050000: current_coupling=0.042, last=0.042
       29050157        70.81928       713.33807            5.82        09:25:56        4.20e-02        2.00e+00
       29051226        70.82074       714.33897            5.82        09:25:41        4.20e-02        2.00e+00
       29052292        70.82227       715.33948            5.82        09:25:26        4.20e-02        2.00e+00
       29053212        70.82282       716.34031            5.82        09:25:05        4.20e-02        2.00e+00
       29054287        70.82396       717.34050            5.82        09:24:51        4.20e-02        2.00e+00
       29055257        70.82388       718.34050            5.82        09:24:32        4.20e-02        2.00e+00
       29056249        70.82775       719.34088            5.82        09:24:13        4.20e-02        2.00e+00
       29057377        70.82908       720.34093            5.82        09:24:01        4.20e-02        2.00e+00
       29058475        70.82888       721.34119            5.82        09:23:48        4.20e-02        2.00e+00
       29059516        70.82864       722.34200            5.82        09:23:33        4.20e-02        2.00e+00
DEBUG @ t=29060000: current_coupling=0.042, last=0.042
       29060538        70.82854       723.34264            5.82        09:23:17        4.20e-02        2.00e+00
       29061642        70.82856       724.34286            5.82        09:23:04        4.20e-02        2.00e+00
       29062691        70.82865       725.34309            5.82        09:22:49        4.20e-02        2.00e+00
       29063754        70.82944       726.34327            5.82        09:22:34        4.20e-02        2.00e+00
       29064776        70.83044       727.34422            5.82        09:22:18        4.20e-02        2.00e+00
       29065732        70.83124       728.34496            5.82        09:21:58        4.20e-02        2.00e+00
       29066663        70.83243       729.34528            5.82        09:21:38        4.20e-02        2.00e+00
       29067645        70.83319       730.34565            5.82        09:21:19        4.20e-02        2.00e+00
       29068663        70.83451       731.34657            5.82        09:21:02        4.20e-02        2.00e+00
       29069640        70.83526       732.34739            5.82        09:20:44        4.20e-02        2.00e+00
DEBUG @ t=29070000: current_coupling=0.042, last=0.042
       29070646        70.83578       733.34832            5.82        09:20:27        4.20e-02        2.00e+00
       29071718        70.83687       734.34868            5.82        09:20:12        4.20e-02        2.00e+00
       29072766        70.83670       735.34873            5.82        09:19:57        4.20e-02        2.00e+00
       29073788        70.83685       736.34926            5.82        09:19:41        4.20e-02        2.00e+00
       29074808        70.83675       737.34931            5.82        09:19:25        4.20e-02        2.00e+00
       29075908        70.83714       738.35007            5.82        09:19:12        4.20e-02        2.00e+00
       29076992        70.83719       739.35041            5.82        09:18:59        4.20e-02        2.00e+00
       29078018        70.83755       740.35083            5.82        09:18:43        4.20e-02        2.00e+00
       29079077        70.83887       741.35148            5.82        09:18:27        4.20e-02        2.00e+00
DEBUG @ t=29080000: current_coupling=0.042, last=0.042
       29080166        70.83870       742.35170            5.82        09:18:14        4.20e-02        2.00e+00
       29081200        70.83906       743.35197            5.82        09:17:59        4.20e-02        2.00e+00
       29082311        70.84247       744.35261            5.82        09:17:45        4.20e-02        2.00e+00
       29083318        70.84390       745.35342            5.82        09:17:27        4.20e-02        2.00e+00
       29084351        70.84407       746.35432            5.82        09:17:11        4.20e-02        2.00e+00
       29085359        70.84557       747.35500            5.82        09:16:54        4.20e-02        2.00e+00
       29086400        70.84966       748.35504            5.83        09:16:37        4.20e-02        2.00e+00
       29087520        70.85281       749.35580            5.82        09:16:23        4.20e-02        2.00e+00
       29088617        70.85332       750.35672            5.82        09:16:10        4.20e-02        2.00e+00
       29089643        70.85386       751.35715            5.82        09:15:54        4.20e-02        2.00e+00
DEBUG @ t=29090000: current_coupling=0.042, last=0.042
       29090598        70.85545       752.35729            5.83        09:15:34        4.20e-02        2.00e+00
       29091602        70.85581       753.35744            5.83        09:15:17        4.20e-02        2.00e+00
       29092706        70.85684       754.35783            5.83        09:15:04        4.20e-02        2.00e+00
       29093786        70.85732       755.35872            5.83        09:14:50        4.20e-02        2.00e+00
       29094833        70.85770       756.35923            5.83        09:14:35        4.20e-02        2.00e+00
       29095852        70.85822       757.35969            5.83        09:14:19        4.20e-02        2.00e+00
       29096887        70.85954       758.36010            5.83        09:14:03        4.20e-02        2.00e+00
       29097945        70.86118       759.36064            5.83        09:13:47        4.20e-02        2.00e+00
       29099038        70.86119       760.36129            5.83        09:13:34        4.20e-02        2.00e+00
DEBUG @ t=29100000: current_coupling=0.042, last=0.042
[HDF5 Writer DEBUG] timestep=29100000, current_time_ps=761.317, last_output_time=761.3074521052401, write_count=72611
       29100045        70.86124       761.36223            5.83        09:13:17        4.20e-02        2.00e+00
       29101098        70.86248       762.36274            5.83        09:13:02        4.20e-02        2.00e+00
       29102078        70.86348       763.36370            5.83        09:12:44        4.20e-02        2.00e+00
       29103081        70.86404       764.36456            5.83        09:12:27        4.20e-02        2.00e+00
       29104108        70.86463       765.36463            5.83        09:12:11        4.20e-02        2.00e+00
       29105048        70.86457       766.36532            5.83        09:11:51        4.20e-02        2.00e+00
       29106063        70.86439       767.36538            5.83        09:11:35        4.20e-02        2.00e+00
       29107070        70.86498       768.36560            5.83        09:11:18        4.20e-02        2.00e+00
       29107974        70.86495       769.36563            5.83        09:10:57        4.20e-02        2.00e+00
       29108849        70.86485       770.36602            5.83        09:10:35        4.20e-02        2.00e+00
       29109769        70.86511       771.36672            5.83        09:10:15        4.20e-02        2.00e+00
DEBUG @ t=29110000: current_coupling=0.042, last=0.042
       29110764        70.86575       772.36717            5.83        09:09:58        4.20e-02        2.00e+00
       29111735        70.86560       773.36818            5.83        09:09:40        4.20e-02        2.00e+00
       29112680        70.86621       774.36866            5.83        09:09:20        4.20e-02        2.00e+00
       29113673        70.86649       775.36936            5.83        09:09:03        4.20e-02        2.00e+00
       29114717        70.86770       776.36952            5.83        09:08:48        4.20e-02        2.00e+00
       29115798        70.86834       777.36960            5.83        09:08:34        4.20e-02        2.00e+00
       29116896        70.87078       778.36977            5.83        09:08:20        4.20e-02        2.00e+00
       29117925        70.87113       779.37049            5.83        09:08:04        4.20e-02        2.00e+00
       29118968        70.87145       780.37087            5.83        09:07:49        4.20e-02        2.00e+00
DEBUG @ t=29120000: current_coupling=0.042, last=0.042
       29120042        70.87172       781.37170            5.83        09:07:35        4.20e-02        2.00e+00
       29121081        70.87266       782.37172            5.83        09:07:19        4.20e-02        2.00e+00
       29122096        70.87278       783.37205            5.83        09:07:03        4.20e-02        2.00e+00
       29123063        70.87260       784.37268            5.84        09:06:45        4.20e-02        2.00e+00
       29124126        70.87293       785.37295            5.84        09:06:30        4.20e-02        2.00e+00
       29125204        70.87374       786.37340            5.84        09:06:16        4.20e-02        2.00e+00
       29126187        70.87368       787.37348            5.84        09:05:59        4.20e-02        2.00e+00
       29127257        70.87398       788.37389            5.84        09:05:45        4.20e-02        2.00e+00
       29128318        70.87535       789.37443            5.84        09:05:30        4.20e-02        2.00e+00
       29129361        70.87750       790.37497            5.84        09:05:13        4.20e-02        2.00e+00
DEBUG @ t=29130000: current_coupling=0.042, last=0.042
       29130408        70.87747       791.37517            5.84        09:04:59        4.20e-02        2.00e+00
       29131506        70.87778       792.37594            5.84        09:04:46        4.20e-02        2.00e+00
       29132529        70.87803       793.37673            5.84        09:04:30        4.20e-02        2.00e+00
       29133569        70.87878       794.37676            5.84        09:04:14        4.20e-02        2.00e+00
       29134650        70.88055       795.37734            5.84        09:04:00        4.20e-02        2.00e+00
       29135738        70.88106       796.37778            5.84        09:03:46        4.20e-02        2.00e+00
       29136763        70.88142       797.37852            5.84        09:03:30        4.20e-02        2.00e+00
       29137737        70.88188       798.37931            5.84        09:03:12        4.20e-02        2.00e+00
       29138805        70.88169       799.37945            5.84        09:02:58        4.20e-02        2.00e+00
Added F(k,t) reference 4 at t = 800.003 ps
       29139908        70.88188       800.38008            5.84        09:02:45        4.20e-02        2.00e+00
DEBUG @ t=29140000: current_coupling=0.042, last=0.042
       29140922        70.88243       801.38061            5.84        09:02:29        4.20e-02        2.00e+00
       29142054        70.88385       802.38079            5.84        09:02:16        4.20e-02        2.00e+00
       29143046        70.88487       803.38117            5.84        09:01:59        4.20e-02        2.00e+00
       29144052        70.88521       804.38202            5.84        09:01:42        4.20e-02        2.00e+00
       29145074        70.88606       805.38233            5.84        09:01:26        4.20e-02        2.00e+00
       29145987        70.88610       806.38249            5.84        09:01:06        4.20e-02        2.00e+00
       29146993        70.88901       807.38341            5.84        09:00:48        4.20e-02        2.00e+00
       29147982        70.88949       808.38399            5.84        09:00:31        4.20e-02        2.00e+00
       29148907        70.88933       809.38428            5.84        09:00:11        4.20e-02        2.00e+00
       29149834        70.88933       810.38520            5.84        08:59:52        4.20e-02        2.00e+00
DEBUG @ t=29150000: current_coupling=0.042, last=0.042
       29150832        70.88974       811.38563            5.84        08:59:35        4.20e-02        2.00e+00
       29151884        70.89047       812.38604            5.84        08:59:20        4.20e-02        2.00e+00
       29152894        70.89176       813.38697            5.84        08:59:03        4.20e-02        2.00e+00
       29153807        70.89236       814.38729            5.84        08:58:43        4.20e-02        2.00e+00
       29154715        70.89246       815.38814            5.84        08:58:23        4.20e-02        2.00e+00
       29155725        70.89398       816.38876            5.84        08:58:06        4.20e-02        2.00e+00
       29156787        70.89529       817.38944            5.84        08:57:51        4.20e-02        2.00e+00
       29157804        70.89691       818.39026            5.84        08:57:34        4.20e-02        2.00e+00
       29158791        70.89826       819.39083            5.84        08:57:16        4.20e-02        2.00e+00
       29159854        70.89852       820.39159            5.84        08:57:02        4.20e-02        2.00e+00
DEBUG @ t=29160000: current_coupling=0.042, last=0.042
       29160843        70.89870       821.39197            5.84        08:56:45        4.20e-02        2.00e+00
       29161758        70.89890       822.39222            5.85        08:56:25        4.20e-02        2.00e+00
       29162716        70.89987       823.39247            5.85        08:56:06        4.20e-02        2.00e+00
       29163664        70.90168       824.39346            5.85        08:55:47        4.20e-02        2.00e+00
       29164601        70.90305       825.39405            5.85        08:55:27        4.20e-02        2.00e+00
       29165638        70.90423       826.39409            5.85        08:55:12        4.20e-02        2.00e+00
       29166638        70.90573       827.39442            5.85        08:54:54        4.20e-02        2.00e+00
       29167608        70.90708       828.39520            5.85        08:54:36        4.20e-02        2.00e+00
       29168636        70.90818       829.39536            5.85        08:54:20        4.20e-02        2.00e+00
       29169680        70.90871       830.39624            5.85        08:54:05        4.20e-02        2.00e+00
DEBUG @ t=29170000: current_coupling=0.042, last=0.042
       29170737        70.90960       831.39712            5.85        08:53:50        4.20e-02        2.00e+00
       29171745        70.91114       832.39730            5.85        08:53:33        4.20e-02        2.00e+00
       29172724        70.91184       833.39762            5.85        08:53:16        4.20e-02        2.00e+00
       29173768        70.91319       834.39823            5.85        08:53:00        4.20e-02        2.00e+00
       29174979        70.91595       835.39830            5.85        08:52:50        4.20e-02        2.00e+00
       29176111        70.91894       836.39896            5.85        08:52:37        4.20e-02        2.00e+00
       29177165        70.92075       837.39958            5.85        08:52:22        4.20e-02        2.00e+00
       29178343        70.92325       838.40047            5.85        08:52:10        4.20e-02        2.00e+00
       29179355        70.92388       839.40053            5.85        08:51:54        4.20e-02        2.00e+00
DEBUG @ t=29180000: current_coupling=0.042, last=0.042
       29180575        70.92478       840.40125            5.85        08:51:45        4.20e-02        2.00e+00
       29181758        70.92562       841.40199            5.85        08:51:35        4.20e-02        2.00e+00
       29182928        70.92734       842.40211            5.85        08:51:24        4.20e-02        2.00e+00
       29184053        70.92798       843.40225            5.85        08:51:11        4.20e-02        2.00e+00
       29185245        70.92952       844.40287            5.85        08:51:01        4.20e-02        2.00e+00
       29186497        70.93072       845.40375            5.84        08:50:53        4.20e-02        2.00e+00
       29187559        70.93155       846.40377            5.84        08:50:38        4.20e-02        2.00e+00
       29188677        70.93306       847.40438            5.84        08:50:25        4.20e-02        2.00e+00
       29189795        70.93458       848.40498            5.84        08:50:12        4.20e-02        2.00e+00
DEBUG @ t=29190000: current_coupling=0.042, last=0.042
       29190931        70.93545       849.40574            5.84        08:50:00        4.20e-02        2.00e+00
       29191991        70.93588       850.40650            5.84        08:49:46        4.20e-02        2.00e+00
       29193126        70.93666       851.40689            5.84        08:49:33        4.20e-02        2.00e+00
       29194208        70.93740       852.40711            5.84        08:49:19        4.20e-02        2.00e+00
       29195291        70.93927       853.40747            5.84        08:49:05        4.20e-02        2.00e+00
       29196360        70.94077       854.40768            5.84        08:48:50        4.20e-02        2.00e+00
       29197569        70.94346       855.40785            5.84        08:48:40        4.20e-02        2.00e+00
       29198749        70.94562       856.40812            5.84        08:48:29        4.20e-02        2.00e+00
       29199901        70.94812       857.40819            5.84        08:48:16        4.20e-02        2.00e+00
DEBUG @ t=29200000: current_coupling=0.042, last=0.042
[HDF5 Writer DEBUG] timestep=29200000, current_time_ps=857.494, last_output_time=857.4868384500793, write_count=81774
       29201057        70.94927       858.40834            5.84        08:48:05        4.20e-02        2.00e+00
       29202229        70.95016       859.40920            5.84        08:47:54        4.20e-02        2.00e+00
       29203236        70.95052       860.40983            5.84        08:47:37        4.20e-02        2.00e+00
       29204320        70.95095       861.41029            5.84        08:47:24        4.20e-02        2.00e+00
       29205437        70.95152       862.41045            5.84        08:47:11        4.20e-02        2.00e+00
       29206568        70.95281       863.41090            5.84        08:46:58        4.20e-02        2.00e+00
       29207741        70.95395       864.41173            5.84        08:46:47        4.20e-02        2.00e+00
       29208870        70.95515       865.41178            5.84        08:46:35        4.20e-02        2.00e+00
       29209926        70.95610       866.41258            5.84        08:46:20        4.20e-02        2.00e+00
DEBUG @ t=29210000: current_coupling=0.042, last=0.042
       29210940        70.95647       867.41323            5.84        08:46:03        4.20e-02        2.00e+00
       29211986        70.95671       868.41346            5.84        08:45:48        4.20e-02        2.00e+00
       29213081        70.95825       869.41427            5.84        08:45:34        4.20e-02        2.00e+00
       29214213        70.96096       870.41469            5.84        08:45:21        4.20e-02        2.00e+00
       29215268        70.96223       871.41510            5.84        08:45:06        4.20e-02        2.00e+00
       29216404        70.96285       872.41601            5.84        08:44:54        4.20e-02        2.00e+00
       29217465        70.96428       873.41630            5.84        08:44:39        4.20e-02        2.00e+00
       29218549        70.96490       874.41711            5.84        08:44:25        4.20e-02        2.00e+00
       29219640        70.96563       875.41772            5.84        08:44:11        4.20e-02        2.00e+00
DEBUG @ t=29220000: current_coupling=0.042, last=0.042
       29220739        70.96639       876.41855            5.84        08:43:57        4.20e-02        2.00e+00
       29221766        70.96686       877.41877            5.84        08:43:42        4.20e-02        2.00e+00
       29222817        70.96849       878.41959            5.84        08:43:26        4.20e-02        2.00e+00
       29223946        70.97115       879.42010            5.84        08:43:13        4.20e-02        2.00e+00
       29225095        70.97230       880.42013            5.84        08:43:01        4.20e-02        2.00e+00
       29226244        70.97334       881.42092            5.84        08:42:49        4.20e-02        2.00e+00
       29227285        70.97473       882.42143            5.84        08:42:33        4.20e-02        2.00e+00
       29228221        70.97509       883.42155            5.84        08:42:14        4.20e-02        2.00e+00
       29229351        70.97558       884.42243            5.84        08:42:02        4.20e-02        2.00e+00
DEBUG @ t=29230000: current_coupling=0.042, last=0.042
       29230467        70.97660       885.42277            5.84        08:41:49        4.20e-02        2.00e+00
       29231566        70.97748       886.42288            5.84        08:41:35        4.20e-02        2.00e+00
       29232607        70.97862       887.42393            5.84        08:41:19        4.20e-02        2.00e+00
       29233558        70.97934       888.42435            5.84        08:41:01        4.20e-02        2.00e+00
       29234600        70.97980       889.42483            5.84        08:40:46        4.20e-02        2.00e+00
       29235705        70.98091       890.42569            5.84        08:40:32        4.20e-02        2.00e+00
       29236778        70.98135       891.42616            5.84        08:40:18        4.20e-02        2.00e+00
       29237894        70.98242       892.42682            5.84        08:40:05        4.20e-02        2.00e+00
       29239031        70.98313       893.42708            5.83        08:39:52        4.20e-02        2.00e+00
DEBUG @ t=29240000: current_coupling=0.042, last=0.042
       29240099        70.98414       894.42788            5.83        08:39:38        4.20e-02        2.00e+00
       29241085        70.98427       895.42803            5.84        08:39:20        4.20e-02        2.00e+00
       29241998        70.98473       896.42818            5.84        08:39:01        4.20e-02        2.00e+00
       29243018        70.98480       897.42818            5.84        08:38:45        4.20e-02        2.00e+00
       29244039        70.98514       898.42847            5.84        08:38:29        4.20e-02        2.00e+00
       29245043        70.98535       899.42854            5.84        08:38:13        4.20e-02        2.00e+00
       29246047        70.98584       900.42937            5.84        08:37:56        4.20e-02        2.00e+00
       29247147        70.98627       901.42938            5.84        08:37:43        4.20e-02        2.00e+00
       29248225        70.98724       902.43020            5.84        08:37:28        4.20e-02        2.00e+00
       29249327        70.98922       903.43088            5.84        08:37:14        4.20e-02        2.00e+00
DEBUG @ t=29250000: current_coupling=0.042, last=0.042
       29250282        70.99030       904.43136            5.84        08:36:56        4.20e-02        2.00e+00
       29251317        70.99090       905.43172            5.84        08:36:40        4.20e-02        2.00e+00
       29252389        70.99271       906.43240            5.84        08:36:25        4.20e-02        2.00e+00
       29253450        70.99433       907.43334            5.84        08:36:10        4.20e-02        2.00e+00
       29254379        70.99483       908.43368            5.84        08:35:51        4.20e-02        2.00e+00
       29255446        70.99590       909.43441            5.84        08:35:36        4.20e-02        2.00e+00
       29256606        70.99738       910.43453            5.84        08:35:24        4.20e-02        2.00e+00
       29257763        70.99899       911.43507            5.84        08:35:12        4.20e-02        2.00e+00
       29258864        71.00022       912.43553            5.84        08:34:59        4.20e-02        2.00e+00
DEBUG @ t=29260000: current_coupling=0.042, last=0.042
       29260013        71.00137       913.43593            5.84        08:34:46        4.20e-02        2.00e+00
       29261101        71.00197       914.43686            5.84        08:34:33        4.20e-02        2.00e+00
       29262216        71.00455       915.43768            5.84        08:34:19        4.20e-02        2.00e+00
       29263285        71.00639       916.43777            5.84        08:34:04        4.20e-02        2.00e+00
       29264318        71.00770       917.43822            5.84        08:33:48        4.20e-02        2.00e+00
       29265463        71.00840       918.43860            5.84        08:33:35        4.20e-02        2.00e+00
       29266516        71.00899       919.43895            5.84        08:33:20        4.20e-02        2.00e+00
       29267612        71.01015       920.43966            5.84        08:33:07        4.20e-02        2.00e+00
       29268693        71.01059       921.44024            5.84        08:32:52        4.20e-02        2.00e+00
       29269614        71.01055       922.44028            5.84        08:32:34        4.20e-02        2.00e+00
DEBUG @ t=29270000: current_coupling=0.042, last=0.042
       29270606        71.01065       923.44055            5.84        08:32:17        4.20e-02        2.00e+00
       29271750        71.01155       924.44108            5.84        08:32:05        4.20e-02        2.00e+00
       29272760        71.01226       925.44139            5.84        08:31:48        4.20e-02        2.00e+00
       29273823        71.01304       926.44172            5.84        08:31:33        4.20e-02        2.00e+00
       29274791        71.01378       927.44217            5.84        08:31:16        4.20e-02        2.00e+00
       29275660        71.01397       928.44296            5.84        08:30:55        4.20e-02        2.00e+00
       29276578        71.01472       929.44371            5.84        08:30:36        4.20e-02        2.00e+00
       29277572        71.01502       930.44438            5.84        08:30:19        4.20e-02        2.00e+00
       29278692        71.01582       931.44499            5.84        08:30:06        4.20e-02        2.00e+00
       29279741        71.01713       932.44581            5.84        08:29:50        4.20e-02        2.00e+00
DEBUG @ t=29280000: current_coupling=0.042, last=0.042
       29280807        71.01987       933.44589            5.84        08:29:35        4.20e-02        2.00e+00
       29281934        71.02186       934.44618            5.84        08:29:22        4.20e-02        2.00e+00
       29282922        71.02265       935.44686            5.84        08:29:04        4.20e-02        2.00e+00
       29284114        71.02458       936.44761            5.84        08:28:53        4.20e-02        2.00e+00
       29285085        71.02680       937.44864            5.84        08:28:35        4.20e-02        2.00e+00
       29286185        71.02796       938.44902            5.84        08:28:21        4.20e-02        2.00e+00
       29287353        71.02882       939.44955            5.84        08:28:10        4.20e-02        2.00e+00
       29288435        71.03079       940.45062            5.84        08:27:55        4.20e-02        2.00e+00
       29289365        71.03136       941.45077            5.84        08:27:36        4.20e-02        2.00e+00
DEBUG @ t=29290000: current_coupling=0.042, last=0.042
       29290468        71.03192       942.45144            5.84        08:27:23        4.20e-02        2.00e+00
       29291502        71.03288       943.45218            5.84        08:27:07        4.20e-02        2.00e+00
       29292605        71.03440       944.45244            5.84        08:26:53        4.20e-02        2.00e+00
       29293720        71.03490       945.45267            5.84        08:26:40        4.20e-02        2.00e+00
       29294747        71.03535       946.45323            5.84        08:26:24        4.20e-02        2.00e+00
       29295780        71.03715       947.45422            5.84        08:26:08        4.20e-02        2.00e+00
       29296799        71.03769       948.45515            5.84        08:25:52        4.20e-02        2.00e+00
       29297832        71.03822       949.45583            5.84        08:25:36        4.20e-02        2.00e+00
       29298878        71.03851       950.45597            5.84        08:25:21        4.20e-02        2.00e+00
       29299846        71.03832       951.45656            5.84        08:25:04        4.20e-02        2.00e+00
DEBUG @ t=29300000: current_coupling=0.042, last=0.042
[HDF5 Writer DEBUG] timestep=29300000, current_time_ps=951.623, last_output_time=951.614411723019, write_count=90688
       29300890        71.03942       952.45681            5.84        08:24:49        4.20e-02        2.00e+00
       29301883        71.04002       953.45725            5.84        08:24:32        4.20e-02        2.00e+00
       29302904        71.04121       954.45734            5.84        08:24:16        4.20e-02        2.00e+00
       29303908        71.04133       955.45799            5.84        08:23:59        4.20e-02        2.00e+00
       29304978        71.04274       956.45877            5.84        08:23:44        4.20e-02        2.00e+00
       29306075        71.04321       957.45925            5.84        08:23:31        4.20e-02        2.00e+00
       29307014        71.04342       958.45989            5.84        08:23:13        4.20e-02        2.00e+00
       29308088        71.04428       959.46026            5.84        08:22:58        4.20e-02        2.00e+00
       29309209        71.04631       960.46081            5.84        08:22:44        4.20e-02        2.00e+00
DEBUG @ t=29310000: current_coupling=0.042, last=0.042
       29310125        71.04656       961.46188            5.84        08:22:25        4.20e-02        2.00e+00
       29311173        71.04686       962.46264            5.84        08:22:10        4.20e-02        2.00e+00
       29312143        71.04664       963.46363            5.84        08:21:53        4.20e-02        2.00e+00
       29313144        71.04679       964.46423            5.84        08:21:37        4.20e-02        2.00e+00
       29314091        71.04679       965.46518            5.84        08:21:19        4.20e-02        2.00e+00
       29315219        71.04693       966.46602            5.84        08:21:06        4.20e-02        2.00e+00
       29316233        71.04697       967.46632            5.84        08:20:51        4.20e-02        2.00e+00
       29317304        71.04740       968.46692            5.84        08:20:36        4.20e-02        2.00e+00
       29318336        71.04759       969.46776            5.84        08:20:21        4.20e-02        2.00e+00
       29319400        71.04807       970.46831            5.84        08:20:06        4.20e-02        2.00e+00
DEBUG @ t=29320000: current_coupling=0.042, last=0.042
       29320407        71.04870       971.46847            5.84        08:19:50        4.20e-02        2.00e+00
       29321489        71.04994       972.46895            5.84        08:19:35        4.20e-02        2.00e+00
       29322546        71.05052       973.46919            5.84        08:19:21        4.20e-02        2.00e+00
       29323512        71.05223       974.47004            5.84        08:19:03        4.20e-02        2.00e+00
       29324494        71.05374       975.47005            5.85        08:18:45        4.20e-02        2.00e+00
       29325405        71.05462       976.47115            5.85        08:18:26        4.20e-02        2.00e+00
       29326294        71.05525       977.47177            5.85        08:18:06        4.20e-02        2.00e+00
       29327148        71.05535       978.47235            5.85        08:17:46        4.20e-02        2.00e+00
       29328206        71.05591       979.47319            5.85        08:17:31        4.20e-02        2.00e+00
       29329232        71.05634       980.47374            5.85        08:17:15        4.20e-02        2.00e+00
DEBUG @ t=29330000: current_coupling=0.042, last=0.042
       29330183        71.05698       981.47382            5.85        08:16:57        4.20e-02        2.00e+00
       29331122        71.05828       982.47458            5.85        08:16:39        4.20e-02        2.00e+00
       29332093        71.05968       983.47525            5.85        08:16:21        4.20e-02        2.00e+00
       29333098        71.06203       984.47588            5.85        08:16:04        4.20e-02        2.00e+00
       29334058        71.06229       985.47667            5.85        08:15:46        4.20e-02        2.00e+00
       29335052        71.06255       986.47750            5.85        08:15:30        4.20e-02        2.00e+00
       29336119        71.06377       987.47787            5.85        08:15:15        4.20e-02        2.00e+00
       29337223        71.06439       988.47872            5.85        08:15:02        4.20e-02        2.00e+00
       29338328        71.06506       989.47907            5.85        08:14:48        4.20e-02        2.00e+00
       29339363        71.06566       990.47910            5.85        08:14:33        4.20e-02        2.00e+00
DEBUG @ t=29340000: current_coupling=0.042, last=0.042
       29340450        71.06665       991.47911            5.85        08:14:19        4.20e-02        2.00e+00
       29341502        71.06730       992.47937            5.85        08:14:04        4.20e-02        2.00e+00
       29342471        71.06673       993.47970            5.85        08:13:47        4.20e-02        2.00e+00
       29343489        71.06743       994.48053            5.85        08:13:31        4.20e-02        2.00e+00
       29344571        71.06901       995.48110            5.85        08:13:16        4.20e-02        2.00e+00
       29345614        71.07014       996.48118            5.85        08:13:01        4.20e-02        2.00e+00
       29346651        71.07036       997.48211            5.85        08:12:46        4.20e-02        2.00e+00
       29347679        71.07085       998.48245            5.85        08:12:30        4.20e-02        2.00e+00
       29348762        71.07145       999.48304            5.85        08:12:16        4.20e-02        2.00e+00
Added F(k,t) reference 5 at t = 1000.003 ps
       29349901        71.07164      1000.48329            5.85        08:12:04        4.20e-02        2.00e+00
DEBUG @ t=29350000: current_coupling=0.042, last=0.042
       29351059        71.07255      1001.48381            5.85        08:11:52        4.20e-02        2.00e+00
       29352051        71.07360      1002.48453            5.85        08:11:35        4.20e-02        2.00e+00
       29353081        71.07377      1003.48533            5.85        08:11:19        4.20e-02        2.00e+00
       29354182        71.07398      1004.48623            5.85        08:11:06        4.20e-02        2.00e+00
       29355311        71.07470      1005.48660            5.85        08:10:53        4.20e-02        2.00e+00
       29356379        71.07493      1006.48734            5.85        08:10:39        4.20e-02        2.00e+00
       29357456        71.07356      1007.48822            5.85        08:10:25        4.20e-02        2.00e+00
       29358578        71.07221      1008.48854            5.85        08:10:13        4.20e-02        2.00e+00
       29359678        71.07074      1009.48886            5.85        08:10:00        4.20e-02        2.00e+00
DEBUG @ t=29360000: current_coupling=0.042, last=0.042
       29360752        71.07010      1010.48888            5.85        08:09:46        4.20e-02        2.00e+00
       29361872        71.06930      1011.48932            5.85        08:09:34        4.20e-02        2.00e+00
       29363031        71.06928      1012.49008            5.85        08:09:22        4.20e-02        2.00e+00
       29364050        71.06803      1013.49010            5.85        08:09:07        4.20e-02        2.00e+00
       29364971        71.06700      1014.49106            5.85        08:08:49        4.20e-02        2.00e+00
       29366026        71.06656      1015.49186            5.85        08:08:34        4.20e-02        2.00e+00
       29367114        71.06623      1016.49232            5.85        08:08:21        4.20e-02        2.00e+00
       29368220        71.06540      1017.49265            5.85        08:08:08        4.20e-02        2.00e+00
       29369327        71.06480      1018.49363            5.85        08:07:55        4.20e-02        2.00e+00
DEBUG @ t=29370000: current_coupling=0.042, last=0.042
       29370331        71.06376      1019.49423            5.85        08:07:39        4.20e-02        2.00e+00
       29371273        71.06288      1020.49428            5.85        08:07:22        4.20e-02        2.00e+00
       29372335        71.06266      1021.49512            5.85        08:07:08        4.20e-02        2.00e+00
       29373267        71.06292      1022.49546            5.85        08:06:49        4.20e-02        2.00e+00
       29374385        71.06349      1023.49629            5.85        08:06:36        4.20e-02        2.00e+00
       29375427        71.06242      1024.49633            5.85        08:06:22        4.20e-02        2.00e+00
       29376456        71.06165      1025.49724            5.85        08:06:07        4.20e-02        2.00e+00
       29377424        71.06040      1026.49739            5.85        08:05:50        4.20e-02        2.00e+00
       29378402        71.05937      1027.49772            5.85        08:05:34        4.20e-02        2.00e+00
       29379474        71.05848      1028.49822            5.85        08:05:20        4.20e-02        2.00e+00
DEBUG @ t=29380000: current_coupling=0.042, last=0.042
       29380451        71.05759      1029.49907            5.85        08:05:04        4.20e-02        2.00e+00
       29381402        71.05688      1030.49912            5.85        08:04:47        4.20e-02        2.00e+00
       29382353        71.05622      1031.49951            5.85        08:04:29        4.20e-02        2.00e+00
       29383349        71.05576      1032.49963            5.85        08:04:13        4.20e-02        2.00e+00
       29384472        71.05678      1033.50025            5.85        08:04:00        4.20e-02        2.00e+00
       29385556        71.05761      1034.50051            5.85        08:03:46        4.20e-02        2.00e+00
       29386578        71.05712      1035.50064            5.85        08:03:31        4.20e-02        2.00e+00
       29387632        71.05669      1036.50074            5.85        08:03:16        4.20e-02        2.00e+00
       29388660        71.05654      1037.50169            5.85        08:03:01        4.20e-02        2.00e+00
       29389722        71.05543      1038.50195            5.85        08:02:47        4.20e-02        2.00e+00
DEBUG @ t=29390000: current_coupling=0.042, last=0.042
       29390744        71.05423      1039.50255            5.85        08:02:32        4.20e-02        2.00e+00
       29391722        71.05295      1040.50347            5.85        08:02:16        4.20e-02        2.00e+00
       29392785        71.05056      1041.50382            5.85        08:02:02        4.20e-02        2.00e+00
       29393864        71.04795      1042.50406            5.85        08:01:49        4.20e-02        2.00e+00
       29394850        71.04597      1043.50504            5.85        08:01:34        4.20e-02        2.00e+00
       29395952        71.04658      1044.50578            5.85        08:01:20        4.20e-02        2.00e+00
       29397046        71.04649      1045.50671            5.85        08:01:06        4.20e-02        2.00e+00
       29398048        71.04569      1046.50748            5.85        08:00:51        4.20e-02        2.00e+00
       29399133        71.04526      1047.50785            5.85        08:00:37        4.20e-02        2.00e+00
DEBUG @ t=29400000: current_coupling=0.042, last=0.042
[HDF5 Writer DEBUG] timestep=29400000, current_time_ps=1048.301, last_output_time=1048.2983315622441, write_count=99901
       29400226        71.04493      1048.50815            5.85        08:00:23        4.20e-02        2.00e+00
       29401253        71.04422      1049.50904            5.85        08:00:08        4.20e-02        2.00e+00
       29402346        71.04354      1050.50920            5.85        07:59:55        4.20e-02        2.00e+00
       29403266        71.04292      1051.51011            5.85        07:59:37        4.20e-02        2.00e+00
       29404261        71.04218      1052.51028            5.85        07:59:21        4.20e-02        2.00e+00
       29405350        71.04147      1053.51087            5.85        07:59:08        4.20e-02        2.00e+00
       29406426        71.04028      1054.51148            5.85        07:58:54        4.20e-02        2.00e+00
       29407538        71.03990      1055.51224            5.85        07:58:41        4.20e-02        2.00e+00
       29408662        71.03920      1056.51283            5.85        07:58:28        4.20e-02        2.00e+00
       29409706        71.03851      1057.51370            5.85        07:58:14        4.20e-02        2.00e+00
DEBUG @ t=29410000: current_coupling=0.042, last=0.042
       29410728        71.03794      1058.51374            5.85        07:57:59        4.20e-02        2.00e+00
       29411723        71.03696      1059.51432            5.85        07:57:43        4.20e-02        2.00e+00
       29412716        71.03587      1060.51493            5.85        07:57:27        4.20e-02        2.00e+00
       29413720        71.03499      1061.51579            5.85        07:57:11        4.20e-02        2.00e+00
       29414712        71.03419      1062.51647            5.85        07:56:55        4.20e-02        2.00e+00
       29415744        71.03390      1063.51702            5.85        07:56:40        4.20e-02        2.00e+00
       29416744        71.03370      1064.51767            5.85        07:56:24        4.20e-02        2.00e+00
       29417728        71.03319      1065.51802            5.85        07:56:08        4.20e-02        2.00e+00
       29418804        71.03215      1066.51886            5.85        07:55:54        4.20e-02        2.00e+00
       29419882        71.03062      1067.51981            5.85        07:55:41        4.20e-02        2.00e+00
DEBUG @ t=29420000: current_coupling=0.042, last=0.042
       29420879        71.02891      1068.52046            5.85        07:55:25        4.20e-02        2.00e+00
       29421835        71.02929      1069.52057            5.85        07:55:08        4.20e-02        2.00e+00
       29422793        71.02809      1070.52151            5.85        07:54:52        4.20e-02        2.00e+00
       29423799        71.02639      1071.52154            5.85        07:54:36        4.20e-02        2.00e+00
       29424791        71.02511      1072.52181            5.85        07:54:21        4.20e-02        2.00e+00
       29425795        71.02357      1073.52270            5.85        07:54:05        4.20e-02        2.00e+00
       29426832        71.02201      1074.52314            5.85        07:53:51        4.20e-02        2.00e+00
       29427886        71.02109      1075.52382            5.85        07:53:37        4.20e-02        2.00e+00
       29428886        71.02030      1076.52396            5.85        07:53:21        4.20e-02        2.00e+00
       29429953        71.01977      1077.52415            5.85        07:53:07        4.20e-02        2.00e+00
DEBUG @ t=29430000: current_coupling=0.042, last=0.042
       29430905        71.01900      1078.52449            5.85        07:52:50        4.20e-02        2.00e+00
       29431846        71.01867      1079.52456            5.85        07:52:33        4.20e-02        2.00e+00
       29432809        71.01866      1080.52462            5.85        07:52:16        4.20e-02        2.00e+00
       29433817        71.01844      1081.52522            5.85        07:52:00        4.20e-02        2.00e+00
       29434806        71.01845      1082.52548            5.85        07:51:44        4.20e-02        2.00e+00
       29435784        71.01851      1083.52625            5.85        07:51:27        4.20e-02        2.00e+00
       29436749        71.01804      1084.52694            5.85        07:51:10        4.20e-02        2.00e+00
       29437699        71.01752      1085.52776            5.85        07:50:53        4.20e-02        2.00e+00
       29438704        71.01781      1086.52804            5.85        07:50:38        4.20e-02        2.00e+00
       29439764        71.01796      1087.52870            5.85        07:50:23        4.20e-02        2.00e+00
DEBUG @ t=29440000: current_coupling=0.042, last=0.042
       29440798        71.01745      1088.52918            5.85        07:50:08        4.20e-02        2.00e+00
       29441750        71.01642      1089.52996            5.86        07:49:51        4.20e-02        2.00e+00
       29442757        71.01559      1090.52998            5.86        07:49:36        4.20e-02        2.00e+00
       29443781        71.01501      1091.53053            5.86        07:49:21        4.20e-02        2.00e+00
       29444768        71.01429      1092.53058            5.86        07:49:05        4.20e-02        2.00e+00
       29445751        71.01293      1093.53107            5.86        07:48:49        4.20e-02        2.00e+00
       29446824        71.01198      1094.53175            5.86        07:48:35        4.20e-02        2.00e+00
       29448004        71.01077      1095.53182            5.85        07:48:24        4.20e-02        2.00e+00
       29449033        71.00929      1096.53239            5.85        07:48:09        4.20e-02        2.00e+00
DEBUG @ t=29450000: current_coupling=0.042, last=0.042
       29450233        71.00779      1097.53271            5.85        07:47:59        4.20e-02        2.00e+00
       29451412        71.00624      1098.53275            5.85        07:47:48        4.20e-02        2.00e+00
       29452584        71.00498      1099.53326            5.85        07:47:37        4.20e-02        2.00e+00
       29453718        71.00350      1100.53384            5.85        07:47:25        4.20e-02        2.00e+00
       29454865        71.00180      1101.53448            5.85        07:47:13        4.20e-02        2.00e+00
       29455981        71.00113      1102.53473            5.85        07:47:00        4.20e-02        2.00e+00
       29457125        71.00119      1103.53537            5.85        07:46:48        4.20e-02        2.00e+00
       29458134        71.00155      1104.53581            5.85        07:46:32        4.20e-02        2.00e+00
       29459320        71.00160      1105.53649            5.85        07:46:20        4.20e-02        2.00e+00
DEBUG @ t=29460000: current_coupling=0.042, last=0.042
       29460304        71.00140      1106.53659            5.85        07:46:04        4.20e-02        2.00e+00
       29461467        71.00069      1107.53727            5.85        07:45:52        4.20e-02        2.00e+00
       29462417        70.99982      1108.53793            5.85        07:45:35        4.20e-02        2.00e+00
       29463375        70.99931      1109.53844            5.85        07:45:19        4.20e-02        2.00e+00
       29464317        70.99890      1110.53924            5.85        07:45:01        4.20e-02        2.00e+00
       29465437        70.99959      1111.53955            5.85        07:44:48        4.20e-02        2.00e+00
       29466473        70.99970      1112.54053            5.85        07:44:33        4.20e-02        2.00e+00
       29467476        70.99947      1113.54127            5.85        07:44:17        4.20e-02        2.00e+00
       29468518        70.99901      1114.54211            5.85        07:44:02        4.20e-02        2.00e+00
       29469626        70.99835      1115.54214            5.85        07:43:49        4.20e-02        2.00e+00
DEBUG @ t=29470000: current_coupling=0.042, last=0.042
       29470783        70.99726      1116.54234            5.85        07:43:37        4.20e-02        2.00e+00
       29471901        70.99636      1117.54299            5.85        07:43:25        4.20e-02        2.00e+00
       29473061        70.99555      1118.54362            5.85        07:43:13        4.20e-02        2.00e+00
       29474238        70.99423      1119.54432            5.85        07:43:02        4.20e-02        2.00e+00
       29475284        70.99305      1120.54515            5.85        07:42:47        4.20e-02        2.00e+00
       29476440        70.99216      1121.54547            5.85        07:42:35        4.20e-02        2.00e+00
       29477529        70.99061      1122.54619            5.85        07:42:22        4.20e-02        2.00e+00
       29478681        70.98883      1123.54653            5.85        07:42:10        4.20e-02        2.00e+00
       29479768        70.98690      1124.54702            5.85        07:41:57        4.20e-02        2.00e+00
DEBUG @ t=29480000: current_coupling=0.042, last=0.042
       29480872        70.98510      1125.54744            5.85        07:41:44        4.20e-02        2.00e+00
       29482075        70.98343      1126.54786            5.84        07:41:34        4.20e-02        2.00e+00
       29483042        70.98173      1127.54865            5.85        07:41:18        4.20e-02        2.00e+00
       29484153        70.98014      1128.54933            5.84        07:41:05        4.20e-02        2.00e+00
       29485076        70.97882      1129.54987            5.85        07:40:48        4.20e-02        2.00e+00
       29486275        70.97862      1130.55003            5.84        07:40:37        4.20e-02        2.00e+00
       29487219        70.97809      1131.55016            5.84        07:40:19        4.20e-02        2.00e+00
       29488343        70.97742      1132.55033            5.84        07:40:07        4.20e-02        2.00e+00
       29489289        70.97677      1133.55055            5.84        07:39:50        4.20e-02        2.00e+00
DEBUG @ t=29490000: current_coupling=0.042, last=0.042
       29490463        70.97676      1134.55138            5.84        07:39:38        4.20e-02        2.00e+00
       29491495        70.97807      1135.55146            5.84        07:39:22        4.20e-02        2.00e+00
       29492700        70.97864      1136.55174            5.84        07:39:11        4.20e-02        2.00e+00
       29493875        70.97854      1137.55202            5.84        07:38:59        4.20e-02        2.00e+00
       29494927        70.97827      1138.55297            5.84        07:38:44        4.20e-02        2.00e+00
       29495968        70.97714      1139.55385            5.84        07:38:30        4.20e-02        2.00e+00
       29497026        70.97704      1140.55390            5.84        07:38:15        4.20e-02        2.00e+00
       29498141        70.97733      1141.55432            5.84        07:38:02        4.20e-02        2.00e+00
       29499300        70.97649      1142.55523            5.84        07:37:50        4.20e-02        2.00e+00
DEBUG @ t=29500000: current_coupling=0.042, last=0.042
[HDF5 Writer DEBUG] timestep=29500000, current_time_ps=1143.215, last_output_time=1143.2094088135245, write_count=108976
       29500353        70.97516      1143.55569            5.84        07:37:35        4.20e-02        2.00e+00
       29501360        70.97438      1144.55610            5.84        07:37:20        4.20e-02        2.00e+00
       29502447        70.97318      1145.55700            5.84        07:37:06        4.20e-02        2.00e+00
       29503501        70.97223      1146.55717            5.84        07:36:52        4.20e-02        2.00e+00
       29504606        70.97151      1147.55758            5.84        07:36:39        4.20e-02        2.00e+00
       29505774        70.97006      1148.55834            5.84        07:36:27        4.20e-02        2.00e+00
       29506932        70.96895      1149.55880            5.84        07:36:15        4.20e-02        2.00e+00
       29507943        70.96732      1150.55909            5.84        07:36:00        4.20e-02        2.00e+00
       29509103        70.96615      1151.55927            5.84        07:35:48        4.20e-02        2.00e+00
DEBUG @ t=29510000: current_coupling=0.042, last=0.042
       29510204        70.96497      1152.55994            5.84        07:35:35        4.20e-02        2.00e+00
       29511354        70.96337      1153.56023            5.84        07:35:23        4.20e-02        2.00e+00
       29512437        70.96205      1154.56075            5.84        07:35:10        4.20e-02        2.00e+00
       29513373        70.96110      1155.56132            5.84        07:34:53        4.20e-02        2.00e+00
       29514342        70.95986      1156.56145            5.84        07:34:37        4.20e-02        2.00e+00
       29515394        70.95966      1157.56176            5.84        07:34:22        4.20e-02        2.00e+00
       29516370        70.95877      1158.56225            5.84        07:34:06        4.20e-02        2.00e+00
       29517345        70.95818      1159.56297            5.84        07:33:49        4.20e-02        2.00e+00
       29518374        70.95850      1160.56324            5.84        07:33:34        4.20e-02        2.00e+00
       29519632        70.95913      1161.56342            5.84        07:33:24        4.20e-02        2.00e+00
DEBUG @ t=29520000: current_coupling=0.042, last=0.042
       29520963        70.95993      1162.56371            5.84        07:33:15        4.20e-02        2.00e+00
       29521990        70.95950      1163.56391            5.84        07:33:00        4.20e-02        2.00e+00
       29523205        70.96082      1164.56421            5.84        07:32:48        4.20e-02        2.00e+00
       29524255        70.96041      1165.56444            5.84        07:32:33        4.20e-02        2.00e+00
       29525452        70.95929      1166.56544            5.84        07:32:22        4.20e-02        2.00e+00
       29526464        70.95952      1167.56612            5.84        07:32:06        4.20e-02        2.00e+00
       29527676        70.96083      1168.56636            5.84        07:31:55        4.20e-02        2.00e+00
       29528869        70.96030      1169.56714            5.83        07:31:43        4.20e-02        2.00e+00
DEBUG @ t=29530000: current_coupling=0.042, last=0.042
       29530133        70.95916      1170.56769            5.83        07:31:33        4.20e-02        2.00e+00
       29531152        70.95794      1171.56782            5.83        07:31:18        4.20e-02        2.00e+00
       29532388        70.95624      1172.56875            5.83        07:31:08        4.20e-02        2.00e+00
       29533391        70.95488      1173.56944            5.83        07:30:53        4.20e-02        2.00e+00
       29534550        70.95360      1174.56992            5.83        07:30:41        4.20e-02        2.00e+00
       29535701        70.95275      1175.57067            5.83        07:30:29        4.20e-02        2.00e+00
       29536804        70.95184      1176.57147            5.83        07:30:15        4.20e-02        2.00e+00
       29537871        70.95116      1177.57241            5.83        07:30:01        4.20e-02        2.00e+00
       29538891        70.95054      1178.57266            5.83        07:29:46        4.20e-02        2.00e+00
       29539977        70.95104      1179.57346            5.83        07:29:31        4.20e-02        2.00e+00
DEBUG @ t=29540000: current_coupling=0.042, last=0.042
       29541072        70.95008      1180.57403            5.83        07:29:18        4.20e-02        2.00e+00
       29542281        70.94883      1181.57413            5.83        07:29:07        4.20e-02        2.00e+00
       29543415        70.94800      1182.57438            5.83        07:28:54        4.20e-02        2.00e+00
       29544528        70.94688      1183.57512            5.83        07:28:41        4.20e-02        2.00e+00
       29545634        70.94587      1184.57540            5.83        07:28:28        4.20e-02        2.00e+00
       29546734        70.94516      1185.57615            5.83        07:28:14        4.20e-02        2.00e+00
       29547889        70.94493      1186.57640            5.83        07:28:02        4.20e-02        2.00e+00
       29548984        70.94453      1187.57665            5.83        07:27:48        4.20e-02        2.00e+00
DEBUG @ t=29550000: current_coupling=0.042, last=0.042
       29550003        70.94356      1188.57682            5.83        07:27:33        4.20e-02        2.00e+00
       29551061        70.94261      1189.57690            5.83        07:27:19        4.20e-02        2.00e+00
       29552090        70.94212      1190.57737            5.83        07:27:03        4.20e-02        2.00e+00
       29553172        70.94142      1191.57755            5.83        07:26:50        4.20e-02        2.00e+00
       29554280        70.94111      1192.57791            5.83        07:26:36        4.20e-02        2.00e+00
       29555360        70.94015      1193.57792            5.83        07:26:22        4.20e-02        2.00e+00
       29556503        70.93904      1194.57818            5.83        07:26:10        4.20e-02        2.00e+00
       29557577        70.93808      1195.57859            5.83        07:25:56        4.20e-02        2.00e+00
       29558629        70.93705      1196.57927            5.83        07:25:41        4.20e-02        2.00e+00
       29559714        70.93647      1197.58003            5.83        07:25:27        4.20e-02        2.00e+00
DEBUG @ t=29560000: current_coupling=0.042, last=0.042
       29560811        70.93664      1198.58007            5.83        07:25:13        4.20e-02        2.00e+00
       29561899        70.93615      1199.58071            5.83        07:24:59        4.20e-02        2.00e+00
Added F(k,t) reference 6 at t = 1200.004 ps
       29563015        70.93505      1200.58106            5.83        07:24:46        4.20e-02        2.00e+00
       29563939        70.93436      1201.58119            5.83        07:24:29        4.20e-02        2.00e+00
       29564855        70.93429      1202.58170            5.83        07:24:11        4.20e-02        2.00e+00
       29565903        70.93468      1203.58217            5.83        07:23:56        4.20e-02        2.00e+00
       29566975        70.93387      1204.58277            5.83        07:23:42        4.20e-02        2.00e+00
       29568019        70.93312      1205.58297            5.83        07:23:27        4.20e-02        2.00e+00
       29569071        70.93193      1206.58364            5.83        07:23:13        4.20e-02        2.00e+00
DEBUG @ t=29570000: current_coupling=0.042, last=0.042
       29570183        70.93087      1207.58415            5.83        07:23:00        4.20e-02        2.00e+00
       29571231        70.92946      1208.58417            5.83        07:22:45        4.20e-02        2.00e+00
       29572185        70.92812      1209.58446            5.83        07:22:29        4.20e-02        2.00e+00
       29573318        70.92680      1210.58542            5.83        07:22:16        4.20e-02        2.00e+00
       29574349        70.92550      1211.58584            5.83        07:22:02        4.20e-02        2.00e+00
       29575475        70.92444      1212.58670            5.83        07:21:49        4.20e-02        2.00e+00
       29576490        70.92355      1213.58696            5.83        07:21:33        4.20e-02        2.00e+00
       29577396        70.92281      1214.58760            5.83        07:21:16        4.20e-02        2.00e+00
       29578409        70.92194      1215.58823            5.83        07:21:01        4.20e-02        2.00e+00
       29579440        70.92136      1216.58874            5.83        07:20:45        4.20e-02        2.00e+00
DEBUG @ t=29580000: current_coupling=0.042, last=0.042
       29580421        70.92053      1217.58944            5.83        07:20:29        4.20e-02        2.00e+00
       29581471        70.91941      1218.58981            5.83        07:20:15        4.20e-02        2.00e+00
       29582394        70.91783      1219.59037            5.83        07:19:58        4.20e-02        2.00e+00
       29583377        70.91632      1220.59083            5.83        07:19:42        4.20e-02        2.00e+00
       29584363        70.91539      1221.59120            5.83        07:19:27        4.20e-02        2.00e+00
       29585386        70.91495      1222.59194            5.83        07:19:11        4.20e-02        2.00e+00
       29586356        70.91424      1223.59246            5.83        07:18:55        4.20e-02        2.00e+00
       29587338        70.91374      1224.59255            5.83        07:18:39        4.20e-02        2.00e+00
       29588369        70.91266      1225.59309            5.83        07:18:24        4.20e-02        2.00e+00
       29589322        70.91163      1226.59373            5.83        07:18:08        4.20e-02        2.00e+00
DEBUG @ t=29590000: current_coupling=0.042, last=0.042
       29590291        70.91050      1227.59401            5.83        07:17:52        4.20e-02        2.00e+00
       29591322        70.91024      1228.59430            5.83        07:17:36        4.20e-02        2.00e+00
       29592347        70.90988      1229.59454            5.83        07:17:21        4.20e-02        2.00e+00
       29593314        70.90868      1230.59535            5.83        07:17:05        4.20e-02        2.00e+00
       29594305        70.90820      1231.59572            5.83        07:16:49        4.20e-02        2.00e+00
       29595291        70.90744      1232.59616            5.83        07:16:33        4.20e-02        2.00e+00
       29596323        70.90704      1233.59648            5.83        07:16:18        4.20e-02        2.00e+00
       29597394        70.90639      1234.59673            5.83        07:16:04        4.20e-02        2.00e+00
       29598384        70.90608      1235.59760            5.83        07:15:48        4.20e-02        2.00e+00
       29599371        70.90533      1236.59789            5.83        07:15:32        4.20e-02        2.00e+00
DEBUG @ t=29600000: current_coupling=0.042, last=0.042
[HDF5 Writer DEBUG] timestep=29600000, current_time_ps=1237.281, last_output_time=1237.2769068482364, write_count=117986
       29600297        70.90407      1237.59804            5.83        07:15:15        4.20e-02        2.00e+00
       29601290        70.90279      1238.59866            5.83        07:15:00        4.20e-02        2.00e+00
       29602194        70.90156      1239.59878            5.83        07:14:43        4.20e-02        2.00e+00
       29603181        70.90066      1240.59901            5.83        07:14:27        4.20e-02        2.00e+00
       29604183        70.90057      1241.59934            5.83        07:14:11        4.20e-02        2.00e+00
       29605194        70.90155      1242.59990            5.83        07:13:55        4.20e-02        2.00e+00
       29606251        70.90148      1243.60052            5.83        07:13:40        4.20e-02        2.00e+00
       29607281        70.90030      1244.60132            5.83        07:13:26        4.20e-02        2.00e+00
       29608296        70.89907      1245.60189            5.83        07:13:10        4.20e-02        2.00e+00
       29609323        70.89777      1246.60192            5.83        07:12:56        4.20e-02        2.00e+00
DEBUG @ t=29610000: current_coupling=0.042, last=0.042
       29610351        70.89670      1247.60244            5.83        07:12:41        4.20e-02        2.00e+00
       29611374        70.89563      1248.60311            5.83        07:12:26        4.20e-02        2.00e+00
       29612373        70.89490      1249.60349            5.83        07:12:10        4.20e-02        2.00e+00
       29613352        70.89398      1250.60421            5.83        07:11:54        4.20e-02        2.00e+00
       29614344        70.89337      1251.60469            5.83        07:11:39        4.20e-02        2.00e+00
       29615317        70.89310      1252.60563            5.83        07:11:22        4.20e-02        2.00e+00
2025-11-06 17:11:35 | ERROR | CRITICAL ERROR in simulation: Unable to synchronously flush file (file write failed: time = Thu Nov  6 17:11:35 2025
, filename = 'observables_replica_315.h5', file descriptor = 4, errno = 122, error message = 'Disk quota exceeded', buf = 0x561cf3a3e730, total write size = 3935, bytes this sub-write = 3935, offset = 855637913)
2025-11-06 17:11:35 | ERROR | Full traceback:
2025-11-06 17:11:35 | ERROR | Traceback (most recent call last):
2025-11-06 17:11:35 | ERROR |   File "/scratch/mh7373/micromamba/envs/hoomd/lib/python3.12/site-packages/hoomd/cavitymd/simulation/core.py", line 4753, in run
2025-11-06 17:11:35 | ERROR |     self.run_simulation()
2025-11-06 17:11:35 | ERROR |   File "/scratch/mh7373/micromamba/envs/hoomd/lib/python3.12/site-packages/hoomd/cavitymd/simulation/core.py", line 4807, in run_simulation
2025-11-06 17:11:35 | ERROR |     self.sim.run(total_steps, write_at_start=True)
2025-11-06 17:11:35 | ERROR |   File "/scratch/mh7373/micromamba/envs/hoomd/lib/python3.12/site-packages/hoomd/simulation.py", line 561, in run
2025-11-06 17:11:35 | ERROR |     self._cpp_sys.run(steps_int, write_at_start)
2025-11-06 17:11:35 | ERROR |   File "/scratch/mh7373/micromamba/envs/hoomd/lib/python3.12/site-packages/hoomd/cavitymd/data.py", line 528, in act
2025-11-06 17:11:35 | ERROR |     self.file.flush()
2025-11-06 17:11:35 | ERROR |   File "/scratch/mh7373/micromamba/envs/hoomd/lib/python3.12/site-packages/h5py/_hl/files.py", line 639, in flush
2025-11-06 17:11:35 | ERROR |     h5f.flush(self.id)
2025-11-06 17:11:35 | ERROR |   File "h5py/_objects.pyx", line 56, in h5py._objects.with_phil.wrapper
2025-11-06 17:11:35 | ERROR |   File "h5py/_objects.pyx", line 57, in h5py._objects.with_phil.wrapper
2025-11-06 17:11:35 | ERROR |   File "h5py/h5f.pyx", line 159, in h5py.h5f.flush
2025-11-06 17:11:35 | ERROR | RuntimeError: Unable to synchronously flush file (file write failed: time = Thu Nov  6 17:11:35 2025
2025-11-06 17:11:35 | ERROR | , filename = 'observables_replica_315.h5', file descriptor = 4, errno = 122, error message = 'Disk quota exceeded', buf = 0x561cf3a3e730, total write size = 3935, bytes this sub-write = 3935, offset = 855637913)
2025-11-06 17:11:35 | INFO | Cleanup initiated...
2025-11-06 17:11:35 | INFO | Closing HDF5 observable writer...
2025-11-06 17:11:35 | ERROR | Error closing HDF5 writer: Unable to synchronously flush file (file write failed: time = Thu Nov  6 17:11:35 2025
, filename = 'observables_replica_315.h5', file descriptor = 4, errno = 122, error message = 'Disk quota exceeded', buf = 0x561cf3a49d30, total write size = 3935, bytes this sub-write = 3935, offset = 855637913)
DEBUG: Cleanup called - checking for fkt_tracker
DEBUG: No fkt_tracker found or it's None
2025-11-06 17:11:35 | INFO | Returned to original directory: /scratch/mh7373/cav-hoomd/new_final_offres
2025-11-06 17:11:35 | INFO | Cleanup completed
ERROR: Replica 315 failed (coupling: 4.200000e-02 a.u.)

==================================================
Execution Summary
==================================================
Coupling constant used: 4.200000e-02 a.u.
Total replicas: 1
Successful: 0
Failed: 1
Wall time: 18567.23 seconds

WARNING: 1 replicas failed - check individual logs for details
✗ FAILED: DEBUG task 315
