SLURM Job ID: 1642101
SLURM Array Task ID: 177
Using frequency: 2060 cm-1
Fixed coupling strength (lambda): 0.042 (dimensionless)
Frame will be automatically set to: 177
Advanced Cavity MD Experiment Runner
==================================================
SLURM array job detected: Task 177 (Job 1642101)

*** COUPLING CONSTANT: 4.200000e-02 a.u. ***

Simulation Configuration:
  Cavity coupling: Enabled
    Coupling strength: 4.200000e-02 a.u.
    Frequency: 2060.0 cm⁻¹
    Finite-q mode: False
    Cavity thermostat: langevin
  Molecular thermostat: bussi
  Temperature: 100.0 K
  Runtime: 3000.0 ps
  Device: CPU
  Random seed: 0
  Velocity restart: Enabled - thermalizing velocities
  Momentum zeroing: Disabled

Starting execution for 1 replica(s)...
==================================================

Running replica 177...
>>> Will use FRAME 177 from init-0.gsd for this replica <<<
Running experiment:
  Cavity coupling: Enabled
  *** COUPLING STRENGTH: 4.200000e-02 a.u. ***
  Switch time: 200.0 ps
  Decay: None (step function)
  Damping ratio (zeta): 0.0
  Calculated dissipation (c): 0.0000e+00 a.u.
  Molecular thermostat: bussi
  Cavity thermostat: langevin
  Finite-q mode: False
  Replica: 177
  Frame: 177
  Output directory: coupling_420000e-07_freq_2060.0cm1_switch_200.0ps
  *** READING FRAME 177 FROM /scratch/mh7373/cav-hoomd/new_final_offres/init-0.gsd ***
  ✓ Successfully initialized simulation from frame 177
  ✓ Input file: /scratch/mh7373/cav-hoomd/new_final_offres/init-0.gsd
  ✓ Replica 177 ready to run...
2025-11-06 12:01:30 | INFO | ============================================================
2025-11-06 12:01:30 | INFO | CAVITY MD SIMULATION STARTED
2025-11-06 12:01:30 | INFO | ============================================================
2025-11-06 12:01:30 | INFO | Simulation: prod-177
2025-11-06 12:01:30 | INFO | Device: CPU
2025-11-06 12:01:30 | INFO | Runtime: 3000.0 ps
2025-11-06 12:01:30 | INFO | Temperature: 100.0 K
2025-11-06 12:01:30 | INFO | Random seed: 0
2025-11-06 12:01:30 | INFO | Cavity coupling: Enabled
2025-11-06 12:01:30 | INFO |   Frequency: 2060.0 cm^-1
2025-11-06 12:01:30 | INFO |   Lambda coupling: 0.042
2025-11-06 12:01:30 | INFO |   Epsilon (lambda * omega_c): 3.942141e-04 a.u.
2025-11-06 12:01:30 | INFO |   Finite-q mode: False
2025-11-06 12:01:30 | INFO | Molecular thermostat: bussi (tau=1.0 ps)
2025-11-06 12:01:30 | INFO | Cavity thermostat: langevin (tau=1.0 ps)
2025-11-06 12:01:30 | INFO | ============================================================
2025-11-06 12:01:30 | INFO | === Phase 1: Setting up simulation ===
2025-11-06 12:01:30 | INFO | Using default timestep for calculations: 0.0001 ps
2025-11-06 12:01:30 | INFO | Time conversions:
2025-11-06 12:01:30 | INFO |   Timestep: 0.0001 ps = 4.134138 a.u.
2025-11-06 12:01:30 | INFO |   Runtime: 3000.0 ps = 30000000 steps
2025-11-06 12:01:30 | INFO |   Steps per ps: 10000.0
2025-11-06 12:01:30 | INFO | Output periods (steps):
2025-11-06 12:01:30 | INFO |   Energy: 100 (0.010 ps)
2025-11-06 12:01:30 | INFO |   F(k,t): 10000 (1.000 ps)
2025-11-06 12:01:30 | INFO |   GSD: 10000 (1.000 ps)
2025-11-06 12:01:30 | INFO |   Console: 10000 (1.000 ps)
2025-11-06 12:01:30 | INFO | Initializing simulation on CPU
2025-11-06 12:01:30 | INFO | Using user-specified seed: 0
2025-11-06 12:01:30 | INFO | Cavity particle already exists in GSD file (1 found)
2025-11-06 12:01:30 | INFO | Simulation state created from original GSD file with existing cavity particle
2025-11-06 12:01:30 | INFO | Cavity particle validated at index 500, position HOOMDArray([0.29860061 8.49242878 3.28272247])
2025-11-06 12:01:30 | INFO | === Phase 1.5: Setting up time tracker ===
2025-11-06 12:01:30 | INFO | === Phase 2: Configuring forces and thermostats ===
2025-11-06 12:01:30 | INFO | Using lambda_coupling=0.042 (will be scaled by omega_c=0.009386 a.u.)
2025-11-06 12:01:30 | INFO | Using constant coupling: lambda=0.042, epsilon=3.942141e-04 a.u.
CavityForce initialized using cpp implementation
  Using constant lambda coupling: 0.042 (dimensionless)
  Effective epsilon: 3.942141e-04 a.u.
2025-11-06 12:01:30 | INFO | Thermostat time constant conversions:
2025-11-06 12:01:30 | INFO |   Molecular: 1.000 ps = 41341.378917 a.u.
2025-11-06 12:01:30 | INFO |   Cavity: 1.000 ps = 41341.378917 a.u.
2025-11-06 12:01:30 | INFO | Running molecular system with Bussi thermostat (NVT ensemble)
2025-11-06 12:01:30 | INFO | Molecular Bussi thermostat configured: T = 100.0 K, kT = 0.000317 a.u., tau = 1.000 ps
2025-11-06 12:01:30 | INFO | Running cavity with Langevin thermostat
2025-11-06 12:01:30 | INFO | Cavity Langevin thermostat configured: T = 100.0 K, kT = 0.000317 a.u.
2025-11-06 12:01:30 | INFO |   base_gamma = 0.000024 a.u.^-1 (tau = 1.000 ps)
2025-11-06 12:01:30 | INFO |   effective_gamma = 0.000024 a.u.^-1 (damping_factor = 1.0x)
2025-11-06 12:01:30 | INFO | === Phase 3: Setting up integrator and thermalization ===
2025-11-06 12:01:30 | INFO | Integrator configured with initial dt = 4.134138 a.u. (0.000100 ps)
2025-11-06 12:01:30 | INFO | Number of integration methods: 2
2025-11-06 12:01:30 | INFO | CavityParticleDisplacer not needed (constant coupling or q=0 mode)
2025-11-06 12:01:30 | INFO | Using seed 1 for thermalization randomness
2025-11-06 12:01:30 | INFO | Thermalized molecular particles using HOOMD State object
2025-11-06 12:01:30 | INFO | Cavity particle manually thermalized:
2025-11-06 12:01:30 | INFO |   Target temperature: 100.0 K
2025-11-06 12:01:30 | INFO |   Initial velocity: [ 0.02890696 -0.01088686 -0.00939938]
2025-11-06 12:01:30 | INFO |   Expected KE: 0.000521 a.u.
2025-11-06 12:01:30 | INFO |   Expected temperature: 109.7 K
2025-11-06 12:01:30 | INFO |   Using array module: numpy
2025-11-06 12:01:30 | INFO | Checking molecular system temperature after thermalization:
2025-11-06 12:01:30 | INFO |   Number of molecular particles: 500
2025-11-06 12:01:30 | INFO |   Total kinetic energy: 0.243878 a.u.
2025-11-06 12:01:30 | INFO |   Current temperature: 102.7 K
2025-11-06 12:01:30 | INFO | Thermalization completed - velocities properly initialized
2025-11-06 12:01:30 | INFO | === Phase 4: Setting up trackers and loggers ===
2025-11-06 12:01:30 | INFO | Setting up adaptive timestep updater (error_tolerance = 2.0)
Dynamic coupling change detection enabled
Coupling change threshold: ±1.00e-05 a.u.
Shock dampening: error_tolerance drops to 2.00e-10 (factor: 1.00e-10)
Recovery: exponential ramp to 2.00e+00 with τ = 1000.0 ps
Conservative timestep parameters:
  Change threshold: 10.0%
  Max change factor: 1.5
  Min update interval: 1000 steps
  Switch detection tolerance: 0.001 ps
2025-11-06 12:01:30 | INFO | Adaptive timestep updater enabled (check every 1 steps)
CavityForceCompute initialized: omegac=0.00938605 a.u., lambda_coupling=0.042 (dimensionless, from variant), K=8.80979e-05 a.u.
CPU CavityForceCompute initialized successfully
notice(2): charge.pppm: RMS error: 2.31675e-08
NOTICE: Starting from inherited timestep 21400000
  Elapsed time will start from 0, not from inherited simulation time
DEBUG @ t=21400000: current_coupling=0.042, last=None
DEBUG: First coupling check - stored value: 0.042
2025-11-06 12:01:30 | INFO |   Added detailed BussiReservoir energy tracking for method 0
2025-11-06 12:01:30 | INFO |   Added energy tracking for cavityforce
2025-11-06 12:01:30 | INFO |   Added detailed cavity energy components
2025-11-06 12:01:30 | INFO |   Added energy tracking for harmonic
2025-11-06 12:01:30 | INFO |   Added energy tracking for lj
2025-11-06 12:01:30 | INFO |   Added energy tracking for ewald
2025-11-06 12:01:30 | INFO |   Added energy tracking for coulomb
2025-11-06 12:01:30 | INFO | Energy tracking setup completed: 0 methods, 5 forces
2025-11-06 12:01:30 | INFO | Setting up energy tracker with output file: prod-177_energy_tracker.txt
2025-11-06 12:01:30 | INFO | Energy tracker configuration:
2025-11-06 12:01:30 | INFO |   Using time-based output: 0.010 ps
2025-11-06 12:01:30 | INFO |   Max output time: 250.000 ps
2025-11-06 12:01:30 | INFO | Energy tracker configuration:
2025-11-06 12:01:30 | INFO |   Force objects: ['cavity', 'harmonic', 'lj', 'ewald_short', 'ewald_long']
2025-11-06 12:01:30 | INFO |   Thermostat objects: ['bussi_molecular', 'langevin_cavity']
2025-11-06 12:01:30 | INFO |   Using internal kinetic computation (no external tracker needed)
2025-11-06 12:01:30 | INFO |  Energy tracker setup completed with time-based output:
2025-11-06 12:01:30 | INFO |   Output period: 0.010 ps (accurate timing)
2025-11-06 12:01:30 | INFO |   Tracker handles timing internally using ElapsedTimeTracker
2025-11-06 12:01:30 | INFO |   Output limited to 250.000 ps
2025-11-06 12:01:30 | INFO | Setting up F(k,t) density correlation tracker
2025-11-06 12:01:30 | INFO |   k magnitude: 1.00
2025-11-06 12:01:30 | INFO |   Number of wavevectors: 50
2025-11-06 12:01:30 | INFO |   Reference interval: 200.000 ps
2025-11-06 12:01:30 | INFO |   Max references: 20
2025-11-06 12:01:30 | INFO |   Output period: 1.000 ps
2025-11-06 12:01:30 | INFO |   Using time-based reference intervals for adaptive timestep compatibility
2025-11-06 12:01:30 | INFO |   Reference interval: 200.000 ps
2025-11-06 12:01:30 | INFO |   Trigger period: 1 step
2025-11-06 12:01:30 | INFO |   Logarithmic time spacing: DISABLED (regular spacing)
FieldAutocorrelationTracker initialized for density_correlation
  k-magnitude: 1.0
  Wavevectors: 50
  Reference interval: 200.0 ps
  Max references: 20
2025-11-06 12:01:30 | INFO |  F(k,t) tracker successfully enabled with time-based output:
2025-11-06 12:01:30 | INFO |   Output period: 1.000 ps (accurate timing)
2025-11-06 12:01:30 | INFO |   Reference interval: 200.000 ps
2025-11-06 12:01:30 | INFO |   Tracker handles timing internally using ElapsedTimeTracker
2025-11-06 12:01:30 | INFO | Setting up dipole autocorrelation tracker...
2025-11-06 12:01:30 | INFO |   Reference interval: 200.000 ps
2025-11-06 12:01:30 | INFO |   Max references: 20
2025-11-06 12:01:30 | INFO |   Output period: 0.010 ps
2025-11-06 12:01:30 | INFO |   Using time-based reference intervals for adaptive timestep compatibility
2025-11-06 12:01:30 | INFO |   Reference interval: 200.000 ps
2025-11-06 12:01:30 | INFO |   Trigger period: 1 step
2025-11-06 12:01:30 | WARNING | Could not set up dipole autocorrelation tracker: Can't instantiate abstract class AutocorrelationTracker without an implementation for abstract method 'act'
2025-11-06 12:01:30 | INFO | Momentum zeroing disabled
2025-11-06 12:01:30 | INFO |  TRACKING AND LOGGING SETUP COMPLETED:
2025-11-06 12:01:30 | INFO |   All output systems now use precise time-based periods
2025-11-06 12:01:30 | INFO |  Comprehensive temperature tracker enabled
2025-11-06 12:01:30 | INFO |   Output file: temperature_tracker_replica_177.csv
2025-11-06 12:01:30 | INFO |   Output period: 0.1 ps
2025-11-06 12:01:30 | INFO |   Tracking: kinetic, harmonic fictive, LJ+Coul fictive, cavity bath, molecular bath
2025-11-06 12:01:30 | INFO |   Empirical data: None (LJ+Coul fictive temp will be 0)
2025-11-06 12:01:30 | INFO | 
============================================================
2025-11-06 12:01:30 | INFO | HDF5 OBSERVABLE OUTPUT CONFIGURATION
2025-11-06 12:01:30 | INFO | ============================================================
2025-11-06 12:01:30 | INFO | Output file: observables_replica_177.h5
2025-11-06 12:01:30 | INFO | Output period: 0.010 ps
2025-11-06 12:01:30 | INFO | SWMR mode: Enabled (concurrent read access)
2025-11-06 12:01:30 | INFO | ============================================================

✓ HDF5 file structure created: observables_replica_177.h5
ObservableWriter initialized:
  Output file: observables_replica_177.h5
  Output period: 0.01 ps
  Chunk size: 1000
  Compression: gzip
  SWMR mode: True
  Flush interval: 10
✓ Energy tracker registered (18 components)
2025-11-06 12:01:30 | INFO |   Registered energy tracker for HDF5 output
✓ Temperature tracker registered (6 components)
2025-11-06 12:01:30 | INFO |   Registered temperature tracker for HDF5 output
2025-11-06 12:01:30 | INFO | ✓ HDF5 observable output enabled

2025-11-06 12:01:30 | INFO | Advanced features enabled: detailed energy tracking (0.010 ps), F(k,t) density correlation (1.000 ps, k=1.0), dipole autocorrelation (0.010 ps), adaptive timestep control, comprehensive temperature tracker (0.1 ps), HDF5 observable output (0.010 ps)
2025-11-06 12:01:30 | INFO | Console output: 1.000 ps periods (time-based)
2025-11-06 12:01:30 | INFO |   Works accurately for both adaptive and fixed timestep modes
2025-11-06 12:01:30 | INFO | DEBUG: PID controller NOT enabled (enable_pid_controller=False)
2025-11-06 12:01:30 | INFO | === Phase 5: Setting up output writers ===
2025-11-06 12:01:30 | INFO | GSD output setup for adaptive timestep mode:
2025-11-06 12:01:30 | INFO |   GSD trigger: every 1000 steps (target: 1.000 ps)
2025-11-06 12:01:30 | INFO |   Note: GSD timing may vary slightly due to adaptive timestep changes
2025-11-06 12:01:30 | INFO | GSD writer added for file: prod-177.gsd
2025-11-06 12:01:30 | INFO |   GSD output period: 1.000 ps
2025-11-06 12:01:30 | INFO |   GSD truncate mode: False (append to existing file)
2025-11-06 12:01:30 | INFO |  Console output setup completed:
2025-11-06 12:01:30 | INFO |   Output period: 1.000 ps (accurate time-based)
2025-11-06 12:01:30 | INFO |   Lambda coupling column: 4.200000e-02 (dimensionless) (displayed in real-time)
2025-11-06 12:01:30 | INFO |   Console tracker handles timing internally using ElapsedTimeTracker
2025-11-06 12:01:30 | INFO |   Works accurately for both adaptive and fixed timestep modes
2025-11-06 12:01:30 | INFO |  FIXED: Console output now uses precise time-based logic
2025-11-06 12:01:30 | INFO |   Both console and energy tracker use accurate timing
2025-11-06 12:01:30 | INFO |   GSD output timing may vary slightly but is less critical
2025-11-06 12:01:30 | INFO | === Phase 6: Running simulation ===
2025-11-06 12:01:30 | INFO | Starting adaptive timestep simulation for 3000.0 ps
2025-11-06 12:01:30 | INFO | Using max steps: 999999999 (will exit when runtime reached)
2025-11-06 12:01:30 | INFO | Initial timestep: 35.987764 a.u. (0.871 fs)
2025-11-06 12:01:30 | INFO | Timestep will adapt dynamically (error_tolerance = 2.0)
Added F(k,t) reference 0 at t = 0.001 ps
[HDF5 Writer DEBUG] timestep=21400001, current_time_ps=0.001, last_output_time=None, write_count=0
[HDF5 Writer DEBUG] Writing data point 0 at time 0.001 ps
[HDF5 Writer DEBUG] timestep=21400002, current_time_ps=0.002, last_output_time=0.000870502256349475, write_count=1
[HDF5 Writer DEBUG] Skipping output: not time yet (current=0.002, last=0.000870502256349475, period=0.01)
[HDF5 Writer DEBUG] timestep=21400003, current_time_ps=0.003, last_output_time=0.000870502256349475, write_count=1
[HDF5 Writer DEBUG] Skipping output: not time yet (current=0.003, last=0.000870502256349475, period=0.01)
[HDF5 Writer DEBUG] timestep=21400004, current_time_ps=0.003, last_output_time=0.000870502256349475, write_count=1
[HDF5 Writer DEBUG] Skipping output: not time yet (current=0.003, last=0.000870502256349475, period=0.01)
[HDF5 Writer DEBUG] timestep=21400005, current_time_ps=0.004, last_output_time=0.000870502256349475, write_count=1
[HDF5 Writer DEBUG] Skipping output: not time yet (current=0.004, last=0.000870502256349475, period=0.01)
[HDF5 Writer DEBUG] timestep=21400006, current_time_ps=0.005, last_output_time=0.000870502256349475, write_count=1
[HDF5 Writer DEBUG] Skipping output: not time yet (current=0.005, last=0.000870502256349475, period=0.01)
[HDF5 Writer DEBUG] timestep=21400007, current_time_ps=0.006, last_output_time=0.000870502256349475, write_count=1
[HDF5 Writer DEBUG] Skipping output: not time yet (current=0.006, last=0.000870502256349475, period=0.01)
[HDF5 Writer DEBUG] timestep=21400008, current_time_ps=0.007, last_output_time=0.000870502256349475, write_count=1
[HDF5 Writer DEBUG] Skipping output: not time yet (current=0.007, last=0.000870502256349475, period=0.01)
[HDF5 Writer DEBUG] timestep=21400009, current_time_ps=0.008, last_output_time=0.000870502256349475, write_count=1
[HDF5 Writer DEBUG] Skipping output: not time yet (current=0.008, last=0.000870502256349475, period=0.01)
[HDF5 Writer DEBUG] timestep=21400010, current_time_ps=0.009, last_output_time=0.000870502256349475, write_count=1
[HDF5 Writer DEBUG] Skipping output: not time yet (current=0.009, last=0.000870502256349475, period=0.01)
[HDF5 Writer DEBUG] timestep=21400011, current_time_ps=0.010, last_output_time=0.000870502256349475, write_count=1
[HDF5 Writer DEBUG] Skipping output: not time yet (current=0.010, last=0.000870502256349475, period=0.01)
[HDF5 Writer DEBUG] timestep=21400012, current_time_ps=0.010, last_output_time=0.000870502256349475, write_count=1
[HDF5 Writer DEBUG] Skipping output: not time yet (current=0.010, last=0.000870502256349475, period=0.01)
[HDF5 Writer DEBUG] timestep=21400013, current_time_ps=0.011, last_output_time=0.000870502256349475, write_count=1
[HDF5 Writer DEBUG] Writing data point 1 at time 0.011 ps
[HDF5 Writer DEBUG] timestep=21400014, current_time_ps=0.012, last_output_time=0.011316529332543174, write_count=2
[HDF5 Writer DEBUG] Skipping output: not time yet (current=0.012, last=0.011316529332543174, period=0.01)
[HDF5 Writer DEBUG] timestep=21400015, current_time_ps=0.013, last_output_time=0.011316529332543174, write_count=2
[HDF5 Writer DEBUG] Skipping output: not time yet (current=0.013, last=0.011316529332543174, period=0.01)
[HDF5 Writer DEBUG] timestep=21400016, current_time_ps=0.014, last_output_time=0.011316529332543174, write_count=2
[HDF5 Writer DEBUG] Skipping output: not time yet (current=0.014, last=0.011316529332543174, period=0.01)
[HDF5 Writer DEBUG] timestep=21400017, current_time_ps=0.015, last_output_time=0.011316529332543174, write_count=2
[HDF5 Writer DEBUG] Skipping output: not time yet (current=0.015, last=0.011316529332543174, period=0.01)
[HDF5 Writer DEBUG] timestep=21400018, current_time_ps=0.016, last_output_time=0.011316529332543174, write_count=2
[HDF5 Writer DEBUG] Skipping output: not time yet (current=0.016, last=0.011316529332543174, period=0.01)
[HDF5 Writer DEBUG] timestep=21400019, current_time_ps=0.017, last_output_time=0.011316529332543174, write_count=2
[HDF5 Writer DEBUG] Skipping output: not time yet (current=0.017, last=0.011316529332543174, period=0.01)
[HDF5 Writer DEBUG] timestep=21400020, current_time_ps=0.017, last_output_time=0.011316529332543174, write_count=2
[HDF5 Writer DEBUG] Skipping output: not time yet (current=0.017, last=0.011316529332543174, period=0.01)
[HDF5 Writer DEBUG] timestep=21400021, current_time_ps=0.018, last_output_time=0.011316529332543174, write_count=2
[HDF5 Writer DEBUG] Skipping output: not time yet (current=0.018, last=0.011316529332543174, period=0.01)
[HDF5 Writer DEBUG] timestep=21400022, current_time_ps=0.019, last_output_time=0.011316529332543174, write_count=2
[HDF5 Writer DEBUG] Skipping output: not time yet (current=0.019, last=0.011316529332543174, period=0.01)
[HDF5 Writer DEBUG] timestep=21400023, current_time_ps=0.020, last_output_time=0.011316529332543174, write_count=2
[HDF5 Writer DEBUG] Skipping output: not time yet (current=0.020, last=0.011316529332543174, period=0.01)
[HDF5 Writer DEBUG] timestep=21400024, current_time_ps=0.021, last_output_time=0.011316529332543174, write_count=2
[HDF5 Writer DEBUG] Skipping output: not time yet (current=0.021, last=0.011316529332543174, period=0.01)
[HDF5 Writer DEBUG] timestep=21400025, current_time_ps=0.022, last_output_time=0.011316529332543174, write_count=2
[HDF5 Writer DEBUG] Writing data point 2 at time 0.022 ps
✓ SWMR mode enabled - file can now be read concurrently
Simulation.timestep  Simulation.tps Time.elapsed_ps Performance.ns_per_day Performance.eta   Cavity.lambda Adaptive.error_tolerance
       21401163        68.50913         1.00060            5.01        14:22:47        4.20e-02        2.00e+00
       21402442        68.62438         2.00133            4.82        14:55:49        4.20e-02        2.00e+00
       21403624        68.63522         3.00192            4.88        14:43:29        4.20e-02        2.00e+00
       21404744        68.65853         4.00218            4.98        14:25:45        4.20e-02        2.00e+00
       21405908        68.67027         5.00289            5.01        14:21:22        4.20e-02        2.00e+00
       21407131        68.68649         6.00315            4.98        14:25:26        4.20e-02        2.00e+00
       21408305        68.73634         7.00315            5.00        14:22:44        4.20e-02        2.00e+00
       21409530        69.08921         8.00366            5.00        14:21:16        4.20e-02        2.00e+00
DEBUG @ t=21410000: current_coupling=0.042, last=0.042
       21410663        69.23307         9.00392            5.04        14:14:20        4.20e-02        2.00e+00
       21411854        69.32531        10.00431            5.05        14:13:12        4.20e-02        2.00e+00
       21413032        69.41797        11.00473            5.06        14:11:10        4.20e-02        2.00e+00
       21414176        69.53158        12.00500            5.08        14:06:58        4.20e-02        2.00e+00
       21415404        69.56713        13.00527            5.07        14:08:44        4.20e-02        2.00e+00
       21416590        69.70944        14.00601            5.08        14:06:40        4.20e-02        2.00e+00
       21417895        69.70816        15.00626            5.04        14:12:03        4.20e-02        2.00e+00
       21419172        69.73925        16.00651            5.03        14:15:04        4.20e-02        2.00e+00
DEBUG @ t=21420000: current_coupling=0.042, last=0.042
       21420387        69.72705        17.00659            5.02        14:15:36        4.20e-02        2.00e+00
       21421554        69.68997        18.00670            5.03        14:14:27        4.20e-02        2.00e+00
       21422739        69.70768        19.00670            5.03        14:13:28        4.20e-02        2.00e+00
       21424013        69.71783        20.00744            5.01        14:15:45        4.20e-02        2.00e+00
       21425093        69.69503        21.00745            5.04        14:11:38        4.20e-02        2.00e+00
       21426199        69.67677        22.00761            5.05        14:08:40        4.20e-02        2.00e+00
       21427394        69.65831        23.00827            5.05        14:08:41        4.20e-02        2.00e+00
       21428507        69.63360        24.00832            5.06        14:06:22        4.20e-02        2.00e+00
       21429625        69.59960        25.00877            5.07        14:04:29        4.20e-02        2.00e+00
DEBUG @ t=21430000: current_coupling=0.042, last=0.042
       21430781        69.58861        26.00959            5.08        14:03:30        4.20e-02        2.00e+00
       21432042        69.58220        27.01016            5.06        14:05:18        4.20e-02        2.00e+00
       21433288        69.60690        28.01096            5.06        14:06:11        4.20e-02        2.00e+00
       21434314        69.58240        29.01181            5.08        14:02:11        4.20e-02        2.00e+00
       21435256        69.55235        30.01247            5.11        13:56:31        4.20e-02        2.00e+00
       21436311        69.52937        31.01295            5.13        13:53:44        4.20e-02        2.00e+00
       21437397        69.52951        32.01362            5.14        13:51:32        4.20e-02        2.00e+00
       21438422        69.50397        33.01391            5.16        13:48:27        4.20e-02        2.00e+00
       21439648        69.48943        34.01425            5.15        13:49:37        4.20e-02        2.00e+00
DEBUG @ t=21440000: current_coupling=0.042, last=0.042
       21440704        69.47324        35.01474            5.16        13:47:17        4.20e-02        2.00e+00
       21441895        69.45812        36.01476            5.16        13:47:44        4.20e-02        2.00e+00
       21443194        69.44380        37.01497            5.14        13:50:13        4.20e-02        2.00e+00
       21444386        69.43649        38.01559            5.14        13:50:28        4.20e-02        2.00e+00
       21445549        69.43069        39.01656            5.14        13:50:09        4.20e-02        2.00e+00
       21446655        69.42256        40.01718            5.14        13:48:51        4.20e-02        2.00e+00
       21448017        69.43292        41.01726            5.12        13:51:50        4.20e-02        2.00e+00
       21449150        69.45278        42.01789            5.13        13:50:39        4.20e-02        2.00e+00
DEBUG @ t=21450000: current_coupling=0.042, last=0.042
       21450501        69.46966        43.01863            5.11        13:53:09        4.20e-02        2.00e+00
       21451860        69.47970        44.01917            5.09        13:55:42        4.20e-02        2.00e+00
       21453106        69.47875        45.02001            5.09        13:56:29        4.20e-02        2.00e+00
       21454255        69.47880        46.02056            5.09        13:55:42        4.20e-02        2.00e+00
       21455727        69.47607        47.02117            5.06        13:59:51        4.20e-02        2.00e+00
       21456932        69.48717        48.02123            5.06        13:59:43        4.20e-02        2.00e+00
       21458075        69.49849        49.02134            5.07        13:58:41        4.20e-02        2.00e+00
       21459387        69.53369        50.02212            5.06        13:59:45        4.20e-02        2.00e+00
DEBUG @ t=21460000: current_coupling=0.042, last=0.042
       21460566        69.54556        51.02250            5.06        13:59:12        4.20e-02        2.00e+00
       21461986        69.63474        52.02307            5.05        14:00:59        4.20e-02        2.00e+00
       21463138        69.64072        53.02342            5.05        14:00:05        4.20e-02        2.00e+00
       21464581        69.65808        54.02358            5.03        14:02:53        4.20e-02        2.00e+00
       21465952        69.64965        55.02412            5.02        14:04:56        4.20e-02        2.00e+00
       21467343        69.66172        56.02431            5.01        14:06:54        4.20e-02        2.00e+00
       21468499        69.69689        57.02446            5.01        14:05:37        4.20e-02        2.00e+00
       21469769        69.70649        58.02458            5.01        14:06:02        4.20e-02        2.00e+00
DEBUG @ t=21470000: current_coupling=0.042, last=0.042
       21471105        69.75169        59.02498            5.00        14:06:47        4.20e-02        2.00e+00
       21472440        69.78048        60.02566            4.99        14:07:39        4.20e-02        2.00e+00
       21473658        69.80425        61.02577            5.00        14:07:12        4.20e-02        2.00e+00
       21474963        69.80398        62.02624            4.99        14:08:01        4.20e-02        2.00e+00
       21475886        69.78873        63.02696            5.01        14:04:43        4.20e-02        2.00e+00
       21476840        69.77538        64.02786            5.02        14:01:50        4.20e-02        2.00e+00
       21478085        69.77811        65.02829            5.02        14:02:00        4.20e-02        2.00e+00
       21479411        69.77891        66.02854            5.01        14:03:01        4.20e-02        2.00e+00
DEBUG @ t=21480000: current_coupling=0.042, last=0.042
       21480823        69.80191        67.02924            5.00        14:04:38        4.20e-02        2.00e+00
       21482101        69.80620        68.02931            5.00        14:05:02        4.20e-02        2.00e+00
       21483337        69.80560        69.02991            4.99        14:05:02        4.20e-02        2.00e+00
       21484412        69.80058        70.03085            5.00        14:03:28        4.20e-02        2.00e+00
       21485478        69.79517        71.03091            5.01        14:01:52        4.20e-02        2.00e+00
       21486692        69.81777        72.03142            5.01        14:01:24        4.20e-02        2.00e+00
       21488028        69.83272        73.03206            5.00        14:02:12        4.20e-02        2.00e+00
       21489312        69.82178        74.03276            5.00        14:02:46        4.20e-02        2.00e+00
DEBUG @ t=21490000: current_coupling=0.042, last=0.042
       21490515        69.81537        75.03362            5.00        14:02:31        4.20e-02        2.00e+00
       21491663        69.80900        76.03374            5.00        14:01:46        4.20e-02        2.00e+00
       21492914        69.80121        77.03429            5.00        14:01:59        4.20e-02        2.00e+00
       21494250        69.79653        78.03453            4.99        14:02:54        4.20e-02        2.00e+00
       21495453        69.80398        79.03474            4.99        14:02:28        4.20e-02        2.00e+00
       21496663        69.80406        80.03531            4.99        14:02:12        4.20e-02        2.00e+00
       21497799        69.79914        81.03576            5.00        14:01:21        4.20e-02        2.00e+00
       21498925        69.80560        82.03604            5.00        14:00:17        4.20e-02        2.00e+00
DEBUG @ t=21500000: current_coupling=0.042, last=0.042
[HDF5 Writer DEBUG] timestep=21500000, current_time_ps=82.957, last_output_time=82.9471948710427, write_count=7949
       21500090        69.82140        83.03683            5.00        13:59:27        4.20e-02        2.00e+00
       21501222        69.82591        84.03763            5.01        13:58:30        4.20e-02        2.00e+00
       21502363        69.83080        85.03792            5.01        13:57:37        4.20e-02        2.00e+00
       21503500        69.82645        86.03821            5.01        13:56:51        4.20e-02        2.00e+00
       21504734        69.83350        87.03866            5.01        13:56:43        4.20e-02        2.00e+00
       21505957        69.83766        88.03901            5.01        13:56:32        4.20e-02        2.00e+00
       21507203        69.83273        89.03960            5.01        13:56:37        4.20e-02        2.00e+00
       21508394        69.83030        90.03977            5.01        13:56:16        4.20e-02        2.00e+00
       21509657        69.83266        91.04019            5.01        13:56:23        4.20e-02        2.00e+00
DEBUG @ t=21510000: current_coupling=0.042, last=0.042
       21510905        69.83055        92.04087            5.01        13:56:27        4.20e-02        2.00e+00
       21512165        69.83042        93.04151            5.00        13:56:34        4.20e-02        2.00e+00
       21513383        69.82978        94.04153            5.00        13:56:23        4.20e-02        2.00e+00
       21514540        69.82379        95.04196            5.00        13:55:48        4.20e-02        2.00e+00
       21515675        69.81548        96.04229            5.01        13:55:06        4.20e-02        2.00e+00
       21516811        69.81583        97.04257            5.01        13:54:19        4.20e-02        2.00e+00
       21517976        69.81125        98.04276            5.01        13:53:48        4.20e-02        2.00e+00
       21519051        69.80613        99.04301            5.02        13:52:41        4.20e-02        2.00e+00
DEBUG @ t=21520000: current_coupling=0.042, last=0.042
       21520118        69.80036       100.04384            5.02        13:51:31        4.20e-02        2.00e+00
       21521193        69.79583       101.04470            5.03        13:50:25        4.20e-02        2.00e+00
       21522270        69.79379       102.04557            5.03        13:49:19        4.20e-02        2.00e+00
       21523353        69.78858       103.04619            5.04        13:48:19        4.20e-02        2.00e+00
       21524372        69.78896       104.04664            5.04        13:46:50        4.20e-02        2.00e+00
       21525450        69.78291       105.04746            5.05        13:45:50        4.20e-02        2.00e+00
       21526499        69.78009       106.04769            5.05        13:44:38        4.20e-02        2.00e+00
       21527581        69.77659       107.04831            5.06        13:43:40        4.20e-02        2.00e+00
       21528686        69.77137       108.04914            5.06        13:42:53        4.20e-02        2.00e+00
       21529825        69.76762       109.04948            5.06        13:42:19        4.20e-02        2.00e+00
DEBUG @ t=21530000: current_coupling=0.042, last=0.042
       21530906        69.77239       110.05016            5.07        13:41:17        4.20e-02        2.00e+00
       21531936        69.76944       111.05073            5.07        13:40:02        4.20e-02        2.00e+00
       21533083        69.76465       112.05132            5.07        13:39:33        4.20e-02        2.00e+00
       21534153        69.76439       113.05134            5.08        13:38:33        4.20e-02        2.00e+00
       21535228        69.76030       114.05138            5.08        13:37:38        4.20e-02        2.00e+00
       21536325        69.75494       115.05197            5.09        13:36:52        4.20e-02        2.00e+00
       21537411        69.75154       116.05261            5.09        13:36:02        4.20e-02        2.00e+00
       21538568        69.74992       117.05276            5.09        13:35:37        4.20e-02        2.00e+00
       21539643        69.74396       118.05312            5.09        13:34:46        4.20e-02        2.00e+00
DEBUG @ t=21540000: current_coupling=0.042, last=0.042
       21540663        69.73889       119.05395            5.10        13:33:35        4.20e-02        2.00e+00
       21541717        69.73086       120.05454            5.10        13:32:40        4.20e-02        2.00e+00
       21542771        69.72363       121.05526            5.11        13:31:44        4.20e-02        2.00e+00
       21543932        69.71694       122.05591            5.11        13:31:26        4.20e-02        2.00e+00
       21545040        69.71077       123.05664            5.11        13:30:49        4.20e-02        2.00e+00
       21546127        69.70400       124.05738            5.11        13:30:06        4.20e-02        2.00e+00
       21547202        69.69879       125.05757            5.12        13:29:18        4.20e-02        2.00e+00
       21548328        69.69992       126.05838            5.12        13:28:44        4.20e-02        2.00e+00
       21549410        69.70369       127.05896            5.12        13:27:53        4.20e-02        2.00e+00
DEBUG @ t=21550000: current_coupling=0.042, last=0.042
       21550527        69.71145       128.05963            5.12        13:27:12        4.20e-02        2.00e+00
       21551675        69.71433       129.06021            5.12        13:26:44        4.20e-02        2.00e+00
       21552814        69.70767       130.06104            5.13        13:26:20        4.20e-02        2.00e+00
       21553905        69.70139       131.06146            5.13        13:25:41        4.20e-02        2.00e+00
       21554989        69.69760       132.06203            5.13        13:24:58        4.20e-02        2.00e+00
       21556134        69.69310       133.06225            5.13        13:24:35        4.20e-02        2.00e+00
       21557281        69.69187       134.06295            5.13        13:24:11        4.20e-02        2.00e+00
       21558329        69.69280       135.06312            5.14        13:23:15        4.20e-02        2.00e+00
       21559351        69.68972       136.06332            5.14        13:22:15        4.20e-02        2.00e+00
DEBUG @ t=21560000: current_coupling=0.042, last=0.042
       21560404        69.68958       137.06421            5.14        13:21:22        4.20e-02        2.00e+00
       21561447        69.69087       138.06434            5.15        13:20:27        4.20e-02        2.00e+00
       21562439        69.69544       139.06497            5.15        13:19:14        4.20e-02        2.00e+00
       21563411        69.69835       140.06523            5.16        13:17:58        4.20e-02        2.00e+00
       21564386        69.70690       141.06572            5.17        13:16:39        4.20e-02        2.00e+00
       21565358        69.70770       142.06617            5.17        13:15:26        4.20e-02        2.00e+00
       21566326        69.70617       143.06681            5.18        13:14:14        4.20e-02        2.00e+00
       21567350        69.70139       144.06706            5.18        13:13:21        4.20e-02        2.00e+00
       21568356        69.69514       145.06730            5.19        13:12:25        4.20e-02        2.00e+00
       21569346        69.68794       146.06777            5.19        13:11:25        4.20e-02        2.00e+00
DEBUG @ t=21570000: current_coupling=0.042, last=0.042
       21570394        69.68557       147.06781            5.20        13:10:39        4.20e-02        2.00e+00
       21571468        69.68442       148.06833            5.20        13:09:59        4.20e-02        2.00e+00
       21572544        69.68302       149.06898            5.20        13:09:21        4.20e-02        2.00e+00
       21573624        69.68004       150.06913            5.20        13:08:45        4.20e-02        2.00e+00
       21574764        69.67557       151.06991            5.20        13:08:27        4.20e-02        2.00e+00
       21575788        69.67012       152.07069            5.21        13:07:38        4.20e-02        2.00e+00
       21576789        69.66690       153.07111            5.21        13:06:42        4.20e-02        2.00e+00
       21577898        69.66643       154.07179            5.21        13:06:13        4.20e-02        2.00e+00
       21579000        69.67162       155.07190            5.21        13:05:39        4.20e-02        2.00e+00
DEBUG @ t=21580000: current_coupling=0.042, last=0.042
       21580020        69.66876       156.07275            5.22        13:04:49        4.20e-02        2.00e+00
       21581020        69.66702       157.07309            5.22        13:03:54        4.20e-02        2.00e+00
       21582169        69.66402       158.07369            5.22        13:03:38        4.20e-02        2.00e+00
       21583235        69.66594       159.07439            5.22        13:02:58        4.20e-02        2.00e+00
       21584458        69.66785       160.07481            5.22        13:02:58        4.20e-02        2.00e+00
       21585611        69.66617       161.07534            5.22        13:02:42        4.20e-02        2.00e+00
       21586704        69.67641       162.07569            5.23        13:02:04        4.20e-02        2.00e+00
       21587717        69.67603       163.07628            5.23        13:01:13        4.20e-02        2.00e+00
       21588805        69.67348       164.07688            5.23        13:00:42        4.20e-02        2.00e+00
       21589897        69.67192       165.07756            5.23        13:00:12        4.20e-02        2.00e+00
DEBUG @ t=21590000: current_coupling=0.042, last=0.042
       21591071        69.67390       166.07800            5.23        13:00:00        4.20e-02        2.00e+00
       21592024        69.66963       167.07882            5.24        12:58:58        4.20e-02        2.00e+00
       21593114        69.68310       168.07902            5.24        12:58:18        4.20e-02        2.00e+00
       21594188        69.69585       169.07956            5.24        12:57:35        4.20e-02        2.00e+00
       21595303        69.69452       170.08003            5.24        12:57:11        4.20e-02        2.00e+00
       21596375        69.69599       171.08008            5.25        12:56:35        4.20e-02        2.00e+00
       21597465        69.69750       172.08056            5.25        12:56:04        4.20e-02        2.00e+00
       21598513        69.69600       173.08135            5.25        12:55:25        4.20e-02        2.00e+00
       21599544        69.69345       174.08173            5.25        12:54:43        4.20e-02        2.00e+00
DEBUG @ t=21600000: current_coupling=0.042, last=0.042
[HDF5 Writer DEBUG] timestep=21600000, current_time_ps=174.520, last_output_time=174.51526287471657, write_count=16709
       21600553        69.68838       175.08256            5.26        12:53:58        4.20e-02        2.00e+00
       21601618        69.68463       176.08314            5.26        12:53:25        4.20e-02        2.00e+00
       21602730        69.68921       177.08379            5.26        12:52:58        4.20e-02        2.00e+00
       21603821        69.69530       178.08395            5.26        12:52:25        4.20e-02        2.00e+00
       21604834        69.69523       179.08491            5.26        12:51:39        4.20e-02        2.00e+00
       21605824        69.69210       180.08519            5.27        12:50:50        4.20e-02        2.00e+00
       21606887        69.68833       181.08532            5.27        12:50:18        4.20e-02        2.00e+00
       21608015        69.68423       182.08556            5.27        12:50:01        4.20e-02        2.00e+00
       21609111        69.68128       183.08608            5.27        12:49:36        4.20e-02        2.00e+00
DEBUG @ t=21610000: current_coupling=0.042, last=0.042
       21610186        69.67929       184.08637            5.27        12:49:06        4.20e-02        2.00e+00
       21611299        69.68198       185.08675            5.27        12:48:42        4.20e-02        2.00e+00
       21612369        69.68168       186.08759            5.27        12:48:10        4.20e-02        2.00e+00
       21613417        69.68052       187.08849            5.28        12:47:34        4.20e-02        2.00e+00
       21614502        69.68052       188.08924            5.28        12:47:05        4.20e-02        2.00e+00
       21615593        69.68005       189.08939            5.28        12:46:38        4.20e-02        2.00e+00
       21616679        69.68023       190.08940            5.28        12:46:10        4.20e-02        2.00e+00
       21617789        69.67882       191.08965            5.28        12:45:49        4.20e-02        2.00e+00
       21618919        69.67753       192.08987            5.28        12:45:31        4.20e-02        2.00e+00
DEBUG @ t=21620000: current_coupling=0.042, last=0.042
       21620002        69.67409       193.09004            5.28        12:45:05        4.20e-02        2.00e+00
       21621075        69.67194       194.09047            5.28        12:44:36        4.20e-02        2.00e+00
       21622182        69.67150       195.09053            5.29        12:44:13        4.20e-02        2.00e+00
       21623177        69.66996       196.09095            5.29        12:43:28        4.20e-02        2.00e+00
       21624282        69.67099       197.09125            5.29        12:43:05        4.20e-02        2.00e+00
       21625396        69.67236       198.09160            5.29        12:42:42        4.20e-02        2.00e+00
       21626464        69.67049       199.09207            5.29        12:42:13        4.20e-02        2.00e+00
SWITCH DETECTED at timestep 21627431: t = 200.000404 ps
  Forcing immediate timestep adjustment for shock dampening
Added F(k,t) reference 1 at t = 200.001 ps
       21627529        69.66869       200.09246            5.29        12:41:43        4.20e-02        2.00e+00
       21628590        69.66558       201.09268            5.29        12:41:14        4.20e-02        2.00e+00
       21629648        69.66457       202.09283            5.30        12:40:42        4.20e-02        2.00e+00
DEBUG @ t=21630000: current_coupling=0.042, last=0.042
       21630754        69.66373       203.09291            5.30        12:40:21        4.20e-02        2.00e+00
       21631794        69.66422       204.09350            5.30        12:39:45        4.20e-02        2.00e+00
       21632836        69.66087       205.09357            5.30        12:39:12        4.20e-02        2.00e+00
       21633929        69.65860       206.09441            5.30        12:38:49        4.20e-02        2.00e+00
       21635068        69.65685       207.09454            5.30        12:38:35        4.20e-02        2.00e+00
       21636134        69.65440       208.09533            5.30        12:38:06        4.20e-02        2.00e+00
       21637188        69.65067       209.09569            5.30        12:37:37        4.20e-02        2.00e+00
       21638322        69.65030       210.09638            5.30        12:37:21        4.20e-02        2.00e+00
       21639347        69.64915       211.09735            5.31        12:36:44        4.20e-02        2.00e+00
DEBUG @ t=21640000: current_coupling=0.042, last=0.042
       21640554        69.65513       212.09800            5.31        12:36:38        4.20e-02        2.00e+00
       21641609        69.65599       213.09836            5.31        12:36:06        4.20e-02        2.00e+00
       21642644        69.65730       214.09913            5.31        12:35:30        4.20e-02        2.00e+00
       21643642        69.65430       215.09930            5.31        12:34:51        4.20e-02        2.00e+00
       21644748        69.65377       216.09981            5.31        12:34:30        4.20e-02        2.00e+00
       21645914        69.65158       217.10037            5.31        12:34:21        4.20e-02        2.00e+00
       21647027        69.65113       218.10040            5.31        12:34:01        4.20e-02        2.00e+00
       21648129        69.65103       219.10073            5.31        12:33:39        4.20e-02        2.00e+00
       21649151        69.65122       220.10110            5.32        12:33:03        4.20e-02        2.00e+00
DEBUG @ t=21650000: current_coupling=0.042, last=0.042
       21650159        69.65017       221.10180            5.32        12:32:25        4.20e-02        2.00e+00
       21651221        69.64608       222.10252            5.32        12:31:58        4.20e-02        2.00e+00
       21652335        69.64709       223.10284            5.32        12:31:38        4.20e-02        2.00e+00
       21653421        69.64968       224.10355            5.32        12:31:12        4.20e-02        2.00e+00
       21654610        69.64974       225.10369            5.32        12:31:06        4.20e-02        2.00e+00
       21655764        69.64757       226.10460            5.32        12:30:55        4.20e-02        2.00e+00
       21656815        69.64467       227.10510            5.32        12:30:27        4.20e-02        2.00e+00
       21657898        69.64030       228.10534            5.32        12:30:05        4.20e-02        2.00e+00
       21659014        69.64014       229.10564            5.32        12:29:46        4.20e-02        2.00e+00
DEBUG @ t=21660000: current_coupling=0.042, last=0.042
       21660121        69.63956       230.10617            5.32        12:29:26        4.20e-02        2.00e+00
       21661086        69.63877       231.10622            5.33        12:28:42        4.20e-02        2.00e+00
       21662009        69.63738       232.10654            5.33        12:27:51        4.20e-02        2.00e+00
       21663018        69.63662       233.10736            5.33        12:27:15        4.20e-02        2.00e+00
       21664177        69.63651       234.10753            5.33        12:27:04        4.20e-02        2.00e+00
       21665387        69.63816       235.10780            5.33        12:27:00        4.20e-02        2.00e+00
       21666423        69.64065       236.10856            5.33        12:26:27        4.20e-02        2.00e+00
       21667599        69.63875       237.10873            5.33        12:26:19        4.20e-02        2.00e+00
       21668652        69.63778       238.10955            5.33        12:25:51        4.20e-02        2.00e+00
       21669616        69.63895       239.10974            5.34        12:25:07        4.20e-02        2.00e+00
DEBUG @ t=21670000: current_coupling=0.042, last=0.042
       21670776        69.63785       240.11044            5.33        12:24:57        4.20e-02        2.00e+00
       21671950        69.63522       241.11066            5.33        12:24:50        4.20e-02        2.00e+00
       21673002        69.63172       242.11128            5.34        12:24:23        4.20e-02        2.00e+00
       21674078        69.62881       243.11145            5.34        12:24:00        4.20e-02        2.00e+00
       21675237        69.62671       244.11190            5.34        12:23:50        4.20e-02        2.00e+00
       21676350        69.62958       245.11213            5.34        12:23:30        4.20e-02        2.00e+00
       21677432        69.62720       246.11292            5.34        12:23:08        4.20e-02        2.00e+00
       21678538        69.62999       247.11314            5.34        12:22:46        4.20e-02        2.00e+00
       21679666        69.63238       248.11352            5.34        12:22:29        4.20e-02        2.00e+00
DEBUG @ t=21680000: current_coupling=0.042, last=0.042
       21680714        69.63120       249.11399            5.34        12:22:01        4.20e-02        2.00e+00
       21681814        69.62913       250.11419            5.34        12:21:42        4.20e-02        2.00e+00
       21682902        69.62847       251.11486            5.34        12:21:20        4.20e-02        2.00e+00
       21683961        69.62636       252.11527            5.34        12:20:54        4.20e-02        2.00e+00
       21685067        69.62749       253.11563            5.34        12:20:34        4.20e-02        2.00e+00
       21686099        69.62859       254.11571            5.34        12:20:02        4.20e-02        2.00e+00
       21687168        69.62710       255.11621            5.34        12:19:38        4.20e-02        2.00e+00
       21688248        69.62457       256.11698            5.34        12:19:17        4.20e-02        2.00e+00
       21689235        69.62139       257.11799            5.35        12:18:41        4.20e-02        2.00e+00
DEBUG @ t=21690000: current_coupling=0.042, last=0.042
       21690368        69.61866       258.11870            5.35        12:18:28        4.20e-02        2.00e+00
       21691400        69.61643       259.11957            5.35        12:17:59        4.20e-02        2.00e+00
       21692417        69.62200       260.12026            5.35        12:17:22        4.20e-02        2.00e+00
       21693422        69.62125       261.12070            5.35        12:16:49        4.20e-02        2.00e+00
       21694431        69.62009       262.12100            5.35        12:16:16        4.20e-02        2.00e+00
       21695434        69.61961       263.12176            5.36        12:15:42        4.20e-02        2.00e+00
       21696554        69.62083       264.12260            5.36        12:15:25        4.20e-02        2.00e+00
       21697627        69.62152       265.12297            5.36        12:15:01        4.20e-02        2.00e+00
       21698666        69.61960       266.12307            5.36        12:14:33        4.20e-02        2.00e+00
       21699725        69.61786       267.12373            5.36        12:14:09        4.20e-02        2.00e+00
DEBUG @ t=21700000: current_coupling=0.042, last=0.042
[HDF5 Writer DEBUG] timestep=21700000, current_time_ps=267.360, last_output_time=267.35366247049006, write_count=25605
       21700816        69.61509       268.12408            5.36        12:13:50        4.20e-02        2.00e+00
       21701865        69.61249       269.12429            5.36        12:13:25        4.20e-02        2.00e+00
       21702951        69.61165       270.12514            5.36        12:13:04        4.20e-02        2.00e+00
       21703961        69.60955       271.12556            5.36        12:12:33        4.20e-02        2.00e+00
       21705074        69.60703       272.12590            5.36        12:12:17        4.20e-02        2.00e+00
       21706187        69.60686       273.12659            5.36        12:12:00        4.20e-02        2.00e+00
       21707232        69.60843       274.12723            5.37        12:11:32        4.20e-02        2.00e+00
       21708268        69.61145       275.12815            5.37        12:11:01        4.20e-02        2.00e+00
       21709347        69.61122       276.12851            5.37        12:10:40        4.20e-02        2.00e+00
DEBUG @ t=21710000: current_coupling=0.042, last=0.042
       21710478        69.61740       277.12916            5.37        12:10:21        4.20e-02        2.00e+00
       21711528        69.62500       278.12920            5.37        12:09:50        4.20e-02        2.00e+00
       21712610        69.62543       279.12960            5.37        12:09:28        4.20e-02        2.00e+00
       21713624        69.62824       280.13007            5.37        12:08:56        4.20e-02        2.00e+00
       21714729        69.62737       281.13021            5.37        12:08:38        4.20e-02        2.00e+00
       21715735        69.62486       282.13024            5.37        12:08:08        4.20e-02        2.00e+00
       21716737        69.62501       283.13114            5.38        12:07:35        4.20e-02        2.00e+00
       21717706        69.62447       284.13147            5.38        12:06:59        4.20e-02        2.00e+00
       21718668        69.62597       285.13175            5.38        12:06:21        4.20e-02        2.00e+00
       21719719        69.62795       286.13224            5.38        12:05:54        4.20e-02        2.00e+00
DEBUG @ t=21720000: current_coupling=0.042, last=0.042
       21720747        69.63165       287.13271            5.39        12:05:24        4.20e-02        2.00e+00
       21721771        69.63131       288.13293            5.39        12:04:55        4.20e-02        2.00e+00
       21722778        69.63281       289.13363            5.39        12:04:23        4.20e-02        2.00e+00
       21723860        69.63435       290.13387            5.39        12:04:02        4.20e-02        2.00e+00
       21724860        69.63287       291.13414            5.39        12:03:31        4.20e-02        2.00e+00
       21725832        69.63013       292.13474            5.39        12:02:57        4.20e-02        2.00e+00
       21726897        69.63073       293.13544            5.39        12:02:34        4.20e-02        2.00e+00
       21727980        69.63131       294.13595            5.40        12:02:13        4.20e-02        2.00e+00
       21729075        69.62963       295.13684            5.40        12:01:56        4.20e-02        2.00e+00
DEBUG @ t=21730000: current_coupling=0.042, last=0.042
       21730074        69.63147       296.13723            5.40        12:01:23        4.20e-02        2.00e+00
       21731104        69.63004       297.13796            5.40        12:00:57        4.20e-02        2.00e+00
       21732147        69.62894       298.13884            5.40        12:00:32        4.20e-02        2.00e+00
       21733172        69.62789       299.13884            5.40        12:00:05        4.20e-02        2.00e+00
       21734215        69.62548       300.13913            5.40        11:59:42        4.20e-02        2.00e+00
       21735269        69.62337       301.13932            5.40        11:59:19        4.20e-02        2.00e+00
       21736320        69.62059       302.13971            5.40        11:58:57        4.20e-02        2.00e+00
       21737344        69.61828       303.14028            5.40        11:58:31        4.20e-02        2.00e+00
       21738355        69.61743       304.14068            5.41        11:58:02        4.20e-02        2.00e+00
       21739470        69.61576       305.14130            5.41        11:57:48        4.20e-02        2.00e+00
DEBUG @ t=21740000: current_coupling=0.042, last=0.042
       21740579        69.61437       306.14168            5.41        11:57:32        4.20e-02        2.00e+00
       21741588        69.61341       307.14196            5.41        11:57:03        4.20e-02        2.00e+00
       21742633        69.61153       308.14286            5.41        11:56:40        4.20e-02        2.00e+00
       21743619        69.60919       309.14306            5.41        11:56:10        4.20e-02        2.00e+00
       21744601        69.60808       310.14344            5.41        11:55:38        4.20e-02        2.00e+00
       21745580        69.60705       311.14380            5.41        11:55:06        4.20e-02        2.00e+00
       21746569        69.60475       312.14483            5.42        11:54:37        4.20e-02        2.00e+00
       21747473        69.60238       313.14521            5.42        11:53:57        4.20e-02        2.00e+00
       21748451        69.60018       314.14531            5.42        11:53:26        4.20e-02        2.00e+00
       21749450        69.60107       315.14539            5.42        11:52:56        4.20e-02        2.00e+00
DEBUG @ t=21750000: current_coupling=0.042, last=0.042
       21750465        69.59956       316.14605            5.42        11:52:29        4.20e-02        2.00e+00
       21751435        69.59784       317.14649            5.43        11:51:58        4.20e-02        2.00e+00
       21752486        69.59740       318.14724            5.43        11:51:35        4.20e-02        2.00e+00
       21753544        69.59708       319.14754            5.43        11:51:13        4.20e-02        2.00e+00
       21754559        69.59984       320.14814            5.43        11:50:44        4.20e-02        2.00e+00
       21755491        69.59938       321.14826            5.43        11:50:08        4.20e-02        2.00e+00
       21756531        69.59692       322.14865            5.43        11:49:45        4.20e-02        2.00e+00
       21757556        69.59529       323.14870            5.43        11:49:20        4.20e-02        2.00e+00
       21758462        69.59580       324.14873            5.44        11:48:40        4.20e-02        2.00e+00
       21759438        69.59660       325.14908            5.44        11:48:09        4.20e-02        2.00e+00
DEBUG @ t=21760000: current_coupling=0.042, last=0.042
       21760562        69.59871       326.14946            5.44        11:47:54        4.20e-02        2.00e+00
       21761641        69.59885       327.14956            5.44        11:47:35        4.20e-02        2.00e+00
       21762640        69.59823       328.14996            5.44        11:47:06        4.20e-02        2.00e+00
       21763731        69.59704       329.15052            5.44        11:46:50        4.20e-02        2.00e+00
       21764782        69.59590       330.15074            5.44        11:46:28        4.20e-02        2.00e+00
       21765783        69.59458       331.15084            5.44        11:46:01        4.20e-02        2.00e+00
       21766821        69.59376       332.15151            5.44        11:45:38        4.20e-02        2.00e+00
       21767951        69.59425       333.15215            5.44        11:45:24        4.20e-02        2.00e+00
       21769005        69.59158       334.15277            5.44        11:45:04        4.20e-02        2.00e+00
DEBUG @ t=21770000: current_coupling=0.042, last=0.042
       21770021        69.59137       335.15327            5.45        11:44:38        4.20e-02        2.00e+00
       21771069        69.59077       336.15352            5.45        11:44:17        4.20e-02        2.00e+00
       21772069        69.58863       337.15407            5.45        11:43:50        4.20e-02        2.00e+00
       21773106        69.58819       338.15498            5.45        11:43:27        4.20e-02        2.00e+00
       21774105        69.58557       339.15544            5.45        11:43:01        4.20e-02        2.00e+00
       21775015        69.58304       340.15629            5.45        11:42:25        4.20e-02        2.00e+00
       21775895        69.58034       341.15681            5.46        11:41:45        4.20e-02        2.00e+00
       21776848        69.57844       342.15682            5.46        11:41:14        4.20e-02        2.00e+00
       21777866        69.57800       343.15689            5.46        11:40:49        4.20e-02        2.00e+00
       21778855        69.57654       344.15720            5.46        11:40:22        4.20e-02        2.00e+00
       21779871        69.57594       345.15758            5.46        11:39:57        4.20e-02        2.00e+00
DEBUG @ t=21780000: current_coupling=0.042, last=0.042
       21780884        69.57288       346.15820            5.46        11:39:33        4.20e-02        2.00e+00
       21781921        69.57101       347.15868            5.46        11:39:11        4.20e-02        2.00e+00
       21783007        69.56857       348.15876            5.46        11:38:56        4.20e-02        2.00e+00
       21784132        69.56922       349.15933            5.46        11:38:42        4.20e-02        2.00e+00
       21785232        69.56762       350.15982            5.46        11:38:27        4.20e-02        2.00e+00
       21786251        69.56573       351.16052            5.46        11:38:03        4.20e-02        2.00e+00
       21787423        69.56483       352.16131            5.46        11:37:56        4.20e-02        2.00e+00
       21788553        69.56170       353.16212            5.46        11:37:45        4.20e-02        2.00e+00
       21789538        69.55949       354.16221            5.46        11:37:18        4.20e-02        2.00e+00
DEBUG @ t=21790000: current_coupling=0.042, last=0.042
       21790421        69.55680       355.16242            5.47        11:36:41        4.20e-02        2.00e+00
       21791540        69.55697       356.16310            5.47        11:36:27        4.20e-02        2.00e+00
       21792468        69.55514       357.16402            5.47        11:35:54        4.20e-02        2.00e+00
       21793402        69.55486       358.16494            5.47        11:35:20        4.20e-02        2.00e+00
       21794306        69.55313       359.16520            5.47        11:34:45        4.20e-02        2.00e+00
       21795251        69.55144       360.16579            5.48        11:34:14        4.20e-02        2.00e+00
       21796228        69.54914       361.16664            5.48        11:33:47        4.20e-02        2.00e+00
       21797385        69.55007       362.16680            5.48        11:33:37        4.20e-02        2.00e+00
       21798398        69.54873       363.16723            5.48        11:33:13        4.20e-02        2.00e+00
       21799376        69.54677       364.16797            5.48        11:32:46        4.20e-02        2.00e+00
DEBUG @ t=21800000: current_coupling=0.042, last=0.042
[HDF5 Writer DEBUG] timestep=21800000, current_time_ps=364.765, last_output_time=364.76307150808304, write_count=34895
       21800425        69.54349       365.16881            5.48        11:32:27        4.20e-02        2.00e+00
       21801267        69.54129       366.16944            5.48        11:31:46        4.20e-02        2.00e+00
       21802122        69.53987       367.16962            5.49        11:31:06        4.20e-02        2.00e+00
       21803137        69.53805       368.16963            5.49        11:30:44        4.20e-02        2.00e+00
       21804265        69.54008       369.16974            5.49        11:30:30        4.20e-02        2.00e+00
       21805207        69.54014       370.17040            5.49        11:29:58        4.20e-02        2.00e+00
       21806299        69.53929       371.17096            5.49        11:29:43        4.20e-02        2.00e+00
       21807473        69.53697       372.17168            5.49        11:29:36        4.20e-02        2.00e+00
       21808462        69.53538       373.17250            5.49        11:29:11        4.20e-02        2.00e+00
       21809528        69.53425       374.17287            5.49        11:28:53        4.20e-02        2.00e+00
DEBUG @ t=21810000: current_coupling=0.042, last=0.042
       21810439        69.53211       375.17370            5.49        11:28:20        4.20e-02        2.00e+00
       21811391        69.53117       376.17398            5.49        11:27:50        4.20e-02        2.00e+00
       21812330        69.52901       377.17469            5.49        11:27:20        4.20e-02        2.00e+00
       21813208        69.52872       378.17499            5.50        11:26:43        4.20e-02        2.00e+00
       21814104        69.52698       379.17519            5.50        11:26:09        4.20e-02        2.00e+00
       21815028        69.52475       380.17532            5.50        11:25:38        4.20e-02        2.00e+00
       21816124        69.52557       381.17556            5.50        11:25:22        4.20e-02        2.00e+00
       21817202        69.52687       382.17571            5.50        11:25:04        4.20e-02        2.00e+00
       21818162        69.52640       383.17631            5.50        11:24:36        4.20e-02        2.00e+00
       21819140        69.52441       384.17637            5.51        11:24:10        4.20e-02        2.00e+00
DEBUG @ t=21820000: current_coupling=0.042, last=0.042
       21820100        69.52223       385.17693            5.51        11:23:43        4.20e-02        2.00e+00
       21821033        69.52071       386.17784            5.51        11:23:13        4.20e-02        2.00e+00
       21822016        69.52185       387.17785            5.51        11:22:46        4.20e-02        2.00e+00
       21822984        69.52111       388.17828            5.51        11:22:19        4.20e-02        2.00e+00
       21823959        69.52048       389.17850            5.51        11:21:52        4.20e-02        2.00e+00
       21824929        69.51854       390.17853            5.51        11:21:26        4.20e-02        2.00e+00
       21825863        69.51801       391.17892            5.52        11:20:56        4.20e-02        2.00e+00
       21826863        69.51823       392.17946            5.52        11:20:32        4.20e-02        2.00e+00
       21827958        69.52125       393.17950            5.52        11:20:15        4.20e-02        2.00e+00
       21828989        69.52455       394.17979            5.52        11:19:52        4.20e-02        2.00e+00
       21829937        69.52269       395.18037            5.52        11:19:24        4.20e-02        2.00e+00
DEBUG @ t=21830000: current_coupling=0.042, last=0.042
       21830883        69.52191       396.18089            5.52        11:18:55        4.20e-02        2.00e+00
       21831922        69.51942       397.18149            5.52        11:18:36        4.20e-02        2.00e+00
       21833061        69.51745       398.18162            5.52        11:18:27        4.20e-02        2.00e+00
       21834140        69.51586       399.18235            5.52        11:18:11        4.20e-02        2.00e+00
Added F(k,t) reference 2 at t = 400.002 ps
       21835110        69.51579       400.18265            5.52        11:17:45        4.20e-02        2.00e+00
       21836133        69.51966       401.18327            5.52        11:17:21        4.20e-02        2.00e+00
       21837182        69.51928       402.18355            5.53        11:17:02        4.20e-02        2.00e+00
       21838252        69.51933       403.18402            5.53        11:16:44        4.20e-02        2.00e+00
       21839287        69.51897       404.18433            5.53        11:16:24        4.20e-02        2.00e+00
DEBUG @ t=21840000: current_coupling=0.042, last=0.042
       21840319        69.51990       405.18482            5.53        11:16:03        4.20e-02        2.00e+00
       21841299        69.51855       406.18482            5.53        11:15:38        4.20e-02        2.00e+00
       21842307        69.51711       407.18524            5.53        11:15:16        4.20e-02        2.00e+00
       21843290        69.52070       408.18574            5.53        11:14:49        4.20e-02        2.00e+00
       21844285        69.52167       409.18636            5.53        11:14:24        4.20e-02        2.00e+00
       21845305        69.52071       410.18652            5.53        11:14:03        4.20e-02        2.00e+00
       21846267        69.52021       411.18715            5.53        11:13:37        4.20e-02        2.00e+00
       21847292        69.51972       412.18762            5.53        11:13:16        4.20e-02        2.00e+00
       21848254        69.52277       413.18772            5.54        11:12:47        4.20e-02        2.00e+00
       21849217        69.52484       414.18783            5.54        11:12:20        4.20e-02        2.00e+00
DEBUG @ t=21850000: current_coupling=0.042, last=0.042
       21850170        69.52624       415.18852            5.54        11:11:51        4.20e-02        2.00e+00
       21851182        69.52663       416.18921            5.54        11:11:29        4.20e-02        2.00e+00
       21852189        69.52716       417.18974            5.54        11:11:06        4.20e-02        2.00e+00
       21853215        69.52534       418.19044            5.54        11:10:46        4.20e-02        2.00e+00
       21854237        69.52503       419.19092            5.54        11:10:25        4.20e-02        2.00e+00
       21855244        69.52381       420.19170            5.54        11:10:04        4.20e-02        2.00e+00
       21856219        69.52262       421.19228            5.55        11:09:39        4.20e-02        2.00e+00
       21857200        69.52048       422.19250            5.55        11:09:16        4.20e-02        2.00e+00
       21858233        69.51864       423.19257            5.55        11:08:57        4.20e-02        2.00e+00
       21859325        69.51681       424.19340            5.55        11:08:43        4.20e-02        2.00e+00
DEBUG @ t=21860000: current_coupling=0.042, last=0.042
       21860363        69.51679       425.19357            5.55        11:08:24        4.20e-02        2.00e+00
       21861412        69.51801       426.19430            5.55        11:08:04        4.20e-02        2.00e+00
       21862476        69.51822       427.19449            5.55        11:07:47        4.20e-02        2.00e+00
       21863441        69.51650       428.19492            5.55        11:07:22        4.20e-02        2.00e+00
       21864398        69.51701       429.19594            5.55        11:06:55        4.20e-02        2.00e+00
       21865429        69.51572       430.19640            5.55        11:06:36        4.20e-02        2.00e+00
       21866338        69.51440       431.19718            5.55        11:06:06        4.20e-02        2.00e+00
       21867325        69.51363       432.19801            5.55        11:05:43        4.20e-02        2.00e+00
       21868342        69.51237       433.19848            5.55        11:05:23        4.20e-02        2.00e+00
       21869317        69.51047       434.19951            5.56        11:04:59        4.20e-02        2.00e+00
DEBUG @ t=21870000: current_coupling=0.042, last=0.042
       21870343        69.50987       435.20018            5.56        11:04:39        4.20e-02        2.00e+00
       21871480        69.51083       436.20073            5.56        11:04:28        4.20e-02        2.00e+00
       21872519        69.51121       437.20141            5.56        11:04:08        4.20e-02        2.00e+00
       21873508        69.50992       438.20228            5.56        11:03:46        4.20e-02        2.00e+00
       21874468        69.50774       439.20299            5.56        11:03:21        4.20e-02        2.00e+00
       21875427        69.50640       440.20381            5.56        11:02:56        4.20e-02        2.00e+00
       21876427        69.50617       441.20464            5.56        11:02:34        4.20e-02        2.00e+00
       21877343        69.50614       442.20499            5.56        11:02:05        4.20e-02        2.00e+00
       21878375        69.50569       443.20540            5.56        11:01:46        4.20e-02        2.00e+00
       21879423        69.50679       444.20588            5.56        11:01:27        4.20e-02        2.00e+00
DEBUG @ t=21880000: current_coupling=0.042, last=0.042
       21880473        69.50749       445.20597            5.56        11:01:08        4.20e-02        2.00e+00
       21881570        69.50821       446.20626            5.56        11:00:54        4.20e-02        2.00e+00
       21882622        69.50799       447.20690            5.56        11:00:36        4.20e-02        2.00e+00
       21883650        69.50777       448.20713            5.57        11:00:17        4.20e-02        2.00e+00
       21884670        69.50982       449.20734            5.57        10:59:55        4.20e-02        2.00e+00
       21885662        69.50871       450.20784            5.57        10:59:33        4.20e-02        2.00e+00
       21886693        69.50847       451.20864            5.57        10:59:14        4.20e-02        2.00e+00
       21887699        69.51258       452.20880            5.57        10:58:50        4.20e-02        2.00e+00
       21888701        69.51229       453.20925            5.57        10:58:28        4.20e-02        2.00e+00
       21889751        69.51068       454.20984            5.57        10:58:11        4.20e-02        2.00e+00
DEBUG @ t=21890000: current_coupling=0.042, last=0.042
       21890750        69.50874       455.21022            5.57        10:57:51        4.20e-02        2.00e+00
       21891733        69.50748       456.21094            5.57        10:57:28        4.20e-02        2.00e+00
       21892718        69.50635       457.21174            5.57        10:57:06        4.20e-02        2.00e+00
       21893732        69.50563       458.21187            5.57        10:56:46        4.20e-02        2.00e+00
       21894726        69.50415       459.21269            5.57        10:56:24        4.20e-02        2.00e+00
       21895746        69.50236       460.21305            5.57        10:56:05        4.20e-02        2.00e+00
       21896785        69.50259       461.21390            5.57        10:55:46        4.20e-02        2.00e+00
       21897879        69.50381       462.21428            5.57        10:55:31        4.20e-02        2.00e+00
       21898964        69.50309       463.21458            5.57        10:55:17        4.20e-02        2.00e+00
DEBUG @ t=21900000: current_coupling=0.042, last=0.042
[HDF5 Writer DEBUG] timestep=21900000, current_time_ps=464.173, last_output_time=464.1645930086642, write_count=44332
       21900045        69.50247       464.21548            5.57        10:55:02        4.20e-02        2.00e+00
       21901122        69.50308       465.21588            5.57        10:54:46        4.20e-02        2.00e+00
       21902251        69.50226       466.21625            5.57        10:54:35        4.20e-02        2.00e+00
       21903260        69.50320       467.21670            5.57        10:54:14        4.20e-02        2.00e+00
       21904358        69.50278       468.21745            5.57        10:54:00        4.20e-02        2.00e+00
       21905389        69.50196       469.21821            5.57        10:53:41        4.20e-02        2.00e+00
       21906400        69.49960       470.21901            5.58        10:53:22        4.20e-02        2.00e+00
       21907368        69.49817       471.21927            5.58        10:52:59        4.20e-02        2.00e+00
       21908496        69.49757       472.21957            5.58        10:52:47        4.20e-02        2.00e+00
       21909531        69.49598       473.21987            5.58        10:52:30        4.20e-02        2.00e+00
DEBUG @ t=21910000: current_coupling=0.042, last=0.042
       21910508        69.49471       474.21993            5.58        10:52:07        4.20e-02        2.00e+00
       21911596        69.49346       475.22024            5.58        10:51:53        4.20e-02        2.00e+00
       21912606        69.49153       476.22114            5.58        10:51:34        4.20e-02        2.00e+00
       21913607        69.49163       477.22122            5.58        10:51:12        4.20e-02        2.00e+00
       21914611        69.49150       478.22227            5.58        10:50:51        4.20e-02        2.00e+00
       21915490        69.49028       479.22240            5.58        10:50:22        4.20e-02        2.00e+00
       21916403        69.48871       480.22324            5.58        10:49:55        4.20e-02        2.00e+00
       21917542        69.48750       481.22350            5.58        10:49:45        4.20e-02        2.00e+00
       21918448        69.48624       482.22409            5.58        10:49:17        4.20e-02        2.00e+00
       21919634        69.48685       483.22433            5.58        10:49:10        4.20e-02        2.00e+00
DEBUG @ t=21920000: current_coupling=0.042, last=0.042
       21920772        69.48550       484.22522            5.58        10:48:59        4.20e-02        2.00e+00
       21921769        69.48478       485.22577            5.58        10:48:38        4.20e-02        2.00e+00
       21922858        69.48431       486.22603            5.58        10:48:24        4.20e-02        2.00e+00
       21923899        69.48314       487.22659            5.58        10:48:07        4.20e-02        2.00e+00
       21924806        69.48149       488.22708            5.58        10:47:40        4.20e-02        2.00e+00
       21925810        69.47995       489.22758            5.59        10:47:20        4.20e-02        2.00e+00
       21926854        69.47983       490.22827            5.59        10:47:02        4.20e-02        2.00e+00
       21927853        69.47732       491.22860            5.59        10:46:42        4.20e-02        2.00e+00
       21928881        69.47716       492.22926            5.59        10:46:24        4.20e-02        2.00e+00
       21929825        69.47785       493.22993            5.59        10:45:58        4.20e-02        2.00e+00
DEBUG @ t=21930000: current_coupling=0.042, last=0.042
       21930792        69.47645       494.23015            5.59        10:45:36        4.20e-02        2.00e+00
       21931787        69.47681       495.23051            5.59        10:45:14        4.20e-02        2.00e+00
       21932787        69.47666       496.23082            5.59        10:44:53        4.20e-02        2.00e+00
       21933807        69.47693       497.23114            5.59        10:44:34        4.20e-02        2.00e+00
       21934825        69.47646       498.23142            5.59        10:44:15        4.20e-02        2.00e+00
       21935864        69.47450       499.23186            5.59        10:43:58        4.20e-02        2.00e+00
       21936898        69.47662       500.23235            5.59        10:43:38        4.20e-02        2.00e+00
       21937906        69.47635       501.23289            5.59        10:43:18        4.20e-02        2.00e+00
       21938949        69.47660       502.23376            5.59        10:43:00        4.20e-02        2.00e+00
       21939910        69.47492       503.23387            5.59        10:42:38        4.20e-02        2.00e+00
DEBUG @ t=21940000: current_coupling=0.042, last=0.042
       21940880        69.47419       504.23430            5.60        10:42:15        4.20e-02        2.00e+00
       21941910        69.47305       505.23507            5.60        10:41:57        4.20e-02        2.00e+00
       21942952        69.47538       506.23546            5.60        10:41:39        4.20e-02        2.00e+00
       21943990        69.47427       507.23565            5.60        10:41:21        4.20e-02        2.00e+00
       21944995        69.47250       508.23585            5.60        10:41:02        4.20e-02        2.00e+00
       21946007        69.47117       509.23658            5.60        10:40:43        4.20e-02        2.00e+00
       21946992        69.46984       510.23674            5.60        10:40:22        4.20e-02        2.00e+00
       21947952        69.46880       511.23707            5.60        10:39:59        4.20e-02        2.00e+00
       21948989        69.46797       512.23787            5.60        10:39:42        4.20e-02        2.00e+00
DEBUG @ t=21950000: current_coupling=0.042, last=0.042
       21950044        69.46667       513.23796            5.60        10:39:26        4.20e-02        2.00e+00
       21951062        69.46532       514.23880            5.60        10:39:08        4.20e-02        2.00e+00
       21952063        69.46574       515.23896            5.60        10:38:47        4.20e-02        2.00e+00
       21953075        69.46582       516.23967            5.60        10:38:27        4.20e-02        2.00e+00
       21954084        69.46877       517.24031            5.60        10:38:06        4.20e-02        2.00e+00
       21955022        69.46757       518.24057            5.60        10:37:42        4.20e-02        2.00e+00
       21956007        69.46664       519.24088            5.60        10:37:21        4.20e-02        2.00e+00
       21957051        69.46650       520.24167            5.61        10:37:04        4.20e-02        2.00e+00
       21958047        69.46732       521.24197            5.61        10:36:43        4.20e-02        2.00e+00
       21959042        69.46892       522.24227            5.61        10:36:21        4.20e-02        2.00e+00
DEBUG @ t=21960000: current_coupling=0.042, last=0.042
       21960104        69.46945       523.24260            5.61        10:36:05        4.20e-02        2.00e+00
       21961169        69.46910       524.24299            5.61        10:35:49        4.20e-02        2.00e+00
       21962174        69.46784       525.24302            5.61        10:35:30        4.20e-02        2.00e+00
       21963192        69.46723       526.24332            5.61        10:35:12        4.20e-02        2.00e+00
       21964183        69.46835       527.24404            5.61        10:34:50        4.20e-02        2.00e+00
       21965098        69.46882       528.24447            5.61        10:34:24        4.20e-02        2.00e+00
       21966012        69.46805       529.24459            5.61        10:33:59        4.20e-02        2.00e+00
       21966910        69.46820       530.24543            5.61        10:33:32        4.20e-02        2.00e+00
       21967848        69.46745       531.24566            5.61        10:33:08        4.20e-02        2.00e+00
       21968872        69.46633       532.24661            5.62        10:32:50        4.20e-02        2.00e+00
       21969865        69.46544       533.24695            5.62        10:32:30        4.20e-02        2.00e+00
DEBUG @ t=21970000: current_coupling=0.042, last=0.042
       21970859        69.46433       534.24738            5.62        10:32:10        4.20e-02        2.00e+00
       21971832        69.46379       535.24847            5.62        10:31:49        4.20e-02        2.00e+00
       21972788        69.46291       536.24916            5.62        10:31:26        4.20e-02        2.00e+00
       21973828        69.46258       537.24966            5.62        10:31:09        4.20e-02        2.00e+00
       21974832        69.46268       538.24995            5.62        10:30:49        4.20e-02        2.00e+00
       21975835        69.46275       539.25004            5.62        10:30:30        4.20e-02        2.00e+00
       21976854        69.46199       540.25069            5.62        10:30:12        4.20e-02        2.00e+00
       21977823        69.46213       541.25082            5.62        10:29:50        4.20e-02        2.00e+00
       21978752        69.46260       542.25116            5.62        10:29:25        4.20e-02        2.00e+00
       21979668        69.46261       543.25215            5.62        10:29:00        4.20e-02        2.00e+00
DEBUG @ t=21980000: current_coupling=0.042, last=0.042
       21980615        69.46317       544.25309            5.63        10:28:36        4.20e-02        2.00e+00
       21981600        69.46501       545.25368            5.63        10:28:14        4.20e-02        2.00e+00
       21982525        69.46466       546.25441            5.63        10:27:50        4.20e-02        2.00e+00
       21983425        69.46329       547.25531            5.63        10:27:25        4.20e-02        2.00e+00
       21984495        69.46338       548.25539            5.63        10:27:09        4.20e-02        2.00e+00
       21985566        69.46262       549.25605            5.63        10:26:55        4.20e-02        2.00e+00
       21986755        69.46209       550.25683            5.63        10:26:47        4.20e-02        2.00e+00
       21987823        69.46308       551.25683            5.63        10:26:32        4.20e-02        2.00e+00
       21988898        69.46327       552.25734            5.63        10:26:17        4.20e-02        2.00e+00
       21989993        69.46524       553.25743            5.63        10:26:02        4.20e-02        2.00e+00
DEBUG @ t=21990000: current_coupling=0.042, last=0.042
       21991027        69.46838       554.25825            5.63        10:25:43        4.20e-02        2.00e+00
       21992103        69.46985       555.25828            5.63        10:25:27        4.20e-02        2.00e+00
       21993124        69.47034       556.25888            5.63        10:25:09        4.20e-02        2.00e+00
       21994184        69.47373       557.25898            5.63        10:24:51        4.20e-02        2.00e+00
       21995235        69.47318       558.25957            5.63        10:24:35        4.20e-02        2.00e+00
       21996316        69.47266       559.25963            5.63        10:24:21        4.20e-02        2.00e+00
       21997474        69.47245       560.26044            5.63        10:24:12        4.20e-02        2.00e+00
       21998555        69.47151       561.26048            5.63        10:23:58        4.20e-02        2.00e+00
       21999599        69.47046       562.26122            5.63        10:23:41        4.20e-02        2.00e+00
DEBUG @ t=22000000: current_coupling=0.042, last=0.042
[HDF5 Writer DEBUG] timestep=22000000, current_time_ps=562.644, last_output_time=562.6391983980081, write_count=53711
       22000651        69.47033       563.26131            5.63        10:23:25        4.20e-02        2.00e+00
       22001726        69.46926       564.26212            5.63        10:23:11        4.20e-02        2.00e+00
       22002828        69.46902       565.26224            5.63        10:22:58        4.20e-02        2.00e+00
       22003935        69.46868       566.26241            5.63        10:22:45        4.20e-02        2.00e+00
       22005072        69.47101       567.26305            5.63        10:22:33        4.20e-02        2.00e+00
       22006198        69.47285       568.26391            5.63        10:22:20        4.20e-02        2.00e+00
       22007287        69.47222       569.26408            5.63        10:22:06        4.20e-02        2.00e+00
       22008407        69.47157       570.26410            5.63        10:21:55        4.20e-02        2.00e+00
       22009545        69.47241       571.26455            5.63        10:21:43        4.20e-02        2.00e+00
DEBUG @ t=22010000: current_coupling=0.042, last=0.042
       22010670        69.47269       572.26483            5.62        10:21:31        4.20e-02        2.00e+00
       22011814        69.47297       573.26571            5.62        10:21:20        4.20e-02        2.00e+00
       22012973        69.47438       574.26634            5.62        10:21:10        4.20e-02        2.00e+00
       22014087        69.47378       575.26651            5.62        10:20:57        4.20e-02        2.00e+00
       22015170        69.47316       576.26736            5.62        10:20:43        4.20e-02        2.00e+00
       22016201        69.47249       577.26819            5.62        10:20:26        4.20e-02        2.00e+00
       22017173        69.47163       578.26857            5.62        10:20:05        4.20e-02        2.00e+00
       22018251        69.47197       579.26867            5.62        10:19:50        4.20e-02        2.00e+00
       22019273        69.47124       580.26924            5.62        10:19:33        4.20e-02        2.00e+00
DEBUG @ t=22020000: current_coupling=0.042, last=0.042
       22020303        69.47120       581.26948            5.62        10:19:15        4.20e-02        2.00e+00
       22021313        69.47151       582.26973            5.62        10:18:56        4.20e-02        2.00e+00
       22022347        69.47200       583.27066            5.63        10:18:38        4.20e-02        2.00e+00
       22023363        69.47216       584.27159            5.63        10:18:20        4.20e-02        2.00e+00
       22024383        69.47310       585.27172            5.63        10:18:01        4.20e-02        2.00e+00
       22025389        69.47328       586.27238            5.63        10:17:42        4.20e-02        2.00e+00
       22026461        69.47315       587.27308            5.63        10:17:27        4.20e-02        2.00e+00
       22027418        69.47260       588.27343            5.63        10:17:05        4.20e-02        2.00e+00
       22028497        69.47307       589.27382            5.63        10:16:51        4.20e-02        2.00e+00
       22029568        69.47300       590.27455            5.63        10:16:35        4.20e-02        2.00e+00
DEBUG @ t=22030000: current_coupling=0.042, last=0.042
       22030591        69.47285       591.27558            5.63        10:16:18        4.20e-02        2.00e+00
       22031584        69.47245       592.27615            5.63        10:15:58        4.20e-02        2.00e+00
       22032728        69.47283       593.27616            5.63        10:15:47        4.20e-02        2.00e+00
       22033796        69.47288       594.27667            5.63        10:15:32        4.20e-02        2.00e+00
       22034805        69.47235       595.27684            5.63        10:15:13        4.20e-02        2.00e+00
       22035823        69.47379       596.27769            5.63        10:14:54        4.20e-02        2.00e+00
       22036784        69.47318       597.27843            5.63        10:14:33        4.20e-02        2.00e+00
       22037746        69.47343       598.27897            5.63        10:14:12        4.20e-02        2.00e+00
       22038683        69.47292       599.27933            5.63        10:13:49        4.20e-02        2.00e+00
Added F(k,t) reference 3 at t = 600.003 ps
       22039600        69.47324       600.28024            5.63        10:13:25        4.20e-02        2.00e+00
DEBUG @ t=22040000: current_coupling=0.042, last=0.042
       22040554        69.47340       601.28068            5.63        10:13:03        4.20e-02        2.00e+00
       22041522        69.47511       602.28111            5.64        10:12:41        4.20e-02        2.00e+00
       22042575        69.47598       603.28153            5.64        10:12:25        4.20e-02        2.00e+00
       22043591        69.47506       604.28191            5.64        10:12:07        4.20e-02        2.00e+00
       22044609        69.47428       605.28277            5.64        10:11:49        4.20e-02        2.00e+00
       22045518        69.47380       606.28329            5.64        10:11:25        4.20e-02        2.00e+00
       22046536        69.47381       607.28392            5.64        10:11:07        4.20e-02        2.00e+00
       22047573        69.47456       608.28408            5.64        10:10:50        4.20e-02        2.00e+00
       22048581        69.47403       609.28460            5.64        10:10:32        4.20e-02        2.00e+00
       22049547        69.47478       610.28495            5.64        10:10:10        4.20e-02        2.00e+00
DEBUG @ t=22050000: current_coupling=0.042, last=0.042
       22050547        69.47477       611.28589            5.64        10:09:51        4.20e-02        2.00e+00
       22051560        69.47427       612.28664            5.64        10:09:33        4.20e-02        2.00e+00
       22052574        69.47342       613.28725            5.64        10:09:16        4.20e-02        2.00e+00
       22053554        69.47295       614.28726            5.64        10:08:56        4.20e-02        2.00e+00
       22054583        69.47131       615.28777            5.64        10:08:40        4.20e-02        2.00e+00
       22055599        69.47167       616.28874            5.64        10:08:21        4.20e-02        2.00e+00
       22056600        69.47078       617.28884            5.64        10:08:03        4.20e-02        2.00e+00
       22057550        69.46967       618.28963            5.64        10:07:42        4.20e-02        2.00e+00
       22058573        69.46936       619.29019            5.64        10:07:24        4.20e-02        2.00e+00
       22059484        69.46877       620.29053            5.65        10:07:01        4.20e-02        2.00e+00
DEBUG @ t=22060000: current_coupling=0.042, last=0.042
       22060423        69.46823       621.29148            5.65        10:06:39        4.20e-02        2.00e+00
       22061489        69.46835       622.29215            5.65        10:06:24        4.20e-02        2.00e+00
       22062479        69.46896       623.29260            5.65        10:06:04        4.20e-02        2.00e+00
       22063453        69.46797       624.29336            5.65        10:05:44        4.20e-02        2.00e+00
       22064390        69.46710       625.29348            5.65        10:05:23        4.20e-02        2.00e+00
       22065405        69.46640       626.29425            5.65        10:05:05        4.20e-02        2.00e+00
       22066375        69.46556       627.29473            5.65        10:04:45        4.20e-02        2.00e+00
       22067412        69.46544       628.29568            5.65        10:04:28        4.20e-02        2.00e+00
       22068334        69.46538       629.29603            5.65        10:04:06        4.20e-02        2.00e+00
       22069371        69.46464       630.29666            5.65        10:03:49        4.20e-02        2.00e+00
DEBUG @ t=22070000: current_coupling=0.042, last=0.042
       22070341        69.46403       631.29736            5.65        10:03:29        4.20e-02        2.00e+00
       22071249        69.46373       632.29812            5.65        10:03:06        4.20e-02        2.00e+00
       22072295        69.46341       633.29897            5.65        10:02:50        4.20e-02        2.00e+00
       22073341        69.46488       634.29926            5.65        10:02:33        4.20e-02        2.00e+00
       22074407        69.46432       635.30009            5.65        10:02:18        4.20e-02        2.00e+00
       22075396        69.46503       636.30023            5.65        10:01:59        4.20e-02        2.00e+00
       22076423        69.46462       637.30111            5.65        10:01:42        4.20e-02        2.00e+00
       22077530        69.46417       638.30153            5.65        10:01:29        4.20e-02        2.00e+00
       22078653        69.46354       639.30203            5.65        10:01:17        4.20e-02        2.00e+00
       22079776        69.46638       640.30227            5.65        10:01:04        4.20e-02        2.00e+00
DEBUG @ t=22080000: current_coupling=0.042, last=0.042
       22080933        69.46775       641.30303            5.65        10:00:53        4.20e-02        2.00e+00
       22081968        69.46878       642.30398            5.65        10:00:35        4.20e-02        2.00e+00
       22082856        69.46882       643.30489            5.65        10:00:11        4.20e-02        2.00e+00
       22083756        69.46816       644.30507            5.66        09:59:47        4.20e-02        2.00e+00
       22084797        69.46854       645.30572            5.66        09:59:31        4.20e-02        2.00e+00
       22085843        69.46871       646.30685            5.66        09:59:15        4.20e-02        2.00e+00
       22086799        69.47159       647.30760            5.66        09:58:52        4.20e-02        2.00e+00
       22087820        69.47346       648.30810            5.66        09:58:34        4.20e-02        2.00e+00
       22088710        69.47309       649.30867            5.66        09:58:10        4.20e-02        2.00e+00
       22089623        69.47362       650.30890            5.66        09:57:47        4.20e-02        2.00e+00
DEBUG @ t=22090000: current_coupling=0.042, last=0.042
       22090519        69.47318       651.30986            5.66        09:57:23        4.20e-02        2.00e+00
       22091567        69.47295       652.31049            5.66        09:57:07        4.20e-02        2.00e+00
       22092661        69.47305       653.31105            5.66        09:56:54        4.20e-02        2.00e+00
       22093659        69.47300       654.31112            5.66        09:56:35        4.20e-02        2.00e+00
       22094715        69.47442       655.31174            5.66        09:56:19        4.20e-02        2.00e+00
       22095732        69.47531       656.31261            5.66        09:56:01        4.20e-02        2.00e+00
       22096761        69.47454       657.31265            5.66        09:55:44        4.20e-02        2.00e+00
       22097793        69.47409       658.31322            5.66        09:55:28        4.20e-02        2.00e+00
       22098846        69.47321       659.31413            5.66        09:55:13        4.20e-02        2.00e+00
       22099937        69.47411       660.31429            5.66        09:54:58        4.20e-02        2.00e+00
DEBUG @ t=22100000: current_coupling=0.042, last=0.042
[HDF5 Writer DEBUG] timestep=22100000, current_time_ps=660.373, last_output_time=660.3651847646529, write_count=62986
       22101026        69.47759       661.31491            5.66        09:54:43        4.20e-02        2.00e+00
       22102095        69.47767       662.31546            5.66        09:54:28        4.20e-02        2.00e+00
       22103163        69.47777       663.31628            5.66        09:54:13        4.20e-02        2.00e+00
       22104228        69.47701       664.31662            5.66        09:53:58        4.20e-02        2.00e+00
       22105381        69.47838       665.31709            5.66        09:53:47        4.20e-02        2.00e+00
       22106528        69.47946       666.31780            5.66        09:53:36        4.20e-02        2.00e+00
       22107633        69.48146       667.31848            5.66        09:53:21        4.20e-02        2.00e+00
       22108733        69.48287       668.31870            5.66        09:53:07        4.20e-02        2.00e+00
       22109842        69.48219       669.31888            5.66        09:52:55        4.20e-02        2.00e+00
DEBUG @ t=22110000: current_coupling=0.042, last=0.042
       22110944        69.48198       670.31904            5.66        09:52:42        4.20e-02        2.00e+00
       22112052        69.48337       671.31972            5.66        09:52:28        4.20e-02        2.00e+00
       22113130        69.48688       672.32019            5.66        09:52:12        4.20e-02        2.00e+00
       22114214        69.48711       673.32058            5.66        09:51:58        4.20e-02        2.00e+00
       22115371        69.48811       674.32059            5.66        09:51:47        4.20e-02        2.00e+00
       22116454        69.48728       675.32115            5.66        09:51:33        4.20e-02        2.00e+00
       22117506        69.48751       676.32152            5.66        09:51:17        4.20e-02        2.00e+00
       22118553        69.48749       677.32152            5.66        09:51:01        4.20e-02        2.00e+00
       22119577        69.48819       678.32194            5.66        09:50:44        4.20e-02        2.00e+00
DEBUG @ t=22120000: current_coupling=0.042, last=0.042
       22120663        69.48849       679.32263            5.66        09:50:29        4.20e-02        2.00e+00
       22121808        69.49105       680.32291            5.66        09:50:17        4.20e-02        2.00e+00
       22122906        69.49182       681.32337            5.66        09:50:03        4.20e-02        2.00e+00
       22123992        69.49208       682.32384            5.66        09:49:49        4.20e-02        2.00e+00
       22125041        69.49189       683.32431            5.66        09:49:33        4.20e-02        2.00e+00
       22126086        69.49228       684.32505            5.66        09:49:17        4.20e-02        2.00e+00
       22127171        69.49294       685.32524            5.66        09:49:02        4.20e-02        2.00e+00
       22128275        69.49261       686.32556            5.66        09:48:49        4.20e-02        2.00e+00
       22129426        69.49174       687.32601            5.66        09:48:39        4.20e-02        2.00e+00
DEBUG @ t=22130000: current_coupling=0.042, last=0.042
       22130438        69.49095       688.32668            5.66        09:48:22        4.20e-02        2.00e+00
       22131600        69.49069       689.32711            5.66        09:48:11        4.20e-02        2.00e+00
       22132645        69.49152       690.32774            5.66        09:47:55        4.20e-02        2.00e+00
       22133658        69.49073       691.32806            5.66        09:47:37        4.20e-02        2.00e+00
       22134796        69.49081       692.32840            5.66        09:47:26        4.20e-02        2.00e+00
       22135912        69.49086       693.32919            5.66        09:47:13        4.20e-02        2.00e+00
       22136918        69.49006       694.32947            5.66        09:46:56        4.20e-02        2.00e+00
       22138014        69.48921       695.32983            5.66        09:46:42        4.20e-02        2.00e+00
       22139215        69.48862       696.32985            5.66        09:46:34        4.20e-02        2.00e+00
DEBUG @ t=22140000: current_coupling=0.042, last=0.042
       22140432        69.48857       697.33082            5.65        09:46:26        4.20e-02        2.00e+00
       22141408        69.48831       698.33087            5.65        09:46:07        4.20e-02        2.00e+00
       22142520        69.48813       699.33109            5.65        09:45:54        4.20e-02        2.00e+00
       22143727        69.48835       700.33174            5.65        09:45:45        4.20e-02        2.00e+00
       22144849        69.48771       701.33176            5.65        09:45:33        4.20e-02        2.00e+00
       22146014        69.48820       702.33233            5.65        09:45:23        4.20e-02        2.00e+00
       22147197        69.48969       703.33305            5.65        09:45:12        4.20e-02        2.00e+00
       22148272        69.48921       704.33345            5.65        09:44:58        4.20e-02        2.00e+00
       22149363        69.48975       705.33349            5.65        09:44:43        4.20e-02        2.00e+00
DEBUG @ t=22150000: current_coupling=0.042, last=0.042
       22150514        69.49014       706.33379            5.65        09:44:32        4.20e-02        2.00e+00
       22151685        69.49016       707.33405            5.65        09:44:22        4.20e-02        2.00e+00
       22152826        69.48930       708.33457            5.65        09:44:11        4.20e-02        2.00e+00
       22153917        69.48908       709.33517            5.65        09:43:57        4.20e-02        2.00e+00
       22154884        69.48870       710.33563            5.65        09:43:37        4.20e-02        2.00e+00
       22155869        69.48821       711.33636            5.65        09:43:18        4.20e-02        2.00e+00
       22156961        69.48832       712.33693            5.65        09:43:04        4.20e-02        2.00e+00
       22158003        69.48760       713.33747            5.65        09:42:48        4.20e-02        2.00e+00
       22158979        69.48868       714.33780            5.65        09:42:29        4.20e-02        2.00e+00
       22159992        69.49004       715.33859            5.65        09:42:10        4.20e-02        2.00e+00
DEBUG @ t=22160000: current_coupling=0.042, last=0.042
       22161010        69.48935       716.33958            5.65        09:41:53        4.20e-02        2.00e+00
       22162043        69.48838       717.33972            5.65        09:41:37        4.20e-02        2.00e+00
       22163149        69.48811       718.34046            5.65        09:41:24        4.20e-02        2.00e+00
       22164279        69.48785       719.34058            5.65        09:41:12        4.20e-02        2.00e+00
       22165434        69.48779       720.34158            5.65        09:41:01        4.20e-02        2.00e+00
       22166433        69.48722       721.34164            5.65        09:40:43        4.20e-02        2.00e+00
       22167474        69.48744       722.34267            5.65        09:40:26        4.20e-02        2.00e+00
       22168438        69.48823       723.34276            5.65        09:40:06        4.20e-02        2.00e+00
       22169539        69.48984       724.34346            5.65        09:39:52        4.20e-02        2.00e+00
DEBUG @ t=22170000: current_coupling=0.042, last=0.042
       22170655        69.49001       725.34351            5.65        09:39:39        4.20e-02        2.00e+00
       22171806        69.49042       726.34387            5.65        09:39:27        4.20e-02        2.00e+00
       22172949        69.49053       727.34434            5.65        09:39:16        4.20e-02        2.00e+00
       22174028        69.49054       728.34491            5.65        09:39:01        4.20e-02        2.00e+00
       22175073        69.49152       729.34542            5.65        09:38:44        4.20e-02        2.00e+00
       22176120        69.49225       730.34626            5.65        09:38:28        4.20e-02        2.00e+00
       22177198        69.49267       731.34658            5.65        09:38:13        4.20e-02        2.00e+00
       22178262        69.49170       732.34686            5.65        09:37:58        4.20e-02        2.00e+00
       22179360        69.49129       733.34699            5.65        09:37:45        4.20e-02        2.00e+00
DEBUG @ t=22180000: current_coupling=0.042, last=0.042
       22180468        69.49102       734.34718            5.65        09:37:32        4.20e-02        2.00e+00
       22181481        69.49041       735.34776            5.65        09:37:14        4.20e-02        2.00e+00
       22182607        69.48952       736.34852            5.65        09:37:02        4.20e-02        2.00e+00
       22183721        69.48915       737.34922            5.65        09:36:49        4.20e-02        2.00e+00
       22184766        69.48893       738.34964            5.65        09:36:33        4.20e-02        2.00e+00
       22185800        69.48838       739.35046            5.65        09:36:17        4.20e-02        2.00e+00
       22186826        69.48801       740.35063            5.65        09:36:00        4.20e-02        2.00e+00
       22187843        69.48640       741.35126            5.65        09:35:44        4.20e-02        2.00e+00
       22188897        69.48748       742.35190            5.65        09:35:28        4.20e-02        2.00e+00
       22189975        69.48961       743.35252            5.65        09:35:12        4.20e-02        2.00e+00
DEBUG @ t=22190000: current_coupling=0.042, last=0.042
       22191034        69.49128       744.35331            5.65        09:34:55        4.20e-02        2.00e+00
       22192135        69.49159       745.35363            5.65        09:34:42        4.20e-02        2.00e+00
       22193284        69.49180       746.35365            5.65        09:34:30        4.20e-02        2.00e+00
       22194395        69.49120       747.35406            5.65        09:34:17        4.20e-02        2.00e+00
       22195516        69.49145       748.35410            5.65        09:34:04        4.20e-02        2.00e+00
       22196629        69.49246       749.35422            5.65        09:33:51        4.20e-02        2.00e+00
       22197743        69.49336       750.35451            5.65        09:33:37        4.20e-02        2.00e+00
       22198911        69.49344       751.35504            5.65        09:33:26        4.20e-02        2.00e+00
DEBUG @ t=22200000: current_coupling=0.042, last=0.042
[HDF5 Writer DEBUG] timestep=22200000, current_time_ps=752.298, last_output_time=752.2898919103244, write_count=71776
       22200065        69.49265       752.35593            5.65        09:33:15        4.20e-02        2.00e+00
       22201221        69.49200       753.35636            5.65        09:33:04        4.20e-02        2.00e+00
       22202323        69.49139       754.35716            5.64        09:32:51        4.20e-02        2.00e+00
       22203466        69.49104       755.35753            5.64        09:32:39        4.20e-02        2.00e+00
       22204652        69.49067       756.35775            5.64        09:32:29        4.20e-02        2.00e+00
       22205851        69.49042       757.35799            5.64        09:32:19        4.20e-02        2.00e+00
       22206939        69.48997       758.35836            5.64        09:32:05        4.20e-02        2.00e+00
       22208023        69.48964       759.35918            5.64        09:31:51        4.20e-02        2.00e+00
       22209124        69.48937       760.35985            5.64        09:31:37        4.20e-02        2.00e+00
DEBUG @ t=22210000: current_coupling=0.042, last=0.042
       22210284        69.49086       761.35993            5.64        09:31:25        4.20e-02        2.00e+00
       22211423        69.49178       762.36067            5.64        09:31:13        4.20e-02        2.00e+00
       22212550        69.49570       763.36069            5.64        09:30:58        4.20e-02        2.00e+00
       22213741        69.49995       764.36076            5.64        09:30:46        4.20e-02        2.00e+00
       22214898        69.50265       765.36164            5.64        09:30:33        4.20e-02        2.00e+00
       22215955        69.50322       766.36177            5.64        09:30:17        4.20e-02        2.00e+00
       22217031        69.50454       767.36264            5.64        09:30:02        4.20e-02        2.00e+00
       22218150        69.50595       768.36330            5.64        09:29:48        4.20e-02        2.00e+00
       22219210        69.50500       769.36387            5.64        09:29:33        4.20e-02        2.00e+00
DEBUG @ t=22220000: current_coupling=0.042, last=0.042
       22220244        69.50497       770.36478            5.64        09:29:16        4.20e-02        2.00e+00
       22221286        69.50463       771.36556            5.64        09:29:00        4.20e-02        2.00e+00
       22222442        69.50561       772.36564            5.64        09:28:48        4.20e-02        2.00e+00
       22223489        69.50487       773.36655            5.64        09:28:32        4.20e-02        2.00e+00
       22224578        69.50633       774.36719            5.64        09:28:17        4.20e-02        2.00e+00
       22225690        69.50597       775.36725            5.64        09:28:04        4.20e-02        2.00e+00
       22226817        69.50657       776.36770            5.64        09:27:51        4.20e-02        2.00e+00
       22227942        69.50644       777.36802            5.64        09:27:38        4.20e-02        2.00e+00
       22229127        69.50612       778.36809            5.64        09:27:28        4.20e-02        2.00e+00
DEBUG @ t=22230000: current_coupling=0.042, last=0.042
       22230369        69.50593       779.36868            5.64        09:27:20        4.20e-02        2.00e+00
       22231695        69.50663       780.36883            5.63        09:27:15        4.20e-02        2.00e+00
       22232910        69.50580       781.36973            5.63        09:27:06        4.20e-02        2.00e+00
       22234064        69.50481       782.36986            5.63        09:26:55        4.20e-02        2.00e+00
       22235292        69.50453       783.37066            5.63        09:26:46        4.20e-02        2.00e+00
       22236487        69.50402       784.37151            5.63        09:26:36        4.20e-02        2.00e+00
       22237528        69.50512       785.37187            5.63        09:26:19        4.20e-02        2.00e+00
       22238598        69.50589       786.37192            5.63        09:26:04        4.20e-02        2.00e+00
       22239803        69.50743       787.37196            5.63        09:25:53        4.20e-02        2.00e+00
DEBUG @ t=22240000: current_coupling=0.042, last=0.042
       22240950        69.50720       788.37212            5.63        09:25:41        4.20e-02        2.00e+00
       22242173        69.50781       789.37236            5.63        09:25:32        4.20e-02        2.00e+00
       22243267        69.50715       790.37308            5.63        09:25:18        4.20e-02        2.00e+00
       22244369        69.50788       791.37367            5.63        09:25:03        4.20e-02        2.00e+00
       22245535        69.50950       792.37414            5.63        09:24:51        4.20e-02        2.00e+00
       22246630        69.50990       793.37415            5.63        09:24:37        4.20e-02        2.00e+00
       22247735        69.50967       794.37510            5.63        09:24:23        4.20e-02        2.00e+00
       22248810        69.50920       795.37571            5.63        09:24:08        4.20e-02        2.00e+00
DEBUG @ t=22250000: current_coupling=0.042, last=0.042
       22250022        69.50882       796.37654            5.63        09:23:59        4.20e-02        2.00e+00
       22251206        69.50867       797.37683            5.63        09:23:48        4.20e-02        2.00e+00
       22252447        69.50886       798.37765            5.62        09:23:39        4.20e-02        2.00e+00
       22253567        69.50921       799.37785            5.62        09:23:26        4.20e-02        2.00e+00
Added F(k,t) reference 4 at t = 800.004 ps
       22254728        69.51055       800.37831            5.62        09:23:14        4.20e-02        2.00e+00
       22255879        69.51242       801.37912            5.62        09:23:01        4.20e-02        2.00e+00
       22256991        69.51492       802.37940            5.62        09:22:46        4.20e-02        2.00e+00
       22258170        69.51567       803.37960            5.62        09:22:34        4.20e-02        2.00e+00
       22259294        69.51744       804.37999            5.62        09:22:20        4.20e-02        2.00e+00
DEBUG @ t=22260000: current_coupling=0.042, last=0.042
       22260428        69.51728       805.38047            5.62        09:22:08        4.20e-02        2.00e+00
       22261613        69.51735       806.38124            5.62        09:21:57        4.20e-02        2.00e+00
       22262799        69.51793       807.38181            5.62        09:21:46        4.20e-02        2.00e+00
       22263916        69.51828       808.38268            5.62        09:21:32        4.20e-02        2.00e+00
       22265047        69.51913       809.38353            5.62        09:21:18        4.20e-02        2.00e+00
       22266158        69.51941       810.38422            5.62        09:21:04        4.20e-02        2.00e+00
       22267282        69.52005       811.38494            5.62        09:20:51        4.20e-02        2.00e+00
       22268346        69.51991       812.38563            5.62        09:20:35        4.20e-02        2.00e+00
       22269447        69.51966       813.38612            5.62        09:20:21        4.20e-02        2.00e+00
DEBUG @ t=22270000: current_coupling=0.042, last=0.042
       22270575        69.51941       814.38656            5.62        09:20:08        4.20e-02        2.00e+00
       22271661        69.51910       815.38702            5.62        09:19:54        4.20e-02        2.00e+00
       22272767        69.51897       816.38725            5.62        09:19:40        4.20e-02        2.00e+00
       22273949        69.51815       817.38741            5.62        09:19:29        4.20e-02        2.00e+00
       22275110        69.51729       818.38758            5.62        09:19:18        4.20e-02        2.00e+00
       22276257        69.51639       819.38795            5.62        09:19:06        4.20e-02        2.00e+00
       22277356        69.51596       820.38825            5.62        09:18:52        4.20e-02        2.00e+00
       22278366        69.51595       821.38916            5.62        09:18:34        4.20e-02        2.00e+00
       22279433        69.51571       822.38936            5.62        09:18:19        4.20e-02        2.00e+00
DEBUG @ t=22280000: current_coupling=0.042, last=0.042
       22280592        69.51519       823.39005            5.62        09:18:07        4.20e-02        2.00e+00
       22281705        69.51412       824.39092            5.62        09:17:54        4.20e-02        2.00e+00
       22282734        69.51398       825.39095            5.62        09:17:37        4.20e-02        2.00e+00
       22283858        69.51408       826.39109            5.62        09:17:23        4.20e-02        2.00e+00
       22284954        69.51486       827.39134            5.62        09:17:09        4.20e-02        2.00e+00
       22286062        69.51594       828.39202            5.62        09:16:54        4.20e-02        2.00e+00
       22287244        69.51522       829.39236            5.61        09:16:43        4.20e-02        2.00e+00
       22288491        69.51485       830.39265            5.61        09:16:35        4.20e-02        2.00e+00
       22289663        69.51533       831.39272            5.61        09:16:23        4.20e-02        2.00e+00
DEBUG @ t=22290000: current_coupling=0.042, last=0.042
       22290839        69.51767       832.39344            5.61        09:16:10        4.20e-02        2.00e+00
       22291944        69.51895       833.39376            5.61        09:15:56        4.20e-02        2.00e+00
       22293209        69.51923       834.39441            5.61        09:15:47        4.20e-02        2.00e+00
       22294484        69.51933       835.39504            5.61        09:15:39        4.20e-02        2.00e+00
       22295462        69.51931       836.39514            5.61        09:15:21        4.20e-02        2.00e+00
       22296635        69.51933       837.39587            5.61        09:15:09        4.20e-02        2.00e+00
       22297681        69.51895       838.39624            5.61        09:14:53        4.20e-02        2.00e+00
       22298834        69.51835       839.39695            5.61        09:14:41        4.20e-02        2.00e+00
       22299949        69.51952       840.39763            5.61        09:14:26        4.20e-02        2.00e+00
DEBUG @ t=22300000: current_coupling=0.042, last=0.042
[HDF5 Writer DEBUG] timestep=22300000, current_time_ps=840.437, last_output_time=840.4339494682014, write_count=80267
       22301181        69.52134       841.39814            5.61        09:14:16        4.20e-02        2.00e+00
       22302299        69.52316       842.39887            5.61        09:14:01        4.20e-02        2.00e+00
       22303359        69.52349       843.39946            5.61        09:13:45        4.20e-02        2.00e+00
       22304444        69.52323       844.39983            5.61        09:13:31        4.20e-02        2.00e+00
       22305469        69.52336       845.40002            5.61        09:13:13        4.20e-02        2.00e+00
       22306461        69.52342       846.40092            5.61        09:12:55        4.20e-02        2.00e+00
       22307460        69.52371       847.40105            5.61        09:12:37        4.20e-02        2.00e+00
       22308588        69.52469       848.40138            5.61        09:12:23        4.20e-02        2.00e+00
       22309656        69.52488       849.40176            5.61        09:12:07        4.20e-02        2.00e+00
DEBUG @ t=22310000: current_coupling=0.042, last=0.042
       22310645        69.52474       850.40181            5.61        09:11:49        4.20e-02        2.00e+00
       22311613        69.52426       851.40199            5.61        09:11:30        4.20e-02        2.00e+00
       22312659        69.52386       852.40271            5.61        09:11:14        4.20e-02        2.00e+00
       22313739        69.52351       853.40350            5.61        09:10:59        4.20e-02        2.00e+00
       22314817        69.52377       854.40431            5.61        09:10:44        4.20e-02        2.00e+00
       22315892        69.52525       855.40506            5.61        09:10:28        4.20e-02        2.00e+00
       22316981        69.52564       856.40548            5.61        09:10:13        4.20e-02        2.00e+00
       22318087        69.52498       857.40575            5.61        09:09:59        4.20e-02        2.00e+00
       22319195        69.52598       858.40652            5.61        09:09:44        4.20e-02        2.00e+00
DEBUG @ t=22320000: current_coupling=0.042, last=0.042
       22320243        69.52637       859.40706            5.61        09:09:28        4.20e-02        2.00e+00
       22321290        69.52608       860.40799            5.61        09:09:12        4.20e-02        2.00e+00
       22322313        69.52544       861.40823            5.61        09:08:55        4.20e-02        2.00e+00
       22323426        69.52501       862.40871            5.61        09:08:41        4.20e-02        2.00e+00
       22324475        69.52462       863.40915            5.61        09:08:25        4.20e-02        2.00e+00
       22325532        69.52512       864.40923            5.61        09:08:09        4.20e-02        2.00e+00
       22326670        69.52548       865.40931            5.61        09:07:56        4.20e-02        2.00e+00
       22327875        69.52525       866.40967            5.61        09:07:45        4.20e-02        2.00e+00
       22329004        69.52675       867.40969            5.61        09:07:31        4.20e-02        2.00e+00
DEBUG @ t=22330000: current_coupling=0.042, last=0.042
       22330080        69.52654       868.41010            5.61        09:07:16        4.20e-02        2.00e+00
       22331239        69.52609       869.41034            5.61        09:07:04        4.20e-02        2.00e+00
       22332405        69.52730       870.41081            5.61        09:06:51        4.20e-02        2.00e+00
       22333456        69.52808       871.41153            5.61        09:06:35        4.20e-02        2.00e+00
       22334645        69.52852       872.41196            5.61        09:06:23        4.20e-02        2.00e+00
       22335650        69.52884       873.41240            5.61        09:06:05        4.20e-02        2.00e+00
       22336760        69.52872       874.41298            5.61        09:05:51        4.20e-02        2.00e+00
       22337922        69.52973       875.41361            5.61        09:05:39        4.20e-02        2.00e+00
       22339023        69.53031       876.41390            5.61        09:05:24        4.20e-02        2.00e+00
DEBUG @ t=22340000: current_coupling=0.042, last=0.042
       22340097        69.53012       877.41455            5.61        09:05:09        4.20e-02        2.00e+00
       22341175        69.52972       878.41469            5.61        09:04:54        4.20e-02        2.00e+00
       22342306        69.52991       879.41517            5.61        09:04:40        4.20e-02        2.00e+00
       22343398        69.52985       880.41556            5.61        09:04:26        4.20e-02        2.00e+00
       22344604        69.53055       881.41642            5.61        09:04:14        4.20e-02        2.00e+00
       22345665        69.53093       882.41679            5.61        09:03:58        4.20e-02        2.00e+00
       22346610        69.53083       883.41686            5.61        09:03:39        4.20e-02        2.00e+00
       22347595        69.53022       884.41755            5.61        09:03:21        4.20e-02        2.00e+00
       22348544        69.52958       885.41785            5.61        09:03:01        4.20e-02        2.00e+00
       22349718        69.53063       886.41794            5.61        09:02:49        4.20e-02        2.00e+00
DEBUG @ t=22350000: current_coupling=0.042, last=0.042
       22350901        69.53128       887.41794            5.61        09:02:37        4.20e-02        2.00e+00
       22351954        69.53110       888.41858            5.61        09:02:21        4.20e-02        2.00e+00
       22352954        69.53087       889.41906            5.61        09:02:03        4.20e-02        2.00e+00
       22353993        69.53087       890.41929            5.61        09:01:47        4.20e-02        2.00e+00
       22355142        69.53171       891.42005            5.61        09:01:33        4.20e-02        2.00e+00
       22356181        69.53239       892.42076            5.61        09:01:17        4.20e-02        2.00e+00
       22357236        69.53306       893.42078            5.61        09:01:00        4.20e-02        2.00e+00
       22358269        69.53337       894.42118            5.61        09:00:43        4.20e-02        2.00e+00
       22359426        69.53286       895.42125            5.61        09:00:31        4.20e-02        2.00e+00
DEBUG @ t=22360000: current_coupling=0.042, last=0.042
       22360558        69.53248       896.42152            5.61        09:00:18        4.20e-02        2.00e+00
       22361761        69.53251       897.42161            5.61        09:00:07        4.20e-02        2.00e+00
       22362919        69.53197       898.42250            5.61        08:59:55        4.20e-02        2.00e+00
       22364126        69.53232       899.42254            5.60        08:59:44        4.20e-02        2.00e+00
       22365279        69.53187       900.42260            5.60        08:59:31        4.20e-02        2.00e+00
       22366361        69.53173       901.42307            5.60        08:59:16        4.20e-02        2.00e+00
       22367616        69.53374       902.42307            5.60        08:59:06        4.20e-02        2.00e+00
       22368782        69.53423       903.42317            5.60        08:58:53        4.20e-02        2.00e+00
       22369908        69.53450       904.42345            5.60        08:58:40        4.20e-02        2.00e+00
DEBUG @ t=22370000: current_coupling=0.042, last=0.042
       22370950        69.53477       905.42438            5.60        08:58:23        4.20e-02        2.00e+00
       22372010        69.53685       906.42457            5.60        08:58:06        4.20e-02        2.00e+00
       22373027        69.53634       907.42546            5.60        08:57:49        4.20e-02        2.00e+00
       22374083        69.53637       908.42562            5.60        08:57:33        4.20e-02        2.00e+00
       22375143        69.53571       909.42630            5.60        08:57:17        4.20e-02        2.00e+00
       22376154        69.53509       910.42650            5.60        08:57:00        4.20e-02        2.00e+00
       22377193        69.53507       911.42712            5.60        08:56:44        4.20e-02        2.00e+00
       22378271        69.53503       912.42774            5.60        08:56:29        4.20e-02        2.00e+00
       22379283        69.53485       913.42815            5.60        08:56:11        4.20e-02        2.00e+00
DEBUG @ t=22380000: current_coupling=0.042, last=0.042
       22380559        69.53456       914.42878            5.60        08:56:03        4.20e-02        2.00e+00
       22381662        69.53490       915.42933            5.60        08:55:48        4.20e-02        2.00e+00
       22382816        69.53431       916.42970            5.60        08:55:35        4.20e-02        2.00e+00
       22384145        69.53448       917.42986            5.60        08:55:28        4.20e-02        2.00e+00
       22385306        69.53420       918.43038            5.60        08:55:16        4.20e-02        2.00e+00
       22386584        69.53443       919.43089            5.60        08:55:07        4.20e-02        2.00e+00
       22387640        69.53413       920.43153            5.60        08:54:51        4.20e-02        2.00e+00
       22388652        69.53444       921.43171            5.60        08:54:34        4.20e-02        2.00e+00
       22389786        69.53609       922.43221            5.60        08:54:19        4.20e-02        2.00e+00
DEBUG @ t=22390000: current_coupling=0.042, last=0.042
       22390842        69.53709       923.43236            5.60        08:54:03        4.20e-02        2.00e+00
       22391920        69.53913       924.43269            5.60        08:53:47        4.20e-02        2.00e+00
       22392989        69.53952       925.43328            5.60        08:53:31        4.20e-02        2.00e+00
       22394025        69.53914       926.43402            5.60        08:53:14        4.20e-02        2.00e+00
       22395015        69.53934       927.43498            5.60        08:52:56        4.20e-02        2.00e+00
       22396024        69.53976       928.43554            5.60        08:52:38        4.20e-02        2.00e+00
       22397070        69.53945       929.43572            5.60        08:52:22        4.20e-02        2.00e+00
       22398163        69.53945       930.43580            5.60        08:52:08        4.20e-02        2.00e+00
       22399252        69.53912       931.43671            5.60        08:51:53        4.20e-02        2.00e+00
DEBUG @ t=22400000: current_coupling=0.042, last=0.042
[HDF5 Writer DEBUG] timestep=22400000, current_time_ps=932.159, last_output_time=932.1529828347162, write_count=89059
       22400284        69.53936       932.43676            5.60        08:51:36        4.20e-02        2.00e+00
       22401390        69.53940       933.43688            5.60        08:51:21        4.20e-02        2.00e+00
       22402428        69.54053       934.43768            5.60        08:51:04        4.20e-02        2.00e+00
       22403526        69.54120       935.43817            5.60        08:50:49        4.20e-02        2.00e+00
       22404612        69.54125       936.43841            5.60        08:50:34        4.20e-02        2.00e+00
       22405719        69.54085       937.43860            5.60        08:50:20        4.20e-02        2.00e+00
       22406803        69.54046       938.43892            5.60        08:50:05        4.20e-02        2.00e+00
       22407953        69.54104       939.43953            5.60        08:49:52        4.20e-02        2.00e+00
       22409104        69.54229       940.44034            5.60        08:49:38        4.20e-02        2.00e+00
DEBUG @ t=22410000: current_coupling=0.042, last=0.042
       22410220        69.54273       941.44045            5.60        08:49:24        4.20e-02        2.00e+00
       22411311        69.54331       942.44066            5.60        08:49:09        4.20e-02        2.00e+00
       22412395        69.54485       943.44084            5.60        08:48:53        4.20e-02        2.00e+00
       22413505        69.54602       944.44171            5.60        08:48:38        4.20e-02        2.00e+00
       22414612        69.54647       945.44235            5.60        08:48:24        4.20e-02        2.00e+00
       22415683        69.54568       946.44264            5.60        08:48:09        4.20e-02        2.00e+00
       22416765        69.54614       947.44345            5.60        08:47:53        4.20e-02        2.00e+00
       22417841        69.54613       948.44403            5.60        08:47:38        4.20e-02        2.00e+00
       22418935        69.54654       949.44433            5.60        08:47:23        4.20e-02        2.00e+00
DEBUG @ t=22420000: current_coupling=0.042, last=0.042
       22420041        69.54628       950.44490            5.60        08:47:08        4.20e-02        2.00e+00
       22421131        69.54587       951.44578            5.60        08:46:54        4.20e-02        2.00e+00
       22422195        69.54521       952.44657            5.60        08:46:38        4.20e-02        2.00e+00
       22423401        69.54556       953.44705            5.60        08:46:27        4.20e-02        2.00e+00
       22424624        69.54511       954.44728            5.60        08:46:16        4.20e-02        2.00e+00
       22425637        69.54494       955.44770            5.60        08:45:59        4.20e-02        2.00e+00
       22426757        69.54507       956.44776            5.60        08:45:45        4.20e-02        2.00e+00
       22427913        69.54508       957.44792            5.60        08:45:32        4.20e-02        2.00e+00
       22429039        69.54464       958.44876            5.60        08:45:18        4.20e-02        2.00e+00
DEBUG @ t=22430000: current_coupling=0.042, last=0.042
       22430155        69.54468       959.44876            5.60        08:45:04        4.20e-02        2.00e+00
       22431273        69.54438       960.44913            5.60        08:44:50        4.20e-02        2.00e+00
       22432416        69.54319       961.44932            5.60        08:44:37        4.20e-02        2.00e+00
       22433465        69.54245       962.44937            5.60        08:44:21        4.20e-02        2.00e+00
       22434564        69.54209       963.45008            5.60        08:44:07        4.20e-02        2.00e+00
       22435698        69.54169       964.45059            5.59        08:43:53        4.20e-02        2.00e+00
       22436869        69.54041       965.45111            5.59        08:43:41        4.20e-02        2.00e+00
       22438052        69.53920       966.45122            5.59        08:43:30        4.20e-02        2.00e+00
       22439127        69.53828       967.45130            5.59        08:43:15        4.20e-02        2.00e+00
DEBUG @ t=22440000: current_coupling=0.042, last=0.042
       22440185        69.53888       968.45213            5.59        08:42:59        4.20e-02        2.00e+00
       22441288        69.53808       969.45220            5.59        08:42:44        4.20e-02        2.00e+00
       22442396        69.53676       970.45263            5.59        08:42:31        4.20e-02        2.00e+00
       22443480        69.53602       971.45341            5.59        08:42:16        4.20e-02        2.00e+00
       22444605        69.53568       972.45352            5.59        08:42:02        4.20e-02        2.00e+00
       22445643        69.53598       973.45367            5.59        08:41:45        4.20e-02        2.00e+00
       22446753        69.53679       974.45451            5.59        08:41:30        4.20e-02        2.00e+00
       22447843        69.53773       975.45526            5.59        08:41:15        4.20e-02        2.00e+00
       22448877        69.53667       976.45551            5.59        08:40:59        4.20e-02        2.00e+00
       22449888        69.53629       977.45614            5.59        08:40:42        4.20e-02        2.00e+00
DEBUG @ t=22450000: current_coupling=0.042, last=0.042
       22450970        69.53586       978.45623            5.59        08:40:27        4.20e-02        2.00e+00
       22452040        69.53472       979.45651            5.59        08:40:12        4.20e-02        2.00e+00
       22453155        69.53389       980.45706            5.59        08:39:58        4.20e-02        2.00e+00
       22454264        69.53281       981.45788            5.59        08:39:44        4.20e-02        2.00e+00
       22455297        69.53220       982.45885            5.59        08:39:27        4.20e-02        2.00e+00
       22456409        69.53138       983.45914            5.59        08:39:13        4.20e-02        2.00e+00
       22457578        69.53202       984.45964            5.59        08:39:00        4.20e-02        2.00e+00
       22458625        69.53167       985.46007            5.59        08:38:44        4.20e-02        2.00e+00
       22459709        69.53157       986.46024            5.59        08:38:29        4.20e-02        2.00e+00
DEBUG @ t=22460000: current_coupling=0.042, last=0.042
       22460758        69.53078       987.46099            5.59        08:38:13        4.20e-02        2.00e+00
       22461915        69.52967       988.46164            5.59        08:38:01        4.20e-02        2.00e+00
       22463044        69.52873       989.46230            5.59        08:37:47        4.20e-02        2.00e+00
       22464139        69.52723       990.46318            5.59        08:37:33        4.20e-02        2.00e+00
       22465193        69.52590       991.46328            5.59        08:37:17        4.20e-02        2.00e+00
       22466230        69.52581       992.46337            5.59        08:37:01        4.20e-02        2.00e+00
       22467342        69.52553       993.46393            5.59        08:36:47        4.20e-02        2.00e+00
       22468446        69.52503       994.46396            5.59        08:36:32        4.20e-02        2.00e+00
       22469478        69.52443       995.46401            5.59        08:36:16        4.20e-02        2.00e+00
DEBUG @ t=22470000: current_coupling=0.042, last=0.042
       22470533        69.52342       996.46489            5.59        08:36:00        4.20e-02        2.00e+00
       22471619        69.52454       997.46529            5.59        08:35:45        4.20e-02        2.00e+00
       22472723        69.52413       998.46575            5.59        08:35:30        4.20e-02        2.00e+00
       22473793        69.52428       999.46601            5.59        08:35:15        4.20e-02        2.00e+00
Added F(k,t) reference 5 at t = 1000.004 ps
       22474869        69.52288      1000.46632            5.59        08:35:00        4.20e-02        2.00e+00
       22475964        69.52138      1001.46658            5.59        08:34:46        4.20e-02        2.00e+00
       22477110        69.52015      1002.46678            5.59        08:34:33        4.20e-02        2.00e+00
       22478165        69.51885      1003.46748            5.59        08:34:17        4.20e-02        2.00e+00
       22479172        69.51728      1004.46837            5.59        08:34:01        4.20e-02        2.00e+00
DEBUG @ t=22480000: current_coupling=0.042, last=0.042
       22480258        69.51774      1005.46923            5.59        08:33:45        4.20e-02        2.00e+00
       22481277        69.51668      1006.46937            5.59        08:33:29        4.20e-02        2.00e+00
       22482343        69.51518      1007.46950            5.59        08:33:14        4.20e-02        2.00e+00
       22483400        69.51077      1008.46979            5.59        08:33:00        4.20e-02        2.00e+00
       22484422        69.50936      1009.47011            5.59        08:32:43        4.20e-02        2.00e+00
       22485517        69.50939      1010.47043            5.59        08:32:28        4.20e-02        2.00e+00
       22486616        69.50999      1011.47071            5.59        08:32:13        4.20e-02        2.00e+00
       22487760        69.50980      1012.47104            5.59        08:32:00        4.20e-02        2.00e+00
       22488733        69.50838      1013.47144            5.59        08:31:42        4.20e-02        2.00e+00
       22489711        69.50740      1014.47224            5.59        08:31:24        4.20e-02        2.00e+00
DEBUG @ t=22490000: current_coupling=0.042, last=0.042
       22490734        69.50637      1015.47287            5.59        08:31:08        4.20e-02        2.00e+00
       22491888        69.50768      1016.47309            5.59        08:30:54        4.20e-02        2.00e+00
       22492843        69.50782      1017.47328            5.59        08:30:35        4.20e-02        2.00e+00
       22493845        69.50897      1018.47380            5.59        08:30:17        4.20e-02        2.00e+00
       22495033        69.51155      1019.47419            5.59        08:30:04        4.20e-02        2.00e+00
       22496123        69.51245      1020.47424            5.59        08:29:48        4.20e-02        2.00e+00
       22497354        69.51274      1021.47433            5.59        08:29:37        4.20e-02        2.00e+00
       22498306        69.51289      1022.47490            5.59        08:29:18        4.20e-02        2.00e+00
       22499492        69.51259      1023.47558            5.59        08:29:06        4.20e-02        2.00e+00
DEBUG @ t=22500000: current_coupling=0.042, last=0.042
[HDF5 Writer DEBUG] timestep=22500000, current_time_ps=1024.007, last_output_time=1024.0051922482082, write_count=97822
       22500453        69.51180      1024.47619            5.59        08:28:48        4.20e-02        2.00e+00
       22501642        69.51244      1025.47697            5.59        08:28:35        4.20e-02        2.00e+00
       22502712        69.51254      1026.47704            5.59        08:28:20        4.20e-02        2.00e+00
       22503983        69.51384      1027.47769            5.59        08:28:09        4.20e-02        2.00e+00
       22505077        69.51386      1028.47798            5.59        08:27:54        4.20e-02        2.00e+00
       22506045        69.51341      1029.47903            5.59        08:27:36        4.20e-02        2.00e+00
       22507103        69.51273      1030.47985            5.59        08:27:20        4.20e-02        2.00e+00
       22508162        69.51121      1031.48059            5.59        08:27:05        4.20e-02        2.00e+00
       22509154        69.51038      1032.48132            5.59        08:26:47        4.20e-02        2.00e+00
DEBUG @ t=22510000: current_coupling=0.042, last=0.042
       22510151        69.51039      1033.48204            5.59        08:26:30        4.20e-02        2.00e+00
       22511208        69.50977      1034.48238            5.59        08:26:14        4.20e-02        2.00e+00
       22512361        69.50924      1035.48286            5.59        08:26:01        4.20e-02        2.00e+00
       22513458        69.50829      1036.48368            5.59        08:25:47        4.20e-02        2.00e+00
       22514486        69.50684      1037.48400            5.59        08:25:31        4.20e-02        2.00e+00
       22515621        69.50493      1038.48411            5.59        08:25:18        4.20e-02        2.00e+00
       22516716        69.50378      1039.48510            5.59        08:25:03        4.20e-02        2.00e+00
       22517742        69.50237      1040.48512            5.59        08:24:47        4.20e-02        2.00e+00
       22518897        69.50193      1041.48518            5.59        08:24:34        4.20e-02        2.00e+00
       22519981        69.50110      1042.48562            5.59        08:24:19        4.20e-02        2.00e+00
DEBUG @ t=22520000: current_coupling=0.042, last=0.042
       22521146        69.50042      1043.48598            5.59        08:24:06        4.20e-02        2.00e+00
       22522412        69.50153      1044.48611            5.59        08:23:56        4.20e-02        2.00e+00
       22523411        69.50155      1045.48677            5.59        08:23:38        4.20e-02        2.00e+00
       22524618        69.50265      1046.48738            5.59        08:23:26        4.20e-02        2.00e+00
       22525688        69.50210      1047.48789            5.59        08:23:10        4.20e-02        2.00e+00
       22526638        69.50202      1048.48808            5.59        08:22:51        4.20e-02        2.00e+00
       22527668        69.50282      1049.48838            5.59        08:22:34        4.20e-02        2.00e+00
       22528742        69.50369      1050.48887            5.59        08:22:19        4.20e-02        2.00e+00
       22529799        69.50301      1051.48894            5.59        08:22:03        4.20e-02        2.00e+00
DEBUG @ t=22530000: current_coupling=0.042, last=0.042
       22530882        69.50195      1052.48940            5.59        08:21:48        4.20e-02        2.00e+00
       22531967        69.50111      1053.49017            5.59        08:21:33        4.20e-02        2.00e+00
       22533073        69.50175      1054.49025            5.59        08:21:18        4.20e-02        2.00e+00
       22534099        69.50120      1055.49053            5.59        08:21:02        4.20e-02        2.00e+00
       22535095        69.50096      1056.49136            5.59        08:20:44        4.20e-02        2.00e+00
       22536196        69.50097      1057.49191            5.59        08:20:30        4.20e-02        2.00e+00
       22537262        69.50108      1058.49226            5.59        08:20:14        4.20e-02        2.00e+00
       22538355        69.50114      1059.49295            5.59        08:19:59        4.20e-02        2.00e+00
       22539499        69.50064      1060.49344            5.59        08:19:45        4.20e-02        2.00e+00
DEBUG @ t=22540000: current_coupling=0.042, last=0.042
       22540551        69.49963      1061.49421            5.59        08:19:30        4.20e-02        2.00e+00
       22541646        69.49906      1062.49482            5.59        08:19:15        4.20e-02        2.00e+00
       22542654        69.49844      1063.49502            5.59        08:18:58        4.20e-02        2.00e+00
       22543687        69.49908      1064.49541            5.59        08:18:41        4.20e-02        2.00e+00
       22544739        69.49938      1065.49589            5.59        08:18:25        4.20e-02        2.00e+00
       22545774        69.50050      1066.49603            5.59        08:18:08        4.20e-02        2.00e+00
       22546773        69.50079      1067.49652            5.59        08:17:50        4.20e-02        2.00e+00
       22547796        69.50112      1068.49731            5.59        08:17:34        4.20e-02        2.00e+00
       22548850        69.50228      1069.49806            5.59        08:17:17        4.20e-02        2.00e+00
       22549900        69.50439      1070.49824            5.59        08:17:00        4.20e-02        2.00e+00
DEBUG @ t=22550000: current_coupling=0.042, last=0.042
       22550955        69.50455      1071.49892            5.59        08:16:44        4.20e-02        2.00e+00
       22552016        69.50494      1072.49908            5.59        08:16:28        4.20e-02        2.00e+00
       22553054        69.50480      1073.49948            5.59        08:16:12        4.20e-02        2.00e+00
       22554166        69.50496      1074.49978            5.59        08:15:57        4.20e-02        2.00e+00
       22555283        69.50601      1075.50046            5.59        08:15:42        4.20e-02        2.00e+00
       22556309        69.50659      1076.50075            5.59        08:15:25        4.20e-02        2.00e+00
       22557333        69.50630      1077.50121            5.59        08:15:09        4.20e-02        2.00e+00
       22558329        69.50600      1078.50191            5.59        08:14:51        4.20e-02        2.00e+00
       22559414        69.50567      1079.50230            5.59        08:14:36        4.20e-02        2.00e+00
DEBUG @ t=22560000: current_coupling=0.042, last=0.042
       22560406        69.50540      1080.50236            5.59        08:14:19        4.20e-02        2.00e+00
       22561428        69.50447      1081.50262            5.59        08:14:02        4.20e-02        2.00e+00
       22562432        69.50366      1082.50306            5.59        08:13:46        4.20e-02        2.00e+00
       22563521        69.50253      1083.50368            5.59        08:13:31        4.20e-02        2.00e+00
       22564639        69.50126      1084.50388            5.59        08:13:17        4.20e-02        2.00e+00
       22565684        69.50004      1085.50439            5.59        08:13:01        4.20e-02        2.00e+00
       22566758        69.49880      1086.50485            5.59        08:12:46        4.20e-02        2.00e+00
       22567856        69.49834      1087.50497            5.59        08:12:32        4.20e-02        2.00e+00
       22568888        69.49764      1088.50540            5.59        08:12:16        4.20e-02        2.00e+00
       22569883        69.49696      1089.50548            5.59        08:11:58        4.20e-02        2.00e+00
DEBUG @ t=22570000: current_coupling=0.042, last=0.042
       22570931        69.49603      1090.50569            5.59        08:11:43        4.20e-02        2.00e+00
       22571992        69.49579      1091.50574            5.59        08:11:27        4.20e-02        2.00e+00
       22573025        69.49480      1092.50668            5.59        08:11:11        4.20e-02        2.00e+00
       22574064        69.49400      1093.50750            5.59        08:10:55        4.20e-02        2.00e+00
       22575131        69.49268      1094.50799            5.59        08:10:40        4.20e-02        2.00e+00
       22576102        69.49101      1095.50828            5.59        08:10:23        4.20e-02        2.00e+00
       22577137        69.48936      1096.50863            5.59        08:10:07        4.20e-02        2.00e+00
       22578124        69.48805      1097.50870            5.59        08:09:50        4.20e-02        2.00e+00
       22579159        69.48674      1098.50926            5.59        08:09:34        4.20e-02        2.00e+00
DEBUG @ t=22580000: current_coupling=0.042, last=0.042
       22580131        69.48505      1099.50953            5.59        08:09:17        4.20e-02        2.00e+00
       22581170        69.48337      1100.50960            5.59        08:09:01        4.20e-02        2.00e+00
       22582181        69.48217      1101.50965            5.59        08:08:45        4.20e-02        2.00e+00
       22583217        69.48122      1102.50978            5.59        08:08:29        4.20e-02        2.00e+00
       22584239        69.48036      1103.51057            5.59        08:08:12        4.20e-02        2.00e+00
       22585194        69.47942      1104.51094            5.59        08:07:54        4.20e-02        2.00e+00
       22586219        69.47907      1105.51169            5.59        08:07:38        4.20e-02        2.00e+00
       22587241        69.47877      1106.51185            5.59        08:07:21        4.20e-02        2.00e+00
       22588300        69.47805      1107.51238            5.59        08:07:06        4.20e-02        2.00e+00
       22589286        69.47696      1108.51256            5.60        08:06:48        4.20e-02        2.00e+00
DEBUG @ t=22590000: current_coupling=0.042, last=0.042
       22590345        69.47632      1109.51317            5.60        08:06:33        4.20e-02        2.00e+00
       22591407        69.47552      1110.51408            5.60        08:06:18        4.20e-02        2.00e+00
       22592326        69.47444      1111.51480            5.60        08:05:59        4.20e-02        2.00e+00
       22593276        69.47351      1112.51545            5.60        08:05:41        4.20e-02        2.00e+00
       22594223        69.47205      1113.51589            5.60        08:05:23        4.20e-02        2.00e+00
       22595170        69.47080      1114.51665            5.60        08:05:05        4.20e-02        2.00e+00
       22596165        69.46967      1115.51710            5.60        08:04:48        4.20e-02        2.00e+00
       22597174        69.46868      1116.51740            5.60        08:04:31        4.20e-02        2.00e+00
       22598260        69.46722      1117.51764            5.60        08:04:17        4.20e-02        2.00e+00
       22599255        69.46596      1118.51831            5.60        08:04:00        4.20e-02        2.00e+00
DEBUG @ t=22600000: current_coupling=0.042, last=0.042
[HDF5 Writer DEBUG] timestep=22600000, current_time_ps=1119.276, last_output_time=1119.2753049457028, write_count=106902
       22600239        69.46499      1119.51872            5.60        08:03:43        4.20e-02        2.00e+00
       22601313        69.46435      1120.51883            5.60        08:03:28        4.20e-02        2.00e+00
       22602325        69.46342      1121.51902            5.60        08:03:11        4.20e-02        2.00e+00
       22603353        69.46224      1122.51962            5.60        08:02:55        4.20e-02        2.00e+00
       22604467        69.46192      1123.51975            5.60        08:02:41        4.20e-02        2.00e+00
       22605383        69.46131      1124.52077            5.60        08:02:22        4.20e-02        2.00e+00
       22606419        69.46107      1125.52107            5.60        08:02:06        4.20e-02        2.00e+00
       22607537        69.46124      1126.52160            5.60        08:01:51        4.20e-02        2.00e+00
       22608679        69.46075      1127.52176            5.60        08:01:38        4.20e-02        2.00e+00
       22609696        69.46005      1128.52250            5.60        08:01:21        4.20e-02        2.00e+00
DEBUG @ t=22610000: current_coupling=0.042, last=0.042
       22610734        69.45994      1129.52339            5.60        08:01:05        4.20e-02        2.00e+00
       22611821        69.46218      1130.52426            5.60        08:00:49        4.20e-02        2.00e+00
       22612882        69.46185      1131.52489            5.60        08:00:33        4.20e-02        2.00e+00
       22613933        69.46051      1132.52518            5.60        08:00:18        4.20e-02        2.00e+00
       22614985        69.45896      1133.52531            5.60        08:00:03        4.20e-02        2.00e+00
       22616009        69.45777      1134.52562            5.60        07:59:47        4.20e-02        2.00e+00
       22617111        69.45655      1135.52594            5.60        07:59:32        4.20e-02        2.00e+00
       22618127        69.45565      1136.52643            5.60        07:59:16        4.20e-02        2.00e+00
       22619226        69.45509      1137.52675            5.60        07:59:01        4.20e-02        2.00e+00
DEBUG @ t=22620000: current_coupling=0.042, last=0.042
       22620258        69.45414      1138.52730            5.60        07:58:45        4.20e-02        2.00e+00
       22621201        69.45299      1139.52788            5.60        07:58:27        4.20e-02        2.00e+00
       22622265        69.45225      1140.52801            5.60        07:58:12        4.20e-02        2.00e+00
       22623260        69.45115      1141.52897            5.60        07:57:55        4.20e-02        2.00e+00
       22624227        69.45065      1142.52923            5.60        07:57:38        4.20e-02        2.00e+00
       22625298        69.45029      1143.52981            5.60        07:57:22        4.20e-02        2.00e+00
       22626406        69.44953      1144.53057            5.60        07:57:08        4.20e-02        2.00e+00
       22627274        69.44842      1145.53136            5.60        07:56:48        4.20e-02        2.00e+00
       22628227        69.44814      1146.53172            5.60        07:56:30        4.20e-02        2.00e+00
       22629234        69.44857      1147.53244            5.60        07:56:13        4.20e-02        2.00e+00
DEBUG @ t=22630000: current_coupling=0.042, last=0.042
       22630195        69.44873      1148.53259            5.60        07:55:55        4.20e-02        2.00e+00
       22631162        69.44866      1149.53263            5.60        07:55:37        4.20e-02        2.00e+00
       22632166        69.44829      1150.53270            5.60        07:55:20        4.20e-02        2.00e+00
       22633178        69.44840      1151.53363            5.60        07:55:04        4.20e-02        2.00e+00
       22634212        69.44715      1152.53428            5.60        07:54:48        4.20e-02        2.00e+00
       22635227        69.44654      1153.53458            5.60        07:54:31        4.20e-02        2.00e+00
       22636263        69.44607      1154.53514            5.60        07:54:15        4.20e-02        2.00e+00
       22637337        69.44573      1155.53544            5.60        07:54:00        4.20e-02        2.00e+00
       22638429        69.44523      1156.53555            5.60        07:53:45        4.20e-02        2.00e+00
       22639474        69.44481      1157.53566            5.60        07:53:29        4.20e-02        2.00e+00
DEBUG @ t=22640000: current_coupling=0.042, last=0.042
       22640510        69.44407      1158.53649            5.60        07:53:13        4.20e-02        2.00e+00
       22641537        69.44239      1159.53703            5.60        07:52:58        4.20e-02        2.00e+00
       22642586        69.44081      1160.53777            5.60        07:52:42        4.20e-02        2.00e+00
       22643675        69.44011      1161.53826            5.60        07:52:28        4.20e-02        2.00e+00
       22644760        69.43868      1162.53885            5.60        07:52:13        4.20e-02        2.00e+00
       22645851        69.43747      1163.53963            5.60        07:51:59        4.20e-02        2.00e+00
       22646949        69.43691      1164.54020            5.60        07:51:44        4.20e-02        2.00e+00
       22648064        69.43679      1165.54108            5.60        07:51:30        4.20e-02        2.00e+00
       22649146        69.43604      1166.54158            5.60        07:51:15        4.20e-02        2.00e+00
DEBUG @ t=22650000: current_coupling=0.042, last=0.042
       22650244        69.43515      1167.54233            5.60        07:51:00        4.20e-02        2.00e+00
       22651278        69.43491      1168.54326            5.60        07:50:44        4.20e-02        2.00e+00
       22652333        69.43534      1169.54395            5.60        07:50:28        4.20e-02        2.00e+00
       22653357        69.43497      1170.54426            5.60        07:50:12        4.20e-02        2.00e+00
       22654422        69.43513      1171.54510            5.60        07:49:56        4.20e-02        2.00e+00
       22655486        69.43651      1172.54602            5.60        07:49:40        4.20e-02        2.00e+00
       22656461        69.43739      1173.54645            5.60        07:49:22        4.20e-02        2.00e+00
       22657518        69.43773      1174.54730            5.60        07:49:06        4.20e-02        2.00e+00
       22658523        69.43711      1175.54787            5.60        07:48:49        4.20e-02        2.00e+00
       22659505        69.43675      1176.54885            5.60        07:48:32        4.20e-02        2.00e+00
DEBUG @ t=22660000: current_coupling=0.042, last=0.042
       22660467        69.43590      1177.54914            5.60        07:48:15        4.20e-02        2.00e+00
       22661607        69.43533      1178.54956            5.60        07:48:01        4.20e-02        2.00e+00
       22662651        69.43532      1179.54991            5.60        07:47:45        4.20e-02        2.00e+00
       22663710        69.43471      1180.55059            5.60        07:47:30        4.20e-02        2.00e+00
       22664708        69.43373      1181.55076            5.60        07:47:13        4.20e-02        2.00e+00
       22665757        69.43289      1182.55117            5.60        07:46:57        4.20e-02        2.00e+00
       22666812        69.43207      1183.55199            5.60        07:46:42        4.20e-02        2.00e+00
       22667829        69.43163      1184.55240            5.60        07:46:25        4.20e-02        2.00e+00
       22668876        69.43167      1185.55274            5.60        07:46:09        4.20e-02        2.00e+00
       22669923        69.43222      1186.55333            5.61        07:45:53        4.20e-02        2.00e+00
DEBUG @ t=22670000: current_coupling=0.042, last=0.042
       22670929        69.43160      1187.55422            5.61        07:45:37        4.20e-02        2.00e+00
       22671920        69.43085      1188.55520            5.61        07:45:20        4.20e-02        2.00e+00
       22672932        69.43020      1189.55552            5.61        07:45:03        4.20e-02        2.00e+00
       22673951        69.43002      1190.55560            5.61        07:44:47        4.20e-02        2.00e+00
       22674970        69.43016      1191.55567            5.61        07:44:30        4.20e-02        2.00e+00
       22675984        69.43066      1192.55592            5.61        07:44:13        4.20e-02        2.00e+00
       22676930        69.43044      1193.55698            5.61        07:43:55        4.20e-02        2.00e+00
       22677869        69.43002      1194.55752            5.61        07:43:37        4.20e-02        2.00e+00
       22678859        69.43022      1195.55808            5.61        07:43:20        4.20e-02        2.00e+00
       22679853        69.43008      1196.55890            5.61        07:43:03        4.20e-02        2.00e+00
DEBUG @ t=22680000: current_coupling=0.042, last=0.042
       22680861        69.43030      1197.55971            5.61        07:42:46        4.20e-02        2.00e+00
       22681890        69.43045      1198.56070            5.61        07:42:30        4.20e-02        2.00e+00
       22682912        69.43001      1199.56143            5.61        07:42:14        4.20e-02        2.00e+00
Added F(k,t) reference 6 at t = 1200.004 ps
       22684004        69.42947      1200.56203            5.61        07:41:59        4.20e-02        2.00e+00
       22685077        69.42888      1201.56294            5.61        07:41:44        4.20e-02        2.00e+00
       22686113        69.42830      1202.56339            5.61        07:41:28        4.20e-02        2.00e+00
       22687129        69.42827      1203.56410            5.61        07:41:11        4.20e-02        2.00e+00
       22688121        69.42809      1204.56510            5.61        07:40:54        4.20e-02        2.00e+00
       22689139        69.42812      1205.56588            5.61        07:40:38        4.20e-02        2.00e+00
DEBUG @ t=22690000: current_coupling=0.042, last=0.042
       22690231        69.42981      1206.56622            5.61        07:40:22        4.20e-02        2.00e+00
       22691338        69.43098      1207.56684            5.61        07:40:07        4.20e-02        2.00e+00
       22692581        69.43061      1208.56754            5.61        07:39:55        4.20e-02        2.00e+00
       22693635        69.42996      1209.56777            5.61        07:39:40        4.20e-02        2.00e+00
       22694755        69.42963      1210.56828            5.61        07:39:26        4.20e-02        2.00e+00
       22696030        69.42976      1211.56860            5.61        07:39:15        4.20e-02        2.00e+00
       22697290        69.42945      1212.56937            5.61        07:39:03        4.20e-02        2.00e+00
       22698359        69.42894      1213.56941            5.61        07:38:48        4.20e-02        2.00e+00
       22699443        69.42833      1214.56948            5.61        07:38:33        4.20e-02        2.00e+00
DEBUG @ t=22700000: current_coupling=0.042, last=0.042
[HDF5 Writer DEBUG] timestep=22700000, current_time_ps=1215.105, last_output_time=1215.0990958365655, write_count=116034
       22700495        69.42818      1215.56995            5.61        07:38:17        4.20e-02        2.00e+00
       22701719        69.42821      1216.57049            5.61        07:38:05        4.20e-02        2.00e+00
       22702814        69.42827      1217.57109            5.61        07:37:50        4.20e-02        2.00e+00
       22703909        69.42762      1218.57124            5.61        07:37:36        4.20e-02        2.00e+00
       22705060        69.42754      1219.57175            5.61        07:37:22        4.20e-02        2.00e+00
       22706168        69.42738      1220.57258            5.61        07:37:07        4.20e-02        2.00e+00
       22707253        69.42666      1221.57279            5.61        07:36:53        4.20e-02        2.00e+00
       22708409        69.42655      1222.57320            5.60        07:36:39        4.20e-02        2.00e+00
       22709599        69.42639      1223.57375            5.60        07:36:26        4.20e-02        2.00e+00
DEBUG @ t=22710000: current_coupling=0.042, last=0.042
       22710715        69.42655      1224.57443            5.60        07:36:12        4.20e-02        2.00e+00
       22711801        69.42633      1225.57483            5.60        07:35:57        4.20e-02        2.00e+00
       22712990        69.42661      1226.57516            5.60        07:35:43        4.20e-02        2.00e+00
       22714220        69.42722      1227.57587            5.60        07:35:31        4.20e-02        2.00e+00
       22715396        69.42769      1228.57661            5.60        07:35:18        4.20e-02        2.00e+00
       22716495        69.42692      1229.57692            5.60        07:35:03        4.20e-02        2.00e+00
       22717625        69.42771      1230.57758            5.60        07:34:49        4.20e-02        2.00e+00
       22718902        69.42976      1231.57792            5.60        07:34:37        4.20e-02        2.00e+00
DEBUG @ t=22720000: current_coupling=0.042, last=0.042
       22720047        69.43186      1232.57812            5.60        07:34:22        4.20e-02        2.00e+00
       22721158        69.43179      1233.57884            5.60        07:34:07        4.20e-02        2.00e+00
       22722361        69.43340      1234.57930            5.60        07:33:54        4.20e-02        2.00e+00
       22723560        69.43335      1235.57972            5.60        07:33:41        4.20e-02        2.00e+00
       22724544        69.43271      1236.58001            5.60        07:33:24        4.20e-02        2.00e+00
       22725635        69.43249      1237.58073            5.60        07:33:09        4.20e-02        2.00e+00
       22726625        69.43198      1238.58157            5.60        07:32:52        4.20e-02        2.00e+00
       22727629        69.43123      1239.58198            5.60        07:32:36        4.20e-02        2.00e+00
       22728601        69.43101      1240.58251            5.60        07:32:18        4.20e-02        2.00e+00
       22729601        69.43037      1241.58271            5.60        07:32:02        4.20e-02        2.00e+00
DEBUG @ t=22730000: current_coupling=0.042, last=0.042
       22730708        69.43010      1242.58302            5.60        07:31:47        4.20e-02        2.00e+00
       22731727        69.43002      1243.58321            5.60        07:31:31        4.20e-02        2.00e+00
       22732845        69.43042      1244.58347            5.60        07:31:16        4.20e-02        2.00e+00
       22733941        69.43081      1245.58419            5.60        07:31:01        4.20e-02        2.00e+00
       22734969        69.43129      1246.58442            5.60        07:30:44        4.20e-02        2.00e+00
       22736067        69.43156      1247.58492            5.60        07:30:29        4.20e-02        2.00e+00
       22737264        69.43152      1248.58554            5.60        07:30:17        4.20e-02        2.00e+00
       22738324        69.43143      1249.58610            5.60        07:30:01        4.20e-02        2.00e+00
       22739502        69.43225      1250.58614            5.60        07:29:47        4.20e-02        2.00e+00
DEBUG @ t=22740000: current_coupling=0.042, last=0.042
       22740629        69.43273      1251.58663            5.60        07:29:33        4.20e-02        2.00e+00
       22741677        69.43311      1252.58674            5.60        07:29:17        4.20e-02        2.00e+00
       22742882        69.43335      1253.58756            5.60        07:29:04        4.20e-02        2.00e+00
       22744031        69.43294      1254.58813            5.60        07:28:50        4.20e-02        2.00e+00
       22745217        69.43396      1255.58868            5.60        07:28:37        4.20e-02        2.00e+00
       22746430        69.43494      1256.58950            5.60        07:28:24        4.20e-02        2.00e+00
       22747651        69.43520      1257.58973            5.60        07:28:11        4.20e-02        2.00e+00
       22748809        69.43549      1258.58995            5.60        07:27:57        4.20e-02        2.00e+00
DEBUG @ t=22750000: current_coupling=0.042, last=0.042
       22750037        69.43550      1259.59040            5.60        07:27:45        4.20e-02        2.00e+00
       22751216        69.43497      1260.59056            5.60        07:27:32        4.20e-02        2.00e+00
       22752457        69.43486      1261.59075            5.60        07:27:20        4.20e-02        2.00e+00
       22753569        69.43427      1262.59100            5.60        07:27:05        4.20e-02        2.00e+00
       22754677        69.43276      1263.59168            5.60        07:26:51        4.20e-02        2.00e+00
       22755791        69.43236      1264.59223            5.60        07:26:37        4.20e-02        2.00e+00
       22756891        69.43179      1265.59261            5.60        07:26:22        4.20e-02        2.00e+00
       22758076        69.43160      1266.59288            5.59        07:26:09        4.20e-02        2.00e+00
       22759219        69.43137      1267.59293            5.59        07:25:55        4.20e-02        2.00e+00
DEBUG @ t=22760000: current_coupling=0.042, last=0.042
       22760261        69.43107      1268.59315            5.59        07:25:39        4.20e-02        2.00e+00
       22761249        69.43073      1269.59393            5.59        07:25:22        4.20e-02        2.00e+00
       22762364        69.43058      1270.59439            5.59        07:25:07        4.20e-02        2.00e+00
       22763646        69.43101      1271.59540            5.59        07:24:56        4.20e-02        2.00e+00
       22764699        69.43129      1272.59583            5.59        07:24:40        4.20e-02        2.00e+00
       22766013        69.43458      1273.59639            5.59        07:24:28        4.20e-02        2.00e+00
       22767350        69.43696      1274.59699            5.59        07:24:17        4.20e-02        2.00e+00
       22768597        69.43955      1275.59705            5.59        07:24:04        4.20e-02        2.00e+00
       22769716        69.44027      1276.59738            5.59        07:23:49        4.20e-02        2.00e+00
DEBUG @ t=22770000: current_coupling=0.042, last=0.042
       22771021        69.44117      1277.59749            5.59        07:23:37        4.20e-02        2.00e+00
       22772320        69.44151      1278.59766            5.59        07:23:26        4.20e-02        2.00e+00
       22773359        69.44145      1279.59828            5.59        07:23:10        4.20e-02        2.00e+00
       22774496        69.44084      1280.59890            5.59        07:22:56        4.20e-02        2.00e+00
       22775736        69.44041      1281.59921            5.59        07:22:44        4.20e-02        2.00e+00
2025-11-06 17:31:46 | ERROR | CRITICAL ERROR in simulation: Unable to synchronously flush file (file write failed: time = Thu Nov  6 17:31:46 2025
, filename = 'observables_replica_177.h5', file descriptor = 4, errno = 122, error message = 'Disk quota exceeded', buf = 0x55f561490450, total write size = 3302, bytes this sub-write = 3302, offset = 872412517)
2025-11-06 17:31:46 | ERROR | Full traceback:
2025-11-06 17:31:46 | ERROR | Traceback (most recent call last):
2025-11-06 17:31:46 | ERROR |   File "/scratch/mh7373/micromamba/envs/hoomd/lib/python3.12/site-packages/hoomd/cavitymd/simulation/core.py", line 4753, in run
2025-11-06 17:31:46 | ERROR |     self.run_simulation()
2025-11-06 17:31:46 | ERROR |   File "/scratch/mh7373/micromamba/envs/hoomd/lib/python3.12/site-packages/hoomd/cavitymd/simulation/core.py", line 4807, in run_simulation
2025-11-06 17:31:46 | ERROR |     self.sim.run(total_steps, write_at_start=True)
2025-11-06 17:31:46 | ERROR |   File "/scratch/mh7373/micromamba/envs/hoomd/lib/python3.12/site-packages/hoomd/simulation.py", line 561, in run
2025-11-06 17:31:46 | ERROR |     self._cpp_sys.run(steps_int, write_at_start)
2025-11-06 17:31:46 | ERROR |   File "/scratch/mh7373/micromamba/envs/hoomd/lib/python3.12/site-packages/hoomd/cavitymd/data.py", line 528, in act
2025-11-06 17:31:46 | ERROR |     self.file.flush()
2025-11-06 17:31:46 | ERROR |   File "/scratch/mh7373/micromamba/envs/hoomd/lib/python3.12/site-packages/h5py/_hl/files.py", line 639, in flush
2025-11-06 17:31:46 | ERROR |     h5f.flush(self.id)
2025-11-06 17:31:46 | ERROR |   File "h5py/_objects.pyx", line 56, in h5py._objects.with_phil.wrapper
2025-11-06 17:31:46 | ERROR |   File "h5py/_objects.pyx", line 57, in h5py._objects.with_phil.wrapper
2025-11-06 17:31:46 | ERROR |   File "h5py/h5f.pyx", line 159, in h5py.h5f.flush
2025-11-06 17:31:46 | ERROR | RuntimeError: Unable to synchronously flush file (file write failed: time = Thu Nov  6 17:31:46 2025
2025-11-06 17:31:46 | ERROR | , filename = 'observables_replica_177.h5', file descriptor = 4, errno = 122, error message = 'Disk quota exceeded', buf = 0x55f561490450, total write size = 3302, bytes this sub-write = 3302, offset = 872412517)
2025-11-06 17:31:46 | INFO | Cleanup initiated...
2025-11-06 17:31:46 | INFO | Closing HDF5 observable writer...
2025-11-06 17:31:46 | ERROR | Error closing HDF5 writer: Unable to synchronously flush file (file write failed: time = Thu Nov  6 17:31:46 2025
, filename = 'observables_replica_177.h5', file descriptor = 4, errno = 122, error message = 'Disk quota exceeded', buf = 0x55f56149ba50, total write size = 3302, bytes this sub-write = 3302, offset = 872412517)
DEBUG: Cleanup called - checking for fkt_tracker
DEBUG: No fkt_tracker found or it's None
2025-11-06 17:31:46 | INFO | Returned to original directory: /scratch/mh7373/cav-hoomd/new_final_offres
2025-11-06 17:31:46 | INFO | Cleanup completed
ERROR: Replica 177 failed (coupling: 4.200000e-02 a.u.)

==================================================
Execution Summary
==================================================
Coupling constant used: 4.200000e-02 a.u.
Total replicas: 1
Successful: 0
Failed: 1
Wall time: 19816.42 seconds

WARNING: 1 replicas failed - check individual logs for details
✗ FAILED: DEBUG task 177
