# frequency_cm-1 spectrum_qm_au
0.000000000000000000e+00 0.000000000000000000e+00
3.335687838368875391e-01 6.545510451111667969e+12
6.671375676737750782e-01 2.594454215366270703e+13
1.000706351510662673e+00 5.751909906850463281e+13
1.334275135347550156e+00 1.002442282121820625e+14
1.667843919184437640e+00 1.528751964945260000e+14
2.001412703021325346e+00 2.140781564521101875e+14
2.334981486858212829e+00 2.825400517760878125e+14
2.668550270695100313e+00 3.570451055947288750e+14
3.002119054531987796e+00 4.365166138911753750e+14
3.335687838368875280e+00 5.200302682300333750e+14
3.669256622205763207e+00 6.068081598805195000e+14
4.002825406042650691e+00 6.962021811264652500e+14
4.336394189879538175e+00 7.876734475663803750e+14
4.669962973716425658e+00 8.807719513819118750e+14
5.003531757553313142e+00 9.751186385694447500e+14
5.337100541390200625e+00 1.070390709108112375e+15
5.670669325227088109e+00 1.166310118670853000e+15
6.004238109063975593e+00 1.262634862340203000e+15
6.337806892900863076e+00 1.359152489108913750e+15
6.671375676737750560e+00 1.455675309671491000e+15
7.004944460574638931e+00 1.552036838969916500e+15
7.338513244411526415e+00 1.648089112376276750e+15
7.672082028248413899e+00 1.743700606494557500e+15
8.005650812085301382e+00 1.838754572564094500e+15
8.339219595922187978e+00 1.933147650208583500e+15
8.672788379759076349e+00 2.026788673291978750e+15
9.006357163595962945e+00 2.119597610758679000e+15
9.339925947432851316e+00 2.211504606559175500e+15
9.673494731269739688e+00 2.302449096761442500e+15
1.000706351510662628e+01 2.392378990855014000e+15
1.034063229894351288e+01 2.481249909695616500e+15
1.067420108278040125e+01 2.569024475690416000e+15
1.100776986661728962e+01 2.655671652513946000e+15
1.134133865045417622e+01 2.741166132436673000e+15
1.167490743429106281e+01 2.825487769621879000e+15
1.200847621812795119e+01 2.908621057735454000e+15
1.234204500196483956e+01 2.990554650076986000e+15
1.267561378580172615e+01 3.071280920262336000e+15
1.300918256963861275e+01 3.150795561322498000e+15
1.334275135347550112e+01 3.229097220954221000e+15
1.367632013731239127e+01 3.306187170575790000e+15
1.400988892114927786e+01 3.382069005805641000e+15
1.434345770498616268e+01 3.456748375991602000e+15
1.467702648882305283e+01 3.530232740462726000e+15
1.501059527265994120e+01 3.602531149253489000e+15
1.534416405649682780e+01 3.673654046147779500e+15
1.567773284033371439e+01 3.743613092005876000e+15
1.601130162417060276e+01 3.812421006463464500e+15
1.634487040800749114e+01 3.880091426224724000e+15
1.667843919184437596e+01 3.946638778304459000e+15
1.701200797568126433e+01 4.012078166708140000e+15
1.734557675951815270e+01 4.076425271168504000e+15
1.767914554335504107e+01 4.139696256681789000e+15
1.801271432719192589e+01 4.201907692704566500e+15
1.834628311102881426e+01 4.263076480984241000e+15
1.867985189486570263e+01 4.323219791097939500e+15
1.901342067870259100e+01 4.382355002871278000e+15
1.934698946253947938e+01 4.440499654935491500e+15
1.968055824637636420e+01 4.497671398760857000e+15
2.001412703021325257e+01 4.553887957577388000e+15
2.034769581405014094e+01 4.609167089658776000e+15
2.068126459788702576e+01 4.663526555504402000e+15
2.101483338172391413e+01 4.716984088506911000e+15
2.134840216556080250e+01 4.769557368739099000e+15
2.168197094939769087e+01 4.821263999538052000e+15
2.201553973323457924e+01 4.872121486597424000e+15
2.234910851707146406e+01 4.922147219316303000e+15
2.268267730090835244e+01 4.971358454178181000e+15
2.301624608474524081e+01 5.019772299961432000e+15
2.334981486858212563e+01 5.067405704604295000e+15
2.368338365241901400e+01 5.114275443567106000e+15
2.401695243625590237e+01 5.160398109552364000e+15
2.435052122009279074e+01 5.205790103457722000e+15
2.468409000392967911e+01 5.250467626450640000e+15
2.501765878776656393e+01 5.294446673065812000e+15
2.535122757160345230e+01 5.337743025234782000e+15
2.568479635544034068e+01 5.380372247168920000e+15
2.601836513927722550e+01 5.422349681022002000e+15
2.635193392311411387e+01 5.463690443267784000e+15
2.668550270695100224e+01 5.504409421731990000e+15
2.701907149078789061e+01 5.544521273226363000e+15
2.735264027462478253e+01 5.584040421733258000e+15
2.768620905846166380e+01 5.622981057097416000e+15
2.801977784229855573e+01 5.661357134182448000e+15
2.835334662613544410e+01 5.699182372454136000e+15
2.868691540997232536e+01 5.736470255955801000e+15
2.902048419380921729e+01 5.773234033642506000e+15
2.935405297764610566e+01 5.809486720044500000e+15
2.968762176148299403e+01 5.845241096232049000e+15
3.002119054531988240e+01 5.880509711055348000e+15
3.035475932915676722e+01 5.915304882635513000e+15
3.068832811299365559e+01 5.949638700084192000e+15
3.102189689683054397e+01 5.983523025430828000e+15
3.135546568066742879e+01 6.016969495737860000e+15
3.168903446450431716e+01 6.049989525385578000e+15
3.202260324834120553e+01 6.082594308509354000e+15
3.235617203217809390e+01 6.114794821573956000e+15
3.268974081601498227e+01 6.146601826068758000e+15
3.302330959985186354e+01 6.178025871311154000e+15
3.335687838368875191e+01 6.209077297344126000e+15
3.369044716752564028e+01 6.239766237916418000e+15
3.402401595136252865e+01 6.270102623533420000e+15
3.435758473519941703e+01 6.300096184568630000e+15
3.469115351903630540e+01 6.329756454425086000e+15
3.502472230287319377e+01 6.359092772738478000e+15
3.535829108671008214e+01 6.388114288612124000e+15
3.569185987054696341e+01 6.416829963877190000e+15
3.602542865438385178e+01 6.445248576369353000e+15
3.635899743822074726e+01 6.473378723216092000e+15
3.669256622205762852e+01 6.501228824127572000e+15
3.702613500589452400e+01 6.528807124685668000e+15
3.735970378973140527e+01 6.556121699624860000e+15
3.769327257356828653e+01 6.583180456101573000e+15
3.802684135740518201e+01 6.609991136945094000e+15
3.836041014124207038e+01 6.636561323888080000e+15
3.869397892507895875e+01 6.662898440771099000e+15
3.902754770891584712e+01 6.689009756718454000e+15
3.936111649275272839e+01 6.714902389282105000e+15
3.969468527658962387e+01 6.740583307550011000e+15
4.002825406042650513e+01 6.766059335217191000e+15
4.036182284426339351e+01 6.791337153616594000e+15
4.069539162810028188e+01 6.816423304707242000e+15
4.102896041193717025e+01 6.841324194018791000e+15
4.136252919577405152e+01 6.866046093549448000e+15
4.169609797961094699e+01 6.890595144616990000e+15
4.202966676344782826e+01 6.914977360660562000e+15
4.236323554728472374e+01 6.939198629992782000e+15
4.269680433112160500e+01 6.963264718500430000e+15
4.303037311495849337e+01 6.987181272293917000e+15
4.336394189879538175e+01 7.010953820303519000e+15
4.369751068263227012e+01 7.034587776822914000e+15
4.403107946646915849e+01 7.058088443998853000e+15
4.436464825030604686e+01 7.081461014266891000e+15
4.469821703414292813e+01 7.104710572732759000e+15
4.503178581797982361e+01 7.127842099499442000e+15
4.536535460181670487e+01 7.150860471939435000e+15
4.569892338565359324e+01 7.173770466912766000e+15
4.603249216949048161e+01 7.196576762930135000e+15
4.636606095332736999e+01 7.219283942261949000e+15
4.669962973716425125e+01 7.241896492992812000e+15
4.703319852100114673e+01 7.264418811022440000e+15
4.736676730483802800e+01 7.286855202012217000e+15
4.770033608867492347e+01 7.309209883279075000e+15
4.803390487251180474e+01 7.331486985635412000e+15
4.836747365634869311e+01 7.353690555177204000e+15
4.870104244018558148e+01 7.375824555019036000e+15
4.903461122402246986e+01 7.397892866977846000e+15
4.936818000785935823e+01 7.419899293205000000e+15
4.970174879169624660e+01 7.441847557767450000e+15
5.003531757553312787e+01 7.463741308178634000e+15
5.036888635937002334e+01 7.485584116879218000e+15
5.070245514320690461e+01 7.507379482668583000e+15
5.103602392704379298e+01 7.529130832087591000e+15
5.136959271088068135e+01 7.550841520752618000e+15
5.170316149471756972e+01 7.572514834642294000e+15
5.203673027855445099e+01 7.594153991336512000e+15
5.237029906239134647e+01 7.615762141209064000e+15
5.270386784622822773e+01 7.637342368574112000e+15
5.303743663006512321e+01 7.658897692786918000e+15
5.337100541390200448e+01 7.680431069299462000e+15
5.370457419773889285e+01 7.701945390672032000e+15
5.403814298157578122e+01 7.723443487540024000e+15
5.437171176541266959e+01 7.744928129538228000e+15
5.470528054924956507e+01 7.766402026181533000e+15
5.503884933308644634e+01 7.787867827703600000e+15
5.537241811692332760e+01 7.809328125853666000e+15
5.570598690076022308e+01 7.830785454651943000e+15
5.603955568459711145e+01 7.852242291104289000e+15
5.637312446843399272e+01 7.873701055876720000e+15
5.670669325227088819e+01 7.895164113929769000e+15
5.704026203610776946e+01 7.916633775114030000e+15
5.737383081994465073e+01 7.938112294726594000e+15
5.770739960378154620e+01 7.959601874029194000e+15
5.804096838761843458e+01 7.981104660728889000e+15
5.837453717145532295e+01 8.002622749421002000e+15
5.870810595529221132e+01 8.024158181995324000e+15
5.904167473912909259e+01 8.045712948006242000e+15
5.937524352296598806e+01 8.067288985006508000e+15
5.970881230680286933e+01 8.088888178845977000e+15
6.004238109063976481e+01 8.110512363935099000e+15
6.037594987447664607e+01 8.132163323474161000e+15
6.070951865831353444e+01 8.153842789648369000e+15
6.104308744215042282e+01 8.175552443789436000e+15
6.137665622598731119e+01 8.197293916504044000e+15
6.171022500982419245e+01 8.219068787769808000e+15
6.204379379366108793e+01 8.240878586999156000e+15
6.237736257749796920e+01 8.262724793071312000e+15
6.271093136133485757e+01 8.284608834333480000e+15
6.304450014517174594e+01 8.306532088571210000e+15
6.337806892900863431e+01 8.328495882948616000e+15
6.371163771284552269e+01 8.350501493919142000e+15
6.404520649668241106e+01 8.372550147106892000e+15
6.437877528051929232e+01 8.394643017159904000e+15
6.471234406435618780e+01 8.416781227574864000e+15
6.504591284819306907e+01 8.438965850494842000e+15
6.537948163202996454e+01 8.461197906479904000e+15
6.571305041586684581e+01 8.483478364251522000e+15
6.604661919970372708e+01 8.505808140411385000e+15
6.638018798354062255e+01 8.528188099135072000e+15
6.671375676737750382e+01 8.550619051841472000e+15
6.704732555121439930e+01 8.573101756838473000e+15
6.738089433505128056e+01 8.595636918945778000e+15
6.771446311888817604e+01 8.618225189095160000e+15
6.804803190272505731e+01 8.640867163909528000e+15
6.838160068656195278e+01 8.663563385261170000e+15
6.871516947039883405e+01 8.686314339809992000e+15
6.904873825423572953e+01 8.709120458522806000e+15
6.938230703807261079e+01 8.731982116174216000e+15
6.971587582190949206e+01 8.754899630830569000e+15
7.004944460574638754e+01 8.777873263317130000e+15
7.038301338958326880e+01 8.800903216670182000e+15
7.071658217342016428e+01 8.823989635574653000e+15
7.105015095725704555e+01 8.847132605788453000e+15
7.138371974109392681e+01 8.870332153554517000e+15
7.171728852493082229e+01 8.893588245002044000e+15
7.205085730876770356e+01 8.916900785537438000e+15
7.238442609260459903e+01 8.940269619226999000e+15
7.271799487644149451e+01 8.963694528171934000e+15
7.305156366027837578e+01 8.987175231877352000e+15
7.338513244411525704e+01 9.010711386616660000e+15
7.371870122795213831e+01 9.034302584792444000e+15
7.405227001178904800e+01 9.057948354295716000e+15
7.438583879562592927e+01 9.081648157864616000e+15
7.471940757946281053e+01 9.105401392444464000e+15
7.505297636329969180e+01 9.129207388550716000e+15
7.538654514713657306e+01 9.153065409636020000e+15
7.572011393097348275e+01 9.176974651464004000e+15
7.605368271481036402e+01 9.200934241490440000e+15
7.638725149864724528e+01 9.224943238254748000e+15
7.672082028248414076e+01 9.249000630782624000e+15
7.705438906632102203e+01 9.273105338002436000e+15
7.738795785015791751e+01 9.297256208177122000e+15
7.772152663399479877e+01 9.321452018353380000e+15
7.805509541783169425e+01 9.345691473830622000e+15
7.838866420166857552e+01 9.369973207651482000e+15
7.872223298550545678e+01 9.394295780116012000e+15
7.905580176934233805e+01 9.418657678321944000e+15
7.938937055317924774e+01 9.443057315733122000e+15
7.972293933701612900e+01 9.467493031778360000e+15
8.005650812085301027e+01 9.491963091482962000e+15
8.039007690468989153e+01 9.516465685135572000e+15
8.072364568852678701e+01 9.540998927992028000e+15
8.105721447236368249e+01 9.565560860019524000e+15
8.139078325620056376e+01 9.590149445682470000e+15
8.172435204003744502e+01 9.614762573773436000e+15
8.205792082387434050e+01 9.639398057291016000e+15
8.239148960771122177e+01 9.664053633367074000e+15
8.272505839154810303e+01 9.688726963246134000e+15
8.305862717538499851e+01 9.713415632319248000e+15
8.339219595922189399e+01 9.738117150214556000e+15
8.372576474305877525e+01 9.762828950947368000e+15
8.405933352689565652e+01 9.787548393131790000e+15
8.439290231073253779e+01 9.812272760256612000e+15
8.472647109456944747e+01 9.836999261027592000e+15
8.506003987840632874e+01 9.861725029778756000e+15
8.539360866224321001e+01 9.886447126954332000e+15
8.572717744608009127e+01 9.911162539664658000e+15
8.606074622991698675e+01 9.935868182317024000e+15
8.639431501375388223e+01 9.960560897324352000e+15
8.672788379759076349e+01 9.985237455893532000e+15
8.706145258142764476e+01 1.000989455889529200e+16
8.739502136526454024e+01 1.003452883781735600e+16
8.772859014910142150e+01 1.005913685580298400e+16
8.806215893293831698e+01 1.008371510877616000e+16
8.839572771677519825e+01 1.010826002665524000e+16
8.872929650061209372e+01 1.013276797465619200e+16
8.906286528444897499e+01 1.015723525468708000e+16
8.939643406828585626e+01 1.018165810683428800e+16
8.973000285212273752e+01 1.020603271094224400e+16
9.006357163595964721e+01 1.023035518828678400e+16
9.039714041979652848e+01 1.025462160334308400e+16
9.073070920363340974e+01 1.027882796564866000e+16
9.106427798747029101e+01 1.030297023176158600e+16
9.139784677130718649e+01 1.032704430731405400e+16
9.173141555514408196e+01 1.035104604916115800e+16
9.206498433898096323e+01 1.037497126762468000e+16
9.239855312281785871e+01 1.039881572883109200e+16
9.273212190665473997e+01 1.042257515714328800e+16
9.306569069049162124e+01 1.044624523768492400e+16
9.339925947432850251e+01 1.046982161895602200e+16
9.373282825816541219e+01 1.049329991553884000e+16
9.406639704200229346e+01 1.051667571089159600e+16
9.439996582583917473e+01 1.053994456022898200e+16
9.473353460967605599e+01 1.056310199348645400e+16
9.506710339351293726e+01 1.058614351836642400e+16
9.540067217734984695e+01 1.060906462346363200e+16
9.573424096118672821e+01 1.063186078146646600e+16
9.606780974502360948e+01 1.065452745243141000e+16
9.640137852886050496e+01 1.067706008712699600e+16
9.673494731269738622e+01 1.069945413044379600e+16
9.706851609653428170e+01 1.072170502486648000e+16
9.740208488037116297e+01 1.074380821400360200e+16
9.773565366420805844e+01 1.076575914617128400e+16
9.806922244804493971e+01 1.078755327802574600e+16
9.840279123188182098e+01 1.080918607824008400e+16
9.873636001571871645e+01 1.083065303122042200e+16
9.906992879955561193e+01 1.085194964085608800e+16
9.940349758339249320e+01 1.087307143429844200e+16
9.973706636722937446e+01 1.089401396576318200e+16
1.000706351510662557e+02 1.091477282034965600e+16
1.004042039349031512e+02 1.093534361787236400e+16
1.007377727187400467e+02 1.095572201669770000e+16
1.010713415025769280e+02 1.097590371758057600e+16
1.014049102864138092e+02 1.099588446749411600e+16
1.017384790702507047e+02 1.101566006344677000e+16
1.020720478540875860e+02 1.103522635627990400e+16
1.024056166379244814e+02 1.105457925443980800e+16
1.027391854217613627e+02 1.107371472771756000e+16
1.030727542055982582e+02 1.109262881095037400e+16
1.034063229894351394e+02 1.111131760767778000e+16
1.037398917732720207e+02 1.112977729374640600e+16
1.040734605571089020e+02 1.114800412085692600e+16
1.044070293409458117e+02 1.116599442004680800e+16
1.047405981247826929e+02 1.118374460510242800e+16
1.050741669086195742e+02 1.120125117589491200e+16
1.054077356924564555e+02 1.121851072163296200e+16
1.057413044762933509e+02 1.123551992402742000e+16
1.060748732601302464e+02 1.125227556036149200e+16
1.064084420439671277e+02 1.126877450646098400e+16
1.067420108278040090e+02 1.128501373955945200e+16
1.070755796116409044e+02 1.130099034105297000e+16
1.074091483954777857e+02 1.131670149913939400e+16
1.077427171793146812e+02 1.133214451133774600e+16
1.080762859631515624e+02 1.134731678688299800e+16
1.084098547469884579e+02 1.136221584899233400e+16
1.087434235308253392e+02 1.137683933699849200e+16
1.090769923146622205e+02 1.139118500834742800e+16
1.094105610984991301e+02 1.140525074045604000e+16
1.097441298823360114e+02 1.141903453242761400e+16
1.100776986661728927e+02 1.143253450662215800e+16
1.104112674500097739e+02 1.144574891007916800e+16
1.107448362338466552e+02 1.145867611579094800e+16
1.110784050176835507e+02 1.147131462382475200e+16
1.114119738015204462e+02 1.148366306229252800e+16
1.117455425853573274e+02 1.149572018816699600e+16
1.120791113691942229e+02 1.150748488794393400e+16
1.124126801530311042e+02 1.151895617814983400e+16
1.127462489368679854e+02 1.153013320569539400e+16
1.130798177207048809e+02 1.154101524807493600e+16
1.134133865045417764e+02 1.155160171341281200e+16
1.137469552883786577e+02 1.156189214035750400e+16
1.140805240722155389e+02 1.157188619782506400e+16
1.144140928560524202e+02 1.158158368459346000e+16
1.147476616398893015e+02 1.159098452874990400e+16
1.150812304237262111e+02 1.160008878699349400e+16
1.154147992075630924e+02 1.160889664379560000e+16
1.157483679913999737e+02 1.161740841042115600e+16
1.160819367752368692e+02 1.162562452381361200e+16
1.164155055590737504e+02 1.163354554534735200e+16
1.167490743429106459e+02 1.164117215945087800e+16
1.170826431267475272e+02 1.164850517210476400e+16
1.174162119105844226e+02 1.165554550921833600e+16
1.177497806944213039e+02 1.166229421488960400e+16
1.180833494782581852e+02 1.166875244955228400e+16
1.184169182620950806e+02 1.167492148801536400e+16
1.187504870459319761e+02 1.168080271739900000e+16
1.190840558297688574e+02 1.168639763497250000e+16
1.194176246136057387e+02 1.169170784589858000e+16
1.197511933974426199e+02 1.169673506088977200e+16
1.200847621812795296e+02 1.170148109378137000e+16
1.204183309651164109e+02 1.170594785902674400e+16
1.207518997489532921e+02 1.171013736911996400e+16
1.210854685327901734e+02 1.171405173195132000e+16
1.214190373166270689e+02 1.171769314810071600e+16
1.217526061004639502e+02 1.172106390807468200e+16
1.220861748843008456e+02 1.172416638949214600e+16
1.224197436681377269e+02 1.172700305422414000e+16
1.227533124519746224e+02 1.172957644549312000e+16
1.230868812358115036e+02 1.173188918493672400e+16
1.234204500196483849e+02 1.173394396964142000e+16
1.237540188034852804e+02 1.173574356915096800e+16
1.240875875873221759e+02 1.173729082245493600e+16
1.244211563711590571e+02 1.173858863496189600e+16
1.247547251549959384e+02 1.173963997546242400e+16
1.250882939388328197e+02 1.174044787308648800e+16
1.254218627226697151e+02 1.174101541425975200e+16
1.257554315065066106e+02 1.174134573966341000e+16
1.260890002903434919e+02 1.174144204120177400e+16
1.264225690741803731e+02 1.174130755898196400e+16
1.267561378580172686e+02 1.174094557830945200e+16
1.270897066418541499e+02 1.174035942670373200e+16
1.274232754256910454e+02 1.173955247093768800e+16
1.277568442095279408e+02 1.173852811410402000e+16
1.280904129933648221e+02 1.173728979271265600e+16
1.284239817772017034e+02 1.173584097382191800e+16
1.287575505610385846e+02 1.173418515220687600e+16
1.290911193448754943e+02 1.173232584756763600e+16
1.294246881287123756e+02 1.173026660178038000e+16
1.297582569125492569e+02 1.172801097619373200e+16
1.300918256963861381e+02 1.172556254897298200e+16
1.304253944802230194e+02 1.172292491249416800e+16
1.307589632640599291e+02 1.172010167079045200e+16
1.310925320478968104e+02 1.171709643705241200e+16
1.314261008317336916e+02 1.171391283118424200e+16
1.317596696155705729e+02 1.171055447741728400e+16
1.320932383994074542e+02 1.170702500198250600e+16
1.324268071832443354e+02 1.170332803084309800e+16
1.327603759670812451e+02 1.169946718748842800e+16
1.330939447509181264e+02 1.169544609079022200e+16
1.334275135347550076e+02 1.169126835292206000e+16
1.337610823185919173e+02 1.168693757734259000e+16
1.340946511024287986e+02 1.168245735684337000e+16
1.344282198862656799e+02 1.167783127166151800e+16
1.347617886701025611e+02 1.167306288765766600e+16
1.350953574539394708e+02 1.166815575455933200e+16
1.354289262377763521e+02 1.166311340426990600e+16
1.357624950216132333e+02 1.165793934924306800e+16
1.360960638054501146e+02 1.165263708092264200e+16
1.364296325892870243e+02 1.164721006824765000e+16
1.367632013731239056e+02 1.164166175622208200e+16
1.370967701569607868e+02 1.163599556454920800e+16
1.374303389407976681e+02 1.163021488632969400e+16
1.377639077246345494e+02 1.162432308682302800e+16
1.380974765084714591e+02 1.161832350227170800e+16
1.384310452923083403e+02 1.161221943878715000e+16
1.387646140761452216e+02 1.160601417129682400e+16
1.390981828599821029e+02 1.159971094255155600e+16
1.394317516438189841e+02 1.159331296219211800e+16
1.397653204276558938e+02 1.158682340587414800e+16
1.400988892114927751e+02 1.158024541445022200e+16
1.404324579953296563e+02 1.157358209320832000e+16
1.407660267791665376e+02 1.156683651116512400e+16
1.410995955630034189e+02 1.156001170041338400e+16
1.414331643468403286e+02 1.155311065552186000e+16
1.417667331306772098e+02 1.154613633298685600e+16
1.421003019145140911e+02 1.153909165073387600e+16
1.424338706983509724e+02 1.153197948766833800e+16
1.427674394821878536e+02 1.152480268327387400e+16
1.431010082660247633e+02 1.151756403725696800e+16
1.434345770498616446e+02 1.151026630923672000e+16
1.437681458336985258e+02 1.150291221847824400e+16
1.441017146175354071e+02 1.149550444366840400e+16
1.444352834013723168e+02 1.148804562273261200e+16
1.447688521852091981e+02 1.148053835269128800e+16
1.451024209690460793e+02 1.147298518955466800e+16
1.454359897528829890e+02 1.146538864825452200e+16
1.457695585367198703e+02 1.145775120261160400e+16
1.461031273205567516e+02 1.145007528533743600e+16
1.464366961043936328e+02 1.144236328806896800e+16
1.467702648882305141e+02 1.143461756143514600e+16
1.471038336720674238e+02 1.142684041515362800e+16
1.474374024559042766e+02 1.141903411815678600e+16
1.477709712397411863e+02 1.141120089874553600e+16
1.481045400235780960e+02 1.140334294476975600e+16
1.484381088074149488e+02 1.139546240383396400e+16
1.487716775912518585e+02 1.138756138352741200e+16
1.491052463750887114e+02 1.137964195167683200e+16
1.494388151589256211e+02 1.137170613662126800e+16
1.497723839427625308e+02 1.136375592750734000e+16
1.501059527265993836e+02 1.135579327460415200e+16
1.504395215104362933e+02 1.134782008963663600e+16
1.507730902942731461e+02 1.133983824613613200e+16
1.511066590781100558e+02 1.133184957980743600e+16
1.514402278619469655e+02 1.132385588891091600e+16
1.517737966457838183e+02 1.131585893465904400e+16
1.521073654296207280e+02 1.130786044162625400e+16
1.524409342134576093e+02 1.129986209817093800e+16
1.527745029972944906e+02 1.129186555686910800e+16
1.531080717811314003e+02 1.128387243495841400e+16
1.534416405649682815e+02 1.127588431479183800e+16
1.537752093488051628e+02 1.126790274430034400e+16
1.541087781326420441e+02 1.125992923746326200e+16
1.544423469164789253e+02 1.125196527478613400e+16
1.547759157003158350e+02 1.124401230378476200e+16
1.551094844841527163e+02 1.123607173947517200e+16
1.554430532679895975e+02 1.122814496486832400e+16
1.557766220518264788e+02 1.122023333146932200e+16
1.561101908356633885e+02 1.121233815978012000e+16
1.564437596195002413e+02 1.120446073980522400e+16
1.567773284033371510e+02 1.119660233155984800e+16
1.571108971871740323e+02 1.118876416557975200e+16
1.574444659710109136e+02 1.118094744343236000e+16
1.577780347548478233e+02 1.117315333822851000e+16
1.581116035386846761e+02 1.116538299513438800e+16
1.584451723225215858e+02 1.115763753188308000e+16
1.587787411063584955e+02 1.114991803928533600e+16
1.591123098901953483e+02 1.114222558173901600e+16
1.594458786740322580e+02 1.113456119773686000e+16
1.597794474578691108e+02 1.112692590037210200e+16
1.601130162417060205e+02 1.111932067784160000e+16
1.604465850255429302e+02 1.111174649394606600e+16
1.607801538093797831e+02 1.110420428858698600e+16
1.611137225932166928e+02 1.109669497826008400e+16
1.614472913770535740e+02 1.108921945654477600e+16
1.617808601608904553e+02 1.108177859458950400e+16
1.621144289447273650e+02 1.107437324159252400e+16
1.624479977285642178e+02 1.106700422527798000e+16
1.627815665124011275e+02 1.105967235236707200e+16
1.631151352962380088e+02 1.105237840904375200e+16
1.634487040800748900e+02 1.104512316141524800e+16
1.637822728639117997e+02 1.103790735596676800e+16
1.641158416477486810e+02 1.103073172001039200e+16
1.644494104315855623e+02 1.102359696212796000e+16
1.647829792154224435e+02 1.101650377260776400e+16
1.651165479992593532e+02 1.100945282387492400e+16
1.654501167830962061e+02 1.100244477091522000e+16
1.657836855669331158e+02 1.099548025169242000e+16
1.661172543507699970e+02 1.098855988755881000e+16
1.664508231346068783e+02 1.098168428365892200e+16
1.667843919184437880e+02 1.097485402932640400e+16
1.671179607022806408e+02 1.096806969847372400e+16
1.674515294861175505e+02 1.096133184997504600e+16
1.677850982699544602e+02 1.095464102804166000e+16
1.681186670537913130e+02 1.094799776259052200e+16
1.684522358376282227e+02 1.094140256960528400e+16
1.687858046214650756e+02 1.093485595149017600e+16
1.691193734053019853e+02 1.092835839741652400e+16
1.694529421891388949e+02 1.092191038366191600e+16
1.697865109729757478e+02 1.091551237394201800e+16
1.701200797568126575e+02 1.090916481973499600e+16
1.704536485406495103e+02 1.090286816059851200e+16
1.707872173244864200e+02 1.089662282447941400e+16
1.711207861083233297e+02 1.089042922801598600e+16
1.714543548921601825e+02 1.088428777683281400e+16
1.717879236759970922e+02 1.087819886582837400e+16
1.721214924598339735e+02 1.087216287945518600e+16
1.724550612436708548e+02 1.086618019199275200e+16
1.727886300275077645e+02 1.086025116781313200e+16
1.731221988113446457e+02 1.085437616163933400e+16
1.734557675951815270e+02 1.084855551879646800e+16
1.737893363790184083e+02 1.084278957545575800e+16
1.741229051628552895e+02 1.083707865887134000e+16
1.744564739466921992e+02 1.083142308761013800e+16
1.747900427305290805e+02 1.082582317177454800e+16
1.751236115143659617e+02 1.082027921321826000e+16
1.754571802982028430e+02 1.081479150575510000e+16
1.757907490820397527e+02 1.080936033536106400e+16
1.761243178658766340e+02 1.080398598036942000e+16
1.764578866497135152e+02 1.079866871165924600e+16
1.767914554335503965e+02 1.079340879283715200e+16
1.771250242173872778e+02 1.078820648041239400e+16
1.774585930012241874e+02 1.078306202396554600e+16
1.777921617850610403e+02 1.077797566631051600e+16
1.781257305688979500e+02 1.077294764365029000e+16
1.784592993527348597e+02 1.076797818572626000e+16
1.787928681365717125e+02 1.076306751596125000e+16
1.791264369204086222e+02 1.075821585159642800e+16
1.794600057042454750e+02 1.075342340382197200e+16
1.797935744880823847e+02 1.074869037790173400e+16
1.801271432719192944e+02 1.074401697329189200e+16
1.804607120557561473e+02 1.073940338375367600e+16
1.807942808395930570e+02 1.073484979746028800e+16
1.811278496234299382e+02 1.073035639709797800e+16
1.814614184072668195e+02 1.072592335996148800e+16
1.817949871911037292e+02 1.072155085804379200e+16
1.821285559749405820e+02 1.071723905812037000e+16
1.824621247587774917e+02 1.071298812182793600e+16
1.827956935426143730e+02 1.070879820573777600e+16
1.831292623264512542e+02 1.070466946142376000e+16
1.834628311102881639e+02 1.070060203552506800e+16
1.837963998941250452e+02 1.069659606980375200e+16
1.841299686779619265e+02 1.069265170119717200e+16
1.844635374617988077e+02 1.068876906186538000e+16
1.847971062456357174e+02 1.068494827923352200e+16
1.851306750294725987e+02 1.068118947602935200e+16
1.854642438133094799e+02 1.067749277031587600e+16
1.857978125971463612e+02 1.067385827551932400e+16
1.861313813809832425e+02 1.067028610045230000e+16
1.864649501648201522e+02 1.066677634933241200e+16
1.867985189486570050e+02 1.066332912179627800e+16
1.871320877324939147e+02 1.065994451290909800e+16
1.874656565163308244e+02 1.065662261316975200e+16
1.877992253001676772e+02 1.065336350851160400e+16
1.881327940840045869e+02 1.065016728029897400e+16
1.884663628678414398e+02 1.064703400531938000e+16
1.887999316516783495e+02 1.064396375577170200e+16
1.891335004355152591e+02 1.064095659925019000e+16
1.894670692193521120e+02 1.063801259872443200e+16
1.898006380031890217e+02 1.063513181251545600e+16
1.901342067870258745e+02 1.063231429426784600e+16
1.904677755708627842e+02 1.062956009291807200e+16
1.908013443546996939e+02 1.062686925265903800e+16
1.911349131385365467e+02 1.062424181290096400e+16
1.914684819223734564e+02 1.062167780822856000e+16
1.918020507062103377e+02 1.061917726835469000e+16
1.921356194900472190e+02 1.061674021807048800e+16
1.924691882738841286e+02 1.061436667719202400e+16
1.928027570577210099e+02 1.061205666050359200e+16
1.931363258415578912e+02 1.060981017769769800e+16
1.934698946253947724e+02 1.060762723331166600e+16
1.938034634092316537e+02 1.060550782666124400e+16
1.941370321930685634e+02 1.060345195177085600e+16
1.944706009769054447e+02 1.060145959730094800e+16
1.948041697607423259e+02 1.059953074647223600e+16
1.951377385445792072e+02 1.059766537698697000e+16
1.954713073284161169e+02 1.059586346094745600e+16
1.958048761122529982e+02 1.059412496477156800e+16
1.961384448960898794e+02 1.059244984910564000e+16
1.964720136799267607e+02 1.059083806873463200e+16
1.968055824637636420e+02 1.058928957248960000e+16
1.971391512476005516e+02 1.058780430315271200e+16
1.974727200314374329e+02 1.058638219735967600e+16
1.978062888152743142e+02 1.058502318549978400e+16
1.981398575991112239e+02 1.058372719161359200e+16
1.984734263829480767e+02 1.058249413328828800e+16
1.988069951667849864e+02 1.058132392155086400e+16
1.991405639506218392e+02 1.058021646075908600e+16
1.994741327344587489e+02 1.057917164849048800e+16
1.998077015182956586e+02 1.057818937542919400e+16
2.001412703021325115e+02 1.057726952525100400e+16
2.004748390859694211e+02 1.057641197450642800e+16
2.008084078698063024e+02 1.057561659250210800e+16
2.011419766536431837e+02 1.057488324118040800e+16
2.014755454374800934e+02 1.057421177499745800e+16
2.018091142213169462e+02 1.057360204079961200e+16
2.021426830051538559e+02 1.057305387769849600e+16
2.024762517889907372e+02 1.057256711694462800e+16
2.028098205728276184e+02 1.057214158179977200e+16
2.031433893566645281e+02 1.057177708740809400e+16
2.034769581405014094e+02 1.057147344066622000e+16
2.038105269243382907e+02 1.057123044009223600e+16
2.041440957081751719e+02 1.057104787569382600e+16
2.044776644920120816e+02 1.057092552883548400e+16
2.048112332758489629e+02 1.057086317210511000e+16
2.051448020596858441e+02 1.057086056917990800e+16
2.054783708435227254e+02 1.057091747469173400e+16
2.058119396273596067e+02 1.057103363409211600e+16
2.061455084111965164e+02 1.057120878351685600e+16
2.064790771950333976e+02 1.057144264965048000e+16
2.068126459788702789e+02 1.057173494959059400e+16
2.071462147627071886e+02 1.057208539071226800e+16
2.074797835465440414e+02 1.057249367053250000e+16
2.078133523303809511e+02 1.057295947657502800e+16
2.081469211142178040e+02 1.057348248623546800e+16
2.084804898980547136e+02 1.057406236664697200e+16
2.088140586818916233e+02 1.057469877454650800e+16
2.091476274657284762e+02 1.057539135614193200e+16
2.094811962495653859e+02 1.057613974697996800e+16
2.098147650334022387e+02 1.057694357181515400e+16
2.101483338172391484e+02 1.057780244448005600e+16
2.104819026010760581e+02 1.057871596775673200e+16
2.108154713849129109e+02 1.057968373324969400e+16
2.111490401687498206e+02 1.058070532126047600e+16
2.114826089525867019e+02 1.058178030066391600e+16
2.118161777364235832e+02 1.058290822878643200e+16
2.121497465202604928e+02 1.058408865128628800e+16
2.124833153040973741e+02 1.058532110203613600e+16
2.128168840879342554e+02 1.058660510300793400e+16
2.131504528717711366e+02 1.058794016416040200e+16
2.134840216556080179e+02 1.058932578332921600e+16
2.138175904394449276e+02 1.059076144612007600e+16
2.141511592232818089e+02 1.059224662580483800e+16
2.144847280071186901e+02 1.059378078322088400e+16
2.148182967909555714e+02 1.059536336667389000e+16
2.151518655747924811e+02 1.059699381184416400e+16
2.154854343586293624e+02 1.059867154169683600e+16
2.158190031424662436e+02 1.060039596639583200e+16
2.161525719263031249e+02 1.060216648322219600e+16
2.164861407101400061e+02 1.060398247649652800e+16
2.168197094939769158e+02 1.060584331750609400e+16
2.171532782778137971e+02 1.060774836443648800e+16
2.174868470616506784e+02 1.060969696230829800e+16
2.178204158454875881e+02 1.061168844291881400e+16
2.181539846293244409e+02 1.061372212478896200e+16
2.184875534131613506e+02 1.061579731311576200e+16
2.188211221969982603e+02 1.061791329973040800e+16
2.191546909808351131e+02 1.062006936306223000e+16
2.194882597646720228e+02 1.062226476810865600e+16
2.198218285485088757e+02 1.062449876641149200e+16
2.201553973323457853e+02 1.062677059603954400e+16
2.204889661161826666e+02 1.062907948157794000e+16
2.208225349000195479e+02 1.063142463412426800e+16
2.211561036838564576e+02 1.063380525129164800e+16
2.214896724676933104e+02 1.063622051721914000e+16
2.218232412515302201e+02 1.063866960258943600e+16
2.221568100353671014e+02 1.064115166465416800e+16
2.224903788192039826e+02 1.064366584726699600e+16
2.228239476030408923e+02 1.064621128092460600e+16
2.231575163868777736e+02 1.064878708281586000e+16
2.234910851707146549e+02 1.065139235687927200e+16
2.238246539545515361e+02 1.065402619386885000e+16
2.241582227383884458e+02 1.065668767142871600e+16
2.244917915222253271e+02 1.065937585417645400e+16
2.248253603060622083e+02 1.066208979379540400e+16
2.251589290898990896e+02 1.066482852913615600e+16
2.254924978737359709e+02 1.066759108632722000e+16
2.258260666575728806e+02 1.067037647889519200e+16
2.261596354414097618e+02 1.067318370789438000e+16
2.264932042252466431e+02 1.067601176204621600e+16
2.268267730090835528e+02 1.067885961788836200e+16
2.271603417929204056e+02 1.068172623993383000e+16
2.274939105767573153e+02 1.068461058084007200e+16
2.278274793605941966e+02 1.068751158158822800e+16
2.281610481444310778e+02 1.069042817167257600e+16
2.284946169282679875e+02 1.069335926930034000e+16
2.288281857121048404e+02 1.069630378160181200e+16
2.291617544959417501e+02 1.069926060485095600e+16
2.294953232797786029e+02 1.070222862469652000e+16
2.298288920636155126e+02 1.070520671640371600e+16
2.301624608474524223e+02 1.070819374510638000e+16
2.304960296312892751e+02 1.071118856606988800e+16
2.308295984151261848e+02 1.071419002496456800e+16
2.311631671989630661e+02 1.071719695814977400e+16
2.314967359827999474e+02 1.072020819296857200e+16
2.318303047666368570e+02 1.072322254805298000e+16
2.321638735504737383e+02 1.072623883363976600e+16
2.324974423343106196e+02 1.072925585189677800e+16
2.328310111181475008e+02 1.073227239725960600e+16
2.331645799019843821e+02 1.073528725677871600e+16
2.334981486858212918e+02 1.073829921047674400e+16
2.338317174696581731e+02 1.074130703171603600e+16
2.341652862534950543e+02 1.074430948757616400e+16
2.344988550373319356e+02 1.074730533924142400e+16
2.348324238211688453e+02 1.075029334239800000e+16
2.351659926050057265e+02 1.075327224764085200e+16
2.354995613888426078e+02 1.075624080088991400e+16
2.358331301726794891e+02 1.075919774381565200e+16
2.361666989565163703e+02 1.076214181427351600e+16
2.365002677403532800e+02 1.076507174674737600e+16
2.368338365241901613e+02 1.076798627280138000e+16
2.371674053080270426e+02 1.077088412154024800e+16
2.375009740918639523e+02 1.077376402007762600e+16
2.378345428757008051e+02 1.077662469401218000e+16
2.381681116595377148e+02 1.077946486791127800e+16
2.385016804433746245e+02 1.078228326580177800e+16
2.388352492272114773e+02 1.078507861166780400e+16
2.391688180110483870e+02 1.078784962995496200e+16
2.395023867948852399e+02 1.079059504608084400e+16
2.398359555787221495e+02 1.079331358695133400e+16
2.401695243625590592e+02 1.079600398148239400e+16
2.405030931463959121e+02 1.079866496112694200e+16
2.408366619302328218e+02 1.080129526040644000e+16
2.411702307140696746e+02 1.080389361744674400e+16
2.415037994979065843e+02 1.080645877451785600e+16
2.418373682817434656e+02 1.080898947857704400e+16
2.421709370655803468e+02 1.081148448181512800e+16
2.425045058494172565e+02 1.081394254220510800e+16
2.428380746332541378e+02 1.081636242405306600e+16
2.431716434170910190e+02 1.081874289855064200e+16
2.435052122009279003e+02 1.082108274432866600e+16
2.438387809847648100e+02 1.082338074801149200e+16
2.441723497686016913e+02 1.082563570477153600e+16
2.445059185524385725e+02 1.082784641888352800e+16
2.448394873362754538e+02 1.083001170427798800e+16
2.451730561201123351e+02 1.083213038509337800e+16
2.455066249039492448e+02 1.083420129622657200e+16
2.458401936877861260e+02 1.083622328388092200e+16
2.461737624716230073e+02 1.083819520611161400e+16
2.465073312554599170e+02 1.084011593336771600e+16
2.468409000392967698e+02 1.084198434903038200e+16
2.471744688231336795e+02 1.084379934994679400e+16
2.475080376069705608e+02 1.084555984695928200e+16
2.478416063908074420e+02 1.084726476542912000e+16
2.481751751746443517e+02 1.084891304575448800e+16
2.485087439584812046e+02 1.085050364388220600e+16
2.488423127423181143e+02 1.085203553181262000e+16
2.491758815261550239e+02 1.085350769809719200e+16
2.495094503099918768e+02 1.085491914832842000e+16
2.498430190938287865e+02 1.085626890562148000e+16
2.501765878776656393e+02 1.085755601108720800e+16
2.505101566615025490e+02 1.085877952429595200e+16
2.508437254453394303e+02 1.085993852373187600e+16
2.511772942291763115e+02 1.086103210723728000e+16
2.515108630130132212e+02 1.086205939244643200e+16
2.518444317968501025e+02 1.086301951720866200e+16
2.521780005806869838e+02 1.086391164000020400e+16
2.525115693645238650e+02 1.086473494032446400e+16
2.528451381483607463e+02 1.086548861910030400e+16
2.531787069321976560e+02 1.086617189903801400e+16
2.535122757160345373e+02 1.086678402500267600e+16
2.538458444998714185e+02 1.086732426436453200e+16
2.541794132837082998e+02 1.086779190733603200e+16
2.545129820675452095e+02 1.086818626729545200e+16
2.548465508513820907e+02 1.086850668109653400e+16
2.551801196352189720e+02 1.086875250936413800e+16
2.555136884190558817e+02 1.086892313677554800e+16
2.558472572028927345e+02 1.086901797232721600e+16
2.561808259867296442e+02 1.086903644958682600e+16
2.565143947705665255e+02 1.086897802693038000e+16
2.568479635544034068e+02 1.086884218776424600e+16
2.571815323382402880e+02 1.086862844073197400e+16
2.575151011220771693e+02 1.086833631990574400e+16
2.578486699059140506e+02 1.086796538496242400e+16
2.581822386897509887e+02 1.086751522134400400e+16
2.585158074735878699e+02 1.086698544040248400e+16
2.588493762574247512e+02 1.086637567952911200e+16
2.591829450412616325e+02 1.086568560226789400e+16
2.595165138250985137e+02 1.086491489841345600e+16
2.598500826089353950e+02 1.086406328409317400e+16
2.601836513927722763e+02 1.086313050183367600e+16
2.605172201766091575e+02 1.086211632061173200e+16
2.608507889604460388e+02 1.086102053588951600e+16
2.611843577442829769e+02 1.085984296963448200e+16
2.615179265281198582e+02 1.085858347032379600e+16
2.618514953119567394e+02 1.085724191293348800e+16
2.621850640957936207e+02 1.085581819891248800e+16
2.625186328796305020e+02 1.085431225614164400e+16
2.628522016634673832e+02 1.085272403887789200e+16
2.631857704473042645e+02 1.085105352768375600e+16
2.635193392311411458e+02 1.084930072934234600e+16
2.638529080149780839e+02 1.084746567675811200e+16
2.641864767988149083e+02 1.084554842884346400e+16
2.645200455826518464e+02 1.084354907039163600e+16
2.648536143664886708e+02 1.084146771193585000e+16
2.651871831503256089e+02 1.083930448959516600e+16
2.655207519341624902e+02 1.083705956490726000e+16
2.658543207179993715e+02 1.083473312464833000e+16
2.661878895018362527e+02 1.083232538064049800e+16
2.665214582856731340e+02 1.082983656954692800e+16
2.668550270695100153e+02 1.082726695265497000e+16
2.671885958533469534e+02 1.082461681564773200e+16
2.675221646371838347e+02 1.082188646836421200e+16
2.678557334210207159e+02 1.081907624454845200e+16
2.681893022048575972e+02 1.081618650158801200e+16
2.685228709886944785e+02 1.081321762024204600e+16
2.688564397725313597e+02 1.081017000435936800e+16
2.691900085563682410e+02 1.080704408058679200e+16
2.695235773402051223e+02 1.080384029806815200e+16
2.698571461240420035e+02 1.080055912813430600e+16
2.701907149078789416e+02 1.079720106398447200e+16
2.705242836917158229e+02 1.079376662035925800e+16
2.708578524755527042e+02 1.079025633320572400e+16
2.711914212593895854e+02 1.078667075933485600e+16
2.715249900432264667e+02 1.078301047607177600e+16
2.718585588270633480e+02 1.077927608089901400e+16
2.721921276109002292e+02 1.077546819109328000e+16
2.725256963947371105e+02 1.077158744335599400e+16
2.728592651785740486e+02 1.076763449343798000e+16
2.731928339624108730e+02 1.076361001575860600e+16
2.735264027462478111e+02 1.075951470301986400e+16
2.738599715300846356e+02 1.075534926581549200e+16
2.741935403139215737e+02 1.075111443223570800e+16
2.745271090977584549e+02 1.074681094746775800e+16
2.748606778815953362e+02 1.074243957339264600e+16
2.751942466654322175e+02 1.073800108817841600e+16
2.755278154492690987e+02 1.073349628587016800e+16
2.758613842331059800e+02 1.072892597597736000e+16
2.761949530169429181e+02 1.072429098305846000e+16
2.765285218007797425e+02 1.071959214630346400e+16
2.768620905846166806e+02 1.071483031911444400e+16
2.771956593684535619e+02 1.071000636868448600e+16
2.775292281522904432e+02 1.070512117557531200e+16
2.778627969361273244e+02 1.070017563329389400e+16
2.781963657199642057e+02 1.069517064786823000e+16
2.785299345038010870e+02 1.069010713742276000e+16
2.788635032876379682e+02 1.068498603175347600e+16
2.791970720714749064e+02 1.067980827190314800e+16
2.795306408553117876e+02 1.067457480973684600e+16
2.798642096391486689e+02 1.066928660751803200e+16
2.801977784229855502e+02 1.066394463748549000e+16
2.805313472068224314e+02 1.065854988143129800e+16
2.808649159906593127e+02 1.065310333028007000e+16
2.811984847744961939e+02 1.064760598366977600e+16
2.815320535583330752e+02 1.064205884953421400e+16
2.818656223421700133e+02 1.063646294368754000e+16
2.821991911260068377e+02 1.063081928941086200e+16
2.825327599098437759e+02 1.062512891704128400e+16
2.828663286936806571e+02 1.061939286356343200e+16
2.831998974775175384e+02 1.061361217220379600e+16
2.835334662613544197e+02 1.060778789202798800e+16
2.838670350451913009e+02 1.060192107754108000e+16
2.842006038290281822e+02 1.059601278829125800e+16
2.845341726128650635e+02 1.059006408847692800e+16
2.848677413967019447e+02 1.058407604655739400e+16
2.852013101805388828e+02 1.057804973486731600e+16
2.855348789643757073e+02 1.057198622923509400e+16
2.858684477482126454e+02 1.056588660860526400e+16
2.862020165320495266e+02 1.055975195466508000e+16
2.865355853158864079e+02 1.055358335147544400e+16
2.868691540997232892e+02 1.054738188510624400e+16
2.872027228835601704e+02 1.054114864327622400e+16
2.875362916673970517e+02 1.053488471499757200e+16
2.878698604512339330e+02 1.052859119022525600e+16
2.882034292350708142e+02 1.052226915951121200e+16
2.885369980189077523e+02 1.051591971366357200e+16
2.888705668027446336e+02 1.050954394341087200e+16
2.892041355865815149e+02 1.050314293907148400e+16
2.895377043704183961e+02 1.049671779022822200e+16
2.898712731542552774e+02 1.049026958540830400e+16
2.902048419380921587e+02 1.048379941176865200e+16
2.905384107219290399e+02 1.047730835478666000e+16
2.908719795057659780e+02 1.047079749795646800e+16
2.912055482896028025e+02 1.046426792249078800e+16
2.915391170734397406e+02 1.045772070702836000e+16
2.918726858572766218e+02 1.045115692734704000e+16
2.922062546411135031e+02 1.044457765608264800e+16
2.925398234249503844e+02 1.043798396245351600e+16
2.928733922087872656e+02 1.043137691199080400e+16
2.932069609926241469e+02 1.042475756627469000e+16
2.935405297764610282e+02 1.041812698267634400e+16
2.938740985602979094e+02 1.041148621410575600e+16
2.942076673441348476e+02 1.040483630876546200e+16
2.945412361279717288e+02 1.039817830991016000e+16
2.948748049118085532e+02 1.039151325561220200e+16
2.952083736956454914e+02 1.038484217853302800e+16
2.955419424794823726e+02 1.037816610570045600e+16
2.958755112633192539e+02 1.037148605829194200e+16
2.962090800471561920e+02 1.036480305142368800e+16
2.965426488309930164e+02 1.035811809394565400e+16
2.968762176148298977e+02 1.035143218824250800e+16
2.972097863986667790e+02 1.034474633004036000e+16
2.975433551825037171e+02 1.033806150821939200e+16
2.978769239663405983e+02 1.033137870463231600e+16
2.982104927501774227e+02 1.032469889392861600e+16
2.985440615340143609e+02 1.031802304338461400e+16
2.988776303178512421e+02 1.031135211273919200e+16
2.992111991016881234e+02 1.030468705403530400e+16
2.995447678855250615e+02 1.029802881146713800e+16
2.998783366693618859e+02 1.029137832123293200e+16
3.002119054531987672e+02 1.028473651139333000e+16
3.005454742370357053e+02 1.027810430173536800e+16
3.008790430208725866e+02 1.027148260364189200e+16
3.012126118047094678e+02 1.026487231996646800e+16
3.015461805885462923e+02 1.025827434491371400e+16
3.018797493723832304e+02 1.025168956392495600e+16
3.022133181562201116e+02 1.024511885356914200e+16
3.025468869400569929e+02 1.023856308143908200e+16
3.028804557238939310e+02 1.023202310605280800e+16
3.032140245077307554e+02 1.022549977676002200e+16
3.035475932915676367e+02 1.021899393365368800e+16
3.038811620754045748e+02 1.021250640748651600e+16
3.042147308592414561e+02 1.020603801959241200e+16
3.045482996430783373e+02 1.019958958181278200e+16
3.048818684269152186e+02 1.019316189642758000e+16
3.052154372107520999e+02 1.018675575609113600e+16
3.055490059945889811e+02 1.018037194377252400e+16
3.058825747784259192e+02 1.017401123270057600e+16
3.062161435622628005e+02 1.016767438631334200e+16
3.065497123460996249e+02 1.016136215821196000e+16
3.068832811299365630e+02 1.015507529211888600e+16
3.072168499137734443e+02 1.014881452184033600e+16
3.075504186976103256e+02 1.014258057123292600e+16
3.078839874814472637e+02 1.013637415417443200e+16
3.082175562652840881e+02 1.013019597453850000e+16
3.085511250491209694e+02 1.012404672617335600e+16
3.088846938329578506e+02 1.011792709288431800e+16
3.092182626167947888e+02 1.011183774842009400e+16
3.095518314006316700e+02 1.010577935646276400e+16
3.098854001844684944e+02 1.009975257062134800e+16
3.102189689683054326e+02 1.009375803442892400e+16
3.105525377521423138e+02 1.008779638134314400e+16
3.108861065359791951e+02 1.008186823475009600e+16
3.112196753198160764e+02 1.007597420797147600e+16
3.115532441036529576e+02 1.007011490427489200e+16
3.118868128874898389e+02 1.006429091688726800e+16
3.122203816713267770e+02 1.005850282901129000e+16
3.125539504551636583e+02 1.005275121384475000e+16
3.128875192390004827e+02 1.004703663460274400e+16
3.132210880228373640e+02 1.004135964454264000e+16
3.135546568066743021e+02 1.003572078699168400e+16
3.138882255905111833e+02 1.003012059537726000e+16
3.142217943743480646e+02 1.002455959325960400e+16
3.145553631581849459e+02 1.001903829436696800e+16
3.148889319420218271e+02 1.001355720263315200e+16
3.152225007258587084e+02 1.000811681223728000e+16
3.155560695096956465e+02 1.000271760764573200e+16
3.158896382935325278e+02 9.997360063656272000e+15
3.162232070773693522e+02 9.992044645444108000e+15
3.165567758612062903e+02 9.986771808609966000e+15
3.168903446450431716e+02 9.981541999229992000e+15
3.172239134288800528e+02 9.976355653907480000e+15
3.175574822127169909e+02 9.971213199826312000e+15
3.178910509965538154e+02 9.966115054806034000e+15
3.182246197803906966e+02 9.961061627358524000e+15
3.185581885642276347e+02 9.956053316746116000e+15
3.188917573480645160e+02 9.951090513041212000e+15
3.192253261319013973e+02 9.946173597187192000e+15
3.195588949157382217e+02 9.941302941060644000e+15
3.198924636995751598e+02 9.936478907534796000e+15
3.202260324834120411e+02 9.931701850544106000e+15
3.205596012672489223e+02 9.926972115149912000e+15
3.208931700510858605e+02 9.922290037607128000e+15
3.212267388349226849e+02 9.917655945431880000e+15
3.215603076187595661e+02 9.913070157470040000e+15
3.218938764025965042e+02 9.908532983966536000e+15
3.222274451864333855e+02 9.904044726635504000e+15
3.225610139702702668e+02 9.899605678731104000e+15
3.228945827541071480e+02 9.895216125118982000e+15
3.232281515379440293e+02 9.890876342348316000e+15
3.235617203217809106e+02 9.886586598724452000e+15
3.238952891056178487e+02 9.882347154381908000e+15
3.242288578894547300e+02 9.878158261357940000e+15
3.245624266732915544e+02 9.874020163666358000e+15
3.248959954571284356e+02 9.869933097371752000e+15
3.252295642409653738e+02 9.865897290663938000e+15
3.255631330248022550e+02 9.861912963932628000e+15
3.258967018086391363e+02 9.857980329842322000e+15
3.262302705924760176e+02 9.854099593407272000e+15
3.265638393763128988e+02 9.850270952066572000e+15
3.268974081601497801e+02 9.846494595759248000e+15
3.272309769439867182e+02 9.842770706999388000e+15
3.275645457278235995e+02 9.839099460951188000e+15
3.278981145116604239e+02 9.835481025503952000e+15
3.282316832954973620e+02 9.831915561346948000e+15
3.285652520793342433e+02 9.828403222044072000e+15
3.288988208631711245e+02 9.824944154108400000e+15
3.292323896470080626e+02 9.821538497076396000e+15
3.295659584308448871e+02 9.818186383581944000e+15
3.298995272146817683e+02 9.814887939430048000e+15
3.302330959985187064e+02 9.811643283670162000e+15
3.305666647823555877e+02 9.808452528669224000e+15
3.309002335661924121e+02 9.805315780184224000e+15
3.312338023500292934e+02 9.802233137434448000e+15
3.315673711338662315e+02 9.799204693173142000e+15
3.319009399177031128e+02 9.796230533758812000e+15
3.322345087015399940e+02 9.793310739225964000e+15
3.325680774853768753e+02 9.790445383355332000e+15
3.329016462692137566e+02 9.787634533743584000e+15
3.332352150530506378e+02 9.784878251872384000e+15
3.335687838368875759e+02 9.782176593176952000e+15
3.339023526207244572e+02 9.779529607113938000e+15
3.342359214045612816e+02 9.776937337228680000e+15
3.345694901883982197e+02 9.774399821221880000e+15
3.349030589722351010e+02 9.771917091015474000e+15
3.352366277560719823e+02 9.769489172817954000e+15
3.355701965399089204e+02 9.767116087188896000e+15
3.359037653237457448e+02 9.764797849102836000e+15
3.362373341075826261e+02 9.762534468012354000e+15
3.365709028914195073e+02 9.760325947910488000e+15
3.369044716752564455e+02 9.758172287392308000e+15
3.372380404590933267e+02 9.756073479715816000e+15
3.375716092429301511e+02 9.754029512861984000e+15
3.379051780267670892e+02 9.752040369594080000e+15
3.382387468106039705e+02 9.750106027516144000e+15
3.385723155944408518e+02 9.748226459130670000e+15
3.389058843782777899e+02 9.746401631895516000e+15
3.392394531621146143e+02 9.744631508279950000e+15
3.395730219459514956e+02 9.742916045819896000e+15
3.399065907297884337e+02 9.741255197172336000e+15
3.402401595136253150e+02 9.739648910168898000e+15
3.405737282974621962e+02 9.738097127868594000e+15
3.409072970812990206e+02 9.736599788609712000e+15
3.412408658651359588e+02 9.735156826060894000e+15
3.415744346489728400e+02 9.733768169271312000e+15
3.419080034328097213e+02 9.732433742720048000e+15
3.422415722166466594e+02 9.731153466364608000e+15
3.425751410004834838e+02 9.729927255688592000e+15
3.429087097843203651e+02 9.728755021748500000e+15
3.432422785681573032e+02 9.727636671219702000e+15
3.435758473519941845e+02 9.726572106441572000e+15
3.439094161358310657e+02 9.725561225461764000e+15
3.442429849196679470e+02 9.724603922079620000e+15
3.445765537035048283e+02 9.723700085888832000e+15
3.449101224873417095e+02 9.722849602319128000e+15
3.452436912711786476e+02 9.722052352677242000e+15
3.455772600550155289e+02 9.721308214187012000e+15
3.459108288388523533e+02 9.720617060028634000e+15
3.462443976226892914e+02 9.719978759377154000e+15
3.465779664065261727e+02 9.719393177440076000e+15
3.469115351903630540e+02 9.718860175494210000e+15
3.472451039741999921e+02 9.718379610921720000e+15
3.475786727580368165e+02 9.717951337245348000e+15
3.479122415418736978e+02 9.717575204162860000e+15
3.482458103257105790e+02 9.717251057580740000e+15
3.485793791095475171e+02 9.716978739647044000e+15
3.489129478933843984e+02 9.716758088783590000e+15
3.492465166772212228e+02 9.716588939717280000e+15
3.495800854610581609e+02 9.716471123510750000e+15
3.499136542448950422e+02 9.716404467592260000e+15
3.502472230287319235e+02 9.716388795784822000e+15
3.505807918125688616e+02 9.716423928334674000e+15
3.509143605964056860e+02 9.716509681938952000e+15
3.512479293802425673e+02 9.716645869772760000e+15
3.515814981640795054e+02 9.716832301515448000e+15
3.519150669479163867e+02 9.717068783376314000e+15
3.522486357317532679e+02 9.717355118119516000e+15
3.525822045155900923e+02 9.717691105088434000e+15
3.529157732994270305e+02 9.718076540229324000e+15
3.532493420832639117e+02 9.718511216114332000e+15
3.535829108671007930e+02 9.718994921963910000e+15
3.539164796509376743e+02 9.719527443668582000e+15
3.542500484347745555e+02 9.720108563810162000e+15
3.545836172186114368e+02 9.720738061682320000e+15
3.549171860024483749e+02 9.721415713310582000e+15
3.552507547862852562e+02 9.722141291471800000e+15
3.555843235701220806e+02 9.722914565713030000e+15
3.559178923539590187e+02 9.723735302369890000e+15
3.562514611377959000e+02 9.724603264584368000e+15
3.565850299216327812e+02 9.725518212322116000e+15
3.569185987054697193e+02 9.726479902389268000e+15
3.572521674893065438e+02 9.727488088448728000e+15
3.575857362731434250e+02 9.728542521036026000e+15
3.579193050569803631e+02 9.729642947574640000e+15
3.582528738408172444e+02 9.730789112390952000e+15
3.585864426246541257e+02 9.731980756728676000e+15
3.589200114084909501e+02 9.733217618762960000e+15
3.592535801923278882e+02 9.734499433613996000e+15
3.595871489761647695e+02 9.735825933360270000e+15
3.599207177600016507e+02 9.737196847051404000e+15
3.602542865438385888e+02 9.738611900720672000e+15
3.605878553276754133e+02 9.740070817397110000e+15
3.609214241115122945e+02 9.741573317117322000e+15
3.612549928953492326e+02 9.743119116936932000e+15
3.615885616791861139e+02 9.744707930941744000e+15
3.619221304630229952e+02 9.746339470258556000e+15
3.622556992468598764e+02 9.748013443065762000e+15
3.625892680306967577e+02 9.749729554603630000e+15
3.629228368145336390e+02 9.751487507184298000e+15
3.632564055983705771e+02 9.753287000201608000e+15
3.635899743822074583e+02 9.755127730140620000e+15
3.639235431660442828e+02 9.757009390586970000e+15
3.642571119498811640e+02 9.758931672236030000e+15
3.645906807337181021e+02 9.760894262901792000e+15
3.649242495175549834e+02 9.762896847525708000e+15
3.652578183013918647e+02 9.764939108185260000e+15
3.655913870852287459e+02 9.767020724102454000e+15
3.659249558690656272e+02 9.769141371652152000e+15
3.662585246529025085e+02 9.771300724370282000e+15
3.665920934367394466e+02 9.773498452961964000e+15
3.669256622205763279e+02 9.775734225309520000e+15
3.672592310044131523e+02 9.778007706480440000e+15
3.675927997882500904e+02 9.780318558735264000e+15
3.679263685720869717e+02 9.782666441535436000e+15
3.682599373559238529e+02 9.785051011551062000e+15
3.685935061397607910e+02 9.787471922668756000e+15
3.689270749235976155e+02 9.789928825999374000e+15
3.692606437074344967e+02 9.792421369885836000e+15
3.695942124912714348e+02 9.794949199910900000e+15
3.699277812751083161e+02 9.797511958905016000e+15
3.702613500589451974e+02 9.800109286954224000e+15
3.705949188427820218e+02 9.802740821408092000e+15
3.709284876266189599e+02 9.805406196887746000e+15
3.712620564104558412e+02 9.808105045294000000e+15
3.715956251942927224e+02 9.810836995815542000e+15
3.719291939781296605e+02 9.813601674937288000e+15
3.722627627619664850e+02 9.816398706448820000e+15
3.725963315458033662e+02 9.819227711453044000e+15
3.729299003296403043e+02 9.822088308374866000e+15
3.732634691134771856e+02 9.824980112970148000e+15
3.735970378973140100e+02 9.827902738334848000e+15
3.739306066811509481e+02 9.830855794914268000e+15
3.742641754649878294e+02 9.833838890512558000e+15
3.745977442488247107e+02 9.836851630302496000e+15
3.749313130326616488e+02 9.839893616835362000e+15
3.752648818164984732e+02 9.842964450051174000e+15
3.755984506003353545e+02 9.846063727289160000e+15
3.759320193841722357e+02 9.849191043298452000e+15
3.762655881680091738e+02 9.852345990249092000e+15
3.765991569518460551e+02 9.855528157743338000e+15
3.769327257356828795e+02 9.858737132827266000e+15
3.772662945195198176e+02 9.861972500002692000e+15
3.775998633033566989e+02 9.865233841239418000e+15
3.779334320871935802e+02 9.868520735987812000e+15
3.782670008710305183e+02 9.871832761191778000e+15
3.786005696548673427e+02 9.875169491302054000e+15
3.789341384387042240e+02 9.878530498289896000e+15
3.792677072225411621e+02 9.881915351661160000e+15
3.796012760063780433e+02 9.885323618470760000e+15
3.799348447902149246e+02 9.888754863337590000e+15
3.802684135740517490e+02 9.892208648459788000e+15
3.806019823578886871e+02 9.895684533630540000e+15
3.809355511417255684e+02 9.899182076254204000e+15
3.812691199255625065e+02 9.902700831362982000e+15
3.816026887093993878e+02 9.906240351634062000e+15
3.819362574932362122e+02 9.909800187407160000e+15
3.822698262770730935e+02 9.913379886702624000e+15
3.826033950609100316e+02 9.916978995240016000e+15
3.829369638447469129e+02 9.920597056457208000e+15
3.832705326285837941e+02 9.924233611529968000e+15
3.836041014124206754e+02 9.927888199392134000e+15
3.839376701962575567e+02 9.931560356756286000e+15
3.842712389800944379e+02 9.935249618134990000e+15
3.846048077639313760e+02 9.938955515862606000e+15
3.849383765477682573e+02 9.942677580117638000e+15
3.852719453316050817e+02 9.946415338945742000e+15
3.856055141154420198e+02 9.950168318283244000e+15
3.859390828992789011e+02 9.953936041981314000e+15
3.862726516831157824e+02 9.957718031830744000e+15
3.866062204669527205e+02 9.961513807587330000e+15
3.869397892507895449e+02 9.965322886997918000e+15
3.872733580346264262e+02 9.969144785827096000e+15
3.876069268184633074e+02 9.972979017884502000e+15
3.879404956023002455e+02 9.976825095052804000e+15
3.882740643861371268e+02 9.980682527316416000e+15
3.886076331699739512e+02 9.984550822790820000e+15
3.889412019538108893e+02 9.988429487752612000e+15
3.892747707376477706e+02 9.992318026670252000e+15
3.896083395214846519e+02 9.996215942235524000e+15
3.899419083053215900e+02 1.000012273539571800e+16
3.902754770891584144e+02 1.000403790538653200e+16
3.906090458729952957e+02 1.000796094976573800e+16
3.909426146568322338e+02 1.001189136444755600e+16
3.912761834406691150e+02 1.001582864373783400e+16
3.916097522245059963e+02 1.001977228036996000e+16
3.919433210083428207e+02 1.002372176554158200e+16
3.922768897921797588e+02 1.002767658895205000e+16
3.926104585760166401e+02 1.003163623884074800e+16
3.929440273598535214e+02 1.003560020202613800e+16
3.932775961436904595e+02 1.003956796394567000e+16
3.936111649275272839e+02 1.004353900869648800e+16
3.939447337113641652e+02 1.004751281907699400e+16
3.942783024952011033e+02 1.005148887662919200e+16
3.946118712790379846e+02 1.005546666168192000e+16
3.949454400628748658e+02 1.005944565339497600e+16
3.952790088467117471e+02 1.006342532980396800e+16
3.956125776305486283e+02 1.006740516786620400e+16
3.959461464143855096e+02 1.007138464350734600e+16
3.962797151982224477e+02 1.007536323166896400e+16
3.966132839820592721e+02 1.007934040635700800e+16
3.969468527658961534e+02 1.008331564069121600e+16
3.972804215497330915e+02 1.008728840695530000e+16
3.976139903335699728e+02 1.009125817664820800e+16
3.979475591174068541e+02 1.009522442053617200e+16
3.982811279012436785e+02 1.009918660870578200e+16
3.986146966850806166e+02 1.010314421061794000e+16
3.989482654689174979e+02 1.010709669516274600e+16
3.992818342527543791e+02 1.011104353071538400e+16
3.996154030365913172e+02 1.011498418519291600e+16
3.999489718204281417e+02 1.011891812611202600e+16
4.002825406042650229e+02 1.012284482064778000e+16
4.006161093881019610e+02 1.012676373569331200e+16
4.009496781719388423e+02 1.013067433792047000e+16
4.012832469557757236e+02 1.013457609384148800e+16
4.016168157396126048e+02 1.013846846987159600e+16
4.019503845234494861e+02 1.014235093239264400e+16
4.022839533072863674e+02 1.014622294781767200e+16
4.026175220911233055e+02 1.015008398265654000e+16
4.029510908749601867e+02 1.015393350358249000e+16
4.032846596587970112e+02 1.015777097749969600e+16
4.036182284426338924e+02 1.016159587161190800e+16
4.039517972264708305e+02 1.016540765349196000e+16
4.042853660103077118e+02 1.016920579115237200e+16
4.046189347941445931e+02 1.017298975311691800e+16
4.049525035779814743e+02 1.017675900849319800e+16
4.052860723618183556e+02 1.018051302704621200e+16
4.056196411456552369e+02 1.018425127927289200e+16
4.059532099294921750e+02 1.018797323647771600e+16
4.062867787133290562e+02 1.019167837084919200e+16
4.066203474971658807e+02 1.019536615553746000e+16
4.069539162810028188e+02 1.019903606473277600e+16
4.072874850648397000e+02 1.020268757374501600e+16
4.076210538486765813e+02 1.020632015908416800e+16
4.079546226325135194e+02 1.020993329854175000e+16
4.082881914163503438e+02 1.021352647127324400e+16
4.086217602001872251e+02 1.021709915788144000e+16
4.089553289840241632e+02 1.022065084050073200e+16
4.092888977678610445e+02 1.022418100288236000e+16
4.096224665516979258e+02 1.022768913048057600e+16
4.099560353355347502e+02 1.023117471053972000e+16
4.102896041193716883e+02 1.023463723218218400e+16
4.106231729032085696e+02 1.023807618649732200e+16
4.109567416870454508e+02 1.024149106663114400e+16
4.112903104708823889e+02 1.024488136787693200e+16
4.116238792547192133e+02 1.024824658776672600e+16
4.119574480385560946e+02 1.025158622616355600e+16
4.122910168223930327e+02 1.025489978535454400e+16
4.126245856062299140e+02 1.025818677014479400e+16
4.129581543900667953e+02 1.026144668795202000e+16
4.132917231739036765e+02 1.026467904890195800e+16
4.136252919577405578e+02 1.026788336592451600e+16
4.139588607415774391e+02 1.027105915485056400e+16
4.142924295254143772e+02 1.027420593450946800e+16
4.146259983092512584e+02 1.027732322682726000e+16
4.149595670930880829e+02 1.028041055692544000e+16
4.152931358769249641e+02 1.028346745322036800e+16
4.156267046607619022e+02 1.028649344752322800e+16
4.159602734445987835e+02 1.028948807514056000e+16
4.162938422284356079e+02 1.029245087497521400e+16
4.166274110122725460e+02 1.029538138962796400e+16
4.169609797961094273e+02 1.029827916549932800e+16
4.172945485799463086e+02 1.030114375289199000e+16
4.176281173637832467e+02 1.030397470611350600e+16
4.179616861476200711e+02 1.030677158357933800e+16
4.182952549314569524e+02 1.030953394791624800e+16
4.186288237152938905e+02 1.031226136606585400e+16
4.189623924991307717e+02 1.031495340938850800e+16
4.192959612829676530e+02 1.031760965376724200e+16
4.196295300668044774e+02 1.032022967971192800e+16
4.199630988506414155e+02 1.032281307246347200e+16
4.202966676344782968e+02 1.032535942209806800e+16
4.206302364183152349e+02 1.032786832363145200e+16
4.209638052021521162e+02 1.033033937712305600e+16
4.212973739859889406e+02 1.033277218778012000e+16
4.216309427698258219e+02 1.033516636606161200e+16
4.219645115536627600e+02 1.033752152778193200e+16
4.222980803374996412e+02 1.033983729421438800e+16
4.226316491213365225e+02 1.034211329219433200e+16
4.229652179051734038e+02 1.034434915422196000e+16
4.232987866890102850e+02 1.034654451856466400e+16
4.236323554728471663e+02 1.034869902935891000e+16
4.239659242566841044e+02 1.035081233671160000e+16
4.242994930405209857e+02 1.035288409680080200e+16
4.246330618243578101e+02 1.035491397197589600e+16
4.249666306081947482e+02 1.035690163085695800e+16
4.253001993920316295e+02 1.035884674843335600e+16
4.256337681758685108e+02 1.036074900616159000e+16
4.259673369597054489e+02 1.036260809206215800e+16
4.263009057435422733e+02 1.036442370081553800e+16
4.266344745273791546e+02 1.036619553385709200e+16
4.269680433112160358e+02 1.036792329947096000e+16
4.273016120950529739e+02 1.036960671288271600e+16
4.276351808788898552e+02 1.037124549635094800e+16
4.279687496627266796e+02 1.037283937925742000e+16
4.283023184465636177e+02 1.037438809819605600e+16
4.286358872304004990e+02 1.037589139706038800e+16
4.289694560142373803e+02 1.037734902712964200e+16
4.293030247980743184e+02 1.037876074715322800e+16
4.296365935819111428e+02 1.038012632343372800e+16
4.299701623657480241e+02 1.038144552990811600e+16
4.303037311495849622e+02 1.038271814822738000e+16
4.306372999334218434e+02 1.038394396783426000e+16
4.309708687172587247e+02 1.038512278603922600e+16
4.313044375010955491e+02 1.038625440809449600e+16
4.316380062849324872e+02 1.038733864726613200e+16
4.319715750687693685e+02 1.038837532490402400e+16
4.323051438526062498e+02 1.038936427050991200e+16
4.326387126364431879e+02 1.039030532180313600e+16
4.329722814202800123e+02 1.039119832478423800e+16
4.333058502041168936e+02 1.039204313379630800e+16
4.336394189879538317e+02 1.039283961158393400e+16
4.339729877717907129e+02 1.039358762934986800e+16
4.343065565556275942e+02 1.039428706680915600e+16
4.346401253394644755e+02 1.039493781224085200e+16
4.349736941233013567e+02 1.039553976253714400e+16
4.353072629071382380e+02 1.039609282324990000e+16
4.356408316909751761e+02 1.039659690863455600e+16
4.359744004748120574e+02 1.039705194169131600e+16
4.363079692586488818e+02 1.039745785420360400e+16
4.366415380424858199e+02 1.039781458677374800e+16
4.369751068263227012e+02 1.039812208885576000e+16
4.373086756101595824e+02 1.039838031878534000e+16
4.376422443939965206e+02 1.039858924380689000e+16
4.379758131778333450e+02 1.039874884009760000e+16
4.383093819616702262e+02 1.039885909278852200e+16
4.386429507455071075e+02 1.039891999598263200e+16
4.389765195293440456e+02 1.039893155276987600e+16
4.393100883131808700e+02 1.039889377523899600e+16
4.396436570970177513e+02 1.039880668448637400e+16
4.399772258808546894e+02 1.039867031062165200e+16
4.403107946646915707e+02 1.039848469277020600e+16
4.406443634485284520e+02 1.039824987907240800e+16
4.409779322323653332e+02 1.039796592667968800e+16
4.413115010162022145e+02 1.039763290174740000e+16
4.416450698000390958e+02 1.039725087942433400e+16
4.419786385838760339e+02 1.039681994383910000e+16
4.423122073677129151e+02 1.039634018808316000e+16
4.426457761515497396e+02 1.039581171419058800e+16
4.429793449353866208e+02 1.039523463311460200e+16
4.433129137192235589e+02 1.039460906470073200e+16
4.436464825030604402e+02 1.039393513765675400e+16
4.439800512868973215e+02 1.039321298951933800e+16
4.443136200707342027e+02 1.039244276661739800e+16
4.446471888545710840e+02 1.039162462403217000e+16
4.449807576384079653e+02 1.039075872555404000e+16
4.453143264222449034e+02 1.038984524363608800e+16
4.456478952060817846e+02 1.038888435934448400e+16
4.459814639899186091e+02 1.038787626230552400e+16
4.463150327737555472e+02 1.038682115064960800e+16
4.466486015575924284e+02 1.038571923095193600e+16
4.469821703414293097e+02 1.038457071817011200e+16
4.473157391252662478e+02 1.038337583557859400e+16
4.476493079091030722e+02 1.038213481470007000e+16
4.479828766929399535e+02 1.038084789523374000e+16
4.483164454767768916e+02 1.037951532498060000e+16
4.486500142606137729e+02 1.037813735976567600e+16
4.489835830444506541e+02 1.037671426335741200e+16
4.493171518282874786e+02 1.037524630738400600e+16
4.496507206121244167e+02 1.037373377124700000e+16
4.499842893959612979e+02 1.037217694203194400e+16
4.503178581797981792e+02 1.037057611441635600e+16
4.506514269636351173e+02 1.036893159057492000e+16
4.509849957474719417e+02 1.036724368008199600e+16
4.513185645313088230e+02 1.036551269981155400e+16
4.516521333151457611e+02 1.036373897383448800e+16
4.519857020989826424e+02 1.036192283331344400e+16
4.523192708828195236e+02 1.036006461639519600e+16
4.526528396666564049e+02 1.035816466810062600e+16
4.529864084504932862e+02 1.035622334021239600e+16
4.533199772343301674e+02 1.035424099116030200e+16
4.536535460181671056e+02 1.035221798590449600e+16
4.539871148020039868e+02 1.035015469581651000e+16
4.543206835858408112e+02 1.034805149855827600e+16
4.546542523696776925e+02 1.034590877795911600e+16
4.549878211535146306e+02 1.034372692389078800e+16
4.553213899373515119e+02 1.034150633214072800e+16
4.556549587211883932e+02 1.033924740428345400e+16
4.559885275050252744e+02 1.033695054755034400e+16
4.563220962888621557e+02 1.033461617469766000e+16
4.566556650726990370e+02 1.033224470387314600e+16
4.569892338565359751e+02 1.032983655848103200e+16
4.573228026403728563e+02 1.032739216704572200e+16
4.576563714242096808e+02 1.032491196307406200e+16
4.579899402080466189e+02 1.032239638491644800e+16
4.583235089918835001e+02 1.031984587562672400e+16
4.586570777757203814e+02 1.031726088282093200e+16
4.589906465595572058e+02 1.031464185853512800e+16
4.593242153433941439e+02 1.031198925908223400e+16
4.596577841272310252e+02 1.030930354490800400e+16
4.599913529110679633e+02 1.030658518044621200e+16
4.603249216949048446e+02 1.030383463397318400e+16
4.606584904787416690e+02 1.030105237746167200e+16
4.609920592625785503e+02 1.029823888643416400e+16
4.613256280464154884e+02 1.029539463981576800e+16
4.616591968302523696e+02 1.029252011978667800e+16
4.619927656140892509e+02 1.028961581163434200e+16
4.623263343979261322e+02 1.028668220360538400e+16
4.626599031817630134e+02 1.028371978675737400e+16
4.629934719655998947e+02 1.028072905481050800e+16
4.633270407494368328e+02 1.027771050399926800e+16
4.636606095332737141e+02 1.027466463292418800e+16
4.639941783171105385e+02 1.027159194240368600e+16
4.643277471009474766e+02 1.026849293532618200e+16
4.646613158847843579e+02 1.026536811650244000e+16
4.649948846686212391e+02 1.026221799251829200e+16
4.653284534524581773e+02 1.025904307158776400e+16
4.656620222362950017e+02 1.025584386340670000e+16
4.659955910201318829e+02 1.025262087900695200e+16
4.663291598039687642e+02 1.024937463061117200e+16
4.666627285878057023e+02 1.024610563148828800e+16
4.669962973716425836e+02 1.024281439580976800e+16
4.673298661554794080e+02 1.023950143850662400e+16
4.676634349393163461e+02 1.023616727512737800e+16
4.679970037231532274e+02 1.023281242169689600e+16
4.683305725069901086e+02 1.022943739457622400e+16
4.686641412908270468e+02 1.022604271032348200e+16
4.689977100746638712e+02 1.022262888555586400e+16
4.693312788585007524e+02 1.021919643681277800e+16
4.696648476423376906e+02 1.021574588042020000e+16
4.699984164261745718e+02 1.021227773235629200e+16
4.703319852100114531e+02 1.020879250811832800e+16
4.706655539938482775e+02 1.020529072259095200e+16
4.709991227776852156e+02 1.020177288991589600e+16
4.713326915615220969e+02 1.019823952336306600e+16
4.716662603453589782e+02 1.019469113520317200e+16
4.719998291291959163e+02 1.019112823658188600e+16
4.723333979130327407e+02 1.018755133739553600e+16
4.726669666968696220e+02 1.018396094616846000e+16
4.730005354807065601e+02 1.018035756993193400e+16
4.733341042645434413e+02 1.017674171410487000e+16
4.736676730483803226e+02 1.017311388237615600e+16
4.740012418322172039e+02 1.016947457658876000e+16
4.743348106160540851e+02 1.016582429662564800e+16
4.746683793998909664e+02 1.016216354029744600e+16
4.750019481837279045e+02 1.015849280323198600e+16
4.753355169675647858e+02 1.015481257876567600e+16
4.756690857514016102e+02 1.015112335783678400e+16
4.760026545352385483e+02 1.014742562888060400e+16
4.763362233190754296e+02 1.014371987772655600e+16
4.766697921029123108e+02 1.014000658749722000e+16
4.770033608867492489e+02 1.013628623850938400e+16
4.773369296705860734e+02 1.013255930817699600e+16
4.776704984544229546e+02 1.012882627091619200e+16
4.780040672382598359e+02 1.012508759805227200e+16
4.783376360220967740e+02 1.012134375772875600e+16
4.786712048059336553e+02 1.011759521481844000e+16
4.790047735897704797e+02 1.011384243083649200e+16
4.793383423736074178e+02 1.011008586385567000e+16
4.796719111574442991e+02 1.010632596842349400e+16
4.800054799412811803e+02 1.010256319548159200e+16
4.803390487251181185e+02 1.009879799228708200e+16
4.806726175089549429e+02 1.009503080233598800e+16
4.810061862927918241e+02 1.009126206528884800e+16
4.813397550766287623e+02 1.008749221689828800e+16
4.816733238604656435e+02 1.008372168893875800e+16
4.820068926443024679e+02 1.007995090913832400e+16
4.823404614281393492e+02 1.007618030111256600e+16
4.826740302119762873e+02 1.007241028430054400e+16
4.830075989958131686e+02 1.006864127390281600e+16
4.833411677796500499e+02 1.006487368082161200e+16
4.836747365634869311e+02 1.006110791160297600e+16
4.840083053473238124e+02 1.005734436838108400e+16
4.843418741311606937e+02 1.005358344882449200e+16
4.846754429149976318e+02 1.004982554608457200e+16
4.850090116988345130e+02 1.004607104874589400e+16
4.853425804826713374e+02 1.004232034077868200e+16
4.856761492665082756e+02 1.003857380149328000e+16
4.860097180503451568e+02 1.003483180549667200e+16
4.863432868341820381e+02 1.003109472265095200e+16
4.866768556180189762e+02 1.002736291803382400e+16
4.870104244018558006e+02 1.002363675190107400e+16
4.873439931856926819e+02 1.001991657965103000e+16
4.876775619695296200e+02 1.001620275179091800e+16
4.880111307533665013e+02 1.001249561390525600e+16
4.883446995372033825e+02 1.000879550662609600e+16
4.886782683210402070e+02 1.000510276560521000e+16
4.890118371048771451e+02 1.000141772148820800e+16
4.893454058887140263e+02 9.997740699890484000e+15
4.896789746725509076e+02 9.994072021375066000e+15
4.900125434563878457e+02 9.990412001432336000e+15
4.903461122402246701e+02 9.986760950461540000e+15
4.906796810240615514e+02 9.983119173754164000e+15
4.910132498078984895e+02 9.979486971479108000e+15
4.913468185917353708e+02 9.975864638669632000e+15
4.916803873755722520e+02 9.972252465212070000e+15
4.920139561594091333e+02 9.968650735836352000e+15
4.923475249432460146e+02 9.965059730108180000e+15
4.926810937270828958e+02 9.961479722422986000e+15
4.930146625109198339e+02 9.957910982001584000e+15
4.933482312947567152e+02 9.954353772887476000e+15
4.936818000785935396e+02 9.950808353945848000e+15
4.940153688624304209e+02 9.947274978864232000e+15
4.943489376462673590e+02 9.943753896154740000e+15
4.946825064301042403e+02 9.940245349157958000e+15
4.950160752139411215e+02 9.936749576048428000e+15
4.953496439977780028e+02 9.933266809841690000e+15
4.956832127816148841e+02 9.929797278402890000e+15
4.960167815654517653e+02 9.926341204456906000e+15
4.963503503492887035e+02 9.922898805600040000e+15
4.966839191331255847e+02 9.919470294313156000e+15
4.970174879169624091e+02 9.916055877976332000e+15
4.973510567007993473e+02 9.912655758884976000e+15
4.976846254846362285e+02 9.909270134267368000e+15
4.980181942684731098e+02 9.905899196303654000e+15
4.983517630523100479e+02 9.902543132146212000e+15
4.986853318361468723e+02 9.899202123941454000e+15
4.990189006199837536e+02 9.895876348852976000e+15
4.993524694038206917e+02 9.892565979086046000e+15
4.996860381876575730e+02 9.889271181913430000e+15
5.000196069714944542e+02 9.885992119702580000e+15
5.003531757553312787e+02 9.882728949944056000e+15
5.006867445391682168e+02 9.879481825281256000e+15
5.010203133230050980e+02 9.876250893541418000e+15
5.013538821068419793e+02 9.873036297767832000e+15
5.016874508906788606e+02 9.869838176253300000e+15
5.020210196745157418e+02 9.866656662574832000e+15
5.023545884583526231e+02 9.863491885629416000e+15
5.026881572421895612e+02 9.860343969671096000e+15
5.030217260260264425e+02 9.857213034349124000e+15
5.033552948098632669e+02 9.854099194747230000e+15
5.036888635937002050e+02 9.851002561424068000e+15
5.040224323775370863e+02 9.847923240454692000e+15
5.043560011613739675e+02 9.844861333473154000e+15
5.046895699452109056e+02 9.841816937716126000e+15
5.050231387290477301e+02 9.838790146067604000e+15
5.053567075128846113e+02 9.835781047104568000e+15
5.056902762967214926e+02 9.832789725143718000e+15
5.060238450805584307e+02 9.829816260289148000e+15
5.063574138643953120e+02 9.826860728480968000e+15
5.066909826482321364e+02 9.823923201544932000e+15
5.070245514320690745e+02 9.821003747242948000e+15
5.073581202159059558e+02 9.818102429324480000e+15
5.076916889997428370e+02 9.815219307578904000e+15
5.080252577835797752e+02 9.812354437888652000e+15
5.083588265674165996e+02 9.809507872283276000e+15
5.086923953512534808e+02 9.806679658994300000e+15
5.090259641350904189e+02 9.803869842510882000e+15
5.093595329189273002e+02 9.801078463636292000e+15
5.096931017027641815e+02 9.798305559545144000e+15
5.100266704866010059e+02 9.795551163841364000e+15
5.103602392704379440e+02 9.792815306616932000e+15
5.106938080542748253e+02 9.790098014511274000e+15
5.110273768381117634e+02 9.787399310771384000e+15
5.113609456219486447e+02 9.784719215312596000e+15
5.116945144057854691e+02 9.782057744780040000e+15
5.120280831896224072e+02 9.779414912610624000e+15
5.123616519734592885e+02 9.776790729095754000e+15
5.126952207572961697e+02 9.774185201444508000e+15
5.130287895411330510e+02 9.771598333847480000e+15
5.133623583249699323e+02 9.769030127541056000e+15
5.136959271088068135e+02 9.766480580872304000e+15
5.140294958926436948e+02 9.763949689364256000e+15
5.143630646764805761e+02 9.761437445781764000e+15
5.146966334603174573e+02 9.758943840197696000e+15
5.150302022441543386e+02 9.756468860059636000e+15
5.153637710279912199e+02 9.754012490256940000e+15
5.156973398118281011e+02 9.751574713188168000e+15
5.160309085956650961e+02 9.749155508828864000e+15
5.163644773795019773e+02 9.746754854799686000e+15
5.166980461633387449e+02 9.744372726434804000e+15
5.170316149471757399e+02 9.742009096850580000e+15
5.173651837310126211e+02 9.739663937014504000e+15
5.176987525148495024e+02 9.737337215814358000e+15
5.180323212986863837e+02 9.735028900127532000e+15
5.183658900825232649e+02 9.732738954890596000e+15
5.186994588663601462e+02 9.730467343168920000e+15
5.190330276501970275e+02 9.728214026226474000e+15
5.193665964340339087e+02 9.725978963595700000e+15
5.197001652178707900e+02 9.723762113147432000e+15
5.200337340017076713e+02 9.721563431160888000e+15
5.203673027855445525e+02 9.719382872393620000e+15
5.207008715693814338e+02 9.717220390151472000e+15
5.210344403532183151e+02 9.715075936358494000e+15
5.213680091370553100e+02 9.712949461626760000e+15
5.217015779208920776e+02 9.710840915326092000e+15
5.220351467047289589e+02 9.708750245653640000e+15
5.223687154885659538e+02 9.706677399703304000e+15
5.227022842724028351e+02 9.704622323534950000e+15
5.230358530562397164e+02 9.702584962243436000e+15
5.233694218400765976e+02 9.700565260027348000e+15
5.237029906239134789e+02 9.698563160257452000e+15
5.240365594077503602e+02 9.696578605544884000e+15
5.243701281915872414e+02 9.694611537808944000e+15
5.247036969754241227e+02 9.692661898344540000e+15
5.250372657592610040e+02 9.690729627889250000e+15
5.253708345430978852e+02 9.688814666689898000e+15
5.257044033269347665e+02 9.686916954568732000e+15
5.260379721107716477e+02 9.685036430989072000e+15
5.263715408946085290e+02 9.683173035120446000e+15
5.267051096784454103e+02 9.681326705903188000e+15
5.270386784622822915e+02 9.679497382112416000e+15
5.273722472461191728e+02 9.677685002421460000e+15
5.277058160299561678e+02 9.675889505464576000e+15
5.280393848137929353e+02 9.674110829899058000e+15
5.283729535976298166e+02 9.672348914466618000e+15
5.287065223814668116e+02 9.670603698054018000e+15
5.290400911653036928e+02 9.668875119752996000e+15
5.293736599491405741e+02 9.667163118919348000e+15
5.297072287329773417e+02 9.665467635231244000e+15
5.300407975168143366e+02 9.663788608746654000e+15
5.303743663006512179e+02 9.662125979959946000e+15
5.307079350844880992e+02 9.660479689857554000e+15
5.310415038683249804e+02 9.658849679972740000e+15
5.313750726521618617e+02 9.657235892439356000e+15
5.317086414359987430e+02 9.655638270044734000e+15
5.320422102198356242e+02 9.654056756281396000e+15
5.323757790036725055e+02 9.652491295397908000e+15
5.327093477875093868e+02 9.650941832448564000e+15
5.330429165713462680e+02 9.649408313342040000e+15
5.333764853551831493e+02 9.647890684888892000e+15
5.337100541390200306e+02 9.646388894847984000e+15
5.340436229228570255e+02 9.644902891971720000e+15
5.343771917066939068e+02 9.643432626050098000e+15
5.347107604905306744e+02 9.641978047953580000e+15
5.350443292743676693e+02 9.640539109674774000e+15
5.353778980582045506e+02 9.639115764368766000e+15
5.357114668420414318e+02 9.637707966392330000e+15
5.360450356258783131e+02 9.636315671341764000e+15
5.363786044097151944e+02 9.634938836089456000e+15
5.367121731935520756e+02 9.633577418819124000e+15
5.370457419773889569e+02 9.632231379059734000e+15
5.373793107612258382e+02 9.630900677718072000e+15
5.377128795450627194e+02 9.629585277109924000e+15
5.380464483288996007e+02 9.628285140989896000e+15
5.383800171127364820e+02 9.627000234579836000e+15
5.387135858965733632e+02 9.625730524595852000e+15
5.390471546804102445e+02 9.624475979273880000e+15
5.393807234642472395e+02 9.623236568393884000e+15
5.397142922480840070e+02 9.622012263302542000e+15
5.400478610319208883e+02 9.620803036934540000e+15
5.403814298157578833e+02 9.619608863832364000e+15
5.407149985995947645e+02 9.618429720164654000e+15
5.410485673834316458e+02 9.617265583743080000e+15
5.413821361672684134e+02 9.616116434037704000e+15
5.417157049511054083e+02 9.614982252190940000e+15
5.420492737349422896e+02 9.613863021029928000e+15
5.423828425187791709e+02 9.612758725077470000e+15
5.427164113026160521e+02 9.611669350561504000e+15
5.430499800864529334e+02 9.610594885423012000e+15
5.433835488702898147e+02 9.609535319322506000e+15
5.437171176541266959e+02 9.608490643644978000e+15
5.440506864379635772e+02 9.607460851503376000e+15
5.443842552218004585e+02 9.606445937740600000e+15
5.447178240056373397e+02 9.605445898930046000e+15
5.450513927894742210e+02 9.604460733374572000e+15
5.453849615733111023e+02 9.603490441104156000e+15
5.457185303571480972e+02 9.602535023871940000e+15
5.460520991409848648e+02 9.601594485148910000e+15
5.463856679248217461e+02 9.600668830117148000e+15
5.467192367086587410e+02 9.599758065661546000e+15
5.470528054924956223e+02 9.598862200360218000e+15
5.473863742763325035e+02 9.597981244473432000e+15
5.477199430601692711e+02 9.597115209931176000e+15
5.480535118440062661e+02 9.596264110319352000e+15
5.483870806278431473e+02 9.595427960864558000e+15
5.487206494116800286e+02 9.594606778417558000e+15
5.490542181955169099e+02 9.593800581435432000e+15
5.493877869793537911e+02 9.593009389962364000e+15
5.497213557631906724e+02 9.592233225609202000e+15
5.500549245470275537e+02 9.591472111531656000e+15
5.503884933308644349e+02 9.590726072407316000e+15
5.507220621147013162e+02 9.589995134411412000e+15
5.510556308985381975e+02 9.589279325191334000e+15
5.513891996823750787e+02 9.588578673840014000e+15
5.517227684662119600e+02 9.587893210868096000e+15
5.520563372500489550e+02 9.587222968174998000e+15
5.523899060338858362e+02 9.586567979018848000e+15
5.527234748177226038e+02 9.585928277985322000e+15
5.530570436015594851e+02 9.585303900955438000e+15
5.533906123853964800e+02 9.584694885072290000e+15
5.537241811692333613e+02 9.584101268706794000e+15
5.540577499530702426e+02 9.583523091422464000e+15
5.543913187369071238e+02 9.582960393939194000e+15
5.547248875207440051e+02 9.582413218096188000e+15
5.550584563045808864e+02 9.581881606813914000e+15
5.553920250884177676e+02 9.581365604055272000e+15
5.557255938722546489e+02 9.580865254785912000e+15
5.560591626560915302e+02 9.580380604933732000e+15
5.563927314399284114e+02 9.579911701347640000e+15
5.567263002237652927e+02 9.579458591755558000e+15
5.570598690076021740e+02 9.579021324721744000e+15
5.573934377914391689e+02 9.578599949603452000e+15
5.577270065752759365e+02 9.578194516506908000e+15
5.580605753591128178e+02 9.577805076242796000e+15
5.583941441429498127e+02 9.577431680281028000e+15
5.587277129267866940e+02 9.577074380705108000e+15
5.590612817106235752e+02 9.576733230165934000e+15
5.593948504944603428e+02 9.576408281835126000e+15
5.597284192782973378e+02 9.576099589358018000e+15
5.600619880621342190e+02 9.575807206806098000e+15
5.603955568459711003e+02 9.575531188629240000e+15
5.607291256298079816e+02 9.575271589607496000e+15
5.610626944136448628e+02 9.575028464802704000e+15
5.613962631974817441e+02 9.574801869509730000e+15
5.617298319813186254e+02 9.574591859207556000e+15
5.620634007651555066e+02 9.574398489510176000e+15
5.623969695489923879e+02 9.574221816117316000e+15
5.627305383328292692e+02 9.574061894765040000e+15
5.630641071166661504e+02 9.573918781176308000e+15
5.633976759005030317e+02 9.573792531011422000e+15
5.637312446843400267e+02 9.573683199818520000e+15
5.640648134681769079e+02 9.573590842984024000e+15
5.643983822520136755e+02 9.573515515683184000e+15
5.647319510358505568e+02 9.573457272830740000e+15
5.650655198196875517e+02 9.573416169031580000e+15
5.653990886035244330e+02 9.573392258531658000e+15
5.657326573873613142e+02 9.573385595169080000e+15
5.660662261711981955e+02 9.573396232325340000e+15
5.663997949550350768e+02 9.573424222876892000e+15
5.667333637388719580e+02 9.573469619146904000e+15
5.670669325227088393e+02 9.573532472857400000e+15
5.674005013065457206e+02 9.573612835081696000e+15
5.677340700903826018e+02 9.573710756197216000e+15
5.680676388742194831e+02 9.573826285838704000e+15
5.684012076580563644e+02 9.573959472851852000e+15
5.687347764418932456e+02 9.574110365247404000e+15
5.690683452257301269e+02 9.574279010155740000e+15
5.694019140095670082e+02 9.574465453781952000e+15
5.697354827934038894e+02 9.574669741361460000e+15
5.700690515772408844e+02 9.574891917116220000e+15
5.704026203610777657e+02 9.575132024211484000e+15
5.707361891449145332e+02 9.575390104713208000e+15
5.710697579287514145e+02 9.575666199546076000e+15
5.714033267125884095e+02 9.575960348452196000e+15
5.717368954964252907e+02 9.576272589950502000e+15
5.720704642802621720e+02 9.576602961296838000e+15
5.724040330640990533e+02 9.576951498444772000e+15
5.727376018479359345e+02 9.577318236007226000e+15
5.730711706317728158e+02 9.577703207218802000e+15
5.734047394156096971e+02 9.578106443898944000e+15
5.737383081994465783e+02 9.578527976415932000e+15
5.740718769832834596e+02 9.578967833651690000e+15
5.744054457671203409e+02 9.579426042967434000e+15
5.747390145509572221e+02 9.579902630170242000e+15
5.750725833347941034e+02 9.580397619480458000e+15
5.754061521186310983e+02 9.580911033500052000e+15
5.757397209024678659e+02 9.581442893181876000e+15
5.760732896863047472e+02 9.581993217799852000e+15
5.764068584701416285e+02 9.582562024920146000e+15
5.767404272539786234e+02 9.583149330373284000e+15
5.770739960378155047e+02 9.583755148227240000e+15
5.774075648216522723e+02 9.584379490761536000e+15
5.777411336054892672e+02 9.585022368442372000e+15
5.780747023893261485e+02 9.585683789898714000e+15
5.784082711731630297e+02 9.586363761899466000e+15
5.787418399569999110e+02 9.587062289331616000e+15
5.790754087408367923e+02 9.587779375179532000e+15
5.794089775246736735e+02 9.588515020505206000e+15
5.797425463085105548e+02 9.589269224429630000e+15
5.800761150923474361e+02 9.590041984115208000e+15
5.804096838761843173e+02 9.590833294749302000e+15
5.807432526600211986e+02 9.591643149528776000e+15
5.810768214438580799e+02 9.592471539645722000e+15
5.814103902276949611e+02 9.593318454274232000e+15
5.817439590115319561e+02 9.594183880558268000e+15
5.820775277953688374e+02 9.595067803600662000e+15
5.824110965792056049e+02 9.595970206453208000e+15
5.827446653630424862e+02 9.596891070107884000e+15
5.830782341468794812e+02 9.597830373489128000e+15
5.834118029307163624e+02 9.598788093447320000e+15
5.837453717145532437e+02 9.599764204753290000e+15
5.840789404983901250e+02 9.600758680093990000e+15
5.844125092822270062e+02 9.601771490069272000e+15
5.847460780660638875e+02 9.602802603189776000e+15
5.850796468499007688e+02 9.603851985875898000e+15
5.854132156337376500e+02 9.604919602457934000e+15
5.857467844175745313e+02 9.606005415177260000e+15
5.860803532014114126e+02 9.607109384188678000e+15
5.864139219852482938e+02 9.608231467563788000e+15
5.867474907690851751e+02 9.609371621295508000e+15
5.870810595529220564e+02 9.610529799303676000e+15
5.874146283367590513e+02 9.611705953441740000e+15
5.877481971205958189e+02 9.612900033504452000e+15
5.880817659044327002e+02 9.614111987236776000e+15
5.884153346882696951e+02 9.615341760343698000e+15
5.887489034721064627e+02 9.616589296501220000e+15
5.890824722559434576e+02 9.617854537368312000e+15
5.894160410397803389e+02 9.619137422599968000e+15
5.897496098236171065e+02 9.620437889861248000e+15
5.900831786074541014e+02 9.621755874842348000e+15
5.904167473912909827e+02 9.623091311274682000e+15
5.907503161751278640e+02 9.624444130947994000e+15
5.910838849589647452e+02 9.625814263728374000e+15
5.914174537428015128e+02 9.627201637577342000e+15
5.917510225266385078e+02 9.628606178571840000e+15
5.920845913104753890e+02 9.630027810925184000e+15
5.924181600943123840e+02 9.631466457008964000e+15
5.927517288781491516e+02 9.632922037375844000e+15
5.930852976619860328e+02 9.634394470783314000e+15
5.934188664458229141e+02 9.635883674218296000e+15
5.937524352296597954e+02 9.637389562922644000e+15
5.940860040134967903e+02 9.638912050419508000e+15
5.944195727973335579e+02 9.640451048540542000e+15
5.947531415811704392e+02 9.642006467453978000e+15
5.950867103650074341e+02 9.643578215693472000e+15
5.954202791488442017e+02 9.645166200187752000e+15
5.957538479326811967e+02 9.646770326291102000e+15
5.960874167165180779e+02 9.648390497814526000e+15
5.964209855003548455e+02 9.650026617057748000e+15
5.967545542841918405e+02 9.651678584841870000e+15
5.970881230680287217e+02 9.653346300542762000e+15
5.974216918518656030e+02 9.655029662125174000e+15
5.977552606357024843e+02 9.656728566177444000e+15
5.980888294195393655e+02 9.658442907946958000e+15
5.984223982033762468e+02 9.660172581376126000e+15
5.987559669872131280e+02 9.661917479139066000e+15
5.990895357710501230e+02 9.663677492678828000e+15
5.994231045548868906e+02 9.665452512245172000e+15
5.997566733387237718e+02 9.667242426932944000e+15
6.000902421225607668e+02 9.669047124720948000e+15
6.004238109063975344e+02 9.670866492511276000e+15
6.007573796902345293e+02 9.672700416169204000e+15
6.010909484740714106e+02 9.674548780563478000e+15
6.014245172579081782e+02 9.676411469607084000e+15
6.017580860417451731e+02 9.678288366298380000e+15
6.020916548255820544e+02 9.680179352762636000e+15
6.024252236094189357e+02 9.682084310293978000e+15
6.027587923932558169e+02 9.684003119397584000e+15
6.030923611770925845e+02 9.685935659832296000e+15
6.034259299609295795e+02 9.687881810653456000e+15
6.037594987447664607e+02 9.689841450256020000e+15
6.040930675286034557e+02 9.691814456417960000e+15
6.044266363124402233e+02 9.693800706343800000e+15
6.047602050962771045e+02 9.695800076708444000e+15
6.050937738801139858e+02 9.697812443701114000e+15
6.054273426639508671e+02 9.699837683069400000e+15
6.057609114477878620e+02 9.701875670163536000e+15
6.060944802316246296e+02 9.703926279980618000e+15
6.064280490154615109e+02 9.705989387209052000e+15
6.067616177992985058e+02 9.708064866272904000e+15
6.070951865831352734e+02 9.710152591376338000e+15
6.074287553669722683e+02 9.712252436548042000e+15
6.077623241508091496e+02 9.714364275685564000e+15
6.080958929346459172e+02 9.716487982599668000e+15
6.084294617184829121e+02 9.718623431058512000e+15
6.087630305023197934e+02 9.720770494831776000e+15
6.090965992861566747e+02 9.722929047734616000e+15
6.094301680699935559e+02 9.725098963671472000e+15
6.097637368538304372e+02 9.727280116679650000e+15
6.100973056376673185e+02 9.729472380972722000e+15
6.104308744215041997e+02 9.731675630983646000e+15
6.107644432053411947e+02 9.733889741407646000e+15
6.110980119891779623e+02 9.736114587244772000e+15
6.114315807730148435e+02 9.738350043842140000e+15
6.117651495568518385e+02 9.740595986935832000e+15
6.120987183406886061e+02 9.742852292692404000e+15
6.124322871245256010e+02 9.745118837750024000e+15
6.127658559083624823e+02 9.747395499259144000e+15
6.130994246921992499e+02 9.749682154922748000e+15
6.134329934760362448e+02 9.751978683036140000e+15
6.137665622598731261e+02 9.754284962526164000e+15
6.141001310437100074e+02 9.756600872989992000e+15
6.144336998275468886e+02 9.758926294733262000e+15
6.147672686113836562e+02 9.761261108807736000e+15
6.151008373952206512e+02 9.763605197048324000e+15
6.154344061790575324e+02 9.765958442109402000e+15
6.157679749628945274e+02 9.768320727500658000e+15
6.161015437467312950e+02 9.770691937622096000e+15
6.164351125305681762e+02 9.773071957798460000e+15
6.167686813144050575e+02 9.775460674312912000e+15
6.171022500982419388e+02 9.777857974439936000e+15
6.174358188820789337e+02 9.780263746477544000e+15
6.177693876659157013e+02 9.782677879778648000e+15
6.181029564497525826e+02 9.785100264781680000e+15
6.184365252335895775e+02 9.787530793040352000e+15
6.187700940174263451e+02 9.789969357252552000e+15
6.191036628012633400e+02 9.792415851288472000e+15
6.194372315851002213e+02 9.794870170217734000e+15
6.197708003689369889e+02 9.797332210335686000e+15
6.201043691527739838e+02 9.799801869188768000e+15
6.204379379366108651e+02 9.802279045598912000e+15
6.207715067204476327e+02 9.804763639687012000e+15
6.211050755042846276e+02 9.807255552895412000e+15
6.214386442881215089e+02 9.809754688009364000e+15
6.217722130719583902e+02 9.812260949177564000e+15
6.221057818557952714e+02 9.814774241931548000e+15
6.224393506396321527e+02 9.817294473204164000e+15
6.227729194234690340e+02 9.819821551346900000e+15
6.231064882073059152e+02 9.822355386146164000e+15
6.234400569911429102e+02 9.824895888838534000e+15
6.237736257749796778e+02 9.827442972124822000e+15
6.241071945588165590e+02 9.829996550183114000e+15
6.244407633426535540e+02 9.832556538680620000e+15
6.247743321264903216e+02 9.835122854784426000e+15
6.251079009103273165e+02 9.837695417171098000e+15
6.254414696941641978e+02 9.840274146035120000e+15
6.257750384780009654e+02 9.842858963096184000e+15
6.261086072618379603e+02 9.845449791605292000e+15
6.264421760456747279e+02 9.848046556349680000e+15
6.267757448295117229e+02 9.850649183656536000e+15
6.271093136133486041e+02 9.853257601395558000e+15
6.274428823971853717e+02 9.855871738980278000e+15
6.277764511810223667e+02 9.858491527368172000e+15
6.281100199648592479e+02 9.861116899059584000e+15
6.284435887486961292e+02 9.863747788095372000e+15
6.287771575325330105e+02 9.866384130053436000e+15
6.291107263163698917e+02 9.869025862043866000e+15
6.294442951002067730e+02 9.871672922703012000e+15
6.297778638840436543e+02 9.874325252186200000e+15
6.301114326678806492e+02 9.876982792159320000e+15
6.304450014517174168e+02 9.879645485789062000e+15
6.307785702355542981e+02 9.882313277732040000e+15
6.311121390193912930e+02 9.884986114122598000e+15
6.314457078032280606e+02 9.887663942559382000e+15
6.317792765870650555e+02 9.890346712090758000e+15
6.321128453709019368e+02 9.893034373198906000e+15
6.324464141547387044e+02 9.895726877782752000e+15
6.327799829385756993e+02 9.898424179139678000e+15
6.331135517224125806e+02 9.901126231945958000e+15
6.334471205062494619e+02 9.903832992236058000e+15
6.337806892900863431e+02 9.906544417380686000e+15
6.341142580739232244e+02 9.909260466063660000e+15
6.344478268577601057e+02 9.911981098257580000e+15
6.347813956415969869e+02 9.914706275198296000e+15
6.351149644254339819e+02 9.917435959358272000e+15
6.354485332092707495e+02 9.920170114418698000e+15
6.357821019931076307e+02 9.922908705240510000e+15
6.361156707769446257e+02 9.925651697834224000e+15
6.364492395607813933e+02 9.928399059328688000e+15
6.367828083446183882e+02 9.931150757938670000e+15
6.371163771284552695e+02 9.933906762931340000e+15
6.374499459122920371e+02 9.936667044591680000e+15
6.377835146961290320e+02 9.939431574186836000e+15
6.381170834799657996e+02 9.942200323929294000e+15
6.384506522638027946e+02 9.944973266939184000e+15
6.387842210476396758e+02 9.947750377205348000e+15
6.391177898314764434e+02 9.950531629545572000e+15
6.394513586153134383e+02 9.953316999565704000e+15
6.397849273991503196e+02 9.956106463617776000e+15
6.401184961829872009e+02 9.958899998757268000e+15
6.404520649668240821e+02 9.961697582699326000e+15
6.407856337506609634e+02 9.964499193774072000e+15
6.411192025344978447e+02 9.967304810881068000e+15
6.414527713183347259e+02 9.970114413442762000e+15
6.417863401021717209e+02 9.972927981357236000e+15
6.421199088860084885e+02 9.975745494949940000e+15
6.424534776698453697e+02 9.978566934924760000e+15
6.427870464536823647e+02 9.981392282314144000e+15
6.431206152375191323e+02 9.984221518428542000e+15
6.434541840213561272e+02 9.987054624805084000e+15
6.437877528051930085e+02 9.989891583155468000e+15
6.441213215890297761e+02 9.992732375313216000e+15
6.444548903728667710e+02 9.995576983180224000e+15
6.447884591567036523e+02 9.998425388672616000e+15
6.451220279405405336e+02 1.000127757366605000e+16
6.454555967243774148e+02 1.000413351994034800e+16
6.457891655082142961e+02 1.000699320912359600e+16
6.461227342920511774e+02 1.000985662263568800e+16
6.464563030758880586e+02 1.001272374163133400e+16
6.467898718597250536e+02 1.001559454694261200e+16
6.471234406435618212e+02 1.001846901902101000e+16
6.474570094273987024e+02 1.002134713787907200e+16
6.477905782112356974e+02 1.002422888303165600e+16
6.481241469950724650e+02 1.002711423343676000e+16
6.484577157789094599e+02 1.003000316743605200e+16
6.487912845627463412e+02 1.003289566269508400e+16
6.491248533465831088e+02 1.003579169614323400e+16
6.494584221304201037e+02 1.003869124391335800e+16
6.497919909142568713e+02 1.004159428128124800e+16
6.501255596980938662e+02 1.004450078260497800e+16
6.504591284819307475e+02 1.004741072126392200e+16
6.507926972657675151e+02 1.005032406959787400e+16
6.511262660496045100e+02 1.005324079884592000e+16
6.514598348334413913e+02 1.005616087908531200e+16
6.517934036172782726e+02 1.005908427917035400e+16
6.521269724011151538e+02 1.006201096667125400e+16
6.524605411849520351e+02 1.006494090781307600e+16
6.527941099687889164e+02 1.006787406741474800e+16
6.531276787526257976e+02 1.007081040882820800e+16
6.534612475364627926e+02 1.007374989387772000e+16
6.537948163202995602e+02 1.007669248279933200e+16
6.541283851041364414e+02 1.007963813418065200e+16
6.544619538879734364e+02 1.008258680490082000e+16
6.547955226718102040e+02 1.008553845007080000e+16
6.551290914556471989e+02 1.008849302297405200e+16
6.554626602394840802e+02 1.009145047500752400e+16
6.557962290233208478e+02 1.009441075562311600e+16
6.561297978071578427e+02 1.009737381226956200e+16
6.564633665909947240e+02 1.010033959033480000e+16
6.567969353748316053e+02 1.010330803308892000e+16
6.571305041586684865e+02 1.010627908162762800e+16
6.574640729425053678e+02 1.010925267481632600e+16
6.577976417263422491e+02 1.011222874923488400e+16
6.581312105101791303e+02 1.011520723912304400e+16
6.584647792940161253e+02 1.011818807632654400e+16
6.587983480778528929e+02 1.012117119024408000e+16
6.591319168616897741e+02 1.012415650777496400e+16
6.594654856455267691e+02 1.012714395326772800e+16
6.597990544293635367e+02 1.013013344846951200e+16
6.601326232132005316e+02 1.013312491247646400e+16
6.604661919970374129e+02 1.013611826168501600e+16
6.607997607808741805e+02 1.013911340974423400e+16
6.611333295647111754e+02 1.014211026750918400e+16
6.614668983485479430e+02 1.014510874299532000e+16
6.618004671323848243e+02 1.014810874133408400e+16
6.621340359162218192e+02 1.015111016472964000e+16
6.624676047000585868e+02 1.015411291241673600e+16
6.628011734838955817e+02 1.015711688061991000e+16
6.631347422677324630e+02 1.016012196251389600e+16
6.634683110515692306e+02 1.016312804818541400e+16
6.638018798354062255e+02 1.016613502459624800e+16
6.641354486192431068e+02 1.016914277554778000e+16
6.644690174030799881e+02 1.017215118164694400e+16
6.648025861869168693e+02 1.017516012027363200e+16
6.651361549707537506e+02 1.017816946554964800e+16
6.654697237545906319e+02 1.018117908830921200e+16
6.658032925384275131e+02 1.018418885607102600e+16
6.661368613222645081e+02 1.018719863301203600e+16
6.664704301061012757e+02 1.019020827994276000e+16
6.668039988899381569e+02 1.019321765428444800e+16
6.671375676737751519e+02 1.019622661004788200e+16
6.674711364576119195e+02 1.019923499781400800e+16
6.678047052414489144e+02 1.020224266471638400e+16
6.681382740252857957e+02 1.020524945442546000e+16
6.684718428091225633e+02 1.020825520713478200e+16
6.688054115929595582e+02 1.021125975954908000e+16
6.691389803767964395e+02 1.021426294487434600e+16
6.694725491606333208e+02 1.021726459280989600e+16
6.698061179444702020e+02 1.022026452954244600e+16
6.701396867283069696e+02 1.022326257774230000e+16
6.704732555121439646e+02 1.022625855656154800e+16
6.708068242959808458e+02 1.022925228163445600e+16
6.711403930798178408e+02 1.023224356507998000e+16
6.714739618636546084e+02 1.023523221550648400e+16
6.718075306474914896e+02 1.023821803801864600e+16
6.721410994313284846e+02 1.024120083422662400e+16
6.724746682151652521e+02 1.024418040225750400e+16
6.728082369990022471e+02 1.024715653676900800e+16
6.731418057828390147e+02 1.025012902896555200e+16
6.734753745666758959e+02 1.025309766661664400e+16
6.738089433505128909e+02 1.025606223407767800e+16
6.741425121343496585e+02 1.025902251231302800e+16
6.744760809181866534e+02 1.026197827892169200e+16
6.748096497020235347e+02 1.026492930816526400e+16
6.751432184858603023e+02 1.026787537099837800e+16
6.754767872696972972e+02 1.027081623510166400e+16
6.758103560535341785e+02 1.027375166491715000e+16
6.761439248373710598e+02 1.027668142168616200e+16
6.764774936212079410e+02 1.027960526348975200e+16
6.768110624050448223e+02 1.028252294529166800e+16
6.771446311888817036e+02 1.028543421898382200e+16
6.774781999727185848e+02 1.028833883343430800e+16
6.778117687565555798e+02 1.029123653453800400e+16
6.781453375403923474e+02 1.029412706526968600e+16
6.784789063242292286e+02 1.029701016573974800e+16
6.788124751080662236e+02 1.029988557325244200e+16
6.791460438919029912e+02 1.030275302236668400e+16
6.794796126757399861e+02 1.030561224495946000e+16
6.798131814595768674e+02 1.030846297029175000e+16
6.801467502434136350e+02 1.031130492507701000e+16
6.804803190272506299e+02 1.031413783355222800e+16
6.808138878110875112e+02 1.031696141755143600e+16
6.811474565949243924e+02 1.031977539658186400e+16
6.814810253787612737e+02 1.032257948790248800e+16
6.818145941625980413e+02 1.032537340660515200e+16
6.821481629464350362e+02 1.032815686569811800e+16
6.824817317302719175e+02 1.033092957619209200e+16
6.828153005141089125e+02 1.033369124718872000e+16
6.831488692979456800e+02 1.033644158597140000e+16
6.834824380817825613e+02 1.033918029809856600e+16
6.838160068656194426e+02 1.034190708749931000e+16
6.841495756494563238e+02 1.034462165657128200e+16
6.844831444332933188e+02 1.034732370628094800e+16
6.848167132171300864e+02 1.035001293626603000e+16
6.851502820009669676e+02 1.035268904494022800e+16
6.854838507848039626e+02 1.035535172960008400e+16
6.858174195686407302e+02 1.035800068653397400e+16
6.861509883524777251e+02 1.036063561113323600e+16
6.864845571363146064e+02 1.036325619800524000e+16
6.868181259201513740e+02 1.036586214108859400e+16
6.871516947039883689e+02 1.036845313377014200e+16
6.874852634878252502e+02 1.037102886900393800e+16
6.878188322716621315e+02 1.037358903943204000e+16
6.881524010554990127e+02 1.037613333750701600e+16
6.884859698393358940e+02 1.037866145561623800e+16
6.888195386231727753e+02 1.038117308620774000e+16
6.891531074070096565e+02 1.038366792191769400e+16
6.894866761908466515e+02 1.038614565569943200e+16
6.898202449746834191e+02 1.038860598095380000e+16
6.901538137585203003e+02 1.039104859166097800e+16
6.904873825423572953e+02 1.039347318251356800e+16
6.908209513261940629e+02 1.039587944905080600e+16
6.911545201100310578e+02 1.039826708779407600e+16
6.914880888938679391e+02 1.040063579638330000e+16
6.918216576777047067e+02 1.040298527371442800e+16
6.921552264615417016e+02 1.040531522007774200e+16
6.924887952453785829e+02 1.040762533729696400e+16
6.928223640292154641e+02 1.040991532886913200e+16
6.931559328130523454e+02 1.041218490010497200e+16
6.934895015968891130e+02 1.041443375826996600e+16
6.938230703807261079e+02 1.041666161272568000e+16
6.941566391645629892e+02 1.041886817507153400e+16
6.944902079483999842e+02 1.042105315928681600e+16
6.948237767322367517e+02 1.042321628187275200e+16
6.951573455160736330e+02 1.042535726199472800e+16
6.954909142999105143e+02 1.042747582162437800e+16
6.958244830837473955e+02 1.042957168568154800e+16
6.961580518675843905e+02 1.043164458217600000e+16
6.964916206514211581e+02 1.043369424234871800e+16
6.968251894352580393e+02 1.043572040081281800e+16
6.971587582190950343e+02 1.043772279569380800e+16
6.974923270029318019e+02 1.043970116876921200e+16
6.978258957867687968e+02 1.044165526560740800e+16
6.981594645706056781e+02 1.044358483570558800e+16
6.984930333544424457e+02 1.044548963262669000e+16
6.988266021382794406e+02 1.044736941413526000e+16
6.991601709221163219e+02 1.044922394233210400e+16
6.994937397059532032e+02 1.045105298378762000e+16
6.998273084897900844e+02 1.045285630967369200e+16
7.001608772736269657e+02 1.045463369589412800e+16
7.004944460574638470e+02 1.045638492321340400e+16
7.008280148413007282e+02 1.045810977738366200e+16
7.011615836251377232e+02 1.045980804926998400e+16
7.014951524089744908e+02 1.046147953497360000e+16
7.018287211928113720e+02 1.046312403595312400e+16
7.021622899766483670e+02 1.046474135914364400e+16
7.024958587604851346e+02 1.046633131707359600e+16
7.028294275443221295e+02 1.046789372797921200e+16
7.031629963281590108e+02 1.046942841591667400e+16
7.034965651119957784e+02 1.047093521087164000e+16
7.038301338958327733e+02 1.047241394886620800e+16
7.041637026796696546e+02 1.047386447206310000e+16
7.044972714635065358e+02 1.047528662886716200e+16
7.048308402473434171e+02 1.047668027402389800e+16
7.051644090311801847e+02 1.047804526871502800e+16
7.054979778150171796e+02 1.047938148065111600e+16
7.058315465988540609e+02 1.048068878416086800e+16
7.061651153826908285e+02 1.048196706027744800e+16
7.064986841665278234e+02 1.048321619682136600e+16
7.068322529503647047e+02 1.048443608848004200e+16
7.071658217342015860e+02 1.048562663688403000e+16
7.074993905180384672e+02 1.048678775067965400e+16
7.078329593018753485e+02 1.048791934559816800e+16
7.081665280857122298e+02 1.048902134452130800e+16
7.085000968695491110e+02 1.049009367754312800e+16
7.088336656533861060e+02 1.049113628202822000e+16
7.091672344372228736e+02 1.049214910266604400e+16
7.095008032210597548e+02 1.049313209152160800e+16
7.098343720048967498e+02 1.049408520808217200e+16
7.101679407887335174e+02 1.049500841930008400e+16
7.105015095725705123e+02 1.049590169963176200e+16
7.108350783564073936e+02 1.049676503107264600e+16
7.111686471402441612e+02 1.049759840318822200e+16
7.115022159240811561e+02 1.049840181314097600e+16
7.118357847079180374e+02 1.049917526571340800e+16
7.121693534917549187e+02 1.049991877332690800e+16
7.125029222755917999e+02 1.050063235605668000e+16
7.128364910594286812e+02 1.050131604164248800e+16
7.131700598432655624e+02 1.050196986549543600e+16
7.135036286271024437e+02 1.050259387070060400e+16
7.138371974109394387e+02 1.050318810801567000e+16
7.141707661947762062e+02 1.050375263586542000e+16
7.145043349786130875e+02 1.050428752033226000e+16
7.148379037624500825e+02 1.050479283514264400e+16
7.151714725462868500e+02 1.050526866164950400e+16
7.155050413301238450e+02 1.050571508881069600e+16
7.158386101139607263e+02 1.050613221316344800e+16
7.161721788977974938e+02 1.050652013879487800e+16
7.165057476816344888e+02 1.050687897730860000e+16
7.168393164654712564e+02 1.050720884778743600e+16
7.171728852493082513e+02 1.050750987675234800e+16
7.175064540331451326e+02 1.050778219811749200e+16
7.178400228169819002e+02 1.050802595314159000e+16
7.181735916008188951e+02 1.050824129037560800e+16
7.185071603846557764e+02 1.050842836560671400e+16
7.188407291684926577e+02 1.050858734179873600e+16
7.191742979523295389e+02 1.050871838902904000e+16
7.195078667361664202e+02 1.050882168442194200e+16
7.198414355200033015e+02 1.050889741207873800e+16
7.201750043038401827e+02 1.050894576300435400e+16
7.205085730876771777e+02 1.050896693503079200e+16
7.208421418715139453e+02 1.050896113273728400e+16
7.211757106553508265e+02 1.050892856736744800e+16
7.215092794391878215e+02 1.050886945674329200e+16
7.218428482230245891e+02 1.050878402517630200e+16
7.221764170068615840e+02 1.050867250337565200e+16
7.225099857906984653e+02 1.050853512835359600e+16
7.228435545745352329e+02 1.050837214332814200e+16
7.231771233583722278e+02 1.050818379762312800e+16
7.235106921422091091e+02 1.050797034656569400e+16
7.238442609260459903e+02 1.050773205138141400e+16
7.241778297098828716e+02 1.050746917908691000e+16
7.245113984937197529e+02 1.050718200238039400e+16
7.248449672775566341e+02 1.050687079952986400e+16
7.251785360613935154e+02 1.050653585425930600e+16
7.255121048452305104e+02 1.050617745563293600e+16
7.258456736290672779e+02 1.050579589793746800e+16
7.261792424129041592e+02 1.050539148056270600e+16
7.265128111967411542e+02 1.050496450788034000e+16
7.268463799805779217e+02 1.050451528912121600e+16
7.271799487644149167e+02 1.050404413825110000e+16
7.275135175482517980e+02 1.050355137384499600e+16
7.278470863320885655e+02 1.050303731896025600e+16
7.281806551159255605e+02 1.050250230100840000e+16
7.285142238997623281e+02 1.050194665162586600e+16
7.288477926835993230e+02 1.050137070654381400e+16
7.291813614674362043e+02 1.050077480545690400e+16
7.295149302512729719e+02 1.050015929189134800e+16
7.298484990351099668e+02 1.049952451307226000e+16
7.301820678189468481e+02 1.049887081979032000e+16
7.305156366027837294e+02 1.049819856626794400e+16
7.308492053866206106e+02 1.049750811002505200e+16
7.311827741704574919e+02 1.049679981174446600e+16
7.315163429542943732e+02 1.049607403513705600e+16
7.318499117381312544e+02 1.049533114680674600e+16
7.321834805219682494e+02 1.049457151611546400e+16
7.325170493058050170e+02 1.049379551504806400e+16
7.328506180896418982e+02 1.049300351807743400e+16
7.331841868734788932e+02 1.049219590202970400e+16
7.335177556573156608e+02 1.049137304594981000e+16
7.338513244411526557e+02 1.049053533096735000e+16
7.341848932249895370e+02 1.048968314016292800e+16
7.345184620088263046e+02 1.048881685843497600e+16
7.348520307926632995e+02 1.048793687236719600e+16
7.351855995765001808e+02 1.048704357009662800e+16
7.355191683603370620e+02 1.048613734118249600e+16
7.358527371441739433e+02 1.048521857647584400e+16
7.361863059280108246e+02 1.048428766799005600e+16
7.365198747118477058e+02 1.048334500877230000e+16
7.368534434956845871e+02 1.048239099277599600e+16
7.371870122795215821e+02 1.048142601473439200e+16
7.375205810633583496e+02 1.048045047003515800e+16
7.378541498471952309e+02 1.047946475459632200e+16
7.381877186310322259e+02 1.047846926474332800e+16
7.385212874148689934e+02 1.047746439708743600e+16
7.388548561987059884e+02 1.047645054840550000e+16
7.391884249825428697e+02 1.047542811552109600e+16
7.395219937663796372e+02 1.047439749518714000e+16
7.398555625502166322e+02 1.047335908396996400e+16
7.401891313340533998e+02 1.047231327813495600e+16
7.405227001178903947e+02 1.047126047353375400e+16
7.408562689017272760e+02 1.047020106549309600e+16
7.411898376855640436e+02 1.046913544870522400e+16
7.415234064694010385e+02 1.046806401712012000e+16
7.418569752532379198e+02 1.046698716383930400e+16
7.421905440370748011e+02 1.046590528101151200e+16
7.425241128209116823e+02 1.046481875973005400e+16
7.428576816047485636e+02 1.046372798993202400e+16
7.431912503885854449e+02 1.046263336029931400e+16
7.435248191724223261e+02 1.046153525816147600e+16
7.438583879562593211e+02 1.046043406940048400e+16
7.441919567400960887e+02 1.045933017835727400e+16
7.445255255239329699e+02 1.045822396774035600e+16
7.448590943077699649e+02 1.045711581853615600e+16
7.451926630916067325e+02 1.045600610992140000e+16
7.455262318754437274e+02 1.045489521917741400e+16
7.458598006592806087e+02 1.045378352160631000e+16
7.461933694431173762e+02 1.045267139044920000e+16
7.465269382269543712e+02 1.045155919680630800e+16
7.468605070107912525e+02 1.045044730955904800e+16
7.471940757946280200e+02 1.044933609529409200e+16
7.475276445784650150e+02 1.044822591822936800e+16
7.478612133623018963e+02 1.044711714014199200e+16
7.481947821461387775e+02 1.044601012029821200e+16
7.485283509299756588e+02 1.044490521538526600e+16
7.488619197138124264e+02 1.044380277944517800e+16
7.491954884976494213e+02 1.044270316381050600e+16
7.495290572814863026e+02 1.044160671704196000e+16
7.498626260653232976e+02 1.044051378486808200e+16
7.501961948491600651e+02 1.043942471012661800e+16
7.505297636329969464e+02 1.043833983270798400e+16
7.508633324168339414e+02 1.043725948950047400e+16
7.511969012006707089e+02 1.043618401433738800e+16
7.515304699845077039e+02 1.043511373794600600e+16
7.518640387683444715e+02 1.043404898789839600e+16
7.521976075521813527e+02 1.043299008856400000e+16
7.525311763360183477e+02 1.043193736106407600e+16
7.528647451198551153e+02 1.043089112322781800e+16
7.531983139036921102e+02 1.042985168955039600e+16
7.535318826875289915e+02 1.042881937115251200e+16
7.538654514713657591e+02 1.042779447574187600e+16
7.541990202552027540e+02 1.042677730757622200e+16
7.545325890390396353e+02 1.042576816742807800e+16
7.548661578228765165e+02 1.042476735255112800e+16
7.551997266067133978e+02 1.042377515664823200e+16
7.555332953905502791e+02 1.042279186984100400e+16
7.558668641743871603e+02 1.042181777864099200e+16
7.562004329582240416e+02 1.042085316592236400e+16
7.565340017420610366e+02 1.041989831089615600e+16
7.568675705258978041e+02 1.041895348908596800e+16
7.572011393097346854e+02 1.041801897230514000e+16
7.575347080935716804e+02 1.041709502863540000e+16
7.578682768774084479e+02 1.041618192240680800e+16
7.582018456612454429e+02 1.041527991417927200e+16
7.585354144450823242e+02 1.041438926072520200e+16
7.588689832289190917e+02 1.041351021501368400e+16
7.592025520127560867e+02 1.041264302619579200e+16
7.595361207965929680e+02 1.041178793959129800e+16
7.598696895804298492e+02 1.041094519667653000e+16
7.602032583642667305e+02 1.041011503507351600e+16
7.605368271481034981e+02 1.040929768854026000e+16
7.608703959319404930e+02 1.040849338696222600e+16
7.612039647157773743e+02 1.040770235634486800e+16
7.615375334996143692e+02 1.040692481880740800e+16
7.618711022834511368e+02 1.040616099257749200e+16
7.622046710672880181e+02 1.040541109198712000e+16
7.625382398511250130e+02 1.040467532746936800e+16
7.628718086349617806e+02 1.040395390555627600e+16
7.632053774187987756e+02 1.040324702887761600e+16
7.635389462026355432e+02 1.040255489616060800e+16
7.638725149864724244e+02 1.040187770223057600e+16
7.642060837703094194e+02 1.040121563801244000e+16
7.645396525541461870e+02 1.040056889053311000e+16
7.648732213379831819e+02 1.039993764292472000e+16
7.652067901218200632e+02 1.039932207442857200e+16
7.655403589056568308e+02 1.039872236040003200e+16
7.658739276894938257e+02 1.039813867231400400e+16
7.662074964733307070e+02 1.039757117777126000e+16
7.665410652571675882e+02 1.039702004050541200e+16
7.668746340410044695e+02 1.039648542039058400e+16
7.672082028248413508e+02 1.039596747344977200e+16
7.675417716086782320e+02 1.039546635186379000e+16
7.678753403925151133e+02 1.039498220398086400e+16
7.682089091763521083e+02 1.039451517432679600e+16
7.685424779601888758e+02 1.039406540361572800e+16
7.688760467440257571e+02 1.039363302876139800e+16
7.692096155278627521e+02 1.039321818288899600e+16
7.695431843116995196e+02 1.039282099534743200e+16
7.698767530955365146e+02 1.039244159172220200e+16
7.702103218793733959e+02 1.039208009384857400e+16
7.705438906632101634e+02 1.039173661982538000e+16
7.708774594470471584e+02 1.039141128402908800e+16
7.712110282308840397e+02 1.039110419712838400e+16
7.715445970147209209e+02 1.039081546609907200e+16
7.718781657985578022e+02 1.039054519423939600e+16
7.722117345823945698e+02 1.039029348118567800e+16
7.725453033662315647e+02 1.039006042292829600e+16
7.728788721500684460e+02 1.038984611182802400e+16
7.732124409339054409e+02 1.038965063663259000e+16
7.735460097177422085e+02 1.038947408249360400e+16
7.738795785015790898e+02 1.038931653098372800e+16
7.742131472854159711e+02 1.038917806011405600e+16
7.745467160692528523e+02 1.038905874435183600e+16
7.748802848530898473e+02 1.038895865463831400e+16
7.752138536369266149e+02 1.038887785840687600e+16
7.755474224207634961e+02 1.038881641960132800e+16
7.758809912046004911e+02 1.038877439869440400e+16
7.762145599884372587e+02 1.038875185270644800e+16
7.765481287722742536e+02 1.038874883522424400e+16
7.768816975561111349e+02 1.038876539641999200e+16
7.772152663399479025e+02 1.038880158307047400e+16
7.775488351237848974e+02 1.038885743857629600e+16
7.778824039076217787e+02 1.038893300298124800e+16
7.782159726914586599e+02 1.038902831299186200e+16
7.785495414752955412e+02 1.038914340199694800e+16
7.788831102591324225e+02 1.038927830008731000e+16
7.792166790429693037e+02 1.038943303407553400e+16
7.795502478268061850e+02 1.038960762751579600e+16
7.798838166106431800e+02 1.038980210072381000e+16
7.802173853944799475e+02 1.039001647079680200e+16
7.805509541783168288e+02 1.039025075163350200e+16
7.808845229621538238e+02 1.039050495395428400e+16
7.812180917459905913e+02 1.039077908532120000e+16
7.815516605298275863e+02 1.039107315015818800e+16
7.818852293136644676e+02 1.039138714977119800e+16
7.822187980975012351e+02 1.039172108236844000e+16
7.825523668813382301e+02 1.039207494308051600e+16
7.828859356651751114e+02 1.039244872398070800e+16
7.832195044490119926e+02 1.039284241410518000e+16
7.835530732328488739e+02 1.039325599947320000e+16
7.838866420166856415e+02 1.039368946310737400e+16
7.842202108005226364e+02 1.039414278505386200e+16
7.845537795843595177e+02 1.039461594240261200e+16
7.848873483681965126e+02 1.039510890930754200e+16
7.852209171520332802e+02 1.039562165700671600e+16
7.855544859358701615e+02 1.039615415384252800e+16
7.858880547197070428e+02 1.039670636528188000e+16
7.862216235035439240e+02 1.039727825393621600e+16
7.865551922873809190e+02 1.039786977958176200e+16
7.868887610712176865e+02 1.039848089917945600e+16
7.872223298550545678e+02 1.039911156689511400e+16
7.875558986388915628e+02 1.039976173411940000e+16
7.878894674227283303e+02 1.040043134948782600e+16
7.882230362065653253e+02 1.040112035890072800e+16
7.885566049904022066e+02 1.040182870554318000e+16
7.888901737742389741e+02 1.040255632990492600e+16
7.892237425580759691e+02 1.040330316980024800e+16
7.895573113419128504e+02 1.040406916038777400e+16
7.898908801257497316e+02 1.040485423419037200e+16
7.902244489095866129e+02 1.040565832111482000e+16
7.905580176934234942e+02 1.040648134847170200e+16
7.908915864772603754e+02 1.040732324099501200e+16
7.912251552610972567e+02 1.040818392086193600e+16
7.915587240449341380e+02 1.040906330771249600e+16
7.918922928287710192e+02 1.040996131866920400e+16
7.922258616126079005e+02 1.041087786835670400e+16
7.925594303964448955e+02 1.041181286892136800e+16
7.928929991802816630e+02 1.041276623005089400e+16
7.932265679641185443e+02 1.041373785899387000e+16
7.935601367479555392e+02 1.041472766057935600e+16
7.938937055317923068e+02 1.041573553723636000e+16
7.942272743156293018e+02 1.041676138901347400e+16
7.945608430994661830e+02 1.041780511359828000e+16
7.948944118833029506e+02 1.041886660633696000e+16
7.952279806671399456e+02 1.041994576025376800e+16
7.955615494509767132e+02 1.042104246607052800e+16
7.958951182348137081e+02 1.042215661222618800e+16
7.962286870186505894e+02 1.042328808489629000e+16
7.965622558024873570e+02 1.042443676801252800e+16
7.968958245863243519e+02 1.042560254328228200e+16
7.972293933701612332e+02 1.042678529020812400e+16
7.975629621539981144e+02 1.042798488610744800e+16
7.978965309378349957e+02 1.042920120613199200e+16
7.982300997216718770e+02 1.043043412328748200e+16
7.985636685055087582e+02 1.043168350845325200e+16
7.988972372893456395e+02 1.043294923040190200e+16
7.992308060731826345e+02 1.043423115581899600e+16
7.995643748570194020e+02 1.043552914932279000e+16
7.998979436408562833e+02 1.043684307348401000e+16
8.002315124246932783e+02 1.043817278884564600e+16
8.005650812085300458e+02 1.043951815394282800e+16
8.008986499923670408e+02 1.044087902532272400e+16
8.012322187762039221e+02 1.044225525756450200e+16
8.015657875600406896e+02 1.044364670329936400e+16
8.018993563438776846e+02 1.044505321323060000e+16
8.022329251277145659e+02 1.044647463615376000e+16
8.025664939115514471e+02 1.044791081897682600e+16
8.029000626953883284e+02 1.044936160674053600e+16
8.032336314792252097e+02 1.045082684263871000e+16
8.035672002630620909e+02 1.045230636803869600e+16
8.039007690468989722e+02 1.045380002250187200e+16
8.042343378307359671e+02 1.045530764380428800e+16
8.045679066145727347e+02 1.045682906795728000e+16
8.049014753984096160e+02 1.045836412922833400e+16
8.052350441822466109e+02 1.045991266016191600e+16
8.055686129660833785e+02 1.046147449160041800e+16
8.059021817499203735e+02 1.046304945270532800e+16
8.062357505337572547e+02 1.046463737097830000e+16
8.065693193175940223e+02 1.046623807228253400e+16
8.069028881014310173e+02 1.046785138086411800e+16
8.072364568852677849e+02 1.046947711937357200e+16
8.075700256691047798e+02 1.047111510888749000e+16
8.079035944529416611e+02 1.047276516893026400e+16
8.082371632367784287e+02 1.047442711749597400e+16
8.085707320206154236e+02 1.047610077107044000e+16
8.089043008044523049e+02 1.047778594465325800e+16
8.092378695882891861e+02 1.047948245178018200e+16
8.095714383721260674e+02 1.048119010454541600e+16
8.099050071559629487e+02 1.048290871362425200e+16
8.102385759397998299e+02 1.048463808829567200e+16
8.105721447236367112e+02 1.048637803646522000e+16
8.109057135074737062e+02 1.048812836468793600e+16
8.112392822913104737e+02 1.048988887819150000e+16
8.115728510751473550e+02 1.049165938089946800e+16
8.119064198589843500e+02 1.049343967545471600e+16
8.122399886428211175e+02 1.049522956324297200e+16
8.125735574266581125e+02 1.049702884441656800e+16
8.129071262104949938e+02 1.049883731791833200e+16
8.132406949943317613e+02 1.050065478150557000e+16
8.135742637781687563e+02 1.050248103177435600e+16
8.139078325620056376e+02 1.050431586418380000e+16
8.142414013458425188e+02 1.050615907308066200e+16
8.145749701296794001e+02 1.050801045172395600e+16
8.149085389135162814e+02 1.050986979230989600e+16
8.152421076973531626e+02 1.051173688599685000e+16
8.155756764811900439e+02 1.051361152293056400e+16
8.159092452650270388e+02 1.051549349226952000e+16
8.162428140488638064e+02 1.051738258221046200e+16
8.165763828327006877e+02 1.051927858001411400e+16
8.169099516165376826e+02 1.052118127203101800e+16
8.172435204003744502e+02 1.052309044372759600e+16
8.175770891842114452e+02 1.052500587971236600e+16
8.179106579680483264e+02 1.052692736376233000e+16
8.182442267518850940e+02 1.052885467884951800e+16
8.185777955357220890e+02 1.053078760716771800e+16
8.189113643195588566e+02 1.053272593015938000e+16
8.192449331033958515e+02 1.053466942854268000e+16
8.195785018872327328e+02 1.053661788233876000e+16
8.199120706710695003e+02 1.053857107089913600e+16
8.202456394549064953e+02 1.054052877293327400e+16
8.205792082387433766e+02 1.054249076653633600e+16
8.209127770225802578e+02 1.054445682921707800e+16
8.212463458064171391e+02 1.054642673792595000e+16
8.215799145902540204e+02 1.054840026908330800e+16
8.219134833740909016e+02 1.055037719860784400e+16
8.222470521579277829e+02 1.055235730194510600e+16
8.225806209417647779e+02 1.055434035409627600e+16
8.229141897256015454e+02 1.055632612964699200e+16
8.232477585094384267e+02 1.055831440279643000e+16
8.235813272932754217e+02 1.056030494738645200e+16
8.239148960771121892e+02 1.056229753693097400e+16
8.242484648609491842e+02 1.056429194464542400e+16
8.245820336447860655e+02 1.056628794347639000e+16
8.249156024286228330e+02 1.056828530613139200e+16
8.252491712124598280e+02 1.057028380510881200e+16
8.255827399962967093e+02 1.057228321272788200e+16
8.259163087801335905e+02 1.057428330115896200e+16
8.262498775639704718e+02 1.057628384245378000e+16
8.265834463478073530e+02 1.057828460857591600e+16
8.269170151316442343e+02 1.058028537143134400e+16
8.272505839154811156e+02 1.058228590289914200e+16
8.275841526993181105e+02 1.058428597486228000e+16
8.279177214831548781e+02 1.058628535923854000e+16
8.282512902669917594e+02 1.058828382801152800e+16
8.285848590508287543e+02 1.059028115326185200e+16
8.289184278346655219e+02 1.059227710719825600e+16
8.292519966185025169e+02 1.059427146218906000e+16
8.295855654023393981e+02 1.059626399079347200e+16
8.299191341861761657e+02 1.059825446579316000e+16
8.302527029700131607e+02 1.060024266022380200e+16
8.305862717538499282e+02 1.060222834740674000e+16
8.309198405376869232e+02 1.060421130098074000e+16
8.312534093215238045e+02 1.060619129493377400e+16
8.315869781053605720e+02 1.060816810363486400e+16
8.319205468891975670e+02 1.061014150186603600e+16
8.322541156730344483e+02 1.061211126485424400e+16
8.325876844568712158e+02 1.061407716830339000e+16
8.329212532407082108e+02 1.061603898842642000e+16
8.332548220245450921e+02 1.061799650197734000e+16
8.335883908083819733e+02 1.061994948628337400e+16
8.339219595922188546e+02 1.062189771927706800e+16
8.342555283760557359e+02 1.062384097952847000e+16
8.345890971598926171e+02 1.062577904627726800e+16
8.349226659437294984e+02 1.062771169946493400e+16
8.352562347275664933e+02 1.062963871976693600e+16
8.355898035114032609e+02 1.063155988862483200e+16
8.359233722952401422e+02 1.063347498827844200e+16
8.362569410790771371e+02 1.063538380179794400e+16
8.365905098629139047e+02 1.063728611311593600e+16
8.369240786467508997e+02 1.063918170705953600e+16
8.372576474305877809e+02 1.064107036938233200e+16
8.375912162144245485e+02 1.064295188679637600e+16
8.379247849982615435e+02 1.064482604700404600e+16
8.382583537820984247e+02 1.064669263872991800e+16
8.385919225659353060e+02 1.064855145175250600e+16
8.389254913497721873e+02 1.065040227693597600e+16
8.392590601336089549e+02 1.065224490626172400e+16
8.395926289174459498e+02 1.065407913285990400e+16
8.399261977012828311e+02 1.065590475104083600e+16
8.402597664851198260e+02 1.065772155632633600e+16
8.405933352689565936e+02 1.065952934548087200e+16
8.409269040527934749e+02 1.066132791654268400e+16
8.412604728366304698e+02 1.066311706885471400e+16
8.415940416204672374e+02 1.066489660309540400e+16
8.419276104043042324e+02 1.066666632130940800e+16
8.422611791881409999e+02 1.066842602693805200e+16
8.425947479719778812e+02 1.067017552484977800e+16
8.429283167558148762e+02 1.067191462137029400e+16
8.432618855396516437e+02 1.067364312431261400e+16
8.435954543234886387e+02 1.067536084300690400e+16
8.439290231073255200e+02 1.067706758833016400e+16
8.442625918911622875e+02 1.067876317273569400e+16
8.445961606749992825e+02 1.068044741028236400e+16
8.449297294588361638e+02 1.068212011666364400e+16
8.452632982426730450e+02 1.068378110923652400e+16
8.455968670265099263e+02 1.068543020705004600e+16
8.459304358103468076e+02 1.068706723087379200e+16
8.462640045941836888e+02 1.068869200322596600e+16
8.465975733780205701e+02 1.069030434840132400e+16
8.469311421618575650e+02 1.069190409249887200e+16
8.472647109456943326e+02 1.069349106344919600e+16
8.475982797295312139e+02 1.069506509104167200e+16
8.479318485133682088e+02 1.069662600695127200e+16
8.482654172972049764e+02 1.069817364476516200e+16
8.485989860810419714e+02 1.069970784000901200e+16
8.489325548648788526e+02 1.070122843017298200e+16
8.492661236487156202e+02 1.070273525473739600e+16
8.495996924325526152e+02 1.070422815519819400e+16
8.499332612163894964e+02 1.070570697509193800e+16
8.502668300002263777e+02 1.070717156002063600e+16
8.506003987840632590e+02 1.070862175767610400e+16
8.509339675679000266e+02 1.071005741786412800e+16
8.512675363517370215e+02 1.071147839252815600e+16
8.516011051355739028e+02 1.071288453577275200e+16
8.519346739194108977e+02 1.071427570388661200e+16
8.522682427032476653e+02 1.071565175536529200e+16
8.526018114870845466e+02 1.071701255093351000e+16
8.529353802709214278e+02 1.071835795356713200e+16
8.532689490547583091e+02 1.071968782851470200e+16
8.536025178385953041e+02 1.072100204331871600e+16
8.539360866224320716e+02 1.072230046783634200e+16
8.542696554062689529e+02 1.072358297425991000e+16
8.546032241901059479e+02 1.072484943713688200e+16
8.549367929739427154e+02 1.072609973338946800e+16
8.552703617577797104e+02 1.072733374233382800e+16
8.556039305416165917e+02 1.072855134569886000e+16
8.559374993254533592e+02 1.072975242764453600e+16
8.562710681092903542e+02 1.073093687477988600e+16
8.566046368931272355e+02 1.073210457618042400e+16
8.569382056769641167e+02 1.073325542340529200e+16
8.572717744608009980e+02 1.073438931051384000e+16
8.576053432446378793e+02 1.073550613408185000e+16
8.579389120284747605e+02 1.073660579321721600e+16
8.582724808123116418e+02 1.073768818957527600e+16
8.586060495961486367e+02 1.073875322737359200e+16
8.589396183799854043e+02 1.073980081340635400e+16
8.592731871638222856e+02 1.074083085705824000e+16
8.596067559476592805e+02 1.074184327031786200e+16
8.599403247314960481e+02 1.074283796779071600e+16
8.602738935153330431e+02 1.074381486671166000e+16
8.606074622991699243e+02 1.074477388695691400e+16
8.609410310830066919e+02 1.074571495105556400e+16
8.612745998668436869e+02 1.074663798420062600e+16
8.616081686506805681e+02 1.074754291425952000e+16
8.619417374345174494e+02 1.074842967178420800e+16
8.622753062183543307e+02 1.074929819002065200e+16
8.626088750021910982e+02 1.075014840491796400e+16
8.629424437860280932e+02 1.075098025513690600e+16
8.632760125698649745e+02 1.075179368205794000e+16
8.636095813537019694e+02 1.075258862978883600e+16
8.639431501375387370e+02 1.075336504517167000e+16
8.642767189213756183e+02 1.075412287778936000e+16
8.646102877052124995e+02 1.075486207997175600e+16
8.649438564890493808e+02 1.075558260680108400e+16
8.652774252728863758e+02 1.075628441611700800e+16
8.656109940567231433e+02 1.075696746852107600e+16
8.659445628405600246e+02 1.075763172738075800e+16
8.662781316243970196e+02 1.075827715883286600e+16
8.666117004082337871e+02 1.075890373178648800e+16
8.669452691920707821e+02 1.075951141792546600e+16
8.672788379759076633e+02 1.076010019171027400e+16
8.676124067597444309e+02 1.076067003037941200e+16
8.679459755435814259e+02 1.076122091395029800e+16
8.682795443274183071e+02 1.076175282521959200e+16
8.686131131112551884e+02 1.076226574976306600e+16
8.689466818950920697e+02 1.076275967593490400e+16
8.692802506789289509e+02 1.076323459486650400e+16
8.696138194627658322e+02 1.076369050046477400e+16
8.699473882466027135e+02 1.076412738940985200e+16
8.702809570304397084e+02 1.076454526115242800e+16
8.706145258142764760e+02 1.076494411791038600e+16
8.709480945981133573e+02 1.076532396466512000e+16
8.712816633819503522e+02 1.076568480915714000e+16
8.716152321657871198e+02 1.076602666188132800e+16
8.719488009496241148e+02 1.076634953608159600e+16
8.722823697334609960e+02 1.076665344774505400e+16
8.726159385172977636e+02 1.076693841559567200e+16
8.729495073011347586e+02 1.076720446108746000e+16
8.732830760849716398e+02 1.076745160839706800e+16
8.736166448688085211e+02 1.076767988441599400e+16
8.739502136526454024e+02 1.076788931874218800e+16
8.742837824364821699e+02 1.076807994367122600e+16
8.746173512203191649e+02 1.076825179418698400e+16
8.749509200041560462e+02 1.076840490795177200e+16
8.752844887879930411e+02 1.076853932529600400e+16
8.756180575718298087e+02 1.076865508920744000e+16
8.759516263556666900e+02 1.076875224531983000e+16
8.762851951395035712e+02 1.076883084190118000e+16
8.766187639233404525e+02 1.076889092984146800e+16
8.769523327071773338e+02 1.076893256263994800e+16
8.772859014910142150e+02 1.076895579639193600e+16
8.776194702748510963e+02 1.076896068977515600e+16
8.779530390586880912e+02 1.076894730403558800e+16
8.782866078425248588e+02 1.076891570297292000e+16
8.786201766263617401e+02 1.076886595292548800e+16
8.789537454101987350e+02 1.076879812275478400e+16
8.792873141940355026e+02 1.076871228382952000e+16
8.796208829778724976e+02 1.076860851000926200e+16
8.799544517617093788e+02 1.076848687762759200e+16
8.802880205455461464e+02 1.076834746547487600e+16
8.806215893293831414e+02 1.076819035478057600e+16
8.809551581132200226e+02 1.076801562919515800e+16
8.812887268970569039e+02 1.076782337477157600e+16
8.816222956808937852e+02 1.076761367994630400e+16
8.819558644647306664e+02 1.076738663552006400e+16
8.822894332485675477e+02 1.076714233463802800e+16
8.826230020324044290e+02 1.076688087276968800e+16
8.829565708162414239e+02 1.076660234768835200e+16
8.832901396000781915e+02 1.076630685945020000e+16
8.836237083839150728e+02 1.076599451037300200e+16
8.839572771677520677e+02 1.076566540501445600e+16
8.842908459515888353e+02 1.076531965015011600e+16
8.846244147354258303e+02 1.076495735475104400e+16
8.849579835192627115e+02 1.076457862996100200e+16
8.852915523030994791e+02 1.076418358907338800e+16
8.856251210869364741e+02 1.076377234750776600e+16
8.859586898707732416e+02 1.076334502278608200e+16
8.862922586546102366e+02 1.076290173450856000e+16
8.866258274384471179e+02 1.076244260432926000e+16
8.869593962222838854e+02 1.076196775593131200e+16
8.872929650061208804e+02 1.076147731500188000e+16
8.876265337899577617e+02 1.076097140920677200e+16
8.879601025737946429e+02 1.076045016816477000e+16
8.882936713576315242e+02 1.075991372342171800e+16
8.886272401414684055e+02 1.075936220842424400e+16
8.889608089253052867e+02 1.075879575849329200e+16
8.892943777091421680e+02 1.075821451079731600e+16
8.896279464929791629e+02 1.075761860432528600e+16
8.899615152768159305e+02 1.075700817985936000e+16
8.902950840606528118e+02 1.075638337994739200e+16
8.906286528444898067e+02 1.075574434887515200e+16
8.909622216283265743e+02 1.075509123263834000e+16
8.912957904121635693e+02 1.075442417891434800e+16
8.916293591960004505e+02 1.075374333703385400e+16
8.919629279798372181e+02 1.075304885795219800e+16
8.922964967636742131e+02 1.075234089422052600e+16
8.926300655475110943e+02 1.075161959995677000e+16
8.929636343313479756e+02 1.075088513081647000e+16
8.932972031151848569e+02 1.075013764396337200e+16
8.936307718990217381e+02 1.074937729803989000e+16
8.939643406828586194e+02 1.074860425313743600e+16
8.942979094666955007e+02 1.074781867076653000e+16
8.946314782505324956e+02 1.074702071382684400e+16
8.949650470343692632e+02 1.074621054657706000e+16
8.952986158182061445e+02 1.074538833460463600e+16
8.956321846020431394e+02 1.074455424479544800e+16
8.959657533858799070e+02 1.074370844530330400e+16
8.962993221697169020e+02 1.074285110551939400e+16
8.966328909535537832e+02 1.074198239604162000e+16
8.969664597373905508e+02 1.074110248864384000e+16
8.973000285212275458e+02 1.074021155624511200e+16
8.976335973050643133e+02 1.073930977287871800e+16
8.979671660889013083e+02 1.073839731366130800e+16
8.983007348727381896e+02 1.073747435476184800e+16
8.986343036565749571e+02 1.073654107337065600e+16
8.989678724404119521e+02 1.073559764766826400e+16
8.993014412242488334e+02 1.073464425679441000e+16
8.996350100080857146e+02 1.073368108081687400e+16
8.999685787919225959e+02 1.073270830070040800e+16
9.003021475757594771e+02 1.073172609827560000e+16
9.006357163595963584e+02 1.073073465620781200e+16
9.009692851434332397e+02 1.072973415796604600e+16
9.013028539272702346e+02 1.072872478779196400e+16
9.016364227111070022e+02 1.072770673066878000e+16
9.019699914949438835e+02 1.072668017229035600e+16
9.023035602787808784e+02 1.072564529903023200e+16
9.026371290626176460e+02 1.072460229791075800e+16
9.029706978464546410e+02 1.072355135657230600e+16
9.033042666302915222e+02 1.072249266324253200e+16
9.036378354141282898e+02 1.072142640670572800e+16
9.039714041979652848e+02 1.072035277627226800e+16
9.043049729818021660e+02 1.071927196174812400e+16
9.046385417656390473e+02 1.071818415340457000e+16
9.049721105494759286e+02 1.071708954194786400e+16
9.053056793333128098e+02 1.071598831848919600e+16
9.056392481171496911e+02 1.071488067451465400e+16
9.059728169009865724e+02 1.071376680185537600e+16
9.063063856848235673e+02 1.071264689265785000e+16
9.066399544686603349e+02 1.071152113935433600e+16
9.069735232524972162e+02 1.071038973463347200e+16
9.073070920363342111e+02 1.070925287141101200e+16
9.076406608201709787e+02 1.070811074280077800e+16
9.079742296040079736e+02 1.070696354208577400e+16
9.083077983878448549e+02 1.070581146268945000e+16
9.086413671716816225e+02 1.070465469814719800e+16
9.089749359555186174e+02 1.070349344207807600e+16
9.093085047393553850e+02 1.070232788815662600e+16
9.096420735231923800e+02 1.070115823008503600e+16
9.099756423070292612e+02 1.069998466156542400e+16
9.103092110908660288e+02 1.069880737627239600e+16
9.106427798747030238e+02 1.069762656782581000e+16
9.109763486585399050e+02 1.069644242976378400e+16
9.113099174423767863e+02 1.069525515551594200e+16
9.116434862262136676e+02 1.069406493837692000e+16
9.119770550100505488e+02 1.069287197148010000e+16
9.123106237938874301e+02 1.069167644777164000e+16
9.126441925777243114e+02 1.069047855998470000e+16
9.129777613615613063e+02 1.068927850061404000e+16
9.133113301453980739e+02 1.068807646189076800e+16
9.136448989292349552e+02 1.068687263575748800e+16
9.139784677130719501e+02 1.068566721384363200e+16
9.143120364969087177e+02 1.068446038744114000e+16
9.146456052807457127e+02 1.068325234748040200e+16
9.149791740645825939e+02 1.068204328450651800e+16
9.153127428484193615e+02 1.068083338865585200e+16
9.156463116322563565e+02 1.067962284963285400e+16
9.159798804160932377e+02 1.067841185668728200e+16
9.163134491999301190e+02 1.067720059859160800e+16
9.166470179837670003e+02 1.067598926361886800e+16
9.169805867676038815e+02 1.067477803952073200e+16
9.173141555514407628e+02 1.067356711350599000e+16
9.176477243352776441e+02 1.067235667221921200e+16
9.179812931191144116e+02 1.067114690171996800e+16
9.183148619029514066e+02 1.066993798746212400e+16
9.186484306867882879e+02 1.066873011427369400e+16
9.189819994706252828e+02 1.066752346633686600e+16
9.193155682544620504e+02 1.066631822716845200e+16
9.196491370382989317e+02 1.066511457960066800e+16
9.199827058221359266e+02 1.066391270576225600e+16
9.203162746059726942e+02 1.066271278705990600e+16
9.206498433898096891e+02 1.066151500416012000e+16
9.209834121736464567e+02 1.066031953697130200e+16
9.213169809574833380e+02 1.065912656462634200e+16
9.216505497413203329e+02 1.065793626546542400e+16
9.219841185251571005e+02 1.065674881701924000e+16
9.223176873089940955e+02 1.065556439599258400e+16
9.226512560928309767e+02 1.065438317824824600e+16
9.229848248766677443e+02 1.065320533879130800e+16
9.233183936605047393e+02 1.065203105175378000e+16
9.236519624443416205e+02 1.065086049037956800e+16
9.239855312281785018e+02 1.064969382700983600e+16
9.243191000120153831e+02 1.064853123306871400e+16
9.246526687958522643e+02 1.064737287904936000e+16
9.249862375796891456e+02 1.064621893450037600e+16
9.253198063635260269e+02 1.064506956801256400e+16
9.256533751473630218e+02 1.064392494720610800e+16
9.259869439311997894e+02 1.064278523871799800e+16
9.263205127150366707e+02 1.064165060818993200e+16
9.266540814988736656e+02 1.064052122025647600e+16
9.269876502827104332e+02 1.063939723853364000e+16
9.273212190665474282e+02 1.063827882560774800e+16
9.276547878503843094e+02 1.063716614302473800e+16
9.279883566342210770e+02 1.063605935127972400e+16
9.283219254180580720e+02 1.063495860980698600e+16
9.286554942018949532e+02 1.063386407697022600e+16
9.289890629857318345e+02 1.063277591005326000e+16
9.293226317695687158e+02 1.063169426525097000e+16
9.296562005534054833e+02 1.063061929766065200e+16
9.299897693372424783e+02 1.062955116127367400e+16
9.303233381210793596e+02 1.062849000896748400e+16
9.306569069049163545e+02 1.062743599249794200e+16
9.309904756887531221e+02 1.062638926249202000e+16
9.313240444725900034e+02 1.062534996844075600e+16
9.316576132564269983e+02 1.062431825869262600e+16
9.319911820402637659e+02 1.062329428044715600e+16
9.323247508241007608e+02 1.062227817974894000e+16
9.326583196079375284e+02 1.062127010148188400e+16
9.329918883917744097e+02 1.062027018936385200e+16
9.333254571756114046e+02 1.061927858594155600e+16
9.336590259594481722e+02 1.061829543258582000e+16
9.339925947432851672e+02 1.061732086948705600e+16
9.343261635271220484e+02 1.061635503565115200e+16
9.346597323109588160e+02 1.061539806889559000e+16
9.349933010947958110e+02 1.061445010584585200e+16
9.353268698786326922e+02 1.061351128193217600e+16
9.356604386624695735e+02 1.061258173138654400e+16
9.359940074463064548e+02 1.061166158723995200e+16
9.363275762301433360e+02 1.061075098132002800e+16
9.366611450139802173e+02 1.060985004424884800e+16
9.369947137978170986e+02 1.060895890544103600e+16
9.373282825816540935e+02 1.060807769310220000e+16
9.376618513654908611e+02 1.060720653422751600e+16
9.379954201493277424e+02 1.060634555460070000e+16
9.383289889331647373e+02 1.060549487879311400e+16
9.386625577170015049e+02 1.060465463016322400e+16
9.389961265008384999e+02 1.060382493085620200e+16
9.393296952846753811e+02 1.060300590180388400e+16
9.396632640685121487e+02 1.060219766272485600e+16
9.399968328523491436e+02 1.060140033212486000e+16
9.403304016361860249e+02 1.060061402729733800e+16
9.406639704200229062e+02 1.059983886432431200e+16
9.409975392038597874e+02 1.059907495807735600e+16
9.413311079876965550e+02 1.059832242221888800e+16
9.416646767715335500e+02 1.059758136920359600e+16
9.419982455553704312e+02 1.059685191028011200e+16
9.423318143392074262e+02 1.059613415549286800e+16
9.426653831230441938e+02 1.059542821368414000e+16
9.429989519068810750e+02 1.059473419249627200e+16
9.433325206907179563e+02 1.059405219837413200e+16
9.436660894745548376e+02 1.059338233656769000e+16
9.439996582583918325e+02 1.059272471113479400e+16
9.443332270422286001e+02 1.059207942494410200e+16
9.446667958260654814e+02 1.059144657967820400e+16
9.450003646099024763e+02 1.059082627583688200e+16
9.453339333937392439e+02 1.059021861274050200e+16
9.456675021775762389e+02 1.058962368853362400e+16
9.460010709614131201e+02 1.058904160018864200e+16
9.463346397452498877e+02 1.058847244350970000e+16
9.466682085290868827e+02 1.058791631313661600e+16
9.470017773129237639e+02 1.058737330254898600e+16
9.473353460967606452e+02 1.058684350407045200e+16
9.476689148805975265e+02 1.058632700887299400e+16
9.480024836644344077e+02 1.058582390698140600e+16
9.483360524482712890e+02 1.058533428727786400e+16
9.486696212321081703e+02 1.058485823750655200e+16
9.490031900159451652e+02 1.058439584427848000e+16
9.493367587997819328e+02 1.058394719307625000e+16
9.496703275836188141e+02 1.058351236825905600e+16
9.500038963674558090e+02 1.058309145306768200e+16
9.503374651512925766e+02 1.058268452962956400e+16
9.506710339351295715e+02 1.058229167896399600e+16
9.510046027189664528e+02 1.058191298098730400e+16
9.513381715028032204e+02 1.058154851451818400e+16
9.516717402866402153e+02 1.058119835728300200e+16
9.520053090704770966e+02 1.058086258592120600e+16
9.523388778543139779e+02 1.058054127599076400e+16
9.526724466381508591e+02 1.058023450197362200e+16
9.530060154219876267e+02 1.057994233728125000e+16
9.533395842058246217e+02 1.057966485426014800e+16
9.536731529896615029e+02 1.057940212419744000e+16
9.540067217734984979e+02 1.057915421732645600e+16
9.543402905573352655e+02 1.057892120283232800e+16
9.546738593411721467e+02 1.057870314885762400e+16
9.550074281250090280e+02 1.057850012250795400e+16
9.553409969088459093e+02 1.057831218985760800e+16
9.556745656926829042e+02 1.057813941595515800e+16
9.560081344765196718e+02 1.057798186482908600e+16
9.563417032603565531e+02 1.057783959949339600e+16
9.566752720441935480e+02 1.057771268195317600e+16
9.570088408280303156e+02 1.057760117321016000e+16
9.573424096118673106e+02 1.057750513326829200e+16
9.576759783957041918e+02 1.057742462113919600e+16
9.580095471795409594e+02 1.057735969484768400e+16
9.583431159633779544e+02 1.057731041143716400e+16
9.586766847472148356e+02 1.057727682697504000e+16
9.590102535310517169e+02 1.057725899655804400e+16
9.593438223148885982e+02 1.057725697431755400e+16
9.596773910987254794e+02 1.057727081342479000e+16
9.600109598825623607e+02 1.057730056609603200e+16
9.603445286663992420e+02 1.057734628359767600e+16
9.606780974502362369e+02 1.057740801625133800e+16
9.610116662340730045e+02 1.057748581343878400e+16
9.613452350179098858e+02 1.057757972360683800e+16
9.616788038017468807e+02 1.057768979427221000e+16
9.620123725855836483e+02 1.057781607202620800e+16
9.623459413694205296e+02 1.057795860253940400e+16
9.626795101532575245e+02 1.057811743056617200e+16
9.630130789370942921e+02 1.057829259994916800e+16
9.633466477209312870e+02 1.057848415362368000e+16
9.636802165047681683e+02 1.057869213362191200e+16
9.640137852886049359e+02 1.057891658107711600e+16
9.643473540724419308e+02 1.057915753622768400e+16
9.646809228562786984e+02 1.057941503842102000e+16
9.650144916401156934e+02 1.057968912611747000e+16
9.653480604239525746e+02 1.057997983689393200e+16
9.656816292077893422e+02 1.058028720744752000e+16
9.660151979916263372e+02 1.058061127359898400e+16
9.663487667754632184e+02 1.058095207029608600e+16
9.666823355593000997e+02 1.058130963161680000e+16
9.670159043431369810e+02 1.058168399077239000e+16
9.673494731269738622e+02 1.058207518011036800e+16
9.676830419108107435e+02 1.058248323111731600e+16
9.680166106946476248e+02 1.058290817442152400e+16
9.683501794784846197e+02 1.058335003979557200e+16
9.686837482623213873e+02 1.058380885615867400e+16
9.690173170461582686e+02 1.058428465157894800e+16
9.693508858299952635e+02 1.058477745327551000e+16
9.696844546138320311e+02 1.058528728762040600e+16
9.700180233976690261e+02 1.058581418014040800e+16
9.703515921815059073e+02 1.058635815551865600e+16
9.706851609653426749e+02 1.058691923759615400e+16
9.710187297491796699e+02 1.058749744937306000e+16
9.713522985330165511e+02 1.058809281300988400e+16
9.716858673168534324e+02 1.058870534982848400e+16
9.720194361006903137e+02 1.058933508031289600e+16
9.723530048845271949e+02 1.058998202411001600e+16
9.726865736683640762e+02 1.059064620003014000e+16
9.730201424522009575e+02 1.059132762604726000e+16
9.733537112360379524e+02 1.059202631929929200e+16
9.736872800198747200e+02 1.059274229608804400e+16
9.740208488037116012e+02 1.059347557187908400e+16
9.743544175875485962e+02 1.059422616130141200e+16
9.746879863713853638e+02 1.059499407814692600e+16
9.750215551552223587e+02 1.059577933536978800e+16
9.753551239390592400e+02 1.059658194508554400e+16
9.756886927228960076e+02 1.059740191857012000e+16
9.760222615067330025e+02 1.059823926625864400e+16
9.763558302905697701e+02 1.059909399774403200e+16
9.766893990744067651e+02 1.059996612177551400e+16
9.770229678582436463e+02 1.060085564625683200e+16
9.773565366420804139e+02 1.060176257824444200e+16
9.776901054259174089e+02 1.060268692394538400e+16
9.780236742097542901e+02 1.060362868871506400e+16
9.783572429935911714e+02 1.060458787705484400e+16
9.786908117774280527e+02 1.060556449260947000e+16
9.790243805612649339e+02 1.060655853816428000e+16
9.793579493451018152e+02 1.060757001564230000e+16
9.796915181289386965e+02 1.060859892610113600e+16
9.800250869127756914e+02 1.060964526972970800e+16
9.803586556966124590e+02 1.061070904584477600e+16
9.806922244804493403e+02 1.061179025288736600e+16
9.810257932642863352e+02 1.061288888841897600e+16
9.813593620481231028e+02 1.061400494911762400e+16
9.816929308319600977e+02 1.061513843077374000e+16
9.820264996157969790e+02 1.061628932828589800e+16
9.823600683996337466e+02 1.061745763565636400e+16
9.826936371834707415e+02 1.061864334598652600e+16
9.830272059673076228e+02 1.061984645147209200e+16
9.833607747511445041e+02 1.062106694339822400e+16
9.836943435349813853e+02 1.062230481213443800e+16
9.840279123188182666e+02 1.062356004712938400e+16
9.843614811026551479e+02 1.062483263690552400e+16
9.846950498864920291e+02 1.062612256905351600e+16
9.850286186703290241e+02 1.062742983022665000e+16
9.853621874541657917e+02 1.062875440613495000e+16
9.856957562380026729e+02 1.063009628153930800e+16
9.860293250218396679e+02 1.063145544024533800e+16
9.863628938056764355e+02 1.063283186509715400e+16
9.866964625895134304e+02 1.063422553797106800e+16
9.870300313733503117e+02 1.063563643976905200e+16
9.873636001571870793e+02 1.063706455041216000e+16
9.876971689410240742e+02 1.063850984883378400e+16
9.880307377248608418e+02 1.063997231297281800e+16
9.883643065086978368e+02 1.064145191976670400e+16
9.886978752925347180e+02 1.064294864514431600e+16
9.890314440763714856e+02 1.064446246401882600e+16
9.893650128602084806e+02 1.064599335028040600e+16
9.896985816440453618e+02 1.064754127678883800e+16
9.900321504278822431e+02 1.064910621536602800e+16
9.903657192117191244e+02 1.065068813678845800e+16
9.906992879955560056e+02 1.065228701077954000e+16
9.910328567793928869e+02 1.065390280600183200e+16
9.913664255632297682e+02 1.065553549004928800e+16
9.916999943470667631e+02 1.065718502943932600e+16
9.920335631309035307e+02 1.065885138960491200e+16
9.923671319147404120e+02 1.066053453488650200e+16
9.927007006985774069e+02 1.066223442852405600e+16
9.930342694824141745e+02 1.066395103264880600e+16
9.933678382662511694e+02 1.066568430827520400e+16
9.937014070500880507e+02 1.066743421529261800e+16
9.940349758339248183e+02 1.066920071245716000e+16
9.943685446177618132e+02 1.067098375738339400e+16
9.947021134015986945e+02 1.067278330653603200e+16
9.950356821854355758e+02 1.067459931522164600e+16
9.953692509692724570e+02 1.067643173758033600e+16
9.957028197531093383e+02 1.067828052657741400e+16
9.960363885369462196e+02 1.068014563399508800e+16
9.963699573207831008e+02 1.068202701042412200e+16
9.967035261046200958e+02 1.068392460525558600e+16
9.970370948884568634e+02 1.068583836667252800e+16
9.973706636722937446e+02 1.068776824164178400e+16
9.977042324561307396e+02 1.068971417590571200e+16
9.980378012399675072e+02 1.069167611397406400e+16
9.983713700238045021e+02 1.069365399911586000e+16
9.987049388076413834e+02 1.069564777335132000e+16
9.990385075914781510e+02 1.069765737744387000e+16
9.993720763753151459e+02 1.069968275089222800e+16
9.997056451591519135e+02 1.070172383192256000e+16
1.000039213942988908e+03 1.070378055748070800e+16
1.000372782726825790e+03 1.070585286322456600e+16
1.000706351510662557e+03 1.070794068351647800e+16
1.001039920294499552e+03 1.071004395141583200e+16
1.001373489078336434e+03 1.071216259867170600e+16
1.001707057862173315e+03 1.071429655571569600e+16
1.002040626646010196e+03 1.071644575165482200e+16
1.002374195429847077e+03 1.071861011426463400e+16
1.002707764213683959e+03 1.072078956998244600e+16
1.003041332997520840e+03 1.072298404390071200e+16
1.003374901781357721e+03 1.072519345976060400e+16
1.003708470565194602e+03 1.072741773994576600e+16
1.004042039349031484e+03 1.072965680547620600e+16
1.004375608132868479e+03 1.073191057600247200e+16
1.004709176916705246e+03 1.073417896979993200e+16
1.005042745700542127e+03 1.073646190376337600e+16
1.005376314484379122e+03 1.073875929340171600e+16
1.005709883268215890e+03 1.074107105283303200e+16
1.006043452052052885e+03 1.074339709477980000e+16
1.006377020835889766e+03 1.074573733056436800e+16
1.006710589619726534e+03 1.074809167010470800e+16
1.007044158403563529e+03 1.075046002191044400e+16
1.007377727187400410e+03 1.075284229307913800e+16
1.007711295971237291e+03 1.075523838929284400e+16
1.008044864755074173e+03 1.075764821481503200e+16
1.008378433538910940e+03 1.076007167248771200e+16
1.008712002322747935e+03 1.076250866372899200e+16
1.009045571106584816e+03 1.076495908853082400e+16
1.009379139890421811e+03 1.076742284545722400e+16
1.009712708674258579e+03 1.076989983164271200e+16
1.010046277458095460e+03 1.077238994279119000e+16
1.010379846241932455e+03 1.077489307317513800e+16
1.010713415025769223e+03 1.077740911563517800e+16
1.011046983809606218e+03 1.077993796158006000e+16
1.011380552593442985e+03 1.078247950098696800e+16
1.011714121377279866e+03 1.078503362240230400e+16
1.012047690161116861e+03 1.078760021294279800e+16
1.012381258944953629e+03 1.079017915829709600e+16
1.012714827728790624e+03 1.079277034272774600e+16
1.013048396512627505e+03 1.079537364907362000e+16
1.013381965296464273e+03 1.079798895875280000e+16
1.013715534080301268e+03 1.080061615176584800e+16
1.014049102864138149e+03 1.080325510669964600e+16
1.014382671647975030e+03 1.080590570073160800e+16
1.014716240431811912e+03 1.080856780963440800e+16
1.015049809215648793e+03 1.081124130778120200e+16
1.015383377999485674e+03 1.081392606815134800e+16
1.015716946783322555e+03 1.081662196233656000e+16
1.016050515567159550e+03 1.081932886054771600e+16
1.016384084350996318e+03 1.082204663162200200e+16
1.016717653134833199e+03 1.082477514303075600e+16
1.017051221918670194e+03 1.082751426088771200e+16
1.017384790702506962e+03 1.083026384995786200e+16
1.017718359486343957e+03 1.083302377366684200e+16
1.018051928270180838e+03 1.083579389411088200e+16
1.018385497054017605e+03 1.083857407206731000e+16
1.018719065837854600e+03 1.084136416700560400e+16
1.019052634621691482e+03 1.084416403709909600e+16
1.019386203405528363e+03 1.084697353923715600e+16
1.019719772189365244e+03 1.084979252903805200e+16
1.020053340973202012e+03 1.085262086086233200e+16
1.020386909757039007e+03 1.085545838782689200e+16
1.020720478540875888e+03 1.085830496181952600e+16
1.021054047324712883e+03 1.086116043351425200e+16
1.021387616108549651e+03 1.086402465238706000e+16
1.021721184892386532e+03 1.086689746673247600e+16
1.022054753676223527e+03 1.086977872368058600e+16
1.022388322460060294e+03 1.087266826921478800e+16
1.022721891243897289e+03 1.087556594819014000e+16
1.023055460027734057e+03 1.087847160435234600e+16
1.023389028811570938e+03 1.088138508035738800e+16
1.023722597595407933e+03 1.088430621779181600e+16
1.024056166379244814e+03 1.088723485719359800e+16
1.024389735163081696e+03 1.089017083807376400e+16
1.024723303946918577e+03 1.089311399893854400e+16
1.025056872730755458e+03 1.089606417731227400e+16
1.025390441514592339e+03 1.089902120976087200e+16
1.025724010298429221e+03 1.090198493191601200e+16
1.026057579082266102e+03 1.090495517849993400e+16
1.026391147866102983e+03 1.090793178335089600e+16
1.026724716649939865e+03 1.091091457944932000e+16
1.027058285433776746e+03 1.091390339894450400e+16
1.027391854217613627e+03 1.091689807318208000e+16
1.027725423001450508e+03 1.091989843273206400e+16
1.028058991785287390e+03 1.092290430741755200e+16
1.028392560569124271e+03 1.092591552634408000e+16
1.028726129352961152e+03 1.092893191792961600e+16
1.029059698136798033e+03 1.093195330993516400e+16
1.029393266920634915e+03 1.093497952949606800e+16
1.029726835704471796e+03 1.093801040315386200e+16
1.030060404488308677e+03 1.094104575688880200e+16
1.030393973272145558e+03 1.094408541615299800e+16
1.030727542055982440e+03 1.094712920590414000e+16
1.031061110839819548e+03 1.095017695063990600e+16
1.031394679623656202e+03 1.095322847443284400e+16
1.031728248407493084e+03 1.095628360096597800e+16
1.032061817191330192e+03 1.095934215356893600e+16
1.032395385975166846e+03 1.096240395525462400e+16
1.032728954759003955e+03 1.096546882875658400e+16
1.033062523542840836e+03 1.096853659656675400e+16
1.033396092326677490e+03 1.097160708097396000e+16
1.033729661110514598e+03 1.097468010410278600e+16
1.034063229894351480e+03 1.097775548795308800e+16
1.034396798678188361e+03 1.098083305443997200e+16
1.034730367462025242e+03 1.098391262543430600e+16
1.035063936245862124e+03 1.098699402280373000e+16
1.035397505029699005e+03 1.099007706845414800e+16
1.035731073813535886e+03 1.099316158437167000e+16
1.036064642597372767e+03 1.099624739266507800e+16
1.036398211381209649e+03 1.099933431560865800e+16
1.036731780165046530e+03 1.100242217568552000e+16
1.037065348948883411e+03 1.100551079563134000e+16
1.037398917732720292e+03 1.100859999847845200e+16
1.037732486516557174e+03 1.101168960760037800e+16
1.038066055300394055e+03 1.101477944675672200e+16
1.038399624084230936e+03 1.101786934013838800e+16
1.038733192868067817e+03 1.102095911241318200e+16
1.039066761651904699e+03 1.102404858877169400e+16
1.039400330435741580e+03 1.102713759497350800e+16
1.039733899219578461e+03 1.103022595739369200e+16
1.040067468003415343e+03 1.103331350306955200e+16
1.040401036787252224e+03 1.103640005974763800e+16
1.040734605571089105e+03 1.103948545593095600e+16
1.041068174354925986e+03 1.104256952092645200e+16
1.041401743138762868e+03 1.104565208489258200e+16
1.041735311922599749e+03 1.104873297888717400e+16
1.042068880706436630e+03 1.105181203491530800e+16
1.042402449490273511e+03 1.105488908597744600e+16
1.042736018274110620e+03 1.105796396611757200e+16
1.043069587057947274e+03 1.106103651047145200e+16
1.043403155841784155e+03 1.106410655531497400e+16
1.043736724625621264e+03 1.106717393811250800e+16
1.044070293409457918e+03 1.107023849756523600e+16
1.044403862193295026e+03 1.107330007365958800e+16
1.044737430977131908e+03 1.107635850771550800e+16
1.045070999760968562e+03 1.107941364243482400e+16
1.045404568544805670e+03 1.108246532194937600e+16
1.045738137328642551e+03 1.108551339186914600e+16
1.046071706112479433e+03 1.108855769933027600e+16
1.046405274896316314e+03 1.109159809304284400e+16
1.046738843680153195e+03 1.109463442333857200e+16
1.047072412463990077e+03 1.109766654221824400e+16
1.047405981247826958e+03 1.110069430339899600e+16
1.047739550031663612e+03 1.110371756236125000e+16
1.048073118815500720e+03 1.110673617639550000e+16
1.048406687599337602e+03 1.110975000464864800e+16
1.048740256383174483e+03 1.111275890817022400e+16
1.049073825167011364e+03 1.111576274995802400e+16
1.049407393950848245e+03 1.111876139500358400e+16
1.049740962734685127e+03 1.112175471033712000e+16
1.050074531518522008e+03 1.112474256507213600e+16
1.050408100302358889e+03 1.112772483044951000e+16
1.050741669086195770e+03 1.113070137988117200e+16
1.051075237870032652e+03 1.113367208899326800e+16
1.051408806653869533e+03 1.113663683566881000e+16
1.051742375437706414e+03 1.113959550008973600e+16
1.052075944221543295e+03 1.114254796477850000e+16
1.052409513005380177e+03 1.114549411463896400e+16
1.052743081789217058e+03 1.114843383699677600e+16
1.053076650573053939e+03 1.115136702163901400e+16
1.053410219356890821e+03 1.115429356085325400e+16
1.053743788140727702e+03 1.115721334946588800e+16
1.054077356924564583e+03 1.116012628487978800e+16
1.054410925708401464e+03 1.116303226711121000e+16
1.054744494492238346e+03 1.116593119882594000e+16
1.055078063276075227e+03 1.116882298537470800e+16
1.055411632059912336e+03 1.117170753482776400e+16
1.055745200843748989e+03 1.117458475800867200e+16
1.056078769627585871e+03 1.117745456852726400e+16
1.056412338411422979e+03 1.118031688281169600e+16
1.056745907195259633e+03 1.118317162013971600e+16
1.057079475979096742e+03 1.118601870266893800e+16
1.057413044762933623e+03 1.118885805546629600e+16
1.057746613546770277e+03 1.119168960653650800e+16
1.058080182330607386e+03 1.119451328684961200e+16
1.058413751114444267e+03 1.119732903036754400e+16
1.058747319898281148e+03 1.120013677406971200e+16
1.059080888682118029e+03 1.120293645797761200e+16
1.059414457465954683e+03 1.120572802517837800e+16
1.059748026249791792e+03 1.120851142184738000e+16
1.060081595033628673e+03 1.121128659726968000e+16
1.060415163817465555e+03 1.121405350386054800e+16
1.060748732601302436e+03 1.121681209718479200e+16
1.061082301385139317e+03 1.121956233597514400e+16
1.061415870168976198e+03 1.122230418214940800e+16
1.061749438952813080e+03 1.122503760082661600e+16
1.062083007736649961e+03 1.122776256034204200e+16
1.062416576520486842e+03 1.123047903226106000e+16
1.062750145304323723e+03 1.123318699139191400e+16
1.063083714088160605e+03 1.123588641579736600e+16
1.063417282871997486e+03 1.123857728680508400e+16
1.063750851655834367e+03 1.124125958901708400e+16
1.064084420439671248e+03 1.124393331031776800e+16
1.064417989223508130e+03 1.124659844188103600e+16
1.064751558007345011e+03 1.124925497817602800e+16
1.065085126791181892e+03 1.125190291697185400e+16
1.065418695575018774e+03 1.125454225934105400e+16
1.065752264358855655e+03 1.125717300966192400e+16
1.066085833142692536e+03 1.125979517561964000e+16
1.066419401926529417e+03 1.126240876820624400e+16
1.066752970710366299e+03 1.126501380171941200e+16
1.067086539494203407e+03 1.126761029376007600e+16
1.067420108278040061e+03 1.127019826522887200e+16
1.067753677061876942e+03 1.127277774032134800e+16
1.068087245845714051e+03 1.127534874652216400e+16
1.068420814629550705e+03 1.127791131459791600e+16
1.068754383413387814e+03 1.128046547858901200e+16
1.069087952197224695e+03 1.128301127580021800e+16
1.069421520981061349e+03 1.128554874679018600e+16
1.069755089764898457e+03 1.128807793535976600e+16
1.070088658548735339e+03 1.129059888853922800e+16
1.070422227332572220e+03 1.129311165657432000e+16
1.070755796116409101e+03 1.129561629291126800e+16
1.071089364900245755e+03 1.129811285418060600e+16
1.071422933684082864e+03 1.130060140017999600e+16
1.071756502467919745e+03 1.130308199385585200e+16
1.072090071251756626e+03 1.130555470128403600e+16
1.072423640035593507e+03 1.130801959164932800e+16
1.072757208819430389e+03 1.131047673722404600e+16
1.073090777603267270e+03 1.131292621334545000e+16
1.073424346387104151e+03 1.131536809839226400e+16
1.073757915170941033e+03 1.131780247376011000e+16
1.074091483954777914e+03 1.132022942383604000e+16
1.074425052738614795e+03 1.132264903597201200e+16
1.074758621522451676e+03 1.132506140045748600e+16
1.075092190306288558e+03 1.132746661049103600e+16
1.075425759090125439e+03 1.132986476215108400e+16
1.075759327873962320e+03 1.133225595436571000e+16
1.076092896657799201e+03 1.133464028888158400e+16
1.076426465441636083e+03 1.133701787023208200e+16
1.076760034225472964e+03 1.133938880570446000e+16
1.077093603009309845e+03 1.134175320530636000e+16
1.077427171793146726e+03 1.134411118173136800e+16
1.077760740576983608e+03 1.134646285032387200e+16
1.078094309360820489e+03 1.134880832904318400e+16
1.078427878144657370e+03 1.135114773842684000e+16
1.078761446928494479e+03 1.135348120155330000e+16
1.079095015712331133e+03 1.135580884400385600e+16
1.079428584496168014e+03 1.135813079382393400e+16
1.079762153280005123e+03 1.136044718148375600e+16
1.080095722063841777e+03 1.136275813983829200e+16
1.080429290847678885e+03 1.136506380408678000e+16
1.080762859631515767e+03 1.136736431173149400e+16
1.081096428415352420e+03 1.136965980253607400e+16
1.081429997199189529e+03 1.137195041848330400e+16
1.081763565983026410e+03 1.137423630373236000e+16
1.082097134766863292e+03 1.137651760457563000e+16
1.082430703550700173e+03 1.137879446939503200e+16
1.082764272334536827e+03 1.138106704861793200e+16
1.083097841118373935e+03 1.138333549467266000e+16
1.083431409902210817e+03 1.138559996194359600e+16
1.083764978686047698e+03 1.138786060672600800e+16
1.084098547469884579e+03 1.139011758718043200e+16
1.084432116253721460e+03 1.139237106328681600e+16
1.084765685037558342e+03 1.139462119679841200e+16
1.085099253821395223e+03 1.139686815119530000e+16
1.085432822605232104e+03 1.139911209163783000e+16
1.085766391389068986e+03 1.140135318491968800e+16
1.086099960172905867e+03 1.140359159942092800e+16
1.086433528956742748e+03 1.140582750506074200e+16
1.086767097740579629e+03 1.140806107325014800e+16
1.087100666524416511e+03 1.141029247684451600e+16
1.087434235308253392e+03 1.141252189009604200e+16
1.087767804092090273e+03 1.141474948860617600e+16
1.088101372875927154e+03 1.141697544927791800e+16
1.088434941659764036e+03 1.141919995026817200e+16
1.088768510443600917e+03 1.142142317094008800e+16
1.089102079227437798e+03 1.142364529181538600e+16
1.089435648011274679e+03 1.142586649452678400e+16
1.089769216795111561e+03 1.142808696177042000e+16
1.090102785578948442e+03 1.143030687725844000e+16
1.090436354362785323e+03 1.143252642567163200e+16
1.090769923146622205e+03 1.143474579261221200e+16
1.091103491930459086e+03 1.143696516455678000e+16
1.091437060714296194e+03 1.143918472880938800e+16
1.091770629498132848e+03 1.144140467345484400e+16
1.092104198281969730e+03 1.144362518731223200e+16
1.092437767065806838e+03 1.144584645988859600e+16
1.092771335849643492e+03 1.144806868133292600e+16
1.093104904633480601e+03 1.145029204239037600e+16
1.093438473417317482e+03 1.145251673435677800e+16
1.093772042201154136e+03 1.145474294903342200e+16
1.094105610984991245e+03 1.145697087868217800e+16
1.094439179768827898e+03 1.145920071598094400e+16
1.094772748552665007e+03 1.146143265397939400e+16
1.095106317336501888e+03 1.146366688605516800e+16
1.095439886120338542e+03 1.146590360587029800e+16
1.095773454904175651e+03 1.146814300732820400e+16
1.096107023688012532e+03 1.147038528453088800e+16
1.096440592471849413e+03 1.147263063173675200e+16
1.096774161255686295e+03 1.147487924331861200e+16
1.097107730039523176e+03 1.147713131372234800e+16
1.097441298823360057e+03 1.147938703742590400e+16
1.097774867607196938e+03 1.148164660889874200e+16
1.098108436391033820e+03 1.148391022256181200e+16
1.098442005174870701e+03 1.148617807274796600e+16
1.098775573958707582e+03 1.148845035366288800e+16
1.099109142742544464e+03 1.149072725934647600e+16
1.099442711526381345e+03 1.149300898363479600e+16
1.099776280310218226e+03 1.149529572012249800e+16
1.100109849094055107e+03 1.149758766212576800e+16
1.100443417877891989e+03 1.149988500264583200e+16
1.100776986661728870e+03 1.150218793433294600e+16
1.101110555445565751e+03 1.150449664945099600e+16
1.101444124229402632e+03 1.150681133984255600e+16
1.101777693013239514e+03 1.150913219689458200e+16
1.102111261797076395e+03 1.151145941150461000e+16
1.102444830580913276e+03 1.151379317404754200e+16
1.102778399364750157e+03 1.151613367434295600e+16
1.103111968148587266e+03 1.151848110162302800e+16
1.103445536932423920e+03 1.152083564450098800e+16
1.103779105716260801e+03 1.152319749094017800e+16
1.104112674500097910e+03 1.152556682822364800e+16
1.104446243283934564e+03 1.152794384292431600e+16
1.104779812067771672e+03 1.153032872087578800e+16
1.105113380851608554e+03 1.153272164714362600e+16
1.105446949635445208e+03 1.153512280599727800e+16
1.105780518419282316e+03 1.153753238088255600e+16
1.106114087203118970e+03 1.153995055439468200e+16
1.106447655986956079e+03 1.154237750825188400e+16
1.106781224770792960e+03 1.154481342326962400e+16
1.107114793554629614e+03 1.154725847933528800e+16
1.107448362338466723e+03 1.154971285538357600e+16
1.107781931122303604e+03 1.155217672937228800e+16
1.108115499906140485e+03 1.155465027825883400e+16
1.108449068689977366e+03 1.155713367797714400e+16
1.108782637473814248e+03 1.155962710341526400e+16
1.109116206257651129e+03 1.156213072839336400e+16
1.109449775041488010e+03 1.156464472564239400e+16
1.109783343825324891e+03 1.156716926678323200e+16
1.110116912609161773e+03 1.156970452230628800e+16
1.110450481392998654e+03 1.157225066155179600e+16
1.110784050176835535e+03 1.157480785269046400e+16
1.111117618960672417e+03 1.157737626270467600e+16
1.111451187744509298e+03 1.157995605737026600e+16
1.111784756528346179e+03 1.158254740123870400e+16
1.112118325312183060e+03 1.158515045761981400e+16
1.112451894096019942e+03 1.158776538856492400e+16
1.112785462879856823e+03 1.159039235485057600e+16
1.113119031663693704e+03 1.159303151596261600e+16
1.113452600447530585e+03 1.159568303008078000e+16
1.113786169231367467e+03 1.159834705406371200e+16
1.114119738015204348e+03 1.160102374343445600e+16
1.114453306799041229e+03 1.160371325236635200e+16
1.114786875582878338e+03 1.160641573366931200e+16
1.115120444366714992e+03 1.160913133877660000e+16
1.115454013150551873e+03 1.161186021773195200e+16
1.115787581934388982e+03 1.161460251917712000e+16
1.116121150718225636e+03 1.161735839033973200e+16
1.116454719502062744e+03 1.162012797702165200e+16
1.116788288285899625e+03 1.162291142358756800e+16
1.117121857069736279e+03 1.162570887295405000e+16
1.117455425853573388e+03 1.162852046657885600e+16
1.117788994637410042e+03 1.163134634445064000e+16
1.118122563421247150e+03 1.163418664507896800e+16
1.118456132205084032e+03 1.163704150548460000e+16
1.118789700988920686e+03 1.163991106119015200e+16
1.119123269772757794e+03 1.164279544621100800e+16
1.119456838556594676e+03 1.164569479304648000e+16
1.119790407340431557e+03 1.164860923267132400e+16
1.120123976124268438e+03 1.165153889452743200e+16
1.120457544908105319e+03 1.165448390651583200e+16
1.120791113691942201e+03 1.165744439498890400e+16
1.121124682475779082e+03 1.166042048474278600e+16
1.121458251259615963e+03 1.166341229901011600e+16
1.121791820043452844e+03 1.166641995945281600e+16
1.122125388827289726e+03 1.166944358615521000e+16
1.122458957611126607e+03 1.167248329761726400e+16
1.122792526394963488e+03 1.167553921074798400e+16
1.123126095178800369e+03 1.167861144085905600e+16
1.123459663962637251e+03 1.168170010165854400e+16
1.123793232746474132e+03 1.168480530524479200e+16
1.124126801530311013e+03 1.168792716210046000e+16
1.124460370314147895e+03 1.169106578108662000e+16
1.124793939097984776e+03 1.169422126943706800e+16
1.125127507881821657e+03 1.169739373275260200e+16
1.125461076665658538e+03 1.170058327499554800e+16
1.125794645449495420e+03 1.170378999848422200e+16
1.126128214233332301e+03 1.170701400388756600e+16
1.126461783017169410e+03 1.171025539021978000e+16
1.126795351801006063e+03 1.171351425483502800e+16
1.127128920584842945e+03 1.171679069342222800e+16
1.127462489368680053e+03 1.172008479999980800e+16
1.127796058152516707e+03 1.172339666691046800e+16
1.128129626936353816e+03 1.172672638481608200e+16
1.128463195720190697e+03 1.173007404269246000e+16
1.128796764504027351e+03 1.173343972782418000e+16
1.129130333287864460e+03 1.173682352579939400e+16
1.129463902071701114e+03 1.174022552050460000e+16
1.129797470855538222e+03 1.174364579411939600e+16
1.130131039639375103e+03 1.174708442711117600e+16
1.130464608423211757e+03 1.175054149822979200e+16
1.130798177207048866e+03 1.175401708450215000e+16
1.131131745990885747e+03 1.175751126122676800e+16
1.131465314774722628e+03 1.176102410196820000e+16
1.131798883558559510e+03 1.176455567855145200e+16
1.132132452342396391e+03 1.176810606105624000e+16
1.132466021126233272e+03 1.177167531781122800e+16
1.132799589910070154e+03 1.177526351538807600e+16
1.133133158693907035e+03 1.177887071859546000e+16
1.133466727477743916e+03 1.178249699047292000e+16
1.133800296261580797e+03 1.178614239228459600e+16
1.134133865045417679e+03 1.178980698351285200e+16
1.134467433829254560e+03 1.179349082185176000e+16
1.134801002613091441e+03 1.179719396320039400e+16
1.135134571396928322e+03 1.180091646165604600e+16
1.135468140180765204e+03 1.180465836950723400e+16
1.135801708964602085e+03 1.180841973722660400e+16
1.136135277748438966e+03 1.181220061346356400e+16
1.136468846532275847e+03 1.181600104503687600e+16
1.136802415316112729e+03 1.181982107692698800e+16
1.137135984099949610e+03 1.182366075226820400e+16
1.137469552883786491e+03 1.182752011234065600e+16
1.137803121667623373e+03 1.183139919656213400e+16
1.138136690451460254e+03 1.183529804247966200e+16
1.138470259235297135e+03 1.183921668576091600e+16
1.138803828019134016e+03 1.184315516018541000e+16
1.139137396802971125e+03 1.184711349763551200e+16
1.139470965586807779e+03 1.185109172808720000e+16
1.139804534370644660e+03 1.185508987960066800e+16
1.140138103154481769e+03 1.185910797831068000e+16
1.140471671938318423e+03 1.186314604841668000e+16
1.140805240722155531e+03 1.186720411217273200e+16
1.141138809505992185e+03 1.187128218987721600e+16
1.141472378289829066e+03 1.187538029986228800e+16
1.141805947073666175e+03 1.187949845848312400e+16
1.142139515857502829e+03 1.188363668010694000e+16
1.142473084641339938e+03 1.188779497710173400e+16
1.142806653425176819e+03 1.189197335982489200e+16
1.143140222209013473e+03 1.189617183661144800e+16
1.143473790992850581e+03 1.190039041376220000e+16
1.143807359776687463e+03 1.190462909553151200e+16
1.144140928560524344e+03 1.190888788411496400e+16
1.144474497344361225e+03 1.191316677963667400e+16
1.144808066128198107e+03 1.191746578013647200e+16
1.145141634912034988e+03 1.192178488155675400e+16
1.145475203695871869e+03 1.192612407772918000e+16
1.145808772479708750e+03 1.193048336036107000e+16
1.146142341263545632e+03 1.193486271902157200e+16
1.146475910047382513e+03 1.193926214112764800e+16
1.146809478831219394e+03 1.194368161192977600e+16
1.147143047615056275e+03 1.194812111449742000e+16
1.147476616398893157e+03 1.195258062970429600e+16
1.147810185182730038e+03 1.195706013621336800e+16
1.148143753966566919e+03 1.196155961046167800e+16
1.148477322750403800e+03 1.196607902664488000e+16
1.148810891534240682e+03 1.197061835670159200e+16
1.149144460318077563e+03 1.197517757029752400e+16
1.149478029101914444e+03 1.197975663480936200e+16
1.149811597885751326e+03 1.198435551530847200e+16
1.150145166669588207e+03 1.198897417454433600e+16
1.150478735453425088e+03 1.199361257292788000e+16
1.150812304237262197e+03 1.199827066851443000e+16
1.151145873021098851e+03 1.200294841698666200e+16
1.151479441804935732e+03 1.200764577163717200e+16
1.151813010588772840e+03 1.201236268335098400e+16
1.152146579372609494e+03 1.201709910058777400e+16
1.152480148156446603e+03 1.202185496936397600e+16
1.152813716940283257e+03 1.202663023323466000e+16
1.153147285724120138e+03 1.203142483327523800e+16
1.153480854507957247e+03 1.203623870806300600e+16
1.153814423291793901e+03 1.204107179365854000e+16
1.154147992075631009e+03 1.204592402358687400e+16
1.154481560859467891e+03 1.205079532881855000e+16
1.154815129643304545e+03 1.205568563775056000e+16
1.155148698427141653e+03 1.206059487618704400e+16
1.155482267210978534e+03 1.206552296731992400e+16
1.155815835994815416e+03 1.207046983170940600e+16
1.156149404778652297e+03 1.207543538726427200e+16
1.156482973562489178e+03 1.208041954922219400e+16
1.156816542346326059e+03 1.208542223012975000e+16
1.157150111130162941e+03 1.209044333982251400e+16
1.157483679913999822e+03 1.209548278540491200e+16
1.157817248697836703e+03 1.210054047123006400e+16
1.158150817481673585e+03 1.210561629887949600e+16
1.158484386265510466e+03 1.211071016714280800e+16
1.158817955049347347e+03 1.211582197199720200e+16
1.159151523833184228e+03 1.212095160658710600e+16
1.159485092617021110e+03 1.212609896120351200e+16
1.159818661400857991e+03 1.213126392326348600e+16
1.160152230184694872e+03 1.213644637728953200e+16
1.160485798968531753e+03 1.214164620488890800e+16
1.160819367752368635e+03 1.214686328473300400e+16
1.161152936536205516e+03 1.215209749253664600e+16
1.161486505320042397e+03 1.215734870103745000e+16
1.161820074103879278e+03 1.216261677997510000e+16
1.162153642887716160e+03 1.216790159607078800e+16
1.162487211671553268e+03 1.217320301300649200e+16
1.162820780455389922e+03 1.217852089140448600e+16
1.163154349239226804e+03 1.218385508880676600e+16
1.163487918023063912e+03 1.218920545965460600e+16
1.163821486806900566e+03 1.219457185526811400e+16
1.164155055590737675e+03 1.219995412382597600e+16
1.164488624374574329e+03 1.220535211034515200e+16
1.164822193158411210e+03 1.221076565666085200e+16
1.165155761942248319e+03 1.221619460140644200e+16
1.165489330726084972e+03 1.222163877999359200e+16
1.165822899509922081e+03 1.222709802459255000e+16
1.166156468293758962e+03 1.223257216411252200e+16
1.166490037077595616e+03 1.223806102418225600e+16
1.166823605861432725e+03 1.224356442713078400e+16
1.167157174645269606e+03 1.224908219196833000e+16
1.167490743429106487e+03 1.225461413436749600e+16
1.167824312212943369e+03 1.226016006664450800e+16
1.168157880996780250e+03 1.226571979774091200e+16
1.168491449780617131e+03 1.227129313320525000e+16
1.168825018564454012e+03 1.227687987517521200e+16
1.169158587348290894e+03 1.228247982235990400e+16
1.169492156132127775e+03 1.228809277002249600e+16
1.169825724915964656e+03 1.229371850996308400e+16
1.170159293699801538e+03 1.229935683050189600e+16
1.170492862483638419e+03 1.230500751646285600e+16
1.170826431267475300e+03 1.231067034915738000e+16
1.171160000051312181e+03 1.231634510636866200e+16
1.171493568835149063e+03 1.232203156233619400e+16
1.171827137618985944e+03 1.232772948774075600e+16
1.172160706402822825e+03 1.233343864968974400e+16
1.172494275186659706e+03 1.233915881170298000e+16
1.172827843970496588e+03 1.234488973369882800e+16
1.173161412754333469e+03 1.235063117198092200e+16
1.173494981538170350e+03 1.235638287922516800e+16
1.173828550322007231e+03 1.236214460446734800e+16
1.174162119105844113e+03 1.236791609309118000e+16
1.174495687889680994e+03 1.237369708681685400e+16
1.174829256673518103e+03 1.237948732369012000e+16
1.175162825457354757e+03 1.238528653807190400e+16
1.175496394241191638e+03 1.239109446062847800e+16
1.175829963025028519e+03 1.239691081832222000e+16
1.176163531808865400e+03 1.240273533440291400e+16
1.176497100592702509e+03 1.240856772839972800e+16
1.176830669376539390e+03 1.241440771611372200e+16
1.177164238160376044e+03 1.242025500961109800e+16
1.177497806944212925e+03 1.242610931721702400e+16
1.177831375728049807e+03 1.243197034351017600e+16
1.178164944511886915e+03 1.243783778931795200e+16
1.178498513295723797e+03 1.244371135171240000e+16
1.178832082079560678e+03 1.244959072400689400e+16
1.179165650863397332e+03 1.245547559575350600e+16
1.179499219647234213e+03 1.246136565274119600e+16
1.179832788431071322e+03 1.246726057699474400e+16
1.180166357214908203e+03 1.247316004677448000e+16
1.180499925998745084e+03 1.247906373657685800e+16
1.180833494782581965e+03 1.248497131713585600e+16
1.181167063566418619e+03 1.249088245542519000e+16
1.181500632350255728e+03 1.249679681466146200e+16
1.181834201134092609e+03 1.250271405430811800e+16
1.182167769917929490e+03 1.250863383008040800e+16
1.182501338701766372e+03 1.251455579395117200e+16
1.182834907485603026e+03 1.252047959415764000e+16
1.183168476269440134e+03 1.252640487520915800e+16
1.183502045053277016e+03 1.253233127789590400e+16
1.183835613837113897e+03 1.253825843929859000e+16
1.184169182620950778e+03 1.254418599279919800e+16
1.184502751404787659e+03 1.255011356809271600e+16
1.184836320188624768e+03 1.255604079119996400e+16
1.185169888972461422e+03 1.256196728448142800e+16
1.185503457756298303e+03 1.256789266665228200e+16
1.185837026540135184e+03 1.257381655279837200e+16
1.186170595323972066e+03 1.257973855439345200e+16
1.186504164107809174e+03 1.258565827931747600e+16
1.186837732891645828e+03 1.259157533187604000e+16
1.187171301675482709e+03 1.259748931282107800e+16
1.187504870459319591e+03 1.260339981937265200e+16
1.187838439243156472e+03 1.260930644524197600e+16
1.188172008026993581e+03 1.261520878065571000e+16
1.188505576810830462e+03 1.262110641238136000e+16
1.188839145594667116e+03 1.262699892375413600e+16
1.189172714378503997e+03 1.263288589470484400e+16
1.189506283162340878e+03 1.263876690178924000e+16
1.189839851946177987e+03 1.264464151821860800e+16
1.190173420730014868e+03 1.265050931389161200e+16
1.190506989513851750e+03 1.265636985542757600e+16
1.190840558297688403e+03 1.266222270620100000e+16
1.191174127081525285e+03 1.266806742637753200e+16
1.191507695865362393e+03 1.267390357295120000e+16
1.191841264649199275e+03 1.267973069978308000e+16
1.192174833433036156e+03 1.268554835764138200e+16
1.192508402216873037e+03 1.269135609424290400e+16
1.192841971000709691e+03 1.269715345429588400e+16
1.193175539784546800e+03 1.270293997954433800e+16
1.193509108568383681e+03 1.270871520881374200e+16
1.193842677352220562e+03 1.271447867805829600e+16
1.194176246136057443e+03 1.272022992040950600e+16
1.194509814919894097e+03 1.272596846622634400e+16
1.194843383703731206e+03 1.273169384314678400e+16
1.195176952487568087e+03 1.273740557614091400e+16
1.195510521271404969e+03 1.274310318756544400e+16
1.195844090055241850e+03 1.274878619721981600e+16
1.196177658839078731e+03 1.275445412240371800e+16
1.196511227622915840e+03 1.276010647797615800e+16
1.196844796406752494e+03 1.276574277641601600e+16
1.197178365190589375e+03 1.277136252788417800e+16
1.197511933974426256e+03 1.277696524028711800e+16
1.197845502758263137e+03 1.278255041934201000e+16
1.198179071542100246e+03 1.278811756864342400e+16
1.198512640325936900e+03 1.279366618973144800e+16
1.198846209109773781e+03 1.279919578216145200e+16
1.199179777893610662e+03 1.280470584357523800e+16
1.199513346677447544e+03 1.281019586977386200e+16
1.199846915461284652e+03 1.281566535479183600e+16
1.200180484245121534e+03 1.282111379097294800e+16
1.200514053028958187e+03 1.282654066904752800e+16
1.200847621812795069e+03 1.283194547821128600e+16
1.201181190596631950e+03 1.283732770620554000e+16
1.201514759380469059e+03 1.284268683939911600e+16
1.201848328164305940e+03 1.284802236287150800e+16
1.202181896948142821e+03 1.285333376049773600e+16
1.202515465731979475e+03 1.285862051503450000e+16
1.202849034515816356e+03 1.286388210820791000e+16
1.203182603299653465e+03 1.286911802080259800e+16
1.203516172083490346e+03 1.287432773275222400e+16
1.203849740867327228e+03 1.287951072323152000e+16
1.204183309651164109e+03 1.288466647074965600e+16
1.204516878435000763e+03 1.288979445324494400e+16
1.204850447218837871e+03 1.289489414818104800e+16
1.205184016002674753e+03 1.289996503264439000e+16
1.205517584786511634e+03 1.290500658344305600e+16
1.205851153570348515e+03 1.291001827720683600e+16
1.206184722354185169e+03 1.291499959048869000e+16
1.206518291138022278e+03 1.291994999986742600e+16
1.206851859921859159e+03 1.292486898205160400e+16
1.207185428705696040e+03 1.292975601398471600e+16
1.207518997489532921e+03 1.293461057295149600e+16
1.207852566273369803e+03 1.293943213668545200e+16
1.208186135057206911e+03 1.294422018347748200e+16
1.208519703841043565e+03 1.294897419228561200e+16
1.208853272624880447e+03 1.295369364284588800e+16
1.209186841408717328e+03 1.295837801578416000e+16
1.209520410192554209e+03 1.296302679272904000e+16
1.209853978976391318e+03 1.296763945642572400e+16
1.210187547760227972e+03 1.297221549085080000e+16
1.210521116544064853e+03 1.297675438132799800e+16
1.210854685327901734e+03 1.298125561464471600e+16
1.211188254111738615e+03 1.298571867916951800e+16
1.211521822895575724e+03 1.299014306497027200e+16
1.211855391679412605e+03 1.299452826393313000e+16
1.212188960463249259e+03 1.299887376988222800e+16
1.212522529247086140e+03 1.300317907870001200e+16
1.212856098030923022e+03 1.300744368844819600e+16
1.213189666814760130e+03 1.301166709948930800e+16
1.213523235598597012e+03 1.301584881460877600e+16
1.213856804382433893e+03 1.301998833913750000e+16
1.214190373166270547e+03 1.302408518107483400e+16
1.214523941950107428e+03 1.302813885121203800e+16
1.214857510733944537e+03 1.303214886325594400e+16
1.215191079517781418e+03 1.303611473395304400e+16
1.215524648301618299e+03 1.304003598321374600e+16
1.215858217085455180e+03 1.304391213423684200e+16
1.216191785869291834e+03 1.304774271363408800e+16
1.216525354653128943e+03 1.305152725155491600e+16
1.216858923436965824e+03 1.305526528181110000e+16
1.217192492220802706e+03 1.305895634200148000e+16
1.217526061004639587e+03 1.306259997363654000e+16
1.217859629788476241e+03 1.306619572226286800e+16
1.218193198572313349e+03 1.306974313758745600e+16
1.218526767356150231e+03 1.307324177360165200e+16
1.218860336139987112e+03 1.307669118870491600e+16
1.219193904923823993e+03 1.308009094582812800e+16
1.219527473707660874e+03 1.308344061255651400e+16
1.219861042491497983e+03 1.308673976125204400e+16
1.220194611275334637e+03 1.308998796917532000e+16
1.220528180059171518e+03 1.309318481860683200e+16
1.220861748843008399e+03 1.309632989696756000e+16
1.221195317626845281e+03 1.309942279693885600e+16
1.221528886410682389e+03 1.310246311658153200e+16
1.221862455194519043e+03 1.310545045945406000e+16
1.222196023978355925e+03 1.310838443472996400e+16
1.222529592762192806e+03 1.311126465731410400e+16
1.222863161546029687e+03 1.311409074795809400e+16
1.223196730329866796e+03 1.311686233337445200e+16
1.223530299113703677e+03 1.311957904634974800e+16
1.223863867897540331e+03 1.312224052585644200e+16
1.224197436681377212e+03 1.312484641716351600e+16
1.224531005465214093e+03 1.312739637194573600e+16
1.224864574249051202e+03 1.312989004839152600e+16
1.225198143032888083e+03 1.313232711130941600e+16
1.225531711816724965e+03 1.313470723223295200e+16
1.225865280600561618e+03 1.313703008952405200e+16
1.226198849384398500e+03 1.313929536847475400e+16
1.226532418168235608e+03 1.314150276140727000e+16
1.226865986952072490e+03 1.314365196777226000e+16
1.227199555735909371e+03 1.314574269424540400e+16
1.227533124519746252e+03 1.314777465482206000e+16
1.227866693303582906e+03 1.314974757091003600e+16
1.228200262087420015e+03 1.315166117142039200e+16
1.228533830871256896e+03 1.315351519285627800e+16
1.228867399655093777e+03 1.315530937939967000e+16
1.229200968438930659e+03 1.315704348299603000e+16
1.229534537222767312e+03 1.315871726343676000e+16
1.229868106006604421e+03 1.316033048843954200e+16
1.230201674790441302e+03 1.316188293372628400e+16
1.230535243574278184e+03 1.316337438309895400e+16
1.230868812358115065e+03 1.316480462851285600e+16
1.231202381141951946e+03 1.316617347014774800e+16
1.231535949925789055e+03 1.316748071647632400e+16
1.231869518709625709e+03 1.316872618433035200e+16
1.232203087493462590e+03 1.316990969896430200e+16
1.232536656277299471e+03 1.317103109411637000e+16
1.232870225061136352e+03 1.317209021206696800e+16
1.233203793844973461e+03 1.317308690369457800e+16
1.233537362628810115e+03 1.317402102852897600e+16
1.233870931412646996e+03 1.317489245480175600e+16
1.234204500196483878e+03 1.317570105949415600e+16
1.234538068980320759e+03 1.317644672838216400e+16
1.234871637764157867e+03 1.317712935607883400e+16
1.235205206547994749e+03 1.317774884607380800e+16
1.235538775331831403e+03 1.317830511077006200e+16
1.235872344115668284e+03 1.317879807151785200e+16
1.236205912899505165e+03 1.317922765864566800e+16
1.236539481683342274e+03 1.317959381148846000e+16
1.236873050467179155e+03 1.317989647841294800e+16
1.237206619251016036e+03 1.318013561684002000e+16
1.237540188034852690e+03 1.318031119326418400e+16
1.237873756818689571e+03 1.318042318327018400e+16
1.238207325602526680e+03 1.318047157154663600e+16
1.238540894386363561e+03 1.318045635189667600e+16
1.238874463170200443e+03 1.318037752724584200e+16
1.239208031954037324e+03 1.318023510964681600e+16
1.239541600737873978e+03 1.318002912028136800e+16
1.239875169521710859e+03 1.317975958945924400e+16
1.240208738305547968e+03 1.317942655661428800e+16
1.240542307089384849e+03 1.317903007029738400e+16
1.240875875873221730e+03 1.317857018816675600e+16
1.241209444657058384e+03 1.317804697697511600e+16
1.241543013440895265e+03 1.317746051255404800e+16
1.241876582224732374e+03 1.317681087979545600e+16
1.242210151008569255e+03 1.317609817263008000e+16
1.242543719792406137e+03 1.317532249400326200e+16
1.242877288576243018e+03 1.317448395584782400e+16
1.243210857360079672e+03 1.317358267905404000e+16
1.243544426143916780e+03 1.317261879343692800e+16
1.243877994927753662e+03 1.317159243770066800e+16
1.244211563711590543e+03 1.317050375940036000e+16
1.244545132495427424e+03 1.316935291490096400e+16
1.244878701279264305e+03 1.316814006933356000e+16
1.245212270063101187e+03 1.316686539654903600e+16
1.245545838846938068e+03 1.316552907906893800e+16
1.245879407630774949e+03 1.316413130803396000e+16
1.246212976414611830e+03 1.316267228314964400e+16
1.246546545198448712e+03 1.316115221262969400e+16
1.246880113982285820e+03 1.315957131313672000e+16
1.247213682766122474e+03 1.315792980972055000e+16
1.247547251549959356e+03 1.315622793575409200e+16
1.247880820333796237e+03 1.315446593286690000e+16
1.248214389117633118e+03 1.315264405087628800e+16
1.248547957901470227e+03 1.315076254771625000e+16
1.248881526685307108e+03 1.314882168936407000e+16
1.249215095469143762e+03 1.314682174976482000e+16
1.249548664252980643e+03 1.314476301075358400e+16
1.249882233036817524e+03 1.314264576197567800e+16
1.250215801820654633e+03 1.314047030080479800e+16
1.250549370604491514e+03 1.313823693225908200e+16
1.250882939388328396e+03 1.313594596891536000e+16
1.251216508172165049e+03 1.313359773082137400e+16
1.251550076956001931e+03 1.313119254540624600e+16
1.251883645739839039e+03 1.312873074738906400e+16
1.252217214523675921e+03 1.312621267868579600e+16
1.252550783307512802e+03 1.312363868831449600e+16
1.252884352091349456e+03 1.312100913229886000e+16
1.253217920875186337e+03 1.311832437357021600e+16
1.253551489659023446e+03 1.311558478186806800e+16
1.253885058442860327e+03 1.311279073363899600e+16
1.254218627226697208e+03 1.310994261193436600e+16
1.254552196010534090e+03 1.310704080630655600e+16
1.254885764794370743e+03 1.310408571270393200e+16
1.255219333578207852e+03 1.310107773336457200e+16
1.255552902362044733e+03 1.309801727670884000e+16
1.255886471145881615e+03 1.309490475723085800e+16
1.256220039929718496e+03 1.309174059538888800e+16
1.256553608713555377e+03 1.308852521749468400e+16
1.256887177497392258e+03 1.308525905560199200e+16
1.257220746281229140e+03 1.308194254739409200e+16
1.257554315065066021e+03 1.307857613607052800e+16
1.257887883848902902e+03 1.307516027023312000e+16
1.258221452632739783e+03 1.307169540377116800e+16
1.258555021416576892e+03 1.306818199574610800e+16
1.258888590200413546e+03 1.306462051027548000e+16
1.259222158984250427e+03 1.306101141641641600e+16
1.259555727768087309e+03 1.305735518804866600e+16
1.259889296551924190e+03 1.305365230375708200e+16
1.260222865335761298e+03 1.304990324671387400e+16
1.260556434119598180e+03 1.304610850456038800e+16
1.260890002903434834e+03 1.304226856928882800e+16
1.261223571687271715e+03 1.303838393712356400e+16
1.261557140471108596e+03 1.303445510840240400e+16
1.261890709254945705e+03 1.303048258745770200e+16
1.262224278038782586e+03 1.302646688249743800e+16
1.262557846822619467e+03 1.302240850548633200e+16
1.262891415606456121e+03 1.301830797202693800e+16
1.263224984390293002e+03 1.301416580124086000e+16
1.263558553174130111e+03 1.300998251565014800e+16
1.263892121957966992e+03 1.300575864105881600e+16
1.264225690741803874e+03 1.300149470643471600e+16
1.264559259525640527e+03 1.299719124379156800e+16
1.264892828309477409e+03 1.299284878807139400e+16
1.265226397093314517e+03 1.298846787702734000e+16
1.265559965877151399e+03 1.298404905110688800e+16
1.265893534660988280e+03 1.297959285333554400e+16
1.266227103444825161e+03 1.297509982920099600e+16
1.266560672228661815e+03 1.297057052653788200e+16
1.266894241012498924e+03 1.296600549541310200e+16
1.267227809796335805e+03 1.296140528801174400e+16
1.267561378580172686e+03 1.295677045852365200e+16
1.267894947364009568e+03 1.295210156303081600e+16
1.268228516147846449e+03 1.294739915939529200e+16
1.268562084931683330e+03 1.294266380714807200e+16
1.268895653715520211e+03 1.293789606737861800e+16
1.269229222499357093e+03 1.293309650262534600e+16
1.269562791283193974e+03 1.292826567676687000e+16
1.269896360067030855e+03 1.292340415491420400e+16
1.270229928850867964e+03 1.291851250330386000e+16
1.270563497634704618e+03 1.291359128919188800e+16
1.270897066418541499e+03 1.290864108074893200e+16
1.271230635202378380e+03 1.290366244695624800e+16
1.271564203986215261e+03 1.289865595750278000e+16
1.271897772770052370e+03 1.289362218268323200e+16
1.272231341553889251e+03 1.288856169329730800e+16
1.272564910337725905e+03 1.288347506054997400e+16
1.272898479121562787e+03 1.287836285595282000e+16
1.273232047905399668e+03 1.287322565122667400e+16
1.273565616689236776e+03 1.286806401820523600e+16
1.273899185473073658e+03 1.286287852873991200e+16
1.274232754256910539e+03 1.285766975460594200e+16
1.274566323040747193e+03 1.285243826740959600e+16
1.274899891824584074e+03 1.284718463849668000e+16
1.275233460608421183e+03 1.284190943886220200e+16
1.275567029392258064e+03 1.283661323906134800e+16
1.275900598176094945e+03 1.283129660912168400e+16
1.276234166959931599e+03 1.282596011845661600e+16
1.276567735743768480e+03 1.282060433578015600e+16
1.276901304527605589e+03 1.281522982902293200e+16
1.277234873311442470e+03 1.280983716524951600e+16
1.277568442095279352e+03 1.280442691057707000e+16
1.277902010879116233e+03 1.279899963009524800e+16
1.278235579662952887e+03 1.279355588778746800e+16
1.278569148446789995e+03 1.278809624645344000e+16
1.278902717230626877e+03 1.278262126763307200e+16
1.279236286014463758e+03 1.277713151153164600e+16
1.279569854798300639e+03 1.277162753694636800e+16
1.279903423582137520e+03 1.276610990119419200e+16
1.280236992365974402e+03 1.276057916004100600e+16
1.280570561149811283e+03 1.275503586763213200e+16
1.280904129933648164e+03 1.274948057642415400e+16
1.281237698717485046e+03 1.274391383711808800e+16
1.281571267501321927e+03 1.273833619859380000e+16
1.281904836285159035e+03 1.273274820784584800e+16
1.282238405068995689e+03 1.272715040992055600e+16
1.282571973852832571e+03 1.272154334785443000e+16
1.282905542636669452e+03 1.271592756261388000e+16
1.283239111420506333e+03 1.271030359303622800e+16
1.283572680204343442e+03 1.270467197577205200e+16
1.283906248988180323e+03 1.269903324522872000e+16
1.284239817772016977e+03 1.269338793351535200e+16
1.284573386555853858e+03 1.268773657038886400e+16
1.284906955339690739e+03 1.268207968320150000e+16
1.285240524123527848e+03 1.267641779684942000e+16
1.285574092907364729e+03 1.267075143372264400e+16
1.285907661691201611e+03 1.266508111365619600e+16
1.286241230475038265e+03 1.265940735388251200e+16
1.286574799258875146e+03 1.265373066898501200e+16
1.286908368042712254e+03 1.264805157085292800e+16
1.287241936826549136e+03 1.264237056863724800e+16
1.287575505610386017e+03 1.263668816870798400e+16
1.287909074394222671e+03 1.263100487461247000e+16
1.288242643178059552e+03 1.262532118703488400e+16
1.288576211961896661e+03 1.261963760375694400e+16
1.288909780745733542e+03 1.261395461961966000e+16
1.289243349529570423e+03 1.260827272648628400e+16
1.289576918313407305e+03 1.260259241320634200e+16
1.289910487097243958e+03 1.259691416558073800e+16
1.290244055881081067e+03 1.259123846632798600e+16
1.290577624664917948e+03 1.258556579505145800e+16
1.290911193448754830e+03 1.257989662820772000e+16
1.291244762232591711e+03 1.257423143907592400e+16
1.291578331016428592e+03 1.256857069772816400e+16
1.291911899800265473e+03 1.256291487100091600e+16
1.292245468584102355e+03 1.255726442246739000e+16
1.292579037367939236e+03 1.255161981241096800e+16
1.292912606151776117e+03 1.254598149779949200e+16
1.293246174935612999e+03 1.254034993226062200e+16
1.293579743719450107e+03 1.253472556605801400e+16
1.293913312503286761e+03 1.252910884606851800e+16
1.294246881287123642e+03 1.252350021576020000e+16
1.294580450070960524e+03 1.251790011517132600e+16
1.294914018854797405e+03 1.251230898089016400e+16
1.295247587638634513e+03 1.250672724603568200e+16
1.295581156422471395e+03 1.250115534023906200e+16
1.295914725206308049e+03 1.249559368962606800e+16
1.296248293990144930e+03 1.249004271680022000e+16
1.296581862773981811e+03 1.248450284082671800e+16
1.296915431557818920e+03 1.247897447721728400e+16
1.297249000341655801e+03 1.247345803791555800e+16
1.297582569125492682e+03 1.246795393128346400e+16
1.297916137909329336e+03 1.246246256208816400e+16
1.298249706693166218e+03 1.245698433148979600e+16
1.298583275477003326e+03 1.245151963702991800e+16
1.298916844260840207e+03 1.244606887262056800e+16
1.299250413044677089e+03 1.244063242853413600e+16
1.299583981828513743e+03 1.243521069139378400e+16
1.299917550612350624e+03 1.242980404416452800e+16
1.300251119396187732e+03 1.242441286614502400e+16
1.300584688180024614e+03 1.241903753295983800e+16
1.300918256963861495e+03 1.241367841655248000e+16
1.301251825747698376e+03 1.240833588517885600e+16
1.301585394531535030e+03 1.240301030340144200e+16
1.301918963315372139e+03 1.239770203208393200e+16
1.302252532099209020e+03 1.239241142838639200e+16
1.302586100883045901e+03 1.238713884576110000e+16
1.302919669666882783e+03 1.238188463394870000e+16
1.303253238450719664e+03 1.237664913897502800e+16
1.303586807234556545e+03 1.237143270314834000e+16
1.303920376018393426e+03 1.236623566505698600e+16
1.304253944802230308e+03 1.236105835956767600e+16
1.304587513586067189e+03 1.235590111782403800e+16
1.304921082369904070e+03 1.235076426724573200e+16
1.305254651153741179e+03 1.234564813152790400e+16
1.305588219937577833e+03 1.234055303064109400e+16
1.305921788721414714e+03 1.233547928083156200e+16
1.306255357505251595e+03 1.233042719462192400e+16
1.306588926289088477e+03 1.232539708081223200e+16
1.306922495072925585e+03 1.232038924448140400e+16
1.307256063856762466e+03 1.231540398698893400e+16
1.307589632640599120e+03 1.231044160597706000e+16
1.307923201424436002e+03 1.230550239537315600e+16
1.308256770208272883e+03 1.230058664539246800e+16
1.308590338992109992e+03 1.229569464254119000e+16
1.308923907775946873e+03 1.229082666961976800e+16
1.309257476559783754e+03 1.228598300572654800e+16
1.309591045343620408e+03 1.228116392626165000e+16
1.309924614127457289e+03 1.227636970293114000e+16
1.310258182911294398e+03 1.227160060375142800e+16
1.310591751695131279e+03 1.226685689305387800e+16
1.310925320478968160e+03 1.226213883148973200e+16
1.311258889262804814e+03 1.225744667603519600e+16
1.311592458046641696e+03 1.225278067999672600e+16
1.311926026830478804e+03 1.224814109301656000e+16
1.312259595614315685e+03 1.224352816107839800e+16
1.312593164398152567e+03 1.223894212651332400e+16
1.312926733181989448e+03 1.223438322800587600e+16
1.313260301965826102e+03 1.222985170060020800e+16
1.313593870749663211e+03 1.222534777570659600e+16
1.313927439533500092e+03 1.222087168110786400e+16
1.314261008317336973e+03 1.221642364096617200e+16
1.314594577101173854e+03 1.221200387582975400e+16
1.314928145885010736e+03 1.220761260263995000e+16
1.315261714668847617e+03 1.220325003473820800e+16
1.315595283452684498e+03 1.219891638187330400e+16
1.315928852236521379e+03 1.219461185020861800e+16
1.316262421020358261e+03 1.219033664232956600e+16
1.316595989804195142e+03 1.218609095725102400e+16
1.316929558588032251e+03 1.218187499042495200e+16
1.317263127371868904e+03 1.217768893374801200e+16
1.317596696155705786e+03 1.217353297556931200e+16
1.317930264939542667e+03 1.216940730069821000e+16
1.318263833723379548e+03 1.216531209041216000e+16
1.318597402507216657e+03 1.216124752246465200e+16
1.318930971291053538e+03 1.215721377109314800e+16
1.319264540074890192e+03 1.215321100702712400e+16
1.319598108858727073e+03 1.214923939749615200e+16
1.319931677642563955e+03 1.214529910623796800e+16
1.320265246426401063e+03 1.214139029350661000e+16
1.320598815210237944e+03 1.213751311608058400e+16
1.320932383994074826e+03 1.213366772727107600e+16
1.321265952777911480e+03 1.212985427693013200e+16
1.321599521561748361e+03 1.212607291145889000e+16
1.321933090345585470e+03 1.212232377381584800e+16
1.322266659129422351e+03 1.211860700352507000e+16
1.322600227913259232e+03 1.211492273668448800e+16
1.322933796697095886e+03 1.211127110597415400e+16
1.323267365480932767e+03 1.210765224066446800e+16
1.323600934264769649e+03 1.210406626662450400e+16
1.323934503048606757e+03 1.210051330633023600e+16
1.324268071832443638e+03 1.209699347887276800e+16
1.324601640616280520e+03 1.209350689996662400e+16
1.324935209400117174e+03 1.209005368195794800e+16
1.325268778183954055e+03 1.208663393383277000e+16
1.325602346967791163e+03 1.208324776122514800e+16
1.325935915751628045e+03 1.207989526642541000e+16
1.326269484535464926e+03 1.207657654838832000e+16
1.326603053319301807e+03 1.207329170274123400e+16
1.326936622103138461e+03 1.207004082179222800e+16
1.327270190886975570e+03 1.206682399453824600e+16
1.327603759670812451e+03 1.206364130667314200e+16
1.327937328454649332e+03 1.206049284059583200e+16
1.328270897238486214e+03 1.205737867541833000e+16
1.328604466022322868e+03 1.205429888697369200e+16
1.328938034806159976e+03 1.205125354782418800e+16
1.329271603589996857e+03 1.204824272726918000e+16
1.329605172373833739e+03 1.204526649135310800e+16
1.329938741157670620e+03 1.204232490287349200e+16
1.330272309941507501e+03 1.203941802138882000e+16
1.330605878725344610e+03 1.203654590322646400e+16
1.330939447509181264e+03 1.203370860149059000e+16
1.331273016293018145e+03 1.203090616607002200e+16
1.331606585076855026e+03 1.202813864364612000e+16
1.331940153860691908e+03 1.202540607770060800e+16
1.332273722644529016e+03 1.202270850852343000e+16
1.332607291428365897e+03 1.202004597322053600e+16
1.332940860212202551e+03 1.201741850572174400e+16
1.333274428996039433e+03 1.201482613678850600e+16
1.333607997779876314e+03 1.201226889402176400e+16
1.333941566563713423e+03 1.200974680186966400e+16
1.334275135347550304e+03 1.200725988163543600e+16
1.334608704131386958e+03 1.200480815148514400e+16
1.334942272915223839e+03 1.200239162645553400e+16
1.335275841699060720e+03 1.200001031846182400e+16
1.335609410482897829e+03 1.199766423630550400e+16
1.335942979266734710e+03 1.199535338568222000e+16
1.336276548050571591e+03 1.199307776918959400e+16
1.336610116834408245e+03 1.199083738633516600e+16
1.336943685618245127e+03 1.198863223354418800e+16
1.337277254402082235e+03 1.198646230416765400e+16
1.337610823185919116e+03 1.198432758849019600e+16
1.337944391969755998e+03 1.198222807373810800e+16
1.338277960753592879e+03 1.198016374408739200e+16
1.338611529537429533e+03 1.197813458067180800e+16
1.338945098321266642e+03 1.197614056159104400e+16
1.339278667105103523e+03 1.197418166191884000e+16
1.339612235888940404e+03 1.197225785371129600e+16
1.339945804672777285e+03 1.197036910601510000e+16
1.340279373456613939e+03 1.196851538487597200e+16
1.340612942240451048e+03 1.196669665334704400e+16
1.340946511024287929e+03 1.196491287149739400e+16
1.341280079808124810e+03 1.196316399642067200e+16
1.341613648591961692e+03 1.196144998224372400e+16
1.341947217375798573e+03 1.195977078013545000e+16
1.342280786159635682e+03 1.195812633831561200e+16
1.342614354943472335e+03 1.195651660206385200e+16
1.342947923727309217e+03 1.195494151372876000e+16
1.343281492511146098e+03 1.195340101273708000e+16
1.343615061294982979e+03 1.195189503560308000e+16
1.343948630078820088e+03 1.195042351593794200e+16
1.344282198862656969e+03 1.194898638445935600e+16
1.344615767646493623e+03 1.194758356900129600e+16
1.344949336430330504e+03 1.194621499452381800e+16
1.345282905214167386e+03 1.194488058312314800e+16
1.345616473998004494e+03 1.194358025404181600e+16
1.345950042781841375e+03 1.194231392367899200e+16
1.346283611565678029e+03 1.194108150560104200e+16
1.346617180349514911e+03 1.193988291055220000e+16
1.346950749133351792e+03 1.193871804646542400e+16
1.347284317917188901e+03 1.193758681847349600e+16
1.347617886701025782e+03 1.193648912892023400e+16
1.347951455484862663e+03 1.193542487737203800e+16
1.348285024268699317e+03 1.193439396062948800e+16
1.348618593052536198e+03 1.193339627273930400e+16
1.348952161836373307e+03 1.193243170500642600e+16
1.349285730620210188e+03 1.193150014600641000e+16
1.349619299404047069e+03 1.193060148159795800e+16
1.349952868187883951e+03 1.192973559493583000e+16
1.350286436971720605e+03 1.192890236648389200e+16
1.350620005755557713e+03 1.192810167402849800e+16
1.350953574539394594e+03 1.192733339269206400e+16
1.351287143323231476e+03 1.192659739494703400e+16
1.351620712107068357e+03 1.192589355063000000e+16
1.351954280890905011e+03 1.192522172695618000e+16
1.352287849674742120e+03 1.192458178853421400e+16
1.352621418458579001e+03 1.192397359738117400e+16
1.352954987242415882e+03 1.192339701293800800e+16
1.353288556026252763e+03 1.192285189208515600e+16
1.353622124810089645e+03 1.192233808915864000e+16
1.353955693593926753e+03 1.192185545596638400e+16
1.354289262377763407e+03 1.192140384180487400e+16
1.354622831161600288e+03 1.192098309347624600e+16
1.354956399945437170e+03 1.192059305530563800e+16
1.355289968729274051e+03 1.192023356915893600e+16
1.355623537513111160e+03 1.191990447446091800e+16
1.355957106296947813e+03 1.191960560821367200e+16
1.356290675080784695e+03 1.191933680501555400e+16
1.356624243864621576e+03 1.191909789708036400e+16
1.356957812648458457e+03 1.191888871425700200e+16
1.357291381432295566e+03 1.191870908404956400e+16
1.357624950216132447e+03 1.191855883163770000e+16
1.357958518999969101e+03 1.191843777989756800e+16
1.358292087783805982e+03 1.191834574942305000e+16
1.358625656567642864e+03 1.191828255854748400e+16
1.358959225351479972e+03 1.191824802336579000e+16
1.359292794135316853e+03 1.191824195775700800e+16
1.359626362919153735e+03 1.191826417340738800e+16
1.359959931702990389e+03 1.191831447983375600e+16
1.360293500486827270e+03 1.191839268440746400e+16
1.360627069270664379e+03 1.191849859237878000e+16
1.360960638054501260e+03 1.191863200690167400e+16
1.361294206838338141e+03 1.191879272905914400e+16
1.361627775622175022e+03 1.191898055788896400e+16
1.361961344406011676e+03 1.191919529040996000e+16
1.362294913189848785e+03 1.191943672164869600e+16
1.362628481973685666e+03 1.191970464466672000e+16
1.362962050757522547e+03 1.191999885058825200e+16
1.363295619541359429e+03 1.192031912862838200e+16
1.363629188325196083e+03 1.192066526612174600e+16
1.363962757109033191e+03 1.192103704855175000e+16
1.364296325892870072e+03 1.192143425958021200e+16
1.364629894676706954e+03 1.192185668107761600e+16
1.364963463460543835e+03 1.192230409315377000e+16
1.365297032244380716e+03 1.192277627418907600e+16
1.365630601028217825e+03 1.192327300086619600e+16
1.365964169812054479e+03 1.192379404820234800e+16
1.366297738595891360e+03 1.192433918958202400e+16
1.366631307379728241e+03 1.192490819679033400e+16
1.366964876163565123e+03 1.192550084004671800e+16
1.367298444947402231e+03 1.192611688803932600e+16
1.367632013731238885e+03 1.192675610795979800e+16
1.367965582515075766e+03 1.192741826553867200e+16
1.368299151298912648e+03 1.192810312508119600e+16
1.368632720082749529e+03 1.192881044950377600e+16
1.368966288866586638e+03 1.192954000037085200e+16
1.369299857650423519e+03 1.193029153793230400e+16
1.369633426434260173e+03 1.193106482116144200e+16
1.369966995218097054e+03 1.193185960779340600e+16
1.370300564001933935e+03 1.193267565436416400e+16
1.370634132785771044e+03 1.193351271624997200e+16
1.370967701569607925e+03 1.193437054770733600e+16
1.371301270353444806e+03 1.193524890191350400e+16
1.371634839137281460e+03 1.193614753100745400e+16
1.371968407921118342e+03 1.193706618613132000e+16
1.372301976704955450e+03 1.193800461747243200e+16
1.372635545488792332e+03 1.193896257430564600e+16
1.372969114272629213e+03 1.193993980503639600e+16
1.373302683056466094e+03 1.194093605724399600e+16
1.373636251840302748e+03 1.194195107772556600e+16
1.373969820624139857e+03 1.194298461254032800e+16
1.374303389407976738e+03 1.194403640705442800e+16
1.374636958191813619e+03 1.194510620598610800e+16
1.374970526975650500e+03 1.194619375345148000e+16
1.375304095759487154e+03 1.194729879301053600e+16
1.375637664543324263e+03 1.194842106771373200e+16
1.375971233327161144e+03 1.194956032014893600e+16
1.376304802110998025e+03 1.195071629248878600e+16
1.376638370894834907e+03 1.195188872653840800e+16
1.376971939678671788e+03 1.195307736378361400e+16
1.377305508462508897e+03 1.195428194543937600e+16
1.377639077246345551e+03 1.195550221249872800e+16
1.377972646030182432e+03 1.195673790578201800e+16
1.378306214814019313e+03 1.195798876598646200e+16
1.378639783597856194e+03 1.195925453373610800e+16
1.378973352381693303e+03 1.196053494963201600e+16
1.379306921165529957e+03 1.196182975430285600e+16
1.379640489949366838e+03 1.196313868845569800e+16
1.379974058733203719e+03 1.196446149292717000e+16
1.380307627517040601e+03 1.196579790873482000e+16
1.380641196300877709e+03 1.196714767712878400e+16
1.380974765084714591e+03 1.196851053964357600e+16
1.381308333868551244e+03 1.196988623815032000e+16
1.381641902652388126e+03 1.197127451490893200e+16
1.381975471436225007e+03 1.197267511262071600e+16
1.382309040220062116e+03 1.197408777448094200e+16
1.382642609003898997e+03 1.197551224423176400e+16
1.382976177787735878e+03 1.197694826621512800e+16
1.383309746571572532e+03 1.197839558542594000e+16
1.383643315355409413e+03 1.197985394756521400e+16
1.383976884139246522e+03 1.198132309909341200e+16
1.384310452923083403e+03 1.198280278728378000e+16
1.384644021706920284e+03 1.198429276027582000e+16
1.384977590490757166e+03 1.198579276712870600e+16
1.385311159274593820e+03 1.198730255787480000e+16
1.385644728058430928e+03 1.198882188357308800e+16
1.385978296842267810e+03 1.199035049636267000e+16
1.386311865626104691e+03 1.199188814951614800e+16
1.386645434409941572e+03 1.199343459749299000e+16
1.386979003193778226e+03 1.199498959599278800e+16
1.387312571977615335e+03 1.199655290200842800e+16
1.387646140761452216e+03 1.199812427387912200e+16
1.387979709545289097e+03 1.199970347134333600e+16
1.388313278329125978e+03 1.200129025559148400e+16
1.388646847112962860e+03 1.200288438931851400e+16
1.388980415896799968e+03 1.200448563677623200e+16
1.389313984680636622e+03 1.200609376382542000e+16
1.389647553464473503e+03 1.200770853798769600e+16
1.389981122248310385e+03 1.200932972849710600e+16
1.390314691032147266e+03 1.201095710635145600e+16
1.390648259815984375e+03 1.201259044436324000e+16
1.390981828599821029e+03 1.201422951721033200e+16
1.391315397383657910e+03 1.201587410148626000e+16
1.391648966167494791e+03 1.201752397575013600e+16
1.391982534951331672e+03 1.201917892057610800e+16
1.392316103735168781e+03 1.202083871860254400e+16
1.392649672519005662e+03 1.202250315458052800e+16
1.392983241302842316e+03 1.202417201542216800e+16
1.393316810086679197e+03 1.202584509024819200e+16
1.393650378870516079e+03 1.202752217043512800e+16
1.393983947654353187e+03 1.202920304966197000e+16
1.394317516438190069e+03 1.203088752395620200e+16
1.394651085222026950e+03 1.203257539173934600e+16
1.394984654005863604e+03 1.203426645387185600e+16
1.395318222789700485e+03 1.203596051369739000e+16
1.395651791573537594e+03 1.203765737708647200e+16
1.395985360357374475e+03 1.203935685247945200e+16
1.396318929141211356e+03 1.204105875092886400e+16
1.396652497925048237e+03 1.204276288614093600e+16
1.396986066708884891e+03 1.204446907451658200e+16
1.397319635492722000e+03 1.204617713519144800e+16
1.397653204276558881e+03 1.204788689007534800e+16
1.397986773060395763e+03 1.204959816389082000e+16
1.398320341844232644e+03 1.205131078421095200e+16
1.398653910628069298e+03 1.205302458149635200e+16
1.398987479411906406e+03 1.205473938913130200e+16
1.399321048195743288e+03 1.205645504345901200e+16
1.399654616979580169e+03 1.205817138381605600e+16
1.399988185763417050e+03 1.205988825256593600e+16
1.400321754547253931e+03 1.206160549513162400e+16
1.400655323331091040e+03 1.206332296002733200e+16
1.400988892114927694e+03 1.206504049888921600e+16
1.401322460898764575e+03 1.206675796650522200e+16
1.401656029682601456e+03 1.206847522084388800e+16
1.401989598466438338e+03 1.207019212308223600e+16
1.402323167250275446e+03 1.207190853763257200e+16
1.402656736034112100e+03 1.207362433216837600e+16
1.402990304817948982e+03 1.207533937764907600e+16
1.403323873601785863e+03 1.207705354834387600e+16
1.403657442385622744e+03 1.207876672185444200e+16
1.403991011169459853e+03 1.208047877913659400e+16
1.404324579953296734e+03 1.208218960452087800e+16
1.404658148737133388e+03 1.208389908573215600e+16
1.404991717520970269e+03 1.208560711390790800e+16
1.405325286304807150e+03 1.208731358361566400e+16
1.405658855088644259e+03 1.208901839286916000e+16
1.405992423872481140e+03 1.209072144314344200e+16
1.406325992656318022e+03 1.209242263938884600e+16
1.406659561440154675e+03 1.209412189004380800e+16
1.406993130223991557e+03 1.209581910704660800e+16
1.407326699007828665e+03 1.209751420584588200e+16
1.407660267791665547e+03 1.209920710541005400e+16
1.407993836575502428e+03 1.210089772823556800e+16
1.408327405359339309e+03 1.210258600035401200e+16
1.408660974143175963e+03 1.210427185133804400e+16
1.408994542927013072e+03 1.210595521430616400e+16
1.409328111710849953e+03 1.210763602592632000e+16
1.409661680494686834e+03 1.210931422641838400e+16
1.409995249278523715e+03 1.211098975955540000e+16
1.410328818062360369e+03 1.211266257266373800e+16
1.410662386846197251e+03 1.211433261662203200e+16
1.410995955630034359e+03 1.211599984585896800e+16
1.411329524413871241e+03 1.211766421834993200e+16
1.411663093197708122e+03 1.211932569561248000e+16
1.411996661981545003e+03 1.212098424270068400e+16
1.412330230765381657e+03 1.212263982819826400e+16
1.412663799549218766e+03 1.212429242421068000e+16
1.412997368333055647e+03 1.212594200635596800e+16
1.413330937116892528e+03 1.212758855375454000e+16
1.413664505900729409e+03 1.212923204901782000e+16
1.413998074684566291e+03 1.213087247823573600e+16
1.414331643468403172e+03 1.213250983096317000e+16
1.414665212252240053e+03 1.213414410020521000e+16
1.414998781036076934e+03 1.213577528240143200e+16
1.415332349819913816e+03 1.213740337740897600e+16
1.415665918603750697e+03 1.213902838848464000e+16
1.415999487387587806e+03 1.214065032226586800e+16
1.416333056171424460e+03 1.214226918875070200e+16
1.416666624955261341e+03 1.214388500127671200e+16
1.417000193739098222e+03 1.214549777649883800e+16
1.417333762522935103e+03 1.214710753436633000e+16
1.417667331306772212e+03 1.214871429809859800e+16
1.418000900090609093e+03 1.215031809416008400e+16
1.418334468874445747e+03 1.215191895223423200e+16
1.418668037658282628e+03 1.215351690519644200e+16
1.419001606442119510e+03 1.215511198908609400e+16
1.419335175225956618e+03 1.215670424307769600e+16
1.419668744009793500e+03 1.215829370945103200e+16
1.420002312793630381e+03 1.215988043356055000e+16
1.420335881577467035e+03 1.216146446380377200e+16
1.420669450361303916e+03 1.216304585158889200e+16
1.421003019145141025e+03 1.216462465130154800e+16
1.421336587928977906e+03 1.216620092027072800e+16
1.421670156712814787e+03 1.216777471873397400e+16
1.422003725496651441e+03 1.216934610980171200e+16
1.422337294280488322e+03 1.217091515942086000e+16
1.422670863064325431e+03 1.217248193633770200e+16
1.423004431848162312e+03 1.217404651206003600e+16
1.423338000631999194e+03 1.217560896081865000e+16
1.423671569415836075e+03 1.217716935952803200e+16
1.424005138199672729e+03 1.217872778774656000e+16
1.424338706983509837e+03 1.218028432763592800e+16
1.424672275767346719e+03 1.218183906392004200e+16
1.425005844551183600e+03 1.218339208384325800e+16
1.425339413335020481e+03 1.218494347712813200e+16
1.425672982118857362e+03 1.218649333593252600e+16
1.426006550902694244e+03 1.218804175480625600e+16
1.426340119686531125e+03 1.218958883064719200e+16
1.426673688470368006e+03 1.219113466265688600e+16
1.427007257254204887e+03 1.219267935229580400e+16
1.427340826038041769e+03 1.219422300323796800e+16
1.427674394821878877e+03 1.219576572132535000e+16
1.428007963605715531e+03 1.219730761452174200e+16
1.428341532389552412e+03 1.219884879286635200e+16
1.428675101173389294e+03 1.220038936842695600e+16
1.429008669957226175e+03 1.220192945525284400e+16
1.429342238741063284e+03 1.220346916932730800e+16
1.429675807524900165e+03 1.220500862852000400e+16
1.430009376308736819e+03 1.220654795253893800e+16
1.430342945092573700e+03 1.220808726288228000e+16
1.430676513876410581e+03 1.220962668278992800e+16
1.431010082660247690e+03 1.221116633719491600e+16
1.431343651444084571e+03 1.221270635267459200e+16
1.431677220227921453e+03 1.221424685740172000e+16
1.432010789011758106e+03 1.221578798109540000e+16
1.432344357795594988e+03 1.221732985497188800e+16
1.432677926579432096e+03 1.221887261169536400e+16
1.433011495363268978e+03 1.222041638532859600e+16
1.433345064147105859e+03 1.222196131128360800e+16
1.433678632930942513e+03 1.222350752627225600e+16
1.434012201714779394e+03 1.222505516825689200e+16
1.434345770498616503e+03 1.222660437640097600e+16
1.434679339282453384e+03 1.222815529101974000e+16
1.435012908066290265e+03 1.222970805353095400e+16
1.435346476850127146e+03 1.223126280640573200e+16
1.435680045633963800e+03 1.223281969311941600e+16
1.436013614417800909e+03 1.223437885810264400e+16
1.436347183201637790e+03 1.223594044669249800e+16
1.436680751985474672e+03 1.223750460508380400e+16
1.437014320769311553e+03 1.223907148028067400e+16
1.437347889553148434e+03 1.224064122004813600e+16
1.437681458336985315e+03 1.224221397286405400e+16
1.438015027120822197e+03 1.224378988787123200e+16
1.438348595904659078e+03 1.224536911482976000e+16
1.438682164688495959e+03 1.224695180406967200e+16
1.439015733472332840e+03 1.224853810644377600e+16
1.439349302256169949e+03 1.225012817328090000e+16
1.439682871040006603e+03 1.225172215633929200e+16
1.440016439823843484e+03 1.225332020776051400e+16
1.440350008607680365e+03 1.225492248002352200e+16
1.440683577391517247e+03 1.225652912589920400e+16
1.441017146175354355e+03 1.225814029840519600e+16
1.441350714959191237e+03 1.225975615076113000e+16
1.441684283743027891e+03 1.226137683634427200e+16
1.442017852526864772e+03 1.226300250864552400e+16
1.442351421310701653e+03 1.226463332122588400e+16
1.442684990094538762e+03 1.226626942767332800e+16
1.443018558878375643e+03 1.226791098156007600e+16
1.443352127662212524e+03 1.226955813640038800e+16
1.443685696446049178e+03 1.227121104560880800e+16
1.444019265229886059e+03 1.227286986245880000e+16
1.444352834013723168e+03 1.227453474004199000e+16
1.444686402797560049e+03 1.227620583122777200e+16
1.445019971581396931e+03 1.227788328862351600e+16
1.445353540365233584e+03 1.227956726453526000e+16
1.445687109149070466e+03 1.228125791092888400e+16
1.446020677932907574e+03 1.228295537939185200e+16
1.446354246716744456e+03 1.228465982109544200e+16
1.446687815500581337e+03 1.228637138675758600e+16
1.447021384284418218e+03 1.228809022660621200e+16
1.447354953068254872e+03 1.228981649034314000e+16
1.447688521852091981e+03 1.229155032710855600e+16
1.448022090635928862e+03 1.229329188544604000e+16
1.448355659419765743e+03 1.229504131326817200e+16
1.448689228203602624e+03 1.229679875782275200e+16
1.449022796987439506e+03 1.229856436565951200e+16
1.449356365771276387e+03 1.230033828259752400e+16
1.449689934555113268e+03 1.230212065369309200e+16
1.450023503338950150e+03 1.230391162320833200e+16
1.450357072122787031e+03 1.230571133458030000e+16
1.450690640906623912e+03 1.230751993039071200e+16
1.451024209690461021e+03 1.230933755233630200e+16
1.451357778474297675e+03 1.231116434119974800e+16
1.451691347258134556e+03 1.231300043682124800e+16
1.452024916041971437e+03 1.231484597807065200e+16
1.452358484825808318e+03 1.231670110282024000e+16
1.452692053609645427e+03 1.231856594791811600e+16
1.453025622393482308e+03 1.232044064916216600e+16
1.453359191177318962e+03 1.232232534127469000e+16
1.453692759961155843e+03 1.232422015787758800e+16
1.454026328744992725e+03 1.232612523146818800e+16
1.454359897528829833e+03 1.232804069339569600e+16
1.454693466312666715e+03 1.232996667383819200e+16
1.455027035096503596e+03 1.233190330178030800e+16
1.455360603880340250e+03 1.233385070499150000e+16
1.455694172664177131e+03 1.233580901000483400e+16
1.456027741448014240e+03 1.233777834209652000e+16
1.456361310231851121e+03 1.233975882526590400e+16
1.456694879015688002e+03 1.234175058221616000e+16
1.457028447799524656e+03 1.234375373433552000e+16
1.457362016583361537e+03 1.234576840167912800e+16
1.457695585367198646e+03 1.234779470295142000e+16
1.458029154151035527e+03 1.234983275548918600e+16
1.458362722934872409e+03 1.235188267524509200e+16
1.458696291718709290e+03 1.235394457677189400e+16
1.459029860502545944e+03 1.235601857320714000e+16
1.459363429286383052e+03 1.235810477625846800e+16
1.459696998070219934e+03 1.236020329618945600e+16
1.460030566854056815e+03 1.236231424180605600e+16
1.460364135637893696e+03 1.236443772044354000e+16
1.460697704421730577e+03 1.236657383795399400e+16
1.461031273205567459e+03 1.236872269869441200e+16
1.461364841989404340e+03 1.237088440551521200e+16
1.461698410773241221e+03 1.237305905974940000e+16
1.462031979557078103e+03 1.237524676120218400e+16
1.462365548340914984e+03 1.237744760814109600e+16
1.462699117124752092e+03 1.237966169728667600e+16
1.463032685908588746e+03 1.238188912380360800e+16
1.463366254692425628e+03 1.238412998129239000e+16
1.463699823476262509e+03 1.238638436178143000e+16
1.464033392260099390e+03 1.238865235571972000e+16
1.464366961043936499e+03 1.239093405196988800e+16
1.464700529827773380e+03 1.239322953780176800e+16
1.465034098611610034e+03 1.239553889888641200e+16
1.465367667395446915e+03 1.239786221929055400e+16
1.465701236179283796e+03 1.240019958147152000e+16
1.466034804963120905e+03 1.240255106627259400e+16
1.466368373746957786e+03 1.240491675291873200e+16
1.466701942530794668e+03 1.240729671901278800e+16
1.467035511314631322e+03 1.240969104053212400e+16
1.467369080098468203e+03 1.241209979182556800e+16
1.467702648882305311e+03 1.241452304561082800e+16
1.468036217666142193e+03 1.241696087297224400e+16
1.468369786449979074e+03 1.241941334335898800e+16
1.468703355233815728e+03 1.242188052458351600e+16
1.469036924017652609e+03 1.242436248282048400e+16
1.469370492801489718e+03 1.242685928260594800e+16
1.469704061585326599e+03 1.242937098683693000e+16
1.470037630369163480e+03 1.243189765677131800e+16
1.470371199153000362e+03 1.243443935202805200e+16
1.470704767936837015e+03 1.243699613058768000e+16
1.471038336720674124e+03 1.243956804879315200e+16
1.471371905504511005e+03 1.244215516135092000e+16
1.471705474288347887e+03 1.244475752133242000e+16
1.472039043072184768e+03 1.244737518017562800e+16
1.472372611856021649e+03 1.245000818768708800e+16
1.472706180639858530e+03 1.245265659204404800e+16
1.473039749423695412e+03 1.245532043979690600e+16
1.473373318207532293e+03 1.245799977587187400e+16
1.473706886991369174e+03 1.246069464357388400e+16
1.474040455775206055e+03 1.246340508458967800e+16
1.474374024559043164e+03 1.246613113899110400e+16
1.474707593342879818e+03 1.246887284523861800e+16
1.475041162126716699e+03 1.247163024018500000e+16
1.475374730910553581e+03 1.247440335907920000e+16
1.475708299694390462e+03 1.247719223557032800e+16
1.476041868478227570e+03 1.247999690171187600e+16
1.476375437262064452e+03 1.248281738796600000e+16
1.476709006045901106e+03 1.248565372320799600e+16
1.477042574829737987e+03 1.248850593473086000e+16
1.477376143613574868e+03 1.249137404824998800e+16
1.477709712397411977e+03 1.249425808790795400e+16
1.478043281181248858e+03 1.249715807627939400e+16
1.478376849965085739e+03 1.250007403437595400e+16
1.478710418748922393e+03 1.250300598165135600e+16
1.479043987532759274e+03 1.250595393600645400e+16
1.479377556316596383e+03 1.250891791379440600e+16
1.479711125100433264e+03 1.251189792982581800e+16
1.480044693884270146e+03 1.251489399737400800e+16
1.480378262668106800e+03 1.251790612818018800e+16
1.480711831451943681e+03 1.252093433245874200e+16
1.481045400235780789e+03 1.252397861890244400e+16
1.481378969019617671e+03 1.252703899468766600e+16
1.481712537803454552e+03 1.253011546547962000e+16
1.482046106587291433e+03 1.253320803543749200e+16
1.482379675371128087e+03 1.253631670721958800e+16
1.482713244154965196e+03 1.253944148198838400e+16
1.483046812938802077e+03 1.254258235941557200e+16
1.483380381722638958e+03 1.254573933768692800e+16
1.483713950506475840e+03 1.254891241350723600e+16
1.484047519290312721e+03 1.255210158210497200e+16
1.484381088074149602e+03 1.255530683723700200e+16
1.484714656857986483e+03 1.255852817119304600e+16
1.485048225641823365e+03 1.256176557480017600e+16
1.485381794425660246e+03 1.256501903742698400e+16
1.485715363209497127e+03 1.256828854698778800e+16
1.486048931993334236e+03 1.257157408994652400e+16
1.486382500777170890e+03 1.257487565132058800e+16
1.486716069561007771e+03 1.257819321468444400e+16
1.487049638344844652e+03 1.258152676217304200e+16
1.487383207128681534e+03 1.258487627448508400e+16
1.487716775912518642e+03 1.258824173088602800e+16
1.488050344696355523e+03 1.259162310921090400e+16
1.488383913480192177e+03 1.259502038586691200e+16
1.488717482264029059e+03 1.259843353583574400e+16
1.489051051047865940e+03 1.260186253267573000e+16
1.489384619831703048e+03 1.260530734852364400e+16
1.489718188615539930e+03 1.260876795409630200e+16
1.490051757399376811e+03 1.261224431869186800e+16
1.490385326183213465e+03 1.261573641019089600e+16
1.490718894967050346e+03 1.261924419505702800e+16
1.491052463750887455e+03 1.262276763833744600e+16
1.491386032534724336e+03 1.262630670366295600e+16
1.491719601318561217e+03 1.262986135324782800e+16
1.492053170102397871e+03 1.263343154788922200e+16
1.492386738886234752e+03 1.263701724696632800e+16
1.492720307670071861e+03 1.264061840843916800e+16
1.493053876453908742e+03 1.264423498884696000e+16
1.493387445237745624e+03 1.264786694330622400e+16
1.493721014021582505e+03 1.265151422550846200e+16
1.494054582805419159e+03 1.265517678771743600e+16
1.494388151589256040e+03 1.265885458076612600e+16
1.494721720373093149e+03 1.266254755405318600e+16
1.495055289156930030e+03 1.266625565553909600e+16
1.495388857940766911e+03 1.266997883174187600e+16
1.495722426724603793e+03 1.267371702773232000e+16
1.496055995508440446e+03 1.267747018712887200e+16
1.496389564292277555e+03 1.268123825209204400e+16
1.496723133076114436e+03 1.268502116331836200e+16
1.497056701859951318e+03 1.268881886003392600e+16
1.497390270643788199e+03 1.269263127998744800e+16
1.497723839427624853e+03 1.269645835944288000e+16
1.498057408211461961e+03 1.270030003317155000e+16
1.498390976995298843e+03 1.270415623444379600e+16
1.498724545779135724e+03 1.270802689502017600e+16
1.499058114562972605e+03 1.271191194514216000e+16
1.499391683346809486e+03 1.271581131352233800e+16
1.499725252130646595e+03 1.271972492733410800e+16
1.500058820914483249e+03 1.272365271220089200e+16
1.500392389698320130e+03 1.272759459218485200e+16
1.500725958482157012e+03 1.273155048977506400e+16
1.501059527265993893e+03 1.273552032587517200e+16
1.501393096049831001e+03 1.273950401979058600e+16
1.501726664833667883e+03 1.274350148921508200e+16
1.502060233617504537e+03 1.274751265021690400e+16
1.502393802401341418e+03 1.275153741722437400e+16
1.502727371185178299e+03 1.275557570301088800e+16
1.503060939969015408e+03 1.275962741867948800e+16
1.503394508752852289e+03 1.276369247364676400e+16
1.503728077536688943e+03 1.276777077562635200e+16
1.504061646320525824e+03 1.277186223061179600e+16
1.504395215104362705e+03 1.277596674285892600e+16
1.504728783888199814e+03 1.278008421486765600e+16
1.505062352672036695e+03 1.278421454736324600e+16
1.505395921455873577e+03 1.278835763927705600e+16
1.505729490239710231e+03 1.279251338772674800e+16
1.506063059023547112e+03 1.279668168799590000e+16
1.506396627807384220e+03 1.280086243351312000e+16
1.506730196591221102e+03 1.280505551583066000e+16
1.507063765375057983e+03 1.280926082460239600e+16
1.507397334158894864e+03 1.281347824756138000e+16
1.507730902942731518e+03 1.281770767049677600e+16
1.508064471726568627e+03 1.282194897723034000e+16
1.508398040510405508e+03 1.282620204959232800e+16
1.508731609294242389e+03 1.283046676739690000e+16
1.509065178078079271e+03 1.283474300841701200e+16
1.509398746861915924e+03 1.283903064835881400e+16
1.509732315645753033e+03 1.284332956083553600e+16
1.510065884429589914e+03 1.284763961734083600e+16
1.510399453213426796e+03 1.285196068722173000e+16
1.510733021997263677e+03 1.285629263765100000e+16
1.511066590781100558e+03 1.286063533359915800e+16
1.511400159564937667e+03 1.286498863780586400e+16
1.511733728348774321e+03 1.286935241075099600e+16
1.512067297132611202e+03 1.287372651062522000e+16
1.512400865916448083e+03 1.287811079330011600e+16
1.512734434700284964e+03 1.288250511229788000e+16
1.513068003484122073e+03 1.288690931876065400e+16
1.513401572267958954e+03 1.289132326141938000e+16
1.513735141051795608e+03 1.289574678656237200e+16
1.514068709835632490e+03 1.290017973800338000e+16
1.514402278619469371e+03 1.290462195704940800e+16
1.514735847403306479e+03 1.290907328246812800e+16
1.515069416187143361e+03 1.291353355045496400e+16
1.515402984970980015e+03 1.291800259459987200e+16
1.515736553754816896e+03 1.292248024585383600e+16
1.516070122538653777e+03 1.292696633249505600e+16
1.516403691322490886e+03 1.293146068009486600e+16
1.516737260106327767e+03 1.293596311148345400e+16
1.517070828890164648e+03 1.294047344671530000e+16
1.517404397674001302e+03 1.294499150303447600e+16
1.517737966457838183e+03 1.294951709483965600e+16
1.518071535241675292e+03 1.295405003364911800e+16
1.518405104025512173e+03 1.295859012806542400e+16
1.518738672809349055e+03 1.296313718374016600e+16
1.519072241593185936e+03 1.296769100333846000e+16
1.519405810377022590e+03 1.297225138650348000e+16
1.519739379160859698e+03 1.297681812982093800e+16
1.520072947944696580e+03 1.298139102678344800e+16
1.520406516728533461e+03 1.298596986775502400e+16
1.520740085512370342e+03 1.299055443993557600e+16
1.521073654296206996e+03 1.299514452732543600e+16
1.521407223080044105e+03 1.299973991069001800e+16
1.521740791863880986e+03 1.300434036752456200e+16
1.522074360647717867e+03 1.300894567201913600e+16
1.522407929431554749e+03 1.301355559502366400e+16
1.522741498215391630e+03 1.301816990401335600e+16
1.523075066999228738e+03 1.302278836305421600e+16
1.523408635783065392e+03 1.302741073276896400e+16
1.523742204566902274e+03 1.303203677030324400e+16
1.524075773350739155e+03 1.303666622929217200e+16
1.524409342134576036e+03 1.304129885982724800e+16
1.524742910918413145e+03 1.304593440842381600e+16
1.525076479702250026e+03 1.305057261798882000e+16
1.525410048486086680e+03 1.305521322778925200e+16
1.525743617269923561e+03 1.305985597342094800e+16
1.526077186053760443e+03 1.306450058677816000e+16
1.526410754837597551e+03 1.306914679602362000e+16
1.526744323621434432e+03 1.307379432555931600e+16
1.527077892405271086e+03 1.307844289599794400e+16
1.527411461189107968e+03 1.308309222413520800e+16
1.527745029972944849e+03 1.308774202292278200e+16
1.528078598756781957e+03 1.309239200144219600e+16
1.528412167540618839e+03 1.309704186487954600e+16
1.528745736324455720e+03 1.310169131450121800e+16
1.529079305108292374e+03 1.310634004763046000e+16
1.529412873892129255e+03 1.311098775762506800e+16
1.529746442675966364e+03 1.311563413385611000e+16
1.530080011459803245e+03 1.312027886168773000e+16
1.530413580243640126e+03 1.312492162245814200e+16
1.530747149027477008e+03 1.312956209346184200e+16
1.531080717811313662e+03 1.313419994793301600e+16
1.531414286595150770e+03 1.313883485503032400e+16
1.531747855378987651e+03 1.314346647982298200e+16
1.532081424162824533e+03 1.314809448327824600e+16
1.532414992946661414e+03 1.315271852225040200e+16
1.532748561730498068e+03 1.315733824947120000e+16
1.533082130514335176e+03 1.316195331354186400e+16
1.533415699298172058e+03 1.316656335892668000e+16
1.533749268082008939e+03 1.317116802594827600e+16
1.534082836865845820e+03 1.317576695078458400e+16
1.534416405649682702e+03 1.318035976546754000e+16
1.534749974433519810e+03 1.318494609788361200e+16
1.535083543217356464e+03 1.318952557177615200e+16
1.535417112001193345e+03 1.319409780674972400e+16
1.535750680785030227e+03 1.319866241827630400e+16
1.536084249568867108e+03 1.320321901770349200e+16
1.536417818352704217e+03 1.320776721226488200e+16
1.536751387136540870e+03 1.321230660509239400e+16
1.537084955920377752e+03 1.321683679523089800e+16
1.537418524704214633e+03 1.322135737765492000e+16
1.537752093488051514e+03 1.322586794328769800e+16
1.538085662271888623e+03 1.323036807902248800e+16
1.538419231055725504e+03 1.323485736774622800e+16
1.538752799839562158e+03 1.323933538836561000e+16
1.539086368623399039e+03 1.324380171583561200e+16
1.539419937407235921e+03 1.324825592119043600e+16
1.539753506191073029e+03 1.325269757157709400e+16
1.540087074974909910e+03 1.325712623029151000e+16
1.540420643758746792e+03 1.326154145681722200e+16
1.540754212542583446e+03 1.326594280686679600e+16
1.541087781326420327e+03 1.327032983242590800e+16
1.541421350110257436e+03 1.327470208180020400e+16
1.541754918894094317e+03 1.327905909966489600e+16
1.542088487677931198e+03 1.328340042711723600e+16
1.542422056461768079e+03 1.328772560173178400e+16
1.542755625245604733e+03 1.329203415761860200e+16
1.543089194029441842e+03 1.329632562548439600e+16
1.543422762813278723e+03 1.330059953269656000e+16
1.543756331597115604e+03 1.330485540335021200e+16
1.544089900380952486e+03 1.330909275833830800e+16
1.544423469164789140e+03 1.331331111542474000e+16
1.544757037948626248e+03 1.331750998932048400e+16
1.545090606732463129e+03 1.332168889176287600e+16
1.545424175516300011e+03 1.332584733159802000e+16
1.545757744300136892e+03 1.332998481486626400e+16
1.546091313083973773e+03 1.333410084489082800e+16
1.546424881867810882e+03 1.333819492236965600e+16
1.546758450651647536e+03 1.334226654547034600e+16
1.547092019435484417e+03 1.334631520992838000e+16
1.547425588219321298e+03 1.335034040914839600e+16
1.547759157003158180e+03 1.335434163430880000e+16
1.548092725786995288e+03 1.335831837446948000e+16
1.548426294570831942e+03 1.336227011668275800e+16
1.548759863354668823e+03 1.336619634610748800e+16
1.549093432138505705e+03 1.337009654612644800e+16
1.549427000922342586e+03 1.337397019846680400e+16
1.549760569706179695e+03 1.337781678332379600e+16
1.550094138490016576e+03 1.338163577948756000e+16
1.550427707273853230e+03 1.338542666447310800e+16
1.550761276057690111e+03 1.338918891465343600e+16
1.551094844841526992e+03 1.339292200539570800e+16
1.551428413625364101e+03 1.339662541120046600e+16
1.551761982409200982e+03 1.340029860584399000e+16
1.552095551193037863e+03 1.340394106252360800e+16
1.552429119976874517e+03 1.340755225400593400e+16
1.552762688760711399e+03 1.341113165277811800e+16
1.553096257544548507e+03 1.341467873120195200e+16
1.553429826328385388e+03 1.341819296167082800e+16
1.553763395112222270e+03 1.342167381676951600e+16
1.554096963896059151e+03 1.342512076943661200e+16
1.554430532679895805e+03 1.342853329312979400e+16
1.554764101463732914e+03 1.343191086199364800e+16
1.555097670247569795e+03 1.343525295102999800e+16
1.555431239031406676e+03 1.343855903627091000e+16
1.555764807815243557e+03 1.344182859495393600e+16
1.556098376599080211e+03 1.344506110569992400e+16
1.556431945382917320e+03 1.344825604869288800e+16
1.556765514166754201e+03 1.345141290586229400e+16
1.557099082950591082e+03 1.345453116106736400e+16
1.557432651734427964e+03 1.345761030028346000e+16
1.557766220518264845e+03 1.346064981179033200e+16
1.558099789302101954e+03 1.346364918636239800e+16
1.558433358085938607e+03 1.346660791746059600e+16
1.558766926869775489e+03 1.346952550142603200e+16
1.559100495653612370e+03 1.347240143767515200e+16
1.559434064437449251e+03 1.347523522889633200e+16
1.559767633221286360e+03 1.347802638124792800e+16
1.560101202005123014e+03 1.348077440455737200e+16
1.560434770788959895e+03 1.348347881252162000e+16
1.560768339572796776e+03 1.348613912290844400e+16
1.561101908356633658e+03 1.348875485775868400e+16
1.561435477140470766e+03 1.349132554358925800e+16
1.561769045924307648e+03 1.349385071159676400e+16
1.562102614708144301e+03 1.349632989786170800e+16
1.562436183491981183e+03 1.349876264355299600e+16
1.562769752275818064e+03 1.350114849513277000e+16
1.563103321059655173e+03 1.350348700456129600e+16
1.563436889843492054e+03 1.350577772950188400e+16
1.563770458627328935e+03 1.350802023352564400e+16
1.564104027411165589e+03 1.351021408631595600e+16
1.564437596195002470e+03 1.351235886387244400e+16
1.564771164978839579e+03 1.351445414871449600e+16
1.565104733762676460e+03 1.351649953008390800e+16
1.565438302546513341e+03 1.351849460414683200e+16
1.565771871330350223e+03 1.352043897419454800e+16
1.566105440114186877e+03 1.352233225084316800e+16
1.566439008898023985e+03 1.352417405223207600e+16
1.566772577681860867e+03 1.352596400422075400e+16
1.567106146465697748e+03 1.352770174058413600e+16
1.567439715249534629e+03 1.352938690320621000e+16
1.567773284033371283e+03 1.353101914227159200e+16
1.568106852817208392e+03 1.353259811645516800e+16
1.568440421601045273e+03 1.353412349310946600e+16
1.568773990384882154e+03 1.353559494844970800e+16
1.569107559168719035e+03 1.353701216773632600e+16
1.569441127952555917e+03 1.353837484545483200e+16
1.569774696736393025e+03 1.353968268549292800e+16
1.570108265520229679e+03 1.354093540131462800e+16
1.570441834304066560e+03 1.354213271613127200e+16
1.570775403087903442e+03 1.354327436306940400e+16
1.571108971871740323e+03 1.354436008533514200e+16
1.571442540655577432e+03 1.354538963637516200e+16
1.571776109439414086e+03 1.354636278003392200e+16
1.572109678223250967e+03 1.354727929070715400e+16
1.572443247007087848e+03 1.354813895349144000e+16
1.572776815790924729e+03 1.354894156432970800e+16
1.573110384574761838e+03 1.354968693015252800e+16
1.573443953358598719e+03 1.355037486901514200e+16
1.573777522142435373e+03 1.355100521023008000e+16
1.574111090926272254e+03 1.355157779449512200e+16
1.574444659710109136e+03 1.355209247401670400e+16
1.574778228493946244e+03 1.355254911262849000e+16
1.575111797277783126e+03 1.355294758590506800e+16
1.575445366061620007e+03 1.355328778127061600e+16
1.575778934845456661e+03 1.355356959810257200e+16
1.576112503629293542e+03 1.355379294782992800e+16
1.576446072413130651e+03 1.355395775402646400e+16
1.576779641196967532e+03 1.355406395249836800e+16
1.577113209980804413e+03 1.355411149136662000e+16
1.577446778764641294e+03 1.355410033114362800e+16
1.577780347548477948e+03 1.355403044480441200e+16
1.578113916332315057e+03 1.355390181785198600e+16
1.578447485116151938e+03 1.355371444837702800e+16
1.578781053899988819e+03 1.355346834711174200e+16
1.579114622683825701e+03 1.355316353747782000e+16
1.579448191467662355e+03 1.355280005562853200e+16
1.579781760251499463e+03 1.355237795048475400e+16
1.580115329035336345e+03 1.355189728376507200e+16
1.580448897819173226e+03 1.355135813000981800e+16
1.580782466603010107e+03 1.355076057659901600e+16
1.581116035386846988e+03 1.355010472376420800e+16
1.581449604170683642e+03 1.354939068459425200e+16
1.581783172954520751e+03 1.354861858503484400e+16
1.582116741738357632e+03 1.354778856388206400e+16
1.582450310522194513e+03 1.354690077276959800e+16
1.582783879306031395e+03 1.354595537615003000e+16
1.583117448089868276e+03 1.354495255126982600e+16
1.583451016873705157e+03 1.354389248813823600e+16
1.583784585657542038e+03 1.354277538949019000e+16
1.584118154441378920e+03 1.354160147074304000e+16
1.584451723225215801e+03 1.354037095994728000e+16
1.584785292009052682e+03 1.353908409773118400e+16
1.585118860792889791e+03 1.353774113723968400e+16
1.585452429576726445e+03 1.353634234406706000e+16
1.585785998360563326e+03 1.353488799618399600e+16
1.586119567144400207e+03 1.353337838385863200e+16
1.586453135928237089e+03 1.353181380957201600e+16
1.586786704712074197e+03 1.353019458792781200e+16
1.587120273495911078e+03 1.352852104555632600e+16
1.587453842279747732e+03 1.352679352101310800e+16
1.587787411063584614e+03 1.352501236467205600e+16
1.588120979847421495e+03 1.352317793861311800e+16
1.588454548631258604e+03 1.352129061650476000e+16
1.588788117415095485e+03 1.351935078348116400e+16
1.589121686198932366e+03 1.351735883601446000e+16
1.589455254982769020e+03 1.351531518178188400e+16
1.589788823766605901e+03 1.351322023952805800e+16
1.590122392550443010e+03 1.351107443892251600e+16
1.590455961334279891e+03 1.350887822041257600e+16
1.590789530118116772e+03 1.350663203507168200e+16
1.591123098901953426e+03 1.350433634444326800e+16
1.591456667685790308e+03 1.350199162038041200e+16
1.591790236469627416e+03 1.349959834488121600e+16
1.592123805253464297e+03 1.349715700992022800e+16
1.592457374037301179e+03 1.349466811727593600e+16
1.592790942821138060e+03 1.349213217835442400e+16
1.593124511604974714e+03 1.348954971400947400e+16
1.593458080388811823e+03 1.348692125435913400e+16
1.593791649172648704e+03 1.348424733859888600e+16
1.594125217956485585e+03 1.348152851481162000e+16
1.594458786740322466e+03 1.347876533977460800e+16
1.594792355524159348e+03 1.347595837876343600e+16
1.595125924307996229e+03 1.347310820535320800e+16
1.595459493091833110e+03 1.347021540121710000e+16
1.595793061875669991e+03 1.346728055592247400e+16
1.596126630659506873e+03 1.346430426672460000e+16
1.596460199443343754e+03 1.346128713835820000e+16
1.596793768227180863e+03 1.345822978282702800e+16
1.597127337011017516e+03 1.345513281919142000e+16
1.597460905794854398e+03 1.345199687335429600e+16
1.597794474578691279e+03 1.344882257784542000e+16
1.598128043362528160e+03 1.344561057160430400e+16
1.598461612146365269e+03 1.344236149976185600e+16
1.598795180930202150e+03 1.343907601342078800e+16
1.599128749714038804e+03 1.343575476943515200e+16
1.599462318497875685e+03 1.343239843018900800e+16
1.599795887281712567e+03 1.342900766337435200e+16
1.600129456065549675e+03 1.342558314176856400e+16
1.600463024849386557e+03 1.342212554301140400e+16
1.600796593633223438e+03 1.341863554938182800e+16
1.601130162417060092e+03 1.341511384757458000e+16
1.601463731200896973e+03 1.341156112847688200e+16
1.601797299984734082e+03 1.340797808694529200e+16
1.602130868768570963e+03 1.340436542158280000e+16
1.602464437552407844e+03 1.340072383451642800e+16
1.602798006336244498e+03 1.339705403117529600e+16
1.603131575120081379e+03 1.339335672006949800e+16
1.603465143903918488e+03 1.338963261256968600e+16
1.603798712687755369e+03 1.338588242268768200e+16
1.604132281471592250e+03 1.338210686685808800e+16
1.604465850255429132e+03 1.337830666372111800e+16
1.604799419039265786e+03 1.337448253390670400e+16
1.605132987823102894e+03 1.337063519982006800e+16
1.605466556606939776e+03 1.336676538542874000e+16
1.605800125390776657e+03 1.336287381605123200e+16
1.606133694174613538e+03 1.335896121814753600e+16
1.606467262958450419e+03 1.335502831911129200e+16
1.606800831742287301e+03 1.335107584706406000e+16
1.607134400526124182e+03 1.334710453065150200e+16
1.607467969309961063e+03 1.334311509884174800e+16
1.607801538093797944e+03 1.333910828072600000e+16
1.608135106877634826e+03 1.333508480532131600e+16
1.608468675661471934e+03 1.333104540137596400e+16
1.608802244445308588e+03 1.332699079717701600e+16
1.609135813229145469e+03 1.332292172036067600e+16
1.609469382012982351e+03 1.331883889772510800e+16
1.609802950796819232e+03 1.331474305504597200e+16
1.610136519580656341e+03 1.331063491689469200e+16
1.610470088364493222e+03 1.330651520645956400e+16
1.610803657148329876e+03 1.330238464536967400e+16
1.611137225932166757e+03 1.329824395352181600e+16
1.611470794716003638e+03 1.329409384891034200e+16
1.611804363499840747e+03 1.328993504746001600e+16
1.612137932283677628e+03 1.328576826286198000e+16
1.612471501067514509e+03 1.328159420641283200e+16
1.612805069851351163e+03 1.327741358685686000e+16
1.613138638635188045e+03 1.327322711023141600e+16
1.613472207419025153e+03 1.326903547971564800e+16
1.613805776202862035e+03 1.326483939548228200e+16
1.614139344986698916e+03 1.326063955455292600e+16
1.614472913770535570e+03 1.325643665065650200e+16
1.614806482554372451e+03 1.325223137409110000e+16
1.615140051338209560e+03 1.324802441158916800e+16
1.615473620122046441e+03 1.324381644618601600e+16
1.615807188905883322e+03 1.323960815709179200e+16
1.616140757689720203e+03 1.323540021956681600e+16
1.616474326473556857e+03 1.323119330480021200e+16
1.616807895257393966e+03 1.322698807979214400e+16
1.617141464041230847e+03 1.322278520723924000e+16
1.617475032825067728e+03 1.321858534542360800e+16
1.617808601608904610e+03 1.321438914810513400e+16
1.618142170392741491e+03 1.321019726441723800e+16
1.618475739176578372e+03 1.320601033876600000e+16
1.618809307960415254e+03 1.320182901073267800e+16
1.619142876744252135e+03 1.319765391497960800e+16
1.619476445528089016e+03 1.319348568115947600e+16
1.619810014311925897e+03 1.318932493382784400e+16
1.620143583095763006e+03 1.318517229235916800e+16
1.620477151879599660e+03 1.318102837086592800e+16
1.620810720663436541e+03 1.317689377812124000e+16
1.621144289447273422e+03 1.317276911748456000e+16
1.621477858231110304e+03 1.316865498683074000e+16
1.621811427014947412e+03 1.316455197848225600e+16
1.622144995798784294e+03 1.316046067914462600e+16
1.622478564582620947e+03 1.315638166984496000e+16
1.622812133366457829e+03 1.315231552587368800e+16
1.623145702150294710e+03 1.314826281672933600e+16
1.623479270934131819e+03 1.314422410606637600e+16
1.623812839717968700e+03 1.314019995164609800e+16
1.624146408501805581e+03 1.313619090529048400e+16
1.624479977285642235e+03 1.313219751283901200e+16
1.624813546069479116e+03 1.312822031410841200e+16
1.625147114853316225e+03 1.312425984285524600e+16
1.625480683637153106e+03 1.312031662674134000e+16
1.625814252420989988e+03 1.311639118730209200e+16
1.626147821204826641e+03 1.311248403991737600e+16
1.626481389988663523e+03 1.310859569378532000e+16
1.626814958772500631e+03 1.310472665189862200e+16
1.627148527556337513e+03 1.310087741102360000e+16
1.627482096340174394e+03 1.309704846168171800e+16
1.627815665124011275e+03 1.309324028813376400e+16
1.628149233907847929e+03 1.308945336836642800e+16
1.628482802691685038e+03 1.308568817408135400e+16
1.628816371475521919e+03 1.308194517068658400e+16
1.629149940259358800e+03 1.307822481729043600e+16
1.629483509043195681e+03 1.307452756669753600e+16
1.629817077827032563e+03 1.307085386540729200e+16
1.630150646610869444e+03 1.306720415361439600e+16
1.630484215394706325e+03 1.306357886521166000e+16
1.630817784178543207e+03 1.305997842779487400e+16
1.631151352962380088e+03 1.305640326266979600e+16
1.631484921746216969e+03 1.305285378486107000e+16
1.631818490530054078e+03 1.304933040312329800e+16
1.632152059313890732e+03 1.304583351995382600e+16
1.632485628097727613e+03 1.304236353160763400e+16
1.632819196881564494e+03 1.303892082811388800e+16
1.633152765665401375e+03 1.303550579329440800e+16
1.633486334449238484e+03 1.303211880478380400e+16
1.633819903233075365e+03 1.302876023405133000e+16
1.634153472016912019e+03 1.302543044642446000e+16
1.634487040800748900e+03 1.302212980111395400e+16
1.634820609584585782e+03 1.301885865124058400e+16
1.635154178368422890e+03 1.301561734386331200e+16
1.635487747152259772e+03 1.301240622000901600e+16
1.635821315936096653e+03 1.300922561470354800e+16
1.636154884719933307e+03 1.300607585700428000e+16
1.636488453503770188e+03 1.300295727003390200e+16
1.636822022287607297e+03 1.299987017101555200e+16
1.637155591071444178e+03 1.299681487130923200e+16
1.637489159855281059e+03 1.299379167644941000e+16
1.637822728639117713e+03 1.299080088618374200e+16
1.638156297422954594e+03 1.298784279451303800e+16
1.638489866206791703e+03 1.298491768973221200e+16
1.638823434990628584e+03 1.298202585447231200e+16
1.639157003774465466e+03 1.297916756574360400e+16
1.639490572558302347e+03 1.297634309497955400e+16
1.639824141342139001e+03 1.297355270808178800e+16
1.640157710125976109e+03 1.297079666546592400e+16
1.640491278909812991e+03 1.296807522210825600e+16
1.640824847693649872e+03 1.296538862759326600e+16
1.641158416477486753e+03 1.296273712616193600e+16
1.641491985261323634e+03 1.296012095676072400e+16
1.641825554045160516e+03 1.295754035309136800e+16
1.642159122828997397e+03 1.295499554366124000e+16
1.642492691612834278e+03 1.295248675183445400e+16
1.642826260396671159e+03 1.295001419588348800e+16
1.643159829180508041e+03 1.294757808904140400e+16
1.643493397964345149e+03 1.294517863955468000e+16
1.643826966748181803e+03 1.294281605073642400e+16
1.644160535532018685e+03 1.294049052102013800e+16
1.644494104315855566e+03 1.293820224401394400e+16
1.644827673099692447e+03 1.293595140855517400e+16
1.645161241883529556e+03 1.293373819876539200e+16
1.645494810667366437e+03 1.293156279410568400e+16
1.645828379451203091e+03 1.292942536943242400e+16
1.646161948235039972e+03 1.292732609505318800e+16
1.646495517018876853e+03 1.292526513678302400e+16
1.646829085802713962e+03 1.292324265600094600e+16
1.647162654586550843e+03 1.292125880970662800e+16
1.647496223370387725e+03 1.291931375057732800e+16
1.647829792154224378e+03 1.291740762702493600e+16
1.648163360938061260e+03 1.291554058325317600e+16
1.648496929721898368e+03 1.291371275931495800e+16
1.648830498505735250e+03 1.291192429116974400e+16
1.649164067289572131e+03 1.291017531074110000e+16
1.649497636073408785e+03 1.290846594597413600e+16
1.649831204857245666e+03 1.290679632089314800e+16
1.650164773641082775e+03 1.290516655565913800e+16
1.650498342424919656e+03 1.290357676662731200e+16
1.650831911208756537e+03 1.290202706640463600e+16
1.651165479992593419e+03 1.290051756390723200e+16
1.651499048776430072e+03 1.289904836441774400e+16
1.651832617560267181e+03 1.289761956964257600e+16
1.652166186344104062e+03 1.289623127776902000e+16
1.652499755127940944e+03 1.289488358352227600e+16
1.652833323911777825e+03 1.289357657822226400e+16
1.653166892695614706e+03 1.289231034984024600e+16
1.653500461479451587e+03 1.289108498305537600e+16
1.653834030263288469e+03 1.288990055931088000e+16
1.654167599047125350e+03 1.288875715687011200e+16
1.654501167830962231e+03 1.288765485087235000e+16
1.654834736614799112e+03 1.288659371338830200e+16
1.655168305398636221e+03 1.288557381347537600e+16
1.655501874182472875e+03 1.288459521723263600e+16
1.655835442966309756e+03 1.288365798785544400e+16
1.656169011750146637e+03 1.288276218568982800e+16
1.656502580533983519e+03 1.288190786828648400e+16
1.656836149317820627e+03 1.288109509045441800e+16
1.657169718101657509e+03 1.288032390431422400e+16
1.657503286885494163e+03 1.287959435935109600e+16
1.657836855669331044e+03 1.287890650246726600e+16
1.658170424453167925e+03 1.287826037803422000e+16
1.658503993237005034e+03 1.287765602794436800e+16
1.658837562020841915e+03 1.287709349166239600e+16
1.659171130804678796e+03 1.287657280627612200e+16
1.659504699588515450e+03 1.287609400654692400e+16
1.659838268372352331e+03 1.287565712495969200e+16
1.660171837156189440e+03 1.287526219177238200e+16
1.660505405940026321e+03 1.287490923506496000e+16
1.660838974723863203e+03 1.287459828078801200e+16
1.661172543507699856e+03 1.287432935281073200e+16
1.661506112291536738e+03 1.287410247296848800e+16
1.661839681075373846e+03 1.287391766110982400e+16
1.662173249859210728e+03 1.287377493514289600e+16
1.662506818643047609e+03 1.287367431108150400e+16
1.662840387426884490e+03 1.287361580309044600e+16
1.663173956210721144e+03 1.287359942353038400e+16
1.663507524994558253e+03 1.287362518300211400e+16
1.663841093778395134e+03 1.287369309039033400e+16
1.664174662562232015e+03 1.287380315290675200e+16
1.664508231346068897e+03 1.287395537613265600e+16
1.664841800129905778e+03 1.287414976406086800e+16
1.665175368913742432e+03 1.287438631913716000e+16
1.665508937697579540e+03 1.287466504230097200e+16
1.665842506481416422e+03 1.287498593302558400e+16
1.666176075265253303e+03 1.287534898935761200e+16
1.666509644049090184e+03 1.287575420795598800e+16
1.666843212832926838e+03 1.287620158413015200e+16
1.667176781616763947e+03 1.287669111187774600e+16
1.667510350400600828e+03 1.287722278392155200e+16
1.667843919184437709e+03 1.287779659174590000e+16
1.668177487968274590e+03 1.287841252563229600e+16
1.668511056752111472e+03 1.287907057469448000e+16
1.668844625535948580e+03 1.287977072691279000e+16
1.669178194319785234e+03 1.288051296916784000e+16
1.669511763103622116e+03 1.288129728727355200e+16
1.669845331887458997e+03 1.288212366600947400e+16
1.670178900671295878e+03 1.288299208915248000e+16
1.670512469455132987e+03 1.288390253950770000e+16
1.670846038238969868e+03 1.288485499893879400e+16
1.671179607022806522e+03 1.288584944839757200e+16
1.671513175806643403e+03 1.288688586795286000e+16
1.671846744590480284e+03 1.288796423681866200e+16
1.672180313374317393e+03 1.288908453338168400e+16
1.672513882158154274e+03 1.289024673522803400e+16
1.672847450941990928e+03 1.289145081916937000e+16
1.673181019725827809e+03 1.289269676126817200e+16
1.673514588509664691e+03 1.289398453686239800e+16
1.673848157293501799e+03 1.289531412058939800e+16
1.674181726077338681e+03 1.289668548640908400e+16
1.674515294861175562e+03 1.289809860762642000e+16
1.674848863645012216e+03 1.289955345691316400e+16
1.675182432428849097e+03 1.290105000632884000e+16
1.675516001212686206e+03 1.290258822734110600e+16
1.675849569996523087e+03 1.290416809084522400e+16
1.676183138780359968e+03 1.290578956718296000e+16
1.676516707564196849e+03 1.290745262616064000e+16
1.676850276348033503e+03 1.290915723706654400e+16
1.677183845131870612e+03 1.291090336868752400e+16
1.677517413915707493e+03 1.291269098932492000e+16
1.677850982699544375e+03 1.291452006680969800e+16
1.678184551483381256e+03 1.291639056851693400e+16
1.678518120267217910e+03 1.291830246137948000e+16
1.678851689051055018e+03 1.292025571190096000e+16
1.679185257834891900e+03 1.292225028616798800e+16
1.679518826618728781e+03 1.292428614986171000e+16
1.679852395402565662e+03 1.292636326826853600e+16
1.680185964186402543e+03 1.292848160629022400e+16
1.680519532970239652e+03 1.293064112845321400e+16
1.680853101754076306e+03 1.293284179891715800e+16
1.681186670537913187e+03 1.293508358148289000e+16
1.681520239321750068e+03 1.293736643959948400e+16
1.681853808105586950e+03 1.293969033637072000e+16
1.682187376889424058e+03 1.294205523456080000e+16
1.682520945673260940e+03 1.294446109659933000e+16
1.682854514457097594e+03 1.294690788458557800e+16
1.683188083240934475e+03 1.294939556029206800e+16
1.683521652024771356e+03 1.295192408516744400e+16
1.683855220808608465e+03 1.295449342033859800e+16
1.684188789592445346e+03 1.295710352661211200e+16
1.684522358376282000e+03 1.295975436447507200e+16
1.684855927160118881e+03 1.296244589409506400e+16
1.685189495943955762e+03 1.296517807531957200e+16
1.685523064727792871e+03 1.296795086767465600e+16
1.685856633511629752e+03 1.297076423036293000e+16
1.686190202295466634e+03 1.297361812226095200e+16
1.686523771079303287e+03 1.297651250191578400e+16
1.686857339863140169e+03 1.297944732754102200e+16
1.687190908646977277e+03 1.298242255701210600e+16
1.687524477430814159e+03 1.298543814786098000e+16
1.687858046214651040e+03 1.298849405727010000e+16
1.688191614998487921e+03 1.299159024206577400e+16
1.688525183782324575e+03 1.299472665871090200e+16
1.688858752566161684e+03 1.299790326329706400e+16
1.689192321349998565e+03 1.300112001153594400e+16
1.689525890133835446e+03 1.300437685875015600e+16
1.689859458917672328e+03 1.300767375986352000e+16
1.690193027701508981e+03 1.301101066939059600e+16
1.690526596485346090e+03 1.301438754142572800e+16
1.690860165269182971e+03 1.301780432963141200e+16
1.691193734053019853e+03 1.302126098722615200e+16
1.691527302836856734e+03 1.302475746697169000e+16
1.691860871620693615e+03 1.302829372115963200e+16
1.692194440404530724e+03 1.303186970159760400e+16
1.692528009188367378e+03 1.303548535959471600e+16
1.692861577972204259e+03 1.303914064594664400e+16
1.693195146756041140e+03 1.304283551091999200e+16
1.693528715539878021e+03 1.304656990423628000e+16
1.693862284323715130e+03 1.305034377505527600e+16
1.694195853107552011e+03 1.305415707195793600e+16
1.694529421891388665e+03 1.305800974292870000e+16
1.694862990675225547e+03 1.306190173533744000e+16
1.695196559459062428e+03 1.306583299592081800e+16
1.695530128242899536e+03 1.306980347076316400e+16
1.695863697026736418e+03 1.307381310527698400e+16
1.696197265810573072e+03 1.307786184418287200e+16
1.696530834594409953e+03 1.308194963148911800e+16
1.696864403378246834e+03 1.308607641047073200e+16
1.697197972162083943e+03 1.309024212364816800e+16
1.697531540945920824e+03 1.309444671276552400e+16
1.697865109729757705e+03 1.309869011876845600e+16
1.698198678513594359e+03 1.310297228178154400e+16
1.698532247297431240e+03 1.310729314108542000e+16
1.698865816081268349e+03 1.311165263509345200e+16
1.699199384865105230e+03 1.311605070132800400e+16
1.699532953648942112e+03 1.312048727639650400e+16
1.699866522432778993e+03 1.312496229596700800e+16
1.700200091216615647e+03 1.312947569474354400e+16
1.700533660000452755e+03 1.313402740644111400e+16
1.700867228784289637e+03 1.313861736376030400e+16
1.701200797568126518e+03 1.314324549836178000e+16
1.701534366351963399e+03 1.314791174084033400e+16
1.701867935135800053e+03 1.315261602069874800e+16
1.702201503919637162e+03 1.315735826632136400e+16
1.702535072703474043e+03 1.316213840494746600e+16
1.702868641487310924e+03 1.316695636264436000e+16
1.703202210271147806e+03 1.317181206428029200e+16
1.703535779054984687e+03 1.317670543349711000e+16
1.703869347838821795e+03 1.318163639268281400e+16
1.704202916622658449e+03 1.318660486294379800e+16
1.704536485406495331e+03 1.319161076407709600e+16
1.704870054190332212e+03 1.319665401454229600e+16
1.705203622974169093e+03 1.320173453143344800e+16
1.705537191758006202e+03 1.320685223045080200e+16
1.705870760541842856e+03 1.321200702587239800e+16
1.706204329325679737e+03 1.321719883052560400e+16
1.706537898109516618e+03 1.322242755575855600e+16
1.706871466893353499e+03 1.322769311141152000e+16
1.707205035677190608e+03 1.323299540578819800e+16
1.707538604461027489e+03 1.323833434562696000e+16
1.707872173244864143e+03 1.324370983607215800e+16
1.708205742028701025e+03 1.324912178064522800e+16
1.708539310812537906e+03 1.325457008121599600e+16
1.708872879596375014e+03 1.326005463797384000e+16
1.709206448380211896e+03 1.326557534939897600e+16
1.709540017164048777e+03 1.327113211223374800e+16
1.709873585947885431e+03 1.327672482145392400e+16
1.710207154731722312e+03 1.328235337024017200e+16
1.710540723515559421e+03 1.328801764994951000e+16
1.710874292299396302e+03 1.329371755008691200e+16
1.711207861083233183e+03 1.329945295827699600e+16
1.711541429867070065e+03 1.330522376023588000e+16
1.711874998650906718e+03 1.331102983974312400e+16
1.712208567434743827e+03 1.331687107861385400e+16
1.712542136218580708e+03 1.332274735667104200e+16
1.712875705002417590e+03 1.332865855171801600e+16
1.713209273786254471e+03 1.333460453951107400e+16
1.713542842570091125e+03 1.334058519373241600e+16
1.713876411353928233e+03 1.334660038596320800e+16
1.714209980137765115e+03 1.335264998565694600e+16
1.714543548921601996e+03 1.335873386011306200e+16
1.714877117705438877e+03 1.336485187445078600e+16
1.715210686489275759e+03 1.337100389158328800e+16
1.715544255273112867e+03 1.337718977219213200e+16
1.715877824056949521e+03 1.338340937470204000e+16
1.716211392840786402e+03 1.338966255525598400e+16
1.716544961624623284e+03 1.339594916769056600e+16
1.716878530408460165e+03 1.340226906351184800e+16
1.717212099192297273e+03 1.340862209187146800e+16
1.717545667976133927e+03 1.341500809954315600e+16
1.717879236759970809e+03 1.342142693089966400e+16
1.718212805543807690e+03 1.342787842789008400e+16
1.718546374327644571e+03 1.343436243001762200e+16
1.718879943111481680e+03 1.344087877431773600e+16
1.719213511895318561e+03 1.344742729533679200e+16
1.719547080679155215e+03 1.345400782511117800e+16
1.719880649462992096e+03 1.346062019314682200e+16
1.720214218246828977e+03 1.346726422639928400e+16
1.720547787030666086e+03 1.347393974925433600e+16
1.720881355814502967e+03 1.348064658350894800e+16
1.721214924598339849e+03 1.348738454835299200e+16
1.721548493382176503e+03 1.349415346035130000e+16
1.721882062166013384e+03 1.350095313342639200e+16
1.722215630949850492e+03 1.350778337884171600e+16
1.722549199733687374e+03 1.351464400518547600e+16
1.722882768517524255e+03 1.352153481835503600e+16
1.723216337301361136e+03 1.352845562154197200e+16
1.723549906085197790e+03 1.353540621521767400e+16
1.723883474869034899e+03 1.354238639711959200e+16
1.724217043652871780e+03 1.354939596223809200e+16
1.724550612436708661e+03 1.355643470280407000e+16
1.724884181220545543e+03 1.356350240827705600e+16
1.725217750004382196e+03 1.357059886533406600e+16
1.725551318788219305e+03 1.357772385785919200e+16
1.725884887572056186e+03 1.358487716693374400e+16
1.726218456355893068e+03 1.359205857082719600e+16
1.726552025139729949e+03 1.359926784498878400e+16
1.726885593923566830e+03 1.360650476203987600e+16
1.727219162707403939e+03 1.361376909176696000e+16
1.727552731491240593e+03 1.362106060111550000e+16
1.727886300275077474e+03 1.362837905418444800e+16
1.728219869058914355e+03 1.363572421222148600e+16
1.728553437842751237e+03 1.364309583361915200e+16
1.728887006626588345e+03 1.365049367391158800e+16
1.729220575410424999e+03 1.365791748577213000e+16
1.729554144194261880e+03 1.366536701901170400e+16
1.729887712978098762e+03 1.367284202057796800e+16
1.730221281761935643e+03 1.368034223455526200e+16
1.730554850545772752e+03 1.368786740216534400e+16
1.730888419329609633e+03 1.369541726176899200e+16
1.731221988113446287e+03 1.370299154886836400e+16
1.731555556897283168e+03 1.371058999611018400e+16
1.731889125681120049e+03 1.371821233328975600e+16
1.732222694464957158e+03 1.372585828735584400e+16
1.732556263248794039e+03 1.373352758241632800e+16
1.732889832032630920e+03 1.374121993974473400e+16
1.733223400816467574e+03 1.374893507778757200e+16
1.733556969600304456e+03 1.375667271217259200e+16
1.733890538384141564e+03 1.376443255571780800e+16
1.734224107167978445e+03 1.377221431844136600e+16
1.734557675951815327e+03 1.378001770757234600e+16
1.734891244735652208e+03 1.378784242756237600e+16
1.735224813519488862e+03 1.379568818009806000e+16
1.735558382303325970e+03 1.380355466411431600e+16
1.735891951087162852e+03 1.381144157580852200e+16
1.736225519870999733e+03 1.381934860865562800e+16
1.736559088654836614e+03 1.382727545342397200e+16
1.736892657438673268e+03 1.383522179819202800e+16
1.737226226222510377e+03 1.384318732836606400e+16
1.737559795006347258e+03 1.385117172669851600e+16
1.737893363790184139e+03 1.385917467330737800e+16
1.738226932574021021e+03 1.386719584569629400e+16
1.738560501357857902e+03 1.387523491877559200e+16
1.738894070141695011e+03 1.388329156488411600e+16
1.739227638925531664e+03 1.389136545381191600e+16
1.739561207709368546e+03 1.389945625282374800e+16
1.739894776493205427e+03 1.390756362668346000e+16
1.740228345277042308e+03 1.391568723767915400e+16
1.740561914060879417e+03 1.392382674564918800e+16
1.740895482844716071e+03 1.393198180800894800e+16
1.741229051628552952e+03 1.394015207977853400e+16
1.741562620412389833e+03 1.394833721361114800e+16
1.741896189196226715e+03 1.395653685982233000e+16
1.742229757980063823e+03 1.396475066641993200e+16
1.742563326763900704e+03 1.397297827913492000e+16
1.742896895547737358e+03 1.398121934145295400e+16
1.743230464331574240e+03 1.398947349464669000e+16
1.743564033115411121e+03 1.399774037780880600e+16
1.743897601899248230e+03 1.400601962788589800e+16
1.744231170683085111e+03 1.401431087971294400e+16
1.744564739466921992e+03 1.402261376604864600e+16
1.744898308250758646e+03 1.403092791761133600e+16
1.745231877034595527e+03 1.403925296311571600e+16
1.745565445818432636e+03 1.404758852931019200e+16
1.745899014602269517e+03 1.405593424101491000e+16
1.746232583386106398e+03 1.406428972116046800e+16
1.746566152169943280e+03 1.407265459082728800e+16
1.746899720953779934e+03 1.408102846928557800e+16
1.747233289737617042e+03 1.408941097403594000e+16
1.747566858521453923e+03 1.409780172085062000e+16
1.747900427305290805e+03 1.410620032381529800e+16
1.748233996089127686e+03 1.411460639537147800e+16
1.748567564872964340e+03 1.412301954635945800e+16
1.748901133656801449e+03 1.413143938606180800e+16
1.749234702440638330e+03 1.413986552224740400e+16
1.749568271224475211e+03 1.414829756121600800e+16
1.749901840008312092e+03 1.415673510784328000e+16
1.750235408792148974e+03 1.416517776562630000e+16
1.750568977575986082e+03 1.417362513672959200e+16
1.750902546359822736e+03 1.418207682203152200e+16
1.751236115143659617e+03 1.419053242117119200e+16
1.751569683927496499e+03 1.419899153259568600e+16
1.751903252711333380e+03 1.420745375360777600e+16
1.752236821495170261e+03 1.421591868041388800e+16
1.752570390279007142e+03 1.422438590817260000e+16
1.752903959062844024e+03 1.423285503104327600e+16
1.753237527846680905e+03 1.424132564223516800e+16
1.753571096630517786e+03 1.424979733405670400e+16
1.753904665414354668e+03 1.425826969796516400e+16
1.754238234198191776e+03 1.426674232461650800e+16
1.754571802982028430e+03 1.427521480391550000e+16
1.754905371765865311e+03 1.428368672506605200e+16
1.755238940549702193e+03 1.429215767662169200e+16
1.755572509333539074e+03 1.430062724653632000e+16
1.755906078117376182e+03 1.430909502221504000e+16
1.756239646901213064e+03 1.431756059056513200e+16
1.756573215685049718e+03 1.432602353804715200e+16
1.756906784468886599e+03 1.433448345072616800e+16
1.757240353252723480e+03 1.434293991432299200e+16
1.757573922036560589e+03 1.435139251426548400e+16
1.757907490820397470e+03 1.435984083573993400e+16
1.758241059604234351e+03 1.436828446374242600e+16
1.758574628388071005e+03 1.437672298313015600e+16
1.758908197171907887e+03 1.438515597867279200e+16
1.759241765955744995e+03 1.439358303510369400e+16
1.759575334739581876e+03 1.440200373717116000e+16
1.759908903523418758e+03 1.441041766968952000e+16
1.760242472307255412e+03 1.441882441759009800e+16
1.760576041091092293e+03 1.442722356597211600e+16
1.760909609874929401e+03 1.443561470015336400e+16
1.761243178658766283e+03 1.444399740572079600e+16
1.761576747442603164e+03 1.445237126858079200e+16
1.761910316226440045e+03 1.446073587500937800e+16
1.762243885010276699e+03 1.446909081170209200e+16
1.762577453794113808e+03 1.447743566582364000e+16
1.762911022577950689e+03 1.448577002505728400e+16
1.763244591361787570e+03 1.449409347765398400e+16
1.763578160145624452e+03 1.450240561248116000e+16
1.763911728929461333e+03 1.451070601907119600e+16
1.764245297713298214e+03 1.451899428766958000e+16
1.764578866497135095e+03 1.452727000928269200e+16
1.764912435280971977e+03 1.453553277572521000e+16
1.765246004064808858e+03 1.454378217966715200e+16
1.765579572848645739e+03 1.455201781468048800e+16
1.765913141632482848e+03 1.456023927528537600e+16
1.766246710416319502e+03 1.456844615699587400e+16
1.766580279200156383e+03 1.457663805636531400e+16
1.766913847983993264e+03 1.458481457103111600e+16
1.767247416767830146e+03 1.459297529975920000e+16
1.767580985551667254e+03 1.460111984248787000e+16
1.767914554335504135e+03 1.460924780037114400e+16
1.768248123119340789e+03 1.461735877582169200e+16
1.768581691903177671e+03 1.462545237255315400e+16
1.768915260687014552e+03 1.463352819562191200e+16
1.769248829470851661e+03 1.464158585146837200e+16
1.769582398254688542e+03 1.464962494795761200e+16
1.769915967038525423e+03 1.465764509441958000e+16
1.770249535822362077e+03 1.466564590168852800e+16
1.770583104606198958e+03 1.467362698214204400e+16
1.770916673390036067e+03 1.468158794973938200e+16
1.771250242173872948e+03 1.468952842005918600e+16
1.771583810957709829e+03 1.469744801033667200e+16
1.771917379741546483e+03 1.470534633950012000e+16
1.772250948525383365e+03 1.471322302820679600e+16
1.772584517309220473e+03 1.472107769887819200e+16
1.772918086093057354e+03 1.472890997573469800e+16
1.773251654876894236e+03 1.473671948482956000e+16
1.773585223660731117e+03 1.474450585408229800e+16
1.773918792444567771e+03 1.475226871331136600e+16
1.774252361228404880e+03 1.476000769426624800e+16
1.774585930012241761e+03 1.476772243065888400e+16
1.774919498796078642e+03 1.477541255819442800e+16
1.775253067579915523e+03 1.478307771460139400e+16
1.775586636363752405e+03 1.479071753966111200e+16
1.775920205147589286e+03 1.479833167523654400e+16
1.776253773931426167e+03 1.480591976530051600e+16
1.776587342715263048e+03 1.481348145596319200e+16
1.776920911499099930e+03 1.482101639549898200e+16
1.777254480282936811e+03 1.482852423437282000e+16
1.777588049066773920e+03 1.483600462526574400e+16
1.777921617850610573e+03 1.484345722309989000e+16
1.778255186634447455e+03 1.485088168506283200e+16
1.778588755418284336e+03 1.485827767063132400e+16
1.778922324202121217e+03 1.486564484159440600e+16
1.779255892985958326e+03 1.487298286207592400e+16
1.779589461769795207e+03 1.488029139855636400e+16
1.779923030553631861e+03 1.488757011989420000e+16
1.780256599337468742e+03 1.489481869734660200e+16
1.780590168121305624e+03 1.490203680458953600e+16
1.780923736905142732e+03 1.490922411773730800e+16
1.781257305688979613e+03 1.491638031536155400e+16
1.781590874472816495e+03 1.492350507850970000e+16
1.781924443256653149e+03 1.493059809072281600e+16
1.782258012040490030e+03 1.493765903805292000e+16
1.782591580824327139e+03 1.494468760907991600e+16
1.782925149608164020e+03 1.495168349492776600e+16
1.783258718392000901e+03 1.495864638928038000e+16
1.783592287175837555e+03 1.496557598839690000e+16
1.783925855959674436e+03 1.497247199112654800e+16
1.784259424743511545e+03 1.497933409892295200e+16
1.784592993527348426e+03 1.498616201585808000e+16
1.784926562311185307e+03 1.499295544863571000e+16
1.785260131095022189e+03 1.499971410660444800e+16
1.785593699878858843e+03 1.500643770177034600e+16
1.785927268662695951e+03 1.501312594880914400e+16
1.786260837446532832e+03 1.501977856507802800e+16
1.786594406230369714e+03 1.502639527062716600e+16
1.786927975014206595e+03 1.503297578821071200e+16
1.787261543798043476e+03 1.503951984329755800e+16
1.787595112581880358e+03 1.504602716408177600e+16
1.787928681365717239e+03 1.505249748149262400e+16
1.788262250149554120e+03 1.505893052920438600e+16
1.788595818933391001e+03 1.506532604364576800e+16
1.788929387717227883e+03 1.507168376400917200e+16
1.789262956501064991e+03 1.507800343225956800e+16
1.789596525284901645e+03 1.508428479314319600e+16
1.789930094068738526e+03 1.509052759419599200e+16
1.790263662852575408e+03 1.509673158575181200e+16
1.790597231636412289e+03 1.510289652095045600e+16
1.790930800420249398e+03 1.510902215574543200e+16
1.791264369204086279e+03 1.511510824891161200e+16
1.791597937987922933e+03 1.512115456205268000e+16
1.791931506771759814e+03 1.512716085960844400e+16
1.792265075555596695e+03 1.513312690886194800e+16
1.792598644339433804e+03 1.513905247994655200e+16
1.792932213123270685e+03 1.514493734585277600e+16
1.793265781907107566e+03 1.515078128243516400e+16
1.793599350690944220e+03 1.515658406841890200e+16
1.793932919474781102e+03 1.516234548540652200e+16
1.794266488258618210e+03 1.516806531788440400e+16
1.794600057042455092e+03 1.517374335322924600e+16
1.794933625826291973e+03 1.517937938171451600e+16
1.795267194610128627e+03 1.518497319651690000e+16
1.795600763393965508e+03 1.519052459372256000e+16
1.795934332177802617e+03 1.519603337233357600e+16
1.796267900961639498e+03 1.520149933427419600e+16
1.796601469745476379e+03 1.520692228439723800e+16
1.796935038529313260e+03 1.521230203049037600e+16
1.797268607313149914e+03 1.521763838328249600e+16
1.797602176096987023e+03 1.522293115645007200e+16
1.797935744880823904e+03 1.522818016662355000e+16
1.798269313664660785e+03 1.523338523339377200e+16
1.798602882448497667e+03 1.523854617931845400e+16
1.798936451232334548e+03 1.524366282992866800e+16
1.799270020016171429e+03 1.524873501373545200e+16
1.799603588800008310e+03 1.525376256223636600e+16
1.799937157583845192e+03 1.525874530992219800e+16
1.800270726367682073e+03 1.526368309428366400e+16
1.800604295151518954e+03 1.526857575581825000e+16
1.800937863935356063e+03 1.527342313803704800e+16
1.801271432719192717e+03 1.527822508747163000e+16
1.801605001503029598e+03 1.528298145368114400e+16
1.801938570286866479e+03 1.528769208925931200e+16
1.802272139070703361e+03 1.529235684984158200e+16
1.802605707854540469e+03 1.529697559411234000e+16
1.802939276638377351e+03 1.530154818381214400e+16
1.803272845422214004e+03 1.530607448374512800e+16
1.803606414206050886e+03 1.531055436178634400e+16
1.803939982989887767e+03 1.531498768888924800e+16
1.804273551773724876e+03 1.531937433909323800e+16
1.804607120557561757e+03 1.532371418953117600e+16
1.804940689341398638e+03 1.532800712043709000e+16
1.805274258125235292e+03 1.533225301515378600e+16
1.805607826909072173e+03 1.533645176014056800e+16
1.805941395692909282e+03 1.534060324498101600e+16
1.806274964476746163e+03 1.534470736239074000e+16
1.806608533260583044e+03 1.534876400822516600e+16
1.806942102044419698e+03 1.535277308148736400e+16
1.807275670828256580e+03 1.535673448433585800e+16
1.807609239612093688e+03 1.536064812209245200e+16
1.807942808395930570e+03 1.536451390325000200e+16
1.808276377179767451e+03 1.536833173948025600e+16
1.808609945963604332e+03 1.537210154564157400e+16
1.808943514747440986e+03 1.537582323978665400e+16
1.809277083531278095e+03 1.537949674317020800e+16
1.809610652315114976e+03 1.538312198025655800e+16
1.809944221098951857e+03 1.538669887872721600e+16
1.810277789882788738e+03 1.539022736948831600e+16
1.810611358666625620e+03 1.539370738667798600e+16
1.810944927450462501e+03 1.539713886767360600e+16
1.811278496234299382e+03 1.540052175309895400e+16
1.811612065018136263e+03 1.540385598683125600e+16
1.811945633801973145e+03 1.540714151600800800e+16
1.812279202585810026e+03 1.541037829103373600e+16
1.812612771369647135e+03 1.541356626558652600e+16
1.812946340153483789e+03 1.541670539662440400e+16
1.813279908937320670e+03 1.541979564439150600e+16
1.813613477721157551e+03 1.542283697242403800e+16
1.813947046504994432e+03 1.542582934755605400e+16
1.814280615288831541e+03 1.542877273992490000e+16
1.814614184072668422e+03 1.543166712297653000e+16
1.814947752856505076e+03 1.543451247347047200e+16
1.815281321640341957e+03 1.543730877148455200e+16
1.815614890424178839e+03 1.544005600041931200e+16
1.815948459208015947e+03 1.544275414700210400e+16
1.816282027991852829e+03 1.544540320129092200e+16
1.816615596775689710e+03 1.544800315667784800e+16
1.816949165559526364e+03 1.545055400989213400e+16
1.817282734343363245e+03 1.545305576100299800e+16
1.817616303127200354e+03 1.545550841342197200e+16
1.817949871911037235e+03 1.545791197390486200e+16
1.818283440694874116e+03 1.546026645255334800e+16
1.818617009478710770e+03 1.546257186281616200e+16
1.818950578262547651e+03 1.546482822148978000e+16
1.819284147046384760e+03 1.546703554871873200e+16
1.819617715830221641e+03 1.546919386799540800e+16
1.819951284614058522e+03 1.547130320615945200e+16
1.820284853397895404e+03 1.547336359339664000e+16
1.820618422181732058e+03 1.547537506323721800e+16
1.820951990965569166e+03 1.547733765255385800e+16
1.821285559749406048e+03 1.547925140155894800e+16
1.821619128533242929e+03 1.548111635380150200e+16
1.821952697317079810e+03 1.548293255616340600e+16
1.822286266100916691e+03 1.548470005885521600e+16
1.822619834884753573e+03 1.548641891541134200e+16
1.822953403668590454e+03 1.548808918268465200e+16
1.823286972452427335e+03 1.548971092084051600e+16
1.823620541236264216e+03 1.549128419335035200e+16
1.823954110020101098e+03 1.549280906698441600e+16
1.824287678803938206e+03 1.549428561180412000e+16
1.824621247587774860e+03 1.549571390115364600e+16
1.824954816371611741e+03 1.549709401165105400e+16
1.825288385155448623e+03 1.549842602317868400e+16
1.825621953939285504e+03 1.549971001887295800e+16
1.825955522723122613e+03 1.550094608511350200e+16
1.826289091506959494e+03 1.550213431151176400e+16
1.826622660290796148e+03 1.550327479089880800e+16
1.826956229074633029e+03 1.550436761931262800e+16
1.827289797858469910e+03 1.550541289598467600e+16
1.827623366642307019e+03 1.550641072332587600e+16
1.827956935426143900e+03 1.550736120691180800e+16
1.828290504209980782e+03 1.550826445546746000e+16
1.828624072993817435e+03 1.550912058085109800e+16
1.828957641777654317e+03 1.550992969803762800e+16
1.829291210561491425e+03 1.551069192510129200e+16
1.829624779345328307e+03 1.551140738319757000e+16
1.829958348129165188e+03 1.551207619654465200e+16
1.830291916913001842e+03 1.551269849240405600e+16
1.830625485696838723e+03 1.551327440106070000e+16
1.830959054480675832e+03 1.551380405580228600e+16
1.831292623264512713e+03 1.551428759289807400e+16
1.831626192048349594e+03 1.551472515157698000e+16
1.831959760832186475e+03 1.551511687400509600e+16
1.832293329616023129e+03 1.551546290526247200e+16
1.832626898399860238e+03 1.551576339331936600e+16
1.832960467183697119e+03 1.551601848901190800e+16
1.833294035967534001e+03 1.551622834601698400e+16
1.833627604751370882e+03 1.551639312082673000e+16
1.833961173535207763e+03 1.551651297272228400e+16
1.834294742319044644e+03 1.551658806374695200e+16
1.834628311102881526e+03 1.551661855867892000e+16
1.834961879886718407e+03 1.551660462500320800e+16
1.835295448670555288e+03 1.551654643288327200e+16
1.835629017454392169e+03 1.551644415513185400e+16
1.835962586238228823e+03 1.551629796718147400e+16
1.836296155022065932e+03 1.551610804705422400e+16
1.836629723805902813e+03 1.551587457533118200e+16
1.836963292589739694e+03 1.551559773512127200e+16
1.837296861373576576e+03 1.551527771202959200e+16
1.837630430157413457e+03 1.551491469412532400e+16
1.837963998941250566e+03 1.551450887190916800e+16
1.838297567725087220e+03 1.551406043828024400e+16
1.838631136508924101e+03 1.551356958850270400e+16
1.838964705292760982e+03 1.551303652017174400e+16
1.839298274076597863e+03 1.551246143317938200e+16
1.839631842860434972e+03 1.551184452967968200e+16
1.839965411644271853e+03 1.551118601405371200e+16
1.840298980428108507e+03 1.551048609287406200e+16
1.840632549211945388e+03 1.550974497486909000e+16
1.840966117995782270e+03 1.550896287088672200e+16
1.841299686779619378e+03 1.550813999385805600e+16
1.841633255563456260e+03 1.550727655876057600e+16
1.841966824347292913e+03 1.550637278258114000e+16
1.842300393131129795e+03 1.550542888427866000e+16
1.842633961914966676e+03 1.550444508474651200e+16
1.842967530698803785e+03 1.550342160677480400e+16
1.843301099482640666e+03 1.550235867501230000e+16
1.843634668266477547e+03 1.550125651592827000e+16
1.843968237050314201e+03 1.550011535777402200e+16
1.844301805834151082e+03 1.549893543054440800e+16
1.844635374617988191e+03 1.549771696593905800e+16
1.844968943401825072e+03 1.549646019732356600e+16
1.845302512185661953e+03 1.549516535969049200e+16
1.845636080969498835e+03 1.549383268962035800e+16
1.845969649753335489e+03 1.549246242524247200e+16
1.846303218537172597e+03 1.549105480619572800e+16
1.846636787321009479e+03 1.548961007358935600e+16
1.846970356104846360e+03 1.548812846996366000e+16
1.847303924888683241e+03 1.548661023925072600e+16
1.847637493672519895e+03 1.548505562673510200e+16
1.847971062456357004e+03 1.548346487901459600e+16
1.848304631240193885e+03 1.548183824396096800e+16
1.848638200024030766e+03 1.548017597068086800e+16
1.848971768807867647e+03 1.547847830947660400e+16
1.849305337591704529e+03 1.547674551180724400e+16
1.849638906375541637e+03 1.547497783024963600e+16
1.849972475159378291e+03 1.547317551845962200e+16
1.850306043943215172e+03 1.547133883113340000e+16
1.850639612727052054e+03 1.546946802396902000e+16
1.850973181510888935e+03 1.546756335362799400e+16
1.851306750294726044e+03 1.546562507769715800e+16
1.851640319078562925e+03 1.546365345465069800e+16
1.851973887862399579e+03 1.546164874381237600e+16
1.852307456646236460e+03 1.545961120531798600e+16
1.852641025430073341e+03 1.545754110007804000e+16
1.852974594213910450e+03 1.545543868974071400e+16
1.853308162997747331e+03 1.545330423665501600e+16
1.853641731781583985e+03 1.545113800383431200e+16
1.853975300565420866e+03 1.544894025492006000e+16
1.854308869349257748e+03 1.544671125414580800e+16
1.854642438133094856e+03 1.544445126630168000e+16
1.854976006916931738e+03 1.544216055669894400e+16
1.855309575700768619e+03 1.543983939113513400e+16
1.855643144484605273e+03 1.543748803585931600e+16
1.855976713268442154e+03 1.543510675753788800e+16
1.856310282052279263e+03 1.543269582322062400e+16
1.856643850836116144e+03 1.543025550030709000e+16
1.856977419619953025e+03 1.542778605651353800e+16
1.857310988403789906e+03 1.542528775984007600e+16
1.857644557187626560e+03 1.542276087853834600e+16
1.857978125971463669e+03 1.542020568107945800e+16
1.858311694755300550e+03 1.541762243612252600e+16
1.858645263539137432e+03 1.541501141248346200e+16
1.858978832322974313e+03 1.541237287910430800e+16
1.859312401106810967e+03 1.540970710502290200e+16
1.859645969890648075e+03 1.540701435934310200e+16
1.859979538674484957e+03 1.540429491120531600e+16
1.860313107458321838e+03 1.540154902975764000e+16
1.860646676242158719e+03 1.539877698412730800e+16
1.860980245025995600e+03 1.539597904339266200e+16
1.861313813809832709e+03 1.539315547655562400e+16
1.861647382593669363e+03 1.539030655251455400e+16
1.861980951377506244e+03 1.538743254003763600e+16
1.862314520161343125e+03 1.538453370773670600e+16
1.862648088945180007e+03 1.538161032404157800e+16
1.862981657729017115e+03 1.537866265717485600e+16
1.863315226512853997e+03 1.537569097512710400e+16
1.863648795296690651e+03 1.537269554563274400e+16
1.863982364080527532e+03 1.536967663614618400e+16
1.864315932864364413e+03 1.536663451381854000e+16
1.864649501648201522e+03 1.536356944547484400e+16
1.864983070432038403e+03 1.536048169759172000e+16
1.865316639215875057e+03 1.535737153627553600e+16
1.865650207999711938e+03 1.535423922724100400e+16
1.865983776783548819e+03 1.535108503579032000e+16
1.866317345567385928e+03 1.534790922679277200e+16
1.866650914351222809e+03 1.534471206466473400e+16
1.866984483135059691e+03 1.534149381335025200e+16
1.867318051918896344e+03 1.533825473630205200e+16
1.867651620702733226e+03 1.533499509646296200e+16
1.867985189486570334e+03 1.533171515624792000e+16
1.868318758270407216e+03 1.532841517752629200e+16
1.868652327054244097e+03 1.532509542160477600e+16
1.868985895838080978e+03 1.532175614921071400e+16
1.869319464621917632e+03 1.531839762047581600e+16
1.869653033405754741e+03 1.531502009492037200e+16
1.869986602189591622e+03 1.531162383143791600e+16
1.870320170973428503e+03 1.530820908828026800e+16
1.870653739757265384e+03 1.530477612304307400e+16
1.870987308541102038e+03 1.530132519265170000e+16
1.871320877324939147e+03 1.529785655334763200e+16
1.871654446108776028e+03 1.529437046067518800e+16
1.871988014892612910e+03 1.529086716946874000e+16
1.872321583676449791e+03 1.528734693384023600e+16
1.872655152460286672e+03 1.528381000716722000e+16
1.872988721244123781e+03 1.528025664208117400e+16
1.873322290027960435e+03 1.527668709045622000e+16
1.873655858811797316e+03 1.527310160339828400e+16
1.873989427595634197e+03 1.526950043123454600e+16
1.874322996379471078e+03 1.526588382350333200e+16
1.874656565163308187e+03 1.526225202894426000e+16
1.874990133947145068e+03 1.525860529548881600e+16
1.875323702730981722e+03 1.525494387025123400e+16
1.875657271514818603e+03 1.525126799951970400e+16
1.875990840298655485e+03 1.524757792874795000e+16
1.876324409082492593e+03 1.524387390254704600e+16
1.876657977866329475e+03 1.524015616467762400e+16
1.876991546650166129e+03 1.523642495804231600e+16
1.877325115434003010e+03 1.523268052467853600e+16
1.877658684217839891e+03 1.522892310575154000e+16
1.877992253001677000e+03 1.522515294154774800e+16
1.878325821785513881e+03 1.522137027146830400e+16
1.878659390569350762e+03 1.521757533402301200e+16
1.878992959353187416e+03 1.521376836682441200e+16
1.879326528137024297e+03 1.520994960658213200e+16
1.879660096920861406e+03 1.520611928909753200e+16
1.879993665704698287e+03 1.520227764925849200e+16
1.880327234488535169e+03 1.519842492103447400e+16
1.880660803272372050e+03 1.519456133747182800e+16
1.880994372056208704e+03 1.519068713068923800e+16
1.881327940840045812e+03 1.518680253187341200e+16
1.881661509623882694e+03 1.518290777127491600e+16
1.881995078407719575e+03 1.517900307820429200e+16
1.882328647191556456e+03 1.517508868102821600e+16
1.882662215975393110e+03 1.517116480716593600e+16
1.882995784759230219e+03 1.516723168308582000e+16
1.883329353543067100e+03 1.516328953430206000e+16
1.883662922326903981e+03 1.515933858537152800e+16
1.883996491110740862e+03 1.515537905989078400e+16
1.884330059894577744e+03 1.515141118049319200e+16
1.884663628678414852e+03 1.514743516884619600e+16
1.884997197462251506e+03 1.514345124564863200e+16
1.885330766246088388e+03 1.513945963062826800e+16
1.885664335029925269e+03 1.513546054253938200e+16
1.885997903813762150e+03 1.513145419916042400e+16
1.886331472597599259e+03 1.512744081729178200e+16
1.886665041381435913e+03 1.512342061275367200e+16
1.886998610165272794e+03 1.511939380038405600e+16
1.887332178949109675e+03 1.511536059403667200e+16
1.887665747732946556e+03 1.511132120657907000e+16
1.887999316516783665e+03 1.510727584989079400e+16
1.888332885300620546e+03 1.510322473486153800e+16
1.888666454084457200e+03 1.509916807138943400e+16
1.889000022868294081e+03 1.509510606837927000e+16
1.889333591652130963e+03 1.509103893374089200e+16
1.889667160435968071e+03 1.508696687438751600e+16
1.890000729219804953e+03 1.508289009623411600e+16
1.890334298003641834e+03 1.507880880419586200e+16
1.890667866787478488e+03 1.507472320218653200e+16
1.891001435571315369e+03 1.507063349311698000e+16
1.891335004355152478e+03 1.506653987889360800e+16
1.891668573138989359e+03 1.506244256041674400e+16
1.892002141922826240e+03 1.505834173757924000e+16
1.892335710706663122e+03 1.505423760926488400e+16
1.892669279490499775e+03 1.505013037334685600e+16
1.893002848274336884e+03 1.504602022668619200e+16
1.893336417058173765e+03 1.504190736513025200e+16
1.893669985842010647e+03 1.503779198351117000e+16
1.894003554625847528e+03 1.503367427564424400e+16
1.894337123409684182e+03 1.502955443432635200e+16
1.894670692193521290e+03 1.502543265133432400e+16
1.895004260977358172e+03 1.502130911742334000e+16
1.895337829761195053e+03 1.501718402232523800e+16
1.895671398545031934e+03 1.501305755474678400e+16
1.896004967328868815e+03 1.500892990236804000e+16
1.896338536112705924e+03 1.500480125184053000e+16
1.896672104896542578e+03 1.500067178878549200e+16
1.897005673680379459e+03 1.499654169779208000e+16
1.897339242464216341e+03 1.499241116241546400e+16
1.897672811248053222e+03 1.498828036517501800e+16
1.898006380031890330e+03 1.498414948755231200e+16
1.898339948815726984e+03 1.498001870998922000e+16
1.898673517599563866e+03 1.497588821188592600e+16
1.899007086383400747e+03 1.497175817159887000e+16
1.899340655167237628e+03 1.496762876643869600e+16
1.899674223951074737e+03 1.496350017266815200e+16
1.900007792734911618e+03 1.495937256549995400e+16
1.900341361518748272e+03 1.495524611909462400e+16
1.900674930302585153e+03 1.495112100655826800e+16
1.901008499086422034e+03 1.494699739994034000e+16
1.901342067870259143e+03 1.494287547023140000e+16
1.901675636654096024e+03 1.493875538736074200e+16
1.902009205437932906e+03 1.493463732019412800e+16
1.902342774221769560e+03 1.493052143653141200e+16
1.902676343005606441e+03 1.492640790310411200e+16
1.903009911789443549e+03 1.492229688557304800e+16
1.903343480573280431e+03 1.491818854852583400e+16
1.903677049357117312e+03 1.491408305547447600e+16
1.904010618140954193e+03 1.490998056885287600e+16
1.904344186924790847e+03 1.490588125001431600e+16
1.904677755708627956e+03 1.490178525922894200e+16
1.905011324492464837e+03 1.489769275568124600e+16
1.905344893276301718e+03 1.489360389746754800e+16
1.905678462060138600e+03 1.488951884159340000e+16
1.906012030843975253e+03 1.488543774397108800e+16
1.906345599627812362e+03 1.488136075941704600e+16
1.906679168411649243e+03 1.487728804164928400e+16
1.907012737195486125e+03 1.487321974328493600e+16
1.907346305979323006e+03 1.486915601583758800e+16
1.907679874763159887e+03 1.486509700971484800e+16
1.908013443546996996e+03 1.486104287421578000e+16
1.908347012330833650e+03 1.485699375752844600e+16
1.908680581114670531e+03 1.485294980672736800e+16
1.909014149898507412e+03 1.484891116777114800e+16
1.909347718682344293e+03 1.484487798549998600e+16
1.909681287466181402e+03 1.484085040363332000e+16
1.910014856250018056e+03 1.483682856476744000e+16
1.910348425033854937e+03 1.483281261037320800e+16
1.910681993817691819e+03 1.482880268079375600e+16
1.911015562601528700e+03 1.482479891524227800e+16
1.911349131385365808e+03 1.482080145179982600e+16
1.911682700169202690e+03 1.481681042741322600e+16
1.912016268953039344e+03 1.481282597789298800e+16
1.912349837736876225e+03 1.480884823791134600e+16
1.912683406520713106e+03 1.480487734100027000e+16
1.913016975304550215e+03 1.480091341954969000e+16
1.913350544088387096e+03 1.479695660480562800e+16
1.913684112872223977e+03 1.479300702686855000e+16
1.914017681656060631e+03 1.478906481469175200e+16
1.914351250439897512e+03 1.478513009607981200e+16
1.914684819223734621e+03 1.478120299768714800e+16
1.915018388007571502e+03 1.477728364501668800e+16
1.915351956791408384e+03 1.477337216241866600e+16
1.915685525575245265e+03 1.476946867308943200e+16
1.916019094359081919e+03 1.476557329907045400e+16
1.916352663142919027e+03 1.476168616124742800e+16
1.916686231926755909e+03 1.475780737934944400e+16
1.917019800710592790e+03 1.475393707194836400e+16
1.917353369494429671e+03 1.475007535645822000e+16
1.917686938278266325e+03 1.474622234913485000e+16
1.918020507062103434e+03 1.474237816507559000e+16
1.918354075845940315e+03 1.473854291821912800e+16
1.918687644629777196e+03 1.473471672134549200e+16
1.919021213413614078e+03 1.473089968607623200e+16
1.919354782197450959e+03 1.472709192287464800e+16
1.919688350981288067e+03 1.472329354104629000e+16
1.920021919765124721e+03 1.471950464873950200e+16
1.920355488548961603e+03 1.471572535294622400e+16
1.920689057332798484e+03 1.471195575950287600e+16
1.921022626116635365e+03 1.470819597309148000e+16
1.921356194900472474e+03 1.470444609724087600e+16
1.921689763684309128e+03 1.470070623432815800e+16
1.922023332468146009e+03 1.469697648558031800e+16
1.922356901251982890e+03 1.469325695107596600e+16
1.922690470035819772e+03 1.468954772974733200e+16
1.923024038819656653e+03 1.468584891938239600e+16
1.923357607603493761e+03 1.468216061662723800e+16
1.923691176387330415e+03 1.467848291698854000e+16
1.924024745171167297e+03 1.467481591483630400e+16
1.924358313955004178e+03 1.467115970340678400e+16
1.924691882738841059e+03 1.466751437480558600e+16
1.925025451522678168e+03 1.466388002001092800e+16
1.925359020306515049e+03 1.466025672887719600e+16
1.925692589090351703e+03 1.465664459013864400e+16
1.926026157874188584e+03 1.465304369141328800e+16
1.926359726658025465e+03 1.464945411920701200e+16
1.926693295441862574e+03 1.464587595891792800e+16
1.927026864225699455e+03 1.464230929484087600e+16
1.927360433009536337e+03 1.463875421017218400e+16
1.927694001793372991e+03 1.463521078701460400e+16
1.928027570577209872e+03 1.463167910638249400e+16
1.928361139361046980e+03 1.462815924820716400e+16
1.928694708144883862e+03 1.462465129134249200e+16
1.929028276928720743e+03 1.462115531357070000e+16
1.929361845712557397e+03 1.461767139160841000e+16
1.929695414496394278e+03 1.461419960111280800e+16
1.930028983280231387e+03 1.461074001668812000e+16
1.930362552064068268e+03 1.460729271189227200e+16
1.930696120847905149e+03 1.460385775924374000e+16
1.931029689631742031e+03 1.460043523022862000e+16
1.931363258415578684e+03 1.459702519530794000e+16
1.931696827199415793e+03 1.459362772392512000e+16
1.932030395983252674e+03 1.459024288451373600e+16
1.932363964767089556e+03 1.458687074450537600e+16
1.932697533550926437e+03 1.458351137033781200e+16
1.933031102334763318e+03 1.458016482746327600e+16
1.933364671118600199e+03 1.457683118035705600e+16
1.933698239902437081e+03 1.457351049252614800e+16
1.934031808686273962e+03 1.457020282651827400e+16
1.934365377470110843e+03 1.456690824393092000e+16
1.934698946253947724e+03 1.456362680542073400e+16
1.935032515037784833e+03 1.456035857071301600e+16
1.935366083821621487e+03 1.455710359861139000e+16
1.935699652605458368e+03 1.455386194700772600e+16
1.936033221389295250e+03 1.455063367289220600e+16
1.936366790173132131e+03 1.454741883236359600e+16
1.936700358956969239e+03 1.454421748063963600e+16
1.937033927740806121e+03 1.454102967206763200e+16
1.937367496524642775e+03 1.453785546013529600e+16
1.937701065308479656e+03 1.453469489748163600e+16
1.938034634092316537e+03 1.453154803590802000e+16
1.938368202876153646e+03 1.452841492638949200e+16
1.938701771659990527e+03 1.452529561908612200e+16
1.939035340443827408e+03 1.452219016335459200e+16
1.939368909227664062e+03 1.451909860775985400e+16
1.939702478011500943e+03 1.451602100008700800e+16
1.940036046795338052e+03 1.451295738735324600e+16
1.940369615579174933e+03 1.450990781581989000e+16
1.940703184363011815e+03 1.450687233100468000e+16
1.941036753146848469e+03 1.450385097769406400e+16
1.941370321930685350e+03 1.450084379995564400e+16
1.941703890714522458e+03 1.449785084115071400e+16
1.942037459498359340e+03 1.449487214394688400e+16
1.942371028282196221e+03 1.449190775033086000e+16
1.942704597066033102e+03 1.448895770162121600e+16
1.943038165849869756e+03 1.448602203848130800e+16
1.943371734633706865e+03 1.448310080093226800e+16
1.943705303417543746e+03 1.448019402836596800e+16
1.944038872201380627e+03 1.447730175955826000e+16
1.944372440985217509e+03 1.447442403268193600e+16
1.944706009769054390e+03 1.447156088532010200e+16
1.945039578552891271e+03 1.446871235447929000e+16
1.945373147336728152e+03 1.446587847660278000e+16
1.945706716120565034e+03 1.446305928758385800e+16
1.946040284904401915e+03 1.446025482277917400e+16
1.946373853688238796e+03 1.445746511702199200e+16
1.946707422472075905e+03 1.445469020463553600e+16
1.947040991255912559e+03 1.445193011944629000e+16
1.947374560039749440e+03 1.444918489479732000e+16
1.947708128823586321e+03 1.444645456356148400e+16
1.948041697607423202e+03 1.444373915815474800e+16
1.948375266391260311e+03 1.444103871054934400e+16
1.948708835175097192e+03 1.443835325228691400e+16
1.949042403958933846e+03 1.443568281449164800e+16
1.949375972742770728e+03 1.443302742788333000e+16
1.949709541526607609e+03 1.443038712279025200e+16
1.950043110310444717e+03 1.442776192916214800e+16
1.950376679094281599e+03 1.442515187658299000e+16
1.950710247878118480e+03 1.442255699428370800e+16
1.951043816661955134e+03 1.441997731115472400e+16
1.951377385445792015e+03 1.441741285575853000e+16
1.951710954229629124e+03 1.441486365634202800e+16
1.952044523013466005e+03 1.441232974084872400e+16
1.952378091797302886e+03 1.440981113693087600e+16
1.952711660581139540e+03 1.440730787196145400e+16
1.953045229364976421e+03 1.440481997304590400e+16
1.953378798148813530e+03 1.440234746703383000e+16
1.953712366932650411e+03 1.439989038053040800e+16
1.954045935716487293e+03 1.439744873990774800e+16
1.954379504500324174e+03 1.439502257131591200e+16
1.954713073284160828e+03 1.439261190069387600e+16
1.955046642067997936e+03 1.439021675378022000e+16
1.955380210851834818e+03 1.438783715612359200e+16
1.955713779635671699e+03 1.438547313309299600e+16
1.956047348419508580e+03 1.438312470988785200e+16
1.956380917203345462e+03 1.438079191154776000e+16
1.956714485987182343e+03 1.437847476296209200e+16
1.957048054771019224e+03 1.437617328887926600e+16
1.957381623554856105e+03 1.437388751391584800e+16
1.957715192338692987e+03 1.437161746256529600e+16
1.958048761122529868e+03 1.436936315920649000e+16
1.958382329906366977e+03 1.436712462811193600e+16
1.958715898690203630e+03 1.436490189345573400e+16
1.959049467474040512e+03 1.436269497932122400e+16
1.959383036257877393e+03 1.436050390970829200e+16
1.959716605041714274e+03 1.435832870854044000e+16
1.960050173825551383e+03 1.435616939967150800e+16
1.960383742609388264e+03 1.435402600689200400e+16
1.960717311393224918e+03 1.435189855393526800e+16
1.961050880177061799e+03 1.434978706448312400e+16
1.961384448960898681e+03 1.434769156217130000e+16
1.961718017744735789e+03 1.434561207059449800e+16
1.962051586528572670e+03 1.434354861331102200e+16
1.962385155312409552e+03 1.434150121384716800e+16
1.962718724096246206e+03 1.433946989570116400e+16
1.963052292880083087e+03 1.433745468234680200e+16
1.963385861663920195e+03 1.433545559723661400e+16
1.963719430447757077e+03 1.433347266380478400e+16
1.964052999231593958e+03 1.433150590546956800e+16
1.964386568015430612e+03 1.432955534563540400e+16
1.964720136799267493e+03 1.432762100769460400e+16
1.965053705583104602e+03 1.432570291502861000e+16
1.965387274366941483e+03 1.432380109100894000e+16
1.965720843150778364e+03 1.432191555899767200e+16
1.966054411934615246e+03 1.432004634234751800e+16
1.966387980718451900e+03 1.431819346440151400e+16
1.966721549502289008e+03 1.431635694849230400e+16
1.967055118286125889e+03 1.431453681794098400e+16
1.967388687069962771e+03 1.431273309605557600e+16
1.967722255853799652e+03 1.431094580612899800e+16
1.968055824637636533e+03 1.430917497143673400e+16
1.968389393421473414e+03 1.430742061523400600e+16
1.968722962205310296e+03 1.430568276075249000e+16
1.969056530989147177e+03 1.430396143119674200e+16
1.969390099772984058e+03 1.430225664974005200e+16
1.969723668556820940e+03 1.430056843951998800e+16
1.970057237340658048e+03 1.429889682363344200e+16
1.970390806124494702e+03 1.429724182513125600e+16
1.970724374908331583e+03 1.429560346701253200e+16
1.971057943692168465e+03 1.429398177221834400e+16
1.971391512476005346e+03 1.429237676362517400e+16
1.971725081259842455e+03 1.429078846403785600e+16
1.972058650043679336e+03 1.428921689618213600e+16
1.972392218827515990e+03 1.428766208269676000e+16
1.972725787611352871e+03 1.428612404612522800e+16
1.973059356395189752e+03 1.428460280890706800e+16
1.973392925179026861e+03 1.428309839336873600e+16
1.973726493962863742e+03 1.428161082171406800e+16
1.974060062746700623e+03 1.428014011601439200e+16
1.974393631530537277e+03 1.427868629819817800e+16
1.974727200314374159e+03 1.427724939004033600e+16
1.975060769098211267e+03 1.427582941315108600e+16
1.975394337882048148e+03 1.427442638896443200e+16
1.975727906665885030e+03 1.427304033872632200e+16
1.976061475449721684e+03 1.427167128348233800e+16
1.976395044233558565e+03 1.427031924406508600e+16
1.976728613017395674e+03 1.426898424108113200e+16
1.977062181801232555e+03 1.426766629489765200e+16
1.977395750585069436e+03 1.426636542562873200e+16
1.977729319368906317e+03 1.426508165312121200e+16
1.978062888152742971e+03 1.426381499694031200e+16
1.978396456936580080e+03 1.426256547635480600e+16
1.978730025720416961e+03 1.426133311032195600e+16
1.979063594504253842e+03 1.426011791747207200e+16
1.979397163288090724e+03 1.425891991609275200e+16
1.979730732071927605e+03 1.425773912411282000e+16
1.980064300855764486e+03 1.425657555908601600e+16
1.980397869639601367e+03 1.425542923817426800e+16
1.980731438423438249e+03 1.425430017813075600e+16
1.981065007207275130e+03 1.425318839528277800e+16
1.981398575991112011e+03 1.425209390551416400e+16
1.981732144774949120e+03 1.425101672424757200e+16
1.982065713558785774e+03 1.424995686642648800e+16
1.982399282342622655e+03 1.424891434649697200e+16
1.982732851126459536e+03 1.424788917838920000e+16
1.983066419910296418e+03 1.424688137549876000e+16
1.983399988694133526e+03 1.424589095066775600e+16
1.983733557477970407e+03 1.424491791616568000e+16
1.984067126261807061e+03 1.424396228367014800e+16
1.984400695045643943e+03 1.424302406424737600e+16
1.984734263829480824e+03 1.424210326833255400e+16
1.985067832613317933e+03 1.424119990571006000e+16
1.985401401397154814e+03 1.424031398549345200e+16
1.985734970180991695e+03 1.423944551610540000e+16
1.986068538964828349e+03 1.423859450525748800e+16
1.986402107748665230e+03 1.423776095992983600e+16
1.986735676532502339e+03 1.423694488635071000e+16
1.987069245316339220e+03 1.423614628997594400e+16
1.987402814100176101e+03 1.423536517546838200e+16
1.987736382884012755e+03 1.423460154667719400e+16
1.988069951667849637e+03 1.423385540661716200e+16
1.988403520451686745e+03 1.423312675744786800e+16
1.988737089235523626e+03 1.423241560045294800e+16
1.989070658019360508e+03 1.423172193601926600e+16
1.989404226803197389e+03 1.423104576361610800e+16
1.989737795587034043e+03 1.423038708177432800e+16
1.990071364370871152e+03 1.422974588806564400e+16
1.990404933154708033e+03 1.422912217908179200e+16
1.990738501938544914e+03 1.422851595041392000e+16
1.991072070722381795e+03 1.422792719663186000e+16
1.991405639506218677e+03 1.422735591126360600e+16
1.991739208290055558e+03 1.422680208677484000e+16
1.992072777073892439e+03 1.422626571454850000e+16
1.992406345857729320e+03 1.422574678486455600e+16
1.992739914641566202e+03 1.422524528687984600e+16
1.993073483425403083e+03 1.422476120860810000e+16
1.993407052209240192e+03 1.422429453690003600e+16
1.993740620993076845e+03 1.422384525742372800e+16
1.994074189776913727e+03 1.422341335464509200e+16
1.994407758560750608e+03 1.422299881180856000e+16
1.994741327344587489e+03 1.422260161091796800e+16
1.995074896128424598e+03 1.422222173271770800e+16
1.995408464912261479e+03 1.422185915667404800e+16
1.995742033696098133e+03 1.422151386095673600e+16
1.996075602479935014e+03 1.422118582242084600e+16
1.996409171263771896e+03 1.422087501658890800e+16
1.996742740047609004e+03 1.422058141763336000e+16
1.997076308831445886e+03 1.422030499835917800e+16
1.997409877615282767e+03 1.422004573018696000e+16
1.997743446399119421e+03 1.421980358313628400e+16
1.998077015182956302e+03 1.421957852580935000e+16
1.998410583966793411e+03 1.421937052537503600e+16
1.998744152750630292e+03 1.421917954755331400e+16
1.999077721534467173e+03 1.421900555660000200e+16
1.999411290318303827e+03 1.421884851529193600e+16
1.999744859102140708e+03 1.421870838491253600e+16
2.000078427885977817e+03 1.421858512523780800e+16
2.000411996669814698e+03 1.421847869452268200e+16
2.000745565453651579e+03 1.421838904948792800e+16
2.001079134237488461e+03 1.421831614530736600e+16
2.001412703021325115e+03 1.421825993559571200e+16
2.001746271805162223e+03 1.421822037239668800e+16
2.002079840588999105e+03 1.421819740617183600e+16
2.002413409372835986e+03 1.421819098578961200e+16
2.002746978156672867e+03 1.421820105851518600e+16
2.003080546940509748e+03 1.421822757000058600e+16
2.003414115724346630e+03 1.421827046427551800e+16
2.003747684508183511e+03 1.421832968373857200e+16
2.004081253292020392e+03 1.421840516914912800e+16
2.004414822075857273e+03 1.421849685961973200e+16
2.004748390859694155e+03 1.421860469260903800e+16
2.005081959643531263e+03 1.421872860391533800e+16
2.005415528427367917e+03 1.421886852767072800e+16
2.005749097211204798e+03 1.421902439633580400e+16
2.006082665995041680e+03 1.421919614069500800e+16
2.006416234778878561e+03 1.421938368985251600e+16
2.006749803562715442e+03 1.421958697122889600e+16
2.007083372346552551e+03 1.421980591055820800e+16
2.007416941130389205e+03 1.422004043188589600e+16
2.007750509914226086e+03 1.422029045756723000e+16
2.008084078698062967e+03 1.422055590826647200e+16
2.008417647481899849e+03 1.422083670295666000e+16
2.008751216265736957e+03 1.422113275892003200e+16
2.009084785049573838e+03 1.422144399174922200e+16
2.009418353833410492e+03 1.422177031534899000e+16
2.009751922617247374e+03 1.422211164193882600e+16
2.010085491401084255e+03 1.422246788205603000e+16
2.010419060184921364e+03 1.422283894455969800e+16
2.010752628968758245e+03 1.422322473663520800e+16
2.011086197752594899e+03 1.422362516379961600e+16
2.011419766536431780e+03 1.422404012990758000e+16
2.011753335320268661e+03 1.422446953715809200e+16
2.012086904104105770e+03 1.422491328610197600e+16
2.012420472887942651e+03 1.422537127564993800e+16
2.012754041671779532e+03 1.422584340308150400e+16
2.013087610455616186e+03 1.422632956405461800e+16
2.013421179239453068e+03 1.422682965261596400e+16
2.013754748023290176e+03 1.422734356121203600e+16
2.014088316807127057e+03 1.422787118070087200e+16
2.014421885590963939e+03 1.422841240036463400e+16
2.014755454374800820e+03 1.422896710792286000e+16
2.015089023158637474e+03 1.422953518954640200e+16
2.015422591942474583e+03 1.423011652987214000e+16
2.015756160726311464e+03 1.423071101201845200e+16
2.016089729510148345e+03 1.423131851760139600e+16
2.016423298293985226e+03 1.423193892675155200e+16
2.016756867077821880e+03 1.423257211813169800e+16
2.017090435861658989e+03 1.423321796895512000e+16
2.017424004645495870e+03 1.423387635500470400e+16
2.017757573429332751e+03 1.423454715065269200e+16
2.018091142213169633e+03 1.423523022888119000e+16
2.018424710997006514e+03 1.423592546130337400e+16
2.018758279780843623e+03 1.423663271818537200e+16
2.019091848564680276e+03 1.423735186846889400e+16
2.019425417348517158e+03 1.423808277979449400e+16
2.019758986132354039e+03 1.423882531852558800e+16
2.020092554916190920e+03 1.423957934977309600e+16
2.020426123700028029e+03 1.424034473742077000e+16
2.020759692483864910e+03 1.424112134415119400e+16
2.021093261267701564e+03 1.424190903147245800e+16
2.021426830051538445e+03 1.424270765974546800e+16
2.021760398835375327e+03 1.424351708821184000e+16
2.022093967619212435e+03 1.424433717502253800e+16
2.022427536403049317e+03 1.424516777726702800e+16
2.022761105186885970e+03 1.424600875100315600e+16
2.023094673970722852e+03 1.424685995128741600e+16
2.023428242754559733e+03 1.424772123220612800e+16
2.023761811538396842e+03 1.424859244690686800e+16
2.024095380322233723e+03 1.424947344763068000e+16
2.024428949106070604e+03 1.425036408574473200e+16
2.024762517889907258e+03 1.425126421177560000e+16
2.025096086673744139e+03 1.425217367544296000e+16
2.025429655457581248e+03 1.425309232569390600e+16
2.025763224241418129e+03 1.425402001073767800e+16
2.026096793025255010e+03 1.425495657808096000e+16
2.026430361809091892e+03 1.425590187456356800e+16
2.026763930592928546e+03 1.425685574639461600e+16
2.027097499376765654e+03 1.425781803918913600e+16
2.027431068160602535e+03 1.425878859800509400e+16
2.027764636944439417e+03 1.425976726738083600e+16
2.028098205728276298e+03 1.426075389137285600e+16
2.028431774512112952e+03 1.426174831359401000e+16
2.028765343295950061e+03 1.426275037725206000e+16
2.029098912079786942e+03 1.426375992518848400e+16
2.029432480863623823e+03 1.426477679991766600e+16
2.029766049647460704e+03 1.426580084366636800e+16
2.030099618431297586e+03 1.426683189841345000e+16
2.030433187215134694e+03 1.426786980592986000e+16
2.030766755998971348e+03 1.426891440781881200e+16
2.031100324782808229e+03 1.426996554555627400e+16
2.031433893566645111e+03 1.427102306053156000e+16
2.031767462350481992e+03 1.427208679408808000e+16
2.032101031134319101e+03 1.427315658756430400e+16
2.032434599918155982e+03 1.427423228233478600e+16
2.032768168701992636e+03 1.427531371985136800e+16
2.033101737485829517e+03 1.427640074168435400e+16
2.033435306269666398e+03 1.427749318956383200e+16
2.033768875053503507e+03 1.427859090542099000e+16
2.034102443837340388e+03 1.427969373142943200e+16
2.034436012621177042e+03 1.428080151004652600e+16
2.034769581405013923e+03 1.428191408405465200e+16
2.035103150188850805e+03 1.428303129660241600e+16
2.035436718972687913e+03 1.428415299124582400e+16
2.035770287756524795e+03 1.428527901198924400e+16
2.036103856540361676e+03 1.428640920332631400e+16
2.036437425324198330e+03 1.428754341028068400e+16
2.036770994108035211e+03 1.428868147844650800e+16
2.037104562891872320e+03 1.428982325402885000e+16
2.037438131675709201e+03 1.429096858388366800e+16
2.037771700459546082e+03 1.429211731555776000e+16
2.038105269243382963e+03 1.429326929732823800e+16
2.038438838027219617e+03 1.429442437824181200e+16
2.038772406811056726e+03 1.429558240815368200e+16
2.039105975594893607e+03 1.429674323776605200e+16
2.039439544378730488e+03 1.429790671866636800e+16
2.039773113162567370e+03 1.429907270336498400e+16
2.040106681946404024e+03 1.430024104533254400e+16
2.040440250730241132e+03 1.430141159903680000e+16
2.040773819514078014e+03 1.430258421997899800e+16
2.041107388297914895e+03 1.430375876472975400e+16
2.041440957081751776e+03 1.430493509096437000e+16
2.041774525865588657e+03 1.430611305749761000e+16
2.042108094649425766e+03 1.430729252431792800e+16
2.042441663433262420e+03 1.430847335262096000e+16
2.042775232217099301e+03 1.430965540484261200e+16
2.043108801000936182e+03 1.431083854469128000e+16
2.043442369784773064e+03 1.431202263717950800e+16
2.043775938568610172e+03 1.431320754865492200e+16
2.044109507352447054e+03 1.431439314683045200e+16
2.044443076136283707e+03 1.431557930081379000e+16
2.044776644920120589e+03 1.431676588113612600e+16
2.045110213703957470e+03 1.431795275978003600e+16
2.045443782487794579e+03 1.431913981020663400e+16
2.045777351271631460e+03 1.432032690738186400e+16
2.046110920055468114e+03 1.432151392780192000e+16
2.046444488839304995e+03 1.432270074951784400e+16
2.046778057623141876e+03 1.432388725215924800e+16
2.047111626406978985e+03 1.432507331695707000e+16
2.047445195190815866e+03 1.432625882676547200e+16
2.047778763974652747e+03 1.432744366608275600e+16
2.048112332758489629e+03 1.432862772107139000e+16
2.048445901542326283e+03 1.432981087957696800e+16
2.048779470326163391e+03 1.433099303114628000e+16
2.049113039110000045e+03 1.433217406704427200e+16
2.049446607893837154e+03 1.433335388027015000e+16
2.049780176677673808e+03 1.433453236557227600e+16
2.050113745461510916e+03 1.433570941946214000e+16
2.050447314245348025e+03 1.433688494022725200e+16
2.050780883029184679e+03 1.433805882794295200e+16
2.051114451813021333e+03 1.433923098448316400e+16
2.051448020596858441e+03 1.434040131353002400e+16
2.051781589380695095e+03 1.434156972058249800e+16
2.052115158164532204e+03 1.434273611296380800e+16
2.052448726948369313e+03 1.434390039982777200e+16
2.052782295732205966e+03 1.434506249216408800e+16
2.053115864516042620e+03 1.434622230280241200e+16
2.053449433299879729e+03 1.434737974641535200e+16
2.053783002083716838e+03 1.434853473952033200e+16
2.054116570867553492e+03 1.434968720048028400e+16
2.054450139651390600e+03 1.435083704950329600e+16
2.054783708435227254e+03 1.435198420864100800e+16
2.055117277219063908e+03 1.435312860178591400e+16
2.055450846002901017e+03 1.435427015466760400e+16
2.055784414786738125e+03 1.435540879484771200e+16
2.056117983570574779e+03 1.435654445171388800e+16
2.056451552354411888e+03 1.435767705647254400e+16
2.056785121138248542e+03 1.435880654214052000e+16
2.057118689922085650e+03 1.435993284353559800e+16
2.057452258705922304e+03 1.436105589726591200e+16
2.057785827489759413e+03 1.436217564171827200e+16
2.058119396273596067e+03 1.436329201704538000e+16
2.058452965057433175e+03 1.436440496515194200e+16
2.058786533841269829e+03 1.436551442967973200e+16
2.059120102625106938e+03 1.436662035599152200e+16
2.059453671408943592e+03 1.436772269115405200e+16
2.059787240192780700e+03 1.436882138391990000e+16
2.060120808976617354e+03 1.436991638470834000e+16
2.060454377760454463e+03 1.437100764558514800e+16
2.060787946544291117e+03 1.437209512024150400e+16
2.061121515328128226e+03 1.437317876397179800e+16
2.061455084111964879e+03 1.437425853365061600e+16
2.061788652895801988e+03 1.437533438770860000e+16
2.062122221679639097e+03 1.437640628610759200e+16
2.062455790463475751e+03 1.437747419031471200e+16
2.062789359247312404e+03 1.437853806327566400e+16
2.063122928031149513e+03 1.437959786938708200e+16
2.063456496814986167e+03 1.438065357446820200e+16
2.063790065598823276e+03 1.438170514573153800e+16
2.064123634382660384e+03 1.438275255175293400e+16
2.064457203166497038e+03 1.438379576244075200e+16
2.064790771950333692e+03 1.438483474900442000e+16
2.065124340734170801e+03 1.438586948392220000e+16
2.065457909518007909e+03 1.438689994090835200e+16
2.065791478301844563e+03 1.438792609487960000e+16
2.066125047085681672e+03 1.438894792192103600e+16
2.066458615869518326e+03 1.438996539925144600e+16
2.066792184653354980e+03 1.439097850518799200e+16
2.067125753437192088e+03 1.439198721911055200e+16
2.067459322221029197e+03 1.439299152142542000e+16
2.067792891004865851e+03 1.439399139352866400e+16
2.068126459788702959e+03 1.439498681776899400e+16
2.068460028572539613e+03 1.439597777741035000e+16
2.068793597356376722e+03 1.439696425659403600e+16
2.069127166140213376e+03 1.439794624030067400e+16
2.069460734924050485e+03 1.439892371431176800e+16
2.069794303707887138e+03 1.439989666517116400e+16
2.070127872491724247e+03 1.440086508014624400e+16
2.070461441275560901e+03 1.440182894718898000e+16
2.070795010059398010e+03 1.440278825489686600e+16
2.071128578843234664e+03 1.440374299247387800e+16
2.071462147627071772e+03 1.440469314969124800e+16
2.071795716410908426e+03 1.440563871684838800e+16
2.072129285194745535e+03 1.440657968473375600e+16
2.072462853978582189e+03 1.440751604458591600e+16
2.072796422762419297e+03 1.440844778805465000e+16
2.073129991546255951e+03 1.440937490716229200e+16
2.073463560330093060e+03 1.441029739426525600e+16
2.073797129113930168e+03 1.441121524201586400e+16
2.074130697897766822e+03 1.441212844332438400e+16
2.074464266681603476e+03 1.441303699132155600e+16
2.074797835465440585e+03 1.441394087932135000e+16
2.075131404249277239e+03 1.441484010078428800e+16
2.075464973033114347e+03 1.441573464928112800e+16
2.075798541816951456e+03 1.441662451845711800e+16
2.076132110600788110e+03 1.441750970199682200e+16
2.076465679384624764e+03 1.441839019358949200e+16
2.076799248168461872e+03 1.441926598689512000e+16
2.077132816952298981e+03 1.442013707551112600e+16
2.077466385736135635e+03 1.442100345293983000e+16
2.077799954519972744e+03 1.442186511255663600e+16
2.078133523303809397e+03 1.442272204757905200e+16
2.078467092087646051e+03 1.442357425103650000e+16
2.078800660871483160e+03 1.442442171574109600e+16
2.079134229655320269e+03 1.442526443425927000e+16
2.079467798439156923e+03 1.442610239888439600e+16
2.079801367222994031e+03 1.442693560161038400e+16
2.080134936006830685e+03 1.442776403410638000e+16
2.080468504790667794e+03 1.442858768769243600e+16
2.080802073574504448e+03 1.442940655331638400e+16
2.081135642358341556e+03 1.443022062153181600e+16
2.081469211142178210e+03 1.443102988247721400e+16
2.081802779926015319e+03 1.443183432585638400e+16
2.082136348709851973e+03 1.443263394092005800e+16
2.082469917493689081e+03 1.443342871644875200e+16
2.082803486277525735e+03 1.443421864073710400e+16
2.083137055061362844e+03 1.443500370157933400e+16
2.083470623845199498e+03 1.443578388625622800e+16
2.083804192629036606e+03 1.443655918152344800e+16
2.084137761412873260e+03 1.443732957360134000e+16
2.084471330196710369e+03 1.443809504816612800e+16
2.084804898980547023e+03 1.443885559034260000e+16
2.085138467764384131e+03 1.443961118469834000e+16
2.085472036548221240e+03 1.444036181523945400e+16
2.085805605332057894e+03 1.444110746540782800e+16
2.086139174115894548e+03 1.444184811808001600e+16
2.086472742899731657e+03 1.444258375556762000e+16
2.086806311683568310e+03 1.444331435961938000e+16
2.087139880467405419e+03 1.444403991142482000e+16
2.087473449251242528e+03 1.444476039161952000e+16
2.087807018035079182e+03 1.444547578029208400e+16
2.088140586818915835e+03 1.444618605699276400e+16
2.088474155602752944e+03 1.444689120074370800e+16
2.088807724386590053e+03 1.444759119005093600e+16
2.089141293170426707e+03 1.444828600291795800e+16
2.089474861954263815e+03 1.444897561686118200e+16
2.089808430738100469e+03 1.444966000892688200e+16
2.090141999521937123e+03 1.445033915570996000e+16
2.090475568305774232e+03 1.445101303337440400e+16
2.090809137089611340e+03 1.445168161767539400e+16
2.091142705873447994e+03 1.445234488398318400e+16
2.091476274657285103e+03 1.445300280730858000e+16
2.091809843441121757e+03 1.445365536233020400e+16
2.092143412224958865e+03 1.445430252342337200e+16
2.092476981008795519e+03 1.445494426469066800e+16
2.092810549792632628e+03 1.445558055999416400e+16
2.093144118576469282e+03 1.445621138298932400e+16
2.093477687360306390e+03 1.445683670716050000e+16
2.093811256144143044e+03 1.445745650585805600e+16
2.094144824927980153e+03 1.445807075233709600e+16
2.094478393711816807e+03 1.445867941979776400e+16
2.094811962495653916e+03 1.445928248142713200e+16
2.095145531279490569e+03 1.445987991044255600e+16
2.095479100063327223e+03 1.446047168013660800e+16
2.095812668847164332e+03 1.446105776392347800e+16
2.096146237631001441e+03 1.446163813538674000e+16
2.096479806414838094e+03 1.446221276832871400e+16
2.096813375198675203e+03 1.446278163682106200e+16
2.097146943982511857e+03 1.446334471525680200e+16
2.097480512766348966e+03 1.446390197840368000e+16
2.097814081550185620e+03 1.446445340145872400e+16
2.098147650334022728e+03 1.446499896010418800e+16
2.098481219117859382e+03 1.446553863056457200e+16
2.098814787901696491e+03 1.446607238966488200e+16
2.099148356685533599e+03 1.446660021488997800e+16
2.099481925469370253e+03 1.446712208444501000e+16
2.099815494253206907e+03 1.446763797731690200e+16
2.100149063037044016e+03 1.446814787333676800e+16
2.100482631820880670e+03 1.446865175324330600e+16
2.100816200604717778e+03 1.446914959874706800e+16
2.101149769388554887e+03 1.446964139259551200e+16
2.101483338172391541e+03 1.447012711863893200e+16
2.101816906956228195e+03 1.447060676189696400e+16
2.102150475740065303e+03 1.447108030862589600e+16
2.102484044523902412e+03 1.447154774638652200e+16
2.102817613307739066e+03 1.447200906411251200e+16
2.103151182091576175e+03 1.447246425217932800e+16
2.103484750875412828e+03 1.447291330247358600e+16
2.103818319659249482e+03 1.447335620846271200e+16
2.104151888443086591e+03 1.447379296526495000e+16
2.104485457226923700e+03 1.447422356971961200e+16
2.104819026010760354e+03 1.447464802045749200e+16
2.105152594794597462e+03 1.447506631797144600e+16
2.105486163578434116e+03 1.447547846468688200e+16
2.105819732362271225e+03 1.447588446503244000e+16
2.106153301146107879e+03 1.447628432551038600e+16
2.106486869929944987e+03 1.447667805476698400e+16
2.106820438713781641e+03 1.447706566366258800e+16
2.107154007497618295e+03 1.447744716534148000e+16
2.107487576281455404e+03 1.447782257530133000e+16
2.107821145065292512e+03 1.447819191146222600e+16
2.108154713849129166e+03 1.447855519423524600e+16
2.108488282632966275e+03 1.447891244659041600e+16
2.108821851416802929e+03 1.447926369412411600e+16
2.109155420200640037e+03 1.447960896512567200e+16
2.109488988984476691e+03 1.447994829064329600e+16
2.109822557768313800e+03 1.448028170454912600e+16
2.110156126552150454e+03 1.448060924360336400e+16
2.110489695335987562e+03 1.448093094751745600e+16
2.110823264119824671e+03 1.448124685901626600e+16
2.111156832903661325e+03 1.448155702389903600e+16
2.111490401687497979e+03 1.448186149109931200e+16
2.111823970471335087e+03 1.448216031274354000e+16
2.112157539255171741e+03 1.448245354420835800e+16
2.112491108039008850e+03 1.448274124417660600e+16
2.112824676822845959e+03 1.448302347469178600e+16
2.113158245606682613e+03 1.448330030121113200e+16
2.113491814390519266e+03 1.448357179265706000e+16
2.113825383174356375e+03 1.448383802146703600e+16
2.114158951958193484e+03 1.448409906364178000e+16
2.114492520742030138e+03 1.448435499879168200e+16
2.114826089525867246e+03 1.448460591018149400e+16
2.115159658309703900e+03 1.448485188477317400e+16
2.115493227093540554e+03 1.448509301326677200e+16
2.115826795877377663e+03 1.448532939013943600e+16
2.116160364661214771e+03 1.448556111368237400e+16
2.116493933445051425e+03 1.448578828603578600e+16
2.116827502228888534e+03 1.448601101322171200e+16
2.117161071012725188e+03 1.448622940517468000e+16
2.117494639796562296e+03 1.448644357577024400e+16
2.117828208580398950e+03 1.448665364285121200e+16
2.118161777364236059e+03 1.448685972825168400e+16
2.118495346148072713e+03 1.448706195781870000e+16
2.118828914931909367e+03 1.448726046143160400e+16
2.119162483715746475e+03 1.448745537301898800e+16
2.119496052499583584e+03 1.448764683057323600e+16
2.119829621283420238e+03 1.448783497616261000e+16
2.120163190067257347e+03 1.448801995594090800e+16
2.120496758851094000e+03 1.448820192015452800e+16
2.120830327634931109e+03 1.448838102314709600e+16
2.121163896418767763e+03 1.448855742336148200e+16
2.121497465202604872e+03 1.448873128333932600e+16
2.121831033986441525e+03 1.448890276971787000e+16
2.122164602770278634e+03 1.448907205322424200e+16
2.122498171554115743e+03 1.448923930866717200e+16
2.122831740337952397e+03 1.448940471492596800e+16
2.123165309121789051e+03 1.448956845493695800e+16
2.123498877905626159e+03 1.448973071567721000e+16
2.123832446689462813e+03 1.448989168814566000e+16
2.124166015473299922e+03 1.449005156734155200e+16
2.124499584257137030e+03 1.449021055224022000e+16
2.124833153040973684e+03 1.449036884576626400e+16
2.125166721824810338e+03 1.449052665476402400e+16
2.125500290608647447e+03 1.449068418996544800e+16
2.125833859392484555e+03 1.449084166595532000e+16
2.126167428176321209e+03 1.449099930113382800e+16
2.126500996960158318e+03 1.449115731767663400e+16
2.126834565743994972e+03 1.449131594149218800e+16
2.127168134527831626e+03 1.449147540217663600e+16
2.127501703311668734e+03 1.449163593296600200e+16
2.127835272095505843e+03 1.449179777068597000e+16
2.128168840879342497e+03 1.449196115569910800e+16
2.128502409663179606e+03 1.449212633184956600e+16
2.128835978447016259e+03 1.449229354640534800e+16
2.129169547230853368e+03 1.449246304999816400e+16
2.129503116014690022e+03 1.449263509656083600e+16
2.129836684798527131e+03 1.449280994326242000e+16
2.130170253582363785e+03 1.449298785044086800e+16
2.130503822366200438e+03 1.449316908153350000e+16
2.130837391150037547e+03 1.449335390300519600e+16
2.131170959933874656e+03 1.449354258427430800e+16
2.131504528717711310e+03 1.449373539763645200e+16
2.131838097501548418e+03 1.449393261818617600e+16
2.132171666285385072e+03 1.449413452373646800e+16
2.132505235069222181e+03 1.449434139473626800e+16
2.132838803853058835e+03 1.449455351418598400e+16
2.133172372636895943e+03 1.449477116755101200e+16
2.133505941420732597e+03 1.449499464267341200e+16
2.133839510204569706e+03 1.449522422968167800e+16
2.134173078988406814e+03 1.449546022089874200e+16
2.134506647772243468e+03 1.449570291074822200e+16
2.134840216556080122e+03 1.449595259565897000e+16
2.135173785339917231e+03 1.449620957396798000e+16
2.135507354123753885e+03 1.449647414582172400e+16
2.135840922907590993e+03 1.449674661307598600e+16
2.136174491691428102e+03 1.449702727919410400e+16
2.136508060475264756e+03 1.449731644914398600e+16
2.136841629259101410e+03 1.449761442929363000e+16
2.137175198042938518e+03 1.449792152730539600e+16
2.137508766826775627e+03 1.449823805202905400e+16
2.137842335610612281e+03 1.449856431339360600e+16
2.138175904394449390e+03 1.449890062229808000e+16
2.138509473178286044e+03 1.449924729050117800e+16
2.138843041962122697e+03 1.449960463050997600e+16
2.139176610745959806e+03 1.449997295546768800e+16
2.139510179529796915e+03 1.450035257904055000e+16
2.139843748313633569e+03 1.450074381530389200e+16
2.140177317097470677e+03 1.450114697862746000e+16
2.140510885881307331e+03 1.450156238356002800e+16
2.140844454665144440e+03 1.450199034471346800e+16
2.141178023448981094e+03 1.450243117664609400e+16
2.141511592232818202e+03 1.450288519374568800e+16
2.141845161016654856e+03 1.450335271011189200e+16
2.142178729800491510e+03 1.450383403943838800e+16
2.142512298584328619e+03 1.450432949489463400e+16
2.142845867368165727e+03 1.450483938900732400e+16
2.143179436152002381e+03 1.450536403354177000e+16
2.143513004935839490e+03 1.450590373938298800e+16
2.143846573719676144e+03 1.450645881641676400e+16
2.144180142503513252e+03 1.450702957341067800e+16
2.144513711287349906e+03 1.450761631789513600e+16
2.144847280071187015e+03 1.450821935604451200e+16
2.145180848855023669e+03 1.450883899255838200e+16
2.145514417638860778e+03 1.450947553054295800e+16
2.145847986422697886e+03 1.451012927139281200e+16
2.146181555206534540e+03 1.451080051467281000e+16
2.146515123990371194e+03 1.451148955800048400e+16
2.146848692774208303e+03 1.451219669692872400e+16
2.147182261558044956e+03 1.451292222482899600e+16
2.147515830341882065e+03 1.451366643277501600e+16
2.147849399125719174e+03 1.451442960942696000e+16
2.148182967909555828e+03 1.451521204091632400e+16
2.148516536693392482e+03 1.451601401073140800e+16
2.148850105477229590e+03 1.451683579960346000e+16
2.149183674261066699e+03 1.451767768539362400e+16
2.149517243044903353e+03 1.451853994298058400e+16
2.149850811828740461e+03 1.451942284414914000e+16
2.150184380612577115e+03 1.452032665747957200e+16
2.150517949396413769e+03 1.452125164823792200e+16
2.150851518180250878e+03 1.452219807826729400e+16
2.151185086964087986e+03 1.452316620588005600e+16
2.151518655747924640e+03 1.452415628575113600e+16
2.151852224531761749e+03 1.452516856881235200e+16
2.152185793315598403e+03 1.452620330214790000e+16
2.152519362099435511e+03 1.452726072889089000e+16
2.152852930883272165e+03 1.452834108812114000e+16
2.153186499667109274e+03 1.452944461476416400e+16
2.153520068450945928e+03 1.453057153949138600e+16
2.153853637234782582e+03 1.453172208862160800e+16
2.154187206018619690e+03 1.453289648402386400e+16
2.154520774802456799e+03 1.453409494302150400e+16
2.154854343586293453e+03 1.453531767829775200e+16
2.155187912370130562e+03 1.453656489780257200e+16
2.155521481153967216e+03 1.453783680466102400e+16
2.155855049937804324e+03 1.453913359708298400e+16
2.156188618721640978e+03 1.454045546827445200e+16
2.156522187505478087e+03 1.454180260635028000e+16
2.156855756289314741e+03 1.454317519424842800e+16
2.157189325073151849e+03 1.454457340964582600e+16
2.157522893856988958e+03 1.454599742487571200e+16
2.157856462640825612e+03 1.454744740684667800e+16
2.158190031424662266e+03 1.454892351696323000e+16
2.158523600208499374e+03 1.455042591104802200e+16
2.158857168992336028e+03 1.455195473926581200e+16
2.159190737776173137e+03 1.455351014604892000e+16
2.159524306560010245e+03 1.455509227002456400e+16
2.159857875343846899e+03 1.455670124394379600e+16
2.160191444127683553e+03 1.455833719461219600e+16
2.160525012911520662e+03 1.456000024282233200e+16
2.160858581695357771e+03 1.456169050328792400e+16
2.161192150479194424e+03 1.456340808457981000e+16
2.161525719263031533e+03 1.456515308906378000e+16
2.161859288046868187e+03 1.456692561284006000e+16
2.162192856830704841e+03 1.456872574568473800e+16
2.162526425614541949e+03 1.457055357099300600e+16
2.162859994398379058e+03 1.457240916572418000e+16
2.163193563182215712e+03 1.457429260034865600e+16
2.163527131966052821e+03 1.457620393879668200e+16
2.163860700749889475e+03 1.457814323840907200e+16
2.164194269533726583e+03 1.458011054988977600e+16
2.164527838317563237e+03 1.458210591726029200e+16
2.164861407101400346e+03 1.458412937781615000e+16
2.165194975885237000e+03 1.458618096208516800e+16
2.165528544669073653e+03 1.458826069378776800e+16
2.165862113452910762e+03 1.459036858979913400e+16
2.166195682236747871e+03 1.459250466011338400e+16
2.166529251020584525e+03 1.459466890780972400e+16
2.166862819804421633e+03 1.459686132902054200e+16
2.167196388588258287e+03 1.459908191290150000e+16
2.167529957372095396e+03 1.460133064160360000e+16
2.167863526155932050e+03 1.460360749024729200e+16
2.168197094939769158e+03 1.460591242689857000e+16
2.168530663723605812e+03 1.460824541254710000e+16
2.168864232507442921e+03 1.461060640108632000e+16
2.169197801291280030e+03 1.461299533929567400e+16
2.169531370075116683e+03 1.461541216682479600e+16
2.169864938858953337e+03 1.461785681617980800e+16
2.170198507642790446e+03 1.462032921271163600e+16
2.170532076426627100e+03 1.462282927460640000e+16
2.170865645210464209e+03 1.462535691287791200e+16
2.171199213994301317e+03 1.462791203136221400e+16
2.171532782778137971e+03 1.463049452671418000e+16
2.171866351561974625e+03 1.463310428840630800e+16
2.172199920345811734e+03 1.463574119872950800e+16
2.172533489129648842e+03 1.463840513279604800e+16
2.172867057913485496e+03 1.464109595854460800e+16
2.173200626697322605e+03 1.464381353674746800e+16
2.173534195481159259e+03 1.464655772101978000e+16
2.173867764264995913e+03 1.464932835783098200e+16
2.174201333048833021e+03 1.465212528651844600e+16
2.174534901832670130e+03 1.465494833930306800e+16
2.174868470616506784e+03 1.465779734130725000e+16
2.175202039400343892e+03 1.466067211057479800e+16
2.175535608184180546e+03 1.466357245809318200e+16
2.175869176968017655e+03 1.466649818781783600e+16
2.176202745751854309e+03 1.466944909669865000e+16
2.176536314535691417e+03 1.467242497470865600e+16
2.176869883319528071e+03 1.467542560487490200e+16
2.177203452103364725e+03 1.467845076331145000e+16
2.177537020887201834e+03 1.468150021925461600e+16
2.177870589671038942e+03 1.468457373510036000e+16
2.178204158454875596e+03 1.468767106644388600e+16
2.178537727238712705e+03 1.469079196212142800e+16
2.178871296022549359e+03 1.469393616425422400e+16
2.179204864806386013e+03 1.469710340829468000e+16
2.179538433590223121e+03 1.470029342307478400e+16
2.179872002374060230e+03 1.470350593085660000e+16
2.180205571157896884e+03 1.470674064738508800e+16
2.180539139941733993e+03 1.470999728194306400e+16
2.180872708725570646e+03 1.471327553740832600e+16
2.181206277509407755e+03 1.471657511031303600e+16
2.181539846293244409e+03 1.471989569090523600e+16
2.181873415077081518e+03 1.472323696321262400e+16
2.182206983860918172e+03 1.472659860510842800e+16
2.182540552644755280e+03 1.472998028837954400e+16
2.182874121428592389e+03 1.473338167879679200e+16
2.183207690212429043e+03 1.473680243618738400e+16
2.183541258996265697e+03 1.474024221450954000e+16
2.183874827780102805e+03 1.474370066192928000e+16
2.184208396563939459e+03 1.474717742089930200e+16
2.184541965347776568e+03 1.475067212824013800e+16
2.184875534131613676e+03 1.475418441522325200e+16
2.185209102915450330e+03 1.475771390765646400e+16
2.185542671699286984e+03 1.476126022597132000e+16
2.185876240483124093e+03 1.476482298531266800e+16
2.186209809266961202e+03 1.476840179563024800e+16
2.186543378050797855e+03 1.477199626177240000e+16
2.186876946834634964e+03 1.477560598358177600e+16
2.187210515618471618e+03 1.477923055599316400e+16
2.187544084402308272e+03 1.478286956913328000e+16
2.187877653186145380e+03 1.478652260842251000e+16
2.188211221969982489e+03 1.479018925467877600e+16
2.188544790753819143e+03 1.479386908422324000e+16
2.188878359537655797e+03 1.479756166898796400e+16
2.189211928321492906e+03 1.480126657662553400e+16
2.189545497105330014e+03 1.480498337062051200e+16
2.189879065889166668e+03 1.480871161040278400e+16
2.190212634673003777e+03 1.481245085146275200e+16
2.190546203456840431e+03 1.481620064546825200e+16
2.190879772240677084e+03 1.481996054038339200e+16
2.191213341024514193e+03 1.482373008058897200e+16
2.191546909808351302e+03 1.482750880700471600e+16
2.191880478592187956e+03 1.483129625721312600e+16
2.192214047376025064e+03 1.483509196558503000e+16
2.192547616159861718e+03 1.483889546340665600e+16
2.192881184943698827e+03 1.484270627900834800e+16
2.193214753727535481e+03 1.484652393789467600e+16
2.193548322511372589e+03 1.485034796287622800e+16
2.193881891295209243e+03 1.485417787420260800e+16
2.194215460079046352e+03 1.485801318969701200e+16
2.194549028862883461e+03 1.486185342489202000e+16
2.194882597646720114e+03 1.486569809316674000e+16
2.195216166430556768e+03 1.486954670588522400e+16
2.195549735214393877e+03 1.487339877253602000e+16
2.195883303998230531e+03 1.487725380087286800e+16
2.196216872782067639e+03 1.488111129705657600e+16
2.196550441565904748e+03 1.488497076579781200e+16
2.196884010349741402e+03 1.488883171050097600e+16
2.197217579133578056e+03 1.489269363340885800e+16
2.197551147917415165e+03 1.489655603574835600e+16
2.197884716701252273e+03 1.490041841787677600e+16
2.198218285485088927e+03 1.490428027942904000e+16
2.198551854268926036e+03 1.490814111946544400e+16
2.198885423052762690e+03 1.491200043662011600e+16
2.199218991836599344e+03 1.491585772924998600e+16
2.199552560620436452e+03 1.491971249558416200e+16
2.199886129404273561e+03 1.492356423387383200e+16
2.200219698188110215e+03 1.492741244254240800e+16
2.200553266971946869e+03 1.493125662033600200e+16
2.200886835755783977e+03 1.493509626647401600e+16
2.201220404539621086e+03 1.493893088079993800e+16
2.201553973323457740e+03 1.494275996393209400e+16
2.201887542107294848e+03 1.494658301741448600e+16
2.202221110891131502e+03 1.495039954386736400e+16
2.202554679674968156e+03 1.495420904713780600e+16
2.202888248458805265e+03 1.495801103244988200e+16
2.203221817242642373e+03 1.496180500655450600e+16
2.203555386026479027e+03 1.496559047787897000e+16
2.203888954810316136e+03 1.496936695667584000e+16
2.204222523594152790e+03 1.497313395517141400e+16
2.204556092377989899e+03 1.497689098771335400e+16
2.204889661161826552e+03 1.498063757091774000e+16
2.205223229945663661e+03 1.498437322381520000e+16
2.205556798729500315e+03 1.498809746799618400e+16
2.205890367513337424e+03 1.499180982775520800e+16
2.206223936297174532e+03 1.499550983023408000e+16
2.206557505081011186e+03 1.499919700556389800e+16
2.206891073864847840e+03 1.500287088700594800e+16
2.207224642648684949e+03 1.500653101109111000e+16
2.207558211432521603e+03 1.501017691775800000e+16
2.207891780216358711e+03 1.501380815048958800e+16
2.208225349000195820e+03 1.501742425644824400e+16
2.208558917784032474e+03 1.502102478660913200e+16
2.208892486567869128e+03 1.502460929589194000e+16
2.209226055351706236e+03 1.502817734329072400e+16
2.209559624135543345e+03 1.503172849200193600e+16
2.209893192919379999e+03 1.503526230955041200e+16
2.210226761703217107e+03 1.503877836791344400e+16
2.210560330487053761e+03 1.504227624364262400e+16
2.210893899270890415e+03 1.504575551798352800e+16
2.211227468054727524e+03 1.504921577699316400e+16
2.211561036838564632e+03 1.505265661165502800e+16
2.211894605622401286e+03 1.505607761799183000e+16
2.212228174406237940e+03 1.505947839717562000e+16
2.212561743190075049e+03 1.506285855563548800e+16
2.212895311973912158e+03 1.506621770516256000e+16
2.213228880757748811e+03 1.506955546301231600e+16
2.213562449541585920e+03 1.507287145200422000e+16
2.213896018325422574e+03 1.507616530061846400e+16
2.214229587109259228e+03 1.507943664308989200e+16
2.214563155893096337e+03 1.508268511949898200e+16
2.214896724676933445e+03 1.508591037585979200e+16
2.215230293460770099e+03 1.508911206420494800e+16
2.215563862244607208e+03 1.509228984266749000e+16
2.215897431028443862e+03 1.509544337555958000e+16
2.216230999812280970e+03 1.509857233344800400e+16
2.216564568596117624e+03 1.510167639322648400e+16
2.216898137379954733e+03 1.510475523818467200e+16
2.217231706163791387e+03 1.510780855807384400e+16
2.217565274947628495e+03 1.511083604916922400e+16
2.217898843731465604e+03 1.511383741432894200e+16
2.218232412515302258e+03 1.511681236304953200e+16
2.218565981299138912e+03 1.511976061151803200e+16
2.218899550082976020e+03 1.512268188266056400e+16
2.219233118866812674e+03 1.512557590618741000e+16
2.219566687650649783e+03 1.512844241863461600e+16
2.219900256434486892e+03 1.513128116340200000e+16
2.220233825218323545e+03 1.513409189078761600e+16
2.220567394002160199e+03 1.513687435801872800e+16
2.220900962785997308e+03 1.513962832927906000e+16
2.221234531569834417e+03 1.514235357573265000e+16
2.221568100353671070e+03 1.514504987554394000e+16
2.221901669137508179e+03 1.514771701389445600e+16
2.222235237921344833e+03 1.515035478299577200e+16
2.222568806705181487e+03 1.515296298209899600e+16
2.222902375489018596e+03 1.515554141750064000e+16
2.223235944272855704e+03 1.515808990254498000e+16
2.223569513056692358e+03 1.516060825762287600e+16
2.223903081840529012e+03 1.516309631016708400e+16
2.224236650624366121e+03 1.516555389464406400e+16
2.224570219408203229e+03 1.516798085254236800e+16
2.224903788192039883e+03 1.517037703235753000e+16
2.225237356975876992e+03 1.517274228957364400e+16
2.225570925759713646e+03 1.517507648664150200e+16
2.225904494543550300e+03 1.517737949295341800e+16
2.226238063327387408e+03 1.517965118481485800e+16
2.226571632111224517e+03 1.518189144541263400e+16
2.226905200895061171e+03 1.518410016478014000e+16
2.227238769678898279e+03 1.518627723975926000e+16
2.227572338462734933e+03 1.518842257395930000e+16
2.227905907246572042e+03 1.519053607771276800e+16
2.228239476030408696e+03 1.519261766802832400e+16
2.228573044814245804e+03 1.519466726854067600e+16
2.228906613598082458e+03 1.519668480945774000e+16
2.229240182381919567e+03 1.519867022750485200e+16
2.229573751165756676e+03 1.520062346586647400e+16
2.229907319949593330e+03 1.520254447412505200e+16
2.230240888733429983e+03 1.520443320819743600e+16
2.230574457517267092e+03 1.520628963026869200e+16
2.230908026301103746e+03 1.520811370872358400e+16
2.231241595084940855e+03 1.520990541807566800e+16
2.231575163868777963e+03 1.521166473889405600e+16
2.231908732652614617e+03 1.521339165772815000e+16
2.232242301436451271e+03 1.521508616703012600e+16
2.232575870220288380e+03 1.521674826507550400e+16
2.232909439004125488e+03 1.521837795588174600e+16
2.233243007787962142e+03 1.521997524912503200e+16
2.233576576571799251e+03 1.522154016005531600e+16
2.233910145355635905e+03 1.522307270940970400e+16
2.234243714139472559e+03 1.522457292332423400e+16
2.234577282923309667e+03 1.522604083324430200e+16
2.234910851707146776e+03 1.522747647583359000e+16
2.235244420490983430e+03 1.522887989288182400e+16
2.235577989274820084e+03 1.523025113121125600e+16
2.235911558058657192e+03 1.523159024258216400e+16
2.236245126842494301e+03 1.523289728359730000e+16
2.236578695626330955e+03 1.523417231560543800e+16
2.236912264410168063e+03 1.523541540460419600e+16
2.237245833194004717e+03 1.523662662114212000e+16
2.237579401977841371e+03 1.523780604022019600e+16
2.237912970761678480e+03 1.523895374119284400e+16
2.238246539545515589e+03 1.524006980766851400e+16
2.238580108329352242e+03 1.524115432741002400e+16
2.238913677113189351e+03 1.524220739223467600e+16
2.239247245897026005e+03 1.524322909791419200e+16
2.239580814680863114e+03 1.524421954407475400e+16
2.239914383464699768e+03 1.524517883409705200e+16
2.240247952248536876e+03 1.524610707501654800e+16
2.240581521032373530e+03 1.524700437742397600e+16
2.240915089816210639e+03 1.524787085536623600e+16
2.241248658600047747e+03 1.524870662624772400e+16
2.241582227383884401e+03 1.524951181073221200e+16
2.241915796167721055e+03 1.525028653264537200e+16
2.242249364951558164e+03 1.525103091887798200e+16
2.242582933735394818e+03 1.525174509929001800e+16
2.242916502519231926e+03 1.525242920661549200e+16
2.243250071303069035e+03 1.525308337636844800e+16
2.243583640086905689e+03 1.525370774674981800e+16
2.243917208870742343e+03 1.525430245855554800e+16
2.244250777654579451e+03 1.525486765508590800e+16
2.244584346438416560e+03 1.525540348205597600e+16
2.244917915222253214e+03 1.525591008750759800e+16
2.245251484006090323e+03 1.525638762172272400e+16
2.245585052789926976e+03 1.525683623713823800e+16
2.245918621573763630e+03 1.525725608826231400e+16
2.246252190357600739e+03 1.525764733159244400e+16
2.246585759141437848e+03 1.525801012553509200e+16
2.246919327925274501e+03 1.525834463032713600e+16
2.247252896709111155e+03 1.525865100795904800e+16
2.247586465492948264e+03 1.525892942209998400e+16
2.247920034276785373e+03 1.525918003802471600e+16
2.248253603060622027e+03 1.525940302254252000e+16
2.248587171844459135e+03 1.525959854392807000e+16
2.248920740628295789e+03 1.525976677185435800e+16
2.249254309412132443e+03 1.525990787732769200e+16
2.249587878195969552e+03 1.526002203262478400e+16
2.249921446979806660e+03 1.526010941123194400e+16
2.250255015763643314e+03 1.526017018778655600e+16
2.250588584547480423e+03 1.526020453802065200e+16
2.250922153331317077e+03 1.526021263870676600e+16
2.251255722115154185e+03 1.526019466760599000e+16
2.251589290898990839e+03 1.526015080341834000e+16
2.251922859682827948e+03 1.526008122573541800e+16
2.252256428466664602e+03 1.525998611499531800e+16
2.252589997250501710e+03 1.525986565243987000e+16
2.252923566034338819e+03 1.525972002007422800e+16
2.253257134818175473e+03 1.525954940062872000e+16
2.253590703602012127e+03 1.525935397752311400e+16
2.253924272385849235e+03 1.525913393483307200e+16
2.254257841169685889e+03 1.525888945725910400e+16
2.254591409953522998e+03 1.525862073009765600e+16
2.254924978737360107e+03 1.525832793921464800e+16
2.255258547521196760e+03 1.525801127102121000e+16
2.255592116305033414e+03 1.525767091245177200e+16
2.255925685088870523e+03 1.525730705094437800e+16
2.256259253872707632e+03 1.525691987442323600e+16
2.256592822656544286e+03 1.525650957128351400e+16
2.256926391440381394e+03 1.525607633037838200e+16
2.257259960224218048e+03 1.525562034100811200e+16
2.257593529008054702e+03 1.525514179291141400e+16
2.257927097791891811e+03 1.525464087625888400e+16
2.258260666575728919e+03 1.525411778164844600e+16
2.258594235359565573e+03 1.525357270010300000e+16
2.258927804143402227e+03 1.525300582306985200e+16
2.259261372927239336e+03 1.525241734242232800e+16
2.259594941711076444e+03 1.525180745046316400e+16
2.259928510494913098e+03 1.525117633992986600e+16
2.260262079278750207e+03 1.525052420400180800e+16
2.260595648062586861e+03 1.524985123630924800e+16
2.260929216846423515e+03 1.524915763094396200e+16
2.261262785630260623e+03 1.524844358247158400e+16
2.261596354414097732e+03 1.524770928594567400e+16
2.261929923197934386e+03 1.524695493692325600e+16
2.262263491981771494e+03 1.524618073148191800e+16
2.262597060765608148e+03 1.524538686623838000e+16
2.262930629549445257e+03 1.524457353836850800e+16
2.263264198333281911e+03 1.524374094562860400e+16
2.263597767117119020e+03 1.524288928637804400e+16
2.263931335900955673e+03 1.524201875960314200e+16
2.264264904684792782e+03 1.524112956494212800e+16
2.264598473468629436e+03 1.524022190271132400e+16
2.264932042252466545e+03 1.523929597393225000e+16
2.265265611036303198e+03 1.523835198035980400e+16
2.265599179820140307e+03 1.523739012451128000e+16
2.265932748603976961e+03 1.523641060969627400e+16
2.266266317387814070e+03 1.523541364004740600e+16
2.266599886171651178e+03 1.523439942055160200e+16
2.266933454955487832e+03 1.523336815708224600e+16
2.267267023739324486e+03 1.523232005643172000e+16
2.267600592523161595e+03 1.523125532634460200e+16
2.267934161306998249e+03 1.523017417555118000e+16
2.268267730090835357e+03 1.522907681380148400e+16
2.268601298874672466e+03 1.522796345189951800e+16
2.268934867658509120e+03 1.522683430173783000e+16
2.269268436442345774e+03 1.522568957633219000e+16
2.269602005226182882e+03 1.522452948985648400e+16
2.269935574010019991e+03 1.522335425767755800e+16
2.270269142793856645e+03 1.522216409639011600e+16
2.270602711577693299e+03 1.522095922385152600e+16
2.270936280361530407e+03 1.521973985921655200e+16
2.271269849145367061e+03 1.521850622297175400e+16
2.271603417929204170e+03 1.521725853696976200e+16
2.271936986713041279e+03 1.521599702446316800e+16
2.272270555496877932e+03 1.521472191013808000e+16
2.272604124280714586e+03 1.521343342014718200e+16
2.272937693064551695e+03 1.521213178214235800e+16
2.273271261848388804e+03 1.521081722530675400e+16
2.273604830632225458e+03 1.520948998038623200e+16
2.273938399416062566e+03 1.520815027972016000e+16
2.274271968199899220e+03 1.520679835727152000e+16
2.274605536983735874e+03 1.520543444865624200e+16
2.274939105767572983e+03 1.520405879117173200e+16
2.275272674551410091e+03 1.520267162382455400e+16
2.275606243335246745e+03 1.520127318735718600e+16
2.275939812119083854e+03 1.519986372427390800e+16
2.276273380902920508e+03 1.519844347886556400e+16
2.276606949686757616e+03 1.519701269723347600e+16
2.276940518470594270e+03 1.519557162731209400e+16
2.277274087254431379e+03 1.519412051889069400e+16
2.277607656038268033e+03 1.519265962363386400e+16
2.277941224822105141e+03 1.519118919510083400e+16
2.278274793605942250e+03 1.518970948876355000e+16
2.278608362389778904e+03 1.518822076202356800e+16
2.278941931173615558e+03 1.518672327422764800e+16
2.279275499957452666e+03 1.518521728668205000e+16
2.279609068741289320e+03 1.518370306266549200e+16
2.279942637525126429e+03 1.518218086744080000e+16
2.280276206308963538e+03 1.518065096826510000e+16
2.280609775092800191e+03 1.517911363439880200e+16
2.280943343876636845e+03 1.517756913711289400e+16
2.281276912660473954e+03 1.517601774969510200e+16
2.281610481444311063e+03 1.517445974745441400e+16
2.281944050228147717e+03 1.517289540772420400e+16
2.282277619011984370e+03 1.517132500986391400e+16
2.282611187795821479e+03 1.516974883525926000e+16
2.282944756579658133e+03 1.516816716732091200e+16
2.283278325363495242e+03 1.516658029148171800e+16
2.283611894147332350e+03 1.516498849519243200e+16
2.283945462931169004e+03 1.516339206791594800e+16
2.284279031715005658e+03 1.516179130112004000e+16
2.284612600498842767e+03 1.516018648826856000e+16
2.284946169282679875e+03 1.515857792481120800e+16
2.285279738066516529e+03 1.515696590817178400e+16
2.285613306850353638e+03 1.515535073773495200e+16
2.285946875634190292e+03 1.515373271483150800e+16
2.286280444418026946e+03 1.515211214272224400e+16
2.286614013201864054e+03 1.515048932658024800e+16
2.286947581985701163e+03 1.514886457347187400e+16
2.287281150769537817e+03 1.514723819233616600e+16
2.287614719553374925e+03 1.514561049396297000e+16
2.287948288337211579e+03 1.514398179096952400e+16
2.288281857121048688e+03 1.514235239777577400e+16
2.288615425904885342e+03 1.514072263057821000e+16
2.288948994688722451e+03 1.513909280732245600e+16
2.289282563472559104e+03 1.513746324767442400e+16
2.289616132256396213e+03 1.513583427299025800e+16
2.289949701040233322e+03 1.513420620628489600e+16
2.290283269824069976e+03 1.513257937219941200e+16
2.290616838607906629e+03 1.513095409696717200e+16
2.290950407391743738e+03 1.512933070837863600e+16
2.291283976175580392e+03 1.512770953574508600e+16
2.291617544959417501e+03 1.512609090986119400e+16
2.291951113743254609e+03 1.512447516296631000e+16
2.292284682527091263e+03 1.512286262870486800e+16
2.292618251310927917e+03 1.512125364208549800e+16
2.292951820094765026e+03 1.511964853943923600e+16
2.293285388878602134e+03 1.511804765837661600e+16
2.293618957662438788e+03 1.511645133774383200e+16
2.293952526446275442e+03 1.511485991757793600e+16
2.294286095230112551e+03 1.511327373906108200e+16
2.294619664013949205e+03 1.511169314447388000e+16
2.294953232797786313e+03 1.511011847714790400e+16
2.295286801581623422e+03 1.510855008141735000e+16
2.295620370365460076e+03 1.510698830256989200e+16
2.295953939149296730e+03 1.510543348679679400e+16
2.296287507933133838e+03 1.510388598114226000e+16
2.296621076716970947e+03 1.510234613345210400e+16
2.296954645500807601e+03 1.510081429232168800e+16
2.297288214284644710e+03 1.509929080704337200e+16
2.297621783068481363e+03 1.509777602755313600e+16
2.297955351852318017e+03 1.509627030437685200e+16
2.298288920636155126e+03 1.509477398857587400e+16
2.298622489419992235e+03 1.509328743169213600e+16
2.298956058203828889e+03 1.509181098569286000e+16
2.299289626987665997e+03 1.509034500291471600e+16
2.299623195771502651e+03 1.508888983600761600e+16
2.299956764555339760e+03 1.508744583787813400e+16
2.300290333339176414e+03 1.508601336163253600e+16
2.300623902123013522e+03 1.508459276051953400e+16
2.300957470906850176e+03 1.508318438787271400e+16
2.301291039690687285e+03 1.508178859705269800e+16
2.301624608474524393e+03 1.508040574138911600e+16
2.301958177258361047e+03 1.507903617412231600e+16
2.302291746042197701e+03 1.507768024834494400e+16
2.302625314826034810e+03 1.507633831694330400e+16
2.302958883609871464e+03 1.507501073253868000e+16
2.303292452393708572e+03 1.507369784742851000e+16
2.303626021177545681e+03 1.507240001352746200e+16
2.303959589961382335e+03 1.507111758230852600e+16
2.304293158745218989e+03 1.506985090474403200e+16
2.304626727529056097e+03 1.506860033124667200e+16
2.304960296312893206e+03 1.506736621161056800e+16
2.305293865096729860e+03 1.506614889495233400e+16
2.305627433880566514e+03 1.506494872965223800e+16
2.305961002664403622e+03 1.506376606329547400e+16
2.306294571448240276e+03 1.506260124261346000e+16
2.306628140232077385e+03 1.506145461342528800e+16
2.306961709015914494e+03 1.506032652057937200e+16
2.307295277799751148e+03 1.505921730789517600e+16
2.307628846583587801e+03 1.505812731810515400e+16
2.307962415367424910e+03 1.505705689279683400e+16
2.308295984151262019e+03 1.505600637235518400e+16
2.308629552935098673e+03 1.505497609590511000e+16
2.308963121718935781e+03 1.505396640125427600e+16
2.309296690502772435e+03 1.505297762483603200e+16
2.309630259286609089e+03 1.505201010165276800e+16
2.309963828070446198e+03 1.505106416521940000e+16
2.310297396854283306e+03 1.505014014750715400e+16
2.310630965638119960e+03 1.504923837888767800e+16
2.310964534421957069e+03 1.504835918807744200e+16
2.311298103205793723e+03 1.504750290208240600e+16
2.311631671989630831e+03 1.504666984614297600e+16
2.311965240773467485e+03 1.504586034367934200e+16
2.312298809557304594e+03 1.504507471623709400e+16
2.312632378341141248e+03 1.504431328343316600e+16
2.312965947124978356e+03 1.504357636290208000e+16
2.313299515908815465e+03 1.504286427024258400e+16
2.313633084692652119e+03 1.504217731896457600e+16
2.313966653476488773e+03 1.504151582043633200e+16
2.314300222260325882e+03 1.504088008383219000e+16
2.314633791044162535e+03 1.504027041608038400e+16
2.314967359827999644e+03 1.503968712181143000e+16
2.315300928611836753e+03 1.503913050330665800e+16
2.315634497395673407e+03 1.503860086044718400e+16
2.315968066179510060e+03 1.503809849066317200e+16
2.316301634963347169e+03 1.503762368888347200e+16
2.316635203747184278e+03 1.503717674748551200e+16
2.316968772531020932e+03 1.503675795624553800e+16
2.317302341314857586e+03 1.503636760228924000e+16
2.317635910098694694e+03 1.503600597004258800e+16
2.317969478882531348e+03 1.503567334118301800e+16
2.318303047666368457e+03 1.503536999459093800e+16
2.318636616450205565e+03 1.503509620630150000e+16
2.318970185234042219e+03 1.503485224945669600e+16
2.319303754017878873e+03 1.503463839425768800e+16
2.319637322801715982e+03 1.503445490791741600e+16
2.319970891585553090e+03 1.503430205461355200e+16
2.320304460369389744e+03 1.503418009544160000e+16
2.320638029153226853e+03 1.503408928836831200e+16
2.320971597937063507e+03 1.503402988818532200e+16
2.321305166720900161e+03 1.503400214646303200e+16
2.321638735504737269e+03 1.503400631150470400e+16
2.321972304288574378e+03 1.503404262830073000e+16
2.322305873072411032e+03 1.503411133848318000e+16
2.322639441856248141e+03 1.503421268028048600e+16
2.322973010640084794e+03 1.503434688847232400e+16
2.323306579423921903e+03 1.503451419434464400e+16
2.323640148207758557e+03 1.503471482564490800e+16
2.323973716991595666e+03 1.503494900653744400e+16
2.324307285775432319e+03 1.503521695755894000e+16
2.324640854559269428e+03 1.503551889557405600e+16
2.324974423343106537e+03 1.503585503373121600e+16
2.325307992126943191e+03 1.503622558141838800e+16
2.325641560910779845e+03 1.503663074421911200e+16
2.325975129694616953e+03 1.503707072386843200e+16
2.326308698478453607e+03 1.503754571820909400e+16
2.326642267262290716e+03 1.503805592114763600e+16
2.326975836046127824e+03 1.503860152261065600e+16
2.327309404829964478e+03 1.503918270850100200e+16
2.327642973613801132e+03 1.503979966065412600e+16
2.327976542397638241e+03 1.504045255679434400e+16
2.328310111181475349e+03 1.504114157049114800e+16
2.328643679965312003e+03 1.504186687111553200e+16
2.328977248749148657e+03 1.504262862379627600e+16
2.329310817532985766e+03 1.504342698937624800e+16
2.329644386316822420e+03 1.504426212436860000e+16
2.329977955100659528e+03 1.504513418091299600e+16
2.330311523884496637e+03 1.504604330673180200e+16
2.330645092668333291e+03 1.504698964508610600e+16
2.330978661452169945e+03 1.504797333473183000e+16
2.331312230236007053e+03 1.504899450987558800e+16
2.331645799019844162e+03 1.505005330013067800e+16
2.331979367803680816e+03 1.505114983047272200e+16
2.332312936587517925e+03 1.505228422119544800e+16
2.332646505371354579e+03 1.505345658786623600e+16
2.332980074155191232e+03 1.505466704128154800e+16
2.333313642939028341e+03 1.505591568742237200e+16
2.333647211722865450e+03 1.505720262740930200e+16
2.333980780506702104e+03 1.505852795745777600e+16
2.334314349290539212e+03 1.505989176883296800e+16
2.334647918074375866e+03 1.506129414780463200e+16
2.334981486858212975e+03 1.506273517560178800e+16
2.335315055642049629e+03 1.506421492836728200e+16
2.335648624425886737e+03 1.506573347711218800e+16
2.335982193209723391e+03 1.506729088767006600e+16
2.336315761993560500e+03 1.506888722065103400e+16
2.336649330777397608e+03 1.507052253139578600e+16
2.336982899561234262e+03 1.507219686992935200e+16
2.337316468345070916e+03 1.507391028091479200e+16
2.337650037128908025e+03 1.507566280360667000e+16
2.337983605912744679e+03 1.507745447180446600e+16
2.338317174696581787e+03 1.507928531380576800e+16
2.338650743480418441e+03 1.508115535235935200e+16
2.338984312264255550e+03 1.508306460461814400e+16
2.339317881048092204e+03 1.508501308209202400e+16
2.339651449831929312e+03 1.508700079060050800e+16
2.339985018615766421e+03 1.508902773022531200e+16
2.340318587399603075e+03 1.509109389526278400e+16
2.340652156183439729e+03 1.509319927417628800e+16
2.340985724967276838e+03 1.509534384954838600e+16
2.341319293751113491e+03 1.509752759803303600e+16
2.341652862534950600e+03 1.509975049030761400e+16
2.341986431318787709e+03 1.510201249102494000e+16
2.342320000102624363e+03 1.510431355876522200e+16
2.342653568886461017e+03 1.510665364598789600e+16
2.342987137670298125e+03 1.510903269898352800e+16
2.343320706454135234e+03 1.511145065782562000e+16
2.343654275237971888e+03 1.511390745632242800e+16
2.343987844021808996e+03 1.511640302196881600e+16
2.344321412805645650e+03 1.511893727589807600e+16
2.344654981589482304e+03 1.512151013283385600e+16
2.344988550373319413e+03 1.512412150104211400e+16
2.345322119157156521e+03 1.512677128228309800e+16
2.345655687940993175e+03 1.512945937176354200e+16
2.345989256724830284e+03 1.513218565808888400e+16
2.346322825508666938e+03 1.513495002321564800e+16
2.346656394292504046e+03 1.513775234240397600e+16
2.346989963076340700e+03 1.514059248417039400e+16
2.347323531860177354e+03 1.514347031024071800e+16
2.347657100644014463e+03 1.514638567550324800e+16
2.347990669427851572e+03 1.514933842796216800e+16
2.348324238211688225e+03 1.515232840869128200e+16
2.348657806995525334e+03 1.515535545178806800e+16
2.348991375779361988e+03 1.515841938432797200e+16
2.349324944563199097e+03 1.516152002631922800e+16
2.349658513347036205e+03 1.516465719065796400e+16
2.349992082130872859e+03 1.516783068308374200e+16
2.350325650914709513e+03 1.517104030213569800e+16
2.350659219698546167e+03 1.517428583910893200e+16
2.350992788482383276e+03 1.517756707801174800e+16
2.351326357266220384e+03 1.518088379552312000e+16
2.351659926050057038e+03 1.518423576095105800e+16
2.351993494833894147e+03 1.518762273619139800e+16
2.352327063617730801e+03 1.519104447568740800e+16
2.352660632401567909e+03 1.519450072639002600e+16
2.352994201185405018e+03 1.519799122771888800e+16
2.353327769969241672e+03 1.520151571152413400e+16
2.353661338753078780e+03 1.520507390204909000e+16
2.353994907536914980e+03 1.520866551589370800e+16
2.354328476320752088e+03 1.521229026197913200e+16
2.354662045104589197e+03 1.521594784151299600e+16
2.354995613888425851e+03 1.521963794795587000e+16
2.355329182672262959e+03 1.522336026698877000e+16
2.355662751456099613e+03 1.522711447648163200e+16
2.355996320239936722e+03 1.523090024646310800e+16
2.356329889023773831e+03 1.523471723909136000e+16
2.356663457807610484e+03 1.523856510862628000e+16
2.356997026591447593e+03 1.524244350140287000e+16
2.357330595375284247e+03 1.524635205580598200e+16
2.357664164159121356e+03 1.525029040224649600e+16
2.357997732942958464e+03 1.525425816313885000e+16
2.358331301726794663e+03 1.525825495288015000e+16
2.358664870510631772e+03 1.526228037783076000e+16
2.358998439294468426e+03 1.526633403629647400e+16
2.359332008078305535e+03 1.527041551851235400e+16
2.359665576862142643e+03 1.527452440662832000e+16
2.359999145645979297e+03 1.527866027469635200e+16
2.360332714429816406e+03 1.528282268865966000e+16
2.360666283213653060e+03 1.528701120634355400e+16
2.360999851997490168e+03 1.529122537744836200e+16
2.361333420781327277e+03 1.529546474354426400e+16
2.361666989565163931e+03 1.529972883806807600e+16
2.362000558349000585e+03 1.530401718632228200e+16
2.362334127132837239e+03 1.530832930547601200e+16
2.362667695916674347e+03 1.531266470456837200e+16
2.363001264700511456e+03 1.531702288451390400e+16
2.363334833484348110e+03 1.532140333811040800e+16
2.363668402268185218e+03 1.532580555004912800e+16
2.364001971052021872e+03 1.533022899692729600e+16
2.364335539835858981e+03 1.533467314726326800e+16
2.364669108619696090e+03 1.533913746151398000e+16
2.365002677403532743e+03 1.534362139209521600e+16
2.365336246187369852e+03 1.534812438340440800e+16
2.365669814971206051e+03 1.535264587184603600e+16
2.366003383755043160e+03 1.535718528585998600e+16
2.366336952538880269e+03 1.536174204595252800e+16
2.366670521322716922e+03 1.536631556473023000e+16
2.367004090106554031e+03 1.537090524693679200e+16
2.367337658890390685e+03 1.537551048949277800e+16
2.367671227674227794e+03 1.538013068153845800e+16
2.368004796458064902e+03 1.538476520447962000e+16
2.368338365241901556e+03 1.538941343203654000e+16
2.368671934025738665e+03 1.539407473029618000e+16
2.369005502809575319e+03 1.539874845776745800e+16
2.369339071593412427e+03 1.540343396543992800e+16
2.369672640377249536e+03 1.540813059684570800e+16
2.370006209161085735e+03 1.541283768812469600e+16
2.370339777944922844e+03 1.541755456809337400e+16
2.370673346728759498e+03 1.542228055831684400e+16
2.371006915512596606e+03 1.542701497318451600e+16
2.371340484296433715e+03 1.543175711998918400e+16
2.371674053080270369e+03 1.543650629900983000e+16
2.372007621864107477e+03 1.544126180359792000e+16
2.372341190647944131e+03 1.544602292026731200e+16
2.372674759431781240e+03 1.545078892878801000e+16
2.373008328215618349e+03 1.545555910228343200e+16
2.373341896999455003e+03 1.546033270733153800e+16
2.373675465783291656e+03 1.546510900406971800e+16
2.374009034567128310e+03 1.546988724630342400e+16
2.374342603350965419e+03 1.547466668161869200e+16
2.374676172134802528e+03 1.547944655149847200e+16
2.375009740918639181e+03 1.548422609144281200e+16
2.375343309702476290e+03 1.548900453109301200e+16
2.375676878486312944e+03 1.549378109435956200e+16
2.376010447270150053e+03 1.549855499955410800e+16
2.376344016053987161e+03 1.550332545952526000e+16
2.376677584837823815e+03 1.550809168179841600e+16
2.377011153621660924e+03 1.551285286871951400e+16
2.377344722405497123e+03 1.551760821760266600e+16
2.377678291189334232e+03 1.552235692088185200e+16
2.378011859973171340e+03 1.552709816626649000e+16
2.378345428757007994e+03 1.553183113690096800e+16
2.378678997540845103e+03 1.553655501152818800e+16
2.379012566324681757e+03 1.554126896465689600e+16
2.379346135108518865e+03 1.554597216673308800e+16
2.379679703892355974e+03 1.555066378431519800e+16
2.380013272676192628e+03 1.555534298025325400e+16
2.380346841460029736e+03 1.556000891387184400e+16
2.380680410243866390e+03 1.556466074115691600e+16
2.381013979027703499e+03 1.556929761494648400e+16
2.381347547811540608e+03 1.557391868512494400e+16
2.381681116595376807e+03 1.557852309882124600e+16
2.382014685379213915e+03 1.558311000061080800e+16
2.382348254163050569e+03 1.558767853272093200e+16
2.382681822946887678e+03 1.559222783524000800e+16
2.383015391730724787e+03 1.559675704633018600e+16
2.383348960514561441e+03 1.560126530244357000e+16
2.383682529298398549e+03 1.560575173854194400e+16
2.384016098082235203e+03 1.561021548831979600e+16
2.384349666866072312e+03 1.561465568443078400e+16
2.384683235649909420e+03 1.561907145871736400e+16
2.385016804433746074e+03 1.562346194244374400e+16
2.385350373217582728e+03 1.562782626653188000e+16
2.385683942001419382e+03 1.563216356180053800e+16
2.386017510785256491e+03 1.563647295920740800e+16
2.386351079569093599e+03 1.564075359009392200e+16
2.386684648352930253e+03 1.564500458643314400e+16
2.387018217136767362e+03 1.564922508108014400e+16
2.387351785920604016e+03 1.565341420802508000e+16
2.387685354704441124e+03 1.565757110264879800e+16
2.388018923488278233e+03 1.566169490198085600e+16
2.388352492272114887e+03 1.566578474495987000e+16
2.388686061055951996e+03 1.566983977269601000e+16
2.389019629839788195e+03 1.567385912873567600e+16
2.389353198623625303e+03 1.567784195932810800e+16
2.389686767407462412e+03 1.568178741369384800e+16
2.390020336191299066e+03 1.568569464429500000e+16
2.390353904975136174e+03 1.568956280710708200e+16
2.390687473758972828e+03 1.569339106189234000e+16
2.391021042542809937e+03 1.569717857247452000e+16
2.391354611326647046e+03 1.570092450701475400e+16
2.391688180110483700e+03 1.570462803828864000e+16
2.392021748894320808e+03 1.570828834396426400e+16
2.392355317678157462e+03 1.571190460688100000e+16
2.392688886461994571e+03 1.571547601532904000e+16
2.393022455245831679e+03 1.571900176332942000e+16
2.393356024029667878e+03 1.572248105091447000e+16
2.393689592813504987e+03 1.572591308440847200e+16
2.394023161597341641e+03 1.572929707670840000e+16
2.394356730381178750e+03 1.573263224756462400e+16
2.394690299165015858e+03 1.573591782386136000e+16
2.395023867948852512e+03 1.573915303989675000e+16
2.395357436732689621e+03 1.574233713766240600e+16
2.395691005516526275e+03 1.574546936712226000e+16
2.396024574300363383e+03 1.574854898649055200e+16
2.396358143084200492e+03 1.575157526250879000e+16
2.396691711868037146e+03 1.575454747072149200e+16
2.397025280651873800e+03 1.575746489575066800e+16
2.397358849435710454e+03 1.576032683156869200e+16
2.397692418219547562e+03 1.576313258176956000e+16
2.398025987003384671e+03 1.576588145983826800e+16
2.398359555787221325e+03 1.576857278941813800e+16
2.398693124571058434e+03 1.577120590457609800e+16
2.399026693354895087e+03 1.577378015006545000e+16
2.399360262138732196e+03 1.577629488158625600e+16
2.399693830922569305e+03 1.577874946604294200e+16
2.400027399706405959e+03 1.578114328179915200e+16
2.400360968490243067e+03 1.578347571892957600e+16
2.400694537274079266e+03 1.578574617946847000e+16
2.401028106057916375e+03 1.578795407765511800e+16
2.401361674841753484e+03 1.579009884017547400e+16
2.401695243625590138e+03 1.579217990640042600e+16
2.402028812409427246e+03 1.579419672862005000e+16
2.402362381193263900e+03 1.579614877227400000e+16
2.402695949977101009e+03 1.579803551617773800e+16
2.403029518760938117e+03 1.579985645274445800e+16
2.403363087544774771e+03 1.580161108820260800e+16
2.403696656328611880e+03 1.580329894280886400e+16
2.404030225112448534e+03 1.580491955105623600e+16
2.404363793896285642e+03 1.580647246187752200e+16
2.404697362680122751e+03 1.580795723884353600e+16
2.405030931463958950e+03 1.580937346035628400e+16
2.405364500247796059e+03 1.581072071983693400e+16
2.405698069031632713e+03 1.581199862590815600e+16
2.406031637815469821e+03 1.581320680257114400e+16
2.406365206599306930e+03 1.581434488937681600e+16
2.406698775383143584e+03 1.581541254159124800e+16
2.407032344166980693e+03 1.581640943035530000e+16
2.407365912950817346e+03 1.581733524283804400e+16
2.407699481734654455e+03 1.581818968238427000e+16
2.408033050518491564e+03 1.581897246865551600e+16
2.408366619302328218e+03 1.581968333776498000e+16
2.408700188086164871e+03 1.582032204240585600e+16
2.409033756870001525e+03 1.582088835197319600e+16
2.409367325653838634e+03 1.582138205267918600e+16
2.409700894437675743e+03 1.582180294766162400e+16
2.410034463221512397e+03 1.582215085708572000e+16
2.410368032005349505e+03 1.582242561823905200e+16
2.410701600789186159e+03 1.582262708561951800e+16
2.411035169573023268e+03 1.582275513101638400e+16
2.411368738356860376e+03 1.582280964358425800e+16
2.411702307140697030e+03 1.582279052991000200e+16
2.412035875924534139e+03 1.582269771407250000e+16
2.412369444708370338e+03 1.582253113769522800e+16
2.412703013492207447e+03 1.582229075999161800e+16
2.413036582276044555e+03 1.582197655780318000e+16
2.413370151059881209e+03 1.582158852563035000e+16
2.413703719843718318e+03 1.582112667565604000e+16
2.414037288627554972e+03 1.582059103776187600e+16
2.414370857411392080e+03 1.581998165953715400e+16
2.414704426195229189e+03 1.581929860628038800e+16
2.415037994979065843e+03 1.581854196099360600e+16
2.415371563762902952e+03 1.581771182436937400e+16
2.415705132546739605e+03 1.581680831477037200e+16
2.416038701330576714e+03 1.581583156820184200e+16
2.416372270114413823e+03 1.581478173827667200e+16
2.416705838898250022e+03 1.581365899617328800e+16
2.417039407682087131e+03 1.581246353058638000e+16
2.417372976465923784e+03 1.581119554767038200e+16
2.417706545249760893e+03 1.580985527097590200e+16
2.418040114033598002e+03 1.580844294137912000e+16
2.418373682817434656e+03 1.580695881700406000e+16
2.418707251601271764e+03 1.580540317313805400e+16
2.419040820385108418e+03 1.580377630214019400e+16
2.419374389168945527e+03 1.580207851334310000e+16
2.419707957952782635e+03 1.580031013294781600e+16
2.420041526736619289e+03 1.579847150391215200e+16
2.420375095520455943e+03 1.579656298583238000e+16
2.420708664304292597e+03 1.579458495481851200e+16
2.421042233088129706e+03 1.579253780336314200e+16
2.421375801871966814e+03 1.579042194020398200e+16
2.421709370655803468e+03 1.578823779018024800e+16
2.422042939439640577e+03 1.578598579408295600e+16
2.422376508223477231e+03 1.578366640849918200e+16
2.422710077007314339e+03 1.578128010565056600e+16
2.423043645791151448e+03 1.577882737322595800e+16
2.423377214574988102e+03 1.577630871420854600e+16
2.423710783358825211e+03 1.577372464669744000e+16
2.424044352142661410e+03 1.577107570372385000e+16
2.424377920926498518e+03 1.576836243306211600e+16
2.424711489710335627e+03 1.576558539703558600e+16
2.425045058494172281e+03 1.576274517231748400e+16
2.425378627278009390e+03 1.575984234972710000e+16
2.425712196061846043e+03 1.575687753402109200e+16
2.426045764845683152e+03 1.575385134368050600e+16
2.426379333629520261e+03 1.575076441069313200e+16
2.426712902413356915e+03 1.574761738033186200e+16
2.427046471197194023e+03 1.574441091092884400e+16
2.427380039981030677e+03 1.574114567364570200e+16
2.427713608764867786e+03 1.573782235224004200e+16
2.428047177548704894e+03 1.573444164282827800e+16
2.428380746332541094e+03 1.573100425364502600e+16
2.428714315116378202e+03 1.572751090479924000e+16
2.429047883900214856e+03 1.572396232802708600e+16
2.429381452684051965e+03 1.572035926644202800e+16
2.429715021467889073e+03 1.571670247428186000e+16
2.430048590251725727e+03 1.571299271665332400e+16
2.430382159035562836e+03 1.570923076927407000e+16
2.430715727819399490e+03 1.570541741821235600e+16
2.431049296603236598e+03 1.570155345962459800e+16
2.431382865387073707e+03 1.569763969949087000e+16
2.431716434170910361e+03 1.569367695334859400e+16
2.432050002954747015e+03 1.568966604602461200e+16
2.432383571738583669e+03 1.568560781136563200e+16
2.432717140522420777e+03 1.568150309196743400e+16
2.433050709306257886e+03 1.567735273890278800e+16
2.433384278090094540e+03 1.567315761144844600e+16
2.433717846873931649e+03 1.566891857681122000e+16
2.434051415657768302e+03 1.566463650985328400e+16
2.434384984441605411e+03 1.566031229281704400e+16
2.434718553225442520e+03 1.565594681504949600e+16
2.435052122009279174e+03 1.565154097272640400e+16
2.435385690793116282e+03 1.564709566857637800e+16
2.435719259576952481e+03 1.564261181160494200e+16
2.436052828360789590e+03 1.563809031681891200e+16
2.436386397144626699e+03 1.563353210495101000e+16
2.436719965928463353e+03 1.562893810218504000e+16
2.437053534712300461e+03 1.562430923988168800e+16
2.437387103496137115e+03 1.561964645430504800e+16
2.437720672279974224e+03 1.561495068635013200e+16
2.438054241063811332e+03 1.561022288127134000e+16
2.438387809847647986e+03 1.560546398841216800e+16
2.438721378631485095e+03 1.560067496093619200e+16
2.439054947415321749e+03 1.559585675555945600e+16
2.439388516199158857e+03 1.559101033228446600e+16
2.439722084982995966e+03 1.558613665413580000e+16
2.440055653766832165e+03 1.558123668689755400e+16
2.440389222550669274e+03 1.557631139885263600e+16
2.440722791334505928e+03 1.557136176052412200e+16
2.441056360118343036e+03 1.556638874441871800e+16
2.441389928902180145e+03 1.556139332477243200e+16
2.441723497686016799e+03 1.555637647729858800e+16
2.442057066469853908e+03 1.555133917893825000e+16
2.442390635253690562e+03 1.554628240761319200e+16
2.442724204037527670e+03 1.554120714198147200e+16
2.443057772821364779e+03 1.553611436119566000e+16
2.443391341605201433e+03 1.553100504466390800e+16
2.443724910389038087e+03 1.552588017181387600e+16
2.444058479172874740e+03 1.552074072185954400e+16
2.444392047956711849e+03 1.551558767357116000e+16
2.444725616740548958e+03 1.551042200504809600e+16
2.445059185524385612e+03 1.550524469349504400e+16
2.445392754308222720e+03 1.550005671500134000e+16
2.445726323092059374e+03 1.549485904432354000e+16
2.446059891875896483e+03 1.548965265467143000e+16
2.446393460659733591e+03 1.548443851749730400e+16
2.446727029443570245e+03 1.547921760228879200e+16
2.447060598227407354e+03 1.547399087636513400e+16
2.447394167011243553e+03 1.546875930467697200e+16
2.447727735795080662e+03 1.546352384960973600e+16
2.448061304578917770e+03 1.545828547079062800e+16
2.448394873362754424e+03 1.545304512489924400e+16
2.448728442146591533e+03 1.544780376548190800e+16
2.449062010930428187e+03 1.544256234276964400e+16
2.449395579714265295e+03 1.543732180349994000e+16
2.449729148498102404e+03 1.543208309074221200e+16
2.450062717281939058e+03 1.542684714372702000e+16
2.450396286065776167e+03 1.542161489767917200e+16
2.450729854849612821e+03 1.541638728365443200e+16
2.451063423633449929e+03 1.541116522838022200e+16
2.451396992417287038e+03 1.540594965409999000e+16
2.451730561201123237e+03 1.540074147842146600e+16
2.452064129984960346e+03 1.539554161416869400e+16
2.452397698768797000e+03 1.539035096923790400e+16
2.452731267552634108e+03 1.538517044645714200e+16
2.453064836336471217e+03 1.538000094344973400e+16
2.453398405120307871e+03 1.537484335250148400e+16
2.453731973904144979e+03 1.536969856043176800e+16
2.454065542687981633e+03 1.536456744846821800e+16
2.454399111471818742e+03 1.535945089212531400e+16
2.454732680255655850e+03 1.535434976108653000e+16
2.455066249039492504e+03 1.534926491909034800e+16
2.455399817823329158e+03 1.534419722381984600e+16
2.455733386607165812e+03 1.533914752679594000e+16
2.456066955391002921e+03 1.533411667327431200e+16
2.456400524174840029e+03 1.532910550214585600e+16
2.456734092958676683e+03 1.532411484584075600e+16
2.457067661742513792e+03 1.531914553023604400e+16
2.457401230526350446e+03 1.531419837456664000e+16
2.457734799310187555e+03 1.530927419133992400e+16
2.458068368094024663e+03 1.530437378625365600e+16
2.458401936877861317e+03 1.529949795811726200e+16
2.458735505661698426e+03 1.529464749877654400e+16
2.459069074445534625e+03 1.528982319304158200e+16
2.459402643229371733e+03 1.528502581861795600e+16
2.459736212013208842e+03 1.528025614604113400e+16
2.460069780797045496e+03 1.527551493861397200e+16
2.460403349580882605e+03 1.527080295234751800e+16
2.460736918364719259e+03 1.526612093590457200e+16
2.461070487148556367e+03 1.526146963054650600e+16
2.461404055932393476e+03 1.525684977008292400e+16
2.461737624716230130e+03 1.525226208082425600e+16
2.462071193500067238e+03 1.524770728153722400e+16
2.462404762283903892e+03 1.524318608340303600e+16
2.462738331067741001e+03 1.523869918997841800e+16
2.463071899851578110e+03 1.523424729715926000e+16
2.463405468635414309e+03 1.522983109314694200e+16
2.463739037419251417e+03 1.522545125841723200e+16
2.464072606203088071e+03 1.522110846569165400e+16
2.464406174986925180e+03 1.521680337991139800e+16
2.464739743770762288e+03 1.521253665821359400e+16
2.465073312554598942e+03 1.520830894990988200e+16
2.465406881338436051e+03 1.520412089646741000e+16
2.465740450122272705e+03 1.519997313149189600e+16
2.466074018906109814e+03 1.519586628071300400e+16
2.466407587689946922e+03 1.519180096197172400e+16
2.466741156473783576e+03 1.518777778520989200e+16
2.467074725257620230e+03 1.518379735246166000e+16
2.467408294041456884e+03 1.517986025784687800e+16
2.467741862825293993e+03 1.517596708756640800e+16
2.468075431609131101e+03 1.517211841989924000e+16
2.468409000392967755e+03 1.516831482520132000e+16
2.468742569176804864e+03 1.516455686590615800e+16
2.469076137960641518e+03 1.516084509652697600e+16
2.469409706744478626e+03 1.515718006366055400e+16
2.469743275528315735e+03 1.515356230599248200e+16
2.470076844312152389e+03 1.514999235430398400e+16
2.470410413095989497e+03 1.514647073148006800e+16
2.470743981879825697e+03 1.514299795251905600e+16
2.471077550663662805e+03 1.513957452454344800e+16
2.471411119447499914e+03 1.513620094681193400e+16
2.471744688231336568e+03 1.513287771073267400e+16
2.472078257015173676e+03 1.512960529987762800e+16
2.472411825799010330e+03 1.512638418999802400e+16
2.472745394582847439e+03 1.512321484904080400e+16
2.473078963366684548e+03 1.512009773716597600e+16
2.473412532150521201e+03 1.511703330676500200e+16
2.473746100934358310e+03 1.511402200247992800e+16
2.474079669718194964e+03 1.511106426122330800e+16
2.474413238502032073e+03 1.510816051219899400e+16
2.474746807285869181e+03 1.510531117692344600e+16
2.475080376069705380e+03 1.510251666924784200e+16
2.475413944853542489e+03 1.509977739538069600e+16
2.475747513637379143e+03 1.509709375391101600e+16
2.476081082421216252e+03 1.509446613583203400e+16
2.476414651205053360e+03 1.509189492456526200e+16
2.476748219988890014e+03 1.508938049598503000e+16
2.477081788772727123e+03 1.508692321844337200e+16
2.477415357556563777e+03 1.508452345279516600e+16
2.477748926340400885e+03 1.508218155242357800e+16
2.478082495124237539e+03 1.507989786326566000e+16
2.478416063908074648e+03 1.507767272383824000e+16
2.478749632691911302e+03 1.507550646526374800e+16
2.479083201475747956e+03 1.507339941129627200e+16
2.479416770259585064e+03 1.507135187834762200e+16
2.479750339043421718e+03 1.506936417551334000e+16
2.480083907827258827e+03 1.506743660459873200e+16
2.480417476611095935e+03 1.506556946014473600e+16
2.480751045394932589e+03 1.506376302945375400e+16
2.481084614178769698e+03 1.506201759261528800e+16
2.481418182962606352e+03 1.506033342253131600e+16
2.481751751746443460e+03 1.505871078494155000e+16
2.482085320530280569e+03 1.505714993844831200e+16
2.482418889314116768e+03 1.505565113454115200e+16
2.482752458097953877e+03 1.505421461762115600e+16
2.483086026881790531e+03 1.505284062502474400e+16
2.483419595665627639e+03 1.505152938704727600e+16
2.483753164449464748e+03 1.505028112696596200e+16
2.484086733233301402e+03 1.504909606106252200e+16
2.484420302017138511e+03 1.504797439864517600e+16
2.484753870800975164e+03 1.504691634207019600e+16
2.485087439584812273e+03 1.504592208676287600e+16
2.485421008368649382e+03 1.504499182123784800e+16
2.485754577152486036e+03 1.504412572711884400e+16
2.486088145936323144e+03 1.504332397915780800e+16
2.486421714720159343e+03 1.504258674525327600e+16
2.486755283503996452e+03 1.504191418646811200e+16
2.487088852287833561e+03 1.504130645704649800e+16
2.487422421071670215e+03 1.504076370443014200e+16
2.487755989855507323e+03 1.504028606927382200e+16
2.488089558639343977e+03 1.503987368545996800e+16
2.488423127423181086e+03 1.503952668011258200e+16
2.488756696207018194e+03 1.503924517361023600e+16
2.489090264990854848e+03 1.503902927959821000e+16
2.489423833774691957e+03 1.503887910499983800e+16
2.489757402558528611e+03 1.503879475002681800e+16
2.490090971342365719e+03 1.503877630818876400e+16
2.490424540126202373e+03 1.503882386630169000e+16
2.490758108910039027e+03 1.503893750449562000e+16
2.491091677693876136e+03 1.503911729622126400e+16
2.491425246477712790e+03 1.503936330825561400e+16
2.491758815261549898e+03 1.503967560070665600e+16
2.492092384045387007e+03 1.504005422701701200e+16
2.492425952829223661e+03 1.504049923396657800e+16
2.492759521613060770e+03 1.504101066167416800e+16
2.493093090396897423e+03 1.504158854359806400e+16
2.493426659180734532e+03 1.504223290653554200e+16
2.493760227964571641e+03 1.504294377062136400e+16
2.494093796748407840e+03 1.504372114932513800e+16
2.494427365532244949e+03 1.504456504944771200e+16
2.494760934316081602e+03 1.504547547111632400e+16
2.495094503099918711e+03 1.504645240777885800e+16
2.495428071883755820e+03 1.504749584619681600e+16
2.495761640667592474e+03 1.504860576643732400e+16
2.496095209451429582e+03 1.504978214186401800e+16
2.496428778235266236e+03 1.505102493912673600e+16
2.496762347019103345e+03 1.505233411815024800e+16
2.497095915802940453e+03 1.505370963212172800e+16
2.497429484586777107e+03 1.505515142747721400e+16
2.497763053370614216e+03 1.505665944388697000e+16
2.498096622154450415e+03 1.505823361423964400e+16
2.498430190938287524e+03 1.505987386462545400e+16
2.498763759722124632e+03 1.506158011431814200e+16
2.499097328505961286e+03 1.506335227575592200e+16
2.499430897289798395e+03 1.506519025452132400e+16
2.499764466073635049e+03 1.506709394931992000e+16
2.500098034857472157e+03 1.506906325195796600e+16
2.500431603641309266e+03 1.507109804731903600e+16
2.500765172425145920e+03 1.507319821333951600e+16
2.501098741208983029e+03 1.507536362098310000e+16
2.501432309992819683e+03 1.507759413421418400e+16
2.501765878776656791e+03 1.507988960997035000e+16
2.502099447560493445e+03 1.508224989813364200e+16
2.502433016344330099e+03 1.508467484150100000e+16
2.502766585128167208e+03 1.508716427575366600e+16
2.503100153912003861e+03 1.508971802942553000e+16
2.503433722695840970e+03 1.509233592387062200e+16
2.503767291479678079e+03 1.509501777322963200e+16
2.504100860263514733e+03 1.509776338439545600e+16
2.504434429047351841e+03 1.510057255697790200e+16
2.504767997831188495e+03 1.510344508326748000e+16
2.505101566615025604e+03 1.510638074819837200e+16
2.505435135398862712e+03 1.510937932931049600e+16
2.505768704182698912e+03 1.511244059671081200e+16
2.506102272966536020e+03 1.511556431303383000e+16
2.506435841750372674e+03 1.511875023340133600e+16
2.506769410534209783e+03 1.512199810538142200e+16
2.507102979318046891e+03 1.512530766894676400e+16
2.507436548101883545e+03 1.512867865643226200e+16
2.507770116885720654e+03 1.513211079249202400e+16
2.508103685669557308e+03 1.513560379405573600e+16
2.508437254453394416e+03 1.513915737028447600e+16
2.508770823237231525e+03 1.514277122252592800e+16
2.509104392021068179e+03 1.514644504426916200e+16
2.509437960804905288e+03 1.515017852109894000e+16
2.509771529588741487e+03 1.515397133064950800e+16
2.510105098372578595e+03 1.515782314255811800e+16
2.510438667156415704e+03 1.516173361841808800e+16
2.510772235940252358e+03 1.516570241173165800e+16
2.511105804724089467e+03 1.516972916786256400e+16
2.511439373507926121e+03 1.517381352398828600e+16
2.511772942291763229e+03 1.517795510905233600e+16
2.512106511075600338e+03 1.518215354371621800e+16
2.512440079859436992e+03 1.518640844031148600e+16
2.512773648643274100e+03 1.519071940279165800e+16
2.513107217427110754e+03 1.519508602668425600e+16
2.513440786210947863e+03 1.519950789904288000e+16
2.513774354994784517e+03 1.520398459839948800e+16
2.514107923778621171e+03 1.520851569471678600e+16
2.514441492562458279e+03 1.521310074934097800e+16
2.514775061346294933e+03 1.521773931495476000e+16
2.515108630130132042e+03 1.522243093553076000e+16
2.515442198913969150e+03 1.522717514628538600e+16
2.515775767697805804e+03 1.523197147363315600e+16
2.516109336481642913e+03 1.523681943514171600e+16
2.516442905265479567e+03 1.524171853948735200e+16
2.516776474049316676e+03 1.524666828641131800e+16
2.517110042833153784e+03 1.525166816667693000e+16
2.517443611616989983e+03 1.525671766202746000e+16
2.517777180400827092e+03 1.526181624514506800e+16
2.518110749184663746e+03 1.526696337961056600e+16
2.518444317968500854e+03 1.527215851986447200e+16
2.518777886752337963e+03 1.527740111116900000e+16
2.519111455536174617e+03 1.528269058957145600e+16
2.519445024320011726e+03 1.528802638186887000e+16
2.519778593103848380e+03 1.529340790557401200e+16
2.520112161887685488e+03 1.529883456888293600e+16
2.520445730671522597e+03 1.530430577064402800e+16
2.520779299455359251e+03 1.530982090032873800e+16
2.521112868239196359e+03 1.531537933800407200e+16
2.521446437023032558e+03 1.532098045430681400e+16
2.521780005806869667e+03 1.532662361041975200e+16
2.522113574590706776e+03 1.533230815804984000e+16
2.522447143374543430e+03 1.533803343940848000e+16
2.522780712158380538e+03 1.534379878719403600e+16
2.523114280942217192e+03 1.534960352457644200e+16
2.523447849726054301e+03 1.535544696518446000e+16
2.523781418509891409e+03 1.536132841309512800e+16
2.524114987293728063e+03 1.536724716282592800e+16
2.524448556077565172e+03 1.537320249932959800e+16
2.524782124861401826e+03 1.537919369799160800e+16
2.525115693645238935e+03 1.538522002463061200e+16
2.525449262429075588e+03 1.539128073550171400e+16
2.525782831212912242e+03 1.539737507730289600e+16
2.526116399996749351e+03 1.540350228718455600e+16
2.526449968780586005e+03 1.540966159276221200e+16
2.526783537564423114e+03 1.541585221213270800e+16
2.527117106348260222e+03 1.542207335389370600e+16
2.527450675132096876e+03 1.542832421716683600e+16
2.527784243915933985e+03 1.543460399162442800e+16
2.528117812699770639e+03 1.544091185752001600e+16
2.528451381483607747e+03 1.544724698572266400e+16
2.528784950267444856e+03 1.545360853775526200e+16
2.529118519051281055e+03 1.545999566583683400e+16
2.529452087835118164e+03 1.546640751292900000e+16
2.529785656618954818e+03 1.547284321278668200e+16
2.530119225402791926e+03 1.547930189001311200e+16
2.530452794186629035e+03 1.548578266011929600e+16
2.530786362970465689e+03 1.549228462958797600e+16
2.531119931754302797e+03 1.549880689594224400e+16
2.531453500538139451e+03 1.550534854781881200e+16
2.531787069321976560e+03 1.551190866504610800e+16
2.532120638105813669e+03 1.551848631872728800e+16
2.532454206889650322e+03 1.552508057132810000e+16
2.532787775673487431e+03 1.553169047677001600e+16
2.533121344457323630e+03 1.553831508052824800e+16
2.533454913241160739e+03 1.554495341973519800e+16
2.533788482024997847e+03 1.555160452328909000e+16
2.534122050808834501e+03 1.555826741196801200e+16
2.534455619592671610e+03 1.556494109854940400e+16
2.534789188376508264e+03 1.557162458793504800e+16
2.535122757160345373e+03 1.557831687728170000e+16
2.535456325944182481e+03 1.558501695613724000e+16
2.535789894728019135e+03 1.559172380658269800e+16
2.536123463511856244e+03 1.559843640337992400e+16
2.536457032295692898e+03 1.560515371412510000e+16
2.536790601079530006e+03 1.561187469940820000e+16
2.537124169863366660e+03 1.561859831297820800e+16
2.537457738647203314e+03 1.562532350191445800e+16
2.537791307431040423e+03 1.563204920680386200e+16
2.538124876214877077e+03 1.563877436192418000e+16
2.538458444998714185e+03 1.564549789543337600e+16
2.538792013782551294e+03 1.565221872956500600e+16
2.539125582566387948e+03 1.565893578082968800e+16
2.539459151350225056e+03 1.566564796022279600e+16
2.539792720134061710e+03 1.567235417343805800e+16
2.540126288917898819e+03 1.567905332108744600e+16
2.540459857701735928e+03 1.568574429892712200e+16
2.540793426485572127e+03 1.569242599808942400e+16
2.541126995269409235e+03 1.569909730532100000e+16
2.541460564053245889e+03 1.570575710322700000e+16
2.541794132837082998e+03 1.571240427052129200e+16
2.542127701620920107e+03 1.571903768228259600e+16
2.542461270404756760e+03 1.572565621021674400e+16
2.542794839188593869e+03 1.573225872292469600e+16
2.543128407972430523e+03 1.573884408617646400e+16
2.543461976756267632e+03 1.574541116319086600e+16
2.543795545540104740e+03 1.575195881492091800e+16
2.544129114323941394e+03 1.575848590034494800e+16
2.544462683107778503e+03 1.576499127676332800e+16
2.544796251891614702e+03 1.577147380010044600e+16
2.545129820675451811e+03 1.577793232521239600e+16
2.545463389459288919e+03 1.578436570619964200e+16
2.545796958243125573e+03 1.579077279672503000e+16
2.546130527026962682e+03 1.579715245033679400e+16
2.546464095810799336e+03 1.580350352079646000e+16
2.546797664594636444e+03 1.580982486241153000e+16
2.547131233378473553e+03 1.581611533037288200e+16
2.547464802162310207e+03 1.582237378109654000e+16
2.547798370946147315e+03 1.582859907256992800e+16
2.548131939729983969e+03 1.583479006470216000e+16
2.548465508513821078e+03 1.584094561967845200e+16
2.548799077297657732e+03 1.584706460231827800e+16
2.549132646081494386e+03 1.585314588043718200e+16
2.549466214865331494e+03 1.585918832521210400e+16
2.549799783649168148e+03 1.586519081154983400e+16
2.550133352433005257e+03 1.587115221845864200e+16
2.550466921216842366e+03 1.587707142942261600e+16
2.550800490000679019e+03 1.588294733277868800e+16
2.551134058784516128e+03 1.588877882209603600e+16
2.551467627568352782e+03 1.589456479655756400e+16
2.551801196352189891e+03 1.590030416134343800e+16
2.552134765136026999e+03 1.590599582801611200e+16
2.552468333919863198e+03 1.591163871490688000e+16
2.552801902703700307e+03 1.591723174750360400e+16
2.553135471487536961e+03 1.592277385883925600e+16
2.553469040271374070e+03 1.592826398988118800e+16
2.553802609055211178e+03 1.593370108992064400e+16
2.554136177839047832e+03 1.593908411696247800e+16
2.554469746622884941e+03 1.594441203811465200e+16
2.554803315406721595e+03 1.594968382997716600e+16
2.555136884190558703e+03 1.595489847903036000e+16
2.555470452974395812e+03 1.596005498202203600e+16
2.555804021758232466e+03 1.596515234635332000e+16
2.556137590542069574e+03 1.597018959046286800e+16
2.556471159325905774e+03 1.597516574420905600e+16
2.556804728109742882e+03 1.598007984925002000e+16
2.557138296893579991e+03 1.598493095942112000e+16
2.557471865677416645e+03 1.598971814110951000e+16
2.557805434461253753e+03 1.599444047362565600e+16
2.558139003245090407e+03 1.599909704957130600e+16
2.558472572028927516e+03 1.600368697520377000e+16
2.558806140812764625e+03 1.600820937079605600e+16
2.559139709596601278e+03 1.601266337099279600e+16
2.559473278380438387e+03 1.601704812516131800e+16
2.559806847164275041e+03 1.602136279773791000e+16
2.560140415948112150e+03 1.602560656856876800e+16
2.560473984731948804e+03 1.602977863324535600e+16
2.560807553515785457e+03 1.603387820343398800e+16
2.561141122299622566e+03 1.603790450719928200e+16
2.561474691083459220e+03 1.604185678932108400e+16
2.561808259867296329e+03 1.604573431160486800e+16
2.562141828651133437e+03 1.604953635318503800e+16
2.562475397434970091e+03 1.605326221082103400e+16
2.562808966218807200e+03 1.605691119918597800e+16
2.563142535002643854e+03 1.606048265114745600e+16
2.563476103786480962e+03 1.606397591804044000e+16
2.563809672570318071e+03 1.606739036993180000e+16
2.564143241354154270e+03 1.607072539587639200e+16
2.564476810137991379e+03 1.607398040416447800e+16
2.564810378921828033e+03 1.607715482256006200e+16
2.565143947705665141e+03 1.608024809853024600e+16
2.565477516489502250e+03 1.608325969946502400e+16
2.565811085273338904e+03 1.608618911288764200e+16
2.566144654057176012e+03 1.608903584665525200e+16
2.566478222841012666e+03 1.609179942914942600e+16
2.566811791624849775e+03 1.609447940945684400e+16
2.567145360408686884e+03 1.609707535753951800e+16
2.567478929192523537e+03 1.609958686439470000e+16
2.567812497976360646e+03 1.610201354220431200e+16
2.568146066760196845e+03 1.610435502447355000e+16
2.568479635544033954e+03 1.610661096615887200e+16
2.568813204327871063e+03 1.610878104378499200e+16
2.569146773111707716e+03 1.611086495555095400e+16
2.569480341895544825e+03 1.611286242142513600e+16
2.569813910679381479e+03 1.611477318322907200e+16
2.570147479463218588e+03 1.611659700471016200e+16
2.570481048247055696e+03 1.611833367160311800e+16
2.570814617030892350e+03 1.611998299168007600e+16
2.571148185814729459e+03 1.612154479478955800e+16
2.571481754598566113e+03 1.612301893288395200e+16
2.571815323382403221e+03 1.612440528003581200e+16
2.572148892166239875e+03 1.612570373244280600e+16
2.572482460950076529e+03 1.612691420842146400e+16
2.572816029733913638e+03 1.612803664838958000e+16
2.573149598517750292e+03 1.612907101483748600e+16
2.573483167301587400e+03 1.613001729228823600e+16
2.573816736085424509e+03 1.613087548724665600e+16
2.574150304869261163e+03 1.613164562813745200e+16
2.574483873653098271e+03 1.613232776523244800e+16
2.574817442436934925e+03 1.613292197056698200e+16
2.575151011220772034e+03 1.613342833784573200e+16
2.575484580004609143e+03 1.613384698233783200e+16
2.575818148788445342e+03 1.613417804076178400e+16
2.576151717572282450e+03 1.613442167115992200e+16
2.576485286356119104e+03 1.613457805276285200e+16
2.576818855139956213e+03 1.613464738584394800e+16
2.577152423923793322e+03 1.613462989156399000e+16
2.577485992707629975e+03 1.613452581180627800e+16
2.577819561491467084e+03 1.613433540900236800e+16
2.578153130275303738e+03 1.613405896594846000e+16
2.578486699059140847e+03 1.613369678561292400e+16
2.578820267842977955e+03 1.613324919093494800e+16
2.579153836626814609e+03 1.613271652461464800e+16
2.579487405410651718e+03 1.613209914889483200e+16
2.579820974194487917e+03 1.613139744533464400e+16
2.580154542978325026e+03 1.613061181457532000e+16
2.580488111762162134e+03 1.612974267609836400e+16
2.580821680545998788e+03 1.612879046797624400e+16
2.581155249329835897e+03 1.612775564661611800e+16
2.581488818113672551e+03 1.612663868649652000e+16
2.581822386897509659e+03 1.612544007989761400e+16
2.582155955681346768e+03 1.612416033662496000e+16
2.582489524465183422e+03 1.612279998372725600e+16
2.582823093249020530e+03 1.612135956520842400e+16
2.583156662032857184e+03 1.611983964173392600e+16
2.583490230816694293e+03 1.611824079033205800e+16
2.583823799600530947e+03 1.611656360409013200e+16
2.584157368384367601e+03 1.611480869184606800e+16
2.584490937168204709e+03 1.611297667787551400e+16
2.584824505952041363e+03 1.611106820157486400e+16
2.585158074735878472e+03 1.610908391714045200e+16
2.585491643519715581e+03 1.610702449324413400e+16
2.585825212303552235e+03 1.610489061270561600e+16
2.586158781087389343e+03 1.610268297216177600e+16
2.586492349871225997e+03 1.610040228173322800e+16
2.586825918655063106e+03 1.609804926468847200e+16
2.587159487438900214e+03 1.609562465710578000e+16
2.587493056222736413e+03 1.609312920753329200e+16
2.587826625006573522e+03 1.609056367664733800e+16
2.588160193790410176e+03 1.608792883690949000e+16
2.588493762574247285e+03 1.608522547222242400e+16
2.588827331358084393e+03 1.608245437758492200e+16
2.589160900141921047e+03 1.607961635874632000e+16
2.589494468925758156e+03 1.607671223186058200e+16
2.589828037709594810e+03 1.607374282314021400e+16
2.590161606493431918e+03 1.607070896851036400e+16
2.590495175277269027e+03 1.606761151326329200e+16
2.590828744061105681e+03 1.606445131171337600e+16
2.591162312844942790e+03 1.606122922685306600e+16
2.591495881628778989e+03 1.605794613000971600e+16
2.591829450412616097e+03 1.605460290050386400e+16
2.592163019196453206e+03 1.605120042530884800e+16
2.592496587980289860e+03 1.604773959871213200e+16
2.592830156764126968e+03 1.604422132197860400e+16
2.593163725547963622e+03 1.604064650301576000e+16
2.593497294331800731e+03 1.603701605604137200e+16
2.593830863115637840e+03 1.603333090125338600e+16
2.594164431899474494e+03 1.602959196450253400e+16
2.594498000683311602e+03 1.602580017696779200e+16
2.594831569467148256e+03 1.602195647483460200e+16
2.595165138250985365e+03 1.601806179897636800e+16
2.595498707034822019e+03 1.601411709463908600e+16
2.595832275818658673e+03 1.601012331112942000e+16
2.596165844602495781e+03 1.600608140150629600e+16
2.596499413386332435e+03 1.600199232227616000e+16
2.596832982170169544e+03 1.599785703309196600e+16
2.597166550954006652e+03 1.599367649645612800e+16
2.597500119737843306e+03 1.598945167742746400e+16
2.597833688521680415e+03 1.598518354333222600e+16
2.598167257305517069e+03 1.598087306347936400e+16
2.598500826089354177e+03 1.597652120888011800e+16
2.598834394873191286e+03 1.597212895197194200e+16
2.599167963657027485e+03 1.596769726634696400e+16
2.599501532440864594e+03 1.596322712648495200e+16
2.599835101224701248e+03 1.595871950749090600e+16
2.600168670008538356e+03 1.595417538483734600e+16
2.600502238792375465e+03 1.594959573411129000e+16
2.600835807576212119e+03 1.594498153076607600e+16
2.601169376360049228e+03 1.594033374987798400e+16
2.601502945143885881e+03 1.593565336590771600e+16
2.601836513927722990e+03 1.593094135246681800e+16
2.602170082711560099e+03 1.592619868208902800e+16
2.602503651495396753e+03 1.592142632600660400e+16
2.602837220279233861e+03 1.591662525393158400e+16
2.603170789063070060e+03 1.591179643384212800e+16
2.603504357846907169e+03 1.590694083177383000e+16
2.603837926630744278e+03 1.590205941161597000e+16
2.604171495414580932e+03 1.589715313491300000e+16
2.604505064198418040e+03 1.589222296067080400e+16
2.604838632982254694e+03 1.588726984516816400e+16
2.605172201766091803e+03 1.588229474177309800e+16
2.605505770549928911e+03 1.587729860076425200e+16
2.605839339333765565e+03 1.587228236915728800e+16
2.606172908117602674e+03 1.586724699053617600e+16
2.606506476901439328e+03 1.586219340488941000e+16
2.606840045685276436e+03 1.585712254845118600e+16
2.607173614469113090e+03 1.585203535354738400e+16
2.607507183252949744e+03 1.584693274844639600e+16
2.607840752036786853e+03 1.584181565721486400e+16
2.608174320820623507e+03 1.583668499957794800e+16
2.608507889604460615e+03 1.583154169078459200e+16
2.608841458388297724e+03 1.582638664147724800e+16
2.609175027172134378e+03 1.582122075756632800e+16
2.609508595955971487e+03 1.581604494010925200e+16
2.609842164739808140e+03 1.581086008519393200e+16
2.610175733523645249e+03 1.580566708382689600e+16
2.610509302307482358e+03 1.580046682182562800e+16
2.610842871091318557e+03 1.579526017971543600e+16
2.611176439875155666e+03 1.579004803263059600e+16
2.611510008658992319e+03 1.578483125021970600e+16
2.611843577442829428e+03 1.577961069655522400e+16
2.612177146226666537e+03 1.577438723004721800e+16
2.612510715010503191e+03 1.576916170336105600e+16
2.612844283794340299e+03 1.576393496333925200e+16
2.613177852578176953e+03 1.575870785092705200e+16
2.613511421362014062e+03 1.575348120110207800e+16
2.613844990145851170e+03 1.574825584280764000e+16
2.614178558929687824e+03 1.574303259888986600e+16
2.614512127713524933e+03 1.573781228603845400e+16
2.614845696497361132e+03 1.573259571473101600e+16
2.615179265281198241e+03 1.572738368918100000e+16
2.615512834065035349e+03 1.572217700728900800e+16
2.615846402848872003e+03 1.571697646059753400e+16
2.616179971632709112e+03 1.571178283424904800e+16
2.616513540416545766e+03 1.570659690694726000e+16
2.616847109200382874e+03 1.570141945092163200e+16
2.617180677984219983e+03 1.569625123189495800e+16
2.617514246768056637e+03 1.569109300905395600e+16
2.617847815551893746e+03 1.568594553502294000e+16
2.618181384335730399e+03 1.568080955584021800e+16
2.618514953119567508e+03 1.567568581093746800e+16
2.618848521903404162e+03 1.567057503312178200e+16
2.619182090687240816e+03 1.566547794856043600e+16
2.619515659471077925e+03 1.566039527676828600e+16
2.619849228254914578e+03 1.565532773059762600e+16
2.620182797038751687e+03 1.565027601623070200e+16
2.620516365822588796e+03 1.564524083317445600e+16
2.620849934606425450e+03 1.564022287425769000e+16
2.621183503390262558e+03 1.563522282563057200e+16
2.621517072174099212e+03 1.563024136676622000e+16
2.621850640957936321e+03 1.562527917046459600e+16
2.622184209741773429e+03 1.562033690285827200e+16
2.622517778525609629e+03 1.561541522342044800e+16
2.622851347309446737e+03 1.561051478497474400e+16
2.623184916093283391e+03 1.560563623370696800e+16
2.623518484877120500e+03 1.560078020917867600e+16
2.623852053660957608e+03 1.559594734434251800e+16
2.624185622444794262e+03 1.559113826555927600e+16
2.624519191228631371e+03 1.558635359261656400e+16
2.624852760012468025e+03 1.558159393874908000e+16
2.625186328796305133e+03 1.557685991066043200e+16
2.625519897580142242e+03 1.557215210854636000e+16
2.625853466363978896e+03 1.556747112611944600e+16
2.626187035147816005e+03 1.556281755063514000e+16
2.626520603931652204e+03 1.555819196291907400e+16
2.626854172715489312e+03 1.555359493739566600e+16
2.627187741499326421e+03 1.554902704211784000e+16
2.627521310283163075e+03 1.554448883879794600e+16
2.627854879067000184e+03 1.553998088283975600e+16
2.628188447850836837e+03 1.553550372337147400e+16
2.628522016634673946e+03 1.553105790327972400e+16
2.628855585418511055e+03 1.552664395924449200e+16
2.629189154202347709e+03 1.552226242177494200e+16
2.629522722986184817e+03 1.551791381524608000e+16
2.629856291770021471e+03 1.551359865793617400e+16
2.630189860553858580e+03 1.550931746206495400e+16
2.630523429337695234e+03 1.550507073383246000e+16
2.630856998121531888e+03 1.550085897345861800e+16
2.631190566905368996e+03 1.549668267522335000e+16
2.631524135689205650e+03 1.549254232750726400e+16
2.631857704473042759e+03 1.548843841283292000e+16
2.632191273256879867e+03 1.548437140790648000e+16
2.632524842040716521e+03 1.548034178365988400e+16
2.632858410824553630e+03 1.547635000529337200e+16
2.633191979608390284e+03 1.547239653231840800e+16
2.633525548392227392e+03 1.546848181860088400e+16
2.633859117176064501e+03 1.546460631240462600e+16
2.634192685959900700e+03 1.546077045643513600e+16
2.634526254743737809e+03 1.545697468788358000e+16
2.634859823527574463e+03 1.545321943847089600e+16
2.635193392311411571e+03 1.544950513449209200e+16
2.635526961095248680e+03 1.544583219686058800e+16
2.635860529879085334e+03 1.544220104115271200e+16
2.636194098662922443e+03 1.543861207765215800e+16
2.636527667446759096e+03 1.543506571139449200e+16
2.636861236230596205e+03 1.543156234221162800e+16
2.637194805014433314e+03 1.542810236477623600e+16
2.637528373798269968e+03 1.542468616864606000e+16
2.637861942582107076e+03 1.542131413830818600e+16
2.638195511365943275e+03 1.541798665322302800e+16
2.638529080149780384e+03 1.541470408786830200e+16
2.638862648933617493e+03 1.541146681178268000e+16
2.639196217717454147e+03 1.540827518960926000e+16
2.639529786501291255e+03 1.540512958113880600e+16
2.639863355285127909e+03 1.540203034135267600e+16
2.640196924068965018e+03 1.539897782046541200e+16
2.640530492852802126e+03 1.539597236396711200e+16
2.640864061636638780e+03 1.539301431266529200e+16
2.641197630420475889e+03 1.539010400272655200e+16
2.641531199204312543e+03 1.538724176571762200e+16
2.641864767988149652e+03 1.538442792864621800e+16
2.642198336771986305e+03 1.538166281400123400e+16
2.642531905555822959e+03 1.537894673979264000e+16
2.642865474339660068e+03 1.537628001959078200e+16
2.643199043123496722e+03 1.537366296256521200e+16
2.643532611907333830e+03 1.537109587352298800e+16
2.643866180691170939e+03 1.536857905294639000e+16
2.644199749475007593e+03 1.536611279703012000e+16
2.644533318258844702e+03 1.536369739771786600e+16
2.644866887042681356e+03 1.536133314273826000e+16
2.645200455826518464e+03 1.535902031564027200e+16
2.645534024610355573e+03 1.535675919582783000e+16
2.645867593394191772e+03 1.535455005859393000e+16
2.646201162178028881e+03 1.535239317515395400e+16
2.646534730961865534e+03 1.535028881267833200e+16
2.646868299745702643e+03 1.534823723432452000e+16
2.647201868529539297e+03 1.534623869926816400e+16
2.647535437313376406e+03 1.534429346273363600e+16
2.647869006097213514e+03 1.534240177602371400e+16
2.648202574881050168e+03 1.534056388654849600e+16
2.648536143664887277e+03 1.533878003785363000e+16
2.648869712448723931e+03 1.533705046964756800e+16
2.649203281232561039e+03 1.533537541782816400e+16
2.649536850016398148e+03 1.533375511450832600e+16
2.649870418800234347e+03 1.533218978804087600e+16
2.650203987584071456e+03 1.533067966304258000e+16
2.650537556367908110e+03 1.532922496041719600e+16
2.650871125151745218e+03 1.532782589737777800e+16
2.651204693935582327e+03 1.532648268746796000e+16
2.651538262719418981e+03 1.532519554058243600e+16
2.651871831503256089e+03 1.532396466298643600e+16
2.652205400287092743e+03 1.532279025733430200e+16
2.652538969070929852e+03 1.532167252268715200e+16
2.652872537854766961e+03 1.532061165452953000e+16
2.653206106638603615e+03 1.531960784478511600e+16
2.653539675422440723e+03 1.531866128183149600e+16
2.653873244206276922e+03 1.531777215051387600e+16
2.654206812990114031e+03 1.531694063215785200e+16
2.654540381773951140e+03 1.531616690458116400e+16
2.654873950557787794e+03 1.531545114210440200e+16
2.655207519341624902e+03 1.531479351556074000e+16
2.655541088125461556e+03 1.531419419230456400e+16
2.655874656909298665e+03 1.531365333621915000e+16
2.656208225693135773e+03 1.531317110772316800e+16
2.656541794476972427e+03 1.531274766377624400e+16
2.656875363260809536e+03 1.531238315788338000e+16
2.657208932044645735e+03 1.531207774009829400e+16
2.657542500828482844e+03 1.531183155702572000e+16
2.657876069612319952e+03 1.531164475182255800e+16
2.658209638396156606e+03 1.531151746419795200e+16
2.658543207179993715e+03 1.531144983041227800e+16
2.658876775963830369e+03 1.531144198327494800e+16
2.659210344747667477e+03 1.531149405214118800e+16
2.659543913531504586e+03 1.531160616290754600e+16
2.659877482315341240e+03 1.531177843800642200e+16
2.660211051099178349e+03 1.531201099639934600e+16
2.660544619883015002e+03 1.531230395356912600e+16
2.660878188666852111e+03 1.531265742151084600e+16
2.661211757450689220e+03 1.531307150872172200e+16
2.661545326234525419e+03 1.531354632018973200e+16
2.661878895018362527e+03 1.531408195738119200e+16
2.662212463802199181e+03 1.531467851822696800e+16
2.662546032586036290e+03 1.531533609710768800e+16
2.662879601369873399e+03 1.531605478483763600e+16
2.663213170153710053e+03 1.531683466864752800e+16
2.663546738937547161e+03 1.531767583216606600e+16
2.663880307721383815e+03 1.531857835540026400e+16
2.664213876505220924e+03 1.531954231471462800e+16
2.664547445289058032e+03 1.532056778280905800e+16
2.664881014072894686e+03 1.532165482869559200e+16
2.665214582856731795e+03 1.532280351767392000e+16
2.665548151640567994e+03 1.532401391130564800e+16
2.665881720424405103e+03 1.532528606738740000e+16
2.666215289208242211e+03 1.532662003992262400e+16
2.666548857992078865e+03 1.532801587909227200e+16
2.666882426775915974e+03 1.532947363122413800e+16
2.667215995559752628e+03 1.533099333876104800e+16
2.667549564343589736e+03 1.533257504022780600e+16
2.667883133127426845e+03 1.533421877019688000e+16
2.668216701911263499e+03 1.533592455925289800e+16
2.668550270695100608e+03 1.533769243395589200e+16
2.668883839478936807e+03 1.533952241680330600e+16
2.669217408262773915e+03 1.534141452619080000e+16
2.669550977046611024e+03 1.534336877637178000e+16
2.669884545830447678e+03 1.534538517741575600e+16
2.670218114614284787e+03 1.534746373516544800e+16
2.670551683398121440e+03 1.534960445119264800e+16
2.670885252181958549e+03 1.535180732275291200e+16
2.671218820965795658e+03 1.535407234273897600e+16
2.671552389749632312e+03 1.535639949963298800e+16
2.671885958533469420e+03 1.535878877745758000e+16
2.672219527317306074e+03 1.536124015572558600e+16
2.672553096101143183e+03 1.536375360938878000e+16
2.672886664884980291e+03 1.536632910878516000e+16
2.673220233668816491e+03 1.536896661958527600e+16
2.673553802452653599e+03 1.537166610273723800e+16
2.673887371236490253e+03 1.537442751441056600e+16
2.674220940020327362e+03 1.537725080593892200e+16
2.674554508804164470e+03 1.538013592376162800e+16
2.674888077588001124e+03 1.538308280936404000e+16
2.675221646371838233e+03 1.538609139921682000e+16
2.675555215155674887e+03 1.538916162471400800e+16
2.675888783939511995e+03 1.539229341211003400e+16
2.676222352723349104e+03 1.539548668245557600e+16
2.676555921507185758e+03 1.539874135153231600e+16
2.676889490291022867e+03 1.540205732978666800e+16
2.677223059074859066e+03 1.540543452226234800e+16
2.677556627858696174e+03 1.540887282853193400e+16
2.677890196642533283e+03 1.541237214262737000e+16
2.678223765426369937e+03 1.541593235296943200e+16
2.678557334210207046e+03 1.541955334229621000e+16
2.678890902994043699e+03 1.542323498759052400e+16
2.679224471777880808e+03 1.542697716000646400e+16
2.679558040561717917e+03 1.543077972479482800e+16
2.679891609345554571e+03 1.543464254122778000e+16
2.680225178129391679e+03 1.543856546252247600e+16
2.680558746913227878e+03 1.544254833576378400e+16
2.680892315697064987e+03 1.544659100182625000e+16
2.681225884480902096e+03 1.545069329529503600e+16
2.681559453264738750e+03 1.545485504438614800e+16
2.681893022048575858e+03 1.545907607086586400e+16
2.682226590832412512e+03 1.546335618996927200e+16
2.682560159616249621e+03 1.546769521031820000e+16
2.682893728400086729e+03 1.547209293383830000e+16
2.683227297183923383e+03 1.547654915567551000e+16
2.683560865967760492e+03 1.548106366411185000e+16
2.683894434751597146e+03 1.548563624048052400e+16
2.684228003535434254e+03 1.549026665908050400e+16
2.684561572319271363e+03 1.549495468709050800e+16
2.684895141103107562e+03 1.549970008448238600e+16
2.685228709886944671e+03 1.550450260393415800e+16
2.685562278670781325e+03 1.550936199074244800e+16
2.685895847454618433e+03 1.551427798273460000e+16
2.686229416238455542e+03 1.551925031018032400e+16
2.686562985022292196e+03 1.552427869570308800e+16
2.686896553806129305e+03 1.552936285419117200e+16
2.687230122589965958e+03 1.553450249270846400e+16
2.687563691373803067e+03 1.553969731040506400e+16
2.687897260157640176e+03 1.554494699842771400e+16
2.688230828941476830e+03 1.555025123983010800e+16
2.688564397725313938e+03 1.555560970948319600e+16
2.688897966509150137e+03 1.556102207398537000e+16
2.689231535292987246e+03 1.556648799157278400e+16
2.689565104076824355e+03 1.557200711202963600e+16
2.689898672860661009e+03 1.557757907659882600e+16
2.690232241644498117e+03 1.558320351789252800e+16
2.690565810428334771e+03 1.558888005980322200e+16
2.690899379212171880e+03 1.559460831741497400e+16
2.691232947996008988e+03 1.560038789691510200e+16
2.691566516779845642e+03 1.560621839550622000e+16
2.691900085563682751e+03 1.561209940131891000e+16
2.692233654347518950e+03 1.561803049332484000e+16
2.692567223131356059e+03 1.562401124125058000e+16
2.692900791915193167e+03 1.563004120549207000e+16
2.693234360699029821e+03 1.563611993702991400e+16
2.693567929482866930e+03 1.564224697734546200e+16
2.693901498266703584e+03 1.564842185833782400e+16
2.694235067050540692e+03 1.565464410224186800e+16
2.694568635834377801e+03 1.566091322154727200e+16
2.694902204618214455e+03 1.566722871891869000e+16
2.695235773402051564e+03 1.567359008711720800e+16
2.695569342185888218e+03 1.567999680892296200e+16
2.695902910969725326e+03 1.568644835705927600e+16
2.696236479753562435e+03 1.569294419411811200e+16
2.696570048537398634e+03 1.569948377248717200e+16
2.696903617321235743e+03 1.570606653427854800e+16
2.697237186105072396e+03 1.571269191125910400e+16
2.697570754888909505e+03 1.571935932478270000e+16
2.697904323672746614e+03 1.572606818572420400e+16
2.698237892456583268e+03 1.573281789441553200e+16
2.698571461240420376e+03 1.573960784058377200e+16
2.698905030024257030e+03 1.574643740329142800e+16
2.699238598808094139e+03 1.575330595087894800e+16
2.699572167591931247e+03 1.576021284090951400e+16
2.699905736375767901e+03 1.576715742011641200e+16
2.700239305159604555e+03 1.577413902435280400e+16
2.700572873943441209e+03 1.578115697854421600e+16
2.700906442727278318e+03 1.578821059664371600e+16
2.701240011511115426e+03 1.579529918158996200e+16
2.701573580294952080e+03 1.580242202526811600e+16
2.701907149078789189e+03 1.580957840847388400e+16
2.702240717862625843e+03 1.581676760088060600e+16
2.702574286646462951e+03 1.582398886100963600e+16
2.702907855430300060e+03 1.583124143620402800e+16
2.703241424214136714e+03 1.583852456260568800e+16
2.703574992997973823e+03 1.584583746513605200e+16
2.703908561781810022e+03 1.585317935748042400e+16
2.704242130565647130e+03 1.586054944207610000e+16
2.704575699349484239e+03 1.586794691010426000e+16
2.704909268133320893e+03 1.587537094148593200e+16
2.705242836917158002e+03 1.588282070488196400e+16
2.705576405700994655e+03 1.589029535769714600e+16
2.705909974484831764e+03 1.589779404608870800e+16
2.706243543268668873e+03 1.590531590497904000e+16
2.706577112052505527e+03 1.591286005807304800e+16
2.706910680836342635e+03 1.592042561788004800e+16
2.707244249620179289e+03 1.592801168574026800e+16
2.707577818404016398e+03 1.593561735185625800e+16
2.707911387187853506e+03 1.594324169532913800e+16
2.708244955971689706e+03 1.595088378419980600e+16
2.708578524755526814e+03 1.595854267549532400e+16
2.708912093539363468e+03 1.596621741528037000e+16
2.709245662323200577e+03 1.597390703871411000e+16
2.709579231107037685e+03 1.598161057011231000e+16
2.709912799890874339e+03 1.598932702301504000e+16
2.710246368674711448e+03 1.599705540025987600e+16
2.710579937458548102e+03 1.600479469406073800e+16
2.710913506242385210e+03 1.601254388609251800e+16
2.711247075026222319e+03 1.602030194758153600e+16
2.711580643810058973e+03 1.602806783940178800e+16
2.711914212593895627e+03 1.603584051217743000e+16
2.712247781377732281e+03 1.604361890639100000e+16
2.712581350161569389e+03 1.605140195249807200e+16
2.712914918945406498e+03 1.605918857104798800e+16
2.713248487729243152e+03 1.606697767281082000e+16
2.713582056513080261e+03 1.607476815891088800e+16
2.713915625296916915e+03 1.608255892096641400e+16
2.714249194080754023e+03 1.609034884123595000e+16
2.714582762864591132e+03 1.609813679277103600e+16
2.714916331648427786e+03 1.610592163957566800e+16
2.715249900432264894e+03 1.611370223677231800e+16
2.715583469216101093e+03 1.612147743077455000e+16
2.715917037999938202e+03 1.612924605946653200e+16
2.716250606783775311e+03 1.613700695238906400e+16
2.716584175567611965e+03 1.614475893093259200e+16
2.716917744351449073e+03 1.615250080853695800e+16
2.717251313135285727e+03 1.616023139089787000e+16
2.717584881919122836e+03 1.616794947618042000e+16
2.717918450702959944e+03 1.617565385523930400e+16
2.718252019486796598e+03 1.618334331184592000e+16
2.718585588270633707e+03 1.619101662292246000e+16
2.718919157054470361e+03 1.619867255878265000e+16
2.719252725838307470e+03 1.620630988337954400e+16
2.719586294622144578e+03 1.621392735456001200e+16
2.719919863405980777e+03 1.622152372432608600e+16
2.720253432189817886e+03 1.622909773910313600e+16
2.720587000973654540e+03 1.623664814001470800e+16
2.720920569757491648e+03 1.624417366316416400e+16
2.721254138541328757e+03 1.625167303992287200e+16
2.721587707325165411e+03 1.625914499722512000e+16
2.721921276109002520e+03 1.626658825786956000e+16
2.722254844892839174e+03 1.627400154082705600e+16
2.722588413676676282e+03 1.628138356155505000e+16
2.722921982460513391e+03 1.628873303231819600e+16
2.723255551244350045e+03 1.629604866251524800e+16
2.723589120028186699e+03 1.630332915901222200e+16
2.723922688812023353e+03 1.631057322648134400e+16
2.724256257595860461e+03 1.631777956774628800e+16
2.724589826379697570e+03 1.632494688413298200e+16
2.724923395163534224e+03 1.633207387582626800e+16
2.725256963947371332e+03 1.633915924223213000e+16
2.725590532731207986e+03 1.634620168234532000e+16
2.725924101515045095e+03 1.635319989512241600e+16
2.726257670298882203e+03 1.636015257985990000e+16
2.726591239082718857e+03 1.636705843657738800e+16
2.726924807866555966e+03 1.637391616640557400e+16
2.727258376650392165e+03 1.638072447197900400e+16
2.727591945434229274e+03 1.638748205783323600e+16
2.727925514218066382e+03 1.639418763080635600e+16
2.728259083001903036e+03 1.640083990044465600e+16
2.728592651785740145e+03 1.640743757941223800e+16
2.728926220569576799e+03 1.641397938390433200e+16
2.729259789353413908e+03 1.642046403406418600e+16
2.729593358137251016e+03 1.642689025440320800e+16
2.729926926921087670e+03 1.643325677422426400e+16
2.730260495704924779e+03 1.643956232804784600e+16
2.730594064488761433e+03 1.644580565604075600e+16
2.730927633272598541e+03 1.645198550444739600e+16
2.731261202056435650e+03 1.645810062602300600e+16
2.731594770840271849e+03 1.646414978046890800e+16
2.731928339624108958e+03 1.647013173486941600e+16
2.732261908407945612e+03 1.647604526413006400e+16
2.732595477191782720e+03 1.648188915141705400e+16
2.732929045975619829e+03 1.648766218859744800e+16
2.733262614759456483e+03 1.649336317668005000e+16
2.733596183543293591e+03 1.649899092625658000e+16
2.733929752327130245e+03 1.650454425794278600e+16
2.734263321110967354e+03 1.651002200281945400e+16
2.734596889894804463e+03 1.651542300287274600e+16
2.734930458678641116e+03 1.652074611143374400e+16
2.735264027462477770e+03 1.652599019361698200e+16
2.735597596246314424e+03 1.653115412675732000e+16
2.735931165030151533e+03 1.653623680084537400e+16
2.736264733813988641e+03 1.654123711896071200e+16
2.736598302597825295e+03 1.654615399770287600e+16
2.736931871381662404e+03 1.655098636761974400e+16
2.737265440165499058e+03 1.655573317363293200e+16
2.737599008949336167e+03 1.656039337546004400e+16
2.737932577733173275e+03 1.656496594803333600e+16
2.738266146517009929e+03 1.656944988191458400e+16
2.738599715300847038e+03 1.657384418370587400e+16
2.738933284084683237e+03 1.657814787645580200e+16
2.739266852868520346e+03 1.658236000006114000e+16
2.739600421652357454e+03 1.658647961166332000e+16
2.739933990436194108e+03 1.659050578603966800e+16
2.740267559220031217e+03 1.659443761598897600e+16
2.740601128003867871e+03 1.659827421271118000e+16
2.740934696787704979e+03 1.660201470618084600e+16
2.741268265571542088e+03 1.660565824551412600e+16
2.741601834355378742e+03 1.660920399932893200e+16
2.741935403139215850e+03 1.661265115609816200e+16
2.742268971923052504e+03 1.661599892449544400e+16
2.742602540706889613e+03 1.661924653373344600e+16
2.742936109490726722e+03 1.662239323389414600e+16
2.743269678274562921e+03 1.662543829625114600e+16
2.743603247058400029e+03 1.662838101358354000e+16
2.743936815842236683e+03 1.663122070048112600e+16
2.744270384626073792e+03 1.663395669364083400e+16
2.744603953409910901e+03 1.663658835215398800e+16
2.744937522193747554e+03 1.663911505778424400e+16
2.745271090977584663e+03 1.664153621523606000e+16
2.745604659761421317e+03 1.664385125241328800e+16
2.745938228545258426e+03 1.664605962066787600e+16
2.746271797329095534e+03 1.664816079503836000e+16
2.746605366112932188e+03 1.665015427447802600e+16
2.746938934896768842e+03 1.665203958207254800e+16
2.747272503680605496e+03 1.665381626524684000e+16
2.747606072464442605e+03 1.665548389596111800e+16
2.747939641248279713e+03 1.665704207089586400e+16
2.748273210032116367e+03 1.665849041162565600e+16
2.748606778815953476e+03 1.665982856478167400e+16
2.748940347599790130e+03 1.666105620220273200e+16
2.749273916383627238e+03 1.666217302107480800e+16
2.749607485167464347e+03 1.666317874405884000e+16
2.749941053951301001e+03 1.666407311940680400e+16
2.750274622735138109e+03 1.666485592106599400e+16
2.750608191518974309e+03 1.666552694877121000e+16
2.750941760302811417e+03 1.666608602812512000e+16
2.751275329086648526e+03 1.666653301066649200e+16
2.751608897870485180e+03 1.666686777392635400e+16
2.751942466654322288e+03 1.666709022147200000e+16
2.752276035438158942e+03 1.666720028293884200e+16
2.752609604221996051e+03 1.666719791405014000e+16
2.752943173005833160e+03 1.666708309662446800e+16
2.753276741789669813e+03 1.666685583857111600e+16
2.753610310573506922e+03 1.666651617387326200e+16
2.753943879357343576e+03 1.666606416255903400e+16
2.754277448141180685e+03 1.666549989066055600e+16
2.754611016925017793e+03 1.666482347016085800e+16
2.754944585708853992e+03 1.666403503892887200e+16
2.755278154492691101e+03 1.666313476064250600e+16
2.755611723276527755e+03 1.666212282469990400e+16
2.755945292060364864e+03 1.666099944611891200e+16
2.756278860844201972e+03 1.665976486542496400e+16
2.756612429628038626e+03 1.665841934852738600e+16
2.756945998411875735e+03 1.665696318658434400e+16
2.757279567195712389e+03 1.665539669585641200e+16
2.757613135979549497e+03 1.665372021754908400e+16
2.757946704763386606e+03 1.665193411764416400e+16
2.758280273547223260e+03 1.665003878672043400e+16
2.758613842331059914e+03 1.664803463976353800e+16
2.758947411114896568e+03 1.664592211596529600e+16
2.759280979898733676e+03 1.664370167851284400e+16
2.759614548682570785e+03 1.664137381436742000e+16
2.759948117466407439e+03 1.663893903403330600e+16
2.760281686250244547e+03 1.663639787131696800e+16
2.760615255034081201e+03 1.663375088307660400e+16
2.760948823817918310e+03 1.663099864896241600e+16
2.761282392601755419e+03 1.662814177114770000e+16
2.761615961385592072e+03 1.662518087405102600e+16
2.761949530169429181e+03 1.662211660404985800e+16
2.762283098953265380e+03 1.661894962918557200e+16
2.762616667737102489e+03 1.661568063886048000e+16
2.762950236520939598e+03 1.661231034352676000e+16
2.763283805304776251e+03 1.660883947436778000e+16
2.763617374088613360e+03 1.660526878297201600e+16
2.763950942872450014e+03 1.660159904099971800e+16
2.764284511656287123e+03 1.659783103984275200e+16
2.764618080440124231e+03 1.659396559027777600e+16
2.764951649223960885e+03 1.659000352211305400e+16
2.765285218007797994e+03 1.658594568382917800e+16
2.765618786791634648e+03 1.658179294221398600e+16
2.765952355575471756e+03 1.657754618199194400e+16
2.766285924359308865e+03 1.657320630544824600e+16
2.766619493143145064e+03 1.656877423204796000e+16
2.766953061926982173e+03 1.656425089805048400e+16
2.767286630710818827e+03 1.655963725611958400e+16
2.767620199494655935e+03 1.655493427492928600e+16
2.767953768278493044e+03 1.655014293876598000e+16
2.768287337062329698e+03 1.654526424712684800e+16
2.768620905846166806e+03 1.654029921431518600e+16
2.768954474630003460e+03 1.653524886903257000e+16
2.769288043413840569e+03 1.653011425396837800e+16
2.769621612197677678e+03 1.652489642538688600e+16
2.769955180981514332e+03 1.651959645271216400e+16
2.770288749765350985e+03 1.651421541811120400e+16
2.770622318549187639e+03 1.650875441607522200e+16
2.770955887333024748e+03 1.650321455299989000e+16
2.771289456116861857e+03 1.649759694676432200e+16
2.771623024900698510e+03 1.649190272630932600e+16
2.771956593684535619e+03 1.648613303121511200e+16
2.772290162468372273e+03 1.648028901127877000e+16
2.772623731252209382e+03 1.647437182609166600e+16
2.772957300036046490e+03 1.646838264461711200e+16
2.773290868819883144e+03 1.646232264476851600e+16
2.773624437603720253e+03 1.645619301298829200e+16
2.773958006387556452e+03 1.644999494382770800e+16
2.774291575171393561e+03 1.644372963952794800e+16
2.774625143955230669e+03 1.643739830960263200e+16
2.774958712739067323e+03 1.643100217042200200e+16
2.775292281522904432e+03 1.642454244479902600e+16
2.775625850306741086e+03 1.641802036157753400e+16
2.775959419090578194e+03 1.641143715522277200e+16
2.776292987874415303e+03 1.640479406541441400e+16
2.776626556658251957e+03 1.639809233664233000e+16
2.776960125442089065e+03 1.639133321780532800e+16
2.777293694225925719e+03 1.638451796181288600e+16
2.777627263009762828e+03 1.637764782519035200e+16
2.777960831793599937e+03 1.637072406768744200e+16
2.778294400577436136e+03 1.636374795189059600e+16
2.778627969361273244e+03 1.635672074283893600e+16
2.778961538145109898e+03 1.634964370764437600e+16
2.779295106928947007e+03 1.634251811511582000e+16
2.779628675712784116e+03 1.633534523538758600e+16
2.779962244496620769e+03 1.632812633955231400e+16
2.780295813280457878e+03 1.632086269929846000e+16
2.780629382064294532e+03 1.631355558655242200e+16
2.780962950848131641e+03 1.630620627312555600e+16
2.781296519631968749e+03 1.629881603036607000e+16
2.781630088415805403e+03 1.629138612881602400e+16
2.781963657199642057e+03 1.628391783787343600e+16
2.782297225983478711e+03 1.627641242545969200e+16
2.782630794767315820e+03 1.626887115769234000e+16
2.782964363551152928e+03 1.626129529856319600e+16
2.783297932334989582e+03 1.625368610962212800e+16
2.783631501118826691e+03 1.624604484966636000e+16
2.783965069902663345e+03 1.623837277443546400e+16
2.784298638686500453e+03 1.623067113631212600e+16
2.784632207470337562e+03 1.622294118402860600e+16
2.784965776254174216e+03 1.621518416237919800e+16
2.785299345038011325e+03 1.620740131193850400e+16
2.785632913821847524e+03 1.619959386878562400e+16
2.785966482605684632e+03 1.619176306423440200e+16
2.786300051389521741e+03 1.618391012456965000e+16
2.786633620173358395e+03 1.617603627078938000e+16
2.786967188957195503e+03 1.616814271835319800e+16
2.787300757741032157e+03 1.616023067693663200e+16
2.787634326524869266e+03 1.615230135019170000e+16
2.787967895308706375e+03 1.614435593551344400e+16
2.788301464092543029e+03 1.613639562381267600e+16
2.788635032876380137e+03 1.612842159929475400e+16
2.788968601660216791e+03 1.612043503924446400e+16
2.789302170444053900e+03 1.611243711381702400e+16
2.789635739227891008e+03 1.610442898583505200e+16
2.789969308011727207e+03 1.609641181059170400e+16
2.790302876795564316e+03 1.608838673565981600e+16
2.790636445579400970e+03 1.608035490070688000e+16
2.790970014363238079e+03 1.607231743731625000e+16
2.791303583147075187e+03 1.606427546881404600e+16
2.791637151930911841e+03 1.605623011010210000e+16
2.791970720714748950e+03 1.604818246749669400e+16
2.792304289498585604e+03 1.604013363857307600e+16
2.792637858282422712e+03 1.603208471201581600e+16
2.792971427066259821e+03 1.602403676747478000e+16
2.793304995850096475e+03 1.601599087542684400e+16
2.793638564633933129e+03 1.600794809704314600e+16
2.793972133417769783e+03 1.599990948406187200e+16
2.794305702201606891e+03 1.599187607866658800e+16
2.794639270985444000e+03 1.598384891336991400e+16
2.794972839769280654e+03 1.597582901090253600e+16
2.795306408553117762e+03 1.596781738410761200e+16
2.795639977336954416e+03 1.595981503584020600e+16
2.795973546120791525e+03 1.595182295887203200e+16
2.796307114904628634e+03 1.594384213580112000e+16
2.796640683688465288e+03 1.593587353896654400e+16
2.796974252472302396e+03 1.592791813036807400e+16
2.797307821256138595e+03 1.591997686159056000e+16
2.797641390039975704e+03 1.591205067373314200e+16
2.797974958823812813e+03 1.590414049734312600e+16
2.798308527607649467e+03 1.589624725235437200e+16
2.798642096391486575e+03 1.588837184803031200e+16
2.798975665175323229e+03 1.588051518291116800e+16
2.799309233959160338e+03 1.587267814476576800e+16
2.799642802742997446e+03 1.586486161054735200e+16
2.799976371526834100e+03 1.585706644635370200e+16
2.800309940310671209e+03 1.584929350739122800e+16
2.800643509094507863e+03 1.584154363794313200e+16
2.800977077878344971e+03 1.583381767134139400e+16
2.801310646662182080e+03 1.582611642994251400e+16
2.801644215446018279e+03 1.581844072510708800e+16
2.801977784229855388e+03 1.581079135718293600e+16
2.802311353013692042e+03 1.580316911549171600e+16
2.802644921797529150e+03 1.579557477831908600e+16
2.802978490581366259e+03 1.578800911290811400e+16
2.803312059365202913e+03 1.578047287545603800e+16
2.803645628149040022e+03 1.577296681111412200e+16
2.803979196932876675e+03 1.576549165399068000e+16
2.804312765716713784e+03 1.575804812715703800e+16
2.804646334500550893e+03 1.575063694265642400e+16
2.804979903284387547e+03 1.574325880151567200e+16
2.805313472068224200e+03 1.573591439375970400e+16
2.805647040852060854e+03 1.572860439842858200e+16
2.805980609635897963e+03 1.572132948359722800e+16
2.806314178419735072e+03 1.571409030639752200e+16
2.806647747203571726e+03 1.570688751304283800e+16
2.806981315987408834e+03 1.569972173885495200e+16
2.807314884771245488e+03 1.569259360829302800e+16
2.807648453555082597e+03 1.568550373498496400e+16
2.807982022338919705e+03 1.567845272176056000e+16
2.808315591122756359e+03 1.567144116068686600e+16
2.808649159906593468e+03 1.566446963310541600e+16
2.808982728690429667e+03 1.565753870967112800e+16
2.809316297474266776e+03 1.565064895039321200e+16
2.809649866258103884e+03 1.564380090467751200e+16
2.809983435041940538e+03 1.563699511137063800e+16
2.810317003825777647e+03 1.563023209880553400e+16
2.810650572609614301e+03 1.562351238484851000e+16
2.810984141393451409e+03 1.561683647694769800e+16
2.811317710177288518e+03 1.561020487218282400e+16
2.811651278961125172e+03 1.560361805731615400e+16
2.811984847744962281e+03 1.559707650884473800e+16
2.812318416528798934e+03 1.559058069305369800e+16
2.812651985312636043e+03 1.558413106607060200e+16
2.812985554096473152e+03 1.557772807392075600e+16
2.813319122880309351e+03 1.557137215258355000e+16
2.813652691664146460e+03 1.556506372804955200e+16
2.813986260447983113e+03 1.555880321637847600e+16
2.814319829231820222e+03 1.555259102375788400e+16
2.814653398015657331e+03 1.554642754656254000e+16
2.814986966799493985e+03 1.554031317141449600e+16
2.815320535583331093e+03 1.553424827524367600e+16
2.815654104367167747e+03 1.552823322534899200e+16
2.815987673151004856e+03 1.552226837946003400e+16
2.816321241934841964e+03 1.551635408579904400e+16
2.816654810718678618e+03 1.551049068314344000e+16
2.816988379502515272e+03 1.550467850088850800e+16
2.817321948286351926e+03 1.549891785911053400e+16
2.817655517070189035e+03 1.549320906863006600e+16
2.817989085854026143e+03 1.548755243107543000e+16
2.818322654637862797e+03 1.548194823894642600e+16
2.818656223421699906e+03 1.547639677567810400e+16
2.818989792205536560e+03 1.547089831570464800e+16
2.819323360989373668e+03 1.546545312452328600e+16
2.819656929773210322e+03 1.546006145875823400e+16
2.819990498557047431e+03 1.545472356622461600e+16
2.820324067340884540e+03 1.544943968599228400e+16
2.820657636124720739e+03 1.544421004844955800e+16
2.820991204908557847e+03 1.543903487536695800e+16
2.821324773692394501e+03 1.543391437996056600e+16
2.821658342476231610e+03 1.542884876695542800e+16
2.821991911260068719e+03 1.542383823264860200e+16
2.822325480043905372e+03 1.541888296497205400e+16
2.822659048827742481e+03 1.541398314355530400e+16
2.822992617611579135e+03 1.540913893978769200e+16
2.823326186395416244e+03 1.540435051688051800e+16
2.823659755179253352e+03 1.539961802992867400e+16
2.823993323963090006e+03 1.539494162597208400e+16
2.824326892746927115e+03 1.539032144405673800e+16
2.824660461530763314e+03 1.538575761529530600e+16
2.824994030314600423e+03 1.538125026292746000e+16
2.825327599098437531e+03 1.537679950237968800e+16
2.825661167882274185e+03 1.537240544132477800e+16
2.825994736666111294e+03 1.536806817974084800e+16
2.826328305449947948e+03 1.536378780996989600e+16
2.826661874233785056e+03 1.535956441677598400e+16
2.826995443017622165e+03 1.535539807740287600e+16
2.827329011801458819e+03 1.535128886163126400e+16
2.827662580585295927e+03 1.534723683183557800e+16
2.827996149369132581e+03 1.534324204304015600e+16
2.828329718152969690e+03 1.533930454297512400e+16
2.828663286936806344e+03 1.533542437213166400e+16
2.828996855720642998e+03 1.533160156381683400e+16
2.829330424504480106e+03 1.532783614420795800e+16
2.829663993288316760e+03 1.532412813240643600e+16
2.829997562072153869e+03 1.532047754049114200e+16
2.830331130855990978e+03 1.531688437357129800e+16
2.830664699639827631e+03 1.531334862983887600e+16
2.830998268423664740e+03 1.530987030062058000e+16
2.831331837207501394e+03 1.530644937042924000e+16
2.831665405991338503e+03 1.530308581701488200e+16
2.831998974775175611e+03 1.529977961141521800e+16
2.832332543559011810e+03 1.529653071800574600e+16
2.832666112342848919e+03 1.529333909454941200e+16
2.832999681126685573e+03 1.529020469224582400e+16
2.833333249910522682e+03 1.528712745578001400e+16
2.833666818694359790e+03 1.528410732337085200e+16
2.834000387478196444e+03 1.528114422681900200e+16
2.834333956262033553e+03 1.527823809155455200e+16
2.834667525045870207e+03 1.527538883668415800e+16
2.835001093829707315e+03 1.527259637503795600e+16
2.835334662613544424e+03 1.526986061321608400e+16
2.835668231397381078e+03 1.526718145163479800e+16
2.836001800181218186e+03 1.526455878457241200e+16
2.836335368965054386e+03 1.526199250021480800e+16
2.836668937748891494e+03 1.525948248070077800e+16
2.837002506532728603e+03 1.525702860216701600e+16
2.837336075316565257e+03 1.525463073479290800e+16
2.837669644100402365e+03 1.525228874284512600e+16
2.838003212884239019e+03 1.525000248472196000e+16
2.838336781668076128e+03 1.524777181299752200e+16
2.838670350451913237e+03 1.524559657446572600e+16
2.839003919235749891e+03 1.524347661018421600e+16
2.839337488019586999e+03 1.524141175551812800e+16
2.839671056803423653e+03 1.523940184018370600e+16
2.840004625587260762e+03 1.523744668829197800e+16
2.840338194371097416e+03 1.523554611839223800e+16
2.840671763154934069e+03 1.523369994351561400e+16
2.841005331938771178e+03 1.523190797121862600e+16
2.841338900722607832e+03 1.523017000362666800e+16
2.841672469506444941e+03 1.522848583747771200e+16
2.842006038290282049e+03 1.522685526416590400e+16
2.842339607074118703e+03 1.522527806978541800e+16
2.842673175857955812e+03 1.522375403517437600e+16
2.843006744641792466e+03 1.522228293595888800e+16
2.843340313425629574e+03 1.522086454259734400e+16
2.843673882209466683e+03 1.521949862042487200e+16
2.844007450993302882e+03 1.521818492969803200e+16
2.844341019777139991e+03 1.521692322563983200e+16
2.844674588560976645e+03 1.521571325848496000e+16
2.845008157344813753e+03 1.521455477352534400e+16
2.845341726128650862e+03 1.521344751115613200e+16
2.845675294912487516e+03 1.521239120692195600e+16
2.846008863696324624e+03 1.521138559156368000e+16
2.846342432480161278e+03 1.521043039106548600e+16
2.846676001263998387e+03 1.520952532670250800e+16
2.847009570047835496e+03 1.520867011508889600e+16
2.847343138831672150e+03 1.520786446822640800e+16
2.847676707615509258e+03 1.520710809355356200e+16
2.848010276399345457e+03 1.520640069399528800e+16
2.848343845183182566e+03 1.520574196801329600e+16
2.848677413967019675e+03 1.520513160965692800e+16
2.849010982750856328e+03 1.520456930861474800e+16
2.849344551534693437e+03 1.520405475026679200e+16
2.849678120318530091e+03 1.520358761573748000e+16
2.850011689102367200e+03 1.520316758194930200e+16
2.850345257886204308e+03 1.520279432167724800e+16
2.850678826670040962e+03 1.520246750360394000e+16
2.851012395453878071e+03 1.520218679237570400e+16
2.851345964237714725e+03 1.520195184865932400e+16
2.851679533021551833e+03 1.520176232919975400e+16
2.852013101805388487e+03 1.520161788687861200e+16
2.852346670589225141e+03 1.520151817077363600e+16
2.852680239373062250e+03 1.520146282621903200e+16
2.853013808156898904e+03 1.520145149486670600e+16
2.853347376940736012e+03 1.520148381474857600e+16
2.853680945724573121e+03 1.520155942033970800e+16
2.854014514508409775e+03 1.520167794262256400e+16
2.854348083292246884e+03 1.520183900915220200e+16
2.854681652076083537e+03 1.520204224412250400e+16
2.855015220859920646e+03 1.520228726843351800e+16
2.855348789643757755e+03 1.520257369975976000e+16
2.855682358427593954e+03 1.520290115261964200e+16
2.856015927211431062e+03 1.520326923844603600e+16
2.856349495995267716e+03 1.520367756565782800e+16
2.856683064779104825e+03 1.520412573973268400e+16
2.857016633562941934e+03 1.520461336328089400e+16
2.857350202346778588e+03 1.520514003612034000e+16
2.857683771130615696e+03 1.520570535535265400e+16
2.858017339914452350e+03 1.520630891544045200e+16
2.858350908698289459e+03 1.520695030828577000e+16
2.858684477482126567e+03 1.520762912330964800e+16
2.859018046265963221e+03 1.520834494753285000e+16
2.859351615049800330e+03 1.520909736565778800e+16
2.859685183833636529e+03 1.520988596015156400e+16
2.860018752617473638e+03 1.521071031133021800e+16
2.860352321401310746e+03 1.521156999744408400e+16
2.860685890185147400e+03 1.521246459476433600e+16
2.861019458968984509e+03 1.521339367767068000e+16
2.861353027752821163e+03 1.521435681874017600e+16
2.861686596536658271e+03 1.521535358883723600e+16
2.862020165320495380e+03 1.521638355720464800e+16
2.862353734104332034e+03 1.521744629155585200e+16
2.862687302888169143e+03 1.521854135816821600e+16
2.863020871672005796e+03 1.521966832197743400e+16
2.863354440455842905e+03 1.522082674667298600e+16
2.863688009239679559e+03 1.522201619479467200e+16
2.864021578023516213e+03 1.522323622783016200e+16
2.864355146807353321e+03 1.522448640631355600e+16
2.864688715591189975e+03 1.522576628992496200e+16
2.865022284375027084e+03 1.522707543759104000e+16
2.865355853158864193e+03 1.522841340758641600e+16
2.865689421942700847e+03 1.522977975763613400e+16
2.866022990726537955e+03 1.523117404501887800e+16
2.866356559510374609e+03 1.523259582667113400e+16
2.866690128294211718e+03 1.523404465929216000e+16
2.867023697078048826e+03 1.523552009944962600e+16
2.867357265861885026e+03 1.523702170368622400e+16
2.867690834645722134e+03 1.523854902862682600e+16
2.868024403429558788e+03 1.524010163108636200e+16
2.868357972213395897e+03 1.524167906817835000e+16
2.868691540997233005e+03 1.524328089742403600e+16
2.869025109781069659e+03 1.524490667686200800e+16
2.869358678564906768e+03 1.524655596515845800e+16
2.869692247348743422e+03 1.524822832171769400e+16
2.870025816132580530e+03 1.524992330679331000e+16
2.870359384916417639e+03 1.525164048159949200e+16
2.870692953700254293e+03 1.525337940842277800e+16
2.871026522484091402e+03 1.525513965073401200e+16
2.871360091267927601e+03 1.525692077330050800e+16
2.871693660051764709e+03 1.525872234229838000e+16
2.872027228835601818e+03 1.526054392542496400e+16
2.872360797619438472e+03 1.526238509201119000e+16
2.872694366403275581e+03 1.526424541313407400e+16
2.873027935187112234e+03 1.526612446172897400e+16
2.873361503970949343e+03 1.526802181270180000e+16
2.873695072754786452e+03 1.526993704304093800e+16
2.874028641538623106e+03 1.527186973192896200e+16
2.874362210322460214e+03 1.527381946085394200e+16
2.874695779106296868e+03 1.527578581372038400e+16
2.875029347890133977e+03 1.527776837695968400e+16
2.875362916673970631e+03 1.527976673964001400e+16
2.875696485457807285e+03 1.528178049357564800e+16
2.876030054241644393e+03 1.528380923343555400e+16
2.876363623025481047e+03 1.528585255685127000e+16
2.876697191809318156e+03 1.528791006452396000e+16
2.877030760593155264e+03 1.528998136033053800e+16
2.877364329376991918e+03 1.529206605142886800e+16
2.877697898160829027e+03 1.529416374836193000e+16
2.878031466944665681e+03 1.529627406516082800e+16
2.878365035728502789e+03 1.529839661944674000e+16
2.878698604512339898e+03 1.530053103253142000e+16
2.879032173296176097e+03 1.530267692951657200e+16
2.879365742080013206e+03 1.530483393939174800e+16
2.879699310863849860e+03 1.530700169513072000e+16
2.880032879647686968e+03 1.530917983378643000e+16
2.880366448431524077e+03 1.531136799658421400e+16
2.880700017215360731e+03 1.531356582901343000e+16
2.881033585999197840e+03 1.531577298091730400e+16
2.881367154783034493e+03 1.531798910658090600e+16
2.881700723566871602e+03 1.532021386481731800e+16
2.882034292350708711e+03 1.532244691905177800e+16
2.882367861134545365e+03 1.532468793740375600e+16
2.882701429918382473e+03 1.532693659276708400e+16
2.883034998702218672e+03 1.532919256288771400e+16
2.883368567486055781e+03 1.533145553043944800e+16
2.883702136269892890e+03 1.533372518309720000e+16
2.884035705053729544e+03 1.533600121360798600e+16
2.884369273837566652e+03 1.533828331985956000e+16
2.884702842621403306e+03 1.534057120494638800e+16
2.885036411405240415e+03 1.534286457723326000e+16
2.885369980189077523e+03 1.534516315041622000e+16
2.885703548972914177e+03 1.534746664358083000e+16
2.886037117756751286e+03 1.534977478125781400e+16
2.886370686540587940e+03 1.535208729347582000e+16
2.886704255324425048e+03 1.535440391581149600e+16
2.887037824108261702e+03 1.535672438943659600e+16
2.887371392892098356e+03 1.535904846116227200e+16
2.887704961675935465e+03 1.536137588348037600e+16
2.888038530459772119e+03 1.536370641460174600e+16
2.888372099243609227e+03 1.536603981849151600e+16
2.888705668027446336e+03 1.536837586490130800e+16
2.889039236811282990e+03 1.537071432939832600e+16
2.889372805595120099e+03 1.537305499339134800e+16
2.889706374378956752e+03 1.537539764415348400e+16
2.890039943162793861e+03 1.537774207484176400e+16
2.890373511946630970e+03 1.538008808451353600e+16
2.890707080730467169e+03 1.538243547813952000e+16
2.891040649514304278e+03 1.538478406661371600e+16
2.891374218298140931e+03 1.538713366675987000e+16
2.891707787081978040e+03 1.538948410133477800e+16
2.892041355865815149e+03 1.539183519902819400e+16
2.892374924649651803e+03 1.539418679445937400e+16
2.892708493433488911e+03 1.539653872817040000e+16
2.893042062217325565e+03 1.539889084661600800e+16
2.893375631001162674e+03 1.540124300215021600e+16
2.893709199784999782e+03 1.540359505300947200e+16
2.894042768568836436e+03 1.540594686329255200e+16
2.894376337352673545e+03 1.540829830293711200e+16
2.894709906136509744e+03 1.541064924769282600e+16
2.895043474920346853e+03 1.541299957909132600e+16
2.895377043704183961e+03 1.541534918441273800e+16
2.895710612488020615e+03 1.541769795664897600e+16
2.896044181271857724e+03 1.542004579446378400e+16
2.896377750055694378e+03 1.542239260214947000e+16
2.896711318839531486e+03 1.542473828958050000e+16
2.897044887623368595e+03 1.542708277216381600e+16
2.897378456407205249e+03 1.542942597078605000e+16
2.897712025191042358e+03 1.543176781175758400e+16
2.898045593974879012e+03 1.543410822675351800e+16
2.898379162758716120e+03 1.543644715275157600e+16
2.898712731542552774e+03 1.543878453196699000e+16
2.899046300326389428e+03 1.544112031178445600e+16
2.899379869110226537e+03 1.544345444468706800e+16
2.899713437894063190e+03 1.544578688818247200e+16
2.900047006677900299e+03 1.544811760472613400e+16
2.900380575461737408e+03 1.545044656164183600e+16
2.900714144245574062e+03 1.545277373103944000e+16
2.901047713029411170e+03 1.545509908973004400e+16
2.901381281813247824e+03 1.545742261913841600e+16
2.901714850597084933e+03 1.545974430521301200e+16
2.902048419380922041e+03 1.546206413833341200e+16
2.902381988164758241e+03 1.546438211321537000e+16
2.902715556948595349e+03 1.546669822881355600e+16
2.903049125732432003e+03 1.546901248822187000e+16
2.903382694516269112e+03 1.547132489857178000e+16
2.903716263300106220e+03 1.547363547092824400e+16
2.904049832083942874e+03 1.547594422018378400e+16
2.904383400867779983e+03 1.547825116495044400e+16
2.904716969651616637e+03 1.548055632744985000e+16
2.905050538435453745e+03 1.548285973340148000e+16
2.905384107219290854e+03 1.548516141190908600e+16
2.905717676003127508e+03 1.548746139534550800e+16
2.906051244786964617e+03 1.548975971923583000e+16
2.906384813570800816e+03 1.549205642213905000e+16
2.906718382354637924e+03 1.549435154552834000e+16
2.907051951138475033e+03 1.549664513366982800e+16
2.907385519922311687e+03 1.549893723350026000e+16
2.907719088706148796e+03 1.550122789450340400e+16
2.908052657489985450e+03 1.550351716858531600e+16
2.908386226273822558e+03 1.550580510994869200e+16
2.908719795057659667e+03 1.550809177496618000e+16
2.909053363841496321e+03 1.551037722205293200e+16
2.909386932625333429e+03 1.551266151153839400e+16
2.909720501409170083e+03 1.551494470553734400e+16
2.910054070193007192e+03 1.551722686782048800e+16
2.910387638976843846e+03 1.551950806368442800e+16
2.910721207760680500e+03 1.552178835982130000e+16
2.911054776544517608e+03 1.552406782418809600e+16
2.911388345328354262e+03 1.552634652587570000e+16
2.911721914112191371e+03 1.552862453497783600e+16
2.912055482896028479e+03 1.553090192245989800e+16
2.912389051679865133e+03 1.553317876002783600e+16
2.912722620463702242e+03 1.553545511999720000e+16
2.913056189247538896e+03 1.553773107516226400e+16
2.913389758031376005e+03 1.554000669866553600e+16
2.913723326815213113e+03 1.554228206386755200e+16
2.914056895599049312e+03 1.554455724421717000e+16
2.914390464382886421e+03 1.554683231312238400e+16
2.914724033166723075e+03 1.554910734382166600e+16
2.915057601950560183e+03 1.555138240925612800e+16
2.915391170734397292e+03 1.555365758194231800e+16
2.915724739518233946e+03 1.555593293384592400e+16
2.916058308302071055e+03 1.555820853625641600e+16
2.916391877085907709e+03 1.556048445966262000e+16
2.916725445869744817e+03 1.556276077362942600e+16
2.917059014653581926e+03 1.556503754667555200e+16
2.917392583437418580e+03 1.556731484615262400e+16
2.917726152221255688e+03 1.556959273812545400e+16
2.918059721005091887e+03 1.557187128725372400e+16
2.918393289788928996e+03 1.557415055667507000e+16
2.918726858572766105e+03 1.557643060788964000e+16
2.919060427356602759e+03 1.557871150064620800e+16
2.919393996140439867e+03 1.558099329282994400e+16
2.919727564924276521e+03 1.558327604035179600e+16
2.920061133708113630e+03 1.558555979703965000e+16
2.920394702491950738e+03 1.558784461453125600e+16
2.920728271275787392e+03 1.559013054216905200e+16
2.921061840059624501e+03 1.559241762689684800e+16
2.921395408843461155e+03 1.559470591315847600e+16
2.921728977627298264e+03 1.559699544279851600e+16
2.922062546411134917e+03 1.559928625496499600e+16
2.922396115194971571e+03 1.560157838601421600e+16
2.922729683978808680e+03 1.560387186941785600e+16
2.923063252762645334e+03 1.560616673567211200e+16
2.923396821546482442e+03 1.560846301220921200e+16
2.923730390330319551e+03 1.561076072331115800e+16
2.924063959114156205e+03 1.561305989002580400e+16
2.924397527897993314e+03 1.561536053008536000e+16
2.924731096681829968e+03 1.561766265782724000e+16
2.925064665465667076e+03 1.561996628411738200e+16
2.925398234249504185e+03 1.562227141627603000e+16
2.925731803033340384e+03 1.562457805800603400e+16
2.926065371817177493e+03 1.562688620932372400e+16
2.926398940601014147e+03 1.562919586649226400e+16
2.926732509384851255e+03 1.563150702195768400e+16
2.927066078168688364e+03 1.563381966428750800e+16
2.927399646952525018e+03 1.563613377811196000e+16
2.927733215736362126e+03 1.563844934406796800e+16
2.928066784520198780e+03 1.564076633874570000e+16
2.928400353304035889e+03 1.564308473463794400e+16
2.928733922087872998e+03 1.564540450009208800e+16
2.929067490871709651e+03 1.564772559926490200e+16
2.929401059655546760e+03 1.565004799208007200e+16
2.929734628439382959e+03 1.565237163418844800e+16
2.930068197223220068e+03 1.565469647693112000e+16
2.930401766007057176e+03 1.565702246730519400e+16
2.930735334790893830e+03 1.565934954793247400e+16
2.931068903574730939e+03 1.566167765703081600e+16
2.931402472358567593e+03 1.566400672838833600e+16
2.931736041142404702e+03 1.566633669134042600e+16
2.932069609926241810e+03 1.566866747074957200e+16
2.932403178710078464e+03 1.567099898698789600e+16
2.932736747493915573e+03 1.567333115592262600e+16
2.933070316277752227e+03 1.567566388890424800e+16
2.933403885061589335e+03 1.567799709275752400e+16
2.933737453845425989e+03 1.568033066977522800e+16
2.934071022629262643e+03 1.568266451771474800e+16
2.934404591413099752e+03 1.568499852979733800e+16
2.934738160196936406e+03 1.568733259471027000e+16
2.935071728980773514e+03 1.568966659661161800e+16
2.935405297764610623e+03 1.569200041513781000e+16
2.935738866548447277e+03 1.569433392541393000e+16
2.936072435332284385e+03 1.569666699806671200e+16
2.936406004116121039e+03 1.569899949924020400e+16
2.936739572899958148e+03 1.570133129061409200e+16
2.937073141683795257e+03 1.570366222942474600e+16
2.937406710467631456e+03 1.570599216848882200e+16
2.937740279251468564e+03 1.570832095622951400e+16
2.938073848035305218e+03 1.571064843670536400e+16
2.938407416819142327e+03 1.571297444964168000e+16
2.938740985602979435e+03 1.571529883046446800e+16
2.939074554386816089e+03 1.571762141033685600e+16
2.939408123170653198e+03 1.571994201619804400e+16
2.939741691954489852e+03 1.572226047080470400e+16
2.940075260738326961e+03 1.572457659277478000e+16
2.940408829522164069e+03 1.572689019663370800e+16
2.940742398306000723e+03 1.572920109286300800e+16
2.941075967089837832e+03 1.573150908795122000e+16
2.941409535873674031e+03 1.573381398444708800e+16
2.941743104657511140e+03 1.573611558101509800e+16
2.942076673441348248e+03 1.573841367249314600e+16
2.942410242225184902e+03 1.574070804995250200e+16
2.942743811009022011e+03 1.574299850075986400e+16
2.943077379792858665e+03 1.574528480864155600e+16
2.943410948576695773e+03 1.574756675374980800e+16
2.943744517360532882e+03 1.574984411273107400e+16
2.944078086144369536e+03 1.575211665879636400e+16
2.944411654928206644e+03 1.575438416179350600e+16
2.944745223712043298e+03 1.575664638828136800e+16
2.945078792495880407e+03 1.575890310160591600e+16
2.945412361279717061e+03 1.576115406197810000e+16
2.945745930063553715e+03 1.576339902655358000e+16
2.946079498847390823e+03 1.576563774951412400e+16
2.946413067631227477e+03 1.576786998215073800e+16
2.946746636415064586e+03 1.577009547294843400e+16
2.947080205198901695e+03 1.577231396767258400e+16
2.947413773982738348e+03 1.577452520945686000e+16
2.947747342766575457e+03 1.577672893889262600e+16
2.948080911550412111e+03 1.577892489411982600e+16
2.948414480334249220e+03 1.578111281091924400e+16
2.948748049118086328e+03 1.578329242280612600e+16
2.949081617901922527e+03 1.578546346112510200e+16
2.949415186685759636e+03 1.578762565514635600e+16
2.949748755469596290e+03 1.578977873216296800e+16
2.950082324253433399e+03 1.579192241758944800e+16
2.950415893037270507e+03 1.579405643506128400e+16
2.950749461821107161e+03 1.579618050653560800e+16
2.951083030604944270e+03 1.579829435239274400e+16
2.951416599388780924e+03 1.580039769153876400e+16
2.951750168172618032e+03 1.580249024150888600e+16
2.952083736956455141e+03 1.580457171857164800e+16
2.952417305740291795e+03 1.580664183783387400e+16
2.952750874524128903e+03 1.580870031334635400e+16
2.953084443307965103e+03 1.581074685821009400e+16
2.953418012091802211e+03 1.581278118468324800e+16
2.953751580875639320e+03 1.581480300428850200e+16
2.954085149659475974e+03 1.581681202792093800e+16
2.954418718443313082e+03 1.581880796595638000e+16
2.954752287227149736e+03 1.582079052835996400e+16
2.955085856010986845e+03 1.582275942479513800e+16
2.955419424794823954e+03 1.582471436473280200e+16
2.955752993578660607e+03 1.582665505756067600e+16
2.956086562362497716e+03 1.582858121269274200e+16
2.956420131146334370e+03 1.583049253967882800e+16
2.956753699930171479e+03 1.583238874831410000e+16
2.957087268714008133e+03 1.583426954874855200e+16
2.957420837497844786e+03 1.583613465159637000e+16
2.957754406281681895e+03 1.583798376804510400e+16
2.958087975065518549e+03 1.583981660996463200e+16
2.958421543849355658e+03 1.584163289001583000e+16
2.958755112633192766e+03 1.584343232175887000e+16
2.959088681417029420e+03 1.584521461976113800e+16
2.959422250200866529e+03 1.584697949970465600e+16
2.959755818984703183e+03 1.584872667849301200e+16
2.960089387768540291e+03 1.585045587435771200e+16
2.960422956552377400e+03 1.585216680696386200e+16
2.960756525336213599e+03 1.585385919751516000e+16
2.961090094120050708e+03 1.585553276885820600e+16
2.961423662903887362e+03 1.585718724558589400e+16
2.961757231687724470e+03 1.585882235414008000e+16
2.962090800471561579e+03 1.586043782291318600e+16
2.962424369255398233e+03 1.586203338234895600e+16
2.962757938039235341e+03 1.586360876504214400e+16
2.963091506823071995e+03 1.586516370583710400e+16
2.963425075606909104e+03 1.586669794192532400e+16
2.963758644390746213e+03 1.586821121294165600e+16
2.964092213174582866e+03 1.586970326105948400e+16
2.964425781958419975e+03 1.587117383108446400e+16
2.964759350742256174e+03 1.587262267054700400e+16
2.965092919526093283e+03 1.587404952979337600e+16
2.965426488309930392e+03 1.587545416207537400e+16
2.965760057093767045e+03 1.587683632363848200e+16
2.966093625877604154e+03 1.587819577380862200e+16
2.966427194661440808e+03 1.587953227507716000e+16
2.966760763445277917e+03 1.588084559318455000e+16
2.967094332229115025e+03 1.588213549720207200e+16
2.967427901012951679e+03 1.588340175961208000e+16
2.967761469796788788e+03 1.588464415638640400e+16
2.968095038580625442e+03 1.588586246706302000e+16
2.968428607364462550e+03 1.588705647482094000e+16
2.968762176148299204e+03 1.588822596655317200e+16
2.969095744932135858e+03 1.588937073293786400e+16
2.969429313715972967e+03 1.589049056850755200e+16
2.969762882499809621e+03 1.589158527171636800e+16
2.970096451283646729e+03 1.589265464500534000e+16
2.970430020067483838e+03 1.589369849486564200e+16
2.970763588851320492e+03 1.589471663189982000e+16
2.971097157635157600e+03 1.589570887088096400e+16
2.971430726418994254e+03 1.589667503080966800e+16
2.971764295202831363e+03 1.589761493496904800e+16
2.972097863986668472e+03 1.589852841097745200e+16
2.972431432770504671e+03 1.589941529083908200e+16
2.972765001554341779e+03 1.590027541099242600e+16
2.973098570338178433e+03 1.590110861235638000e+16
2.973432139122015542e+03 1.590191474037431000e+16
2.973765707905852651e+03 1.590269364505569600e+16
2.974099276689689304e+03 1.590344518101561000e+16
2.974432845473526413e+03 1.590416920751193400e+16
2.974766414257363067e+03 1.590486558848019600e+16
2.975099983041200176e+03 1.590553419256618600e+16
2.975433551825037284e+03 1.590617489315627200e+16
2.975767120608873938e+03 1.590678756840533200e+16
2.976100689392711047e+03 1.590737210126243600e+16
2.976434258176547246e+03 1.590792837949415800e+16
2.976767826960384355e+03 1.590845629570559800e+16
2.977101395744221463e+03 1.590895574735901800e+16
2.977434964528058117e+03 1.590942663679023200e+16
2.977768533311895226e+03 1.590986887122261800e+16
2.978102102095731880e+03 1.591028236277878400e+16
2.978435670879568988e+03 1.591066702848999600e+16
2.978769239663406097e+03 1.591102279030324200e+16
2.979102808447242751e+03 1.591134957508598200e+16
2.979436377231079859e+03 1.591164731462866800e+16
2.979769946014916513e+03 1.591191594564492800e+16
2.980103514798753622e+03 1.591215540976952400e+16
2.980437083582590276e+03 1.591236565355403200e+16
2.980770652366426930e+03 1.591254662846026800e+16
2.981104221150264038e+03 1.591269829085161600e+16
2.981437789934100692e+03 1.591282060198197200e+16
2.981771358717937801e+03 1.591291352798266800e+16
2.982104927501774910e+03 1.591297703984716000e+16
2.982438496285611564e+03 1.591301111341362600e+16
2.982772065069448672e+03 1.591301572934545200e+16
2.983105633853285326e+03 1.591299087310958000e+16
2.983439202637122435e+03 1.591293653495292000e+16
2.983772771420959543e+03 1.591285270987662000e+16
2.984106340204795742e+03 1.591273939760844400e+16
2.984439908988632851e+03 1.591259660257312000e+16
2.984773477772469505e+03 1.591242433386078800e+16
2.985107046556306614e+03 1.591222260519357800e+16
2.985440615340143722e+03 1.591199143489029200e+16
2.985774184123980376e+03 1.591173084582928400e+16
2.986107752907817485e+03 1.591144086540957600e+16
2.986441321691654139e+03 1.591112152551019600e+16
2.986774890475491247e+03 1.591077286244785200e+16
2.987108459259328356e+03 1.591039491693288800e+16
2.987442028043165010e+03 1.590998773402370600e+16
2.987775596827002119e+03 1.590955136307953800e+16
2.988109165610838318e+03 1.590908585771168800e+16
2.988442734394675426e+03 1.590859127573336800e+16
2.988776303178512080e+03 1.590806767910796000e+16
2.989109871962349189e+03 1.590751513389602200e+16
2.989443440746186297e+03 1.590693371020082400e+16
2.989777009530022951e+03 1.590632348211268600e+16
2.990110578313860060e+03 1.590568452765202400e+16
2.990444147097696714e+03 1.590501692871111000e+16
2.990777715881533823e+03 1.590432077099487800e+16
2.991111284665370931e+03 1.590359614396039800e+16
2.991444853449207585e+03 1.590284314075551200e+16
2.991778422233044694e+03 1.590206185815630000e+16
2.992111991016880893e+03 1.590125239650370800e+16
2.992445559800718001e+03 1.590041485963924000e+16
2.992779128584555110e+03 1.589954935483980400e+16
2.993112697368391764e+03 1.589865599275180200e+16
2.993446266152228873e+03 1.589773488732444800e+16
2.993779834936065527e+03 1.589678615574241000e+16
2.994113403719902635e+03 1.589580991835785400e+16
2.994446972503739744e+03 1.589480629862189800e+16
2.994780541287576398e+03 1.589377542301550400e+16
2.995114110071413506e+03 1.589271742097998800e+16
2.995447678855249706e+03 1.589163242484703000e+16
2.995781247639086814e+03 1.589052056976840200e+16
2.996114816422923923e+03 1.588938199364531000e+16
2.996448385206760577e+03 1.588821683705755600e+16
2.996781953990597685e+03 1.588702524319248400e+16
2.997115522774434339e+03 1.588580735777372000e+16
2.997449091558271448e+03 1.588456332898994800e+16
2.997782660342108557e+03 1.588329330742348800e+16
2.998116229125945210e+03 1.588199744597900800e+16
2.998449797909782319e+03 1.588067589981227000e+16
2.998783366693618973e+03 1.587932882625893400e+16
2.999116935477456082e+03 1.587795638476361600e+16
2.999450504261293190e+03 1.587655873680911200e+16
2.999784073045129389e+03 1.587513604584585800e+16
3.000117641828966498e+03 1.587368847722182600e+16
3.000451210612803152e+03 1.587221619811262000e+16
3.000784779396640261e+03 1.587071937745211600e+16
3.001118348180477369e+03 1.586919818586350000e+16
3.001451916964314023e+03 1.586765279559081800e+16
3.001785485748151132e+03 1.586608338043109600e+16
3.002119054531987786e+03 1.586449011566704800e+16
3.002452623315824894e+03 1.586287317800040400e+16
3.002786192099662003e+03 1.586123274548597200e+16
3.003119760883498657e+03 1.585956899746636000e+16
3.003453329667335765e+03 1.585788211450753000e+16
3.003786898451171965e+03 1.585617227833511200e+16
3.004120467235009073e+03 1.585443967177159600e+16
3.004454036018846182e+03 1.585268447867438200e+16
3.004787604802682836e+03 1.585090688387481000e+16
3.005121173586519944e+03 1.584910707311807600e+16
3.005454742370356598e+03 1.584728523300419200e+16
3.005788311154193707e+03 1.584544155092996200e+16
3.006121879938030816e+03 1.584357621503203400e+16
3.006455448721867469e+03 1.584168941413100800e+16
3.006789017505704578e+03 1.583978133767672400e+16
3.007122586289540777e+03 1.583785217569465400e+16
3.007456155073377886e+03 1.583590211873355200e+16
3.007789723857214994e+03 1.583393135781419800e+16
3.008123292641051648e+03 1.583194008437948200e+16
3.008456861424888757e+03 1.582992849024573200e+16
3.008790430208725411e+03 1.582789676755527600e+16
3.009123998992562520e+03 1.582584510873039200e+16
3.009457567776399628e+03 1.582377370642845200e+16
3.009791136560236282e+03 1.582168275349859200e+16
3.010124705344073391e+03 1.581957244293964600e+16
3.010458274127910045e+03 1.581744296785943800e+16
3.010791842911747153e+03 1.581529452143555600e+16
3.011125411695584262e+03 1.581312729687746400e+16
3.011458980479420461e+03 1.581094148739008000e+16
3.011792549263257570e+03 1.580873728613884600e+16
3.012126118047094224e+03 1.580651488621608200e+16
3.012459686830931332e+03 1.580427448060902400e+16
3.012793255614768441e+03 1.580201626216913600e+16
3.013126824398605095e+03 1.579974042358299600e+16
3.013460393182442203e+03 1.579744715734465200e+16
3.013793961966278857e+03 1.579513665572941800e+16
3.014127530750115966e+03 1.579280911076922000e+16
3.014461099533953075e+03 1.579046471422937200e+16
3.014794668317789728e+03 1.578810365758684000e+16
3.015128237101626837e+03 1.578572613201007600e+16
3.015461805885463036e+03 1.578333232834021600e+16
3.015795374669300145e+03 1.578092243707384800e+16
3.016128943453137254e+03 1.577849664834720800e+16
3.016462512236973907e+03 1.577605515192184400e+16
3.016796081020811016e+03 1.577359813717181800e+16
3.017129649804647670e+03 1.577112579307221000e+16
3.017463218588484779e+03 1.576863830818925000e+16
3.017796787372321887e+03 1.576613587067170400e+16
3.018130356156158541e+03 1.576361866824383400e+16
3.018463924939995650e+03 1.576108688819964800e+16
3.018797493723831849e+03 1.575854071739860200e+16
3.019131062507668958e+03 1.575598034226268600e+16
3.019464631291506066e+03 1.575340594877482400e+16
3.019798200075342720e+03 1.575081772247865000e+16
3.020131768859179829e+03 1.574821584847961800e+16
3.020465337643016483e+03 1.574560051144736800e+16
3.020798906426853591e+03 1.574297189561945800e+16
3.021132475210690700e+03 1.574033018480625400e+16
3.021466043994527354e+03 1.573767556239713400e+16
3.021799612778364462e+03 1.573500821136791800e+16
3.022133181562201116e+03 1.573232831428939800e+16
3.022466750346038225e+03 1.572963605333714600e+16
3.022800319129875334e+03 1.572693161030238800e+16
3.023133887913711533e+03 1.572421516660400400e+16
3.023467456697548641e+03 1.572148690330166400e+16
3.023801025481385295e+03 1.571874700110993200e+16
3.024134594265222404e+03 1.571599564041348400e+16
3.024468163049059513e+03 1.571323300128325200e+16
3.024801731832896166e+03 1.571045926349358800e+16
3.025135300616733275e+03 1.570767460654036200e+16
3.025468869400569929e+03 1.570487920965989600e+16
3.025802438184407038e+03 1.570207325184889200e+16
3.026136006968244146e+03 1.569925691188506800e+16
3.026469575752080800e+03 1.569643036834867600e+16
3.026803144535917909e+03 1.569359379964482400e+16
3.027136713319754108e+03 1.569074738402640000e+16
3.027470282103591217e+03 1.568789129961787600e+16
3.027803850887428325e+03 1.568502572443961600e+16
3.028137419671264979e+03 1.568215083643295200e+16
3.028470988455102088e+03 1.567926681348576800e+16
3.028804557238938742e+03 1.567637383345866400e+16
3.029138126022775850e+03 1.567347207421169600e+16
3.029471694806612959e+03 1.567056171363149200e+16
3.029805263590449613e+03 1.566764292965897000e+16
3.030138832374286721e+03 1.566471590031733600e+16
3.030472401158122921e+03 1.566178080374052400e+16
3.030805969941960029e+03 1.565883781820202000e+16
3.031139538725797138e+03 1.565588712214385400e+16
3.031473107509633792e+03 1.565292889420602000e+16
3.031806676293470900e+03 1.564996331325603600e+16
3.032140245077307554e+03 1.564699055841867600e+16
3.032473813861144663e+03 1.564401080910596200e+16
3.032807382644981772e+03 1.564102424504716000e+16
3.033140951428818425e+03 1.563803104631894800e+16
3.033474520212655534e+03 1.563503139337560200e+16
3.033808088996492188e+03 1.563202546707917200e+16
3.034141657780329297e+03 1.562901344872967600e+16
3.034475226564166405e+03 1.562599552009520800e+16
3.034808795348002604e+03 1.562297186344194800e+16
3.035142364131839713e+03 1.561994266156409000e+16
3.035475932915676367e+03 1.561690809781356600e+16
3.035809501699513476e+03 1.561386835612958000e+16
3.036143070483350584e+03 1.561082362106790200e+16
3.036476639267187238e+03 1.560777407782993600e+16
3.036810208051024347e+03 1.560471991229148400e+16
3.037143776834861001e+03 1.560166131103114200e+16
3.037477345618698109e+03 1.559859846135841000e+16
3.037810914402535218e+03 1.559553155134131400e+16
3.038144483186371872e+03 1.559246076983373200e+16
3.038478051970208980e+03 1.558938630650218000e+16
3.038811620754045180e+03 1.558630835185215000e+16
3.039145189537882288e+03 1.558322709725394400e+16
3.039478758321719397e+03 1.558014273496798800e+16
3.039812327105556051e+03 1.557705545816953200e+16
3.040145895889393159e+03 1.557396546097288800e+16
3.040479464673229813e+03 1.557087293845485600e+16
3.040813033457066922e+03 1.556777808667775200e+16
3.041146602240904031e+03 1.556468110271158600e+16
3.041480171024740685e+03 1.556158218465564800e+16
3.041813739808577793e+03 1.555848153165938200e+16
3.042147308592413992e+03 1.555537934394249200e+16
3.042480877376251101e+03 1.555227582281440600e+16
3.042814446160088210e+03 1.554917117069279800e+16
3.043148014943924863e+03 1.554606559112149200e+16
3.043481583727761972e+03 1.554295928878752800e+16
3.043815152511598626e+03 1.553985246953729800e+16
3.044148721295435735e+03 1.553674534039202000e+16
3.044482290079272843e+03 1.553363810956217000e+16
3.044815858863109497e+03 1.553053098646126600e+16
3.045149427646946606e+03 1.552742418171851600e+16
3.045482996430783260e+03 1.552431790719085600e+16
3.045816565214620368e+03 1.552121237597382000e+16
3.046150133998457477e+03 1.551810780241171200e+16
3.046483702782293676e+03 1.551500440210668800e+16
3.046817271566130785e+03 1.551190239192705000e+16
3.047150840349967439e+03 1.550880199001444800e+16
3.047484409133804547e+03 1.550570341579029200e+16
3.047817977917641656e+03 1.550260688996105600e+16
3.048151546701478310e+03 1.549951263452277200e+16
3.048485115485315418e+03 1.549642087276442600e+16
3.048818684269152072e+03 1.549333182927048600e+16
3.049152253052989181e+03 1.549024572992242800e+16
3.049485821836826290e+03 1.548716280189925600e+16
3.049819390620662944e+03 1.548408327367709200e+16
3.050152959404500052e+03 1.548100737502781400e+16
3.050486528188336251e+03 1.547793533701664400e+16
3.050820096972173360e+03 1.547486739199884000e+16
3.051153665756010469e+03 1.547180377361540000e+16
3.051487234539847123e+03 1.546874471678778400e+16
3.051820803323684231e+03 1.546569045771172800e+16
3.052154372107520885e+03 1.546264123384999800e+16
3.052487940891357994e+03 1.545959728392435800e+16
3.052821509675195102e+03 1.545655884790643400e+16
3.053155078459031756e+03 1.545352616700774000e+16
3.053488647242868865e+03 1.545049948366875600e+16
3.053822216026705064e+03 1.544747904154707600e+16
3.054155784810542173e+03 1.544446508550468800e+16
3.054489353594379281e+03 1.544145786159426800e+16
3.054822922378215935e+03 1.543845761704470000e+16
3.055156491162053044e+03 1.543546460024562800e+16
3.055490059945889698e+03 1.543247906073121400e+16
3.055823628729726806e+03 1.542950124916298400e+16
3.056157197513563915e+03 1.542653141731185200e+16
3.056490766297400569e+03 1.542356981803938600e+16
3.056824335081237678e+03 1.542061670527817800e+16
3.057157903865074331e+03 1.541767233401141800e+16
3.057491472648911440e+03 1.541473696025180200e+16
3.057825041432748549e+03 1.541181084101951600e+16
3.058158610216584748e+03 1.540889423431960400e+16
3.058492179000421856e+03 1.540598739911853200e+16
3.058825747784258510e+03 1.540309059532005600e+16
3.059159316568095619e+03 1.540020408374042400e+16
3.059492885351932728e+03 1.539732812608284800e+16
3.059826454135769382e+03 1.539446298491132800e+16
3.060160022919606490e+03 1.539160892362390000e+16
3.060493591703443144e+03 1.538876620642514600e+16
3.060827160487280253e+03 1.538593509829820600e+16
3.061160729271117361e+03 1.538311586497612800e+16
3.061494298054954015e+03 1.538030877291270000e+16
3.061827866838790669e+03 1.537751408925273400e+16
3.062161435622627323e+03 1.537473208180177200e+16
3.062495004406464432e+03 1.537196301899537200e+16
3.062828573190301540e+03 1.536920716986783600e+16
3.063162141974138194e+03 1.536646480402047600e+16
3.063495710757975303e+03 1.536373619158950400e+16
3.063829279541811957e+03 1.536102160321340800e+16
3.064162848325649065e+03 1.535832131000001000e+16
3.064496417109486174e+03 1.535563558349304400e+16
3.064829985893322828e+03 1.535296469563844400e+16
3.065163554677159937e+03 1.535030891875030000e+16
3.065497123460996136e+03 1.534766852547639600e+16
3.065830692244833244e+03 1.534504378876357400e+16
3.066164261028670353e+03 1.534243498182268200e+16
3.066497829812507007e+03 1.533984237809339200e+16
3.066831398596344116e+03 1.533726625120870400e+16
3.067164967380180769e+03 1.533470687495919200e+16
3.067498536164017878e+03 1.533216452325716000e+16
3.067832104947854987e+03 1.532963947010050200e+16
3.068165673731691641e+03 1.532713198953647000e+16
3.068499242515528749e+03 1.532464235562530000e+16
3.068832811299365403e+03 1.532217084240363200e+16
3.069166380083202512e+03 1.531971772384796200e+16
3.069499948867039620e+03 1.531728327383787000e+16
3.069833517650875820e+03 1.531486776611926400e+16
3.070167086434712928e+03 1.531247147426757000e+16
3.070500655218549582e+03 1.531009467165082600e+16
3.070834224002386691e+03 1.530773763139286600e+16
3.071167792786223799e+03 1.530540062633639000e+16
3.071501361570060453e+03 1.530308392900612400e+16
3.071834930353897562e+03 1.530078781157205400e+16
3.072168499137734216e+03 1.529851254581258400e+16
3.072502067921571324e+03 1.529625840307790600e+16
3.072835636705408433e+03 1.529402565425334800e+16
3.073169205489245087e+03 1.529181456972286200e+16
3.073502774273081741e+03 1.528962541933266800e+16
3.073836343056918395e+03 1.528745847235492200e+16
3.074169911840755503e+03 1.528531399745164200e+16
3.074503480624592612e+03 1.528319226263869200e+16
3.074837049408429266e+03 1.528109353525000800e+16
3.075170618192266375e+03 1.527901808190201200e+16
3.075504186976103028e+03 1.527696616845808400e+16
3.075837755759940137e+03 1.527493805999345600e+16
3.076171324543777246e+03 1.527293402076015600e+16
3.076504893327613900e+03 1.527095431415224400e+16
3.076838462111451008e+03 1.526899920267130400e+16
3.077172030895287207e+03 1.526706894789213200e+16
3.077505599679124316e+03 1.526516381042877000e+16
3.077839168462961425e+03 1.526328404990072400e+16
3.078172737246798079e+03 1.526142992489950000e+16
3.078506306030635187e+03 1.525960169295545600e+16
3.078839874814471841e+03 1.525779961050490400e+16
3.079173443598308950e+03 1.525602393285751200e+16
3.079507012382146058e+03 1.525427491416410400e+16
3.079840581165982712e+03 1.525255280738465200e+16
3.080174149949819821e+03 1.525085786425670400e+16
3.080507718733656475e+03 1.524919033526407600e+16
3.080841287517493583e+03 1.524755046960592200e+16
3.081174856301330692e+03 1.524593851516610400e+16
3.081508425085166891e+03 1.524435471848296400e+16
3.081841993869004000e+03 1.524279932471941400e+16
3.082175562652840654e+03 1.524127257763338200e+16
3.082509131436677762e+03 1.523977471954863200e+16
3.082842700220514871e+03 1.523830599132594600e+16
3.083176269004351525e+03 1.523686663233465600e+16
3.083509837788188634e+03 1.523545688042459200e+16
3.083843406572025287e+03 1.523407697189833000e+16
3.084176975355862396e+03 1.523272714148387000e+16
3.084510544139699505e+03 1.523140762230768400e+16
3.084844112923536159e+03 1.523011864586809800e+16
3.085177681707372813e+03 1.522886044200912400e+16
3.085511250491209466e+03 1.522763323889458800e+16
3.085844819275046575e+03 1.522643726298270400e+16
3.086178388058883684e+03 1.522527273900096000e+16
3.086511956842720338e+03 1.522413988992145800e+16
3.086845525626557446e+03 1.522303893693655800e+16
3.087179094410394100e+03 1.522197009943492600e+16
3.087512663194231209e+03 1.522093359497801600e+16
3.087846231978068317e+03 1.521992963927676000e+16
3.088179800761904971e+03 1.521895844616881000e+16
3.088513369545742080e+03 1.521802022759605800e+16
3.088846938329578279e+03 1.521711519358250000e+16
3.089180507113415388e+03 1.521624355221250400e+16
3.089514075897252496e+03 1.521540550960945800e+16
3.089847644681089150e+03 1.521460126991466600e+16
3.090181213464926259e+03 1.521383103526676000e+16
3.090514782248762913e+03 1.521309500578128000e+16
3.090848351032600021e+03 1.521239337953076000e+16
3.091181919816437130e+03 1.521172635252501600e+16
3.091515488600273784e+03 1.521109411869185200e+16
3.091849057384110893e+03 1.521049686985810800e+16
3.092182626167947546e+03 1.520993479573094000e+16
3.092516194951784655e+03 1.520940808387952400e+16
3.092849763735621764e+03 1.520891691971701000e+16
3.093183332519457963e+03 1.520846148648280000e+16
3.093516901303295072e+03 1.520804196522514800e+16
3.093850470087131725e+03 1.520765853478403600e+16
3.094184038870968834e+03 1.520731137177435600e+16
3.094517607654805943e+03 1.520700065056933200e+16
3.094851176438642597e+03 1.520672654328432400e+16
3.095184745222479705e+03 1.520648921976082000e+16
3.095518314006316359e+03 1.520628884755066400e+16
3.095851882790153468e+03 1.520612559190070000e+16
3.096185451573990576e+03 1.520599961573747000e+16
3.096519020357827230e+03 1.520591107965230800e+16
3.096852589141663884e+03 1.520586014188664400e+16
3.097186157925500538e+03 1.520584695831744600e+16
3.097519726709337647e+03 1.520587168244307000e+16
3.097853295493174755e+03 1.520593446536913400e+16
3.098186864277011409e+03 1.520603545579473800e+16
3.098520433060848518e+03 1.520617479999887200e+16
3.098854001844685172e+03 1.520635264182694400e+16
3.099187570628522280e+03 1.520656912267763000e+16
3.099521139412359389e+03 1.520682438148976000e+16
3.099854708196196043e+03 1.520711855472951600e+16
3.100188276980033152e+03 1.520745177637772400e+16
3.100521845763869351e+03 1.520782417791729800e+16
3.100855414547706459e+03 1.520823588832096800e+16
3.101188983331543568e+03 1.520868703403894000e+16
3.101522552115380222e+03 1.520917773898689400e+16
3.101856120899217331e+03 1.520970812453405000e+16
3.102189689683053984e+03 1.521027830949131000e+16
3.102523258466891093e+03 1.521088841009961800e+16
3.102856827250728202e+03 1.521153854001833600e+16
3.103190396034564856e+03 1.521222881031383600e+16
3.103523964818401964e+03 1.521295932944808400e+16
3.103857533602238618e+03 1.521373020326737600e+16
3.104191102386075727e+03 1.521454153499120000e+16
3.104524671169912835e+03 1.521539342520106800e+16
3.104858239953749035e+03 1.521628597182952200e+16
3.105191808737586143e+03 1.521721927014916000e+16
3.105525377521422797e+03 1.521819341276176800e+16
3.105858946305259906e+03 1.521920848958741600e+16
3.106192515089097014e+03 1.522026458785373200e+16
3.106526083872933668e+03 1.522136179208507400e+16
3.106859652656770777e+03 1.522250018409188600e+16
3.107193221440607431e+03 1.522367984295994800e+16
3.107526790224444539e+03 1.522490084503976800e+16
3.107860359008281648e+03 1.522616326393588800e+16
3.108193927792118302e+03 1.522746717049629400e+16
3.108527496575954956e+03 1.522881263280180600e+16
3.108861065359791610e+03 1.523019971615538800e+16
3.109194634143628718e+03 1.523162848307162400e+16
3.109528202927465827e+03 1.523309899326600600e+16
3.109861771711302481e+03 1.523461130364435600e+16
3.110195340495139590e+03 1.523616546829210400e+16
3.110528909278976244e+03 1.523776153846367400e+16
3.110862478062813352e+03 1.523939956257175200e+16
3.111196046846650461e+03 1.524107958617651000e+16
3.111529615630487115e+03 1.524280165197488600e+16
3.111863184414324223e+03 1.524456579978976200e+16
3.112196753198160422e+03 1.524637206655907400e+16
3.112530321981997531e+03 1.524822048632494000e+16
3.112863890765834640e+03 1.525011109022269400e+16
3.113197459549671294e+03 1.525204390646989600e+16
3.113531028333508402e+03 1.525401896035525600e+16
3.113864597117345056e+03 1.525603627422747600e+16
3.114198165901182165e+03 1.525809586748416200e+16
3.114531734685019273e+03 1.526019775656042000e+16
3.114865303468855927e+03 1.526234195491768800e+16
3.115198872252693036e+03 1.526452847303221200e+16
3.115532441036529690e+03 1.526675731838367000e+16
3.115866009820366799e+03 1.526902849544360200e+16
3.116199578604203907e+03 1.527134200566376800e+16
3.116533147388040106e+03 1.527369784746447200e+16
3.116866716171877215e+03 1.527609601622280400e+16
3.117200284955713869e+03 1.527853650426072400e+16
3.117533853739550977e+03 1.528101930083318400e+16
3.117867422523388086e+03 1.528354439211605600e+16
3.118200991307224740e+03 1.528611176119406200e+16
3.118534560091061849e+03 1.528872138804854200e+16
3.118868128874898503e+03 1.529137324954520800e+16
3.119201697658735611e+03 1.529406731942178400e+16
3.119535266442572720e+03 1.529680356827552400e+16
3.119868835226409374e+03 1.529958196355070400e+16
3.120202404010246028e+03 1.530240246952602400e+16
3.120535972794082682e+03 1.530526504730185600e+16
3.120869541577919790e+03 1.530816965478756200e+16
3.121203110361756899e+03 1.531111624668852400e+16
3.121536679145593553e+03 1.531410477449325800e+16
3.121870247929430661e+03 1.531713518646043000e+16
3.122203816713267315e+03 1.532020742760567000e+16
3.122537385497104424e+03 1.532332143968852200e+16
3.122870954280941532e+03 1.532647716119910400e+16
3.123204523064778186e+03 1.532967452734484200e+16
3.123538091848615295e+03 1.533291347003712000e+16
3.123871660632451494e+03 1.533619391787779600e+16
3.124205229416288603e+03 1.533951579614575600e+16
3.124538798200125711e+03 1.534287902678330200e+16
3.124872366983962365e+03 1.534628352838258400e+16
3.125205935767799474e+03 1.534972921617194800e+16
3.125539504551636128e+03 1.535321600200221200e+16
3.125873073335473237e+03 1.535674379433292000e+16
3.126206642119310345e+03 1.536031249821857200e+16
3.126540210903146999e+03 1.536392201529483000e+16
3.126873779686984108e+03 1.536757224376466800e+16
3.127207348470820762e+03 1.537126307838447600e+16
3.127540917254657870e+03 1.537499441045025600e+16
3.127874486038494979e+03 1.537876612778365400e+16
3.128208054822331178e+03 1.538257811471814200e+16
3.128541623606168287e+03 1.538643025208508200e+16
3.128875192390004941e+03 1.539032241719984400e+16
3.129208761173842049e+03 1.539425448384799000e+16
3.129542329957679158e+03 1.539822632227135600e+16
3.129875898741515812e+03 1.540223779915428400e+16
3.130209467525352920e+03 1.540628877760982600e+16
3.130543036309189574e+03 1.541037911716600600e+16
3.130876605093026683e+03 1.541450867375212400e+16
3.131210173876863792e+03 1.541867729968513600e+16
3.131543742660700445e+03 1.542288484365607400e+16
3.131877311444537099e+03 1.542713115071662800e+16
3.132210880228373753e+03 1.543141606226561800e+16
3.132544449012210862e+03 1.543573941603583600e+16
3.132878017796047970e+03 1.544010104608070200e+16
3.133211586579884624e+03 1.544450078276126400e+16
3.133545155363721733e+03 1.544893845273319200e+16
3.133878724147558387e+03 1.545341387893390800e+16
3.134212292931395496e+03 1.545792688056996000e+16
3.134545861715232604e+03 1.546247727310439600e+16
3.134879430499069258e+03 1.546706486824441200e+16
3.135212999282906367e+03 1.547168947392915600e+16
3.135546568066742566e+03 1.547635089431766600e+16
3.135880136850579675e+03 1.548104892977704800e+16
3.136213705634416783e+03 1.548578337687085000e+16
3.136547274418253437e+03 1.549055402834764200e+16
3.136880843202090546e+03 1.549536067312987400e+16
3.137214411985927200e+03 1.550020309630286800e+16
3.137547980769764308e+03 1.550508107910422200e+16
3.137881549553601417e+03 1.550999439891331200e+16
3.138215118337438071e+03 1.551494282924119800e+16
3.138548687121275179e+03 1.551992613972080000e+16
3.138882255905111833e+03 1.552494409609728800e+16
3.139215824688948942e+03 1.552999646021895000e+16
3.139549393472786051e+03 1.553508299002822800e+16
3.139882962256622250e+03 1.554020343955323800e+16
3.140216531040459358e+03 1.554535755889955000e+16
3.140550099824296012e+03 1.555054509424238800e+16
3.140883668608133121e+03 1.555576578781922000e+16
3.141217237391970230e+03 1.556101937792275000e+16
3.141550806175806883e+03 1.556630559889428800e+16
3.141884374959643992e+03 1.557162418111762800e+16
3.142217943743480646e+03 1.557697485101329400e+16
3.142551512527317755e+03 1.558235733103331800e+16
3.142885081311154863e+03 1.558777133965641200e+16
3.143218650094991517e+03 1.559321659138374000e+16
3.143552218878828171e+03 1.559869279673509800e+16
3.143885787662664825e+03 1.560419966224567000e+16
3.144219356446501934e+03 1.560973689046337200e+16
3.144552925230339042e+03 1.561530417994659800e+16
3.144886494014175696e+03 1.562090122526272200e+16
3.145220062798012805e+03 1.562652771698707400e+16
3.145553631581849459e+03 1.563218334170254800e+16
3.145887200365686567e+03 1.563786778199982200e+16
3.146220769149523676e+03 1.564358071647827200e+16
3.146554337933360330e+03 1.564932181974745400e+16
3.146887906717197438e+03 1.565509076242935200e+16
3.147221475501033638e+03 1.566088721116119800e+16
3.147555044284870746e+03 1.566671082859911600e+16
3.147888613068707855e+03 1.567256127342243200e+16
3.148222181852544509e+03 1.567843820033868800e+16
3.148555750636381617e+03 1.568434126008950800e+16
3.148889319420218271e+03 1.569027009945712400e+16
3.149222888204055380e+03 1.569622436127181600e+16
3.149556456987892489e+03 1.570220368442002400e+16
3.149890025771729142e+03 1.570820770385337800e+16
3.150223594555566251e+03 1.571423605059859200e+16
3.150557163339402905e+03 1.572028835176808400e+16
3.150890732123240014e+03 1.572636423057165200e+16
3.151224300907077122e+03 1.573246330632887600e+16
3.151557869690913321e+03 1.573858519448252000e+16
3.151891438474750430e+03 1.574472950661288400e+16
3.152225007258587084e+03 1.575089585045300800e+16
3.152558576042424193e+03 1.575708382990493600e+16
3.152892144826261301e+03 1.576329304505687200e+16
3.153225713610097955e+03 1.576952309220137000e+16
3.153559282393935064e+03 1.577577356385457600e+16
3.153892851177771718e+03 1.578204404877638400e+16
3.154226419961608826e+03 1.578833413199176600e+16
3.154559988745445935e+03 1.579464339481304800e+16
3.154893557529282589e+03 1.580097141486334200e+16
3.155227126313119243e+03 1.580731776610103800e+16
3.155560695096955897e+03 1.581368201884537200e+16
3.155894263880793005e+03 1.582006373980315600e+16
3.156227832664630114e+03 1.582646249209664800e+16
3.156561401448466768e+03 1.583287783529250600e+16
3.156894970232303876e+03 1.583930932543200800e+16
3.157228539016140530e+03 1.584575651506236000e+16
3.157562107799977639e+03 1.585221895326927200e+16
3.157895676583814748e+03 1.585869618571065600e+16
3.158229245367651401e+03 1.586518775465159200e+16
3.158562814151488510e+03 1.587169319900061400e+16
3.158896382935324709e+03 1.587821205434699200e+16
3.159229951719161818e+03 1.588474385299958800e+16
3.159563520502998927e+03 1.589128812402672800e+16
3.159897089286835580e+03 1.589784439329746400e+16
3.160230658070672689e+03 1.590441218352415600e+16
3.160564226854509343e+03 1.591099101430624000e+16
3.160897795638346452e+03 1.591758040217546200e+16
3.161231364422183105e+03 1.592417986064227200e+16
3.161564933206020214e+03 1.593078890024366800e+16
3.161898501989857323e+03 1.593740702859233200e+16
3.162232070773693977e+03 1.594403375042711800e+16
3.162565639557531085e+03 1.595066856766488400e+16
3.162899208341367284e+03 1.595731097945368600e+16
3.163232777125204393e+03 1.596396048222739200e+16
3.163566345909041502e+03 1.597061656976156200e+16
3.163899914692878156e+03 1.597727873323079200e+16
3.164233483476715264e+03 1.598394646126743600e+16
3.164567052260551918e+03 1.599061924002164200e+16
3.164900621044389027e+03 1.599729655322291000e+16
3.165234189828226135e+03 1.600397788224286200e+16
3.165567758612062789e+03 1.601066270615956000e+16
3.165901327395899898e+03 1.601735050182315600e+16
3.166234896179736552e+03 1.602404074392293000e+16
3.166568464963573660e+03 1.603073290505570000e+16
3.166902033747410314e+03 1.603742645579572000e+16
3.167235602531246968e+03 1.604412086476586000e+16
3.167569171315084077e+03 1.605081559871020400e+16
3.167902740098920731e+03 1.605751012256808000e+16
3.168236308882757839e+03 1.606420389954942200e+16
3.168569877666594948e+03 1.607089639121148600e+16
3.168903446450431602e+03 1.607758705753699800e+16
3.169237015234268711e+03 1.608427535701360200e+16
3.169570584018105365e+03 1.609096074671469000e+16
3.169904152801942473e+03 1.609764268238159200e+16
3.170237721585779582e+03 1.610432061850703800e+16
3.170571290369615781e+03 1.611099400841997200e+16
3.170904859153452890e+03 1.611766230437176600e+16
3.171238427937289543e+03 1.612432495762352000e+16
3.171571996721126652e+03 1.613098141853489200e+16
3.171905565504963761e+03 1.613763113665401400e+16
3.172239134288800415e+03 1.614427356080872800e+16
3.172572703072637523e+03 1.615090813919909600e+16
3.172906271856474177e+03 1.615753431949106000e+16
3.173239840640311286e+03 1.616415154891134000e+16
3.173573409424148394e+03 1.617075927434352200e+16
3.173906978207985048e+03 1.617735694242525000e+16
3.174240546991822157e+03 1.618394399964663200e+16
3.174574115775658356e+03 1.619051989244972800e+16
3.174907684559495465e+03 1.619708406732912200e+16
3.175241253343332573e+03 1.620363597093355200e+16
3.175574822127169227e+03 1.621017505016861600e+16
3.175908390911006336e+03 1.621670075230048200e+16
3.176241959694842990e+03 1.622321252506053400e+16
3.176575528478680098e+03 1.622970981675108400e+16
3.176909097262517207e+03 1.623619207635189200e+16
3.177242666046353861e+03 1.624265875362764400e+16
3.177576234830190970e+03 1.624910929923633800e+16
3.177909803614027624e+03 1.625554316483837200e+16
3.178243372397864732e+03 1.626195980320659600e+16
3.178576941181701386e+03 1.626835866833695600e+16
3.178910509965538040e+03 1.627473921556000600e+16
3.179244078749375149e+03 1.628110090165306000e+16
3.179577647533211803e+03 1.628744318495294400e+16
3.179911216317048911e+03 1.629376552546943800e+16
3.180244785100886020e+03 1.630006738499923600e+16
3.180578353884722674e+03 1.630634822724048600e+16
3.180911922668559782e+03 1.631260751790781600e+16
3.181245491452396436e+03 1.631884472484771400e+16
3.181579060236233545e+03 1.632505931815446200e+16
3.181912629020070653e+03 1.633125077028630200e+16
3.182246197803906853e+03 1.633741855618202000e+16
3.182579766587743961e+03 1.634356215337767400e+16
3.182913335371580615e+03 1.634968104212370800e+16
3.183246904155417724e+03 1.635577470550208400e+16
3.183580472939254832e+03 1.636184262954364400e+16
3.183914041723091486e+03 1.636788430334546800e+16
3.184247610506928595e+03 1.637389921918836200e+16
3.184581179290765249e+03 1.637988687265422000e+16
3.184914748074602358e+03 1.638584676274336000e+16
3.185248316858439466e+03 1.639177839199174000e+16
3.185581885642276120e+03 1.639768126658797400e+16
3.185915454426113229e+03 1.640355489649015600e+16
3.186249023209949428e+03 1.640939879554231400e+16
3.186582591993786536e+03 1.641521248159064800e+16
3.186916160777623645e+03 1.642099547659924600e+16
3.187249729561460299e+03 1.642674730676546000e+16
3.187583298345297408e+03 1.643246750263472800e+16
3.187916867129134062e+03 1.643815559921481400e+16
3.188250435912971170e+03 1.644381113608952000e+16
3.188584004696808279e+03 1.644943365753162400e+16
3.188917573480644933e+03 1.645502271261516400e+16
3.189251142264482041e+03 1.646057785532693200e+16
3.189584711048318695e+03 1.646609864467709600e+16
3.189918279832155804e+03 1.647158464480892800e+16
3.190251848615992458e+03 1.647703542510765800e+16
3.190585417399829112e+03 1.648245056030819000e+16
3.190918986183666220e+03 1.648782963060192000e+16
3.191252554967502874e+03 1.649317222174220400e+16
3.191586123751339983e+03 1.649847792514893400e+16
3.191919692535177091e+03 1.650374633801158400e+16
3.192253261319013745e+03 1.650897706339121200e+16
3.192586830102850854e+03 1.651416971032099600e+16
3.192920398886687508e+03 1.651932389390532400e+16
3.193253967670524617e+03 1.652443923541760600e+16
3.193587536454361725e+03 1.652951536239637200e+16
3.193921105238197924e+03 1.653455190873991000e+16
3.194254674022035033e+03 1.653954851479934400e+16
3.194588242805871687e+03 1.654450482746988000e+16
3.194921811589708796e+03 1.654942050028048200e+16
3.195255380373545904e+03 1.655429519348168800e+16
3.195588949157382558e+03 1.655912857413162800e+16
3.195922517941219667e+03 1.656392031618018400e+16
3.196256086725056321e+03 1.656867010055117600e+16
3.196589655508893429e+03 1.657337761522261200e+16
3.196923224292730538e+03 1.657804255530491200e+16
3.197256793076567192e+03 1.658266462311705800e+16
3.197590361860404300e+03 1.658724352826061400e+16
3.197923930644240500e+03 1.659177898769162000e+16
3.198257499428077608e+03 1.659627072579028000e+16
3.198591068211914717e+03 1.660071847442834400e+16
3.198924636995751371e+03 1.660512197303427600e+16
3.199258205779588479e+03 1.660948096865609400e+16
3.199591774563425133e+03 1.661379521602177400e+16
3.199925343347262242e+03 1.661806447759730000e+16
3.200258912131099351e+03 1.662228852364229400e+16
3.200592480914936004e+03 1.662646713226310600e+16
3.200926049698773113e+03 1.663060008946347400e+16
3.201259618482609767e+03 1.663468718919254400e+16
3.201593187266446876e+03 1.663872823339042000e+16
3.201926756050283529e+03 1.664272303203102400e+16
3.202260324834120183e+03 1.664667140316239600e+16
3.202593893617957292e+03 1.665057317294427200e+16
3.202927462401793946e+03 1.665442817568304600e+16
3.203261031185631055e+03 1.665823625386397200e+16
3.203594599969468163e+03 1.666199725818066400e+16
3.203928168753304817e+03 1.666571104756183200e+16
3.204261737537141926e+03 1.666937748919531800e+16
3.204595306320978580e+03 1.667299645854921600e+16
3.204928875104815688e+03 1.667656783939037400e+16
3.205262443888652797e+03 1.668009152379989200e+16
3.205596012672488996e+03 1.668356741218595200e+16
3.205929581456326105e+03 1.668699541329376800e+16
3.206263150240162759e+03 1.669037544421263400e+16
3.206596719023999867e+03 1.669370743038025800e+16
3.206930287807836976e+03 1.669699130558407800e+16
3.207263856591673630e+03 1.670022701195988000e+16
3.207597425375510738e+03 1.670341449998749000e+16
3.207930994159347392e+03 1.670655372848357200e+16
3.208264562943184501e+03 1.670964466459165200e+16
3.208598131727021610e+03 1.671268728376930000e+16
3.208931700510858263e+03 1.671568156977235200e+16
3.209265269294695372e+03 1.671862751463648000e+16
3.209598838078531571e+03 1.672152511865575600e+16
3.209932406862368680e+03 1.672437439035855800e+16
3.210265975646205789e+03 1.672717534648058400e+16
3.210599544430042442e+03 1.672992801193510600e+16
3.210933113213879551e+03 1.673263241978045600e+16
3.211266681997716205e+03 1.673528861118481600e+16
3.211600250781553314e+03 1.673789663538818000e+16
3.211933819565390422e+03 1.674045654966172000e+16
3.212267388349227076e+03 1.674296841926433000e+16
3.212600957133064185e+03 1.674543231739670000e+16
3.212934525916900839e+03 1.674784832515258600e+16
3.213268094700737947e+03 1.675021653146755200e+16
3.213601663484574601e+03 1.675253703306516800e+16
3.213935232268411255e+03 1.675480993440059600e+16
3.214268801052248364e+03 1.675703534760172400e+16
3.214602369836085018e+03 1.675921339240780600e+16
3.214935938619922126e+03 1.676134419610564600e+16
3.215269507403759235e+03 1.676342789346339600e+16
3.215603076187595889e+03 1.676546462666201800e+16
3.215936644971432997e+03 1.676745454522436000e+16
3.216270213755269651e+03 1.676939780594200400e+16
3.216603782539106760e+03 1.677129457279985600e+16
3.216937351322943869e+03 1.677314501689853000e+16
3.217270920106780068e+03 1.677494931637459800e+16
3.217604488890617176e+03 1.677670765631873600e+16
3.217938057674453830e+03 1.677842022869173800e+16
3.218271626458290939e+03 1.678008723223866800e+16
3.218605195242128048e+03 1.678170887240092000e+16
3.218938764025964701e+03 1.678328536122638800e+16
3.219272332809801810e+03 1.678481691727784800e+16
3.219605901593638464e+03 1.678630376553944600e+16
3.219939470377475573e+03 1.678774613732148400e+16
3.220273039161312681e+03 1.678914427016344400e+16
3.220606607945149335e+03 1.679049840773542800e+16
3.220940176728986444e+03 1.679180879973800600e+16
3.221273745512822643e+03 1.679307570180040600e+16
3.221607314296659752e+03 1.679429937537743800e+16
3.221940883080496860e+03 1.679548008764472800e+16
3.222274451864333514e+03 1.679661811139280000e+16
3.222608020648170623e+03 1.679771372491977800e+16
3.222941589432007277e+03 1.679876721192273800e+16
3.223275158215844385e+03 1.679977886138799600e+16
3.223608726999681494e+03 1.680074896748024000e+16
3.223942295783518148e+03 1.680167782943045400e+16
3.224275864567355256e+03 1.680256575142303000e+16
3.224609433351191910e+03 1.680341304248169400e+16
3.224943002135029019e+03 1.680422001635473400e+16
3.225276570918865673e+03 1.680498699139922400e+16
3.225610139702702327e+03 1.680571429046457600e+16
3.225943708486539435e+03 1.680640224077528800e+16
3.226277277270376089e+03 1.680705117381308000e+16
3.226610846054213198e+03 1.680766142519842400e+16
3.226944414838050307e+03 1.680823333457145600e+16
3.227277983621886960e+03 1.680876724547246600e+16
3.227611552405724069e+03 1.680926350522196800e+16
3.227945121189560723e+03 1.680972246480033200e+16
3.228278689973397832e+03 1.681014447872715400e+16
3.228612258757234940e+03 1.681052990494031600e+16
3.228945827541071139e+03 1.681087910467491200e+16
3.229279396324908248e+03 1.681119244234199200e+16
3.229612965108744902e+03 1.681147028540716000e+16
3.229946533892582011e+03 1.681171300426930400e+16
3.230280102676419119e+03 1.681192097213911000e+16
3.230613671460255773e+03 1.681209456491784400e+16
3.230947240244092882e+03 1.681223416107623800e+16
3.231280809027929536e+03 1.681234014153337800e+16
3.231614377811766644e+03 1.681241288953612800e+16
3.231947946595603753e+03 1.681245279053854400e+16
3.232281515379440407e+03 1.681246023208178400e+16
3.232615084163277515e+03 1.681243560367441800e+16
3.232948652947113715e+03 1.681237929667306600e+16
3.233282221730950823e+03 1.681229170416358800e+16
3.233615790514787932e+03 1.681217322084282800e+16
3.233949359298624586e+03 1.681202424290081600e+16
3.234282928082461694e+03 1.681184516790378000e+16
3.234616496866298348e+03 1.681163639467761800e+16
3.234950065650135457e+03 1.681139832319226800e+16
3.235283634433972566e+03 1.681113135444666000e+16
3.235617203217809219e+03 1.681083589035460000e+16
3.235950772001646328e+03 1.681051233363142400e+16
3.236284340785482982e+03 1.681016108768152000e+16
3.236617909569320091e+03 1.680978255648680000e+16
3.236951478353156745e+03 1.680937714449609600e+16
3.237285047136993398e+03 1.680894525651555200e+16
3.237618615920830507e+03 1.680848729760006800e+16
3.237952184704667161e+03 1.680800367294571200e+16
3.238285753488504270e+03 1.680749478778337600e+16
3.238619322272341378e+03 1.680696104727339200e+16
3.238952891056178032e+03 1.680640285640142200e+16
3.239286459840015141e+03 1.680582061987546000e+16
3.239620028623851795e+03 1.680521474202412800e+16
3.239953597407688903e+03 1.680458562669614000e+16
3.240287166191526012e+03 1.680393367716104600e+16
3.240620734975362211e+03 1.680325929601130400e+16
3.240954303759199320e+03 1.680256288506571200e+16
3.241287872543035974e+03 1.680184484527403600e+16
3.241621441326873082e+03 1.680110557662316800e+16
3.241955010110710191e+03 1.680034547804458000e+16
3.242288578894546845e+03 1.679956494732323200e+16
3.242622147678383953e+03 1.679876438100787200e+16
3.242955716462220607e+03 1.679794417432278600e+16
3.243289285246057716e+03 1.679710472108107200e+16
3.243622854029894825e+03 1.679624641359931200e+16
3.243956422813731479e+03 1.679536964261375400e+16
3.244289991597568587e+03 1.679447479719809600e+16
3.244623560381404786e+03 1.679356226468264000e+16
3.244957129165241895e+03 1.679263243057514000e+16
3.245290697949079004e+03 1.679168567848304600e+16
3.245624266732915657e+03 1.679072239003743600e+16
3.245957835516752766e+03 1.678974294481840600e+16
3.246291404300589420e+03 1.678874772028212200e+16
3.246624973084426529e+03 1.678773709168937000e+16
3.246958541868263637e+03 1.678671143203577800e+16
3.247292110652100291e+03 1.678567111198351600e+16
3.247625679435937400e+03 1.678461649979478000e+16
3.247959248219774054e+03 1.678354796126662400e+16
3.248292817003611162e+03 1.678246585966764200e+16
3.248626385787447816e+03 1.678137055567605200e+16
3.248959954571284470e+03 1.678026240731955800e+16
3.249293523355121579e+03 1.677914176991666600e+16
3.249627092138958233e+03 1.677800899601972800e+16
3.249960660922795341e+03 1.677686443535952000e+16
3.250294229706632450e+03 1.677570843479141600e+16
3.250627798490469104e+03 1.677454133824322400e+16
3.250961367274306212e+03 1.677336348666456800e+16
3.251294936058142866e+03 1.677217521797784000e+16
3.251628504841979975e+03 1.677097686703082600e+16
3.251962073625817084e+03 1.676976876555077800e+16
3.252295642409653283e+03 1.676855124210021600e+16
3.252629211193490391e+03 1.676732462203418400e+16
3.252962779977327045e+03 1.676608922745906200e+16
3.253296348761164154e+03 1.676484537719304400e+16
3.253629917545001263e+03 1.676359338672801600e+16
3.253963486328837917e+03 1.676233356819302400e+16
3.254297055112675025e+03 1.676106623031933400e+16
3.254630623896511679e+03 1.675979167840686600e+16
3.254964192680348788e+03 1.675851021429228000e+16
3.255297761464185896e+03 1.675722213631838000e+16
3.255631330248022550e+03 1.675592773930518000e+16
3.255964899031859659e+03 1.675462731452230000e+16
3.256298467815695858e+03 1.675332114966284200e+16
3.256632036599532967e+03 1.675200952881878800e+16
3.256965605383370075e+03 1.675069273245766800e+16
3.257299174167206729e+03 1.674937103740079200e+16
3.257632742951043838e+03 1.674804471680281600e+16
3.257966311734880492e+03 1.674671404013263600e+16
3.258299880518717600e+03 1.674537927315577800e+16
3.258633449302554709e+03 1.674404067791797600e+16
3.258967018086391363e+03 1.674269851273022400e+16
3.259300586870228472e+03 1.674135303215512600e+16
3.259634155654065125e+03 1.674000448699441600e+16
3.259967724437902234e+03 1.673865312427798800e+16
3.260301293221738888e+03 1.673729918725397800e+16
3.260634862005575542e+03 1.673594291538025200e+16
3.260968430789412650e+03 1.673458454431705200e+16
3.261301999573249304e+03 1.673322430592088000e+16
3.261635568357086413e+03 1.673186242823959600e+16
3.261969137140923522e+03 1.673049913550868600e+16
3.262302705924760176e+03 1.672913464814865600e+16
3.262636274708597284e+03 1.672776918276367400e+16
3.262969843492433938e+03 1.672640295214124200e+16
3.263303412276271047e+03 1.672503616525301800e+16
3.263636981060108155e+03 1.672366902725672800e+16
3.263970549843944355e+03 1.672230173949915200e+16
3.264304118627781463e+03 1.672093449952017400e+16
3.264637687411618117e+03 1.671956750105783200e+16
3.264971256195455226e+03 1.671820093405443400e+16
3.265304824979292334e+03 1.671683498466363600e+16
3.265638393763128988e+03 1.671546983525852200e+16
3.265971962546966097e+03 1.671410566444064200e+16
3.266305531330802751e+03 1.671274264704995800e+16
3.266639100114639859e+03 1.671138095417580800e+16
3.266972668898476968e+03 1.671002075316862800e+16
3.267306237682313622e+03 1.670866220765270000e+16
3.267639806466150731e+03 1.670730547753969200e+16
3.267973375249986930e+03 1.670595071904308000e+16
3.268306944033824038e+03 1.670459808469337200e+16
3.268640512817661147e+03 1.670324772335416000e+16
3.268974081601497801e+03 1.670189978023895000e+16
3.269307650385334910e+03 1.670055439692882200e+16
3.269641219169171563e+03 1.669921171139074400e+16
3.269974787953008672e+03 1.669787185799674200e+16
3.270308356736845781e+03 1.669653496754368600e+16
3.270641925520682435e+03 1.669520116727385200e+16
3.270975494304519543e+03 1.669387058089612400e+16
3.271309063088356197e+03 1.669254332860787400e+16
3.271642631872193306e+03 1.669121952711752600e+16
3.271976200656029960e+03 1.668989928966763600e+16
3.272309769439866614e+03 1.668858272605875200e+16
3.272643338223703722e+03 1.668726994267374000e+16
3.272976907007540376e+03 1.668596104250270400e+16
3.273310475791377485e+03 1.668465612516855600e+16
3.273644044575214593e+03 1.668335528695300000e+16
3.273977613359051247e+03 1.668205862082312400e+16
3.274311182142888356e+03 1.668076621645850800e+16
3.274644750926725010e+03 1.667947816027876600e+16
3.274978319710562118e+03 1.667819453547161400e+16
3.275311888494399227e+03 1.667691542202136400e+16
3.275645457278235426e+03 1.667564089673790800e+16
3.275979026062072535e+03 1.667437103328608600e+16
3.276312594845909189e+03 1.667310590221545400e+16
3.276646163629746297e+03 1.667184557099050000e+16
3.276979732413583406e+03 1.667059010402122400e+16
3.277313301197420060e+03 1.666933956269401600e+16
3.277646869981257169e+03 1.666809400540300800e+16
3.277980438765093822e+03 1.666685348758162400e+16
3.278314007548930931e+03 1.666561806173458400e+16
3.278647576332768040e+03 1.666438777747007200e+16
3.278981145116604694e+03 1.666316268153231600e+16
3.279314713900441802e+03 1.666194281783437200e+16
3.279648282684278001e+03 1.666072822749118400e+16
3.279981851468115110e+03 1.665951894885292600e+16
3.280315420251952219e+03 1.665831501753850400e+16
3.280648989035788873e+03 1.665711646646933800e+16
3.280982557819625981e+03 1.665592332590336800e+16
3.281316126603462635e+03 1.665473562346913600e+16
3.281649695387299744e+03 1.665355338420023800e+16
3.281983264171136852e+03 1.665237663056970600e+16
3.282316832954973506e+03 1.665120538252475800e+16
3.282650401738810615e+03 1.665003965752155200e+16
3.282983970522647269e+03 1.664887947056014200e+16
3.283317539306484377e+03 1.664772483421951600e+16
3.283651108090321031e+03 1.664657575869271600e+16
3.283984676874157685e+03 1.664543225182208400e+16
3.284318245657994794e+03 1.664429431913462000e+16
3.284651814441831448e+03 1.664316196387728400e+16
3.284985383225668556e+03 1.664203518705254400e+16
3.285318952009505665e+03 1.664091398745372800e+16
3.285652520793342319e+03 1.663979836170064400e+16
3.285986089577179428e+03 1.663868830427508800e+16
3.286319658361016081e+03 1.663758380755638000e+16
3.286653227144853190e+03 1.663648486185694400e+16
3.286986795928690299e+03 1.663539145545781600e+16
3.287320364712526498e+03 1.663430357464418200e+16
3.287653933496363607e+03 1.663322120374089600e+16
3.287987502280200260e+03 1.663214432514786800e+16
3.288321071064037369e+03 1.663107291937553800e+16
3.288654639847874478e+03 1.663000696508017200e+16
3.288988208631711132e+03 1.662894643909914000e+16
3.289321777415548240e+03 1.662789131648614600e+16
3.289655346199384894e+03 1.662684157054626000e+16
3.289988914983222003e+03 1.662579717287102000e+16
3.290322483767059111e+03 1.662475809337327800e+16
3.290656052550895765e+03 1.662372430032198000e+16
3.290989621334732874e+03 1.662269576037688400e+16
3.291323190118569073e+03 1.662167243862306400e+16
3.291656758902406182e+03 1.662065429860532400e+16
3.291990327686243290e+03 1.661964130236241400e+16
3.292323896470079944e+03 1.661863341046116200e+16
3.292657465253917053e+03 1.661763058203040000e+16
3.292991034037753707e+03 1.661663277479470000e+16
3.293324602821590815e+03 1.661563994510799000e+16
3.293658171605427924e+03 1.661465204798693400e+16
3.293991740389264578e+03 1.661366903714413400e+16
3.294325309173101687e+03 1.661269086502117600e+16
3.294658877956938341e+03 1.661171748282136800e+16
3.294992446740775449e+03 1.661074884054238000e+16
3.295326015524612103e+03 1.660978488700859400e+16
3.295659584308448757e+03 1.660882556990325600e+16
3.295993153092285866e+03 1.660787083580036800e+16
3.296326721876122519e+03 1.660692063019639800e+16
3.296660290659959628e+03 1.660597489754171600e+16
3.296993859443796737e+03 1.660503358127172000e+16
3.297327428227633391e+03 1.660409662383781600e+16
3.297660997011470499e+03 1.660316396673810600e+16
3.297994565795307153e+03 1.660223555054774200e+16
3.298328134579144262e+03 1.660131131494908000e+16
3.298661703362981370e+03 1.660039119876156200e+16
3.298995272146817570e+03 1.659947513997126400e+16
3.299328840930654678e+03 1.659856307576024400e+16
3.299662409714491332e+03 1.659765494253546200e+16
3.299995978498328441e+03 1.659675067595761600e+16
3.300329547282165549e+03 1.659585021096945200e+16
3.300663116066002203e+03 1.659495348182393800e+16
3.300996684849839312e+03 1.659406042211206400e+16
3.301330253633675966e+03 1.659317096479035600e+16
3.301663822417513074e+03 1.659228504220806600e+16
3.301997391201350183e+03 1.659140258613403600e+16
3.302330959985186837e+03 1.659052352778326400e+16
3.302664528769023946e+03 1.658964779784319000e+16
3.302998097552860145e+03 1.658877532649952400e+16
3.303331666336697253e+03 1.658790604346190800e+16
3.303665235120534362e+03 1.658703987798911600e+16
3.303998803904371016e+03 1.658617675891404000e+16
3.304332372688208125e+03 1.658531661466825200e+16
3.304665941472044778e+03 1.658445937330624800e+16
3.304999510255881887e+03 1.658360496252940400e+16
3.305333079039718996e+03 1.658275330970950800e+16
3.305666647823555650e+03 1.658190434191204200e+16
3.306000216607392758e+03 1.658105798591905000e+16
3.306333785391229412e+03 1.658021416825168600e+16
3.306667354175066521e+03 1.657937281519245000e+16
3.307000922958903175e+03 1.657853385280702600e+16
3.307334491742739829e+03 1.657769720696575600e+16
3.307668060526576937e+03 1.657686280336490400e+16
3.308001629310413591e+03 1.657603056754736000e+16
3.308335198094250700e+03 1.657520042492318200e+16
3.308668766878087808e+03 1.657437230078967600e+16
3.309002335661924462e+03 1.657354612035119000e+16
3.309335904445761571e+03 1.657272180873852600e+16
3.309669473229598225e+03 1.657189929102798000e+16
3.310003042013435334e+03 1.657107849226014800e+16
3.310336610797272442e+03 1.657025933745818400e+16
3.310670179581108641e+03 1.656944175164593200e+16
3.311003748364945750e+03 1.656862565986555600e+16
3.311337317148782404e+03 1.656781098719488800e+16
3.311670885932619512e+03 1.656699765876441600e+16
3.312004454716456621e+03 1.656618559977395400e+16
3.312338023500293275e+03 1.656537473550891400e+16
3.312671592284130384e+03 1.656456499135631600e+16
3.313005161067967038e+03 1.656375629282038200e+16
3.313338729851804146e+03 1.656294856553786800e+16
3.313672298635641255e+03 1.656214173529296800e+16
3.314005867419477909e+03 1.656133572803199200e+16
3.314339436203315017e+03 1.656053046987766800e+16
3.314673004987151216e+03 1.655972588714304800e+16
3.315006573770988325e+03 1.655892190634524800e+16
3.315340142554825434e+03 1.655811845421866000e+16
3.315673711338662088e+03 1.655731545772805200e+16
3.316007280122499196e+03 1.655651284408123800e+16
3.316340848906335850e+03 1.655571054074135000e+16
3.316674417690172959e+03 1.655490847543906800e+16
3.317007986474010067e+03 1.655410657618424400e+16
3.317341555257846721e+03 1.655330477127739600e+16
3.317675124041683830e+03 1.655250298932088600e+16
3.318008692825520484e+03 1.655170115922971600e+16
3.318342261609357593e+03 1.655089921024218000e+16
3.318675830393194246e+03 1.655009707193004800e+16
3.319009399177030900e+03 1.654929467420858000e+16
3.319342967960868009e+03 1.654849194734629400e+16
3.319676536744704663e+03 1.654768882197430800e+16
3.320010105528541771e+03 1.654688522909558600e+16
3.320343674312378880e+03 1.654608110009375600e+16
3.320677243096215534e+03 1.654527636674178400e+16
3.321010811880052643e+03 1.654447096121035200e+16
3.321344380663889297e+03 1.654366481607592800e+16
3.321677949447726405e+03 1.654285786432869400e+16
3.322011518231563514e+03 1.654205003938010000e+16
3.322345087015399713e+03 1.654124127507031800e+16
3.322678655799236822e+03 1.654043150567535200e+16
3.323012224583073476e+03 1.653962066591396000e+16
3.323345793366910584e+03 1.653880869095437400e+16
3.323679362150747693e+03 1.653799551642072400e+16
3.324012930934584347e+03 1.653718107839938000e+16
3.324346499718421455e+03 1.653636531344493200e+16
3.324680068502258109e+03 1.653554815858608200e+16
3.325013637286095218e+03 1.653472955133131000e+16
3.325347206069932326e+03 1.653390942967428000e+16
3.325680774853768980e+03 1.653308773209918600e+16
3.326014343637606089e+03 1.653226439758579800e+16
3.326347912421442288e+03 1.653143936561439600e+16
3.326681481205279397e+03 1.653061257617052400e+16
3.327015049989116505e+03 1.652978396974957200e+16
3.327348618772953159e+03 1.652895348736118400e+16
3.327682187556790268e+03 1.652812107053358000e+16
3.328015756340626922e+03 1.652728666131762200e+16
3.328349325124464031e+03 1.652645020229085200e+16
3.328682893908301139e+03 1.652561163656129400e+16
3.329016462692137793e+03 1.652477090777121600e+16
3.329350031475974902e+03 1.652392796010069600e+16
3.329683600259811556e+03 1.652308273827109600e+16
3.330017169043648664e+03 1.652223518754846200e+16
3.330350737827484863e+03 1.652138525374671600e+16
3.330684306611321972e+03 1.652053288323089000e+16
3.331017875395159081e+03 1.651967802292008600e+16
3.331351444178995735e+03 1.651882062029053200e+16
3.331685012962832843e+03 1.651796062337840600e+16
3.332018581746669497e+03 1.651709798078265600e+16
3.332352150530506606e+03 1.651623264166775200e+16
3.332685719314343714e+03 1.651536455576627200e+16
3.333019288098180368e+03 1.651449367338157200e+16
3.333352856882017477e+03 1.651361994539029600e+16
3.333686425665853676e+03 1.651274332324484400e+16
3.334019994449690785e+03 1.651186375897580600e+16
3.334353563233527893e+03 1.651098120519437200e+16
3.334687132017364547e+03 1.651009561509467600e+16
3.335020700801201656e+03 1.650920694245611800e+16
3.335354269585038310e+03 1.650831514164565200e+16
3.335687838368875418e+03 1.650742016762005000e+16
3.336021407152712527e+03 1.650652197592815400e+16
3.336354975936549181e+03 1.650562052271311600e+16
3.336688544720386290e+03 1.650471576471462000e+16
3.337022113504222943e+03 1.650380765927106800e+16
3.337355682288060052e+03 1.650289616432186000e+16
3.337689251071897161e+03 1.650198123840955200e+16
3.338022819855733360e+03 1.650106284068210200e+16
3.338356388639570469e+03 1.650014093089512400e+16
3.338689957423407122e+03 1.649921546941409200e+16
3.339023526207244231e+03 1.649828641721665600e+16
3.339357094991081340e+03 1.649735373589486600e+16
3.339690663774917994e+03 1.649641738765755200e+16
3.340024232558755102e+03 1.649547733533261800e+16
3.340357801342591756e+03 1.649453354236940400e+16
3.340691370126428865e+03 1.649358597284112800e+16
3.341024938910265973e+03 1.649263459144726000e+16
3.341358507694102627e+03 1.649167936351605000e+16
3.341692076477939736e+03 1.649072025500702600e+16
3.342025645261775935e+03 1.648975723251352800e+16
3.342359214045613044e+03 1.648879026326535600e+16
3.342692782829450152e+03 1.648781931513138800e+16
3.343026351613286806e+03 1.648684435662226000e+16
3.343359920397123915e+03 1.648586535689318400e+16
3.343693489180960569e+03 1.648488228574666400e+16
3.344027057964797677e+03 1.648389511363541200e+16
3.344360626748634786e+03 1.648290381166522600e+16
3.344694195532471440e+03 1.648190835159793200e+16
3.345027764316308549e+03 1.648090870585447600e+16
3.345361333100144748e+03 1.647990484751789600e+16
3.345694901883981856e+03 1.647889675033655200e+16
3.346028470667818965e+03 1.647788438872722000e+16
3.346362039451655619e+03 1.647686773777840000e+16
3.346695608235492728e+03 1.647584677325360400e+16
3.347029177019329381e+03 1.647482147159469600e+16
3.347362745803166490e+03 1.647379180992530800e+16
3.347696314587003599e+03 1.647275776605430000e+16
3.348029883370840253e+03 1.647171931847932000e+16
3.348363452154677361e+03 1.647067644639032000e+16
3.348697020938514015e+03 1.646962912967322800e+16
3.349030589722351124e+03 1.646857734891361000e+16
3.349364158506188232e+03 1.646752108540037000e+16
3.349697727290024432e+03 1.646646032112955600e+16
3.350031296073861540e+03 1.646539503880815800e+16
3.350364864857698194e+03 1.646432522185797600e+16
3.350698433641535303e+03 1.646325085441952800e+16
3.351032002425372411e+03 1.646217192135596000e+16
3.351365571209209065e+03 1.646108840825703800e+16
3.351699139993046174e+03 1.646000030144317600e+16
3.352032708776882828e+03 1.645890758796942000e+16
3.352366277560719936e+03 1.645781025562956800e+16
3.352699846344557045e+03 1.645670829296020600e+16
3.353033415128393699e+03 1.645560168924484200e+16
3.353366983912230808e+03 1.645449043451804800e+16
3.353700552696067007e+03 1.645337451956953600e+16
3.354034121479904115e+03 1.645225393594836600e+16
3.354367690263741224e+03 1.645112867596704600e+16
3.354701259047577878e+03 1.644999873270569000e+16
3.355034827831414987e+03 1.644886410001621000e+16
3.355368396615251640e+03 1.644772477252636400e+16
3.355701965399088749e+03 1.644658074564397200e+16
3.356035534182925858e+03 1.644543201556095200e+16
3.356369102966762512e+03 1.644427857925743200e+16
3.356702671750599620e+03 1.644312043450582000e+16
3.357036240534435819e+03 1.644195757987480400e+16
3.357369809318272928e+03 1.644079001473332800e+16
3.357703378102110037e+03 1.643961773925456200e+16
3.358036946885946691e+03 1.643844075441978400e+16
3.358370515669783799e+03 1.643725906202223800e+16
3.358704084453620453e+03 1.643607266467087600e+16
3.359037653237457562e+03 1.643488156579411400e+16
3.359371222021294670e+03 1.643368576964345600e+16
3.359704790805131324e+03 1.643248528129705000e+16
3.360038359588968433e+03 1.643128010666323200e+16
3.360371928372805087e+03 1.643007025248386800e+16
3.360705497156642195e+03 1.642885572633767200e+16
3.361039065940479304e+03 1.642763653664344000e+16
3.361372634724315503e+03 1.642641269266311600e+16
3.361706203508152612e+03 1.642518420450478400e+16
3.362039772291989266e+03 1.642395108312556800e+16
3.362373341075826374e+03 1.642271334033433200e+16
3.362706909859663483e+03 1.642147098879433800e+16
3.363040478643500137e+03 1.642022404202566800e+16
3.363374047427337246e+03 1.641897251440764000e+16
3.363707616211173900e+03 1.641771642118091000e+16
3.364041184995011008e+03 1.641645577844957200e+16
3.364374753778848117e+03 1.641519060318298400e+16
3.364708322562684771e+03 1.641392091321748400e+16
3.365041891346521879e+03 1.641264672725793800e+16
3.365375460130358078e+03 1.641136806487906000e+16
3.365709028914195187e+03 1.641008494652662400e+16
3.366042597698032296e+03 1.640879739351837200e+16
3.366376166481868950e+03 1.640750542804486400e+16
3.366709735265706058e+03 1.640620907317004000e+16
3.367043304049542712e+03 1.640490835283151800e+16
3.367376872833379821e+03 1.640360329184085800e+16
3.367710441617216929e+03 1.640229391588338400e+16
3.368044010401053583e+03 1.640098025151799000e+16
3.368377579184890692e+03 1.639966232617658400e+16
3.368711147968726891e+03 1.639834016816330800e+16
3.369044716752564000e+03 1.639701380665358200e+16
3.369378285536401108e+03 1.639568327169282000e+16
3.369711854320237762e+03 1.639434859419497000e+16
3.370045423104074871e+03 1.639300980594078400e+16
3.370378991887911525e+03 1.639166693957573800e+16
3.370712560671748633e+03 1.639032002860784400e+16
3.371046129455585742e+03 1.638896910740506400e+16
3.371379698239422396e+03 1.638761421119250200e+16
3.371713267023259505e+03 1.638625537604932400e+16
3.372046835807096159e+03 1.638489263890538800e+16
3.372380404590933267e+03 1.638352603753760000e+16
3.372713973374770376e+03 1.638215561056593200e+16
3.373047542158606575e+03 1.638078139744924000e+16
3.373381110942443684e+03 1.637940343848071400e+16
3.373714679726280337e+03 1.637802177478305000e+16
3.374048248510117446e+03 1.637663644830336400e+16
3.374381817293954555e+03 1.637524750180772000e+16
3.374715386077791209e+03 1.637385497887542000e+16
3.375048954861628317e+03 1.637245892389300800e+16
3.375382523645464971e+03 1.637105938204785200e+16
3.375716092429302080e+03 1.636965639932158800e+16
3.376049661213139188e+03 1.636825002248305600e+16
3.376383229996975842e+03 1.636684029908110800e+16
3.376716798780812951e+03 1.636542727743698800e+16
3.377050367564649150e+03 1.636401100663643400e+16
3.377383936348486259e+03 1.636259153652148400e+16
3.377717505132323367e+03 1.636116891768190000e+16
3.378051073916160021e+03 1.635974320144636800e+16
3.378384642699997130e+03 1.635831443987335600e+16
3.378718211483833784e+03 1.635688268574158800e+16
3.379051780267670892e+03 1.635544799254035000e+16
3.379385349051508001e+03 1.635401041445931000e+16
3.379718917835344655e+03 1.635257000637818000e+16
3.380052486619181764e+03 1.635112682385599800e+16
3.380386055403017963e+03 1.634968092312010400e+16
3.380719624186855071e+03 1.634823236105483800e+16
3.381053192970692180e+03 1.634678119518991800e+16
3.381386761754528834e+03 1.634532748368851800e+16
3.381720330538365943e+03 1.634387128533509600e+16
3.382053899322202597e+03 1.634241265952283600e+16
3.382387468106039705e+03 1.634095166624094400e+16
3.382721036889876814e+03 1.633948836606150000e+16
3.383054605673713468e+03 1.633802282012612000e+16
3.383388174457550576e+03 1.633655509013237400e+16
3.383721743241387230e+03 1.633508523831987200e+16
3.384055312025224339e+03 1.633361332745606800e+16
3.384388880809061448e+03 1.633213942082189600e+16
3.384722449592897647e+03 1.633066358219702200e+16
3.385056018376734755e+03 1.632918587584501600e+16
3.385389587160571409e+03 1.632770636649809600e+16
3.385723155944408518e+03 1.632622511934177600e+16
3.386056724728245626e+03 1.632474219999920000e+16
3.386390293512082280e+03 1.632325767451532000e+16
3.386723862295919389e+03 1.632177160934081000e+16
3.387057431079756043e+03 1.632028407131577600e+16
3.387390999863593152e+03 1.631879512765330800e+16
3.387724568647430260e+03 1.631730484592276800e+16
3.388058137431266914e+03 1.631581329403296800e+16
3.388391706215104023e+03 1.631432054021511400e+16
3.388725274998940222e+03 1.631282665300561000e+16
3.389058843782777330e+03 1.631133170122874200e+16
3.389392412566614439e+03 1.630983575397910600e+16
3.389725981350451093e+03 1.630833888060397400e+16
3.390059550134288202e+03 1.630684115068560400e+16
3.390393118918124856e+03 1.630534263402321200e+16
3.390726687701961964e+03 1.630384340061505200e+16
3.391060256485799073e+03 1.630234352064028000e+16
3.391393825269635727e+03 1.630084306444073200e+16
3.391727394053472835e+03 1.629934210250272600e+16
3.392060962837309035e+03 1.629784070543860600e+16
3.392394531621146143e+03 1.629633894396844000e+16
3.392728100404983252e+03 1.629483688890147200e+16
3.393061669188819906e+03 1.629333461111772600e+16
3.393395237972657014e+03 1.629183218154944400e+16
3.393728806756493668e+03 1.629032967116255600e+16
3.394062375540330777e+03 1.628882715093820000e+16
3.394395944324167885e+03 1.628732469185418200e+16
3.394729513108004539e+03 1.628582236486647200e+16
3.395063081891841648e+03 1.628432024089079800e+16
3.395396650675678302e+03 1.628281839078418400e+16
3.395730219459515411e+03 1.628131688532666800e+16
3.396063788243352519e+03 1.627981579520293200e+16
3.396397357027188718e+03 1.627831519098422000e+16
3.396730925811025827e+03 1.627681514311019400e+16
3.397064494594862481e+03 1.627531572187091800e+16
3.397398063378699590e+03 1.627381699738909200e+16
3.397731632162536698e+03 1.627231903960223600e+16
3.398065200946373352e+03 1.627082191824514600e+16
3.398398769730210461e+03 1.626932570283249400e+16
3.398732338514047115e+03 1.626783046264157200e+16
3.399065907297884223e+03 1.626633626669524400e+16
3.399399476081721332e+03 1.626484318374506600e+16
3.399733044865557986e+03 1.626335128225469200e+16
3.400066613649395094e+03 1.626186063038338200e+16
3.400400182433231294e+03 1.626037129596990800e+16
3.400733751217068402e+03 1.625888334651655200e+16
3.401067320000905511e+03 1.625739684917348400e+16
3.401400888784742165e+03 1.625591187072331600e+16
3.401734457568579273e+03 1.625442847756607200e+16
3.402068026352415927e+03 1.625294673570431000e+16
3.402401595136253036e+03 1.625146671072873400e+16
3.402735163920090145e+03 1.624998846780388400e+16
3.403068732703926798e+03 1.624851207165443600e+16
3.403402301487763907e+03 1.624703758655168000e+16
3.403735870271600106e+03 1.624556507630038000e+16
3.404069439055437215e+03 1.624409460422608400e+16
3.404403007839274323e+03 1.624262623316269600e+16
3.404736576623110977e+03 1.624116002544058800e+16
3.405070145406948086e+03 1.623969604287499600e+16
3.405403714190784740e+03 1.623823434675489600e+16
3.405737282974621849e+03 1.623677499783231600e+16
3.406070851758458957e+03 1.623531805631202600e+16
3.406404420542295611e+03 1.623386358184177600e+16
3.406737989326132720e+03 1.623241163350289200e+16
3.407071558109969374e+03 1.623096226980140600e+16
3.407405126893806482e+03 1.622951554865968800e+16
3.407738695677643591e+03 1.622807152740846600e+16
3.408072264461479790e+03 1.622663026277944000e+16
3.408405833245316899e+03 1.622519181089840800e+16
3.408739402029153553e+03 1.622375622727880000e+16
3.409072970812990661e+03 1.622232356681586400e+16
3.409406539596827770e+03 1.622089388378131800e+16
3.409740108380664424e+03 1.621946723181854000e+16
3.410073677164501532e+03 1.621804366393834000e+16
3.410407245948338186e+03 1.621662323251527200e+16
3.410740814732175295e+03 1.621520598928446400e+16
3.411074383516012404e+03 1.621379198533909200e+16
3.411407952299849057e+03 1.621238127112838600e+16
3.411741521083685711e+03 1.621097389645620000e+16
3.412075089867522365e+03 1.620956991048018600e+16
3.412408658651359474e+03 1.620816936171160000e+16
3.412742227435196583e+03 1.620677229801558400e+16
3.413075796219033236e+03 1.620537876661216800e+16
3.413409365002870345e+03 1.620398881407785200e+16
3.413742933786706999e+03 1.620260248634769400e+16
3.414076502570544108e+03 1.620121982871810200e+16
3.414410071354381216e+03 1.619984088585026800e+16
3.414743640138217870e+03 1.619846570177404400e+16
3.415077208922054979e+03 1.619709431989267200e+16
3.415410777705891178e+03 1.619572678298785800e+16
3.415744346489728287e+03 1.619436313322574800e+16
3.416077915273565395e+03 1.619300341216324200e+16
3.416411484057402049e+03 1.619164766075512400e+16
3.416745052841239158e+03 1.619029591936170400e+16
3.417078621625075812e+03 1.618894822775710800e+16
3.417412190408912920e+03 1.618760462513819200e+16
3.417745759192750029e+03 1.618626515013399400e+16
3.418079327976586683e+03 1.618492984081586000e+16
3.418412896760423791e+03 1.618359873470818800e+16
3.418746465544260445e+03 1.618227186879966400e+16
3.419080034328097554e+03 1.618094927955521600e+16
3.419413603111934663e+03 1.617963100292848600e+16
3.419747171895770862e+03 1.617831707437488400e+16
3.420080740679607970e+03 1.617700752886526600e+16
3.420414309463444624e+03 1.617570240090013400e+16
3.420747878247281733e+03 1.617440172452444800e+16
3.421081447031118842e+03 1.617310553334294400e+16
3.421415015814955495e+03 1.617181386053604200e+16
3.421748584598792604e+03 1.617052673887631000e+16
3.422082153382629258e+03 1.616924420074538800e+16
3.422415722166466367e+03 1.616796627815153000e+16
3.422749290950303475e+03 1.616669300274761000e+16
3.423082859734140129e+03 1.616542440584961200e+16
3.423416428517976783e+03 1.616416051845566800e+16
3.423749997301813437e+03 1.616290137126555400e+16
3.424083566085650546e+03 1.616164699470066000e+16
3.424417134869487654e+03 1.616039741892438000e+16
3.424750703653324308e+03 1.615915267386304800e+16
3.425084272437161417e+03 1.615791278922722000e+16
3.425417841220998071e+03 1.615667779453338400e+16
3.425751410004835179e+03 1.615544771912616000e+16
3.426084978788672288e+03 1.615422259220075800e+16
3.426418547572508942e+03 1.615300244282592200e+16
3.426752116356346050e+03 1.615178729996727200e+16
3.427085685140182250e+03 1.615057719251079600e+16
3.427419253924019358e+03 1.614937214928692200e+16
3.427752822707856467e+03 1.614817219909474400e+16
3.428086391491693121e+03 1.614697737072658000e+16
3.428419960275530229e+03 1.614578769299289200e+16
3.428753529059366883e+03 1.614460319474731200e+16
3.429087097843203992e+03 1.614342390491211400e+16
3.429420666627041101e+03 1.614224985250373000e+16
3.429754235410877754e+03 1.614108106665861600e+16
3.430087804194714863e+03 1.613991757665922800e+16
3.430421372978551517e+03 1.613875941196020800e+16
3.430754941762388626e+03 1.613760660221473600e+16
3.431088510546225734e+03 1.613645917730096000e+16
3.431422079330061933e+03 1.613531716734860000e+16
3.431755648113899042e+03 1.613418060276567400e+16
3.432089216897735696e+03 1.613304951426515600e+16
3.432422785681572805e+03 1.613192393289186000e+16
3.432756354465409913e+03 1.613080389004927200e+16
3.433089923249246567e+03 1.612968941752639200e+16
3.433423492033083676e+03 1.612858054752461600e+16
3.433757060816920330e+03 1.612747731268452000e+16
3.434090629600757438e+03 1.612637974611267400e+16
3.434424198384594547e+03 1.612528788140830800e+16
3.434757767168431201e+03 1.612420175268994800e+16
3.435091335952267855e+03 1.612312139462190800e+16
3.435424904736104509e+03 1.612204684244063600e+16
3.435758473519941617e+03 1.612097813198095800e+16
3.436092042303778726e+03 1.611991529970206600e+16
3.436425611087615380e+03 1.611885838271334400e+16
3.436759179871452488e+03 1.611780741880001800e+16
3.437092748655289142e+03 1.611676244644845000e+16
3.437426317439126251e+03 1.611572350487128600e+16
3.437759886222963360e+03 1.611469063403226200e+16
3.438093455006800014e+03 1.611366387467065200e+16
3.438427023790637122e+03 1.611264326832552000e+16
3.438760592574473321e+03 1.611162885735947000e+16
3.439094161358310430e+03 1.611062068498215200e+16
3.439427730142147539e+03 1.610961879527328000e+16
3.439761298925984192e+03 1.610862323320530400e+16
3.440094867709821301e+03 1.610763404466559600e+16
3.440428436493657955e+03 1.610665127647825200e+16
3.440762005277495064e+03 1.610567497642530800e+16
3.441095574061332172e+03 1.610470519326759600e+16
3.441429142845168826e+03 1.610374197676499600e+16
3.441762711629005935e+03 1.610278537769616800e+16
3.442096280412842589e+03 1.610183544787777600e+16
3.442429849196679697e+03 1.610089224018307200e+16
3.442763417980516806e+03 1.609995580855997200e+16
3.443096986764353005e+03 1.609902620804845600e+16
3.443430555548190114e+03 1.609810349479740800e+16
3.443764124332026768e+03 1.609718772608073600e+16
3.444097693115863876e+03 1.609627896031292800e+16
3.444431261899700985e+03 1.609537725706385200e+16
3.444764830683537639e+03 1.609448267707291400e+16
3.445098399467374747e+03 1.609359528226251000e+16
3.445431968251211401e+03 1.609271513575070400e+16
3.445765537035048510e+03 1.609184230186330600e+16
3.446099105818885619e+03 1.609097684614498800e+16
3.446432674602722273e+03 1.609011883536986000e+16
3.446766243386558926e+03 1.608926833755113800e+16
3.447099812170395580e+03 1.608842542195003400e+16
3.447433380954232689e+03 1.608759015908392200e+16
3.447766949738069798e+03 1.608676262073363400e+16
3.448100518521906451e+03 1.608594287994986600e+16
3.448434087305743560e+03 1.608513101105901600e+16
3.448767656089580214e+03 1.608432708966779000e+16
3.449101224873417323e+03 1.608353119266733600e+16
3.449434793657254431e+03 1.608274339823626200e+16
3.449768362441091085e+03 1.608196378584290400e+16
3.450101931224928194e+03 1.608119243624674400e+16
3.450435500008764393e+03 1.608042943149882800e+16
3.450769068792601502e+03 1.607967485494147600e+16
3.451102637576438610e+03 1.607892879120692400e+16
3.451436206360275264e+03 1.607819132621518800e+16
3.451769775144112373e+03 1.607746254717102600e+16
3.452103343927949027e+03 1.607674254255995000e+16
3.452436912711786135e+03 1.607603140214335000e+16
3.452770481495623244e+03 1.607532921695274000e+16
3.453104050279459898e+03 1.607463607928308400e+16
3.453437619063297007e+03 1.607395208268523000e+16
3.453771187847133660e+03 1.607327732195739200e+16
3.454104756630970769e+03 1.607261189313581200e+16
3.454438325414807878e+03 1.607195589348441400e+16
3.454771894198644077e+03 1.607130942148366200e+16
3.455105462982481185e+03 1.607067257681846000e+16
3.455439031766317839e+03 1.607004546036516000e+16
3.455772600550154948e+03 1.606942817417774000e+16
3.456106169333992057e+03 1.606882082147297600e+16
3.456439738117828711e+03 1.606822350661490400e+16
3.456773306901665819e+03 1.606763633509826600e+16
3.457106875685502473e+03 1.606705941353115400e+16
3.457440444469339582e+03 1.606649284961683800e+16
3.457774013253176690e+03 1.606593675213462000e+16
3.458107582037013344e+03 1.606539123091998800e+16
3.458441150820849998e+03 1.606485639684385200e+16
3.458774719604686652e+03 1.606433236179101400e+16
3.459108288388523761e+03 1.606381923863780000e+16
3.459441857172360869e+03 1.606331714122885800e+16
3.459775425956197523e+03 1.606282618435327200e+16
3.460108994740034632e+03 1.606234648371981600e+16
3.460442563523871286e+03 1.606187815593147400e+16
3.460776132307708394e+03 1.606142131845920000e+16
3.461109701091545503e+03 1.606097608961501000e+16
3.461443269875382157e+03 1.606054258852426400e+16
3.461776838659219266e+03 1.606012093509733200e+16
3.462110407443055465e+03 1.605971125000050000e+16
3.462443976226892573e+03 1.605931365462626000e+16
3.462777545010729682e+03 1.605892827106292400e+16
3.463111113794566336e+03 1.605855522206362400e+16
3.463444682578403444e+03 1.605819463101462600e+16
3.463778251362240098e+03 1.605784662190317200e+16
3.464111820146077207e+03 1.605751131928459400e+16
3.464445388929914316e+03 1.605718884824899200e+16
3.464778957713750970e+03 1.605687933438725000e+16
3.465112526497588078e+03 1.605658290375665800e+16
3.465446095281424732e+03 1.605629968284591200e+16
3.465779664065261841e+03 1.605602979853970200e+16
3.466113232849098949e+03 1.605577337808282800e+16
3.466446801632935149e+03 1.605553054904383600e+16
3.466780370416772257e+03 1.605530143927828400e+16
3.467113939200608911e+03 1.605508617689156800e+16
3.467447507984446020e+03 1.605488489020141200e+16
3.467781076768283128e+03 1.605469770769995000e+16
3.468114645552119782e+03 1.605452475801550800e+16
3.468448214335956891e+03 1.605436616987409400e+16
3.468781783119793545e+03 1.605422207206053400e+16
3.469115351903630653e+03 1.605409259337943800e+16
3.469448920687467762e+03 1.605397786261581000e+16
3.469782489471304416e+03 1.605387800849552600e+16
3.470116058255141070e+03 1.605379315964560800e+16
3.470449627038977724e+03 1.605372344455421600e+16
3.470783195822814832e+03 1.605366899153068800e+16
3.471116764606651941e+03 1.605362992866524000e+16
3.471450333390488595e+03 1.605360638378870400e+16
3.471783902174325704e+03 1.605359848443216000e+16
3.472117470958162357e+03 1.605360635778640800e+16
3.472451039741999466e+03 1.605363013066159200e+16
3.472784608525836575e+03 1.605366992944662200e+16
3.473118177309673229e+03 1.605372588006872200e+16
3.473451746093510337e+03 1.605379810795301200e+16
3.473785314877346536e+03 1.605388673798205200e+16
3.474118883661183645e+03 1.605399189445560400e+16
3.474452452445020754e+03 1.605411370105037200e+16
3.474786021228857408e+03 1.605425228077993200e+16
3.475119590012694516e+03 1.605440775595484800e+16
3.475453158796531170e+03 1.605458024814282400e+16
3.475786727580368279e+03 1.605476987812919600e+16
3.476120296364205387e+03 1.605497676587756600e+16
3.476453865148042041e+03 1.605520103049066800e+16
3.476787433931879150e+03 1.605544279017153600e+16
3.477121002715715804e+03 1.605570216218488000e+16
3.477454571499552912e+03 1.605597926281885200e+16
3.477788140283390021e+03 1.605627420734705000e+16
3.478121709067226220e+03 1.605658710999090400e+16
3.478455277851063329e+03 1.605691808388244600e+16
3.478788846634899983e+03 1.605726724102737400e+16
3.479122415418737091e+03 1.605763469226868200e+16
3.479455984202574200e+03 1.605802054725048400e+16
3.479789552986410854e+03 1.605842491438249000e+16
3.480123121770247963e+03 1.605884790080480800e+16
3.480456690554084616e+03 1.605928961235326800e+16
3.480790259337921725e+03 1.605975015352527400e+16
3.481123828121758834e+03 1.606022962744606400e+16
3.481457396905595488e+03 1.606072813583561000e+16
3.481790965689432142e+03 1.606124577897603600e+16
3.482124534473268795e+03 1.606178265567954400e+16
3.482458103257105904e+03 1.606233886325700000e+16
3.482791672040943013e+03 1.606291449748701400e+16
3.483125240824779667e+03 1.606350965258574400e+16
3.483458809608616775e+03 1.606412442117723400e+16
3.483792378392453429e+03 1.606475889426444800e+16
3.484125947176290538e+03 1.606541316120091000e+16
3.484459515960127646e+03 1.606608730966304200e+16
3.484793084743964300e+03 1.606678142562319400e+16
3.485126653527801409e+03 1.606749559332333000e+16
3.485460222311637608e+03 1.606822989524939800e+16
3.485793791095474717e+03 1.606898441210650200e+16
3.486127359879311825e+03 1.606975922279474200e+16
3.486460928663148479e+03 1.607055440438578000e+16
3.486794497446985588e+03 1.607137003210017600e+16
3.487128066230822242e+03 1.607220617928548600e+16
3.487461635014659350e+03 1.607306291739515000e+16
3.487795203798496459e+03 1.607394031596808400e+16
3.488128772582333113e+03 1.607483844260912000e+16
3.488462341366170222e+03 1.607575736297026000e+16
3.488795910150006875e+03 1.607669714073261800e+16
3.489129478933843984e+03 1.607765783758930000e+16
3.489463047717681093e+03 1.607863951322904200e+16
3.489796616501517292e+03 1.607964222532063200e+16
3.490130185285354401e+03 1.608066602949826400e+16
3.490463754069191054e+03 1.608171097934757000e+16
3.490797322853028163e+03 1.608277712639264800e+16
3.491130891636865272e+03 1.608386452008381400e+16
3.491464460420701926e+03 1.608497320778626800e+16
3.491798029204539034e+03 1.608610323476956800e+16
3.492131597988375688e+03 1.608725464419795600e+16
3.492465166772212797e+03 1.608842747712156400e+16
3.492798735556049905e+03 1.608962177246847600e+16
3.493132304339886559e+03 1.609083756703757800e+16
3.493465873123723213e+03 1.609207489549237800e+16
3.493799441907559867e+03 1.609333379035557800e+16
3.494133010691396976e+03 1.609461428200454600e+16
3.494466579475234084e+03 1.609591639866769200e+16
3.494800148259070738e+03 1.609724016642159200e+16
3.495133717042907847e+03 1.609858560918908400e+16
3.495467285826744501e+03 1.609995274873813600e+16
3.495800854610581609e+03 1.610134160468159000e+16
3.496134423394418718e+03 1.610275219447777600e+16
3.496467992178255372e+03 1.610418453343193200e+16
3.496801560962092481e+03 1.610563863469849200e+16
3.497135129745928680e+03 1.610711450928419200e+16
3.497468698529765788e+03 1.610861216605206400e+16
3.497802267313602897e+03 1.611013161172615600e+16
3.498135836097439551e+03 1.611167285089718800e+16
3.498469404881276660e+03 1.611323588602895000e+16
3.498802973665113313e+03 1.611482071746552000e+16
3.499136542448950422e+03 1.611642734343935600e+16
3.499470111232787531e+03 1.611805576008003200e+16
3.499803680016624185e+03 1.611970596142397200e+16
3.500137248800461293e+03 1.612137793942482000e+16
3.500470817584297947e+03 1.612307168396456400e+16
3.500804386368135056e+03 1.612478718286559600e+16
3.501137955151972164e+03 1.612652442190332200e+16
3.501471523935808364e+03 1.612828338481967600e+16
3.501805092719645472e+03 1.613006405333728800e+16
3.502138661503482126e+03 1.613186640717440800e+16
3.502472230287319235e+03 1.613369042406058600e+16
3.502805799071155889e+03 1.613553607975294200e+16
3.503139367854992997e+03 1.613740334805330400e+16
3.503472936638830106e+03 1.613929220082585600e+16
3.503806505422666760e+03 1.614120260801559600e+16
3.504140074206503868e+03 1.614313453766738600e+16
3.504473642990340522e+03 1.614508795594563400e+16
3.504807211774177631e+03 1.614706282715470000e+16
3.505140780558014285e+03 1.614905911375982600e+16
3.505474349341850939e+03 1.615107677640871800e+16
3.505807918125688047e+03 1.615311577395376000e+16
3.506141486909524701e+03 1.615517606347470400e+16
3.506475055693361810e+03 1.615725760030207000e+16
3.506808624477198919e+03 1.615936033804096200e+16
3.507142193261035573e+03 1.616148422859552000e+16
3.507475762044872681e+03 1.616362922219384000e+16
3.507809330828709335e+03 1.616579526741343800e+16
3.508142899612546444e+03 1.616798231120715000e+16
3.508476468396383552e+03 1.617019029892957600e+16
3.508810037180219751e+03 1.617241917436390400e+16
3.509143605964056860e+03 1.617466887974930000e+16
3.509477174747893514e+03 1.617693935580853800e+16
3.509810743531730623e+03 1.617923054177622400e+16
3.510144312315567731e+03 1.618154237542728400e+16
3.510477881099404385e+03 1.618387479310590000e+16
3.510811449883241494e+03 1.618622772975476200e+16
3.511145018667078148e+03 1.618860111894464800e+16
3.511478587450915256e+03 1.619099489290437800e+16
3.511812156234752365e+03 1.619340898255099600e+16
3.512145725018589019e+03 1.619584331752028600e+16
3.512479293802426128e+03 1.619829782619755600e+16
3.512812862586262327e+03 1.620077243574860800e+16
3.513146431370099435e+03 1.620326707215100000e+16
3.513480000153936544e+03 1.620578166022547800e+16
3.513813568937773198e+03 1.620831612366757400e+16
3.514147137721610306e+03 1.621087038507946800e+16
3.514480706505446960e+03 1.621344436600184000e+16
3.514814275289284069e+03 1.621603798694599200e+16
3.515147844073121178e+03 1.621865116742597600e+16
3.515481412856957832e+03 1.622128382599091000e+16
3.515814981640794940e+03 1.622393588025724800e+16
3.516148550424631594e+03 1.622660724694117400e+16
3.516482119208468703e+03 1.622929784189099200e+16
3.516815687992305357e+03 1.623200758011952400e+16
3.517149256776142010e+03 1.623473637583646600e+16
3.517482825559979119e+03 1.623748414248078000e+16
3.517816394343815773e+03 1.624025079275294400e+16
3.518149963127652882e+03 1.624303623864718000e+16
3.518483531911489990e+03 1.624584039148352800e+16
3.518817100695326644e+03 1.624866316193987200e+16
3.519150669479163753e+03 1.625150446008376400e+16
3.519484238263000407e+03 1.625436419540408400e+16
3.519817807046837515e+03 1.625724227684254800e+16
3.520151375830674624e+03 1.626013861282502800e+16
3.520484944614510823e+03 1.626305311129256000e+16
3.520818513398347932e+03 1.626598567973220200e+16
3.521152082182184586e+03 1.626893622520752600e+16
3.521485650966021694e+03 1.627190465438894400e+16
3.521819219749858803e+03 1.627489087358357800e+16
3.522152788533695457e+03 1.627789478876492200e+16
3.522486357317532566e+03 1.628091630560206200e+16
3.522819926101369219e+03 1.628395532948858000e+16
3.523153494885206328e+03 1.628701176557104000e+16
3.523487063669043437e+03 1.629008551877704000e+16
3.523820632452880091e+03 1.629317649384288200e+16
3.524154201236717199e+03 1.629628459534070400e+16
3.524487770020553398e+03 1.629940972770522800e+16
3.524821338804390507e+03 1.630255179525992400e+16
3.525154907588227616e+03 1.630571070224273000e+16
3.525488476372064270e+03 1.630888635283114000e+16
3.525822045155901378e+03 1.631207865116690400e+16
3.526155613939738032e+03 1.631528750137991400e+16
3.526489182723575141e+03 1.631851280761172400e+16
3.526822751507412249e+03 1.632175447403828000e+16
3.527156320291248903e+03 1.632501240489213600e+16
3.527489889075086012e+03 1.632828650448393600e+16
3.527823457858922666e+03 1.633157667722326800e+16
3.528157026642759774e+03 1.633488282763883600e+16
3.528490595426596428e+03 1.633820486039784400e+16
3.528824164210433082e+03 1.634154268032478000e+16
3.529157732994270191e+03 1.634489619241934400e+16
3.529491301778106845e+03 1.634826530187367000e+16
3.529824870561943953e+03 1.635164991408876000e+16
3.530158439345781062e+03 1.635504993469013600e+16
3.530492008129617716e+03 1.635846526954263800e+16
3.530825576913454825e+03 1.636189582476443200e+16
3.531159145697291478e+03 1.636534150674019200e+16
3.531492714481128587e+03 1.636880222213338000e+16
3.531826283264965696e+03 1.637227787789766800e+16
3.532159852048801895e+03 1.637576838128745200e+16
3.532493420832639003e+03 1.637927363986754800e+16
3.532826989616475657e+03 1.638279356152185000e+16
3.533160558400312766e+03 1.638632805446117400e+16
3.533494127184149875e+03 1.638987702723006000e+16
3.533827695967986529e+03 1.639344038871268600e+16
3.534161264751823637e+03 1.639701804813780800e+16
3.534494833535660291e+03 1.640060991508268400e+16
3.534828402319497400e+03 1.640421589947605400e+16
3.535161971103334508e+03 1.640783591160008000e+16
3.535495539887171162e+03 1.641146986209127200e+16
3.535829108671008271e+03 1.641511766194052000e+16
3.536162677454844470e+03 1.641877922249183800e+16
3.536496246238681579e+03 1.642245445544036000e+16
3.536829815022518687e+03 1.642614327282909000e+16
3.537163383806355341e+03 1.642984558704463800e+16
3.537496952590192450e+03 1.643356131081199200e+16
3.537830521374029104e+03 1.643729035718808800e+16
3.538164090157866212e+03 1.644103263955439400e+16
3.538497658941703321e+03 1.644478807160839000e+16
3.538831227725539975e+03 1.644855656735395000e+16
3.539164796509377084e+03 1.645233804109066800e+16
3.539498365293213737e+03 1.645613240740206800e+16
3.539831934077050846e+03 1.645993958114272400e+16
3.540165502860887500e+03 1.646375947742430000e+16
3.540499071644724154e+03 1.646759201160043200e+16
3.540832640428561263e+03 1.647143709925063200e+16
3.541166209212397916e+03 1.647529465616296400e+16
3.541499777996235025e+03 1.647916459831568600e+16
3.541833346780072134e+03 1.648304684185780000e+16
3.542166915563908788e+03 1.648694130308843800e+16
3.542500484347745896e+03 1.649084789843528400e+16
3.542834053131582550e+03 1.649476654443177200e+16
3.543167621915419659e+03 1.649869715769324200e+16
3.543501190699256767e+03 1.650263965489203400e+16
3.543834759483092967e+03 1.650659395273151600e+16
3.544168328266930075e+03 1.651055996791897800e+16
3.544501897050766729e+03 1.651453761713752800e+16
3.544835465834603838e+03 1.651852681701686800e+16
3.545169034618440946e+03 1.652252748410310600e+16
3.545502603402277600e+03 1.652653953482740800e+16
3.545836172186114709e+03 1.653056288547372600e+16
3.546169740969951363e+03 1.653459745214547200e+16
3.546503309753788471e+03 1.653864315073117600e+16
3.546836878537625580e+03 1.654269989686910600e+16
3.547170447321462234e+03 1.654676760591097600e+16
3.547504016105299343e+03 1.655084619288470400e+16
3.547837584889135542e+03 1.655493557245604200e+16
3.548171153672972650e+03 1.655903565888950000e+16
3.548504722456809759e+03 1.656314636600816200e+16
3.548838291240646413e+03 1.656726760715268000e+16
3.549171860024483522e+03 1.657139929513939600e+16
3.549505428808320175e+03 1.657554134221748000e+16
3.549838997592157284e+03 1.657969366002535200e+16
3.550172566375994393e+03 1.658385615954619200e+16
3.550506135159831047e+03 1.658802875106262800e+16
3.550839703943668155e+03 1.659221134411069200e+16
3.551173272727504809e+03 1.659640384743296000e+16
3.551506841511341918e+03 1.660060616893098000e+16
3.551840410295178572e+03 1.660481821561694800e+16
3.552173979079015226e+03 1.660903989356469000e+16
3.552507547862852334e+03 1.661327110786002600e+16
3.552841116646688988e+03 1.661751176255041800e+16
3.553174685430526097e+03 1.662176176059405000e+16
3.553508254214363205e+03 1.662602100380833000e+16
3.553841822998199859e+03 1.663028939281776000e+16
3.554175391782036968e+03 1.663456682700138800e+16
3.554508960565873622e+03 1.663885320443967200e+16
3.554842529349710730e+03 1.664314842186093600e+16
3.555176098133547839e+03 1.664745237458734200e+16
3.555509666917384038e+03 1.665176495648048600e+16
3.555843235701221147e+03 1.665608605988666000e+16
3.556176804485057801e+03 1.666041557558174000e+16
3.556510373268894909e+03 1.666475339271579200e+16
3.556843942052732018e+03 1.666909939875742800e+16
3.557177510836568672e+03 1.667345347943789200e+16
3.557511079620405781e+03 1.667781551869505000e+16
3.557844648404242434e+03 1.668218539861716400e+16
3.558178217188079543e+03 1.668656299938658200e+16
3.558511785971916652e+03 1.669094819922335400e+16
3.558845354755753306e+03 1.669534087432884000e+16
3.559178923539590414e+03 1.669974089882935600e+16
3.559512492323426613e+03 1.670414814471977000e+16
3.559846061107263722e+03 1.670856248180737200e+16
3.560179629891100831e+03 1.671298377765572200e+16
3.560513198674937485e+03 1.671741189752880200e+16
3.560846767458774593e+03 1.672184670433539200e+16
3.561180336242611247e+03 1.672628805857361600e+16
3.561513905026448356e+03 1.673073581827599400e+16
3.561847473810285464e+03 1.673518983895471600e+16
3.562181042594122118e+03 1.673964997354741800e+16
3.562514611377959227e+03 1.674411607236342600e+16
3.562848180161795881e+03 1.674858798303044200e+16
3.563181748945632989e+03 1.675306555044194400e+16
3.563515317729469643e+03 1.675754861670502400e+16
3.563848886513306297e+03 1.676203702108904800e+16
3.564182455297143406e+03 1.676653059997499000e+16
3.564516024080980060e+03 1.677102918680543800e+16
3.564849592864817168e+03 1.677553261203561000e+16
3.565183161648654277e+03 1.678004070308503600e+16
3.565516730432490931e+03 1.678455328429033600e+16
3.565850299216328040e+03 1.678907017685888400e+16
3.566183868000164694e+03 1.679359119882354400e+16
3.566517436784001802e+03 1.679811616499842400e+16
3.566851005567838911e+03 1.680264488693589000e+16
3.567184574351675110e+03 1.680717717288463200e+16
3.567518143135512219e+03 1.681171282774909800e+16
3.567851711919348872e+03 1.681625165305014000e+16
3.568185280703185981e+03 1.682079344688705200e+16
3.568518849487023090e+03 1.682533800390101200e+16
3.568852418270859744e+03 1.682988511523998600e+16
3.569185987054696852e+03 1.683443456852514400e+16
3.569519555838533506e+03 1.683898614781884000e+16
3.569853124622370615e+03 1.684353963359426000e+16
3.570186693406207723e+03 1.684809480270666800e+16
3.570520262190044377e+03 1.685265142836644000e+16
3.570853830973881486e+03 1.685720928011388000e+16
3.571187399757717685e+03 1.686176812379587600e+16
3.571520968541554794e+03 1.686632772154441000e+16
3.571854537325391902e+03 1.687088783175706400e+16
3.572188106109228556e+03 1.687544820907949000e+16
3.572521674893065665e+03 1.688000860438993000e+16
3.572855243676902319e+03 1.688456876478582000e+16
3.573188812460739427e+03 1.688912843357261600e+16
3.573522381244576536e+03 1.689368735025471400e+16
3.573855950028413190e+03 1.689824525052869000e+16
3.574189518812250299e+03 1.690280186627882000e+16
3.574523087596086953e+03 1.690735692557491600e+16
3.574856656379924061e+03 1.691191015267261600e+16
3.575190225163760715e+03 1.691646126801603800e+16
3.575523793947597369e+03 1.692100998824297400e+16
3.575857362731434478e+03 1.692555602619257000e+16
3.576190931515271132e+03 1.693009909091557600e+16
3.576524500299108240e+03 1.693463888768727000e+16
3.576858069082945349e+03 1.693917511802292800e+16
3.577191637866782003e+03 1.694370747969605600e+16
3.577525206650619111e+03 1.694823566675935400e+16
3.577858775434455765e+03 1.695275936956837800e+16
3.578192344218292874e+03 1.695727827480810800e+16
3.578525913002129982e+03 1.696179206552218400e+16
3.578859481785966182e+03 1.696630042114519800e+16
3.579193050569803290e+03 1.697080301753772600e+16
3.579526619353639944e+03 1.697529952702438600e+16
3.579860188137477053e+03 1.697978961843475800e+16
3.580193756921314161e+03 1.698427295714734400e+16
3.580527325705150815e+03 1.698874920513647800e+16
3.580860894488987924e+03 1.699321802102231200e+16
3.581194463272824578e+03 1.699767906012373400e+16
3.581528032056661687e+03 1.700213197451446400e+16
3.581861600840498795e+03 1.700657641308209200e+16
3.582195169624335449e+03 1.701101202159032800e+16
3.582528738408172558e+03 1.701543844274418000e+16
3.582862307192008757e+03 1.701985531625839200e+16
3.583195875975845865e+03 1.702426227892886200e+16
3.583529444759682974e+03 1.702865896470718200e+16
3.583863013543519628e+03 1.703304500477838400e+16
3.584196582327356737e+03 1.703742002764159600e+16
3.584530151111193391e+03 1.704178365919397000e+16
3.584863719895030499e+03 1.704613552281767400e+16
3.585197288678867608e+03 1.705047523946977800e+16
3.585530857462704262e+03 1.705480242777545400e+16
3.585864426246541370e+03 1.705911670412408800e+16
3.586197995030378024e+03 1.706341768276840800e+16
3.586531563814215133e+03 1.706770497592664800e+16
3.586865132598051787e+03 1.707197819388772400e+16
3.587198701381888441e+03 1.707623694511932000e+16
3.587532270165725549e+03 1.708048083637890200e+16
3.587865838949562203e+03 1.708470947282758400e+16
3.588199407733399312e+03 1.708892245814696800e+16
3.588532976517236420e+03 1.709311939465862000e+16
3.588866545301073074e+03 1.709729988344642400e+16
3.589200114084910183e+03 1.710146352448166800e+16
3.589533682868746837e+03 1.710560991675068200e+16
3.589867251652583946e+03 1.710973865838525600e+16
3.590200820436421054e+03 1.711384934679546600e+16
3.590534389220257253e+03 1.711794157880508000e+16
3.590867958004094362e+03 1.712201495078945200e+16
3.591201526787931016e+03 1.712606905881558200e+16
3.591535095571768125e+03 1.713010349878477600e+16
3.591868664355605233e+03 1.713411786657732000e+16
3.592202233139441887e+03 1.713811175819930800e+16
3.592535801923278996e+03 1.714208476993175600e+16
3.592869370707115650e+03 1.714603649848145800e+16
3.593202939490952758e+03 1.714996654113392400e+16
3.593536508274789867e+03 1.715387449590805600e+16
3.593870077058626521e+03 1.715775996171262800e+16
3.594203645842463629e+03 1.716162253850434800e+16
3.594537214626299829e+03 1.716546182744750400e+16
3.594870783410136937e+03 1.716927743107502200e+16
3.595204352193974046e+03 1.717306895345095200e+16
3.595537920977810700e+03 1.717683600033406000e+16
3.595871489761647808e+03 1.718057817934269400e+16
3.596205058545484462e+03 1.718429510012055200e+16
3.596538627329321571e+03 1.718798637450353400e+16
3.596872196113158680e+03 1.719165161668713000e+16
3.597205764896995333e+03 1.719529044339481200e+16
3.597539333680832442e+03 1.719890247404668400e+16
3.597872902464669096e+03 1.720248733092882400e+16
3.598206471248506205e+03 1.720604463936279200e+16
3.598540040032342858e+03 1.720957402787537200e+16
3.598873608816179512e+03 1.721307512836845400e+16
3.599207177600016621e+03 1.721654757628876400e+16
3.599540746383853275e+03 1.721999101079743600e+16
3.599874315167690384e+03 1.722340507493934400e+16
3.600207883951527492e+03 1.722678941581183400e+16
3.600541452735364146e+03 1.723014368473302000e+16
3.600875021519201255e+03 1.723346753740931400e+16
3.601208590303037909e+03 1.723676063410205000e+16
3.601542159086875017e+03 1.724002263979323600e+16
3.601875727870712126e+03 1.724325322435004000e+16
3.602209296654548325e+03 1.724645206268815000e+16
3.602542865438385434e+03 1.724961883493368000e+16
3.602876434222222088e+03 1.725275322658352000e+16
3.603210003006059196e+03 1.725585492866410800e+16
3.603543571789896305e+03 1.725892363788824800e+16
3.603877140573732959e+03 1.726195905681015800e+16
3.604210709357570067e+03 1.726496089397829800e+16
3.604544278141406721e+03 1.726792886408610000e+16
3.604877846925243830e+03 1.727086268812023600e+16
3.605211415709080939e+03 1.727376209350655200e+16
3.605544984492917592e+03 1.727662681425321200e+16
3.605878553276754701e+03 1.727945659109132000e+16
3.606212122060590900e+03 1.728225117161245000e+16
3.606545690844428009e+03 1.728501031040335200e+16
3.606879259628265117e+03 1.728773376917745400e+16
3.607212828412101771e+03 1.729042131690312000e+16
3.607546397195938880e+03 1.729307272992858600e+16
3.607879965979775534e+03 1.729568779210337400e+16
3.608213534763612643e+03 1.729826629489614800e+16
3.608547103547449751e+03 1.730080803750878800e+16
3.608880672331286405e+03 1.730331282698670800e+16
3.609214241115123514e+03 1.730578047832524000e+16
3.609547809898960168e+03 1.730821081457192400e+16
3.609881378682797276e+03 1.731060366692472000e+16
3.610214947466633930e+03 1.731295887482599600e+16
3.610548516250470584e+03 1.731527628605207600e+16
3.610882085034307693e+03 1.731755575679859400e+16
3.611215653818144347e+03 1.731979715176103400e+16
3.611549222601981455e+03 1.732200034421102200e+16
3.611882791385818564e+03 1.732416521606765600e+16
3.612216360169655218e+03 1.732629165796426000e+16
3.612549928953492326e+03 1.732837956931033400e+16
3.612883497737328980e+03 1.733042885834850200e+16
3.613217066521166089e+03 1.733243944220668800e+16
3.613550635305003198e+03 1.733441124694511400e+16
3.613884204088839397e+03 1.733634420759844400e+16
3.614217772872676505e+03 1.733823826821267200e+16
3.614551341656513159e+03 1.734009338187694000e+16
3.614884910440350268e+03 1.734190951075024000e+16
3.615218479224187377e+03 1.734368662608273200e+16
3.615552048008024030e+03 1.734542470823203600e+16
3.615885616791861139e+03 1.734712374667412800e+16
3.616219185575697793e+03 1.734878374000898000e+16
3.616552754359534902e+03 1.735040469596094600e+16
3.616886323143372010e+03 1.735198663137381600e+16
3.617219891927208664e+03 1.735352957220056600e+16
3.617553460711045773e+03 1.735503355348786800e+16
3.617887029494881972e+03 1.735649861935518400e+16
3.618220598278719081e+03 1.735792482296870800e+16
3.618554167062556189e+03 1.735931222650997200e+16
3.618887735846392843e+03 1.736066090113927400e+16
3.619221304630229952e+03 1.736197092695375600e+16
3.619554873414066606e+03 1.736324239294050000e+16
3.619888442197903714e+03 1.736447539692430000e+16
3.620222010981740823e+03 1.736567004551046800e+16
3.620555579765577477e+03 1.736682645402243400e+16
3.620889148549414585e+03 1.736794474643457800e+16
3.621222717333251239e+03 1.736902505529981800e+16
3.621556286117088348e+03 1.737006752167262000e+16
3.621889854900925002e+03 1.737107229502687400e+16
3.622223423684761656e+03 1.737203953316932000e+16
3.622556992468598764e+03 1.737296940214811600e+16
3.622890561252435418e+03 1.737386207615680600e+16
3.623224130036272527e+03 1.737471773743388400e+16
3.623557698820109636e+03 1.737553657615782800e+16
3.623891267603946289e+03 1.737631879033785600e+16
3.624224836387783398e+03 1.737706458570041000e+16
3.624558405171620052e+03 1.737777417557148000e+16
3.624891973955457161e+03 1.737844778075493800e+16
3.625225542739294269e+03 1.737908562940685800e+16
3.625559111523130468e+03 1.737968795690607200e+16
3.625892680306967577e+03 1.738025500572093800e+16
3.626226249090804231e+03 1.738078702527259200e+16
3.626559817874641340e+03 1.738128427179458600e+16
3.626893386658478448e+03 1.738174700818924600e+16
3.627226955442315102e+03 1.738217550388076000e+16
3.627560524226152211e+03 1.738257003466513400e+16
3.627894093009988865e+03 1.738293088255710600e+16
3.628227661793825973e+03 1.738325833563424800e+16
3.628561230577663082e+03 1.738355268787829800e+16
3.628894799361499736e+03 1.738381423901388400e+16
3.629228368145336844e+03 1.738404329434475000e+16
3.629561936929173044e+03 1.738424016458766800e+16
3.629895505713010152e+03 1.738440516570411600e+16
3.630229074496847261e+03 1.738453861872992000e+16
3.630562643280683915e+03 1.738464084960285400e+16
3.630896212064521023e+03 1.738471218898863800e+16
3.631229780848357677e+03 1.738475297210504800e+16
3.631563349632194786e+03 1.738476353854472000e+16
3.631896918416031895e+03 1.738474423209639400e+16
3.632230487199868548e+03 1.738469540056501200e+16
3.632564055983705657e+03 1.738461739559075000e+16
3.632897624767542311e+03 1.738451057246695800e+16
3.633231193551379420e+03 1.738437528995740000e+16
3.633564762335216074e+03 1.738421191011273800e+16
3.633898331119052727e+03 1.738402079808647200e+16
3.634231899902889836e+03 1.738380232195054400e+16
3.634565468686726490e+03 1.738355685251053200e+16
3.634899037470563599e+03 1.738328476312079400e+16
3.635232606254400707e+03 1.738298642949960000e+16
3.635566175038237361e+03 1.738266222954432800e+16
3.635899743822074470e+03 1.738231254314699600e+16
3.636233312605911124e+03 1.738193775201010600e+16
3.636566881389748232e+03 1.738153823946304000e+16
3.636900450173585341e+03 1.738111439027902400e+16
3.637234018957421540e+03 1.738066659049297200e+16
3.637567587741258649e+03 1.738019522722009600e+16
3.637901156525095303e+03 1.737970068847557400e+16
3.638234725308932411e+03 1.737918336299531200e+16
3.638568294092769520e+03 1.737864364005793400e+16
3.638901862876606174e+03 1.737808190930815800e+16
3.639235431660443282e+03 1.737749856058157400e+16
3.639569000444279936e+03 1.737689398373101200e+16
3.639902569228117045e+03 1.737626856845460200e+16
3.640236138011954154e+03 1.737562270412553600e+16
3.640569706795790808e+03 1.737495677962378000e+16
3.640903275579627916e+03 1.737427118316967800e+16
3.641236844363464115e+03 1.737356630215971200e+16
3.641570413147301224e+03 1.737284252300432400e+16
3.641903981931138333e+03 1.737210023096803400e+16
3.642237550714974986e+03 1.737133981001186400e+16
3.642571119498812095e+03 1.737056164263820800e+16
3.642904688282648749e+03 1.736976610973813400e+16
3.643238257066485858e+03 1.736895359044134800e+16
3.643571825850322966e+03 1.736812446196864000e+16
3.643905394634159620e+03 1.736727909948727600e+16
3.644238963417996729e+03 1.736641787596895800e+16
3.644572532201833383e+03 1.736554116205074400e+16
3.644906100985670491e+03 1.736464932589884800e+16
3.645239669769507145e+03 1.736374273307540400e+16
3.645573238553343799e+03 1.736282174640826400e+16
3.645906807337180908e+03 1.736188672586387600e+16
3.646240376121017562e+03 1.736093802842321200e+16
3.646573944904854670e+03 1.735997600796107400e+16
3.646907513688691779e+03 1.735900101512832800e+16
3.647241082472528433e+03 1.735801339723764000e+16
3.647574651256365541e+03 1.735701349815236200e+16
3.647908220040202195e+03 1.735600165817879600e+16
3.648241788824039304e+03 1.735497821396190200e+16
3.648575357607876413e+03 1.735394349838419600e+16
3.648908926391712612e+03 1.735289784046824400e+16
3.649242495175549720e+03 1.735184156528258000e+16
3.649576063959386374e+03 1.735077499385096400e+16
3.649909632743223483e+03 1.734969844306525600e+16
3.650243201527060592e+03 1.734861222560172000e+16
3.650576770310897246e+03 1.734751664984082000e+16
3.650910339094734354e+03 1.734641201979061400e+16
3.651243907878571008e+03 1.734529863501356400e+16
3.651577476662408117e+03 1.734417679055695400e+16
3.651911045446245225e+03 1.734304677688685600e+16
3.652244614230081879e+03 1.734190887982555600e+16
3.652578183013918988e+03 1.734076338049257400e+16
3.652911751797755187e+03 1.733961055524917400e+16
3.653245320581592296e+03 1.733845067564644800e+16
3.653578889365429404e+03 1.733728400837683800e+16
3.653912458149266058e+03 1.733611081522922600e+16
3.654246026933103167e+03 1.733493135304747800e+16
3.654579595716939821e+03 1.733374587369248000e+16
3.654913164500776929e+03 1.733255462400760000e+16
3.655246733284614038e+03 1.733135784578765600e+16
3.655580302068450692e+03 1.733015577575116800e+16
3.655913870852287801e+03 1.732894864551622200e+16
3.656247439636124454e+03 1.732773668157942600e+16
3.656581008419961563e+03 1.732652010529849000e+16
3.656914577203798217e+03 1.732529913287788400e+16
3.657248145987634871e+03 1.732407397535795800e+16
3.657581714771471979e+03 1.732284483860722000e+16
3.657915283555308633e+03 1.732161192331785600e+16
3.658248852339145742e+03 1.732037542500449200e+16
3.658582421122982851e+03 1.731913553400600400e+16
3.658915989906819505e+03 1.731789243549056200e+16
3.659249558690656613e+03 1.731664630946365200e+16
3.659583127474493267e+03 1.731539733077921800e+16
3.659916696258330376e+03 1.731414566915378200e+16
3.660250265042167484e+03 1.731289148918347200e+16
3.660583833826003683e+03 1.731163495036399400e+16
3.660917402609840792e+03 1.731037620711357200e+16
3.661250971393677446e+03 1.730911540879851200e+16
3.661584540177514555e+03 1.730785269976172800e+16
3.661918108961351663e+03 1.730658821935395000e+16
3.662251677745188317e+03 1.730532210196753200e+16
3.662585246529025426e+03 1.730405447707305600e+16
3.662918815312862080e+03 1.730278546925835400e+16
3.663252384096699188e+03 1.730151519827023400e+16
3.663585952880536297e+03 1.730024377905854000e+16
3.663919521664372951e+03 1.729897132182275000e+16
3.664253090448210060e+03 1.729769793206093400e+16
3.664586659232046259e+03 1.729642371062102400e+16
3.664920228015883367e+03 1.729514875375437400e+16
3.665253796799720476e+03 1.729387315317154400e+16
3.665587365583557130e+03 1.729259699610023000e+16
3.665920934367394239e+03 1.729132036534538400e+16
3.666254503151230892e+03 1.729004333935127400e+16
3.666588071935068001e+03 1.728876599226565800e+16
3.666921640718905110e+03 1.728748839400582000e+16
3.667255209502741764e+03 1.728621061032654800e+16
3.667588778286578872e+03 1.728493270288997200e+16
3.667922347070415526e+03 1.728365472933705000e+16
3.668255915854252635e+03 1.728237674336093400e+16
3.668589484638089289e+03 1.728109879478188000e+16
3.668923053421925943e+03 1.727982092962381400e+16
3.669256622205763051e+03 1.727854319019242200e+16
3.669590190989599705e+03 1.727726561515475000e+16
3.669923759773436814e+03 1.727598823962021200e+16
3.670257328557273922e+03 1.727471109522293400e+16
3.670590897341110576e+03 1.727343421020549200e+16
3.670924466124947685e+03 1.727215760950384200e+16
3.671258034908784339e+03 1.727088131483342400e+16
3.671591603692621447e+03 1.726960534477646600e+16
3.671925172476457647e+03 1.726832971487028600e+16
3.672258741260294755e+03 1.726705443769670800e+16
3.672592310044131864e+03 1.726577952297231800e+16
3.672925878827968518e+03 1.726450497763969000e+16
3.673259447611805626e+03 1.726323080595946400e+16
3.673593016395642280e+03 1.726195700960315400e+16
3.673926585179479389e+03 1.726068358774672000e+16
3.674260153963316498e+03 1.725941053716475600e+16
3.674593722747153151e+03 1.725813785232530800e+16
3.674927291530990260e+03 1.725686552548531200e+16
3.675260860314826914e+03 1.725559354678636400e+16
3.675594429098664023e+03 1.725432190435107000e+16
3.675927997882501131e+03 1.725305058437967200e+16
3.676261566666337330e+03 1.725177957124705600e+16
3.676595135450174439e+03 1.725050884759997800e+16
3.676928704234011093e+03 1.724923839445449600e+16
3.677262273017848202e+03 1.724796819129358800e+16
3.677595841801685310e+03 1.724669821616479000e+16
3.677929410585521964e+03 1.724542844577794400e+16
3.678262979369359073e+03 1.724415885560287600e+16
3.678596548153195727e+03 1.724288941996699400e+16
3.678930116937032835e+03 1.724162011215281800e+16
3.679263685720869944e+03 1.724035090449522600e+16
3.679597254504706598e+03 1.723908176847854800e+16
3.679930823288543706e+03 1.723781267483331400e+16
3.680264392072379906e+03 1.723654359363268400e+16
3.680597960856217014e+03 1.723527449438850200e+16
3.680931529640054123e+03 1.723400534614680400e+16
3.681265098423890777e+03 1.723273611758292200e+16
3.681598667207727885e+03 1.723146677709604600e+16
3.681932235991564539e+03 1.723019729290306800e+16
3.682265804775401648e+03 1.722892763313189000e+16
3.682599373559238757e+03 1.722765776591396600e+16
3.682932942343075410e+03 1.722638765947611600e+16
3.683266511126912519e+03 1.722511728223156000e+16
3.683600079910748718e+03 1.722384660287004600e+16
3.683933648694585827e+03 1.722257559044714400e+16
3.684267217478422936e+03 1.722130421447259400e+16
3.684600786262259589e+03 1.722003244499759000e+16
3.684934355046096698e+03 1.721876025270119400e+16
3.685267923829933352e+03 1.721748760897550400e+16
3.685601492613770461e+03 1.721621448600982000e+16
3.685935061397607569e+03 1.721494085687363800e+16
3.686268630181444223e+03 1.721366669559833200e+16
3.686602198965281332e+03 1.721239197725781200e+16
3.686935767749117986e+03 1.721111667804765600e+16
3.687269336532955094e+03 1.720984077536312600e+16
3.687602905316792203e+03 1.720856424787568600e+16
3.687936474100628402e+03 1.720728707560817800e+16
3.688270042884465511e+03 1.720600924000861600e+16
3.688603611668302165e+03 1.720473072402240000e+16
3.688937180452139273e+03 1.720345151216312800e+16
3.689270749235976382e+03 1.720217159058180800e+16
3.689604318019813036e+03 1.720089094713452200e+16
3.689937886803650144e+03 1.719960957144852200e+16
3.690271455587486798e+03 1.719832745498662400e+16
3.690605024371323907e+03 1.719704459111003800e+16
3.690938593155161016e+03 1.719576097513934000e+16
3.691272161938997669e+03 1.719447660441398000e+16
3.691605730722834778e+03 1.719319147834979600e+16
3.691939299506670977e+03 1.719190559849486800e+16
3.692272868290508086e+03 1.719061896858364600e+16
3.692606437074345195e+03 1.718933159458909200e+16
3.692940005858181848e+03 1.718804348477311600e+16
3.693273574642018957e+03 1.718675464973512800e+16
3.693607143425855611e+03 1.718546510245864400e+16
3.693940712209692720e+03 1.718417485835608400e+16
3.694274280993529828e+03 1.718288393531152400e+16
3.694607849777366482e+03 1.718159235372166200e+16
3.694941418561203591e+03 1.718030013653472200e+16
3.695274987345039790e+03 1.717900730928743000e+16
3.695608556128876899e+03 1.717771390014004000e+16
3.695942124912714007e+03 1.717641993990928800e+16
3.696275693696550661e+03 1.717512546209942000e+16
3.696609262480387770e+03 1.717383050293122000e+16
3.696942831264224424e+03 1.717253510136888200e+16
3.697276400048061532e+03 1.717123929914510000e+16
3.697609968831898641e+03 1.716994314078382000e+16
3.697943537615735295e+03 1.716864667362121200e+16
3.698277106399572403e+03 1.716734994782448800e+16
3.698610675183409057e+03 1.716605301640866600e+16
3.698944243967246166e+03 1.716475593525134400e+16
3.699277812751083275e+03 1.716345876310534800e+16
3.699611381534919474e+03 1.716216156160940800e+16
3.699944950318756582e+03 1.716086439529681200e+16
3.700278519102593236e+03 1.715956733160190400e+16
3.700612087886430345e+03 1.715827044086468000e+16
3.700945656670267454e+03 1.715697379633327000e+16
3.701279225454104107e+03 1.715567747416446600e+16
3.701612794237941216e+03 1.715438155342217800e+16
3.701946363021777870e+03 1.715308611607391600e+16
3.702279931805614979e+03 1.715179124698530400e+16
3.702613500589452087e+03 1.715049703391258400e+16
3.702947069373288741e+03 1.714920356749312000e+16
3.703280638157125850e+03 1.714791094123408000e+16
3.703614206940962049e+03 1.714661925149902800e+16
3.703947775724799158e+03 1.714532859749270600e+16
3.704281344508636266e+03 1.714403908124383200e+16
3.704614913292472920e+03 1.714275080758609800e+16
3.704948482076310029e+03 1.714146388413725200e+16
3.705282050860146683e+03 1.714017842127633600e+16
3.705615619643983791e+03 1.713889453211914200e+16
3.705949188427820900e+03 1.713761233249180400e+16
3.706282757211657554e+03 1.713633194090273200e+16
3.706616325995494662e+03 1.713505347851266400e+16
3.706949894779330862e+03 1.713377706910307200e+16
3.707283463563167970e+03 1.713250283904287400e+16
3.707617032347005079e+03 1.713123091725345400e+16
3.707950601130841733e+03 1.712996143517203200e+16
3.708284169914678841e+03 1.712869452671349200e+16
3.708617738698515495e+03 1.712743032823053200e+16
3.708951307482352604e+03 1.712616897847236800e+16
3.709284876266189713e+03 1.712491061854184400e+16
3.709618445050026367e+03 1.712365539185110200e+16
3.709952013833863475e+03 1.712240344407579400e+16
3.710285582617700129e+03 1.712115492310789800e+16
3.710619151401537238e+03 1.711990997900711000e+16
3.710952720185374346e+03 1.711866876395095400e+16
3.711286288969210545e+03 1.711743143218353600e+16
3.711619857753047654e+03 1.711619813996306200e+16
3.711953426536884308e+03 1.711496904550814000e+16
3.712286995320721417e+03 1.711374430894285400e+16
3.712620564104558525e+03 1.711252409224067600e+16
3.712954132888395179e+03 1.711130855916732000e+16
3.713287701672232288e+03 1.711009787522253200e+16
3.713621270456068942e+03 1.710889220758075800e+16
3.713954839239906050e+03 1.710769172503091800e+16
3.714288408023743159e+03 1.710649659791519000e+16
3.714621976807579813e+03 1.710530699806691200e+16
3.714955545591416922e+03 1.710412309874758400e+16
3.715289114375253121e+03 1.710294507458310800e+16
3.715622683159090229e+03 1.710177310149917600e+16
3.715956251942927338e+03 1.710060735665602600e+16
3.716289820726763992e+03 1.709944801838240400e+16
3.716623389510601100e+03 1.709829526610898600e+16
3.716956958294437754e+03 1.709714928030109400e+16
3.717290527078274863e+03 1.709601024239097200e+16
3.717624095862111972e+03 1.709487833470942400e+16
3.717957664645948626e+03 1.709375374041711600e+16
3.718291233429785734e+03 1.709263664343535600e+16
3.718624802213621933e+03 1.709152722837657800e+16
3.718958370997459042e+03 1.709042568047442000e+16
3.719291939781296151e+03 1.708933218551359400e+16
3.719625508565132805e+03 1.708824692975943200e+16
3.719959077348969913e+03 1.708717009988737200e+16
3.720292646132806567e+03 1.708610188291207200e+16
3.720626214916643676e+03 1.708504246611669000e+16
3.720959783700480784e+03 1.708399203698189200e+16
3.721293352484317438e+03 1.708295078311494400e+16
3.721626921268154547e+03 1.708191889217882800e+16
3.721960490051991201e+03 1.708089655182139200e+16
3.722294058835828309e+03 1.707988394960468600e+16
3.722627627619665418e+03 1.707888127293435800e+16
3.722961196403501617e+03 1.707788870898936200e+16
3.723294765187338726e+03 1.707690644465188200e+16
3.723628333971175380e+03 1.707593466643747600e+16
3.723961902755012488e+03 1.707497356042571200e+16
3.724295471538849597e+03 1.707402331219100600e+16
3.724629040322686251e+03 1.707308410673397600e+16
3.724962609106523360e+03 1.707215612841328800e+16
3.725296177890360013e+03 1.707123956087790000e+16
3.725629746674197122e+03 1.707033458699996800e+16
3.725963315458034231e+03 1.706944138880821000e+16
3.726296884241870885e+03 1.706856014742200200e+16
3.726630453025707993e+03 1.706769104298612000e+16
3.726964021809544192e+03 1.706683425460607200e+16
3.727297590593381301e+03 1.706598996028432800e+16
3.727631159377218410e+03 1.706515833685723400e+16
3.727964728161055064e+03 1.706433955993274800e+16
3.728298296944892172e+03 1.706353380382905400e+16
3.728631865728728826e+03 1.706274124151401000e+16
3.728965434512565935e+03 1.706196204454562400e+16
3.729299003296403043e+03 1.706119638301332200e+16
3.729632572080239697e+03 1.706044442548036400e+16
3.729966140864076806e+03 1.705970633892722800e+16
3.730299709647913005e+03 1.705898228869596400e+16
3.730633278431750114e+03 1.705827243843576800e+16
3.730966847215587222e+03 1.705757695004961600e+16
3.731300415999423876e+03 1.705689598364197600e+16
3.731633984783260985e+03 1.705622969746786600e+16
3.731967553567097639e+03 1.705557824788292000e+16
3.732301122350934747e+03 1.705494178929486400e+16
3.732634691134771856e+03 1.705432047411610000e+16
3.732968259918608510e+03 1.705371445271769600e+16
3.733301828702445619e+03 1.705312387338462000e+16
3.733635397486282272e+03 1.705254888227235200e+16
3.733968966270119381e+03 1.705198962336479600e+16
3.734302535053956490e+03 1.705144623843365200e+16
3.734636103837792689e+03 1.705091886699913600e+16
3.734969672621629798e+03 1.705040764629216200e+16
3.735303241405466451e+03 1.704991271121792400e+16
3.735636810189303560e+03 1.704943419432104000e+16
3.735970378973140669e+03 1.704897222575200000e+16
3.736303947756977323e+03 1.704852693323534600e+16
3.736637516540814431e+03 1.704809844203917200e+16
3.736971085324651085e+03 1.704768687494627400e+16
3.737304654108488194e+03 1.704729235222684400e+16
3.737638222892325302e+03 1.704691499161260200e+16
3.737971791676161956e+03 1.704655490827267200e+16
3.738305360459999065e+03 1.704621221479097600e+16
3.738638929243835264e+03 1.704588702114515000e+16
3.738972498027672373e+03 1.704557943468719200e+16
3.739306066811509481e+03 1.704528956012564400e+16
3.739639635595346135e+03 1.704501749950943000e+16
3.739973204379183244e+03 1.704476335221333800e+16
3.740306773163019898e+03 1.704452721492505600e+16
3.740640341946857006e+03 1.704430918163402800e+16
3.740973910730694115e+03 1.704410934362170400e+16
3.741307479514530769e+03 1.704392778945368400e+16
3.741641048298367878e+03 1.704376460497338600e+16
3.741974617082204077e+03 1.704361987329734000e+16
3.742308185866041185e+03 1.704349367481224400e+16
3.742641754649878294e+03 1.704338608717357800e+16
3.742975323433714948e+03 1.704329718530590800e+16
3.743308892217552057e+03 1.704322704140483600e+16
3.743642461001388710e+03 1.704317572494058200e+16
3.743976029785225819e+03 1.704314330266321800e+16
3.744309598569062928e+03 1.704312983860950800e+16
3.744643167352899582e+03 1.704313539411140600e+16
3.744976736136736690e+03 1.704316002780618000e+16
3.745310304920573344e+03 1.704320379564809600e+16
3.745643873704410453e+03 1.704326675092172600e+16
3.745977442488247561e+03 1.704334894425687800e+16
3.746311011272083761e+03 1.704345042364504600e+16
3.746644580055920869e+03 1.704357123445747200e+16
3.746978148839757523e+03 1.704371141946473000e+16
3.747311717623594632e+03 1.704387101885787000e+16
3.747645286407431740e+03 1.704405007027107200e+16
3.747978855191268394e+03 1.704424860880575000e+16
3.748312423975105503e+03 1.704446666705629000e+16
3.748645992758942157e+03 1.704470427513708200e+16
3.748979561542779265e+03 1.704496146071112000e+16
3.749313130326616374e+03 1.704523824901998800e+16
3.749646699110453028e+03 1.704553466291528200e+16
3.749980267894290137e+03 1.704585072289137400e+16
3.750313836678126336e+03 1.704618644711955800e+16
3.750647405461963444e+03 1.704654185148357600e+16
3.750980974245800553e+03 1.704691694961642000e+16
3.751314543029637207e+03 1.704731175293842000e+16
3.751648111813474316e+03 1.704772627069661400e+16
3.751981680597310969e+03 1.704816051000536400e+16
3.752315249381148078e+03 1.704861447588817600e+16
3.752648818164985187e+03 1.704908817132067000e+16
3.752982386948821841e+03 1.704958159727475600e+16
3.753315955732658949e+03 1.705009475276389800e+16
3.753649524516495148e+03 1.705062763488944400e+16
3.753983093300332257e+03 1.705118023888812800e+16
3.754316662084169366e+03 1.705175255818041400e+16
3.754650230868006020e+03 1.705234458442004000e+16
3.754983799651843128e+03 1.705295630754435600e+16
3.755317368435679782e+03 1.705358771582568200e+16
3.755650937219516891e+03 1.705423879592353600e+16
3.755984506003353999e+03 1.705490953293770600e+16
3.756318074787190653e+03 1.705559991046212400e+16
3.756651643571027762e+03 1.705630991063960800e+16
3.756985212354864416e+03 1.705703951421721200e+16
3.757318781138701524e+03 1.705778870060243400e+16
3.757652349922538633e+03 1.705855744791998000e+16
3.757985918706374832e+03 1.705934573306919000e+16
3.758319487490211941e+03 1.706015353178210800e+16
3.758653056274048595e+03 1.706098081868199600e+16
3.758986625057885703e+03 1.706182756734248000e+16
3.759320193841722812e+03 1.706269375034707400e+16
3.759653762625559466e+03 1.706357933934915600e+16
3.759987331409396575e+03 1.706448430513237800e+16
3.760320900193233228e+03 1.706540861767135000e+16
3.760654468977070337e+03 1.706635224619268400e+16
3.760988037760907446e+03 1.706731515923628200e+16
3.761321606544744100e+03 1.706829732471679200e+16
3.761655175328581208e+03 1.706929870998534400e+16
3.761988744112417407e+03 1.707031928189135000e+16
3.762322312896254516e+03 1.707135900684434200e+16
3.762655881680091625e+03 1.707241785087602200e+16
3.762989450463928279e+03 1.707349577970210600e+16
3.763323019247765387e+03 1.707459275878431600e+16
3.763656588031602041e+03 1.707570875339215200e+16
3.763990156815439150e+03 1.707684372866461400e+16
3.764323725599276258e+03 1.707799764967169400e+16
3.764657294383112912e+03 1.707917048147573400e+16
3.764990863166950021e+03 1.708036218919241400e+16
3.765324431950786220e+03 1.708157273805153800e+16
3.765658000734623329e+03 1.708280209345744200e+16
3.765991569518460437e+03 1.708405022104896400e+16
3.766325138302297091e+03 1.708531708675905200e+16
3.766658707086134200e+03 1.708660265687388600e+16
3.766992275869970854e+03 1.708790689809140800e+16
3.767325844653807962e+03 1.708922977757940400e+16
3.767659413437645071e+03 1.709057126303288000e+16
3.767992982221481725e+03 1.709193132273089000e+16
3.768326551005318834e+03 1.709330992559261600e+16
3.768660119789155488e+03 1.709470704123270400e+16
3.768993688572992596e+03 1.709612264001590800e+16
3.769327257356829705e+03 1.709755669311088600e+16
3.769660826140665904e+03 1.709900917254308400e+16
3.769994394924503013e+03 1.710048005124691400e+16
3.770327963708339666e+03 1.710196930311676400e+16
3.770661532492176775e+03 1.710347690305731600e+16
3.770995101276013884e+03 1.710500282703257800e+16
3.771328670059850538e+03 1.710654705211412800e+16
3.771662238843687646e+03 1.710810955652813600e+16
3.771995807627524300e+03 1.710969031970134800e+16
3.772329376411361409e+03 1.711128932230585600e+16
3.772662945195198517e+03 1.711290654630278000e+16
3.772996513979035171e+03 1.711454197498466000e+16
3.773330082762871825e+03 1.711619559301666800e+16
3.773663651546708479e+03 1.711786738647649600e+16
3.773997220330545588e+03 1.711955734289294200e+16
3.774330789114382696e+03 1.712126545128316800e+16
3.774664357898219350e+03 1.712299170218860000e+16
3.774997926682056459e+03 1.712473608770943600e+16
3.775331495465893113e+03 1.712649860153767600e+16
3.775665064249730221e+03 1.712827923898878200e+16
3.775998633033567330e+03 1.713007799703179400e+16
3.776332201817403984e+03 1.713189487431797200e+16
3.776665770601241093e+03 1.713372987120792000e+16
3.776999339385077292e+03 1.713558298979713200e+16
3.777332908168914400e+03 1.713745423394000400e+16
3.777666476952751509e+03 1.713934360927219200e+16
3.778000045736588163e+03 1.714125112323145600e+16
3.778333614520425272e+03 1.714317678507675600e+16
3.778667183304261926e+03 1.714512060590576600e+16
3.779000752088099034e+03 1.714708259867074400e+16
3.779334320871936143e+03 1.714906277819260800e+16
3.779667889655772797e+03 1.715106116117345600e+16
3.780001458439609905e+03 1.715307776620723800e+16
3.780335027223446559e+03 1.715511261378882000e+16
3.780668596007283668e+03 1.715716572632120200e+16
3.781002164791120776e+03 1.715923712812107400e+16
3.781335733574956976e+03 1.716132684542254400e+16
3.781669302358794084e+03 1.716343490637916000e+16
3.782002871142630738e+03 1.716556134106408000e+16
3.782336439926467847e+03 1.716770618146857600e+16
3.782670008710304955e+03 1.716986946149858400e+16
3.783003577494141609e+03 1.717205121696962400e+16
3.783337146277978718e+03 1.717425148559985200e+16
3.783670715061815372e+03 1.717647030700123800e+16
3.784004283845652481e+03 1.717870772266912800e+16
3.784337852629489589e+03 1.718096377596982200e+16
3.784671421413326243e+03 1.718323851212644800e+16
3.785004990197162897e+03 1.718553197820302400e+16
3.785338558980999551e+03 1.718784422308670400e+16
3.785672127764836659e+03 1.719017529746826400e+16
3.786005696548673768e+03 1.719252525382075400e+16
3.786339265332510422e+03 1.719489414637643200e+16
3.786672834116347531e+03 1.719728203110183400e+16
3.787006402900184185e+03 1.719968896567120000e+16
3.787339971684021293e+03 1.720211500943803200e+16
3.787673540467858402e+03 1.720456022340492000e+16
3.788007109251695056e+03 1.720702467019168200e+16
3.788340678035532164e+03 1.720950841400176000e+16
3.788674246819368364e+03 1.721201152058684600e+16
3.789007815603205472e+03 1.721453405720989200e+16
3.789341384387042581e+03 1.721707609260633800e+16
3.789674953170879235e+03 1.721963769694374800e+16
3.790008521954716343e+03 1.722221894177976000e+16
3.790342090738552997e+03 1.722481990001835600e+16
3.790675659522390106e+03 1.722744064586457600e+16
3.791009228306227214e+03 1.723008125477757600e+16
3.791342797090063868e+03 1.723274180342210200e+16
3.791676365873900977e+03 1.723542236961844000e+16
3.792009934657737631e+03 1.723812303229074800e+16
3.792343503441574740e+03 1.724084387141392600e+16
3.792677072225411848e+03 1.724358496795893600e+16
3.793010641009248047e+03 1.724634640383661600e+16
3.793344209793085156e+03 1.724912826184016400e+16
3.793677778576921810e+03 1.725193062558598800e+16
3.794011347360758919e+03 1.725475357945329200e+16
3.794344916144596027e+03 1.725759720852222600e+16
3.794678484928432681e+03 1.726046159851063000e+16
3.795012053712269790e+03 1.726334683570952000e+16
3.795345622496106444e+03 1.726625300691714400e+16
3.795679191279943552e+03 1.726918019937192000e+16
3.796012760063780661e+03 1.727212850068389600e+16
3.796346328847617315e+03 1.727509799876515200e+16
3.796679897631453969e+03 1.727808878175897200e+16
3.797013466415290623e+03 1.728110093796769000e+16
3.797347035199127731e+03 1.728413455577962400e+16
3.797680603982964840e+03 1.728718972359461400e+16
3.798014172766801494e+03 1.729026652974875000e+16
3.798347741550638602e+03 1.729336506243778800e+16
3.798681310334475256e+03 1.729648540963967600e+16
3.799014879118312365e+03 1.729962765903608200e+16
3.799348447902149474e+03 1.730279189793280200e+16
3.799682016685986127e+03 1.730597821317941200e+16
3.800015585469823236e+03 1.730918669108787600e+16
3.800349154253659435e+03 1.731241741735029400e+16
3.800682723037496544e+03 1.731567047695583600e+16
3.801016291821333652e+03 1.731894595410681200e+16
3.801349860605170306e+03 1.732224393213394200e+16
3.801683429389007415e+03 1.732556449341097200e+16
3.802016998172844069e+03 1.732890771926830800e+16
3.802350566956681178e+03 1.733227368990632400e+16
3.802684135740518286e+03 1.733566248430760200e+16
3.803017704524354940e+03 1.733907418014884400e+16
3.803351273308192049e+03 1.734250885371200600e+16
3.803684842092028703e+03 1.734596657979492800e+16
3.804018410875865811e+03 1.734944743162142800e+16
3.804351979659702920e+03 1.735295148075079200e+16
3.804685548443539119e+03 1.735647879698693200e+16
3.805019117227376228e+03 1.736002944828695800e+16
3.805352686011212882e+03 1.736360350066942000e+16
3.805686254795049990e+03 1.736720101812211400e+16
3.806019823578887099e+03 1.737082206250953000e+16
3.806353392362723753e+03 1.737446669348007000e+16
3.806686961146560861e+03 1.737813496837282000e+16
3.807020529930397515e+03 1.738182694212418400e+16
3.807354098714234624e+03 1.738554266717422800e+16
3.807687667498071733e+03 1.738928219337283200e+16
3.808021236281908386e+03 1.739304556788571000e+16
3.808354805065745040e+03 1.739683283510022000e+16
3.808688373849581694e+03 1.740064403653113200e+16
3.809021942633418803e+03 1.740447921072631400e+16
3.809355511417255912e+03 1.740833839317231400e+16
3.809689080201092565e+03 1.741222161619998400e+16
3.810022648984929674e+03 1.741612890889014200e+16
3.810356217768766328e+03 1.742006029697914400e+16
3.810689786552603437e+03 1.742401580276475800e+16
3.811023355336440545e+03 1.742799544501186800e+16
3.811356924120277199e+03 1.743199923885859400e+16
3.811690492904114308e+03 1.743602719572238000e+16
3.812024061687950507e+03 1.744007932320635600e+16
3.812357630471787616e+03 1.744415562500591000e+16
3.812691199255624724e+03 1.744825610081554800e+16
3.813024768039461378e+03 1.745238074623600000e+16
3.813358336823298487e+03 1.745652955268169200e+16
3.813691905607135141e+03 1.746070250728848800e+16
3.814025474390972249e+03 1.746489959282191200e+16
3.814359043174809358e+03 1.746912078758570600e+16
3.814692611958646012e+03 1.747336606533082600e+16
3.815026180742483120e+03 1.747763539516498200e+16
3.815359749526319774e+03 1.748192874146257400e+16
3.815693318310156883e+03 1.748624606377522600e+16
3.816026887093993992e+03 1.749058731674286600e+16
3.816360455877830191e+03 1.749495245000537600e+16
3.816694024661667299e+03 1.749934140811488400e+16
3.817027593445503953e+03 1.750375413044870600e+16
3.817361162229341062e+03 1.750819055112296400e+16
3.817694731013178171e+03 1.751265059890691200e+16
3.818028299797014824e+03 1.751713419713799000e+16
3.818361868580851933e+03 1.752164126363772400e+16
3.818695437364688587e+03 1.752617171062831800e+16
3.819029006148525696e+03 1.753072544465018600e+16
3.819362574932362804e+03 1.753530236648030000e+16
3.819696143716199458e+03 1.753990237105141400e+16
3.820029712500036112e+03 1.754452534737235200e+16
3.820363281283872766e+03 1.754917117844904400e+16
3.820696850067709875e+03 1.755383974120673800e+16
3.821030418851546983e+03 1.755853090641319600e+16
3.821363987635383637e+03 1.756324453860286200e+16
3.821697556419220746e+03 1.756798049600228400e+16
3.822031125203057400e+03 1.757273863045652000e+16
3.822364693986894508e+03 1.757751878735676800e+16
3.822698262770731617e+03 1.758232080556919800e+16
3.823031831554568271e+03 1.758714451736498200e+16
3.823365400338405379e+03 1.759198974835161600e+16
3.823698969122241579e+03 1.759685631740551400e+16
3.824032537906078687e+03 1.760174403660595600e+16
3.824366106689915796e+03 1.760665271117037800e+16
3.824699675473752450e+03 1.761158213939111600e+16
3.825033244257589558e+03 1.761653211257348800e+16
3.825366813041426212e+03 1.762150241497549000e+16
3.825700381825263321e+03 1.762649282374888800e+16
3.826033950609100430e+03 1.763150310888190400e+16
3.826367519392937083e+03 1.763653303314346600e+16
3.826701088176774192e+03 1.764158235202913800e+16
3.827034656960610846e+03 1.764665081370864000e+16
3.827368225744447955e+03 1.765173815897509800e+16
3.827701794528285063e+03 1.765684412119605000e+16
3.828035363312121262e+03 1.766196842626615000e+16
3.828368932095958371e+03 1.766711079256182000e+16
3.828702500879795025e+03 1.767227093089762400e+16
3.829036069663632134e+03 1.767744854448461000e+16
3.829369638447469242e+03 1.768264332889055200e+16
3.829703207231305896e+03 1.768785497200220000e+16
3.830036776015143005e+03 1.769308315398952600e+16
3.830370344798979659e+03 1.769832754727197600e+16
3.830703913582816767e+03 1.770358781648696600e+16
3.831037482366653876e+03 1.770886361846031400e+16
3.831371051150490530e+03 1.771415460217901000e+16
3.831704619934327184e+03 1.771946040876610800e+16
3.832038188718163838e+03 1.772478067145803000e+16
3.832371757502000946e+03 1.773011501558394600e+16
3.832705326285838055e+03 1.773546305854770200e+16
3.833038895069674709e+03 1.774082440981202800e+16
3.833372463853511817e+03 1.774619867088527600e+16
3.833706032637348471e+03 1.775158543531051200e+16
3.834039601421185580e+03 1.775698428865720000e+16
3.834373170205022689e+03 1.776239480851549600e+16
3.834706738988859342e+03 1.776781656449302000e+16
3.835040307772696451e+03 1.777324911821439600e+16
3.835373876556532650e+03 1.777869202332340400e+16
3.835707445340369759e+03 1.778414482548794800e+16
3.836041014124206868e+03 1.778960706240766600e+16
3.836374582908043521e+03 1.779507826382453600e+16
3.836708151691880630e+03 1.780055795153619200e+16
3.837041720475717284e+03 1.780604563941222000e+16
3.837375289259554393e+03 1.781154083341343200e+16
3.837708858043391501e+03 1.781704303161397400e+16
3.838042426827228155e+03 1.782255172422669400e+16
3.838375995611065264e+03 1.782806639363143000e+16
3.838709564394901918e+03 1.783358651440634400e+16
3.839043133178739026e+03 1.783911155336264400e+16
3.839376701962576135e+03 1.784464096958225200e+16
3.839710270746412334e+03 1.785017421445885600e+16
3.840043839530249443e+03 1.785571073174219600e+16
3.840377408314086097e+03 1.786124995758557600e+16
3.840710977097923205e+03 1.786679132059687200e+16
3.841044545881760314e+03 1.787233424189278200e+16
3.841378114665596968e+03 1.787787813515654200e+16
3.841711683449434076e+03 1.788342240669914400e+16
3.842045252233270730e+03 1.788896645552393600e+16
3.842378821017107839e+03 1.789450967339482400e+16
3.842712389800944948e+03 1.790005144490796800e+16
3.843045958584781602e+03 1.790559114756709800e+16
3.843379527368618255e+03 1.791112815186244000e+16
3.843713096152454909e+03 1.791666182135319200e+16
3.844046664936292018e+03 1.792219151275379000e+16
3.844380233720128672e+03 1.792771657602376200e+16
3.844713802503965780e+03 1.793323635446135000e+16
3.845047371287802889e+03 1.793875018480083600e+16
3.845380940071639543e+03 1.794425739731362800e+16
3.845714508855476652e+03 1.794975731591315400e+16
3.846048077639313306e+03 1.795524925826348000e+16
3.846381646423150414e+03 1.796073253589180000e+16
3.846715215206987523e+03 1.796620645430470800e+16
3.847048783990823722e+03 1.797167031310831600e+16
3.847382352774660831e+03 1.797712340613221000e+16
3.847715921558497485e+03 1.798256502155724600e+16
3.848049490342334593e+03 1.798799444204725200e+16
3.848383059126171702e+03 1.799341094488449000e+16
3.848716627910008356e+03 1.799881380210911400e+16
3.849050196693845464e+03 1.800420228066232400e+16
3.849383765477682118e+03 1.800957564253354400e+16
3.849717334261519227e+03 1.801493314491131200e+16
3.850050903045356335e+03 1.802027404033809600e+16
3.850384471829192989e+03 1.802559757686892400e+16
3.850718040613030098e+03 1.803090299823379600e+16
3.851051609396866297e+03 1.803618954400390800e+16
3.851385178180703406e+03 1.804145644976173600e+16
3.851718746964540514e+03 1.804670294727473600e+16
3.852052315748377168e+03 1.805192826467291600e+16
3.852385884532214277e+03 1.805713162663000800e+16
3.852719453316050931e+03 1.806231225454841200e+16
3.853053022099888040e+03 1.806746936674772000e+16
3.853386590883725148e+03 1.807260217865685200e+16
3.853720159667561802e+03 1.807770990300979200e+16
3.854053728451398911e+03 1.808279175004483200e+16
3.854387297235235565e+03 1.808784692770726000e+16
3.854720866019072673e+03 1.809287464185551200e+16
3.855054434802909327e+03 1.809787409647078400e+16
3.855388003586745981e+03 1.810284449386974400e+16
3.855721572370583090e+03 1.810778503492072800e+16
3.856055141154419744e+03 1.811269491926304800e+16
3.856388709938256852e+03 1.811757334552940000e+16
3.856722278722093961e+03 1.812241951157140400e+16
3.857055847505930615e+03 1.812723261468811200e+16
3.857389416289767723e+03 1.813201185185738400e+16
3.857722985073604377e+03 1.813675641997018400e+16
3.858056553857441486e+03 1.814146551606766800e+16
3.858390122641278595e+03 1.814613833758069600e+16
3.858723691425114794e+03 1.815077408257227200e+16
3.859057260208951902e+03 1.815537194998221600e+16
3.859390828992788556e+03 1.815993113987435200e+16
3.859724397776625665e+03 1.816445085368592800e+16
3.860057966560462773e+03 1.816893029447927200e+16
3.860391535344299427e+03 1.817336866719552000e+16
3.860725104128136536e+03 1.817776517891034400e+16
3.861058672911973190e+03 1.818211903909146000e+16
3.861392241695810299e+03 1.818642945985801600e+16
3.861725810479647407e+03 1.819069565624152000e+16
3.862059379263484061e+03 1.819491684644830800e+16
3.862392948047321170e+03 1.819909225212340000e+16
3.862726516831157369e+03 1.820322109861562400e+16
3.863060085614994478e+03 1.820730261524388800e+16
3.863393654398831586e+03 1.821133603556438400e+16
3.863727223182668240e+03 1.821532059763872800e+16
3.864060791966505349e+03 1.821925554430279600e+16
3.864394360750342003e+03 1.822314012343616000e+16
3.864727929534179111e+03 1.822697358823198400e+16
3.865061498318016220e+03 1.823075519746712000e+16
3.865395067101852874e+03 1.823448421577247200e+16
3.865728635885689982e+03 1.823815991390338800e+16
3.866062204669526636e+03 1.824178156900972800e+16
3.866395773453363745e+03 1.824534846490584400e+16
3.866729342237200399e+03 1.824885989233992800e+16
3.867062911021037053e+03 1.825231514926284800e+16
3.867396479804874161e+03 1.825571354109628000e+16
3.867730048588710815e+03 1.825905438099968800e+16
3.868063617372547924e+03 1.826233699013648000e+16
3.868397186156385033e+03 1.826556069793872000e+16
3.868730754940221686e+03 1.826872484237054000e+16
3.869064323724058795e+03 1.827182877018996400e+16
3.869397892507895449e+03 1.827487183720892800e+16
3.869731461291732558e+03 1.827785340855150800e+16
3.870065030075569666e+03 1.828077285890998400e+16
3.870398598859405865e+03 1.828362957279876000e+16
3.870732167643242974e+03 1.828642294480583200e+16
3.871065736427079628e+03 1.828915237984174000e+16
3.871399305210916737e+03 1.829181729338580800e+16
3.871732873994753845e+03 1.829441711172947600e+16
3.872066442778590499e+03 1.829695127221654800e+16
3.872400011562427608e+03 1.829941922348039600e+16
3.872733580346264262e+03 1.830182042567762000e+16
3.873067149130101370e+03 1.830415435071824800e+16
3.873400717913938479e+03 1.830642048249237200e+16
3.873734286697775133e+03 1.830861831709273600e+16
3.874067855481612241e+03 1.831074736303352800e+16
3.874401424265448441e+03 1.831280714146489600e+16
3.874734993049285549e+03 1.831479718638329200e+16
3.875068561833122658e+03 1.831671704483727200e+16
3.875402130616959312e+03 1.831856627712878400e+16
3.875735699400796420e+03 1.832034445700968800e+16
3.876069268184633074e+03 1.832205117187346000e+16
3.876402836968470183e+03 1.832368602294184800e+16
3.876736405752307292e+03 1.832524862544644000e+16
3.877069974536143945e+03 1.832673860880485600e+16
3.877403543319981054e+03 1.832815561679178800e+16
3.877737112103817708e+03 1.832949930770418400e+16
3.878070680887654817e+03 1.833076935452115200e+16
3.878404249671491471e+03 1.833196544505784800e+16
3.878737818455328124e+03 1.833308728211361600e+16
3.879071387239165233e+03 1.833413458361420800e+16
3.879404956023001887e+03 1.833510708274780800e+16
3.879738524806838996e+03 1.833600452809500000e+16
3.880072093590676104e+03 1.833682668375233600e+16
3.880405662374512758e+03 1.833757332944980000e+16
3.880739231158349867e+03 1.833824426066151600e+16
3.881072799942186521e+03 1.833883928871020000e+16
3.881406368726023629e+03 1.833935824086486800e+16
3.881739937509860738e+03 1.833980096043198800e+16
3.882073506293696937e+03 1.834016730683979600e+16
3.882407075077534046e+03 1.834045715571594400e+16
3.882740643861370700e+03 1.834067039895820400e+16
3.883074212645207808e+03 1.834080694479836000e+16
3.883407781429044917e+03 1.834086671785917600e+16
3.883741350212881571e+03 1.834084965920429600e+16
3.884074918996718679e+03 1.834075572638131200e+16
3.884408487780555333e+03 1.834058489345762000e+16
3.884742056564392442e+03 1.834033715104942400e+16
3.885075625348229551e+03 1.834001250634346000e+16
3.885409194132066204e+03 1.833961098311193200e+16
3.885742762915903313e+03 1.833913262172002400e+16
3.886076331699739512e+03 1.833857747912670800e+16
3.886409900483576621e+03 1.833794562887822800e+16
3.886743469267413730e+03 1.833723716109462400e+16
3.887077038051250383e+03 1.833645218244924000e+16
3.887410606835087492e+03 1.833559081614119600e+16
3.887744175618924146e+03 1.833465320186090400e+16
3.888077744402761255e+03 1.833363949574865600e+16
3.888411313186598363e+03 1.833254987034624800e+16
3.888744881970435017e+03 1.833138451454184000e+16
3.889078450754272126e+03 1.833014363350796800e+16
3.889412019538108780e+03 1.832882744863279200e+16
3.889745588321945888e+03 1.832743619744476000e+16
3.890079157105782542e+03 1.832597013353048400e+16
3.890412725889619196e+03 1.832442952644628000e+16
3.890746294673456305e+03 1.832281466162315600e+16
3.891079863457292959e+03 1.832112584026530000e+16
3.891413432241130067e+03 1.831936337924254800e+16
3.891747001024967176e+03 1.831752761097637600e+16
3.892080569808803830e+03 1.831561888331994400e+16
3.892414138592640938e+03 1.831363755943214400e+16
3.892747707376477592e+03 1.831158401764562400e+16
3.893081276160314701e+03 1.830945865132919200e+16
3.893414844944151810e+03 1.830726186874439200e+16
3.893748413727988009e+03 1.830499409289660800e+16
3.894081982511825117e+03 1.830265576138072800e+16
3.894415551295661771e+03 1.830024732622144000e+16
3.894749120079498880e+03 1.829776925370838400e+16
3.895082688863335989e+03 1.829522202422628800e+16
3.895416257647172642e+03 1.829260613208004000e+16
3.895749826431009751e+03 1.828992208531514800e+16
3.896083395214846405e+03 1.828717040553342400e+16
3.896416963998683514e+03 1.828435162770423200e+16
3.896750532782520622e+03 1.828146629997137600e+16
3.897084101566357276e+03 1.827851498345569600e+16
3.897417670350194385e+03 1.827549825205372800e+16
3.897751239134030584e+03 1.827241669223231600e+16
3.898084807917867693e+03 1.826927090281959200e+16
3.898418376701704801e+03 1.826606149479223600e+16
3.898751945485541455e+03 1.826278909105930800e+16
3.899085514269378564e+03 1.825945432624288000e+16
3.899419083053215218e+03 1.825605784645538000e+16
3.899752651837052326e+03 1.825260030907409600e+16
3.900086220620889435e+03 1.824908238251270400e+16
3.900419789404726089e+03 1.824550474599028800e+16
3.900753358188563197e+03 1.824186808929778000e+16
3.901086926972399851e+03 1.823817311256204800e+16
3.901420495756236960e+03 1.823442052600779200e+16
3.901754064540073614e+03 1.823061104971749600e+16
3.902087633323910268e+03 1.822674541338942400e+16
3.902421202107747376e+03 1.822282435609396400e+16
3.902754770891584030e+03 1.821884862602838800e+16
3.903088339675421139e+03 1.821481898027029600e+16
3.903421908459258248e+03 1.821073618452970400e+16
3.903755477243094901e+03 1.820660101290016000e+16
3.904089046026932010e+03 1.820241424760891200e+16
3.904422614810768664e+03 1.819817667876628800e+16
3.904756183594605773e+03 1.819388910411444800e+16
3.905089752378442881e+03 1.818955232877573200e+16
3.905423321162279080e+03 1.818516716500057600e+16
3.905756889946116189e+03 1.818073443191539600e+16
3.906090458729952843e+03 1.817625495527028800e+16
3.906424027513789952e+03 1.817172956718697600e+16
3.906757596297627060e+03 1.816715910590692800e+16
3.907091165081463714e+03 1.816254441553988000e+16
3.907424733865300823e+03 1.815788634581296000e+16
3.907758302649137477e+03 1.815318575182030000e+16
3.908091871432974585e+03 1.814844349377366400e+16
3.908425440216811694e+03 1.814366043675373600e+16
3.908759009000648348e+03 1.813883745046272000e+16
3.909092577784485457e+03 1.813397540897788800e+16
3.909426146568321656e+03 1.812907519050650000e+16
3.909759715352158764e+03 1.812413767714215200e+16
3.910093284135995873e+03 1.811916375462256800e+16
3.910426852919832527e+03 1.811415431208903200e+16
3.910760421703669635e+03 1.810911024184764400e+16
3.911093990487506289e+03 1.810403243913222400e+16
3.911427559271343398e+03 1.809892180186935600e+16
3.911761128055180507e+03 1.809377923044526400e+16
3.912094696839017161e+03 1.808860562747500800e+16
3.912428265622854269e+03 1.808340189757377600e+16
3.912761834406690923e+03 1.807816894713046800e+16
3.913095403190528032e+03 1.807290768408378800e+16
3.913428971974364686e+03 1.806761901770065200e+16
3.913762540758201339e+03 1.806230385835726400e+16
3.914096109542038448e+03 1.805696311732276400e+16
3.914429678325875102e+03 1.805159770654557600e+16
3.914763247109712211e+03 1.804620853844254400e+16
3.915096815893549319e+03 1.804079652569078400e+16
3.915430384677385973e+03 1.803536258102258400e+16
3.915763953461223082e+03 1.802990761702315600e+16
3.916097522245059736e+03 1.802443254593133600e+16
3.916431091028896844e+03 1.801893827944346400e+16
3.916764659812733953e+03 1.801342572852022800e+16
3.917098228596570152e+03 1.800789580319673600e+16
3.917431797380407261e+03 1.800234941239575200e+16
3.917765366164243915e+03 1.799678746374410400e+16
3.918098934948081023e+03 1.799121086339239600e+16
3.918432503731918132e+03 1.798562051583799000e+16
3.918766072515754786e+03 1.798001732375130000e+16
3.919099641299591894e+03 1.797440218780544600e+16
3.919433210083428548e+03 1.796877600650921800e+16
3.919766778867265657e+03 1.796313967604350000e+16
3.920100347651102766e+03 1.795749409010101600e+16
3.920433916434939420e+03 1.795184013972952600e+16
3.920767485218776528e+03 1.794617871317850600e+16
3.921101054002612727e+03 1.794051069574909600e+16
3.921434622786449836e+03 1.793483696964768400e+16
3.921768191570286945e+03 1.792915841384280600e+16
3.922101760354123599e+03 1.792347590392549400e+16
3.922435329137960707e+03 1.791779031197317200e+16
3.922768897921797361e+03 1.791210250641685400e+16
3.923102466705634470e+03 1.790641335191184600e+16
3.923436035489471578e+03 1.790072370921185600e+16
3.923769604273308232e+03 1.789503443504654000e+16
3.924103173057145341e+03 1.788934638200239000e+16
3.924436741840981995e+03 1.788366039840706800e+16
3.924770310624819103e+03 1.787797732821706000e+16
3.925103879408655757e+03 1.787229801090868800e+16
3.925437448192492411e+03 1.786662328137247800e+16
3.925771016976329520e+03 1.786095396981077000e+16
3.926104585760166174e+03 1.785529090163867000e+16
3.926438154544003282e+03 1.784963489738821000e+16
3.926771723327840391e+03 1.784398677261575400e+16
3.927105292111677045e+03 1.783834733781255200e+16
3.927438860895514154e+03 1.783271739831854400e+16
3.927772429679350807e+03 1.782709775423919000e+16
3.928105998463187916e+03 1.782148920036550400e+16
3.928439567247025025e+03 1.781589252609701800e+16
3.928773136030861224e+03 1.781030851536791000e+16
3.929106704814698332e+03 1.780473794657600000e+16
3.929440273598534986e+03 1.779918159251477200e+16
3.929773842382372095e+03 1.779364022030824200e+16
3.930107411166209204e+03 1.778811459134873600e+16
3.930440979950045858e+03 1.778260546123749200e+16
3.930774548733882966e+03 1.777711357972800400e+16
3.931108117517719620e+03 1.777163969067211600e+16
3.931441686301556729e+03 1.776618453196886600e+16
3.931775255085393837e+03 1.776074883551586400e+16
3.932108823869230491e+03 1.775533332716336800e+16
3.932442392653067600e+03 1.774993872667091600e+16
3.932775961436903799e+03 1.774456574766633400e+16
3.933109530220740908e+03 1.773921509760742000e+16
3.933443099004578016e+03 1.773388747774582400e+16
3.933776667788414670e+03 1.772858358309344800e+16
3.934110236572251779e+03 1.772330410239106200e+16
3.934443805356088433e+03 1.771804971807924200e+16
3.934777374139925541e+03 1.771282110627150400e+16
3.935110942923762650e+03 1.770761893672958600e+16
3.935444511707599304e+03 1.770244387284087600e+16
3.935778080491436413e+03 1.769729657159791000e+16
3.936111649275273066e+03 1.769217768357983400e+16
3.936445218059110175e+03 1.768708785293590000e+16
3.936778786842946829e+03 1.768202771737079200e+16
3.937112355626783483e+03 1.767699790813193600e+16
3.937445924410620592e+03 1.767199904999848800e+16
3.937779493194457245e+03 1.766703176127219200e+16
3.938113061978294354e+03 1.766209665376991600e+16
3.938446630762131463e+03 1.765719433281781600e+16
3.938780199545968117e+03 1.765232539724717200e+16
3.939113768329805225e+03 1.764749043939176000e+16
3.939447337113641879e+03 1.764269004508671600e+16
3.939780905897478988e+03 1.763792479366893600e+16
3.940114474681316096e+03 1.763319525797880600e+16
3.940448043465152296e+03 1.762850200436335000e+16
3.940781612248989404e+03 1.762384559268071600e+16
3.941115181032826058e+03 1.761922657630586600e+16
3.941448749816663167e+03 1.761464550213756200e+16
3.941782318600500275e+03 1.761010291060647000e+16
3.942115887384336929e+03 1.760559933568445000e+16
3.942449456168174038e+03 1.760113530489487200e+16
3.942783024952010692e+03 1.759671133932399400e+16
3.943116593735847800e+03 1.759232795363339600e+16
3.943450162519684909e+03 1.758798565607322000e+16
3.943783731303521563e+03 1.758368494849640800e+16
3.944117300087358672e+03 1.757942632637384800e+16
3.944450868871194871e+03 1.757521027881016800e+16
3.944784437655031979e+03 1.757103728856048400e+16
3.945118006438869088e+03 1.756690783204774800e+16
3.945451575222705742e+03 1.756282237938080600e+16
3.945785144006542851e+03 1.755878139437320600e+16
3.946118712790379504e+03 1.755478533456242000e+16
3.946452281574216613e+03 1.755083465122984200e+16
3.946785850358053722e+03 1.754692978942110000e+16
3.947119419141890376e+03 1.754307118796700400e+16
3.947452987925727484e+03 1.753925927950491600e+16
3.947786556709564138e+03 1.753549449050042800e+16
3.948120125493401247e+03 1.753177724126957000e+16
3.948453694277237901e+03 1.752810794600118200e+16
3.948787263061074555e+03 1.752448701277970400e+16
3.949120831844911663e+03 1.752091484360821200e+16
3.949454400628748317e+03 1.751739183443157800e+16
3.949787969412585426e+03 1.751391837515997400e+16
3.950121538196422534e+03 1.751049484969241000e+16
3.950455106980259188e+03 1.750712163594042000e+16
3.950788675764096297e+03 1.750379910585196000e+16
3.951122244547932951e+03 1.750052762543512600e+16
3.951455813331770059e+03 1.749730755478213800e+16
3.951789382115607168e+03 1.749413924809317600e+16
3.952122950899443367e+03 1.749102305370021600e+16
3.952456519683280476e+03 1.748795931409085400e+16
3.952790088467117130e+03 1.748494836593192800e+16
3.953123657250954238e+03 1.748199054009312800e+16
3.953457226034791347e+03 1.747908616167040000e+16
3.953790794818628001e+03 1.747623555000915600e+16
3.954124363602465110e+03 1.747343901872736000e+16
3.954457932386301763e+03 1.747069687573826000e+16
3.954791501170138872e+03 1.746800942327298600e+16
3.955125069953975981e+03 1.746537695790277000e+16
3.955458638737812635e+03 1.746279977056095200e+16
3.955792207521649743e+03 1.746027814656456600e+16
3.956125776305485942e+03 1.745781236563562400e+16
3.956459345089323051e+03 1.745540270192201600e+16
3.956792913873160160e+03 1.745304942401802800e+16
3.957126482656996814e+03 1.745075279498437000e+16
3.957460051440833922e+03 1.744851307236786800e+16
3.957793620224670576e+03 1.744633050822060800e+16
3.958127189008507685e+03 1.744420534911864000e+16
3.958460757792344793e+03 1.744213783618016000e+16
3.958794326576181447e+03 1.744012820508317800e+16
3.959127895360018556e+03 1.743817668608270800e+16
3.959461464143855210e+03 1.743628350402725200e+16
3.959795032927692318e+03 1.743444887837486000e+16
3.960128601711528972e+03 1.743267302320852400e+16
3.960462170495365626e+03 1.743095614725096400e+16
3.960795739279202735e+03 1.742929845387886000e+16
3.961129308063039389e+03 1.742770014113633000e+16
3.961462876846876497e+03 1.742616140174785600e+16
3.961796445630713606e+03 1.742468242313046800e+16
3.962130014414550260e+03 1.742326338740531600e+16
3.962463583198387369e+03 1.742190447140850800e+16
3.962797151982224023e+03 1.742060584670119400e+16
3.963130720766061131e+03 1.741936767957904800e+16
3.963464289549898240e+03 1.741819013108089400e+16
3.963797858333734439e+03 1.741707335699668000e+16
3.964131427117571548e+03 1.741601750787462800e+16
3.964464995901408201e+03 1.741502272902765600e+16
3.964798564685245310e+03 1.741408916053907800e+16
3.965132133469082419e+03 1.741321693726734800e+16
3.965465702252919073e+03 1.741240618885024800e+16
3.965799271036756181e+03 1.741165703970803400e+16
3.966132839820592835e+03 1.741096960904597200e+16
3.966466408604429944e+03 1.741034401085595600e+16
3.966799977388267052e+03 1.740978035391728800e+16
3.967133546172103706e+03 1.740927874179666400e+16
3.967467114955940815e+03 1.740883927284736400e+16
3.967800683739777014e+03 1.740846204020745400e+16
3.968134252523614123e+03 1.740814713179734600e+16
3.968467821307451231e+03 1.740789463031630200e+16
3.968801390091287885e+03 1.740770461323821600e+16
3.969134958875124994e+03 1.740757715280652400e+16
3.969468527658961648e+03 1.740751231602812800e+16
3.969802096442798756e+03 1.740751016466662800e+16
3.970135665226635865e+03 1.740757075523457600e+16
3.970469234010472519e+03 1.740769413898484400e+16
3.970802802794309628e+03 1.740788036190120000e+16
3.971136371578146282e+03 1.740812946468794200e+16
3.971469940361983390e+03 1.740844148275871600e+16
3.971803509145820044e+03 1.740881644622440400e+16
3.972137077929656698e+03 1.740925437988011400e+16
3.972470646713493807e+03 1.740975530319145600e+16
3.972804215497330460e+03 1.741031923027974600e+16
3.973137784281167569e+03 1.741094616990648400e+16
3.973471353065004678e+03 1.741163612545684000e+16
3.973804921848841332e+03 1.741238909492244200e+16
3.974138490632678440e+03 1.741320507088317600e+16
3.974472059416515094e+03 1.741408404048814600e+16
3.974805628200352203e+03 1.741502598543584400e+16
3.975139196984189311e+03 1.741603088195341200e+16
3.975472765768025511e+03 1.741709870077508800e+16
3.975806334551862619e+03 1.741822940711983200e+16
3.976139903335699273e+03 1.741942296066813000e+16
3.976473472119536382e+03 1.742067931553790400e+16
3.976807040903373490e+03 1.742199842025975200e+16
3.977140609687210144e+03 1.742338021775120600e+16
3.977474178471047253e+03 1.742482464529041200e+16
3.977807747254883907e+03 1.742633163448876600e+16
3.978141316038721016e+03 1.742790111126307200e+16
3.978474884822558124e+03 1.742953299580665200e+16
3.978808453606394778e+03 1.743122720255991200e+16
3.979142022390231887e+03 1.743298364018006200e+16
3.979475591174068086e+03 1.743480221151019200e+16
3.979809159957905194e+03 1.743668281354749000e+16
3.980142728741742303e+03 1.743862533741096000e+16
3.980476297525578957e+03 1.744062966830826600e+16
3.980809866309416066e+03 1.744269568550207600e+16
3.981143435093252720e+03 1.744482326227558800e+16
3.981477003877089828e+03 1.744701226589755000e+16
3.981810572660926937e+03 1.744926255758660600e+16
3.982144141444763591e+03 1.745157399247502000e+16
3.982477710228600699e+03 1.745394641957189600e+16
3.982811279012437353e+03 1.745637968172570800e+16
3.983144847796274462e+03 1.745887361558646800e+16
3.983478416580111116e+03 1.746142805156713600e+16
3.983811985363947770e+03 1.746404281380475600e+16
3.984145554147784878e+03 1.746671772012097400e+16
3.984479122931621532e+03 1.746945258198214800e+16
3.984812691715458641e+03 1.747224720445903800e+16
3.985146260499295749e+03 1.747510138618601200e+16
3.985479829283132403e+03 1.747801491932000000e+16
3.985813398066969512e+03 1.748098758949898400e+16
3.986146966850806166e+03 1.748401917580017000e+16
3.986480535634643275e+03 1.748710945069791600e+16
3.986814104418480383e+03 1.749025818002133400e+16
3.987147673202316582e+03 1.749346512291166600e+16
3.987481241986153691e+03 1.749673003177945000e+16
3.987814810769990345e+03 1.750005265226147600e+16
3.988148379553827453e+03 1.750343272317764000e+16
3.988481948337664562e+03 1.750686997648759200e+16
3.988815517121501216e+03 1.751036413724741800e+16
3.989149085905338325e+03 1.751391492356613800e+16
3.989482654689174979e+03 1.751752204656230800e+16
3.989816223473012087e+03 1.752118521032051800e+16
3.990149792256849196e+03 1.752490411184808400e+16
3.990483361040685850e+03 1.752867844103166800e+16
3.990816929824522958e+03 1.753250788059419800e+16
3.991150498608359158e+03 1.753639210605179400e+16
3.991484067392196266e+03 1.754033078567104200e+16
3.991817636176033375e+03 1.754432358042642000e+16
3.992151204959870029e+03 1.754837014395808000e+16
3.992484773743707137e+03 1.755247012252990000e+16
3.992818342527543791e+03 1.755662315498798800e+16
3.993151911311380900e+03 1.756082887271951400e+16
3.993485480095218009e+03 1.756508689961211600e+16
3.993819048879054662e+03 1.756939685201370000e+16
3.994152617662891771e+03 1.757375833869289800e+16
3.994486186446728425e+03 1.757817096080008800e+16
3.994819755230565534e+03 1.758263431182905800e+16
3.995153324014402187e+03 1.758714797757938400e+16
3.995486892798238841e+03 1.759171153611956200e+16
3.995820461582075950e+03 1.759632455775093600e+16
3.996154030365912604e+03 1.760098660497250800e+16
3.996487599149749713e+03 1.760569723244659200e+16
3.996821167933586821e+03 1.761045598696548800e+16
3.997154736717423475e+03 1.761526240741915000e+16
3.997488305501260584e+03 1.762011602476391200e+16
3.997821874285097238e+03 1.762501636199231200e+16
3.998155443068934346e+03 1.762996293410419000e+16
3.998489011852771455e+03 1.763495524807885000e+16
3.998822580636607654e+03 1.763999280284870200e+16
3.999156149420444763e+03 1.764507508927412000e+16
3.999489718204281417e+03 1.765020159011974600e+16
3.999823286988118525e+03 1.765537178003230000e+16
4.000156855771955634e+03 1.766058512551981400e+16
4.000490424555792288e+03 1.766584108493255200e+16
4.000823993339629396e+03 1.767113910844554400e+16
4.001157562123466050e+03 1.767647863804275600e+16
4.001491130907303159e+03 1.768185910750316400e+16
4.001824699691140268e+03 1.768727994238849200e+16
4.002158268474976921e+03 1.769274056003297000e+16
4.002491837258814030e+03 1.769824036953498600e+16
4.002825406042650229e+03 1.770377877175074000e+16
4.003158974826487338e+03 1.770935515929003600e+16
4.003492543610324446e+03 1.771496891651411600e+16
4.003826112394161100e+03 1.772061941953575200e+16
4.004159681177998209e+03 1.772630603622168400e+16
4.004493249961834863e+03 1.773202812619714800e+16
4.004826818745671972e+03 1.773778504085311800e+16
4.005160387529509080e+03 1.774357612335570000e+16
4.005493956313345734e+03 1.774940070865822800e+16
4.005827525097182843e+03 1.775525812351590000e+16
4.006161093881019497e+03 1.776114768650300400e+16
4.006494662664856605e+03 1.776706870803290800e+16
4.006828231448693259e+03 1.777302049038078400e+16
4.007161800232529913e+03 1.777900232770915000e+16
4.007495369016367022e+03 1.778501350609641600e+16
4.007828937800203676e+03 1.779105330356811600e+16
4.008162506584040784e+03 1.779712099013145800e+16
4.008496075367877893e+03 1.780321582781277000e+16
4.008829644151714547e+03 1.780933707069802800e+16
4.009163212935551655e+03 1.781548396497678800e+16
4.009496781719388309e+03 1.782165574898905200e+16
4.009830350503225418e+03 1.782785165327575400e+16
4.010163919287062527e+03 1.783407090063231200e+16
4.010497488070898726e+03 1.784031270616583400e+16
4.010831056854735834e+03 1.784657627735559600e+16
4.011164625638572488e+03 1.785286081411715000e+16
4.011498194422409597e+03 1.785916550886991200e+16
4.011831763206246706e+03 1.786548954660843800e+16
4.012165331990083359e+03 1.787183210497730400e+16
4.012498900773920468e+03 1.787819235434974400e+16
4.012832469557757122e+03 1.788456945790992600e+16
4.013166038341594231e+03 1.789096257173923200e+16
4.013499607125430884e+03 1.789737084490609000e+16
4.013833175909267993e+03 1.790379341955997000e+16
4.014166744693105102e+03 1.791022943102903800e+16
4.014500313476941301e+03 1.791667800792193800e+16
4.014833882260778410e+03 1.792313827223345200e+16
4.015167451044615063e+03 1.792960933945419400e+16
4.015501019828452172e+03 1.793609031868439600e+16
4.015834588612289281e+03 1.794258031275166400e+16
4.016168157396125935e+03 1.794907841833286400e+16
4.016501726179963043e+03 1.795558372608018000e+16
4.016835294963799697e+03 1.796209532075119400e+16
4.017168863747636806e+03 1.796861228134318400e+16
4.017502432531473914e+03 1.797513368123157200e+16
4.017836001315310568e+03 1.798165858831249200e+16
4.018169570099147677e+03 1.798818606514963800e+16
4.018503138882983876e+03 1.799471516912514200e+16
4.018836707666820985e+03 1.800124495259482400e+16
4.019170276450658093e+03 1.800777446304743600e+16
4.019503845234494747e+03 1.801430274326825000e+16
4.019837414018331856e+03 1.802082883150668800e+16
4.020170982802168510e+03 1.802735176164815200e+16
4.020504551586005618e+03 1.803387056339011200e+16
4.020838120369842727e+03 1.804038426242210400e+16
4.021171689153679381e+03 1.804689188061001600e+16
4.021505257937516490e+03 1.805339243618440000e+16
4.021838826721352689e+03 1.805988494393279200e+16
4.022172395505189797e+03 1.806636841539615200e+16
4.022505964289026906e+03 1.807284185906915200e+16
4.022839533072863560e+03 1.807930428060457600e+16
4.023173101856700669e+03 1.808575468302151600e+16
4.023506670640537322e+03 1.809219206691738400e+16
4.023840239424374431e+03 1.809861543068392800e+16
4.024173808208211540e+03 1.810502377072673600e+16
4.024507376992048194e+03 1.811141608168864800e+16
4.024840945775885302e+03 1.811779135667669600e+16
4.025174514559721956e+03 1.812414858749264000e+16
4.025508083343559065e+03 1.813048676486700000e+16
4.025841652127396173e+03 1.813680487869650000e+16
4.026175220911232373e+03 1.814310191828484000e+16
4.026508789695069481e+03 1.814937687258682000e+16
4.026842358478906135e+03 1.815562873045548800e+16
4.027175927262743244e+03 1.816185648089256000e+16
4.027509496046580352e+03 1.816805911330164800e+16
4.027843064830417006e+03 1.817423561774455200e+16
4.028176633614254115e+03 1.818038498520024800e+16
4.028510202398090769e+03 1.818650620782660800e+16
4.028843771181927877e+03 1.819259827922468800e+16
4.029177339965764986e+03 1.819866019470550400e+16
4.029510908749601640e+03 1.820469095155919200e+16
4.029844477533438749e+03 1.821068954932633600e+16
4.030178046317274948e+03 1.821665499007146400e+16
4.030511615101112056e+03 1.822258627865856000e+16
4.030845183884949165e+03 1.822848242302838800e+16
4.031178752668785819e+03 1.823434243447755200e+16
4.031512321452622928e+03 1.824016532793920800e+16
4.031845890236459582e+03 1.824595012226515600e+16
4.032179459020296690e+03 1.825169584050928400e+16
4.032513027804133799e+03 1.825740151021223200e+16
4.032846596587970453e+03 1.826306616368692000e+16
4.033180165371807561e+03 1.826868883830522400e+16
4.033513734155643760e+03 1.827426857678506400e+16
4.033847302939480869e+03 1.827980442747831600e+16
4.034180871723317978e+03 1.828529544465897200e+16
4.034514440507154632e+03 1.829074068881161600e+16
4.034848009290991740e+03 1.829613922692000000e+16
4.035181578074828394e+03 1.830149013275556800e+16
4.035515146858665503e+03 1.830679248716564800e+16
4.035848715642502611e+03 1.831204537836135200e+16
4.036182284426339265e+03 1.831724790220486400e+16
4.036515853210176374e+03 1.832239916249598800e+16
4.036849421994013028e+03 1.832749827125777200e+16
4.037182990777850137e+03 1.833254434902113200e+16
4.037516559561687245e+03 1.833753652510809600e+16
4.037850128345523444e+03 1.834247393791378400e+16
4.038183697129360553e+03 1.834735573518665600e+16
4.038517265913197207e+03 1.835218107430708400e+16
4.038850834697034315e+03 1.835694912256398000e+16
4.039184403480871424e+03 1.836165905742925600e+16
4.039517972264708078e+03 1.836631006683006000e+16
4.039851541048545187e+03 1.837090134941854400e+16
4.040185109832381841e+03 1.837543211483897200e+16
4.040518678616218949e+03 1.837990158399210400e+16
4.040852247400056058e+03 1.838430898929659200e+16
4.041185816183892712e+03 1.838865357494716000e+16
4.041519384967729820e+03 1.839293459716963600e+16
4.041852953751566019e+03 1.839715132447238000e+16
4.042186522535403128e+03 1.840130303789422400e+16
4.042520091319240237e+03 1.840538903124848000e+16
4.042853660103076891e+03 1.840940861136311200e+16
4.043187228886913999e+03 1.841336109831675200e+16
4.043520797670750653e+03 1.841724582567050400e+16
4.043854366454587762e+03 1.842106214069532400e+16
4.044187935238424870e+03 1.842480940459475600e+16
4.044521504022261524e+03 1.842848699272312000e+16
4.044855072806098633e+03 1.843209429479876000e+16
4.045188641589934832e+03 1.843563071511229600e+16
4.045522210373771941e+03 1.843909567272981200e+16
4.045855779157609049e+03 1.844248860169075200e+16
4.046189347941445703e+03 1.844580895120044800e+16
4.046522916725282812e+03 1.844905618581712400e+16
4.046856485509119466e+03 1.845222978563333600e+16
4.047190054292956574e+03 1.845532924645156000e+16
4.047523623076793683e+03 1.845835407995402000e+16
4.047857191860630337e+03 1.846130381386650800e+16
4.048190760644467446e+03 1.846417799211612000e+16
4.048524329428304100e+03 1.846697617498292400e+16
4.048857898212141208e+03 1.846969793924522400e+16
4.049191466995978317e+03 1.847234287831854400e+16
4.049525035779814516e+03 1.847491060238824000e+16
4.049858604563651625e+03 1.847740073853550400e+16
4.050192173347488279e+03 1.847981293085680800e+16
4.050525742131325387e+03 1.848214684057668800e+16
4.050859310915162496e+03 1.848440214615386000e+16
4.051192879698999150e+03 1.848657854338050400e+16
4.051526448482836258e+03 1.848867574547469200e+16
4.051860017266672912e+03 1.849069348316600400e+16
4.052193586050510021e+03 1.849263150477420000e+16
4.052527154834347130e+03 1.849448957628087200e+16
4.052860723618183783e+03 1.849626748139420000e+16
4.053194292402020892e+03 1.849796502160658400e+16
4.053527861185857091e+03 1.849958201624537600e+16
4.053861429969694200e+03 1.850111830251638400e+16
4.054194998753531308e+03 1.850257373554047200e+16
4.054528567537367962e+03 1.850394818838294400e+16
4.054862136321205071e+03 1.850524155207603200e+16
4.055195705105041725e+03 1.850645373563414400e+16
4.055529273888878834e+03 1.850758466606216000e+16
4.055862842672715942e+03 1.850863428835669600e+16
4.056196411456552596e+03 1.850960256550030000e+16
4.056529980240389705e+03 1.851048947844875200e+16
4.056863549024225904e+03 1.851129502611128400e+16
4.057197117808063012e+03 1.851201922532402800e+16
4.057530686591900121e+03 1.851266211081648000e+16
4.057864255375736775e+03 1.851322373517117600e+16
4.058197824159573884e+03 1.851370416877664400e+16
4.058531392943410538e+03 1.851410349977354400e+16
4.058864961727247646e+03 1.851442183399426000e+16
4.059198530511084755e+03 1.851465929489579200e+16
4.059532099294921409e+03 1.851481602348626400e+16
4.059865668078758517e+03 1.851489217824484000e+16
4.060199236862595171e+03 1.851488793503541200e+16
4.060532805646432280e+03 1.851480348701395200e+16
4.060866374430269389e+03 1.851463904452962000e+16
4.061199943214105588e+03 1.851439483501985600e+16
4.061533511997942696e+03 1.851407110289947600e+16
4.061867080781779350e+03 1.851366810944377200e+16
4.062200649565616459e+03 1.851318613266586400e+16
4.062534218349453567e+03 1.851262546718835200e+16
4.062867787133290221e+03 1.851198642410940000e+16
4.063201355917127330e+03 1.851126933086328000e+16
4.063534924700963984e+03 1.851047453107561200e+16
4.063868493484801093e+03 1.850960238441333600e+16
4.064202062268638201e+03 1.850865326642955200e+16
4.064535631052474855e+03 1.850762756840338400e+16
4.064869199836311964e+03 1.850652569717494000e+16
4.065202768620148163e+03 1.850534807497552000e+16
4.065536337403985272e+03 1.850409513925327200e+16
4.065869906187822380e+03 1.850276734249425200e+16
4.066203474971659034e+03 1.850136515203920000e+16
4.066537043755496143e+03 1.849988904989608000e+16
4.066870612539332797e+03 1.849833953254857600e+16
4.067204181323169905e+03 1.849671711076056000e+16
4.067537750107007014e+03 1.849502230937681600e+16
4.067871318890843668e+03 1.849325566712006400e+16
4.068204887674680776e+03 1.849141773638451600e+16
4.068538456458516976e+03 1.848950908302599200e+16
4.068872025242354084e+03 1.848753028614876000e+16
4.069205594026191193e+03 1.848548193788942400e+16
4.069539162810027847e+03 1.848336464319767600e+16
4.069872731593864955e+03 1.848117901961439200e+16
4.070206300377701609e+03 1.847892569704694400e+16
4.070539869161538718e+03 1.847660531754205200e+16
4.070873437945375827e+03 1.847421853505626000e+16
4.071207006729212480e+03 1.847176601522412400e+16
4.071540575513049589e+03 1.846924843512436000e+16
4.071874144296886243e+03 1.846666648304401200e+16
4.072207713080723352e+03 1.846402085824084000e+16
4.072541281864560460e+03 1.846131227070394400e+16
4.072874850648396659e+03 1.845854144091301600e+16
4.073208419432233768e+03 1.845570909959606400e+16
4.073541988216070422e+03 1.845281598748596400e+16
4.073875556999907531e+03 1.844986285507585600e+16
4.074209125783744639e+03 1.844685046237359200e+16
4.074542694567581293e+03 1.844377957865529600e+16
4.074876263351418402e+03 1.844065098221828000e+16
4.075209832135255056e+03 1.843746546013332400e+16
4.075543400919092164e+03 1.843422380799652000e+16
4.075876969702929273e+03 1.843092682968080800e+16
4.076210538486765927e+03 1.842757533708730800e+16
4.076544107270603035e+03 1.842417014989657200e+16
4.076877676054439235e+03 1.842071209531991200e+16
4.077211244838276343e+03 1.841720200785089600e+16
4.077544813622113452e+03 1.841364072901709200e+16
4.077878382405950106e+03 1.841002910713229200e+16
4.078211951189787214e+03 1.840636799704922000e+16
4.078545519973623868e+03 1.840265825991283200e+16
4.078879088757460977e+03 1.839890076291450800e+16
4.079212657541298086e+03 1.839509637904688400e+16
4.079546226325134739e+03 1.839124598685982000e+16
4.079879795108971848e+03 1.838735047021737600e+16
4.080213363892808047e+03 1.838341071805588800e+16
4.080546932676645156e+03 1.837942762414344400e+16
4.080880501460482265e+03 1.837540208684051200e+16
4.081214070244318918e+03 1.837133500886225600e+16
4.081547639028156027e+03 1.836722729704218400e+16
4.081881207811992681e+03 1.836307986209756800e+16
4.082214776595829790e+03 1.835889361839652000e+16
4.082548345379666898e+03 1.835466948372683200e+16
4.082881914163503552e+03 1.835040837906675200e+16
4.083215482947340661e+03 1.834611122835773200e+16
4.083549051731177315e+03 1.834177895827911200e+16
4.083882620515014423e+03 1.833741249802502400e+16
4.084216189298851532e+03 1.833301277908337200e+16
4.084549758082687731e+03 1.832858073501708800e+16
4.084883326866524840e+03 1.832411730124777600e+16
4.085216895650361494e+03 1.831962341484152800e+16
4.085550464434198602e+03 1.831510001429744000e+16
4.085884033218035711e+03 1.831054803933830400e+16
4.086217602001872365e+03 1.830596843070412400e+16
4.086551170785709473e+03 1.830136212994802400e+16
4.086884739569546127e+03 1.829673007923490800e+16
4.087218308353383236e+03 1.829207322114275200e+16
4.087551877137220345e+03 1.828739249846666800e+16
4.087885445921056998e+03 1.828268885402565200e+16
4.088219014704894107e+03 1.827796323047232800e+16
4.088552583488730306e+03 1.827321657010530800e+16
4.088886152272567415e+03 1.826844981468463600e+16
4.089219721056404524e+03 1.826366390525002000e+16
4.089553289840241177e+03 1.825885978194204800e+16
4.089886858624078286e+03 1.825403838382642400e+16
4.090220427407914940e+03 1.824920064872113600e+16
4.090553996191752049e+03 1.824434751302665600e+16
4.090887564975589157e+03 1.823947991155922000e+16
4.091221133759425811e+03 1.823459877738712000e+16
4.091554702543262920e+03 1.822970504167010400e+16
4.091888271327099119e+03 1.822479963350181600e+16
4.092221840110936228e+03 1.821988347975544000e+16
4.092555408894773336e+03 1.821495750493228800e+16
4.092888977678609990e+03 1.821002263101368800e+16
4.093222546462447099e+03 1.820507977731587200e+16
4.093556115246283753e+03 1.820012986034799200e+16
4.093889684030120861e+03 1.819517379367336800e+16
4.094223252813957970e+03 1.819021248777372800e+16
4.094556821597794624e+03 1.818524684991666400e+16
4.094890390381631732e+03 1.818027778402618800e+16
4.095223959165468386e+03 1.817530619055638800e+16
4.095557527949305495e+03 1.817033296636819600e+16
4.095891096733142604e+03 1.816535900460928400e+16
4.096224665516979258e+03 1.816038519459697600e+16
4.096558234300816366e+03 1.815541242170434400e+16
4.096891803084652565e+03 1.815044156724928000e+16
4.097225371868489674e+03 1.814547350838660800e+16
4.097558940652326783e+03 1.814050911800330400e+16
4.097892509436162982e+03 1.813554926461664800e+16
4.098226078220000090e+03 1.813059481227543200e+16
4.098559647003837199e+03 1.812564662046402000e+16
4.098893215787674308e+03 1.812070554400956800e+16
4.099226784571511416e+03 1.811577243299191200e+16
4.099560353355347615e+03 1.811084813265656400e+16
4.099893922139184724e+03 1.810593348333042400e+16
4.100227490923021833e+03 1.810102932034049200e+16
4.100561059706858941e+03 1.809613647393523200e+16
4.100894628490696050e+03 1.809125576920884800e+16
4.101228197274532249e+03 1.808638802602824000e+16
4.101561766058369358e+03 1.808153405896276000e+16
4.101895334842205557e+03 1.807669467721656000e+16
4.102228903626042666e+03 1.807187068456368000e+16
4.102562472409879774e+03 1.806706287928574000e+16
4.102896041193716883e+03 1.806227205411220000e+16
4.103229609977553991e+03 1.805749899616320400e+16
4.103563178761390191e+03 1.805274448689486400e+16
4.103896747545227299e+03 1.804800930204720400e+16
4.104230316329064408e+03 1.804329421159429200e+16
4.104563885112901517e+03 1.803859997969696400e+16
4.104897453896738625e+03 1.803392736465790400e+16
4.105231022680574824e+03 1.802927711887888800e+16
4.105564591464411933e+03 1.802464998882052000e+16
4.105898160248249042e+03 1.802004671496404000e+16
4.106231729032085241e+03 1.801546803177542400e+16
4.106565297815922349e+03 1.801091466767165200e+16
4.106898866599759458e+03 1.800638734498902200e+16
4.107232435383596567e+03 1.800188677995355200e+16
4.107566004167433675e+03 1.799741368265352000e+16
4.107899572951269874e+03 1.799296875701381600e+16
4.108233141735106983e+03 1.798855270077241800e+16
4.108566710518944092e+03 1.798416620545856800e+16
4.108900279302781200e+03 1.797980995637303600e+16
4.109233848086618309e+03 1.797548463256999600e+16
4.109567416870454508e+03 1.797119090684076400e+16
4.109900985654291617e+03 1.796692944569925600e+16
4.110234554438127816e+03 1.796270090936908800e+16
4.110568123221964925e+03 1.795850595177236200e+16
4.110901692005802033e+03 1.795434522051998000e+16
4.111235260789639142e+03 1.795021935690352800e+16
4.111568829573476251e+03 1.794612899588869800e+16
4.111902398357312450e+03 1.794207476611004800e+16
4.112235967141149558e+03 1.793805728986737400e+16
4.112569535924986667e+03 1.793407718312313600e+16
4.112903104708823776e+03 1.793013505550157400e+16
4.113236673492660884e+03 1.792623151028876400e+16
4.113570242276497083e+03 1.792236714443412600e+16
4.113903811060334192e+03 1.791854254855300200e+16
4.114237379844171301e+03 1.791475830693042200e+16
4.114570948628007500e+03 1.791101499752592400e+16
4.114904517411844608e+03 1.790731319197952200e+16
4.115238086195681717e+03 1.790365345561850000e+16
4.115571654979518826e+03 1.790003634746539200e+16
4.115905223763355934e+03 1.789646242024671000e+16
4.116238792547192133e+03 1.789293222040262000e+16
4.116572361331029242e+03 1.788944628809746600e+16
4.116905930114866351e+03 1.788600515723101200e+16
4.117239498898703459e+03 1.788260935545055400e+16
4.117573067682539659e+03 1.787925940416359000e+16
4.117906636466376767e+03 1.787595581855129400e+16
4.118240205250213876e+03 1.787269910758250600e+16
4.118573774034050075e+03 1.786948977402837200e+16
4.118907342817887184e+03 1.786632831447747800e+16
4.119240911601724292e+03 1.786321521935155600e+16
4.119574480385561401e+03 1.786015097292153200e+16
4.119908049169398510e+03 1.785713605332410200e+16
4.120241617953234709e+03 1.785417093257865200e+16
4.120575186737071817e+03 1.785125607660448200e+16
4.120908755520908926e+03 1.784839194523840000e+16
4.121242324304745125e+03 1.784557899225252000e+16
4.121575893088582234e+03 1.784281766537234400e+16
4.121909461872419342e+03 1.784010840629494600e+16
4.122243030656256451e+03 1.783745165070742600e+16
4.122576599440093560e+03 1.783484782830535600e+16
4.122910168223929759e+03 1.783229736281138400e+16
4.123243737007766867e+03 1.782980067199387000e+16
4.123577305791603976e+03 1.782735816768549600e+16
4.123910874575441085e+03 1.782497025580186600e+16
4.124244443359278193e+03 1.782263733636007600e+16
4.124578012143114393e+03 1.782035980349711000e+16
4.124911580926951501e+03 1.781813804548819000e+16
4.125245149710787700e+03 1.781597244476489200e+16
4.125578718494624809e+03 1.781386337793313400e+16
4.125912287278461918e+03 1.781181121579084600e+16
4.126245856062299026e+03 1.780981632334546200e+16
4.126579424846136135e+03 1.780787905983111200e+16
4.126912993629972334e+03 1.780599977872539600e+16
4.127246562413809443e+03 1.780417882776595400e+16
4.127580131197646551e+03 1.780241654896651400e+16
4.127913699981483660e+03 1.780071327863261600e+16
4.128247268765320769e+03 1.779906934737685400e+16
4.128580837549156968e+03 1.779748508013366000e+16
4.128914406332994076e+03 1.779596079617359800e+16
4.129247975116831185e+03 1.779449680911711000e+16
4.129581543900667384e+03 1.779309342694770600e+16
4.129915112684504493e+03 1.779175095202464800e+16
4.130248681468341601e+03 1.779046968109488200e+16
4.130582250252178710e+03 1.778924990530449600e+16
4.130915819036015819e+03 1.778809191020943600e+16
4.131249387819852018e+03 1.778699597578553200e+16
4.131582956603689126e+03 1.778596237643790400e+16
4.131916525387526235e+03 1.778499138100952000e+16
4.132250094171363344e+03 1.778408325278908800e+16
4.132583662955200452e+03 1.778323824951820200e+16
4.132917231739036652e+03 1.778245662339754000e+16
4.133250800522873760e+03 1.778173862109243200e+16
4.133584369306709959e+03 1.778108448373751600e+16
4.133917938090547068e+03 1.778049444694046400e+16
4.134251506874384177e+03 1.777996874078495600e+16
4.134585075658221285e+03 1.777950758983263600e+16
4.134918644442058394e+03 1.777911121312430800e+16
4.135252213225894593e+03 1.777877982418000200e+16
4.135585782009731702e+03 1.777851363099826800e+16
4.135919350793568810e+03 1.777831283605437600e+16
4.136252919577405919e+03 1.777817763629763200e+16
4.136586488361243028e+03 1.777810822314760800e+16
4.136920057145079227e+03 1.777810478248942000e+16
4.137253625928916335e+03 1.777816749466793200e+16
4.137587194712753444e+03 1.777829653448094400e+16
4.137920763496589643e+03 1.777849207117131200e+16
4.138254332280426752e+03 1.777875426841800000e+16
4.138587901064263860e+03 1.777908328432604800e+16
4.138921469848100969e+03 1.777947927141548000e+16
4.139255038631938078e+03 1.777994237660900800e+16
4.139588607415774277e+03 1.778047274121873600e+16
4.139922176199611386e+03 1.778107050093169400e+16
4.140255744983448494e+03 1.778173578579420000e+16
4.140589313767285603e+03 1.778246872019518000e+16
4.140922882551121802e+03 1.778326942284815600e+16
4.141256451334958911e+03 1.778413800677230400e+16
4.141590020118796019e+03 1.778507457927221800e+16
4.141923588902632218e+03 1.778607924191646000e+16
4.142257157686469327e+03 1.778715209051507400e+16
4.142590726470306436e+03 1.778829321509578800e+16
4.142924295254143544e+03 1.778950269987912600e+16
4.143257864037980653e+03 1.779078062325232800e+16
4.143591432821816852e+03 1.779212705774201200e+16
4.143925001605653961e+03 1.779354206998568000e+16
4.144258570389491069e+03 1.779502572070212200e+16
4.144592139173327269e+03 1.779657806466051000e+16
4.144925707957164377e+03 1.779819915064836800e+16
4.145259276741001486e+03 1.779988902143835600e+16
4.145592845524838594e+03 1.780164771375384200e+16
4.145926414308675703e+03 1.780347525823333800e+16
4.146259983092511902e+03 1.780537167939374600e+16
4.146593551876349011e+03 1.780733699559240600e+16
4.146927120660186119e+03 1.780937121898803800e+16
4.147260689444023228e+03 1.781147435550052200e+16
4.147594258227860337e+03 1.781364640476942600e+16
4.147927827011696536e+03 1.781588736011162800e+16
4.148261395795533645e+03 1.781819720847752600e+16
4.148594964579369844e+03 1.782057593040638600e+16
4.148928533363206952e+03 1.782302349998042600e+16
4.149262102147044061e+03 1.782553988477788000e+16
4.149595670930881170e+03 1.782812504582498800e+16
4.149929239714718278e+03 1.783077893754688400e+16
4.150262808498554477e+03 1.783350150771752200e+16
4.150596377282391586e+03 1.783629269740847600e+16
4.150929946066228695e+03 1.783915244093680800e+16
4.151263514850065803e+03 1.784208066581192400e+16
4.151597083633902912e+03 1.784507729268146800e+16
4.151930652417739111e+03 1.784814223527628400e+16
4.152264221201576220e+03 1.785127540035446800e+16
4.152597789985413328e+03 1.785447668764444400e+16
4.152931358769249528e+03 1.785774598978728400e+16
4.153264927553086636e+03 1.786108319227816000e+16
4.153598496336923745e+03 1.786448817340691600e+16
4.153932065120760853e+03 1.786796080419789600e+16
4.154265633904597962e+03 1.787150094834908200e+16
4.154599202688434161e+03 1.787510846217042800e+16
4.154932771472271270e+03 1.787878319452153800e+16
4.155266340256108379e+03 1.788252498674868200e+16
4.155599909039945487e+03 1.788633367262125200e+16
4.155933477823782596e+03 1.789020907826757800e+16
4.156267046607618795e+03 1.789415102211021600e+16
4.156600615391455904e+03 1.789815931480080000e+16
4.156934184175292103e+03 1.790223375915437000e+16
4.157267752959129211e+03 1.790637415008333200e+16
4.157601321742966320e+03 1.791058027453104400e+16
4.157934890526803429e+03 1.791485191140505800e+16
4.158268459310640537e+03 1.791918883151018600e+16
4.158602028094476736e+03 1.792359079748121000e+16
4.158935596878313845e+03 1.792805756371553200e+16
4.159269165662150954e+03 1.793258887630567400e+16
4.159602734445988062e+03 1.793718447297172400e+16
4.159936303229825171e+03 1.794184408299376600e+16
4.160269872013661370e+03 1.794656742714440200e+16
4.160603440797498479e+03 1.795135421762129200e+16
4.160937009581335587e+03 1.795620415798001800e+16
4.161270578365171787e+03 1.796111694306704400e+16
4.161604147149008895e+03 1.796609225895307800e+16
4.161937715932846004e+03 1.797112978286671800e+16
4.162271284716683112e+03 1.797622918312864000e+16
4.162604853500520221e+03 1.798139011908614400e+16
4.162938422284356420e+03 1.798661224104842000e+16
4.163271991068193529e+03 1.799189519022234000e+16
4.163605559852030638e+03 1.799723859864908000e+16
4.163939128635867746e+03 1.800264208914142200e+16
4.164272697419703945e+03 1.800810527522202600e+16
4.164606266203541054e+03 1.801362776106257400e+16
4.164939834987378163e+03 1.801920914142403200e+16
4.165273403771214362e+03 1.802484900159790800e+16
4.165606972555051470e+03 1.803054691734880000e+16
4.165940541338888579e+03 1.803630245485816800e+16
4.166274110122725688e+03 1.804211517066951600e+16
4.166607678906562796e+03 1.804798461163495200e+16
4.166941247690398995e+03 1.805391031486334400e+16
4.167274816474236104e+03 1.805989180767012000e+16
4.167608385258073213e+03 1.806592860752870400e+16
4.167941954041909412e+03 1.807202022202385600e+16
4.168275522825746521e+03 1.807816614880682800e+16
4.168609091609583629e+03 1.808436587555260400e+16
4.168942660393420738e+03 1.809061887991917600e+16
4.169276229177257846e+03 1.809692462950906000e+16
4.169609797961094046e+03 1.810328258183296800e+16
4.169943366744931154e+03 1.810969218427611600e+16
4.170276935528768263e+03 1.811615287406674800e+16
4.170610504312605372e+03 1.812266407824744800e+16
4.170944073096442480e+03 1.812922521364900800e+16
4.171277641880278679e+03 1.813583568686714400e+16
4.171611210664115788e+03 1.814249489424212800e+16
4.171944779447951987e+03 1.814920222184134400e+16
4.172278348231789096e+03 1.815595704544499200e+16
4.172611917015626204e+03 1.816275873053497600e+16
4.172945485799463313e+03 1.816960663228707200e+16
4.173279054583300422e+03 1.817650009556656800e+16
4.173612623367136621e+03 1.818343845492730800e+16
4.173946192150973729e+03 1.819042103461448000e+16
4.174279760934810838e+03 1.819744714857098400e+16
4.174613329718647947e+03 1.820451610044770800e+16
4.174946898502485055e+03 1.821162718361773200e+16
4.175280467286321255e+03 1.821877968119446400e+16
4.175614036070158363e+03 1.822597286605400000e+16
4.175947604853995472e+03 1.823320600086168000e+16
4.176281173637831671e+03 1.824047833810289600e+16
4.176614742421668780e+03 1.824778912011844000e+16
4.176948311205505888e+03 1.825513757914425600e+16
4.177281879989342997e+03 1.826252293735592000e+16
4.177615448773180105e+03 1.826994440691771200e+16
4.177949017557016305e+03 1.827740119003656000e+16
4.178282586340853413e+03 1.828489247902088000e+16
4.178616155124690522e+03 1.829241745634433200e+16
4.178949723908527631e+03 1.829997529471472400e+16
4.179283292692364739e+03 1.830756515714800400e+16
4.179616861476200938e+03 1.831518619704748000e+16
4.179950430260038047e+03 1.832283755828841600e+16
4.180283999043874246e+03 1.833051837530794400e+16
4.180617567827711355e+03 1.833822777320048800e+16
4.180951136611548463e+03 1.834596486781866400e+16
4.181284705395385572e+03 1.835372876587983200e+16
4.181618274179222681e+03 1.836151856507825600e+16
4.181951842963058880e+03 1.836933335420308800e+16
4.182285411746895988e+03 1.837717221326193600e+16
4.182618980530733097e+03 1.838503421361047200e+16
4.182952549314570206e+03 1.839291841808777200e+16
4.183286118098407314e+03 1.840082388115767600e+16
4.183619686882243514e+03 1.840874964905603200e+16
4.183953255666080622e+03 1.841669475994394000e+16
4.184286824449917731e+03 1.842465824406708400e+16
4.184620393233753930e+03 1.843263912392102400e+16
4.184953962017591039e+03 1.844063641442266400e+16
4.185287530801428147e+03 1.844864912308769200e+16
4.185621099585265256e+03 1.845667625021418800e+16
4.185954668369101455e+03 1.846471678907228000e+16
4.186288237152938564e+03 1.847276972609995200e+16
4.186621805936775672e+03 1.848083404110487600e+16
4.186955374720612781e+03 1.848890870747234400e+16
4.187288943504449890e+03 1.849699269237923600e+16
4.187622512288286089e+03 1.850508495701404800e+16
4.187956081072123197e+03 1.851318445680289600e+16
4.188289649855960306e+03 1.852129014164137600e+16
4.188623218639796505e+03 1.852940095613253600e+16
4.188956787423633614e+03 1.853751583983048400e+16
4.189290356207470722e+03 1.854563372748995200e+16
4.189623924991307831e+03 1.855375354932145600e+16
4.189957493775144940e+03 1.856187423125222000e+16
4.190291062558981139e+03 1.856999469519258800e+16
4.190624631342818248e+03 1.857811385930801600e+16
4.190958200126654447e+03 1.858623063829630400e+16
4.191291768910491555e+03 1.859434394367031200e+16
4.191625337694328664e+03 1.860245268404563200e+16
4.191958906478165773e+03 1.861055576543356800e+16
4.192292475262002881e+03 1.861865209153883200e+16
4.192626044045839080e+03 1.862674056406215200e+16
4.192959612829676189e+03 1.863482008300764800e+16
4.193293181613513298e+03 1.864288954699447600e+16
4.193626750397350406e+03 1.865094785357309600e+16
4.193960319181187515e+03 1.865899389954564800e+16
4.194293887965023714e+03 1.866702658129033600e+16
4.194627456748860823e+03 1.867504479508978400e+16
4.194961025532697931e+03 1.868304743746301600e+16
4.195294594316534130e+03 1.869103340550092000e+16
4.195628163100371239e+03 1.869900159720516400e+16
4.195961731884208348e+03 1.870695091183005600e+16
4.196295300668045456e+03 1.871488025022740000e+16
4.196628869451882565e+03 1.872278851519407200e+16
4.196962438235718764e+03 1.873067461182198400e+16
4.197296007019555873e+03 1.873853744785039600e+16
4.197629575803392981e+03 1.874637593402017600e+16
4.197963144587230090e+03 1.875418898442995200e+16
4.198296713371067199e+03 1.876197551689364800e+16
4.198630282154903398e+03 1.876973445329951200e+16
4.198963850938740507e+03 1.877746471997004000e+16
4.199297419722576706e+03 1.878516524802283200e+16
4.199630988506413814e+03 1.879283497373185600e+16
4.199964557290250923e+03 1.880047283888914400e+16
4.200298126074088032e+03 1.880807779116634000e+16
4.200631694857925140e+03 1.881564878447614400e+16
4.200965263641761339e+03 1.882318477933312800e+16
4.201298832425598448e+03 1.883068474321378800e+16
4.201632401209435557e+03 1.883814765091556000e+16
4.201965969993272665e+03 1.884557248491439200e+16
4.202299538777109774e+03 1.885295823572077200e+16
4.202633107560945973e+03 1.886030390223378400e+16
4.202966676344783082e+03 1.886760849209303200e+16
4.203300245128620190e+03 1.887487102202796000e+16
4.203633813912456390e+03 1.888209051820462400e+16
4.203967382696293498e+03 1.888926601656919600e+16
4.204300951480130607e+03 1.889639656318828800e+16
4.204634520263967715e+03 1.890348121458567200e+16
4.204968089047804824e+03 1.891051903807505600e+16
4.205301657831641023e+03 1.891750911208872800e+16
4.205635226615478132e+03 1.892445052650185600e+16
4.205968795399315241e+03 1.893134238295196800e+16
4.206302364183152349e+03 1.893818379515356000e+16
4.206635932966989458e+03 1.894497388920740800e+16
4.206969501750825657e+03 1.895171180390448400e+16
4.207303070534662766e+03 1.895839669102402800e+16
4.207636639318498965e+03 1.896502771562572000e+16
4.207970208102336073e+03 1.897160405633551200e+16
4.208303776886173182e+03 1.897812490562514000e+16
4.208637345670010291e+03 1.898458947008473600e+16
4.208970914453847399e+03 1.899099697068867600e+16
4.209304483237683598e+03 1.899734664305415200e+16
4.209638052021520707e+03 1.900363773769244000e+16
4.209971620805357816e+03 1.900986952025254400e+16
4.210305189589194924e+03 1.901604127175713600e+16
4.210638758373032033e+03 1.902215228883044400e+16
4.210972327156868232e+03 1.902820188391804800e+16
4.211305895940705341e+03 1.903418938549837600e+16
4.211639464724542449e+03 1.904011413828562800e+16
4.211973033508378649e+03 1.904597550342416800e+16
4.212306602292215757e+03 1.905177285867404000e+16
4.212640171076052866e+03 1.905750559858762000e+16
4.212973739859889974e+03 1.906317313467715600e+16
4.213307308643727083e+03 1.906877489557325200e+16
4.213640877427563282e+03 1.907431032717394000e+16
4.213974446211400391e+03 1.907977889278451200e+16
4.214308014995236590e+03 1.908518007324772800e+16
4.214641583779073699e+03 1.909051336706478000e+16
4.214975152562910807e+03 1.909577829050627600e+16
4.215308721346747916e+03 1.910097437771394000e+16
4.215642290130585025e+03 1.910610118079238800e+16
4.215975858914421224e+03 1.911115826989121600e+16
4.216309427698258332e+03 1.911614523327750400e+16
4.216642996482095441e+03 1.912106167739827600e+16
4.216976565265932550e+03 1.912590722693350000e+16
4.217310134049769658e+03 1.913068152483912400e+16
4.217643702833605857e+03 1.913538423238046000e+16
4.217977271617442966e+03 1.914001502915596800e+16
4.218310840401280075e+03 1.914457361311124400e+16
4.218644409185116274e+03 1.914905970054348400e+16
4.218977977968953383e+03 1.915347302609644000e+16
4.219311546752790491e+03 1.915781334274585200e+16
4.219645115536627600e+03 1.916208042177559200e+16
4.219978684320464708e+03 1.916627405274442400e+16
4.220312253104300908e+03 1.917039404344366800e+16
4.220645821888138016e+03 1.917444021984580000e+16
4.220979390671975125e+03 1.917841242604402400e+16
4.221312959455812234e+03 1.918231052418315200e+16
4.221646528239649342e+03 1.918613439438169200e+16
4.221980097023485541e+03 1.918988393464548000e+16
4.222313665807322650e+03 1.919355906077298800e+16
4.222647234591158849e+03 1.919715970625223600e+16
4.222980803374995958e+03 1.920068582214992800e+16
4.223314372158833066e+03 1.920413737699251200e+16
4.223647940942670175e+03 1.920751435663963600e+16
4.223981509726507284e+03 1.921081676415017600e+16
4.224315078510343483e+03 1.921404461964090400e+16
4.224648647294180591e+03 1.921719796013811200e+16
4.224982216078017700e+03 1.922027683942228000e+16
4.225315784861854809e+03 1.922328132786619600e+16
4.225649353645691917e+03 1.922621151226656000e+16
4.225982922429528116e+03 1.922906749566932000e+16
4.226316491213365225e+03 1.923184939718910400e+16
4.226650059997202334e+03 1.923455735182280400e+16
4.226983628781038533e+03 1.923719151025762000e+16
4.227317197564875642e+03 1.923975203867384000e+16
4.227650766348712750e+03 1.924223911854248800e+16
4.227984335132549859e+03 1.924465294641822400e+16
4.228317903916386967e+03 1.924699373372750400e+16
4.228651472700223167e+03 1.924926170655251600e+16
4.228985041484060275e+03 1.925145710541101600e+16
4.229318610267897384e+03 1.925358018503208800e+16
4.229652179051734493e+03 1.925563121412858800e+16
4.229985747835571601e+03 1.925761047516588000e+16
4.230319316619407800e+03 1.925951826412765600e+16
4.230652885403244909e+03 1.926135489027875200e+16
4.230986454187081108e+03 1.926312067592523200e+16
4.231320022970918217e+03 1.926481595617222000e+16
4.231653591754755325e+03 1.926644107867929600e+16
4.231987160538592434e+03 1.926799640341409600e+16
4.232320729322429543e+03 1.926948230240412000e+16
4.232654298106265742e+03 1.927089915948700400e+16
4.232987866890102850e+03 1.927224737005948000e+16
4.233321435673939959e+03 1.927352734082536400e+16
4.233655004457777068e+03 1.927473948954254800e+16
4.233988573241614176e+03 1.927588424476948000e+16
4.234322142025450376e+03 1.927696204561106400e+16
4.234655710809287484e+03 1.927797334146452800e+16
4.234989279593124593e+03 1.927891859176498000e+16
4.235322848376960792e+03 1.927979826573136400e+16
4.235656417160797901e+03 1.928061284211267200e+16
4.235989985944635009e+03 1.928136280893458000e+16
4.236323554728472118e+03 1.928204866324704800e+16
4.236657123512309226e+03 1.928267091087249200e+16
4.236990692296145426e+03 1.928323006615524800e+16
4.237324261079982534e+03 1.928372665171209600e+16
4.237657829863818733e+03 1.928416119818423600e+16
4.237991398647655842e+03 1.928453424399072800e+16
4.238324967431492951e+03 1.928484633508354800e+16
4.238658536215330059e+03 1.928509802470462000e+16
4.238992104999167168e+03 1.928528987314450800e+16
4.239325673783003367e+03 1.928542244750338800e+16
4.239659242566840476e+03 1.928549632145412400e+16
4.239992811350677584e+03 1.928551207500753600e+16
4.240326380134514693e+03 1.928547029428020000e+16
4.240659948918351802e+03 1.928537157126467600e+16
4.240993517702188001e+03 1.928521650360232800e+16
4.241327086486025109e+03 1.928500569435885600e+16
4.241660655269862218e+03 1.928473975180254400e+16
4.241994224053698417e+03 1.928441928918541600e+16
4.242327792837535526e+03 1.928404492452722400e+16
4.242661361621372635e+03 1.928361728040252000e+16
4.242994930405209743e+03 1.928313698373067600e+16
4.243328499189046852e+03 1.928260466556904400e+16
4.243662067972883051e+03 1.928202096090926000e+16
4.243995636756720160e+03 1.928138650847672800e+16
4.244329205540557268e+03 1.928070195053332800e+16
4.244662774324394377e+03 1.927996793268345600e+16
4.244996343108231486e+03 1.927918510368317600e+16
4.245329911892067685e+03 1.927835411525289600e+16
4.245663480675904793e+03 1.927747562189327600e+16
4.245997049459740992e+03 1.927655028070440000e+16
4.246330618243578101e+03 1.927557875120849600e+16
4.246664187027415210e+03 1.927456169517583200e+16
4.246997755811252318e+03 1.927349977645408400e+16
4.247331324595089427e+03 1.927239366080104800e+16
4.247664893378925626e+03 1.927124401572060800e+16
4.247998462162762735e+03 1.927005151030218400e+16
4.248332030946599843e+03 1.926881681506342400e+16
4.248665599730436952e+03 1.926754060179614400e+16
4.248999168514274061e+03 1.926622354341575600e+16
4.249332737298110260e+03 1.926486631381366400e+16
4.249666306081947369e+03 1.926346958771320400e+16
4.249999874865784477e+03 1.926203404052849200e+16
4.250333443649620676e+03 1.926056034822666400e+16
4.250667012433457785e+03 1.925904918719316000e+16
4.251000581217294894e+03 1.925750123410006400e+16
4.251334150001132002e+03 1.925591716577760000e+16
4.251667718784969111e+03 1.925429765908848000e+16
4.252001287568805310e+03 1.925264339080544000e+16
4.252334856352642419e+03 1.925095503749150400e+16
4.252668425136479527e+03 1.924923327538318400e+16
4.253001993920316636e+03 1.924747878027658800e+16
4.253335562704153745e+03 1.924569222741611200e+16
4.253669131487989944e+03 1.924387429138607200e+16
4.254002700271827052e+03 1.924202564600487600e+16
4.254336269055663251e+03 1.924014696422176000e+16
4.254669837839500360e+03 1.923823891801628000e+16
4.255003406623337469e+03 1.923630217830009600e+16
4.255336975407174577e+03 1.923433741482134400e+16
4.255670544191011686e+03 1.923234529607135600e+16
4.256004112974847885e+03 1.923032648919366400e+16
4.256337681758684994e+03 1.922828165989542000e+16
4.256671250542522102e+03 1.922621147236088000e+16
4.257004819326359211e+03 1.922411658916714000e+16
4.257338388110196320e+03 1.922199767120200000e+16
4.257671956894032519e+03 1.921985537758380400e+16
4.258005525677869628e+03 1.921769036558335200e+16
4.258339094461706736e+03 1.921550329054769200e+16
4.258672663245542935e+03 1.921329480582578400e+16
4.259006232029380044e+03 1.921106556269610800e+16
4.259339800813217153e+03 1.920881621029590800e+16
4.259673369597054261e+03 1.920654739555218400e+16
4.260006938380891370e+03 1.920425976311442800e+16
4.260340507164727569e+03 1.920195395528887200e+16
4.260674075948564678e+03 1.919963061197440800e+16
4.261007644732400877e+03 1.919729037059982800e+16
4.261341213516237985e+03 1.919493386606280000e+16
4.261674782300075094e+03 1.919256173066998800e+16
4.262008351083912203e+03 1.919017459407869600e+16
4.262341919867749311e+03 1.918777308323976400e+16
4.262675488651585511e+03 1.918535782234176000e+16
4.263009057435422619e+03 1.918292943275640800e+16
4.263342626219259728e+03 1.918048853298510400e+16
4.263676195003096836e+03 1.917803573860670400e+16
4.264009763786933945e+03 1.917557166222633200e+16
4.264343332570770144e+03 1.917309691342526000e+16
4.264676901354607253e+03 1.917061209871176000e+16
4.265010470138444362e+03 1.916811782147303200e+16
4.265344038922280561e+03 1.916561468192800800e+16
4.265677607706117669e+03 1.916310327708104400e+16
4.266011176489954778e+03 1.916058420067656400e+16
4.266344745273791887e+03 1.915805804315444800e+16
4.266678314057628995e+03 1.915552539160632000e+16
4.267011882841465194e+03 1.915298682973254800e+16
4.267345451625302303e+03 1.915044293779998000e+16
4.267679020409139412e+03 1.914789429260049600e+16
4.268012589192976520e+03 1.914534146741018400e+16
4.268346157976813629e+03 1.914278503194912400e+16
4.268679726760649828e+03 1.914022555234194800e+16
4.269013295544486937e+03 1.913766359107892000e+16
4.269346864328323136e+03 1.913509970697761600e+16
4.269680433112160244e+03 1.913253445514530400e+16
4.270014001895997353e+03 1.912996838694161600e+16
4.270347570679834462e+03 1.912740204994208400e+16
4.270681139463671570e+03 1.912483598790194400e+16
4.271014708247507770e+03 1.912227074072050000e+16
4.271348277031344878e+03 1.911970684440607200e+16
4.271681845815181987e+03 1.911714483104128800e+16
4.272015414599019095e+03 1.911458522874885600e+16
4.272348983382856204e+03 1.911202856165785600e+16
4.272682552166692403e+03 1.910947534987036000e+16
4.273016120950529512e+03 1.910692610942854400e+16
4.273349689734366621e+03 1.910438135228216800e+16
4.273683258518202820e+03 1.910184158625641200e+16
4.274016827302039928e+03 1.909930731502022400e+16
4.274350396085877037e+03 1.909677903805492800e+16
4.274683964869714146e+03 1.909425725062322000e+16
4.275017533653551254e+03 1.909174244373858000e+16
4.275351102437387453e+03 1.908923510413501200e+16
4.275684671221224562e+03 1.908673571423712000e+16
4.276018240005061671e+03 1.908424475213054800e+16
4.276351808788898779e+03 1.908176269153277200e+16
4.276685377572735888e+03 1.907929000176418000e+16
4.277018946356572087e+03 1.907682714771954800e+16
4.277352515140409196e+03 1.907437458983981600e+16
4.277686083924245395e+03 1.907193278408416800e+16
4.278019652708082504e+03 1.906950218190249600e+16
4.278353221491919612e+03 1.906708323020812000e+16
4.278686790275756721e+03 1.906467637135090400e+16
4.279020359059593829e+03 1.906228204309060000e+16
4.279353927843430029e+03 1.905990067857058400e+16
4.279687496627267137e+03 1.905753270629196800e+16
4.280021065411104246e+03 1.905517855008780000e+16
4.280354634194941355e+03 1.905283862909784000e+16
4.280688202978778463e+03 1.905051335774355600e+16
4.281021771762614662e+03 1.904820314570340400e+16
4.281355340546451771e+03 1.904590839788844800e+16
4.281688909330288880e+03 1.904362951441834400e+16
4.282022478114125079e+03 1.904136689059760800e+16
4.282356046897962187e+03 1.903912091689219200e+16
4.282689615681799296e+03 1.903689197890642400e+16
4.283023184465636405e+03 1.903468045736027200e+16
4.283356753249473513e+03 1.903248672806684800e+16
4.283690322033309712e+03 1.903031116191040400e+16
4.284023890817146821e+03 1.902815412482448800e+16
4.284357459600983020e+03 1.902601597777054400e+16
4.284691028384820129e+03 1.902389707671680800e+16
4.285024597168657237e+03 1.902179777261750400e+16
4.285358165952494346e+03 1.901971841139243600e+16
4.285691734736331455e+03 1.901765933390687600e+16
4.286025303520167654e+03 1.901562087595181200e+16
4.286358872304004763e+03 1.901360336822453600e+16
4.286692441087841871e+03 1.901160713630951200e+16
4.287026009871678980e+03 1.900963250065972800e+16
4.287359578655516088e+03 1.900767977657820800e+16
4.287693147439352288e+03 1.900574927420004000e+16
4.288026716223189396e+03 1.900384129847459200e+16
4.288360285007026505e+03 1.900195614914825600e+16
4.288693853790862704e+03 1.900009412074736000e+16
4.289027422574699813e+03 1.899825550256154400e+16
4.289360991358536921e+03 1.899644057862744000e+16
4.289694560142374030e+03 1.899464962771272800e+16
4.290028128926211139e+03 1.899288292330051200e+16
4.290361697710047338e+03 1.899114073357408400e+16
4.290695266493884446e+03 1.898942332140197600e+16
4.291028835277721555e+03 1.898773094432348800e+16
4.291362404061558664e+03 1.898606385453439200e+16
4.291695972845395772e+03 1.898442229887318400e+16
4.292029541629231971e+03 1.898280651880751200e+16
4.292363110413069080e+03 1.898121675042108000e+16
4.292696679196905279e+03 1.897965322440084800e+16
4.293030247980742388e+03 1.897811616602458400e+16
4.293363816764579497e+03 1.897660579514880400e+16
4.293697385548416605e+03 1.897512232619703200e+16
4.294030954332253714e+03 1.897366596814841600e+16
4.294364523116089913e+03 1.897223692452668000e+16
4.294698091899927022e+03 1.897083539338950400e+16
4.295031660683764130e+03 1.896946156731812000e+16
4.295365229467601239e+03 1.896811563340738800e+16
4.295698798251438348e+03 1.896679777325612800e+16
4.296032367035274547e+03 1.896550816295782400e+16
4.296365935819111655e+03 1.896424697309177600e+16
4.296699504602948764e+03 1.896301436871436000e+16
4.297033073386784963e+03 1.896181050935091200e+16
4.297366642170622072e+03 1.896063554898773600e+16
4.297700210954459180e+03 1.895948963606460000e+16
4.298033779738296289e+03 1.895837291346746400e+16
4.298367348522133398e+03 1.895728551852163200e+16
4.298700917305969597e+03 1.895622758298520400e+16
4.299034486089806705e+03 1.895519923304288800e+16
4.299368054873643814e+03 1.895420058930012800e+16
4.299701623657480923e+03 1.895323176677755200e+16
4.300035192441318031e+03 1.895229287490584800e+16
4.300368761225154230e+03 1.895138401752085200e+16
4.300702330008991339e+03 1.895050529285905600e+16
4.301035898792827538e+03 1.894965679355345200e+16
4.301369467576664647e+03 1.894883860662963600e+16
4.301703036360501756e+03 1.894805081350232000e+16
4.302036605144338864e+03 1.894729348997216400e+16
4.302370173928175973e+03 1.894656670622292000e+16
4.302703742712012172e+03 1.894587052681889200e+16
4.303037311495849281e+03 1.894520501070284000e+16
4.303370880279686389e+03 1.894457021119400800e+16
4.303704449063523498e+03 1.894396617598670800e+16
4.304038017847360607e+03 1.894339294714912800e+16
4.304371586631196806e+03 1.894285056112244400e+16
4.304705155415033914e+03 1.894233904872037600e+16
4.305038724198871023e+03 1.894185843512894400e+16
4.305372292982707222e+03 1.894140873990667600e+16
4.305705861766544331e+03 1.894098997698514400e+16
4.306039430550381439e+03 1.894060215466968800e+16
4.306372999334218548e+03 1.894024527564076000e+16
4.306706568118055657e+03 1.893991933695532000e+16
4.307040136901891856e+03 1.893962433004876800e+16
4.307373705685728964e+03 1.893936024073716400e+16
4.307707274469565164e+03 1.893912704921978800e+16
4.308040843253402272e+03 1.893892473008204800e+16
4.308374412037239381e+03 1.893875325229880800e+16
4.308707980821076490e+03 1.893861257923794000e+16
4.309041549604913598e+03 1.893850266866441200e+16
4.309375118388749797e+03 1.893842347274459200e+16
4.309708687172586906e+03 1.893837493805104000e+16
4.310042255956424015e+03 1.893835700556753200e+16
4.310375824740261123e+03 1.893836961069460800e+16
4.310709393524098232e+03 1.893841268325543200e+16
4.311042962307934431e+03 1.893848614750202400e+16
4.311376531091771540e+03 1.893858992212195600e+16
4.311710099875608648e+03 1.893872392024531600e+16
4.312043668659444847e+03 1.893888804945223200e+16
4.312377237443281956e+03 1.893908221178073200e+16
4.312710806227119065e+03 1.893930630373493200e+16
4.313044375010956173e+03 1.893956021629387200e+16
4.313377943794793282e+03 1.893984383492051200e+16
4.313711512578629481e+03 1.894015703957138400e+16
4.314045081362466590e+03 1.894049970470656000e+16
4.314378650146303698e+03 1.894087169930012400e+16
4.314712218930140807e+03 1.894127288685110400e+16
4.315045787713977916e+03 1.894170312539483200e+16
4.315379356497814115e+03 1.894216226751484000e+16
4.315712925281651223e+03 1.894265016035517600e+16
4.316046494065487423e+03 1.894316664563329600e+16
4.316380062849324531e+03 1.894371155965333600e+16
4.316713631633161640e+03 1.894428473332006000e+16
4.317047200416998749e+03 1.894488599215317600e+16
4.317380769200835857e+03 1.894551515630228000e+16
4.317714337984672056e+03 1.894617204056232800e+16
4.318047906768509165e+03 1.894685645438960800e+16
4.318381475552346274e+03 1.894756820191838400e+16
4.318715044336183382e+03 1.894830708197796800e+16
4.319048613120020491e+03 1.894907288811053200e+16
4.319382181903856690e+03 1.894986540858940800e+16
4.319715750687693799e+03 1.895068442643808000e+16
4.320049319471530907e+03 1.895152971944968800e+16
4.320382888255367106e+03 1.895240106020734000e+16
4.320716457039204215e+03 1.895329821610486000e+16
4.321050025823041324e+03 1.895422094936837600e+16
4.321383594606878432e+03 1.895516901707849200e+16
4.321717163390715541e+03 1.895614217119314800e+16
4.322050732174551740e+03 1.895714015857117600e+16
4.322384300958388849e+03 1.895816272099668000e+16
4.322717869742225957e+03 1.895920959520390800e+16
4.323051438526063066e+03 1.896028051290308000e+16
4.323385007309900175e+03 1.896137520080690400e+16
4.323718576093736374e+03 1.896249338065778800e+16
4.324052144877573483e+03 1.896363476925591600e+16
4.324385713661409682e+03 1.896479907848806400e+16
4.324719282445246790e+03 1.896598601535730400e+16
4.325052851229083899e+03 1.896719528201338800e+16
4.325386420012921008e+03 1.896842657578410800e+16
4.325719988796758116e+03 1.896967958920744000e+16
4.326053557580594315e+03 1.897095401006453200e+16
4.326387126364431424e+03 1.897224952141361600e+16
4.326720695148268533e+03 1.897356580162478400e+16
4.327054263932105641e+03 1.897490252441565600e+16
4.327387832715941840e+03 1.897625935888805600e+16
4.327721401499778949e+03 1.897763596956542400e+16
4.328054970283616058e+03 1.897903201643144800e+16
4.328388539067453166e+03 1.898044715496934000e+16
4.328722107851289365e+03 1.898188103620239200e+16
4.329055676635126474e+03 1.898333330673530400e+16
4.329389245418963583e+03 1.898480360879658000e+16
4.329722814202800691e+03 1.898629158028196000e+16
4.330056382986637800e+03 1.898779685479883200e+16
4.330389951770473999e+03 1.898931906171169600e+16
4.330723520554311108e+03 1.899085782618872800e+16
4.331057089338147307e+03 1.899241276924924000e+16
4.331390658121984416e+03 1.899398350781245200e+16
4.331724226905821524e+03 1.899556965474714000e+16
4.332057795689658633e+03 1.899717081892246000e+16
4.332391364473495742e+03 1.899878660525990000e+16
4.332724933257331941e+03 1.900041661478628800e+16
4.333058502041169049e+03 1.900206044468795200e+16
4.333392070825006158e+03 1.900371768836597600e+16
4.333725639608843267e+03 1.900538793549271600e+16
4.334059208392680375e+03 1.900707077206925200e+16
4.334392777176516574e+03 1.900876578048418400e+16
4.334726345960353683e+03 1.901047253957355600e+16
4.335059914744190792e+03 1.901219062468179600e+16
4.335393483528026991e+03 1.901391960772409600e+16
4.335727052311864099e+03 1.901565905724972800e+16
4.336060621095701208e+03 1.901740853850666000e+16
4.336394189879538317e+03 1.901916761350737200e+16
4.336727758663375425e+03 1.902093584109580800e+16
4.337061327447211625e+03 1.902271277701556400e+16
4.337394896231048733e+03 1.902449797397925200e+16
4.337728465014885842e+03 1.902629098173909600e+16
4.338062033798722950e+03 1.902809134715867200e+16
4.338395602582560059e+03 1.902989861428589200e+16
4.338729171366396258e+03 1.903171232442715200e+16
4.339062740150233367e+03 1.903353201622275600e+16
4.339396308934069566e+03 1.903535722572337600e+16
4.339729877717906675e+03 1.903718748646788800e+16
4.340063446501743783e+03 1.903902232956225200e+16
4.340397015285580892e+03 1.904086128375966400e+16
4.340730584069418001e+03 1.904270387554180800e+16
4.341064152853254200e+03 1.904454962920136400e+16
4.341397721637091308e+03 1.904639806692555200e+16
4.341731290420928417e+03 1.904824870888101200e+16
4.342064859204765526e+03 1.905010107329956000e+16
4.342398427988602634e+03 1.905195467656539600e+16
4.342731996772438833e+03 1.905380903330315600e+16
4.343065565556275942e+03 1.905566365646725200e+16
4.343399134340113051e+03 1.905751805743217200e+16
4.343732703123949250e+03 1.905937174608396000e+16
4.344066271907786358e+03 1.906122423091273600e+16
4.344399840691623467e+03 1.906307501910622400e+16
4.344733409475460576e+03 1.906492361664434400e+16
4.345066978259297684e+03 1.906676952839480400e+16
4.345400547043133884e+03 1.906861225820968800e+16
4.345734115826970992e+03 1.907045130902304000e+16
4.346067684610808101e+03 1.907228618294932400e+16
4.346401253394645209e+03 1.907411638138289200e+16
4.346734822178482318e+03 1.907594140509831200e+16
4.347068390962318517e+03 1.907776075435158000e+16
4.347401959746155626e+03 1.907957392898216800e+16
4.347735528529991825e+03 1.908138042851596400e+16
4.348069097313828934e+03 1.908317975226896000e+16
4.348402666097666042e+03 1.908497139945164400e+16
4.348736234881503151e+03 1.908675486927428000e+16
4.349069803665340260e+03 1.908852966105278800e+16
4.349403372449176459e+03 1.909029527431534000e+16
4.349736941233013567e+03 1.909205120890956800e+16
4.350070510016850676e+03 1.909379696511046400e+16
4.350404078800687785e+03 1.909553204372872000e+16
4.350737647584523984e+03 1.909725594621979200e+16
4.351071216368361092e+03 1.909896817479329200e+16
4.351404785152198201e+03 1.910066823252295200e+16
4.351738353936035310e+03 1.910235562345697600e+16
4.352071922719871509e+03 1.910402985272884800e+16
4.352405491503708618e+03 1.910569042666839200e+16
4.352739060287545726e+03 1.910733685291320800e+16
4.353072629071382835e+03 1.910896864052040800e+16
4.353406197855219943e+03 1.911058530007844800e+16
4.353739766639056143e+03 1.911218634381931600e+16
4.354073335422893251e+03 1.911377128573077600e+16
4.354406904206729450e+03 1.911533964166868400e+16
4.354740472990566559e+03 1.911689092946939600e+16
4.355074041774403668e+03 1.911842466906221200e+16
4.355407610558240776e+03 1.911994038258175200e+16
4.355741179342077885e+03 1.912143759448021600e+16
4.356074748125914084e+03 1.912291583163956400e+16
4.356408316909751193e+03 1.912437462348355200e+16
4.356741885693588301e+03 1.912581350208944000e+16
4.357075454477425410e+03 1.912723200229953600e+16
4.357409023261262519e+03 1.912862966183235200e+16
4.357742592045098718e+03 1.913000602139339600e+16
4.358076160828935826e+03 1.913136062478565200e+16
4.358409729612772026e+03 1.913269301901940400e+16
4.358743298396609134e+03 1.913400275442175200e+16
4.359076867180446243e+03 1.913528938474539200e+16
4.359410435964283351e+03 1.913655246727695200e+16
4.359744004748120460e+03 1.913779156294448400e+16
4.360077573531956659e+03 1.913900623642442000e+16
4.360411142315793768e+03 1.914019605624765200e+16
4.360744711099630877e+03 1.914136059490488800e+16
4.361078279883467985e+03 1.914249942895104800e+16
4.361411848667305094e+03 1.914361213910893600e+16
4.361745417451141293e+03 1.914469831037172000e+16
4.362078986234978402e+03 1.914575753210462800e+16
4.362412555018815510e+03 1.914678939814548400e+16
4.362746123802651709e+03 1.914779350690419600e+16
4.363079692586488818e+03 1.914876946146106000e+16
4.363413261370325927e+03 1.914971686966392800e+16
4.363746830154163035e+03 1.915063534422415200e+16
4.364080398938000144e+03 1.915152450281116800e+16
4.364413967721836343e+03 1.915238396814585200e+16
4.364747536505673452e+03 1.915321336809250400e+16
4.365081105289510560e+03 1.915401233574936400e+16
4.365414674073347669e+03 1.915478050953771200e+16
4.365748242857184778e+03 1.915551753328954000e+16
4.366081811641020977e+03 1.915622305633359200e+16
4.366415380424858085e+03 1.915689673357993200e+16
4.366748949208694285e+03 1.915753822560280800e+16
4.367082517992531393e+03 1.915814719872196000e+16
4.367416086776368502e+03 1.915872332508220400e+16
4.367749655560205611e+03 1.915926628273130400e+16
4.368083224344042719e+03 1.915977575569608000e+16
4.368416793127878918e+03 1.916025143405680800e+16
4.368750361911716027e+03 1.916069301401970400e+16
4.369083930695553136e+03 1.916110019798756000e+16
4.369417499479390244e+03 1.916147269462865200e+16
4.369751068263227353e+03 1.916181021894357600e+16
4.370084637047063552e+03 1.916211249233023200e+16
4.370418205830900661e+03 1.916237924264683600e+16
4.370751774614737769e+03 1.916261020427295200e+16
4.371085343398573968e+03 1.916280511816854400e+16
4.371418912182411077e+03 1.916296373193092800e+16
4.371752480966248186e+03 1.916308579984977600e+16
4.372086049750085294e+03 1.916317108295999600e+16
4.372419618533922403e+03 1.916321934909251200e+16
4.372753187317758602e+03 1.916323037292299200e+16
4.373086756101595711e+03 1.916320393601847200e+16
4.373420324885432819e+03 1.916313982688173600e+16
4.373753893669269928e+03 1.916303784099376800e+16
4.374087462453106127e+03 1.916289778085380800e+16
4.374421031236943236e+03 1.916271945601745600e+16
4.374754600020780344e+03 1.916250268313249600e+16
4.375088168804616544e+03 1.916224728597259200e+16
4.375421737588453652e+03 1.916195309546876400e+16
4.375755306372290761e+03 1.916161994973878400e+16
4.376088875156127870e+03 1.916124769411424000e+16
4.376422443939964978e+03 1.916083618116558400e+16
4.376756012723801177e+03 1.916038527072486000e+16
4.377089581507638286e+03 1.915989482990639600e+16
4.377423150291475395e+03 1.915936473312514400e+16
4.377756719075311594e+03 1.915879486211304400e+16
4.378090287859148702e+03 1.915818510593308000e+16
4.378423856642985811e+03 1.915753536099128400e+16
4.378757425426822920e+03 1.915684553104656800e+16
4.379090994210660028e+03 1.915611552721837600e+16
4.379424562994496227e+03 1.915534526799230400e+16
4.379758131778333336e+03 1.915453467922352800e+16
4.380091700562170445e+03 1.915368369413824800e+16
4.380425269346007553e+03 1.915279225333294400e+16
4.380758838129844662e+03 1.915186030477168400e+16
4.381092406913680861e+03 1.915088780378128000e+16
4.381425975697517970e+03 1.914987471304454400e+16
4.381759544481354169e+03 1.914882100259148000e+16
4.382093113265191278e+03 1.914772664978850000e+16
4.382426682049028386e+03 1.914659163932572800e+16
4.382760250832865495e+03 1.914541596320232000e+16
4.383093819616702604e+03 1.914419962070994800e+16
4.383427388400538803e+03 1.914294261841434400e+16
4.383760957184375911e+03 1.914164497013505600e+16
4.384094525968213020e+03 1.914030669692330400e+16
4.384428094752050129e+03 1.913892782703811200e+16
4.384761663535887237e+03 1.913750839592069600e+16
4.385095232319723436e+03 1.913604844616694000e+16
4.385428801103560545e+03 1.913454802749845600e+16
4.385762369887397654e+03 1.913300719673167200e+16
4.386095938671233853e+03 1.913142601774554400e+16
4.386429507455070961e+03 1.912980456144745200e+16
4.386763076238908070e+03 1.912814290573764000e+16
4.387096645022745179e+03 1.912644113547205600e+16
4.387430213806582287e+03 1.912469934242374800e+16
4.387763782590418487e+03 1.912291762524269600e+16
4.388097351374255595e+03 1.912109608941431200e+16
4.388430920158092704e+03 1.911923484721639200e+16
4.388764488941929812e+03 1.911733401767491200e+16
4.389098057725766921e+03 1.911539372651826000e+16
4.389431626509603120e+03 1.911341410613031600e+16
4.389765195293440229e+03 1.911139529550224400e+16
4.390098764077276428e+03 1.910933744018305200e+16
4.390432332861113537e+03 1.910724069222893600e+16
4.390765901644950645e+03 1.910510521015151200e+16
4.391099470428787754e+03 1.910293115886489200e+16
4.391433039212624863e+03 1.910071870963177600e+16
4.391766607996461062e+03 1.909846804000832000e+16
4.392100176780298170e+03 1.909617933378822400e+16
4.392433745564135279e+03 1.909385278094560800e+16
4.392767314347972388e+03 1.909148857757719200e+16
4.393100883131809496e+03 1.908908692584336800e+16
4.393434451915645695e+03 1.908664803390852800e+16
4.393768020699482804e+03 1.908417211588053600e+16
4.394101589483319913e+03 1.908165939174938400e+16
4.394435158267156112e+03 1.907911008732510400e+16
4.394768727050993220e+03 1.907652443417496000e+16
4.395102295834830329e+03 1.907390266955990400e+16
4.395435864618667438e+03 1.907124503637044400e+16
4.395769433402504546e+03 1.906855178306181600e+16
4.396103002186340746e+03 1.906582316358859200e+16
4.396436570970177854e+03 1.906305943733871600e+16
4.396770139754014963e+03 1.906026086906698400e+16
4.397103708537852071e+03 1.905742772882815200e+16
4.397437277321688271e+03 1.905456029190933600e+16
4.397770846105525379e+03 1.905165883876218400e+16
4.398104414889362488e+03 1.904872365493453600e+16
4.398437983673198687e+03 1.904575503100173600e+16
4.398771552457035796e+03 1.904275326249750800e+16
4.399105121240872904e+03 1.903971864984467600e+16
4.399438690024710013e+03 1.903665149828535200e+16
4.399772258808547122e+03 1.903355211781107200e+16
4.400105827592383321e+03 1.903042082309248000e+16
4.400439396376220429e+03 1.902725793340899200e+16
4.400772965160057538e+03 1.902406377257802800e+16
4.401106533943893737e+03 1.902083866888428800e+16
4.401440102727730846e+03 1.901758295500870400e+16
4.401773671511567954e+03 1.901429696795732800e+16
4.402107240295405063e+03 1.901098104899019600e+16
4.402440809079242172e+03 1.900763554354984000e+16
4.402774377863078371e+03 1.900426080119002800e+16
4.403107946646915480e+03 1.900085717550429600e+16
4.403441515430752588e+03 1.899742502405440800e+16
4.403775084214589697e+03 1.899396470829892000e+16
4.404108652998426805e+03 1.899047659352164800e+16
4.404442221782263005e+03 1.898696104876022400e+16
4.404775790566100113e+03 1.898341844673461600e+16
4.405109359349936312e+03 1.897984916377576400e+16
4.405442928133773421e+03 1.897625357975422400e+16
4.405776496917610530e+03 1.897263207800892800e+16
4.406110065701447638e+03 1.896898504527602400e+16
4.406443634485284747e+03 1.896531287161780400e+16
4.406777203269120946e+03 1.896161595035176000e+16
4.407110772052958055e+03 1.895789467797980800e+16
4.407444340836795163e+03 1.895414945411753600e+16
4.407777909620632272e+03 1.895038068142377200e+16
4.408111478404469381e+03 1.894658876553012800e+16
4.408445047188305580e+03 1.894277411497086400e+16
4.408778615972142688e+03 1.893893714111280000e+16
4.409112184755979797e+03 1.893507825808553600e+16
4.409445753539815996e+03 1.893119788271180800e+16
4.409779322323653105e+03 1.892729643443796800e+16
4.410112891107490213e+03 1.892337433526483200e+16
4.410446459891327322e+03 1.891943200967860800e+16
4.410780028675164431e+03 1.891546988458210400e+16
4.411113597459000630e+03 1.891148838922613600e+16
4.411447166242837739e+03 1.890748795514116800e+16
4.411780735026674847e+03 1.890346901606923600e+16
4.412114303810511956e+03 1.889943200789600000e+16
4.412447872594349064e+03 1.889537736858317200e+16
4.412781441378185264e+03 1.889130553810108800e+16
4.413115010162022372e+03 1.888721695836154400e+16
4.413448578945858571e+03 1.888311207315094000e+16
4.413782147729695680e+03 1.887899132806364800e+16
4.414115716513532789e+03 1.887485517043556800e+16
4.414449285297369897e+03 1.887070404927805600e+16
4.414782854081207006e+03 1.886653841521207200e+16
4.415116422865043205e+03 1.886235872040250800e+16
4.415449991648880314e+03 1.885816541849291200e+16
4.415783560432717422e+03 1.885395896454039600e+16
4.416117129216554531e+03 1.884973981495077600e+16
4.416450698000391640e+03 1.884550842741410000e+16
4.416784266784227839e+03 1.884126526084028800e+16
4.417117835568064947e+03 1.883701077529519200e+16
4.417451404351902056e+03 1.883274543193676000e+16
4.417784973135738255e+03 1.882846969295164000e+16
4.418118541919575364e+03 1.882418402149188000e+16
4.418452110703412473e+03 1.881988888161204000e+16
4.418785679487249581e+03 1.881558473820647200e+16
4.419119248271086690e+03 1.881127205694687600e+16
4.419452817054922889e+03 1.880695130422017600e+16
4.419786385838759998e+03 1.880262294706665600e+16
4.420119954622597106e+03 1.879828745311827200e+16
4.420453523406434215e+03 1.879394529053728800e+16
4.420787092190270414e+03 1.878959692795524000e+16
4.421120660974107523e+03 1.878524283441200000e+16
4.421454229757944631e+03 1.878088347929532400e+16
4.421787798541780830e+03 1.877651933228041600e+16
4.422121367325617939e+03 1.877215086326992800e+16
4.422454936109455048e+03 1.876777854233420000e+16
4.422788504893292156e+03 1.876340283965164800e+16
4.423122073677129265e+03 1.875902422544954800e+16
4.423455642460965464e+03 1.875464316994503600e+16
4.423789211244802573e+03 1.875026014328632000e+16
4.424122780028639681e+03 1.874587561549418800e+16
4.424456348812475881e+03 1.874149005640380000e+16
4.424789917596312989e+03 1.873710393560667200e+16
4.425123486380150098e+03 1.873271772239303200e+16
4.425457055163987206e+03 1.872833188569430000e+16
4.425790623947824315e+03 1.872394689402593200e+16
4.426124192731660514e+03 1.871956321543044800e+16
4.426457761515497623e+03 1.871518131742081200e+16
4.426791330299334732e+03 1.871080166692398400e+16
4.427124899083171840e+03 1.870642473022479600e+16
4.427458467867008949e+03 1.870205097291003200e+16
4.427792036650845148e+03 1.869768085981284800e+16
4.428125605434682257e+03 1.869331485495740800e+16
4.428459174218518456e+03 1.868895342150376400e+16
4.428792743002355564e+03 1.868459702169310400e+16
4.429126311786192673e+03 1.868024611679310400e+16
4.429459880570029782e+03 1.867590116704374400e+16
4.429793449353866890e+03 1.867156263160325600e+16
4.430127018137703089e+03 1.866723096849437600e+16
4.430460586921540198e+03 1.866290663455095200e+16
4.430794155705377307e+03 1.865859008536469600e+16
4.431127724489214415e+03 1.865428177523230400e+16
4.431461293273051524e+03 1.864998215710292800e+16
4.431794862056887723e+03 1.864569168252570800e+16
4.432128430840724832e+03 1.864141080159786400e+16
4.432461999624561940e+03 1.863713996291286400e+16
4.432795568408398140e+03 1.863287961350902400e+16
4.433129137192235248e+03 1.862863019881832800e+16
4.433462705976072357e+03 1.862439216261559200e+16
4.433796274759909466e+03 1.862016594696791600e+16
4.434129843543746574e+03 1.861595199218440000e+16
4.434463412327582773e+03 1.861175073676627200e+16
4.434796981111419882e+03 1.860756261735723200e+16
4.435130549895256991e+03 1.860338806869417200e+16
4.435464118679094099e+03 1.859922752355818000e+16
4.435797687462931208e+03 1.859508141272592000e+16
4.436131256246767407e+03 1.859095016492125600e+16
4.436464825030604516e+03 1.858683420676736000e+16
4.436798393814440715e+03 1.858273396273895200e+16
4.437131962598277823e+03 1.857864985511506000e+16
4.437465531382114932e+03 1.857458230393206400e+16
4.437799100165952041e+03 1.857053172693706800e+16
4.438132668949789149e+03 1.856649853954166400e+16
4.438466237733625348e+03 1.856248315477602400e+16
4.438799806517462457e+03 1.855848598324342000e+16
4.439133375301299566e+03 1.855450743307504400e+16
4.439466944085136674e+03 1.855054790988523200e+16
4.439800512868973783e+03 1.854660781672709600e+16
4.440134081652809982e+03 1.854268755404848000e+16
4.440467650436647091e+03 1.853878751964842000e+16
4.440801219220484199e+03 1.853490810863386000e+16
4.441134788004320399e+03 1.853104971337685600e+16
4.441468356788157507e+03 1.852721272347220800e+16
4.441801925571994616e+03 1.852339752569540800e+16
4.442135494355831725e+03 1.851960450396117200e+16
4.442469063139668833e+03 1.851583403928217200e+16
4.442802631923505032e+03 1.851208650972842400e+16
4.443136200707342141e+03 1.850836229038698400e+16
4.443469769491179250e+03 1.850466175332206800e+16
4.443803338275016358e+03 1.850098526753575200e+16
4.444136907058852557e+03 1.849733319892898400e+16
4.444470475842689666e+03 1.849370591026315200e+16
4.444804044626526775e+03 1.849010376112206400e+16
4.445137613410362974e+03 1.848652710787443600e+16
4.445471182194200082e+03 1.848297630363682400e+16
4.445804750978037191e+03 1.847945169823711200e+16
4.446138319761874300e+03 1.847595363817839200e+16
4.446471888545711408e+03 1.847248246660341600e+16
4.446805457329547608e+03 1.846903852325955200e+16
4.447139026113384716e+03 1.846562214446419200e+16
4.447472594897221825e+03 1.846223366307076800e+16
4.447806163681058024e+03 1.845887340843517600e+16
4.448139732464895133e+03 1.845554170638284800e+16
4.448473301248732241e+03 1.845223887917630800e+16
4.448806870032569350e+03 1.844896524548324800e+16
4.449140438816406458e+03 1.844572112034520400e+16
4.449474007600242658e+03 1.844250681514671200e+16
4.449807576384079766e+03 1.843932263758520400e+16
4.450141145167916875e+03 1.843616889164120800e+16
4.450474713951753984e+03 1.843304587754934800e+16
4.450808282735591092e+03 1.842995389176982800e+16
4.451141851519427291e+03 1.842689322696056000e+16
4.451475420303264400e+03 1.842386417194982400e+16
4.451808989087100599e+03 1.842086701170956000e+16
4.452142557870937708e+03 1.841790202732931200e+16
4.452476126654774816e+03 1.841496949599073600e+16
4.452809695438611925e+03 1.841206969094273600e+16
4.453143264222449034e+03 1.840920288147724400e+16
4.453476833006285233e+03 1.840636933290572400e+16
4.453810401790122341e+03 1.840356930653613600e+16
4.454143970573959450e+03 1.840080305965068400e+16
4.454477539357796559e+03 1.839807084548424000e+16
4.454811108141633667e+03 1.839537291320334400e+16
4.455144676925469867e+03 1.839270950788592800e+16
4.455478245709306975e+03 1.839008087050172800e+16
4.455811814493144084e+03 1.838748723789336800e+16
4.456145383276980283e+03 1.838492884275810000e+16
4.456478952060817392e+03 1.838240591363036800e+16
4.456812520844654500e+03 1.837991867486488000e+16
4.457146089628491609e+03 1.837746734662061600e+16
4.457479658412328718e+03 1.837505214484536400e+16
4.457813227196164917e+03 1.837267328126113600e+16
4.458146795980002025e+03 1.837033096335020000e+16
4.458480364763839134e+03 1.836802539434192000e+16
4.458813933547676243e+03 1.836575677320036000e+16
4.459147502331513351e+03 1.836352529461258800e+16
4.459481071115349550e+03 1.836133114897769600e+16
4.459814639899186659e+03 1.835917452239684800e+16
4.460148208683022858e+03 1.835705559666368800e+16
4.460481777466859967e+03 1.835497454925590800e+16
4.460815346250697075e+03 1.835293155332739600e+16
4.461148915034534184e+03 1.835092677770123200e+16
4.461482483818371293e+03 1.834896038686350400e+16
4.461816052602207492e+03 1.834703254095789600e+16
4.462149621386044601e+03 1.834514339578112800e+16
4.462483190169881709e+03 1.834329310277917600e+16
4.462816758953718818e+03 1.834148180904435600e+16
4.463150327737555926e+03 1.833970965731319600e+16
4.463483896521392126e+03 1.833797678596522000e+16
4.463817465305229234e+03 1.833628332902247600e+16
4.464151034089066343e+03 1.833462941615002000e+16
4.464484602872902542e+03 1.833301517265713200e+16
4.464818171656739651e+03 1.833144071949957200e+16
4.465151740440576759e+03 1.832990617328248000e+16
4.465485309224413868e+03 1.832841164626436000e+16
4.465818878008250977e+03 1.832695724636176400e+16
4.466152446792087176e+03 1.832554307715501600e+16
4.466486015575924284e+03 1.832416923789472400e+16
4.466819584359761393e+03 1.832283582350916000e+16
4.467153153143598502e+03 1.832154292461271200e+16
4.467486721927434701e+03 1.832029062751494000e+16
4.467820290711271809e+03 1.831907901423087200e+16
4.468153859495108918e+03 1.831790816249194800e+16
4.468487428278945117e+03 1.831677814575805200e+16
4.468820997062782226e+03 1.831568903323034400e+16
4.469154565846619334e+03 1.831464088986507200e+16
4.469488134630456443e+03 1.831363377638832000e+16
4.469821703414293552e+03 1.831266774931164000e+16
4.470155272198129751e+03 1.831174286094864800e+16
4.470488840981966860e+03 1.831085915943255600e+16
4.470822409765803968e+03 1.831001668873460000e+16
4.471155978549640167e+03 1.830921548868348000e+16
4.471489547333477276e+03 1.830845559498568000e+16
4.471823116117314385e+03 1.830773703924672000e+16
4.472156684901151493e+03 1.830705984899340800e+16
4.472490253684988602e+03 1.830642404769702800e+16
4.472823822468824801e+03 1.830582965479740000e+16
4.473157391252661910e+03 1.830527668572799200e+16
4.473490960036499018e+03 1.830476515194186400e+16
4.473824528820336127e+03 1.830429506093870800e+16
4.474158097604173236e+03 1.830386641629263200e+16
4.474491666388009435e+03 1.830347921768109600e+16
4.474825235171846543e+03 1.830313346091466400e+16
4.475158803955682743e+03 1.830282913796768000e+16
4.475492372739519851e+03 1.830256623700999200e+16
4.475825941523356960e+03 1.830234474243951200e+16
4.476159510307194068e+03 1.830216463491574400e+16
4.476493079091031177e+03 1.830202589139428800e+16
4.476826647874867376e+03 1.830192848516216000e+16
4.477160216658704485e+03 1.830187238587413600e+16
4.477493785442541594e+03 1.830185755958996800e+16
4.477827354226378702e+03 1.830188396881251200e+16
4.478160923010215811e+03 1.830195157252676800e+16
4.478494491794052010e+03 1.830206032623985600e+16
4.478828060577889119e+03 1.830221018202174800e+16
4.479161629361726227e+03 1.830240108854710400e+16
4.479495198145562426e+03 1.830263299113776800e+16
4.479828766929399535e+03 1.830290583180632000e+16
4.480162335713236644e+03 1.830321954930030400e+16
4.480495904497073752e+03 1.830357407914748400e+16
4.480829473280910861e+03 1.830396935370181600e+16
4.481163042064747060e+03 1.830440530219032000e+16
4.481496610848584169e+03 1.830488185076070000e+16
4.481830179632421277e+03 1.830539892252988000e+16
4.482163748416258386e+03 1.830595643763324400e+16
4.482497317200095495e+03 1.830655431327468000e+16
4.482830885983931694e+03 1.830719246377742400e+16
4.483164454767768802e+03 1.830787080063562000e+16
4.483498023551605002e+03 1.830858923256666800e+16
4.483831592335442110e+03 1.830934766556421600e+16
4.484165161119279219e+03 1.831014600295198800e+16
4.484498729903116327e+03 1.831098414543816000e+16
4.484832298686953436e+03 1.831186199117055200e+16
4.485165867470789635e+03 1.831277943579236000e+16
4.485499436254626744e+03 1.831373637249860800e+16
4.485833005038463853e+03 1.831473269209317600e+16
4.486166573822300961e+03 1.831576828304645600e+16
4.486500142606138070e+03 1.831684303155360000e+16
4.486833711389974269e+03 1.831795682159326400e+16
4.487167280173811378e+03 1.831910953498698400e+16
4.487500848957648486e+03 1.832030105145896800e+16
4.487834417741484685e+03 1.832153124869650400e+16
4.488167986525321794e+03 1.832280000241070800e+16
4.488501555309158903e+03 1.832410718639779200e+16
4.488835124092996011e+03 1.832545267260078000e+16
4.489168692876833120e+03 1.832683633117152400e+16
4.489502261660669319e+03 1.832825803053319200e+16
4.489835830444506428e+03 1.832971763744307200e+16
4.490169399228343536e+03 1.833121501705559200e+16
4.490502968012180645e+03 1.833275003298583200e+16
4.490836536796016844e+03 1.833432254737311600e+16
4.491170105579853953e+03 1.833593242094487600e+16
4.491503674363691061e+03 1.833757951308082800e+16
4.491837243147527261e+03 1.833926368187716000e+16
4.492170811931364369e+03 1.834098478421100000e+16
4.492504380715201478e+03 1.834274267580488800e+16
4.492837949499038587e+03 1.834453721129140800e+16
4.493171518282875695e+03 1.834636824427785600e+16
4.493505087066711894e+03 1.834823562741083600e+16
4.493838655850549003e+03 1.835013921244101600e+16
4.494172224634386112e+03 1.835207885028760800e+16
4.494505793418222311e+03 1.835405439110300000e+16
4.494839362202059419e+03 1.835606568433705600e+16
4.495172930985896528e+03 1.835811257880142400e+16
4.495506499769733637e+03 1.836019492273357600e+16
4.495840068553570745e+03 1.836231256386063200e+16
4.496173637337406944e+03 1.836446534946294800e+16
4.496507206121244053e+03 1.836665312643741600e+16
4.496840774905081162e+03 1.836887574136036800e+16
4.497174343688918270e+03 1.837113304055022000e+16
4.497507912472755379e+03 1.837342487012960000e+16
4.497841481256591578e+03 1.837575107608714800e+16
4.498175050040428687e+03 1.837811150433874000e+16
4.498508618824264886e+03 1.838050600078825600e+16
4.498842187608101995e+03 1.838293441138776400e+16
4.499175756391939103e+03 1.838539658219717600e+16
4.499509325175776212e+03 1.838789235944316800e+16
4.499842893959613320e+03 1.839042158957756400e+16
4.500176462743449520e+03 1.839298411933490400e+16
4.500510031527286628e+03 1.839557979578939600e+16
4.500843600311123737e+03 1.839820846641093200e+16
4.501177169094960846e+03 1.840086997912045600e+16
4.501510737878797954e+03 1.840356418234439600e+16
4.501844306662634153e+03 1.840629092506817200e+16
4.502177875446471262e+03 1.840905005688886800e+16
4.502511444230308371e+03 1.841184142806693600e+16
4.502845013014144570e+03 1.841466488957679200e+16
4.503178581797981678e+03 1.841752029315652400e+16
4.503512150581818787e+03 1.842040749135642800e+16
4.503845719365655896e+03 1.842332633758649600e+16
4.504179288149493004e+03 1.842627668616274400e+16
4.504512856933329203e+03 1.842925839235237600e+16
4.504846425717166312e+03 1.843227131241768000e+16
4.505179994501003421e+03 1.843531530365882000e+16
4.505513563284840529e+03 1.843839022445522400e+16
4.505847132068677638e+03 1.844149593430570400e+16
4.506180700852513837e+03 1.844463229386723200e+16
4.506514269636350946e+03 1.844779916499240400e+16
4.506847838420187145e+03 1.845099641076541200e+16
4.507181407204024254e+03 1.845422389553665200e+16
4.507514975987861362e+03 1.845748148495580800e+16
4.507848544771698471e+03 1.846076904600356000e+16
4.508182113555535580e+03 1.846408644702161600e+16
4.508515682339371779e+03 1.846743355774135600e+16
4.508849251123208887e+03 1.847081024931080400e+16
4.509182819907045996e+03 1.847421639432001600e+16
4.509516388690883105e+03 1.847765186682491200e+16
4.509849957474720213e+03 1.848111654236940800e+16
4.510183526258556412e+03 1.848461029800587200e+16
4.510517095042393521e+03 1.848813301231395200e+16
4.510850663826230630e+03 1.849168456541766000e+16
4.511184232610066829e+03 1.849526483900068800e+16
4.511517801393903937e+03 1.849887371632010400e+16
4.511851370177741046e+03 1.850251108221813600e+16
4.512184938961578155e+03 1.850617682313226400e+16
4.512518507745415263e+03 1.850987082710352400e+16
4.512852076529251462e+03 1.851359298378296000e+16
4.513185645313088571e+03 1.851734318443630800e+16
4.513519214096925680e+03 1.852112132194677600e+16
4.513852782880762788e+03 1.852492729081607200e+16
4.514186351664598988e+03 1.852876098716350400e+16
4.514519920448436096e+03 1.853262230872326400e+16
4.514853489232273205e+03 1.853651115483986800e+16
4.515187058016109404e+03 1.854042742646164800e+16
4.515520626799946513e+03 1.854437102613244800e+16
4.515854195583783621e+03 1.854834185798140400e+16
4.516187764367620730e+03 1.855233982771086800e+16
4.516521333151457839e+03 1.855636484258246000e+16
4.516854901935294038e+03 1.856041681140117200e+16
4.517188470719131146e+03 1.856449564449771200e+16
4.517522039502968255e+03 1.856860125370888800e+16
4.517855608286804454e+03 1.857273355235620400e+16
4.518189177070641563e+03 1.857689245522250400e+16
4.518522745854478671e+03 1.858107787852686800e+16
4.518856314638315780e+03 1.858528973989759200e+16
4.519189883422152889e+03 1.858952795834338000e+16
4.519523452205989088e+03 1.859379245422274000e+16
4.519857020989826196e+03 1.859808314921150400e+16
4.520190589773663305e+03 1.860239996626860800e+16
4.520524158557500414e+03 1.860674282960016000e+16
4.520857727341337522e+03 1.861111166462162000e+16
4.521191296125173722e+03 1.861550639791835200e+16
4.521524864909010830e+03 1.861992695720444800e+16
4.521858433692847029e+03 1.862437327127979200e+16
4.522192002476684138e+03 1.862884526998556800e+16
4.522525571260521247e+03 1.863334288415799200e+16
4.522859140044358355e+03 1.863786604558054400e+16
4.523192708828195464e+03 1.864241468693452800e+16
4.523526277612031663e+03 1.864698874174810400e+16
4.523859846395868772e+03 1.865158814434377600e+16
4.524193415179705880e+03 1.865621282978435600e+16
4.524526983963542989e+03 1.866086273381748800e+16
4.524860552747380098e+03 1.866553779281871200e+16
4.525194121531216297e+03 1.867023794373309600e+16
4.525527690315053405e+03 1.867496312401558000e+16
4.525861259098890514e+03 1.867971327156986800e+16
4.526194827882726713e+03 1.868448832468612000e+16
4.526528396666563822e+03 1.868928822197730400e+16
4.526861965450400930e+03 1.869411290231440000e+16
4.527195534234238039e+03 1.869896230476040400e+16
4.527529103018074238e+03 1.870383636850312000e+16
4.527862671801911347e+03 1.870873503278694400e+16
4.528196240585748455e+03 1.871365823684358000e+16
4.528529809369585564e+03 1.871860591982169600e+16
4.528863378153422673e+03 1.872357802071565600e+16
4.529196946937258872e+03 1.872857447829331200e+16
4.529530515721095981e+03 1.873359523102295200e+16
4.529864084504933089e+03 1.873864021699936400e+16
4.530197653288769288e+03 1.874370937386919600e+16
4.530531222072606397e+03 1.874880263875551200e+16
4.530864790856443506e+03 1.875391994818172000e+16
4.531198359640280614e+03 1.875906123799484000e+16
4.531531928424117723e+03 1.876422644328821200e+16
4.531865497207953922e+03 1.876941549832363600e+16
4.532199065991791031e+03 1.877462833645309600e+16
4.532532634775628139e+03 1.877986489003998800e+16
4.532866203559465248e+03 1.878512509038002000e+16
4.533199772343302357e+03 1.879040886762177600e+16
4.533533341127138556e+03 1.879571615068701200e+16
4.533866909910975664e+03 1.880104686719074000e+16
4.534200478694811864e+03 1.880640094336114800e+16
4.534534047478648972e+03 1.881177830395938400e+16
4.534867616262486081e+03 1.881717887219938400e+16
4.535201185046323189e+03 1.882260256966754400e+16
4.535534753830160298e+03 1.882804931624262400e+16
4.535868322613996497e+03 1.883351903001560800e+16
4.536201891397833606e+03 1.883901162720985600e+16
4.536535460181670715e+03 1.884452702210139200e+16
4.536869028965507823e+03 1.885006512693948400e+16
4.537202597749344932e+03 1.885562585186758400e+16
4.537536166533181131e+03 1.886120910484464000e+16
4.537869735317018240e+03 1.886681479156685600e+16
4.538203304100855348e+03 1.887244281538986400e+16
4.538536872884691547e+03 1.887809307725161600e+16
4.538870441668528656e+03 1.888376547559574800e+16
4.539204010452365765e+03 1.888945990629556800e+16
4.539537579236202873e+03 1.889517626257893200e+16
4.539871148020039982e+03 1.890091443495369600e+16
4.540204716803876181e+03 1.890667431113407200e+16
4.540538285587713290e+03 1.891245577596790000e+16
4.540871854371549489e+03 1.891825871136473600e+16
4.541205423155386598e+03 1.892408299622501600e+16
4.541538991939223706e+03 1.892992850637017200e+16
4.541872560723060815e+03 1.893579511447387600e+16
4.542206129506897923e+03 1.894168268999439200e+16
4.542539698290734123e+03 1.894759109910810000e+16
4.542873267074571231e+03 1.895352020464428000e+16
4.543206835858408340e+03 1.895946986602114800e+16
4.543540404642245448e+03 1.896543993918319200e+16
4.543873973426082557e+03 1.897143027653998000e+16
4.544207542209918756e+03 1.897744072690625200e+16
4.544541110993755865e+03 1.898347113544359200e+16
4.544874679777592974e+03 1.898952134360354800e+16
4.545208248561429173e+03 1.899559118907234400e+16
4.545541817345266281e+03 1.900168050571716800e+16
4.545875386129103390e+03 1.900778912353413600e+16
4.546208954912940499e+03 1.901391686859791600e+16
4.546542523696777607e+03 1.902006356301306400e+16
4.546876092480613806e+03 1.902622902486719600e+16
4.547209661264450915e+03 1.903241306818589200e+16
4.547543230048288024e+03 1.903861550288949600e+16
4.547876798832125132e+03 1.904483613475181600e+16
4.548210367615962241e+03 1.905107476536064800e+16
4.548543936399798440e+03 1.905733119208039200e+16
4.548877505183635549e+03 1.906360520801662400e+16
4.549211073967471748e+03 1.906989660198255600e+16
4.549544642751308857e+03 1.907620515846781200e+16
4.549878211535145965e+03 1.908253065760905200e+16
4.550211780318983074e+03 1.908887287516288800e+16
4.550545349102820182e+03 1.909523158248084000e+16
4.550878917886656382e+03 1.910160654648656000e+16
4.551212486670493490e+03 1.910799752965520000e+16
4.551546055454330599e+03 1.911440428999508000e+16
4.551879624238167708e+03 1.912082658103152400e+16
4.552213193022004816e+03 1.912726415179307200e+16
4.552546761805841015e+03 1.913371674679994400e+16
4.552880330589678124e+03 1.914018410605489600e+16
4.553213899373515233e+03 1.914666596503626400e+16
4.553547468157351432e+03 1.915316205469360800e+16
4.553881036941188540e+03 1.915967210144558000e+16
4.554214605725025649e+03 1.916619582718020400e+16
4.554548174508862758e+03 1.917273294925766000e+16
4.554881743292699866e+03 1.917928318051540800e+16
4.555215312076536065e+03 1.918584622927577600e+16
4.555548880860373174e+03 1.919242179935606400e+16
4.555882449644210283e+03 1.919900959008104400e+16
4.556216018428047391e+03 1.920560929629795200e+16
4.556549587211884500e+03 1.921222060839395200e+16
4.556883155995720699e+03 1.921884321231612400e+16
4.557216724779557808e+03 1.922547678959392400e+16
4.557550293563394007e+03 1.923212101736408400e+16
4.557883862347231116e+03 1.923877556839812400e+16
4.558217431131068224e+03 1.924544011113223200e+16
4.558550999914905333e+03 1.925211430969973600e+16
4.558884568698742441e+03 1.925879782396599600e+16
4.559218137482578641e+03 1.926549030956586400e+16
4.559551706266415749e+03 1.927219141794357600e+16
4.559885275050252858e+03 1.927890079639510400e+16
4.560218843834089967e+03 1.928561808811300000e+16
4.560552412617927075e+03 1.929234293223376400e+16
4.560885981401763274e+03 1.929907496388749200e+16
4.561219550185600383e+03 1.930581381425020000e+16
4.561553118969437492e+03 1.931255911059828400e+16
4.561886687753273691e+03 1.931931047636566400e+16
4.562220256537110799e+03 1.932606753120313200e+16
4.562553825320947908e+03 1.933282989104013200e+16
4.562887394104785017e+03 1.933959716814889600e+16
4.563220962888622125e+03 1.934636897121093200e+16
4.563554531672458324e+03 1.935314490538574400e+16
4.563888100456295433e+03 1.935992457238191200e+16
4.564221669240131632e+03 1.936670757053041600e+16
4.564555238023968741e+03 1.937349349486016800e+16
4.564888806807805850e+03 1.938028193717573600e+16
4.565222375591642958e+03 1.938707248613730800e+16
4.565555944375480067e+03 1.939386472734272400e+16
4.565889513159316266e+03 1.940065824341166000e+16
4.566223081943153375e+03 1.940745261407186400e+16
4.566556650726990483e+03 1.941424741624748000e+16
4.566890219510827592e+03 1.942104222414930800e+16
4.567223788294664701e+03 1.942783660936707200e+16
4.567557357078500900e+03 1.943463014096362400e+16
4.567890925862338008e+03 1.944142238557100400e+16
4.568224494646175117e+03 1.944821290748835200e+16
4.568558063430011316e+03 1.945500126878162400e+16
4.568891632213848425e+03 1.946178702938508800e+16
4.569225200997685533e+03 1.946856974720447200e+16
4.569558769781522642e+03 1.947534897822184800e+16
4.569892338565359751e+03 1.948212427660204000e+16
4.570225907349195950e+03 1.948889519480070800e+16
4.570559476133033058e+03 1.949566128367384000e+16
4.570893044916870167e+03 1.950242209258876400e+16
4.571226613700707276e+03 1.950917716953654000e+16
4.571560182484544384e+03 1.951592606124576400e+16
4.571893751268380583e+03 1.952266831329756800e+16
4.572227320052217692e+03 1.952940347024196400e+16
4.572560888836053891e+03 1.953613107571531200e+16
4.572894457619891000e+03 1.954285067255894000e+16
4.573228026403728109e+03 1.954956180293880800e+16
4.573561595187565217e+03 1.955626400846617600e+16
4.573895163971402326e+03 1.956295683031927600e+16
4.574228732755238525e+03 1.956963980936579200e+16
4.574562301539075634e+03 1.957631248628618400e+16
4.574895870322912742e+03 1.958297440169775200e+16
4.575229439106749851e+03 1.958962509627947600e+16
4.575563007890586960e+03 1.959626411089732800e+16
4.575896576674423159e+03 1.960289098673028800e+16
4.576230145458260267e+03 1.960950526539676800e+16
4.576563714242097376e+03 1.961610648908142400e+16
4.576897283025933575e+03 1.962269420066252800e+16
4.577230851809770684e+03 1.962926794383929200e+16
4.577564420593607792e+03 1.963582726325974800e+16
4.577897989377444901e+03 1.964237170464852800e+16
4.578231558161282010e+03 1.964890081493487600e+16
4.578565126945118209e+03 1.965541414238056800e+16
4.578898695728955317e+03 1.966191123670784800e+16
4.579232264512792426e+03 1.966839164922714000e+16
4.579565833296629535e+03 1.967485493296469200e+16
4.579899402080466643e+03 1.968130064278973600e+16
4.580232970864302843e+03 1.968772833554152800e+16
4.580566539648139951e+03 1.969413757015580000e+16
4.580900108431976150e+03 1.970052790779079600e+16
4.581233677215813259e+03 1.970689891195278400e+16
4.581567245999650368e+03 1.971325014862075600e+16
4.581900814783487476e+03 1.971958118637061600e+16
4.582234383567324585e+03 1.972589159649857600e+16
4.582567952351160784e+03 1.973218095314353600e+16
4.582901521134997893e+03 1.973844883340874400e+16
4.583235089918835001e+03 1.974469481748231200e+16
4.583568658702672110e+03 1.975091848875676000e+16
4.583902227486509219e+03 1.975711943394748000e+16
4.584235796270345418e+03 1.976329724320978400e+16
4.584569365054182526e+03 1.976945151025500800e+16
4.584902933838019635e+03 1.977558183246494000e+16
4.585236502621855834e+03 1.978168781100517600e+16
4.585570071405692943e+03 1.978776905093675200e+16
4.585903640189530051e+03 1.979382516132634400e+16
4.586237208973367160e+03 1.979985575535490400e+16
4.586570777757204269e+03 1.980586045042459600e+16
4.586904346541040468e+03 1.981183886826396800e+16
4.587237915324877576e+03 1.981779063503144000e+16
4.587571484108713776e+03 1.982371538141683200e+16
4.587905052892550884e+03 1.982961274274110000e+16
4.588238621676387993e+03 1.983548235905396000e+16
4.588572190460225102e+03 1.984132387522965600e+16
4.588905759244062210e+03 1.984713694106056800e+16
4.589239328027898409e+03 1.985292121134858000e+16
4.589572896811735518e+03 1.985867634599450800e+16
4.589906465595572627e+03 1.986440201008505600e+16
4.590240034379409735e+03 1.987009787397762400e+16
4.590573603163246844e+03 1.987576361338266400e+16
4.590907171947083043e+03 1.988139890944379600e+16
4.591240740730920152e+03 1.988700344881533600e+16
4.591574309514757260e+03 1.989257692373744000e+16
4.591907878298593459e+03 1.989811903210871200e+16
4.592241447082430568e+03 1.990362947755622400e+16
4.592575015866267677e+03 1.990910796950296800e+16
4.592908584650104785e+03 1.991455422323260400e+16
4.593242153433941894e+03 1.991996795995165600e+16
4.593575722217778093e+03 1.992534890684886400e+16
4.593909291001615202e+03 1.993069679715185600e+16
4.594242859785452310e+03 1.993601137018106800e+16
4.594576428569289419e+03 1.994129237140081600e+16
4.594909997353126528e+03 1.994653955246753600e+16
4.595243566136962727e+03 1.995175267127526400e+16
4.595577134920799836e+03 1.995693149199810800e+16
4.595910703704636035e+03 1.996207578512990400e+16
4.596244272488473143e+03 1.996718532752096000e+16
4.596577841272310252e+03 1.997225990241183600e+16
4.596911410056147361e+03 1.997729929946414400e+16
4.597244978839984469e+03 1.998230331478852400e+16
4.597578547623820668e+03 1.998727175096946800e+16
4.597912116407657777e+03 1.999220441708734400e+16
4.598245685191494886e+03 1.999710112873725600e+16
4.598579253975331994e+03 2.000196170804505600e+16
4.598912822759169103e+03 2.000678598368035200e+16
4.599246391543005302e+03 2.001157379086638000e+16
4.599579960326842411e+03 2.001632497138711600e+16
4.599913529110679519e+03 2.002103937359116000e+16
4.600247097894515719e+03 2.002571685239283200e+16
4.600580666678352827e+03 2.003035726927021600e+16
4.600914235462189936e+03 2.003496049226021600e+16
4.601247804246027044e+03 2.003952639595070800e+16
4.601581373029864153e+03 2.004405486146972400e+16
4.601914941813700352e+03 2.004854577647177200e+16
4.602248510597537461e+03 2.005299903512117600e+16
4.602582079381374569e+03 2.005741453807256800e+16
4.602915648165211678e+03 2.006179219244859200e+16
4.603249216949048787e+03 2.006613191181461200e+16
4.603582785732884986e+03 2.007043361615077600e+16
4.603916354516722095e+03 2.007469723182120000e+16
4.604249923300558294e+03 2.007892269154042400e+16
4.604583492084395402e+03 2.008310993433718400e+16
4.604917060868232511e+03 2.008725890551540400e+16
4.605250629652069620e+03 2.009136955661265600e+16
4.605584198435906728e+03 2.009544184535593200e+16
4.605917767219742927e+03 2.009947573561482800e+16
4.606251336003580036e+03 2.010347119735223600e+16
4.606584904787417145e+03 2.010742820657255200e+16
4.606918473571254253e+03 2.011134674526731600e+16
4.607252042355091362e+03 2.011522680135864000e+16
4.607585611138927561e+03 2.011906836864007600e+16
4.607919179922764670e+03 2.012287144671534400e+16
4.608252748706601778e+03 2.012663604093464000e+16
4.608586317490437978e+03 2.013036216232889600e+16
4.608919886274275086e+03 2.013404982754172000e+16
4.609253455058112195e+03 2.013769905875930400e+16
4.609587023841949303e+03 2.014130988363834400e+16
4.609920592625786412e+03 2.014488233523185200e+16
4.610254161409622611e+03 2.014841645191301600e+16
4.610587730193459720e+03 2.015191227729736000e+16
4.610921298977295919e+03 2.015536986016282000e+16
4.611254867761133028e+03 2.015878925436831200e+16
4.611588436544970136e+03 2.016217051877033600e+16
4.611922005328807245e+03 2.016551371713818400e+16
4.612255574112644354e+03 2.016881891806744000e+16
4.612589142896480553e+03 2.017208619489192400e+16
4.612922711680317661e+03 2.017531562559428000e+16
4.613256280464154770e+03 2.017850729271516000e+16
4.613589849247991879e+03 2.018166128326098400e+16
4.613923418031828987e+03 2.018477768861061200e+16
4.614256986815665186e+03 2.018785660442064000e+16
4.614590555599502295e+03 2.019089813052973600e+16
4.614924124383339404e+03 2.019390237086176000e+16
4.615257693167175603e+03 2.019686943332805600e+16
4.615591261951012712e+03 2.019979942972864400e+16
4.615924830734849820e+03 2.020269247565274400e+16
4.616258399518686929e+03 2.020554869037829600e+16
4.616591968302524037e+03 2.020836819677103200e+16
4.616925537086360237e+03 2.021115112118254400e+16
4.617259105870197345e+03 2.021389759334813200e+16
4.617592674654034454e+03 2.021660774628386800e+16
4.617926243437871562e+03 2.021928171618331200e+16
4.618259812221708671e+03 2.022191964231386000e+16
4.618593381005544870e+03 2.022452166691273200e+16
4.618926949789381979e+03 2.022708793508276800e+16
4.619260518573218178e+03 2.022961859468794000e+16
4.619594087357055287e+03 2.023211379624888800e+16
4.619927656140892395e+03 2.023457369283830800e+16
4.620261224924729504e+03 2.023699843997637600e+16
4.620594793708566613e+03 2.023938819552628000e+16
4.620928362492402812e+03 2.024174311958983600e+16
4.621261931276239920e+03 2.024406337440345600e+16
4.621595500060077029e+03 2.024634912423422400e+16
4.621929068843914138e+03 2.024860053527636000e+16
4.622262637627751246e+03 2.025081777554818000e+16
4.622596206411587445e+03 2.025300101478936800e+16
4.622929775195424554e+03 2.025515042435892800e+16
4.623263343979261663e+03 2.025726617713350800e+16
4.623596912763097862e+03 2.025934844740661200e+16
4.623930481546934971e+03 2.026139741078833600e+16
4.624264050330772079e+03 2.026341324410587200e+16
4.624597619114609188e+03 2.026539612530495600e+16
4.624931187898446296e+03 2.026734623335200000e+16
4.625264756682282496e+03 2.026926374813728000e+16
4.625598325466119604e+03 2.027114885037905600e+16
4.625931894249956713e+03 2.027300172152873600e+16
4.626265463033793822e+03 2.027482254367704400e+16
4.626599031817630930e+03 2.027661149946144800e+16
4.626932600601467129e+03 2.027836877197462800e+16
4.627266169385304238e+03 2.028009454467431200e+16
4.627599738169140437e+03 2.028178900129423200e+16
4.627933306952977546e+03 2.028345232575653600e+16
4.628266875736814654e+03 2.028508470208544800e+16
4.628600444520651763e+03 2.028668631432242000e+16
4.628934013304488872e+03 2.028825734644273200e+16
4.629267582088325071e+03 2.028979798227345600e+16
4.629601150872162179e+03 2.029130840541312400e+16
4.629934719655999288e+03 2.029278879915284800e+16
4.630268288439836397e+03 2.029423934639905600e+16
4.630601857223673505e+03 2.029566022959787600e+16
4.630935426007509705e+03 2.029705163066122800e+16
4.631268994791346813e+03 2.029841373089459600e+16
4.631602563575183922e+03 2.029974671092644800e+16
4.631936132359020121e+03 2.030105075063961600e+16
4.632269701142857230e+03 2.030232602910429600e+16
4.632603269926694338e+03 2.030357272451291200e+16
4.632936838710531447e+03 2.030479101411692400e+16
4.633270407494368555e+03 2.030598107416534400e+16
4.633603976278204755e+03 2.030714307984534000e+16
4.633937545062041863e+03 2.030827720522457600e+16
4.634271113845878062e+03 2.030938362319562800e+16
4.634604682629715171e+03 2.031046250542230000e+16
4.634938251413552280e+03 2.031151402228788400e+16
4.635271820197389388e+03 2.031253834284549600e+16
4.635605388981226497e+03 2.031353563477038000e+16
4.635938957765062696e+03 2.031450606431418400e+16
4.636272526548899805e+03 2.031544979626139200e+16
4.636606095332736913e+03 2.031636699388765200e+16
4.636939664116574022e+03 2.031725781892032000e+16
4.637273232900411131e+03 2.031812243150090400e+16
4.637606801684247330e+03 2.031896099014972400e+16
4.637940370468084438e+03 2.031977365173259200e+16
4.638273939251921547e+03 2.032056057142949600e+16
4.638607508035757746e+03 2.032132190270552800e+16
4.638941076819594855e+03 2.032205779728379200e+16
4.639274645603431964e+03 2.032276840512041600e+16
4.639608214387269072e+03 2.032345387438166000e+16
4.639941783171106181e+03 2.032411435142312800e+16
4.640275351954942380e+03 2.032474998077099600e+16
4.640608920738779489e+03 2.032536090510548800e+16
4.640942489522616597e+03 2.032594726524613600e+16
4.641276058306453706e+03 2.032650920013945200e+16
4.641609627090290815e+03 2.032704684684831200e+16
4.641943195874127014e+03 2.032756034054371600e+16
4.642276764657964122e+03 2.032804981449835200e+16
4.642610333441800321e+03 2.032851540008224800e+16
4.642943902225637430e+03 2.032895722676052000e+16
4.643277471009474539e+03 2.032937542209304000e+16
4.643611039793311647e+03 2.032977011173606400e+16
4.643944608577148756e+03 2.033014141944595200e+16
4.644278177360984955e+03 2.033048946708471200e+16
4.644611746144822064e+03 2.033081437462758400e+16
4.644945314928659172e+03 2.033111626017245600e+16
4.645278883712496281e+03 2.033139523995118800e+16
4.645612452496333390e+03 2.033165142834294000e+16
4.645946021280169589e+03 2.033188493788914000e+16
4.646279590064006698e+03 2.033209587931046000e+16
4.646613158847843806e+03 2.033228436152550400e+16
4.646946727631680005e+03 2.033245049167130400e+16
4.647280296415517114e+03 2.033259437512561600e+16
4.647613865199354223e+03 2.033271611553086000e+16
4.647947433983191331e+03 2.033281581481980000e+16
4.648281002767028440e+03 2.033289357324294400e+16
4.648614571550864639e+03 2.033294948939752000e+16
4.648948140334701748e+03 2.033298366025807200e+16
4.649281709118538856e+03 2.033299618120872000e+16
4.649615277902375965e+03 2.033298714607683600e+16
4.649948846686213074e+03 2.033295664716838400e+16
4.650282415470049273e+03 2.033290477530460800e+16
4.650615984253886381e+03 2.033283161986028800e+16
4.650949553037722580e+03 2.033273726880335200e+16
4.651283121821559689e+03 2.033262180873585200e+16
4.651616690605396798e+03 2.033248532493636800e+16
4.651950259389233906e+03 2.033232790140361600e+16
4.652283828173071015e+03 2.033214962090144800e+16
4.652617396956907214e+03 2.033195056500494400e+16
4.652950965740744323e+03 2.033173081414783600e+16
4.653284534524581431e+03 2.033149044767099600e+16
4.653618103308418540e+03 2.033122954387212400e+16
4.653951672092255649e+03 2.033094818005643600e+16
4.654285240876091848e+03 2.033064643258840400e+16
4.654618809659928957e+03 2.033032437694458800e+16
4.654952378443766065e+03 2.032998208776726800e+16
4.655285947227602264e+03 2.032961963891914400e+16
4.655619516011439373e+03 2.032923710353881600e+16
4.655953084795276482e+03 2.032883455409709600e+16
4.656286653579113590e+03 2.032841206245420000e+16
4.656620222362950699e+03 2.032796969991754400e+16
4.656953791146786898e+03 2.032750753730037600e+16
4.657287359930624007e+03 2.032702564498102400e+16
4.657620928714460206e+03 2.032652409296267200e+16
4.657954497498297314e+03 2.032600295093389600e+16
4.658288066282134423e+03 2.032546228832953600e+16
4.658621635065971532e+03 2.032490217439215200e+16
4.658955203849808640e+03 2.032432267823396000e+16
4.659288772633644840e+03 2.032372386889903200e+16
4.659622341417481948e+03 2.032310581542600000e+16
4.659955910201319057e+03 2.032246858691094800e+16
4.660289478985156165e+03 2.032181225257062400e+16
4.660623047768993274e+03 2.032113688180588800e+16
4.660956616552829473e+03 2.032044254426526000e+16
4.661290185336666582e+03 2.031972930990873600e+16
4.661623754120503691e+03 2.031899724907147200e+16
4.661957322904339890e+03 2.031824643252775200e+16
4.662290891688176998e+03 2.031747693155482400e+16
4.662624460472014107e+03 2.031668881799665200e+16
4.662958029255851216e+03 2.031588216432770400e+16
4.663291598039688324e+03 2.031505704371648000e+16
4.663625166823524523e+03 2.031421353008898400e+16
4.663958735607361632e+03 2.031335169819189600e+16
4.664292304391198741e+03 2.031247162365545200e+16
4.664625873175035849e+03 2.031157338305616800e+16
4.664959441958872958e+03 2.031065705397904000e+16
4.665293010742709157e+03 2.030972271507948000e+16
4.665626579526546266e+03 2.030877044614479200e+16
4.665960148310382465e+03 2.030780032815512000e+16
4.666293717094219573e+03 2.030681244334400800e+16
4.666627285878056682e+03 2.030580687525827200e+16
4.666960854661893791e+03 2.030478370881735200e+16
4.667294423445730899e+03 2.030374303037210400e+16
4.667627992229567099e+03 2.030268492776275200e+16
4.667961561013404207e+03 2.030160949037631200e+16
4.668295129797241316e+03 2.030051680920315200e+16
4.668628698581078424e+03 2.029940697689283600e+16
4.668962267364915533e+03 2.029828008780913200e+16
4.669295836148751732e+03 2.029713623808418400e+16
4.669629404932588841e+03 2.029597552567172000e+16
4.669962973716425950e+03 2.029479805039950400e+16
4.670296542500262149e+03 2.029360391402065200e+16
4.670630111284099257e+03 2.029239322026408000e+16
4.670963680067936366e+03 2.029116607488389600e+16
4.671297248851773475e+03 2.028992258570773200e+16
4.671630817635610583e+03 2.028866286268399200e+16
4.671964386419446782e+03 2.028738701792803200e+16
4.672297955203283891e+03 2.028609516576713200e+16
4.672631523987121000e+03 2.028478742278438000e+16
4.672965092770958108e+03 2.028346390786128400e+16
4.673298661554795217e+03 2.028212474221919200e+16
4.673632230338631416e+03 2.028077004945948800e+16
4.673965799122468525e+03 2.027939995560247600e+16
4.674299367906304724e+03 2.027801458912497600e+16
4.674632936690141833e+03 2.027661408099665600e+16
4.674966505473978941e+03 2.027519856471488000e+16
4.675300074257816050e+03 2.027376817633838800e+16
4.675633643041653158e+03 2.027232305451940000e+16
4.675967211825489358e+03 2.027086334053445600e+16
4.676300780609326466e+03 2.026938917831378800e+16
4.676634349393163575e+03 2.026790071446918400e+16
4.676967918177000683e+03 2.026639809832052800e+16
4.677301486960836883e+03 2.026488148192073600e+16
4.677635055744673991e+03 2.026335102007930800e+16
4.677968624528511100e+03 2.026180687038435200e+16
4.678302193312348209e+03 2.026024919322302400e+16
4.678635762096184408e+03 2.025867815180050400e+16
4.678969330880021516e+03 2.025709391215750400e+16
4.679302899663858625e+03 2.025549664318606800e+16
4.679636468447695734e+03 2.025388651664395200e+16
4.679970037231532842e+03 2.025226370716738400e+16
4.680303606015369041e+03 2.025062839228229200e+16
4.680637174799206150e+03 2.024898075241388800e+16
4.680970743583042349e+03 2.024732097089472000e+16
4.681304312366879458e+03 2.024564923397120800e+16
4.681637881150716566e+03 2.024396573080843200e+16
4.681971449934553675e+03 2.024227065349345600e+16
4.682305018718390784e+03 2.024056419703702000e+16
4.682638587502226983e+03 2.023884655937368000e+16
4.682972156286064092e+03 2.023711794136030400e+16
4.683305725069901200e+03 2.023537854677300400e+16
4.683639293853738309e+03 2.023362858230246000e+16
4.683972862637575417e+03 2.023186825754776800e+16
4.684306431421411617e+03 2.023009778500856800e+16
4.684640000205248725e+03 2.022831738007568000e+16
4.684973568989085834e+03 2.022652726102018400e+16
4.685307137772922033e+03 2.022472764898090400e+16
4.685640706556759142e+03 2.022291876795036800e+16
4.685974275340596250e+03 2.022110084475928000e+16
4.686307844124433359e+03 2.021927410905930000e+16
4.686641412908270468e+03 2.021743879330452800e+16
4.686974981692106667e+03 2.021559513273130000e+16
4.687308550475943775e+03 2.021374336533656000e+16
4.687642119259780884e+03 2.021188373185480800e+16
4.687975688043617993e+03 2.021001647573347600e+16
4.688309256827455101e+03 2.020814184310690400e+16
4.688642825611291300e+03 2.020626008276889600e+16
4.688976394395128409e+03 2.020437144614380000e+16
4.689309963178964608e+03 2.020247618725624800e+16
4.689643531962801717e+03 2.020057456269951200e+16
4.689977100746638826e+03 2.019866683160235200e+16
4.690310669530475934e+03 2.019675325559476800e+16
4.690644238314313043e+03 2.019483409877218400e+16
4.690977807098149242e+03 2.019290962765844800e+16
4.691311375881986351e+03 2.019098011116752400e+16
4.691644944665823459e+03 2.018904582056388800e+16
4.691978513449660568e+03 2.018710702942169200e+16
4.692312082233497676e+03 2.018516401358279600e+16
4.692645651017333876e+03 2.018321705111336000e+16
4.692979219801170984e+03 2.018126642225957600e+16
4.693312788585008093e+03 2.017931240940200400e+16
4.693646357368844292e+03 2.017735529700884000e+16
4.693979926152681401e+03 2.017539537158818000e+16
4.694313494936518509e+03 2.017343292163904400e+16
4.694647063720354708e+03 2.017146823760153200e+16
4.694980632504192727e+03 2.016950161180574400e+16
4.695314201288028926e+03 2.016753333841983600e+16
4.695647770071866034e+03 2.016556371339713600e+16
4.695981338855703143e+03 2.016359303442218400e+16
4.696314907639540252e+03 2.016162160085587600e+16
4.696648476423376451e+03 2.015964971367986400e+16
4.696982045207214469e+03 2.015767767543987200e+16
4.697315613991050668e+03 2.015570579018831200e+16
4.697649182774886867e+03 2.015373436342609200e+16
4.697982751558723976e+03 2.015176370204350400e+16
4.698316320342561085e+03 2.014979411426059600e+16
4.698649889126398193e+03 2.014782590956651200e+16
4.698983457910234392e+03 2.014585939865844000e+16
4.699317026694072410e+03 2.014389489337971200e+16
4.699650595477908610e+03 2.014193270665714400e+16
4.699984164261745718e+03 2.013997315243820800e+16
4.700317733045582827e+03 2.013801654562706400e+16
4.700651301829419026e+03 2.013606320202041600e+16
4.700984870613256135e+03 2.013411343824272800e+16
4.701318439397092334e+03 2.013216757168088800e+16
4.701652008180930352e+03 2.013022592041849600e+16
4.701985576964766551e+03 2.012828880316962400e+16
4.702319145748603660e+03 2.012635653921222400e+16
4.702652714532440768e+03 2.012442944832109600e+16
4.702986283316277877e+03 2.012250785070057200e+16
4.703319852100114076e+03 2.012059206691678400e+16
4.703653420883952094e+03 2.011868241782969200e+16
4.703986989667788293e+03 2.011677922452475200e+16
4.704320558451624493e+03 2.011488280824452800e+16
4.704654127235461601e+03 2.011299349031983200e+16
4.704987696019298710e+03 2.011111159210082400e+16
4.705321264803135819e+03 2.010923743488792000e+16
4.705654833586972018e+03 2.010737133986252800e+16
4.705988402370810036e+03 2.010551362801776800e+16
4.706321971154646235e+03 2.010366462008888400e+16
4.706655539938483344e+03 2.010182463648388400e+16
4.706989108722320452e+03 2.009999399721387600e+16
4.707322677506157561e+03 2.009817302182355200e+16
4.707656246289993760e+03 2.009636202932168800e+16
4.707989815073829959e+03 2.009456133811152000e+16
4.708323383857667977e+03 2.009277126592140000e+16
4.708656952641504176e+03 2.009099212973532000e+16
4.708990521425341285e+03 2.008922424572376400e+16
4.709324090209178394e+03 2.008746792917452000e+16
4.709657658993015502e+03 2.008572349442364000e+16
4.709991227776851701e+03 2.008399125478676000e+16
4.710324796560689720e+03 2.008227152249040400e+16
4.710658365344525919e+03 2.008056460860361600e+16
4.710991934128363027e+03 2.007887082296982800e+16
4.711325502912199227e+03 2.007719047413898800e+16
4.711659071696037245e+03 2.007552386929991200e+16
4.711992640479873444e+03 2.007387131421297600e+16
4.712326209263709643e+03 2.007223311314323200e+16
4.712659778047547661e+03 2.007060956879362800e+16
4.712993346831383860e+03 2.006900098223883200e+16
4.713326915615220969e+03 2.006740765285926400e+16
4.713660484399058078e+03 2.006582987827564400e+16
4.713994053182895186e+03 2.006426795428380800e+16
4.714327621966731385e+03 2.006272217479016000e+16
4.714661190750568494e+03 2.006119283174738400e+16
4.714994759534405603e+03 2.005968021509070400e+16
4.715328328318242711e+03 2.005818461267455200e+16
4.715661897102078910e+03 2.005670631020994400e+16
4.715995465885916929e+03 2.005524559120206000e+16
4.716329034669753128e+03 2.005380273688859200e+16
4.716662603453589327e+03 2.005237802617849600e+16
4.716996172237427345e+03 2.005097173559140800e+16
4.717329741021263544e+03 2.004958413919749600e+16
4.717663309805100653e+03 2.004821550855801600e+16
4.717996878588936852e+03 2.004686611266640000e+16
4.718330447372774870e+03 2.004553621788996400e+16
4.718664016156611069e+03 2.004422608791218800e+16
4.718997584940448178e+03 2.004293598367579200e+16
4.719331153724285286e+03 2.004166616332620400e+16
4.719664722508122395e+03 2.004041688215587200e+16
4.719998291291958594e+03 2.003918839254920800e+16
4.720331860075796612e+03 2.003798094392814800e+16
4.720665428859632812e+03 2.003679478269841600e+16
4.720998997643469011e+03 2.003563015219652800e+16
4.721332566427306119e+03 2.003448729263746800e+16
4.721666135211143228e+03 2.003336644106307200e+16
4.721999703994980337e+03 2.003226783129109600e+16
4.722333272778816536e+03 2.003119169386513600e+16
4.722666841562654554e+03 2.003013825600516000e+16
4.723000410346490753e+03 2.002910774155882800e+16
4.723333979130327862e+03 2.002810037095360000e+16
4.723667547914164970e+03 2.002711636114956800e+16
4.724001116698001169e+03 2.002615592559303600e+16
4.724334685481838278e+03 2.002521927417096000e+16
4.724668254265674477e+03 2.002430661316604000e+16
4.725001823049512495e+03 2.002341814521276800e+16
4.725335391833348694e+03 2.002255406925406000e+16
4.725668960617185803e+03 2.002171458049888800e+16
4.726002529401022912e+03 2.002089987038058400e+16
4.726336098184860020e+03 2.002011012651601200e+16
4.726669666968696220e+03 2.001934553266551200e+16
4.727003235752534238e+03 2.001860626869377200e+16
4.727336804536370437e+03 2.001789251053132000e+16
4.727670373320206636e+03 2.001720443013705600e+16
4.728003942104043745e+03 2.001654219546151600e+16
4.728337510887880853e+03 2.001590597041095200e+16
4.728671079671717962e+03 2.001529591481228400e+16
4.729004648455554161e+03 2.001471218437893600e+16
4.729338217239392179e+03 2.001415493067743200e+16
4.729671786023228378e+03 2.001362430109491200e+16
4.730005354807065487e+03 2.001312043880744800e+16
4.730338923590902596e+03 2.001264348274932000e+16
4.730672492374739704e+03 2.001219356758296400e+16
4.731006061158575903e+03 2.001177082367000000e+16
4.731339629942412103e+03 2.001137537704293600e+16
4.731673198726250121e+03 2.001100734937791200e+16
4.732006767510086320e+03 2.001066685796810800e+16
4.732340336293923428e+03 2.001035401569828000e+16
4.732673905077760537e+03 2.001006893101988000e+16
4.733007473861597646e+03 2.000981170792732800e+16
4.733341042645433845e+03 2.000958244593497600e+16
4.733674611429271863e+03 2.000938124005498800e+16
4.734008180213108062e+03 2.000920818077619600e+16
4.734341748996945171e+03 2.000906335404369200e+16
4.734675317780781370e+03 2.000894684123944000e+16
4.735008886564619388e+03 2.000885871916367200e+16
4.735342455348455587e+03 2.000879906001722000e+16
4.735676024132291786e+03 2.000876793138479200e+16
4.736009592916129805e+03 2.000876539621898000e+16
4.736343161699966004e+03 2.000879151282533600e+16
4.736676730483803112e+03 2.000884633484820000e+16
4.737010299267640221e+03 2.000892991125758400e+16
4.737343868051477330e+03 2.000904228633671200e+16
4.737677436835313529e+03 2.000918349967076000e+16
4.738011005619150637e+03 2.000935358613620000e+16
4.738344574402987746e+03 2.000955257589123200e+16
4.738678143186824855e+03 2.000978049436706400e+16
4.739011711970661054e+03 2.001003736226006800e+16
4.739345280754499072e+03 2.001032319552489600e+16
4.739678849538335271e+03 2.001063800536839200e+16
4.740012418322171470e+03 2.001098179824455200e+16
4.740345987106009488e+03 2.001135457585031200e+16
4.740679555889845687e+03 2.001175633512215200e+16
4.741013124673682796e+03 2.001218706823382000e+16
4.741346693457518995e+03 2.001264676259477600e+16
4.741680262241357013e+03 2.001313540084962400e+16
4.742013831025193213e+03 2.001365296087843200e+16
4.742347399809030321e+03 2.001419941579800800e+16
4.742680968592867430e+03 2.001477473396403600e+16
4.743014537376704538e+03 2.001537887897408000e+16
4.743348106160540738e+03 2.001601180967165600e+16
4.743681674944378756e+03 2.001667348015108000e+16
4.744015243728214955e+03 2.001736383976321600e+16
4.744348812512051154e+03 2.001808283312227200e+16
4.744682381295888263e+03 2.001883040011341600e+16
4.745015950079725371e+03 2.001960647590131200e+16
4.745349518863562480e+03 2.002041099093955200e+16
4.745683087647398679e+03 2.002124387098111600e+16
4.746016656431236697e+03 2.002210503708963200e+16
4.746350225215072896e+03 2.002299440565157600e+16
4.746683793998910005e+03 2.002391188838942000e+16
4.747017362782747114e+03 2.002485739237574400e+16
4.747350931566583313e+03 2.002583082004814400e+16
4.747684500350420421e+03 2.002683206922518400e+16
4.748018069134256621e+03 2.002786103312316400e+16
4.748351637918094639e+03 2.002891760037392400e+16
4.748685206701930838e+03 2.003000165504345600e+16
4.749018775485767947e+03 2.003111307665150000e+16
4.749352344269605055e+03 2.003225174019207200e+16
4.749685913053442164e+03 2.003341751615484000e+16
4.750019481837278363e+03 2.003461027054755200e+16
4.750353050621116381e+03 2.003582986491924000e+16
4.750686619404952580e+03 2.003707615638443200e+16
4.751020188188788779e+03 2.003834899764826400e+16
4.751353756972625888e+03 2.003964823703254000e+16
4.751687325756462997e+03 2.004097371850263200e+16
4.752020894540300105e+03 2.004232528169541600e+16
4.752354463324136304e+03 2.004370276194802400e+16
4.752688032107974323e+03 2.004510599032758800e+16
4.753021600891810522e+03 2.004653479366180000e+16
4.753355169675647630e+03 2.004798899457058400e+16
4.753688738459484739e+03 2.004946841149845600e+16
4.754022307243321848e+03 2.005097285874793200e+16
4.754355876027158047e+03 2.005250214651382000e+16
4.754689444810994246e+03 2.005405608091843600e+16
4.755023013594832264e+03 2.005563446404770400e+16
4.755356582378668463e+03 2.005723709398816400e+16
4.755690151162505572e+03 2.005886376486492000e+16
4.756023719946342680e+03 2.006051426688052800e+16
4.756357288730179789e+03 2.006218838635455200e+16
4.756690857514015988e+03 2.006388590576441600e+16
4.757024426297854006e+03 2.006560660378680000e+16
4.757357995081690206e+03 2.006735025534009600e+16
4.757691563865527314e+03 2.006911663162771600e+16
4.758025132649363513e+03 2.007090550018232800e+16
4.758358701433201531e+03 2.007271662491094400e+16
4.758692270217037731e+03 2.007454976614081200e+16
4.759025839000873930e+03 2.007640468066635200e+16
4.759359407784711948e+03 2.007828112179685200e+16
4.759692976568548147e+03 2.008017883940501600e+16
4.760026545352385256e+03 2.008209757997644000e+16
4.760360114136222364e+03 2.008403708665996800e+16
4.760693682920059473e+03 2.008599709931878000e+16
4.761027251703895672e+03 2.008797735458242800e+16
4.761360820487732781e+03 2.008997758589974000e+16
4.761694389271569889e+03 2.009199752359244400e+16
4.762027958055406998e+03 2.009403689490974400e+16
4.762361526839243197e+03 2.009609542408362800e+16
4.762695095623081215e+03 2.009817283238509600e+16
4.763028664406917414e+03 2.010026883818103600e+16
4.763362233190753614e+03 2.010238315699215200e+16
4.763695801974591632e+03 2.010451550155140000e+16
4.764029370758427831e+03 2.010666558186344000e+16
4.764362939542264940e+03 2.010883310526476800e+16
4.764696508326101139e+03 2.011101777648458800e+16
4.765030077109939157e+03 2.011321929770660400e+16
4.765363645893775356e+03 2.011543736863132000e+16
4.765697214677612465e+03 2.011767168653930400e+16
4.766030783461449573e+03 2.011992194635513600e+16
4.766364352245286682e+03 2.012218784071190000e+16
4.766697921029122881e+03 2.012446906001672800e+16
4.767031489812960899e+03 2.012676529251670400e+16
4.767365058596797098e+03 2.012907622436568800e+16
4.767698627380633297e+03 2.013140153969172800e+16
4.768032196164470406e+03 2.013374092066514800e+16
4.768365764948307515e+03 2.013609404756735200e+16
4.768699333732144623e+03 2.013846059886008800e+16
4.769032902515980822e+03 2.014084025125565600e+16
4.769366471299818841e+03 2.014323267978744800e+16
4.769700040083655040e+03 2.014563755788117600e+16
4.770033608867492148e+03 2.014805455742677200e+16
4.770367177651329257e+03 2.015048334885081600e+16
4.770700746435165456e+03 2.015292360118942000e+16
4.771034315219002565e+03 2.015537498216185200e+16
4.771367884002838764e+03 2.015783715824452400e+16
4.771701452786676782e+03 2.016030979474561600e+16
4.772035021570512981e+03 2.016279255588003200e+16
4.772368590354350090e+03 2.016528510484509600e+16
4.772702159138187199e+03 2.016778710389644800e+16
4.773035727922024307e+03 2.017029821442454000e+16
4.773369296705860506e+03 2.017281809703152400e+16
4.773702865489698524e+03 2.017534641160859600e+16
4.774036434273534724e+03 2.017788281741359200e+16
4.774370003057370923e+03 2.018042697314916000e+16
4.774703571841208031e+03 2.018297853704111600e+16
4.775037140625045140e+03 2.018553716691723200e+16
4.775370709408882249e+03 2.018810252028632800e+16
4.775704278192718448e+03 2.019067425441759200e+16
4.776037846976556466e+03 2.019325202642034400e+16
4.776371415760392665e+03 2.019583549332376000e+16
4.776704984544229774e+03 2.019842431215722800e+16
4.777038553328066882e+03 2.020101814003053600e+16
4.777372122111903991e+03 2.020361663421449600e+16
4.777705690895740190e+03 2.020621945222165600e+16
4.778039259679576389e+03 2.020882625188710400e+16
4.778372828463414407e+03 2.021143669144956000e+16
4.778706397247250607e+03 2.021405042963236400e+16
4.779039966031087715e+03 2.021666712572471600e+16
4.779373534814924824e+03 2.021928643966286400e+16
4.779707103598761933e+03 2.022190803211133600e+16
4.780040672382598132e+03 2.022453156454428800e+16
4.780374241166436150e+03 2.022715669932665600e+16
4.780707809950272349e+03 2.022978309979542000e+16
4.781041378734109458e+03 2.023241043034073600e+16
4.781374947517945657e+03 2.023503835648698000e+16
4.781708516301783675e+03 2.023766654497368400e+16
4.782042085085619874e+03 2.024029466383633200e+16
4.782375653869456073e+03 2.024292238248699200e+16
4.782709222653294091e+03 2.024554937179477600e+16
4.783042791437130290e+03 2.024817530416602400e+16
4.783376360220967399e+03 2.025079985362432000e+16
4.783709929004803598e+03 2.025342269589016800e+16
4.784043497788641616e+03 2.025604350846046800e+16
4.784377066572477815e+03 2.025866197068753600e+16
4.784710635356314924e+03 2.026127776385790400e+16
4.785044204140152033e+03 2.026389057127070000e+16
4.785377772923989141e+03 2.026650007831557600e+16
4.785711341707825341e+03 2.026910597255029600e+16
4.786044910491663359e+03 2.027170794377782800e+16
4.786378479275499558e+03 2.027430568412292800e+16
4.786712048059335757e+03 2.027689888810828000e+16
4.787045616843172866e+03 2.027948725273008400e+16
4.787379185627009974e+03 2.028207047753303200e+16
4.787712754410847083e+03 2.028464826468473600e+16
4.788046323194683282e+03 2.028722031904957600e+16
4.788379891978521300e+03 2.028978634826188800e+16
4.788713460762357499e+03 2.029234606279839200e+16
4.789047029546194608e+03 2.029489917605012800e+16
4.789380598330031717e+03 2.029744540439347200e+16
4.789714167113868825e+03 2.029998446726050400e+16
4.790047735897705024e+03 2.030251608720862800e+16
4.790381304681541224e+03 2.030503998998932000e+16
4.790714873465379242e+03 2.030755590461614000e+16
4.791048442249215441e+03 2.031006356343179200e+16
4.791382011033052549e+03 2.031256270217442800e+16
4.791715579816889658e+03 2.031505306004299200e+16
4.792049148600726767e+03 2.031753437976156000e+16
4.792382717384562966e+03 2.032000640764297600e+16
4.792716286168400984e+03 2.032246889365121200e+16
4.793049854952237183e+03 2.032492159146294400e+16
4.793383423736074292e+03 2.032736425852805600e+16
4.793716992519910491e+03 2.032979665612905600e+16
4.794050561303747600e+03 2.033221854943949600e+16
4.794384130087584708e+03 2.033462970758121600e+16
4.794717698871420907e+03 2.033702990368055200e+16
4.795051267655258926e+03 2.033941891492342400e+16
4.795384836439095125e+03 2.034179652260914400e+16
4.795718405222932233e+03 2.034416251220318400e+16
4.796051974006769342e+03 2.034651667338872000e+16
4.796385542790606451e+03 2.034885880011684800e+16
4.796719111574442650e+03 2.035118869065575200e+16
4.797052680358279758e+03 2.035350614763837600e+16
4.797386249142116867e+03 2.035581097810911600e+16
4.797719817925953066e+03 2.035810299356886400e+16
4.798053386709790175e+03 2.036038201001904800e+16
4.798386955493627283e+03 2.036264784800420800e+16
4.798720524277464392e+03 2.036490033265315200e+16
4.799054093061300591e+03 2.036713929371890800e+16
4.799387661845138609e+03 2.036936456561716000e+16
4.799721230628974808e+03 2.037157598746333600e+16
4.800054799412811917e+03 2.037377340310830400e+16
4.800388368196648116e+03 2.037595666117260800e+16
4.800721936980486134e+03 2.037812561507925600e+16
4.801055505764322334e+03 2.038028012308510400e+16
4.801389074548158533e+03 2.038242004831069600e+16
4.801722643331996551e+03 2.038454525876872400e+16
4.802056212115832750e+03 2.038665562739086000e+16
4.802389780899669859e+03 2.038875103205324800e+16
4.802723349683506967e+03 2.039083135560037600e+16
4.803056918467344076e+03 2.039289648586736000e+16
4.803390487251180275e+03 2.039494631570096000e+16
4.803724056035017384e+03 2.039698074297873200e+16
4.804057624818854492e+03 2.039899967062687200e+16
4.804391193602691601e+03 2.040100300663638400e+16
4.804724762386527800e+03 2.040299066407772000e+16
4.805058331170365818e+03 2.040496256111389600e+16
4.805391899954202017e+03 2.040691862101193600e+16
4.805725468738038217e+03 2.040885877215286800e+16
4.806059037521876235e+03 2.041078294804003200e+16
4.806392606305712434e+03 2.041269108730585600e+16
4.806726175089549542e+03 2.041458313371705200e+16
4.807059743873385742e+03 2.041645903617823200e+16
4.807393312657223760e+03 2.041831874873387600e+16
4.807726881441059959e+03 2.042016223056877600e+16
4.808060450224897068e+03 2.042198944600691600e+16
4.808394019008734176e+03 2.042380036450866000e+16
4.808727587792571285e+03 2.042559496066648000e+16
4.809061156576407484e+03 2.042737321419899200e+16
4.809394725360245502e+03 2.042913510994355600e+16
4.809728294144081701e+03 2.043088063784708800e+16
4.810061862927917900e+03 2.043260979295556000e+16
4.810395431711755009e+03 2.043432257540171200e+16
4.810729000495592118e+03 2.043601899039137200e+16
4.811062569279429226e+03 2.043769904818810000e+16
4.811396138063265425e+03 2.043936276409635200e+16
4.811729706847103444e+03 2.044101015844315200e+16
4.812063275630939643e+03 2.044264125655810800e+16
4.812396844414776751e+03 2.044425608875204000e+16
4.812730413198613860e+03 2.044585469029404000e+16
4.813063981982450969e+03 2.044743710138700400e+16
4.813397550766287168e+03 2.044900336714179200e+16
4.813731119550123367e+03 2.045055353754972800e+16
4.814064688333961385e+03 2.045208766745389600e+16
4.814398257117797584e+03 2.045360581651865200e+16
4.814731825901634693e+03 2.045510804919807200e+16
4.815065394685471801e+03 2.045659443470270400e+16
4.815398963469308910e+03 2.045806504696496800e+16
4.815732532253145109e+03 2.045951996460332000e+16
4.816066101036983127e+03 2.046095927088479600e+16
4.816399669820819327e+03 2.046238305368643200e+16
4.816733238604656435e+03 2.046379140545516000e+16
4.817066807388492634e+03 2.046518442316652400e+16
4.817400376172329743e+03 2.046656220828194400e+16
4.817733944956166852e+03 2.046792486670483600e+16
4.818067513740003051e+03 2.046927250873540000e+16
4.818401082523841069e+03 2.047060524902408800e+16
4.818734651307677268e+03 2.047192320652401600e+16
4.819068220091514377e+03 2.047322650444196400e+16
4.819401788875351485e+03 2.047451527018840400e+16
4.819735357659188594e+03 2.047578963532610800e+16
4.820068926443024793e+03 2.047704973551787200e+16
4.820402495226861902e+03 2.047829571047293600e+16
4.820736064010699010e+03 2.047952770389238800e+16
4.821069632794535210e+03 2.048074586341343200e+16
4.821403201578372318e+03 2.048195034055266800e+16
4.821736770362209427e+03 2.048314129064830800e+16
4.822070339146046535e+03 2.048431887280134000e+16
4.822403907929882735e+03 2.048548324981583200e+16
4.822737476713720753e+03 2.048663458813813200e+16
4.823071045497556952e+03 2.048777305779520000e+16
4.823404614281394061e+03 2.048889883233211200e+16
4.823738183065230260e+03 2.049001208874847200e+16
4.824071751849068278e+03 2.049111300743421600e+16
4.824405320632904477e+03 2.049220177210433600e+16
4.824738889416740676e+03 2.049327856973306400e+16
4.825072458200578694e+03 2.049434359048702000e+16
4.825406026984414893e+03 2.049539702765767600e+16
4.825739595768252002e+03 2.049643907759329600e+16
4.826073164552089111e+03 2.049746993962984800e+16
4.826406733335926219e+03 2.049848981602145600e+16
4.826740302119762418e+03 2.049949891187011600e+16
4.827073870903599527e+03 2.050049743505491600e+16
4.827407439687436636e+03 2.050148559616040800e+16
4.827741008471273744e+03 2.050246360840464800e+16
4.828074577255109944e+03 2.050343168756662800e+16
4.828408146038947962e+03 2.050439005191311200e+16
4.828741714822784161e+03 2.050533892212507200e+16
4.829075283606620360e+03 2.050627852122365600e+16
4.829408852390458378e+03 2.050720907449564400e+16
4.829742421174294577e+03 2.050813080941859200e+16
4.830075989958131686e+03 2.050904395558556800e+16
4.830409558741967885e+03 2.050994874462947600e+16
4.830743127525805903e+03 2.051084541014713600e+16
4.831076696309642102e+03 2.051173418762297600e+16
4.831410265093479211e+03 2.051261531435256000e+16
4.831743833877316320e+03 2.051348902936577200e+16
4.832077402661153428e+03 2.051435557334980800e+16
4.832410971444989627e+03 2.051521518857198400e+16
4.832744540228827645e+03 2.051606811880244400e+16
4.833078109012663845e+03 2.051691460923647200e+16
4.833411677796500044e+03 2.051775490641710000e+16
4.833745246580337152e+03 2.051858925815720000e+16
4.834078815364174261e+03 2.051941791346179600e+16
4.834412384148011370e+03 2.052024112245025600e+16
4.834745952931847569e+03 2.052105913627836800e+16
4.835079521715685587e+03 2.052187220706063200e+16
4.835413090499521786e+03 2.052268058779236400e+16
4.835746659283358895e+03 2.052348453227201200e+16
4.836080228067196003e+03 2.052428429502354400e+16
4.836413796851033112e+03 2.052508013121880000e+16
4.836747365634869311e+03 2.052587229660018800e+16
4.837080934418705510e+03 2.052666104740333600e+16
4.837414503202543528e+03 2.052744664028011200e+16
4.837748071986379728e+03 2.052822933222162400e+16
4.838081640770216836e+03 2.052900938048167600e+16
4.838415209554053945e+03 2.052978704250029600e+16
4.838748778337891054e+03 2.053056257582755200e+16
4.839082347121727253e+03 2.053133623804781600e+16
4.839415915905565271e+03 2.053210828670411200e+16
4.839749484689401470e+03 2.053287897922292400e+16
4.840083053473238579e+03 2.053364857283937200e+16
4.840416622257074778e+03 2.053441732452268800e+16
4.840750191040911886e+03 2.053518549090214800e+16
4.841083759824748995e+03 2.053595332819332800e+16
4.841417328608585194e+03 2.053672109212494400e+16
4.841750897392423212e+03 2.053748903786598400e+16
4.842084466176259411e+03 2.053825741995338800e+16
4.842418034960096520e+03 2.053902649222024000e+16
4.842751603743933629e+03 2.053979650772440800e+16
4.843085172527770737e+03 2.054056771867770800e+16
4.843418741311606937e+03 2.054134037637570400e+16
4.843752310095444045e+03 2.054211473112794400e+16
4.844085878879281154e+03 2.054289103218882800e+16
4.844419447663117353e+03 2.054366952768909600e+16
4.844753016446954462e+03 2.054445046456786000e+16
4.845086585230791570e+03 2.054523408850533600e+16
4.845420154014628679e+03 2.054602064385610000e+16
4.845753722798464878e+03 2.054681037358316800e+16
4.846087291582302896e+03 2.054760351919256400e+16
4.846420860366139095e+03 2.054840032066867200e+16
4.846754429149976204e+03 2.054920101641026800e+16
4.847087997933812403e+03 2.055000584316728000e+16
4.847421566717650421e+03 2.055081503597824000e+16
4.847755135501486620e+03 2.055162882810841200e+16
4.848088704285322819e+03 2.055244745098883600e+16
4.848422273069160838e+03 2.055327113415600000e+16
4.848755841852997037e+03 2.055410010519224800e+16
4.849089410636834145e+03 2.055493458966713600e+16
4.849422979420671254e+03 2.055577481107941600e+16
4.849756548204508363e+03 2.055662099079991600e+16
4.850090116988344562e+03 2.055747334801523200e+16
4.850423685772181670e+03 2.055833209967218800e+16
4.850757254556018779e+03 2.055919746042320000e+16
4.851090823339855888e+03 2.056006964257240000e+16
4.851424392123692087e+03 2.056094885602272000e+16
4.851757960907530105e+03 2.056183530822379200e+16
4.852091529691366304e+03 2.056272920412062400e+16
4.852425098475202503e+03 2.056363074610331200e+16
4.852758667259040521e+03 2.056454013395757200e+16
4.853092236042876721e+03 2.056545756481608800e+16
4.853425804826713829e+03 2.056638323311088000e+16
4.853759373610550028e+03 2.056731733052656400e+16
4.854092942394388047e+03 2.056826004595438800e+16
4.854426511178224246e+03 2.056921156544736800e+16
4.854760079962061354e+03 2.057017207217626000e+16
4.855093648745898463e+03 2.057114174638648800e+16
4.855427217529735572e+03 2.057212076535592800e+16
4.855760786313571771e+03 2.057310930335379200e+16
4.856094355097409789e+03 2.057410753160031200e+16
4.856427923881245988e+03 2.057511561822744000e+16
4.856761492665082187e+03 2.057613372824052000e+16
4.857095061448919296e+03 2.057716202348088800e+16
4.857428630232756404e+03 2.057820066258940800e+16
4.857762199016593513e+03 2.057924980097102400e+16
4.858095767800429712e+03 2.058030959076031200e+16
4.858429336584267730e+03 2.058138018078792800e+16
4.858762905368103930e+03 2.058246171654797600e+16
4.859096474151941038e+03 2.058355434016664800e+16
4.859430042935778147e+03 2.058465819037144800e+16
4.859763611719615255e+03 2.058577340246163600e+16
4.860097180503451455e+03 2.058690010827969600e+16
4.860430749287287654e+03 2.058803843618357600e+16
4.860764318071125672e+03 2.058918851102014800e+16
4.861097886854961871e+03 2.059035045409948800e+16
4.861431455638798980e+03 2.059152438317024000e+16
4.861765024422636088e+03 2.059271041239592800e+16
4.862098593206473197e+03 2.059390865233227200e+16
4.862432161990309396e+03 2.059511920990551200e+16
4.862765730774147414e+03 2.059634218839170400e+16
4.863099299557983613e+03 2.059757768739694400e+16
4.863432868341820722e+03 2.059882580283876000e+16
4.863766437125656921e+03 2.060008662692834400e+16
4.864100005909494030e+03 2.060136024815377600e+16
4.864433574693331138e+03 2.060264675126430400e+16
4.864767143477167338e+03 2.060394621725565200e+16
4.865100712261005356e+03 2.060525872335612800e+16
4.865434281044841555e+03 2.060658434301396000e+16
4.865767849828678663e+03 2.060792314588542400e+16
4.866101418612515772e+03 2.060927519782412800e+16
4.866434987396352881e+03 2.061064056087105600e+16
4.866768556180189080e+03 2.061201929324582000e+16
4.867102124964026189e+03 2.061341144933880800e+16
4.867435693747863297e+03 2.061481707970419600e+16
4.867769262531699496e+03 2.061623623105410400e+16
4.868102831315536605e+03 2.061766894625367200e+16
4.868436400099373714e+03 2.061911526431705600e+16
4.868769968883210822e+03 2.062057522040436800e+16
4.869103537667047021e+03 2.062204884581976400e+16
4.869437106450885040e+03 2.062353616801027200e+16
4.869770675234721239e+03 2.062503721056567600e+16
4.870104244018558347e+03 2.062655199321940000e+16
4.870437812802394546e+03 2.062808053185022400e+16
4.870771381586232565e+03 2.062962283848512400e+16
4.871104950370068764e+03 2.063117892130280400e+16
4.871438519153904963e+03 2.063274878463842800e+16
4.871772087937742981e+03 2.063433242898921600e+16
4.872105656721579180e+03 2.063592985102076000e+16
4.872439225505416289e+03 2.063754104357461600e+16
4.872772794289253397e+03 2.063916599567658400e+16
4.873106363073090506e+03 2.064080469254594000e+16
4.873439931856926705e+03 2.064245711560568400e+16
4.873773500640763814e+03 2.064412324249357600e+16
4.874107069424600923e+03 2.064580304707419200e+16
4.874440638208438031e+03 2.064749649945173600e+16
4.874774206992274230e+03 2.064920356598394000e+16
4.875107775776112248e+03 2.065092420929667200e+16
4.875441344559948448e+03 2.065265838829958400e+16
4.875774913343784647e+03 2.065440605820247200e+16
4.876108482127622665e+03 2.065616717053271600e+16
4.876442050911458864e+03 2.065794167315337600e+16
4.876775619695295973e+03 2.065972951028234800e+16
4.877109188479132172e+03 2.066153062251221600e+16
4.877442757262970190e+03 2.066334494683107200e+16
4.877776326046806389e+03 2.066517241664409600e+16
4.878109894830643498e+03 2.066701296179603600e+16
4.878443463614480606e+03 2.066886650859455200e+16
4.878777032398317715e+03 2.067073297983418000e+16
4.879110601182153914e+03 2.067261229482142400e+16
4.879444169965991932e+03 2.067450436940046800e+16
4.879777738749828131e+03 2.067640911597964800e+16
4.880111307533664331e+03 2.067832644355890400e+16
4.880444876317501439e+03 2.068025625775786000e+16
4.880778445101338548e+03 2.068219846084478400e+16
4.881112013885175656e+03 2.068415295176624800e+16
4.881445582669011856e+03 2.068611962617766000e+16
4.881779151452849874e+03 2.068809837647441200e+16
4.882112720236686073e+03 2.069008909182392800e+16
4.882446289020523182e+03 2.069209165819831600e+16
4.882779857804360290e+03 2.069410595840792800e+16
4.883113426588197399e+03 2.069613187213541600e+16
4.883446995372033598e+03 2.069816927597071600e+16
4.883780564155869797e+03 2.070021804344665200e+16
4.884114132939707815e+03 2.070227804507522800e+16
4.884447701723544014e+03 2.070434914838456000e+16
4.884781270507381123e+03 2.070643121795666400e+16
4.885114839291218232e+03 2.070852411546574800e+16
4.885448408075055340e+03 2.071062769971719600e+16
4.885781976858891539e+03 2.071274182668726800e+16
4.886115545642729558e+03 2.071486634956337200e+16
4.886449114426565757e+03 2.071700111878499200e+16
4.886782683210402865e+03 2.071914598208526800e+16
4.887116251994239065e+03 2.072130078453310800e+16
4.887449820778076173e+03 2.072346536857596800e+16
4.887783389561913282e+03 2.072563957408315200e+16
4.888116958345749481e+03 2.072782323838979200e+16
4.888450527129587499e+03 2.073001619634127600e+16
4.888784095913423698e+03 2.073221828033827200e+16
4.889117664697260807e+03 2.073442932038234800e+16
4.889451233481097916e+03 2.073664914412203200e+16
4.889784802264935024e+03 2.073887757689940000e+16
4.890118371048771223e+03 2.074111444179723600e+16
4.890451939832608332e+03 2.074335955968662400e+16
4.890785508616445441e+03 2.074561274927502000e+16
4.891119077400281640e+03 2.074787382715480000e+16
4.891452646184118748e+03 2.075014260785225600e+16
4.891786214967955857e+03 2.075241890387706400e+16
4.892119783751792966e+03 2.075470252577204000e+16
4.892453352535629165e+03 2.075699328216353600e+16
4.892786921319467183e+03 2.075929097981203600e+16
4.893120490103303382e+03 2.076159542366316800e+16
4.893454058887140491e+03 2.076390641689920400e+16
4.893787627670976690e+03 2.076622376099069600e+16
4.894121196454814708e+03 2.076854725574872400e+16
4.894454765238650907e+03 2.077087669937716800e+16
4.894788334022487106e+03 2.077321188852555200e+16
4.895121902806325124e+03 2.077555261834201200e+16
4.895455471590161324e+03 2.077789868252656000e+16
4.895789040373998432e+03 2.078024987338472800e+16
4.896122609157835541e+03 2.078260598188124000e+16
4.896456177941672649e+03 2.078496679769417200e+16
4.896789746725508849e+03 2.078733210926909200e+16
4.897123315509345957e+03 2.078970170387353600e+16
4.897456884293183066e+03 2.079207536765161600e+16
4.897790453077020175e+03 2.079445288567875200e+16
4.898124021860856374e+03 2.079683404201665600e+16
4.898457590644694392e+03 2.079921861976832400e+16
4.898791159428530591e+03 2.080160640113321200e+16
4.899124728212366790e+03 2.080399716746244400e+16
4.899458296996204808e+03 2.080639069931422800e+16
4.899791865780041007e+03 2.080878677650911200e+16
4.900125434563878116e+03 2.081118517818549200e+16
4.900459003347714315e+03 2.081358568285502400e+16
4.900792572131552333e+03 2.081598806845806800e+16
4.901126140915388532e+03 2.081839211241911200e+16
4.901459709699225641e+03 2.082079759170216000e+16
4.901793278483062750e+03 2.082320428286612800e+16
4.902126847266899858e+03 2.082561196212004800e+16
4.902460416050736058e+03 2.082802040537831200e+16
4.902793984834574076e+03 2.083042938831574800e+16
4.903127553618410275e+03 2.083283868642251600e+16
4.903461122402246474e+03 2.083524807505902400e+16
4.903794691186083583e+03 2.083765732951047600e+16
4.904128259969920691e+03 2.084006622504143200e+16
4.904461828753757800e+03 2.084247453694996800e+16
4.904795397537593999e+03 2.084488204062184800e+16
4.905128966321432017e+03 2.084728851158426000e+16
4.905462535105268216e+03 2.084969372555935200e+16
4.905796103889105325e+03 2.085209745851758800e+16
4.906129672672942434e+03 2.085449948673067200e+16
4.906463241456779542e+03 2.085689958682422400e+16
4.906796810240615741e+03 2.085929753583013600e+16
4.907130379024451940e+03 2.086169311123857600e+16
4.907463947808289959e+03 2.086408609104957600e+16
4.907797516592126158e+03 2.086647625382426000e+16
4.908131085375963266e+03 2.086886337873568800e+16
4.908464654159800375e+03 2.087124724561927200e+16
4.908798222943637484e+03 2.087362763502266400e+16
4.909131791727473683e+03 2.087600432825534800e+16
4.909465360511311701e+03 2.087837710743757600e+16
4.909798929295147900e+03 2.088074575554891200e+16
4.910132498078985009e+03 2.088311005647623600e+16
4.910466066862821208e+03 2.088546979506123200e+16
4.910799635646658317e+03 2.088782475714728400e+16
4.911133204430495425e+03 2.089017472962580400e+16
4.911466773214331624e+03 2.089251950048205600e+16
4.911800341998169642e+03 2.089485885884028400e+16
4.912133910782005842e+03 2.089719259500826400e+16
4.912467479565842950e+03 2.089952050052120000e+16
4.912801048349680059e+03 2.090184236818502000e+16
4.913134617133517168e+03 2.090415799211894000e+16
4.913468185917353367e+03 2.090646716779736800e+16
4.913801754701190475e+03 2.090876969209115200e+16
4.914135323485027584e+03 2.091106536330804400e+16
4.914468892268863783e+03 2.091335398123246000e+16
4.914802461052700892e+03 2.091563534716455600e+16
4.915136029836538000e+03 2.091790926395846000e+16
4.915469598620375109e+03 2.092017553605972800e+16
4.915803167404211308e+03 2.092243396954216800e+16
4.916136736188049326e+03 2.092468437214368000e+16
4.916470304971885525e+03 2.092692655330130800e+16
4.916803873755722634e+03 2.092916032418567600e+16
4.917137442539558833e+03 2.093138549773427200e+16
4.917471011323396851e+03 2.093360188868416400e+16
4.917804580107233051e+03 2.093580931360364400e+16
4.918138148891069250e+03 2.093800759092317200e+16
4.918471717674907268e+03 2.094019654096534000e+16
4.918805286458743467e+03 2.094237598597396000e+16
4.919138855242580576e+03 2.094454575014230000e+16
4.919472424026417684e+03 2.094670565964032400e+16
4.919805992810254793e+03 2.094885554264110400e+16
4.920139561594090992e+03 2.095099522934627600e+16
4.920473130377928101e+03 2.095312455201051600e+16
4.920806699161765209e+03 2.095524334496519200e+16
4.921140267945602318e+03 2.095735144464088800e+16
4.921473836729438517e+03 2.095944868958913600e+16
4.921807405513276535e+03 2.096153492050317600e+16
4.922140974297112734e+03 2.096360998023760400e+16
4.922474543080948933e+03 2.096567371382723600e+16
4.922808111864786952e+03 2.096772596850488400e+16
4.923141680648623151e+03 2.096976659371817600e+16
4.923475249432460259e+03 2.097179544114544800e+16
4.923808818216296459e+03 2.097381236471054800e+16
4.924142387000134477e+03 2.097581722059679200e+16
4.924475955783970676e+03 2.097780986725978400e+16
4.924809524567807784e+03 2.097979016543939200e+16
4.925143093351644893e+03 2.098175797817061200e+16
4.925476662135482002e+03 2.098371317079354000e+16
4.925810230919318201e+03 2.098565561096228000e+16
4.926143799703156219e+03 2.098758516865298800e+16
4.926477368486992418e+03 2.098950171617068800e+16
4.926810937270828617e+03 2.099140512815544800e+16
4.927144506054665726e+03 2.099329528158726000e+16
4.927478074838502835e+03 2.099517205579016400e+16
4.927811643622339943e+03 2.099703533243523200e+16
4.928145212406176142e+03 2.099888499554277600e+16
4.928478781190014161e+03 2.100072093148343200e+16
4.928812349973850360e+03 2.100254302897827600e+16
4.929145918757687468e+03 2.100435117909822800e+16
4.929479487541524577e+03 2.100614527526220400e+16
4.929813056325361686e+03 2.100792521323451200e+16
4.930146625109197885e+03 2.100969089112132000e+16
4.930480193893034084e+03 2.101144220936615200e+16
4.930813762676872102e+03 2.101317907074450400e+16
4.931147331460708301e+03 2.101490138035748400e+16
4.931480900244545410e+03 2.101660904562471600e+16
4.931814469028382518e+03 2.101830197627624800e+16
4.932148037812219627e+03 2.101998008434360800e+16
4.932481606596055826e+03 2.102164328415004000e+16
4.932815175379893844e+03 2.102329149229987200e+16
4.933148744163730044e+03 2.102492462766701200e+16
4.933482312947567152e+03 2.102654261138274800e+16
4.933815881731403351e+03 2.102814536682258800e+16
4.934149450515240460e+03 2.102973281959248800e+16
4.934483019299077569e+03 2.103130489751408000e+16
4.934816588082913768e+03 2.103286153060934800e+16
4.935150156866751786e+03 2.103440265108449600e+16
4.935483725650587985e+03 2.103592819331297600e+16
4.935817294434425094e+03 2.103743809381796800e+16
4.936150863218262202e+03 2.103893229125408800e+16
4.936484432002099311e+03 2.104041072638839200e+16
4.936818000785935510e+03 2.104187334208076000e+16
4.937151569569772619e+03 2.104332008326365600e+16
4.937485138353609727e+03 2.104475089692115600e+16
4.937818707137445926e+03 2.104616573206753600e+16
4.938152275921283035e+03 2.104756453972513600e+16
4.938485844705120144e+03 2.104894727290172000e+16
4.938819413488957252e+03 2.105031388656725200e+16
4.939152982272793452e+03 2.105166433763021200e+16
4.939486551056631470e+03 2.105299858491333600e+16
4.939820119840467669e+03 2.105431658912886000e+16
4.940153688624304777e+03 2.105561831285334400e+16
4.940487257408140977e+03 2.105690372050211200e+16
4.940820826191978995e+03 2.105817277830311200e+16
4.941154394975815194e+03 2.105942545427044000e+16
4.941487963759651393e+03 2.106066171817760800e+16
4.941821532543489411e+03 2.106188154153023200e+16
4.942155101327325610e+03 2.106308489753855600e+16
4.942488670111162719e+03 2.106427176108959200e+16
4.942822238894999828e+03 2.106544210871899600e+16
4.943155807678836936e+03 2.106659591858261600e+16
4.943489376462673135e+03 2.106773317042790400e+16
4.943822945246510244e+03 2.106885384556497200e+16
4.944156514030347353e+03 2.106995792683758400e+16
4.944490082814184461e+03 2.107104539859380800e+16
4.944823651598020660e+03 2.107211624665671200e+16
4.945157220381858679e+03 2.107317045829477200e+16
4.945490789165694878e+03 2.107420802219213600e+16
4.945824357949531077e+03 2.107522892841908800e+16
4.946157926733369095e+03 2.107623316840210000e+16
4.946491495517205294e+03 2.107722073489400000e+16
4.946825064301042403e+03 2.107819162194418800e+16
4.947158633084878602e+03 2.107914582486874400e+16
4.947492201868716620e+03 2.108008334022063200e+16
4.947825770652552819e+03 2.108100416575991200e+16
4.948159339436389928e+03 2.108190830042405200e+16
4.948492908220227037e+03 2.108279574429842000e+16
4.948826477004064145e+03 2.108366649858664800e+16
4.949160045787900344e+03 2.108452056558145600e+16
4.949493614571738362e+03 2.108535794863545600e+16
4.949827183355574562e+03 2.108617865213204400e+16
4.950160752139410761e+03 2.108698268145684000e+16
4.950494320923247869e+03 2.108777004296897600e+16
4.950827889707084978e+03 2.108854074397292000e+16
4.951161458490922087e+03 2.108929479269034400e+16
4.951495027274758286e+03 2.109003219823254400e+16
4.951828596058596304e+03 2.109075297057291200e+16
4.952162164842432503e+03 2.109145712051990000e+16
4.952495733626269612e+03 2.109214465969030800e+16
4.952829302410106720e+03 2.109281560048294400e+16
4.953162871193943829e+03 2.109346995605259200e+16
4.953496439977780028e+03 2.109410774028464000e+16
4.953830008761616227e+03 2.109472896776976000e+16
4.954163577545454245e+03 2.109533365377941600e+16
4.954497146329290445e+03 2.109592181424156400e+16
4.954830715113127553e+03 2.109649346571702000e+16
4.955164283896964662e+03 2.109704862537617600e+16
4.955497852680801770e+03 2.109758731097641600e+16
4.955831421464637970e+03 2.109810954083985200e+16
4.956164990248475078e+03 2.109861533383185600e+16
4.956498559032312187e+03 2.109910470933992800e+16
4.956832127816149296e+03 2.109957768725328800e+16
4.957165696599985495e+03 2.110003428794304800e+16
4.957499265383822603e+03 2.110047453224295600e+16
4.957832834167659712e+03 2.110089844143082400e+16
4.958166402951495911e+03 2.110130603721048800e+16
4.958499971735333929e+03 2.110169734169461600e+16
4.958833540519170128e+03 2.110207237738792800e+16
4.959167109303007237e+03 2.110243116717133200e+16
4.959500678086843436e+03 2.110277373428656800e+16
4.959834246870681454e+03 2.110310010232172400e+16
4.960167815654517653e+03 2.110341029519721200e+16
4.960501384438354762e+03 2.110370433715280000e+16
4.960834953222191871e+03 2.110398225273506400e+16
4.961168522006028070e+03 2.110424406678573600e+16
4.961502090789865179e+03 2.110448980443082800e+16
4.961835659573702287e+03 2.110471949107039200e+16
4.962169228357539396e+03 2.110493315236910400e+16
4.962502797141375595e+03 2.110513081424766400e+16
4.962836365925212704e+03 2.110531250287489600e+16
4.963169934709049812e+03 2.110547824466066000e+16
4.963503503492886921e+03 2.110562806624952800e+16
4.963837072276723120e+03 2.110576199451532000e+16
4.964170641060561138e+03 2.110588005655636000e+16
4.964504209844397337e+03 2.110598227969150400e+16
4.964837778628233536e+03 2.110606869145711200e+16
4.965171347412071555e+03 2.110613931960466400e+16
4.965504916195907754e+03 2.110619419209926800e+16
4.965838484979744862e+03 2.110623333711891600e+16
4.966172053763581062e+03 2.110625678305464400e+16
4.966505622547419080e+03 2.110626455851139600e+16
4.966839191331255279e+03 2.110625669230972000e+16
4.967172760115092387e+03 2.110623321348826800e+16
4.967506328898929496e+03 2.110619415130719200e+16
4.967839897682766605e+03 2.110613953525215200e+16
4.968173466466602804e+03 2.110606939503928400e+16
4.968507035250440822e+03 2.110598376062088000e+16
4.968840604034277021e+03 2.110588266219188000e+16
4.969174172818113220e+03 2.110576613019713600e+16
4.969507741601950329e+03 2.110563419533952000e+16
4.969841310385787438e+03 2.110548688858868400e+16
4.970174879169624546e+03 2.110532424119063600e+16
4.970508447953460745e+03 2.110514628467820000e+16
4.970842016737298763e+03 2.110495305088200000e+16
4.971175585521134963e+03 2.110474457194236000e+16
4.971509154304972071e+03 2.110452088032190400e+16
4.971842723088809180e+03 2.110428200881886400e+16
4.972176291872646289e+03 2.110402799058104000e+16
4.972509860656482488e+03 2.110375885912062400e+16
4.972843429440318687e+03 2.110347464832954800e+16
4.973176998224156705e+03 2.110317539249571200e+16
4.973510567007992904e+03 2.110286112631960800e+16
4.973844135791830013e+03 2.110253188493189600e+16
4.974177704575667121e+03 2.110218770391147200e+16
4.974511273359504230e+03 2.110182861930415200e+16
4.974844842143340429e+03 2.110145466764207200e+16
4.975178410927178447e+03 2.110106588596364000e+16
4.975511979711014646e+03 2.110066231183403600e+16
4.975845548494851755e+03 2.110024398336642000e+16
4.976179117278687954e+03 2.109981093924354000e+16
4.976512686062525972e+03 2.109936321874003200e+16
4.976846254846362172e+03 2.109890086174513600e+16
4.977179823630198371e+03 2.109842390878599200e+16
4.977513392414036389e+03 2.109793240105143600e+16
4.977846961197872588e+03 2.109742638041617200e+16
4.978180529981709697e+03 2.109690588946556000e+16
4.978514098765546805e+03 2.109637097152072800e+16
4.978847667549383914e+03 2.109582167066414000e+16
4.979181236333220113e+03 2.109525803176556800e+16
4.979514805117057222e+03 2.109468010050847600e+16
4.979848373900894330e+03 2.109408792341672400e+16
4.980181942684731439e+03 2.109348154788158800e+16
4.980515511468567638e+03 2.109286102218924000e+16
4.980849080252404747e+03 2.109222639554833200e+16
4.981182649036241855e+03 2.109157771811806000e+16
4.981516217820078055e+03 2.109091504103634400e+16
4.981849786603916073e+03 2.109023841644827200e+16
4.982183355387752272e+03 2.108954789753484000e+16
4.982516924171589380e+03 2.108884353854181600e+16
4.982850492955425580e+03 2.108812539480877600e+16
4.983184061739263598e+03 2.108739352279827200e+16
4.983517630523099797e+03 2.108664798012521600e+16
4.983851199306935996e+03 2.108588882558628000e+16
4.984184768090774014e+03 2.108511611918941600e+16
4.984518336874610213e+03 2.108432992218337200e+16
4.984851905658447322e+03 2.108353029708738400e+16
4.985185474442284431e+03 2.108271730772072800e+16
4.985519043226121539e+03 2.108189101923225200e+16
4.985852612009957738e+03 2.108105149813008800e+16
4.986186180793794847e+03 2.108019881231097600e+16
4.986519749577631956e+03 2.107933303108984000e+16
4.986853318361469064e+03 2.107845422522894800e+16
4.987186887145305263e+03 2.107756246696715200e+16
4.987520455929143282e+03 2.107665783004890800e+16
4.987854024712979481e+03 2.107574038975303200e+16
4.988187593496815680e+03 2.107481022292140000e+16
4.988521162280653698e+03 2.107386740798728800e+16
4.988854731064489897e+03 2.107291202500355200e+16
4.989188299848327006e+03 2.107194415567042800e+16
4.989521868632163205e+03 2.107096388336314400e+16
4.989855437416001223e+03 2.106997129315910400e+16
4.990189006199837422e+03 2.106896647186478800e+16
4.990522574983674531e+03 2.106794950804228400e+16
4.990856143767511639e+03 2.106692049203536000e+16
4.991189712551348748e+03 2.106587951599510400e+16
4.991523281335184947e+03 2.106482667390527200e+16
4.991856850119022965e+03 2.106376206160702000e+16
4.992190418902859165e+03 2.106268577682310400e+16
4.992523987686695364e+03 2.106159791918177600e+16
4.992857556470532472e+03 2.106049859023994000e+16
4.993191125254369581e+03 2.105938789350584000e+16
4.993524694038206690e+03 2.105826593446113600e+16
4.993858262822042889e+03 2.105713282058242400e+16
4.994191831605880907e+03 2.105598866136209600e+16
4.994525400389717106e+03 2.105483356832848000e+16
4.994858969173554215e+03 2.105366765506553600e+16
4.995192537957391323e+03 2.105249103723157200e+16
4.995526106741228432e+03 2.105130383257747200e+16
4.995859675525064631e+03 2.105010616096407600e+16
4.996193244308900830e+03 2.104889814437893200e+16
4.996526813092738848e+03 2.104767990695206400e+16
4.996860381876575047e+03 2.104645157497120000e+16
4.997193950660412156e+03 2.104521327689604000e+16
4.997527519444249265e+03 2.104396514337174400e+16
4.997861088228086373e+03 2.104270730724153200e+16
4.998194657011922573e+03 2.104143990355852000e+16
4.998528225795760591e+03 2.104016306959659600e+16
4.998861794579596790e+03 2.103887694486035200e+16
4.999195363363433898e+03 2.103758167109431600e+16
4.999528932147270098e+03 2.103627739229098400e+16
4.999862500931108116e+03 2.103496425469812000e+16
5.000196069714944315e+03 2.103364240682495200e+16
5.000529638498780514e+03 2.103231199944750400e+16
5.000863207282618532e+03 2.103097318561292800e+16
5.001196776066454731e+03 2.102962612064270400e+16
5.001530344850291840e+03 2.102827096213502400e+16
5.001863913634128949e+03 2.102690786996601200e+16
5.002197482417966057e+03 2.102553700628996000e+16
5.002531051201802256e+03 2.102415853553848000e+16
5.002864619985639365e+03 2.102277262441864800e+16
5.003198188769476474e+03 2.102137944191006000e+16
5.003531757553313582e+03 2.101997915926072000e+16
5.003865326337149781e+03 2.101857194998204000e+16
5.004198895120986890e+03 2.101715798984248000e+16
5.004532463904823999e+03 2.101573745686035600e+16
5.004866032688660198e+03 2.101431053129525600e+16
5.005199601472498216e+03 2.101287739563864000e+16
5.005533170256334415e+03 2.101143823460299200e+16
5.005866739040171524e+03 2.100999323511009600e+16
5.006200307824007723e+03 2.100854258627808400e+16
5.006533876607845741e+03 2.100708647940726400e+16
5.006867445391681940e+03 2.100562510796494400e+16
5.007201014175518139e+03 2.100415866756901600e+16
5.007534582959356158e+03 2.100268735597040400e+16
5.007868151743192357e+03 2.100121137303435600e+16
5.008201720527029465e+03 2.099973092072063200e+16
5.008535289310866574e+03 2.099824620306244400e+16
5.008868858094703683e+03 2.099675742614434000e+16
5.009202426878539882e+03 2.099526479807884800e+16
5.009535995662376990e+03 2.099376852898200800e+16
5.009869564446214099e+03 2.099226883094778000e+16
5.010203133230051208e+03 2.099076591802122000e+16
5.010536702013887407e+03 2.098926000617060800e+16
5.010870270797725425e+03 2.098775131325834400e+16
5.011203839581561624e+03 2.098624005901075200e+16
5.011537408365397823e+03 2.098472646498677600e+16
5.011870977149235841e+03 2.098321075454547200e+16
5.012204545933072040e+03 2.098169315281243200e+16
5.012538114716909149e+03 2.098017388664510400e+16
5.012871683500745348e+03 2.097865318459696800e+16
5.013205252284583366e+03 2.097713127688062400e+16
5.013538821068419566e+03 2.097560839532976000e+16
5.013872389852256674e+03 2.097408477336016400e+16
5.014205958636093783e+03 2.097256064592947200e+16
5.014539527419930891e+03 2.097103624949596400e+16
5.014873096203767091e+03 2.096951182197637600e+16
5.015206664987605109e+03 2.096798760270252000e+16
5.015540233771441308e+03 2.096646383237695200e+16
5.015873802555277507e+03 2.096494075302770400e+16
5.016207371339114616e+03 2.096341860796185600e+16
5.016540940122951724e+03 2.096189764171825600e+16
5.016874508906788833e+03 2.096037810001920000e+16
5.017208077690625032e+03 2.095886022972117200e+16
5.017541646474463050e+03 2.095734427876468000e+16
5.017875215258299249e+03 2.095583049612309600e+16
5.018208784042136358e+03 2.095431913175064000e+16
5.018542352825973467e+03 2.095281043652951200e+16
5.018875921609810575e+03 2.095130466221600000e+16
5.019209490393646774e+03 2.094980206138595200e+16
5.019543059177482974e+03 2.094830288737922400e+16
5.019876627961320992e+03 2.094680739424342400e+16
5.020210196745157191e+03 2.094531583667679200e+16
5.020543765528994300e+03 2.094382846997040800e+16
5.020877334312831408e+03 2.094234554994952400e+16
5.021210903096668517e+03 2.094086733291420800e+16
5.021544471880504716e+03 2.093939407557936400e+16
5.021878040664342734e+03 2.093792603501390400e+16
5.022211609448178933e+03 2.093646346857940800e+16
5.022545178232016042e+03 2.093500663386804400e+16
5.022878747015852241e+03 2.093355578863989600e+16
5.023212315799690259e+03 2.093211119075978000e+16
5.023545884583526458e+03 2.093067309813328000e+16
5.023879453367362657e+03 2.092924176864254400e+16
5.024213022151200676e+03 2.092781746008129600e+16
5.024546590935036875e+03 2.092640043008942400e+16
5.024880159718873983e+03 2.092499093608725200e+16
5.025213728502711092e+03 2.092358923520918400e+16
5.025547297286548201e+03 2.092219558423698000e+16
5.025880866070384400e+03 2.092081023953275200e+16
5.026214434854221508e+03 2.091943345697145600e+16
5.026548003638058617e+03 2.091806549187318400e+16
5.026881572421895726e+03 2.091670659893504000e+16
5.027215141205731925e+03 2.091535703216281200e+16
5.027548709989569033e+03 2.091401704480242400e+16
5.027882278773406142e+03 2.091268688927108800e+16
5.028215847557242341e+03 2.091136681708834000e+16
5.028549416341080359e+03 2.091005707880693600e+16
5.028882985124916559e+03 2.090875792394348800e+16
5.029216553908753667e+03 2.090746960090924400e+16
5.029550122692589866e+03 2.090619235694055200e+16
5.029883691476427884e+03 2.090492643802945600e+16
5.030217260260264084e+03 2.090367208885423200e+16
5.030550829044100283e+03 2.090242955270995200e+16
5.030884397827938301e+03 2.090119907143916800e+16
5.031217966611774500e+03 2.089998088536249200e+16
5.031551535395611609e+03 2.089877523320965600e+16
5.031885104179448717e+03 2.089758235205036000e+16
5.032218672963285826e+03 2.089640247722549600e+16
5.032552241747122025e+03 2.089523584227863600e+16
5.032885810530959134e+03 2.089408267888758400e+16
5.033219379314796242e+03 2.089294321679644800e+16
5.033552948098633351e+03 2.089181768374781200e+16
5.033886516882469550e+03 2.089070630541543200e+16
5.034220085666307568e+03 2.088960930533722400e+16
5.034553654450143767e+03 2.088852690484863600e+16
5.034887223233979967e+03 2.088745932301661200e+16
5.035220792017817985e+03 2.088640677657389600e+16
5.035554360801654184e+03 2.088536947985389200e+16
5.035887929585491293e+03 2.088434764472612800e+16
5.036221498369327492e+03 2.088334148053226000e+16
5.036555067153165510e+03 2.088235119402266400e+16
5.036888635937001709e+03 2.088137698929372000e+16
5.037222204720838818e+03 2.088041906772579600e+16
5.037555773504675926e+03 2.087947762792186400e+16
5.037889342288513035e+03 2.087855286564693600e+16
5.038222911072349234e+03 2.087764497376832400e+16
5.038556479856187252e+03 2.087675414219656000e+16
5.038890048640023451e+03 2.087588055782731600e+16
5.039223617423859650e+03 2.087502440448412800e+16
5.039557186207696759e+03 2.087418586286204800e+16
5.039890754991533868e+03 2.087336511047227200e+16
5.040224323775370976e+03 2.087256232158768400e+16
5.040557892559207176e+03 2.087177766718944000e+16
5.040891461343045194e+03 2.087101131491465600e+16
5.041225030126881393e+03 2.087026342900501600e+16
5.041558598910718501e+03 2.086953417025672000e+16
5.041892167694555610e+03 2.086882369597130400e+16
5.042225736478392719e+03 2.086813215990782400e+16
5.042559305262228918e+03 2.086745971223616400e+16
5.042892874046065117e+03 2.086680649949158400e+16
5.043226442829903135e+03 2.086617266453053200e+16
5.043560011613739334e+03 2.086555834648773200e+16
5.043893580397576443e+03 2.086496368073463200e+16
5.044227149181413552e+03 2.086438879883918400e+16
5.044560717965250660e+03 2.086383382852695600e+16
5.044894286749086859e+03 2.086329889364373600e+16
5.045227855532924877e+03 2.086278411411955200e+16
5.045561424316761077e+03 2.086228960593406400e+16
5.045894993100598185e+03 2.086181548108361600e+16
5.046228561884434384e+03 2.086136184754968800e+16
5.046562130668272403e+03 2.086092880926890400e+16
5.046895699452108602e+03 2.086051646610467200e+16
5.047229268235944801e+03 2.086012491382036800e+16
5.047562837019782819e+03 2.085975424405420000e+16
5.047896405803619018e+03 2.085940454429567200e+16
5.048229974587456127e+03 2.085907589786371200e+16
5.048563543371293235e+03 2.085876838388662400e+16
5.048897112155130344e+03 2.085848207728353600e+16
5.049230680938966543e+03 2.085821704874786400e+16
5.049564249722803652e+03 2.085797336473229600e+16
5.049897818506640760e+03 2.085775108743574400e+16
5.050231387290477869e+03 2.085755027479197200e+16
5.050564956074314068e+03 2.085737098046015600e+16
5.050898524858151177e+03 2.085721325381725200e+16
5.051232093641988286e+03 2.085707713995216800e+16
5.051565662425824485e+03 2.085696267966198000e+16
5.051899231209662503e+03 2.085686990944985600e+16
5.052232799993498702e+03 2.085679886152504400e+16
5.052566368777335811e+03 2.085674956380469200e+16
5.052899937561172010e+03 2.085672203991776400e+16
5.053233506345010028e+03 2.085671630921067600e+16
5.053567075128846227e+03 2.085673238675515200e+16
5.053900643912682426e+03 2.085677028335790800e+16
5.054234212696520444e+03 2.085683000557245600e+16
5.054567781480356643e+03 2.085691155571271200e+16
5.054901350264193752e+03 2.085701493186892000e+16
5.055234919048030861e+03 2.085714012792529600e+16
5.055568487831867969e+03 2.085728713357990800e+16
5.055902056615704169e+03 2.085745593436653200e+16
5.056235625399541277e+03 2.085764651167850000e+16
5.056569194183378386e+03 2.085785884279470000e+16
5.056902762967215494e+03 2.085809290090752000e+16
5.057236331751051694e+03 2.085834865515288000e+16
5.057569900534889712e+03 2.085862607064243200e+16
5.057903469318725911e+03 2.085892510849754800e+16
5.058237038102562110e+03 2.085924572588561600e+16
5.058570606886400128e+03 2.085958787605829600e+16
5.058904175670236327e+03 2.085995150839172000e+16
5.059237744454073436e+03 2.086033656842892000e+16
5.059571313237909635e+03 2.086074299792405200e+16
5.059904882021747653e+03 2.086117073488897200e+16
5.060238450805583852e+03 2.086161971364140800e+16
5.060572019589420961e+03 2.086208986485550800e+16
5.060905588373258070e+03 2.086258111561418800e+16
5.061239157157095178e+03 2.086309338946349600e+16
5.061572725940931377e+03 2.086362660646893600e+16
5.061906294724769396e+03 2.086418068327382400e+16
5.062239863508605595e+03 2.086475553315937200e+16
5.062573432292441794e+03 2.086535106610700800e+16
5.062907001076278902e+03 2.086596718886224800e+16
5.063240569860116011e+03 2.086660380500068000e+16
5.063574138643953120e+03 2.086726081499571200e+16
5.063907707427789319e+03 2.086793811628813600e+16
5.064241276211627337e+03 2.086863560335754400e+16
5.064574844995463536e+03 2.086935316779549600e+16
5.064908413779300645e+03 2.087009069838041600e+16
5.065241982563137753e+03 2.087084808115424400e+16
5.065575551346974862e+03 2.087162519950073600e+16
5.065909120130811061e+03 2.087242193422550400e+16
5.066242688914647260e+03 2.087323816363755600e+16
5.066576257698485279e+03 2.087407376363254000e+16
5.066909826482321478e+03 2.087492860777744000e+16
5.067243395266158586e+03 2.087580256739691200e+16
5.067576964049995695e+03 2.087669551166097600e+16
5.067910532833832804e+03 2.087760730767415200e+16
5.068244101617669003e+03 2.087853782056611200e+16
5.068577670401507021e+03 2.087948691358357600e+16
5.068911239185343220e+03 2.088045444818349600e+16
5.069244807969180329e+03 2.088144028412755200e+16
5.069578376753016528e+03 2.088244427957793600e+16
5.069911945536854546e+03 2.088346629119412400e+16
5.070245514320690745e+03 2.088450617423089600e+16
5.070579083104526944e+03 2.088556378263740000e+16
5.070912651888364962e+03 2.088663896915722000e+16
5.071246220672201162e+03 2.088773158542936800e+16
5.071579789456038270e+03 2.088884148209028800e+16
5.071913358239875379e+03 2.088996850887655200e+16
5.072246927023712487e+03 2.089111251472854400e+16
5.072580495807548687e+03 2.089227334789470000e+16
5.072914064591385795e+03 2.089345085603657600e+16
5.073247633375222904e+03 2.089464488633442400e+16
5.073581202159060012e+03 2.089585528559339200e+16
5.073914770942896212e+03 2.089708190035021200e+16
5.074248339726733320e+03 2.089832457698033600e+16
5.074581908510570429e+03 2.089958316180538800e+16
5.074915477294406628e+03 2.090085750120101600e+16
5.075249046078244646e+03 2.090214744170492000e+16
5.075582614862080845e+03 2.090345283012508000e+16
5.075916183645917954e+03 2.090477351364812800e+16
5.076249752429754153e+03 2.090610933994775600e+16
5.076583321213592171e+03 2.090746015729301200e+16
5.076916889997428370e+03 2.090882581465668000e+16
5.077250458781264570e+03 2.091020616182339200e+16
5.077584027565102588e+03 2.091160104949757600e+16
5.077917596348938787e+03 2.091301032941100400e+16
5.078251165132775895e+03 2.091443385443013200e+16
5.078584733916613004e+03 2.091587147866293600e+16
5.078918302700450113e+03 2.091732305756520800e+16
5.079251871484286312e+03 2.091878844804637600e+16
5.079585440268123421e+03 2.092026750857464000e+16
5.079919009051960529e+03 2.092176009928137600e+16
5.080252577835797638e+03 2.092326608206479600e+16
5.080586146619633837e+03 2.092478532069281600e+16
5.080919715403471855e+03 2.092631768090488800e+16
5.081253284187308054e+03 2.092786303051294400e+16
5.081586852971144253e+03 2.092942123950125600e+16
5.081920421754982272e+03 2.093099218012520800e+16
5.082253990538818471e+03 2.093257572700880000e+16
5.082587559322655579e+03 2.093417175724101600e+16
5.082921128106491778e+03 2.093578015047079200e+16
5.083254696890329797e+03 2.093740078900057200e+16
5.083588265674165996e+03 2.093903355787850000e+16
5.083921834458003104e+03 2.094067834498904000e+16
5.084255403241840213e+03 2.094233504114203200e+16
5.084588972025677322e+03 2.094400354016007200e+16
5.084922540809513521e+03 2.094568373896425600e+16
5.085256109593351539e+03 2.094737553765810400e+16
5.085589678377187738e+03 2.094907883960964800e+16
5.085923247161023937e+03 2.095079355153168800e+16
5.086256815944861046e+03 2.095251958356008800e+16
5.086590384728698155e+03 2.095425684933004800e+16
5.086923953512535263e+03 2.095600526605034800e+16
5.087257522296371462e+03 2.095776475457546400e+16
5.087591091080209480e+03 2.095953523947559200e+16
5.087924659864045680e+03 2.096131664910435200e+16
5.088258228647882788e+03 2.096310891566435200e+16
5.088591797431719897e+03 2.096491197527034400e+16
5.088925366215557005e+03 2.096672576801009600e+16
5.089258934999393205e+03 2.096855023800287600e+16
5.089592503783229404e+03 2.097038533345540800e+16
5.089926072567067422e+03 2.097223100671546800e+16
5.090259641350903621e+03 2.097408721432286400e+16
5.090593210134740730e+03 2.097595391705793600e+16
5.090926778918577838e+03 2.097783107998741600e+16
5.091260347702414947e+03 2.097971867250760800e+16
5.091593916486251146e+03 2.098161666838514400e+16
5.091927485270089164e+03 2.098352504579470400e+16
5.092261054053925363e+03 2.098544378735435200e+16
5.092594622837762472e+03 2.098737288015793600e+16
5.092928191621598671e+03 2.098931231580479600e+16
5.093261760405436689e+03 2.099126209042664800e+16
5.093595329189272888e+03 2.099322220471172000e+16
5.093928897973109088e+03 2.099519266392606400e+16
5.094262466756947106e+03 2.099717347793196000e+16
5.094596035540783305e+03 2.099916466120354400e+16
5.094929604324620414e+03 2.100116623283957600e+16
5.095263173108457522e+03 2.100317821657332800e+16
5.095596741892294631e+03 2.100520064077952800e+16
5.095930310676130830e+03 2.100723353847858400e+16
5.096263879459967939e+03 2.100927694733775200e+16
5.096597448243805047e+03 2.101133090966959200e+16
5.096931017027642156e+03 2.101339547242738000e+16
5.097264585811478355e+03 2.101547068719776000e+16
5.097598154595315464e+03 2.101755661019058400e+16
5.097931723379152572e+03 2.101965330222564800e+16
5.098265292162988771e+03 2.102176082871689200e+16
5.098598860946826790e+03 2.102387925965357600e+16
5.098932429730662989e+03 2.102600866957858400e+16
5.099265998514500097e+03 2.102814913756420000e+16
5.099599567298336297e+03 2.103030074718477200e+16
5.099933136082174315e+03 2.103246358648686400e+16
5.100266704866010514e+03 2.103463774795649600e+16
5.100600273649846713e+03 2.103682332848379600e+16
5.100933842433684731e+03 2.103902042932494800e+16
5.101267411217520930e+03 2.104122915606135200e+16
5.101600980001358039e+03 2.104344961855638000e+16
5.101934548785195148e+03 2.104568193090930400e+16
5.102268117569032256e+03 2.104792621140687200e+16
5.102601686352868455e+03 2.105018258247219200e+16
5.102935255136705564e+03 2.105245117061125200e+16
5.103268823920542673e+03 2.105473210635695200e+16
5.103602392704379781e+03 2.105702552421064800e+16
5.103935961488215980e+03 2.105933156258151200e+16
5.104269530272053998e+03 2.106165036372344400e+16
5.104603099055890198e+03 2.106398207366966400e+16
5.104936667839726397e+03 2.106632684216524400e+16
5.105270236623564415e+03 2.106868482259734400e+16
5.105603805407400614e+03 2.107105617192329200e+16
5.105937374191237723e+03 2.107344105059674400e+16
5.106270942975073922e+03 2.107583962249163600e+16
5.106604511758911940e+03 2.107825205482426400e+16
5.106938080542748139e+03 2.108067851807339200e+16
5.107271649326585248e+03 2.108311918589860000e+16
5.107605218110422356e+03 2.108557423505669600e+16
5.107938786894259465e+03 2.108804384531642000e+16
5.108272355678095664e+03 2.109052819937152800e+16
5.108605924461933682e+03 2.109302748275213600e+16
5.108939493245769881e+03 2.109554188373450400e+16
5.109273062029606081e+03 2.109807159324943200e+16
5.109606630813443189e+03 2.110061680478900400e+16
5.109940199597280298e+03 2.110317771431209600e+16
5.110273768381117407e+03 2.110575452014844800e+16
5.110607337164953606e+03 2.110834742290152800e+16
5.110940905948791624e+03 2.111095662535020000e+16
5.111274474732627823e+03 2.111358233234911200e+16
5.111608043516464932e+03 2.111622475072822400e+16
5.111941612300302040e+03 2.111888408919110800e+16
5.112275181084139149e+03 2.112156055821234400e+16
5.112608749867975348e+03 2.112425436993414400e+16
5.112942318651811547e+03 2.112696573806196000e+16
5.113275887435649565e+03 2.112969487775942000e+16
5.113609456219485764e+03 2.113244200554256000e+16
5.113943025003322873e+03 2.113520733917337600e+16
5.114276593787159982e+03 2.113799109755280800e+16
5.114610162570997090e+03 2.114079350061320800e+16
5.114943731354833290e+03 2.114361476921031200e+16
5.115277300138671308e+03 2.114645512501489600e+16
5.115610868922507507e+03 2.114931479040397600e+16
5.115944437706344615e+03 2.115219398835182400e+16
5.116278006490180815e+03 2.115509294232075600e+16
5.116611575274018833e+03 2.115801187615170400e+16
5.116945144057855032e+03 2.116095101395469600e+16
5.117278712841691231e+03 2.116391057999943200e+16
5.117612281625529249e+03 2.116689079860561600e+16
5.117945850409365448e+03 2.116989189403361200e+16
5.118279419193202557e+03 2.117291409037506800e+16
5.118612987977039666e+03 2.117595761144381600e+16
5.118946556760876774e+03 2.117902268066688000e+16
5.119280125544712973e+03 2.118210952097594400e+16
5.119613694328550082e+03 2.118521835469905200e+16
5.119947263112387191e+03 2.118834940345265600e+16
5.120280831896224299e+03 2.119150288803427600e+16
5.120614400680060498e+03 2.119467902831544000e+16
5.120947969463897607e+03 2.119787804313538400e+16
5.121281538247734716e+03 2.120110015019507600e+16
5.121615107031570915e+03 2.120434556595219200e+16
5.121948675815408933e+03 2.120761450551647600e+16
5.122282244599245132e+03 2.121090718254599200e+16
5.122615813383082241e+03 2.121422380914411200e+16
5.122949382166918440e+03 2.121756459575724000e+16
5.123282950950756458e+03 2.122092975107357600e+16
5.123616519734592657e+03 2.122431948192241600e+16
5.123950088518428856e+03 2.122773399317480800e+16
5.124283657302266874e+03 2.123117348764484800e+16
5.124617226086103074e+03 2.123463816599210400e+16
5.124950794869940182e+03 2.123812822662504800e+16
5.125284363653776381e+03 2.124164386560558000e+16
5.125617932437614400e+03 2.124518527655466400e+16
5.125951501221450599e+03 2.124875265055899600e+16
5.126285070005287707e+03 2.125234617607894000e+16
5.126618638789124816e+03 2.125596603885767200e+16
5.126952207572961925e+03 2.125961242183138400e+16
5.127285776356798124e+03 2.126328550504095200e+16
5.127619345140636142e+03 2.126698546554466400e+16
5.127952913924472341e+03 2.127071247733239600e+16
5.128286482708308540e+03 2.127446671124103600e+16
5.128620051492145649e+03 2.127824833487124400e+16
5.128953620275982757e+03 2.128205751250562800e+16
5.129287189059819866e+03 2.128589440502818800e+16
5.129620757843656065e+03 2.128975916984528800e+16
5.129954326627494083e+03 2.129365196080799200e+16
5.130287895411330283e+03 2.129757292813571200e+16
5.130621464195167391e+03 2.130152221834154800e+16
5.130955032979004500e+03 2.130549997415888000e+16
5.131288601762841608e+03 2.130950633446949600e+16
5.131622170546677808e+03 2.131354143423324400e+16
5.131955739330514007e+03 2.131760540441913600e+16
5.132289308114352025e+03 2.132169837193796000e+16
5.132622876898188224e+03 2.132582045957638400e+16
5.132956445682025333e+03 2.132997178593270800e+16
5.133290014465862441e+03 2.133415246535392400e+16
5.133623583249699550e+03 2.133836260787452800e+16
5.133957152033535749e+03 2.134260231915673600e+16
5.134290720817373767e+03 2.134687170043230400e+16
5.134624289601209966e+03 2.135117084844584000e+16
5.134957858385047075e+03 2.135549985539977200e+16
5.135291427168883274e+03 2.135985880890069600e+16
5.135624995952721292e+03 2.136424779190746400e+16
5.135958564736557491e+03 2.136866688268068000e+16
5.136292133520393691e+03 2.137311615473382400e+16
5.136625702304231709e+03 2.137759567678590400e+16
5.136959271088067908e+03 2.138210551271559600e+16
5.137292839871905016e+03 2.138664572151704000e+16
5.137626408655742125e+03 2.139121635725709600e+16
5.137959977439579234e+03 2.139581746903415200e+16
5.138293546223415433e+03 2.140044910093843200e+16
5.138627115007252542e+03 2.140511129201390800e+16
5.138960683791089650e+03 2.140980407622165200e+16
5.139294252574926759e+03 2.141452748240470000e+16
5.139627821358762958e+03 2.141928153425448800e+16
5.139961390142600976e+03 2.142406625027870400e+16
5.140294958926437175e+03 2.142888164377065600e+16
5.140628527710273374e+03 2.143372772278016000e+16
5.140962096494111393e+03 2.143860449008580800e+16
5.141295665277947592e+03 2.144351194316876800e+16
5.141629234061784700e+03 2.144845007418796000e+16
5.141962802845620899e+03 2.145341886995680000e+16
5.142296371629458918e+03 2.145841831192119600e+16
5.142629940413295117e+03 2.146344837613903600e+16
5.142963509197132225e+03 2.146850903326117200e+16
5.143297077980969334e+03 2.147360024851360000e+16
5.143630646764806443e+03 2.147872198168119200e+16
5.143964215548642642e+03 2.148387418709268000e+16
5.144297784332479750e+03 2.148905681360706000e+16
5.144631353116316859e+03 2.149426980460125200e+16
5.144964921900153058e+03 2.149951309795923200e+16
5.145298490683990167e+03 2.150478662606226800e+16
5.145632059467827276e+03 2.151009031578063600e+16
5.145965628251664384e+03 2.151542408846651200e+16
5.146299197035500583e+03 2.152078785994814000e+16
5.146632765819338601e+03 2.152618154052536800e+16
5.146966334603174801e+03 2.153160503496617600e+16
5.147299903387011000e+03 2.153705824250475200e+16
5.147633472170849018e+03 2.154254105684049600e+16
5.147967040954685217e+03 2.154805336613832000e+16
5.148300609738522326e+03 2.155359505303021600e+16
5.148634178522358525e+03 2.155916599461780800e+16
5.148967747306196543e+03 2.156476606247626400e+16
5.149301316090032742e+03 2.157039512265907200e+16
5.149634884873869851e+03 2.157605303570424800e+16
5.149968453657706959e+03 2.158173965664140000e+16
5.150302022441544068e+03 2.158745483499994800e+16
5.150635591225380267e+03 2.159319841481851600e+16
5.150969160009218285e+03 2.159897023465523200e+16
5.151302728793054484e+03 2.160477012759917200e+16
5.151636297576890684e+03 2.161059792128277600e+16
5.151969866360727792e+03 2.161645343789531200e+16
5.152303435144564901e+03 2.162233649419735200e+16
5.152637003928402009e+03 2.162824690153612400e+16
5.152970572712238209e+03 2.163418446586200000e+16
5.153304141496076227e+03 2.164014898774579200e+16
5.153637710279912426e+03 2.164614026239702400e+16
5.153971279063749535e+03 2.165215807968317600e+16
5.154304847847586643e+03 2.165820222414986400e+16
5.154638416631423752e+03 2.166427247504170400e+16
5.154971985415259951e+03 2.167036860632435200e+16
5.155305554199096150e+03 2.167649038670718400e+16
5.155639122982934168e+03 2.168263757966699200e+16
5.155972691766770367e+03 2.168880994347231200e+16
5.156306260550607476e+03 2.169500723120884000e+16
5.156639829334444585e+03 2.170122919080547600e+16
5.156973398118281693e+03 2.170747556506116800e+16
5.157306966902117892e+03 2.171374609167268800e+16
5.157640535685955911e+03 2.172004050326299600e+16
5.157974104469792110e+03 2.172635852741049600e+16
5.158307673253629218e+03 2.173269988667899600e+16
5.158641242037465418e+03 2.173906429864843200e+16
5.158974810821303436e+03 2.174545147594620800e+16
5.159308379605139635e+03 2.175186112627938000e+16
5.159641948388975834e+03 2.175829295246751600e+16
5.159975517172813852e+03 2.176474665247616400e+16
5.160309085956650051e+03 2.177122191945104800e+16
5.160642654740487160e+03 2.177771844175295200e+16
5.160976223524324269e+03 2.178423590299326400e+16
5.161309792308161377e+03 2.179077398207003200e+16
5.161643361091997576e+03 2.179733235320487200e+16
5.161976929875834685e+03 2.180391068598029600e+16
5.162310498659671794e+03 2.181050864537778400e+16
5.162644067443508902e+03 2.181712589181640400e+16
5.162977636227345101e+03 2.182376208119200000e+16
5.163311205011183119e+03 2.183041686491703200e+16
5.163644773795019319e+03 2.183708988996093200e+16
5.163978342578855518e+03 2.184378079889106800e+16
5.164311911362693536e+03 2.185048922991420400e+16
5.164645480146529735e+03 2.185721481691854400e+16
5.164979048930366844e+03 2.186395718951633200e+16
5.165312617714203043e+03 2.187071597308696400e+16
5.165646186498041061e+03 2.187749078882062400e+16
5.165979755281877260e+03 2.188428125376234400e+16
5.166313324065714369e+03 2.189108698085678800e+16
5.166646892849551477e+03 2.189790757899329600e+16
5.166980461633388586e+03 2.190474265305156000e+16
5.167314030417224785e+03 2.191159180394772800e+16
5.167647599201061894e+03 2.191845462868107200e+16
5.167981167984899002e+03 2.192533072038090400e+16
5.168314736768735202e+03 2.193221966835431600e+16
5.168648305552572310e+03 2.193912105813398400e+16
5.168981874336409419e+03 2.194603447152672800e+16
5.169315443120246528e+03 2.195295948666234400e+16
5.169649011904082727e+03 2.195989567804292000e+16
5.169982580687920745e+03 2.196684261659267600e+16
5.170316149471756944e+03 2.197379986970805200e+16
5.170649718255593143e+03 2.198076700130837600e+16
5.170983287039431161e+03 2.198774357188693600e+16
5.171316855823267360e+03 2.199472913856232400e+16
5.171650424607104469e+03 2.200172325513042000e+16
5.171983993390940668e+03 2.200872547211647600e+16
5.172317562174778686e+03 2.201573533682802400e+16
5.172651130958614885e+03 2.202275239340770000e+16
5.172984699742451994e+03 2.202977618288684800e+16
5.173318268526289103e+03 2.203680624323933600e+16
5.173651837310126211e+03 2.204384210943571200e+16
5.173985406093962411e+03 2.205088331349792000e+16
5.174318974877800429e+03 2.205792938455422800e+16
5.174652543661636628e+03 2.206497984889464400e+16
5.174986112445472827e+03 2.207203423002662400e+16
5.175319681229309936e+03 2.207909204873117200e+16
5.175653250013147044e+03 2.208615282311943200e+16
5.175986818796984153e+03 2.209321606868940000e+16
5.176320387580820352e+03 2.210028129838325200e+16
5.176653956364658370e+03 2.210734802264485600e+16
5.176987525148494569e+03 2.211441574947778400e+16
5.177321093932331678e+03 2.212148398450351600e+16
5.177654662716168787e+03 2.212855223102023600e+16
5.177988231500005895e+03 2.213561999006172800e+16
5.178321800283842094e+03 2.214268676045680000e+16
5.178655369067678294e+03 2.214975203888901600e+16
5.178988937851516312e+03 2.215681531995678000e+16
5.179322506635352511e+03 2.216387609623375600e+16
5.179656075419189619e+03 2.217093385832962400e+16
5.179989644203026728e+03 2.217798809495132000e+16
5.180323212986863837e+03 2.218503829296435200e+16
5.180656781770700036e+03 2.219208393745484000e+16
5.180990350554538054e+03 2.219912451179158400e+16
5.181323919338374253e+03 2.220615949768856400e+16
5.181657488122211362e+03 2.221318837526795200e+16
5.181991056906047561e+03 2.222021062312325600e+16
5.182324625689885579e+03 2.222722571838297600e+16
5.182658194473721778e+03 2.223423313677443600e+16
5.182991763257557977e+03 2.224123235268821200e+16
5.183325332041395995e+03 2.224822283924268800e+16
5.183658900825232195e+03 2.225520406834902400e+16
5.183992469609069303e+03 2.226217551077660800e+16
5.184326038392906412e+03 2.226913663621862400e+16
5.184659607176743521e+03 2.227608691335820000e+16
5.184993175960579720e+03 2.228302580993476000e+16
5.185326744744416828e+03 2.228995279281078800e+16
5.185660313528253937e+03 2.229686732803895200e+16
5.185993882312091046e+03 2.230376888092955200e+16
5.186327451095927245e+03 2.231065691611841600e+16
5.186661019879765263e+03 2.231753089763492000e+16
5.186994588663601462e+03 2.232439028897073600e+16
5.187328157447437661e+03 2.233123455314856400e+16
5.187661726231275679e+03 2.233806315279147200e+16
5.187995295015111878e+03 2.234487555019246400e+16
5.188328863798948987e+03 2.235167120738454000e+16
5.188662432582785186e+03 2.235844958621093600e+16
5.188996001366623204e+03 2.236521014839592800e+16
5.189329570150459404e+03 2.237195235561578400e+16
5.189663138934296512e+03 2.237867566957027200e+16
5.189996707718133621e+03 2.238537955205446400e+16
5.190330276501970729e+03 2.239206346503080000e+16
5.190663845285806929e+03 2.239872687070171200e+16
5.190997414069644037e+03 2.240536923158246800e+16
5.191330982853481146e+03 2.241199001057436800e+16
5.191664551637317345e+03 2.241858867103844000e+16
5.191998120421154454e+03 2.242516467686939200e+16
5.192331689204991562e+03 2.243171749256990800e+16
5.192665257988828671e+03 2.243824658332540800e+16
5.192998826772664870e+03 2.244475141507908000e+16
5.193332395556502888e+03 2.245123145460733600e+16
5.193665964340339087e+03 2.245768616959555200e+16
5.193999533124175287e+03 2.246411502871428000e+16
5.194333101908013305e+03 2.247051750169572800e+16
5.194666670691849504e+03 2.247689305941057600e+16
5.195000239475686612e+03 2.248324117394526800e+16
5.195333808259522812e+03 2.248956131867956800e+16
5.195667377043360830e+03 2.249585296836443200e+16
5.196000945827197029e+03 2.250211559920030400e+16
5.196334514611034137e+03 2.250834868891577200e+16
5.196668083394871246e+03 2.251455171684644000e+16
5.197001652178708355e+03 2.252072416401428800e+16
5.197335220962544554e+03 2.252686551320729600e+16
5.197668789746382572e+03 2.253297524905934000e+16
5.198002358530218771e+03 2.253905285813054400e+16
5.198335927314054970e+03 2.254509782898787200e+16
5.198669496097892079e+03 2.255110965228602400e+16
5.199003064881729188e+03 2.255708782084872000e+16
5.199336633665566296e+03 2.256303182975016000e+16
5.199670202449402495e+03 2.256894117639693200e+16
5.200003771233240514e+03 2.257481536061011600e+16
5.200337340017076713e+03 2.258065388470769600e+16
5.200670908800913821e+03 2.258645625358726800e+16
5.201004477584750930e+03 2.259222197480898800e+16
5.201338046368588039e+03 2.259795055867877200e+16
5.201671615152424238e+03 2.260364151833186400e+16
5.202005183936260437e+03 2.260929436981646400e+16
5.202338752720098455e+03 2.261490863217771200e+16
5.202672321503934654e+03 2.262048382754188000e+16
5.203005890287771763e+03 2.262601948120078800e+16
5.203339459071608871e+03 2.263151512169635600e+16
5.203673027855445980e+03 2.263697028090537200e+16
5.204006596639282179e+03 2.264238449412455600e+16
5.204340165423120197e+03 2.264775730015563200e+16
5.204673734206956397e+03 2.265308824139052400e+16
5.205007302990793505e+03 2.265837686389694800e+16
5.205340871774629704e+03 2.266362271750384400e+16
5.205674440558467722e+03 2.266882535588708800e+16
5.206008009342303922e+03 2.267398433665516000e+16
5.206341578126140121e+03 2.267909922143511200e+16
5.206675146909978139e+03 2.268416957595830400e+16
5.207008715693814338e+03 2.268919497014647600e+16
5.207342284477651447e+03 2.269417497819761600e+16
5.207675853261488555e+03 2.269910917867198000e+16
5.208009422045325664e+03 2.270399715457802400e+16
5.208342990829161863e+03 2.270883849345835600e+16
5.208676559612998972e+03 2.271363278747560800e+16
5.209010128396836080e+03 2.271837963349831200e+16
5.209343697180673189e+03 2.272307863318641200e+16
5.209677265964509388e+03 2.272772939307716400e+16
5.210010834748347406e+03 2.273233152467040000e+16
5.210344403532183605e+03 2.273688464451388800e+16
5.210677972316019805e+03 2.274138837428847600e+16
5.211011541099857823e+03 2.274584234089304400e+16
5.211345109883694022e+03 2.275024617652914400e+16
5.211678678667531130e+03 2.275459951878543200e+16
5.212012247451367330e+03 2.275890201072188800e+16
5.212345816235205348e+03 2.276315330095360800e+16
5.212679385019041547e+03 2.276735304373430400e+16
5.213012953802878656e+03 2.277150089903950400e+16
5.213346522586715764e+03 2.277559653264927200e+16
5.213680091370552873e+03 2.277963961623053600e+16
5.214013660154389072e+03 2.278362982741899200e+16
5.214347228938226181e+03 2.278756684990056000e+16
5.214680797722063289e+03 2.279145037349217600e+16
5.215014366505899488e+03 2.279528009422225600e+16
5.215347935289736597e+03 2.279905571441051200e+16
5.215681504073573706e+03 2.280277694274701600e+16
5.216015072857410814e+03 2.280644349437088000e+16
5.216348641641247013e+03 2.281005509094812400e+16
5.216682210425085032e+03 2.281361146074887600e+16
5.217015779208921231e+03 2.281711233872383200e+16
5.217349347992757430e+03 2.282055746658000800e+16
5.217682916776595448e+03 2.282394659285560800e+16
5.218016485560431647e+03 2.282727947299408000e+16
5.218350054344268756e+03 2.283055586941748800e+16
5.218683623128104955e+03 2.283377555159860800e+16
5.219017191911942973e+03 2.283693829613252800e+16
5.219350760695779172e+03 2.284004388680689200e+16
5.219684329479616281e+03 2.284309211467145200e+16
5.220017898263453390e+03 2.284608277810635200e+16
5.220351467047290498e+03 2.284901568288948800e+16
5.220685035831126697e+03 2.285189064226267200e+16
5.221018604614964715e+03 2.285470747699668800e+16
5.221352173398800915e+03 2.285746601545516000e+16
5.221685742182637114e+03 2.286016609365723200e+16
5.222019310966474222e+03 2.286280755533892800e+16
5.222352879750311331e+03 2.286539025201330000e+16
5.222686448534148440e+03 2.286791404302920000e+16
5.223020017317984639e+03 2.287037879562875600e+16
5.223353586101822657e+03 2.287278438500336800e+16
5.223687154885658856e+03 2.287513069434834400e+16
5.224020723669495965e+03 2.287741761491610400e+16
5.224354292453333073e+03 2.287964504606776400e+16
5.224687861237170182e+03 2.288181289532327600e+16
5.225021430021006381e+03 2.288392107841009600e+16
5.225354998804842580e+03 2.288596951931000000e+16
5.225688567588680598e+03 2.288795815030455200e+16
5.226022136372516798e+03 2.288988691201866000e+16
5.226355705156353906e+03 2.289175575346265600e+16
5.226689273940191015e+03 2.289356463207249600e+16
5.227022842724028123e+03 2.289531351374822400e+16
5.227356411507864323e+03 2.289700237289072800e+16
5.227689980291702341e+03 2.289863119243663200e+16
5.228023549075538540e+03 2.290019996389118000e+16
5.228357117859375649e+03 2.290170868735962400e+16
5.228690686643211848e+03 2.290315737157625600e+16
5.229024255427049866e+03 2.290454603393187200e+16
5.229357824210886065e+03 2.290587470049898400e+16
5.229691392994722264e+03 2.290714340605531200e+16
5.230024961778560282e+03 2.290835219410509600e+16
5.230358530562396481e+03 2.290950111689834400e+16
5.230692099346233590e+03 2.291059023544821200e+16
5.231025668130070699e+03 2.291161961954607600e+16
5.231359236913907807e+03 2.291258934777464800e+16
5.231692805697744006e+03 2.291349950751894400e+16
5.232026374481581115e+03 2.291435019497506000e+16
5.232359943265418224e+03 2.291514151515683200e+16
5.232693512049255332e+03 2.291587358190026400e+16
5.233027080833091532e+03 2.291654651786588800e+16
5.233360649616929550e+03 2.291716045453873200e+16
5.233694218400765749e+03 2.291771553222617600e+16
5.234027787184601948e+03 2.291821190005358400e+16
5.234361355968439966e+03 2.291864971595764000e+16
5.234694924752276165e+03 2.291902914667741200e+16
5.235028493536113274e+03 2.291935036774316800e+16
5.235362062319949473e+03 2.291961356346294000e+16
5.235695631103787491e+03 2.291981892690676800e+16
5.236029199887623690e+03 2.291996665988865600e+16
5.236362768671460799e+03 2.292005697294624800e+16
5.236696337455297908e+03 2.292009008531820000e+16
5.237029906239135016e+03 2.292006622491923200e+16
5.237363475022971215e+03 2.291998562831292000e+16
5.237697043806808324e+03 2.291984854068217600e+16
5.238030612590645433e+03 2.291965521579736400e+16
5.238364181374481632e+03 2.291940591598222800e+16
5.238697750158318740e+03 2.291910091207750000e+16
5.239031318942155849e+03 2.291874048340210400e+16
5.239364887725992958e+03 2.291832491771230400e+16
5.239698456509829157e+03 2.291785451115840800e+16
5.240032025293667175e+03 2.291732956823926800e+16
5.240365594077503374e+03 2.291675040175452800e+16
5.240699162861339573e+03 2.291611733275470400e+16
5.241032731645177591e+03 2.291543069048896000e+16
5.241366300429013791e+03 2.291469081235066400e+16
5.241699869212850899e+03 2.291389804382085600e+16
5.242033437996687098e+03 2.291305273840955200e+16
5.242367006780525116e+03 2.291215525759472000e+16
5.242700575564361316e+03 2.291120597075930400e+16
5.243034144348198424e+03 2.291020525512614400e+16
5.243367713132035533e+03 2.290915349569068000e+16
5.243701281915872642e+03 2.290805108515166400e+16
5.244034850699708841e+03 2.290689842383992000e+16
5.244368419483546859e+03 2.290569591964497600e+16
5.244701988267383058e+03 2.290444398793974800e+16
5.245035557051219257e+03 2.290314305150333600e+16
5.245369125835056366e+03 2.290179354044179200e+16
5.245702694618893474e+03 2.290039589210712800e+16
5.246036263402730583e+03 2.289895055101436000e+16
5.246369832186566782e+03 2.289745796875673600e+16
5.246703400970404800e+03 2.289591860391928800e+16
5.247036969754240999e+03 2.289433292199046800e+16
5.247370538538078108e+03 2.289270139527220800e+16
5.247704107321915217e+03 2.289102450278823200e+16
5.248037676105752325e+03 2.288930273019064800e+16
5.248371244889588525e+03 2.288753656966516400e+16
5.248704813673424724e+03 2.288572651983450400e+16
5.249038382457262742e+03 2.288387308566044000e+16
5.249371951241098941e+03 2.288197677834423600e+16
5.249705520024936050e+03 2.288003811522580000e+16
5.250039088808773158e+03 2.287805761968133600e+16
5.250372657592610267e+03 2.287603582101962000e+16
5.250706226376446466e+03 2.287397325437704800e+16
5.251039795160284484e+03 2.287187046061142400e+16
5.251373363944120683e+03 2.286972798619438800e+16
5.251706932727957792e+03 2.286754638310287200e+16
5.252040501511793991e+03 2.286532620870924000e+16
5.252374070295632009e+03 2.286306802567056000e+16
5.252707639079468208e+03 2.286077240181656000e+16
5.253041207863304408e+03 2.285843991003690000e+16
5.253374776647142426e+03 2.285607112816728800e+16
5.253708345430978625e+03 2.285366663887477600e+16
5.254041914214815733e+03 2.285122702954224000e+16
5.254375482998652842e+03 2.284875289215206400e+16
5.254709051782489951e+03 2.284624482316898800e+16
5.255042620566326150e+03 2.284370342342237600e+16
5.255376189350163258e+03 2.284112929798776800e+16
5.255709758134000367e+03 2.283852305606788800e+16
5.256043326917837476e+03 2.283588531087296000e+16
5.256376895701673675e+03 2.283321667950072000e+16
5.256710464485511693e+03 2.283051778281581600e+16
5.257044033269347892e+03 2.282778924532887600e+16
5.257377602053184091e+03 2.282503169507516800e+16
5.257711170837022109e+03 2.282224576349305200e+16
5.258044739620858309e+03 2.281943208530198800e+16
5.258378308404695417e+03 2.281659129838053200e+16
5.258711877188531616e+03 2.281372404364399200e+16
5.259045445972369635e+03 2.281083096492208800e+16
5.259379014756205834e+03 2.280791270883644400e+16
5.259712583540042942e+03 2.280496992467808000e+16
5.260046152323880051e+03 2.280200326428500800e+16
5.260379721107717160e+03 2.279901338191970000e+16
5.260713289891553359e+03 2.279600093414682800e+16
5.261046858675390467e+03 2.279296657971109200e+16
5.261380427459227576e+03 2.278991097941522400e+16
5.261713996243063775e+03 2.278683479599826400e+16
5.262047565026900884e+03 2.278373869401406400e+16
5.262381133810737992e+03 2.278062333971018400e+16
5.262714702594575101e+03 2.277748940090705200e+16
5.263048271378411300e+03 2.277433754687763200e+16
5.263381840162249318e+03 2.277116844822745600e+16
5.263715408946085518e+03 2.276798277677510000e+16
5.264048977729921717e+03 2.276478120543333200e+16
5.264382546513759735e+03 2.276156440809066400e+16
5.264716115297595934e+03 2.275833305949349600e+16
5.265049684081433043e+03 2.275508783512902000e+16
5.265383252865269242e+03 2.275182941110864800e+16
5.265716821649107260e+03 2.274855846405219200e+16
5.266050390432943459e+03 2.274527567097277200e+16
5.266383959216780568e+03 2.274198170916245600e+16
5.266717528000617676e+03 2.273867725607877600e+16
5.267051096784454785e+03 2.273536298923190800e+16
5.267384665568290984e+03 2.273203958607286000e+16
5.267718234352129002e+03 2.272870772388249200e+16
5.268051803135965201e+03 2.272536807966137600e+16
5.268385371919801401e+03 2.272202133002071200e+16
5.268718940703638509e+03 2.271866815107408800e+16
5.269052509487475618e+03 2.271530921833031200e+16
5.269386078271312726e+03 2.271194520658716800e+16
5.269719647055148926e+03 2.270857678982634800e+16
5.270053215838986944e+03 2.270520464110926400e+16
5.270386784622823143e+03 2.270182943247404400e+16
5.270720353406660251e+03 2.269845183483364000e+16
5.271053922190497360e+03 2.269507251787500800e+16
5.271387490974334469e+03 2.269169214995934400e+16
5.271721059758170668e+03 2.268831139802366400e+16
5.272054628542006867e+03 2.268493092748341600e+16
5.272388197325844885e+03 2.268155140213626000e+16
5.272721766109681084e+03 2.267817348406713200e+16
5.273055334893518193e+03 2.267479783355452000e+16
5.273388903677355302e+03 2.267142510897784000e+16
5.273722472461192410e+03 2.266805596672617200e+16
5.274056041245028609e+03 2.266469106110822800e+16
5.274389610028866628e+03 2.266133104426354400e+16
5.274723178812702827e+03 2.265797656607492800e+16
5.275056747596539935e+03 2.265462827408225600e+16
5.275390316380376134e+03 2.265128681339742400e+16
5.275723885164214153e+03 2.264795282662078400e+16
5.276057453948050352e+03 2.264462695375858800e+16
5.276391022731886551e+03 2.264130983214209600e+16
5.276724591515724569e+03 2.263800209634767200e+16
5.277058160299560768e+03 2.263470437811828800e+16
5.277391729083397877e+03 2.263141730628644400e+16
5.277725297867234985e+03 2.262814150669828800e+16
5.278058866651072094e+03 2.262487760213897600e+16
5.278392435434908293e+03 2.262162621225960800e+16
5.278726004218745402e+03 2.261838795350515200e+16
5.279059573002582511e+03 2.261516343904396400e+16
5.279393141786419619e+03 2.261195327869833600e+16
5.279726710570255818e+03 2.260875807887664000e+16
5.280060279354093836e+03 2.260557844250654800e+16
5.280393848137930036e+03 2.260241496896963200e+16
5.280727416921766235e+03 2.259926825403732400e+16
5.281060985705604253e+03 2.259613888980802400e+16
5.281394554489440452e+03 2.259302746464558800e+16
5.281728123273277561e+03 2.258993456311904800e+16
5.282061692057113760e+03 2.258686076594367600e+16
5.282395260840951778e+03 2.258380664992314400e+16
5.282728829624787977e+03 2.258077278789311200e+16
5.283062398408625086e+03 2.257775974866597600e+16
5.283395967192462194e+03 2.257476809697682000e+16
5.283729535976299303e+03 2.257179839343064000e+16
5.284063104760135502e+03 2.256885119445081600e+16
5.284396673543972611e+03 2.256592705222867600e+16
5.284730242327809719e+03 2.256302651467432400e+16
5.285063811111645919e+03 2.256015012536864800e+16
5.285397379895483027e+03 2.255729842351649200e+16
5.285730948679320136e+03 2.255447194390098400e+16
5.286064517463157244e+03 2.255167121683889200e+16
5.286398086246993444e+03 2.254889676813736000e+16
5.286731655030831462e+03 2.254614911905151200e+16
5.287065223814667661e+03 2.254342878624326000e+16
5.287398792598503860e+03 2.254073628174124800e+16
5.287732361382341878e+03 2.253807211290173600e+16
5.288065930166178077e+03 2.253543678237069600e+16
5.288399498950015186e+03 2.253283078804680000e+16
5.288733067733851385e+03 2.253025462304556000e+16
5.289066636517689403e+03 2.252770877566441600e+16
5.289400205301525602e+03 2.252519372934880800e+16
5.289733774085362711e+03 2.252270996265929200e+16
5.290067342869199820e+03 2.252025794923952800e+16
5.290400911653036928e+03 2.251783815778532000e+16
5.290734480436873127e+03 2.251545105201452000e+16
5.291068049220711146e+03 2.251309709063783200e+16
5.291401618004547345e+03 2.251077672733057600e+16
5.291735186788383544e+03 2.250849041070530400e+16
5.292068755572220653e+03 2.250623858428525600e+16
5.292402324356057761e+03 2.250402168647870800e+16
5.292735893139894870e+03 2.250184015055409600e+16
5.293069461923731069e+03 2.249969440461604400e+16
5.293403030707569087e+03 2.249758487158208000e+16
5.293736599491405286e+03 2.249551196916018000e+16
5.294070168275242395e+03 2.249347610982712800e+16
5.294403737059078594e+03 2.249147770080751600e+16
5.294737305842916612e+03 2.248951714405356000e+16
5.295070874626752811e+03 2.248759483622554800e+16
5.295404443410589010e+03 2.248571116867310400e+16
5.295738012194427029e+03 2.248386652741694800e+16
5.296071580978263228e+03 2.248206129313149600e+16
5.296405149762100336e+03 2.248029584112796800e+16
5.296738718545937445e+03 2.247857054133826400e+16
5.297072287329774554e+03 2.247688575829923200e+16
5.297405856113610753e+03 2.247524185113775600e+16
5.297739424897447861e+03 2.247363917355631600e+16
5.298072993681284970e+03 2.247207807381902400e+16
5.298406562465122079e+03 2.247055889473836800e+16
5.298740131248958278e+03 2.246908197366242000e+16
5.299073700032796296e+03 2.246764764246246400e+16
5.299407268816632495e+03 2.246625622752119200e+16
5.299740837600468694e+03 2.246490804972143600e+16
5.300074406384306712e+03 2.246360342443531200e+16
5.300407975168142912e+03 2.246234266151364000e+16
5.300741543951980020e+03 2.246112606527617600e+16
5.301075112735816219e+03 2.245995393450183600e+16
5.301408681519654237e+03 2.245882656241969200e+16
5.301742250303490437e+03 2.245774423670003200e+16
5.302075819087327545e+03 2.245670723944602800e+16
5.302409387871164654e+03 2.245571584718567600e+16
5.302742956655001763e+03 2.245477033086401600e+16
5.303076525438837962e+03 2.245387095583579200e+16
5.303410094222675980e+03 2.245301798185834800e+16
5.303743663006512179e+03 2.245221166308484000e+16
5.304077231790348378e+03 2.245145224805778000e+16
5.304410800574185487e+03 2.245073997970276400e+16
5.304744369358022595e+03 2.245007509532259600e+16
5.305077938141859704e+03 2.244945782659144800e+16
5.305411506925695903e+03 2.244888839954952000e+16
5.305745075709533921e+03 2.244836703459771600e+16
5.306078644493370120e+03 2.244789394649260800e+16
5.306412213277207229e+03 2.244746934434163600e+16
5.306745782061044338e+03 2.244709343159839200e+16
5.307079350844881446e+03 2.244676640605819200e+16
5.307412919628717646e+03 2.244648845985376800e+16
5.307746488412553845e+03 2.244625977945110400e+16
5.308080057196391863e+03 2.244608054564543600e+16
5.308413625980228062e+03 2.244595093355733600e+16
5.308747194764065171e+03 2.244587111262904800e+16
5.309080763547902279e+03 2.244584124662080800e+16
5.309414332331739388e+03 2.244586149360728400e+16
5.309747901115575587e+03 2.244593200597425600e+16
5.310081469899413605e+03 2.244605293041518400e+16
5.310415038683249804e+03 2.244622440792800000e+16
5.310748607467086003e+03 2.244644657381191200e+16
5.311082176250923112e+03 2.244671955766428800e+16
5.311415745034760221e+03 2.244704348337763600e+16
5.311749313818597329e+03 2.244741846913652000e+16
5.312082882602433529e+03 2.244784462741468800e+16
5.312416451386271547e+03 2.244832206497209600e+16
5.312750020170107746e+03 2.244885088285202400e+16
5.313083588953944854e+03 2.244943117637823200e+16
5.313417157737781963e+03 2.245006303515208800e+16
5.313750726521619072e+03 2.245074654304978400e+16
5.314084295305455271e+03 2.245148177821944000e+16
5.314417864089291470e+03 2.245226881307843600e+16
5.314751432873129488e+03 2.245310771431044400e+16
5.315085001656965687e+03 2.245399854286269600e+16
5.315418570440802796e+03 2.245494135394325600e+16
5.315752139224639905e+03 2.245593619701802400e+16
5.316085708008477013e+03 2.245698311580802800e+16
5.316419276792313212e+03 2.245808214828658400e+16
5.316752845576151230e+03 2.245923332667640800e+16
5.317086414359987430e+03 2.246043667744670400e+16
5.317419983143824538e+03 2.246169222131036000e+16
5.317753551927660737e+03 2.246299997322100000e+16
5.318087120711498756e+03 2.246435994237005600e+16
5.318420689495334955e+03 2.246577213218382000e+16
5.318754258279171154e+03 2.246723654032049600e+16
5.319087827063009172e+03 2.246875315866720800e+16
5.319421395846845371e+03 2.247032197333698400e+16
5.319754964630682480e+03 2.247194296466580800e+16
5.320088533414519588e+03 2.247361610720954400e+16
5.320422102198356697e+03 2.247534136974083200e+16
5.320755670982192896e+03 2.247711871524617600e+16
5.321089239766030005e+03 2.247894810092281200e+16
5.321422808549867113e+03 2.248082947817562000e+16
5.321756377333704222e+03 2.248276279261412000e+16
5.322089946117540421e+03 2.248474798404939200e+16
5.322423514901378439e+03 2.248678498649103600e+16
5.322757083685214639e+03 2.248887372814413600e+16
5.323090652469050838e+03 2.249101413140622800e+16
5.323424221252888856e+03 2.249320611286439600e+16
5.323757790036725055e+03 2.249544958329215200e+16
5.324091358820562164e+03 2.249774444764666000e+16
5.324424927604398363e+03 2.250009060506580800e+16
5.324758496388236381e+03 2.250248794886536800e+16
5.325092065172072580e+03 2.250493636653622000e+16
5.325425633955909689e+03 2.250743573974168000e+16
5.325759202739746797e+03 2.250998594431488000e+16
5.326092771523583906e+03 2.251258685025615200e+16
5.326426340307420105e+03 2.251523832173068400e+16
5.326759909091258123e+03 2.251794021706607200e+16
5.327093477875094322e+03 2.252069238875015600e+16
5.327427046658930522e+03 2.252349468342888800e+16
5.327760615442767630e+03 2.252634694190434800e+16
5.328094184226604739e+03 2.252924899913299200e+16
5.328427753010441847e+03 2.253220068422379600e+16
5.328761321794278047e+03 2.253520182043700400e+16
5.329094890578116065e+03 2.253825222518262000e+16
5.329428459361952264e+03 2.254135171001937600e+16
5.329762028145789373e+03 2.254450008065382400e+16
5.330095596929626481e+03 2.254769713693964000e+16
5.330429165713463590e+03 2.255094267287716400e+16
5.330762734497299789e+03 2.255423647661320800e+16
5.331096303281135988e+03 2.255757833044120000e+16
5.331429872064974006e+03 2.256096801080145600e+16
5.331763440848810205e+03 2.256440528828191200e+16
5.332097009632647314e+03 2.256788992761906400e+16
5.332430578416484423e+03 2.257142168769931200e+16
5.332764147200321531e+03 2.257500032156062400e+16
5.333097715984157730e+03 2.257862557639453600e+16
5.333431284767995749e+03 2.258229719354868000e+16
5.333764853551831948e+03 2.258601490852947200e+16
5.334098422335668147e+03 2.258977845100550400e+16
5.334431991119505255e+03 2.259358754481118800e+16
5.334765559903342364e+03 2.259744190795095200e+16
5.335099128687179473e+03 2.260134125260385600e+16
5.335432697471015672e+03 2.260528528512879200e+16
5.335766266254853690e+03 2.260927370607020800e+16
5.336099835038689889e+03 2.261330621016425600e+16
5.336433403822526998e+03 2.261738248634572400e+16
5.336766972606364106e+03 2.262150221775532800e+16
5.337100541390201215e+03 2.262566508174783600e+16
5.337434110174037414e+03 2.262987074990066800e+16
5.337767678957873613e+03 2.263411888802325200e+16
5.338101247741711632e+03 2.263840915616703200e+16
5.338434816525547831e+03 2.264274120863615600e+16
5.338768385309384939e+03 2.264711469399900400e+16
5.339101954093222048e+03 2.265152925510034000e+16
5.339435522877059157e+03 2.265598452907438800e+16
5.339769091660895356e+03 2.266048014735853600e+16
5.340102660444733374e+03 2.266501573570812000e+16
5.340436229228569573e+03 2.266959091421181200e+16
5.340769798012406682e+03 2.267420529730809600e+16
5.341103366796242881e+03 2.267885849380256800e+16
5.341436935580080899e+03 2.268355010688616800e+16
5.341770504363917098e+03 2.268827973415440400e+16
5.342104073147753297e+03 2.269304696762758000e+16
5.342437641931591315e+03 2.269785139377207600e+16
5.342771210715427515e+03 2.270269259352249600e+16
5.343104779499264623e+03 2.270757014230520800e+16
5.343438348283101732e+03 2.271248361006272000e+16
5.343771917066938840e+03 2.271743256127927200e+16
5.344105485850775040e+03 2.272241655500762400e+16
5.344439054634612148e+03 2.272743514489701600e+16
5.344772623418449257e+03 2.273248787922232000e+16
5.345106192202286366e+03 2.273757430091444400e+16
5.345439760986122565e+03 2.274269394759206400e+16
5.345773329769960583e+03 2.274784635159454400e+16
5.346106898553796782e+03 2.275303104001628400e+16
5.346440467337632981e+03 2.275824753474241600e+16
5.346774036121470999e+03 2.276349535248582400e+16
5.347107604905307198e+03 2.276877400482562800e+16
5.347441173689144307e+03 2.277408299824709200e+16
5.347774742472980506e+03 2.277942183418302400e+16
5.348108311256818524e+03 2.278479000905664400e+16
5.348441880040654723e+03 2.279018701432593600e+16
5.348775448824491832e+03 2.279561233652967600e+16
5.349109017608328941e+03 2.280106545733491200e+16
5.349442586392166049e+03 2.280654585358605200e+16
5.349776155176002248e+03 2.281205299735571200e+16
5.350109723959840267e+03 2.281758635599706400e+16
5.350443292743676466e+03 2.282314539219791600e+16
5.350776861527512665e+03 2.282872956403655600e+16
5.351110430311349774e+03 2.283433832503924000e+16
5.351443999095186882e+03 2.283997112423945200e+16
5.351777567879023991e+03 2.284562740623898400e+16
5.352111136662860190e+03 2.285130661127078400e+16
5.352444705446698208e+03 2.285700817526360400e+16
5.352778274230534407e+03 2.286273152990850400e+16
5.353111843014371516e+03 2.286847610272725600e+16
5.353445411798208625e+03 2.287424131714259200e+16
5.353778980582045733e+03 2.288002659255028800e+16
5.354112549365881932e+03 2.288583134439336400e+16
5.354446118149718131e+03 2.289165498423797600e+16
5.354779686933556150e+03 2.289749691985147200e+16
5.355113255717392349e+03 2.290335655528222400e+16
5.355446824501229457e+03 2.290923329094168800e+16
5.355780393285066566e+03 2.291512652368820000e+16
5.356113962068903675e+03 2.292103564691290800e+16
5.356447530852739874e+03 2.292696005062781600e+16
5.356781099636577892e+03 2.293289912155568800e+16
5.357114668420414091e+03 2.293885224322206800e+16
5.357448237204250290e+03 2.294481879604940000e+16
5.357781805988087399e+03 2.295079815745309200e+16
5.358115374771924508e+03 2.295678970193980400e+16
5.358448943555761616e+03 2.296279280120760800e+16
5.358782512339597815e+03 2.296880682424837600e+16
5.359116081123435833e+03 2.297483113745216400e+16
5.359449649907272033e+03 2.298086510471364800e+16
5.359783218691109141e+03 2.298690808754074400e+16
5.360116787474946250e+03 2.299295944516511200e+16
5.360450356258783358e+03 2.299901853465490800e+16
5.360783925042619558e+03 2.300508471102942800e+16
5.361117493826455757e+03 2.301115732737597600e+16
5.361451062610293775e+03 2.301723573496858400e+16
5.361784631394129974e+03 2.302331928338883600e+16
5.362118200177967083e+03 2.302940732064883200e+16
5.362451768961804191e+03 2.303549919331591200e+16
5.362785337745641300e+03 2.304159424663955200e+16
5.363118906529477499e+03 2.304769182468015200e+16
5.363452475313315517e+03 2.305379127043976800e+16
5.363786044097151716e+03 2.305989192599472400e+16
5.364119612880988825e+03 2.306599313263030800e+16
5.364453181664825024e+03 2.307209423097709600e+16
5.364786750448663042e+03 2.307819456114922400e+16
5.365120319232499241e+03 2.308429346288457600e+16
5.365453888016335441e+03 2.309039027568657600e+16
5.365787456800173459e+03 2.309648433896786800e+16
5.366121025584009658e+03 2.310257499219560800e+16
5.366454594367846767e+03 2.310866157503859600e+16
5.366788163151683875e+03 2.311474342751580800e+16
5.367121731935520984e+03 2.312081989014669600e+16
5.367455300719357183e+03 2.312689030410303600e+16
5.367788869503194292e+03 2.313295401136217600e+16
5.368122438287031400e+03 2.313901035486186400e+16
5.368456007070868509e+03 2.314505867865638000e+16
5.368789575854704708e+03 2.315109832807408000e+16
5.369123144638542726e+03 2.315712864987627200e+16
5.369456713422378925e+03 2.316314899241720400e+16
5.369790282206215124e+03 2.316915870580545200e+16
5.370123850990053143e+03 2.317515714206624800e+16
5.370457419773889342e+03 2.318114365530490400e+16
5.370790988557726450e+03 2.318711760187138400e+16
5.371124557341562650e+03 2.319307834052561200e+16
5.371458126125400668e+03 2.319902523260381200e+16
5.371791694909236867e+03 2.320495764218549200e+16
5.372125263693073975e+03 2.321087493626129600e+16
5.372458832476911084e+03 2.321677648490147200e+16
5.372792401260748193e+03 2.322266166142481600e+16
5.373125970044584392e+03 2.322852984256824400e+16
5.373459538828422410e+03 2.323438040865679200e+16
5.373793107612258609e+03 2.324021274377379600e+16
5.374126676396094808e+03 2.324602623593152800e+16
5.374460245179931917e+03 2.325182027724189600e+16
5.374793813963769026e+03 2.325759426408724800e+16
5.375127382747606134e+03 2.326334759729121200e+16
5.375460951531442333e+03 2.326907968228944400e+16
5.375794520315280351e+03 2.327478992930019200e+16
5.376128089099116551e+03 2.328047775349457600e+16
5.376461657882953659e+03 2.328614257516661600e+16
5.376795226666790768e+03 2.329178381990265600e+16
5.377128795450627877e+03 2.329740091875037600e+16
5.377462364234464076e+03 2.330299330838714400e+16
5.377795933018300275e+03 2.330856043128759200e+16
5.378129501802138293e+03 2.331410173589040000e+16
5.378463070585974492e+03 2.331961667676412000e+16
5.378796639369811601e+03 2.332510471477209600e+16
5.379130208153648709e+03 2.333056531723612400e+16
5.379463776937485818e+03 2.333599795809888400e+16
5.379797345721322017e+03 2.334140211808525600e+16
5.380130914505160035e+03 2.334677728486201600e+16
5.380464483288996234e+03 2.335212295319601200e+16
5.380798052072832434e+03 2.335743862511093600e+16
5.381131620856669542e+03 2.336272381004212800e+16
5.381465189640506651e+03 2.336797802498973600e+16
5.381798758424343760e+03 2.337320079466988000e+16
5.382132327208179959e+03 2.337839165166381600e+16
5.382465895992017977e+03 2.338355013656506000e+16
5.382799464775854176e+03 2.338867579812413200e+16
5.383133033559691285e+03 2.339376819339124800e+16
5.383466602343528393e+03 2.339882688785632800e+16
5.383800171127365502e+03 2.340385145558670800e+16
5.384133739911201701e+03 2.340884147936219200e+16
5.384467308695037900e+03 2.341379655080742400e+16
5.384800877478875918e+03 2.341871627052143200e+16
5.385134446262712117e+03 2.342360024820434400e+16
5.385468015046549226e+03 2.342844810278118800e+16
5.385801583830386335e+03 2.343325946252254400e+16
5.386135152614223443e+03 2.343803396516212000e+16
5.386468721398059643e+03 2.344277125801109600e+16
5.386802290181897661e+03 2.344747099806916800e+16
5.387135858965733860e+03 2.345213285213212000e+16
5.387469427749570968e+03 2.345675649689617200e+16
5.387802996533407168e+03 2.346134161905840800e+16
5.388136565317245186e+03 2.346588791541394800e+16
5.388470134101081385e+03 2.347039509294917200e+16
5.388803702884917584e+03 2.347486286893132800e+16
5.389137271668755602e+03 2.347929097099425600e+16
5.389470840452591801e+03 2.348367913722012000e+16
5.389804409236428910e+03 2.348802711621744400e+16
5.390137978020266019e+03 2.349233466719477200e+16
5.390471546804103127e+03 2.349660156003051200e+16
5.390805115587939326e+03 2.350082757533856000e+16
5.391138684371776435e+03 2.350501250452970800e+16
5.391472253155613544e+03 2.350915614986884800e+16
5.391805821939450652e+03 2.351325832452782400e+16
5.392139390723286851e+03 2.351731885263420000e+16
5.392472959507124870e+03 2.352133756931520000e+16
5.392806528290961069e+03 2.352531432073776400e+16
5.393140097074797268e+03 2.352924896414375200e+16
5.393473665858635286e+03 2.353314136788096000e+16
5.393807234642471485e+03 2.353699141142950400e+16
5.394140803426308594e+03 2.354079898542362400e+16
5.394474372210144793e+03 2.354456399166918400e+16
5.394807940993982811e+03 2.354828634315637200e+16
5.395141509777819010e+03 2.355196596406791200e+16
5.395475078561656119e+03 2.355560278978279200e+16
5.395808647345493227e+03 2.355919676687524800e+16
5.396142216129330336e+03 2.356274785310926000e+16
5.396475784913166535e+03 2.356625601742846400e+16
5.396809353697004553e+03 2.356972123994144000e+16
5.397142922480840753e+03 2.357314351190235200e+16
5.397476491264676952e+03 2.357652283568727200e+16
5.397810060048514060e+03 2.357985922476563600e+16
5.398143628832351169e+03 2.358315270366734800e+16
5.398477197616188278e+03 2.358640330794540800e+16
5.398810766400024477e+03 2.358961108413382800e+16
5.399144335183862495e+03 2.359277608970148000e+16
5.399477903967698694e+03 2.359589839300101200e+16
5.399811472751535803e+03 2.359897807321381600e+16
5.400145041535372911e+03 2.360201522029042800e+16
5.400478610319209110e+03 2.360500993488656800e+16
5.400812179103046219e+03 2.360796232829508800e+16
5.401145747886882418e+03 2.361087252237350800e+16
5.401479316670720436e+03 2.361374064946755200e+16
5.401812885454556636e+03 2.361656685233038400e+16
5.402146454238393744e+03 2.361935128403797600e+16
5.402480023022230853e+03 2.362209410790034400e+16
5.402813591806067961e+03 2.362479549736880000e+16
5.403147160589904161e+03 2.362745563593954800e+16
5.403480729373742179e+03 2.363007471705321600e+16
5.403814298157578378e+03 2.363265294399077600e+16
5.404147866941414577e+03 2.363519052976580400e+16
5.404481435725251686e+03 2.363768769701318000e+16
5.404815004509088794e+03 2.364014467787410400e+16
5.405148573292925903e+03 2.364256171387790400e+16
5.405482142076762102e+03 2.364493905582030800e+16
5.405815710860600120e+03 2.364727696363860800e+16
5.406149279644436319e+03 2.364957570628344400e+16
5.406482848428273428e+03 2.365183556158768800e+16
5.406816417212110537e+03 2.365405681613224800e+16
5.407149985995947645e+03 2.365623976510883600e+16
5.407483554779783844e+03 2.365838471218014400e+16
5.407817123563620044e+03 2.366049196933709600e+16
5.408150692347458062e+03 2.366256185675354400e+16
5.408484261131294261e+03 2.366459470263837600e+16
5.408817829915131369e+03 2.366659084308532400e+16
5.409151398698968478e+03 2.366855062192022000e+16
5.409484967482805587e+03 2.367047439054610400e+16
5.409818536266641786e+03 2.367236250778631200e+16
5.410152105050479804e+03 2.367421533972524800e+16
5.410485673834316003e+03 2.367603325954749600e+16
5.410819242618153112e+03 2.367781664737485600e+16
5.411152811401989311e+03 2.367956589010181200e+16
5.411486380185827329e+03 2.368128138122926400e+16
5.411819948969663528e+03 2.368296352069676400e+16
5.412153517753499727e+03 2.368461271471332400e+16
5.412487086537337746e+03 2.368622937558688400e+16
5.412820655321173945e+03 2.368781392155252400e+16
5.413154224105011053e+03 2.368936677659960000e+16
5.413487792888848162e+03 2.369088837029789600e+16
5.413821361672685271e+03 2.369237913762266000e+16
5.414154930456521470e+03 2.369383951877911600e+16
5.414488499240358578e+03 2.369526995902593600e+16
5.414822068024195687e+03 2.369667090849842400e+16
5.415155636808032796e+03 2.369804282203084000e+16
5.415489205591868995e+03 2.369938615897860400e+16
5.415822774375707013e+03 2.370070138303993600e+16
5.416156343159543212e+03 2.370198896207740800e+16
5.416489911943379411e+03 2.370324936793935200e+16
5.416823480727217429e+03 2.370448307628112000e+16
5.417157049511053629e+03 2.370569056638650800e+16
5.417490618294890737e+03 2.370687232098928800e+16
5.417824187078726936e+03 2.370802882609496000e+16
5.418157755862564954e+03 2.370916057080279200e+16
5.418491324646401154e+03 2.371026804712834400e+16
5.418824893430238262e+03 2.371135174982644800e+16
5.419158462214075371e+03 2.371241217621470400e+16
5.419492030997912480e+03 2.371344982599777600e+16
5.419825599781748679e+03 2.371446520109224800e+16
5.420159168565586697e+03 2.371545880545244800e+16
5.420492737349422896e+03 2.371643114489705600e+16
5.420826306133259095e+03 2.371738272693678000e+16
5.421159874917096204e+03 2.371831406060302000e+16
5.421493443700933312e+03 2.371922565627759200e+16
5.421827012484770421e+03 2.372011802552369200e+16
5.422160581268606620e+03 2.372099168091817200e+16
5.422494150052444638e+03 2.372184713588499200e+16
5.422827718836280837e+03 2.372268490453012800e+16
5.423161287620117946e+03 2.372350550147794400e+16
5.423494856403955055e+03 2.372430944170897200e+16
5.423828425187791254e+03 2.372509724039925600e+16
5.424161993971628362e+03 2.372586941276150000e+16
5.424495562755464562e+03 2.372662647388750800e+16
5.424829131539302580e+03 2.372736893859271200e+16
5.425162700323138779e+03 2.372809732126218000e+16
5.425496269106975888e+03 2.372881213569859200e+16
5.425829837890812996e+03 2.372951389497202800e+16
5.426163406674650105e+03 2.373020311127152800e+16
5.426496975458486304e+03 2.373088029575882400e+16
5.426830544242324322e+03 2.373154595842380800e+16
5.427164113026160521e+03 2.373220060794212400e+16
5.427497681809996720e+03 2.373284475153475200e+16
5.427831250593833829e+03 2.373347889482972400e+16
5.428164819377670938e+03 2.373410354172585600e+16
5.428498388161508046e+03 2.373471919425864000e+16
5.428831956945344245e+03 2.373532635246832000e+16
5.429165525729182264e+03 2.373592551427010800e+16
5.429499094513018463e+03 2.373651717532654000e+16
5.429832663296855571e+03 2.373710182892221600e+16
5.430166232080692680e+03 2.373767996584057200e+16
5.430499800864529789e+03 2.373825207424302000e+16
5.430833369648365988e+03 2.373881863955034000e+16
5.431166938432202187e+03 2.373938014432630800e+16
5.431500507216040205e+03 2.373993706816364000e+16
5.431834075999876404e+03 2.374048988757215600e+16
5.432167644783713513e+03 2.374103907586940800e+16
5.432501213567550622e+03 2.374158510307338400e+16
5.432834782351387730e+03 2.374212843579772400e+16
5.433168351135223929e+03 2.374266953714910000e+16
5.433501919919061947e+03 2.374320886662702400e+16
5.433835488702898147e+03 2.374374688002577600e+16
5.434169057486735255e+03 2.374428402933890400e+16
5.434502626270571454e+03 2.374482076266574800e+16
5.434836195054409473e+03 2.374535752412044000e+16
5.435169763838245672e+03 2.374589475374308400e+16
5.435503332622081871e+03 2.374643288741331200e+16
5.435836901405919889e+03 2.374697235676601600e+16
5.436170470189756088e+03 2.374751358910930400e+16
5.436504038973593197e+03 2.374805700734483200e+16
5.436837607757430305e+03 2.374860302989026800e+16
5.437171176541267414e+03 2.374915207060391200e+16
5.437504745325103613e+03 2.374970453871168800e+16
5.437838314108940722e+03 2.375026083873610000e+16
5.438171882892777830e+03 2.375082137042752400e+16
5.438505451676614939e+03 2.375138652869753600e+16
5.438839020460451138e+03 2.375195670355436800e+16
5.439172589244289156e+03 2.375253228004053200e+16
5.439506158028125355e+03 2.375311363817240800e+16
5.439839726811961555e+03 2.375370115288202400e+16
5.440173295595799573e+03 2.375429519396070800e+16
5.440506864379635772e+03 2.375489612600485200e+16
5.440840433163472881e+03 2.375550430836364400e+16
5.441174001947309080e+03 2.375612009508872800e+16
5.441507570731147098e+03 2.375674383488579600e+16
5.441841139514983297e+03 2.375737587106805200e+16
5.442174708298820406e+03 2.375801654151161600e+16
5.442508277082657514e+03 2.375866617861275200e+16
5.442841845866494623e+03 2.375932510924684400e+16
5.443175414650330822e+03 2.375999365472922800e+16
5.443508983434168840e+03 2.376067213077780400e+16
5.443842552218005039e+03 2.376136084747724000e+16
5.444176121001841238e+03 2.376206010924509600e+16
5.444509689785678347e+03 2.376277021479940000e+16
5.444843258569515456e+03 2.376349145712796000e+16
5.445176827353352564e+03 2.376422412345931200e+16
5.445510396137188764e+03 2.376496849523511200e+16
5.445843964921026782e+03 2.376572484808431600e+16
5.446177533704862981e+03 2.376649345179856000e+16
5.446511102488700089e+03 2.376727457030925200e+16
5.446844671272537198e+03 2.376806846166609600e+16
5.447178240056373397e+03 2.376887537801685200e+16
5.447511808840210506e+03 2.376969556558874400e+16
5.447845377624046705e+03 2.377052926467096000e+16
5.448178946407884723e+03 2.377137670959877600e+16
5.448512515191720922e+03 2.377223812873860000e+16
5.448846083975558031e+03 2.377311374447465600e+16
5.449179652759395140e+03 2.377400377319667200e+16
5.449513221543232248e+03 2.377490842528872800e+16
5.449846790327068447e+03 2.377582790511951200e+16
5.450180359110906466e+03 2.377676241103346800e+16
5.450513927894742665e+03 2.377771213534317200e+16
5.450847496678578864e+03 2.377867726432280400e+16
5.451181065462415972e+03 2.377965797820255200e+16
5.451514634246253081e+03 2.378065445116420400e+16
5.451848203030090190e+03 2.378166685133755600e+16
5.452181771813926389e+03 2.378269534079789600e+16
5.452515340597764407e+03 2.378374007556440000e+16
5.452848909381600606e+03 2.378480120559936000e+16
5.453182478165437715e+03 2.378587887480844800e+16
5.453516046949274823e+03 2.378697322104160400e+16
5.453849615733111932e+03 2.378808437609488800e+16
5.454183184516948131e+03 2.378921246571321600e+16
5.454516753300784330e+03 2.379035760959360000e+16
5.454850322084622348e+03 2.379151992138939600e+16
5.455183890868458548e+03 2.379269950871507200e+16
5.455517459652295656e+03 2.379389647315177600e+16
5.455851028436132765e+03 2.379511091025362400e+16
5.456184597219969874e+03 2.379634290955440800e+16
5.456518166003806073e+03 2.379759255457524800e+16
5.456851734787644091e+03 2.379885992283250800e+16
5.457185303571480290e+03 2.380014508584651600e+16
5.457518872355317399e+03 2.380144810915082000e+16
5.457852441139153598e+03 2.380276905230184000e+16
5.458186009922991616e+03 2.380410796888919200e+16
5.458519578706827815e+03 2.380546490654633600e+16
5.458853147490664014e+03 2.380683990696194000e+16
5.459186716274502032e+03 2.380823300589144400e+16
5.459520285058338231e+03 2.380964423316914000e+16
5.459853853842175340e+03 2.381107361272086800e+16
5.460187422626012449e+03 2.381252116257676000e+16
5.460520991409849557e+03 2.381398689488466000e+16
5.460854560193685757e+03 2.381547081592378400e+16
5.461188128977522865e+03 2.381697292611876800e+16
5.461521697761359974e+03 2.381849322005404800e+16
5.461855266545197082e+03 2.382003168648854000e+16
5.462188835329033282e+03 2.382158830837072000e+16
5.462522404112871300e+03 2.382316306285388800e+16
5.462855972896707499e+03 2.382475592131182000e+16
5.463189541680543698e+03 2.382636684935460000e+16
5.463523110464381716e+03 2.382799580684484000e+16
5.463856679248217915e+03 2.382964274791408000e+16
5.464190248032055024e+03 2.383130762097935200e+16
5.464523816815891223e+03 2.383299036876025600e+16
5.464857385599729241e+03 2.383469092829593600e+16
5.465190954383565440e+03 2.383640923096247600e+16
5.465524523167402549e+03 2.383814520249052400e+16
5.465858091951239658e+03 2.383989876298298000e+16
5.466191660735076766e+03 2.384166982693305600e+16
5.466525229518912965e+03 2.384345830324245600e+16
5.466858798302749165e+03 2.384526409523973600e+16
5.467192367086587183e+03 2.384708710069890800e+16
5.467525935870423382e+03 2.384892721185817600e+16
5.467859504654260490e+03 2.385078431543895600e+16
5.468193073438097599e+03 2.385265829266496000e+16
5.468526642221934708e+03 2.385454901928161600e+16
5.468860211005770907e+03 2.385645636557548800e+16
5.469193779789608925e+03 2.385838019639409600e+16
5.469527348573445124e+03 2.386032037116572800e+16
5.469860917357282233e+03 2.386227674391960800e+16
5.470194486141118432e+03 2.386424916330617600e+16
5.470528054924955541e+03 2.386623747261752000e+16
5.470861623708792649e+03 2.386824150980810000e+16
5.471195192492628848e+03 2.387026110751569200e+16
5.471528761276466867e+03 2.387229609308242400e+16
5.471862330060303066e+03 2.387434628857610000e+16
5.472195898844140174e+03 2.387641151081184400e+16
5.472529467627977283e+03 2.387849157137382400e+16
5.472863036411814392e+03 2.388058627663718400e+16
5.473196605195650591e+03 2.388269542779047200e+16
5.473530173979487699e+03 2.388481882085806800e+16
5.473863742763324808e+03 2.388695624672300000e+16
5.474197311547161007e+03 2.388910749114997200e+16
5.474530880330998116e+03 2.389127233480880000e+16
5.474864449114835224e+03 2.389345055329800000e+16
5.475198017898672333e+03 2.389564191716875200e+16
5.475531586682508532e+03 2.389784619194920400e+16
5.475865155466346550e+03 2.390006313816909600e+16
5.476198724250182750e+03 2.390229251138472000e+16
5.476532293034019858e+03 2.390453406220425200e+16
5.476865861817856057e+03 2.390678753631346400e+16
5.477199430601694075e+03 2.390905267450185600e+16
5.477532999385530275e+03 2.391132921268909200e+16
5.477866568169366474e+03 2.391361688195205600e+16
5.478200136953204492e+03 2.391591540855213600e+16
5.478533705737040691e+03 2.391822451396308800e+16
5.478867274520877800e+03 2.392054391489939200e+16
5.479200843304714908e+03 2.392287332334502400e+16
5.479534412088552017e+03 2.392521244658278000e+16
5.479867980872388216e+03 2.392756098722414400e+16
5.480201549656225325e+03 2.392991864323970400e+16
5.480535118440062433e+03 2.393228510799014400e+16
5.480868687223899542e+03 2.393466007025772800e+16
5.481202256007735741e+03 2.393704321427859200e+16
5.481535824791573759e+03 2.393943421977548800e+16
5.481869393575409958e+03 2.394183276199131200e+16
5.482202962359246158e+03 2.394423851172316800e+16
5.482536531143084176e+03 2.394665113535727200e+16
5.482870099926920375e+03 2.394907029490447200e+16
5.483203668710757483e+03 2.395149564803659200e+16
5.483537237494593683e+03 2.395392684812343200e+16
5.483870806278431701e+03 2.395636354427069200e+16
5.484204375062267900e+03 2.395880538135853200e+16
5.484537943846105009e+03 2.396125200008119600e+16
5.484871512629942117e+03 2.396370303698722800e+16
5.485205081413779226e+03 2.396615812452080000e+16
5.485538650197615425e+03 2.396861689106378000e+16
5.485872218981453443e+03 2.397107896097881600e+16
5.486205787765289642e+03 2.397354395465332800e+16
5.486539356549125841e+03 2.397601148854449200e+16
5.486872925332962950e+03 2.397848117522523200e+16
5.487206494116800059e+03 2.398095262343122800e+16
5.487540062900637167e+03 2.398342543810888800e+16
5.487873631684473366e+03 2.398589922046457600e+16
5.488207200468311385e+03 2.398837356801473600e+16
5.488540769252147584e+03 2.399084807463721200e+16
5.488874338035984692e+03 2.399332233062377200e+16
5.489207906819821801e+03 2.399579592273369600e+16
5.489541475603658910e+03 2.399826843424854400e+16
5.489875044387495109e+03 2.400073944502827600e+16
5.490208613171331308e+03 2.400320853156837600e+16
5.490542181955169326e+03 2.400567526705848800e+16
5.490875750739005525e+03 2.400813922144205600e+16
5.491209319522842634e+03 2.401059996147751600e+16
5.491542888306679743e+03 2.401305705080061600e+16
5.491876457090516851e+03 2.401551004998812800e+16
5.492210025874353050e+03 2.401795851662304800e+16
5.492543594658191068e+03 2.402040200536094400e+16
5.492877163442027268e+03 2.402284006799782400e+16
5.493210732225864376e+03 2.402527225353951200e+16
5.493544301009700575e+03 2.402769810827228800e+16
5.493877869793537684e+03 2.403011717583506000e+16
5.494211438577374793e+03 2.403252899729300800e+16
5.494545007361210992e+03 2.403493311121271600e+16
5.494878576145049010e+03 2.403732905373880400e+16
5.495212144928885209e+03 2.403971635867201600e+16
5.495545713712722318e+03 2.404209455754894400e+16
5.495879282496559426e+03 2.404446317972321600e+16
5.496212851280396535e+03 2.404682175244824000e+16
5.496546420064232734e+03 2.404916980096160000e+16
5.496879988848069843e+03 2.405150684857086000e+16
5.497213557631906951e+03 2.405383241674120000e+16
5.497547126415743151e+03 2.405614602518436000e+16
5.497880695199580259e+03 2.405844719194944000e+16
5.498214263983417368e+03 2.406073543351520800e+16
5.498547832767254476e+03 2.406301026488389600e+16
5.498881401551090676e+03 2.406527119967688000e+16
5.499214970334928694e+03 2.406751775023175200e+16
5.499548539118764893e+03 2.406974942770114400e+16
5.499882107902602002e+03 2.407196574215308800e+16
5.500215676686438201e+03 2.407416620267312400e+16
5.500549245470276219e+03 2.407635031746785600e+16
5.500882814254112418e+03 2.407851759397028000e+16
5.501216383037948617e+03 2.408066753894670000e+16
5.501549951821786635e+03 2.408279965860511200e+16
5.501883520605622834e+03 2.408491345870543200e+16
5.502217089389459943e+03 2.408700844467102400e+16
5.502550658173297052e+03 2.408908412170216800e+16
5.502884226957134160e+03 2.409113999489067600e+16
5.503217795740970359e+03 2.409317556933644000e+16
5.503551364524807468e+03 2.409519035026533600e+16
5.503884933308644577e+03 2.409718384314861600e+16
5.504218502092481685e+03 2.409915555382395200e+16
5.504552070876317885e+03 2.410110498861785600e+16
5.504885639660155903e+03 2.410303165446961600e+16
5.505219208443992102e+03 2.410493505905660400e+16
5.505552777227828301e+03 2.410681471092116800e+16
5.505886346011666319e+03 2.410867011959872400e+16
5.506219914795502518e+03 2.411050079574730800e+16
5.506553483579339627e+03 2.411230625127851600e+16
5.506887052363175826e+03 2.411408599948958000e+16
5.507220621147013844e+03 2.411583955519696000e+16
5.507554189930850043e+03 2.411756643487088400e+16
5.507887758714687152e+03 2.411926615677137200e+16
5.508221327498524261e+03 2.412093824108526400e+16
5.508554896282361369e+03 2.412258221006432000e+16
5.508888465066197568e+03 2.412419758816459600e+16
5.509222033850035587e+03 2.412578390218666800e+16
5.509555602633871786e+03 2.412734068141694400e+16
5.509889171417707985e+03 2.412886745776992400e+16
5.510222740201545093e+03 2.413036376593133600e+16
5.510556308985382202e+03 2.413182914350214800e+16
5.510889877769219311e+03 2.413326313114326400e+16
5.511223446553055510e+03 2.413466527272117600e+16
5.511557015336893528e+03 2.413603511545414800e+16
5.511890584120729727e+03 2.413737221005900000e+16
5.512224152904566836e+03 2.413867611089862400e+16
5.512557721688403944e+03 2.413994637612996000e+16
5.512891290472241053e+03 2.414118256785224400e+16
5.513224859256077252e+03 2.414238425225596000e+16
5.513558428039913451e+03 2.414355099977190400e+16
5.513891996823751469e+03 2.414468238522057600e+16
5.514225565607587669e+03 2.414577798796170000e+16
5.514559134391424777e+03 2.414683739204399600e+16
5.514892703175261886e+03 2.414786018635499200e+16
5.515226271959098995e+03 2.414884596477064800e+16
5.515559840742935194e+03 2.414979432630510400e+16
5.515893409526773212e+03 2.415070487526026400e+16
5.516226978310609411e+03 2.415157722137488800e+16
5.516560547094446520e+03 2.415241097997373600e+16
5.516894115878282719e+03 2.415320577211610400e+16
5.517227684662119827e+03 2.415396122474392800e+16
5.517561253445956936e+03 2.415467697082939600e+16
5.517894822229793135e+03 2.415535264952193600e+16
5.518228391013631153e+03 2.415598790629448400e+16
5.518561959797467352e+03 2.415658239308897200e+16
5.518895528581304461e+03 2.415713576846100400e+16
5.519229097365141570e+03 2.415764769772355600e+16
5.519562666148978678e+03 2.415811785308959600e+16
5.519896234932814878e+03 2.415854591381374400e+16
5.520229803716651986e+03 2.415893156633263600e+16
5.520563372500489095e+03 2.415927450440406800e+16
5.520896941284325294e+03 2.415957442924468000e+16
5.521230510068162403e+03 2.415983104966644800e+16
5.521564078851999511e+03 2.416004408221136800e+16
5.521897647635836620e+03 2.416021325128468400e+16
5.522231216419672819e+03 2.416033828928652800e+16
5.522564785203510837e+03 2.416041893674156400e+16
5.522898353987347036e+03 2.416045494242693600e+16
5.523231922771184145e+03 2.416044606349830400e+16
5.523565491555020344e+03 2.416039206561374000e+16
5.523899060338858362e+03 2.416029272305564800e+16
5.524232629122694561e+03 2.416014781885040800e+16
5.524566197906530761e+03 2.415995714488591600e+16
5.524899766690368779e+03 2.415972050202658800e+16
5.525233335474204978e+03 2.415943770022615200e+16
5.525566904258042086e+03 2.415910855863776000e+16
5.525900473041879195e+03 2.415873290572177200e+16
5.526234041825716304e+03 2.415831057935060000e+16
5.526567610609552503e+03 2.415784142691114400e+16
5.526901179393389612e+03 2.415732530540429200e+16
5.527234748177226720e+03 2.415676208154146400e+16
5.527568316961063829e+03 2.415615163183846400e+16
5.527901885744900028e+03 2.415549384270621200e+16
5.528235454528738046e+03 2.415478861053840000e+16
5.528569023312574245e+03 2.415403584179605600e+16
5.528902592096410444e+03 2.415323545308894800e+16
5.529236160880248462e+03 2.415238737125376000e+16
5.529569729664084662e+03 2.415149153342883600e+16
5.529903298447921770e+03 2.415054788712576800e+16
5.530236867231757969e+03 2.414955639029740800e+16
5.530570436015595988e+03 2.414851701140244800e+16
5.530904004799432187e+03 2.414742972946656000e+16
5.531237573583269295e+03 2.414629453413990000e+16
5.531571142367106404e+03 2.414511142575104000e+16
5.531904711150943513e+03 2.414388041535717600e+16
5.532238279934779712e+03 2.414260152479079200e+16
5.532571848718617730e+03 2.414127478670242800e+16
5.532905417502453929e+03 2.413990024459980800e+16
5.533238986286290128e+03 2.413847795288312400e+16
5.533572555070127237e+03 2.413700797687646800e+16
5.533906123853964345e+03 2.413549039285547200e+16
5.534239692637801454e+03 2.413392528807093600e+16
5.534573261421637653e+03 2.413231276076881200e+16
5.534906830205475671e+03 2.413065292020596800e+16
5.535240398989311871e+03 2.412894588666221600e+16
5.535573967773148979e+03 2.412719179144828000e+16
5.535907536556986088e+03 2.412539077690994400e+16
5.536241105340823196e+03 2.412354299642796800e+16
5.536574674124659396e+03 2.412164861441444800e+16
5.536908242908495595e+03 2.411970780630466400e+16
5.537241811692333613e+03 2.411772075854552800e+16
5.537575380476169812e+03 2.411568766857952400e+16
5.537908949260006921e+03 2.411360874482509200e+16
5.538242518043844029e+03 2.411148420665287200e+16
5.538576086827681138e+03 2.410931428435797200e+16
5.538909655611517337e+03 2.410709921912847200e+16
5.539243224395355355e+03 2.410483926300984800e+16
5.539576793179191554e+03 2.410253467886556000e+16
5.539910361963028663e+03 2.410018574033391200e+16
5.540243930746864862e+03 2.409779273178080800e+16
5.540577499530701971e+03 2.409535594824900800e+16
5.540911068314539079e+03 2.409287569540331200e+16
5.541244637098375279e+03 2.409035228947224800e+16
5.541578205882213297e+03 2.408778605718590000e+16
5.541911774666049496e+03 2.408517733571014400e+16
5.542245343449886605e+03 2.408252647257724000e+16
5.542578912233723713e+03 2.407983382561287600e+16
5.542912481017560822e+03 2.407709976285964000e+16
5.543246049801397021e+03 2.407432466249701600e+16
5.543579618585234130e+03 2.407150891275801600e+16
5.543913187369071238e+03 2.406865291184241600e+16
5.544246756152907437e+03 2.406575706782654800e+16
5.544580324936744546e+03 2.406282179857009600e+16
5.544913893720581655e+03 2.405984753161946400e+16
5.545247462504418763e+03 2.405683470410806800e+16
5.545581031288254962e+03 2.405378376265367200e+16
5.545914600072092981e+03 2.405069516325261600e+16
5.546248168855929180e+03 2.404756937117108000e+16
5.546581737639766288e+03 2.404440686083360800e+16
5.546915306423602487e+03 2.404120811570876800e+16
5.547248875207440506e+03 2.403797362819209200e+16
5.547582443991276705e+03 2.403470389948635200e+16
5.547916012775112904e+03 2.403139943947941200e+16
5.548249581558950922e+03 2.402806076661936000e+16
5.548583150342787121e+03 2.402468840778743200e+16
5.548916719126624230e+03 2.402128289816853200e+16
5.549250287910461338e+03 2.401784478111949600e+16
5.549583856694298447e+03 2.401437460803516800e+16
5.549917425478134646e+03 2.401087293821247200e+16
5.550250994261971755e+03 2.400734033871240000e+16
5.550584563045808864e+03 2.400377738422014400e+16
5.550918131829645972e+03 2.400018465690334400e+16
5.551251700613482171e+03 2.399656274626864800e+16
5.551585269397320189e+03 2.399291224901658000e+16
5.551918838181156389e+03 2.398923376889482400e+16
5.552252406964992588e+03 2.398552791655005600e+16
5.552585975748830606e+03 2.398179530937833600e+16
5.552919544532666805e+03 2.397803657137422000e+16
5.553253113316503914e+03 2.397425233297862400e+16
5.553586682100340113e+03 2.397044323092558000e+16
5.553920250884178131e+03 2.396660990808787200e+16
5.554253819668014330e+03 2.396275301332177600e+16
5.554587388451851439e+03 2.395887320131086800e+16
5.554920957235688547e+03 2.395497113240912400e+16
5.555254526019525656e+03 2.395104747248313600e+16
5.555588094803361855e+03 2.394710289275387600e+16
5.555921663587199873e+03 2.394313806963784000e+16
5.556255232371036072e+03 2.393915368458774000e+16
5.556588801154872272e+03 2.393515042393281600e+16
5.556922369938709380e+03 2.393112897871888000e+16
5.557255938722546489e+03 2.392709004454810400e+16
5.557589507506383598e+03 2.392303432141868800e+16
5.557923076290219797e+03 2.391896251356448000e+16
5.558256645074057815e+03 2.391487532929466800e+16
5.558590213857894014e+03 2.391077348083343200e+16
5.558923782641731123e+03 2.390665768415994800e+16
5.559257351425568231e+03 2.390252865884851600e+16
5.559590920209405340e+03 2.389838712790896400e+16
5.559924488993241539e+03 2.389423381762767200e+16
5.560258057777077738e+03 2.389006945740881600e+16
5.560591626560915756e+03 2.388589477961625200e+16
5.560925195344751955e+03 2.388171051941600000e+16
5.561258764128589064e+03 2.387751741461936800e+16
5.561592332912426173e+03 2.387331620552683600e+16
5.561925901696263281e+03 2.386910763477270400e+16
5.562259470480099480e+03 2.386489244717057600e+16
5.562593039263937499e+03 2.386067138955982000e+16
5.562926608047773698e+03 2.385644521065294400e+16
5.563260176831610806e+03 2.385221466088400800e+16
5.563593745615447006e+03 2.384798049225812000e+16
5.563927314399284114e+03 2.384374345820210000e+16
5.564260883183121223e+03 2.383950431341623200e+16
5.564594451966957422e+03 2.383526381372737600e+16
5.564928020750795440e+03 2.383102271594328000e+16
5.565261589534631639e+03 2.382678177770822400e+16
5.565595158318468748e+03 2.382254175736005600e+16
5.565928727102305857e+03 2.381830341378860000e+16
5.566262295886142965e+03 2.381406750629556800e+16
5.566595864669979164e+03 2.380983479445601200e+16
5.566929433453816273e+03 2.380560603798108000e+16
5.567263002237653382e+03 2.380138199658264800e+16
5.567596571021489581e+03 2.379716342983923200e+16
5.567930139805326689e+03 2.379295109706377600e+16
5.568263708589163798e+03 2.378874575717304000e+16
5.568597277373000907e+03 2.378454816855848000e+16
5.568930846156837106e+03 2.378035908895909600e+16
5.569264414940675124e+03 2.377617927533593200e+16
5.569597983724511323e+03 2.377200948374817200e+16
5.569931552508348432e+03 2.376785046923132000e+16
5.570265121292184631e+03 2.376370298567680000e+16
5.570598690076022649e+03 2.375956778571376000e+16
5.570932258859858848e+03 2.375544562059237600e+16
5.571265827643695047e+03 2.375133724006917600e+16
5.571599396427533065e+03 2.374724339229420000e+16
5.571932965211369265e+03 2.374316482369996000e+16
5.572266533995206373e+03 2.373910227889234000e+16
5.572600102779043482e+03 2.373505650054335200e+16
5.572933671562880590e+03 2.373102822928573200e+16
5.573267240346716790e+03 2.372701820360956000e+16
5.573600809130553898e+03 2.372302715976062400e+16
5.573934377914391007e+03 2.371905583164076000e+16
5.574267946698228116e+03 2.371510495071005600e+16
5.574601515482064315e+03 2.371117524589104800e+16
5.574935084265902333e+03 2.370726744347464000e+16
5.575268653049738532e+03 2.370338226702806400e+16
5.575602221833574731e+03 2.369952043730463200e+16
5.575935790617412749e+03 2.369568267215543200e+16
5.576269359401248948e+03 2.369186968644282400e+16
5.576602928185086057e+03 2.368808219195587600e+16
5.576936496968922256e+03 2.368432089732756400e+16
5.577270065752760274e+03 2.368058650795394000e+16
5.577603634536596473e+03 2.367687972591488800e+16
5.577937203320433582e+03 2.367320124989706400e+16
5.578270772104270691e+03 2.366955177511827600e+16
5.578604340888107799e+03 2.366593199325382400e+16
5.578937909671943999e+03 2.366234259236461200e+16
5.579271478455782017e+03 2.365878425682698800e+16
5.579605047239618216e+03 2.365525766726430000e+16
5.579938616023454415e+03 2.365176350048015200e+16
5.580272184807291524e+03 2.364830242939346800e+16
5.580605753591128632e+03 2.364487512297505600e+16
5.580939322374965741e+03 2.364148224618594400e+16
5.581272891158801940e+03 2.363812445991737200e+16
5.581606459942639958e+03 2.363480242093228000e+16
5.581940028726476157e+03 2.363151678180847200e+16
5.582273597510313266e+03 2.362826819088332000e+16
5.582607166294150375e+03 2.362505729219999600e+16
5.582940735077987483e+03 2.362188472545518800e+16
5.583274303861823682e+03 2.361875112594837600e+16
5.583607872645659882e+03 2.361565712453253600e+16
5.583941441429497900e+03 2.361260334756624800e+16
5.584275010213334099e+03 2.360959041686722000e+16
5.584608578997171207e+03 2.360661894966724000e+16
5.584942147781008316e+03 2.360368955856844000e+16
5.585275716564845425e+03 2.360080285150087200e+16
5.585609285348681624e+03 2.359795943168142000e+16
5.585942854132519642e+03 2.359515989757400800e+16
5.586276422916355841e+03 2.359240484285084000e+16
5.586609991700192950e+03 2.358969485635521600e+16
5.586943560484029149e+03 2.358703052206517600e+16
5.587277129267866258e+03 2.358441241905847600e+16
5.587610698051703366e+03 2.358184112147866800e+16
5.587944266835539565e+03 2.357931719850222800e+16
5.588277835619377583e+03 2.357684121430679200e+16
5.588611404403213783e+03 2.357441372804035600e+16
5.588944973187050891e+03 2.357203529379154400e+16
5.589278541970888000e+03 2.356970646056084800e+16
5.589612110754725109e+03 2.356742777223272000e+16
5.589945679538561308e+03 2.356519976754869600e+16
5.590279248322398416e+03 2.356302298008129200e+16
5.590612817106235525e+03 2.356089793820884000e+16
5.590946385890071724e+03 2.355882516509106400e+16
5.591279954673908833e+03 2.355680517864548800e+16
5.591613523457745941e+03 2.355483849152463600e+16
5.591947092241583050e+03 2.355292561109386400e+16
5.592280661025419249e+03 2.355106703940998400e+16
5.592614229809257267e+03 2.354926327320055600e+16
5.592947798593093466e+03 2.354751480384370400e+16
5.593281367376930575e+03 2.354582211734874800e+16
5.593614936160766774e+03 2.354418569433715200e+16
5.593948504944604792e+03 2.354260601002436800e+16
5.594282073728440992e+03 2.354108353420180400e+16
5.594615642512277191e+03 2.353961873121964000e+16
5.594949211296115209e+03 2.353821205996993600e+16
5.595282780079951408e+03 2.353686397387013600e+16
5.595616348863788517e+03 2.353557492084719200e+16
5.595949917647625625e+03 2.353434534332183200e+16
5.596283486431462734e+03 2.353317567819335200e+16
5.596617055215298933e+03 2.353206635682464400e+16
5.596950623999136042e+03 2.353101780502760800e+16
5.597284192782973150e+03 2.353003044304879200e+16
5.597617761566810259e+03 2.352910468555524000e+16
5.597951330350646458e+03 2.352824094162068800e+16
5.598284899134484476e+03 2.352743961471191200e+16
5.598618467918320675e+03 2.352670110267510400e+16
5.598952036702156875e+03 2.352602579772263600e+16
5.599285605485994893e+03 2.352541408641988800e+16
5.599619174269831092e+03 2.352486634967197200e+16
5.599952743053668200e+03 2.352438296271087200e+16
5.600286311837504400e+03 2.352396429508235200e+16
5.600619880621342418e+03 2.352361071063310000e+16
5.600953449405178617e+03 2.352332256749771200e+16
5.601287018189015726e+03 2.352310021808583600e+16
5.601620586972852834e+03 2.352294400906917600e+16
5.601954155756689943e+03 2.352285428136843200e+16
5.602287724540526142e+03 2.352283137014027200e+16
5.602621293324364160e+03 2.352287560476411600e+16
5.602954862108200359e+03 2.352298730882878000e+16
5.603288430892036558e+03 2.352316680011917600e+16
5.603621999675873667e+03 2.352341439060259600e+16
5.603955568459710776e+03 2.352373038641504800e+16
5.604289137243547884e+03 2.352411508784725600e+16
5.604622706027384083e+03 2.352456878933056000e+16
5.604956274811222102e+03 2.352509177942254000e+16
5.605289843595058301e+03 2.352568434079238000e+16
5.605623412378895409e+03 2.352634675020603600e+16
5.605956981162732518e+03 2.352707927851112800e+16
5.606290549946569627e+03 2.352788219062146000e+16
5.606624118730405826e+03 2.352875574550135600e+16
5.606957687514242025e+03 2.352970019614960800e+16
5.607291256298080043e+03 2.353071578958312000e+16
5.607624825081916242e+03 2.353180276682021600e+16
5.607958393865753351e+03 2.353296136286356000e+16
5.608291962649590459e+03 2.353419180668276800e+16
5.608625531433427568e+03 2.353549432119658400e+16
5.608959100217263767e+03 2.353686912325468800e+16
5.609292669001101785e+03 2.353831642361915200e+16
5.609626237784937985e+03 2.353983642694536000e+16
5.609959806568775093e+03 2.354142933176270400e+16
5.610293375352611292e+03 2.354309533045460000e+16
5.610626944136448401e+03 2.354483460923836000e+16
5.610960512920285510e+03 2.354664734814433600e+16
5.611294081704121709e+03 2.354853372099476800e+16
5.611627650487959727e+03 2.355049389538224000e+16
5.611961219271795926e+03 2.355252803264743200e+16
5.612294788055633035e+03 2.355463628785664400e+16
5.612628356839470143e+03 2.355681880977871200e+16
5.612961925623307252e+03 2.355907574086146400e+16
5.613295494407143451e+03 2.356140721720773200e+16
5.613629063190980560e+03 2.356381336855082400e+16
5.613962631974817668e+03 2.356629431822953600e+16
5.614296200758653868e+03 2.356885018316265600e+16
5.614629769542490976e+03 2.357148107382298400e+16
5.614963338326328085e+03 2.357418709421085600e+16
5.615296907110165193e+03 2.357696834182714400e+16
5.615630475894001393e+03 2.357982490764582400e+16
5.615964044677839411e+03 2.358275687608600000e+16
5.616297613461675610e+03 2.358576432498337200e+16
5.616631182245512719e+03 2.358884732556140400e+16
5.616964751029348918e+03 2.359200594240178800e+16
5.617298319813186936e+03 2.359524023341458000e+16
5.617631888597023135e+03 2.359855024980773600e+16
5.617965457380859334e+03 2.360193603605628000e+16
5.618299026164697352e+03 2.360539762987092800e+16
5.618632594948533551e+03 2.360893506216628800e+16
5.618966163732370660e+03 2.361254835702854800e+16
5.619299732516207769e+03 2.361623753168282400e+16
5.619633301300044877e+03 2.362000259645988000e+16
5.619966870083881076e+03 2.362384355476268000e+16
5.620300438867718185e+03 2.362776040303221200e+16
5.620634007651555294e+03 2.363175313071319200e+16
5.620967576435392402e+03 2.363582172021912000e+16
5.621301145219228601e+03 2.363996614689712400e+16
5.621634714003066620e+03 2.364418637899234400e+16
5.621968282786902819e+03 2.364848237761192400e+16
5.622301851570739018e+03 2.365285409668878800e+16
5.622635420354577036e+03 2.365730148294491600e+16
5.622968989138413235e+03 2.366182447585436400e+16
5.623302557922250344e+03 2.366642300760611600e+16
5.623636126706086543e+03 2.367109700306637200e+16
5.623969695489924561e+03 2.367584637974086000e+16
5.624303264273760760e+03 2.368067104773666800e+16
5.624636833057597869e+03 2.368557090972400800e+16
5.624970401841434978e+03 2.369054586089772000e+16
5.625303970625272086e+03 2.369559578893853200e+16
5.625637539409108285e+03 2.370072057397422400e+16
5.625971108192946303e+03 2.370592008854068800e+16
5.626304676976782503e+03 2.371119419754267200e+16
5.626638245760618702e+03 2.371654275821476000e+16
5.626971814544455810e+03 2.372196562008195200e+16
5.627305383328292919e+03 2.372746262492042800e+16
5.627638952112130028e+03 2.373303360671812000e+16
5.627972520895966227e+03 2.373867839163554400e+16
5.628306089679804245e+03 2.374439679796639600e+16
5.628639658463640444e+03 2.375018863609839200e+16
5.628973227247477553e+03 2.375605370847420000e+16
5.629306796031314661e+03 2.376199180955243200e+16
5.629640364815151770e+03 2.376800272576884000e+16
5.629973933598987969e+03 2.377408623549775600e+16
5.630307502382824168e+03 2.378024210901370400e+16
5.630641071166662186e+03 2.378647010845329200e+16
5.630974639950498386e+03 2.379276998777740400e+16
5.631308208734335494e+03 2.379914149273379200e+16
5.631641777518172603e+03 2.380558436081998800e+16
5.631975346302009712e+03 2.381209832124655600e+16
5.632308915085845911e+03 2.381868309490102800e+16
5.632642483869683929e+03 2.382533839431211200e+16
5.632976052653520128e+03 2.383206392361444400e+16
5.633309621437357237e+03 2.383885937851416800e+16
5.633643190221193436e+03 2.384572444625476000e+16
5.633976759005030544e+03 2.385265880558388000e+16
5.634310327788867653e+03 2.385966212672062400e+16
5.634643896572703852e+03 2.386673407132371200e+16
5.634977465356541870e+03 2.387387429246048000e+16
5.635311034140378069e+03 2.388108243457654800e+16
5.635644602924215178e+03 2.388835813346655200e+16
5.635978171708052287e+03 2.389570101624573600e+16
5.636311740491889395e+03 2.390311070132252800e+16
5.636645309275725594e+03 2.391058679837217600e+16
5.636978878059562703e+03 2.391812890831140800e+16
5.637312446843399812e+03 2.392573662327436000e+16
5.637646015627236011e+03 2.393340952658944800e+16
5.637979584411073120e+03 2.394114719275784400e+16
5.638313153194910228e+03 2.394894918743280400e+16
5.638646721978747337e+03 2.395681506740068400e+16
5.638980290762583536e+03 2.396474438056319200e+16
5.639313859546420645e+03 2.397273666592111600e+16
5.639647428330257753e+03 2.398079145355957600e+16
5.639980997114094862e+03 2.398890826463475200e+16
5.640314565897931061e+03 2.399708661136238400e+16
5.640648134681769079e+03 2.400532599700774400e+16
5.640981703465605278e+03 2.401362591587747600e+16
5.641315272249441477e+03 2.402198585331316000e+16
5.641648841033279496e+03 2.403040528568672000e+16
5.641982409817115695e+03 2.403888368039767200e+16
5.642315978600952803e+03 2.404742049587241200e+16
5.642649547384789003e+03 2.405601518156545600e+16
5.642983116168627021e+03 2.406466717796272800e+16
5.643316684952463220e+03 2.407337591658696000e+16
5.643650253736300328e+03 2.408214082000534400e+16
5.643983822520137437e+03 2.409096130183932000e+16
5.644317391303974546e+03 2.409983676677667600e+16
5.644650960087810745e+03 2.410876661058603200e+16
5.644984528871648763e+03 2.411775022013368000e+16
5.645318097655484962e+03 2.412678697340289200e+16
5.645651666439321161e+03 2.413587623951575200e+16
5.645985235223158270e+03 2.414501737875752400e+16
5.646318804006995379e+03 2.415420974260365200e+16
5.646652372790832487e+03 2.416345267374948800e+16
5.646985941574668686e+03 2.417274550614260400e+16
5.647319510358506705e+03 2.418208756501810400e+16
5.647653079142342904e+03 2.419147816693643200e+16
5.647986647926180012e+03 2.420091661982456800e+16
5.648320216710017121e+03 2.421040222301959600e+16
5.648653785493854230e+03 2.421993426731564000e+16
5.648987354277690429e+03 2.422951203501368000e+16
5.649320923061526628e+03 2.423913479997450800e+16
5.649654491845364646e+03 2.424880182767473600e+16
5.649988060629200845e+03 2.425851237526596000e+16
5.650321629413037954e+03 2.426826569163736800e+16
5.650655198196875062e+03 2.427806101748120000e+16
5.650988766980712171e+03 2.428789758536188400e+16
5.651322335764548370e+03 2.429777461978824000e+16
5.651655904548386388e+03 2.430769133728923200e+16
5.651989473332222587e+03 2.431764694649302000e+16
5.652323042116059696e+03 2.432764064820951600e+16
5.652656610899895895e+03 2.433767163551635200e+16
5.652990179683733913e+03 2.434773909384840000e+16
5.653323748467570113e+03 2.435784220109079600e+16
5.653657317251406312e+03 2.436798012767556800e+16
5.653990886035244330e+03 2.437815203668175600e+16
5.654324454819080529e+03 2.438835708393921600e+16
5.654658023602917638e+03 2.439859441813603200e+16
5.654991592386754746e+03 2.440886318092954000e+16
5.655325161170591855e+03 2.441916250706097600e+16
5.655658729954428054e+03 2.442949152447391200e+16
5.655992298738265163e+03 2.443984935443618400e+16
5.656325867522102271e+03 2.445023511166568800e+16
5.656659436305939380e+03 2.446064790445968800e+16
5.656993005089775579e+03 2.447108683482796000e+16
5.657326573873612688e+03 2.448155099862952400e+16
5.657660142657449796e+03 2.449203948571301200e+16
5.657993711441285996e+03 2.450255138006088400e+16
5.658327280225124014e+03 2.451308575993709600e+16
5.658660849008960213e+03 2.452364169803847200e+16
5.658994417792797321e+03 2.453421826164989200e+16
5.659327986576633521e+03 2.454481451280266800e+16
5.659661555360471539e+03 2.455542950843698400e+16
5.659995124144307738e+03 2.456606230056747600e+16
5.660328692928144847e+03 2.457671193645260800e+16
5.660662261711981955e+03 2.458737745876742400e+16
5.660995830495818154e+03 2.459805790577963200e+16
5.661329399279655263e+03 2.460875231152937600e+16
5.661662968063492372e+03 2.461945970601209200e+16
5.661996536847329480e+03 2.463017911536482400e+16
5.662330105631165679e+03 2.464090956205572800e+16
5.662663674415002788e+03 2.465165006507684000e+16
5.662997243198839897e+03 2.466239964013988000e+16
5.663330811982677005e+03 2.467315729987523600e+16
5.663664380766513204e+03 2.468392205403395200e+16
5.663997949550351223e+03 2.469469290969251200e+16
5.664331518334187422e+03 2.470546887146070800e+16
5.664665087118023621e+03 2.471624894169205600e+16
5.664998655901861639e+03 2.472703212069710400e+16
5.665332224685697838e+03 2.473781740695927600e+16
5.665665793469534947e+03 2.474860379735316800e+16
5.665999362253371146e+03 2.475939028736545600e+16
5.666332931037209164e+03 2.477017587131791200e+16
5.666666499821045363e+03 2.478095954259286800e+16
5.667000068604882472e+03 2.479174029386066000e+16
5.667333637388719580e+03 2.480251711730917600e+16
5.667667206172556689e+03 2.481328900487525200e+16
5.668000774956392888e+03 2.482405494847795200e+16
5.668334343740230906e+03 2.483481394025344800e+16
5.668667912524067106e+03 2.484556497279146400e+16
5.669001481307903305e+03 2.485630703937326000e+16
5.669335050091740413e+03 2.486703913421080000e+16
5.669668618875577522e+03 2.487776025268714400e+16
5.670002187659414631e+03 2.488846939159794000e+16
5.670335756443250830e+03 2.489916554939374400e+16
5.670669325227088848e+03 2.490984772642325600e+16
5.671002894010925047e+03 2.492051492517696800e+16
5.671336462794762156e+03 2.493116615053154800e+16
5.671670031578599264e+03 2.494180040999446800e+16
5.672003600362436373e+03 2.495241671394877600e+16
5.672337169146272572e+03 2.496301407589808000e+16
5.672670737930108771e+03 2.497359151271128800e+16
5.673004306713946789e+03 2.498414804486720000e+16
5.673337875497782989e+03 2.499468269669868400e+16
5.673671444281620097e+03 2.500519449663628800e+16
5.674005013065457206e+03 2.501568247745114400e+16
5.674338581849294314e+03 2.502614567649701200e+16
5.674672150633130514e+03 2.503658313595134800e+16
5.675005719416968532e+03 2.504699390305519200e+16
5.675339288200804731e+03 2.505737703035152000e+16
5.675672856984641840e+03 2.506773157592252800e+16
5.676006425768478039e+03 2.507805660362480400e+16
5.676339994552316057e+03 2.508835118332304800e+16
5.676673563336152256e+03 2.509861439112152000e+16
5.677007132119988455e+03 2.510884530959368000e+16
5.677340700903826473e+03 2.511904302800928800e+16
5.677674269687662672e+03 2.512920664255918800e+16
5.678007838471499781e+03 2.513933525657748000e+16
5.678341407255336890e+03 2.514942798076094400e+16
5.678674976039173998e+03 2.515948393338555200e+16
5.679008544823010197e+03 2.516950224051996000e+16
5.679342113606847306e+03 2.517948203623581200e+16
5.679675682390684415e+03 2.518942246281458000e+16
5.680009251174521523e+03 2.519932267095109600e+16
5.680342819958357722e+03 2.520918181995336800e+16
5.680676388742194831e+03 2.521899907793862400e+16
5.681009957526031940e+03 2.522877362202539200e+16
5.681343526309868139e+03 2.523850463852169600e+16
5.681677095093706157e+03 2.524819132310895600e+16
5.682010663877542356e+03 2.525783288102160800e+16
5.682344232661379465e+03 2.526742852722236000e+16
5.682677801445215664e+03 2.527697748657287200e+16
5.683011370229053682e+03 2.528647899399980800e+16
5.683344939012889881e+03 2.529593229465604800e+16
5.683678507796726990e+03 2.530533664407712400e+16
5.684012076580564099e+03 2.531469130833267200e+16
5.684345645364400298e+03 2.532399556417271600e+16
5.684679214148237406e+03 2.533324869916889200e+16
5.685012782932074515e+03 2.534245001185034400e+16
5.685346351715911624e+03 2.535159881183434000e+16
5.685679920499747823e+03 2.536069441995142000e+16
5.686013489283584931e+03 2.536973616836508000e+16
5.686347058067422040e+03 2.537872340068587200e+16
5.686680626851259149e+03 2.538765547207991200e+16
5.687014195635095348e+03 2.539653174937162800e+16
5.687347764418933366e+03 2.540535161114093200e+16
5.687681333202769565e+03 2.541411444781436800e+16
5.688014901986605764e+03 2.542281966175074000e+16
5.688348470770443782e+03 2.543146666732064000e+16
5.688682039554279982e+03 2.544005489098008400e+16
5.689015608338117090e+03 2.544858377133852000e+16
5.689349177121953289e+03 2.545705275922056000e+16
5.689682745905791307e+03 2.546546131772197600e+16
5.690016314689627507e+03 2.547380892225971600e+16
5.690349883473464615e+03 2.548209506061590400e+16
5.690683452257301724e+03 2.549031923297602400e+16
5.691017021041138833e+03 2.549848095196106400e+16
5.691350589824975032e+03 2.550657974265378400e+16
5.691684158608813050e+03 2.551461514261914400e+16
5.692017727392649249e+03 2.552258670191876800e+16
5.692351296176485448e+03 2.553049398311971200e+16
5.692684864960322557e+03 2.553833656129736400e+16
5.693018433744159665e+03 2.554611402403264800e+16
5.693352002527996774e+03 2.555382597140346000e+16
5.693685571311832973e+03 2.556147201597062400e+16
5.694019140095670991e+03 2.556905178275817200e+16
5.694352708879507190e+03 2.557656490922810800e+16
5.694686277663344299e+03 2.558401104524988800e+16
5.695019846447181408e+03 2.559138985306436000e+16
5.695353415231018516e+03 2.559870100724262400e+16
5.695686984014854715e+03 2.560594419463956400e+16
5.696020552798690915e+03 2.561311911434240000e+16
5.696354121582528933e+03 2.562022547761421200e+16
5.696687690366365132e+03 2.562726300783254400e+16
5.697021259150202241e+03 2.563423144042334000e+16
5.697354827934039349e+03 2.564113052279005200e+16
5.697688396717876458e+03 2.564796001423831200e+16
5.698021965501712657e+03 2.565471968589607200e+16
5.698355534285550675e+03 2.566140932062956000e+16
5.698689103069386874e+03 2.566802871295482400e+16
5.699022671853223983e+03 2.567457766894543600e+16
5.699356240637060182e+03 2.568105600613605600e+16
5.699689809420898200e+03 2.568746355342234400e+16
5.700023378204734399e+03 2.569380015095708000e+16
5.700356946988570598e+03 2.570006565004279600e+16
5.700690515772408617e+03 2.570625991302107600e+16
5.701024084556244816e+03 2.571238281315843200e+16
5.701357653340081924e+03 2.571843423452923600e+16
5.701691222123919033e+03 2.572441407189562000e+16
5.702024790907756142e+03 2.573032223058451600e+16
5.702358359691592341e+03 2.573615862636210400e+16
5.702691928475429449e+03 2.574192318530560800e+16
5.703025497259266558e+03 2.574761584367295600e+16
5.703359066043103667e+03 2.575323654776983200e+16
5.703692634826939866e+03 2.575878525381509200e+16
5.704026203610776975e+03 2.576426192780390000e+16
5.704359772394614083e+03 2.576966654536927200e+16
5.704693341178450282e+03 2.577499909164197200e+16
5.705026909962288300e+03 2.578025956110884800e+16
5.705360478746124500e+03 2.578544795746994400e+16
5.705694047529961608e+03 2.579056429349438000e+16
5.706027616313797807e+03 2.579560859087524000e+16
5.706361185097635826e+03 2.580058088008350400e+16
5.706694753881472025e+03 2.580548120022128800e+16
5.707028322665308224e+03 2.581030959887449600e+16
5.707361891449146242e+03 2.581506613196504800e+16
5.707695460232982441e+03 2.581975086360261600e+16
5.708029029016819550e+03 2.582436386593647200e+16
5.708362597800656658e+03 2.582890521900702400e+16
5.708696166584493767e+03 2.583337501059758400e+16
5.709029735368329966e+03 2.583777333608636800e+16
5.709363304152167075e+03 2.584210029829880800e+16
5.709696872936004183e+03 2.584635600736028800e+16
5.710030441719841292e+03 2.585054058054955200e+16
5.710364010503677491e+03 2.585465414215293200e+16
5.710697579287515509e+03 2.585869682331916000e+16
5.711031148071351708e+03 2.586266876191531200e+16
5.711364716855187908e+03 2.586657010238386400e+16
5.711698285639025926e+03 2.587040099560076400e+16
5.712031854422862125e+03 2.587416159873484800e+16
5.712365423206699234e+03 2.587785207510868000e+16
5.712698991990535433e+03 2.588147259406084800e+16
5.713032560774373451e+03 2.588502333080970800e+16
5.713366129558209650e+03 2.588850446631900000e+16
5.713699698342046759e+03 2.589191618716504000e+16
5.714033267125883867e+03 2.589525868540580000e+16
5.714366835909720976e+03 2.589853215845190400e+16
5.714700404693557175e+03 2.590173680893961600e+16
5.715033973477395193e+03 2.590487284460584800e+16
5.715367542261231392e+03 2.590794047816525600e+16
5.715701111045067591e+03 2.591093992718964800e+16
5.716034679828904700e+03 2.591387141398953600e+16
5.716368248612741809e+03 2.591673516549800000e+16
5.716701817396578917e+03 2.591953141315690400e+16
5.717035386180415117e+03 2.592226039280553600e+16
5.717368954964253135e+03 2.592492234457176000e+16
5.717702523748089334e+03 2.592751751276544800e+16
5.718036092531926442e+03 2.593004614577466000e+16
5.718369661315763551e+03 2.593250849596426800e+16
5.718703230099600660e+03 2.593490481957716000e+16
5.719036798883436859e+03 2.593723537663807600e+16
5.719370367667273058e+03 2.593950043086014800e+16
5.719703936451111076e+03 2.594170024955392400e+16
5.720037505234947275e+03 2.594383510353916400e+16
5.720371074018784384e+03 2.594590526705937600e+16
5.720704642802621493e+03 2.594791101769887600e+16
5.721038211586458601e+03 2.594985263630264400e+16
5.721371780370294800e+03 2.595173040689885600e+16
5.721705349154132819e+03 2.595354461662405600e+16
5.722038917937969018e+03 2.595529555565106400e+16
5.722372486721806126e+03 2.595698351711948800e+16
5.722706055505642325e+03 2.595860879706899200e+16
5.723039624289480344e+03 2.596017169437508400e+16
5.723373193073316543e+03 2.596167251068765200e+16
5.723706761857152742e+03 2.596311155037200800e+16
5.724040330640990760e+03 2.596448912045262400e+16
5.724373899424826959e+03 2.596580553055920000e+16
5.724707468208664068e+03 2.596706109287560800e+16
5.725041036992501176e+03 2.596825612209104000e+16
5.725374605776338285e+03 2.596939093535370400e+16
5.725708174560174484e+03 2.597046585222700400e+16
5.726041743344011593e+03 2.597148119464807600e+16
5.726375312127848701e+03 2.597243728688862400e+16
5.726708880911685810e+03 2.597333445551813600e+16
5.727042449695522009e+03 2.597417302936934800e+16
5.727376018479359118e+03 2.597495333950592800e+16
5.727709587263196227e+03 2.597567571919223600e+16
5.728043156047032426e+03 2.597634050386540800e+16
5.728376724830870444e+03 2.597694803110932000e+16
5.728710293614706643e+03 2.597749864063067200e+16
5.729043862398543752e+03 2.597799267423697200e+16
5.729377431182379951e+03 2.597843047581659600e+16
5.729710999966217969e+03 2.597881239132044000e+16
5.730044568750054168e+03 2.597913876874560000e+16
5.730378137533890367e+03 2.597940995812068000e+16
5.730711706317728385e+03 2.597962631149286400e+16
5.731045275101564584e+03 2.597978818291649200e+16
5.731378843885401693e+03 2.597989592844332000e+16
5.731712412669238802e+03 2.597994990611427600e+16
5.732045981453075910e+03 2.597995047595247200e+16
5.732379550236912110e+03 2.597989799995792000e+16
5.732713119020749218e+03 2.597979284210328800e+16
5.733046687804586327e+03 2.597963536833106400e+16
5.733380256588423435e+03 2.597942594655175200e+16
5.733713825372259635e+03 2.597916494664350000e+16
5.734047394156097653e+03 2.597885274045243200e+16
5.734380962939933852e+03 2.597848970179418400e+16
5.734714531723770051e+03 2.597807620645648000e+16
5.735048100507608069e+03 2.597761263220229200e+16
5.735381669291444268e+03 2.597709935877408000e+16
5.735715238075281377e+03 2.597653676789866400e+16
5.736048806859117576e+03 2.597592524329280000e+16
5.736382375642955594e+03 2.597526517066941600e+16
5.736715944426791793e+03 2.597455693774435200e+16
5.737049513210628902e+03 2.597380093424370400e+16
5.737383081994466011e+03 2.597299755191152800e+16
5.737716650778303119e+03 2.597214718451794400e+16
5.738050219562139318e+03 2.597125022786763600e+16
5.738383788345977337e+03 2.597030707980854800e+16
5.738717357129813536e+03 2.596931814024075200e+16
5.739050925913649735e+03 2.596828381112563200e+16
5.739384494697486844e+03 2.596720449649501600e+16
5.739718063481323952e+03 2.596608060246039600e+16
5.740051632265161061e+03 2.596491253722211200e+16
5.740385201048997260e+03 2.596370071107857600e+16
5.740718769832835278e+03 2.596244553643521200e+16
5.741052338616671477e+03 2.596114742781336000e+16
5.741385907400508586e+03 2.595980680185891200e+16
5.741719476184345694e+03 2.595842407735064800e+16
5.742053044968182803e+03 2.595699967520829600e+16
5.742386613752019002e+03 2.595553401850018400e+16
5.742720182535855201e+03 2.595402753245058000e+16
5.743053751319693220e+03 2.595248064444639200e+16
5.743387320103529419e+03 2.595089378404350800e+16
5.743720888887366527e+03 2.594926738297258400e+16
5.744054457671203636e+03 2.594760187514414400e+16
5.744388026455040745e+03 2.594589769665315200e+16
5.744721595238876944e+03 2.594415528578286800e+16
5.745055164022714962e+03 2.594237508300798000e+16
5.745388732806551161e+03 2.594055753099702000e+16
5.745722301590388270e+03 2.593870307461400800e+16
5.746055870374224469e+03 2.593681216091923200e+16
5.746389439158062487e+03 2.593488523916918400e+16
5.746723007941898686e+03 2.593292276081567200e+16
5.747056576725734885e+03 2.593092517950395200e+16
5.747390145509572903e+03 2.592889295106992000e+16
5.747723714293409103e+03 2.592682653353630400e+16
5.748057283077246211e+03 2.592472638710802000e+16
5.748390851861083320e+03 2.592259297416619200e+16
5.748724420644920428e+03 2.592042675926137200e+16
5.749057989428756628e+03 2.591822820910562400e+16
5.749391558212593736e+03 2.591599779256340000e+16
5.749725126996430845e+03 2.591373598064136000e+16
5.750058695780267954e+03 2.591144324647710800e+16
5.750392264564104153e+03 2.590912006532656000e+16
5.750725833347941261e+03 2.590676691455040800e+16
5.751059402131778370e+03 2.590438427359906800e+16
5.751392970915614569e+03 2.590197262399668000e+16
5.751726539699452587e+03 2.589953244932361600e+16
5.752060108483288786e+03 2.589706423519792000e+16
5.752393677267125895e+03 2.589456846925545600e+16
5.752727246050962094e+03 2.589204564112860800e+16
5.753060814834800112e+03 2.588949624242392800e+16
5.753394383618636311e+03 2.588692076669824400e+16
5.753727952402472511e+03 2.588431970943364000e+16
5.754061521186310529e+03 2.588169356801096000e+16
5.754395089970146728e+03 2.587904284168215200e+16
5.754728658753983837e+03 2.587636803154097200e+16
5.755062227537820945e+03 2.587366964049276800e+16
5.755395796321658054e+03 2.587094817322240000e+16
5.755729365105494253e+03 2.586820413616132000e+16
5.756062933889331362e+03 2.586543803745284000e+16
5.756396502673168470e+03 2.586265038691631200e+16
5.756730071457005579e+03 2.585984169600980000e+16
5.757063640240841778e+03 2.585701247779148000e+16
5.757397209024679796e+03 2.585416324687952000e+16
5.757730777808515995e+03 2.585129451941073600e+16
5.758064346592352194e+03 2.584840681299777200e+16
5.758397915376190213e+03 2.584550064668493600e+16
5.758731484160026412e+03 2.584257654090264000e+16
5.759065052943863520e+03 2.583963501742052800e+16
5.759398621727699719e+03 2.583667659929912000e+16
5.759732190511537738e+03 2.583370181084020800e+16
5.760065759295373937e+03 2.583071117753576000e+16
5.760399328079211045e+03 2.582770522601565200e+16
5.760732896863048154e+03 2.582468448399379600e+16
5.761066465646885263e+03 2.582164948021308000e+16
5.761400034430721462e+03 2.581860074438896000e+16
5.761733603214559480e+03 2.581553880715161600e+16
5.762067171998395679e+03 2.581246419998684800e+16
5.762400740782231878e+03 2.580937745517561200e+16
5.762734309566068987e+03 2.580627910573225600e+16
5.763067878349906096e+03 2.580316968534143200e+16
5.763401447133743204e+03 2.580004972829360800e+16
5.763735015917579403e+03 2.579691976941951200e+16
5.764068584701417421e+03 2.579378034402299600e+16
5.764402153485253621e+03 2.579063198781284800e+16
5.764735722269090729e+03 2.578747523683319200e+16
5.765069291052927838e+03 2.578431062739273600e+16
5.765402859836764947e+03 2.578113869599257600e+16
5.765736428620601146e+03 2.577795997925304000e+16
5.766069997404437345e+03 2.577477501383902800e+16
5.766403566188275363e+03 2.577158433638424800e+16
5.766737134972111562e+03 2.576838848341424000e+16
5.767070703755948671e+03 2.576518799126822400e+16
5.767404272539785779e+03 2.576198339601960000e+16
5.767737841323622888e+03 2.575877523339548800e+16
5.768071410107459087e+03 2.575556403869496800e+16
5.768404978891297105e+03 2.575235034670610800e+16
5.768738547675133304e+03 2.574913469162201600e+16
5.769072116458970413e+03 2.574591760695561600e+16
5.769405685242806612e+03 2.574269962545332000e+16
5.769739254026644630e+03 2.573948127900768400e+16
5.770072822810480830e+03 2.573626309856884000e+16
5.770406391594317029e+03 2.573304561405491200e+16
5.770739960378155047e+03 2.572982935426141200e+16
5.771073529161991246e+03 2.572661484676940000e+16
5.771407097945828355e+03 2.572340261785282800e+16
5.771740666729665463e+03 2.572019319238468000e+16
5.772074235513502572e+03 2.571698709374216000e+16
5.772407804297338771e+03 2.571378484371090000e+16
5.772741373081175880e+03 2.571058696238808000e+16
5.773074941865012988e+03 2.570739396808472000e+16
5.773408510648850097e+03 2.570420637722684000e+16
5.773742079432686296e+03 2.570102470425586400e+16
5.774075648216523405e+03 2.569784946152793200e+16
5.774409217000360513e+03 2.569468115921232400e+16
5.774742785784196712e+03 2.569152030518908800e+16
5.775076354568034731e+03 2.568836740494566400e+16
5.775409923351870930e+03 2.568522296147268000e+16
5.775743492135708038e+03 2.568208747515889600e+16
5.776077060919544238e+03 2.567896144368535200e+16
5.776410629703382256e+03 2.567584536191864000e+16
5.776744198487218455e+03 2.567273972180330400e+16
5.777077767271054654e+03 2.566964501225368000e+16
5.777411336054892672e+03 2.566656171904473600e+16
5.777744904838728871e+03 2.566349032470224400e+16
5.778078473622565980e+03 2.566043130839231200e+16
5.778412042406403089e+03 2.565738514581004000e+16
5.778745611190240197e+03 2.565435230906758000e+16
5.779079179974076396e+03 2.565133326658152400e+16
5.779412748757913505e+03 2.564832848295963600e+16
5.779746317541750614e+03 2.564533841888691200e+16
5.780079886325587722e+03 2.564236353101100800e+16
5.780413455109423921e+03 2.563940427182720000e+16
5.780747023893261940e+03 2.563646108956266000e+16
5.781080592677098139e+03 2.563353442806020400e+16
5.781414161460934338e+03 2.563062472666156000e+16
5.781747730244772356e+03 2.562773242009011200e+16
5.782081299028608555e+03 2.562485793833315200e+16
5.782414867812445664e+03 2.562200170652371600e+16
5.782748436596281863e+03 2.561916414482196800e+16
5.783082005380119881e+03 2.561634566829626000e+16
5.783415574163956080e+03 2.561354668680360800e+16
5.783749142947793189e+03 2.561076760487015200e+16
5.784082711731630297e+03 2.560800882157107200e+16
5.784416280515467406e+03 2.560527073041017200e+16
5.784749849299303605e+03 2.560255371919948000e+16
5.785083418083141623e+03 2.559985816993831200e+16
5.785416986866977823e+03 2.559718445869240800e+16
5.785750555650814022e+03 2.559453295547270400e+16
5.786084124434651130e+03 2.559190402411410800e+16
5.786417693218488239e+03 2.558929802215413600e+16
5.786751262002325348e+03 2.558671530071149200e+16
5.787084830786161547e+03 2.558415620436462400e+16
5.787418399569999565e+03 2.558162107103036000e+16
5.787751968353835764e+03 2.557911023184250400e+16
5.788085537137672873e+03 2.557662401103062400e+16
5.788419105921509981e+03 2.557416272579890400e+16
5.788752674705347090e+03 2.557172668620520400e+16
5.789086243489183289e+03 2.556931619504037600e+16
5.789419812273019488e+03 2.556693154770781200e+16
5.789753381056857506e+03 2.556457303210327200e+16
5.790086949840693705e+03 2.556224092849517600e+16
5.790420518624530814e+03 2.555993550940520400e+16
5.790754087408367923e+03 2.555765703948940400e+16
5.791087656192205031e+03 2.555540577541976800e+16
5.791421224976041231e+03 2.555318196576644000e+16
5.791754793759879249e+03 2.555098585088046400e+16
5.792088362543715448e+03 2.554881766277724000e+16
5.792421931327552556e+03 2.554667762502068000e+16
5.792755500111388756e+03 2.554456595260820800e+16
5.793089068895226774e+03 2.554248285185644000e+16
5.793422637679062973e+03 2.554042852028800000e+16
5.793756206462899172e+03 2.553840314651912000e+16
5.794089775246737190e+03 2.553640691014831200e+16
5.794423344030573389e+03 2.553443998164610400e+16
5.794756912814410498e+03 2.553250252224607200e+16
5.795090481598247607e+03 2.553059468383693200e+16
5.795424050382084715e+03 2.552871660885588800e+16
5.795757619165920914e+03 2.552686843018360000e+16
5.796091187949758023e+03 2.552505027104030400e+16
5.796424756733595132e+03 2.552326224488364800e+16
5.796758325517432240e+03 2.552150445530792800e+16
5.797091894301268439e+03 2.551977699594517200e+16
5.797425463085105548e+03 2.551807995036784400e+16
5.797759031868942657e+03 2.551641339199334400e+16
5.798092600652778856e+03 2.551477738399055200e+16
5.798426169436616874e+03 2.551317197918818400e+16
5.798759738220453073e+03 2.551159721998529600e+16
5.799093307004290182e+03 2.551005313826398400e+16
5.799426875788126381e+03 2.550853975530423200e+16
5.799760444571964399e+03 2.550705708170112800e+16
5.800094013355800598e+03 2.550560511728444800e+16
5.800427582139636797e+03 2.550418385104091600e+16
5.800761150923474815e+03 2.550279326103878400e+16
5.801094719707311015e+03 2.550143331435533600e+16
5.801428288491148123e+03 2.550010396700710400e+16
5.801761857274985232e+03 2.549880516388296400e+16
5.802095426058822341e+03 2.549753683868011200e+16
5.802428994842658540e+03 2.549629891384334000e+16
5.802762563626495648e+03 2.549509130050728000e+16
5.803096132410332757e+03 2.549391389844205600e+16
5.803429701194169866e+03 2.549276659600216000e+16
5.803763269978006065e+03 2.549164927007902400e+16
5.804096838761844083e+03 2.549056178605700800e+16
5.804430407545680282e+03 2.548950399777307200e+16
5.804763976329516481e+03 2.548847574748034000e+16
5.805097545113354499e+03 2.548747686581553600e+16
5.805431113897190698e+03 2.548650717177022400e+16
5.805764682681027807e+03 2.548556647266646400e+16
5.806098251464864006e+03 2.548465456413647600e+16
5.806431820248702024e+03 2.548377123010658400e+16
5.806765389032538224e+03 2.548291624278574400e+16
5.807098957816375332e+03 2.548208936265845200e+16
5.807432526600212441e+03 2.548129033848238400e+16
5.807766095384049549e+03 2.548051890729060000e+16
5.808099664167885749e+03 2.547977479439891200e+16
5.808433232951721948e+03 2.547905771341777600e+16
5.808766801735559966e+03 2.547836736626964000e+16
5.809100370519396165e+03 2.547770344321108800e+16
5.809433939303233274e+03 2.547706562286052800e+16
5.809767508087070382e+03 2.547645357223105600e+16
5.810101076870907491e+03 2.547586694676879600e+16
5.810434645654743690e+03 2.547530539039690800e+16
5.810768214438581708e+03 2.547476853556508800e+16
5.811101783222417907e+03 2.547425600330490400e+16
5.811435352006255016e+03 2.547376740329096000e+16
5.811768920790091215e+03 2.547330233390799200e+16
5.812102489573929233e+03 2.547286038232396400e+16
5.812436058357765432e+03 2.547244112456927200e+16
5.812769627141601632e+03 2.547204412562220000e+16
5.813103195925439650e+03 2.547166893950053600e+16
5.813436764709275849e+03 2.547131510935964800e+16
5.813770333493112958e+03 2.547098216759694800e+16
5.814103902276950066e+03 2.547066963596287200e+16
5.814437471060787175e+03 2.547037702567836000e+16
5.814771039844623374e+03 2.547010383755914400e+16
5.815104608628460483e+03 2.546984956214656000e+16
5.815438177412297591e+03 2.546961367984522000e+16
5.815771746196134700e+03 2.546939566106744000e+16
5.816105314979970899e+03 2.546919496638465600e+16
5.816438883763808917e+03 2.546901104668557200e+16
5.816772452547645116e+03 2.546884334334138800e+16
5.817106021331481315e+03 2.546869128837800800e+16
5.817439590115319334e+03 2.546855430465526400e+16
5.817773158899155533e+03 2.546843180605308000e+16
5.818106727682992641e+03 2.546832319766487200e+16
5.818440296466828840e+03 2.546822787599792800e+16
5.818773865250666859e+03 2.546814522918093200e+16
5.819107434034503058e+03 2.546807463717845600e+16
5.819441002818340166e+03 2.546801547201279200e+16
5.819774571602177275e+03 2.546796709799262400e+16
5.820108140386014384e+03 2.546792887194884000e+16
5.820441709169850583e+03 2.546790014347752800e+16
5.820775277953687691e+03 2.546788025518976000e+16
5.821108846737524800e+03 2.546786854296846800e+16
5.821442415521360999e+03 2.546786433623240400e+16
5.821775984305198108e+03 2.546786695820663600e+16
5.822109553089035217e+03 2.546787572620027600e+16
5.822443121872872325e+03 2.546788995189060800e+16
5.822776690656708524e+03 2.546790894161419200e+16
5.823110259440546542e+03 2.546793199666442400e+16
5.823443828224382742e+03 2.546795841359560800e+16
5.823777397008218941e+03 2.546798748453359200e+16
5.824110965792056959e+03 2.546801849749257200e+16
5.824444534575893158e+03 2.546805073669817600e+16
5.824778103359730267e+03 2.546808348291663200e+16
5.825111672143566466e+03 2.546811601378993200e+16
5.825445240927404484e+03 2.546814760417671600e+16
5.825778809711240683e+03 2.546817752649890400e+16
5.826112378495077792e+03 2.546820505109390000e+16
5.826445947278914900e+03 2.546822944657206800e+16
5.826779516062752009e+03 2.546824998017938400e+16
5.827113084846588208e+03 2.546826591816521200e+16
5.827446653630426226e+03 2.546827652615485600e+16
5.827780222414262425e+03 2.546828106952662400e+16
5.828113791198098625e+03 2.546827881379357600e+16
5.828447359981935733e+03 2.546826902498922400e+16
5.828780928765772842e+03 2.546825097005736000e+16
5.829114497549609951e+03 2.546822391724570400e+16
5.829448066333446150e+03 2.546818713650292400e+16
5.829781635117284168e+03 2.546813989987916800e+16
5.830115203901120367e+03 2.546808148192939200e+16
5.830448772684957476e+03 2.546801116011968000e+16
5.830782341468794584e+03 2.546792821523602000e+16
5.831115910252631693e+03 2.546783193179526000e+16
5.831449479036467892e+03 2.546772159845815200e+16
5.831783047820304091e+03 2.546759650844398400e+16
5.832116616604142109e+03 2.546745595994676000e+16
5.832450185387978308e+03 2.546729925655220000e+16
5.832783754171815417e+03 2.546712570765592000e+16
5.833117322955652526e+03 2.546693462888180000e+16
5.833450891739489634e+03 2.546672534250063200e+16
5.833784460523325833e+03 2.546649717784870800e+16
5.834118029307163852e+03 2.546624947174582000e+16
5.834451598091000051e+03 2.546598156891257600e+16
5.834785166874837159e+03 2.546569282238651200e+16
5.835118735658673359e+03 2.546538259393688400e+16
5.835452304442511377e+03 2.546505025447755200e+16
5.835785873226347576e+03 2.546469518447777600e+16
5.836119442010183775e+03 2.546431677437062800e+16
5.836453010794021793e+03 2.546391442495844000e+16
5.836786579577857992e+03 2.546348754781533600e+16
5.837120148361695101e+03 2.546303556568597600e+16
5.837453717145532210e+03 2.546255791288072000e+16
5.837787285929369318e+03 2.546205403566649600e+16
5.838120854713205517e+03 2.546152339265313200e+16
5.838454423497042626e+03 2.546096545517478400e+16
5.838787992280879735e+03 2.546037970766633600e+16
5.839121561064716843e+03 2.545976564803388400e+16
5.839455129848553042e+03 2.545912278801974000e+16
5.839788698632391061e+03 2.545845065356093200e+16
5.840122267416227260e+03 2.545774878514116000e+16
5.840455836200063459e+03 2.545701673813599200e+16
5.840789404983901477e+03 2.545625408315076400e+16
5.841122973767737676e+03 2.545546040635083200e+16
5.841456542551574785e+03 2.545463530978425600e+16
5.841790111335410984e+03 2.545377841169597200e+16
5.842123680119249002e+03 2.545288934683383200e+16
5.842457248903085201e+03 2.545196776674560800e+16
5.842790817686922310e+03 2.545101334006710400e+16
5.843124386470759418e+03 2.545002575280098400e+16
5.843457955254596527e+03 2.544900470858575200e+16
5.843791524038432726e+03 2.544794992895516000e+16
5.844125092822269835e+03 2.544686115358724800e+16
5.844458661606106944e+03 2.544573814054314400e+16
5.844792230389943143e+03 2.544458066649521600e+16
5.845125799173780251e+03 2.544338852694436800e+16
5.845459367957617360e+03 2.544216153642628800e+16
5.845792936741454469e+03 2.544089952870638800e+16
5.846126505525290668e+03 2.543960235696334000e+16
5.846460074309128686e+03 2.543826989396096000e+16
5.846793643092964885e+03 2.543690203220816400e+16
5.847127211876801084e+03 2.543549868410713200e+16
5.847460780660639102e+03 2.543405978208911200e+16
5.847794349444475301e+03 2.543258527873814400e+16
5.848127918228312410e+03 2.543107514690225600e+16
5.848461487012148609e+03 2.542952937979222400e+16
5.848795055795986627e+03 2.542794799106776800e+16
5.849128624579822826e+03 2.542633101491085200e+16
5.849462193363659935e+03 2.542467850608651200e+16
5.849795762147497044e+03 2.542299053999061600e+16
5.850129330931334152e+03 2.542126721268487600e+16
5.850462899715170352e+03 2.541950864091898400e+16
5.850796468499008370e+03 2.541771496213972800e+16
5.851130037282844569e+03 2.541588633448722400e+16
5.851463606066680768e+03 2.541402293677830400e+16
5.851797174850517877e+03 2.541212496847697600e+16
5.852130743634354985e+03 2.541019264965193600e+16
5.852464312418192094e+03 2.540822622092142400e+16
5.852797881202028293e+03 2.540622594338522400e+16
5.853131449985866311e+03 2.540419209854413600e+16
5.853465018769702510e+03 2.540212498820665600e+16
5.853798587553539619e+03 2.540002493438342400e+16
5.854132156337376728e+03 2.539789227916920400e+16
5.854465725121213836e+03 2.539572738461253200e+16
5.854799293905050035e+03 2.539353063257356800e+16
5.855132862688886235e+03 2.539130242456966000e+16
5.855466431472724253e+03 2.538904318160945200e+16
5.855800000256560452e+03 2.538675334401514400e+16
5.856133569040397560e+03 2.538443337123359200e+16
5.856467137824234669e+03 2.538208374163602400e+16
5.856800706608071778e+03 2.537970495230676800e+16
5.857134275391907977e+03 2.537729751882132800e+16
5.857467844175745995e+03 2.537486197501381600e+16
5.857801412959582194e+03 2.537239887273409600e+16
5.858134981743419303e+03 2.536990878159484800e+16
5.858468550527255502e+03 2.536739228870894400e+16
5.858802119311093520e+03 2.536484999841712000e+16
5.859135688094929719e+03 2.536228253200651200e+16
5.859469256878765918e+03 2.535969052742015200e+16
5.859802825662603937e+03 2.535707463895781600e+16
5.860136394446440136e+03 2.535443553696846400e+16
5.860469963230277244e+03 2.535177390753454400e+16
5.860803532014114353e+03 2.534909045214856000e+16
5.861137100797951462e+03 2.534638588738214400e+16
5.861470669581787661e+03 2.534366094454797600e+16
5.861804238365624769e+03 2.534091636935483200e+16
5.862137807149461878e+03 2.533815292155622000e+16
5.862471375933298987e+03 2.533537137459263200e+16
5.862804944717135186e+03 2.533257251522825600e+16
5.863138513500973204e+03 2.532975714318180800e+16
5.863472082284809403e+03 2.532692607075245600e+16
5.863805651068645602e+03 2.532408012244078800e+16
5.864139219852483620e+03 2.532122013456529200e+16
5.864472788636319819e+03 2.531834695487459200e+16
5.864806357420156928e+03 2.531546144215608800e+16
5.865139926203993127e+03 2.531256446584069600e+16
5.865473494987831145e+03 2.530965690560493200e+16
5.865807063771667345e+03 2.530673965096968000e+16
5.866140632555504453e+03 2.530381360089697600e+16
5.866474201339341562e+03 2.530087966338415200e+16
5.866807770123178670e+03 2.529793875505654000e+16
5.867141338907014870e+03 2.529499180075848800e+16
5.867474907690851978e+03 2.529203973314326400e+16
5.867808476474689087e+03 2.528908349226212000e+16
5.868142045258525286e+03 2.528612402515278400e+16
5.868475614042362395e+03 2.528316228542781600e+16
5.868809182826199503e+03 2.528019923286296000e+16
5.869142751610036612e+03 2.527723583298590800e+16
5.869476320393872811e+03 2.527427305666585600e+16
5.869809889177710829e+03 2.527131187970390400e+16
5.870143457961547028e+03 2.526835328242480000e+16
5.870477026745383228e+03 2.526539824927018400e+16
5.870810595529221246e+03 2.526244776839379600e+16
5.871144164313057445e+03 2.525950283125852400e+16
5.871477733096894553e+03 2.525656443223608000e+16
5.871811301880730753e+03 2.525363356820905600e+16
5.872144870664568771e+03 2.525071123817603200e+16
5.872478439448404970e+03 2.524779844285952400e+16
5.872812008232242079e+03 2.524489618431756800e+16
5.873145577016079187e+03 2.524200546555860000e+16
5.873479145799916296e+03 2.523912729016018000e+16
5.873812714583752495e+03 2.523626266189176000e+16
5.874146283367590513e+03 2.523341258434158400e+16
5.874479852151426712e+03 2.523057806054784800e+16
5.874813420935262911e+03 2.522776009263462400e+16
5.875146989719100020e+03 2.522495968145237600e+16
5.875480558502937129e+03 2.522217782622338400e+16
5.875814127286774237e+03 2.521941552419224000e+16
5.876147696070610436e+03 2.521667377028167600e+16
5.876481264854448455e+03 2.521395355675352000e+16
5.876814833638284654e+03 2.521125587287536000e+16
5.877148402422121762e+03 2.520858170459276000e+16
5.877481971205958871e+03 2.520593203420720000e+16
5.877815539989795980e+03 2.520330784005980400e+16
5.878149108773632179e+03 2.520071009622132400e+16
5.878482677557468378e+03 2.519813977218775200e+16
5.878816246341306396e+03 2.519559783258244000e+16
5.879149815125142595e+03 2.519308523686428400e+16
5.879483383908979704e+03 2.519060293904224000e+16
5.879816952692816812e+03 2.518815188739621200e+16
5.880150521476653921e+03 2.518573302420435200e+16
5.880484090260490120e+03 2.518334728547689600e+16
5.880817659044328138e+03 2.518099560069645600e+16
5.881151227828164338e+03 2.517867889256487200e+16
5.881484796612001446e+03 2.517639807675677600e+16
5.881818365395837645e+03 2.517415406167958800e+16
5.882151934179675663e+03 2.517194774824030800e+16
5.882485502963511863e+03 2.516978002961879600e+16
5.882819071747348062e+03 2.516765179104788800e+16
5.883152640531186080e+03 2.516556390959998800e+16
5.883486209315022279e+03 2.516351725398039200e+16
5.883819778098859388e+03 2.516151268432721600e+16
5.884153346882696496e+03 2.515955105201796800e+16
5.884486915666533605e+03 2.515763319948255600e+16
5.884820484450369804e+03 2.515575996002314000e+16
5.885154053234206913e+03 2.515393215764017600e+16
5.885487622018044021e+03 2.515215060686517600e+16
5.885821190801881130e+03 2.515041611259980800e+16
5.886154759585717329e+03 2.514872946996142000e+16
5.886488328369555347e+03 2.514709146413488800e+16
5.886821897153391546e+03 2.514550287023077600e+16
5.887155465937227746e+03 2.514396445314962400e+16
5.887489034721065764e+03 2.514247696745257600e+16
5.887822603504901963e+03 2.514104115723788000e+16
5.888156172288739072e+03 2.513965775602362400e+16
5.888489741072575271e+03 2.513832748663622000e+16
5.888823309856413289e+03 2.513705106110498400e+16
5.889156878640249488e+03 2.513582918056222000e+16
5.889490447424086597e+03 2.513466253514932800e+16
5.889824016207923705e+03 2.513355180392832000e+16
5.890157584991760814e+03 2.513249765479889600e+16
5.890491153775597013e+03 2.513150074442108000e+16
5.890824722559434122e+03 2.513056171814315200e+16
5.891158291343271230e+03 2.512968120993478800e+16
5.891491860127107429e+03 2.512885984232546400e+16
5.891825428910944538e+03 2.512809822634789600e+16
5.892158997694781647e+03 2.512739696148643600e+16
5.892492566478618755e+03 2.512675663563039600e+16
5.892826135262454954e+03 2.512617782503212000e+16
5.893159704046292973e+03 2.512566109426972000e+16
5.893493272830129172e+03 2.512520699621448400e+16
5.893826841613965371e+03 2.512481607200263200e+16
5.894160410397803389e+03 2.512448885101153200e+16
5.894493979181639588e+03 2.512422585084012400e+16
5.894827547965476697e+03 2.512402757729364000e+16
5.895161116749312896e+03 2.512389452437224000e+16
5.895494685533150914e+03 2.512382717426368800e+16
5.895828254316987113e+03 2.512382599733988800e+16
5.896161823100824222e+03 2.512389145215713600e+16
5.896495391884661331e+03 2.512402398546014400e+16
5.896828960668498439e+03 2.512422403218938400e+16
5.897162529452334638e+03 2.512449201549215200e+16
5.897496098236172656e+03 2.512482834673682800e+16
5.897829667020008856e+03 2.512523342553033600e+16
5.898163235803845055e+03 2.512570763973894400e+16
5.898496804587682163e+03 2.512625136551186400e+16
5.898830373371519272e+03 2.512686496730811200e+16
5.899163942155356381e+03 2.512754879792580000e+16
5.899497510939192580e+03 2.512830319853462400e+16
5.899831079723030598e+03 2.512912849871078000e+16
5.900164648506866797e+03 2.513002501647434400e+16
5.900498217290703906e+03 2.513099305832944000e+16
5.900831786074541014e+03 2.513203291930644800e+16
5.901165354858378123e+03 2.513314488300675600e+16
5.901498923642214322e+03 2.513432922164957600e+16
5.901832492426050521e+03 2.513558619612084800e+16
5.902166061209888539e+03 2.513691605602437600e+16
5.902499629993724739e+03 2.513831903973451200e+16
5.902833198777561847e+03 2.513979537445114000e+16
5.903166767561398956e+03 2.514134527625612000e+16
5.903500336345236065e+03 2.514296895017148800e+16
5.903833905129072264e+03 2.514466659021934400e+16
5.904167473912910282e+03 2.514643837948318400e+16
5.904501042696746481e+03 2.514828449017069600e+16
5.904834611480583590e+03 2.515020508367798400e+16
5.905168180264419789e+03 2.515220031065502400e+16
5.905501749048257807e+03 2.515427031107242400e+16
5.905835317832094006e+03 2.515641521428921600e+16
5.906168886615930205e+03 2.515863513912188800e+16
5.906502455399768223e+03 2.516093019391437200e+16
5.906836024183604422e+03 2.516330047660888000e+16
5.907169592967441531e+03 2.516574607481789600e+16
5.907503161751278640e+03 2.516826706589668000e+16
5.907836730535115748e+03 2.517086351701668800e+16
5.908170299318951947e+03 2.517353548523979600e+16
5.908503868102789056e+03 2.517628301759298400e+16
5.908837436886626165e+03 2.517910615114365600e+16
5.909171005670463273e+03 2.518200491307558400e+16
5.909504574454299473e+03 2.518497932076524400e+16
5.909838143238137491e+03 2.518802938185858800e+16
5.910171712021973690e+03 2.519115509434817600e+16
5.910505280805809889e+03 2.519435644665071200e+16
5.910838849589647907e+03 2.519763341768477200e+16
5.911172418373484106e+03 2.520098597694872800e+16
5.911505987157321215e+03 2.520441408459902400e+16
5.911839555941157414e+03 2.520791769152837200e+16
5.912173124724995432e+03 2.521149673944425600e+16
5.912506693508831631e+03 2.521515116094724000e+16
5.912840262292668740e+03 2.521888087960962400e+16
5.913173831076505849e+03 2.522268581005372000e+16
5.913507399860342957e+03 2.522656585803031600e+16
5.913840968644179156e+03 2.523052092049692800e+16
5.914174537428016265e+03 2.523455088569599600e+16
5.914508106211853374e+03 2.523865563323282400e+16
5.914841674995689573e+03 2.524283503415335200e+16
5.915175243779526681e+03 2.524708895102175200e+16
5.915508812563363790e+03 2.525141723799768800e+16
5.915842381347200899e+03 2.525581974091332000e+16
5.916175950131037098e+03 2.526029629735002400e+16
5.916509518914875116e+03 2.526484673671466400e+16
5.916843087698711315e+03 2.526947088031559200e+16
5.917176656482547514e+03 2.527416854143822000e+16
5.917510225266385532e+03 2.527893952542020000e+16
5.917843794050221732e+03 2.528378362972604800e+16
5.918177362834058840e+03 2.528870064402149600e+16
5.918510931617895039e+03 2.529369035024713200e+16
5.918844500401733058e+03 2.529875252269179200e+16
5.919178069185569257e+03 2.530388692806514800e+16
5.919511637969406365e+03 2.530909332556996800e+16
5.919845206753243474e+03 2.531437146697378400e+16
5.920178775537080583e+03 2.531972109667981600e+16
5.920512344320916782e+03 2.532514195179758000e+16
5.920845913104754800e+03 2.533063376221261200e+16
5.921179481888590999e+03 2.533619625065578400e+16
5.921513050672427198e+03 2.534182913277185200e+16
5.921846619456264307e+03 2.534753211718742400e+16
5.922180188240101415e+03 2.535330490557824000e+16
5.922513757023938524e+03 2.535914719273581200e+16
5.922847325807774723e+03 2.536505866663334800e+16
5.923180894591612741e+03 2.537103900849099200e+16
5.923514463375448940e+03 2.537708789284037200e+16
5.923848032159286049e+03 2.538320498758846800e+16
5.924181600943123158e+03 2.538938995408070800e+16
5.924515169726960266e+03 2.539564244716336000e+16
5.924848738510796466e+03 2.540196211524524000e+16
5.925182307294632665e+03 2.540834860035858400e+16
5.925515876078470683e+03 2.541480153821931600e+16
5.925849444862306882e+03 2.542132055828638400e+16
5.926183013646143991e+03 2.542790528382055600e+16
5.926516582429981099e+03 2.543455533194228000e+16
5.926850151213818208e+03 2.544127031368884000e+16
5.927183719997654407e+03 2.544804983407084400e+16
5.927517288781492425e+03 2.545489349212780800e+16
5.927850857565328624e+03 2.546180088098296000e+16
5.928184426349165733e+03 2.546877158789751200e+16
5.928517995133001932e+03 2.547580519432380800e+16
5.928851563916839950e+03 2.548290127595801600e+16
5.929185132700676149e+03 2.549005940279179200e+16
5.929518701484512349e+03 2.549727913916338800e+16
5.929852270268350367e+03 2.550456004380784000e+16
5.930185839052186566e+03 2.551190166990640000e+16
5.930519407836023674e+03 2.551930356513532000e+16
5.930852976619860783e+03 2.552676527171370000e+16
5.931186545403697892e+03 2.553428632645058800e+16
5.931520114187534091e+03 2.554186626079154000e+16
5.931853682971371200e+03 2.554950460086410800e+16
5.932187251755208308e+03 2.555720086752271200e+16
5.932520820539045417e+03 2.556495457639280400e+16
5.932854389322881616e+03 2.557276523791423200e+16
5.933187958106719634e+03 2.558063235738378400e+16
5.933521526890555833e+03 2.558855543499714400e+16
5.933855095674392032e+03 2.559653396588988800e+16
5.934188664458230051e+03 2.560456744017808000e+16
5.934522233242066250e+03 2.561265534299772400e+16
5.934855802025903358e+03 2.562079715454389600e+16
5.935189370809739557e+03 2.562899235010884000e+16
5.935522939593577576e+03 2.563724040011960800e+16
5.935856508377413775e+03 2.564554077017478800e+16
5.936190077161250883e+03 2.565389292108073200e+16
5.936523645945087992e+03 2.566229630888694000e+16
5.936857214728925101e+03 2.567075038492088400e+16
5.937190783512761300e+03 2.567925459582203600e+16
5.937524352296598408e+03 2.568780838357547200e+16
5.937857921080435517e+03 2.569641118554448800e+16
5.938191489864271716e+03 2.570506243450293200e+16
5.938525058648108825e+03 2.571376155866665600e+16
5.938858627431945933e+03 2.572250798172448000e+16
5.939192196215783042e+03 2.573130112286848000e+16
5.939525764999619241e+03 2.574014039682372400e+16
5.939859333783457259e+03 2.574902521387749600e+16
5.940192902567293459e+03 2.575795497990774800e+16
5.940526471351129658e+03 2.576692909641126400e+16
5.940860040134967676e+03 2.577594696053106400e+16
5.941193608918803875e+03 2.578500796508340800e+16
5.941527177702640984e+03 2.579411149858422400e+16
5.941860746486477183e+03 2.580325694527511200e+16
5.942194315270315201e+03 2.581244368514882400e+16
5.942527884054151400e+03 2.582167109397421600e+16
5.942861452837988509e+03 2.583093854332089200e+16
5.943195021621825617e+03 2.584024540058335200e+16
5.943528590405662726e+03 2.584959102900464800e+16
5.943862159189498925e+03 2.585897478769988000e+16
5.944195727973336943e+03 2.586839603167899600e+16
5.944529296757173142e+03 2.587785411186952800e+16
5.944862865541009342e+03 2.588734837513881600e+16
5.945196434324846450e+03 2.589687816431606000e+16
5.945530003108683559e+03 2.590644281821393200e+16
5.945863571892520667e+03 2.591604167165001200e+16
5.946197140676356867e+03 2.592567405546800000e+16
5.946530709460194885e+03 2.593533929655863600e+16
5.946864278244031084e+03 2.594503671788043200e+16
5.947197847027868193e+03 2.595476563848034800e+16
5.947531415811705301e+03 2.596452537351410800e+16
5.947864984595542410e+03 2.597431523426658400e+16
5.948198553379378609e+03 2.598413452817203200e+16
5.948532122163214808e+03 2.599398255883417200e+16
5.948865690947052826e+03 2.600385862604637600e+16
5.949199259730889025e+03 2.601376202581174000e+16
5.949532828514726134e+03 2.602369205036314400e+16
5.949866397298563243e+03 2.603364798818355600e+16
5.950199966082400351e+03 2.604362912402614400e+16
5.950533534866236550e+03 2.605363473893471200e+16
5.950867103650074569e+03 2.606366411026420800e+16
5.951200672433910768e+03 2.607371651170130800e+16
5.951534241217747876e+03 2.608379121328542800e+16
5.951867810001584076e+03 2.609388748142977600e+16
5.952201378785422094e+03 2.610400457894278000e+16
5.952534947569258293e+03 2.611414176504979200e+16
5.952868516353094492e+03 2.612429829541516800e+16
5.953202085136932510e+03 2.613447342216474800e+16
5.953535653920768709e+03 2.614466639390867200e+16
5.953869222704605818e+03 2.615487645576482800e+16
5.954202791488442926e+03 2.616510284938258400e+16
5.954536360272280035e+03 2.617534481296722800e+16
5.954869929056116234e+03 2.618560158130494000e+16
5.955203497839953343e+03 2.619587238578833600e+16
5.955537066623790452e+03 2.620615645444277600e+16
5.955870635407627560e+03 2.621645301195322400e+16
5.956204204191463759e+03 2.622676127969204800e+16
5.956537772975301777e+03 2.623708047574746800e+16
5.956871341759137977e+03 2.624740981495278400e+16
5.957204910542974176e+03 2.625774850891678400e+16
5.957538479326812194e+03 2.626809576605464800e+16
5.957872048110648393e+03 2.627845079162011600e+16
5.958205616894485502e+03 2.628881278773866400e+16
5.958539185678321701e+03 2.629918095344152400e+16
5.958872754462159719e+03 2.630955448470106000e+16
5.959206323245995918e+03 2.631993257446704000e+16
5.959539892029833027e+03 2.633031441270442000e+16
5.959873460813670135e+03 2.634069918643207200e+16
5.960207029597507244e+03 2.635108607976288800e+16
5.960540598381343443e+03 2.636147427394540800e+16
5.960874167165180552e+03 2.637186294740660800e+16
5.961207735949017660e+03 2.638225127579613200e+16
5.961541304732853860e+03 2.639263843203222000e+16
5.961874873516690968e+03 2.640302358634894400e+16
5.962208442300528077e+03 2.641340590634509600e+16
5.962542011084365186e+03 2.642378455703474800e+16
5.962875579868201385e+03 2.643415870089942800e+16
5.963209148652039403e+03 2.644452749794208000e+16
5.963542717435875602e+03 2.645489010574265200e+16
5.963876286219711801e+03 2.646524567951574400e+16
5.964209855003549819e+03 2.647559337216992800e+16
5.964543423787386018e+03 2.648593233436895200e+16
5.964876992571223127e+03 2.649626171459506800e+16
5.965210561355059326e+03 2.650658065921433600e+16
5.965544130138897344e+03 2.651688831254375200e+16
5.965877698922733543e+03 2.652718381692075600e+16
5.966211267706570652e+03 2.653746631277474400e+16
5.966544836490407761e+03 2.654773493870076000e+16
5.966878405274244869e+03 2.655798883153540000e+16
5.967211974058081069e+03 2.656822712643501600e+16
5.967545542841919087e+03 2.657844895695628800e+16
5.967879111625755286e+03 2.658865345513888400e+16
5.968212680409591485e+03 2.659883975159090000e+16
5.968546249193428594e+03 2.660900697557636000e+16
5.968879817977265702e+03 2.661915425510536800e+16
5.969213386761102811e+03 2.662928071702667600e+16
5.969546955544939010e+03 2.663938548712283200e+16
5.969880524328777028e+03 2.664946769020784800e+16
5.970214093112613227e+03 2.665952645022740400e+16
5.970547661896450336e+03 2.666956089036180800e+16
5.970881230680287445e+03 2.667957013313144000e+16
5.971214799464124553e+03 2.668955330050500800e+16
5.971548368247960752e+03 2.669950951401033600e+16
5.971881937031796951e+03 2.670943789484806000e+16
5.972215505815634970e+03 2.671933756400787200e+16
5.972549074599471169e+03 2.672920764238760400e+16
5.972882643383308277e+03 2.673904725091510400e+16
5.973216212167145386e+03 2.674885551067280800e+16
5.973549780950982495e+03 2.675863154302520800e+16
5.973883349734818694e+03 2.676837446974896000e+16
5.974216918518656712e+03 2.677808341316598400e+16
5.974550487302492911e+03 2.678775749627923200e+16
5.974884056086330020e+03 2.679739584291130400e+16
5.975217624870166219e+03 2.680699757784588800e+16
5.975551193654004237e+03 2.681656182697201600e+16
5.975884762437840436e+03 2.682608771743098400e+16
5.976218331221676635e+03 2.683557437776628000e+16
5.976551900005514653e+03 2.684502093807608800e+16
5.976885468789350853e+03 2.685442653016860800e+16
5.977219037573187961e+03 2.686379028772009600e+16
5.977552606357024160e+03 2.687311134643573600e+16
5.977886175140862179e+03 2.688238884421295600e+16
5.978219743924698378e+03 2.689162192130760800e+16
5.978553312708535486e+03 2.690080972050267200e+16
5.978886881492372595e+03 2.690995138727968800e+16
5.979220450276209704e+03 2.691904606999238800e+16
5.979554019060045903e+03 2.692809292004331200e+16
5.979887587843883921e+03 2.693709109206250400e+16
5.980221156627720120e+03 2.694603974408876000e+16
5.980554725411556319e+03 2.695493803775332400e+16
5.980888294195393428e+03 2.696378513846566400e+16
5.981221862979230536e+03 2.697258021560178400e+16
5.981555431763067645e+03 2.698132244269431200e+16
5.981889000546903844e+03 2.699001099762516400e+16
5.982222569330741862e+03 2.699864506281992000e+16
5.982556138114578062e+03 2.700722382544421600e+16
5.982889706898415170e+03 2.701574647760217600e+16
5.983223275682252279e+03 2.702421221653646800e+16
5.983556844466089387e+03 2.703262024483022400e+16
5.983890413249925587e+03 2.704096977061042800e+16
5.984223982033761786e+03 2.704926000775310400e+16
5.984557550817599804e+03 2.705749017608966400e+16
5.984891119601436003e+03 2.706565950161476000e+16
5.985224688385273112e+03 2.707376721669544400e+16
5.985558257169110220e+03 2.708181256028122400e+16
5.985891825952947329e+03 2.708979477811548000e+16
5.986225394736783528e+03 2.709771312294748000e+16
5.986558963520621546e+03 2.710556685474544800e+16
5.986892532304457745e+03 2.711335524091013600e+16
5.987226101088293944e+03 2.712107755648914400e+16
5.987559669872131053e+03 2.712873308439148400e+16
5.987893238655968162e+03 2.713632111560258400e+16
5.988226807439805270e+03 2.714384094939943200e+16
5.988560376223641470e+03 2.715129189356584400e+16
5.988893945007479488e+03 2.715867326460756400e+16
5.989227513791315687e+03 2.716598438796709600e+16
5.989561082575152795e+03 2.717322459823837600e+16
5.989894651358989904e+03 2.718039323938073600e+16
5.990228220142827013e+03 2.718748966493234000e+16
5.990561788926663212e+03 2.719451323822282000e+16
5.990895357710499411e+03 2.720146333258490400e+16
5.991228926494337429e+03 2.720833933156508800e+16
5.991562495278173628e+03 2.721514062913290400e+16
5.991896064062010737e+03 2.722186662988898000e+16
5.992229632845847846e+03 2.722851674927144000e+16
5.992563201629684954e+03 2.723509041376062400e+16
5.992896770413521153e+03 2.724158706108204000e+16
5.993230339197359172e+03 2.724800614040720000e+16
5.993563907981195371e+03 2.725434711255238400e+16
5.993897476765032479e+03 2.726060945017508000e+16
5.994231045548868678e+03 2.726679263796794000e+16
5.994564614332706697e+03 2.727289617285005200e+16
5.994898183116542896e+03 2.727891956415556800e+16
5.995231751900379095e+03 2.728486233381925600e+16
5.995565320684217113e+03 2.729072401655906400e+16
5.995898889468053312e+03 2.729650416005541600e+16
5.996232458251890421e+03 2.730220232512706000e+16
5.996566027035727529e+03 2.730781808590342800e+16
5.996899595819564638e+03 2.731335102999327200e+16
5.997233164603400837e+03 2.731880075864952000e+16
5.997566733387237946e+03 2.732416688692998400e+16
5.997900302171075055e+03 2.732944904385414400e+16
5.998233870954912163e+03 2.733464687255545600e+16
5.998567439738748362e+03 2.733976003042938400e+16
5.998901008522586380e+03 2.734478818927687200e+16
5.999234577306422580e+03 2.734973103544288800e+16
5.999568146090258779e+03 2.735458826995063600e+16
5.999901714874096797e+03 2.735935960863028000e+16
6.000235283657932996e+03 2.736404478224293600e+16
6.000568852441770105e+03 2.736864353659938800e+16
6.000902421225606304e+03 2.737315563267346000e+16
6.001235990009444322e+03 2.737758084670996000e+16
6.001569558793280521e+03 2.738191897032711200e+16
6.001903127577117630e+03 2.738616981061337600e+16
6.002236696360954738e+03 2.739033319021844800e+16
6.002570265144791847e+03 2.739440894743849200e+16
6.002903833928628046e+03 2.739839693629533600e+16
6.003237402712466064e+03 2.740229702660985200e+16
6.003570971496302263e+03 2.740610910406892800e+16
6.003904540280138463e+03 2.740983307028656800e+16
6.004238109063975571e+03 2.741346884285857600e+16
6.004571677847812680e+03 2.741701635541085200e+16
6.004905246631649788e+03 2.742047555764152000e+16
6.005238815415485988e+03 2.742384641535640000e+16
6.005572384199324006e+03 2.742712891049814800e+16
6.005905952983160205e+03 2.743032304116876000e+16
6.006239521766997314e+03 2.743342882164551200e+16
6.006573090550834422e+03 2.743644628239041600e+16
6.006906659334671531e+03 2.743937547005281600e+16
6.007240228118507730e+03 2.744221644746554000e+16
6.007573796902343929e+03 2.744496929363424400e+16
6.007907365686181947e+03 2.744763410372009600e+16
6.008240934470018146e+03 2.745021098901581600e+16
6.008574503253855255e+03 2.745270007691498400e+16
6.008908072037692364e+03 2.745510151087474400e+16
6.009241640821529472e+03 2.745741545037160400e+16
6.009575209605365671e+03 2.745964207085098800e+16
6.009908778389203690e+03 2.746178156366976000e+16
6.010242347173039889e+03 2.746383413603243200e+16
6.010575915956876088e+03 2.746580001092068000e+16
6.010909484740713197e+03 2.746767942701641200e+16
6.011243053524550305e+03 2.746947263861844800e+16
6.011576622308387414e+03 2.747117991555244000e+16
6.011910191092223613e+03 2.747280154307507200e+16
6.012243759876061631e+03 2.747433782177128800e+16
6.012577328659897830e+03 2.747578906744585600e+16
6.012910897443734939e+03 2.747715561100851200e+16
6.013244466227572048e+03 2.747843779835310800e+16
6.013578035011409156e+03 2.747963599023085600e+16
6.013911603795245355e+03 2.748075056211758800e+16
6.014245172579081554e+03 2.748178190407547200e+16
6.014578741362919573e+03 2.748273042060871200e+16
6.014912310146755772e+03 2.748359653051402800e+16
6.015245878930592880e+03 2.748438066672540400e+16
6.015579447714429989e+03 2.748508327615370400e+16
6.015913016498267098e+03 2.748570481952096400e+16
6.016246585282103297e+03 2.748624577118960400e+16
6.016580154065941315e+03 2.748670661898670800e+16
6.016913722849777514e+03 2.748708786402332800e+16
6.017247291633614623e+03 2.748739002050938800e+16
6.017580860417450822e+03 2.748761361556368000e+16
6.017914429201288840e+03 2.748775918901967200e+16
6.018247997985125039e+03 2.748782729322688000e+16
6.018581566768961238e+03 2.748781849284830400e+16
6.018915135552799256e+03 2.748773336465369600e+16
6.019248704336635456e+03 2.748757249730904400e+16
6.019582273120472564e+03 2.748733649116254400e+16
6.019915841904309673e+03 2.748702595802677200e+16
6.020249410688146781e+03 2.748664152095772000e+16
6.020582979471982981e+03 2.748618381403054400e+16
6.020916548255820089e+03 2.748565348211232800e+16
6.021250117039657198e+03 2.748505118063191200e+16
6.021583685823494307e+03 2.748437757534697600e+16
6.021917254607330506e+03 2.748363334210873600e+16
6.022250823391168524e+03 2.748281916662408800e+16
6.022584392175004723e+03 2.748193574421561600e+16
6.022917960958840922e+03 2.748098377957956000e+16
6.023251529742678940e+03 2.747996398654189200e+16
6.023585098526515139e+03 2.747887708781256400e+16
6.023918667310352248e+03 2.747772381473840800e+16
6.024252236094188447e+03 2.747650490705457200e+16
6.024585804878026465e+03 2.747522111263453600e+16
6.024919373661862664e+03 2.747387318723941600e+16
6.025252942445699773e+03 2.747246189426608000e+16
6.025586511229536882e+03 2.747098800449474000e+16
6.025920080013373990e+03 2.746945229583572800e+16
6.026253648797210190e+03 2.746785555307622400e+16
6.026587217581048208e+03 2.746619856762630400e+16
6.026920786364884407e+03 2.746448213726514400e+16
6.027254355148720606e+03 2.746270706588734400e+16
6.027587923932557715e+03 2.746087416324911600e+16
6.027921492716394823e+03 2.745898424471527200e+16
6.028255061500231932e+03 2.745703813100625200e+16
6.028588630284068131e+03 2.745503664794623200e+16
6.028922199067906149e+03 2.745298062621168400e+16
6.029255767851742348e+03 2.745087090108094400e+16
6.029589336635579457e+03 2.744870831218506000e+16
6.029922905419416566e+03 2.744649370325948800e+16
6.030256474203253674e+03 2.744422792189734800e+16
6.030590042987089873e+03 2.744191181930407200e+16
6.030923611770926072e+03 2.743954625005362000e+16
6.031257180554764091e+03 2.743713207184639600e+16
6.031590749338600290e+03 2.743467014526894400e+16
6.031924318122437398e+03 2.743216133355571600e+16
6.032257886906274507e+03 2.742960650235262000e+16
6.032591455690111616e+03 2.742700651948302000e+16
6.032925024473947815e+03 2.742436225471572000e+16
6.033258593257785833e+03 2.742167457953559200e+16
6.033592162041622032e+03 2.741894436691619600e+16
6.033925730825458231e+03 2.741617249109555200e+16
6.034259299609295340e+03 2.741335982735398000e+16
6.034592868393132449e+03 2.741050725179497200e+16
6.034926437176969557e+03 2.740761564112880800e+16
6.035260005960805756e+03 2.740468587245898400e+16
6.035593574744643774e+03 2.740171882307167200e+16
6.035927143528479974e+03 2.739871537022801600e+16
6.036260712312317082e+03 2.739567639095990000e+16
6.036594281096154191e+03 2.739260276186840000e+16
6.036927849879991300e+03 2.738949535892574000e+16
6.037261418663827499e+03 2.738635505728051200e+16
6.037594987447663698e+03 2.738318273106597600e+16
6.037928556231501716e+03 2.737997925321208000e+16
6.038262125015337915e+03 2.737674549526049600e+16
6.038595693799175024e+03 2.737348232718348000e+16
6.038929262583012132e+03 2.737019061720596000e+16
6.039262831366849241e+03 2.736687123163120800e+16
6.039596400150685440e+03 2.736352503467012800e+16
6.039929968934523458e+03 2.736015288827408800e+16
6.040263537718359657e+03 2.735675565197127200e+16
6.040597106502196766e+03 2.735333418270679200e+16
6.040930675286032965e+03 2.734988933468636800e+16
6.041264244069870983e+03 2.734642195922362400e+16
6.041597812853707183e+03 2.734293290459111200e+16
6.041931381637543382e+03 2.733942301587497600e+16
6.042264950421381400e+03 2.733589313483328000e+16
6.042598519205217599e+03 2.733234409975805200e+16
6.042932087989054708e+03 2.732877674534090000e+16
6.043265656772891816e+03 2.732519190254252800e+16
6.043599225556728925e+03 2.732159039846553200e+16
6.043932794340565124e+03 2.731797305623131200e+16
6.044266363124402233e+03 2.731434069486022400e+16
6.044599931908239341e+03 2.731069412915555200e+16
6.044933500692076450e+03 2.730703416959112800e+16
6.045267069475912649e+03 2.730336162220236000e+16
6.045600638259750667e+03 2.729967728848105600e+16
6.045934207043586866e+03 2.729598196527352800e+16
6.046267775827423065e+03 2.729227644468252800e+16
6.046601344611261084e+03 2.728856151397230400e+16
6.046934913395097283e+03 2.728483795547744800e+16
6.047268482178934391e+03 2.728110654651499600e+16
6.047602050962770591e+03 2.727736805929985600e+16
6.047935619746608609e+03 2.727362326086387200e+16
6.048269188530444808e+03 2.726987291297775600e+16
6.048602757314281916e+03 2.726611777207682800e+16
6.048936326098119025e+03 2.726235858918951200e+16
6.049269894881956134e+03 2.725859610986937600e+16
6.049603463665792333e+03 2.725483107413006400e+16
6.049937032449630351e+03 2.725106421638358400e+16
6.050270601233466550e+03 2.724729626538138400e+16
6.050604170017302749e+03 2.724352794415870800e+16
6.050937738801139858e+03 2.723975996998177600e+16
6.051271307584976967e+03 2.723599305429780800e+16
6.051604876368814075e+03 2.723222790268810800e+16
6.051938445152650274e+03 2.722846521482378400e+16
6.052272013936488293e+03 2.722470568442437200e+16
6.052605582720324492e+03 2.722094999921906000e+16
6.052939151504161600e+03 2.721719884091059200e+16
6.053272720287998709e+03 2.721345288514192000e+16
6.053606289071835818e+03 2.720971280146513600e+16
6.053939857855672017e+03 2.720597925331310400e+16
6.054273426639508216e+03 2.720225289797353600e+16
6.054606995423346234e+03 2.719853438656528800e+16
6.054940564207182433e+03 2.719482436401716800e+16
6.055274132991019542e+03 2.719112346904885600e+16
6.055607701774856650e+03 2.718743233415426400e+16
6.055941270558693759e+03 2.718375158558668000e+16
6.056274839342529958e+03 2.718008184334648000e+16
6.056608408126367976e+03 2.717642372117052000e+16
6.056941976910204176e+03 2.717277782652365600e+16
6.057275545694040375e+03 2.716914476059223200e+16
6.057609114477877483e+03 2.716552511827937200e+16
6.057942683261714592e+03 2.716191948820214800e+16
6.058276252045551701e+03 2.715832845269044000e+16
6.058609820829387900e+03 2.715475258778764400e+16
6.058943389613225918e+03 2.715119246325279200e+16
6.059276958397062117e+03 2.714764864256454400e+16
6.059610527180899226e+03 2.714412168292655600e+16
6.059944095964736334e+03 2.714061213527434400e+16
6.060277664748573443e+03 2.713712054428362400e+16
6.060611233532409642e+03 2.713364744838004800e+16
6.060944802316245841e+03 2.713019337975022400e+16
6.061278371100083859e+03 2.712675886435392000e+16
6.061611939883920058e+03 2.712334442193771200e+16
6.061945508667757167e+03 2.711995056604961200e+16
6.062279077451594276e+03 2.711657780405488000e+16
6.062612646235431384e+03 2.711322663715285600e+16
6.062946215019267584e+03 2.710989756039488400e+16
6.063279783803105602e+03 2.710659106270317600e+16
6.063613352586941801e+03 2.710330762689044800e+16
6.063946921370778909e+03 2.710004772968072000e+16
6.064280490154615109e+03 2.709681184173061600e+16
6.064614058938453127e+03 2.709360042765162400e+16
6.064947627722289326e+03 2.709041394603305600e+16
6.065281196506125525e+03 2.708725284946562800e+16
6.065614765289963543e+03 2.708411758456577600e+16
6.065948334073799742e+03 2.708100859200032800e+16
6.066281902857636851e+03 2.707792630651212400e+16
6.066615471641473960e+03 2.707487115694566400e+16
6.066949040425311068e+03 2.707184356627360800e+16
6.067282609209147267e+03 2.706884395162344400e+16
6.067616177992984376e+03 2.706587272430462400e+16
6.067949746776821485e+03 2.706293028983613600e+16
6.068283315560658593e+03 2.706001704797405600e+16
6.068616884344494792e+03 2.705713339273981600e+16
6.068950453128332811e+03 2.705427971244823600e+16
6.069284021912169010e+03 2.705145638973604400e+16
6.069617590696005209e+03 2.704866380159046000e+16
6.069951159479843227e+03 2.704590231937774400e+16
6.070284728263679426e+03 2.704317230887209600e+16
6.070618297047516535e+03 2.704047413028432000e+16
6.070951865831352734e+03 2.703780813829076000e+16
6.071285434615190752e+03 2.703517468206185600e+16
6.071619003399026951e+03 2.703257410529104800e+16
6.071952572182864060e+03 2.703000674622327200e+16
6.072286140966701169e+03 2.702747293768352400e+16
6.072619709750538277e+03 2.702497300710515200e+16
6.072953278534374476e+03 2.702250727655801600e+16
6.073286847318212494e+03 2.702007606277656400e+16
6.073620416102048694e+03 2.701767967718736800e+16
6.073953984885884893e+03 2.701531842593667200e+16
6.074287553669722001e+03 2.701299260991759600e+16
6.074621122453559110e+03 2.701070252479692400e+16
6.074954691237396219e+03 2.700844846104162000e+16
6.075288260021232418e+03 2.700623070394498800e+16
6.075621828805070436e+03 2.700404953365244000e+16
6.075955397588906635e+03 2.700190522518680000e+16
6.076288966372743744e+03 2.699979804847328800e+16
6.076622535156580852e+03 2.699772826836387200e+16
6.076956103940417961e+03 2.699569614466134000e+16
6.077289672724254160e+03 2.699370193214275200e+16
6.077623241508090359e+03 2.699174588058241200e+16
6.077956810291928377e+03 2.698982823477428400e+16
6.078290379075764577e+03 2.698794923455385600e+16
6.078623947859601685e+03 2.698610911481955200e+16
6.078957516643438794e+03 2.698430810555332800e+16
6.079291085427275902e+03 2.698254643184085200e+16
6.079624654211112102e+03 2.698082431389096400e+16
6.079958222994950120e+03 2.697914196705460400e+16
6.080291791778786319e+03 2.697749960184294800e+16
6.080625360562622518e+03 2.697589742394495200e+16
6.080958929346459627e+03 2.697433563424432400e+16
6.081292498130296735e+03 2.697281442883554800e+16
6.081626066914133844e+03 2.697133399903944000e+16
6.081959635697970043e+03 2.696989453141789600e+16
6.082293204481808061e+03 2.696849620778796000e+16
6.082626773265644260e+03 2.696713920523493600e+16
6.082960342049481369e+03 2.696582369612524000e+16
6.083293910833318478e+03 2.696454984811785600e+16
6.083627479617155586e+03 2.696331782417554800e+16
6.083961048400991785e+03 2.696212778257510000e+16
6.084294617184827985e+03 2.696097987691666400e+16
6.084628185968666003e+03 2.695987425613258800e+16
6.084961754752502202e+03 2.695881106449506400e+16
6.085295323536339311e+03 2.695779044162346400e+16
6.085628892320176419e+03 2.695681252249038400e+16
6.085962461104013528e+03 2.695587743742712000e+16
6.086296029887849727e+03 2.695498531212841600e+16
6.086629598671687745e+03 2.695413626765610400e+16
6.086963167455523944e+03 2.695333042044213600e+16
6.087296736239361053e+03 2.695256788229071200e+16
6.087630305023197252e+03 2.695184876037959200e+16
6.087963873807035270e+03 2.695117315726052400e+16
6.088297442590871469e+03 2.695054117085886800e+16
6.088631011374707668e+03 2.694995289447239200e+16
6.088964580158545687e+03 2.694940841676918400e+16
6.089298148942381886e+03 2.694890782178476800e+16
6.089631717726218994e+03 2.694845118891833600e+16
6.089965286510056103e+03 2.694803859292818800e+16
6.090298855293893212e+03 2.694767010392620800e+16
6.090632424077729411e+03 2.694734578737174400e+16
6.090965992861566519e+03 2.694706570406436400e+16
6.091299561645403628e+03 2.694682991013596800e+16
6.091633130429240737e+03 2.694663845704201600e+16
6.091966699213076936e+03 2.694649139155193200e+16
6.092300267996914954e+03 2.694638875573865600e+16
6.092633836780751153e+03 2.694633058696736800e+16
6.092967405564587352e+03 2.694631691788356800e+16
6.093300974348425370e+03 2.694634777640001600e+16
6.093634543132261570e+03 2.694642318568321600e+16
6.093968111916098678e+03 2.694654316413891200e+16
6.094301680699934877e+03 2.694670772539676800e+16
6.094635249483772895e+03 2.694691687829446800e+16
6.094968818267609095e+03 2.694717062686080800e+16
6.095302387051446203e+03 2.694746897029820000e+16
6.095635955835283312e+03 2.694781190296429600e+16
6.095969524619120421e+03 2.694819941435302400e+16
6.096303093402956620e+03 2.694863148907468000e+16
6.096636662186794638e+03 2.694910810683554000e+16
6.096970230970630837e+03 2.694962924241655200e+16
6.097303799754467036e+03 2.695019486565148800e+16
6.097637368538304145e+03 2.695080494140431200e+16
6.097970937322141253e+03 2.695145942954591600e+16
6.098304506105978362e+03 2.695215828493022400e+16
6.098638074889814561e+03 2.695290145736961200e+16
6.098971643673652579e+03 2.695368889160973600e+16
6.099305212457488778e+03 2.695452052730376400e+16
6.099638781241325887e+03 2.695539629898587600e+16
6.099972350025162996e+03 2.695631613604454800e+16
6.100305918809000104e+03 2.695727996269475600e+16
6.100639487592836304e+03 2.695828769795012800e+16
6.100973056376672503e+03 2.695933925559431200e+16
6.101306625160510521e+03 2.696043454415189600e+16
6.101640193944346720e+03 2.696157346685888800e+16
6.101973762728183829e+03 2.696275592163272000e+16
6.102307331512020937e+03 2.696398180104188000e+16
6.102640900295858046e+03 2.696525099227487200e+16
6.102974469079694245e+03 2.696656337710930400e+16
6.103308037863532263e+03 2.696791883188003200e+16
6.103641606647368462e+03 2.696931722744742400e+16
6.103975175431204661e+03 2.697075842916500000e+16
6.104308744215041770e+03 2.697224229684698400e+16
6.104642312998878879e+03 2.697376868473557600e+16
6.104975881782715987e+03 2.697533744146785600e+16
6.105309450566552187e+03 2.697694841004265600e+16
6.105643019350390205e+03 2.697860142778720400e+16
6.105976588134226404e+03 2.698029632632355600e+16
6.106310156918063512e+03 2.698203293153509600e+16
6.106643725701900621e+03 2.698381106353272000e+16
6.106977294485737730e+03 2.698563053662120000e+16
6.107310863269573929e+03 2.698749115926542400e+16
6.107644432053410128e+03 2.698939273405670400e+16
6.107978000837248146e+03 2.699133505767912400e+16
6.108311569621084345e+03 2.699331792087594800e+16
6.108645138404921454e+03 2.699534110841624800e+16
6.108978707188758563e+03 2.699740439906167600e+16
6.109312275972595671e+03 2.699950756553344800e+16
6.109645844756431870e+03 2.700165037447942800e+16
6.109979413540269888e+03 2.700383258644189600e+16
6.110312982324106088e+03 2.700605395582510800e+16
6.110646551107943196e+03 2.700831423086373600e+16
6.110980119891779395e+03 2.701061315359141600e+16
6.111313688675617414e+03 2.701295045980982800e+16
6.111647257459453613e+03 2.701532587905836800e+16
6.111980826243289812e+03 2.701773913458416400e+16
6.112314395027127830e+03 2.702018994331304000e+16
6.112647963810964029e+03 2.702267801582069200e+16
6.112981532594801138e+03 2.702520305630493600e+16
6.113315101378638246e+03 2.702776476255842000e+16
6.113648670162475355e+03 2.703036282594228400e+16
6.113982238946311554e+03 2.703299693136060000e+16
6.114315807730148663e+03 2.703566675723571200e+16
6.114649376513985771e+03 2.703837197548451200e+16
6.114982945297822880e+03 2.704111225149572000e+16
6.115316514081659079e+03 2.704388724410812800e+16
6.115650082865497097e+03 2.704669660559015600e+16
6.115983651649333297e+03 2.704953998162020400e+16
6.116317220433169496e+03 2.705241701126866400e+16
6.116650789217007514e+03 2.705532732698076800e+16
6.116984358000843713e+03 2.705827055456104400e+16
6.117317926784680822e+03 2.706124631315891200e+16
6.117651495568517021e+03 2.706425421525606000e+16
6.117985064352355039e+03 2.706729386665487600e+16
6.118318633136191238e+03 2.707036486646875200e+16
6.118652201920028347e+03 2.707346680711384800e+16
6.118985770703865455e+03 2.707659927430258400e+16
6.119319339487702564e+03 2.707976184703878400e+16
6.119652908271538763e+03 2.708295409761470800e+16
6.119986477055376781e+03 2.708617559160986800e+16
6.120320045839212980e+03 2.708942588789162000e+16
6.120653614623049179e+03 2.709270453861805600e+16
6.120987183406886288e+03 2.709601108924253600e+16
6.121320752190723397e+03 2.709934507852059600e+16
6.121654320974560505e+03 2.710270603851885600e+16
6.121987889758396705e+03 2.710609349462610000e+16
6.122321458542234723e+03 2.710950696556688000e+16
6.122655027326070922e+03 2.711294596341705600e+16
6.122988596109908030e+03 2.711640999362210000e+16
6.123322164893745139e+03 2.711989855501760800e+16
6.123655733677581338e+03 2.712341113985241600e+16
6.123989302461418447e+03 2.712694723381432000e+16
6.124322871245254646e+03 2.713050631605835200e+16
6.124656440029092664e+03 2.713408785923780000e+16
6.124990008812928863e+03 2.713769132953792800e+16
6.125323577596765972e+03 2.714131618671263200e+16
6.125657146380603081e+03 2.714496188412373600e+16
6.125990715164440189e+03 2.714862786878352400e+16
6.126324283948276388e+03 2.715231358139990400e+16
6.126657852732114407e+03 2.715601845642491200e+16
6.126991421515950606e+03 2.715974192210609200e+16
6.127324990299786805e+03 2.716348340054118400e+16
6.127658559083623913e+03 2.716724230773593600e+16
6.127992127867461022e+03 2.717101805366507200e+16
6.128325696651298131e+03 2.717481004233678800e+16
6.128659265435134330e+03 2.717861767186038000e+16
6.128992834218972348e+03 2.718244033451738400e+16
6.129326403002808547e+03 2.718627741683616000e+16
6.129659971786645656e+03 2.719012829966992000e+16
6.129993540570482764e+03 2.719399235827834400e+16
6.130327109354319873e+03 2.719786896241262400e+16
6.130660678138156072e+03 2.720175747640447200e+16
6.130994246921992271e+03 2.720565725925826400e+16
6.131327815705830290e+03 2.720956766474744000e+16
6.131661384489666489e+03 2.721348804151410800e+16
6.131994953273503597e+03 2.721741773317279200e+16
6.132328522057340706e+03 2.722135607841778400e+16
6.132662090841177815e+03 2.722530241113428000e+16
6.132995659625014014e+03 2.722925606051353600e+16
6.133329228408852032e+03 2.723321635117163200e+16
6.133662797192688231e+03 2.723718260327236000e+16
6.133996365976525340e+03 2.724115413265381600e+16
6.134329934760361539e+03 2.724513025095906000e+16
6.134663503544199557e+03 2.724911026577057200e+16
6.134997072328035756e+03 2.725309348074872000e+16
6.135330641111871955e+03 2.725707919577417600e+16
6.135664209895709973e+03 2.726106670709419200e+16
6.135997778679546172e+03 2.726505530747291200e+16
6.136331347463383281e+03 2.726904428634555200e+16
6.136664916247220390e+03 2.727303292997658400e+16
6.136998485031057498e+03 2.727702052162173600e+16
6.137332053814893698e+03 2.728100634169400000e+16
6.137665622598730806e+03 2.728498966793350000e+16
6.137999191382567915e+03 2.728896977558118400e+16
6.138332760166405023e+03 2.729294593755644800e+16
6.138666328950241223e+03 2.729691742463841600e+16
6.138999897734079241e+03 2.730088350565132800e+16
6.139333466517915440e+03 2.730484344765316000e+16
6.139667035301751639e+03 2.730879651612853200e+16
6.140000604085589657e+03 2.731274197518483600e+16
6.140334172869425856e+03 2.731667908775214000e+16
6.140667741653262965e+03 2.732060711578682800e+16
6.141001310437099164e+03 2.732452532047834400e+16
6.141334879220937182e+03 2.732843296245985600e+16
6.141668448004773381e+03 2.733232930202180000e+16
6.142002016788610490e+03 2.733621359932928800e+16
6.142335585572447599e+03 2.734008511464232800e+16
6.142669154356284707e+03 2.734394310853928000e+16
6.143002723140120906e+03 2.734778684214370400e+16
6.143336291923958925e+03 2.735161557735381600e+16
6.143669860707795124e+03 2.735542857707498400e+16
6.144003429491631323e+03 2.735922510545520400e+16
6.144336998275468432e+03 2.736300442812311200e+16
6.144670567059305540e+03 2.736676581242861600e+16
6.145004135843142649e+03 2.737050852768611600e+16
6.145337704626978848e+03 2.737423184542013600e+16
6.145671273410816866e+03 2.737793503961308400e+16
6.146004842194653065e+03 2.738161738695544800e+16
6.146338410978490174e+03 2.738527816709768800e+16
6.146671979762327283e+03 2.738891666290445600e+16
6.147005548546163482e+03 2.739253216071016800e+16
6.147339117330000590e+03 2.739612395057657200e+16
6.147672686113836789e+03 2.739969132655165600e+16
6.148006254897674808e+03 2.740323358692998800e+16
6.148339823681511007e+03 2.740675003451427600e+16
6.148673392465348115e+03 2.741023997687794400e+16
6.149006961249185224e+03 2.741370272662882000e+16
6.149340530033022333e+03 2.741713760167332000e+16
6.149674098816858532e+03 2.742054392548148000e+16
6.150007667600695640e+03 2.742392102735241600e+16
6.150341236384532749e+03 2.742726824267986000e+16
6.150674805168368948e+03 2.743058491321808400e+16
6.151008373952206057e+03 2.743387038734767200e+16
6.151341942736043165e+03 2.743712402034102000e+16
6.151675511519880274e+03 2.744034517462750400e+16
6.152009080303716473e+03 2.744353322005808800e+16
6.152342649087554491e+03 2.744668753416916000e+16
6.152676217871390691e+03 2.744980750244536800e+16
6.153009786655227799e+03 2.745289251858152800e+16
6.153343355439063998e+03 2.745594198474309200e+16
6.153676924222902016e+03 2.745895531182515200e+16
6.154010493006738216e+03 2.746193191970980800e+16
6.154344061790574415e+03 2.746487123752177200e+16
6.154677630574412433e+03 2.746777270388174800e+16
6.155011199358248632e+03 2.747063576715771200e+16
6.155344768142085741e+03 2.747345988571384000e+16
6.155678336925922849e+03 2.747624452815667600e+16
6.156011905709759958e+03 2.747898917357864000e+16
6.156345474493596157e+03 2.748169331179848000e+16
6.156679043277433266e+03 2.748435644359870000e+16
6.157012612061270374e+03 2.748697808095944000e+16
6.157346180845107483e+03 2.748955774728899200e+16
6.157679749628943682e+03 2.749209497765052800e+16
6.158013318412781700e+03 2.749458931898494800e+16
6.158346887196617899e+03 2.749704033032965200e+16
6.158680455980454099e+03 2.749944758303310400e+16
6.159014024764292117e+03 2.750181066096486400e+16
6.159347593548128316e+03 2.750412916072104400e+16
6.159681162331965425e+03 2.750640269182513600e+16
6.160014731115801624e+03 2.750863087692371200e+16
6.160348299899639642e+03 2.751081335197702400e+16
6.160681868683475841e+03 2.751294976644448400e+16
6.161015437467312950e+03 2.751503978346457200e+16
6.161349006251150058e+03 2.751708308002930000e+16
6.161682575034987167e+03 2.751907934715266400e+16
6.162016143818823366e+03 2.752102829003364000e+16
6.162349712602661384e+03 2.752292962821273200e+16
6.162683281386497583e+03 2.752478309572264000e+16
6.163016850170333782e+03 2.752658844123254400e+16
6.163350418954170891e+03 2.752834542818587200e+16
6.163683987738008000e+03 2.753005383493177600e+16
6.164017556521845108e+03 2.753171345484955200e+16
6.164351125305681308e+03 2.753332409646670800e+16
6.164684694089519326e+03 2.753488558356985200e+16
6.165018262873355525e+03 2.753639775530871200e+16
6.165351831657192633e+03 2.753786046629297600e+16
6.165685400441029742e+03 2.753927358668218400e+16
6.166018969224866851e+03 2.754063700226802400e+16
6.166352538008703050e+03 2.754195061454966400e+16
6.166686106792539249e+03 2.754321434080140000e+16
6.167019675576377267e+03 2.754442811413294000e+16
6.167353244360213466e+03 2.754559188354216800e+16
6.167686813144050575e+03 2.754670561396035200e+16
6.168020381927887684e+03 2.754776928628964000e+16
6.168353950711724792e+03 2.754878289743295200e+16
6.168687519495560991e+03 2.754974646031626000e+16
6.169021088279399009e+03 2.755066000390302000e+16
6.169354657063235209e+03 2.755152357320078800e+16
6.169688225847072317e+03 2.755233722926052400e+16
6.170021794630908516e+03 2.755310104916751200e+16
6.170355363414745625e+03 2.755381512602512000e+16
6.170688932198582734e+03 2.755447956893043200e+16
6.171022500982418933e+03 2.755509450294234800e+16
6.171356069766256951e+03 2.755566006904201600e+16
6.171689638550093150e+03 2.755617642408536400e+16
6.172023207333930259e+03 2.755664374074834400e+16
6.172356776117767367e+03 2.755706220746436000e+16
6.172690344901604476e+03 2.755743202835419600e+16
6.173023913685440675e+03 2.755775342314859200e+16
6.173357482469277784e+03 2.755802662710322000e+16
6.173691051253114892e+03 2.755825189090659200e+16
6.174024620036951092e+03 2.755842948058035200e+16
6.174358188820788200e+03 2.755855967737281600e+16
6.174691757604625309e+03 2.755864277764500400e+16
6.175025326388462418e+03 2.755867909274998000e+16
6.175358895172298617e+03 2.755866894890519200e+16
6.175692463956136635e+03 2.755861268705801200e+16
6.176026032739972834e+03 2.755851066274470000e+16
6.176359601523809943e+03 2.755836324594264400e+16
6.176693170307646142e+03 2.755817082091640800e+16
6.177026739091484160e+03 2.755793378605723200e+16
6.177360307875320359e+03 2.755765255371658400e+16
6.177693876659156558e+03 2.755732755003349600e+16
6.178027445442994576e+03 2.755695921475621600e+16
6.178361014226830775e+03 2.755654800105787200e+16
6.178694583010667884e+03 2.755609437534683200e+16
6.179028151794504993e+03 2.755559881707143200e+16
6.179361720578342101e+03 2.755506181851936400e+16
6.179695289362178301e+03 2.755448388461230400e+16
6.180028858146015409e+03 2.755386553269522400e+16
6.180362426929852518e+03 2.755320729232105200e+16
6.180695995713689626e+03 2.755250970503081600e+16
6.181029564497525826e+03 2.755177332412924000e+16
6.181363133281363844e+03 2.755099871445619200e+16
6.181696702065200043e+03 2.755018645215386400e+16
6.182030270849036242e+03 2.754933712443036800e+16
6.182363839632874260e+03 2.754845132931930400e+16
6.182697408416710459e+03 2.754752967543599200e+16
6.183030977200547568e+03 2.754657278173029600e+16
6.183364545984383767e+03 2.754558127723633600e+16
6.183698114768221785e+03 2.754455580081916000e+16
6.184031683552057984e+03 2.754349700091871200e+16
6.184365252335895093e+03 2.754240553529115200e+16
6.184698821119732202e+03 2.754128207074783200e+16
6.185032389903569310e+03 2.754012728289198400e+16
6.185365958687405509e+03 2.753894185585344000e+16
6.185699527471243528e+03 2.753772648202158400e+16
6.186033096255079727e+03 2.753648186177640800e+16
6.186366665038915926e+03 2.753520870321841600e+16
6.186700233822753034e+03 2.753390772189704800e+16
6.187033802606590143e+03 2.753257964053811200e+16
6.187367371390427252e+03 2.753122518877024400e+16
6.187700940174263451e+03 2.752984510285062400e+16
6.188034508958101469e+03 2.752844012539036800e+16
6.188368077741937668e+03 2.752701100507912800e+16
6.188701646525774777e+03 2.752555849640996000e+16
6.189035215309611885e+03 2.752408335940392000e+16
6.189368784093448994e+03 2.752258635933470400e+16
6.189702352877285193e+03 2.752106826645406400e+16
6.190035921661121392e+03 2.751952985571714400e+16
6.190369490444959411e+03 2.751797190650891200e+16
6.190703059228795610e+03 2.751639520237109200e+16
6.191036628012632718e+03 2.751480053073042400e+16
6.191370196796469827e+03 2.751318868262763200e+16
6.191703765580306936e+03 2.751156045244794800e+16
6.192037334364143135e+03 2.750991663765302400e+16
6.192370903147981153e+03 2.750825803851434000e+16
6.192704471931817352e+03 2.750658545784831600e+16
6.193038040715654461e+03 2.750489970075338400e+16
6.193371609499490660e+03 2.750320157434890400e+16
6.193705178283327768e+03 2.750149188751627200e+16
6.194038747067164877e+03 2.749977145064218400e+16
6.194372315851001076e+03 2.749804107536436800e+16
6.194705884634839094e+03 2.749630157431968800e+16
6.195039453418675294e+03 2.749455376089490400e+16
6.195373022202512402e+03 2.749279844897995200e+16
6.195706590986349511e+03 2.749103645272437200e+16
6.196040159770186619e+03 2.748926858629622800e+16
6.196373728554022819e+03 2.748749566364438400e+16
6.196707297337859927e+03 2.748571849826355200e+16
6.197040866121697036e+03 2.748393790296276000e+16
6.197374434905533235e+03 2.748215468963697600e+16
6.197708003689370344e+03 2.748036966904211600e+16
6.198041572473207452e+03 2.747858365057340000e+16
6.198375141257044561e+03 2.747679744204723200e+16
6.198708710040880760e+03 2.747501184948672000e+16
6.199042278824718778e+03 2.747322767691067200e+16
6.199375847608554977e+03 2.747144572612636800e+16
6.199709416392392086e+03 2.746966679652606800e+16
6.200042985176228285e+03 2.746789168488721200e+16
6.200376553960066303e+03 2.746612118517663200e+16
6.200710122743902502e+03 2.746435608835838400e+16
6.201043691527738702e+03 2.746259718220576400e+16
6.201377260311576720e+03 2.746084525111711200e+16
6.201710829095412919e+03 2.745910107593558400e+16
6.202044397879250027e+03 2.745736543377308400e+16
6.202377966663087136e+03 2.745563909783808400e+16
6.202711535446924245e+03 2.745392283726750400e+16
6.203045104230760444e+03 2.745221741696279600e+16
6.203378673014597553e+03 2.745052359742998800e+16
6.203712241798434661e+03 2.744884213462386400e+16
6.204045810582271770e+03 2.744717377979620000e+16
6.204379379366107969e+03 2.744551927934824000e+16
6.204712948149945987e+03 2.744387937468708400e+16
6.205046516933782186e+03 2.744225480208640400e+16
6.205380085717618385e+03 2.744064629255098400e+16
6.205713654501456404e+03 2.743905457168567600e+16
6.206047223285292603e+03 2.743748035956804000e+16
6.206380792069129711e+03 2.743592437062550000e+16
6.206714360852965910e+03 2.743438731351610400e+16
6.207047929636803929e+03 2.743286989101362400e+16
6.207381498420640128e+03 2.743137279989650800e+16
6.207715067204477236e+03 2.742989673084081600e+16
6.208048635988314345e+03 2.742844236831728000e+16
6.208382204772151454e+03 2.742701039049184800e+16
6.208715773555987653e+03 2.742560146913078400e+16
6.209049342339825671e+03 2.742421626950896400e+16
6.209382911123661870e+03 2.742285545032240800e+16
6.209716479907498069e+03 2.742151966360442400e+16
6.210050048691335178e+03 2.742020955464556000e+16
6.210383617475172287e+03 2.741892576191728000e+16
6.210717186259009395e+03 2.741766891699909600e+16
6.211050755042845594e+03 2.741643964450970400e+16
6.211384323826683612e+03 2.741523856204127200e+16
6.211717892610519812e+03 2.741406628009752800e+16
6.212051461394356920e+03 2.741292340203519200e+16
6.212385030178194029e+03 2.741181052400889600e+16
6.212718598962031137e+03 2.741072823491949600e+16
6.213052167745867337e+03 2.740967711636552000e+16
6.213385736529703536e+03 2.740865774259819200e+16
6.213719305313541554e+03 2.740767068047937200e+16
6.214052874097377753e+03 2.740671648944284400e+16
6.214386442881214862e+03 2.740579572145865200e+16
6.214720011665051970e+03 2.740490892100037600e+16
6.215053580448889079e+03 2.740405662501567600e+16
6.215387149232725278e+03 2.740323936289942400e+16
6.215720718016563296e+03 2.740245765647000400e+16
6.216054286800399495e+03 2.740171201994808800e+16
6.216387855584236604e+03 2.740100295993868000e+16
6.216721424368072803e+03 2.740033097541525600e+16
6.217054993151909912e+03 2.739969655770703200e+16
6.217388561935747020e+03 2.739910019048851600e+16
6.217722130719583220e+03 2.739854234977169600e+16
6.218055699503421238e+03 2.739802350390071200e+16
6.218389268287257437e+03 2.739754411354872400e+16
6.218722837071094546e+03 2.739710463171748800e+16
6.219056405854931654e+03 2.739670550373878400e+16
6.219389974638768763e+03 2.739634716727835200e+16
6.219723543422604962e+03 2.739603005234188400e+16
6.220057112206442071e+03 2.739575458128314000e+16
6.220390680990279179e+03 2.739552116881407600e+16
6.220724249774115378e+03 2.739533022201683200e+16
6.221057818557952487e+03 2.739518214035802400e+16
6.221391387341789596e+03 2.739507731570435600e+16
6.221724956125626704e+03 2.739501613234052400e+16
6.222058524909462903e+03 2.739499896698849200e+16
6.222392093693300922e+03 2.739502618882872400e+16
6.222725662477137121e+03 2.739509815952289600e+16
6.223059231260974229e+03 2.739521523323822400e+16
6.223392800044810429e+03 2.739537775667327600e+16
6.223726368828648447e+03 2.739558606908535600e+16
6.224059937612484646e+03 2.739584050231914400e+16
6.224393506396320845e+03 2.739614138083676000e+16
6.224727075180158863e+03 2.739648902174917600e+16
6.225060643963995062e+03 2.739688373484880400e+16
6.225394212747832171e+03 2.739732582264326800e+16
6.225727781531669280e+03 2.739781558039046800e+16
6.226061350315506388e+03 2.739835329613440800e+16
6.226394919099342587e+03 2.739893925074252800e+16
6.226728487883179696e+03 2.739957371794362000e+16
6.227062056667016805e+03 2.740025696436685200e+16
6.227395625450853913e+03 2.740098924958174800e+16
6.227729194234690112e+03 2.740177082613891200e+16
6.228062763018528130e+03 2.740260193961163200e+16
6.228396331802364330e+03 2.740348282863809600e+16
6.228729900586200529e+03 2.740441372496456000e+16
6.229063469370038547e+03 2.740539485348898400e+16
6.229397038153874746e+03 2.740642643230531200e+16
6.229730606937711855e+03 2.740750867274845600e+16
6.230064175721548054e+03 2.740864177943970000e+16
6.230397744505386072e+03 2.740982595033268000e+16
6.230731313289222271e+03 2.741106137675971600e+16
6.231064882073059380e+03 2.741234824347871200e+16
6.231398450856896488e+03 2.741368672872030000e+16
6.231732019640733597e+03 2.741507700423542400e+16
6.232065588424569796e+03 2.741651923534318400e+16
6.232399157208407814e+03 2.741801358097894000e+16
6.232732725992244013e+03 2.741956019374267200e+16
6.233066294776080213e+03 2.742115921994756000e+16
6.233399863559917321e+03 2.742281079966870800e+16
6.233733432343754430e+03 2.742451506679195200e+16
6.234067001127591539e+03 2.742627214906288000e+16
6.234400569911427738e+03 2.742808216813579200e+16
6.234734138695265756e+03 2.742994523962284400e+16
6.235067707479101955e+03 2.743186147314305200e+16
6.235401276262939064e+03 2.743383097237139600e+16
6.235734845046776172e+03 2.743585383508784000e+16
6.236068413830613281e+03 2.743793015322613600e+16
6.236401982614449480e+03 2.744006001292286400e+16
6.236735551398285679e+03 2.744224349456593200e+16
6.237069120182123697e+03 2.744448067284329600e+16
6.237402688965959896e+03 2.744677161679113600e+16
6.237736257749797005e+03 2.744911638984218400e+16
6.238069826533634114e+03 2.745151504987358800e+16
6.238403395317471222e+03 2.745396764925460000e+16
6.238736964101307422e+03 2.745647423489400800e+16
6.239070532885145440e+03 2.745903484828726400e+16
6.239404101668981639e+03 2.746164952556328000e+16
6.239737670452818747e+03 2.746431829753090000e+16
6.240071239236654947e+03 2.746704118972503200e+16
6.240404808020492055e+03 2.746981822245251200e+16
6.240738376804329164e+03 2.747264941083723200e+16
6.241071945588165363e+03 2.747553476486534400e+16
6.241405514372003381e+03 2.747847428942964000e+16
6.241739083155839580e+03 2.748146798437378400e+16
6.242072651939676689e+03 2.748451584453579200e+16
6.242406220723513798e+03 2.748761785979139200e+16
6.242739789507350906e+03 2.749077401509653200e+16
6.243073358291187105e+03 2.749398429052972800e+16
6.243406927075024214e+03 2.749724866133368000e+16
6.243740495858861323e+03 2.750056709795640000e+16
6.244074064642697522e+03 2.750393956609188800e+16
6.244407633426534630e+03 2.750736602672015200e+16
6.244741202210371739e+03 2.751084643614682800e+16
6.245074770994208848e+03 2.751438074604196000e+16
6.245408339778045047e+03 2.751796890347846400e+16
6.245741908561883065e+03 2.752161085097002400e+16
6.246075477345719264e+03 2.752530652650791600e+16
6.246409046129556373e+03 2.752905586359796400e+16
6.246742614913392572e+03 2.753285879129627200e+16
6.247076183697230590e+03 2.753671523424460400e+16
6.247409752481066789e+03 2.754062511270503200e+16
6.247743321264902988e+03 2.754458834259412800e+16
6.248076890048741006e+03 2.754860483551626400e+16
6.248410458832577206e+03 2.755267449879636800e+16
6.248744027616414314e+03 2.755679723551212000e+16
6.249077596400251423e+03 2.756097294452534400e+16
6.249411165184088532e+03 2.756520152051280000e+16
6.249744733967924731e+03 2.756948285399628000e+16
6.250078302751761839e+03 2.757381683137210000e+16
6.250411871535598948e+03 2.757820333493980000e+16
6.250745440319436057e+03 2.758264224293027600e+16
6.251079009103272256e+03 2.758713342953316000e+16
6.251412577887110274e+03 2.759167676492347200e+16
6.251746146670946473e+03 2.759627211528777600e+16
6.252079715454782672e+03 2.760091934284943200e+16
6.252413284238620690e+03 2.760561830589321600e+16
6.252746853022456889e+03 2.761036885878937200e+16
6.253080421806293998e+03 2.761517085201680000e+16
6.253413990590130197e+03 2.762002413218564000e+16
6.253747559373968215e+03 2.762492854205917600e+16
6.254081128157804415e+03 2.762988392057502800e+16
6.254414696941641523e+03 2.763489010286562800e+16
6.254748265725478632e+03 2.763994692027806000e+16
6.255081834509315740e+03 2.764505420039314000e+16
6.255415403293151940e+03 2.765021176704396400e+16
6.255748972076989958e+03 2.765541944033352000e+16
6.256082540860826157e+03 2.766067703665188000e+16
6.256416109644662356e+03 2.766598436869252000e+16
6.256749678428499465e+03 2.767134124546815200e+16
6.257083247212336573e+03 2.767674747232567200e+16
6.257416815996173682e+03 2.768220285096058000e+16
6.257750384780009881e+03 2.768770717943077600e+16
6.258083953563847899e+03 2.769326025216951200e+16
6.258417522347684098e+03 2.769886185999791600e+16
6.258751091131521207e+03 2.770451179013668800e+16
6.259084659915358316e+03 2.771020982621727600e+16
6.259418228699195424e+03 2.771595574829234800e+16
6.259751797483031623e+03 2.772174933284564000e+16
6.260085366266867823e+03 2.772759035280121600e+16
6.260418935050705841e+03 2.773347857753206400e+16
6.260752503834542040e+03 2.773941377286812800e+16
6.261086072618379148e+03 2.774539570110370400e+16
6.261419641402216257e+03 2.775142412100424000e+16
6.261753210186053366e+03 2.775749878781260400e+16
6.262086778969889565e+03 2.776361945325463600e+16
6.262420347753727583e+03 2.776978586554438000e+16
6.262753916537563782e+03 2.777599776938841200e+16
6.263087485321400891e+03 2.778225490598998800e+16
6.263421054105237090e+03 2.778855701305231200e+16
6.263754622889074199e+03 2.779490382478152000e+16
6.264088191672911307e+03 2.780129507188903200e+16
6.264421760456747506e+03 2.780773048159333600e+16
6.264755329240585525e+03 2.781420977762152000e+16
6.265088898024421724e+03 2.782073268020990000e+16
6.265422466808258832e+03 2.782729890610460000e+16
6.265756035592095941e+03 2.783390816856136400e+16
6.266089604375933050e+03 2.784056017734508800e+16
6.266423173159769249e+03 2.784725463872882400e+16
6.266756741943606357e+03 2.785399125549238800e+16
6.267090310727443466e+03 2.786076972692052000e+16
6.267423879511279665e+03 2.786758974880068800e+16
6.267757448295116774e+03 2.787445101342044800e+16
6.268091017078953882e+03 2.788135320956456000e+16
6.268424585862790991e+03 2.788829602251152400e+16
6.268758154646627190e+03 2.789527913402990400e+16
6.269091723430465208e+03 2.790230222237450400e+16
6.269425292214301408e+03 2.790936496228170400e+16
6.269758860998138516e+03 2.791646702496520000e+16
6.270092429781974715e+03 2.792360807811083200e+16
6.270425998565812733e+03 2.793078778587154000e+16
6.270759567349648933e+03 2.793800580886184800e+16
6.271093136133485132e+03 2.794526180415232800e+16
6.271426704917323150e+03 2.795255542526362000e+16
6.271760273701159349e+03 2.795988632216042400e+16
6.272093842484996458e+03 2.796725414124527200e+16
6.272427411268833566e+03 2.797465852535212800e+16
6.272760980052670675e+03 2.798209911373976000e+16
6.273094548836506874e+03 2.798957554208520000e+16
6.273428117620343983e+03 2.799708744247688000e+16
6.273761686404181091e+03 2.800463444340784000e+16
6.274095255188018200e+03 2.801221616976884400e+16
6.274428823971854399e+03 2.801983224284133600e+16
6.274762392755692417e+03 2.802748228029062400e+16
6.275095961539528616e+03 2.803516589615870000e+16
6.275429530323364816e+03 2.804288270085753200e+16
6.275763099107202834e+03 2.805063230116199200e+16
6.276096667891039033e+03 2.805841430020310400e+16
6.276430236674876141e+03 2.806622829746127200e+16
6.276763805458712341e+03 2.807407388875967200e+16
6.277097374242550359e+03 2.808195066625779200e+16
6.277430943026386558e+03 2.808985821844496000e+16
6.277764511810223667e+03 2.809779613013438400e+16
6.278098080594060775e+03 2.810576398245711200e+16
6.278431649377897884e+03 2.811376135285627600e+16
6.278765218161734083e+03 2.812178781508174800e+16
6.279098786945572101e+03 2.812984293918489600e+16
6.279432355729408300e+03 2.813792629151374000e+16
6.279765924513244499e+03 2.814603743470844400e+16
6.280099493297081608e+03 2.815417592769711600e+16
6.280433062080918717e+03 2.816234132569207200e+16
6.280766630864755825e+03 2.817053318018635200e+16
6.281100199648592024e+03 2.817875103895097600e+16
6.281433768432430043e+03 2.818699444603225600e+16
6.281767337216266242e+03 2.819526294175004800e+16
6.282100906000103350e+03 2.820355606269607200e+16
6.282434474783940459e+03 2.821187334173323200e+16
6.282768043567777568e+03 2.822021430799508000e+16
6.283101612351613767e+03 2.822857848688630800e+16
6.283435181135449966e+03 2.823696540008341600e+16
6.283768749919287984e+03 2.824537456553653600e+16
6.284102318703124183e+03 2.825380549747149200e+16
6.284435887486961292e+03 2.826225770639288800e+16
6.284769456270798401e+03 2.827073069908784400e+16
6.285103025054635509e+03 2.827922397863038400e+16
6.285436593838471708e+03 2.828773704438698400e+16
6.285770162622309726e+03 2.829626939202244000e+16
6.286103731406145926e+03 2.830482051350714800e+16
6.286437300189983034e+03 2.831338989712478800e+16
6.286770868973819233e+03 2.832197702748133600e+16
6.287104437757656342e+03 2.833058138551479200e+16
6.287438006541493451e+03 2.833920244850589600e+16
6.287771575325329650e+03 2.834783969009008000e+16
6.288105144109167668e+03 2.835649258027008000e+16
6.288438712893003867e+03 2.836516058543010800e+16
6.288772281676840976e+03 2.837384316835058400e+16
6.289105850460678084e+03 2.838253978822451600e+16
6.289439419244515193e+03 2.839124990067466400e+16
6.289772988028351392e+03 2.839997295777211200e+16
6.290106556812188501e+03 2.840870840805595200e+16
6.290440125596025609e+03 2.841745569655428000e+16
6.290773694379861809e+03 2.842621426480638800e+16
6.291107263163698917e+03 2.843498355088642800e+16
6.291440831947536026e+03 2.844376298942818400e+16
6.291774400731373134e+03 2.845255201165143200e+16
6.292107969515209334e+03 2.846135004538949600e+16
6.292441538299047352e+03 2.847015651511845600e+16
6.292775107082883551e+03 2.847897084198746400e+16
6.293108675866720660e+03 2.848779244385094400e+16
6.293442244650556859e+03 2.849662073530195200e+16
6.293775813434394877e+03 2.850545512770728400e+16
6.294109382218231076e+03 2.851429502924396800e+16
6.294442951002067275e+03 2.852313984493744800e+16
6.294776519785905293e+03 2.853198897670145200e+16
6.295110088569741492e+03 2.854084182337916000e+16
6.295443657353578601e+03 2.854969778078646400e+16
6.295777226137415710e+03 2.855855624175653600e+16
6.296110794921252818e+03 2.856741659618630400e+16
6.296444363705089017e+03 2.857627823108456000e+16
6.296777932488926126e+03 2.858514053062184800e+16
6.297111501272763235e+03 2.859400287618214000e+16
6.297445070056600343e+03 2.860286464641613200e+16
6.297778638840436543e+03 2.861172521729657600e+16
6.298112207624274561e+03 2.862058396217529200e+16
6.298445776408110760e+03 2.862944025184199600e+16
6.298779345191946959e+03 2.863829345458511200e+16
6.299112913975784977e+03 2.864714293625431200e+16
6.299446482759621176e+03 2.865598806032498000e+16
6.299780051543458285e+03 2.866482818796463600e+16
6.300113620327294484e+03 2.867366267810124400e+16
6.300447189111132502e+03 2.868249088749338400e+16
6.300780757894968701e+03 2.869131217080242800e+16
6.301114326678805810e+03 2.870012588066661600e+16
6.301447895462642919e+03 2.870893136777716000e+16
6.301781464246480027e+03 2.871772798095613200e+16
6.302115033030316226e+03 2.872651506723663200e+16
6.302448601814154244e+03 2.873529197194452800e+16
6.302782170597990444e+03 2.874405803878252400e+16
6.303115739381826643e+03 2.875281260991603200e+16
6.303449308165663751e+03 2.876155502606101600e+16
6.303782876949500860e+03 2.877028462657394000e+16
6.304116445733337969e+03 2.877900074954352400e+16
6.304450014517174168e+03 2.878770273188464000e+16
6.304783583301012186e+03 2.879638990943408800e+16
6.305117152084848385e+03 2.880506161704828800e+16
6.305450720868685494e+03 2.881371718870316400e+16
6.305784289652522602e+03 2.882235595759573600e+16
6.306117858436359711e+03 2.883097725624769600e+16
6.306451427220195910e+03 2.883958041661104800e+16
6.306784996004032109e+03 2.884816477017558800e+16
6.307118564787870127e+03 2.885672964807822400e+16
6.307452133571706327e+03 2.886527438121426400e+16
6.307785702355543435e+03 2.887379830035060800e+16
6.308119271139380544e+03 2.888230073624074000e+16
6.308452839923217653e+03 2.889078101974147200e+16
6.308786408707053852e+03 2.889923848193168000e+16
6.309119977490891870e+03 2.890767245423270400e+16
6.309453546274728069e+03 2.891608226853050400e+16
6.309787115058565178e+03 2.892446725729961600e+16
6.310120683842401377e+03 2.893282675372876800e+16
6.310454252626238485e+03 2.894116009184813600e+16
6.310787821410075594e+03 2.894946660665832800e+16
6.311121390193911793e+03 2.895774563426091200e+16
6.311454958977749811e+03 2.896599651199056400e+16
6.311788527761586010e+03 2.897421857854864800e+16
6.312122096545423119e+03 2.898241117413841600e+16
6.312455665329260228e+03 2.899057364060156000e+16
6.312789234113097336e+03 2.899870532155628800e+16
6.313122802896933536e+03 2.900680556253662400e+16
6.313456371680770644e+03 2.901487371113314400e+16
6.313789940464607753e+03 2.902290911713498000e+16
6.314123509248443952e+03 2.903091113267288000e+16
6.314457078032281061e+03 2.903887911236376000e+16
6.314790646816118169e+03 2.904681241345604800e+16
6.315124215599955278e+03 2.905471039597628400e+16
6.315457784383791477e+03 2.906257242287672800e+16
6.315791353167629495e+03 2.907039786018378400e+16
6.316124921951465694e+03 2.907818607714752800e+16
6.316458490735302803e+03 2.908593644639184000e+16
6.316792059519139002e+03 2.909364834406553200e+16
6.317125628302977020e+03 2.910132114999401200e+16
6.317459197086813219e+03 2.910895424783165200e+16
6.317792765870649419e+03 2.911654702521484800e+16
6.318126334654487437e+03 2.912409887391533600e+16
6.318459903438323636e+03 2.913160918999420400e+16
6.318793472222160744e+03 2.913907737395619600e+16
6.319127041005997853e+03 2.914650283090421200e+16
6.319460609789834962e+03 2.915388497069418000e+16
6.319794178573671161e+03 2.916122320809005600e+16
6.320127747357508269e+03 2.916851696291880800e+16
6.320461316141345378e+03 2.917576566022555200e+16
6.320794884925182487e+03 2.918296873042849200e+16
6.321128453709018686e+03 2.919012560947382400e+16
6.321462022492856704e+03 2.919723573899032400e+16
6.321795591276692903e+03 2.920429856644364000e+16
6.322129160060529102e+03 2.921131354529027200e+16
6.322462728844366211e+03 2.921828013513106400e+16
6.322796297628203320e+03 2.922519780186403200e+16
6.323129866412040428e+03 2.923206601783676400e+16
6.323463435195876627e+03 2.923888426199793600e+16
6.323797003979714646e+03 2.924565202004819200e+16
6.324130572763550845e+03 2.925236878458996000e+16
6.324464141547387953e+03 2.925903405527649200e+16
6.324797710331225062e+03 2.926564733895976800e+16
6.325131279115062171e+03 2.927220814983729200e+16
6.325464847898898370e+03 2.927871600959767600e+16
6.325798416682734569e+03 2.928517044756496000e+16
6.326131985466572587e+03 2.929157100084157600e+16
6.326465554250408786e+03 2.929791721444959600e+16
6.326799123034245895e+03 2.930420864147105600e+16
6.327132691818083003e+03 2.931044484318582400e+16
6.327466260601920112e+03 2.931662538920852000e+16
6.327799829385756311e+03 2.932274985762316000e+16
6.328133398169594329e+03 2.932881783511608000e+16
6.328466966953430529e+03 2.933482891710706000e+16
6.328800535737267637e+03 2.934078270787812400e+16
6.329134104521103836e+03 2.934667882070048800e+16
6.329467673304941854e+03 2.935251687795919600e+16
6.329801242088778054e+03 2.935829651127547200e+16
6.330134810872614253e+03 2.936401736162682400e+16
6.330468379656452271e+03 2.936967907946466800e+16
6.330801948440288470e+03 2.937528132482946400e+16
6.331135517224125579e+03 2.938082376746326000e+16
6.331469086007962687e+03 2.938630608691977600e+16
6.331802654791799796e+03 2.939172797267143200e+16
6.332136223575635995e+03 2.939708912421401600e+16
6.332469792359473104e+03 2.940238925116820000e+16
6.332803361143310212e+03 2.940762807337828000e+16
6.333136929927147321e+03 2.941280532100793600e+16
6.333470498710983520e+03 2.941792073463290400e+16
6.333804067494820629e+03 2.942297406533074400e+16
6.334137636278657737e+03 2.942796507476705600e+16
6.334471205062493937e+03 2.943289353527902800e+16
6.334804773846331955e+03 2.943775922995521600e+16
6.335138342630168154e+03 2.944256195271236400e+16
6.335471911414005262e+03 2.944730150836863200e+16
6.335805480197841462e+03 2.945197771271356800e+16
6.336139048981679480e+03 2.945659039257456400e+16
6.336472617765515679e+03 2.946113938587969200e+16
6.336806186549352788e+03 2.946562454171724000e+16
6.337139755333189896e+03 2.947004572039142400e+16
6.337473324117026095e+03 2.947440279347468800e+16
6.337806892900863204e+03 2.947869564385606000e+16
6.338140461684700313e+03 2.948292416578621600e+16
6.338474030468537421e+03 2.948708826491844400e+16
6.338807599252373620e+03 2.949118785834609200e+16
6.339141168036210729e+03 2.949522287463628000e+16
6.339474736820047838e+03 2.949919325385957200e+16
6.339808305603884946e+03 2.950309894761609200e+16
6.340141874387721145e+03 2.950693991905767600e+16
6.340475443171559164e+03 2.951071614290630400e+16
6.340809011955395363e+03 2.951442760546850400e+16
6.341142580739231562e+03 2.951807430464606800e+16
6.341476149523069580e+03 2.952165624994284800e+16
6.341809718306905779e+03 2.952517346246756800e+16
6.342143287090742888e+03 2.952862597493298800e+16
6.342476855874579087e+03 2.953201383165100800e+16
6.342810424658417105e+03 2.953533708852395200e+16
6.343143993442253304e+03 2.953859581303213600e+16
6.343477562226090413e+03 2.954179008421734800e+16
6.343811131009927522e+03 2.954491999266273600e+16
6.344144699793764630e+03 2.954798564046863600e+16
6.344478268577600829e+03 2.955098714122489600e+16
6.344811837361438847e+03 2.955392461997909600e+16
6.345145406145275047e+03 2.955679821320125600e+16
6.345478974929111246e+03 2.955960806874470800e+16
6.345812543712948354e+03 2.956235434580322400e+16
6.346146112496785463e+03 2.956503721486464000e+16
6.346479681280622572e+03 2.956765685766054400e+16
6.346813250064458771e+03 2.957021346711272800e+16
6.347146818848296789e+03 2.957270724727574400e+16
6.347480387632132988e+03 2.957513841327607600e+16
6.347813956415970097e+03 2.957750719124784800e+16
6.348147525199807205e+03 2.957981381826498400e+16
6.348481093983644314e+03 2.958205854227009200e+16
6.348814662767480513e+03 2.958424162199992400e+16
6.349148231551316712e+03 2.958636332690748000e+16
6.349481800335154730e+03 2.958842393708099200e+16
6.349815369118990930e+03 2.959042374315964000e+16
6.350148937902828038e+03 2.959236304624605600e+16
6.350482506686665147e+03 2.959424215781599200e+16
6.350816075470502255e+03 2.959606139962455200e+16
6.351149644254338455e+03 2.959782110360994400e+16
6.351483213038176473e+03 2.959952161179396000e+16
6.351816781822012672e+03 2.960116327617970400e+16
6.352150350605849781e+03 2.960274645864676000e+16
6.352483919389685980e+03 2.960427153084335200e+16
6.352817488173523998e+03 2.960573887407611200e+16
6.353151056957360197e+03 2.960714887919696000e+16
6.353484625741196396e+03 2.960850194648795200e+16
6.353818194525034414e+03 2.960979848554339200e+16
6.354151763308870613e+03 2.961103891514945600e+16
6.354485332092707722e+03 2.961222366316198000e+16
6.354818900876544831e+03 2.961335316638161600e+16
6.355152469660381939e+03 2.961442787042706800e+16
6.355486038444218138e+03 2.961544822960628800e+16
6.355819607228055247e+03 2.961641470678555200e+16
6.356153176011892356e+03 2.961732777325674800e+16
6.356486744795729464e+03 2.961818790860278400e+16
6.356820313579565664e+03 2.961899560056134000e+16
6.357153882363402772e+03 2.961975134488672400e+16
6.357487451147239881e+03 2.962045564521045600e+16
6.357821019931076080e+03 2.962110901290003200e+16
6.358154588714914098e+03 2.962171196691653600e+16
6.358488157498750297e+03 2.962226503367052800e+16
6.358821726282587406e+03 2.962276874687710400e+16
6.359155295066423605e+03 2.962322364740936400e+16
6.359488863850261623e+03 2.962363028315102400e+16
6.359822432634097822e+03 2.962398920884775200e+16
6.360156001417934931e+03 2.962430098595777600e+16
6.360489570201772040e+03 2.962456618250148400e+16
6.360823138985608239e+03 2.962478537291013200e+16
6.361156707769445347e+03 2.962495913787398800e+16
6.361490276553282456e+03 2.962508806418970400e+16
6.361823845337119565e+03 2.962517274460705600e+16
6.362157414120955764e+03 2.962521377767542400e+16
6.362490982904792872e+03 2.962521176758948000e+16
6.362824551688629981e+03 2.962516732403486800e+16
6.363158120472467090e+03 2.962508106203321200e+16
6.363491689256303289e+03 2.962495360178729200e+16
6.363825258040141307e+03 2.962478556852586800e+16
6.364158826823977506e+03 2.962457759234838400e+16
6.364492395607813705e+03 2.962433030806978400e+16
6.364825964391651723e+03 2.962404435506532800e+16
6.365159533175487923e+03 2.962372037711558400e+16
6.365493101959325031e+03 2.962335902225144000e+16
6.365826670743161230e+03 2.962296094259968800e+16
6.366160239526999248e+03 2.962252679422858000e+16
6.366493808310835448e+03 2.962205723699398800e+16
6.366827377094672556e+03 2.962155293438593600e+16
6.367160945878509665e+03 2.962101455337561200e+16
6.367494514662346774e+03 2.962044276426298800e+16
6.367828083446182973e+03 2.961983824052502400e+16
6.368161652230020991e+03 2.961920165866456000e+16
6.368495221013857190e+03 2.961853369805981600e+16
6.368828789797693389e+03 2.961783504081496000e+16
6.369162358581530498e+03 2.961710637161110000e+16
6.369495927365367606e+03 2.961634837755852000e+16
6.369829496149204715e+03 2.961556174804966400e+16
6.370163064933040914e+03 2.961474717461304800e+16
6.370496633716878932e+03 2.961390535076834400e+16
6.370830202500715131e+03 2.961303697188236000e+16
6.371163771284552240e+03 2.961214273502632800e+16
6.371497340068389349e+03 2.961122333883408000e+16
6.371830908852226457e+03 2.961027948336158400e+16
6.372164477636062657e+03 2.960931186994778400e+16
6.372498046419898856e+03 2.960832120107634400e+16
6.372831615203736874e+03 2.960730818023916800e+16
6.373165183987573073e+03 2.960627351180077600e+16
6.373498752771410182e+03 2.960521790086448800e+16
6.373832321555247290e+03 2.960414205313955200e+16
6.374165890339084399e+03 2.960304667481004000e+16
6.374499459122920598e+03 2.960193247240502000e+16
6.374833027906758616e+03 2.960080015267027200e+16
6.375166596690594815e+03 2.959965042244144000e+16
6.375500165474431924e+03 2.959848398851869600e+16
6.375833734258268123e+03 2.959730155754310400e+16
6.376167303042106141e+03 2.959610383587427200e+16
6.376500871825942340e+03 2.959489152946985200e+16
6.376834440609778540e+03 2.959366534376647200e+16
6.377168009393616558e+03 2.959242598356232800e+16
6.377501578177452757e+03 2.959117415290147200e+16
6.377835146961289865e+03 2.958991055495958000e+16
6.378168715745126974e+03 2.958863589193166400e+16
6.378502284528964083e+03 2.958735086492099200e+16
6.378835853312800282e+03 2.958605617383022800e+16
6.379169422096637390e+03 2.958475251725384400e+16
6.379502990880474499e+03 2.958344059237236000e+16
6.379836559664311608e+03 2.958212109484834400e+16
6.380170128448147807e+03 2.958079471872407200e+16
6.380503697231984916e+03 2.957946215632085600e+16
6.380837266015822024e+03 2.957812409814004000e+16
6.381170834799658223e+03 2.957678123276593600e+16
6.381504403583496241e+03 2.957543424677015200e+16
6.381837972367332441e+03 2.957408382461789600e+16
6.382171541151169549e+03 2.957273064857584800e+16
6.382505109935005748e+03 2.957137539862176000e+16
6.382838678718843767e+03 2.957001875235584800e+16
6.383172247502679966e+03 2.956866138491367200e+16
6.383505816286517074e+03 2.956730396888102800e+16
6.383839385070354183e+03 2.956594717421018400e+16
6.384172953854190382e+03 2.956459166813807200e+16
6.384506522638027491e+03 2.956323811510599600e+16
6.384840091421864599e+03 2.956188717668104800e+16
6.385173660205701708e+03 2.956053951147922800e+16
6.385507228989537907e+03 2.955919577509004800e+16
6.385840797773375016e+03 2.955785662000306000e+16
6.386174366557212124e+03 2.955652269553564000e+16
6.386507935341049233e+03 2.955519464776272000e+16
6.386841504124885432e+03 2.955387311944788800e+16
6.387175072908723450e+03 2.955255874997614000e+16
6.387508641692559650e+03 2.955125217528827200e+16
6.387842210476395849e+03 2.954995402781670800e+16
6.388175779260233867e+03 2.954866493642301200e+16
6.388509348044070066e+03 2.954738552633667200e+16
6.388842916827907175e+03 2.954611641909577200e+16
6.389176485611743374e+03 2.954485823248876800e+16
6.389510054395581392e+03 2.954361158049794800e+16
6.389843623179417591e+03 2.954237707324438400e+16
6.390177191963254700e+03 2.954115531693413600e+16
6.390510760747091808e+03 2.953994691380613600e+16
6.390844329530928917e+03 2.953875246208109600e+16
6.391177898314765116e+03 2.953757255591228000e+16
6.391511467098603134e+03 2.953640778533723200e+16
6.391845035882439333e+03 2.953525873623107200e+16
6.392178604666275533e+03 2.953412599026092000e+16
6.392512173450112641e+03 2.953301012484195600e+16
6.392845742233949750e+03 2.953191171309444000e+16
6.393179311017786858e+03 2.953083132380203600e+16
6.393512879801623058e+03 2.952976952137170400e+16
6.393846448585461076e+03 2.952872686579426800e+16
6.394180017369297275e+03 2.952770391260674400e+16
6.394513586153134383e+03 2.952670121285543200e+16
6.394847154936971492e+03 2.952571931306038000e+16
6.395180723720808601e+03 2.952475875518097200e+16
6.395514292504644800e+03 2.952382007658252000e+16
6.395847861288480999e+03 2.952290381000408400e+16
6.396181430072319017e+03 2.952201048352733200e+16
6.396514998856155216e+03 2.952114062054632000e+16
6.396848567639992325e+03 2.952029473973855200e+16
6.397182136423829434e+03 2.951947335503686400e+16
6.397515705207666542e+03 2.951867697560232400e+16
6.397849273991502741e+03 2.951790610579812000e+16
6.398182842775340760e+03 2.951716124516456000e+16
6.398516411559176959e+03 2.951644288839451600e+16
6.398849980343014067e+03 2.951575152531049200e+16
6.399183549126850266e+03 2.951508764084185600e+16
6.399517117910688285e+03 2.951445171500345600e+16
6.399850686694524484e+03 2.951384422287482000e+16
6.400184255478360683e+03 2.951326563458020800e+16
6.400517824262198701e+03 2.951271641526958800e+16
6.400851393046034900e+03 2.951219702510022400e+16
6.401184961829872009e+03 2.951170791921919200e+16
6.401518530613709117e+03 2.951124954774644400e+16
6.401852099397546226e+03 2.951082235575874400e+16
6.402185668181382425e+03 2.951042678327434400e+16
6.402519236965219534e+03 2.951006326523813600e+16
6.402852805749056643e+03 2.950973223150769600e+16
6.403186374532893751e+03 2.950943410683972000e+16
6.403519943316729950e+03 2.950916931087739200e+16
6.403853512100567059e+03 2.950893825813812800e+16
6.404187080884404168e+03 2.950874135800188400e+16
6.404520649668240367e+03 2.950857901470034000e+16
6.404854218452078385e+03 2.950845162730608800e+16
6.405187787235914584e+03 2.950835958972302000e+16
6.405521356019751693e+03 2.950830329067662800e+16
6.405854924803587892e+03 2.950828311370523200e+16
6.406188493587425910e+03 2.950829943715140000e+16
6.406522062371262109e+03 2.950835263415400800e+16
6.406855631155099218e+03 2.950844307264060400e+16
6.407189199938936326e+03 2.950857111532046400e+16
6.407522768722772526e+03 2.950873711967764000e+16
6.407856337506609634e+03 2.950894143796478400e+16
6.408189906290446743e+03 2.950918441719721600e+16
6.408523475074283851e+03 2.950946639914723200e+16
6.408857043858120051e+03 2.950978772033903200e+16
6.409190612641957159e+03 2.951014871204373200e+16
6.409524181425794268e+03 2.951054970027481200e+16
6.409857750209631376e+03 2.951099100578387200e+16
6.410191318993467576e+03 2.951147294405664400e+16
6.410524887777305594e+03 2.951199582530929600e+16
6.410858456561141793e+03 2.951255995448501600e+16
6.411192025344977992e+03 2.951316563125079200e+16
6.411525594128816010e+03 2.951381314999450400e+16
6.411859162912652209e+03 2.951450279982220800e+16
6.412192731696489318e+03 2.951523486455552800e+16
6.412526300480325517e+03 2.951600962272949600e+16
6.412859869264163535e+03 2.951682734759032800e+16
6.413193438047999734e+03 2.951768830709342000e+16
6.413527006831836843e+03 2.951859276390168000e+16
6.413860575615673952e+03 2.951954097538386000e+16
6.414194144399511060e+03 2.952053319361292400e+16
6.414527713183347259e+03 2.952156966536483200e+16
6.414861281967185278e+03 2.952265063211729600e+16
6.415194850751021477e+03 2.952377633004842800e+16
6.415528419534857676e+03 2.952494699003595600e+16
6.415861988318694785e+03 2.952616283765607200e+16
6.416195557102531893e+03 2.952742409318265600e+16
6.416529125886369002e+03 2.952873097158642800e+16
6.416862694670205201e+03 2.953008368253417600e+16
6.417196263454043219e+03 2.953148243038811200e+16
6.417529832237879418e+03 2.953292741420508800e+16
6.417863401021716527e+03 2.953441882773618400e+16
6.418196969805553636e+03 2.953595685942590400e+16
6.418530538589390744e+03 2.953754169241165600e+16
6.418864107373226943e+03 2.953917350452328400e+16
6.419197676157063142e+03 2.954085246828229600e+16
6.419531244940901161e+03 2.954257875090157600e+16
6.419864813724737360e+03 2.954435251428448000e+16
6.420198382508574468e+03 2.954617391502448800e+16
6.420531951292411577e+03 2.954804310440444000e+16
6.420865520076248686e+03 2.954996022839600400e+16
6.421199088860084885e+03 2.955192542765879600e+16
6.421532657643922903e+03 2.955393883753984800e+16
6.421866226427759102e+03 2.955600058807272400e+16
6.422199795211596211e+03 2.955811080397668800e+16
6.422533363995432410e+03 2.956026960465589200e+16
6.422866932779270428e+03 2.956247710419834400e+16
6.423200501563106627e+03 2.956473341137489200e+16
6.423534070346942826e+03 2.956703862963819200e+16
6.423867639130780844e+03 2.956939285712151600e+16
6.424201207914617044e+03 2.957179618663749600e+16
6.424534776698454152e+03 2.957424870567684000e+16
6.424868345482291261e+03 2.957675049640692000e+16
6.425201914266128369e+03 2.957930163567018800e+16
6.425535483049964569e+03 2.958190219498268800e+16
6.425869051833801677e+03 2.958455224053238400e+16
6.426202620617638786e+03 2.958725183317728000e+16
6.426536189401475895e+03 2.959000102844360000e+16
6.426869758185312094e+03 2.959279987652381600e+16
6.427203326969149202e+03 2.959564842227458400e+16
6.427536895752986311e+03 2.959854670521445600e+16
6.427870464536822510e+03 2.960149475952173600e+16
6.428204033320660528e+03 2.960449261403196000e+16
