# frequency_cm-1 spectrum_qm_au
0.000000000000000000e+00 0.000000000000000000e+00
3.335687838368875391e-01 5.051500928482386719e+12
6.671375676737750782e-01 2.011245078842190625e+13
1.000706351510662673e+00 4.490823535461958594e+13
1.334275135347550156e+00 7.900052773242653125e+13
1.667843919184437640e+00 1.218137517539246094e+14
2.001412703021325346e+00 1.726675131431731250e+14
2.334981486858212829e+00 2.308114900476425938e+14
2.668550270695100313e+00 2.954594989471095625e+14
3.002119054531987796e+00 3.658201191542083125e+14
3.335687838368875280e+00 4.411221577132388750e+14
3.669256622205763207e+00 5.206341568349350625e+14
4.002825406042650691e+00 6.036779309199412500e+14
4.336394189879538175e+00 6.896366858556752500e+14
4.669962973716425658e+00 7.779586035120777500e+14
5.003531757553313142e+00 8.681569002434181250e+14
5.337100541390200625e+00 9.598073438884132500e+14
5.670669325227088109e+00 1.052544096960893625e+15
6.004238109063975593e+00 1.146054593605723250e+15
6.337806892900863076e+00 1.240073990051827250e+15
6.671375676737750560e+00 1.334379574654023500e+15
7.004944460574638931e+00 1.428785394971502000e+15
7.338513244411526415e+00 1.523137258696061500e+15
7.672082028248413899e+00 1.617308190947823500e+15
8.005650812085301382e+00 1.711194378526444000e+15
8.339219595922187978e+00 1.804711597463449250e+15
8.672788379759076349e+00 1.897792099197958500e+15
9.006357163595962945e+00 1.990381919083640500e+15
9.339925947432851316e+00 2.082438565713171250e+15
9.673494731269739688e+00 2.173929048454335000e+15
1.000706351510662628e+01 2.264828202013609000e+15
1.034063229894351288e+01 2.355117269665158500e+15
1.067420108278040125e+01 2.444782710275963000e+15
1.100776986661728962e+01 2.533815197957835500e+15
1.134133865045417622e+01 2.622208786808471000e+15
1.167490743429106281e+01 2.709960216615755000e+15
1.200847621812795119e+01 2.797068338516918000e+15
1.234204500196483956e+01 2.883533642402390500e+15
1.267561378580172615e+01 2.969357870336969500e+15
1.300918256963861275e+01 3.054543702455331000e+15
1.334275135347550112e+01 3.139094503700414500e+15
1.367632013731239127e+01 3.223014121440125000e+15
1.400988892114927786e+01 3.306306725447182000e+15
1.434345770498616268e+01 3.388976682982874000e+15
1.467702648882305283e+01 3.471028462815317500e+15
1.501059527265994120e+01 3.552466562942108000e+15
1.534416405649682780e+01 3.633295457599426500e+15
1.567773284033371439e+01 3.713519559838672500e+15
1.601130162417060276e+01 3.793143196550795500e+15
1.634487040800749114e+01 3.872170593335182000e+15
1.667843919184437596e+01 3.950605867048167500e+15
1.701200797568126433e+01 4.028453024243114500e+15
1.734557675951815270e+01 4.105715964031493000e+15
1.767914554335504107e+01 4.182398484166631000e+15
1.801271432719192589e+01 4.258504289378411000e+15
1.834628311102881426e+01 4.334037001180132000e+15
1.867985189486570263e+01 4.409000168529537000e+15
1.901342067870259100e+01 4.483397278859199000e+15
1.934698946253947938e+01 4.557231769104044000e+15
1.968055824637636420e+01 4.630507036443287000e+15
2.001412703021325257e+01 4.703226448551398000e+15
2.034769581405014094e+01 4.775393353211922000e+15
2.068126459788702576e+01 4.847011087197598000e+15
2.101483338172391413e+01 4.918082984360067000e+15
2.134840216556080250e+01 4.988612382901944000e+15
2.168197094939769087e+01 5.058602631829476000e+15
2.201553973323457924e+01 5.128057096601384000e+15
2.234910851707146406e+01 5.196979164002752000e+15
2.268267730090835244e+01 5.265372246283814000e+15
2.301624608474524081e+01 5.333239784608428000e+15
2.334981486858212563e+01 5.400585251862206000e+15
2.368338365241901400e+01 5.467412154872690000e+15
2.401695243625590237e+01 5.533724036092906000e+15
2.435052122009279074e+01 5.599524474801474000e+15
2.468409000392967911e+01 5.664817087868405000e+15
2.501765878776656393e+01 5.729605530135306000e+15
2.535122757160345230e+01 5.793893494455818000e+15
2.568479635544034068e+01 5.857684711438482000e+15
2.601836513927722550e+01 5.920982948931754000e+15
2.635193392311411387e+01 5.983792011288062000e+15
2.668550270695100224e+01 6.046115738439150000e+15
2.701907149078789061e+01 6.107958004814328000e+15
2.735264027462478253e+01 6.169322718127578000e+15
2.768620905846166380e+01 6.230213818058822000e+15
2.801977784229855573e+01 6.290635274850354000e+15
2.835334662613544410e+01 6.350591087838534000e+15
2.868691540997232536e+01 6.410085283936798000e+15
2.902048419380921729e+01 6.469121916085172000e+15
2.935405297764610566e+01 6.527705061679308000e+15
2.968762176148299403e+01 6.585838820989794000e+15
3.002119054531988240e+01 6.643527315581188000e+15
3.035475932915676722e+01 6.700774686739229000e+15
3.068832811299365559e+01 6.757585093912352000e+15
3.102189689683054397e+01 6.813962713173866000e+15
3.135546568066742879e+01 6.869911735708372000e+15
3.168903446450431716e+01 6.925436366327586000e+15
3.202260324834120553e+01 6.980540822016606000e+15
3.235617203217809390e+01 7.035229330515010000e+15
3.268974081601498227e+01 7.089506128932388000e+15
3.302330959985186354e+01 7.143375462401394000e+15
3.335687838368875191e+01 7.196841582767234000e+15
3.369044716752564028e+01 7.249908747315823000e+15
3.402401595136252865e+01 7.302581217538804000e+15
3.435758473519941703e+01 7.354863257937038000e+15
3.469115351903630540e+01 7.406759134860836000e+15
3.502472230287319377e+01 7.458273115387226000e+15
3.535829108671008214e+01 7.509409466233112000e+15
3.569185987054696341e+01 7.560172452703737000e+15
3.602542865438385178e+01 7.610566337675586000e+15
3.635899743822074726e+01 7.660595380612956000e+15
3.669256622205762852e+01 7.710263836616793000e+15
3.702613500589452400e+01 7.759575955505544000e+15
3.735970378973140527e+01 7.808535980926072000e+15
3.769327257356828653e+01 7.857148149495061000e+15
3.802684135740518201e+01 7.905416689968100000e+15
3.836041014124207038e+01 7.953345822437478000e+15
3.869397892507895875e+01 8.000939757556032000e+15
3.902754770891584712e+01 8.048202695787616000e+15
3.936111649275272839e+01 8.095138826681787000e+15
3.969468527658962387e+01 8.141752328173722000e+15
4.002825406042650513e+01 8.188047365906445000e+15
4.036182284426339351e+01 8.234028092576722000e+15
4.069539162810028188e+01 8.279698647302170000e+15
4.102896041193717025e+01 8.325063155009727000e+15
4.136252919577405152e+01 8.370125725844596000e+15
4.169609797961094699e+01 8.414890454599378000e+15
4.202966676344782826e+01 8.459361420161703000e+15
4.236323554728472374e+01 8.503542684981564000e+15
4.269680433112160500e+01 8.547438294555371000e+15
4.303037311495849337e+01 8.591052276929064000e+15
4.336394189879538175e+01 8.634388642216773000e+15
4.369751068263227012e+01 8.677451382137072000e+15
4.403107946646915849e+01 8.720244469564582000e+15
4.436464825030604686e+01 8.762771858097604000e+15
4.469821703414292813e+01 8.805037481640429000e+15
4.503178581797982361e+01 8.847045254000583000e+15
4.536535460181670487e+01 8.888799068500290000e+15
4.569892338565359324e+01 8.930302797601610000e+15
4.603249216949048161e+01 8.971560292545233000e+15
4.636606095332736999e+01 9.012575383002080000e+15
4.669962973716425125e+01 9.053351876737616000e+15
4.703319852100114673e+01 9.093893559288706000e+15
4.736676730483802800e+01 9.134204193651696000e+15
4.770033608867492347e+01 9.174287519982996000e+15
4.803390487251180474e+01 9.214147255309804000e+15
4.836747365634869311e+01 9.253787093252328000e+15
4.870104244018558148e+01 9.293210703756220000e+15
4.903461122402246986e+01 9.332421732835130000e+15
4.936818000785935823e+01 9.371423802322902000e+15
4.970174879169624660e+01 9.410220509635482000e+15
5.003531757553312787e+01 9.448815427541388000e+15
5.036888635937002334e+01 9.487212103941308000e+15
5.070245514320690461e+01 9.525414061655912000e+15
5.103602392704379298e+01 9.563424798221566000e+15
5.136959271088068135e+01 9.601247785693916000e+15
5.170316149471756972e+01 9.638886470458736000e+15
5.203673027855445099e+01 9.676344273049560000e+15
5.237029906239134647e+01 9.713624587972456000e+15
5.270386784622822773e+01 9.750730783536536000e+15
5.303743663006512321e+01 9.787666201691012000e+15
5.337100541390200448e+01 9.824434157867378000e+15
5.370457419773889285e+01 9.861037940827398000e+15
5.403814298157578122e+01 9.897480812515476000e+15
5.437171176541266959e+01 9.933766007916516000e+15
5.470528054924956507e+01 9.969896734917144000e+15
5.503884933308644634e+01 1.000587617417180800e+16
5.537241811692332760e+01 1.004170747897181600e+16
5.570598690076022308e+01 1.007739377511813200e+16
5.603955568459711145e+01 1.011293816079719800e+16
5.637312446843399272e+01 1.014834370645924000e+16
5.670669325227088819e+01 1.018361345469917200e+16
5.704026203610776946e+01 1.021875042013941200e+16
5.737383081994465073e+01 1.025375758931439600e+16
5.770739960378154620e+01 1.028863792055697800e+16
5.804096838761843458e+01 1.032339434388531800e+16
5.837453717145532295e+01 1.035802976089133400e+16
5.870810595529221132e+01 1.039254704462888800e+16
5.904167473912909259e+01 1.042694903950309600e+16
5.937524352296598806e+01 1.046123856115885000e+16
5.970881230680286933e+01 1.049541839636952800e+16
6.004238109063976481e+01 1.052949130292467800e+16
6.037594987447664607e+01 1.056346000951738400e+16
6.070951865831353444e+01 1.059732721562972800e+16
6.104308744215042282e+01 1.063109559141745200e+16
6.137665622598731119e+01 1.066476777759264800e+16
6.171022500982419245e+01 1.069834638530455200e+16
6.204379379366108793e+01 1.073183399601798600e+16
6.237736257749796920e+01 1.076523316138962800e+16
6.271093136133485757e+01 1.079854640314121400e+16
6.304450014517174594e+01 1.083177621293027600e+16
6.337806892900863431e+01 1.086492505221716200e+16
6.371163771284552269e+01 1.089799535212906400e+16
6.404520649668241106e+01 1.093098951332022000e+16
6.437877528051929232e+01 1.096390990582843200e+16
6.471234406435618780e+01 1.099675886892720400e+16
6.504591284819306907e+01 1.102953871097417200e+16
6.537948163202996454e+01 1.106225170925445000e+16
6.571305041586684581e+01 1.109490010981996400e+16
6.604661919970372708e+01 1.112748612732352600e+16
6.638018798354062255e+01 1.116001194484791400e+16
6.671375676737750382e+01 1.119247971373011200e+16
6.704732555121439930e+01 1.122489155337996800e+16
6.738089433505128056e+01 1.125724955109347800e+16
6.771446311888817604e+01 1.128955576186022200e+16
6.804803190272505731e+01 1.132181220816531800e+16
6.838160068656195278e+01 1.135402087978537400e+16
6.871516947039883405e+01 1.138618373357839200e+16
6.904873825423572953e+01 1.141830269326742800e+16
6.938230703807261079e+01 1.145037964921821200e+16
6.971587582190949206e+01 1.148241645821038200e+16
7.004944460574638754e+01 1.151441494320202800e+16
7.038301338958326880e+01 1.154637689308812000e+16
7.071658217342016428e+01 1.157830406245208400e+16
7.105015095725704555e+01 1.161019817131082200e+16
7.138371974109392681e+01 1.164206090485296400e+16
7.171728852493082229e+01 1.167389391317051600e+16
7.205085730876770356e+01 1.170569881098355200e+16
7.238442609260459903e+01 1.173747717735839600e+16
7.271799487644149451e+01 1.176923055541871000e+16
7.305156366027837578e+01 1.180096045204986400e+16
7.338513244411525704e+01 1.183266833759661800e+16
7.371870122795213831e+01 1.186435564555393000e+16
7.405227001178904800e+01 1.189602377225121000e+16
7.438583879562592927e+01 1.192767407652955600e+16
7.471940757946281053e+01 1.195930787941259600e+16
7.505297636329969180e+01 1.199092646377092400e+16
7.538654514713657306e+01 1.202253107397963600e+16
7.572011393097348275e+01 1.205412291556983800e+16
7.605368271481036402e+01 1.208570315487371800e+16
7.638725149864724528e+01 1.211727291866364400e+16
7.672082028248414076e+01 1.214883329378511200e+16
7.705438906632102203e+01 1.218038532678372800e+16
7.738795785015791751e+01 1.221193002352681400e+16
7.772152663399479877e+01 1.224346834881942000e+16
7.805509541783169425e+01 1.227500122601470000e+16
7.838866420166857552e+01 1.230652953661958400e+16
7.872223298550545678e+01 1.233805411989543000e+16
7.905580176934233805e+01 1.236957577245414800e+16
7.938937055317924774e+01 1.240109524784954800e+16
7.972293933701612900e+01 1.243261325616531400e+16
8.005650812085301027e+01 1.246413046359842800e+16
8.039007690468989153e+01 1.249564749203958000e+16
8.072364568852678701e+01 1.252716491865028800e+16
8.105721447236368249e+01 1.255868327543711400e+16
8.139078325620056376e+01 1.259020304882348200e+16
8.172435204003744502e+01 1.262172467921952400e+16
8.205792082387434050e+01 1.265324856059000000e+16
8.239148960771122177e+01 1.268477504002116400e+16
8.272505839154810303e+01 1.271630441728670400e+16
8.305862717538499851e+01 1.274783694441333200e+16
8.339219595922189399e+01 1.277937282524650800e+16
8.372576474305877525e+01 1.281091221501668800e+16
8.405933352689565652e+01 1.284245521990673200e+16
8.439290231073253779e+01 1.287400189662082800e+16
8.472647109456944747e+01 1.290555225195582800e+16
8.506003987840632874e+01 1.293710624237514400e+16
8.539360866224321001e+01 1.296866377358600000e+16
8.572717744608009127e+01 1.300022470012090000e+16
8.606074622991698675e+01 1.303178882492308400e+16
8.639431501375388223e+01 1.306335589893800600e+16
8.672788379759076349e+01 1.309492562071004400e+16
8.706145258142764476e+01 1.312649763598629600e+16
8.739502136526454024e+01 1.315807153732713000e+16
8.772859014910142150e+01 1.318964686372533600e+16
8.806215893293831698e+01 1.322122310023365400e+16
8.839572771677519825e+01 1.325279967760187600e+16
8.872929650061209372e+01 1.328437597192451200e+16
8.906286528444897499e+01 1.331595130429920400e+16
8.939643406828585626e+01 1.334752494049718400e+16
8.973000285212273752e+01 1.337909609064667000e+16
9.006357163595964721e+01 1.341066390892964600e+16
9.039714041979652848e+01 1.344222749329318800e+16
9.073070920363340974e+01 1.347378588517605200e+16
9.106427798747029101e+01 1.350533806925169800e+16
9.139784677130718649e+01 1.353688297318814800e+16
9.173141555514408196e+01 1.356841946742634800e+16
9.206498433898096323e+01 1.359994636497692400e+16
9.239855312281785871e+01 1.363146242123759600e+16
9.273212190665473997e+01 1.366296633383080400e+16
9.306569069049162124e+01 1.369445674246366600e+16
9.339925947432850251e+01 1.372593222881056400e+16
9.373282825816541219e+01 1.375739131641957800e+16
9.406639704200229346e+01 1.378883247064368600e+16
9.439996582583917473e+01 1.382025409859765600e+16
9.473353460967605599e+01 1.385165454914192400e+16
9.506710339351293726e+01 1.388303211289411600e+16
9.540067217734984695e+01 1.391438502226911000e+16
9.573424096118672821e+01 1.394571145154920400e+16
9.606780974502360948e+01 1.397700951698478200e+16
9.640137852886050496e+01 1.400827727692663200e+16
9.673494731269738622e+01 1.403951273199107600e+16
9.706851609653428170e+01 1.407071382525885400e+16
9.740208488037116297e+01 1.410187844250814000e+16
9.773565366420805844e+01 1.413300441248372400e+16
9.806922244804493971e+01 1.416408950720213200e+16
9.840279123188182098e+01 1.419513144229449600e+16
9.873636001571871645e+01 1.422612787738741600e+16
9.906992879955561193e+01 1.425707641652316800e+16
9.940349758339249320e+01 1.428797460861992200e+16
9.973706636722937446e+01 1.431881994797255000e+16
1.000706351510662557e+02 1.434960987479531200e+16
1.004042039349031512e+02 1.438034177580672000e+16
1.007377727187400467e+02 1.441101298485778000e+16
1.010713415025769280e+02 1.444162078360375600e+16
1.014049102864138092e+02 1.447216240222056000e+16
1.017384790702507047e+02 1.450263502016632800e+16
1.020720478540875860e+02 1.453303576698846000e+16
1.024056166379244814e+02 1.456336172317712800e+16
1.027391854217613627e+02 1.459360992106532400e+16
1.030727542055982582e+02 1.462377734577618000e+16
1.034063229894351394e+02 1.465386093621759800e+16
1.037398917732720207e+02 1.468385758612518800e+16
1.040734605571089020e+02 1.471376414515284800e+16
1.044070293409458117e+02 1.474357742001215200e+16
1.047405981247826929e+02 1.477329417566004400e+16
1.050741669086195742e+02 1.480291113653513200e+16
1.054077356924564555e+02 1.483242498784283200e+16
1.057413044762933509e+02 1.486183237688896800e+16
1.060748732601302464e+02 1.489112991446189800e+16
1.064084420439671277e+02 1.492031417626311800e+16
1.067420108278040090e+02 1.494938170438576800e+16
1.070755796116409044e+02 1.497832900884102600e+16
1.074091483954777857e+02 1.500715256913174000e+16
1.077427171793146812e+02 1.503584883587308000e+16
1.080762859631515624e+02 1.506441423245921200e+16
1.084098547469884579e+02 1.509284515677624000e+16
1.087434235308253392e+02 1.512113798295915200e+16
1.090769923146622205e+02 1.514928906319383000e+16
1.094105610984991301e+02 1.517729472956172000e+16
1.097441298823360114e+02 1.520515129592695000e+16
1.100776986661728927e+02 1.523285505986474600e+16
1.104112674500097739e+02 1.526040230462957600e+16
1.107448362338466552e+02 1.528778930116256800e+16
1.110784050176835507e+02 1.531501231013610000e+16
1.114119738015204462e+02 1.534206758403456600e+16
1.117455425853573274e+02 1.536895136926996600e+16
1.120791113691942229e+02 1.539565990833021400e+16
1.124126801530311042e+02 1.542218944195914400e+16
1.127462489368679854e+02 1.544853621136605400e+16
1.130798177207048809e+02 1.547469646046303600e+16
1.134133865045417764e+02 1.550066643812856200e+16
1.137469552883786577e+02 1.552644240049469800e+16
1.140805240722155389e+02 1.555202061325667200e+16
1.144140928560524202e+02 1.557739735400187400e+16
1.147476616398893015e+02 1.560256891455699000e+16
1.150812304237262111e+02 1.562753160335013800e+16
1.154147992075630924e+02 1.565228174778653200e+16
1.157483679913999737e+02 1.567681569663441200e+16
1.160819367752368692e+02 1.570112982241976400e+16
1.164155055590737504e+02 1.572522052382659400e+16
1.167490743429106459e+02 1.574908422810051600e+16
1.170826431267475272e+02 1.577271739345330000e+16
1.174162119105844226e+02 1.579611651146514600e+16
1.177497806944213039e+02 1.581927810948283600e+16
1.180833494782581852e+02 1.584219875301033200e+16
1.184169182620950806e+02 1.586487504808961000e+16
1.187504870459319761e+02 1.588730364366875400e+16
1.190840558297688574e+02 1.590948123395480400e+16
1.194176246136057387e+02 1.593140456074786200e+16
1.197511933974426199e+02 1.595307041575498600e+16
1.200847621812795296e+02 1.597447564287991600e+16
1.204183309651164109e+02 1.599561714048615000e+16
1.207518997489532921e+02 1.601649186363119600e+16
1.210854685327901734e+02 1.603709682626841400e+16
1.214190373166270689e+02 1.605742910341432800e+16
1.217526061004639502e+02 1.607748583327840400e+16
1.220861748843008456e+02 1.609726421935276800e+16
1.224197436681377269e+02 1.611676153245919200e+16
1.227533124519746224e+02 1.613597511275068200e+16
1.230868812358115036e+02 1.615490237166520800e+16
1.234204500196483849e+02 1.617354079382923600e+16
1.237540188034852804e+02 1.619188793890821800e+16
1.240875875873221759e+02 1.620994144340213200e+16
1.244211563711590571e+02 1.622769902238358800e+16
1.247547251549959384e+02 1.624515847117611800e+16
1.250882939388328197e+02 1.626231766697080400e+16
1.254218627226697151e+02 1.627917457037905200e+16
1.257554315065066106e+02 1.629572722691951000e+16
1.260890002903434919e+02 1.631197376843734000e+16
1.264225690741803731e+02 1.632791241445390400e+16
1.267561378580172686e+02 1.634354147344545600e+16
1.270897066418541499e+02 1.635885934404909200e+16
1.274232754256910454e+02 1.637386451619438400e+16
1.277568442095279408e+02 1.638855557215976800e+16
1.280904129933648221e+02 1.640293118755181600e+16
1.284239817772017034e+02 1.641699013220684600e+16
1.287575505610385846e+02 1.643073127101359200e+16
1.290911193448754943e+02 1.644415356465611600e+16
1.294246881287123756e+02 1.645725607027606400e+16
1.297582569125492569e+02 1.647003794205391600e+16
1.300918256963861381e+02 1.648249843170839800e+16
1.304253944802230194e+02 1.649463688891394200e+16
1.307589632640599291e+02 1.650645276163571800e+16
1.310925320478968104e+02 1.651794559638231800e+16
1.314261008317336916e+02 1.652911503837567600e+16
1.317596696155705729e+02 1.653996083163915200e+16
1.320932383994074542e+02 1.655048281900282800e+16
1.324268071832443354e+02 1.656068094202767600e+16
1.327603759670812451e+02 1.657055524084803400e+16
1.330939447509181264e+02 1.658010585393360400e+16
1.334275135347550076e+02 1.658933301777155000e+16
1.337610823185919173e+02 1.659823706646925600e+16
1.340946511024287986e+02 1.660681843127939800e+16
1.344282198862656799e+02 1.661507764004742000e+16
1.347617886701025611e+02 1.662301531658356400e+16
1.350953574539394708e+02 1.663063217996001600e+16
1.354289262377763521e+02 1.663792904373481200e+16
1.357624950216132333e+02 1.664490681510434400e+16
1.360960638054501146e+02 1.665156649398506000e+16
1.364296325892870243e+02 1.665790917202727000e+16
1.367632013731239056e+02 1.666393603156168000e+16
1.370967701569607868e+02 1.666964834448141200e+16
1.374303389407976681e+02 1.667504747106046000e+16
1.377639077246345494e+02 1.668013485871155600e+16
1.380974765084714591e+02 1.668491204068474000e+16
1.384310452923083403e+02 1.668938063470905000e+16
1.387646140761452216e+02 1.669354234157938800e+16
1.390981828599821029e+02 1.669739894369097400e+16
1.394317516438189841e+02 1.670095230352337200e+16
1.397653204276558938e+02 1.670420436207652200e+16
1.400988892114927751e+02 1.670715713726115600e+16
1.404324579953296563e+02 1.670981272224600000e+16
1.407660267791665376e+02 1.671217328376385600e+16
1.410995955630034189e+02 1.671424106037951800e+16
1.414331643468403286e+02 1.671601836072142600e+16
1.417667331306772098e+02 1.671750756167976400e+16
1.421003019145140911e+02 1.671871110657370000e+16
1.424338706983509724e+02 1.671963150328940000e+16
1.427674394821878536e+02 1.672027132239255600e+16
1.431010082660247633e+02 1.672063319521649400e+16
1.434345770498616446e+02 1.672071981192948200e+16
1.437681458336985258e+02 1.672053391958273600e+16
1.441017146175354071e+02 1.672007832014229600e+16
1.444352834013723168e+02 1.671935586850649600e+16
1.447688521852091981e+02 1.671836947051196800e+16
1.451024209690460793e+02 1.671712208092996000e+16
1.454359897528829890e+02 1.671561670145577600e+16
1.457695585367198703e+02 1.671385637869314600e+16
1.461031273205567516e+02 1.671184420213601600e+16
1.464366961043936328e+02 1.670958330214984800e+16
1.467702648882305141e+02 1.670707684795453600e+16
1.471038336720674238e+02 1.670432804561099400e+16
1.474374024559042766e+02 1.670134013601351000e+16
1.477709712397411863e+02 1.669811639288977400e+16
1.481045400235780960e+02 1.669466012081036600e+16
1.484381088074149488e+02 1.669097465321000000e+16
1.487716775912518585e+02 1.668706335042168600e+16
1.491052463750887114e+02 1.668292959772604000e+16
1.494388151589256211e+02 1.667857680341724000e+16
1.497723839427625308e+02 1.667400839688707200e+16
1.501059527265993836e+02 1.666922782672895200e+16
1.504395215104362933e+02 1.666423855886312000e+16
1.507730902942731461e+02 1.665904407468446400e+16
1.511066590781100558e+02 1.665364786923445000e+16
1.514402278619469655e+02 1.664805344939823200e+16
1.517737966457838183e+02 1.664226433212830800e+16
1.521073654296207280e+02 1.663628404269583400e+16
1.524409342134576093e+02 1.663011611297053600e+16
1.527745029972944906e+02 1.662376407973047200e+16
1.531080717811314003e+02 1.661723148300230200e+16
1.534416405649682815e+02 1.661052186443314600e+16
1.537752093488051628e+02 1.660363876569481600e+16
1.541087781326420441e+02 1.659658572692100000e+16
1.544423469164789253e+02 1.658936628517828800e+16
1.547759157003158350e+02 1.658198397297151600e+16
1.551094844841527163e+02 1.657444231678403600e+16
1.554430532679895975e+02 1.656674483565344600e+16
1.557766220518264788e+02 1.655889503978304600e+16
1.561101908356633885e+02 1.655089642918971200e+16
1.564437596195002413e+02 1.654275249238805600e+16
1.567773284033371510e+02 1.653446670511164600e+16
1.571108971871740323e+02 1.652604252907102000e+16
1.574444659710109136e+02 1.651748341074905200e+16
1.577780347548478233e+02 1.650879278023354800e+16
1.581116035386846761e+02 1.649997405008693400e+16
1.584451723225215858e+02 1.649103061425384200e+16
1.587787411063584955e+02 1.648196584700538600e+16
1.591123098901953483e+02 1.647278310192104200e+16
1.594458786740322580e+02 1.646348571090759000e+16
1.597794474578691108e+02 1.645407698325494400e+16
1.601130162417060205e+02 1.644456020472860000e+16
1.604465850255429302e+02 1.643493863669895400e+16
1.607801538093797831e+02 1.642521551530640000e+16
1.611137225932166928e+02 1.641539405066267600e+16
1.614472913770535740e+02 1.640547742608761600e+16
1.617808601608904553e+02 1.639546879738123000e+16
1.621144289447273650e+02 1.638537129213046800e+16
1.624479977285642178e+02 1.637518800905041600e+16
1.627815665124011275e+02 1.636492201735953600e+16
1.631151352962380088e+02 1.635457635618809200e+16
1.634487040800748900e+02 1.634415403401983600e+16
1.637822728639117997e+02 1.633365802816592000e+16
1.641158416477486810e+02 1.632309128427074800e+16
1.644494104315855623e+02 1.631245671584932000e+16
1.647829792154224435e+02 1.630175720385512000e+16
1.651165479992593532e+02 1.629099559627840800e+16
1.654501167830962061e+02 1.628017470777391000e+16
1.657836855669331158e+02 1.626929731931773200e+16
1.661172543507699970e+02 1.625836617789240400e+16
1.664508231346068783e+02 1.624738399619979600e+16
1.667843919184437880e+02 1.623635345240112000e+16
1.671179607022806408e+02 1.622527718988334600e+16
1.674515294861175505e+02 1.621415781705149600e+16
1.677850982699544602e+02 1.620299790714599400e+16
1.681186670537913130e+02 1.619179999808461600e+16
1.684522358376282227e+02 1.618056659232817600e+16
1.687858046214650756e+02 1.616930015676961000e+16
1.691193734053019853e+02 1.615800312264519200e+16
1.694529421891388949e+02 1.614667788546806600e+16
1.697865109729757478e+02 1.613532680498261800e+16
1.701200797568126575e+02 1.612395220513962200e+16
1.704536485406495103e+02 1.611255637409112400e+16
1.707872173244864200e+02 1.610114156420468200e+16
1.711207861083233297e+02 1.608970999209625400e+16
1.714543548921601825e+02 1.607826383868074800e+16
1.717879236759970922e+02 1.606680524924032600e+16
1.721214924598339735e+02 1.605533633350907600e+16
1.724550612436708548e+02 1.604385916577392000e+16
1.727886300275077645e+02 1.603237578499098800e+16
1.731221988113446457e+02 1.602088819491667200e+16
1.734557675951815270e+02 1.600939836425328200e+16
1.737893363790184083e+02 1.599790822680799200e+16
1.741229051628552895e+02 1.598641968166519600e+16
1.744564739466921992e+02 1.597493459337118800e+16
1.747900427305290805e+02 1.596345479213084200e+16
1.751236115143659617e+02 1.595198207401586800e+16
1.754571802982028430e+02 1.594051820118358200e+16
1.757907490820397527e+02 1.592906490210647800e+16
1.761243178658766340e+02 1.591762387181118400e+16
1.764578866497135152e+02 1.590619677212700400e+16
1.767914554335503965e+02 1.589478523194322400e+16
1.771250242173872778e+02 1.588339084747458800e+16
1.774585930012241874e+02 1.587201518253488200e+16
1.777921617850610403e+02 1.586065976881768000e+16
1.781257305688979500e+02 1.584932610618410400e+16
1.784592993527348597e+02 1.583801566295707200e+16
1.787928681365717125e+02 1.582672987622159400e+16
1.791264369204086222e+02 1.581547015213076400e+16
1.794600057042454750e+02 1.580423786621676800e+16
1.797935744880823847e+02 1.579303436370704400e+16
1.801271432719192944e+02 1.578186095984459200e+16
1.804607120557561473e+02 1.577071894021250400e+16
1.807942808395930570e+02 1.575960956106216400e+16
1.811278496234299382e+02 1.574853404964476600e+16
1.814614184072668195e+02 1.573749360454590400e+16
1.817949871911037292e+02 1.572648939602275600e+16
1.821285559749405820e+02 1.571552256634366400e+16
1.824621247587774917e+02 1.570459423012979200e+16
1.827956935426143730e+02 1.569370547469842600e+16
1.831292623264512542e+02 1.568285736040783600e+16
1.834628311102881639e+02 1.567205092100325200e+16
1.837963998941250452e+02 1.566128716396371800e+16
1.841299686779619265e+02 1.565056707084969200e+16
1.844635374617988077e+02 1.563989159765088800e+16
1.847971062456357174e+02 1.562926167513444400e+16
1.851306750294725987e+02 1.561867820919286000e+16
1.854642438133094799e+02 1.560814208119166800e+16
1.857978125971463612e+02 1.559765414831672400e+16
1.861313813809832425e+02 1.558721524392054800e+16
1.864649501648201522e+02 1.557682617786795400e+16
1.867985189486570050e+02 1.556648773688044200e+16
1.871320877324939147e+02 1.555620068487938400e+16
1.874656565163308244e+02 1.554596576332772800e+16
1.877992253001676772e+02 1.553578369157009600e+16
1.881327940840045869e+02 1.552565516717105600e+16
1.884663628678414398e+02 1.551558086625156400e+16
1.887999316516783495e+02 1.550556144382330800e+16
1.891335004355152591e+02 1.549559753412076400e+16
1.894670692193521120e+02 1.548568975093108800e+16
1.898006380031890217e+02 1.547583868792148000e+16
1.901342067870258745e+02 1.546604491896392400e+16
1.904677755708627842e+02 1.545630899845742600e+16
1.908013443546996939e+02 1.544663146164734000e+16
1.911349131385365467e+02 1.543701282494188000e+16
1.914684819223734564e+02 1.542745358622574600e+16
1.918020507062103377e+02 1.541795422517059400e+16
1.921356194900472190e+02 1.540851520354252400e+16
1.924691882738841286e+02 1.539913696550627600e+16
1.928027570577210099e+02 1.538981993792620400e+16
1.931363258415578912e+02 1.538056453066401600e+16
1.934698946253947724e+02 1.537137113687299200e+16
1.938034634092316537e+02 1.536224013328892600e+16
1.941370321930685634e+02 1.535317188051744000e+16
1.944706009769054447e+02 1.534416672331797000e+16
1.948041697607423259e+02 1.533522499088399200e+16
1.951377385445792072e+02 1.532634699711975000e+16
1.954713073284161169e+02 1.531753304091342800e+16
1.958048761122529982e+02 1.530878340640649400e+16
1.961384448960898794e+02 1.530009836325948000e+16
1.964720136799267607e+02 1.529147816691407600e+16
1.968055824637636420e+02 1.528292305885139200e+16
1.971391512476005516e+02 1.527443326684662000e+16
1.974727200314374329e+02 1.526600900521981200e+16
1.978062888152743142e+02 1.525765047508299800e+16
1.981398575991112239e+02 1.524935786458355600e+16
1.984734263829480767e+02 1.524113134914367000e+16
1.988069951667849864e+02 1.523297109169623400e+16
1.991405639506218392e+02 1.522487724291679000e+16
1.994741327344587489e+02 1.521684994145188600e+16
1.998077015182956586e+02 1.520888931414348400e+16
2.001412703021325115e+02 1.520099547624982400e+16
2.004748390859694211e+02 1.519316853166240200e+16
2.008084078698063024e+02 1.518540857311934000e+16
2.011419766536431837e+02 1.517771568241494400e+16
2.014755454374800934e+02 1.517008993060563800e+16
2.018091142213169462e+02 1.516253137821223000e+16
2.021426830051538559e+02 1.515504007541851600e+16
2.024762517889907372e+02 1.514761606226621600e+16
2.028098205728276184e+02 1.514025936884636000e+16
2.031433893566645281e+02 1.513297001548705600e+16
2.034769581405014094e+02 1.512574801293775200e+16
2.038105269243382907e+02 1.511859336254989200e+16
2.041440957081751719e+02 1.511150605645409200e+16
2.044776644920120816e+02 1.510448607773395800e+16
2.048112332758489629e+02 1.509753340059627400e+16
2.051448020596858441e+02 1.509064799053792000e+16
2.054783708435227254e+02 1.508382980450935800e+16
2.058119396273596067e+02 1.507707879107480800e+16
2.061455084111965164e+02 1.507039489056908800e+16
2.064790771950333976e+02 1.506377803525114800e+16
2.068126459788702789e+02 1.505722814945447600e+16
2.071462147627071886e+02 1.505074514973416400e+16
2.074797835465440414e+02 1.504432894501088600e+16
2.078133523303809511e+02 1.503797943671178800e+16
2.081469211142178040e+02 1.503169651890816400e+16
2.084804898980547136e+02 1.502548007845022200e+16
2.088140586818916233e+02 1.501932999509872000e+16
2.091476274657284762e+02 1.501324614165368800e+16
2.094811962495653859e+02 1.500722838408025600e+16
2.098147650334022387e+02 1.500127658163149200e+16
2.101483338172391484e+02 1.499539058696847600e+16
2.104819026010760581e+02 1.498957024627748600e+16
2.108154713849129109e+02 1.498381539938451000e+16
2.111490401687498206e+02 1.497812587986695200e+16
2.114826089525867019e+02 1.497250151516268000e+16
2.118161777364235832e+02 1.496694212667642400e+16
2.121497465202604928e+02 1.496144752988358000e+16
2.124833153040973741e+02 1.495601753443143200e+16
2.128168840879342554e+02 1.495065194423791000e+16
2.131504528717711366e+02 1.494535055758777000e+16
2.134840216556080179e+02 1.494011316722648400e+16
2.138175904394449276e+02 1.493493956045159600e+16
2.141511592232818089e+02 1.492982951920178000e+16
2.144847280071186901e+02 1.492478282014369200e+16
2.148182967909555714e+02 1.491979923475638000e+16
2.151518655747924811e+02 1.491487852941356800e+16
2.154854343586293624e+02 1.491002046546381800e+16
2.158190031424662436e+02 1.490522479930840000e+16
2.161525719263031249e+02 1.490049128247724000e+16
2.164861407101400061e+02 1.489581966170266600e+16
2.168197094939769158e+02 1.489120967899127200e+16
2.171532782778137971e+02 1.488666107169369800e+16
2.174868470616506784e+02 1.488217357257254800e+16
2.178204158454875881e+02 1.487774690986842800e+16
2.181539846293244409e+02 1.487338080736411200e+16
2.184875534131613506e+02 1.486907498444694800e+16
2.188211221969982603e+02 1.486482915616939200e+16
2.191546909808351131e+02 1.486064303330801200e+16
2.194882597646720228e+02 1.485651632242062800e+16
2.198218285485088757e+02 1.485244872590192200e+16
2.201553973323457853e+02 1.484843994203743200e+16
2.204889661161826666e+02 1.484448966505595400e+16
2.208225349000195479e+02 1.484059758518050400e+16
2.211561036838564576e+02 1.483676338867770000e+16
2.214896724676933104e+02 1.483298675790578200e+16
2.218232412515302201e+02 1.482926737136126800e+16
2.221568100353671014e+02 1.482560490372415200e+16
2.224903788192039826e+02 1.482199902590185400e+16
2.228239476030408923e+02 1.481844940507190000e+16
2.231575163868777736e+02 1.481495570472332800e+16
2.234910851707146549e+02 1.481151758469691600e+16
2.238246539545515361e+02 1.480813470122425600e+16
2.241582227383884458e+02 1.480480670696567200e+16
2.244917915222253271e+02 1.480153325104710000e+16
2.248253603060622083e+02 1.479831397909589400e+16
2.251589290898990896e+02 1.479514853327565000e+16
2.254924978737359709e+02 1.479203655232000000e+16
2.258260666575728806e+02 1.478897767156556600e+16
2.261596354414097618e+02 1.478597152298390800e+16
2.264932042252466431e+02 1.478301773521270000e+16
2.268267730090835528e+02 1.478011593358610800e+16
2.271603417929204056e+02 1.477726574016422800e+16
2.274939105767573153e+02 1.477446677376194800e+16
2.278274793605941966e+02 1.477171864997700000e+16
2.281610481444310778e+02 1.476902098121735600e+16
2.284946169282679875e+02 1.476637337672800400e+16
2.288281857121048404e+02 1.476377544261704600e+16
2.291617544959417501e+02 1.476122678188134000e+16
2.294953232797786029e+02 1.475872699443145600e+16
2.298288920636155126e+02 1.475627567711632400e+16
2.301624608474524223e+02 1.475387242374716000e+16
2.304960296312892751e+02 1.475151682512117600e+16
2.308295984151261848e+02 1.474920846904482800e+16
2.311631671989630661e+02 1.474694694035659000e+16
2.314967359827999474e+02 1.474473182094957800e+16
2.318303047666368570e+02 1.474256268979365000e+16
2.321638735504737383e+02 1.474043912295746000e+16
2.324974423343106196e+02 1.473836069363012800e+16
2.328310111181475008e+02 1.473632697214273200e+16
2.331645799019843821e+02 1.473433752598968800e+16
2.334981486858212918e+02 1.473239191984986000e+16
2.338317174696581731e+02 1.473048971560770600e+16
2.341652862534950543e+02 1.472863047237425400e+16
2.344988550373319356e+02 1.472681374650804200e+16
2.348324238211688453e+02 1.472503909163604000e+16
2.351659926050057265e+02 1.472330605867459600e+16
2.354995613888426078e+02 1.472161419585039200e+16
2.358331301726794891e+02 1.471996304872152000e+16
2.361666989565163703e+02 1.471835216019856800e+16
2.365002677403532800e+02 1.471678107056596000e+16
2.368338365241901613e+02 1.471524931750328400e+16
2.371674053080270426e+02 1.471375643610695600e+16
2.375009740918639523e+02 1.471230195891201600e+16
2.378345428757008051e+02 1.471088541591416600e+16
2.381681116595377148e+02 1.470950633459207400e+16
2.385016804433746245e+02 1.470816423992996400e+16
2.388352492272114773e+02 1.470685865444057600e+16
2.391688180110483870e+02 1.470558909818834000e+16
2.395023867948852399e+02 1.470435508881306800e+16
2.398359555787221495e+02 1.470315614155390200e+16
2.401695243625590592e+02 1.470199176927379600e+16
2.405030931463959121e+02 1.470086148248432000e+16
2.408366619302328218e+02 1.469976478937103200e+16
2.411702307140696746e+02 1.469870119581925600e+16
2.415037994979065843e+02 1.469767020544042600e+16
2.418373682817434656e+02 1.469667131959886800e+16
2.421709370655803468e+02 1.469570403743932400e+16
2.425045058494172565e+02 1.469476785591475400e+16
2.428380746332541378e+02 1.469386226981507000e+16
2.431716434170910190e+02 1.469298677179617200e+16
2.435052122009279003e+02 1.469214085240984800e+16
2.438387809847648100e+02 1.469132400013421600e+16
2.441723497686016913e+02 1.469053570140482200e+16
2.445059185524385725e+02 1.468977544064649800e+16
2.448394873362754538e+02 1.468904270030589600e+16
2.451730561201123351e+02 1.468833696088471000e+16
2.455066249039492448e+02 1.468765770097368800e+16
2.458401936877861260e+02 1.468700439728736200e+16
2.461737624716230073e+02 1.468637652469961000e+16
2.465073312554599170e+02 1.468577355627990000e+16
2.468409000392967698e+02 1.468519496333046200e+16
2.471744688231336795e+02 1.468464021542416800e+16
2.475080376069705608e+02 1.468410878044325200e+16
2.478416063908074420e+02 1.468360012461898600e+16
2.481751751746443517e+02 1.468311371257200000e+16
2.485087439584812046e+02 1.468264900735367400e+16
2.488423127423181143e+02 1.468220547048826800e+16
2.491758815261550239e+02 1.468178256201597400e+16
2.495094503099918768e+02 1.468137974053684800e+16
2.498430190938287865e+02 1.468099646325571000e+16
2.501765878776656393e+02 1.468063218602780400e+16
2.505101566615025490e+02 1.468028636340554200e+16
2.508437254453394303e+02 1.467995844868601600e+16
2.511772942291763115e+02 1.467964789395960000e+16
2.515108630130132212e+02 1.467935415015930800e+16
2.518444317968501025e+02 1.467907666711119000e+16
2.521780005806869838e+02 1.467881489358569200e+16
2.525115693645238650e+02 1.467856827734987200e+16
2.528451381483607463e+02 1.467833626522058800e+16
2.531787069321976560e+02 1.467811830311871000e+16
2.535122757160345373e+02 1.467791383612414200e+16
2.538458444998714185e+02 1.467772230853192200e+16
2.541794132837082998e+02 1.467754316390915600e+16
2.545129820675452095e+02 1.467737584515295600e+16
2.548465508513820907e+02 1.467721979454935000e+16
2.551801196352189720e+02 1.467707445383302800e+16
2.555136884190558817e+02 1.467693926424811000e+16
2.558472572028927345e+02 1.467681366660982000e+16
2.561808259867296442e+02 1.467669710136706800e+16
2.565143947705665255e+02 1.467658900866596000e+16
2.568479635544034068e+02 1.467648882841421400e+16
2.571815323382402880e+02 1.467639600034648400e+16
2.575151011220771693e+02 1.467630996409058000e+16
2.578486699059140506e+02 1.467623015923459600e+16
2.581822386897509887e+02 1.467615602539480400e+16
2.585158074735878699e+02 1.467608700228458000e+16
2.588493762574247512e+02 1.467602252978408400e+16
2.591829450412616325e+02 1.467596204801072400e+16
2.595165138250985137e+02 1.467590499739060800e+16
2.598500826089353950e+02 1.467585081873065200e+16
2.601836513927722763e+02 1.467579895329159200e+16
2.605172201766091575e+02 1.467574884286169600e+16
2.608507889604460388e+02 1.467569992983133600e+16
2.611843577442829769e+02 1.467565165726823600e+16
2.615179265281198582e+02 1.467560346899348400e+16
2.618514953119567394e+02 1.467555480965824400e+16
2.621850640957936207e+02 1.467550512482117200e+16
2.625186328796305020e+02 1.467545386102653600e+16
2.628522016634673832e+02 1.467540046588298600e+16
2.631857704473042645e+02 1.467534438814284400e+16
2.635193392311411458e+02 1.467528507778223200e+16
2.638529080149780839e+02 1.467522198608155600e+16
2.641864767988149083e+02 1.467515456570674800e+16
2.645200455826518464e+02 1.467508227079094000e+16
2.648536143664886708e+02 1.467500455701667800e+16
2.651871831503256089e+02 1.467492088169868600e+16
2.655207519341624902e+02 1.467483070386704400e+16
2.658543207179993715e+02 1.467473348435079600e+16
2.661878895018362527e+02 1.467462868586210400e+16
2.665214582856731340e+02 1.467451577308061600e+16
2.668550270695100153e+02 1.467439421273832800e+16
2.671885958533469534e+02 1.467426347370473000e+16
2.675221646371838347e+02 1.467412302707228000e+16
2.678557334210207159e+02 1.467397234624216400e+16
2.681893022048575972e+02 1.467381090701025200e+16
2.685228709886944785e+02 1.467363818765337600e+16
2.688564397725313597e+02 1.467345366901568000e+16
2.691900085563682410e+02 1.467325683459524600e+16
2.695235773402051223e+02 1.467304717063074400e+16
2.698571461240420035e+02 1.467282416618826800e+16
2.701907149078789416e+02 1.467258731324821200e+16
2.705242836917158229e+02 1.467233610679210800e+16
2.708578524755527042e+02 1.467207004488959000e+16
2.711914212593895854e+02 1.467178862878527600e+16
2.715249900432264667e+02 1.467149136298552200e+16
2.718585588270633480e+02 1.467117775534518200e+16
2.721921276109002292e+02 1.467084731715420400e+16
2.725256963947371105e+02 1.467049956322404200e+16
2.728592651785740486e+02 1.467013401197390400e+16
2.731928339624108730e+02 1.466975018551675200e+16
2.735264027462478111e+02 1.466934760974504400e+16
2.738599715300846356e+02 1.466892581441622400e+16
2.741935403139215737e+02 1.466848433323779600e+16
2.745271090977584549e+02 1.466802270395214000e+16
2.748606778815953362e+02 1.466754046842083800e+16
2.751942466654322175e+02 1.466703717270864000e+16
2.755278154492690987e+02 1.466651236716692200e+16
2.758613842331059800e+02 1.466596560651669000e+16
2.761949530169429181e+02 1.466539644993102000e+16
2.765285218007797425e+02 1.466480446111694800e+16
2.768620905846166806e+02 1.466418920839677400e+16
2.771956593684535619e+02 1.466355026478871200e+16
2.775292281522904432e+02 1.466288720808692400e+16
2.778627969361273244e+02 1.466219962094079000e+16
2.781963657199642057e+02 1.466148709093352400e+16
2.785299345038010870e+02 1.466074921065999800e+16
2.788635032876379682e+02 1.465998557780377200e+16
2.791970720714749064e+02 1.465919579521331800e+16
2.795306408553117876e+02 1.465837947097738200e+16
2.798642096391486689e+02 1.465753621849944000e+16
2.801977784229855502e+02 1.465666565657133000e+16
2.805313472068224314e+02 1.465576740944578400e+16
2.808649159906593127e+02 1.465484110690816800e+16
2.811984847744961939e+02 1.465388638434708200e+16
2.815320535583330752e+02 1.465290288282397200e+16
2.818656223421700133e+02 1.465189024914172800e+16
2.821991911260068377e+02 1.465084813591210000e+16
2.825327599098437759e+02 1.464977620162209600e+16
2.828663286936806571e+02 1.464867411069919200e+16
2.831998974775175384e+02 1.464754153357536000e+16
2.835334662613544197e+02 1.464637814674993000e+16
2.838670350451913009e+02 1.464518363285122400e+16
2.842006038290281822e+02 1.464395768069697200e+16
2.845341726128650635e+02 1.464269998535337600e+16
2.848677413967019447e+02 1.464141024819301200e+16
2.852013101805388828e+02 1.464008817695131200e+16
2.855348789643757073e+02 1.463873348578175400e+16
2.858684477482126454e+02 1.463734589530969600e+16
2.862020165320495266e+02 1.463592513268479400e+16
2.865355853158864079e+02 1.463447093163212600e+16
2.868691540997232892e+02 1.463298303250172800e+16
2.872027228835601704e+02 1.463146118231687200e+16
2.875362916673970517e+02 1.462990513482075200e+16
2.878698604512339330e+02 1.462831465052178400e+16
2.882034292350708142e+02 1.462668949673734600e+16
2.885369980189077523e+02 1.462502944763610400e+16
2.888705668027446336e+02 1.462333428427868400e+16
2.892041355865815149e+02 1.462160379465697600e+16
2.895377043704183961e+02 1.461983777373171800e+16
2.898712731542552774e+02 1.461803602346863000e+16
2.902048419380921587e+02 1.461619835287293000e+16
2.905384107219290399e+02 1.461432457802228000e+16
2.908719795057659780e+02 1.461241452209808800e+16
2.912055482896028025e+02 1.461046801541524400e+16
2.915391170734397406e+02 1.460848489545025800e+16
2.918726858572766218e+02 1.460646500686765400e+16
2.922062546411135031e+02 1.460440820154487600e+16
2.925398234249503844e+02 1.460231433859545600e+16
2.928733922087872656e+02 1.460018328439052400e+16
2.932069609926241469e+02 1.459801491257872600e+16
2.935405297764610282e+02 1.459580910410440000e+16
2.938740985602979094e+02 1.459356574722414400e+16
2.942076673441348476e+02 1.459128473752166400e+16
2.945412361279717288e+02 1.458896597792100400e+16
2.948748049118085532e+02 1.458660937869799800e+16
2.952083736956454914e+02 1.458421485749014800e+16
2.955419424794823726e+02 1.458178233930476600e+16
2.958755112633192539e+02 1.457931175652538400e+16
2.962090800471561920e+02 1.457680304891660400e+16
2.965426488309930164e+02 1.457425616362712400e+16
2.968762176148298977e+02 1.457167105519119000e+16
2.972097863986667790e+02 1.456904768552829200e+16
2.975433551825037171e+02 1.456638602394122000e+16
2.978769239663405983e+02 1.456368604711243200e+16
2.982104927501774227e+02 1.456094773909873800e+16
2.985440615340143609e+02 1.455817109132436800e+16
2.988776303178512421e+02 1.455535610257228000e+16
2.992111991016881234e+02 1.455250277897386600e+16
2.995447678855250615e+02 1.454961113399706600e+16
2.998783366693618859e+02 1.454668118843269600e+16
3.002119054531987672e+02 1.454371297037924600e+16
3.005454742370357053e+02 1.454070651522600800e+16
3.008790430208725866e+02 1.453766186563459200e+16
3.012126118047094678e+02 1.453457907151878000e+16
3.015461805885462923e+02 1.453145819002284000e+16
3.018797493723832304e+02 1.452829928549823200e+16
3.022133181562201116e+02 1.452510242947865200e+16
3.025468869400569929e+02 1.452186770065359800e+16
3.028804557238939310e+02 1.451859518484031200e+16
3.032140245077307554e+02 1.451528497495418400e+16
3.035475932915676367e+02 1.451193717097762600e+16
3.038811620754045748e+02 1.450855187992740000e+16
3.042147308592414561e+02 1.450512921582038400e+16
3.045482996430783373e+02 1.450166929963797200e+16
3.048818684269152186e+02 1.449817225928880400e+16
3.052154372107520999e+02 1.449463822957021000e+16
3.055490059945889811e+02 1.449106735212798400e+16
3.058825747784259192e+02 1.448745977541488000e+16
3.062161435622628005e+02 1.448381565464764400e+16
3.065497123460996249e+02 1.448013515176252400e+16
3.068832811299365630e+02 1.447641843536952000e+16
3.072168499137734443e+02 1.447266568070519600e+16
3.075504186976103256e+02 1.446887706958404000e+16
3.078839874814472637e+02 1.446505279034863200e+16
3.082175562652840881e+02 1.446119303781836800e+16
3.085511250491209694e+02 1.445729801323688000e+16
3.088846938329578506e+02 1.445336792421822800e+16
3.092182626167947888e+02 1.444940298469170400e+16
3.095518314006316700e+02 1.444540341484546400e+16
3.098854001844684944e+02 1.444136944106887800e+16
3.102189689683054326e+02 1.443730129589368600e+16
3.105525377521423138e+02 1.443319921793389400e+16
3.108861065359791951e+02 1.442906345182455600e+16
3.112196753198160764e+02 1.442489424815934400e+16
3.115532441036529576e+02 1.442069186342701800e+16
3.118868128874898389e+02 1.441645655994668200e+16
3.122203816713267770e+02 1.441218860580206400e+16
3.125539504551636583e+02 1.440788827477460000e+16
3.128875192390004827e+02 1.440355584627553400e+16
3.132210880228373640e+02 1.439919160527696400e+16
3.135546568066743021e+02 1.439479584224182000e+16
3.138882255905111833e+02 1.439036885305288200e+16
3.142217943743480646e+02 1.438591093894088200e+16
3.145553631581849459e+02 1.438142240641152200e+16
3.148889319420218271e+02 1.437690356717168600e+16
3.152225007258587084e+02 1.437235473805465800e+16
3.155560695096956465e+02 1.436777624094451200e+16
3.158896382935325278e+02 1.436316840269962800e+16
3.162232070773693522e+02 1.435853155507530800e+16
3.165567758612062903e+02 1.435386603464570400e+16
3.168903446450431716e+02 1.434917218272481400e+16
3.172239134288800528e+02 1.434445034528679600e+16
3.175574822127169909e+02 1.433970087288548800e+16
3.178910509965538154e+02 1.433492412057324800e+16
3.182246197803906966e+02 1.433012044781910800e+16
3.185581885642276347e+02 1.432529021842613200e+16
3.188917573480645160e+02 1.432043380044829200e+16
3.192253261319013973e+02 1.431555156610660800e+16
3.195588949157382217e+02 1.431064389170470400e+16
3.198924636995751598e+02 1.430571115754380800e+16
3.202260324834120411e+02 1.430075374783720800e+16
3.205596012672489223e+02 1.429577205062410400e+16
3.208931700510858605e+02 1.429076645768305200e+16
3.212267388349226849e+02 1.428573736444486800e+16
3.215603076187595661e+02 1.428068516990511600e+16
3.218938764025965042e+02 1.427561027653608200e+16
3.222274451864333855e+02 1.427051309019846600e+16
3.225610139702702668e+02 1.426539402005256400e+16
3.228945827541071480e+02 1.426025347846920600e+16
3.232281515379440293e+02 1.425509188094029200e+16
3.235617203217809106e+02 1.424990964598902400e+16
3.238952891056178487e+02 1.424470719507986800e+16
3.242288578894547300e+02 1.423948495252828800e+16
3.245624266732915544e+02 1.423424334541016000e+16
3.248959954571284356e+02 1.422898280347113000e+16
3.252295642409653738e+02 1.422370375903554000e+16
3.255631330248022550e+02 1.421840664691546600e+16
3.258967018086391363e+02 1.421309190431946000e+16
3.262302705924760176e+02 1.420775997076117000e+16
3.265638393763128988e+02 1.420241128796800400e+16
3.268974081601497801e+02 1.419704629978957000e+16
3.272309769439867182e+02 1.419166545210616800e+16
3.275645457278235995e+02 1.418626919273726200e+16
3.278981145116604239e+02 1.418085797134995200e+16
3.282316832954973620e+02 1.417543223936744800e+16
3.285652520793342433e+02 1.416999244987765000e+16
3.288988208631711245e+02 1.416453905754175600e+16
3.292323896470080626e+02 1.415907251850299600e+16
3.295659584308448871e+02 1.415359329029554400e+16
3.298995272146817683e+02 1.414810183175344800e+16
3.302330959985187064e+02 1.414259860291987200e+16
3.305666647823555877e+02 1.413708406495642000e+16
3.309002335661924121e+02 1.413155868005274000e+16
3.312338023500292934e+02 1.412602291133635600e+16
3.315673711338662315e+02 1.412047722278275400e+16
3.319009399177031128e+02 1.411492207912570000e+16
3.322345087015399940e+02 1.410935794576796000e+16
3.325680774853768753e+02 1.410378528869225200e+16
3.329016462692137566e+02 1.409820457437259600e+16
3.332352150530506378e+02 1.409261626968599600e+16
3.335687838368875759e+02 1.408702084182451200e+16
3.339023526207244572e+02 1.408141875820776800e+16
3.342359214045612816e+02 1.407581048639581000e+16
3.345694901883982197e+02 1.407019649400256400e+16
3.349030589722351010e+02 1.406457724860950400e+16
3.352366277560719823e+02 1.405895321768003600e+16
3.355701965399089204e+02 1.405332486847428200e+16
3.359037653237457448e+02 1.404769266796437600e+16
3.362373341075826261e+02 1.404205708275030000e+16
3.365709028914195073e+02 1.403641857897631200e+16
3.369044716752564455e+02 1.403077762224786800e+16
3.372380404590933267e+02 1.402513467754921000e+16
3.375716092429301511e+02 1.401949020916148600e+16
3.379051780267670892e+02 1.401384468058156400e+16
3.382387468106039705e+02 1.400819855444139400e+16
3.385723155944408518e+02 1.400255229242808200e+16
3.389058843782777899e+02 1.399690635520459600e+16
3.392394531621146143e+02 1.399126120233113200e+16
3.395730219459514956e+02 1.398561729218726800e+16
3.399065907297884337e+02 1.397997508189466000e+16
3.402401595136253150e+02 1.397433502724059800e+16
3.405737282974621962e+02 1.396869758260222000e+16
3.409072970812990206e+02 1.396306320087148000e+16
3.412408658651359588e+02 1.395743233338090000e+16
3.415744346489728400e+02 1.395180542983001200e+16
3.419080034328097213e+02 1.394618293821268400e+16
3.422415722166466594e+02 1.394056530474510200e+16
3.425751410004834838e+02 1.393495297379467600e+16
3.429087097843203651e+02 1.392934638780966000e+16
3.432422785681573032e+02 1.392374598724963800e+16
3.435758473519941845e+02 1.391815221051679600e+16
3.439094161358310657e+02 1.391256549388801800e+16
3.442429849196679470e+02 1.390698627144791200e+16
3.445765537035048283e+02 1.390141497502258800e+16
3.449101224873417095e+02 1.389585203411425200e+16
3.452436912711786476e+02 1.389029787583683800e+16
3.455772600550155289e+02 1.388475292485229000e+16
3.459108288388523533e+02 1.387921760330786000e+16
3.462443976226892914e+02 1.387369233077427600e+16
3.465779664065261727e+02 1.386817752418468000e+16
3.469115351903630540e+02 1.386267359777456600e+16
3.472451039741999921e+02 1.385718096302260200e+16
3.475786727580368165e+02 1.385170002859222400e+16
3.479122415418736978e+02 1.384623120027430800e+16
3.482458103257105790e+02 1.384077488093057600e+16
3.485793791095475171e+02 1.383533147043801000e+16
3.489129478933843984e+02 1.382990136563410000e+16
3.492465166772212228e+02 1.382448496026307600e+16
3.495800854610581609e+02 1.381908264492296600e+16
3.499136542448950422e+02 1.381369480701358800e+16
3.502472230287319235e+02 1.380832183068547200e+16
3.505807918125688616e+02 1.380296409678965800e+16
3.509143605964056860e+02 1.379762198282840800e+16
3.512479293802425673e+02 1.379229586290684800e+16
3.515814981640795054e+02 1.378698610768547000e+16
3.519150669479163867e+02 1.378169308433359200e+16
3.522486357317532679e+02 1.377641715648364400e+16
3.525822045155900923e+02 1.377115868418643800e+16
3.529157732994270305e+02 1.376591802386729600e+16
3.532493420832639117e+02 1.376069552828303800e+16
3.535829108671007930e+02 1.375549154647992000e+16
3.539164796509376743e+02 1.375030642375242800e+16
3.542500484347745555e+02 1.374514050160298000e+16
3.545836172186114368e+02 1.373999411770246400e+16
3.549171860024483749e+02 1.373486760585170800e+16
3.552507547862852562e+02 1.372976129594376000e+16
3.555843235701220806e+02 1.372467551392712000e+16
3.559178923539590187e+02 1.371961058176974000e+16
3.562514611377959000e+02 1.371456681742395600e+16
3.565850299216327812e+02 1.370954453479223600e+16
3.569185987054697193e+02 1.370454404369378200e+16
3.572521674893065438e+02 1.369956564983196400e+16
3.575857362731434250e+02 1.369460965476262800e+16
3.579193050569803631e+02 1.368967635586318200e+16
3.582528738408172444e+02 1.368476604630252400e+16
3.585864426246541257e+02 1.367987901501182400e+16
3.589200114084909501e+02 1.367501554665606000e+16
3.592535801923278882e+02 1.367017592160637800e+16
3.595871489761647695e+02 1.366536041591328000e+16
3.599207177600016507e+02 1.366056930128053600e+16
3.602542865438385888e+02 1.365580284503996200e+16
3.605878553276754133e+02 1.365106131012689600e+16
3.609214241115122945e+02 1.364634495505649600e+16
3.612549928953492326e+02 1.364165403390080600e+16
3.615885616791861139e+02 1.363698879626648800e+16
3.619221304630229952e+02 1.363234948727342200e+16
3.622556992468598764e+02 1.362773634753394600e+16
3.625892680306967577e+02 1.362314961313294200e+16
3.629228368145336390e+02 1.361858951560849000e+16
3.632564055983705771e+02 1.361405628193337600e+16
3.635899743822074583e+02 1.360955013449724400e+16
3.639235431660442828e+02 1.360507129108947000e+16
3.642571119498811640e+02 1.360061996488274400e+16
3.645906807337181021e+02 1.359619636441727000e+16
3.649242495175549834e+02 1.359180069358572800e+16
3.652578183013918647e+02 1.358743315161892000e+16
3.655913870852287459e+02 1.358309393307193600e+16
3.659249558690656272e+02 1.357878322781120400e+16
3.662585246529025085e+02 1.357450122100193200e+16
3.665920934367394466e+02 1.357024809309646400e+16
3.669256622205763279e+02 1.356602401982303000e+16
3.672592310044131523e+02 1.356182917217528400e+16
3.675927997882500904e+02 1.355766371640241600e+16
3.679263685720869717e+02 1.355352781399984200e+16
3.682599373559238529e+02 1.354942162170054800e+16
3.685935061397607910e+02 1.354534529146704600e+16
3.689270749235976155e+02 1.354129897048387600e+16
3.692606437074344967e+02 1.353728280115076400e+16
3.695942124912714348e+02 1.353329692107628000e+16
3.699277812751083161e+02 1.352934146307213000e+16
3.702613500589451974e+02 1.352541655514803200e+16
3.705949188427820218e+02 1.352152232050711600e+16
3.709284876266189599e+02 1.351765887754190600e+16
3.712620564104558412e+02 1.351382633983085600e+16
3.715956251942927224e+02 1.351002481613542200e+16
3.719291939781296605e+02 1.350625441039769800e+16
3.722627627619664850e+02 1.350251522173856400e+16
3.725963315458033662e+02 1.349880734445643800e+16
3.729299003296403043e+02 1.349513086802646800e+16
3.732634691134771856e+02 1.349148587710026000e+16
3.735970378973140100e+02 1.348787245150625200e+16
3.739306066811509481e+02 1.348429066625042200e+16
3.742641754649878294e+02 1.348074059151766600e+16
3.745977442488247107e+02 1.347722229267358200e+16
3.749313130326616488e+02 1.347373583026683200e+16
3.752648818164984732e+02 1.347028126003194800e+16
3.755984506003353545e+02 1.346685863289274000e+16
3.759320193841722357e+02 1.346346799496608000e+16
3.762655881680091738e+02 1.346010938756625600e+16
3.765991569518460551e+02 1.345678284720980400e+16
3.769327257356828795e+02 1.345348840562086800e+16
3.772662945195198176e+02 1.345022608973697800e+16
3.775998633033566989e+02 1.344699592171541200e+16
3.779334320871935802e+02 1.344379791893995600e+16
3.782670008710305183e+02 1.344063209402821200e+16
3.786005696548673427e+02 1.343749845483938000e+16
3.789341384387042240e+02 1.343439700448252400e+16
3.792677072225411621e+02 1.343132774132535200e+16
3.796012760063780433e+02 1.342829065900340400e+16
3.799348447902149246e+02 1.342528574642983000e+16
3.802684135740517490e+02 1.342231298780558200e+16
3.806019823578886871e+02 1.341937236263015000e+16
3.809355511417255684e+02 1.341646384571275200e+16
3.812691199255625065e+02 1.341358740718399200e+16
3.816026887093993878e+02 1.341074301250809600e+16
3.819362574932362122e+02 1.340793062249555600e+16
3.822698262770730935e+02 1.340515019331631200e+16
3.826033950609100316e+02 1.340240167651343200e+16
3.829369638447469129e+02 1.339968501901725600e+16
3.832705326285837941e+02 1.339700016316012400e+16
3.836041014124206754e+02 1.339434704669154000e+16
3.839376701962575567e+02 1.339172560279383000e+16
3.842712389800944379e+02 1.338913576009839600e+16
3.846048077639313760e+02 1.338657744270240800e+16
3.849383765477682573e+02 1.338405057018605600e+16
3.852719453316050817e+02 1.338155505763029200e+16
3.856055141154420198e+02 1.337909081563517400e+16
3.859390828992789011e+02 1.337665775033862000e+16
3.862726516831157824e+02 1.337425576343582200e+16
3.866062204669527205e+02 1.337188475219910000e+16
3.869397892507895449e+02 1.336954460949835000e+16
3.872733580346264262e+02 1.336723522382207600e+16
3.876069268184633074e+02 1.336495647929887600e+16
3.879404956023002455e+02 1.336270825571958800e+16
3.882740643861371268e+02 1.336049042855994400e+16
3.886076331699739512e+02 1.335830286900379200e+16
3.889412019538108893e+02 1.335614544396695200e+16
3.892747707376477706e+02 1.335401801612154400e+16
3.896083395214846519e+02 1.335192044392105000e+16
3.899419083053215900e+02 1.334985258162579600e+16
3.902754770891584144e+02 1.334781427932922400e+16
3.906090458729952957e+02 1.334580538298458000e+16
3.909426146568322338e+02 1.334382573443232400e+16
3.912761834406691150e+02 1.334187517142815600e+16
3.916097522245059963e+02 1.333995352767162400e+16
3.919433210083428207e+02 1.333806063283535000e+16
3.922768897921797588e+02 1.333619631259494400e+16
3.926104585760166401e+02 1.333436038865954000e+16
3.929440273598535214e+02 1.333255267880292000e+16
3.932775961436904595e+02 1.333077299689539200e+16
3.936111649275272839e+02 1.332902115293623600e+16
3.939447337113641652e+02 1.332729695308689600e+16
3.942783024952011033e+02 1.332560019970474400e+16
3.946118712790379846e+02 1.332393069137762000e+16
3.949454400628748658e+02 1.332228822295902800e+16
3.952790088467117471e+02 1.332067258560394800e+16
3.956125776305486283e+02 1.331908356680547600e+16
3.959461464143855096e+02 1.331752095043204000e+16
3.962797151982224477e+02 1.331598451676539400e+16
3.966132839820592721e+02 1.331447404253931800e+16
3.969468527658961534e+02 1.331298930097900000e+16
3.972804215497330915e+02 1.331153006184118600e+16
3.976139903335699728e+02 1.331009609145502800e+16
3.979475591174068541e+02 1.330868715276370400e+16
3.982811279012436785e+02 1.330730300536667400e+16
3.986146966850806166e+02 1.330594340556287200e+16
3.989482654689174979e+02 1.330460810639441000e+16
3.992818342527543791e+02 1.330329685769122400e+16
3.996154030365913172e+02 1.330200940611635600e+16
3.999489718204281417e+02 1.330074549521210600e+16
4.002825406042650229e+02 1.329950486544680200e+16
4.006161093881019610e+02 1.329828725426249200e+16
4.009496781719388423e+02 1.329709239612329000e+16
4.012832469557757236e+02 1.329592002256453200e+16
4.016168157396126048e+02 1.329476986224273600e+16
4.019503845234494861e+02 1.329364164098628800e+16
4.022839533072863674e+02 1.329253508184694600e+16
4.026175220911233055e+02 1.329144990515209600e+16
4.029510908749601867e+02 1.329038582855780000e+16
4.032846596587970112e+02 1.328934256710265400e+16
4.036182284426338924e+02 1.328831983326236000e+16
4.039517972264708305e+02 1.328731733700513600e+16
4.042853660103077118e+02 1.328633478584788400e+16
4.046189347941445931e+02 1.328537188491317200e+16
4.049525035779814743e+02 1.328442833698692000e+16
4.052860723618183556e+02 1.328350384257695000e+16
4.056196411456552369e+02 1.328259809997226000e+16
4.059532099294921750e+02 1.328171080530304800e+16
4.062867787133290562e+02 1.328084165260160600e+16
4.066203474971658807e+02 1.327999033386383800e+16
4.069539162810028188e+02 1.327915653911167600e+16
4.072874850648397000e+02 1.327833995645613600e+16
4.076210538486765813e+02 1.327754027216121800e+16
4.079546226325135194e+02 1.327675717070848000e+16
4.082881914163503438e+02 1.327599033486241200e+16
4.086217602001872251e+02 1.327523944573650000e+16
4.089553289840241632e+02 1.327450418286002800e+16
4.092888977678610445e+02 1.327378422424562200e+16
4.096224665516979258e+02 1.327307924645743600e+16
4.099560353355347502e+02 1.327238892468013600e+16
4.102896041193716883e+02 1.327171293278847600e+16
4.106231729032085696e+02 1.327105094341763600e+16
4.109567416870454508e+02 1.327040262803416800e+16
4.112903104708823889e+02 1.326976765700763400e+16
4.116238792547192133e+02 1.326914569968290400e+16
4.119574480385560946e+02 1.326853642445303400e+16
4.122910168223930327e+02 1.326793949883281600e+16
4.126245856062299140e+02 1.326735458953290800e+16
4.129581543900667953e+02 1.326678136253456000e+16
4.132917231739036765e+02 1.326621948316493600e+16
4.136252919577405578e+02 1.326566861617298400e+16
4.139588607415774391e+02 1.326512842580583000e+16
4.142924295254143772e+02 1.326459857588573000e+16
4.146259983092512584e+02 1.326407872988754000e+16
4.149595670930880829e+02 1.326356855101664000e+16
4.152931358769249641e+02 1.326306770228737200e+16
4.156267046607619022e+02 1.326257584660188400e+16
4.159602734445987835e+02 1.326209264682950000e+16
4.162938422284356079e+02 1.326161776588634400e+16
4.166274110122725460e+02 1.326115086681557200e+16
4.169609797961094273e+02 1.326069161286776000e+16
4.172945485799463086e+02 1.326023966758179600e+16
4.176281173637832467e+02 1.325979469486599800e+16
4.179616861476200711e+02 1.325935635907959200e+16
4.182952549314569524e+02 1.325892432511447600e+16
4.186288237152938905e+02 1.325849825847713200e+16
4.189623924991307717e+02 1.325807782537093400e+16
4.192959612829676530e+02 1.325766269277845200e+16
4.196295300668044774e+02 1.325725252854415600e+16
4.199630988506414155e+02 1.325684700145704600e+16
4.202966676344782968e+02 1.325644578133358400e+16
4.206302364183152349e+02 1.325604853910059600e+16
4.209638052021521162e+02 1.325565494687828600e+16
4.212973739859889406e+02 1.325526467806325600e+16
4.216309427698258219e+02 1.325487740741160800e+16
4.219645115536627600e+02 1.325449281112187200e+16
4.222980803374996412e+02 1.325411056691804000e+16
4.226316491213365225e+02 1.325373035413239200e+16
4.229652179051734038e+02 1.325335185378824000e+16
4.232987866890102850e+02 1.325297474868258200e+16
4.236323554728471663e+02 1.325259872346843800e+16
4.239659242566841044e+02 1.325222346473710400e+16
4.242994930405209857e+02 1.325184866110006800e+16
4.246330618243578101e+02 1.325147400327068800e+16
4.249666306081947482e+02 1.325109918414557000e+16
4.253001993920316295e+02 1.325072389888549600e+16
4.256337681758685108e+02 1.325034784499611000e+16
4.259673369597054489e+02 1.324997072240807000e+16
4.263009057435422733e+02 1.324959223355682600e+16
4.266344745273791546e+02 1.324921208346186800e+16
4.269680433112160358e+02 1.324882997980544600e+16
4.273016120950529739e+02 1.324844563301076600e+16
4.276351808788898552e+02 1.324805875631956400e+16
4.279687496627266796e+02 1.324766906586908000e+16
4.283023184465636177e+02 1.324727628076837000e+16
4.286358872304004990e+02 1.324688012317385200e+16
4.289694560142373803e+02 1.324648031836424000e+16
4.293030247980743184e+02 1.324607659481457600e+16
4.296365935819111428e+02 1.324566868426960000e+16
4.299701623657480241e+02 1.324525632181614400e+16
4.303037311495849622e+02 1.324483924595475000e+16
4.306372999334218434e+02 1.324441719867034800e+16
4.309708687172587247e+02 1.324398992550196200e+16
4.313044375010955491e+02 1.324355717561150400e+16
4.316380062849324872e+02 1.324311870185148800e+16
4.319715750687693685e+02 1.324267426083175600e+16
4.323051438526062498e+02 1.324222361298508800e+16
4.326387126364431879e+02 1.324176652263169000e+16
4.329722814202800123e+02 1.324130275804258400e+16
4.333058502041168936e+02 1.324083209150180600e+16
4.336394189879538317e+02 1.324035429936732600e+16
4.339729877717907129e+02 1.323986916213080400e+16
4.343065565556275942e+02 1.323937646447609400e+16
4.346401253394644755e+02 1.323887599533631600e+16
4.349736941233013567e+02 1.323836754794973600e+16
4.353072629071382380e+02 1.323785091991418200e+16
4.356408316909751761e+02 1.323732591324011400e+16
4.359744004748120574e+02 1.323679233440225200e+16
4.363079692586488818e+02 1.323624999438976600e+16
4.366415380424858199e+02 1.323569870875499800e+16
4.369751068263227012e+02 1.323513829766061200e+16
4.373086756101595824e+02 1.323456858592529400e+16
4.376422443939965206e+02 1.323398940306785200e+16
4.379758131778333450e+02 1.323340058334977200e+16
4.383093819616702262e+02 1.323280196581609600e+16
4.386429507455071075e+02 1.323219339433472000e+16
4.389765195293440456e+02 1.323157471763411800e+16
4.393100883131808700e+02 1.323094578933918000e+16
4.396436570970177513e+02 1.323030646800562400e+16
4.399772258808546894e+02 1.322965661715246000e+16
4.403107946646915707e+02 1.322899610529291600e+16
4.406443634485284520e+02 1.322832480596345600e+16
4.409779322323653332e+02 1.322764259775114400e+16
4.413115010162022145e+02 1.322694936431918800e+16
4.416450698000390958e+02 1.322624499443068400e+16
4.419786385838760339e+02 1.322552938197054400e+16
4.423122073677129151e+02 1.322480242596562400e+16
4.426457761515497396e+02 1.322406403060300200e+16
4.429793449353866208e+02 1.322331410524645200e+16
4.433129137192235589e+02 1.322255256445098800e+16
4.436464825030604402e+02 1.322177932797557200e+16
4.439800512868973215e+02 1.322099432079403600e+16
4.443136200707342027e+02 1.322019747310400200e+16
4.446471888545710840e+02 1.321938872033397800e+16
4.449807576384079653e+02 1.321856800314860000e+16
4.453143264222449034e+02 1.321773526745191200e+16
4.456478952060817846e+02 1.321689046438883600e+16
4.459814639899186091e+02 1.321603355034466400e+16
4.463150327737555472e+02 1.321516448694272400e+16
4.466486015575924284e+02 1.321428324104014000e+16
4.469821703414293097e+02 1.321338978472168000e+16
4.473157391252662478e+02 1.321248409529176400e+16
4.476493079091030722e+02 1.321156615526453000e+16
4.479828766929399535e+02 1.321063595235209200e+16
4.483164454767768916e+02 1.320969347945090000e+16
4.486500142606137729e+02 1.320873873462620600e+16
4.489835830444506541e+02 1.320777172109480600e+16
4.493171518282874786e+02 1.320679244720574400e+16
4.496507206121244167e+02 1.320580092641940600e+16
4.499842893959612979e+02 1.320479717728462800e+16
4.503178581797981792e+02 1.320378122341408000e+16
4.506514269636351173e+02 1.320275309345788800e+16
4.509849957474719417e+02 1.320171282107539600e+16
4.513185645313088230e+02 1.320066044490530400e+16
4.516521333151457611e+02 1.319959600853391600e+16
4.519857020989826424e+02 1.319851956046179600e+16
4.523192708828195236e+02 1.319743115406867400e+16
4.526528396666564049e+02 1.319633084757668400e+16
4.529864084504932862e+02 1.319521870401194400e+16
4.533199772343301674e+02 1.319409479116449200e+16
4.536535460181671056e+02 1.319295918154666200e+16
4.539871148020039868e+02 1.319181195234978800e+16
4.543206835858408112e+02 1.319065318539947000e+16
4.546542523696776925e+02 1.318948296710918400e+16
4.549878211535146306e+02 1.318830138843248000e+16
4.553213899373515119e+02 1.318710854481365400e+16
4.556549587211883932e+02 1.318590453613699000e+16
4.559885275050252744e+02 1.318468946667456800e+16
4.563220962888621557e+02 1.318346344503270800e+16
4.566556650726990370e+02 1.318222658409705200e+16
4.569892338565359751e+02 1.318097900097626200e+16
4.573228026403728563e+02 1.317972081694454400e+16
4.576563714242096808e+02 1.317845215738278400e+16
4.579899402080466189e+02 1.317717315171854400e+16
4.583235089918835001e+02 1.317588393336483400e+16
4.586570777757203814e+02 1.317458463965769600e+16
4.589906465595572058e+02 1.317327541179274000e+16
4.593242153433941439e+02 1.317195639476053000e+16
4.596577841272310252e+02 1.317062773728093600e+16
4.599913529110679633e+02 1.316928959173645200e+16
4.603249216949048446e+02 1.316794211410461400e+16
4.606584904787416690e+02 1.316658546388936000e+16
4.609920592625785503e+02 1.316521980405159600e+16
4.613256280464154884e+02 1.316384530093883200e+16
4.616591968302523696e+02 1.316246212421401200e+16
4.619927656140892509e+02 1.316107044678353600e+16
4.623263343979261322e+02 1.315967044472459600e+16
4.626599031817630134e+02 1.315826229721174800e+16
4.629934719655998947e+02 1.315684618644279800e+16
4.633270407494368328e+02 1.315542229756409800e+16
4.636606095332737141e+02 1.315399081859525600e+16
4.639941783171105385e+02 1.315255194035323600e+16
4.643277471009474766e+02 1.315110585637604400e+16
4.646613158847843579e+02 1.314965276284579200e+16
4.649948846686212391e+02 1.314819285851149400e+16
4.653284534524581773e+02 1.314672634461134800e+16
4.656620222362950017e+02 1.314525342479472000e+16
4.659955910201318829e+02 1.314377430504379600e+16
4.663291598039687642e+02 1.314228919359492800e+16
4.666627285878057023e+02 1.314079830085982000e+16
4.669962973716425836e+02 1.313930183934642400e+16
4.673298661554794080e+02 1.313780002357973200e+16
4.676634349393163461e+02 1.313629307002244400e+16
4.679970037231532274e+02 1.313478119699551600e+16
4.683305725069901086e+02 1.313326462459868800e+16
4.686641412908270468e+02 1.313174357463101200e+16
4.689977100746638712e+02 1.313021827051138800e+16
4.693312788585007524e+02 1.312868893719918600e+16
4.696648476423376906e+02 1.312715580111490200e+16
4.699984164261745718e+02 1.312561909006106600e+16
4.703319852100114531e+02 1.312407903314322600e+16
4.706655539938482775e+02 1.312253586069117600e+16
4.709991227776852156e+02 1.312098980418045200e+16
4.713326915615220969e+02 1.311944109615403400e+16
4.716662603453589782e+02 1.311788997014442000e+16
4.719998291291959163e+02 1.311633666059601000e+16
4.723333979130327407e+02 1.311478140278790600e+16
4.726669666968696220e+02 1.311322443275707600e+16
4.730005354807065601e+02 1.311166598722195200e+16
4.733341042645434413e+02 1.311010630350654200e+16
4.736676730483803226e+02 1.310854561946501400e+16
4.740012418322172039e+02 1.310698417340679000e+16
4.743348106160540851e+02 1.310542220402227000e+16
4.746683793998909664e+02 1.310385995030903800e+16
4.750019481837279045e+02 1.310229765149875200e+16
4.753355169675647858e+02 1.310073554698469400e+16
4.756690857514016102e+02 1.309917387624990400e+16
4.760026545352385483e+02 1.309761287879609600e+16
4.763362233190754296e+02 1.309605279407322000e+16
4.766697921029123108e+02 1.309449386140981000e+16
4.770033608867492489e+02 1.309293631994411200e+16
4.773369296705860734e+02 1.309138040855594000e+16
4.776704984544229546e+02 1.308982636579937200e+16
4.780040672382598359e+02 1.308827442983630000e+16
4.783376360220967740e+02 1.308672483837081600e+16
4.786712048059336553e+02 1.308517782858444400e+16
4.790047735897704797e+02 1.308363363707231200e+16
4.793383423736074178e+02 1.308209249978020000e+16
4.796719111574442991e+02 1.308055465194249600e+16
4.800054799412811803e+02 1.307902032802116600e+16
4.803390487251181185e+02 1.307748976164558800e+16
4.806726175089549429e+02 1.307596318555347200e+16
4.810061862927918241e+02 1.307444083153266000e+16
4.813397550766287623e+02 1.307292293036400000e+16
4.816733238604656435e+02 1.307140971176522000e+16
4.820068926443024679e+02 1.306990140433580800e+16
4.823404614281393492e+02 1.306839823550297600e+16
4.826740302119762873e+02 1.306690043146862400e+16
4.830075989958131686e+02 1.306540821715744000e+16
4.833411677796500499e+02 1.306392181616594800e+16
4.836747365634869311e+02 1.306244145071276800e+16
4.840083053473238124e+02 1.306096734158990200e+16
4.843418741311606937e+02 1.305949970811508400e+16
4.846754429149976318e+02 1.305803876808532000e+16
4.850090116988345130e+02 1.305658473773141200e+16
4.853425804826713374e+02 1.305513783167372800e+16
4.856761492665082756e+02 1.305369826287899200e+16
4.860097180503451568e+02 1.305226624261820400e+16
4.863432868341820381e+02 1.305084198042576200e+16
4.866768556180189762e+02 1.304942568405960600e+16
4.870104244018558006e+02 1.304801755946254400e+16
4.873439931856926819e+02 1.304661781072472800e+16
4.876775619695296200e+02 1.304522664004720400e+16
4.880111307533665013e+02 1.304384424770660000e+16
4.883446995372033825e+02 1.304247083202100200e+16
4.886782683210402070e+02 1.304110658931688000e+16
4.890118371048771451e+02 1.303975171389720200e+16
4.893454058887140263e+02 1.303840639801060800e+16
4.896789746725509076e+02 1.303707083182175600e+16
4.900125434563878457e+02 1.303574520338277200e+16
4.903461122402246701e+02 1.303442969860576600e+16
4.906796810240615514e+02 1.303312450123653600e+16
4.910132498078984895e+02 1.303182979282929000e+16
4.913468185917353708e+02 1.303054575272251400e+16
4.916803873755722520e+02 1.302927255801594200e+16
4.920139561594091333e+02 1.302801038354851200e+16
4.923475249432460146e+02 1.302675940187753600e+16
4.926810937270828958e+02 1.302551978325882800e+16
4.930146625109198339e+02 1.302429169562794000e+16
4.933482312947567152e+02 1.302307530458239200e+16
4.936818000785935396e+02 1.302187077336507800e+16
4.940153688624304209e+02 1.302067826284852000e+16
4.943489376462673590e+02 1.301949793152024800e+16
4.946825064301042403e+02 1.301832993546922800e+16
4.950160752139411215e+02 1.301717442837316200e+16
4.953496439977780028e+02 1.301603156148690400e+16
4.956832127816148841e+02 1.301490148363174600e+16
4.960167815654517653e+02 1.301378434118578400e+16
4.963503503492887035e+02 1.301268027807510400e+16
4.966839191331255847e+02 1.301158943576601200e+16
4.970174879169624091e+02 1.301051195325816000e+16
4.973510567007993473e+02 1.300944796707856200e+16
4.976846254846362285e+02 1.300839761127651000e+16
4.980181942684731098e+02 1.300736101741942400e+16
4.983517630523100479e+02 1.300633831458954800e+16
4.986853318361468723e+02 1.300532962938145200e+16
4.990189006199837536e+02 1.300433508590046400e+16
4.993524694038206917e+02 1.300335480576188000e+16
4.996860381876575730e+02 1.300238890809098400e+16
5.000196069714944542e+02 1.300143750952388400e+16
5.003531757553312787e+02 1.300050072420912000e+16
5.006867445391682168e+02 1.299957866381008800e+16
5.010203133230050980e+02 1.299867143750807400e+16
5.013538821068419793e+02 1.299777915200622000e+16
5.016874508906788606e+02 1.299690191153402800e+16
5.020210196745157418e+02 1.299603981785271200e+16
5.023545884583526231e+02 1.299519297026111600e+16
5.026881572421895612e+02 1.299436146560238000e+16
5.030217260260264425e+02 1.299354539827124400e+16
5.033552948098632669e+02 1.299274486022193800e+16
5.036888635937002050e+02 1.299195994097679400e+16
5.040224323775370863e+02 1.299119072763533400e+16
5.043560011613739675e+02 1.299043730488403200e+16
5.046895699452109056e+02 1.298969975500663200e+16
5.050231387290477301e+02 1.298897815789497600e+16
5.053567075128846113e+02 1.298827259106040000e+16
5.056902762967214926e+02 1.298758312964566200e+16
5.060238450805584307e+02 1.298690984643731200e+16
5.063574138643953120e+02 1.298625281187858000e+16
5.066909826482321364e+02 1.298561209408275200e+16
5.070245514320690745e+02 1.298498775884695200e+16
5.073581202159059558e+02 1.298437986966634600e+16
5.076916889997428370e+02 1.298378848774882000e+16
5.080252577835797752e+02 1.298321367202998600e+16
5.083588265674165996e+02 1.298265547918859200e+16
5.086923953512534808e+02 1.298211396366232000e+16
5.090259641350904189e+02 1.298158917766388000e+16
5.093595329189273002e+02 1.298108117119745600e+16
5.096931017027641815e+02 1.298058999207545600e+16
5.100266704866010059e+02 1.298011568593556000e+16
5.103602392704379440e+02 1.297965829625805000e+16
5.106938080542748253e+02 1.297921786438336800e+16
5.110273768381117634e+02 1.297879442952994800e+16
5.113609456219486447e+02 1.297838802881226000e+16
5.116945144057854691e+02 1.297799869725907600e+16
5.120280831896224072e+02 1.297762646783191200e+16
5.123616519734592885e+02 1.297727137144361200e+16
5.126952207572961697e+02 1.297693343697720000e+16
5.130287895411330510e+02 1.297661269130476400e+16
5.133623583249699323e+02 1.297630915930653600e+16
5.136959271088068135e+02 1.297602286389002200e+16
5.140294958926436948e+02 1.297575382600930800e+16
5.143630646764805761e+02 1.297550206468440000e+16
5.146966334603174573e+02 1.297526759702061200e+16
5.150302022441543386e+02 1.297505043822805400e+16
5.153637710279912199e+02 1.297485060164112000e+16
5.156973398118281011e+02 1.297466809873801600e+16
5.160309085956650961e+02 1.297450293916027000e+16
5.163644773795019773e+02 1.297435513073229400e+16
5.166980461633387449e+02 1.297422467948081200e+16
5.170316149471757399e+02 1.297411158965440800e+16
5.173651837310126211e+02 1.297401586374285600e+16
5.176987525148495024e+02 1.297393750249651200e+16
5.180323212986863837e+02 1.297387650494559200e+16
5.183658900825232649e+02 1.297383286841931600e+16
5.186994588663601462e+02 1.297380658856503800e+16
5.190330276501970275e+02 1.297379765936715200e+16
5.193665964340339087e+02 1.297380607316596200e+16
5.197001652178707900e+02 1.297383182067637800e+16
5.200337340017076713e+02 1.297387489100642200e+16
5.203673027855445525e+02 1.297393527167566000e+16
5.207008715693814338e+02 1.297401294863333000e+16
5.210344403532183151e+02 1.297410790627642400e+16
5.213680091370553100e+02 1.297422012746745000e+16
5.217015779208920776e+02 1.297434959355206800e+16
5.220351467047289589e+02 1.297449628437648000e+16
5.223687154885659538e+02 1.297466017830453200e+16
5.227022842724028351e+02 1.297484125223468800e+16
5.230358530562397164e+02 1.297503948161666400e+16
5.233694218400765976e+02 1.297525484046782400e+16
5.237029906239134789e+02 1.297548730138934200e+16
5.240365594077503602e+02 1.297573683558203200e+16
5.243701281915872414e+02 1.297600341286193400e+16
5.247036969754241227e+02 1.297628700167555600e+16
5.250372657592610040e+02 1.297658756911490000e+16
5.253708345430978852e+02 1.297690508093208600e+16
5.257044033269347665e+02 1.297723950155366800e+16
5.260379721107716477e+02 1.297759079409470800e+16
5.263715408946085290e+02 1.297795892037239600e+16
5.267051096784454103e+02 1.297834384091942800e+16
5.270386784622822915e+02 1.297874551499698800e+16
5.273722472461191728e+02 1.297916390060738000e+16
5.277058160299561678e+02 1.297959895450631800e+16
5.280393848137929353e+02 1.298005063221483000e+16
5.283729535976298166e+02 1.298051888803082800e+16
5.287065223814668116e+02 1.298100367504027600e+16
5.290400911653036928e+02 1.298150494512793000e+16
5.293736599491405741e+02 1.298202264898783800e+16
5.297072287329773417e+02 1.298255673613325600e+16
5.300407975168143366e+02 1.298310715490637600e+16
5.303743663006512179e+02 1.298367385248750400e+16
5.307079350844880992e+02 1.298425677490386400e+16
5.310415038683249804e+02 1.298485586703813400e+16
5.313750726521618617e+02 1.298547107263634000e+16
5.317086414359987430e+02 1.298610233431558800e+16
5.320422102198356242e+02 1.298674959357121600e+16
5.323757790036725055e+02 1.298741279078362800e+16
5.327093477875093868e+02 1.298809186522463000e+16
5.330429165713462680e+02 1.298878675506347400e+16
5.333764853551831493e+02 1.298949739737240400e+16
5.337100541390200306e+02 1.299022372813174000e+16
5.340436229228570255e+02 1.299096568223472200e+16
5.343771917066939068e+02 1.299172319349171600e+16
5.347107604905306744e+02 1.299249619463421400e+16
5.350443292743676693e+02 1.299328461731826400e+16
5.353778980582045506e+02 1.299408839212754600e+16
5.357114668420414318e+02 1.299490744857611400e+16
5.360450356258783131e+02 1.299574171511053600e+16
5.363786044097151944e+02 1.299659111911182800e+16
5.367121731935520756e+02 1.299745558689690400e+16
5.370457419773889569e+02 1.299833504371953600e+16
5.373793107612258382e+02 1.299922941377105600e+16
5.377128795450627194e+02 1.300013862018059200e+16
5.380464483288996007e+02 1.300106258501487600e+16
5.383800171127364820e+02 1.300200122927777200e+16
5.387135858965733632e+02 1.300295447290923400e+16
5.390471546804102445e+02 1.300392223478410800e+16
5.393807234642472395e+02 1.300490443271033600e+16
5.397142922480840070e+02 1.300590098342696800e+16
5.400478610319208883e+02 1.300691180260168000e+16
5.403814298157578833e+02 1.300793680482799200e+16
5.407149985995947645e+02 1.300897590362207200e+16
5.410485673834316458e+02 1.301002901141928400e+16
5.413821361672684134e+02 1.301109603957028600e+16
5.417157049511054083e+02 1.301217689833686000e+16
5.420492737349422896e+02 1.301327149688736000e+16
5.423828425187791709e+02 1.301437974329184800e+16
5.427164113026160521e+02 1.301550154451694600e+16
5.430499800864529334e+02 1.301663680642032800e+16
5.433835488702898147e+02 1.301778543374492200e+16
5.437171176541266959e+02 1.301894733011282600e+16
5.440506864379635772e+02 1.302012239801894400e+16
5.443842552218004585e+02 1.302131053882425600e+16
5.447178240056373397e+02 1.302251165274901200e+16
5.450513927894742210e+02 1.302372563886542400e+16
5.453849615733111023e+02 1.302495239509026000e+16
5.457185303571480972e+02 1.302619181817716400e+16
5.460520991409848648e+02 1.302744380370869200e+16
5.463856679248217461e+02 1.302870824608819600e+16
5.467192367086587410e+02 1.302998503853144800e+16
5.470528054924956223e+02 1.303127407305804000e+16
5.473863742763325035e+02 1.303257524048263200e+16
5.477199430601692711e+02 1.303388843040601000e+16
5.480535118440062661e+02 1.303521353120594400e+16
5.483870806278431473e+02 1.303655043002791200e+16
5.487206494116800286e+02 1.303789901277563200e+16
5.490542181955169099e+02 1.303925916410150800e+16
5.493877869793537911e+02 1.304063076739691400e+16
5.497213557631906724e+02 1.304201370478236800e+16
5.500549245470275537e+02 1.304340785709759200e+16
5.503884933308644349e+02 1.304481310389151200e+16
5.507220621147013162e+02 1.304622932341210800e+16
5.510556308985381975e+02 1.304765639259629000e+16
5.513891996823750787e+02 1.304909418705967000e+16
5.517227684662119600e+02 1.305054258108623200e+16
5.520563372500489550e+02 1.305200144761810000e+16
5.523899060338858362e+02 1.305347065824518600e+16
5.527234748177226038e+02 1.305495008319486800e+16
5.530570436015594851e+02 1.305643959132170600e+16
5.533906123853964800e+02 1.305793905009710000e+16
5.537241811692333613e+02 1.305944832559910400e+16
5.540577499530702426e+02 1.306096728250218000e+16
5.543913187369071238e+02 1.306249578406705600e+16
5.547248875207440051e+02 1.306403369213066800e+16
5.550584563045808864e+02 1.306558086709625600e+16
5.553920250884177676e+02 1.306713716792339000e+16
5.557255938722546489e+02 1.306870245211829600e+16
5.560591626560915302e+02 1.307027657572424600e+16
5.563927314399284114e+02 1.307185939331207000e+16
5.567263002237652927e+02 1.307345075797088800e+16
5.570598690076021740e+02 1.307505052129895200e+16
5.573934377914391689e+02 1.307665853339476600e+16
5.577270065752759365e+02 1.307827464284828600e+16
5.580605753591128178e+02 1.307989869673252000e+16
5.583941441429498127e+02 1.308153054059517000e+16
5.587277129267866940e+02 1.308317001845066400e+16
5.590612817106235752e+02 1.308481697277240000e+16
5.593948504944603428e+02 1.308647124448523200e+16
5.597284192782973378e+02 1.308813267295839000e+16
5.600619880621342190e+02 1.308980109599847200e+16
5.603955568459711003e+02 1.309147634984302400e+16
5.607291256298079816e+02 1.309315826915425600e+16
5.610626944136448628e+02 1.309484668701322000e+16
5.613962631974817441e+02 1.309654143491429600e+16
5.617298319813186254e+02 1.309824234276013200e+16
5.620634007651555066e+02 1.309994923885689000e+16
5.623969695489923879e+02 1.310166194990996000e+16
5.627305383328292692e+02 1.310338030102009800e+16
5.630641071166661504e+02 1.310510411568000800e+16
5.633976759005030317e+02 1.310683321577132800e+16
5.637312446843400267e+02 1.310856742156211400e+16
5.640648134681769079e+02 1.311030655170489600e+16
5.643983822520136755e+02 1.311205042323503600e+16
5.647319510358505568e+02 1.311379885156979000e+16
5.650655198196875517e+02 1.311555165050776800e+16
5.653990886035244330e+02 1.311730863222900000e+16
5.657326573873613142e+02 1.311906960729553000e+16
5.660662261711981955e+02 1.312083438465254000e+16
5.663997949550350768e+02 1.312260277163015200e+16
5.667333637388719580e+02 1.312437457394567600e+16
5.670669325227088393e+02 1.312614959570661800e+16
5.674005013065457206e+02 1.312792763941419000e+16
5.677340700903826018e+02 1.312970850596746800e+16
5.680676388742194831e+02 1.313149199466828000e+16
5.684012076580563644e+02 1.313327790322658000e+16
5.687347764418932456e+02 1.313506602776670800e+16
5.690683452257301269e+02 1.313685616283411800e+16
5.694019140095670082e+02 1.313864810140288600e+16
5.697354827934038894e+02 1.314044163488396800e+16
5.700690515772408844e+02 1.314223655313409600e+16
5.704026203610777657e+02 1.314403264446539000e+16
5.707361891449145332e+02 1.314582969565575800e+16
5.710697579287514145e+02 1.314762749196000400e+16
5.714033267125884095e+02 1.314942581712168400e+16
5.717368954964252907e+02 1.315122445338574800e+16
5.720704642802621720e+02 1.315302318151192800e+16
5.724040330640990533e+02 1.315482178078891400e+16
5.727376018479359345e+02 1.315662002904932000e+16
5.730711706317728158e+02 1.315841770268547400e+16
5.734047394156096971e+02 1.316021457666593600e+16
5.737383081994465783e+02 1.316201042455293400e+16
5.740718769832834596e+02 1.316380501852050400e+16
5.744054457671203409e+02 1.316559812937356400e+16
5.747390145509572221e+02 1.316738952656776800e+16
5.750725833347941034e+02 1.316917897823016000e+16
5.754061521186310983e+02 1.317096625118077600e+16
5.757397209024678659e+02 1.317275111095496600e+16
5.760732896863047472e+02 1.317453332182669800e+16
5.764068584701416285e+02 1.317631264683263200e+16
5.767404272539786234e+02 1.317808884779708800e+16
5.770739960378155047e+02 1.317986168535786400e+16
5.774075648216522723e+02 1.318163091899296800e+16
5.777411336054892672e+02 1.318339630704815600e+16
5.780747023893261485e+02 1.318515760676540000e+16
5.784082711731630297e+02 1.318691457431218000e+16
5.787418399569999110e+02 1.318866696481170600e+16
5.790754087408367923e+02 1.319041453237397400e+16
5.794089775246736735e+02 1.319215703012771400e+16
5.797425463085105548e+02 1.319389421025323400e+16
5.800761150923474361e+02 1.319562582401607600e+16
5.804096838761843173e+02 1.319735162180164600e+16
5.807432526600211986e+02 1.319907135315060200e+16
5.810768214438580799e+02 1.320078476679521200e+16
5.814103902276949611e+02 1.320249161069651600e+16
5.817439590115319561e+02 1.320419163208236800e+16
5.820775277953688374e+02 1.320588457748634000e+16
5.824110965792056049e+02 1.320757019278745200e+16
5.827446653630424862e+02 1.320924822325086000e+16
5.830782341468794812e+02 1.321091841356916000e+16
5.834118029307163624e+02 1.321258050790478000e+16
5.837453717145532437e+02 1.321423424993307600e+16
5.840789404983901250e+02 1.321587938288619800e+16
5.844125092822270062e+02 1.321751564959790200e+16
5.847460780660638875e+02 1.321914279254907200e+16
5.850796468499007688e+02 1.322076055391402800e+16
5.854132156337376500e+02 1.322236867560769800e+16
5.857467844175745313e+02 1.322396689933348000e+16
5.860803532014114126e+02 1.322555496663197200e+16
5.864139219852482938e+02 1.322713261893027200e+16
5.867474907690851751e+02 1.322869959759221600e+16
5.870810595529220564e+02 1.323025564396925000e+16
5.874146283367590513e+02 1.323180049945196000e+16
5.877481971205958189e+02 1.323333390552240800e+16
5.880817659044327002e+02 1.323485560380709600e+16
5.884153346882696951e+02 1.323636533613057000e+16
5.887489034721064627e+02 1.323786284456976400e+16
5.890824722559434576e+02 1.323934787150884000e+16
5.894160410397803389e+02 1.324082015969480800e+16
5.897496098236171065e+02 1.324227945229363200e+16
5.900831786074541014e+02 1.324372549294694000e+16
5.904167473912909827e+02 1.324515802582933000e+16
5.907503161751278640e+02 1.324657679570618400e+16
5.910838849589647452e+02 1.324798154799203600e+16
5.914174537428015128e+02 1.324937202880940400e+16
5.917510225266385078e+02 1.325074798504816200e+16
5.920845913104753890e+02 1.325210916442530600e+16
5.924181600943123840e+02 1.325345531554518800e+16
5.927517288781491516e+02 1.325478618796019200e+16
5.930852976619860328e+02 1.325610153223176800e+16
5.934188664458229141e+02 1.325740109999185800e+16
5.937524352296597954e+02 1.325868464400461800e+16
5.940860040134967903e+02 1.325995191822853200e+16
5.944195727973335579e+02 1.326120267787876000e+16
5.947531415811704392e+02 1.326243667948981200e+16
5.950867103650074341e+02 1.326365368097842800e+16
5.954202791488442017e+02 1.326485344170664200e+16
5.957538479326811967e+02 1.326603572254514200e+16
5.960874167165180779e+02 1.326720028593667200e+16
5.964209855003548455e+02 1.326834689595967200e+16
5.967545542841918405e+02 1.326947531839197600e+16
5.970881230680287217e+02 1.327058532077454000e+16
5.974216918518656030e+02 1.327167667247537200e+16
5.977552606357024843e+02 1.327274914475332200e+16
5.980888294195393655e+02 1.327380251082194800e+16
5.984223982033762468e+02 1.327483654591334000e+16
5.987559669872131280e+02 1.327585102734188600e+16
5.990895357710501230e+02 1.327684573456789600e+16
5.994231045548868906e+02 1.327782044926114000e+16
5.997566733387237718e+02 1.327877495536426400e+16
6.000902421225607668e+02 1.327970903915591800e+16
6.004238109063975344e+02 1.328062248931373800e+16
6.007573796902345293e+02 1.328151509697714000e+16
6.010909484740714106e+02 1.328238665580965600e+16
6.014245172579081782e+02 1.328323696206115200e+16
6.017580860417451731e+02 1.328406581462961200e+16
6.020916548255820544e+02 1.328487301512251200e+16
6.024252236094189357e+02 1.328565836791792400e+16
6.027587923932558169e+02 1.328642168022500400e+16
6.030923611770925845e+02 1.328716276214420400e+16
6.034259299609295795e+02 1.328788142672685600e+16
6.037594987447664607e+02 1.328857749003429800e+16
6.040930675286034557e+02 1.328925077119636600e+16
6.044266363124402233e+02 1.328990109246941000e+16
6.047602050962771045e+02 1.329052827929359800e+16
6.050937738801139858e+02 1.329113216034963000e+16
6.054273426639508671e+02 1.329171256761469600e+16
6.057609114477878620e+02 1.329226933641785800e+16
6.060944802316246296e+02 1.329280230549451200e+16
6.064280490154615109e+02 1.329331131704025200e+16
6.067616177992985058e+02 1.329379621676386400e+16
6.070951865831352734e+02 1.329425685393943600e+16
6.074287553669722683e+02 1.329469308145775600e+16
6.077623241508091496e+02 1.329510475587666400e+16
6.080958929346459172e+02 1.329549173747063600e+16
6.084294617184829121e+02 1.329585389027933400e+16
6.087630305023197934e+02 1.329619108215522000e+16
6.090965992861566747e+02 1.329650318481020800e+16
6.094301680699935559e+02 1.329679007386125200e+16
6.097637368538304372e+02 1.329705162887493400e+16
6.100973056376673185e+02 1.329728773341096600e+16
6.104308744215041997e+02 1.329749827506455000e+16
6.107644432053411947e+02 1.329768314550775600e+16
6.110980119891779623e+02 1.329784224052961600e+16
6.114315807730148435e+02 1.329797546007511600e+16
6.117651495568518385e+02 1.329808270828305000e+16
6.120987183406886061e+02 1.329816389352259200e+16
6.124322871245256010e+02 1.329821892842869200e+16
6.127658559083624823e+02 1.329824772993620400e+16
6.130994246921992499e+02 1.329825021931277800e+16
6.134329934760362448e+02 1.329822632219043400e+16
6.137665622598731261e+02 1.329817596859583600e+16
6.141001310437100074e+02 1.329809909297934200e+16
6.144336998275468886e+02 1.329799563424252000e+16
6.147672686113836562e+02 1.329786553576456200e+16
6.151008373952206512e+02 1.329770874542714200e+16
6.154344061790575324e+02 1.329752521563800000e+16
6.157679749628945274e+02 1.329731490335307000e+16
6.161015437467312950e+02 1.329707777009728000e+16
6.164351125305681762e+02 1.329681378198388400e+16
6.167686813144050575e+02 1.329652290973235600e+16
6.171022500982419388e+02 1.329620512868492000e+16
6.174358188820789337e+02 1.329586041882162400e+16
6.177693876659157013e+02 1.329548876477382600e+16
6.181029564497525826e+02 1.329509015583647600e+16
6.184365252335895775e+02 1.329466458597871800e+16
6.187700940174263451e+02 1.329421205385309000e+16
6.191036628012633400e+02 1.329373256280335000e+16
6.194372315851002213e+02 1.329322612087065200e+16
6.197708003689369889e+02 1.329269274079838400e+16
6.201043691527739838e+02 1.329213244003550400e+16
6.204379379366108651e+02 1.329154524073831600e+16
6.207715067204476327e+02 1.329093116977088000e+16
6.211050755042846276e+02 1.329029025870388400e+16
6.214386442881215089e+02 1.328962254381202000e+16
6.217722130719583902e+02 1.328892806606996800e+16
6.221057818557952714e+02 1.328820687114683400e+16
6.224393506396321527e+02 1.328745900939916200e+16
6.227729194234690340e+02 1.328668453586252000e+16
6.231064882073059152e+02 1.328588351024155200e+16
6.234400569911429102e+02 1.328505599689868400e+16
6.237736257749796778e+02 1.328420206484135200e+16
6.241071945588165590e+02 1.328332178770777600e+16
6.244407633426535540e+02 1.328241524375142800e+16
6.247743321264903216e+02 1.328148251582395200e+16
6.251079009103273165e+02 1.328052369135681000e+16
6.254414696941641978e+02 1.327953886234150800e+16
6.257750384780009654e+02 1.327852812530849800e+16
6.261086072618379603e+02 1.327749158130462800e+16
6.264421760456747279e+02 1.327642933586940000e+16
6.267757448295117229e+02 1.327534149900979600e+16
6.271093136133486041e+02 1.327422818517390400e+16
6.274428823971853717e+02 1.327308951322314800e+16
6.277764511810223667e+02 1.327192560640337600e+16
6.281100199648592479e+02 1.327073659231459600e+16
6.284435887486961292e+02 1.326952260287957200e+16
6.287771575325330105e+02 1.326828377431116800e+16
6.291107263163698917e+02 1.326702024707851400e+16
6.294442951002067730e+02 1.326573216587202400e+16
6.297778638840436543e+02 1.326441967956726400e+16
6.301114326678806492e+02 1.326308294118772400e+16
6.304450014517174168e+02 1.326172210786643000e+16
6.307785702355542981e+02 1.326033734080664200e+16
6.311121390193912930e+02 1.325892880524126400e+16
6.314457078032280606e+02 1.325749667039149600e+16
6.317792765870650555e+02 1.325604110942431200e+16
6.321128453709019368e+02 1.325456229940901400e+16
6.324464141547387044e+02 1.325306042127291400e+16
6.327799829385756993e+02 1.325153565975598800e+16
6.331135517224125806e+02 1.324998820336473200e+16
6.334471205062494619e+02 1.324841824432514800e+16
6.337806892900863431e+02 1.324682597853480000e+16
6.341142580739232244e+02 1.324521160551421600e+16
6.344478268577601057e+02 1.324357532835743600e+16
6.347813956415969869e+02 1.324191735368174800e+16
6.351149644254339819e+02 1.324023789157685800e+16
6.354485332092707495e+02 1.323853715555324400e+16
6.357821019931076307e+02 1.323681536248990400e+16
6.361156707769446257e+02 1.323507273258148000e+16
6.364492395607813933e+02 1.323330948928472000e+16
6.367828083446183882e+02 1.323152585926450400e+16
6.371163771284552695e+02 1.322972207233914000e+16
6.374499459122920371e+02 1.322789836142533200e+16
6.377835146961290320e+02 1.322605496248256200e+16
6.381170834799657996e+02 1.322419211445702800e+16
6.384506522638027946e+02 1.322231005922520600e+16
6.387842210476396758e+02 1.322040904153697200e+16
6.391177898314764434e+02 1.321848930895841800e+16
6.394513586153134383e+02 1.321655111181428400e+16
6.397849273991503196e+02 1.321459470313012600e+16
6.401184961829872009e+02 1.321262033857415600e+16
6.404520649668240821e+02 1.321062827639894800e+16
6.407856337506609634e+02 1.320861877738281600e+16
6.411192025344978447e+02 1.320659210477109400e+16
6.414527713183347259e+02 1.320454852421715400e+16
6.417863401021717209e+02 1.320248830372348400e+16
6.421199088860084885e+02 1.320041171358243600e+16
6.424534776698453697e+02 1.319831902631710000e+16
6.427870464536823647e+02 1.319621051662203600e+16
6.431206152375191323e+02 1.319408646130400000e+16
6.434541840213561272e+02 1.319194713922272800e+16
6.437877528051930085e+02 1.318979283123170400e+16
6.441213215890297761e+02 1.318762382011905000e+16
6.444548903728667710e+02 1.318544039054845200e+16
6.447884591567036523e+02 1.318324282900026400e+16
6.451220279405405336e+02 1.318103142371272400e+16
6.454555967243774148e+02 1.317880646462332000e+16
6.457891655082142961e+02 1.317656824331042400e+16
6.461227342920511774e+02 1.317431705293502000e+16
6.464563030758880586e+02 1.317205318818285200e+16
6.467898718597250536e+02 1.316977694520664600e+16
6.471234406435618212e+02 1.316748862156876000e+16
6.474570094273987024e+02 1.316518851618407600e+16
6.477905782112356974e+02 1.316287692926327400e+16
6.481241469950724650e+02 1.316055416225637600e+16
6.484577157789094599e+02 1.315822051779680200e+16
6.487912845627463412e+02 1.315587629964564200e+16
6.491248533465831088e+02 1.315352181263652000e+16
6.494584221304201037e+02 1.315115736262079200e+16
6.497919909142568713e+02 1.314878325641318800e+16
6.501255596980938662e+02 1.314639980173799200e+16
6.504591284819307475e+02 1.314400730717563600e+16
6.507926972657675151e+02 1.314160608210988800e+16
6.511262660496045100e+02 1.313919643667547000e+16
6.514598348334413913e+02 1.313677868170624800e+16
6.517934036172782726e+02 1.313435312868403400e+16
6.521269724011151538e+02 1.313192008968783600e+16
6.524605411849520351e+02 1.312947987734382200e+16
6.527941099687889164e+02 1.312703280477578000e+16
6.531276787526257976e+02 1.312457918555621200e+16
6.534612475364627926e+02 1.312211933365810000e+16
6.537948163202995602e+02 1.311965356340722000e+16
6.541283851041364414e+02 1.311718218943517000e+16
6.544619538879734364e+02 1.311470552663304200e+16
6.547955226718102040e+02 1.311222389010569400e+16
6.551290914556471989e+02 1.310973759512680800e+16
6.554626602394840802e+02 1.310724695709449000e+16
6.557962290233208478e+02 1.310475229148775200e+16
6.561297978071578427e+02 1.310225391382348000e+16
6.564633665909947240e+02 1.309975213961424800e+16
6.567969353748316053e+02 1.309724728432685000e+16
6.571305041586684865e+02 1.309473966334142200e+16
6.574640729425053678e+02 1.309222959191148000e+16
6.577976417263422491e+02 1.308971738512451200e+16
6.581312105101791303e+02 1.308720335786337000e+16
6.584647792940161253e+02 1.308468782476849600e+16
6.587983480778528929e+02 1.308217110020070800e+16
6.591319168616897741e+02 1.307965349820488400e+16
6.594654856455267691e+02 1.307713533247430400e+16
6.597990544293635367e+02 1.307461691631576400e+16
6.601326232132005316e+02 1.307209856261552400e+16
6.604661919970374129e+02 1.306958058380580200e+16
6.607997607808741805e+02 1.306706329183229200e+16
6.611333295647111754e+02 1.306454699812218800e+16
6.614668983485479430e+02 1.306203201355308800e+16
6.618004671323848243e+02 1.305951864842266400e+16
6.621340359162218192e+02 1.305700721241899200e+16
6.624676047000585868e+02 1.305449801459169200e+16
6.628011734838955817e+02 1.305199136332382400e+16
6.631347422677324630e+02 1.304948756630443600e+16
6.634683110515692306e+02 1.304698693050199600e+16
6.638018798354062255e+02 1.304448976213840600e+16
6.641354486192431068e+02 1.304199636666385600e+16
6.644690174030799881e+02 1.303950704873240000e+16
6.648025861869168693e+02 1.303702211217810600e+16
6.651361549707537506e+02 1.303454185999217600e+16
6.654697237545906319e+02 1.303206659430056400e+16
6.658032925384275131e+02 1.302959661634238400e+16
6.661368613222645081e+02 1.302713222644903600e+16
6.664704301061012757e+02 1.302467372402396400e+16
6.668039988899381569e+02 1.302222140752317800e+16
6.671375676737751519e+02 1.301977557443636800e+16
6.674711364576119195e+02 1.301733652126876800e+16
6.678047052414489144e+02 1.301490454352365000e+16
6.681382740252857957e+02 1.301247993568546800e+16
6.684718428091225633e+02 1.301006299120365400e+16
6.688054115929595582e+02 1.300765400247709200e+16
6.691389803767964395e+02 1.300525326083914800e+16
6.694725491606333208e+02 1.300286105654339600e+16
6.698061179444702020e+02 1.300047767874989600e+16
6.701396867283069696e+02 1.299810341551214200e+16
6.704732555121439646e+02 1.299573855376457400e+16
6.708068242959808458e+02 1.299338337931058800e+16
6.711403930798178408e+02 1.299103817681133600e+16
6.714739618636546084e+02 1.298870322977482400e+16
6.718075306474914896e+02 1.298637882054579200e+16
6.721410994313284846e+02 1.298406523029598400e+16
6.724746682151652521e+02 1.298176273901503400e+16
6.728082369990022471e+02 1.297947162550185200e+16
6.731418057828390147e+02 1.297719216735649600e+16
6.734753745666758959e+02 1.297492464097260400e+16
6.738089433505128909e+02 1.297266932153025200e+16
6.741425121343496585e+02 1.297042648298928000e+16
6.744760809181866534e+02 1.296819639808322800e+16
6.748096497020235347e+02 1.296597933831349800e+16
6.751432184858603023e+02 1.296377557394415000e+16
6.754767872696972972e+02 1.296158537399706400e+16
6.758103560535341785e+02 1.295940900624747000e+16
6.761439248373710598e+02 1.295724673721998400e+16
6.764774936212079410e+02 1.295509883218495600e+16
6.768110624050448223e+02 1.295296555515529000e+16
6.771446311888817036e+02 1.295084716888352000e+16
6.774781999727185848e+02 1.294874393485935600e+16
6.778117687565555798e+02 1.294665611330751200e+16
6.781453375403923474e+02 1.294458396318593200e+16
6.784789063242292286e+02 1.294252774218425000e+16
6.788124751080662236e+02 1.294048770672266800e+16
6.791460438919029912e+02 1.293846411195103200e+16
6.794796126757399861e+02 1.293645721174829400e+16
6.798131814595768674e+02 1.293446725872218400e+16
6.801467502434136350e+02 1.293249450420916600e+16
6.804803190272506299e+02 1.293053919827464800e+16
6.808138878110875112e+02 1.292860158971344400e+16
6.811474565949243924e+02 1.292668192605045200e+16
6.814810253787612737e+02 1.292478045354151200e+16
6.818145941625980413e+02 1.292289741717458800e+16
6.821481629464350362e+02 1.292103306067099600e+16
6.824817317302719175e+02 1.291918762648690800e+16
6.828153005141089125e+02 1.291736135581498200e+16
6.831488692979456800e+02 1.291555448858619200e+16
6.834824380817825613e+02 1.291376726347174400e+16
6.838160068656194426e+02 1.291199991788521200e+16
6.841495756494563238e+02 1.291025268798468600e+16
6.844831444332933188e+02 1.290852580867514000e+16
6.848167132171300864e+02 1.290681951361083600e+16
6.851502820009669676e+02 1.290513403519781800e+16
6.854838507848039626e+02 1.290346960459652800e+16
6.858174195686407302e+02 1.290182645172442000e+16
6.861509883524777251e+02 1.290020480525873600e+16
6.864845571363146064e+02 1.289860489263916000e+16
6.868181259201513740e+02 1.289702694007071200e+16
6.871516947039883689e+02 1.289547117252648800e+16
6.874852634878252502e+02 1.289393781375047200e+16
6.878188322716621315e+02 1.289242708626041800e+16
6.881524010554990127e+02 1.289093921135059800e+16
6.884859698393358940e+02 1.288947440909464400e+16
6.888195386231727753e+02 1.288803289834827600e+16
6.891531074070096565e+02 1.288661489675201600e+16
6.894866761908466515e+02 1.288522062073391200e+16
6.898202449746834191e+02 1.288385028551204800e+16
6.901538137585203003e+02 1.288250410509718000e+16
6.904873825423572953e+02 1.288118229229514800e+16
6.908209513261940629e+02 1.287988505870918000e+16
6.911545201100310578e+02 1.287861261474226600e+16
6.914880888938679391e+02 1.287736516959922800e+16
6.918216576777047067e+02 1.287614293128875600e+16
6.921552264615417016e+02 1.287494610662535600e+16
6.924887952453785829e+02 1.287377490123104400e+16
6.928223640292154641e+02 1.287262951953700400e+16
6.931559328130523454e+02 1.287151016478502200e+16
6.934895015968891130e+02 1.287041703902877600e+16
6.938230703807261079e+02 1.286935034313494000e+16
6.941566391645629892e+02 1.286831027678413800e+16
6.944902079483999842e+02 1.286729703847161000e+16
6.948237767322367517e+02 1.286631082550781200e+16
6.951573455160736330e+02 1.286535183401869200e+16
6.954909142999105143e+02 1.286442025894580000e+16
6.958244830837473955e+02 1.286351629404614000e+16
6.961580518675843905e+02 1.286264013189182800e+16
6.964916206514211581e+02 1.286179196386944800e+16
6.968251894352580393e+02 1.286097198017921600e+16
6.971587582190950343e+02 1.286018036983384800e+16
6.974923270029318019e+02 1.285941732065711600e+16
6.978258957867687968e+02 1.285868301928225800e+16
6.981594645706056781e+02 1.285797765114991600e+16
6.984930333544424457e+02 1.285730140050598800e+16
6.988266021382794406e+02 1.285665445039901000e+16
6.991601709221163219e+02 1.285603698267729800e+16
6.994937397059532032e+02 1.285544917798581800e+16
6.998273084897900844e+02 1.285489121576260800e+16
7.001608772736269657e+02 1.285436327423502800e+16
7.004944460574638470e+02 1.285386553041556800e+16
7.008280148413007282e+02 1.285339816009730000e+16
7.011615836251377232e+02 1.285296133784906600e+16
7.014951524089744908e+02 1.285255523701021800e+16
7.018287211928113720e+02 1.285218002968507400e+16
7.021622899766483670e+02 1.285183588673691400e+16
7.024958587604851346e+02 1.285152297778165200e+16
7.028294275443221295e+02 1.285124147118113400e+16
7.031629963281590108e+02 1.285099153403600800e+16
7.034965651119957784e+02 1.285077333217819200e+16
7.038301338958327733e+02 1.285058703016298800e+16
7.041637026796696546e+02 1.285043279126069600e+16
7.044972714635065358e+02 1.285031077744793200e+16
7.048308402473434171e+02 1.285022114939837600e+16
7.051644090311801847e+02 1.285016406647325400e+16
7.054979778150171796e+02 1.285013968671120600e+16
7.058315465988540609e+02 1.285014816681785200e+16
7.061651153826908285e+02 1.285018966215485400e+16
7.064986841665278234e+02 1.285026432672853400e+16
7.068322529503647047e+02 1.285037231317799200e+16
7.071658217342015860e+02 1.285051377276282400e+16
7.074993905180384672e+02 1.285068885535032400e+16
7.078329593018753485e+02 1.285089770940223400e+16
7.081665280857122298e+02 1.285114048196099200e+16
7.085000968695491110e+02 1.285141731863548400e+16
7.088336656533861060e+02 1.285172836358634000e+16
7.091672344372228736e+02 1.285207375951068400e+16
7.095008032210597548e+02 1.285245364762644000e+16
7.098343720048967498e+02 1.285286816765606400e+16
7.101679407887335174e+02 1.285331745780980800e+16
7.105015095725705123e+02 1.285380165476843600e+16
7.108350783564073936e+02 1.285432089366543400e+16
7.111686471402441612e+02 1.285487530806869000e+16
7.115022159240811561e+02 1.285546502996164000e+16
7.118357847079180374e+02 1.285609018972386200e+16
7.121693534917549187e+02 1.285675091611114800e+16
7.125029222755917999e+02 1.285744733623498800e+16
7.128364910594286812e+02 1.285817957554157800e+16
7.131700598432655624e+02 1.285894775779021000e+16
7.135036286271024437e+02 1.285975200503108800e+16
7.138371974109394387e+02 1.286059243758265400e+16
7.141707661947762062e+02 1.286146917400828000e+16
7.145043349786130875e+02 1.286238233109238600e+16
7.148379037624500825e+02 1.286333202381607000e+16
7.151714725462868500e+02 1.286431836533200800e+16
7.155050413301238450e+02 1.286534146693892200e+16
7.158386101139607263e+02 1.286640143805534400e+16
7.161721788977974938e+02 1.286749838619289200e+16
7.165057476816344888e+02 1.286863241692886000e+16
7.168393164654712564e+02 1.286980363387820000e+16
7.171728852493082513e+02 1.287101213866511600e+16
7.175064540331451326e+02 1.287225803089368800e+16
7.178400228169819002e+02 1.287354140811824400e+16
7.181735916008188951e+02 1.287486236581290200e+16
7.185071603846557764e+02 1.287622099734055800e+16
7.188407291684926577e+02 1.287761739392136600e+16
7.191742979523295389e+02 1.287905164460037800e+16
7.195078667361664202e+02 1.288052383621479600e+16
7.198414355200033015e+02 1.288203405336047000e+16
7.201750043038401827e+02 1.288358237835780400e+16
7.205085730876771777e+02 1.288516889121703800e+16
7.208421418715139453e+02 1.288679366960293200e+16
7.211757106553508265e+02 1.288845678879878000e+16
7.215092794391878215e+02 1.289015832166982400e+16
7.218428482230245891e+02 1.289189833862602400e+16
7.221764170068615840e+02 1.289367690758424400e+16
7.225099857906984653e+02 1.289549409392972000e+16
7.228435545745352329e+02 1.289734996047696400e+16
7.231771233583722278e+02 1.289924456743005000e+16
7.235106921422091091e+02 1.290117797234222800e+16
7.238442609260459903e+02 1.290315023007491600e+16
7.241778297098828716e+02 1.290516139275605200e+16
7.245113984937197529e+02 1.290721150973789400e+16
7.248449672775566341e+02 1.290930062755409600e+16
7.251785360613935154e+02 1.291142878987616200e+16
7.255121048452305104e+02 1.291359603746940800e+16
7.258456736290672779e+02 1.291580240814808800e+16
7.261792424129041592e+02 1.291804793673012200e+16
7.265128111967411542e+02 1.292033265499104400e+16
7.268463799805779217e+02 1.292265659161738400e+16
7.271799487644149167e+02 1.292501977215948800e+16
7.275135175482517980e+02 1.292742221898364000e+16
7.278470863320885655e+02 1.292986395122367600e+16
7.281806551159255605e+02 1.293234498473192400e+16
7.285142238997623281e+02 1.293486533202956800e+16
7.288477926835993230e+02 1.293742500225644800e+16
7.291813614674362043e+02 1.294002400112023000e+16
7.295149302512729719e+02 1.294266233084504000e+16
7.298484990351099668e+02 1.294533999011949200e+16
7.301820678189468481e+02 1.294805697404416000e+16
7.305156366027837294e+02 1.295081327407848400e+16
7.308492053866206106e+02 1.295360887798713400e+16
7.311827741704574919e+02 1.295644376978583800e+16
7.315163429542943732e+02 1.295931792968661200e+16
7.318499117381312544e+02 1.296223133404253800e+16
7.321834805219682494e+02 1.296518395529199600e+16
7.325170493058050170e+02 1.296817576190232400e+16
7.328506180896418982e+02 1.297120671831311200e+16
7.331841868734788932e+02 1.297427678487885600e+16
7.335177556573156608e+02 1.297738591781125600e+16
7.338513244411526557e+02 1.298053406912095600e+16
7.341848932249895370e+02 1.298372118655887200e+16
7.345184620088263046e+02 1.298694721355711200e+16
7.348520307926632995e+02 1.299021208916940400e+16
7.351855995765001808e+02 1.299351574801112400e+16
7.355191683603370620e+02 1.299685812019896800e+16
7.358527371441739433e+02 1.300023913129018400e+16
7.361863059280108246e+02 1.300365870222146400e+16
7.365198747118477058e+02 1.300711674924751400e+16
7.368534434956845871e+02 1.301061318387918000e+16
7.371870122795215821e+02 1.301414791282142000e+16
7.375205810633583496e+02 1.301772083791082400e+16
7.378541498471952309e+02 1.302133185605294000e+16
7.381877186310322259e+02 1.302498085915934400e+16
7.385212874148689934e+02 1.302866773408440000e+16
7.388548561987059884e+02 1.303239236256188800e+16
7.391884249825428697e+02 1.303615462114138000e+16
7.395219937663796372e+02 1.303995438112446800e+16
7.398555625502166322e+02 1.304379150850084000e+16
7.401891313340533998e+02 1.304766586388421000e+16
7.405227001178903947e+02 1.305157730244817600e+16
7.408562689017272760e+02 1.305552567386200400e+16
7.411898376855640436e+02 1.305951082222635200e+16
7.415234064694010385e+02 1.306353258600894800e+16
7.418569752532379198e+02 1.306759079798036800e+16
7.421905440370748011e+02 1.307168528514974200e+16
7.425241128209116823e+02 1.307581586870059200e+16
7.428576816047485636e+02 1.307998236392676400e+16
7.431912503885854449e+02 1.308418458016851000e+16
7.435248191724223261e+02 1.308842232074864800e+16
7.438583879562593211e+02 1.309269538290905200e+16
7.441919567400960887e+02 1.309700355774724800e+16
7.445255255239329699e+02 1.310134663015338800e+16
7.448590943077699649e+02 1.310572437874743600e+16
7.451926630916067325e+02 1.311013657581676000e+16
7.455262318754437274e+02 1.311458298725409200e+16
7.458598006592806087e+02 1.311906337249584000e+16
7.461933694431173762e+02 1.312357748446101600e+16
7.465269382269543712e+02 1.312812506949047600e+16
7.468605070107912525e+02 1.313270586728683200e+16
7.471940757946280200e+02 1.313731961085493200e+16
7.475276445784650150e+02 1.314196602644289200e+16
7.478612133623018963e+02 1.314664483348391600e+16
7.481947821461387775e+02 1.315135574453876400e+16
7.485283509299756588e+02 1.315609846523897200e+16
7.488619197138124264e+02 1.316087269423095000e+16
7.491954884976494213e+02 1.316567812312094000e+16
7.495290572814863026e+02 1.317051443642075600e+16
7.498626260653232976e+02 1.317538131149469400e+16
7.501961948491600651e+02 1.318027841850729200e+16
7.505297636329969464e+02 1.318520542037223200e+16
7.508633324168339414e+02 1.319016197270235200e+16
7.511969012006707089e+02 1.319514772376079400e+16
7.515304699845077039e+02 1.320016231441344600e+16
7.518640387683444715e+02 1.320520537808260600e+16
7.521976075521813527e+02 1.321027654070202000e+16
7.525311763360183477e+02 1.321537542067333600e+16
7.528647451198551153e+02 1.322050162882389600e+16
7.531983139036921102e+02 1.322565476836630400e+16
7.535318826875289915e+02 1.323083443485918800e+16
7.538654514713657591e+02 1.323604021616999200e+16
7.541990202552027540e+02 1.324127169243918400e+16
7.545325890390396353e+02 1.324652843604632000e+16
7.548661578228765165e+02 1.325181001157796600e+16
7.551997266067133978e+02 1.325711597579743600e+16
7.555332953905502791e+02 1.326244587761650800e+16
7.558668641743871603e+02 1.326779925806915000e+16
7.562004329582240416e+02 1.327317565028732400e+16
7.565340017420610366e+02 1.327857457947891200e+16
7.568675705258978041e+02 1.328399556290789600e+16
7.572011393097346854e+02 1.328943810987671200e+16
7.575347080935716804e+02 1.329490172171113200e+16
7.578682768774084479e+02 1.330038589174727200e+16
7.582018456612454429e+02 1.330589010532138400e+16
7.585354144450823242e+02 1.331141383976189400e+16
7.588689832289190917e+02 1.331695656438433200e+16
7.592025520127560867e+02 1.332251774048869800e+16
7.595361207965929680e+02 1.332809682135969200e+16
7.598696895804298492e+02 1.333369325226976400e+16
7.602032583642667305e+02 1.333930647048495800e+16
7.605368271481034981e+02 1.334493590527379000e+16
7.608703959319404930e+02 1.335058097791914400e+16
7.612039647157773743e+02 1.335624110173309000e+16
7.615375334996143692e+02 1.336191568207510200e+16
7.618711022834511368e+02 1.336760411637324800e+16
7.622046710672880181e+02 1.337330579414885600e+16
7.625382398511250130e+02 1.337902009704435600e+16
7.628718086349617806e+02 1.338474639885467200e+16
7.632053774187987756e+02 1.339048406556198800e+16
7.635389462026355432e+02 1.339623245537410800e+16
7.638725149864724244e+02 1.340199091876639200e+16
7.642060837703094194e+02 1.340775879852738000e+16
7.645396525541461870e+02 1.341353542980806400e+16
7.648732213379831819e+02 1.341932014017505400e+16
7.652067901218200632e+02 1.342511224966748000e+16
7.655403589056568308e+02 1.343091107085785000e+16
7.658739276894938257e+02 1.343671590891688400e+16
7.662074964733307070e+02 1.344252606168222800e+16
7.665410652571675882e+02 1.344834081973141000e+16
7.668746340410044695e+02 1.345415946645875200e+16
7.672082028248413508e+02 1.345998127815651600e+16
7.675417716086782320e+02 1.346580552410027400e+16
7.678753403925151133e+02 1.347163146663846000e+16
7.682089091763521083e+02 1.347745836128629600e+16
7.685424779601888758e+02 1.348328545682399000e+16
7.688760467440257571e+02 1.348911199539936800e+16
7.692096155278627521e+02 1.349493721263493200e+16
7.695431843116995196e+02 1.350076033773922000e+16
7.698767530955365146e+02 1.350658059362289600e+16
7.702103218793733959e+02 1.351239719701910400e+16
7.705438906632101634e+02 1.351820935860855200e+16
7.708774594470471584e+02 1.352401628314902600e+16
7.712110282308840397e+02 1.352981716960956000e+16
7.715445970147209209e+02 1.353561121130918400e+16
7.718781657985578022e+02 1.354139759606025200e+16
7.722117345823945698e+02 1.354717550631648200e+16
7.725453033662315647e+02 1.355294411932556400e+16
7.728788721500684460e+02 1.355870260728639200e+16
7.732124409339054409e+02 1.356445013751102400e+16
7.735460097177422085e+02 1.357018587259118400e+16
7.738795785015790898e+02 1.357590897056945000e+16
7.742131472854159711e+02 1.358161858511509600e+16
7.745467160692528523e+02 1.358731386570444400e+16
7.748802848530898473e+02 1.359299395780592000e+16
7.752138536369266149e+02 1.359865800306957600e+16
7.755474224207634961e+02 1.360430513952130800e+16
7.758809912046004911e+02 1.360993450176138800e+16
7.762145599884372587e+02 1.361554522116766000e+16
7.765481287722742536e+02 1.362113642610306400e+16
7.768816975561111349e+02 1.362670724212764400e+16
7.772152663399479025e+02 1.363225679221482400e+16
7.775488351237848974e+02 1.363778419697209400e+16
7.778824039076217787e+02 1.364328857486578400e+16
7.782159726914586599e+02 1.364876904245026200e+16
7.785495414752955412e+02 1.365422471460093800e+16
7.788831102591324225e+02 1.365965470475167600e+16
7.792166790429693037e+02 1.366505812513586800e+16
7.795502478268061850e+02 1.367043408703159200e+16
7.798838166106431800e+02 1.367578170101050400e+16
7.802173853944799475e+02 1.368110007719049600e+16
7.805509541783168288e+02 1.368638832549198800e+16
7.808845229621538238e+02 1.369164555589765600e+16
7.812180917459905913e+02 1.369687087871573200e+16
7.815516605298275863e+02 1.370206340484654400e+16
7.818852293136644676e+02 1.370722224605222000e+16
7.822187980975012351e+02 1.371234651522964000e+16
7.825523668813382301e+02 1.371743532668613600e+16
7.828859356651751114e+02 1.372248779641824400e+16
7.832195044490119926e+02 1.372750304239303600e+16
7.835530732328488739e+02 1.373248018483207000e+16
7.838866420166856415e+02 1.373741834649779000e+16
7.842202108005226364e+02 1.374231665298215600e+16
7.845537795843595177e+02 1.374717423299748400e+16
7.848873483681965126e+02 1.375199021866923600e+16
7.852209171520332802e+02 1.375676374583065600e+16
7.855544859358701615e+02 1.376149395431903600e+16
7.858880547197070428e+02 1.376617998827355600e+16
7.862216235035439240e+02 1.377082099643434800e+16
7.865551922873809190e+02 1.377541613244285600e+16
7.868887610712176865e+02 1.377996455514304400e+16
7.872223298550545678e+02 1.378446542888349200e+16
7.875558986388915628e+02 1.378891792382008200e+16
7.878894674227283303e+02 1.379332121621909800e+16
7.882230362065653253e+02 1.379767448876061400e+16
7.885566049904022066e+02 1.380197693084184600e+16
7.888901737742389741e+02 1.380622773888046400e+16
7.892237425580759691e+02 1.381042611661746000e+16
7.895573113419128504e+02 1.381457127541949400e+16
7.898908801257497316e+02 1.381866243458057200e+16
7.902244489095866129e+02 1.382269882162258800e+16
7.905580176934234942e+02 1.382667967259491600e+16
7.908915864772603754e+02 1.383060423237244000e+16
7.912251552610972567e+02 1.383447175495217800e+16
7.915587240449341380e+02 1.383828150374795000e+16
7.918922928287710192e+02 1.384203275188314600e+16
7.922258616126079005e+02 1.384572478248125200e+16
7.925594303964448955e+02 1.384935688895397200e+16
7.928929991802816630e+02 1.385292837528662400e+16
7.932265679641185443e+02 1.385643855632076400e+16
7.935601367479555392e+02 1.385988675803379600e+16
7.938937055317923068e+02 1.386327231781503800e+16
7.942272743156293018e+02 1.386659458473868800e+16
7.945608430994661830e+02 1.386985291983271000e+16
7.948944118833029506e+02 1.387304669634409200e+16
7.952279806671399456e+02 1.387617529999980000e+16
7.955615494509767132e+02 1.387923812926350800e+16
7.958951182348137081e+02 1.388223459558771400e+16
7.962286870186505894e+02 1.388516412366125200e+16
7.965622558024873570e+02 1.388802615165168800e+16
7.968958245863243519e+02 1.389082013144280000e+16
7.972293933701612332e+02 1.389354552886650400e+16
7.975629621539981144e+02 1.389620182392949600e+16
7.978965309378349957e+02 1.389878851103398800e+16
7.982300997216718770e+02 1.390130509919274800e+16
7.985636685055087582e+02 1.390375111223789600e+16
7.988972372893456395e+02 1.390612608902364000e+16
7.992308060731826345e+02 1.390842958362243200e+16
7.995643748570194020e+02 1.391066116551469800e+16
7.998979436408562833e+02 1.391282041977172400e+16
8.002315124246932783e+02 1.391490694723174400e+16
8.005650812085300458e+02 1.391692036466890000e+16
8.008986499923670408e+02 1.391886030495506000e+16
8.012322187762039221e+02 1.392072641721434000e+16
8.015657875600406896e+02 1.392251836697014000e+16
8.018993563438776846e+02 1.392423583628453200e+16
8.022329251277145659e+02 1.392587852389008000e+16
8.025664939115514471e+02 1.392744614531372800e+16
8.029000626953883284e+02 1.392893843299281200e+16
8.032336314792252097e+02 1.393035513638305600e+16
8.035672002630620909e+02 1.393169602205837800e+16
8.039007690468989722e+02 1.393296087380260000e+16
8.042343378307359671e+02 1.393414949269277200e+16
8.045679066145727347e+02 1.393526169717421200e+16
8.049014753984096160e+02 1.393629732312705800e+16
8.052350441822466109e+02 1.393725622392444000e+16
8.055686129660833785e+02 1.393813827048196400e+16
8.059021817499203735e+02 1.393894335129883800e+16
8.062357505337572547e+02 1.393967137249018000e+16
8.065693193175940223e+02 1.394032225781090400e+16
8.069028881014310173e+02 1.394089594867074400e+16
8.072364568852677849e+02 1.394139240414084600e+16
8.075700256691047798e+02 1.394181160095149000e+16
8.079035944529416611e+02 1.394215353348133600e+16
8.082371632367784287e+02 1.394241821373790000e+16
8.085707320206154236e+02 1.394260567132948400e+16
8.089043008044523049e+02 1.394271595342848000e+16
8.092378695882891861e+02 1.394274912472616600e+16
8.095714383721260674e+02 1.394270526737892000e+16
8.099050071559629487e+02 1.394258448094607600e+16
8.102385759397998299e+02 1.394238688231930400e+16
8.105721447236367112e+02 1.394211260564366200e+16
8.109057135074737062e+02 1.394176180223047000e+16
8.112392822913104737e+02 1.394133464046198400e+16
8.115728510751473550e+02 1.394083130568788200e+16
8.119064198589843500e+02 1.394025200011395400e+16
8.122399886428211175e+02 1.393959694268276400e+16
8.125735574266581125e+02 1.393886636894660400e+16
8.129071262104949938e+02 1.393806053093277600e+16
8.132406949943317613e+02 1.393717969700135000e+16
8.135742637781687563e+02 1.393622415169558800e+16
8.139078325620056376e+02 1.393519419558485400e+16
8.142414013458425188e+02 1.393409014510085800e+16
8.145749701296794001e+02 1.393291233236640200e+16
8.149085389135162814e+02 1.393166110501772200e+16
8.152421076973531626e+02 1.393033682601993600e+16
8.155756764811900439e+02 1.392893987347605200e+16
8.159092452650270388e+02 1.392747064042967600e+16
8.162428140488638064e+02 1.392592953466154400e+16
8.165763828327006877e+02 1.392431697848004200e+16
8.169099516165376826e+02 1.392263340850600400e+16
8.172435204003744502e+02 1.392087927545176600e+16
8.175770891842114452e+02 1.391905504389497200e+16
8.179106579680483264e+02 1.391716119204698400e+16
8.182442267518850940e+02 1.391519821151639600e+16
8.185777955357220890e+02 1.391316660706760200e+16
8.189113643195588566e+02 1.391106689637478400e+16
8.192449331033958515e+02 1.390889960977149200e+16
8.195785018872327328e+02 1.390666528999596400e+16
8.199120706710695003e+02 1.390436449193242200e+16
8.202456394549064953e+02 1.390199778234862800e+16
8.205792082387433766e+02 1.389956573962977000e+16
8.209127770225802578e+02 1.389706895350902800e+16
8.212463458064171391e+02 1.389450802479495400e+16
8.215799145902540204e+02 1.389188356509586800e+16
8.219134833740909016e+02 1.388919619654161600e+16
8.222470521579277829e+02 1.388644655150262800e+16
8.225806209417647779e+02 1.388363527230691200e+16
8.229141897256015454e+02 1.388076301095472000e+16
8.232477585094384267e+02 1.387783042883149600e+16
8.235813272932754217e+02 1.387483819641908200e+16
8.239148960771121892e+02 1.387178699300550000e+16
8.242484648609491842e+02 1.386867750639347400e+16
8.245820336447860655e+02 1.386551043260794400e+16
8.249156024286228330e+02 1.386228647560274400e+16
8.252491712124598280e+02 1.385900634696664000e+16
8.255827399962967093e+02 1.385567076562899600e+16
8.259163087801335905e+02 1.385228045756520000e+16
8.262498775639704718e+02 1.384883615550206000e+16
8.265834463478073530e+02 1.384533859862344000e+16
8.269170151316442343e+02 1.384178853227621200e+16
8.272505839154811156e+02 1.383818670767682800e+16
8.275841526993181105e+02 1.383453388161858800e+16
8.279177214831548781e+02 1.383083081617990000e+16
8.282512902669917594e+02 1.382707827843362800e+16
8.285848590508287543e+02 1.382327704015780600e+16
8.289184278346655219e+02 1.381942787754767000e+16
8.292519966185025169e+02 1.381553157092953400e+16
8.295855654023393981e+02 1.381158890447627400e+16
8.299191341861761657e+02 1.380760066592495800e+16
8.302527029700131607e+02 1.380356764629648000e+16
8.305862717538499282e+02 1.379949063961749800e+16
8.309198405376869232e+02 1.379537044264484400e+16
8.312534093215238045e+02 1.379120785459246800e+16
8.315869781053605720e+02 1.378700367686109200e+16
8.319205468891975670e+02 1.378275871277073400e+16
8.322541156730344483e+02 1.377847376729619800e+16
8.325876844568712158e+02 1.377414964680565200e+16
8.329212532407082108e+02 1.376978715880248000e+16
8.332548220245450921e+02 1.376538711167039200e+16
8.335883908083819733e+02 1.376095031442210000e+16
8.339219595922188546e+02 1.375647757645140000e+16
8.342555283760557359e+02 1.375196970728911600e+16
8.345890971598926171e+02 1.374742751636260000e+16
8.349226659437294984e+02 1.374285181275921000e+16
8.352562347275664933e+02 1.373824340499370200e+16
8.355898035114032609e+02 1.373360310077958000e+16
8.359233722952401422e+02 1.372893170680465200e+16
8.362569410790771371e+02 1.372423002851068400e+16
8.365905098629139047e+02 1.371949886987721400e+16
8.369240786467508997e+02 1.371473903320992200e+16
8.372576474305877809e+02 1.370995131893302400e+16
8.375912162144245485e+02 1.370513652538639400e+16
8.379247849982615435e+02 1.370029544862688400e+16
8.382583537820984247e+02 1.369542888223435600e+16
8.385919225659353060e+02 1.369053761712215400e+16
8.389254913497721873e+02 1.368562244135215200e+16
8.392590601336089549e+02 1.368068413995448400e+16
8.395926289174459498e+02 1.367572349475184400e+16
8.399261977012828311e+02 1.367074128418851200e+16
8.402597664851198260e+02 1.366573828316401000e+16
8.405933352689565936e+02 1.366071526287145800e+16
8.409269040527934749e+02 1.365567299064070400e+16
8.412604728366304698e+02 1.365061222978606800e+16
8.415940416204672374e+02 1.364553373945885200e+16
8.419276104043042324e+02 1.364043827450459400e+16
8.422611791881409999e+02 1.363532658532493200e+16
8.425947479719778812e+02 1.363019941774431600e+16
8.429283167558148762e+02 1.362505751288124800e+16
8.432618855396516437e+02 1.361990160702431200e+16
8.435954543234886387e+02 1.361473243151278800e+16
8.439290231073255200e+02 1.360955071262195200e+16
8.442625918911622875e+02 1.360435717145293200e+16
8.445961606749992825e+02 1.359915252382722000e+16
8.449297294588361638e+02 1.359393748018556400e+16
8.452632982426730450e+02 1.358871274549163200e+16
8.455968670265099263e+02 1.358347901913990000e+16
8.459304358103468076e+02 1.357823699486813600e+16
8.462640045941836888e+02 1.357298736067424000e+16
8.465975733780205701e+02 1.356773079873740000e+16
8.469311421618575650e+02 1.356246798534361600e+16
8.472647109456943326e+02 1.355719959081543200e+16
8.475982797295312139e+02 1.355192627944591800e+16
8.479318485133682088e+02 1.354664870943677600e+16
8.482654172972049764e+02 1.354136753284054400e+16
8.485989860810419714e+02 1.353608339550689600e+16
8.489325548648788526e+02 1.353079693703288800e+16
8.492661236487156202e+02 1.352550879071708200e+16
8.495996924325526152e+02 1.352021958351771600e+16
8.499332612163894964e+02 1.351492993601440400e+16
8.502668300002263777e+02 1.350964046237389200e+16
8.506003987840632590e+02 1.350435177031920000e+16
8.509339675679000266e+02 1.349906446110260800e+16
8.512675363517370215e+02 1.349377912948202800e+16
8.516011051355739028e+02 1.348849636370093600e+16
8.519346739194108977e+02 1.348321674547168000e+16
8.522682427032476653e+02 1.347794084996214600e+16
8.526018114870845466e+02 1.347266924578567600e+16
8.529353802709214278e+02 1.346740249499420400e+16
8.532689490547583091e+02 1.346214115307445600e+16
8.536025178385953041e+02 1.345688576894735200e+16
8.539360866224320716e+02 1.345163688497016800e+16
8.542696554062689529e+02 1.344639503694183200e+16
8.546032241901059479e+02 1.344116075411092000e+16
8.549367929739427154e+02 1.343593455918645800e+16
8.552703617577797104e+02 1.343071696835140800e+16
8.556039305416165917e+02 1.342550849127877200e+16
8.559374993254533592e+02 1.342030963115027000e+16
8.562710681092903542e+02 1.341512088467746400e+16
8.566046368931272355e+02 1.340994274212524200e+16
8.569382056769641167e+02 1.340477568733773200e+16
8.572717744608009980e+02 1.339962019776636000e+16
8.576053432446378793e+02 1.339447674450017600e+16
8.579389120284747605e+02 1.338934579229824800e+16
8.582724808123116418e+02 1.338422779962408600e+16
8.586060495961486367e+02 1.337912321868206000e+16
8.589396183799854043e+02 1.337403249545570000e+16
8.592731871638222856e+02 1.336895606974787200e+16
8.596067559476592805e+02 1.336389437522262600e+16
8.599403247314960481e+02 1.335884783944877400e+16
8.602738935153330431e+02 1.335381688394514400e+16
8.606074622991699243e+02 1.334880192422729600e+16
8.609410310830066919e+02 1.334380336985579600e+16
8.612745998668436869e+02 1.333882162448588400e+16
8.616081686506805681e+02 1.333385708591845600e+16
8.619417374345174494e+02 1.332891014615246800e+16
8.622753062183543307e+02 1.332398119143837600e+16
8.626088750021910982e+02 1.331907060233296000e+16
8.629424437860280932e+02 1.331417875375505200e+16
8.632760125698649745e+02 1.330930601504242600e+16
8.636095813537019694e+02 1.330445275000965200e+16
8.639431501375387370e+02 1.329961931700684600e+16
8.642767189213756183e+02 1.329480606897929600e+16
8.646102877052124995e+02 1.329001335352793800e+16
8.649438564890493808e+02 1.328524151297046000e+16
8.652774252728863758e+02 1.328049088440332600e+16
8.656109940567231433e+02 1.327576179976414800e+16
8.659445628405600246e+02 1.327105458589494800e+16
8.662781316243970196e+02 1.326636956460570600e+16
8.666117004082337871e+02 1.326170705273857200e+16
8.669452691920707821e+02 1.325706736223240800e+16
8.672788379759076633e+02 1.325245080018774800e+16
8.676124067597444309e+02 1.324785766893213200e+16
8.679459755435814259e+02 1.324328826608568000e+16
8.682795443274183071e+02 1.323874288462690800e+16
8.686131131112551884e+02 1.323422181295881200e+16
8.689466818950920697e+02 1.322972533497502600e+16
8.692802506789289509e+02 1.322525373012614000e+16
8.696138194627658322e+02 1.322080727348612600e+16
8.699473882466027135e+02 1.321638623581864400e+16
8.702809570304397084e+02 1.321199088364358200e+16
8.706145258142764760e+02 1.320762147930327600e+16
8.709480945981133573e+02 1.320327828102889400e+16
8.712816633819503522e+02 1.319896154300651400e+16
8.716152321657871198e+02 1.319467151544313200e+16
8.719488009496241148e+02 1.319040844463249600e+16
8.722823697334609960e+02 1.318617257302064000e+16
8.726159385172977636e+02 1.318196413927121000e+16
8.729495073011347586e+02 1.317778337833052000e+16
8.732830760849716398e+02 1.317363052149221800e+16
8.736166448688085211e+02 1.316950579646169000e+16
8.739502136526454024e+02 1.316540942741999400e+16
8.742837824364821699e+02 1.316134163508748800e+16
8.746173512203191649e+02 1.315730263678692200e+16
8.749509200041560462e+02 1.315329264650616000e+16
8.752844887879930411e+02 1.314931187496035200e+16
8.756180575718298087e+02 1.314536052965366800e+16
8.759516263556666900e+02 1.314143881494042000e+16
8.762851951395035712e+02 1.313754693208569600e+16
8.766187639233404525e+02 1.313368507932540800e+16
8.769523327071773338e+02 1.312985345192569800e+16
8.772859014910142150e+02 1.312605224224182800e+16
8.776194702748510963e+02 1.312228163977634400e+16
8.779530390586880912e+02 1.311854183123660800e+16
8.782866078425248588e+02 1.311483300059172000e+16
8.786201766263617401e+02 1.311115532912869200e+16
8.789537454101987350e+02 1.310750899550795200e+16
8.792873141940355026e+02 1.310389417581813400e+16
8.796208829778724976e+02 1.310031104363013000e+16
8.799544517617093788e+02 1.309675977005041000e+16
8.802880205455461464e+02 1.309324052377358600e+16
8.806215893293831414e+02 1.308975347113421600e+16
8.809551581132200226e+02 1.308629877615779600e+16
8.812887268970569039e+02 1.308287660061104600e+16
8.816222956808937852e+02 1.307948710405128600e+16
8.819558644647306664e+02 1.307613044387512400e+16
8.822894332485675477e+02 1.307280677536623600e+16
8.826230020324044290e+02 1.306951625174237600e+16
8.829565708162414239e+02 1.306625902420153000e+16
8.832901396000781915e+02 1.306303524196725800e+16
8.836237083839150728e+02 1.305984505233318000e+16
8.839572771677520677e+02 1.305668860070661200e+16
8.842908459515888353e+02 1.305356603065133600e+16
8.846244147354258303e+02 1.305047748392957000e+16
8.849579835192627115e+02 1.304742310054297600e+16
8.852915523030994791e+02 1.304440301877293200e+16
8.856251210869364741e+02 1.304141737521980800e+16
8.859586898707732416e+02 1.303846630484147200e+16
8.862922586546102366e+02 1.303554994099086400e+16
8.866258274384471179e+02 1.303266841545272400e+16
8.869593962222838854e+02 1.302982185847944800e+16
8.872929650061208804e+02 1.302701039882604000e+16
8.876265337899577617e+02 1.302423416378422600e+16
8.879601025737946429e+02 1.302149327921566800e+16
8.882936713576315242e+02 1.301878786958432200e+16
8.886272401414684055e+02 1.301611805798788000e+16
8.889608089253052867e+02 1.301348396618844200e+16
8.892943777091421680e+02 1.301088571464213800e+16
8.896279464929791629e+02 1.300832342252811800e+16
8.899615152768159305e+02 1.300579720777644400e+16
8.902950840606528118e+02 1.300330718709528800e+16
8.906286528444898067e+02 1.300085347599718800e+16
8.909622216283265743e+02 1.299843618882443200e+16
8.912957904121635693e+02 1.299605543877367600e+16
8.916293591960004505e+02 1.299371133791961000e+16
8.919629279798372181e+02 1.299140399723784800e+16
8.922964967636742131e+02 1.298913352662695800e+16
8.926300655475110943e+02 1.298690003492960600e+16
8.929636343313479756e+02 1.298470362995297600e+16
8.932972031151848569e+02 1.298254441848824200e+16
8.936307718990217381e+02 1.298042250632929600e+16
8.939643406828586194e+02 1.297833799829064400e+16
8.942979094666955007e+02 1.297629099822446200e+16
8.946314782505324956e+02 1.297428160903687600e+16
8.949650470343692632e+02 1.297230993270343200e+16
8.952986158182061445e+02 1.297037607028379200e+16
8.956321846020431394e+02 1.296848012193556800e+16
8.959657533858799070e+02 1.296662218692749600e+16
8.962993221697169020e+02 1.296480236365171400e+16
8.966328909535537832e+02 1.296302074963536000e+16
8.969664597373905508e+02 1.296127744155134800e+16
8.973000285212275458e+02 1.295957253522846800e+16
8.976335973050643133e+02 1.295790612566057600e+16
8.979671660889013083e+02 1.295627830701528200e+16
8.983007348727381896e+02 1.295468917264166400e+16
8.986343036565749571e+02 1.295313881507742800e+16
8.989678724404119521e+02 1.295162732605527200e+16
8.993014412242488334e+02 1.295015479650851200e+16
8.996350100080857146e+02 1.294872131657607800e+16
8.999685787919225959e+02 1.294732697560675200e+16
9.003021475757594771e+02 1.294597186216275600e+16
9.006357163595963584e+02 1.294465606402260600e+16
9.009692851434332397e+02 1.294337966818332400e+16
9.013028539272702346e+02 1.294214276086202000e+16
9.016364227111070022e+02 1.294094542749669000e+16
9.019699914949438835e+02 1.293978775274652000e+16
9.023035602787808784e+02 1.293866982049139600e+16
9.026371290626176460e+02 1.293759171383090000e+16
9.029706978464546410e+02 1.293655351508255600e+16
9.033042666302915222e+02 1.293555530577956400e+16
9.036378354141282898e+02 1.293459716666782000e+16
9.039714041979652848e+02 1.293367917770244600e+16
9.043049729818021660e+02 1.293280141804352400e+16
9.046385417656390473e+02 1.293196396605148200e+16
9.049721105494759286e+02 1.293116689928167000e+16
9.053056793333128098e+02 1.293041029447852000e+16
9.056392481171496911e+02 1.292969422756902400e+16
9.059728169009865724e+02 1.292901877365570400e+16
9.063063856848235673e+02 1.292838400700901200e+16
9.066399544686603349e+02 1.292779000105915800e+16
9.069735232524972162e+02 1.292723682838744000e+16
9.073070920363342111e+02 1.292672456071699600e+16
9.076406608201709787e+02 1.292625326890301600e+16
9.079742296040079736e+02 1.292582302292250600e+16
9.083077983878448549e+02 1.292543389186342800e+16
9.086413671716816225e+02 1.292508594391342800e+16
9.089749359555186174e+02 1.292477924634802600e+16
9.093085047393553850e+02 1.292451386551824400e+16
9.096420735231923800e+02 1.292428986683790600e+16
9.099756423070292612e+02 1.292410731477024600e+16
9.103092110908660288e+02 1.292396627281427200e+16
9.106427798747030238e+02 1.292386680349043200e+16
9.109763486585399050e+02 1.292380896832599200e+16
9.113099174423767863e+02 1.292379282783986800e+16
9.116434862262136676e+02 1.292381844152704800e+16
9.119770550100505488e+02 1.292388586784250800e+16
9.123106237938874301e+02 1.292399516418483200e+16
9.126441925777243114e+02 1.292414638687918400e+16
9.129777613615613063e+02 1.292433959116008800e+16
9.133113301453980739e+02 1.292457483115359200e+16
9.136448989292349552e+02 1.292485215985917600e+16
9.139784677130719501e+02 1.292517162913112800e+16
9.143120364969087177e+02 1.292553328965958800e+16
9.146456052807457127e+02 1.292593719095119200e+16
9.149791740645825939e+02 1.292638338130931200e+16
9.153127428484193615e+02 1.292687190781389200e+16
9.156463116322563565e+02 1.292740281630096400e+16
9.159798804160932377e+02 1.292797615134172400e+16
9.163134491999301190e+02 1.292859195622129400e+16
9.166470179837670003e+02 1.292925027291709600e+16
9.169805867676038815e+02 1.292995114207684200e+16
9.173141555514407628e+02 1.293069460299629000e+16
9.176477243352776441e+02 1.293148069359645000e+16
9.179812931191144116e+02 1.293230945040067200e+16
9.183148619029514066e+02 1.293318090851126400e+16
9.186484306867882879e+02 1.293409510158579600e+16
9.189819994706252828e+02 1.293505206181310800e+16
9.193155682544620504e+02 1.293605181988902000e+16
9.196491370382989317e+02 1.293709440499163000e+16
9.199827058221359266e+02 1.293817984475646400e+16
9.203162746059726942e+02 1.293930816525113600e+16
9.206498433898096891e+02 1.294047939094988800e+16
9.209834121736464567e+02 1.294169354470767400e+16
9.213169809574833380e+02 1.294295064773411800e+16
9.216505497413203329e+02 1.294425071956704000e+16
9.219841185251571005e+02 1.294559377804582000e+16
9.223176873089940955e+02 1.294697983928440800e+16
9.226512560928309767e+02 1.294840891764413200e+16
9.229848248766677443e+02 1.294988102570620800e+16
9.233183936605047393e+02 1.295139617424398600e+16
9.236519624443416205e+02 1.295295437219498000e+16
9.239855312281785018e+02 1.295455562663262800e+16
9.243191000120153831e+02 1.295619994273782000e+16
9.246526687958522643e+02 1.295788732377016600e+16
9.249862375796891456e+02 1.295961777103911600e+16
9.253198063635260269e+02 1.296139128387471000e+16
9.256533751473630218e+02 1.296320785959830800e+16
9.259869439311997894e+02 1.296506749349287600e+16
9.263205127150366707e+02 1.296697017877329600e+16
9.266540814988736656e+02 1.296891590655630200e+16
9.269876502827104332e+02 1.297090466583031600e+16
9.273212190665474282e+02 1.297293644342503000e+16
9.276547878503843094e+02 1.297501122398086400e+16
9.279883566342210770e+02 1.297712898991823200e+16
9.283219254180580720e+02 1.297928972140659600e+16
9.286554942018949532e+02 1.298149339633339800e+16
9.289890629857318345e+02 1.298373999027283600e+16
9.293226317695687158e+02 1.298602947645443600e+16
9.296562005534054833e+02 1.298836182573155800e+16
9.299897693372424783e+02 1.299073700654969600e+16
9.303233381210793596e+02 1.299315498491464400e+16
9.306569069049163545e+02 1.299561572436064000e+16
9.309904756887531221e+02 1.299811918591824400e+16
9.313240444725900034e+02 1.300066532808219600e+16
9.316576132564269983e+02 1.300325410677917800e+16
9.319911820402637659e+02 1.300588547533539200e+16
9.323247508241007608e+02 1.300855938444419400e+16
9.326583196079375284e+02 1.301127578213349200e+16
9.329918883917744097e+02 1.301403461373318800e+16
9.333254571756114046e+02 1.301683582184249200e+16
9.336590259594481722e+02 1.301967934629719600e+16
9.339925947432851672e+02 1.302256512413692400e+16
9.343261635271220484e+02 1.302549308957229400e+16
9.346597323109588160e+02 1.302846317395212600e+16
9.349933010947958110e+02 1.303147530573051600e+16
9.353268698786326922e+02 1.303452941043402200e+16
9.356604386624695735e+02 1.303762541062875400e+16
9.359940074463064548e+02 1.304076322588753600e+16
9.363275762301433360e+02 1.304394277275702000e+16
9.366611450139802173e+02 1.304716396472490400e+16
9.369947137978170986e+02 1.305042671218709800e+16
9.373282825816540935e+02 1.305373092241504000e+16
9.376618513654908611e+02 1.305707649952296000e+16
9.379954201493277424e+02 1.306046334443532800e+16
9.383289889331647373e+02 1.306389135485429200e+16
9.386625577170015049e+02 1.306736042522721800e+16
9.389961265008384999e+02 1.307087044671442000e+16
9.393296952846753811e+02 1.307442130715687600e+16
9.396632640685121487e+02 1.307801289104418000e+16
9.399968328523491436e+02 1.308164507948259200e+16
9.403304016361860249e+02 1.308531775016319600e+16
9.406639704200229062e+02 1.308903077733033600e+16
9.409975392038597874e+02 1.309278403175008800e+16
9.413311079876965550e+02 1.309657738067907200e+16
9.416646767715335500e+02 1.310041068783332800e+16
9.419982455553704312e+02 1.310428381335753600e+16
9.423318143392074262e+02 1.310819661379439000e+16
9.426653831230441938e+02 1.311214894205422200e+16
9.429989519068810750e+02 1.311614064738495600e+16
9.433325206907179563e+02 1.312017157534225200e+16
9.436660894745548376e+02 1.312424156776001200e+16
9.439996582583918325e+02 1.312835046272116200e+16
9.443332270422286001e+02 1.313249809452875200e+16
9.446667958260654814e+02 1.313668429367742600e+16
9.450003646099024763e+02 1.314090888682523000e+16
9.453339333937392439e+02 1.314517169676574800e+16
9.456675021775762389e+02 1.314947254240076400e+16
9.460010709614131201e+02 1.315381123871313600e+16
9.463346397452498877e+02 1.315818759674029600e+16
9.466682085290868827e+02 1.316260142354802600e+16
9.470017773129237639e+02 1.316705252220478400e+16
9.473353460967606452e+02 1.317154069175650000e+16
9.476689148805975265e+02 1.317606572720183200e+16
9.480024836644344077e+02 1.318062741946797600e+16
9.483360524482712890e+02 1.318522555538699600e+16
9.486696212321081703e+02 1.318985991767266800e+16
9.490031900159451652e+02 1.319453028489799400e+16
9.493367587997819328e+02 1.319923643147318400e+16
9.496703275836188141e+02 1.320397812762434600e+16
9.500038963674558090e+02 1.320875513937276000e+16
9.503374651512925766e+02 1.321356722851483000e+16
9.506710339351295715e+02 1.321841415260266400e+16
9.510046027189664528e+02 1.322329566492541200e+16
9.513381715028032204e+02 1.322821151449126000e+16
9.516717402866402153e+02 1.323316144601018400e+16
9.520053090704770966e+02 1.323814519987746000e+16
9.523388778543139779e+02 1.324316251215796000e+16
9.526724466381508591e+02 1.324821311457119000e+16
9.530060154219876267e+02 1.325329673447724800e+16
9.533395842058246217e+02 1.325841309486354400e+16
9.536731529896615029e+02 1.326356191433240000e+16
9.540067217734984979e+02 1.326874290708955200e+16
9.543402905573352655e+02 1.327395578293355800e+16
9.546738593411721467e+02 1.327920024724613400e+16
9.550074281250090280e+02 1.328447600098342400e+16
9.553409969088459093e+02 1.328978274066829200e+16
9.556745656926829042e+02 1.329512015838355200e+16
9.560081344765196718e+02 1.330048794176626400e+16
9.563417032603565531e+02 1.330588577400306000e+16
9.566752720441935480e+02 1.331131333382654000e+16
9.570088408280303156e+02 1.331677029551272400e+16
9.573424096118673106e+02 1.332225632887968200e+16
9.576759783957041918e+02 1.332777109928721200e+16
9.580095471795409594e+02 1.333331426763776400e+16
9.583431159633779544e+02 1.333888549037847200e+16
9.586766847472148356e+02 1.334448441950442800e+16
9.590102535310517169e+02 1.335011070256314000e+16
9.593438223148885982e+02 1.335576398266030000e+16
9.596773910987254794e+02 1.336144389846675600e+16
9.600109598825623607e+02 1.336715008422680000e+16
9.603445286663992420e+02 1.337288216976776200e+16
9.606780974502362369e+02 1.337863978051098000e+16
9.610116662340730045e+02 1.338442253748402400e+16
9.613452350179098858e+02 1.339023005733442000e+16
9.616788038017468807e+02 1.339606195234464800e+16
9.620123725855836483e+02 1.340191783044868600e+16
9.623459413694205296e+02 1.340779729524986800e+16
9.626795101532575245e+02 1.341369994604027600e+16
9.630130789370942921e+02 1.341962537782158400e+16
9.633466477209312870e+02 1.342557318132743800e+16
9.636802165047681683e+02 1.343154294304724600e+16
9.640137852886049359e+02 1.343753424525164000e+16
9.643473540724419308e+02 1.344354666601940400e+16
9.646809228562786984e+02 1.344957977926597600e+16
9.650144916401156934e+02 1.345563315477356400e+16
9.653480604239525746e+02 1.346170635822286400e+16
9.656816292077893422e+02 1.346779895122636400e+16
9.660151979916263372e+02 1.347391049136336600e+16
9.663487667754632184e+02 1.348004053221652400e+16
9.666823355593000997e+02 1.348618862341017800e+16
9.670159043431369810e+02 1.349235431065029600e+16
9.673494731269738622e+02 1.349853713576613200e+16
9.676830419108107435e+02 1.350473663675360200e+16
9.680166106946476248e+02 1.351095234782028400e+16
9.683501794784846197e+02 1.351718379943233600e+16
9.686837482623213873e+02 1.352343051836291600e+16
9.690173170461582686e+02 1.352969202774256200e+16
9.693508858299952635e+02 1.353596784711117200e+16
9.696844546138320311e+02 1.354225749247182800e+16
9.700180233976690261e+02 1.354856047634640000e+16
9.703515921815059073e+02 1.355487630783286000e+16
9.706851609653426749e+02 1.356120449266443600e+16
9.710187297491796699e+02 1.356754453327054400e+16
9.713522985330165511e+02 1.357389592883949200e+16
9.716858673168534324e+02 1.358025817538297200e+16
9.720194361006903137e+02 1.358663076580239200e+16
9.723530048845271949e+02 1.359301318995693400e+16
9.726865736683640762e+02 1.359940493473348800e+16
9.730201424522009575e+02 1.360580548411826800e+16
9.733537112360379524e+02 1.361221431927034000e+16
9.736872800198747200e+02 1.361863091859684400e+16
9.740208488037116012e+02 1.362505475783003000e+16
9.743544175875485962e+02 1.363148531010609000e+16
9.746879863713853638e+02 1.363792204604569400e+16
9.750215551552223587e+02 1.364436443383635200e+16
9.753551239390592400e+02 1.365081193931648200e+16
9.756886927228960076e+02 1.365726402606123600e+16
9.760222615067330025e+02 1.366372015547003800e+16
9.763558302905697701e+02 1.367017978685584000e+16
9.766893990744067651e+02 1.367664237753609200e+16
9.770229678582436463e+02 1.368310738292531000e+16
9.773565366420804139e+02 1.368957425662948000e+16
9.776901054259174089e+02 1.369604245054189200e+16
9.780236742097542901e+02 1.370251141494079000e+16
9.783572429935911714e+02 1.370898059858850000e+16
9.786908117774280527e+02 1.371544944883216800e+16
9.790243805612649339e+02 1.372191741170613600e+16
9.793579493451018152e+02 1.372838393203573000e+16
9.796915181289386965e+02 1.373484845354258800e+16
9.800250869127756914e+02 1.374131041895157600e+16
9.803586556966124590e+02 1.374776927009896600e+16
9.806922244804493403e+02 1.375422444804220200e+16
9.810257932642863352e+02 1.376067539317094000e+16
9.813593620481231028e+02 1.376712154531948600e+16
9.816929308319600977e+02 1.377356234388055800e+16
9.820264996157969790e+02 1.377999722792031400e+16
9.823600683996337466e+02 1.378642563629464200e+16
9.826936371834707415e+02 1.379284700776661600e+16
9.830272059673076228e+02 1.379926078112517000e+16
9.833607747511445041e+02 1.380566639530488000e+16
9.836943435349813853e+02 1.381206328950680800e+16
9.840279123188182666e+02 1.381845090332038400e+16
9.843614811026551479e+02 1.382482867684638000e+16
9.846950498864920291e+02 1.383119605082061200e+16
9.850286186703290241e+02 1.383755246673880800e+16
9.853621874541657917e+02 1.384389736698212400e+16
9.856957562380026729e+02 1.385023019494358600e+16
9.860293250218396679e+02 1.385655039515519200e+16
9.863628938056764355e+02 1.386285741341575400e+16
9.866964625895134304e+02 1.386915069691942600e+16
9.870300313733503117e+02 1.387542969438473800e+16
9.873636001571870793e+02 1.388169385618424000e+16
9.876971689410240742e+02 1.388794263447457600e+16
9.880307377248608418e+02 1.389417548332697200e+16
9.883643065086978368e+02 1.390039185885819200e+16
9.886978752925347180e+02 1.390659121936160000e+16
9.890314440763714856e+02 1.391277302543872000e+16
9.893650128602084806e+02 1.391893674013072000e+16
9.896985816440453618e+02 1.392508182905021400e+16
9.900321504278822431e+02 1.393120776051304600e+16
9.903657192117191244e+02 1.393731400567002800e+16
9.906992879955560056e+02 1.394340003863869600e+16
9.910328567793928869e+02 1.394946533663489200e+16
9.913664255632297682e+02 1.395550938010412200e+16
9.916999943470667631e+02 1.396153165285272000e+16
9.920335631309035307e+02 1.396753164217859600e+16
9.923671319147404120e+02 1.397350883900168200e+16
9.927007006985774069e+02 1.397946273799383000e+16
9.930342694824141745e+02 1.398539283770824800e+16
9.933678382662511694e+02 1.399129864070830000e+16
9.937014070500880507e+02 1.399717965369565600e+16
9.940349758339248183e+02 1.400303538763773600e+16
9.943685446177618132e+02 1.400886535789429000e+16
9.947021134015986945e+02 1.401466908434316400e+16
9.950356821854355758e+02 1.402044609150515200e+16
9.953692509692724570e+02 1.402619590866778400e+16
9.957028197531093383e+02 1.403191807000807200e+16
9.960363885369462196e+02 1.403761211471417200e+16
9.963699573207831008e+02 1.404327758710570800e+16
9.967035261046200958e+02 1.404891403675301200e+16
9.970370948884568634e+02 1.405452101859485400e+16
9.973706636722937446e+02 1.406009809305491200e+16
9.977042324561307396e+02 1.406564482615664800e+16
9.980378012399675072e+02 1.407116078963676600e+16
9.983713700238045021e+02 1.407664556105698000e+16
9.987049388076413834e+02 1.408209872391422400e+16
9.990385075914781510e+02 1.408751986774903200e+16
9.993720763753151459e+02 1.409290858825222600e+16
9.997056451591519135e+02 1.409826448736969600e+16
1.000039213942988908e+03 1.410358717340534400e+16
1.000372782726825790e+03 1.410887626112196600e+16
1.000706351510662557e+03 1.411413137184022600e+16
1.001039920294499552e+03 1.411935213353552200e+16
1.001373489078336434e+03 1.412453818093260600e+16
1.001707057862173315e+03 1.412968915559822000e+16
1.002040626646010196e+03 1.413480470603130400e+16
1.002374195429847077e+03 1.413988448775104400e+16
1.002707764213683959e+03 1.414492816338252200e+16
1.003041332997520840e+03 1.414993540273995000e+16
1.003374901781357721e+03 1.415490588290751800e+16
1.003708470565194602e+03 1.415983928831778200e+16
1.004042039349031484e+03 1.416473531082739000e+16
1.004375608132868479e+03 1.416959364979042800e+16
1.004709176916705246e+03 1.417441401212898000e+16
1.005042745700542127e+03 1.417919611240118400e+16
1.005376314484379122e+03 1.418393967286646800e+16
1.005709883268215890e+03 1.418864442354814400e+16
1.006043452052052885e+03 1.419331010229325400e+16
1.006377020835889766e+03 1.419793645482958800e+16
1.006710589619726534e+03 1.420252323481985200e+16
1.007044158403563529e+03 1.420707020391310200e+16
1.007377727187400410e+03 1.421157713179316600e+16
1.007711295971237291e+03 1.421604379622428800e+16
1.008044864755074173e+03 1.422046998309374400e+16
1.008378433538910940e+03 1.422485548645162800e+16
1.008712002322747935e+03 1.422920010854759200e+16
1.009045571106584816e+03 1.423350365986464800e+16
1.009379139890421811e+03 1.423776595914998000e+16
1.009712708674258579e+03 1.424198683344274400e+16
1.010046277458095460e+03 1.424616611809889600e+16
1.010379846241932455e+03 1.425030365681292800e+16
1.010713415025769223e+03 1.425439930163667400e+16
1.011046983809606218e+03 1.425845291299499200e+16
1.011380552593442985e+03 1.426246435969850600e+16
1.011714121377279866e+03 1.426643351895326400e+16
1.012047690161116861e+03 1.427036027636741800e+16
1.012381258944953629e+03 1.427424452595479600e+16
1.012714827728790624e+03 1.427808617013559200e+16
1.013048396512627505e+03 1.428188511973393600e+16
1.013381965296464273e+03 1.428564129397255600e+16
1.013715534080301268e+03 1.428935462046440400e+16
1.014049102864138149e+03 1.429302503520136400e+16
1.014382671647975030e+03 1.429665248253998400e+16
1.014716240431811912e+03 1.430023691518429000e+16
1.015049809215648793e+03 1.430377829416570400e+16
1.015383377999485674e+03 1.430727658882013800e+16
1.015716946783322555e+03 1.431073177676204400e+16
1.016050515567159550e+03 1.431414384385593200e+16
1.016384084350996318e+03 1.431751278418477400e+16
1.016717653134833199e+03 1.432083860001591600e+16
1.017051221918670194e+03 1.432412130176409000e+16
1.017384790702506962e+03 1.432736090795173600e+16
1.017718359486343957e+03 1.433055744516675600e+16
1.018051928270180838e+03 1.433371094801756600e+16
1.018385497054017605e+03 1.433682145908556800e+16
1.018719065837854600e+03 1.433988902887512600e+16
1.019052634621691482e+03 1.434291371576098400e+16
1.019386203405528363e+03 1.434589558593325200e+16
1.019719772189365244e+03 1.434883471334001400e+16
1.020053340973202012e+03 1.435173117962752400e+16
1.020386909757039007e+03 1.435458507407810600e+16
1.020720478540875888e+03 1.435739649354578800e+16
1.021054047324712883e+03 1.436016554238974200e+16
1.021387616108549651e+03 1.436289233240553200e+16
1.021721184892386532e+03 1.436557698275430000e+16
1.022054753676223527e+03 1.436821961988982800e+16
1.022388322460060294e+03 1.437082037748367200e+16
1.022721891243897289e+03 1.437337939634834800e+16
1.023055460027734057e+03 1.437589682435857200e+16
1.023389028811570938e+03 1.437837281637074000e+16
1.023722597595407933e+03 1.438080753414067600e+16
1.024056166379244814e+03 1.438320114623952800e+16
1.024389735163081696e+03 1.438555382796818000e+16
1.024723303946918577e+03 1.438786576127001600e+16
1.025056872730755458e+03 1.439013713464214000e+16
1.025390441514592339e+03 1.439236814304515400e+16
1.025724010298429221e+03 1.439455898781157000e+16
1.026057579082266102e+03 1.439670987655285600e+16
1.026391147866102983e+03 1.439882102306518000e+16
1.026724716649939865e+03 1.440089264723405800e+16
1.027058285433776746e+03 1.440292497493772200e+16
1.027391854217613627e+03 1.440491823794952800e+16
1.027725423001450508e+03 1.440687267383923200e+16
1.028058991785287390e+03 1.440878852587344800e+16
1.028392560569124271e+03 1.441066604291511600e+16
1.028726129352961152e+03 1.441250547932218800e+16
1.029059698136798033e+03 1.441430709484552400e+16
1.029393266920634915e+03 1.441607115452617600e+16
1.029726835704471796e+03 1.441779792859193600e+16
1.030060404488308677e+03 1.441948769235336400e+16
1.030393973272145558e+03 1.442114072609932800e+16
1.030727542055982440e+03 1.442275731499206800e+16
1.031061110839819548e+03 1.442433774896188000e+16
1.031394679623656202e+03 1.442588232260149400e+16
1.031728248407493084e+03 1.442739133506019600e+16
1.032061817191330192e+03 1.442886508993770800e+16
1.032395385975166846e+03 1.443030389517798400e+16
1.032728954759003955e+03 1.443170806296289600e+16
1.033062523542840836e+03 1.443307790960588400e+16
1.033396092326677490e+03 1.443441375544564600e+16
1.033729661110514598e+03 1.443571592473994000e+16
1.034063229894351480e+03 1.443698474555951000e+16
1.034396798678188361e+03 1.443822054968221000e+16
1.034730367462025242e+03 1.443942367248739000e+16
1.035063936245862124e+03 1.444059445285056000e+16
1.035397505029699005e+03 1.444173323303850000e+16
1.035731073813535886e+03 1.444284035860462800e+16
1.036064642597372767e+03 1.444391617828500000e+16
1.036398211381209649e+03 1.444496104389464000e+16
1.036731780165046530e+03 1.444597531022459800e+16
1.037065348948883411e+03 1.444695933493946400e+16
1.037398917732720292e+03 1.444791347847562400e+16
1.037732486516557174e+03 1.444883810394014400e+16
1.038066055300394055e+03 1.444973357701041200e+16
1.038399624084230936e+03 1.445060026583459000e+16
1.038733192868067817e+03 1.445143854093279600e+16
1.039066761651904699e+03 1.445224877509921800e+16
1.039400330435741580e+03 1.445303134330506400e+16
1.039733899219578461e+03 1.445378662260252000e+16
1.040067468003415343e+03 1.445451499202954400e+16
1.040401036787252224e+03 1.445521683251578200e+16
1.040734605571089105e+03 1.445589252678942400e+16
1.041068174354925986e+03 1.445654245928521200e+16
1.041401743138762868e+03 1.445716701605340400e+16
1.041735311922599749e+03 1.445776658467005200e+16
1.042068880706436630e+03 1.445834155414819800e+16
1.042402449490273511e+03 1.445889231485045000e+16
1.042736018274110620e+03 1.445941925840262400e+16
1.043069587057947274e+03 1.445992277760867200e+16
1.043403155841784155e+03 1.446040326636682000e+16
1.043736724625621264e+03 1.446086111958700800e+16
1.044070293409457918e+03 1.446129673310956200e+16
1.044403862193295026e+03 1.446171050362523400e+16
1.044737430977131908e+03 1.446210282859649200e+16
1.045070999760968562e+03 1.446247410618021200e+16
1.045404568544805670e+03 1.446282473515168000e+16
1.045738137328642551e+03 1.446315511482995600e+16
1.046071706112479433e+03 1.446346564500462400e+16
1.046405274896316314e+03 1.446375672586396600e+16
1.046738843680153195e+03 1.446402875792442000e+16
1.047072412463990077e+03 1.446428214196160000e+16
1.047405981247826958e+03 1.446451727894258000e+16
1.047739550031663612e+03 1.446473456995968400e+16
1.048073118815500720e+03 1.446493441616568000e+16
1.048406687599337602e+03 1.446511721871034400e+16
1.048740256383174483e+03 1.446528337867857400e+16
1.049073825167011364e+03 1.446543329702978400e+16
1.049407393950848245e+03 1.446556737453885200e+16
1.049740962734685127e+03 1.446568601173842800e+16
1.050074531518522008e+03 1.446578960886268400e+16
1.050408100302358889e+03 1.446587856579252000e+16
1.050741669086195770e+03 1.446595328200213200e+16
1.051075237870032652e+03 1.446601415650704800e+16
1.051408806653869533e+03 1.446606158781356600e+16
1.051742375437706414e+03 1.446609597386957600e+16
1.052075944221543295e+03 1.446611771201680000e+16
1.052409513005380177e+03 1.446612719894439200e+16
1.052743081789217058e+03 1.446612483064398000e+16
1.053076650573053939e+03 1.446611100236600800e+16
1.053410219356890821e+03 1.446608610857747400e+16
1.053743788140727702e+03 1.446605054292101600e+16
1.054077356924564583e+03 1.446600469817534000e+16
1.054410925708401464e+03 1.446594896621692000e+16
1.054744494492238346e+03 1.446588373798310400e+16
1.055078063276075227e+03 1.446580940343641400e+16
1.055411632059912336e+03 1.446572635153021600e+16
1.055745200843748989e+03 1.446563497017558600e+16
1.056078769627585871e+03 1.446553564620945800e+16
1.056412338411422979e+03 1.446542876536401400e+16
1.056745907195259633e+03 1.446531471223725200e+16
1.057079475979096742e+03 1.446519387026482400e+16
1.057413044762933623e+03 1.446506662169295200e+16
1.057746613546770277e+03 1.446493334755263200e+16
1.058080182330607386e+03 1.446479442763483600e+16
1.058413751114444267e+03 1.446465024046699000e+16
1.058747319898281148e+03 1.446450116329043800e+16
1.059080888682118029e+03 1.446434757203904800e+16
1.059414457465954683e+03 1.446418984131887000e+16
1.059748026249791792e+03 1.446402834438883800e+16
1.060081595033628673e+03 1.446386345314249200e+16
1.060415163817465555e+03 1.446369553809072400e+16
1.060748732601302436e+03 1.446352496834545200e+16
1.061082301385139317e+03 1.446335211160431600e+16
1.061415870168976198e+03 1.446317733413626800e+16
1.061749438952813080e+03 1.446300100076806800e+16
1.062083007736649961e+03 1.446282347487177200e+16
1.062416576520486842e+03 1.446264511835293000e+16
1.062750145304323723e+03 1.446246629163974800e+16
1.063083714088160605e+03 1.446228735367309600e+16
1.063417282871997486e+03 1.446210866189718000e+16
1.063750851655834367e+03 1.446193057225117200e+16
1.064084420439671248e+03 1.446175343916146400e+16
1.064417989223508130e+03 1.446157761553475200e+16
1.064751558007345011e+03 1.446140345275173800e+16
1.065085126791181892e+03 1.446123130066164000e+16
1.065418695575018774e+03 1.446106150757725200e+16
1.065752264358855655e+03 1.446089442027077600e+16
1.066085833142692536e+03 1.446073038397016800e+16
1.066419401926529417e+03 1.446056974235615600e+16
1.066752970710366299e+03 1.446041283755982200e+16
1.067086539494203407e+03 1.446026001016071200e+16
1.067420108278040061e+03 1.446011159918557200e+16
1.067753677061876942e+03 1.445996794210747400e+16
1.068087245845714051e+03 1.445982937484558200e+16
1.068420814629550705e+03 1.445969623176524000e+16
1.068754383413387814e+03 1.445956884567869000e+16
1.069087952197224695e+03 1.445944754784598800e+16
1.069421520981061349e+03 1.445933266797662600e+16
1.069755089764898457e+03 1.445922453423128800e+16
1.070088658548735339e+03 1.445912347322410400e+16
1.070422227332572220e+03 1.445902981002526200e+16
1.070755796116409101e+03 1.445894386816389400e+16
1.071089364900245755e+03 1.445886596963133200e+16
1.071422933684082864e+03 1.445879643488465000e+16
1.071756502467919745e+03 1.445873558285040800e+16
1.072090071251756626e+03 1.445868373092881800e+16
1.072423640035593507e+03 1.445864119499793800e+16
1.072757208819430389e+03 1.445860828941831600e+16
1.073090777603267270e+03 1.445858532703764600e+16
1.073424346387104151e+03 1.445857261919569600e+16
1.073757915170941033e+03 1.445857047572946400e+16
1.074091483954777914e+03 1.445857920497839200e+16
1.074425052738614795e+03 1.445859911378973600e+16
1.074758621522451676e+03 1.445863050752417000e+16
1.075092190306288558e+03 1.445867369006130000e+16
1.075425759090125439e+03 1.445872896380548600e+16
1.075759327873962320e+03 1.445879662969158400e+16
1.076092896657799201e+03 1.445887698719083200e+16
1.076426465441636083e+03 1.445897033431679200e+16
1.076760034225472964e+03 1.445907696763124400e+16
1.077093603009309845e+03 1.445919718225026400e+16
1.077427171793146726e+03 1.445933127185010000e+16
1.077760740576983608e+03 1.445947952867329600e+16
1.078094309360820489e+03 1.445964224353454000e+16
1.078427878144657370e+03 1.445981970582673600e+16
1.078761446928494479e+03 1.446001220352685200e+16
1.079095015712331133e+03 1.446022002320183000e+16
1.079428584496168014e+03 1.446044345001436400e+16
1.079762153280005123e+03 1.446068276772873200e+16
1.080095722063841777e+03 1.446093825871634800e+16
1.080429290847678885e+03 1.446121020396147600e+16
1.080762859631515767e+03 1.446149888306660200e+16
1.081096428415352420e+03 1.446180457425791800e+16
1.081429997199189529e+03 1.446212755439050400e+16
1.081763565983026410e+03 1.446246809895356400e+16
1.082097134766863292e+03 1.446282648207535200e+16
1.082430703550700173e+03 1.446320297652813200e+16
1.082764272334536827e+03 1.446359785373285200e+16
1.083097841118373935e+03 1.446401138376379800e+16
1.083431409902210817e+03 1.446444383535292800e+16
1.083764978686047698e+03 1.446489547589422000e+16
1.084098547469884579e+03 1.446536657144771800e+16
1.084432116253721460e+03 1.446585738674345200e+16
1.084765685037558342e+03 1.446636818518518200e+16
1.085099253821395223e+03 1.446689922885393200e+16
1.085432822605232104e+03 1.446745077851137800e+16
1.085766391389068986e+03 1.446802309360295200e+16
1.086099960172905867e+03 1.446861643226087600e+16
1.086433528956742748e+03 1.446923105130684800e+16
1.086767097740579629e+03 1.446986720625464600e+16
1.087100666524416511e+03 1.447052515131244400e+16
1.087434235308253392e+03 1.447120513938492800e+16
1.087767804092090273e+03 1.447190742207523600e+16
1.088101372875927154e+03 1.447263224968663600e+16
1.088434941659764036e+03 1.447337987122395800e+16
1.088768510443600917e+03 1.447415053439490800e+16
1.089102079227437798e+03 1.447494448561102400e+16
1.089435648011274679e+03 1.447576196998850000e+16
1.089769216795111561e+03 1.447660323134874400e+16
1.090102785578948442e+03 1.447746851221872800e+16
1.090436354362785323e+03 1.447835805383102800e+16
1.090769923146622205e+03 1.447927209612379200e+16
1.091103491930459086e+03 1.448021087774028200e+16
1.091437060714296194e+03 1.448117463602835600e+16
1.091770629498132848e+03 1.448216360703955600e+16
1.092104198281969730e+03 1.448317802552816400e+16
1.092437767065806838e+03 1.448421812494977600e+16
1.092771335849643492e+03 1.448528413745985600e+16
1.093104904633480601e+03 1.448637629391196600e+16
1.093438473417317482e+03 1.448749482385574400e+16
1.093772042201154136e+03 1.448863995553470000e+16
1.094105610984991245e+03 1.448981191588376000e+16
1.094439179768827898e+03 1.449101093052654400e+16
1.094772748552665007e+03 1.449223722377253600e+16
1.095106317336501888e+03 1.449349101861384000e+16
1.095439886120338542e+03 1.449477253672186600e+16
1.095773454904175651e+03 1.449608199844374800e+16
1.096107023688012532e+03 1.449741962279848000e+16
1.096440592471849413e+03 1.449878562747294000e+16
1.096774161255686295e+03 1.450018022881753000e+16
1.097107730039523176e+03 1.450160364184181200e+16
1.097441298823360057e+03 1.450305608020975200e+16
1.097774867607196938e+03 1.450453775623480800e+16
1.098108436391033820e+03 1.450604888087481000e+16
1.098442005174870701e+03 1.450758966372666200e+16
1.098775573958707582e+03 1.450916031302074400e+16
1.099109142742544464e+03 1.451076103561522400e+16
1.099442711526381345e+03 1.451239203699004000e+16
1.099776280310218226e+03 1.451405352124080000e+16
1.100109849094055107e+03 1.451574569107240600e+16
1.100443417877891989e+03 1.451746874779251000e+16
1.100776986661728870e+03 1.451922289130475200e+16
1.101110555445565751e+03 1.452100832010183000e+16
1.101444124229402632e+03 1.452282523125838000e+16
1.101777693013239514e+03 1.452467382042366400e+16
1.102111261797076395e+03 1.452655428181402800e+16
1.102444830580913276e+03 1.452846680820528400e+16
1.102778399364750157e+03 1.453041159092478800e+16
1.103111968148587266e+03 1.453238881984342800e+16
1.103445536932423920e+03 1.453439868336739200e+16
1.103779105716260801e+03 1.453644136842980400e+16
1.104112674500097910e+03 1.453851706048214800e+16
1.104446243283934564e+03 1.454062594348551200e+16
1.104779812067771672e+03 1.454276819990179000e+16
1.105113380851608554e+03 1.454494401068449200e+16
1.105446949635445208e+03 1.454715355526963600e+16
1.105780518419282316e+03 1.454939701156636000e+16
1.106114087203118970e+03 1.455167455594737000e+16
1.106447655986956079e+03 1.455398636323925000e+16
1.106781224770792960e+03 1.455633260671267400e+16
1.107114793554629614e+03 1.455871345807237800e+16
1.107448362338466723e+03 1.456112908744712800e+16
1.107781931122303604e+03 1.456357966337932400e+16
1.108115499906140485e+03 1.456606535281469400e+16
1.108449068689977366e+03 1.456858632109169400e+16
1.108782637473814248e+03 1.457114273193088600e+16
1.109116206257651129e+03 1.457373474742405200e+16
1.109449775041488010e+03 1.457636252802327800e+16
1.109783343825324891e+03 1.457902623252988000e+16
1.110116912609161773e+03 1.458172601808320000e+16
1.110450481392998654e+03 1.458446204014926400e+16
1.110784050176835535e+03 1.458723445250931600e+16
1.111117618960672417e+03 1.459004340724826200e+16
1.111451187744509298e+03 1.459288905474299600e+16
1.111784756528346179e+03 1.459577154365049600e+16
1.112118325312183060e+03 1.459869102089601200e+16
1.112451894096019942e+03 1.460164763166093600e+16
1.112785462879856823e+03 1.460464151937068800e+16
1.113119031663693704e+03 1.460767282568240400e+16
1.113452600447530585e+03 1.461074169047263000e+16
1.113786169231367467e+03 1.461384825182477600e+16
1.114119738015204348e+03 1.461699264601655800e+16
1.114453306799041229e+03 1.462017500750728800e+16
1.114786875582878338e+03 1.462339546892511600e+16
1.115120444366714992e+03 1.462665416105407200e+16
1.115454013150551873e+03 1.462995121282114000e+16
1.115787581934388982e+03 1.463328675128313600e+16
1.116121150718225636e+03 1.463666090161348000e+16
1.116454719502062744e+03 1.464007378708899800e+16
1.116788288285899625e+03 1.464352552907646800e+16
1.117121857069736279e+03 1.464701624701918400e+16
1.117455425853573388e+03 1.465054605842339400e+16
1.117788994637410042e+03 1.465411507884465800e+16
1.118122563421247150e+03 1.465772342187406800e+16
1.118456132205084032e+03 1.466137119912449600e+16
1.118789700988920686e+03 1.466505852021659200e+16
1.119123269772757794e+03 1.466878549276487600e+16
1.119456838556594676e+03 1.467255222236360000e+16
1.119790407340431557e+03 1.467635881257258200e+16
1.120123976124268438e+03 1.468020536490301600e+16
1.120457544908105319e+03 1.468409197880307600e+16
1.120791113691942201e+03 1.468801875164357600e+16
1.121124682475779082e+03 1.469198577870344800e+16
1.121458251259615963e+03 1.469599315315518400e+16
1.121791820043452844e+03 1.470004096605021600e+16
1.122125388827289726e+03 1.470412930630420000e+16
1.122458957611126607e+03 1.470825826068220400e+16
1.122792526394963488e+03 1.471242791378390000e+16
1.123126095178800369e+03 1.471663834802859200e+16
1.123459663962637251e+03 1.472088964364022400e+16
1.123793232746474132e+03 1.472518187863231200e+16
1.124126801530311013e+03 1.472951512879279800e+16
1.124460370314147895e+03 1.473388946766883600e+16
1.124793939097984776e+03 1.473830496655152600e+16
1.125127507881821657e+03 1.474276169446055200e+16
1.125461076665658538e+03 1.474725971812880400e+16
1.125794645449495420e+03 1.475179910198687200e+16
1.126128214233332301e+03 1.475637990814752000e+16
1.126461783017169410e+03 1.476100219639008800e+16
1.126795351801006063e+03 1.476566602414486000e+16
1.127128920584842945e+03 1.477037144647729600e+16
1.127462489368680053e+03 1.477511851607228000e+16
1.127796058152516707e+03 1.477990728321830800e+16
1.128129626936353816e+03 1.478473779579155000e+16
1.128463195720190697e+03 1.478961009923991800e+16
1.128796764504027351e+03 1.479452423656710200e+16
1.129130333287864460e+03 1.479948024831646800e+16
1.129463902071701114e+03 1.480447817255497600e+16
1.129797470855538222e+03 1.480951804485703600e+16
1.130131039639375103e+03 1.481459989828827600e+16
1.130464608423211757e+03 1.481972376338932000e+16
1.130798177207048866e+03 1.482488966815947600e+16
1.131131745990885747e+03 1.483009763804041600e+16
1.131465314774722628e+03 1.483534769589974800e+16
1.131798883558559510e+03 1.484063986201467200e+16
1.132132452342396391e+03 1.484597415405543600e+16
1.132466021126233272e+03 1.485135058706889600e+16
1.132799589910070154e+03 1.485676917346195200e+16
1.133133158693907035e+03 1.486222992298496800e+16
1.133466727477743916e+03 1.486773284271521600e+16
1.133800296261580797e+03 1.487327793704021200e+16
1.134133865045417679e+03 1.487886520764107200e+16
1.134467433829254560e+03 1.488449465347581400e+16
1.134801002613091441e+03 1.489016627076267600e+16
1.135134571396928322e+03 1.489588005296337200e+16
1.135468140180765204e+03 1.490163599076632000e+16
1.135801708964602085e+03 1.490743407206996400e+16
1.136135277748438966e+03 1.491327428196589800e+16
1.136468846532275847e+03 1.491915660272214600e+16
1.136802415316112729e+03 1.492508101376632400e+16
1.137135984099949610e+03 1.493104749166888000e+16
1.137469552883786491e+03 1.493705601012625400e+16
1.137803121667623373e+03 1.494310653994406800e+16
1.138136690451460254e+03 1.494919904902038600e+16
1.138470259235297135e+03 1.495533350232885200e+16
1.138803828019134016e+03 1.496150986190190600e+16
1.139137396802971125e+03 1.496772808681405800e+16
1.139470965586807779e+03 1.497398813316510200e+16
1.139804534370644660e+03 1.498028995406334800e+16
1.140138103154481769e+03 1.498663349960897600e+16
1.140471671938318423e+03 1.499301871687727600e+16
1.140805240722155531e+03 1.499944554990203600e+16
1.141138809505992185e+03 1.500591393965889800e+16
1.141472378289829066e+03 1.501242382404877600e+16
1.141805947073666175e+03 1.501897513788130400e+16
1.142139515857502829e+03 1.502556781285836000e+16
1.142473084641339938e+03 1.503220177755758800e+16
1.142806653425176819e+03 1.503887695741604800e+16
1.143140222209013473e+03 1.504559327471384000e+16
1.143473790992850581e+03 1.505235064855786800e+16
1.143807359776687463e+03 1.505914899486561600e+16
1.144140928560524344e+03 1.506598822634906000e+16
1.144474497344361225e+03 1.507286825249858200e+16
1.144808066128198107e+03 1.507978897956702400e+16
1.145141634912034988e+03 1.508675031055382400e+16
1.145475203695871869e+03 1.509375214518923600e+16
1.145808772479708750e+03 1.510079437991863600e+16
1.146142341263545632e+03 1.510787690788693200e+16
1.146475910047382513e+03 1.511499961892314400e+16
1.146809478831219394e+03 1.512216239952505000e+16
1.147143047615056275e+03 1.512936513284391000e+16
1.147476616398893157e+03 1.513660769866942400e+16
1.147810185182730038e+03 1.514388997341474200e+16
1.148143753966566919e+03 1.515121183010165400e+16
1.148477322750403800e+03 1.515857313834588800e+16
1.148810891534240682e+03 1.516597376434263200e+16
1.149144460318077563e+03 1.517341357085211200e+16
1.149478029101914444e+03 1.518089241718545200e+16
1.149811597885751326e+03 1.518841015919058400e+16
1.150145166669588207e+03 1.519596664923847200e+16
1.150478735453425088e+03 1.520356173620940400e+16
1.150812304237262197e+03 1.521119526547954000e+16
1.151145873021098851e+03 1.521886707890761400e+16
1.151479441804935732e+03 1.522657701482195600e+16
1.151813010588772840e+03 1.523432490800756600e+16
1.152146579372609494e+03 1.524211058969352400e+16
1.152480148156446603e+03 1.524993388754061000e+16
1.152813716940283257e+03 1.525779462562912400e+16
1.153147285724120138e+03 1.526569262444700800e+16
1.153480854507957247e+03 1.527362770087815200e+16
1.153814423291793901e+03 1.528159966819104000e+16
1.154147992075631009e+03 1.528960833602760200e+16
1.154481560859467891e+03 1.529765351039234800e+16
1.154815129643304545e+03 1.530573499364184400e+16
1.155148698427141653e+03 1.531385258447441800e+16
1.155482267210978534e+03 1.532200607792018800e+16
1.155815835994815416e+03 1.533019526533139800e+16
1.156149404778652297e+03 1.533841993437309400e+16
1.156482973562489178e+03 1.534667986901410200e+16
1.156816542346326059e+03 1.535497484951835600e+16
1.157150111130162941e+03 1.536330465243654200e+16
1.157483679913999822e+03 1.537166905059814000e+16
1.157817248697836703e+03 1.538006781310379200e+16
1.158150817481673585e+03 1.538850070531804000e+16
1.158484386265510466e+03 1.539696748886251600e+16
1.158817955049347347e+03 1.540546792160936200e+16
1.159151523833184228e+03 1.541400175767522000e+16
1.159485092617021110e+03 1.542256874741552400e+16
1.159818661400857991e+03 1.543116863741925800e+16
1.160152230184694872e+03 1.543980117050408400e+16
1.160485798968531753e+03 1.544846608571196600e+16
1.160819367752368635e+03 1.545716311830519200e+16
1.161152936536205516e+03 1.546589199976285200e+16
1.161486505320042397e+03 1.547465245777780600e+16
1.161820074103879278e+03 1.548344421625413200e+16
1.162153642887716160e+03 1.549226699530492600e+16
1.162487211671553268e+03 1.550112051125080400e+16
1.162820780455389922e+03 1.551000447661870400e+16
1.163154349239226804e+03 1.551891860014132000e+16
1.163487918023063912e+03 1.552786258675699400e+16
1.163821486806900566e+03 1.553683613761014000e+16
1.164155055590737675e+03 1.554583895005222400e+16
1.164488624374574329e+03 1.555487071764325000e+16
1.164822193158411210e+03 1.556393113015385000e+16
1.165155761942248319e+03 1.557301987356788800e+16
1.165489330726084972e+03 1.558213663008562800e+16
1.165822899509922081e+03 1.559128107812754000e+16
1.166156468293758962e+03 1.560045289233864600e+16
1.166490037077595616e+03 1.560965174359344400e+16
1.166823605861432725e+03 1.561887729900152200e+16
1.167157174645269606e+03 1.562812922191365600e+16
1.167490743429106487e+03 1.563740717192868000e+16
1.167824312212943369e+03 1.564671080490080600e+16
1.168157880996780250e+03 1.565603977294782000e+16
1.168491449780617131e+03 1.566539372445966000e+16
1.168825018564454012e+03 1.567477230410785400e+16
1.169158587348290894e+03 1.568417515285552400e+16
1.169492156132127775e+03 1.569360190796805200e+16
1.169825724915964656e+03 1.570305220302450800e+16
1.170159293699801538e+03 1.571252566792967400e+16
1.170492862483638419e+03 1.572202192892677600e+16
1.170826431267475300e+03 1.573154060861099800e+16
1.171160000051312181e+03 1.574108132594353200e+16
1.171493568835149063e+03 1.575064369626657600e+16
1.171827137618985944e+03 1.576022733131884400e+16
1.172160706402822825e+03 1.576983183925189200e+16
1.172494275186659706e+03 1.577945682464722600e+16
1.172827843970496588e+03 1.578910188853399400e+16
1.173161412754333469e+03 1.579876662840764400e+16
1.173494981538170350e+03 1.580845063824911200e+16
1.173828550322007231e+03 1.581815350854494000e+16
1.174162119105844113e+03 1.582787482630800600e+16
1.174495687889680994e+03 1.583761417509919400e+16
1.174829256673518103e+03 1.584737113504967400e+16
1.175162825457354757e+03 1.585714528288402800e+16
1.175496394241191638e+03 1.586693619194416800e+16
1.175829963025028519e+03 1.587674343221406400e+16
1.176163531808865400e+03 1.588656657034511600e+16
1.176497100592702509e+03 1.589640516968252800e+16
1.176830669376539390e+03 1.590625879029231200e+16
1.177164238160376044e+03 1.591612698898916400e+16
1.177497806944212925e+03 1.592600931936512400e+16
1.177831375728049807e+03 1.593590533181901800e+16
1.178164944511886915e+03 1.594581457358680000e+16
1.178498513295723797e+03 1.595573658877249200e+16
1.178832082079560678e+03 1.596567091838021000e+16
1.179165650863397332e+03 1.597561710034675200e+16
1.179499219647234213e+03 1.598557466957516600e+16
1.179832788431071322e+03 1.599554315796898800e+16
1.180166357214908203e+03 1.600552209446741200e+16
1.180499925998745084e+03 1.601551100508119200e+16
1.180833494782581965e+03 1.602550941292942400e+16
1.181167063566418619e+03 1.603551683827699800e+16
1.181500632350255728e+03 1.604553279857304200e+16
1.181834201134092609e+03 1.605555680849001200e+16
1.182167769917929490e+03 1.606558837996364800e+16
1.182501338701766372e+03 1.607562702223377600e+16
1.182834907485603026e+03 1.608567224188582000e+16
1.183168476269440134e+03 1.609572354289312800e+16
1.183502045053277016e+03 1.610578042666012800e+16
1.183835613837113897e+03 1.611584239206624200e+16
1.184169182620950778e+03 1.612590893551057600e+16
1.184502751404787659e+03 1.613597955095738400e+16
1.184836320188624768e+03 1.614605372998234200e+16
1.185169888972461422e+03 1.615613096181946000e+16
1.185503457756298303e+03 1.616621073340897600e+16
1.185837026540135184e+03 1.617629252944576400e+16
1.186170595323972066e+03 1.618637583242865200e+16
1.186504164107809174e+03 1.619646012271036400e+16
1.186837732891645828e+03 1.620654487854829400e+16
1.187171301675482709e+03 1.621662957615590400e+16
1.187504870459319591e+03 1.622671368975492400e+16
1.187838439243156472e+03 1.623679669162817600e+16
1.188172008026993581e+03 1.624687805217312000e+16
1.188505576810830462e+03 1.625695723995611800e+16
1.188839145594667116e+03 1.626703372176733200e+16
1.189172714378503997e+03 1.627710696267627200e+16
1.189506283162340878e+03 1.628717642608802400e+16
1.189839851946177987e+03 1.629724157380013200e+16
1.190173420730014868e+03 1.630730186606004400e+16
1.190506989513851750e+03 1.631735676162326600e+16
1.190840558297688403e+03 1.632740571781198800e+16
1.191174127081525285e+03 1.633744819057446400e+16
1.191507695865362393e+03 1.634748363454480000e+16
1.191841264649199275e+03 1.635751150310343600e+16
1.192174833433036156e+03 1.636753124843808600e+16
1.192508402216873037e+03 1.637754232160526800e+16
1.192841971000709691e+03 1.638754417259231200e+16
1.193175539784546800e+03 1.639753625037989600e+16
1.193509108568383681e+03 1.640751800300501600e+16
1.193842677352220562e+03 1.641748887762452400e+16
1.194176246136057443e+03 1.642744832057902200e+16
1.194509814919894097e+03 1.643739577745723600e+16
1.194843383703731206e+03 1.644733069316078800e+16
1.195176952487568087e+03 1.645725251196941200e+16
1.195510521271404969e+03 1.646716067760648600e+16
1.195844090055241850e+03 1.647705463330499600e+16
1.196177658839078731e+03 1.648693382187377600e+16
1.196511227622915840e+03 1.649679768576416600e+16
1.196844796406752494e+03 1.650664566713688200e+16
1.197178365190589375e+03 1.651647720792922600e+16
1.197511933974426256e+03 1.652629174992258000e+16
1.197845502758263137e+03 1.653608873481010800e+16
1.198179071542100246e+03 1.654586760426472200e+16
1.198512640325936900e+03 1.655562780000721200e+16
1.198846209109773781e+03 1.656536876387463200e+16
1.199179777893610662e+03 1.657508993788877200e+16
1.199513346677447544e+03 1.658479076432487600e+16
1.199846915461284652e+03 1.659447068578039800e+16
1.200180484245121534e+03 1.660412914524387200e+16
1.200514053028958187e+03 1.661376558616393200e+16
1.200847621812795069e+03 1.662337945251835600e+16
1.201181190596631950e+03 1.663297018888308000e+16
1.201514759380469059e+03 1.664253724050140000e+16
1.201848328164305940e+03 1.665208005335293200e+16
1.202181896948142821e+03 1.666159807422281000e+16
1.202515465731979475e+03 1.667109075077060800e+16
1.202849034515816356e+03 1.668055753159940400e+16
1.203182603299653465e+03 1.668999786632452400e+16
1.203516172083490346e+03 1.669941120564235400e+16
1.203849740867327228e+03 1.670879700139895600e+16
1.204183309651164109e+03 1.671815470665853800e+16
1.204516878435000763e+03 1.672748377577169200e+16
1.204850447218837871e+03 1.673678366444352200e+16
1.205184016002674753e+03 1.674605382980145600e+16
1.205517584786511634e+03 1.675529373046292000e+16
1.205851153570348515e+03 1.676450282660264400e+16
1.206184722354185169e+03 1.677368058001972400e+16
1.206518291138022278e+03 1.678282645420444400e+16
1.206851859921859159e+03 1.679193991440462000e+16
1.207185428705696040e+03 1.680102042769172400e+16
1.207518997489532921e+03 1.681006746302662400e+16
1.207852566273369803e+03 1.681908049132484000e+16
1.208186135057206911e+03 1.682805898552151800e+16
1.208519703841043565e+03 1.683700242063583400e+16
1.208853272624880447e+03 1.684591027383513600e+16
1.209186841408717328e+03 1.685478202449837800e+16
1.209520410192554209e+03 1.686361715427929200e+16
1.209853978976391318e+03 1.687241514716892200e+16
1.210187547760227972e+03 1.688117548955762800e+16
1.210521116544064853e+03 1.688989767029665200e+16
1.210854685327901734e+03 1.689858118075898200e+16
1.211188254111738615e+03 1.690722551489979600e+16
1.211521822895575724e+03 1.691583016931613800e+16
1.211855391679412605e+03 1.692439464330610800e+16
1.212188960463249259e+03 1.693291843892739600e+16
1.212522529247086140e+03 1.694140106105516000e+16
1.212856098030923022e+03 1.694984201743922400e+16
1.213189666814760130e+03 1.695824081876066200e+16
1.213523235598597012e+03 1.696659697868760800e+16
1.213856804382433893e+03 1.697491001393049800e+16
1.214190373166270547e+03 1.698317944429642800e+16
1.214523941950107428e+03 1.699140479274296800e+16
1.214857510733944537e+03 1.699958558543105600e+16
1.215191079517781418e+03 1.700772135177728800e+16
1.215524648301618299e+03 1.701581162450538800e+16
1.215858217085455180e+03 1.702385593969687800e+16
1.216191785869291834e+03 1.703185383684104400e+16
1.216525354653128943e+03 1.703980485888400400e+16
1.216858923436965824e+03 1.704770855227710400e+16
1.217192492220802706e+03 1.705556446702442400e+16
1.217526061004639587e+03 1.706337215672944400e+16
1.217859629788476241e+03 1.707113117864099600e+16
1.218193198572313349e+03 1.707884109369833000e+16
1.218526767356150231e+03 1.708650146657525800e+16
1.218860336139987112e+03 1.709411186572364200e+16
1.219193904923823993e+03 1.710167186341590600e+16
1.219527473707660874e+03 1.710918103578675600e+16
1.219861042491497983e+03 1.711663896287403200e+16
1.220194611275334637e+03 1.712404522865868200e+16
1.220528180059171518e+03 1.713139942110400200e+16
1.220861748843008399e+03 1.713870113219387400e+16
1.221195317626845281e+03 1.714594995797021200e+16
1.221528886410682389e+03 1.715314549856965600e+16
1.221862455194519043e+03 1.716028735825916600e+16
1.222196023978355925e+03 1.716737514547104000e+16
1.222529592762192806e+03 1.717440847283691600e+16
1.222863161546029687e+03 1.718138695722100600e+16
1.223196730329866796e+03 1.718831021975243200e+16
1.223530299113703677e+03 1.719517788585673000e+16
1.223863867897540331e+03 1.720198958528658400e+16
1.224197436681377212e+03 1.720874495215170600e+16
1.224531005465214093e+03 1.721544362494783200e+16
1.224864574249051202e+03 1.722208524658498000e+16
1.225198143032888083e+03 1.722866946441486800e+16
1.225531711816724965e+03 1.723519593025756400e+16
1.225865280600561618e+03 1.724166430042727200e+16
1.226198849384398500e+03 1.724807423575741600e+16
1.226532418168235608e+03 1.725442540162494400e+16
1.226865986952072490e+03 1.726071746797376800e+16
1.227199555735909371e+03 1.726695010933760000e+16
1.227533124519746252e+03 1.727312300486193600e+16
1.227866693303582906e+03 1.727923583832539400e+16
1.228200262087420015e+03 1.728528829816023800e+16
1.228533830871256896e+03 1.729128007747227400e+16
1.228867399655093777e+03 1.729721087406000200e+16
1.229200968438930659e+03 1.730308039043318600e+16
1.229534537222767312e+03 1.730888833383058000e+16
1.229868106006604421e+03 1.731463441623723000e+16
1.230201674790441302e+03 1.732031835440088000e+16
1.230535243574278184e+03 1.732593986984804800e+16
1.230868812358115065e+03 1.733149868889918400e+16
1.231202381141951946e+03 1.733699454268352200e+16
1.231535949925789055e+03 1.734242716715316200e+16
1.231869518709625709e+03 1.734779630309661800e+16
1.232203087493462590e+03 1.735310169615195800e+16
1.232536656277299471e+03 1.735834309681923400e+16
1.232870225061136352e+03 1.736352026047249800e+16
1.233203793844973461e+03 1.736863294737133400e+16
1.233537362628810115e+03 1.737368092267182600e+16
1.233870931412646996e+03 1.737866395643721200e+16
1.234204500196483878e+03 1.738358182364788200e+16
1.234538068980320759e+03 1.738843430421118000e+16
1.234871637764157867e+03 1.739322118297063000e+16
1.235205206547994749e+03 1.739794224971478800e+16
1.235538775331831403e+03 1.740259729918584000e+16
1.235872344115668284e+03 1.740718613108770200e+16
1.236205912899505165e+03 1.741170855009376800e+16
1.236539481683342274e+03 1.741616436585454200e+16
1.236873050467179155e+03 1.742055339300460200e+16
1.237206619251016036e+03 1.742487545116968600e+16
1.237540188034852690e+03 1.742913036497314000e+16
1.237873756818689571e+03 1.743331796404234400e+16
1.238207325602526680e+03 1.743743808301476800e+16
1.238540894386363561e+03 1.744149056154385400e+16
1.238874463170200443e+03 1.744547524430465600e+16
1.239208031954037324e+03 1.744939198099931400e+16
1.239541600737873978e+03 1.745324062636233000e+16
1.239875169521710859e+03 1.745702104016564400e+16
1.240208738305547968e+03 1.746073308722360800e+16
1.240542307089384849e+03 1.746437663739775600e+16
1.240875875873221730e+03 1.746795156560153600e+16
1.241209444657058384e+03 1.747145775180484000e+16
1.241543013440895265e+03 1.747489508103846800e+16
1.241876582224732374e+03 1.747826344339850400e+16
1.242210151008569255e+03 1.748156273405057600e+16
1.242543719792406137e+03 1.748479285323413200e+16
1.242877288576243018e+03 1.748795370626654800e+16
1.243210857360079672e+03 1.749104520354730000e+16
1.243544426143916780e+03 1.749406726056194400e+16
1.243877994927753662e+03 1.749701979788627400e+16
1.244211563711590543e+03 1.749990274119024400e+16
1.244545132495427424e+03 1.750271602124203200e+16
1.244878701279264305e+03 1.750545957391199600e+16
1.245212270063101187e+03 1.750813334017669600e+16
1.245545838846938068e+03 1.751073726612286800e+16
1.245879407630774949e+03 1.751327130295142800e+16
1.246212976414611830e+03 1.751573540698142400e+16
1.246546545198448712e+03 1.751812953965420200e+16
1.246880113982285820e+03 1.752045366753733200e+16
1.247213682766122474e+03 1.752270776232866400e+16
1.247547251549959356e+03 1.752489180086043000e+16
1.247880820333796237e+03 1.752700576510340800e+16
1.248214389117633118e+03 1.752904964217089600e+16
1.248547957901470227e+03 1.753102342432299200e+16
1.248881526685307108e+03 1.753292710897062600e+16
1.249215095469143762e+03 1.753476069867979600e+16
1.249548664252980643e+03 1.753652420117572200e+16
1.249882233036817524e+03 1.753821762934702800e+16
1.250215801820654633e+03 1.753984100124991200e+16
1.250549370604491514e+03 1.754139434011229600e+16
1.250882939388328396e+03 1.754287767433806000e+16
1.251216508172165049e+03 1.754429103751115200e+16
1.251550076956001931e+03 1.754563446839968800e+16
1.251883645739839039e+03 1.754690801096006000e+16
1.252217214523675921e+03 1.754811171434094800e+16
1.252550783307512802e+03 1.754924563288738600e+16
1.252884352091349456e+03 1.755030982614456200e+16
1.253217920875186337e+03 1.755130435886178600e+16
1.253551489659023446e+03 1.755222930099620200e+16
1.253885058442860327e+03 1.755308472771635200e+16
1.254218627226697208e+03 1.755387071940589800e+16
1.254552196010534090e+03 1.755458736166692800e+16
1.254885764794370743e+03 1.755523474532318800e+16
1.255219333578207852e+03 1.755581296642331400e+16
1.255552902362044733e+03 1.755632212624366400e+16
1.255886471145881615e+03 1.755676233129113000e+16
1.256220039929718496e+03 1.755713369330567600e+16
1.256553608713555377e+03 1.755743632926261800e+16
1.256887177497392258e+03 1.755767036137476400e+16
1.257220746281229140e+03 1.755783591709415600e+16
1.257554315065066021e+03 1.755793312911364800e+16
1.257887883848902902e+03 1.755796213536815200e+16
1.258221452632739783e+03 1.755792307903554600e+16
1.258555021416576892e+03 1.755781610853725200e+16
1.258888590200413546e+03 1.755764137753847200e+16
1.259222158984250427e+03 1.755739904494799600e+16
1.259555727768087309e+03 1.755708927491772400e+16
1.259889296551924190e+03 1.755671223684163200e+16
1.260222865335761298e+03 1.755626810535439400e+16
1.260556434119598180e+03 1.755575706032944000e+16
1.260890002903434834e+03 1.755517928687666200e+16
1.261223571687271715e+03 1.755453497533953800e+16
1.261557140471108596e+03 1.755382432129172600e+16
1.261890709254945705e+03 1.755304752553307000e+16
1.262224278038782586e+03 1.755220479408514800e+16
1.262557846822619467e+03 1.755129633818613400e+16
1.262891415606456121e+03 1.755032237428508800e+16
1.263224984390293002e+03 1.754928312403553200e+16
1.263558553174130111e+03 1.754817881428850200e+16
1.263892121957966992e+03 1.754700967708480800e+16
1.264225690741803874e+03 1.754577594964662200e+16
1.264559259525640527e+03 1.754447787436837000e+16
1.264892828309477409e+03 1.754311569880682000e+16
1.265226397093314517e+03 1.754168967567050000e+16
1.265559965877151399e+03 1.754020006280824200e+16
1.265893534660988280e+03 1.753864712319695200e+16
1.266227103444825161e+03 1.753703112492857200e+16
1.266560672228661815e+03 1.753535234119619600e+16
1.266894241012498924e+03 1.753361105027929200e+16
1.267227809796335805e+03 1.753180753552803000e+16
1.267561378580172686e+03 1.752994208534684400e+16
1.267894947364009568e+03 1.752801499317688800e+16
1.268228516147846449e+03 1.752602655747768000e+16
1.268562084931683330e+03 1.752397708170779600e+16
1.268895653715520211e+03 1.752186687430448400e+16
1.269229222499357093e+03 1.751969624866251600e+16
1.269562791283193974e+03 1.751746552311177600e+16
1.269896360067030855e+03 1.751517502089405200e+16
1.270229928850867964e+03 1.751282507013875600e+16
1.270563497634704618e+03 1.751041600383751200e+16
1.270897066418541499e+03 1.750794815981780800e+16
1.271230635202378380e+03 1.750542188071560800e+16
1.271564203986215261e+03 1.750283751394674600e+16
1.271897772770052370e+03 1.750019541167743600e+16
1.272231341553889251e+03 1.749749593079354000e+16
1.272564910337725905e+03 1.749473943286892600e+16
1.272898479121562787e+03 1.749192628413244800e+16
1.273232047905399668e+03 1.748905685543416400e+16
1.273565616689236776e+03 1.748613152221015800e+16
1.273899185473073658e+03 1.748315066444637200e+16
1.274232754256910539e+03 1.748011466664140600e+16
1.274566323040747193e+03 1.747702391776797800e+16
1.274899891824584074e+03 1.747387881123351600e+16
1.275233460608421183e+03 1.747067974483941600e+16
1.275567029392258064e+03 1.746742712073934600e+16
1.275900598176094945e+03 1.746412134539627000e+16
1.276234166959931599e+03 1.746076282953854800e+16
1.276567735743768480e+03 1.745735198811477200e+16
1.276901304527605589e+03 1.745388924024753000e+16
1.277234873311442470e+03 1.745037500918610400e+16
1.277568442095279352e+03 1.744680972225801200e+16
1.277902010879116233e+03 1.744319381081960400e+16
1.278235579662952887e+03 1.743952771020530400e+16
1.278569148446789995e+03 1.743581185967611800e+16
1.278902717230626877e+03 1.743204670236675200e+16
1.279236286014463758e+03 1.742823268523195800e+16
1.279569854798300639e+03 1.742437025899163800e+16
1.279903423582137520e+03 1.742045987807505600e+16
1.280236992365974402e+03 1.741650200056392200e+16
1.280570561149811283e+03 1.741249708813455800e+16
1.280904129933648164e+03 1.740844560599907800e+16
1.281237698717485046e+03 1.740434802284553200e+16
1.281571267501321927e+03 1.740020481077719000e+16
1.281904836285159035e+03 1.739601644525083800e+16
1.282238405068995689e+03 1.739178340501414000e+16
1.282571973852832571e+03 1.738750617204215600e+16
1.282905542636669452e+03 1.738318523147296200e+16
1.283239111420506333e+03 1.737882107154243600e+16
1.283572680204343442e+03 1.737441418351815600e+16
1.283906248988180323e+03 1.736996506163250800e+16
1.284239817772016977e+03 1.736547420301513200e+16
1.284573386555853858e+03 1.736094210762435400e+16
1.284906955339690739e+03 1.735636927817810600e+16
1.285240524123527848e+03 1.735175622008405600e+16
1.285574092907364729e+03 1.734710344136894000e+16
1.285907661691201611e+03 1.734241145260744000e+16
1.286241230475038265e+03 1.733768076685028000e+16
1.286574799258875146e+03 1.733291189955171600e+16
1.286908368042712254e+03 1.732810536849651600e+16
1.287241936826549136e+03 1.732326169372633600e+16
1.287575505610386017e+03 1.731838139746554800e+16
1.287909074394222671e+03 1.731346500404666400e+16
1.288242643178059552e+03 1.730851303983521400e+16
1.288576211961896661e+03 1.730352603315416200e+16
1.288909780745733542e+03 1.729850451420800000e+16
1.289243349529570423e+03 1.729344901500644400e+16
1.289576918313407305e+03 1.728836006928769600e+16
1.289910487097243958e+03 1.728323821244150000e+16
1.290244055881081067e+03 1.727808398143189600e+16
1.290577624664917948e+03 1.727289791471959200e+16
1.290911193448754830e+03 1.726768055218430600e+16
1.291244762232591711e+03 1.726243243504675600e+16
1.291578331016428592e+03 1.725715410579062600e+16
1.291911899800265473e+03 1.725184610808422000e+16
1.292245468584102355e+03 1.724650898670221800e+16
1.292579037367939236e+03 1.724114328744723600e+16
1.292912606151776117e+03 1.723574955707135400e+16
1.293246174935612999e+03 1.723032834319772800e+16
1.293579743719450107e+03 1.722488019424216600e+16
1.293913312503286761e+03 1.721940565933470600e+16
1.294246881287123642e+03 1.721390528824137800e+16
1.294580450070960524e+03 1.720837963128607600e+16
1.294914018854797405e+03 1.720282923927250600e+16
1.295247587638634513e+03 1.719725466340640000e+16
1.295581156422471395e+03 1.719165645521786400e+16
1.295914725206308049e+03 1.718603516648397800e+16
1.296248293990144930e+03 1.718039134915182000e+16
1.296581862773981811e+03 1.717472555526146000e+16
1.296915431557818920e+03 1.716903833686963600e+16
1.297249000341655801e+03 1.716333024597352800e+16
1.297582569125492682e+03 1.715760183443508200e+16
1.297916137909329336e+03 1.715185365390561200e+16
1.298249706693166218e+03 1.714608625575094000e+16
1.298583275477003326e+03 1.714030019097700800e+16
1.298916844260840207e+03 1.713449601015576400e+16
1.299250413044677089e+03 1.712867426335200400e+16
1.299583981828513743e+03 1.712283550005027800e+16
1.299917550612350624e+03 1.711698026908262000e+16
1.300251119396187732e+03 1.711110911855690400e+16
1.300584688180024614e+03 1.710522259578565600e+16
1.300918256963861495e+03 1.709932124721563600e+16
1.301251825747698376e+03 1.709340561835797200e+16
1.301585394531535030e+03 1.708747625371909200e+16
1.301918963315372139e+03 1.708153369673229800e+16
1.302252532099209020e+03 1.707557848969000200e+16
1.302586100883045901e+03 1.706961117367689600e+16
1.302919669666882783e+03 1.706363228850362800e+16
1.303253238450719664e+03 1.705764237264154800e+16
1.303586807234556545e+03 1.705164196315797600e+16
1.303920376018393426e+03 1.704563159565252400e+16
1.304253944802230308e+03 1.703961180419409600e+16
1.304587513586067189e+03 1.703358312125882000e+16
1.304921082369904070e+03 1.702754607766886200e+16
1.305254651153741179e+03 1.702150120253203000e+16
1.305588219937577833e+03 1.701544902318236400e+16
1.305921788721414714e+03 1.700939006512166000e+16
1.306255357505251595e+03 1.700332485196179600e+16
1.306588926289088477e+03 1.699725390536815400e+16
1.306922495072925585e+03 1.699117774500385200e+16
1.307256063856762466e+03 1.698509688847499200e+16
1.307589632640599120e+03 1.697901185127688400e+16
1.307923201424436002e+03 1.697292314674134000e+16
1.308256770208272883e+03 1.696683128598473600e+16
1.308590338992109992e+03 1.696073677785727400e+16
1.308923907775946873e+03 1.695464012889312200e+16
1.309257476559783754e+03 1.694854184326171800e+16
1.309591045343620408e+03 1.694244242271987800e+16
1.309924614127457289e+03 1.693634236656515000e+16
1.310258182911294398e+03 1.693024217159003600e+16
1.310591751695131279e+03 1.692414233203730400e+16
1.310925320478968160e+03 1.691804333955633800e+16
1.311258889262804814e+03 1.691194568316060000e+16
1.311592458046641696e+03 1.690584984918595200e+16
1.311926026830478804e+03 1.689975632125023800e+16
1.312259595614315685e+03 1.689366558021374400e+16
1.312593164398152567e+03 1.688757810414079200e+16
1.312926733181989448e+03 1.688149436826240000e+16
1.313260301965826102e+03 1.687541484493990000e+16
1.313593870749663211e+03 1.686934000362964400e+16
1.313927439533500092e+03 1.686327031084884200e+16
1.314261008317336973e+03 1.685720623014230000e+16
1.314594577101173854e+03 1.685114822205024400e+16
1.314928145885010736e+03 1.684509674407728000e+16
1.315261714668847617e+03 1.683905225066222400e+16
1.315595283452684498e+03 1.683301519314908400e+16
1.315928852236521379e+03 1.682698601975902200e+16
1.316262421020358261e+03 1.682096517556334400e+16
1.316595989804195142e+03 1.681495310245748200e+16
1.316929558588032251e+03 1.680895023913600800e+16
1.317263127371868904e+03 1.680295702106860400e+16
1.317596696155705786e+03 1.679697388047716200e+16
1.317930264939542667e+03 1.679100124631364400e+16
1.318263833723379548e+03 1.678503954423916400e+16
1.318597402507216657e+03 1.677908919660386400e+16
1.318930971291053538e+03 1.677315062242779000e+16
1.319264540074890192e+03 1.676722423738282400e+16
1.319598108858727073e+03 1.676131045377541400e+16
1.319931677642563955e+03 1.675540968053037000e+16
1.320265246426401063e+03 1.674952232317547400e+16
1.320598815210237944e+03 1.674364878382703800e+16
1.320932383994074826e+03 1.673778946117648600e+16
1.321265952777911480e+03 1.673194475047762000e+16
1.321599521561748361e+03 1.672611504353489600e+16
1.321933090345585470e+03 1.672030072869261600e+16
1.322266659129422351e+03 1.671450219082485800e+16
1.322600227913259232e+03 1.670871981132628400e+16
1.322933796697095886e+03 1.670295396810393600e+16
1.323267365480932767e+03 1.669720503556959600e+16
1.323600934264769649e+03 1.669147338463316600e+16
1.323934503048606757e+03 1.668575938269676400e+16
1.324268071832443638e+03 1.668006339364961400e+16
1.324601640616280520e+03 1.667438577786372000e+16
1.324935209400117174e+03 1.666872689219029000e+16
1.325268778183954055e+03 1.666308708995689200e+16
1.325602346967791163e+03 1.665746672096542600e+16
1.325935915751628045e+03 1.665186613149067200e+16
1.326269484535464926e+03 1.664628566427966000e+16
1.326603053319301807e+03 1.664072565855172800e+16
1.326936622103138461e+03 1.663518644999918800e+16
1.327270190886975570e+03 1.662966837078871800e+16
1.327603759670812451e+03 1.662417174956336200e+16
1.327937328454649332e+03 1.661869691144526800e+16
1.328270897238486214e+03 1.661324417803884800e+16
1.328604466022322868e+03 1.660781386743479800e+16
1.328938034806159976e+03 1.660240629421449800e+16
1.329271603589996857e+03 1.659702176945513200e+16
1.329605172373833739e+03 1.659166060073530000e+16
1.329938741157670620e+03 1.658632309214122600e+16
1.330272309941507501e+03 1.658100954427348600e+16
1.330605878725344610e+03 1.657572025425425600e+16
1.330939447509181264e+03 1.657045551573502200e+16
1.331273016293018145e+03 1.656521561890495600e+16
1.331606585076855026e+03 1.656000085049957400e+16
1.331940153860691908e+03 1.655481149380993000e+16
1.332273722644529016e+03 1.654964782869239400e+16
1.332607291428365897e+03 1.654451013157857400e+16
1.332940860212202551e+03 1.653939867548604800e+16
1.333274428996039433e+03 1.653431373002914800e+16
1.333607997779876314e+03 1.652925556143040800e+16
1.333941566563713423e+03 1.652422443253221400e+16
1.334275135347550304e+03 1.651922060280898600e+16
1.334608704131386958e+03 1.651424432837954400e+16
1.334942272915223839e+03 1.650929586202001000e+16
1.335275841699060720e+03 1.650437545317686200e+16
1.335609410482897829e+03 1.649948334798043200e+16
1.335942979266734710e+03 1.649461978925865600e+16
1.336276548050571591e+03 1.648978501655114400e+16
1.336610116834408245e+03 1.648497926612348200e+16
1.336943685618245127e+03 1.648020277098186400e+16
1.337277254402082235e+03 1.647545576088793200e+16
1.337610823185919116e+03 1.647073846237386800e+16
1.337944391969755998e+03 1.646605109875775200e+16
1.338277960753592879e+03 1.646139389015908800e+16
1.338611529537429533e+03 1.645676705351455800e+16
1.338945098321266642e+03 1.645217080259398200e+16
1.339278667105103523e+03 1.644760534801643200e+16
1.339612235888940404e+03 1.644307089726656400e+16
1.339945804672777285e+03 1.643856765471104800e+16
1.340279373456613939e+03 1.643409582161520200e+16
1.340612942240451048e+03 1.642965559615976400e+16
1.340946511024287929e+03 1.642524717345766600e+16
1.341280079808124810e+03 1.642087074557116400e+16
1.341613648591961692e+03 1.641652650152885800e+16
1.341947217375798573e+03 1.641221462734288800e+16
1.342280786159635682e+03 1.640793530602622400e+16
1.342614354943472335e+03 1.640368871761001600e+16
1.342947923727309217e+03 1.639947503916101000e+16
1.343281492511146098e+03 1.639529444479902800e+16
1.343615061294982979e+03 1.639114710571449200e+16
1.343948630078820088e+03 1.638703319018594400e+16
1.344282198862656969e+03 1.638295286359766800e+16
1.344615767646493623e+03 1.637890628845725000e+16
1.344949336430330504e+03 1.637489362441325000e+16
1.345282905214167386e+03 1.637091502827272000e+16
1.345616473998004494e+03 1.636697065401889200e+16
1.345950042781841375e+03 1.636306065282870200e+16
1.346283611565678029e+03 1.635918517309038400e+16
1.346617180349514911e+03 1.635534436042098400e+16
1.346950749133351792e+03 1.635153835768379600e+16
1.347284317917188901e+03 1.634776730500593600e+16
1.347617886701025782e+03 1.634403133979555600e+16
1.347951455484862663e+03 1.634033059675929400e+16
1.348285024268699317e+03 1.633666520791944400e+16
1.348618593052536198e+03 1.633303530263113400e+16
1.348952161836373307e+03 1.632944100759948400e+16
1.349285730620210188e+03 1.632588244689649600e+16
1.349619299404047069e+03 1.632235974197803000e+16
1.349952868187883951e+03 1.631887301170057600e+16
1.350286436971720605e+03 1.631542237233791000e+16
1.350620005755557713e+03 1.631200793759771400e+16
1.350953574539394594e+03 1.630862981863797600e+16
1.351287143323231476e+03 1.630528812408335600e+16
1.351620712107068357e+03 1.630198296004132600e+16
1.351954280890905011e+03 1.629871443011824200e+16
1.352287849674742120e+03 1.629548263543526400e+16
1.352621418458579001e+03 1.629228767464407200e+16
1.352954987242415882e+03 1.628912964394251200e+16
1.353288556026252763e+03 1.628600863709001600e+16
1.353622124810089645e+03 1.628292474542289600e+16
1.353955693593926753e+03 1.627987805786944800e+16
1.354289262377763407e+03 1.627686866096488800e+16
1.354622831161600288e+03 1.627389663886616400e+16
1.354956399945437170e+03 1.627096207336650200e+16
1.355289968729274051e+03 1.626806504390982000e+16
1.355623537513111160e+03 1.626520562760495800e+16
1.355957106296947813e+03 1.626238389923969000e+16
1.356290675080784695e+03 1.625959993129458800e+16
1.356624243864621576e+03 1.625685379395661800e+16
1.356957812648458457e+03 1.625414555513260800e+16
1.357291381432295566e+03 1.625147528046246800e+16
1.357624950216132447e+03 1.624884303333222400e+16
1.357958518999969101e+03 1.624624887488681200e+16
1.358292087783805982e+03 1.624369286404272800e+16
1.358625656567642864e+03 1.624117505750037600e+16
1.358959225351479972e+03 1.623869550975629200e+16
1.359292794135316853e+03 1.623625427311500400e+16
1.359626362919153735e+03 1.623385139770094200e+16
1.359959931702990389e+03 1.623148693146977600e+16
1.360293500486827270e+03 1.622916092021979600e+16
1.360627069270664379e+03 1.622687340760298400e+16
1.360960638054501260e+03 1.622462443513577400e+16
1.361294206838338141e+03 1.622241404220977200e+16
1.361627775622175022e+03 1.622024226610203600e+16
1.361961344406011676e+03 1.621810914198527800e+16
1.362294913189848785e+03 1.621601470293777200e+16
1.362628481973685666e+03 1.621395897995297200e+16
1.362962050757522547e+03 1.621194200194904600e+16
1.363295619541359429e+03 1.620996379577805800e+16
1.363629188325196083e+03 1.620802438623488000e+16
1.363962757109033191e+03 1.620612379606602400e+16
1.364296325892870072e+03 1.620426204597807200e+16
1.364629894676706954e+03 1.620243915464597200e+16
1.364963463460543835e+03 1.620065513872104200e+16
1.365297032244380716e+03 1.619891001283880000e+16
1.365630601028217825e+03 1.619720378962646800e+16
1.365964169812054479e+03 1.619553647971027800e+16
1.366297738595891360e+03 1.619390809172259800e+16
1.366631307379728241e+03 1.619231863230875000e+16
1.366964876163565123e+03 1.619076810613359000e+16
1.367298444947402231e+03 1.618925651588788400e+16
1.367632013731238885e+03 1.618778386229443600e+16
1.367965582515075766e+03 1.618635014411401600e+16
1.368299151298912648e+03 1.618495535815095200e+16
1.368632720082749529e+03 1.618359949925862800e+16
1.368966288866586638e+03 1.618228256034463600e+16
1.369299857650423519e+03 1.618100453237573800e+16
1.369633426434260173e+03 1.617976540438263000e+16
1.369966995218097054e+03 1.617856516346440400e+16
1.370300564001933935e+03 1.617740379479286000e+16
1.370634132785771044e+03 1.617628128161656400e+16
1.370967701569607925e+03 1.617519760526459200e+16
1.371301270353444806e+03 1.617415274515022400e+16
1.371634839137281460e+03 1.617314667877430400e+16
1.371968407921118342e+03 1.617217938172835000e+16
1.372301976704955450e+03 1.617125082769756200e+16
1.372635545488792332e+03 1.617036098846348000e+16
1.372969114272629213e+03 1.616950983390654400e+16
1.373302683056466094e+03 1.616869733200840000e+16
1.373636251840302748e+03 1.616792344885394800e+16
1.373969820624139857e+03 1.616718814863323200e+16
1.374303389407976738e+03 1.616649139364313600e+16
1.374636958191813619e+03 1.616583314428883800e+16
1.374970526975650500e+03 1.616521335908510800e+16
1.375304095759487154e+03 1.616463199465732800e+16
1.375637664543324263e+03 1.616408900574245800e+16
1.375971233327161144e+03 1.616358434518959200e+16
1.376304802110998025e+03 1.616311796396058600e+16
1.376638370894834907e+03 1.616268981113027400e+16
1.376971939678671788e+03 1.616229983388662800e+16
1.377305508462508897e+03 1.616194797753069800e+16
1.377639077246345551e+03 1.616163418547636400e+16
1.377972646030182432e+03 1.616135839924993200e+16
1.378306214814019313e+03 1.616112055848954400e+16
1.378639783597856194e+03 1.616092060094441600e+16
1.378973352381693303e+03 1.616075846247395800e+16
1.379306921165529957e+03 1.616063407704663600e+16
1.379640489949366838e+03 1.616054737673876200e+16
1.379974058733203719e+03 1.616049829173314000e+16
1.380307627517040601e+03 1.616048675031741400e+16
1.380641196300877709e+03 1.616051267888249600e+16
1.380974765084714591e+03 1.616057600192062800e+16
1.381308333868551244e+03 1.616067664202347200e+16
1.381641902652388126e+03 1.616081451987995200e+16
1.381975471436225007e+03 1.616098955427404800e+16
1.382309040220062116e+03 1.616120166208238000e+16
1.382642609003898997e+03 1.616145075827172800e+16
1.382976177787735878e+03 1.616173675589640000e+16
1.383309746571572532e+03 1.616205956609555400e+16
1.383643315355409413e+03 1.616241909809024800e+16
1.383976884139246522e+03 1.616281525918056800e+16
1.384310452923083403e+03 1.616324795474255600e+16
1.384644021706920284e+03 1.616371708822501800e+16
1.384977590490757166e+03 1.616422256114632400e+16
1.385311159274593820e+03 1.616476427309103200e+16
1.385644728058430928e+03 1.616534212170648200e+16
1.385978296842267810e+03 1.616595600269929200e+16
1.386311865626104691e+03 1.616660580983176400e+16
1.386645434409941572e+03 1.616729143491827800e+16
1.386979003193778226e+03 1.616801276782151800e+16
1.387312571977615335e+03 1.616876969644874000e+16
1.387646140761452216e+03 1.616956210674794200e+16
1.387979709545289097e+03 1.617038988270394000e+16
1.388313278329125978e+03 1.617125290633451400e+16
1.388646847112962860e+03 1.617215105768636800e+16
1.388980415896799968e+03 1.617308421483119200e+16
1.389313984680636622e+03 1.617405225386160800e+16
1.389647553464473503e+03 1.617505504888707200e+16
1.389981122248310385e+03 1.617609247202990000e+16
1.390314691032147266e+03 1.617716439342108400e+16
1.390648259815984375e+03 1.617827068119626000e+16
1.390981828599821029e+03 1.617941120149157600e+16
1.391315397383657910e+03 1.618058581843962000e+16
1.391648966167494791e+03 1.618179439416535200e+16
1.391982534951331672e+03 1.618303678878198000e+16
1.392316103735168781e+03 1.618431286038700600e+16
1.392649672519005662e+03 1.618562246505805600e+16
1.392983241302842316e+03 1.618696545684905000e+16
1.393316810086679197e+03 1.618834168778615000e+16
1.393650378870516079e+03 1.618975100786390800e+16
1.393983947654353187e+03 1.619119326504136000e+16
1.394317516438190069e+03 1.619266830523825600e+16
1.394651085222026950e+03 1.619417597233129200e+16
1.394984654005863604e+03 1.619571610815050000e+16
1.395318222789700485e+03 1.619728855247558000e+16
1.395651791573537594e+03 1.619889314303241800e+16
1.395985360357374475e+03 1.620052971548966600e+16
1.396318929141211356e+03 1.620219810345538400e+16
1.396652497925048237e+03 1.620389813847380800e+16
1.396986066708884891e+03 1.620562965002223000e+16
1.397319635492722000e+03 1.620739246550798400e+16
1.397653204276558881e+03 1.620918641026549600e+16
1.397986773060395763e+03 1.621101130755357000e+16
1.398320341844232644e+03 1.621286697855270600e+16
1.398653910628069298e+03 1.621475324236264400e+16
1.398987479411906406e+03 1.621666991599989600e+16
1.399321048195743288e+03 1.621861681439565600e+16
1.399654616979580169e+03 1.622059375039364800e+16
1.399988185763417050e+03 1.622260053474831600e+16
1.400321754547253931e+03 1.622463697612301600e+16
1.400655323331091040e+03 1.622670288108858200e+16
1.400988892114927694e+03 1.622879805412184200e+16
1.401322460898764575e+03 1.623092229760453600e+16
1.401656029682601456e+03 1.623307541182232600e+16
1.401989598466438338e+03 1.623525719496400400e+16
1.402323167250275446e+03 1.623746744312095800e+16
1.402656736034112100e+03 1.623970595028679600e+16
1.402990304817948982e+03 1.624197250835728400e+16
1.403323873601785863e+03 1.624426690713035200e+16
1.403657442385622744e+03 1.624658893430660400e+16
1.403991011169459853e+03 1.624893837548973200e+16
1.404324579953296734e+03 1.625131501418747600e+16
1.404658148737133388e+03 1.625371863181265200e+16
1.404991717520970269e+03 1.625614900768457800e+16
1.405325286304807150e+03 1.625860591903063000e+16
1.405658855088644259e+03 1.626108914098822200e+16
1.405992423872481140e+03 1.626359844660691800e+16
1.406325992656318022e+03 1.626613360685095200e+16
1.406659561440154675e+03 1.626869439060200000e+16
1.406993130223991557e+03 1.627128056466226800e+16
1.407326699007828665e+03 1.627389189375781000e+16
1.407660267791665547e+03 1.627652814054231800e+16
1.407993836575502428e+03 1.627918906560107600e+16
1.408327405359339309e+03 1.628187442745531400e+16
1.408660974143175963e+03 1.628458398256692000e+16
1.408994542927013072e+03 1.628731748534346800e+16
1.409328111710849953e+03 1.629007468814351000e+16
1.409661680494686834e+03 1.629285534128236400e+16
1.409995249278523715e+03 1.629565919303822400e+16
1.410328818062360369e+03 1.629848598965849200e+16
1.410662386846197251e+03 1.630133547536668400e+16
1.410995955630034359e+03 1.630420739236959800e+16
1.411329524413871241e+03 1.630710148086489000e+16
1.411663093197708122e+03 1.631001747904899400e+16
1.411996661981545003e+03 1.631295512312554400e+16
1.412330230765381657e+03 1.631591414731407400e+16
1.412663799549218766e+03 1.631889428385920200e+16
1.412997368333055647e+03 1.632189526304018200e+16
1.413330937116892528e+03 1.632491681318090800e+16
1.413664505900729409e+03 1.632795866066032000e+16
1.413998074684566291e+03 1.633102052992320400e+16
1.414331643468403172e+03 1.633410214349149600e+16
1.414665212252240053e+03 1.633720322197594600e+16
1.414998781036076934e+03 1.634032348408830200e+16
1.415332349819913816e+03 1.634346264665384400e+16
1.415665918603750697e+03 1.634662042462445200e+16
1.415999487387587806e+03 1.634979653109211000e+16
1.416333056171424460e+03 1.635299067730280600e+16
1.416666624955261341e+03 1.635620257267100800e+16
1.417000193739098222e+03 1.635943192479450000e+16
1.417333762522935103e+03 1.636267843946977600e+16
1.417667331306772212e+03 1.636594182070784800e+16
1.418000900090609093e+03 1.636922177075053200e+16
1.418334468874445747e+03 1.637251799008730200e+16
1.418668037658282628e+03 1.637583017747254200e+16
1.419001606442119510e+03 1.637915802994329600e+16
1.419335175225956618e+03 1.638250124283759000e+16
1.419668744009793500e+03 1.638585950981310800e+16
1.420002312793630381e+03 1.638923252286654200e+16
1.420335881577467035e+03 1.639261997235330000e+16
1.420669450361303916e+03 1.639602154700782200e+16
1.421003019145141025e+03 1.639943693396430400e+16
1.421336587928977906e+03 1.640286581877801800e+16
1.421670156712814787e+03 1.640630788544708800e+16
1.422003725496651441e+03 1.640976281643485400e+16
1.422337294280488322e+03 1.641323029269262200e+16
1.422670863064325431e+03 1.641670999368306400e+16
1.423004431848162312e+03 1.642020159740406800e+16
1.423338000631999194e+03 1.642370478041311400e+16
1.423671569415836075e+03 1.642721921785219800e+16
1.424005138199672729e+03 1.643074458347321800e+16
1.424338706983509837e+03 1.643428054966396800e+16
1.424672275767346719e+03 1.643782678747458000e+16
1.425005844551183600e+03 1.644138296664450800e+16
1.425339413335020481e+03 1.644494875563009000e+16
1.425672982118857362e+03 1.644852382163253200e+16
1.426006550902694244e+03 1.645210783062650600e+16
1.426340119686531125e+03 1.645570044738923200e+16
1.426673688470368006e+03 1.645930133553003600e+16
1.427007257254204887e+03 1.646291015752055200e+16
1.427340826038041769e+03 1.646652657472530400e+16
1.427674394821878877e+03 1.647015024743292200e+16
1.428007963605715531e+03 1.647378083488773800e+16
1.428341532389552412e+03 1.647741799532202600e+16
1.428675101173389294e+03 1.648106138598874400e+16
1.429008669957226175e+03 1.648471066319468200e+16
1.429342238741063284e+03 1.648836548233420800e+16
1.429675807524900165e+03 1.649202549792350800e+16
1.430009376308736819e+03 1.649569036363524600e+16
1.430342945092573700e+03 1.649935973233388400e+16
1.430676513876410581e+03 1.650303325611132200e+16
1.431010082660247690e+03 1.650671058632315800e+16
1.431343651444084571e+03 1.651039137362533200e+16
1.431677220227921453e+03 1.651407526801137200e+16
1.432010789011758106e+03 1.651776191885000000e+16
1.432344357795594988e+03 1.652145097492326000e+16
1.432677926579432096e+03 1.652514208446517400e+16
1.433011495363268978e+03 1.652883489520077400e+16
1.433345064147105859e+03 1.653252905438557800e+16
1.433678632930942513e+03 1.653622420884566000e+16
1.434012201714779394e+03 1.653992000501803400e+16
1.434345770498616503e+03 1.654361608899150200e+16
1.434679339282453384e+03 1.654731210654796200e+16
1.435012908066290265e+03 1.655100770320416800e+16
1.435346476850127146e+03 1.655470252425386400e+16
1.435680045633963800e+03 1.655839621481035200e+16
1.436013614417800909e+03 1.656208841984949200e+16
1.436347183201637790e+03 1.656577878425302600e+16
1.436680751985474672e+03 1.656946695285241400e+16
1.437014320769311553e+03 1.657315257047295200e+16
1.437347889553148434e+03 1.657683528197833800e+16
1.437681458336985315e+03 1.658051473231552400e+16
1.438015027120822197e+03 1.658419056656003000e+16
1.438348595904659078e+03 1.658786242996156400e+16
1.438682164688495959e+03 1.659152996798991400e+16
1.439015733472332840e+03 1.659519282638136200e+16
1.439349302256169949e+03 1.659885065118518000e+16
1.439682871040006603e+03 1.660250308881063400e+16
1.440016439823843484e+03 1.660614978607422400e+16
1.440350008607680365e+03 1.660979039024719200e+16
1.440683577391517247e+03 1.661342454910337000e+16
1.441017146175354355e+03 1.661705191096727600e+16
1.441350714959191237e+03 1.662067212476243800e+16
1.441684283743027891e+03 1.662428484006006800e+16
1.442017852526864772e+03 1.662788970712789400e+16
1.442351421310701653e+03 1.663148637697924800e+16
1.442684990094538762e+03 1.663507450142238800e+16
1.443018558878375643e+03 1.663865373311000400e+16
1.443352127662212524e+03 1.664222372558900000e+16
1.443685696446049178e+03 1.664578413335032000e+16
1.444019265229886059e+03 1.664933461187907800e+16
1.444352834013723168e+03 1.665287481770482200e+16
1.444686402797560049e+03 1.665640440845187200e+16
1.445019971581396931e+03 1.665992304288988800e+16
1.445353540365233584e+03 1.666343038098456400e+16
1.445687109149070466e+03 1.666692608394834600e+16
1.446020677932907574e+03 1.667040981429133200e+16
1.446354246716744456e+03 1.667388123587223000e+16
1.446687815500581337e+03 1.667734001394940600e+16
1.447021384284418218e+03 1.668078581523196800e+16
1.447354953068254872e+03 1.668421830793091600e+16
1.447688521852091981e+03 1.668763716181035400e+16
1.448022090635928862e+03 1.669104204823862400e+16
1.448355659419765743e+03 1.669443264023960600e+16
1.448689228203602624e+03 1.669780861254387200e+16
1.449022796987439506e+03 1.670116964163987600e+16
1.449356365771276387e+03 1.670451540582516400e+16
1.449689934555113268e+03 1.670784558525741200e+16
1.450023503338950150e+03 1.671115986200552400e+16
1.450357072122787031e+03 1.671445792010060400e+16
1.450690640906623912e+03 1.671773944558684400e+16
1.451024209690461021e+03 1.672100412657232800e+16
1.451357778474297675e+03 1.672425165327965600e+16
1.451691347258134556e+03 1.672748171809655000e+16
1.452024916041971437e+03 1.673069401562623200e+16
1.452358484825808318e+03 1.673388824273764800e+16
1.452692053609645427e+03 1.673706409861558200e+16
1.453025622393482308e+03 1.674022128481048800e+16
1.453359191177318962e+03 1.674335950528824000e+16
1.453692759961155843e+03 1.674647846647952200e+16
1.454026328744992725e+03 1.674957787732918600e+16
1.454359897528829833e+03 1.675265744934515000e+16
1.454693466312666715e+03 1.675571689664718400e+16
1.455027035096503596e+03 1.675875593601540600e+16
1.455360603880340250e+03 1.676177428693848000e+16
1.455694172664177131e+03 1.676477167166145200e+16
1.456027741448014240e+03 1.676774781523340400e+16
1.456361310231851121e+03 1.677070244555466000e+16
1.456694879015688002e+03 1.677363529342376400e+16
1.457028447799524656e+03 1.677654609258398200e+16
1.457362016583361537e+03 1.677943457976957000e+16
1.457695585367198646e+03 1.678230049475154400e+16
1.458029154151035527e+03 1.678514358038313800e+16
1.458362722934872409e+03 1.678796358264480400e+16
1.458696291718709290e+03 1.679076025068884000e+16
1.459029860502545944e+03 1.679353333688355600e+16
1.459363429286383052e+03 1.679628259685699800e+16
1.459696998070219934e+03 1.679900778954019800e+16
1.460030566854056815e+03 1.680170867720997400e+16
1.460364135637893696e+03 1.680438502553126400e+16
1.460697704421730577e+03 1.680703660359892600e+16
1.461031273205567459e+03 1.680966318397905200e+16
1.461364841989404340e+03 1.681226454274973600e+16
1.461698410773241221e+03 1.681484045954132800e+16
1.462031979557078103e+03 1.681739071757620400e+16
1.462365548340914984e+03 1.681991510370778400e+16
1.462699117124752092e+03 1.682241340845925600e+16
1.463032685908588746e+03 1.682488542606149600e+16
1.463366254692425628e+03 1.682733095449050800e+16
1.463699823476262509e+03 1.682974979550422600e+16
1.464033392260099390e+03 1.683214175467870800e+16
1.464366961043936499e+03 1.683450664144372400e+16
1.464700529827773380e+03 1.683684426911766400e+16
1.465034098611610034e+03 1.683915445494188000e+16
1.465367667395446915e+03 1.684143702011426800e+16
1.465701236179283796e+03 1.684369178982230000e+16
1.466034804963120905e+03 1.684591859327527400e+16
1.466368373746957786e+03 1.684811726373592800e+16
1.466701942530794668e+03 1.685028763855144800e+16
1.467035511314631322e+03 1.685242955918356600e+16
1.467369080098468203e+03 1.685454287123813800e+16
1.467702648882305311e+03 1.685662742449396000e+16
1.468036217666142193e+03 1.685868307293068200e+16
1.468369786449979074e+03 1.686070967475634600e+16
1.468703355233815728e+03 1.686270709243377000e+16
1.469036924017652609e+03 1.686467519270649800e+16
1.469370492801489718e+03 1.686661384662376800e+16
1.469704061585326599e+03 1.686852292956487200e+16
1.470037630369163480e+03 1.687040232126265200e+16
1.470371199153000362e+03 1.687225190582625600e+16
1.470704767936837015e+03 1.687407157176304800e+16
1.471038336720674124e+03 1.687586121199977600e+16
1.471371905504511005e+03 1.687762072390295400e+16
1.471705474288347887e+03 1.687935000929838800e+16
1.472039043072184768e+03 1.688104897448988400e+16
1.472372611856021649e+03 1.688271753027719000e+16
1.472706180639858530e+03 1.688435559197309600e+16
1.473039749423695412e+03 1.688596307941965000e+16
1.473373318207532293e+03 1.688753991700363200e+16
1.473706886991369174e+03 1.688908603367111600e+16
1.474040455775206055e+03 1.689060136294125200e+16
1.474374024559043164e+03 1.689208584291913800e+16
1.474707593342879818e+03 1.689353941630784200e+16
1.475041162126716699e+03 1.689496203041970200e+16
1.475374730910553581e+03 1.689635363718655600e+16
1.475708299694390462e+03 1.689771419316932000e+16
1.476041868478227570e+03 1.689904365956654800e+16
1.476375437262064452e+03 1.690034200222217800e+16
1.476709006045901106e+03 1.690160919163248800e+16
1.477042574829737987e+03 1.690284520295207800e+16
1.477376143613574868e+03 1.690405001599903200e+16
1.477709712397411977e+03 1.690522361525915200e+16
1.478043281181248858e+03 1.690636598988942800e+16
1.478376849965085739e+03 1.690747713372053200e+16
1.478710418748922393e+03 1.690855704525849200e+16
1.479043987532759274e+03 1.690960572768544600e+16
1.479377556316596383e+03 1.691062318885958000e+16
1.479711125100433264e+03 1.691160944131412800e+16
1.480044693884270146e+03 1.691256450225554000e+16
1.480378262668106800e+03 1.691348839356076200e+16
1.480711831451943681e+03 1.691438114177361400e+16
1.481045400235780789e+03 1.691524277810037800e+16
1.481378969019617671e+03 1.691607333840438800e+16
1.481712537803454552e+03 1.691687286319985800e+16
1.482046106587291433e+03 1.691764139764476000e+16
1.482379675371128087e+03 1.691837899153296400e+16
1.482713244154965196e+03 1.691908569928531200e+16
1.483046812938802077e+03 1.691976157993999600e+16
1.483380381722638958e+03 1.692040669714202400e+16
1.483713950506475840e+03 1.692102111913182800e+16
1.484047519290312721e+03 1.692160491873296000e+16
1.484381088074149602e+03 1.692215817333909400e+16
1.484714656857986483e+03 1.692268096489995600e+16
1.485048225641823365e+03 1.692317337990661600e+16
1.485381794425660246e+03 1.692363550937585400e+16
1.485715363209497127e+03 1.692406744883364000e+16
1.486048931993334236e+03 1.692446929829786600e+16
1.486382500777170890e+03 1.692484116226023000e+16
1.486716069561007771e+03 1.692518314966727200e+16
1.487049638344844652e+03 1.692549537390060600e+16
1.487383207128681534e+03 1.692577795275635600e+16
1.487716775912518642e+03 1.692603100842376800e+16
1.488050344696355523e+03 1.692625466746299800e+16
1.488383913480192177e+03 1.692644906078219200e+16
1.488717482264029059e+03 1.692661432361363200e+16
1.489051051047865940e+03 1.692675059548928600e+16
1.489384619831703048e+03 1.692685802021538800e+16
1.489718188615539930e+03 1.692693674584639200e+16
1.490051757399376811e+03 1.692698692465808400e+16
1.490385326183213465e+03 1.692700871312000800e+16
1.490718894967050346e+03 1.692700227186701800e+16
1.491052463750887455e+03 1.692696776567027600e+16
1.491386032534724336e+03 1.692690536340729400e+16
1.491719601318561217e+03 1.692681523803147800e+16
1.492053170102397871e+03 1.692669756654073400e+16
1.492386738886234752e+03 1.692655252994557200e+16
1.492720307670071861e+03 1.692638031323629600e+16
1.493053876453908742e+03 1.692618110534973400e+16
1.493387445237745624e+03 1.692595509913502000e+16
1.493721014021582505e+03 1.692570249131893200e+16
1.494054582805419159e+03 1.692542348247044800e+16
1.494388151589256040e+03 1.692511827696463200e+16
1.494721720373093149e+03 1.692478708294592400e+16
1.495055289156930030e+03 1.692443011229072600e+16
1.495388857940766911e+03 1.692404758056946400e+16
1.495722426724603793e+03 1.692363970700786800e+16
1.496055995508440446e+03 1.692320671444779600e+16
1.496389564292277555e+03 1.692274882930735800e+16
1.496723133076114436e+03 1.692226628154047200e+16
1.497056701859951318e+03 1.692175930459588600e+16
1.497390270643788199e+03 1.692122813537549800e+16
1.497723839427624853e+03 1.692067301419227600e+16
1.498057408211461961e+03 1.692009418472755800e+16
1.498390976995298843e+03 1.691949189398771600e+16
1.498724545779135724e+03 1.691886639226045000e+16
1.499058114562972605e+03 1.691821793307044000e+16
1.499391683346809486e+03 1.691754677313462600e+16
1.499725252130646595e+03 1.691685317231676400e+16
1.500058820914483249e+03 1.691613739358170200e+16
1.500392389698320130e+03 1.691539970294917200e+16
1.500725958482157012e+03 1.691464036944690600e+16
1.501059527265993893e+03 1.691385966506357200e+16
1.501393096049831001e+03 1.691305786470106800e+16
1.501726664833667883e+03 1.691223524612647600e+16
1.502060233617504537e+03 1.691139208992361200e+16
1.502393802401341418e+03 1.691052867944406000e+16
1.502727371185178299e+03 1.690964530075795200e+16
1.503060939969015408e+03 1.690874224260425400e+16
1.503394508752852289e+03 1.690781979634074400e+16
1.503728077536688943e+03 1.690687825589351800e+16
1.504061646320525824e+03 1.690591791770636200e+16
1.504395215104362705e+03 1.690493908068959600e+16
1.504728783888199814e+03 1.690394204616862400e+16
1.505062352672036695e+03 1.690292711783216800e+16
1.505395921455873577e+03 1.690189460168033200e+16
1.505729490239710231e+03 1.690084480597219200e+16
1.506063059023547112e+03 1.689977804117319000e+16
1.506396627807384220e+03 1.689869461990231000e+16
1.506730196591221102e+03 1.689759485687885600e+16
1.507063765375057983e+03 1.689647906886917200e+16
1.507397334158894864e+03 1.689534757463297400e+16
1.507730902942731518e+03 1.689420069486956200e+16
1.508064471726568627e+03 1.689303875216376800e+16
1.508398040510405508e+03 1.689186207093173400e+16
1.508731609294242389e+03 1.689067097736652800e+16
1.509065178078079271e+03 1.688946579938350800e+16
1.509398746861915924e+03 1.688824686656564600e+16
1.509732315645753033e+03 1.688701451010864400e+16
1.510065884429589914e+03 1.688576906276582400e+16
1.510399453213426796e+03 1.688451085879307200e+16
1.510733021997263677e+03 1.688324023389357200e+16
1.511066590781100558e+03 1.688195752516241400e+16
1.511400159564937667e+03 1.688066307103116200e+16
1.511733728348774321e+03 1.687935721121231400e+16
1.512067297132611202e+03 1.687804028664375200e+16
1.512400865916448083e+03 1.687671263943309600e+16
1.512734434700284964e+03 1.687537461280195600e+16
1.513068003484122073e+03 1.687402655103030000e+16
1.513401572267958954e+03 1.687266879940063200e+16
1.513735141051795608e+03 1.687130170414231200e+16
1.514068709835632490e+03 1.686992561237577600e+16
1.514402278619469371e+03 1.686854087205682400e+16
1.514735847403306479e+03 1.686714783192089600e+16
1.515069416187143361e+03 1.686574684142738200e+16
1.515402984970980015e+03 1.686433825070401800e+16
1.515736553754816896e+03 1.686292241049133400e+16
1.516070122538653777e+03 1.686149967208710800e+16
1.516403691322490886e+03 1.686007038729093000e+16
1.516737260106327767e+03 1.685863490834888400e+16
1.517070828890164648e+03 1.685719358789832200e+16
1.517404397674001302e+03 1.685574677891266400e+16
1.517737966457838183e+03 1.685429483464643400e+16
1.518071535241675292e+03 1.685283810858032800e+16
1.518405104025512173e+03 1.685137695436646800e+16
1.518738672809349055e+03 1.684991172577379600e+16
1.519072241593185936e+03 1.684844277663362200e+16
1.519405810377022590e+03 1.684697046078529000e+16
1.519739379160859698e+03 1.684549513202212000e+16
1.520072947944696580e+03 1.684401714403741600e+16
1.520406516728533461e+03 1.684253685037075600e+16
1.520740085512370342e+03 1.684105460435442800e+16
1.521073654296206996e+03 1.683957075906012000e+16
1.521407223080044105e+03 1.683808566724580200e+16
1.521740791863880986e+03 1.683659968130275400e+16
1.522074360647717867e+03 1.683511315320300200e+16
1.522407929431554749e+03 1.683362643444687800e+16
1.522741498215391630e+03 1.683213987601084000e+16
1.523075066999228738e+03 1.683065382829552400e+16
1.523408635783065392e+03 1.682916864107412800e+16
1.523742204566902274e+03 1.682768466344106400e+16
1.524075773350739155e+03 1.682620224376083600e+16
1.524409342134576036e+03 1.682472172961718800e+16
1.524742910918413145e+03 1.682324346776261800e+16
1.525076479702250026e+03 1.682176780406818400e+16
1.525410048486086680e+03 1.682029508347355200e+16
1.525743617269923561e+03 1.681882564993737200e+16
1.526077186053760443e+03 1.681735984638804600e+16
1.526410754837597551e+03 1.681589801467472000e+16
1.526744323621434432e+03 1.681444049551870000e+16
1.527077892405271086e+03 1.681298762846506800e+16
1.527411461189107968e+03 1.681153975183484800e+16
1.527745029972944849e+03 1.681009720267725600e+16
1.528078598756781957e+03 1.680866031672257600e+16
1.528412167540618839e+03 1.680722942833512400e+16
1.528745736324455720e+03 1.680580487046683200e+16
1.529079305108292374e+03 1.680438697461099200e+16
1.529412873892129255e+03 1.680297607075646000e+16
1.529746442675966364e+03 1.680157248734225000e+16
1.530080011459803245e+03 1.680017655121242200e+16
1.530413580243640126e+03 1.679878858757149600e+16
1.530747149027477008e+03 1.679740891994009600e+16
1.531080717811313662e+03 1.679603787011107600e+16
1.531414286595150770e+03 1.679467575810605400e+16
1.531747855378987651e+03 1.679332290213221600e+16
1.532081424162824533e+03 1.679197961853971200e+16
1.532414992946661414e+03 1.679064622177928600e+16
1.532748561730498068e+03 1.678932302436042600e+16
1.533082130514335176e+03 1.678801033680984800e+16
1.533415699298172058e+03 1.678670846763038400e+16
1.533749268082008939e+03 1.678541772326042000e+16
1.534082836865845820e+03 1.678413840803355200e+16
1.534416405649682702e+03 1.678287082413881600e+16
1.534749974433519810e+03 1.678161527158122800e+16
1.535083543217356464e+03 1.678037204814284800e+16
1.535417112001193345e+03 1.677914144934420000e+16
1.535750680785030227e+03 1.677792376840612000e+16
1.536084249568867108e+03 1.677671929621206400e+16
1.536417818352704217e+03 1.677552832127082400e+16
1.536751387136540870e+03 1.677435112967965000e+16
1.537084955920377752e+03 1.677318800508789000e+16
1.537418524704214633e+03 1.677203922866090000e+16
1.537752093488051514e+03 1.677090507904460600e+16
1.538085662271888623e+03 1.676978583233029600e+16
1.538419231055725504e+03 1.676868176201995000e+16
1.538752799839562158e+03 1.676759313899198000e+16
1.539086368623399039e+03 1.676652023146745000e+16
1.539419937407235921e+03 1.676546330497664800e+16
1.539753506191073029e+03 1.676442262232615200e+16
1.540087074974909910e+03 1.676339844356630200e+16
1.540420643758746792e+03 1.676239102595915800e+16
1.540754212542583446e+03 1.676140062394684400e+16
1.541087781326420327e+03 1.676042748912032400e+16
1.541421350110257436e+03 1.675947187018867200e+16
1.541754918894094317e+03 1.675853401294869600e+16
1.542088487677931198e+03 1.675761416025509400e+16
1.542422056461768079e+03 1.675671255199094600e+16
1.542755625245604733e+03 1.675582942503871200e+16
1.543089194029441842e+03 1.675496501325165200e+16
1.543422762813278723e+03 1.675411954742562000e+16
1.543756331597115604e+03 1.675329325527139400e+16
1.544089900380952486e+03 1.675248636138738200e+16
1.544423469164789140e+03 1.675169908723271800e+16
1.544757037948626248e+03 1.675093165110087800e+16
1.545090606732463129e+03 1.675018426809364600e+16
1.545424175516300011e+03 1.674945715009561800e+16
1.545757744300136892e+03 1.674875050574897600e+16
1.546091313083973773e+03 1.674806454042883200e+16
1.546424881867810882e+03 1.674739945621896800e+16
1.546758450651647536e+03 1.674675545188792400e+16
1.547092019435484417e+03 1.674613272286562000e+16
1.547425588219321298e+03 1.674553146122032800e+16
1.547759157003158180e+03 1.674495185563613400e+16
1.548092725786995288e+03 1.674439409139073000e+16
1.548426294570831942e+03 1.674385835033372400e+16
1.548759863354668823e+03 1.674334481086533800e+16
1.549093432138505705e+03 1.674285364791549800e+16
1.549427000922342586e+03 1.674238503292337200e+16
1.549760569706179695e+03 1.674193913381738800e+16
1.550094138490016576e+03 1.674151611499549200e+16
1.550427707273853230e+03 1.674111613730603600e+16
1.550761276057690111e+03 1.674073935802898000e+16
1.551094844841526992e+03 1.674038593085748800e+16
1.551428413625364101e+03 1.674005600587998200e+16
1.551761982409200982e+03 1.673974972956262400e+16
1.552095551193037863e+03 1.673946724473218000e+16
1.552429119976874517e+03 1.673920869055934600e+16
1.552762688760711399e+03 1.673897420254235800e+16
1.553096257544548507e+03 1.673876391249128000e+16
1.553429826328385388e+03 1.673857794851234800e+16
1.553763395112222270e+03 1.673841643499312000e+16
1.554096963896059151e+03 1.673827949258764800e+16
1.554430532679895805e+03 1.673816723820242200e+16
1.554764101463732914e+03 1.673807978498247400e+16
1.555097670247569795e+03 1.673801724229797600e+16
1.555431239031406676e+03 1.673797971573134000e+16
1.555764807815243557e+03 1.673796730706457600e+16
1.556098376599080211e+03 1.673798011426716000e+16
1.556431945382917320e+03 1.673801823148433400e+16
1.556765514166754201e+03 1.673808174902575600e+16
1.557099082950591082e+03 1.673817075335459200e+16
1.557432651734427964e+03 1.673828532707706600e+16
1.557766220518264845e+03 1.673842554893232400e+16
1.558099789302101954e+03 1.673859149378287400e+16
1.558433358085938607e+03 1.673878323260526200e+16
1.558766926869775489e+03 1.673900083248133600e+16
1.559100495653612370e+03 1.673924435658976800e+16
1.559434064437449251e+03 1.673951386419820800e+16
1.559767633221286360e+03 1.673980941065563800e+16
1.560101202005123014e+03 1.674013104738526600e+16
1.560434770788959895e+03 1.674047882187788000e+16
1.560768339572796776e+03 1.674085277768554800e+16
1.561101908356633658e+03 1.674125295441579200e+16
1.561435477140470766e+03 1.674167938772621200e+16
1.561769045924307648e+03 1.674213210931942800e+16
1.562102614708144301e+03 1.674261114693869000e+16
1.562436183491981183e+03 1.674311652436367600e+16
1.562769752275818064e+03 1.674364826140686800e+16
1.563103321059655173e+03 1.674420637391036800e+16
1.563436889843492054e+03 1.674479087374308800e+16
1.563770458627328935e+03 1.674540176879845600e+16
1.564104027411165589e+03 1.674603906299261400e+16
1.564437596195002470e+03 1.674670275626286800e+16
1.564771164978839579e+03 1.674739284456688800e+16
1.565104733762676460e+03 1.674810931988206800e+16
1.565438302546513341e+03 1.674885217020563200e+16
1.565771871330350223e+03 1.674962137955497200e+16
1.566105440114186877e+03 1.675041692796860400e+16
1.566439008898023985e+03 1.675123879150752200e+16
1.566772577681860867e+03 1.675208694225705600e+16
1.567106146465697748e+03 1.675296134832921600e+16
1.567439715249534629e+03 1.675386197386553600e+16
1.567773284033371283e+03 1.675478877904034800e+16
1.568106852817208392e+03 1.675574172006458800e+16
1.568440421601045273e+03 1.675672074919011000e+16
1.568773990384882154e+03 1.675772581471451600e+16
1.569107559168719035e+03 1.675875686098638000e+16
1.569441127952555917e+03 1.675981382841115200e+16
1.569774696736393025e+03 1.676089665345744400e+16
1.570108265520229679e+03 1.676200526866388400e+16
1.570441834304066560e+03 1.676313960264648400e+16
1.570775403087903442e+03 1.676429958010657600e+16
1.571108971871740323e+03 1.676548512183920000e+16
1.571442540655577432e+03 1.676669614474213200e+16
1.571776109439414086e+03 1.676793256182536600e+16
1.572109678223250967e+03 1.676919428222115200e+16
1.572443247007087848e+03 1.677048121119468000e+16
1.572776815790924729e+03 1.677179325015526400e+16
1.573110384574761838e+03 1.677313029666798800e+16
1.573443953358598719e+03 1.677449224446614000e+16
1.573777522142435373e+03 1.677587898346399400e+16
1.574111090926272254e+03 1.677729039977038000e+16
1.574444659710109136e+03 1.677872637570266000e+16
1.574778228493946244e+03 1.678018678980139200e+16
1.575111797277783126e+03 1.678167151684558400e+16
1.575445366061620007e+03 1.678318042786857200e+16
1.575778934845456661e+03 1.678471339017440400e+16
1.576112503629293542e+03 1.678627026735495200e+16
1.576446072413130651e+03 1.678785091930760600e+16
1.576779641196967532e+03 1.678945520225351200e+16
1.577113209980804413e+03 1.679108296875666200e+16
1.577446778764641294e+03 1.679273406774328800e+16
1.577780347548477948e+03 1.679440834452226400e+16
1.578113916332315057e+03 1.679610564080581600e+16
1.578447485116151938e+03 1.679782579473115600e+16
1.578781053899988819e+03 1.679956864088260800e+16
1.579114622683825701e+03 1.680133401031446200e+16
1.579448191467662355e+03 1.680312173057450800e+16
1.579781760251499463e+03 1.680493162572817600e+16
1.580115329035336345e+03 1.680676351638344400e+16
1.580448897819173226e+03 1.680861721971641600e+16
1.580782466603010107e+03 1.681049254949751200e+16
1.581116035386846988e+03 1.681238931611842000e+16
1.581449604170683642e+03 1.681430732661979400e+16
1.581783172954520751e+03 1.681624638471953200e+16
1.582116741738357632e+03 1.681820629084189000e+16
1.582450310522194513e+03 1.682018684214718600e+16
1.582783879306031395e+03 1.682218783256240800e+16
1.583117448089868276e+03 1.682420905281233200e+16
1.583451016873705157e+03 1.682625029045151600e+16
1.583784585657542038e+03 1.682831132989698800e+16
1.584118154441378920e+03 1.683039195246165400e+16
1.584451723225215801e+03 1.683249193638848000e+16
1.584785292009052682e+03 1.683461105688534200e+16
1.585118860792889791e+03 1.683674908616079200e+16
1.585452429576726445e+03 1.683890579346033800e+16
1.585785998360563326e+03 1.684108094510372600e+16
1.586119567144400207e+03 1.684327430452276400e+16
1.586453135928237089e+03 1.684548563230008800e+16
1.586786704712074197e+03 1.684771468620856800e+16
1.587120273495911078e+03 1.684996122125153600e+16
1.587453842279747732e+03 1.685222498970376200e+16
1.587787411063584614e+03 1.685450574115321800e+16
1.588120979847421495e+03 1.685680322254360400e+16
1.588454548631258604e+03 1.685911717821766000e+16
1.588788117415095485e+03 1.686144734996119200e+16
1.589121686198932366e+03 1.686379347704800800e+16
1.589455254982769020e+03 1.686615529628549200e+16
1.589788823766605901e+03 1.686853254206100000e+16
1.590122392550443010e+03 1.687092494638906400e+16
1.590455961334279891e+03 1.687333223895934800e+16
1.590789530118116772e+03 1.687575414718539600e+16
1.591123098901953426e+03 1.687819039625410200e+16
1.591456667685790308e+03 1.688064070917603200e+16
1.591790236469627416e+03 1.688310480683647200e+16
1.592123805253464297e+03 1.688558240804720000e+16
1.592457374037301179e+03 1.688807322959920000e+16
1.592790942821138060e+03 1.689057698631586200e+16
1.593124511604974714e+03 1.689309339110723600e+16
1.593458080388811823e+03 1.689562215502486400e+16
1.593791649172648704e+03 1.689816298731737600e+16
1.594125217956485585e+03 1.690071559548692400e+16
1.594458786740322466e+03 1.690327968534631400e+16
1.594792355524159348e+03 1.690585496107687000e+16
1.595125924307996229e+03 1.690844112528701200e+16
1.595459493091833110e+03 1.691103787907162800e+16
1.595793061875669991e+03 1.691364492207215200e+16
1.596126630659506873e+03 1.691626195253731600e+16
1.596460199443343754e+03 1.691888866738464400e+16
1.596793768227180863e+03 1.692152476226266400e+16
1.597127337011017516e+03 1.692416993161378000e+16
1.597460905794854398e+03 1.692682386873786600e+16
1.597794474578691279e+03 1.692948626585647200e+16
1.598128043362528160e+03 1.693215681417782200e+16
1.598461612146365269e+03 1.693483520396236400e+16
1.598795180930202150e+03 1.693752112458896800e+16
1.599128749714038804e+03 1.694021426462177600e+16
1.599462318497875685e+03 1.694291431187781200e+16
1.599795887281712567e+03 1.694562095349497400e+16
1.600129456065549675e+03 1.694833387600078800e+16
1.600463024849386557e+03 1.695105276538171000e+16
1.600796593633223438e+03 1.695377730715298400e+16
1.601130162417060092e+03 1.695650718642914800e+16
1.601463731200896973e+03 1.695924208799492200e+16
1.601797299984734082e+03 1.696198169637686400e+16
1.602130868768570963e+03 1.696472569591528400e+16
1.602464437552407844e+03 1.696747377083689800e+16
1.602798006336244498e+03 1.697022560532783800e+16
1.603131575120081379e+03 1.697298088360714400e+16
1.603465143903918488e+03 1.697573929000076400e+16
1.603798712687755369e+03 1.697850050901595200e+16
1.604132281471592250e+03 1.698126422541609600e+16
1.604465850255429132e+03 1.698403012429594000e+16
1.604799419039265786e+03 1.698679789115721000e+16
1.605132987823102894e+03 1.698956721198461000e+16
1.605466556606939776e+03 1.699233777332208800e+16
1.605800125390776657e+03 1.699510926234957000e+16
1.606133694174613538e+03 1.699788136695981200e+16
1.606467262958450419e+03 1.700065377583570800e+16
1.606800831742287301e+03 1.700342617852777000e+16
1.607134400526124182e+03 1.700619826553182600e+16
1.607467969309961063e+03 1.700896972836704200e+16
1.607801538093797944e+03 1.701174025965401400e+16
1.608135106877634826e+03 1.701450955319304400e+16
1.608468675661471934e+03 1.701727730404274800e+16
1.608802244445308588e+03 1.702004320859852000e+16
1.609135813229145469e+03 1.702280696467126800e+16
1.609469382012982351e+03 1.702556827156614200e+16
1.609802950796819232e+03 1.702832683016142400e+16
1.610136519580656341e+03 1.703108234298733200e+16
1.610470088364493222e+03 1.703383451430478600e+16
1.610803657148329876e+03 1.703658305018435200e+16
1.611137225932166757e+03 1.703932765858488800e+16
1.611470794716003638e+03 1.704206804943230800e+16
1.611804363499840747e+03 1.704480393469808400e+16
1.612137932283677628e+03 1.704753502847771000e+16
1.612471501067514509e+03 1.705026104706900000e+16
1.612805069851351163e+03 1.705298170905016000e+16
1.613138638635188045e+03 1.705569673535765400e+16
1.613472207419025153e+03 1.705840584936382200e+16
1.613805776202862035e+03 1.706110877695424800e+16
1.614139344986698916e+03 1.706380524660482000e+16
1.614472913770535570e+03 1.706649498945841600e+16
1.614806482554372451e+03 1.706917773940127600e+16
1.615140051338209560e+03 1.707185323313902000e+16
1.615473620122046441e+03 1.707452121027213800e+16
1.615807188905883322e+03 1.707718141337112000e+16
1.616140757689720203e+03 1.707983358805110800e+16
1.616474326473556857e+03 1.708247748304601400e+16
1.616807895257393966e+03 1.708511285028211200e+16
1.617141464041230847e+03 1.708773944495102800e+16
1.617475032825067728e+03 1.709035702558225800e+16
1.617808601608904610e+03 1.709296535411494400e+16
1.618142170392741491e+03 1.709556419596898800e+16
1.618475739176578372e+03 1.709815332011562800e+16
1.618809307960415254e+03 1.710073249914712000e+16
1.619142876744252135e+03 1.710330150934584000e+16
1.619476445528089016e+03 1.710586013075251000e+16
1.619810014311925897e+03 1.710840814723367000e+16
1.620143583095763006e+03 1.711094534654834000e+16
1.620477151879599660e+03 1.711347152041380600e+16
1.620810720663436541e+03 1.711598646457049600e+16
1.621144289447273422e+03 1.711848997884598000e+16
1.621477858231110304e+03 1.712098186721810400e+16
1.621811427014947412e+03 1.712346193787696400e+16
1.622144995798784294e+03 1.712593000328608800e+16
1.622478564582620947e+03 1.712838588024249600e+16
1.622812133366457829e+03 1.713082938993570600e+16
1.623145702150294710e+03 1.713326035800575400e+16
1.623479270934131819e+03 1.713567861459997400e+16
1.623812839717968700e+03 1.713808399442879200e+16
1.624146408501805581e+03 1.714047633682030400e+16
1.624479977285642235e+03 1.714285548577368400e+16
1.624813546069479116e+03 1.714522129001136400e+16
1.625147114853316225e+03 1.714757360303010800e+16
1.625480683637153106e+03 1.714991228315066000e+16
1.625814252420989988e+03 1.715223719356629600e+16
1.626147821204826641e+03 1.715454820238996000e+16
1.626481389988663523e+03 1.715684518270018400e+16
1.626814958772500631e+03 1.715912801258559000e+16
1.627148527556337513e+03 1.716139657518808600e+16
1.627482096340174394e+03 1.716365075874466000e+16
1.627815665124011275e+03 1.716589045662783600e+16
1.628149233907847929e+03 1.716811556738467200e+16
1.628482802691685038e+03 1.717032599477428400e+16
1.628816371475521919e+03 1.717252164780400800e+16
1.629149940259358800e+03 1.717470244076404400e+16
1.629483509043195681e+03 1.717686829326065600e+16
1.629817077827032563e+03 1.717901913024784000e+16
1.630150646610869444e+03 1.718115488205745800e+16
1.630484215394706325e+03 1.718327548442791400e+16
1.630817784178543207e+03 1.718538087853127000e+16
1.631151352962380088e+03 1.718747101099876400e+16
1.631484921746216969e+03 1.718954583394479800e+16
1.631818490530054078e+03 1.719160530498938000e+16
1.632152059313890732e+03 1.719364938727890800e+16
1.632485628097727613e+03 1.719567804950546800e+16
1.632819196881564494e+03 1.719769126592438000e+16
1.633152765665401375e+03 1.719968901637030400e+16
1.633486334449238484e+03 1.720167128627159000e+16
1.633819903233075365e+03 1.720363806666306800e+16
1.634153472016912019e+03 1.720558935419717600e+16
1.634487040800748900e+03 1.720752515115354400e+16
1.634820609584585782e+03 1.720944546544682800e+16
1.635154178368422890e+03 1.721135031063291000e+16
1.635487747152259772e+03 1.721323970591357600e+16
1.635821315936096653e+03 1.721511367613943200e+16
1.636154884719933307e+03 1.721697225181118800e+16
1.636488453503770188e+03 1.721881546907936400e+16
1.636822022287607297e+03 1.722064336974232600e+16
1.637155591071444178e+03 1.722245600124261200e+16
1.637489159855281059e+03 1.722425341666177400e+16
1.637822728639117713e+03 1.722603567471340800e+16
1.638156297422954594e+03 1.722780283973472200e+16
1.638489866206791703e+03 1.722955498167636200e+16
1.638823434990628584e+03 1.723129217609066400e+16
1.639157003774465466e+03 1.723301450411833200e+16
1.639490572558302347e+03 1.723472205247349600e+16
1.639824141342139001e+03 1.723641491342712800e+16
1.640157710125976109e+03 1.723809318478896400e+16
1.640491278909812991e+03 1.723975696988778400e+16
1.640824847693649872e+03 1.724140637755017600e+16
1.641158416477486753e+03 1.724304152207779000e+16
1.641491985261323634e+03 1.724466252322289800e+16
1.641825554045160516e+03 1.724626950616265200e+16
1.642159122828997397e+03 1.724786260147167600e+16
1.642492691612834278e+03 1.724944194509328400e+16
1.642826260396671159e+03 1.725100767830908000e+16
1.643159829180508041e+03 1.725255994770728000e+16
1.643493397964345149e+03 1.725409890514945400e+16
1.643826966748181803e+03 1.725562470773590400e+16
1.644160535532018685e+03 1.725713751776959200e+16
1.644494104315855566e+03 1.725863750271884400e+16
1.644827673099692447e+03 1.726012483517848000e+16
1.645161241883529556e+03 1.726159969282970000e+16
1.645494810667366437e+03 1.726306225839867000e+16
1.645828379451203091e+03 1.726451271961379800e+16
1.646161948235039972e+03 1.726595126916174600e+16
1.646495517018876853e+03 1.726737810464211600e+16
1.646829085802713962e+03 1.726879342852098400e+16
1.647162654586550843e+03 1.727019744808320000e+16
1.647496223370387725e+03 1.727159037538359200e+16
1.647829792154224378e+03 1.727297242719684400e+16
1.648163360938061260e+03 1.727434382496638600e+16
1.648496929721898368e+03 1.727570479475216200e+16
1.648830498505735250e+03 1.727705556717726800e+16
1.649164067289572131e+03 1.727839637737362000e+16
1.649497636073408785e+03 1.727972746492651200e+16
1.649831204857245666e+03 1.728104907381828800e+16
1.650164773641082775e+03 1.728236145237094800e+16
1.650498342424919656e+03 1.728366485318789600e+16
1.650831911208756537e+03 1.728495953309469600e+16
1.651165479992593419e+03 1.728624575307908800e+16
1.651499048776430072e+03 1.728752377823002200e+16
1.651832617560267181e+03 1.728879387767590400e+16
1.652166186344104062e+03 1.729005632452214400e+16
1.652499755127940944e+03 1.729131139578781400e+16
1.652833323911777825e+03 1.729255937234169200e+16
1.653166892695614706e+03 1.729380053883752400e+16
1.653500461479451587e+03 1.729503518364867800e+16
1.653834030263288469e+03 1.729626359880210800e+16
1.654167599047125350e+03 1.729748607991180800e+16
1.654501167830962231e+03 1.729870292611155200e+16
1.654834736614799112e+03 1.729991443998723600e+16
1.655168305398636221e+03 1.730112092750859000e+16
1.655501874182472875e+03 1.730232269796051200e+16
1.655835442966309756e+03 1.730352006387382000e+16
1.656169011750146637e+03 1.730471334095576000e+16
1.656502580533983519e+03 1.730590284801998400e+16
1.656836149317820627e+03 1.730708890691620000e+16
1.657169718101657509e+03 1.730827184245953600e+16
1.657503286885494163e+03 1.730945198235959400e+16
1.657836855669331044e+03 1.731062965714923200e+16
1.658170424453167925e+03 1.731180520011307400e+16
1.658503993237005034e+03 1.731297894721591400e+16
1.658837562020841915e+03 1.731415123703081400e+16
1.659171130804678796e+03 1.731532241066717400e+16
1.659504699588515450e+03 1.731649281169866200e+16
1.659838268372352331e+03 1.731766278609093400e+16
1.660171837156189440e+03 1.731883268212953200e+16
1.660505405940026321e+03 1.732000285034752200e+16
1.660838974723863203e+03 1.732117364345330400e+16
1.661172543507699856e+03 1.732234541625830000e+16
1.661506112291536738e+03 1.732351852560488800e+16
1.661839681075373846e+03 1.732469333029420800e+16
1.662173249859210728e+03 1.732587019101428400e+16
1.662506818643047609e+03 1.732704947026804200e+16
1.662840387426884490e+03 1.732823153230186800e+16
1.663173956210721144e+03 1.732941674303388000e+16
1.663507524994558253e+03 1.733060546998282600e+16
1.663841093778395134e+03 1.733179808219703600e+16
1.664174662562232015e+03 1.733299495018363000e+16
1.664508231346068897e+03 1.733419644583812200e+16
1.664841800129905778e+03 1.733540294237422000e+16
1.665175368913742432e+03 1.733661481425407200e+16
1.665508937697579540e+03 1.733783243711881600e+16
1.665842506481416422e+03 1.733905618771952200e+16
1.666176075265253303e+03 1.734028644384856000e+16
1.666509644049090184e+03 1.734152358427141600e+16
1.666843212832926838e+03 1.734276798865887800e+16
1.667176781616763947e+03 1.734402003751980800e+16
1.667510350400600828e+03 1.734528011213432600e+16
1.667843919184437709e+03 1.734654859448751400e+16
1.668177487968274590e+03 1.734782586720374400e+16
1.668511056752111472e+03 1.734911231348134000e+16
1.668844625535948580e+03 1.735040831702814000e+16
1.669178194319785234e+03 1.735171426199728600e+16
1.669511763103622116e+03 1.735303053292389600e+16
1.669845331887458997e+03 1.735435751466218800e+16
1.670178900671295878e+03 1.735569559232335200e+16
1.670512469455132987e+03 1.735704515121399400e+16
1.670846038238969868e+03 1.735840657677527600e+16
1.671179607022806522e+03 1.735978025452275000e+16
1.671513175806643403e+03 1.736116656998687600e+16
1.671846744590480284e+03 1.736256590865425200e+16
1.672180313374317393e+03 1.736397865590957600e+16
1.672513882158154274e+03 1.736540519697824800e+16
1.672847450941990928e+03 1.736684591686994400e+16
1.673181019725827809e+03 1.736830120032271600e+16
1.673514588509664691e+03 1.736977143174792800e+16
1.673848157293501799e+03 1.737125699517603600e+16
1.674181726077338681e+03 1.737275827420308400e+16
1.674515294861175562e+03 1.737427565193805000e+16
1.674848863645012216e+03 1.737580951095095600e+16
1.675182432428849097e+03 1.737736023322175800e+16
1.675516001212686206e+03 1.737892820009019600e+16
1.675849569996523087e+03 1.738051379220629800e+16
1.676183138780359968e+03 1.738211738948184400e+16
1.676516707564196849e+03 1.738373937104258800e+16
1.676850276348033503e+03 1.738538011518141600e+16
1.677183845131870612e+03 1.738703999931227000e+16
1.677517413915707493e+03 1.738871939992493200e+16
1.677850982699544375e+03 1.739041869254075200e+16
1.678184551483381256e+03 1.739213825166913400e+16
1.678518120267217910e+03 1.739387845076498000e+16
1.678851689051055018e+03 1.739563966218688400e+16
1.679185257834891900e+03 1.739742225715632400e+16
1.679518826618728781e+03 1.739922660571769200e+16
1.679852395402565662e+03 1.740105307669910400e+16
1.680185964186402543e+03 1.740290203767419200e+16
1.680519532970239652e+03 1.740477385492474400e+16
1.680853101754076306e+03 1.740666889340417800e+16
1.681186670537913187e+03 1.740858751670193600e+16
1.681520239321750068e+03 1.741053008700873000e+16
1.681853808105586950e+03 1.741249696508265200e+16
1.682187376889424058e+03 1.741448851021618200e+16
1.682520945673260940e+03 1.741650508020399600e+16
1.682854514457097594e+03 1.741854703131172400e+16
1.683188083240934475e+03 1.742061471824554800e+16
1.683521652024771356e+03 1.742270849412255600e+16
1.683855220808608465e+03 1.742482871044218800e+16
1.684188789592445346e+03 1.742697571705816000e+16
1.684522358376282000e+03 1.742914986215166000e+16
1.684855927160118881e+03 1.743135149220508000e+16
1.685189495943955762e+03 1.743358095197670000e+16
1.685523064727792871e+03 1.743583858447616400e+16
1.685856633511629752e+03 1.743812473094084200e+16
1.686190202295466634e+03 1.744043973081296200e+16
1.686523771079303287e+03 1.744278392171756200e+16
1.686857339863140169e+03 1.744515763944125600e+16
1.687190908646977277e+03 1.744756121791180400e+16
1.687524477430814159e+03 1.744999498917844600e+16
1.687858046214651040e+03 1.745245928339311000e+16
1.688191614998487921e+03 1.745495442879223400e+16
1.688525183782324575e+03 1.745748075167957400e+16
1.688858752566161684e+03 1.746003857640960000e+16
1.689192321349998565e+03 1.746262822537168400e+16
1.689525890133835446e+03 1.746525001897508800e+16
1.689859458917672328e+03 1.746790427563468800e+16
1.690193027701508981e+03 1.747059131175735200e+16
1.690526596485346090e+03 1.747331144172911200e+16
1.690860165269182971e+03 1.747606497790296000e+16
1.691193734053019853e+03 1.747885223058750400e+16
1.691527302836856734e+03 1.748167350803616800e+16
1.691860871620693615e+03 1.748452911643706000e+16
1.692194440404530724e+03 1.748741935990366800e+16
1.692528009188367378e+03 1.749034454046607400e+16
1.692861577972204259e+03 1.749330495806288400e+16
1.693195146756041140e+03 1.749630091053377600e+16
1.693528715539878021e+03 1.749933269361268000e+16
1.693862284323715130e+03 1.750240060092163200e+16
1.694195853107552011e+03 1.750550492396514200e+16
1.694529421891388665e+03 1.750864595212521600e+16
1.694862990675225547e+03 1.751182397265701000e+16
1.695196559459062428e+03 1.751503927068499000e+16
1.695530128242899536e+03 1.751829212919964400e+16
1.695863697026736418e+03 1.752158282905486400e+16
1.696197265810573072e+03 1.752491164896572800e+16
1.696530834594409953e+03 1.752827886550697200e+16
1.696864403378246834e+03 1.753168475311177600e+16
1.697197972162083943e+03 1.753512958407131600e+16
1.697531540945920824e+03 1.753861362853457400e+16
1.697865109729757705e+03 1.754213715450882400e+16
1.698198678513594359e+03 1.754570042786044000e+16
1.698532247297431240e+03 1.754930371231631200e+16
1.698865816081268349e+03 1.755294726946562200e+16
1.699199384865105230e+03 1.755663135876206000e+16
1.699532953648942112e+03 1.756035623752652000e+16
1.699866522432778993e+03 1.756412216095022000e+16
1.700200091216615647e+03 1.756792938209814000e+16
1.700533660000452755e+03 1.757177815191298400e+16
1.700867228784289637e+03 1.757566871921936800e+16
1.701200797568126518e+03 1.757960133072857000e+16
1.701534366351963399e+03 1.758357623104347600e+16
1.701867935135800053e+03 1.758759366266397200e+16
1.702201503919637162e+03 1.759165386599260000e+16
1.702535072703474043e+03 1.759575707934062200e+16
1.702868641487310924e+03 1.759990353893434600e+16
1.703202210271147806e+03 1.760409347892173600e+16
1.703535779054984687e+03 1.760832713137938600e+16
1.703869347838821795e+03 1.761260472631970000e+16
1.704202916622658449e+03 1.761692649169836200e+16
1.704536485406495331e+03 1.762129265342208800e+16
1.704870054190332212e+03 1.762570343535658600e+16
1.705203622974169093e+03 1.763015905933480200e+16
1.705537191758006202e+03 1.763465974516529200e+16
1.705870760541842856e+03 1.763920571064092400e+16
1.706204329325679737e+03 1.764379717154767400e+16
1.706537898109516618e+03 1.764843434167367200e+16
1.706871466893353499e+03 1.765311743281845200e+16
1.707205035677190608e+03 1.765784665480224600e+16
1.707538604461027489e+03 1.766262221547554000e+16
1.707872173244864143e+03 1.766744432072878800e+16
1.708205742028701025e+03 1.767231317450215200e+16
1.708539310812537906e+03 1.767722897879544200e+16
1.708872879596375014e+03 1.768219193367817200e+16
1.709206448380211896e+03 1.768720223729965000e+16
1.709540017164048777e+03 1.769226008589924200e+16
1.709873585947885431e+03 1.769736567381661800e+16
1.710207154731722312e+03 1.770251919350213800e+16
1.710540723515559421e+03 1.770772083552730000e+16
1.710874292299396302e+03 1.771297078859515200e+16
1.711207861083233183e+03 1.771826923955080200e+16
1.711541429867070065e+03 1.772361637339192600e+16
1.711874998650906718e+03 1.772901237327936800e+16
1.712208567434743827e+03 1.773445742054759600e+16
1.712542136218580708e+03 1.773995169471522000e+16
1.712875705002417590e+03 1.774549537349558400e+16
1.713209273786254471e+03 1.775108863280713400e+16
1.713542842570091125e+03 1.775673164678401200e+16
1.713876411353928233e+03 1.776242458778622800e+16
1.714209980137765115e+03 1.776816762641018400e+16
1.714543548921601996e+03 1.777396093149882800e+16
1.714877117705438877e+03 1.777980467015184600e+16
1.715210686489275759e+03 1.778569900773577600e+16
1.715544255273112867e+03 1.779164410789395600e+16
1.715877824056949521e+03 1.779764013255642000e+16
1.716211392840786402e+03 1.780368724194964200e+16
1.716544961624623284e+03 1.780978559460614400e+16
1.716878530408460165e+03 1.781593534737399200e+16
1.717212099192297273e+03 1.782213665542614600e+16
1.717545667976133927e+03 1.782838967226955800e+16
1.717879236759970809e+03 1.783469454975422400e+16
1.718212805543807690e+03 1.784105143808198000e+16
1.718546374327644571e+03 1.784746048581513200e+16
1.718879943111481680e+03 1.785392183988486000e+16
1.719213511895318561e+03 1.786043564559945400e+16
1.719547080679155215e+03 1.786700204665226400e+16
1.719880649462992096e+03 1.787362118512952400e+16
1.720214218246828977e+03 1.788029320151779800e+16
1.720547787030666086e+03 1.788701823471132200e+16
1.720881355814502967e+03 1.789379642201895600e+16
1.721214924598339849e+03 1.790062789917099200e+16
1.721548493382176503e+03 1.790751280032550000e+16
1.721882062166013384e+03 1.791445125807465600e+16
1.722215630949850492e+03 1.792144340345049800e+16
1.722549199733687374e+03 1.792848936593056800e+16
1.722882768517524255e+03 1.793558927344308000e+16
1.723216337301361136e+03 1.794274325237195000e+16
1.723549906085197790e+03 1.794995142756129200e+16
1.723883474869034899e+03 1.795721392231970800e+16
1.724217043652871780e+03 1.796453085842412200e+16
1.724550612436708661e+03 1.797190235612336000e+16
1.724884181220545543e+03 1.797932853414126400e+16
1.725217750004382196e+03 1.798680950967938800e+16
1.725551318788219305e+03 1.799434539841948800e+16
1.725884887572056186e+03 1.800193631452532400e+16
1.726218456355893068e+03 1.800958237064430800e+16
1.726552025139729949e+03 1.801728367790859200e+16
1.726885593923566830e+03 1.802504034593572400e+16
1.727219162707403939e+03 1.803285248282893600e+16
1.727552731491240593e+03 1.804072019517684000e+16
1.727886300275077474e+03 1.804864358805285200e+16
1.728219869058914355e+03 1.805662276501393600e+16
1.728553437842751237e+03 1.806465782809904800e+16
1.728887006626588345e+03 1.807274887782698400e+16
1.729220575410424999e+03 1.808089601319369200e+16
1.729554144194261880e+03 1.808909933166916400e+16
1.729887712978098762e+03 1.809735892919378400e+16
1.730221281761935643e+03 1.810567490017410800e+16
1.730554850545772752e+03 1.811404733747805600e+16
1.730888419329609633e+03 1.812247633242968800e+16
1.731221988113446287e+03 1.813096197480330400e+16
1.731555556897283168e+03 1.813950435281700800e+16
1.731889125681120049e+03 1.814810355312566000e+16
1.732222694464957158e+03 1.815675966081328000e+16
1.732556263248794039e+03 1.816547275938481600e+16
1.732889832032630920e+03 1.817424293075730000e+16
1.733223400816467574e+03 1.818307025525038000e+16
1.733556969600304456e+03 1.819195481157623200e+16
1.733890538384141564e+03 1.820089667682878400e+16
1.734224107167978445e+03 1.820989592647234000e+16
1.734557675951815327e+03 1.821895263432945600e+16
1.734891244735652208e+03 1.822806687256825200e+16
1.735224813519488862e+03 1.823723871168896800e+16
1.735558382303325970e+03 1.824646822050972800e+16
1.735891951087162852e+03 1.825575546615179200e+16
1.736225519870999733e+03 1.826510051402396800e+16
1.736559088654836614e+03 1.827450342780625600e+16
1.736892657438673268e+03 1.828396426943284000e+16
1.737226226222510377e+03 1.829348309907431200e+16
1.737559795006347258e+03 1.830305997511901600e+16
1.737893363790184139e+03 1.831269495415383200e+16
1.738226932574021021e+03 1.832238809094392800e+16
1.738560501357857902e+03 1.833213943841192800e+16
1.738894070141695011e+03 1.834194904761615200e+16
1.739227638925531664e+03 1.835181696772801600e+16
1.739561207709368546e+03 1.836174324600868800e+16
1.739894776493205427e+03 1.837172792778489200e+16
1.740228345277042308e+03 1.838177105642376800e+16
1.740561914060879417e+03 1.839187267330698400e+16
1.740895482844716071e+03 1.840203281780384000e+16
1.741229051628552952e+03 1.841225152724364000e+16
1.741562620412389833e+03 1.842252883688705600e+16
1.741896189196226715e+03 1.843286477989663200e+16
1.742229757980063823e+03 1.844325938730628800e+16
1.742563326763900704e+03 1.845371268799002400e+16
1.742896895547737358e+03 1.846422470862959200e+16
1.743230464331574240e+03 1.847479547368120000e+16
1.743564033115411121e+03 1.848542500534130400e+16
1.743897601899248230e+03 1.849611332351139200e+16
1.744231170683085111e+03 1.850686044576180800e+16
1.744564739466921992e+03 1.851766638729454400e+16
1.744898308250758646e+03 1.852853116090500400e+16
1.745231877034595527e+03 1.853945477694282000e+16
1.745565445818432636e+03 1.855043724327154400e+16
1.745899014602269517e+03 1.856147856522739200e+16
1.746232583386106398e+03 1.857257874557683600e+16
1.746566152169943280e+03 1.858373778447319200e+16
1.746899720953779934e+03 1.859495567941213600e+16
1.747233289737617042e+03 1.860623242518606800e+16
1.747566858521453923e+03 1.861756801383743200e+16
1.747900427305290805e+03 1.862896243461095200e+16
1.748233996089127686e+03 1.864041567390466000e+16
1.748567564872964340e+03 1.865192771521984400e+16
1.748901133656801449e+03 1.866349853910992800e+16
1.749234702440638330e+03 1.867512812312801600e+16
1.749568271224475211e+03 1.868681644177348000e+16
1.749901840008312092e+03 1.869856346643720800e+16
1.750235408792148974e+03 1.871036916534580400e+16
1.750568977575986082e+03 1.872223350350452800e+16
1.750902546359822736e+03 1.873415644263902400e+16
1.751236115143659617e+03 1.874613794113588000e+16
1.751569683927496499e+03 1.875817795398192800e+16
1.751903252711333380e+03 1.877027643270241200e+16
1.752236821495170261e+03 1.878243332529773600e+16
1.752570390279007142e+03 1.879464857617920800e+16
1.752903959062844024e+03 1.880692212610328400e+16
1.753237527846680905e+03 1.881925391210477600e+16
1.753571096630517786e+03 1.883164386742862000e+16
1.753904665414354668e+03 1.884409192146047600e+16
1.754238234198191776e+03 1.885659799965600000e+16
1.754571802982028430e+03 1.886916202346881600e+16
1.754905371765865311e+03 1.888178391027728800e+16
1.755238940549702193e+03 1.889446357330980000e+16
1.755572509333539074e+03 1.890720092156893200e+16
1.755906078117376182e+03 1.891999585975425600e+16
1.756239646901213064e+03 1.893284828818373600e+16
1.756573215685049718e+03 1.894575810271391200e+16
1.756906784468886599e+03 1.895872519465872000e+16
1.757240353252723480e+03 1.897174945070698000e+16
1.757573922036560589e+03 1.898483075283856400e+16
1.757907490820397470e+03 1.899796897823920800e+16
1.758241059604234351e+03 1.901116399921408000e+16
1.758574628388071005e+03 1.902441568309982800e+16
1.758908197171907887e+03 1.903772389217551600e+16
1.759241765955744995e+03 1.905108848357207200e+16
1.759575334739581876e+03 1.906450930918041600e+16
1.759908903523418758e+03 1.907798621555832800e+16
1.760242472307255412e+03 1.909151904383591200e+16
1.760576041091092293e+03 1.910510762961978400e+16
1.760909609874929401e+03 1.911875180289588400e+16
1.761243178658766283e+03 1.913245138793097200e+16
1.761576747442603164e+03 1.914620620317285200e+16
1.761910316226440045e+03 1.916001606114927200e+16
1.762243885010276699e+03 1.917388076836548800e+16
1.762577453794113808e+03 1.918780012520051200e+16
1.762911022577950689e+03 1.920177392580215200e+16
1.763244591361787570e+03 1.921580195798072000e+16
1.763578160145624452e+03 1.922988400310147600e+16
1.763911728929461333e+03 1.924401983597580800e+16
1.764245297713298214e+03 1.925820922475119200e+16
1.764578866497135095e+03 1.927245193079983600e+16
1.764912435280971977e+03 1.928674770860628000e+16
1.765246004064808858e+03 1.930109630565361200e+16
1.765579572848645739e+03 1.931549746230855600e+16
1.765913141632482848e+03 1.932995091170547600e+16
1.766246710416319502e+03 1.934445637962907200e+16
1.766580279200156383e+03 1.935901358439611200e+16
1.766913847983993264e+03 1.937362223673592400e+16
1.767247416767830146e+03 1.938828203966986400e+16
1.767580985551667254e+03 1.940299268838978400e+16
1.767914554335504135e+03 1.941775387013524000e+16
1.768248123119340789e+03 1.943256526407001200e+16
1.768581691903177671e+03 1.944742654115739200e+16
1.768915260687014552e+03 1.946233736403461600e+16
1.769248829470851661e+03 1.947729738688634400e+16
1.769582398254688542e+03 1.949230625531734400e+16
1.769915967038525423e+03 1.950736360622416800e+16
1.770249535822362077e+03 1.952246906766617200e+16
1.770583104606198958e+03 1.953762225873562000e+16
1.770916673390036067e+03 1.955282278942716800e+16
1.771250242173872948e+03 1.956807026050652400e+16
1.771583810957709829e+03 1.958336426337860400e+16
1.771917379741546483e+03 1.959870437995488400e+16
1.772250948525383365e+03 1.961409018252043200e+16
1.772584517309220473e+03 1.962952123360014800e+16
1.772918086093057354e+03 1.964499708582476000e+16
1.773251654876894236e+03 1.966051728179628800e+16
1.773585223660731117e+03 1.967608135395318400e+16
1.773918792444567771e+03 1.969168882443520800e+16
1.774252361228404880e+03 1.970733920494790400e+16
1.774585930012241761e+03 1.972303199662707600e+16
1.774919498796078642e+03 1.973876668990307200e+16
1.775253067579915523e+03 1.975454276436495200e+16
1.775586636363752405e+03 1.977035968862468400e+16
1.775920205147589286e+03 1.978621692018149200e+16
1.776253773931426167e+03 1.980211390528626000e+16
1.776587342715263048e+03 1.981805007880618800e+16
1.776920911499099930e+03 1.983402486408970000e+16
1.777254480282936811e+03 1.985003767283181200e+16
1.777588049066773920e+03 1.986608790493988000e+16
1.777921617850610573e+03 1.988217494839984800e+16
1.778255186634447455e+03 1.989829817914321200e+16
1.778588755418284336e+03 1.991445696091458400e+16
1.778922324202121217e+03 1.993065064514014800e+16
1.779255892985958326e+03 1.994687857079688000e+16
1.779589461769795207e+03 1.996314006428282400e+16
1.779923030553631861e+03 1.997943443928844800e+16
1.780256599337468742e+03 1.999576099666912800e+16
1.780590168121305624e+03 2.001211902431890400e+16
1.780923736905142732e+03 2.002850779704560800e+16
1.781257305688979613e+03 2.004492657644751600e+16
1.781590874472816495e+03 2.006137461079154400e+16
1.781924443256653149e+03 2.007785113489320400e+16
1.782258012040490030e+03 2.009435536999816000e+16
1.782591580824327139e+03 2.011088652366608000e+16
1.782925149608164020e+03 2.012744378965612800e+16
1.783258718392000901e+03 2.014402634781496000e+16
1.783592287175837555e+03 2.016063336396672000e+16
1.783925855959674436e+03 2.017726398980570800e+16
1.784259424743511545e+03 2.019391736279132000e+16
1.784592993527348426e+03 2.021059260604588000e+16
1.784926562311185307e+03 2.022728882825510400e+16
1.785260131095022189e+03 2.024400512357160000e+16
1.785593699878858843e+03 2.026074057152141200e+16
1.785927268662695951e+03 2.027749423691364000e+16
1.786260837446532832e+03 2.029426516975361600e+16
1.786594406230369714e+03 2.031105240515937600e+16
1.786927975014206595e+03 2.032785496328187200e+16
1.787261543798043476e+03 2.034467184922887200e+16
1.787595112581880358e+03 2.036150205299287200e+16
1.787928681365717239e+03 2.037834454938292800e+16
1.788262250149554120e+03 2.039519829796091600e+16
1.788595818933391001e+03 2.041206224298190400e+16
1.788929387717227883e+03 2.042893531333934800e+16
1.789262956501064991e+03 2.044581642251464800e+16
1.789596525284901645e+03 2.046270446853175200e+16
1.789930094068738526e+03 2.047959833391670400e+16
1.790263662852575408e+03 2.049649688566227200e+16
1.790597231636412289e+03 2.051339897519800800e+16
1.790930800420249398e+03 2.053030343836565600e+16
1.791264369204086279e+03 2.054720909540019200e+16
1.791597937987922933e+03 2.056411475091684800e+16
1.791931506771759814e+03 2.058101919390379200e+16
1.792265075555596695e+03 2.059792119772115200e+16
1.792598644339433804e+03 2.061481952010621600e+16
1.792932213123270685e+03 2.063171290318512000e+16
1.793265781907107566e+03 2.064860007349110400e+16
1.793599350690944220e+03 2.066547974198955200e+16
1.793932919474781102e+03 2.068235060410996400e+16
1.794266488258618210e+03 2.069921133978501600e+16
1.794600057042455092e+03 2.071606061349682000e+16
1.794933625826291973e+03 2.073289707433070400e+16
1.795267194610128627e+03 2.074971935603646000e+16
1.795600763393965508e+03 2.076652607709740000e+16
1.795934332177802617e+03 2.078331584080716000e+16
1.796267900961639498e+03 2.080008723535468800e+16
1.796601469745476379e+03 2.081683883391735200e+16
1.796935038529313260e+03 2.083356919476241200e+16
1.797268607313149914e+03 2.085027686135691200e+16
1.797602176096987023e+03 2.086696036248626400e+16
1.797935744880823904e+03 2.088361821238156400e+16
1.798269313664660785e+03 2.090024891085588400e+16
1.798602882448497667e+03 2.091685094344958400e+16
1.798936451232334548e+03 2.093342278158468800e+16
1.799270020016171429e+03 2.094996288272872800e+16
1.799603588800008310e+03 2.096646969056796400e+16
1.799937157583845192e+03 2.098294163519014800e+16
1.800270726367682073e+03 2.099937713327692800e+16
1.800604295151518954e+03 2.101577458830605600e+16
1.800937863935356063e+03 2.103213239076354400e+16
1.801271432719192717e+03 2.104844891836565200e+16
1.801605001503029598e+03 2.106472253629114400e+16
1.801938570286866479e+03 2.108095159742354800e+16
1.802272139070703361e+03 2.109713444260380800e+16
1.802605707854540469e+03 2.111326940089315200e+16
1.802939276638377351e+03 2.112935478984638400e+16
1.803272845422214004e+03 2.114538891579577600e+16
1.803606414206050886e+03 2.116137007414527200e+16
1.803939982989887767e+03 2.117729654967541600e+16
1.804273551773724876e+03 2.119316661685884800e+16
1.804607120557561757e+03 2.120897854018638400e+16
1.804940689341398638e+03 2.122473057450392800e+16
1.805274258125235292e+03 2.124042096535983200e+16
1.805607826909072173e+03 2.125604794936326800e+16
1.805941395692909282e+03 2.127160975455300400e+16
1.806274964476746163e+03 2.128710460077704000e+16
1.806608533260583044e+03 2.130253070008285200e+16
1.806942102044419698e+03 2.131788625711831200e+16
1.807275670828256580e+03 2.133316946954320400e+16
1.807609239612093688e+03 2.134837852845133200e+16
1.807942808395930570e+03 2.136351161880299200e+16
1.808276377179767451e+03 2.137856691986810400e+16
1.808609945963604332e+03 2.139354260567946400e+16
1.808943514747440986e+03 2.140843684549650400e+16
1.809277083531278095e+03 2.142324780427892000e+16
1.809610652315114976e+03 2.143797364317068000e+16
1.809944221098951857e+03 2.145261251999372000e+16
1.810277789882788738e+03 2.146716258975152400e+16
1.810611358666625620e+03 2.148162200514240000e+16
1.810944927450462501e+03 2.149598891708218400e+16
1.811278496234299382e+03 2.151026147523632400e+16
1.811612065018136263e+03 2.152443782856101600e+16
1.811945633801973145e+03 2.153851612585349200e+16
1.812279202585810026e+03 2.155249451631086400e+16
1.812612771369647135e+03 2.156637115009752800e+16
1.812946340153483789e+03 2.158014417892110000e+16
1.813279908937320670e+03 2.159381175661607200e+16
1.813613477721157551e+03 2.160737203973561200e+16
1.813947046504994432e+03 2.162082318815074400e+16
1.814280615288831541e+03 2.163416336565678400e+16
1.814614184072668422e+03 2.164739074058693600e+16
1.814947752856505076e+03 2.166050348643245600e+16
1.815281321640341957e+03 2.167349978246924000e+16
1.815614890424178839e+03 2.168637781439048000e+16
1.815948459208015947e+03 2.169913577494504000e+16
1.816282027991852829e+03 2.171177186458128000e+16
1.816615596775689710e+03 2.172428429209585600e+16
1.816949165559526364e+03 2.173667127528721600e+16
1.817282734343363245e+03 2.174893104161339200e+16
1.817616303127200354e+03 2.176106182885372400e+16
1.817949871911037235e+03 2.177306188577405600e+16
1.818283440694874116e+03 2.178492947279508800e+16
1.818617009478710770e+03 2.179666286266337600e+16
1.818950578262547651e+03 2.180826034112468000e+16
1.819284147046384760e+03 2.181972020759902400e+16
1.819617715830221641e+03 2.183104077585730000e+16
1.819951284614058522e+03 2.184222037469869600e+16
1.820284853397895404e+03 2.185325734862870400e+16
1.820618422181732058e+03 2.186415005853705600e+16
1.820951990965569166e+03 2.187489688237536800e+16
1.821285559749406048e+03 2.188549621583366000e+16
1.821619128533242929e+03 2.189594647301566400e+16
1.821952697317079810e+03 2.190624608711210400e+16
1.822286266100916691e+03 2.191639351107164000e+16
1.822619834884753573e+03 2.192638721826902400e+16
1.822953403668590454e+03 2.193622570316958800e+16
1.823286972452427335e+03 2.194590748199014400e+16
1.823620541236264216e+03 2.195543109335540800e+16
1.823954110020101098e+03 2.196479509894934800e+16
1.824287678803938206e+03 2.197399808416138400e+16
1.824621247587774860e+03 2.198303865872636000e+16
1.824954816371611741e+03 2.199191545735834400e+16
1.825288385155448623e+03 2.200062714037733600e+16
1.825621953939285504e+03 2.200917239432850400e+16
1.825955522723122613e+03 2.201754993259348000e+16
1.826289091506959494e+03 2.202575849599318400e+16
1.826622660290796148e+03 2.203379685338164800e+16
1.826956229074633029e+03 2.204166380223032800e+16
1.827289797858469910e+03 2.204935816920244800e+16
1.827623366642307019e+03 2.205687881071694400e+16
1.827956935426143900e+03 2.206422461350126400e+16
1.828290504209980782e+03 2.207139449513296000e+16
1.828624072993817435e+03 2.207838740456914400e+16
1.828957641777654317e+03 2.208520232266368000e+16
1.829291210561491425e+03 2.209183826267163200e+16
1.829624779345328307e+03 2.209829427074010400e+16
1.829958348129165188e+03 2.210456942638574400e+16
1.830291916913001842e+03 2.211066284295778800e+16
1.830625485696838723e+03 2.211657366808666400e+16
1.830959054480675832e+03 2.212230108411760000e+16
1.831292623264512713e+03 2.212784430852878800e+16
1.831626192048349594e+03 2.213320259433388000e+16
1.831959760832186475e+03 2.213837523046820000e+16
1.832293329616023129e+03 2.214336154215859600e+16
1.832626898399860238e+03 2.214816089127642400e+16
1.832960467183697119e+03 2.215277267667320000e+16
1.833294035967534001e+03 2.215719633449903200e+16
1.833627604751370882e+03 2.216143133850303600e+16
1.833961173535207763e+03 2.216547720031582400e+16
1.834294742319044644e+03 2.216933346971352800e+16
1.834628311102881526e+03 2.217299973486338400e+16
1.834961879886718407e+03 2.217647562255030000e+16
1.835295448670555288e+03 2.217976079838464800e+16
1.835629017454392169e+03 2.218285496699054800e+16
1.835962586238228823e+03 2.218575787217484000e+16
1.836296155022065932e+03 2.218846929707658000e+16
1.836629723805902813e+03 2.219098906429660400e+16
1.836963292589739694e+03 2.219331703600740800e+16
1.837296861373576576e+03 2.219545311404305600e+16
1.837630430157413457e+03 2.219739723996884000e+16
1.837963998941250566e+03 2.219914939513116000e+16
1.838297567725087220e+03 2.220070960068693200e+16
1.838631136508924101e+03 2.220207791761306000e+16
1.838964705292760982e+03 2.220325444669548400e+16
1.839298274076597863e+03 2.220423932849815200e+16
1.839631842860434972e+03 2.220503274331190400e+16
1.839965411644271853e+03 2.220563491108308000e+16
1.840298980428108507e+03 2.220604609132211200e+16
1.840632549211945388e+03 2.220626658299232000e+16
1.840966117995782270e+03 2.220629672437868000e+16
1.841299686779619378e+03 2.220613689293688000e+16
1.841633255563456260e+03 2.220578750512284800e+16
1.841966824347292913e+03 2.220524901620292000e+16
1.842300393131129795e+03 2.220452192004457600e+16
1.842633961914966676e+03 2.220360674888827200e+16
1.842967530698803785e+03 2.220250407310042400e+16
1.843301099482640666e+03 2.220121450090777600e+16
1.843634668266477547e+03 2.219973867811343200e+16
1.843968237050314201e+03 2.219807728779472400e+16
1.844301805834151082e+03 2.219623104998347200e+16
1.844635374617988191e+03 2.219420072132855600e+16
1.844968943401825072e+03 2.219198709474137600e+16
1.845302512185661953e+03 2.218959099902448800e+16
1.845636080969498835e+03 2.218701329848363200e+16
1.845969649753335489e+03 2.218425489252372000e+16
1.846303218537172597e+03 2.218131671522888800e+16
1.846636787321009479e+03 2.217819973492731200e+16
1.846970356104846360e+03 2.217490495374084000e+16
1.847303924888683241e+03 2.217143340712016000e+16
1.847637493672519895e+03 2.216778616336564000e+16
1.847971062456357004e+03 2.216396432313452400e+16
1.848304631240193885e+03 2.215996901893473600e+16
1.848638200024030766e+03 2.215580141460584800e+16
1.848971768807867647e+03 2.215146270478755200e+16
1.849305337591704529e+03 2.214695411437622400e+16
1.849638906375541637e+03 2.214227689797003600e+16
1.849972475159378291e+03 2.213743233930289600e+16
1.850306043943215172e+03 2.213242175066802400e+16
1.850639612727052054e+03 2.212724647233145200e+16
1.850973181510888935e+03 2.212190787193581600e+16
1.851306750294726044e+03 2.211640734389535200e+16
1.851640319078562925e+03 2.211074630878204000e+16
1.851973887862399579e+03 2.210492621270398800e+16
1.852307456646236460e+03 2.209894852667603200e+16
1.852641025430073341e+03 2.209281474598348000e+16
1.852974594213910450e+03 2.208652638953910400e+16
1.853308162997747331e+03 2.208008499923435200e+16
1.853641731781583985e+03 2.207349213928483600e+16
1.853975300565420866e+03 2.206674939557098400e+16
1.854308869349257748e+03 2.205985837497397600e+16
1.854642438133094856e+03 2.205282070470788000e+16
1.854976006916931738e+03 2.204563803164816000e+16
1.855309575700768619e+03 2.203831202165721200e+16
1.855643144484605273e+03 2.203084435890738400e+16
1.855976713268442154e+03 2.202323674520194400e+16
1.856310282052279263e+03 2.201549089929456800e+16
1.856643850836116144e+03 2.200760855620771200e+16
1.856977419619953025e+03 2.199959146655032400e+16
1.857310988403789906e+03 2.199144139583568000e+16
1.857644557187626560e+03 2.198316012379921600e+16
1.857978125971463669e+03 2.197474944371742800e+16
1.858311694755300550e+03 2.196621116172782000e+16
1.858645263539137432e+03 2.195754709615069600e+16
1.858978832322974313e+03 2.194875907681285600e+16
1.859312401106810967e+03 2.193984894437397600e+16
1.859645969890648075e+03 2.193081854965585600e+16
1.859979538674484957e+03 2.192166975297496800e+16
1.860313107458321838e+03 2.191240442347879200e+16
1.860646676242158719e+03 2.190302443848624800e+16
1.860980245025995600e+03 2.189353168283258800e+16
1.861313813809832709e+03 2.188392804821914800e+16
1.861647382593669363e+03 2.187421543256830800e+16
1.861980951377506244e+03 2.186439573938396800e+16
1.862314520161343125e+03 2.185447087711792000e+16
1.862648088945180007e+03 2.184444275854238400e+16
1.862981657729017115e+03 2.183431330012911600e+16
1.863315226512853997e+03 2.182408442143508400e+16
1.863648795296690651e+03 2.181375804449558800e+16
1.863982364080527532e+03 2.180333609322440000e+16
1.864315932864364413e+03 2.179282049282168000e+16
1.864649501648201522e+03 2.178221316918976000e+16
1.864983070432038403e+03 2.177151604835698400e+16
1.865316639215875057e+03 2.176073105590985200e+16
1.865650207999711938e+03 2.174986011643385600e+16
1.865983776783548819e+03 2.173890515296287200e+16
1.866317345567385928e+03 2.172786808643768000e+16
1.866650914351222809e+03 2.171675083517346400e+16
1.866984483135059691e+03 2.170555531433672800e+16
1.867318051918896344e+03 2.169428343543155200e+16
1.867651620702733226e+03 2.168293710579556800e+16
1.867985189486570334e+03 2.167151822810558400e+16
1.868318758270407216e+03 2.166002869989308000e+16
1.868652327054244097e+03 2.164847041306969200e+16
1.868985895838080978e+03 2.163684525346287200e+16
1.869319464621917632e+03 2.162515510036151600e+16
1.869653033405754741e+03 2.161340182607200800e+16
1.869986602189591622e+03 2.160158729548451200e+16
1.870320170973428503e+03 2.158971336564972000e+16
1.870653739757265384e+03 2.157778188536594800e+16
1.870987308541102038e+03 2.156579469477674400e+16
1.871320877324939147e+03 2.155375362497907200e+16
1.871654446108776028e+03 2.154166049764188000e+16
1.871988014892612910e+03 2.152951712463544800e+16
1.872321583676449791e+03 2.151732530767097600e+16
1.872655152460286672e+03 2.150508683795104400e+16
1.872988721244123781e+03 2.149280349583038800e+16
1.873322290027960435e+03 2.148047705048726800e+16
1.873655858811797316e+03 2.146810925960528000e+16
1.873989427595634197e+03 2.145570186906573600e+16
1.874322996379471078e+03 2.144325661265034000e+16
1.874656565163308187e+03 2.143077521175422000e+16
1.874990133947145068e+03 2.141825937510928800e+16
1.875323702730981722e+03 2.140571079851790400e+16
1.875657271514818603e+03 2.139313116459659200e+16
1.875990840298655485e+03 2.138052214252985600e+16
1.876324409082492593e+03 2.136788538783414800e+16
1.876657977866329475e+03 2.135522254213145600e+16
1.876991546650166129e+03 2.134253523293308000e+16
1.877325115434003010e+03 2.132982507343278400e+16
1.877658684217839891e+03 2.131709366230986400e+16
1.877992253001677000e+03 2.130434258354147200e+16
1.878325821785513881e+03 2.129157340622449600e+16
1.878659390569350762e+03 2.127878768440661200e+16
1.878992959353187416e+03 2.126598695692663200e+16
1.879326528137024297e+03 2.125317274726371600e+16
1.879660096920861406e+03 2.124034656339562400e+16
1.879993665704698287e+03 2.122750989766561200e+16
1.880327234488535169e+03 2.121466422665801600e+16
1.880660803272372050e+03 2.120181101108242800e+16
1.880994372056208704e+03 2.118895169566602400e+16
1.881327940840045812e+03 2.117608770905429600e+16
1.881661509623882694e+03 2.116322046371969600e+16
1.881995078407719575e+03 2.115035135587833200e+16
1.882328647191556456e+03 2.113748176541430800e+16
1.882662215975393110e+03 2.112461305581177600e+16
1.882995784759230219e+03 2.111174657409440000e+16
1.883329353543067100e+03 2.109888365077218800e+16
1.883662922326903981e+03 2.108602559979539200e+16
1.883996491110740862e+03 2.107317371851548000e+16
1.884330059894577744e+03 2.106032928765298000e+16
1.884663628678414852e+03 2.104749357127192800e+16
1.884997197462251506e+03 2.103466781676086400e+16
1.885330766246088388e+03 2.102185325482032400e+16
1.885664335029925269e+03 2.100905109945638400e+16
1.885997903813762150e+03 2.099626254798039200e+16
1.886331472597599259e+03 2.098348878101455200e+16
1.886665041381435913e+03 2.097073096250317600e+16
1.886998610165272794e+03 2.095799023972978400e+16
1.887332178949109675e+03 2.094526774333934800e+16
1.887665747732946556e+03 2.093256458736597600e+16
1.887999316516783665e+03 2.091988186926572400e+16
1.888332885300620546e+03 2.090722066995432000e+16
1.888666454084457200e+03 2.089458205384983200e+16
1.889000022868294081e+03 2.088196706891980400e+16
1.889333591652130963e+03 2.086937674673320800e+16
1.889667160435968071e+03 2.085681210251650000e+16
1.890000729219804953e+03 2.084427413521404000e+16
1.890334298003641834e+03 2.083176382755264800e+16
1.890667866787478488e+03 2.081928214610996800e+16
1.891001435571315369e+03 2.080683004138674400e+16
1.891335004355152478e+03 2.079440844788274400e+16
1.891668573138989359e+03 2.078201828417610400e+16
1.892002141922826240e+03 2.076966045300627200e+16
1.892335710706663122e+03 2.075733584135996400e+16
1.892669279490499775e+03 2.074504532056043200e+16
1.893002848274336884e+03 2.073278974635960000e+16
1.893336417058173765e+03 2.072056995903313600e+16
1.893669985842010647e+03 2.070838678347824800e+16
1.894003554625847528e+03 2.069624102931410000e+16
1.894337123409684182e+03 2.068413349098458800e+16
1.894670692193521290e+03 2.067206494786379200e+16
1.895004260977358172e+03 2.066003616436332800e+16
1.895337829761195053e+03 2.064804789004206800e+16
1.895671398545031934e+03 2.063610085971780000e+16
1.896004967328868815e+03 2.062419579358088000e+16
1.896338536112705924e+03 2.061233339730957600e+16
1.896672104896542578e+03 2.060051436218713200e+16
1.897005673680379459e+03 2.058873936522053200e+16
1.897339242464216341e+03 2.057700906926068000e+16
1.897672811248053222e+03 2.056532412312398400e+16
1.898006380031890330e+03 2.055368516171510800e+16
1.898339948815726984e+03 2.054209280615128000e+16
1.898673517599563866e+03 2.053054766388728400e+16
1.899007086383400747e+03 2.051905032884178400e+16
1.899340655167237628e+03 2.050760138152441600e+16
1.899674223951074737e+03 2.049620138916376800e+16
1.900007792734911618e+03 2.048485090583611600e+16
1.900341361518748272e+03 2.047355047259495600e+16
1.900674930302585153e+03 2.046230061760085600e+16
1.901008499086422034e+03 2.045110185625216000e+16
1.901342067870259143e+03 2.043995469131590400e+16
1.901675636654096024e+03 2.042885961305922800e+16
1.902009205437932906e+03 2.041781709938104000e+16
1.902342774221769560e+03 2.040682761594396800e+16
1.902676343005606441e+03 2.039589161630645600e+16
1.903009911789443549e+03 2.038500954205490800e+16
1.903343480573280431e+03 2.037418182293599200e+16
1.903677049357117312e+03 2.036340887698885200e+16
1.904010618140954193e+03 2.035269111067732800e+16
1.904344186924790847e+03 2.034202891902188800e+16
1.904677755708627956e+03 2.033142268573155200e+16
1.905011324492464837e+03 2.032087278333547600e+16
1.905344893276301718e+03 2.031037957331430400e+16
1.905678462060138600e+03 2.029994340623117600e+16
1.906012030843975253e+03 2.028956462186228800e+16
1.906345599627812362e+03 2.027924354932718000e+16
1.906679168411649243e+03 2.026898050721836800e+16
1.907012737195486125e+03 2.025877580373059200e+16
1.907346305979323006e+03 2.024862973678952000e+16
1.907679874763159887e+03 2.023854259417977200e+16
1.908013443546996996e+03 2.022851465367241600e+16
1.908347012330833650e+03 2.021854618315174000e+16
1.908680581114670531e+03 2.020863744074135200e+16
1.909014149898507412e+03 2.019878867492960400e+16
1.909347718682344293e+03 2.018900012469418400e+16
1.909681287466181402e+03 2.017927201962596000e+16
1.910014856250018056e+03 2.016960458005206800e+16
1.910348425033854937e+03 2.015999801715804800e+16
1.910681993817691819e+03 2.015045253310924400e+16
1.911015562601528700e+03 2.014096832117122400e+16
1.911349131385365808e+03 2.013154556582936800e+16
1.911682700169202690e+03 2.012218444290748000e+16
1.912016268953039344e+03 2.011288511968551200e+16
1.912349837736876225e+03 2.010364775501623200e+16
1.912683406520713106e+03 2.009447249944101600e+16
1.913016975304550215e+03 2.008535949530461200e+16
1.913350544088387096e+03 2.007630887686882800e+16
1.913684112872223977e+03 2.006732077042532000e+16
1.914017681656060631e+03 2.005839529440721600e+16
1.914351250439897512e+03 2.004953255949984000e+16
1.914684819223734621e+03 2.004073266875020800e+16
1.915018388007571502e+03 2.003199571767559200e+16
1.915351956791408384e+03 2.002332179437096800e+16
1.915685525575245265e+03 2.001471097961536000e+16
1.916019094359081919e+03 2.000616334697714000e+16
1.916352663142919027e+03 1.999767896291819600e+16
1.916686231926755909e+03 1.998925788689700800e+16
1.917019800710592790e+03 1.998090017147060800e+16
1.917353369494429671e+03 1.997260586239553200e+16
1.917686938278266325e+03 1.996437499872750000e+16
1.918020507062103434e+03 1.995620761292012000e+16
1.918354075845940315e+03 1.994810373092240800e+16
1.918687644629777196e+03 1.994006337227523600e+16
1.919021213413614078e+03 1.993208655020665600e+16
1.919354782197450959e+03 1.992417327172610800e+16
1.919688350981288067e+03 1.991632353771753600e+16
1.920021919765124721e+03 1.990853734303132800e+16
1.920355488548961603e+03 1.990081467657530000e+16
1.920689057332798484e+03 1.989315552140443200e+16
1.921022626116635365e+03 1.988555985480958800e+16
1.921356194900472474e+03 1.987802764840511200e+16
1.921689763684309128e+03 1.987055886821533200e+16
1.922023332468146009e+03 1.986315347476004000e+16
1.922356901251982890e+03 1.985581142313885600e+16
1.922690470035819772e+03 1.984853266311446000e+16
1.923024038819656653e+03 1.984131713919488800e+16
1.923357607603493761e+03 1.983416479071468800e+16
1.923691176387330415e+03 1.982707555191504000e+16
1.924024745171167297e+03 1.982004935202282800e+16
1.924358313955004178e+03 1.981308611532876800e+16
1.924691882738841059e+03 1.980618576126434400e+16
1.925025451522678168e+03 1.979934820447790800e+16
1.925359020306515049e+03 1.979257335490962400e+16
1.925692589090351703e+03 1.978586111786552000e+16
1.926026157874188584e+03 1.977921139409057600e+16
1.926359726658025465e+03 1.977262407984063200e+16
1.926693295441862574e+03 1.976609906695361600e+16
1.927026864225699455e+03 1.975963624291957600e+16
1.927360433009536337e+03 1.975323549094995600e+16
1.927694001793372991e+03 1.974689669004575600e+16
1.928027570577209872e+03 1.974061971506492000e+16
1.928361139361046980e+03 1.973440443678872000e+16
1.928694708144883862e+03 1.972825072198727200e+16
1.929028276928720743e+03 1.972215843348417600e+16
1.929361845712557397e+03 1.971612743022024000e+16
1.929695414496394278e+03 1.971015756731636400e+16
1.930028983280231387e+03 1.970424869613556000e+16
1.930362552064068268e+03 1.969840066434410000e+16
1.930696120847905149e+03 1.969261331597194400e+16
1.931029689631742031e+03 1.968688649147219200e+16
1.931363258415578684e+03 1.968122002777980000e+16
1.931696827199415793e+03 1.967561375836958400e+16
1.932030395983252674e+03 1.967006751331326400e+16
1.932363964767089556e+03 1.966458111933588800e+16
1.932697533550926437e+03 1.965915439987148000e+16
1.933031102334763318e+03 1.965378717511781600e+16
1.933364671118600199e+03 1.964847926209062800e+16
1.933698239902437081e+03 1.964323047467694400e+16
1.934031808686273962e+03 1.963804062368792000e+16
1.934365377470110843e+03 1.963290951691068400e+16
1.934698946253947724e+03 1.962783695915978000e+16
1.935032515037784833e+03 1.962282275232774000e+16
1.935366083821621487e+03 1.961786669543510400e+16
1.935699652605458368e+03 1.961296858467974400e+16
1.936033221389295250e+03 1.960812821348557600e+16
1.936366790173132131e+03 1.960334537255064000e+16
1.936700358956969239e+03 1.959861984989453600e+16
1.937033927740806121e+03 1.959395143090529600e+16
1.937367496524642775e+03 1.958933989838570400e+16
1.937701065308479656e+03 1.958478503259893600e+16
1.938034634092316537e+03 1.958028661131371600e+16
1.938368202876153646e+03 1.957584440984890800e+16
1.938701771659990527e+03 1.957145820111751200e+16
1.939035340443827408e+03 1.956712775567020800e+16
1.939368909227664062e+03 1.956285284173830400e+16
1.939702478011500943e+03 1.955863322527627200e+16
1.940036046795338052e+03 1.955446867000365200e+16
1.940369615579174933e+03 1.955035893744659600e+16
1.940703184363011815e+03 1.954630378697884000e+16
1.941036753146848469e+03 1.954230297586228400e+16
1.941370321930685350e+03 1.953835625928708800e+16
1.941703890714522458e+03 1.953446339041131200e+16
1.942037459498359340e+03 1.953062412040006400e+16
1.942371028282196221e+03 1.952683819846444000e+16
1.942704597066033102e+03 1.952310537189972400e+16
1.943038165849869756e+03 1.951942538612347200e+16
1.943371734633706865e+03 1.951579798471305600e+16
1.943705303417543746e+03 1.951222290944279200e+16
1.944038872201380627e+03 1.950869990032085600e+16
1.944372440985217509e+03 1.950522869562562800e+16
1.944706009769054390e+03 1.950180903194180800e+16
1.945039578552891271e+03 1.949844064419616800e+16
1.945373147336728152e+03 1.949512326569289600e+16
1.945706716120565034e+03 1.949185662814866000e+16
1.946040284904401915e+03 1.948864046172736400e+16
1.946373853688238796e+03 1.948547449507456000e+16
1.946707422472075905e+03 1.948235845535148000e+16
1.947040991255912559e+03 1.947929206826890400e+16
1.947374560039749440e+03 1.947627505812064800e+16
1.947708128823586321e+03 1.947330714781676800e+16
1.948041697607423202e+03 1.947038805891650400e+16
1.948375266391260311e+03 1.946751751166091200e+16
1.948708835175097192e+03 1.946469522500527600e+16
1.949042403958933846e+03 1.946192091665127200e+16
1.949375972742770728e+03 1.945919430307880400e+16
1.949709541526607609e+03 1.945651509957762400e+16
1.950043110310444717e+03 1.945388302027875200e+16
1.950376679094281599e+03 1.945129777818561600e+16
1.950710247878118480e+03 1.944875908520495200e+16
1.951043816661955134e+03 1.944626665217750000e+16
1.951377385445792015e+03 1.944382018890848800e+16
1.951710954229629124e+03 1.944141940419784400e+16
1.952044523013466005e+03 1.943906400587028800e+16
1.952378091797302886e+03 1.943675370080510800e+16
1.952711660581139540e+03 1.943448819496583200e+16
1.953045229364976421e+03 1.943226719342966400e+16
1.953378798148813530e+03 1.943009040041661600e+16
1.953712366932650411e+03 1.942795751931864800e+16
1.954045935716487293e+03 1.942586825272852400e+16
1.954379504500324174e+03 1.942382230246840000e+16
1.954713073284160828e+03 1.942181936961832800e+16
1.955046642067997936e+03 1.941985915454463600e+16
1.955380210851834818e+03 1.941794135692790400e+16
1.955713779635671699e+03 1.941606567579104800e+16
1.956047348419508580e+03 1.941423180952701200e+16
1.956380917203345462e+03 1.941243945592639600e+16
1.956714485987182343e+03 1.941068831220490800e+16
1.957048054771019224e+03 1.940897807503058000e+16
1.957381623554856105e+03 1.940730844055090400e+16
1.957715192338692987e+03 1.940567910441976000e+16
1.958048761122529868e+03 1.940408976182418400e+16
1.958382329906366977e+03 1.940254010751094800e+16
1.958715898690203630e+03 1.940102983581302400e+16
1.959049467474040512e+03 1.939955864067587200e+16
1.959383036257877393e+03 1.939812621568352800e+16
1.959716605041714274e+03 1.939673225408458800e+16
1.960050173825551383e+03 1.939537644881796000e+16
1.960383742609388264e+03 1.939405849253851200e+16
1.960717311393224918e+03 1.939277807764256800e+16
1.961050880177061799e+03 1.939153489629314800e+16
1.961384448960898681e+03 1.939032864044515200e+16
1.961718017744735789e+03 1.938915900187032400e+16
1.962051586528572670e+03 1.938802567218200800e+16
1.962385155312409552e+03 1.938692834285985200e+16
1.962718724096246206e+03 1.938586670527423200e+16
1.963052292880083087e+03 1.938484045071056000e+16
1.963385861663920195e+03 1.938384927039340800e+16
1.963719430447757077e+03 1.938289285551044800e+16
1.964052999231593958e+03 1.938197089723620000e+16
1.964386568015430612e+03 1.938108308675569200e+16
1.964720136799267493e+03 1.938022911528780400e+16
1.965053705583104602e+03 1.937940867410851200e+16
1.965387274366941483e+03 1.937862145457395200e+16
1.965720843150778364e+03 1.937786714814325600e+16
1.966054411934615246e+03 1.937714544640121600e+16
1.966387980718451900e+03 1.937645604108071200e+16
1.966721549502289008e+03 1.937579862408510800e+16
1.967055118286125889e+03 1.937517288751013600e+16
1.967388687069962771e+03 1.937457852366594400e+16
1.967722255853799652e+03 1.937401522509860800e+16
1.968055824637636533e+03 1.937348268461168400e+16
1.968389393421473414e+03 1.937298059528742800e+16
1.968722962205310296e+03 1.937250865050776000e+16
1.969056530989147177e+03 1.937206654397512000e+16
1.969390099772984058e+03 1.937165396973302000e+16
1.969723668556820940e+03 1.937127062218645200e+16
1.970057237340658048e+03 1.937091619612190400e+16
1.970390806124494702e+03 1.937059038672730400e+16
1.970724374908331583e+03 1.937029288961168800e+16
1.971057943692168465e+03 1.937002340082457600e+16
1.971391512476005346e+03 1.936978161687507600e+16
1.971725081259842455e+03 1.936956723475092400e+16
1.972058650043679336e+03 1.936937995193700000e+16
1.972392218827515990e+03 1.936921946643380800e+16
1.972725787611352871e+03 1.936908547677557600e+16
1.973059356395189752e+03 1.936897768204812000e+16
1.973392925179026861e+03 1.936889578190650000e+16
1.973726493962863742e+03 1.936883947659225200e+16
1.974060062746700623e+03 1.936880846695052800e+16
1.974393631530537277e+03 1.936880245444677600e+16
1.974727200314374159e+03 1.936882114118332800e+16
1.975060769098211267e+03 1.936886422991552800e+16
1.975394337882048148e+03 1.936893142406759200e+16
1.975727906665885030e+03 1.936902242774833200e+16
1.976061475449721684e+03 1.936913694576639200e+16
1.976395044233558565e+03 1.936927468364525200e+16
1.976728613017395674e+03 1.936943534763791600e+16
1.977062181801232555e+03 1.936961864474136000e+16
1.977395750585069436e+03 1.936982428271056000e+16
1.977729319368906317e+03 1.937005197007226400e+16
1.978062888152742971e+03 1.937030141613842400e+16
1.978396456936580080e+03 1.937057233101932000e+16
1.978730025720416961e+03 1.937086442563636800e+16
1.979063594504253842e+03 1.937117741173456800e+16
1.979397163288090724e+03 1.937151100189460800e+16
1.979730732071927605e+03 1.937186490954472000e+16
1.980064300855764486e+03 1.937223884897213600e+16
1.980397869639601367e+03 1.937263253533412000e+16
1.980731438423438249e+03 1.937304568466890400e+16
1.981065007207275130e+03 1.937347801390599200e+16
1.981398575991112011e+03 1.937392924087633600e+16
1.981732144774949120e+03 1.937439908432206000e+16
1.982065713558785774e+03 1.937488726390583600e+16
1.982399282342622655e+03 1.937539350021998400e+16
1.982732851126459536e+03 1.937591751479515200e+16
1.983066419910296418e+03 1.937645903010862000e+16
1.983399988694133526e+03 1.937701776959236800e+16
1.983733557477970407e+03 1.937759345764064400e+16
1.984067126261807061e+03 1.937818581961732000e+16
1.984400695045643943e+03 1.937879458186274400e+16
1.984734263829480824e+03 1.937941947170038400e+16
1.985067832613317933e+03 1.938006021744298400e+16
1.985401401397154814e+03 1.938071654839848800e+16
1.985734970180991695e+03 1.938138819487547200e+16
1.986068538964828349e+03 1.938207488818838400e+16
1.986402107748665230e+03 1.938277636066223200e+16
1.986735676532502339e+03 1.938349234563717600e+16
1.987069245316339220e+03 1.938422257747242400e+16
1.987402814100176101e+03 1.938496679155016800e+16
1.987736382884012755e+03 1.938572472427882400e+16
1.988069951667849637e+03 1.938649611309620000e+16
1.988403520451686745e+03 1.938728069647205600e+16
1.988737089235523626e+03 1.938807821391058400e+16
1.989070658019360508e+03 1.938888840595232000e+16
1.989404226803197389e+03 1.938971101417592000e+16
1.989737795587034043e+03 1.939054578119936800e+16
1.990071364370871152e+03 1.939139245068110400e+16
1.990404933154708033e+03 1.939225076732058400e+16
1.990738501938544914e+03 1.939312047685872800e+16
1.991072070722381795e+03 1.939400132607787200e+16
1.991405639506218677e+03 1.939489306280150400e+16
1.991739208290055558e+03 1.939579543589364800e+16
1.992072777073892439e+03 1.939670819525793600e+16
1.992406345857729320e+03 1.939763109183636400e+16
1.992739914641566202e+03 1.939856387760780800e+16
1.993073483425403083e+03 1.939950630558616800e+16
1.993407052209240192e+03 1.940045812981826400e+16
1.993740620993076845e+03 1.940141910538137600e+16
1.994074189776913727e+03 1.940238898838066400e+16
1.994407758560750608e+03 1.940336753594612800e+16
1.994741327344587489e+03 1.940435450622939600e+16
1.995074896128424598e+03 1.940534965840026400e+16
1.995408464912261479e+03 1.940635275264288800e+16
1.995742033696098133e+03 1.940736355015187200e+16
1.996075602479935014e+03 1.940838181312795200e+16
1.996409171263771896e+03 1.940940730477357600e+16
1.996742740047609004e+03 1.941043978928815600e+16
1.997076308831445886e+03 1.941147903186316800e+16
1.997409877615282767e+03 1.941252479867701600e+16
1.997743446399119421e+03 1.941357685688963200e+16
1.998077015182956302e+03 1.941463497463704400e+16
1.998410583966793411e+03 1.941569892102551200e+16
1.998744152750630292e+03 1.941676846612566800e+16
1.999077721534467173e+03 1.941784338096644000e+16
1.999411290318303827e+03 1.941892343752878000e+16
1.999744859102140708e+03 1.942000840873920000e+16
2.000078427885977817e+03 1.942109806846327600e+16
2.000411996669814698e+03 1.942219219149891200e+16
2.000745565453651579e+03 1.942329055356948800e+16
2.001079134237488461e+03 1.942439293131692000e+16
2.001412703021325115e+03 1.942549910229458800e+16
2.001746271805162223e+03 1.942660884496016000e+16
2.002079840588999105e+03 1.942772193866834800e+16
2.002413409372835986e+03 1.942883816366346400e+16
2.002746978156672867e+03 1.942995730107212000e+16
2.003080546940509748e+03 1.943107913289564800e+16
2.003414115724346630e+03 1.943220344200260000e+16
2.003747684508183511e+03 1.943333001212105600e+16
2.004081253292020392e+03 1.943445862783116800e+16
2.004414822075857273e+03 1.943558907455731600e+16
2.004748390859694155e+03 1.943672113856059600e+16
2.005081959643531263e+03 1.943785460693099200e+16
2.005415528427367917e+03 1.943898926757982400e+16
2.005749097211204798e+03 1.944012490923202800e+16
2.006082665995041680e+03 1.944126132141852800e+16
2.006416234778878561e+03 1.944239829446862400e+16
2.006749803562715442e+03 1.944353561950244000e+16
2.007083372346552551e+03 1.944467308842346800e+16
2.007416941130389205e+03 1.944581049391102400e+16
2.007750509914226086e+03 1.944694762941296800e+16
2.008084078698062967e+03 1.944808428913836400e+16
2.008417647481899849e+03 1.944922026805039200e+16
2.008751216265736957e+03 1.945035536185909600e+16
2.009084785049573838e+03 1.945148936701456800e+16
2.009418353833410492e+03 1.945262208070003200e+16
2.009751922617247374e+03 1.945375330082514000e+16
2.010085491401084255e+03 1.945488282601939600e+16
2.010419060184921364e+03 1.945601045562574400e+16
2.010752628968758245e+03 1.945713598969429600e+16
2.011086197752594899e+03 1.945825922897629600e+16
2.011419766536431780e+03 1.945937997491814800e+16
2.011753335320268661e+03 1.946049802965572800e+16
2.012086904104105770e+03 1.946161319600892400e+16
2.012420472887942651e+03 1.946272527747620800e+16
2.012754041671779532e+03 1.946383407822963600e+16
2.013087610455616186e+03 1.946493940310996400e+16
2.013421179239453068e+03 1.946604105762200800e+16
2.013754748023290176e+03 1.946713884793022000e+16
2.014088316807127057e+03 1.946823258085458400e+16
2.014421885590963939e+03 1.946932206386672000e+16
2.014755454374800820e+03 1.947040710508625600e+16
2.015089023158637474e+03 1.947148751327748800e+16
2.015422591942474583e+03 1.947256309784630400e+16
2.015756160726311464e+03 1.947363366883740800e+16
2.016089729510148345e+03 1.947469903693186000e+16
2.016423298293985226e+03 1.947575901344485600e+16
2.016756867077821880e+03 1.947681341032388400e+16
2.017090435861658989e+03 1.947786204014712000e+16
2.017424004645495870e+03 1.947890471612224000e+16
2.017757573429332751e+03 1.947994125208548000e+16
2.018091142213169633e+03 1.948097146250107600e+16
2.018424710997006514e+03 1.948199516246096800e+16
2.018758279780843623e+03 1.948301216768498400e+16
2.019091848564680276e+03 1.948402229452122000e+16
2.019425417348517158e+03 1.948502535994684000e+16
2.019758986132354039e+03 1.948602118156929600e+16
2.020092554916190920e+03 1.948700957762778400e+16
2.020426123700028029e+03 1.948799036699516400e+16
2.020759692483864910e+03 1.948896336918018000e+16
2.021093261267701564e+03 1.948992840433014400e+16
2.021426830051538445e+03 1.949088529323389200e+16
2.021760398835375327e+03 1.949183385732512000e+16
2.022093967619212435e+03 1.949277391868628000e+16
2.022427536403049317e+03 1.949370530005258800e+16
2.022761105186885970e+03 1.949462782481663200e+16
2.023094673970722852e+03 1.949554131703325600e+16
2.023428242754559733e+03 1.949644560142486800e+16
2.023761811538396842e+03 1.949734050338715200e+16
2.024095380322233723e+03 1.949822584899514400e+16
2.024428949106070604e+03 1.949910146500969600e+16
2.024762517889907258e+03 1.949996717888436800e+16
2.025096086673744139e+03 1.950082281877268000e+16
2.025429655457581248e+03 1.950166821353576000e+16
2.025763224241418129e+03 1.950250319275038000e+16
2.026096793025255010e+03 1.950332758671740000e+16
2.026430361809091892e+03 1.950414122647061600e+16
2.026763930592928546e+03 1.950494394378589600e+16
2.027097499376765654e+03 1.950573557119084800e+16
2.027431068160602535e+03 1.950651594197476800e+16
2.027764636944439417e+03 1.950728489019900800e+16
2.028098205728276298e+03 1.950804225070770400e+16
2.028431774512112952e+03 1.950878785913890400e+16
2.028765343295950061e+03 1.950952155193607200e+16
2.029098912079786942e+03 1.951024316635991200e+16
2.029432480863623823e+03 1.951095254050061600e+16
2.029766049647460704e+03 1.951164951329044000e+16
2.030099618431297586e+03 1.951233392451670400e+16
2.030433187215134694e+03 1.951300561483500800e+16
2.030766755998971348e+03 1.951366442578289600e+16
2.031100324782808229e+03 1.951431019979394000e+16
2.031433893566645111e+03 1.951494278021195600e+16
2.031767462350481992e+03 1.951556201130575200e+16
2.032101031134319101e+03 1.951616773828405600e+16
2.032434599918155982e+03 1.951675980731086800e+16
2.032768168701992636e+03 1.951733806552110400e+16
2.033101737485829517e+03 1.951790236103651600e+16
2.033435306269666398e+03 1.951845254298190400e+16
2.033768875053503507e+03 1.951898846150168800e+16
2.034102443837340388e+03 1.951950996777675600e+16
2.034436012621177042e+03 1.952001691404151200e+16
2.034769581405013923e+03 1.952050915360127600e+16
2.035103150188850805e+03 1.952098654084996800e+16
2.035436718972687913e+03 1.952144893128798400e+16
2.035770287756524795e+03 1.952189618154031200e+16
2.036103856540361676e+03 1.952232814937496800e+16
2.036437425324198330e+03 1.952274469372164000e+16
2.036770994108035211e+03 1.952314567469051200e+16
2.037104562891872320e+03 1.952353095359133200e+16
2.037438131675709201e+03 1.952390039295267200e+16
2.037771700459546082e+03 1.952425385654142400e+16
2.038105269243382963e+03 1.952459120938248800e+16
2.038438838027219617e+03 1.952491231777851200e+16
2.038772406811056726e+03 1.952521704932999600e+16
2.039105975594893607e+03 1.952550527295541600e+16
2.039439544378730488e+03 1.952577685891154000e+16
2.039773113162567370e+03 1.952603167881389200e+16
2.040106681946404024e+03 1.952626960565730400e+16
2.040440250730241132e+03 1.952649051383667600e+16
2.040773819514078014e+03 1.952669427916773600e+16
2.041107388297914895e+03 1.952688077890798400e+16
2.041440957081751776e+03 1.952704989177764800e+16
2.041774525865588657e+03 1.952720149798082400e+16
2.042108094649425766e+03 1.952733547922658000e+16
2.042441663433262420e+03 1.952745171875011200e+16
2.042775232217099301e+03 1.952755010133410400e+16
2.043108801000936182e+03 1.952763051332989200e+16
2.043442369784773064e+03 1.952769284267884800e+16
2.043775938568610172e+03 1.952773697893363200e+16
2.044109507352447054e+03 1.952776281327958400e+16
2.044443076136283707e+03 1.952777023855597600e+16
2.044776644920120589e+03 1.952775914927734400e+16
2.045110213703957470e+03 1.952772944165474400e+16
2.045443782487794579e+03 1.952768101361692800e+16
2.045777351271631460e+03 1.952761376483158800e+16
2.046110920055468114e+03 1.952752759672643200e+16
2.046444488839304995e+03 1.952742241251019600e+16
2.046778057623141876e+03 1.952729811719363200e+16
2.047111626406978985e+03 1.952715461761034800e+16
2.047445195190815866e+03 1.952699182243756000e+16
2.047778763974652747e+03 1.952680964221668800e+16
2.048112332758489629e+03 1.952660798937396000e+16
2.048445901542326283e+03 1.952638677824068800e+16
2.048779470326163391e+03 1.952614592507354400e+16
2.049113039110000045e+03 1.952588534807458400e+16
2.049446607893837154e+03 1.952560496741117600e+16
2.049780176677673808e+03 1.952530470523574000e+16
2.050113745461510916e+03 1.952498448570519600e+16
2.050447314245348025e+03 1.952464423500039200e+16
2.050780883029184679e+03 1.952428388134516000e+16
2.051114451813021333e+03 1.952390335502523200e+16
2.051448020596858441e+03 1.952350258840693600e+16
2.051781589380695095e+03 1.952308151595564800e+16
2.052115158164532204e+03 1.952264007425390400e+16
2.052448726948369313e+03 1.952217820201944000e+16
2.052782295732205966e+03 1.952169584012277200e+16
2.053115864516042620e+03 1.952119293160466800e+16
2.053449433299879729e+03 1.952066942169322400e+16
2.053783002083716838e+03 1.952012525782067200e+16
2.054116570867553492e+03 1.951956038963989200e+16
2.054450139651390600e+03 1.951897476904072400e+16
2.054783708435227254e+03 1.951836835016572000e+16
2.055117277219063908e+03 1.951774108942579200e+16
2.055450846002901017e+03 1.951709294551547600e+16
2.055784414786738125e+03 1.951642387942774400e+16
2.056117983570574779e+03 1.951573385446865200e+16
2.056451552354411888e+03 1.951502283627144800e+16
2.056785121138248542e+03 1.951429079281044800e+16
2.057118689922085650e+03 1.951353769441449600e+16
2.057452258705922304e+03 1.951276351378005600e+16
2.057785827489759413e+03 1.951196822598386400e+16
2.058119396273596067e+03 1.951115180849534400e+16
2.058452965057433175e+03 1.951031424118841600e+16
2.058786533841269829e+03 1.950945550635309600e+16
2.059120102625106938e+03 1.950857558870656800e+16
2.059453671408943592e+03 1.950767447540390800e+16
2.059787240192780700e+03 1.950675215604832800e+16
2.060120808976617354e+03 1.950580862270110400e+16
2.060454377760454463e+03 1.950484386989092800e+16
2.060787946544291117e+03 1.950385789462296000e+16
2.061121515328128226e+03 1.950285069638742000e+16
2.061455084111964879e+03 1.950182227716762000e+16
2.061788652895801988e+03 1.950077264144772800e+16
2.062122221679639097e+03 1.949970179621997200e+16
2.062455790463475751e+03 1.949860975099139600e+16
2.062789359247312404e+03 1.949749651779020800e+16
2.063122928031149513e+03 1.949636211117165600e+16
2.063456496814986167e+03 1.949520654822340000e+16
2.063790065598823276e+03 1.949402984857046400e+16
2.064123634382660384e+03 1.949283203437972800e+16
2.064457203166497038e+03 1.949161313036390400e+16
2.064790771950333692e+03 1.949037316378508800e+16
2.065124340734170801e+03 1.948911216445783600e+16
2.065457909518007909e+03 1.948783016475170000e+16
2.065791478301844563e+03 1.948652719959338400e+16
2.066125047085681672e+03 1.948520330646838400e+16
2.066458615869518326e+03 1.948385852542211600e+16
2.066792184653354980e+03 1.948249289906061600e+16
2.067125753437192088e+03 1.948110647255074400e+16
2.067459322221029197e+03 1.947969929361986000e+16
2.067792891004865851e+03 1.947827141255516800e+16
2.068126459788702959e+03 1.947682288220236800e+16
2.068460028572539613e+03 1.947535375796401600e+16
2.068793597356376722e+03 1.947386409779731200e+16
2.069127166140213376e+03 1.947235396221142400e+16
2.069460734924050485e+03 1.947082341426432800e+16
2.069794303707887138e+03 1.946927251955923200e+16
2.070127872491724247e+03 1.946770134624045600e+16
2.070461441275560901e+03 1.946610996498887600e+16
2.070795010059398010e+03 1.946449844901683200e+16
2.071128578843234664e+03 1.946286687406271200e+16
2.071462147627071772e+03 1.946121531838491200e+16
2.071795716410908426e+03 1.945954386275545600e+16
2.072129285194745535e+03 1.945785259045304400e+16
2.072462853978582189e+03 1.945614158725568800e+16
2.072796422762419297e+03 1.945441094143298800e+16
2.073129991546255951e+03 1.945266074373776800e+16
2.073463560330093060e+03 1.945089108739738400e+16
2.073797129113930168e+03 1.944910206810460800e+16
2.074130697897766822e+03 1.944729378400793600e+16
2.074464266681603476e+03 1.944546633570163200e+16
2.074797835465440585e+03 1.944361982621516000e+16
2.075131404249277239e+03 1.944175436100231600e+16
2.075464973033114347e+03 1.943987004792989200e+16
2.075798541816951456e+03 1.943796699726585600e+16
2.076132110600788110e+03 1.943604532166720400e+16
2.076465679384624764e+03 1.943410513616735600e+16
2.076799248168461872e+03 1.943214655816310000e+16
2.077132816952298981e+03 1.943016970740123200e+16
2.077466385736135635e+03 1.942817470596468000e+16
2.077799954519972744e+03 1.942616167825830000e+16
2.078133523303809397e+03 1.942413075099428000e+16
2.078467092087646051e+03 1.942208205317713600e+16
2.078800660871483160e+03 1.942001571608831200e+16
2.079134229655320269e+03 1.941793187327043200e+16
2.079467798439156923e+03 1.941583066051124800e+16
2.079801367222994031e+03 1.941371221582699200e+16
2.080134936006830685e+03 1.941157667944570400e+16
2.080468504790667794e+03 1.940942419378991200e+16
2.080802073574504448e+03 1.940725490345914400e+16
2.081135642358341556e+03 1.940506895521196400e+16
2.081469211142178210e+03 1.940286649794783600e+16
2.081802779926015319e+03 1.940064768268852400e+16
2.082136348709851973e+03 1.939841266255918000e+16
2.082469917493689081e+03 1.939616159276917600e+16
2.082803486277525735e+03 1.939389463059262400e+16
2.083137055061362844e+03 1.939161193534847200e+16
2.083470623845199498e+03 1.938931366838050000e+16
2.083804192629036606e+03 1.938699999303680800e+16
2.084137761412873260e+03 1.938467107464918800e+16
2.084471330196710369e+03 1.938232708051210400e+16
2.084804898980547023e+03 1.937996817986150400e+16
2.085138467764384131e+03 1.937759454385321200e+16
2.085472036548221240e+03 1.937520634554124000e+16
2.085805605332057894e+03 1.937280375985567200e+16
2.086139174115894548e+03 1.937038696358050000e+16
2.086472742899731657e+03 1.936795613533095200e+16
2.086806311683568310e+03 1.936551145553085600e+16
2.087139880467405419e+03 1.936305310638962400e+16
2.087473449251242528e+03 1.936058127187898400e+16
2.087807018035079182e+03 1.935809613770963200e+16
2.088140586818915835e+03 1.935559789130758000e+16
2.088474155602752944e+03 1.935308672179028800e+16
2.088807724386590053e+03 1.935056281994270000e+16
2.089141293170426707e+03 1.934802637819292000e+16
2.089474861954263815e+03 1.934547759058793200e+16
2.089808430738100469e+03 1.934291665276893600e+16
2.090141999521937123e+03 1.934034376194661200e+16
2.090475568305774232e+03 1.933775911687622000e+16
2.090809137089611340e+03 1.933516291783252400e+16
2.091142705873447994e+03 1.933255536658457600e+16
2.091476274657285103e+03 1.932993666637032800e+16
2.091809843441121757e+03 1.932730702187113200e+16
2.092143412224958865e+03 1.932466663918613600e+16
2.092476981008795519e+03 1.932201572580645600e+16
2.092810549792632628e+03 1.931935449058932800e+16
2.093144118576469282e+03 1.931668314373212800e+16
2.093477687360306390e+03 1.931400189674621600e+16
2.093811256144143044e+03 1.931131096243076400e+16
2.094144824927980153e+03 1.930861055484640000e+16
2.094478393711816807e+03 1.930590088928890000e+16
2.094811962495653916e+03 1.930318218226261600e+16
2.095145531279490569e+03 1.930045465145396800e+16
2.095479100063327223e+03 1.929771851570477200e+16
2.095812668847164332e+03 1.929497399498562000e+16
2.096146237631001441e+03 1.929222131036898400e+16
2.096479806414838094e+03 1.928946068400251200e+16
2.096813375198675203e+03 1.928669233908212400e+16
2.097146943982511857e+03 1.928391649982508400e+16
2.097480512766348966e+03 1.928113339144303600e+16
2.097814081550185620e+03 1.927834324011502400e+16
2.098147650334022728e+03 1.927554627296048400e+16
2.098481219117859382e+03 1.927274271801219200e+16
2.098814787901696491e+03 1.926993280418915200e+16
2.099148356685533599e+03 1.926711676126956800e+16
2.099481925469370253e+03 1.926429481986372800e+16
2.099815494253206907e+03 1.926146721138692400e+16
2.100149063037044016e+03 1.925863416803230800e+16
2.100482631820880670e+03 1.925579592274384400e+16
2.100816200604717778e+03 1.925295270918917200e+16
2.101149769388554887e+03 1.925010476173260400e+16
2.101483338172391541e+03 1.924725231540797600e+16
2.101816906956228195e+03 1.924439560589166800e+16
2.102150475740065303e+03 1.924153486947558400e+16
2.102484044523902412e+03 1.923867034304016800e+16
2.102817613307739066e+03 1.923580226402740800e+16
2.103151182091576175e+03 1.923293087041399200e+16
2.103484750875412828e+03 1.923005640068440000e+16
2.103818319659249482e+03 1.922717909380410400e+16
2.104151888443086591e+03 1.922429918919271200e+16
2.104485457226923700e+03 1.922141692669734400e+16
2.104819026010760354e+03 1.921853254656588800e+16
2.105152594794597462e+03 1.921564628942044000e+16
2.105486163578434116e+03 1.921275839623068800e+16
2.105819732362271225e+03 1.920986910828749600e+16
2.106153301146107879e+03 1.920697866717645200e+16
2.106486869929944987e+03 1.920408731475152800e+16
2.106820438713781641e+03 1.920119529310880000e+16
2.107154007497618295e+03 1.919830284456029200e+16
2.107487576281455404e+03 1.919541021160784800e+16
2.107821145065292512e+03 1.919251763691707200e+16
2.108154713849129166e+03 1.918962536329141200e+16
2.108488282632966275e+03 1.918673363364634800e+16
2.108821851416802929e+03 1.918384269098356000e+16
2.109155420200640037e+03 1.918095277836528800e+16
2.109488988984476691e+03 1.917806413888876800e+16
2.109822557768313800e+03 1.917517701566075200e+16
2.110156126552150454e+03 1.917229165177213600e+16
2.110489695335987562e+03 1.916940829027266000e+16
2.110823264119824671e+03 1.916652717414580800e+16
2.111156832903661325e+03 1.916364854628366000e+16
2.111490401687497979e+03 1.916077264946202000e+16
2.111823970471335087e+03 1.915789972631552400e+16
2.112157539255171741e+03 1.915503001931290400e+16
2.112491108039008850e+03 1.915216377073244800e+16
2.112824676822845959e+03 1.914930122263737600e+16
2.113158245606682613e+03 1.914644261685158800e+16
2.113491814390519266e+03 1.914358819493528000e+16
2.113825383174356375e+03 1.914073819816089600e+16
2.114158951958193484e+03 1.913789286748905600e+16
2.114492520742030138e+03 1.913505244354466400e+16
2.114826089525867246e+03 1.913221716659310000e+16
2.115159658309703900e+03 1.912938727651664400e+16
2.115493227093540554e+03 1.912656301279088000e+16
2.115826795877377663e+03 1.912374461446133600e+16
2.116160364661214771e+03 1.912093232012016800e+16
2.116493933445051425e+03 1.911812636788311200e+16
2.116827502228888534e+03 1.911532699536636800e+16
2.117161071012725188e+03 1.911253443966379600e+16
2.117494639796562296e+03 1.910974893732413600e+16
2.117828208580398950e+03 1.910697072432840400e+16
2.118161777364236059e+03 1.910420003606740800e+16
2.118495346148072713e+03 1.910143710731941600e+16
2.118828914931909367e+03 1.909868217222794000e+16
2.119162483715746475e+03 1.909593546427964800e+16
2.119496052499583584e+03 1.909319721628245600e+16
2.119829621283420238e+03 1.909046766034367200e+16
2.120163190067257347e+03 1.908774702784840400e+16
2.120496758851094000e+03 1.908503554943800000e+16
2.120830327634931109e+03 1.908233345498864800e+16
2.121163896418767763e+03 1.907964097359012400e+16
2.121497465202604872e+03 1.907695833352472800e+16
2.121831033986441525e+03 1.907428576224626400e+16
2.122164602770278634e+03 1.907162348635923200e+16
2.122498171554115743e+03 1.906897173159815200e+16
2.122831740337952397e+03 1.906633072280696400e+16
2.123165309121789051e+03 1.906370068391869200e+16
2.123498877905626159e+03 1.906108183793510000e+16
2.123832446689462813e+03 1.905847440690662000e+16
2.124166015473299922e+03 1.905587861191235600e+16
2.124499584257137030e+03 1.905329467304019600e+16
2.124833153040973684e+03 1.905072280936717600e+16
2.125166721824810338e+03 1.904816323893989200e+16
2.125500290608647447e+03 1.904561617875504800e+16
2.125833859392484555e+03 1.904308184474025200e+16
2.126167428176321209e+03 1.904056045173479600e+16
2.126500996960158318e+03 1.903805221347072800e+16
2.126834565743994972e+03 1.903555734255399600e+16
2.127168134527831626e+03 1.903307605044572000e+16
2.127501703311668734e+03 1.903060854744363200e+16
2.127835272095505843e+03 1.902815504266367600e+16
2.128168840879342497e+03 1.902571574402172000e+16
2.128502409663179606e+03 1.902329085821541600e+16
2.128835978447016259e+03 1.902088059070622400e+16
2.129169547230853368e+03 1.901848514570156000e+16
2.129503116014690022e+03 1.901610472613706000e+16
2.129836684798527131e+03 1.901373953365913200e+16
2.130170253582363785e+03 1.901138976860737600e+16
2.130503822366200438e+03 1.900905562999745600e+16
2.130837391150037547e+03 1.900673731550393200e+16
2.131170959933874656e+03 1.900443502144322800e+16
2.131504528717711310e+03 1.900214894275686400e+16
2.131838097501548418e+03 1.899987927299474400e+16
2.132171666285385072e+03 1.899762620429860800e+16
2.132505235069222181e+03 1.899538992738563200e+16
2.132838803853058835e+03 1.899317063153216800e+16
2.133172372636895943e+03 1.899096850455767200e+16
2.133505941420732597e+03 1.898878373280871200e+16
2.133839510204569706e+03 1.898661650114316800e+16
2.134173078988406814e+03 1.898446699291456800e+16
2.134506647772243468e+03 1.898233538995656000e+16
2.134840216556080122e+03 1.898022187256760000e+16
2.135173785339917231e+03 1.897812661949564000e+16
2.135507354123753885e+03 1.897604980792315600e+16
2.135840922907590993e+03 1.897399161345217600e+16
2.136174491691428102e+03 1.897195221008949600e+16
2.136508060475264756e+03 1.896993177023211200e+16
2.136841629259101410e+03 1.896793046465277200e+16
2.137175198042938518e+03 1.896594846248559600e+16
2.137508766826775627e+03 1.896398593121198400e+16
2.137842335610612281e+03 1.896204303664654400e+16
2.138175904394449390e+03 1.896011994292332400e+16
2.138509473178286044e+03 1.895821681248208000e+16
2.138843041962122697e+03 1.895633380605475200e+16
2.139176610745959806e+03 1.895447108265209200e+16
2.139510179529796915e+03 1.895262879955041600e+16
2.139843748313633569e+03 1.895080711227860000e+16
2.140177317097470677e+03 1.894900617460514800e+16
2.140510885881307331e+03 1.894722613852546400e+16
2.140844454665144440e+03 1.894546715424930800e+16
2.141178023448981094e+03 1.894372937018834400e+16
2.141511592232818202e+03 1.894201293294396400e+16
2.141845161016654856e+03 1.894031798729513200e+16
2.142178729800491510e+03 1.893864467618658400e+16
2.142512298584328619e+03 1.893699314071700800e+16
2.142845867368165727e+03 1.893536352012752000e+16
2.143179436152002381e+03 1.893375595179026400e+16
2.143513004935839490e+03 1.893217057119721600e+16
2.143846573719676144e+03 1.893060751194913600e+16
2.144180142503513252e+03 1.892906690574468800e+16
2.144513711287349906e+03 1.892754888236976000e+16
2.144847280071187015e+03 1.892605356968702400e+16
2.145180848855023669e+03 1.892458109362553600e+16
2.145514417638860778e+03 1.892313157817065200e+16
2.145847986422697886e+03 1.892170514535407200e+16
2.146181555206534540e+03 1.892030191524407200e+16
2.146515123990371194e+03 1.891892200593594400e+16
2.146848692774208303e+03 1.891756553354264000e+16
2.147182261558044956e+03 1.891623261218554400e+16
2.147515830341882065e+03 1.891492335398556400e+16
2.147849399125719174e+03 1.891363786905427600e+16
2.148182967909555828e+03 1.891237626548535200e+16
2.148516536693392482e+03 1.891113864934624800e+16
2.148850105477229590e+03 1.890992512466994000e+16
2.149183674261066699e+03 1.890873579344702800e+16
2.149517243044903353e+03 1.890757075561792800e+16
2.149850811828740461e+03 1.890643010906539200e+16
2.150184380612577115e+03 1.890531394960713600e+16
2.150517949396413769e+03 1.890422237098872000e+16
2.150851518180250878e+03 1.890315546487672800e+16
2.151185086964087986e+03 1.890211332085204400e+16
2.151518655747924640e+03 1.890109602640342800e+16
2.151852224531761749e+03 1.890010366692132000e+16
2.152185793315598403e+03 1.889913632569188000e+16
2.152519362099435511e+03 1.889819408389120000e+16
2.152852930883272165e+03 1.889727702057984800e+16
2.153186499667109274e+03 1.889638521269754800e+16
2.153520068450945928e+03 1.889551873505823200e+16
2.153853637234782582e+03 1.889467766034520800e+16
2.154187206018619690e+03 1.889386205910665200e+16
2.154520774802456799e+03 1.889307199975131600e+16
2.154854343586293453e+03 1.889230754854455200e+16
2.155187912370130562e+03 1.889156876960450800e+16
2.155521481153967216e+03 1.889085572489866400e+16
2.155855049937804324e+03 1.889016847424055600e+16
2.156188618721640978e+03 1.888950707528684000e+16
2.156522187505478087e+03 1.888887158353460000e+16
2.156855756289314741e+03 1.888826205231891200e+16
2.157189325073151849e+03 1.888767853281065200e+16
2.157522893856988958e+03 1.888712107401474400e+16
2.157856462640825612e+03 1.888658972276844800e+16
2.158190031424662266e+03 1.888608452374018400e+16
2.158523600208499374e+03 1.888560551942842000e+16
2.158857168992336028e+03 1.888515275016104400e+16
2.159190737776173137e+03 1.888472625409491200e+16
2.159524306560010245e+03 1.888432606721570800e+16
2.159857875343846899e+03 1.888395222333819200e+16
2.160191444127683553e+03 1.888360475410664000e+16
2.160525012911520662e+03 1.888328368899569600e+16
2.160858581695357771e+03 1.888298905531142800e+16
2.161192150479194424e+03 1.888272087819283600e+16
2.161525719263031533e+03 1.888247918061352400e+16
2.161859288046868187e+03 1.888226398338385600e+16
2.162192856830704841e+03 1.888207530515327200e+16
2.162526425614541949e+03 1.888191316241311200e+16
2.162859994398379058e+03 1.888177756949957600e+16
2.163193563182215712e+03 1.888166853859721200e+16
2.163527131966052821e+03 1.888158607974259200e+16
2.163860700749889475e+03 1.888153020082842400e+16
2.164194269533726583e+03 1.888150090760796400e+16
2.164527838317563237e+03 1.888149820369974400e+16
2.164861407101400346e+03 1.888152209059276400e+16
2.165194975885237000e+03 1.888157256765188000e+16
2.165528544669073653e+03 1.888164963212374000e+16
2.165862113452910762e+03 1.888175327914287200e+16
2.166195682236747871e+03 1.888188350173824800e+16
2.166529251020584525e+03 1.888204029084024800e+16
2.166862819804421633e+03 1.888222363528792000e+16
2.167196388588258287e+03 1.888243352183657200e+16
2.167529957372095396e+03 1.888266993516587200e+16
2.167863526155932050e+03 1.888293285788818000e+16
2.168197094939769158e+03 1.888322227055734800e+16
2.168530663723605812e+03 1.888353815167788000e+16
2.168864232507442921e+03 1.888388047771442800e+16
2.169197801291280030e+03 1.888424922310172800e+16
2.169531370075116683e+03 1.888464436025486800e+16
2.169864938858953337e+03 1.888506585958004000e+16
2.170198507642790446e+03 1.888551368948549600e+16
2.170532076426627100e+03 1.888598781639311200e+16
2.170865645210464209e+03 1.888648820475021600e+16
2.171199213994301317e+03 1.888701481704177200e+16
2.171532782778137971e+03 1.888756761380308800e+16
2.171866351561974625e+03 1.888814655363284000e+16
2.172199920345811734e+03 1.888875159320644000e+16
2.172533489129648842e+03 1.888938268728995200e+16
2.172867057913485496e+03 1.889003978875420800e+16
2.173200626697322605e+03 1.889072284858956400e+16
2.173534195481159259e+03 1.889143181592079600e+16
2.173867764264995913e+03 1.889216663802255600e+16
2.174201333048833021e+03 1.889292726033523200e+16
2.174534901832670130e+03 1.889371362648110000e+16
2.174868470616506784e+03 1.889452567828100000e+16
2.175202039400343892e+03 1.889536335577128800e+16
2.175535608184180546e+03 1.889622659722129200e+16
2.175869176968017655e+03 1.889711533915111200e+16
2.176202745751854309e+03 1.889802951634981600e+16
2.176536314535691417e+03 1.889896906189401600e+16
2.176869883319528071e+03 1.889993390716692400e+16
2.177203452103364725e+03 1.890092398187768000e+16
2.177537020887201834e+03 1.890193921408113600e+16
2.177870589671038942e+03 1.890297953019809600e+16
2.178204158454875596e+03 1.890404485503573600e+16
2.178537727238712705e+03 1.890513511180867600e+16
2.178871296022549359e+03 1.890625022216020800e+16
2.179204864806386013e+03 1.890739010618404400e+16
2.179538433590223121e+03 1.890855468244640000e+16
2.179872002374060230e+03 1.890974386800840000e+16
2.180205571157896884e+03 1.891095757844893600e+16
2.180539139941733993e+03 1.891219572788787600e+16
2.180872708725570646e+03 1.891345822900956800e+16
2.181206277509407755e+03 1.891474499308678400e+16
2.181539846293244409e+03 1.891605593000498400e+16
2.181873415077081518e+03 1.891739094828693600e+16
2.182206983860918172e+03 1.891874995511768400e+16
2.182540552644755280e+03 1.892013285636984400e+16
2.182874121428592389e+03 1.892153955662926800e+16
2.183207690212429043e+03 1.892296995922096800e+16
2.183541258996265697e+03 1.892442396623548800e+16
2.183874827780102805e+03 1.892590147855552000e+16
2.184208396563939459e+03 1.892740239588272800e+16
2.184541965347776568e+03 1.892892661676512800e+16
2.184875534131613676e+03 1.893047403862451200e+16
2.185209102915450330e+03 1.893204455778439600e+16
2.185542671699286984e+03 1.893363806949805200e+16
2.185876240483124093e+03 1.893525446797690800e+16
2.186209809266961202e+03 1.893689364641929600e+16
2.186543378050797855e+03 1.893855549703928800e+16
2.186876946834634964e+03 1.894023991109597600e+16
2.187210515618471618e+03 1.894194677892286400e+16
2.187544084402308272e+03 1.894367598995752000e+16
2.187877653186145380e+03 1.894542743277153200e+16
2.188211221969982489e+03 1.894720099510060000e+16
2.188544790753819143e+03 1.894899656387492000e+16
2.188878359537655797e+03 1.895081402524966400e+16
2.189211928321492906e+03 1.895265326463574400e+16
2.189545497105330014e+03 1.895451416673070800e+16
2.189879065889166668e+03 1.895639661554988400e+16
2.190212634673003777e+03 1.895830049445753600e+16
2.190546203456840431e+03 1.896022568619830800e+16
2.190879772240677084e+03 1.896217207292876800e+16
2.191213341024514193e+03 1.896413953624905200e+16
2.191546909808351302e+03 1.896612795723466000e+16
2.191880478592187956e+03 1.896813721646826800e+16
2.192214047376025064e+03 1.897016719407185200e+16
2.192547616159861718e+03 1.897221776973858000e+16
2.192881184943698827e+03 1.897428882276506400e+16
2.193214753727535481e+03 1.897638023208342400e+16
2.193548322511372589e+03 1.897849187629361200e+16
2.193881891295209243e+03 1.898062363369559600e+16
2.194215460079046352e+03 1.898277538232166000e+16
2.194549028862883461e+03 1.898494699996864800e+16
2.194882597646720114e+03 1.898713836423024400e+16
2.195216166430556768e+03 1.898934935252919600e+16
2.195549735214393877e+03 1.899157984214950400e+16
2.195883303998230531e+03 1.899382971026855200e+16
2.196216872782067639e+03 1.899609883398920800e+16
2.196550441565904748e+03 1.899838709037180000e+16
2.196884010349741402e+03 1.900069435646600000e+16
2.197217579133578056e+03 1.900302050934263200e+16
2.197551147917415165e+03 1.900536542612529600e+16
2.197884716701252273e+03 1.900772898402193200e+16
2.198218285485088927e+03 1.901011106035611600e+16
2.198551854268926036e+03 1.901251153259830000e+16
2.198885423052762690e+03 1.901493027839676800e+16
2.199218991836599344e+03 1.901736717560849200e+16
2.199552560620436452e+03 1.901982210232963600e+16
2.199886129404273561e+03 1.902229493692595200e+16
2.200219698188110215e+03 1.902478555806284000e+16
2.200553266971946869e+03 1.902729384473521600e+16
2.200886835755783977e+03 1.902981967629702400e+16
2.201220404539621086e+03 1.903236293249049200e+16
2.201553973323457740e+03 1.903492349347502400e+16
2.201887542107294848e+03 1.903750123985594400e+16
2.202221110891131502e+03 1.904009605271253600e+16
2.202554679674968156e+03 1.904270781362615200e+16
2.202888248458805265e+03 1.904533640470762400e+16
2.203221817242642373e+03 1.904798170862430400e+16
2.203555386026479027e+03 1.905064360862699600e+16
2.203888954810316136e+03 1.905332198857605600e+16
2.204222523594152790e+03 1.905601673296730400e+16
2.204556092377989899e+03 1.905872772695740000e+16
2.204889661161826552e+03 1.906145485638876800e+16
2.205223229945663661e+03 1.906419800781400800e+16
2.205556798729500315e+03 1.906695706851984400e+16
2.205890367513337424e+03 1.906973192655040800e+16
2.206223936297174532e+03 1.907252247073028800e+16
2.206557505081011186e+03 1.907532859068662400e+16
2.206891073864847840e+03 1.907815017687102400e+16
2.207224642648684949e+03 1.908098712058060000e+16
2.207558211432521603e+03 1.908383931397859200e+16
2.207891780216358711e+03 1.908670665011427200e+16
2.208225349000195820e+03 1.908958902294230000e+16
2.208558917784032474e+03 1.909248632734137600e+16
2.208892486567869128e+03 1.909539845913228000e+16
2.209226055351706236e+03 1.909832531509518800e+16
2.209559624135543345e+03 1.910126679298640000e+16
2.209893192919379999e+03 1.910422279155421200e+16
2.210226761703217107e+03 1.910719321055429200e+16
2.210560330487053761e+03 1.911017795076412800e+16
2.210893899270890415e+03 1.911317691399686000e+16
2.211227468054727524e+03 1.911619000311430000e+16
2.211561036838564632e+03 1.911921712203925600e+16
2.211894605622401286e+03 1.912225817576703200e+16
2.212228174406237940e+03 1.912531307037612000e+16
2.212561743190075049e+03 1.912838171303814400e+16
2.212895311973912158e+03 1.913146401202702800e+16
2.213228880757748811e+03 1.913455987672717600e+16
2.213562449541585920e+03 1.913766921764109600e+16
2.213896018325422574e+03 1.914079194639587600e+16
2.214229587109259228e+03 1.914392797574907600e+16
2.214563155893096337e+03 1.914707721959359200e+16
2.214896724676933445e+03 1.915023959296170400e+16
2.215230293460770099e+03 1.915341501202826000e+16
2.215563862244607208e+03 1.915660339411296800e+16
2.215897431028443862e+03 1.915980465768180000e+16
2.216230999812280970e+03 1.916301872234744000e+16
2.216564568596117624e+03 1.916624550886890000e+16
2.216898137379954733e+03 1.916948493915021200e+16
2.217231706163791387e+03 1.917273693623814400e+16
2.217565274947628495e+03 1.917600142431899200e+16
2.217898843731465604e+03 1.917927832871456800e+16
2.218232412515302258e+03 1.918256757587702800e+16
2.218565981299138912e+03 1.918586909338301600e+16
2.218899550082976020e+03 1.918918280992661600e+16
2.219233118866812674e+03 1.919250865531155200e+16
2.219566687650649783e+03 1.919584656044228800e+16
2.219900256434486892e+03 1.919919645731430400e+16
2.220233825218323545e+03 1.920255827900328800e+16
2.220567394002160199e+03 1.920593195965352000e+16
2.220900962785997308e+03 1.920931743446512800e+16
2.221234531569834417e+03 1.921271463968048400e+16
2.221568100353671070e+03 1.921612351256966400e+16
2.221901669137508179e+03 1.921954399141488000e+16
2.222235237921344833e+03 1.922297601549398400e+16
2.222568806705181487e+03 1.922641952506302800e+16
2.222902375489018596e+03 1.922987446133784000e+16
2.223235944272855704e+03 1.923334076647466000e+16
2.223569513056692358e+03 1.923681838354986400e+16
2.223903081840529012e+03 1.924030725653866400e+16
2.224236650624366121e+03 1.924380733029294800e+16
2.224570219408203229e+03 1.924731855051812400e+16
2.224903788192039883e+03 1.925084086374904400e+16
2.225237356975876992e+03 1.925437421732505600e+16
2.225570925759713646e+03 1.925791855936404400e+16
2.225904494543550300e+03 1.926147383873563200e+16
2.226238063327387408e+03 1.926504000503344000e+16
2.226571632111224517e+03 1.926861700854644400e+16
2.226905200895061171e+03 1.927220480022947200e+16
2.227238769678898279e+03 1.927580333167278800e+16
2.227572338462734933e+03 1.927941255507084000e+16
2.227905907246572042e+03 1.928303242319006400e+16
2.228239476030408696e+03 1.928666288933595200e+16
2.228573044814245804e+03 1.929030390731921200e+16
2.228906613598082458e+03 1.929395543142106400e+16
2.229240182381919567e+03 1.929761741635778400e+16
2.229573751165756676e+03 1.930128981724443200e+16
2.229907319949593330e+03 1.930497258955772800e+16
2.230240888733429983e+03 1.930866568909823200e+16
2.230574457517267092e+03 1.931236907195166400e+16
2.230908026301103746e+03 1.931608269444960800e+16
2.231241595084940855e+03 1.931980651312926400e+16
2.231575163868777963e+03 1.932354048469271200e+16
2.231908732652614617e+03 1.932728456596533200e+16
2.232242301436451271e+03 1.933103871385352800e+16
2.232575870220288380e+03 1.933480288530186400e+16
2.232909439004125488e+03 1.933857703724943600e+16
2.233243007787962142e+03 1.934236112658569600e+16
2.233576576571799251e+03 1.934615511010562800e+16
2.233910145355635905e+03 1.934995894446426000e+16
2.234243714139472559e+03 1.935377258613064800e+16
2.234577282923309667e+03 1.935759599134132400e+16
2.234910851707146776e+03 1.936142911605310800e+16
2.235244420490983430e+03 1.936527191589546400e+16
2.235577989274820084e+03 1.936912434612234800e+16
2.235911558058657192e+03 1.937298636156346400e+16
2.236245126842494301e+03 1.937685791657525600e+16
2.236578695626330955e+03 1.938073896499122800e+16
2.236912264410168063e+03 1.938462946007203200e+16
2.237245833194004717e+03 1.938852935445501600e+16
2.237579401977841371e+03 1.939243860010352800e+16
2.237912970761678480e+03 1.939635714825570800e+16
2.238246539545515589e+03 1.940028494937308000e+16
2.238580108329352242e+03 1.940422195308876000e+16
2.238913677113189351e+03 1.940816810815544800e+16
2.239247245897026005e+03 1.941212336239308400e+16
2.239580814680863114e+03 1.941608766263628000e+16
2.239914383464699768e+03 1.942006095468160800e+16
2.240247952248536876e+03 1.942404318323461600e+16
2.240581521032373530e+03 1.942803429185674400e+16
2.240915089816210639e+03 1.943203422291205200e+16
2.241248658600047747e+03 1.943604291751387200e+16
2.241582227383884401e+03 1.944006031547134400e+16
2.241915796167721055e+03 1.944408635523597600e+16
2.242249364951558164e+03 1.944812097384800800e+16
2.242582933735394818e+03 1.945216410688294000e+16
2.242916502519231926e+03 1.945621568839799600e+16
2.243250071303069035e+03 1.946027565087860800e+16
2.243583640086905689e+03 1.946434392518498800e+16
2.243917208870742343e+03 1.946842044049892800e+16
2.244250777654579451e+03 1.947250512427052400e+16
2.244584346438416560e+03 1.947659790216514400e+16
2.244917915222253214e+03 1.948069869801064800e+16
2.245251484006090323e+03 1.948480743374467200e+16
2.245585052789926976e+03 1.948892402936232000e+16
2.245918621573763630e+03 1.949304840286395200e+16
2.246252190357600739e+03 1.949718047020334800e+16
2.246585759141437848e+03 1.950132014523625600e+16
2.246919327925274501e+03 1.950546733966913200e+16
2.247252896709111155e+03 1.950962196300839200e+16
2.247586465492948264e+03 1.951378392251001600e+16
2.247920034276785373e+03 1.951795312312958400e+16
2.248253603060622027e+03 1.952212946747276800e+16
2.248587171844459135e+03 1.952631285574634400e+16
2.248920740628295789e+03 1.953050318570967200e+16
2.249254309412132443e+03 1.953470035262678400e+16
2.249587878195969552e+03 1.953890424921901200e+16
2.249921446979806660e+03 1.954311476561816800e+16
2.250255015763643314e+03 1.954733178932042800e+16
2.250588584547480423e+03 1.955155520514091600e+16
2.250922153331317077e+03 1.955578489516881600e+16
2.251255722115154185e+03 1.956002073872332000e+16
2.251589290898990839e+03 1.956426261231029600e+16
2.251922859682827948e+03 1.956851038957974400e+16
2.252256428466664602e+03 1.957276394128394800e+16
2.252589997250501710e+03 1.957702313523659200e+16
2.252923566034338819e+03 1.958128783627265200e+16
2.253257134818175473e+03 1.958555790620913600e+16
2.253590703602012127e+03 1.958983320380685600e+16
2.253924272385849235e+03 1.959411358473295200e+16
2.254257841169685889e+03 1.959839890152452400e+16
2.254591409953522998e+03 1.960268900355323600e+16
2.254924978737360107e+03 1.960698373699084800e+16
2.255258547521196760e+03 1.961128294477582400e+16
2.255592116305033414e+03 1.961558646658108800e+16
2.255925685088870523e+03 1.961989413878274800e+16
2.256259253872707632e+03 1.962420579443002800e+16
2.256592822656544286e+03 1.962852126321625600e+16
2.256926391440381394e+03 1.963284037145116800e+16
2.257259960224218048e+03 1.963716294203418400e+16
2.257593529008054702e+03 1.964148879442913200e+16
2.257927097791891811e+03 1.964581774464006400e+16
2.258260666575728919e+03 1.965014960518836000e+16
2.258594235359565573e+03 1.965448418509116800e+16
2.258927804143402227e+03 1.965882128984114000e+16
2.259261372927239336e+03 1.966316072138746400e+16
2.259594941711076444e+03 1.966750227811829600e+16
2.259928510494913098e+03 1.967184575484458400e+16
2.260262079278750207e+03 1.967619094278522000e+16
2.260595648062586861e+03 1.968053762955369600e+16
2.260929216846423515e+03 1.968488559914621600e+16
2.261262785630260623e+03 1.968923463193114000e+16
2.261596354414097732e+03 1.969358450464006800e+16
2.261929923197934386e+03 1.969793499036038800e+16
2.262263491981771494e+03 1.970228585852928400e+16
2.262597060765608148e+03 1.970663687492936800e+16
2.262930629549445257e+03 1.971098780168581600e+16
2.263264198333281911e+03 1.971533839726514400e+16
2.263597767117119020e+03 1.971968841647554800e+16
2.263931335900955673e+03 1.972403761046881600e+16
2.264264904684792782e+03 1.972838572674398800e+16
2.264598473468629436e+03 1.973273250915257600e+16
2.264932042252466545e+03 1.973707769790542400e+16
2.265265611036303198e+03 1.974142102958135600e+16
2.265599179820140307e+03 1.974576223713739600e+16
2.265932748603976961e+03 1.975010104992081200e+16
2.266266317387814070e+03 1.975443719368277200e+16
2.266599886171651178e+03 1.975877039059378000e+16
2.266933454955487832e+03 1.976310035926090400e+16
2.267267023739324486e+03 1.976742681474665600e+16
2.267600592523161595e+03 1.977174946858976000e+16
2.267934161306998249e+03 1.977606802882754000e+16
2.268267730090835357e+03 1.978038220002030400e+16
2.268601298874672466e+03 1.978469168327729200e+16
2.268934867658509120e+03 1.978899617628461200e+16
2.269268436442345774e+03 1.979329537333488000e+16
2.269602005226182882e+03 1.979758896535871600e+16
2.269935574010019991e+03 1.980187663995808000e+16
2.270269142793856645e+03 1.980615808144133600e+16
2.270602711577693299e+03 1.981043297086030400e+16
2.270936280361530407e+03 1.981470098604901600e+16
2.271269849145367061e+03 1.981896180166435200e+16
2.271603417929204170e+03 1.982321508922850000e+16
2.271936986713041279e+03 1.982746051717336000e+16
2.272270555496877932e+03 1.983169775088657600e+16
2.272604124280714586e+03 1.983592645275960800e+16
2.272937693064551695e+03 1.984014628223756000e+16
2.273271261848388804e+03 1.984435689587082400e+16
2.273604830632225458e+03 1.984855794736856000e+16
2.273938399416062566e+03 1.985274908765408800e+16
2.274271968199899220e+03 1.985692996492196800e+16
2.274605536983735874e+03 1.986110022469701600e+16
2.274939105767572983e+03 1.986525950989504000e+16
2.275272674551410091e+03 1.986940746088542400e+16
2.275606243335246745e+03 1.987354371555551600e+16
2.275939812119083854e+03 1.987766790937676800e+16
2.276273380902920508e+03 1.988177967547267200e+16
2.276606949686757616e+03 1.988587864468842800e+16
2.276940518470594270e+03 1.988996444566234400e+16
2.277274087254431379e+03 1.989403670489912800e+16
2.277607656038268033e+03 1.989809504684462000e+16
2.277941224822105141e+03 1.990213909396252000e+16
2.278274793605942250e+03 1.990616846681257600e+16
2.278608362389778904e+03 1.991018278413057200e+16
2.278941931173615558e+03 1.991418166290994400e+16
2.279275499957452666e+03 1.991816471848502400e+16
2.279609068741289320e+03 1.992213156461583200e+16
2.279942637525126429e+03 1.992608181357460000e+16
2.280276206308963538e+03 1.993001507623368400e+16
2.280609775092800191e+03 1.993393096215520000e+16
2.280943343876636845e+03 1.993782907968204800e+16
2.281276912660473954e+03 1.994170903603047600e+16
2.281610481444311063e+03 1.994557043738417200e+16
2.281944050228147717e+03 1.994941288898960800e+16
2.282277619011984370e+03 1.995323599525304000e+16
2.282611187795821479e+03 1.995703935983871600e+16
2.282944756579658133e+03 1.996082258576852800e+16
2.283278325363495242e+03 1.996458527552285200e+16
2.283611894147332350e+03 1.996832703114286000e+16
2.283945462931169004e+03 1.997204745433394000e+16
2.284279031715005658e+03 1.997574614657039200e+16
2.284612600498842767e+03 1.997942270920125600e+16
2.284946169282679875e+03 1.998307674355739200e+16
2.285279738066516529e+03 1.998670785105950800e+16
2.285613306850353638e+03 1.999031563332742400e+16
2.285946875634190292e+03 1.999389969229020800e+16
2.286280444418026946e+03 1.999745963029742400e+16
2.286614013201864054e+03 2.000099505023129200e+16
2.286947581985701163e+03 2.000450555561964800e+16
2.287281150769537817e+03 2.000799075074994400e+16
2.287614719553374925e+03 2.001145024078392000e+16
2.287948288337211579e+03 2.001488363187311600e+16
2.288281857121048688e+03 2.001829053127511200e+16
2.288615425904885342e+03 2.002167054747036800e+16
2.288948994688722451e+03 2.002502329027982000e+16
2.289282563472559104e+03 2.002834837098296000e+16
2.289616132256396213e+03 2.003164540243648000e+16
2.289949701040233322e+03 2.003491399919340000e+16
2.290283269824069976e+03 2.003815377762266400e+16
2.290616838607906629e+03 2.004136435602903200e+16
2.290950407391743738e+03 2.004454535477341200e+16
2.291283976175580392e+03 2.004769639639335600e+16
2.291617544959417501e+03 2.005081710572390000e+16
2.291951113743254609e+03 2.005390711001843600e+16
2.292284682527091263e+03 2.005696603906986800e+16
2.292618251310927917e+03 2.005999352533165200e+16
2.292951820094765026e+03 2.006298920403896800e+16
2.293285388878602134e+03 2.006595271332982800e+16
2.293618957662438788e+03 2.006888369436598800e+16
2.293952526446275442e+03 2.007178179145380400e+16
2.294286095230112551e+03 2.007464665216481200e+16
2.294619664013949205e+03 2.007747792745608400e+16
2.294953232797786313e+03 2.008027527179012400e+16
2.295286801581623422e+03 2.008303834325451600e+16
2.295620370365460076e+03 2.008576680368106400e+16
2.295953939149296730e+03 2.008846031876439200e+16
2.296287507933133838e+03 2.009111855818003200e+16
2.296621076716970947e+03 2.009374119570180000e+16
2.296954645500807601e+03 2.009632790931859200e+16
2.297288214284644710e+03 2.009887838135037600e+16
2.297621783068481363e+03 2.010139229856338400e+16
2.297955351852318017e+03 2.010386935228442000e+16
2.298288920636155126e+03 2.010630923851432800e+16
2.298622489419992235e+03 2.010871165804036800e+16
2.298956058203828889e+03 2.011107631654764400e+16
2.299289626987665997e+03 2.011340292472940000e+16
2.299623195771502651e+03 2.011569119839614800e+16
2.299956764555339760e+03 2.011794085858361600e+16
2.300290333339176414e+03 2.012015163165939200e+16
2.300623902123013522e+03 2.012232324942828000e+16
2.300957470906850176e+03 2.012445544923620800e+16
2.301291039690687285e+03 2.012654797407279200e+16
2.301624608474524393e+03 2.012860057267233600e+16
2.301958177258361047e+03 2.013061299961322800e+16
2.302291746042197701e+03 2.013258501541592800e+16
2.302625314826034810e+03 2.013451638663902800e+16
2.302958883609871464e+03 2.013640688597384800e+16
2.303292452393708572e+03 2.013825629233709200e+16
2.303626021177545681e+03 2.014006439096176800e+16
2.303959589961382335e+03 2.014183097348620800e+16
2.304293158745218989e+03 2.014355583804124400e+16
2.304626727529056097e+03 2.014523878933525600e+16
2.304960296312893206e+03 2.014687963873742800e+16
2.305293865096729860e+03 2.014847820435866800e+16
2.305627433880566514e+03 2.015003431113067200e+16
2.305961002664403622e+03 2.015154779088270800e+16
2.306294571448240276e+03 2.015301848241619600e+16
2.306628140232077385e+03 2.015444623157702000e+16
2.306961709015914494e+03 2.015583089132568800e+16
2.307295277799751148e+03 2.015717232180500000e+16
2.307628846583587801e+03 2.015847039040545600e+16
2.307962415367424910e+03 2.015972497182820800e+16
2.308295984151262019e+03 2.016093594814558400e+16
2.308629552935098673e+03 2.016210320885910400e+16
2.308963121718935781e+03 2.016322665095510400e+16
2.309296690502772435e+03 2.016430617895757600e+16
2.309630259286609089e+03 2.016534170497870400e+16
2.309963828070446198e+03 2.016633314876654800e+16
2.310297396854283306e+03 2.016728043775028000e+16
2.310630965638119960e+03 2.016818350708257200e+16
2.310964534421957069e+03 2.016904229967950000e+16
2.311298103205793723e+03 2.016985676625754000e+16
2.311631671989630831e+03 2.017062686536790400e+16
2.311965240773467485e+03 2.017135256342811200e+16
2.312298809557304594e+03 2.017203383475082800e+16
2.312632378341141248e+03 2.017267066156977200e+16
2.312965947124978356e+03 2.017326303406290800e+16
2.313299515908815465e+03 2.017381095037278400e+16
2.313633084692652119e+03 2.017431441662404400e+16
2.313966653476488773e+03 2.017477344693800000e+16
2.314300222260325882e+03 2.017518806344439600e+16
2.314633791044162535e+03 2.017555829629033600e+16
2.314967359827999644e+03 2.017588418364624800e+16
2.315300928611836753e+03 2.017616577170897600e+16
2.315634497395673407e+03 2.017640311470199200e+16
2.315968066179510060e+03 2.017659627487272000e+16
2.316301634963347169e+03 2.017674532248696800e+16
2.316635203747184278e+03 2.017685033582048000e+16
2.316968772531020932e+03 2.017691140114743200e+16
2.317302341314857586e+03 2.017692861272634400e+16
2.317635910098694694e+03 2.017690207278289600e+16
2.317969478882531348e+03 2.017683189148987200e+16
2.318303047666368457e+03 2.017671818694432800e+16
2.318636616450205565e+03 2.017656108514189600e+16
2.318970185234042219e+03 2.017636071994820800e+16
2.319303754017878873e+03 2.017611723306755200e+16
2.319637322801715982e+03 2.017583077400858400e+16
2.319970891585553090e+03 2.017550150004750400e+16
2.320304460369389744e+03 2.017512957618822400e+16
2.320638029153226853e+03 2.017471517511988800e+16
2.320971597937063507e+03 2.017425847717168000e+16
2.321305166720900161e+03 2.017375967026490000e+16
2.321638735504737269e+03 2.017321894986238400e+16
2.321972304288574378e+03 2.017263651891520800e+16
2.322305873072411032e+03 2.017201258780693200e+16
2.322639441856248141e+03 2.017134737429508000e+16
2.322973010640084794e+03 2.017064110345012800e+16
2.323306579423921903e+03 2.016989400759202800e+16
2.323640148207758557e+03 2.016910632622408800e+16
2.323973716991595666e+03 2.016827830596460800e+16
2.324307285775432319e+03 2.016741020047589200e+16
2.324640854559269428e+03 2.016650227039099600e+16
2.324974423343106537e+03 2.016555478323810000e+16
2.325307992126943191e+03 2.016456801336259200e+16
2.325641560910779845e+03 2.016354224184684800e+16
2.325975129694616953e+03 2.016247775642783200e+16
2.326308698478453607e+03 2.016137485141258000e+16
2.326642267262290716e+03 2.016023382759136000e+16
2.326975836046127824e+03 2.015905499214902800e+16
2.327309404829964478e+03 2.015783865857401600e+16
2.327642973613801132e+03 2.015658514656567600e+16
2.327976542397638241e+03 2.015529478193942800e+16
2.328310111181475349e+03 2.015396789653010400e+16
2.328643679965312003e+03 2.015260482809342400e+16
2.328977248749148657e+03 2.015120592020580000e+16
2.329310817532985766e+03 2.014977152216217600e+16
2.329644386316822420e+03 2.014830198887236800e+16
2.329977955100659528e+03 2.014679768075573200e+16
2.330311523884496637e+03 2.014525896363416000e+16
2.330645092668333291e+03 2.014368620862365600e+16
2.330978661452169945e+03 2.014207979202439200e+16
2.331312230236007053e+03 2.014044009520931200e+16
2.331645799019844162e+03 2.013876750451148000e+16
2.331979367803680816e+03 2.013706241110996400e+16
2.332312936587517925e+03 2.013532521091463200e+16
2.332646505371354579e+03 2.013355630444961200e+16
2.332980074155191232e+03 2.013175609673572400e+16
2.333313642939028341e+03 2.012992499717179200e+16
2.333647211722865450e+03 2.012806341941485600e+16
2.333980780506702104e+03 2.012617178125953600e+16
2.334314349290539212e+03 2.012425050451647200e+16
2.334647918074375866e+03 2.012230001488979200e+16
2.334981486858212975e+03 2.012032074185391600e+16
2.335315055642049629e+03 2.011831311852956800e+16
2.335648624425886737e+03 2.011627758155911600e+16
2.335982193209723391e+03 2.011421457098129600e+16
2.336315761993560500e+03 2.011212453010528000e+16
2.336649330777397608e+03 2.011000790538445600e+16
2.336982899561234262e+03 2.010786514628947200e+16
2.337316468345070916e+03 2.010569670518112800e+16
2.337650037128908025e+03 2.010350303718272800e+16
2.337983605912744679e+03 2.010128460005233200e+16
2.338317174696581787e+03 2.009904185405464000e+16
2.338650743480418441e+03 2.009677526183273200e+16
2.338984312264255550e+03 2.009448528827973200e+16
2.339317881048092204e+03 2.009217240041039600e+16
2.339651449831929312e+03 2.008983706723261600e+16
2.339985018615766421e+03 2.008747975961908000e+16
2.340318587399603075e+03 2.008510095017891600e+16
2.340652156183439729e+03 2.008270111312952800e+16
2.340985724967276838e+03 2.008028072416870400e+16
2.341319293751113491e+03 2.007784026034677600e+16
2.341652862534950600e+03 2.007538019993933200e+16
2.341986431318787709e+03 2.007290102232000800e+16
2.342320000102624363e+03 2.007040320783396000e+16
2.342653568886461017e+03 2.006788723767147600e+16
2.342987137670298125e+03 2.006535359374234400e+16
2.343320706454135234e+03 2.006280275855062800e+16
2.343654275237971888e+03 2.006023521507000800e+16
2.343987844021808996e+03 2.005765144661982400e+16
2.344321412805645650e+03 2.005505193674176000e+16
2.344654981589482304e+03 2.005243716907723200e+16
2.344988550373319413e+03 2.004980762724556800e+16
2.345322119157156521e+03 2.004716379472290000e+16
2.345655687940993175e+03 2.004450615472209600e+16
2.345989256724830284e+03 2.004183519007329600e+16
2.346322825508666938e+03 2.003915138310566000e+16
2.346656394292504046e+03 2.003645521552979200e+16
2.346989963076340700e+03 2.003374716832143200e+16
2.347323531860177354e+03 2.003102772160595200e+16
2.347657100644014463e+03 2.002829735454407600e+16
2.347990669427851572e+03 2.002555654521864800e+16
2.348324238211688225e+03 2.002280577052249600e+16
2.348657806995525334e+03 2.002004550604752400e+16
2.348991375779361988e+03 2.001727622597500800e+16
2.349324944563199097e+03 2.001449840296710000e+16
2.349658513347036205e+03 2.001171250805952800e+16
2.349992082130872859e+03 2.000891901055575200e+16
2.350325650914709513e+03 2.000611837792226400e+16
2.350659219698546167e+03 2.000331107568538400e+16
2.350992788482383276e+03 2.000049756732928800e+16
2.351326357266220384e+03 1.999767831419551200e+16
2.351659926050057038e+03 1.999485377538389600e+16
2.351993494833894147e+03 1.999202440765493200e+16
2.352327063617730801e+03 1.998919066533352800e+16
2.352660632401567909e+03 1.998635300021442800e+16
2.352994201185405018e+03 1.998351186146892800e+16
2.353327769969241672e+03 1.998066769555324800e+16
2.353661338753078780e+03 1.997782094611849600e+16
2.353994907536914980e+03 1.997497205392199200e+16
2.354328476320752088e+03 1.997212145674044400e+16
2.354662045104589197e+03 1.996926958928446400e+16
2.354995613888425851e+03 1.996641688311486400e+16
2.355329182672262959e+03 1.996356376656054400e+16
2.355662751456099613e+03 1.996071066463795200e+16
2.355996320239936722e+03 1.995785799897230400e+16
2.356329889023773831e+03 1.995500618772033600e+16
2.356663457807610484e+03 1.995215564549483200e+16
2.356997026591447593e+03 1.994930678329081200e+16
2.357330595375284247e+03 1.994646000841335600e+16
2.357664164159121356e+03 1.994361572440728400e+16
2.357997732942958464e+03 1.994077433098826000e+16
2.358331301726794663e+03 1.993793622397593200e+16
2.358664870510631772e+03 1.993510179522858800e+16
2.358998439294468426e+03 1.993227143257956800e+16
2.359332008078305535e+03 1.992944551977548800e+16
2.359665576862142643e+03 1.992662443641609600e+16
2.359999145645979297e+03 1.992380855789591200e+16
2.360332714429816406e+03 1.992099825534766000e+16
2.360666283213653060e+03 1.991819389558725200e+16
2.360999851997490168e+03 1.991539584106081600e+16
2.361333420781327277e+03 1.991260444979314400e+16
2.361666989565163931e+03 1.990982007533813200e+16
2.362000558349000585e+03 1.990704306673081600e+16
2.362334127132837239e+03 1.990427376844115200e+16
2.362667695916674347e+03 1.990151252032965600e+16
2.363001264700511456e+03 1.989875965760462400e+16
2.363334833484348110e+03 1.989601551078113600e+16
2.363668402268185218e+03 1.989328040564186400e+16
2.364001971052021872e+03 1.989055466319945600e+16
2.364335539835858981e+03 1.988783859966075200e+16
2.364669108619696090e+03 1.988513252639268800e+16
2.365002677403532743e+03 1.988243674988980400e+16
2.365336246187369852e+03 1.987975157174365600e+16
2.365669814971206051e+03 1.987707728861367200e+16
2.366003383755043160e+03 1.987441419219988800e+16
2.366336952538880269e+03 1.987176256921724000e+16
2.366670521322716922e+03 1.986912270137157600e+16
2.367004090106554031e+03 1.986649486533734000e+16
2.367337658890390685e+03 1.986387933273678400e+16
2.367671227674227794e+03 1.986127637012105600e+16
2.368004796458064902e+03 1.985868623895261600e+16
2.368338365241901556e+03 1.985610919558950400e+16
2.368671934025738665e+03 1.985354549127112000e+16
2.369005502809575319e+03 1.985099537210558800e+16
2.369339071593412427e+03 1.984845907905875200e+16
2.369672640377249536e+03 1.984593684794465600e+16
2.370006209161085735e+03 1.984342890941768000e+16
2.370339777944922844e+03 1.984093548896622800e+16
2.370673346728759498e+03 1.983845680690780000e+16
2.371006915512596606e+03 1.983599307838575600e+16
2.371340484296433715e+03 1.983354451336745600e+16
2.371674053080270369e+03 1.983111131664402400e+16
2.372007621864107477e+03 1.982869368783146800e+16
2.372341190647944131e+03 1.982629182137327600e+16
2.372674759431781240e+03 1.982390590654458800e+16
2.373008328215618349e+03 1.982153612745761600e+16
2.373341896999455003e+03 1.981918266306861600e+16
2.373675465783291656e+03 1.981684568718623200e+16
2.374009034567128310e+03 1.981452536848116800e+16
2.374342603350965419e+03 1.981222187049733600e+16
2.374676172134802528e+03 1.980993535166426000e+16
2.375009740918639181e+03 1.980766596531087200e+16
2.375343309702476290e+03 1.980541385968063200e+16
2.375676878486312944e+03 1.980317917794792000e+16
2.376010447270150053e+03 1.980096205823578400e+16
2.376344016053987161e+03 1.979876263363484000e+16
2.376677584837823815e+03 1.979658103222353200e+16
2.377011153621660924e+03 1.979441737708967200e+16
2.377344722405497123e+03 1.979227178635299200e+16
2.377678291189334232e+03 1.979014437318916000e+16
2.378011859973171340e+03 1.978803524585476000e+16
2.378345428757007994e+03 1.978594450771356800e+16
2.378678997540845103e+03 1.978387225726394400e+16
2.379012566324681757e+03 1.978181858816736400e+16
2.379346135108518865e+03 1.977978358927799600e+16
2.379679703892355974e+03 1.977776734467349600e+16
2.380013272676192628e+03 1.977576993368671200e+16
2.380346841460029736e+03 1.977379143093861600e+16
2.380680410243866390e+03 1.977183190637215600e+16
2.381013979027703499e+03 1.976989142528718000e+16
2.381347547811540608e+03 1.976797004837632000e+16
2.381681116595376807e+03 1.976606783176188000e+16
2.382014685379213915e+03 1.976418482703370000e+16
2.382348254163050569e+03 1.976232108128792000e+16
2.382681822946887678e+03 1.976047663716668000e+16
2.383015391730724787e+03 1.975865153289875600e+16
2.383348960514561441e+03 1.975684580234098000e+16
2.383682529298398549e+03 1.975505947502069200e+16
2.384016098082235203e+03 1.975329257617881200e+16
2.384349666866072312e+03 1.975154512681398800e+16
2.384683235649909420e+03 1.974981714372725200e+16
2.385016804433746074e+03 1.974810863956774000e+16
2.385350373217582728e+03 1.974641962287899200e+16
2.385683942001419382e+03 1.974475009814601600e+16
2.386017510785256491e+03 1.974310006584319200e+16
2.386351079569093599e+03 1.974146952248271200e+16
2.386684648352930253e+03 1.973985846066374400e+16
2.387018217136767362e+03 1.973826686912243200e+16
2.387351785920604016e+03 1.973669473278216400e+16
2.387685354704441124e+03 1.973514203280487200e+16
2.388018923488278233e+03 1.973360874664260800e+16
2.388352492272114887e+03 1.973209484808986400e+16
2.388686061055951996e+03 1.973060030733640800e+16
2.389019629839788195e+03 1.972912509102057600e+16
2.389353198623625303e+03 1.972766916228325200e+16
2.389686767407462412e+03 1.972623248082209600e+16
2.390020336191299066e+03 1.972481500294648000e+16
2.390353904975136174e+03 1.972341668163270000e+16
2.390687473758972828e+03 1.972203746657967200e+16
2.391021042542809937e+03 1.972067730426510400e+16
2.391354611326647046e+03 1.971933613800188800e+16
2.391688180110483700e+03 1.971801390799500000e+16
2.392021748894320808e+03 1.971671055139869600e+16
2.392355317678157462e+03 1.971542600237398400e+16
2.392688886461994571e+03 1.971416019214644400e+16
2.393022455245831679e+03 1.971291304906430400e+16
2.393356024029667878e+03 1.971168449865676000e+16
2.393689592813504987e+03 1.971047446369257600e+16
2.394023161597341641e+03 1.970928286423877600e+16
2.394356730381178750e+03 1.970810961771968000e+16
2.394690299165015858e+03 1.970695463897600000e+16
2.395023867948852512e+03 1.970581784032411200e+16
2.395357436732689621e+03 1.970469913161544800e+16
2.395691005516526275e+03 1.970359842029598400e+16
2.396024574300363383e+03 1.970251561146585200e+16
2.396358143084200492e+03 1.970145060793893600e+16
2.396691711868037146e+03 1.970040331030252800e+16
2.397025280651873800e+03 1.969937361697708800e+16
2.397358849435710454e+03 1.969836142427581600e+16
2.397692418219547562e+03 1.969736662646444000e+16
2.398025987003384671e+03 1.969638911582064400e+16
2.398359555787221325e+03 1.969542878269376400e+16
2.398693124571058434e+03 1.969448551556415200e+16
2.399026693354895087e+03 1.969355920110246000e+16
2.399360262138732196e+03 1.969264972422892800e+16
2.399693830922569305e+03 1.969175696817234400e+16
2.400027399706405959e+03 1.969088081452890400e+16
2.400360968490243067e+03 1.969002114332096000e+16
2.400694537274079266e+03 1.968917783305531600e+16
2.401028106057916375e+03 1.968835076078160000e+16
2.401361674841753484e+03 1.968753980215006400e+16
2.401695243625590138e+03 1.968674483146929200e+16
2.402028812409427246e+03 1.968596572176365200e+16
2.402362381193263900e+03 1.968520234483018800e+16
2.402695949977101009e+03 1.968445457129545200e+16
2.403029518760938117e+03 1.968372227067178400e+16
2.403363087544774771e+03 1.968300531141324000e+16
2.403696656328611880e+03 1.968230356097129600e+16
2.404030225112448534e+03 1.968161688584978000e+16
2.404363793896285642e+03 1.968094515165981600e+16
2.404697362680122751e+03 1.968028822317385600e+16
2.405030931463958950e+03 1.967964596437958400e+16
2.405364500247796059e+03 1.967901823853319200e+16
2.405698069031632713e+03 1.967840490821207200e+16
2.406031637815469821e+03 1.967780583536715200e+16
2.406365206599306930e+03 1.967722088137449600e+16
2.406698775383143584e+03 1.967664990708647600e+16
2.407032344166980693e+03 1.967609277288232000e+16
2.407365912950817346e+03 1.967554933871800000e+16
2.407699481734654455e+03 1.967501946417567600e+16
2.408033050518491564e+03 1.967450300851221200e+16
2.408366619302328218e+03 1.967399983070740000e+16
2.408700188086164871e+03 1.967350978951120800e+16
2.409033756870001525e+03 1.967303274349055600e+16
2.409367325653838634e+03 1.967256855107528800e+16
2.409700894437675743e+03 1.967211707060348000e+16
2.410034463221512397e+03 1.967167816036599600e+16
2.410368032005349505e+03 1.967125167865034400e+16
2.410701600789186159e+03 1.967083748378374400e+16
2.411035169573023268e+03 1.967043543417543200e+16
2.411368738356860376e+03 1.967004538835822800e+16
2.411702307140697030e+03 1.966966720502926800e+16
2.412035875924534139e+03 1.966930074308994400e+16
2.412369444708370338e+03 1.966894586168502400e+16
2.412703013492207447e+03 1.966860242024100400e+16
2.413036582276044555e+03 1.966827027850352000e+16
2.413370151059881209e+03 1.966794929657399200e+16
2.413703719843718318e+03 1.966763933494541600e+16
2.414037288627554972e+03 1.966734025453720800e+16
2.414370857411392080e+03 1.966705191672928800e+16
2.414704426195229189e+03 1.966677418339516000e+16
2.415037994979065843e+03 1.966650691693416000e+16
2.415371563762902952e+03 1.966624998030289200e+16
2.415705132546739605e+03 1.966600323704554800e+16
2.416038701330576714e+03 1.966576655132351600e+16
2.416372270114413823e+03 1.966553978794393600e+16
2.416705838898250022e+03 1.966532281238735600e+16
2.417039407682087131e+03 1.966511549083461600e+16
2.417372976465923784e+03 1.966491769019248000e+16
2.417706545249760893e+03 1.966472927811865600e+16
2.418040114033598002e+03 1.966455012304558400e+16
2.418373682817434656e+03 1.966438009420354400e+16
2.418707251601271764e+03 1.966421906164263600e+16
2.419040820385108418e+03 1.966406689625383600e+16
2.419374389168945527e+03 1.966392346978917600e+16
2.419707957952782635e+03 1.966378865488085200e+16
2.420041526736619289e+03 1.966366232505949600e+16
2.420375095520455943e+03 1.966354435477145600e+16
2.420708664304292597e+03 1.966343461939498400e+16
2.421042233088129706e+03 1.966333299525574400e+16
2.421375801871966814e+03 1.966323935964112800e+16
2.421709370655803468e+03 1.966315359081372000e+16
2.422042939439640577e+03 1.966307556802384400e+16
2.422376508223477231e+03 1.966300517152107200e+16
2.422710077007314339e+03 1.966294228256488800e+16
2.423043645791151448e+03 1.966288678343435600e+16
2.423377214574988102e+03 1.966283855743690400e+16
2.423710783358825211e+03 1.966279748891614800e+16
2.424044352142661410e+03 1.966276346325876000e+16
2.424377920926498518e+03 1.966273636690059200e+16
2.424711489710335627e+03 1.966271608733163200e+16
2.425045058494172281e+03 1.966270251310028800e+16
2.425378627278009390e+03 1.966269553381666800e+16
2.425712196061846043e+03 1.966269504015502400e+16
2.426045764845683152e+03 1.966270092385530400e+16
2.426379333629520261e+03 1.966271307772381600e+16
2.426712902413356915e+03 1.966273139563307600e+16
2.427046471197194023e+03 1.966275577252085600e+16
2.427380039981030677e+03 1.966278610438828000e+16
2.427713608764867786e+03 1.966282228829720400e+16
2.428047177548704894e+03 1.966286422236673600e+16
2.428380746332541094e+03 1.966291180576897200e+16
2.428714315116378202e+03 1.966296493872402400e+16
2.429047883900214856e+03 1.966302352249406400e+16
2.429381452684051965e+03 1.966308745937693600e+16
2.429715021467889073e+03 1.966315665269872000e+16
2.430048590251725727e+03 1.966323100680569600e+16
2.430382159035562836e+03 1.966331042705572800e+16
2.430715727819399490e+03 1.966339481980862800e+16
2.431049296603236598e+03 1.966348409241624800e+16
2.431382865387073707e+03 1.966357815321151600e+16
2.431716434170910361e+03 1.966367691149705600e+16
2.432050002954747015e+03 1.966378027753319200e+16
2.432383571738583669e+03 1.966388816252519200e+16
2.432717140522420777e+03 1.966400047861001600e+16
2.433050709306257886e+03 1.966411713884249600e+16
2.433384278090094540e+03 1.966423805718086400e+16
2.433717846873931649e+03 1.966436314847190400e+16
2.434051415657768302e+03 1.966449232843535200e+16
2.434384984441605411e+03 1.966462551364804000e+16
2.434718553225442520e+03 1.966476262152736800e+16
2.435052122009279174e+03 1.966490357031444000e+16
2.435385690793116282e+03 1.966504827905664400e+16
2.435719259576952481e+03 1.966519666758988800e+16
2.436052828360789590e+03 1.966534865652049600e+16
2.436386397144626699e+03 1.966550416720648000e+16
2.436719965928463353e+03 1.966566312173876000e+16
2.437053534712300461e+03 1.966582544292180800e+16
2.437387103496137115e+03 1.966599105425408400e+16
2.437720672279974224e+03 1.966615987990818400e+16
2.438054241063811332e+03 1.966633184471064000e+16
2.438387809847647986e+03 1.966650687412147200e+16
2.438721378631485095e+03 1.966668489421369200e+16
2.439054947415321749e+03 1.966686583165222400e+16
2.439388516199158857e+03 1.966704961367303200e+16
2.439722084982995966e+03 1.966723616806185200e+16
2.440055653766832165e+03 1.966742542313277600e+16
2.440389222550669274e+03 1.966761730770687600e+16
2.440722791334505928e+03 1.966781175109051200e+16
2.441056360118343036e+03 1.966800868305376000e+16
2.441389928902180145e+03 1.966820803380862400e+16
2.441723497686016799e+03 1.966840973398729600e+16
2.442057066469853908e+03 1.966861371462041600e+16
2.442390635253690562e+03 1.966881990711526000e+16
2.442724204037527670e+03 1.966902824323408800e+16
2.443057772821364779e+03 1.966923865507237200e+16
2.443391341605201433e+03 1.966945107503720000e+16
2.443724910389038087e+03 1.966966543582590000e+16
2.444058479172874740e+03 1.966988167040442400e+16
2.444392047956711849e+03 1.967009971198632000e+16
2.444725616740548958e+03 1.967031949401141600e+16
2.445059185524385612e+03 1.967054095012507200e+16
2.445392754308222720e+03 1.967076401415741200e+16
2.445726323092059374e+03 1.967098862010276400e+16
2.446059891875896483e+03 1.967121470209948000e+16
2.446393460659733591e+03 1.967144219440991200e+16
2.446727029443570245e+03 1.967167103140068800e+16
2.447060598227407354e+03 1.967190114752332000e+16
2.447394167011243553e+03 1.967213247729509600e+16
2.447727735795080662e+03 1.967236495528034400e+16
2.448061304578917770e+03 1.967259851607200000e+16
2.448394873362754424e+03 1.967283309427364000e+16
2.448728442146591533e+03 1.967306862448180000e+16
2.449062010930428187e+03 1.967330504126881200e+16
2.449395579714265295e+03 1.967354227916599600e+16
2.449729148498102404e+03 1.967378027264732000e+16
2.450062717281939058e+03 1.967401895611354400e+16
2.450396286065776167e+03 1.967425826387686000e+16
2.450729854849612821e+03 1.967449813014592400e+16
2.451063423633449929e+03 1.967473848901154400e+16
2.451396992417287038e+03 1.967497927443278400e+16
2.451730561201123237e+03 1.967522042022368000e+16
2.452064129984960346e+03 1.967546186004049600e+16
2.452397698768797000e+03 1.967570352736949600e+16
2.452731267552634108e+03 1.967594535551540400e+16
2.453064836336471217e+03 1.967618727759038000e+16
2.453398405120307871e+03 1.967642922650362800e+16
2.453731973904144979e+03 1.967667113495164000e+16
2.454065542687981633e+03 1.967691293540907600e+16
2.454399111471818742e+03 1.967715456012029200e+16
2.454732680255655850e+03 1.967739594109147200e+16
2.455066249039492504e+03 1.967763701008351600e+16
2.455399817823329158e+03 1.967787769860557600e+16
2.455733386607165812e+03 1.967811793790919600e+16
2.456066955391002921e+03 1.967835765898332800e+16
2.456400524174840029e+03 1.967859679254981600e+16
2.456734092958676683e+03 1.967883526905981200e+16
2.457067661742513792e+03 1.967907301869082400e+16
2.457401230526350446e+03 1.967930997134441200e+16
2.457734799310187555e+03 1.967954605664479200e+16
2.458068368094024663e+03 1.967978120393802000e+16
2.458401936877861317e+03 1.968001534229196800e+16
2.458735505661698426e+03 1.968024840049713200e+16
2.459069074445534625e+03 1.968048030706805600e+16
2.459402643229371733e+03 1.968071099024566400e+16
2.459736212013208842e+03 1.968094037800019200e+16
2.460069780797045496e+03 1.968116839803497600e+16
2.460403349580882605e+03 1.968139497779108400e+16
2.460736918364719259e+03 1.968162004445249600e+16
2.461070487148556367e+03 1.968184352495229600e+16
2.461404055932393476e+03 1.968206534597942400e+16
2.461737624716230130e+03 1.968228543398635600e+16
2.462071193500067238e+03 1.968250371519748000e+16
2.462404762283903892e+03 1.968272011561821600e+16
2.462738331067741001e+03 1.968293456104495200e+16
2.463071899851578110e+03 1.968314697707571200e+16
2.463405468635414309e+03 1.968335728912163200e+16
2.463739037419251417e+03 1.968356542241908800e+16
2.464072606203088071e+03 1.968377130204271200e+16
2.464406174986925180e+03 1.968397485291906400e+16
2.464739743770762288e+03 1.968417599984105600e+16
2.465073312554598942e+03 1.968437466748315200e+16
2.465406881338436051e+03 1.968457078041728000e+16
2.465740450122272705e+03 1.968476426312948000e+16
2.466074018906109814e+03 1.968495504003723200e+16
2.466407587689946922e+03 1.968514303550755600e+16
2.466741156473783576e+03 1.968532817387576400e+16
2.467074725257620230e+03 1.968551037946497600e+16
2.467408294041456884e+03 1.968568957660619200e+16
2.467741862825293993e+03 1.968586568965920400e+16
2.468075431609131101e+03 1.968603864303405600e+16
2.468409000392967755e+03 1.968620836121319200e+16
2.468742569176804864e+03 1.968637476877430000e+16
2.469076137960641518e+03 1.968653779041369600e+16
2.469409706744478626e+03 1.968669735097044800e+16
2.469743275528315735e+03 1.968685337545096400e+16
2.470076844312152389e+03 1.968700578905432000e+16
2.470410413095989497e+03 1.968715451719811200e+16
2.470743981879825697e+03 1.968729948554480800e+16
2.471077550663662805e+03 1.968744062002886000e+16
2.471411119447499914e+03 1.968757784688410800e+16
2.471744688231336568e+03 1.968771109267186800e+16
2.472078257015173676e+03 1.968784028430953600e+16
2.472411825799010330e+03 1.968796534909960400e+16
2.472745394582847439e+03 1.968808621475925600e+16
2.473078963366684548e+03 1.968820280945029200e+16
2.473412532150521201e+03 1.968831506180971200e+16
2.473746100934358310e+03 1.968842290098054400e+16
2.474079669718194964e+03 1.968852625664310800e+16
2.474413238502032073e+03 1.968862505904684000e+16
2.474746807285869181e+03 1.968871923904228000e+16
2.475080376069705380e+03 1.968880872811357600e+16
2.475413944853542489e+03 1.968889345841128000e+16
2.475747513637379143e+03 1.968897336278541600e+16
2.476081082421216252e+03 1.968904837481901600e+16
2.476414651205053360e+03 1.968911842886172800e+16
2.476748219988890014e+03 1.968918346006383200e+16
2.477081788772727123e+03 1.968924340441052000e+16
2.477415357556563777e+03 1.968929819875630400e+16
2.477748926340400885e+03 1.968934778085974000e+16
2.478082495124237539e+03 1.968939208941819200e+16
2.478416063908074648e+03 1.968943106410301200e+16
2.478749632691911302e+03 1.968946464559460000e+16
2.479083201475747956e+03 1.968949277561772400e+16
2.479416770259585064e+03 1.968951539697702400e+16
2.479750339043421718e+03 1.968953245359239200e+16
2.480083907827258827e+03 1.968954389053466000e+16
2.480417476611095935e+03 1.968954965406110400e+16
2.480751045394932589e+03 1.968954969165114800e+16
2.481084614178769698e+03 1.968954395204201200e+16
2.481418182962606352e+03 1.968953238526430000e+16
2.481751751746443460e+03 1.968951494267758000e+16
2.482085320530280569e+03 1.968949157700594800e+16
2.482418889314116768e+03 1.968946224237342800e+16
2.482752458097953877e+03 1.968942689433937600e+16
2.483086026881790531e+03 1.968938548993356400e+16
2.483419595665627639e+03 1.968933798769142000e+16
2.483753164449464748e+03 1.968928434768880800e+16
2.484086733233301402e+03 1.968922453157680000e+16
2.484420302017138511e+03 1.968915850261617600e+16
2.484753870800975164e+03 1.968908622571170800e+16
2.485087439584812273e+03 1.968900766744618400e+16
2.485421008368649382e+03 1.968892279611420400e+16
2.485754577152486036e+03 1.968883158175560000e+16
2.486088145936323144e+03 1.968873399618866400e+16
2.486421714720159343e+03 1.968863001304292000e+16
2.486755283503996452e+03 1.968851960779166000e+16
2.487088852287833561e+03 1.968840275778400800e+16
2.487422421071670215e+03 1.968827944227667600e+16
2.487755989855507323e+03 1.968814964246528800e+16
2.488089558639343977e+03 1.968801334151523200e+16
2.488423127423181086e+03 1.968787052459210000e+16
2.488756696207018194e+03 1.968772117889171200e+16
2.489090264990854848e+03 1.968756529366951600e+16
2.489423833774691957e+03 1.968740286026966000e+16
2.489757402558528611e+03 1.968723387215340800e+16
2.490090971342365719e+03 1.968705832492709600e+16
2.490424540126202373e+03 1.968687621636947600e+16
2.490758108910039027e+03 1.968668754645850400e+16
2.491091677693876136e+03 1.968649231739762400e+16
2.491425246477712790e+03 1.968629053364129200e+16
2.491758815261549898e+03 1.968608220192000800e+16
2.492092384045387007e+03 1.968586733126463200e+16
2.492425952829223661e+03 1.968564593303008800e+16
2.492759521613060770e+03 1.968541802091846000e+16
2.493093090396897423e+03 1.968518361100118400e+16
2.493426659180734532e+03 1.968494272174086800e+16
2.493760227964571641e+03 1.968469537401212800e+16
2.494093796748407840e+03 1.968444159112180800e+16
2.494427365532244949e+03 1.968418139882852400e+16
2.494760934316081602e+03 1.968391482536134800e+16
2.495094503099918711e+03 1.968364190143777600e+16
2.495428071883755820e+03 1.968336266028097600e+16
2.495761640667592474e+03 1.968307713763612000e+16
2.496095209451429582e+03 1.968278537178612400e+16
2.496428778235266236e+03 1.968248740356633600e+16
2.496762347019103345e+03 1.968218327637862400e+16
2.497095915802940453e+03 1.968187303620454800e+16
2.497429484586777107e+03 1.968155673161764000e+16
2.497763053370614216e+03 1.968123441379500000e+16
2.498096622154450415e+03 1.968090613652785600e+16
2.498430190938287524e+03 1.968057195623143200e+16
2.498763759722124632e+03 1.968023193195384800e+16
2.499097328505961286e+03 1.967988612538415200e+16
2.499430897289798395e+03 1.967953460085957600e+16
2.499764466073635049e+03 1.967917742537171600e+16
2.500098034857472157e+03 1.967881466857210400e+16
2.500431603641309266e+03 1.967844640277654800e+16
2.500765172425145920e+03 1.967807270296888000e+16
2.501098741208983029e+03 1.967769364680362400e+16
2.501432309992819683e+03 1.967730931460779200e+16
2.501765878776656791e+03 1.967691978938187600e+16
2.502099447560493445e+03 1.967652515679971600e+16
2.502433016344330099e+03 1.967612550520766400e+16
2.502766585128167208e+03 1.967572092562278400e+16
2.503100153912003861e+03 1.967531151173004000e+16
2.503433722695840970e+03 1.967489735987867200e+16
2.503767291479678079e+03 1.967447856907764800e+16
2.504100860263514733e+03 1.967405524099014800e+16
2.504434429047351841e+03 1.967362747992721600e+16
2.504767997831188495e+03 1.967319539284040000e+16
2.505101566615025604e+03 1.967275908931357600e+16
2.505435135398862712e+03 1.967231868155383600e+16
2.505768704182698912e+03 1.967187428438142400e+16
2.506102272966536020e+03 1.967142601521889600e+16
2.506435841750372674e+03 1.967097399407918400e+16
2.506769410534209783e+03 1.967051834355301600e+16
2.507102979318046891e+03 1.967005918879523200e+16
2.507436548101883545e+03 1.966959665751032400e+16
2.507770116885720654e+03 1.966913087993711600e+16
2.508103685669557308e+03 1.966866198883248800e+16
2.508437254453394416e+03 1.966819011945437600e+16
2.508770823237231525e+03 1.966771540954368800e+16
2.509104392021068179e+03 1.966723799930562400e+16
2.509437960804905288e+03 1.966675803139006400e+16
2.509771529588741487e+03 1.966627565087093200e+16
2.510105098372578595e+03 1.966579100522508400e+16
2.510438667156415704e+03 1.966530424431008000e+16
2.510772235940252358e+03 1.966481552034130400e+16
2.511105804724089467e+03 1.966432498786824000e+16
2.511439373507926121e+03 1.966383280374992800e+16
2.511772942291763229e+03 1.966333912712974400e+16
2.512106511075600338e+03 1.966284411940926400e+16
2.512440079859436992e+03 1.966234794422151200e+16
2.512773648643274100e+03 1.966185076740336000e+16
2.513107217427110754e+03 1.966135275696722000e+16
2.513440786210947863e+03 1.966085408307211200e+16
2.513774354994784517e+03 1.966035491799377600e+16
2.514107923778621171e+03 1.965985543609438400e+16
2.514441492562458279e+03 1.965935581379135200e+16
2.514775061346294933e+03 1.965885622952556000e+16
2.515108630130132042e+03 1.965835686372890400e+16
2.515442198913969150e+03 1.965785789879115200e+16
2.515775767697805804e+03 1.965735951902625600e+16
2.516109336481642913e+03 1.965686191063799600e+16
2.516442905265479567e+03 1.965636526168496800e+16
2.516776474049316676e+03 1.965586976204503600e+16
2.517110042833153784e+03 1.965537560337922000e+16
2.517443611616989983e+03 1.965488297909494800e+16
2.517777180400827092e+03 1.965439208430885200e+16
2.518110749184663746e+03 1.965390311580890800e+16
2.518444317968500854e+03 1.965341627201620800e+16
2.518777886752337963e+03 1.965293175294606000e+16
2.519111455536174617e+03 1.965244976016868400e+16
2.519445024320011726e+03 1.965197049676950000e+16
2.519778593103848380e+03 1.965149416730879200e+16
2.520112161887685488e+03 1.965102097778105600e+16
2.520445730671522597e+03 1.965055113557387600e+16
2.520779299455359251e+03 1.965008484942633600e+16
2.521112868239196359e+03 1.964962232938716000e+16
2.521446437023032558e+03 1.964916378677230000e+16
2.521780005806869667e+03 1.964870943412232000e+16
2.522113574590706776e+03 1.964825948515928400e+16
2.522447143374543430e+03 1.964781415474340000e+16
2.522780712158380538e+03 1.964737365882934800e+16
2.523114280942217192e+03 1.964693821442216000e+16
2.523447849726054301e+03 1.964650803953308000e+16
2.523781418509891409e+03 1.964608335313482400e+16
2.524114987293728063e+03 1.964566437511679200e+16
2.524448556077565172e+03 1.964525132624008400e+16
2.524782124861401826e+03 1.964484442809201200e+16
2.525115693645238935e+03 1.964444390304072400e+16
2.525449262429075588e+03 1.964404997418938400e+16
2.525782831212912242e+03 1.964366286533029200e+16
2.526116399996749351e+03 1.964328280089886400e+16
2.526449968780586005e+03 1.964291000592727200e+16
2.526783537564423114e+03 1.964254470599821200e+16
2.527117106348260222e+03 1.964218712719833600e+16
2.527450675132096876e+03 1.964183749607166400e+16
2.527784243915933985e+03 1.964149603957290400e+16
2.528117812699770639e+03 1.964116298502065600e+16
2.528451381483607747e+03 1.964083856005060000e+16
2.528784950267444856e+03 1.964052299256857600e+16
2.529118519051281055e+03 1.964021651070367200e+16
2.529452087835118164e+03 1.963991934276127600e+16
2.529785656618954818e+03 1.963963171717612000e+16
2.530119225402791926e+03 1.963935386246527600e+16
2.530452794186629035e+03 1.963908600718128800e+16
2.530786362970465689e+03 1.963882837986521600e+16
2.531119931754302797e+03 1.963858120899977600e+16
2.531453500538139451e+03 1.963834472296254000e+16
2.531787069321976560e+03 1.963811914997919600e+16
2.532120638105813669e+03 1.963790471807688000e+16
2.532454206889650322e+03 1.963770165503760400e+16
2.532787775673487431e+03 1.963751018835183200e+16
2.533121344457323630e+03 1.963733054517209600e+16
2.533454913241160739e+03 1.963716295226679600e+16
2.533788482024997847e+03 1.963700763597416000e+16
2.534122050808834501e+03 1.963686482215624400e+16
2.534455619592671610e+03 1.963673473615328400e+16
2.534789188376508264e+03 1.963661760273799600e+16
2.535122757160345373e+03 1.963651364607027600e+16
2.535456325944182481e+03 1.963642308965193600e+16
2.535789894728019135e+03 1.963634615628169200e+16
2.536123463511856244e+03 1.963628306801040800e+16
2.536457032295692898e+03 1.963623404609652400e+16
2.536790601079530006e+03 1.963619931096176000e+16
2.537124169863366660e+03 1.963617908214691200e+16
2.537457738647203314e+03 1.963617357826811200e+16
2.537791307431040423e+03 1.963618301697328000e+16
2.538124876214877077e+03 1.963620761489870400e+16
2.538458444998714185e+03 1.963624758762607600e+16
2.538792013782551294e+03 1.963630314963972400e+16
2.539125582566387948e+03 1.963637451428413200e+16
2.539459151350225056e+03 1.963646189372186400e+16
2.539792720134061710e+03 1.963656549889157600e+16
2.540126288917898819e+03 1.963668553946662400e+16
2.540459857701735928e+03 1.963682222381368000e+16
2.540793426485572127e+03 1.963697575895201200e+16
2.541126995269409235e+03 1.963714635051277600e+16
2.541460564053245889e+03 1.963733420269888000e+16
2.541794132837082998e+03 1.963753951824510800e+16
2.542127701620920107e+03 1.963776249837853600e+16
2.542461270404756760e+03 1.963800334277937600e+16
2.542794839188593869e+03 1.963826224954221600e+16
2.543128407972430523e+03 1.963853941513750000e+16
2.543461976756267632e+03 1.963883503437350400e+16
2.543795545540104740e+03 1.963914930035862400e+16
2.544129114323941394e+03 1.963948240446399600e+16
2.544462683107778503e+03 1.963983453628666400e+16
2.544796251891614702e+03 1.964020588361289200e+16
2.545129820675451811e+03 1.964059663238211200e+16
2.545463389459288919e+03 1.964100696665105200e+16
2.545796958243125573e+03 1.964143706855841600e+16
2.546130527026962682e+03 1.964188711828991200e+16
2.546464095810799336e+03 1.964235729404360400e+16
2.546797664594636444e+03 1.964284777199582400e+16
2.547131233378473553e+03 1.964335872626731200e+16
2.547464802162310207e+03 1.964389032888992800e+16
2.547798370946147315e+03 1.964444274977363200e+16
2.548131939729983969e+03 1.964501615667399200e+16
2.548465508513821078e+03 1.964561071516006000e+16
2.548799077297657732e+03 1.964622658858257600e+16
2.549132646081494386e+03 1.964686393804272800e+16
2.549466214865331494e+03 1.964752292236130400e+16
2.549799783649168148e+03 1.964820369804814400e+16
2.550133352433005257e+03 1.964890641927212400e+16
2.550466921216842366e+03 1.964963123783148000e+16
2.550800490000679019e+03 1.965037830312467600e+16
2.551134058784516128e+03 1.965114776212154800e+16
2.551467627568352782e+03 1.965193975933487600e+16
2.551801196352189891e+03 1.965275443679252800e+16
2.552134765136026999e+03 1.965359193400982400e+16
2.552468333919863198e+03 1.965445238796239200e+16
2.552801902703700307e+03 1.965533593305956400e+16
2.553135471487536961e+03 1.965624270111792800e+16
2.553469040271374070e+03 1.965717282133555200e+16
2.553802609055211178e+03 1.965812642026644000e+16
2.554136177839047832e+03 1.965910362179549600e+16
2.554469746622884941e+03 1.966010454711383600e+16
2.554803315406721595e+03 1.966112931469461600e+16
2.555136884190558703e+03 1.966217804026909600e+16
2.555470452974395812e+03 1.966325083680325600e+16
2.555804021758232466e+03 1.966434781447475600e+16
2.556137590542069574e+03 1.966546908065032800e+16
2.556471159325905774e+03 1.966661473986347200e+16
2.556804728109742882e+03 1.966778489379270400e+16
2.557138296893579991e+03 1.966897964124005200e+16
2.557471865677416645e+03 1.967019907811004800e+16
2.557805434461253753e+03 1.967144329738906400e+16
2.558139003245090407e+03 1.967271238912500000e+16
2.558472572028927516e+03 1.967400644040747200e+16
2.558806140812764625e+03 1.967532553534823200e+16
2.559139709596601278e+03 1.967666975506209600e+16
2.559473278380438387e+03 1.967803917764817200e+16
2.559806847164275041e+03 1.967943387817150400e+16
2.560140415948112150e+03 1.968085392864504400e+16
2.560473984731948804e+03 1.968229939801206400e+16
2.560807553515785457e+03 1.968377035212880800e+16
2.561141122299622566e+03 1.968526685374771200e+16
2.561474691083459220e+03 1.968678896250070400e+16
2.561808259867296329e+03 1.968833673488314800e+16
2.562141828651133437e+03 1.968991022423791600e+16
2.562475397434970091e+03 1.969150948073992400e+16
2.562808966218807200e+03 1.969313455138102000e+16
2.563142535002643854e+03 1.969478547995512400e+16
2.563476103786480962e+03 1.969646230704385600e+16
2.563809672570318071e+03 1.969816507000230400e+16
2.564143241354154270e+03 1.969989380294531200e+16
2.564476810137991379e+03 1.970164853673401200e+16
2.564810378921828033e+03 1.970342929896263200e+16
2.565143947705665141e+03 1.970523611394578000e+16
2.565477516489502250e+03 1.970706900270584800e+16
2.565811085273338904e+03 1.970892798296091200e+16
2.566144654057176012e+03 1.971081306911286000e+16
2.566478222841012666e+03 1.971272427223583200e+16
2.566811791624849775e+03 1.971466160006492400e+16
2.567145360408686884e+03 1.971662505698534800e+16
2.567478929192523537e+03 1.971861464402170400e+16
2.567812497976360646e+03 1.972063035882768000e+16
2.568146066760196845e+03 1.972267219567598000e+16
2.568479635544033954e+03 1.972474014544860000e+16
2.568813204327871063e+03 1.972683419562726000e+16
2.569146773111707716e+03 1.972895433028433600e+16
2.569480341895544825e+03 1.973110053007388800e+16
2.569813910679381479e+03 1.973327277222298400e+16
2.570147479463218588e+03 1.973547103052347200e+16
2.570481048247055696e+03 1.973769527532376000e+16
2.570814617030892350e+03 1.973994547352105600e+16
2.571148185814729459e+03 1.974222158855385600e+16
2.571481754598566113e+03 1.974452358039459600e+16
2.571815323382403221e+03 1.974685140554265600e+16
2.572148892166239875e+03 1.974920501701759200e+16
2.572482460950076529e+03 1.975158436435260800e+16
2.572816029733913638e+03 1.975398939358833600e+16
2.573149598517750292e+03 1.975642004726676400e+16
2.573483167301587400e+03 1.975887626442552800e+16
2.573816736085424509e+03 1.976135798059237200e+16
2.574150304869261163e+03 1.976386512777985600e+16
2.574483873653098271e+03 1.976639763448036400e+16
2.574817442436934925e+03 1.976895542566128000e+16
2.575151011220772034e+03 1.977153842276046800e+16
2.575484580004609143e+03 1.977414654368188400e+16
2.575818148788445342e+03 1.977677970279153600e+16
2.576151717572282450e+03 1.977943781091362000e+16
2.576485286356119104e+03 1.978212077532688400e+16
2.576818855139956213e+03 1.978482849976122400e+16
2.577152423923793322e+03 1.978756088439452800e+16
2.577485992707629975e+03 1.979031782584968000e+16
2.577819561491467084e+03 1.979309921719192800e+16
2.578153130275303738e+03 1.979590494792626000e+16
2.578486699059140847e+03 1.979873490399523200e+16
2.578820267842977955e+03 1.980158896777684800e+16
2.579153836626814609e+03 1.980446701808272800e+16
2.579487405410651718e+03 1.980736893015652000e+16
2.579820974194487917e+03 1.981029457567244000e+16
2.580154542978325026e+03 1.981324382273417200e+16
2.580488111762162134e+03 1.981621653587383200e+16
2.580821680545998788e+03 1.981921257605125600e+16
2.581155249329835897e+03 1.982223180065345600e+16
2.581488818113672551e+03 1.982527406349430400e+16
2.581822386897509659e+03 1.982833921481452000e+16
2.582155955681346768e+03 1.983142710128165600e+16
2.582489524465183422e+03 1.983453756599055200e+16
2.582823093249020530e+03 1.983767044846388000e+16
2.583156662032857184e+03 1.984082558465290400e+16
2.583490230816694293e+03 1.984400280693850400e+16
2.583823799600530947e+03 1.984720194413241600e+16
2.584157368384367601e+03 1.985042282147866800e+16
2.584490937168204709e+03 1.985366526065525600e+16
2.584824505952041363e+03 1.985692907977608400e+16
2.585158074735878472e+03 1.986021409339306400e+16
2.585491643519715581e+03 1.986352011249849200e+16
2.585825212303552235e+03 1.986684694452764000e+16
2.586158781087389343e+03 1.987019439336160800e+16
2.586492349871225997e+03 1.987356225933036000e+16
2.586825918655063106e+03 1.987695033921604800e+16
2.587159487438900214e+03 1.988035842625658000e+16
2.587493056222736413e+03 1.988378631014938400e+16
2.587826625006573522e+03 1.988723377705546400e+16
2.588160193790410176e+03 1.989070060960367200e+16
2.588493762574247285e+03 1.989418658689531600e+16
2.588827331358084393e+03 1.989769148450887200e+16
2.589160900141921047e+03 1.990121507450512400e+16
2.589494468925758156e+03 1.990475712543251600e+16
2.589828037709594810e+03 1.990831740233262000e+16
2.590161606493431918e+03 1.991189566674619600e+16
2.590495175277269027e+03 1.991549167671917200e+16
2.590828744061105681e+03 1.991910518680921200e+16
2.591162312844942790e+03 1.992273594809235200e+16
2.591495881628778989e+03 1.992638370817008000e+16
2.591829450412616097e+03 1.993004821117660800e+16
2.592163019196453206e+03 1.993372919778648800e+16
2.592496587980289860e+03 1.993742640522253200e+16
2.592830156764126968e+03 1.994113956726411200e+16
2.593163725547963622e+03 1.994486841425563200e+16
2.593497294331800731e+03 1.994861267311547200e+16
2.593830863115637840e+03 1.995237206734518800e+16
2.594164431899474494e+03 1.995614631703899200e+16
2.594498000683311602e+03 1.995993513889384000e+16
2.594831569467148256e+03 1.996373824621946400e+16
2.595165138250985365e+03 1.996755534894913600e+16
2.595498707034822019e+03 1.997138615365057600e+16
2.595832275818658673e+03 1.997523036353728000e+16
2.596165844602495781e+03 1.997908767848035200e+16
2.596499413386332435e+03 1.998295779502051200e+16
2.596832982170169544e+03 1.998684040638068000e+16
2.597166550954006652e+03 1.999073520247883200e+16
2.597500119737843306e+03 1.999464186994138400e+16
2.597833688521680415e+03 1.999856009211696400e+16
2.598167257305517069e+03 2.000248954909049600e+16
2.598500826089354177e+03 2.000642991769791600e+16
2.598834394873191286e+03 2.001038087154118400e+16
2.599167963657027485e+03 2.001434208100381200e+16
2.599501532440864594e+03 2.001831321326687600e+16
2.599835101224701248e+03 2.002229393232544800e+16
2.600168670008538356e+03 2.002628389900552400e+16
2.600502238792375465e+03 2.003028277098150400e+16
2.600835807576212119e+03 2.003429020279408800e+16
2.601169376360049228e+03 2.003830584586876000e+16
2.601502945143885881e+03 2.004232934853472800e+16
2.601836513927722990e+03 2.004636035604445600e+16
2.602170082711560099e+03 2.005039851059368000e+16
2.602503651495396753e+03 2.005444345134205200e+16
2.602837220279233861e+03 2.005849481443426400e+16
2.603170789063070060e+03 2.006255223302180800e+16
2.603504357846907169e+03 2.006661533728529200e+16
2.603837926630744278e+03 2.007068375445734800e+16
2.604171495414580932e+03 2.007475710884618400e+16
2.604505064198418040e+03 2.007883502185968400e+16
2.604838632982254694e+03 2.008291711203017600e+16
2.605172201766091803e+03 2.008700299503993600e+16
2.605505770549928911e+03 2.009109228374708800e+16
2.605839339333765565e+03 2.009518458821242400e+16
2.606172908117602674e+03 2.009927951572680000e+16
2.606506476901439328e+03 2.010337667083914400e+16
2.606840045685276436e+03 2.010747565538530000e+16
2.607173614469113090e+03 2.011157606851740400e+16
2.607507183252949744e+03 2.011567750673418400e+16
2.607840752036786853e+03 2.011977956391180800e+16
2.608174320820623507e+03 2.012388183133553600e+16
2.608507889604460615e+03 2.012798389773219600e+16
2.608841458388297724e+03 2.013208534930325600e+16
2.609175027172134378e+03 2.013618576975886400e+16
2.609508595955971487e+03 2.014028474035249600e+16
2.609842164739808140e+03 2.014438183991651200e+16
2.610175733523645249e+03 2.014847664489849600e+16
2.610509302307482358e+03 2.015256872939836800e+16
2.610842871091318557e+03 2.015665766520630400e+16
2.611176439875155666e+03 2.016074302184171200e+16
2.611510008658992319e+03 2.016482436659268800e+16
2.611843577442829428e+03 2.016890126455662800e+16
2.612177146226666537e+03 2.017297327868161200e+16
2.612510715010503191e+03 2.017703996980860000e+16
2.612844283794340299e+03 2.018110089671467200e+16
2.613177852578176953e+03 2.018515561615698400e+16
2.613511421362014062e+03 2.018920368291774800e+16
2.613844990145851170e+03 2.019324464985009600e+16
2.614178558929687824e+03 2.019727806792489600e+16
2.614512127713524933e+03 2.020130348627844000e+16
2.614845696497361132e+03 2.020532045226110000e+16
2.615179265281198241e+03 2.020932851148700800e+16
2.615512834065035349e+03 2.021332720788454800e+16
2.615846402848872003e+03 2.021731608374793600e+16
2.616179971632709112e+03 2.022129467978976000e+16
2.616513540416545766e+03 2.022526253519436800e+16
2.616847109200382874e+03 2.022921918767246800e+16
2.617180677984219983e+03 2.023316417351651200e+16
2.617514246768056637e+03 2.023709702765716000e+16
2.617847815551893746e+03 2.024101728372082400e+16
2.618181384335730399e+03 2.024492447408802800e+16
2.618514953119567508e+03 2.024881812995297200e+16
2.618848521903404162e+03 2.025269778138402400e+16
2.619182090687240816e+03 2.025656295738520800e+16
2.619515659471077925e+03 2.026041318595880800e+16
2.619849228254914578e+03 2.026424799416883600e+16
2.620182797038751687e+03 2.026806690820575200e+16
2.620516365822588796e+03 2.027186945345196800e+16
2.620849934606425450e+03 2.027565515454860400e+16
2.621183503390262558e+03 2.027942353546308800e+16
2.621517072174099212e+03 2.028317411955792000e+16
2.621850640957936321e+03 2.028690642966040800e+16
2.622184209741773429e+03 2.029061998813343200e+16
2.622517778525609629e+03 2.029431431694719200e+16
2.622851347309446737e+03 2.029798893775212000e+16
2.623184916093283391e+03 2.030164337195263200e+16
2.623518484877120500e+03 2.030527714078204400e+16
2.623852053660957608e+03 2.030888976537837600e+16
2.624185622444794262e+03 2.031248076686127200e+16
2.624519191228631371e+03 2.031604966640985600e+16
2.624852760012468025e+03 2.031959598534157600e+16
2.625186328796305133e+03 2.032311924519208000e+16
2.625519897580142242e+03 2.032661896779601600e+16
2.625853466363978896e+03 2.033009467536884400e+16
2.626187035147816005e+03 2.033354589058959200e+16
2.626520603931652204e+03 2.033697213668453600e+16
2.626854172715489312e+03 2.034037293751188800e+16
2.627187741499326421e+03 2.034374781764729600e+16
2.627521310283163075e+03 2.034709630247036800e+16
2.627854879067000184e+03 2.035041791825203200e+16
2.628188447850836837e+03 2.035371219224278400e+16
2.628522016634673946e+03 2.035697865276185600e+16
2.628855585418511055e+03 2.036021682928715200e+16
2.629189154202347709e+03 2.036342625254609600e+16
2.629522722986184817e+03 2.036660645460726400e+16
2.629856291770021471e+03 2.036975696897281200e+16
2.630189860553858580e+03 2.037287733067170800e+16
2.630523429337695234e+03 2.037596707635368000e+16
2.630856998121531888e+03 2.037902574438394800e+16
2.631190566905368996e+03 2.038205287493869600e+16
2.631524135689205650e+03 2.038504801010112000e+16
2.631857704473042759e+03 2.038801069395829200e+16
2.632191273256879867e+03 2.039094047269856400e+16
2.632524842040716521e+03 2.039383689470962800e+16
2.632858410824553630e+03 2.039669951067720000e+16
2.633191979608390284e+03 2.039952787368422000e+16
2.633525548392227392e+03 2.040232153931066400e+16
2.633859117176064501e+03 2.040508006573369200e+16
2.634192685959900700e+03 2.040780301382851200e+16
2.634526254743737809e+03 2.041048994726958400e+16
2.634859823527574463e+03 2.041314043263216400e+16
2.635193392311411571e+03 2.041575403949435200e+16
2.635526961095248680e+03 2.041833034053945600e+16
2.635860529879085334e+03 2.042086891165864800e+16
2.636194098662922443e+03 2.042336933205397600e+16
2.636527667446759096e+03 2.042583118434146400e+16
2.636861236230596205e+03 2.042825405465472800e+16
2.637194805014433314e+03 2.043063753274838000e+16
2.637528373798269968e+03 2.043298121210188400e+16
2.637861942582107076e+03 2.043528469002338800e+16
2.638195511365943275e+03 2.043754756775360800e+16
2.638529080149780384e+03 2.043976945056979200e+16
2.638862648933617493e+03 2.044194994788961200e+16
2.639196217717454147e+03 2.044408867337496000e+16
2.639529786501291255e+03 2.044618524503585600e+16
2.639863355285127909e+03 2.044823928533391200e+16
2.640196924068965018e+03 2.045025042128580800e+16
2.640530492852802126e+03 2.045221828456656000e+16
2.640864061636638780e+03 2.045414251161231200e+16
2.641197630420475889e+03 2.045602274372315600e+16
2.641531199204312543e+03 2.045785862716514400e+16
2.641864767988149652e+03 2.045964981327235600e+16
2.642198336771986305e+03 2.046139595854817200e+16
2.642531905555822959e+03 2.046309672476620400e+16
2.642865474339660068e+03 2.046475177907072000e+16
2.643199043123496722e+03 2.046636079407631200e+16
2.643532611907333830e+03 2.046792344796714400e+16
2.643866180691170939e+03 2.046943942459533600e+16
2.644199749475007593e+03 2.047090841357868800e+16
2.644533318258844702e+03 2.047233011039771600e+16
2.644866887042681356e+03 2.047370421649163200e+16
2.645200455826518464e+03 2.047503043935376000e+16
2.645534024610355573e+03 2.047630849262572400e+16
2.645867593394191772e+03 2.047753809619088800e+16
2.646201162178028881e+03 2.047871897626671200e+16
2.646534730961865534e+03 2.047985086549594000e+16
2.646868299745702643e+03 2.048093350303696000e+16
2.647201868529539297e+03 2.048196663465255200e+16
2.647535437313376406e+03 2.048295001279793600e+16
2.647869006097213514e+03 2.048388339670720000e+16
2.648202574881050168e+03 2.048476655247852800e+16
2.648536143664887277e+03 2.048559925315820800e+16
2.648869712448723931e+03 2.048638127882299600e+16
2.649203281232561039e+03 2.048711241666133200e+16
2.649536850016398148e+03 2.048779246105277600e+16
2.649870418800234347e+03 2.048842121364615200e+16
2.650203987584071456e+03 2.048899848343596800e+16
2.650537556367908110e+03 2.048952408683728800e+16
2.650871125151745218e+03 2.048999784775884800e+16
2.651204693935582327e+03 2.049041959767462400e+16
2.651538262719418981e+03 2.049078917569346800e+16
2.651871831503256089e+03 2.049110642862704000e+16
2.652205400287092743e+03 2.049137121105594400e+16
2.652538969070929852e+03 2.049158338539389600e+16
2.652872537854766961e+03 2.049174282195000800e+16
2.653206106638603615e+03 2.049184939898916000e+16
2.653539675422440723e+03 2.049190300279032400e+16
2.653873244206276922e+03 2.049190352770285600e+16
2.654206812990114031e+03 2.049185087620078400e+16
2.654540381773951140e+03 2.049174495893488800e+16
2.654873950557787794e+03 2.049158569478275200e+16
2.655207519341624902e+03 2.049137301089660000e+16
2.655541088125461556e+03 2.049110684274881600e+16
2.655874656909298665e+03 2.049078713417549200e+16
2.656208225693135773e+03 2.049041383741739200e+16
2.656541794476972427e+03 2.048998691315889600e+16
2.656875363260809536e+03 2.048950633056442000e+16
2.657208932044645735e+03 2.048897206731260400e+16
2.657542500828482844e+03 2.048838410962809600e+16
2.657876069612319952e+03 2.048774245231088800e+16
2.658209638396156606e+03 2.048704709876326400e+16
2.658543207179993715e+03 2.048629806101437600e+16
2.658876775963830369e+03 2.048549535974214400e+16
2.659210344747667477e+03 2.048463902429297600e+16
2.659543913531504586e+03 2.048372909269865200e+16
2.659877482315341240e+03 2.048276561169093600e+16
2.660211051099178349e+03 2.048174863671359600e+16
2.660544619883015002e+03 2.048067823193176800e+16
2.660878188666852111e+03 2.047955447023891600e+16
2.661211757450689220e+03 2.047837743326108000e+16
2.661545326234525419e+03 2.047714721135864000e+16
2.661878895018362527e+03 2.047586390362550000e+16
2.662212463802199181e+03 2.047452761788552800e+16
2.662546032586036290e+03 2.047313847068665200e+16
2.662879601369873399e+03 2.047169658729209600e+16
2.663213170153710053e+03 2.047020210166915600e+16
2.663546738937547161e+03 2.046865515647540400e+16
2.663880307721383815e+03 2.046705590304211200e+16
2.664213876505220924e+03 2.046540450135530000e+16
2.664547445289058032e+03 2.046370112003400400e+16
2.664881014072894686e+03 2.046194593630608000e+16
2.665214582856731795e+03 2.046013913598133600e+16
2.665548151640567994e+03 2.045828091342218000e+16
2.665881720424405103e+03 2.045637147151158400e+16
2.666215289208242211e+03 2.045441102161864000e+16
2.666548857992078865e+03 2.045239978356146400e+16
2.666882426775915974e+03 2.045033798556762800e+16
2.667215995559752628e+03 2.044822586423208000e+16
2.667549564343589736e+03 2.044606366447258400e+16
2.667883133127426845e+03 2.044385163948263600e+16
2.668216701911263499e+03 2.044159005068200800e+16
2.668550270695100608e+03 2.043927916766486400e+16
2.668883839478936807e+03 2.043691926814534800e+16
2.669217408262773915e+03 2.043451063790096800e+16
2.669550977046611024e+03 2.043205357071350400e+16
2.669884545830447678e+03 2.042954836830763600e+16
2.670218114614284787e+03 2.042699534028726800e+16
2.670551683398121440e+03 2.042439480406958800e+16
2.670885252181958549e+03 2.042174708481693600e+16
2.671218820965795658e+03 2.041905251536632800e+16
2.671552389749632312e+03 2.041631143615700800e+16
2.671885958533469420e+03 2.041352419515573600e+16
2.672219527317306074e+03 2.041069114777994800e+16
2.672553096101143183e+03 2.040781265681905600e+16
2.672886664884980291e+03 2.040488909235340800e+16
2.673220233668816491e+03 2.040192083167160000e+16
2.673553802452653599e+03 2.039890825918560400e+16
2.673887371236490253e+03 2.039585176634405600e+16
2.674220940020327362e+03 2.039275175154382400e+16
2.674554508804164470e+03 2.038960862003947200e+16
2.674888077588001124e+03 2.038642278385126400e+16
2.675221646371838233e+03 2.038319466167120000e+16
2.675555215155674887e+03 2.037992467876749200e+16
2.675888783939511995e+03 2.037661326688742800e+16
2.676222352723349104e+03 2.037326086415850400e+16
2.676555921507185758e+03 2.036986791498812000e+16
2.676889490291022867e+03 2.036643486996182800e+16
2.677223059074859066e+03 2.036296218573997600e+16
2.677556627858696174e+03 2.035945032495315600e+16
2.677890196642533283e+03 2.035589975609610400e+16
2.678223765426369937e+03 2.035231095342040800e+16
2.678557334210207046e+03 2.034868439682606400e+16
2.678890902994043699e+03 2.034502057175160400e+16
2.679224471777880808e+03 2.034131996906331600e+16
2.679558040561717917e+03 2.033758308494318000e+16
2.679891609345554571e+03 2.033381042077594000e+16
2.680225178129391679e+03 2.033000248303506400e+16
2.680558746913227878e+03 2.032615978316780800e+16
2.680892315697064987e+03 2.032228283747944400e+16
2.681225884480902096e+03 2.031837216701652400e+16
2.681559453264738750e+03 2.031442829744958000e+16
2.681893022048575858e+03 2.031045175895488800e+16
2.682226590832412512e+03 2.030644308609570400e+16
2.682560159616249621e+03 2.030240281770282400e+16
2.682893728400086729e+03 2.029833149675456000e+16
2.683227297183923383e+03 2.029422967025624400e+16
2.683560865967760492e+03 2.029009788911931600e+16
2.683894434751597146e+03 2.028593670803984000e+16
2.684228003535434254e+03 2.028174668537682400e+16
2.684561572319271363e+03 2.027752838303019600e+16
2.684895141103107562e+03 2.027328236631844400e+16
2.685228709886944671e+03 2.026900920385619600e+16
2.685562278670781325e+03 2.026470946743148000e+16
2.685895847454618433e+03 2.026038373188304800e+16
2.686229416238455542e+03 2.025603257497750400e+16
2.686562985022292196e+03 2.025165657728650000e+16
2.686896553806129305e+03 2.024725632206400400e+16
2.687230122589965958e+03 2.024283239512356000e+16
2.687563691373803067e+03 2.023838538471583200e+16
2.687897260157640176e+03 2.023391588140613600e+16
2.688230828941476830e+03 2.022942447795239200e+16
2.688564397725313938e+03 2.022491176918333600e+16
2.688897966509150137e+03 2.022037835187684000e+16
2.689231535292987246e+03 2.021582482463893600e+16
2.689565104076824355e+03 2.021125178778293600e+16
2.689898672860661009e+03 2.020665984320921600e+16
2.690232241644498117e+03 2.020204959428544000e+16
2.690565810428334771e+03 2.019742164572720000e+16
2.690899379212171880e+03 2.019277660347950400e+16
2.691232947996008988e+03 2.018811507459852000e+16
2.691566516779845642e+03 2.018343766713432800e+16
2.691900085563682751e+03 2.017874499001410400e+16
2.692233654347518950e+03 2.017403765292616800e+16
2.692567223131356059e+03 2.016931626620483600e+16
2.692900791915193167e+03 2.016458144071584800e+16
2.693234360699029821e+03 2.015983378774290800e+16
2.693567929482866930e+03 2.015507391887492000e+16
2.693901498266703584e+03 2.015030244589419600e+16
2.694235067050540692e+03 2.014551998066557200e+16
2.694568635834377801e+03 2.014072713502645600e+16
2.694902204618214455e+03 2.013592452067793200e+16
2.695235773402051564e+03 2.013111274907688400e+16
2.695569342185888218e+03 2.012629243132906800e+16
2.695902910969725326e+03 2.012146417808336000e+16
2.696236479753562435e+03 2.011662859942713200e+16
2.696570048537398634e+03 2.011178630478258400e+16
2.696903617321235743e+03 2.010693790280444000e+16
2.697237186105072396e+03 2.010208400127864000e+16
2.697570754888909505e+03 2.009722520702236000e+16
2.697904323672746614e+03 2.009236212578512400e+16
2.698237892456583268e+03 2.008749536215123200e+16
2.698571461240420376e+03 2.008262551944342000e+16
2.698905030024257030e+03 2.007775319962779200e+16
2.699238598808094139e+03 2.007287900322002400e+16
2.699572167591931247e+03 2.006800352919286400e+16
2.699905736375767901e+03 2.006312737488497600e+16
2.700239305159604555e+03 2.005825113591111200e+16
2.700572873943441209e+03 2.005337540607363200e+16
2.700906442727278318e+03 2.004850077727529600e+16
2.701240011511115426e+03 2.004362783943356000e+16
2.701573580294952080e+03 2.003875718039619200e+16
2.701907149078789189e+03 2.003388938585820400e+16
2.702240717862625843e+03 2.002902503928024400e+16
2.702574286646462951e+03 2.002416472180844400e+16
2.702907855430300060e+03 2.001930901219556000e+16
2.703241424214136714e+03 2.001445848672357200e+16
2.703574992997973823e+03 2.000961371912775200e+16
2.703908561781810022e+03 2.000477528052208800e+16
2.704242130565647130e+03 1.999994373932616000e+16
2.704575699349484239e+03 1.999511966119342800e+16
2.704909268133320893e+03 1.999030360894096000e+16
2.705242836917158002e+03 1.998549614248060800e+16
2.705576405700994655e+03 1.998069781875160000e+16
2.705909974484831764e+03 1.997590919165450400e+16
2.706243543268668873e+03 1.997113081198671600e+16
2.706577112052505527e+03 1.996636322737928000e+16
2.706910680836342635e+03 1.996160698223524000e+16
2.707244249620179289e+03 1.995686261766925600e+16
2.707577818404016398e+03 1.995213067144875600e+16
2.707911387187853506e+03 1.994741167793646000e+16
2.708244955971689706e+03 1.994270616803427600e+16
2.708578524755526814e+03 1.993801466912864000e+16
2.708912093539363468e+03 1.993333770503716000e+16
2.709245662323200577e+03 1.992867579595676000e+16
2.709579231107037685e+03 1.992402945841306400e+16
2.709912799890874339e+03 1.991939920521127200e+16
2.710246368674711448e+03 1.991478554538824000e+16
2.710579937458548102e+03 1.991018898416604800e+16
2.710913506242385210e+03 1.990561002290679600e+16
2.711247075026222319e+03 1.990104915906877200e+16
2.711580643810058973e+03 1.989650688616390400e+16
2.711914212593895627e+03 1.989198369371651600e+16
2.712247781377732281e+03 1.988748006722336800e+16
2.712581350161569389e+03 1.988299648811500000e+16
2.712914918945406498e+03 1.987853343371822400e+16
2.713248487729243152e+03 1.987409137722000400e+16
2.713582056513080261e+03 1.986967078763247600e+16
2.713915625296916915e+03 1.986527212975916800e+16
2.714249194080754023e+03 1.986089586416254400e+16
2.714582762864591132e+03 1.985654244713252800e+16
2.714916331648427786e+03 1.985221233065636000e+16
2.715249900432264894e+03 1.984790596238961600e+16
2.715583469216101093e+03 1.984362378562820000e+16
2.715917037999938202e+03 1.983936623928164800e+16
2.716250606783775311e+03 1.983513375784735200e+16
2.716584175567611965e+03 1.983092677138606400e+16
2.716917744351449073e+03 1.982674570549833600e+16
2.717251313135285727e+03 1.982259098130201600e+16
2.717584881919122836e+03 1.981846301541085200e+16
2.717918450702959944e+03 1.981436221991402400e+16
2.718252019486796598e+03 1.981028900235677600e+16
2.718585588270633707e+03 1.980624376572193600e+16
2.718919157054470361e+03 1.980222690841241600e+16
2.719252725838307470e+03 1.979823882423472800e+16
2.719586294622144578e+03 1.979427990238333200e+16
2.719919863405980777e+03 1.979035052742592000e+16
2.720253432189817886e+03 1.978645107928961600e+16
2.720587000973654540e+03 1.978258193324805200e+16
2.720920569757491648e+03 1.977874345990922800e+16
2.721254138541328757e+03 1.977493602520423600e+16
2.721587707325165411e+03 1.977115999037684800e+16
2.721921276109002520e+03 1.976741571197381200e+16
2.722254844892839174e+03 1.976370354183599600e+16
2.722588413676676282e+03 1.976002382709025600e+16
2.722921982460513391e+03 1.975637691014198000e+16
2.723255551244350045e+03 1.975276312866849600e+16
2.723589120028186699e+03 1.974918281561305600e+16
2.723922688812023353e+03 1.974563629917951200e+16
2.724256257595860461e+03 1.974212390282772400e+16
2.724589826379697570e+03 1.973864594526954400e+16
2.724923395163534224e+03 1.973520274046543200e+16
2.725256963947371332e+03 1.973179459762171200e+16
2.725590532731207986e+03 1.972842182118835600e+16
2.725924101515045095e+03 1.972508471085746400e+16
2.726257670298882203e+03 1.972178356156208400e+16
2.726591239082718857e+03 1.971851866347576800e+16
2.726924807866555966e+03 1.971529030201250000e+16
2.727258376650392165e+03 1.971209875782722800e+16
2.727591945434229274e+03 1.970894430681680000e+16
2.727925514218066382e+03 1.970582722012136800e+16
2.728259083001903036e+03 1.970274776412624000e+16
2.728592651785740145e+03 1.969970620046423600e+16
2.728926220569576799e+03 1.969670278601828800e+16
2.729259789353413908e+03 1.969373777292459600e+16
2.729593358137251016e+03 1.969081140857604000e+16
2.729926926921087670e+03 1.968792393562601600e+16
2.730260495704924779e+03 1.968507559199263600e+16
2.730594064488761433e+03 1.968226661086308800e+16
2.730927633272598541e+03 1.967949722069857600e+16
2.731261202056435650e+03 1.967676764523928400e+16
2.731594770840271849e+03 1.967407810350978800e+16
2.731928339624108958e+03 1.967142880982468000e+16
2.732261908407945612e+03 1.966881997379440000e+16
2.732595477191782720e+03 1.966625180033136800e+16
2.732929045975619829e+03 1.966372448965628000e+16
2.733262614759456483e+03 1.966123823730456000e+16
2.733596183543293591e+03 1.965879323413320400e+16
2.733929752327130245e+03 1.965638966632748400e+16
2.734263321110967354e+03 1.965402771540810000e+16
2.734596889894804463e+03 1.965170755823827200e+16
2.734930458678641116e+03 1.964942936703109200e+16
2.735264027462477770e+03 1.964719330935694400e+16
2.735597596246314424e+03 1.964499954815099200e+16
2.735931165030151533e+03 1.964284824172082800e+16
2.736264733813988641e+03 1.964073954375415600e+16
2.736598302597825295e+03 1.963867360332657200e+16
2.736931871381662404e+03 1.963665056490936000e+16
2.737265440165499058e+03 1.963467056837736800e+16
2.737599008949336167e+03 1.963273374901690400e+16
2.737932577733173275e+03 1.963084023753360800e+16
2.738266146517009929e+03 1.962899016006042400e+16
2.738599715300847038e+03 1.962718363816551200e+16
2.738933284084683237e+03 1.962542078886011200e+16
2.739266852868520346e+03 1.962370172460649600e+16
2.739600421652357454e+03 1.962202655332574000e+16
2.739933990436194108e+03 1.962039537840561200e+16
2.740267559220031217e+03 1.961880829870828000e+16
2.740601128003867871e+03 1.961726540857802400e+16
2.740934696787704979e+03 1.961576679784886800e+16
2.741268265571542088e+03 1.961431255185212000e+16
2.741601834355378742e+03 1.961290275142380000e+16
2.741935403139215850e+03 1.961153747291212000e+16
2.742268971923052504e+03 1.961021678818456400e+16
2.742602540706889613e+03 1.960894076463525600e+16
2.742936109490726722e+03 1.960770946519178400e+16
2.743269678274562921e+03 1.960652294832226400e+16
2.743603247058400029e+03 1.960538126804204400e+16
2.743936815842236683e+03 1.960428447392034400e+16
2.744270384626073792e+03 1.960323261108679200e+16
2.744603953409910901e+03 1.960222572023770400e+16
2.744937522193747554e+03 1.960126383764231600e+16
2.745271090977584663e+03 1.960034699514882000e+16
2.745604659761421317e+03 1.959947522019016000e+16
2.745938228545258426e+03 1.959864853578978400e+16
2.746271797329095534e+03 1.959786696056709600e+16
2.746605366112932188e+03 1.959713050874282400e+16
2.746938934896768842e+03 1.959643919014416000e+16
2.747272503680605496e+03 1.959579301020968000e+16
2.747606072464442605e+03 1.959519196999412800e+16
2.747939641248279713e+03 1.959463606617298800e+16
2.748273210032116367e+03 1.959412529104682400e+16
2.748606778815953476e+03 1.959365963254547600e+16
2.748940347599790130e+03 1.959323907423196400e+16
2.749273916383627238e+03 1.959286359530633200e+16
2.749607485167464347e+03 1.959253317060909200e+16
2.749941053951301001e+03 1.959224777062462000e+16
2.750274622735138109e+03 1.959200736148427200e+16
2.750608191518974309e+03 1.959181190496926800e+16
2.750941760302811417e+03 1.959166135851341600e+16
2.751275329086648526e+03 1.959155567520559200e+16
2.751608897870485180e+03 1.959149480379194800e+16
2.751942466654322288e+03 1.959147868867809600e+16
2.752276035438158942e+03 1.959150726993080400e+16
2.752609604221996051e+03 1.959158048327972000e+16
2.752943173005833160e+03 1.959169826011870800e+16
2.753276741789669813e+03 1.959186052750712800e+16
2.753610310573506922e+03 1.959206720817076000e+16
2.753943879357343576e+03 1.959231822050259200e+16
2.754277448141180685e+03 1.959261347856344800e+16
2.754611016925017793e+03 1.959295289208227200e+16
2.754944585708853992e+03 1.959333636645632800e+16
2.755278154492691101e+03 1.959376380275120000e+16
2.755611723276527755e+03 1.959423509770047200e+16
2.755945292060364864e+03 1.959475014370539200e+16
2.756278860844201972e+03 1.959530882883416800e+16
2.756612429628038626e+03 1.959591103682120000e+16
2.756945998411875735e+03 1.959655664706612000e+16
2.757279567195712389e+03 1.959724553463253600e+16
2.757613135979549497e+03 1.959797757024676400e+16
2.757946704763386606e+03 1.959875262029627600e+16
2.758280273547223260e+03 1.959957054682800000e+16
2.758613842331059914e+03 1.960043120754656800e+16
2.758947411114896568e+03 1.960133445581218800e+16
2.759280979898733676e+03 1.960228014063862000e+16
2.759614548682570785e+03 1.960326810669080800e+16
2.759948117466407439e+03 1.960429819428251200e+16
2.760281686250244547e+03 1.960537023937374400e+16
2.760615255034081201e+03 1.960648407356808000e+16
2.760948823817918310e+03 1.960763952410988400e+16
2.761282392601755419e+03 1.960883641388144400e+16
2.761615961385592072e+03 1.961007456139989600e+16
2.761949530169429181e+03 1.961135378081424000e+16
2.762283098953265380e+03 1.961267388190208800e+16
2.762616667737102489e+03 1.961403467006648000e+16
2.762950236520939598e+03 1.961543594633252000e+16
2.763283805304776251e+03 1.961687750734404400e+16
2.763617374088613360e+03 1.961835914536022400e+16
2.763950942872450014e+03 1.961988064825204000e+16
2.764284511656287123e+03 1.962144179949887200e+16
2.764618080440124231e+03 1.962304237818496400e+16
2.764951649223960885e+03 1.962468215899591600e+16
2.765285218007797994e+03 1.962636091221522000e+16
2.765618786791634648e+03 1.962807840372070400e+16
2.765952355575471756e+03 1.962983439498111200e+16
2.766285924359308865e+03 1.963162864305266000e+16
2.766619493143145064e+03 1.963346090057567200e+16
2.766953061926982173e+03 1.963533091577122400e+16
2.767286630710818827e+03 1.963723843243792800e+16
2.767620199494655935e+03 1.963918318994876800e+16
2.767953768278493044e+03 1.964116492324802000e+16
2.768287337062329698e+03 1.964318336284828800e+16
2.768620905846166806e+03 1.964523823482772800e+16
2.768954474630003460e+03 1.964732926082728000e+16
2.769288043413840569e+03 1.964945615804819600e+16
2.769621612197677678e+03 1.965161863924963200e+16
2.769955180981514332e+03 1.965381641274643200e+16
2.770288749765350985e+03 1.965604918240719200e+16
2.770622318549187639e+03 1.965831664765237600e+16
2.770955887333024748e+03 1.966061850345288000e+16
2.771289456116861857e+03 1.966295444032855600e+16
2.771623024900698510e+03 1.966532414434724000e+16
2.771956593684535619e+03 1.966772729712392800e+16
2.772290162468372273e+03 1.967016357582021600e+16
2.772623731252209382e+03 1.967263265314420400e+16
2.772957300036046490e+03 1.967513419735045600e+16
2.773290868819883144e+03 1.967766787224053600e+16
2.773624437603720253e+03 1.968023333716378400e+16
2.773958006387556452e+03 1.968283024701849600e+16
2.774291575171393561e+03 1.968545825225344400e+16
2.774625143955230669e+03 1.968811699886986400e+16
2.774958712739067323e+03 1.969080612842382400e+16
2.775292281522904432e+03 1.969352527802906000e+16
2.775625850306741086e+03 1.969627408036024400e+16
2.775959419090578194e+03 1.969905216365676000e+16
2.776292987874415303e+03 1.970185915172688800e+16
2.776626556658251957e+03 1.970469466395269200e+16
2.776960125442089065e+03 1.970755831529521600e+16
2.777293694225925719e+03 1.971044971630036800e+16
2.777627263009762828e+03 1.971336847310538400e+16
2.777960831793599937e+03 1.971631418744577600e+16
2.778294400577436136e+03 1.971928645666295200e+16
2.778627969361273244e+03 1.972228487371253600e+16
2.778961538145109898e+03 1.972530902717322800e+16
2.779295106928947007e+03 1.972835850125634800e+16
2.779628675712784116e+03 1.973143287581614400e+16
2.779962244496620769e+03 1.973453172636070400e+16
2.780295813280457878e+03 1.973765462406370400e+16
2.780629382064294532e+03 1.974080113577680800e+16
2.780962950848131641e+03 1.974397082404291200e+16
2.781296519631968749e+03 1.974716324711012800e+16
2.781630088415805403e+03 1.975037795894659200e+16
2.781963657199642057e+03 1.975361450925613200e+16
2.782297225983478711e+03 1.975687244349473600e+16
2.782630794767315820e+03 1.976015130288794800e+16
2.782964363551152928e+03 1.976345062444906400e+16
2.783297932334989582e+03 1.976676994099840000e+16
2.783631501118826691e+03 1.977010878118329600e+16
2.783965069902663345e+03 1.977346666949923200e+16
2.784298638686500453e+03 1.977684312631184800e+16
2.784632207470337562e+03 1.978023766787995200e+16
2.784965776254174216e+03 1.978364980637957200e+16
2.785299345038011325e+03 1.978707904992907200e+16
2.785632913821847524e+03 1.979052490261519200e+16
2.785966482605684632e+03 1.979398686452035200e+16
2.786300051389521741e+03 1.979746443175087200e+16
2.786633620173358395e+03 1.980095709646644800e+16
2.786967188957195503e+03 1.980446434691070800e+16
2.787300757741032157e+03 1.980798566744285200e+16
2.787634326524869266e+03 1.981152053857062400e+16
2.787967895308706375e+03 1.981506843698432800e+16
2.788301464092543029e+03 1.981862883559210400e+16
2.788635032876380137e+03 1.982220120355652800e+16
2.788968601660216791e+03 1.982578500633227600e+16
2.789302170444053900e+03 1.982937970570526400e+16
2.789635739227891008e+03 1.983298475983288000e+16
2.789969308011727207e+03 1.983659962328565200e+16
2.790302876795564316e+03 1.984022374709021200e+16
2.790636445579400970e+03 1.984385657877355600e+16
2.790970014363238079e+03 1.984749756240868000e+16
2.791303583147075187e+03 1.985114613866159200e+16
2.791637151930911841e+03 1.985480174483973600e+16
2.791970720714748950e+03 1.985846381494176800e+16
2.792304289498585604e+03 1.986213177970878400e+16
2.792637858282422712e+03 1.986580506667694800e+16
2.792971427066259821e+03 1.986948310023159200e+16
2.793304995850096475e+03 1.987316530166284000e+16
2.793638564633933129e+03 1.987685108922253200e+16
2.793972133417769783e+03 1.988053987818278800e+16
2.794305702201606891e+03 1.988423108089607200e+16
2.794639270985444000e+03 1.988792410685660800e+16
2.794972839769280654e+03 1.989161836276349200e+16
2.795306408553117762e+03 1.989531325258529600e+16
2.795639977336954416e+03 1.989900817762608800e+16
2.795973546120791525e+03 1.990270253659316800e+16
2.796307114904628634e+03 1.990639572566628800e+16
2.796640683688465288e+03 1.991008713856837600e+16
2.796974252472302396e+03 1.991377616663799600e+16
2.797307821256138595e+03 1.991746219890317600e+16
2.797641390039975704e+03 1.992114462215703600e+16
2.797974958823812813e+03 1.992482282103482400e+16
2.798308527607649467e+03 1.992849617809263200e+16
2.798642096391486575e+03 1.993216407388774400e+16
2.798975665175323229e+03 1.993582588706046400e+16
2.799309233959160338e+03 1.993948099441767200e+16
2.799642802742997446e+03 1.994312877101791200e+16
2.799976371526834100e+03 1.994676859025802400e+16
2.800309940310671209e+03 1.995039982396152800e+16
2.800643509094507863e+03 1.995402184246846800e+16
2.800977077878344971e+03 1.995763401472690000e+16
2.801310646662182080e+03 1.996123570838598000e+16
2.801644215446018279e+03 1.996482628989055200e+16
2.801977784229855388e+03 1.996840512457751200e+16
2.802311353013692042e+03 1.997197157677344800e+16
2.802644921797529150e+03 1.997552500989412800e+16
2.802978490581366259e+03 1.997906478654537600e+16
2.803312059365202913e+03 1.998259026862545600e+16
2.803645628149040022e+03 1.998610081742919600e+16
2.803979196932876675e+03 1.998959579375336800e+16
2.804312765716713784e+03 1.999307455800376800e+16
2.804646334500550893e+03 1.999653647030365600e+16
2.804979903284387547e+03 1.999998089060378000e+16
2.805313472068224200e+03 2.000340717879374400e+16
2.805647040852060854e+03 2.000681469481492400e+16
2.805980609635897963e+03 2.001020279877470400e+16
2.806314178419735072e+03 2.001357085106215200e+16
2.806647747203571726e+03 2.001691821246510400e+16
2.806981315987408834e+03 2.002024424428855200e+16
2.807314884771245488e+03 2.002354830847431200e+16
2.807648453555082597e+03 2.002682976772216800e+16
2.807982022338919705e+03 2.003008798561207200e+16
2.808315591122756359e+03 2.003332232672776400e+16
2.808649159906593468e+03 2.003653215678152800e+16
2.808982728690429667e+03 2.003971684274010400e+16
2.809316297474266776e+03 2.004287575295190400e+16
2.809649866258103884e+03 2.004600825727511200e+16
2.809983435041940538e+03 2.004911372720714400e+16
2.810317003825777647e+03 2.005219153601492000e+16
2.810650572609614301e+03 2.005524105886633600e+16
2.810984141393451409e+03 2.005826167296260000e+16
2.811317710177288518e+03 2.006125275767155200e+16
2.811651278961125172e+03 2.006421369466187200e+16
2.811984847744962281e+03 2.006714386803817200e+16
2.812318416528798934e+03 2.007004266447684000e+16
2.812651985312636043e+03 2.007290947336279600e+16
2.812985554096473152e+03 2.007574368692675200e+16
2.813319122880309351e+03 2.007854470038336000e+16
2.813652691664146460e+03 2.008131191206992000e+16
2.813986260447983113e+03 2.008404472358560800e+16
2.814319829231820222e+03 2.008674253993136800e+16
2.814653398015657331e+03 2.008940476965015200e+16
2.814986966799493985e+03 2.009203082496772800e+16
2.815320535583331093e+03 2.009462012193376000e+16
2.815654104367167747e+03 2.009717208056328000e+16
2.815987673151004856e+03 2.009968612497841600e+16
2.816321241934841964e+03 2.010216168355030400e+16
2.816654810718678618e+03 2.010459818904125600e+16
2.816988379502515272e+03 2.010699507874690400e+16
2.817321948286351926e+03 2.010935179463849600e+16
2.817655517070189035e+03 2.011166778350514800e+16
2.817989085854026143e+03 2.011394249709596000e+16
2.818322654637862797e+03 2.011617539226212400e+16
2.818656223421699906e+03 2.011836593109871600e+16
2.818989792205536560e+03 2.012051358108628800e+16
2.819323360989373668e+03 2.012261781523218000e+16
2.819656929773210322e+03 2.012467811221131200e+16
2.819990498557047431e+03 2.012669395650677200e+16
2.820324067340884540e+03 2.012866483854956000e+16
2.820657636124720739e+03 2.013059025485808000e+16
2.820991204908557847e+03 2.013246970817679600e+16
2.821324773692394501e+03 2.013430270761424800e+16
2.821658342476231610e+03 2.013608876878027200e+16
2.821991911260068719e+03 2.013782741392239200e+16
2.822325480043905372e+03 2.013951817206131600e+16
2.822659048827742481e+03 2.014116057912548400e+16
2.822992617611579135e+03 2.014275417808444800e+16
2.823326186395416244e+03 2.014429851908133600e+16
2.823659755179253352e+03 2.014579315956399200e+16
2.823993323963090006e+03 2.014723766441494000e+16
2.824326892746927115e+03 2.014863160608004000e+16
2.824660461530763314e+03 2.014997456469573600e+16
2.824994030314600423e+03 2.015126612821488800e+16
2.825327599098437531e+03 2.015250589253109200e+16
2.825661167882274185e+03 2.015369346160142400e+16
2.825994736666111294e+03 2.015482844756752800e+16
2.826328305449947948e+03 2.015591047087501200e+16
2.826661874233785056e+03 2.015693916039109600e+16
2.826995443017622165e+03 2.015791415352031600e+16
2.827329011801458819e+03 2.015883509631846400e+16
2.827662580585295927e+03 2.015970164360453600e+16
2.827996149369132581e+03 2.016051345907051200e+16
2.828329718152969690e+03 2.016127021538922800e+16
2.828663286936806344e+03 2.016197159432000800e+16
2.828996855720642998e+03 2.016261728681206400e+16
2.829330424504480106e+03 2.016320699310566800e+16
2.829663993288316760e+03 2.016374042283097600e+16
2.829997562072153869e+03 2.016421729510446800e+16
2.830331130855990978e+03 2.016463733862288000e+16
2.830664699639827631e+03 2.016500029175474400e+16
2.830998268423664740e+03 2.016530590262933600e+16
2.831331837207501394e+03 2.016555392922286400e+16
2.831665405991338503e+03 2.016574413944228400e+16
2.831998974775175611e+03 2.016587631120609200e+16
2.832332543559011810e+03 2.016595023252257600e+16
2.832666112342848919e+03 2.016596570156516000e+16
2.832999681126685573e+03 2.016592252674486400e+16
2.833333249910522682e+03 2.016582052677998000e+16
2.833666818694359790e+03 2.016565953076264000e+16
2.834000387478196444e+03 2.016543937822250000e+16
2.834333956262033553e+03 2.016515991918743600e+16
2.834667525045870207e+03 2.016482101424097600e+16
2.835001093829707315e+03 2.016442253457684000e+16
2.835334662613544424e+03 2.016396436205024000e+16
2.835668231397381078e+03 2.016344638922598400e+16
2.836001800181218186e+03 2.016286851942345200e+16
2.836335368965054386e+03 2.016223066675824000e+16
2.836668937748891494e+03 2.016153275618060000e+16
2.837002506532728603e+03 2.016077472351057200e+16
2.837336075316565257e+03 2.015995651546982400e+16
2.837669644100402365e+03 2.015907808971010000e+16
2.838003212884239019e+03 2.015813941483835200e+16
2.838336781668076128e+03 2.015714047043852000e+16
2.838670350451913237e+03 2.015608124708979200e+16
2.839003919235749891e+03 2.015496174638164400e+16
2.839337488019586999e+03 2.015378198092533600e+16
2.839671056803423653e+03 2.015254197436199200e+16
2.840004625587260762e+03 2.015124176136727200e+16
2.840338194371097416e+03 2.014988138765258400e+16
2.840671763154934069e+03 2.014846090996282800e+16
2.841005331938771178e+03 2.014698039607081600e+16
2.841338900722607832e+03 2.014543992476798000e+16
2.841672469506444941e+03 2.014383958585196800e+16
2.842006038290282049e+03 2.014217948011052800e+16
2.842339607074118703e+03 2.014045971930206800e+16
2.842673175857955812e+03 2.013868042613282800e+16
2.843006744641792466e+03 2.013684173423055200e+16
2.843340313425629574e+03 2.013494378811486400e+16
2.843673882209466683e+03 2.013298674316408400e+16
2.844007450993302882e+03 2.013097076557890000e+16
2.844341019777139991e+03 2.012889603234252800e+16
2.844674588560976645e+03 2.012676273117758800e+16
2.845008157344813753e+03 2.012457106049972400e+16
2.845341726128650862e+03 2.012232122936784800e+16
2.845675294912487516e+03 2.012001345743122400e+16
2.846008863696324624e+03 2.011764797487332800e+16
2.846342432480161278e+03 2.011522502235241200e+16
2.846676001263998387e+03 2.011274485093904000e+16
2.847009570047835496e+03 2.011020772205041600e+16
2.847343138831672150e+03 2.010761390738168000e+16
2.847676707615509258e+03 2.010496368883412000e+16
2.848010276399345457e+03 2.010225735844036400e+16
2.848343845183182566e+03 2.009949521828672800e+16
2.848677413967019675e+03 2.009667758043241600e+16
2.849010982750856328e+03 2.009380476682607200e+16
2.849344551534693437e+03 2.009087710921940400e+16
2.849678120318530091e+03 2.008789494907797200e+16
2.850011689102367200e+03 2.008485863748938400e+16
2.850345257886204308e+03 2.008176853506870400e+16
2.850678826670040962e+03 2.007862501186125600e+16
2.851012395453878071e+03 2.007542844724292000e+16
2.851345964237714725e+03 2.007217922981780800e+16
2.851679533021551833e+03 2.006887775731356400e+16
2.852013101805388487e+03 2.006552443647424800e+16
2.852346670589225141e+03 2.006211968295085600e+16
2.852680239373062250e+03 2.005866392118959200e+16
2.853013808156898904e+03 2.005515758431784800e+16
2.853347376940736012e+03 2.005160111402816800e+16
2.853680945724573121e+03 2.004799496045994400e+16
2.854014514508409775e+03 2.004433958207924800e+16
2.854348083292246884e+03 2.004063544555655200e+16
2.854681652076083537e+03 2.003688302564268800e+16
2.855015220859920646e+03 2.003308280504284800e+16
2.855348789643757755e+03 2.002923527428896800e+16
2.855682358427593954e+03 2.002534093161016800e+16
2.856015927211431062e+03 2.002140028280194800e+16
2.856349495995267716e+03 2.001741384109340400e+16
2.856683064779104825e+03 2.001338212701325600e+16
2.857016633562941934e+03 2.000930566825428800e+16
2.857350202346778588e+03 2.000518499953658000e+16
2.857683771130615696e+03 2.000102066246929600e+16
2.858017339914452350e+03 1.999681320541135600e+16
2.858350908698289459e+03 1.999256318333104000e+16
2.858684477482126567e+03 1.998827115766431200e+16
2.859018046265963221e+03 1.998393769617232800e+16
2.859351615049800330e+03 1.997956337279800800e+16
2.859685183833636529e+03 1.997514876752159600e+16
2.860018752617473638e+03 1.997069446621564000e+16
2.860352321401310746e+03 1.996620106049906400e+16
2.860685890185147400e+03 1.996166914759072800e+16
2.861019458968984509e+03 1.995709933016234800e+16
2.861353027752821163e+03 1.995249221619090400e+16
2.861686596536658271e+03 1.994784841881065200e+16
2.862020165320495380e+03 1.994316855616469600e+16
2.862353734104332034e+03 1.993845325125631600e+16
2.862687302888169143e+03 1.993370313180005600e+16
2.863020871672005796e+03 1.992891883007254400e+16
2.863354440455842905e+03 1.992410098276339200e+16
2.863688009239679559e+03 1.991925023082585600e+16
2.864021578023516213e+03 1.991436721932767200e+16
2.864355146807353321e+03 1.990945259730190400e+16
2.864688715591189975e+03 1.990450701759796000e+16
2.865022284375027084e+03 1.989953113673285200e+16
2.865355853158864193e+03 1.989452561474268000e+16
2.865689421942700847e+03 1.988949111503449600e+16
2.866022990726537955e+03 1.988442830423854000e+16
2.866356559510374609e+03 1.987933785206095200e+16
2.866690128294211718e+03 1.987422043113700800e+16
2.867023697078048826e+03 1.986907671688482000e+16
2.867357265861885026e+03 1.986390738735981200e+16
2.867690834645722134e+03 1.985871312310982400e+16
2.868024403429558788e+03 1.985349460703084000e+16
2.868357972213395897e+03 1.984825252422365600e+16
2.868691540997233005e+03 1.984298756185130400e+16
2.869025109781069659e+03 1.983770040899735200e+16
2.869358678564906768e+03 1.983239175652517600e+16
2.869692247348743422e+03 1.982706229693817600e+16
2.870025816132580530e+03 1.982171272424105600e+16
2.870359384916417639e+03 1.981634373380214400e+16
2.870692953700254293e+03 1.981095602221682800e+16
2.871026522484091402e+03 1.980555028717217600e+16
2.871360091267927601e+03 1.980012722731270000e+16
2.871693660051764709e+03 1.979468754210748000e+16
2.872027228835601818e+03 1.978923193171839600e+16
2.872360797619438472e+03 1.978376109686975600e+16
2.872694366403275581e+03 1.977827573871934000e+16
2.873027935187112234e+03 1.977277655873070400e+16
2.873361503970949343e+03 1.976726425854696800e+16
2.873695072754786452e+03 1.976173953986607200e+16
2.874028641538623106e+03 1.975620310431742400e+16
2.874362210322460214e+03 1.975065565334016800e+16
2.874695779106296868e+03 1.974509788806287200e+16
2.875029347890133977e+03 1.973953050918489600e+16
2.875362916673970631e+03 1.973395421685924000e+16
2.875696485457807285e+03 1.972836971057706800e+16
2.876030054241644393e+03 1.972277768905386400e+16
2.876363623025481047e+03 1.971717885011714400e+16
2.876697191809318156e+03 1.971157389059607600e+16
2.877030760593155264e+03 1.970596350621244000e+16
2.877364329376991918e+03 1.970034839147364800e+16
2.877697898160829027e+03 1.969472923956729600e+16
2.878031466944665681e+03 1.968910674225743600e+16
2.878365035728502789e+03 1.968348158978277600e+16
2.878698604512339898e+03 1.967785447075640000e+16
2.879032173296176097e+03 1.967222607206750400e+16
2.879365742080013206e+03 1.966659707878476800e+16
2.879699310863849860e+03 1.966096817406155200e+16
2.880032879647686968e+03 1.965534003904298000e+16
2.880366448431524077e+03 1.964971335277463200e+16
2.880700017215360731e+03 1.964408879211331200e+16
2.881033585999197840e+03 1.963846703163946800e+16
2.881367154783034493e+03 1.963284874357141600e+16
2.881700723566871602e+03 1.962723459768150400e+16
2.882034292350708711e+03 1.962162526121400000e+16
2.882367861134545365e+03 1.961602139880485600e+16
2.882701429918382473e+03 1.961042367240328000e+16
2.883034998702218672e+03 1.960483274119509600e+16
2.883368567486055781e+03 1.959924926152804800e+16
2.883702136269892890e+03 1.959367388683868000e+16
2.884035705053729544e+03 1.958810726758125200e+16
2.884369273837566652e+03 1.958255005115839200e+16
2.884702842621403306e+03 1.957700288185348800e+16
2.885036411405240415e+03 1.957146640076486400e+16
2.885369980189077523e+03 1.956594124574183200e+16
2.885703548972914177e+03 1.956042805132244000e+16
2.886037117756751286e+03 1.955492744867300000e+16
2.886370686540587940e+03 1.954944006552930400e+16
2.886704255324425048e+03 1.954396652613972800e+16
2.887037824108261702e+03 1.953850745120984800e+16
2.887371392892098356e+03 1.953306345784896000e+16
2.887704961675935465e+03 1.952763515951821600e+16
2.888038530459772119e+03 1.952222316598036800e+16
2.888372099243609227e+03 1.951682808325138400e+16
2.888705668027446336e+03 1.951145051355343200e+16
2.889039236811282990e+03 1.950609105526977600e+16
2.889372805595120099e+03 1.950075030290113600e+16
2.889706374378956752e+03 1.949542884702364800e+16
2.890039943162793861e+03 1.949012727424846000e+16
2.890373511946630970e+03 1.948484616718290800e+16
2.890707080730467169e+03 1.947958610439312800e+16
2.891040649514304278e+03 1.947434766036834400e+16
2.891374218298140931e+03 1.946913140548652400e+16
2.891707787081978040e+03 1.946393790598164800e+16
2.892041355865815149e+03 1.945876772391230800e+16
2.892374924649651803e+03 1.945362141713188000e+16
2.892708493433488911e+03 1.944849953926004800e+16
2.893042062217325565e+03 1.944340263965572000e+16
2.893375631001162674e+03 1.943833126339136000e+16
2.893709199784999782e+03 1.943328595122868800e+16
2.894042768568836436e+03 1.942826723959566000e+16
2.894376337352673545e+03 1.942327566056479200e+16
2.894709906136509744e+03 1.941831174183280000e+16
2.895043474920346853e+03 1.941337600670146400e+16
2.895377043704183961e+03 1.940846897405973600e+16
2.895710612488020615e+03 1.940359115836706400e+16
2.896044181271857724e+03 1.939874306963800400e+16
2.896377750055694378e+03 1.939392521342780800e+16
2.896711318839531486e+03 1.938913809081941600e+16
2.897044887623368595e+03 1.938438219841127600e+16
2.897378456407205249e+03 1.937965802830655200e+16
2.897712025191042358e+03 1.937496606810321200e+16
2.898045593974879012e+03 1.937030680088520000e+16
2.898379162758716120e+03 1.936568070521473200e+16
2.898712731542552774e+03 1.936108825512546800e+16
2.899046300326389428e+03 1.935652992011672000e+16
2.899379869110226537e+03 1.935200616514864000e+16
2.899713437894063190e+03 1.934751745063824400e+16
2.900047006677900299e+03 1.934306423245648800e+16
2.900380575461737408e+03 1.933864696192604000e+16
2.900714144245574062e+03 1.933426608582003200e+16
2.901047713029411170e+03 1.932992204636165600e+16
2.901381281813247824e+03 1.932561528122444800e+16
2.901714850597084933e+03 1.932134622353348400e+16
2.902048419380922041e+03 1.931711530186724000e+16
2.902381988164758241e+03 1.931292294026022400e+16
2.902715556948595349e+03 1.930876955820635600e+16
2.903049125732432003e+03 1.930465557066294400e+16
2.903382694516269112e+03 1.930058138805540000e+16
2.903716263300106220e+03 1.929654741628257600e+16
2.904049832083942874e+03 1.929255405672264400e+16
2.904383400867779983e+03 1.928860170623974400e+16
2.904716969651616637e+03 1.928469075719098000e+16
2.905050538435453745e+03 1.928082159743415600e+16
2.905384107219290854e+03 1.927699461033588000e+16
2.905717676003127508e+03 1.927321017478029600e+16
2.906051244786964617e+03 1.926946866517822400e+16
2.906384813570800816e+03 1.926577045147675600e+16
2.906718382354637924e+03 1.926211589916932800e+16
2.907051951138475033e+03 1.925850536930615200e+16
2.907385519922311687e+03 1.925493921850510800e+16
2.907719088706148796e+03 1.925141779896294800e+16
2.908052657489985450e+03 1.924794145846684000e+16
2.908386226273822558e+03 1.924451054040632800e+16
2.908719795057659667e+03 1.924112538378547200e+16
2.909053363841496321e+03 1.923778632323539200e+16
2.909386932625333429e+03 1.923449368902701600e+16
2.909720501409170083e+03 1.923124780708407200e+16
2.910054070193007192e+03 1.922804899899637200e+16
2.910387638976843846e+03 1.922489758203318000e+16
2.910721207760680500e+03 1.922179386915689200e+16
2.911054776544517608e+03 1.921873816903686000e+16
2.911388345328354262e+03 1.921573078606327600e+16
2.911721914112191371e+03 1.921277202036132800e+16
2.912055482896028479e+03 1.920986216780534400e+16
2.912389051679865133e+03 1.920700152003308800e+16
2.912722620463702242e+03 1.920419036446020400e+16
2.913056189247538896e+03 1.920142898429452800e+16
2.913389758031376005e+03 1.919871765855068400e+16
2.913723326815213113e+03 1.919605666206452800e+16
2.914056895599049312e+03 1.919344626550762000e+16
2.914390464382886421e+03 1.919088673540184000e+16
2.914724033166723075e+03 1.918837833413377600e+16
2.915057601950560183e+03 1.918592131996921600e+16
2.915391170734397292e+03 1.918351594706751200e+16
2.915724739518233946e+03 1.918116246549591200e+16
2.916058308302071055e+03 1.917886112124382400e+16
2.916391877085907709e+03 1.917661215623690000e+16
2.916725445869744817e+03 1.917441580835111600e+16
2.917059014653581926e+03 1.917227231142660800e+16
2.917392583437418580e+03 1.917018189528146400e+16
2.917726152221255688e+03 1.916814478572530400e+16
2.918059721005091887e+03 1.916616120457272000e+16
2.918393289788928996e+03 1.916423136965648800e+16
2.918726858572766105e+03 1.916235549484064000e+16
2.919060427356602759e+03 1.916053379003331200e+16
2.919393996140439867e+03 1.915876646119930800e+16
2.919727564924276521e+03 1.915705371037252800e+16
2.920061133708113630e+03 1.915539573566810000e+16
2.920394702491950738e+03 1.915379273129423200e+16
2.920728271275787392e+03 1.915224488756382800e+16
2.921061840059624501e+03 1.915075239090586800e+16
2.921395408843461155e+03 1.914931542387635600e+16
2.921728977627298264e+03 1.914793416516915200e+16
2.922062546411134917e+03 1.914660878962632800e+16
2.922396115194971571e+03 1.914533946824827200e+16
2.922729683978808680e+03 1.914412636820353200e+16
2.923063252762645334e+03 1.914296965283814400e+16
2.923396821546482442e+03 1.914186948168478400e+16
2.923730390330319551e+03 1.914082601047145200e+16
2.924063959114156205e+03 1.913983939112979200e+16
2.924397527897993314e+03 1.913890977180314000e+16
2.924731096681829968e+03 1.913803729685402000e+16
2.925064665465667076e+03 1.913722210687139200e+16
2.925398234249504185e+03 1.913646433867739200e+16
2.925731803033340384e+03 1.913576412533372400e+16
2.926065371817177493e+03 1.913512159614762400e+16
2.926398940601014147e+03 1.913453687667742000e+16
2.926732509384851255e+03 1.913401008873751200e+16
2.927066078168688364e+03 1.913354135040318400e+16
2.927399646952525018e+03 1.913313077601472000e+16
2.927733215736362126e+03 1.913277847618119200e+16
2.928066784520198780e+03 1.913248455778376000e+16
2.928400353304035889e+03 1.913224912397855200e+16
2.928733922087872998e+03 1.913207227419898400e+16
2.929067490871709651e+03 1.913195410415767200e+16
2.929401059655546760e+03 1.913189470584788800e+16
2.929734628439382959e+03 1.913189416754444000e+16
2.930068197223220068e+03 1.913195257380417200e+16
2.930401766007057176e+03 1.913207000546589200e+16
2.930735334790893830e+03 1.913224653964981600e+16
2.931068903574730939e+03 1.913248224975658400e+16
2.931402472358567593e+03 1.913277720546564000e+16
2.931736041142404702e+03 1.913313147273322400e+16
2.932069609926241810e+03 1.913354511378981600e+16
2.932403178710078464e+03 1.913401818713699200e+16
2.932736747493915573e+03 1.913455074754394000e+16
2.933070316277752227e+03 1.913514284604324000e+16
2.933403885061589335e+03 1.913579452992632800e+16
2.933737453845425989e+03 1.913650584273824800e+16
2.934071022629262643e+03 1.913727682427206000e+16
2.934404591413099752e+03 1.913810751056257600e+16
2.934738160196936406e+03 1.913899793387966000e+16
2.935071728980773514e+03 1.913994812272100400e+16
2.935405297764610623e+03 1.914095810180428000e+16
2.935738866548447277e+03 1.914202789205885600e+16
2.936072435332284385e+03 1.914315751061700000e+16
2.936406004116121039e+03 1.914434697080445600e+16
2.936739572899958148e+03 1.914559628213060400e+16
2.937073141683795257e+03 1.914690545027798800e+16
2.937406710467631456e+03 1.914827447709141200e+16
2.937740279251468564e+03 1.914970336056647200e+16
2.938073848035305218e+03 1.915119209483756000e+16
2.938407416819142327e+03 1.915274067016535200e+16
2.938740985602979435e+03 1.915434907292377200e+16
2.939074554386816089e+03 1.915601728558647200e+16
2.939408123170653198e+03 1.915774528671276800e+16
2.939741691954489852e+03 1.915953305093305600e+16
2.940075260738326961e+03 1.916138054893378800e+16
2.940408829522164069e+03 1.916328774744182000e+16
2.940742398306000723e+03 1.916525460920839200e+16
2.941075967089837832e+03 1.916728109299255200e+16
2.941409535873674031e+03 1.916936715354409200e+16
2.941743104657511140e+03 1.917151274158600400e+16
2.942076673441348248e+03 1.917371780379640800e+16
2.942410242225184902e+03 1.917598228279011200e+16
2.942743811009022011e+03 1.917830611709962000e+16
2.943077379792858665e+03 1.918068924115566400e+16
2.943410948576695773e+03 1.918313158526736000e+16
2.943744517360532882e+03 1.918563307560182400e+16
2.944078086144369536e+03 1.918819363416338400e+16
2.944411654928206644e+03 1.919081317877240800e+16
2.944745223712043298e+03 1.919349162304356000e+16
2.945078792495880407e+03 1.919622887636384000e+16
2.945412361279717061e+03 1.919902484386999200e+16
2.945745930063553715e+03 1.920187942642567200e+16
2.946079498847390823e+03 1.920479252059815200e+16
2.946413067631227477e+03 1.920776401863466800e+16
2.946746636415064586e+03 1.921079380843834400e+16
2.947080205198901695e+03 1.921388177354381600e+16
2.947413773982738348e+03 1.921702779309242400e+16
2.947747342766575457e+03 1.922023174180718400e+16
2.948080911550412111e+03 1.922349348996723600e+16
2.948414480334249220e+03 1.922681290338222400e+16
2.948748049118086328e+03 1.923018984336608400e+16
2.949081617901922527e+03 1.923362416671078400e+16
2.949415186685759636e+03 1.923711572565963600e+16
2.949748755469596290e+03 1.924066436788037200e+16
2.950082324253433399e+03 1.924426993643800000e+16
2.950415893037270507e+03 1.924793226976734800e+16
2.950749461821107161e+03 1.925165120164543200e+16
2.951083030604944270e+03 1.925542656116361600e+16
2.951416599388780924e+03 1.925925817269954400e+16
2.951750168172618032e+03 1.926314585588889600e+16
2.952083736956455141e+03 1.926708942559698400e+16
2.952417305740291795e+03 1.927108869189016000e+16
2.952750874524128903e+03 1.927514346000724800e+16
2.953084443307965103e+03 1.927925353033057600e+16
2.953418012091802211e+03 1.928341869835720000e+16
2.953751580875639320e+03 1.928763875466987200e+16
2.954085149659475974e+03 1.929191348490797600e+16
2.954418718443313082e+03 1.929624266973851600e+16
2.954752287227149736e+03 1.930062608482693600e+16
2.955085856010986845e+03 1.930506350080803200e+16
2.955419424794823954e+03 1.930955468325690400e+16
2.955752993578660607e+03 1.931409939265982400e+16
2.956086562362497716e+03 1.931869738438532800e+16
2.956420131146334370e+03 1.932334840865523200e+16
2.956753699930171479e+03 1.932805221051591600e+16
2.957087268714008133e+03 1.933280852980952000e+16
2.957420837497844786e+03 1.933761710114552000e+16
2.957754406281681895e+03 1.934247765387235600e+16
2.958087975065518549e+03 1.934738991204922400e+16
2.958421543849355658e+03 1.935235359441819200e+16
2.958755112633192766e+03 1.935736841437647200e+16
2.959088681417029420e+03 1.936243407994901600e+16
2.959422250200866529e+03 1.936755029376143600e+16
2.959755818984703183e+03 1.937271675301313600e+16
2.960089387768540291e+03 1.937793314945091200e+16
2.960422956552377400e+03 1.938319916934286800e+16
2.960756525336213599e+03 1.938851449345278400e+16
2.961090094120050708e+03 1.939387879701484400e+16
2.961423662903887362e+03 1.939929174970889200e+16
2.961757231687724470e+03 1.940475301563616000e+16
2.962090800471561579e+03 1.941026225329549600e+16
2.962424369255398233e+03 1.941581911556016800e+16
2.962757938039235341e+03 1.942142324965522400e+16
2.963091506823071995e+03 1.942707429713546800e+16
2.963425075606909104e+03 1.943277189386412800e+16
2.963758644390746213e+03 1.943851566999206400e+16
2.964092213174582866e+03 1.944430524993782400e+16
2.964425781958419975e+03 1.945014025236840000e+16
2.964759350742256174e+03 1.945602029018064000e+16
2.965092919526093283e+03 1.946194497048360000e+16
2.965426488309930392e+03 1.946791389458171200e+16
2.965760057093767045e+03 1.947392665795865600e+16
2.966093625877604154e+03 1.947998285026242000e+16
2.966427194661440808e+03 1.948608205529099200e+16
2.966760763445277917e+03 1.949222385097925600e+16
2.967094332229115025e+03 1.949840780938670800e+16
2.967427901012951679e+03 1.950463349668635200e+16
2.967761469796788788e+03 1.951090047315460000e+16
2.968095038580625442e+03 1.951720829316226400e+16
2.968428607364462550e+03 1.952355650516675600e+16
2.968762176148299204e+03 1.952994465170539200e+16
2.969095744932135858e+03 1.953637226938991600e+16
2.969429313715972967e+03 1.954283888890239600e+16
2.969762882499809621e+03 1.954934403499220000e+16
2.970096451283646729e+03 1.955588722647449600e+16
2.970430020067483838e+03 1.956246797622994400e+16
2.970763588851320492e+03 1.956908579120591600e+16
2.971097157635157600e+03 1.957574017241906800e+16
2.971430726418994254e+03 1.958243061495939200e+16
2.971764295202831363e+03 1.958915660799579200e+16
2.972097863986668472e+03 1.959591763478322400e+16
2.972431432770504671e+03 1.960271317267127200e+16
2.972765001554341779e+03 1.960954269311461200e+16
2.973098570338178433e+03 1.961640566168478000e+16
2.973432139122015542e+03 1.962330153808397600e+16
2.973765707905852651e+03 1.963022977616029600e+16
2.974099276689689304e+03 1.963718982392488800e+16
2.974432845473526413e+03 1.964418112357088000e+16
2.974766414257363067e+03 1.965120311149408800e+16
2.975099983041200176e+03 1.965825521831566400e+16
2.975433551825037284e+03 1.966533686890653200e+16
2.975767120608873938e+03 1.967244748241386800e+16
2.976100689392711047e+03 1.967958647228951200e+16
2.976434258176547246e+03 1.968675324632034000e+16
2.976767826960384355e+03 1.969394720666075200e+16
2.977101395744221463e+03 1.970116774986712000e+16
2.977434964528058117e+03 1.970841426693449200e+16
2.977768533311895226e+03 1.971568614333524800e+16
2.978102102095731880e+03 1.972298275906003200e+16
2.978435670879568988e+03 1.973030348866092800e+16
2.978769239663406097e+03 1.973764770129668800e+16
2.979102808447242751e+03 1.974501476078037200e+16
2.979436377231079859e+03 1.975240402562923600e+16
2.979769946014916513e+03 1.975981484911687600e+16
2.980103514798753622e+03 1.976724657932775200e+16
2.980437083582590276e+03 1.977469855921410800e+16
2.980770652366426930e+03 1.978217012665516800e+16
2.981104221150264038e+03 1.978966061451896000e+16
2.981437789934100692e+03 1.979716935072632800e+16
2.981771358717937801e+03 1.980469565831756800e+16
2.982104927501774910e+03 1.981223885552151200e+16
2.982438496285611564e+03 1.981979825582711600e+16
2.982772065069448672e+03 1.982737316805752400e+16
2.983105633853285326e+03 1.983496289644676800e+16
2.983439202637122435e+03 1.984256674071893600e+16
2.983772771420959543e+03 1.985018399616994800e+16
2.984106340204795742e+03 1.985781395375195200e+16
2.984439908988632851e+03 1.986545590016028800e+16
2.984773477772469505e+03 1.987310911792306400e+16
2.985107046556306614e+03 1.988077288549337600e+16
2.985440615340143722e+03 1.988844647734415200e+16
2.985774184123980376e+03 1.989612916406561200e+16
2.986107752907817485e+03 1.990382021246546400e+16
2.986441321691654139e+03 1.991151888567164000e+16
2.986774890475491247e+03 1.991922444323776000e+16
2.987108459259328356e+03 1.992693614125120000e+16
2.987442028043165010e+03 1.993465323244388800e+16
2.987775596827002119e+03 1.994237496630572000e+16
2.988109165610838318e+03 1.995010058920054400e+16
2.988442734394675426e+03 1.995782934448494400e+16
2.988776303178512080e+03 1.996556047262953600e+16
2.989109871962349189e+03 1.997329321134294400e+16
2.989443440746186297e+03 1.998102679569836800e+16
2.989777009530022951e+03 1.998876045826282400e+16
2.990110578313860060e+03 1.999649342922884000e+16
2.990444147097696714e+03 2.000422493654887600e+16
2.990777715881533823e+03 2.001195420607214800e+16
2.991111284665370931e+03 2.001968046168412800e+16
2.991444853449207585e+03 2.002740292544843200e+16
2.991778422233044694e+03 2.003512081775123200e+16
2.992111991016880893e+03 2.004283335744817600e+16
2.992445559800718001e+03 2.005053976201368000e+16
2.992779128584555110e+03 2.005823924769256000e+16
2.993112697368391764e+03 2.006593102965414800e+16
2.993446266152228873e+03 2.007361432214870000e+16
2.993779834936065527e+03 2.008128833866596000e+16
2.994113403719902635e+03 2.008895229209617200e+16
2.994446972503739744e+03 2.009660539489315200e+16
2.994780541287576398e+03 2.010424685923959200e+16
2.995114110071413506e+03 2.011187589721443200e+16
2.995447678855249706e+03 2.011949172096232000e+16
2.995781247639086814e+03 2.012709354286510400e+16
2.996114816422923923e+03 2.013468057571523200e+16
2.996448385206760577e+03 2.014225203289109600e+16
2.996781953990597685e+03 2.014980712853422400e+16
2.997115522774434339e+03 2.015734507772823600e+16
2.997449091558271448e+03 2.016486509667954400e+16
2.997782660342108557e+03 2.017236640289968400e+16
2.998116229125945210e+03 2.017984821538927600e+16
2.998449797909782319e+03 2.018730975482351200e+16
2.998783366693618973e+03 2.019475024373904400e+16
2.999116935477456082e+03 2.020216890672229600e+16
2.999450504261293190e+03 2.020956497059911200e+16
2.999784073045129389e+03 2.021693766462555200e+16
3.000117641828966498e+03 2.022428622067993600e+16
3.000451210612803152e+03 2.023160987345588000e+16
3.000784779396640261e+03 2.023890786065634400e+16
3.001118348180477369e+03 2.024617942318860800e+16
3.001451916964314023e+03 2.025342380536005600e+16
3.001785485748151132e+03 2.026064025507467600e+16
3.002119054531987786e+03 2.026782802403015200e+16
3.002452623315824894e+03 2.027498636791568000e+16
3.002786192099662003e+03 2.028211454661000400e+16
3.003119760883498657e+03 2.028921182437994800e+16
3.003453329667335765e+03 2.029627747007928000e+16
3.003786898451171965e+03 2.030331075734752000e+16
3.004120467235009073e+03 2.031031096480906400e+16
3.004454036018846182e+03 2.031727737627209600e+16
3.004787604802682836e+03 2.032420928092747200e+16
3.005121173586519944e+03 2.033110597354732400e+16
3.005454742370356598e+03 2.033796675468328800e+16
3.005788311154193707e+03 2.034479093086443200e+16
3.006121879938030816e+03 2.035157781479443200e+16
3.006455448721867469e+03 2.035832672554822800e+16
3.006789017505704578e+03 2.036503698876790400e+16
3.007122586289540777e+03 2.037170793685763200e+16
3.007456155073377886e+03 2.037833890917775200e+16
3.007789723857214994e+03 2.038492925223760800e+16
3.008123292641051648e+03 2.039147831988731200e+16
3.008456861424888757e+03 2.039798547350816400e+16
3.008790430208725411e+03 2.040445008220160400e+16
3.009123998992562520e+03 2.041087152297676000e+16
3.009457567776399628e+03 2.041724918093616400e+16
3.009791136560236282e+03 2.042358244945992800e+16
3.010124705344073391e+03 2.042987073038794400e+16
3.010458274127910045e+03 2.043611343420011200e+16
3.010791842911747153e+03 2.044230998019458800e+16
3.011125411695584262e+03 2.044845979666369200e+16
3.011458980479420461e+03 2.045456232106764800e+16
3.011792549263257570e+03 2.046061700020595200e+16
3.012126118047094224e+03 2.046662329038604000e+16
3.012459686830931332e+03 2.047258065758958400e+16
3.012793255614768441e+03 2.047848857763590800e+16
3.013126824398605095e+03 2.048434653634262000e+16
3.013460393182442203e+03 2.049015402968335600e+16
3.013793961966278857e+03 2.049591056394247200e+16
3.014127530750115966e+03 2.050161565586659600e+16
3.014461099533953075e+03 2.050726883281300000e+16
3.014794668317789728e+03 2.051286963289459200e+16
3.015128237101626837e+03 2.051841760512156800e+16
3.015461805885463036e+03 2.052391230953948400e+16
3.015795374669300145e+03 2.052935331736379200e+16
3.016128943453137254e+03 2.053474021111063200e+16
3.016462512236973907e+03 2.054007258472387200e+16
3.016796081020811016e+03 2.054535004369829600e+16
3.017129649804647670e+03 2.055057220519884000e+16
3.017463218588484779e+03 2.055573869817582400e+16
3.017796787372321887e+03 2.056084916347601600e+16
3.018130356156158541e+03 2.056590325394962400e+16
3.018463924939995650e+03 2.057090063455295200e+16
3.018797493723831849e+03 2.057584098244673600e+16
3.019131062507668958e+03 2.058072398709020000e+16
3.019464631291506066e+03 2.058554935033049600e+16
3.019798200075342720e+03 2.059031678648777600e+16
3.020131768859179829e+03 2.059502602243563200e+16
3.020465337643016483e+03 2.059967679767686000e+16
3.020798906426853591e+03 2.060426886441465600e+16
3.021132475210690700e+03 2.060880198761898400e+16
3.021466043994527354e+03 2.061327594508823600e+16
3.021799612778364462e+03 2.061769052750602000e+16
3.022133181562201116e+03 2.062204553849316800e+16
3.022466750346038225e+03 2.062634079465468800e+16
3.022800319129875334e+03 2.063057612562208000e+16
3.023133887913711533e+03 2.063475137409034000e+16
3.023467456697548641e+03 2.063886639585029600e+16
3.023801025481385295e+03 2.064292105981577200e+16
3.024134594265222404e+03 2.064691524804572000e+16
3.024468163049059513e+03 2.065084885576146800e+16
3.024801731832896166e+03 2.065472179135872000e+16
3.025135300616733275e+03 2.065853397641466000e+16
3.025468869400569929e+03 2.066228534568990000e+16
3.025802438184407038e+03 2.066597584712547200e+16
3.026136006968244146e+03 2.066960544183458400e+16
3.026469575752080800e+03 2.067317410408952800e+16
3.026803144535917909e+03 2.067668182130344000e+16
3.027136713319754108e+03 2.068012859400700400e+16
3.027470282103591217e+03 2.068351443582023200e+16
3.027803850887428325e+03 2.068683937341917200e+16
3.028137419671264979e+03 2.069010344649775200e+16
3.028470988455102088e+03 2.069330670772458000e+16
3.028804557238938742e+03 2.069644922269487200e+16
3.029138126022775850e+03 2.069953106987758800e+16
3.029471694806612959e+03 2.070255234055758400e+16
3.029805263590449613e+03 2.070551313877311200e+16
3.030138832374286721e+03 2.070841358124848800e+16
3.030472401158122921e+03 2.071125379732211600e+16
3.030805969941960029e+03 2.071403392886984000e+16
3.031139538725797138e+03 2.071675413022366000e+16
3.031473107509633792e+03 2.071941456808597600e+16
3.031806676293470900e+03 2.072201542143935200e+16
3.032140245077307554e+03 2.072455688145180800e+16
3.032473813861144663e+03 2.072703915137786400e+16
3.032807382644981772e+03 2.072946244645515200e+16
3.033140951428818425e+03 2.073182699379700400e+16
3.033474520212655534e+03 2.073413303228080800e+16
3.033808088996492188e+03 2.073638081243228000e+16
3.034141657780329297e+03 2.073857059630588000e+16
3.034475226564166405e+03 2.074070265736116800e+16
3.034808795348002604e+03 2.074277728033550000e+16
3.035142364131839713e+03 2.074479476111294000e+16
3.035475932915676367e+03 2.074675540658954000e+16
3.035809501699513476e+03 2.074865953453510400e+16
3.036143070483350584e+03 2.075050747345140800e+16
3.036476639267187238e+03 2.075229956242717200e+16
3.036810208051024347e+03 2.075403615098978800e+16
3.037143776834861001e+03 2.075571759895368800e+16
3.037477345618698109e+03 2.075734427626599200e+16
3.037810914402535218e+03 2.075891656284876000e+16
3.038144483186371872e+03 2.076043484843877200e+16
3.038478051970208980e+03 2.076189953242438400e+16
3.038811620754045180e+03 2.076331102367965600e+16
3.039145189537882288e+03 2.076466974039611200e+16
3.039478758321719397e+03 2.076597610991191200e+16
3.039812327105556051e+03 2.076723056853870400e+16
3.040145895889393159e+03 2.076843356138645600e+16
3.040479464673229813e+03 2.076958554218576800e+16
3.040813033457066922e+03 2.077068697310863200e+16
3.041146602240904031e+03 2.077173832458698000e+16
3.041480171024740685e+03 2.077274007512952000e+16
3.041813739808577793e+03 2.077369271113700800e+16
3.042147308592413992e+03 2.077459672671575200e+16
3.042480877376251101e+03 2.077545262348991200e+16
3.042814446160088210e+03 2.077626091041220000e+16
3.043148014943924863e+03 2.077702210357347200e+16
3.043481583727761972e+03 2.077773672601127600e+16
3.043815152511598626e+03 2.077840530751716800e+16
3.044148721295435735e+03 2.077902838444340000e+16
3.044482290079272843e+03 2.077960649950846400e+16
3.044815858863109497e+03 2.078014020160228800e+16
3.045149427646946606e+03 2.078063004559065600e+16
3.045482996430783260e+03 2.078107659211918400e+16
3.045816565214620368e+03 2.078148040741692800e+16
3.046150133998457477e+03 2.078184206309981600e+16
3.046483702782293676e+03 2.078216213597371200e+16
3.046817271566130785e+03 2.078244120783769600e+16
3.047150840349967439e+03 2.078267986528710400e+16
3.047484409133804547e+03 2.078287869951697200e+16
3.047817977917641656e+03 2.078303830612548800e+16
3.048151546701478310e+03 2.078315928491800800e+16
3.048485115485315418e+03 2.078324223971128000e+16
3.048818684269152072e+03 2.078328777813840000e+16
3.049152253052989181e+03 2.078329651145429600e+16
3.049485821836826290e+03 2.078326905434189200e+16
3.049819390620662944e+03 2.078320602471916000e+16
3.050152959404500052e+03 2.078310804354703200e+16
3.050486528188336251e+03 2.078297573463828000e+16
3.050820096972173360e+03 2.078280972446743200e+16
3.051153665756010469e+03 2.078261064198194400e+16
3.051487234539847123e+03 2.078237911841445600e+16
3.051820803323684231e+03 2.078211578709651200e+16
3.052154372107520885e+03 2.078182128327348800e+16
3.052487940891357994e+03 2.078149624392112400e+16
3.052821509675195102e+03 2.078114130756350400e+16
3.053155078459031756e+03 2.078075711409268800e+16
3.053488647242868865e+03 2.078034430458999200e+16
3.053822216026705064e+03 2.077990352114898400e+16
3.054155784810542173e+03 2.077943540670038800e+16
3.054489353594379281e+03 2.077894060483860800e+16
3.054822922378215935e+03 2.077841975965054400e+16
3.055156491162053044e+03 2.077787351554601600e+16
3.055490059945889698e+03 2.077730251709053600e+16
3.055823628729726806e+03 2.077670740883991200e+16
3.056157197513563915e+03 2.077608883517722400e+16
3.056490766297400569e+03 2.077544744015179600e+16
3.056824335081237678e+03 2.077478386732065600e+16
3.057157903865074331e+03 2.077409875959194400e+16
3.057491472648911440e+03 2.077339275907100800e+16
3.057825041432748549e+03 2.077266650690855200e+16
3.058158610216584748e+03 2.077192064315144400e+16
3.058492179000421856e+03 2.077115580659584000e+16
3.058825747784258510e+03 2.077037263464279200e+16
3.059159316568095619e+03 2.076957176315643600e+16
3.059492885351932728e+03 2.076875382632460800e+16
3.059826454135769382e+03 2.076791945652214400e+16
3.060160022919606490e+03 2.076706928417672000e+16
3.060493591703443144e+03 2.076620393763732000e+16
3.060827160487280253e+03 2.076532404304535200e+16
3.061160729271117361e+03 2.076443022420840000e+16
3.061494298054954015e+03 2.076352310247666400e+16
3.061827866838790669e+03 2.076260329662218000e+16
3.062161435622627323e+03 2.076167142272055200e+16
3.062495004406464432e+03 2.076072809403565200e+16
3.062828573190301540e+03 2.075977392090682800e+16
3.063162141974138194e+03 2.075880951063901200e+16
3.063495710757975303e+03 2.075783546739544800e+16
3.063829279541811957e+03 2.075685239209327200e+16
3.064162848325649065e+03 2.075586088230188800e+16
3.064496417109486174e+03 2.075486153214382000e+16
3.064829985893322828e+03 2.075385493219868800e+16
3.065163554677159937e+03 2.075284166940971200e+16
3.065497123460996136e+03 2.075182232699296800e+16
3.065830692244833244e+03 2.075079748434955200e+16
3.066164261028670353e+03 2.074976771698020800e+16
3.066497829812507007e+03 2.074873359640296400e+16
3.066831398596344116e+03 2.074769569007336800e+16
3.067164967380180769e+03 2.074665456130732800e+16
3.067498536164017878e+03 2.074561076920684400e+16
3.067832104947854987e+03 2.074456486858828000e+16
3.068165673731691641e+03 2.074351740991337200e+16
3.068499242515528749e+03 2.074246893922284800e+16
3.068832811299365403e+03 2.074141999807264800e+16
3.069166380083202512e+03 2.074037112347294000e+16
3.069499948867039620e+03 2.073932284782944400e+16
3.069833517650875820e+03 2.073827569888752800e+16
3.070167086434712928e+03 2.073723019967889600e+16
3.070500655218549582e+03 2.073618686847052000e+16
3.070834224002386691e+03 2.073514621871649600e+16
3.071167792786223799e+03 2.073410875901194400e+16
3.071501361570060453e+03 2.073307499304965600e+16
3.071834930353897562e+03 2.073204541957913600e+16
3.072168499137734216e+03 2.073102053236784000e+16
3.072502067921571324e+03 2.073000082016505600e+16
3.072835636705408433e+03 2.072898676666789600e+16
3.073169205489245087e+03 2.072797885048972800e+16
3.073502774273081741e+03 2.072697754513086800e+16
3.073836343056918395e+03 2.072598331895147200e+16
3.074169911840755503e+03 2.072499663514666000e+16
3.074503480624592612e+03 2.072401795172386000e+16
3.074837049408429266e+03 2.072304772148228000e+16
3.075170618192266375e+03 2.072208639199445600e+16
3.075504186976103028e+03 2.072113440558993600e+16
3.075837755759940137e+03 2.072019219934098400e+16
3.076171324543777246e+03 2.071926020505030400e+16
3.076504893327613900e+03 2.071833884924070400e+16
3.076838462111451008e+03 2.071742855314677200e+16
3.077172030895287207e+03 2.071652973270836400e+16
3.077505599679124316e+03 2.071564279856608000e+16
3.077839168462961425e+03 2.071476815605836800e+16
3.078172737246798079e+03 2.071390620522069200e+16
3.078506306030635187e+03 2.071305734078622000e+16
3.078839874814471841e+03 2.071222195218833200e+16
3.079173443598308950e+03 2.071140042356480800e+16
3.079507012382146058e+03 2.071059313376364800e+16
3.079840581165982712e+03 2.070980045635046400e+16
3.080174149949819821e+03 2.070902275961748400e+16
3.080507718733656475e+03 2.070826040659406400e+16
3.080841287517493583e+03 2.070751375505869600e+16
3.081174856301330692e+03 2.070678315755239200e+16
3.081508425085166891e+03 2.070606896139362400e+16
3.081841993869004000e+03 2.070537150869451200e+16
3.082175562652840654e+03 2.070469113637840800e+16
3.082509131436677762e+03 2.070402817619875200e+16
3.082842700220514871e+03 2.070338295475916400e+16
3.083176269004351525e+03 2.070275579353480800e+16
3.083509837788188634e+03 2.070214700889496000e+16
3.083843406572025287e+03 2.070155691212656800e+16
3.084176975355862396e+03 2.070098580945909600e+16
3.084510544139699505e+03 2.070043400209032000e+16
3.084844112923536159e+03 2.069990178621320400e+16
3.085177681707372813e+03 2.069938945304377600e+16
3.085511250491209466e+03 2.069889728884988400e+16
3.085844819275046575e+03 2.069842557498097600e+16
3.086178388058883684e+03 2.069797458789869600e+16
3.086511956842720338e+03 2.069754459920826400e+16
3.086845525626557446e+03 2.069713587569082400e+16
3.087179094410394100e+03 2.069674867933640800e+16
3.087512663194231209e+03 2.069638326737775200e+16
3.087846231978068317e+03 2.069603989232466400e+16
3.088179800761904971e+03 2.069571880199920800e+16
3.088513369545742080e+03 2.069542023957144400e+16
3.088846938329578279e+03 2.069514444359574400e+16
3.089180507113415388e+03 2.069489164804768800e+16
3.089514075897252496e+03 2.069466208236148000e+16
3.089847644681089150e+03 2.069445597146786400e+16
3.090181213464926259e+03 2.069427353583247600e+16
3.090514782248762913e+03 2.069411499149460400e+16
3.090848351032600021e+03 2.069398055010638800e+16
3.091181919816437130e+03 2.069387041897230400e+16
3.091515488600273784e+03 2.069378480108901600e+16
3.091849057384110893e+03 2.069372389518548800e+16
3.092182626167947546e+03 2.069368789576340800e+16
3.092516194951784655e+03 2.069367699313779200e+16
3.092849763735621764e+03 2.069369137347775200e+16
3.093183332519457963e+03 2.069373121884748000e+16
3.093516901303295072e+03 2.069379670724738000e+16
3.093850470087131725e+03 2.069388801265520000e+16
3.094184038870968834e+03 2.069400530506741600e+16
3.094517607654805943e+03 2.069414875054039200e+16
3.094851176438642597e+03 2.069431851123183600e+16
3.095184745222479705e+03 2.069451474544208800e+16
3.095518314006316359e+03 2.069473760765532000e+16
3.095851882790153468e+03 2.069498724858082000e+16
3.096185451573990576e+03 2.069526381519403200e+16
3.096519020357827230e+03 2.069556745077750400e+16
3.096852589141663884e+03 2.069589829496178400e+16
3.097186157925500538e+03 2.069625648376590400e+16
3.097519726709337647e+03 2.069664214963798400e+16
3.097853295493174755e+03 2.069705542149523200e+16
3.098186864277011409e+03 2.069749642476401200e+16
3.098520433060848518e+03 2.069796528141940800e+16
3.098854001844685172e+03 2.069846211002457600e+16
3.099187570628522280e+03 2.069898702576974400e+16
3.099521139412359389e+03 2.069954014051082800e+16
3.099854708196196043e+03 2.070012156280771600e+16
3.100188276980033152e+03 2.070073139796208000e+16
3.100521845763869351e+03 2.070136974805481600e+16
3.100855414547706459e+03 2.070203671198302400e+16
3.101188983331543568e+03 2.070273238549648000e+16
3.101522552115380222e+03 2.070345686123360800e+16
3.101856120899217331e+03 2.070421022875705200e+16
3.102189689683053984e+03 2.070499257458850400e+16
3.102523258466891093e+03 2.070580398224314400e+16
3.102856827250728202e+03 2.070664453226342000e+16
3.103190396034564856e+03 2.070751430225230400e+16
3.103523964818401964e+03 2.070841336690581600e+16
3.103857533602238618e+03 2.070934179804495200e+16
3.104191102386075727e+03 2.071029966464704800e+16
3.104524671169912835e+03 2.071128703287628800e+16
3.104858239953749035e+03 2.071230396611373600e+16
3.105191808737586143e+03 2.071335052498640000e+16
3.105525377521422797e+03 2.071442676739582400e+16
3.105858946305259906e+03 2.071553274854576800e+16
3.106192515089097014e+03 2.071666852096913600e+16
3.106526083872933668e+03 2.071783413455420400e+16
3.106859652656770777e+03 2.071902963657000400e+16
3.107193221440607431e+03 2.072025507169085600e+16
3.107526790224444539e+03 2.072151048202017600e+16
3.107860359008281648e+03 2.072279590711332000e+16
3.108193927792118302e+03 2.072411138399968000e+16
3.108527496575954956e+03 2.072545694720387200e+16
3.108861065359791610e+03 2.072683262876597600e+16
3.109194634143628718e+03 2.072823845826103200e+16
3.109528202927465827e+03 2.072967446281743600e+16
3.109861771711302481e+03 2.073114066713454400e+16
3.110195340495139590e+03 2.073263709349936800e+16
3.110528909278976244e+03 2.073416376180216800e+16
3.110862478062813352e+03 2.073572068955129600e+16
3.111196046846650461e+03 2.073730789188686400e+16
3.111529615630487115e+03 2.073892538159357600e+16
3.111863184414324223e+03 2.074057316911257600e+16
3.112196753198160422e+03 2.074225126255217600e+16
3.112530321981997531e+03 2.074395966769768800e+16
3.112863890765834640e+03 2.074569838802022800e+16
3.113197459549671294e+03 2.074746742468441600e+16
3.113531028333508402e+03 2.074926677655519200e+16
3.113864597117345056e+03 2.075109644020338800e+16
3.114198165901182165e+03 2.075295640991049600e+16
3.114531734685019273e+03 2.075484667767213600e+16
3.114865303468855927e+03 2.075676723320067200e+16
3.115198872252693036e+03 2.075871806392661600e+16
3.115532441036529690e+03 2.076069915499902400e+16
3.115866009820366799e+03 2.076271048928488800e+16
3.116199578604203907e+03 2.076475204736724800e+16
3.116533147388040106e+03 2.076682380754242400e+16
3.116866716171877215e+03 2.076892574581609200e+16
3.117200284955713869e+03 2.077105783589817200e+16
3.117533853739550977e+03 2.077322004919676000e+16
3.117867422523388086e+03 2.077541235481092800e+16
3.118200991307224740e+03 2.077763471952235600e+16
3.118534560091061849e+03 2.077988710778594000e+16
3.118868128874898503e+03 2.078216948171930000e+16
3.119201697658735611e+03 2.078448180109112800e+16
3.119535266442572720e+03 2.078682402330846000e+16
3.119868835226409374e+03 2.078919610340290000e+16
3.120202404010246028e+03 2.079159799401568000e+16
3.120535972794082682e+03 2.079402964538165600e+16
3.120869541577919790e+03 2.079649100531222400e+16
3.121203110361756899e+03 2.079898201917706400e+16
3.121536679145593553e+03 2.080150262988491200e+16
3.121870247929430661e+03 2.080405277786317600e+16
3.122203816713267315e+03 2.080663240103646000e+16
3.122537385497104424e+03 2.080924143480407200e+16
3.122870954280941532e+03 2.081187981201640400e+16
3.123204523064778186e+03 2.081454746295025600e+16
3.123538091848615295e+03 2.081724431528318800e+16
3.123871660632451494e+03 2.081997029406666400e+16
3.124205229416288603e+03 2.082272532169829600e+16
3.124538798200125711e+03 2.082550931789295200e+16
3.124872366983962365e+03 2.082832219965294000e+16
3.125205935767799474e+03 2.083116388123706000e+16
3.125539504551636128e+03 2.083403427412875200e+16
3.125873073335473237e+03 2.083693328700312000e+16
3.126206642119310345e+03 2.083986082569318400e+16
3.126540210903146999e+03 2.084281679315489600e+16
3.126873779686984108e+03 2.084580108943140000e+16
3.127207348470820762e+03 2.084881361161623200e+16
3.127540917254657870e+03 2.085185425381568000e+16
3.127874486038494979e+03 2.085492290711004800e+16
3.128208054822331178e+03 2.085801945951424000e+16
3.128541623606168287e+03 2.086114379593729200e+16
3.128875192390004941e+03 2.086429579814108800e+16
3.129208761173842049e+03 2.086747534469822800e+16
3.129542329957679158e+03 2.087068231094900000e+16
3.129875898741515812e+03 2.087391656895760000e+16
3.130209467525352920e+03 2.087717798746753600e+16
3.130543036309189574e+03 2.088046643185617200e+16
3.130876605093026683e+03 2.088378176408858800e+16
3.131210173876863792e+03 2.088712384267071200e+16
3.131543742660700445e+03 2.089049252260160000e+16
3.131877311444537099e+03 2.089388765532527600e+16
3.132210880228373753e+03 2.089730908868150800e+16
3.132544449012210862e+03 2.090075666685633200e+16
3.132878017796047970e+03 2.090423023033166400e+16
3.133211586579884624e+03 2.090772961583445200e+16
3.133545155363721733e+03 2.091125465628519200e+16
3.133878724147558387e+03 2.091480518074590400e+16
3.134212292931395496e+03 2.091838101436762000e+16
3.134545861715232604e+03 2.092198197833728800e+16
3.134879430499069258e+03 2.092560788982426400e+16
3.135212999282906367e+03 2.092925856192645600e+16
3.135546568066742566e+03 2.093293380361582000e+16
3.135880136850579675e+03 2.093663341968371200e+16
3.136213705634416783e+03 2.094035721068578800e+16
3.136547274418253437e+03 2.094410497288658800e+16
3.136880843202090546e+03 2.094787649820387200e+16
3.137214411985927200e+03 2.095167157415264000e+16
3.137547980769764308e+03 2.095548998378908000e+16
3.137881549553601417e+03 2.095933150565414400e+16
3.138215118337438071e+03 2.096319591371712000e+16
3.138548687121275179e+03 2.096708297731908000e+16
3.138882255905111833e+03 2.097099246111618000e+16
3.139215824688948942e+03 2.097492412502307200e+16
3.139549393472786051e+03 2.097887772415613200e+16
3.139882962256622250e+03 2.098285300877690400e+16
3.140216531040459358e+03 2.098684972423558400e+16
3.140550099824296012e+03 2.099086761091454400e+16
3.140883668608133121e+03 2.099490640417215200e+16
3.141217237391970230e+03 2.099896583428673200e+16
3.141550806175806883e+03 2.100304562640076800e+16
3.141884374959643992e+03 2.100714550046553600e+16
3.142217943743480646e+03 2.101126517118580800e+16
3.142551512527317755e+03 2.101540434796528000e+16
3.142885081311154863e+03 2.101956273485216800e+16
3.143218650094991517e+03 2.102374003048539200e+16
3.143552218878828171e+03 2.102793592804132800e+16
3.143885787662664825e+03 2.103215011518104400e+16
3.144219356446501934e+03 2.103638227399823200e+16
3.144552925230339042e+03 2.104063208096772400e+16
3.144886494014175696e+03 2.104489920689487600e+16
3.145220062798012805e+03 2.104918331686556800e+16
3.145553631581849459e+03 2.105348407019712000e+16
3.145887200365686567e+03 2.105780112039003600e+16
3.146220769149523676e+03 2.106213411508076000e+16
3.146554337933360330e+03 2.106648269599524800e+16
3.146887906717197438e+03 2.107084649890376800e+16
3.147221475501033638e+03 2.107522515357660800e+16
3.147555044284870746e+03 2.107961828374105600e+16
3.147888613068707855e+03 2.108402550703946400e+16
3.148222181852544509e+03 2.108844643498865600e+16
3.148555750636381617e+03 2.109288067294059600e+16
3.148889319420218271e+03 2.109732782004434400e+16
3.149222888204055380e+03 2.110178746920961600e+16
3.149556456987892489e+03 2.110625920707159600e+16
3.149890025771729142e+03 2.111074261395737200e+16
3.150223594555566251e+03 2.111523726385404400e+16
3.150557163339402905e+03 2.111974272437826400e+16
3.150890732123240014e+03 2.112425855674770800e+16
3.151224300907077122e+03 2.112878431575410800e+16
3.151557869690913321e+03 2.113331954973820800e+16
3.151891438474750430e+03 2.113786380056657600e+16
3.152225007258587084e+03 2.114241660361030800e+16
3.152558576042424193e+03 2.114697748772576000e+16
3.152892144826261301e+03 2.115154597523729600e+16
3.153225713610097955e+03 2.115612158192210400e+16
3.153559282393935064e+03 2.116070381699733600e+16
3.153892851177771718e+03 2.116529218310920000e+16
3.154226419961608826e+03 2.116988617632460000e+16
3.154559988745445935e+03 2.117448528612490400e+16
3.154893557529282589e+03 2.117908899540220800e+16
3.155227126313119243e+03 2.118369678045805600e+16
3.155560695096955897e+03 2.118830811100456000e+16
3.155894263880793005e+03 2.119292245016822800e+16
3.156227832664630114e+03 2.119753925449628000e+16
3.156561401448466768e+03 2.120215797396572800e+16
3.156894970232303876e+03 2.120677805199510400e+16
3.157228539016140530e+03 2.121139892545902000e+16
3.157562107799977639e+03 2.121602002470563200e+16
3.157895676583814748e+03 2.122064077357678000e+16
3.158229245367651401e+03 2.122526058943131600e+16
3.158562814151488510e+03 2.122987888317127600e+16
3.158896382935324709e+03 2.123449505927110800e+16
3.159229951719161818e+03 2.123910851581009600e+16
3.159563520502998927e+03 2.124371864450775200e+16
3.159897089286835580e+03 2.124832483076259200e+16
3.160230658070672689e+03 2.125292645369402400e+16
3.160564226854509343e+03 2.125752288618754800e+16
3.160897795638346452e+03 2.126211349494332000e+16
3.161231364422183105e+03 2.126669764052802400e+16
3.161564933206020214e+03 2.127127467743025600e+16
3.161898501989857323e+03 2.127584395411927600e+16
3.162232070773693977e+03 2.128040481310731200e+16
3.162565639557531085e+03 2.128495659101535200e+16
3.162899208341367284e+03 2.128949861864256000e+16
3.163232777125204393e+03 2.129403022103930400e+16
3.163566345909041502e+03 2.129855071758372800e+16
3.163899914692878156e+03 2.130305942206208000e+16
3.164233483476715264e+03 2.130755564275278400e+16
3.164567052260551918e+03 2.131203868251411600e+16
3.164900621044389027e+03 2.131650783887577200e+16
3.165234189828226135e+03 2.132096240413409600e+16
3.165567758612062789e+03 2.132540166545119200e+16
3.165901327395899898e+03 2.132982490495784800e+16
3.166234896179736552e+03 2.133423139986025200e+16
3.166568464963573660e+03 2.133862042255064000e+16
3.166902033747410314e+03 2.134299124072176800e+16
3.167235602531246968e+03 2.134734311748526800e+16
3.167569171315084077e+03 2.135167531149391200e+16
3.167902740098920731e+03 2.135598707706776800e+16
3.168236308882757839e+03 2.136027766432426800e+16
3.168569877666594948e+03 2.136454631931211200e+16
3.168903446450431602e+03 2.136879228414920800e+16
3.169237015234268711e+03 2.137301479716438400e+16
3.169570584018105365e+03 2.137721309304300800e+16
3.169904152801942473e+03 2.138138640297664800e+16
3.170237721585779582e+03 2.138553395481628800e+16
3.170571290369615781e+03 2.138965497322971200e+16
3.170904859153452890e+03 2.139374867986260800e+16
3.171238427937289543e+03 2.139781429350337600e+16
3.171571996721126652e+03 2.140185103025188800e+16
3.171905565504963761e+03 2.140585810369195600e+16
3.172239134288800415e+03 2.140983472506752800e+16
3.172572703072637523e+03 2.141378010346254800e+16
3.172906271856474177e+03 2.141769344598454800e+16
3.173239840640311286e+03 2.142157395795185200e+16
3.173573409424148394e+03 2.142542084308431200e+16
3.173906978207985048e+03 2.142923330369757600e+16
3.174240546991822157e+03 2.143301054090099200e+16
3.174574115775658356e+03 2.143675175479869600e+16
3.174907684559495465e+03 2.144045614469436800e+16
3.175241253343332573e+03 2.144412290929896000e+16
3.175574822127169227e+03 2.144775124694204400e+16
3.175908390911006336e+03 2.145134035578611200e+16
3.176241959694842990e+03 2.145488943404404400e+16
3.176575528478680098e+03 2.145839768019967600e+16
3.176909097262517207e+03 2.146186429323130400e+16
3.177242666046353861e+03 2.146528847283805200e+16
3.177576234830190970e+03 2.146866941966916400e+16
3.177909803614027624e+03 2.147200633555588000e+16
3.178243372397864732e+03 2.147529842374601600e+16
3.178576941181701386e+03 2.147854488914112800e+16
3.178910509965538040e+03 2.148174493853600800e+16
3.179244078749375149e+03 2.148489778086070000e+16
3.179577647533211803e+03 2.148800262742456800e+16
3.179911216317048911e+03 2.149105869216268800e+16
3.180244785100886020e+03 2.149406519188412800e+16
3.180578353884722674e+03 2.149702134652225600e+16
3.180911922668559782e+03 2.149992637938684800e+16
3.181245491452396436e+03 2.150277951741776800e+16
3.181579060236233545e+03 2.150557999144041200e+16
3.181912629020070653e+03 2.150832703642244000e+16
3.182246197803906853e+03 2.151101989173194800e+16
3.182579766587743961e+03 2.151365780139672000e+16
3.182913335371580615e+03 2.151624001436468800e+16
3.183246904155417724e+03 2.151876578476521600e+16
3.183580472939254832e+03 2.152123437217121600e+16
3.183914041723091486e+03 2.152364504186192000e+16
3.184247610506928595e+03 2.152599706508623200e+16
3.184581179290765249e+03 2.152828971932631600e+16
3.184914748074602358e+03 2.153052228856161200e+16
3.185248316858439466e+03 2.153269406353274400e+16
3.185581885642276120e+03 2.153480434200552000e+16
3.185915454426113229e+03 2.153685242903464000e+16
3.186249023209949428e+03 2.153883763722708000e+16
3.186582591993786536e+03 2.154075928700496800e+16
3.186916160777623645e+03 2.154261670686772800e+16
3.187249729561460299e+03 2.154440923365347600e+16
3.187583298345297408e+03 2.154613621279944800e+16
3.187916867129134062e+03 2.154779699860117600e+16
3.188250435912971170e+03 2.154939095447057600e+16
3.188584004696808279e+03 2.155091745319233600e+16
3.188917573480644933e+03 2.155237587717889600e+16
3.189251142264482041e+03 2.155376561872356000e+16
3.189584711048318695e+03 2.155508608025169600e+16
3.189918279832155804e+03 2.155633667456986400e+16
3.190251848615992458e+03 2.155751682511265600e+16
3.190585417399829112e+03 2.155862596618718400e+16
3.190918986183666220e+03 2.155966354321495600e+16
3.191252554967502874e+03 2.156062901297102000e+16
3.191586123751339983e+03 2.156152184382026800e+16
3.191919692535177091e+03 2.156234151595066400e+16
3.192253261319013745e+03 2.156308752160328800e+16
3.192586830102850854e+03 2.156375936529896400e+16
3.192920398886687508e+03 2.156435656406157600e+16
3.193253967670524617e+03 2.156487864763743200e+16
3.193587536454361725e+03 2.156532515871112400e+16
3.193921105238197924e+03 2.156569565311712400e+16
3.194254674022035033e+03 2.156598970004762400e+16
3.194588242805871687e+03 2.156620688225576800e+16
3.194921811589708796e+03 2.156634679625479200e+16
3.195255380373545904e+03 2.156640905251240800e+16
3.195588949157382558e+03 2.156639327564068800e+16
3.195922517941219667e+03 2.156629910458106400e+16
3.196256086725056321e+03 2.156612619278434400e+16
3.196589655508893429e+03 2.156587420838584000e+16
3.196923224292730538e+03 2.156554283437504800e+16
3.197256793076567192e+03 2.156513176876026000e+16
3.197590361860404300e+03 2.156464072472761200e+16
3.197923930644240500e+03 2.156406943079457600e+16
3.198257499428077608e+03 2.156341763095795200e+16
3.198591068211914717e+03 2.156268508483583200e+16
3.198924636995751371e+03 2.156187156780389200e+16
3.199258205779588479e+03 2.156097687112571200e+16
3.199591774563425133e+03 2.156000080207692000e+16
3.199925343347262242e+03 2.155894318406323200e+16
3.200258912131099351e+03 2.155780385673226400e+16
3.200592480914936004e+03 2.155658267607901200e+16
3.200926049698773113e+03 2.155527951454492000e+16
3.201259618482609767e+03 2.155389426111042400e+16
3.201593187266446876e+03 2.155242682138107200e+16
3.201926756050283529e+03 2.155087711766684000e+16
3.202260324834120183e+03 2.154924508905500000e+16
3.202593893617957292e+03 2.154753069147606400e+16
3.202927462401793946e+03 2.154573389776308800e+16
3.203261031185631055e+03 2.154385469770411200e+16
3.203594599969468163e+03 2.154189309808773200e+16
3.203928168753304817e+03 2.153984912274176400e+16
3.204261737537141926e+03 2.153772281256510400e+16
3.204595306320978580e+03 2.153551422555246800e+16
3.204928875104815688e+03 2.153322343681233600e+16
3.205262443888652797e+03 2.153085053857782800e+16
3.205596012672488996e+03 2.152839564021058400e+16
3.205929581456326105e+03 2.152585886819782400e+16
3.206263150240162759e+03 2.152324036614218800e+16
3.206596719023999867e+03 2.152054029474484800e+16
3.206930287807836976e+03 2.151775883178143200e+16
3.207263856591673630e+03 2.151489617207119200e+16
3.207597425375510738e+03 2.151195252743924400e+16
3.207930994159347392e+03 2.150892812667178800e+16
3.208264562943184501e+03 2.150582321546462400e+16
3.208598131727021610e+03 2.150263805636481200e+16
3.208931700510858263e+03 2.149937292870552800e+16
3.209265269294695372e+03 2.149602812853433600e+16
3.209598838078531571e+03 2.149260396853459600e+16
3.209932406862368680e+03 2.148910077794048000e+16
3.210265975646205789e+03 2.148551890244535200e+16
3.210599544430042442e+03 2.148185870410366400e+16
3.210933113213879551e+03 2.147812056122650800e+16
3.211266681997716205e+03 2.147430486827089600e+16
3.211600250781553314e+03 2.147041203572272800e+16
3.211933819565390422e+03 2.146644248997362400e+16
3.212267388349227076e+03 2.146239667319176800e+16
3.212600957133064185e+03 2.145827504318680000e+16
3.212934525916900839e+03 2.145407807326877600e+16
3.213268094700737947e+03 2.144980625210138000e+16
3.213601663484574601e+03 2.144546008354966800e+16
3.213935232268411255e+03 2.144104008652200800e+16
3.214268801052248364e+03 2.143654679480682800e+16
3.214602369836085018e+03 2.143198075690395200e+16
3.214935938619922126e+03 2.142734253585079200e+16
3.215269507403759235e+03 2.142263270904346400e+16
3.215603076187595889e+03 2.141785186805296800e+16
3.215936644971432997e+03 2.141300061843671200e+16
3.216270213755269651e+03 2.140807957954506000e+16
3.216603782539106760e+03 2.140308938432377200e+16
3.216937351322943869e+03 2.139803067911163200e+16
3.217270920106780068e+03 2.139290412343413600e+16
3.217604488890617176e+03 2.138771038979294400e+16
3.217938057674453830e+03 2.138245016345133600e+16
3.218271626458290939e+03 2.137712414221594400e+16
3.218605195242128048e+03 2.137173303621468000e+16
3.218938764025964701e+03 2.136627756767136000e+16
3.219272332809801810e+03 2.136075847067669600e+16
3.219605901593638464e+03 2.135517649095623200e+16
3.219939470377475573e+03 2.134953238563518000e+16
3.220273039161312681e+03 2.134382692300028800e+16
3.220606607945149335e+03 2.133806088225902800e+16
3.220940176728986444e+03 2.133223505329609600e+16
3.221273745512822643e+03 2.132635023642750000e+16
3.221607314296659752e+03 2.132040724215239200e+16
3.221940883080496860e+03 2.131440689090263600e+16
3.222274451864333514e+03 2.130835001279047600e+16
3.222608020648170623e+03 2.130223744735441600e+16
3.222941589432007277e+03 2.129607004330326000e+16
3.223275158215844385e+03 2.128984865825880400e+16
3.223608726999681494e+03 2.128357415849701200e+16
3.223942295783518148e+03 2.127724741868808000e+16
3.224275864567355256e+03 2.127086932163538800e+16
3.224609433351191910e+03 2.126444075801347200e+16
3.224943002135029019e+03 2.125796262610536400e+16
3.225276570918865673e+03 2.125143583153918800e+16
3.225610139702702327e+03 2.124486128702432000e+16
3.225943708486539435e+03 2.123823991208726400e+16
3.226277277270376089e+03 2.123157263280727200e+16
3.226610846054213198e+03 2.122486038155201200e+16
3.226944414838050307e+03 2.121810409671319200e+16
3.227277983621886960e+03 2.121130472244253600e+16
3.227611552405724069e+03 2.120446320838816400e+16
3.227945121189560723e+03 2.119758050943129600e+16
3.228278689973397832e+03 2.119065758542378400e+16
3.228612258757234940e+03 2.118369540092630000e+16
3.228945827541071139e+03 2.117669492494746000e+16
3.229279396324908248e+03 2.116965713068393600e+16
3.229612965108744902e+03 2.116258299526174800e+16
3.229946533892582011e+03 2.115547349947877600e+16
3.230280102676419119e+03 2.114832962754862800e+16
3.230613671460255773e+03 2.114115236684606000e+16
3.230947240244092882e+03 2.113394270765400800e+16
3.231280809027929536e+03 2.112670164291212800e+16
3.231614377811766644e+03 2.111943016796752800e+16
3.231947946595603753e+03 2.111212928032698400e+16
3.232281515379440407e+03 2.110479997941148000e+16
3.232615084163277515e+03 2.109744326631274400e+16
3.232948652947113715e+03 2.109006014355199600e+16
3.233282221730950823e+03 2.108265161484099200e+16
3.233615790514787932e+03 2.107521868484543600e+16
3.233949359298624586e+03 2.106776235895087600e+16
3.234282928082461694e+03 2.106028364303119600e+16
3.234616496866298348e+03 2.105278354321960000e+16
3.234950065650135457e+03 2.104526306568244800e+16
3.235283634433972566e+03 2.103772321639570400e+16
3.235617203217809219e+03 2.103016500092440800e+16
3.235950772001646328e+03 2.102258942420486000e+16
3.236284340785482982e+03 2.101499749032990000e+16
3.236617909569320091e+03 2.100739020233717200e+16
3.236951478353156745e+03 2.099976856200043600e+16
3.237285047136993398e+03 2.099213356962405600e+16
3.237618615920830507e+03 2.098448622384070800e+16
3.237952184704667161e+03 2.097682752141212800e+16
3.238285753488504270e+03 2.096915845703340800e+16
3.238619322272341378e+03 2.096148002314032800e+16
3.238952891056178032e+03 2.095379320972026800e+16
3.239286459840015141e+03 2.094609900412633600e+16
3.239620028623851795e+03 2.093839839089495600e+16
3.239953597407688903e+03 2.093069235156698400e+16
3.240287166191526012e+03 2.092298186451213600e+16
3.240620734975362211e+03 2.091526790475701200e+16
3.240954303759199320e+03 2.090755144381663200e+16
3.241287872543035974e+03 2.089983344952942400e+16
3.241621441326873082e+03 2.089211488589578400e+16
3.241955010110710191e+03 2.088439671292024800e+16
3.242288578894546845e+03 2.087667988645712400e+16
3.242622147678383953e+03 2.086896535805978800e+16
3.242955716462220607e+03 2.086125407483342400e+16
3.243289285246057716e+03 2.085354697929150400e+16
3.243622854029894825e+03 2.084584500921569200e+16
3.243956422813731479e+03 2.083814909751937600e+16
3.244289991597568587e+03 2.083046017211477600e+16
3.244623560381404786e+03 2.082277915578360000e+16
3.244957129165241895e+03 2.081510696605120400e+16
3.245290697949079004e+03 2.080744451506434400e+16
3.245624266732915657e+03 2.079979270947236800e+16
3.245957835516752766e+03 2.079215245031206400e+16
3.246291404300589420e+03 2.078452463289578400e+16
3.246624973084426529e+03 2.077691014670317600e+16
3.246958541868263637e+03 2.076930987527634400e+16
3.247292110652100291e+03 2.076172469611837200e+16
3.247625679435937400e+03 2.075415548059531200e+16
3.247959248219774054e+03 2.074660309384146800e+16
3.248292817003611162e+03 2.073906839466808800e+16
3.248626385787447816e+03 2.073155223547528800e+16
3.248959954571284470e+03 2.072405546216735600e+16
3.249293523355121579e+03 2.071657891407120800e+16
3.249627092138958233e+03 2.070912342385810800e+16
3.249960660922795341e+03 2.070168981746854800e+16
3.250294229706632450e+03 2.069427891404026000e+16
3.250627798490469104e+03 2.068689152583935200e+16
3.250961367274306212e+03 2.067952845819451200e+16
3.251294936058142866e+03 2.067219050943418400e+16
3.251628504841979975e+03 2.066487847082679200e+16
3.251962073625817084e+03 2.065759312652385600e+16
3.252295642409653283e+03 2.065033525350606000e+16
3.252629211193490391e+03 2.064310562153213200e+16
3.252962779977327045e+03 2.063590499309051200e+16
3.253296348761164154e+03 2.062873412335390800e+16
3.253629917545001263e+03 2.062159376013640400e+16
3.253963486328837917e+03 2.061448464385334800e+16
3.254297055112675025e+03 2.060740750748392800e+16
3.254630623896511679e+03 2.060036307653611600e+16
3.254964192680348788e+03 2.059335206901442800e+16
3.255297761464185896e+03 2.058637519538988800e+16
3.255631330248022550e+03 2.057943315857269600e+16
3.255964899031859659e+03 2.057252665388707200e+16
3.256298467815695858e+03 2.056565636904850400e+16
3.256632036599532967e+03 2.055882298414342400e+16
3.256965605383370075e+03 2.055202717161089600e+16
3.257299174167206729e+03 2.054526959622661200e+16
3.257632742951043838e+03 2.053855091508915600e+16
3.257966311734880492e+03 2.053187177760807200e+16
3.258299880518717600e+03 2.052523282549426800e+16
3.258633449302554709e+03 2.051863469275218400e+16
3.258967018086391363e+03 2.051207800567406400e+16
3.259300586870228472e+03 2.050556338283604400e+16
3.259634155654065125e+03 2.049909143509607600e+16
3.259967724437902234e+03 2.049266276559374000e+16
3.260301293221738888e+03 2.048627796975166800e+16
3.260634862005575542e+03 2.047993763527874800e+16
3.260968430789412650e+03 2.047364234217500000e+16
3.261301999573249304e+03 2.046739266273796000e+16
3.261635568357086413e+03 2.046118916157068400e+16
3.261969137140923522e+03 2.045503239559128800e+16
3.262302705924760176e+03 2.044892291404378400e+16
3.262636274708597284e+03 2.044286125851056000e+16
3.262969843492433938e+03 2.043684796292603200e+16
3.263303412276271047e+03 2.043088355359166400e+16
3.263636981060108155e+03 2.042496854919230800e+16
3.263970549843944355e+03 2.041910346081368800e+16
3.264304118627781463e+03 2.041328879196114800e+16
3.264637687411618117e+03 2.040752503857943200e+16
3.264971256195455226e+03 2.040181268907367600e+16
3.265304824979292334e+03 2.039615222433126800e+16
3.265638393763128988e+03 2.039054411774496000e+16
3.265971962546966097e+03 2.038498883523668800e+16
3.266305531330802751e+03 2.037948683528243200e+16
3.266639100114639859e+03 2.037403856893800800e+16
3.266972668898476968e+03 2.036864447986551200e+16
3.267306237682313622e+03 2.036330500436076000e+16
3.267639806466150731e+03 2.035802057138134400e+16
3.267973375249986930e+03 2.035279160257546000e+16
3.268306944033824038e+03 2.034761851231140000e+16
3.268640512817661147e+03 2.034250170770767600e+16
3.268974081601497801e+03 2.033744158866372400e+16
3.269307650385334910e+03 2.033243854789125200e+16
3.269641219169171563e+03 2.032749297094598400e+16
3.269974787953008672e+03 2.032260523626002000e+16
3.270308356736845781e+03 2.031777571517459200e+16
3.270641925520682435e+03 2.031300477197322400e+16
3.270975494304519543e+03 2.030829276391532000e+16
3.271309063088356197e+03 2.030364004127009600e+16
3.271642631872193306e+03 2.029904694735084400e+16
3.271976200656029960e+03 2.029451381854940000e+16
3.272309769439866614e+03 2.029004098437104800e+16
3.272643338223703722e+03 2.028562876746946400e+16
3.272976907007540376e+03 2.028127748368196800e+16
3.273310475791377485e+03 2.027698744206496800e+16
3.273644044575214593e+03 2.027275894492942800e+16
3.273977613359051247e+03 2.026859228787656000e+16
3.274311182142888356e+03 2.026448775983356000e+16
3.274644750926725010e+03 2.026044564308941200e+16
3.274978319710562118e+03 2.025646621333068800e+16
3.275311888494399227e+03 2.025254973967746400e+16
3.275645457278235426e+03 2.024869648471903200e+16
3.275979026062072535e+03 2.024490670454982400e+16
3.276312594845909189e+03 2.024118064880504800e+16
3.276646163629746297e+03 2.023751856069632800e+16
3.276979732413583406e+03 2.023392067704728000e+16
3.277313301197420060e+03 2.023038722832886800e+16
3.277646869981257169e+03 2.022691843869468800e+16
3.277980438765093822e+03 2.022351452601604800e+16
3.278314007548930931e+03 2.022017570191686400e+16
3.278647576332768040e+03 2.021690217180829200e+16
3.278981145116604694e+03 2.021369413492326000e+16
3.279314713900441802e+03 2.021055178435067200e+16
3.279648282684278001e+03 2.020747530706926400e+16
3.279981851468115110e+03 2.020446488398142400e+16
3.280315420251952219e+03 2.020152068994642800e+16
3.280648989035788873e+03 2.019864289381360000e+16
3.280982557819625981e+03 2.019583165845505200e+16
3.281316126603462635e+03 2.019308714079802000e+16
3.281649695387299744e+03 2.019040949185700000e+16
3.281983264171136852e+03 2.018779885676537200e+16
3.282316832954973506e+03 2.018525537480671600e+16
3.282650401738810615e+03 2.018277917944577200e+16
3.282983970522647269e+03 2.018037039835888800e+16
3.283317539306484377e+03 2.017802915346420800e+16
3.283651108090321031e+03 2.017575556095126400e+16
3.283984676874157685e+03 2.017354973131023600e+16
3.284318245657994794e+03 2.017141176936084800e+16
3.284651814441831448e+03 2.016934177428056000e+16
3.284985383225668556e+03 2.016733983963260800e+16
3.285318952009505665e+03 2.016540605339331200e+16
3.285652520793342319e+03 2.016354049797908800e+16
3.285986089577179428e+03 2.016174325027288000e+16
3.286319658361016081e+03 2.016001438165016800e+16
3.286653227144853190e+03 2.015835395800440800e+16
3.286986795928690299e+03 2.015676203977203600e+16
3.287320364712526498e+03 2.015523868195690800e+16
3.287653933496363607e+03 2.015378393415431200e+16
3.287987502280200260e+03 2.015239784057436000e+16
3.288321071064037369e+03 2.015108044006496800e+16
3.288654639847874478e+03 2.014983176613423200e+16
3.288988208631711132e+03 2.014865184697232000e+16
3.289321777415548240e+03 2.014754070547284000e+16
3.289655346199384894e+03 2.014649835925362400e+16
3.289988914983222003e+03 2.014552482067710400e+16
3.290322483767059111e+03 2.014462009686999600e+16
3.290656052550895765e+03 2.014378418974258000e+16
3.290989621334732874e+03 2.014301709600740000e+16
3.291323190118569073e+03 2.014231880719738400e+16
3.291656758902406182e+03 2.014168930968358000e+16
3.291990327686243290e+03 2.014112858469215200e+16
3.292323896470079944e+03 2.014063660832101600e+16
3.292657465253917053e+03 2.014021335155586000e+16
3.292991034037753707e+03 2.013985878028568800e+16
3.293324602821590815e+03 2.013957285531779600e+16
3.293658171605427924e+03 2.013935553239223200e+16
3.293991740389264578e+03 2.013920676219579600e+16
3.294325309173101687e+03 2.013912649037545600e+16
3.294658877956938341e+03 2.013911465755122400e+16
3.294992446740775449e+03 2.013917119932868400e+16
3.295326015524612103e+03 2.013929604631081600e+16
3.295659584308448757e+03 2.013948912410945600e+16
3.295993153092285866e+03 2.013975035335623600e+16
3.296326721876122519e+03 2.014007964971298400e+16
3.296660290659959628e+03 2.014047692388172800e+16
3.296993859443796737e+03 2.014094208161416000e+16
3.297327428227633391e+03 2.014147502372062400e+16
3.297660997011470499e+03 2.014207564607872000e+16
3.297994565795307153e+03 2.014274383964136800e+16
3.298328134579144262e+03 2.014347949044445200e+16
3.298661703362981370e+03 2.014428247961407200e+16
3.298995272146817570e+03 2.014515268337326000e+16
3.299328840930654678e+03 2.014608997304842400e+16
3.299662409714491332e+03 2.014709421507516800e+16
3.299995978498328441e+03 2.014816527100395600e+16
3.300329547282165549e+03 2.014930299750516400e+16
3.300663116066002203e+03 2.015050724637386000e+16
3.300996684849839312e+03 2.015177786453416000e+16
3.301330253633675966e+03 2.015311469404327200e+16
3.301663822417513074e+03 2.015451757209515200e+16
3.301997391201350183e+03 2.015598633102372800e+16
3.302330959985186837e+03 2.015752079830596800e+16
3.302664528769023946e+03 2.015912079656446800e+16
3.302998097552860145e+03 2.016078614356984000e+16
3.303331666336697253e+03 2.016251665224267600e+16
3.303665235120534362e+03 2.016431213065533200e+16
3.303998803904371016e+03 2.016617238203341600e+16
3.304332372688208125e+03 2.016809720475699200e+16
3.304665941472044778e+03 2.017008639236148000e+16
3.304999510255881887e+03 2.017213973353847200e+16
3.305333079039718996e+03 2.017425701213613200e+16
3.305666647823555650e+03 2.017643800715956000e+16
3.306000216607392758e+03 2.017868249277082400e+16
3.306333785391229412e+03 2.018099023828890000e+16
3.306667354175066521e+03 2.018336100818942400e+16
3.307000922958903175e+03 2.018579456210424800e+16
3.307334491742739829e+03 2.018829065482087600e+16
3.307668060526576937e+03 2.019084903628184800e+16
3.308001629310413591e+03 2.019346945158392000e+16
3.308335198094250700e+03 2.019615164097720800e+16
3.308668766878087808e+03 2.019889533986417600e+16
3.309002335661924462e+03 2.020170027879869600e+16
3.309335904445761571e+03 2.020456618348501200e+16
3.309669473229598225e+03 2.020749277477654400e+16
3.310003042013435334e+03 2.021047976867495200e+16
3.310336610797272442e+03 2.021352687632888000e+16
3.310670179581108641e+03 2.021663380403302800e+16
3.311003748364945750e+03 2.021980025322705600e+16
3.311337317148782404e+03 2.022302592049460800e+16
3.311670885932619512e+03 2.022631049756252400e+16
3.312004454716456621e+03 2.022965367129991200e+16
3.312338023500293275e+03 2.023305512371752800e+16
3.312671592284130384e+03 2.023651453196723600e+16
3.313005161067967038e+03 2.024003156834154800e+16
3.313338729851804146e+03 2.024360590027346000e+16
3.313672298635641255e+03 2.024723719033630400e+16
3.314005867419477909e+03 2.025092509624398400e+16
3.314339436203315017e+03 2.025466927085130400e+16
3.314673004987151216e+03 2.025846936215459600e+16
3.315006573770988325e+03 2.026232501329264400e+16
3.315340142554825434e+03 2.026623586254776000e+16
3.315673711338662088e+03 2.027020154334730000e+16
3.316007280122499196e+03 2.027422168426553200e+16
3.316340848906335850e+03 2.027829590902556800e+16
3.316674417690172959e+03 2.028242383650208800e+16
3.317007986474010067e+03 2.028660508072402800e+16
3.317341555257846721e+03 2.029083925087798400e+16
3.317675124041683830e+03 2.029512595131186400e+16
3.318008692825520484e+03 2.029946478153899600e+16
3.318342261609357593e+03 2.030385533624284000e+16
3.318675830393194246e+03 2.030829720528199200e+16
3.319009399177030900e+03 2.031278997369580800e+16
3.319342967960868009e+03 2.031733322171058400e+16
3.319676536744704663e+03 2.032192652474616800e+16
3.320010105528541771e+03 2.032656945342327200e+16
3.320343674312378880e+03 2.033126157357125600e+16
3.320677243096215534e+03 2.033600244623659600e+16
3.321010811880052643e+03 2.034079162769201600e+16
3.321344380663889297e+03 2.034562866944612800e+16
3.321677949447726405e+03 2.035051311825394000e+16
3.322011518231563514e+03 2.035544451612789600e+16
3.322345087015399713e+03 2.036042240034975600e+16
3.322678655799236822e+03 2.036544630348314800e+16
3.323012224583073476e+03 2.037051575338683600e+16
3.323345793366910584e+03 2.037563027322893200e+16
3.323679362150747693e+03 2.038078938150170400e+16
3.324012930934584347e+03 2.038599259203739600e+16
3.324346499718421455e+03 2.039123941402471600e+16
3.324680068502258109e+03 2.039652935202633600e+16
3.325013637286095218e+03 2.040186190599724000e+16
3.325347206069932326e+03 2.040723657130388800e+16
3.325680774853768980e+03 2.041265283874442400e+16
3.326014343637606089e+03 2.041811019456978000e+16
3.326347912421442288e+03 2.042360812050576000e+16
3.326681481205279397e+03 2.042914609377606400e+16
3.327015049989116505e+03 2.043472358712640000e+16
3.327348618772953159e+03 2.044034006884961600e+16
3.327682187556790268e+03 2.044599500281175200e+16
3.328015756340626922e+03 2.045168784847934400e+16
3.328349325124464031e+03 2.045741806094770800e+16
3.328682893908301139e+03 2.046318509097032000e+16
3.329016462692137793e+03 2.046898838498936800e+16
3.329350031475974902e+03 2.047482738516740000e+16
3.329683600259811556e+03 2.048070152942024000e+16
3.330017169043648664e+03 2.048661025145089600e+16
3.330350737827484863e+03 2.049255298078484000e+16
3.330684306611321972e+03 2.049852914280643200e+16
3.331017875395159081e+03 2.050453815879652400e+16
3.331351444178995735e+03 2.051057944597143200e+16
3.331685012962832843e+03 2.051665241752304000e+16
3.332018581746669497e+03 2.052275648266030400e+16
3.332352150530506606e+03 2.052889104665198000e+16
3.332685719314343714e+03 2.053505551087064800e+16
3.333019288098180368e+03 2.054124927283809600e+16
3.333352856882017477e+03 2.054747172627211200e+16
3.333686425665853676e+03 2.055372226113445600e+16
3.334019994449690785e+03 2.056000026368034800e+16
3.334353563233527893e+03 2.056630511650930800e+16
3.334687132017364547e+03 2.057263619861730800e+16
3.335020700801201656e+03 2.057899288545048800e+16
3.335354269585038310e+03 2.058537454896005600e+16
3.335687838368875418e+03 2.059178055765886800e+16
3.336021407152712527e+03 2.059821027667925600e+16
3.336354975936549181e+03 2.060466306783236800e+16
3.336688544720386290e+03 2.061113828966901600e+16
3.337022113504222943e+03 2.061763529754186400e+16
3.337355682288060052e+03 2.062415344366924000e+16
3.337689251071897161e+03 2.063069207720029200e+16
3.338022819855733360e+03 2.063725054428168000e+16
3.338356388639570469e+03 2.064382818812582800e+16
3.338689957423407122e+03 2.065042434908052000e+16
3.339023526207244231e+03 2.065703836470019200e+16
3.339357094991081340e+03 2.066366956981848800e+16
3.339690663774917994e+03 2.067031729662257600e+16
3.340024232558755102e+03 2.067698087472882400e+16
3.340357801342591756e+03 2.068365963125999600e+16
3.340691370126428865e+03 2.069035289092398400e+16
3.341024938910265973e+03 2.069705997609410400e+16
3.341358507694102627e+03 2.070378020689075200e+16
3.341692076477939736e+03 2.071051290126480800e+16
3.342025645261775935e+03 2.071725737508225200e+16
3.342359214045613044e+03 2.072401294221060000e+16
3.342692782829450152e+03 2.073077891460652800e+16
3.343026351613286806e+03 2.073755460240524800e+16
3.343359920397123915e+03 2.074433931401122800e+16
3.343693489180960569e+03 2.075113235619040800e+16
3.344027057964797677e+03 2.075793303416398400e+16
3.344360626748634786e+03 2.076474065170351200e+16
3.344694195532471440e+03 2.077155451122751200e+16
3.345027764316308549e+03 2.077837391389971200e+16
3.345361333100144748e+03 2.078519815972833600e+16
3.345694901883981856e+03 2.079202654766724000e+16
3.346028470667818965e+03 2.079885837571808000e+16
3.346362039451655619e+03 2.080569294103415200e+16
3.346695608235492728e+03 2.081252954002546400e+16
3.347029177019329381e+03 2.081936746846519600e+16
3.347362745803166490e+03 2.082620602159752400e+16
3.347696314587003599e+03 2.083304449424674800e+16
3.348029883370840253e+03 2.083988218092775200e+16
3.348363452154677361e+03 2.084671837595770400e+16
3.348697020938514015e+03 2.085355237356907200e+16
3.349030589722351124e+03 2.086038346802389600e+16
3.349364158506188232e+03 2.086721095372910400e+16
3.349697727290024432e+03 2.087403412535330400e+16
3.350031296073861540e+03 2.088085227794455200e+16
3.350364864857698194e+03 2.088766470704925600e+16
3.350698433641535303e+03 2.089447070883232800e+16
3.351032002425372411e+03 2.090126958019828000e+16
3.351365571209209065e+03 2.090806061891345200e+16
3.351699139993046174e+03 2.091484312372929200e+16
3.352032708776882828e+03 2.092161639450652400e+16
3.352366277560719936e+03 2.092837973234038000e+16
3.352699846344557045e+03 2.093513243968672400e+16
3.353033415128393699e+03 2.094187382048907200e+16
3.353366983912230808e+03 2.094860318030649600e+16
3.353700552696067007e+03 2.095531982644224800e+16
3.354034121479904115e+03 2.096202306807333600e+16
3.354367690263741224e+03 2.096871221638074400e+16
3.354701259047577878e+03 2.097538658468029200e+16
3.355034827831414987e+03 2.098204548855440000e+16
3.355368396615251640e+03 2.098868824598414000e+16
3.355701965399088749e+03 2.099531417748226800e+16
3.356035534182925858e+03 2.100192260622643200e+16
3.356369102966762512e+03 2.100851285819311600e+16
3.356702671750599620e+03 2.101508426229195200e+16
3.357036240534435819e+03 2.102163615050045600e+16
3.357369809318272928e+03 2.102816785799911200e+16
3.357703378102110037e+03 2.103467872330684800e+16
3.358036946885946691e+03 2.104116808841662400e+16
3.358370515669783799e+03 2.104763529893144800e+16
3.358704084453620453e+03 2.105407970420038800e+16
3.359037653237457562e+03 2.106050065745483200e+16
3.359371222021294670e+03 2.106689751594472400e+16
3.359704790805131324e+03 2.107326964107489200e+16
3.360038359588968433e+03 2.107961639854134400e+16
3.360371928372805087e+03 2.108593715846744000e+16
3.360705497156642195e+03 2.109223129553994400e+16
3.361039065940479304e+03 2.109849818914497600e+16
3.361372634724315503e+03 2.110473722350351200e+16
3.361706203508152612e+03 2.111094778780692000e+16
3.362039772291989266e+03 2.111712927635178800e+16
3.362373341075826374e+03 2.112328108867460400e+16
3.362706909859663483e+03 2.112940262968588000e+16
3.363040478643500137e+03 2.113549330980381200e+16
3.363374047427337246e+03 2.114155254508728800e+16
3.363707616211173900e+03 2.114757975736832000e+16
3.364041184995011008e+03 2.115357437438386800e+16
3.364374753778848117e+03 2.115953582990678000e+16
3.364708322562684771e+03 2.116546356387604800e+16
3.365041891346521879e+03 2.117135702252617200e+16
3.365375460130358078e+03 2.117721565851568000e+16
3.365709028914195187e+03 2.118303893105452000e+16
3.366042597698032296e+03 2.118882630603068000e+16
3.366376166481868950e+03 2.119457725613547200e+16
3.366709735265706058e+03 2.120029126098792000e+16
3.367043304049542712e+03 2.120596780725774800e+16
3.367376872833379821e+03 2.121160638878726800e+16
3.367710441617216929e+03 2.121720650671192000e+16
3.368044010401053583e+03 2.122276766957943200e+16
3.368377579184890692e+03 2.122828939346762000e+16
3.368711147968726891e+03 2.123377120210066400e+16
3.369044716752564000e+03 2.123921262696390000e+16
3.369378285536401108e+03 2.124461320741699200e+16
3.369711854320237762e+03 2.124997249080553200e+16
3.370045423104074871e+03 2.125529003257096000e+16
3.370378991887911525e+03 2.126056539635858800e+16
3.370712560671748633e+03 2.126579815412413600e+16
3.371046129455585742e+03 2.127098788623807200e+16
3.371379698239422396e+03 2.127613418158838400e+16
3.371713267023259505e+03 2.128123663768119200e+16
3.372046835807096159e+03 2.128629486073945600e+16
3.372380404590933267e+03 2.129130846579962000e+16
3.372713973374770376e+03 2.129627707680619600e+16
3.373047542158606575e+03 2.130120032670414400e+16
3.373381110942443684e+03 2.130607785752922000e+16
3.373714679726280337e+03 2.131090932049589200e+16
3.374048248510117446e+03 2.131569437608314000e+16
3.374381817293954555e+03 2.132043269411787200e+16
3.374715386077791209e+03 2.132512395385601600e+16
3.375048954861628317e+03 2.132976784406121600e+16
3.375382523645464971e+03 2.133436406308100400e+16
3.375716092429302080e+03 2.133891231892065200e+16
3.376049661213139188e+03 2.134341232931435600e+16
3.376383229996975842e+03 2.134786382179398400e+16
3.376716798780812951e+03 2.135226653375514000e+16
3.377050367564649150e+03 2.135662021252069600e+16
3.377383936348486259e+03 2.136092461540161200e+16
3.377717505132323367e+03 2.136517950975507200e+16
3.378051073916160021e+03 2.136938467303995200e+16
3.378384642699997130e+03 2.137353989286948000e+16
3.378718211483833784e+03 2.137764496706117200e+16
3.379051780267670892e+03 2.138169970368402000e+16
3.379385349051508001e+03 2.138570392110264800e+16
3.379718917835344655e+03 2.138965744801891200e+16
3.380052486619181764e+03 2.139356012351044000e+16
3.380386055403017963e+03 2.139741179706629200e+16
3.380719624186855071e+03 2.140121232861984800e+16
3.381053192970692180e+03 2.140496158857859200e+16
3.381386761754528834e+03 2.140865945785112800e+16
3.381720330538365943e+03 2.141230582787115200e+16
3.382053899322202597e+03 2.141590060061842800e+16
3.382387468106039705e+03 2.141944368863692000e+16
3.382721036889876814e+03 2.142293501504977600e+16
3.383054605673713468e+03 2.142637451357144000e+16
3.383388174457550576e+03 2.142976212851675600e+16
3.383721743241387230e+03 2.143309781480696800e+16
3.384055312025224339e+03 2.143638153797289600e+16
3.384388880809061448e+03 2.143961327415488400e+16
3.384722449592897647e+03 2.144279301009992800e+16
3.385056018376734755e+03 2.144592074315574400e+16
3.385389587160571409e+03 2.144899648126174400e+16
3.385723155944408518e+03 2.145202024293715600e+16
3.386056724728245626e+03 2.145499205726611600e+16
3.386390293512082280e+03 2.145791196387963600e+16
3.386723862295919389e+03 2.146078001293489600e+16
3.387057431079756043e+03 2.146359626509126400e+16
3.387390999863593152e+03 2.146636079148360800e+16
3.387724568647430260e+03 2.146907367369247200e+16
3.388058137431266914e+03 2.147173500371154000e+16
3.388391706215104023e+03 2.147434488391210400e+16
3.388725274998940222e+03 2.147690342700458400e+16
3.389058843782777330e+03 2.147941075599736000e+16
3.389392412566614439e+03 2.148186700415257600e+16
3.389725981350451093e+03 2.148427231493928000e+16
3.390059550134288202e+03 2.148662684198377200e+16
3.390393118918124856e+03 2.148893074901704400e+16
3.390726687701961964e+03 2.149118420981964800e+16
3.391060256485799073e+03 2.149338740816380000e+16
3.391393825269635727e+03 2.149554053775276800e+16
3.391727394053472835e+03 2.149764380215774400e+16
3.392060962837309035e+03 2.149969741475186000e+16
3.392394531621146143e+03 2.150170159864205200e+16
3.392728100404983252e+03 2.150365658659783600e+16
3.393061669188819906e+03 2.150556262097805200e+16
3.393395237972657014e+03 2.150741995365488800e+16
3.393728806756493668e+03 2.150922884593557200e+16
3.394062375540330777e+03 2.151098956848163200e+16
3.394395944324167885e+03 2.151270240122585600e+16
3.394729513108004539e+03 2.151436763328688400e+16
3.395063081891841648e+03 2.151598556288161200e+16
3.395396650675678302e+03 2.151755649723530400e+16
3.395730219459515411e+03 2.151908075248964800e+16
3.396063788243352519e+03 2.152055865360844800e+16
3.396397357027188718e+03 2.152199053428158400e+16
3.396730925811025827e+03 2.152337673682660800e+16
3.397064494594862481e+03 2.152471761208854800e+16
3.397398063378699590e+03 2.152601351933773600e+16
3.397731632162536698e+03 2.152726482616568000e+16
3.398065200946373352e+03 2.152847190837918000e+16
3.398398769730210461e+03 2.152963514989263200e+16
3.398732338514047115e+03 2.153075494261855600e+16
3.399065907297884223e+03 2.153183168635653600e+16
3.399399476081721332e+03 2.153286578868040800e+16
3.399733044865557986e+03 2.153385766482391200e+16
3.400066613649395094e+03 2.153480773756489600e+16
3.400400182433231294e+03 2.153571643710790400e+16
3.400733751217068402e+03 2.153658420096550400e+16
3.401067320000905511e+03 2.153741147383802800e+16
3.401400888784742165e+03 2.153819870749227600e+16
3.401734457568579273e+03 2.153894636063871600e+16
3.402068026352415927e+03 2.153965489880762800e+16
3.402401595136253036e+03 2.154032479422409200e+16
3.402735163920090145e+03 2.154095652568173600e+16
3.403068732703926798e+03 2.154155057841559200e+16
3.403402301487763907e+03 2.154210744397399200e+16
3.403735870271600106e+03 2.154262762008936000e+16
3.404069439055437215e+03 2.154311161054829600e+16
3.404403007839274323e+03 2.154355992506070000e+16
3.404736576623110977e+03 2.154397307912830800e+16
3.405070145406948086e+03 2.154435159391227200e+16
3.405403714190784740e+03 2.154469599610030400e+16
3.405737282974621849e+03 2.154500681777310400e+16
3.406070851758458957e+03 2.154528459627016800e+16
3.406404420542295611e+03 2.154552987405529600e+16
3.406737989326132720e+03 2.154574319858140800e+16
3.407071558109969374e+03 2.154592512215517600e+16
3.407405126893806482e+03 2.154607620180119200e+16
3.407738695677643591e+03 2.154619699912582400e+16
3.408072264461479790e+03 2.154628808018094400e+16
3.408405833245316899e+03 2.154635001532734000e+16
3.408739402029153553e+03 2.154638337909804400e+16
3.409072970812990661e+03 2.154638875006161600e+16
3.409406539596827770e+03 2.154636671068524000e+16
3.409740108380664424e+03 2.154631784719796800e+16
3.410073677164501532e+03 2.154624274945394800e+16
3.410407245948338186e+03 2.154614201079572400e+16
3.410740814732175295e+03 2.154601622791775600e+16
3.411074383516012404e+03 2.154586600073005200e+16
3.411407952299849057e+03 2.154569193222208800e+16
3.411741521083685711e+03 2.154549462832692000e+16
3.412075089867522365e+03 2.154527469778573600e+16
3.412408658651359474e+03 2.154503275201271200e+16
3.412742227435196583e+03 2.154476940496020800e+16
3.413075796219033236e+03 2.154448527298450000e+16
3.413409365002870345e+03 2.154418097471196800e+16
3.413742933786706999e+03 2.154385713090578000e+16
3.414076502570544108e+03 2.154351436433316800e+16
3.414410071354381216e+03 2.154315329963330400e+16
3.414743640138217870e+03 2.154277456318570000e+16
3.415077208922054979e+03 2.154237878297953600e+16
3.415410777705891178e+03 2.154196658848333200e+16
3.415744346489728287e+03 2.154153861051575600e+16
3.416077915273565395e+03 2.154109548111679600e+16
3.416411484057402049e+03 2.154063783342006400e+16
3.416745052841239158e+03 2.154016630152574000e+16
3.417078621625075812e+03 2.153968152037448800e+16
3.417412190408912920e+03 2.153918412562215200e+16
3.417745759192750029e+03 2.153867475351548800e+16
3.418079327976586683e+03 2.153815404076870400e+16
3.418412896760423791e+03 2.153762262444120000e+16
3.418746465544260445e+03 2.153708114181597600e+16
3.419080034328097554e+03 2.153653023027933600e+16
3.419413603111934663e+03 2.153597052720157200e+16
3.419747171895770862e+03 2.153540266981858000e+16
3.420080740679607970e+03 2.153482729511479200e+16
3.420414309463444624e+03 2.153424503970690400e+16
3.420747878247281733e+03 2.153365653972916400e+16
3.421081447031118842e+03 2.153306243071929600e+16
3.421415015814955495e+03 2.153246334750600800e+16
3.421748584598792604e+03 2.153185992409746400e+16
3.422082153382629258e+03 2.153125279357100000e+16
3.422415722166466367e+03 2.153064258796403600e+16
3.422749290950303475e+03 2.153002993816624800e+16
3.423082859734140129e+03 2.152941547381290400e+16
3.423416428517976783e+03 2.152879982317957600e+16
3.423749997301813437e+03 2.152818361307790400e+16
3.424083566085650546e+03 2.152756746875287200e+16
3.424417134869487654e+03 2.152695201378112000e+16
3.424750703653324308e+03 2.152633786997074000e+16
3.425084272437161417e+03 2.152572565726226400e+16
3.425417841220998071e+03 2.152511599363093600e+16
3.425751410004835179e+03 2.152450949499037600e+16
3.426084978788672288e+03 2.152390677509745600e+16
3.426418547572508942e+03 2.152330844545852000e+16
3.426752116356346050e+03 2.152271511523702400e+16
3.427085685140182250e+03 2.152212739116226400e+16
3.427419253924019358e+03 2.152154587743972800e+16
3.427752822707856467e+03 2.152097117566246000e+16
3.428086391491693121e+03 2.152040388472402800e+16
3.428419960275530229e+03 2.151984460073258800e+16
3.428753529059366883e+03 2.151929391692641600e+16
3.429087097843203992e+03 2.151875242359071200e+16
3.429420666627041101e+03 2.151822070797567200e+16
3.429754235410877754e+03 2.151769935421599200e+16
3.430087804194714863e+03 2.151718894325152000e+16
3.430421372978551517e+03 2.151669005274938400e+16
3.430754941762388626e+03 2.151620325702732800e+16
3.431088510546225734e+03 2.151572912697829600e+16
3.431422079330061933e+03 2.151526822999643200e+16
3.431755648113899042e+03 2.151482112990427200e+16
3.432089216897735696e+03 2.151438838688122400e+16
3.432422785681572805e+03 2.151397055739330000e+16
3.432756354465409913e+03 2.151356819412416000e+16
3.433089923249246567e+03 2.151318184590741200e+16
3.433423492033083676e+03 2.151281205765998400e+16
3.433757060816920330e+03 2.151245937031700000e+16
3.434090629600757438e+03 2.151212432076761600e+16
3.434424198384594547e+03 2.151180744179226800e+16
3.434757767168431201e+03 2.151150926200092000e+16
3.435091335952267855e+03 2.151123030577269600e+16
3.435424904736104509e+03 2.151097109319653200e+16
3.435758473519941617e+03 2.151073214001309200e+16
3.436092042303778726e+03 2.151051395755775200e+16
3.436425611087615380e+03 2.151031705270473600e+16
3.436759179871452488e+03 2.151014192781249600e+16
3.437092748655289142e+03 2.150998908066990800e+16
3.437426317439126251e+03 2.150985900444394400e+16
3.437759886222963360e+03 2.150975218762810800e+16
3.438093455006800014e+03 2.150966911399206000e+16
3.438427023790637122e+03 2.150961026253233600e+16
3.438760592574473321e+03 2.150957610742399200e+16
3.439094161358310430e+03 2.150956711797338400e+16
3.439427730142147539e+03 2.150958375857181600e+16
3.439761298925984192e+03 2.150962648865029600e+16
3.440094867709821301e+03 2.150969576263524800e+16
3.440428436493657955e+03 2.150979202990501600e+16
3.440762005277495064e+03 2.150991573474765600e+16
3.441095574061332172e+03 2.151006731631923200e+16
3.441429142845168826e+03 2.151024720860332000e+16
3.441762711629005935e+03 2.151045584037128400e+16
3.442096280412842589e+03 2.151069363514344400e+16
3.442429849196679697e+03 2.151096101115106400e+16
3.442763417980516806e+03 2.151125838129932400e+16
3.443096986764353005e+03 2.151158615313084400e+16
3.443430555548190114e+03 2.151194472879032800e+16
3.443764124332026768e+03 2.151233450498971600e+16
3.444097693115863876e+03 2.151275587297437200e+16
3.444431261899700985e+03 2.151320921848972400e+16
3.444764830683537639e+03 2.151369492174899200e+16
3.445098399467374747e+03 2.151421335740131200e+16
3.445431968251211401e+03 2.151476489450073600e+16
3.445765537035048510e+03 2.151534989647595200e+16
3.446099105818885619e+03 2.151596872110059200e+16
3.446432674602722273e+03 2.151662172046410400e+16
3.446766243386558926e+03 2.151730924094357200e+16
3.447099812170395580e+03 2.151803162317576400e+16
3.447433380954232689e+03 2.151878920203009600e+16
3.447766949738069798e+03 2.151958230658204400e+16
3.448100518521906451e+03 2.152041126008707600e+16
3.448434087305743560e+03 2.152127637995538000e+16
3.448767656089580214e+03 2.152217797772678800e+16
3.449101224873417323e+03 2.152311635904650000e+16
3.449434793657254431e+03 2.152409182364122000e+16
3.449768362441091085e+03 2.152510466529574000e+16
3.450101931224928194e+03 2.152615517183013200e+16
3.450435500008764393e+03 2.152724362507719600e+16
3.450769068792601502e+03 2.152837030086061600e+16
3.451102637576438610e+03 2.152953546897334000e+16
3.451436206360275264e+03 2.153073939315647200e+16
3.451769775144112373e+03 2.153198233107857200e+16
3.452103343927949027e+03 2.153326453431529600e+16
3.452436912711786135e+03 2.153458624832948800e+16
3.452770481495623244e+03 2.153594771245156800e+16
3.453104050279459898e+03 2.153734915986030400e+16
3.453437619063297007e+03 2.153879081756398800e+16
3.453771187847133660e+03 2.154027290638172800e+16
3.454104756630970769e+03 2.154179564092537600e+16
3.454438325414807878e+03 2.154335922958143200e+16
3.454771894198644077e+03 2.154496387449344800e+16
3.455105462982481185e+03 2.154660977154466400e+16
3.455439031766317839e+03 2.154829711034086400e+16
3.455772600550154948e+03 2.155002607419352400e+16
3.456106169333992057e+03 2.155179684010323200e+16
3.456439738117828711e+03 2.155360957874327200e+16
3.456773306901665819e+03 2.155546445444352800e+16
3.457106875685502473e+03 2.155736162517451200e+16
3.457440444469339582e+03 2.155930124253167600e+16
3.457774013253176690e+03 2.156128345171986400e+16
3.458107582037013344e+03 2.156330839153799200e+16
3.458441150820849998e+03 2.156537619436388800e+16
3.458774719604686652e+03 2.156748698613933600e+16
3.459108288388523761e+03 2.156964088635525600e+16
3.459441857172360869e+03 2.157183800803704800e+16
3.459775425956197523e+03 2.157407845773011200e+16
3.460108994740034632e+03 2.157636233548552400e+16
3.460442563523871286e+03 2.157868973484575200e+16
3.460776132307708394e+03 2.158106074283067200e+16
3.461109701091545503e+03 2.158347543992356800e+16
3.461443269875382157e+03 2.158593390005735600e+16
3.461776838659219266e+03 2.158843619060088800e+16
3.462110407443055465e+03 2.159098237234536000e+16
3.462443976226892573e+03 2.159357249949089200e+16
3.462777545010729682e+03 2.159620661963311200e+16
3.463111113794566336e+03 2.159888477375000000e+16
3.463444682578403444e+03 2.160160699618869200e+16
3.463778251362240098e+03 2.160437331465247200e+16
3.464111820146077207e+03 2.160718375018790400e+16
3.464445388929914316e+03 2.161003831717192000e+16
3.464778957713750970e+03 2.161293702329912800e+16
3.465112526497588078e+03 2.161587986956929600e+16
3.465446095281424732e+03 2.161886685027466400e+16
3.465779664065261841e+03 2.162189795298767200e+16
3.466113232849098949e+03 2.162497315854860800e+16
3.466446801632935149e+03 2.162809244105337600e+16
3.466780370416772257e+03 2.163125576784146000e+16
3.467113939200608911e+03 2.163446309948391600e+16
3.467447507984446020e+03 2.163771438977148800e+16
3.467781076768283128e+03 2.164100958570292400e+16
3.468114645552119782e+03 2.164434862747322800e+16
3.468448214335956891e+03 2.164773144846232000e+16
3.468781783119793545e+03 2.165115797522348000e+16
3.469115351903630653e+03 2.165462812747230800e+16
3.469448920687467762e+03 2.165814181807545600e+16
3.469782489471304416e+03 2.166169895303978400e+16
3.470116058255141070e+03 2.166529943150157200e+16
3.470449627038977724e+03 2.166894314571580800e+16
3.470783195822814832e+03 2.167262998104582400e+16
3.471116764606651941e+03 2.167635981595297200e+16
3.471450333390488595e+03 2.168013252198650400e+16
3.471783902174325704e+03 2.168394796377373600e+16
3.472117470958162357e+03 2.168780599901029600e+16
3.472451039741999466e+03 2.169170647845066400e+16
3.472784608525836575e+03 2.169564924589893600e+16
3.473118177309673229e+03 2.169963413819976800e+16
3.473451746093510337e+03 2.170366098522959200e+16
3.473785314877346536e+03 2.170772960988818400e+16
3.474118883661183645e+03 2.171183982809034400e+16
3.474452452445020754e+03 2.171599144875796400e+16
3.474786021228857408e+03 2.172018427381236000e+16
3.475119590012694516e+03 2.172441809816693600e+16
3.475453158796531170e+03 2.172869270972017200e+16
3.475786727580368279e+03 2.173300788934886400e+16
3.476120296364205387e+03 2.173736341090188000e+16
3.476453865148042041e+03 2.174175904119412400e+16
3.476787433931879150e+03 2.174619454000104800e+16
3.477121002715715804e+03 2.175066966005333600e+16
3.477454571499552912e+03 2.175518414703233600e+16
3.477788140283390021e+03 2.175973773956553200e+16
3.478121709067226220e+03 2.176433016922282000e+16
3.478455277851063329e+03 2.176896116051304400e+16
3.478788846634899983e+03 2.177363043088110800e+16
3.479122415418737091e+03 2.177833769070554800e+16
3.479455984202574200e+03 2.178308264329668400e+16
3.479789552986410854e+03 2.178786498489524800e+16
3.480123121770247963e+03 2.179268440467167200e+16
3.480456690554084616e+03 2.179754058472586400e+16
3.480790259337921725e+03 2.180243320008769600e+16
3.481123828121758834e+03 2.180736191871794400e+16
3.481457396905595488e+03 2.181232640151011200e+16
3.481790965689432142e+03 2.181732630229275200e+16
3.482124534473268795e+03 2.182236126783256800e+16
3.482458103257105904e+03 2.182743093783815200e+16
3.482791672040943013e+03 2.183253494496456800e+16
3.483125240824779667e+03 2.183767291481853600e+16
3.483458809608616775e+03 2.184284446596466000e+16
3.483792378392453429e+03 2.184804920993213600e+16
3.484125947176290538e+03 2.185328675122259200e+16
3.484459515960127646e+03 2.185855668731856000e+16
3.484793084743964300e+03 2.186385860869298800e+16
3.485126653527801409e+03 2.186919209881956800e+16
3.485460222311637608e+03 2.187455673418400800e+16
3.485793791095474717e+03 2.187995208429627600e+16
3.486127359879311825e+03 2.188537771170384400e+16
3.486460928663148479e+03 2.189083317200585200e+16
3.486794497446985588e+03 2.189631801386841600e+16
3.487128066230822242e+03 2.190183177904095200e+16
3.487461635014659350e+03 2.190737400237350400e+16
3.487795203798496459e+03 2.191294421183533200e+16
3.488128772582333113e+03 2.191854192853447600e+16
3.488462341366170222e+03 2.192416666673868000e+16
3.488795910150006875e+03 2.192981793389722400e+16
3.489129478933843984e+03 2.193549523066429600e+16
3.489463047717681093e+03 2.194119805092333600e+16
3.489796616501517292e+03 2.194692588181278800e+16
3.490130185285354401e+03 2.195267820375315600e+16
3.490463754069191054e+03 2.195845449047528800e+16
3.490797322853028163e+03 2.196425420905011200e+16
3.491130891636865272e+03 2.197007681991964800e+16
3.491464460420701926e+03 2.197592177692951200e+16
3.491798029204539034e+03 2.198178852736280000e+16
3.492131597988375688e+03 2.198767651197540000e+16
3.492465166772212797e+03 2.199358516503290000e+16
3.492798735556049905e+03 2.199951391434883600e+16
3.493132304339886559e+03 2.200546218132459200e+16
3.493465873123723213e+03 2.201142938099083600e+16
3.493799441907559867e+03 2.201741492205050000e+16
3.494133010691396976e+03 2.202341820692341600e+16
3.494466579475234084e+03 2.202943863179255200e+16
3.494800148259070738e+03 2.203547558665191200e+16
3.495133717042907847e+03 2.204152845535615200e+16
3.495467285826744501e+03 2.204759661567182400e+16
3.495800854610581609e+03 2.205367943933044800e+16
3.496134423394418718e+03 2.205977629208325600e+16
3.496467992178255372e+03 2.206588653375772400e+16
3.496801560962092481e+03 2.207200951831598400e+16
3.497135129745928680e+03 2.207814459391490800e+16
3.497468698529765788e+03 2.208429110296819200e+16
3.497802267313602897e+03 2.209044838221016000e+16
3.498135836097439551e+03 2.209661576276151200e+16
3.498469404881276660e+03 2.210279257019705600e+16
3.498802973665113313e+03 2.210897812461517200e+16
3.499136542448950422e+03 2.211517174070936800e+16
3.499470111232787531e+03 2.212137272784169600e+16
3.499803680016624185e+03 2.212758039011828800e+16
3.500137248800461293e+03 2.213379402646665600e+16
3.500470817584297947e+03 2.214001293071519200e+16
3.500804386368135056e+03 2.214623639167456800e+16
3.501137955151972164e+03 2.215246369322125200e+16
3.501471523935808364e+03 2.215869411438297600e+16
3.501805092719645472e+03 2.216492692942633200e+16
3.502138661503482126e+03 2.217116140794645200e+16
3.502472230287319235e+03 2.217739681495869600e+16
3.502805799071155889e+03 2.218363241099242000e+16
3.503139367854992997e+03 2.218986745218698000e+16
3.503472936638830106e+03 2.219610119038964800e+16
3.503806505422666760e+03 2.220233287325576800e+16
3.504140074206503868e+03 2.220856174435092800e+16
3.504473642990340522e+03 2.221478704325541600e+16
3.504807211774177631e+03 2.222100800567060800e+16
3.505140780558014285e+03 2.222722386352754000e+16
3.505474349341850939e+03 2.223343384509764000e+16
3.505807918125688047e+03 2.223963717510561200e+16
3.506141486909524701e+03 2.224583307484428000e+16
3.506475055693361810e+03 2.225202076229174000e+16
3.506808624477198919e+03 2.225819945223048000e+16
3.507142193261035573e+03 2.226436835636868800e+16
3.507475762044872681e+03 2.227052668346364800e+16
3.507809330828709335e+03 2.227667363944714800e+16
3.508142899612546444e+03 2.228280842755312000e+16
3.508476468396383552e+03 2.228893024844711200e+16
3.508810037180219751e+03 2.229503830035810000e+16
3.509143605964056860e+03 2.230113177921214400e+16
3.509477174747893514e+03 2.230720987876808000e+16
3.509810743531730623e+03 2.231327179075528000e+16
3.510144312315567731e+03 2.231931670501340800e+16
3.510477881099404385e+03 2.232534380963410400e+16
3.510811449883241494e+03 2.233135229110460000e+16
3.511145018667078148e+03 2.233734133445328800e+16
3.511478587450915256e+03 2.234331012339722400e+16
3.511812156234752365e+03 2.234925784049136800e+16
3.512145725018589019e+03 2.235518366727986400e+16
3.512479293802426128e+03 2.236108678444892000e+16
3.512812862586262327e+03 2.236696637198163200e+16
3.513146431370099435e+03 2.237282160931451600e+16
3.513480000153936544e+03 2.237865167549568800e+16
3.513813568937773198e+03 2.238445574934477600e+16
3.514147137721610306e+03 2.239023300961450400e+16
3.514480706505446960e+03 2.239598263515379200e+16
3.514814275289284069e+03 2.240170380507246800e+16
3.515147844073121178e+03 2.240739569890749600e+16
3.515481412856957832e+03 2.241305749679067200e+16
3.515814981640794940e+03 2.241868837961773200e+16
3.516148550424631594e+03 2.242428752921884800e+16
3.516482119208468703e+03 2.242985412853045600e+16
3.516815687992305357e+03 2.243538736176838000e+16
3.517149256776142010e+03 2.244088641460209600e+16
3.517482825559979119e+03 2.244635047433029200e+16
3.517816394343815773e+03 2.245177873005749600e+16
3.518149963127652882e+03 2.245717037287173600e+16
3.518483531911489990e+03 2.246252459602322000e+16
3.518817100695326644e+03 2.246784059510393600e+16
3.519150669479163753e+03 2.247311756822822400e+16
3.519484238263000407e+03 2.247835471621406000e+16
3.519817807046837515e+03 2.248355124276511200e+16
3.520151375830674624e+03 2.248870635465354400e+16
3.520484944614510823e+03 2.249381926190340000e+16
3.520818513398347932e+03 2.249888917797453600e+16
3.521152082182184586e+03 2.250391531994704000e+16
3.521485650966021694e+03 2.250889690870612000e+16
3.521819219749858803e+03 2.251383316912718800e+16
3.522152788533695457e+03 2.251872333026141600e+16
3.522486357317532566e+03 2.252356662552130000e+16
3.522819926101369219e+03 2.252836229286648800e+16
3.523153494885206328e+03 2.253310957498952800e+16
3.523487063669043437e+03 2.253780771950165600e+16
3.523820632452880091e+03 2.254245597911848000e+16
3.524154201236717199e+03 2.254705361184543200e+16
3.524487770020553398e+03 2.255159988116292800e+16
3.524821338804390507e+03 2.255609405621124000e+16
3.525154907588227616e+03 2.256053541197489600e+16
3.525488476372064270e+03 2.256492322946657600e+16
3.525822045155901378e+03 2.256925679591037600e+16
3.526155613939738032e+03 2.257353540492441600e+16
3.526489182723575141e+03 2.257775835670272000e+16
3.526822751507412249e+03 2.258192495819612800e+16
3.527156320291248903e+03 2.258603452329242400e+16
3.527489889075086012e+03 2.259008637299526800e+16
3.527823457858922666e+03 2.259407983560221600e+16
3.528157026642759774e+03 2.259801424688138800e+16
3.528490595426596428e+03 2.260188895024690400e+16
3.528824164210433082e+03 2.260570329693300800e+16
3.529157732994270191e+03 2.260945664616671600e+16
3.529491301778106845e+03 2.261314836533882800e+16
3.529824870561943953e+03 2.261677783017348800e+16
3.530158439345781062e+03 2.262034442489590400e+16
3.530492008129617716e+03 2.262384754239835600e+16
3.530825576913454825e+03 2.262728658440429200e+16
3.531159145697291478e+03 2.263066096163043600e+16
3.531492714481128587e+03 2.263397009394692000e+16
3.531826283264965696e+03 2.263721341053523200e+16
3.532159852048801895e+03 2.264039035004397600e+16
3.532493420832639003e+03 2.264350036074232800e+16
3.532826989616475657e+03 2.264654290067114000e+16
3.533160558400312766e+03 2.264951743779158000e+16
3.533494127184149875e+03 2.265242345013120000e+16
3.533827695967986529e+03 2.265526042592744000e+16
3.534161264751823637e+03 2.265802786376850400e+16
3.534494833535660291e+03 2.266072527273128000e+16
3.534828402319497400e+03 2.266335217251661600e+16
3.535161971103334508e+03 2.266590809358159600e+16
3.535495539887171162e+03 2.266839257726880000e+16
3.535829108671008271e+03 2.267080517593262400e+16
3.536162677454844470e+03 2.267314545306232000e+16
3.536496246238681579e+03 2.267541298340199200e+16
3.536829815022518687e+03 2.267760735306723200e+16
3.537163383806355341e+03 2.267972815965842400e+16
3.537496952590192450e+03 2.268177501237081600e+16
3.537830521374029104e+03 2.268374753210090400e+16
3.538164090157866212e+03 2.268564535154952800e+16
3.538497658941703321e+03 2.268746811532126400e+16
3.538831227725539975e+03 2.268921548002028400e+16
3.539164796509377084e+03 2.269088711434248800e+16
3.539498365293213737e+03 2.269248269916395200e+16
3.539831934077050846e+03 2.269400192762557200e+16
3.540165502860887500e+03 2.269544450521392800e+16
3.540499071644724154e+03 2.269681014983822400e+16
3.540832640428561263e+03 2.269809859190343200e+16
3.541166209212397916e+03 2.269930957437935200e+16
3.541499777996235025e+03 2.270044285286585600e+16
3.541833346780072134e+03 2.270149819565390000e+16
3.542166915563908788e+03 2.270247538378272000e+16
3.542500484347745896e+03 2.270337421109279600e+16
3.542834053131582550e+03 2.270419448427472400e+16
3.543167621915419659e+03 2.270493602291407200e+16
3.543501190699256767e+03 2.270559865953184400e+16
3.543834759483092967e+03 2.270618223962107200e+16
3.544168328266930075e+03 2.270668662167898400e+16
3.544501897050766729e+03 2.270711167723504400e+16
3.544835465834603838e+03 2.270745729087477600e+16
3.545169034618440946e+03 2.270772336025937600e+16
3.545502603402277600e+03 2.270790979614100400e+16
3.545836172186114709e+03 2.270801652237396400e+16
3.546169740969951363e+03 2.270804347592154800e+16
3.546503309753788471e+03 2.270799060685866800e+16
3.546836878537625580e+03 2.270785787837021600e+16
3.547170447321462234e+03 2.270764526674524800e+16
3.547504016105299343e+03 2.270735276136696400e+16
3.547837584889135542e+03 2.270698036469834400e+16
3.548171153672972650e+03 2.270652809226374400e+16
3.548504722456809759e+03 2.270599597262623200e+16
3.548838291240646413e+03 2.270538404736071200e+16
3.549171860024483522e+03 2.270469237102312000e+16
3.549505428808320175e+03 2.270392101111520000e+16
3.549838997592157284e+03 2.270307004804546000e+16
3.550172566375994393e+03 2.270213957508589200e+16
3.550506135159831047e+03 2.270112969832474400e+16
3.550839703943668155e+03 2.270004053661536000e+16
3.551173272727504809e+03 2.269887222152090000e+16
3.551506841511341918e+03 2.269762489725530400e+16
3.551840410295178572e+03 2.269629872062028000e+16
3.552173979079015226e+03 2.269489386093852400e+16
3.552507547862852334e+03 2.269341049998310000e+16
3.552841116646688988e+03 2.269184883190314000e+16
3.553174685430526097e+03 2.269020906314577600e+16
3.553508254214363205e+03 2.268849141237456000e+16
3.553841822998199859e+03 2.268669611038413600e+16
3.554175391782036968e+03 2.268482340001160800e+16
3.554508960565873622e+03 2.268287353604417600e+16
3.554842529349710730e+03 2.268084678512360800e+16
3.555176098133547839e+03 2.267874342564720000e+16
3.555509666917384038e+03 2.267656374766553200e+16
3.555843235701221147e+03 2.267430805277702000e+16
3.556176804485057801e+03 2.267197665401922000e+16
3.556510373268894909e+03 2.266956987575726400e+16
3.556843942052732018e+03 2.266708805356895200e+16
3.557177510836568672e+03 2.266453153412722800e+16
3.557511079620405781e+03 2.266190067507960800e+16
3.557844648404242434e+03 2.265919584492485200e+16
3.558178217188079543e+03 2.265641742288694400e+16
3.558511785971916652e+03 2.265356579878636800e+16
3.558845354755753306e+03 2.265064137290889600e+16
3.559178923539590414e+03 2.264764455587186400e+16
3.559512492323426613e+03 2.264457576848795200e+16
3.559846061107263722e+03 2.264143544162679200e+16
3.560179629891100831e+03 2.263822401607416800e+16
3.560513198674937485e+03 2.263494194238917600e+16
3.560846767458774593e+03 2.263158968075924000e+16
3.561180336242611247e+03 2.262816770085312800e+16
3.561513905026448356e+03 2.262467648167202800e+16
3.561847473810285464e+03 2.262111651139885600e+16
3.562181042594122118e+03 2.261748828724574400e+16
3.562514611377959227e+03 2.261379231529991200e+16
3.562848180161795881e+03 2.261002911036790400e+16
3.563181748945632989e+03 2.260619919581838400e+16
3.563515317729469643e+03 2.260230310342346400e+16
3.563848886513306297e+03 2.259834137319867200e+16
3.564182455297143406e+03 2.259431455324188800e+16
3.564516024080980060e+03 2.259022319957074800e+16
3.564849592864817168e+03 2.258606787595939600e+16
3.565183161648654277e+03 2.258184915377383200e+16
3.565516730432490931e+03 2.257756761180666400e+16
3.565850299216328040e+03 2.257322383611088800e+16
3.566183868000164694e+03 2.256881841983296800e+16
3.566517436784001802e+03 2.256435196304516800e+16
3.566851005567838911e+03 2.255982507257744000e+16
3.567184574351675110e+03 2.255523836184874000e+16
3.567518143135512219e+03 2.255059245069792400e+16
3.567851711919348872e+03 2.254588796521424400e+16
3.568185280703185981e+03 2.254112553756778000e+16
3.568518849487023090e+03 2.253630580583942800e+16
3.568852418270859744e+03 2.253142941385098400e+16
3.569185987054696852e+03 2.252649701099509600e+16
3.569519555838533506e+03 2.252150925206529600e+16
3.569853124622370615e+03 2.251646679708615200e+16
3.570186693406207723e+03 2.251137031114359200e+16
3.570520262190044377e+03 2.250622046421548400e+16
3.570853830973881486e+03 2.250101793100260000e+16
3.571187399757717685e+03 2.249576339075992400e+16
3.571520968541554794e+03 2.249045752712845600e+16
3.571854537325391902e+03 2.248510102796760000e+16
3.572188106109228556e+03 2.247969458518800800e+16
3.572521674893065665e+03 2.247423889458532000e+16
3.572855243676902319e+03 2.246873465567438400e+16
3.573188812460739427e+03 2.246318257152453600e+16
3.573522381244576536e+03 2.245758334859541600e+16
3.573855950028413190e+03 2.245193769657400000e+16
3.574189518812250299e+03 2.244624632821242000e+16
3.574523087596086953e+03 2.244050995916684400e+16
3.574856656379924061e+03 2.243472930783748800e+16
3.575190225163760715e+03 2.242890509520964000e+16
3.575523793947597369e+03 2.242303804469600000e+16
3.575857362731434478e+03 2.241712888198020000e+16
3.576190931515271132e+03 2.241117833486151600e+16
3.576524500299108240e+03 2.240518713310109600e+16
3.576858069082945349e+03 2.239915600826936000e+16
3.577191637866782003e+03 2.239308569359491200e+16
3.577525206650619111e+03 2.238697692381498400e+16
3.577858775434455765e+03 2.238083043502713600e+16
3.578192344218292874e+03 2.237464696454280800e+16
3.578525913002129982e+03 2.236842725074217600e+16
3.578859481785966182e+03 2.236217203293071200e+16
3.579193050569803290e+03 2.235588205119744800e+16
3.579526619353639944e+03 2.234955804627487200e+16
3.579860188137477053e+03 2.234320075940042400e+16
3.580193756921314161e+03 2.233681093217991200e+16
3.580527325705150815e+03 2.233038930645252000e+16
3.580860894488987924e+03 2.232393662415770800e+16
3.581194463272824578e+03 2.231745362720389600e+16
3.581528032056661687e+03 2.231094105733896800e+16
3.581861600840498795e+03 2.230439965602260000e+16
3.582195169624335449e+03 2.229783016430058400e+16
3.582528738408172558e+03 2.229123332268092800e+16
3.582862307192008757e+03 2.228460987101187200e+16
3.583195875975845865e+03 2.227796054836190000e+16
3.583529444759682974e+03 2.227128609290170400e+16
3.583863013543519628e+03 2.226458724178795200e+16
3.584196582327356737e+03 2.225786473104921600e+16
3.584530151111193391e+03 2.225111929547374400e+16
3.584863719895030499e+03 2.224435166849928800e+16
3.585197288678867608e+03 2.223756258210487200e+16
3.585530857462704262e+03 2.223075276670456800e+16
3.585864426246541370e+03 2.222392295104333600e+16
3.586197995030378024e+03 2.221707386209478400e+16
3.586531563814215133e+03 2.221020622496097600e+16
3.586865132598051787e+03 2.220332076277426400e+16
3.587198701381888441e+03 2.219641819660108800e+16
3.587532270165725549e+03 2.218949924534787200e+16
3.587865838949562203e+03 2.218256462566878400e+16
3.588199407733399312e+03 2.217561505187562800e+16
3.588532976517236420e+03 2.216865123584969600e+16
3.588866545301073074e+03 2.216167388695552800e+16
3.589200114084910183e+03 2.215468371195688800e+16
3.589533682868746837e+03 2.214768141493436800e+16
3.589867251652583946e+03 2.214066769720529600e+16
3.590200820436421054e+03 2.213364325724542400e+16
3.590534389220257253e+03 2.212660879061260800e+16
3.590867958004094362e+03 2.211956498987247200e+16
3.591201526787931016e+03 2.211251254452584800e+16
3.591535095571768125e+03 2.210545214093840000e+16
3.591868664355605233e+03 2.209838446227184400e+16
3.592202233139441887e+03 2.209131018841722800e+16
3.592535801923278996e+03 2.208422999593017600e+16
3.592869370707115650e+03 2.207714455796768000e+16
3.593202939490952758e+03 2.207005454422708800e+16
3.593536508274789867e+03 2.206296062088660000e+16
3.593870077058626521e+03 2.205586345054779200e+16
3.594203645842463629e+03 2.204876369217987600e+16
3.594537214626299829e+03 2.204166200106563200e+16
3.594870783410136937e+03 2.203455902874912800e+16
3.595204352193974046e+03 2.202745542298527200e+16
3.595537920977810700e+03 2.202035182769093200e+16
3.595871489761647808e+03 2.201324888289783200e+16
3.596205058545484462e+03 2.200614722470707200e+16
3.596538627329321571e+03 2.199904748524528800e+16
3.596872196113158680e+03 2.199195029262241600e+16
3.597205764896995333e+03 2.198485627089115200e+16
3.597539333680832442e+03 2.197776604000785600e+16
3.597872902464669096e+03 2.197068021579506000e+16
3.598206471248506205e+03 2.196359940990560400e+16
3.598540040032342858e+03 2.195652422978805600e+16
3.598873608816179512e+03 2.194945527865380000e+16
3.599207177600016621e+03 2.194239315544560800e+16
3.599540746383853275e+03 2.193533845480732800e+16
3.599874315167690384e+03 2.192829176705545200e+16
3.600207883951527492e+03 2.192125367815166400e+16
3.600541452735364146e+03 2.191422476967696800e+16
3.600875021519201255e+03 2.190720561880706400e+16
3.601208590303037909e+03 2.190019679828903600e+16
3.601542159086875017e+03 2.189319887641935200e+16
3.601875727870712126e+03 2.188621241702310400e+16
3.602209296654548325e+03 2.187923797943441600e+16
3.602542865438385434e+03 2.187227611847821600e+16
3.602876434222222088e+03 2.186532738445300400e+16
3.603210003006059196e+03 2.185839232311491200e+16
3.603543571789896305e+03 2.185147147566281200e+16
3.603877140573732959e+03 2.184456537872455200e+16
3.604210709357570067e+03 2.183767456434426800e+16
3.604544278141406721e+03 2.183079955997078000e+16
3.604877846925243830e+03 2.182394088844697200e+16
3.605211415709080939e+03 2.181709906800017600e+16
3.605544984492917592e+03 2.181027461223355200e+16
3.605878553276754701e+03 2.180346803011844800e+16
3.606212122060590900e+03 2.179667982598758400e+16
3.606545690844428009e+03 2.178991049952929200e+16
3.606879259628265117e+03 2.178316054578247200e+16
3.607212828412101771e+03 2.177643045513253600e+16
3.607546397195938880e+03 2.176972071330807200e+16
3.607879965979775534e+03 2.176303180137842400e+16
3.608213534763612643e+03 2.175636419575195200e+16
3.608547103547449751e+03 2.174971836817508400e+16
3.608880672331286405e+03 2.174309478573215200e+16
3.609214241115123514e+03 2.173649391084588000e+16
3.609547809898960168e+03 2.172991620127850400e+16
3.609881378682797276e+03 2.172336211013376800e+16
3.610214947466633930e+03 2.171683208585930400e+16
3.610548516250470584e+03 2.171032657224977600e+16
3.610882085034307693e+03 2.170384600845066400e+16
3.611215653818144347e+03 2.169739082896241600e+16
3.611549222601981455e+03 2.169096146364547600e+16
3.611882791385818564e+03 2.168455833772549200e+16
3.612216360169655218e+03 2.167818187179928000e+16
3.612549928953492326e+03 2.167183248184124000e+16
3.612883497737328980e+03 2.166551057921011600e+16
3.613217066521166089e+03 2.165921657065640000e+16
3.613550635305003198e+03 2.165295085832994800e+16
3.613884204088839397e+03 2.164671383978821600e+16
3.614217772872676505e+03 2.164050590800476000e+16
3.614551341656513159e+03 2.163432745137812000e+16
3.614884910440350268e+03 2.162817885374109600e+16
3.615218479224187377e+03 2.162206049437030000e+16
3.615552048008024030e+03 2.161597274799613600e+16
3.615885616791861139e+03 2.160991598481296400e+16
3.616219185575697793e+03 2.160389057048952000e+16
3.616552754359534902e+03 2.159789686617979200e+16
3.616886323143372010e+03 2.159193522853392000e+16
3.617219891927208664e+03 2.158600600970943600e+16
3.617553460711045773e+03 2.158010955738275200e+16
3.617887029494881972e+03 2.157424621476069600e+16
3.618220598278719081e+03 2.156841632059244000e+16
3.618554167062556189e+03 2.156262020918136000e+16
3.618887735846392843e+03 2.155685821039727600e+16
3.619221304630229952e+03 2.155113064968871200e+16
3.619554873414066606e+03 2.154543784809513600e+16
3.619888442197903714e+03 2.153978012225967200e+16
3.620222010981740823e+03 2.153415778444150400e+16
3.620555579765577477e+03 2.152857114252862400e+16
3.620889148549414585e+03 2.152302050005060000e+16
3.621222717333251239e+03 2.151750615619126400e+16
3.621556286117088348e+03 2.151202840580164800e+16
3.621889854900925002e+03 2.150658753941272000e+16
3.622223423684761656e+03 2.150118384324831600e+16
3.622556992468598764e+03 2.149581759923807200e+16
3.622890561252435418e+03 2.149048908503012800e+16
3.623224130036272527e+03 2.148519857400412000e+16
3.623557698820109636e+03 2.147994633528394400e+16
3.623891267603946289e+03 2.147473263375048000e+16
3.624224836387783398e+03 2.146955773005442000e+16
3.624558405171620052e+03 2.146442188062881600e+16
3.624891973955457161e+03 2.145932533770176000e+16
3.625225542739294269e+03 2.145426834930886000e+16
3.625559111523130468e+03 2.144925115930560000e+16
3.625892680306967577e+03 2.144427400737981600e+16
3.626226249090804231e+03 2.143933712906372000e+16
3.626559817874641340e+03 2.143444075574616800e+16
3.626893386658478448e+03 2.142958511468449600e+16
3.627226955442315102e+03 2.142477042901647600e+16
3.627560524226152211e+03 2.141999691777196800e+16
3.627894093009988865e+03 2.141526479588445600e+16
3.628227661793825973e+03 2.141057427420249600e+16
3.628561230577663082e+03 2.140592555950094400e+16
3.628894799361499736e+03 2.140131885449202800e+16
3.629228368145336844e+03 2.139675435783625600e+16
3.629561936929173044e+03 2.139223226415316800e+16
3.629895505713010152e+03 2.138775276403182400e+16
3.630229074496847261e+03 2.138331604404121600e+16
3.630562643280683915e+03 2.137892228674038400e+16
3.630896212064521023e+03 2.137457167068839200e+16
3.631229780848357677e+03 2.137026437045401600e+16
3.631563349632194786e+03 2.136600055662545600e+16
3.631896918416031895e+03 2.136178039581948800e+16
3.632230487199868548e+03 2.135760405069061600e+16
3.632564055983705657e+03 2.135347167994004400e+16
3.632897624767542311e+03 2.134938343832427200e+16
3.633231193551379420e+03 2.134533947666356800e+16
3.633564762335216074e+03 2.134133994185013200e+16
3.633898331119052727e+03 2.133738497685612000e+16
3.634231899902889836e+03 2.133347472074138000e+16
3.634565468686726490e+03 2.132960930866090800e+16
3.634899037470563599e+03 2.132578887187218400e+16
3.635232606254400707e+03 2.132201353774211200e+16
3.635566175038237361e+03 2.131828342975386800e+16
3.635899743822074470e+03 2.131459866751337600e+16
3.636233312605911124e+03 2.131095936675559200e+16
3.636566881389748232e+03 2.130736563935062400e+16
3.636900450173585341e+03 2.130381759330942400e+16
3.637234018957421540e+03 2.130031533278936400e+16
3.637567587741258649e+03 2.129685895809956800e+16
3.637901156525095303e+03 2.129344856570589600e+16
3.638234725308932411e+03 2.129008424823576000e+16
3.638568294092769520e+03 2.128676609448273600e+16
3.638901862876606174e+03 2.128349418941075200e+16
3.639235431660443282e+03 2.128026861415826400e+16
3.639569000444279936e+03 2.127708944604196000e+16
3.639902569228117045e+03 2.127395675856040000e+16
3.640236138011954154e+03 2.127087062139734400e+16
3.640569706795790808e+03 2.126783110042473600e+16
3.640903275579627916e+03 2.126483825770566000e+16
3.641236844363464115e+03 2.126189215149689600e+16
3.641570413147301224e+03 2.125899283625132400e+16
3.641903981931138333e+03 2.125614036262000800e+16
3.642237550714974986e+03 2.125333477745412000e+16
3.642571119498812095e+03 2.125057612380670400e+16
3.642904688282648749e+03 2.124786444093400800e+16
3.643238257066485858e+03 2.124519976429684000e+16
3.643571825850322966e+03 2.124258212556149600e+16
3.643905394634159620e+03 2.124001155260059600e+16
3.644238963417996729e+03 2.123748806949378000e+16
3.644572532201833383e+03 2.123501169652794800e+16
3.644906100985670491e+03 2.123258245019755200e+16
3.645239669769507145e+03 2.123020034320457600e+16
3.645573238553343799e+03 2.122786538445832000e+16
3.645906807337180908e+03 2.122557757907506400e+16
3.646240376121017562e+03 2.122333692837742400e+16
3.646573944904854670e+03 2.122114342989374400e+16
3.646907513688691779e+03 2.121899707735704800e+16
3.647241082472528433e+03 2.121689786070402400e+16
3.647574651256365541e+03 2.121484576607383600e+16
3.647908220040202195e+03 2.121284077580664800e+16
3.648241788824039304e+03 2.121088286844216000e+16
3.648575357607876413e+03 2.120897201871789200e+16
3.648908926391712612e+03 2.120710819756735200e+16
3.649242495175549720e+03 2.120529137211817200e+16
3.649576063959386374e+03 2.120352150569000000e+16
3.649909632743223483e+03 2.120179855779233200e+16
3.650243201527060592e+03 2.120012248412222400e+16
3.650576770310897246e+03 2.119849323656191200e+16
3.650910339094734354e+03 2.119691076317642000e+16
3.651243907878571008e+03 2.119537500821090800e+16
3.651577476662408117e+03 2.119388591208808800e+16
3.651911045446245225e+03 2.119244341140556000e+16
3.652244614230081879e+03 2.119104743893299600e+16
3.652578183013918988e+03 2.118969792360940800e+16
3.652911751797755187e+03 2.118839479054031200e+16
3.653245320581592296e+03 2.118713796099476400e+16
3.653578889365429404e+03 2.118592735240259200e+16
3.653912458149266058e+03 2.118476287835137600e+16
3.654246026933103167e+03 2.118364444858360000e+16
3.654579595716939821e+03 2.118257196899371200e+16
3.654913164500776929e+03 2.118154534162532800e+16
3.655246733284614038e+03 2.118056446466822000e+16
3.655580302068450692e+03 2.117962923245558800e+16
3.655913870852287801e+03 2.117873953546127200e+16
3.656247439636124454e+03 2.117789526029697600e+16
3.656581008419961563e+03 2.117709628970968000e+16
3.656914577203798217e+03 2.117634250257897600e+16
3.657248145987634871e+03 2.117563377391468000e+16
3.657581714771471979e+03 2.117496997485432800e+16
3.657915283555308633e+03 2.117435097266101600e+16
3.658248852339145742e+03 2.117377663072115200e+16
3.658582421122982851e+03 2.117324680854247600e+16
3.658915989906819505e+03 2.117276136175214400e+16
3.659249558690656613e+03 2.117232014209510400e+16
3.659583127474493267e+03 2.117192299743243200e+16
3.659916696258330376e+03 2.117156977174006400e+16
3.660250265042167484e+03 2.117126030510756000e+16
3.660583833826003683e+03 2.117099443373718400e+16
3.660917402609840792e+03 2.117077198994313200e+16
3.661250971393677446e+03 2.117059280215105200e+16
3.661584540177514555e+03 2.117045669489773600e+16
3.661918108961351663e+03 2.117036348883111200e+16
3.662251677745188317e+03 2.117031300071058400e+16
3.662585246529025426e+03 2.117030504340747600e+16
3.662918815312862080e+03 2.117033942590590800e+16
3.663252384096699188e+03 2.117041595330401200e+16
3.663585952880536297e+03 2.117053442681530000e+16
3.663919521664372951e+03 2.117069464377056800e+16
3.664253090448210060e+03 2.117089639762001600e+16
3.664586659232046259e+03 2.117113947793577600e+16
3.664920228015883367e+03 2.117142367041484800e+16
3.665253796799720476e+03 2.117174875688238400e+16
3.665587365583557130e+03 2.117211451529537600e+16
3.665920934367394239e+03 2.117252071974685200e+16
3.666254503151230892e+03 2.117296714047030400e+16
3.666588071935068001e+03 2.117345354384483600e+16
3.666921640718905110e+03 2.117397969240056800e+16
3.667255209502741764e+03 2.117454534482455200e+16
3.667588778286578872e+03 2.117515025596730400e+16
3.667922347070415526e+03 2.117579417684963200e+16
3.668255915854252635e+03 2.117647685467018800e+16
3.668589484638089289e+03 2.117719803281342400e+16
3.668923053421925943e+03 2.117795745085809600e+16
3.669256622205763051e+03 2.117875484458645600e+16
3.669590190989599705e+03 2.117958994599381200e+16
3.669923759773436814e+03 2.118046248329895600e+16
3.670257328557273922e+03 2.118137218095486400e+16
3.670590897341110576e+03 2.118231875966028000e+16
3.670924466124947685e+03 2.118330193637186400e+16
3.671258034908784339e+03 2.118432142431684800e+16
3.671591603692621447e+03 2.118537693300662400e+16
3.671925172476457647e+03 2.118646816825066800e+16
3.672258741260294755e+03 2.118759483217148800e+16
3.672592310044131864e+03 2.118875662322004000e+16
3.672925878827968518e+03 2.118995323619194400e+16
3.673259447611805626e+03 2.119118436224444800e+16
3.673593016395642280e+03 2.119244968891403200e+16
3.673926585179479389e+03 2.119374890013498400e+16
3.674260153963316498e+03 2.119508167625846400e+16
3.674593722747153151e+03 2.119644769407257600e+16
3.674927291530990260e+03 2.119784662682313600e+16
3.675260860314826914e+03 2.119927814423521600e+16
3.675594429098664023e+03 2.120074191253563600e+16
3.675927997882501131e+03 2.120223759447617600e+16
3.676261566666337330e+03 2.120376484935756800e+16
3.676595135450174439e+03 2.120532333305464000e+16
3.676928704234011093e+03 2.120691269804195200e+16
3.677262273017848202e+03 2.120853259342057600e+16
3.677595841801685310e+03 2.121018266494564000e+16
3.677929410585521964e+03 2.121186255505489200e+16
3.678262979369359073e+03 2.121357190289801600e+16
3.678596548153195727e+03 2.121531034436700000e+16
3.678930116937032835e+03 2.121707751212742800e+16
3.679263685720869944e+03 2.121887303565062400e+16
3.679597254504706598e+03 2.122069654124682400e+16
3.679930823288543706e+03 2.122254765209936800e+16
3.680264392072379906e+03 2.122442598829968000e+16
3.680597960856217014e+03 2.122633116688348800e+16
3.680931529640054123e+03 2.122826280186772400e+16
3.681265098423890777e+03 2.123022050428875200e+16
3.681598667207727885e+03 2.123220388224134000e+16
3.681932235991564539e+03 2.123421254091873600e+16
3.682265804775401648e+03 2.123624608265384000e+16
3.682599373559238757e+03 2.123830410696124400e+16
3.682932942343075410e+03 2.124038621058047200e+16
3.683266511126912519e+03 2.124249198752013600e+16
3.683600079910748718e+03 2.124462102910316000e+16
3.683933648694585827e+03 2.124677292401309600e+16
3.684267217478422936e+03 2.124894725834142800e+16
3.684600786262259589e+03 2.125114361563601200e+16
3.684934355046096698e+03 2.125336157695047200e+16
3.685267923829933352e+03 2.125560072089474400e+16
3.685601492613770461e+03 2.125786062368667600e+16
3.685935061397607569e+03 2.126014085920458000e+16
3.686268630181444223e+03 2.126244099904103200e+16
3.686602198965281332e+03 2.126476061255761600e+16
3.686935767749117986e+03 2.126709926694072400e+16
3.687269336532955094e+03 2.126945652725852000e+16
3.687602905316792203e+03 2.127183195651889600e+16
3.687936474100628402e+03 2.127422511572848800e+16
3.688270042884465511e+03 2.127663556395280000e+16
3.688603611668302165e+03 2.127906285837736800e+16
3.688937180452139273e+03 2.128150655436995200e+16
3.689270749235976382e+03 2.128396620554380400e+16
3.689604318019813036e+03 2.128644136382201600e+16
3.689937886803650144e+03 2.128893157950282400e+16
3.690271455587486798e+03 2.129143640132605600e+16
3.690605024371323907e+03 2.129395537654052400e+16
3.690938593155161016e+03 2.129648805097247200e+16
3.691272161938997669e+03 2.129903396909501600e+16
3.691605730722834778e+03 2.130159267409868400e+16
3.691939299506670977e+03 2.130416370796278000e+16
3.692272868290508086e+03 2.130674661152790800e+16
3.692606437074345195e+03 2.130934092456938000e+16
3.692940005858181848e+03 2.131194618587154800e+16
3.693273574642018957e+03 2.131456193330328800e+16
3.693607143425855611e+03 2.131718770389414400e+16
3.693940712209692720e+03 2.131982303391165600e+16
3.694274280993529828e+03 2.132246745893940800e+16
3.694607849777366482e+03 2.132512051395607200e+16
3.694941418561203591e+03 2.132778173341538400e+16
3.695274987345039790e+03 2.133045065132683600e+16
3.695608556128876899e+03 2.133312680133739200e+16
3.695942124912714007e+03 2.133580971681388000e+16
3.696275693696550661e+03 2.133849893092630400e+16
3.696609262480387770e+03 2.134119397673195200e+16
3.696942831264224424e+03 2.134389438726016800e+16
3.697276400048061532e+03 2.134659969559808400e+16
3.697609968831898641e+03 2.134930943497683200e+16
3.697943537615735295e+03 2.135202313885868400e+16
3.698277106399572403e+03 2.135474034102481600e+16
3.698610675183409057e+03 2.135746057566368800e+16
3.698944243967246166e+03 2.136018337746012000e+16
3.699277812751083275e+03 2.136290828168499200e+16
3.699611381534919474e+03 2.136563482428550400e+16
3.699944950318756582e+03 2.136836254197607200e+16
3.700278519102593236e+03 2.137109097232965600e+16
3.700612087886430345e+03 2.137381965386975200e+16
3.700945656670267454e+03 2.137654812616272000e+16
3.701279225454104107e+03 2.137927592991069600e+16
3.701612794237941216e+03 2.138200260704489600e+16
3.701946363021777870e+03 2.138472770081924800e+16
3.702279931805614979e+03 2.138745075590455200e+16
3.702613500589452087e+03 2.139017131848281600e+16
3.702947069373288741e+03 2.139288893634202400e+16
3.703280638157125850e+03 2.139560315897114400e+16
3.703614206940962049e+03 2.139831353765532800e+16
3.703947775724799158e+03 2.140101962557147200e+16
3.704281344508636266e+03 2.140372097788376800e+16
3.704614913292472920e+03 2.140641715183952800e+16
3.704948482076310029e+03 2.140910770686516000e+16
3.705282050860146683e+03 2.141179220466205600e+16
3.705615619643983791e+03 2.141447020930268400e+16
3.705949188427820900e+03 2.141714128732662000e+16
3.706282757211657554e+03 2.141980500783655600e+16
3.706616325995494662e+03 2.142246094259426800e+16
3.706949894779330862e+03 2.142510866611644800e+16
3.707283463563167970e+03 2.142774775577041600e+16
3.707617032347005079e+03 2.143037779186970400e+16
3.707950601130841733e+03 2.143299835776932800e+16
3.708284169914678841e+03 2.143560903996092000e+16
3.708617738698515495e+03 2.143820942816746800e+16
3.708951307482352604e+03 2.144079911543785200e+16
3.709284876266189713e+03 2.144337769824093600e+16
3.709618445050026367e+03 2.144594477655922400e+16
3.709952013833863475e+03 2.144849995398216000e+16
3.710285582617700129e+03 2.145104283779896000e+16
3.710619151401537238e+03 2.145357303909080800e+16
3.710952720185374346e+03 2.145609017282258800e+16
3.711286288969210545e+03 2.145859385793405600e+16
3.711619857753047654e+03 2.146108371743024000e+16
3.711953426536884308e+03 2.146355937847130800e+16
3.712286995320721417e+03 2.146602047246168000e+16
3.712620564104558525e+03 2.146846663513830000e+16
3.712954132888395179e+03 2.147089750665827200e+16
3.713287701672232288e+03 2.147331273168552800e+16
3.713621270456068942e+03 2.147571195947675200e+16
3.713954839239906050e+03 2.147809484396632000e+16
3.714288408023743159e+03 2.148046104385026400e+16
3.714621976807579813e+03 2.148281022266937600e+16
3.714955545591416922e+03 2.148514204889120000e+16
3.715289114375253121e+03 2.148745619599100000e+16
3.715622683159090229e+03 2.148975234253163200e+16
3.715956251942927338e+03 2.149203017224226400e+16
3.716289820726763992e+03 2.149428937409599200e+16
3.716623389510601100e+03 2.149652964238620000e+16
3.716956958294437754e+03 2.149875067680172000e+16
3.717290527078274863e+03 2.150095218250068000e+16
3.717624095862111972e+03 2.150313387018309600e+16
3.717957664645948626e+03 2.150529545616208800e+16
3.718291233429785734e+03 2.150743666243375200e+16
3.718624802213621933e+03 2.150955721674560800e+16
3.718958370997459042e+03 2.151165685266364000e+16
3.719291939781296151e+03 2.151373530963781600e+16
3.719625508565132805e+03 2.151579233306617200e+16
3.719959077348969913e+03 2.151782767435732800e+16
3.720292646132806567e+03 2.151984109099145200e+16
3.720626214916643676e+03 2.152183234657963200e+16
3.720959783700480784e+03 2.152380121092166400e+16
3.721293352484317438e+03 2.152574746006219200e+16
3.721626921268154547e+03 2.152767087634511200e+16
3.721960490051991201e+03 2.152957124846639200e+16
3.722294058835828309e+03 2.153144837152511200e+16
3.722627627619665418e+03 2.153330204707270000e+16
3.722961196403501617e+03 2.153513208316056000e+16
3.723294765187338726e+03 2.153693829438578800e+16
3.723628333971175380e+03 2.153872050193508800e+16
3.723961902755012488e+03 2.154047853362695200e+16
3.724295471538849597e+03 2.154221222395185600e+16
3.724629040322686251e+03 2.154392141411068800e+16
3.724962609106523360e+03 2.154560595205131200e+16
3.725296177890360013e+03 2.154726569250307200e+16
3.725629746674197122e+03 2.154890049700964000e+16
3.725963315458034231e+03 2.155051023395961200e+16
3.726296884241870885e+03 2.155209477861548800e+16
3.726630453025707993e+03 2.155365401314048800e+16
3.726964021809544192e+03 2.155518782662339200e+16
3.727297590593381301e+03 2.155669611510161600e+16
3.727631159377218410e+03 2.155817878158195200e+16
3.727964728161055064e+03 2.155963573605970000e+16
3.728298296944892172e+03 2.156106689553553200e+16
3.728631865728728826e+03 2.156247218403035200e+16
3.728965434512565935e+03 2.156385153259838000e+16
3.729299003296403043e+03 2.156520487933792800e+16
3.729632572080239697e+03 2.156653216940033600e+16
3.729966140864076806e+03 2.156783335499687200e+16
3.730299709647913005e+03 2.156910839540350000e+16
3.730633278431750114e+03 2.157035725696377600e+16
3.730966847215587222e+03 2.157157991308964000e+16
3.731300415999423876e+03 2.157277634426016400e+16
3.731633984783260985e+03 2.157394653801839200e+16
3.731967553567097639e+03 2.157509048896606400e+16
3.732301122350934747e+03 2.157620819875645200e+16
3.732634691134771856e+03 2.157729967608504000e+16
3.732968259918608510e+03 2.157836493667836000e+16
3.733301828702445619e+03 2.157940400328090400e+16
3.733635397486282272e+03 2.158041690563976000e+16
3.733968966270119381e+03 2.158140368048772400e+16
3.734302535053956490e+03 2.158236437152408000e+16
3.734636103837792689e+03 2.158329902939369600e+16
3.734969672621629798e+03 2.158420771166414400e+16
3.735303241405466451e+03 2.158509048280087200e+16
3.735636810189303560e+03 2.158594741414050400e+16
3.735970378973140669e+03 2.158677858386234000e+16
3.736303947756977323e+03 2.158758407695789200e+16
3.736637516540814431e+03 2.158836398519872400e+16
3.736971085324651085e+03 2.158911840710236800e+16
3.737304654108488194e+03 2.158984744789652000e+16
3.737638222892325302e+03 2.159055121948144400e+16
3.737971791676161956e+03 2.159122984039061200e+16
3.738305360459999065e+03 2.159188343574964000e+16
3.738638929243835264e+03 2.159251213723358400e+16
3.738972498027672373e+03 2.159311608302242800e+16
3.739306066811509481e+03 2.159369541775505200e+16
3.739639635595346135e+03 2.159425029248150400e+16
3.739973204379183244e+03 2.159478086461373600e+16
3.740306773163019898e+03 2.159528729787471200e+16
3.740640341946857006e+03 2.159576976224605600e+16
3.740973910730694115e+03 2.159622843391404000e+16
3.741307479514530769e+03 2.159666349521433600e+16
3.741641048298367878e+03 2.159707513457507200e+16
3.741974617082204077e+03 2.159746354645861600e+16
3.742308185866041185e+03 2.159782893130196800e+16
3.742641754649878294e+03 2.159817149545570800e+16
3.742975323433714948e+03 2.159849145112170000e+16
3.743308892217552057e+03 2.159878901628952400e+16
3.743642461001388710e+03 2.159906441467152800e+16
3.743976029785225819e+03 2.159931787563685600e+16
3.744309598569062928e+03 2.159954963414408000e+16
3.744643167352899582e+03 2.159975993067276800e+16
3.744976736136736690e+03 2.159994901115406000e+16
3.745310304920573344e+03 2.160011712689985600e+16
3.745643873704410453e+03 2.160026453453128800e+16
3.745977442488247561e+03 2.160039149590592800e+16
3.746311011272083761e+03 2.160049827804415200e+16
3.746644580055920869e+03 2.160058515305450400e+16
3.746978148839757523e+03 2.160065239805820000e+16
3.747311717623594632e+03 2.160070029511273600e+16
3.747645286407431740e+03 2.160072913113458400e+16
3.747978855191268394e+03 2.160073919782127600e+16
3.748312423975105503e+03 2.160073079157252800e+16
3.748645992758942157e+03 2.160070421341078800e+16
3.748979561542779265e+03 2.160065976890098000e+16
3.749313130326616374e+03 2.160059776806968400e+16
3.749646699110453028e+03 2.160051852532366400e+16
3.749980267894290137e+03 2.160042235936779200e+16
3.750313836678126336e+03 2.160030959312249600e+16
3.750647405461963444e+03 2.160018055364059600e+16
3.750980974245800553e+03 2.160003557202380000e+16
3.751314543029637207e+03 2.159987498333862000e+16
3.751648111813474316e+03 2.159969912653197600e+16
3.751981680597310969e+03 2.159950834434646400e+16
3.752315249381148078e+03 2.159930298323520800e+16
3.752648818164985187e+03 2.159908339327640000e+16
3.752982386948821841e+03 2.159884992808775200e+16
3.753315955732658949e+03 2.159860294474046800e+16
3.753649524516495148e+03 2.159834280367322400e+16
3.753983093300332257e+03 2.159806986860588400e+16
3.754316662084169366e+03 2.159778450645314400e+16
3.754650230868006020e+03 2.159748708723797600e+16
3.754983799651843128e+03 2.159717798400521600e+16
3.755317368435679782e+03 2.159685757273484000e+16
3.755650937219516891e+03 2.159652623225551600e+16
3.755984506003353999e+03 2.159618434415794800e+16
3.756318074787190653e+03 2.159583229270844800e+16
3.756651643571027762e+03 2.159547046476256400e+16
3.756985212354864416e+03 2.159509924967870400e+16
3.757318781138701524e+03 2.159471903923216400e+16
3.757652349922538633e+03 2.159433022752900000e+16
3.757985918706374832e+03 2.159393321092040000e+16
3.758319487490211941e+03 2.159352838791716400e+16
3.758653056274048595e+03 2.159311615910436800e+16
3.758986625057885703e+03 2.159269692705648000e+16
3.759320193841722812e+03 2.159227109625266000e+16
3.759653762625559466e+03 2.159183907299238400e+16
3.759987331409396575e+03 2.159140126531158400e+16
3.760320900193233228e+03 2.159095808289897200e+16
3.760654468977070337e+03 2.159050993701288000e+16
3.760988037760907446e+03 2.159005724039853600e+16
3.761321606544744100e+03 2.158960040720572000e+16
3.761655175328581208e+03 2.158913985290696000e+16
3.761988744112417407e+03 2.158867599421620800e+16
3.762322312896254516e+03 2.158820924900794400e+16
3.762655881680091625e+03 2.158774003623693600e+16
3.762989450463928279e+03 2.158726877585848400e+16
3.763323019247765387e+03 2.158679588874922000e+16
3.763656588031602041e+03 2.158632179662849200e+16
3.763990156815439150e+03 2.158584692198042400e+16
3.764323725599276258e+03 2.158537168797645200e+16
3.764657294383112912e+03 2.158489651839866400e+16
3.764990863166950021e+03 2.158442183756357600e+16
3.765324431950786220e+03 2.158394807024682400e+16
3.765658000734623329e+03 2.158347564160828800e+16
3.765991569518460437e+03 2.158300497711804000e+16
3.766325138302297091e+03 2.158253650248294400e+16
3.766658707086134200e+03 2.158207064357401600e+16
3.766992275869970854e+03 2.158160782635440000e+16
3.767325844653807962e+03 2.158114847680817600e+16
3.767659413437645071e+03 2.158069302086985600e+16
3.767992982221481725e+03 2.158024188435462400e+16
3.768326551005318834e+03 2.157979549288936800e+16
3.768660119789155488e+03 2.157935427184444000e+16
3.768993688572992596e+03 2.157891864626620400e+16
3.769327257356829705e+03 2.157848904081035200e+16
3.769660826140665904e+03 2.157806587967594400e+16
3.769994394924503013e+03 2.157764958654037600e+16
3.770327963708339666e+03 2.157724058449504000e+16
3.770661532492176775e+03 2.157683929598172800e+16
3.770995101276013884e+03 2.157644614272996800e+16
3.771328670059850538e+03 2.157606154569502000e+16
3.771662238843687646e+03 2.157568592499685200e+16
3.771995807627524300e+03 2.157531969985968000e+16
3.772329376411361409e+03 2.157496328855253600e+16
3.772662945195198517e+03 2.157461710833048800e+16
3.772996513979035171e+03 2.157428157537677600e+16
3.773330082762871825e+03 2.157395710474566800e+16
3.773663651546708479e+03 2.157364411030616800e+16
3.773997220330545588e+03 2.157334300468648800e+16
3.774330789114382696e+03 2.157305419921936400e+16
3.774664357898219350e+03 2.157277810388813200e+16
3.774997926682056459e+03 2.157251512727361600e+16
3.775331495465893113e+03 2.157226567650176000e+16
3.775665064249730221e+03 2.157203015719217600e+16
3.775998633033567330e+03 2.157180897340732000e+16
3.776332201817403984e+03 2.157160252760247600e+16
3.776665770601241093e+03 2.157141122057664000e+16
3.776999339385077292e+03 2.157123545142397600e+16
3.777332908168914400e+03 2.157107561748621600e+16
3.777666476952751509e+03 2.157093211430567200e+16
3.778000045736588163e+03 2.157080533557903600e+16
3.778333614520425272e+03 2.157069567311202400e+16
3.778667183304261926e+03 2.157060351677454400e+16
3.779000752088099034e+03 2.157052925445682000e+16
3.779334320871936143e+03 2.157047327202604000e+16
3.779667889655772797e+03 2.157043595328379600e+16
3.780001458439609905e+03 2.157041767992429600e+16
3.780335027223446559e+03 2.157041883149305200e+16
3.780668596007283668e+03 2.157043978534656800e+16
3.781002164791120776e+03 2.157048091661233200e+16
3.781335733574956976e+03 2.157054259814978800e+16
3.781669302358794084e+03 2.157062520051175200e+16
3.782002871142630738e+03 2.157072909190657600e+16
3.782336439926467847e+03 2.157085463816095600e+16
3.782670008710304955e+03 2.157100220268318000e+16
3.783003577494141609e+03 2.157117214642725600e+16
3.783337146277978718e+03 2.157136482785748400e+16
3.783670715061815372e+03 2.157158060291353600e+16
3.784004283845652481e+03 2.157181982497636000e+16
3.784337852629489589e+03 2.157208284483436400e+16
3.784671421413326243e+03 2.157237001065036400e+16
3.785004990197162897e+03 2.157268166792898000e+16
3.785338558980999551e+03 2.157301815948456400e+16
3.785672127764836659e+03 2.157337982540968800e+16
3.786005696548673768e+03 2.157376700304409600e+16
3.786339265332510422e+03 2.157418002694412800e+16
3.786672834116347531e+03 2.157461922885270400e+16
3.787006402900184185e+03 2.157508493766972400e+16
3.787339971684021293e+03 2.157557747942290400e+16
3.787673540467858402e+03 2.157609717723906800e+16
3.788007109251695056e+03 2.157664435131593600e+16
3.788340678035532164e+03 2.157721931889425600e+16
3.788674246819368364e+03 2.157782239423033200e+16
3.789007815603205472e+03 2.157845388856901600e+16
3.789341384387042581e+03 2.157911411011704000e+16
3.789674953170879235e+03 2.157980336401666800e+16
3.790008521954716343e+03 2.158052195231984000e+16
3.790342090738552997e+03 2.158127017396246400e+16
3.790675659522390106e+03 2.158204832473926400e+16
3.791009228306227214e+03 2.158285669727873600e+16
3.791342797090063868e+03 2.158369558101852000e+16
3.791676365873900977e+03 2.158456526218114800e+16
3.792009934657737631e+03 2.158546602374980000e+16
3.792343503441574740e+03 2.158639814544465600e+16
3.792677072225411848e+03 2.158736190369927600e+16
3.793010641009248047e+03 2.158835757163732000e+16
3.793344209793085156e+03 2.158938541904948000e+16
3.793677778576921810e+03 2.159044571237064000e+16
3.794011347360758919e+03 2.159153871465726400e+16
3.794344916144596027e+03 2.159266468556491600e+16
3.794678484928432681e+03 2.159382388132601600e+16
3.795012053712269790e+03 2.159501655472780800e+16
3.795345622496106444e+03 2.159624295509042800e+16
3.795679191279943552e+03 2.159750332824512000e+16
3.796012760063780661e+03 2.159879791651265600e+16
3.796346328847617315e+03 2.160012695868182000e+16
3.796679897631453969e+03 2.160149068998811600e+16
3.797013466415290623e+03 2.160288934209238400e+16
3.797347035199127731e+03 2.160432314305982400e+16
3.797680603982964840e+03 2.160579231733874400e+16
3.798014172766801494e+03 2.160729708573972000e+16
3.798347741550638602e+03 2.160883766541461200e+16
3.798681310334475256e+03 2.161041426983574400e+16
3.799014879118312365e+03 2.161202710877508000e+16
3.799348447902149474e+03 2.161367638828349600e+16
3.799682016685986127e+03 2.161536231067000000e+16
3.800015585469823236e+03 2.161708507448108800e+16
3.800349154253659435e+03 2.161884487448005600e+16
3.800682723037496544e+03 2.162064190162628000e+16
3.801016291821333652e+03 2.162247634305456800e+16
3.801349860605170306e+03 2.162434838205448800e+16
3.801683429389007415e+03 2.162625819804963600e+16
3.802016998172844069e+03 2.162820596657692800e+16
3.802350566956681178e+03 2.163019185926586000e+16
3.802684135740518286e+03 2.163221604381770400e+16
3.803017704524354940e+03 2.163427868398464000e+16
3.803351273308192049e+03 2.163637993954896000e+16
3.803684842092028703e+03 2.163851996630202400e+16
3.804018410875865811e+03 2.164069891602334400e+16
3.804351979659702920e+03 2.164291693645946400e+16
3.804685548443539119e+03 2.164517417130282800e+16
3.805019117227376228e+03 2.164747076017057600e+16
3.805352686011212882e+03 2.164980683858320400e+16
3.805686254795049990e+03 2.165218253794324000e+16
3.806019823578887099e+03 2.165459798551371200e+16
3.806353392362723753e+03 2.165705330439653600e+16
3.806686961146560861e+03 2.165954861351094800e+16
3.807020529930397515e+03 2.166208402757164800e+16
3.807354098714234624e+03 2.166465965706692800e+16
3.807687667498071733e+03 2.166727560823671200e+16
3.808021236281908386e+03 2.166993198305043200e+16
3.808354805065745040e+03 2.167262887918479600e+16
3.808688373849581694e+03 2.167536639000149600e+16
3.809021942633418803e+03 2.167814460452478000e+16
3.809355511417255912e+03 2.168096360741883600e+16
3.809689080201092565e+03 2.168382347896515600e+16
3.810022648984929674e+03 2.168672429503973200e+16
3.810356217768766328e+03 2.168966612709012800e+16
3.810689786552603437e+03 2.169264904211250400e+16
3.811023355336440545e+03 2.169567310262833200e+16
3.811356924120277199e+03 2.169873836666128000e+16
3.811690492904114308e+03 2.170184488771374400e+16
3.812024061687950507e+03 2.170499271474335600e+16
3.812357630471787616e+03 2.170818189213938400e+16
3.812691199255624724e+03 2.171141245969902000e+16
3.813024768039461378e+03 2.171468445260346000e+16
3.813358336823298487e+03 2.171799790139412000e+16
3.813691905607135141e+03 2.172135283194842400e+16
3.814025474390972249e+03 2.172474926545579200e+16
3.814359043174809358e+03 2.172818721839331200e+16
3.814692611958646012e+03 2.173166670250145200e+16
3.815026180742483120e+03 2.173518772475967600e+16
3.815359749526319774e+03 2.173875028736186400e+16
3.815693318310156883e+03 2.174235438769177200e+16
3.816026887093993992e+03 2.174600001829841600e+16
3.816360455877830191e+03 2.174968716687128800e+16
3.816694024661667299e+03 2.175341581621563200e+16
3.817027593445503953e+03 2.175718594422761200e+16
3.817361162229341062e+03 2.176099752386942800e+16
3.817694731013178171e+03 2.176485052314440400e+16
3.818028299797014824e+03 2.176874490507200000e+16
3.818361868580851933e+03 2.177268062766298000e+16
3.818695437364688587e+03 2.177665764389428000e+16
3.819029006148525696e+03 2.178067590168407600e+16
3.819362574932362804e+03 2.178473534386686400e+16
3.819696143716199458e+03 2.178883590816838400e+16
3.820029712500036112e+03 2.179297752718075200e+16
3.820363281283872766e+03 2.179716012833754800e+16
3.820696850067709875e+03 2.180138363388887200e+16
3.821030418851546983e+03 2.180564796087661200e+16
3.821363987635383637e+03 2.180995302110967200e+16
3.821697556419220746e+03 2.181429872113927200e+16
3.822031125203057400e+03 2.181868496223442800e+16
3.822364693986894508e+03 2.182311164035744000e+16
3.822698262770731617e+03 2.182757864613953200e+16
3.823031831554568271e+03 2.183208586485662400e+16
3.823365400338405379e+03 2.183663317640531200e+16
3.823698969122241579e+03 2.184122045527881200e+16
3.824032537906078687e+03 2.184584757054331200e+16
3.824366106689915796e+03 2.185051438581436800e+16
3.824699675473752450e+03 2.185522075923352000e+16
3.825033244257589558e+03 2.185996654344513200e+16
3.825366813041426212e+03 2.186475158557354800e+16
3.825700381825263321e+03 2.186957572720033200e+16
3.826033950609100430e+03 2.187443880434190400e+16
3.826367519392937083e+03 2.187934064742740000e+16
3.826701088176774192e+03 2.188428108127690000e+16
3.827034656960610846e+03 2.188925992507987200e+16
3.827368225744447955e+03 2.189427699237404800e+16
3.827701794528285063e+03 2.189933209102455200e+16
3.828035363312121262e+03 2.190442502320355200e+16
3.828368932095958371e+03 2.190955558537012800e+16
3.828702500879795025e+03 2.191472356825066800e+16
3.829036069663632134e+03 2.191992875681972000e+16
3.829369638447469242e+03 2.192517093028112800e+16
3.829703207231305896e+03 2.193044986204986800e+16
3.830036776015143005e+03 2.193576531973417600e+16
3.830370344798979659e+03 2.194111706511834800e+16
3.830703913582816767e+03 2.194650485414596400e+16
3.831037482366653876e+03 2.195192843690370000e+16
3.831371051150490530e+03 2.195738755760577600e+16
3.831704619934327184e+03 2.196288195457889600e+16
3.832038188718163838e+03 2.196841136024795200e+16
3.832371757502000946e+03 2.197397550112224800e+16
3.832705326285838055e+03 2.197957409778244000e+16
3.833038895069674709e+03 2.198520686486821600e+16
3.833372463853511817e+03 2.199087351106662800e+16
3.833706032637348471e+03 2.199657373910120800e+16
3.834039601421185580e+03 2.200230724572182400e+16
3.834373170205022689e+03 2.200807372169532800e+16
3.834706738988859342e+03 2.201387285179704000e+16
3.835040307772696451e+03 2.201970431480308400e+16
3.835373876556532650e+03 2.202556778348352000e+16
3.835707445340369759e+03 2.203146292459644800e+16
3.836041014124206868e+03 2.203738939888297600e+16
3.836374582908043521e+03 2.204334686106318000e+16
3.836708151691880630e+03 2.204933495983293600e+16
3.837041720475717284e+03 2.205535333786185600e+16
3.837375289259554393e+03 2.206140163179223200e+16
3.837708858043391501e+03 2.206747947223888000e+16
3.838042426827228155e+03 2.207358648379028800e+16
3.838375995611065264e+03 2.207972228501068800e+16
3.838709564394901918e+03 2.208588648844330000e+16
3.839043133178739026e+03 2.209207870061476400e+16
3.839376701962576135e+03 2.209829852204072400e+16
3.839710270746412334e+03 2.210454554723260000e+16
3.840043839530249443e+03 2.211081936470561200e+16
3.840377408314086097e+03 2.211711955698812800e+16
3.840710977097923205e+03 2.212344570063213200e+16
3.841044545881760314e+03 2.212979736622519200e+16
3.841378114665596968e+03 2.213617411840364800e+16
3.841711683449434076e+03 2.214257551586719200e+16
3.842045252233270730e+03 2.214900111139490400e+16
3.842378821017107839e+03 2.215545045186257600e+16
3.842712389800944948e+03 2.216192307826164000e+16
3.843045958584781602e+03 2.216841852571943600e+16
3.843379527368618255e+03 2.217493632352108000e+16
3.843713096152454909e+03 2.218147599513273200e+16
3.844046664936292018e+03 2.218803705822660400e+16
3.844380233720128672e+03 2.219461902470732800e+16
3.844713802503965780e+03 2.220122140074007200e+16
3.845047371287802889e+03 2.220784368678022400e+16
3.845380940071639543e+03 2.221448537760476000e+16
3.845714508855476652e+03 2.222114596234524400e+16
3.846048077639313306e+03 2.222782492452256800e+16
3.846381646423150414e+03 2.223452174208336000e+16
3.846715215206987523e+03 2.224123588743824400e+16
3.847048783990823722e+03 2.224796682750170000e+16
3.847382352774660831e+03 2.225471402373389200e+16
3.847715921558497485e+03 2.226147693218417200e+16
3.848049490342334593e+03 2.226825500353655200e+16
3.848383059126171702e+03 2.227504768315688800e+16
3.848716627910008356e+03 2.228185441114202400e+16
3.849050196693845464e+03 2.228867462237082400e+16
3.849383765477682118e+03 2.229550774655714400e+16
3.849717334261519227e+03 2.230235320830463200e+16
3.850050903045356335e+03 2.230921042716361600e+16
3.850384471829192989e+03 2.231607881768987200e+16
3.850718040613030098e+03 2.232295778950546400e+16
3.851051609396866297e+03 2.232984674736140800e+16
3.851385178180703406e+03 2.233674509120258000e+16
3.851718746964540514e+03 2.234365221623454000e+16
3.852052315748377168e+03 2.235056751299236400e+16
3.852385884532214277e+03 2.235749036741161600e+16
3.852719453316050931e+03 2.236442016090134400e+16
3.853053022099888040e+03 2.237135627041921600e+16
3.853386590883725148e+03 2.237829806854860800e+16
3.853720159667561802e+03 2.238524492357798000e+16
3.854053728451398911e+03 2.239219619958226400e+16
3.854387297235235565e+03 2.239915125650630400e+16
3.854720866019072673e+03 2.240610945025056800e+16
3.855054434802909327e+03 2.241307013275884800e+16
3.855388003586745981e+03 2.242003265210820000e+16
3.855721572370583090e+03 2.242699635260095200e+16
3.856055141154419744e+03 2.243396057485888000e+16
3.856388709938256852e+03 2.244092465591952400e+16
3.856722278722093961e+03 2.244788792933458400e+16
3.857055847505930615e+03 2.245484972527054800e+16
3.857389416289767723e+03 2.246180937061140000e+16
3.857722985073604377e+03 2.246876618906341600e+16
3.858056553857441486e+03 2.247571950126220800e+16
3.858390122641278595e+03 2.248266862488172400e+16
3.858723691425114794e+03 2.248961287474548000e+16
3.859057260208951902e+03 2.249655156293986400e+16
3.859390828992788556e+03 2.250348399892949600e+16
3.859724397776625665e+03 2.251040948967466400e+16
3.860057966560462773e+03 2.251732733975090000e+16
3.860391535344299427e+03 2.252423685147048800e+16
3.860725104128136536e+03 2.253113732500615200e+16
3.861058672911973190e+03 2.253802805851654000e+16
3.861392241695810299e+03 2.254490834827398800e+16
3.861725810479647407e+03 2.255177748879400400e+16
3.862059379263484061e+03 2.255863477296682400e+16
3.862392948047321170e+03 2.256547949219092000e+16
3.862726516831157369e+03 2.257231093650835200e+16
3.863060085614994478e+03 2.257912839474201600e+16
3.863393654398831586e+03 2.258593115463472800e+16
3.863727223182668240e+03 2.259271850299014800e+16
3.864060791966505349e+03 2.259948972581552400e+16
3.864394360750342003e+03 2.260624410846612800e+16
3.864727929534179111e+03 2.261298093579139200e+16
3.865061498318016220e+03 2.261969949228288800e+16
3.865395067101852874e+03 2.262639906222364400e+16
3.865728635885689982e+03 2.263307892983950800e+16
3.866062204669526636e+03 2.263973837945163200e+16
3.866395773453363745e+03 2.264637669563082000e+16
3.866729342237200399e+03 2.265299316335311200e+16
3.867062911021037053e+03 2.265958706815696800e+16
3.867396479804874161e+03 2.266615769630180800e+16
3.867730048588710815e+03 2.267270433492779200e+16
3.868063617372547924e+03 2.267922627221703200e+16
3.868397186156385033e+03 2.268572279755591200e+16
3.868730754940221686e+03 2.269219320169873600e+16
3.869064323724058795e+03 2.269863677693237200e+16
3.869397892507895449e+03 2.270505281724200400e+16
3.869731461291732558e+03 2.271144061847800000e+16
3.870065030075569666e+03 2.271779947852363600e+16
3.870398598859405865e+03 2.272412869746366400e+16
3.870732167643242974e+03 2.273042757775390000e+16
3.871065736427079628e+03 2.273669542439146000e+16
3.871399305210916737e+03 2.274293154508572000e+16
3.871732873994753845e+03 2.274913525042992800e+16
3.872066442778590499e+03 2.275530585407337600e+16
3.872400011562427608e+03 2.276144267289416400e+16
3.872733580346264262e+03 2.276754502717228800e+16
3.873067149130101370e+03 2.277361224076316800e+16
3.873400717913938479e+03 2.277964364127147200e+16
3.873734286697775133e+03 2.278563856022512800e+16
3.874067855481612241e+03 2.279159633324954400e+16
3.874401424265448441e+03 2.279751630024183200e+16
3.874734993049285549e+03 2.280339780554515200e+16
3.875068561833122658e+03 2.280924019812280800e+16
3.875402130616959312e+03 2.281504283173235600e+16
3.875735699400796420e+03 2.282080506509941600e+16
3.876069268184633074e+03 2.282652626209114400e+16
3.876402836968470183e+03 2.283220579188938800e+16
3.876736405752307292e+03 2.283784302916328000e+16
3.877069974536143945e+03 2.284343735424139200e+16
3.877403543319981054e+03 2.284898815328316800e+16
3.877737112103817708e+03 2.285449481844965600e+16
3.878070680887654817e+03 2.285995674807356000e+16
3.878404249671491471e+03 2.286537334682816800e+16
3.878737818455328124e+03 2.287074402589561600e+16
3.879071387239165233e+03 2.287606820313388800e+16
3.879404956023001887e+03 2.288134530324274400e+16
3.879738524806838996e+03 2.288657475792854400e+16
3.880072093590676104e+03 2.289175600606759200e+16
3.880405662374512758e+03 2.289688849386822400e+16
3.880739231158349867e+03 2.290197167503145600e+16
3.881072799942186521e+03 2.290700501090996000e+16
3.881406368726023629e+03 2.291198797066555200e+16
3.881739937509860738e+03 2.291692003142488000e+16
3.882073506293696937e+03 2.292180067843331600e+16
3.882407075077534046e+03 2.292662940520707200e+16
3.882740643861370700e+03 2.293140571368319200e+16
3.883074212645207808e+03 2.293612911436766400e+16
3.883407781429044917e+03 2.294079912648130000e+16
3.883741350212881571e+03 2.294541527810349600e+16
3.884074918996718679e+03 2.294997710631368000e+16
3.884408487780555333e+03 2.295448415733036400e+16
3.884742056564392442e+03 2.295893598664783200e+16
3.885075625348229551e+03 2.296333215917027200e+16
3.885409194132066204e+03 2.296767224934335200e+16
3.885742762915903313e+03 2.297195584128306800e+16
3.886076331699739512e+03 2.297618252890201600e+16
3.886409900483576621e+03 2.298035191603263200e+16
3.886743469267413730e+03 2.298446361654777200e+16
3.887077038051250383e+03 2.298851725447820800e+16
3.887410606835087492e+03 2.299251246412716800e+16
3.887744175618924146e+03 2.299644889018181600e+16
3.888077744402761255e+03 2.300032618782148800e+16
3.888411313186598363e+03 2.300414402282292400e+16
3.888744881970435017e+03 2.300790207166194400e+16
3.889078450754272126e+03 2.301160002161215600e+16
3.889412019538108780e+03 2.301523757083990000e+16
3.889745588321945888e+03 2.301881442849603600e+16
3.890079157105782542e+03 2.302233031480415200e+16
3.890412725889619196e+03 2.302578496114512800e+16
3.890746294673456305e+03 2.302917811013828800e+16
3.891079863457292959e+03 2.303250951571874400e+16
3.891413432241130067e+03 2.303577894321114000e+16
3.891747001024967176e+03 2.303898616939965600e+16
3.892080569808803830e+03 2.304213098259416800e+16
3.892414138592640938e+03 2.304521318269274400e+16
3.892747707376477592e+03 2.304823258124008000e+16
3.893081276160314701e+03 2.305118900148222800e+16
3.893414844944151810e+03 2.305408227841740000e+16
3.893748413727988009e+03 2.305691225884255200e+16
3.894081982511825117e+03 2.305967880139651200e+16
3.894415551295661771e+03 2.306238177659855200e+16
3.894749120079498880e+03 2.306502106688336000e+16
3.895082688863335989e+03 2.306759656663165200e+16
3.895416257647172642e+03 2.307010818219700000e+16
3.895749826431009751e+03 2.307255583192840000e+16
3.896083395214846405e+03 2.307493944618880800e+16
3.896416963998683514e+03 2.307725896736957600e+16
3.896750532782520622e+03 2.307951434990083200e+16
3.897084101566357276e+03 2.308170556025764000e+16
3.897417670350194385e+03 2.308383257696219600e+16
3.897751239134030584e+03 2.308589539058172000e+16
3.898084807917867693e+03 2.308789400372253600e+16
3.898418376701704801e+03 2.308982843101960400e+16
3.898751945485541455e+03 2.309169869912249600e+16
3.899085514269378564e+03 2.309350484667676800e+16
3.899419083053215218e+03 2.309524692430166800e+16
3.899752651837052326e+03 2.309692499456360400e+16
3.900086220620889435e+03 2.309853913194551600e+16
3.900419789404726089e+03 2.310008942281237600e+16
3.900753358188563197e+03 2.310157596537264800e+16
3.901086926972399851e+03 2.310299886963571600e+16
3.901420495756236960e+03 2.310435825736545600e+16
3.901754064540073614e+03 2.310565426202984800e+16
3.902087633323910268e+03 2.310688702874678800e+16
3.902421202107747376e+03 2.310805671422594400e+16
3.902754770891584030e+03 2.310916348670691200e+16
3.903088339675421139e+03 2.311020752589354800e+16
3.903421908459258248e+03 2.311118902288465600e+16
3.903755477243094901e+03 2.311210818010085600e+16
3.904089046026932010e+03 2.311296521120802800e+16
3.904422614810768664e+03 2.311376034103696800e+16
3.904756183594605773e+03 2.311449380549971200e+16
3.905089752378442881e+03 2.311516585150219200e+16
3.905423321162279080e+03 2.311577673685360800e+16
3.905756889946116189e+03 2.311632673017240400e+16
3.906090458729952843e+03 2.311681611078888000e+16
3.906424027513789952e+03 2.311724516864464400e+16
3.906757596297627060e+03 2.311761420418881600e+16
3.907091165081463714e+03 2.311792352827110800e+16
3.907424733865300823e+03 2.311817346203192000e+16
3.907758302649137477e+03 2.311836433678937600e+16
3.908091871432974585e+03 2.311849649392346000e+16
3.908425440216811694e+03 2.311857028475728800e+16
3.908759009000648348e+03 2.311858607043564800e+16
3.909092577784485457e+03 2.311854422180076800e+16
3.909426146568321656e+03 2.311844511926550800e+16
3.909759715352158764e+03 2.311828915268396800e+16
3.910093284135995873e+03 2.311807672121956400e+16
3.910426852919832527e+03 2.311780823321081200e+16
3.910760421703669635e+03 2.311748410603470400e+16
3.911093990487506289e+03 2.311710476596777600e+16
3.911427559271343398e+03 2.311667064804515600e+16
3.911761128055180507e+03 2.311618219591742400e+16
3.912094696839017161e+03 2.311563986170547200e+16
3.912428265622854269e+03 2.311504410585346400e+16
3.912761834406690923e+03 2.311439539697985200e+16
3.913095403190528032e+03 2.311369421172689600e+16
3.913428971974364686e+03 2.311294103460809600e+16
3.913762540758201339e+03 2.311213635785438800e+16
3.914096109542038448e+03 2.311128068125867200e+16
3.914429678325875102e+03 2.311037451201889600e+16
3.914763247109712211e+03 2.310941836457987200e+16
3.915096815893549319e+03 2.310841276047374400e+16
3.915430384677385973e+03 2.310735822815930400e+16
3.915763953461223082e+03 2.310625530286034800e+16
3.916097522245059736e+03 2.310510452640274800e+16
3.916431091028896844e+03 2.310390644705088000e+16
3.916764659812733953e+03 2.310266161934302000e+16
3.917098228596570152e+03 2.310137060392605200e+16
3.917431797380407261e+03 2.310003396738954800e+16
3.917765366164243915e+03 2.309865228209910800e+16
3.918098934948081023e+03 2.309722612602933200e+16
3.918432503731918132e+03 2.309575608259633200e+16
3.918766072515754786e+03 2.309424274048975200e+16
3.919099641299591894e+03 2.309268669350476800e+16
3.919433210083428548e+03 2.309108854037359200e+16
3.919766778867265657e+03 2.308944888459720000e+16
3.920100347651102766e+03 2.308776833427669600e+16
3.920433916434939420e+03 2.308604750194487200e+16
3.920767485218776528e+03 2.308428700439801200e+16
3.921101054002612727e+03 2.308248746252753600e+16
3.921434622786449836e+03 2.308064950115229200e+16
3.921768191570286945e+03 2.307877374885088400e+16
3.922101760354123599e+03 2.307686083779452800e+16
3.922435329137960707e+03 2.307491140358050000e+16
3.922768897921797361e+03 2.307292608506584000e+16
3.923102466705634470e+03 2.307090552420197600e+16
3.923436035489471578e+03 2.306885036586979200e+16
3.923769604273308232e+03 2.306676125771558000e+16
3.924103173057145341e+03 2.306463884998776000e+16
3.924436741840981995e+03 2.306248379537444400e+16
3.924770310624819103e+03 2.306029674884193600e+16
3.925103879408655757e+03 2.305807836747433600e+16
3.925437448192492411e+03 2.305582931031392800e+16
3.925771016976329520e+03 2.305355023820307600e+16
3.926104585760166174e+03 2.305124181362682800e+16
3.926438154544003282e+03 2.304890470055711200e+16
3.926771723327840391e+03 2.304653956429800800e+16
3.927105292111677045e+03 2.304414707133230800e+16
3.927438860895514154e+03 2.304172788916968000e+16
3.927772429679350807e+03 2.303928268619589200e+16
3.928105998463187916e+03 2.303681213152388000e+16
3.928439567247025025e+03 2.303431689484601200e+16
3.928773136030861224e+03 2.303179764628807200e+16
3.929106704814698332e+03 2.302925505626482000e+16
3.929440273598534986e+03 2.302668979533710400e+16
3.929773842382372095e+03 2.302410253407073200e+16
3.930107411166209204e+03 2.302149394289705200e+16
3.930440979950045858e+03 2.301886469197512400e+16
3.930774548733882966e+03 2.301621545105595200e+16
3.931108117517719620e+03 2.301354688934822000e+16
3.931441686301556729e+03 2.301085967538605600e+16
3.931775255085393837e+03 2.300815447689860000e+16
3.932108823869230491e+03 2.300543196068152800e+16
3.932442392653067600e+03 2.300269279247038000e+16
3.932775961436903799e+03 2.299993763681592800e+16
3.933109530220740908e+03 2.299716715696152000e+16
3.933443099004578016e+03 2.299438201472232000e+16
3.933776667788414670e+03 2.299158287036666400e+16
3.934110236572251779e+03 2.298877038249936000e+16
3.934443805356088433e+03 2.298594520794710400e+16
3.934777374139925541e+03 2.298310800164588400e+16
3.935110942923762650e+03 2.298025941653044800e+16
3.935444511707599304e+03 2.297740010342602400e+16
3.935778080491436413e+03 2.297453071094189600e+16
3.936111649275273066e+03 2.297165188536721200e+16
3.936445218059110175e+03 2.296876427056894000e+16
3.936778786842946829e+03 2.296586850789186400e+16
3.937112355626783483e+03 2.296296523606070000e+16
3.937445924410620592e+03 2.296005509108447200e+16
3.937779493194457245e+03 2.295713870616278400e+16
3.938113061978294354e+03 2.295421671159453600e+16
3.938446630762131463e+03 2.295128973468845200e+16
3.938780199545968117e+03 2.294835839967595200e+16
3.939113768329805225e+03 2.294542332762614400e+16
3.939447337113641879e+03 2.294248513636285600e+16
3.939780905897478988e+03 2.293954444038377600e+16
3.940114474681316096e+03 2.293660185078184800e+16
3.940448043465152296e+03 2.293365797516865600e+16
3.940781612248989404e+03 2.293071341759998400e+16
3.941115181032826058e+03 2.292776877850337600e+16
3.941448749816663167e+03 2.292482465460792000e+16
3.941782318600500275e+03 2.292188163887597200e+16
3.942115887384336929e+03 2.291894032043702400e+16
3.942449456168174038e+03 2.291600128452360800e+16
3.942783024952010692e+03 2.291306511240920400e+16
3.943116593735847800e+03 2.291013238134822400e+16
3.943450162519684909e+03 2.290720366451794400e+16
3.943783731303521563e+03 2.290427953096248800e+16
3.944117300087358672e+03 2.290136054553874000e+16
3.944450868871194871e+03 2.289844726886422400e+16
3.944784437655031979e+03 2.289554025726696000e+16
3.945118006438869088e+03 2.289264006273716000e+16
3.945451575222705742e+03 2.288974723288091200e+16
3.945785144006542851e+03 2.288686231087571200e+16
3.946118712790379504e+03 2.288398583542781600e+16
3.946452281574216613e+03 2.288111834073148400e+16
3.946785850358053722e+03 2.287826035643005600e+16
3.947119419141890376e+03 2.287541240757868800e+16
3.947452987925727484e+03 2.287257501460910000e+16
3.947786556709564138e+03 2.286974869329574400e+16
3.948120125493401247e+03 2.286693395472406400e+16
3.948453694277237901e+03 2.286413130526018800e+16
3.948787263061074555e+03 2.286134124652231600e+16
3.949120831844911663e+03 2.285856427535392800e+16
3.949454400628748317e+03 2.285580088379843600e+16
3.949787969412585426e+03 2.285305155907552000e+16
3.950121538196422534e+03 2.285031678355901600e+16
3.950455106980259188e+03 2.284759703475632000e+16
3.950788675764096297e+03 2.284489278528938400e+16
3.951122244547932951e+03 2.284220450287714400e+16
3.951455813331770059e+03 2.283953265031939600e+16
3.951789382115607168e+03 2.283687768548216000e+16
3.952122950899443367e+03 2.283424006128444000e+16
3.952456519683280476e+03 2.283162022568632000e+16
3.952790088467117130e+03 2.282901862167847200e+16
3.953123657250954238e+03 2.282643568727295200e+16
3.953457226034791347e+03 2.282387185549533600e+16
3.953790794818628001e+03 2.282132755437799200e+16
3.954124363602465110e+03 2.281880320695489200e+16
3.954457932386301763e+03 2.281629923125715200e+16
3.954791501170138872e+03 2.281381604031034800e+16
3.955125069953975981e+03 2.281135404213243200e+16
3.955458638737812635e+03 2.280891363973315200e+16
3.955792207521649743e+03 2.280649523111443600e+16
3.956125776305485942e+03 2.280409920927179200e+16
3.956459345089323051e+03 2.280172596219686800e+16
3.956792913873160160e+03 2.279937587288093200e+16
3.957126482656996814e+03 2.279704931931939200e+16
3.957460051440833922e+03 2.279474667451728000e+16
3.957793620224670576e+03 2.279246830649558000e+16
3.958127189008507685e+03 2.279021457829857600e+16
3.958460757792344793e+03 2.278798584800200800e+16
3.958794326576181447e+03 2.278578246872207200e+16
3.959127895360018556e+03 2.278360478862530400e+16
3.959461464143855210e+03 2.278145315093912400e+16
3.959795032927692318e+03 2.277932789396335600e+16
3.960128601711528972e+03 2.277722935108221600e+16
3.960462170495365626e+03 2.277515785077730400e+16
3.960795739279202735e+03 2.277311371664104400e+16
3.961129308063039389e+03 2.277109726739092800e+16
3.961462876846876497e+03 2.276910881688434400e+16
3.961796445630713606e+03 2.276714867413399200e+16
3.962130014414550260e+03 2.276521714332396000e+16
3.962463583198387369e+03 2.276331452382626400e+16
3.962797151982224023e+03 2.276144111021801600e+16
3.963130720766061131e+03 2.275959719229895600e+16
3.963464289549898240e+03 2.275778305510971600e+16
3.963797858333734439e+03 2.275599897895026400e+16
3.964131427117571548e+03 2.275424523939902400e+16
3.964464995901408201e+03 2.275252210733219600e+16
3.964798564685245310e+03 2.275082984894369600e+16
3.965132133469082419e+03 2.274916872576524800e+16
3.965465702252919073e+03 2.274753899468697600e+16
3.965799271036756181e+03 2.274594090797822800e+16
3.966132839820592835e+03 2.274437471330878400e+16
3.966466408604429944e+03 2.274284065377026400e+16
3.966799977388267052e+03 2.274133896789781600e+16
3.967133546172103706e+03 2.273986988969210000e+16
3.967467114955940815e+03 2.273843364864142000e+16
3.967800683739777014e+03 2.273703046974408000e+16
3.968134252523614123e+03 2.273566057353090400e+16
3.968467821307451231e+03 2.273432417608796800e+16
3.968801390091287885e+03 2.273302148907939200e+16
3.969134958875124994e+03 2.273175271977032000e+16
3.969468527658961648e+03 2.273051807104994800e+16
3.969802096442798756e+03 2.272931774145467200e+16
3.970135665226635865e+03 2.272815192519128000e+16
3.970469234010472519e+03 2.272702081216023200e+16
3.970802802794309628e+03 2.272592458797891200e+16
3.971136371578146282e+03 2.272486343400490400e+16
3.971469940361983390e+03 2.272383752735936000e+16
3.971803509145820044e+03 2.272284704095018400e+16
3.972137077929656698e+03 2.272189214349532800e+16
3.972470646713493807e+03 2.272097299954600000e+16
3.972804215497330460e+03 2.272008976950972800e+16
3.973137784281167569e+03 2.271924260967344400e+16
3.973471353065004678e+03 2.271843167222645600e+16
3.973804921848841332e+03 2.271765710528324000e+16
3.974138490632678440e+03 2.271691905290625600e+16
3.974472059416515094e+03 2.271621765512841600e+16
3.974805628200352203e+03 2.271555304797564800e+16
3.975139196984189311e+03 2.271492536348909200e+16
3.975472765768025511e+03 2.271433472974727200e+16
3.975806334551862619e+03 2.271378127088798000e+16
3.976139903335699273e+03 2.271326510712999200e+16
3.976473472119536382e+03 2.271278635479467200e+16
3.976807040903373490e+03 2.271234512632719200e+16
3.977140609687210144e+03 2.271194153031765600e+16
3.977474178471047253e+03 2.271157567152192400e+16
3.977807747254883907e+03 2.271124765088216000e+16
3.978141316038721016e+03 2.271095756554725200e+16
3.978474884822558124e+03 2.271070550889281200e+16
3.978808453606394778e+03 2.271049157054090400e+16
3.979142022390231887e+03 2.271031583637968800e+16
3.979475591174068086e+03 2.271017838858249600e+16
3.979809159957905194e+03 2.271007930562681200e+16
3.980142728741742303e+03 2.271001866231280800e+16
3.980476297525578957e+03 2.270999652978165600e+16
3.980809866309416066e+03 2.271001297553348000e+16
3.981143435093252720e+03 2.271006806344495600e+16
3.981477003877089828e+03 2.271016185378663600e+16
3.981810572660926937e+03 2.271029440323981600e+16
3.982144141444763591e+03 2.271046576491322400e+16
3.982477710228600699e+03 2.271067598835918400e+16
3.982811279012437353e+03 2.271092511958951200e+16
3.983144847796274462e+03 2.271121320109106800e+16
3.983478416580111116e+03 2.271154027184080800e+16
3.983811985363947770e+03 2.271190636732066400e+16
3.984145554147784878e+03 2.271231151953186400e+16
3.984479122931621532e+03 2.271275575700894400e+16
3.984812691715458641e+03 2.271323910483344000e+16
3.985146260499295749e+03 2.271376158464700400e+16
3.985479829283132403e+03 2.271432321466440800e+16
3.985813398066969512e+03 2.271492400968586800e+16
3.986146966850806166e+03 2.271556398110912400e+16
3.986480535634643275e+03 2.271624313694118400e+16
3.986814104418480383e+03 2.271696148180947200e+16
3.987147673202316582e+03 2.271771901697276000e+16
3.987481241986153691e+03 2.271851574033160800e+16
3.987814810769990345e+03 2.271935164643839200e+16
3.988148379553827453e+03 2.272022672650704000e+16
3.988481948337664562e+03 2.272114096842212800e+16
3.988815517121501216e+03 2.272209435674785600e+16
3.989149085905338325e+03 2.272308687273641600e+16
3.989482654689174979e+03 2.272411849433608800e+16
3.989816223473012087e+03 2.272518919619880800e+16
3.990149792256849196e+03 2.272629894968742000e+16
3.990483361040685850e+03 2.272744772288249200e+16
3.990816929824522958e+03 2.272863548058882000e+16
3.991150498608359158e+03 2.272986218434131600e+16
3.991484067392196266e+03 2.273112779241079200e+16
3.991817636176033375e+03 2.273243225980912000e+16
3.992151204959870029e+03 2.273377553829409600e+16
3.992484773743707137e+03 2.273515757637392800e+16
3.992818342527543791e+03 2.273657831931126400e+16
3.993151911311380900e+03 2.273803770912700000e+16
3.993485480095218009e+03 2.273953568460342400e+16
3.993819048879054662e+03 2.274107218128732000e+16
3.994152617662891771e+03 2.274264713149248000e+16
3.994486186446728425e+03 2.274426046430187200e+16
3.994819755230565534e+03 2.274591210556958000e+16
3.995153324014402187e+03 2.274760197792221600e+16
3.995486892798238841e+03 2.274933000076002800e+16
3.995820461582075950e+03 2.275109609025781600e+16
3.996154030365912604e+03 2.275290015936524800e+16
3.996487599149749713e+03 2.275474211780704000e+16
3.996821167933586821e+03 2.275662187208273600e+16
3.997154736717423475e+03 2.275853932546609600e+16
3.997488305501260584e+03 2.276049437800436000e+16
3.997821874285097238e+03 2.276248692651696000e+16
3.998155443068934346e+03 2.276451686459413600e+16
3.998489011852771455e+03 2.276658408259507200e+16
3.998822580636607654e+03 2.276868846764588400e+16
3.999156149420444763e+03 2.277082990363732800e+16
3.999489718204281417e+03 2.277300827122206400e+16
3.999823286988118525e+03 2.277522344781189200e+16
4.000156855771955634e+03 2.277747530757449600e+16
4.000490424555792288e+03 2.277976372143016000e+16
4.000823993339629396e+03 2.278208855704808000e+16
4.001157562123466050e+03 2.278444967884244000e+16
4.001491130907303159e+03 2.278684694796847200e+16
4.001824699691140268e+03 2.278928022231802400e+16
4.002158268474976921e+03 2.279174935651508800e+16
4.002491837258814030e+03 2.279425420191112800e+16
4.002825406042650229e+03 2.279679460658018400e+16
4.003158974826487338e+03 2.279937041531378400e+16
4.003492543610324446e+03 2.280198146961576000e+16
4.003826112394161100e+03 2.280462760769685600e+16
4.004159681177998209e+03 2.280730866446920800e+16
4.004493249961834863e+03 2.281002447154066000e+16
4.004826818745671972e+03 2.281277485720909200e+16
4.005160387529509080e+03 2.281555964645643600e+16
4.005493956313345734e+03 2.281837866094276000e+16
4.005827525097182843e+03 2.282123171900019600e+16
4.006161093881019497e+03 2.282411863562681200e+16
4.006494662664856605e+03 2.282703922248040400e+16
4.006828231448693259e+03 2.282999328787227200e+16
4.007161800232529913e+03 2.283298063676091200e+16
4.007495369016367022e+03 2.283600107074577600e+16
4.007828937800203676e+03 2.283905438806089600e+16
4.008162506584040784e+03 2.284214038356864800e+16
4.008496075367877893e+03 2.284525884875338800e+16
4.008829644151714547e+03 2.284840957171524800e+16
4.009163212935551655e+03 2.285159233716391600e+16
4.009496781719388309e+03 2.285480692641247600e+16
4.009830350503225418e+03 2.285805311737130400e+16
4.010163919287062527e+03 2.286133068454210400e+16
4.010497488070898726e+03 2.286463939901201600e+16
4.010831056854735834e+03 2.286797902844782400e+16
4.011164625638572488e+03 2.287134933709030000e+16
4.011498194422409597e+03 2.287475008574872000e+16
4.011831763206246706e+03 2.287818103179554400e+16
4.012165331990083359e+03 2.288164192916119200e+16
4.012498900773920468e+03 2.288513252832914400e+16
4.012832469557757122e+03 2.288865257633111600e+16
4.013166038341594231e+03 2.289220181674256800e+16
4.013499607125430884e+03 2.289577998967835600e+16
4.013833175909267993e+03 2.289938683178872800e+16
4.014166744693105102e+03 2.290302207625552000e+16
4.014500313476941301e+03 2.290668545278868400e+16
4.014833882260778410e+03 2.291037668762304000e+16
4.015167451044615063e+03 2.291409550351551200e+16
4.015501019828452172e+03 2.291784161974254800e+16
4.015834588612289281e+03 2.292161475209791600e+16
4.016168157396125935e+03 2.292541461289094400e+16
4.016501726179963043e+03 2.292924091094508400e+16
4.016835294963799697e+03 2.293309335159687200e+16
4.017168863747636806e+03 2.293697163669538400e+16
4.017502432531473914e+03 2.294087546460203200e+16
4.017836001315310568e+03 2.294480453019090000e+16
4.018169570099147677e+03 2.294875852484951200e+16
4.018503138882983876e+03 2.295273713647998400e+16
4.018836707666820985e+03 2.295674004950102400e+16
4.019170276450658093e+03 2.296076694484997600e+16
4.019503845234494747e+03 2.296481749998580800e+16
4.019837414018331856e+03 2.296889138889245600e+16
4.020170982802168510e+03 2.297298828208276000e+16
4.020504551586005618e+03 2.297710784660308400e+16
4.020838120369842727e+03 2.298124974603849200e+16
4.021171689153679381e+03 2.298541364051844800e+16
4.021505257937516490e+03 2.298959918672344800e+16
4.021838826721352689e+03 2.299380603789190400e+16
4.022172395505189797e+03 2.299803384382815600e+16
4.022505964289026906e+03 2.300228225091079200e+16
4.022839533072863560e+03 2.300655090210194400e+16
4.023173101856700669e+03 2.301083943695722400e+16
4.023506670640537322e+03 2.301514749163638400e+16
4.023840239424374431e+03 2.301947469891478400e+16
4.024173808208211540e+03 2.302382068819558800e+16
4.024507376992048194e+03 2.302818508552290400e+16
4.024840945775885302e+03 2.303256751359552000e+16
4.025174514559721956e+03 2.303696759178164800e+16
4.025508083343559065e+03 2.304138493613450400e+16
4.025841652127396173e+03 2.304581915940861600e+16
4.026175220911232373e+03 2.305026987107717600e+16
4.026508789695069481e+03 2.305473667735022800e+16
4.026842358478906135e+03 2.305921918119372400e+16
4.027175927262743244e+03 2.306371698234958400e+16
4.027509496046580352e+03 2.306822967735664800e+16
4.027843064830417006e+03 2.307275685957262000e+16
4.028176633614254115e+03 2.307729811919698400e+16
4.028510202398090769e+03 2.308185304329486400e+16
4.028843771181927877e+03 2.308642121582197600e+16
4.029177339965764986e+03 2.309100221765047200e+16
4.029510908749601640e+03 2.309559562659598800e+16
4.029844477533438749e+03 2.310020101744556000e+16
4.030178046317274948e+03 2.310481796198665600e+16
4.030511615101112056e+03 2.310944602903741600e+16
4.030845183884949165e+03 2.311408478447773200e+16
4.031178752668785819e+03 2.311873379128162000e+16
4.031512321452622928e+03 2.312339260955062800e+16
4.031845890236459582e+03 2.312806079654834400e+16
4.032179459020296690e+03 2.313273790673607200e+16
4.032513027804133799e+03 2.313742349180963200e+16
4.032846596587970453e+03 2.314211710073729200e+16
4.033180165371807561e+03 2.314681827979892800e+16
4.033513734155643760e+03 2.315152657262626400e+16
4.033847302939480869e+03 2.315624152024436800e+16
4.034180871723317978e+03 2.316096266111430000e+16
4.034514440507154632e+03 2.316568953117692000e+16
4.034848009290991740e+03 2.317042166389799200e+16
4.035181578074828394e+03 2.317515859031441600e+16
4.035515146858665503e+03 2.317989983908171200e+16
4.035848715642502611e+03 2.318464493652273600e+16
4.036182284426339265e+03 2.318939340667757200e+16
4.036515853210176374e+03 2.319414477135475600e+16
4.036849421994013028e+03 2.319889855018358000e+16
4.037182990777850137e+03 2.320365426066784000e+16
4.037516559561687245e+03 2.320841141824060800e+16
4.037850128345523444e+03 2.321316953632046400e+16
4.038183697129360553e+03 2.321792812636876000e+16
4.038517265913197207e+03 2.322268669794837200e+16
4.038850834697034315e+03 2.322744475878343200e+16
4.039184403480871424e+03 2.323220181482060400e+16
4.039517972264708078e+03 2.323695737029128800e+16
4.039851541048545187e+03 2.324171092777535600e+16
4.040185109832381841e+03 2.324646198826596800e+16
4.040518678616218949e+03 2.325121005123567200e+16
4.040852247400056058e+03 2.325595461470371200e+16
4.041185816183892712e+03 2.326069517530470400e+16
4.041519384967729820e+03 2.326543122835828000e+16
4.041852953751566019e+03 2.327016226794022400e+16
4.042186522535403128e+03 2.327488778695466400e+16
4.042520091319240237e+03 2.327960727720752000e+16
4.042853660103076891e+03 2.328432022948112000e+16
4.043187228886913999e+03 2.328902613361007600e+16
4.043520797670750653e+03 2.329372447855822800e+16
4.043854366454587762e+03 2.329841475249692800e+16
4.044187935238424870e+03 2.330309644288424800e+16
4.044521504022261524e+03 2.330776903654556400e+16
4.044855072806098633e+03 2.331243201975514400e+16
4.045188641589934832e+03 2.331708487831887200e+16
4.045522210373771941e+03 2.332172709765808800e+16
4.045855779157609049e+03 2.332635816289452800e+16
4.046189347941445703e+03 2.333097755893630400e+16
4.046522916725282812e+03 2.333558477056502800e+16
4.046856485509119466e+03 2.334017928252380000e+16
4.047190054292956574e+03 2.334476057960639600e+16
4.047523623076793683e+03 2.334932814674736800e+16
4.047857191860630337e+03 2.335388146911308000e+16
4.048190760644467446e+03 2.335842003219382400e+16
4.048524329428304100e+03 2.336294332189676400e+16
4.048857898212141208e+03 2.336745082463981600e+16
4.049191466995978317e+03 2.337194202744644800e+16
4.049525035779814516e+03 2.337641641804129200e+16
4.049858604563651625e+03 2.338087348494665600e+16
4.050192173347488279e+03 2.338531271757980800e+16
4.050525742131325387e+03 2.338973360635099200e+16
4.050859310915162496e+03 2.339413564276230000e+16
4.051192879698999150e+03 2.339851831950725600e+16
4.051526448482836258e+03 2.340288113057100800e+16
4.051860017266672912e+03 2.340722357133126400e+16
4.052193586050510021e+03 2.341154513865988400e+16
4.052527154834347130e+03 2.341584533102495200e+16
4.052860723618183783e+03 2.342012364859359200e+16
4.053194292402020892e+03 2.342437959333519600e+16
4.053527861185857091e+03 2.342861266912515200e+16
4.053861429969694200e+03 2.343282238184920400e+16
4.054194998753531308e+03 2.343700823950798000e+16
4.054528567537367962e+03 2.344116975232213600e+16
4.054862136321205071e+03 2.344530643283781200e+16
4.055195705105041725e+03 2.344941779603228000e+16
4.055529273888878834e+03 2.345350335942015200e+16
4.055862842672715942e+03 2.345756264315944000e+16
4.056196411456552596e+03 2.346159517015822800e+16
4.056529980240389705e+03 2.346560046618124400e+16
4.056863549024225904e+03 2.346957805995665200e+16
4.057197117808063012e+03 2.347352748328295200e+16
4.057530686591900121e+03 2.347744827113581600e+16
4.057864255375736775e+03 2.348133996177504000e+16
4.058197824159573884e+03 2.348520209685146000e+16
4.058531392943410538e+03 2.348903422151358400e+16
4.058864961727247646e+03 2.349283588451447200e+16
4.059198530511084755e+03 2.349660663831802800e+16
4.059532099294921409e+03 2.350034603920532000e+16
4.059865668078758517e+03 2.350405364738063600e+16
4.060199236862595171e+03 2.350772902707715600e+16
4.060532805646432280e+03 2.351137174666228800e+16
4.060866374430269389e+03 2.351498137874262000e+16
4.061199943214105588e+03 2.351855750026846800e+16
4.061533511997942696e+03 2.352209969263791200e+16
4.061867080781779350e+03 2.352560754180018800e+16
4.062200649565616459e+03 2.352908063835874400e+16
4.062534218349453567e+03 2.353251857767344800e+16
4.062867787133290221e+03 2.353592095996218400e+16
4.063201355917127330e+03 2.353928739040182400e+16
4.063534924700963984e+03 2.354261747922826400e+16
4.063868493484801093e+03 2.354591084183587200e+16
4.064202062268638201e+03 2.354916709887582400e+16
4.064535631052474855e+03 2.355238587635373200e+16
4.064869199836311964e+03 2.355556680572624400e+16
4.065202768620148163e+03 2.355870952399666400e+16
4.065536337403985272e+03 2.356181367380949200e+16
4.065869906187822380e+03 2.356487890354393200e+16
4.066203474971659034e+03 2.356790486740625600e+16
4.066537043755496143e+03 2.357089122552094400e+16
4.066870612539332797e+03 2.357383764402064000e+16
4.067204181323169905e+03 2.357674379513485600e+16
4.067537750107007014e+03 2.357960935727733600e+16
4.067871318890843668e+03 2.358243401513204800e+16
4.068204887674680776e+03 2.358521745973781600e+16
4.068538456458516976e+03 2.358795938857151200e+16
4.068872025242354084e+03 2.359065950562973200e+16
4.069205594026191193e+03 2.359331752150896000e+16
4.069539162810027847e+03 2.359593315348418400e+16
4.069872731593864955e+03 2.359850612558587200e+16
4.070206300377701609e+03 2.360103616867534000e+16
4.070539869161538718e+03 2.360352302051844800e+16
4.070873437945375827e+03 2.360596642585744800e+16
4.071207006729212480e+03 2.360836613648125600e+16
4.071540575513049589e+03 2.361072191129379200e+16
4.071874144296886243e+03 2.361303351638050800e+16
4.072207713080723352e+03 2.361530072507313600e+16
4.072541281864560460e+03 2.361752331801238400e+16
4.072874850648396659e+03 2.361970108320880000e+16
4.073208419432233768e+03 2.362183381610165600e+16
4.073541988216070422e+03 2.362392131961578400e+16
4.073875556999907531e+03 2.362596340421642000e+16
4.074209125783744639e+03 2.362795988796198800e+16
4.074542694567581293e+03 2.362991059655472800e+16
4.074876263351418402e+03 2.363181536338933600e+16
4.075209832135255056e+03 2.363367402959929600e+16
4.075543400919092164e+03 2.363548644410115600e+16
4.075876969702929273e+03 2.363725246363661200e+16
4.076210538486765927e+03 2.363897195281228000e+16
4.076544107270603035e+03 2.364064478413734000e+16
4.076877676054439235e+03 2.364227083805878400e+16
4.077211244838276343e+03 2.364385000299460000e+16
4.077544813622113452e+03 2.364538217536438800e+16
4.077878382405950106e+03 2.364686725961784400e+16
4.078211951189787214e+03 2.364830516826088800e+16
4.078545519973623868e+03 2.364969582187937200e+16
4.078879088757460977e+03 2.365103914916049200e+16
4.079212657541298086e+03 2.365233508691180400e+16
4.079546226325134739e+03 2.365358358007784400e+16
4.079879795108971848e+03 2.365478458175440800e+16
4.080213363892808047e+03 2.365593805320033600e+16
4.080546932676645156e+03 2.365704396384696400e+16
4.080880501460482265e+03 2.365810229130515200e+16
4.081214070244318918e+03 2.365911302136982400e+16
4.081547639028156027e+03 2.366007614802222800e+16
4.081881207811992681e+03 2.366099167342955200e+16
4.082214776595829790e+03 2.366185960794237600e+16
4.082548345379666898e+03 2.366267997008948000e+16
4.082881914163503552e+03 2.366345278657031600e+16
4.083215482947340661e+03 2.366417809224512000e+16
4.083549051731177315e+03 2.366485593012252000e+16
4.083882620515014423e+03 2.366548635134473200e+16
4.084216189298851532e+03 2.366606941517044800e+16
4.084549758082687731e+03 2.366660518895518800e+16
4.084883326866524840e+03 2.366709374812949200e+16
4.085216895650361494e+03 2.366753517617448000e+16
4.085550464434198602e+03 2.366792956459521600e+16
4.085884033218035711e+03 2.366827701289173600e+16
4.086217602001872365e+03 2.366857762852760000e+16
4.086551170785709473e+03 2.366883152689637600e+16
4.086884739569546127e+03 2.366903883128551200e+16
4.087218308353383236e+03 2.366919967283824400e+16
4.087551877137220345e+03 2.366931419051305600e+16
4.087885445921056998e+03 2.366938253104092400e+16
4.088219014704894107e+03 2.366940484888037600e+16
4.088552583488730306e+03 2.366938130617044400e+16
4.088886152272567415e+03 2.366931207268125600e+16
4.089219721056404524e+03 2.366919732576267200e+16
4.089553289840241177e+03 2.366903725029067600e+16
4.089886858624078286e+03 2.366883203861180000e+16
4.090220427407914940e+03 2.366858189048533600e+16
4.090553996191752049e+03 2.366828701302372000e+16
4.090887564975589157e+03 2.366794762063070400e+16
4.091221133759425811e+03 2.366756393493775200e+16
4.091554702543262920e+03 2.366713618473832400e+16
4.091888271327099119e+03 2.366666460592047200e+16
4.092221840110936228e+03 2.366614944139730400e+16
4.092555408894773336e+03 2.366559094103587200e+16
4.092888977678609990e+03 2.366498936158410400e+16
4.093222546462447099e+03 2.366434496659606000e+16
4.093556115246283753e+03 2.366365802635538800e+16
4.093889684030120861e+03 2.366292881779718000e+16
4.094223252813957970e+03 2.366215762442812800e+16
4.094556821597794624e+03 2.366134473624506400e+16
4.094890390381631732e+03 2.366049044965204800e+16
4.095223959165468386e+03 2.365959506737572000e+16
4.095557527949305495e+03 2.365865889837943200e+16
4.095891096733142604e+03 2.365768225777564800e+16
4.096224665516979258e+03 2.365666546673724000e+16
4.096558234300816366e+03 2.365560885240718800e+16
4.096891803084652565e+03 2.365451274780708000e+16
4.097225371868489674e+03 2.365337749174432800e+16
4.097558940652326783e+03 2.365220342871813600e+16
4.097892509436162982e+03 2.365099090882434400e+16
4.098226078220000090e+03 2.364974028765901600e+16
4.098559647003837199e+03 2.364845192622103200e+16
4.098893215787674308e+03 2.364712619081364800e+16
4.099226784571511416e+03 2.364576345294492800e+16
4.099560353355347615e+03 2.364436408922739200e+16
4.099893922139184724e+03 2.364292848127651200e+16
4.100227490923021833e+03 2.364145701560864400e+16
4.100561059706858941e+03 2.363995008353787600e+16
4.100894628490696050e+03 2.363840808107221600e+16
4.101228197274532249e+03 2.363683140880905600e+16
4.101561766058369358e+03 2.363522047182987200e+16
4.101895334842205557e+03 2.363357567959440000e+16
4.102228903626042666e+03 2.363189744583410400e+16
4.102562472409879774e+03 2.363018618844513600e+16
4.102896041193716883e+03 2.362844232938088000e+16
4.103229609977553991e+03 2.362666629454381200e+16
4.103563178761390191e+03 2.362485851367721600e+16
4.103896747545227299e+03 2.362301942025634000e+16
4.104230316329064408e+03 2.362114945137927200e+16
4.104563885112901517e+03 2.361924904765755200e+16
4.104897453896738625e+03 2.361731865310657600e+16
4.105231022680574824e+03 2.361535871503570400e+16
4.105564591464411933e+03 2.361336968393831200e+16
4.105898160248249042e+03 2.361135201338170400e+16
4.106231729032085241e+03 2.360930615989688800e+16
4.106565297815922349e+03 2.360723258286850800e+16
4.106898866599759458e+03 2.360513174442450400e+16
4.107232435383596567e+03 2.360300410932614000e+16
4.107566004167433675e+03 2.360085014485787600e+16
4.107899572951269874e+03 2.359867032071755200e+16
4.108233141735106983e+03 2.359646510890658400e+16
4.108566710518944092e+03 2.359423498362055200e+16
4.108900279302781200e+03 2.359198042113989600e+16
4.109233848086618309e+03 2.358970189972096400e+16
4.109567416870454508e+03 2.358739989948734000e+16
4.109900985654291617e+03 2.358507490232161600e+16
4.110234554438127816e+03 2.358272739175747200e+16
4.110568123221964925e+03 2.358035785287227200e+16
4.110901692005802033e+03 2.357796677218001600e+16
4.111235260789639142e+03 2.357555463752489200e+16
4.111568829573476251e+03 2.357312193797534000e+16
4.111902398357312450e+03 2.357066916371864000e+16
4.112235967141149558e+03 2.356819680595613200e+16
4.112569535924986667e+03 2.356570535679902000e+16
4.112903104708823776e+03 2.356319530916491200e+16
4.113236673492660884e+03 2.356066715667499200e+16
4.113570242276497083e+03 2.355812139355190400e+16
4.113903811060334192e+03 2.355555851451837200e+16
4.114237379844171301e+03 2.355297901469662800e+16
4.114570948628007500e+03 2.355038338950860000e+16
4.114904517411844608e+03 2.354777213457700000e+16
4.115238086195681717e+03 2.354514574562706400e+16
4.115571654979518826e+03 2.354250471838942400e+16
4.115905223763355934e+03 2.353984954850365600e+16
4.116238792547192133e+03 2.353718073142287200e+16
4.116572361331029242e+03 2.353449876231922000e+16
4.116905930114866351e+03 2.353180413599024000e+16
4.117239498898703459e+03 2.352909734676642400e+16
4.117573067682539659e+03 2.352637888841951200e+16
4.117906636466376767e+03 2.352364925407199600e+16
4.118240205250213876e+03 2.352090893610755200e+16
4.118573774034050075e+03 2.351815842608260800e+16
4.118907342817887184e+03 2.351539821463892000e+16
4.119240911601724292e+03 2.351262879141714000e+16
4.119574480385561401e+03 2.350985064497176800e+16
4.119908049169398510e+03 2.350706426268685200e+16
4.120241617953234709e+03 2.350427013069310400e+16
4.120575186737071817e+03 2.350146873378596000e+16
4.120908755520908926e+03 2.349866055534492000e+16
4.121242324304745125e+03 2.349584607725396400e+16
4.121575893088582234e+03 2.349302577982316000e+16
4.121909461872419342e+03 2.349020014171145600e+16
4.122243030656256451e+03 2.348736963985068400e+16
4.122576599440093560e+03 2.348453474937067200e+16
4.122910168223929759e+03 2.348169594352568000e+16
4.123243737007766867e+03 2.347885369362195600e+16
4.123577305791603976e+03 2.347600846894648800e+16
4.123910874575441085e+03 2.347316073669710000e+16
4.124244443359278193e+03 2.347031096191368800e+16
4.124578012143114393e+03 2.346745960741058400e+16
4.124911580926951501e+03 2.346460713371040800e+16
4.125245149710787700e+03 2.346175399897889600e+16
4.125578718494624809e+03 2.345890065896113200e+16
4.125912287278461918e+03 2.345604756691892400e+16
4.126245856062299026e+03 2.345319517356947200e+16
4.126579424846136135e+03 2.345034392702527200e+16
4.126912993629972334e+03 2.344749427273526800e+16
4.127246562413809443e+03 2.344464665342713600e+16
4.127580131197646551e+03 2.344180150905098800e+16
4.127913699981483660e+03 2.343895927672414400e+16
4.128247268765320769e+03 2.343612039067726800e+16
4.128580837549156968e+03 2.343328528220161600e+16
4.128914406332994076e+03 2.343045437959762800e+16
4.129247975116831185e+03 2.342762810812462400e+16
4.129581543900667384e+03 2.342480688995180000e+16
4.129915112684504493e+03 2.342199114411044000e+16
4.130248681468341601e+03 2.341918128644728000e+16
4.130582250252178710e+03 2.341637772957913200e+16
4.130915819036015819e+03 2.341358088284864000e+16
4.131249387819852018e+03 2.341079115228128800e+16
4.131582956603689126e+03 2.340800894054361600e+16
4.131916525387526235e+03 2.340523464690241600e+16
4.132250094171363344e+03 2.340246866718546000e+16
4.132583662955200452e+03 2.339971139374296000e+16
4.132917231739036652e+03 2.339696321541051600e+16
4.133250800522873760e+03 2.339422451747306400e+16
4.133584369306709959e+03 2.339149568162995200e+16
4.133917938090547068e+03 2.338877708596114400e+16
4.134251506874384177e+03 2.338606910489464800e+16
4.134585075658221285e+03 2.338337210917483200e+16
4.134918644442058394e+03 2.338068646583212000e+16
4.135252213225894593e+03 2.337801253815344400e+16
4.135585782009731702e+03 2.337535068565409200e+16
4.135919350793568810e+03 2.337270126405038000e+16
4.136252919577405919e+03 2.337006462523349600e+16
4.136586488361243028e+03 2.336744111724437600e+16
4.136920057145079227e+03 2.336483108424951200e+16
4.137253625928916335e+03 2.336223486651798000e+16
4.137587194712753444e+03 2.335965280039922800e+16
4.137920763496589643e+03 2.335708521830200800e+16
4.138254332280426752e+03 2.335453244867433600e+16
4.138587901064263860e+03 2.335199481598420000e+16
4.138921469848100969e+03 2.334947264070153600e+16
4.139255038631938078e+03 2.334696623928084800e+16
4.139588607415774277e+03 2.334447592414496000e+16
4.139922176199611386e+03 2.334200200366958400e+16
4.140255744983448494e+03 2.333954478216888800e+16
4.140589313767285603e+03 2.333710455988184400e+16
4.140922882551121802e+03 2.333468163295951200e+16
4.141256451334958911e+03 2.333227629345323200e+16
4.141590020118796019e+03 2.332988882930361600e+16
4.141923588902632218e+03 2.332751952433036800e+16
4.142257157686469327e+03 2.332516865822299200e+16
4.142590726470306436e+03 2.332283650653228000e+16
4.142924295254143544e+03 2.332052334066256000e+16
4.143257864037980653e+03 2.331822942786483600e+16
4.143591432821816852e+03 2.331595503123062000e+16
4.143925001605653961e+03 2.331370040968653200e+16
4.144258570389491069e+03 2.331146581798965600e+16
4.144592139173327269e+03 2.330925150672370400e+16
4.144925707957164377e+03 2.330705772229580000e+16
4.145259276741001486e+03 2.330488470693398400e+16
4.145592845524838594e+03 2.330273269868552800e+16
4.145926414308675703e+03 2.330060193141574400e+16
4.146259983092511902e+03 2.329849263480764800e+16
4.146593551876349011e+03 2.329640503436218400e+16
4.146927120660186119e+03 2.329433935139909600e+16
4.147260689444023228e+03 2.329229580305847600e+16
4.147594258227860337e+03 2.329027460230287600e+16
4.147927827011696536e+03 2.328827595792005200e+16
4.148261395795533645e+03 2.328630007452636800e+16
4.148594964579369844e+03 2.328434715257065600e+16
4.148928533363206952e+03 2.328241738833872000e+16
4.149262102147044061e+03 2.328051097395842000e+16
4.149595670930881170e+03 2.327862809740526000e+16
4.149929239714718278e+03 2.327676894250852400e+16
4.150262808498554477e+03 2.327493368895789200e+16
4.150596377282391586e+03 2.327312251231069200e+16
4.150929946066228695e+03 2.327133558399952800e+16
4.151263514850065803e+03 2.326957307134038000e+16
4.151597083633902912e+03 2.326783513754132800e+16
4.151930652417739111e+03 2.326612194171160000e+16
4.152264221201576220e+03 2.326443363887114400e+16
4.152597789985413328e+03 2.326277037996060800e+16
4.152931358769249528e+03 2.326113231185178800e+16
4.153264927553086636e+03 2.325951957735846800e+16
4.153598496336923745e+03 2.325793231524773200e+16
4.153932065120760853e+03 2.325637066025153600e+16
4.154265633904597962e+03 2.325483474307888400e+16
4.154599202688434161e+03 2.325332469042817600e+16
4.154932771472271270e+03 2.325184062500010800e+16
4.155266340256108379e+03 2.325038266551075600e+16
4.155599909039945487e+03 2.324895092670520000e+16
4.155933477823782596e+03 2.324754551937138800e+16
4.156267046607618795e+03 2.324616655035426000e+16
4.156600615391455904e+03 2.324481412257040000e+16
4.156934184175292103e+03 2.324348833502283200e+16
4.157267752959129211e+03 2.324218928281620800e+16
4.157601321742966320e+03 2.324091705717227200e+16
4.157934890526803429e+03 2.323967174544559600e+16
4.158268459310640537e+03 2.323845343113969200e+16
4.158602028094476736e+03 2.323726219392326800e+16
4.158935596878313845e+03 2.323609810964684400e+16
4.159269165662150954e+03 2.323496125035960000e+16
4.159602734445988062e+03 2.323385168432648400e+16
4.159936303229825171e+03 2.323276947604561600e+16
4.160269872013661370e+03 2.323171468626576800e+16
4.160603440797498479e+03 2.323068737200433600e+16
4.160937009581335587e+03 2.322968758656529600e+16
4.161270578365171787e+03 2.322871537955751600e+16
4.161604147149008895e+03 2.322777079691320800e+16
4.161937715932846004e+03 2.322685388090668800e+16
4.162271284716683112e+03 2.322596467017327600e+16
4.162604853500520221e+03 2.322510319972833600e+16
4.162938422284356420e+03 2.322426950098655200e+16
4.163271991068193529e+03 2.322346360178153600e+16
4.163605559852030638e+03 2.322268552638531200e+16
4.163939128635867746e+03 2.322193529552826400e+16
4.164272697419703945e+03 2.322121292641908000e+16
4.164606266203541054e+03 2.322051843276490400e+16
4.164939834987378163e+03 2.321985182479173600e+16
4.165273403771214362e+03 2.321921310926484000e+16
4.165606972555051470e+03 2.321860228950941200e+16
4.165940541338888579e+03 2.321801936543133600e+16
4.166274110122725688e+03 2.321746433353812800e+16
4.166607678906562796e+03 2.321693718696002800e+16
4.166941247690398995e+03 2.321643791547113600e+16
4.167274816474236104e+03 2.321596650551085600e+16
4.167608385258073213e+03 2.321552294020522800e+16
4.167941954041909412e+03 2.321510719938865200e+16
4.168275522825746521e+03 2.321471925962551200e+16
4.168609091609583629e+03 2.321435909423203200e+16
4.168942660393420738e+03 2.321402667329832000e+16
4.169276229177257846e+03 2.321372196371031200e+16
4.169609797961094046e+03 2.321344492917202400e+16
4.169943366744931154e+03 2.321319553022788000e+16
4.170276935528768263e+03 2.321297372428504800e+16
4.170610504312605372e+03 2.321277946563604000e+16
4.170944073096442480e+03 2.321261270548123200e+16
4.171277641880278679e+03 2.321247339195165200e+16
4.171611210664115788e+03 2.321236147013180800e+16
4.171944779447951987e+03 2.321227688208257600e+16
4.172278348231789096e+03 2.321221956686424800e+16
4.172611917015626204e+03 2.321218946055963200e+16
4.172945485799463313e+03 2.321218649629728800e+16
4.173279054583300422e+03 2.321221060427487200e+16
4.173612623367136621e+03 2.321226171178248000e+16
4.173946192150973729e+03 2.321233974322617600e+16
4.174279760934810838e+03 2.321244462015161600e+16
4.174613329718647947e+03 2.321257626126769600e+16
4.174946898502485055e+03 2.321273458247036000e+16
4.175280467286321255e+03 2.321291949686645600e+16
4.175614036070158363e+03 2.321313091479770800e+16
4.175947604853995472e+03 2.321336874386479200e+16
4.176281173637831671e+03 2.321363288895141600e+16
4.176614742421668780e+03 2.321392325224867200e+16
4.176948311205505888e+03 2.321423973327926000e+16
4.177281879989342997e+03 2.321458222892195200e+16
4.177615448773180105e+03 2.321495063343615200e+16
4.177949017557016305e+03 2.321534483848639200e+16
4.178282586340853413e+03 2.321576473316719600e+16
4.178616155124690522e+03 2.321621020402769600e+16
4.178949723908527631e+03 2.321668113509668400e+16
4.179283292692364739e+03 2.321717740790747200e+16
4.179616861476200938e+03 2.321769890152305200e+16
4.179950430260038047e+03 2.321824549256122400e+16
4.180283999043874246e+03 2.321881705521990400e+16
4.180617567827711355e+03 2.321941346130250800e+16
4.180951136611548463e+03 2.322003458024336000e+16
4.181284705395385572e+03 2.322068027913333600e+16
4.181618274179222681e+03 2.322135042274552000e+16
4.181951842963058880e+03 2.322204487356094400e+16
4.182285411746895988e+03 2.322276349179454400e+16
4.182618980530733097e+03 2.322350613542106800e+16
4.182952549314570206e+03 2.322427266020120800e+16
4.183286118098407314e+03 2.322506291970783200e+16
4.183619686882243514e+03 2.322587676535224000e+16
4.183953255666080622e+03 2.322671404641060800e+16
4.184286824449917731e+03 2.322757461005053200e+16
4.184620393233753930e+03 2.322845830135768800e+16
4.184953962017591039e+03 2.322936496336251600e+16
4.185287530801428147e+03 2.323029443706720400e+16
4.185621099585265256e+03 2.323124656147264400e+16
4.185954668369101455e+03 2.323222117360548000e+16
4.186288237152938564e+03 2.323321810854550400e+16
4.186621805936775672e+03 2.323423719945281600e+16
4.186955374720612781e+03 2.323527827759547200e+16
4.187288943504449890e+03 2.323634117237700400e+16
4.187622512288286089e+03 2.323742571136417200e+16
4.187956081072123197e+03 2.323853172031488000e+16
4.188289649855960306e+03 2.323965902320605600e+16
4.188623218639796505e+03 2.324080744226192000e+16
4.188956787423633614e+03 2.324197679798212800e+16
4.189290356207470722e+03 2.324316690917022400e+16
4.189623924991307831e+03 2.324437759296212000e+16
4.189957493775144940e+03 2.324560866485482400e+16
4.190291062558981139e+03 2.324685993873520000e+16
4.190624631342818248e+03 2.324813122690893600e+16
4.190958200126654447e+03 2.324942234012960400e+16
4.191291768910491555e+03 2.325073308762792000e+16
4.191625337694328664e+03 2.325206327714108000e+16
4.191958906478165773e+03 2.325341271494228800e+16
4.192292475262002881e+03 2.325478120587046400e+16
4.192626044045839080e+03 2.325616855335996000e+16
4.192959612829676189e+03 2.325757455947064000e+16
4.193293181613513298e+03 2.325899902491786400e+16
4.193626750397350406e+03 2.326044174910285600e+16
4.193960319181187515e+03 2.326190253014302000e+16
4.194293887965023714e+03 2.326338116490254400e+16
4.194627456748860823e+03 2.326487744902316000e+16
4.194961025532697931e+03 2.326639117695491600e+16
4.195294594316534130e+03 2.326792214198726400e+16
4.195628163100371239e+03 2.326947013628022400e+16
4.195961731884208348e+03 2.327103495089569600e+16
4.196295300668045456e+03 2.327261637582901600e+16
4.196628869451882565e+03 2.327421420004045600e+16
4.196962438235718764e+03 2.327582821148718400e+16
4.197296007019555873e+03 2.327745819715511200e+16
4.197629575803392981e+03 2.327910394309108400e+16
4.197963144587230090e+03 2.328076523443506400e+16
4.198296713371067199e+03 2.328244185545261200e+16
4.198630282154903398e+03 2.328413358956747600e+16
4.198963850938740507e+03 2.328584021939428800e+16
4.199297419722576706e+03 2.328756152677146400e+16
4.199630988506413814e+03 2.328929729279430000e+16
4.199964557290250923e+03 2.329104729784812000e+16
4.200298126074088032e+03 2.329281132164160400e+16
4.200631694857925140e+03 2.329458914324040000e+16
4.200965263641761339e+03 2.329638054110068800e+16
4.201298832425598448e+03 2.329818529310301600e+16
4.201632401209435557e+03 2.330000317658630000e+16
4.201965969993272665e+03 2.330183396838182400e+16
4.202299538777109774e+03 2.330367744484767200e+16
4.202633107560945973e+03 2.330553338190296800e+16
4.202966676344783082e+03 2.330740155506245600e+16
4.203300245128620190e+03 2.330928173947123600e+16
4.203633813912456390e+03 2.331117370993958400e+16
4.203967382696293498e+03 2.331307724097782400e+16
4.204300951480130607e+03 2.331499210683156800e+16
4.204634520263967715e+03 2.331691808151688000e+16
4.204968089047804824e+03 2.331885493885558400e+16
4.205301657831641023e+03 2.332080245251087200e+16
4.205635226615478132e+03 2.332276039602283600e+16
4.205968795399315241e+03 2.332472854284429200e+16
4.206302364183152349e+03 2.332670666637655600e+16
4.206635932966989458e+03 2.332869454000550400e+16
4.206969501750825657e+03 2.333069193713758400e+16
4.207303070534662766e+03 2.333269863123617600e+16
4.207636639318498965e+03 2.333471439585770400e+16
4.207970208102336073e+03 2.333673900468821600e+16
4.208303776886173182e+03 2.333877223157986800e+16
4.208637345670010291e+03 2.334081385058743200e+16
4.208970914453847399e+03 2.334286363600519200e+16
4.209304483237683598e+03 2.334492136240357600e+16
4.209638052021520707e+03 2.334698680466616000e+16
4.209971620805357816e+03 2.334905973802650400e+16
4.210305189589194924e+03 2.335113993810530400e+16
4.210638758373032033e+03 2.335322718094742000e+16
4.210972327156868232e+03 2.335532124305908000e+16
4.211305895940705341e+03 2.335742190144511200e+16
4.211639464724542449e+03 2.335952893364623200e+16
4.211973033508378649e+03 2.336164211777632000e+16
4.212306602292215757e+03 2.336376123255992800e+16
4.212640171076052866e+03 2.336588605736956000e+16
4.212973739859889974e+03 2.336801637226323200e+16
4.213307308643727083e+03 2.337015195802188800e+16
4.213640877427563282e+03 2.337229259618691200e+16
4.213974446211400391e+03 2.337443806909772800e+16
4.214308014995236590e+03 2.337658815992916400e+16
4.214641583779073699e+03 2.337874265272913600e+16
4.214975152562910807e+03 2.338090133245612400e+16
4.215308721346747916e+03 2.338306398501665600e+16
4.215642290130585025e+03 2.338523039730287200e+16
4.215975858914421224e+03 2.338740035722988800e+16
4.216309427698258332e+03 2.338957365377342800e+16
4.216642996482095441e+03 2.339175007700707200e+16
4.216976565265932550e+03 2.339392941813965600e+16
4.217310134049769658e+03 2.339611146955266400e+16
4.217643702833605857e+03 2.339829602483738400e+16
4.217977271617442966e+03 2.340048287883212800e+16
4.218310840401280075e+03 2.340267182765937600e+16
4.218644409185116274e+03 2.340486266876276000e+16
4.218977977968953383e+03 2.340705520094407200e+16
4.219311546752790491e+03 2.340924922440001200e+16
4.219645115536627600e+03 2.341144454075897600e+16
4.219978684320464708e+03 2.341364095311772800e+16
4.220312253104300908e+03 2.341583826607778400e+16
4.220645821888138016e+03 2.341803628578185600e+16
4.220979390671975125e+03 2.342023481995012000e+16
4.221312959455812234e+03 2.342243367791621600e+16
4.221646528239649342e+03 2.342463267066320000e+16
4.221980097023485541e+03 2.342683161085933600e+16
4.222313665807322650e+03 2.342903031289367200e+16
4.222647234591158849e+03 2.343122859291140000e+16
4.222980803374995958e+03 2.343342626884917600e+16
4.223314372158833066e+03 2.343562316047002400e+16
4.223647940942670175e+03 2.343781908939821600e+16
4.223981509726507284e+03 2.344001387915386400e+16
4.224315078510343483e+03 2.344220735518720800e+16
4.224648647294180591e+03 2.344439934491284800e+16
4.224982216078017700e+03 2.344658967774354400e+16
4.225315784861854809e+03 2.344877818512388800e+16
4.225649353645691917e+03 2.345096470056370000e+16
4.225982922429528116e+03 2.345314905967105200e+16
4.226316491213365225e+03 2.345533110018510400e+16
4.226650059997202334e+03 2.345751066200866800e+16
4.226983628781038533e+03 2.345968758724037600e+16
4.227317197564875642e+03 2.346186172020665600e+16
4.227650766348712750e+03 2.346403290749326000e+16
4.227984335132549859e+03 2.346620099797656000e+16
4.228317903916386967e+03 2.346836584285453200e+16
4.228651472700223167e+03 2.347052729567723600e+16
4.228985041484060275e+03 2.347268521237712000e+16
4.229318610267897384e+03 2.347483945129890400e+16
4.229652179051734493e+03 2.347698987322897200e+16
4.229985747835571601e+03 2.347913634142464800e+16
4.230319316619407800e+03 2.348127872164271600e+16
4.230652885403244909e+03 2.348341688216789600e+16
4.230986454187081108e+03 2.348555069384070400e+16
4.231320022970918217e+03 2.348768003008488400e+16
4.231653591754755325e+03 2.348980476693457600e+16
4.231987160538592434e+03 2.349192478306084000e+16
4.232320729322429543e+03 2.349403995979791200e+16
4.232654298106265742e+03 2.349615018116890400e+16
4.232987866890102850e+03 2.349825533391109600e+16
4.233321435673939959e+03 2.350035530750065200e+16
4.233655004457777068e+03 2.350244999417704000e+16
4.233988573241614176e+03 2.350453928896680000e+16
4.234322142025450376e+03 2.350662308970687200e+16
4.234655710809287484e+03 2.350870129706747200e+16
4.234989279593124593e+03 2.351077381457440000e+16
4.235322848376960792e+03 2.351284054863076000e+16
4.235656417160797901e+03 2.351490140853836400e+16
4.235989985944635009e+03 2.351695630651835200e+16
4.236323554728472118e+03 2.351900515773145200e+16
4.236657123512309226e+03 2.352104788029761200e+16
4.236990692296145426e+03 2.352308439531507200e+16
4.237324261079982534e+03 2.352511462687888400e+16
4.237657829863818733e+03 2.352713850209889200e+16
4.237991398647655842e+03 2.352915595111708800e+16
4.238324967431492951e+03 2.353116690712438000e+16
4.238658536215330059e+03 2.353317130637683200e+16
4.238992104999167168e+03 2.353516908821123200e+16
4.239325673783003367e+03 2.353716019506005600e+16
4.239659242566840476e+03 2.353914457246598400e+16
4.239992811350677584e+03 2.354112216909550400e+16
4.240326380134514693e+03 2.354309293675216000e+16
4.240659948918351802e+03 2.354505683038905200e+16
4.240993517702188001e+03 2.354701380812072400e+16
4.241327086486025109e+03 2.354896383123441600e+16
4.241660655269862218e+03 2.355090686420068800e+16
4.241994224053698417e+03 2.355284287468332800e+16
4.242327792837535526e+03 2.355477183354876000e+16
4.242661361621372635e+03 2.355669371487460000e+16
4.242994930405209743e+03 2.355860849595772800e+16
4.243328499189046852e+03 2.356051615732160000e+16
4.243662067972883051e+03 2.356241668272286400e+16
4.243995636756720160e+03 2.356431005915740400e+16
4.244329205540557268e+03 2.356619627686565600e+16
4.244662774324394377e+03 2.356807532933726400e+16
4.244996343108231486e+03 2.356994721331497200e+16
4.245329911892067685e+03 2.357181192879799600e+16
4.245663480675904793e+03 2.357366947904452000e+16
4.245997049459740992e+03 2.357551987057372400e+16
4.246330618243578101e+03 2.357736311316684000e+16
4.246664187027415210e+03 2.357919921986783600e+16
4.246997755811252318e+03 2.358102820698313600e+16
4.247331324595089427e+03 2.358285009408084800e+16
4.247664893378925626e+03 2.358466490398910000e+16
4.247998462162762735e+03 2.358647266279389600e+16
4.248332030946599843e+03 2.358827339983610400e+16
4.248665599730436952e+03 2.359006714770778400e+16
4.248999168514274061e+03 2.359185394224794800e+16
4.249332737298110260e+03 2.359363382253741200e+16
4.249666306081947369e+03 2.359540683089311200e+16
4.249999874865784477e+03 2.359717301286167200e+16
4.250333443649620676e+03 2.359893241721225600e+16
4.250667012433457785e+03 2.360068509592877600e+16
4.251000581217294894e+03 2.360243110420133200e+16
4.251334150001132002e+03 2.360417050041706400e+16
4.251667718784969111e+03 2.360590334615018000e+16
4.252001287568805310e+03 2.360762970615143200e+16
4.252334856352642419e+03 2.360934964833685600e+16
4.252668425136479527e+03 2.361106324377576800e+16
4.253001993920316636e+03 2.361277056667815200e+16
4.253335562704153745e+03 2.361447169438136800e+16
4.253669131487989944e+03 2.361616670733612400e+16
4.254002700271827052e+03 2.361785568909189200e+16
4.254336269055663251e+03 2.361953872628149200e+16
4.254669837839500360e+03 2.362121590860516800e+16
4.255003406623337469e+03 2.362288732881391200e+16
4.255336975407174577e+03 2.362455308269215200e+16
4.255670544191011686e+03 2.362621326903983600e+16
4.256004112974847885e+03 2.362786798965373600e+16
4.256337681758684994e+03 2.362951734930836800e+16
4.256671250542522102e+03 2.363116145573588800e+16
4.257004819326359211e+03 2.363280041960574800e+16
4.257338388110196320e+03 2.363443435450347200e+16
4.257671956894032519e+03 2.363606337690892800e+16
4.258005525677869628e+03 2.363768760617389600e+16
4.258339094461706736e+03 2.363930716449914400e+16
4.258672663245542935e+03 2.364092217691074400e+16
4.259006232029380044e+03 2.364253277123599200e+16
4.259339800813217153e+03 2.364413907807852800e+16
4.259673369597054261e+03 2.364574123079299200e+16
4.260006938380891370e+03 2.364733936545910400e+16
4.260340507164727569e+03 2.364893362085514000e+16
4.260674075948564678e+03 2.365052413843079600e+16
4.261007644732400877e+03 2.365211106227962400e+16
4.261341213516237985e+03 2.365369453911085200e+16
4.261674782300075094e+03 2.365527471822051200e+16
4.262008351083912203e+03 2.365685175146235600e+16
4.262341919867749311e+03 2.365842579321798400e+16
4.262675488651585511e+03 2.365999700036650800e+16
4.263009057435422619e+03 2.366156553225378800e+16
4.263342626219259728e+03 2.366313155066112000e+16
4.263676195003096836e+03 2.366469521977332800e+16
4.264009763786933945e+03 2.366625670614655200e+16
4.264343332570770144e+03 2.366781617867546400e+16
4.264676901354607253e+03 2.366937380855996800e+16
4.265010470138444362e+03 2.367092976927155200e+16
4.265344038922280561e+03 2.367248423651907600e+16
4.265677607706117669e+03 2.367403738821423600e+16
4.266011176489954778e+03 2.367558940443646400e+16
4.266344745273791887e+03 2.367714046739752400e+16
4.266678314057628995e+03 2.367869076140562400e+16
4.267011882841465194e+03 2.368024047282908400e+16
4.267345451625302303e+03 2.368178979005976400e+16
4.267679020409139412e+03 2.368333890347588800e+16
4.268012589192976520e+03 2.368488800540471200e+16
4.268346157976813629e+03 2.368643729008463200e+16
4.268679726760649828e+03 2.368798695362700000e+16
4.269013295544486937e+03 2.368953719397772800e+16
4.269346864328323136e+03 2.369108821087824800e+16
4.269680433112160244e+03 2.369264020582648800e+16
4.270014001895997353e+03 2.369419338203722400e+16
4.270347570679834462e+03 2.369574794440233600e+16
4.270681139463671570e+03 2.369730409945065600e+16
4.271014708247507770e+03 2.369886205530753200e+16
4.271348277031344878e+03 2.370042202165413200e+16
4.271681845815181987e+03 2.370198420968645200e+16
4.272015414599019095e+03 2.370354883207410000e+16
4.272348983382856204e+03 2.370511610291874400e+16
4.272682552166692403e+03 2.370668623771242000e+16
4.273016120950529512e+03 2.370825945329553600e+16
4.273349689734366621e+03 2.370983596781462000e+16
4.273683258518202820e+03 2.371141600067994000e+16
4.274016827302039928e+03 2.371299977252286000e+16
4.274350396085877037e+03 2.371458750515300800e+16
4.274683964869714146e+03 2.371617942151523600e+16
4.275017533653551254e+03 2.371777574564641600e+16
4.275351102437387453e+03 2.371937670263208800e+16
4.275684671221224562e+03 2.372098251856292000e+16
4.276018240005061671e+03 2.372259342049098800e+16
4.276351808788898779e+03 2.372420963638600800e+16
4.276685377572735888e+03 2.372583139509130800e+16
4.277018946356572087e+03 2.372745892627970000e+16
4.277352515140409196e+03 2.372909246040944000e+16
4.277686083924245395e+03 2.373073222867964000e+16
4.278019652708082504e+03 2.373237846298614400e+16
4.278353221491919612e+03 2.373403139587679200e+16
4.278686790275756721e+03 2.373569126050690400e+16
4.279020359059593829e+03 2.373735829059463200e+16
4.279353927843430029e+03 2.373903272037620800e+16
4.279687496627267137e+03 2.374071478456115200e+16
4.280021065411104246e+03 2.374240471828740000e+16
4.280354634194941355e+03 2.374410275707642800e+16
4.280688202978778463e+03 2.374580913678838400e+16
4.281021771762614662e+03 2.374752409357708800e+16
4.281355340546451771e+03 2.374924786384506400e+16
4.281688909330288880e+03 2.375098068419859600e+16
4.282022478114125079e+03 2.375272279140267200e+16
4.282356046897962187e+03 2.375447442233612800e+16
4.282689615681799296e+03 2.375623581394657200e+16
4.283023184465636405e+03 2.375800720320544800e+16
4.283356753249473513e+03 2.375978882706318800e+16
4.283690322033309712e+03 2.376158092240415600e+16
4.284023890817146821e+03 2.376338372600198400e+16
4.284357459600983020e+03 2.376519747447459200e+16
4.284691028384820129e+03 2.376702240423954400e+16
4.285024597168657237e+03 2.376885875146926000e+16
4.285358165952494346e+03 2.377070675204636800e+16
4.285691734736331455e+03 2.377256664151917600e+16
4.286025303520167654e+03 2.377443865505717600e+16
4.286358872304004763e+03 2.377632302740656800e+16
4.286692441087841871e+03 2.377821999284595200e+16
4.287026009871678980e+03 2.378012978514209600e+16
4.287359578655516088e+03 2.378205263750578400e+16
4.287693147439352288e+03 2.378398878254774400e+16
4.288026716223189396e+03 2.378593845223475200e+16
4.288360285007026505e+03 2.378790187784577200e+16
4.288693853790862704e+03 2.378987928992828800e+16
4.289027422574699813e+03 2.379187091825466400e+16
4.289360991358536921e+03 2.379387699177872800e+16
4.289694560142374030e+03 2.379589773859240800e+16
4.290028128926211139e+03 2.379793338588260400e+16
4.290361697710047338e+03 2.379998415988799200e+16
4.290695266493884446e+03 2.380205028585628000e+16
4.291028835277721555e+03 2.380413198800129200e+16
4.291362404061558664e+03 2.380622948946048800e+16
4.291695972845395772e+03 2.380834301225238400e+16
4.292029541629231971e+03 2.381047277723428800e+16
4.292363110413069080e+03 2.381261900406019600e+16
4.292696679196905279e+03 2.381478191113873200e+16
4.293030247980742388e+03 2.381696171559142400e+16
4.293363816764579497e+03 2.381915863321097200e+16
4.293697385548416605e+03 2.382137287841984000e+16
4.294030954332253714e+03 2.382360466422895200e+16
4.294364523116089913e+03 2.382585420219651200e+16
4.294698091899927022e+03 2.382812170238719200e+16
4.295031660683764130e+03 2.383040737333124800e+16
4.295365229467601239e+03 2.383271142198401600e+16
4.295698798251438348e+03 2.383503405368553600e+16
4.296032367035274547e+03 2.383737547212033600e+16
4.296365935819111655e+03 2.383973587927746400e+16
4.296699504602948764e+03 2.384211547541062400e+16
4.297033073386784963e+03 2.384451445899862000e+16
4.297366642170622072e+03 2.384693302670594000e+16
4.297700210954459180e+03 2.384937137334346400e+16
4.298033779738296289e+03 2.385182969182954400e+16
4.298367348522133398e+03 2.385430817315111600e+16
4.298700917305969597e+03 2.385680700632512000e+16
4.299034486089806705e+03 2.385932637836006000e+16
4.299368054873643814e+03 2.386186647421783200e+16
4.299701623657480923e+03 2.386442747677568000e+16
4.300035192441318031e+03 2.386700956678840400e+16
4.300368761225154230e+03 2.386961292285082400e+16
4.300702330008991339e+03 2.387223772136028800e+16
4.301035898792827538e+03 2.387488413647960800e+16
4.301369467576664647e+03 2.387755234010002400e+16
4.301703036360501756e+03 2.388024250180446400e+16
4.302036605144338864e+03 2.388295478883100000e+16
4.302370173928175973e+03 2.388568936603653600e+16
4.302703742712012172e+03 2.388844639586058400e+16
4.303037311495849281e+03 2.389122603828950400e+16
4.303370880279686389e+03 2.389402845082060400e+16
4.303704449063523498e+03 2.389685378842683600e+16
4.304038017847360607e+03 2.389970220352139200e+16
4.304371586631196806e+03 2.390257384592268400e+16
4.304705155415033914e+03 2.390546886281944400e+16
4.305038724198871023e+03 2.390838739873610400e+16
4.305372292982707222e+03 2.391132959549835200e+16
4.305705861766544331e+03 2.391429559219895200e+16
4.306039430550381439e+03 2.391728552516360800e+16
4.306372999334218548e+03 2.392029952791732000e+16
4.306706568118055657e+03 2.392333773115065200e+16
4.307040136901891856e+03 2.392640026268647200e+16
4.307373705685728964e+03 2.392948724744668800e+16
4.307707274469565164e+03 2.393259880741935200e+16
4.308040843253402272e+03 2.393573506162591200e+16
4.308374412037239381e+03 2.393889612608867200e+16
4.308707980821076490e+03 2.394208211379840000e+16
4.309041549604913598e+03 2.394529313468234000e+16
4.309375118388749797e+03 2.394852929557227200e+16
4.309708687172586906e+03 2.395179070017274000e+16
4.310042255956424015e+03 2.395507744902968400e+16
4.310375824740261123e+03 2.395838963949913600e+16
4.310709393524098232e+03 2.396172736571612000e+16
4.311042962307934431e+03 2.396509071856389600e+16
4.311376531091771540e+03 2.396847978564323600e+16
4.311710099875608648e+03 2.397189465124208800e+16
4.312043668659444847e+03 2.397533539630527200e+16
4.312377237443281956e+03 2.397880209840459200e+16
4.312710806227119065e+03 2.398229483170896000e+16
4.313044375010956173e+03 2.398581366695488000e+16
4.313377943794793282e+03 2.398935867141705600e+16
4.313711512578629481e+03 2.399292990887926400e+16
4.314045081362466590e+03 2.399652743960540400e+16
4.314378650146303698e+03 2.400015132031083200e+16
4.314712218930140807e+03 2.400380160413377600e+16
4.315045787713977916e+03 2.400747834060713200e+16
4.315379356497814115e+03 2.401118157563034800e+16
4.315712925281651223e+03 2.401491135144160000e+16
4.316046494065487423e+03 2.401866770659013600e+16
4.316380062849324531e+03 2.402245067590889200e+16
4.316713631633161640e+03 2.402626029048727200e+16
4.317047200416998749e+03 2.403009657764419600e+16
4.317380769200835857e+03 2.403395956090139600e+16
4.317714337984672056e+03 2.403784925995680000e+16
4.318047906768509165e+03 2.404176569065839200e+16
4.318381475552346274e+03 2.404570886497795200e+16
4.318715044336183382e+03 2.404967879098540000e+16
4.319048613120020491e+03 2.405367547282312400e+16
4.319382181903856690e+03 2.405769891068058800e+16
4.319715750687693799e+03 2.406174910076928000e+16
4.320049319471530907e+03 2.406582603529774400e+16
4.320382888255367106e+03 2.406992970244696800e+16
4.320716457039204215e+03 2.407406008634601600e+16
4.321050025823041324e+03 2.407821716704779200e+16
4.321383594606878432e+03 2.408240092050517200e+16
4.321717163390715541e+03 2.408661131854739600e+16
4.322050732174551740e+03 2.409084832885656000e+16
4.322384300958388849e+03 2.409511191494459600e+16
4.322717869742225957e+03 2.409940203613028000e+16
4.323051438526063066e+03 2.410371864751671200e+16
4.323385007309900175e+03 2.410806169996890400e+16
4.323718576093736374e+03 2.411243114009174400e+16
4.324052144877573483e+03 2.411682691020817600e+16
4.324385713661409682e+03 2.412124894833772800e+16
4.324719282445246790e+03 2.412569718817525600e+16
4.325052851229083899e+03 2.413017155906998400e+16
4.325386420012921008e+03 2.413467198600491200e+16
4.325719988796758116e+03 2.413919838957645200e+16
4.326053557580594315e+03 2.414375068597435200e+16
4.326387126364431424e+03 2.414832878696204400e+16
4.326720695148268533e+03 2.415293259985712800e+16
4.327054263932105641e+03 2.415756202751236800e+16
4.327387832715941840e+03 2.416221696829690000e+16
4.327721401499778949e+03 2.416689731607776800e+16
4.328054970283616058e+03 2.417160296020184800e+16
4.328388539067453166e+03 2.417633378547807200e+16
4.328722107851289365e+03 2.418108967216004000e+16
4.329055676635126474e+03 2.418587049592899200e+16
4.329389245418963583e+03 2.419067612787708800e+16
4.329722814202800691e+03 2.419550643449110800e+16
4.330056382986637800e+03 2.420036127763650400e+16
4.330389951770473999e+03 2.420524051454187200e+16
4.330723520554311108e+03 2.421014399778380400e+16
4.331057089338147307e+03 2.421507157527204000e+16
4.331390658121984416e+03 2.422002309023525200e+16
4.331724226905821524e+03 2.422499838120698400e+16
4.332057795689658633e+03 2.422999728201218400e+16
4.332391364473495742e+03 2.423501962175420400e+16
4.332724933257331941e+03 2.424006522480195200e+16
4.333058502041169049e+03 2.424513391077796000e+16
4.333392070825006158e+03 2.425022549454642800e+16
4.333725639608843267e+03 2.425533978620210400e+16
4.334059208392680375e+03 2.426047659105940000e+16
4.334392777176516574e+03 2.426563570964212800e+16
4.334726345960353683e+03 2.427081693767373200e+16
4.335059914744190792e+03 2.427602006606786400e+16
4.335393483528026991e+03 2.428124488091970400e+16
4.335727052311864099e+03 2.428649116349768000e+16
4.336060621095701208e+03 2.429175869023563200e+16
4.336394189879538317e+03 2.429704723272581600e+16
4.336727758663375425e+03 2.430235655771206400e+16
4.337061327447211625e+03 2.430768642708387200e+16
4.337394896231048733e+03 2.431303659787084800e+16
4.337728465014885842e+03 2.431840682223783600e+16
4.338062033798722950e+03 2.432379684748062400e+16
4.338395602582560059e+03 2.432920641602225600e+16
4.338729171366396258e+03 2.433463526540988000e+16
4.339062740150233367e+03 2.434008312831252000e+16
4.339396308934069566e+03 2.434554973251908000e+16
4.339729877717906675e+03 2.435103480093732000e+16
4.340063446501743783e+03 2.435653805159339200e+16
4.340397015285580892e+03 2.436205919763208000e+16
4.340730584069418001e+03 2.436759794731767600e+16
4.341064152853254200e+03 2.437315400403562400e+16
4.341397721637091308e+03 2.437872706629486400e+16
4.341731290420928417e+03 2.438431682773091200e+16
4.342064859204765526e+03 2.438992297710967200e+16
4.342398427988602634e+03 2.439554519833200800e+16
4.342731996772438833e+03 2.440118317043909600e+16
4.343065565556275942e+03 2.440683656761853600e+16
4.343399134340113051e+03 2.441250505921131200e+16
4.343732703123949250e+03 2.441818830971944000e+16
4.344066271907786358e+03 2.442388597881463600e+16
4.344399840691623467e+03 2.442959772134759200e+16
4.344733409475460576e+03 2.443532318735826800e+16
4.345066978259297684e+03 2.444106202208697600e+16
4.345400547043133884e+03 2.444681386598634000e+16
4.345734115826970992e+03 2.445257835473412000e+16
4.346067684610808101e+03 2.445835511924705600e+16
4.346401253394645209e+03 2.446414378569548800e+16
4.346734822178482318e+03 2.446994397551888000e+16
4.347068390962318517e+03 2.447575530544245200e+16
4.347401959746155626e+03 2.448157738749468000e+16
4.347735528529991825e+03 2.448740982902563600e+16
4.348069097313828934e+03 2.449325223272658400e+16
4.348402666097666042e+03 2.449910419665026000e+16
4.348736234881503151e+03 2.450496531423238400e+16
4.349069803665340260e+03 2.451083517431418400e+16
4.349403372449176459e+03 2.451671336116568000e+16
4.349736941233013567e+03 2.452259945451042400e+16
4.350070510016850676e+03 2.452849302955097600e+16
4.350404078800687785e+03 2.453439365699558400e+16
4.350737647584523984e+03 2.454030090308596000e+16
4.351071216368361092e+03 2.454621432962605200e+16
4.351404785152198201e+03 2.455213349401205600e+16
4.351738353936035310e+03 2.455805794926344000e+16
4.352071922719871509e+03 2.456398724405509600e+16
4.352405491503708618e+03 2.456992092275079600e+16
4.352739060287545726e+03 2.457585852543758000e+16
4.353072629071382835e+03 2.458179958796144800e+16
4.353406197855219943e+03 2.458774364196417600e+16
4.353739766639056143e+03 2.459369021492135200e+16
4.354073335422893251e+03 2.459963883018160000e+16
4.354406904206729450e+03 2.460558900700703200e+16
4.354740472990566559e+03 2.461154026061476800e+16
4.355074041774403668e+03 2.461749210221997200e+16
4.355407610558240776e+03 2.462344403907987600e+16
4.355741179342077885e+03 2.462939557453916800e+16
4.356074748125914084e+03 2.463534620807656800e+16
4.356408316909751193e+03 2.464129543535276000e+16
4.356741885693588301e+03 2.464724274825947200e+16
4.357075454477425410e+03 2.465318763497000800e+16
4.357409023261262519e+03 2.465912957999089600e+16
4.357742592045098718e+03 2.466506806421488000e+16
4.358076160828935826e+03 2.467100256497533600e+16
4.358409729612772026e+03 2.467693255610181600e+16
4.358743298396609134e+03 2.468285750797700800e+16
4.359076867180446243e+03 2.468877688759500400e+16
4.359410435964283351e+03 2.469469015862088800e+16
4.359744004748120460e+03 2.470059678145163200e+16
4.360077573531956659e+03 2.470649621327834000e+16
4.360411142315793768e+03 2.471238790814984800e+16
4.360744711099630877e+03 2.471827131703763200e+16
4.361078279883467985e+03 2.472414588790206800e+16
4.361411848667305094e+03 2.473001106576006800e+16
4.361745417451141293e+03 2.473586629275398800e+16
4.362078986234978402e+03 2.474171100822193600e+16
4.362412555018815510e+03 2.474754464876945600e+16
4.362746123802651709e+03 2.475336664834244800e+16
4.363079692586488818e+03 2.475917643830160000e+16
4.363413261370325927e+03 2.476497344749793600e+16
4.363746830154163035e+03 2.477075710234999200e+16
4.364080398938000144e+03 2.477652682692204000e+16
4.364413967721836343e+03 2.478228204300381200e+16
4.364747536505673452e+03 2.478802217019161600e+16
4.365081105289510560e+03 2.479374662597058000e+16
4.365414674073347669e+03 2.479945482579834400e+16
4.365748242857184778e+03 2.480514618319007600e+16
4.366081811641020977e+03 2.481082010980477200e+16
4.366415380424858085e+03 2.481647601553281200e+16
4.366748949208694285e+03 2.482211330858485600e+16
4.367082517992531393e+03 2.482773139558204800e+16
4.367416086776368502e+03 2.483332968164740400e+16
4.367749655560205611e+03 2.483890757049857600e+16
4.368083224344042719e+03 2.484446446454173200e+16
4.368416793127878918e+03 2.484999976496681600e+16
4.368750361911716027e+03 2.485551287184396800e+16
4.369083930695553136e+03 2.486100318422111200e+16
4.369417499479390244e+03 2.486647010022280800e+16
4.369751068263227353e+03 2.487191301715030400e+16
4.370084637047063552e+03 2.487733133158266400e+16
4.370418205830900661e+03 2.488272443947916800e+16
4.370751774614737769e+03 2.488809173628270400e+16
4.371085343398573968e+03 2.489343261702438000e+16
4.371418912182411077e+03 2.489874647642924400e+16
4.371752480966248186e+03 2.490403270902296800e+16
4.372086049750085294e+03 2.490929070923972400e+16
4.372419618533922403e+03 2.491451987153099200e+16
4.372753187317758602e+03 2.491971959047536000e+16
4.373086756101595711e+03 2.492488926088944800e+16
4.373420324885432819e+03 2.493002827793965600e+16
4.373753893669269928e+03 2.493513603725496000e+16
4.374087462453106127e+03 2.494021193504049200e+16
4.374421031236943236e+03 2.494525536819212000e+16
4.374754600020780344e+03 2.495026573441185200e+16
4.375088168804616544e+03 2.495524243232403200e+16
4.375421737588453652e+03 2.496018486159238800e+16
4.375755306372290761e+03 2.496509242303785600e+16
4.376088875156127870e+03 2.496996451875707200e+16
4.376422443939964978e+03 2.497480055224165200e+16
4.376756012723801177e+03 2.497959992849815200e+16
4.377089581507638286e+03 2.498436205416857600e+16
4.377423150291475395e+03 2.498908633765160800e+16
4.377756719075311594e+03 2.499377218922436800e+16
4.378090287859148702e+03 2.499841902116467600e+16
4.378423856642985811e+03 2.500302624787396000e+16
4.378757425426822920e+03 2.500759328600043200e+16
4.379090994210660028e+03 2.501211955456284400e+16
4.379424562994496227e+03 2.501660447507458800e+16
4.379758131778333336e+03 2.502104747166816800e+16
4.380091700562170445e+03 2.502544797121996400e+16
4.380425269346007553e+03 2.502980540347528000e+16
4.380758838129844662e+03 2.503411920117367200e+16
4.381092406913680861e+03 2.503838880017435200e+16
4.381425975697517970e+03 2.504261363958194400e+16
4.381759544481354169e+03 2.504679316187211200e+16
4.382093113265191278e+03 2.505092681301744400e+16
4.382426682049028386e+03 2.505501404261326400e+16
4.382760250832865495e+03 2.505905430400349600e+16
4.383093819616702604e+03 2.506304705440635600e+16
4.383427388400538803e+03 2.506699175504004000e+16
4.383760957184375911e+03 2.507088787124820800e+16
4.384094525968213020e+03 2.507473487262530400e+16
4.384428094752050129e+03 2.507853223314151200e+16
4.384761663535887237e+03 2.508227943126771200e+16
4.385095232319723436e+03 2.508597595009963200e+16
4.385428801103560545e+03 2.508962127748211200e+16
4.385762369887397654e+03 2.509321490613255600e+16
4.386095938671233853e+03 2.509675633376408800e+16
4.386429507455070961e+03 2.510024506320824000e+16
4.386763076238908070e+03 2.510368060253680000e+16
4.387096645022745179e+03 2.510706246518333600e+16
4.387430213806582287e+03 2.511039017006382000e+16
4.387763782590418487e+03 2.511366324169667200e+16
4.388097351374255595e+03 2.511688121032201600e+16
4.388430920158092704e+03 2.512004361201995200e+16
4.388764488941929812e+03 2.512314998882828800e+16
4.389098057725766921e+03 2.512619988885899200e+16
4.389431626509603120e+03 2.512919286641393200e+16
4.389765195293440229e+03 2.513212848209955200e+16
4.390098764077276428e+03 2.513500630294036000e+16
4.390432332861113537e+03 2.513782590249152000e+16
4.390765901644950645e+03 2.514058686095005600e+16
4.391099470428787754e+03 2.514328876526504800e+16
4.391433039212624863e+03 2.514593120924652800e+16
4.391766607996461062e+03 2.514851379367290800e+16
4.392100176780298170e+03 2.515103612639733600e+16
4.392433745564135279e+03 2.515349782245248400e+16
4.392767314347972388e+03 2.515589850415389600e+16
4.393100883131809496e+03 2.515823780120192000e+16
4.393434451915645695e+03 2.516051535078212400e+16
4.393768020699482804e+03 2.516273079766401200e+16
4.394101589483319913e+03 2.516488379429829200e+16
4.394435158267156112e+03 2.516697400091232800e+16
4.394768727050993220e+03 2.516900108560402400e+16
4.395102295834830329e+03 2.517096472443382800e+16
4.395435864618667438e+03 2.517286460151508000e+16
4.395769433402504546e+03 2.517470040910239600e+16
4.396103002186340746e+03 2.517647184767826400e+16
4.396436570970177854e+03 2.517817862603775600e+16
4.396770139754014963e+03 2.517982046137124000e+16
4.397103708537852071e+03 2.518139707934504000e+16
4.397437277321688271e+03 2.518290821418024000e+16
4.397770846105525379e+03 2.518435360872926400e+16
4.398104414889362488e+03 2.518573301455051600e+16
4.398437983673198687e+03 2.518704619198068000e+16
4.398771552457035796e+03 2.518829291020512800e+16
4.399105121240872904e+03 2.518947294732583200e+16
4.399438690024710013e+03 2.519058609042732800e+16
4.399772258808547122e+03 2.519163213564024000e+16
4.400105827592383321e+03 2.519261088820253600e+16
4.400439396376220429e+03 2.519352216251860800e+16
4.400772965160057538e+03 2.519436578221580400e+16
4.401106533943893737e+03 2.519514158019875200e+16
4.401440102727730846e+03 2.519584939870120800e+16
4.401773671511567954e+03 2.519648908933552000e+16
4.402107240295405063e+03 2.519706051313967200e+16
4.402440809079242172e+03 2.519756354062176800e+16
4.402774377863078371e+03 2.519799805180213200e+16
4.403107946646915480e+03 2.519836393625296800e+16
4.403441515430752588e+03 2.519866109313526000e+16
4.403775084214589697e+03 2.519888943123345600e+16
4.404108652998426805e+03 2.519904886898731200e+16
4.404442221782263005e+03 2.519913933452137600e+16
4.404775790566100113e+03 2.519916076567180800e+16
4.405109359349936312e+03 2.519911311001065600e+16
4.405442928133773421e+03 2.519899632486742400e+16
4.405776496917610530e+03 2.519881037734828000e+16
4.406110065701447638e+03 2.519855524435232800e+16
4.406443634485284747e+03 2.519823091258558000e+16
4.406777203269120946e+03 2.519783737857203200e+16
4.407110772052958055e+03 2.519737464866240800e+16
4.407444340836795163e+03 2.519684273903994400e+16
4.407777909620632272e+03 2.519624167572385600e+16
4.408111478404469381e+03 2.519557149456998400e+16
4.408445047188305580e+03 2.519483224126891600e+16
4.408778615972142688e+03 2.519402397134141600e+16
4.409112184755979797e+03 2.519314675013130400e+16
4.409445753539815996e+03 2.519220065279576000e+16
4.409779322323653105e+03 2.519118576429292800e+16
4.410112891107490213e+03 2.519010217936700000e+16
4.410446459891327322e+03 2.518895000253070400e+16
4.410780028675164431e+03 2.518772934804522800e+16
4.411113597459000630e+03 2.518644033989766400e+16
4.411447166242837739e+03 2.518508311177574000e+16
4.411780735026674847e+03 2.518365780704018000e+16
4.412114303810511956e+03 2.518216457869461600e+16
4.412447872594349064e+03 2.518060358935272400e+16
4.412781441378185264e+03 2.517897501120326400e+16
4.413115010162022372e+03 2.517727902597240400e+16
4.413448578945858571e+03 2.517551582488373600e+16
4.413782147729695680e+03 2.517368560861589200e+16
4.414115716513532789e+03 2.517178858725771200e+16
4.414449285297369897e+03 2.516982498026115200e+16
4.414782854081207006e+03 2.516779501639185600e+16
4.415116422865043205e+03 2.516569893367734400e+16
4.415449991648880314e+03 2.516353697935307200e+16
4.415783560432717422e+03 2.516130940980608800e+16
4.416117129216554531e+03 2.515901649051662400e+16
4.416450698000391640e+03 2.515665849599754000e+16
4.416784266784227839e+03 2.515423570973140000e+16
4.417117835568064947e+03 2.515174842410575200e+16
4.417451404351902056e+03 2.514919694034601200e+16
4.417784973135738255e+03 2.514658156844666800e+16
4.418118541919575364e+03 2.514390262710016000e+16
4.418452110703412473e+03 2.514116044362396000e+16
4.418785679487249581e+03 2.513835535388572800e+16
4.419119248271086690e+03 2.513548770222656000e+16
4.419452817054922889e+03 2.513255784138232800e+16
4.419786385838759998e+03 2.512956613240338400e+16
4.420119954622597106e+03 2.512651294457224000e+16
4.420453523406434215e+03 2.512339865531982400e+16
4.420787092190270414e+03 2.512022365013982400e+16
4.421120660974107523e+03 2.511698832250148800e+16
4.421454229757944631e+03 2.511369307376083600e+16
4.421787798541780830e+03 2.511033831307032000e+16
4.422121367325617939e+03 2.510692445728689600e+16
4.422454936109455048e+03 2.510345193087881600e+16
4.422788504893292156e+03 2.509992116583082400e+16
4.423122073677129265e+03 2.509633260154803200e+16
4.423455642460965464e+03 2.509268668475854400e+16
4.423789211244802573e+03 2.508898386941474400e+16
4.424122780028639681e+03 2.508522461659332800e+16
4.424456348812475881e+03 2.508140939439419200e+16
4.424789917596312989e+03 2.507753867783821600e+16
4.425123486380150098e+03 2.507361294876386400e+16
4.425457055163987206e+03 2.506963269572281600e+16
4.425790623947824315e+03 2.506559841387458400e+16
4.426124192731660514e+03 2.506151060488013600e+16
4.426457761515497623e+03 2.505736977679473600e+16
4.426791330299334732e+03 2.505317644395980800e+16
4.427124899083171840e+03 2.504893112689401600e+16
4.427458467867008949e+03 2.504463435218362400e+16
4.427792036650845148e+03 2.504028665237218000e+16
4.428125605434682257e+03 2.503588856584944800e+16
4.428459174218518456e+03 2.503144063673971200e+16
4.428792743002355564e+03 2.502694341478964400e+16
4.429126311786192673e+03 2.502239745525550400e+16
4.429459880570029782e+03 2.501780331878992000e+16
4.429793449353866890e+03 2.501316157132827200e+16
4.430127018137703089e+03 2.500847278397460000e+16
4.430460586921540198e+03 2.500373753288730000e+16
4.430794155705377307e+03 2.499895639916436000e+16
4.431127724489214415e+03 2.499412996872849600e+16
4.431461293273051524e+03 2.498925883221200800e+16
4.431794862056887723e+03 2.498434358484148000e+16
4.432128430840724832e+03 2.497938482632232800e+16
4.432461999624561940e+03 2.497438316072340400e+16
4.432795568408398140e+03 2.496933919636134400e+16
4.433129137192235248e+03 2.496425354568518400e+16
4.433462705976072357e+03 2.495912682516080800e+16
4.433796274759909466e+03 2.495395965515561200e+16
4.434129843543746574e+03 2.494875265982320000e+16
4.434463412327582773e+03 2.494350646698839200e+16
4.434796981111419882e+03 2.493822170803226800e+16
4.435130549895256991e+03 2.493289901777764400e+16
4.435464118679094099e+03 2.492753903437467200e+16
4.435797687462931208e+03 2.492214239918684400e+16
4.436131256246767407e+03 2.491670975667734400e+16
4.436464825030604516e+03 2.491124175429580000e+16
4.436798393814440715e+03 2.490573904236545200e+16
4.437131962598277823e+03 2.490020227397075200e+16
4.437465531382114932e+03 2.489463210484555200e+16
4.437799100165952041e+03 2.488902919326176000e+16
4.438132668949789149e+03 2.488339419991852800e+16
4.438466237733625348e+03 2.487772778783208800e+16
4.438799806517462457e+03 2.487203062222622000e+16
4.439133375301299566e+03 2.486630337042334400e+16
4.439466944085136674e+03 2.486054670173625200e+16
4.439800512868973783e+03 2.485476128736068000e+16
4.440134081652809982e+03 2.484894780026844800e+16
4.440467650436647091e+03 2.484310691510155200e+16
4.440801219220484199e+03 2.483723930806688400e+16
4.441134788004320399e+03 2.483134565683183200e+16
4.441468356788157507e+03 2.482542664042078400e+16
4.441801925571994616e+03 2.481948293911235200e+16
4.442135494355831725e+03 2.481351523433762400e+16
4.442469063139668833e+03 2.480752420857923200e+16
4.442802631923505032e+03 2.480151054527137600e+16
4.443136200707342141e+03 2.479547492870085600e+16
4.443469769491179250e+03 2.478941804390890400e+16
4.443803338275016358e+03 2.478334057659427200e+16
4.444136907058852557e+03 2.477724321301700000e+16
4.444470475842689666e+03 2.477112663990343600e+16
4.444804044626526775e+03 2.476499154435230400e+16
4.445137613410362974e+03 2.475883861374164000e+16
4.445471182194200082e+03 2.475266853563692000e+16
4.445804750978037191e+03 2.474648199770030000e+16
4.446138319761874300e+03 2.474027968760084400e+16
4.446471888545711408e+03 2.473406229292596800e+16
4.446805457329547608e+03 2.472783050109387200e+16
4.447139026113384716e+03 2.472158499926726400e+16
4.447472594897221825e+03 2.471532647426797600e+16
4.447806163681058024e+03 2.470905561249307200e+16
4.448139732464895133e+03 2.470277309983177600e+16
4.448473301248732241e+03 2.469647962158372400e+16
4.448806870032569350e+03 2.469017586237841600e+16
4.449140438816406458e+03 2.468386250609572800e+16
4.449474007600242658e+03 2.467754023578767200e+16
4.449807576384079766e+03 2.467120973360140000e+16
4.450141145167916875e+03 2.466487168070322000e+16
4.450474713951753984e+03 2.465852675720403200e+16
4.450808282735591092e+03 2.465217564208573200e+16
4.451141851519427291e+03 2.464581901312897600e+16
4.451475420303264400e+03 2.463945754684211200e+16
4.451808989087100599e+03 2.463309191839127600e+16
4.452142557870937708e+03 2.462672280153164800e+16
4.452476126654774816e+03 2.462035086854002400e+16
4.452809695438611925e+03 2.461397679014850400e+16
4.453143264222449034e+03 2.460760123547936800e+16
4.453476833006285233e+03 2.460122487198122800e+16
4.453810401790122341e+03 2.459484836536624800e+16
4.454143970573959450e+03 2.458847237954869600e+16
4.454477539357796559e+03 2.458209757658455200e+16
4.454811108141633667e+03 2.457572461661239200e+16
4.455144676925469867e+03 2.456935415779537600e+16
4.455478245709306975e+03 2.456298685626444800e+16
4.455811814493144084e+03 2.455662336606270400e+16
4.456145383276980283e+03 2.455026433909090400e+16
4.456478952060817392e+03 2.454391042505416000e+16
4.456812520844654500e+03 2.453756227140968000e+16
4.457146089628491609e+03 2.453122052331581600e+16
4.457479658412328718e+03 2.452488582358204000e+16
4.457813227196164917e+03 2.451855881262026400e+16
4.458146795980002025e+03 2.451224012839702000e+16
4.458480364763839134e+03 2.450593040638698800e+16
4.458813933547676243e+03 2.449963027952752400e+16
4.459147502331513351e+03 2.449334037817411200e+16
4.459481071115349550e+03 2.448706133005718800e+16
4.459814639899186659e+03 2.448079376023978000e+16
4.460148208683022858e+03 2.447453829107638400e+16
4.460481777466859967e+03 2.446829554217272800e+16
4.460815346250697075e+03 2.446206613034664000e+16
4.461148915034534184e+03 2.445585066958997200e+16
4.461482483818371293e+03 2.444964977103147600e+16
4.461816052602207492e+03 2.444346404290066400e+16
4.462149621386044601e+03 2.443729409049269200e+16
4.462483190169881709e+03 2.443114051613421600e+16
4.462816758953718818e+03 2.442500391915019600e+16
4.463150327737555926e+03 2.441888489583159200e+16
4.463483896521392126e+03 2.441278403940408800e+16
4.463817465305229234e+03 2.440670193999769200e+16
4.464151034089066343e+03 2.440063918461720800e+16
4.464484602872902542e+03 2.439459635711359200e+16
4.464818171656739651e+03 2.438857403815632000e+16
4.465151740440576759e+03 2.438257280520644400e+16
4.465485309224413868e+03 2.437659323249060000e+16
4.465818878008250977e+03 2.437063589097582000e+16
4.466152446792087176e+03 2.436470134834516000e+16
4.466486015575924284e+03 2.435879016897420800e+16
4.466819584359761393e+03 2.435290291390821600e+16
4.467153153143598502e+03 2.434704014084024800e+16
4.467486721927434701e+03 2.434120240408982400e+16
4.467820290711271809e+03 2.433539025458256800e+16
4.468153859495108918e+03 2.432960423983037600e+16
4.468487428278945117e+03 2.432384490391246800e+16
4.468820997062782226e+03 2.431811278745703200e+16
4.469154565846619334e+03 2.431240842762364000e+16
4.469488134630456443e+03 2.430673235808622000e+16
4.469821703414293552e+03 2.430108510901690000e+16
4.470155272198129751e+03 2.429546720707020800e+16
4.470488840981966860e+03 2.428987917536816000e+16
4.470822409765803968e+03 2.428432153348580800e+16
4.471155978549640167e+03 2.427879479743748800e+16
4.471489547333477276e+03 2.427329947966354000e+16
4.471823116117314385e+03 2.426783608901776000e+16
4.472156684901151493e+03 2.426240513075518400e+16
4.472490253684988602e+03 2.425700710652064000e+16
4.472823822468824801e+03 2.425164251433765600e+16
4.473157391252661910e+03 2.424631184859804000e+16
4.473490960036499018e+03 2.424101560005172400e+16
4.473824528820336127e+03 2.423575425579739200e+16
4.474158097604173236e+03 2.423052829927328400e+16
4.474491666388009435e+03 2.422533821024867200e+16
4.474825235171846543e+03 2.422018446481563200e+16
4.475158803955682743e+03 2.421506753538130400e+16
4.475492372739519851e+03 2.420998789066060000e+16
4.475825941523356960e+03 2.420494599566919600e+16
4.476159510307194068e+03 2.419994231171701200e+16
4.476493079091031177e+03 2.419497729640202400e+16
4.476826647874867376e+03 2.419005140360440000e+16
4.477160216658704485e+03 2.418516508348102400e+16
4.477493785442541594e+03 2.418031878246033600e+16
4.477827354226378702e+03 2.417551294323744400e+16
4.478160923010215811e+03 2.417074800476959600e+16
4.478494491794052010e+03 2.416602440227188800e+16
4.478828060577889119e+03 2.416134256721335200e+16
4.479161629361726227e+03 2.415670292731304800e+16
4.479495198145562426e+03 2.415210590653675200e+16
4.479828766929399535e+03 2.414755192509364000e+16
4.480162335713236644e+03 2.414304139943322800e+16
4.480495904497073752e+03 2.413857474224260000e+16
4.480829473280910861e+03 2.413415236244374000e+16
4.481163042064747060e+03 2.412977466519116800e+16
4.481496610848584169e+03 2.412544205186956800e+16
4.481830179632421277e+03 2.412115492009178800e+16
4.482163748416258386e+03 2.411691366369682400e+16
4.482497317200095495e+03 2.411271867274800800e+16
4.482830885983931694e+03 2.410857033353134400e+16
4.483164454767768802e+03 2.410446902855391200e+16
4.483498023551605002e+03 2.410041513654234400e+16
4.483831592335442110e+03 2.409640903244155600e+16
4.484165161119279219e+03 2.409245108741332000e+16
4.484498729903116327e+03 2.408854166883508800e+16
4.484832298686953436e+03 2.408468114029884000e+16
4.485165867470789635e+03 2.408086986160988800e+16
4.485499436254626744e+03 2.407710818878588000e+16
4.485833005038463853e+03 2.407339647405562800e+16
4.486166573822300961e+03 2.406973506585814400e+16
4.486500142606138070e+03 2.406612430884154800e+16
4.486833711389974269e+03 2.406256454386209600e+16
4.487167280173811378e+03 2.405905610798309600e+16
4.487500848957648486e+03 2.405559933447376000e+16
4.487834417741484685e+03 2.405219455280822800e+16
4.488167986525321794e+03 2.404884208866436400e+16
4.488501555309158903e+03 2.404554226392249600e+16
4.488835124092996011e+03 2.404229539666429600e+16
4.489168692876833120e+03 2.403910180117134400e+16
4.489502261660669319e+03 2.403596178792380400e+16
4.489835830444506428e+03 2.403287566359889600e+16
4.490169399228343536e+03 2.402984373106937600e+16
4.490502968012180645e+03 2.402686628940184000e+16
4.490836536796016844e+03 2.402394363385490400e+16
4.491170105579853953e+03 2.402107605587740000e+16
4.491503674363691061e+03 2.401826384310624800e+16
4.491837243147527261e+03 2.401550727936440000e+16
4.492170811931364369e+03 2.401280664465848800e+16
4.492504380715201478e+03 2.401016221517642800e+16
4.492837949499038587e+03 2.400757426328477600e+16
4.493171518282875695e+03 2.400504305752608400e+16
4.493505087066711894e+03 2.400256886261584800e+16
4.493838655850549003e+03 2.400015193943955200e+16
4.494172224634386112e+03 2.399779254504931600e+16
4.494505793418222311e+03 2.399549093266048000e+16
4.494839362202059419e+03 2.399324735164796000e+16
4.495172930985896528e+03 2.399106204754240800e+16
4.495506499769733637e+03 2.398893526202616400e+16
4.495840068553570745e+03 2.398686723292900400e+16
4.496173637337406944e+03 2.398485819422368000e+16
4.496507206121244053e+03 2.398290837602124400e+16
4.496840774905081162e+03 2.398101800456612000e+16
4.497174343688918270e+03 2.397918730223099200e+16
4.497507912472755379e+03 2.397741648751140800e+16
4.497841481256591578e+03 2.397570577502020800e+16
4.498175050040428687e+03 2.397405537548164400e+16
4.498508618824264886e+03 2.397246549572528000e+16
4.498842187608101995e+03 2.397093633867966400e+16
4.499175756391939103e+03 2.396946810336570400e+16
4.499509325175776212e+03 2.396806098488981600e+16
4.499842893959613320e+03 2.396671517443683200e+16
4.500176462743449520e+03 2.396543085926252800e+16
4.500510031527286628e+03 2.396420822268609600e+16
4.500843600311123737e+03 2.396304744408204000e+16
4.501177169094960846e+03 2.396194869887216800e+16
4.501510737878797954e+03 2.396091215851697600e+16
4.501844306662634153e+03 2.395993799050692800e+16
4.502177875446471262e+03 2.395902635835342400e+16
4.502511444230308371e+03 2.395817742157945200e+16
4.502845013014144570e+03 2.395739133571003200e+16
4.503178581797981678e+03 2.395666825226226400e+16
4.503512150581818787e+03 2.395600831873516000e+16
4.503845719365655896e+03 2.395541167859915600e+16
4.504179288149493004e+03 2.395487847128536000e+16
4.504512856933329203e+03 2.395440883217448000e+16
4.504846425717166312e+03 2.395400289258546800e+16
4.505179994501003421e+03 2.395366077976388000e+16
4.505513563284840529e+03 2.395338261686991600e+16
4.505847132068677638e+03 2.395316852296620800e+16
4.506180700852513837e+03 2.395301861300522400e+16
4.506514269636350946e+03 2.395293299781654400e+16
4.506847838420187145e+03 2.395291178409363200e+16
4.507181407204024254e+03 2.395295507438044800e+16
4.507514975987861362e+03 2.395306296705778000e+16
4.507848544771698471e+03 2.395323555632919200e+16
4.508182113555535580e+03 2.395347293220678000e+16
4.508515682339371779e+03 2.395377518049648800e+16
4.508849251123208887e+03 2.395414238278338400e+16
4.509182819907045996e+03 2.395457461641634400e+16
4.509516388690883105e+03 2.395507195449272000e+16
4.509849957474720213e+03 2.395563446584256800e+16
4.510183526258556412e+03 2.395626221501263200e+16
4.510517095042393521e+03 2.395695526225011200e+16
4.510850663826230630e+03 2.395771366348603200e+16
4.511184232610066829e+03 2.395853747031846400e+16
4.511517801393903937e+03 2.395942672999539600e+16
4.511851370177741046e+03 2.396038148539742400e+16
4.512184938961578155e+03 2.396140177502001600e+16
4.512518507745415263e+03 2.396248763295578400e+16
4.512852076529251462e+03 2.396363908887618400e+16
4.513185645313088571e+03 2.396485616801329600e+16
4.513519214096925680e+03 2.396613889114104800e+16
4.513852782880762788e+03 2.396748727455644800e+16
4.514186351664598988e+03 2.396890133006046400e+16
4.514519920448436096e+03 2.397038106493866400e+16
4.514853489232273205e+03 2.397192648194168800e+16
4.515187058016109404e+03 2.397353757926547600e+16
4.515520626799946513e+03 2.397521435053132800e+16
4.515854195583783621e+03 2.397695678476563200e+16
4.516187764367620730e+03 2.397876486637952800e+16
4.516521333151457839e+03 2.398063857514841600e+16
4.516854901935294038e+03 2.398257788619107200e+16
4.517188470719131146e+03 2.398458276994872400e+16
4.517522039502968255e+03 2.398665319216410000e+16
4.517855608286804454e+03 2.398878911385996000e+16
4.518189177070641563e+03 2.399099049131788400e+16
4.518522745854478671e+03 2.399325727605651200e+16
4.518856314638315780e+03 2.399558941480999600e+16
4.519189883422152889e+03 2.399798684950614400e+16
4.519523452205989088e+03 2.400044951724442000e+16
4.519857020989826196e+03 2.400297735027402000e+16
4.520190589773663305e+03 2.400557027597157200e+16
4.520524158557500414e+03 2.400822821681903200e+16
4.520857727341337522e+03 2.401095109038132800e+16
4.521191296125173722e+03 2.401373880928396800e+16
4.521524864909010830e+03 2.401659128119066400e+16
4.521858433692847029e+03 2.401950840878075200e+16
4.522192002476684138e+03 2.402249008972677600e+16
4.522525571260521247e+03 2.402553621667193600e+16
4.522859140044358355e+03 2.402864667720752000e+16
4.523192708828195464e+03 2.403182135385039200e+16
4.523526277612031663e+03 2.403506012402046000e+16
4.523859846395868772e+03 2.403836286001817200e+16
4.524193415179705880e+03 2.404172942900209200e+16
4.524526983963542989e+03 2.404515969296646400e+16
4.524860552747380098e+03 2.404865350871891600e+16
4.525194121531216297e+03 2.405221072785820400e+16
4.525527690315053405e+03 2.405583119675208000e+16
4.525861259098890514e+03 2.405951475651522400e+16
4.526194827882726713e+03 2.406326124298738000e+16
4.526528396666563822e+03 2.406707048671152800e+16
4.526861965450400930e+03 2.407094231291235200e+16
4.527195534234238039e+03 2.407487654147476400e+16
4.527529103018074238e+03 2.407887298692265200e+16
4.527862671801911347e+03 2.408293145839787200e+16
4.528196240585748455e+03 2.408705175963940000e+16
4.528529809369585564e+03 2.409123368896276000e+16
4.528863378153422673e+03 2.409547703923978800e+16
4.529196946937258872e+03 2.409978159787845600e+16
4.529530515721095981e+03 2.410414714680320800e+16
4.529864084504933089e+03 2.410857346243550000e+16
4.530197653288769288e+03 2.411306031567467200e+16
4.530531222072606397e+03 2.411760747187921600e+16
4.530864790856443506e+03 2.412221469084832800e+16
4.531198359640280614e+03 2.412688172680396800e+16
4.531531928424117723e+03 2.413160832837317600e+16
4.531865497207953922e+03 2.413639423857092000e+16
4.532199065991791031e+03 2.414123919478336800e+16
4.532532634775628139e+03 2.414614292875158800e+16
4.532866203559465248e+03 2.415110516655576800e+16
4.533199772343302357e+03 2.415612562859994800e+16
4.533533341127138556e+03 2.416120402959722400e+16
4.533866909910975664e+03 2.416634007855556800e+16
4.534200478694811864e+03 2.417153347876416000e+16
4.534534047478648972e+03 2.417678392778032000e+16
4.534867616262486081e+03 2.418209111741713200e+16
4.535201185046323189e+03 2.418745473373157600e+16
4.535534753830160298e+03 2.419287445701336000e+16
4.535868322613996497e+03 2.419834996177450400e+16
4.536201891397833606e+03 2.420388091673952800e+16
4.536535460181670715e+03 2.420946698483638400e+16
4.536869028965507823e+03 2.421510782318820000e+16
4.537202597749344932e+03 2.422080308310567200e+16
4.537536166533181131e+03 2.422655241008041600e+16
4.537869735317018240e+03 2.423235544377890000e+16
4.538203304100855348e+03 2.423821181803747200e+16
4.538536872884691547e+03 2.424412116085805200e+16
4.538870441668528656e+03 2.425008309440484400e+16
4.539204010452365765e+03 2.425609723500184800e+16
4.539537579236202873e+03 2.426216319313137600e+16
4.539871148020039982e+03 2.426828057343348800e+16
4.540204716803876181e+03 2.427444897470642400e+16
4.540538285587713290e+03 2.428066798990805200e+16
4.540871854371549489e+03 2.428693720615833200e+16
4.541205423155386598e+03 2.429325620474281200e+16
4.541538991939223706e+03 2.429962456111720800e+16
4.541872560723060815e+03 2.430604184491308800e+16
4.542206129506897923e+03 2.431250761994474800e+16
4.542539698290734123e+03 2.431902144421708000e+16
4.542873267074571231e+03 2.432558286993473200e+16
4.543206835858408340e+03 2.433219144351248000e+16
4.543540404642245448e+03 2.433884670558667200e+16
4.543873973426082557e+03 2.434554819102811200e+16
4.544207542209918756e+03 2.435229542895603200e+16
4.544541110993755865e+03 2.435908794275344000e+16
4.544874679777592974e+03 2.436592525008384000e+16
4.545208248561429173e+03 2.437280686290906400e+16
4.545541817345266281e+03 2.437973228750873600e+16
4.545875386129103390e+03 2.438670102450098400e+16
4.546208954912940499e+03 2.439371256886444800e+16
4.546542523696777607e+03 2.440076640996195200e+16
4.546876092480613806e+03 2.440786203156537600e+16
4.547209661264450915e+03 2.441499891188221200e+16
4.547543230048288024e+03 2.442217652358341600e+16
4.547876798832125132e+03 2.442939433383292000e+16
4.548210367615962241e+03 2.443665180431856800e+16
4.548543936399798440e+03 2.444394839128463200e+16
4.548877505183635549e+03 2.445128354556598400e+16
4.549211073967471748e+03 2.445865671262369600e+16
4.549544642751308857e+03 2.446606733258236000e+16
4.549878211535145965e+03 2.447351484026900000e+16
4.550211780318983074e+03 2.448099866525365600e+16
4.550545349102820182e+03 2.448851823189153600e+16
4.550878917886656382e+03 2.449607295936698400e+16
4.551212486670493490e+03 2.450366226173905600e+16
4.551546055454330599e+03 2.451128554798876000e+16
4.551879624238167708e+03 2.451894222206814400e+16
4.552213193022004816e+03 2.452663168295103600e+16
4.552546761805841015e+03 2.453435332468553600e+16
4.552880330589678124e+03 2.454210653644837200e+16
4.553213899373515233e+03 2.454989070260082400e+16
4.553547468157351432e+03 2.455770520274672800e+16
4.553881036941188540e+03 2.456554941179201200e+16
4.554214605725025649e+03 2.457342270000621600e+16
4.554548174508862758e+03 2.458132443308577600e+16
4.554881743292699866e+03 2.458925397221912800e+16
4.555215312076536065e+03 2.459721067415363200e+16
4.555548880860373174e+03 2.460519389126440400e+16
4.555882449644210283e+03 2.461320297162499600e+16
4.556216018428047391e+03 2.462123725907982400e+16
4.556549587211884500e+03 2.462929609331861200e+16
4.556883155995720699e+03 2.463737880995256800e+16
4.557216724779557808e+03 2.464548474059250400e+16
4.557550293563394007e+03 2.465361321292883600e+16
4.557883862347231116e+03 2.466176355081335200e+16
4.558217431131068224e+03 2.466993507434296800e+16
4.558550999914905333e+03 2.467812709994531600e+16
4.558884568698742441e+03 2.468633894046609600e+16
4.559218137482578641e+03 2.469456990525846400e+16
4.559551706266415749e+03 2.470281930027415200e+16
4.559885275050252858e+03 2.471108642815648000e+16
4.560218843834089967e+03 2.471937058833510000e+16
4.560552412617927075e+03 2.472767107712291200e+16
4.560885981401763274e+03 2.473598718781428000e+16
4.561219550185600383e+03 2.474431821078558000e+16
4.561553118969437492e+03 2.475266343359718800e+16
4.561886687753273691e+03 2.476102214109746400e+16
4.562220256537110799e+03 2.476939361552838400e+16
4.562553825320947908e+03 2.477777713663303600e+16
4.562887394104785017e+03 2.478617198176477600e+16
4.563220962888622125e+03 2.479457742599814400e+16
4.563554531672458324e+03 2.480299274224149200e+16
4.563888100456295433e+03 2.481141720135128400e+16
4.564221669240131632e+03 2.481985007224805600e+16
4.564555238023968741e+03 2.482829062203404000e+16
4.564888806807805850e+03 2.483673811611239200e+16
4.565222375591642958e+03 2.484519181830795200e+16
4.565555944375480067e+03 2.485365099098966800e+16
4.565889513159316266e+03 2.486211489519446000e+16
4.566223081943153375e+03 2.487058279075269200e+16
4.566556650726990483e+03 2.487905393641495600e+16
4.566890219510827592e+03 2.488752758998048800e+16
4.567223788294664701e+03 2.489600300842681200e+16
4.567557357078500900e+03 2.490447944804093200e+16
4.567890925862338008e+03 2.491295616455165600e+16
4.568224494646175117e+03 2.492143241326338000e+16
4.568558063430011316e+03 2.492990744919103200e+16
4.568891632213848425e+03 2.493838052719634400e+16
4.569225200997685533e+03 2.494685090212512000e+16
4.569558769781522642e+03 2.495531782894582400e+16
4.569892338565359751e+03 2.496378056288910000e+16
4.570225907349195950e+03 2.497223835958844400e+16
4.570559476133033058e+03 2.498069047522182400e+16
4.570893044916870167e+03 2.498913616665420800e+16
4.571226613700707276e+03 2.499757469158105600e+16
4.571560182484544384e+03 2.500600530867263600e+16
4.571893751268380583e+03 2.501442727771907200e+16
4.572227320052217692e+03 2.502283985977626400e+16
4.572560888836053891e+03 2.503124231731232400e+16
4.572894457619891000e+03 2.503963391435482800e+16
4.573228026403728109e+03 2.504801391663843600e+16
4.573561595187565217e+03 2.505638159175326000e+16
4.573895163971402326e+03 2.506473620929340800e+16
4.574228732755238525e+03 2.507307704100627200e+16
4.574562301539075634e+03 2.508140336094184000e+16
4.574895870322912742e+03 2.508971444560244400e+16
4.575229439106749851e+03 2.509800957409271600e+16
4.575563007890586960e+03 2.510628802826963200e+16
4.575896576674423159e+03 2.511454909289267600e+16
4.576230145458260267e+03 2.512279205577411200e+16
4.576563714242097376e+03 2.513101620792899200e+16
4.576897283025933575e+03 2.513922084372528800e+16
4.577230851809770684e+03 2.514740526103376800e+16
4.577564420593607792e+03 2.515556876137747600e+16
4.577897989377444901e+03 2.516371065008120000e+16
4.578231558161282010e+03 2.517183023642022400e+16
4.578565126945118209e+03 2.517992683376893600e+16
4.578898695728955317e+03 2.518799975974864000e+16
4.579232264512792426e+03 2.519604833637499200e+16
4.579565833296629535e+03 2.520407189020464000e+16
4.579899402080466643e+03 2.521206975248123200e+16
4.580232970864302843e+03 2.522004125928046400e+16
4.580566539648139951e+03 2.522798575165443600e+16
4.580900108431976150e+03 2.523590257577494000e+16
4.581233677215813259e+03 2.524379108307577600e+16
4.581567245999650368e+03 2.525165063039396800e+16
4.581900814783487476e+03 2.525948058010975200e+16
4.582234383567324585e+03 2.526728030028551200e+16
4.582567952351160784e+03 2.527504916480314000e+16
4.582901521134997893e+03 2.528278655350034800e+16
4.583235089918835001e+03 2.529049185230519200e+16
4.583568658702672110e+03 2.529816445336932000e+16
4.583902227486509219e+03 2.530580375519957200e+16
4.584235796270345418e+03 2.531340916278782400e+16
4.584569365054182526e+03 2.532098008773925600e+16
4.584902933838019635e+03 2.532851594839872800e+16
4.585236502621855834e+03 2.533601616997527200e+16
4.585570071405692943e+03 2.534348018466481600e+16
4.585903640189530051e+03 2.535090743177067200e+16
4.586237208973367160e+03 2.535829735782211200e+16
4.586570777757204269e+03 2.536564941669080000e+16
4.586904346541040468e+03 2.537296306970499200e+16
4.587237915324877576e+03 2.538023778576152800e+16
4.587571484108713776e+03 2.538747304143546000e+16
4.587905052892550884e+03 2.539466832108732800e+16
4.588238621676387993e+03 2.540182311696796000e+16
4.588572190460225102e+03 2.540893692932084400e+16
4.588905759244062210e+03 2.541600926648191600e+16
4.589239328027898409e+03 2.542303964497663200e+16
4.589572896811735518e+03 2.543002758961459600e+16
4.589906465595572627e+03 2.543697263358128000e+16
4.590240034379409735e+03 2.544387431852699200e+16
4.590573603163246844e+03 2.545073219465318000e+16
4.590907171947083043e+03 2.545754582079564000e+16
4.591240740730920152e+03 2.546431476450503200e+16
4.591574309514757260e+03 2.547103860212424400e+16
4.591907878298593459e+03 2.547771691886286400e+16
4.592241447082430568e+03 2.548434930886859200e+16
4.592575015866267677e+03 2.549093537529556800e+16
4.592908584650104785e+03 2.549747473036950400e+16
4.593242153433941894e+03 2.550396699544976800e+16
4.593575722217778093e+03 2.551041180108819200e+16
4.593909291001615202e+03 2.551680878708471600e+16
4.594242859785452310e+03 2.552315760253971600e+16
4.594576428569289419e+03 2.552945790590307200e+16
4.594909997353126528e+03 2.553570936502000000e+16
4.595243566136962727e+03 2.554191165717334000e+16
4.595577134920799836e+03 2.554806446912282400e+16
4.595910703704636035e+03 2.555416749714063200e+16
4.596244272488473143e+03 2.556022044704377200e+16
4.596577841272310252e+03 2.556622303422297200e+16
4.596911410056147361e+03 2.557217498366816000e+16
4.597244978839984469e+03 2.557807602999056000e+16
4.597578547623820668e+03 2.558392591744126400e+16
4.597912116407657777e+03 2.558972439992651200e+16
4.598245685191494886e+03 2.559547124101928800e+16
4.598579253975331994e+03 2.560116621396773200e+16
4.598912822759169103e+03 2.560680910169992800e+16
4.599246391543005302e+03 2.561239969682534000e+16
4.599579960326842411e+03 2.561793780163272800e+16
4.599913529110679519e+03 2.562342322808477600e+16
4.600247097894515719e+03 2.562885579780910400e+16
4.600580666678352827e+03 2.563423534208608800e+16
4.600914235462189936e+03 2.563956170183312800e+16
4.601247804246027044e+03 2.564483472758565600e+16
4.601581373029864153e+03 2.565005427947470400e+16
4.601914941813700352e+03 2.565522022720120800e+16
4.602248510597537461e+03 2.566033245000694000e+16
4.602582079381374569e+03 2.566539083664231200e+16
4.602915648165211678e+03 2.567039528533073600e+16
4.603249216949048787e+03 2.567534570372985600e+16
4.603582785732884986e+03 2.568024200888966400e+16
4.603916354516722095e+03 2.568508412720734400e+16
4.604249923300558294e+03 2.568987199437906000e+16
4.604583492084395402e+03 2.569460555534880800e+16
4.604917060868232511e+03 2.569928476425388400e+16
4.605250629652069620e+03 2.570390958436777600e+16
4.605584198435906728e+03 2.570847998803989600e+16
4.605917767219742927e+03 2.571299595663240000e+16
4.606251336003580036e+03 2.571745748045434400e+16
4.606584904787417145e+03 2.572186455869279200e+16
4.606918473571254253e+03 2.572621719934144800e+16
4.607252042355091362e+03 2.573051541912652400e+16
4.607585611138927561e+03 2.573475924342980000e+16
4.607919179922764670e+03 2.573894870620944400e+16
4.608252748706601778e+03 2.574308384991806400e+16
4.608586317490437978e+03 2.574716472541847600e+16
4.608919886274275086e+03 2.575119139189702400e+16
4.609253455058112195e+03 2.575516391677456400e+16
4.609587023841949303e+03 2.575908237561533600e+16
4.609920592625786412e+03 2.576294685203346400e+16
4.610254161409622611e+03 2.576675743759748800e+16
4.610587730193459720e+03 2.577051423173286800e+16
4.610921298977295919e+03 2.577421734162238000e+16
4.611254867761133028e+03 2.577786688210481600e+16
4.611588436544970136e+03 2.578146297557162400e+16
4.611922005328807245e+03 2.578500575186213600e+16
4.612255574112644354e+03 2.578849534815672000e+16
4.612589142896480553e+03 2.579193190886870400e+16
4.612922711680317661e+03 2.579531558553453600e+16
4.613256280464154770e+03 2.579864653670264800e+16
4.613589849247991879e+03 2.580192492782090400e+16
4.613923418031828987e+03 2.580515093112280800e+16
4.614256986815665186e+03 2.580832472551240000e+16
4.614590555599502295e+03 2.581144649644820000e+16
4.614924124383339404e+03 2.581451643582598000e+16
4.615257693167175603e+03 2.581753474186064800e+16
4.615591261951012712e+03 2.582050161896719600e+16
4.615924830734849820e+03 2.582341727764094400e+16
4.616258399518686929e+03 2.582628193433700800e+16
4.616591968302524037e+03 2.582909581134907200e+16
4.616925537086360237e+03 2.583185913668769200e+16
4.617259105870197345e+03 2.583457214395824800e+16
4.617592674654034454e+03 2.583723507223816800e+16
4.617926243437871562e+03 2.583984816595421600e+16
4.618259812221708671e+03 2.584241167475922400e+16
4.618593381005544870e+03 2.584492585340904000e+16
4.618926949789381979e+03 2.584739096163897600e+16
4.619260518573218178e+03 2.584980726404065600e+16
4.619594087357055287e+03 2.585217502993872800e+16
4.619927656140892395e+03 2.585449453326780000e+16
4.620261224924729504e+03 2.585676605244960800e+16
4.620594793708566613e+03 2.585898987027058800e+16
4.620928362492402812e+03 2.586116627375967200e+16
4.621261931276239920e+03 2.586329555406676800e+16
4.621595500060077029e+03 2.586537800634160800e+16
4.621929068843914138e+03 2.586741392961328000e+16
4.622262637627751246e+03 2.586940362667049200e+16
4.622596206411587445e+03 2.587134740394248800e+16
4.622929775195424554e+03 2.587324557138096000e+16
4.623263343979261663e+03 2.587509844234263200e+16
4.623596912763097862e+03 2.587690633347300000e+16
4.623930481546934971e+03 2.587866956459108400e+16
4.624264050330772079e+03 2.588038845857512400e+16
4.624597619114609188e+03 2.588206334124962400e+16
4.624931187898446296e+03 2.588369454127342400e+16
4.625264756682282496e+03 2.588528239002926400e+16
4.625598325466119604e+03 2.588682722151451600e+16
4.625931894249956713e+03 2.588832937223335200e+16
4.626265463033793822e+03 2.588978918109045600e+16
4.626599031817630930e+03 2.589120698928605600e+16
4.626932600601467129e+03 2.589258314021269600e+16
4.627266169385304238e+03 2.589391797935352000e+16
4.627599738169140437e+03 2.589521185418221200e+16
4.627933306952977546e+03 2.589646511406464000e+16
4.628266875736814654e+03 2.589767811016230000e+16
4.628600444520651763e+03 2.589885119533744000e+16
4.628934013304488872e+03 2.589998472406015600e+16
4.629267582088325071e+03 2.590107905231721600e+16
4.629601150872162179e+03 2.590213453752287200e+16
4.629934719655999288e+03 2.590315153843165600e+16
4.630268288439836397e+03 2.590413041505301200e+16
4.630601857223673505e+03 2.590507152856808000e+16
4.630935426007509705e+03 2.590597524124838400e+16
4.631268994791346813e+03 2.590684191637686000e+16
4.631602563575183922e+03 2.590767191817049600e+16
4.631936132359020121e+03 2.590846561170558400e+16
4.632269701142857230e+03 2.590922336284482800e+16
4.632603269926694338e+03 2.590994553816666400e+16
4.632936838710531447e+03 2.591063250489681200e+16
4.633270407494368555e+03 2.591128463084193600e+16
4.633603976278204755e+03 2.591190228432560800e+16
4.633937545062041863e+03 2.591248583412640400e+16
4.634271113845878062e+03 2.591303564941828000e+16
4.634604682629715171e+03 2.591355209971315200e+16
4.634938251413552280e+03 2.591403555480577600e+16
4.635271820197389388e+03 2.591448638472078000e+16
4.635605388981226497e+03 2.591490495966208000e+16
4.635938957765062696e+03 2.591529164996436800e+16
4.636272526548899805e+03 2.591564682604706000e+16
4.636606095332736913e+03 2.591597085837029600e+16
4.636939664116574022e+03 2.591626411739331600e+16
4.637273232900411131e+03 2.591652697353502000e+16
4.637606801684247330e+03 2.591675979713669600e+16
4.637940370468084438e+03 2.591696295842709600e+16
4.638273939251921547e+03 2.591713682748958400e+16
4.638607508035757746e+03 2.591728177423150400e+16
4.638941076819594855e+03 2.591739816835582400e+16
4.639274645603431964e+03 2.591748637933476000e+16
4.639608214387269072e+03 2.591754677638568400e+16
4.639941783171106181e+03 2.591757972844903200e+16
4.640275351954942380e+03 2.591758560416839600e+16
4.640608920738779489e+03 2.591756477187264800e+16
4.640942489522616597e+03 2.591751759956002400e+16
4.641276058306453706e+03 2.591744445488440800e+16
4.641609627090290815e+03 2.591734570514341200e+16
4.641943195874127014e+03 2.591722171726848000e+16
4.642276764657964122e+03 2.591707285781703200e+16
4.642610333441800321e+03 2.591689949296624800e+16
4.642943902225637430e+03 2.591670198850896000e+16
4.643277471009474539e+03 2.591648070985120800e+16
4.643611039793311647e+03 2.591623602201164800e+16
4.643944608577148756e+03 2.591596828962268000e+16
4.644278177360984955e+03 2.591567787693328800e+16
4.644611746144822064e+03 2.591536514781360000e+16
4.644945314928659172e+03 2.591503046576094400e+16
4.645278883712496281e+03 2.591467419390762800e+16
4.645612452496333390e+03 2.591429669503023200e+16
4.645946021280169589e+03 2.591389833156028800e+16
4.646279590064006698e+03 2.591347946559655200e+16
4.646613158847843806e+03 2.591304045891860000e+16
4.646946727631680005e+03 2.591258167300180800e+16
4.647280296415517114e+03 2.591210346903368800e+16
4.647613865199354223e+03 2.591160620793136000e+16
4.647947433983191331e+03 2.591109025036040000e+16
4.648281002767028440e+03 2.591055595675470400e+16
4.648614571550864639e+03 2.591000368733763200e+16
4.648948140334701748e+03 2.590943380214403200e+16
4.649281709118538856e+03 2.590884666104340800e+16
4.649615277902375965e+03 2.590824262376412000e+16
4.649948846686213074e+03 2.590762204991820800e+16
4.650282415470049273e+03 2.590698529902738000e+16
4.650615984253886381e+03 2.590633273054973600e+16
4.650949553037722580e+03 2.590566470390704000e+16
4.651283121821559689e+03 2.590498157851303200e+16
4.651616690605396798e+03 2.590428371380214000e+16
4.651950259389233906e+03 2.590357146925886800e+16
4.652283828173071015e+03 2.590284520444773600e+16
4.652617396956907214e+03 2.590210527904373200e+16
4.652950965740744323e+03 2.590135205286318000e+16
4.653284534524581431e+03 2.590058588589493600e+16
4.653618103308418540e+03 2.589980713833208800e+16
4.653951672092255649e+03 2.589901617060374400e+16
4.654285240876091848e+03 2.589821334340713200e+16
4.654618809659928957e+03 2.589739901774002400e+16
4.654952378443766065e+03 2.589657355493299200e+16
4.655285947227602264e+03 2.589573731668196800e+16
4.655619516011439373e+03 2.589489066508080000e+16
4.655953084795276482e+03 2.589403396265370000e+16
4.656286653579113590e+03 2.589316757238771600e+16
4.656620222362950699e+03 2.589229185776499200e+16
4.656953791146786898e+03 2.589140718279494800e+16
4.657287359930624007e+03 2.589051391204620000e+16
4.657620928714460206e+03 2.588961241067818400e+16
4.657954497498297314e+03 2.588870304447254800e+16
4.658288066282134423e+03 2.588778617986404000e+16
4.658621635065971532e+03 2.588686218397128400e+16
4.658955203849808640e+03 2.588593142462671200e+16
4.659288772633644840e+03 2.588499427040635200e+16
4.659622341417481948e+03 2.588405109065891200e+16
4.659955910201319057e+03 2.588310225553429600e+16
4.660289478985156165e+03 2.588214813601158400e+16
4.660623047768993274e+03 2.588118910392631200e+16
4.660956616552829473e+03 2.588022553199694800e+16
4.661290185336666582e+03 2.587925779385092800e+16
4.661623754120503691e+03 2.587828626404957600e+16
4.661957322904339890e+03 2.587731131811247600e+16
4.662290891688176998e+03 2.587633333254086400e+16
4.662624460472014107e+03 2.587535268484024800e+16
4.662958029255851216e+03 2.587436975354204000e+16
4.663291598039688324e+03 2.587338491822424400e+16
4.663625166823524523e+03 2.587239855953126000e+16
4.663958735607361632e+03 2.587141105919270400e+16
4.664292304391198741e+03 2.587042280004090400e+16
4.664625873175035849e+03 2.586943416602793600e+16
4.664959441958872958e+03 2.586844554224089600e+16
4.665293010742709157e+03 2.586745731491658000e+16
4.665626579526546266e+03 2.586646987145480400e+16
4.665960148310382465e+03 2.586548360043062800e+16
4.666293717094219573e+03 2.586449889160539600e+16
4.666627285878056682e+03 2.586351613593657600e+16
4.666960854661893791e+03 2.586253572558643200e+16
4.667294423445730899e+03 2.586155805392947200e+16
4.667627992229567099e+03 2.586058351555855200e+16
4.667961561013404207e+03 2.585961250628982800e+16
4.668295129797241316e+03 2.585864542316640800e+16
4.668628698581078424e+03 2.585768266446068400e+16
4.668962267364915533e+03 2.585672462967538000e+16
4.669295836148751732e+03 2.585577171954336000e+16
4.669629404932588841e+03 2.585482433602599200e+16
4.669962973716425950e+03 2.585388288231027200e+16
4.670296542500262149e+03 2.585294776280458800e+16
4.670630111284099257e+03 2.585201938313322000e+16
4.670963680067936366e+03 2.585109815012934400e+16
4.671297248851773475e+03 2.585018447182682400e+16
4.671630817635610583e+03 2.584927875745059200e+16
4.671964386419446782e+03 2.584838141740570800e+16
4.672297955203283891e+03 2.584749286326505600e+16
4.672631523987121000e+03 2.584661350775568400e+16
4.672965092770958108e+03 2.584574376474381200e+16
4.673298661554795217e+03 2.584488404921850400e+16
4.673632230338631416e+03 2.584403477727396000e+16
4.673965799122468525e+03 2.584319636609056000e+16
4.674299367906304724e+03 2.584236923391441600e+16
4.674632936690141833e+03 2.584155380003585600e+16
4.674966505473978941e+03 2.584075048476631200e+16
4.675300074257816050e+03 2.583995970941415200e+16
4.675633643041653158e+03 2.583918189625904400e+16
4.675967211825489358e+03 2.583841746852514800e+16
4.676300780609326466e+03 2.583766685035295200e+16
4.676634349393163575e+03 2.583693046676997200e+16
4.676967918177000683e+03 2.583620874366003200e+16
4.677301486960836883e+03 2.583550210773147200e+16
4.677635055744673991e+03 2.583481098648410800e+16
4.677968624528511100e+03 2.583413580817493200e+16
4.678302193312348209e+03 2.583347700178266400e+16
4.678635762096184408e+03 2.583283499697116800e+16
4.678969330880021516e+03 2.583221022405168000e+16
4.679302899663858625e+03 2.583160311394396400e+16
4.679636468447695734e+03 2.583101409813626400e+16
4.679970037231532842e+03 2.583044360864427600e+16
4.680303606015369041e+03 2.582989207796899200e+16
4.680637174799206150e+03 2.582935993905349200e+16
4.680970743583042349e+03 2.582884762523875600e+16
4.681304312366879458e+03 2.582835557021841600e+16
4.681637881150716566e+03 2.582788420799256000e+16
4.681971449934553675e+03 2.582743397282059200e+16
4.682305018718390784e+03 2.582700529917309200e+16
4.682638587502226983e+03 2.582659862168289600e+16
4.682972156286064092e+03 2.582621437509513200e+16
4.683305725069901200e+03 2.582585299421646400e+16
4.683639293853738309e+03 2.582551491386354800e+16
4.683972862637575417e+03 2.582520056881062400e+16
4.684306431421411617e+03 2.582491039373625600e+16
4.684640000205248725e+03 2.582464482316944800e+16
4.684973568989085834e+03 2.582440429143492800e+16
4.685307137772922033e+03 2.582418923259775200e+16
4.685640706556759142e+03 2.582400008040719600e+16
4.685974275340596250e+03 2.582383726824004800e+16
4.686307844124433359e+03 2.582370122904317200e+16
4.686641412908270468e+03 2.582359239527556800e+16
4.686974981692106667e+03 2.582351119884979200e+16
4.687308550475943775e+03 2.582345807107281600e+16
4.687642119259780884e+03 2.582343344258638400e+16
4.687975688043617993e+03 2.582343774330689600e+16
4.688309256827455101e+03 2.582347140236471200e+16
4.688642825611291300e+03 2.582353484804308400e+16
4.688976394395128409e+03 2.582362850771675200e+16
4.689309963178964608e+03 2.582375280778989600e+16
4.689643531962801717e+03 2.582390817363394400e+16
4.689977100746638826e+03 2.582409502952493200e+16
4.690310669530475934e+03 2.582431379858054400e+16
4.690644238314313043e+03 2.582456490269692000e+16
4.690977807098149242e+03 2.582484876248505200e+16
4.691311375881986351e+03 2.582516579720713200e+16
4.691644944665823459e+03 2.582551642471244800e+16
4.691978513449660568e+03 2.582590106137330400e+16
4.692312082233497676e+03 2.582632012202063200e+16
4.692645651017333876e+03 2.582677401987944400e+16
4.692979219801170984e+03 2.582726316650423200e+16
4.693312788585008093e+03 2.582778797171420800e+16
4.693646357368844292e+03 2.582834884352850400e+16
4.693979926152681401e+03 2.582894618810125200e+16
4.694313494936518509e+03 2.582958040965670800e+16
4.694647063720354708e+03 2.583025191042424800e+16
4.694980632504192727e+03 2.583096109057348000e+16
4.695314201288028926e+03 2.583170834814931200e+16
4.695647770071866034e+03 2.583249407900708800e+16
4.695981338855703143e+03 2.583331867674787200e+16
4.696314907639540252e+03 2.583418253265352400e+16
4.696648476423376451e+03 2.583508603562231600e+16
4.696982045207214469e+03 2.583602957210432800e+16
4.697315613991050668e+03 2.583701352603709200e+16
4.697649182774886867e+03 2.583803827878146400e+16
4.697982751558723976e+03 2.583910420905756000e+16
4.698316320342561085e+03 2.584021169288098400e+16
4.698649889126398193e+03 2.584136110349912000e+16
4.698983457910234392e+03 2.584255281132788000e+16
4.699317026694072410e+03 2.584378718388849600e+16
4.699650595477908610e+03 2.584506458574453600e+16
4.699984164261745718e+03 2.584638537843951600e+16
4.700317733045582827e+03 2.584774992043431200e+16
4.700651301829419026e+03 2.584915856704526400e+16
4.700984870613256135e+03 2.585061167038244000e+16
4.701318439397092334e+03 2.585210957928821600e+16
4.701652008180930352e+03 2.585365263927623200e+16
4.701985576964766551e+03 2.585524119247057600e+16
4.702319145748603660e+03 2.585687557754557200e+16
4.702652714532440768e+03 2.585855612966572000e+16
4.702986283316277877e+03 2.586028318042605200e+16
4.703319852100114076e+03 2.586205705779298400e+16
4.703653420883952094e+03 2.586387808604544000e+16
4.703986989667788293e+03 2.586574658571650400e+16
4.704320558451624493e+03 2.586766287353534400e+16
4.704654127235461601e+03 2.586962726236978000e+16
4.704987696019298710e+03 2.587164006116897200e+16
4.705321264803135819e+03 2.587370157490689200e+16
4.705654833586972018e+03 2.587581210452602000e+16
4.705988402370810036e+03 2.587797194688150800e+16
4.706321971154646235e+03 2.588018139468593600e+16
4.706655539938483344e+03 2.588244073645441600e+16
4.706989108722320452e+03 2.588475025645020800e+16
4.707322677506157561e+03 2.588711023463078400e+16
4.707656246289993760e+03 2.588952094659443200e+16
4.707989815073829959e+03 2.589198266352731200e+16
4.708323383857667977e+03 2.589449565215101200e+16
4.708656952641504176e+03 2.589706017467052800e+16
4.708990521425341285e+03 2.589967648872289600e+16
4.709324090209178394e+03 2.590234484732617600e+16
4.709657658993015502e+03 2.590506549882896000e+16
4.709991227776851701e+03 2.590783868686054400e+16
4.710324796560689720e+03 2.591066465028134000e+16
4.710658365344525919e+03 2.591354362313404800e+16
4.710991934128363027e+03 2.591647583459516000e+16
4.711325502912199227e+03 2.591946150892709600e+16
4.711659071696037245e+03 2.592250086543084400e+16
4.711992640479873444e+03 2.592559411839892000e+16
4.712326209263709643e+03 2.592874147706923200e+16
4.712659778047547661e+03 2.593194314557903200e+16
4.712993346831383860e+03 2.593519932291969600e+16
4.713326915615220969e+03 2.593851020289185200e+16
4.713660484399058078e+03 2.594187597406111200e+16
4.713994053182895186e+03 2.594529681971427200e+16
4.714327621966731385e+03 2.594877291781605600e+16
4.714661190750568494e+03 2.595230444096636000e+16
4.714994759534405603e+03 2.595589155635801200e+16
4.715328328318242711e+03 2.595953442573502400e+16
4.715661897102078910e+03 2.596323320535142400e+16
4.715995465885916929e+03 2.596698804593054400e+16
4.716329034669753128e+03 2.597079909262484400e+16
4.716662603453589327e+03 2.597466648497619200e+16
4.716996172237427345e+03 2.597859035687678800e+16
4.717329741021263544e+03 2.598257083653038400e+16
4.717663309805100653e+03 2.598660804641426400e+16
4.717996878588936852e+03 2.599070210324153200e+16
4.718330447372774870e+03 2.599485311792398400e+16
4.718664016156611069e+03 2.599906119553541600e+16
4.718997584940448178e+03 2.600332643527564800e+16
4.719331153724285286e+03 2.600764893043475600e+16
4.719664722508122395e+03 2.601202876835796400e+16
4.719998291291958594e+03 2.601646603041107200e+16
4.720331860075796612e+03 2.602096079194631200e+16
4.720665428859632812e+03 2.602551312226861600e+16
4.720998997643469011e+03 2.603012308460262800e+16
4.721332566427306119e+03 2.603479073605998400e+16
4.721666135211143228e+03 2.603951612760719200e+16
4.721999703994980337e+03 2.604429930403392400e+16
4.722333272778816536e+03 2.604914030392194800e+16
4.722666841562654554e+03 2.605403915961444800e+16
4.723000410346490753e+03 2.605899589718576000e+16
4.723333979130327862e+03 2.606401053641185200e+16
4.723667547914164970e+03 2.606908309074106800e+16
4.724001116698001169e+03 2.607421356726540000e+16
4.724334685481838278e+03 2.607940196669239200e+16
4.724668254265674477e+03 2.608464828331741600e+16
4.725001823049512495e+03 2.608995250499640400e+16
4.725335391833348694e+03 2.609531461311928800e+16
4.725668960617185803e+03 2.610073458258366800e+16
4.726002529401022912e+03 2.610621238176918000e+16
4.726336098184860020e+03 2.611174797251228800e+16
4.726669666968696220e+03 2.611734131008162000e+16
4.727003235752534238e+03 2.612299234315373600e+16
4.727336804536370437e+03 2.612870101378939600e+16
4.727670373320206636e+03 2.613446725741056800e+16
4.728003942104043745e+03 2.614029100277759200e+16
4.728337510887880853e+03 2.614617217196715200e+16
4.728671079671717962e+03 2.615211068035060400e+16
4.729004648455554161e+03 2.615810643657286400e+16
4.729338217239392179e+03 2.616415934253196800e+16
4.729671786023228378e+03 2.617026929335884000e+16
4.730005354807065487e+03 2.617643617739797200e+16
4.730338923590902596e+03 2.618265987618839600e+16
4.730672492374739704e+03 2.618894026444520800e+16
4.731006061158575903e+03 2.619527721004182400e+16
4.731339629942412103e+03 2.620167057399262800e+16
4.731673198726250121e+03 2.620812021043618400e+16
4.732006767510086320e+03 2.621462596661912400e+16
4.732340336293923428e+03 2.622118768288052000e+16
4.732673905077760537e+03 2.622780519263692400e+16
4.733007473861597646e+03 2.623447832236781600e+16
4.733341042645433845e+03 2.624120689160192000e+16
4.733674611429271863e+03 2.624799071290387600e+16
4.734008180213108062e+03 2.625482959186164800e+16
4.734341748996945171e+03 2.626172332707456000e+16
4.734675317780781370e+03 2.626867171014188000e+16
4.735008886564619388e+03 2.627567452565217200e+16
4.735342455348455587e+03 2.628273155117305600e+16
4.735676024132291786e+03 2.628984255724195200e+16
4.736009592916129805e+03 2.629700730735723200e+16
4.736343161699966004e+03 2.630422555797012400e+16
4.736676730483803112e+03 2.631149705847732000e+16
4.737010299267640221e+03 2.631882155121434400e+16
4.737343868051477330e+03 2.632619877144941200e+16
4.737677436835313529e+03 2.633362844737825600e+16
4.738011005619150637e+03 2.634111030011958400e+16
4.738344574402987746e+03 2.634864404371119200e+16
4.738678143186824855e+03 2.635622938510697200e+16
4.739011711970661054e+03 2.636386602417458000e+16
4.739345280754499072e+03 2.637155365369400800e+16
4.739678849538335271e+03 2.637929195935670000e+16
4.740012418322171470e+03 2.638708061976582400e+16
4.740345987106009488e+03 2.639491930643708000e+16
4.740679555889845687e+03 2.640280768380040800e+16
4.741013124673682796e+03 2.641074540920259600e+16
4.741346693457518995e+03 2.641873213291074800e+16
4.741680262241357013e+03 2.642676749811654400e+16
4.742013831025193213e+03 2.643485114094142000e+16
4.742347399809030321e+03 2.644298269044272800e+16
4.742680968592867430e+03 2.645116176862069600e+16
4.743014537376704538e+03 2.645938799042637200e+16
4.743348106160540738e+03 2.646766096377057200e+16
4.743681674944378756e+03 2.647598028953368000e+16
4.744015243728214955e+03 2.648434556157642400e+16
4.744348812512051154e+03 2.649275636675184400e+16
4.744682381295888263e+03 2.650121228491798800e+16
4.745015950079725371e+03 2.650971288895186800e+16
4.745349518863562480e+03 2.651825774476424000e+16
4.745683087647398679e+03 2.652684641131565600e+16
4.746016656431236697e+03 2.653547844063347200e+16
4.746350225215072896e+03 2.654415337782992800e+16
4.746683793998910005e+03 2.655287076112135200e+16
4.747017362782747114e+03 2.656163012184858800e+16
4.747350931566583313e+03 2.657043098449838400e+16
4.747684500350420421e+03 2.657927286672607200e+16
4.748018069134256621e+03 2.658815527937936000e+16
4.748351637918094639e+03 2.659707772652332800e+16
4.748685206701930838e+03 2.660603970546659200e+16
4.749018775485767947e+03 2.661504070678879200e+16
4.749352344269605055e+03 2.662408021436919200e+16
4.749685913053442164e+03 2.663315770541652800e+16
4.750019481837278363e+03 2.664227265050033600e+16
4.750353050621116381e+03 2.665142451358329200e+16
4.750686619404952580e+03 2.666061275205498000e+16
4.751020188188788779e+03 2.666983681676700000e+16
4.751353756972625888e+03 2.667909615206942000e+16
4.751687325756462997e+03 2.668839019584845600e+16
4.752020894540300105e+03 2.669771837956559200e+16
4.752354463324136304e+03 2.670708012829818400e+16
4.752688032107974323e+03 2.671647486078127600e+16
4.753021600891810522e+03 2.672590198945086400e+16
4.753355169675647630e+03 2.673536092048876000e+16
4.753688738459484739e+03 2.674485105386865600e+16
4.754022307243321848e+03 2.675437178340374400e+16
4.754355876027158047e+03 2.676392249679585200e+16
4.754689444810994246e+03 2.677350257568597600e+16
4.755023013594832264e+03 2.678311139570633200e+16
4.755356582378668463e+03 2.679274832653389600e+16
4.755690151162505572e+03 2.680241273194556000e+16
4.756023719946342680e+03 2.681210396987465200e+16
4.756357288730179789e+03 2.682182139246908800e+16
4.756690857514015988e+03 2.683156434615114400e+16
4.757024426297854006e+03 2.684133217167864000e+16
4.757357995081690206e+03 2.685112420420774400e+16
4.757691563865527314e+03 2.686093977335747600e+16
4.758025132649363513e+03 2.687077820327568000e+16
4.758358701433201531e+03 2.688063881270658000e+16
4.758692270217037731e+03 2.689052091506000000e+16
4.759025839000873930e+03 2.690042381848226000e+16
4.759359407784711948e+03 2.691034682592851200e+16
4.759692976568548147e+03 2.692028923523688800e+16
4.760026545352385256e+03 2.693025033920418400e+16
4.760360114136222364e+03 2.694022942566322400e+16
4.760693682920059473e+03 2.695022577756180800e+16
4.761027251703895672e+03 2.696023867304335200e+16
4.761360820487732781e+03 2.697026738552923600e+16
4.761694389271569889e+03 2.698031118380265600e+16
4.762027958055406998e+03 2.699036933209422800e+16
4.762361526839243197e+03 2.700044109016925200e+16
4.762695095623081215e+03 2.701052571341671200e+16
4.763028664406917414e+03 2.702062245293952400e+16
4.763362233190753614e+03 2.703073055564710000e+16
4.763695801974591632e+03 2.704084926434892400e+16
4.764029370758427831e+03 2.705097781785018000e+16
4.764362939542264940e+03 2.706111545104884000e+16
4.764696508326101139e+03 2.707126139503448800e+16
4.765030077109939157e+03 2.708141487718862000e+16
4.765363645893775356e+03 2.709157512128676800e+16
4.765697214677612465e+03 2.710174134760208800e+16
4.766030783461449573e+03 2.711191277301065600e+16
4.766364352245286682e+03 2.712208861109819200e+16
4.766697921029122881e+03 2.713226807226867200e+16
4.767031489812960899e+03 2.714245036385417200e+16
4.767365058596797098e+03 2.715263469022653600e+16
4.767698627380633297e+03 2.716282025291041600e+16
4.768032196164470406e+03 2.717300625069800800e+16
4.768365764948307515e+03 2.718319187976515200e+16
4.768699333732144623e+03 2.719337633378902000e+16
4.769032902515980822e+03 2.720355880406727200e+16
4.769366471299818841e+03 2.721373847963875200e+16
4.769700040083655040e+03 2.722391454740538400e+16
4.770033608867492148e+03 2.723408619225580800e+16
4.770367177651329257e+03 2.724425259719030400e+16
4.770700746435165456e+03 2.725441294344688800e+16
4.771034315219002565e+03 2.726456641062912000e+16
4.771367884002838764e+03 2.727471217683498800e+16
4.771701452786676782e+03 2.728484941878722800e+16
4.772035021570512981e+03 2.729497731196476000e+16
4.772368590354350090e+03 2.730509503073560800e+16
4.772702159138187199e+03 2.731520174849089600e+16
4.773035727922024307e+03 2.732529663777997200e+16
4.773369296705860506e+03 2.733537887044687600e+16
4.773702865489698524e+03 2.734544761776777600e+16
4.774036434273534724e+03 2.735550205058955600e+16
4.774370003057370923e+03 2.736554133946948000e+16
4.774703571841208031e+03 2.737556465481585200e+16
4.775037140625045140e+03 2.738557116702965600e+16
4.775370709408882249e+03 2.739556004664712000e+16
4.775704278192718448e+03 2.740553046448332800e+16
4.776037846976556466e+03 2.741548159177649200e+16
4.776371415760392665e+03 2.742541260033313200e+16
4.776704984544229774e+03 2.743532266267420800e+16
4.777038553328066882e+03 2.744521095218178400e+16
4.777372122111903991e+03 2.745507664324629600e+16
4.777705690895740190e+03 2.746491891141496800e+16
4.778039259679576389e+03 2.747473693354018000e+16
4.778372828463414407e+03 2.748452988792896800e+16
4.778706397247250607e+03 2.749429695449262400e+16
4.779039966031087715e+03 2.750403731489707200e+16
4.779373534814924824e+03 2.751375015271344800e+16
4.779707103598761933e+03 2.752343465356910400e+16
4.780040672382598132e+03 2.753309000529904800e+16
4.780374241166436150e+03 2.754271539809742400e+16
4.780707809950272349e+03 2.755231002466943200e+16
4.781041378734109458e+03 2.756187308038322400e+16
4.781374947517945657e+03 2.757140376342211200e+16
4.781708516301783675e+03 2.758090127493652800e+16
4.782042085085619874e+03 2.759036481919627600e+16
4.782375653869456073e+03 2.759979360374254800e+16
4.782709222653294091e+03 2.760918683953989600e+16
4.783042791437130290e+03 2.761854374112799600e+16
4.783376360220967399e+03 2.762786352677322000e+16
4.783709929004803598e+03 2.763714541861984000e+16
4.784043497788641616e+03 2.764638864284096800e+16
4.784377066572477815e+03 2.765559242978905200e+16
4.784710635356314924e+03 2.766475601414589600e+16
4.785044204140152033e+03 2.767387863507221600e+16
4.785377772923989141e+03 2.768295953635647600e+16
4.785711341707825341e+03 2.769199796656320000e+16
4.786044910491663359e+03 2.770099317918062000e+16
4.786378479275499558e+03 2.770994443276730400e+16
4.786712048059335757e+03 2.771885099109829200e+16
4.787045616843172866e+03 2.772771212331006400e+16
4.787379185627009974e+03 2.773652710404473200e+16
4.787712754410847083e+03 2.774529521359311600e+16
4.788046323194683282e+03 2.775401573803681200e+16
4.788379891978521300e+03 2.776268796938909200e+16
4.788713460762357499e+03 2.777131120573460000e+16
4.789047029546194608e+03 2.777988475136783200e+16
4.789380598330031717e+03 2.778840791693026800e+16
4.789714167113868825e+03 2.779688001954611600e+16
4.790047735897705024e+03 2.780530038295667600e+16
4.790381304681541224e+03 2.781366833765303600e+16
4.790714873465379242e+03 2.782198322100757600e+16
4.791048442249215441e+03 2.783024437740331200e+16
4.791382011033052549e+03 2.783845115836218000e+16
4.791715579816889658e+03 2.784660292267104000e+16
4.792049148600726767e+03 2.785469903650617200e+16
4.792382717384562966e+03 2.786273887355596000e+16
4.792716286168400984e+03 2.787072181514154400e+16
4.793049854952237183e+03 2.787864725033543600e+16
4.793383423736074292e+03 2.788651457607842400e+16
4.793716992519910491e+03 2.789432319729407600e+16
4.794050561303747600e+03 2.790207252700129600e+16
4.794384130087584708e+03 2.790976198642461600e+16
4.794717698871420907e+03 2.791739100510241600e+16
4.795051267655258926e+03 2.792495902099266000e+16
4.795384836439095125e+03 2.793246548057639200e+16
4.795718405222932233e+03 2.793990983895885600e+16
4.796051974006769342e+03 2.794729155996824000e+16
4.796385542790606451e+03 2.795461011625180000e+16
4.796719111574442650e+03 2.796186498936968000e+16
4.797052680358279758e+03 2.796905566988584000e+16
4.797386249142116867e+03 2.797618165745680800e+16
4.797719817925953066e+03 2.798324246091731200e+16
4.798053386709790175e+03 2.799023759836366000e+16
4.798386955493627283e+03 2.799716659723404800e+16
4.798720524277464392e+03 2.800402899438626000e+16
4.799054093061300591e+03 2.801082433617262400e+16
4.799387661845138609e+03 2.801755217851190400e+16
4.799721230628974808e+03 2.802421208695848400e+16
4.800054799412811917e+03 2.803080363676872000e+16
4.800388368196648116e+03 2.803732641296410400e+16
4.800721936980486134e+03 2.804378001039164000e+16
4.801055505764322334e+03 2.805016403378116400e+16
4.801389074548158533e+03 2.805647809779970000e+16
4.801722643331996551e+03 2.806272182710273200e+16
4.802056212115832750e+03 2.806889485638227600e+16
4.802389780899669859e+03 2.807499683041212000e+16
4.802723349683506967e+03 2.808102740408976400e+16
4.803056918467344076e+03 2.808698624247520000e+16
4.803390487251180275e+03 2.809287302082674400e+16
4.803724056035017384e+03 2.809868742463346400e+16
4.804057624818854492e+03 2.810442914964469200e+16
4.804391193602691601e+03 2.811009790189606000e+16
4.804724762386527800e+03 2.811569339773259200e+16
4.805058331170365818e+03 2.812121536382847200e+16
4.805391899954202017e+03 2.812666353720355600e+16
4.805725468738038217e+03 2.813203766523686400e+16
4.806059037521876235e+03 2.813733750567664800e+16
4.806392606305712434e+03 2.814256282664730800e+16
4.806726175089549542e+03 2.814771340665317600e+16
4.807059743873385742e+03 2.815278903457900800e+16
4.807393312657223760e+03 2.815778950968730000e+16
4.807726881441059959e+03 2.816271464161229600e+16
4.808060450224897068e+03 2.816756425035106800e+16
4.808394019008734176e+03 2.817233816625115600e+16
4.808727587792571285e+03 2.817703622999505600e+16
4.809061156576407484e+03 2.818165829258178400e+16
4.809394725360245502e+03 2.818620421530509600e+16
4.809728294144081701e+03 2.819067386972855200e+16
4.810061862927917900e+03 2.819506713765767600e+16
4.810395431711755009e+03 2.819938391110886400e+16
4.810729000495592118e+03 2.820362409227526800e+16
4.811062569279429226e+03 2.820778759348972000e+16
4.811396138063265425e+03 2.821187433718456400e+16
4.811729706847103444e+03 2.821588425584856800e+16
4.812063275630939643e+03 2.821981729198073600e+16
4.812396844414776751e+03 2.822367339804148800e+16
4.812730413198613860e+03 2.822745253640065600e+16
4.813063981982450969e+03 2.823115467928274800e+16
4.813397550766287168e+03 2.823477980870944800e+16
4.813731119550123367e+03 2.823832791643920800e+16
4.814064688333961385e+03 2.824179900390424000e+16
4.814398257117797584e+03 2.824519308214458000e+16
4.814731825901634693e+03 2.824851017173981200e+16
4.815065394685471801e+03 2.825175030273791600e+16
4.815398963469308910e+03 2.825491351458154400e+16
4.815732532253145109e+03 2.825799985603192000e+16
4.816066101036983127e+03 2.826100938509017600e+16
4.816399669820819327e+03 2.826394216891617600e+16
4.816733238604656435e+03 2.826679828374510400e+16
4.817066807388492634e+03 2.826957781480160400e+16
4.817400376172329743e+03 2.827228085621160800e+16
4.817733944956166852e+03 2.827490751091208000e+16
4.818067513740003051e+03 2.827745789055840800e+16
4.818401082523841069e+03 2.827993211542978800e+16
4.818734651307677268e+03 2.828233031433251600e+16
4.819068220091514377e+03 2.828465262450117600e+16
4.819401788875351485e+03 2.828689919149802800e+16
4.819735357659188594e+03 2.828907016911032800e+16
4.820068926443024793e+03 2.829116571924598400e+16
4.820402495226861902e+03 2.829318601182729600e+16
4.820736064010699010e+03 2.829513122468299200e+16
4.821069632794535210e+03 2.829700154343867200e+16
4.821403201578372318e+03 2.829879716140563600e+16
4.821736770362209427e+03 2.830051827946813600e+16
4.822070339146046535e+03 2.830216510596918800e+16
4.822403907929882735e+03 2.830373785659490800e+16
4.822737476713720753e+03 2.830523675425772800e+16
4.823071045497556952e+03 2.830666202897793600e+16
4.823404614281394061e+03 2.830801391776446400e+16
4.823738183065230260e+03 2.830929266449407200e+16
4.824071751849068278e+03 2.831049851978983200e+16
4.824405320632904477e+03 2.831163174089834400e+16
4.824738889416740676e+03 2.831269259156604000e+16
4.825072458200578694e+03 2.831368134191476000e+16
4.825406026984414893e+03 2.831459826831616000e+16
4.825739595768252002e+03 2.831544365326577200e+16
4.826073164552089111e+03 2.831621778525608800e+16
4.826406733335926219e+03 2.831692095864901200e+16
4.826740302119762418e+03 2.831755347354796400e+16
4.827073870903599527e+03 2.831811563566930000e+16
4.827407439687436636e+03 2.831860775621330000e+16
4.827741008471273744e+03 2.831903015173488400e+16
4.828074577255109944e+03 2.831938314401396800e+16
4.828408146038947962e+03 2.831966705992555600e+16
4.828741714822784161e+03 2.831988223130969600e+16
4.829075283606620360e+03 2.832002899484136000e+16
4.829408852390458378e+03 2.832010769190009200e+16
4.829742421174294577e+03 2.832011866843992800e+16
4.830075989958131686e+03 2.832006227485919200e+16
4.830409558741967885e+03 2.831993886587050400e+16
4.830743127525805903e+03 2.831974880037097600e+16
4.831076696309642102e+03 2.831949244131263200e+16
4.831410265093479211e+03 2.831917015557320800e+16
4.831743833877316320e+03 2.831878231382726400e+16
4.832077402661153428e+03 2.831832929041775200e+16
4.832410971444989627e+03 2.831781146322807600e+16
4.832744540228827645e+03 2.831722921355473600e+16
4.833078109012663845e+03 2.831658292598041600e+16
4.833411677796500044e+03 2.831587298824798000e+16
4.833745246580337152e+03 2.831509979113495200e+16
4.834078815364174261e+03 2.831426372832890800e+16
4.834412384148011370e+03 2.831336519630353600e+16
4.834745952931847569e+03 2.831240459419578800e+16
4.835079521715685587e+03 2.831138232368372000e+16
4.835413090499521786e+03 2.831029878886533600e+16
4.835746659283358895e+03 2.830915439613868000e+16
4.836080228067196003e+03 2.830794955408268000e+16
4.836413796851033112e+03 2.830668467333921600e+16
4.836747365634869311e+03 2.830536016649648400e+16
4.837080934418705510e+03 2.830397644797324000e+16
4.837414503202543528e+03 2.830253393390472000e+16
4.837748071986379728e+03 2.830103304202933600e+16
4.838081640770216836e+03 2.829947419157716000e+16
4.838415209554053945e+03 2.829785780315943200e+16
4.838748778337891054e+03 2.829618429865963600e+16
4.839082347121727253e+03 2.829445410112601600e+16
4.839415915905565271e+03 2.829266763466548000e+16
4.839749484689401470e+03 2.829082532433902000e+16
4.840083053473238579e+03 2.828892759605876000e+16
4.840416622257074778e+03 2.828697487648647200e+16
4.840750191040911886e+03 2.828496759293385600e+16
4.841083759824748995e+03 2.828290617326412800e+16
4.841417328608585194e+03 2.828079104579568000e+16
4.841750897392423212e+03 2.827862263920710000e+16
4.842084466176259411e+03 2.827640138244410400e+16
4.842418034960096520e+03 2.827412770462804800e+16
4.842751603743933629e+03 2.827180203496642400e+16
4.843085172527770737e+03 2.826942480266480800e+16
4.843418741311606937e+03 2.826699643684101600e+16
4.843752310095444045e+03 2.826451736644070000e+16
4.844085878879281154e+03 2.826198802015500800e+16
4.844419447663117353e+03 2.825940882634009600e+16
4.844753016446954462e+03 2.825678021293838400e+16
4.845086585230791570e+03 2.825410260740187200e+16
4.845420154014628679e+03 2.825137643661716000e+16
4.845753722798464878e+03 2.824860212683260000e+16
4.846087291582302896e+03 2.824578010358718400e+16
4.846420860366139095e+03 2.824291079164142400e+16
4.846754429149976204e+03 2.823999461491026800e+16
4.847087997933812403e+03 2.823703199639777600e+16
4.847421566717650421e+03 2.823402335813400800e+16
4.847755135501486620e+03 2.823096912111347200e+16
4.848088704285322819e+03 2.822786970523602800e+16
4.848422273069160838e+03 2.822472552924938400e+16
4.848755841852997037e+03 2.822153701069361600e+16
4.849089410636834145e+03 2.821830456584788000e+16
4.849422979420671254e+03 2.821502860967869200e+16
4.849756548204508363e+03 2.821170955579059200e+16
4.850090116988344562e+03 2.820834781637843600e+16
4.850423685772181670e+03 2.820494380218179200e+16
4.850757254556018779e+03 2.820149792244131200e+16
4.851090823339855888e+03 2.819801058485682800e+16
4.851424392123692087e+03 2.819448219554770400e+16
4.851757960907530105e+03 2.819091315901481200e+16
4.852091529691366304e+03 2.818730387810458400e+16
4.852425098475202503e+03 2.818365475397491200e+16
4.852758667259040521e+03 2.817996618606297600e+16
4.853092236042876721e+03 2.817623857205476800e+16
4.853425804826713829e+03 2.817247230785682400e+16
4.853759373610550028e+03 2.816866778756944000e+16
4.854092942394388047e+03 2.816482540346196000e+16
4.854426511178224246e+03 2.816094554594964800e+16
4.854760079962061354e+03 2.815702860357265600e+16
4.855093648745898463e+03 2.815307496297654400e+16
4.855427217529735572e+03 2.814908500889451200e+16
4.855760786313571771e+03 2.814505912413163600e+16
4.856094355097409789e+03 2.814099768955054800e+16
4.856427923881245988e+03 2.813690108405890400e+16
4.856761492665082187e+03 2.813276968459857200e+16
4.857095061448919296e+03 2.812860386613645600e+16
4.857428630232756404e+03 2.812440400165680000e+16
4.857762199016593513e+03 2.812017046215528400e+16
4.858095767800429712e+03 2.811590361663465600e+16
4.858429336584267730e+03 2.811160383210176000e+16
4.858762905368103930e+03 2.810727147356622400e+16
4.859096474151941038e+03 2.810290690404066400e+16
4.859430042935778147e+03 2.809851048454226800e+16
4.859763611719615255e+03 2.809408257409576400e+16
4.860097180503451455e+03 2.808962352973806400e+16
4.860430749287287654e+03 2.808513370652389600e+16
4.860764318071125672e+03 2.808061345753315200e+16
4.861097886854961871e+03 2.807606313387930400e+16
4.861431455638798980e+03 2.807148308471923200e+16
4.861765024422636088e+03 2.806687365726433200e+16
4.862098593206473197e+03 2.806223519679268000e+16
4.862432161990309396e+03 2.805756804666262800e+16
4.862765730774147414e+03 2.805287254832736800e+16
4.863099299557983613e+03 2.804814904135068800e+16
4.863432868341820722e+03 2.804339786342395200e+16
4.863766437125656921e+03 2.803861935038388800e+16
4.864100005909494030e+03 2.803381383623166400e+16
4.864433574693331138e+03 2.802898165315276000e+16
4.864767143477167338e+03 2.802412313153798400e+16
4.865100712261005356e+03 2.801923860000521600e+16
4.865434281044841555e+03 2.801432838542230000e+16
4.865767849828678663e+03 2.800939281293050800e+16
4.866101418612515772e+03 2.800443220596914800e+16
4.866434987396352881e+03 2.799944688630066400e+16
4.866768556180189080e+03 2.799443717403671200e+16
4.867102124964026189e+03 2.798940338766486000e+16
4.867435693747863297e+03 2.798434584407605200e+16
4.867769262531699496e+03 2.797926485859260000e+16
4.868102831315536605e+03 2.797416074499697200e+16
4.868436400099373714e+03 2.796903381556105200e+16
4.868769968883210822e+03 2.796388438107594400e+16
4.869103537667047021e+03 2.795871275088244000e+16
4.869437106450885040e+03 2.795351923290178400e+16
4.869770675234721239e+03 2.794830413366699600e+16
4.870104244018558347e+03 2.794306775835465600e+16
4.870437812802394546e+03 2.793781041081701600e+16
4.870771381586232565e+03 2.793253239361438800e+16
4.871104950370068764e+03 2.792723400804799200e+16
4.871438519153904963e+03 2.792191555419314800e+16
4.871772087937742981e+03 2.791657733093242800e+16
4.872105656721579180e+03 2.791121963598935200e+16
4.872439225505416289e+03 2.790584276596208000e+16
4.872772794289253397e+03 2.790044701635734800e+16
4.873106363073090506e+03 2.789503268162456000e+16
4.873439931856926705e+03 2.788960005518984400e+16
4.873773500640763814e+03 2.788414942949036000e+16
4.874107069424600923e+03 2.787868109600850800e+16
4.874440638208438031e+03 2.787319534530614800e+16
4.874774206992274230e+03 2.786769246705895200e+16
4.875107775776112248e+03 2.786217275009048800e+16
4.875441344559948448e+03 2.785663648240639600e+16
4.875774913343784647e+03 2.785108395122837600e+16
4.876108482127622665e+03 2.784551544302806400e+16
4.876442050911458864e+03 2.783993124356070000e+16
4.876775619695295973e+03 2.783433163789878400e+16
4.877109188479132172e+03 2.782871691046524000e+16
4.877442757262970190e+03 2.782308734506660000e+16
4.877776326046806389e+03 2.781744322492570400e+16
4.878109894830643498e+03 2.781178483271434000e+16
4.878443463614480606e+03 2.780611245058539200e+16
4.878777032398317715e+03 2.780042636020471200e+16
4.879110601182153914e+03 2.779472684278264800e+16
4.879444169965991932e+03 2.778901417910521200e+16
4.879777738749828131e+03 2.778328864956472400e+16
4.880111307533664331e+03 2.777755053419021600e+16
4.880444876317501439e+03 2.777180011267721200e+16
4.880778445101338548e+03 2.776603766441726000e+16
4.881112013885175656e+03 2.776026346852664800e+16
4.881445582669011856e+03 2.775447780387500800e+16
4.881779151452849874e+03 2.774868094911314800e+16
4.882112720236686073e+03 2.774287318270035600e+16
4.882446289020523182e+03 2.773705478293125200e+16
4.882779857804360290e+03 2.773122602796206400e+16
4.883113426588197399e+03 2.772538719583615200e+16
4.883446995372033598e+03 2.771953856450918400e+16
4.883780564155869797e+03 2.771368041187348000e+16
4.884114132939707815e+03 2.770781301578192000e+16
4.884447701723544014e+03 2.770193665407091200e+16
4.884781270507381123e+03 2.769605160458310000e+16
4.885114839291218232e+03 2.769015814518909600e+16
4.885448408075055340e+03 2.768425655380867200e+16
4.885781976858891539e+03 2.767834710843124000e+16
4.886115545642729558e+03 2.767243008713556000e+16
4.886449114426565757e+03 2.766650576810891200e+16
4.886782683210402865e+03 2.766057442966543600e+16
4.887116251994239065e+03 2.765463635026366400e+16
4.887449820778076173e+03 2.764869180852360800e+16
4.887783389561913282e+03 2.764274108324267200e+16
4.888116958345749481e+03 2.763678445341136400e+16
4.888450527129587499e+03 2.763082219822771200e+16
4.888784095913423698e+03 2.762485459711133600e+16
4.889117664697260807e+03 2.761888192971660800e+16
4.889451233481097916e+03 2.761290447594501200e+16
4.889784802264935024e+03 2.760692251595674400e+16
4.890118371048771223e+03 2.760093633018168800e+16
4.890451939832608332e+03 2.759494619932950000e+16
4.890785508616445441e+03 2.758895240439885600e+16
4.891119077400281640e+03 2.758295522668612400e+16
4.891452646184118748e+03 2.757695494779309600e+16
4.891786214967955857e+03 2.757095184963408000e+16
4.892119783751792966e+03 2.756494621444208400e+16
4.892453352535629165e+03 2.755893832477436000e+16
4.892786921319467183e+03 2.755292846351716800e+16
4.893120490103303382e+03 2.754691691388962000e+16
4.893454058887140491e+03 2.754090395944702400e+16
4.893787627670976690e+03 2.753488988408326400e+16
4.894121196454814708e+03 2.752887497203252800e+16
4.894454765238650907e+03 2.752285950787024000e+16
4.894788334022487106e+03 2.751684377651332000e+16
4.895121902806325124e+03 2.751082806321961200e+16
4.895455471590161324e+03 2.750481265358668800e+16
4.895789040373998432e+03 2.749879783354977200e+16
4.896122609157835541e+03 2.749278388937922800e+16
4.896456177941672649e+03 2.748677110767698400e+16
4.896789746725508849e+03 2.748075977537250000e+16
4.897123315509345957e+03 2.747475017971801600e+16
4.897456884293183066e+03 2.746874260828303600e+16
4.897790453077020175e+03 2.746273734894809600e+16
4.898124021860856374e+03 2.745673468989814000e+16
4.898457590644694392e+03 2.745073491961482000e+16
4.898791159428530591e+03 2.744473832686853200e+16
4.899124728212366790e+03 2.743874520070950400e+16
4.899458296996204808e+03 2.743275583045861600e+16
4.899791865780041007e+03 2.742677050569716800e+16
4.900125434563878116e+03 2.742078951625639200e+16
4.900459003347714315e+03 2.741481315220626400e+16
4.900792572131552333e+03 2.740884170384364800e+16
4.901126140915388532e+03 2.740287546167996800e+16
4.901459709699225641e+03 2.739691471642830800e+16
4.901793278483062750e+03 2.739095975898992000e+16
4.902126847266899858e+03 2.738501088044024000e+16
4.902460416050736058e+03 2.737906837201441600e+16
4.902793984834574076e+03 2.737313252509225600e+16
4.903127553618410275e+03 2.736720363118264800e+16
4.903461122402246474e+03 2.736128198190768000e+16
4.903794691186083583e+03 2.735536786898608000e+16
4.904128259969920691e+03 2.734946158421637200e+16
4.904461828753757800e+03 2.734356341945942800e+16
4.904795397537593999e+03 2.733767366662074400e+16
4.905128966321432017e+03 2.733179261763224800e+16
4.905462535105268216e+03 2.732592056443361200e+16
4.905796103889105325e+03 2.732005779895338400e+16
4.906129672672942434e+03 2.731420461308955200e+16
4.906463241456779542e+03 2.730836129868982000e+16
4.906796810240615741e+03 2.730252814753158800e+16
4.907130379024451940e+03 2.729670545130160800e+16
4.907463947808289959e+03 2.729089350157517200e+16
4.907797516592126158e+03 2.728509258979515200e+16
4.908131085375963266e+03 2.727930300725078400e+16
4.908464654159800375e+03 2.727352504505602800e+16
4.908798222943637484e+03 2.726775899412771200e+16
4.909131791727473683e+03 2.726200514516357600e+16
4.909465360511311701e+03 2.725626378861997600e+16
4.909798929295147900e+03 2.725053521468918400e+16
4.910132498078985009e+03 2.724481971327695200e+16
4.910466066862821208e+03 2.723911757397941600e+16
4.910799635646658317e+03 2.723342908606012000e+16
4.911133204430495425e+03 2.722775453842670000e+16
4.911466773214331624e+03 2.722209421960757600e+16
4.911800341998169642e+03 2.721644841772846000e+16
4.912133910782005842e+03 2.721081742048857600e+16
4.912467479565842950e+03 2.720520151513707200e+16
4.912801048349680059e+03 2.719960098844918400e+16
4.913134617133517168e+03 2.719401612670213600e+16
4.913468185917353367e+03 2.718844721565140800e+16
4.913801754701190475e+03 2.718289454050655200e+16
4.914135323485027584e+03 2.717735838590710400e+16
4.914468892268863783e+03 2.717183903589851600e+16
4.914802461052700892e+03 2.716633677390805600e+16
4.915136029836538000e+03 2.716085188272062400e+16
4.915469598620375109e+03 2.715538464445464000e+16
4.915803167404211308e+03 2.714993534053792000e+16
4.916136736188049326e+03 2.714450425168366400e+16
4.916470304971885525e+03 2.713909165786630800e+16
4.916803873755722634e+03 2.713369783829764000e+16
4.917137442539558833e+03 2.712832307140281600e+16
4.917471011323396851e+03 2.712296763479652000e+16
4.917804580107233051e+03 2.711763180525918800e+16
4.918138148891069250e+03 2.711231585871342000e+16
4.918471717674907268e+03 2.710702007020028000e+16
4.918805286458743467e+03 2.710174471385592000e+16
4.919138855242580576e+03 2.709649006288826400e+16
4.919472424026417684e+03 2.709125638955373600e+16
4.919805992810254793e+03 2.708604396513430000e+16
4.920139561594090992e+03 2.708085305991448000e+16
4.920473130377928101e+03 2.707568394315868800e+16
4.920806699161765209e+03 2.707053688308861200e+16
4.921140267945602318e+03 2.706541214686076000e+16
4.921473836729438517e+03 2.706031000054435600e+16
4.921807405513276535e+03 2.705523070909930000e+16
4.922140974297112734e+03 2.705017453635424000e+16
4.922474543080948933e+03 2.704514174498509600e+16
4.922808111864786952e+03 2.704013259649361600e+16
4.923141680648623151e+03 2.703514735118613600e+16
4.923475249432460259e+03 2.703018626815272000e+16
4.923808818216296459e+03 2.702524960524641600e+16
4.924142387000134477e+03 2.702033761906275200e+16
4.924475955783970676e+03 2.701545056491953200e+16
4.924809524567807784e+03 2.701058869683685600e+16
4.925143093351644893e+03 2.700575226751740800e+16
4.925476662135482002e+03 2.700094152832696800e+16
4.925810230919318201e+03 2.699615672927525600e+16
4.926143799703156219e+03 2.699139811899700800e+16
4.926477368486992418e+03 2.698666594473326800e+16
4.926810937270828617e+03 2.698196045231313600e+16
4.927144506054665726e+03 2.697728188613556800e+16
4.927478074838502835e+03 2.697263048915171600e+16
4.927811643622339943e+03 2.696800650284729600e+16
4.928145212406176142e+03 2.696341016722544000e+16
4.928478781190014161e+03 2.695884172078984000e+16
4.928812349973850360e+03 2.695430140052802400e+16
4.929145918757687468e+03 2.694978944189516000e+16
4.929479487541524577e+03 2.694530607879799200e+16
4.929813056325361686e+03 2.694085154357916800e+16
4.930146625109197885e+03 2.693642606700185200e+16
4.930480193893034084e+03 2.693202987823469600e+16
4.930813762676872102e+03 2.692766320483701600e+16
4.931147331460708301e+03 2.692332627274436000e+16
4.931480900244545410e+03 2.691901930625444800e+16
4.931814469028382518e+03 2.691474252801325200e+16
4.932148037812219627e+03 2.691049615900161600e+16
4.932481606596055826e+03 2.690628041852200000e+16
4.932815175379893844e+03 2.690209552418567600e+16
4.933148744163730044e+03 2.689794169190010800e+16
4.933482312947567152e+03 2.689381913585682400e+16
4.933815881731403351e+03 2.688972806851948800e+16
4.934149450515240460e+03 2.688566870061229600e+16
4.934483019299077569e+03 2.688164124110869200e+16
4.934816588082913768e+03 2.687764589722046000e+16
4.935150156866751786e+03 2.687368287438709200e+16
4.935483725650587985e+03 2.686975237626544000e+16
4.935817294434425094e+03 2.686585460471971600e+16
4.936150863218262202e+03 2.686198975981188800e+16
4.936484432002099311e+03 2.685815803979210400e+16
4.936818000785935510e+03 2.685435964108988000e+16
4.937151569569772619e+03 2.685059475830514400e+16
4.937485138353609727e+03 2.684686358419984000e+16
4.937818707137445926e+03 2.684316630968982400e+16
4.938152275921283035e+03 2.683950312383695200e+16
4.938485844705120144e+03 2.683587421384161600e+16
4.938819413488957252e+03 2.683227976503540800e+16
4.939152982272793452e+03 2.682871996087422400e+16
4.939486551056631470e+03 2.682519498293161600e+16
4.939820119840467669e+03 2.682170501089238000e+16
4.940153688624304777e+03 2.681825022254649200e+16
4.940487257408140977e+03 2.681483079378336400e+16
4.940820826191978995e+03 2.681144689858629200e+16
4.941154394975815194e+03 2.680809870902718400e+16
4.941487963759651393e+03 2.680478639526169600e+16
4.941821532543489411e+03 2.680151012552449200e+16
4.942155101327325610e+03 2.679827006612481600e+16
4.942488670111162719e+03 2.679506638144240400e+16
4.942822238894999828e+03 2.679189923392354400e+16
4.943155807678836936e+03 2.678876878407749600e+16
4.943489376462673135e+03 2.678567519047307200e+16
4.943822945246510244e+03 2.678261860973559200e+16
4.944156514030347353e+03 2.677959919654400000e+16
4.944490082814184461e+03 2.677661710362812000e+16
4.944823651598020660e+03 2.677367248176648000e+16
4.945157220381858679e+03 2.677076547978403600e+16
4.945490789165694878e+03 2.676789624455022400e+16
4.945824357949531077e+03 2.676506492097742400e+16
4.946157926733369095e+03 2.676227165201941600e+16
4.946491495517205294e+03 2.675951657867009600e+16
4.946825064301042403e+03 2.675679983996262000e+16
4.947158633084878602e+03 2.675412157296838400e+16
4.947492201868716620e+03 2.675148191279664800e+16
4.947825770652552819e+03 2.674888099259396800e+16
4.948159339436389928e+03 2.674631894354414400e+16
4.948492908220227037e+03 2.674379589486813600e+16
4.948826477004064145e+03 2.674131197382432000e+16
4.949160045787900344e+03 2.673886730570884800e+16
4.949493614571738362e+03 2.673646201385625600e+16
4.949827183355574562e+03 2.673409621964015600e+16
4.950160752139410761e+03 2.673177004247427600e+16
4.950494320923247869e+03 2.672948359981340400e+16
4.950827889707084978e+03 2.672723700715484800e+16
4.951161458490922087e+03 2.672503037803968000e+16
4.951495027274758286e+03 2.672286382405444800e+16
4.951828596058596304e+03 2.672073745483295200e+16
4.952162164842432503e+03 2.671865137805796000e+16
4.952495733626269612e+03 2.671660569946347600e+16
4.952829302410106720e+03 2.671460052283673600e+16
4.953162871193943829e+03 2.671263595002068000e+16
4.953496439977780028e+03 2.671071208091628800e+16
4.953830008761616227e+03 2.670882901348528000e+16
4.954163577545454245e+03 2.670698684375272000e+16
4.954497146329290445e+03 2.670518566580988400e+16
4.954830715113127553e+03 2.670342557181728000e+16
4.955164283896964662e+03 2.670170665200760000e+16
4.955497852680801770e+03 2.670002899468898400e+16
4.955831421464637970e+03 2.669839268624824000e+16
4.956164990248475078e+03 2.669679781115423200e+16
4.956498559032312187e+03 2.669524445196141600e+16
4.956832127816149296e+03 2.669373268931330000e+16
4.957165696599985495e+03 2.669226260194620800e+16
4.957499265383822603e+03 2.669083426669297600e+16
4.957832834167659712e+03 2.668944775848675200e+16
4.958166402951495911e+03 2.668810315036496800e+16
4.958499971735333929e+03 2.668680051347328000e+16
4.958833540519170128e+03 2.668553991706960800e+16
4.959167109303007237e+03 2.668432142852826800e+16
4.959500678086843436e+03 2.668314511334418000e+16
4.959834246870681454e+03 2.668201103513706400e+16
4.960167815654517653e+03 2.668091925565572800e+16
4.960501384438354762e+03 2.667986983478245600e+16
4.960834953222191871e+03 2.667886283053748000e+16
4.961168522006028070e+03 2.667789829908320000e+16
4.961502090789865179e+03 2.667697629472892800e+16
4.961835659573702287e+03 2.667609686993525600e+16
4.962169228357539396e+03 2.667526007531868000e+16
4.962502797141375595e+03 2.667446595965618400e+16
4.962836365925212704e+03 2.667371456988990400e+16
4.963169934709049812e+03 2.667300595113171600e+16
4.963503503492886921e+03 2.667234014666796400e+16
4.963837072276723120e+03 2.667171719796417600e+16
4.964170641060561138e+03 2.667113714466974800e+16
4.964504209844397337e+03 2.667060002462269200e+16
4.964837778628233536e+03 2.667010587385439200e+16
4.965171347412071555e+03 2.666965472659436000e+16
4.965504916195907754e+03 2.666924661527499600e+16
4.965838484979744862e+03 2.666888157053637200e+16
4.966172053763581062e+03 2.666855962123100000e+16
4.966505622547419080e+03 2.666828079442860000e+16
4.966839191331255279e+03 2.666804511542086800e+16
4.967172760115092387e+03 2.666785260772628000e+16
4.967506328898929496e+03 2.666770329309483200e+16
4.967839897682766605e+03 2.666759719151269600e+16
4.968173466466602804e+03 2.666753432120716000e+16
4.968507035250440822e+03 2.666751469865116800e+16
4.968840604034277021e+03 2.666753833856813600e+16
4.969174172818113220e+03 2.666760525393656000e+16
4.969507741601950329e+03 2.666771545599479600e+16
4.969841310385787438e+03 2.666786895424563600e+16
4.970174879169624546e+03 2.666806575646091200e+16
4.970508447953460745e+03 2.666830586868619600e+16
4.970842016737298763e+03 2.666858929524526800e+16
4.971175585521134963e+03 2.666891603874476400e+16
4.971509154304972071e+03 2.666928610007860800e+16
4.971842723088809180e+03 2.666969947843259200e+16
4.972176291872646289e+03 2.667015617128870400e+16
4.972509860656482488e+03 2.667065617442964800e+16
4.972843429440318687e+03 2.667119948194325600e+16
4.973176998224156705e+03 2.667178608622669600e+16
4.973510567007992904e+03 2.667241597799095200e+16
4.973844135791830013e+03 2.667308914626494800e+16
4.974177704575667121e+03 2.667380557839990800e+16
4.974511273359504230e+03 2.667456526007343200e+16
4.974844842143340429e+03 2.667536817529372000e+16
4.975178410927178447e+03 2.667621430640369600e+16
4.975511979711014646e+03 2.667710363408500800e+16
4.975845548494851755e+03 2.667803613736205200e+16
4.976179117278687954e+03 2.667901179360600800e+16
4.976512686062525972e+03 2.668003057853874400e+16
4.976846254846362172e+03 2.668109246623663600e+16
4.977179823630198371e+03 2.668219742913451200e+16
4.977513392414036389e+03 2.668334543802938800e+16
4.977846961197872588e+03 2.668453646208414400e+16
4.978180529981709697e+03 2.668577046883140400e+16
4.978514098765546805e+03 2.668704742417697600e+16
4.978847667549383914e+03 2.668836729240356800e+16
4.979181236333220113e+03 2.668973003617434800e+16
4.979514805117057222e+03 2.669113561653639600e+16
4.979848373900894330e+03 2.669258399292420000e+16
4.980181942684731439e+03 2.669407512316303200e+16
4.980515511468567638e+03 2.669560896347232800e+16
4.980849080252404747e+03 2.669718546846901600e+16
4.981182649036241855e+03 2.669880459117073600e+16
4.981516217820078055e+03 2.670046628299912000e+16
4.981849786603916073e+03 2.670217049378292800e+16
4.982183355387752272e+03 2.670391717176112000e+16
4.982516924171589380e+03 2.670570626358608400e+16
4.982850492955425580e+03 2.670753771432653200e+16
4.983184061739263598e+03 2.670941146747051600e+16
4.983517630523099797e+03 2.671132746492845200e+16
4.983851199306935996e+03 2.671328564703590800e+16
4.984184768090774014e+03 2.671528595255658400e+16
4.984518336874610213e+03 2.671732831868502000e+16
4.984851905658447322e+03 2.671941268104945600e+16
4.985185474442284431e+03 2.672153897371452800e+16
4.985519043226121539e+03 2.672370712918396000e+16
4.985852612009957738e+03 2.672591707840329600e+16
4.986186180793794847e+03 2.672816875076240000e+16
4.986519749577631956e+03 2.673046207409816800e+16
4.986853318361469064e+03 2.673279697469699600e+16
4.987186887145305263e+03 2.673517337729737600e+16
4.987520455929143282e+03 2.673759120509234400e+16
4.987854024712979481e+03 2.674005037973188800e+16
4.988187593496815680e+03 2.674255082132549600e+16
4.988521162280653698e+03 2.674509244844447600e+16
4.988854731064489897e+03 2.674767517812431600e+16
4.989188299848327006e+03 2.675029892586712800e+16
4.989521868632163205e+03 2.675296360564390000e+16
4.989855437416001223e+03 2.675566912989683200e+16
4.990189006199837422e+03 2.675841540954162400e+16
4.990522574983674531e+03 2.676120235396970400e+16
4.990856143767511639e+03 2.676402987105061600e+16
4.991189712551348748e+03 2.676689786713408800e+16
4.991523281335184947e+03 2.676980624705233600e+16
4.991856850119022965e+03 2.677275491412240800e+16
4.992190418902859165e+03 2.677574377014810400e+16
4.992523987686695364e+03 2.677877271542255200e+16
4.992857556470532472e+03 2.678184164873005600e+16
4.993191125254369581e+03 2.678495046734856400e+16
4.993524694038206690e+03 2.678809906705168800e+16
4.993858262822042889e+03 2.679128734211100800e+16
4.994191831605880907e+03 2.679451518529828800e+16
4.994525400389717106e+03 2.679778248788756800e+16
4.994858969173554215e+03 2.680108913965758400e+16
4.995192537957391323e+03 2.680443502889382000e+16
4.995526106741228432e+03 2.680782004239083200e+16
4.995859675525064631e+03 2.681124406545457600e+16
4.996193244308900830e+03 2.681470698190458800e+16
4.996526813092738848e+03 2.681820867407639600e+16
4.996860381876575047e+03 2.682174902282374400e+16
4.997193950660412156e+03 2.682532790752102400e+16
4.997527519444249265e+03 2.682894520606572400e+16
4.997861088228086373e+03 2.683260079488064800e+16
4.998194657011922573e+03 2.683629454891664000e+16
4.998528225795760591e+03 2.684002634165486800e+16
4.998861794579596790e+03 2.684379604510943200e+16
4.999195363363433898e+03 2.684760352983000800e+16
4.999528932147270098e+03 2.685144866490435200e+16
4.999862500931108116e+03 2.685533131796112400e+16
5.000196069714944315e+03 2.685925135517242800e+16
5.000529638498780514e+03 2.686320864125675600e+16
5.000863207282618532e+03 2.686720303948180400e+16
5.001196776066454731e+03 2.687123441166724800e+16
5.001530344850291840e+03 2.687530261818790400e+16
5.001863913634128949e+03 2.687940751797656800e+16
5.002197482417966057e+03 2.688354896852726400e+16
5.002531051201802256e+03 2.688772682589833600e+16
5.002864619985639365e+03 2.689194094471575200e+16
5.003198188769476474e+03 2.689619117817640000e+16
5.003531757553313582e+03 2.690047737805148400e+16
5.003865326337149781e+03 2.690479939469007200e+16
5.004198895120986890e+03 2.690915707702267200e+16
5.004532463904823999e+03 2.691355027256485600e+16
5.004866032688660198e+03 2.691797882742110400e+16
5.005199601472498216e+03 2.692244258628868000e+16
5.005533170256334415e+03 2.692694139246148000e+16
5.005866739040171524e+03 2.693147508783431200e+16
5.006200307824007723e+03 2.693604351290688800e+16
5.006533876607845741e+03 2.694064650678824800e+16
5.006867445391681940e+03 2.694528390720109200e+16
5.007201014175518139e+03 2.694995555048637200e+16
5.007534582959356158e+03 2.695466127160792400e+16
5.007868151743192357e+03 2.695940090415716400e+16
5.008201720527029465e+03 2.696417428035810000e+16
5.008535289310866574e+03 2.696898123107230400e+16
5.008868858094703683e+03 2.697382158580407200e+16
5.009202426878539882e+03 2.697869517270575600e+16
5.009535995662376990e+03 2.698360181858313600e+16
5.009869564446214099e+03 2.698854134890109600e+16
5.010203133230051208e+03 2.699351358778925600e+16
5.010536702013887407e+03 2.699851835804794000e+16
5.010870270797725425e+03 2.700355548115418800e+16
5.011203839581561624e+03 2.700862477726782000e+16
5.011537408365397823e+03 2.701372606523798400e+16
5.011870977149235841e+03 2.701885916260951200e+16
5.012204545933072040e+03 2.702402388562961600e+16
5.012538114716909149e+03 2.702922004925480800e+16
5.012871683500745348e+03 2.703444746715782000e+16
5.013205252284583366e+03 2.703970595173483600e+16
5.013538821068419566e+03 2.704499531411282800e+16
5.013872389852256674e+03 2.705031536415712400e+16
5.014205958636093783e+03 2.705566591047913200e+16
5.014539527419930891e+03 2.706104676044421200e+16
5.014873096203767091e+03 2.706645772017978400e+16
5.015206664987605109e+03 2.707189859458371600e+16
5.015540233771441308e+03 2.707736918733266400e+16
5.015873802555277507e+03 2.708286930089081600e+16
5.016207371339114616e+03 2.708839873651882000e+16
5.016540940122951724e+03 2.709395729428281600e+16
5.016874508906788833e+03 2.709954477306369600e+16
5.017208077690625032e+03 2.710516097056665600e+16
5.017541646474463050e+03 2.711080568333089600e+16
5.017875215258299249e+03 2.711647870673948000e+16
5.018208784042136358e+03 2.712217983502957600e+16
5.018542352825973467e+03 2.712790886130269600e+16
5.018875921609810575e+03 2.713366557753526400e+16
5.019209490393646774e+03 2.713944977458953200e+16
5.019543059177482974e+03 2.714526124222447200e+16
5.019876627961320992e+03 2.715109976910705600e+16
5.020210196745157191e+03 2.715696514282366400e+16
5.020543765528994300e+03 2.716285714989192000e+16
5.020877334312831408e+03 2.716877557577248000e+16
5.021210903096668517e+03 2.717472020488120800e+16
5.021544471880504716e+03 2.718069082060166800e+16
5.021878040664342734e+03 2.718668720529766800e+16
5.022211609448178933e+03 2.719270914032612000e+16
5.022545178232016042e+03 2.719875640605019200e+16
5.022878747015852241e+03 2.720482878185265200e+16
5.023212315799690259e+03 2.721092604614945600e+16
5.023545884583526458e+03 2.721704797640352400e+16
5.023879453367362657e+03 2.722319434913889600e+16
5.024213022151200676e+03 2.722936493995506800e+16
5.024546590935036875e+03 2.723555952354141200e+16
5.024880159718873983e+03 2.724177787369218400e+16
5.025213728502711092e+03 2.724801976332148800e+16
5.025547297286548201e+03 2.725428496447856400e+16
5.025880866070384400e+03 2.726057324836339200e+16
5.026214434854221508e+03 2.726688438534255200e+16
5.026548003638058617e+03 2.727321814496514800e+16
5.026881572421895726e+03 2.727957429597924000e+16
5.027215141205731925e+03 2.728595260634833600e+16
5.027548709989569033e+03 2.729235284326824800e+16
5.027882278773406142e+03 2.729877477318409600e+16
5.028215847557242341e+03 2.730521816180766000e+16
5.028549416341080359e+03 2.731168277413492000e+16
5.028882985124916559e+03 2.731816837446383200e+16
5.029216553908753667e+03 2.732467472641245600e+16
5.029550122692589866e+03 2.733120159293716400e+16
5.029883691476427884e+03 2.733774873635126000e+16
5.030217260260264084e+03 2.734431591834371200e+16
5.030550829044100283e+03 2.735090289999822400e+16
5.030884397827938301e+03 2.735750944181250800e+16
5.031217966611774500e+03 2.736413530371777600e+16
5.031551535395611609e+03 2.737078024509854800e+16
5.031885104179448717e+03 2.737744402481260400e+16
5.032218672963285826e+03 2.738412640121120000e+16
5.032552241747122025e+03 2.739082713215962400e+16
5.032885810530959134e+03 2.739754597505776000e+16
5.033219379314796242e+03 2.740428268686120400e+16
5.033552948098633351e+03 2.741103702410217600e+16
5.033886516882469550e+03 2.741780874291113200e+16
5.034220085666307568e+03 2.742459759903825600e+16
5.034553654450143767e+03 2.743140334787524400e+16
5.034887223233979967e+03 2.743822574447747200e+16
5.035220792017817985e+03 2.744506454358615200e+16
5.035554360801654184e+03 2.745191949965080800e+16
5.035887929585491293e+03 2.745879036685200000e+16
5.036221498369327492e+03 2.746567689912414400e+16
5.036555067153165510e+03 2.747257885017865200e+16
5.036888635937001709e+03 2.747949597352708800e+16
5.037222204720838818e+03 2.748642802250481200e+16
5.037555773504675926e+03 2.749337475029444800e+16
5.037889342288513035e+03 2.750033590994987200e+16
5.038222911072349234e+03 2.750731125442012000e+16
5.038556479856187252e+03 2.751430053657368000e+16
5.038890048640023451e+03 2.752130350922273600e+16
5.039223617423859650e+03 2.752831992514782400e+16
5.039557186207696759e+03 2.753534953712245600e+16
5.039890754991533868e+03 2.754239209793796400e+16
5.040224323775370976e+03 2.754944736042852000e+16
5.040557892559207176e+03 2.755651507749624800e+16
5.040891461343045194e+03 2.756359500213655200e+16
5.041225030126881393e+03 2.757068688746346800e+16
5.041558598910718501e+03 2.757779048673529600e+16
5.041892167694555610e+03 2.758490555338017600e+16
5.042225736478392719e+03 2.759203184102191600e+16
5.042559305262228918e+03 2.759916910350589600e+16
5.042892874046065117e+03 2.760631709492505600e+16
5.043226442829903135e+03 2.761347556964592800e+16
5.043560011613739334e+03 2.762064428233490800e+16
5.043893580397576443e+03 2.762782298798449600e+16
5.044227149181413552e+03 2.763501144193962400e+16
5.044560717965250660e+03 2.764220939992404000e+16
5.044894286749086859e+03 2.764941661806688800e+16
5.045227855532924877e+03 2.765663285292912800e+16
5.045561424316761077e+03 2.766385786153018800e+16
5.045894993100598185e+03 2.767109140137451200e+16
5.046228561884434384e+03 2.767833323047832000e+16
5.046562130668272403e+03 2.768558310739626000e+16
5.046895699452108602e+03 2.769284079124794800e+16
5.047229268235944801e+03 2.770010604174489600e+16
5.047562837019782819e+03 2.770737861921716800e+16
5.047896405803619018e+03 2.771465828463992800e+16
5.048229974587456127e+03 2.772194479966031200e+16
5.048563543371293235e+03 2.772923792662402000e+16
5.048897112155130344e+03 2.773653742860188800e+16
5.049230680938966543e+03 2.774384306941660800e+16
5.049564249722803652e+03 2.775115461366917600e+16
5.049897818506640760e+03 2.775847182676542400e+16
5.050231387290477869e+03 2.776579447494237600e+16
5.050564956074314068e+03 2.777312232529466400e+16
5.050898524858151177e+03 2.778045514580080000e+16
5.051232093641988286e+03 2.778779270534921600e+16
5.051565662425824485e+03 2.779513477376451200e+16
5.051899231209662503e+03 2.780248112183331200e+16
5.052232799993498702e+03 2.780983152133004000e+16
5.052566368777335811e+03 2.781718574504275600e+16
5.052899937561172010e+03 2.782454356679866400e+16
5.053233506345010028e+03 2.783190476148954400e+16
5.053567075128846227e+03 2.783926910509692000e+16
5.053900643912682426e+03 2.784663637471734400e+16
5.054234212696520444e+03 2.785400634858716000e+16
5.054567781480356643e+03 2.786137880610728800e+16
5.054901350264193752e+03 2.786875352786779600e+16
5.055234919048030861e+03 2.787613029567222800e+16
5.055568487831867969e+03 2.788350889256164000e+16
5.055902056615704169e+03 2.789088910283866000e+16
5.056235625399541277e+03 2.789827071209096800e+16
5.056569194183378386e+03 2.790565350721496000e+16
5.056902762967215494e+03 2.791303727643863200e+16
5.057236331751051694e+03 2.792042180934480400e+16
5.057569900534889712e+03 2.792780689689349200e+16
5.057903469318725911e+03 2.793519233144445600e+16
5.058237038102562110e+03 2.794257790677922000e+16
5.058570606886400128e+03 2.794996341812278000e+16
5.058904175670236327e+03 2.795734866216525600e+16
5.059237744454073436e+03 2.796473343708285600e+16
5.059571313237909635e+03 2.797211754255878000e+16
5.059904882021747653e+03 2.797950077980380800e+16
5.060238450805583852e+03 2.798688295157627200e+16
5.060572019589420961e+03 2.799426386220201600e+16
5.060905588373258070e+03 2.800164331759376800e+16
5.061239157157095178e+03 2.800902112527017600e+16
5.061572725940931377e+03 2.801639709437458400e+16
5.061906294724769396e+03 2.802377103569328800e+16
5.062239863508605595e+03 2.803114276167339200e+16
5.062573432292441794e+03 2.803851208644043200e+16
5.062907001076278902e+03 2.804587882581536000e+16
5.063240569860116011e+03 2.805324279733126800e+16
5.063574138643953120e+03 2.806060382024958000e+16
5.063907707427789319e+03 2.806796171557594400e+16
5.064241276211627337e+03 2.807531630607550800e+16
5.064574844995463536e+03 2.808266741628786400e+16
5.064908413779300645e+03 2.809001487254146400e+16
5.065241982563137753e+03 2.809735850296768800e+16
5.065575551346974862e+03 2.810469813751423200e+16
5.065909120130811061e+03 2.811203360795822400e+16
5.066242688914647260e+03 2.811936474791868800e+16
5.066576257698485279e+03 2.812669139286866400e+16
5.066909826482321478e+03 2.813401338014667200e+16
5.067243395266158586e+03 2.814133054896780000e+16
5.067576964049995695e+03 2.814864274043420000e+16
5.067910532833832804e+03 2.815594979754504000e+16
5.068244101617669003e+03 2.816325156520604800e+16
5.068577670401507021e+03 2.817054789023840800e+16
5.068911239185343220e+03 2.817783862138715200e+16
5.069244807969180329e+03 2.818512360932898400e+16
5.069578376753016528e+03 2.819240270667973600e+16
5.069911945536854546e+03 2.819967576800094800e+16
5.070245514320690745e+03 2.820694264980605600e+16
5.070579083104526944e+03 2.821420321056621600e+16
5.070912651888364962e+03 2.822145731071521600e+16
5.071246220672201162e+03 2.822870481265396000e+16
5.071579789456038270e+03 2.823594558075447600e+16
5.071913358239875379e+03 2.824317948136319600e+16
5.072246927023712487e+03 2.825040638280375200e+16
5.072580495807548687e+03 2.825762615537910400e+16
5.072914064591385795e+03 2.826483867137320000e+16
5.073247633375222904e+03 2.827204380505191200e+16
5.073581202159060012e+03 2.827924143266341600e+16
5.073914770942896212e+03 2.828643143243805200e+16
5.074248339726733320e+03 2.829361368458761200e+16
5.074581908510570429e+03 2.830078807130369600e+16
5.074915477294406628e+03 2.830795447675601600e+16
5.075249046078244646e+03 2.831511278708964000e+16
5.075582614862080845e+03 2.832226289042174400e+16
5.075916183645917954e+03 2.832940467683806400e+16
5.076249752429754153e+03 2.833653803838817200e+16
5.076583321213592171e+03 2.834366286908072000e+16
5.076916889997428370e+03 2.835077906487766400e+16
5.077250458781264570e+03 2.835788652368815200e+16
5.077584027565102588e+03 2.836498514536165600e+16
5.077917596348938787e+03 2.837207483168057200e+16
5.078251165132775895e+03 2.837915548635213200e+16
5.078584733916613004e+03 2.838622701499989600e+16
5.078918302700450113e+03 2.839328932515438400e+16
5.079251871484286312e+03 2.840034232624331600e+16
5.079585440268123421e+03 2.840738592958128400e+16
5.079919009051960529e+03 2.841442004835859200e+16
5.080252577835797638e+03 2.842144459762967200e+16
5.080586146619633837e+03 2.842845949430098400e+16
5.080919715403471855e+03 2.843546465711820000e+16
5.081253284187308054e+03 2.844246000665276000e+16
5.081586852971144253e+03 2.844944546528805600e+16
5.081920421754982272e+03 2.845642095720485200e+16
5.082253990538818471e+03 2.846338640836622000e+16
5.082587559322655579e+03 2.847034174650186400e+16
5.082921128106491778e+03 2.847728690109197200e+16
5.083254696890329797e+03 2.848422180335036800e+16
5.083588265674165996e+03 2.849114638620722800e+16
5.083921834458003104e+03 2.849806058429122800e+16
5.084255403241840213e+03 2.850496433391115600e+16
5.084588972025677322e+03 2.851185757303682400e+16
5.084922540809513521e+03 2.851874024127979600e+16
5.085256109593351539e+03 2.852561227987326400e+16
5.085589678377187738e+03 2.853247363165155200e+16
5.085923247161023937e+03 2.853932424102905600e+16
5.086256815944861046e+03 2.854616405397885200e+16
5.086590384728698155e+03 2.855299301801043200e+16
5.086923953512535263e+03 2.855981108214740800e+16
5.087257522296371462e+03 2.856661819690437200e+16
5.087591091080209480e+03 2.857341431426354400e+16
5.087924659864045680e+03 2.858019938765058400e+16
5.088258228647882788e+03 2.858697337191049200e+16
5.088591797431719897e+03 2.859373622328259200e+16
5.088925366215557005e+03 2.860048789937517200e+16
5.089258934999393205e+03 2.860722835913992000e+16
5.089592503783229404e+03 2.861395756284560000e+16
5.089926072567067422e+03 2.862067547205161600e+16
5.090259641350903621e+03 2.862738204958091600e+16
5.090593210134740730e+03 2.863407725949267200e+16
5.090926778918577838e+03 2.864076106705455600e+16
5.091260347702414947e+03 2.864743343871441200e+16
5.091593916486251146e+03 2.865409434207198400e+16
5.091927485270089164e+03 2.866074374584981600e+16
5.092261054053925363e+03 2.866738161986414800e+16
5.092594622837762472e+03 2.867400793499534400e+16
5.092928191621598671e+03 2.868062266315792000e+16
5.093261760405436689e+03 2.868722577727040000e+16
5.093595329189272888e+03 2.869381725122472800e+16
5.093928897973109088e+03 2.870039705985553600e+16
5.094262466756947106e+03 2.870696517890890000e+16
5.094596035540783305e+03 2.871352158501108000e+16
5.094929604324620414e+03 2.872006625563675200e+16
5.095263173108457522e+03 2.872659916907724800e+16
5.095596741892294631e+03 2.873312030440820800e+16
5.095930310676130830e+03 2.873962964145738400e+16
5.096263879459967939e+03 2.874612716077192800e+16
5.096597448243805047e+03 2.875261284358564000e+16
5.096931017027642156e+03 2.875908667178586000e+16
5.097264585811478355e+03 2.876554862788036800e+16
5.097598154595315464e+03 2.877199869496400400e+16
5.097931723379152572e+03 2.877843685668505200e+16
5.098265292162988771e+03 2.878486309721165600e+16
5.098598860946826790e+03 2.879127740119795200e+16
5.098932429730662989e+03 2.879767975375006400e+16
5.099265998514500097e+03 2.880407014039208800e+16
5.099599567298336297e+03 2.881044854703196000e+16
5.099933136082174315e+03 2.881681495992709200e+16
5.100266704866010514e+03 2.882316936565009600e+16
5.100600273649846713e+03 2.882951175105430400e+16
5.100933842433684731e+03 2.883584210323943200e+16
5.101267411217520930e+03 2.884216040951686400e+16
5.101600980001358039e+03 2.884846665737528000e+16
5.101934548785195148e+03 2.885476083444604000e+16
5.102268117569032256e+03 2.886104292846851600e+16
5.102601686352868455e+03 2.886731292725564800e+16
5.102935255136705564e+03 2.887357081865932000e+16
5.103268823920542673e+03 2.887981659053586400e+16
5.103602392704379781e+03 2.888605023071148000e+16
5.103935961488215980e+03 2.889227172694795200e+16
5.104269530272053998e+03 2.889848106690811200e+16
5.104603099055890198e+03 2.890467823812167200e+16
5.104936667839726397e+03 2.891086322795087200e+16
5.105270236623564415e+03 2.891703602355653200e+16
5.105603805407400614e+03 2.892319661186386400e+16
5.105937374191237723e+03 2.892934497952875200e+16
5.106270942975073922e+03 2.893548111290384800e+16
5.106604511758911940e+03 2.894160499800513600e+16
5.106938080542748139e+03 2.894771662047832800e+16
5.107271649326585248e+03 2.895381596556562800e+16
5.107605218110422356e+03 2.895990301807269200e+16
5.107938786894259465e+03 2.896597776233560800e+16
5.108272355678095664e+03 2.897204018218826400e+16
5.108605924461933682e+03 2.897809026092988400e+16
5.108939493245769881e+03 2.898412798129258400e+16
5.109273062029606081e+03 2.899015332540949200e+16
5.109606630813443189e+03 2.899616627478289200e+16
5.109940199597280298e+03 2.900216681025269600e+16
5.110273768381117407e+03 2.900815491196512000e+16
5.110607337164953606e+03 2.901413055934176800e+16
5.110940905948791624e+03 2.902009373104884800e+16
5.111274474732627823e+03 2.902604440496680000e+16
5.111608043516464932e+03 2.903198255816016000e+16
5.111941612300302040e+03 2.903790816684787200e+16
5.112275181084139149e+03 2.904382120637361600e+16
5.112608749867975348e+03 2.904972165117694000e+16
5.112942318651811547e+03 2.905560947476431200e+16
5.113275887435649565e+03 2.906148464968080000e+16
5.113609456219485764e+03 2.906734714748191200e+16
5.113943025003322873e+03 2.907319693870604800e+16
5.114276593787159982e+03 2.907903399284720800e+16
5.114610162570997090e+03 2.908485827832792400e+16
5.114943731354833290e+03 2.909066976247300000e+16
5.115277300138671308e+03 2.909646841148332400e+16
5.115610868922507507e+03 2.910225419041014000e+16
5.115944437706344615e+03 2.910802706313001600e+16
5.116278006490180815e+03 2.911378699231985600e+16
5.116611575274018833e+03 2.911953393943270000e+16
5.116945144057855032e+03 2.912526786467374400e+16
5.117278712841691231e+03 2.913098872697701200e+16
5.117612281625529249e+03 2.913669648398230400e+16
5.117945850409365448e+03 2.914239109201275600e+16
5.118279419193202557e+03 2.914807250605290000e+16
5.118612987977039666e+03 2.915374067972712800e+16
5.118946556760876774e+03 2.915939556527864800e+16
5.119280125544712973e+03 2.916503711354911200e+16
5.119613694328550082e+03 2.917066527395856000e+16
5.119947263112387191e+03 2.917627999448597600e+16
5.120280831896224299e+03 2.918188122165040000e+16
5.120614400680060498e+03 2.918746890049253200e+16
5.120947969463897607e+03 2.919304297455686000e+16
5.121281538247734716e+03 2.919860338587436000e+16
5.121615107031570915e+03 2.920415007494580400e+16
5.121948675815408933e+03 2.920968298072557600e+16
5.122282244599245132e+03 2.921520204060589600e+16
5.122615813383082241e+03 2.922070719040204000e+16
5.122949382166918440e+03 2.922619836433759600e+16
5.123282950950756458e+03 2.923167549503078400e+16
5.123616519734592657e+03 2.923713851348101600e+16
5.123950088518428856e+03 2.924258734905620400e+16
5.124283657302266874e+03 2.924802192948074000e+16
5.124617226086103074e+03 2.925344218082383200e+16
5.124950794869940182e+03 2.925884802748868000e+16
5.125284363653776381e+03 2.926423939220219200e+16
5.125617932437614400e+03 2.926961619600522000e+16
5.125951501221450599e+03 2.927497835824351200e+16
5.126285070005287707e+03 2.928032579655930000e+16
5.126618638789124816e+03 2.928565842688349200e+16
5.126952207572961925e+03 2.929097616342830400e+16
5.127285776356798124e+03 2.929627891868096000e+16
5.127619345140636142e+03 2.930156660339754400e+16
5.127952913924472341e+03 2.930683912659774000e+16
5.128286482708308540e+03 2.931209639556032000e+16
5.128620051492145649e+03 2.931733831581892800e+16
5.128953620275982757e+03 2.932256479115888800e+16
5.129287189059819866e+03 2.932777572361436000e+16
5.129620757843656065e+03 2.933297101346632000e+16
5.129954326627494083e+03 2.933815055924118000e+16
5.130287895411330283e+03 2.934331425770992800e+16
5.130621464195167391e+03 2.934846200388806000e+16
5.130955032979004500e+03 2.935359369103621600e+16
5.131288601762841608e+03 2.935870921066116800e+16
5.131622170546677808e+03 2.936380845251792800e+16
5.131955739330514007e+03 2.936889130461204800e+16
5.132289308114352025e+03 2.937395765320299200e+16
5.132622876898188224e+03 2.937900738280775600e+16
5.132956445682025333e+03 2.938404037620559200e+16
5.133290014465862441e+03 2.938905651444302400e+16
5.133623583249699550e+03 2.939405567683966400e+16
5.133957152033535749e+03 2.939903774099476400e+16
5.134290720817373767e+03 2.940400258279432000e+16
5.134624289601209966e+03 2.940895007641888800e+16
5.134957858385047075e+03 2.941388009435196800e+16
5.135291427168883274e+03 2.941879250738924800e+16
5.135624995952721292e+03 2.942368718464828000e+16
5.135958564736557491e+03 2.942856399357890000e+16
5.136292133520393691e+03 2.943342279997434800e+16
5.136625702304231709e+03 2.943826346798307200e+16
5.136959271088067908e+03 2.944308586012091200e+16
5.137292839871905016e+03 2.944788983728437200e+16
5.137626408655742125e+03 2.945267525876411200e+16
5.137959977439579234e+03 2.945744198225934400e+16
5.138293546223415433e+03 2.946218986389288000e+16
5.138627115007252542e+03 2.946691875822655600e+16
5.138960683791089650e+03 2.947162851827768400e+16
5.139294252574926759e+03 2.947631899553566800e+16
5.139627821358762958e+03 2.948099003997978800e+16
5.139961390142600976e+03 2.948564150009717600e+16
5.140294958926437175e+03 2.949027322290155200e+16
5.140628527710273374e+03 2.949488505395267200e+16
5.140962096494111393e+03 2.949947683737628800e+16
5.141295665277947592e+03 2.950404841588473600e+16
5.141629234061784700e+03 2.950859963079816000e+16
5.141962802845620899e+03 2.951313032206634800e+16
5.142296371629458918e+03 2.951764032829111200e+16
5.142629940413295117e+03 2.952212948674922000e+16
5.142963509197132225e+03 2.952659763341616400e+16
5.143297077980969334e+03 2.953104460299015200e+16
5.143630646764806443e+03 2.953547022891696000e+16
5.143964215548642642e+03 2.953987434341524800e+16
5.144297784332479750e+03 2.954425677750245600e+16
5.144631353116316859e+03 2.954861736102117600e+16
5.144964921900153058e+03 2.955295592266628800e+16
5.145298490683990167e+03 2.955727229001240000e+16
5.145632059467827276e+03 2.956156628954204800e+16
5.145965628251664384e+03 2.956583774667423600e+16
5.146299197035500583e+03 2.957008648579364800e+16
5.146632765819338601e+03 2.957431233028036000e+16
5.146966334603174801e+03 2.957851510253996000e+16
5.147299903387011000e+03 2.958269462403430800e+16
5.147633472170849018e+03 2.958685071531283200e+16
5.147967040954685217e+03 2.959098319604402800e+16
5.148300609738522326e+03 2.959509188504779600e+16
5.148634178522358525e+03 2.959917660032808800e+16
5.148967747306196543e+03 2.960323715910601600e+16
5.149301316090032742e+03 2.960727337785339600e+16
5.149634884873869851e+03 2.961128507232696000e+16
5.149968453657706959e+03 2.961527205760262400e+16
5.150302022441544068e+03 2.961923414811058000e+16
5.150635591225380267e+03 2.962317115767062400e+16
5.150969160009218285e+03 2.962708289952781200e+16
5.151302728793054484e+03 2.963096918638882000e+16
5.151636297576890684e+03 2.963482983045834000e+16
5.151969866360727792e+03 2.963866464347617200e+16
5.152303435144564901e+03 2.964247343675452400e+16
5.152637003928402009e+03 2.964625602121568800e+16
5.152970572712238209e+03 2.965001220743019200e+16
5.153304141496076227e+03 2.965374180565517600e+16
5.153637710279912426e+03 2.965744462587312000e+16
5.153971279063749535e+03 2.966112047783101600e+16
5.154304847847586643e+03 2.966476917107970800e+16
5.154638416631423752e+03 2.966839051501363600e+16
5.154971985415259951e+03 2.967198431891084800e+16
5.155305554199096150e+03 2.967555039197328000e+16
5.155639122982934168e+03 2.967908854336738000e+16
5.155972691766770367e+03 2.968259858226482400e+16
5.156306260550607476e+03 2.968608031788374000e+16
5.156639829334444585e+03 2.968953355952996800e+16
5.156973398118281693e+03 2.969295811663857200e+16
5.157306966902117892e+03 2.969635379881568800e+16
5.157640535685955911e+03 2.969972041588049600e+16
5.157974104469792110e+03 2.970305777790725200e+16
5.158307673253629218e+03 2.970636569526785600e+16
5.158641242037465418e+03 2.970964397867414800e+16
5.158974810821303436e+03 2.971289243922076800e+16
5.159308379605139635e+03 2.971611088842779600e+16
5.159641948388975834e+03 2.971929913828383600e+16
5.159975517172813852e+03 2.972245700128903200e+16
5.160309085956650051e+03 2.972558429049816800e+16
5.160642654740487160e+03 2.972868081956401600e+16
5.160976223524324269e+03 2.973174640278068800e+16
5.161309792308161377e+03 2.973478085512689600e+16
5.161643361091997576e+03 2.973778399230965200e+16
5.161976929875834685e+03 2.974075563080748800e+16
5.162310498659671794e+03 2.974369558791423200e+16
5.162644067443508902e+03 2.974660368178237600e+16
5.162977636227345101e+03 2.974947973146666400e+16
5.163311205011183119e+03 2.975232355696770400e+16
5.163644773795019319e+03 2.975513497927533200e+16
5.163978342578855518e+03 2.975791382041213200e+16
5.164311911362693536e+03 2.976065990347688800e+16
5.164645480146529735e+03 2.976337305268779200e+16
5.164979048930366844e+03 2.976605309342587200e+16
5.165312617714203043e+03 2.976869985227800800e+16
5.165646186498041061e+03 2.977131315708011200e+16
5.165979755281877260e+03 2.977389283695986000e+16
5.166313324065714369e+03 2.977643872237976400e+16
5.166646892849551477e+03 2.977895064517954400e+16
5.166980461633388586e+03 2.978142843861880800e+16
5.167314030417224785e+03 2.978387193741926000e+16
5.167647599201061894e+03 2.978628097780684800e+16
5.167981167984899002e+03 2.978865539755363200e+16
5.168314736768735202e+03 2.979099503601953600e+16
5.168648305552572310e+03 2.979329973419378400e+16
5.168981874336409419e+03 2.979556933473604800e+16
5.169315443120246528e+03 2.979780368201750400e+16
5.169649011904082727e+03 2.980000262216146800e+16
5.169982580687920745e+03 2.980216600308378800e+16
5.170316149471756944e+03 2.980429367453288800e+16
5.170649718255593143e+03 2.980638548812969600e+16
5.170983287039431161e+03 2.980844129740694400e+16
5.171316855823267360e+03 2.981046095784836800e+16
5.171650424607104469e+03 2.981244432692743200e+16
5.171983993390940668e+03 2.981439126414577600e+16
5.172317562174778686e+03 2.981630163107120000e+16
5.172651130958614885e+03 2.981817529137524000e+16
5.172984699742451994e+03 2.982001211087053200e+16
5.173318268526289103e+03 2.982181195754742400e+16
5.173651837310126211e+03 2.982357470161053600e+16
5.173985406093962411e+03 2.982530021551457600e+16
5.174318974877800429e+03 2.982698837399987200e+16
5.174652543661636628e+03 2.982863905412734400e+16
5.174986112445472827e+03 2.983025213531305200e+16
5.175319681229309936e+03 2.983182749936225200e+16
5.175653250013147044e+03 2.983336503050296400e+16
5.175986818796984153e+03 2.983486461541886000e+16
5.176320387580820352e+03 2.983632614328194400e+16
5.176653956364658370e+03 2.983774950578440800e+16
5.176987525148494569e+03 2.983913459717006000e+16
5.177321093932331678e+03 2.984048131426520400e+16
5.177654662716168787e+03 2.984178955650890800e+16
5.177988231500005895e+03 2.984305922598271200e+16
5.178321800283842094e+03 2.984429022743975200e+16
5.178655369067678294e+03 2.984548246833329600e+16
5.178988937851516312e+03 2.984663585884461600e+16
5.179322506635352511e+03 2.984775031191027200e+16
5.179656075419189619e+03 2.984882574324882800e+16
5.179989644203026728e+03 2.984986207138679200e+16
5.180323212986863837e+03 2.985085921768406000e+16
5.180656781770700036e+03 2.985181710635858000e+16
5.180990350554538054e+03 2.985273566451047200e+16
5.181323919338374253e+03 2.985361482214529600e+16
5.181657488122211362e+03 2.985445451219690400e+16
5.181991056906047561e+03 2.985525467054928400e+16
5.182324625689885579e+03 2.985601523605804800e+16
5.182658194473721778e+03 2.985673615057084800e+16
5.182991763257557977e+03 2.985741735894750000e+16
5.183325332041395995e+03 2.985805880907899200e+16
5.183658900825232195e+03 2.985866045190604000e+16
5.183992469609069303e+03 2.985922224143680800e+16
5.184326038392906412e+03 2.985974413476390400e+16
5.184659607176743521e+03 2.986022609208063600e+16
5.184993175960579720e+03 2.986066807669656000e+16
5.185326744744416828e+03 2.986107005505222800e+16
5.185660313528253937e+03 2.986143199673317200e+16
5.185993882312091046e+03 2.986175387448322800e+16
5.186327451095927245e+03 2.986203566421700000e+16
5.186661019879765263e+03 2.986227734503156400e+16
5.186994588663601462e+03 2.986247889921748800e+16
5.187328157447437661e+03 2.986264031226893600e+16
5.187661726231275679e+03 2.986276157289321600e+16
5.187995295015111878e+03 2.986284267301921600e+16
5.188328863798948987e+03 2.986288360780553600e+16
5.188662432582785186e+03 2.986288437564729600e+16
5.188996001366623204e+03 2.986284497818268000e+16
5.189329570150459404e+03 2.986276542029822000e+16
5.189663138934296512e+03 2.986264571013374400e+16
5.189996707718133621e+03 2.986248585908622000e+16
5.190330276501970729e+03 2.986228588181287200e+16
5.190663845285806929e+03 2.986204579623377600e+16
5.190997414069644037e+03 2.986176562353326400e+16
5.191330982853481146e+03 2.986144538816080000e+16
5.191664551637317345e+03 2.986108511783114400e+16
5.191998120421154454e+03 2.986068484352349200e+16
5.192331689204991562e+03 2.986024459948004000e+16
5.192665257988828671e+03 2.985976442320374400e+16
5.192998826772664870e+03 2.985924435545518800e+16
5.193332395556502888e+03 2.985868444024888800e+16
5.193665964340339087e+03 2.985808472484864800e+16
5.193999533124175287e+03 2.985744525976227200e+16
5.194333101908013305e+03 2.985676609873550400e+16
5.194666670691849504e+03 2.985604729874512800e+16
5.195000239475686612e+03 2.985528891999154800e+16
5.195333808259522812e+03 2.985449102589029600e+16
5.195667377043360830e+03 2.985365368306317600e+16
5.196000945827197029e+03 2.985277696132832800e+16
5.196334514611034137e+03 2.985186093368989600e+16
5.196668083394871246e+03 2.985090567632671200e+16
5.197001652178708355e+03 2.984991126858044800e+16
5.197335220962544554e+03 2.984887779294299200e+16
5.197668789746382572e+03 2.984780533504319200e+16
5.198002358530218771e+03 2.984669398363280000e+16
5.198335927314054970e+03 2.984554383057187200e+16
5.198669496097892079e+03 2.984435497081344400e+16
5.199003064881729188e+03 2.984312750238752800e+16
5.199336633665566296e+03 2.984186152638446800e+16
5.199670202449402495e+03 2.984055714693771200e+16
5.200003771233240514e+03 2.983921447120584800e+16
5.200337340017076713e+03 2.983783360935420800e+16
5.200670908800913821e+03 2.983641467453553200e+16
5.201004477584750930e+03 2.983495778287048800e+16
5.201338046368588039e+03 2.983346305342712000e+16
5.201671615152424238e+03 2.983193060820010000e+16
5.202005183936260437e+03 2.983036057208922800e+16
5.202338752720098455e+03 2.982875307287740800e+16
5.202672321503934654e+03 2.982710824120804800e+16
5.203005890287771763e+03 2.982542621056204000e+16
5.203339459071608871e+03 2.982370711723417600e+16
5.203673027855445980e+03 2.982195110030888000e+16
5.204006596639282179e+03 2.982015830163575200e+16
5.204340165423120197e+03 2.981832886580445600e+16
5.204673734206956397e+03 2.981646294011904000e+16
5.205007302990793505e+03 2.981456067457216000e+16
5.205340871774629704e+03 2.981262222181835200e+16
5.205674440558467722e+03 2.981064773714738800e+16
5.206008009342303922e+03 2.980863737845683200e+16
5.206341578126140121e+03 2.980659130622444000e+16
5.206675146909978139e+03 2.980450968348003200e+16
5.207008715693814338e+03 2.980239267577709200e+16
5.207342284477651447e+03 2.980024045116388800e+16
5.207675853261488555e+03 2.979805318015444000e+16
5.208009422045325664e+03 2.979583103569893600e+16
5.208342990829161863e+03 2.979357419315402400e+16
5.208676559612998972e+03 2.979128283025268000e+16
5.209010128396836080e+03 2.978895712707388800e+16
5.209343697180673189e+03 2.978659726601193600e+16
5.209677265964509388e+03 2.978420343174564800e+16
5.210010834748347406e+03 2.978177581120714000e+16
5.210344403532183605e+03 2.977931459355054000e+16
5.210677972316019805e+03 2.977681997012035200e+16
5.211011541099857823e+03 2.977429213441988800e+16
5.211345109883694022e+03 2.977173128207916000e+16
5.211678678667531130e+03 2.976913761082287200e+16
5.212012247451367330e+03 2.976651132043822800e+16
5.212345816235205348e+03 2.976385261274251200e+16
5.212679385019041547e+03 2.976116169155064800e+16
5.213012953802878656e+03 2.975843876264258000e+16
5.213346522586715764e+03 2.975568403373071200e+16
5.213680091370552873e+03 2.975289771442704000e+16
5.214013660154389072e+03 2.975008001621051200e+16
5.214347228938226181e+03 2.974723115239412800e+16
5.214680797722063289e+03 2.974435133809208800e+16
5.215014366505899488e+03 2.974144079018700000e+16
5.215347935289736597e+03 2.973849972729697600e+16
5.215681504073573706e+03 2.973552836974283600e+16
5.216015072857410814e+03 2.973252693951528800e+16
5.216348641641247013e+03 2.972949566024224000e+16
5.216682210425085032e+03 2.972643475715612800e+16
5.217015779208921231e+03 2.972334445706124400e+16
5.217349347992757430e+03 2.972022498830132000e+16
5.217682916776595448e+03 2.971707658072712800e+16
5.218016485560431647e+03 2.971389946566408800e+16
5.218350054344268756e+03 2.971069387588040400e+16
5.218683623128104955e+03 2.970746004555477200e+16
5.219017191911942973e+03 2.970419821024480800e+16
5.219350760695779172e+03 2.970090860685521200e+16
5.219684329479616281e+03 2.969759147360647200e+16
5.220017898263453390e+03 2.969424705000356400e+16
5.220351467047290498e+03 2.969087557680480800e+16
5.220685035831126697e+03 2.968747729599126000e+16
5.221018604614964715e+03 2.968405245073597600e+16
5.221352173398800915e+03 2.968060128537380000e+16
5.221685742182637114e+03 2.967712404537128000e+16
5.222019310966474222e+03 2.967362097729688000e+16
5.222352879750311331e+03 2.967009232879155200e+16
5.222686448534148440e+03 2.966653834853941600e+16
5.223020017317984639e+03 2.966295928623911200e+16
5.223353586101822657e+03 2.965935539257502000e+16
5.223687154885658856e+03 2.965572691918913200e+16
5.224020723669495965e+03 2.965207411865317200e+16
5.224354292453333073e+03 2.964839724444105200e+16
5.224687861237170182e+03 2.964469655090168800e+16
5.225021430021006381e+03 2.964097229323217200e+16
5.225354998804842580e+03 2.963722472745142400e+16
5.225688567588680598e+03 2.963345411037404000e+16
5.226022136372516798e+03 2.962966069958477200e+16
5.226355705156353906e+03 2.962584475341312000e+16
5.226689273940191015e+03 2.962200653090870800e+16
5.227022842724028123e+03 2.961814629181666400e+16
5.227356411507864323e+03 2.961426429655377200e+16
5.227689980291702341e+03 2.961036080618490400e+16
5.228023549075538540e+03 2.960643608239981600e+16
5.228357117859375649e+03 2.960249038749052800e+16
5.228690686643211848e+03 2.959852398432913600e+16
5.229024255427049866e+03 2.959453713634600400e+16
5.229357824210886065e+03 2.959053010750842400e+16
5.229691392994722264e+03 2.958650316229987200e+16
5.230024961778560282e+03 2.958245656569954400e+16
5.230358530562396481e+03 2.957839058316252000e+16
5.230692099346233590e+03 2.957430548060032800e+16
5.231025668130070699e+03 2.957020152436197600e+16
5.231359236913907807e+03 2.956607898121557200e+16
5.231692805697744006e+03 2.956193811833023200e+16
5.232026374481581115e+03 2.955777920325880800e+16
5.232359943265418224e+03 2.955360250392070400e+16
5.232693512049255332e+03 2.954940828858547200e+16
5.233027080833091532e+03 2.954519682585681600e+16
5.233360649616929550e+03 2.954096838465710800e+16
5.233694218400765749e+03 2.953672323421235200e+16
5.234027787184601948e+03 2.953246164403763200e+16
5.234361355968439966e+03 2.952818388392327200e+16
5.234694924752276165e+03 2.952389022392106400e+16
5.235028493536113274e+03 2.951958093433151200e+16
5.235362062319949473e+03 2.951525628569108000e+16
5.235695631103787491e+03 2.951091654876038000e+16
5.236029199887623690e+03 2.950656199451242400e+16
5.236362768671460799e+03 2.950219289412166400e+16
5.236696337455297908e+03 2.949780951895352000e+16
5.237029906239135016e+03 2.949341214055410400e+16
5.237363475022971215e+03 2.948900103064078000e+16
5.237697043806808324e+03 2.948457646109302400e+16
5.238030612590645433e+03 2.948013870394368000e+16
5.238364181374481632e+03 2.947568803137089200e+16
5.238697750158318740e+03 2.947122471569037600e+16
5.239031318942155849e+03 2.946674902934810400e+16
5.239364887725992958e+03 2.946226124491357600e+16
5.239698456509829157e+03 2.945776163507349600e+16
5.240032025293667175e+03 2.945325047262588000e+16
5.240365594077503374e+03 2.944872803047448000e+16
5.240699162861339573e+03 2.944419458162399200e+16
5.241032731645177591e+03 2.943965039917528800e+16
5.241366300429013791e+03 2.943509575632130800e+16
5.241699869212850899e+03 2.943053092634333600e+16
5.242033437996687098e+03 2.942595618260764400e+16
5.242367006780525116e+03 2.942137179856258800e+16
5.242700575564361316e+03 2.941677804773592800e+16
5.243034144348198424e+03 2.941217520373289200e+16
5.243367713132035533e+03 2.940756354023422400e+16
5.243701281915872642e+03 2.940294333099480800e+16
5.244034850699708841e+03 2.939831484984269600e+16
5.244368419483546859e+03 2.939367837067832800e+16
5.244701988267383058e+03 2.938903416747422400e+16
5.245035557051219257e+03 2.938438251427498400e+16
5.245369125835056366e+03 2.937972368519757600e+16
5.245702694618893474e+03 2.937505795443200000e+16
5.246036263402730583e+03 2.937038559624214400e+16
5.246369832186566782e+03 2.936570688496716000e+16
5.246703400970404800e+03 2.936102209502289600e+16
5.247036969754240999e+03 2.935633150090367200e+16
5.247370538538078108e+03 2.935163537718449600e+16
5.247704107321915217e+03 2.934693399852322400e+16
5.248037676105752325e+03 2.934222763966326400e+16
5.248371244889588525e+03 2.933751657543633600e+16
5.248704813673424724e+03 2.933280108076557600e+16
5.249038382457262742e+03 2.932808143066872400e+16
5.249371951241098941e+03 2.932335790026161600e+16
5.249705520024936050e+03 2.931863076476188000e+16
5.250039088808773158e+03 2.931390029949276400e+16
5.250372657592610267e+03 2.930916677988714400e+16
5.250706226376446466e+03 2.930443048149172000e+16
5.251039795160284484e+03 2.929969167997138400e+16
5.251373363944120683e+03 2.929495065111357200e+16
5.251706932727957792e+03 2.929020767083307200e+16
5.252040501511793991e+03 2.928546301517648000e+16
5.252374070295632009e+03 2.928071696032731200e+16
5.252707639079468208e+03 2.927596978261070400e+16
5.253041207863304408e+03 2.927122175849852000e+16
5.253374776647142426e+03 2.926647316461442400e+16
5.253708345430978625e+03 2.926172427773896000e+16
5.254041914214815733e+03 2.925697537481484000e+16
5.254375482998652842e+03 2.925222673295212400e+16
5.254709051782489951e+03 2.924747862943344000e+16
5.255042620566326150e+03 2.924273134171934000e+16
5.255376189350163258e+03 2.923798514745352000e+16
5.255709758134000367e+03 2.923324032446810400e+16
5.256043326917837476e+03 2.922849715078893200e+16
5.256376895701673675e+03 2.922375590464080800e+16
5.256710464485511693e+03 2.921901686445259600e+16
5.257044033269347892e+03 2.921428030886251200e+16
5.257377602053184091e+03 2.920954651672306400e+16
5.257711170837022109e+03 2.920481576710624800e+16
5.258044739620858309e+03 2.920008833930830400e+16
5.258378308404695417e+03 2.919536451285470000e+16
5.258711877188531616e+03 2.919064456750482400e+16
5.259045445972369635e+03 2.918592878325661200e+16
5.259379014756205834e+03 2.918121744035114800e+16
5.259712583540042942e+03 2.917651081927692800e+16
5.260046152323880051e+03 2.917180920077425600e+16
5.260379721107717160e+03 2.916711286583919200e+16
5.260713289891553359e+03 2.916242209572763200e+16
5.261046858675390467e+03 2.915773717195905600e+16
5.261380427459227576e+03 2.915305837632000000e+16
5.261713996243063775e+03 2.914838599086765600e+16
5.262047565026900884e+03 2.914372029793295600e+16
5.262381133810737992e+03 2.913906158012372000e+16
5.262714702594575101e+03 2.913441012032724000e+16
5.263048271378411300e+03 2.912976620171314400e+16
5.263381840162249318e+03 2.912513010773557200e+16
5.263715408946085518e+03 2.912050212213532000e+16
5.264048977729921717e+03 2.911588252894180800e+16
5.264382546513759735e+03 2.911127161247464000e+16
5.264716115297595934e+03 2.910666965734497600e+16
5.265049684081433043e+03 2.910207694845668800e+16
5.265383252865269242e+03 2.909749377100719200e+16
5.265716821649107260e+03 2.909292041048803200e+16
5.266050390432943459e+03 2.908835715268502800e+16
5.266383959216780568e+03 2.908380428367848800e+16
5.266717528000617676e+03 2.907926208984271600e+16
5.267051096784454785e+03 2.907473085784549600e+16
5.267384665568290984e+03 2.907021087464715600e+16
5.267718234352129002e+03 2.906570242749938800e+16
5.268051803135965201e+03 2.906120580394358400e+16
5.268385371919801401e+03 2.905672129180913600e+16
5.268718940703638509e+03 2.905224917921115600e+16
5.269052509487475618e+03 2.904778975454790000e+16
5.269386078271312726e+03 2.904334330649807200e+16
5.269719647055148926e+03 2.903891012401746400e+16
5.270053215838986944e+03 2.903449049633556000e+16
5.270386784622823143e+03 2.903008471295153200e+16
5.270720353406660251e+03 2.902569306363011200e+16
5.271053922190497360e+03 2.902131583839695600e+16
5.271387490974334469e+03 2.901695332753369600e+16
5.271721059758170668e+03 2.901260582157272000e+16
5.272054628542006867e+03 2.900827361129144000e+16
5.272388197325844885e+03 2.900395698770631200e+16
5.272721766109681084e+03 2.899965624206644400e+16
5.273055334893518193e+03 2.899537166584692000e+16
5.273388903677355302e+03 2.899110355074162000e+16
5.273722472461192410e+03 2.898685218865570400e+16
5.274056041245028609e+03 2.898261787169794000e+16
5.274389610028866628e+03 2.897840089217234400e+16
5.274723178812702827e+03 2.897420154256963200e+16
5.275056747596539935e+03 2.897002011555830400e+16
5.275390316380376134e+03 2.896585690397529600e+16
5.275723885164214153e+03 2.896171220081632800e+16
5.276057453948050352e+03 2.895758629922579200e+16
5.276391022731886551e+03 2.895347949248637600e+16
5.276724591515724569e+03 2.894939207400827200e+16
5.277058160299560768e+03 2.894532433731795200e+16
5.277391729083397877e+03 2.894127657604674400e+16
5.277725297867234985e+03 2.893724908391883600e+16
5.278058866651072094e+03 2.893324215473912800e+16
5.278392435434908293e+03 2.892925608238052800e+16
5.278726004218745402e+03 2.892529116077106400e+16
5.279059573002582511e+03 2.892134768388050000e+16
5.279393141786419619e+03 2.891742594570663600e+16
5.279726710570255818e+03 2.891352624026135200e+16
5.280060279354093836e+03 2.890964886155616800e+16
5.280393848137930036e+03 2.890579410358751200e+16
5.280727416921766235e+03 2.890196226032163200e+16
5.281060985705604253e+03 2.889815362567925600e+16
5.281394554489440452e+03 2.889436849351974400e+16
5.281728123273277561e+03 2.889060715762506400e+16
5.282061692057113760e+03 2.888686991168332800e+16
5.282395260840951778e+03 2.888315704927209200e+16
5.282728829624787977e+03 2.887946886384125600e+16
5.283062398408625086e+03 2.887580564869564000e+16
5.283395967192462194e+03 2.887216769697742400e+16
5.283729535976299303e+03 2.886855530164788400e+16
5.284063104760135502e+03 2.886496875546934400e+16
5.284396673543972611e+03 2.886140835098636800e+16
5.284730242327809719e+03 2.885787438050686400e+16
5.285063811111645919e+03 2.885436713608292800e+16
5.285397379895483027e+03 2.885088690949126400e+16
5.285730948679320136e+03 2.884743399221349600e+16
5.286064517463157244e+03 2.884400867541590800e+16
5.286398086246993444e+03 2.884061124992933200e+16
5.286731655030831462e+03 2.883724200622837600e+16
5.287065223814667661e+03 2.883390123441056800e+16
5.287398792598503860e+03 2.883058922417526400e+16
5.287732361382341878e+03 2.882730626480221600e+16
5.288065930166178077e+03 2.882405264512993200e+16
5.288399498950015186e+03 2.882082865353379600e+16
5.288733067733851385e+03 2.881763457790395200e+16
5.289066636517689403e+03 2.881447070562294800e+16
5.289400205301525602e+03 2.881133732354310800e+16
5.289733774085362711e+03 2.880823471796376800e+16
5.290067342869199820e+03 2.880516317460826000e+16
5.290400911653036928e+03 2.880212297860062800e+16
5.290734480436873127e+03 2.879911441444220000e+16
5.291068049220711146e+03 2.879613776598803200e+16
5.291401618004547345e+03 2.879319331642290400e+16
5.291735186788383544e+03 2.879028134823747200e+16
5.292068755572220653e+03 2.878740214320394400e+16
5.292402324356057761e+03 2.878455598235174800e+16
5.292735893139894870e+03 2.878174314594290000e+16
5.293069461923731069e+03 2.877896391344741600e+16
5.293403030707569087e+03 2.877621856351830000e+16
5.293736599491405286e+03 2.877350737396655200e+16
5.294070168275242395e+03 2.877083062173600000e+16
5.294403737059078594e+03 2.876818858287789600e+16
5.294737305842916612e+03 2.876558153252553600e+16
5.295070874626752811e+03 2.876300974486854800e+16
5.295404443410589010e+03 2.876047349312724800e+16
5.295738012194427029e+03 2.875797304952673600e+16
5.296071580978263228e+03 2.875550868527091200e+16
5.296405149762100336e+03 2.875308067051640400e+16
5.296738718545937445e+03 2.875068927434642400e+16
5.297072287329774554e+03 2.874833476474433200e+16
5.297405856113610753e+03 2.874601740856740000e+16
5.297739424897447861e+03 2.874373747152027600e+16
5.298072993681284970e+03 2.874149521812834000e+16
5.298406562465122079e+03 2.873929091171114400e+16
5.298740131248958278e+03 2.873712481435568400e+16
5.299073700032796296e+03 2.873499718688956000e+16
5.299407268816632495e+03 2.873290828885407200e+16
5.299740837600468694e+03 2.873085837847744800e+16
5.300074406384306712e+03 2.872884771264772000e+16
5.300407975168142912e+03 2.872687654688570000e+16
5.300741543951980020e+03 2.872494513531799600e+16
5.301075112735816219e+03 2.872305373064976800e+16
5.301408681519654237e+03 2.872120258413769200e+16
5.301742250303490437e+03 2.871939194556257600e+16
5.302075819087327545e+03 2.871762206320237600e+16
5.302409387871164654e+03 2.871589318380472400e+16
5.302742956655001763e+03 2.871420555255979200e+16
5.303076525438837962e+03 2.871255941307290400e+16
5.303410094222675980e+03 2.871095500733732400e+16
5.303743663006512179e+03 2.870939257570682800e+16
5.304077231790348378e+03 2.870787235686849600e+16
5.304410800574185487e+03 2.870639458781533600e+16
5.304744369358022595e+03 2.870495950381891200e+16
5.305077938141859704e+03 2.870356733840211600e+16
5.305411506925695903e+03 2.870221832331179200e+16
5.305745075709533921e+03 2.870091268849147200e+16
5.306078644493370120e+03 2.869965066205408800e+16
5.306412213277207229e+03 2.869843247025468000e+16
5.306745782061044338e+03 2.869725833746321600e+16
5.307079350844881446e+03 2.869612848613728000e+16
5.307412919628717646e+03 2.869504313679498800e+16
5.307746488412553845e+03 2.869400250798778400e+16
5.308080057196391863e+03 2.869300681627324800e+16
5.308413625980228062e+03 2.869205627618812000e+16
5.308747194764065171e+03 2.869115110022120400e+16
5.309080763547902279e+03 2.869029149878631200e+16
5.309414332331739388e+03 2.868947768019535200e+16
5.309747901115575587e+03 2.868870985063145600e+16
5.310081469899413605e+03 2.868798821412198000e+16
5.310415038683249804e+03 2.868731297251178400e+16
5.310748607467086003e+03 2.868668432543647200e+16
5.311082176250923112e+03 2.868610247029563600e+16
5.311415745034760221e+03 2.868556760222625600e+16
5.311749313818597329e+03 2.868507991407602400e+16
5.312082882602433529e+03 2.868463959637695200e+16
5.312416451386271547e+03 2.868424683731878400e+16
5.312750020170107746e+03 2.868390182272264400e+16
5.313083588953944854e+03 2.868360473601473600e+16
5.313417157737781963e+03 2.868335575820006400e+16
5.313750726521619072e+03 2.868315506783617600e+16
5.314084295305455271e+03 2.868300284100714400e+16
5.314417864089291470e+03 2.868289925129746400e+16
5.314751432873129488e+03 2.868284446976614800e+16
5.315085001656965687e+03 2.868283866492070800e+16
5.315418570440802796e+03 2.868288200269152000e+16
5.315752139224639905e+03 2.868297464640592000e+16
5.316085708008477013e+03 2.868311675676268800e+16
5.316419276792313212e+03 2.868330849180638800e+16
5.316752845576151230e+03 2.868355000690195600e+16
5.317086414359987430e+03 2.868384145470924000e+16
5.317419983143824538e+03 2.868418298515774400e+16
5.317753551927660737e+03 2.868457474542135200e+16
5.318087120711498756e+03 2.868501687989325600e+16
5.318420689495334955e+03 2.868550953016083200e+16
5.318754258279171154e+03 2.868605283498074800e+16
5.319087827063009172e+03 2.868664693025410400e+16
5.319421395846845371e+03 2.868729194900158400e+16
5.319754964630682480e+03 2.868798802133892000e+16
5.320088533414519588e+03 2.868873527445220000e+16
5.320422102198356697e+03 2.868953383257340400e+16
5.320755670982192896e+03 2.869038381695602400e+16
5.321089239766030005e+03 2.869128534585088000e+16
5.321422808549867113e+03 2.869223853448175200e+16
5.321756377333704222e+03 2.869324349502140800e+16
5.322089946117540421e+03 2.869430033656764000e+16
5.322423514901378439e+03 2.869540916511932800e+16
5.322757083685214639e+03 2.869657008355263200e+16
5.323090652469050838e+03 2.869778319159741600e+16
5.323424221252888856e+03 2.869904858581366800e+16
5.323757790036725055e+03 2.870036635956790800e+16
5.324091358820562164e+03 2.870173660301001600e+16
5.324424927604398363e+03 2.870315940304986400e+16
5.324758496388236381e+03 2.870463484333428800e+16
5.325092065172072580e+03 2.870616300422394400e+16
5.325425633955909689e+03 2.870774396277055200e+16
5.325759202739746797e+03 2.870937779269397600e+16
5.326092771523583906e+03 2.871106456435960000e+16
5.326426340307420105e+03 2.871280434475584000e+16
5.326759909091258123e+03 2.871459719747156000e+16
5.327093477875094322e+03 2.871644318267386400e+16
5.327427046658930522e+03 2.871834235708588000e+16
5.327760615442767630e+03 2.872029477396470000e+16
5.328094184226604739e+03 2.872230048307938400e+16
5.328427753010441847e+03 2.872435953068914000e+16
5.328761321794278047e+03 2.872647195952172400e+16
5.329094890578116065e+03 2.872863780875176800e+16
5.329428459361952264e+03 2.873085711397939200e+16
5.329762028145789373e+03 2.873312990720892800e+16
5.330095596929626481e+03 2.873545621682777200e+16
5.330429165713463590e+03 2.873783606758528000e+16
5.330762734497299789e+03 2.874026948057200000e+16
5.331096303281135988e+03 2.874275647319886400e+16
5.331429872064974006e+03 2.874529705917660400e+16
5.331763440848810205e+03 2.874789124849532800e+16
5.332097009632647314e+03 2.875053904740419600e+16
5.332430578416484423e+03 2.875324045839135200e+16
5.332764147200321531e+03 2.875599548016384000e+16
5.333097715984157730e+03 2.875880410762784400e+16
5.333431284767995749e+03 2.876166633186900000e+16
5.333764853551831948e+03 2.876458214013290800e+16
5.334098422335668147e+03 2.876755151580578000e+16
5.334431991119505255e+03 2.877057443839526000e+16
5.334765559903342364e+03 2.877365088351153200e+16
5.335099128687179473e+03 2.877678082284835200e+16
5.335432697471015672e+03 2.877996422416455600e+16
5.335766266254853690e+03 2.878320105126555200e+16
5.336099835038689889e+03 2.878649126398505600e+16
5.336433403822526998e+03 2.878983481816702400e+16
5.336766972606364106e+03 2.879323166564781600e+16
5.337100541390201215e+03 2.879668175423848400e+16
5.337434110174037414e+03 2.880018502770732000e+16
5.337767678957873613e+03 2.880374142576262000e+16
5.338101247741711632e+03 2.880735088403560800e+16
5.338434816525547831e+03 2.881101333406361600e+16
5.338768385309384939e+03 2.881472870327344800e+16
5.339101954093222048e+03 2.881849691496508400e+16
5.339435522877059157e+03 2.882231788829541600e+16
5.339769091660895356e+03 2.882619153826244000e+16
5.340102660444733374e+03 2.883011777568952800e+16
5.340436229228569573e+03 2.883409650721000800e+16
5.340769798012406682e+03 2.883812763525200000e+16
5.341103366796242881e+03 2.884221105802354800e+16
5.341436935580080899e+03 2.884634666949786400e+16
5.341770504363917098e+03 2.885053435939905600e+16
5.342104073147753297e+03 2.885477401318792800e+16
5.342437641931591315e+03 2.885906551204828800e+16
5.342771210715427515e+03 2.886340873287321600e+16
5.343104779499264623e+03 2.886780354825201200e+16
5.343438348283101732e+03 2.887224982645715200e+16
5.343771917066938840e+03 2.887674743143164400e+16
5.344105485850775040e+03 2.888129622277674400e+16
5.344439054634612148e+03 2.888589605573989600e+16
5.344772623418449257e+03 2.889054678120316800e+16
5.345106192202286366e+03 2.889524824567173600e+16
5.345439760986122565e+03 2.890000029126299600e+16
5.345773329769960583e+03 2.890480275569592800e+16
5.346106898553796782e+03 2.890965547228066800e+16
5.346440467337632981e+03 2.891455826990867600e+16
5.346774036121470999e+03 2.891951097304314800e+16
5.347107604905307198e+03 2.892451340170980800e+16
5.347441173689144307e+03 2.892956537148802400e+16
5.347774742472980506e+03 2.893466669350256000e+16
5.348108311256818524e+03 2.893981717441548400e+16
5.348441880040654723e+03 2.894501661641845600e+16
5.348775448824491832e+03 2.895026481722572400e+16
5.349109017608328941e+03 2.895556157006728000e+16
5.349442586392166049e+03 2.896090666368248800e+16
5.349776155176002248e+03 2.896629988231426800e+16
5.350109723959840267e+03 2.897174100570370800e+16
5.350443292743676466e+03 2.897722980908493600e+16
5.350776861527512665e+03 2.898276606318080800e+16
5.351110430311349774e+03 2.898834953419874800e+16
5.351443999095186882e+03 2.899397998382727200e+16
5.351777567879023991e+03 2.899965716923293600e+16
5.352111136662860190e+03 2.900538084305778800e+16
5.352444705446698208e+03 2.901115075341737600e+16
5.352778274230534407e+03 2.901696664389920000e+16
5.353111843014371516e+03 2.902282825356182400e+16
5.353445411798208625e+03 2.902873531693437600e+16
5.353778980582045733e+03 2.903468756401670400e+16
5.354112549365881932e+03 2.904068472028008800e+16
5.354446118149718131e+03 2.904672650666850400e+16
5.354779686933556150e+03 2.905281263960039200e+16
5.355113255717392349e+03 2.905894283097113600e+16
5.355446824501229457e+03 2.906511678815612000e+16
5.355780393285066566e+03 2.907133421401438000e+16
5.356113962068903675e+03 2.907759480689272000e+16
5.356447530852739874e+03 2.908389826063076800e+16
5.356781099636577892e+03 2.909024426456640800e+16
5.357114668420414091e+03 2.909663250354195200e+16
5.357448237204250290e+03 2.910306265791105200e+16
5.357781805988087399e+03 2.910953440354604800e+16
5.358115374771924508e+03 2.911604741184630400e+16
5.358448943555761616e+03 2.912260134974693200e+16
5.358782512339597815e+03 2.912919587972843200e+16
5.359116081123435833e+03 2.913583065982695200e+16
5.359449649907272033e+03 2.914250534364522800e+16
5.359783218691109141e+03 2.914921958036431200e+16
5.360116787474946250e+03 2.915597301475597600e+16
5.360450356258783358e+03 2.916276528719594800e+16
5.360783925042619558e+03 2.916959603367787200e+16
5.361117493826455757e+03 2.917646488582788800e+16
5.361451062610293775e+03 2.918337147092028000e+16
5.361784631394129974e+03 2.919031541189354000e+16
5.362118200177967083e+03 2.919729632736756000e+16
5.362451768961804191e+03 2.920431383166143600e+16
5.362785337745641300e+03 2.921136753481211200e+16
5.363118906529477499e+03 2.921845704259384000e+16
5.363452475313315517e+03 2.922558195653854400e+16
5.363786044097151716e+03 2.923274187395685600e+16
5.364119612880988825e+03 2.923993638796021200e+16
5.364453181664825024e+03 2.924716508748360000e+16
5.364786750448663042e+03 2.925442755730926000e+16
5.365120319232499241e+03 2.926172337809130000e+16
5.365453888016335441e+03 2.926905212638102400e+16
5.365787456800173459e+03 2.927641337465337600e+16
5.366121025584009658e+03 2.928380669133408800e+16
5.366454594367846767e+03 2.929123164082777600e+16
5.366788163151683875e+03 2.929868778354698400e+16
5.367121731935520984e+03 2.930617467594208800e+16
5.367455300719357183e+03 2.931369187053218400e+16
5.367788869503194292e+03 2.932123891593679200e+16
5.368122438287031400e+03 2.932881535690866000e+16
5.368456007070868509e+03 2.933642073436728000e+16
5.368789575854704708e+03 2.934405458543359600e+16
5.369123144638542726e+03 2.935171644346547600e+16
5.369456713422378925e+03 2.935940583809419200e+16
5.369790282206215124e+03 2.936712229526194000e+16
5.370123850990053143e+03 2.937486533726016000e+16
5.370457419773889342e+03 2.938263448276900800e+16
5.370790988557726450e+03 2.939042924689764400e+16
5.371124557341562650e+03 2.939824914122565600e+16
5.371458126125400668e+03 2.940609367384524800e+16
5.371791694909236867e+03 2.941396234940462800e+16
5.372125263693073975e+03 2.942185466915231200e+16
5.372458832476911084e+03 2.942977013098230800e+16
5.372792401260748193e+03 2.943770822948045600e+16
5.373125970044584392e+03 2.944566845597165600e+16
5.373459538828422410e+03 2.945365029856816000e+16
5.373793107612258609e+03 2.946165324221868000e+16
5.374126676396094808e+03 2.946967676875889200e+16
5.374460245179931917e+03 2.947772035696243200e+16
5.374793813963769026e+03 2.948578348259328400e+16
5.375127382747606134e+03 2.949386561845888000e+16
5.375460951531442333e+03 2.950196623446451200e+16
5.375794520315280351e+03 2.951008479766843200e+16
5.376128089099116551e+03 2.951822077233805600e+16
5.376461657882953659e+03 2.952637362000728000e+16
5.376795226666790768e+03 2.953454279953460800e+16
5.377128795450627877e+03 2.954272776716228800e+16
5.377462364234464076e+03 2.955092797657660800e+16
5.377795933018300275e+03 2.955914287896894400e+16
5.378129501802138293e+03 2.956737192309789200e+16
5.378463070585974492e+03 2.957561455535236000e+16
5.378796639369811601e+03 2.958387021981564800e+16
5.379130208153648709e+03 2.959213835833044800e+16
5.379463776937485818e+03 2.960041841056473600e+16
5.379797345721322017e+03 2.960870981407880000e+16
5.380130914505160035e+03 2.961701200439303200e+16
5.380464483288996234e+03 2.962532441505663600e+16
5.380798052072832434e+03 2.963364647771743200e+16
5.381131620856669542e+03 2.964197762219248400e+16
5.381465189640506651e+03 2.965031727653953600e+16
5.381798758424343760e+03 2.965866486712942000e+16
5.382132327208179959e+03 2.966701981871948000e+16
5.382465895992017977e+03 2.967538155452768400e+16
5.382799464775854176e+03 2.968374949630761600e+16
5.383133033559691285e+03 2.969212306442442800e+16
5.383466602343528393e+03 2.970050167793161600e+16
5.383800171127365502e+03 2.970888475464850400e+16
5.384133739911201701e+03 2.971727171123867200e+16
5.384467308695037900e+03 2.972566196328912800e+16
5.384800877478875918e+03 2.973405492539030400e+16
5.385134446262712117e+03 2.974245001121674400e+16
5.385468015046549226e+03 2.975084663360867600e+16
5.385801583830386335e+03 2.975924420465416400e+16
5.386135152614223443e+03 2.976764213577219200e+16
5.386468721398059643e+03 2.977603983779624800e+16
5.386802290181897661e+03 2.978443672105876400e+16
5.387135858965733860e+03 2.979283219547608000e+16
5.387469427749570968e+03 2.980122567063422400e+16
5.387802996533407168e+03 2.980961655587528000e+16
5.388136565317245186e+03 2.981800426038420800e+16
5.388470134101081385e+03 2.982638819327657200e+16
5.388803702884917584e+03 2.983476776368655200e+16
5.389137271668755602e+03 2.984314238085572400e+16
5.389470840452591801e+03 2.985151145422224800e+16
5.389804409236428910e+03 2.985987439351063200e+16
5.390137978020266019e+03 2.986823060882206800e+16
5.390471546804103127e+03 2.987657951072493200e+16
5.390805115587939326e+03 2.988492051034624000e+16
5.391138684371776435e+03 2.989325301946300000e+16
5.391472253155613544e+03 2.990157645059440000e+16
5.391805821939450652e+03 2.990989021709400800e+16
5.392139390723286851e+03 2.991819373324269200e+16
5.392472959507124870e+03 2.992648641434153200e+16
5.392806528290961069e+03 2.993476767680525200e+16
5.393140097074797268e+03 2.994303693825586800e+16
5.393473665858635286e+03 2.995129361761658400e+16
5.393807234642471485e+03 2.995953713520591200e+16
5.394140803426308594e+03 2.996776691283196000e+16
5.394474372210144793e+03 2.997598237388705600e+16
5.394807940993982811e+03 2.998418294344220800e+16
5.395141509777819010e+03 2.999236804834202000e+16
5.395475078561656119e+03 3.000053711729945600e+16
5.395808647345493227e+03 3.000868958099081600e+16
5.396142216129330336e+03 3.001682487215064800e+16
5.396475784913166535e+03 3.002494242566666400e+16
5.396809353697004553e+03 3.003304167867477600e+16
5.397142922480840753e+03 3.004112207065382800e+16
5.397476491264676952e+03 3.004918304352055200e+16
5.397810060048514060e+03 3.005722404172411600e+16
5.398143628832351169e+03 3.006524451234072800e+16
5.398477197616188278e+03 3.007324390516796800e+16
5.398810766400024477e+03 3.008122167281898400e+16
5.399144335183862495e+03 3.008917727081644800e+16
5.399477903967698694e+03 3.009711015768609200e+16
5.399811472751535803e+03 3.010501979505031200e+16
5.400145041535372911e+03 3.011290564772103200e+16
5.400478610319209110e+03 3.012076718379248800e+16
5.400812179103046219e+03 3.012860387473354800e+16
5.401145747886882418e+03 3.013641519547956800e+16
5.401479316670720436e+03 3.014420062452390400e+16
5.401812885454556636e+03 3.015195964400886400e+16
5.402146454238393744e+03 3.015969173981622400e+16
5.402480023022230853e+03 3.016739640165711200e+16
5.402813591806067961e+03 3.017507312316136800e+16
5.403147160589904161e+03 3.018272140196641600e+16
5.403480729373742179e+03 3.019034073980533600e+16
5.403814298157578378e+03 3.019793064259432000e+16
5.404147866941414577e+03 3.020549062051954000e+16
5.404481435725251686e+03 3.021302018812320000e+16
5.404815004509088794e+03 3.022051886438889600e+16
5.405148573292925903e+03 3.022798617282607200e+16
5.405482142076762102e+03 3.023542164155391600e+16
5.405815710860600120e+03 3.024282480338421600e+16
5.406149279644436319e+03 3.025019519590328800e+16
5.406482848428273428e+03 3.025753236155332000e+16
5.406816417212110537e+03 3.026483584771252800e+16
5.407149985995947645e+03 3.027210520677437200e+16
5.407483554779783844e+03 3.027933999622597600e+16
5.407817123563620044e+03 3.028653977872535600e+16
5.408150692347458062e+03 3.029370412217774400e+16
5.408484261131294261e+03 3.030083259981072000e+16
5.408817829915131369e+03 3.030792479024846000e+16
5.409151398698968478e+03 3.031498027758464000e+16
5.409484967482805587e+03 3.032199865145435600e+16
5.409818536266641786e+03 3.032897950710490000e+16
5.410152105050479804e+03 3.033592244546530400e+16
5.410485673834316003e+03 3.034282707321447200e+16
5.410819242618153112e+03 3.034969300284856800e+16
5.411152811401989311e+03 3.035651985274668000e+16
5.411486380185827329e+03 3.036330724723537200e+16
5.411819948969663528e+03 3.037005481665205600e+16
5.412153517753499727e+03 3.037676219740681600e+16
5.412487086537337746e+03 3.038342903204313600e+16
5.412820655321173945e+03 3.039005496929696000e+16
5.413154224105011053e+03 3.039663966415475200e+16
5.413487792888848162e+03 3.040318277790978400e+16
5.413821361672685271e+03 3.040968397821721600e+16
5.414154930456521470e+03 3.041614293914773600e+16
5.414488499240358578e+03 3.042255934123962400e+16
5.414822068024195687e+03 3.042893287154949200e+16
5.415155636808032796e+03 3.043526322370135200e+16
5.415489205591868995e+03 3.044155009793442800e+16
5.415822774375707013e+03 3.044779320114920000e+16
5.416156343159543212e+03 3.045399224695205200e+16
5.416489911943379411e+03 3.046014695569837600e+16
5.416823480727217429e+03 3.046625705453410000e+16
5.417157049511053629e+03 3.047232227743556000e+16
5.417490618294890737e+03 3.047834236524791600e+16
5.417824187078726936e+03 3.048431706572196000e+16
5.418157755862564954e+03 3.049024613354924400e+16
5.418491324646401154e+03 3.049612933039560400e+16
5.418824893430238262e+03 3.050196642493318400e+16
5.419158462214075371e+03 3.050775719287071200e+16
5.419492030997912480e+03 3.051350141698215200e+16
5.419825599781748679e+03 3.051919888713377600e+16
5.420159168565586697e+03 3.052484940030961600e+16
5.420492737349422896e+03 3.053045276063502800e+16
5.420826306133259095e+03 3.053600877939901600e+16
5.421159874917096204e+03 3.054151727507453200e+16
5.421493443700933312e+03 3.054697807333721600e+16
5.421827012484770421e+03 3.055239100708260800e+16
5.422160581268606620e+03 3.055775591644154800e+16
5.422494150052444638e+03 3.056307264879396800e+16
5.422827718836280837e+03 3.056834105878104800e+16
5.423161287620117946e+03 3.057356100831558000e+16
5.423494856403955055e+03 3.057873236659094800e+16
5.423828425187791254e+03 3.058385501008810400e+16
5.424161993971628362e+03 3.058892882258114400e+16
5.424495562755464562e+03 3.059395369514122000e+16
5.424829131539302580e+03 3.059892952613860000e+16
5.425162700323138779e+03 3.060385622124330800e+16
5.425496269106975888e+03 3.060873369342412000e+16
5.425829837890812996e+03 3.061356186294574800e+16
5.426163406674650105e+03 3.061834065736463600e+16
5.426496975458486304e+03 3.062307001152297600e+16
5.426830544242324322e+03 3.062774986754118400e+16
5.427164113026160521e+03 3.063238017480885600e+16
5.427497681809996720e+03 3.063696088997400800e+16
5.427831250593833829e+03 3.064149197693078400e+16
5.428164819377670938e+03 3.064597340680580000e+16
5.428498388161508046e+03 3.065040515794253600e+16
5.428831956945344245e+03 3.065478721588460800e+16
5.429165525729182264e+03 3.065911957335729600e+16
5.429499094513018463e+03 3.066340223024758000e+16
5.429832663296855571e+03 3.066763519358269600e+16
5.430166232080692680e+03 3.067181847750738400e+16
5.430499800864529789e+03 3.067595210325926000e+16
5.430833369648365988e+03 3.068003609914323600e+16
5.431166938432202187e+03 3.068407050050419200e+16
5.431500507216040205e+03 3.068805534969824400e+16
5.431834075999876404e+03 3.069199069606279200e+16
5.432167644783713513e+03 3.069587659588503200e+16
5.432501213567550622e+03 3.069971311236916000e+16
5.432834782351387730e+03 3.070350031560227200e+16
5.433168351135223929e+03 3.070723828251881600e+16
5.433501919919061947e+03 3.071092709686397600e+16
5.433835488702898147e+03 3.071456684915546000e+16
5.434169057486735255e+03 3.071815763664428400e+16
5.434502626270571454e+03 3.072169956327420400e+16
5.434836195054409473e+03 3.072519273963993200e+16
5.435169763838245672e+03 3.072863728294413600e+16
5.435503332622081871e+03 3.073203331695331200e+16
5.435836901405919889e+03 3.073538097195256000e+16
5.436170470189756088e+03 3.073868038469887600e+16
5.436504038973593197e+03 3.074193169837387200e+16
5.436837607757430305e+03 3.074513506253500000e+16
5.437171176541267414e+03 3.074829063306580000e+16
5.437504745325103613e+03 3.075139857212518400e+16
5.437838314108940722e+03 3.075445904809564800e+16
5.438171882892777830e+03 3.075747223553050800e+16
5.438505451676614939e+03 3.076043831510003200e+16
5.438839020460451138e+03 3.076335747353688800e+16
5.439172589244289156e+03 3.076622990358037600e+16
5.439506158028125355e+03 3.076905580391992800e+16
5.439839726811961555e+03 3.077183537913773200e+16
5.440173295595799573e+03 3.077456883965032800e+16
5.440506864379635772e+03 3.077725640164964400e+16
5.440840433163472881e+03 3.077989828704296000e+16
5.441174001947309080e+03 3.078249472339226000e+16
5.441507570731147098e+03 3.078504594385278000e+16
5.441841139514983297e+03 3.078755218711072800e+16
5.442174708298820406e+03 3.079001369732042800e+16
5.442508277082657514e+03 3.079243072404074400e+16
5.442841845866494623e+03 3.079480352217076800e+16
5.443175414650330822e+03 3.079713235188488000e+16
5.443508983434168840e+03 3.079941747856734000e+16
5.443842552218005039e+03 3.080165917274602000e+16
5.444176121001841238e+03 3.080385771002585200e+16
5.444509689785678347e+03 3.080601337102150400e+16
5.444843258569515456e+03 3.080812644128967600e+16
5.445176827353352564e+03 3.081019721126081200e+16
5.445510396137188764e+03 3.081222597617036000e+16
5.445843964921026782e+03 3.081421303598967200e+16
5.446177533704862981e+03 3.081615869535623600e+16
5.446511102488700089e+03 3.081806326350378400e+16
5.446844671272537198e+03 3.081992705419183200e+16
5.447178240056373397e+03 3.082175038563483600e+16
5.447511808840210506e+03 3.082353358043120800e+16
5.447845377624046705e+03 3.082527696549175200e+16
5.448178946407884723e+03 3.082698087196797200e+16
5.448512515191720922e+03 3.082864563518004800e+16
5.448846083975558031e+03 3.083027159454458000e+16
5.449179652759395140e+03 3.083185909350202400e+16
5.449513221543232248e+03 3.083340847944397600e+16
5.449846790327068447e+03 3.083492010364023200e+16
5.450180359110906466e+03 3.083639432116576800e+16
5.450513927894742665e+03 3.083783149082730800e+16
5.450847496678578864e+03 3.083923197509008000e+16
5.451181065462415972e+03 3.084059614000417200e+16
5.451514634246253081e+03 3.084192435513100000e+16
5.451848203030090190e+03 3.084321699346948400e+16
5.452181771813926389e+03 3.084447443138241600e+16
5.452515340597764407e+03 3.084569704852249200e+16
5.452848909381600606e+03 3.084688522775856400e+16
5.453182478165437715e+03 3.084803935510167600e+16
5.453516046949274823e+03 3.084915981963130400e+16
5.453849615733111932e+03 3.085024701342140000e+16
5.454183184516948131e+03 3.085130133146663200e+16
5.454516753300784330e+03 3.085232317160860400e+16
5.454850322084622348e+03 3.085331293446218000e+16
5.455183890868458548e+03 3.085427102334182800e+16
5.455517459652295656e+03 3.085519784418804800e+16
5.455851028436132765e+03 3.085609380549411200e+16
5.456184597219969874e+03 3.085695931823256000e+16
5.456518166003806073e+03 3.085779479578216800e+16
5.456851734787644091e+03 3.085860065385490800e+16
5.457185303571480290e+03 3.085937731042303600e+16
5.457518872355317399e+03 3.086012518564651200e+16
5.457852441139153598e+03 3.086084470180037200e+16
5.458186009922991616e+03 3.086153628320256000e+16
5.458519578706827815e+03 3.086220035614168800e+16
5.458853147490664014e+03 3.086283734880526800e+16
5.459186716274502032e+03 3.086344769120808000e+16
5.459520285058338231e+03 3.086403181512060000e+16
5.459853853842175340e+03 3.086459015399802800e+16
5.460187422626012449e+03 3.086512314290927200e+16
5.460520991409849557e+03 3.086563121846634800e+16
5.460854560193685757e+03 3.086611481875400800e+16
5.461188128977522865e+03 3.086657438325967200e+16
5.461521697761359974e+03 3.086701035280363600e+16
5.461855266545197082e+03 3.086742316946958400e+16
5.462188835329033282e+03 3.086781327653541600e+16
5.462522404112871300e+03 3.086818111840444400e+16
5.462855972896707499e+03 3.086852714053676000e+16
5.463189541680543698e+03 3.086885178938103200e+16
5.463523110464381716e+03 3.086915551230672000e+16
5.463856679248217915e+03 3.086943875753644000e+16
5.464190248032055024e+03 3.086970197407884400e+16
5.464523816815891223e+03 3.086994561166178000e+16
5.464857385599729241e+03 3.087017012066576000e+16
5.465190954383565440e+03 3.087037595205785200e+16
5.465524523167402549e+03 3.087056355732598400e+16
5.465858091951239658e+03 3.087073338841350400e+16
5.466191660735076766e+03 3.087088589765420800e+16
5.466525229518912965e+03 3.087102153770768000e+16
5.466858798302749165e+03 3.087114076149504800e+16
5.467192367086587183e+03 3.087124402213520000e+16
5.467525935870423382e+03 3.087133177288114000e+16
5.467859504654260490e+03 3.087140446705708000e+16
5.468193073438097599e+03 3.087146255799566400e+16
5.468526642221934708e+03 3.087150649897564000e+16
5.468860211005770907e+03 3.087153674316004000e+16
5.469193779789608925e+03 3.087155374353468000e+16
5.469527348573445124e+03 3.087155795284693200e+16
5.469860917357282233e+03 3.087154982354521600e+16
5.470194486141118432e+03 3.087152980771862400e+16
5.470528054924955541e+03 3.087149835703696400e+16
5.470861623708792649e+03 3.087145592269140800e+16
5.471195192492628848e+03 3.087140295533534000e+16
5.471528761276466867e+03 3.087133990502576000e+16
5.471862330060303066e+03 3.087126722116490400e+16
5.472195898844140174e+03 3.087118535244256800e+16
5.472529467627977283e+03 3.087109474677854000e+16
5.472863036411814392e+03 3.087099585126561600e+16
5.473196605195650591e+03 3.087088911211296800e+16
5.473530173979487699e+03 3.087077497458996000e+16
5.473863742763324808e+03 3.087065388297030400e+16
5.474197311547161007e+03 3.087052628047665600e+16
5.474530880330998116e+03 3.087039260922573600e+16
5.474864449114835224e+03 3.087025331017356000e+16
5.475198017898672333e+03 3.087010882306138000e+16
5.475531586682508532e+03 3.086995958636192000e+16
5.475865155466346550e+03 3.086980603722594800e+16
5.476198724250182750e+03 3.086964861142932000e+16
5.476532293034019858e+03 3.086948774332042000e+16
5.476865861817856057e+03 3.086932386576799200e+16
5.477199430601694075e+03 3.086915741010938800e+16
5.477532999385530275e+03 3.086898880609911200e+16
5.477866568169366474e+03 3.086881848185796800e+16
5.478200136953204492e+03 3.086864686382236800e+16
5.478533705737040691e+03 3.086847437669419200e+16
5.478867274520877800e+03 3.086830144339097200e+16
5.479200843304714908e+03 3.086812848499651200e+16
5.479534412088552017e+03 3.086795592071177600e+16
5.479867980872388216e+03 3.086778416780636800e+16
5.480201549656225325e+03 3.086761364157021600e+16
5.480535118440062433e+03 3.086744475526567200e+16
5.480868687223899542e+03 3.086727792008009600e+16
5.481202256007735741e+03 3.086711354507864400e+16
5.481535824791573759e+03 3.086695203715765600e+16
5.481869393575409958e+03 3.086679380099818400e+16
5.482202962359246158e+03 3.086663923902007200e+16
5.482536531143084176e+03 3.086648875133634000e+16
5.482870099926920375e+03 3.086634273570783600e+16
5.483203668710757483e+03 3.086620158749859200e+16
5.483537237494593683e+03 3.086606569963100000e+16
5.483870806278431701e+03 3.086593546254196800e+16
5.484204375062267900e+03 3.086581126413889600e+16
5.484537943846105009e+03 3.086569348975638400e+16
5.484871512629942117e+03 3.086558252211320000e+16
5.485205081413779226e+03 3.086547874126942000e+16
5.485538650197615425e+03 3.086538252458422800e+16
5.485872218981453443e+03 3.086529424667385200e+16
5.486205787765289642e+03 3.086521427936992000e+16
5.486539356549125841e+03 3.086514299167816800e+16
5.486872925332962950e+03 3.086508074973753200e+16
5.487206494116800059e+03 3.086502791677955600e+16
5.487540062900637167e+03 3.086498485308804000e+16
5.487873631684473366e+03 3.086495191595927600e+16
5.488207200468311385e+03 3.086492945966244000e+16
5.488540769252147584e+03 3.086491783540031200e+16
5.488874338035984692e+03 3.086491739127052000e+16
5.489207906819821801e+03 3.086492847222692000e+16
5.489541475603658910e+03 3.086495142004140000e+16
5.489875044387495109e+03 3.086498657326612800e+16
5.490208613171331308e+03 3.086503426719588400e+16
5.490542181955169326e+03 3.086509483383103200e+16
5.490875750739005525e+03 3.086516860184052800e+16
5.491209319522842634e+03 3.086525589652554000e+16
5.491542888306679743e+03 3.086535703978319200e+16
5.491876457090516851e+03 3.086547235007074400e+16
5.492210025874353050e+03 3.086560214237009600e+16
5.492543594658191068e+03 3.086574672815265600e+16
5.492877163442027268e+03 3.086590641534430400e+16
5.493210732225864376e+03 3.086608150829119600e+16
5.493544301009700575e+03 3.086627230772529600e+16
5.493877869793537684e+03 3.086647911073070000e+16
5.494211438577374793e+03 3.086670221071004000e+16
5.494545007361210992e+03 3.086694189735132800e+16
5.494878576145049010e+03 3.086719845659516400e+16
5.495212144928885209e+03 3.086747217060204000e+16
5.495545713712722318e+03 3.086776331772036800e+16
5.495879282496559426e+03 3.086807217245452000e+16
5.496212851280396535e+03 3.086839900543324800e+16
5.496546420064232734e+03 3.086874408337862400e+16
5.496879988848069843e+03 3.086910766907508800e+16
5.497213557631906951e+03 3.086949002133899600e+16
5.497547126415743151e+03 3.086989139498837200e+16
5.497880695199580259e+03 3.087031204081309600e+16
5.498214263983417368e+03 3.087075220554543600e+16
5.498547832767254476e+03 3.087121213183080000e+16
5.498881401551090676e+03 3.087169205819893200e+16
5.499214970334928694e+03 3.087219221903549600e+16
5.499548539118764893e+03 3.087271284455376400e+16
5.499882107902602002e+03 3.087325416076703200e+16
5.500215676686438201e+03 3.087381638946096800e+16
5.500549245470276219e+03 3.087439974816662800e+16
5.500882814254112418e+03 3.087500445013360800e+16
5.501216383037948617e+03 3.087563070430372800e+16
5.501549951821786635e+03 3.087627871528487600e+16
5.501883520605622834e+03 3.087694868332537600e+16
5.502217089389459943e+03 3.087764080428858800e+16
5.502550658173297052e+03 3.087835526962803200e+16
5.502884226957134160e+03 3.087909226636257600e+16
5.503217795740970359e+03 3.087985197705235200e+16
5.503551364524807468e+03 3.088063457977477600e+16
5.503884933308644577e+03 3.088144024810103200e+16
5.504218502092481685e+03 3.088226915107291200e+16
5.504552070876317885e+03 3.088312145318004800e+16
5.504885639660155903e+03 3.088399731433752400e+16
5.505219208443992102e+03 3.088489688986380800e+16
5.505552777227828301e+03 3.088582033045915200e+16
5.505886346011666319e+03 3.088676778218434800e+16
5.506219914795502518e+03 3.088773938643978800e+16
5.506553483579339627e+03 3.088873527994512000e+16
5.506887052363175826e+03 3.088975559471903200e+16
5.507220621147013844e+03 3.089080045805973600e+16
5.507554189930850043e+03 3.089186999252554800e+16
5.507887758714687152e+03 3.089296431591612000e+16
5.508221327498524261e+03 3.089408354125397600e+16
5.508554896282361369e+03 3.089522777676645600e+16
5.508888465066197568e+03 3.089639712586810800e+16
5.509222033850035587e+03 3.089759168714352800e+16
5.509555602633871786e+03 3.089881155433056400e+16
5.509889171417707985e+03 3.090005681630396800e+16
5.510222740201545093e+03 3.090132755705956800e+16
5.510556308985382202e+03 3.090262385569878400e+16
5.510889877769219311e+03 3.090394578641356400e+16
5.511223446553055510e+03 3.090529341847190800e+16
5.511557015336893528e+03 3.090666681620376400e+16
5.511890584120729727e+03 3.090806603898732000e+16
5.512224152904566836e+03 3.090949114123588800e+16
5.512557721688403944e+03 3.091094217238518400e+16
5.512891290472241053e+03 3.091241917688108000e+16
5.513224859256077252e+03 3.091392219416786400e+16
5.513558428039913451e+03 3.091545125867700000e+16
5.513891996823751469e+03 3.091700639981634000e+16
5.514225565607587669e+03 3.091858764195979200e+16
5.514559134391424777e+03 3.092019500443761600e+16
5.514892703175261886e+03 3.092182850152716000e+16
5.515226271959098995e+03 3.092348814244400800e+16
5.515559840742935194e+03 3.092517393133389600e+16
5.515893409526773212e+03 3.092688586726484800e+16
5.516226978310609411e+03 3.092862394422010400e+16
5.516560547094446520e+03 3.093038815109141600e+16
5.516894115878282719e+03 3.093217847167296800e+16
5.517227684662119827e+03 3.093399488465584400e+16
5.517561253445956936e+03 3.093583736362293600e+16
5.517894822229793135e+03 3.093770587704465600e+16
5.518228391013631153e+03 3.093960038827495200e+16
5.518561959797467352e+03 3.094152085554798800e+16
5.518895528581304461e+03 3.094346723197557600e+16
5.519229097365141570e+03 3.094543946554487200e+16
5.519562666148978678e+03 3.094743749911692800e+16
5.519896234932814878e+03 3.094946127042574400e+16
5.520229803716651986e+03 3.095151071207790400e+16
5.520563372500489095e+03 3.095358575155290000e+16
5.520896941284325294e+03 3.095568631120395600e+16
5.521230510068162403e+03 3.095781230825962400e+16
5.521564078851999511e+03 3.095996365482590400e+16
5.521897647635836620e+03 3.096214025788898000e+16
5.522231216419672819e+03 3.096434201931878400e+16
5.522564785203510837e+03 3.096656883587296800e+16
5.522898353987347036e+03 3.096882059920167200e+16
5.523231922771184145e+03 3.097109719585301200e+16
5.523565491555020344e+03 3.097339850727907600e+16
5.523899060338858362e+03 3.097572440984275200e+16
5.524232629122694561e+03 3.097807477482508800e+16
5.524566197906530761e+03 3.098044946843356800e+16
5.524899766690368779e+03 3.098284835181085200e+16
5.525233335474204978e+03 3.098527128104433600e+16
5.525566904258042086e+03 3.098771810717644800e+16
5.525900473041879195e+03 3.099018867621562000e+16
5.526234041825716304e+03 3.099268282914797200e+16
5.526567610609552503e+03 3.099520040194979200e+16
5.526901179393389612e+03 3.099774122560068000e+16
5.527234748177226720e+03 3.100030512609747200e+16
5.527568316961063829e+03 3.100289192446893600e+16
5.527901885744900028e+03 3.100550143679122400e+16
5.528235454528738046e+03 3.100813347420409200e+16
5.528569023312574245e+03 3.101078784292776000e+16
5.528902592096410444e+03 3.101346434428082800e+16
5.529236160880248462e+03 3.101616277469873600e+16
5.529569729664084662e+03 3.101888292575302400e+16
5.529903298447921770e+03 3.102162458417163600e+16
5.530236867231757969e+03 3.102438753185969200e+16
5.530570436015595988e+03 3.102717154592134400e+16
5.530904004799432187e+03 3.102997639868223200e+16
5.531237573583269295e+03 3.103280185771292000e+16
5.531571142367106404e+03 3.103564768585310400e+16
5.531904711150943513e+03 3.103851364123664000e+16
5.532238279934779712e+03 3.104139947731740000e+16
5.532571848718617730e+03 3.104430494289600000e+16
5.532905417502453929e+03 3.104722978214737600e+16
5.533238986286290128e+03 3.105017373464918000e+16
5.533572555070127237e+03 3.105313653541112800e+16
5.533906123853964345e+03 3.105611791490502400e+16
5.534239692637801454e+03 3.105911759909584000e+16
5.534573261421637653e+03 3.106213530947361600e+16
5.534906830205475671e+03 3.106517076308616400e+16
5.535240398989311871e+03 3.106822367257272800e+16
5.535573967773148979e+03 3.107129374619849600e+16
5.535907536556986088e+03 3.107438068789006400e+16
5.536241105340823196e+03 3.107748419727160800e+16
5.536574674124659396e+03 3.108060396970225600e+16
5.536908242908495595e+03 3.108373969631404800e+16
5.537241811692333613e+03 3.108689106405099200e+16
5.537575380476169812e+03 3.109005775570894400e+16
5.537908949260006921e+03 3.109323944997640400e+16
5.538242518043844029e+03 3.109643582147632000e+16
5.538576086827681138e+03 3.109964654080858800e+16
5.538909655611517337e+03 3.110287127459368400e+16
5.539243224395355355e+03 3.110610968551710400e+16
5.539576793179191554e+03 3.110936143237469200e+16
5.539910361963028663e+03 3.111262617011898400e+16
5.540243930746864862e+03 3.111590354990640000e+16
5.540577499530701971e+03 3.111919321914533600e+16
5.540911068314539079e+03 3.112249482154528000e+16
5.541244637098375279e+03 3.112580799716669200e+16
5.541578205882213297e+03 3.112913238247194400e+16
5.541911774666049496e+03 3.113246761037708400e+16
5.542245343449886605e+03 3.113581331030455600e+16
5.542578912233723713e+03 3.113916910823686400e+16
5.542912481017560822e+03 3.114253462677109600e+16
5.543246049801397021e+03 3.114590948517432800e+16
5.543579618585234130e+03 3.114929329944008400e+16
5.543913187369071238e+03 3.115268568234559200e+16
5.544246756152907437e+03 3.115608624350982400e+16
5.544580324936744546e+03 3.115949458945280000e+16
5.544913893720581655e+03 3.116291032365541200e+16
5.545247462504418763e+03 3.116633304662030800e+16
5.545581031288254962e+03 3.116976235593371200e+16
5.545914600072092981e+03 3.117319784632802400e+16
5.546248168855929180e+03 3.117663910974530800e+16
5.546581737639766288e+03 3.118008573540182000e+16
5.546915306423602487e+03 3.118353730985311600e+16
5.547248875207440506e+03 3.118699341706034000e+16
5.547582443991276705e+03 3.119045363845700000e+16
5.547916012775112904e+03 3.119391755301704800e+16
5.548249581558950922e+03 3.119738473732339200e+16
5.548583150342787121e+03 3.120085476563740800e+16
5.548916719126624230e+03 3.120432720996936800e+16
5.549250287910461338e+03 3.120780164014956800e+16
5.549583856694298447e+03 3.121127762390013200e+16
5.549917425478134646e+03 3.121475472690806000e+16
5.550250994261971755e+03 3.121823251289851600e+16
5.550584563045808864e+03 3.122171054370926800e+16
5.550918131829645972e+03 3.122518837936580000e+16
5.551251700613482171e+03 3.122866557815709600e+16
5.551585269397320189e+03 3.123214169671232000e+16
5.551918838181156389e+03 3.123561629007810000e+16
5.552252406964992588e+03 3.123908891179655200e+16
5.552585975748830606e+03 3.124255911398412800e+16
5.552919544532666805e+03 3.124602644741098400e+16
5.553253113316503914e+03 3.124949046158120800e+16
5.553586682100340113e+03 3.125295070481358400e+16
5.553920250884178131e+03 3.125640672432302400e+16
5.554253819668014330e+03 3.125985806630275200e+16
5.554587388451851439e+03 3.126330427600696800e+16
5.554920957235688547e+03 3.126674489783423200e+16
5.555254526019525656e+03 3.127017947541128800e+16
5.555588094803361855e+03 3.127360755167778400e+16
5.555921663587199873e+03 3.127702866897108000e+16
5.556255232371036072e+03 3.128044236911200000e+16
5.556588801154872272e+03 3.128384819349096000e+16
5.556922369938709380e+03 3.128724568315454800e+16
5.557255938722546489e+03 3.129063437889271600e+16
5.557589507506383598e+03 3.129401382132628400e+16
5.557923076290219797e+03 3.129738355099504800e+16
5.558256645074057815e+03 3.130074310844624000e+16
5.558590213857894014e+03 3.130409203432340000e+16
5.558923782641731123e+03 3.130742986945561600e+16
5.559257351425568231e+03 3.131075615494721600e+16
5.559590920209405340e+03 3.131407043226771200e+16
5.559924488993241539e+03 3.131737224334214400e+16
5.560258057777077738e+03 3.132066113064165600e+16
5.560591626560915756e+03 3.132393663727446400e+16
5.560925195344751955e+03 3.132719830707691600e+16
5.561258764128589064e+03 3.133044568470491200e+16
5.561592332912426173e+03 3.133367831572561600e+16
5.561925901696263281e+03 3.133689574670907200e+16
5.562259470480099480e+03 3.134009752532031200e+16
5.562593039263937499e+03 3.134328320041144000e+16
5.562926608047773698e+03 3.134645232211373200e+16
5.563260176831610806e+03 3.134960444193010800e+16
5.563593745615447006e+03 3.135273911282743200e+16
5.563927314399284114e+03 3.135585588932898800e+16
5.564260883183121223e+03 3.135895432760682400e+16
5.564594451966957422e+03 3.136203398557430400e+16
5.564928020750795440e+03 3.136509442297846800e+16
5.565261589534631639e+03 3.136813520149232000e+16
5.565595158318468748e+03 3.137115588480718800e+16
5.565928727102305857e+03 3.137415603872480000e+16
5.566262295886142965e+03 3.137713523124928800e+16
5.566595864669979164e+03 3.138009303267905600e+16
5.566929433453816273e+03 3.138302901569842400e+16
5.567263002237653382e+03 3.138594275546905600e+16
5.567596571021489581e+03 3.138883382972110400e+16
5.567930139805326689e+03 3.139170181884419600e+16
5.568263708589163798e+03 3.139454630597798800e+16
5.568597277373000907e+03 3.139736687710243600e+16
5.568930846156837106e+03 3.140016312112772000e+16
5.569264414940675124e+03 3.140293462998388400e+16
5.569597983724511323e+03 3.140568099870977600e+16
5.569931552508348432e+03 3.140840182554193600e+16
5.570265121292184631e+03 3.141109671200270400e+16
5.570598690076022649e+03 3.141376526298802400e+16
5.570932258859858848e+03 3.141640708685453600e+16
5.571265827643695047e+03 3.141902179550641600e+16
5.571599396427533065e+03 3.142160900448130400e+16
5.571932965211369265e+03 3.142416833303590400e+16
5.572266533995206373e+03 3.142669940423077600e+16
5.572600102779043482e+03 3.142920184501457600e+16
5.572933671562880590e+03 3.143167528630752800e+16
5.573267240346716790e+03 3.143411936308431200e+16
5.573600809130553898e+03 3.143653371445602400e+16
5.573934377914391007e+03 3.143891798375156800e+16
5.574267946698228116e+03 3.144127181859808800e+16
5.574601515482064315e+03 3.144359487100078400e+16
5.574935084265902333e+03 3.144588679742166400e+16
5.575268653049738532e+03 3.144814725885760800e+16
5.575602221833574731e+03 3.145037592091734400e+16
5.575935790617412749e+03 3.145257245389784800e+16
5.576269359401248948e+03 3.145473653285931200e+16
5.576602928185086057e+03 3.145686783769962800e+16
5.576936496968922256e+03 3.145896605322752000e+16
5.577270065752760274e+03 3.146103086923496000e+16
5.577603634536596473e+03 3.146306198056816800e+16
5.577937203320433582e+03 3.146505908719802400e+16
5.578270772104270691e+03 3.146702189428896800e+16
5.578604340888107799e+03 3.146895011226700000e+16
5.578937909671943999e+03 3.147084345688658400e+16
5.579271478455782017e+03 3.147270164929629200e+16
5.579605047239618216e+03 3.147452441610328400e+16
5.579938616023454415e+03 3.147631148943672000e+16
5.580272184807291524e+03 3.147806260700978000e+16
5.580605753591128632e+03 3.147977751218061200e+16
5.580939322374965741e+03 3.148145595401189200e+16
5.581272891158801940e+03 3.148309768732926400e+16
5.581606459942639958e+03 3.148470247277831200e+16
5.581940028726476157e+03 3.148627007688040800e+16
5.582273597510313266e+03 3.148780027208703600e+16
5.582607166294150375e+03 3.148929283683303200e+16
5.582940735077987483e+03 3.149074755558816800e+16
5.583274303861823682e+03 3.149216421890762000e+16
5.583607872645659882e+03 3.149354262348094400e+16
5.583941441429497900e+03 3.149488257217956800e+16
5.584275010213334099e+03 3.149618387410301600e+16
5.584608578997171207e+03 3.149744634462363200e+16
5.584942147781008316e+03 3.149866980542988800e+16
5.585275716564845425e+03 3.149985408456808000e+16
5.585609285348681624e+03 3.150099901648292800e+16
5.585942854132519642e+03 3.150210444205632000e+16
5.586276422916355841e+03 3.150317020864466400e+16
5.586609991700192950e+03 3.150419617011497600e+16
5.586943560484029149e+03 3.150518218687910800e+16
5.587277129267866258e+03 3.150612812592681600e+16
5.587610698051703366e+03 3.150703386085692000e+16
5.587944266835539565e+03 3.150789927190738000e+16
5.588277835619377583e+03 3.150872424598344800e+16
5.588611404403213783e+03 3.150950867668447600e+16
5.588944973187050891e+03 3.151025246432922000e+16
5.589278541970888000e+03 3.151095551597944000e+16
5.589612110754725109e+03 3.151161774546203600e+16
5.589945679538561308e+03 3.151223907338966000e+16
5.590279248322398416e+03 3.151281942717976400e+16
5.590612817106235525e+03 3.151335874107200000e+16
5.590946385890071724e+03 3.151385695614411200e+16
5.591279954673908833e+03 3.151431402032636000e+16
5.591613523457745941e+03 3.151472988841423600e+16
5.591947092241583050e+03 3.151510452207974000e+16
5.592280661025419249e+03 3.151543788988098800e+16
5.592614229809257267e+03 3.151572996727046400e+16
5.592947798593093466e+03 3.151598073660136800e+16
5.593281367376930575e+03 3.151619018713289600e+16
5.593614936160766774e+03 3.151635831503355200e+16
5.593948504944604792e+03 3.151648512338313200e+16
5.594282073728440992e+03 3.151657062217313200e+16
5.594615642512277191e+03 3.151661482830566800e+16
5.594949211296115209e+03 3.151661776559085600e+16
5.595282780079951408e+03 3.151657946474261200e+16
5.595616348863788517e+03 3.151649996337306400e+16
5.595949917647625625e+03 3.151637930598542400e+16
5.596283486431462734e+03 3.151621754396528400e+16
5.596617055215298933e+03 3.151601473557068000e+16
5.596950623999136042e+03 3.151577094592038800e+16
5.597284192782973150e+03 3.151548624698104000e+16
5.597617761566810259e+03 3.151516071755251600e+16
5.597951330350646458e+03 3.151479444325229600e+16
5.598284899134484476e+03 3.151438751649799200e+16
5.598618467918320675e+03 3.151394003648866400e+16
5.598952036702156875e+03 3.151345210918486800e+16
5.599285605485994893e+03 3.151292384728706000e+16
5.599619174269831092e+03 3.151235537021290800e+16
5.599952743053668200e+03 3.151174680407297600e+16
5.600286311837504400e+03 3.151109828164540000e+16
5.600619880621342418e+03 3.151040994234903200e+16
5.600953449405178617e+03 3.150968193221526400e+16
5.601287018189015726e+03 3.150891440385877600e+16
5.601620586972852834e+03 3.150810751644686000e+16
5.601954155756689943e+03 3.150726143566747200e+16
5.602287724540526142e+03 3.150637633369628000e+16
5.602621293324364160e+03 3.150545238916219200e+16
5.602954862108200359e+03 3.150448978711194800e+16
5.603288430892036558e+03 3.150348871897348800e+16
5.603621999675873667e+03 3.150244938251802400e+16
5.603955568459710776e+03 3.150137198182121600e+16
5.604289137243547884e+03 3.150025672722303200e+16
5.604622706027384083e+03 3.149910383528664000e+16
5.604956274811222102e+03 3.149791352875625600e+16
5.605289843595058301e+03 3.149668603651374400e+16
5.605623412378895409e+03 3.149542159353451600e+16
5.605956981162732518e+03 3.149412044084213600e+16
5.606290549946569627e+03 3.149278282546202000e+16
5.606624118730405826e+03 3.149140900037434800e+16
5.606957687514242025e+03 3.148999922446577600e+16
5.607291256298080043e+03 3.148855376248041600e+16
5.607624825081916242e+03 3.148707288496977200e+16
5.607958393865753351e+03 3.148555686824204000e+16
5.608291962649590459e+03 3.148400599431032000e+16
5.608625531433427568e+03 3.148242055084003200e+16
5.608959100217263767e+03 3.148080083109571600e+16
5.609292669001101785e+03 3.147914713388686800e+16
5.609626237784937985e+03 3.147745976351300800e+16
5.609959806568775093e+03 3.147573902970818000e+16
5.610293375352611292e+03 3.147398524758460800e+16
5.610626944136448401e+03 3.147219873757563200e+16
5.610960512920285510e+03 3.147037982537805600e+16
5.611294081704121709e+03 3.146852884189390400e+16
5.611627650487959727e+03 3.146664612317141600e+16
5.611961219271795926e+03 3.146473201034544400e+16
5.612294788055633035e+03 3.146278684957753600e+16
5.612628356839470143e+03 3.146081099199505200e+16
5.612961925623307252e+03 3.145880479363008800e+16
5.613295494407143451e+03 3.145676861535771200e+16
5.613629063190980560e+03 3.145470282283387200e+16
5.613962631974817668e+03 3.145260778643263200e+16
5.614296200758653868e+03 3.145048388118308000e+16
5.614629769542490976e+03 3.144833148670588000e+16
5.614963338326328085e+03 3.144615098714928800e+16
5.615296907110165193e+03 3.144394277112490800e+16
5.615630475894001393e+03 3.144170723164299600e+16
5.615964044677839411e+03 3.143944476604756800e+16
5.616297613461675610e+03 3.143715577595092800e+16
5.616631182245512719e+03 3.143484066716830400e+16
5.616964751029348918e+03 3.143249984965184400e+16
5.617298319813186936e+03 3.143013373742450400e+16
5.617631888597023135e+03 3.142774274851379200e+16
5.617965457380859334e+03 3.142532730488512000e+16
5.618299026164697352e+03 3.142288783237518000e+16
5.618632594948533551e+03 3.142042476062485200e+16
5.618966163732370660e+03 3.141793852301233200e+16
5.619299732516207769e+03 3.141542955658580400e+16
5.619633301300044877e+03 3.141289830199611600e+16
5.619966870083881076e+03 3.141034520342940800e+16
5.620300438867718185e+03 3.140777070853964800e+16
5.620634007651555294e+03 3.140517526838097600e+16
5.620967576435392402e+03 3.140255933734015600e+16
5.621301145219228601e+03 3.139992337306894800e+16
5.621634714003066620e+03 3.139726783641648400e+16
5.621968282786902819e+03 3.139459319136155200e+16
5.622301851570739018e+03 3.139189990494502400e+16
5.622635420354577036e+03 3.138918844720236800e+16
5.622968989138413235e+03 3.138645929109595200e+16
5.623302557922250344e+03 3.138371291244766400e+16
5.623636126706086543e+03 3.138094978987158000e+16
5.623969695489924561e+03 3.137817040470664800e+16
5.624303264273760760e+03 3.137537524094948000e+16
5.624636833057597869e+03 3.137256478518733600e+16
5.624970401841434978e+03 3.136973952653127200e+16
5.625303970625272086e+03 3.136689995654927600e+16
5.625637539409108285e+03 3.136404656919973200e+16
5.625971108192946303e+03 3.136117986076504000e+16
5.626304676976782503e+03 3.135830032978530400e+16
5.626638245760618702e+03 3.135540847699232800e+16
5.626971814544455810e+03 3.135250480524386800e+16
5.627305383328292919e+03 3.134958981945792800e+16
5.627638952112130028e+03 3.134666402654743200e+16
5.627972520895966227e+03 3.134372793535510800e+16
5.628306089679804245e+03 3.134078205658864000e+16
5.628639658463640444e+03 3.133782690275594400e+16
5.628973227247477553e+03 3.133486298810100800e+16
5.629306796031314661e+03 3.133189082853965600e+16
5.629640364815151770e+03 3.132891094159585600e+16
5.629973933598987969e+03 3.132592384633824800e+16
5.630307502382824168e+03 3.132293006331696000e+16
5.630641071166662186e+03 3.131993011450073200e+16
5.630974639950498386e+03 3.131692452321432000e+16
5.631308208734335494e+03 3.131391381407644400e+16
5.631641777518172603e+03 3.131089851293770000e+16
5.631975346302009712e+03 3.130787914681913600e+16
5.632308915085845911e+03 3.130485624385102400e+16
5.632642483869683929e+03 3.130183033321203600e+16
5.632976052653520128e+03 3.129880194506861600e+16
5.633309621437357237e+03 3.129577161051500000e+16
5.633643190221193436e+03 3.129273986151335200e+16
5.633976759005030544e+03 3.128970723083443200e+16
5.634310327788867653e+03 3.128667425199838000e+16
5.634643896572703852e+03 3.128364145921632000e+16
5.634977465356541870e+03 3.128060938733193600e+16
5.635311034140378069e+03 3.127757857176355200e+16
5.635644602924215178e+03 3.127454954844668800e+16
5.635978171708052287e+03 3.127152285377700800e+16
5.636311740491889395e+03 3.126849902455343600e+16
5.636645309275725594e+03 3.126547859792197600e+16
5.636978878059562703e+03 3.126246211131970400e+16
5.637312446843399812e+03 3.125945010241925600e+16
5.637646015627236011e+03 3.125644310907367200e+16
5.637979584411073120e+03 3.125344166926172000e+16
5.638313153194910228e+03 3.125044632103347200e+16
5.638646721978747337e+03 3.124745760245650400e+16
5.638980290762583536e+03 3.124447605156221600e+16
5.639313859546420645e+03 3.124150220629282000e+16
5.639647428330257753e+03 3.123853660444861600e+16
5.639980997114094862e+03 3.123557978363562000e+16
5.640314565897931061e+03 3.123263228121368800e+16
5.640648134681769079e+03 3.122969463424500800e+16
5.640981703465605278e+03 3.122676737944296800e+16
5.641315272249441477e+03 3.122385105312150400e+16
5.641648841033279496e+03 3.122094619114474000e+16
5.641982409817115695e+03 3.121805332887712400e+16
5.642315978600952803e+03 3.121517300113390000e+16
5.642649547384789003e+03 3.121230574213202400e+16
5.642983116168627021e+03 3.120945208544140000e+16
5.643316684952463220e+03 3.120661256393660000e+16
5.643650253736300328e+03 3.120378770974893200e+16
5.643983822520137437e+03 3.120097805421895200e+16
5.644317391303974546e+03 3.119818412784913600e+16
5.644650960087810745e+03 3.119540646025734800e+16
5.644984528871648763e+03 3.119264558013027600e+16
5.645318097655484962e+03 3.118990201517752800e+16
5.645651666439321161e+03 3.118717629208595600e+16
5.645985235223158270e+03 3.118446893647444000e+16
5.646318804006995379e+03 3.118178047284896400e+16
5.646652372790832487e+03 3.117911142455815600e+16
5.646985941574668686e+03 3.117646231374905600e+16
5.647319510358506705e+03 3.117383366132351200e+16
5.647653079142342904e+03 3.117122598689452400e+16
5.647986647926180012e+03 3.116863980874336000e+16
5.648320216710017121e+03 3.116607564377674000e+16
5.648653785493854230e+03 3.116353400748450800e+16
5.648987354277690429e+03 3.116101541389763200e+16
5.649320923061526628e+03 3.115852037554648400e+16
5.649654491845364646e+03 3.115604940341953600e+16
5.649988060629200845e+03 3.115360300692230400e+16
5.650321629413037954e+03 3.115118169383673600e+16
5.650655198196875062e+03 3.114878597028084800e+16
5.650988766980712171e+03 3.114641634066866000e+16
5.651322335764548370e+03 3.114407330767051200e+16
5.651655904548386388e+03 3.114175737217372000e+16
5.651989473332222587e+03 3.113946903324341600e+16
5.652323042116059696e+03 3.113720878808383200e+16
5.652656610899895895e+03 3.113497713199982400e+16
5.652990179683733913e+03 3.113277455835866400e+16
5.653323748467570113e+03 3.113060155855218000e+16
5.653657317251406312e+03 3.112845862195922400e+16
5.653990886035244330e+03 3.112634623590827200e+16
5.654324454819080529e+03 3.112426488564047200e+16
5.654658023602917638e+03 3.112221505427288000e+16
5.654991592386754746e+03 3.112019722276202800e+16
5.655325161170591855e+03 3.111821186986764400e+16
5.655658729954428054e+03 3.111625947211678400e+16
5.655992298738265163e+03 3.111434050376815600e+16
5.656325867522102271e+03 3.111245543677666400e+16
5.656659436305939380e+03 3.111060474075824800e+16
5.656993005089775579e+03 3.110878888295500800e+16
5.657326573873612688e+03 3.110700832820047200e+16
5.657660142657449796e+03 3.110526353888515200e+16
5.657993711441285996e+03 3.110355497492243600e+16
5.658327280225124014e+03 3.110188309371448800e+16
5.658660849008960213e+03 3.110024835011860000e+16
5.658994417792797321e+03 3.109865119641356800e+16
5.659327986576633521e+03 3.109709208226650400e+16
5.659661555360471539e+03 3.109557145469964400e+16
5.659995124144307738e+03 3.109408975805746400e+16
5.660328692928144847e+03 3.109264743397408800e+16
5.660662261711981955e+03 3.109124492134071600e+16
5.660995830495818154e+03 3.108988265627330000e+16
5.661329399279655263e+03 3.108856107208062400e+16
5.661662968063492372e+03 3.108728059923220800e+16
5.661996536847329480e+03 3.108604166532672400e+16
5.662330105631165679e+03 3.108484469506031600e+16
5.662663674415002788e+03 3.108369011019539200e+16
5.662997243198839897e+03 3.108257832952928800e+16
5.663330811982677005e+03 3.108150976886333600e+16
5.663664380766513204e+03 3.108048484097191200e+16
5.663997949550351223e+03 3.107950395557185600e+16
5.664331518334187422e+03 3.107856751929178000e+16
5.664665087118023621e+03 3.107767593564173600e+16
5.664998655901861639e+03 3.107682960498300000e+16
5.665332224685697838e+03 3.107602892449788800e+16
5.665665793469534947e+03 3.107527428815986800e+16
5.665999362253371146e+03 3.107456608670370000e+16
5.666332931037209164e+03 3.107390470759567200e+16
5.666666499821045363e+03 3.107329053500415600e+16
5.667000068604882472e+03 3.107272394977004800e+16
5.667333637388719580e+03 3.107220532937759200e+16
5.667667206172556689e+03 3.107173504792496000e+16
5.668000774956392888e+03 3.107131347609539200e+16
5.668334343740230906e+03 3.107094098112810800e+16
5.668667912524067106e+03 3.107061792678941600e+16
5.669001481307903305e+03 3.107034467334403600e+16
5.669335050091740413e+03 3.107012157752636400e+16
5.669668618875577522e+03 3.106994899251192000e+16
5.670002187659414631e+03 3.106982726788894400e+16
5.670335756443250830e+03 3.106975674962993600e+16
5.670669325227088848e+03 3.106973778006343200e+16
5.671002894010925047e+03 3.106977069784576400e+16
5.671336462794762156e+03 3.106985583793295200e+16
5.671670031578599264e+03 3.106999353155264800e+16
5.672003600362436373e+03 3.107018410617626400e+16
5.672337169146272572e+03 3.107042788549093600e+16
5.672670737930108771e+03 3.107072518937184000e+16
5.673004306713946789e+03 3.107107633385439600e+16
5.673337875497782989e+03 3.107148163110654400e+16
5.673671444281620097e+03 3.107194138940120800e+16
5.674005013065457206e+03 3.107245591308868800e+16
5.674338581849294314e+03 3.107302550256924000e+16
5.674672150633130514e+03 3.107365045426542400e+16
5.675005719416968532e+03 3.107433106059504800e+16
5.675339288200804731e+03 3.107506760994354800e+16
5.675672856984641840e+03 3.107586038663687200e+16
5.676006425768478039e+03 3.107670967091415600e+16
5.676339994552316057e+03 3.107761573890060800e+16
5.676673563336152256e+03 3.107857886258031200e+16
5.677007132119988455e+03 3.107959930976915200e+16
5.677340700903826473e+03 3.108067734408772400e+16
5.677674269687662672e+03 3.108181322493437200e+16
5.678007838471499781e+03 3.108300720745817600e+16
5.678341407255336890e+03 3.108425954253197200e+16
5.678674976039173998e+03 3.108557047672550400e+16
5.679008544823010197e+03 3.108694025227848800e+16
5.679342113606847306e+03 3.108836910707387600e+16
5.679675682390684415e+03 3.108985727461090000e+16
5.680009251174521523e+03 3.109140498397836800e+16
5.680342819958357722e+03 3.109301245982796800e+16
5.680676388742194831e+03 3.109467992234745600e+16
5.681009957526031940e+03 3.109640758723398800e+16
5.681343526309868139e+03 3.109819566566750400e+16
5.681677095093706157e+03 3.110004436428408400e+16
5.682010663877542356e+03 3.110195388514925600e+16
5.682344232661379465e+03 3.110392442573152800e+16
5.682677801445215664e+03 3.110595617887580000e+16
5.683011370229053682e+03 3.110804933277686400e+16
5.683344939012889881e+03 3.111020407095284400e+16
5.683678507796726990e+03 3.111242057221877200e+16
5.684012076580564099e+03 3.111469901066019200e+16
5.684345645364400298e+03 3.111703955560668000e+16
5.684679214148237406e+03 3.111944237160556000e+16
5.685012782932074515e+03 3.112190761839544800e+16
5.685346351715911624e+03 3.112443545088001200e+16
5.685679920499747823e+03 3.112702601910170400e+16
5.686013489283584931e+03 3.112967946821545200e+16
5.686347058067422040e+03 3.113239593846258000e+16
5.686680626851259149e+03 3.113517556514447200e+16
5.687014195635095348e+03 3.113801847859657600e+16
5.687347764418933366e+03 3.114092480416222000e+16
5.687681333202769565e+03 3.114389466216667600e+16
5.688014901986605764e+03 3.114692816789106000e+16
5.688348470770443782e+03 3.115002543154648800e+16
5.688682039554279982e+03 3.115318655824805200e+16
5.689015608338117090e+03 3.115641164798904800e+16
5.689349177121953289e+03 3.115970079561527600e+16
5.689682745905791307e+03 3.116305409079913200e+16
5.690016314689627507e+03 3.116647161801404400e+16
5.690349883473464615e+03 3.116995345650892000e+16
5.690683452257301724e+03 3.117349968028253600e+16
5.691017021041138833e+03 3.117711035805808000e+16
5.691350589824975032e+03 3.118078555325788400e+16
5.691684158608813050e+03 3.118452532397800000e+16
5.692017727392649249e+03 3.118832972296307600e+16
5.692351296176485448e+03 3.119219879758120400e+16
5.692684864960322557e+03 3.119613258979891200e+16
5.693018433744159665e+03 3.120013113615625600e+16
5.693352002527996774e+03 3.120419446774193600e+16
5.693685571311832973e+03 3.120832261016871600e+16
5.694019140095670991e+03 3.121251558354876000e+16
5.694352708879507190e+03 3.121677340246912000e+16
5.694686277663344299e+03 3.122109607596754400e+16
5.695019846447181408e+03 3.122548360750808400e+16
5.695353415231018516e+03 3.122993599495720800e+16
5.695686984014854715e+03 3.123445323055978000e+16
5.696020552798690915e+03 3.123903530091537600e+16
5.696354121582528933e+03 3.124368218695461600e+16
5.696687690366365132e+03 3.124839386391573200e+16
5.697021259150202241e+03 3.125317030132138400e+16
5.697354827934039349e+03 3.125801146295552800e+16
5.697688396717876458e+03 3.126291730684055200e+16
5.698021965501712657e+03 3.126788778521457600e+16
5.698355534285550675e+03 3.127292284450906400e+16
5.698689103069386874e+03 3.127802242532638800e+16
5.699022671853223983e+03 3.128318646241799200e+16
5.699356240637060182e+03 3.128841488466250000e+16
5.699689809420898200e+03 3.129370761504412000e+16
5.700023378204734399e+03 3.129906457063142400e+16
5.700356946988570598e+03 3.130448566255624000e+16
5.700690515772408617e+03 3.130997079599292800e+16
5.701024084556244816e+03 3.131551987013786800e+16
5.701357653340081924e+03 3.132113277818926400e+16
5.701691222123919033e+03 3.132680940732729200e+16
5.702024790907756142e+03 3.133254963869444000e+16
5.702358359691592341e+03 3.133835334737632400e+16
5.702691928475429449e+03 3.134422040238278000e+16
5.703025497259266558e+03 3.135015066662922400e+16
5.703359066043103667e+03 3.135614399691847600e+16
5.703692634826939866e+03 3.136220024392295200e+16
5.704026203610776975e+03 3.136831925216723200e+16
5.704359772394614083e+03 3.137450086001082400e+16
5.704693341178450282e+03 3.138074489963180000e+16
5.705026909962288300e+03 3.138705119701026800e+16
5.705360478746124500e+03 3.139341957191282400e+16
5.705694047529961608e+03 3.139984983787700800e+16
5.706027616313797807e+03 3.140634180219658000e+16
5.706361185097635826e+03 3.141289526590702400e+16
5.706694753881472025e+03 3.141951002377158800e+16
5.707028322665308224e+03 3.142618586426796800e+16
5.707361891449146242e+03 3.143292256957535200e+16
5.707695460232982441e+03 3.143971991556198400e+16
5.708029029016819550e+03 3.144657767177346400e+16
5.708362597800656658e+03 3.145349560142140800e+16
5.708696166584493767e+03 3.146047346137277600e+16
5.709029735368329966e+03 3.146751100213974400e+16
5.709363304152167075e+03 3.147460796787032400e+16
5.709696872936004183e+03 3.148176409633937600e+16
5.710030441719841292e+03 3.148897911894039200e+16
5.710364010503677491e+03 3.149625276067804800e+16
5.710697579287515509e+03 3.150358474016114800e+16
5.711031148071351708e+03 3.151097476959649600e+16
5.711364716855187908e+03 3.151842255478339200e+16
5.711698285639025926e+03 3.152592779510882000e+16
5.712031854422862125e+03 3.153349018354333200e+16
5.712365423206699234e+03 3.154110940663788000e+16
5.712698991990535433e+03 3.154878514452119600e+16
5.713032560774373451e+03 3.155651707089806400e+16
5.713366129558209650e+03 3.156430485304840000e+16
5.713699698342046759e+03 3.157214815182714400e+16
5.714033267125883867e+03 3.158004662166497600e+16
5.714366835909720976e+03 3.158799991056987200e+16
5.714700404693557175e+03 3.159600766012967200e+16
5.715033973477395193e+03 3.160406950551530000e+16
5.715367542261231392e+03 3.161218507548511200e+16
5.715701111045067591e+03 3.162035399239004000e+16
5.716034679828904700e+03 3.162857587217977600e+16
5.716368248612741809e+03 3.163685032440988000e+16
5.716701817396578917e+03 3.164517695224979200e+16
5.717035386180415117e+03 3.165355535249201200e+16
5.717368954964253135e+03 3.166198511556218400e+16
5.717702523748089334e+03 3.167046582553015200e+16
5.718036092531926442e+03 3.167899706012229600e+16
5.718369661315763551e+03 3.168757839073467600e+16
5.718703230099600660e+03 3.169620938244744800e+16
5.719036798883436859e+03 3.170488959404032400e+16
5.719370367667273058e+03 3.171361857800920000e+16
5.719703936451111076e+03 3.172239588058380000e+16
5.720037505234947275e+03 3.173122104174663200e+16
5.720371074018784384e+03 3.174009359525310000e+16
5.720704642802621493e+03 3.174901306865267600e+16
5.721038211586458601e+03 3.175797898331144000e+16
5.721371780370294800e+03 3.176699085443580000e+16
5.721705349154132819e+03 3.177604819109750000e+16
5.722038917937969018e+03 3.178515049625968800e+16
5.722372486721806126e+03 3.179429726680456800e+16
5.722706055505642325e+03 3.180348799356219200e+16
5.723039624289480344e+03 3.181272216134048800e+16
5.723373193073316543e+03 3.182199924895673600e+16
5.723706761857152742e+03 3.183131872927047600e+16
5.724040330640990760e+03 3.184068006921751200e+16
5.724373899424826959e+03 3.185008272984551600e+16
5.724707468208664068e+03 3.185952616635084800e+16
5.725041036992501176e+03 3.186900982811712800e+16
5.725374605776338285e+03 3.187853315875466000e+16
5.725708174560174484e+03 3.188809559614184000e+16
5.726041743344011593e+03 3.189769657246768800e+16
5.726375312127848701e+03 3.190733551427600000e+16
5.726708880911685810e+03 3.191701184251083200e+16
5.727042449695522009e+03 3.192672497256359200e+16
5.727376018479359118e+03 3.193647431432164800e+16
5.727709587263196227e+03 3.194625927221822400e+16
5.728043156047032426e+03 3.195607924528416000e+16
5.728376724830870444e+03 3.196593362720094400e+16
5.728710293614706643e+03 3.197582180635532400e+16
5.729043862398543752e+03 3.198574316589563600e+16
5.729377431182379951e+03 3.199569708378943200e+16
5.729710999966217969e+03 3.200568293288297600e+16
5.730044568750054168e+03 3.201570008096199200e+16
5.730378137533890367e+03 3.202574789081432000e+16
5.730711706317728385e+03 3.203582572029396800e+16
5.731045275101564584e+03 3.204593292238676000e+16
5.731378843885401693e+03 3.205606884527766000e+16
5.731712412669238802e+03 3.206623283241984000e+16
5.732045981453075910e+03 3.207642422260490400e+16
5.732379550236912110e+03 3.208664235003536000e+16
5.732713119020749218e+03 3.209688654439820000e+16
5.733046687804586327e+03 3.210715613094036800e+16
5.733380256588423435e+03 3.211745043054574400e+16
5.733713825372259635e+03 3.212776875981386400e+16
5.734047394156097653e+03 3.213811043114011200e+16
5.734380962939933852e+03 3.214847475279773600e+16
5.734714531723770051e+03 3.215886102902130400e+16
5.735048100507608069e+03 3.216926856009190000e+16
5.735381669291444268e+03 3.217969664242388000e+16
5.735715238075281377e+03 3.219014456865326400e+16
5.736048806859117576e+03 3.220061162772787200e+16
5.736382375642955594e+03 3.221109710499876000e+16
5.736715944426791793e+03 3.222160028231353200e+16
5.737049513210628902e+03 3.223212043811118400e+16
5.737383081994466011e+03 3.224265684751852800e+16
5.737716650778303119e+03 3.225320878244802400e+16
5.738050219562139318e+03 3.226377551169753600e+16
5.738383788345977337e+03 3.227435630105129600e+16
5.738717357129813536e+03 3.228495041338262000e+16
5.739050925913649735e+03 3.229555710875802800e+16
5.739384494697486844e+03 3.230617564454308800e+16
5.739718063481323952e+03 3.231680527550952000e+16
5.740051632265161061e+03 3.232744525394387200e+16
5.740385201048997260e+03 3.233809482975784400e+16
5.740718769832835278e+03 3.234875325059973200e+16
5.741052338616671477e+03 3.235941976196766400e+16
5.741385907400508586e+03 3.237009360732395600e+16
5.741719476184345694e+03 3.238077402821112000e+16
5.742053044968182803e+03 3.239146026436904000e+16
5.742386613752019002e+03 3.240215155385360000e+16
5.742720182535855201e+03 3.241284713315670800e+16
5.743053751319693220e+03 3.242354623732744000e+16
5.743387320103529419e+03 3.243424810009463200e+16
5.743720888887366527e+03 3.244495195399073600e+16
5.744054457671203636e+03 3.245565703047670400e+16
5.744388026455040745e+03 3.246636256006828400e+16
5.744721595238876944e+03 3.247706777246344800e+16
5.745055164022714962e+03 3.248777189667085200e+16
5.745388732806551161e+03 3.249847416113947200e+16
5.745722301590388270e+03 3.250917379388932000e+16
5.746055870374224469e+03 3.251987002264327200e+16
5.746389439158062487e+03 3.253056207495969600e+16
5.746723007941898686e+03 3.254124917836631200e+16
5.747056576725734885e+03 3.255193056049474400e+16
5.747390145509572903e+03 3.256260544921621600e+16
5.747723714293409103e+03 3.257327307277781600e+16
5.748057283077246211e+03 3.258393265993992800e+16
5.748390851861083320e+03 3.259458344011414400e+16
5.748724420644920428e+03 3.260522464350204000e+16
5.749057989428756628e+03 3.261585550123472800e+16
5.749391558212593736e+03 3.262647524551282400e+16
5.749725126996430845e+03 3.263708310974744800e+16
5.750058695780267954e+03 3.264767832870120000e+16
5.750392264564104153e+03 3.265826013863025600e+16
5.750725833347941261e+03 3.266882777742660000e+16
5.751059402131778370e+03 3.267938048476066000e+16
5.751392970915614569e+03 3.268991750222455200e+16
5.751726539699452587e+03 3.270043807347549600e+16
5.752060108483288786e+03 3.271094144437950400e+16
5.752393677267125895e+03 3.272142686315540800e+16
5.752727246050962094e+03 3.273189358051900800e+16
5.753060814834800112e+03 3.274234084982737600e+16
5.753394383618636311e+03 3.275276792722312400e+16
5.753727952402472511e+03 3.276317407177898000e+16
5.754061521186310529e+03 3.277355854564200400e+16
5.754395089970146728e+03 3.278392061417803600e+16
5.754728658753983837e+03 3.279425954611574000e+16
5.755062227537820945e+03 3.280457461369068000e+16
5.755395796321658054e+03 3.281486509278900000e+16
5.755729365105494253e+03 3.282513026309096000e+16
5.756062933889331362e+03 3.283536940821398400e+16
5.756396502673168470e+03 3.284558181585537600e+16
5.756730071457005579e+03 3.285576677793450800e+16
5.757063640240841778e+03 3.286592359073461600e+16
5.757397209024679796e+03 3.287605155504393600e+16
5.757730777808515995e+03 3.288614997629610400e+16
5.758064346592352194e+03 3.289621816471016400e+16
5.758397915376190213e+03 3.290625543542949600e+16
5.758731484160026412e+03 3.291626110866005600e+16
5.759065052943863520e+03 3.292623450980800800e+16
5.759398621727699719e+03 3.293617496961591200e+16
5.759732190511537738e+03 3.294608182429858400e+16
5.760065759295373937e+03 3.295595441567724800e+16
5.760399328079211045e+03 3.296579209131314400e+16
5.760732896863048154e+03 3.297559420463975200e+16
5.761066465646885263e+03 3.298536011509372400e+16
5.761400034430721462e+03 3.299508918824486800e+16
5.761733603214559480e+03 3.300478079592444000e+16
5.762067171998395679e+03 3.301443431635232400e+16
5.762400740782231878e+03 3.302404913426269200e+16
5.762734309566068987e+03 3.303362464102826400e+16
5.763067878349906096e+03 3.304316023478288800e+16
5.763401447133743204e+03 3.305265532054260000e+16
5.763735015917579403e+03 3.306210931032510000e+16
5.764068584701417421e+03 3.307152162326749600e+16
5.764402153485253621e+03 3.308089168574222400e+16
5.764735722269090729e+03 3.309021893147119200e+16
5.765069291052927838e+03 3.309950280163832400e+16
5.765402859836764947e+03 3.310874274499968000e+16
5.765736428620601146e+03 3.311793821799216800e+16
5.766069997404437345e+03 3.312708868483991600e+16
5.766403566188275363e+03 3.313619361765874800e+16
5.766737134972111562e+03 3.314525249655844800e+16
5.767070703755948671e+03 3.315426480974304800e+16
5.767404272539785779e+03 3.316323005360878400e+16
5.767737841323622888e+03 3.317214773283984400e+16
5.768071410107459087e+03 3.318101736050200400e+16
5.768404978891297105e+03 3.318983845813369600e+16
5.768738547675133304e+03 3.319861055583492000e+16
5.769072116458970413e+03 3.320733319235368800e+16
5.769405685242806612e+03 3.321600591517003200e+16
5.769739254026644630e+03 3.322462828057757600e+16
5.770072822810480830e+03 3.323319985376257600e+16
5.770406391594317029e+03 3.324172020888044400e+16
5.770739960378155047e+03 3.325018892912967200e+16
5.771073529161991246e+03 3.325860560682316000e+16
5.771407097945828355e+03 3.326696984345700000e+16
5.771740666729665463e+03 3.327528124977644800e+16
5.772074235513502572e+03 3.328353944583927200e+16
5.772407804297338771e+03 3.329174406107643200e+16
5.772741373081175880e+03 3.329989473435000400e+16
5.773074941865012988e+03 3.330799111400826400e+16
5.773408510648850097e+03 3.331603285793804000e+16
5.773742079432686296e+03 3.332401963361434000e+16
5.774075648216523405e+03 3.333195111814702000e+16
5.774409217000360513e+03 3.333982699832465200e+16
5.774742785784196712e+03 3.334764697065562800e+16
5.775076354568034731e+03 3.335541074140628000e+16
5.775409923351870930e+03 3.336311802663621600e+16
5.775743492135708038e+03 3.337076855223069600e+16
5.776077060919544238e+03 3.337836205393005600e+16
5.776410629703382256e+03 3.338589827735652000e+16
5.776744198487218455e+03 3.339337697803756800e+16
5.777077767271054654e+03 3.340079792142702800e+16
5.777411336054892672e+03 3.340816088292276400e+16
5.777744904838728871e+03 3.341546564788160800e+16
5.778078473622565980e+03 3.342271201163143600e+16
5.778412042406403089e+03 3.342989977948033600e+16
5.778745611190240197e+03 3.343702876672262800e+16
5.779079179974076396e+03 3.344409879864239200e+16
5.779412748757913505e+03 3.345110971051374800e+16
5.779746317541750614e+03 3.345806134759844400e+16
5.780079886325587722e+03 3.346495356514048000e+16
5.780413455109423921e+03 3.347178622835792800e+16
5.780747023893261940e+03 3.347855921243192000e+16
5.781080592677098139e+03 3.348527240249270400e+16
5.781414161460934338e+03 3.349192569360310400e+16
5.781747730244772356e+03 3.349851899073891200e+16
5.782081299028608555e+03 3.350505220876668800e+16
5.782414867812445664e+03 3.351152527241888000e+16
5.782748436596281863e+03 3.351793811626600800e+16
5.783082005380119881e+03 3.352429068468637200e+16
5.783415574163956080e+03 3.353058293183280000e+16
5.783749142947793189e+03 3.353681482159719200e+16
5.784082711731630297e+03 3.354298632757203200e+16
5.784416280515467406e+03 3.354909743300954400e+16
5.784749849299303605e+03 3.355514813077828800e+16
5.785083418083141623e+03 3.356113842331714800e+16
5.785416986866977823e+03 3.356706832258695200e+16
5.785750555650814022e+03 3.357293785001955200e+16
5.786084124434651130e+03 3.357874703646466400e+16
5.786417693218488239e+03 3.358449592213418400e+16
5.786751262002325348e+03 3.359018455654414400e+16
5.787084830786161547e+03 3.359581299845468800e+16
5.787418399569999565e+03 3.360138131580748000e+16
5.787751968353835764e+03 3.360688958566100000e+16
5.788085537137672873e+03 3.361233789412388800e+16
5.788419105921509981e+03 3.361772633628600800e+16
5.788752674705347090e+03 3.362305501614733200e+16
5.789086243489183289e+03 3.362832404654522800e+16
5.789419812273019488e+03 3.363353354907938400e+16
5.789753381056857506e+03 3.363868365403500800e+16
5.790086949840693705e+03 3.364377450030414400e+16
5.790420518624530814e+03 3.364880623530517600e+16
5.790754087408367923e+03 3.365377901490068400e+16
5.791087656192205031e+03 3.365869300331332000e+16
5.791421224976041231e+03 3.366354837304037200e+16
5.791754793759879249e+03 3.366834530476654400e+16
5.792088362543715448e+03 3.367308398727513200e+16
5.792421931327552556e+03 3.367776461735788800e+16
5.792755500111388756e+03 3.368238739972348000e+16
5.793089068895226774e+03 3.368695254690427200e+16
5.793422637679062973e+03 3.369146027916214400e+16
5.793756206462899172e+03 3.369591082439281600e+16
5.794089775246737190e+03 3.370030441802913600e+16
5.794423344030573389e+03 3.370464130294303200e+16
5.794756912814410498e+03 3.370892172934656800e+16
5.795090481598247607e+03 3.371314595469182800e+16
5.795424050382084715e+03 3.371731424356984800e+16
5.795757619165920914e+03 3.372142686760873600e+16
5.796091187949758023e+03 3.372548410537073200e+16
5.796424756733595132e+03 3.372948624224873200e+16
5.796758325517432240e+03 3.373343357036174800e+16
5.797091894301268439e+03 3.373732638844996800e+16
5.797425463085105548e+03 3.374116500176901600e+16
5.797759031868942657e+03 3.374494972198366400e+16
5.798092600652778856e+03 3.374868086706109600e+16
5.798426169436616874e+03 3.375235876116358400e+16
5.798759738220453073e+03 3.375598373454086000e+16
5.799093307004290182e+03 3.375955612342215200e+16
5.799426875788126381e+03 3.376307626990782400e+16
5.799760444571964399e+03 3.376654452186080000e+16
5.800094013355800598e+03 3.376996123279789200e+16
5.800427582139636797e+03 3.377332676178091200e+16
5.800761150923474815e+03 3.377664147330766000e+16
5.801094719707311015e+03 3.377990573720307200e+16
5.801428288491148123e+03 3.378311992851004800e+16
5.801761857274985232e+03 3.378628442738083600e+16
5.802095426058822341e+03 3.378939961896803200e+16
5.802428994842658540e+03 3.379246589331611600e+16
5.802762563626495648e+03 3.379548364525311600e+16
5.803096132410332757e+03 3.379845327428240000e+16
5.803429701194169866e+03 3.380137518447493600e+16
5.803763269978006065e+03 3.380424978436198800e+16
5.804096838761844083e+03 3.380707748682800400e+16
5.804430407545680282e+03 3.380985870900402000e+16
5.804763976329516481e+03 3.381259387216177600e+16
5.805097545113354499e+03 3.381528340160808000e+16
5.805431113897190698e+03 3.381792772657987200e+16
5.805764682681027807e+03 3.382052728014004800e+16
5.806098251464864006e+03 3.382308249907365200e+16
5.806431820248702024e+03 3.382559382378500800e+16
5.806765389032538224e+03 3.382806169819557600e+16
5.807098957816375332e+03 3.383048656964237600e+16
5.807432526600212441e+03 3.383286888877756800e+16
5.807766095384049549e+03 3.383520910946847200e+16
5.808099664167885749e+03 3.383750768869876800e+16
5.808433232951721948e+03 3.383976508647054000e+16
5.808766801735559966e+03 3.384198176570720000e+16
5.809100370519396165e+03 3.384415819215730800e+16
5.809433939303233274e+03 3.384629483429965600e+16
5.809767508087070382e+03 3.384839216324916000e+16
5.810101076870907491e+03 3.385045065266372400e+16
5.810434645654743690e+03 3.385247077865249200e+16
5.810768214438581708e+03 3.385445301968495200e+16
5.811101783222417907e+03 3.385639785650119200e+16
5.811435352006255016e+03 3.385830577202334800e+16
5.811768920790091215e+03 3.386017725126828800e+16
5.812102489573929233e+03 3.386201278126129600e+16
5.812436058357765432e+03 3.386381285095110000e+16
5.812769627141601632e+03 3.386557795112603200e+16
5.813103195925439650e+03 3.386730857433159200e+16
5.813436764709275849e+03 3.386900521478891600e+16
5.813770333493112958e+03 3.387066836831490800e+16
5.814103902276950066e+03 3.387229853224336400e+16
5.814437471060787175e+03 3.387389620534746000e+16
5.814771039844623374e+03 3.387546188776352000e+16
5.815104608628460483e+03 3.387699608091619200e+16
5.815438177412297591e+03 3.387849928744469200e+16
5.815771746196134700e+03 3.387997201113058400e+16
5.816105314979970899e+03 3.388141475682682400e+16
5.816438883763808917e+03 3.388282803038804000e+16
5.816772452547645116e+03 3.388421233860217200e+16
5.817106021331481315e+03 3.388556818912353600e+16
5.817439590115319334e+03 3.388689609040704800e+16
5.817773158899155533e+03 3.388819655164388000e+16
5.818106727682992641e+03 3.388947008269846800e+16
5.818440296466828840e+03 3.389071719404664800e+16
5.818773865250666859e+03 3.389193839671544400e+16
5.819107434034503058e+03 3.389313420222372000e+16
5.819441002818340166e+03 3.389430512252462800e+16
5.819774571602177275e+03 3.389545166994896800e+16
5.820108140386014384e+03 3.389657435714995200e+16
5.820441709169850583e+03 3.389767369704941600e+16
5.820775277953687691e+03 3.389875020278502800e+16
5.821108846737524800e+03 3.389980438765900000e+16
5.821442415521360999e+03 3.390083676508784400e+16
5.821775984305198108e+03 3.390184784855360400e+16
5.822109553089035217e+03 3.390283815155610800e+16
5.822443121872872325e+03 3.390380818756642400e+16
5.822776690656708524e+03 3.390475846998176800e+16
5.823110259440546542e+03 3.390568951208136000e+16
5.823443828224382742e+03 3.390660182698336000e+16
5.823777397008218941e+03 3.390749592760339200e+16
5.824110965792056959e+03 3.390837232661370400e+16
5.824444534575893158e+03 3.390923153640364400e+16
5.824778103359730267e+03 3.391007406904142400e+16
5.825111672143566466e+03 3.391090043623662400e+16
5.825445240927404484e+03 3.391171114930400800e+16
5.825778809711240683e+03 3.391250671912814800e+16
5.826112378495077792e+03 3.391328765612940000e+16
5.826445947278914900e+03 3.391405447023051200e+16
5.826779516062752009e+03 3.391480767082447200e+16
5.827113084846588208e+03 3.391554776674314800e+16
5.827446653630426226e+03 3.391627526622697600e+16
5.827780222414262425e+03 3.391699067689541200e+16
5.828113791198098625e+03 3.391769450571848000e+16
5.828447359981935733e+03 3.391838725898899200e+16
5.828780928765772842e+03 3.391906944229563200e+16
5.829114497549609951e+03 3.391974156049690400e+16
5.829448066333446150e+03 3.392040411769593600e+16
5.829781635117284168e+03 3.392105761721586400e+16
5.830115203901120367e+03 3.392170256157605200e+16
5.830448772684957476e+03 3.392233945246912000e+16
5.830782341468794584e+03 3.392296879073853200e+16
5.831115910252631693e+03 3.392359107635671600e+16
5.831449479036467892e+03 3.392420680840428000e+16
5.831783047820304091e+03 3.392481648504927200e+16
5.832116616604142109e+03 3.392542060352748000e+16
5.832450185387978308e+03 3.392601966012295200e+16
5.832783754171815417e+03 3.392661415014931600e+16
5.833117322955652526e+03 3.392720456793147600e+16
5.833450891739489634e+03 3.392779140678773200e+16
5.833784460523325833e+03 3.392837515901252400e+16
5.834118029307163852e+03 3.392895631585942800e+16
5.834451598091000051e+03 3.392953536752472800e+16
5.834785166874837159e+03 3.393011280313116400e+16
5.835118735658673359e+03 3.393068911071223200e+16
5.835452304442511377e+03 3.393126477719671200e+16
5.835785873226347576e+03 3.393184028839342400e+16
5.836119442010183775e+03 3.393241612897648000e+16
5.836453010794021793e+03 3.393299278247057200e+16
5.836786579577857992e+03 3.393357073123653200e+16
5.837120148361695101e+03 3.393415045645721200e+16
5.837453717145532210e+03 3.393473243812342400e+16
5.837787285929369318e+03 3.393531715502003200e+16
5.838120854713205517e+03 3.393590508471229600e+16
5.838454423497042626e+03 3.393649670353213600e+16
5.838787992280879735e+03 3.393709248656472800e+16
5.839121561064716843e+03 3.393769290763480000e+16
5.839455129848553042e+03 3.393829843929339200e+16
5.839788698632391061e+03 3.393890955280430000e+16
5.840122267416227260e+03 3.393952671813067200e+16
5.840455836200063459e+03 3.394015040392153200e+16
5.840789404983901477e+03 3.394078107749829600e+16
5.841122973767737676e+03 3.394141920484109600e+16
5.841456542551574785e+03 3.394206525057523200e+16
5.841790111335410984e+03 3.394271967795727200e+16
5.842123680119249002e+03 3.394338294886120800e+16
5.842457248903085201e+03 3.394405552376433600e+16
5.842790817686922310e+03 3.394473786173312000e+16
5.843124386470759418e+03 3.394543042040866000e+16
5.843457955254596527e+03 3.394613365599213200e+16
5.843791524038432726e+03 3.394684802322998000e+16
5.844125092822269835e+03 3.394757397539881200e+16
5.844458661606106944e+03 3.394831196429001200e+16
5.844792230389943143e+03 3.394906244019421200e+16
5.845125799173780251e+03 3.394982585188543200e+16
5.845459367957617360e+03 3.395060264660481600e+16
5.845792936741454469e+03 3.395139327004414800e+16
5.846126505525290668e+03 3.395219816632906400e+16
5.846460074309128686e+03 3.395301777800190800e+16
5.846793643092964885e+03 3.395385254600408000e+16
5.847127211876801084e+03 3.395470290965822000e+16
5.847460780660639102e+03 3.395556930664999600e+16
5.847794349444475301e+03 3.395645217300931200e+16
5.848127918228312410e+03 3.395735194309131600e+16
5.848461487012148609e+03 3.395826904955692000e+16
5.848795055795986627e+03 3.395920392335286400e+16
5.849128624579822826e+03 3.396015699369132800e+16
5.849462193363659935e+03 3.396112868802931200e+16
5.849795762147497044e+03 3.396211943204718800e+16
5.850129330931334152e+03 3.396312964962718400e+16
5.850462899715170352e+03 3.396415976283113600e+16
5.850796468499008370e+03 3.396521019187787200e+16
5.851130037282844569e+03 3.396628135512010400e+16
5.851463606066680768e+03 3.396737366902082800e+16
5.851797174850517877e+03 3.396848754812924000e+16
5.852130743634354985e+03 3.396962340505612000e+16
5.852464312418192094e+03 3.397078165044875600e+16
5.852797881202028293e+03 3.397196269296532800e+16
5.853131449985866311e+03 3.397316693924887200e+16
5.853465018769702510e+03 3.397439479390051200e+16
5.853798587553539619e+03 3.397564665945245600e+16
5.854132156337376728e+03 3.397692293634028800e+16
5.854465725121213836e+03 3.397822402287475600e+16
5.854799293905050035e+03 3.397955031521316000e+16
5.855132862688886235e+03 3.398090220732991600e+16
5.855466431472724253e+03 3.398228009098712800e+16
5.855800000256560452e+03 3.398368435570399600e+16
5.856133569040397560e+03 3.398511538872622400e+16
5.856467137824234669e+03 3.398657357499459200e+16
5.856800706608071778e+03 3.398805929711309600e+16
5.857134275391907977e+03 3.398957293531668800e+16
5.857467844175745995e+03 3.399111486743826000e+16
5.857801412959582194e+03 3.399268546887526800e+16
5.858134981743419303e+03 3.399428511255586800e+16
5.858468550527255502e+03 3.399591416890439600e+16
5.858802119311093520e+03 3.399757300580648000e+16
5.859135688094929719e+03 3.399926198857352000e+16
5.859469256878765918e+03 3.400098147990681600e+16
5.859802825662603937e+03 3.400273183986104000e+16
5.860136394446440136e+03 3.400451342580732400e+16
5.860469963230277244e+03 3.400632659239580800e+16
5.860803532014114353e+03 3.400817169151779200e+16
5.861137100797951462e+03 3.401004907226720800e+16
5.861470669581787661e+03 3.401195908090185200e+16
5.861804238365624769e+03 3.401390206080402000e+16
5.862137807149461878e+03 3.401587835244073600e+16
5.862471375933298987e+03 3.401788829332347200e+16
5.862804944717135186e+03 3.401993221796746400e+16
5.863138513500973204e+03 3.402201045785064800e+16
5.863472082284809403e+03 3.402412334137198400e+16
5.863805651068645602e+03 3.402627119380960000e+16
5.864139219852483620e+03 3.402845433727832800e+16
5.864472788636319819e+03 3.403067309068685600e+16
5.864806357420156928e+03 3.403292776969466400e+16
5.865139926203993127e+03 3.403521868666830800e+16
5.865473494987831145e+03 3.403754615063756800e+16
5.865807063771667345e+03 3.403991046725089200e+16
5.866140632555504453e+03 3.404231193873102800e+16
5.866474201339341562e+03 3.404475086382970400e+16
5.866807770123178670e+03 3.404722753778230400e+16
5.867141338907014870e+03 3.404974225226216400e+16
5.867474907690851978e+03 3.405229529533453600e+16
5.867808476474689087e+03 3.405488695141021600e+16
5.868142045258525286e+03 3.405751750119887200e+16
5.868475614042362395e+03 3.406018722166206800e+16
5.868809182826199503e+03 3.406289638596615200e+16
5.869142751610036612e+03 3.406564526343456000e+16
5.869476320393872811e+03 3.406843411950027200e+16
5.869809889177710829e+03 3.407126321565770800e+16
5.870143457961547028e+03 3.407413280941444800e+16
5.870477026745383228e+03 3.407704315424287600e+16
5.870810595529221246e+03 3.407999449953149200e+16
5.871144164313057445e+03 3.408298709053598000e+16
5.871477733096894553e+03 3.408602116833024000e+16
5.871811301880730753e+03 3.408909696975712800e+16
5.872144870664568771e+03 3.409221472737912000e+16
5.872478439448404970e+03 3.409537466942860400e+16
5.872812008232242079e+03 3.409857701975846000e+16
5.873145577016079187e+03 3.410182199779210400e+16
5.873479145799916296e+03 3.410510981847353600e+16
5.873812714583752495e+03 3.410844069221752000e+16
5.874146283367590513e+03 3.411181482485936800e+16
5.874479852151426712e+03 3.411523241760472800e+16
5.874813420935262911e+03 3.411869366697952000e+16
5.875146989719100020e+03 3.412219876477950400e+16
5.875480558502937129e+03 3.412574789802018000e+16
5.875814127286774237e+03 3.412934124888618400e+16
5.876147696070610436e+03 3.413297899468126000e+16
5.876481264854448455e+03 3.413666130777782800e+16
5.876814833638284654e+03 3.414038835556656000e+16
5.877148402422121762e+03 3.414416030040642400e+16
5.877481971205958871e+03 3.414797729957426400e+16
5.877815539989795980e+03 3.415183950521465600e+16
5.878149108773632179e+03 3.415574706428999200e+16
5.878482677557468378e+03 3.415970011853044800e+16
5.878816246341306396e+03 3.416369880438408800e+16
5.879149815125142595e+03 3.416774325296722800e+16
5.879483383908979704e+03 3.417183359001473600e+16
5.879816952692816812e+03 3.417596993583071600e+16
5.880150521476653921e+03 3.418015240523916000e+16
5.880484090260490120e+03 3.418438110753482800e+16
5.880817659044328138e+03 3.418865614643444800e+16
5.881151227828164338e+03 3.419297762002796400e+16
5.881484796612001446e+03 3.419734562073014000e+16
5.881818365395837645e+03 3.420176023523230400e+16
5.882151934179675663e+03 3.420622154445448000e+16
5.882485502963511863e+03 3.421072962349754400e+16
5.882819071747348062e+03 3.421528454159607200e+16
5.883152640531186080e+03 3.421988636207105200e+16
5.883486209315022279e+03 3.422453514228325200e+16
5.883819778098859388e+03 3.422923093358676000e+16
5.884153346882696496e+03 3.423397378128298400e+16
5.884486915666533605e+03 3.423876372457477200e+16
5.884820484450369804e+03 3.424360079652131600e+16
5.885154053234206913e+03 3.424848502399313200e+16
5.885487622018044021e+03 3.425341642762761600e+16
5.885821190801881130e+03 3.425839502178491200e+16
5.886154759585717329e+03 3.426342081450444800e+16
5.886488328369555347e+03 3.426849380746170400e+16
5.886821897153391546e+03 3.427361399592555600e+16
5.887155465937227746e+03 3.427878136871620400e+16
5.887489034721065764e+03 3.428399590816352800e+16
5.887822603504901963e+03 3.428925759006594000e+16
5.888156172288739072e+03 3.429456638365004000e+16
5.888489741072575271e+03 3.429992225153040000e+16
5.888823309856413289e+03 3.430532514967044000e+16
5.889156878640249488e+03 3.431077502734347200e+16
5.889490447424086597e+03 3.431627182709477600e+16
5.889824016207923705e+03 3.432181548470396400e+16
5.890157584991760814e+03 3.432740592914816000e+16
5.890491153775597013e+03 3.433304308256597200e+16
5.890824722559434122e+03 3.433872686022194800e+16
5.891158291343271230e+03 3.434445717047185600e+16
5.891491860127107429e+03 3.435023391472876800e+16
5.891825428910944538e+03 3.435605698742974000e+16
5.892158997694781647e+03 3.436192627600341600e+16
5.892492566478618755e+03 3.436784166083832400e+16
5.892826135262454954e+03 3.437380301525202400e+16
5.893159704046292973e+03 3.437981020546108800e+16
5.893493272830129172e+03 3.438586309055192800e+16
5.893826841613965371e+03 3.439196152245245200e+16
5.894160410397803389e+03 3.439810534590474400e+16
5.894493979181639588e+03 3.440429439843843200e+16
5.894827547965476697e+03 3.441052851034518400e+16
5.895161116749312896e+03 3.441680750465407600e+16
5.895494685533150914e+03 3.442313119710786800e+16
5.895828254316987113e+03 3.442949939614041200e+16
5.896161823100824222e+03 3.443591190285486400e+16
5.896495391884661331e+03 3.444236851100318800e+16
5.896828960668498439e+03 3.444886900696641600e+16
5.897162529452334638e+03 3.445541316973627200e+16
5.897496098236172656e+03 3.446200077089759200e+16
5.897829667020008856e+03 3.446863157461204400e+16
5.898163235803845055e+03 3.447530533760301600e+16
5.898496804587682163e+03 3.448202180914140800e+16
5.898830373371519272e+03 3.448878073103291600e+16
5.899163942155356381e+03 3.449558183760620000e+16
5.899497510939192580e+03 3.450242485570246800e+16
5.899831079723030598e+03 3.450930950466634400e+16
5.900164648506866797e+03 3.451623549633760000e+16
5.900498217290703906e+03 3.452320253504471600e+16
5.900831786074541014e+03 3.453021031759932000e+16
5.901165354858378123e+03 3.453725853329205600e+16
5.901498923642214322e+03 3.454434686388986800e+16
5.901832492426050521e+03 3.455147498363460000e+16
5.902166061209888539e+03 3.455864255924286000e+16
5.902499629993724739e+03 3.456584924990743200e+16
5.902833198777561847e+03 3.457309470730005200e+16
5.903166767561398956e+03 3.458037857557559200e+16
5.903500336345236065e+03 3.458770049137767600e+16
5.903833905129072264e+03 3.459506008384596800e+16
5.904167473912910282e+03 3.460245697462463200e+16
5.904501042696746481e+03 3.460989077787256800e+16
5.904834611480583590e+03 3.461736110027516400e+16
5.905168180264419789e+03 3.462486754105743200e+16
5.905501749048257807e+03 3.463240969199892000e+16
5.905835317832094006e+03 3.463998713745006400e+16
5.906168886615930205e+03 3.464759945435026400e+16
5.906502455399768223e+03 3.465524621224760800e+16
5.906836024183604422e+03 3.466292697332004000e+16
5.907169592967441531e+03 3.467064129239850000e+16
5.907503161751278640e+03 3.467838871699155200e+16
5.907836730535115748e+03 3.468616878731174400e+16
5.908170299318951947e+03 3.469398103630375600e+16
5.908503868102789056e+03 3.470182498967427600e+16
5.908837436886626165e+03 3.470970016592353600e+16
5.909171005670463273e+03 3.471760607637877200e+16
5.909504574454299473e+03 3.472554222522938400e+16
5.909838143238137491e+03 3.473350810956394400e+16
5.910171712021973690e+03 3.474150321940892400e+16
5.910505280805809889e+03 3.474952703776947200e+16
5.910838849589647907e+03 3.475757904067188400e+16
5.911172418373484106e+03 3.476565869720786000e+16
5.911505987157321215e+03 3.477376546958098400e+16
5.911839555941157414e+03 3.478189881315465600e+16
5.912173124724995432e+03 3.479005817650230400e+16
5.912506693508831631e+03 3.479824300145928400e+16
5.912840262292668740e+03 3.480645272317690400e+16
5.913173831076505849e+03 3.481468677017812800e+16
5.913507399860342957e+03 3.482294456441551600e+16
5.913840968644179156e+03 3.483122552133100400e+16
5.914174537428016265e+03 3.483952904991757200e+16
5.914508106211853374e+03 3.484785455278312400e+16
5.914841674995689573e+03 3.485620142621610400e+16
5.915175243779526681e+03 3.486456906025329600e+16
5.915508812563363790e+03 3.487295683874957600e+16
5.915842381347200899e+03 3.488136413944962400e+16
5.916175950131037098e+03 3.488979033406180400e+16
5.916509518914875116e+03 3.489823478833383600e+16
5.916843087698711315e+03 3.490669686213070800e+16
5.917176656482547514e+03 3.491517590951457200e+16
5.917510225266385532e+03 3.492367127882659200e+16
5.917843794050221732e+03 3.493218231277089200e+16
5.918177362834058840e+03 3.494070834850050400e+16
5.918510931617895039e+03 3.494924871770548800e+16
5.918844500401733058e+03 3.495780274670281600e+16
5.919178069185569257e+03 3.496636975652860800e+16
5.919511637969406365e+03 3.497494906303216400e+16
5.919845206753243474e+03 3.498353997697212000e+16
5.920178775537080583e+03 3.499214180411459200e+16
5.920512344320916782e+03 3.500075384533342000e+16
5.920845913104754800e+03 3.500937539671234000e+16
5.921179481888590999e+03 3.501800574964912000e+16
5.921513050672427198e+03 3.502664419096183200e+16
5.921846619456264307e+03 3.503529000299701600e+16
5.922180188240101415e+03 3.504394246373986000e+16
5.922513757023938524e+03 3.505260084692614800e+16
5.922847325807774723e+03 3.506126442215662000e+16
5.923180894591612741e+03 3.506993245501271600e+16
5.923514463375448940e+03 3.507860420717462400e+16
5.923848032159286049e+03 3.508727893654109600e+16
5.924181600943123158e+03 3.509595589735116400e+16
5.924515169726960266e+03 3.510463434030766000e+16
5.924848738510796466e+03 3.511331351270279200e+16
5.925182307294632665e+03 3.512199265854530400e+16
5.925515876078470683e+03 3.513067101868955200e+16
5.925849444862306882e+03 3.513934783096639600e+16
5.926183013646143991e+03 3.514802233031580000e+16
5.926516582429981099e+03 3.515669374892120400e+16
5.926850151213818208e+03 3.516536131634551600e+16
5.927183719997654407e+03 3.517402425966892800e+16
5.927517288781492425e+03 3.518268180362828800e+16
5.927850857565328624e+03 3.519133317075800800e+16
5.928184426349165733e+03 3.519997758153281200e+16
5.928517995133001932e+03 3.520861425451180800e+16
5.928851563916839950e+03 3.521724240648411600e+16
5.929185132700676149e+03 3.522586125261610000e+16
5.929518701484512349e+03 3.523447000659993200e+16
5.929852270268350367e+03 3.524306788080363200e+16
5.930185839052186566e+03 3.525165408642245600e+16
5.930519407836023674e+03 3.526022783363161600e+16
5.930852976619860783e+03 3.526878833174029600e+16
5.931186545403697892e+03 3.527733478934690800e+16
5.931520114187534091e+03 3.528586641449563200e+16
5.931853682971371200e+03 3.529438241483392400e+16
5.932187251755208308e+03 3.530288199777137200e+16
5.932520820539045417e+03 3.531136437063942800e+16
5.932854389322881616e+03 3.531982874085234400e+16
5.933187958106719634e+03 3.532827431606888400e+16
5.933521526890555833e+03 3.533670030435506400e+16
5.933855095674392032e+03 3.534510591434777200e+16
5.934188664458230051e+03 3.535349035541919600e+16
5.934522233242066250e+03 3.536185283784184000e+16
5.934855802025903358e+03 3.537019257295463600e+16
5.935189370809739557e+03 3.537850877332929600e+16
5.935522939593577576e+03 3.538680065293744800e+16
5.935856508377413775e+03 3.539506742731830800e+16
5.936190077161250883e+03 3.540330831374689200e+16
5.936523645945087992e+03 3.541152253140240400e+16
5.936857214728925101e+03 3.541970930153729200e+16
5.937190783512761300e+03 3.542786784764633600e+16
5.937524352296598408e+03 3.543599739563614800e+16
5.937857921080435517e+03 3.544409717399476800e+16
5.938191489864271716e+03 3.545216641396136000e+16
5.938525058648108825e+03 3.546020434969599600e+16
5.938858627431945933e+03 3.546821021844936400e+16
5.939192196215783042e+03 3.547618326073232000e+16
5.939525764999619241e+03 3.548412272048568000e+16
5.939859333783457259e+03 3.549202784524906000e+16
5.940192902567293459e+03 3.549989788633018800e+16
5.940526471351129658e+03 3.550773209897335200e+16
5.940860040134967676e+03 3.551552974252769600e+16
5.941193608918803875e+03 3.552329008061484400e+16
5.941527177702640984e+03 3.553101238129602800e+16
5.941860746486477183e+03 3.553869591723865200e+16
5.942194315270315201e+03 3.554633996588199600e+16
5.942527884054151400e+03 3.555394380960238400e+16
5.942861452837988509e+03 3.556150673587711600e+16
5.943195021621825617e+03 3.556902803744801600e+16
5.943528590405662726e+03 3.557650701248345600e+16
5.943862159189498925e+03 3.558394296473969200e+16
5.944195727973336943e+03 3.559133520372105200e+16
5.944529296757173142e+03 3.559868304483852400e+16
5.944862865541009342e+03 3.560598580956771600e+16
5.945196434324846450e+03 3.561324282560492800e+16
5.945530003108683559e+03 3.562045342702208800e+16
5.945863571892520667e+03 3.562761695442012000e+16
5.946197140676356867e+03 3.563473275508086800e+16
5.946530709460194885e+03 3.564180018311728400e+16
5.946864278244031084e+03 3.564881859962184000e+16
5.947197847027868193e+03 3.565578737281352800e+16
5.947531415811705301e+03 3.566270587818268000e+16
5.947864984595542410e+03 3.566957349863409200e+16
5.948198553379378609e+03 3.567638962462807200e+16
5.948532122163214808e+03 3.568315365431968000e+16
5.948865690947052826e+03 3.568986499369550400e+16
5.949199259730889025e+03 3.569652305670872000e+16
5.949532828514726134e+03 3.570312726541160400e+16
5.949866397298563243e+03 3.570967705008591200e+16
5.950199966082400351e+03 3.571617184937091200e+16
5.950533534866236550e+03 3.572261111038890400e+16
5.950867103650074569e+03 3.572899428886855200e+16
5.951200672433910768e+03 3.573532084926524800e+16
5.951534241217747876e+03 3.574159026487941200e+16
5.951867810001584076e+03 3.574780201797173200e+16
5.952201378785422094e+03 3.575395559987603200e+16
5.952534947569258293e+03 3.576005051110900800e+16
5.952868516353094492e+03 3.576608626147768800e+16
5.953202085136932510e+03 3.577206237018366000e+16
5.953535653920768709e+03 3.577797836592438800e+16
5.953869222704605818e+03 3.578383378699194000e+16
5.954202791488442926e+03 3.578962818136828000e+16
5.954536360272280035e+03 3.579536110681784800e+16
5.954869929056116234e+03 3.580103213097692000e+16
5.955203497839953343e+03 3.580664083143991200e+16
5.955537066623790452e+03 3.581218679584238800e+16
5.955870635407627560e+03 3.581766962194099600e+16
5.956204204191463759e+03 3.582308891769020800e+16
5.956537772975301777e+03 3.582844430131566000e+16
5.956871341759137977e+03 3.583373540138417600e+16
5.957204910542974176e+03 3.583896185687065200e+16
5.957538479326812194e+03 3.584412331722136000e+16
5.957872048110648393e+03 3.584921944241389600e+16
5.958205616894485502e+03 3.585424990301385600e+16
5.958539185678321701e+03 3.585921438022796000e+16
5.958872754462159719e+03 3.586411256595371600e+16
5.959206323245995918e+03 3.586894416282548800e+16
5.959539892029833027e+03 3.587370888425736000e+16
5.959873460813670135e+03 3.587840645448229600e+16
5.960207029597507244e+03 3.588303660858759600e+16
5.960540598381343443e+03 3.588759909254728400e+16
5.960874167165180552e+03 3.589209366325048800e+16
5.961207735949017660e+03 3.589652008852638400e+16
5.961541304732853860e+03 3.590087814716594400e+16
5.961874873516690968e+03 3.590516762893944800e+16
5.962208442300528077e+03 3.590938833461110800e+16
5.962542011084365186e+03 3.591354007594961200e+16
5.962875579868201385e+03 3.591762267573544800e+16
5.963209148652039403e+03 3.592163596776458000e+16
5.963542717435875602e+03 3.592557979684843200e+16
5.963876286219711801e+03 3.592945401881054400e+16
5.964209855003549819e+03 3.593325850047970800e+16
5.964543423787386018e+03 3.593699311967929600e+16
5.964876992571223127e+03 3.594065776521356000e+16
5.965210561355059326e+03 3.594425233685004800e+16
5.965544130138897344e+03 3.594777674529887600e+16
5.965877698922733543e+03 3.595123091218835600e+16
5.966211267706570652e+03 3.595461477003728400e+16
5.966544836490407761e+03 3.595792826222400800e+16
5.966878405274244869e+03 3.596117134295186000e+16
5.967211974058081069e+03 3.596434397721152000e+16
5.967545542841919087e+03 3.596744614074005600e+16
5.967879111625755286e+03 3.597047781997654400e+16
5.968212680409591485e+03 3.597343901201471200e+16
5.968546249193428594e+03 3.597632972455222400e+16
5.968879817977265702e+03 3.597914997583706400e+16
5.969213386761102811e+03 3.598189979461048000e+16
5.969546955544939010e+03 3.598457922004720800e+16
5.969880524328777028e+03 3.598718830169261200e+16
5.970214093112613227e+03 3.598972709939673200e+16
5.970547661896450336e+03 3.599219568324564400e+16
5.970881230680287445e+03 3.599459413348975200e+16
5.971214799464124553e+03 3.599692254046954000e+16
5.971548368247960752e+03 3.599918100453830400e+16
5.971881937031796951e+03 3.600136963598237200e+16
5.972215505815634970e+03 3.600348855493868000e+16
5.972549074599471169e+03 3.600553789130972800e+16
5.972882643383308277e+03 3.600751778467600000e+16
5.973216212167145386e+03 3.600942838420606400e+16
5.973549780950982495e+03 3.601126984856406000e+16
5.973883349734818694e+03 3.601304234581510800e+16
5.974216918518656712e+03 3.601474605332834000e+16
5.974550487302492911e+03 3.601638115767761200e+16
5.974884056086330020e+03 3.601794785454036000e+16
5.975217624870166219e+03 3.601944634859421600e+16
5.975551193654004237e+03 3.602087685341158000e+16
5.975884762437840436e+03 3.602223959135242400e+16
5.976218331221676635e+03 3.602353479345516400e+16
5.976551900005514653e+03 3.602476269932583200e+16
5.976885468789350853e+03 3.602592355702529600e+16
5.977219037573187961e+03 3.602701762295515200e+16
5.977552606357024160e+03 3.602804516174195600e+16
5.977886175140862179e+03 3.602900644611976800e+16
5.978219743924698378e+03 3.602990175681158400e+16
5.978553312708535486e+03 3.603073138240916000e+16
5.978886881492372595e+03 3.603149561925187200e+16
5.979220450276209704e+03 3.603219477130395200e+16
5.979554019060045903e+03 3.603282915003113600e+16
5.979887587843883921e+03 3.603339907427572800e+16
5.980221156627720120e+03 3.603390487013120800e+16
5.980554725411556319e+03 3.603434687081548000e+16
5.980888294195393428e+03 3.603472541654373600e+16
5.981221862979230536e+03 3.603504085440024000e+16
5.981555431763067645e+03 3.603529353820961600e+16
5.981889000546903844e+03 3.603548382840760000e+16
5.982222569330741862e+03 3.603561209191104800e+16
5.982556138114578062e+03 3.603567870198780800e+16
5.982889706898415170e+03 3.603568403812590400e+16
5.983223275682252279e+03 3.603562848590278400e+16
5.983556844466089387e+03 3.603551243685400800e+16
5.983890413249925587e+03 3.603533628834200800e+16
5.984223982033761786e+03 3.603510044342475200e+16
5.984557550817599804e+03 3.603480531072424800e+16
5.984891119601436003e+03 3.603445130429539200e+16
5.985224688385273112e+03 3.603403884349465600e+16
5.985558257169110220e+03 3.603356835284921600e+16
5.985891825952947329e+03 3.603304026192624000e+16
5.986225394736783528e+03 3.603245500520256800e+16
5.986558963520621546e+03 3.603181302193479200e+16
5.986892532304457745e+03 3.603111475602973600e+16
5.987226101088293944e+03 3.603036065591562400e+16
5.987559669872131053e+03 3.602955117441384000e+16
5.987893238655968162e+03 3.602868676861112000e+16
5.988226807439805270e+03 3.602776789973277200e+16
5.988560376223641470e+03 3.602679503301656800e+16
5.988893945007479488e+03 3.602576863758745600e+16
5.989227513791315687e+03 3.602468918633314800e+16
5.989561082575152795e+03 3.602355715578089600e+16
5.989894651358989904e+03 3.602237302597486800e+16
5.990228220142827013e+03 3.602113728035506800e+16
5.990561788926663212e+03 3.601985040563704000e+16
5.990895357710499411e+03 3.601851289169288800e+16
5.991228926494337429e+03 3.601712523143352000e+16
5.991562495278173628e+03 3.601568792069215600e+16
5.991896064062010737e+03 3.601420145810904000e+16
5.992229632845847846e+03 3.601266634501777600e+16
5.992563201629684954e+03 3.601108308533276000e+16
5.992896770413521153e+03 3.600945218543834000e+16
5.993230339197359172e+03 3.600777415407928400e+16
5.993563907981195371e+03 3.600604950225282000e+16
5.993897476765032479e+03 3.600427874310230800e+16
5.994231045548868678e+03 3.600246239181246000e+16
5.994564614332706697e+03 3.600060096550615600e+16
5.994898183116542896e+03 3.599869498314298800e+16
5.995231751900379095e+03 3.599674496541952800e+16
5.995565320684217113e+03 3.599475143467122400e+16
5.995898889468053312e+03 3.599271491477616800e+16
5.996232458251890421e+03 3.599063593106050000e+16
5.996566027035727529e+03 3.598851501020584800e+16
5.996899595819564638e+03 3.598635268015820400e+16
5.997233164603400837e+03 3.598414947003920800e+16
5.997566733387237946e+03 3.598190591005867200e+16
5.997900302171075055e+03 3.597962253142947600e+16
5.998233870954912163e+03 3.597729986628416000e+16
5.998567439738748362e+03 3.597493844759336000e+16
5.998901008522586380e+03 3.597253880908638400e+16
5.999234577306422580e+03 3.597010148517339200e+16
5.999568146090258779e+03 3.596762701086996800e+16
5.999901714874096797e+03 3.596511592172318000e+16
6.000235283657932996e+03 3.596256875373995200e+16
6.000568852441770105e+03 3.595998604331712000e+16
6.000902421225606304e+03 3.595736832717368000e+16
6.001235990009444322e+03 3.595471614228488800e+16
6.001569558793280521e+03 3.595203002581818800e+16
6.001903127577117630e+03 3.594931051507143200e+16
6.002236696360954738e+03 3.594655814741280400e+16
6.002570265144791847e+03 3.594377346022258000e+16
6.002903833928628046e+03 3.594095699083724400e+16
6.003237402712466064e+03 3.593810927649510400e+16
6.003570971496302263e+03 3.593523085428409200e+16
6.003904540280138463e+03 3.593232226109138000e+16
6.004238109063975571e+03 3.592938403355490000e+16
6.004571677847812680e+03 3.592641670801676400e+16
6.004905246631649788e+03 3.592342082047854400e+16
6.005238815415485988e+03 3.592039690655835600e+16
6.005572384199324006e+03 3.591734550144990400e+16
6.005905952983160205e+03 3.591426713988316800e+16
6.006239521766997314e+03 3.591116235608696400e+16
6.006573090550834422e+03 3.590803168375344000e+16
6.006906659334671531e+03 3.590487565600384800e+16
6.007240228118507730e+03 3.590169480535665200e+16
6.007573796902343929e+03 3.589848966369680800e+16
6.007907365686181947e+03 3.589526076224698000e+16
6.008240934470018146e+03 3.589200863154045600e+16
6.008574503253855255e+03 3.588873380139530400e+16
6.008908072037692364e+03 3.588543680089068800e+16
6.009241640821529472e+03 3.588211815834411200e+16
6.009575209605365671e+03 3.587877840129072400e+16
6.009908778389203690e+03 3.587541805646363600e+16
6.010242347173039889e+03 3.587203764977620800e+16
6.010575915956876088e+03 3.586863770630517200e+16
6.010909484740713197e+03 3.586521875027566800e+16
6.011243053524550305e+03 3.586178130504730800e+16
6.011576622308387414e+03 3.585832589310158400e+16
6.011910191092223613e+03 3.585485303603077600e+16
6.012243759876061631e+03 3.585136325452776400e+16
6.012577328659897830e+03 3.584785706837725600e+16
6.012910897443734939e+03 3.584433499644817600e+16
6.013244466227572048e+03 3.584079755668704400e+16
6.013578035011409156e+03 3.583724526611259200e+16
6.013911603795245355e+03 3.583367864081118800e+16
6.014245172579081554e+03 3.583009819593368000e+16
6.014578741362919573e+03 3.582650444569262400e+16
6.014912310146755772e+03 3.582289790336093600e+16
6.015245878930592880e+03 3.581927908127109600e+16
6.015579447714429989e+03 3.581564849081539600e+16
6.015913016498267098e+03 3.581200664244682800e+16
6.016246585282103297e+03 3.580835404568078400e+16
6.016580154065941315e+03 3.580469120909750800e+16
6.016913722849777514e+03 3.580101864034499200e+16
6.017247291633614623e+03 3.579733684614292000e+16
6.017580860417450822e+03 3.579364633228666000e+16
6.017914429201288840e+03 3.578994760365230400e+16
6.018247997985125039e+03 3.578624116420166800e+16
6.018581566768961238e+03 3.578252751698824800e+16
6.018915135552799256e+03 3.577880716416338400e+16
6.019248704336635456e+03 3.577508060698252400e+16
6.019582273120472564e+03 3.577134834581232800e+16
6.019915841904309673e+03 3.576761088013755600e+16
6.020249410688146781e+03 3.576386870856857600e+16
6.020582979471982981e+03 3.576012232884877200e+16
6.020916548255820089e+03 3.575637223786236400e+16
6.021250117039657198e+03 3.575261893164219600e+16
6.021583685823494307e+03 3.574886290537748000e+16
6.021917254607330506e+03 3.574510465342195200e+16
6.022250823391168524e+03 3.574134466930160400e+16
6.022584392175004723e+03 3.573758344572267600e+16
6.022917960958840922e+03 3.573382147457934400e+16
6.023251529742678940e+03 3.573005924696153600e+16
6.023585098526515139e+03 3.572629725316226400e+16
6.023918667310352248e+03 3.572253598268506400e+16
6.024252236094188447e+03 3.571877592425108000e+16
6.024585804878026465e+03 3.571501756580581200e+16
6.024919373661862664e+03 3.571126139452568800e+16
6.025252942445699773e+03 3.570750789682418000e+16
6.025586511229536882e+03 3.570375755835770000e+16
6.025920080013373990e+03 3.570001086403086400e+16
6.026253648797210190e+03 3.569626829800162000e+16
6.026587217581048208e+03 3.569253034368556400e+16
6.026920786364884407e+03 3.568879748376002800e+16
6.027254355148720606e+03 3.568507020016758400e+16
6.027587923932557715e+03 3.568134897411877200e+16
6.027921492716394823e+03 3.567763428609462800e+16
6.028255061500231932e+03 3.567392661584820000e+16
6.028588630284068131e+03 3.567022644240566000e+16
6.028922199067906149e+03 3.566653424406669600e+16
6.029255767851742348e+03 3.566285049840416800e+16
6.029589336635579457e+03 3.565917568226308000e+16
6.029922905419416566e+03 3.565551027175884000e+16
6.030256474203253674e+03 3.565185474227459200e+16
6.030590042987089873e+03 3.564820956845800800e+16
6.030923611770926072e+03 3.564457522421708000e+16
6.031257180554764091e+03 3.564095218271514400e+16
6.031590749338600290e+03 3.563734091636504800e+16
6.031924318122437398e+03 3.563374189682248400e+16
6.032257886906274507e+03 3.563015559497843200e+16
6.032591455690111616e+03 3.562658248095059200e+16
6.032925024473947815e+03 3.562302302407407600e+16
6.033258593257785833e+03 3.561947769289110400e+16
6.033592162041622032e+03 3.561594695513960800e+16
6.033925730825458231e+03 3.561243127774116400e+16
6.034259299609295340e+03 3.560893112678771600e+16
6.034592868393132449e+03 3.560544696752739200e+16
6.034926437176969557e+03 3.560197926434939600e+16
6.035260005960805756e+03 3.559852848076778400e+16
6.035593574744643774e+03 3.559509507940442400e+16
6.035927143528479974e+03 3.559167952197063200e+16
6.036260712312317082e+03 3.558828226924816000e+16
6.036594281096154191e+03 3.558490378106886000e+16
6.036927849879991300e+03 3.558154451629348800e+16
6.037261418663827499e+03 3.557820493278939600e+16
6.037594987447663698e+03 3.557488548740724800e+16
6.037928556231501716e+03 3.557158663595668000e+16
6.038262125015337915e+03 3.556830883318075600e+16
6.038595693799175024e+03 3.556505253272987200e+16
6.038929262583012132e+03 3.556181818713394800e+16
6.039262831366849241e+03 3.555860624777410400e+16
6.039596400150685440e+03 3.555541716485319600e+16
6.039929968934523458e+03 3.555225138736509600e+16
6.040263537718359657e+03 3.554910936306324400e+16
6.040597106502196766e+03 3.554599153842798400e+16
6.040930675286032965e+03 3.554289835863303600e+16
6.041264244069870983e+03 3.553983026751077600e+16
6.041597812853707183e+03 3.553678770751668800e+16
6.041931381637543382e+03 3.553377111969276000e+16
6.042264950421381400e+03 3.553078094362990400e+16
6.042598519205217599e+03 3.552781761742938400e+16
6.042932087989054708e+03 3.552488157766323200e+16
6.043265656772891816e+03 3.552197325933397200e+16
6.043599225556728925e+03 3.551909309583298000e+16
6.043932794340565124e+03 3.551624151889833200e+16
6.044266363124402233e+03 3.551341895857143200e+16
6.044599931908239341e+03 3.551062584315297600e+16
6.044933500692076450e+03 3.550786259915780000e+16
6.045267069475912649e+03 3.550512965126903600e+16
6.045600638259750667e+03 3.550242742229145600e+16
6.045934207043586866e+03 3.549975633310358000e+16
6.046267775827423065e+03 3.549711680260960000e+16
6.046601344611261084e+03 3.549450924768991200e+16
6.046934913395097283e+03 3.549193408315121200e+16
6.047268482178934391e+03 3.548939172167563200e+16
6.047602050962770591e+03 3.548688257376921600e+16
6.047935619746608609e+03 3.548440704770979600e+16
6.048269188530444808e+03 3.548196554949366800e+16
6.048602757314281916e+03 3.547955848278228000e+16
6.048936326098119025e+03 3.547718624884766000e+16
6.049269894881956134e+03 3.547484924651738800e+16
6.049603463665792333e+03 3.547254787211908000e+16
6.049937032449630351e+03 3.547028251942406800e+16
6.050270601233466550e+03 3.546805357959050400e+16
6.050604170017302749e+03 3.546586144110603200e+16
6.050937738801139858e+03 3.546370648972984800e+16
6.051271307584976967e+03 3.546158910843404800e+16
6.051604876368814075e+03 3.545950967734489200e+16
6.051938445152650274e+03 3.545746857368310400e+16
6.052272013936488293e+03 3.545546617170418400e+16
6.052605582720324492e+03 3.545350284263786800e+16
6.052939151504161600e+03 3.545157895462753600e+16
6.053272720287998709e+03 3.544969487266895600e+16
6.053606289071835818e+03 3.544785095854888000e+16
6.053939857855672017e+03 3.544604757078322400e+16
6.054273426639508216e+03 3.544428506455482800e+16
6.054606995423346234e+03 3.544256379165116800e+16
6.054940564207182433e+03 3.544088410040159200e+16
6.055274132991019542e+03 3.543924633561438000e+16
6.055607701774856650e+03 3.543765083851378800e+16
6.055941270558693759e+03 3.543609794667647200e+16
6.056274839342529958e+03 3.543458799396823200e+16
6.056608408126367976e+03 3.543312131048029600e+16
6.056941976910204176e+03 3.543169822246561200e+16
6.057275545694040375e+03 3.543031905227505600e+16
6.057609114477877483e+03 3.542898411829352400e+16
6.057942683261714592e+03 3.542769373487613200e+16
6.058276252045551701e+03 3.542644821228411200e+16
6.058609820829387900e+03 3.542524785662110400e+16
6.058943389613225918e+03 3.542409296976920400e+16
6.059276958397062117e+03 3.542298384932511200e+16
6.059610527180899226e+03 3.542192078853656000e+16
6.059944095964736334e+03 3.542090407623858400e+16
6.060277664748573443e+03 3.541993399679014000e+16
6.060611233532409642e+03 3.541901083001081600e+16
6.060944802316245841e+03 3.541813485111772400e+16
6.061278371100083859e+03 3.541730633066255600e+16
6.061611939883920058e+03 3.541652553446902800e+16
6.061945508667757167e+03 3.541579272357041200e+16
6.062279077451594276e+03 3.541510815414747600e+16
6.062612646235431384e+03 3.541447207746669600e+16
6.062946215019267584e+03 3.541388473981876000e+16
6.063279783803105602e+03 3.541334638245757200e+16
6.063613352586941801e+03 3.541285724153935200e+16
6.063946921370778909e+03 3.541241754806258000e+16
6.064280490154615109e+03 3.541202752780789600e+16
6.064614058938453127e+03 3.541168740127879200e+16
6.064947627722289326e+03 3.541139738364267600e+16
6.065281196506125525e+03 3.541115768467230400e+16
6.065614765289963543e+03 3.541096850868812400e+16
6.065948334073799742e+03 3.541083005450048800e+16
6.066281902857636851e+03 3.541074251535329600e+16
6.066615471641473960e+03 3.541070607886741200e+16
6.066949040425311068e+03 3.541072092698528000e+16
6.067282609209147267e+03 3.541078723591586400e+16
6.067616177992984376e+03 3.541090517608031200e+16
6.067949746776821485e+03 3.541107491205845200e+16
6.068283315560658593e+03 3.541129660253567600e+16
6.068616884344494792e+03 3.541157040025088000e+16
6.068950453128332811e+03 3.541189645194493600e+16
6.069284021912169010e+03 3.541227489830992800e+16
6.069617590696005209e+03 3.541270587393936800e+16
6.069951159479843227e+03 3.541318950727894800e+16
6.070284728263679426e+03 3.541372592057830000e+16
6.070618297047516535e+03 3.541431522984359600e+16
6.070951865831352734e+03 3.541495754479096000e+16
6.071285434615190752e+03 3.541565296880067600e+16
6.071619003399026951e+03 3.541640159887252800e+16
6.071952572182864060e+03 3.541720352558186800e+16
6.072286140966701169e+03 3.541805883303674400e+16
6.072619709750538277e+03 3.541896759883591200e+16
6.072953278534374476e+03 3.541992989402789600e+16
6.073286847318212494e+03 3.542094578307101200e+16
6.073620416102048694e+03 3.542201532379439200e+16
6.073953984885884893e+03 3.542313856736011600e+16
6.074287553669722001e+03 3.542431555822636800e+16
6.074621122453559110e+03 3.542554633411162400e+16
6.074954691237396219e+03 3.542683092595994000e+16
6.075288260021232418e+03 3.542816935790740800e+16
6.075621828805070436e+03 3.542956164724980000e+16
6.075955397588906635e+03 3.543100780441108400e+16
6.076288966372743744e+03 3.543250783291341200e+16
6.076622535156580852e+03 3.543406172934813200e+16
6.076956103940417961e+03 3.543566948334797600e+16
6.077289672724254160e+03 3.543733107756052400e+16
6.077623241508090359e+03 3.543904648762294400e+16
6.077956810291928377e+03 3.544081568213778400e+16
6.078290379075764577e+03 3.544263862265018400e+16
6.078623947859601685e+03 3.544451526362647600e+16
6.078957516643438794e+03 3.544644555243366400e+16
6.079291085427275902e+03 3.544842942932064400e+16
6.079624654211112102e+03 3.545046682740053600e+16
6.079958222994950120e+03 3.545255767263444400e+16
6.080291791778786319e+03 3.545470188381637200e+16
6.080625360562622518e+03 3.545689937255969600e+16
6.080958929346459627e+03 3.545915004328510800e+16
6.081292498130296735e+03 3.546145379320964800e+16
6.081626066914133844e+03 3.546381051233732000e+16
6.081959635697970043e+03 3.546622008345119200e+16
6.082293204481808061e+03 3.546868238210680000e+16
6.082626773265644260e+03 3.547119727662705600e+16
6.082960342049481369e+03 3.547376462809867200e+16
6.083293910833318478e+03 3.547638429036993600e+16
6.083627479617155586e+03 3.547905611005002400e+16
6.083961048400991785e+03 3.548177992650993600e+16
6.084294617184827985e+03 3.548455557188473600e+16
6.084628185968666003e+03 3.548738287107751600e+16
6.084961754752502202e+03 3.549026164176460000e+16
6.085295323536339311e+03 3.549319169440269200e+16
6.085628892320176419e+03 3.549617283223735200e+16
6.085962461104013528e+03 3.549920485131281600e+16
6.086296029887849727e+03 3.550228754048409600e+16
6.086629598671687745e+03 3.550542068142980000e+16
6.086963167455523944e+03 3.550860404866716000e+16
6.087296736239361053e+03 3.551183740956840000e+16
6.087630305023197252e+03 3.551512052437897600e+16
6.087963873807035270e+03 3.551845314623699600e+16
6.088297442590871469e+03 3.552183502119481600e+16
6.088631011374707668e+03 3.552526588824177600e+16
6.088964580158545687e+03 3.552874547932903200e+16
6.089298148942381886e+03 3.553227351939573600e+16
6.089631717726218994e+03 3.553584972639697600e+16
6.089965286510056103e+03 3.553947381133354400e+16
6.090298855293893212e+03 3.554314547828306800e+16
6.090632424077729411e+03 3.554686442443320800e+16
6.090965992861566519e+03 3.555063034011628400e+16
6.091299561645403628e+03 3.555444290884562000e+16
6.091633130429240737e+03 3.555830180735377600e+16
6.091966699213076936e+03 3.556220670563235600e+16
6.092300267996914954e+03 3.556615726697356400e+16
6.092633836780751153e+03 3.557015314801335200e+16
6.092967405564587352e+03 3.557419399877668000e+16
6.093300974348425370e+03 3.557827946272398400e+16
6.093634543132261570e+03 3.558240917679980800e+16
6.093968111916098678e+03 3.558658277148296000e+16
6.094301680699934877e+03 3.559079987083841200e+16
6.094635249483772895e+03 3.559506009257111200e+16
6.094968818267609095e+03 3.559936304808116000e+16
6.095302387051446203e+03 3.560370834252123600e+16
6.095635955835283312e+03 3.560809557485538000e+16
6.095969524619120421e+03 3.561252433791960800e+16
6.096303093402956620e+03 3.561699421848440800e+16
6.096636662186794638e+03 3.562150479731871200e+16
6.096970230970630837e+03 3.562605564925592000e+16
6.097303799754467036e+03 3.563064634326146400e+16
6.097637368538304145e+03 3.563527644250202800e+16
6.097970937322141253e+03 3.563994550441678400e+16
6.098304506105978362e+03 3.564465308079008800e+16
6.098638074889814561e+03 3.564939871782589600e+16
6.098971643673652579e+03 3.565418195622426400e+16
6.099305212457488778e+03 3.565900233125895200e+16
6.099638781241325887e+03 3.566385937285730000e+16
6.099972350025162996e+03 3.566875260568147200e+16
6.100305918809000104e+03 3.567368154921142400e+16
6.100639487592836304e+03 3.567864571782975200e+16
6.100973056376672503e+03 3.568364462090782400e+16
6.101306625160510521e+03 3.568867776289408800e+16
6.101640193944346720e+03 3.569374464340353600e+16
6.101973762728183829e+03 3.569884475730904400e+16
6.102307331512020937e+03 3.570397759483442400e+16
6.102640900295858046e+03 3.570914264164888400e+16
6.102974469079694245e+03 3.571433937896322400e+16
6.103308037863532263e+03 3.571956728362748800e+16
6.103641606647368462e+03 3.572482582823040400e+16
6.103975175431204661e+03 3.573011448120017600e+16
6.104308744215041770e+03 3.573543270690686800e+16
6.104642312998878879e+03 3.574077996576637600e+16
6.104975881782715987e+03 3.574615571434583200e+16
6.105309450566552187e+03 3.575155940547053600e+16
6.105643019350390205e+03 3.575699048833228400e+16
6.105976588134226404e+03 3.576244840859926800e+16
6.106310156918063512e+03 3.576793260852726400e+16
6.106643725701900621e+03 3.577344252707228400e+16
6.106977294485737730e+03 3.577897760000470000e+16
6.107310863269573929e+03 3.578453726002439600e+16
6.107644432053410128e+03 3.579012093687782400e+16
6.107978000837248146e+03 3.579572805747568800e+16
6.108311569621084345e+03 3.580135804601250800e+16
6.108645138404921454e+03 3.580701032408698400e+16
6.108978707188758563e+03 3.581268431082390800e+16
6.109312275972595671e+03 3.581837942299706000e+16
6.109645844756431870e+03 3.582409507515337600e+16
6.109979413540269888e+03 3.582983067973831600e+16
6.110312982324106088e+03 3.583558564722211200e+16
6.110646551107943196e+03 3.584135938622732000e+16
6.110980119891779395e+03 3.584715130365735200e+16
6.111313688675617414e+03 3.585296080482589200e+16
6.111647257459453613e+03 3.585878729358747200e+16
6.111980826243289812e+03 3.586463017246890400e+16
6.112314395027127830e+03 3.587048884280164800e+16
6.112647963810964029e+03 3.587636270485482000e+16
6.112981532594801138e+03 3.588225115796954400e+16
6.113315101378638246e+03 3.588815360069350400e+16
6.113648670162475355e+03 3.589406943091664000e+16
6.113982238946311554e+03 3.589999804600752000e+16
6.114315807730148663e+03 3.590593884295009600e+16
6.114649376513985771e+03 3.591189121848149600e+16
6.114982945297822880e+03 3.591785456923016400e+16
6.115316514081659079e+03 3.592382829185450800e+16
6.115650082865497097e+03 3.592981178318229600e+16
6.115983651649333297e+03 3.593580444035017200e+16
6.116317220433169496e+03 3.594180566094395200e+16
6.116650789217007514e+03 3.594781484313897200e+16
6.116984358000843713e+03 3.595383138584097600e+16
6.117317926784680822e+03 3.595985468882716000e+16
6.117651495568517021e+03 3.596588415288756000e+16
6.117985064352355039e+03 3.597191917996640400e+16
6.118318633136191238e+03 3.597795917330388400e+16
6.118652201920028347e+03 3.598400353757784800e+16
6.118985770703865455e+03 3.599005167904549600e+16
6.119319339487702564e+03 3.599610300568514800e+16
6.119652908271538763e+03 3.600215692733794400e+16
6.119986477055376781e+03 3.600821285584938400e+16
6.120320045839212980e+03 3.601427020521066800e+16
6.120653614623049179e+03 3.602032839169995200e+16
6.120987183406886288e+03 3.602638683402316000e+16
6.121320752190723397e+03 3.603244495345464000e+16
6.121654320974560505e+03 3.603850217397732000e+16
6.121987889758396705e+03 3.604455792242241600e+16
6.122321458542234723e+03 3.605061162860888800e+16
6.122655027326070922e+03 3.605666272548192000e+16
6.122988596109908030e+03 3.606271064925140800e+16
6.123322164893745139e+03 3.606875483952918400e+16
6.123655733677581338e+03 3.607479473946594400e+16
6.123989302461418447e+03 3.608082979588730400e+16
6.124322871245254646e+03 3.608685945942905600e+16
6.124656440029092664e+03 3.609288318467155200e+16
6.124990008812928863e+03 3.609890043027308800e+16
6.125323577596765972e+03 3.610491065910254400e+16
6.125657146380603081e+03 3.611091333837072000e+16
6.125990715164440189e+03 3.611690793976076800e+16
6.126324283948276388e+03 3.612289393955752800e+16
6.126657852732114407e+03 3.612887081877538400e+16
6.126991421515950606e+03 3.613483806328530400e+16
6.127324990299786805e+03 3.614079516394021600e+16
6.127658559083623913e+03 3.614674161669921600e+16
6.127992127867461022e+03 3.615267692275034400e+16
6.128325696651298131e+03 3.615860058863183200e+16
6.128659265435134330e+03 3.616451212635195200e+16
6.128992834218972348e+03 3.617041105350718400e+16
6.129326403002808547e+03 3.617629689339892800e+16
6.129659971786645656e+03 3.618216917514830400e+16
6.129993540570482764e+03 3.618802743380957600e+16
6.130327109354319873e+03 3.619387121048134400e+16
6.130660678138156072e+03 3.619970005241644800e+16
6.130994246921992271e+03 3.620551351312956800e+16
6.131327815705830290e+03 3.621131115250321600e+16
6.131661384489666489e+03 3.621709253689148800e+16
6.131994953273503597e+03 3.622285723922196800e+16
6.132328522057340706e+03 3.622860483909577600e+16
6.132662090841177815e+03 3.623433492288497600e+16
6.132995659625014014e+03 3.624004708382834400e+16
6.133329228408852032e+03 3.624574092212465600e+16
6.133662797192688231e+03 3.625141604502403200e+16
6.133996365976525340e+03 3.625707206691644800e+16
6.134329934760361539e+03 3.626270860941867200e+16
6.134663503544199557e+03 3.626832530145822400e+16
6.134997072328035756e+03 3.627392177935524800e+16
6.135330641111871955e+03 3.627949768690185600e+16
6.135664209895709973e+03 3.628505267543905600e+16
6.135997778679546172e+03 3.629058640393110400e+16
6.136331347463383281e+03 3.629609853903732800e+16
6.136664916247220390e+03 3.630158875518143200e+16
6.136998485031057498e+03 3.630705673461811200e+16
6.137332053814893698e+03 3.631250216749707200e+16
6.137665622598730806e+03 3.631792475192440000e+16
6.137999191382567915e+03 3.632332419402116800e+16
6.138332760166405023e+03 3.632870020797932000e+16
6.138666328950241223e+03 3.633405251611496800e+16
6.138999897734079241e+03 3.633938084891867200e+16
6.139333466517915440e+03 3.634468494510296000e+16
6.139667035301751639e+03 3.634996455164732800e+16
6.140000604085589657e+03 3.635521942383990400e+16
6.140334172869425856e+03 3.636044932531668000e+16
6.140667741653262965e+03 3.636565402809769600e+16
6.141001310437099164e+03 3.637083331262019200e+16
6.141334879220937182e+03 3.637598696776919200e+16
6.141668448004773381e+03 3.638111479090475200e+16
6.142002016788610490e+03 3.638621658788667200e+16
6.142335585572447599e+03 3.639129217309604000e+16
6.142669154356284707e+03 3.639634136945372000e+16
6.143002723140120906e+03 3.640136400843633600e+16
6.143336291923958925e+03 3.640635993008863200e+16
6.143669860707795124e+03 3.641132898303352000e+16
6.144003429491631323e+03 3.641627102447864800e+16
6.144336998275468432e+03 3.642118592022044000e+16
6.144670567059305540e+03 3.642607354464468800e+16
6.145004135843142649e+03 3.643093378072462400e+16
6.145337704626978848e+03 3.643576652001576800e+16
6.145671273410816866e+03 3.644057166264793600e+16
6.146004842194653065e+03 3.644534911731417600e+16
6.146338410978490174e+03 3.645009880125699200e+16
6.146671979762327283e+03 3.645482064025144000e+16
6.147005548546163482e+03 3.645951456858527200e+16
6.147339117330000590e+03 3.646418052903654400e+16
6.147672686113836789e+03 3.646881847284784000e+16
6.148006254897674808e+03 3.647342835969792800e+16
6.148339823681511007e+03 3.647801015767063200e+16
6.148673392465348115e+03 3.648256384322060000e+16
6.149006961249185224e+03 3.648708940113656800e+16
6.149340530033022333e+03 3.649158682450161600e+16
6.149674098816858532e+03 3.649605611465072800e+16
6.150007667600695640e+03 3.650049728112579200e+16
6.150341236384532749e+03 3.650491034162755200e+16
6.150674805168368948e+03 3.650929532196528000e+16
6.151008373952206057e+03 3.651365225600346400e+16
6.151341942736043165e+03 3.651798118560620800e+16
6.151675511519880274e+03 3.652228216057868800e+16
6.152009080303716473e+03 3.652655523860644800e+16
6.152342649087554491e+03 3.653080048519192800e+16
6.152676217871390691e+03 3.653501797358861600e+16
6.153009786655227799e+03 3.653920778473284800e+16
6.153343355439063998e+03 3.654337000717298400e+16
6.153676924222902016e+03 3.654750473699666400e+16
6.154010493006738216e+03 3.655161207775521600e+16
6.154344061790574415e+03 3.655569214038629600e+16
6.154677630574412433e+03 3.655974504313406400e+16
6.155011199358248632e+03 3.656377091146724800e+16
6.155344768142085741e+03 3.656776987799506400e+16
6.155678336925922849e+03 3.657174208238112000e+16
6.156011905709759958e+03 3.657568767125532800e+16
6.156345474493596157e+03 3.657960679812372000e+16
6.156679043277433266e+03 3.658349962327654400e+16
6.157012612061270374e+03 3.658736631369424000e+16
6.157346180845107483e+03 3.659120704295188000e+16
6.157679749628943682e+03 3.659502199112168000e+16
6.158013318412781700e+03 3.659881134467384800e+16
6.158346887196617899e+03 3.660257529637583200e+16
6.158680455980454099e+03 3.660631404518993600e+16
6.159014024764292117e+03 3.661002779616953600e+16
6.159347593548128316e+03 3.661371676035345600e+16
6.159681162331965425e+03 3.661738115465955200e+16
6.160014731115801624e+03 3.662102120177628000e+16
6.160348299899639642e+03 3.662463713005352000e+16
6.160681868683475841e+03 3.662822917339178400e+16
6.161015437467312950e+03 3.663179757113049600e+16
6.161349006251150058e+03 3.663534256793510400e+16
6.161682575034987167e+03 3.663886441368297600e+16
6.162016143818823366e+03 3.664236336334872000e+16
6.162349712602661384e+03 3.664583967688812000e+16
6.162683281386497583e+03 3.664929361912152000e+16
6.163016850170333782e+03 3.665272545961629600e+16
6.163350418954170891e+03 3.665613547256866400e+16
6.163683987738008000e+03 3.665952393668480000e+16
6.164017556521845108e+03 3.666289113506131200e+16
6.164351125305681308e+03 3.666623735506520000e+16
6.164684694089519326e+03 3.666956288821348800e+16
6.165018262873355525e+03 3.667286803005213600e+16
6.165351831657192633e+03 3.667615308003494400e+16
6.165685400441029742e+03 3.667941834140189600e+16
6.166018969224866851e+03 3.668266412105753600e+16
6.166352538008703050e+03 3.668589072944898400e+16
6.166686106792539249e+03 3.668909848044398400e+16
6.167019675576377267e+03 3.669228769120891200e+16
6.167353244360213466e+03 3.669545868208669600e+16
6.167686813144050575e+03 3.669861177647508000e+16
6.168020381927887684e+03 3.670174730070480000e+16
6.168353950711724792e+03 3.670486558391808000e+16
6.168687519495560991e+03 3.670796695794755200e+16
6.169021088279399009e+03 3.671105175719525600e+16
6.169354657063235209e+03 3.671412031851212800e+16
6.169688225847072317e+03 3.671717298107828000e+16
6.170021794630908516e+03 3.672021008628323200e+16
6.170355363414745625e+03 3.672323197760713600e+16
6.170688932198582734e+03 3.672623900050258400e+16
6.171022500982418933e+03 3.672923150227695200e+16
6.171356069766256951e+03 3.673220983197576000e+16
6.171689638550093150e+03 3.673517434026642400e+16
6.172023207333930259e+03 3.673812537932350400e+16
6.172356776117767367e+03 3.674106330271422400e+16
6.172690344901604476e+03 3.674398846528532000e+16
6.173023913685440675e+03 3.674690122305092800e+16
6.173357482469277784e+03 3.674980193308136000e+16
6.173691051253114892e+03 3.675269095339322400e+16
6.174024620036951092e+03 3.675556864284048000e+16
6.174358188820788200e+03 3.675843536100704000e+16
6.174691757604625309e+03 3.676129146810025600e+16
6.175025326388462418e+03 3.676413732484612800e+16
6.175358895172298617e+03 3.676697329238561600e+16
6.175692463956136635e+03 3.676979973217232000e+16
6.176026032739972834e+03 3.677261700587195200e+16
6.176359601523809943e+03 3.677542547526295200e+16
6.176693170307646142e+03 3.677822550213878400e+16
6.177026739091484160e+03 3.678101744821194400e+16
6.177360307875320359e+03 3.678380167501923200e+16
6.177693876659156558e+03 3.678657854382909600e+16
6.178027445442994576e+03 3.678934841555041600e+16
6.178361014226830775e+03 3.679211165064301600e+16
6.178694583010667884e+03 3.679486860903009600e+16
6.179028151794504993e+03 3.679761965001240000e+16
6.179361720578342101e+03 3.680036513218392000e+16
6.179695289362178301e+03 3.680310541335012000e+16
6.180028858146015409e+03 3.680584085044730400e+16
6.180362426929852518e+03 3.680857179946436800e+16
6.180695995713689626e+03 3.681129861536641600e+16
6.181029564497525826e+03 3.681402165202016000e+16
6.181363133281363844e+03 3.681674126212157600e+16
6.181696702065200043e+03 3.681945779712524800e+16
6.182030270849036242e+03 3.682217160717614400e+16
6.182363839632874260e+03 3.682488304104308800e+16
6.182697408416710459e+03 3.682759244605446400e+16
6.183030977200547568e+03 3.683030016803597600e+16
6.183364545984383767e+03 3.683300655125057600e+16
6.183698114768221785e+03 3.683571193834039200e+16
6.184031683552057984e+03 3.683841667027078400e+16
6.184365252335895093e+03 3.684112108627678400e+16
6.184698821119732202e+03 3.684382552381126400e+16
6.185032389903569310e+03 3.684653031849565600e+16
6.185365958687405509e+03 3.684923580407255200e+16
6.185699527471243528e+03 3.685194231236073600e+16
6.186033096255079727e+03 3.685465017321203200e+16
6.186366665038915926e+03 3.685735971447076800e+16
6.186700233822753034e+03 3.686007126193504000e+16
6.187033802606590143e+03 3.686278513932032000e+16
6.187367371390427252e+03 3.686550166822526400e+16
6.187700940174263451e+03 3.686822116809952800e+16
6.188034508958101469e+03 3.687094395621411200e+16
6.188368077741937668e+03 3.687367034763324000e+16
6.188701646525774777e+03 3.687640065518916800e+16
6.189035215309611885e+03 3.687913518945849600e+16
6.189368784093448994e+03 3.688187425874084800e+16
6.189702352877285193e+03 3.688461816903992000e+16
6.190035921661121392e+03 3.688736722404616000e+16
6.190369490444959411e+03 3.689012172512193600e+16
6.190703059228795610e+03 3.689288197128850400e+16
6.191036628012632718e+03 3.689564825921544000e+16
6.191370196796469827e+03 3.689842088321152000e+16
6.191703765580306936e+03 3.690120013521822400e+16
6.192037334364143135e+03 3.690398630480496000e+16
6.192370903147981153e+03 3.690677967916621600e+16
6.192704471931817352e+03 3.690958054312076800e+16
6.193038040715654461e+03 3.691238917911297600e+16
6.193371609499490660e+03 3.691520586721568000e+16
6.193705178283327768e+03 3.691803088513522400e+16
6.194038747067164877e+03 3.692086450821822400e+16
6.194372315851001076e+03 3.692370700946032000e+16
6.194705884634839094e+03 3.692655865951642400e+16
6.195039453418675294e+03 3.692941972671318400e+16
6.195373022202512402e+03 3.693229047706260800e+16
6.195706590986349511e+03 3.693517117427812000e+16
6.196040159770186619e+03 3.693806207979148800e+16
6.196373728554022819e+03 3.694096345277204800e+16
6.196707297337859927e+03 3.694387555014722400e+16
6.197040866121697036e+03 3.694679862662456800e+16
6.197374434905533235e+03 3.694973293471542400e+16
6.197708003689370344e+03 3.695267872476012800e+16
6.198041572473207452e+03 3.695563624495460800e+16
6.198375141257044561e+03 3.695860574137818400e+16
6.198708710040880760e+03 3.696158745802308800e+16
6.199042278824718778e+03 3.696458163682515200e+16
6.199375847608554977e+03 3.696758851769554400e+16
6.199709416392392086e+03 3.697060833855411200e+16
6.200042985176228285e+03 3.697364133536376800e+16
6.200376553960066303e+03 3.697668774216590400e+16
6.200710122743902502e+03 3.697974779111688000e+16
6.201043691527738702e+03 3.698282171252603200e+16
6.201377260311576720e+03 3.698590973489395200e+16
6.201710829095412919e+03 3.698901208495226400e+16
6.202044397879250027e+03 3.699212898770415200e+16
6.202377966663087136e+03 3.699526066646564800e+16
6.202711535446924245e+03 3.699840734290788800e+16
6.203045104230760444e+03 3.700156923709993600e+16
6.203378673014597553e+03 3.700474656755257600e+16
6.203712241798434661e+03 3.700793955126244000e+16
6.204045810582271770e+03 3.701114840375694400e+16
6.204379379366107969e+03 3.701437333913987200e+16
6.204712948149945987e+03 3.701761457013711200e+16
6.205046516933782186e+03 3.702087230814318400e+16
6.205380085717618385e+03 3.702414676326796800e+16
6.205713654501456404e+03 3.702743814438395200e+16
6.206047223285292603e+03 3.703074665917344000e+16
6.206380792069129711e+03 3.703407251417647200e+16
6.206714360852965910e+03 3.703741591483836800e+16
6.207047929636803929e+03 3.704077706555801600e+16
6.207381498420640128e+03 3.704415616973572800e+16
6.207715067204477236e+03 3.704755342982126400e+16
6.208048635988314345e+03 3.705096904736216000e+16
6.208382204772151454e+03 3.705440322305121600e+16
6.208715773555987653e+03 3.705785615677497600e+16
6.209049342339825671e+03 3.706132804766072800e+16
6.209382911123661870e+03 3.706481909412426400e+16
6.209716479907498069e+03 3.706832949391692800e+16
6.210050048691335178e+03 3.707185944417235200e+16
6.210383617475172287e+03 3.707540914145281600e+16
6.210717186259009395e+03 3.707897878179513600e+16
6.211050755042845594e+03 3.708256856075620000e+16
6.211384323826683612e+03 3.708617867345769600e+16
6.211717892610519812e+03 3.708980931463040800e+16
6.212051461394356920e+03 3.709346067865785600e+16
6.212385030178194029e+03 3.709713295961924800e+16
6.212718598962031137e+03 3.710082635133150400e+16
6.213052167745867337e+03 3.710454104739068000e+16
6.213385736529703536e+03 3.710827724121257600e+16
6.213719305313541554e+03 3.711203512607220000e+16
6.214052874097377753e+03 3.711581489514245600e+16
6.214386442881214862e+03 3.711961674153193600e+16
6.214720011665051970e+03 3.712344085832145600e+16
6.215053580448889079e+03 3.712728743859964800e+16
6.215387149232725278e+03 3.713115667549745600e+16
6.215720718016563296e+03 3.713504876222143200e+16
6.216054286800399495e+03 3.713896389208556000e+16
6.216387855584236604e+03 3.714290225854247200e+16
6.216721424368072803e+03 3.714686405521265600e+16
6.217054993151909912e+03 3.715084947591279200e+16
6.217388561935747020e+03 3.715485871468243200e+16
6.217722130719583220e+03 3.715889196580962400e+16
6.218055699503421238e+03 3.716294942385480000e+16
6.218389268287257437e+03 3.716703128367304800e+16
6.218722837071094546e+03 3.717113774043536000e+16
6.219056405854931654e+03 3.717526898964792000e+16
6.219389974638768763e+03 3.717942522716988800e+16
6.219723543422604962e+03 3.718360664922961600e+16
6.220057112206442071e+03 3.718781345243928000e+16
6.220390680990279179e+03 3.719204583380764800e+16
6.220724249774115378e+03 3.719630399075128000e+16
6.221057818557952487e+03 3.720058812110398400e+16
6.221391387341789596e+03 3.720489842312440000e+16
6.221724956125626704e+03 3.720923509550190400e+16
6.222058524909462903e+03 3.721359833736076800e+16
6.222392093693300922e+03 3.721798834826216800e+16
6.222725662477137121e+03 3.722240532820468800e+16
6.223059231260974229e+03 3.722684947762271200e+16
6.223392800044810429e+03 3.723132099738319200e+16
6.223726368828648447e+03 3.723582008878004800e+16
6.224059937612484646e+03 3.724034695352700800e+16
6.224393506396320845e+03 3.724490179374847200e+16
6.224727075180158863e+03 3.724948481196808000e+16
6.225060643963995062e+03 3.725409621109580800e+16
6.225394212747832171e+03 3.725873619441256000e+16
6.225727781531669280e+03 3.726340496555325600e+16
6.226061350315506388e+03 3.726810272848734400e+16
6.226394919099342587e+03 3.727282968749787200e+16
6.226728487883179696e+03 3.727758604715809600e+16
6.227062056667016805e+03 3.728237201230630400e+16
6.227395625450853913e+03 3.728718778801842400e+16
6.227729194234690112e+03 3.729203357957875200e+16
6.228062763018528130e+03 3.729690959244861600e+16
6.228396331802364330e+03 3.730181603223276000e+16
6.228729900586200529e+03 3.730675310464410400e+16
6.229063469370038547e+03 3.731172101546611200e+16
6.229397038153874746e+03 3.731671997051320000e+16
6.229730606937711855e+03 3.732175017558926400e+16
6.230064175721548054e+03 3.732681183644403200e+16
6.230397744505386072e+03 3.733190515872740800e+16
6.230731313289222271e+03 3.733703034794184000e+16
6.231064882073059380e+03 3.734218760939278400e+16
6.231398450856896488e+03 3.734737714813689600e+16
6.231732019640733597e+03 3.735259916892852800e+16
6.232065588424569796e+03 3.735785387616422400e+16
6.232399157208407814e+03 3.736314147382498400e+16
6.232732725992244013e+03 3.736846216541704000e+16
6.233066294776080213e+03 3.737381615391032000e+16
6.233399863559917321e+03 3.737920364167525600e+16
6.233733432343754430e+03 3.738462483041754400e+16
6.234067001127591539e+03 3.739007992111116000e+16
6.234400569911427738e+03 3.739556911392958400e+16
6.234734138695265756e+03 3.740109260817496000e+16
6.235067707479101955e+03 3.740665060220573600e+16
6.235401276262939064e+03 3.741224329336244800e+16
6.235734845046776172e+03 3.741787087789169600e+16
6.236068413830613281e+03 3.742353355086832000e+16
6.236401982614449480e+03 3.742923150611636000e+16
6.236735551398285679e+03 3.743496493612764800e+16
6.237069120182123697e+03 3.744073403197942400e+16
6.237402688965959896e+03 3.744653898324982400e+16
6.237736257749797005e+03 3.745237997793220800e+16
6.238069826533634114e+03 3.745825720234788800e+16
6.238403395317471222e+03 3.746417084105699200e+16
6.238736964101307422e+03 3.747012107676833600e+16
6.239070532885145440e+03 3.747610809024769600e+16
6.239404101668981639e+03 3.748213206022456800e+16
6.239737670452818747e+03 3.748819316329768000e+16
6.240071239236654947e+03 3.749429157383917600e+16
6.240404808020492055e+03 3.750042746389776000e+16
6.240738376804329164e+03 3.750660100309989600e+16
6.241071945588165363e+03 3.751281235855072800e+16
6.241405514372003381e+03 3.751906169473321600e+16
6.241739083155839580e+03 3.752534917340635200e+16
6.242072651939676689e+03 3.753167495350229600e+16
6.242406220723513798e+03 3.753803919102260800e+16
6.242739789507350906e+03 3.754444203893317600e+16
6.243073358291187105e+03 3.755088364705852800e+16
6.243406927075024214e+03 3.755736416197526400e+16
6.243740495858861323e+03 3.756388372690428000e+16
6.244074064642697522e+03 3.757044248160253600e+16
6.244407633426534630e+03 3.757704056225392000e+16
6.244741202210371739e+03 3.758367810135961600e+16
6.245074770994208848e+03 3.759035522762736800e+16
6.245408339778045047e+03 3.759707206586068000e+16
6.245741908561883065e+03 3.760382873684707200e+16
6.246075477345719264e+03 3.761062535724588800e+16
6.246409046129556373e+03 3.761746203947595200e+16
6.246742614913392572e+03 3.762433889160228000e+16
6.247076183697230590e+03 3.763125601722300800e+16
6.247409752481066789e+03 3.763821351535550400e+16
6.247743321264902988e+03 3.764521148032259200e+16
6.248076890048741006e+03 3.765225000163847200e+16
6.248410458832577206e+03 3.765932916389438400e+16
6.248744027616414314e+03 3.766644904664428000e+16
6.249077596400251423e+03 3.767360972429052800e+16
6.249411165184088532e+03 3.768081126596940800e+16
6.249744733967924731e+03 3.768805373543681600e+16
6.250078302751761839e+03 3.769533719095419200e+16
6.250411871535598948e+03 3.770266168517443200e+16
6.250745440319436057e+03 3.771002726502798400e+16
6.251079009103272256e+03 3.771743397160950400e+16
6.251412577887110274e+03 3.772488184006460800e+16
6.251746146670946473e+03 3.773237089947712000e+16
6.252079715454782672e+03 3.773990117275672000e+16
6.252413284238620690e+03 3.774747267652720800e+16
6.252746853022456889e+03 3.775508542101504800e+16
6.253080421806293998e+03 3.776273940993891200e+16
6.253413990590130197e+03 3.777043464039956800e+16
6.253747559373968215e+03 3.777817110277072000e+16
6.254081128157804415e+03 3.778594878059041600e+16
6.254414696941641523e+03 3.779376765045353600e+16
6.254748265725478632e+03 3.780162768190500800e+16
6.255081834509315740e+03 3.780952883733398400e+16
6.255415403293151940e+03 3.781747107186896800e+16
6.255748972076989958e+03 3.782545433327439200e+16
6.256082540860826157e+03 3.783347856184764800e+16
6.256416109644662356e+03 3.784154369031785600e+16
6.256749678428499465e+03 3.784964964374566400e+16
6.257083247212336573e+03 3.785779633942420800e+16
6.257416815996173682e+03 3.786598368678164000e+16
6.257750384780009881e+03 3.787421158728496000e+16
6.258083953563847899e+03 3.788247993434521600e+16
6.258417522347684098e+03 3.789078861322430400e+16
6.258751091131521207e+03 3.789913750094332800e+16
6.259084659915358316e+03 3.790752646619261600e+16
6.259418228699195424e+03 3.791595536924326400e+16
6.259751797483031623e+03 3.792442406186056000e+16
6.260085366266867823e+03 3.793293238721922400e+16
6.260418935050705841e+03 3.794148017982017600e+16
6.260752503834542040e+03 3.795006726540968800e+16
6.261086072618379148e+03 3.795869346090008800e+16
6.261419641402216257e+03 3.796735857429257600e+16
6.261753210186053366e+03 3.797606240460227200e+16
6.262086778969889565e+03 3.798480474178500000e+16
6.262420347753727583e+03 3.799358536666676000e+16
6.262753916537563782e+03 3.800240405087480000e+16
6.263087485321400891e+03 3.801126055677156800e+16
6.263421054105237090e+03 3.802015463739056000e+16
6.263754622889074199e+03 3.802908603637461600e+16
6.264088191672911307e+03 3.803805448791694400e+16
6.264421760456747506e+03 3.804705971670414400e+16
6.264755329240585525e+03 3.805610143786224000e+16
6.265088898024421724e+03 3.806517935690482400e+16
6.265422466808258832e+03 3.807429316968433600e+16
6.265756035592095941e+03 3.808344256234559200e+16
6.266089604375933050e+03 3.809262721128224000e+16
6.266423173159769249e+03 3.810184678309612800e+16
6.266756741943606357e+03 3.811110093455911200e+16
6.267090310727443466e+03 3.812038931257829600e+16
6.267423879511279665e+03 3.812971155416356800e+16
6.267757448295116774e+03 3.813906728639871200e+16
6.268091017078953882e+03 3.814845612641515200e+16
6.268424585862790991e+03 3.815787768136873600e+16
6.268758154646627190e+03 3.816733154842015200e+16
6.269091723430465208e+03 3.817681731471780000e+16
6.269425292214301408e+03 3.818633455738435200e+16
6.269758860998138516e+03 3.819588284350633600e+16
6.270092429781974715e+03 3.820546173012724800e+16
6.270425998565812733e+03 3.821507076424361600e+16
6.270759567349648933e+03 3.822470948280484800e+16
6.271093136133485132e+03 3.823437741271624800e+16
6.271426704917323150e+03 3.824407407084556800e+16
6.271760273701159349e+03 3.825379896403307200e+16
6.272093842484996458e+03 3.826355158910502400e+16
6.272427411268833566e+03 3.827333143289104800e+16
6.272760980052670675e+03 3.828313797224464800e+16
6.273094548836506874e+03 3.829297067406790400e+16
6.273428117620343983e+03 3.830282899533931200e+16
6.273761686404181091e+03 3.831271238314583200e+16
6.274095255188018200e+03 3.832262027471827200e+16
6.274428823971854399e+03 3.833255209747083200e+16
6.274762392755692417e+03 3.834250726904422400e+16
6.275095961539528616e+03 3.835248519735265600e+16
6.275429530323364816e+03 3.836248528063481600e+16
6.275763099107202834e+03 3.837250690750863200e+16
6.276096667891039033e+03 3.838254945703006400e+16
6.276430236674876141e+03 3.839261229875575200e+16
6.276763805458712341e+03 3.840269479280980800e+16
6.277097374242550359e+03 3.841279628995440000e+16
6.277430943026386558e+03 3.842291613166449600e+16
6.277764511810223667e+03 3.843305365020678400e+16
6.278098080594060775e+03 3.844320816872227200e+16
6.278431649377897884e+03 3.845337900131340800e+16
6.278765218161734083e+03 3.846356545313499200e+16
6.279098786945572101e+03 3.847376682048944000e+16
6.279432355729408300e+03 3.848398239092595200e+16
6.279765924513244499e+03 3.849421144334401600e+16
6.280099493297081608e+03 3.850445324810088000e+16
6.280433062080918717e+03 3.851470706712352800e+16
6.280766630864755825e+03 3.852497215402420800e+16
6.281100199648592024e+03 3.853524775422089600e+16
6.281433768432430043e+03 3.854553310506133600e+16
6.281767337216266242e+03 3.855582743595154400e+16
6.282100906000103350e+03 3.856612996848837600e+16
6.282434474783940459e+03 3.857643991659652800e+16
6.282768043567777568e+03 3.858675648666916800e+16
6.283101612351613767e+03 3.859707887771344000e+16
6.283435181135449966e+03 3.860740628149950400e+16
6.283768749919287984e+03 3.861773788271417600e+16
6.284102318703124183e+03 3.862807285911840000e+16
6.284435887486961292e+03 3.863841038170902400e+16
6.284769456270798401e+03 3.864874961488473600e+16
6.285103025054635509e+03 3.865908971661576800e+16
6.285436593838471708e+03 3.866942983861814400e+16
6.285770162622309726e+03 3.867976912653160800e+16
6.286103731406145926e+03 3.869010672010174400e+16
6.286437300189983034e+03 3.870044175336600000e+16
6.286770868973819233e+03 3.871077335484385600e+16
6.287104437757656342e+03 3.872110064773084000e+16
6.287438006541493451e+03 3.873142275009617600e+16
6.287771575325329650e+03 3.874173877508499200e+16
6.288105144109167668e+03 3.875204783112354400e+16
6.288438712893003867e+03 3.876234902212879200e+16
6.288772281676840976e+03 3.877264144772159200e+16
6.289105850460678084e+03 3.878292420344348000e+16
6.289439419244515193e+03 3.879319638097721600e+16
6.289772988028351392e+03 3.880345706837086400e+16
6.290106556812188501e+03 3.881370535026560000e+16
6.290440125596025609e+03 3.882394030812675200e+16
6.290773694379861809e+03 3.883416102047846400e+16
6.291107263163698917e+03 3.884436656314164800e+16
6.291440831947536026e+03 3.885455600947540800e+16
6.291774400731373134e+03 3.886472843062152000e+16
6.292107969515209334e+03 3.887488289575214400e+16
6.292441538299047352e+03 3.888501847232086400e+16
6.292775107082883551e+03 3.889513422631622400e+16
6.293108675866720660e+03 3.890522922251905600e+16
6.293442244650556859e+03 3.891530252476187200e+16
6.293775813434394877e+03 3.892535319619158400e+16
6.294109382218231076e+03 3.893538029953475200e+16
6.294442951002067275e+03 3.894538289736538400e+16
6.294776519785905293e+03 3.895536005237565600e+16
6.295110088569741492e+03 3.896531082764849600e+16
6.295443657353578601e+03 3.897523428693312000e+16
6.295777226137415710e+03 3.898512949492248800e+16
6.296110794921252818e+03 3.899499551753297600e+16
6.296444363705089017e+03 3.900483142218622400e+16
6.296777932488926126e+03 3.901463627809286400e+16
6.297111501272763235e+03 3.902440915653809600e+16
6.297445070056600343e+03 3.903414913116907200e+16
6.297778638840436543e+03 3.904385527828395200e+16
6.298112207624274561e+03 3.905352667712237600e+16
6.298445776408110760e+03 3.906316241015731200e+16
6.298779345191946959e+03 3.907276156338857600e+16
6.299112913975784977e+03 3.908232322663704000e+16
6.299446482759621176e+03 3.909184649384006400e+16
6.299780051543458285e+03 3.910133046334816000e+16
6.300113620327294484e+03 3.911077423822207200e+16
6.300447189111132502e+03 3.912017692653070400e+16
6.300780757894968701e+03 3.912953764164960800e+16
6.301114326678805810e+03 3.913885550255985600e+16
6.301447895462642919e+03 3.914812963414736000e+16
6.301781464246480027e+03 3.915735916750203200e+16
6.302115033030316226e+03 3.916654324021735200e+16
6.302448601814154244e+03 3.917568099668956000e+16
6.302782170597990444e+03 3.918477158841656000e+16
6.303115739381826643e+03 3.919381417429678400e+16
6.303449308165663751e+03 3.920280792092716800e+16
6.303782876949500860e+03 3.921175200290055200e+16
6.304116445733337969e+03 3.922064560310229600e+16
6.304450014517174168e+03 3.922948791300602400e+16
6.304783583301012186e+03 3.923827813296811200e+16
6.305117152084848385e+03 3.924701547252091200e+16
6.305450720868685494e+03 3.925569915066483200e+16
6.305784289652522602e+03 3.926432839615852000e+16
6.306117858436359711e+03 3.927290244780767200e+16
6.306451427220195910e+03 3.928142055475171200e+16
6.306784996004032109e+03 3.928988197674872800e+16
6.307118564787870127e+03 3.929828598445820800e+16
6.307452133571706327e+03 3.930663185972132000e+16
6.307785702355543435e+03 3.931491889583900000e+16
6.308119271139380544e+03 3.932314639784730400e+16
6.308452839923217653e+03 3.933131368279000800e+16
6.308786408707053852e+03 3.933942007998854400e+16
6.309119977490891870e+03 3.934746493130868000e+16
6.309453546274728069e+03 3.935544759142388800e+16
6.309787115058565178e+03 3.936336742807600800e+16
6.310120683842401377e+03 3.937122382233160000e+16
6.310454252626238485e+03 3.937901616883543200e+16
6.310787821410075594e+03 3.938674387605964800e+16
6.311121390193911793e+03 3.939440636654947200e+16
6.311454958977749811e+03 3.940200307716454400e+16
6.311788527761586010e+03 3.940953345931617600e+16
6.312122096545423119e+03 3.941699697920044800e+16
6.312455665329260228e+03 3.942439311802652800e+16
6.312789234113097336e+03 3.943172137224068800e+16
6.313122802896933536e+03 3.943898125374536800e+16
6.313456371680770644e+03 3.944617229011360800e+16
6.313789940464607753e+03 3.945329402479822400e+16
6.314123509248443952e+03 3.946034601733604000e+16
6.314457078032281061e+03 3.946732784354685600e+16
6.314790646816118169e+03 3.947423909572696000e+16
6.315124215599955278e+03 3.948107938283724800e+16
6.315457784383791477e+03 3.948784833068571200e+16
6.315791353167629495e+03 3.949454558210404800e+16
6.316124921951465694e+03 3.950117079711871200e+16
6.316458490735302803e+03 3.950772365311576000e+16
6.316792059519139002e+03 3.951420384499987200e+16
6.317125628302977020e+03 3.952061108534685600e+16
6.317459197086813219e+03 3.952694510455035200e+16
6.317792765870649419e+03 3.953320565096186400e+16
6.318126334654487437e+03 3.953939249102436000e+16
6.318459903438323636e+03 3.954550540939937600e+16
6.318793472222160744e+03 3.955154420908766400e+16
6.319127041005997853e+03 3.955750871154276000e+16
6.319460609789834962e+03 3.956339875677796800e+16
6.319794178573671161e+03 3.956921420346662400e+16
6.320127747357508269e+03 3.957495492903507200e+16
6.320461316141345378e+03 3.958062082974880000e+16
6.320794884925182487e+03 3.958621182079153600e+16
6.321128453709018686e+03 3.959172783633721600e+16
6.321462022492856704e+03 3.959716882961456000e+16
6.321795591276692903e+03 3.960253477296463200e+16
6.322129160060529102e+03 3.960782565789096000e+16
6.322462728844366211e+03 3.961304149510228800e+16
6.322796297628203320e+03 3.961818231454812800e+16
6.323129866412040428e+03 3.962324816544670400e+16
6.323463435195876627e+03 3.962823911630541600e+16
6.323797003979714646e+03 3.963315525493415200e+16
6.324130572763550845e+03 3.963799668845054400e+16
6.324464141547387953e+03 3.964276354327832000e+16
6.324797710331225062e+03 3.964745596513753600e+16
6.325131279115062171e+03 3.965207411902780800e+16
6.325464847898898370e+03 3.965661818920352800e+16
6.325798416682734569e+03 3.966108837914181600e+16
6.326131985466572587e+03 3.966548491150286400e+16
6.326465554250408786e+03 3.966980802808252800e+16
6.326799123034245895e+03 3.967405798975787200e+16
6.327132691818083003e+03 3.967823507642457600e+16
6.327466260601920112e+03 3.968233958692744000e+16
6.327799829385756311e+03 3.968637183898293600e+16
6.328133398169594329e+03 3.969033216909468800e+16
6.328466966953430529e+03 3.969422093246139200e+16
6.328800535737267637e+03 3.969803850287729600e+16
6.329134104521103836e+03 3.970178527262550400e+16
6.329467673304941854e+03 3.970546165236391200e+16
6.329801242088778054e+03 3.970906807100403200e+16
6.330134810872614253e+03 3.971260497558240000e+16
6.330468379656452271e+03 3.971607283112521600e+16
6.330801948440288470e+03 3.971947212050560000e+16
6.331135517224125579e+03 3.972280334429409600e+16
6.331469086007962687e+03 3.972606702060222400e+16
6.331802654791799796e+03 3.972926368491899200e+16
6.332136223575635995e+03 3.973239388994099200e+16
6.332469792359473104e+03 3.973545820539555200e+16
6.332803361143310212e+03 3.973845721785736000e+16
6.333136929927147321e+03 3.974139153055859200e+16
6.333470498710983520e+03 3.974426176319271200e+16
6.333804067494820629e+03 3.974706855171180000e+16
6.334137636278657737e+03 3.974981254811774400e+16
6.334471205062493937e+03 3.975249442024733600e+16
6.334804773846331955e+03 3.975511485155129600e+16
6.335138342630168154e+03 3.975767454086747200e+16
6.335471911414005262e+03 3.976017420218807200e+16
6.335805480197841462e+03 3.976261456442141600e+16
6.336139048981679480e+03 3.976499637114813600e+16
6.336472617765515679e+03 3.976732038037153600e+16
6.336806186549352788e+03 3.976958736426323200e+16
6.337139755333189896e+03 3.977179810890302400e+16
6.337473324117026095e+03 3.977395341401415200e+16
6.337806892900863204e+03 3.977605409269321600e+16
6.338140461684700313e+03 3.977810097113544000e+16
6.338474030468537421e+03 3.978009488835537600e+16
6.338807599252373620e+03 3.978203669590273600e+16
6.339141168036210729e+03 3.978392725757417600e+16
6.339474736820047838e+03 3.978576744912041600e+16
6.339808305603884946e+03 3.978755815794945600e+16
6.340141874387721145e+03 3.978930028282574400e+16
6.340475443171559164e+03 3.979099473356536800e+16
6.340809011955395363e+03 3.979264243072764800e+16
6.341142580739231562e+03 3.979424430530300000e+16
6.341476149523069580e+03 3.979580129839758400e+16
6.341809718306905779e+03 3.979731436091432800e+16
6.342143287090742888e+03 3.979878445323105600e+16
6.342476855874579087e+03 3.980021254487554400e+16
6.342810424658417105e+03 3.980159961419758400e+16
6.343143993442253304e+03 3.980294664803856000e+16
6.343477562226090413e+03 3.980425464139817600e+16
6.343811131009927522e+03 3.980552459709905600e+16
6.344144699793764630e+03 3.980675752544871200e+16
6.344478268577600829e+03 3.980795444389984800e+16
6.344811837361438847e+03 3.980911637670804000e+16
6.345145406145275047e+03 3.981024435458834400e+16
6.345478974929111246e+03 3.981133941436941600e+16
6.345812543712948354e+03 3.981240259864670400e+16
6.346146112496785463e+03 3.981343495543403200e+16
6.346479681280622572e+03 3.981443753781357600e+16
6.346813250064458771e+03 3.981541140358543200e+16
6.347146818848296789e+03 3.981635761491556000e+16
6.347480387632132988e+03 3.981727723798316800e+16
6.347813956415970097e+03 3.981817134262740800e+16
6.348147525199807205e+03 3.981904100199356800e+16
6.348481093983644314e+03 3.981988729217854400e+16
6.348814662767480513e+03 3.982071129187660800e+16
6.349148231551316712e+03 3.982151408202429600e+16
6.349481800335154730e+03 3.982229674544603200e+16
6.349815369118990930e+03 3.982306036649929600e+16
6.350148937902828038e+03 3.982380603072040800e+16
6.350482506686665147e+03 3.982453482447059200e+16
6.350816075470502255e+03 3.982524783458248800e+16
6.351149644254338455e+03 3.982594614800747200e+16
6.351483213038176473e+03 3.982663085146358400e+16
6.351816781822012672e+03 3.982730303108449600e+16
6.352150350605849781e+03 3.982796377206951200e+16
6.352483919389685980e+03 3.982861415833448000e+16
6.352817488173523998e+03 3.982925527216426400e+16
6.353151056957360197e+03 3.982988819386653600e+16
6.353484625741196396e+03 3.983051400142680000e+16
6.353818194525034414e+03 3.983113377016554400e+16
6.354151763308870613e+03 3.983174857239648000e+16
6.354485332092707722e+03 3.983235947708718400e+16
6.354818900876544831e+03 3.983296754952143200e+16
6.355152469660381939e+03 3.983357385096352800e+16
6.355486038444218138e+03 3.983417943832486400e+16
6.355819607228055247e+03 3.983478536383288000e+16
6.356153176011892356e+03 3.983539267470214400e+16
6.356486744795729464e+03 3.983600241280792000e+16
6.356820313579565664e+03 3.983661561436260000e+16
6.357153882363402772e+03 3.983723330959437600e+16
6.357487451147239881e+03 3.983785652242886400e+16
6.357821019931076080e+03 3.983848627017355200e+16
6.358154588714914098e+03 3.983912356320528000e+16
6.358488157498750297e+03 3.983976940466036800e+16
6.358821726282587406e+03 3.984042479012836000e+16
6.359155295066423605e+03 3.984109070734843200e+16
6.359488863850261623e+03 3.984176813590948800e+16
6.359822432634097822e+03 3.984245804695328800e+16
6.360156001417934931e+03 3.984316140288124800e+16
6.360489570201772040e+03 3.984387915706454400e+16
6.360823138985608239e+03 3.984461225355779200e+16
6.361156707769445347e+03 3.984536162681665600e+16
6.361490276553282456e+03 3.984612820141872800e+16
6.361823845337119565e+03 3.984691289178847200e+16
6.362157414120955764e+03 3.984771660192612800e+16
6.362490982904792872e+03 3.984854022514012800e+16
6.362824551688629981e+03 3.984938464378398400e+16
6.363158120472467090e+03 3.985025072899670400e+16
6.363491689256303289e+03 3.985113934044784000e+16
6.363825258040141307e+03 3.985205132608626400e+16
6.364158826823977506e+03 3.985298752189348000e+16
6.364492395607813705e+03 3.985394875164100000e+16
6.364825964391651723e+03 3.985493582665215200e+16
6.365159533175487923e+03 3.985594954556832000e+16
6.365493101959325031e+03 3.985699069411944000e+16
6.365826670743161230e+03 3.985806004489935200e+16
6.366160239526999248e+03 3.985915835714520000e+16
6.366493808310835448e+03 3.986028637652188800e+16
6.366827377094672556e+03 3.986144483491084800e+16
6.367160945878509665e+03 3.986263445020368000e+16
6.367494514662346774e+03 3.986385592610054400e+16
6.367828083446182973e+03 3.986510995191304000e+16
6.368161652230020991e+03 3.986639720237236800e+16
6.368495221013857190e+03 3.986771833744186400e+16
6.368828789797693389e+03 3.986907400213489600e+16
6.369162358581530498e+03 3.987046482633732000e+16
6.369495927365367606e+03 3.987189142463515200e+16
6.369829496149204715e+03 3.987335439614720000e+16
6.370163064933040914e+03 3.987485432436264800e+16
6.370496633716878932e+03 3.987639177698408000e+16
6.370830202500715131e+03 3.987796730577508800e+16
6.371163771284552240e+03 3.987958144641363200e+16
6.371497340068389349e+03 3.988123471835013600e+16
6.371830908852226457e+03 3.988292762467112800e+16
6.372164477636062657e+03 3.988466065196801600e+16
6.372498046419898856e+03 3.988643427021112000e+16
6.372831615203736874e+03 3.988824893262934400e+16
6.373165183987573073e+03 3.989010507559470400e+16
6.373498752771410182e+03 3.989200311851281600e+16
6.373832321555247290e+03 3.989394346371828000e+16
6.374165890339084399e+03 3.989592649637608800e+16
6.374499459122920598e+03 3.989795258438796000e+16
6.374833027906758616e+03 3.990002207830477600e+16
6.375166596690594815e+03 3.990213531124393600e+16
6.375500165474431924e+03 3.990429259881281600e+16
6.375833734258268123e+03 3.990649423903769600e+16
6.376167303042106141e+03 3.990874051229805600e+16
6.376500871825942340e+03 3.991103168126696800e+16
6.376834440609778540e+03 3.991336799085680000e+16
6.377168009393616558e+03 3.991574966817088800e+16
6.377501578177452757e+03 3.991817692246081600e+16
6.377835146961289865e+03 3.992064994508939200e+16
6.378168715745126974e+03 3.992316890949980800e+16
6.378502284528964083e+03 3.992573397119002400e+16
6.378835853312800282e+03 3.992834526769344800e+16
6.379169422096637390e+03 3.993100291856531200e+16
6.379502990880474499e+03 3.993370702537491200e+16
6.379836559664311608e+03 3.993645767170384800e+16
6.380170128448147807e+03 3.993925492315006400e+16
6.380503697231984916e+03 3.994209882733804000e+16
6.380837266015822024e+03 3.994498941393452800e+16
6.381170834799658223e+03 3.994792669467102400e+16
6.381504403583496241e+03 3.995091066337139200e+16
6.381837972367332441e+03 3.995394129598611200e+16
6.382171541151169549e+03 3.995701855063233600e+16
6.382505109935005748e+03 3.996014236764009600e+16
6.382838678718843767e+03 3.996331266960450400e+16
6.383172247502679966e+03 3.996652936144401600e+16
6.383505816286517074e+03 3.996979233046502400e+16
6.383839385070354183e+03 3.997310144643222400e+16
6.384172953854190382e+03 3.997645656164552000e+16
6.384506522638027491e+03 3.997985751102260800e+16
6.384840091421864599e+03 3.998330411218812000e+16
6.385173660205701708e+03 3.998679616556868800e+16
6.385507228989537907e+03 3.999033345449425600e+16
6.385840797773375016e+03 3.999391574530561600e+16
6.386174366557212124e+03 3.999754278746794400e+16
6.386507935341049233e+03 4.000121431369072000e+16
6.386841504124885432e+03 4.000493004005364000e+16
6.387175072908723450e+03 4.000868966613896000e+16
6.387508641692559650e+03 4.001249287516972800e+16
6.387842210476395849e+03 4.001633933415440800e+16
6.388175779260233867e+03 4.002022869403755200e+16
6.388509348044070066e+03 4.002416058985664800e+16
6.388842916827907175e+03 4.002813464090532800e+16
6.389176485611743374e+03 4.003215045090232000e+16
6.389510054395581392e+03 4.003620760816687200e+16
6.389843623179417591e+03 4.004030568580020800e+16
6.390177191963254700e+03 4.004444424187292800e+16
6.390510760747091808e+03 4.004862281961880000e+16
6.390844329530928917e+03 4.005284094763414400e+16
6.391177898314765116e+03 4.005709814008371200e+16
6.391511467098603134e+03 4.006139389691238400e+16
6.391845035882439333e+03 4.006572770406270400e+16
6.392178604666275533e+03 4.007009903369849600e+16
6.392512173450112641e+03 4.007450734443452800e+16
6.392845742233949750e+03 4.007895208157170400e+16
6.393179311017786858e+03 4.008343267733831200e+16
6.393512879801623058e+03 4.008794855113706400e+16
6.393846448585461076e+03 4.009249910979775200e+16
6.394180017369297275e+03 4.009708374783568000e+16
6.394513586153134383e+03 4.010170184771569600e+16
6.394847154936971492e+03 4.010635278012174400e+16
6.395180723720808601e+03 4.011103590423211200e+16
6.395514292504644800e+03 4.011575056799978400e+16
6.395847861288480999e+03 4.012049610843877600e+16
6.396181430072319017e+03 4.012527185191500800e+16
6.396514998856155216e+03 4.013007711444304000e+16
6.396848567639992325e+03 4.013491120198775200e+16
6.397182136423829434e+03 4.013977341077098400e+16
6.397515705207666542e+03 4.014466302758344000e+16
6.397849273991502741e+03 4.014957933010127200e+16
6.398182842775340760e+03 4.015452158720762400e+16
6.398516411559176959e+03 4.015948905931871200e+16
6.398849980343014067e+03 4.016448099871488000e+16
6.399183549126850266e+03 4.016949664987568000e+16
6.399517117910688285e+03 4.017453524981983200e+16
6.399850686694524484e+03 4.017959602844921600e+16
6.400184255478360683e+03 4.018467820889698400e+16
6.400517824262198701e+03 4.018978100788012000e+16
6.400851393046034900e+03 4.019490363605533600e+16
6.401184961829872009e+03 4.020004529837948800e+16
6.401518530613709117e+03 4.020520519447291200e+16
6.401852099397546226e+03 4.021038251898704800e+16
6.402185668181382425e+03 4.021557646197488000e+16
6.402519236965219534e+03 4.022078620926493600e+16
6.402852805749056643e+03 4.022601094283832000e+16
6.403186374532893751e+03 4.023124984120881600e+16
6.403519943316729950e+03 4.023650207980554400e+16
6.403853512100567059e+03 4.024176683135852000e+16
6.404187080884404168e+03 4.024704326628666400e+16
6.404520649668240367e+03 4.025233055308787200e+16
6.404854218452078385e+03 4.025762785873166400e+16
6.405187787235914584e+03 4.026293434905339200e+16
6.405521356019751693e+03 4.026824918915052800e+16
6.405854924803587892e+03 4.027357154378052800e+16
6.406188493587425910e+03 4.027890057775988800e+16
6.406522062371262109e+03 4.028423545636480800e+16
6.406855631155099218e+03 4.028957534573264000e+16
6.407189199938936326e+03 4.029491941326442400e+16
6.407522768722772526e+03 4.030026682802774400e+16
6.407856337506609634e+03 4.030561676116039200e+16
6.408189906290446743e+03 4.031096838627430400e+16
6.408523475074283851e+03 4.031632087985915200e+16
6.408857043858120051e+03 4.032167342168628800e+16
6.409190612641957159e+03 4.032702519521190400e+16
6.409524181425794268e+03 4.033237538798004800e+16
6.409857750209631376e+03 4.033772319202440000e+16
6.410191318993467576e+03 4.034306780426939200e+16
6.410524887777305594e+03 4.034840842693003200e+16
6.410858456561141793e+03 4.035374426791007200e+16
6.411192025344977992e+03 4.035907454119891200e+16
6.411525594128816010e+03 4.036439846726629600e+16
6.411859162912652209e+03 4.036971527345492800e+16
6.412192731696489318e+03 4.037502419437099200e+16
6.412526300480325517e+03 4.038032447227195200e+16
6.412859869264163535e+03 4.038561535745152000e+16
6.413193438047999734e+03 4.039089610862156800e+16
6.413527006831836843e+03 4.039616599329132000e+16
6.413860575615673952e+03 4.040142428814226400e+16
6.414194144399511060e+03 4.040667027940007200e+16
6.414527713183347259e+03 4.041190326320210400e+16
6.414861281967185278e+03 4.041712254596139200e+16
6.415194850751021477e+03 4.042232744472547200e+16
6.415528419534857676e+03 4.042751728753128000e+16
6.415861988318694785e+03 4.043269141375495200e+16
6.416195557102531893e+03 4.043784917445676800e+16
6.416529125886369002e+03 4.044298993272040000e+16
6.416862694670205201e+03 4.044811306398752000e+16
6.417196263454043219e+03 4.045321795638580000e+16
6.417529832237879418e+03 4.045830401105175200e+16
6.417863401021716527e+03 4.046337064244707200e+16
6.418196969805553636e+03 4.046841727866883200e+16
6.418530538589390744e+03 4.047344336175299200e+16
6.418864107373226943e+03 4.047844834797156800e+16
6.419197676157063142e+03 4.048343170812233600e+16
6.419531244940901161e+03 4.048839292781206400e+16
6.419864813724737360e+03 4.049333150773184000e+16
6.420198382508574468e+03 4.049824696392544000e+16
6.420531951292411577e+03 4.050313882804954400e+16
6.420865520076248686e+03 4.050800664762660800e+16
6.421199088860084885e+03 4.051284998628932800e+16
6.421532657643922903e+03 4.051766842401706400e+16
6.421866226427759102e+03 4.052246155736400000e+16
6.422199795211596211e+03 4.052722899967867200e+16
6.422533363995432410e+03 4.053197038131487200e+16
6.422866932779270428e+03 4.053668534983375200e+16
6.423200501563106627e+03 4.054137357019700000e+16
6.423534070346942826e+03 4.054603472495098400e+16
6.423867639130780844e+03 4.055066851440145600e+16
6.424201207914617044e+03 4.055527465677926400e+16
6.424534776698454152e+03 4.055985288839630400e+16
6.424868345482291261e+03 4.056440296379210400e+16
6.425201914266128369e+03 4.056892465587048000e+16
6.425535483049964569e+03 4.057341775602694400e+16
6.425869051833801677e+03 4.057788207426557600e+16
6.426202620617638786e+03 4.058231743930656000e+16
6.426536189401475895e+03 4.058672369868313600e+16
6.426869758185312094e+03 4.059110071882904800e+16
6.427203326969149202e+03 4.059544838515544000e+16
6.427536895752986311e+03 4.059976660211748800e+16
6.427870464536822510e+03 4.060405529327129600e+16
6.428204033320660528e+03 4.060831440131971200e+16
