# frequency_cm-1 spectrum_qm_au
0.000000000000000000e+00 0.000000000000000000e+00
3.335687838368875391e-01 2.245392996082271484e+12
6.671375676737750782e-01 8.977594499274035156e+12
1.000706351510662673e+00 2.018469095832396484e+13
1.334275135347550156e+00 3.584688928966987500e+13
1.667843919184437640e+00 5.593661051055571875e+13
2.001412703021325346e+00 8.041861959611904688e+13
2.334981486858212829e+00 1.092501903544272188e+14
2.668550270695100313e+00 1.423813038014447188e+14
3.002119054531987796e+00 1.797548782293070625e+14
3.335687838368875280e+00 2.213070289000635312e+14
3.669256622205763207e+00 2.669673550667485000e+14
4.002825406042650691e+00 3.166592518268465625e+14
4.336394189879538175e+00 3.703002441521086250e+14
4.669962973716425658e+00 4.278023403143367500e+14
5.003531757553313142e+00 4.890724018399136250e+14
5.337100541390200625e+00 5.540125270758560625e+14
5.670669325227088109e+00 6.225204454370463750e+14
6.004238109063975593e+00 6.944899194249405000e+14
6.337806892900863076e+00 7.698111515624960000e+14
6.671375676737750560e+00 8.483711934733765000e+14
7.004944460574638931e+00 9.300543544452015000e+14
7.338513244411526415e+00 1.014742606950866750e+15
7.672082028248413899e+00 1.102315986757987750e+15
8.005650812085301382e+00 1.192652985428475000e+15
8.339219595922187978e+00 1.285630933195974500e+15
8.672788379759076349e+00 1.381126370404385750e+15
9.006357163595962945e+00 1.479015405892203000e+15
9.339925947432851316e+00 1.579174060912676500e+15
9.673494731269739688e+00 1.681478597384516500e+15
1.000706351510662628e+01 1.785805829470178000e+15
1.034063229894351288e+01 1.892033417676914000e+15
1.067420108278040125e+01 2.000040144864293000e+15
1.100776986661728962e+01 2.109706173725261250e+15
1.134133865045417622e+01 2.220913285476227500e+15
1.167490743429106281e+01 2.333545099652776000e+15
1.200847621812795119e+01 2.447487275052284000e+15
1.234204500196483956e+01 2.562627692000124500e+15
1.267561378580172615e+01 2.678856616233967000e+15
1.300918256963861275e+01 2.796066844809581500e+15
1.334275135347550112e+01 2.914153834522581000e+15
1.367632013731239127e+01 3.033015813422345000e+15
1.400988892114927786e+01 3.152553876060658000e+15
1.434345770498616268e+01 3.272672063173692000e+15
1.467702648882305283e+01 3.393277426539650000e+15
1.501059527265994120e+01 3.514280079787793000e+15
1.534416405649682780e+01 3.635593235958928500e+15
1.567773284033371439e+01 3.757133232630854000e+15
1.601130162417060276e+01 3.878819545429196500e+15
1.634487040800749114e+01 4.000574790744598000e+15
1.667843919184437596e+01 4.122324718467047500e+15
1.701200797568126433e+01 4.243998195539087500e+15
1.734557675951815270e+01 4.365527181107586000e+15
1.767914554335504107e+01 4.486846694036324000e+15
1.801271432719192589e+01 4.607894773512354000e+15
1.834628311102881426e+01 4.728612433453900000e+15
1.867985189486570263e+01 4.848943611395448000e+15
1.901342067870259100e+01 4.968835112494905000e+15
1.934698946253947938e+01 5.088236549273160000e+15
1.968055824637636420e+01 5.207100277664408000e+15
2.001412703021325257e+01 5.325381329918763000e+15
2.034769581405014094e+01 5.443037344867292000e+15
2.068126459788702576e+01 5.560028496022490000e+15
2.101483338172391413e+01 5.676317417957002000e+15
2.134840216556080250e+01 5.791869131366866000e+15
2.168197094939769087e+01 5.906650967197492000e+15
2.201553973323457924e+01 6.020632490176620000e+15
2.234910851707146406e+01 6.133785422070920000e+15
2.268267730090835244e+01 6.246083564953316000e+15
2.301624608474524081e+01 6.357502724741898000e+15
2.334981486858212563e+01 6.468020635244308000e+15
2.368338365241901400e+01 6.577616882919003000e+15
2.401695243625590237e+01 6.686272832539902000e+15
2.435052122009279074e+01 6.793971553931016000e+15
2.468409000392967911e+01 6.900697749916544000e+15
2.501765878776656393e+01 7.006437685613374000e+15
2.535122757160345230e+01 7.111179119175288000e+15
2.568479635544034068e+01 7.214911234082873000e+15
2.601836513927722550e+01 7.317624573056376000e+15
2.635193392311411387e+01 7.419310973657168000e+15
2.668550270695100224e+01 7.519963505628569000e+15
2.701907149078789061e+01 7.619576410017467000e+15
2.735264027462478253e+01 7.718145040105516000e+15
2.768620905846166380e+01 7.815665804170685000e+15
2.801977784229855573e+01 7.912136110090266000e+15
2.835334662613544410e+01 8.007554311789698000e+15
2.868691540997232536e+01 8.101919657532726000e+15
2.902048419380921729e+01 8.195232240044548000e+15
2.935405297764610566e+01 8.287492948451748000e+15
2.968762176148299403e+01 8.378703422019600000e+15
3.002119054531988240e+01 8.468866005661903000e+15
3.035475932915676722e+01 8.557983707195496000e+15
3.068832811299365559e+01 8.646060156307510000e+15
3.102189689683054397e+01 8.733099565201467000e+15
3.135546568066742879e+01 8.819106690885782000e+15
3.168903446450431716e+01 8.904086799065600000e+15
3.202260324834120553e+01 8.988045629597679000e+15
3.235617203217809390e+01 9.070989363468020000e+15
3.268974081601498227e+01 9.152924591247780000e+15
3.302330959985186354e+01 9.233858282986494000e+15
3.335687838368875191e+01 9.313797759496984000e+15
3.369044716752564028e+01 9.392750664989280000e+15
3.402401595136252865e+01 9.470724941009186000e+15
3.435758473519941703e+01 9.547728801637128000e+15
3.469115351903630540e+01 9.623770709904332000e+15
3.502472230287319377e+01 9.698859355382684000e+15
3.535829108671008214e+01 9.773003632905328000e+15
3.569185987054696341e+01 9.846212622376316000e+15
3.602542865438385178e+01 9.918495569627220000e+15
3.635899743822074726e+01 9.989861868280740000e+15
3.669256622205762852e+01 1.006032104258055800e+16
3.702613500589452400e+01 1.012988273114956400e+16
3.735970378973140527e+01 1.019855667163677400e+16
3.769327257356828653e+01 1.026635268621824000e+16
3.802684135740518201e+01 1.033328066791304400e+16
3.836041014124207038e+01 1.039935056768194400e+16
3.869397892507895875e+01 1.046457238227248800e+16
3.902754770891584712e+01 1.052895614277960800e+16
3.936111649275272839e+01 1.059251190388770000e+16
3.969468527658962387e+01 1.065524973376495800e+16
4.002825406042650513e+01 1.071717970457934000e+16
4.036182284426339351e+01 1.077831188360735800e+16
4.069539162810028188e+01 1.083865632490819800e+16
4.102896041193717025e+01 1.089822306153586800e+16
4.136252919577405152e+01 1.095702209826431000e+16
4.169609797961094699e+01 1.101506340480005200e+16
4.202966676344782826e+01 1.107235690945844000e+16
4.236323554728472374e+01 1.112891249328166800e+16
4.269680433112160500e+01 1.118473998457459200e+16
4.303037311495849337e+01 1.123984915383946400e+16
4.336394189879538175e+01 1.129424970908728800e+16
4.369751068263227012e+01 1.134795129150814600e+16
4.403107946646915849e+01 1.140096347148016000e+16
4.436464825030604686e+01 1.145329574490140200e+16
4.469821703414292813e+01 1.150495752982514600e+16
4.503178581797982361e+01 1.155595816338480600e+16
4.536535460181670487e+01 1.160630689899089600e+16
4.569892338565359324e+01 1.165601290378625400e+16
4.603249216949048161e+01 1.170508525634540800e+16
4.636606095332736999e+01 1.175353294460356000e+16
4.669962973716425125e+01 1.180136486400346400e+16
4.703319852100114673e+01 1.184858981584679400e+16
4.736676730483802800e+01 1.189521650583920200e+16
4.770033608867492347e+01 1.194125354281735200e+16
4.803390487251180474e+01 1.198670943764665200e+16
4.836747365634869311e+01 1.203159260228140400e+16
4.870104244018558148e+01 1.207591134897523600e+16
4.903461122402246986e+01 1.211967388963508400e+16
4.936818000785935823e+01 1.216288833530767200e+16
4.970174879169624660e+01 1.220556269579230400e+16
5.003531757553312787e+01 1.224770487937041400e+16
5.036888635937002334e+01 1.228932269264526400e+16
5.070245514320690461e+01 1.233042384048438600e+16
5.103602392704379298e+01 1.237101592605841400e+16
5.136959271088068135e+01 1.241110645096887000e+16
5.170316149471756972e+01 1.245070281546014400e+16
5.203673027855445099e+01 1.248981231870903600e+16
5.237029906239134647e+01 1.252844215918653200e+16
5.270386784622822773e+01 1.256659943508681600e+16
5.303743663006512321e+01 1.260429114481882800e+16
5.337100541390200448e+01 1.264152418755479600e+16
5.370457419773889285e+01 1.267830536383287200e+16
5.403814298157578122e+01 1.271464137620794800e+16
5.437171176541266959e+01 1.275053882994856000e+16
5.470528054924956507e+01 1.278600423377431600e+16
5.503884933308644634e+01 1.282104400063235600e+16
5.537241811692332760e+01 1.285566444850742000e+16
5.570598690076022308e+01 1.288987180126425200e+16
5.603955568459711145e+01 1.292367218951825600e+16
5.637312446843399272e+01 1.295707165153189200e+16
5.670669325227088819e+01 1.299007613413487600e+16
5.704026203610776946e+01 1.302269149366425600e+16
5.737383081994465073e+01 1.305492349692383400e+16
5.770739960378154620e+01 1.308677782215924400e+16
5.804096838761843458e+01 1.311826006004743600e+16
5.837453717145532295e+01 1.314937571469882400e+16
5.870810595529221132e+01 1.318013020466920800e+16
5.904167473912909259e+01 1.321052886398135600e+16
5.937524352296598806e+01 1.324057694315297200e+16
5.970881230680286933e+01 1.327027961023119600e+16
6.004238109063976481e+01 1.329964195183064800e+16
6.037594987447664607e+01 1.332866897417539200e+16
6.070951865831353444e+01 1.335736560414187000e+16
6.104308744215042282e+01 1.338573669030317600e+16
6.137665622598731119e+01 1.341378700397249000e+16
6.171022500982419245e+01 1.344152124024550400e+16
6.204379379366108793e+01 1.346894401904042200e+16
6.237736257749796920e+01 1.349605988613479600e+16
6.271093136133485757e+01 1.352287331419852000e+16
6.304450014517174594e+01 1.354938870382206000e+16
6.337806892900863431e+01 1.357561038453952400e+16
6.371163771284552269e+01 1.360154261584567800e+16
6.404520649668241106e+01 1.362718958820629200e+16
6.437877528051929232e+01 1.365255542406172800e+16
6.471234406435618780e+01 1.367764417882253200e+16
6.504591284819306907e+01 1.370245984185758000e+16
6.537948163202996454e+01 1.372700633747317200e+16
6.571305041586684581e+01 1.375128752588388200e+16
6.604661919970372708e+01 1.377530720417395600e+16
6.638018798354062255e+01 1.379906910724947200e+16
6.671375676737750382e+01 1.382257690878057800e+16
6.704732555121439930e+01 1.384583422213396800e+16
6.738089433505128056e+01 1.386884460129515200e+16
6.771446311888817604e+01 1.389161154178026200e+16
6.804803190272505731e+01 1.391413848153743400e+16
6.838160068656195278e+01 1.393642880183747600e+16
6.871516947039883405e+01 1.395848582815362400e+16
6.904873825423572953e+01 1.398031283103065400e+16
6.938230703807261079e+01 1.400191302694256800e+16
6.971587582190949206e+01 1.402328957913967400e+16
7.004944460574638754e+01 1.404444559848416800e+16
7.038301338958326880e+01 1.406538414427480200e+16
7.071658217342016428e+01 1.408610822506003600e+16
7.105015095725704555e+01 1.410662079944048000e+16
7.138371974109392681e+01 1.412692477685961600e+16
7.171728852493082229e+01 1.414702301838364400e+16
7.205085730876770356e+01 1.416691833747006800e+16
7.238442609260459903e+01 1.418661350072504400e+16
7.271799487644149451e+01 1.420611122864986400e+16
7.305156366027837578e+01 1.422541419637608400e+16
7.338513244411525704e+01 1.424452503438993600e+16
7.371870122795213831e+01 1.426344632924564800e+16
7.405227001178904800e+01 1.428218062426789800e+16
7.438583879562592927e+01 1.430073042024364400e+16
7.471940757946281053e+01 1.431909817610308800e+16
7.505297636329969180e+01 1.433728630959014600e+16
7.538654514713657306e+01 1.435529719792231000e+16
7.572011393097348275e+01 1.437313317844024800e+16
7.605368271481036402e+01 1.439079654924674400e+16
7.638725149864724528e+01 1.440828956983606000e+16
7.672082028248414076e+01 1.442561446171242400e+16
7.705438906632102203e+01 1.444277340899922400e+16
7.738795785015791751e+01 1.445976855903777200e+16
7.772152663399479877e+01 1.447660202297672800e+16
7.805509541783169425e+01 1.449327587635169200e+16
7.838866420166857552e+01 1.450979215965516400e+16
7.872223298550545678e+01 1.452615287889746000e+16
7.905580176934233805e+01 1.454236000615794200e+16
7.938937055317924774e+01 1.455841548012733800e+16
7.972293933701612900e+01 1.457432120664112800e+16
8.005650812085301027e+01 1.459007905920363600e+16
8.039007690468989153e+01 1.460569087950379600e+16
8.072364568852678701e+01 1.462115847792196600e+16
8.105721447236368249e+01 1.463648363402844200e+16
8.139078325620056376e+01 1.465166809707326400e+16
8.172435204003744502e+01 1.466671358646819200e+16
8.205792082387434050e+01 1.468162179226012000e+16
8.239148960771122177e+01 1.469639437559670400e+16
8.272505839154810303e+01 1.471103296918408400e+16
8.305862717538499851e+01 1.472553917773682800e+16
8.339219595922189399e+01 1.473991457842010600e+16
8.372576474305877525e+01 1.475416072128459800e+16
8.405933352689565652e+01 1.476827912969378400e+16
8.439290231073253779e+01 1.478227130074411400e+16
8.472647109456944747e+01 1.479613870567788800e+16
8.506003987840632874e+01 1.480988279028935000e+16
8.539360866224321001e+01 1.482350497532351600e+16
8.572717744608009127e+01 1.483700665686865200e+16
8.606074622991698675e+01 1.485038920674159200e+16
8.639431501375388223e+01 1.486365397286700400e+16
8.672788379759076349e+01 1.487680227964976400e+16
8.706145258142764476e+01 1.488983542834138000e+16
8.739502136526454024e+01 1.490275469739992600e+16
8.772859014910142150e+01 1.491556134284410200e+16
8.806215893293831698e+01 1.492825659860104200e+16
8.839572771677519825e+01 1.494084167684852800e+16
8.872929650061209372e+01 1.495331776835123200e+16
8.906286528444897499e+01 1.496568604279140000e+16
8.939643406828585626e+01 1.497794764909386000e+16
8.973000285212273752e+01 1.499010371574576800e+16
9.006357163595964721e+01 1.500215535111070400e+16
9.039714041979652848e+01 1.501410364373787600e+16
9.073070920363340974e+01 1.502594966266583600e+16
9.106427798747029101e+01 1.503769445772140800e+16
9.139784677130718649e+01 1.504933905981341600e+16
9.173141555514408196e+01 1.506088448122177000e+16
9.206498433898096323e+01 1.507233171588155800e+16
9.239855312281785871e+01 1.508368173966280000e+16
9.273212190665473997e+01 1.509493551064512400e+16
9.306569069049162124e+01 1.510609396938848800e+16
9.339925947432850251e+01 1.511715803919903800e+16
9.373282825816541219e+01 1.512812862639089400e+16
9.406639704200229346e+01 1.513900662054371200e+16
9.439996582583917473e+01 1.514979289475593000e+16
9.473353460967605599e+01 1.516048830589417200e+16
9.506710339351293726e+01 1.517109369483837600e+16
9.540067217734984695e+01 1.518160988672334600e+16
9.573424096118672821e+01 1.519203769117624600e+16
9.606780974502360948e+01 1.520237790255038400e+16
9.640137852886050496e+01 1.521263130015541400e+16
9.673494731269738622e+01 1.522279864848390200e+16
9.706851609653428170e+01 1.523288069743429200e+16
9.740208488037116297e+01 1.524287818253053200e+16
9.773565366420805844e+01 1.525279182513823000e+16
9.806922244804493971e+01 1.526262233267766000e+16
9.840279123188182098e+01 1.527237039883327200e+16
9.873636001571871645e+01 1.528203670376026800e+16
9.906992879955561193e+01 1.529162191428796800e+16
9.940349758339249320e+01 1.530112668412014400e+16
9.973706636722937446e+01 1.531055165403239200e+16
1.000706351510662557e+02 1.531989745206658600e+16
1.004042039349031512e+02 1.532916469372246200e+16
1.007377727187400467e+02 1.533835398214646800e+16
1.010713415025769280e+02 1.534746590831789600e+16
1.014049102864138092e+02 1.535650105123213200e+16
1.017384790702507047e+02 1.536545997808166200e+16
1.020720478540875860e+02 1.537434324443418800e+16
1.024056166379244814e+02 1.538315139440844600e+16
1.027391854217613627e+02 1.539188496084738400e+16
1.030727542055982582e+02 1.540054446548919600e+16
1.034063229894351394e+02 1.540913041913588000e+16
1.037398917732720207e+02 1.541764332181936600e+16
1.040734605571089020e+02 1.542608366296568800e+16
1.044070293409458117e+02 1.543445192155676400e+16
1.047405981247826929e+02 1.544274856629010000e+16
1.050741669086195742e+02 1.545097405573632000e+16
1.054077356924564555e+02 1.545912883849482600e+16
1.057413044762933509e+02 1.546721335334728600e+16
1.060748732601302464e+02 1.547522802940913600e+16
1.064084420439671277e+02 1.548317328627940000e+16
1.067420108278040090e+02 1.549104953418832800e+16
1.070755796116409044e+02 1.549885717414349200e+16
1.074091483954777857e+02 1.550659659807380600e+16
1.077427171793146812e+02 1.551426818897205600e+16
1.080762859631515624e+02 1.552187232103549200e+16
1.084098547469884579e+02 1.552940935980497200e+16
1.087434235308253392e+02 1.553687966230226000e+16
1.090769923146622205e+02 1.554428357716589200e+16
1.094105610984991301e+02 1.555162144478525400e+16
1.097441298823360114e+02 1.555889359743342800e+16
1.100776986661728927e+02 1.556610035939832600e+16
1.104112674500097739e+02 1.557324204711240800e+16
1.107448362338466552e+02 1.558031896928099800e+16
1.110784050176835507e+02 1.558733142700920200e+16
1.114119738015204462e+02 1.559427971392741200e+16
1.117455425853573274e+02 1.560116411631556200e+16
1.120791113691942229e+02 1.560798491322593600e+16
1.124126801530311042e+02 1.561474237660491200e+16
1.127462489368679854e+02 1.562143677141319600e+16
1.130798177207048809e+02 1.562806835574504800e+16
1.134133865045417764e+02 1.563463738094616000e+16
1.137469552883786577e+02 1.564114409173054000e+16
1.140805240722155389e+02 1.564758872629601400e+16
1.144140928560524202e+02 1.565397151643888000e+16
1.147476616398893015e+02 1.566029268766715000e+16
1.150812304237262111e+02 1.566655245931308600e+16
1.154147992075630924e+02 1.567275104464435600e+16
1.157483679913999737e+02 1.567888865097437800e+16
1.160819367752368692e+02 1.568496547977151400e+16
1.164155055590737504e+02 1.569098172676739600e+16
1.167490743429106459e+02 1.569693758206425200e+16
1.170826431267475272e+02 1.570283323024125000e+16
1.174162119105844226e+02 1.570866885045985800e+16
1.177497806944213039e+02 1.571444461656857200e+16
1.180833494782581852e+02 1.572016069720635200e+16
1.184169182620950806e+02 1.572581725590549200e+16
1.187504870459319761e+02 1.573141445119350600e+16
1.190840558297688574e+02 1.573695243669426800e+16
1.194176246136057387e+02 1.574243136122815200e+16
1.197511933974426199e+02 1.574785136891154600e+16
1.200847621812795296e+02 1.575321259925549600e+16
1.204183309651164109e+02 1.575851518726348000e+16
1.207518997489532921e+02 1.576375926352870400e+16
1.210854685327901734e+02 1.576894495433015600e+16
1.214190373166270689e+02 1.577407238172849600e+16
1.217526061004639502e+02 1.577914166366078400e+16
1.220861748843008456e+02 1.578415291403455200e+16
1.224197436681377269e+02 1.578910624282144400e+16
1.227533124519746224e+02 1.579400175614982400e+16
1.230868812358115036e+02 1.579883955639689600e+16
1.234204500196483849e+02 1.580361974228003200e+16
1.237540188034852804e+02 1.580834240894758600e+16
1.240875875873221759e+02 1.581300764806877600e+16
1.244211563711590571e+02 1.581761554792330400e+16
1.247547251549959384e+02 1.582216619348995200e+16
1.250882939388328197e+02 1.582665966653475400e+16
1.254218627226697151e+02 1.583109604569852400e+16
1.257554315065066106e+02 1.583547540658366000e+16
1.260890002903434919e+02 1.583979782184045200e+16
1.264225690741803731e+02 1.584406336125266400e+16
1.267561378580172686e+02 1.584827209182264200e+16
1.270897066418541499e+02 1.585242407785567000e+16
1.274232754256910454e+02 1.585651938104381600e+16
1.277568442095279408e+02 1.586055806054926800e+16
1.280904129933648221e+02 1.586454017308685800e+16
1.284239817772017034e+02 1.586846577300617400e+16
1.287575505610385846e+02 1.587233491237302800e+16
1.290911193448754943e+02 1.587614764105047600e+16
1.294246881287123756e+02 1.587990400677891800e+16
1.297582569125492569e+02 1.588360405525600800e+16
1.300918256963861381e+02 1.588724783021585600e+16
1.304253944802230194e+02 1.589083537350745200e+16
1.307589632640599291e+02 1.589436672517287200e+16
1.310925320478968104e+02 1.589784192352460200e+16
1.314261008317336916e+02 1.590126100522252000e+16
1.317596696155705729e+02 1.590462400535014800e+16
1.320932383994074542e+02 1.590793095749040800e+16
1.324268071832443354e+02 1.591118189380080800e+16
1.327603759670812451e+02 1.591437684508800200e+16
1.330939447509181264e+02 1.591751584088184800e+16
1.334275135347550076e+02 1.592059890950886400e+16
1.337610823185919173e+02 1.592362607816504400e+16
1.340946511024287986e+02 1.592659737298818400e+16
1.344282198862656799e+02 1.592951281912964800e+16
1.347617886701025611e+02 1.593237244082541400e+16
1.350953574539394708e+02 1.593517626146665600e+16
1.354289262377763521e+02 1.593792430366972400e+16
1.357624950216132333e+02 1.594061658934550200e+16
1.360960638054501146e+02 1.594325313976816800e+16
1.364296325892870243e+02 1.594583397564337200e+16
1.367632013731239056e+02 1.594835911717586400e+16
1.370967701569607868e+02 1.595082858413639200e+16
1.374303389407976681e+02 1.595324239592817600e+16
1.377639077246345494e+02 1.595560057165257600e+16
1.380974765084714591e+02 1.595790313017425200e+16
1.384310452923083403e+02 1.596015009018575600e+16
1.387646140761452216e+02 1.596234147027135800e+16
1.390981828599821029e+02 1.596447728897038000e+16
1.394317516438189841e+02 1.596655756483973200e+16
1.397653204276558938e+02 1.596858231651608800e+16
1.400988892114927751e+02 1.597055156277706000e+16
1.404324579953296563e+02 1.597246532260209600e+16
1.407660267791665376e+02 1.597432361523238000e+16
1.410995955630034189e+02 1.597612646023037800e+16
1.414331643468403286e+02 1.597787387753847600e+16
1.417667331306772098e+02 1.597956588753708800e+16
1.421003019145140911e+02 1.598120251110213600e+16
1.424338706983509724e+02 1.598278376966165200e+16
1.427674394821878536e+02 1.598430968525194400e+16
1.431010082660247633e+02 1.598578028057287600e+16
1.434345770498616446e+02 1.598719557904257400e+16
1.437681458336985258e+02 1.598855560485134600e+16
1.441017146175354071e+02 1.598986038301497800e+16
1.444352834013723168e+02 1.599110993942728800e+16
1.447688521852091981e+02 1.599230430091193000e+16
1.451024209690460793e+02 1.599344349527353600e+16
1.454359897528829890e+02 1.599452755134807800e+16
1.457695585367198703e+02 1.599555649905255000e+16
1.461031273205567516e+02 1.599653036943386000e+16
1.464366961043936328e+02 1.599744919471704200e+16
1.467702648882305141e+02 1.599831300835263200e+16
1.471038336720674238e+02 1.599912184506342400e+16
1.474374024559042766e+02 1.599987574089026800e+16
1.477709712397411863e+02 1.600057473323733800e+16
1.481045400235780960e+02 1.600121886091649800e+16
1.484381088074149488e+02 1.600180816419080400e+16
1.487716775912518585e+02 1.600234268481752400e+16
1.491052463750887114e+02 1.600282246609002200e+16
1.494388151589256211e+02 1.600324755287914000e+16
1.497723839427625308e+02 1.600361799167359000e+16
1.501059527265993836e+02 1.600393383061967400e+16
1.504395215104362933e+02 1.600419511956015200e+16
1.507730902942731461e+02 1.600440191007229200e+16
1.511066590781100558e+02 1.600455425550517600e+16
1.514402278619469655e+02 1.600465221101608000e+16
1.517737966457838183e+02 1.600469583360614000e+16
1.521073654296207280e+02 1.600468518215520800e+16
1.524409342134576093e+02 1.600462031745574000e+16
1.527745029972944906e+02 1.600450130224604000e+16
1.531080717811314003e+02 1.600432820124250200e+16
1.534416405649682815e+02 1.600410108117118400e+16
1.537752093488051628e+02 1.600382001079840400e+16
1.541087781326420441e+02 1.600348506096060000e+16
1.544423469164789253e+02 1.600309630459322400e+16
1.547759157003158350e+02 1.600265381675900200e+16
1.551094844841527163e+02 1.600215767467505200e+16
1.554430532679895975e+02 1.600160795773945600e+16
1.557766220518264788e+02 1.600100474755676400e+16
1.561101908356633885e+02 1.600034812796270000e+16
1.564437596195002413e+02 1.599963818504813600e+16
1.567773284033371510e+02 1.599887500718201000e+16
1.571108971871740323e+02 1.599805868503353200e+16
1.574444659710109136e+02 1.599718931159348400e+16
1.577780347548478233e+02 1.599626698219468000e+16
1.581116035386846761e+02 1.599529179453150000e+16
1.584451723225215858e+02 1.599426384867874400e+16
1.587787411063584955e+02 1.599318324710934000e+16
1.591123098901953483e+02 1.599205009471147800e+16
1.594458786740322580e+02 1.599086449880476400e+16
1.597794474578691108e+02 1.598962656915543200e+16
1.601130162417060205e+02 1.598833641799089200e+16
1.604465850255429302e+02 1.598699416001328600e+16
1.607801538093797831e+02 1.598559991241217600e+16
1.611137225932166928e+02 1.598415379487651000e+16
1.614472913770535740e+02 1.598265592960560800e+16
1.617808601608904553e+02 1.598110644131936400e+16
1.621144289447273650e+02 1.597950545726759200e+16
1.624479977285642178e+02 1.597785310723851600e+16
1.627815665124011275e+02 1.597614952356647600e+16
1.631151352962380088e+02 1.597439484113868000e+16
1.634487040800748900e+02 1.597258919740126400e+16
1.637822728639117997e+02 1.597073273236441600e+16
1.641158416477486810e+02 1.596882558860669000e+16
1.644494104315855623e+02 1.596686791127859200e+16
1.647829792154224435e+02 1.596485984810519800e+16
1.651165479992593532e+02 1.596280154938809800e+16
1.654501167830962061e+02 1.596069316800638000e+16
1.657836855669331158e+02 1.595853485941703200e+16
1.661172543507699970e+02 1.595632678165427200e+16
1.664508231346068783e+02 1.595406909532828800e+16
1.667843919184437880e+02 1.595176196362315600e+16
1.671179607022806408e+02 1.594940555229385200e+16
1.674515294861175505e+02 1.594700002966270400e+16
1.677850982699544602e+02 1.594454556661481200e+16
1.681186670537913130e+02 1.594204233659294200e+16
1.684522358376282227e+02 1.593949051559154800e+16
1.687858046214650756e+02 1.593689028214999600e+16
1.691193734053019853e+02 1.593424181734520800e+16
1.694529421891388949e+02 1.593154530478336000e+16
1.697865109729757478e+02 1.592880093059103600e+16
1.701200797568126575e+02 1.592600888340558000e+16
1.704536485406495103e+02 1.592316935436467600e+16
1.707872173244864200e+02 1.592028253709541400e+16
1.711207861083233297e+02 1.591734862770236400e+16
1.714543548921601825e+02 1.591436782475531400e+16
1.717879236759970922e+02 1.591134032927598000e+16
1.721214924598339735e+02 1.590826634472433800e+16
1.724550612436708548e+02 1.590514607698405600e+16
1.727886300275077645e+02 1.590197973434751800e+16
1.731221988113446457e+02 1.589876752749990800e+16
1.734557675951815270e+02 1.589550966950299600e+16
1.737893363790184083e+02 1.589220637577795200e+16
1.741229051628552895e+02 1.588885786408789200e+16
1.744564739466921992e+02 1.588546435451946200e+16
1.747900427305290805e+02 1.588202606946418200e+16
1.751236115143659617e+02 1.587854323359894400e+16
1.754571802982028430e+02 1.587501607386600000e+16
1.757907490820397527e+02 1.587144481945251600e+16
1.761243178658766340e+02 1.586782970176936200e+16
1.764578866497135152e+02 1.586417095442951000e+16
1.767914554335503965e+02 1.586046881322587800e+16
1.771250242173872778e+02 1.585672351610860400e+16
1.774585930012241874e+02 1.585293530316183600e+16
1.777921617850610403e+02 1.584910441658000200e+16
1.781257305688979500e+02 1.584523110064370400e+16
1.784592993527348597e+02 1.584131560169491200e+16
1.787928681365717125e+02 1.583735816811191600e+16
1.791264369204086222e+02 1.583335905028374000e+16
1.794600057042454750e+02 1.582931850058404800e+16
1.797935744880823847e+02 1.582523677334471600e+16
1.801271432719192944e+02 1.582111412482894800e+16
1.804607120557561473e+02 1.581695081320394600e+16
1.807942808395930570e+02 1.581274709851330400e+16
1.811278496234299382e+02 1.580850324264883400e+16
1.814614184072668195e+02 1.580421950932220000e+16
1.817949871911037292e+02 1.579989616403606400e+16
1.821285559749405820e+02 1.579553347405496000e+16
1.824621247587774917e+02 1.579113170837576800e+16
1.827956935426143730e+02 1.578669113769795600e+16
1.831292623264512542e+02 1.578221203439340000e+16
1.834628311102881639e+02 1.577769467247597200e+16
1.837963998941250452e+02 1.577313932757081000e+16
1.841299686779619265e+02 1.576854627688335600e+16
1.844635374617988077e+02 1.576391579916802600e+16
1.847971062456357174e+02 1.575924817469677000e+16
1.851306750294725987e+02 1.575454368522726800e+16
1.854642438133094799e+02 1.574980261397093800e+16
1.857978125971463612e+02 1.574502524556078400e+16
1.861313813809832425e+02 1.574021186601889000e+16
1.864649501648201522e+02 1.573536276272392800e+16
1.867985189486570050e+02 1.573047822437825200e+16
1.871320877324939147e+02 1.572555854097504200e+16
1.874656565163308244e+02 1.572060400376510000e+16
1.877992253001676772e+02 1.571561490522361800e+16
1.881327940840045869e+02 1.571059153901680800e+16
1.884663628678414398e+02 1.570553419996827600e+16
1.887999316516783495e+02 1.570044318402547600e+16
1.891335004355152591e+02 1.569531878822589800e+16
1.894670692193521120e+02 1.569016131066326000e+16
1.898006380031890217e+02 1.568497105045358600e+16
1.901342067870258745e+02 1.567974830770118400e+16
1.904677755708627842e+02 1.567449338346464800e+16
1.908013443546996939e+02 1.566920657972272600e+16
1.911349131385365467e+02 1.566388819934020400e+16
1.914684819223734564e+02 1.565853854603373200e+16
1.918020507062103377e+02 1.565315792433766800e+16
1.921356194900472190e+02 1.564774663956989200e+16
1.924691882738841286e+02 1.564230499779761200e+16
1.928027570577210099e+02 1.563683330580322000e+16
1.931363258415578912e+02 1.563133187105018000e+16
1.934698946253947724e+02 1.562580100164886000e+16
1.938034634092316537e+02 1.562024100632254400e+16
1.941370321930685634e+02 1.561465219437339600e+16
1.944706009769054447e+02 1.560903487564852400e+16
1.948041697607423259e+02 1.560338936050613000e+16
1.951377385445792072e+02 1.559771595978170400e+16
1.954713073284161169e+02 1.559201498475437800e+16
1.958048761122529982e+02 1.558628674711326800e+16
1.961384448960898794e+02 1.558053155892406000e+16
1.964720136799267607e+02 1.557474973259562200e+16
1.968055824637636420e+02 1.556894158084674400e+16
1.971391512476005516e+02 1.556310741667311400e+16
1.974727200314374329e+02 1.555724755331429400e+16
1.978062888152743142e+02 1.555136230422089600e+16
1.981398575991112239e+02 1.554545198302204000e+16
1.984734263829480767e+02 1.553951690349278800e+16
1.988069951667849864e+02 1.553355737952188000e+16
1.991405639506218392e+02 1.552757372507959200e+16
1.994741327344587489e+02 1.552156625418586000e+16
1.998077015182956586e+02 1.551553528087846800e+16
2.001412703021325115e+02 1.550948111918160200e+16
2.004748390859694211e+02 1.550340408307446000e+16
2.008084078698063024e+02 1.549730448646022200e+16
2.011419766536431837e+02 1.549118264313514600e+16
2.014755454374800934e+02 1.548503886675789600e+16
2.018091142213169462e+02 1.547887347081917600e+16
2.021426830051538559e+02 1.547268676861156800e+16
2.024762517889907372e+02 1.546647907319957600e+16
2.028098205728276184e+02 1.546025069739003600e+16
2.031433893566645281e+02 1.545400195370261400e+16
2.034769581405014094e+02 1.544773315434075600e+16
2.038105269243382907e+02 1.544144461116280600e+16
2.041440957081751719e+02 1.543513663565338400e+16
2.044776644920120816e+02 1.542880953889512000e+16
2.048112332758489629e+02 1.542246363154059200e+16
2.051448020596858441e+02 1.541609922378461600e+16
2.054783708435227254e+02 1.540971662533680800e+16
2.058119396273596067e+02 1.540331614539442400e+16
2.061455084111965164e+02 1.539689809261554000e+16
2.064790771950333976e+02 1.539046277509250800e+16
2.068126459788702789e+02 1.538401050032574800e+16
2.071462147627071886e+02 1.537754157519782400e+16
2.074797835465440414e+02 1.537105630594782400e+16
2.078133523303809511e+02 1.536455499814619000e+16
2.081469211142178040e+02 1.535803795666964400e+16
2.084804898980547136e+02 1.535150548567665000e+16
2.088140586818916233e+02 1.534495788858309200e+16
2.091476274657284762e+02 1.533839546803829600e+16
2.094811962495653859e+02 1.533181852590146200e+16
2.098147650334022387e+02 1.532522736321831600e+16
2.101483338172391484e+02 1.531862228019818000e+16
2.104819026010760581e+02 1.531200357619135400e+16
2.108154713849129109e+02 1.530537154966686000e+16
2.111490401687498206e+02 1.529872649819054400e+16
2.114826089525867019e+02 1.529206871840343600e+16
2.118161777364235832e+02 1.528539850600057400e+16
2.121497465202604928e+02 1.527871615571009000e+16
2.124833153040973741e+02 1.527202196127271200e+16
2.128168840879342554e+02 1.526531621542157400e+16
2.131504528717711366e+02 1.525859920986235200e+16
2.134840216556080179e+02 1.525187123525386400e+16
2.138175904394449276e+02 1.524513258118887600e+16
2.141511592232818089e+02 1.523838353617537600e+16
2.144847280071186901e+02 1.523162438761816400e+16
2.148182967909555714e+02 1.522485542180077200e+16
2.151518655747924811e+02 1.521807692386778400e+16
2.154854343586293624e+02 1.521128917780746400e+16
2.158190031424662436e+02 1.520449246643476800e+16
2.161525719263031249e+02 1.519768707137476000e+16
2.164861407101400061e+02 1.519087327304622800e+16
2.168197094939769158e+02 1.518405135064585600e+16
2.171532782778137971e+02 1.517722158213257400e+16
2.174868470616506784e+02 1.517038424421235000e+16
2.178204158454875881e+02 1.516353961232336400e+16
2.181539846293244409e+02 1.515668796062140800e+16
2.184875534131613506e+02 1.514982956196581200e+16
2.188211221969982603e+02 1.514296468790551600e+16
2.191546909808351131e+02 1.513609360866565600e+16
2.194882597646720228e+02 1.512921659313446400e+16
2.198218285485088757e+02 1.512233390885040800e+16
2.201553973323457853e+02 1.511544582198982000e+16
2.204889661161826666e+02 1.510855259735476000e+16
2.208225349000195479e+02 1.510165449836130000e+16
2.211561036838564576e+02 1.509475178702804200e+16
2.214896724676933104e+02 1.508784472396511000e+16
2.218232412515302201e+02 1.508093356836338000e+16
2.221568100353671014e+02 1.507401857798404600e+16
2.224903788192039826e+02 1.506710000914857000e+16
2.228239476030408923e+02 1.506017811672892600e+16
2.231575163868777736e+02 1.505325315413815800e+16
2.234910851707146549e+02 1.504632537332131200e+16
2.238246539545515361e+02 1.503939502474666200e+16
2.241582227383884458e+02 1.503246235739720400e+16
2.244917915222253271e+02 1.502552761876258600e+16
2.248253603060622083e+02 1.501859105483123800e+16
2.251589290898990896e+02 1.501165291008290000e+16
2.254924978737359709e+02 1.500471342748140800e+16
2.258260666575728806e+02 1.499777284846779800e+16
2.261596354414097618e+02 1.499083141295371200e+16
2.264932042252466431e+02 1.498388935931514000e+16
2.268267730090835528e+02 1.497694692438644000e+16
2.271603417929204056e+02 1.497000434345461600e+16
2.274939105767573153e+02 1.496306185025396000e+16
2.278274793605941966e+02 1.495611967696093400e+16
2.281610481444310778e+02 1.494917805418934400e+16
2.284946169282679875e+02 1.494223721098583600e+16
2.288281857121048404e+02 1.493529737482564600e+16
2.291617544959417501e+02 1.492835877160860000e+16
2.294953232797786029e+02 1.492142162565545800e+16
2.298288920636155126e+02 1.491448615970447400e+16
2.301624608474524223e+02 1.490755259490826400e+16
2.304960296312892751e+02 1.490062115083085800e+16
2.308295984151261848e+02 1.489369204544520400e+16
2.311631671989630661e+02 1.488676549513065400e+16
2.314967359827999474e+02 1.487984171467099200e+16
2.318303047666368570e+02 1.487292091725246400e+16
2.321638735504737383e+02 1.486600331446227600e+16
2.324974423343106196e+02 1.485908911628720000e+16
2.328310111181475008e+02 1.485217853111242400e+16
2.331645799019843821e+02 1.484527176572074000e+16
2.334981486858212918e+02 1.483836902529187600e+16
2.338317174696581731e+02 1.483147051340208400e+16
2.341652862534950543e+02 1.482457643202399200e+16
2.344988550373319356e+02 1.481768698152664200e+16
2.348324238211688453e+02 1.481080236067578800e+16
2.351659926050057265e+02 1.480392276663435200e+16
2.354995613888426078e+02 1.479704839496317000e+16
2.358331301726794891e+02 1.479017943962191400e+16
2.361666989565163703e+02 1.478331609297020400e+16
2.365002677403532800e+02 1.477645854576898400e+16
2.368338365241901613e+02 1.476960698718205200e+16
2.371674053080270426e+02 1.476276160477775800e+16
2.375009740918639523e+02 1.475592258453103200e+16
2.378345428757008051e+02 1.474909011082544200e+16
2.381681116595377148e+02 1.474226436645554400e+16
2.385016804433746245e+02 1.473544553262938600e+16
2.388352492272114773e+02 1.472863378897119400e+16
2.391688180110483870e+02 1.472182931352423600e+16
2.395023867948852399e+02 1.471503228275388400e+16
2.398359555787221495e+02 1.470824287155080400e+16
2.401695243625590592e+02 1.470146125323436800e+16
2.405030931463959121e+02 1.469468759955615200e+16
2.408366619302328218e+02 1.468792208070372400e+16
2.411702307140696746e+02 1.468116486530447600e+16
2.415037994979065843e+02 1.467441612042965200e+16
2.418373682817434656e+02 1.466767601159850800e+16
2.421709370655803468e+02 1.466094470278270800e+16
2.425045058494172565e+02 1.465422235641072400e+16
2.428380746332541378e+02 1.464750913337249200e+16
2.431716434170910190e+02 1.464080519302419000e+16
2.435052122009279003e+02 1.463411069319308800e+16
2.438387809847648100e+02 1.462742579018263400e+16
2.441723497686016913e+02 1.462075063877754000e+16
2.445059185524385725e+02 1.461408539224912400e+16
2.448394873362754538e+02 1.460743020236074000e+16
2.451730561201123351e+02 1.460078521937322400e+16
2.455066249039492448e+02 1.459415059205064000e+16
2.458401936877861260e+02 1.458752646766597800e+16
2.461737624716230073e+02 1.458091299200707200e+16
2.465073312554599170e+02 1.457431030938255800e+16
2.468409000392967698e+02 1.456771856262800800e+16
2.471744688231336795e+02 1.456113789311207800e+16
2.475080376069705608e+02 1.455456844074283600e+16
2.478416063908074420e+02 1.454801034397414000e+16
2.481751751746443517e+02 1.454146373981215200e+16
2.485087439584812046e+02 1.453492876382191200e+16
2.488423127423181143e+02 1.452840555013398400e+16
2.491758815261550239e+02 1.452189423145124200e+16
2.495094503099918768e+02 1.451539493905570400e+16
2.498430190938287865e+02 1.450890780281546400e+16
2.501765878776656393e+02 1.450243295119167400e+16
2.505101566615025490e+02 1.449597051124564000e+16
2.508437254453394303e+02 1.448952060864596800e+16
2.511772942291763115e+02 1.448308336767578000e+16
2.515108630130132212e+02 1.447665891124002800e+16
2.518444317968501025e+02 1.447024736087279600e+16
2.521780005806869838e+02 1.446384883674480800e+16
2.525115693645238650e+02 1.445746345767080800e+16
2.528451381483607463e+02 1.445109134111718800e+16
2.531787069321976560e+02 1.444473260320952400e+16
2.535122757160345373e+02 1.443838735874025000e+16
2.538458444998714185e+02 1.443205572117635600e+16
2.541794132837082998e+02 1.442573780266714200e+16
2.545129820675452095e+02 1.441943371405202000e+16
2.548465508513820907e+02 1.441314356486832000e+16
2.551801196352189720e+02 1.440686746335921600e+16
2.555136884190558817e+02 1.440060551648164000e+16
2.558472572028927345e+02 1.439435782991424400e+16
2.561808259867296442e+02 1.438812450806539200e+16
2.565143947705665255e+02 1.438190565408119400e+16
2.568479635544034068e+02 1.437570136985359200e+16
2.571815323382402880e+02 1.436951175602841200e+16
2.575151011220771693e+02 1.436333691201354800e+16
2.578486699059140506e+02 1.435717693598706000e+16
2.581822386897509887e+02 1.435103192490539200e+16
2.585158074735878699e+02 1.434490197451151000e+16
2.588493762574247512e+02 1.433878717934319200e+16
2.591829450412616325e+02 1.433268763274120000e+16
2.595165138250985137e+02 1.432660342685759600e+16
2.598500826089353950e+02 1.432053465266392400e+16
2.601836513927722763e+02 1.431448139995958600e+16
2.605172201766091575e+02 1.430844375738007600e+16
2.608507889604460388e+02 1.430242181240530600e+16
2.611843577442829769e+02 1.429641565136791400e+16
2.615179265281198582e+02 1.429042535946157000e+16
2.618514953119567394e+02 1.428445102074931600e+16
2.621850640957936207e+02 1.427849271817190000e+16
2.625186328796305020e+02 1.427255053355607400e+16
2.628522016634673832e+02 1.426662454762297600e+16
2.631857704473042645e+02 1.426071483999641200e+16
2.635193392311411458e+02 1.425482148921120800e+16
2.638529080149780839e+02 1.424894457272152000e+16
2.641864767988149083e+02 1.424308416690917800e+16
2.645200455826518464e+02 1.423724034709196800e+16
2.648536143664886708e+02 1.423141318753195800e+16
2.651871831503256089e+02 1.422560276144379000e+16
2.655207519341624902e+02 1.421980914100296400e+16
2.658543207179993715e+02 1.421403239735410400e+16
2.661878895018362527e+02 1.420827260061925200e+16
2.665214582856731340e+02 1.420252981990606600e+16
2.668550270695100153e+02 1.419680412331608200e+16
2.671885958533469534e+02 1.419109557795293000e+16
2.675221646371838347e+02 1.418540424993054400e+16
2.678557334210207159e+02 1.417973020438130400e+16
2.681893022048575972e+02 1.417407350546424400e+16
2.685228709886944785e+02 1.416843421637315000e+16
2.688564397725313597e+02 1.416281239934472000e+16
2.691900085563682410e+02 1.415720811566661000e+16
2.695235773402051223e+02 1.415162142568556400e+16
2.698571461240420035e+02 1.414605238881541000e+16
2.701907149078789416e+02 1.414050106354512800e+16
2.705242836917158229e+02 1.413496750744681400e+16
2.708578524755527042e+02 1.412945177718364600e+16
2.711914212593895854e+02 1.412395392851786200e+16
2.715249900432264667e+02 1.411847401631862600e+16
2.718585588270633480e+02 1.411301209456995200e+16
2.721921276109002292e+02 1.410756821637853000e+16
2.725256963947371105e+02 1.410214243398154600e+16
2.728592651785740486e+02 1.409673479875449200e+16
2.731928339624108730e+02 1.409134536121887400e+16
2.735264027462478111e+02 1.408597417105002000e+16
2.738599715300846356e+02 1.408062127708466400e+16
2.741935403139215737e+02 1.407528672732868800e+16
2.745271090977584549e+02 1.406997056896467400e+16
2.748606778815953362e+02 1.406467284835952800e+16
2.751942466654322175e+02 1.405939361107201000e+16
2.755278154492690987e+02 1.405413290186024000e+16
2.758613842331059800e+02 1.404889076468915200e+16
2.761949530169429181e+02 1.404366724273796800e+16
2.765285218007797425e+02 1.403846237840754000e+16
2.768620905846166806e+02 1.403327621332774000e+16
2.771956593684535619e+02 1.402810878836476200e+16
2.775292281522904432e+02 1.402296014362837600e+16
2.778627969361273244e+02 1.401783031847917600e+16
2.781963657199642057e+02 1.401271935153577200e+16
2.785299345038010870e+02 1.400762728068192000e+16
2.788635032876379682e+02 1.400255414307364400e+16
2.791970720714749064e+02 1.399749997514631400e+16
2.795306408553117876e+02 1.399246481262159600e+16
2.798642096391486689e+02 1.398744869051452400e+16
2.801977784229855502e+02 1.398245164314035200e+16
2.805313472068224314e+02 1.397747370412149600e+16
2.808649159906593127e+02 1.397251490639433600e+16
2.811984847744961939e+02 1.396757528221605200e+16
2.815320535583330752e+02 1.396265486317133600e+16
2.818656223421700133e+02 1.395775368017914000e+16
2.821991911260068377e+02 1.395287176349930800e+16
2.825327599098437759e+02 1.394800914273922600e+16
2.828663286936806571e+02 1.394316584686035800e+16
2.831998974775175384e+02 1.393834190418476400e+16
2.835334662613544197e+02 1.393353734240162800e+16
2.838670350451913009e+02 1.392875218857364000e+16
2.842006038290281822e+02 1.392398646914339400e+16
2.845341726128650635e+02 1.391924020993971600e+16
2.848677413967019447e+02 1.391451343618398600e+16
2.852013101805388828e+02 1.390980617249632800e+16
2.855348789643757073e+02 1.390511844290183400e+16
2.858684477482126454e+02 1.390045027083670400e+16
2.862020165320495266e+02 1.389580167915434800e+16
2.865355853158864079e+02 1.389117269013141600e+16
2.868691540997232892e+02 1.388656332547382400e+16
2.872027228835601704e+02 1.388197360632268400e+16
2.875362916673970517e+02 1.387740355326022200e+16
2.878698604512339330e+02 1.387285318631562000e+16
2.882034292350708142e+02 1.386832252497084600e+16
2.885369980189077523e+02 1.386381158816637800e+16
2.888705668027446336e+02 1.385932039430693800e+16
2.892041355865815149e+02 1.385484896126715200e+16
2.895377043704183961e+02 1.385039730639714800e+16
2.898712731542552774e+02 1.384596544652813600e+16
2.902048419380921587e+02 1.384155339797789200e+16
2.905384107219290399e+02 1.383716117655626000e+16
2.908719795057659780e+02 1.383278879757054200e+16
2.912055482896028025e+02 1.382843627583086400e+16
2.915391170734397406e+02 1.382410362565554800e+16
2.918726858572766218e+02 1.381979086087627800e+16
2.922062546411135031e+02 1.381549799484341800e+16
2.925398234249503844e+02 1.381122504043113600e+16
2.928733922087872656e+02 1.380697201004253800e+16
2.932069609926241469e+02 1.380273891561473800e+16
2.935405297764610282e+02 1.379852576862389200e+16
2.938740985602979094e+02 1.379433258009016800e+16
2.942076673441348476e+02 1.379015936058267800e+16
2.945412361279717288e+02 1.378600612022434800e+16
2.948748049118085532e+02 1.378187286869677000e+16
2.952083736956454914e+02 1.377775961524497600e+16
2.955419424794823726e+02 1.377366636868216400e+16
2.958755112633192539e+02 1.376959313739439200e+16
2.962090800471561920e+02 1.376553992934522800e+16
2.965426488309930164e+02 1.376150675208029200e+16
2.968762176148298977e+02 1.375749361273190800e+16
2.972097863986667790e+02 1.375350051802346600e+16
2.975433551825037171e+02 1.374952747427396400e+16
2.978769239663405983e+02 1.374557448740237600e+16
2.982104927501774227e+02 1.374164156293198600e+16
2.985440615340143609e+02 1.373772870599475200e+16
2.988776303178512421e+02 1.373383592133548600e+16
2.992111991016881234e+02 1.372996321331615000e+16
2.995447678855250615e+02 1.372611058591994400e+16
2.998783366693618859e+02 1.372227804275547600e+16
3.002119054531987672e+02 1.371846558706082000e+16
3.005454742370357053e+02 1.371467322170753000e+16
3.008790430208725866e+02 1.371090094920463200e+16
3.012126118047094678e+02 1.370714877170254800e+16
3.015461805885462923e+02 1.370341669099700400e+16
3.018797493723832304e+02 1.369970470853286000e+16
3.022133181562201116e+02 1.369601282540787400e+16
3.025468869400569929e+02 1.369234104237650600e+16
3.028804557238939310e+02 1.368868935985358800e+16
3.032140245077307554e+02 1.368505777791800000e+16
3.035475932915676367e+02 1.368144629631630400e+16
3.038811620754045748e+02 1.367785491446625600e+16
3.042147308592414561e+02 1.367428363146039200e+16
3.045482996430783373e+02 1.367073244606948000e+16
3.048818684269152186e+02 1.366720135674596600e+16
3.052154372107520999e+02 1.366369036162737200e+16
3.055490059945889811e+02 1.366019945853965400e+16
3.058825747784259192e+02 1.365672864500047000e+16
3.062161435622628005e+02 1.365327791822249600e+16
3.065497123460996249e+02 1.364984727511660400e+16
3.068832811299365630e+02 1.364643671229508800e+16
3.072168499137734443e+02 1.364304622607473200e+16
3.075504186976103256e+02 1.363967581247995200e+16
3.078839874814472637e+02 1.363632546724585200e+16
3.082175562652840881e+02 1.363299518582117000e+16
3.085511250491209694e+02 1.362968496337133200e+16
3.088846938329578506e+02 1.362639479478129800e+16
3.092182626167947888e+02 1.362312467465850000e+16
3.095518314006316700e+02 1.361987459733564000e+16
3.098854001844684944e+02 1.361664455687351600e+16
3.102189689683054326e+02 1.361343454706379600e+16
3.105525377521423138e+02 1.361024456143168400e+16
3.108861065359791951e+02 1.360707459323864000e+16
3.112196753198160764e+02 1.360392463548502000e+16
3.115532441036529576e+02 1.360079468091267200e+16
3.118868128874898389e+02 1.359768472200745200e+16
3.122203816713267770e+02 1.359459475100179200e+16
3.125539504551636583e+02 1.359152475987716400e+16
3.128875192390004827e+02 1.358847474036650600e+16
3.132210880228373640e+02 1.358544468395666200e+16
3.135546568066743021e+02 1.358243458189067800e+16
3.138882255905111833e+02 1.357944442517019000e+16
3.142217943743480646e+02 1.357647420455768200e+16
3.145553631581849459e+02 1.357352391057871800e+16
3.148889319420218271e+02 1.357059353352419400e+16
3.152225007258587084e+02 1.356768306345245600e+16
3.155560695096956465e+02 1.356479249019148800e+16
3.158896382935325278e+02 1.356192180334097400e+16
3.162232070773693522e+02 1.355907099227434800e+16
3.165567758612062903e+02 1.355624004614086400e+16
3.168903446450431716e+02 1.355342895386754400e+16
3.172239134288800528e+02 1.355063770416114200e+16
3.175574822127169909e+02 1.354786628551005200e+16
3.178910509965538154e+02 1.354511468618618000e+16
3.182246197803906966e+02 1.354238289424683200e+16
3.185581885642276347e+02 1.353967089753643800e+16
3.188917573480645160e+02 1.353697868368840400e+16
3.192253261319013973e+02 1.353430624012681400e+16
3.195588949157382217e+02 1.353165355406811800e+16
3.198924636995751598e+02 1.352902061252283600e+16
3.202260324834120411e+02 1.352640740229716800e+16
3.205596012672489223e+02 1.352381390999458000e+16
3.208931700510858605e+02 1.352124012201739800e+16
3.212267388349226849e+02 1.351868602456832200e+16
3.215603076187595661e+02 1.351615160365192600e+16
3.218938764025965042e+02 1.351363684507613800e+16
3.222274451864333855e+02 1.351114173445363800e+16
3.225610139702702668e+02 1.350866625720328800e+16
3.228945827541071480e+02 1.350621039855147200e+16
3.232281515379440293e+02 1.350377414353346200e+16
3.235617203217809106e+02 1.350135747699468800e+16
3.238952891056178487e+02 1.349896038359200800e+16
3.242288578894547300e+02 1.349658284779497200e+16
3.245624266732915544e+02 1.349422485388700800e+16
3.248959954571284356e+02 1.349188638596660000e+16
3.252295642409653738e+02 1.348956742794842000e+16
3.255631330248022550e+02 1.348726796356445600e+16
3.258967018086391363e+02 1.348498797636509200e+16
3.262302705924760176e+02 1.348272744972013800e+16
3.265638393763128988e+02 1.348048636681988400e+16
3.268974081601497801e+02 1.347826471067606800e+16
3.272309769439867182e+02 1.347606246412282600e+16
3.275645457278235995e+02 1.347387960981765200e+16
3.278981145116604239e+02 1.347171613024226800e+16
3.282316832954973620e+02 1.346957200770352800e+16
3.285652520793342433e+02 1.346744722433422600e+16
3.288988208631711245e+02 1.346534176209393200e+16
3.292323896470080626e+02 1.346325560276978000e+16
3.295659584308448871e+02 1.346118872797719200e+16
3.298995272146817683e+02 1.345914111916066000e+16
3.302330959985187064e+02 1.345711275759438800e+16
3.305666647823555877e+02 1.345510362438300400e+16
3.309002335661924121e+02 1.345311370046217000e+16
3.312338023500292934e+02 1.345114296659925600e+16
3.315673711338662315e+02 1.344919140339386000e+16
3.319009399177031128e+02 1.344725899127841600e+16
3.322345087015399940e+02 1.344534571051870400e+16
3.325680774853768753e+02 1.344345154121437200e+16
3.329016462692137566e+02 1.344157646329943800e+16
3.332352150530506378e+02 1.343972045654268400e+16
3.335687838368875759e+02 1.343788350054815600e+16
3.339023526207244572e+02 1.343606557475551800e+16
3.342359214045612816e+02 1.343426665844044200e+16
3.345694901883982197e+02 1.343248673071500000e+16
3.349030589722351010e+02 1.343072577052792000e+16
3.352366277560719823e+02 1.342898375666493200e+16
3.355701965399089204e+02 1.342726066774903600e+16
3.359037653237457448e+02 1.342555648224074800e+16
3.362373341075826261e+02 1.342387117843836400e+16
3.365709028914195073e+02 1.342220473447809200e+16
3.369044716752564455e+02 1.342055712833428400e+16
3.372380404590933267e+02 1.341892833781957200e+16
3.375716092429301511e+02 1.341731834058501000e+16
3.379051780267670892e+02 1.341572711412017400e+16
3.382387468106039705e+02 1.341415463575323800e+16
3.385723155944408518e+02 1.341260088265103600e+16
3.389058843782777899e+02 1.341106583181911600e+16
3.392394531621146143e+02 1.340954946010172400e+16
3.395730219459514956e+02 1.340805174418184000e+16
3.399065907297884337e+02 1.340657266058109000e+16
3.402401595136253150e+02 1.340511218565974200e+16
3.405737282974621962e+02 1.340367029561659800e+16
3.409072970812990206e+02 1.340224696648890400e+16
3.412408658651359588e+02 1.340084217415226000e+16
3.415744346489728400e+02 1.339945589432043200e+16
3.419080034328097213e+02 1.339808810254520200e+16
3.422415722166466594e+02 1.339673877421621400e+16
3.425751410004834838e+02 1.339540788456073800e+16
3.429087097843203651e+02 1.339409540864344400e+16
3.432422785681573032e+02 1.339280132136618000e+16
3.435758473519941845e+02 1.339152559746769200e+16
3.439094161358310657e+02 1.339026821152330600e+16
3.442429849196679470e+02 1.338902913794468000e+16
3.445765537035048283e+02 1.338780835097943600e+16
3.449101224873417095e+02 1.338660582471081200e+16
3.452436912711786476e+02 1.338542153305730800e+16
3.455772600550155289e+02 1.338425544977229200e+16
3.459108288388523533e+02 1.338310754844361200e+16
3.462443976226892914e+02 1.338197780249314000e+16
3.465779664065261727e+02 1.338086618517636400e+16
3.469115351903630540e+02 1.337977266958188400e+16
3.472451039741999921e+02 1.337869722863096600e+16
3.475786727580368165e+02 1.337763983507703600e+16
3.479122415418736978e+02 1.337660046150513200e+16
3.482458103257105790e+02 1.337557908033143600e+16
3.485793791095475171e+02 1.337457566380264400e+16
3.489129478933843984e+02 1.337359018399543600e+16
3.492465166772212228e+02 1.337262261281588400e+16
3.495800854610581609e+02 1.337167292199884200e+16
3.499136542448950422e+02 1.337074108310733400e+16
3.502472230287319235e+02 1.336982706753190400e+16
3.505807918125688616e+02 1.336893084648993800e+16
3.509143605964056860e+02 1.336805239102505200e+16
3.512479293802425673e+02 1.336719167200633800e+16
3.515814981640795054e+02 1.336634866012769200e+16
3.519150669479163867e+02 1.336552332590710000e+16
3.522486357317532679e+02 1.336471563968586800e+16
3.525822045155900923e+02 1.336392557162791200e+16
3.529157732994270305e+02 1.336315309171896400e+16
3.532493420832639117e+02 1.336239816976576800e+16
3.535829108671007930e+02 1.336166077539535600e+16
3.539164796509376743e+02 1.336094087805413200e+16
3.542500484347745555e+02 1.336023844700715200e+16
3.545836172186114368e+02 1.335955345133718400e+16
3.549171860024483749e+02 1.335888585994392400e+16
3.552507547862852562e+02 1.335823564154309600e+16
3.555843235701220806e+02 1.335760276466555200e+16
3.559178923539590187e+02 1.335698719765641400e+16
3.562514611377959000e+02 1.335638890867413600e+16
3.565850299216327812e+02 1.335580786568958400e+16
3.569185987054697193e+02 1.335524403648509400e+16
3.572521674893065438e+02 1.335469738865351600e+16
3.575857362731434250e+02 1.335416788959729000e+16
3.579193050569803631e+02 1.335365550652741600e+16
3.582528738408172444e+02 1.335316020646250000e+16
3.585864426246541257e+02 1.335268195622774800e+16
3.589200114084909501e+02 1.335222072245393200e+16
3.592535801923278882e+02 1.335177647157640400e+16
3.595871489761647695e+02 1.335134916983402400e+16
3.599207177600016507e+02 1.335093878326815000e+16
3.602542865438385888e+02 1.335054527772152600e+16
3.605878553276754133e+02 1.335016861883726800e+16
3.609214241115122945e+02 1.334980877205776400e+16
3.612549928953492326e+02 1.334946570262356000e+16
3.615885616791861139e+02 1.334913937557232800e+16
3.619221304630229952e+02 1.334882975573763600e+16
3.622556992468598764e+02 1.334853680774796400e+16
3.625892680306967577e+02 1.334826049602547200e+16
3.629228368145336390e+02 1.334800078478492400e+16
3.632564055983705771e+02 1.334775763803249800e+16
3.635899743822074583e+02 1.334753101956462800e+16
3.639235431660442828e+02 1.334732089296686400e+16
3.642571119498811640e+02 1.334712722161270400e+16
3.645906807337181021e+02 1.334694996866237400e+16
3.649242495175549834e+02 1.334678909706162800e+16
3.652578183013918647e+02 1.334664456954061200e+16
3.655913870852287459e+02 1.334651634861257800e+16
3.659249558690656272e+02 1.334640439657275000e+16
3.662585246529025085e+02 1.334630867549701400e+16
3.665920934367394466e+02 1.334622914724074800e+16
3.669256622205763279e+02 1.334616577343758000e+16
3.672592310044131523e+02 1.334611851549812000e+16
3.675927997882500904e+02 1.334608733460872400e+16
3.679263685720869717e+02 1.334607219173026000e+16
3.682599373559238529e+02 1.334607304759678400e+16
3.685935061397607910e+02 1.334608986271435200e+16
3.689270749235976155e+02 1.334612259735967800e+16
3.692606437074344967e+02 1.334617121157890800e+16
3.695942124912714348e+02 1.334623566518630600e+16
3.699277812751083161e+02 1.334631591776296600e+16
3.702613500589451974e+02 1.334641192865554400e+16
3.705949188427820218e+02 1.334652365697492800e+16
3.709284876266189599e+02 1.334665106159496400e+16
3.712620564104558412e+02 1.334679410115115200e+16
3.715956251942927224e+02 1.334695273403930400e+16
3.719291939781296605e+02 1.334712691841428000e+16
3.722627627619664850e+02 1.334731661218861200e+16
3.725963315458033662e+02 1.334752177303129000e+16
3.729299003296403043e+02 1.334774235836631200e+16
3.732634691134771856e+02 1.334797832537145800e+16
3.735970378973140100e+02 1.334822963097693200e+16
3.739306066811509481e+02 1.334849623186403600e+16
3.742641754649878294e+02 1.334877808446384800e+16
3.745977442488247107e+02 1.334907514495589000e+16
3.749313130326616488e+02 1.334938736926680000e+16
3.752648818164984732e+02 1.334971471306899800e+16
3.755984506003353545e+02 1.335005713177936200e+16
3.759320193841722357e+02 1.335041458055790000e+16
3.762655881680091738e+02 1.335078701430640000e+16
3.765991569518460551e+02 1.335117438766713000e+16
3.769327257356828795e+02 1.335157665502147600e+16
3.772662945195198176e+02 1.335199377048864000e+16
3.775998633033566989e+02 1.335242568792429600e+16
3.779334320871935802e+02 1.335287236091926400e+16
3.782670008710305183e+02 1.335333374279822400e+16
3.786005696548673427e+02 1.335380978661829200e+16
3.789341384387042240e+02 1.335430044516784000e+16
3.792677072225411621e+02 1.335480567096508200e+16
3.796012760063780433e+02 1.335532541625678000e+16
3.799348447902149246e+02 1.335585963301693400e+16
3.802684135740517490e+02 1.335640827294549600e+16
3.806019823578886871e+02 1.335697128746704600e+16
3.809355511417255684e+02 1.335754862772949200e+16
3.812691199255625065e+02 1.335814024460277600e+16
3.816026887093993878e+02 1.335874608867759000e+16
3.819362574932362122e+02 1.335936611026409400e+16
3.822698262770730935e+02 1.336000025939062000e+16
3.826033950609100316e+02 1.336064848580241400e+16
3.829369638447469129e+02 1.336131073896034800e+16
3.832705326285837941e+02 1.336198696803968800e+16
3.836041014124206754e+02 1.336267712192880000e+16
3.839376701962575567e+02 1.336338114922794800e+16
3.842712389800944379e+02 1.336409899824799800e+16
3.846048077639313760e+02 1.336483061700923200e+16
3.849383765477682573e+02 1.336557595324009400e+16
3.852719453316050817e+02 1.336633495437597000e+16
3.856055141154420198e+02 1.336710756755801600e+16
3.859390828992789011e+02 1.336789373963189600e+16
3.862726516831157824e+02 1.336869341714665000e+16
3.866062204669527205e+02 1.336950654635346400e+16
3.869397892507895449e+02 1.337033307320453000e+16
3.872733580346264262e+02 1.337117294335189200e+16
3.876069268184633074e+02 1.337202610214623200e+16
3.879404956023002455e+02 1.337289249463580800e+16
3.882740643861371268e+02 1.337377206556528200e+16
3.886076331699739512e+02 1.337466475937458400e+16
3.889412019538108893e+02 1.337557052019787200e+16
3.892747707376477706e+02 1.337648929186236000e+16
3.896083395214846519e+02 1.337742101788728400e+16
3.899419083053215900e+02 1.337836564148282000e+16
3.902754770891584144e+02 1.337932310554903000e+16
3.906090458729952957e+02 1.338029335267482800e+16
3.909426146568322338e+02 1.338127632513692400e+16
3.912761834406691150e+02 1.338227196489883800e+16
3.916097522245059963e+02 1.338328021360989600e+16
3.919433210083428207e+02 1.338430101260424400e+16
3.922768897921797588e+02 1.338533430289986000e+16
3.926104585760166401e+02 1.338638002519763400e+16
3.929440273598535214e+02 1.338743811988040800e+16
3.932775961436904595e+02 1.338850852701205200e+16
3.936111649275272839e+02 1.338959118633657800e+16
3.939447337113641652e+02 1.339068603727725600e+16
3.942783024952011033e+02 1.339179301893572800e+16
3.946118712790379846e+02 1.339291207009113200e+16
3.949454400628748658e+02 1.339404312919934400e+16
3.952790088467117471e+02 1.339518613439206800e+16
3.956125776305486283e+02 1.339634102347615200e+16
3.959461464143855096e+02 1.339750773393270400e+16
3.962797151982224477e+02 1.339868620291639200e+16
3.966132839820592721e+02 1.339987636725470000e+16
3.969468527658961534e+02 1.340107816344722000e+16
3.972804215497330915e+02 1.340229152766493800e+16
3.976139903335699728e+02 1.340351639574956600e+16
3.979475591174068541e+02 1.340475270321290400e+16
3.982811279012436785e+02 1.340600038523617600e+16
3.986146966850806166e+02 1.340725937666947600e+16
3.989482654689174979e+02 1.340852961203113400e+16
3.992818342527543791e+02 1.340981102550718200e+16
3.996154030365913172e+02 1.341110355095080000e+16
3.999489718204281417e+02 1.341240712188181200e+16
4.002825406042650229e+02 1.341372167148618000e+16
4.006161093881019610e+02 1.341504713261557200e+16
4.009496781719388423e+02 1.341638343778688400e+16
4.012832469557757236e+02 1.341773051918185200e+16
4.016168157396126048e+02 1.341908830864664000e+16
4.019503845234494861e+02 1.342045673769150200e+16
4.022839533072863674e+02 1.342183573749042000e+16
4.026175220911233055e+02 1.342322523888081600e+16
4.029510908749601867e+02 1.342462517236326000e+16
4.032846596587970112e+02 1.342603546810120800e+16
4.036182284426338924e+02 1.342745605592080800e+16
4.039517972264708305e+02 1.342888686531064600e+16
4.042853660103077118e+02 1.343032782542164000e+16
4.046189347941445931e+02 1.343177886506685200e+16
4.049525035779814743e+02 1.343323991272139200e+16
4.052860723618183556e+02 1.343471089652235600e+16
4.056196411456552369e+02 1.343619174426877200e+16
4.059532099294921750e+02 1.343768238342154000e+16
4.062867787133290562e+02 1.343918274110349600e+16
4.066203474971658807e+02 1.344069274409943200e+16
4.069539162810028188e+02 1.344221231885617600e+16
4.072874850648397000e+02 1.344374139148270000e+16
4.076210538486765813e+02 1.344527988775026000e+16
4.079546226325135194e+02 1.344682773309256400e+16
4.082881914163503438e+02 1.344838485260597600e+16
4.086217602001872251e+02 1.344995117104980800e+16
4.089553289840241632e+02 1.345152661284649200e+16
4.092888977678610445e+02 1.345311110208199200e+16
4.096224665516979258e+02 1.345470456250610200e+16
4.099560353355347502e+02 1.345630691753280000e+16
4.102896041193716883e+02 1.345791809024073200e+16
4.106231729032085696e+02 1.345953800337359200e+16
4.109567416870454508e+02 1.346116657934065800e+16
4.112903104708823889e+02 1.346280374021728800e+16
4.116238792547192133e+02 1.346444940774550200e+16
4.119574480385560946e+02 1.346610350333457600e+16
4.122910168223930327e+02 1.346776594806164400e+16
4.126245856062299140e+02 1.346943666267244000e+16
4.129581543900667953e+02 1.347111556758193200e+16
4.132917231739036765e+02 1.347280258287514000e+16
4.136252919577405578e+02 1.347449762830787600e+16
4.139588607415774391e+02 1.347620062330763600e+16
4.142924295254143772e+02 1.347791148697438000e+16
4.146259983092512584e+02 1.347963013808152800e+16
4.149595670930880829e+02 1.348135649507684600e+16
4.152931358769249641e+02 1.348309047608349600e+16
4.156267046607619022e+02 1.348483199890103000e+16
4.159602734445987835e+02 1.348658098100644000e+16
4.162938422284356079e+02 1.348833733955532000e+16
4.166274110122725460e+02 1.349010099138302800e+16
4.169609797961094273e+02 1.349187185300583600e+16
4.172945485799463086e+02 1.349364984062220000e+16
4.176281173637832467e+02 1.349543487011404800e+16
4.179616861476200711e+02 1.349722685704810000e+16
4.182952549314569524e+02 1.349902571667724800e+16
4.186288237152938905e+02 1.350083136394196000e+16
4.189623924991307717e+02 1.350264371347174000e+16
4.192959612829676530e+02 1.350446267958664800e+16
4.196295300668044774e+02 1.350628817629882000e+16
4.199630988506414155e+02 1.350812011731407000e+16
4.202966676344782968e+02 1.350995841603355200e+16
4.206302364183152349e+02 1.351180298555542800e+16
4.209638052021521162e+02 1.351365373867655800e+16
4.212973739859889406e+02 1.351551058789434200e+16
4.216309427698258219e+02 1.351737344540850600e+16
4.219645115536627600e+02 1.351924222312295400e+16
4.222980803374996412e+02 1.352111683264770000e+16
4.226316491213365225e+02 1.352299718530084800e+16
4.229652179051734038e+02 1.352488319211053400e+16
4.232987866890102850e+02 1.352677476381708600e+16
4.236323554728471663e+02 1.352867181087500400e+16
4.239659242566841044e+02 1.353057424345519800e+16
4.242994930405209857e+02 1.353248197144715200e+16
4.246330618243578101e+02 1.353439490446115800e+16
4.249666306081947482e+02 1.353631295183064600e+16
4.253001993920316295e+02 1.353823602261448400e+16
4.256337681758685108e+02 1.354016402559938400e+16
4.259673369597054489e+02 1.354209686930235600e+16
4.263009057435422733e+02 1.354403446197316400e+16
4.266344745273791546e+02 1.354597671159690000e+16
4.269680433112160358e+02 1.354792352589653600e+16
4.273016120950529739e+02 1.354987481233555400e+16
4.276351808788898552e+02 1.355183047812067400e+16
4.279687496627266796e+02 1.355379043020452400e+16
4.283023184465636177e+02 1.355575457528849600e+16
4.286358872304004990e+02 1.355772281982550400e+16
4.289694560142373803e+02 1.355969507002291200e+16
4.293030247980743184e+02 1.356167123184544000e+16
4.296365935819111428e+02 1.356365121101817800e+16
4.299701623657480241e+02 1.356563491302957200e+16
4.303037311495849622e+02 1.356762224313454400e+16
4.306372999334218434e+02 1.356961310635759600e+16
4.309708687172587247e+02 1.357160740749599600e+16
4.313044375010955491e+02 1.357360505112302000e+16
4.316380062849324872e+02 1.357560594159124800e+16
4.319715750687693685e+02 1.357760998303583000e+16
4.323051438526062498e+02 1.357961707937792800e+16
4.326387126364431879e+02 1.358162713432813000e+16
4.329722814202800123e+02 1.358364005138992800e+16
4.333058502041168936e+02 1.358565573386324200e+16
4.336394189879538317e+02 1.358767408484801000e+16
4.339729877717907129e+02 1.358969500724782400e+16
4.343065565556275942e+02 1.359171840377358600e+16
4.346401253394644755e+02 1.359374417694725600e+16
4.349736941233013567e+02 1.359577222910564400e+16
4.353072629071382380e+02 1.359780246240421200e+16
4.356408316909751761e+02 1.359983477882096800e+16
4.359744004748120574e+02 1.360186908016039400e+16
4.363079692586488818e+02 1.360390526805740800e+16
4.366415380424858199e+02 1.360594324398143000e+16
4.369751068263227012e+02 1.360798290924040400e+16
4.373086756101595824e+02 1.361002416498496600e+16
4.376422443939965206e+02 1.361206691221259200e+16
4.379758131778333450e+02 1.361411105177184000e+16
4.383093819616702262e+02 1.361615648436658400e+16
4.386429507455071075e+02 1.361820311056037200e+16
4.389765195293440456e+02 1.362025083078079600e+16
4.393100883131808700e+02 1.362229954532385200e+16
4.396436570970177513e+02 1.362434915435844600e+16
4.399772258808546894e+02 1.362639955793090600e+16
4.403107946646915707e+02 1.362845065596949000e+16
4.406443634485284520e+02 1.363050234828906000e+16
4.409779322323653332e+02 1.363255453459566600e+16
4.413115010162022145e+02 1.363460711449127600e+16
4.416450698000390958e+02 1.363665998747851800e+16
4.419786385838760339e+02 1.363871305296542000e+16
4.423122073677129151e+02 1.364076621027030800e+16
4.426457761515497396e+02 1.364281935862664800e+16
4.429793449353866208e+02 1.364487239718798200e+16
4.433129137192235589e+02 1.364692522503285000e+16
4.436464825030604402e+02 1.364897774116985400e+16
4.439800512868973215e+02 1.365102984454269000e+16
4.443136200707342027e+02 1.365308143403523000e+16
4.446471888545710840e+02 1.365513240847669200e+16
4.449807576384079653e+02 1.365718266664678600e+16
4.453143264222449034e+02 1.365923210728095200e+16
4.456478952060817846e+02 1.366128062907564200e+16
4.459814639899186091e+02 1.366332813069359600e+16
4.463150327737555472e+02 1.366537451076920000e+16
4.466486015575924284e+02 1.366741966791389000e+16
4.469821703414293097e+02 1.366946350072154800e+16
4.473157391252662478e+02 1.367150590777397000e+16
4.476493079091030722e+02 1.367354678764640800e+16
4.479828766929399535e+02 1.367558603891304000e+16
4.483164454767768916e+02 1.367762356015264400e+16
4.486500142606137729e+02 1.367965924995412600e+16
4.489835830444506541e+02 1.368169300692221600e+16
4.493171518282874786e+02 1.368372472968315600e+16
4.496507206121244167e+02 1.368575431689041800e+16
4.499842893959612979e+02 1.368778166723046000e+16
4.503178581797981792e+02 1.368980667942852800e+16
4.506514269636351173e+02 1.369182925225446800e+16
4.509849957474719417e+02 1.369384928452858200e+16
4.513185645313088230e+02 1.369586667512758800e+16
4.516521333151457611e+02 1.369788132299041600e+16
4.519857020989826424e+02 1.369989312712427600e+16
4.523192708828195236e+02 1.370190198661058800e+16
4.526528396666564049e+02 1.370390780061102400e+16
4.529864084504932862e+02 1.370591046837353000e+16
4.533199772343301674e+02 1.370790988923840800e+16
4.536535460181671056e+02 1.370990596264440400e+16
4.539871148020039868e+02 1.371189858813487200e+16
4.543206835858408112e+02 1.371388766536386800e+16
4.546542523696776925e+02 1.371587309410238800e+16
4.549878211535146306e+02 1.371785477424453200e+16
4.553213899373515119e+02 1.371983260581373600e+16
4.556549587211883932e+02 1.372180648896904600e+16
4.559885275050252744e+02 1.372377632401136000e+16
4.563220962888621557e+02 1.372574201138974400e+16
4.566556650726990370e+02 1.372770345170774800e+16
4.569892338565359751e+02 1.372966054572969800e+16
4.573228026403728563e+02 1.373161319438713200e+16
4.576563714242096808e+02 1.373356129878508800e+16
4.579899402080466189e+02 1.373550476020855200e+16
4.583235089918835001e+02 1.373744348012883600e+16
4.586570777757203814e+02 1.373937736021001800e+16
4.589906465595572058e+02 1.374130630231535000e+16
4.593242153433941439e+02 1.374323020851376600e+16
4.596577841272310252e+02 1.374514898108628400e+16
4.599913529110679633e+02 1.374706252253251800e+16
4.603249216949048446e+02 1.374897073557717200e+16
4.606584904787416690e+02 1.375087352317649600e+16
4.609920592625785503e+02 1.375277078852487200e+16
4.613256280464154884e+02 1.375466243506126200e+16
4.616591968302523696e+02 1.375654836647574800e+16
4.619927656140892509e+02 1.375842848671609200e+16
4.623263343979261322e+02 1.376030269999424600e+16
4.626599031817630134e+02 1.376217091079292000e+16
4.629934719655998947e+02 1.376403302387209800e+16
4.633270407494368328e+02 1.376588894427561600e+16
4.636606095332737141e+02 1.376773857733770000e+16
4.639941783171105385e+02 1.376958182868951800e+16
4.643277471009474766e+02 1.377141860426575200e+16
4.646613158847843579e+02 1.377324881031112600e+16
4.649948846686212391e+02 1.377507235338697400e+16
4.653284534524581773e+02 1.377688914037778800e+16
4.656620222362950017e+02 1.377869907849773200e+16
4.659955910201318829e+02 1.378050207529724600e+16
4.663291598039687642e+02 1.378229803866949200e+16
4.666627285878057023e+02 1.378408687685697200e+16
4.669962973716425836e+02 1.378586849845797600e+16
4.673298661554794080e+02 1.378764281243312800e+16
4.676634349393163461e+02 1.378940972811186400e+16
4.679970037231532274e+02 1.379116915519895600e+16
4.683305725069901086e+02 1.379292100378094800e+16
4.686641412908270468e+02 1.379466518433264400e+16
4.689977100746638712e+02 1.379640160772353800e+16
4.693312788585007524e+02 1.379813018522430000e+16
4.696648476423376906e+02 1.379985082851312000e+16
4.699984164261745718e+02 1.380156344968215000e+16
4.703319852100114531e+02 1.380326796124390400e+16
4.706655539938482775e+02 1.380496427613757600e+16
4.709991227776852156e+02 1.380665230773543600e+16
4.713326915615220969e+02 1.380833196984909200e+16
4.716662603453589782e+02 1.381000317673585200e+16
4.719998291291959163e+02 1.381166584310494800e+16
4.723333979130327407e+02 1.381331988412382400e+16
4.726669666968696220e+02 1.381496521542434800e+16
4.730005354807065601e+02 1.381660175310899600e+16
4.733341042645434413e+02 1.381822941375705600e+16
4.736676730483803226e+02 1.381984811443075000e+16
4.740012418322172039e+02 1.382145777268133200e+16
4.743348106160540851e+02 1.382305830655523400e+16
4.746683793998909664e+02 1.382464963460002800e+16
4.750019481837279045e+02 1.382623167587051600e+16
4.753355169675647858e+02 1.382780434993466000e+16
4.756690857514016102e+02 1.382936757687958200e+16
4.760026545352385483e+02 1.383092127731744400e+16
4.763362233190754296e+02 1.383246537239132800e+16
4.766697921029123108e+02 1.383399978378107600e+16
4.770033608867492489e+02 1.383552443370910400e+16
4.773369296705860734e+02 1.383703924494613600e+16
4.776704984544229546e+02 1.383854414081693000e+16
4.780040672382598359e+02 1.384003904520597000e+16
4.783376360220967740e+02 1.384152388256306800e+16
4.786712048059336553e+02 1.384299857790899400e+16
4.790047735897704797e+02 1.384446305684096000e+16
4.793383423736074178e+02 1.384591724553819000e+16
4.796719111574442991e+02 1.384736107076732000e+16
4.800054799412811803e+02 1.384879445988781200e+16
4.803390487251181185e+02 1.385021734085731000e+16
4.806726175089549429e+02 1.385162964223692600e+16
4.810061862927918241e+02 1.385303129319655400e+16
4.813397550766287623e+02 1.385442222351999200e+16
4.816733238604656435e+02 1.385580236361013000e+16
4.820068926443024679e+02 1.385717164449404800e+16
4.823404614281393492e+02 1.385852999782805600e+16
4.826740302119762873e+02 1.385987735590265600e+16
4.830075989958131686e+02 1.386121365164750000e+16
4.833411677796500499e+02 1.386253881863623200e+16
4.836747365634869311e+02 1.386385279109132800e+16
4.840083053473238124e+02 1.386515550388884800e+16
4.843418741311606937e+02 1.386644689256309600e+16
4.846754429149976318e+02 1.386772689331130600e+16
4.850090116988345130e+02 1.386899544299816000e+16
4.853425804826713374e+02 1.387025247916035200e+16
4.856761492665082756e+02 1.387149794001098400e+16
4.860097180503451568e+02 1.387273176444398800e+16
4.863432868341820381e+02 1.387395389203842400e+16
4.866768556180189762e+02 1.387516426306273600e+16
4.870104244018558006e+02 1.387636281847893000e+16
4.873439931856926819e+02 1.387754949994671800e+16
4.876775619695296200e+02 1.387872424982755200e+16
4.880111307533665013e+02 1.387988701118859200e+16
4.883446995372033825e+02 1.388103772780664000e+16
4.886782683210402070e+02 1.388217634417199800e+16
4.890118371048771451e+02 1.388330280549219400e+16
4.893454058887140263e+02 1.388441705769574400e+16
4.896789746725509076e+02 1.388551904743570800e+16
4.900125434563878457e+02 1.388660872209332400e+16
4.903461122402246701e+02 1.388768602978142800e+16
4.906796810240615514e+02 1.388875091934793600e+16
4.910132498078984895e+02 1.388980334037907600e+16
4.913468185917353708e+02 1.389084324320275400e+16
4.916803873755722520e+02 1.389187057889167600e+16
4.920139561594091333e+02 1.389288529926645600e+16
4.923475249432460146e+02 1.389388735689870000e+16
4.926810937270828958e+02 1.389487670511389800e+16
4.930146625109198339e+02 1.389585329799434000e+16
4.933482312947567152e+02 1.389681709038189200e+16
4.936818000785935396e+02 1.389776803788072000e+16
4.940153688624304209e+02 1.389870609685997000e+16
4.943489376462673590e+02 1.389963122445626200e+16
4.946825064301042403e+02 1.390054337857620000e+16
4.950160752139411215e+02 1.390144251789879200e+16
4.953496439977780028e+02 1.390232860187775600e+16
4.956832127816148841e+02 1.390320159074373000e+16
4.960167815654517653e+02 1.390406144550645400e+16
4.963503503492887035e+02 1.390490812795687200e+16
4.966839191331255847e+02 1.390574160066905600e+16
4.970174879169624091e+02 1.390656182700217200e+16
4.973510567007993473e+02 1.390736877110227200e+16
4.976846254846362285e+02 1.390816239790406000e+16
4.980181942684731098e+02 1.390894267313254400e+16
4.983517630523100479e+02 1.390970956330457600e+16
4.986853318361468723e+02 1.391046303573040600e+16
4.990189006199837536e+02 1.391120305851506000e+16
4.993524694038206917e+02 1.391192960055964200e+16
4.996860381876575730e+02 1.391264263156258600e+16
5.000196069714944542e+02 1.391334212202083000e+16
5.003531757553312787e+02 1.391402804323084800e+16
5.006867445391682168e+02 1.391470036728967000e+16
5.010203133230050980e+02 1.391535906709576400e+16
5.013538821068419793e+02 1.391600411634980800e+16
5.016874508906788606e+02 1.391663548955549800e+16
5.020210196745157418e+02 1.391725316202013200e+16
5.023545884583526231e+02 1.391785710985517200e+16
5.026881572421895612e+02 1.391844730997676000e+16
5.030217260260264425e+02 1.391902374010601200e+16
5.033552948098632669e+02 1.391958637876942800e+16
5.036888635937002050e+02 1.392013520529904000e+16
5.040224323775370863e+02 1.392067019983253600e+16
5.043560011613739675e+02 1.392119134331335200e+16
5.046895699452109056e+02 1.392169861749058800e+16
5.050231387290477301e+02 1.392219200491891200e+16
5.053567075128846113e+02 1.392267148895832000e+16
5.056902762967214926e+02 1.392313705377388000e+16
5.060238450805584307e+02 1.392358868433530400e+16
5.063574138643953120e+02 1.392402636641652400e+16
5.066909826482321364e+02 1.392445008659513000e+16
5.070245514320690745e+02 1.392485983225173600e+16
5.073581202159059558e+02 1.392525559156925600e+16
5.076916889997428370e+02 1.392563735353212800e+16
5.080252577835797752e+02 1.392600510792538000e+16
5.083588265674165996e+02 1.392635884533374600e+16
5.086923953512534808e+02 1.392669855714054000e+16
5.090259641350904189e+02 1.392702423552656200e+16
5.093595329189273002e+02 1.392733587346887200e+16
5.096931017027641815e+02 1.392763346473950800e+16
5.100266704866010059e+02 1.392791700390410200e+16
5.103602392704379440e+02 1.392818648632043000e+16
5.106938080542748253e+02 1.392844190813683600e+16
5.110273768381117634e+02 1.392868326629067600e+16
5.113609456219486447e+02 1.392891055850658000e+16
5.116945144057854691e+02 1.392912378329467600e+16
5.120280831896224072e+02 1.392932293994876400e+16
5.123616519734592885e+02 1.392950802854430800e+16
5.126952207572961697e+02 1.392967904993654200e+16
5.130287895411330510e+02 1.392983600575826000e+16
5.133623583249699323e+02 1.392997889841772400e+16
5.136959271088068135e+02 1.393010773109640800e+16
5.140294958926436948e+02 1.393022250774663200e+16
5.143630646764805761e+02 1.393032323308925600e+16
5.146966334603174573e+02 1.393040991261111000e+16
5.150302022441543386e+02 1.393048255256255600e+16
5.153637710279912199e+02 1.393054115995478400e+16
5.156973398118281011e+02 1.393058574255715600e+16
5.160309085956650961e+02 1.393061630889445600e+16
5.163644773795019773e+02 1.393063286824404200e+16
5.166980461633387449e+02 1.393063543063293800e+16
5.170316149471757399e+02 1.393062400683488800e+16
5.173651837310126211e+02 1.393059860836726800e+16
5.176987525148495024e+02 1.393055924748801200e+16
5.180323212986863837e+02 1.393050593719239200e+16
5.183658900825232649e+02 1.393043869120982000e+16
5.186994588663601462e+02 1.393035752400050000e+16
5.190330276501970275e+02 1.393026245075202200e+16
5.193665964340339087e+02 1.393015348737597600e+16
5.197001652178707900e+02 1.393003065050438400e+16
5.200337340017076713e+02 1.392989395748615600e+16
5.203673027855445525e+02 1.392974342638344800e+16
5.207008715693814338e+02 1.392957907596795400e+16
5.210344403532183151e+02 1.392940092571713600e+16
5.213680091370553100e+02 1.392920899581042800e+16
5.217015779208920776e+02 1.392900330712530800e+16
5.220351467047289589e+02 1.392878388123342800e+16
5.223687154885659538e+02 1.392855074039652000e+16
5.227022842724028351e+02 1.392830390756242400e+16
5.230358530562397164e+02 1.392804340636091600e+16
5.233694218400765976e+02 1.392776926109958000e+16
5.237029906239134789e+02 1.392748149675953600e+16
5.240365594077503602e+02 1.392718013899122400e+16
5.243701281915872414e+02 1.392686521411000400e+16
5.247036969754241227e+02 1.392653674909183400e+16
5.250372657592610040e+02 1.392619477156878600e+16
5.253708345430978852e+02 1.392583930982460000e+16
5.257044033269347665e+02 1.392547039279010800e+16
5.260379721107716477e+02 1.392508805003870000e+16
5.263715408946085290e+02 1.392469231178162600e+16
5.267051096784454103e+02 1.392428320886341200e+16
5.270386784622822915e+02 1.392386077275703000e+16
5.273722472461191728e+02 1.392342503555920800e+16
5.277058160299561678e+02 1.392297602998558000e+16
5.280393848137929353e+02 1.392251378936584800e+16
5.283729535976298166e+02 1.392203834763887800e+16
5.287065223814668116e+02 1.392154973934775200e+16
5.290400911653036928e+02 1.392104799963477600e+16
5.293736599491405741e+02 1.392053316423653600e+16
5.297072287329773417e+02 1.392000526947871800e+16
5.300407975168143366e+02 1.391946435227113200e+16
5.303743663006512179e+02 1.391891045010251600e+16
5.307079350844880992e+02 1.391834360103537200e+16
5.310415038683249804e+02 1.391776384370079200e+16
5.313750726521618617e+02 1.391717121729318800e+16
5.317086414359987430e+02 1.391656576156507600e+16
5.320422102198356242e+02 1.391594751682173200e+16
5.323757790036725055e+02 1.391531652391587600e+16
5.327093477875093868e+02 1.391467282424230000e+16
5.330429165713462680e+02 1.391401645973254400e+16
5.333764853551831493e+02 1.391334747284936200e+16
5.337100541390200306e+02 1.391266590658141000e+16
5.340436229228570255e+02 1.391197180443768400e+16
5.343771917066939068e+02 1.391126521044207800e+16
5.347107604905306744e+02 1.391054616912781600e+16
5.350443292743676693e+02 1.390981472553198800e+16
5.353778980582045506e+02 1.390907092518992400e+16
5.357114668420414318e+02 1.390831481412961400e+16
5.360450356258783131e+02 1.390754643886615200e+16
5.363786044097151944e+02 1.390676584639605400e+16
5.367121731935520756e+02 1.390597308419169200e+16
5.370457419773889569e+02 1.390516820019554400e+16
5.373793107612258382e+02 1.390435124281458400e+16
5.377128795450627194e+02 1.390352226091457600e+16
5.380464483288996007e+02 1.390268130381437000e+16
5.383800171127364820e+02 1.390182842128018400e+16
5.387135858965733632e+02 1.390096366351988400e+16
5.390471546804102445e+02 1.390008708117719200e+16
5.393807234642472395e+02 1.389919872532600800e+16
5.397142922480840070e+02 1.389829864746461200e+16
5.400478610319208883e+02 1.389738689950988400e+16
5.403814298157578833e+02 1.389646353379153800e+16
5.407149985995947645e+02 1.389552860304631200e+16
5.410485673834316458e+02 1.389458216041222000e+16
5.413821361672684134e+02 1.389362425942270000e+16
5.417157049511054083e+02 1.389265495400089200e+16
5.420492737349422896e+02 1.389167429845372000e+16
5.423828425187791709e+02 1.389068234746617200e+16
5.427164113026160521e+02 1.388967915609546800e+16
5.430499800864529334e+02 1.388866477976521400e+16
5.433835488702898147e+02 1.388763927425965200e+16
5.437171176541266959e+02 1.388660269571778800e+16
5.440506864379635772e+02 1.388555510062762000e+16
5.443842552218004585e+02 1.388449654582031000e+16
5.447178240056373397e+02 1.388342708846442400e+16
5.450513927894742210e+02 1.388234678606006800e+16
5.453849615733111023e+02 1.388125569643313200e+16
5.457185303571480972e+02 1.388015387772950400e+16
5.460520991409848648e+02 1.387904138840925600e+16
5.463856679248217461e+02 1.387791828724093200e+16
5.467192367086587410e+02 1.387678463329570800e+16
5.470528054924956223e+02 1.387564048594166400e+16
5.473863742763325035e+02 1.387448590483806600e+16
5.477199430601692711e+02 1.387332094992957000e+16
5.480535118440062661e+02 1.387214568144052800e+16
5.483870806278431473e+02 1.387096015986929800e+16
5.487206494116800286e+02 1.386976444598248400e+16
5.490542181955169099e+02 1.386855860080928400e+16
5.493877869793537911e+02 1.386734268563581000e+16
5.497213557631906724e+02 1.386611676199941400e+16
5.500549245470275537e+02 1.386488089168307600e+16
5.503884933308644349e+02 1.386363513670972000e+16
5.507220621147013162e+02 1.386237955933667000e+16
5.510556308985381975e+02 1.386111422204998000e+16
5.513891996823750787e+02 1.385983918755894200e+16
5.517227684662119600e+02 1.385855451879044000e+16
5.520563372500489550e+02 1.385726027888348200e+16
5.523899060338858362e+02 1.385595653118365200e+16
5.527234748177226038e+02 1.385464333923762400e+16
5.530570436015594851e+02 1.385332076678767000e+16
5.533906123853964800e+02 1.385198887776619600e+16
5.537241811692333613e+02 1.385064773629035200e+16
5.540577499530702426e+02 1.384929740665660800e+16
5.543913187369071238e+02 1.384793795333533600e+16
5.547248875207440051e+02 1.384656944096550200e+16
5.550584563045808864e+02 1.384519193434928400e+16
5.553920250884177676e+02 1.384380549844678000e+16
5.557255938722546489e+02 1.384241019837073400e+16
5.560591626560915302e+02 1.384100609938126000e+16
5.563927314399284114e+02 1.383959326688065600e+16
5.567263002237652927e+02 1.383817176640810800e+16
5.570598690076021740e+02 1.383674166363460600e+16
5.573934377914391689e+02 1.383530302435775400e+16
5.577270065752759365e+02 1.383385591449665000e+16
5.580605753591128178e+02 1.383240040008682400e+16
5.583941441429498127e+02 1.383093654727514200e+16
5.587277129267866940e+02 1.382946442231480400e+16
5.590612817106235752e+02 1.382798409156035000e+16
5.593948504944603428e+02 1.382649562146265000e+16
5.597284192782973378e+02 1.382499907856404000e+16
5.600619880621342190e+02 1.382349452949334000e+16
5.603955568459711003e+02 1.382198204096104000e+16
5.607291256298079816e+02 1.382046167975444000e+16
5.610626944136448628e+02 1.381893351273286000e+16
5.613962631974817441e+02 1.381739760682282800e+16
5.617298319813186254e+02 1.381585402901337400e+16
5.620634007651555066e+02 1.381430284635136000e+16
5.623969695489923879e+02 1.381274412593672400e+16
5.627305383328292692e+02 1.381117793491792400e+16
5.630641071166661504e+02 1.380960434048729600e+16
5.633976759005030317e+02 1.380802340987651600e+16
5.637312446843400267e+02 1.380643521035204400e+16
5.640648134681769079e+02 1.380483980921066000e+16
5.643983822520136755e+02 1.380323727377498800e+16
5.647319510358505568e+02 1.380162767138909600e+16
5.650655198196875517e+02 1.380001106941411600e+16
5.653990886035244330e+02 1.379838753522385000e+16
5.657326573873613142e+02 1.379675713620053000e+16
5.660662261711981955e+02 1.379511993973050000e+16
5.663997949550350768e+02 1.379347601320003400e+16
5.667333637388719580e+02 1.379182542399108200e+16
5.670669325227088393e+02 1.379016823947713800e+16
5.674005013065457206e+02 1.378850452701915200e+16
5.677340700903826018e+02 1.378683435396142000e+16
5.680676388742194831e+02 1.378515778762754400e+16
5.684012076580563644e+02 1.378347489531643200e+16
5.687347764418932456e+02 1.378178574429836600e+16
5.690683452257301269e+02 1.378009040181104200e+16
5.694019140095670082e+02 1.377838893505571200e+16
5.697354827934038894e+02 1.377668141119330600e+16
5.700690515772408844e+02 1.377496789734069000e+16
5.704026203610777657e+02 1.377324846056684000e+16
5.707361891449145332e+02 1.377152316788915600e+16
5.710697579287514145e+02 1.376979208626974000e+16
5.714033267125884095e+02 1.376805528261182200e+16
5.717368954964252907e+02 1.376631282375606600e+16
5.720704642802621720e+02 1.376456477647708800e+16
5.724040330640990533e+02 1.376281120747987400e+16
5.727376018479359345e+02 1.376105218339633600e+16
5.730711706317728158e+02 1.375928777078183600e+16
5.734047394156096971e+02 1.375751803611183800e+16
5.737383081994465783e+02 1.375574304577846000e+16
5.740718769832834596e+02 1.375396286608724600e+16
5.744054457671203409e+02 1.375217756325383600e+16
5.747390145509572221e+02 1.375038720340072800e+16
5.750725833347941034e+02 1.374859185255407200e+16
5.754061521186310983e+02 1.374679157664056200e+16
5.757397209024678659e+02 1.374498644148425200e+16
5.760732896863047472e+02 1.374317651280350000e+16
5.764068584701416285e+02 1.374136185620798000e+16
5.767404272539786234e+02 1.373954253719560400e+16
5.770739960378155047e+02 1.373771862114962400e+16
5.774075648216522723e+02 1.373589017333570200e+16
5.777411336054892672e+02 1.373405725889901600e+16
5.780747023893261485e+02 1.373221994286146400e+16
5.784082711731630297e+02 1.373037829011883200e+16
5.787418399569999110e+02 1.372853236543805800e+16
5.790754087408367923e+02 1.372668223345450400e+16
5.794089775246736735e+02 1.372482795866931000e+16
5.797425463085105548e+02 1.372296960544674000e+16
5.800761150923474361e+02 1.372110723801156000e+16
5.804096838761843173e+02 1.371924092044655800e+16
5.807432526600211986e+02 1.371737071668994800e+16
5.810768214438580799e+02 1.371549669053292800e+16
5.814103902276949611e+02 1.371361890561728000e+16
5.817439590115319561e+02 1.371173742543289400e+16
5.820775277953688374e+02 1.370985231331548800e+16
5.824110965792056049e+02 1.370796363244425400e+16
5.827446653630424862e+02 1.370607144583955200e+16
5.830782341468794812e+02 1.370417581636072800e+16
5.834118029307163624e+02 1.370227680670386000e+16
5.837453717145532437e+02 1.370037447939962800e+16
5.840789404983901250e+02 1.369846889681117600e+16
5.844125092822270062e+02 1.369656012113200800e+16
5.847460780660638875e+02 1.369464821438397400e+16
5.850796468499007688e+02 1.369273323841522800e+16
5.854132156337376500e+02 1.369081525489826800e+16
5.857467844175745313e+02 1.368889432532798400e+16
5.860803532014114126e+02 1.368697051101979200e+16
5.864139219852482938e+02 1.368504387310773200e+16
5.867474907690851751e+02 1.368311447254267400e+16
5.870810595529220564e+02 1.368118237009050800e+16
5.874146283367590513e+02 1.367924762633039600e+16
5.877481971205958189e+02 1.367731030165308400e+16
5.880817659044327002e+02 1.367537045625916600e+16
5.884153346882696951e+02 1.367342815015749600e+16
5.887489034721064627e+02 1.367148344316356000e+16
5.890824722559434576e+02 1.366953639489788000e+16
5.894160410397803389e+02 1.366758706478450800e+16
5.897496098236171065e+02 1.366563551204951600e+16
5.900831786074541014e+02 1.366368179571953800e+16
5.904167473912909827e+02 1.366172597462028800e+16
5.907503161751278640e+02 1.365976810737522600e+16
5.910838849589647452e+02 1.365780825240416600e+16
5.914174537428015128e+02 1.365584646792192800e+16
5.917510225266385078e+02 1.365388281193708400e+16
5.920845913104753890e+02 1.365191734225063200e+16
5.924181600943123840e+02 1.364995011645484800e+16
5.927517288781491516e+02 1.364798119193199000e+16
5.930852976619860328e+02 1.364601062585323200e+16
5.934188664458229141e+02 1.364403847517747000e+16
5.937524352296597954e+02 1.364206479665023400e+16
5.940860040134967903e+02 1.364008964680262800e+16
5.944195727973335579e+02 1.363811308195029200e+16
5.947531415811704392e+02 1.363613515819238000e+16
5.950867103650074341e+02 1.363415593141063000e+16
5.954202791488442017e+02 1.363217545726834800e+16
5.957538479326811967e+02 1.363019379120959800e+16
5.960874167165180779e+02 1.362821098845819600e+16
5.964209855003548455e+02 1.362622710401696800e+16
5.967545542841918405e+02 1.362424219266688800e+16
5.970881230680287217e+02 1.362225630896624000e+16
5.974216918518656030e+02 1.362026950724993200e+16
5.977552606357024843e+02 1.361828184162871200e+16
5.980888294195393655e+02 1.361629336598847400e+16
5.984223982033762468e+02 1.361430413398960800e+16
5.987559669872131280e+02 1.361231419906628200e+16
5.990895357710501230e+02 1.361032361442591000e+16
5.994231045548868906e+02 1.360833243304849200e+16
5.997566733387237718e+02 1.360634070768607200e+16
6.000902421225607668e+02 1.360434849086223200e+16
6.004238109063975344e+02 1.360235583487149000e+16
6.007573796902345293e+02 1.360036279177893000e+16
6.010909484740714106e+02 1.359836941341964000e+16
6.014245172579081782e+02 1.359637575139837400e+16
6.017580860417451731e+02 1.359438185708905200e+16
6.020916548255820544e+02 1.359238778163444400e+16
6.024252236094189357e+02 1.359039357594581600e+16
6.027587923932558169e+02 1.358839929070252800e+16
6.030923611770925845e+02 1.358640497635179400e+16
6.034259299609295795e+02 1.358441068310842800e+16
6.037594987447664607e+02 1.358241646095444800e+16
6.040930675286034557e+02 1.358042235963902800e+16
6.044266363124402233e+02 1.357842842867809600e+16
6.047602050962771045e+02 1.357643471735433800e+16
6.050937738801139858e+02 1.357444127471687200e+16
6.054273426639508671e+02 1.357244814958118400e+16
6.057609114477878620e+02 1.357045539052901200e+16
6.060944802316246296e+02 1.356846304590821600e+16
6.064280490154615109e+02 1.356647116383271800e+16
6.067616177992985058e+02 1.356447979218247400e+16
6.070951865831352734e+02 1.356248897860337800e+16
6.074287553669722683e+02 1.356049877050730800e+16
6.077623241508091496e+02 1.355850921507212000e+16
6.080958929346459172e+02 1.355652035924165200e+16
6.084294617184829121e+02 1.355453224972581600e+16
6.087630305023197934e+02 1.355254493300062000e+16
6.090965992861566747e+02 1.355055845530832000e+16
6.094301680699935559e+02 1.354857286265746200e+16
6.097637368538304372e+02 1.354658820082304200e+16
6.100973056376673185e+02 1.354460451534668000e+16
6.104308744215041997e+02 1.354262185153670400e+16
6.107644432053411947e+02 1.354064025446842400e+16
6.110980119891779623e+02 1.353865976898428200e+16
6.114315807730148435e+02 1.353668043969408800e+16
6.117651495568518385e+02 1.353470231097526000e+16
6.120987183406886061e+02 1.353272542697305600e+16
6.124322871245256010e+02 1.353074983160087200e+16
6.127658559083624823e+02 1.352877556854050000e+16
6.130994246921992499e+02 1.352680268124248400e+16
6.134329934760362448e+02 1.352483121292638400e+16
6.137665622598731261e+02 1.352286120658113600e+16
6.141001310437100074e+02 1.352089270496542000e+16
6.144336998275468886e+02 1.351892575060799400e+16
6.147672686113836562e+02 1.351696038580810400e+16
6.151008373952206512e+02 1.351499665263588400e+16
6.154344061790575324e+02 1.351303459293273400e+16
6.157679749628945274e+02 1.351107424831180400e+16
6.161015437467312950e+02 1.350911566015835200e+16
6.164351125305681762e+02 1.350715886963030600e+16
6.167686813144050575e+02 1.350520391765863800e+16
6.171022500982419388e+02 1.350325084494790200e+16
6.174358188820789337e+02 1.350129969197671400e+16
6.177693876659157013e+02 1.349935049899823200e+16
6.181029564497525826e+02 1.349740330604074200e+16
6.184365252335895775e+02 1.349545815290812800e+16
6.187700940174263451e+02 1.349351507918045600e+16
6.191036628012633400e+02 1.349157412421451400e+16
6.194372315851002213e+02 1.348963532714438000e+16
6.197708003689369889e+02 1.348769872688203000e+16
6.201043691527739838e+02 1.348576436211792200e+16
6.204379379366108651e+02 1.348383227132153200e+16
6.207715067204476327e+02 1.348190249274209600e+16
6.211050755042846276e+02 1.347997506440913000e+16
6.214386442881215089e+02 1.347805002413310800e+16
6.217722130719583902e+02 1.347612740950611000e+16
6.221057818557952714e+02 1.347420725790245000e+16
6.224393506396321527e+02 1.347228960647938400e+16
6.227729194234690340e+02 1.347037449217775600e+16
6.231064882073059152e+02 1.346846195172269600e+16
6.234400569911429102e+02 1.346655202162429800e+16
6.237736257749796778e+02 1.346464473817834400e+16
6.241071945588165590e+02 1.346274013746698000e+16
6.244407633426535540e+02 1.346083825535952400e+16
6.247743321264903216e+02 1.345893912751303800e+16
6.251079009103273165e+02 1.345704278937325200e+16
6.254414696941641978e+02 1.345514927617513800e+16
6.257750384780009654e+02 1.345325862294379200e+16
6.261086072618379603e+02 1.345137086449512400e+16
6.264421760456747279e+02 1.344948603543661600e+16
6.267757448295117229e+02 1.344760417016815800e+16
6.271093136133486041e+02 1.344572530288277400e+16
6.274428823971853717e+02 1.344384946756741400e+16
6.277764511810223667e+02 1.344197669800379600e+16
6.281100199648592479e+02 1.344010702776915200e+16
6.284435887486961292e+02 1.343824049023706000e+16
6.287771575325330105e+02 1.343637711857823200e+16
6.291107263163698917e+02 1.343451694576138400e+16
6.294442951002067730e+02 1.343266000455401200e+16
6.297778638840436543e+02 1.343080632752323200e+16
6.301114326678806492e+02 1.342895594703664800e+16
6.304450014517174168e+02 1.342710889526311000e+16
6.307785702355542981e+02 1.342526520417368000e+16
6.311121390193912930e+02 1.342342490554238000e+16
6.314457078032280606e+02 1.342158803094707200e+16
6.317792765870650555e+02 1.341975461177035200e+16
6.321128453709019368e+02 1.341792467920036800e+16
6.324464141547387044e+02 1.341609826423170800e+16
6.327799829385756993e+02 1.341427539766628600e+16
6.331135517224125806e+02 1.341245611011417800e+16
6.334471205062494619e+02 1.341064043199453200e+16
6.337806892900863431e+02 1.340882839353641800e+16
6.341142580739232244e+02 1.340702002477978000e+16
6.344478268577601057e+02 1.340521535557623600e+16
6.347813956415969869e+02 1.340341441559002600e+16
6.351149644254339819e+02 1.340161723429889200e+16
6.354485332092707495e+02 1.339982384099496800e+16
6.357821019931076307e+02 1.339803426478568000e+16
6.361156707769446257e+02 1.339624853459468800e+16
6.364492395607813933e+02 1.339446667916270000e+16
6.367828083446183882e+02 1.339268872704847600e+16
6.371163771284552695e+02 1.339091470662966800e+16
6.374499459122920371e+02 1.338914464610375400e+16
6.377835146961290320e+02 1.338737857348898400e+16
6.381170834799657996e+02 1.338561651662519800e+16
6.384506522638027946e+02 1.338385850317486400e+16
6.387842210476396758e+02 1.338210456062387200e+16
6.391177898314764434e+02 1.338035471628255600e+16
6.394513586153134383e+02 1.337860899728655600e+16
6.397849273991503196e+02 1.337686743059772600e+16
6.401184961829872009e+02 1.337513004300509200e+16
6.404520649668240821e+02 1.337339686112575800e+16
6.407856337506609634e+02 1.337166791140581000e+16
6.411192025344978447e+02 1.336994322012127800e+16
6.414527713183347259e+02 1.336822281337899600e+16
6.417863401021717209e+02 1.336650671711759200e+16
6.421199088860084885e+02 1.336479495710836200e+16
6.424534776698453697e+02 1.336308755895621600e+16
6.427870464536823647e+02 1.336138454810059800e+16
6.431206152375191323e+02 1.335968594981636800e+16
6.434541840213561272e+02 1.335799178921482000e+16
6.437877528051930085e+02 1.335630209124448800e+16
6.441213215890297761e+02 1.335461688069213600e+16
6.444548903728667710e+02 1.335293618218367800e+16
6.447884591567036523e+02 1.335126002018506400e+16
6.451220279405405336e+02 1.334958841900323600e+16
6.454555967243774148e+02 1.334792140278699600e+16
6.457891655082142961e+02 1.334625899552798000e+16
6.461227342920511774e+02 1.334460122106152800e+16
6.464563030758880586e+02 1.334294810306762800e+16
6.467898718597250536e+02 1.334129966507179800e+16
6.471234406435618212e+02 1.333965593044605000e+16
6.474570094273987024e+02 1.333801692240972800e+16
6.477905782112356974e+02 1.333638266403049200e+16
6.481241469950724650e+02 1.333475317822514800e+16
6.484577157789094599e+02 1.333312848776062400e+16
6.487912845627463412e+02 1.333150861525483000e+16
6.491248533465831088e+02 1.332989358317756400e+16
6.494584221304201037e+02 1.332828341385144600e+16
6.497919909142568713e+02 1.332667812945274400e+16
6.501255596980938662e+02 1.332507775201234600e+16
6.504591284819307475e+02 1.332348230341662200e+16
6.507926972657675151e+02 1.332189180540828600e+16
6.511262660496045100e+02 1.332030627958733600e+16
6.514598348334413913e+02 1.331872574741189600e+16
6.517934036172782726e+02 1.331715023019912800e+16
6.521269724011151538e+02 1.331557974912610400e+16
6.524605411849520351e+02 1.331401432523067600e+16
6.527941099687889164e+02 1.331245397941236400e+16
6.531276787526257976e+02 1.331089873243322000e+16
6.534612475364627926e+02 1.330934860491870800e+16
6.537948163202995602e+02 1.330780361735854400e+16
6.541283851041364414e+02 1.330626379010759600e+16
6.544619538879734364e+02 1.330472914338673200e+16
6.547955226718102040e+02 1.330319969728365800e+16
6.551290914556471989e+02 1.330167547175380800e+16
6.554626602394840802e+02 1.330015648662115600e+16
6.557962290233208478e+02 1.329864276157910800e+16
6.561297978071578427e+02 1.329713431619129000e+16
6.564633665909947240e+02 1.329563116989246600e+16
6.567969353748316053e+02 1.329413334198930400e+16
6.571305041586684865e+02 1.329264085166124400e+16
6.574640729425053678e+02 1.329115371796134000e+16
6.577976417263422491e+02 1.328967195981705200e+16
6.581312105101791303e+02 1.328819559603110400e+16
6.584647792940161253e+02 1.328672464528230000e+16
6.587983480778528929e+02 1.328525912612630400e+16
6.591319168616897741e+02 1.328379905699651600e+16
6.594654856455267691e+02 1.328234445620482800e+16
6.597990544293635367e+02 1.328089534194244000e+16
6.601326232132005316e+02 1.327945173228068600e+16
6.604661919970374129e+02 1.327801364517180800e+16
6.607997607808741805e+02 1.327658109844975200e+16
6.611333295647111754e+02 1.327515410983098000e+16
6.614668983485479430e+02 1.327373269691520000e+16
6.618004671323848243e+02 1.327231687718622600e+16
6.621340359162218192e+02 1.327090666801270800e+16
6.624676047000585868e+02 1.326950208664888200e+16
6.628011734838955817e+02 1.326810315023541200e+16
6.631347422677324630e+02 1.326670987580006400e+16
6.634683110515692306e+02 1.326532228025856000e+16
6.638018798354062255e+02 1.326394038041524400e+16
6.641354486192431068e+02 1.326256419296394000e+16
6.644690174030799881e+02 1.326119373448858400e+16
6.648025861869168693e+02 1.325982902146405200e+16
6.651361549707537506e+02 1.325847007025684800e+16
6.654697237545906319e+02 1.325711689712588800e+16
6.658032925384275131e+02 1.325576951822318000e+16
6.661368613222645081e+02 1.325442794959458600e+16
6.664704301061012757e+02 1.325309220718052800e+16
6.668039988899381569e+02 1.325176230681668800e+16
6.671375676737751519e+02 1.325043826423478800e+16
6.674711364576119195e+02 1.324912009506318800e+16
6.678047052414489144e+02 1.324780781482769200e+16
6.681382740252857957e+02 1.324650143895219200e+16
6.684718428091225633e+02 1.324520098275938800e+16
6.688054115929595582e+02 1.324390646147143200e+16
6.691389803767964395e+02 1.324261789021067800e+16
6.694725491606333208e+02 1.324133528400031800e+16
6.698061179444702020e+02 1.324005865776506400e+16
6.701396867283069696e+02 1.323878802633182800e+16
6.704732555121439646e+02 1.323752340443040800e+16
6.708068242959808458e+02 1.323626480669406800e+16
6.711403930798178408e+02 1.323501224766031200e+16
6.714739618636546084e+02 1.323376574177143600e+16
6.718075306474914896e+02 1.323252530337523000e+16
6.721410994313284846e+02 1.323129094672562000e+16
6.724746682151652521e+02 1.323006268598325200e+16
6.728082369990022471e+02 1.322884053521621400e+16
6.731418057828390147e+02 1.322762450840057200e+16
6.734753745666758959e+02 1.322641461942105200e+16
6.738089433505128909e+02 1.322521088207164800e+16
6.741425121343496585e+02 1.322401331005621800e+16
6.744760809181866534e+02 1.322282191698910600e+16
6.748096497020235347e+02 1.322163671639574600e+16
6.751432184858603023e+02 1.322045772171326400e+16
6.754767872696972972e+02 1.321928494629106000e+16
6.758103560535341785e+02 1.321811840339140400e+16
6.761439248373710598e+02 1.321695810619003400e+16
6.764774936212079410e+02 1.321580406777669800e+16
6.768110624050448223e+02 1.321465630115578400e+16
6.771446311888817036e+02 1.321351481924683200e+16
6.774781999727185848e+02 1.321237963488516000e+16
6.778117687565555798e+02 1.321125076082235000e+16
6.781453375403923474e+02 1.321012820972687200e+16
6.784789063242292286e+02 1.320901199418460000e+16
6.788124751080662236e+02 1.320790212669937600e+16
6.791460438919029912e+02 1.320679861969351400e+16
6.794796126757399861e+02 1.320570148550839200e+16
6.798131814595768674e+02 1.320461073640492000e+16
6.801467502434136350e+02 1.320352638456412200e+16
6.804803190272506299e+02 1.320244844208763800e+16
6.808138878110875112e+02 1.320137692099821200e+16
6.811474565949243924e+02 1.320031183324025200e+16
6.814810253787612737e+02 1.319925319068029000e+16
6.818145941625980413e+02 1.319820100510752600e+16
6.821481629464350362e+02 1.319715528823430800e+16
6.824817317302719175e+02 1.319611605169659600e+16
6.828153005141089125e+02 1.319508330705451600e+16
6.831488692979456800e+02 1.319405706579275600e+16
6.834824380817825613e+02 1.319303733932112800e+16
6.838160068656194426e+02 1.319202413897498800e+16
6.841495756494563238e+02 1.319101747601570000e+16
6.844831444332933188e+02 1.319001736163116000e+16
6.848167132171300864e+02 1.318902380693618000e+16
6.851502820009669676e+02 1.318803682297298000e+16
6.854838507848039626e+02 1.318705642071166000e+16
6.858174195686407302e+02 1.318608261105055600e+16
6.861509883524777251e+02 1.318511540481680000e+16
6.864845571363146064e+02 1.318415481276666400e+16
6.868181259201513740e+02 1.318320084558603000e+16
6.871516947039883689e+02 1.318225351389079600e+16
6.874852634878252502e+02 1.318131282822732000e+16
6.878188322716621315e+02 1.318037879907281000e+16
6.881524010554990127e+02 1.317945143683574800e+16
6.884859698393358940e+02 1.317853075185630000e+16
6.888195386231727753e+02 1.317761675440672200e+16
6.891531074070096565e+02 1.317670945469172600e+16
6.894866761908466515e+02 1.317580886284892200e+16
6.898202449746834191e+02 1.317491498894914800e+16
6.901538137585203003e+02 1.317402784299691800e+16
6.904873825423572953e+02 1.317314743493075200e+16
6.908209513261940629e+02 1.317227377462354800e+16
6.911545201100310578e+02 1.317140687188300200e+16
6.914880888938679391e+02 1.317054673645190600e+16
6.918216576777047067e+02 1.316969337800858200e+16
6.921552264615417016e+02 1.316884680616715000e+16
6.924887952453785829e+02 1.316800703047796800e+16
6.928223640292154641e+02 1.316717406042791600e+16
6.931559328130523454e+02 1.316634790544077600e+16
6.934895015968891130e+02 1.316552857487752800e+16
6.938230703807261079e+02 1.316471607803673600e+16
6.941566391645629892e+02 1.316391042415484400e+16
6.944902079483999842e+02 1.316311162240650400e+16
6.948237767322367517e+02 1.316231968190490000e+16
6.951573455160736330e+02 1.316153461170205600e+16
6.954909142999105143e+02 1.316075642078917600e+16
6.958244830837473955e+02 1.315998511809690000e+16
6.961580518675843905e+02 1.315922071249566000e+16
6.964916206514211581e+02 1.315846321279595000e+16
6.968251894352580393e+02 1.315771262774861600e+16
6.971587582190950343e+02 1.315696896604516800e+16
6.974923270029318019e+02 1.315623223631803600e+16
6.978258957867687968e+02 1.315550244714088800e+16
6.981594645706056781e+02 1.315477960702885600e+16
6.984930333544424457e+02 1.315406372443886800e+16
6.988266021382794406e+02 1.315335480776988000e+16
6.991601709221163219e+02 1.315265286536313600e+16
6.994937397059532032e+02 1.315195790550247000e+16
6.998273084897900844e+02 1.315126993641449200e+16
7.001608772736269657e+02 1.315058896626890600e+16
7.004944460574638470e+02 1.314991500317874200e+16
7.008280148413007282e+02 1.314924805520056400e+16
7.011615836251377232e+02 1.314858813033476400e+16
7.014951524089744908e+02 1.314793523652574600e+16
7.018287211928113720e+02 1.314728938166220000e+16
7.021622899766483670e+02 1.314665057357729600e+16
7.024958587604851346e+02 1.314601882004895200e+16
7.028294275443221295e+02 1.314539412879998400e+16
7.031629963281590108e+02 1.314477650749840800e+16
7.034965651119957784e+02 1.314416596375757600e+16
7.038301338958327733e+02 1.314356250513643400e+16
7.041637026796696546e+02 1.314296613913969200e+16
7.044972714635065358e+02 1.314237687321806600e+16
7.048308402473434171e+02 1.314179471476842200e+16
7.051644090311801847e+02 1.314121967113400800e+16
7.054979778150171796e+02 1.314065174960464000e+16
7.058315465988540609e+02 1.314009095741686400e+16
7.061651153826908285e+02 1.313953730175416200e+16
7.064986841665278234e+02 1.313899078974712800e+16
7.068322529503647047e+02 1.313845142847361200e+16
7.071658217342015860e+02 1.313791922495893200e+16
7.074993905180384672e+02 1.313739418617600800e+16
7.078329593018753485e+02 1.313687631904555200e+16
7.081665280857122298e+02 1.313636563043621400e+16
7.085000968695491110e+02 1.313586212716473200e+16
7.088336656533861060e+02 1.313536581599610000e+16
7.091672344372228736e+02 1.313487670364369200e+16
7.095008032210597548e+02 1.313439479676944000e+16
7.098343720048967498e+02 1.313392010198396600e+16
7.101679407887335174e+02 1.313345262584670000e+16
7.105015095725705123e+02 1.313299237486604400e+16
7.108350783564073936e+02 1.313253935549947200e+16
7.111686471402441612e+02 1.313209357415369400e+16
7.115022159240811561e+02 1.313165503718475600e+16
7.118357847079180374e+02 1.313122375089816800e+16
7.121693534917549187e+02 1.313079972154903600e+16
7.125029222755917999e+02 1.313038295534215200e+16
7.128364910594286812e+02 1.312997345843211600e+16
7.131700598432655624e+02 1.312957123692346200e+16
7.135036286271024437e+02 1.312917629687074000e+16
7.138371974109394387e+02 1.312878864427863800e+16
7.141707661947762062e+02 1.312840828510205200e+16
7.145043349786130875e+02 1.312803522524621400e+16
7.148379037624500825e+02 1.312766947056678000e+16
7.151714725462868500e+02 1.312731102686988400e+16
7.155050413301238450e+02 1.312695989991227800e+16
7.158386101139607263e+02 1.312661609540138000e+16
7.161721788977974938e+02 1.312627961899536400e+16
7.165057476816344888e+02 1.312595047630325000e+16
7.168393164654712564e+02 1.312562867288494000e+16
7.171728852493082513e+02 1.312531421425135600e+16
7.175064540331451326e+02 1.312500710586442200e+16
7.178400228169819002e+02 1.312470735313722400e+16
7.181735916008188951e+02 1.312441496143402000e+16
7.185071603846557764e+02 1.312412993607026800e+16
7.188407291684926577e+02 1.312385228231277400e+16
7.191742979523295389e+02 1.312358200537966600e+16
7.195078667361664202e+02 1.312331911044048800e+16
7.198414355200033015e+02 1.312306360261624000e+16
7.201750043038401827e+02 1.312281548697940800e+16
7.205085730876771777e+02 1.312257476855404400e+16
7.208421418715139453e+02 1.312234145231577200e+16
7.211757106553508265e+02 1.312211554319184600e+16
7.215092794391878215e+02 1.312189704606118000e+16
7.218428482230245891e+02 1.312168596575438200e+16
7.221764170068615840e+02 1.312148230705378800e+16
7.225099857906984653e+02 1.312128607469349200e+16
7.228435545745352329e+02 1.312109727335935600e+16
7.231771233583722278e+02 1.312091590768906400e+16
7.235106921422091091e+02 1.312074198227211400e+16
7.238442609260459903e+02 1.312057550164985800e+16
7.241778297098828716e+02 1.312041647031549000e+16
7.245113984937197529e+02 1.312026489271411000e+16
7.248449672775566341e+02 1.312012077324268000e+16
7.251785360613935154e+02 1.311998411625007000e+16
7.255121048452305104e+02 1.311985492603705200e+16
7.258456736290672779e+02 1.311973320685630600e+16
7.261792424129041592e+02 1.311961896291242800e+16
7.265128111967411542e+02 1.311951219836192400e+16
7.268463799805779217e+02 1.311941291731321200e+16
7.271799487644149167e+02 1.311932112382662800e+16
7.275135175482517980e+02 1.311923682191438200e+16
7.278470863320885655e+02 1.311916001554062000e+16
7.281806551159255605e+02 1.311909070862134400e+16
7.285142238997623281e+02 1.311902890502442600e+16
7.288477926835993230e+02 1.311897460856963200e+16
7.291813614674362043e+02 1.311892782302852200e+16
7.295149302512729719e+02 1.311888855212452800e+16
7.298484990351099668e+02 1.311885679953286800e+16
7.301820678189468481e+02 1.311883256888054200e+16
7.305156366027837294e+02 1.311881586374631400e+16
7.308492053866206106e+02 1.311880668766070800e+16
7.311827741704574919e+02 1.311880504410593000e+16
7.315163429542943732e+02 1.311881093651587600e+16
7.318499117381312544e+02 1.311882436827610600e+16
7.321834805219682494e+02 1.311884534272379200e+16
7.325170493058050170e+02 1.311887386314768400e+16
7.328506180896418982e+02 1.311890993278810200e+16
7.331841868734788932e+02 1.311895355483687000e+16
7.335177556573156608e+02 1.311900473243728200e+16
7.338513244411526557e+02 1.311906346868409000e+16
7.341848932249895370e+02 1.311912976662340800e+16
7.345184620088263046e+02 1.311920362925273600e+16
7.348520307926632995e+02 1.311928505952086200e+16
7.351855995765001808e+02 1.311937406032784200e+16
7.355191683603370620e+02 1.311947063452494400e+16
7.358527371441739433e+02 1.311957478491460400e+16
7.361863059280108246e+02 1.311968651425037600e+16
7.365198747118477058e+02 1.311980582523687600e+16
7.368534434956845871e+02 1.311993272052972400e+16
7.371870122795215821e+02 1.312006720273553200e+16
7.375205810633583496e+02 1.312020927441176600e+16
7.378541498471952309e+02 1.312035893806677000e+16
7.381877186310322259e+02 1.312051619615968800e+16
7.385212874148689934e+02 1.312068105110037400e+16
7.388548561987059884e+02 1.312085350524936400e+16
7.391884249825428697e+02 1.312103356091779200e+16
7.395219937663796372e+02 1.312122122036736800e+16
7.398555625502166322e+02 1.312141648581027000e+16
7.401891313340533998e+02 1.312161935940910000e+16
7.405227001178903947e+02 1.312182984327682800e+16
7.408562689017272760e+02 1.312204793947670600e+16
7.411898376855640436e+02 1.312227365002222800e+16
7.415234064694010385e+02 1.312250697687704000e+16
7.418569752532379198e+02 1.312274792195487200e+16
7.421905440370748011e+02 1.312299648711950000e+16
7.425241128209116823e+02 1.312325267418461600e+16
7.428576816047485636e+02 1.312351648491382600e+16
7.431912503885854449e+02 1.312378792102054800e+16
7.435248191724223261e+02 1.312406698416791200e+16
7.438583879562593211e+02 1.312435367596874800e+16
7.441919567400960887e+02 1.312464799798545200e+16
7.445255255239329699e+02 1.312494995172997200e+16
7.448590943077699649e+02 1.312525953866367600e+16
7.451926630916067325e+02 1.312557676019729600e+16
7.455262318754437274e+02 1.312590161769091600e+16
7.458598006592806087e+02 1.312623411245377000e+16
7.461933694431173762e+02 1.312657424574428000e+16
7.465269382269543712e+02 1.312692201876994200e+16
7.468605070107912525e+02 1.312727743268721200e+16
7.471940757946280200e+02 1.312764048860148600e+16
7.475276445784650150e+02 1.312801118756698000e+16
7.478612133623018963e+02 1.312838953058669200e+16
7.481947821461387775e+02 1.312877551861228200e+16
7.485283509299756588e+02 1.312916915254402200e+16
7.488619197138124264e+02 1.312957043323070400e+16
7.491954884976494213e+02 1.312997936146958400e+16
7.495290572814863026e+02 1.313039593800625600e+16
7.498626260653232976e+02 1.313082016353463600e+16
7.501961948491600651e+02 1.313125203869682000e+16
7.505297636329969464e+02 1.313169156408307000e+16
7.508633324168339414e+02 1.313213874023168000e+16
7.511969012006707089e+02 1.313259356762891000e+16
7.515304699845077039e+02 1.313305604670894400e+16
7.518640387683444715e+02 1.313352617785376800e+16
7.521976075521813527e+02 1.313400396139310400e+16
7.525311763360183477e+02 1.313448939760436000e+16
7.528647451198551153e+02 1.313498248671248000e+16
7.531983139036921102e+02 1.313548322888996800e+16
7.535318826875289915e+02 1.313599162425673000e+16
7.538654514713657591e+02 1.313650767288002400e+16
7.541990202552027540e+02 1.313703137477438400e+16
7.545325890390396353e+02 1.313756272990155200e+16
7.548661578228765165e+02 1.313810173817038400e+16
7.551997266067133978e+02 1.313864839943678800e+16
7.555332953905502791e+02 1.313920271350364000e+16
7.558668641743871603e+02 1.313976468012072200e+16
7.562004329582240416e+02 1.314033429898463000e+16
7.565340017420610366e+02 1.314091156973873000e+16
7.568675705258978041e+02 1.314149649197304000e+16
7.572011393097346854e+02 1.314208906522419600e+16
7.575347080935716804e+02 1.314268928897538800e+16
7.578682768774084479e+02 1.314329716265622400e+16
7.582018456612454429e+02 1.314391268564275600e+16
7.585354144450823242e+02 1.314453585725732000e+16
7.588689832289190917e+02 1.314516667676854000e+16
7.592025520127560867e+02 1.314580514339121400e+16
7.595361207965929680e+02 1.314645125628625200e+16
7.598696895804298492e+02 1.314710501456063600e+16
7.602032583642667305e+02 1.314776641726733200e+16
7.605368271481034981e+02 1.314843546340523000e+16
7.608703959319404930e+02 1.314911215191910600e+16
7.612039647157773743e+02 1.314979648169949400e+16
7.615375334996143692e+02 1.315048845158272000e+16
7.618711022834511368e+02 1.315118806035075400e+16
7.622046710672880181e+02 1.315189530673120600e+16
7.625382398511250130e+02 1.315261018939725000e+16
7.628718086349617806e+02 1.315333270696757000e+16
7.632053774187987756e+02 1.315406285800630200e+16
7.635389462026355432e+02 1.315480064102298400e+16
7.638725149864724244e+02 1.315554605447249600e+16
7.642060837703094194e+02 1.315629909675503200e+16
7.645396525541461870e+02 1.315705976621602800e+16
7.648732213379831819e+02 1.315782806114610000e+16
7.652067901218200632e+02 1.315860397978102800e+16
7.655403589056568308e+02 1.315938752030170800e+16
7.658739276894938257e+02 1.316017868083411000e+16
7.662074964733307070e+02 1.316097745944918400e+16
7.665410652571675882e+02 1.316178385416290800e+16
7.668746340410044695e+02 1.316259786293614800e+16
7.672082028248413508e+02 1.316341948367472800e+16
7.675417716086782320e+02 1.316424871422930400e+16
7.678753403925151133e+02 1.316508555239537000e+16
7.682089091763521083e+02 1.316592999591323200e+16
7.685424779601888758e+02 1.316678204246796000e+16
7.688760467440257571e+02 1.316764168968936000e+16
7.692096155278627521e+02 1.316850893515197000e+16
7.695431843116995196e+02 1.316938377637498600e+16
7.698767530955365146e+02 1.317026621082230600e+16
7.702103218793733959e+02 1.317115623590244000e+16
7.705438906632101634e+02 1.317205384896854400e+16
7.708774594470471584e+02 1.317295904731837200e+16
7.712110282308840397e+02 1.317387182819428800e+16
7.715445970147209209e+02 1.317479218878320400e+16
7.718781657985578022e+02 1.317572012621661600e+16
7.722117345823945698e+02 1.317665563757059600e+16
7.725453033662315647e+02 1.317759871986574000e+16
7.728788721500684460e+02 1.317854937006720800e+16
7.732124409339054409e+02 1.317950758508470400e+16
7.735460097177422085e+02 1.318047336177246400e+16
7.738795785015790898e+02 1.318144669692928800e+16
7.742131472854159711e+02 1.318242758729852600e+16
7.745467160692528523e+02 1.318341602956807000e+16
7.748802848530898473e+02 1.318441202037040400e+16
7.752138536369266149e+02 1.318541555628257400e+16
7.755474224207634961e+02 1.318642663382622000e+16
7.758809912046004911e+02 1.318744524946760400e+16
7.762145599884372587e+02 1.318847139961760400e+16
7.765481287722742536e+02 1.318950508063176400e+16
7.768816975561111349e+02 1.319054628881029600e+16
7.772152663399479025e+02 1.319159502039809400e+16
7.775488351237848974e+02 1.319265127158484400e+16
7.778824039076217787e+02 1.319371503850492400e+16
7.782159726914586599e+02 1.319478631723756600e+16
7.785495414752955412e+02 1.319586510380680800e+16
7.788831102591324225e+02 1.319695139418158000e+16
7.792166790429693037e+02 1.319804518427573600e+16
7.795502478268061850e+02 1.319914646994809600e+16
7.798838166106431800e+02 1.320025524700247600e+16
7.802173853944799475e+02 1.320137151118779200e+16
7.805509541783168288e+02 1.320249525819807200e+16
7.808845229621538238e+02 1.320362648367254000e+16
7.812180917459905913e+02 1.320476518319562000e+16
7.815516605298275863e+02 1.320591135229709400e+16
7.818852293136644676e+02 1.320706498645209600e+16
7.822187980975012351e+02 1.320822608108119600e+16
7.825523668813382301e+02 1.320939463155049000e+16
7.828859356651751114e+02 1.321057063317168800e+16
7.832195044490119926e+02 1.321175408120214600e+16
7.835530732328488739e+02 1.321294497084498200e+16
7.838866420166856415e+02 1.321414329724917800e+16
7.842202108005226364e+02 1.321534905550962600e+16
7.845537795843595177e+02 1.321656224066725400e+16
7.848873483681965126e+02 1.321778284770911400e+16
7.852209171520332802e+02 1.321901087156846800e+16
7.855544859358701615e+02 1.322024630712491600e+16
7.858880547197070428e+02 1.322148914920449000e+16
7.862216235035439240e+02 1.322273939257974400e+16
7.865551922873809190e+02 1.322399703196990800e+16
7.868887610712176865e+02 1.322526206204096400e+16
7.872223298550545678e+02 1.322653447740580200e+16
7.875558986388915628e+02 1.322781427262431800e+16
7.878894674227283303e+02 1.322910144220354600e+16
7.882230362065653253e+02 1.323039598059781200e+16
7.885566049904022066e+02 1.323169788220882600e+16
7.888901737742389741e+02 1.323300714138585600e+16
7.892237425580759691e+02 1.323432375242588800e+16
7.895573113419128504e+02 1.323564770957369400e+16
7.898908801257497316e+02 1.323697900702207600e+16
7.902244489095866129e+02 1.323831763891193000e+16
7.905580176934234942e+02 1.323966359933250000e+16
7.908915864772603754e+02 1.324101688232143600e+16
7.912251552610972567e+02 1.324237748186505600e+16
7.915587240449341380e+02 1.324374539189845200e+16
7.918922928287710192e+02 1.324512060630566400e+16
7.922258616126079005e+02 1.324650311891991400e+16
7.925594303964448955e+02 1.324789292352370800e+16
7.928929991802816630e+02 1.324929001384907400e+16
7.932265679641185443e+02 1.325069438357774800e+16
7.935601367479555392e+02 1.325210602634135600e+16
7.938937055317923068e+02 1.325352493572157200e+16
7.942272743156293018e+02 1.325495110525042600e+16
7.945608430994661830e+02 1.325638452841037800e+16
7.948944118833029506e+02 1.325782519863463200e+16
7.952279806671399456e+02 1.325927310930729200e+16
7.955615494509767132e+02 1.326072825376360600e+16
7.958951182348137081e+02 1.326219062529016200e+16
7.962286870186505894e+02 1.326366021712514800e+16
7.965622558024873570e+02 1.326513702245856400e+16
7.968958245863243519e+02 1.326662103443246400e+16
7.972293933701612332e+02 1.326811224614116000e+16
7.975629621539981144e+02 1.326961065063154000e+16
7.978965309378349957e+02 1.327111624090323200e+16
7.982300997216718770e+02 1.327262900990892800e+16
7.985636685055087582e+02 1.327414895055458400e+16
7.988972372893456395e+02 1.327567605569972000e+16
7.992308060731826345e+02 1.327721031815767000e+16
7.995643748570194020e+02 1.327875173069584400e+16
7.998979436408562833e+02 1.328030028603602400e+16
8.002315124246932783e+02 1.328185597685461000e+16
8.005650812085300458e+02 1.328341879578295400e+16
8.008986499923670408e+02 1.328498873540759000e+16
8.012322187762039221e+02 1.328656578827056400e+16
8.015657875600406896e+02 1.328814994686973400e+16
8.018993563438776846e+02 1.328974120365903800e+16
8.022329251277145659e+02 1.329133955104885000e+16
8.025664939115514471e+02 1.329294498140621800e+16
8.029000626953883284e+02 1.329455748705526200e+16
8.032336314792252097e+02 1.329617706027744000e+16
8.035672002630620909e+02 1.329780369331188600e+16
8.039007690468989722e+02 1.329943737835575200e+16
8.042343378307359671e+02 1.330107810756451800e+16
8.045679066145727347e+02 1.330272587305236400e+16
8.049014753984096160e+02 1.330438066689246000e+16
8.052350441822466109e+02 1.330604248111740400e+16
8.055686129660833785e+02 1.330771130771945000e+16
8.059021817499203735e+02 1.330938713865099200e+16
8.062357505337572547e+02 1.331106996582483600e+16
8.065693193175940223e+02 1.331275978111462000e+16
8.069028881014310173e+02 1.331445657635516000e+16
8.072364568852677849e+02 1.331616034334282200e+16
8.075700256691047798e+02 1.331787107383592600e+16
8.079035944529416611e+02 1.331958875955512600e+16
8.082371632367784287e+02 1.332131339218378200e+16
8.085707320206154236e+02 1.332304496336838800e+16
8.089043008044523049e+02 1.332478346471892800e+16
8.092378695882891861e+02 1.332652888780934400e+16
8.095714383721260674e+02 1.332828122417787400e+16
8.099050071559629487e+02 1.333004046532754600e+16
8.102385759397998299e+02 1.333180660272652200e+16
8.105721447236367112e+02 1.333357962780857000e+16
8.109057135074737062e+02 1.333535953197349200e+16
8.112392822913104737e+02 1.333714630658753600e+16
8.115728510751473550e+02 1.333893994298384400e+16
8.119064198589843500e+02 1.334074043246292400e+16
8.122399886428211175e+02 1.334254776629305200e+16
8.125735574266581125e+02 1.334436193571076800e+16
8.129071262104949938e+02 1.334618293192130800e+16
8.132406949943317613e+02 1.334801074609908000e+16
8.135742637781687563e+02 1.334984536938814000e+16
8.139078325620056376e+02 1.335168679290264000e+16
8.142414013458425188e+02 1.335353500772735800e+16
8.145749701296794001e+02 1.335539000491808400e+16
8.149085389135162814e+02 1.335725177550224600e+16
8.152421076973531626e+02 1.335912031047928800e+16
8.155756764811900439e+02 1.336099560082121600e+16
8.159092452650270388e+02 1.336287763747309600e+16
8.162428140488638064e+02 1.336476641135355400e+16
8.165763828327006877e+02 1.336666191335531600e+16
8.169099516165376826e+02 1.336856413434569600e+16
8.172435204003744502e+02 1.337047306516711200e+16
8.175770891842114452e+02 1.337238869663765600e+16
8.179106579680483264e+02 1.337431101955158000e+16
8.182442267518850940e+02 1.337624002467986400e+16
8.185777955357220890e+02 1.337817570277075200e+16
8.189113643195588566e+02 1.338011804455027600e+16
8.192449331033958515e+02 1.338206704072284400e+16
8.195785018872327328e+02 1.338402268197176400e+16
8.199120706710695003e+02 1.338598495895982800e+16
8.202456394549064953e+02 1.338795386232986800e+16
8.205792082387433766e+02 1.338992938270532000e+16
8.209127770225802578e+02 1.339191151069082000e+16
8.212463458064171391e+02 1.339390023687276800e+16
8.215799145902540204e+02 1.339589555181990000e+16
8.219134833740909016e+02 1.339789744608392800e+16
8.222470521579277829e+02 1.339990591020005200e+16
8.225806209417647779e+02 1.340192093468766800e+16
8.229141897256015454e+02 1.340394251005084800e+16
8.232477585094384267e+02 1.340597062677906800e+16
8.235813272932754217e+02 1.340800527534771200e+16
8.239148960771121892e+02 1.341004644621878400e+16
8.242484648609491842e+02 1.341209412984147200e+16
8.245820336447860655e+02 1.341414831665278600e+16
8.249156024286228330e+02 1.341620899707818400e+16
8.252491712124598280e+02 1.341827616153226400e+16
8.255827399962967093e+02 1.342034980041929600e+16
8.259163087801335905e+02 1.342242990413397600e+16
8.262498775639704718e+02 1.342451646306199400e+16
8.265834463478073530e+02 1.342660946758075600e+16
8.269170151316442343e+02 1.342870890805997600e+16
8.272505839154811156e+02 1.343081477486239600e+16
8.275841526993181105e+02 1.343292705834440000e+16
8.279177214831548781e+02 1.343504574885674600e+16
8.282512902669917594e+02 1.343717083674517400e+16
8.285848590508287543e+02 1.343930231235114000e+16
8.289184278346655219e+02 1.344144016601248000e+16
8.292519966185025169e+02 1.344358438806409200e+16
8.295855654023393981e+02 1.344573496883861000e+16
8.299191341861761657e+02 1.344789189866718400e+16
8.302527029700131607e+02 1.345005516788006800e+16
8.305862717538499282e+02 1.345222476680740200e+16
8.309198405376869232e+02 1.345440068577989600e+16
8.312534093215238045e+02 1.345658291512952800e+16
8.315869781053605720e+02 1.345877144519030000e+16
8.319205468891975670e+02 1.346096626629893600e+16
8.322541156730344483e+02 1.346316736879557600e+16
8.325876844568712158e+02 1.346537474302456800e+16
8.329212532407082108e+02 1.346758837933516800e+16
8.332548220245450921e+02 1.346980826808224000e+16
8.335883908083819733e+02 1.347203439962708800e+16
8.339219595922188546e+02 1.347426676433809200e+16
8.342555283760557359e+02 1.347650535259154800e+16
8.345890971598926171e+02 1.347875015477236000e+16
8.349226659437294984e+02 1.348100116127481200e+16
8.352562347275664933e+02 1.348325836250334200e+16
8.355898035114032609e+02 1.348552174887328800e+16
8.359233722952401422e+02 1.348779131081163600e+16
8.362569410790771371e+02 1.349006703875786000e+16
8.365905098629139047e+02 1.349234892316458000e+16
8.369240786467508997e+02 1.349463695449845200e+16
8.372576474305877809e+02 1.349693112324086400e+16
8.375912162144245485e+02 1.349923141988877200e+16
8.379247849982615435e+02 1.350153783495546000e+16
8.382583537820984247e+02 1.350385035897132800e+16
8.385919225659353060e+02 1.350616898248469200e+16
8.389254913497721873e+02 1.350849369606257400e+16
8.392590601336089549e+02 1.351082449029150800e+16
8.395926289174459498e+02 1.351316135577833600e+16
8.399261977012828311e+02 1.351550428315098800e+16
8.402597664851198260e+02 1.351785326305934800e+16
8.405933352689565936e+02 1.352020828617599600e+16
8.409269040527934749e+02 1.352256934319706000e+16
8.412604728366304698e+02 1.352493642484304600e+16
8.415940416204672374e+02 1.352730952185958200e+16
8.419276104043042324e+02 1.352968862501834400e+16
8.422611791881409999e+02 1.353207372511776400e+16
8.425947479719778812e+02 1.353446481298396800e+16
8.429283167558148762e+02 1.353686187947152800e+16
8.432618855396516437e+02 1.353926491546430000e+16
8.435954543234886387e+02 1.354167391187629200e+16
8.439290231073255200e+02 1.354408885965245600e+16
8.442625918911622875e+02 1.354650974976955200e+16
8.445961606749992825e+02 1.354893657323700400e+16
8.449297294588361638e+02 1.355136932109767200e+16
8.452632982426730450e+02 1.355380798442878800e+16
8.455968670265099263e+02 1.355625255434271000e+16
8.459304358103468076e+02 1.355870302198784000e+16
8.462640045941836888e+02 1.356115937854944200e+16
8.465975733780205701e+02 1.356362161525048000e+16
8.469311421618575650e+02 1.356608972335249000e+16
8.472647109456943326e+02 1.356856369415644800e+16
8.475982797295312139e+02 1.357104351900357800e+16
8.479318485133682088e+02 1.357352918927624800e+16
8.482654172972049764e+02 1.357602069639882400e+16
8.485989860810419714e+02 1.357851803183850600e+16
8.489325548648788526e+02 1.358102118710622400e+16
8.492661236487156202e+02 1.358353015375745800e+16
8.495996924325526152e+02 1.358604492339315600e+16
8.499332612163894964e+02 1.358856548766053200e+16
8.502668300002263777e+02 1.359109183825399200e+16
8.506003987840632590e+02 1.359362396691594000e+16
8.509339675679000266e+02 1.359616186543773000e+16
8.512675363517370215e+02 1.359870552566043600e+16
8.516011051355739028e+02 1.360125493947579200e+16
8.519346739194108977e+02 1.360381009882702800e+16
8.522682427032476653e+02 1.360637099570974000e+16
8.526018114870845466e+02 1.360893762217278000e+16
8.529353802709214278e+02 1.361150997031913000e+16
8.532689490547583091e+02 1.361408803230671200e+16
8.536025178385953041e+02 1.361667180034936000e+16
8.539360866224320716e+02 1.361926126671757000e+16
8.542696554062689529e+02 1.362185642373952200e+16
8.546032241901059479e+02 1.362445726380179600e+16
8.549367929739427154e+02 1.362706377935035200e+16
8.552703617577797104e+02 1.362967596289134800e+16
8.556039305416165917e+02 1.363229380699203800e+16
8.559374993254533592e+02 1.363491730428162600e+16
8.562710681092903542e+02 1.363754644745216600e+16
8.566046368931272355e+02 1.364018122925936600e+16
8.569382056769641167e+02 1.364282164252354800e+16
8.572717744608009980e+02 1.364546768013044200e+16
8.576053432446378793e+02 1.364811933503208800e+16
8.579389120284747605e+02 1.365077660024770800e+16
8.582724808123116418e+02 1.365343946886456400e+16
8.586060495961486367e+02 1.365610793403880400e+16
8.589396183799854043e+02 1.365878198899637400e+16
8.592731871638222856e+02 1.366146162703383800e+16
8.596067559476592805e+02 1.366414684151925600e+16
8.599403247314960481e+02 1.366683762589305600e+16
8.602738935153330431e+02 1.366953397366888000e+16
8.606074622991699243e+02 1.367223587843444600e+16
8.609410310830066919e+02 1.367494333385240600e+16
8.612745998668436869e+02 1.367765633366123200e+16
8.616081686506805681e+02 1.368037487167596600e+16
8.619417374345174494e+02 1.368309894178924600e+16
8.622753062183543307e+02 1.368582853797196400e+16
8.626088750021910982e+02 1.368856365427427600e+16
8.629424437860280932e+02 1.369130428482635200e+16
8.632760125698649745e+02 1.369405042383924000e+16
8.636095813537019694e+02 1.369680206560573400e+16
8.639431501375387370e+02 1.369955920450119200e+16
8.642767189213756183e+02 1.370232183498436800e+16
8.646102877052124995e+02 1.370508995159828200e+16
8.649438564890493808e+02 1.370786354897099600e+16
8.652774252728863758e+02 1.371064262181651000e+16
8.656109940567231433e+02 1.371342716493552000e+16
8.659445628405600246e+02 1.371621717321631600e+16
8.662781316243970196e+02 1.371901264163553600e+16
8.666117004082337871e+02 1.372181356525903400e+16
8.669452691920707821e+02 1.372461993924266400e+16
8.672788379759076633e+02 1.372743175883311800e+16
8.676124067597444309e+02 1.373024901936870400e+16
8.679459755435814259e+02 1.373307171628019600e+16
8.682795443274183071e+02 1.373589984509159200e+16
8.686131131112551884e+02 1.373873340142094600e+16
8.689466818950920697e+02 1.374157238098114800e+16
8.692802506789289509e+02 1.374441677958070000e+16
8.696138194627658322e+02 1.374726659312456800e+16
8.699473882466027135e+02 1.375012181761486400e+16
8.702809570304397084e+02 1.375298244915174600e+16
8.706145258142764760e+02 1.375584848393407200e+16
8.709480945981133573e+02 1.375871991826029600e+16
8.712816633819503522e+02 1.376159674852912600e+16
8.716152321657871198e+02 1.376447897124036400e+16
8.719488009496241148e+02 1.376736658299562000e+16
8.722823697334609960e+02 1.377025958049911200e+16
8.726159385172977636e+02 1.377315796055836200e+16
8.729495073011347586e+02 1.377606172008501000e+16
8.732830760849716398e+02 1.377897085609546800e+16
8.736166448688085211e+02 1.378188536571174800e+16
8.739502136526454024e+02 1.378480524616213600e+16
8.742837824364821699e+02 1.378773049478194200e+16
8.746173512203191649e+02 1.379066110901421000e+16
8.749509200041560462e+02 1.379359708641044400e+16
8.752844887879930411e+02 1.379653842463132400e+16
8.756180575718298087e+02 1.379948512144739800e+16
8.759516263556666900e+02 1.380243717473979200e+16
8.762851951395035712e+02 1.380539458250092400e+16
8.766187639233404525e+02 1.380835734283515000e+16
8.769523327071773338e+02 1.381132545395948000e+16
8.772859014910142150e+02 1.381429891420427200e+16
8.776194702748510963e+02 1.381727772201387600e+16
8.779530390586880912e+02 1.382026187594729200e+16
8.782866078425248588e+02 1.382325137467888400e+16
8.786201766263617401e+02 1.382624621699898400e+16
8.789537454101987350e+02 1.382924640181456000e+16
8.792873141940355026e+02 1.383225192814986800e+16
8.796208829778724976e+02 1.383526279514706800e+16
8.799544517617093788e+02 1.383827900206689200e+16
8.802880205455461464e+02 1.384130054828922000e+16
8.806215893293831414e+02 1.384432743331374000e+16
8.809551581132200226e+02 1.384735965676053000e+16
8.812887268970569039e+02 1.385039721837070400e+16
8.816222956808937852e+02 1.385344011800692600e+16
8.819558644647306664e+02 1.385648835565412000e+16
8.822894332485675477e+02 1.385954193141995200e+16
8.826230020324044290e+02 1.386260084553546400e+16
8.829565708162414239e+02 1.386566509835562000e+16
8.832901396000781915e+02 1.386873469035988200e+16
8.836237083839150728e+02 1.387180962215275800e+16
8.839572771677520677e+02 1.387488989446438800e+16
8.842908459515888353e+02 1.387797550815098800e+16
8.846244147354258303e+02 1.388106646419551800e+16
8.849579835192627115e+02 1.388416276370809600e+16
8.852915523030994791e+02 1.388726440792659200e+16
8.856251210869364741e+02 1.389037139821709600e+16
8.859586898707732416e+02 1.389348373607444000e+16
8.862922586546102366e+02 1.389660142312270000e+16
8.866258274384471179e+02 1.389972446111567600e+16
8.869593962222838854e+02 1.390285285193737000e+16
8.872929650061208804e+02 1.390598659760246800e+16
8.876265337899577617e+02 1.390912570025680000e+16
8.879601025737946429e+02 1.391227016217780800e+16
8.882936713576315242e+02 1.391541998577496800e+16
8.886272401414684055e+02 1.391857517359027200e+16
8.889608089253052867e+02 1.392173572829863200e+16
8.892943777091421680e+02 1.392490165270829200e+16
8.896279464929791629e+02 1.392807294976129400e+16
8.899615152768159305e+02 1.393124962253382200e+16
8.902950840606528118e+02 1.393443167423666000e+16
8.906286528444898067e+02 1.393761910821554600e+16
8.909622216283265743e+02 1.394081192795157600e+16
8.912957904121635693e+02 1.394401013706154800e+16
8.916293591960004505e+02 1.394721373929836800e+16
8.919629279798372181e+02 1.395042273855135600e+16
8.922964967636742131e+02 1.395363713884665800e+16
8.926300655475110943e+02 1.395685694434750400e+16
8.929636343313479756e+02 1.396008215935463200e+16
8.932972031151848569e+02 1.396331278830650800e+16
8.936307718990217381e+02 1.396654883577971800e+16
8.939643406828586194e+02 1.396979030648924800e+16
8.942979094666955007e+02 1.397303720528873000e+16
8.946314782505324956e+02 1.397628953717081400e+16
8.949650470343692632e+02 1.397954730726736000e+16
8.952986158182061445e+02 1.398281052084975600e+16
8.956321846020431394e+02 1.398607918332914400e+16
8.959657533858799070e+02 1.398935330025670200e+16
8.962993221697169020e+02 1.399263287732383800e+16
8.966328909535537832e+02 1.399591792036246800e+16
8.969664597373905508e+02 1.399920843534516000e+16
8.973000285212275458e+02 1.400250442838545800e+16
8.976335973050643133e+02 1.400580590573794600e+16
8.979671660889013083e+02 1.400911287379856800e+16
8.983007348727381896e+02 1.401242533910470600e+16
8.986343036565749571e+02 1.401574330833541200e+16
8.989678724404119521e+02 1.401906678831155800e+16
8.993014412242488334e+02 1.402239578599595000e+16
8.996350100080857146e+02 1.402573030849353000e+16
8.999685787919225959e+02 1.402907036305146200e+16
9.003021475757594771e+02 1.403241595705926800e+16
9.006357163595963584e+02 1.403576709804896600e+16
9.009692851434332397e+02 1.403912379369510400e+16
9.013028539272702346e+02 1.404248605181496200e+16
9.016364227111070022e+02 1.404585388036849800e+16
9.019699914949438835e+02 1.404922728745853600e+16
9.023035602787808784e+02 1.405260628133078000e+16
9.026371290626176460e+02 1.405599087037385800e+16
9.029706978464546410e+02 1.405938106311938600e+16
9.033042666302915222e+02 1.406277686824200000e+16
9.036378354141282898e+02 1.406617829455934400e+16
9.039714041979652848e+02 1.406958535103215400e+16
9.043049729818021660e+02 1.407299804676415600e+16
9.046385417656390473e+02 1.407641639100217400e+16
9.049721105494759286e+02 1.407984039313600000e+16
9.053056793333128098e+02 1.408327006269846800e+16
9.056392481171496911e+02 1.408670540936533600e+16
9.059728169009865724e+02 1.409014644295528400e+16
9.063063856848235673e+02 1.409359317342982800e+16
9.066399544686603349e+02 1.409704561089326400e+16
9.069735232524972162e+02 1.410050376559259400e+16
9.073070920363342111e+02 1.410396764791741000e+16
9.076406608201709787e+02 1.410743726839983600e+16
9.079742296040079736e+02 1.411091263771437200e+16
9.083077983878448549e+02 1.411439376667779800e+16
9.086413671716816225e+02 1.411788066624905400e+16
9.089749359555186174e+02 1.412137334752906600e+16
9.093085047393553850e+02 1.412487182176061200e+16
9.096420735231923800e+02 1.412837610032819000e+16
9.099756423070292612e+02 1.413188619475776200e+16
9.103092110908660288e+02 1.413540211671667400e+16
9.106427798747030238e+02 1.413892387801338400e+16
9.109763486585399050e+02 1.414245149059731200e+16
9.113099174423767863e+02 1.414598496655857600e+16
9.116434862262136676e+02 1.414952431812780800e+16
9.119770550100505488e+02 1.415306955767591200e+16
9.123106237938874301e+02 1.415662069771381800e+16
9.126441925777243114e+02 1.416017775089218800e+16
9.129777613615613063e+02 1.416374073000123200e+16
9.133113301453980739e+02 1.416730964797034800e+16
9.136448989292349552e+02 1.417088451786790600e+16
9.139784677130719501e+02 1.417446535290090400e+16
9.143120364969087177e+02 1.417805216641467000e+16
9.146456052807457127e+02 1.418164497189256800e+16
9.149791740645825939e+02 1.418524378295564000e+16
9.153127428484193615e+02 1.418884861336231600e+16
9.156463116322563565e+02 1.419245947700801200e+16
9.159798804160932377e+02 1.419607638792478400e+16
9.163134491999301190e+02 1.419969936028101200e+16
9.166470179837670003e+02 1.420332840838095200e+16
9.169805867676038815e+02 1.420696354666438600e+16
9.173141555514407628e+02 1.421060478970622800e+16
9.176477243352776441e+02 1.421425215221609600e+16
9.179812931191144116e+02 1.421790564903790000e+16
9.183148619029514066e+02 1.422156529514943000e+16
9.186484306867882879e+02 1.422523110566188400e+16
9.189819994706252828e+02 1.422890309581946400e+16
9.193155682544620504e+02 1.423258128099887200e+16
9.196491370382989317e+02 1.423626567670887000e+16
9.199827058221359266e+02 1.423995629858980000e+16
9.203162746059726942e+02 1.424365316241308000e+16
9.206498433898096891e+02 1.424735628408074600e+16
9.209834121736464567e+02 1.425106567962485800e+16
9.213169809574833380e+02 1.425478136520709600e+16
9.216505497413203329e+02 1.425850335711814000e+16
9.219841185251571005e+02 1.426223167177718000e+16
9.223176873089940955e+02 1.426596632573135600e+16
9.226512560928309767e+02 1.426970733565520200e+16
9.229848248766677443e+02 1.427345471835007000e+16
9.233183936605047393e+02 1.427720849074357200e+16
9.236519624443416205e+02 1.428096866988898200e+16
9.239855312281785018e+02 1.428473527296465400e+16
9.243191000120153831e+02 1.428850831727338000e+16
9.246526687958522643e+02 1.429228782024182800e+16
9.249862375796891456e+02 1.429607379941989200e+16
9.253198063635260269e+02 1.429986627248003400e+16
9.256533751473630218e+02 1.430366525721670000e+16
9.259869439311997894e+02 1.430747077154560000e+16
9.263205127150366707e+02 1.431128283350311000e+16
9.266540814988736656e+02 1.431510146124556200e+16
9.269876502827104332e+02 1.431892667304857200e+16
9.273212190665474282e+02 1.432275848730635200e+16
9.276547878503843094e+02 1.432659692253102000e+16
9.279883566342210770e+02 1.433044199735187000e+16
9.283219254180580720e+02 1.433429373051471200e+16
9.286554942018949532e+02 1.433815214088104800e+16
9.289890629857318345e+02 1.434201724742744800e+16
9.293226317695687158e+02 1.434588906924472200e+16
9.296562005534054833e+02 1.434976762553722800e+16
9.299897693372424783e+02 1.435365293562204800e+16
9.303233381210793596e+02 1.435754501892829600e+16
9.306569069049163545e+02 1.436144389499625800e+16
9.309904756887531221e+02 1.436534958347666800e+16
9.313240444725900034e+02 1.436926210412988000e+16
9.316576132564269983e+02 1.437318147682510200e+16
9.319911820402637659e+02 1.437710772153949000e+16
9.323247508241007608e+02 1.438104085835744600e+16
9.326583196079375284e+02 1.438498090746970000e+16
9.329918883917744097e+02 1.438892788917253600e+16
9.333254571756114046e+02 1.439288182386688000e+16
9.336590259594481722e+02 1.439684273205749800e+16
9.339925947432851672e+02 1.440081063435210800e+16
9.343261635271220484e+02 1.440478555146050200e+16
9.346597323109588160e+02 1.440876750419370400e+16
9.349933010947958110e+02 1.441275651346303400e+16
9.353268698786326922e+02 1.441675260027924400e+16
9.356604386624695735e+02 1.442075578575161600e+16
9.359940074463064548e+02 1.442476609108700400e+16
9.363275762301433360e+02 1.442878353758899400e+16
9.366611450139802173e+02 1.443280814665692400e+16
9.369947137978170986e+02 1.443683993978492200e+16
9.373282825816540935e+02 1.444087893856105600e+16
9.376618513654908611e+02 1.444492516466628600e+16
9.379954201493277424e+02 1.444897863987356600e+16
9.383289889331647373e+02 1.445303938604684800e+16
9.386625577170015049e+02 1.445710742514014600e+16
9.389961265008384999e+02 1.446118277919650000e+16
9.393296952846753811e+02 1.446526547034704400e+16
9.396632640685121487e+02 1.446935552080996000e+16
9.399968328523491436e+02 1.447345295288954400e+16
9.403304016361860249e+02 1.447755778897510000e+16
9.406639704200229062e+02 1.448167005154002800e+16
9.409975392038597874e+02 1.448578976314071400e+16
9.413311079876965550e+02 1.448991694641556000e+16
9.416646767715335500e+02 1.449405162408389600e+16
9.419982455553704312e+02 1.449819381894498000e+16
9.423318143392074262e+02 1.450234355387692800e+16
9.426653831230441938e+02 1.450650085183563200e+16
9.429989519068810750e+02 1.451066573585374000e+16
9.433325206907179563e+02 1.451483822903954400e+16
9.436660894745548376e+02 1.451901835457593600e+16
9.439996582583918325e+02 1.452320613571928400e+16
9.443332270422286001e+02 1.452740159579837600e+16
9.446667958260654814e+02 1.453160475821330000e+16
9.450003646099024763e+02 1.453581564643435400e+16
9.453339333937392439e+02 1.454003428400090800e+16
9.456675021775762389e+02 1.454426069452032800e+16
9.460010709614131201e+02 1.454849490166681200e+16
9.463346397452498877e+02 1.455273692918029600e+16
9.466682085290868827e+02 1.455698680086528600e+16
9.470017773129237639e+02 1.456124454058972000e+16
9.473353460967606452e+02 1.456551017228385200e+16
9.476689148805975265e+02 1.456978371993906800e+16
9.480024836644344077e+02 1.457406520760671800e+16
9.483360524482712890e+02 1.457835465939698400e+16
9.486696212321081703e+02 1.458265209947766800e+16
9.490031900159451652e+02 1.458695755207307200e+16
9.493367587997819328e+02 1.459127104146271600e+16
9.496703275836188141e+02 1.459559259198028200e+16
9.500038963674558090e+02 1.459992222801229000e+16
9.503374651512925766e+02 1.460425997399698400e+16
9.506710339351295715e+02 1.460860585442309200e+16
9.510046027189664528e+02 1.461295989382860800e+16
9.513381715028032204e+02 1.461732211679960600e+16
9.516717402866402153e+02 1.462169254796898600e+16
9.520053090704770966e+02 1.462607121201526000e+16
9.523388778543139779e+02 1.463045813366132800e+16
9.526724466381508591e+02 1.463485333767321200e+16
9.530060154219876267e+02 1.463925684885884000e+16
9.533395842058246217e+02 1.464366869206680600e+16
9.536731529896615029e+02 1.464808889218507200e+16
9.540067217734984979e+02 1.465251747413975600e+16
9.543402905573352655e+02 1.465695446289383600e+16
9.546738593411721467e+02 1.466139988344590800e+16
9.550074281250090280e+02 1.466585376082887000e+16
9.553409969088459093e+02 1.467031612010872600e+16
9.556745656926829042e+02 1.467478698638319600e+16
9.560081344765196718e+02 1.467926638478051000e+16
9.563417032603565531e+02 1.468375434045807800e+16
9.566752720441935480e+02 1.468825087860122800e+16
9.570088408280303156e+02 1.469275602442183600e+16
9.573424096118673106e+02 1.469726980315710400e+16
9.576759783957041918e+02 1.470179224006816400e+16
9.580095471795409594e+02 1.470632336043884600e+16
9.583431159633779544e+02 1.471086318957430400e+16
9.586766847472148356e+02 1.471541175279968600e+16
9.590102535310517169e+02 1.471996907545885200e+16
9.593438223148885982e+02 1.472453518291300000e+16
9.596773910987254794e+02 1.472911010053933200e+16
9.600109598825623607e+02 1.473369385372975200e+16
9.603445286663992420e+02 1.473828646788944600e+16
9.606780974502362369e+02 1.474288796843562000e+16
9.610116662340730045e+02 1.474749838079606000e+16
9.613452350179098858e+02 1.475211773040783800e+16
9.616788038017468807e+02 1.475674604271593400e+16
9.620123725855836483e+02 1.476138334317182800e+16
9.623459413694205296e+02 1.476602965723218600e+16
9.626795101532575245e+02 1.477068501035744600e+16
9.630130789370942921e+02 1.477534942801046600e+16
9.633466477209312870e+02 1.478002293565512400e+16
9.636802165047681683e+02 1.478470555875491800e+16
9.640137852886049359e+02 1.478939732277162000e+16
9.643473540724419308e+02 1.479409825316384800e+16
9.646809228562786984e+02 1.479880837538564000e+16
9.650144916401156934e+02 1.480352771488514000e+16
9.653480604239525746e+02 1.480825629710308800e+16
9.656816292077893422e+02 1.481299414747148400e+16
9.660151979916263372e+02 1.481774129141213200e+16
9.663487667754632184e+02 1.482249775433527200e+16
9.666823355593000997e+02 1.482726356163808000e+16
9.670159043431369810e+02 1.483203873870332400e+16
9.673494731269738622e+02 1.483682331089787800e+16
9.676830419108107435e+02 1.484161730357134400e+16
9.680166106946476248e+02 1.484642074205455000e+16
9.683501794784846197e+02 1.485123365165815200e+16
9.686837482623213873e+02 1.485605605767119000e+16
9.690173170461582686e+02 1.486088798535965000e+16
9.693508858299952635e+02 1.486572945996497400e+16
9.696844546138320311e+02 1.487058050670264000e+16
9.700180233976690261e+02 1.487544115076069600e+16
9.703515921815059073e+02 1.488031141729829800e+16
9.706851609653426749e+02 1.488519133144424800e+16
9.710187297491796699e+02 1.489008091829551600e+16
9.713522985330165511e+02 1.489498020291577800e+16
9.716858673168534324e+02 1.489988921033395200e+16
9.720194361006903137e+02 1.490480796554269600e+16
9.723530048845271949e+02 1.490973649349692800e+16
9.726865736683640762e+02 1.491467481911237600e+16
9.730201424522009575e+02 1.491962296726402400e+16
9.733537112360379524e+02 1.492458096278470000e+16
9.736872800198747200e+02 1.492954883046350000e+16
9.740208488037116012e+02 1.493452659504435000e+16
9.743544175875485962e+02 1.493951428122447200e+16
9.746879863713853638e+02 1.494451191365288200e+16
9.750215551552223587e+02 1.494951951692889400e+16
9.753551239390592400e+02 1.495453711560057800e+16
9.756886927228960076e+02 1.495956473416326600e+16
9.760222615067330025e+02 1.496460239705805600e+16
9.763558302905697701e+02 1.496965012867020200e+16
9.766893990744067651e+02 1.497470795332771600e+16
9.770229678582436463e+02 1.497977589529968400e+16
9.773565366420804139e+02 1.498485397879487600e+16
9.776901054259174089e+02 1.498994222796012600e+16
9.780236742097542901e+02 1.499504066687880000e+16
9.783572429935911714e+02 1.500014931956927000e+16
9.786908117774280527e+02 1.500526820998335200e+16
9.790243805612649339e+02 1.501039736200476400e+16
9.793579493451018152e+02 1.501553679944755600e+16
9.796915181289386965e+02 1.502068654605456800e+16
9.800250869127756914e+02 1.502584662549587200e+16
9.803586556966124590e+02 1.503101706136715600e+16
9.806922244804493403e+02 1.503619787718821800e+16
9.810257932642863352e+02 1.504138909640137200e+16
9.813593620481231028e+02 1.504659074236984000e+16
9.816929308319600977e+02 1.505180283837622000e+16
9.820264996157969790e+02 1.505702540762085400e+16
9.823600683996337466e+02 1.506225847322027600e+16
9.826936371834707415e+02 1.506750205820561400e+16
9.830272059673076228e+02 1.507275618552095600e+16
9.833607747511445041e+02 1.507802087802181600e+16
9.836943435349813853e+02 1.508329615847347400e+16
9.840279123188182666e+02 1.508858204954938600e+16
9.843614811026551479e+02 1.509387857382960000e+16
9.846950498864920291e+02 1.509918575379909000e+16
9.850286186703290241e+02 1.510450361184618000e+16
9.853621874541657917e+02 1.510983217026089600e+16
9.856957562380026729e+02 1.511517145123336600e+16
9.860293250218396679e+02 1.512052147685214200e+16
9.863628938056764355e+02 1.512588226910262000e+16
9.866964625895134304e+02 1.513125384986536000e+16
9.870300313733503117e+02 1.513663624091446000e+16
9.873636001571870793e+02 1.514202946391590200e+16
9.876971689410240742e+02 1.514743354042592000e+16
9.880307377248608418e+02 1.515284849188929800e+16
9.883643065086978368e+02 1.515827433963779000e+16
9.886978752925347180e+02 1.516371110488833000e+16
9.890314440763714856e+02 1.516915880874151600e+16
9.893650128602084806e+02 1.517461747217981200e+16
9.896985816440453618e+02 1.518008711606592200e+16
9.900321504278822431e+02 1.518556776114112200e+16
9.903657192117191244e+02 1.519105942802353600e+16
9.906992879955560056e+02 1.519656213720647400e+16
9.910328567793928869e+02 1.520207590905672400e+16
9.913664255632297682e+02 1.520760076381284400e+16
9.916999943470667631e+02 1.521313672158347800e+16
9.920335631309035307e+02 1.521868380234562200e+16
9.923671319147404120e+02 1.522424202594294200e+16
9.927007006985774069e+02 1.522981141208401800e+16
9.930342694824141745e+02 1.523539198034062800e+16
9.933678382662511694e+02 1.524098375014604800e+16
9.937014070500880507e+02 1.524658674079327200e+16
9.940349758339248183e+02 1.525220097143332200e+16
9.943685446177618132e+02 1.525782646107346400e+16
9.947021134015986945e+02 1.526346322857547200e+16
9.950356821854355758e+02 1.526911129265388600e+16
9.953692509692724570e+02 1.527477067187422000e+16
9.957028197531093383e+02 1.528044138465123600e+16
9.960363885369462196e+02 1.528612344924716600e+16
9.963699573207831008e+02 1.529181688376987800e+16
9.967035261046200958e+02 1.529752170617119600e+16
9.970370948884568634e+02 1.530323793424503400e+16
9.973706636722937446e+02 1.530896558562562800e+16
9.977042324561307396e+02 1.531470467778573800e+16
9.980378012399675072e+02 1.532045522803485400e+16
9.983713700238045021e+02 1.532621725351737200e+16
9.987049388076413834e+02 1.533199077121078200e+16
9.990385075914781510e+02 1.533777579792386800e+16
9.993720763753151459e+02 1.534357235029482800e+16
9.997056451591519135e+02 1.534938044478950800e+16
1.000039213942988908e+03 1.535520009769952200e+16
1.000372782726825790e+03 1.536103132514041200e+16
1.000706351510662557e+03 1.536687414304978800e+16
1.001039920294499552e+03 1.537272856718552600e+16
1.001373489078336434e+03 1.537859461312380600e+16
1.001707057862173315e+03 1.538447229625734800e+16
1.002040626646010196e+03 1.539036163179344800e+16
1.002374195429847077e+03 1.539626263475215600e+16
1.002707764213683959e+03 1.540217531996435800e+16
1.003041332997520840e+03 1.540809970206988600e+16
1.003374901781357721e+03 1.541403579551559200e+16
1.003708470565194602e+03 1.541998361455352000e+16
1.004042039349031484e+03 1.542594317323885400e+16
1.004375608132868479e+03 1.543191448542814800e+16
1.004709176916705246e+03 1.543789756477726000e+16
1.005042745700542127e+03 1.544389242473951400e+16
1.005376314484379122e+03 1.544989907856370800e+16
1.005709883268215890e+03 1.545591753929216600e+16
1.006043452052052885e+03 1.546194781975879200e+16
1.006377020835889766e+03 1.546798993258711000e+16
1.006710589619726534e+03 1.547404389018825400e+16
1.007044158403563529e+03 1.548010970475905800e+16
1.007377727187400410e+03 1.548618738827998200e+16
1.007711295971237291e+03 1.549227695251318800e+16
1.008044864755074173e+03 1.549837840900049200e+16
1.008378433538910940e+03 1.550449176906138200e+16
1.008712002322747935e+03 1.551061704379100800e+16
1.009045571106584816e+03 1.551675424405810400e+16
1.009379139890421811e+03 1.552290338050300400e+16
1.009712708674258579e+03 1.552906446353559800e+16
1.010046277458095460e+03 1.553523750333324400e+16
1.010379846241932455e+03 1.554142250983876200e+16
1.010713415025769223e+03 1.554761949275832200e+16
1.011046983809606218e+03 1.555382846155941200e+16
1.011380552593442985e+03 1.556004942546872600e+16
1.011714121377279866e+03 1.556628239347007600e+16
1.012047690161116861e+03 1.557252737430231800e+16
1.012381258944953629e+03 1.557878437645720800e+16
1.012714827728790624e+03 1.558505340817732400e+16
1.013048396512627505e+03 1.559133447745392200e+16
1.013381965296464273e+03 1.559762759202479400e+16
1.013715534080301268e+03 1.560393275937215600e+16
1.014049102864138149e+03 1.561024998672047200e+16
1.014382671647975030e+03 1.561657928103430400e+16
1.014716240431811912e+03 1.562292064901613400e+16
1.015049809215648793e+03 1.562927409710422200e+16
1.015383377999485674e+03 1.563563963147038200e+16
1.015716946783322555e+03 1.564201725801779000e+16
1.016050515567159550e+03 1.564840698237883200e+16
1.016384084350996318e+03 1.565480880991279600e+16
1.016717653134833199e+03 1.566122274570374400e+16
1.017051221918670194e+03 1.566764879455824000e+16
1.017384790702506962e+03 1.567408696100309000e+16
1.017718359486343957e+03 1.568053724928312400e+16
1.018051928270180838e+03 1.568699966335893000e+16
1.018385497054017605e+03 1.569347420690457800e+16
1.018719065837854600e+03 1.569996088330534000e+16
1.019052634621691482e+03 1.570645969565540800e+16
1.019386203405528363e+03 1.571297064675558800e+16
1.019719772189365244e+03 1.571949373911101600e+16
1.020053340973202012e+03 1.572602897492879600e+16
1.020386909757039007e+03 1.573257635611572400e+16
1.020720478540875888e+03 1.573913588427590600e+16
1.021054047324712883e+03 1.574570756070845800e+16
1.021387616108549651e+03 1.575229138640509200e+16
1.021721184892386532e+03 1.575888736204780000e+16
1.022054753676223527e+03 1.576549548800646400e+16
1.022388322460060294e+03 1.577211576433643800e+16
1.022721891243897289e+03 1.577874819077620200e+16
1.023055460027734057e+03 1.578539276674490000e+16
1.023389028811570938e+03 1.579204949133996600e+16
1.023722597595407933e+03 1.579871836333470600e+16
1.024056166379244814e+03 1.580539938117578400e+16
1.024389735163081696e+03 1.581209254298087000e+16
1.024723303946918577e+03 1.581879784653609600e+16
1.025056872730755458e+03 1.582551528929367200e+16
1.025390441514592339e+03 1.583224486836934200e+16
1.025724010298429221e+03 1.583898658053989000e+16
1.026057579082266102e+03 1.584574042224071600e+16
1.026391147866102983e+03 1.585250638956323600e+16
1.026724716649939865e+03 1.585928447825240400e+16
1.027058285433776746e+03 1.586607468370418800e+16
1.027391854217613627e+03 1.587287700096301200e+16
1.027725423001450508e+03 1.587969142471919200e+16
1.028058991785287390e+03 1.588651794930641000e+16
1.028392560569124271e+03 1.589335656869908800e+16
1.028726129352961152e+03 1.590020727650988000e+16
1.029059698136798033e+03 1.590707006598697600e+16
1.029393266920634915e+03 1.591394493001158600e+16
1.029726835704471796e+03 1.592083186109527000e+16
1.030060404488308677e+03 1.592773085137735200e+16
1.030393973272145558e+03 1.593464189262223600e+16
1.030727542055982440e+03 1.594156497621678400e+16
1.031061110839819548e+03 1.594850009316767000e+16
1.031394679623656202e+03 1.595544723409869400e+16
1.031728248407493084e+03 1.596240638924808400e+16
1.032061817191330192e+03 1.596937754846585600e+16
1.032395385975166846e+03 1.597636070121104800e+16
1.032728954759003955e+03 1.598335583654907800e+16
1.033062523542840836e+03 1.599036294314895200e+16
1.033396092326677490e+03 1.599738200928059600e+16
1.033729661110514598e+03 1.600441302281207000e+16
1.034063229894351480e+03 1.601145597120682800e+16
1.034396798678188361e+03 1.601851084152095200e+16
1.034730367462025242e+03 1.602557762040039600e+16
1.035063936245862124e+03 1.603265629407814400e+16
1.035397505029699005e+03 1.603974684837151200e+16
1.035731073813535886e+03 1.604684926867921200e+16
1.036064642597372767e+03 1.605396353997870800e+16
1.036398211381209649e+03 1.606108964682320000e+16
1.036731780165046530e+03 1.606822757333893200e+16
1.037065348948883411e+03 1.607537730322228800e+16
1.037398917732720292e+03 1.608253881973693200e+16
1.037732486516557174e+03 1.608971210571096000e+16
1.038066055300394055e+03 1.609689714353400600e+16
1.038399624084230936e+03 1.610409391515440200e+16
1.038733192868067817e+03 1.611130240207620000e+16
1.039066761651904699e+03 1.611852258535634400e+16
1.039400330435741580e+03 1.612575444560172400e+16
1.039733899219578461e+03 1.613299796296624800e+16
1.040067468003415343e+03 1.614025311714791200e+16
1.040401036787252224e+03 1.614751988738588400e+16
1.040734605571089105e+03 1.615479825245747200e+16
1.041068174354925986e+03 1.616208819067529200e+16
1.041401743138762868e+03 1.616938967988414000e+16
1.041735311922599749e+03 1.617670269745817600e+16
1.042068880706436630e+03 1.618402722029780000e+16
1.042402449490273511e+03 1.619136322482674200e+16
1.042736018274110620e+03 1.619871068698899600e+16
1.043069587057947274e+03 1.620606958224586400e+16
1.043403155841784155e+03 1.621343988557287600e+16
1.043736724625621264e+03 1.622082157145682200e+16
1.044070293409457918e+03 1.622821461389264000e+16
1.044403862193295026e+03 1.623561898638045200e+16
1.044737430977131908e+03 1.624303466192241400e+16
1.045070999760968562e+03 1.625046161301976800e+16
1.045404568544805670e+03 1.625789981166965200e+16
1.045738137328642551e+03 1.626534922936211200e+16
1.046071706112479433e+03 1.627280983707699200e+16
1.046405274896316314e+03 1.628028160528082200e+16
1.046738843680153195e+03 1.628776450392374600e+16
1.047072412463990077e+03 1.629525850243638800e+16
1.047405981247826958e+03 1.630276356972679600e+16
1.047739550031663612e+03 1.631027967417726800e+16
1.048073118815500720e+03 1.631780678364125600e+16
1.048406687599337602e+03 1.632534486544021200e+16
1.048740256383174483e+03 1.633289388636050800e+16
1.049073825167011364e+03 1.634045381265022200e+16
1.049407393950848245e+03 1.634802461001606000e+16
1.049740962734685127e+03 1.635560624362016000e+16
1.050074531518522008e+03 1.636319867807694800e+16
1.050408100302358889e+03 1.637080187744999600e+16
1.050741669086195770e+03 1.637841580524883000e+16
1.051075237870032652e+03 1.638604042442576800e+16
1.051408806653869533e+03 1.639367569737280400e+16
1.051742375437706414e+03 1.640132158591830400e+16
1.052075944221543295e+03 1.640897805132398600e+16
1.052409513005380177e+03 1.641664505428156600e+16
1.052743081789217058e+03 1.642432255490976000e+16
1.053076650573053939e+03 1.643201051275095200e+16
1.053410219356890821e+03 1.643970888676803800e+16
1.053743788140727702e+03 1.644741763534128800e+16
1.054077356924564583e+03 1.645513671626509200e+16
1.054410925708401464e+03 1.646286608674479200e+16
1.054744494492238346e+03 1.647060570339347200e+16
1.055078063276075227e+03 1.647835552222879200e+16
1.055411632059912336e+03 1.648611549866975200e+16
1.055745200843748989e+03 1.649388558753354000e+16
1.056078769627585871e+03 1.650166574303228600e+16
1.056412338411422979e+03 1.650945591876989600e+16
1.056745907195259633e+03 1.651725606773886800e+16
1.057079475979096742e+03 1.652506614231705600e+16
1.057413044762933623e+03 1.653288609426452800e+16
1.057746613546770277e+03 1.654071587472035600e+16
1.058080182330607386e+03 1.654855543419940600e+16
1.058413751114444267e+03 1.655640472258919800e+16
1.058747319898281148e+03 1.656426368914668400e+16
1.059080888682118029e+03 1.657213228249512000e+16
1.059414457465954683e+03 1.658001045062081200e+16
1.059748026249791792e+03 1.658789814087006400e+16
1.060081595033628673e+03 1.659579529994588400e+16
1.060415163817465555e+03 1.660370187390495000e+16
1.060748732601302436e+03 1.661161780815434800e+16
1.061082301385139317e+03 1.661954304744851200e+16
1.061415870168976198e+03 1.662747753588602400e+16
1.061749438952813080e+03 1.663542121690653200e+16
1.062083007736649961e+03 1.664337403328758800e+16
1.062416576520486842e+03 1.665133592714152800e+16
1.062750145304323723e+03 1.665930683991240400e+16
1.063083714088160605e+03 1.666728671237286000e+16
1.063417282871997486e+03 1.667527548462102600e+16
1.063750851655834367e+03 1.668327309607748400e+16
1.064084420439671248e+03 1.669127948548212200e+16
1.064417989223508130e+03 1.669929459089118000e+16
1.064751558007345011e+03 1.670731834967413400e+16
1.065085126791181892e+03 1.671535069851068000e+16
1.065418695575018774e+03 1.672339157338769400e+16
1.065752264358855655e+03 1.673144090959626400e+16
1.066085833142692536e+03 1.673949864172867200e+16
1.066419401926529417e+03 1.674756470367539600e+16
1.066752970710366299e+03 1.675563902862220800e+16
1.067086539494203407e+03 1.676372154904715000e+16
1.067420108278040061e+03 1.677181219671766000e+16
1.067753677061876942e+03 1.677991090268761200e+16
1.068087245845714051e+03 1.678801759729446600e+16
1.068420814629550705e+03 1.679613221015631400e+16
1.068754383413387814e+03 1.680425467016914000e+16
1.069087952197224695e+03 1.681238490550381600e+16
1.069421520981061349e+03 1.682052284360343000e+16
1.069755089764898457e+03 1.682866841118040800e+16
1.070088658548735339e+03 1.683682153421373200e+16
1.070422227332572220e+03 1.684498213794620000e+16
1.070755796116409101e+03 1.685315014688169000e+16
1.071089364900245755e+03 1.686132548478245600e+16
1.071422933684082864e+03 1.686950807466641200e+16
1.071756502467919745e+03 1.687769783880449200e+16
1.072090071251756626e+03 1.688589469871800600e+16
1.072423640035593507e+03 1.689409857517600400e+16
1.072757208819430389e+03 1.690230938819274200e+16
1.073090777603267270e+03 1.691052705702509400e+16
1.073424346387104151e+03 1.691875150016998400e+16
1.073757915170941033e+03 1.692698263536196800e+16
1.074091483954777914e+03 1.693522037957070800e+16
1.074425052738614795e+03 1.694346464899853600e+16
1.074758621522451676e+03 1.695171535907806400e+16
1.075092190306288558e+03 1.695997242446980000e+16
1.075425759090125439e+03 1.696823575905978800e+16
1.075759327873962320e+03 1.697650527595733000e+16
1.076092896657799201e+03 1.698478088749270000e+16
1.076426465441636083e+03 1.699306250521488200e+16
1.076760034225472964e+03 1.700135003988940400e+16
1.077093603009309845e+03 1.700964340149614400e+16
1.077427171793146726e+03 1.701794249922721200e+16
1.077760740576983608e+03 1.702624724148487600e+16
1.078094309360820489e+03 1.703455753587947200e+16
1.078427878144657370e+03 1.704287328922744200e+16
1.078761446928494479e+03 1.705119440754933800e+16
1.079095015712331133e+03 1.705952079606789800e+16
1.079428584496168014e+03 1.706785235920618200e+16
1.079762153280005123e+03 1.707618900058572400e+16
1.080095722063841777e+03 1.708453062302471200e+16
1.080429290847678885e+03 1.709287712853630400e+16
1.080762859631515767e+03 1.710122841832687000e+16
1.081096428415352420e+03 1.710958439279433600e+16
1.081429997199189529e+03 1.711794495152665600e+16
1.081763565983026410e+03 1.712630999330017200e+16
1.082097134766863292e+03 1.713467941607813000e+16
1.082430703550700173e+03 1.714305311700927400e+16
1.082764272334536827e+03 1.715143099242640000e+16
1.083097841118373935e+03 1.715981293784502200e+16
1.083431409902210817e+03 1.716819884796207200e+16
1.083764978686047698e+03 1.717658861665468600e+16
1.084098547469884579e+03 1.718498213697900600e+16
1.084432116253721460e+03 1.719337930116905400e+16
1.084765685037558342e+03 1.720178000063569200e+16
1.085099253821395223e+03 1.721018412596556400e+16
1.085432822605232104e+03 1.721859156692023600e+16
1.085766391389068986e+03 1.722700221243521400e+16
1.086099960172905867e+03 1.723541595061920200e+16
1.086433528956742748e+03 1.724383266875328800e+16
1.086767097740579629e+03 1.725225225329030400e+16
1.087100666524416511e+03 1.726067458985416400e+16
1.087434235308253392e+03 1.726909956323928000e+16
1.087767804092090273e+03 1.727752705741012800e+16
1.088101372875927154e+03 1.728595695550078800e+16
1.088434941659764036e+03 1.729438913981454800e+16
1.088768510443600917e+03 1.730282349182373600e+16
1.089102079227437798e+03 1.731125989216937600e+16
1.089435648011274679e+03 1.731969822066112200e+16
1.089769216795111561e+03 1.732813835627716000e+16
1.090102785578948442e+03 1.733658017716426400e+16
1.090436354362785323e+03 1.734502356063779200e+16
1.090769923146622205e+03 1.735346838318195000e+16
1.091103491930459086e+03 1.736191452044994000e+16
1.091437060714296194e+03 1.737036184726436000e+16
1.091770629498132848e+03 1.737881023761753000e+16
1.092104198281969730e+03 1.738725956467202400e+16
1.092437767065806838e+03 1.739570970076120000e+16
1.092771335849643492e+03 1.740416051738986400e+16
1.093104904633480601e+03 1.741261188523498800e+16
1.093438473417317482e+03 1.742106367414654400e+16
1.093772042201154136e+03 1.742951575314838800e+16
1.094105610984991245e+03 1.743796799043927000e+16
1.094439179768827898e+03 1.744642025339387200e+16
1.094772748552665007e+03 1.745487240856405200e+16
1.095106317336501888e+03 1.746332432168002200e+16
1.095439886120338542e+03 1.747177585765175600e+16
1.095773454904175651e+03 1.748022688057041600e+16
1.096107023688012532e+03 1.748867725370987200e+16
1.096440592471849413e+03 1.749712683952842200e+16
1.096774161255686295e+03 1.750557549967036800e+16
1.097107730039523176e+03 1.751402309496802400e+16
1.097441298823360057e+03 1.752246948544350600e+16
1.097774867607196938e+03 1.753091453031083800e+16
1.098108436391033820e+03 1.753935808797803600e+16
1.098442005174870701e+03 1.754780001604937000e+16
1.098775573958707582e+03 1.755624017132765200e+16
1.099109142742544464e+03 1.756467840981674400e+16
1.099442711526381345e+03 1.757311458672402400e+16
1.099776280310218226e+03 1.758154855646308000e+16
1.100109849094055107e+03 1.758998017265643400e+16
1.100443417877891989e+03 1.759840928813842600e+16
1.100776986661728870e+03 1.760683575495818000e+16
1.101110555445565751e+03 1.761525942438267200e+16
1.101444124229402632e+03 1.762368014689993400e+16
1.101777693013239514e+03 1.763209777222233600e+16
1.102111261797076395e+03 1.764051214929002400e+16
1.102444830580913276e+03 1.764892312627445800e+16
1.102778399364750157e+03 1.765733055058202400e+16
1.103111968148587266e+03 1.766573426885780200e+16
1.103445536932423920e+03 1.767413412698946200e+16
1.103779105716260801e+03 1.768252997011123600e+16
1.104112674500097910e+03 1.769092164260806000e+16
1.104446243283934564e+03 1.769930898811976200e+16
1.104779812067771672e+03 1.770769184954544200e+16
1.105113380851608554e+03 1.771607006904793600e+16
1.105446949635445208e+03 1.772444348805843800e+16
1.105780518419282316e+03 1.773281194728116400e+16
1.106114087203118970e+03 1.774117528669824200e+16
1.106447655986956079e+03 1.774953334557465400e+16
1.106781224770792960e+03 1.775788596246333400e+16
1.107114793554629614e+03 1.776623297521038000e+16
1.107448362338466723e+03 1.777457422096042000e+16
1.107781931122303604e+03 1.778290953616204200e+16
1.108115499906140485e+03 1.779123875657343800e+16
1.108449068689977366e+03 1.779956171726811000e+16
1.108782637473814248e+03 1.780787825264074600e+16
1.109116206257651129e+03 1.781618819641314800e+16
1.109449775041488010e+03 1.782449138164046800e+16
1.109783343825324891e+03 1.783278764071736400e+16
1.110116912609161773e+03 1.784107680538441000e+16
1.110450481392998654e+03 1.784935870673464400e+16
1.110784050176835535e+03 1.785763317522017600e+16
1.111117618960672417e+03 1.786590004065900400e+16
1.111451187744509298e+03 1.787415913224195200e+16
1.111784756528346179e+03 1.788241027853966000e+16
1.112118325312183060e+03 1.789065330750985400e+16
1.112451894096019942e+03 1.789888804650463000e+16
1.112785462879856823e+03 1.790711432227792600e+16
1.113119031663693704e+03 1.791533196099313000e+16
1.113452600447530585e+03 1.792354078823084000e+16
1.113786169231367467e+03 1.793174062899669600e+16
1.114119738015204348e+03 1.793993130772944000e+16
1.114453306799041229e+03 1.794811264830905400e+16
1.114786875582878338e+03 1.795628447406508400e+16
1.115120444366714992e+03 1.796444660778499600e+16
1.115454013150551873e+03 1.797259887172286000e+16
1.115787581934388982e+03 1.798074108760798800e+16
1.116121150718225636e+03 1.798887307665378600e+16
1.116454719502062744e+03 1.799699465956682400e+16
1.116788288285899625e+03 1.800510565655585400e+16
1.117121857069736279e+03 1.801320588734121800e+16
1.117455425853573388e+03 1.802129517116416000e+16
1.117788994637410042e+03 1.802937332679641200e+16
1.118122563421247150e+03 1.803744017254993600e+16
1.118456132205084032e+03 1.804549552628670000e+16
1.118789700988920686e+03 1.805353920542868400e+16
1.119123269772757794e+03 1.806157102696803200e+16
1.119456838556594676e+03 1.806959080747722400e+16
1.119790407340431557e+03 1.807759836311959200e+16
1.120123976124268438e+03 1.808559350965973600e+16
1.120457544908105319e+03 1.809357606247435200e+16
1.120791113691942201e+03 1.810154583656290000e+16
1.121124682475779082e+03 1.810950264655866400e+16
1.121458251259615963e+03 1.811744630673983600e+16
1.121791820043452844e+03 1.812537663104070400e+16
1.122125388827289726e+03 1.813329343306308000e+16
1.122458957611126607e+03 1.814119652608780800e+16
1.122792526394963488e+03 1.814908572308640400e+16
1.123126095178800369e+03 1.815696083673283200e+16
1.123459663962637251e+03 1.816482167941546000e+16
1.123793232746474132e+03 1.817266806324910000e+16
1.124126801530311013e+03 1.818049980008722800e+16
1.124460370314147895e+03 1.818831670153426400e+16
1.124793939097984776e+03 1.819611857895810800e+16
1.125127507881821657e+03 1.820390524350266400e+16
1.125461076665658538e+03 1.821167650610066000e+16
1.125794645449495420e+03 1.821943217748644000e+16
1.126128214233332301e+03 1.822717206820896400e+16
1.126461783017169410e+03 1.823489598864497200e+16
1.126795351801006063e+03 1.824260374901220800e+16
1.127128920584842945e+03 1.825029515938280800e+16
1.127462489368680053e+03 1.825797002969681600e+16
1.127796058152516707e+03 1.826562816977578400e+16
1.128129626936353816e+03 1.827326938933661600e+16
1.128463195720190697e+03 1.828089349800532000e+16
1.128796764504027351e+03 1.828850030533116000e+16
1.129130333287864460e+03 1.829608962080067200e+16
1.129463902071701114e+03 1.830366125385197600e+16
1.129797470855538222e+03 1.831121501388910400e+16
1.130131039639375103e+03 1.831875071029652800e+16
1.130464608423211757e+03 1.832626815245370800e+16
1.130798177207048866e+03 1.833376714974984800e+16
1.131131745990885747e+03 1.834124751159870400e+16
1.131465314774722628e+03 1.834870904745356400e+16
1.131798883558559510e+03 1.835615156682223200e+16
1.132132452342396391e+03 1.836357487928225600e+16
1.132466021126233272e+03 1.837097879449614400e+16
1.132799589910070154e+03 1.837836312222676800e+16
1.133133158693907035e+03 1.838572767235283200e+16
1.133466727477743916e+03 1.839307225488441600e+16
1.133800296261580797e+03 1.840039667997874400e+16
1.134133865045417679e+03 1.840770075795586000e+16
1.134467433829254560e+03 1.841498429931456800e+16
1.134801002613091441e+03 1.842224711474832800e+16
1.135134571396928322e+03 1.842948901516142800e+16
1.135468140180765204e+03 1.843670981168501600e+16
1.135801708964602085e+03 1.844390931569342000e+16
1.136135277748438966e+03 1.845108733882042400e+16
1.136468846532275847e+03 1.845824369297569200e+16
1.136802415316112729e+03 1.846537819036130400e+16
1.137135984099949610e+03 1.847249064348821600e+16
1.137469552883786491e+03 1.847958086519303600e+16
1.137803121667623373e+03 1.848664866865464800e+16
1.138136690451460254e+03 1.849369386741105600e+16
1.138470259235297135e+03 1.850071627537625600e+16
1.138803828019134016e+03 1.850771570685711200e+16
1.139137396802971125e+03 1.851469197657043600e+16
1.139470965586807779e+03 1.852164489965998800e+16
1.139804534370644660e+03 1.852857429171361600e+16
1.140138103154481769e+03 1.853547996878045200e+16
1.140471671938318423e+03 1.854236174738812000e+16
1.140805240722155531e+03 1.854921944456006800e+16
1.141138809505992185e+03 1.855605287783282400e+16
1.141472378289829066e+03 1.856286186527348000e+16
1.141805947073666175e+03 1.856964622549704800e+16
1.142139515857502829e+03 1.857640577768395600e+16
1.142473084641339938e+03 1.858314034159755200e+16
1.142806653425176819e+03 1.858984973760168800e+16
1.143140222209013473e+03 1.859653378667819600e+16
1.143473790992850581e+03 1.860319231044464000e+16
1.143807359776687463e+03 1.860982513117180400e+16
1.144140928560524344e+03 1.861643207180146000e+16
1.144474497344361225e+03 1.862301295596396800e+16
1.144808066128198107e+03 1.862956760799605200e+16
1.145141634912034988e+03 1.863609585295844800e+16
1.145475203695871869e+03 1.864259751665366400e+16
1.145808772479708750e+03 1.864907242564368000e+16
1.146142341263545632e+03 1.865552040726769200e+16
1.146475910047382513e+03 1.866194128965990000e+16
1.146809478831219394e+03 1.866833490176718800e+16
1.147143047615056275e+03 1.867470107336688000e+16
1.147476616398893157e+03 1.868103963508445600e+16
1.147810185182730038e+03 1.868735041841128400e+16
1.148143753966566919e+03 1.869363325572231200e+16
1.148477322750403800e+03 1.869988798029374400e+16
1.148810891534240682e+03 1.870611442632072400e+16
1.149144460318077563e+03 1.871231242893495200e+16
1.149478029101914444e+03 1.871848182422228800e+16
1.149811597885751326e+03 1.872462244924034400e+16
1.150145166669588207e+03 1.873073414203606400e+16
1.150478735453425088e+03 1.873681674166314400e+16
1.150812304237262197e+03 1.874287008819956400e+16
1.151145873021098851e+03 1.874889402276500400e+16
1.151479441804935732e+03 1.875488838753816800e+16
1.151813010588772840e+03 1.876085302577416800e+16
1.152146579372609494e+03 1.876678778182170400e+16
1.152480148156446603e+03 1.877269250114037600e+16
1.152813716940283257e+03 1.877856703031770400e+16
1.153147285724120138e+03 1.878441121708630800e+16
1.153480854507957247e+03 1.879022491034084000e+16
1.153814423291793901e+03 1.879600796015496000e+16
1.154147992075631009e+03 1.880176021779816800e+16
1.154481560859467891e+03 1.880748153575257600e+16
1.154815129643304545e+03 1.881317176772962000e+16
1.155148698427141653e+03 1.881883076868666000e+16
1.155482267210978534e+03 1.882445839484344800e+16
1.155815835994815416e+03 1.883005450369861600e+16
1.156149404778652297e+03 1.883561895404591600e+16
1.156482973562489178e+03 1.884115160599053600e+16
1.156816542346326059e+03 1.884665232096510400e+16
1.157150111130162941e+03 1.885212096174576800e+16
1.157483679913999822e+03 1.885755739246805600e+16
1.157817248697836703e+03 1.886296147864264000e+16
1.158150817481673585e+03 1.886833308717104000e+16
1.158484386265510466e+03 1.887367208636111200e+16
1.158817955049347347e+03 1.887897834594243600e+16
1.159151523833184228e+03 1.888425173708166400e+16
1.159485092617021110e+03 1.888949213239760000e+16
1.159818661400857991e+03 1.889469940597623200e+16
1.160152230184694872e+03 1.889987343338561600e+16
1.160485798968531753e+03 1.890501409169054400e+16
1.160819367752368635e+03 1.891012125946717600e+16
1.161152936536205516e+03 1.891519481681743200e+16
1.161486505320042397e+03 1.892023464538329600e+16
1.161820074103879278e+03 1.892524062836088800e+16
1.162153642887716160e+03 1.893021265051447200e+16
1.162487211671553268e+03 1.893515059819018800e+16
1.162820780455389922e+03 1.894005435932974000e+16
1.163154349239226804e+03 1.894492382348379200e+16
1.163487918023063912e+03 1.894975888182531200e+16
1.163821486806900566e+03 1.895455942716263200e+16
1.164155055590737675e+03 1.895932535395237200e+16
1.164488624374574329e+03 1.896405655831222400e+16
1.164822193158411210e+03 1.896875293803349600e+16
1.165155761942248319e+03 1.897341439259347200e+16
1.165489330726084972e+03 1.897804082316760400e+16
1.165822899509922081e+03 1.898263213264148800e+16
1.166156468293758962e+03 1.898718822562265600e+16
1.166490037077595616e+03 1.899170900845217600e+16
1.166823605861432725e+03 1.899619438921606800e+16
1.167157174645269606e+03 1.900064427775638400e+16
1.167490743429106487e+03 1.900505858568232000e+16
1.167824312212943369e+03 1.900943722638085600e+16
1.168157880996780250e+03 1.901378011502739200e+16
1.168491449780617131e+03 1.901808716859603600e+16
1.168825018564454012e+03 1.902235830586973200e+16
1.169158587348290894e+03 1.902659344745017200e+16
1.169492156132127775e+03 1.903079251576742400e+16
1.169825724915964656e+03 1.903495543508944000e+16
1.170159293699801538e+03 1.903908213153123200e+16
1.170492862483638419e+03 1.904317253306384800e+16
1.170826431267475300e+03 1.904722656952318000e+16
1.171160000051312181e+03 1.905124417261844000e+16
1.171493568835149063e+03 1.905522527594045600e+16
1.171827137618985944e+03 1.905916981496977600e+16
1.172160706402822825e+03 1.906307772708433200e+16
1.172494275186659706e+03 1.906694895156716400e+16
1.172827843970496588e+03 1.907078342961364800e+16
1.173161412754333469e+03 1.907458110433860800e+16
1.173494981538170350e+03 1.907834192078310400e+16
1.173828550322007231e+03 1.908206582592102400e+16
1.174162119105844113e+03 1.908575276866546000e+16
1.174495687889680994e+03 1.908940269987469600e+16
1.174829256673518103e+03 1.909301557235809200e+16
1.175162825457354757e+03 1.909659134088158800e+16
1.175496394241191638e+03 1.910012996217311200e+16
1.175829963025028519e+03 1.910363139492751200e+16
1.176163531808865400e+03 1.910709559981140000e+16
1.176497100592702509e+03 1.911052253946772000e+16
1.176830669376539390e+03 1.911391217851995200e+16
1.177164238160376044e+03 1.911726448357612000e+16
1.177497806944212925e+03 1.912057942323260800e+16
1.177831375728049807e+03 1.912385696807753600e+16
1.178164944511886915e+03 1.912709709069406400e+16
1.178498513295723797e+03 1.913029976566327600e+16
1.178832082079560678e+03 1.913346496956690800e+16
1.179165650863397332e+03 1.913659268098971200e+16
1.179499219647234213e+03 1.913968288052166800e+16
1.179832788431071322e+03 1.914273555075979200e+16
1.180166357214908203e+03 1.914575067630980000e+16
1.180499925998745084e+03 1.914872824378742400e+16
1.180833494782581965e+03 1.915166824181951200e+16
1.181167063566418619e+03 1.915457066104478400e+16
1.181500632350255728e+03 1.915743549411444000e+16
1.181834201134092609e+03 1.916026273569233200e+16
1.182167769917929490e+03 1.916305238245504800e+16
1.182501338701766372e+03 1.916580443309160800e+16
1.182834907485603026e+03 1.916851888830291600e+16
1.183168476269440134e+03 1.917119575080095600e+16
1.183502045053277016e+03 1.917383502530771600e+16
1.183835613837113897e+03 1.917643671855384000e+16
1.184169182620950778e+03 1.917900083927707200e+16
1.184502751404787659e+03 1.918152739822026400e+16
1.184836320188624768e+03 1.918401640812935600e+16
1.185169888972461422e+03 1.918646788375084000e+16
1.185503457756298303e+03 1.918888184182924800e+16
1.185837026540135184e+03 1.919125830110404000e+16
1.186170595323972066e+03 1.919359728230654400e+16
1.186504164107809174e+03 1.919589880815642400e+16
1.186837732891645828e+03 1.919816290335795200e+16
1.187171301675482709e+03 1.920038959459607200e+16
1.187504870459319591e+03 1.920257891053213600e+16
1.187838439243156472e+03 1.920473088179937600e+16
1.188172008026993581e+03 1.920684554099822400e+16
1.188505576810830462e+03 1.920892292269121200e+16
1.188839145594667116e+03 1.921096306339780800e+16
1.189172714378503997e+03 1.921296600158881600e+16
1.189506283162340878e+03 1.921493177768066800e+16
1.189839851946177987e+03 1.921686043402942400e+16
1.190173420730014868e+03 1.921875201492444000e+16
1.190506989513851750e+03 1.922060656658193600e+16
1.190840558297688403e+03 1.922242413713824800e+16
1.191174127081525285e+03 1.922420477664279600e+16
1.191507695865362393e+03 1.922594853705089600e+16
1.191841264649199275e+03 1.922765547221628000e+16
1.192174833433036156e+03 1.922932563788340800e+16
1.192508402216873037e+03 1.923095909167952000e+16
1.192841971000709691e+03 1.923255589310649600e+16
1.193175539784546800e+03 1.923411610353246800e+16
1.193509108568383681e+03 1.923563978618313200e+16
1.193842677352220562e+03 1.923712700613303600e+16
1.194176246136057443e+03 1.923857783029637200e+16
1.194509814919894097e+03 1.923999232741780800e+16
1.194843383703731206e+03 1.924137056806294400e+16
1.195176952487568087e+03 1.924271262460855600e+16
1.195510521271404969e+03 1.924401857123275200e+16
1.195844090055241850e+03 1.924528848390478800e+16
1.196177658839078731e+03 1.924652244037472800e+16
1.196511227622915840e+03 1.924772052016292000e+16
1.196844796406752494e+03 1.924888280454920800e+16
1.197178365190589375e+03 1.925000937656204800e+16
1.197511933974426256e+03 1.925110032096733600e+16
1.197845502758263137e+03 1.925215572425703200e+16
1.198179071542100246e+03 1.925317567463776400e+16
1.198512640325936900e+03 1.925416026201897600e+16
1.198846209109773781e+03 1.925510957800112400e+16
1.199179777893610662e+03 1.925602371586360000e+16
1.199513346677447544e+03 1.925690277055244000e+16
1.199846915461284652e+03 1.925774683866795200e+16
1.200180484245121534e+03 1.925855601845207200e+16
1.200514053028958187e+03 1.925933040977564800e+16
1.200847621812795069e+03 1.926007011412548400e+16
1.201181190596631950e+03 1.926077523459126400e+16
1.201514759380469059e+03 1.926144587585231200e+16
1.201848328164305940e+03 1.926208214416414800e+16
1.202181896948142821e+03 1.926268414734499200e+16
1.202515465731979475e+03 1.926325199476203200e+16
1.202849034515816356e+03 1.926378579731759200e+16
1.203182603299653465e+03 1.926428566743513200e+16
1.203516172083490346e+03 1.926475171904509600e+16
1.203849740867327228e+03 1.926518406757071200e+16
1.204183309651164109e+03 1.926558282991356000e+16
1.204516878435000763e+03 1.926594812443905600e+16
1.204850447218837871e+03 1.926628007096180400e+16
1.205184016002674753e+03 1.926657879073082400e+16
1.205517584786511634e+03 1.926684440641471600e+16
1.205851153570348515e+03 1.926707704208658800e+16
1.206184722354185169e+03 1.926727682320899200e+16
1.206518291138022278e+03 1.926744387661874400e+16
1.206851859921859159e+03 1.926757833051150800e+16
1.207185428705696040e+03 1.926768031442646000e+16
1.207518997489532921e+03 1.926774995923075200e+16
1.207852566273369803e+03 1.926778739710390000e+16
1.208186135057206911e+03 1.926779276152205600e+16
1.208519703841043565e+03 1.926776618724229600e+16
1.208853272624880447e+03 1.926770781028668800e+16
1.209186841408717328e+03 1.926761776792637600e+16
1.209520410192554209e+03 1.926749619866558400e+16
1.209853978976391318e+03 1.926734324222547200e+16
1.210187547760227972e+03 1.926715903952801600e+16
1.210521116544064853e+03 1.926694373267976000e+16
1.210854685327901734e+03 1.926669746495556400e+16
1.211188254111738615e+03 1.926642038078224800e+16
1.211521822895575724e+03 1.926611262572219200e+16
1.211855391679412605e+03 1.926577434645684000e+16
1.212188960463249259e+03 1.926540569077030400e+16
1.212522529247086140e+03 1.926500680753276000e+16
1.212856098030923022e+03 1.926457784668389600e+16
1.213189666814760130e+03 1.926411895921628400e+16
1.213523235598597012e+03 1.926363029715869600e+16
1.213856804382433893e+03 1.926311201355952000e+16
1.214190373166270547e+03 1.926256426246996800e+16
1.214523941950107428e+03 1.926198719892740800e+16
1.214857510733944537e+03 1.926138097893854800e+16
1.215191079517781418e+03 1.926074575946274400e+16
1.215524648301618299e+03 1.926008169839514400e+16
1.215858217085455180e+03 1.925938895455003200e+16
1.216191785869291834e+03 1.925866768764386000e+16
1.216525354653128943e+03 1.925791805827858000e+16
1.216858923436965824e+03 1.925714022792478400e+16
1.217192492220802706e+03 1.925633435890495200e+16
1.217526061004639587e+03 1.925550061437660800e+16
1.217859629788476241e+03 1.925463915831559200e+16
1.218193198572313349e+03 1.925375015549925600e+16
1.218526767356150231e+03 1.925283377148972800e+16
1.218860336139987112e+03 1.925189017261718400e+16
1.219193904923823993e+03 1.925091952596310000e+16
1.219527473707660874e+03 1.924992199934361600e+16
1.219861042491497983e+03 1.924889776129284000e+16
1.220194611275334637e+03 1.924784698104620000e+16
1.220528180059171518e+03 1.924676982852390400e+16
1.220861748843008399e+03 1.924566647431432400e+16
1.221195317626845281e+03 1.924453708965747200e+16
1.221528886410682389e+03 1.924338184642860400e+16
1.221862455194519043e+03 1.924220091712164000e+16
1.222196023978355925e+03 1.924099447483288000e+16
1.222529592762192806e+03 1.923976269324462400e+16
1.222863161546029687e+03 1.923850574660892000e+16
1.223196730329866796e+03 1.923722380973127200e+16
1.223530299113703677e+03 1.923591705795448800e+16
1.223863867897540331e+03 1.923458566714257200e+16
1.224197436681377212e+03 1.923322981366467200e+16
1.224531005465214093e+03 1.923184967437906400e+16
1.224864574249051202e+03 1.923044542661727200e+16
1.225198143032888083e+03 1.922901724816815200e+16
1.225531711816724965e+03 1.922756531726220000e+16
1.225865280600561618e+03 1.922608981255572000e+16
1.226198849384398500e+03 1.922459091311534800e+16
1.226532418168235608e+03 1.922306879840236800e+16
1.226865986952072490e+03 1.922152364825730000e+16
1.227199555735909371e+03 1.921995564288447600e+16
1.227533124519746252e+03 1.921836496283680800e+16
1.227866693303582906e+03 1.921675178900049600e+16
1.228200262087420015e+03 1.921511630257994000e+16
1.228533830871256896e+03 1.921345868508265600e+16
1.228867399655093777e+03 1.921177911830440800e+16
1.229200968438930659e+03 1.921007778431430400e+16
1.229534537222767312e+03 1.920835486544002400e+16
1.229868106006604421e+03 1.920661054425324800e+16
1.230201674790441302e+03 1.920484500355496800e+16
1.230535243574278184e+03 1.920305842636118400e+16
1.230868812358115065e+03 1.920125099588843600e+16
1.231202381141951946e+03 1.919942289553961200e+16
1.231535949925789055e+03 1.919757430888979200e+16
1.231869518709625709e+03 1.919570541967223600e+16
1.232203087493462590e+03 1.919381641176440000e+16
1.232536656277299471e+03 1.919190746917422000e+16
1.232870225061136352e+03 1.918997877602633600e+16
1.233203793844973461e+03 1.918803051654850400e+16
1.233537362628810115e+03 1.918606287505818400e+16
1.233870931412646996e+03 1.918407603594910000e+16
1.234204500196483878e+03 1.918207018367809600e+16
1.234538068980320759e+03 1.918004550275193600e+16
1.234871637764157867e+03 1.917800217771432800e+16
1.235205206547994749e+03 1.917594039313302800e+16
1.235538775331831403e+03 1.917386033358710800e+16
1.235872344115668284e+03 1.917176218365434000e+16
1.236205912899505165e+03 1.916964612789859200e+16
1.236539481683342274e+03 1.916751235085751200e+16
1.236873050467179155e+03 1.916536103703023200e+16
1.237206619251016036e+03 1.916319237086527600e+16
1.237540188034852690e+03 1.916100653674848000e+16
1.237873756818689571e+03 1.915880371899114400e+16
1.238207325602526680e+03 1.915658410181826400e+16
1.238540894386363561e+03 1.915434786935690800e+16
1.238874463170200443e+03 1.915209520562472800e+16
1.239208031954037324e+03 1.914982629451859600e+16
1.239541600737873978e+03 1.914754131980333200e+16
1.239875169521710859e+03 1.914524046510062400e+16
1.240208738305547968e+03 1.914292391387807200e+16
1.240542307089384849e+03 1.914059184943826400e+16
1.240875875873221730e+03 1.913824445490818400e+16
1.241209444657058384e+03 1.913588191322853200e+16
1.241543013440895265e+03 1.913350440714335200e+16
1.241876582224732374e+03 1.913111211918966400e+16
1.242210151008569255e+03 1.912870523168733200e+16
1.242543719792406137e+03 1.912628392672896400e+16
1.242877288576243018e+03 1.912384838617011200e+16
1.243210857360079672e+03 1.912139879161933200e+16
1.243544426143916780e+03 1.911893532442869600e+16
1.243877994927753662e+03 1.911645816568418400e+16
1.244211563711590543e+03 1.911396749619637600e+16
1.244545132495427424e+03 1.911146349649118000e+16
1.244878701279264305e+03 1.910894634680073600e+16
1.245212270063101187e+03 1.910641622705443200e+16
1.245545838846938068e+03 1.910387331687007200e+16
1.245879407630774949e+03 1.910131779554521600e+16
1.246212976414611830e+03 1.909874984204856000e+16
1.246546545198448712e+03 1.909616963501152400e+16
1.246880113982285820e+03 1.909357735271995600e+16
1.247213682766122474e+03 1.909097317310593600e+16
1.247547251549959356e+03 1.908835727373976800e+16
1.247880820333796237e+03 1.908572983182211200e+16
1.248214389117633118e+03 1.908309102417610800e+16
1.248547957901470227e+03 1.908044102723988400e+16
1.248881526685307108e+03 1.907778001705890000e+16
1.249215095469143762e+03 1.907510816927867600e+16
1.249548664252980643e+03 1.907242565913753200e+16
1.249882233036817524e+03 1.906973266145945200e+16
1.250215801820654633e+03 1.906702935064712800e+16
1.250549370604491514e+03 1.906431590067500800e+16
1.250882939388328396e+03 1.906159248508275200e+16
1.251216508172165049e+03 1.905885927696847600e+16
1.251550076956001931e+03 1.905611644898233600e+16
1.251883645739839039e+03 1.905336417332022000e+16
1.252217214523675921e+03 1.905060262171745600e+16
1.252550783307512802e+03 1.904783196544280800e+16
1.252884352091349456e+03 1.904505237529244000e+16
1.253217920875186337e+03 1.904226402158408400e+16
1.253551489659023446e+03 1.903946707415140400e+16
1.253885058442860327e+03 1.903666170233828800e+16
1.254218627226697208e+03 1.903384807499342400e+16
1.254552196010534090e+03 1.903102636046498800e+16
1.254885764794370743e+03 1.902819672659533600e+16
1.255219333578207852e+03 1.902535934071596400e+16
1.255552902362044733e+03 1.902251436964249600e+16
1.255886471145881615e+03 1.901966197966976000e+16
1.256220039929718496e+03 1.901680233656713600e+16
1.256553608713555377e+03 1.901393560557380400e+16
1.256887177497392258e+03 1.901106195139432000e+16
1.257220746281229140e+03 1.900818153819412000e+16
1.257554315065066021e+03 1.900529452959531200e+16
1.257887883848902902e+03 1.900240108867241600e+16
1.258221452632739783e+03 1.899950137794834000e+16
1.258555021416576892e+03 1.899659555939041600e+16
1.258888590200413546e+03 1.899368379440654000e+16
1.259222158984250427e+03 1.899076624384142800e+16
1.259555727768087309e+03 1.898784306797304000e+16
1.259889296551924190e+03 1.898491442650893200e+16
1.260222865335761298e+03 1.898198047858300800e+16
1.260556434119598180e+03 1.897904138275203200e+16
1.260890002903434834e+03 1.897609729699255600e+16
1.261223571687271715e+03 1.897314837869774400e+16
1.261557140471108596e+03 1.897019478467440400e+16
1.261890709254945705e+03 1.896723667114004800e+16
1.262224278038782586e+03 1.896427419372008800e+16
1.262557846822619467e+03 1.896130750744520800e+16
1.262891415606456121e+03 1.895833676674864800e+16
1.263224984390293002e+03 1.895536212546379200e+16
1.263558553174130111e+03 1.895238373682167200e+16
1.263892121957966992e+03 1.894940175344871600e+16
1.264225690741803874e+03 1.894641632736448800e+16
1.264559259525640527e+03 1.894342760997953200e+16
1.264892828309477409e+03 1.894043575209338400e+16
1.265226397093314517e+03 1.893744090389260800e+16
1.265559965877151399e+03 1.893444321494888400e+16
1.265893534660988280e+03 1.893144283421725600e+16
1.266227103444825161e+03 1.892843991003448800e+16
1.266560672228661815e+03 1.892543459011742000e+16
1.266894241012498924e+03 1.892242702156144000e+16
1.267227809796335805e+03 1.891941735083905200e+16
1.267561378580172686e+03 1.891640572379854800e+16
1.267894947364009568e+03 1.891339228566272800e+16
1.268228516147846449e+03 1.891037718102767200e+16
1.268562084931683330e+03 1.890736055386169600e+16
1.268895653715520211e+03 1.890434254750422400e+16
1.269229222499357093e+03 1.890132330466492400e+16
1.269562791283193974e+03 1.889830296742274400e+16
1.269896360067030855e+03 1.889528167722516000e+16
1.270229928850867964e+03 1.889225957488742400e+16
1.270563497634704618e+03 1.888923680059183600e+16
1.270897066418541499e+03 1.888621349388726400e+16
1.271230635202378380e+03 1.888318979368851200e+16
1.271564203986215261e+03 1.888016583827595200e+16
1.271897772770052370e+03 1.887714176529508400e+16
1.272231341553889251e+03 1.887411771175618400e+16
1.272564910337725905e+03 1.887109381403414400e+16
1.272898479121562787e+03 1.886807020786816800e+16
1.273232047905399668e+03 1.886504702836172800e+16
1.273565616689236776e+03 1.886202440998247600e+16
1.273899185473073658e+03 1.885900248656214000e+16
1.274232754256910539e+03 1.885598139129676000e+16
1.274566323040747193e+03 1.885296125674661600e+16
1.274899891824584074e+03 1.884994221483650400e+16
1.275233460608421183e+03 1.884692439685592000e+16
1.275567029392258064e+03 1.884390793345932800e+16
1.275900598176094945e+03 1.884089295466652800e+16
1.276234166959931599e+03 1.883787958986300800e+16
1.276567735743768480e+03 1.883486796780039600e+16
1.276901304527605589e+03 1.883185821659697600e+16
1.277234873311442470e+03 1.882885046373810000e+16
1.277568442095279352e+03 1.882584483607695200e+16
1.277902010879116233e+03 1.882284145983504400e+16
1.278235579662952887e+03 1.881984046060297600e+16
1.278569148446789995e+03 1.881684196334111200e+16
1.278902717230626877e+03 1.881384609238034400e+16
1.279236286014463758e+03 1.881085297142294400e+16
1.279569854798300639e+03 1.880786272354340800e+16
1.279903423582137520e+03 1.880487547118928400e+16
1.280236992365974402e+03 1.880189133618224000e+16
1.280570561149811283e+03 1.879891043971887200e+16
1.280904129933648164e+03 1.879593290237188000e+16
1.281237698717485046e+03 1.879295884409098400e+16
1.281571267501321927e+03 1.878998838420410400e+16
1.281904836285159035e+03 1.878702164141839600e+16
1.282238405068995689e+03 1.878405873382149600e+16
1.282571973852832571e+03 1.878109977888260800e+16
1.282905542636669452e+03 1.877814489345381600e+16
1.283239111420506333e+03 1.877519419377129200e+16
1.283572680204343442e+03 1.877224779545655600e+16
1.283906248988180323e+03 1.876930581351781600e+16
1.284239817772016977e+03 1.876636836235126400e+16
1.284573386555853858e+03 1.876343555574252800e+16
1.284906955339690739e+03 1.876050750686796800e+16
1.285240524123527848e+03 1.875758432829614800e+16
1.285574092907364729e+03 1.875466613198924000e+16
1.285907661691201611e+03 1.875175302930453200e+16
1.286241230475038265e+03 1.874884513099586400e+16
1.286574799258875146e+03 1.874594254721519200e+16
1.286908368042712254e+03 1.874304538751407200e+16
1.287241936826549136e+03 1.874015376084522800e+16
1.287575505610386017e+03 1.873726777556411200e+16
1.287909074394222671e+03 1.873438753943052800e+16
1.288242643178059552e+03 1.873151315961017600e+16
1.288576211961896661e+03 1.872864474267634800e+16
1.288909780745733542e+03 1.872578239461145200e+16
1.289243349529570423e+03 1.872292622080880800e+16
1.289576918313407305e+03 1.872007632607417200e+16
1.289910487097243958e+03 1.871723281462752000e+16
1.290244055881081067e+03 1.871439579010472400e+16
1.290577624664917948e+03 1.871156535555917600e+16
1.290911193448754830e+03 1.870874161346358400e+16
1.291244762232591711e+03 1.870592466571167200e+16
1.291578331016428592e+03 1.870311461361992000e+16
1.291911899800265473e+03 1.870031155792929600e+16
1.292245468584102355e+03 1.869751559880696800e+16
1.292579037367939236e+03 1.869472683584814400e+16
1.292912606151776117e+03 1.869194536807776800e+16
1.293246174935612999e+03 1.868917129395231600e+16
1.293579743719450107e+03 1.868640471136156000e+16
1.293913312503286761e+03 1.868364571763035200e+16
1.294246881287123642e+03 1.868089440952039200e+16
1.294580450070960524e+03 1.867815088323201600e+16
1.294914018854797405e+03 1.867541523440601200e+16
1.295247587638634513e+03 1.867268755812534400e+16
1.295581156422471395e+03 1.866996794891697600e+16
1.295914725206308049e+03 1.866725650075368800e+16
1.296248293990144930e+03 1.866455330705580400e+16
1.296581862773981811e+03 1.866185846069300400e+16
1.296915431557818920e+03 1.865917205398611200e+16
1.297249000341655801e+03 1.865649417870886800e+16
1.297582569125492682e+03 1.865382492608969200e+16
1.297916137909329336e+03 1.865116438681351200e+16
1.298249706693166218e+03 1.864851265102344800e+16
1.298583275477003326e+03 1.864586980832263200e+16
1.298916844260840207e+03 1.864323594777595200e+16
1.299250413044677089e+03 1.864061115791181200e+16
1.299583981828513743e+03 1.863799552672384000e+16
1.299917550612350624e+03 1.863538914167268800e+16
1.300251119396187732e+03 1.863279208968769600e+16
1.300584688180024614e+03 1.863020445716863600e+16
1.300918256963861495e+03 1.862762632998744800e+16
1.301251825747698376e+03 1.862505779348990000e+16
1.301585394531535030e+03 1.862249893249728800e+16
1.301918963315372139e+03 1.861994983130814400e+16
1.302252532099209020e+03 1.861741057369988800e+16
1.302586100883045901e+03 1.861488124293045200e+16
1.302919669666882783e+03 1.861236192173996400e+16
1.303253238450719664e+03 1.860985269235238400e+16
1.303586807234556545e+03 1.860735363647711200e+16
1.303920376018393426e+03 1.860486483531052000e+16
1.304253944802230308e+03 1.860238636953768800e+16
1.304587513586067189e+03 1.859991831933384800e+16
1.304921082369904070e+03 1.859746076436602800e+16
1.305254651153741179e+03 1.859501378379452800e+16
1.305588219937577833e+03 1.859257745627449200e+16
1.305921788721414714e+03 1.859015185995739200e+16
1.306255357505251595e+03 1.858773707249258800e+16
1.306588926289088477e+03 1.858533317102869600e+16
1.306922495072925585e+03 1.858294023221514000e+16
1.307256063856762466e+03 1.858055833220351200e+16
1.307589632640599120e+03 1.857818754664908800e+16
1.307923201424436002e+03 1.857582795071215200e+16
1.308256770208272883e+03 1.857347961905940000e+16
1.308590338992109992e+03 1.857114262586532000e+16
1.308923907775946873e+03 1.856881704481351200e+16
1.309257476559783754e+03 1.856650294909800800e+16
1.309591045343620408e+03 1.856420041142462800e+16
1.309924614127457289e+03 1.856190950401213600e+16
1.310258182911294398e+03 1.855963029859365200e+16
1.310591751695131279e+03 1.855736286641773600e+16
1.310925320478968160e+03 1.855510727824973200e+16
1.311258889262804814e+03 1.855286360437287200e+16
1.311592458046641696e+03 1.855063191458946000e+16
1.311926026830478804e+03 1.854841227822201600e+16
1.312259595614315685e+03 1.854620476411441600e+16
1.312593164398152567e+03 1.854400944063295200e+16
1.312926733181989448e+03 1.854182637566743200e+16
1.313260301965826102e+03 1.853965563663220800e+16
1.313593870749663211e+03 1.853749729046718400e+16
1.313927439533500092e+03 1.853535140363884000e+16
1.314261008317336973e+03 1.853321804214117600e+16
1.314594577101173854e+03 1.853109727149664800e+16
1.314928145885010736e+03 1.852898915675712400e+16
1.315261714668847617e+03 1.852689376250473600e+16
1.315595283452684498e+03 1.852481115285273600e+16
1.315928852236521379e+03 1.852274139144637200e+16
1.316262421020358261e+03 1.852068454146367200e+16
1.316595989804195142e+03 1.851864066561616800e+16
1.316929558588032251e+03 1.851660982614980800e+16
1.317263127371868904e+03 1.851459208484547200e+16
1.317596696155705786e+03 1.851258750301983200e+16
1.317930264939542667e+03 1.851059614152593600e+16
1.318263833723379548e+03 1.850861806075388800e+16
1.318597402507216657e+03 1.850665332063141600e+16
1.318930971291053538e+03 1.850470198062447200e+16
1.319264540074890192e+03 1.850276409973778800e+16
1.319598108858727073e+03 1.850083973651541200e+16
1.319931677642563955e+03 1.849892894904114800e+16
1.320265246426401063e+03 1.849703179493909600e+16
1.320598815210237944e+03 1.849514833137395200e+16
1.320932383994074826e+03 1.849327861505155200e+16
1.321265952777911480e+03 1.849142270221917600e+16
1.321599521561748361e+03 1.848958064866585200e+16
1.321933090345585470e+03 1.848775250972273600e+16
1.322266659129422351e+03 1.848593834026333200e+16
1.322600227913259232e+03 1.848413819470375200e+16
1.322933796697095886e+03 1.848235212700295200e+16
1.323267365480932767e+03 1.848058019066285600e+16
1.323600934264769649e+03 1.847882243872858400e+16
1.323934503048606757e+03 1.847707892378851200e+16
1.324268071832443638e+03 1.847534969797436800e+16
1.324601640616280520e+03 1.847363481296129600e+16
1.324935209400117174e+03 1.847193431996785600e+16
1.325268778183954055e+03 1.847024826975607200e+16
1.325602346967791163e+03 1.846857671263129200e+16
1.325935915751628045e+03 1.846691969844216800e+16
1.326269484535464926e+03 1.846527727658056400e+16
1.326603053319301807e+03 1.846364949598137600e+16
1.326936622103138461e+03 1.846203640512235200e+16
1.327270190886975570e+03 1.846043805202392000e+16
1.327603759670812451e+03 1.845885448424890400e+16
1.327937328454649332e+03 1.845728574890227200e+16
1.328270897238486214e+03 1.845573189263081600e+16
1.328604466022322868e+03 1.845419296162281200e+16
1.328938034806159976e+03 1.845266900160766800e+16
1.329271603589996857e+03 1.845116005785544000e+16
1.329605172373833739e+03 1.844966617517647200e+16
1.329938741157670620e+03 1.844818739792084800e+16
1.330272309941507501e+03 1.844672376997797200e+16
1.330605878725344610e+03 1.844527533477590400e+16
1.330939447509181264e+03 1.844384213528083600e+16
1.331273016293018145e+03 1.844242421399650400e+16
1.331606585076855026e+03 1.844102161296351200e+16
1.331940153860691908e+03 1.843963437375863600e+16
1.332273722644529016e+03 1.843826253749413600e+16
1.332607291428365897e+03 1.843690614481696400e+16
1.332940860212202551e+03 1.843556523590801600e+16
1.333274428996039433e+03 1.843423985048130400e+16
1.333607997779876314e+03 1.843293002778309600e+16
1.333941566563713423e+03 1.843163580659101600e+16
1.334275135347550304e+03 1.843035722521312800e+16
1.334608704131386958e+03 1.842909432148700800e+16
1.334942272915223839e+03 1.842784713277868800e+16
1.335275841699060720e+03 1.842661569598170400e+16
1.335609410482897829e+03 1.842540004751596800e+16
1.335942979266734710e+03 1.842420022332672000e+16
1.336276548050571591e+03 1.842301625888338400e+16
1.336610116834408245e+03 1.842184818917838000e+16
1.336943685618245127e+03 1.842069604872598000e+16
1.337277254402082235e+03 1.841955987156101600e+16
1.337610823185919116e+03 1.841843969123766400e+16
1.337944391969755998e+03 1.841733554082808000e+16
1.338277960753592879e+03 1.841624745292116000e+16
1.338611529537429533e+03 1.841517545962107200e+16
1.338945098321266642e+03 1.841411959254592800e+16
1.339278667105103523e+03 1.841307988282628800e+16
1.339612235888940404e+03 1.841205636110372800e+16
1.339945804672777285e+03 1.841104905752932400e+16
1.340279373456613939e+03 1.841005800176212000e+16
1.340612942240451048e+03 1.840908322296755200e+16
1.340946511024287929e+03 1.840812474981583200e+16
1.341280079808124810e+03 1.840718261048029200e+16
1.341613648591961692e+03 1.840625683263576000e+16
1.341947217375798573e+03 1.840534744345685200e+16
1.342280786159635682e+03 1.840445446961616400e+16
1.342614354943472335e+03 1.840357793728258000e+16
1.342947923727309217e+03 1.840271787211938400e+16
1.343281492511146098e+03 1.840187429928252800e+16
1.343615061294982979e+03 1.840104724341864800e+16
1.343948630078820088e+03 1.840023672866328400e+16
1.344282198862656969e+03 1.839944277863876400e+16
1.344615767646493623e+03 1.839866541645244000e+16
1.344949336430330504e+03 1.839790466469455200e+16
1.345282905214167386e+03 1.839716054543621200e+16
1.345616473998004494e+03 1.839643308022742800e+16
1.345950042781841375e+03 1.839572229009487600e+16
1.346283611565678029e+03 1.839502819553985600e+16
1.346617180349514911e+03 1.839435081653610800e+16
1.346950749133351792e+03 1.839369017252762800e+16
1.347284317917188901e+03 1.839304628242646000e+16
1.347617886701025782e+03 1.839241916461037600e+16
1.347951455484862663e+03 1.839180883692069200e+16
1.348285024268699317e+03 1.839121531665987200e+16
1.348618593052536198e+03 1.839063862058922800e+16
1.348952161836373307e+03 1.839007876492654400e+16
1.349285730620210188e+03 1.838953576534362400e+16
1.349619299404047069e+03 1.838900963696393600e+16
1.349952868187883951e+03 1.838850039436006000e+16
1.350286436971720605e+03 1.838800805155128800e+16
1.350620005755557713e+03 1.838753262200104800e+16
1.350953574539394594e+03 1.838707411861433200e+16
1.351287143323231476e+03 1.838663255373517600e+16
1.351620712107068357e+03 1.838620793914403600e+16
1.351954280890905011e+03 1.838580028605512400e+16
1.352287849674742120e+03 1.838540960511377600e+16
1.352621418458579001e+03 1.838503590639373600e+16
1.352954987242415882e+03 1.838467919939449600e+16
1.353288556026252763e+03 1.838433949303849200e+16
1.353622124810089645e+03 1.838401679566838000e+16
1.353955693593926753e+03 1.838371111504418000e+16
1.354289262377763407e+03 1.838342245834054400e+16
1.354622831161600288e+03 1.838315083214380000e+16
1.354956399945437170e+03 1.838289624244924000e+16
1.355289968729274051e+03 1.838265869465804000e+16
1.355623537513111160e+03 1.838243819357445200e+16
1.355957106296947813e+03 1.838223474340286000e+16
1.356290675080784695e+03 1.838204834774477600e+16
1.356624243864621576e+03 1.838187900959584800e+16
1.356957812648458457e+03 1.838172673134288000e+16
1.357291381432295566e+03 1.838159151476076000e+16
1.357624950216132447e+03 1.838147336100944000e+16
1.357958518999969101e+03 1.838137227063081200e+16
1.358292087783805982e+03 1.838128824354564000e+16
1.358625656567642864e+03 1.838122127905044800e+16
1.358959225351479972e+03 1.838117137581432400e+16
1.359292794135316853e+03 1.838113853187579600e+16
1.359626362919153735e+03 1.838112274463968000e+16
1.359959931702990389e+03 1.838112401087383600e+16
1.360293500486827270e+03 1.838114232670594000e+16
1.360627069270664379e+03 1.838117768762028400e+16
1.360960638054501260e+03 1.838123008845449600e+16
1.361294206838338141e+03 1.838129952339628000e+16
1.361627775622175022e+03 1.838138598598012400e+16
1.361961344406011676e+03 1.838148946908403200e+16
1.362294913189848785e+03 1.838160996492611200e+16
1.362628481973685666e+03 1.838174746506132000e+16
1.362962050757522547e+03 1.838190196037811600e+16
1.363295619541359429e+03 1.838207344109505200e+16
1.363629188325196083e+03 1.838226189675740400e+16
1.363962757109033191e+03 1.838246731623384800e+16
1.364296325892870072e+03 1.838268968771294400e+16
1.364629894676706954e+03 1.838292899869983200e+16
1.364963463460543835e+03 1.838318523601275200e+16
1.365297032244380716e+03 1.838345838577963200e+16
1.365630601028217825e+03 1.838374843343460000e+16
1.365964169812054479e+03 1.838405536371460800e+16
1.366297738595891360e+03 1.838437916065588000e+16
1.366631307379728241e+03 1.838471980759054000e+16
1.366964876163565123e+03 1.838507728714305200e+16
1.367298444947402231e+03 1.838545158122678800e+16
1.367632013731238885e+03 1.838584267104047600e+16
1.367965582515075766e+03 1.838625053706481200e+16
1.368299151298912648e+03 1.838667515905886800e+16
1.368632720082749529e+03 1.838711651605664400e+16
1.368966288866586638e+03 1.838757458636350400e+16
1.369299857650423519e+03 1.838804934755272400e+16
1.369633426434260173e+03 1.838854077646197600e+16
1.369966995218097054e+03 1.838904884918979200e+16
1.370300564001933935e+03 1.838957354109208000e+16
1.370634132785771044e+03 1.839011482677860800e+16
1.370967701569607925e+03 1.839067268010945600e+16
1.371301270353444806e+03 1.839124707419159600e+16
1.371634839137281460e+03 1.839183798137532000e+16
1.371968407921118342e+03 1.839244537325075600e+16
1.372301976704955450e+03 1.839306922064442400e+16
1.372635545488792332e+03 1.839370949361563200e+16
1.372969114272629213e+03 1.839436616145316000e+16
1.373302683056466094e+03 1.839503919267164400e+16
1.373636251840302748e+03 1.839572855500818400e+16
1.373969820624139857e+03 1.839643421541886400e+16
1.374303389407976738e+03 1.839715614007533600e+16
1.374636958191813619e+03 1.839789429436131200e+16
1.374970526975650500e+03 1.839864864286926400e+16
1.375304095759487154e+03 1.839941914939688800e+16
1.375637664543324263e+03 1.840020577694377600e+16
1.375971233327161144e+03 1.840100848770802800e+16
1.376304802110998025e+03 1.840182724308290400e+16
1.376638370894834907e+03 1.840266200365338400e+16
1.376971939678671788e+03 1.840351272919297600e+16
1.377305508462508897e+03 1.840437937866032000e+16
1.377639077246345551e+03 1.840526191019588400e+16
1.377972646030182432e+03 1.840616028111872800e+16
1.378306214814019313e+03 1.840707444792325600e+16
1.378639783597856194e+03 1.840800436627598400e+16
1.378973352381693303e+03 1.840894999101232000e+16
1.379306921165529957e+03 1.840991127613339200e+16
1.379640489949366838e+03 1.841088817480290400e+16
1.379974058733203719e+03 1.841188063934404000e+16
1.380307627517040601e+03 1.841288862123630400e+16
1.380641196300877709e+03 1.841391207111252800e+16
1.380974765084714591e+03 1.841495093875573600e+16
1.381308333868551244e+03 1.841600517309627200e+16
1.381641902652388126e+03 1.841707472220868800e+16
1.381975471436225007e+03 1.841815953330894400e+16
1.382309040220062116e+03 1.841925955275141200e+16
1.382642609003898997e+03 1.842037472602602000e+16
1.382976177787735878e+03 1.842150499775546800e+16
1.383309746571572532e+03 1.842265031169239200e+16
1.383643315355409413e+03 1.842381061071666000e+16
1.383976884139246522e+03 1.842498583683264800e+16
1.384310452923083403e+03 1.842617593116651600e+16
1.384644021706920284e+03 1.842738083396370400e+16
1.384977590490757166e+03 1.842860048458625600e+16
1.385311159274593820e+03 1.842983482151034400e+16
1.385644728058430928e+03 1.843108378232375200e+16
1.385978296842267810e+03 1.843234730372348000e+16
1.386311865626104691e+03 1.843362532151330800e+16
1.386645434409941572e+03 1.843491777060153600e+16
1.386979003193778226e+03 1.843622458499864800e+16
1.387312571977615335e+03 1.843754569781510800e+16
1.387646140761452216e+03 1.843888104125918800e+16
1.387979709545289097e+03 1.844023054663487200e+16
1.388313278329125978e+03 1.844159414433977200e+16
1.388646847112962860e+03 1.844297176386317200e+16
1.388980415896799968e+03 1.844436333378406400e+16
1.389313984680636622e+03 1.844576878176929200e+16
1.389647553464473503e+03 1.844718803457174400e+16
1.389981122248310385e+03 1.844862101802858400e+16
1.390314691032147266e+03 1.845006765705967600e+16
1.390648259815984375e+03 1.845152787566581600e+16
1.390981828599821029e+03 1.845300159692734400e+16
1.391315397383657910e+03 1.845448874300260000e+16
1.391648966167494791e+03 1.845598923512653200e+16
1.391982534951331672e+03 1.845750299360942400e+16
1.392316103735168781e+03 1.845902993783560800e+16
1.392649672519005662e+03 1.846056998626226800e+16
1.392983241302842316e+03 1.846212305641847200e+16
1.393316810086679197e+03 1.846368906490400400e+16
1.393650378870516079e+03 1.846526792738854800e+16
1.393983947654353187e+03 1.846685955861082400e+16
1.394317516438190069e+03 1.846846387237774400e+16
1.394651085222026950e+03 1.847008078156386000e+16
1.394984654005863604e+03 1.847171019811068400e+16
1.395318222789700485e+03 1.847335203302622000e+16
1.395651791573537594e+03 1.847500619638457200e+16
1.395985360357374475e+03 1.847667259732554400e+16
1.396318929141211356e+03 1.847835114405456800e+16
1.396652497925048237e+03 1.848004174384240000e+16
1.396986066708884891e+03 1.848174430302517600e+16
1.397319635492722000e+03 1.848345872700450000e+16
1.397653204276558881e+03 1.848518492024753200e+16
1.397986773060395763e+03 1.848692278628728800e+16
1.398320341844232644e+03 1.848867222772302400e+16
1.398653910628069298e+03 1.849043314622068000e+16
1.398987479411906406e+03 1.849220544251345600e+16
1.399321048195743288e+03 1.849398901640248000e+16
1.399654616979580169e+03 1.849578376675763200e+16
1.399988185763417050e+03 1.849758959151842800e+16
1.400321754547253931e+03 1.849940638769500400e+16
1.400655323331091040e+03 1.850123405136929600e+16
1.400988892114927694e+03 1.850307247769619200e+16
1.401322460898764575e+03 1.850492156090498400e+16
1.401656029682601456e+03 1.850678119430077200e+16
1.401989598466438338e+03 1.850865127026607200e+16
1.402323167250275446e+03 1.851053168026256800e+16
1.402656736034112100e+03 1.851242231483282400e+16
1.402990304817948982e+03 1.851432306360238400e+16
1.403323873601785863e+03 1.851623381528177600e+16
1.403657442385622744e+03 1.851815445766872800e+16
1.403991011169459853e+03 1.852008487765049600e+16
1.404324579953296734e+03 1.852202496120634800e+16
1.404658148737133388e+03 1.852397459341013600e+16
1.404991717520970269e+03 1.852593365843306800e+16
1.405325286304807150e+03 1.852790203954647600e+16
1.405658855088644259e+03 1.852987961912493600e+16
1.405992423872481140e+03 1.853186627864928800e+16
1.406325992656318022e+03 1.853386189870994800e+16
1.406659561440154675e+03 1.853586635901033600e+16
1.406993130223991557e+03 1.853787953837041600e+16
1.407326699007828665e+03 1.853990131473034800e+16
1.407660267791665547e+03 1.854193156515438800e+16
1.407993836575502428e+03 1.854397016583475600e+16
1.408327405359339309e+03 1.854601699209592800e+16
1.408660974143175963e+03 1.854807191839875200e+16
1.408994542927013072e+03 1.855013481834496000e+16
1.409328111710849953e+03 1.855220556468164800e+16
1.409661680494686834e+03 1.855428402930612000e+16
1.409995249278523715e+03 1.855637008327064800e+16
1.410328818062360369e+03 1.855846359678758000e+16
1.410662386846197251e+03 1.856056443923444800e+16
1.410995955630034359e+03 1.856267247915934400e+16
1.411329524413871241e+03 1.856478758428641600e+16
1.411663093197708122e+03 1.856690962152152800e+16
1.411996661981545003e+03 1.856903845695801600e+16
1.412330230765381657e+03 1.857117395588269200e+16
1.412663799549218766e+03 1.857331598278202000e+16
1.412997368333055647e+03 1.857546440134831200e+16
1.413330937116892528e+03 1.857761907448625200e+16
1.413664505900729409e+03 1.857977986431952800e+16
1.413998074684566291e+03 1.858194663219754400e+16
1.414331643468403172e+03 1.858411923870248000e+16
1.414665212252240053e+03 1.858629754365626800e+16
1.414998781036076934e+03 1.858848140612801600e+16
1.415332349819913816e+03 1.859067068444140000e+16
1.415665918603750697e+03 1.859286523618226400e+16
1.415999487387587806e+03 1.859506491820648000e+16
1.416333056171424460e+03 1.859726958664784400e+16
1.416666624955261341e+03 1.859947909692628000e+16
1.417000193739098222e+03 1.860169330375608000e+16
1.417333762522935103e+03 1.860391206115445200e+16
1.417667331306772212e+03 1.860613522245012800e+16
1.418000900090609093e+03 1.860836264029222400e+16
1.418334468874445747e+03 1.861059416665921200e+16
1.418668037658282628e+03 1.861282965286814400e+16
1.419001606442119510e+03 1.861506894958398400e+16
1.419335175225956618e+03 1.861731190682911200e+16
1.419668744009793500e+03 1.861955837399308400e+16
1.420002312793630381e+03 1.862180819984248000e+16
1.420335881577467035e+03 1.862406123253097600e+16
1.420669450361303916e+03 1.862631731960960000e+16
1.421003019145141025e+03 1.862857630803714000e+16
1.421336587928977906e+03 1.863083804419067600e+16
1.421670156712814787e+03 1.863310237387644800e+16
1.422003725496651441e+03 1.863536914234077600e+16
1.422337294280488322e+03 1.863763819428114400e+16
1.422670863064325431e+03 1.863990937385757600e+16
1.423004431848162312e+03 1.864218252470404000e+16
1.423338000631999194e+03 1.864445748994016000e+16
1.423671569415836075e+03 1.864673411218308000e+16
1.424005138199672729e+03 1.864901223355939200e+16
1.424338706983509837e+03 1.865129169571743600e+16
1.424672275767346719e+03 1.865357233983958400e+16
1.425005844551183600e+03 1.865585400665482400e+16
1.425339413335020481e+03 1.865813653645148800e+16
1.425672982118857362e+03 1.866041976909015200e+16
1.426006550902694244e+03 1.866270354401666400e+16
1.426340119686531125e+03 1.866498770027545600e+16
1.426673688470368006e+03 1.866727207652296000e+16
1.427007257254204887e+03 1.866955651104114400e+16
1.427340826038041769e+03 1.867184084175133600e+16
1.427674394821878877e+03 1.867412490622816000e+16
1.428007963605715531e+03 1.867640854171362400e+16
1.428341532389552412e+03 1.867869158513141600e+16
1.428675101173389294e+03 1.868097387310134400e+16
1.429008669957226175e+03 1.868325524195400000e+16
1.429342238741063284e+03 1.868553552774548400e+16
1.429675807524900165e+03 1.868781456627239200e+16
1.430009376308736819e+03 1.869009219308691200e+16
1.430342945092573700e+03 1.869236824351216000e+16
1.430676513876410581e+03 1.869464255265755200e+16
1.431010082660247690e+03 1.869691495543447200e+16
1.431343651444084571e+03 1.869918528657195200e+16
1.431677220227921453e+03 1.870145338063272000e+16
1.432010789011758106e+03 1.870371907202916800e+16
1.432344357795594988e+03 1.870598219503965600e+16
1.432677926579432096e+03 1.870824258382486400e+16
1.433011495363268978e+03 1.871050007244432800e+16
1.433345064147105859e+03 1.871275449487320400e+16
1.433678632930942513e+03 1.871500568501898800e+16
1.434012201714779394e+03 1.871725347673860000e+16
1.434345770498616503e+03 1.871949770385549600e+16
1.434679339282453384e+03 1.872173820017688400e+16
1.435012908066290265e+03 1.872397479951120400e+16
1.435346476850127146e+03 1.872620733568567200e+16
1.435680045633963800e+03 1.872843564256392800e+16
1.436013614417800909e+03 1.873065955406388800e+16
1.436347183201637790e+03 1.873287890417569600e+16
1.436680751985474672e+03 1.873509352697978800e+16
1.437014320769311553e+03 1.873730325666513200e+16
1.437347889553148434e+03 1.873950792754756000e+16
1.437681458336985315e+03 1.874170737408819200e+16
1.438015027120822197e+03 1.874390143091201600e+16
1.438348595904659078e+03 1.874608993282660800e+16
1.438682164688495959e+03 1.874827271484096000e+16
1.439015733472332840e+03 1.875044961218430400e+16
1.439349302256169949e+03 1.875262046032524000e+16
1.439682871040006603e+03 1.875478509499076800e+16
1.440016439823843484e+03 1.875694335218562800e+16
1.440350008607680365e+03 1.875909506821153600e+16
1.440683577391517247e+03 1.876124007968667600e+16
1.441017146175354355e+03 1.876337822356521600e+16
1.441350714959191237e+03 1.876550933715684800e+16
1.441684283743027891e+03 1.876763325814656800e+16
1.442017852526864772e+03 1.876974982461444400e+16
1.442351421310701653e+03 1.877185887505544400e+16
1.442684990094538762e+03 1.877396024839940400e+16
1.443018558878375643e+03 1.877605378403100400e+16
1.443352127662212524e+03 1.877813932180989200e+16
1.443685696446049178e+03 1.878021670209080000e+16
1.444019265229886059e+03 1.878228576574377600e+16
1.444352834013723168e+03 1.878434635417444000e+16
1.444686402797560049e+03 1.878639830934427600e+16
1.445019971581396931e+03 1.878844147379105600e+16
1.445353540365233584e+03 1.879047569064925600e+16
1.445687109149070466e+03 1.879250080367046400e+16
1.446020677932907574e+03 1.879451665724398000e+16
1.446354246716744456e+03 1.879652309641725600e+16
1.446687815500581337e+03 1.879851996691652400e+16
1.447021384284418218e+03 1.880050711516740000e+16
1.447354953068254872e+03 1.880248438831548000e+16
1.447688521852091981e+03 1.880445163424700000e+16
1.448022090635928862e+03 1.880640870160945600e+16
1.448355659419765743e+03 1.880835543983234000e+16
1.448689228203602624e+03 1.881029169914774400e+16
1.449022796987439506e+03 1.881221733061111600e+16
1.449356365771276387e+03 1.881413218612183600e+16
1.449689934555113268e+03 1.881603611844394400e+16
1.450023503338950150e+03 1.881792898122680000e+16
1.450357072122787031e+03 1.881981062902571600e+16
1.450690640906623912e+03 1.882168091732257600e+16
1.451024209690461021e+03 1.882353970254645600e+16
1.451357778474297675e+03 1.882538684209410800e+16
1.451691347258134556e+03 1.882722219435063200e+16
1.452024916041971437e+03 1.882904561870987600e+16
1.452358484825808318e+03 1.883085697559491200e+16
1.452692053609645427e+03 1.883265612647847200e+16
1.453025622393482308e+03 1.883444293390327600e+16
1.453359191177318962e+03 1.883621726150233600e+16
1.453692759961155843e+03 1.883797897401921600e+16
1.454026328744992725e+03 1.883972793732818400e+16
1.454359897528829833e+03 1.884146401845433600e+16
1.454693466312666715e+03 1.884318708559360400e+16
1.455027035096503596e+03 1.884489700813269600e+16
1.455360603880340250e+03 1.884659365666899200e+16
1.455694172664177131e+03 1.884827690303032800e+16
1.456027741448014240e+03 1.884994662029462400e+16
1.456361310231851121e+03 1.885160268280945600e+16
1.456694879015688002e+03 1.885324496621164800e+16
1.457028447799524656e+03 1.885487334744648000e+16
1.457362016583361537e+03 1.885648770478710000e+16
1.457695585367198646e+03 1.885808791785351600e+16
1.458029154151035527e+03 1.885967386763172000e+16
1.458362722934872409e+03 1.886124543649254400e+16
1.458696291718709290e+03 1.886280250821035200e+16
1.459029860502545944e+03 1.886434496798178800e+16
1.459363429286383052e+03 1.886587270244410800e+16
1.459696998070219934e+03 1.886738559969359200e+16
1.460030566854056815e+03 1.886888354930375200e+16
1.460364135637893696e+03 1.887036644234322800e+16
1.460697704421730577e+03 1.887183417139379200e+16
1.461031273205567459e+03 1.887328663056796800e+16
1.461364841989404340e+03 1.887472371552656000e+16
1.461698410773241221e+03 1.887614532349600800e+16
1.462031979557078103e+03 1.887755135328561600e+16
1.462365548340914984e+03 1.887894170530443600e+16
1.462699117124752092e+03 1.888031628157818000e+16
1.463032685908588746e+03 1.888167498576573200e+16
1.463366254692425628e+03 1.888301772317563600e+16
1.463699823476262509e+03 1.888434440078228000e+16
1.464033392260099390e+03 1.888565492724188000e+16
1.464366961043936499e+03 1.888694921290832800e+16
1.464700529827773380e+03 1.888822716984868800e+16
1.465034098611610034e+03 1.888948871185864800e+16
1.465367667395446915e+03 1.889073375447761600e+16
1.465701236179283796e+03 1.889196221500360800e+16
1.466034804963120905e+03 1.889317401250800400e+16
1.466368373746957786e+03 1.889436906784992800e+16
1.466701942530794668e+03 1.889554730369044800e+16
1.467035511314631322e+03 1.889670864450662400e+16
1.467369080098468203e+03 1.889785301660514400e+16
1.467702648882305311e+03 1.889898034813581200e+16
1.468036217666142193e+03 1.890009056910477200e+16
1.468369786449979074e+03 1.890118361138745600e+16
1.468703355233815728e+03 1.890225940874127600e+16
1.469036924017652609e+03 1.890331789681806800e+16
1.469370492801489718e+03 1.890435901317620000e+16
1.469704061585326599e+03 1.890538269729250800e+16
1.470037630369163480e+03 1.890638889057388800e+16
1.470371199153000362e+03 1.890737753636862800e+16
1.470704767936837015e+03 1.890834857997744800e+16
1.471038336720674124e+03 1.890930196866426400e+16
1.471371905504511005e+03 1.891023765166667600e+16
1.471705474288347887e+03 1.891115558020614400e+16
1.472039043072184768e+03 1.891205570749784800e+16
1.472372611856021649e+03 1.891293798876030800e+16
1.472706180639858530e+03 1.891380238122470400e+16
1.473039749423695412e+03 1.891464884414377600e+16
1.473373318207532293e+03 1.891547733880057600e+16
1.473706886991369174e+03 1.891628782851681600e+16
1.474040455775206055e+03 1.891708027866093600e+16
1.474374024559043164e+03 1.891785465665587200e+16
1.474707593342879818e+03 1.891861093198643200e+16
1.475041162126716699e+03 1.891934907620647200e+16
1.475374730910553581e+03 1.892006906294569600e+16
1.475708299694390462e+03 1.892077086791606400e+16
1.476041868478227570e+03 1.892145446891804000e+16
1.476375437262064452e+03 1.892211984584632000e+16
1.476709006045901106e+03 1.892276698069544000e+16
1.477042574829737987e+03 1.892339585756484800e+16
1.477376143613574868e+03 1.892400646266380000e+16
1.477709712397411977e+03 1.892459878431588400e+16
1.478043281181248858e+03 1.892517281296316000e+16
1.478376849965085739e+03 1.892572854116999600e+16
1.478710418748922393e+03 1.892626596362664000e+16
1.479043987532759274e+03 1.892678507715234800e+16
1.479377556316596383e+03 1.892728588069820800e+16
1.479711125100433264e+03 1.892776837534964800e+16
1.480044693884270146e+03 1.892823256432860400e+16
1.480378262668106800e+03 1.892867845299536000e+16
1.480711831451943681e+03 1.892910604884997600e+16
1.481045400235780789e+03 1.892951536153345600e+16
1.481378969019617671e+03 1.892990640282854400e+16
1.481712537803454552e+03 1.893027918666017600e+16
1.482046106587291433e+03 1.893063372909560000e+16
1.482379675371128087e+03 1.893097004834415600e+16
1.482713244154965196e+03 1.893128816475668800e+16
1.483046812938802077e+03 1.893158810082462800e+16
1.483380381722638958e+03 1.893186988117881600e+16
1.483713950506475840e+03 1.893213353258784000e+16
1.484047519290312721e+03 1.893237908395609600e+16
1.484381088074149602e+03 1.893260656632162400e+16
1.484714656857986483e+03 1.893281601285334400e+16
1.485048225641823365e+03 1.893300745884826000e+16
1.485381794425660246e+03 1.893318094172808800e+16
1.485715363209497127e+03 1.893333650103565200e+16
1.486048931993334236e+03 1.893347417843098400e+16
1.486382500777170890e+03 1.893359401768692800e+16
1.486716069561007771e+03 1.893369606468464000e+16
1.487049638344844652e+03 1.893378036740856000e+16
1.487383207128681534e+03 1.893384697594115200e+16
1.487716775912518642e+03 1.893389594245731200e+16
1.488050344696355523e+03 1.893392732121836000e+16
1.488383913480192177e+03 1.893394116856592400e+16
1.488717482264029059e+03 1.893393754291517600e+16
1.489051051047865940e+03 1.893391650474809200e+16
1.489384619831703048e+03 1.893387811660610400e+16
1.489718188615539930e+03 1.893382244308260800e+16
1.490051757399376811e+03 1.893374955081512800e+16
1.490385326183213465e+03 1.893365950847712000e+16
1.490718894967050346e+03 1.893355238676949200e+16
1.491052463750887455e+03 1.893342825841184400e+16
1.491386032534724336e+03 1.893328719813331200e+16
1.491719601318561217e+03 1.893312928266326800e+16
1.492053170102397871e+03 1.893295459072157200e+16
1.492386738886234752e+03 1.893276320300856000e+16
1.492720307670071861e+03 1.893255520219481200e+16
1.493053876453908742e+03 1.893233067291053200e+16
1.493387445237745624e+03 1.893208970173470800e+16
1.493721014021582505e+03 1.893183237718397600e+16
1.494054582805419159e+03 1.893155878970112800e+16
1.494388151589256040e+03 1.893126903164349600e+16
1.494721720373093149e+03 1.893096319727088000e+16
1.495055289156930030e+03 1.893064138273334400e+16
1.495388857940766911e+03 1.893030368605867200e+16
1.495722426724603793e+03 1.892995020713962800e+16
1.496055995508440446e+03 1.892958104772076000e+16
1.496389564292277555e+03 1.892919631138529600e+16
1.496723133076114436e+03 1.892879610354142000e+16
1.497056701859951318e+03 1.892838053140856000e+16
1.497390270643788199e+03 1.892794970400326800e+16
1.497723839427624853e+03 1.892750373212495200e+16
1.498057408211461961e+03 1.892704272834133600e+16
1.498390976995298843e+03 1.892656680697370800e+16
1.498724545779135724e+03 1.892607608408181600e+16
1.499058114562972605e+03 1.892557067744880000e+16
1.499391683346809486e+03 1.892505070656566400e+16
1.499725252130646595e+03 1.892451629261556000e+16
1.500058820914483249e+03 1.892396755845798000e+16
1.500392389698320130e+03 1.892340462861264000e+16
1.500725958482157012e+03 1.892282762924320800e+16
1.501059527265993893e+03 1.892223668814078400e+16
1.501393096049831001e+03 1.892163193470722800e+16
1.501726664833667883e+03 1.892101349993824800e+16
1.502060233617504537e+03 1.892038151640640400e+16
1.502393802401341418e+03 1.891973611824378400e+16
1.502727371185178299e+03 1.891907744112462800e+16
1.503060939969015408e+03 1.891840562224769200e+16
1.503394508752852289e+03 1.891772080031852000e+16
1.503728077536688943e+03 1.891702311553146000e+16
1.504061646320525824e+03 1.891631270955165600e+16
1.504395215104362705e+03 1.891558972549670400e+16
1.504728783888199814e+03 1.891485430791837600e+16
1.505062352672036695e+03 1.891410660278393200e+16
1.505395921455873577e+03 1.891334675745755600e+16
1.505729490239710231e+03 1.891257492068153600e+16
1.506063059023547112e+03 1.891179124255729600e+16
1.506396627807384220e+03 1.891099587452626800e+16
1.506730196591221102e+03 1.891018896935080800e+16
1.507063765375057983e+03 1.890937068109480800e+16
1.507397334158894864e+03 1.890854116510435600e+16
1.507730902942731518e+03 1.890770057798809600e+16
1.508064471726568627e+03 1.890684907759772400e+16
1.508398040510405508e+03 1.890598682300818400e+16
1.508731609294242389e+03 1.890511397449788000e+16
1.509065178078079271e+03 1.890423069352875200e+16
1.509398746861915924e+03 1.890333714272635200e+16
1.509732315645753033e+03 1.890243348585973200e+16
1.510065884429589914e+03 1.890151988782127600e+16
1.510399453213426796e+03 1.890059651460656800e+16
1.510733021997263677e+03 1.889966353329410000e+16
1.511066590781100558e+03 1.889872111202491600e+16
1.511400159564937667e+03 1.889776941998227200e+16
1.511733728348774321e+03 1.889680862737116000e+16
1.512067297132611202e+03 1.889583890539790400e+16
1.512400865916448083e+03 1.889486042624961600e+16
1.512734434700284964e+03 1.889387336307358400e+16
1.513068003484122073e+03 1.889287788995679200e+16
1.513401572267958954e+03 1.889187418190525600e+16
1.513735141051795608e+03 1.889086241482343600e+16
1.514068709835632490e+03 1.888984276549352400e+16
1.514402278619469371e+03 1.888881541155489600e+16
1.514735847403306479e+03 1.888778053148332800e+16
1.515069416187143361e+03 1.888673830457043200e+16
1.515402984970980015e+03 1.888568891090290800e+16
1.515736553754816896e+03 1.888463253134194000e+16
1.516070122538653777e+03 1.888356934750256800e+16
1.516403691322490886e+03 1.888249954173294000e+16
1.516737260106327767e+03 1.888142329709378000e+16
1.517070828890164648e+03 1.888034079733781200e+16
1.517404397674001302e+03 1.887925222688912800e+16
1.517737966457838183e+03 1.887815777082267200e+16
1.518071535241675292e+03 1.887705761484376000e+16
1.518405104025512173e+03 1.887595194526753600e+16
1.518738672809349055e+03 1.887484094899870000e+16
1.519072241593185936e+03 1.887372481351096000e+16
1.519405810377022590e+03 1.887260372682682400e+16
1.519739379160859698e+03 1.887147787749730400e+16
1.520072947944696580e+03 1.887034745458167200e+16
1.520406516728533461e+03 1.886921264762734400e+16
1.520740085512370342e+03 1.886807364664978400e+16
1.521073654296206996e+03 1.886693064211252000e+16
1.521407223080044105e+03 1.886578382490716000e+16
1.521740791863880986e+03 1.886463338633353200e+16
1.522074360647717867e+03 1.886347951807993600e+16
1.522407929431554749e+03 1.886232241220343200e+16
1.522741498215391630e+03 1.886116226111020800e+16
1.523075066999228738e+03 1.885999925753608800e+16
1.523408635783065392e+03 1.885883359452704400e+16
1.523742204566902274e+03 1.885766546541995200e+16
1.524075773350739155e+03 1.885649506382333200e+16
1.524409342134576036e+03 1.885532258359816000e+16
1.524742910918413145e+03 1.885414821883890400e+16
1.525076479702250026e+03 1.885297216385462000e+16
1.525410048486086680e+03 1.885179461315013200e+16
1.525743617269923561e+03 1.885061576140729600e+16
1.526077186053760443e+03 1.884943580346656000e+16
1.526410754837597551e+03 1.884825493430839200e+16
1.526744323621434432e+03 1.884707334903502400e+16
1.527077892405271086e+03 1.884589124285220000e+16
1.527411461189107968e+03 1.884470881105118400e+16
1.527745029972944849e+03 1.884352624899078400e+16
1.528078598756781957e+03 1.884234375207950400e+16
1.528412167540618839e+03 1.884116151575793600e+16
1.528745736324455720e+03 1.883997973548120000e+16
1.529079305108292374e+03 1.883879860670156800e+16
1.529412873892129255e+03 1.883761832485120400e+16
1.529746442675966364e+03 1.883643908532507200e+16
1.530080011459803245e+03 1.883526108346392000e+16
1.530413580243640126e+03 1.883408451453760400e+16
1.530747149027477008e+03 1.883290957372826800e+16
1.531080717811313662e+03 1.883173645611396800e+16
1.531414286595150770e+03 1.883056535665225600e+16
1.531747855378987651e+03 1.882939647016401600e+16
1.532081424162824533e+03 1.882822999131734400e+16
1.532414992946661414e+03 1.882706611461183200e+16
1.532748561730498068e+03 1.882590503436268800e+16
1.533082130514335176e+03 1.882474694468528400e+16
1.533415699298172058e+03 1.882359203947969600e+16
1.533749268082008939e+03 1.882244051241556000e+16
1.534082836865845820e+03 1.882129255691692400e+16
1.534416405649682702e+03 1.882014836614742400e+16
1.534749974433519810e+03 1.881900813299553600e+16
1.535083543217356464e+03 1.881787205006002400e+16
1.535417112001193345e+03 1.881674030963555600e+16
1.535750680785030227e+03 1.881561310369851200e+16
1.536084249568867108e+03 1.881449062389294400e+16
1.536417818352704217e+03 1.881337306151673200e+16
1.536751387136540870e+03 1.881226060750782800e+16
1.537084955920377752e+03 1.881115345243087200e+16
1.537418524704214633e+03 1.881005178646371600e+16
1.537752093488051514e+03 1.880895579938441200e+16
1.538085662271888623e+03 1.880786568055812000e+16
1.538419231055725504e+03 1.880678161892437200e+16
1.538752799839562158e+03 1.880570380298442400e+16
1.539086368623399039e+03 1.880463242078888400e+16
1.539419937407235921e+03 1.880356765992533600e+16
1.539753506191073029e+03 1.880250970750634800e+16
1.540087074974909910e+03 1.880145875015756000e+16
1.540420643758746792e+03 1.880041497400596800e+16
1.540754212542583446e+03 1.879937856466837200e+16
1.541087781326420327e+03 1.879834970724000400e+16
1.541421350110257436e+03 1.879732858628346000e+16
1.541754918894094317e+03 1.879631538581753600e+16
1.542088487677931198e+03 1.879531028930660400e+16
1.542422056461768079e+03 1.879431347964982800e+16
1.542755625245604733e+03 1.879332513917084000e+16
1.543089194029441842e+03 1.879234544960738400e+16
1.543422762813278723e+03 1.879137459210130800e+16
1.543756331597115604e+03 1.879041274718859600e+16
1.544089900380952486e+03 1.878946009478971200e+16
1.544423469164789140e+03 1.878851681419998800e+16
1.544757037948626248e+03 1.878758308408035200e+16
1.545090606732463129e+03 1.878665908244804800e+16
1.545424175516300011e+03 1.878574498666772800e+16
1.545757744300136892e+03 1.878484097344258400e+16
1.546091313083973773e+03 1.878394721880568000e+16
1.546424881867810882e+03 1.878306389811155200e+16
1.546758450651647536e+03 1.878219118602787600e+16
1.547092019435484417e+03 1.878132925652737600e+16
1.547425588219321298e+03 1.878047828287986400e+16
1.547759157003158180e+03 1.877963843764452000e+16
1.548092725786995288e+03 1.877880989266227600e+16
1.548426294570831942e+03 1.877799281904844000e+16
1.548759863354668823e+03 1.877718738718539600e+16
1.549093432138505705e+03 1.877639376671563200e+16
1.549427000922342586e+03 1.877561212653475600e+16
1.549760569706179695e+03 1.877484263478486400e+16
1.550094138490016576e+03 1.877408545884788800e+16
1.550427707273853230e+03 1.877334076533928800e+16
1.550761276057690111e+03 1.877260872010184000e+16
1.551094844841526992e+03 1.877188948819953200e+16
1.551428413625364101e+03 1.877118323391172000e+16
1.551761982409200982e+03 1.877049012072742000e+16
1.552095551193037863e+03 1.876981031133972000e+16
1.552429119976874517e+03 1.876914396764045600e+16
1.552762688760711399e+03 1.876849125071486400e+16
1.553096257544548507e+03 1.876785232083665200e+16
1.553429826328385388e+03 1.876722733746298400e+16
1.553763395112222270e+03 1.876661645922982800e+16
1.554096963896059151e+03 1.876601984394721600e+16
1.554430532679895805e+03 1.876543764859498400e+16
1.554764101463732914e+03 1.876487002931837600e+16
1.555097670247569795e+03 1.876431714142389600e+16
1.555431239031406676e+03 1.876377913937542000e+16
1.555764807815243557e+03 1.876325617679030400e+16
1.556098376599080211e+03 1.876274840643574000e+16
1.556431945382917320e+03 1.876225598022519600e+16
1.556765514166754201e+03 1.876177904921502000e+16
1.557099082950591082e+03 1.876131776360128000e+16
1.557432651734427964e+03 1.876087227271660000e+16
1.557766220518264845e+03 1.876044272502718800e+16
1.558099789302101954e+03 1.876002926813011600e+16
1.558433358085938607e+03 1.875963204875053600e+16
1.558766926869775489e+03 1.875925121273926000e+16
1.559100495653612370e+03 1.875888690507028400e+16
1.559434064437449251e+03 1.875853926983853200e+16
1.559767633221286360e+03 1.875820845025779200e+16
1.560101202005123014e+03 1.875789458865863600e+16
1.560434770788959895e+03 1.875759782648661200e+16
1.560768339572796776e+03 1.875731830430048800e+16
1.561101908356633658e+03 1.875705616177064400e+16
1.561435477140470766e+03 1.875681153767765600e+16
1.561769045924307648e+03 1.875658456991074400e+16
1.562102614708144301e+03 1.875637539546681600e+16
1.562436183491981183e+03 1.875618415044915200e+16
1.562769752275818064e+03 1.875601097006646800e+16
1.563103321059655173e+03 1.875585598863208800e+16
1.563436889843492054e+03 1.875571933956310800e+16
1.563770458627328935e+03 1.875560115537982400e+16
1.564104027411165589e+03 1.875550156770520800e+16
1.564437596195002470e+03 1.875542070726441600e+16
1.564771164978839579e+03 1.875535870388458400e+16
1.565104733762676460e+03 1.875531568649456800e+16
1.565438302546513341e+03 1.875529178312488800e+16
1.565771871330350223e+03 1.875528712090772800e+16
1.566105440114186877e+03 1.875530182607707200e+16
1.566439008898023985e+03 1.875533602396897600e+16
1.566772577681860867e+03 1.875538983902179200e+16
1.567106146465697748e+03 1.875546339477671200e+16
1.567439715249534629e+03 1.875555681387821600e+16
1.567773284033371283e+03 1.875567021807473200e+16
1.568106852817208392e+03 1.875580372821936800e+16
1.568440421601045273e+03 1.875595746427068000e+16
1.568773990384882154e+03 1.875613154529362800e+16
1.569107559168719035e+03 1.875632608946054000e+16
1.569441127952555917e+03 1.875654121405220400e+16
1.569774696736393025e+03 1.875677703545905600e+16
1.570108265520229679e+03 1.875703366918242000e+16
1.570441834304066560e+03 1.875731122983585600e+16
1.570775403087903442e+03 1.875760983114660800e+16
1.571108971871740323e+03 1.875792958595705600e+16
1.571442540655577432e+03 1.875827060622638400e+16
1.571776109439414086e+03 1.875863300303216800e+16
1.572109678223250967e+03 1.875901688657216800e+16
1.572443247007087848e+03 1.875942236616612800e+16
1.572776815790924729e+03 1.875984955025768000e+16
1.573110384574761838e+03 1.876029854641628000e+16
1.573443953358598719e+03 1.876076946133926000e+16
1.573777522142435373e+03 1.876126240085396400e+16
1.574111090926272254e+03 1.876177746991985600e+16
1.574444659710109136e+03 1.876231477263081600e+16
1.574778228493946244e+03 1.876287441221741200e+16
1.575111797277783126e+03 1.876345649104926400e+16
1.575445366061620007e+03 1.876406111063749600e+16
1.575778934845456661e+03 1.876468837163725200e+16
1.576112503629293542e+03 1.876533837385012800e+16
1.576446072413130651e+03 1.876601121622695200e+16
1.576779641196967532e+03 1.876670699687027200e+16
1.577113209980804413e+03 1.876742581303722000e+16
1.577446778764641294e+03 1.876816776114220000e+16
1.577780347548477948e+03 1.876893293675973600e+16
1.578113916332315057e+03 1.876972143462737600e+16
1.578447485116151938e+03 1.877053334864855200e+16
1.578781053899988819e+03 1.877136877189560800e+16
1.579114622683825701e+03 1.877222779661280800e+16
1.579448191467662355e+03 1.877311051421943200e+16
1.579781760251499463e+03 1.877401701531281200e+16
1.580115329035336345e+03 1.877494738967152000e+16
1.580448897819173226e+03 1.877590172625863200e+16
1.580782466603010107e+03 1.877688011322487200e+16
1.581116035386846988e+03 1.877788263791190400e+16
1.581449604170683642e+03 1.877890938685570400e+16
1.581783172954520751e+03 1.877996044578986800e+16
1.582116741738357632e+03 1.878103589964895200e+16
1.582450310522194513e+03 1.878213583257196800e+16
1.582783879306031395e+03 1.878326032790584000e+16
1.583117448089868276e+03 1.878440946820881600e+16
1.583451016873705157e+03 1.878558333525404800e+16
1.583784585657542038e+03 1.878678201003309200e+16
1.584118154441378920e+03 1.878800557275951200e+16
1.584451723225215801e+03 1.878925410287252800e+16
1.584785292009052682e+03 1.879052767904048800e+16
1.585118860792889791e+03 1.879182637916472000e+16
1.585452429576726445e+03 1.879315028038302800e+16
1.585785998360563326e+03 1.879449945907351200e+16
1.586119567144400207e+03 1.879587399085822400e+16
1.586453135928237089e+03 1.879727395060695200e+16
1.586786704712074197e+03 1.879869941244095600e+16
1.587120273495911078e+03 1.880015044973672000e+16
1.587453842279747732e+03 1.880162713512978000e+16
1.587787411063584614e+03 1.880312954051856400e+16
1.588120979847421495e+03 1.880465773706815200e+16
1.588454548631258604e+03 1.880621179521417200e+16
1.588788117415095485e+03 1.880779178466659200e+16
1.589121686198932366e+03 1.880939777441367600e+16
1.589455254982769020e+03 1.881102983272578400e+16
1.589788823766605901e+03 1.881268802715932000e+16
1.590122392550443010e+03 1.881437242456056000e+16
1.590455961334279891e+03 1.881608309106960800e+16
1.590789530118116772e+03 1.881782009212432400e+16
1.591123098901953426e+03 1.881958349246420000e+16
1.591456667685790308e+03 1.882137335613428400e+16
1.591790236469627416e+03 1.882318974648918000e+16
1.592123805253464297e+03 1.882503272619688800e+16
1.592457374037301179e+03 1.882690235724282000e+16
1.592790942821138060e+03 1.882879870093366400e+16
1.593124511604974714e+03 1.883072181790142400e+16
1.593458080388811823e+03 1.883267176810726400e+16
1.593791649172648704e+03 1.883464861084549600e+16
1.594125217956485585e+03 1.883665240474750400e+16
1.594458786740322466e+03 1.883868320778570800e+16
1.594792355524159348e+03 1.884074107727748800e+16
1.595125924307996229e+03 1.884282606988905600e+16
1.595459493091833110e+03 1.884493824163948800e+16
1.595793061875669991e+03 1.884707764790456800e+16
1.596126630659506873e+03 1.884924434342072000e+16
1.596460199443343754e+03 1.885143838228893600e+16
1.596793768227180863e+03 1.885365981797864800e+16
1.597127337011017516e+03 1.885590870333165200e+16
1.597460905794854398e+03 1.885818509056598400e+16
1.597794474578691279e+03 1.886048903127974400e+16
1.598128043362528160e+03 1.886282057645504400e+16
1.598461612146365269e+03 1.886517977646183200e+16
1.598795180930202150e+03 1.886756668106166800e+16
1.599128749714038804e+03 1.886998133941166000e+16
1.599462318497875685e+03 1.887242380006820000e+16
1.599795887281712567e+03 1.887489411099082000e+16
1.600129456065549675e+03 1.887739231954592800e+16
1.600463024849386557e+03 1.887991847251061600e+16
1.600796593633223438e+03 1.888247261607642800e+16
1.601130162417060092e+03 1.888505479585306800e+16
1.601463731200896973e+03 1.888766505687215200e+16
1.601797299984734082e+03 1.889030344359091200e+16
1.602130868768570963e+03 1.889296999989586400e+16
1.602464437552407844e+03 1.889566476910649600e+16
1.602798006336244498e+03 1.889838779397895600e+16
1.603131575120081379e+03 1.890113911670961600e+16
1.603465143903918488e+03 1.890391877893872400e+16
1.603798712687755369e+03 1.890672682175398400e+16
1.604132281471592250e+03 1.890956328569416400e+16
1.604465850255429132e+03 1.891242821075258400e+16
1.604799419039265786e+03 1.891532163638068400e+16
1.605132987823102894e+03 1.891824360149153600e+16
1.605466556606939776e+03 1.892119414446328000e+16
1.605800125390776657e+03 1.892417330314262400e+16
1.606133694174613538e+03 1.892718111484824000e+16
1.606467262958450419e+03 1.893021761637422400e+16
1.606800831742287301e+03 1.893328284399342400e+16
1.607134400526124182e+03 1.893637683346083200e+16
1.607467969309961063e+03 1.893949962001688400e+16
1.607801538093797944e+03 1.894265123839082400e+16
1.608135106877634826e+03 1.894583172280389600e+16
1.608468675661471934e+03 1.894904110697269200e+16
1.608802244445308588e+03 1.895227942411226000e+16
1.609135813229145469e+03 1.895554670693940800e+16
1.609469382012982351e+03 1.895884298767579200e+16
1.609802950796819232e+03 1.896216829805109600e+16
1.610136519580656341e+03 1.896552266930612400e+16
1.610470088364493222e+03 1.896890613219586800e+16
1.610803657148329876e+03 1.897231871699255200e+16
1.611137225932166757e+03 1.897576045348866400e+16
1.611470794716003638e+03 1.897923137099995200e+16
1.611804363499840747e+03 1.898273149836835200e+16
1.612137932283677628e+03 1.898626086396486400e+16
1.612471501067514509e+03 1.898981949569255600e+16
1.612805069851351163e+03 1.899340742098934400e+16
1.613138638635188045e+03 1.899702466683079200e+16
1.613472207419025153e+03 1.900067125973299200e+16
1.613805776202862035e+03 1.900434722575519200e+16
1.614139344986698916e+03 1.900805259050267200e+16
1.614472913770535570e+03 1.901178737912930400e+16
1.614806482554372451e+03 1.901555161634025600e+16
1.615140051338209560e+03 1.901934532639463200e+16
1.615473620122046441e+03 1.902316853310805600e+16
1.615807188905883322e+03 1.902702125985509600e+16
1.616140757689720203e+03 1.903090352957200000e+16
1.616474326473556857e+03 1.903481536475897600e+16
1.616807895257393966e+03 1.903875678748275200e+16
1.617141464041230847e+03 1.904272781937888000e+16
1.617475032825067728e+03 1.904672848165420000e+16
1.617808601608904610e+03 1.905075879508911200e+16
1.618142170392741491e+03 1.905481878003989600e+16
1.618475739176578372e+03 1.905890845644091600e+16
1.618809307960415254e+03 1.906302784380688800e+16
1.619142876744252135e+03 1.906717696123503600e+16
1.619476445528089016e+03 1.907135582740725600e+16
1.619810014311925897e+03 1.907556446059215200e+16
1.620143583095763006e+03 1.907980287864717200e+16
1.620477151879599660e+03 1.908407109902056800e+16
1.620810720663436541e+03 1.908836913875343200e+16
1.621144289447273422e+03 1.909269701448156400e+16
1.621477858231110304e+03 1.909705474243747200e+16
1.621811427014947412e+03 1.910144233845215600e+16
1.622144995798784294e+03 1.910585981795696000e+16
1.622478564582620947e+03 1.911030719598530800e+16
1.622812133366457829e+03 1.911478448717451600e+16
1.623145702150294710e+03 1.911929170576746400e+16
1.623479270934131819e+03 1.912382886561419200e+16
1.623812839717968700e+03 1.912839598017358800e+16
1.624146408501805581e+03 1.913299306251494400e+16
1.624479977285642235e+03 1.913762012531945600e+16
1.624813546069479116e+03 1.914227718088172000e+16
1.625147114853316225e+03 1.914696424111123600e+16
1.625480683637153106e+03 1.915168131753369600e+16
1.625814252420989988e+03 1.915642842129246400e+16
1.626147821204826641e+03 1.916120556314980000e+16
1.626481389988663523e+03 1.916601275348818000e+16
1.626814958772500631e+03 1.917085000231152000e+16
1.627148527556337513e+03 1.917571731924636000e+16
1.627482096340174394e+03 1.918061471354294800e+16
1.627815665124011275e+03 1.918554219407645600e+16
1.628149233907847929e+03 1.919049976934791200e+16
1.628482802691685038e+03 1.919548744748532000e+16
1.628816371475521919e+03 1.920050523624446400e+16
1.629149940259358800e+03 1.920555314301001600e+16
1.629483509043195681e+03 1.921063117479627600e+16
1.629817077827032563e+03 1.921573933824804800e+16
1.630150646610869444e+03 1.922087763964140800e+16
1.630484215394706325e+03 1.922604608488444800e+16
1.630817784178543207e+03 1.923124467951796000e+16
1.631151352962380088e+03 1.923647342871611200e+16
1.631484921746216969e+03 1.924173233728699200e+16
1.631818490530054078e+03 1.924702140967318400e+16
1.632152059313890732e+03 1.925234064995227200e+16
1.632485628097727613e+03 1.925769006183734800e+16
1.632819196881564494e+03 1.926306964867732000e+16
1.633152765665401375e+03 1.926847941345737200e+16
1.633486334449238484e+03 1.927391935879923200e+16
1.633819903233075365e+03 1.927938948696145200e+16
1.634153472016912019e+03 1.928488979983961600e+16
1.634487040800748900e+03 1.929042029896656000e+16
1.634820609584585782e+03 1.929598098551246800e+16
1.635154178368422890e+03 1.930157186028491600e+16
1.635487747152259772e+03 1.930719292372896800e+16
1.635821315936096653e+03 1.931284417592713600e+16
1.636154884719933307e+03 1.931852561659927200e+16
1.636488453503770188e+03 1.932423724510252800e+16
1.636822022287607297e+03 1.932997906043110400e+16
1.637155591071444178e+03 1.933575106121614000e+16
1.637489159855281059e+03 1.934155324572534800e+16
1.637822728639117713e+03 1.934738561186275600e+16
1.638156297422954594e+03 1.935324815716836800e+16
1.638489866206791703e+03 1.935914087881770400e+16
1.638823434990628584e+03 1.936506377362137600e+16
1.639157003774465466e+03 1.937101683802453600e+16
1.639490572558302347e+03 1.937700006810638400e+16
1.639824141342139001e+03 1.938301345957950800e+16
1.640157710125976109e+03 1.938905700778921600e+16
1.640491278909812991e+03 1.939513070771284800e+16
1.640824847693649872e+03 1.940123455395903600e+16
1.641158416477486753e+03 1.940736854076686400e+16
1.641491985261323634e+03 1.941353266200496800e+16
1.641825554045160516e+03 1.941972691117072800e+16
1.642159122828997397e+03 1.942595128138916800e+16
1.642492691612834278e+03 1.943220576541208800e+16
1.642826260396671159e+03 1.943849035561682400e+16
1.643159829180508041e+03 1.944480504400531600e+16
1.643493397964345149e+03 1.945114982220280000e+16
1.643826966748181803e+03 1.945752468145664000e+16
1.644160535532018685e+03 1.946392961263502800e+16
1.644494104315855566e+03 1.947036460622569200e+16
1.644827673099692447e+03 1.947682965233450000e+16
1.645161241883529556e+03 1.948332474068405200e+16
1.645494810667366437e+03 1.948984986061210800e+16
1.645828379451203091e+03 1.949640500107016800e+16
1.646161948235039972e+03 1.950299015062183200e+16
1.646495517018876853e+03 1.950960529744114400e+16
1.646829085802713962e+03 1.951625042931092800e+16
1.647162654586550843e+03 1.952292553362101600e+16
1.647496223370387725e+03 1.952963059736646400e+16
1.647829792154224378e+03 1.953636560714569600e+16
1.648163360938061260e+03 1.954313054915860400e+16
1.648496929721898368e+03 1.954992540920454400e+16
1.648830498505735250e+03 1.955675017268038000e+16
1.649164067289572131e+03 1.956360482457841200e+16
1.649497636073408785e+03 1.957048934948418400e+16
1.649831204857245666e+03 1.957740373157440400e+16
1.650164773641082775e+03 1.958434795461467200e+16
1.650498342424919656e+03 1.959132200195715600e+16
1.650831911208756537e+03 1.959832585653831200e+16
1.651165479992593419e+03 1.960535950087648800e+16
1.651499048776430072e+03 1.961242291706946400e+16
1.651832617560267181e+03 1.961951608679192800e+16
1.652166186344104062e+03 1.962663899129293600e+16
1.652499755127940944e+03 1.963379161139335600e+16
1.652833323911777825e+03 1.964097392748310400e+16
1.653166892695614706e+03 1.964818591951849600e+16
1.653500461479451587e+03 1.965542756701948800e+16
1.653834030263288469e+03 1.966269884906675200e+16
1.654167599047125350e+03 1.966999974429888000e+16
1.654501167830962231e+03 1.967733023090942400e+16
1.654834736614799112e+03 1.968469028664387600e+16
1.655168305398636221e+03 1.969207988879666400e+16
1.655501874182472875e+03 1.969949901420798400e+16
1.655835442966309756e+03 1.970694763926067600e+16
1.656169011750146637e+03 1.971442573987702400e+16
1.656502580533983519e+03 1.972193329151544800e+16
1.656836149317820627e+03 1.972947026916720400e+16
1.657169718101657509e+03 1.973703664735296000e+16
1.657503286885494163e+03 1.974463240011944000e+16
1.657836855669331044e+03 1.975225750103582800e+16
1.658170424453167925e+03 1.975991192319030400e+16
1.658503993237005034e+03 1.976759563918635200e+16
1.658837562020841915e+03 1.977530862113918400e+16
1.659171130804678796e+03 1.978305084067199600e+16
1.659504699588515450e+03 1.979082226891214400e+16
1.659838268372352331e+03 1.979862287648740800e+16
1.660171837156189440e+03 1.980645263352198400e+16
1.660505405940026321e+03 1.981431150963268000e+16
1.660838974723863203e+03 1.982219947392481200e+16
1.661172543507699856e+03 1.983011649498820800e+16
1.661506112291536738e+03 1.983806254089309600e+16
1.661839681075373846e+03 1.984603757918591200e+16
1.662173249859210728e+03 1.985404157688510400e+16
1.662506818643047609e+03 1.986207450047682400e+16
1.662840387426884490e+03 1.987013631591066400e+16
1.663173956210721144e+03 1.987822698859518400e+16
1.663507524994558253e+03 1.988634648339355200e+16
1.663841093778395134e+03 1.989449476461897600e+16
1.664174662562232015e+03 1.990267179603018000e+16
1.664508231346068897e+03 1.991087754082681600e+16
1.664841800129905778e+03 1.991911196164474400e+16
1.665175368913742432e+03 1.992737502055136400e+16
1.665508937697579540e+03 1.993566667904085200e+16
1.665842506481416422e+03 1.994398689802922400e+16
1.666176075265253303e+03 1.995233563784957600e+16
1.666509644049090184e+03 1.996071285824708000e+16
1.666843212832926838e+03 1.996911851837399200e+16
1.667176781616763947e+03 1.997755257678464400e+16
1.667510350400600828e+03 1.998601499143024000e+16
1.667843919184437709e+03 1.999450571965380800e+16
1.668177487968274590e+03 2.000302471818493200e+16
1.668511056752111472e+03 2.001157194313446000e+16
1.668844625535948580e+03 2.002014734998925600e+16
1.669178194319785234e+03 2.002875089360673600e+16
1.669511763103622116e+03 2.003738252820951200e+16
1.669845331887458997e+03 2.004604220737984800e+16
1.670178900671295878e+03 2.005472988405416000e+16
1.670512469455132987e+03 2.006344551051746000e+16
1.670846038238969868e+03 2.007218903839760000e+16
1.671179607022806522e+03 2.008096041865968000e+16
1.671513175806643403e+03 2.008975960160026800e+16
1.671846744590480284e+03 2.009858653684159600e+16
1.672180313374317393e+03 2.010744117332571200e+16
1.672513882158154274e+03 2.011632345930855200e+16
1.672847450941990928e+03 2.012523334235400400e+16
1.673181019725827809e+03 2.013417076932794000e+16
1.673514588509664691e+03 2.014313568639206400e+16
1.673848157293501799e+03 2.015212803899789200e+16
1.674181726077338681e+03 2.016114777188054800e+16
1.674515294861175562e+03 2.017019482905256000e+16
1.674848863645012216e+03 2.017926915379762000e+16
1.675182432428849097e+03 2.018837068866424800e+16
1.675516001212686206e+03 2.019749937545945200e+16
1.675849569996523087e+03 2.020665515524232800e+16
1.676183138780359968e+03 2.021583796831760000e+16
1.676516707564196849e+03 2.022504775422908400e+16
1.676850276348033503e+03 2.023428445175323200e+16
1.677183845131870612e+03 2.024354799889244000e+16
1.677517413915707493e+03 2.025283833286842400e+16
1.677850982699544375e+03 2.026215539011559600e+16
1.678184551483381256e+03 2.027149910627425600e+16
1.678518120267217910e+03 2.028086941618385600e+16
1.678851689051055018e+03 2.029026625387616800e+16
1.679185257834891900e+03 2.029968955256836000e+16
1.679518826618728781e+03 2.030913924465622400e+16
1.679852395402565662e+03 2.031861526170708000e+16
1.680185964186402543e+03 2.032811753445286400e+16
1.680519532970239652e+03 2.033764599278304400e+16
1.680853101754076306e+03 2.034720056573754400e+16
1.681186670537913187e+03 2.035678118149968800e+16
1.681520239321750068e+03 2.036638776738894400e+16
1.681853808105586950e+03 2.037602024985380000e+16
1.682187376889424058e+03 2.038567855446450400e+16
1.682520945673260940e+03 2.039536260590576400e+16
1.682854514457097594e+03 2.040507232796946400e+16
1.683188083240934475e+03 2.041480764354728400e+16
1.683521652024771356e+03 2.042456847462339200e+16
1.683855220808608465e+03 2.043435474226693200e+16
1.684188789592445346e+03 2.044416636662455200e+16
1.684522358376282000e+03 2.045400326691307200e+16
1.684855927160118881e+03 2.046386536141176800e+16
1.685189495943955762e+03 2.047375256745496800e+16
1.685523064727792871e+03 2.048366480142437600e+16
1.685856633511629752e+03 2.049360197874146400e+16
1.686190202295466634e+03 2.050356401385993200e+16
1.686523771079303287e+03 2.051355082025788400e+16
1.686857339863140169e+03 2.052356231043022000e+16
1.687190908646977277e+03 2.053359839588092000e+16
1.687524477430814159e+03 2.054365898711520800e+16
1.687858046214651040e+03 2.055374399363187200e+16
1.688191614998487921e+03 2.056385332391539600e+16
1.688525183782324575e+03 2.057398688542815200e+16
1.688858752566161684e+03 2.058414458460260800e+16
1.689192321349998565e+03 2.059432632683337200e+16
1.689525890133835446e+03 2.060453201646934400e+16
1.689859458917672328e+03 2.061476155680587200e+16
1.690193027701508981e+03 2.062501485007674400e+16
1.690526596485346090e+03 2.063529179744629600e+16
1.690860165269182971e+03 2.064559229900145600e+16
1.691193734053019853e+03 2.065591625374378000e+16
1.691527302836856734e+03 2.066626355958147200e+16
1.691860871620693615e+03 2.067663411332137600e+16
1.692194440404530724e+03 2.068702781066101600e+16
1.692528009188367378e+03 2.069744454618057200e+16
1.692861577972204259e+03 2.070788421333486400e+16
1.693195146756041140e+03 2.071834670444532000e+16
1.693528715539878021e+03 2.072883191069196800e+16
1.693862284323715130e+03 2.073933972210544800e+16
1.694195853107552011e+03 2.074987002755886000e+16
1.694529421891388665e+03 2.076042271475985600e+16
1.694862990675225547e+03 2.077099767024260800e+16
1.695196559459062428e+03 2.078159477935971200e+16
1.695530128242899536e+03 2.079221392627416800e+16
1.695863697026736418e+03 2.080285499395143600e+16
1.696197265810573072e+03 2.081351786415141200e+16
1.696530834594409953e+03 2.082420241742037600e+16
1.696864403378246834e+03 2.083490853308301600e+16
1.697197972162083943e+03 2.084563608923453200e+16
1.697531540945920824e+03 2.085638496273255200e+16
1.697865109729757705e+03 2.086715502918931200e+16
1.698198678513594359e+03 2.087794616296358800e+16
1.698532247297431240e+03 2.088875823715292400e+16
1.698865816081268349e+03 2.089959112358568400e+16
1.699199384865105230e+03 2.091044469281312800e+16
1.699532953648942112e+03 2.092131881410170400e+16
1.699866522432778993e+03 2.093221335542508800e+16
1.700200091216615647e+03 2.094312818345652400e+16
1.700533660000452755e+03 2.095406316356100400e+16
1.700867228784289637e+03 2.096501815978751200e+16
1.701200797568126518e+03 2.097599303486141600e+16
1.701534366351963399e+03 2.098698765017679600e+16
1.701867935135800053e+03 2.099800186578877600e+16
1.702201503919637162e+03 2.100903554040599200e+16
1.702535072703474043e+03 2.102008853138305600e+16
1.702868641487310924e+03 2.103116069471309600e+16
1.703202210271147806e+03 2.104225188502024400e+16
1.703535779054984687e+03 2.105336195555232800e+16
1.703869347838821795e+03 2.106449075817350400e+16
1.704202916622658449e+03 2.107563814335692000e+16
1.704536485406495331e+03 2.108680396017757200e+16
1.704870054190332212e+03 2.109798805630502800e+16
1.705203622974169093e+03 2.110919027799645600e+16
1.705537191758006202e+03 2.112041047008944400e+16
1.705870760541842856e+03 2.113164847599507200e+16
1.706204329325679737e+03 2.114290413769100000e+16
1.706537898109516618e+03 2.115417729571459200e+16
1.706871466893353499e+03 2.116546778915619200e+16
1.707205035677190608e+03 2.117677545565238000e+16
1.707538604461027489e+03 2.118810013137931600e+16
1.707872173244864143e+03 2.119944165104631200e+16
1.708205742028701025e+03 2.121079984788927200e+16
1.708539310812537906e+03 2.122217455366432000e+16
1.708872879596375014e+03 2.123356559864158000e+16
1.709206448380211896e+03 2.124497281159889200e+16
1.709540017164048777e+03 2.125639601981581600e+16
1.709873585947885431e+03 2.126783504906746400e+16
1.710207154731722312e+03 2.127928972361875200e+16
1.710540723515559421e+03 2.129075986621849600e+16
1.710874292299396302e+03 2.130224529809371200e+16
1.711207861083233183e+03 2.131374583894404800e+16
1.711541429867070065e+03 2.132526130693627600e+16
1.711874998650906718e+03 2.133679151869887200e+16
1.712208567434743827e+03 2.134833628931687200e+16
1.712542136218580708e+03 2.135989543232654800e+16
1.712875705002417590e+03 2.137146875971052800e+16
1.713209273786254471e+03 2.138305608189285600e+16
1.713542842570091125e+03 2.139465720773418800e+16
1.713876411353928233e+03 2.140627194452715200e+16
1.714209980137765115e+03 2.141790009799183200e+16
1.714543548921601996e+03 2.142954147227144800e+16
1.714877117705438877e+03 2.144119586992801600e+16
1.715210686489275759e+03 2.145286309193834400e+16
1.715544255273112867e+03 2.146454293769002000e+16
1.715877824056949521e+03 2.147623520497760400e+16
1.716211392840786402e+03 2.148793968999902800e+16
1.716544961624623284e+03 2.149965618735200800e+16
1.716878530408460165e+03 2.151138449003079200e+16
1.717212099192297273e+03 2.152312438942290000e+16
1.717545667976133927e+03 2.153487567530614800e+16
1.717879236759970809e+03 2.154663813584576400e+16
1.718212805543807690e+03 2.155841155759169600e+16
1.718546374327644571e+03 2.157019572547616800e+16
1.718879943111481680e+03 2.158199042281124400e+16
1.719213511895318561e+03 2.159379543128670400e+16
1.719547080679155215e+03 2.160561053096811200e+16
1.719880649462992096e+03 2.161743550029497600e+16
1.720214218246828977e+03 2.162927011607917200e+16
1.720547787030666086e+03 2.164111415350348000e+16
1.720881355814502967e+03 2.165296738612042400e+16
1.721214924598339849e+03 2.166482958585126400e+16
1.721548493382176503e+03 2.167670052298511600e+16
1.721882062166013384e+03 2.168857996617840800e+16
1.722215630949850492e+03 2.170046768245443200e+16
1.722549199733687374e+03 2.171236343720316800e+16
1.722882768517524255e+03 2.172426699418128400e+16
1.723216337301361136e+03 2.173617811551244000e+16
1.723549906085197790e+03 2.174809656168768800e+16
1.723883474869034899e+03 2.176002209156616000e+16
1.724217043652871780e+03 2.177195446237600400e+16
1.724550612436708661e+03 2.178389342971553600e+16
1.724884181220545543e+03 2.179583874755460800e+16
1.725217750004382196e+03 2.180779016823616800e+16
1.725551318788219305e+03 2.181974744247823600e+16
1.725884887572056186e+03 2.183171031937586800e+16
1.726218456355893068e+03 2.184367854640360000e+16
1.726552025139729949e+03 2.185565186941798400e+16
1.726885593923566830e+03 2.186763003266048400e+16
1.727219162707403939e+03 2.187961277876056400e+16
1.727552731491240593e+03 2.189159984873899600e+16
1.727886300275077474e+03 2.190359098201160800e+16
1.728219869058914355e+03 2.191558591639302000e+16
1.728553437842751237e+03 2.192758438810094800e+16
1.728887006626588345e+03 2.193958613176056000e+16
1.729220575410424999e+03 2.195159088040919200e+16
1.729554144194261880e+03 2.196359836550132800e+16
1.729887712978098762e+03 2.197560831691387200e+16
1.730221281761935643e+03 2.198762046295175200e+16
1.730554850545772752e+03 2.199963453035361600e+16
1.730888419329609633e+03 2.201165024429810400e+16
1.731221988113446287e+03 2.202366732841018800e+16
1.731555556897283168e+03 2.203568550476786400e+16
1.731889125681120049e+03 2.204770449390924400e+16
1.732222694464957158e+03 2.205972401483978000e+16
1.732556263248794039e+03 2.207174378503990400e+16
1.732889832032630920e+03 2.208376352047298400e+16
1.733223400816467574e+03 2.209578293559348000e+16
1.733556969600304456e+03 2.210780174335553600e+16
1.733890538384141564e+03 2.211981965522182800e+16
1.734224107167978445e+03 2.213183638117271200e+16
1.734557675951815327e+03 2.214385162971567200e+16
1.734891244735652208e+03 2.215586510789522400e+16
1.735224813519488862e+03 2.216787652130300000e+16
1.735558382303325970e+03 2.217988557408810800e+16
1.735891951087162852e+03 2.219189196896807200e+16
1.736225519870999733e+03 2.220389540723985600e+16
1.736559088654836614e+03 2.221589558879132000e+16
1.736892657438673268e+03 2.222789221211298000e+16
1.737226226222510377e+03 2.223988497431016000e+16
1.737559795006347258e+03 2.225187357111540800e+16
1.737893363790184139e+03 2.226385769690132400e+16
1.738226932574021021e+03 2.227583704469366800e+16
1.738560501357857902e+03 2.228781130618480400e+16
1.738894070141695011e+03 2.229978017174760000e+16
1.739227638925531664e+03 2.231174333044953600e+16
1.739561207709368546e+03 2.232370047006718800e+16
1.739894776493205427e+03 2.233565127710120000e+16
1.740228345277042308e+03 2.234759543679140000e+16
1.740561914060879417e+03 2.235953263313240000e+16
1.740895482844716071e+03 2.237146254888950400e+16
1.741229051628552952e+03 2.238338486561499200e+16
1.741562620412389833e+03 2.239529926366476000e+16
1.741896189196226715e+03 2.240720542221528800e+16
1.742229757980063823e+03 2.241910301928096800e+16
1.742563326763900704e+03 2.243099173173183600e+16
1.742896895547737358e+03 2.244287123531157200e+16
1.743230464331574240e+03 2.245474120465600400e+16
1.743564033115411121e+03 2.246660131331179600e+16
1.743897601899248230e+03 2.247845123375563600e+16
1.744231170683085111e+03 2.249029063741368800e+16
1.744564739466921992e+03 2.250211919468150400e+16
1.744898308250758646e+03 2.251393657494419600e+16
1.745231877034595527e+03 2.252574244659700000e+16
1.745565445818432636e+03 2.253753647706626400e+16
1.745899014602269517e+03 2.254931833283067200e+16
1.746232583386106398e+03 2.256108767944296000e+16
1.746566152169943280e+03 2.257284418155189200e+16
1.746899720953779934e+03 2.258458750292466400e+16
1.747233289737617042e+03 2.259631730646959200e+16
1.747566858521453923e+03 2.260803325425922400e+16
1.747900427305290805e+03 2.261973500755377600e+16
1.748233996089127686e+03 2.263142222682494000e+16
1.748567564872964340e+03 2.264309457177999200e+16
1.748901133656801449e+03 2.265475170138636400e+16
1.749234702440638330e+03 2.266639327389643600e+16
1.749568271224475211e+03 2.267801894687278400e+16
1.749901840008312092e+03 2.268962837721369600e+16
1.750235408792148974e+03 2.270122122117908800e+16
1.750568977575986082e+03 2.271279713441679200e+16
1.750902546359822736e+03 2.272435577198904000e+16
1.751236115143659617e+03 2.273589678839947600e+16
1.751569683927496499e+03 2.274741983762038400e+16
1.751903252711333380e+03 2.275892457312032800e+16
1.752236821495170261e+03 2.277041064789198400e+16
1.752570390279007142e+03 2.278187771448056400e+16
1.752903959062844024e+03 2.279332542501228000e+16
1.753237527846680905e+03 2.280475343122326400e+16
1.753571096630517786e+03 2.281616138448890800e+16
1.753904665414354668e+03 2.282754893585332400e+16
1.754238234198191776e+03 2.283891573605928400e+16
1.754571802982028430e+03 2.285026143557833600e+16
1.754905371765865311e+03 2.286158568464138800e+16
1.755238940549702193e+03 2.287288813326942400e+16
1.755572509333539074e+03 2.288416843130464800e+16
1.755906078117376182e+03 2.289542622844192000e+16
1.756239646901213064e+03 2.290666117426037600e+16
1.756573215685049718e+03 2.291787291825541200e+16
1.756906784468886599e+03 2.292906110987104000e+16
1.757240353252723480e+03 2.294022539853236000e+16
1.757573922036560589e+03 2.295136543367837200e+16
1.757907490820397470e+03 2.296248086479509600e+16
1.758241059604234351e+03 2.297357134144898400e+16
1.758574628388071005e+03 2.298463651332044800e+16
1.758908197171907887e+03 2.299567603023777200e+16
1.759241765955744995e+03 2.300668954221127200e+16
1.759575334739581876e+03 2.301767669946764800e+16
1.759908903523418758e+03 2.302863715248454400e+16
1.760242472307255412e+03 2.303957055202550400e+16
1.760576041091092293e+03 2.305047654917494000e+16
1.760909609874929401e+03 2.306135479537355200e+16
1.761243178658766283e+03 2.307220494245368000e+16
1.761576747442603164e+03 2.308302664267516000e+16
1.761910316226440045e+03 2.309381954876121600e+16
1.762243885010276699e+03 2.310458331393460800e+16
1.762577453794113808e+03 2.311531759195387200e+16
1.762911022577950689e+03 2.312602203714991200e+16
1.763244591361787570e+03 2.313669630446262400e+16
1.763578160145624452e+03 2.314734004947778800e+16
1.763911728929461333e+03 2.315795292846406800e+16
1.764245297713298214e+03 2.316853459841016800e+16
1.764578866497135095e+03 2.317908471706213200e+16
1.764912435280971977e+03 2.318960294296089600e+16
1.765246004064808858e+03 2.320008893547980000e+16
1.765579572848645739e+03 2.321054235486232800e+16
1.765913141632482848e+03 2.322096286226002400e+16
1.766246710416319502e+03 2.323135011977032000e+16
1.766580279200156383e+03 2.324170379047472400e+16
1.766913847983993264e+03 2.325202353847686000e+16
1.767247416767830146e+03 2.326230902894081600e+16
1.767580985551667254e+03 2.327255992812944000e+16
1.767914554335504135e+03 2.328277590344262800e+16
1.768248123119340789e+03 2.329295662345594400e+16
1.768581691903177671e+03 2.330310175795904000e+16
1.768915260687014552e+03 2.331321097799421600e+16
1.769248829470851661e+03 2.332328395589502400e+16
1.769582398254688542e+03 2.333332036532490800e+16
1.769915967038525423e+03 2.334331988131580400e+16
1.770249535822362077e+03 2.335328218030684800e+16
1.770583104606198958e+03 2.336320694018300000e+16
1.770916673390036067e+03 2.337309384031369600e+16
1.771250242173872948e+03 2.338294256159147600e+16
1.771583810957709829e+03 2.339275278647061600e+16
1.771917379741546483e+03 2.340252419900565200e+16
1.772250948525383365e+03 2.341225648488996800e+16
1.772584517309220473e+03 2.342194933149425600e+16
1.772918086093057354e+03 2.343160242790489600e+16
1.773251654876894236e+03 2.344121546496232000e+16
1.773585223660731117e+03 2.345078813529930400e+16
1.773918792444567771e+03 2.346032013337910000e+16
1.774252361228404880e+03 2.346981115553351200e+16
1.774585930012241761e+03 2.347926090000086800e+16
1.774919498796078642e+03 2.348866906696388800e+16
1.775253067579915523e+03 2.349803535858734400e+16
1.775586636363752405e+03 2.350735947905568400e+16
1.775920205147589286e+03 2.351664113461042400e+16
1.776253773931426167e+03 2.352588003358742400e+16
1.776587342715263048e+03 2.353507588645407600e+16
1.776920911499099930e+03 2.354422840584603200e+16
1.777254480282936811e+03 2.355333730660419200e+16
1.777588049066773920e+03 2.356240230581108000e+16
1.777921617850610573e+03 2.357142312282719600e+16
1.778255186634447455e+03 2.358039947932720400e+16
1.778588755418284336e+03 2.358933109933580000e+16
1.778922324202121217e+03 2.359821770926339200e+16
1.779255892985958326e+03 2.360705903794143600e+16
1.779589461769795207e+03 2.361585481665772000e+16
1.779923030553631861e+03 2.362460477919120800e+16
1.780256599337468742e+03 2.363330866184666000e+16
1.780590168121305624e+03 2.364196620348899200e+16
1.780923736905142732e+03 2.365057714557734800e+16
1.781257305688979613e+03 2.365914123219883200e+16
1.781590874472816495e+03 2.366765821010195200e+16
1.781924443256653149e+03 2.367612782872978800e+16
1.782258012040490030e+03 2.368454984025270400e+16
1.782591580824327139e+03 2.369292399960092000e+16
1.782925149608164020e+03 2.370125006449650800e+16
1.783258718392000901e+03 2.370952779548524800e+16
1.783592287175837555e+03 2.371775695596792800e+16
1.783925855959674436e+03 2.372593731223145200e+16
1.784259424743511545e+03 2.373406863347944000e+16
1.784592993527348426e+03 2.374215069186243600e+16
1.784926562311185307e+03 2.375018326250778400e+16
1.785260131095022189e+03 2.375816612354911200e+16
1.785593699878858843e+03 2.376609905615527600e+16
1.785927268662695951e+03 2.377398184455900000e+16
1.786260837446532832e+03 2.378181427608503200e+16
1.786594406230369714e+03 2.378959614117786000e+16
1.786927975014206595e+03 2.379732723342903600e+16
1.787261543798043476e+03 2.380500734960391200e+16
1.787595112581880358e+03 2.381263628966808000e+16
1.787928681365717239e+03 2.382021385681317600e+16
1.788262250149554120e+03 2.382773985748236000e+16
1.788595818933391001e+03 2.383521410139518400e+16
1.788929387717227883e+03 2.384263640157203200e+16
1.789262956501064991e+03 2.385000657435809200e+16
1.789596525284901645e+03 2.385732443944666000e+16
1.789930094068738526e+03 2.386458981990213600e+16
1.790263662852575408e+03 2.387180254218242400e+16
1.790597231636412289e+03 2.387896243616073600e+16
1.790930800420249398e+03 2.388606933514688000e+16
1.791264369204086279e+03 2.389312307590816800e+16
1.791597937987922933e+03 2.390012349868952800e+16
1.791931506771759814e+03 2.390707044723327600e+16
1.792265075555596695e+03 2.391396376879820400e+16
1.792598644339433804e+03 2.392080331417817600e+16
1.792932213123270685e+03 2.392758893772011200e+16
1.793265781907107566e+03 2.393432049734146000e+16
1.793599350690944220e+03 2.394099785454693600e+16
1.793932919474781102e+03 2.394762087444497600e+16
1.794266488258618210e+03 2.395418942576327200e+16
1.794600057042455092e+03 2.396070338086392400e+16
1.794933625826291973e+03 2.396716261575792800e+16
1.795267194610128627e+03 2.397356701011912000e+16
1.795600763393965508e+03 2.397991644729740400e+16
1.795934332177802617e+03 2.398621081433154000e+16
1.796267900961639498e+03 2.399245000196107200e+16
1.796601469745476379e+03 2.399863390463800400e+16
1.796935038529313260e+03 2.400476242053749600e+16
1.797268607313149914e+03 2.401083545156817600e+16
1.797602176096987023e+03 2.401685290338173600e+16
1.797935744880823904e+03 2.402281468538190400e+16
1.798269313664660785e+03 2.402872071073286800e+16
1.798602882448497667e+03 2.403457089636698800e+16
1.798936451232334548e+03 2.404036516299185600e+16
1.799270020016171429e+03 2.404610343509690400e+16
1.799603588800008310e+03 2.405178564095909600e+16
1.799937157583845192e+03 2.405741171264826400e+16
1.800270726367682073e+03 2.406298158603161600e+16
1.800604295151518954e+03 2.406849520077775200e+16
1.800937863935356063e+03 2.407395250035989600e+16
1.801271432719192717e+03 2.407935343205864800e+16
1.801605001503029598e+03 2.408469794696392000e+16
1.801938570286866479e+03 2.408998599997646400e+16
1.802272139070703361e+03 2.409521754980857200e+16
1.802605707854540469e+03 2.410039255898417200e+16
1.802939276638377351e+03 2.410551099383840000e+16
1.803272845422214004e+03 2.411057282451643200e+16
1.803606414206050886e+03 2.411557802497169600e+16
1.803939982989887767e+03 2.412052657296351200e+16
1.804273551773724876e+03 2.412541845005406000e+16
1.804607120557561757e+03 2.413025364160466400e+16
1.804940689341398638e+03 2.413503213677158800e+16
1.805274258125235292e+03 2.413975392850109200e+16
1.805607826909072173e+03 2.414441901352389600e+16
1.805941395692909282e+03 2.414902739234908400e+16
1.806274964476746163e+03 2.415357906925726400e+16
1.806608533260583044e+03 2.415807405229325600e+16
1.806942102044419698e+03 2.416251235325807600e+16
1.807275670828256580e+03 2.416689398770036400e+16
1.807609239612093688e+03 2.417121897490718400e+16
1.807942808395930570e+03 2.417548733789418400e+16
1.808276377179767451e+03 2.417969910339528000e+16
1.808609945963604332e+03 2.418385430185162000e+16
1.808943514747440986e+03 2.418795296740004000e+16
1.809277083531278095e+03 2.419199513786087200e+16
1.809610652315114976e+03 2.419598085472525600e+16
1.809944221098951857e+03 2.419991016314181200e+16
1.810277789882788738e+03 2.420378311190275200e+16
1.810611358666625620e+03 2.420759975342946800e+16
1.810944927450462501e+03 2.421136014375752000e+16
1.811278496234299382e+03 2.421506434252105600e+16
1.811612065018136263e+03 2.421871241293677600e+16
1.811945633801973145e+03 2.422230442178721600e+16
1.812279202585810026e+03 2.422584043940363200e+16
1.812612771369647135e+03 2.422932053964824800e+16
1.812946340153483789e+03 2.423274479989601600e+16
1.813279908937320670e+03 2.423611330101592800e+16
1.813613477721157551e+03 2.423942612735169200e+16
1.813947046504994432e+03 2.424268336670198000e+16
1.814280615288831541e+03 2.424588511030019200e+16
1.814614184072668422e+03 2.424903145279360800e+16
1.814947752856505076e+03 2.425212249222228000e+16
1.815281321640341957e+03 2.425515832999721600e+16
1.815614890424178839e+03 2.425813907087820000e+16
1.815948459208015947e+03 2.426106482295122800e+16
1.816282027991852829e+03 2.426393569760521600e+16
1.816615596775689710e+03 2.426675180950866800e+16
1.816949165559526364e+03 2.426951327658549600e+16
1.817282734343363245e+03 2.427222021999070000e+16
1.817616303127200354e+03 2.427487276408550000e+16
1.817949871911037235e+03 2.427747103641200800e+16
1.818283440694874116e+03 2.428001516766758400e+16
1.818617009478710770e+03 2.428250529167879200e+16
1.818950578262547651e+03 2.428494154537489600e+16
1.819284147046384760e+03 2.428732406876098400e+16
1.819617715830221641e+03 2.428965300489073600e+16
1.819951284614058522e+03 2.429192849983885600e+16
1.820284853397895404e+03 2.429415070267314000e+16
1.820618422181732058e+03 2.429631976542605200e+16
1.820951990965569166e+03 2.429843584306618400e+16
1.821285559749406048e+03 2.430049909346920400e+16
1.821619128533242929e+03 2.430250967738860000e+16
1.821952697317079810e+03 2.430446775842598400e+16
1.822286266100916691e+03 2.430637350300121200e+16
1.822619834884753573e+03 2.430822708032212800e+16
1.822953403668590454e+03 2.431002866235404800e+16
1.823286972452427335e+03 2.431177842378894400e+16
1.823620541236264216e+03 2.431347654201438400e+16
1.823954110020101098e+03 2.431512319708217600e+16
1.824287678803938206e+03 2.431671857167682400e+16
1.824621247587774860e+03 2.431826285108356000e+16
1.824954816371611741e+03 2.431975622315644000e+16
1.825288385155448623e+03 2.432119887828593200e+16
1.825621953939285504e+03 2.432259100936642000e+16
1.825955522723122613e+03 2.432393281176345200e+16
1.826289091506959494e+03 2.432522448328084800e+16
1.826622660290796148e+03 2.432646622412758800e+16
1.826956229074633029e+03 2.432765823688443600e+16
1.827289797858469910e+03 2.432880072647052000e+16
1.827623366642307019e+03 2.432989390010966800e+16
1.827956935426143900e+03 2.433093796729660800e+16
1.828290504209980782e+03 2.433193313976304000e+16
1.828624072993817435e+03 2.433287963144351200e+16
1.828957641777654317e+03 2.433377765844123200e+16
1.829291210561491425e+03 2.433462743899373600e+16
1.829624779345328307e+03 2.433542919343840000e+16
1.829958348129165188e+03 2.433618314417797600e+16
1.830291916913001842e+03 2.433688951564583200e+16
1.830625485696838723e+03 2.433754853427130400e+16
1.830959054480675832e+03 2.433816042844485600e+16
1.831292623264512713e+03 2.433872542848319600e+16
1.831626192048349594e+03 2.433924376659433600e+16
1.831959760832186475e+03 2.433971567684263600e+16
1.832293329616023129e+03 2.434014139511369200e+16
1.832626898399860238e+03 2.434052115907938000e+16
1.832960467183697119e+03 2.434085520816261600e+16
1.833294035967534001e+03 2.434114378350235200e+16
1.833627604751370882e+03 2.434138712791836000e+16
1.833961173535207763e+03 2.434158548587620000e+16
1.834294742319044644e+03 2.434173910345197600e+16
1.834628311102881526e+03 2.434184822829728000e+16
1.834961879886718407e+03 2.434191310960409600e+16
1.835295448670555288e+03 2.434193399806970400e+16
1.835629017454392169e+03 2.434191114586168000e+16
1.835962586238228823e+03 2.434184480658286800e+16
1.836296155022065932e+03 2.434173523523643200e+16
1.836629723805902813e+03 2.434158268819102400e+16
1.836963292589739694e+03 2.434138742314586000e+16
1.837296861373576576e+03 2.434114969909612800e+16
1.837630430157413457e+03 2.434086977629812800e+16
1.837963998941250566e+03 2.434054791623485200e+16
1.838297567725087220e+03 2.434018438158136800e+16
1.838631136508924101e+03 2.433977943617051200e+16
1.838964705292760982e+03 2.433933334495850000e+16
1.839298274076597863e+03 2.433884637399086000e+16
1.839631842860434972e+03 2.433831879036832000e+16
1.839965411644271853e+03 2.433775086221282800e+16
1.840298980428108507e+03 2.433714285863380000e+16
1.840632549211945388e+03 2.433649504969446800e+16
1.840966117995782270e+03 2.433580770637832000e+16
1.841299686779619378e+03 2.433508110055569600e+16
1.841633255563456260e+03 2.433431550495058800e+16
1.841966824347292913e+03 2.433351119310765600e+16
1.842300393131129795e+03 2.433266843935920000e+16
1.842633961914966676e+03 2.433178751879248000e+16
1.842967530698803785e+03 2.433086870721724400e+16
1.843301099482640666e+03 2.432991228113320800e+16
1.843634668266477547e+03 2.432891851769801600e+16
1.843968237050314201e+03 2.432788769469512800e+16
1.844301805834151082e+03 2.432682009050212800e+16
1.844635374617988191e+03 2.432571598405906800e+16
1.844968943401825072e+03 2.432457565483704400e+16
1.845302512185661953e+03 2.432339938280710800e+16
1.845636080969498835e+03 2.432218744840922400e+16
1.845969649753335489e+03 2.432094013252157200e+16
1.846303218537172597e+03 2.431965771642992000e+16
1.846636787321009479e+03 2.431834048179748000e+16
1.846970356104846360e+03 2.431698871063467200e+16
1.847303924888683241e+03 2.431560268526946000e+16
1.847637493672519895e+03 2.431418268831756800e+16
1.847971062456357004e+03 2.431272900265327200e+16
1.848304631240193885e+03 2.431124191138017600e+16
1.848638200024030766e+03 2.430972169780244800e+16
1.848971768807867647e+03 2.430816864539611600e+16
1.849305337591704529e+03 2.430658303778074800e+16
1.849638906375541637e+03 2.430496515869136800e+16
1.849972475159378291e+03 2.430331529195054800e+16
1.850306043943215172e+03 2.430163372144087200e+16
1.850639612727052054e+03 2.429992073107762400e+16
1.850973181510888935e+03 2.429817660478170800e+16
1.851306750294726044e+03 2.429640162645292000e+16
1.851640319078562925e+03 2.429459607994332800e+16
1.851973887862399579e+03 2.429276024903117200e+16
1.852307456646236460e+03 2.429089441739483200e+16
1.852641025430073341e+03 2.428899886858718000e+16
1.852974594213910450e+03 2.428707388601016000e+16
1.853308162997747331e+03 2.428511975288963200e+16
1.853641731781583985e+03 2.428313675225065600e+16
1.853975300565420866e+03 2.428112516689282400e+16
1.854308869349257748e+03 2.427908527936605600e+16
1.854642438133094856e+03 2.427701737194664000e+16
1.854976006916931738e+03 2.427492172661346400e+16
1.855309575700768619e+03 2.427279862502475200e+16
1.855643144484605273e+03 2.427064834849482000e+16
1.855976713268442154e+03 2.426847117797136000e+16
1.856310282052279263e+03 2.426626739401291200e+16
1.856643850836116144e+03 2.426403727676657600e+16
1.856977419619953025e+03 2.426178110594611600e+16
1.857310988403789906e+03 2.425949916081036000e+16
1.857644557187626560e+03 2.425719172014183200e+16
1.857978125971463669e+03 2.425485906222564000e+16
1.858311694755300550e+03 2.425250146482882400e+16
1.858645263539137432e+03 2.425011920517984400e+16
1.858978832322974313e+03 2.424771255994846800e+16
1.859312401106810967e+03 2.424528180522580000e+16
1.859645969890648075e+03 2.424282721650488800e+16
1.859979538674484957e+03 2.424034906866125600e+16
1.860313107458321838e+03 2.423784763593409600e+16
1.860646676242158719e+03 2.423532319190747600e+16
1.860980245025995600e+03 2.423277600949200000e+16
1.861313813809832709e+03 2.423020636090671200e+16
1.861647382593669363e+03 2.422761451766129200e+16
1.861980951377506244e+03 2.422500075053855200e+16
1.862314520161343125e+03 2.422236532957720400e+16
1.862648088945180007e+03 2.421970852405501200e+16
1.862981657729017115e+03 2.421703060247206000e+16
1.863315226512853997e+03 2.421433183253444800e+16
1.863648795296690651e+03 2.421161248113828800e+16
1.863982364080527532e+03 2.420887281435388400e+16
1.864315932864364413e+03 2.420611309741028800e+16
1.864649501648201522e+03 2.420333359468007200e+16
1.864983070432038403e+03 2.420053456966444400e+16
1.865316639215875057e+03 2.419771628497864000e+16
1.865650207999711938e+03 2.419487900233757200e+16
1.865983776783548819e+03 2.419202298254172000e+16
1.866317345567385928e+03 2.418914848546341200e+16
1.866650914351222809e+03 2.418625577003331200e+16
1.866984483135059691e+03 2.418334509422713600e+16
1.867318051918896344e+03 2.418041671505276000e+16
1.867651620702733226e+03 2.417747088853748000e+16
1.867985189486570334e+03 2.417450786971568800e+16
1.868318758270407216e+03 2.417152791261660400e+16
1.868652327054244097e+03 2.416853127025247200e+16
1.868985895838080978e+03 2.416551819460700800e+16
1.869319464621917632e+03 2.416248893662395200e+16
1.869653033405754741e+03 2.415944374619600000e+16
1.869986602189591622e+03 2.415638287215405200e+16
1.870320170973428503e+03 2.415330656225652400e+16
1.870653739757265384e+03 2.415021506317919200e+16
1.870987308541102038e+03 2.414710862050497600e+16
1.871320877324939147e+03 2.414398747871426400e+16
1.871654446108776028e+03 2.414085188117525600e+16
1.871988014892612910e+03 2.413770207013471600e+16
1.872321583676449791e+03 2.413453828670888800e+16
1.872655152460286672e+03 2.413136077087467200e+16
1.872988721244123781e+03 2.412816976146104800e+16
1.873322290027960435e+03 2.412496549614076000e+16
1.873655858811797316e+03 2.412174821142211200e+16
1.873989427595634197e+03 2.411851814264122400e+16
1.874322996379471078e+03 2.411527552395430800e+16
1.874656565163308187e+03 2.411202058833029200e+16
1.874990133947145068e+03 2.410875356754360000e+16
1.875323702730981722e+03 2.410547469216722800e+16
1.875657271514818603e+03 2.410218419156599600e+16
1.875990840298655485e+03 2.409888229388998400e+16
1.876324409082492593e+03 2.409556922606830400e+16
1.876657977866329475e+03 2.409224521380293600e+16
1.876991546650166129e+03 2.408891048156290400e+16
1.877325115434003010e+03 2.408556525257858000e+16
1.877658684217839891e+03 2.408220974883624000e+16
1.877992253001677000e+03 2.407884419107279600e+16
1.878325821785513881e+03 2.407546879877075200e+16
1.878659390569350762e+03 2.407208379015330800e+16
1.878992959353187416e+03 2.406868938217976000e+16
1.879326528137024297e+03 2.406528579054104000e+16
1.879660096920861406e+03 2.406187322965537600e+16
1.879993665704698287e+03 2.405845191266425600e+16
1.880327234488535169e+03 2.405502205142850800e+16
1.880660803272372050e+03 2.405158385652463200e+16
1.880994372056208704e+03 2.404813753724123200e+16
1.881327940840045812e+03 2.404468330157564800e+16
1.881661509623882694e+03 2.404122135623083200e+16
1.881995078407719575e+03 2.403775190661228000e+16
1.882328647191556456e+03 2.403427515682529200e+16
1.882662215975393110e+03 2.403079130967222000e+16
1.882995784759230219e+03 2.402730056665000800e+16
1.883329353543067100e+03 2.402380312794786800e+16
1.883662922326903981e+03 2.402029919244510000e+16
1.883996491110740862e+03 2.401678895770908000e+16
1.884330059894577744e+03 2.401327261999338400e+16
1.884663628678414852e+03 2.400975037423616000e+16
1.884997197462251506e+03 2.400622241405844800e+16
1.885330766246088388e+03 2.400268893176288400e+16
1.885664335029925269e+03 2.399915011833240800e+16
1.885997903813762150e+03 2.399560616342912800e+16
1.886331472597599259e+03 2.399205725539338000e+16
1.886665041381435913e+03 2.398850358124283600e+16
1.886998610165272794e+03 2.398494532667192000e+16
1.887332178949109675e+03 2.398138267605109200e+16
1.887665747732946556e+03 2.397781581242653600e+16
1.887999316516783665e+03 2.397424491751978000e+16
1.888332885300620546e+03 2.397067017172753600e+16
1.888666454084457200e+03 2.396709175412169200e+16
1.889000022868294081e+03 2.396350984244928400e+16
1.889333591652130963e+03 2.395992461313277200e+16
1.889667160435968071e+03 2.395633624127027200e+16
1.890000729219804953e+03 2.395274490063603200e+16
1.890334298003641834e+03 2.394915076368088800e+16
1.890667866787478488e+03 2.394555400153298000e+16
1.891001435571315369e+03 2.394195478399843200e+16
1.891335004355152478e+03 2.393835327956229600e+16
1.891668573138989359e+03 2.393474965538934000e+16
1.892002141922826240e+03 2.393114407732526000e+16
1.892335710706663122e+03 2.392753670989780800e+16
1.892669279490499775e+03 2.392392771631795200e+16
1.893002848274336884e+03 2.392031725848132000e+16
1.893336417058173765e+03 2.391670549696956000e+16
1.893669985842010647e+03 2.391309259105189600e+16
1.894003554625847528e+03 2.390947869868682800e+16
1.894337123409684182e+03 2.390586397652362800e+16
1.894670692193521290e+03 2.390224857990433200e+16
1.895004260977358172e+03 2.389863266286546400e+16
1.895337829761195053e+03 2.389501637814008400e+16
1.895671398545031934e+03 2.389139987715967600e+16
1.896004967328868815e+03 2.388778331005643200e+16
1.896338536112705924e+03 2.388416682566523200e+16
1.896672104896542578e+03 2.388055057152601200e+16
1.897005673680379459e+03 2.387693469388600400e+16
1.897339242464216341e+03 2.387331933770218400e+16
1.897672811248053222e+03 2.386970464664366800e+16
1.898006380031890330e+03 2.386609076309422400e+16
1.898339948815726984e+03 2.386247782815484800e+16
1.898673517599563866e+03 2.385886598164642400e+16
1.899007086383400747e+03 2.385525536211239200e+16
1.899340655167237628e+03 2.385164610682148000e+16
1.899674223951074737e+03 2.384803835177052400e+16
1.900007792734911618e+03 2.384443223168734000e+16
1.900341361518748272e+03 2.384082788003360800e+16
1.900674930302585153e+03 2.383722542900782000e+16
1.901008499086422034e+03 2.383362500954832800e+16
1.901342067870259143e+03 2.383002675133638000e+16
1.901675636654096024e+03 2.382643078279917200e+16
1.902009205437932906e+03 2.382283723111304800e+16
1.902342774221769560e+03 2.381924622220667200e+16
1.902676343005606441e+03 2.381565788076422800e+16
1.903009911789443549e+03 2.381207233022870000e+16
1.903343480573280431e+03 2.380848969280516800e+16
1.903677049357117312e+03 2.380491008946414000e+16
1.904010618140954193e+03 2.380133363994494000e+16
1.904344186924790847e+03 2.379776046275906800e+16
1.904677755708627956e+03 2.379419067519372800e+16
1.905011324492464837e+03 2.379062439331514400e+16
1.905344893276301718e+03 2.378706173197219600e+16
1.905678462060138600e+03 2.378350280479986800e+16
1.906012030843975253e+03 2.377994772422280800e+16
1.906345599627812362e+03 2.377639660145894000e+16
1.906679168411649243e+03 2.377284954652298400e+16
1.907012737195486125e+03 2.376930666823014400e+16
1.907346305979323006e+03 2.376576807419969600e+16
1.907679874763159887e+03 2.376223387085871600e+16
1.908013443546996996e+03 2.375870416344569200e+16
1.908347012330833650e+03 2.375517905601424400e+16
1.908680581114670531e+03 2.375165865143684000e+16
1.909014149898507412e+03 2.374814305140853600e+16
1.909347718682344293e+03 2.374463235645072000e+16
1.909681287466181402e+03 2.374112666591486400e+16
1.910014856250018056e+03 2.373762607798622400e+16
1.910348425033854937e+03 2.373413068968779200e+16
1.910681993817691819e+03 2.373064059688390400e+16
1.911015562601528700e+03 2.372715589428412000e+16
1.911349131385365808e+03 2.372367667544707600e+16
1.911682700169202690e+03 2.372020303278421600e+16
1.912016268953039344e+03 2.371673505756368800e+16
1.912349837736876225e+03 2.371327283991410400e+16
1.912683406520713106e+03 2.370981646882843600e+16
1.913016975304550215e+03 2.370636603216783200e+16
1.913350544088387096e+03 2.370292161666542800e+16
1.913684112872223977e+03 2.369948330793022400e+16
1.914017681656060631e+03 2.369605119045092800e+16
1.914351250439897512e+03 2.369262534759980800e+16
1.914684819223734621e+03 2.368920586163650400e+16
1.915018388007571502e+03 2.368579281371189600e+16
1.915351956791408384e+03 2.368238628387195200e+16
1.915685525575245265e+03 2.367898635106160000e+16
1.916019094359081919e+03 2.367559309312844800e+16
1.916352663142919027e+03 2.367220658682679600e+16
1.916686231926755909e+03 2.366882690782133600e+16
1.917019800710592790e+03 2.366545413069102400e+16
1.917353369494429671e+03 2.366208832893288800e+16
1.917686938278266325e+03 2.365872957496589200e+16
1.918020507062103434e+03 2.365537794013472000e+16
1.918354075845940315e+03 2.365203349471350400e+16
1.918687644629777196e+03 2.364869630790976400e+16
1.919021213413614078e+03 2.364536644786810000e+16
1.919354782197450959e+03 2.364204398167401200e+16
1.919688350981288067e+03 2.363872897535764000e+16
1.920021919765124721e+03 2.363542149389755200e+16
1.920355488548961603e+03 2.363212160122451200e+16
1.920689057332798484e+03 2.362882936022520000e+16
1.921022626116635365e+03 2.362554483274595200e+16
1.921356194900472474e+03 2.362226807959650000e+16
1.921689763684309128e+03 2.361899916055363600e+16
1.922023332468146009e+03 2.361573813436499200e+16
1.922356901251982890e+03 2.361248505875268400e+16
1.922690470035819772e+03 2.360923999041696800e+16
1.923024038819656653e+03 2.360600298503995600e+16
1.923357607603493761e+03 2.360277409728926000e+16
1.923691176387330415e+03 2.359955338082158400e+16
1.924024745171167297e+03 2.359634088828640400e+16
1.924358313955004178e+03 2.359313667132960800e+16
1.924691882738841059e+03 2.358994078059702400e+16
1.925025451522678168e+03 2.358675326573806800e+16
1.925359020306515049e+03 2.358357417540925200e+16
1.925692589090351703e+03 2.358040355727784400e+16
1.926026157874188584e+03 2.357724145802536000e+16
1.926359726658025465e+03 2.357408792335108400e+16
1.926693295441862574e+03 2.357094299797561600e+16
1.927026864225699455e+03 2.356780672564434400e+16
1.927360433009536337e+03 2.356467914913099200e+16
1.927694001793372991e+03 2.356156031024104000e+16
1.928027570577209872e+03 2.355845024981523200e+16
1.928361139361046980e+03 2.355534900773301600e+16
1.928694708144883862e+03 2.355225662291592000e+16
1.929028276928720743e+03 2.354917313333104800e+16
1.929361845712557397e+03 2.354609857599446400e+16
1.929695414496394278e+03 2.354303298697456400e+16
1.930028983280231387e+03 2.353997640139544800e+16
1.930362552064068268e+03 2.353692885344031200e+16
1.930696120847905149e+03 2.353389037635477600e+16
1.931029689631742031e+03 2.353086100245024800e+16
1.931363258415578684e+03 2.352784076310717600e+16
1.931696827199415793e+03 2.352482968877844000e+16
1.932030395983252674e+03 2.352182780899256400e+16
1.932363964767089556e+03 2.351883515235704800e+16
1.932697533550926437e+03 2.351585174656162000e+16
1.933031102334763318e+03 2.351287761838144800e+16
1.933364671118600199e+03 2.350991279368048000e+16
1.933698239902437081e+03 2.350695729741453600e+16
1.934031808686273962e+03 2.350401115363462000e+16
1.934365377470110843e+03 2.350107438549004800e+16
1.934698946253947724e+03 2.349814701523169600e+16
1.935032515037784833e+03 2.349522906421516000e+16
1.935366083821621487e+03 2.349232055290388000e+16
1.935699652605458368e+03 2.348942150087229600e+16
1.936033221389295250e+03 2.348653192680903200e+16
1.936366790173132131e+03 2.348365184852000800e+16
1.936700358956969239e+03 2.348078128293150800e+16
1.937033927740806121e+03 2.347792024609331200e+16
1.937367496524642775e+03 2.347506875318184800e+16
1.937701065308479656e+03 2.347222681850318400e+16
1.938034634092316537e+03 2.346939445549612800e+16
1.938368202876153646e+03 2.346657167673534800e+16
1.938701771659990527e+03 2.346375849393433200e+16
1.939035340443827408e+03 2.346095491794852000e+16
1.939368909227664062e+03 2.345816095877828800e+16
1.939702478011500943e+03 2.345537662557200800e+16
1.940036046795338052e+03 2.345260192662903200e+16
1.940369615579174933e+03 2.344983686940272400e+16
1.940703184363011815e+03 2.344708146050348800e+16
1.941036753146848469e+03 2.344433570570172000e+16
1.941370321930685350e+03 2.344159960993084800e+16
1.941703890714522458e+03 2.343887317729026400e+16
1.942037459498359340e+03 2.343615641104833600e+16
1.942371028282196221e+03 2.343344931364540000e+16
1.942704597066033102e+03 2.343075188669669600e+16
1.943038165849869756e+03 2.342806413099532800e+16
1.943371734633706865e+03 2.342538604651526000e+16
1.943705303417543746e+03 2.342271763241424000e+16
1.944038872201380627e+03 2.342005888703677600e+16
1.944372440985217509e+03 2.341740980791706400e+16
1.944706009769054390e+03 2.341477039178197600e+16
1.945039578552891271e+03 2.341214063455395600e+16
1.945373147336728152e+03 2.340952053135400000e+16
1.945706716120565034e+03 2.340691007650457600e+16
1.946040284904401915e+03 2.340430926353260800e+16
1.946373853688238796e+03 2.340171808517238000e+16
1.946707422472075905e+03 2.339913653336851200e+16
1.947040991255912559e+03 2.339656459927883200e+16
1.947374560039749440e+03 2.339400227327744800e+16
1.947708128823586321e+03 2.339144954495758800e+16
1.948041697607423202e+03 2.338890640313460800e+16
1.948375266391260311e+03 2.338637283584893600e+16
1.948708835175097192e+03 2.338384883036897600e+16
1.949042403958933846e+03 2.338133437319418800e+16
1.949375972742770728e+03 2.337882945005793600e+16
1.949709541526607609e+03 2.337633404593053200e+16
1.950043110310444717e+03 2.337384814502217600e+16
1.950376679094281599e+03 2.337137173078595200e+16
1.950710247878118480e+03 2.336890478592084800e+16
1.951043816661955134e+03 2.336644729237469600e+16
1.951377385445792015e+03 2.336399923134721600e+16
1.951710954229629124e+03 2.336156058329304800e+16
1.952044523013466005e+03 2.335913132792469200e+16
1.952378091797302886e+03 2.335671144421564800e+16
1.952711660581139540e+03 2.335430091040338400e+16
1.953045229364976421e+03 2.335189970399242400e+16
1.953378798148813530e+03 2.334950780175739200e+16
1.953712366932650411e+03 2.334712517974608400e+16
1.954045935716487293e+03 2.334475181328260800e+16
1.954379504500324174e+03 2.334238767697041200e+16
1.954713073284160828e+03 2.334003274469544000e+16
1.955046642067997936e+03 2.333768698962925600e+16
1.955380210851834818e+03 2.333535038423218800e+16
1.955713779635671699e+03 2.333302290025646000e+16
1.956047348419508580e+03 2.333070450874942400e+16
1.956380917203345462e+03 2.332839518005669200e+16
1.956714485987182343e+03 2.332609488382537200e+16
1.957048054771019224e+03 2.332380358900729200e+16
1.957381623554856105e+03 2.332152126386221600e+16
1.957715192338692987e+03 2.331924787596114800e+16
1.958048761122529868e+03 2.331698339218960400e+16
1.958382329906366977e+03 2.331472777875087200e+16
1.958715898690203630e+03 2.331248100116936400e+16
1.959049467474040512e+03 2.331024302429396800e+16
1.959383036257877393e+03 2.330801381230140000e+16
1.959716605041714274e+03 2.330579332869958800e+16
1.960050173825551383e+03 2.330358153633107200e+16
1.960383742609388264e+03 2.330137839737642800e+16
1.960717311393224918e+03 2.329918387335777600e+16
1.961050880177061799e+03 2.329699792514217600e+16
1.961384448960898681e+03 2.329482051294524000e+16
1.961718017744735789e+03 2.329265159633453200e+16
1.962051586528572670e+03 2.329049113423324400e+16
1.962385155312409552e+03 2.328833908492370000e+16
1.962718724096246206e+03 2.328619540605102800e+16
1.963052292880083087e+03 2.328406005462669600e+16
1.963385861663920195e+03 2.328193298703232400e+16
1.963719430447757077e+03 2.327981415902324800e+16
1.964052999231593958e+03 2.327770352573232000e+16
1.964386568015430612e+03 2.327560104167364400e+16
1.964720136799267493e+03 2.327350666074634400e+16
1.965053705583104602e+03 2.327142033623840400e+16
1.965387274366941483e+03 2.326934202083048800e+16
1.965720843150778364e+03 2.326727166659985600e+16
1.966054411934615246e+03 2.326520922502427200e+16
1.966387980718451900e+03 2.326315464698590000e+16
1.966721549502289008e+03 2.326110788277536000e+16
1.967055118286125889e+03 2.325906888209564400e+16
1.967388687069962771e+03 2.325703759406630000e+16
1.967722255853799652e+03 2.325501396722738400e+16
1.968055824637636533e+03 2.325299794954364000e+16
1.968389393421473414e+03 2.325098948840868000e+16
1.968722962205310296e+03 2.324898853064913600e+16
1.969056530989147177e+03 2.324699502252887600e+16
1.969390099772984058e+03 2.324500890975332400e+16
1.969723668556820940e+03 2.324303013747375200e+16
1.970057237340658048e+03 2.324105865029158400e+16
1.970390806124494702e+03 2.323909439226280800e+16
1.970724374908331583e+03 2.323713730690242000e+16
1.971057943692168465e+03 2.323518733718887200e+16
1.971391512476005346e+03 2.323324442556856800e+16
1.971725081259842455e+03 2.323130851396037200e+16
1.972058650043679336e+03 2.322937954376029200e+16
1.972392218827515990e+03 2.322745745584602800e+16
1.972725787611352871e+03 2.322554219058165600e+16
1.973059356395189752e+03 2.322363368782234800e+16
1.973392925179026861e+03 2.322173188691916800e+16
1.973726493962863742e+03 2.321983672672380000e+16
1.974060062746700623e+03 2.321794814559340800e+16
1.974393631530537277e+03 2.321606608139555600e+16
1.974727200314374159e+03 2.321419047151315600e+16
1.975060769098211267e+03 2.321232125284936800e+16
1.975394337882048148e+03 2.321045836183266800e+16
1.975727906665885030e+03 2.320860173442190000e+16
1.976061475449721684e+03 2.320675130611145200e+16
1.976395044233558565e+03 2.320490701193632000e+16
1.976728613017395674e+03 2.320306878647735200e+16
1.977062181801232555e+03 2.320123656386650000e+16
1.977395750585069436e+03 2.319941027779216800e+16
1.977729319368906317e+03 2.319758986150447600e+16
1.978062888152742971e+03 2.319577524782066800e+16
1.978396456936580080e+03 2.319396636913064000e+16
1.978730025720416961e+03 2.319216315740231200e+16
1.979063594504253842e+03 2.319036554418724400e+16
1.979397163288090724e+03 2.318857346062619600e+16
1.979730732071927605e+03 2.318678683745476000e+16
1.980064300855764486e+03 2.318500560500908000e+16
1.980397869639601367e+03 2.318322969323150800e+16
1.980731438423438249e+03 2.318145903167647200e+16
1.981065007207275130e+03 2.317969354951624400e+16
1.981398575991112011e+03 2.317793317554689600e+16
1.981732144774949120e+03 2.317617783819413200e+16
1.982065713558785774e+03 2.317442746551934400e+16
1.982399282342622655e+03 2.317268198522560000e+16
1.982732851126459536e+03 2.317094132466381200e+16
1.983066419910296418e+03 2.316920541083870400e+16
1.983399988694133526e+03 2.316747417041518000e+16
1.983733557477970407e+03 2.316574752972440800e+16
1.984067126261807061e+03 2.316402541477019200e+16
1.984400695045643943e+03 2.316230775123526800e+16
1.984734263829480824e+03 2.316059446448767600e+16
1.985067832613317933e+03 2.315888547958724800e+16
1.985401401397154814e+03 2.315718072129201600e+16
1.985734970180991695e+03 2.315548011406481600e+16
1.986068538964828349e+03 2.315378358207982400e+16
1.986402107748665230e+03 2.315209104922920000e+16
1.986735676532502339e+03 2.315040243912983200e+16
1.987069245316339220e+03 2.314871767512994400e+16
1.987402814100176101e+03 2.314703668031601200e+16
1.987736382884012755e+03 2.314535937751952800e+16
1.988069951667849637e+03 2.314368568932392800e+16
1.988403520451686745e+03 2.314201553807146400e+16
1.988737089235523626e+03 2.314034884587022800e+16
1.989070658019360508e+03 2.313868553460120000e+16
1.989404226803197389e+03 2.313702552592532800e+16
1.989737795587034043e+03 2.313536874129060000e+16
1.990071364370871152e+03 2.313371510193931600e+16
1.990404933154708033e+03 2.313206452891522000e+16
1.990738501938544914e+03 2.313041694307088800e+16
1.991072070722381795e+03 2.312877226507493600e+16
1.991405639506218677e+03 2.312713041541946400e+16
1.991739208290055558e+03 2.312549131442748400e+16
1.992072777073892439e+03 2.312385488226035200e+16
1.992406345857729320e+03 2.312222103892527600e+16
1.992739914641566202e+03 2.312058970428291200e+16
1.993073483425403083e+03 2.311896079805494400e+16
1.993407052209240192e+03 2.311733423983176800e+16
1.993740620993076845e+03 2.311570994908012400e+16
1.994074189776913727e+03 2.311408784515092400e+16
1.994407758560750608e+03 2.311246784728697600e+16
1.994741327344587489e+03 2.311084987463082000e+16
1.995074896128424598e+03 2.310923384623265200e+16
1.995408464912261479e+03 2.310761968105816400e+16
1.995742033696098133e+03 2.310600729799659600e+16
1.996075602479935014e+03 2.310439661586863200e+16
1.996409171263771896e+03 2.310278755343453600e+16
1.996742740047609004e+03 2.310118002940219600e+16
1.997076308831445886e+03 2.309957396243525600e+16
1.997409877615282767e+03 2.309796927116124800e+16
1.997743446399119421e+03 2.309636587417987200e+16
1.998077015182956302e+03 2.309476369007117200e+16
1.998410583966793411e+03 2.309316263740380800e+16
1.998744152750630292e+03 2.309156263474344800e+16
1.999077721534467173e+03 2.308996360066106400e+16
1.999411290318303827e+03 2.308836545374132800e+16
1.999744859102140708e+03 2.308676811259106000e+16
2.000078427885977817e+03 2.308517149584766800e+16
2.000411996669814698e+03 2.308357552218764800e+16
2.000745565453651579e+03 2.308198011033512800e+16
2.001079134237488461e+03 2.308038517907042000e+16
2.001412703021325115e+03 2.307879064723858000e+16
2.001746271805162223e+03 2.307719643375809200e+16
2.002079840588999105e+03 2.307560245762947200e+16
2.002413409372835986e+03 2.307400863794393600e+16
2.002746978156672867e+03 2.307241489389220000e+16
2.003080546940509748e+03 2.307082114477310400e+16
2.003414115724346630e+03 2.306922731000249200e+16
2.003747684508183511e+03 2.306763330912186000e+16
2.004081253292020392e+03 2.306603906180730400e+16
2.004414822075857273e+03 2.306444448787830800e+16
2.004748390859694155e+03 2.306284950730660000e+16
2.005081959643531263e+03 2.306125404022503200e+16
2.005415528427367917e+03 2.305965800693648400e+16
2.005749097211204798e+03 2.305806132792284000e+16
2.006082665995041680e+03 2.305646392385384800e+16
2.006416234778878561e+03 2.305486571559614400e+16
2.006749803562715442e+03 2.305326662422224000e+16
2.007083372346552551e+03 2.305166657101946400e+16
2.007416941130389205e+03 2.305006547749901200e+16
2.007750509914226086e+03 2.304846326540492800e+16
2.008084078698062967e+03 2.304685985672324400e+16
2.008417647481899849e+03 2.304525517369091200e+16
2.008751216265736957e+03 2.304364913880491600e+16
2.009084785049573838e+03 2.304204167483133600e+16
2.009418353833410492e+03 2.304043270481445200e+16
2.009751922617247374e+03 2.303882215208576800e+16
2.010085491401084255e+03 2.303720994027318400e+16
2.010419060184921364e+03 2.303559599331000800e+16
2.010752628968758245e+03 2.303398023544409600e+16
2.011086197752594899e+03 2.303236259124698400e+16
2.011419766536431780e+03 2.303074298562294000e+16
2.011753335320268661e+03 2.302912134381806800e+16
2.012086904104105770e+03 2.302749759142949600e+16
2.012420472887942651e+03 2.302587165441435200e+16
2.012754041671779532e+03 2.302424345909892400e+16
2.013087610455616186e+03 2.302261293218777600e+16
2.013421179239453068e+03 2.302098000077280000e+16
2.013754748023290176e+03 2.301934459234230400e+16
2.014088316807127057e+03 2.301770663479004000e+16
2.014421885590963939e+03 2.301606605642434800e+16
2.014755454374800820e+03 2.301442278597714400e+16
2.015089023158637474e+03 2.301277675261296400e+16
2.015422591942474583e+03 2.301112788593802400e+16
2.015756160726311464e+03 2.300947611600911200e+16
2.016089729510148345e+03 2.300782137334275600e+16
2.016423298293985226e+03 2.300616358892408000e+16
2.016756867077821880e+03 2.300450269421572000e+16
2.017090435861658989e+03 2.300283862116688800e+16
2.017424004645495870e+03 2.300117130222216000e+16
2.017757573429332751e+03 2.299950067033045600e+16
2.018091142213169633e+03 2.299782665895380000e+16
2.018424710997006514e+03 2.299614920207626400e+16
2.018758279780843623e+03 2.299446823421270800e+16
2.019091848564680276e+03 2.299278369041760000e+16
2.019425417348517158e+03 2.299109550629368000e+16
2.019758986132354039e+03 2.298940361800082800e+16
2.020092554916190920e+03 2.298770796226458400e+16
2.020426123700028029e+03 2.298600847638494800e+16
2.020759692483864910e+03 2.298430509824486400e+16
2.021093261267701564e+03 2.298259776631886400e+16
2.021426830051538445e+03 2.298088641968164800e+16
2.021760398835375327e+03 2.297917099801646000e+16
2.022093967619212435e+03 2.297745144162366800e+16
2.022427536403049317e+03 2.297572769142908800e+16
2.022761105186885970e+03 2.297399968899244400e+16
2.023094673970722852e+03 2.297226737651555200e+16
2.023428242754559733e+03 2.297053069685076800e+16
2.023761811538396842e+03 2.296878959350907200e+16
2.024095380322233723e+03 2.296704401066834800e+16
2.024428949106070604e+03 2.296529389318140800e+16
2.024762517889907258e+03 2.296353918658416800e+16
2.025096086673744139e+03 2.296177983710363600e+16
2.025429655457581248e+03 2.296001579166579200e+16
2.025763224241418129e+03 2.295824699790360400e+16
2.026096793025255010e+03 2.295647340416487200e+16
2.026430361809091892e+03 2.295469495951990800e+16
2.026763930592928546e+03 2.295291161376937600e+16
2.027097499376765654e+03 2.295112331745189600e+16
2.027431068160602535e+03 2.294933002185168800e+16
2.027764636944439417e+03 2.294753167900607200e+16
2.028098205728276298e+03 2.294572824171292000e+16
2.028431774512112952e+03 2.294391966353811200e+16
2.028765343295950061e+03 2.294210589882285200e+16
2.029098912079786942e+03 2.294028690269086400e+16
2.029432480863623823e+03 2.293846263105567200e+16
2.029766049647460704e+03 2.293663304062766400e+16
2.030099618431297586e+03 2.293479808892115600e+16
2.030433187215134694e+03 2.293295773426132000e+16
2.030766755998971348e+03 2.293111193579109600e+16
2.031100324782808229e+03 2.292926065347801600e+16
2.031433893566645111e+03 2.292740384812091200e+16
2.031767462350481992e+03 2.292554148135656800e+16
2.032101031134319101e+03 2.292367351566628400e+16
2.032434599918155982e+03 2.292179991438234400e+16
2.032768168701992636e+03 2.291992064169446800e+16
2.033101737485829517e+03 2.291803566265604800e+16
2.033435306269666398e+03 2.291614494319041600e+16
2.033768875053503507e+03 2.291424845009700000e+16
2.034102443837340388e+03 2.291234615105730400e+16
2.034436012621177042e+03 2.291043801464093600e+16
2.034769581405013923e+03 2.290852401031140000e+16
2.035103150188850805e+03 2.290660410843194400e+16
2.035436718972687913e+03 2.290467828027119600e+16
2.035770287756524795e+03 2.290274649800872800e+16
2.036103856540361676e+03 2.290080873474054800e+16
2.036437425324198330e+03 2.289886496448454400e+16
2.036770994108035211e+03 2.289691516218569600e+16
2.037104562891872320e+03 2.289495930372133600e+16
2.037438131675709201e+03 2.289299736590615200e+16
2.037771700459546082e+03 2.289102932649728400e+16
2.038105269243382963e+03 2.288905516419912000e+16
2.038438838027219617e+03 2.288707485866812000e+16
2.038772406811056726e+03 2.288508839051752800e+16
2.039105975594893607e+03 2.288309574132183200e+16
2.039439544378730488e+03 2.288109689362138400e+16
2.039773113162567370e+03 2.287909183092660000e+16
2.040106681946404024e+03 2.287708053772239200e+16
2.040440250730241132e+03 2.287506299947214400e+16
2.040773819514078014e+03 2.287303920262187200e+16
2.041107388297914895e+03 2.287100913460404400e+16
2.041440957081751776e+03 2.286897278384149200e+16
2.041774525865588657e+03 2.286693013975104800e+16
2.042108094649425766e+03 2.286488119274718000e+16
2.042441663433262420e+03 2.286282593424538400e+16
2.042775232217099301e+03 2.286076435666568400e+16
2.043108801000936182e+03 2.285869645343576000e+16
2.043442369784773064e+03 2.285662221899411200e+16
2.043775938568610172e+03 2.285454164879314400e+16
2.044109507352447054e+03 2.285245473930193600e+16
2.044443076136283707e+03 2.285036148800916800e+16
2.044776644920120589e+03 2.284826189342569200e+16
2.045110213703957470e+03 2.284615595508710400e+16
2.045443782487794579e+03 2.284404367355620000e+16
2.045777351271631460e+03 2.284192505042526400e+16
2.046110920055468114e+03 2.283980008831826400e+16
2.046444488839304995e+03 2.283766879089290400e+16
2.046778057623141876e+03 2.283553116284263200e+16
2.047111626406978985e+03 2.283338720989840800e+16
2.047445195190815866e+03 2.283123693883046000e+16
2.047778763974652747e+03 2.282908035744984000e+16
2.048112332758489629e+03 2.282691747460992000e+16
2.048445901542326283e+03 2.282474830020773600e+16
2.048779470326163391e+03 2.282257284518518400e+16
2.049113039110000045e+03 2.282039112153015200e+16
2.049446607893837154e+03 2.281820314227745600e+16
2.049780176677673808e+03 2.281600892150979200e+16
2.050113745461510916e+03 2.281380847435835200e+16
2.050447314245348025e+03 2.281160181700351600e+16
2.050780883029184679e+03 2.280938896667529600e+16
2.051114451813021333e+03 2.280716994165375200e+16
2.051448020596858441e+03 2.280494476126917600e+16
2.051781589380695095e+03 2.280271344590223200e+16
2.052115158164532204e+03 2.280047601698398400e+16
2.052448726948369313e+03 2.279823249699574000e+16
2.052782295732205966e+03 2.279598290946877200e+16
2.053115864516042620e+03 2.279372727898401200e+16
2.053449433299879729e+03 2.279146563117152400e+16
2.053783002083716838e+03 2.278919799270987200e+16
2.054116570867553492e+03 2.278692439132540000e+16
2.054450139651390600e+03 2.278464485579133600e+16
2.054783708435227254e+03 2.278235941592690400e+16
2.055117277219063908e+03 2.278006810259608000e+16
2.055450846002901017e+03 2.277777094770647200e+16
2.055784414786738125e+03 2.277546798420791200e+16
2.056117983570574779e+03 2.277315924609104800e+16
2.056451552354411888e+03 2.277084476838567600e+16
2.056785121138248542e+03 2.276852458715910000e+16
2.057118689922085650e+03 2.276619873951428800e+16
2.057452258705922304e+03 2.276386726358787600e+16
2.057785827489759413e+03 2.276153019854813200e+16
2.058119396273596067e+03 2.275918758459283200e+16
2.058452965057433175e+03 2.275683946294685600e+16
2.058786533841269829e+03 2.275448587585985600e+16
2.059120102625106938e+03 2.275212686660360800e+16
2.059453671408943592e+03 2.274976247946949200e+16
2.059787240192780700e+03 2.274739275976565600e+16
2.060120808976617354e+03 2.274501775381411200e+16
2.060454377760454463e+03 2.274263750894778800e+16
2.060787946544291117e+03 2.274025207350737600e+16
2.061121515328128226e+03 2.273786149683816000e+16
2.061455084111964879e+03 2.273546582928663600e+16
2.061788652895801988e+03 2.273306512219707600e+16
2.062122221679639097e+03 2.273065942790797200e+16
2.062455790463475751e+03 2.272824879974838400e+16
2.062789359247312404e+03 2.272583329203412800e+16
2.063122928031149513e+03 2.272341296006394000e+16
2.063456496814986167e+03 2.272098786011547200e+16
2.063790065598823276e+03 2.271855804944115200e+16
2.064123634382660384e+03 2.271612358626402400e+16
2.064457203166497038e+03 2.271368452977342800e+16
2.064790771950333692e+03 2.271124094012060000e+16
2.065124340734170801e+03 2.270879287841413600e+16
2.065457909518007909e+03 2.270634040671538000e+16
2.065791478301844563e+03 2.270388358803372400e+16
2.066125047085681672e+03 2.270142248632177600e+16
2.066458615869518326e+03 2.269895716647046400e+16
2.066792184653354980e+03 2.269648769430398800e+16
2.067125753437192088e+03 2.269401413657475600e+16
2.067459322221029197e+03 2.269153656095812800e+16
2.067792891004865851e+03 2.268905503604716000e+16
2.068126459788702959e+03 2.268656963134720000e+16
2.068460028572539613e+03 2.268408041727036800e+16
2.068793597356376722e+03 2.268158746513005600e+16
2.069127166140213376e+03 2.267909084713519600e+16
2.069460734924050485e+03 2.267659063638448800e+16
2.069794303707887138e+03 2.267408690686064800e+16
2.070127872491724247e+03 2.267157973342440400e+16
2.070461441275560901e+03 2.266906919180853200e+16
2.070795010059398010e+03 2.266655535861167200e+16
2.071128578843234664e+03 2.266403831129225600e+16
2.071462147627071772e+03 2.266151812816220000e+16
2.071795716410908426e+03 2.265899488838055600e+16
2.072129285194745535e+03 2.265646867194707600e+16
2.072462853978582189e+03 2.265393955969576800e+16
2.072796422762419297e+03 2.265140763328826400e+16
2.073129991546255951e+03 2.264887297520722800e+16
2.073463560330093060e+03 2.264633566874957600e+16
2.073797129113930168e+03 2.264379579801974000e+16
2.074130697897766822e+03 2.264125344792274000e+16
2.074464266681603476e+03 2.263870870415731200e+16
2.074797835465440585e+03 2.263616165320886400e+16
2.075131404249277239e+03 2.263361238234240000e+16
2.075464973033114347e+03 2.263106097959545200e+16
2.075798541816951456e+03 2.262850753377079600e+16
2.076132110600788110e+03 2.262595213442922800e+16
2.076465679384624764e+03 2.262339487188225600e+16
2.076799248168461872e+03 2.262083583718471200e+16
2.077132816952298981e+03 2.261827512212728000e+16
2.077466385736135635e+03 2.261571281922903600e+16
2.077799954519972744e+03 2.261314902172986400e+16
2.078133523303809397e+03 2.261058382358291200e+16
2.078467092087646051e+03 2.260801731944682800e+16
2.078800660871483160e+03 2.260544960467814000e+16
2.079134229655320269e+03 2.260288077532346000e+16
2.079467798439156923e+03 2.260031092811168000e+16
2.079801367222994031e+03 2.259774016044609600e+16
2.080134936006830685e+03 2.259516857039652800e+16
2.080468504790667794e+03 2.259259625669141200e+16
2.080802073574504448e+03 2.259002331870972000e+16
2.081135642358341556e+03 2.258744985647298400e+16
2.081469211142178210e+03 2.258487597063728000e+16
2.081802779926015319e+03 2.258230176248500800e+16
2.082136348709851973e+03 2.257972733391683200e+16
2.082469917493689081e+03 2.257715278744347200e+16
2.082803486277525735e+03 2.257457822617750400e+16
2.083137055061362844e+03 2.257200375382510400e+16
2.083470623845199498e+03 2.256942947467775600e+16
2.083804192629036606e+03 2.256685549360399200e+16
2.084137761412873260e+03 2.256428191604101600e+16
2.084471330196710369e+03 2.256170884798635600e+16
2.084804898980547023e+03 2.255913639598949600e+16
2.085138467764384131e+03 2.255656466714343200e+16
2.085472036548221240e+03 2.255399376907628000e+16
2.085805605332057894e+03 2.255142380994276800e+16
2.086139174115894548e+03 2.254885489841585600e+16
2.086472742899731657e+03 2.254628714367811600e+16
2.086806311683568310e+03 2.254372065541334800e+16
2.087139880467405419e+03 2.254115554379799200e+16
2.087473449251242528e+03 2.253859191949258800e+16
2.087807018035079182e+03 2.253602989363326800e+16
2.088140586818915835e+03 2.253346957782314400e+16
2.088474155602752944e+03 2.253091108412379200e+16
2.088807724386590053e+03 2.252835452504661600e+16
2.089141293170426707e+03 2.252580001354429600e+16
2.089474861954263815e+03 2.252324766300219200e+16
2.089808430738100469e+03 2.252069758722977600e+16
2.090141999521937123e+03 2.251814990045194800e+16
2.090475568305774232e+03 2.251560471730051200e+16
2.090809137089611340e+03 2.251306215280554000e+16
2.091142705873447994e+03 2.251052232238682000e+16
2.091476274657285103e+03 2.250798534184514800e+16
2.091809843441121757e+03 2.250545132735383200e+16
2.092143412224958865e+03 2.250292039545010400e+16
2.092476981008795519e+03 2.250039266302642400e+16
2.092810549792632628e+03 2.249786824732201600e+16
2.093144118576469282e+03 2.249534726591424800e+16
2.093477687360306390e+03 2.249282983671009600e+16
2.093811256144143044e+03 2.249031607793750800e+16
2.094144824927980153e+03 2.248780610813702800e+16
2.094478393711816807e+03 2.248530004615308400e+16
2.094811962495653916e+03 2.248279801112561600e+16
2.095145531279490569e+03 2.248030012248152000e+16
2.095479100063327223e+03 2.247780649992614800e+16
2.095812668847164332e+03 2.247531726343492000e+16
2.096146237631001441e+03 2.247283253324476800e+16
2.096479806414838094e+03 2.247035242984584000e+16
2.096813375198675203e+03 2.246787707397300000e+16
2.097146943982511857e+03 2.246540658659748400e+16
2.097480512766348966e+03 2.246294108891856000e+16
2.097814081550185620e+03 2.246048070235512000e+16
2.098147650334022728e+03 2.245802554853745600e+16
2.098481219117859382e+03 2.245557574929893200e+16
2.098814787901696491e+03 2.245313142666775200e+16
2.099148356685533599e+03 2.245069270285871200e+16
2.099481925469370253e+03 2.244825970026496800e+16
2.099815494253206907e+03 2.244583254144994400e+16
2.100149063037044016e+03 2.244341134913912800e+16
2.100482631820880670e+03 2.244099624621200800e+16
2.100816200604717778e+03 2.243858735569397600e+16
2.101149769388554887e+03 2.243618480074826400e+16
2.101483338172391541e+03 2.243378870466799200e+16
2.101816906956228195e+03 2.243139919086814000e+16
2.102150475740065303e+03 2.242901638287767200e+16
2.102484044523902412e+03 2.242664040433158400e+16
2.102817613307739066e+03 2.242427137896307200e+16
2.103151182091576175e+03 2.242190943059568400e+16
2.103484750875412828e+03 2.241955468313557600e+16
2.103818319659249482e+03 2.241720726056376800e+16
2.104151888443086591e+03 2.241486728692838000e+16
2.104485457226923700e+03 2.241253488633702400e+16
2.104819026010760354e+03 2.241021018294919200e+16
2.105152594794597462e+03 2.240789330096866800e+16
2.105486163578434116e+03 2.240558436463596000e+16
2.105819732362271225e+03 2.240328349822088400e+16
2.106153301146107879e+03 2.240099082601502400e+16
2.106486869929944987e+03 2.239870647232445600e+16
2.106820438713781641e+03 2.239643056146227600e+16
2.107154007497618295e+03 2.239416321774136400e+16
2.107487576281455404e+03 2.239190456546714000e+16
2.107821145065292512e+03 2.238965472893028800e+16
2.108154713849129166e+03 2.238741383239963200e+16
2.108488282632966275e+03 2.238518200011503200e+16
2.108821851416802929e+03 2.238295935628032800e+16
2.109155420200640037e+03 2.238074602505625200e+16
2.109488988984476691e+03 2.237854213055356800e+16
2.109822557768313800e+03 2.237634779682608000e+16
2.110156126552150454e+03 2.237416314786382800e+16
2.110489695335987562e+03 2.237198830758620000e+16
2.110823264119824671e+03 2.236982339983525600e+16
2.111156832903661325e+03 2.236766854836896800e+16
2.111490401687497979e+03 2.236552387685458000e+16
2.111823970471335087e+03 2.236338950886204400e+16
2.112157539255171741e+03 2.236126556785738400e+16
2.112491108039008850e+03 2.235915217719629200e+16
2.112824676822845959e+03 2.235704946011764000e+16
2.113158245606682613e+03 2.235495753973710400e+16
2.113491814390519266e+03 2.235287653904084000e+16
2.113825383174356375e+03 2.235080658087918400e+16
2.114158951958193484e+03 2.234874778796048000e+16
2.114492520742030138e+03 2.234670028284484000e+16
2.114826089525867246e+03 2.234466418793809200e+16
2.115159658309703900e+03 2.234263962548571200e+16
2.115493227093540554e+03 2.234062671756683200e+16
2.115826795877377663e+03 2.233862558608823200e+16
2.116160364661214771e+03 2.233663635277853600e+16
2.116493933445051425e+03 2.233465913918236000e+16
2.116827502228888534e+03 2.233269406665448400e+16
2.117161071012725188e+03 2.233074125635422800e+16
2.117494639796562296e+03 2.232880082923968800e+16
2.117828208580398950e+03 2.232687290606216000e+16
2.118161777364236059e+03 2.232495760736068400e+16
2.118495346148072713e+03 2.232305505345639200e+16
2.118828914931909367e+03 2.232116536444721600e+16
2.119162483715746475e+03 2.231928866020240000e+16
2.119496052499583584e+03 2.231742506035726000e+16
2.119829621283420238e+03 2.231557468430785200e+16
2.120163190067257347e+03 2.231373765120582400e+16
2.120496758851094000e+03 2.231191407995323200e+16
2.120830327634931109e+03 2.231010408919741600e+16
2.121163896418767763e+03 2.230830779732600800e+16
2.121497465202604872e+03 2.230652532246192000e+16
2.121831033986441525e+03 2.230475678245846000e+16
2.122164602770278634e+03 2.230300229489436400e+16
2.122498171554115743e+03 2.230126197706912000e+16
2.122831740337952397e+03 2.229953594599806000e+16
2.123165309121789051e+03 2.229782431840780000e+16
2.123498877905626159e+03 2.229612721073145600e+16
2.123832446689462813e+03 2.229444473910416800e+16
2.124166015473299922e+03 2.229277701935849600e+16
2.124499584257137030e+03 2.229112416701995200e+16
2.124833153040973684e+03 2.228948629730256000e+16
2.125166721824810338e+03 2.228786352510452800e+16
2.125500290608647447e+03 2.228625596500389200e+16
2.125833859392484555e+03 2.228466373125424800e+16
2.126167428176321209e+03 2.228308693778055200e+16
2.126500996960158318e+03 2.228152569817496000e+16
2.126834565743994972e+03 2.227998012569275600e+16
2.127168134527831626e+03 2.227845033324824800e+16
2.127501703311668734e+03 2.227693643341080800e+16
2.127835272095505843e+03 2.227543853840090400e+16
2.128168840879342497e+03 2.227395676008618800e+16
2.128502409663179606e+03 2.227249120997776000e+16
2.128835978447016259e+03 2.227104199922622400e+16
2.129169547230853368e+03 2.226960923861806400e+16
2.129503116014690022e+03 2.226819303857188800e+16
2.129836684798527131e+03 2.226679350913484800e+16
2.130170253582363785e+03 2.226541075997899200e+16
2.130503822366200438e+03 2.226404490039775200e+16
2.130837391150037547e+03 2.226269603930250800e+16
2.131170959933874656e+03 2.226136428521902800e+16
2.131504528717711310e+03 2.226004974628416000e+16
2.131838097501548418e+03 2.225875253024248400e+16
2.132171666285385072e+03 2.225747274444300400e+16
2.132505235069222181e+03 2.225621049583587200e+16
2.132838803853058835e+03 2.225496589096922400e+16
2.133172372636895943e+03 2.225373903598597200e+16
2.133505941420732597e+03 2.225253003662077600e+16
2.133839510204569706e+03 2.225133899819688000e+16
2.134173078988406814e+03 2.225016602562317600e+16
2.134506647772243468e+03 2.224901122339114000e+16
2.134840216556080122e+03 2.224787469557198800e+16
2.135173785339917231e+03 2.224675654581370400e+16
2.135507354123753885e+03 2.224565687733824800e+16
2.135840922907590993e+03 2.224457579293876400e+16
2.136174491691428102e+03 2.224351339497674800e+16
2.136508060475264756e+03 2.224246978537933600e+16
2.136841629259101410e+03 2.224144506563672400e+16
2.137175198042938518e+03 2.224043933679938400e+16
2.137508766826775627e+03 2.223945269947558400e+16
2.137842335610612281e+03 2.223848525382872800e+16
2.138175904394449390e+03 2.223753709957488000e+16
2.138509473178286044e+03 2.223660833598030400e+16
2.138843041962122697e+03 2.223569906185894800e+16
2.139176610745959806e+03 2.223480937557010800e+16
2.139510179529796915e+03 2.223393937501594400e+16
2.139843748313633569e+03 2.223308915763927200e+16
2.140177317097470677e+03 2.223225882042118400e+16
2.140510885881307331e+03 2.223144845987874400e+16
2.140844454665144440e+03 2.223065817206286000e+16
2.141178023448981094e+03 2.222988805255596800e+16
2.141511592232818202e+03 2.222913819646993600e+16
2.141845161016654856e+03 2.222840869844388800e+16
2.142178729800491510e+03 2.222769965264212000e+16
2.142512298584328619e+03 2.222701115275203200e+16
2.142845867368165727e+03 2.222634329198202400e+16
2.143179436152002381e+03 2.222569616305953600e+16
2.143513004935839490e+03 2.222506985822909600e+16
2.143846573719676144e+03 2.222446446925023600e+16
2.144180142503513252e+03 2.222388008739572000e+16
2.144513711287349906e+03 2.222331680344950400e+16
2.144847280071187015e+03 2.222277470770494800e+16
2.145180848855023669e+03 2.222225388996296000e+16
2.145514417638860778e+03 2.222175443953008000e+16
2.145847986422697886e+03 2.222127644521680000e+16
2.146181555206534540e+03 2.222081999533574400e+16
2.146515123990371194e+03 2.222038517769988800e+16
2.146848692774208303e+03 2.221997207962085600e+16
2.147182261558044956e+03 2.221958078790722400e+16
2.147515830341882065e+03 2.221921138886280000e+16
2.147849399125719174e+03 2.221886396828500000e+16
2.148182967909555828e+03 2.221853861146316000e+16
2.148516536693392482e+03 2.221823540317694400e+16
2.148850105477229590e+03 2.221795442769474800e+16
2.149183674261066699e+03 2.221769576877206400e+16
2.149517243044903353e+03 2.221745950964996000e+16
2.149850811828740461e+03 2.221724573305349200e+16
2.150184380612577115e+03 2.221705452119020000e+16
2.150517949396413769e+03 2.221688595574853600e+16
2.150851518180250878e+03 2.221674011789644800e+16
2.151185086964087986e+03 2.221661708827977600e+16
2.151518655747924640e+03 2.221651694702085600e+16
2.151852224531761749e+03 2.221643977371703200e+16
2.152185793315598403e+03 2.221638564743919600e+16
2.152519362099435511e+03 2.221635464673036400e+16
2.152852930883272165e+03 2.221634684960421600e+16
2.153186499667109274e+03 2.221636233354369600e+16
2.153520068450945928e+03 2.221640117549964000e+16
2.153853637234782582e+03 2.221646345188930400e+16
2.154187206018619690e+03 2.221654923859503600e+16
2.154520774802456799e+03 2.221665861096284000e+16
2.154854343586293453e+03 2.221679164380103200e+16
2.155187912370130562e+03 2.221694841137887200e+16
2.155521481153967216e+03 2.221712898742518800e+16
2.155855049937804324e+03 2.221733344512702000e+16
2.156188618721640978e+03 2.221756185712825600e+16
2.156522187505478087e+03 2.221781429552828800e+16
2.156855756289314741e+03 2.221809083188068000e+16
2.157189325073151849e+03 2.221839153719182800e+16
2.157522893856988958e+03 2.221871648191955200e+16
2.157856462640825612e+03 2.221906573597184000e+16
2.158190031424662266e+03 2.221943936870546400e+16
2.158523600208499374e+03 2.221983744892462400e+16
2.158857168992336028e+03 2.222026004487966000e+16
2.159190737776173137e+03 2.222070722426565600e+16
2.159524306560010245e+03 2.222117905422111600e+16
2.159857875343846899e+03 2.222167560132661600e+16
2.160191444127683553e+03 2.222219693160346400e+16
2.160525012911520662e+03 2.222274311051234400e+16
2.160858581695357771e+03 2.222331420295192400e+16
2.161192150479194424e+03 2.222391027325752800e+16
2.161525719263031533e+03 2.222453138519976000e+16
2.161859288046868187e+03 2.222517760198313600e+16
2.162192856830704841e+03 2.222584898624465600e+16
2.162526425614541949e+03 2.222654560005249600e+16
2.162859994398379058e+03 2.222726750490450800e+16
2.163193563182215712e+03 2.222801476172689600e+16
2.163527131966052821e+03 2.222878743087275600e+16
2.163860700749889475e+03 2.222958557212065200e+16
2.164194269533726583e+03 2.223040924467323200e+16
2.164527838317563237e+03 2.223125850715566800e+16
2.164861407101400346e+03 2.223213341761429600e+16
2.165194975885237000e+03 2.223303403351510400e+16
2.165528544669073653e+03 2.223396041174224800e+16
2.165862113452910762e+03 2.223491260859656000e+16
2.166195682236747871e+03 2.223589067979397600e+16
2.166529251020584525e+03 2.223689468046411600e+16
2.166862819804421633e+03 2.223792466514865600e+16
2.167196388588258287e+03 2.223898068779978400e+16
2.167529957372095396e+03 2.224006280177862800e+16
2.167863526155932050e+03 2.224117105985363200e+16
2.168197094939769158e+03 2.224230551419904000e+16
2.168530663723605812e+03 2.224346621639312800e+16
2.168864232507442921e+03 2.224465321741663200e+16
2.169197801291280030e+03 2.224586656765110400e+16
2.169531370075116683e+03 2.224710631687713600e+16
2.169864938858953337e+03 2.224837251427274400e+16
2.170198507642790446e+03 2.224966520841153600e+16
2.170532076426627100e+03 2.225098444726105200e+16
2.170865645210464209e+03 2.225233027818094000e+16
2.171199213994301317e+03 2.225370274792115600e+16
2.171532782778137971e+03 2.225510190262014000e+16
2.171866351561974625e+03 2.225652778780300000e+16
2.172199920345811734e+03 2.225798044837961600e+16
2.172533489129648842e+03 2.225945992864275200e+16
2.172867057913485496e+03 2.226096627226608000e+16
2.173200626697322605e+03 2.226249952230236000e+16
2.173534195481159259e+03 2.226405972118134400e+16
2.173867764264995913e+03 2.226564691070781600e+16
2.174201333048833021e+03 2.226726113205960000e+16
2.174534901832670130e+03 2.226890242578541600e+16
2.174868470616506784e+03 2.227057083180288000e+16
2.175202039400343892e+03 2.227226638939634800e+16
2.175535608184180546e+03 2.227398913721479600e+16
2.175869176968017655e+03 2.227573911326959200e+16
2.176202745751854309e+03 2.227751635493234400e+16
2.176536314535691417e+03 2.227932089893264000e+16
2.176869883319528071e+03 2.228115278135579600e+16
2.177203452103364725e+03 2.228301203764054400e+16
2.177537020887201834e+03 2.228489870257666400e+16
2.177870589671038942e+03 2.228681281030270400e+16
2.178204158454875596e+03 2.228875439430348800e+16
2.178537727238712705e+03 2.229072348740774800e+16
2.178871296022549359e+03 2.229272012178563200e+16
2.179204864806386013e+03 2.229474432894618400e+16
2.179538433590223121e+03 2.229679613973486000e+16
2.179872002374060230e+03 2.229887558433087200e+16
2.180205571157896884e+03 2.230098269224465200e+16
2.180539139941733993e+03 2.230311749231518400e+16
2.180872708725570646e+03 2.230528001270730800e+16
2.181206277509407755e+03 2.230747028090902400e+16
2.181539846293244409e+03 2.230968832372868000e+16
2.181873415077081518e+03 2.231193416729224800e+16
2.182206983860918172e+03 2.231420783704044800e+16
2.182540552644755280e+03 2.231650935772590800e+16
2.182874121428592389e+03 2.231883875341016000e+16
2.183207690212429043e+03 2.232119604746080000e+16
2.183541258996265697e+03 2.232358126254845600e+16
2.183874827780102805e+03 2.232599442064372400e+16
2.184208396563939459e+03 2.232843554301412000e+16
2.184541965347776568e+03 2.233090465022096800e+16
2.184875534131613676e+03 2.233340176211624400e+16
2.185209102915450330e+03 2.233592689783935200e+16
2.185542671699286984e+03 2.233848007581391200e+16
2.185876240483124093e+03 2.234106131374449600e+16
2.186209809266961202e+03 2.234367062861322400e+16
2.186543378050797855e+03 2.234630803667650400e+16
2.186876946834634964e+03 2.234897355346151200e+16
2.187210515618471618e+03 2.235166719376280800e+16
2.187544084402308272e+03 2.235438897163882800e+16
2.187877653186145380e+03 2.235713890040831200e+16
2.188211221969982489e+03 2.235991699264674400e+16
2.188544790753819143e+03 2.236272326018268000e+16
2.188878359537655797e+03 2.236555771409412400e+16
2.189211928321492906e+03 2.236842036470475600e+16
2.189545497105330014e+03 2.237131122158022800e+16
2.189879065889166668e+03 2.237423029352422800e+16
2.190212634673003777e+03 2.237717758857477200e+16
2.190546203456840431e+03 2.238015311400017600e+16
2.190879772240677084e+03 2.238315687629516000e+16
2.191213341024514193e+03 2.238618888117684800e+16
2.191546909808351302e+03 2.238924913358070400e+16
2.191880478592187956e+03 2.239233763765641200e+16
2.192214047376025064e+03 2.239545439676381600e+16
2.192547616159861718e+03 2.239859941346866400e+16
2.192881184943698827e+03 2.240177268953838400e+16
2.193214753727535481e+03 2.240497422593780800e+16
2.193548322511372589e+03 2.240820402282483200e+16
2.193881891295209243e+03 2.241146207954608800e+16
2.194215460079046352e+03 2.241474839463241600e+16
2.194549028862883461e+03 2.241806296579449200e+16
2.194882597646720114e+03 2.242140578991823200e+16
2.195216166430556768e+03 2.242477686306026400e+16
2.195549735214393877e+03 2.242817618044329600e+16
2.195883303998230531e+03 2.243160373645142400e+16
2.196216872782067639e+03 2.243505952462544400e+16
2.196550441565904748e+03 2.243854353765808000e+16
2.196884010349741402e+03 2.244205576738918400e+16
2.197217579133578056e+03 2.244559620480080800e+16
2.197551147917415165e+03 2.244916484001238400e+16
2.197884716701252273e+03 2.245276166227570400e+16
2.198218285485088927e+03 2.245638665996993200e+16
2.198551854268926036e+03 2.246003982059653200e+16
2.198885423052762690e+03 2.246372113077419200e+16
2.199218991836599344e+03 2.246743057623362000e+16
2.199552560620436452e+03 2.247116814181240000e+16
2.199886129404273561e+03 2.247493381144968400e+16
2.200219698188110215e+03 2.247872756818094400e+16
2.200553266971946869e+03 2.248254939413258400e+16
2.200886835755783977e+03 2.248639927051656000e+16
2.201220404539621086e+03 2.249027717762496800e+16
2.201553973323457740e+03 2.249418309482443200e+16
2.201887542107294848e+03 2.249811700055075200e+16
2.202221110891131502e+03 2.250207887230317200e+16
2.202554679674968156e+03 2.250606868663877600e+16
2.202888248458805265e+03 2.251008641916684000e+16
2.203221817242642373e+03 2.251413204454307200e+16
2.203555386026479027e+03 2.251820553646386000e+16
2.203888954810316136e+03 2.252230686766039200e+16
2.204222523594152790e+03 2.252643600989291200e+16
2.204556092377989899e+03 2.253059293394466000e+16
2.204889661161826552e+03 2.253477760961596800e+16
2.205223229945663661e+03 2.253899000571831200e+16
2.205556798729500315e+03 2.254323009006820000e+16
2.205890367513337424e+03 2.254749782948103200e+16
2.206223936297174532e+03 2.255179318976509600e+16
2.206557505081011186e+03 2.255611613571522400e+16
2.206891073864847840e+03 2.256046663110670000e+16
2.207224642648684949e+03 2.256484463868888000e+16
2.207558211432521603e+03 2.256925012017895200e+16
2.207891780216358711e+03 2.257368303625556400e+16
2.208225349000195820e+03 2.257814334655237600e+16
2.208558917784032474e+03 2.258263100965165600e+16
2.208892486567869128e+03 2.258714598307783200e+16
2.209226055351706236e+03 2.259168822329088000e+16
2.209559624135543345e+03 2.259625768567985200e+16
2.209893192919379999e+03 2.260085432455619200e+16
2.210226761703217107e+03 2.260547809314716000e+16
2.210560330487053761e+03 2.261012894358908800e+16
2.210893899270890415e+03 2.261480682692074400e+16
2.211227468054727524e+03 2.261951169307647600e+16
2.211561036838564632e+03 2.262424349087948000e+16
2.211894605622401286e+03 2.262900216803495200e+16
2.212228174406237940e+03 2.263378767112324800e+16
2.212561743190075049e+03 2.263859994559291200e+16
2.212895311973912158e+03 2.264343893575383600e+16
2.213228880757748811e+03 2.264830458477022800e+16
2.213562449541585920e+03 2.265319683465360400e+16
2.213896018325422574e+03 2.265811562625579200e+16
2.214229587109259228e+03 2.266306089926189600e+16
2.214563155893096337e+03 2.266803259218308000e+16
2.214896724676933445e+03 2.267303064234957600e+16
2.215230293460770099e+03 2.267805498590345600e+16
2.215563862244607208e+03 2.268310555779146400e+16
2.215897431028443862e+03 2.268818229175785200e+16
2.216230999812280970e+03 2.269328512033705600e+16
2.216564568596117624e+03 2.269841397484652400e+16
2.216898137379954733e+03 2.270356878537936800e+16
2.217231706163791387e+03 2.270874948079712800e+16
2.217565274947628495e+03 2.271395598872236000e+16
2.217898843731465604e+03 2.271918823553136400e+16
2.218232412515302258e+03 2.272444614634673200e+16
2.218565981299138912e+03 2.272972964503004000e+16
2.218899550082976020e+03 2.273503865417440000e+16
2.219233118866812674e+03 2.274037309509701200e+16
2.219566687650649783e+03 2.274573288783177200e+16
2.219900256434486892e+03 2.275111795112180000e+16
2.220233825218323545e+03 2.275652820241195200e+16
2.220567394002160199e+03 2.276196355784135600e+16
2.220900962785997308e+03 2.276742393223593600e+16
2.221234531569834417e+03 2.277290923910089200e+16
2.221568100353671070e+03 2.277841939061316800e+16
2.221901669137508179e+03 2.278395429761398400e+16
2.222235237921344833e+03 2.278951386960131600e+16
2.222568806705181487e+03 2.279509801472228000e+16
2.222902375489018596e+03 2.280070663976574400e+16
2.223235944272855704e+03 2.280633965015465600e+16
2.223569513056692358e+03 2.281199694993860800e+16
2.223903081840529012e+03 2.281767844178630400e+16
2.224236650624366121e+03 2.282338402697794400e+16
2.224570219408203229e+03 2.282911360539783600e+16
2.224903788192039883e+03 2.283486707552674400e+16
2.225237356975876992e+03 2.284064433443448800e+16
2.225570925759713646e+03 2.284644527777239200e+16
2.225904494543550300e+03 2.285226979976577200e+16
2.226238063327387408e+03 2.285811779320655200e+16
2.226571632111224517e+03 2.286398914944570400e+16
2.226905200895061171e+03 2.286988375838583600e+16
2.227238769678898279e+03 2.287580150847379600e+16
2.227572338462734933e+03 2.288174228669322400e+16
2.227905907246572042e+03 2.288770597855716000e+16
2.228239476030408696e+03 2.289369246810075200e+16
2.228573044814245804e+03 2.289970163787379200e+16
2.228906613598082458e+03 2.290573336893352800e+16
2.229240182381919567e+03 2.291178754083729200e+16
2.229573751165756676e+03 2.291786403163531200e+16
2.229907319949593330e+03 2.292396271786343200e+16
2.230240888733429983e+03 2.293008347453597200e+16
2.230574457517267092e+03 2.293622617513854400e+16
2.230908026301103746e+03 2.294239069162100800e+16
2.231241595084940855e+03 2.294857689439031600e+16
2.231575163868777963e+03 2.295478465230350800e+16
2.231908732652614617e+03 2.296101383266081200e+16
2.232242301436451271e+03 2.296726430119860000e+16
2.232575870220288380e+03 2.297353592208255600e+16
2.232909439004125488e+03 2.297982855790087200e+16
2.233243007787962142e+03 2.298614206965739600e+16
2.233576576571799251e+03 2.299247631676499600e+16
2.233910145355635905e+03 2.299883115703882000e+16
2.234243714139472559e+03 2.300520644668974800e+16
2.234577282923309667e+03 2.301160204031783200e+16
2.234910851707146776e+03 2.301801779090581600e+16
2.235244420490983430e+03 2.302445354981276000e+16
2.235577989274820084e+03 2.303090916676768000e+16
2.235911558058657192e+03 2.303738448986328800e+16
2.236245126842494301e+03 2.304387936554983200e+16
2.236578695626330955e+03 2.305039363862898000e+16
2.236912264410168063e+03 2.305692715224776800e+16
2.237245833194004717e+03 2.306347974789266800e+16
2.237579401977841371e+03 2.307005126538381200e+16
2.237912970761678480e+03 2.307664154286909600e+16
2.238246539545515589e+03 2.308325041681859600e+16
2.238580108329352242e+03 2.308987772201892800e+16
2.238913677113189351e+03 2.309652329156784000e+16
2.239247245897026005e+03 2.310318695686875600e+16
2.239580814680863114e+03 2.310986854762552800e+16
2.239914383464699768e+03 2.311656789183725600e+16
2.240247952248536876e+03 2.312328481579319600e+16
2.240581521032373530e+03 2.313001914406787200e+16
2.240915089816210639e+03 2.313677069951614800e+16
2.241248658600047747e+03 2.314353930326854800e+16
2.241582227383884401e+03 2.315032477472663600e+16
2.241915796167721055e+03 2.315712693155855200e+16
2.242249364951558164e+03 2.316394558969463200e+16
2.242582933735394818e+03 2.317078056332319200e+16
2.242916502519231926e+03 2.317763166488643200e+16
2.243250071303069035e+03 2.318449870507643600e+16
2.243583640086905689e+03 2.319138149283143200e+16
2.243917208870742343e+03 2.319827983533199200e+16
2.244250777654579451e+03 2.320519353799763200e+16
2.244584346438416560e+03 2.321212240448328000e+16
2.244917915222253214e+03 2.321906623667612400e+16
2.245251484006090323e+03 2.322602483469251600e+16
2.245585052789926976e+03 2.323299799687500800e+16
2.245918621573763630e+03 2.323998551978959600e+16
2.246252190357600739e+03 2.324698719822313600e+16
2.246585759141437848e+03 2.325400282518083200e+16
2.246919327925274501e+03 2.326103219188408800e+16
2.247252896709111155e+03 2.326807508776826400e+16
2.247586465492948264e+03 2.327513130048086400e+16
2.247920034276785373e+03 2.328220061587975200e+16
2.248253603060622027e+03 2.328928281803159200e+16
2.248587171844459135e+03 2.329637768921047200e+16
2.248920740628295789e+03 2.330348500989672000e+16
2.249254309412132443e+03 2.331060455877596000e+16
2.249587878195969552e+03 2.331773611273820800e+16
2.249921446979806660e+03 2.332487944687740000e+16
2.250255015763643314e+03 2.333203433449092800e+16
2.250588584547480423e+03 2.333920054707946000e+16
2.250922153331317077e+03 2.334637785434702400e+16
2.251255722115154185e+03 2.335356602420112800e+16
2.251589290898990839e+03 2.336076482275333200e+16
2.251922859682827948e+03 2.336797401431984800e+16
2.252256428466664602e+03 2.337519336142249600e+16
2.252589997250501710e+03 2.338242262478972800e+16
2.252923566034338819e+03 2.338966156335814400e+16
2.253257134818175473e+03 2.339690993427388000e+16
2.253590703602012127e+03 2.340416749289462400e+16
2.253924272385849235e+03 2.341143399279154800e+16
2.254257841169685889e+03 2.341870918575163200e+16
2.254591409953522998e+03 2.342599282178033600e+16
2.254924978737360107e+03 2.343328464910420800e+16
2.255258547521196760e+03 2.344058441417415200e+16
2.255592116305033414e+03 2.344789186166857600e+16
2.255925685088870523e+03 2.345520673449708400e+16
2.256259253872707632e+03 2.346252877380424800e+16
2.256592822656544286e+03 2.346985771897372000e+16
2.256926391440381394e+03 2.347719330763267600e+16
2.257259960224218048e+03 2.348453527565640000e+16
2.257593529008054702e+03 2.349188335717319600e+16
2.257927097791891811e+03 2.349923728456970800e+16
2.258260666575728919e+03 2.350659678849627200e+16
2.258594235359565573e+03 2.351396159787281600e+16
2.258927804143402227e+03 2.352133143989481600e+16
2.259261372927239336e+03 2.352870604003978000e+16
2.259594941711076444e+03 2.353608512207377200e+16
2.259928510494913098e+03 2.354346840805850400e+16
2.260262079278750207e+03 2.355085561835850400e+16
2.260595648062586861e+03 2.355824647164867600e+16
2.260929216846423515e+03 2.356564068492225200e+16
2.261262785630260623e+03 2.357303797349890000e+16
2.261596354414097732e+03 2.358043805103322400e+16
2.261929923197934386e+03 2.358784062952363600e+16
2.262263491981771494e+03 2.359524541932146000e+16
2.262597060765608148e+03 2.360265212914036000e+16
2.262930629549445257e+03 2.361006046606616800e+16
2.263264198333281911e+03 2.361747013556696400e+16
2.263597767117119020e+03 2.362488084150351600e+16
2.263931335900955673e+03 2.363229228614012000e+16
2.264264904684792782e+03 2.363970417015559200e+16
2.264598473468629436e+03 2.364711619265486000e+16
2.264932042252466545e+03 2.365452805118063200e+16
2.265265611036303198e+03 2.366193944172558800e+16
2.265599179820140307e+03 2.366935005874486400e+16
2.265932748603976961e+03 2.367675959516887600e+16
2.266266317387814070e+03 2.368416774241650800e+16
2.266599886171651178e+03 2.369157419040858400e+16
2.266933454955487832e+03 2.369897862758184800e+16
2.267267023739324486e+03 2.370638074090315600e+16
2.267600592523161595e+03 2.371378021588410000e+16
2.267934161306998249e+03 2.372117673659590000e+16
2.268267730090835357e+03 2.372856998568488800e+16
2.268601298874672466e+03 2.373595964438800800e+16
2.268934867658509120e+03 2.374334539254901600e+16
2.269268436442345774e+03 2.375072690863485200e+16
2.269602005226182882e+03 2.375810386975243600e+16
2.269935574010019991e+03 2.376547595166583200e+16
2.270269142793856645e+03 2.377284282881379600e+16
2.270602711577693299e+03 2.378020417432767200e+16
2.270936280361530407e+03 2.378755966004969200e+16
2.271269849145367061e+03 2.379490895655165600e+16
2.271603417929204170e+03 2.380225173315392400e+16
2.271936986713041279e+03 2.380958765794486400e+16
2.272270555496877932e+03 2.381691639780064000e+16
2.272604124280714586e+03 2.382423761840540800e+16
2.272937693064551695e+03 2.383155098427184000e+16
2.273271261848388804e+03 2.383885615876208000e+16
2.273604830632225458e+03 2.384615280410904400e+16
2.273938399416062566e+03 2.385344058143816000e+16
2.274271968199899220e+03 2.386071915078939200e+16
2.274605536983735874e+03 2.386798817113975600e+16
2.274939105767572983e+03 2.387524730042614400e+16
2.275272674551410091e+03 2.388249619556855600e+16
2.275606243335246745e+03 2.388973451249367200e+16
2.275939812119083854e+03 2.389696190615894800e+16
2.276273380902920508e+03 2.390417803057685600e+16
2.276606949686757616e+03 2.391138253883975200e+16
2.276940518470594270e+03 2.391857508314492800e+16
2.277274087254431379e+03 2.392575531482017600e+16
2.277607656038268033e+03 2.393292288434968400e+16
2.277941224822105141e+03 2.394007744140027200e+16
2.278274793605942250e+03 2.394721863484805600e+16
2.278608362389778904e+03 2.395434611280547200e+16
2.278941931173615558e+03 2.396145952264869600e+16
2.279275499957452666e+03 2.396855851104534400e+16
2.279609068741289320e+03 2.397564272398272000e+16
2.279942637525126429e+03 2.398271180679622800e+16
2.280276206308963538e+03 2.398976540419828000e+16
2.280609775092800191e+03 2.399680316030759200e+16
2.280943343876636845e+03 2.400382471867868000e+16
2.281276912660473954e+03 2.401082972233196000e+16
2.281610481444311063e+03 2.401781781378398000e+16
2.281944050228147717e+03 2.402478863507811200e+16
2.282277619011984370e+03 2.403174182781562400e+16
2.282611187795821479e+03 2.403867703318706000e+16
2.282944756579658133e+03 2.404559389200396000e+16
2.283278325363495242e+03 2.405249204473092000e+16
2.283611894147332350e+03 2.405937113151806400e+16
2.283945462931169004e+03 2.406623079223377600e+16
2.284279031715005658e+03 2.407307066649779200e+16
2.284612600498842767e+03 2.407989039371460800e+16
2.284946169282679875e+03 2.408668961310731200e+16
2.285279738066516529e+03 2.409346796375150800e+16
2.285613306850353638e+03 2.410022508460990400e+16
2.285946875634190292e+03 2.410696061456685600e+16
2.286280444418026946e+03 2.411367419246349200e+16
2.286614013201864054e+03 2.412036545713300800e+16
2.286947581985701163e+03 2.412703404743626400e+16
2.287281150769537817e+03 2.413367960229776000e+16
2.287614719553374925e+03 2.414030176074184000e+16
2.287948288337211579e+03 2.414690016192918800e+16
2.288281857121048688e+03 2.415347444519362800e+16
2.288615425904885342e+03 2.416002425007914400e+16
2.288948994688722451e+03 2.416654921637729200e+16
2.289282563472559104e+03 2.417304898416472800e+16
2.289616132256396213e+03 2.417952319384111200e+16
2.289949701040233322e+03 2.418597148616717200e+16
2.290283269824069976e+03 2.419239350230314400e+16
2.290616838607906629e+03 2.419878888384725600e+16
2.290950407391743738e+03 2.420515727287468800e+16
2.291283976175580392e+03 2.421149831197653600e+16
2.291617544959417501e+03 2.421781164429918400e+16
2.291951113743254609e+03 2.422409691358366800e+16
2.292284682527091263e+03 2.423035376420558800e+16
2.292618251310927917e+03 2.423658184121481600e+16
2.292951820094765026e+03 2.424278079037572000e+16
2.293285388878602134e+03 2.424895025820740800e+16
2.293618957662438788e+03 2.425508989202421200e+16
2.293952526446275442e+03 2.426119933997633200e+16
2.294286095230112551e+03 2.426727825109058800e+16
2.294619664013949205e+03 2.427332627531149600e+16
2.294953232797786313e+03 2.427934306354222000e+16
2.295286801581623422e+03 2.428532826768591600e+16
2.295620370365460076e+03 2.429128154068713600e+16
2.295953939149296730e+03 2.429720253657324800e+16
2.296287507933133838e+03 2.430309091049611200e+16
2.296621076716970947e+03 2.430894631877373600e+16
2.296954645500807601e+03 2.431476841893221600e+16
2.297288214284644710e+03 2.432055686974750000e+16
2.297621783068481363e+03 2.432631133128749600e+16
2.297955351852318017e+03 2.433203146495408000e+16
2.298288920636155126e+03 2.433771693352520800e+16
2.298622489419992235e+03 2.434336740119711200e+16
2.298956058203828889e+03 2.434898253362652000e+16
2.299289626987665997e+03 2.435456199797288400e+16
2.299623195771502651e+03 2.436010546294068800e+16
2.299956764555339760e+03 2.436561259882174400e+16
2.300290333339176414e+03 2.437108307753740800e+16
2.300623902123013522e+03 2.437651657268098800e+16
2.300957470906850176e+03 2.438191275955996000e+16
2.301291039690687285e+03 2.438727131523820400e+16
2.301624608474524393e+03 2.439259191857826800e+16
2.301958177258361047e+03 2.439787425028349600e+16
2.302291746042197701e+03 2.440311799294020400e+16
2.302625314826034810e+03 2.440832283105968800e+16
2.302958883609871464e+03 2.441348845112018000e+16
2.303292452393708572e+03 2.441861454160888400e+16
2.303626021177545681e+03 2.442370079306356400e+16
2.303959589961382335e+03 2.442874689811440800e+16
2.304293158745218989e+03 2.443375255152550400e+16
2.304626727529056097e+03 2.443871745023639600e+16
2.304960296312893206e+03 2.444364129340326000e+16
2.305293865096729860e+03 2.444852378244014000e+16
2.305627433880566514e+03 2.445336462105997600e+16
2.305961002664403622e+03 2.445816351531539200e+16
2.306294571448240276e+03 2.446292017363941200e+16
2.306628140232077385e+03 2.446763430688582400e+16
2.306961709015914494e+03 2.447230562836951200e+16
2.307295277799751148e+03 2.447693385390652000e+16
2.307628846583587801e+03 2.448151870185385600e+16
2.307962415367424910e+03 2.448605989314906400e+16
2.308295984151262019e+03 2.449055715134962400e+16
2.308629552935098673e+03 2.449501020267196000e+16
2.308963121718935781e+03 2.449941877603040000e+16
2.309296690502772435e+03 2.450378260307562800e+16
2.309630259286609089e+03 2.450810141823296800e+16
2.309963828070446198e+03 2.451237495874036800e+16
2.310297396854283306e+03 2.451660296468610000e+16
2.310630965638119960e+03 2.452078517904595200e+16
2.310964534421957069e+03 2.452492134772045600e+16
2.311298103205793723e+03 2.452901121957138800e+16
2.311631671989630831e+03 2.453305454645818800e+16
2.311965240773467485e+03 2.453705108327383200e+16
2.312298809557304594e+03 2.454100058798056000e+16
2.312632378341141248e+03 2.454490282164493600e+16
2.312965947124978356e+03 2.454875754847274800e+16
2.313299515908815465e+03 2.455256453584344800e+16
2.313633084692652119e+03 2.455632355434409200e+16
2.313966653476488773e+03 2.456003437780297600e+16
2.314300222260325882e+03 2.456369678332274800e+16
2.314633791044162535e+03 2.456731055131316000e+16
2.314967359827999644e+03 2.457087546552335200e+16
2.315300928611836753e+03 2.457439131307355200e+16
2.315634497395673407e+03 2.457785788448653200e+16
2.315968066179510060e+03 2.458127497371838400e+16
2.316301634963347169e+03 2.458464237818893200e+16
2.316635203747184278e+03 2.458795989881153600e+16
2.316968772531020932e+03 2.459122734002254400e+16
2.317302341314857586e+03 2.459444450981007200e+16
2.317635910098694694e+03 2.459761121974236800e+16
2.317969478882531348e+03 2.460072728499558800e+16
2.318303047666368457e+03 2.460379252438101600e+16
2.318636616450205565e+03 2.460680676037182400e+16
2.318970185234042219e+03 2.460976981912920000e+16
2.319303754017878873e+03 2.461268153052787600e+16
2.319637322801715982e+03 2.461554172818119200e+16
2.319970891585553090e+03 2.461835024946553600e+16
2.320304460369389744e+03 2.462110693554405600e+16
2.320638029153226853e+03 2.462381163139011200e+16
2.320971597937063507e+03 2.462646418580970000e+16
2.321305166720900161e+03 2.462906445146359600e+16
2.321638735504737269e+03 2.463161228488875600e+16
2.321972304288574378e+03 2.463410754651906400e+16
2.322305873072411032e+03 2.463655010070554000e+16
2.322639441856248141e+03 2.463893981573579200e+16
2.322973010640084794e+03 2.464127656385298400e+16
2.323306579423921903e+03 2.464356022127397600e+16
2.323640148207758557e+03 2.464579066820694800e+16
2.323973716991595666e+03 2.464796778886831600e+16
2.324307285775432319e+03 2.465009147149896800e+16
2.324640854559269428e+03 2.465216160837983200e+16
2.324974423343106537e+03 2.465417809584684000e+16
2.325307992126943191e+03 2.465614083430504400e+16
2.325641560910779845e+03 2.465804972824230400e+16
2.325975129694616953e+03 2.465990468624200800e+16
2.326308698478453607e+03 2.466170562099532000e+16
2.326642267262290716e+03 2.466345244931260400e+16
2.326975836046127824e+03 2.466514509213419600e+16
2.327309404829964478e+03 2.466678347454047600e+16
2.327642973613801132e+03 2.466836752576122400e+16
2.327976542397638241e+03 2.466989717918426000e+16
2.328310111181475349e+03 2.467137237236338800e+16
2.328643679965312003e+03 2.467279304702559600e+16
2.328977248749148657e+03 2.467415914907757600e+16
2.329310817532985766e+03 2.467547062861155200e+16
2.329644386316822420e+03 2.467672743991026000e+16
2.329977955100659528e+03 2.467792954145135200e+16
2.330311523884496637e+03 2.467907689591100000e+16
2.330645092668333291e+03 2.468016947016680800e+16
2.330978661452169945e+03 2.468120723529998000e+16
2.331312230236007053e+03 2.468219016659672800e+16
2.331645799019844162e+03 2.468311824354908000e+16
2.331979367803680816e+03 2.468399144985477600e+16
2.332312936587517925e+03 2.468480977341660400e+16
2.332646505371354579e+03 2.468557320634093600e+16
2.332980074155191232e+03 2.468628174493553600e+16
2.333313642939028341e+03 2.468693538970665600e+16
2.333647211722865450e+03 2.468753414535541600e+16
2.333980780506702104e+03 2.468807802077349200e+16
2.334314349290539212e+03 2.468856702903795200e+16
2.334647918074375866e+03 2.468900118740559600e+16
2.334981486858212975e+03 2.468938051730635200e+16
2.335315055642049629e+03 2.468970504433612400e+16
2.335648624425886737e+03 2.468997479824884800e+16
2.335982193209723391e+03 2.469018981294786000e+16
2.336315761993560500e+03 2.469035012647653200e+16
2.336649330777397608e+03 2.469045578100830800e+16
2.336982899561234262e+03 2.469050682283587200e+16
2.337316468345070916e+03 2.469050330235976800e+16
2.337650037128908025e+03 2.469044527407624000e+16
2.337983605912744679e+03 2.469033279656448000e+16
2.338317174696581787e+03 2.469016593247305200e+16
2.338650743480418441e+03 2.468994474850578000e+16
2.338984312264255550e+03 2.468966931540687200e+16
2.339317881048092204e+03 2.468933970794542400e+16
2.339651449831929312e+03 2.468895600489921600e+16
2.339985018615766421e+03 2.468851828903789600e+16
2.340318587399603075e+03 2.468802664710545200e+16
2.340652156183439729e+03 2.468748116980211200e+16
2.340985724967276838e+03 2.468688195176560800e+16
2.341319293751113491e+03 2.468622909155163200e+16
2.341652862534950600e+03 2.468552269161394400e+16
2.341986431318787709e+03 2.468476285828358400e+16
2.342320000102624363e+03 2.468394970174769600e+16
2.342653568886461017e+03 2.468308333602757200e+16
2.342987137670298125e+03 2.468216387895619200e+16
2.343320706454135234e+03 2.468119145215516000e+16
2.343654275237971888e+03 2.468016618101099200e+16
2.343987844021808996e+03 2.467908819465088800e+16
2.344321412805645650e+03 2.467795762591797600e+16
2.344654981589482304e+03 2.467677461134582000e+16
2.344988550373319413e+03 2.467553929113257600e+16
2.345322119157156521e+03 2.467425180911443600e+16
2.345655687940993175e+03 2.467291231273868800e+16
2.345989256724830284e+03 2.467152095303608400e+16
2.346322825508666938e+03 2.467007788459282400e+16
2.346656394292504046e+03 2.466858326552196000e+16
2.346989963076340700e+03 2.466703725743425600e+16
2.347323531860177354e+03 2.466544002540868000e+16
2.347657100644014463e+03 2.466379173796229600e+16
2.347990669427851572e+03 2.466209256701968800e+16
2.348324238211688225e+03 2.466034268788200800e+16
2.348657806995525334e+03 2.465854227919543600e+16
2.348991375779361988e+03 2.465669152291936000e+16
2.349324944563199097e+03 2.465479060429387200e+16
2.349658513347036205e+03 2.465283971180716800e+16
2.349992082130872859e+03 2.465083903716212800e+16
2.350325650914709513e+03 2.464878877524290800e+16
2.350659219698546167e+03 2.464668912408077600e+16
2.350992788482383276e+03 2.464454028481982000e+16
2.351326357266220384e+03 2.464234246168210000e+16
2.351659926050057038e+03 2.464009586193247200e+16
2.351993494833894147e+03 2.463780069584322400e+16
2.352327063617730801e+03 2.463545717665804400e+16
2.352660632401567909e+03 2.463306552055598000e+16
2.352994201185405018e+03 2.463062594661481600e+16
2.353327769969241672e+03 2.462813867677430800e+16
2.353661338753078780e+03 2.462560393579904000e+16
2.353994907536914980e+03 2.462302195124092000e+16
2.354328476320752088e+03 2.462039295340156800e+16
2.354662045104589197e+03 2.461771717529425200e+16
2.354995613888425851e+03 2.461499485260562000e+16
2.355329182672262959e+03 2.461222622365731600e+16
2.355662751456099613e+03 2.460941152936704000e+16
2.355996320239936722e+03 2.460655101320974000e+16
2.356329889023773831e+03 2.460364492117833200e+16
2.356663457807610484e+03 2.460069350174429600e+16
2.356997026591447593e+03 2.459769700581805200e+16
2.357330595375284247e+03 2.459465568670921200e+16
2.357664164159121356e+03 2.459156980008659600e+16
2.357997732942958464e+03 2.458843960393801600e+16
2.358331301726794663e+03 2.458526535853007200e+16
2.358664870510631772e+03 2.458204732636764800e+16
2.358998439294468426e+03 2.457878577215341200e+16
2.359332008078305535e+03 2.457548096274696000e+16
2.359665576862142643e+03 2.457213316712417600e+16
2.359999145645979297e+03 2.456874265633616400e+16
2.360332714429816406e+03 2.456530970346832800e+16
2.360666283213653060e+03 2.456183458359921200e+16
2.360999851997490168e+03 2.455831757375939200e+16
2.361333420781327277e+03 2.455475895289016000e+16
2.361666989565163931e+03 2.455115900180226400e+16
2.362000558349000585e+03 2.454751800313466800e+16
2.362334127132837239e+03 2.454383624131302400e+16
2.362667695916674347e+03 2.454011400250845600e+16
2.363001264700511456e+03 2.453635157459601200e+16
2.363334833484348110e+03 2.453254924711336800e+16
2.363668402268185218e+03 2.452870731121942000e+16
2.364001971052021872e+03 2.452482605965283200e+16
2.364335539835858981e+03 2.452090578669080000e+16
2.364669108619696090e+03 2.451694678810761600e+16
2.365002677403532743e+03 2.451294936113350000e+16
2.365336246187369852e+03 2.450891380441333600e+16
2.365669814971206051e+03 2.450484041796551600e+16
2.366003383755043160e+03 2.450072950314084800e+16
2.366336952538880269e+03 2.449658136258160000e+16
2.366670521322716922e+03 2.449239630018052800e+16
2.367004090106554031e+03 2.448817462104013200e+16
2.367337658890390685e+03 2.448391663143190800e+16
2.367671227674227794e+03 2.447962263875578400e+16
2.368004796458064902e+03 2.447529295149960000e+16
2.368338365241901556e+03 2.447092787919885200e+16
2.368671934025738665e+03 2.446652773239646400e+16
2.369005502809575319e+03 2.446209282260274400e+16
2.369339071593412427e+03 2.445762346225551200e+16
2.369672640377249536e+03 2.445311996468036800e+16
2.370006209161085735e+03 2.444858264405110400e+16
2.370339777944922844e+03 2.444401181535046000e+16
2.370673346728759498e+03 2.443940779433075600e+16
2.371006915512596606e+03 2.443477089747512000e+16
2.371340484296433715e+03 2.443010144195844800e+16
2.371674053080270369e+03 2.442539974560903200e+16
2.372007621864107477e+03 2.442066612687014000e+16
2.372341190647944131e+03 2.441590090476180000e+16
2.372674759431781240e+03 2.441110439884299200e+16
2.373008328215618349e+03 2.440627692917386000e+16
2.373341896999455003e+03 2.440141881627835200e+16
2.373675465783291656e+03 2.439653038110703200e+16
2.374009034567128310e+03 2.439161194500003200e+16
2.374342603350965419e+03 2.438666382965055200e+16
2.374676172134802528e+03 2.438168635706828000e+16
2.375009740918639181e+03 2.437667984954328800e+16
2.375343309702476290e+03 2.437164462961023600e+16
2.375676878486312944e+03 2.436658102001272800e+16
2.376010447270150053e+03 2.436148934366797600e+16
2.376344016053987161e+03 2.435636992363185600e+16
2.376677584837823815e+03 2.435122308306412000e+16
2.377011153621660924e+03 2.434604914519408800e+16
2.377344722405497123e+03 2.434084843328638800e+16
2.377678291189334232e+03 2.433562127060731200e+16
2.378011859973171340e+03 2.433036798039121600e+16
2.378345428757007994e+03 2.432508888580737200e+16
2.378678997540845103e+03 2.431978430992721200e+16
2.379012566324681757e+03 2.431445457569165200e+16
2.379346135108518865e+03 2.430910000587903200e+16
2.379679703892355974e+03 2.430372092307320800e+16
2.380013272676192628e+03 2.429831764963199200e+16
2.380346841460029736e+03 2.429289050765608800e+16
2.380680410243866390e+03 2.428743981895807200e+16
2.381013979027703499e+03 2.428196590503208400e+16
2.381347547811540608e+03 2.427646908702356800e+16
2.381681116595376807e+03 2.427094968569947600e+16
2.382014685379213915e+03 2.426540802141894000e+16
2.382348254163050569e+03 2.425984441410407200e+16
2.382681822946887678e+03 2.425425918321126000e+16
2.383015391730724787e+03 2.424865264770286400e+16
2.383348960514561441e+03 2.424302512601913600e+16
2.383682529298398549e+03 2.423737693605070400e+16
2.384016098082235203e+03 2.423170839511110000e+16
2.384349666866072312e+03 2.422601981991013200e+16
2.384683235649909420e+03 2.422031152652710400e+16
2.385016804433746074e+03 2.421458383038479600e+16
2.385350373217582728e+03 2.420883704622367200e+16
2.385683942001419382e+03 2.420307148807636000e+16
2.386017510785256491e+03 2.419728746924278800e+16
2.386351079569093599e+03 2.419148530226535200e+16
2.386684648352930253e+03 2.418566529890470000e+16
2.387018217136767362e+03 2.417982777011591200e+16
2.387351785920604016e+03 2.417397302602479200e+16
2.387685354704441124e+03 2.416810137590483200e+16
2.388018923488278233e+03 2.416221312815441600e+16
2.388352492272114887e+03 2.415630859027440400e+16
2.388686061055951996e+03 2.415038806884613600e+16
2.389019629839788195e+03 2.414445186950976400e+16
2.389353198623625303e+03 2.413850029694302400e+16
2.389686767407462412e+03 2.413253365484032000e+16
2.390020336191299066e+03 2.412655224589224000e+16
2.390353904975136174e+03 2.412055637176542800e+16
2.390687473758972828e+03 2.411454633308279200e+16
2.391021042542809937e+03 2.410852242940422400e+16
2.391354611326647046e+03 2.410248495920747200e+16
2.391688180110483700e+03 2.409643421986961200e+16
2.392021748894320808e+03 2.409037050764878800e+16
2.392355317678157462e+03 2.408429411766624000e+16
2.392688886461994571e+03 2.407820534388896400e+16
2.393022455245831679e+03 2.407210447911239200e+16
2.393356024029667878e+03 2.406599181494375200e+16
2.393689592813504987e+03 2.405986764178564000e+16
2.394023161597341641e+03 2.405373224881992000e+16
2.394356730381178750e+03 2.404758592399215600e+16
2.394690299165015858e+03 2.404142895399624800e+16
2.395023867948852512e+03 2.403526162425946400e+16
2.395357436732689621e+03 2.402908421892792800e+16
2.395691005516526275e+03 2.402289702085233600e+16
2.396024574300363383e+03 2.401670031157412800e+16
2.396358143084200492e+03 2.401049437131188800e+16
2.396691711868037146e+03 2.400427947894827600e+16
2.397025280651873800e+03 2.399805591201717200e+16
2.397358849435710454e+03 2.399182394669118800e+16
2.397692418219547562e+03 2.398558385776960400e+16
2.398025987003384671e+03 2.397933591866648800e+16
2.398359555787221325e+03 2.397308040139936800e+16
2.398693124571058434e+03 2.396681757657808000e+16
2.399026693354895087e+03 2.396054771339401200e+16
2.399360262138732196e+03 2.395427107960962000e+16
2.399693830922569305e+03 2.394798794154844000e+16
2.400027399706405959e+03 2.394169856408517600e+16
2.400360968490243067e+03 2.393540321063643200e+16
2.400694537274079266e+03 2.392910214315136400e+16
2.401028106057916375e+03 2.392279562210310000e+16
2.401361674841753484e+03 2.391648390648008800e+16
2.401695243625590138e+03 2.391016725377798400e+16
2.402028812409427246e+03 2.390384591999180000e+16
2.402362381193263900e+03 2.389752015960835600e+16
2.402695949977101009e+03 2.389119022559902400e+16
2.403029518760938117e+03 2.388485636941272400e+16
2.403363087544774771e+03 2.387851884096935200e+16
2.403696656328611880e+03 2.387217788865345600e+16
2.404030225112448534e+03 2.386583375930807200e+16
2.404363793896285642e+03 2.385948669822905600e+16
2.404697362680122751e+03 2.385313694915954800e+16
2.405030931463958950e+03 2.384678475428479200e+16
2.405364500247796059e+03 2.384043035422726000e+16
2.405698069031632713e+03 2.383407398804195200e+16
2.406031637815469821e+03 2.382771589321208000e+16
2.406365206599306930e+03 2.382135630564495200e+16
2.406698775383143584e+03 2.381499545966813600e+16
2.407032344166980693e+03 2.380863358802596800e+16
2.407365912950817346e+03 2.380227092187613600e+16
2.407699481734654455e+03 2.379590769078678800e+16
2.408033050518491564e+03 2.378954412273360000e+16
2.408366619302328218e+03 2.378318044409731200e+16
2.408700188086164871e+03 2.377681687966148000e+16
2.409033756870001525e+03 2.377045365261031200e+16
2.409367325653838634e+03 2.376409098452699200e+16
2.409700894437675743e+03 2.375772909539202400e+16
2.410034463221512397e+03 2.375136820358194400e+16
2.410368032005349505e+03 2.374500852586822400e+16
2.410701600789186159e+03 2.373865027741637600e+16
2.411035169573023268e+03 2.373229367178527200e+16
2.411368738356860376e+03 2.372593892092680000e+16
2.411702307140697030e+03 2.371958623518556800e+16
2.412035875924534139e+03 2.371323582329896000e+16
2.412369444708370338e+03 2.370688789239730000e+16
2.412703013492207447e+03 2.370054264800434400e+16
2.413036582276044555e+03 2.369420029403779600e+16
2.413370151059881209e+03 2.368786103281019200e+16
2.413703719843718318e+03 2.368152506502997600e+16
2.414037288627554972e+03 2.367519258980255200e+16
2.414370857411392080e+03 2.366886380463186800e+16
2.414704426195229189e+03 2.366253890542186000e+16
2.415037994979065843e+03 2.365621808647828800e+16
2.415371563762902952e+03 2.364990154051071200e+16
2.415705132546739605e+03 2.364358945863452400e+16
2.416038701330576714e+03 2.363728203037336000e+16
2.416372270114413823e+03 2.363097944366151200e+16
2.416705838898250022e+03 2.362468188484652800e+16
2.417039407682087131e+03 2.361838953869213600e+16
2.417372976465923784e+03 2.361210258838105600e+16
2.417706545249760893e+03 2.360582121551822400e+16
2.418040114033598002e+03 2.359954560013400000e+16
2.418373682817434656e+03 2.359327592068764800e+16
2.418707251601271764e+03 2.358701235407083600e+16
2.419040820385108418e+03 2.358075507561140000e+16
2.419374389168945527e+03 2.357450425907719600e+16
2.419707957952782635e+03 2.356826007668004800e+16
2.420041526736619289e+03 2.356202269907990400e+16
2.420375095520455943e+03 2.355579229538912800e+16
2.420708664304292597e+03 2.354956903317679600e+16
2.421042233088129706e+03 2.354335307847329600e+16
2.421375801871966814e+03 2.353714459577493600e+16
2.421709370655803468e+03 2.353094374804863200e+16
2.422042939439640577e+03 2.352475069673688800e+16
2.422376508223477231e+03 2.351856560176269600e+16
2.422710077007314339e+03 2.351238862153466400e+16
2.423043645791151448e+03 2.350621991295219200e+16
2.423377214574988102e+03 2.350005963141080800e+16
2.423710783358825211e+03 2.349390793080758400e+16
2.424044352142661410e+03 2.348776496354654400e+16
2.424377920926498518e+03 2.348163088054444000e+16
2.424711489710335627e+03 2.347550583123628800e+16
2.425045058494172281e+03 2.346938996358121200e+16
2.425378627278009390e+03 2.346328342406834400e+16
2.425712196061846043e+03 2.345718635772276000e+16
2.426045764845683152e+03 2.345109890811151200e+16
2.426379333629520261e+03 2.344502121734977600e+16
2.426712902413356915e+03 2.343895342610700800e+16
2.427046471197194023e+03 2.343289567361328800e+16
2.427380039981030677e+03 2.342684809766556800e+16
2.427713608764867786e+03 2.342081083463419200e+16
2.428047177548704894e+03 2.341478401946932000e+16
2.428380746332541094e+03 2.340876778570743200e+16
2.428714315116378202e+03 2.340276226547806400e+16
2.429047883900214856e+03 2.339676758951034000e+16
2.429381452684051965e+03 2.339078388713979200e+16
2.429715021467889073e+03 2.338481128631506400e+16
2.430048590251725727e+03 2.337884991360483200e+16
2.430382159035562836e+03 2.337289989420461600e+16
2.430715727819399490e+03 2.336696135194371200e+16
2.431049296603236598e+03 2.336103440929226400e+16
2.431382865387073707e+03 2.335511918736814400e+16
2.431716434170910361e+03 2.334921580594406400e+16
2.432050002954747015e+03 2.334332438345477200e+16
2.432383571738583669e+03 2.333744503700402400e+16
2.432717140522420777e+03 2.333157788237191600e+16
2.433050709306257886e+03 2.332572303402196000e+16
2.433384278090094540e+03 2.331988060510835200e+16
2.433717846873931649e+03 2.331405070748332800e+16
2.434051415657768302e+03 2.330823345170430000e+16
2.434384984441605411e+03 2.330242894704131200e+16
2.434718553225442520e+03 2.329663730148427600e+16
2.435052122009279174e+03 2.329085862175036800e+16
2.435385690793116282e+03 2.328509301329142800e+16
2.435719259576952481e+03 2.327934058030131200e+16
2.436052828360789590e+03 2.327360142572334400e+16
2.436386397144626699e+03 2.326787565125769600e+16
2.436719965928463353e+03 2.326216335736882400e+16
2.437053534712300461e+03 2.325646464329296000e+16
2.437387103496137115e+03 2.325077960704550400e+16
2.437720672279974224e+03 2.324510834542852800e+16
2.438054241063811332e+03 2.323945095403823200e+16
2.438387809847647986e+03 2.323380752727234000e+16
2.438721378631485095e+03 2.322817815833770400e+16
2.439054947415321749e+03 2.322256293925765600e+16
2.439388516199158857e+03 2.321696196087952000e+16
2.439722084982995966e+03 2.321137531288205600e+16
2.440055653766832165e+03 2.320580308378294000e+16
2.440389222550669274e+03 2.320024536094620800e+16
2.440722791334505928e+03 2.319470223058969600e+16
2.441056360118343036e+03 2.318917377779250000e+16
2.441389928902180145e+03 2.318366008650235600e+16
2.441723497686016799e+03 2.317816123954308800e+16
2.442057066469853908e+03 2.317267731862202400e+16
2.442390635253690562e+03 2.316720840433730000e+16
2.442724204037527670e+03 2.316175457618538800e+16
2.443057772821364779e+03 2.315631591256826800e+16
2.443391341605201433e+03 2.315089249080085600e+16
2.443724910389038087e+03 2.314548438711840000e+16
2.444058479172874740e+03 2.314009167668357200e+16
2.444392047956711849e+03 2.313471443359396800e+16
2.444725616740548958e+03 2.312935273088916800e+16
2.445059185524385612e+03 2.312400664055808800e+16
2.445392754308222720e+03 2.311867623354617600e+16
2.445726323092059374e+03 2.311336157976251200e+16
2.446059891875896483e+03 2.310806274808700400e+16
2.446393460659733591e+03 2.310277980637754400e+16
2.446727029443570245e+03 2.309751282147700000e+16
2.447060598227407354e+03 2.309226185922042400e+16
2.447394167011243553e+03 2.308702698444193200e+16
2.447727735795080662e+03 2.308180826098183200e+16
2.448061304578917770e+03 2.307660575169347200e+16
2.448394873362754424e+03 2.307141951845027600e+16
2.448728442146591533e+03 2.306624962215258400e+16
2.449062010930428187e+03 2.306109612273450400e+16
2.449395579714265295e+03 2.305595907917079200e+16
2.449729148498102404e+03 2.305083854948362000e+16
2.450062717281939058e+03 2.304573459074925200e+16
2.450396286065776167e+03 2.304064725910489200e+16
2.450729854849612821e+03 2.303557660975524400e+16
2.451063423633449929e+03 2.303052269697920800e+16
2.451396992417287038e+03 2.302548557413642400e+16
2.451730561201123237e+03 2.302046529367384800e+16
2.452064129984960346e+03 2.301546190713227200e+16
2.452397698768797000e+03 2.301047546515277600e+16
2.452731267552634108e+03 2.300550601748314400e+16
2.453064836336471217e+03 2.300055361298426400e+16
2.453398405120307871e+03 2.299561829963636800e+16
2.453731973904144979e+03 2.299070012454551200e+16
2.454065542687981633e+03 2.298579913394958000e+16
2.454399111471818742e+03 2.298091537322469600e+16
2.454732680255655850e+03 2.297604888689122000e+16
2.455066249039492504e+03 2.297119971861991600e+16
2.455399817823329158e+03 2.296636791123801600e+16
2.455733386607165812e+03 2.296155350673518000e+16
2.456066955391002921e+03 2.295675654626947200e+16
2.456400524174840029e+03 2.295197707017331200e+16
2.456734092958676683e+03 2.294721511795923200e+16
2.457067661742513792e+03 2.294247072832581200e+16
2.457401230526350446e+03 2.293774393916330800e+16
2.457734799310187555e+03 2.293303478755947200e+16
2.458068368094024663e+03 2.292834330980512000e+16
2.458401936877861317e+03 2.292366954139982400e+16
2.458735505661698426e+03 2.291901351705736800e+16
2.459069074445534625e+03 2.291437527071128800e+16
2.459402643229371733e+03 2.290975483552039600e+16
2.459736212013208842e+03 2.290515224387405600e+16
2.460069780797045496e+03 2.290056752739757600e+16
2.460403349580882605e+03 2.289600071695752000e+16
2.460736918364719259e+03 2.289145184266692800e+16
2.461070487148556367e+03 2.288692093389049600e+16
2.461404055932393476e+03 2.288240801924969600e+16
2.461737624716230130e+03 2.287791312662786800e+16
2.462071193500067238e+03 2.287343628317525200e+16
2.462404762283903892e+03 2.286897751531392800e+16
2.462738331067741001e+03 2.286453684874274000e+16
2.463071899851578110e+03 2.286011430844214400e+16
2.463405468635414309e+03 2.285570991867903600e+16
2.463739037419251417e+03 2.285132370301149600e+16
2.464072606203088071e+03 2.284695568429344000e+16
2.464406174986925180e+03 2.284260588467934400e+16
2.464739743770762288e+03 2.283827432562873600e+16
2.465073312554598942e+03 2.283396102791076800e+16
2.465406881338436051e+03 2.282966601160868800e+16
2.465740450122272705e+03 2.282538929612427200e+16
2.466074018906109814e+03 2.282113090018214400e+16
2.466407587689946922e+03 2.281689084183414400e+16
2.466741156473783576e+03 2.281266913846350400e+16
2.467074725257620230e+03 2.280846580678912000e+16
2.467408294041456884e+03 2.280428086286966400e+16
2.467741862825293993e+03 2.280011432210764000e+16
2.468075431609131101e+03 2.279596619925346400e+16
2.468409000392967755e+03 2.279183650840940400e+16
2.468742569176804864e+03 2.278772526303354400e+16
2.469076137960641518e+03 2.278363247594356400e+16
2.469409706744478626e+03 2.277955815932066800e+16
2.469743275528315735e+03 2.277550232471324000e+16
2.470076844312152389e+03 2.277146498304058400e+16
2.470410413095989497e+03 2.276744614459660000e+16
2.470743981879825697e+03 2.276344581905327200e+16
2.471077550663662805e+03 2.275946401546437200e+16
2.471411119447499914e+03 2.275550074226878400e+16
2.471744688231336568e+03 2.275155600729397600e+16
2.472078257015173676e+03 2.274762981775944800e+16
2.472411825799010330e+03 2.274372218027993600e+16
2.472745394582847439e+03 2.273983310086878000e+16
2.473078963366684548e+03 2.273596258494106000e+16
2.473412532150521201e+03 2.273211063731678000e+16
2.473746100934358310e+03 2.272827726222404000e+16
2.474079669718194964e+03 2.272446246330193600e+16
2.474413238502032073e+03 2.272066624360369200e+16
2.474746807285869181e+03 2.271688860559955200e+16
2.475080376069705380e+03 2.271312955117969600e+16
2.475413944853542489e+03 2.270938908165704800e+16
2.475747513637379143e+03 2.270566719777008800e+16
2.476081082421216252e+03 2.270196389968559600e+16
2.476414651205053360e+03 2.269827918700130800e+16
2.476748219988890014e+03 2.269461305874856000e+16
2.477081788772727123e+03 2.269096551339489600e+16
2.477415357556563777e+03 2.268733654884658000e+16
2.477748926340400885e+03 2.268372616245105600e+16
2.478082495124237539e+03 2.268013435099940000e+16
2.478416063908074648e+03 2.267656111072874000e+16
2.478749632691911302e+03 2.267300643732450000e+16
2.479083201475747956e+03 2.266947032592273200e+16
2.479416770259585064e+03 2.266595277111236800e+16
2.479750339043421718e+03 2.266245376693734400e+16
2.480083907827258827e+03 2.265897330689881200e+16
2.480417476611095935e+03 2.265551138395713600e+16
2.480751045394932589e+03 2.265206799053399200e+16
2.481084614178769698e+03 2.264864311851436800e+16
2.481418182962606352e+03 2.264523675924842000e+16
2.481751751746443460e+03 2.264184890355349600e+16
2.482085320530280569e+03 2.263847954171586400e+16
2.482418889314116768e+03 2.263512866349258800e+16
2.482752458097953877e+03 2.263179625811331600e+16
2.483086026881790531e+03 2.262848231428185600e+16
2.483419595665627639e+03 2.262518682017799200e+16
2.483753164449464748e+03 2.262190976345900800e+16
2.484086733233301402e+03 2.261865113126131600e+16
2.484420302017138511e+03 2.261541091020198400e+16
2.484753870800975164e+03 2.261218908638018400e+16
2.485087439584812273e+03 2.260898564537870400e+16
2.485421008368649382e+03 2.260580057226530400e+16
2.485754577152486036e+03 2.260263385159407200e+16
2.486088145936323144e+03 2.259948546740679200e+16
2.486421714720159343e+03 2.259635540323415200e+16
2.486755283503996452e+03 2.259324364209707600e+16
2.487088852287833561e+03 2.259015016650781600e+16
2.487422421071670215e+03 2.258707495847113600e+16
2.487755989855507323e+03 2.258401799948552800e+16
2.488089558639343977e+03 2.258097927054413200e+16
2.488423127423181086e+03 2.257795875213586400e+16
2.488756696207018194e+03 2.257495642424640800e+16
2.489090264990854848e+03 2.257197226635913600e+16
2.489423833774691957e+03 2.256900625745609600e+16
2.489757402558528611e+03 2.256605837601881600e+16
2.490090971342365719e+03 2.256312860002926400e+16
2.490424540126202373e+03 2.256021690697051200e+16
2.490758108910039027e+03 2.255732327382764400e+16
2.491091677693876136e+03 2.255444767708842400e+16
2.491425246477712790e+03 2.255159009274400800e+16
2.491758815261549898e+03 2.254875049628970400e+16
2.492092384045387007e+03 2.254592886272544000e+16
2.492425952829223661e+03 2.254312516655653200e+16
2.492759521613060770e+03 2.254033938179418000e+16
2.493093090396897423e+03 2.253757148195600000e+16
2.493426659180734532e+03 2.253482144006656400e+16
2.493760227964571641e+03 2.253208922865786400e+16
2.494093796748407840e+03 2.252937481976971200e+16
2.494427365532244949e+03 2.252667818495028400e+16
2.494760934316081602e+03 2.252399929525634400e+16
2.495094503099918711e+03 2.252133812125370400e+16
2.495428071883755820e+03 2.251869463301753600e+16
2.495761640667592474e+03 2.251606880013264000e+16
2.496095209451429582e+03 2.251346059169374800e+16
2.496428778235266236e+03 2.251086997630573600e+16
2.496762347019103345e+03 2.250829692208390400e+16
2.497095915802940453e+03 2.250574139665409600e+16
2.497429484586777107e+03 2.250320336715288800e+16
2.497763053370614216e+03 2.250068280022778400e+16
2.498096622154450415e+03 2.249817966203723200e+16
2.498430190938287524e+03 2.249569391825082400e+16
2.498763759722124632e+03 2.249322553404930400e+16
2.499097328505961286e+03 2.249077447412460800e+16
2.499430897289798395e+03 2.248834070267996000e+16
2.499764466073635049e+03 2.248592418342980000e+16
2.500098034857472157e+03 2.248352487959981200e+16
2.500431603641309266e+03 2.248114275392684800e+16
2.500765172425145920e+03 2.247877776865894000e+16
2.501098741208983029e+03 2.247642988555516000e+16
2.501432309992819683e+03 2.247409906588554800e+16
2.501765878776656791e+03 2.247178527043104000e+16
2.502099447560493445e+03 2.246948845948327600e+16
2.502433016344330099e+03 2.246720859284446800e+16
2.502766585128167208e+03 2.246494562982729600e+16
2.503100153912003861e+03 2.246269952925467600e+16
2.503433722695840970e+03 2.246047024945958400e+16
2.503767291479678079e+03 2.245825774828484800e+16
2.504100860263514733e+03 2.245606198308292800e+16
2.504434429047351841e+03 2.245388291071573600e+16
2.504767997831188495e+03 2.245172048755427600e+16
2.505101566615025604e+03 2.244957466947852400e+16
2.505435135398862712e+03 2.244744541187706000e+16
2.505768704182698912e+03 2.244533266964684800e+16
2.506102272966536020e+03 2.244323639719293600e+16
2.506435841750372674e+03 2.244115654842813600e+16
2.506769410534209783e+03 2.243909307677277200e+16
2.507102979318046891e+03 2.243704593515432800e+16
2.507436548101883545e+03 2.243501507600712800e+16
2.507770116885720654e+03 2.243300045127204000e+16
2.508103685669557308e+03 2.243100201239614000e+16
2.508437254453394416e+03 2.242901971033236000e+16
2.508770823237231525e+03 2.242705349553915200e+16
2.509104392021068179e+03 2.242510331798014400e+16
2.509437960804905288e+03 2.242316912712383200e+16
2.509771529588741487e+03 2.242125087194319200e+16
2.510105098372578595e+03 2.241934850091528800e+16
2.510438667156415704e+03 2.241746196202106400e+16
2.510772235940252358e+03 2.241559120274480800e+16
2.511105804724089467e+03 2.241373617007396800e+16
2.511439373507926121e+03 2.241189681049867600e+16
2.511772942291763229e+03 2.241007307001150400e+16
2.512106511075600338e+03 2.240826489410700800e+16
2.512440079859436992e+03 2.240647222778148800e+16
2.512773648643274100e+03 2.240469501553261200e+16
2.513107217427110754e+03 2.240293320135906000e+16
2.513440786210947863e+03 2.240118672876021200e+16
2.513774354994784517e+03 2.239945554073585200e+16
2.514107923778621171e+03 2.239773957978580000e+16
2.514441492562458279e+03 2.239603878790967200e+16
2.514775061346294933e+03 2.239435310660650400e+16
2.515108630130132042e+03 2.239268247687454000e+16
2.515442198913969150e+03 2.239102683921086800e+16
2.515775767697805804e+03 2.238938613361121600e+16
2.516109336481642913e+03 2.238776029956970000e+16
2.516442905265479567e+03 2.238614927607848800e+16
2.516776474049316676e+03 2.238455300162765600e+16
2.517110042833153784e+03 2.238297141420494800e+16
2.517443611616989983e+03 2.238140445129552000e+16
2.517777180400827092e+03 2.237985204988179600e+16
2.518110749184663746e+03 2.237831414644327600e+16
2.518444317968500854e+03 2.237679067695640400e+16
2.518777886752337963e+03 2.237528157689433600e+16
2.519111455536174617e+03 2.237378678122690000e+16
2.519445024320011726e+03 2.237230622442048000e+16
2.519778593103848380e+03 2.237083984043787200e+16
2.520112161887685488e+03 2.236938756273827200e+16
2.520445730671522597e+03 2.236794932427720000e+16
2.520779299455359251e+03 2.236652505750646000e+16
2.521112868239196359e+03 2.236511469437419200e+16
2.521446437023032558e+03 2.236371816632479600e+16
2.521780005806869667e+03 2.236233540429908800e+16
2.522113574590706776e+03 2.236096633873428800e+16
2.522447143374543430e+03 2.235961089956407200e+16
2.522780712158380538e+03 2.235826901621885600e+16
2.523114280942217192e+03 2.235694061762571200e+16
2.523447849726054301e+03 2.235562563220876800e+16
2.523781418509891409e+03 2.235432398788922000e+16
2.524114987293728063e+03 2.235303561208565200e+16
2.524448556077565172e+03 2.235176043171432400e+16
2.524782124861401826e+03 2.235049837318934400e+16
2.525115693645238935e+03 2.234924936242311200e+16
2.525449262429075588e+03 2.234801332482658400e+16
2.525782831212912242e+03 2.234679018530969600e+16
2.526116399996749351e+03 2.234557986828179200e+16
2.526449968780586005e+03 2.234438229765202400e+16
2.526783537564423114e+03 2.234319739682991200e+16
2.527117106348260222e+03 2.234202508872574800e+16
2.527450675132096876e+03 2.234086529575128800e+16
2.527784243915933985e+03 2.233971793982030400e+16
2.528117812699770639e+03 2.233858294234912000e+16
2.528451381483607747e+03 2.233746022425742800e+16
2.528784950267444856e+03 2.233634970596889200e+16
2.529118519051281055e+03 2.233525130741197600e+16
2.529452087835118164e+03 2.233416494802064000e+16
2.529785656618954818e+03 2.233309054673527200e+16
2.530119225402791926e+03 2.233202802200348800e+16
2.530452794186629035e+03 2.233097729178111600e+16
2.530786362970465689e+03 2.232993827353306000e+16
2.531119931754302797e+03 2.232891088423442000e+16
2.531453500538139451e+03 2.232789504037143600e+16
2.531787069321976560e+03 2.232689065794267200e+16
2.532120638105813669e+03 2.232589765246008000e+16
2.532454206889650322e+03 2.232491593895024000e+16
2.532787775673487431e+03 2.232394543195559200e+16
2.533121344457323630e+03 2.232298604553571200e+16
2.533454913241160739e+03 2.232203769326863200e+16
2.533788482024997847e+03 2.232110028825222400e+16
2.534122050808834501e+03 2.232017374310567200e+16
2.534455619592671610e+03 2.231925796997095600e+16
2.534789188376508264e+03 2.231835288051428400e+16
2.535122757160345373e+03 2.231745838592786400e+16
2.535456325944182481e+03 2.231657439693137600e+16
2.535789894728019135e+03 2.231570082377378800e+16
2.536123463511856244e+03 2.231483757623502400e+16
2.536457032295692898e+03 2.231398456362782400e+16
2.536790601079530006e+03 2.231314169479962400e+16
2.537124169863366660e+03 2.231230887813437600e+16
2.537457738647203314e+03 2.231148602155463200e+16
2.537791307431040423e+03 2.231067303252354400e+16
2.538124876214877077e+03 2.230986981804692400e+16
2.538458444998714185e+03 2.230907628467543200e+16
2.538792013782551294e+03 2.230829233850677600e+16
2.539125582566387948e+03 2.230751788518795200e+16
2.539459151350225056e+03 2.230675282991768000e+16
2.539792720134061710e+03 2.230599707744860800e+16
2.540126288917898819e+03 2.230525053208998800e+16
2.540459857701735928e+03 2.230451309771001200e+16
2.540793426485572127e+03 2.230378467773849200e+16
2.541126995269409235e+03 2.230306517516948000e+16
2.541460564053245889e+03 2.230235449256394400e+16
2.541794132837082998e+03 2.230165253205262400e+16
2.542127701620920107e+03 2.230095919533874000e+16
2.542461270404756760e+03 2.230027438370101600e+16
2.542794839188593869e+03 2.229959799799658800e+16
2.543128407972430523e+03 2.229892993866404000e+16
2.543461976756267632e+03 2.229827010572653600e+16
2.543795545540104740e+03 2.229761839879495200e+16
2.544129114323941394e+03 2.229697471707114000e+16
2.544462683107778503e+03 2.229633895935127200e+16
2.544796251891614702e+03 2.229571102402909200e+16
2.545129820675451811e+03 2.229509080909952000e+16
2.545463389459288919e+03 2.229447821216203200e+16
2.545796958243125573e+03 2.229387313042432400e+16
2.546130527026962682e+03 2.229327546070597600e+16
2.546464095810799336e+03 2.229268509944208800e+16
2.546797664594636444e+03 2.229210194268720000e+16
2.547131233378473553e+03 2.229152588611904800e+16
2.547464802162310207e+03 2.229095682504258800e+16
2.547798370946147315e+03 2.229039465439398400e+16
2.548131939729983969e+03 2.228983926874467600e+16
2.548465508513821078e+03 2.228929056230557600e+16
2.548799077297657732e+03 2.228874842893128800e+16
2.549132646081494386e+03 2.228821276212434400e+16
2.549466214865331494e+03 2.228768345503976000e+16
2.549799783649168148e+03 2.228716040048929600e+16
2.550133352433005257e+03 2.228664349094612000e+16
2.550466921216842366e+03 2.228613261854933200e+16
2.550800490000679019e+03 2.228562767510870000e+16
2.551134058784516128e+03 2.228512855210941600e+16
2.551467627568352782e+03 2.228463514071683200e+16
2.551801196352189891e+03 2.228414733178151200e+16
2.552134765136026999e+03 2.228366501584410000e+16
2.552468333919863198e+03 2.228318808314042000e+16
2.552801902703700307e+03 2.228271642360663200e+16
2.553135471487536961e+03 2.228224992688433600e+16
2.553469040271374070e+03 2.228178848232604800e+16
2.553802609055211178e+03 2.228133197900036800e+16
2.554136177839047832e+03 2.228088030569750400e+16
2.554469746622884941e+03 2.228043335093482400e+16
2.554803315406721595e+03 2.227999100296235200e+16
2.555136884190558703e+03 2.227955314976854800e+16
2.555470452974395812e+03 2.227911967908593200e+16
2.555804021758232466e+03 2.227869047839698400e+16
2.556137590542069574e+03 2.227826543494004000e+16
2.556471159325905774e+03 2.227784443571520800e+16
2.556804728109742882e+03 2.227742736749048800e+16
2.557138296893579991e+03 2.227701411680784000e+16
2.557471865677416645e+03 2.227660456998938400e+16
2.557805434461253753e+03 2.227619861314375200e+16
2.558139003245090407e+03 2.227579613217234400e+16
2.558472572028927516e+03 2.227539701277583600e+16
2.558806140812764625e+03 2.227500114046061600e+16
2.559139709596601278e+03 2.227460840054542400e+16
2.559473278380438387e+03 2.227421867816795600e+16
2.559806847164275041e+03 2.227383185829162000e+16
2.560140415948112150e+03 2.227344782571235200e+16
2.560473984731948804e+03 2.227306646506543200e+16
2.560807553515785457e+03 2.227268766083253600e+16
2.561141122299622566e+03 2.227231129734867600e+16
2.561474691083459220e+03 2.227193725880932000e+16
2.561808259867296329e+03 2.227156542927760000e+16
2.562141828651133437e+03 2.227119569269150000e+16
2.562475397434970091e+03 2.227082793287121600e+16
2.562808966218807200e+03 2.227046203352651200e+16
2.563142535002643854e+03 2.227009787826422000e+16
2.563476103786480962e+03 2.226973535059575200e+16
2.563809672570318071e+03 2.226937433394466400e+16
2.564143241354154270e+03 2.226901471165438400e+16
2.564476810137991379e+03 2.226865636699592800e+16
2.564810378921828033e+03 2.226829918317568800e+16
2.565143947705665141e+03 2.226794304334338400e+16
2.565477516489502250e+03 2.226758783059988000e+16
2.565811085273338904e+03 2.226723342800534400e+16
2.566144654057176012e+03 2.226687971858720800e+16
2.566478222841012666e+03 2.226652658534839600e+16
2.566811791624849775e+03 2.226617391127548000e+16
2.567145360408686884e+03 2.226582157934698000e+16
2.567478929192523537e+03 2.226546947254170000e+16
2.567812497976360646e+03 2.226511747384713600e+16
2.568146066760196845e+03 2.226476546626791200e+16
2.568479635544033954e+03 2.226441333283435200e+16
2.568813204327871063e+03 2.226406095661102400e+16
2.569146773111707716e+03 2.226370822070540000e+16
2.569480341895544825e+03 2.226335500827660000e+16
2.569813910679381479e+03 2.226300120254405600e+16
2.570147479463218588e+03 2.226264668679648400e+16
2.570481048247055696e+03 2.226229134440061600e+16
2.570814617030892350e+03 2.226193505881021600e+16
2.571148185814729459e+03 2.226157771357506400e+16
2.571481754598566113e+03 2.226121919234995200e+16
2.571815323382403221e+03 2.226085937890385600e+16
2.572148892166239875e+03 2.226049815712902000e+16
2.572482460950076529e+03 2.226013541105014000e+16
2.572816029733913638e+03 2.225977102483371200e+16
2.573149598517750292e+03 2.225940488279720400e+16
2.573483167301587400e+03 2.225903686941848800e+16
2.573816736085424509e+03 2.225866686934520400e+16
2.574150304869261163e+03 2.225829476740415600e+16
2.574483873653098271e+03 2.225792044861089200e+16
2.574817442436934925e+03 2.225754379817908800e+16
2.575151011220772034e+03 2.225716470153026400e+16
2.575484580004609143e+03 2.225678304430327200e+16
2.575818148788445342e+03 2.225639871236401200e+16
2.576151717572282450e+03 2.225601159181505600e+16
2.576485286356119104e+03 2.225562156900542800e+16
2.576818855139956213e+03 2.225522853054036000e+16
2.577152423923793322e+03 2.225483236329100400e+16
2.577485992707629975e+03 2.225443295440433600e+16
2.577819561491467084e+03 2.225403019131300800e+16
2.578153130275303738e+03 2.225362396174519200e+16
2.578486699059140847e+03 2.225321415373452000e+16
2.578820267842977955e+03 2.225280065563000800e+16
2.579153836626814609e+03 2.225238335610608400e+16
2.579487405410651718e+03 2.225196214417252800e+16
2.579820974194487917e+03 2.225153690918446400e+16
2.580154542978325026e+03 2.225110754085248800e+16
2.580488111762162134e+03 2.225067392925268400e+16
2.580821680545998788e+03 2.225023596483663200e+16
2.581155249329835897e+03 2.224979353844166400e+16
2.581488818113672551e+03 2.224934654130080800e+16
2.581822386897509659e+03 2.224889486505304800e+16
2.582155955681346768e+03 2.224843840175339200e+16
2.582489524465183422e+03 2.224797704388302400e+16
2.582823093249020530e+03 2.224751068435952000e+16
2.583156662032857184e+03 2.224703921654696000e+16
2.583490230816694293e+03 2.224656253426614400e+16
2.583823799600530947e+03 2.224608053180472800e+16
2.584157368384367601e+03 2.224559310392744800e+16
2.584490937168204709e+03 2.224510014588635200e+16
2.584824505952041363e+03 2.224460155343085600e+16
2.585158074735878472e+03 2.224409722281805200e+16
2.585491643519715581e+03 2.224358705082282800e+16
2.585825212303552235e+03 2.224307093474807200e+16
2.586158781087389343e+03 2.224254877243481200e+16
2.586492349871225997e+03 2.224202046227241600e+16
2.586825918655063106e+03 2.224148590320876000e+16
2.587159487438900214e+03 2.224094499476026800e+16
2.587493056222736413e+03 2.224039763702216000e+16
2.587826625006573522e+03 2.223984373067848000e+16
2.588160193790410176e+03 2.223928317701224000e+16
2.588493762574247285e+03 2.223871587791547200e+16
2.588827331358084393e+03 2.223814173589929200e+16
2.589160900141921047e+03 2.223756065410390000e+16
2.589494468925758156e+03 2.223697253630868000e+16
2.589828037709594810e+03 2.223637728694207200e+16
2.590161606493431918e+03 2.223577481109159200e+16
2.590495175277269027e+03 2.223516501451376400e+16
2.590828744061105681e+03 2.223454780364393600e+16
2.591162312844942790e+03 2.223392308560625600e+16
2.591495881628778989e+03 2.223329076822341600e+16
2.591829450412616097e+03 2.223265076002648800e+16
2.592163019196453206e+03 2.223200297026464400e+16
2.592496587980289860e+03 2.223134730891484800e+16
2.592830156764126968e+03 2.223068368669160000e+16
2.593163725547963622e+03 2.223001201505650400e+16
2.593497294331800731e+03 2.222933220622785600e+16
2.593830863115637840e+03 2.222864417319016800e+16
2.594164431899474494e+03 2.222794782970365200e+16
2.594498000683311602e+03 2.222724309031371600e+16
2.594831569467148256e+03 2.222652987036020800e+16
2.595165138250985365e+03 2.222580808598686800e+16
2.595498707034822019e+03 2.222507765415052800e+16
2.595832275818658673e+03 2.222433849263031200e+16
2.596165844602495781e+03 2.222359052003684800e+16
2.596499413386332435e+03 2.222283365582126400e+16
2.596832982170169544e+03 2.222206782028428800e+16
2.597166550954006652e+03 2.222129293458516800e+16
2.597500119737843306e+03 2.222050892075050800e+16
2.597833688521680415e+03 2.221971570168323200e+16
2.598167257305517069e+03 2.221891320117115600e+16
2.598500826089354177e+03 2.221810134389581200e+16
2.598834394873191286e+03 2.221728005544094400e+16
2.599167963657027485e+03 2.221644926230108000e+16
2.599501532440864594e+03 2.221560889188998400e+16
2.599835101224701248e+03 2.221475887254898400e+16
2.600168670008538356e+03 2.221389913355531200e+16
2.600502238792375465e+03 2.221302960513022800e+16
2.600835807576212119e+03 2.221215021844724000e+16
2.601169376360049228e+03 2.221126090564004000e+16
2.601502945143885881e+03 2.221036159981048400e+16
2.601836513927722990e+03 2.220945223503646800e+16
2.602170082711560099e+03 2.220853274637965200e+16
2.602503651495396753e+03 2.220760306989308000e+16
2.602837220279233861e+03 2.220666314262894000e+16
2.603170789063070060e+03 2.220571290264576800e+16
2.603504357846907169e+03 2.220475228901608800e+16
2.603837926630744278e+03 2.220378124183350000e+16
2.604171495414580932e+03 2.220279970221995600e+16
2.604505064198418040e+03 2.220180761233282000e+16
2.604838632982254694e+03 2.220080491537177600e+16
2.605172201766091803e+03 2.219979155558582000e+16
2.605505770549928911e+03 2.219876747827986800e+16
2.605839339333765565e+03 2.219773262982153600e+16
2.606172908117602674e+03 2.219668695764759200e+16
2.606506476901439328e+03 2.219563041027043600e+16
2.606840045685276436e+03 2.219456293728438800e+16
2.607173614469113090e+03 2.219348448937187200e+16
2.607507183252949744e+03 2.219239501830954800e+16
2.607840752036786853e+03 2.219129447697428000e+16
2.608174320820623507e+03 2.219018281934889600e+16
2.608507889604460615e+03 2.218906000052804800e+16
2.608841458388297724e+03 2.218792597672374400e+16
2.609175027172134378e+03 2.218678070527082800e+16
2.609508595955971487e+03 2.218562414463240000e+16
2.609842164739808140e+03 2.218445625440498400e+16
2.610175733523645249e+03 2.218327699532372800e+16
2.610509302307482358e+03 2.218208632926736000e+16
2.610842871091318557e+03 2.218088421926292000e+16
2.611176439875155666e+03 2.217967062949074000e+16
2.611510008658992319e+03 2.217844552528884800e+16
2.611843577442829428e+03 2.217720887315752000e+16
2.612177146226666537e+03 2.217596064076354400e+16
2.612510715010503191e+03 2.217470079694455200e+16
2.612844283794340299e+03 2.217342931171298400e+16
2.613177852578176953e+03 2.217214615626002400e+16
2.613511421362014062e+03 2.217085130295951200e+16
2.613844990145851170e+03 2.216954472537145600e+16
2.614178558929687824e+03 2.216822639824564000e+16
2.614512127713524933e+03 2.216689629752502800e+16
2.614845696497361132e+03 2.216555440034896000e+16
2.615179265281198241e+03 2.216420068505630400e+16
2.615512834065035349e+03 2.216283513118839200e+16
2.615846402848872003e+03 2.216145771949184400e+16
2.616179971632709112e+03 2.216006843192130400e+16
2.616513540416545766e+03 2.215866725164188000e+16
2.616847109200382874e+03 2.215725416303169600e+16
2.617180677984219983e+03 2.215582915168397600e+16
2.617514246768056637e+03 2.215439220440926400e+16
2.617847815551893746e+03 2.215294330923737200e+16
2.618181384335730399e+03 2.215148245541917600e+16
2.618514953119567508e+03 2.215000963342832000e+16
2.618848521903404162e+03 2.214852483496270400e+16
2.619182090687240816e+03 2.214702805294588800e+16
2.619515659471077925e+03 2.214551928152838000e+16
2.619849228254914578e+03 2.214399851608859200e+16
2.620182797038751687e+03 2.214246575323395200e+16
2.620516365822588796e+03 2.214092099080153600e+16
2.620849934606425450e+03 2.213936422785881200e+16
2.621183503390262558e+03 2.213779546470412400e+16
2.621517072174099212e+03 2.213621470286698400e+16
2.621850640957936321e+03 2.213462194510838400e+16
2.622184209741773429e+03 2.213301719542072400e+16
2.622517778525609629e+03 2.213140045902776800e+16
2.622851347309446737e+03 2.212977174238445600e+16
2.623184916093283391e+03 2.212813105317640000e+16
2.623518484877120500e+03 2.212647840031946800e+16
2.623852053660957608e+03 2.212481379395897200e+16
2.624185622444794262e+03 2.212313724546890000e+16
2.624519191228631371e+03 2.212144876745094800e+16
2.624852760012468025e+03 2.211974837373331200e+16
2.625186328796305133e+03 2.211803607936951200e+16
2.625519897580142242e+03 2.211631190063686000e+16
2.625853466363978896e+03 2.211457585503495200e+16
2.626187035147816005e+03 2.211282796128390400e+16
2.626520603931652204e+03 2.211106823932251600e+16
2.626854172715489312e+03 2.210929671030628800e+16
2.627187741499326421e+03 2.210751339660516400e+16
2.627521310283163075e+03 2.210571832180131200e+16
2.627854879067000184e+03 2.210391151068666000e+16
2.628188447850836837e+03 2.210209298926026400e+16
2.628522016634673946e+03 2.210026278472563200e+16
2.628855585418511055e+03 2.209842092548778400e+16
2.629189154202347709e+03 2.209656744115028000e+16
2.629522722986184817e+03 2.209470236251204800e+16
2.629856291770021471e+03 2.209282572156402400e+16
2.630189860553858580e+03 2.209093755148580400e+16
2.630523429337695234e+03 2.208903788664197600e+16
2.630856998121531888e+03 2.208712676257844000e+16
2.631190566905368996e+03 2.208520421601856000e+16
2.631524135689205650e+03 2.208327028485909600e+16
2.631857704473042759e+03 2.208132500816616000e+16
2.632191273256879867e+03 2.207936842617088400e+16
2.632524842040716521e+03 2.207740058026504800e+16
2.632858410824553630e+03 2.207542151299651600e+16
2.633191979608390284e+03 2.207343126806459600e+16
2.633525548392227392e+03 2.207142989031520800e+16
2.633859117176064501e+03 2.206941742573596400e+16
2.634192685959900700e+03 2.206739392145112000e+16
2.634526254743737809e+03 2.206535942571636000e+16
2.634859823527574463e+03 2.206331398791349600e+16
2.635193392311411571e+03 2.206125765854500000e+16
2.635526961095248680e+03 2.205919048922848400e+16
2.635860529879085334e+03 2.205711253269092800e+16
2.636194098662922443e+03 2.205502384276294400e+16
2.636527667446759096e+03 2.205292447437277600e+16
2.636861236230596205e+03 2.205081448354029600e+16
2.637194805014433314e+03 2.204869392737077600e+16
2.637528373798269968e+03 2.204656286404859200e+16
2.637861942582107076e+03 2.204442135283089200e+16
2.638195511365943275e+03 2.204226945404092800e+16
2.638529080149780384e+03 2.204010722906160400e+16
2.638862648933617493e+03 2.203793474032852000e+16
2.639196217717454147e+03 2.203575205132321200e+16
2.639529786501291255e+03 2.203355922656622800e+16
2.639863355285127909e+03 2.203135633160994400e+16
2.640196924068965018e+03 2.202914343303142400e+16
2.640530492852802126e+03 2.202692059842509600e+16
2.640864061636638780e+03 2.202468789639540800e+16
2.641197630420475889e+03 2.202244539654930400e+16
2.641531199204312543e+03 2.202019316948856000e+16
2.641864767988149652e+03 2.201793128680219200e+16
2.642198336771986305e+03 2.201565982105858400e+16
2.642531905555822959e+03 2.201337884579758400e+16
2.642865474339660068e+03 2.201108843552260800e+16
2.643199043123496722e+03 2.200878866569240800e+16
2.643532611907333830e+03 2.200647961271307600e+16
2.643866180691170939e+03 2.200416135392964000e+16
2.644199749475007593e+03 2.200183396761775200e+16
2.644533318258844702e+03 2.199949753297529200e+16
2.644866887042681356e+03 2.199715213011379200e+16
2.645200455826518464e+03 2.199479784004988000e+16
2.645534024610355573e+03 2.199243474469654800e+16
2.645867593394191772e+03 2.199006292685439200e+16
2.646201162178028881e+03 2.198768247020283200e+16
2.646534730961865534e+03 2.198529345929108000e+16
2.646868299745702643e+03 2.198289597952926800e+16
2.647201868529539297e+03 2.198049011717926400e+16
2.647535437313376406e+03 2.197807595934561600e+16
2.647869006097213514e+03 2.197565359396630400e+16
2.648202574881050168e+03 2.197322310980346800e+16
2.648536143664887277e+03 2.197078459643409600e+16
2.648869712448723931e+03 2.196833814424057600e+16
2.649203281232561039e+03 2.196588384440125200e+16
2.649536850016398148e+03 2.196342178888088400e+16
2.649870418800234347e+03 2.196095207042105600e+16
2.650203987584071456e+03 2.195847478253059200e+16
2.650537556367908110e+03 2.195599001947572800e+16
2.650871125151745218e+03 2.195349787627049600e+16
2.651204693935582327e+03 2.195099844866683200e+16
2.651538262719418981e+03 2.194849183314473600e+16
2.651871831503256089e+03 2.194597812690240800e+16
2.652205400287092743e+03 2.194345742784624000e+16
2.652538969070929852e+03 2.194092983458088800e+16
2.652872537854766961e+03 2.193839544639918000e+16
2.653206106638603615e+03 2.193585436327203600e+16
2.653539675422440723e+03 2.193330668583840000e+16
2.653873244206276922e+03 2.193075251539504400e+16
2.654206812990114031e+03 2.192819195388640000e+16
2.654540381773951140e+03 2.192562510389432400e+16
2.654873950557787794e+03 2.192305206862780400e+16
2.655207519341624902e+03 2.192047295191278400e+16
2.655541088125461556e+03 2.191788785818170800e+16
2.655874656909298665e+03 2.191529689246329600e+16
2.656208225693135773e+03 2.191270016037208400e+16
2.656541794476972427e+03 2.191009776809808800e+16
2.656875363260809536e+03 2.190748982239640000e+16
2.657208932044645735e+03 2.190487643057668000e+16
2.657542500828482844e+03 2.190225770049283200e+16
2.657876069612319952e+03 2.189963374053239600e+16
2.658209638396156606e+03 2.189700465960616000e+16
2.658543207179993715e+03 2.189437056713766000e+16
2.658876775963830369e+03 2.189173157305258400e+16
2.659210344747667477e+03 2.188908778776840000e+16
2.659543913531504586e+03 2.188643932218369600e+16
2.659877482315341240e+03 2.188378628766772800e+16
2.660211051099178349e+03 2.188112879604987600e+16
2.660544619883015002e+03 2.187846695960904000e+16
2.660878188666852111e+03 2.187580089106321600e+16
2.661211757450689220e+03 2.187313070355884000e+16
2.661545326234525419e+03 2.187045651066029600e+16
2.661878895018362527e+03 2.186777842633943200e+16
2.662212463802199181e+03 2.186509656496491200e+16
2.662546032586036290e+03 2.186241104129182000e+16
2.662879601369873399e+03 2.185972197045102800e+16
2.663213170153710053e+03 2.185702946793876800e+16
2.663546738937547161e+03 2.185433364960610400e+16
2.663880307721383815e+03 2.185163463164843200e+16
2.664213876505220924e+03 2.184893253059507600e+16
2.664547445289058032e+03 2.184622746329874400e+16
2.664881014072894686e+03 2.184351954692514400e+16
2.665214582856731795e+03 2.184080889894255200e+16
2.665548151640567994e+03 2.183809563711142000e+16
2.665881720424405103e+03 2.183537987947399200e+16
2.666215289208242211e+03 2.183266174434392000e+16
2.666548857992078865e+03 2.182994135029598400e+16
2.666882426775915974e+03 2.182721881615575200e+16
2.667215995559752628e+03 2.182449426098928400e+16
2.667549564343589736e+03 2.182176780409292000e+16
2.667883133127426845e+03 2.181903956498303600e+16
2.668216701911263499e+03 2.181630966338582800e+16
2.668550270695100608e+03 2.181357821922719200e+16
2.668883839478936807e+03 2.181084535262257600e+16
2.669217408262773915e+03 2.180811118386689200e+16
2.669550977046611024e+03 2.180537583342442400e+16
2.669884545830447678e+03 2.180263942191886000e+16
2.670218114614284787e+03 2.179990207012328000e+16
2.670551683398121440e+03 2.179716389895020000e+16
2.670885252181958549e+03 2.179442502944170800e+16
2.671218820965795658e+03 2.179168558275953600e+16
2.671552389749632312e+03 2.178894568017528000e+16
2.671885958533469420e+03 2.178620544306066000e+16
2.672219527317306074e+03 2.178346499287769600e+16
2.672553096101143183e+03 2.178072445116912000e+16
2.672886664884980291e+03 2.177798393954862400e+16
2.673220233668816491e+03 2.177524357969138400e+16
2.673553802452653599e+03 2.177250349332443200e+16
2.673887371236490253e+03 2.176976380221718800e+16
2.674220940020327362e+03 2.176702462817203200e+16
2.674554508804164470e+03 2.176428609301488800e+16
2.674888077588001124e+03 2.176154831858588800e+16
2.675221646371838233e+03 2.175881142673012400e+16
2.675555215155674887e+03 2.175607553928831200e+16
2.675888783939511995e+03 2.175334077808774400e+16
2.676222352723349104e+03 2.175060726493311200e+16
2.676555921507185758e+03 2.174787512159735600e+16
2.676889490291022867e+03 2.174514446981283200e+16
2.677223059074859066e+03 2.174241543126221200e+16
2.677556627858696174e+03 2.173968812756965600e+16
2.677890196642533283e+03 2.173696268029199200e+16
2.678223765426369937e+03 2.173423921090991600e+16
2.678557334210207046e+03 2.173151784081930000e+16
2.678890902994043699e+03 2.172879869132252800e+16
2.679224471777880808e+03 2.172608188361994400e+16
2.679558040561717917e+03 2.172336753880127200e+16
2.679891609345554571e+03 2.172065577783722000e+16
2.680225178129391679e+03 2.171794672157107200e+16
2.680558746913227878e+03 2.171524049071033600e+16
2.680892315697064987e+03 2.171253720581848800e+16
2.681225884480902096e+03 2.170983698730679200e+16
2.681559453264738750e+03 2.170713995542613200e+16
2.681893022048575858e+03 2.170444623025899200e+16
2.682226590832412512e+03 2.170175593171144000e+16
2.682560159616249621e+03 2.169906917950520000e+16
2.682893728400086729e+03 2.169638609316977200e+16
2.683227297183923383e+03 2.169370679203466400e+16
2.683560865967760492e+03 2.169103139522169600e+16
2.683894434751597146e+03 2.168836002163729200e+16
2.684228003535434254e+03 2.168569278996491200e+16
2.684561572319271363e+03 2.168302981865756000e+16
2.684895141103107562e+03 2.168037122593032000e+16
2.685228709886944671e+03 2.167771712975302400e+16
2.685562278670781325e+03 2.167506764784288000e+16
2.685895847454618433e+03 2.167242289765733600e+16
2.686229416238455542e+03 2.166978299638684000e+16
2.686562985022292196e+03 2.166714806094780000e+16
2.686896553806129305e+03 2.166451820797555600e+16
2.687230122589965958e+03 2.166189355381744000e+16
2.687563691373803067e+03 2.165927421452595200e+16
2.687897260157640176e+03 2.165666030585188800e+16
2.688230828941476830e+03 2.165405194323764800e+16
2.688564397725313938e+03 2.165144924181063200e+16
2.688897966509150137e+03 2.164885231637660800e+16
2.689231535292987246e+03 2.164626128141326400e+16
2.689565104076824355e+03 2.164367625106368000e+16
2.689898672860661009e+03 2.164109733913008000e+16
2.690232241644498117e+03 2.163852465906751200e+16
2.690565810428334771e+03 2.163595832397763200e+16
2.690899379212171880e+03 2.163339844660255200e+16
2.691232947996008988e+03 2.163084513931882800e+16
2.691566516779845642e+03 2.162829851413142000e+16
2.691900085563682751e+03 2.162575868266780800e+16
2.692233654347518950e+03 2.162322575617216000e+16
2.692567223131356059e+03 2.162069984549952800e+16
2.692900791915193167e+03 2.161818106111018400e+16
2.693234360699029821e+03 2.161566951306399200e+16
2.693567929482866930e+03 2.161316531101485600e+16
2.693901498266703584e+03 2.161066856420524000e+16
2.694235067050540692e+03 2.160817938146082000e+16
2.694568635834377801e+03 2.160569787118506400e+16
2.694902204618214455e+03 2.160322414135400800e+16
2.695235773402051564e+03 2.160075829951118800e+16
2.695569342185888218e+03 2.159830045276231200e+16
2.695902910969725326e+03 2.159585070777042400e+16
2.696236479753562435e+03 2.159340917075082000e+16
2.696570048537398634e+03 2.159097594746619200e+16
2.696903617321235743e+03 2.158855114322182000e+16
2.697237186105072396e+03 2.158613486286076400e+16
2.697570754888909505e+03 2.158372721075928000e+16
2.697904323672746614e+03 2.158132829082209600e+16
2.698237892456583268e+03 2.157893820647796800e+16
2.698571461240420376e+03 2.157655706067517600e+16
2.698905030024257030e+03 2.157418495587708400e+16
2.699238598808094139e+03 2.157182199405793200e+16
2.699572167591931247e+03 2.156946827669840800e+16
2.699905736375767901e+03 2.156712390478159600e+16
2.700239305159604555e+03 2.156478897878881600e+16
2.700572873943441209e+03 2.156246359869554400e+16
2.700906442727278318e+03 2.156014786396747200e+16
2.701240011511115426e+03 2.155784187355652400e+16
2.701573580294952080e+03 2.155554572589708800e+16
2.701907149078789189e+03 2.155325951890220800e+16
2.702240717862625843e+03 2.155098334995981200e+16
2.702574286646462951e+03 2.154871731592917600e+16
2.702907855430300060e+03 2.154646151313722400e+16
2.703241424214136714e+03 2.154421603737506000e+16
2.703574992997973823e+03 2.154198098389459200e+16
2.703908561781810022e+03 2.153975644740497600e+16
2.704242130565647130e+03 2.153754252206948400e+16
2.704575699349484239e+03 2.153533930150210000e+16
2.704909268133320893e+03 2.153314687876436000e+16
2.705242836917158002e+03 2.153096534636232000e+16
2.705576405700994655e+03 2.152879479624330400e+16
2.705909974484831764e+03 2.152663531979308800e+16
2.706243543268668873e+03 2.152448700783279200e+16
2.706577112052505527e+03 2.152234995061611600e+16
2.706910680836342635e+03 2.152022423782644400e+16
2.707244249620179289e+03 2.151810995857411200e+16
2.707577818404016398e+03 2.151600720139371200e+16
2.707911387187853506e+03 2.151391605424140800e+16
2.708244955971689706e+03 2.151183660449239200e+16
2.708578524755526814e+03 2.150976893893832800e+16
2.708912093539363468e+03 2.150771314378490800e+16
2.709245662323200577e+03 2.150566930464943600e+16
2.709579231107037685e+03 2.150363750655844000e+16
2.709912799890874339e+03 2.150161783394542800e+16
2.710246368674711448e+03 2.149961037064858400e+16
2.710579937458548102e+03 2.149761519990862800e+16
2.710913506242385210e+03 2.149563240436668000e+16
2.711247075026222319e+03 2.149366206606214400e+16
2.711580643810058973e+03 2.149170426643070000e+16
2.711914212593895627e+03 2.148975908630240000e+16
2.712247781377732281e+03 2.148782660589959600e+16
2.712581350161569389e+03 2.148590690483524800e+16
2.712914918945406498e+03 2.148400006211099200e+16
2.713248487729243152e+03 2.148210615611538400e+16
2.713582056513080261e+03 2.148022526462225600e+16
2.713915625296916915e+03 2.147835746478896800e+16
2.714249194080754023e+03 2.147650283315489600e+16
2.714582762864591132e+03 2.147466144563972800e+16
2.714916331648427786e+03 2.147283337754206000e+16
2.715249900432264894e+03 2.147101870353789600e+16
2.715583469216101093e+03 2.146921749767918400e+16
2.715917037999938202e+03 2.146742983339253600e+16
2.716250606783775311e+03 2.146565578347777600e+16
2.716584175567611965e+03 2.146389542010673600e+16
2.716917744351449073e+03 2.146214881482201600e+16
2.717251313135285727e+03 2.146041603853576800e+16
2.717584881919122836e+03 2.145869716152853600e+16
2.717918450702959944e+03 2.145699225344816000e+16
2.718252019486796598e+03 2.145530138330872000e+16
2.718585588270633707e+03 2.145362461948955200e+16
2.718919157054470361e+03 2.145196202973413200e+16
2.719252725838307470e+03 2.145031368114934000e+16
2.719586294622144578e+03 2.144867964020434400e+16
2.719919863405980777e+03 2.144705997272994400e+16
2.720253432189817886e+03 2.144545474391756000e+16
2.720587000973654540e+03 2.144386401831864400e+16
2.720920569757491648e+03 2.144228785984381200e+16
2.721254138541328757e+03 2.144072633176214000e+16
2.721587707325165411e+03 2.143917949670055600e+16
2.721921276109002520e+03 2.143764741664321600e+16
2.722254844892839174e+03 2.143613015293083600e+16
2.722588413676676282e+03 2.143462776626019600e+16
2.722921982460513391e+03 2.143314031668360800e+16
2.723255551244350045e+03 2.143166786360842000e+16
2.723589120028186699e+03 2.143021046579657600e+16
2.723922688812023353e+03 2.142876818136416400e+16
2.724256257595860461e+03 2.142734106778107600e+16
2.724589826379697570e+03 2.142592918187060000e+16
2.724923395163534224e+03 2.142453257980916800e+16
2.725256963947371332e+03 2.142315131712600000e+16
2.725590532731207986e+03 2.142178544870287200e+16
2.725924101515045095e+03 2.142043502877391200e+16
2.726257670298882203e+03 2.141910011092534000e+16
2.726591239082718857e+03 2.141778074809536000e+16
2.726924807866555966e+03 2.141647699257398400e+16
2.727258376650392165e+03 2.141518889600292800e+16
2.727591945434229274e+03 2.141391650937556800e+16
2.727925514218066382e+03 2.141265988303679200e+16
2.728259083001903036e+03 2.141141906668304000e+16
2.728592651785740145e+03 2.141019410936234000e+16
2.728926220569576799e+03 2.140898505947421200e+16
2.729259789353413908e+03 2.140779196476982800e+16
2.729593358137251016e+03 2.140661487235201200e+16
2.729926926921087670e+03 2.140545382867536800e+16
2.730260495704924779e+03 2.140430887954646800e+16
2.730594064488761433e+03 2.140318007012384000e+16
2.730927633272598541e+03 2.140206744491829600e+16
2.731261202056435650e+03 2.140097104779303600e+16
2.731594770840271849e+03 2.139989092196388400e+16
2.731928339624108958e+03 2.139882710999955200e+16
2.732261908407945612e+03 2.139777965382183200e+16
2.732595477191782720e+03 2.139674859470597200e+16
2.732929045975619829e+03 2.139573397328087600e+16
2.733262614759456483e+03 2.139473582952946000e+16
2.733596183543293591e+03 2.139375420278902800e+16
2.733929752327130245e+03 2.139278913175160800e+16
2.734263321110967354e+03 2.139184065446429200e+16
2.734596889894804463e+03 2.139090880832968000e+16
2.734930458678641116e+03 2.138999363010624800e+16
2.735264027462477770e+03 2.138909515590886400e+16
2.735597596246314424e+03 2.138821342120910400e+16
2.735931165030151533e+03 2.138734846083585600e+16
2.736264733813988641e+03 2.138650030897572000e+16
2.736598302597825295e+03 2.138566899917348800e+16
2.736931871381662404e+03 2.138485456433274400e+16
2.737265440165499058e+03 2.138405703671628800e+16
2.737599008949336167e+03 2.138327644794679200e+16
2.737932577733173275e+03 2.138251282900724400e+16
2.738266146517009929e+03 2.138176621024160400e+16
2.738599715300847038e+03 2.138103662135534400e+16
2.738933284084683237e+03 2.138032409141607200e+16
2.739266852868520346e+03 2.137962864885413200e+16
2.739600421652357454e+03 2.137895032146321600e+16
2.739933990436194108e+03 2.137828913640104400e+16
2.740267559220031217e+03 2.137764512018996800e+16
2.740601128003867871e+03 2.137701829871764000e+16
2.740934696787704979e+03 2.137640869723773200e+16
2.741268265571542088e+03 2.137581634037054800e+16
2.741601834355378742e+03 2.137524125210376800e+16
2.741935403139215850e+03 2.137468345579312800e+16
2.742268971923052504e+03 2.137414297416314400e+16
2.742602540706889613e+03 2.137361982930786400e+16
2.742936109490726722e+03 2.137311404269154400e+16
2.743269678274562921e+03 2.137262563514942800e+16
2.743603247058400029e+03 2.137215462688851600e+16
2.743936815842236683e+03 2.137170103748827600e+16
2.744270384626073792e+03 2.137126488590148000e+16
2.744603953409910901e+03 2.137084619045489600e+16
2.744937522193747554e+03 2.137044496885015600e+16
2.745271090977584663e+03 2.137006123816451200e+16
2.745604659761421317e+03 2.136969501485164000e+16
2.745938228545258426e+03 2.136934631474243200e+16
2.746271797329095534e+03 2.136901515304586400e+16
2.746605366112932188e+03 2.136870154434972800e+16
2.746938934896768842e+03 2.136840550262157200e+16
2.747272503680605496e+03 2.136812704120941600e+16
2.747606072464442605e+03 2.136786617284270000e+16
2.747939641248279713e+03 2.136762290963307200e+16
2.748273210032116367e+03 2.136739726307521600e+16
2.748606778815953476e+03 2.136718924404778800e+16
2.748940347599790130e+03 2.136699886281419200e+16
2.749273916383627238e+03 2.136682612902352000e+16
2.749607485167464347e+03 2.136667105171138800e+16
2.749941053951301001e+03 2.136653363930078400e+16
2.750274622735138109e+03 2.136641389960302000e+16
2.750608191518974309e+03 2.136631183981855200e+16
2.750941760302811417e+03 2.136622746653790400e+16
2.751275329086648526e+03 2.136616078574257200e+16
2.751608897870485180e+03 2.136611180280586800e+16
2.751942466654322288e+03 2.136608052249386800e+16
2.752276035438158942e+03 2.136606694896631200e+16
2.752609604221996051e+03 2.136607108577749600e+16
2.752943173005833160e+03 2.136609293587717600e+16
2.753276741789669813e+03 2.136613250161153200e+16
2.753610310573506922e+03 2.136618978472400000e+16
2.753943879357343576e+03 2.136626478635625200e+16
2.754277448141180685e+03 2.136635750704912800e+16
2.754611016925017793e+03 2.136646794674351600e+16
2.754944585708853992e+03 2.136659610478130400e+16
2.755278154492691101e+03 2.136674197990631200e+16
2.755611723276527755e+03 2.136690557026518400e+16
2.755945292060364864e+03 2.136708687340841600e+16
2.756278860844201972e+03 2.136728588629118400e+16
2.756612429628038626e+03 2.136750260527432800e+16
2.756945998411875735e+03 2.136773702612536000e+16
2.757279567195712389e+03 2.136798914401924000e+16
2.757613135979549497e+03 2.136825895353950400e+16
2.757946704763386606e+03 2.136854644867906800e+16
2.758280273547223260e+03 2.136885162284126000e+16
2.758613842331059914e+03 2.136917446884075200e+16
2.758947411114896568e+03 2.136951497890445600e+16
2.759280979898733676e+03 2.136987314467256800e+16
2.759614548682570785e+03 2.137024895719945600e+16
2.759948117466407439e+03 2.137064240695462400e+16
2.760281686250244547e+03 2.137105348382368000e+16
2.760615255034081201e+03 2.137148217710928800e+16
2.760948823817918310e+03 2.137192847553214000e+16
2.761282392601755419e+03 2.137239236723192000e+16
2.761615961385592072e+03 2.137287383976818400e+16
2.761949530169429181e+03 2.137337288012149600e+16
2.762283098953265380e+03 2.137388947469420000e+16
2.762616667737102489e+03 2.137442360931152800e+16
2.762950236520939598e+03 2.137497526922249600e+16
2.763283805304776251e+03 2.137554443910088800e+16
2.763617374088613360e+03 2.137613110304624800e+16
2.763950942872450014e+03 2.137673524458482000e+16
2.764284511656287123e+03 2.137735684667054400e+16
2.764618080440124231e+03 2.137799589168603200e+16
2.764951649223960885e+03 2.137865236144351200e+16
2.765285218007797994e+03 2.137932623718584800e+16
2.765618786791634648e+03 2.138001749958750400e+16
2.765952355575471756e+03 2.138072612875554800e+16
2.766285924359308865e+03 2.138145210423054800e+16
2.766619493143145064e+03 2.138219540498767200e+16
2.766953061926982173e+03 2.138295600943763200e+16
2.767286630710818827e+03 2.138373389542763600e+16
2.767620199494655935e+03 2.138452904024240400e+16
2.767953768278493044e+03 2.138534142060520800e+16
2.768287337062329698e+03 2.138617101267878400e+16
2.768620905846166806e+03 2.138701779206639600e+16
2.768954474630003460e+03 2.138788173381280000e+16
2.769288043413840569e+03 2.138876281240527600e+16
2.769621612197677678e+03 2.138966100177457600e+16
2.769955180981514332e+03 2.139057627529602400e+16
2.770288749765350985e+03 2.139150860579043600e+16
2.770622318549187639e+03 2.139245796552516000e+16
2.770955887333024748e+03 2.139342432621515200e+16
2.771289456116861857e+03 2.139440765902392800e+16
2.771623024900698510e+03 2.139540793456456800e+16
2.771956593684535619e+03 2.139642512290082400e+16
2.772290162468372273e+03 2.139745919354806800e+16
2.772623731252209382e+03 2.139851011547442400e+16
2.772957300036046490e+03 2.139957785710167200e+16
2.773290868819883144e+03 2.140066238630639200e+16
2.773624437603720253e+03 2.140176367042096000e+16
2.773958006387556452e+03 2.140288167623464000e+16
2.774291575171393561e+03 2.140401636999459200e+16
2.774625143955230669e+03 2.140516771740695200e+16
2.774958712739067323e+03 2.140633568363785600e+16
2.775292281522904432e+03 2.140752023331460000e+16
2.775625850306741086e+03 2.140872133052661200e+16
2.775959419090578194e+03 2.140993893882658400e+16
2.776292987874415303e+03 2.141117302123151200e+16
2.776626556658251957e+03 2.141242354022382800e+16
2.776960125442089065e+03 2.141369045775250400e+16
2.777293694225925719e+03 2.141497373523405600e+16
2.777627263009762828e+03 2.141627333355378400e+16
2.777960831793599937e+03 2.141758921306677200e+16
2.778294400577436136e+03 2.141892133359905600e+16
2.778627969361273244e+03 2.142026965444874400e+16
2.778961538145109898e+03 2.142163413438713600e+16
2.779295106928947007e+03 2.142301473165988000e+16
2.779628675712784116e+03 2.142441140398808000e+16
2.779962244496620769e+03 2.142582410856949600e+16
2.780295813280457878e+03 2.142725280207967200e+16
2.780629382064294532e+03 2.142869744067310000e+16
2.780962950848131641e+03 2.143015797998441600e+16
2.781296519631968749e+03 2.143163437512958800e+16
2.781630088415805403e+03 2.143312658070704800e+16
2.781963657199642057e+03 2.143463455079897600e+16
2.782297225983478711e+03 2.143615823897245600e+16
2.782630794767315820e+03 2.143769759828070800e+16
2.782964363551152928e+03 2.143925258126432000e+16
2.783297932334989582e+03 2.144082313995246400e+16
2.783631501118826691e+03 2.144240922586417200e+16
2.783965069902663345e+03 2.144401079000957600e+16
2.784298638686500453e+03 2.144562778289117600e+16
2.784632207470337562e+03 2.144726015450511200e+16
2.784965776254174216e+03 2.144890785434244000e+16
2.785299345038011325e+03 2.145057083139050000e+16
2.785632913821847524e+03 2.145224903413410400e+16
2.785966482605684632e+03 2.145394241055697600e+16
2.786300051389521741e+03 2.145565090814301600e+16
2.786633620173358395e+03 2.145737447387764000e+16
2.786967188957195503e+03 2.145911305424920400e+16
2.787300757741032157e+03 2.146086659525025600e+16
2.787634326524869266e+03 2.146263504237906800e+16
2.787967895308706375e+03 2.146441834064088800e+16
2.788301464092543029e+03 2.146621643454941600e+16
2.788635032876380137e+03 2.146802926812824800e+16
2.788968601660216791e+03 2.146985678491222400e+16
2.789302170444053900e+03 2.147169892794898400e+16
2.789635739227891008e+03 2.147355563980034800e+16
2.789969308011727207e+03 2.147542686254379200e+16
2.790302876795564316e+03 2.147731253777401600e+16
2.790636445579400970e+03 2.147921260660438000e+16
2.790970014363238079e+03 2.148112700966840800e+16
2.791303583147075187e+03 2.148305568712141600e+16
2.791637151930911841e+03 2.148499857864194400e+16
2.791970720714748950e+03 2.148695562343346400e+16
2.792304289498585604e+03 2.148892676022579200e+16
2.792637858282422712e+03 2.149091192727688000e+16
2.792971427066259821e+03 2.149291106237426000e+16
2.793304995850096475e+03 2.149492410283677600e+16
2.793638564633933129e+03 2.149695098551622800e+16
2.793972133417769783e+03 2.149899164679900000e+16
2.794305702201606891e+03 2.150104602260780000e+16
2.794639270985444000e+03 2.150311404840328800e+16
2.794972839769280654e+03 2.150519565918590000e+16
2.795306408553117762e+03 2.150729078949750400e+16
2.795639977336954416e+03 2.150939937342318800e+16
2.795973546120791525e+03 2.151152134459306400e+16
2.796307114904628634e+03 2.151365663618402400e+16
2.796640683688465288e+03 2.151580518092156800e+16
2.796974252472302396e+03 2.151796691108171200e+16
2.797307821256138595e+03 2.152014175849271200e+16
2.797641390039975704e+03 2.152232965453705200e+16
2.797974958823812813e+03 2.152453053015334000e+16
2.798308527607649467e+03 2.152674431583811600e+16
2.798642096391486575e+03 2.152897094164794800e+16
2.798975665175323229e+03 2.153121033720129600e+16
2.799309233959160338e+03 2.153346243168050800e+16
2.799642802742997446e+03 2.153572715383388000e+16
2.799976371526834100e+03 2.153800443197758400e+16
2.800309940310671209e+03 2.154029419399783600e+16
2.800643509094507863e+03 2.154259636735287200e+16
2.800977077878344971e+03 2.154491087907512800e+16
2.801310646662182080e+03 2.154723765577328800e+16
2.801644215446018279e+03 2.154957662363445600e+16
2.801977784229855388e+03 2.155192770842636400e+16
2.802311353013692042e+03 2.155429083549946800e+16
2.802644921797529150e+03 2.155666592978928800e+16
2.802978490581366259e+03 2.155905291581853600e+16
2.803312059365202913e+03 2.156145171769943200e+16
2.803645628149040022e+03 2.156386225913600000e+16
2.803979196932876675e+03 2.156628446342639200e+16
2.804312765716713784e+03 2.156871825346515600e+16
2.804646334500550893e+03 2.157116355174570800e+16
2.804979903284387547e+03 2.157362028036262800e+16
2.805313472068224200e+03 2.157608836101416400e+16
2.805647040852060854e+03 2.157856771500458800e+16
2.805980609635897963e+03 2.158105826324675600e+16
2.806314178419735072e+03 2.158355992626454400e+16
2.806647747203571726e+03 2.158607262419540400e+16
2.806981315987408834e+03 2.158859627679288000e+16
2.807314884771245488e+03 2.159113080342923200e+16
2.807648453555082597e+03 2.159367612309804000e+16
2.807982022338919705e+03 2.159623215441679600e+16
2.808315591122756359e+03 2.159879881562960000e+16
2.808649159906593468e+03 2.160137602460986800e+16
2.808982728690429667e+03 2.160396369886302400e+16
2.809316297474266776e+03 2.160656175552923600e+16
2.809649866258103884e+03 2.160917011138624400e+16
2.809983435041940538e+03 2.161178868285212000e+16
2.810317003825777647e+03 2.161441738598813200e+16
2.810650572609614301e+03 2.161705613650157600e+16
2.810984141393451409e+03 2.161970484974873200e+16
2.811317710177288518e+03 2.162236344073772800e+16
2.811651278961125172e+03 2.162503182413151200e+16
2.811984847744962281e+03 2.162770991425088000e+16
2.812318416528798934e+03 2.163039762507739200e+16
2.812651985312636043e+03 2.163309487025654400e+16
2.812985554096473152e+03 2.163580156310074400e+16
2.813319122880309351e+03 2.163851761659244800e+16
2.813652691664146460e+03 2.164124294338733600e+16
2.813986260447983113e+03 2.164397745581743600e+16
2.814319829231820222e+03 2.164672106589432000e+16
2.814653398015657331e+03 2.164947368531237600e+16
2.814986966799493985e+03 2.165223522545202400e+16
2.815320535583331093e+03 2.165500559738305600e+16
2.815654104367167747e+03 2.165778471186792400e+16
2.815987673151004856e+03 2.166057247936512400e+16
2.816321241934841964e+03 2.166336881003254000e+16
2.816654810718678618e+03 2.166617361373093600e+16
2.816988379502515272e+03 2.166898680002734800e+16
2.817321948286351926e+03 2.167180827819858400e+16
2.817655517070189035e+03 2.167463795723478400e+16
2.817989085854026143e+03 2.167747574584289200e+16
2.818322654637862797e+03 2.168032155245030800e+16
2.818656223421699906e+03 2.168317528520846400e+16
2.818989792205536560e+03 2.168603685199646400e+16
2.819323360989373668e+03 2.168890616042480800e+16
2.819656929773210322e+03 2.169178311783903200e+16
2.819990498557047431e+03 2.169466763132356800e+16
2.820324067340884540e+03 2.169755960770536800e+16
2.820657636124720739e+03 2.170045895355782400e+16
2.820991204908557847e+03 2.170336557520459200e+16
2.821324773692394501e+03 2.170627937872344800e+16
2.821658342476231610e+03 2.170920026995018000e+16
2.821991911260068719e+03 2.171212815448256000e+16
2.822325480043905372e+03 2.171506293768430800e+16
2.822659048827742481e+03 2.171800452468912000e+16
2.822992617611579135e+03 2.172095282040461600e+16
2.823326186395416244e+03 2.172390772951653600e+16
2.823659755179253352e+03 2.172686915649276800e+16
2.823993323963090006e+03 2.172983700558746400e+16
2.824326892746927115e+03 2.173281118084529600e+16
2.824660461530763314e+03 2.173579158610554800e+16
2.824994030314600423e+03 2.173877812500645600e+16
2.825327599098437531e+03 2.174177070098939200e+16
2.825661167882274185e+03 2.174476921730319200e+16
2.825994736666111294e+03 2.174777357700849200e+16
2.826328305449947948e+03 2.175078368298207200e+16
2.826661874233785056e+03 2.175379943792129600e+16
2.826995443017622165e+03 2.175682074434847200e+16
2.827329011801458819e+03 2.175984750461530800e+16
2.827662580585295927e+03 2.176287962090751200e+16
2.827996149369132581e+03 2.176591699524918400e+16
2.828329718152969690e+03 2.176895952950742800e+16
2.828663286936806344e+03 2.177200712539693600e+16
2.828996855720642998e+03 2.177505968448455600e+16
2.829330424504480106e+03 2.177811710819404400e+16
2.829663993288316760e+03 2.178117929781058400e+16
2.829997562072153869e+03 2.178424615448566400e+16
2.830331130855990978e+03 2.178731757924167600e+16
2.830664699639827631e+03 2.179039347297676000e+16
2.830998268423664740e+03 2.179347373646956800e+16
2.831331837207501394e+03 2.179655827038410800e+16
2.831665405991338503e+03 2.179964697527460400e+16
2.831998974775175611e+03 2.180273975159037600e+16
2.832332543559011810e+03 2.180583649968074800e+16
2.832666112342848919e+03 2.180893711979998400e+16
2.832999681126685573e+03 2.181204151211229600e+16
2.833333249910522682e+03 2.181514957669684000e+16
2.833666818694359790e+03 2.181826121355268800e+16
2.834000387478196444e+03 2.182137632260396400e+16
2.834333956262033553e+03 2.182449480370489600e+16
2.834667525045870207e+03 2.182761655664492000e+16
2.835001093829707315e+03 2.183074148115381600e+16
2.835334662613544424e+03 2.183386947690691200e+16
2.835668231397381078e+03 2.183700044353022800e+16
2.836001800181218186e+03 2.184013428060573600e+16
2.836335368965054386e+03 2.184327088767656800e+16
2.836668937748891494e+03 2.184641016425234800e+16
2.837002506532728603e+03 2.184955200981439200e+16
2.837336075316565257e+03 2.185269632382113600e+16
2.837669644100402365e+03 2.185584300571339600e+16
2.838003212884239019e+03 2.185899195491975200e+16
2.838336781668076128e+03 2.186214307086200800e+16
2.838670350451913237e+03 2.186529625296052800e+16
2.839003919235749891e+03 2.186845140063967200e+16
2.839337488019586999e+03 2.187160841333336400e+16
2.839671056803423653e+03 2.187476719049042800e+16
2.840004625587260762e+03 2.187792763158020800e+16
2.840338194371097416e+03 2.188108963609803200e+16
2.840671763154934069e+03 2.188425310357076800e+16
2.841005331938771178e+03 2.188741793356246000e+16
2.841338900722607832e+03 2.189058402567975600e+16
2.841672469506444941e+03 2.189375127957771600e+16
2.842006038290282049e+03 2.189691959496527200e+16
2.842339607074118703e+03 2.190008887161096800e+16
2.842673175857955812e+03 2.190325900934857200e+16
2.843006744641792466e+03 2.190642990808277200e+16
2.843340313425629574e+03 2.190960146779491600e+16
2.843673882209466683e+03 2.191277358854864800e+16
2.844007450993302882e+03 2.191594617049565600e+16
2.844341019777139991e+03 2.191911911388149600e+16
2.844674588560976645e+03 2.192229231905123200e+16
2.845008157344813753e+03 2.192546568645532000e+16
2.845341726128650862e+03 2.192863911665528400e+16
2.845675294912487516e+03 2.193181251032963200e+16
2.846008863696324624e+03 2.193498576827961600e+16
2.846342432480161278e+03 2.193815879143501200e+16
2.846676001263998387e+03 2.194133148086006400e+16
2.847009570047835496e+03 2.194450373775922400e+16
2.847343138831672150e+03 2.194767546348310400e+16
2.847676707615509258e+03 2.195084655953428800e+16
2.848010276399345457e+03 2.195401692757320800e+16
2.848343845183182566e+03 2.195718646942409600e+16
2.848677413967019675e+03 2.196035508708079200e+16
2.849010982750856328e+03 2.196352268271272400e+16
2.849344551534693437e+03 2.196668915867076000e+16
2.849678120318530091e+03 2.196985441749314800e+16
2.850011689102367200e+03 2.197301836191146800e+16
2.850345257886204308e+03 2.197618089485650000e+16
2.850678826670040962e+03 2.197934191946418000e+16
2.851012395453878071e+03 2.198250133908157200e+16
2.851345964237714725e+03 2.198565905727274400e+16
2.851679533021551833e+03 2.198881497782474800e+16
2.852013101805388487e+03 2.199196900475355200e+16
2.852346670589225141e+03 2.199512104230996400e+16
2.852680239373062250e+03 2.199827099498561200e+16
2.853013808156898904e+03 2.200141876751884000e+16
2.853347376940736012e+03 2.200456426490072000e+16
2.853680945724573121e+03 2.200770739238090000e+16
2.854014514508409775e+03 2.201084805547360000e+16
2.854348083292246884e+03 2.201398615996353200e+16
2.854681652076083537e+03 2.201712161191184000e+16
2.855015220859920646e+03 2.202025431766201600e+16
2.855348789643757755e+03 2.202338418384579600e+16
2.855682358427593954e+03 2.202651111738909600e+16
2.856015927211431062e+03 2.202963502551795200e+16
2.856349495995267716e+03 2.203275581576434400e+16
2.856683064779104825e+03 2.203587339597216800e+16
2.857016633562941934e+03 2.203898767430302400e+16
2.857350202346778588e+03 2.204209855924217600e+16
2.857683771130615696e+03 2.204520595960438000e+16
2.858017339914452350e+03 2.204830978453972000e+16
2.858350908698289459e+03 2.205140994353945600e+16
2.858684477482126567e+03 2.205450634644185200e+16
2.859018046265963221e+03 2.205759890343797600e+16
2.859351615049800330e+03 2.206068752507752400e+16
2.859685183833636529e+03 2.206377212227456000e+16
2.860018752617473638e+03 2.206685260631332400e+16
2.860352321401310746e+03 2.206992888885397600e+16
2.860685890185147400e+03 2.207300088193825600e+16
2.861019458968984509e+03 2.207606849799532800e+16
2.861353027752821163e+03 2.207913164984734400e+16
2.861686596536658271e+03 2.208219025071522800e+16
2.862020165320495380e+03 2.208524421422424000e+16
2.862353734104332034e+03 2.208829345440965600e+16
2.862687302888169143e+03 2.209133788572239600e+16
2.863020871672005796e+03 2.209437742303456800e+16
2.863354440455842905e+03 2.209741198164504800e+16
2.863688009239679559e+03 2.210044147728504400e+16
2.864021578023516213e+03 2.210346582612357600e+16
2.864355146807353321e+03 2.210648494477297600e+16
2.864688715591189975e+03 2.210949875029437600e+16
2.865022284375027084e+03 2.211250716020311200e+16
2.865355853158864193e+03 2.211551009247414000e+16
2.865689421942700847e+03 2.211850746554738400e+16
2.866022990726537955e+03 2.212149919833318400e+16
2.866356559510374609e+03 2.212448521021745200e+16
2.866690128294211718e+03 2.212746542106713600e+16
2.867023697078048826e+03 2.213043975123532000e+16
2.867357265861885026e+03 2.213340812156651200e+16
2.867690834645722134e+03 2.213637045340188000e+16
2.868024403429558788e+03 2.213932666858430400e+16
2.868357972213395897e+03 2.214227668946354400e+16
2.868691540997233005e+03 2.214522043890134400e+16
2.869025109781069659e+03 2.214815784027640000e+16
2.869358678564906768e+03 2.215108881748950000e+16
2.869692247348743422e+03 2.215401329496831600e+16
2.870025816132580530e+03 2.215693119767248800e+16
2.870359384916417639e+03 2.215984245109843200e+16
2.870692953700254293e+03 2.216274698128421600e+16
2.871026522484091402e+03 2.216564471481434800e+16
2.871360091267927601e+03 2.216853557882456800e+16
2.871693660051764709e+03 2.217141950100657600e+16
2.872027228835601818e+03 2.217429640961265600e+16
2.872360797619438472e+03 2.217716623346037600e+16
2.872694366403275581e+03 2.218002890193716400e+16
2.873027935187112234e+03 2.218288434500483200e+16
2.873361503970949343e+03 2.218573249320408800e+16
2.873695072754786452e+03 2.218857327765900000e+16
2.874028641538623106e+03 2.219140663008137200e+16
2.874362210322460214e+03 2.219423248277514400e+16
2.874695779106296868e+03 2.219705076864064800e+16
2.875029347890133977e+03 2.219986142117892800e+16
2.875362916673970631e+03 2.220266437449588800e+16
2.875696485457807285e+03 2.220545956330645600e+16
2.876030054241644393e+03 2.220824692293876000e+16
2.876363623025481047e+03 2.221102638933808800e+16
2.876697191809318156e+03 2.221379789907095200e+16
2.877030760593155264e+03 2.221656138932898800e+16
2.877364329376991918e+03 2.221931679793288800e+16
2.877697898160829027e+03 2.222206406333623200e+16
2.878031466944665681e+03 2.222480312462923600e+16
2.878365035728502789e+03 2.222753392154254000e+16
2.878698604512339898e+03 2.223025639445079200e+16
2.879032173296176097e+03 2.223297048437633600e+16
2.879365742080013206e+03 2.223567613299277200e+16
2.879699310863849860e+03 2.223837328262838400e+16
2.880032879647686968e+03 2.224106187626960800e+16
2.880366448431524077e+03 2.224374185756445600e+16
2.880700017215360731e+03 2.224641317082576800e+16
2.881033585999197840e+03 2.224907576103454400e+16
2.881367154783034493e+03 2.225172957384302400e+16
2.881700723566871602e+03 2.225437455557799200e+16
2.882034292350708711e+03 2.225701065324366400e+16
2.882367861134545365e+03 2.225963781452486800e+16
2.882701429918382473e+03 2.226225598778988000e+16
2.883034998702218672e+03 2.226486512209334000e+16
2.883368567486055781e+03 2.226746516717910400e+16
2.883702136269892890e+03 2.227005607348298400e+16
2.884035705053729544e+03 2.227263779213538000e+16
2.884369273837566652e+03 2.227521027496403200e+16
2.884702842621403306e+03 2.227777347449645200e+16
2.885036411405240415e+03 2.228032734396252000e+16
2.885369980189077523e+03 2.228287183729686400e+16
2.885703548972914177e+03 2.228540690914121200e+16
2.886037117756751286e+03 2.228793251484673200e+16
2.886370686540587940e+03 2.229044861047621600e+16
2.886704255324425048e+03 2.229295515280628000e+16
2.887037824108261702e+03 2.229545209932940400e+16
2.887371392892098356e+03 2.229793940825601600e+16
2.887704961675935465e+03 2.230041703851642400e+16
2.888038530459772119e+03 2.230288494976264800e+16
2.888372099243609227e+03 2.230534310237035200e+16
2.888705668027446336e+03 2.230779145744046000e+16
2.889039236811282990e+03 2.231022997680094400e+16
2.889372805595120099e+03 2.231265862300836000e+16
2.889706374378956752e+03 2.231507735934939200e+16
2.890039943162793861e+03 2.231748614984236800e+16
2.890373511946630970e+03 2.231988495923860000e+16
2.890707080730467169e+03 2.232227375302371200e+16
2.891040649514304278e+03 2.232465249741893600e+16
2.891374218298140931e+03 2.232702115938224800e+16
2.891707787081978040e+03 2.232937970660948800e+16
2.892041355865815149e+03 2.233172810753542000e+16
2.892374924649651803e+03 2.233406633133465600e+16
2.892708493433488911e+03 2.233639434792259200e+16
2.893042062217325565e+03 2.233871212795620800e+16
2.893375631001162674e+03 2.234101964283482400e+16
2.893709199784999782e+03 2.234331686470076400e+16
2.894042768568836436e+03 2.234560376643997200e+16
2.894376337352673545e+03 2.234788032168255200e+16
2.894709906136509744e+03 2.235014650480320800e+16
2.895043474920346853e+03 2.235240229092165200e+16
2.895377043704183961e+03 2.235464765590288000e+16
2.895710612488020615e+03 2.235688257635748000e+16
2.896044181271857724e+03 2.235910702964173600e+16
2.896377750055694378e+03 2.236132099385777200e+16
2.896711318839531486e+03 2.236352444785352400e+16
2.897044887623368595e+03 2.236571737122276000e+16
2.897378456407205249e+03 2.236789974430489600e+16
2.897712025191042358e+03 2.237007154818485200e+16
2.898045593974879012e+03 2.237223276469273200e+16
2.898379162758716120e+03 2.237438337640355600e+16
2.898712731542552774e+03 2.237652336663680400e+16
2.899046300326389428e+03 2.237865271945592000e+16
2.899379869110226537e+03 2.238077141966780400e+16
2.899713437894063190e+03 2.238287945282216800e+16
2.900047006677900299e+03 2.238497680521081600e+16
2.900380575461737408e+03 2.238706346386694000e+16
2.900714144245574062e+03 2.238913941656417600e+16
2.901047713029411170e+03 2.239120465181581200e+16
2.901381281813247824e+03 2.239325915887371200e+16
2.901714850597084933e+03 2.239530292772733600e+16
2.902048419380922041e+03 2.239733594910256800e+16
2.902381988164758241e+03 2.239935821446050400e+16
2.902715556948595349e+03 2.240136971599632000e+16
2.903049125732432003e+03 2.240337044663775600e+16
2.903382694516269112e+03 2.240536040004387200e+16
2.903716263300106220e+03 2.240733957060348000e+16
2.904049832083942874e+03 2.240930795343363600e+16
2.904383400867779983e+03 2.241126554437806800e+16
2.904716969651616637e+03 2.241321234000544400e+16
2.905050538435453745e+03 2.241514833760768000e+16
2.905384107219290854e+03 2.241707353519808800e+16
2.905717676003127508e+03 2.241898793150951600e+16
2.906051244786964617e+03 2.242089152599243200e+16
2.906384813570800816e+03 2.242278431881286000e+16
2.906718382354637924e+03 2.242466631085036000e+16
2.907051951138475033e+03 2.242653750369584800e+16
2.907385519922311687e+03 2.242839789964938800e+16
2.907719088706148796e+03 2.243024750171798400e+16
2.908052657489985450e+03 2.243208631361314400e+16
2.908386226273822558e+03 2.243391433974858400e+16
2.908719795057659667e+03 2.243573158523770400e+16
2.909053363841496321e+03 2.243753805589104400e+16
2.909386932625333429e+03 2.243933375821380400e+16
2.909720501409170083e+03 2.244111869940304000e+16
2.910054070193007192e+03 2.244289288734512800e+16
2.910387638976843846e+03 2.244465633061282800e+16
2.910721207760680500e+03 2.244640903846258400e+16
2.911054776544517608e+03 2.244815102083153600e+16
2.911388345328354262e+03 2.244988228833463600e+16
2.911721914112191371e+03 2.245160285226165600e+16
2.912055482896028479e+03 2.245331272457402400e+16
2.912389051679865133e+03 2.245501191790176000e+16
2.912722620463702242e+03 2.245670044554032800e+16
2.913056189247538896e+03 2.245837832144738400e+16
2.913389758031376005e+03 2.246004556023940000e+16
2.913723326815213113e+03 2.246170217718843200e+16
2.914056895599049312e+03 2.246334818821862400e+16
2.914390464382886421e+03 2.246498360990284000e+16
2.914724033166723075e+03 2.246660845945907200e+16
2.915057601950560183e+03 2.246822275474692400e+16
2.915391170734397292e+03 2.246982651426398400e+16
2.915724739518233946e+03 2.247141975714213600e+16
2.916058308302071055e+03 2.247300250314388800e+16
2.916391877085907709e+03 2.247457477265857200e+16
2.916725445869744817e+03 2.247613658669855600e+16
2.917059014653581926e+03 2.247768796689528800e+16
2.917392583437418580e+03 2.247922893549552800e+16
2.917726152221255688e+03 2.248075951535727200e+16
2.918059721005091887e+03 2.248227972994576800e+16
2.918393289788928996e+03 2.248378960332950800e+16
2.918726858572766105e+03 2.248528916017607600e+16
2.919060427356602759e+03 2.248677842574798400e+16
2.919393996140439867e+03 2.248825742589857600e+16
2.919727564924276521e+03 2.248972618706770000e+16
2.920061133708113630e+03 2.249118473627749600e+16
2.920394702491950738e+03 2.249263310112803200e+16
2.920728271275787392e+03 2.249407130979297200e+16
2.921061840059624501e+03 2.249549939101519200e+16
2.921395408843461155e+03 2.249691737410228000e+16
2.921728977627298264e+03 2.249832528892216800e+16
2.922062546411134917e+03 2.249972316589850800e+16
2.922396115194971571e+03 2.250111103600614000e+16
2.922729683978808680e+03 2.250248893076657600e+16
2.923063252762645334e+03 2.250385688224328800e+16
2.923396821546482442e+03 2.250521492303709600e+16
2.923730390330319551e+03 2.250656308628145600e+16
2.924063959114156205e+03 2.250790140563769600e+16
2.924397527897993314e+03 2.250922991529035600e+16
2.924731096681829968e+03 2.251054864994227200e+16
2.925064665465667076e+03 2.251185764480983200e+16
2.925398234249504185e+03 2.251315693561808800e+16
2.925731803033340384e+03 2.251444655859584000e+16
2.926065371817177493e+03 2.251572655047082400e+16
2.926398940601014147e+03 2.251699694846462400e+16
2.926732509384851255e+03 2.251825779028781200e+16
2.927066078168688364e+03 2.251950911413490800e+16
2.927399646952525018e+03 2.252075095867932800e+16
2.927733215736362126e+03 2.252198336306841600e+16
2.928066784520198780e+03 2.252320636691822400e+16
2.928400353304035889e+03 2.252442001030862000e+16
2.928733922087872998e+03 2.252562433377795200e+16
2.929067490871709651e+03 2.252681937831804800e+16
2.929401059655546760e+03 2.252800518536900000e+16
2.929734628439382959e+03 2.252918179681394800e+16
2.930068197223220068e+03 2.253034925497397600e+16
2.930401766007057176e+03 2.253150760260272000e+16
2.930735334790893830e+03 2.253265688288128800e+16
2.931068903574730939e+03 2.253379713941291200e+16
2.931402472358567593e+03 2.253492841621767600e+16
2.931736041142404702e+03 2.253605075772725200e+16
2.932069609926241810e+03 2.253716420877954400e+16
2.932403178710078464e+03 2.253826881461338400e+16
2.932736747493915573e+03 2.253936462086322400e+16
2.933070316277752227e+03 2.254045167355371600e+16
2.933403885061589335e+03 2.254153001909442400e+16
2.933737453845425989e+03 2.254259970427436400e+16
2.934071022629262643e+03 2.254366077625669600e+16
2.934404591413099752e+03 2.254471328257328800e+16
2.934738160196936406e+03 2.254575727111926800e+16
2.935071728980773514e+03 2.254679279014771600e+16
2.935405297764610623e+03 2.254781988826413600e+16
2.935738866548447277e+03 2.254883861442103200e+16
2.936072435332284385e+03 2.254984901791255200e+16
2.936406004116121039e+03 2.255085114836897600e+16
2.936739572899958148e+03 2.255184505575128000e+16
2.937073141683795257e+03 2.255283079034568000e+16
2.937406710467631456e+03 2.255380840275816400e+16
2.937740279251468564e+03 2.255477794390909200e+16
2.938073848035305218e+03 2.255573946502763200e+16
2.938407416819142327e+03 2.255669301764639200e+16
2.938740985602979435e+03 2.255763865359588000e+16
2.939074554386816089e+03 2.255857642499909600e+16
2.939408123170653198e+03 2.255950638426604800e+16
2.939741691954489852e+03 2.256042858408822400e+16
2.940075260738326961e+03 2.256134307743327200e+16
2.940408829522164069e+03 2.256224991753937600e+16
2.940742398306000723e+03 2.256314915790990400e+16
2.941075967089837832e+03 2.256404085230793600e+16
2.941409535873674031e+03 2.256492505475079600e+16
2.941743104657511140e+03 2.256580181950460800e+16
2.942076673441348248e+03 2.256667120107888800e+16
2.942410242225184902e+03 2.256753325422102400e+16
2.942743811009022011e+03 2.256838803391100400e+16
2.943077379792858665e+03 2.256923559535583200e+16
2.943410948576695773e+03 2.257007599398423600e+16
2.943744517360532882e+03 2.257090928544119600e+16
2.944078086144369536e+03 2.257173552558258000e+16
2.944411654928206644e+03 2.257255477046977600e+16
2.944745223712043298e+03 2.257336707636427200e+16
2.945078792495880407e+03 2.257417249972236800e+16
2.945412361279717061e+03 2.257497109718974400e+16
2.945745930063553715e+03 2.257576292559616800e+16
2.946079498847390823e+03 2.257654804195016800e+16
2.946413067631227477e+03 2.257732650343371200e+16
2.946746636415064586e+03 2.257809836739692400e+16
2.947080205198901695e+03 2.257886369135276800e+16
2.947413773982738348e+03 2.257962253297180800e+16
2.947747342766575457e+03 2.258037495007696400e+16
2.948080911550412111e+03 2.258112100063821200e+16
2.948414480334249220e+03 2.258186074276746000e+16
2.948748049118086328e+03 2.258259423471324000e+16
2.949081617901922527e+03 2.258332153485559600e+16
2.949415186685759636e+03 2.258404270170088000e+16
2.949748755469596290e+03 2.258475779387660000e+16
2.950082324253433399e+03 2.258546687012630800e+16
2.950415893037270507e+03 2.258616998930449200e+16
2.950749461821107161e+03 2.258686721037140800e+16
2.951083030604944270e+03 2.258755859238811200e+16
2.951416599388780924e+03 2.258824419451132800e+16
2.951750168172618032e+03 2.258892407598848000e+16
2.952083736956455141e+03 2.258959829615261600e+16
2.952417305740291795e+03 2.259026691441742400e+16
2.952750874524128903e+03 2.259092999027236400e+16
2.953084443307965103e+03 2.259158758327758800e+16
2.953418012091802211e+03 2.259223975305911600e+16
2.953751580875639320e+03 2.259288655930387200e+16
2.954085149659475974e+03 2.259352806175486800e+16
2.954418718443313082e+03 2.259416432020632800e+16
2.954752287227149736e+03 2.259479539449883600e+16
2.955085856010986845e+03 2.259542134451461200e+16
2.955419424794823954e+03 2.259604223017262800e+16
2.955752993578660607e+03 2.259665811142396000e+16
2.956086562362497716e+03 2.259726904824700800e+16
2.956420131146334370e+03 2.259787510064281600e+16
2.956753699930171479e+03 2.259847632863039600e+16
2.957087268714008133e+03 2.259907279224208800e+16
2.957420837497844786e+03 2.259966455151893200e+16
2.957754406281681895e+03 2.260025166650611200e+16
2.958087975065518549e+03 2.260083419724833200e+16
2.958421543849355658e+03 2.260141220378536400e+16
2.958755112633192766e+03 2.260198574614746000e+16
2.959088681417029420e+03 2.260255488435092400e+16
2.959422250200866529e+03 2.260311967839368000e+16
2.959755818984703183e+03 2.260368018825078400e+16
2.960089387768540291e+03 2.260423647387012000e+16
2.960422956552377400e+03 2.260478859516794400e+16
2.960756525336213599e+03 2.260533661202466400e+16
2.961090094120050708e+03 2.260588058428042400e+16
2.961423662903887362e+03 2.260642057173092800e+16
2.961757231687724470e+03 2.260695663412314400e+16
2.962090800471561579e+03 2.260748883115112800e+16
2.962424369255398233e+03 2.260801722245180400e+16
2.962757938039235341e+03 2.260854186760087200e+16
2.963091506823071995e+03 2.260906282610861600e+16
2.963425075606909104e+03 2.260958015741593200e+16
2.963758644390746213e+03 2.261009392089012400e+16
2.964092213174582866e+03 2.261060417582100800e+16
2.964425781958419975e+03 2.261111098141686400e+16
2.964759350742256174e+03 2.261161439680049200e+16
2.965092919526093283e+03 2.261211448100528800e+16
2.965426488309930392e+03 2.261261129297132800e+16
2.965760057093767045e+03 2.261310489154150000e+16
2.966093625877604154e+03 2.261359533545775600e+16
2.966427194661440808e+03 2.261408268335716800e+16
2.966760763445277917e+03 2.261456699376831600e+16
2.967094332229115025e+03 2.261504832510745600e+16
2.967427901012951679e+03 2.261552673567483200e+16
2.967761469796788788e+03 2.261600228365106400e+16
2.968095038580625442e+03 2.261647502709344800e+16
2.968428607364462550e+03 2.261694502393239200e+16
2.968762176148299204e+03 2.261741233196785600e+16
2.969095744932135858e+03 2.261787700886574800e+16
2.969429313715972967e+03 2.261833911215454400e+16
2.969762882499809621e+03 2.261879869922168800e+16
2.970096451283646729e+03 2.261925582731027600e+16
2.970430020067483838e+03 2.261971055351552000e+16
2.970763588851320492e+03 2.262016293478152400e+16
2.971097157635157600e+03 2.262061302789786000e+16
2.971430726418994254e+03 2.262106088949624800e+16
2.971764295202831363e+03 2.262150657604738400e+16
2.972097863986668472e+03 2.262195014385760000e+16
2.972431432770504671e+03 2.262239164906568800e+16
2.972765001554341779e+03 2.262283114763981600e+16
2.973098570338178433e+03 2.262326869537426000e+16
2.973432139122015542e+03 2.262370434788640000e+16
2.973765707905852651e+03 2.262413816061359600e+16
2.974099276689689304e+03 2.262457018881018400e+16
2.974432845473526413e+03 2.262500048754444800e+16
2.974766414257363067e+03 2.262542911169568800e+16
2.975099983041200176e+03 2.262585611595123200e+16
2.975433551825037284e+03 2.262628155480357600e+16
2.975767120608873938e+03 2.262670548254746400e+16
2.976100689392711047e+03 2.262712795327713600e+16
2.976434258176547246e+03 2.262754902088342400e+16
2.976767826960384355e+03 2.262796873905104000e+16
2.977101395744221463e+03 2.262838716125583600e+16
2.977434964528058117e+03 2.262880434076204800e+16
2.977768533311895226e+03 2.262922033061970400e+16
2.978102102095731880e+03 2.262963518366189200e+16
2.978435670879568988e+03 2.263004895250223200e+16
2.978769239663406097e+03 2.263046168953222800e+16
2.979102808447242751e+03 2.263087344691876800e+16
2.979436377231079859e+03 2.263128427660162400e+16
2.979769946014916513e+03 2.263169423029092000e+16
2.980103514798753622e+03 2.263210335946472800e+16
2.980437083582590276e+03 2.263251171536663600e+16
2.980770652366426930e+03 2.263291934900333200e+16
2.981104221150264038e+03 2.263332631114232800e+16
2.981437789934100692e+03 2.263373265230956000e+16
2.981771358717937801e+03 2.263413842278714400e+16
2.982104927501774910e+03 2.263454367261108800e+16
2.982438496285611564e+03 2.263494845156907200e+16
2.982772065069448672e+03 2.263535280919828000e+16
2.983105633853285326e+03 2.263575679478319200e+16
2.983439202637122435e+03 2.263616045735346400e+16
2.983772771420959543e+03 2.263656384568182400e+16
2.984106340204795742e+03 2.263696700828198400e+16
2.984439908988632851e+03 2.263736999340664000e+16
2.984773477772469505e+03 2.263777284904537600e+16
2.985107046556306614e+03 2.263817562292280800e+16
2.985440615340143722e+03 2.263857836249644000e+16
2.985774184123980376e+03 2.263898111495492000e+16
2.986107752907817485e+03 2.263938392721606400e+16
2.986441321691654139e+03 2.263978684592496000e+16
2.986774890475491247e+03 2.264018991745221200e+16
2.987108459259328356e+03 2.264059318789203200e+16
2.987442028043165010e+03 2.264099670306057200e+16
2.987775596827002119e+03 2.264140050849406800e+16
2.988109165610838318e+03 2.264180464944718000e+16
2.988442734394675426e+03 2.264220917089128800e+16
2.988776303178512080e+03 2.264261411751280800e+16
2.989109871962349189e+03 2.264301953371153600e+16
2.989443440746186297e+03 2.264342546359911200e+16
2.989777009530022951e+03 2.264383195099735200e+16
2.990110578313860060e+03 2.264423903943675200e+16
2.990444147097696714e+03 2.264464677215491200e+16
2.990777715881533823e+03 2.264505519209509200e+16
2.991111284665370931e+03 2.264546434190463200e+16
2.991444853449207585e+03 2.264587426393365600e+16
2.991778422233044694e+03 2.264628500023350400e+16
2.992111991016880893e+03 2.264669659255543200e+16
2.992445559800718001e+03 2.264710908234920400e+16
2.992779128584555110e+03 2.264752251076174000e+16
2.993112697368391764e+03 2.264793691863581200e+16
2.993446266152228873e+03 2.264835234650876800e+16
2.993779834936065527e+03 2.264876883461123200e+16
2.994113403719902635e+03 2.264918642286587200e+16
2.994446972503739744e+03 2.264960515088617200e+16
2.994780541287576398e+03 2.265002505797529600e+16
2.995114110071413506e+03 2.265044618312483200e+16
2.995447678855249706e+03 2.265086856501369600e+16
2.995781247639086814e+03 2.265129224200704400e+16
2.996114816422923923e+03 2.265171725215511200e+16
2.996448385206760577e+03 2.265214363319215200e+16
2.996781953990597685e+03 2.265257142253542800e+16
2.997115522774434339e+03 2.265300065728414800e+16
2.997449091558271448e+03 2.265343137421849200e+16
2.997782660342108557e+03 2.265386360979860400e+16
2.998116229125945210e+03 2.265429740016364000e+16
2.998449797909782319e+03 2.265473278113086800e+16
2.998783366693618973e+03 2.265516978819470400e+16
2.999116935477456082e+03 2.265560845652584800e+16
2.999450504261293190e+03 2.265604882097042000e+16
2.999784073045129389e+03 2.265649091604909600e+16
3.000117641828966498e+03 2.265693477595632400e+16
3.000451210612803152e+03 2.265738043455943200e+16
3.000784779396640261e+03 2.265782792539798800e+16
3.001118348180477369e+03 2.265827728168287200e+16
3.001451916964314023e+03 2.265872853629566000e+16
3.001785485748151132e+03 2.265918172178784800e+16
3.002119054531987786e+03 2.265963687038015600e+16
3.002452623315824894e+03 2.266009401396188400e+16
3.002786192099662003e+03 2.266055318409019200e+16
3.003119760883498657e+03 2.266101441198949200e+16
3.003453329667335765e+03 2.266147772855086400e+16
3.003786898451171965e+03 2.266194316433138800e+16
3.004120467235009073e+03 2.266241074955360000e+16
3.004454036018846182e+03 2.266288051410489200e+16
3.004787604802682836e+03 2.266335248753704000e+16
3.005121173586519944e+03 2.266382669906561200e+16
3.005454742370356598e+03 2.266430317756948000e+16
3.005788311154193707e+03 2.266478195159036000e+16
3.006121879938030816e+03 2.266526304933228000e+16
3.006455448721867469e+03 2.266574649866118400e+16
3.006789017505704578e+03 2.266623232710447200e+16
3.007122586289540777e+03 2.266672056185057600e+16
3.007456155073377886e+03 2.266721122974858400e+16
3.007789723857214994e+03 2.266770435730784400e+16
3.008123292641051648e+03 2.266819997069757200e+16
3.008456861424888757e+03 2.266869809574655600e+16
3.008790430208725411e+03 2.266919875794277600e+16
3.009123998992562520e+03 2.266970198243314800e+16
3.009457567776399628e+03 2.267020779402311200e+16
3.009791136560236282e+03 2.267071621717645600e+16
3.010124705344073391e+03 2.267122727601503200e+16
3.010458274127910045e+03 2.267174099431844800e+16
3.010791842911747153e+03 2.267225739552392400e+16
3.011125411695584262e+03 2.267277650272594400e+16
3.011458980479420461e+03 2.267329833867616000e+16
3.011792549263257570e+03 2.267382292578320000e+16
3.012126118047094224e+03 2.267435028611237600e+16
3.012459686830931332e+03 2.267488044138568000e+16
3.012793255614768441e+03 2.267541341298154400e+16
3.013126824398605095e+03 2.267594922193470400e+16
3.013460393182442203e+03 2.267648788893615200e+16
3.013793961966278857e+03 2.267702943433296800e+16
3.014127530750115966e+03 2.267757387812827200e+16
3.014461099533953075e+03 2.267812123998112000e+16
3.014794668317789728e+03 2.267867153920645600e+16
3.015128237101626837e+03 2.267922479477510400e+16
3.015461805885463036e+03 2.267978102531366800e+16
3.015795374669300145e+03 2.268034024910455600e+16
3.016128943453137254e+03 2.268090248408597600e+16
3.016462512236973907e+03 2.268146774785190400e+16
3.016796081020811016e+03 2.268203605765218400e+16
3.017129649804647670e+03 2.268260743039244400e+16
3.017463218588484779e+03 2.268318188263428000e+16
3.017796787372321887e+03 2.268375943059517600e+16
3.018130356156158541e+03 2.268434009014868800e+16
3.018463924939995650e+03 2.268492387682448400e+16
3.018797493723831849e+03 2.268551080580840800e+16
3.019131062507668958e+03 2.268610089194266400e+16
3.019464631291506066e+03 2.268669414972585600e+16
3.019798200075342720e+03 2.268729059331318400e+16
3.020131768859179829e+03 2.268789023651655200e+16
3.020465337643016483e+03 2.268849309280472000e+16
3.020798906426853591e+03 2.268909917530353600e+16
3.021132475210690700e+03 2.268970849679601600e+16
3.021466043994527354e+03 2.269032106972262000e+16
3.021799612778364462e+03 2.269093690618141200e+16
3.022133181562201116e+03 2.269155601792828400e+16
3.022466750346038225e+03 2.269217841637716800e+16
3.022800319129875334e+03 2.269280411260031200e+16
3.023133887913711533e+03 2.269343311732846400e+16
3.023467456697548641e+03 2.269406544095122000e+16
3.023801025481385295e+03 2.269470109351718000e+16
3.024134594265222404e+03 2.269534008473434000e+16
3.024468163049059513e+03 2.269598242397028800e+16
3.024801731832896166e+03 2.269662812025258400e+16
3.025135300616733275e+03 2.269727718226900000e+16
3.025468869400569929e+03 2.269792961836789600e+16
3.025802438184407038e+03 2.269858543655854800e+16
3.026136006968244146e+03 2.269924464451146000e+16
3.026469575752080800e+03 2.269990724955871600e+16
3.026803144535917909e+03 2.270057325869441200e+16
3.027136713319754108e+03 2.270124267857492400e+16
3.027470282103591217e+03 2.270191551551940000e+16
3.027803850887428325e+03 2.270259177551003200e+16
3.028137419671264979e+03 2.270327146419260000e+16
3.028470988455102088e+03 2.270395458687678400e+16
3.028804557238938742e+03 2.270464114853659600e+16
3.029138126022775850e+03 2.270533115381088000e+16
3.029471694806612959e+03 2.270602460700366000e+16
3.029805263590449613e+03 2.270672151208468800e+16
3.030138832374286721e+03 2.270742187268982000e+16
3.030472401158122921e+03 2.270812569212155200e+16
3.030805969941960029e+03 2.270883297334949600e+16
3.031139538725797138e+03 2.270954371901079200e+16
3.031473107509633792e+03 2.271025793141072800e+16
3.031806676293470900e+03 2.271097561252320000e+16
3.032140245077307554e+03 2.271169676399117200e+16
3.032473813861144663e+03 2.271242138712730400e+16
3.032807382644981772e+03 2.271314948291441600e+16
3.033140951428818425e+03 2.271388105200606400e+16
3.033474520212655534e+03 2.271461609472714800e+16
3.033808088996492188e+03 2.271535461107435200e+16
3.034141657780329297e+03 2.271609660071686800e+16
3.034475226564166405e+03 2.271684206299688800e+16
3.034808795348002604e+03 2.271759099693018400e+16
3.035142364131839713e+03 2.271834340120680800e+16
3.035475932915676367e+03 2.271909927419159600e+16
3.035809501699513476e+03 2.271985861392490800e+16
3.036143070483350584e+03 2.272062141812314800e+16
3.036476639267187238e+03 2.272138768417944000e+16
3.036810208051024347e+03 2.272215740916433600e+16
3.037143776834861001e+03 2.272293058982639600e+16
3.037477345618698109e+03 2.272370722259293600e+16
3.037810914402535218e+03 2.272448730357059200e+16
3.038144483186371872e+03 2.272527082854616000e+16
3.038478051970208980e+03 2.272605779298716000e+16
3.038811620754045180e+03 2.272684819204260800e+16
3.039145189537882288e+03 2.272764202054375200e+16
3.039478758321719397e+03 2.272843927300472000e+16
3.039812327105556051e+03 2.272923994362332000e+16
3.040145895889393159e+03 2.273004402628178400e+16
3.040479464673229813e+03 2.273085151454744800e+16
3.040813033457066922e+03 2.273166240167364000e+16
3.041146602240904031e+03 2.273247668060033600e+16
3.041480171024740685e+03 2.273329434395500000e+16
3.041813739808577793e+03 2.273411538405336400e+16
3.042147308592413992e+03 2.273493979290022400e+16
3.042480877376251101e+03 2.273576756219028000e+16
3.042814446160088210e+03 2.273659868330892000e+16
3.043148014943924863e+03 2.273743314733301200e+16
3.043481583727761972e+03 2.273827094503188800e+16
3.043815152511598626e+03 2.273911206686802400e+16
3.044148721295435735e+03 2.273995650299802400e+16
3.044482290079272843e+03 2.274080424327340000e+16
3.044815858863109497e+03 2.274165527724151600e+16
3.045149427646946606e+03 2.274250959414645200e+16
3.045482996430783260e+03 2.274336718292988400e+16
3.045816565214620368e+03 2.274422803223202400e+16
3.046150133998457477e+03 2.274509213039252800e+16
3.046483702782293676e+03 2.274595946545140000e+16
3.046817271566130785e+03 2.274683002514999200e+16
3.047150840349967439e+03 2.274770379693186400e+16
3.047484409133804547e+03 2.274858076794385600e+16
3.047817977917641656e+03 2.274946092503693600e+16
3.048151546701478310e+03 2.275034425476727200e+16
3.048485115485315418e+03 2.275123074339716000e+16
3.048818684269152072e+03 2.275212037689607200e+16
3.049152253052989181e+03 2.275301314094166800e+16
3.049485821836826290e+03 2.275390902092075600e+16
3.049819390620662944e+03 2.275480800193038400e+16
3.050152959404500052e+03 2.275571006877886800e+16
3.050486528188336251e+03 2.275661520598686400e+16
3.050820096972173360e+03 2.275752339778834800e+16
3.051153665756010469e+03 2.275843462813180800e+16
3.051487234539847123e+03 2.275934888068127200e+16
3.051820803323684231e+03 2.276026613881738000e+16
3.052154372107520885e+03 2.276118638563854000e+16
3.052487940891357994e+03 2.276210960396204800e+16
3.052821509675195102e+03 2.276303577632516000e+16
3.053155078459031756e+03 2.276396488498629600e+16
3.053488647242868865e+03 2.276489691192616800e+16
3.053822216026705064e+03 2.276583183884892800e+16
3.054155784810542173e+03 2.276676964718340000e+16
3.054489353594379281e+03 2.276771031808418800e+16
3.054822922378215935e+03 2.276865383243294000e+16
3.055156491162053044e+03 2.276960017083955600e+16
3.055490059945889698e+03 2.277054931364332800e+16
3.055823628729726806e+03 2.277150124091428800e+16
3.056157197513563915e+03 2.277245593245440000e+16
3.056490766297400569e+03 2.277341336779876800e+16
3.056824335081237678e+03 2.277437352621703600e+16
3.057157903865074331e+03 2.277533638671452400e+16
3.057491472648911440e+03 2.277630192803364800e+16
3.057825041432748549e+03 2.277727012865512800e+16
3.058158610216584748e+03 2.277824096679935200e+16
3.058492179000421856e+03 2.277921442042772000e+16
3.058825747784258510e+03 2.278019046724395200e+16
3.059159316568095619e+03 2.278116908469548800e+16
3.059492885351932728e+03 2.278215024997484000e+16
3.059826454135769382e+03 2.278313394002088800e+16
3.060160022919606490e+03 2.278412013152046400e+16
3.060493591703443144e+03 2.278510880090957200e+16
3.060827160487280253e+03 2.278609992437491200e+16
3.061160729271117361e+03 2.278709347785527600e+16
3.061494298054954015e+03 2.278808943704300400e+16
3.061827866838790669e+03 2.278908777738545600e+16
3.062161435622627323e+03 2.279008847408644800e+16
3.062495004406464432e+03 2.279109150210778800e+16
3.062828573190301540e+03 2.279209683617075200e+16
3.063162141974138194e+03 2.279310445075755600e+16
3.063495710757975303e+03 2.279411432011292800e+16
3.063829279541811957e+03 2.279512641824567200e+16
3.064162848325649065e+03 2.279614071893016400e+16
3.064496417109486174e+03 2.279715719570794800e+16
3.064829985893322828e+03 2.279817582188931200e+16
3.065163554677159937e+03 2.279919657055488800e+16
3.065497123460996136e+03 2.280021941455724000e+16
3.065830692244833244e+03 2.280124432652254400e+16
3.066164261028670353e+03 2.280227127885212000e+16
3.066497829812507007e+03 2.280330024372418400e+16
3.066831398596344116e+03 2.280433119309548800e+16
3.067164967380180769e+03 2.280536409870296800e+16
3.067498536164017878e+03 2.280639893206544000e+16
3.067832104947854987e+03 2.280743566448534400e+16
3.068165673731691641e+03 2.280847426705045600e+16
3.068499242515528749e+03 2.280951471063560400e+16
3.068832811299365403e+03 2.281055696590439200e+16
3.069166380083202512e+03 2.281160100331108000e+16
3.069499948867039620e+03 2.281264679310223600e+16
3.069833517650875820e+03 2.281369430531856000e+16
3.070167086434712928e+03 2.281474350979681600e+16
3.070500655218549582e+03 2.281579437617145600e+16
3.070834224002386691e+03 2.281684687387663200e+16
3.071167792786223799e+03 2.281790097214795200e+16
3.071501361570060453e+03 2.281895664002434000e+16
3.071834930353897562e+03 2.282001384635007200e+16
3.072168499137734216e+03 2.282107255977644400e+16
3.072502067921571324e+03 2.282213274876389600e+16
3.072835636705408433e+03 2.282319438158380000e+16
3.073169205489245087e+03 2.282425742632048000e+16
3.073502774273081741e+03 2.282532185087316000e+16
3.073836343056918395e+03 2.282638762295792000e+16
3.074169911840755503e+03 2.282745471010968800e+16
3.074503480624592612e+03 2.282852307968428000e+16
3.074837049408429266e+03 2.282959269886038800e+16
3.075170618192266375e+03 2.283066353464164000e+16
3.075504186976103028e+03 2.283173555385861200e+16
3.075837755759940137e+03 2.283280872317096800e+16
3.076171324543777246e+03 2.283388300906947200e+16
3.076504893327613900e+03 2.283495837787812800e+16
3.076838462111451008e+03 2.283603479575628400e+16
3.077172030895287207e+03 2.283711222870074400e+16
3.077505599679124316e+03 2.283819064254798400e+16
3.077839168462961425e+03 2.283927000297620800e+16
3.078172737246798079e+03 2.284035027550757600e+16
3.078506306030635187e+03 2.284143142551046400e+16
3.078839874814471841e+03 2.284251341820155600e+16
3.079173443598308950e+03 2.284359621864811600e+16
3.079507012382146058e+03 2.284467979177026400e+16
3.079840581165982712e+03 2.284576410234317600e+16
3.080174149949819821e+03 2.284684911499940000e+16
3.080507718733656475e+03 2.284793479423109200e+16
3.080841287517493583e+03 2.284902110439237600e+16
3.081174856301330692e+03 2.285010800970162400e+16
3.081508425085166891e+03 2.285119547424380000e+16
3.081841993869004000e+03 2.285228346197277600e+16
3.082175562652840654e+03 2.285337193671378400e+16
3.082509131436677762e+03 2.285446086216570400e+16
3.082842700220514871e+03 2.285555020190352000e+16
3.083176269004351525e+03 2.285663991938065600e+16
3.083509837788188634e+03 2.285772997793153600e+16
3.083843406572025287e+03 2.285882034077387200e+16
3.084176975355862396e+03 2.285991097101124000e+16
3.084510544139699505e+03 2.286100183163547200e+16
3.084844112923536159e+03 2.286209288552918400e+16
3.085177681707372813e+03 2.286318409546832400e+16
3.085511250491209466e+03 2.286427542412456800e+16
3.085844819275046575e+03 2.286536683406798400e+16
3.086178388058883684e+03 2.286645828776951200e+16
3.086511956842720338e+03 2.286754974760350800e+16
3.086845525626557446e+03 2.286864117585040000e+16
3.087179094410394100e+03 2.286973253469920400e+16
3.087512663194231209e+03 2.287082378625020000e+16
3.087846231978068317e+03 2.287191489251751200e+16
3.088179800761904971e+03 2.287300581543173200e+16
3.088513369545742080e+03 2.287409651684266400e+16
3.088846938329578279e+03 2.287518695852186400e+16
3.089180507113415388e+03 2.287627710216544000e+16
3.089514075897252496e+03 2.287736690939664800e+16
3.089847644681089150e+03 2.287845634176868800e+16
3.090181213464926259e+03 2.287954536076738800e+16
3.090514782248762913e+03 2.288063392781396000e+16
3.090848351032600021e+03 2.288172200426773600e+16
3.091181919816437130e+03 2.288280955142895600e+16
3.091515488600273784e+03 2.288389653054152800e+16
3.091849057384110893e+03 2.288498290279585200e+16
3.092182626167947546e+03 2.288606862933160800e+16
3.092516194951784655e+03 2.288715367124060000e+16
3.092849763735621764e+03 2.288823798956957600e+16
3.093183332519457963e+03 2.288932154532306400e+16
3.093516901303295072e+03 2.289040429946630000e+16
3.093850470087131725e+03 2.289148621292802800e+16
3.094184038870968834e+03 2.289256724660343600e+16
3.094517607654805943e+03 2.289364736135703200e+16
3.094851176438642597e+03 2.289472651802558400e+16
3.095184745222479705e+03 2.289580467742104800e+16
3.095518314006316359e+03 2.289688180033347600e+16
3.095851882790153468e+03 2.289795784753402000e+16
3.096185451573990576e+03 2.289903277977786000e+16
3.096519020357827230e+03 2.290010655780716800e+16
3.096852589141663884e+03 2.290117914235416000e+16
3.097186157925500538e+03 2.290225049414401600e+16
3.097519726709337647e+03 2.290332057389797200e+16
3.097853295493174755e+03 2.290438934233627200e+16
3.098186864277011409e+03 2.290545676018124800e+16
3.098520433060848518e+03 2.290652278816039200e+16
3.098854001844685172e+03 2.290758738700930000e+16
3.099187570628522280e+03 2.290865051747488800e+16
3.099521139412359389e+03 2.290971214031836400e+16
3.099854708196196043e+03 2.291077221631833200e+16
3.100188276980033152e+03 2.291183070627396000e+16
3.100521845763869351e+03 2.291288757100797600e+16
3.100855414547706459e+03 2.291394277136991200e+16
3.101188983331543568e+03 2.291499626823912000e+16
3.101522552115380222e+03 2.291604802252795200e+16
3.101856120899217331e+03 2.291709799518496800e+16
3.102189689683053984e+03 2.291814614719797200e+16
3.102523258466891093e+03 2.291919243959728000e+16
3.102856827250728202e+03 2.292023683345881600e+16
3.103190396034564856e+03 2.292127928990734800e+16
3.103523964818401964e+03 2.292231977011966800e+16
3.103857533602238618e+03 2.292335823532774000e+16
3.104191102386075727e+03 2.292439464682197600e+16
3.104524671169912835e+03 2.292542896595440400e+16
3.104858239953749035e+03 2.292646115414187600e+16
3.105191808737586143e+03 2.292749117286932800e+16
3.105525377521422797e+03 2.292851898369298800e+16
3.105858946305259906e+03 2.292954454824363200e+16
3.106192515089097014e+03 2.293056782822980800e+16
3.106526083872933668e+03 2.293158878544110800e+16
3.106859652656770777e+03 2.293260738175139200e+16
3.107193221440607431e+03 2.293362357912210800e+16
3.107526790224444539e+03 2.293463733960547200e+16
3.107860359008281648e+03 2.293564862534784000e+16
3.108193927792118302e+03 2.293665739859287200e+16
3.108527496575954956e+03 2.293766362168493200e+16
3.108861065359791610e+03 2.293866725707225600e+16
3.109194634143628718e+03 2.293966826731036000e+16
3.109528202927465827e+03 2.294066661506520400e+16
3.109861771711302481e+03 2.294166226311657600e+16
3.110195340495139590e+03 2.294265517436134400e+16
3.110528909278976244e+03 2.294364531181680000e+16
3.110862478062813352e+03 2.294463263862394000e+16
3.111196046846650461e+03 2.294561711805071600e+16
3.111529615630487115e+03 2.294659871349541600e+16
3.111863184414324223e+03 2.294757738848996800e+16
3.112196753198160422e+03 2.294855310670320000e+16
3.112530321981997531e+03 2.294952583194415200e+16
3.112863890765834640e+03 2.295049552816544000e+16
3.113197459549671294e+03 2.295146215946650000e+16
3.113531028333508402e+03 2.295242569009696800e+16
3.113864597117345056e+03 2.295338608445989600e+16
3.114198165901182165e+03 2.295434330711517600e+16
3.114531734685019273e+03 2.295529732278271600e+16
3.114865303468855927e+03 2.295624809634586800e+16
3.115198872252693036e+03 2.295719559285462400e+16
3.115532441036529690e+03 2.295813977752901600e+16
3.115866009820366799e+03 2.295908061576232800e+16
3.116199578604203907e+03 2.296001807312448800e+16
3.116533147388040106e+03 2.296095211536520400e+16
3.116866716171877215e+03 2.296188270841748800e+16
3.117200284955713869e+03 2.296280981840068000e+16
3.117533853739550977e+03 2.296373341162394000e+16
3.117867422523388086e+03 2.296465345458940800e+16
3.118200991307224740e+03 2.296556991399550400e+16
3.118534560091061849e+03 2.296648275674022400e+16
3.118868128874898503e+03 2.296739194992436000e+16
3.119201697658735611e+03 2.296829746085478800e+16
3.119535266442572720e+03 2.296919925704769200e+16
3.119868835226409374e+03 2.297009730623181600e+16
3.120202404010246028e+03 2.297099157635169200e+16
3.120535972794082682e+03 2.297188203557090400e+16
3.120869541577919790e+03 2.297276865227526400e+16
3.121203110361756899e+03 2.297365139507604000e+16
3.121536679145593553e+03 2.297453023281316000e+16
3.121870247929430661e+03 2.297540513455843200e+16
3.122203816713267315e+03 2.297627606961868400e+16
3.122537385497104424e+03 2.297714300753900400e+16
3.122870954280941532e+03 2.297800591810580800e+16
3.123204523064778186e+03 2.297886477135008400e+16
3.123538091848615295e+03 2.297971953755052800e+16
3.123871660632451494e+03 2.298057018723664800e+16
3.124205229416288603e+03 2.298141669119192800e+16
3.124538798200125711e+03 2.298225902045685600e+16
3.124872366983962365e+03 2.298309714633213600e+16
3.125205935767799474e+03 2.298393104038170000e+16
3.125539504551636128e+03 2.298476067443583200e+16
3.125873073335473237e+03 2.298558602059415600e+16
3.126206642119310345e+03 2.298640705122876800e+16
3.126540210903146999e+03 2.298722373898722400e+16
3.126873779686984108e+03 2.298803605679557600e+16
3.127207348470820762e+03 2.298884397786135200e+16
3.127540917254657870e+03 2.298964747567660800e+16
3.127874486038494979e+03 2.299044652402080800e+16
3.128208054822331178e+03 2.299124109696388000e+16
3.128541623606168287e+03 2.299203116886907200e+16
3.128875192390004941e+03 2.299281671439595600e+16
3.129208761173842049e+03 2.299359770850331200e+16
3.129542329957679158e+03 2.299437412645198000e+16
3.129875898741515812e+03 2.299514594380776000e+16
3.130209467525352920e+03 2.299591313644432000e+16
3.130543036309189574e+03 2.299667568054597600e+16
3.130876605093026683e+03 2.299743355261048800e+16
3.131210173876863792e+03 2.299818672945192800e+16
3.131543742660700445e+03 2.299893518820343200e+16
3.131877311444537099e+03 2.299967890631994800e+16
3.132210880228373753e+03 2.300041786158101200e+16
3.132544449012210862e+03 2.300115203209342400e+16
3.132878017796047970e+03 2.300188139629399600e+16
3.133211586579884624e+03 2.300260593295216000e+16
3.133545155363721733e+03 2.300332562117270800e+16
3.133878724147558387e+03 2.300404044039835200e+16
3.134212292931395496e+03 2.300475037041244000e+16
3.134545861715232604e+03 2.300545539134140800e+16
3.134879430499069258e+03 2.300615548365743600e+16
3.135212999282906367e+03 2.300685062818100000e+16
3.135546568066742566e+03 2.300754080608332000e+16
3.135880136850579675e+03 2.300822599888893600e+16
3.136213705634416783e+03 2.300890618847812800e+16
3.136547274418253437e+03 2.300958135708937200e+16
3.136880843202090546e+03 2.301025148732177600e+16
3.137214411985927200e+03 2.301091656213746000e+16
3.137547980769764308e+03 2.301157656486393200e+16
3.137881549553601417e+03 2.301223147919643200e+16
3.138215118337438071e+03 2.301288128920024800e+16
3.138548687121275179e+03 2.301352597931300800e+16
3.138882255905111833e+03 2.301416553434693200e+16
3.139215824688948942e+03 2.301479993949111200e+16
3.139549393472786051e+03 2.301542918031363600e+16
3.139882962256622250e+03 2.301605324276387200e+16
3.140216531040459358e+03 2.301667211317453600e+16
3.140550099824296012e+03 2.301728577826384000e+16
3.140883668608133121e+03 2.301789422513763200e+16
3.141217237391970230e+03 2.301849744129138000e+16
3.141550806175806883e+03 2.301909541461225600e+16
3.141884374959643992e+03 2.301968813338114800e+16
3.142217943743480646e+03 2.302027558627460800e+16
3.142551512527317755e+03 2.302085776236684800e+16
3.142885081311154863e+03 2.302143465113156400e+16
3.143218650094991517e+03 2.302200624244388400e+16
3.143552218878828171e+03 2.302257252658223200e+16
3.143885787662664825e+03 2.302313349423008000e+16
3.144219356446501934e+03 2.302368913647784000e+16
3.144552925230339042e+03 2.302423944482448800e+16
3.144886494014175696e+03 2.302478441117939200e+16
3.145220062798012805e+03 2.302532402786398800e+16
3.145553631581849459e+03 2.302585828761337200e+16
3.145887200365686567e+03 2.302638718357801200e+16
3.146220769149523676e+03 2.302691070932524800e+16
3.146554337933360330e+03 2.302742885884096000e+16
3.146887906717197438e+03 2.302794162653100000e+16
3.147221475501033638e+03 2.302844900722268800e+16
3.147555044284870746e+03 2.302895099616633200e+16
3.147888613068707855e+03 2.302944758903659200e+16
3.148222181852544509e+03 2.302993878193386400e+16
3.148555750636381617e+03 2.303042457138566400e+16
3.148889319420218271e+03 2.303090495434791200e+16
3.149222888204055380e+03 2.303137992820623200e+16
3.149556456987892489e+03 2.303184949077721600e+16
3.149890025771729142e+03 2.303231364030953600e+16
3.150223594555566251e+03 2.303277237548524400e+16
3.150557163339402905e+03 2.303322569542082400e+16
3.150890732123240014e+03 2.303367359966833600e+16
3.151224300907077122e+03 2.303411608821642400e+16
3.151557869690913321e+03 2.303455316149137600e+16
3.151891438474750430e+03 2.303498482035813600e+16
3.152225007258587084e+03 2.303541106612121600e+16
3.152558576042424193e+03 2.303583190052563600e+16
3.152892144826261301e+03 2.303624732575776000e+16
3.153225713610097955e+03 2.303665734444616800e+16
3.153559282393935064e+03 2.303706195966248800e+16
3.153892851177771718e+03 2.303746117492207200e+16
3.154226419961608826e+03 2.303785499418482400e+16
3.154559988745445935e+03 2.303824342185576000e+16
3.154893557529282589e+03 2.303862646278580400e+16
3.155227126313119243e+03 2.303900412227229600e+16
3.155560695096955897e+03 2.303937640605956800e+16
3.155894263880793005e+03 2.303974332033955200e+16
3.156227832664630114e+03 2.304010487175218000e+16
3.156561401448466768e+03 2.304046106738588800e+16
3.156894970232303876e+03 2.304081191477801600e+16
3.157228539016140530e+03 2.304115742191520800e+16
3.157562107799977639e+03 2.304149759723376400e+16
3.157895676583814748e+03 2.304183244961984000e+16
3.158229245367651401e+03 2.304216198840982400e+16
3.158562814151488510e+03 2.304248622339052000e+16
3.158896382935324709e+03 2.304280516479928800e+16
3.159229951719161818e+03 2.304311882332422400e+16
3.159563520502998927e+03 2.304342721010424800e+16
3.159897089286835580e+03 2.304373033672915200e+16
3.160230658070672689e+03 2.304402821523971200e+16
3.160564226854509343e+03 2.304432085812750000e+16
3.160897795638346452e+03 2.304460827833500800e+16
3.161231364422183105e+03 2.304489048925542400e+16
3.161564933206020214e+03 2.304516750473254400e+16
3.161898501989857323e+03 2.304543933906060000e+16
3.162232070773693977e+03 2.304570600698404000e+16
3.162565639557531085e+03 2.304596752369728000e+16
3.162899208341367284e+03 2.304622390484436000e+16
3.163232777125204393e+03 2.304647516651869600e+16
3.163566345909041502e+03 2.304672132526260800e+16
3.163899914692878156e+03 2.304696239806701200e+16
3.164233483476715264e+03 2.304719840237084400e+16
3.164567052260551918e+03 2.304742935606066800e+16
3.164900621044389027e+03 2.304765527747012000e+16
3.165234189828226135e+03 2.304787618537930000e+16
3.165567758612062789e+03 2.304809209901415200e+16
3.165901327395899898e+03 2.304830303804593600e+16
3.166234896179736552e+03 2.304850902259033600e+16
3.166568464963573660e+03 2.304871007320691200e+16
3.166902033747410314e+03 2.304890621089821600e+16
3.167235602531246968e+03 2.304909745710905200e+16
3.167569171315084077e+03 2.304928383372560800e+16
3.167902740098920731e+03 2.304946536307452000e+16
3.168236308882757839e+03 2.304964206792205600e+16
3.168569877666594948e+03 2.304981397147303600e+16
3.168903446450431602e+03 2.304998109736990400e+16
3.169237015234268711e+03 2.305014346969165600e+16
3.169570584018105365e+03 2.305030111295276800e+16
3.169904152801942473e+03 2.305045405210211200e+16
3.170237721585779582e+03 2.305060231252174400e+16
3.170571290369615781e+03 2.305074592002571200e+16
3.170904859153452890e+03 2.305088490085889600e+16
3.171238427937289543e+03 2.305101928169567200e+16
3.171571996721126652e+03 2.305114908963861200e+16
3.171905565504963761e+03 2.305127435221717600e+16
3.172239134288800415e+03 2.305139509738628800e+16
3.172572703072637523e+03 2.305151135352494000e+16
3.172906271856474177e+03 2.305162314943474400e+16
3.173239840640311286e+03 2.305173051433844800e+16
3.173573409424148394e+03 2.305183347787833600e+16
3.173906978207985048e+03 2.305193207011476000e+16
3.174240546991822157e+03 2.305202632152446800e+16
3.174574115775658356e+03 2.305211626299900800e+16
3.174907684559495465e+03 2.305220192584304800e+16
3.175241253343332573e+03 2.305228334177264000e+16
3.175574822127169227e+03 2.305236054291350000e+16
3.175908390911006336e+03 2.305243356179924000e+16
3.176241959694842990e+03 2.305250243136951200e+16
3.176575528478680098e+03 2.305256718496820800e+16
3.176909097262517207e+03 2.305262785634153600e+16
3.177242666046353861e+03 2.305268447963609600e+16
3.177576234830190970e+03 2.305273708939700800e+16
3.177909803614027624e+03 2.305278572056582000e+16
3.178243372397864732e+03 2.305283040847855200e+16
3.178576941181701386e+03 2.305287118886363200e+16
3.178910509965538040e+03 2.305290809783978800e+16
3.179244078749375149e+03 2.305294117191396800e+16
3.179577647533211803e+03 2.305297044797914000e+16
3.179911216317048911e+03 2.305299596331216000e+16
3.180244785100886020e+03 2.305301775557150800e+16
3.180578353884722674e+03 2.305303586279507200e+16
3.180911922668559782e+03 2.305305032339786400e+16
3.181245491452396436e+03 2.305306117616968400e+16
3.181579060236233545e+03 2.305306846027282400e+16
3.181912629020070653e+03 2.305307221523964400e+16
3.182246197803906853e+03 2.305307248097021600e+16
3.182579766587743961e+03 2.305306929772982800e+16
3.182913335371580615e+03 2.305306270614661200e+16
3.183246904155417724e+03 2.305305274720897200e+16
3.183580472939254832e+03 2.305303946226309600e+16
3.183914041723091486e+03 2.305302289301039200e+16
3.184247610506928595e+03 2.305300308150494000e+16
3.184581179290765249e+03 2.305298007015082400e+16
3.184914748074602358e+03 2.305295390169957600e+16
3.185248316858439466e+03 2.305292461924742800e+16
3.185581885642276120e+03 2.305289226623265600e+16
3.185915454426113229e+03 2.305285688643290400e+16
3.186249023209949428e+03 2.305281852396238800e+16
3.186582591993786536e+03 2.305277722326914000e+16
3.186916160777623645e+03 2.305273302913218400e+16
3.187249729561460299e+03 2.305268598665875600e+16
3.187583298345297408e+03 2.305263614128142800e+16
3.187916867129134062e+03 2.305258353875522400e+16
3.188250435912971170e+03 2.305252822515478000e+16
3.188584004696808279e+03 2.305247024687133200e+16
3.188917573480644933e+03 2.305240965060984000e+16
3.189251142264482041e+03 2.305234648338597200e+16
3.189584711048318695e+03 2.305228079252314400e+16
3.189918279832155804e+03 2.305221262564945600e+16
3.190251848615992458e+03 2.305214203069470000e+16
3.190585417399829112e+03 2.305206905588725600e+16
3.190918986183666220e+03 2.305199374975105600e+16
3.191252554967502874e+03 2.305191616110239200e+16
3.191586123751339983e+03 2.305183633904689600e+16
3.191919692535177091e+03 2.305175433297628800e+16
3.192253261319013745e+03 2.305167019256526400e+16
3.192586830102850854e+03 2.305158396776828400e+16
3.192920398886687508e+03 2.305149570881637600e+16
3.193253967670524617e+03 2.305140546621389600e+16
3.193587536454361725e+03 2.305131329073526400e+16
3.193921105238197924e+03 2.305121923342171200e+16
3.194254674022035033e+03 2.305112334557798000e+16
3.194588242805871687e+03 2.305102567876906000e+16
3.194921811589708796e+03 2.305092628481677600e+16
3.195255380373545904e+03 2.305082521579652800e+16
3.195588949157382558e+03 2.305072252403388800e+16
3.195922517941219667e+03 2.305061826210128000e+16
3.196256086725056321e+03 2.305051248281447200e+16
3.196589655508893429e+03 2.305040523922932000e+16
3.196923224292730538e+03 2.305029658463822000e+16
3.197256793076567192e+03 2.305018657256672000e+16
3.197590361860404300e+03 2.305007525677005200e+16
3.197923930644240500e+03 2.304996269122967200e+16
3.198257499428077608e+03 2.304984893014980400e+16
3.198591068211914717e+03 2.304973402795387200e+16
3.198924636995751371e+03 2.304961803928103600e+16
3.199258205779588479e+03 2.304950101898268800e+16
3.199591774563425133e+03 2.304938302211884800e+16
3.199925343347262242e+03 2.304926410395468400e+16
3.200258912131099351e+03 2.304914431995688000e+16
3.200592480914936004e+03 2.304902372579012800e+16
3.200926049698773113e+03 2.304890237731352800e+16
3.201259618482609767e+03 2.304878033057692800e+16
3.201593187266446876e+03 2.304865764181742400e+16
3.201926756050283529e+03 2.304853436745564000e+16
3.202260324834120183e+03 2.304841056409216000e+16
3.202593893617957292e+03 2.304828628850387200e+16
3.202927462401793946e+03 2.304816159764032000e+16
3.203261031185631055e+03 2.304803654862007200e+16
3.203594599969468163e+03 2.304791119872701600e+16
3.203928168753304817e+03 2.304778560540668800e+16
3.204261737537141926e+03 2.304765982626265200e+16
3.204595306320978580e+03 2.304753391905273600e+16
3.204928875104815688e+03 2.304740794168538800e+16
3.205262443888652797e+03 2.304728195221595600e+16
3.205596012672488996e+03 2.304715600884291200e+16
3.205929581456326105e+03 2.304703016990429600e+16
3.206263150240162759e+03 2.304690449387383600e+16
3.206596719023999867e+03 2.304677903935730400e+16
3.206930287807836976e+03 2.304665386508876800e+16
3.207263856591673630e+03 2.304652902992683200e+16
3.207597425375510738e+03 2.304640459285092800e+16
3.207930994159347392e+03 2.304628061295753600e+16
3.208264562943184501e+03 2.304615714945647600e+16
3.208598131727021610e+03 2.304603426166710400e+16
3.208931700510858263e+03 2.304591200901457600e+16
3.209265269294695372e+03 2.304579045102612000e+16
3.209598838078531571e+03 2.304566964732721600e+16
3.209932406862368680e+03 2.304554965763790000e+16
3.210265975646205789e+03 2.304543054176891200e+16
3.210599544430042442e+03 2.304531235961796800e+16
3.210933113213879551e+03 2.304519517116603600e+16
3.211266681997716205e+03 2.304507903647349200e+16
3.211600250781553314e+03 2.304496401567638400e+16
3.211933819565390422e+03 2.304485016898263600e+16
3.212267388349227076e+03 2.304473755666832000e+16
3.212600957133064185e+03 2.304462623907384800e+16
3.212934525916900839e+03 2.304451627660017600e+16
3.213268094700737947e+03 2.304440772970510000e+16
3.213601663484574601e+03 2.304430065889942800e+16
3.213935232268411255e+03 2.304419512474321200e+16
3.214268801052248364e+03 2.304409118784205600e+16
3.214602369836085018e+03 2.304398890884320800e+16
3.214935938619922126e+03 2.304388834843197600e+16
3.215269507403759235e+03 2.304378956732777600e+16
3.215603076187595889e+03 2.304369262628053600e+16
3.215936644971432997e+03 2.304359758606681200e+16
3.216270213755269651e+03 2.304350450748613600e+16
3.216603782539106760e+03 2.304341345135723600e+16
3.216937351322943869e+03 2.304332447851421600e+16
3.217270920106780068e+03 2.304323764980292800e+16
3.217604488890617176e+03 2.304315302607719200e+16
3.217938057674453830e+03 2.304307066819500400e+16
3.218271626458290939e+03 2.304299063701489600e+16
3.218605195242128048e+03 2.304291299339216800e+16
3.218938764025964701e+03 2.304283779817515200e+16
3.219272332809801810e+03 2.304276511220157200e+16
3.219605901593638464e+03 2.304269499629473600e+16
3.219939470377475573e+03 2.304262751125994800e+16
3.220273039161312681e+03 2.304256271788070000e+16
3.220606607945149335e+03 2.304250067691506400e+16
3.220940176728986444e+03 2.304244144909199200e+16
3.221273745512822643e+03 2.304238509510761200e+16
3.221607314296659752e+03 2.304233167562160800e+16
3.221940883080496860e+03 2.304228125125351200e+16
3.222274451864333514e+03 2.304223388257907200e+16
3.222608020648170623e+03 2.304218963012666400e+16
3.222941589432007277e+03 2.304214855437353600e+16
3.223275158215844385e+03 2.304211071574227200e+16
3.223608726999681494e+03 2.304207617459716000e+16
3.223942295783518148e+03 2.304204499124051200e+16
3.224275864567355256e+03 2.304201722590919200e+16
3.224609433351191910e+03 2.304199293877088000e+16
3.224943002135029019e+03 2.304197218992060800e+16
3.225276570918865673e+03 2.304195503937706400e+16
3.225610139702702327e+03 2.304194154707916000e+16
3.225943708486539435e+03 2.304193177288236000e+16
3.226277277270376089e+03 2.304192577655518400e+16
3.226610846054213198e+03 2.304192361777572000e+16
3.226944414838050307e+03 2.304192535612800000e+16
3.227277983621886960e+03 2.304193105109854000e+16
3.227611552405724069e+03 2.304194076207288000e+16
3.227945121189560723e+03 2.304195454833195200e+16
3.228278689973397832e+03 2.304197246904877200e+16
3.228612258757234940e+03 2.304199458328482400e+16
3.228945827541071139e+03 2.304202094998670000e+16
3.229279396324908248e+03 2.304205162798257600e+16
3.229612965108744902e+03 2.304208667597882400e+16
3.229946533892582011e+03 2.304212615255658400e+16
3.230280102676419119e+03 2.304217011616832800e+16
3.230613671460255773e+03 2.304221862513444800e+16
3.230947240244092882e+03 2.304227173763993200e+16
3.231280809027929536e+03 2.304232951173086400e+16
3.231614377811766644e+03 2.304239200531124000e+16
3.231947946595603753e+03 2.304245927613944800e+16
3.232281515379440407e+03 2.304253138182499200e+16
3.232615084163277515e+03 2.304260837982517600e+16
3.232948652947113715e+03 2.304269032744181600e+16
3.233282221730950823e+03 2.304277728181786800e+16
3.233615790514787932e+03 2.304286929993420000e+16
3.233949359298624586e+03 2.304296643860622400e+16
3.234282928082461694e+03 2.304306875448084800e+16
3.234616496866298348e+03 2.304317630403293600e+16
3.234950065650135457e+03 2.304328914356234400e+16
3.235283634433972566e+03 2.304340732919052000e+16
3.235617203217809219e+03 2.304353091685737600e+16
3.235950772001646328e+03 2.304365996231807600e+16
3.236284340785482982e+03 2.304379452113987200e+16
3.236617909569320091e+03 2.304393464869894400e+16
3.236951478353156745e+03 2.304408040017718800e+16
3.237285047136993398e+03 2.304423183055917600e+16
3.237618615920830507e+03 2.304438899462897600e+16
3.237952184704667161e+03 2.304455194696706000e+16
3.238285753488504270e+03 2.304472074194720400e+16
3.238619322272341378e+03 2.304489543373343200e+16
3.238952891056178032e+03 2.304507607627692000e+16
3.239286459840015141e+03 2.304526272331296400e+16
3.239620028623851795e+03 2.304545542835796000e+16
3.239953597407688903e+03 2.304565424470639200e+16
3.240287166191526012e+03 2.304585922542778800e+16
3.240620734975362211e+03 2.304607042336373600e+16
3.240954303759199320e+03 2.304628789112500800e+16
3.241287872543035974e+03 2.304651168108846400e+16
3.241621441326873082e+03 2.304674184539416400e+16
3.241955010110710191e+03 2.304697843594248800e+16
3.242288578894546845e+03 2.304722150439115600e+16
3.242622147678383953e+03 2.304747110215239200e+16
3.242955716462220607e+03 2.304772728038995600e+16
3.243289285246057716e+03 2.304799009001641200e+16
3.243622854029894825e+03 2.304825958169012800e+16
3.243956422813731479e+03 2.304853580581254400e+16
3.244289991597568587e+03 2.304881881252532800e+16
3.244623560381404786e+03 2.304910865170756000e+16
3.244957129165241895e+03 2.304940537297296800e+16
3.245290697949079004e+03 2.304970902566711600e+16
3.245624266732915657e+03 2.305001965886469200e+16
3.245957835516752766e+03 2.305033732136674000e+16
3.246291404300589420e+03 2.305066206169799200e+16
3.246624973084426529e+03 2.305099392810403200e+16
3.246958541868263637e+03 2.305133296854876000e+16
3.247292110652100291e+03 2.305167923071160000e+16
3.247625679435937400e+03 2.305203276198490800e+16
3.247959248219774054e+03 2.305239360947128400e+16
3.248292817003611162e+03 2.305276181998098800e+16
3.248626385787447816e+03 2.305313744002928000e+16
3.248959954571284470e+03 2.305352051583385600e+16
3.249293523355121579e+03 2.305391109331226400e+16
3.249627092138958233e+03 2.305430921807931200e+16
3.249960660922795341e+03 2.305471493544458000e+16
3.250294229706632450e+03 2.305512829040984800e+16
3.250627798490469104e+03 2.305554932766653600e+16
3.250961367274306212e+03 2.305597809159334400e+16
3.251294936058142866e+03 2.305641462625360800e+16
3.251628504841979975e+03 2.305685897539293600e+16
3.251962073625817084e+03 2.305731118243672800e+16
3.252295642409653283e+03 2.305777129048772000e+16
3.252629211193490391e+03 2.305823934232362800e+16
3.252962779977327045e+03 2.305871538039469200e+16
3.253296348761164154e+03 2.305919944682128400e+16
3.253629917545001263e+03 2.305969158339159600e+16
3.253963486328837917e+03 2.306019183155922400e+16
3.254297055112675025e+03 2.306070023244089600e+16
3.254630623896511679e+03 2.306121682681406400e+16
3.254964192680348788e+03 2.306174165511471200e+16
3.255297761464185896e+03 2.306227475743497600e+16
3.255631330248022550e+03 2.306281617352091200e+16
3.255964899031859659e+03 2.306336594277024400e+16
3.256298467815695858e+03 2.306392410423011200e+16
3.256632036599532967e+03 2.306449069659486800e+16
3.256965605383370075e+03 2.306506575820385200e+16
3.257299174167206729e+03 2.306564932703918000e+16
3.257632742951043838e+03 2.306624144072366000e+16
3.257966311734880492e+03 2.306684213651851600e+16
3.258299880518717600e+03 2.306745145132136800e+16
3.258633449302554709e+03 2.306806942166399600e+16
3.258967018086391363e+03 2.306869608371029600e+16
3.259300586870228472e+03 2.306933147325420400e+16
3.259634155654065125e+03 2.306997562571754400e+16
3.259967724437902234e+03 2.307062857614806400e+16
3.260301293221738888e+03 2.307129035921734400e+16
3.260634862005575542e+03 2.307196100921872800e+16
3.260968430789412650e+03 2.307264056006542400e+16
3.261301999573249304e+03 2.307332904528840000e+16
3.261635568357086413e+03 2.307402649803449200e+16
3.261969137140923522e+03 2.307473295106437200e+16
3.262302705924760176e+03 2.307544843675063600e+16
3.262636274708597284e+03 2.307617298707591200e+16
3.262969843492433938e+03 2.307690663363088800e+16
3.263303412276271047e+03 2.307764940761244000e+16
3.263636981060108155e+03 2.307840133982176000e+16
3.263970549843944355e+03 2.307916246066249600e+16
3.264304118627781463e+03 2.307993280013888000e+16
3.264637687411618117e+03 2.308071238785394000e+16
3.264971256195455226e+03 2.308150125300764400e+16
3.265304824979292334e+03 2.308229942439512000e+16
3.265638393763128988e+03 2.308310693040486000e+16
3.265971962546966097e+03 2.308392379901702400e+16
3.266305531330802751e+03 2.308475005780158000e+16
3.266639100114639859e+03 2.308558573391666800e+16
3.266972668898476968e+03 2.308643085410682800e+16
3.267306237682313622e+03 2.308728544470132400e+16
3.267639806466150731e+03 2.308814953161244800e+16
3.267973375249986930e+03 2.308902314033388800e+16
3.268306944033824038e+03 2.308990629593901600e+16
3.268640512817661147e+03 2.309079902307932800e+16
3.268974081601497801e+03 2.309170134598274000e+16
3.269307650385334910e+03 2.309261328845210000e+16
3.269641219169171563e+03 2.309353487386348800e+16
3.269974787953008672e+03 2.309446612516470400e+16
3.270308356736845781e+03 2.309540706487374400e+16
3.270641925520682435e+03 2.309635771507720000e+16
3.270975494304519543e+03 2.309731809742880000e+16
3.271309063088356197e+03 2.309828823314784800e+16
3.271642631872193306e+03 2.309926814301782400e+16
3.271976200656029960e+03 2.310025784738481200e+16
3.272309769439866614e+03 2.310125736615611200e+16
3.272643338223703722e+03 2.310226671879878000e+16
3.272976907007540376e+03 2.310328592433825200e+16
3.273310475791377485e+03 2.310431500135689600e+16
3.273644044575214593e+03 2.310535396799258800e+16
3.273977613359051247e+03 2.310640284193747200e+16
3.274311182142888356e+03 2.310746164043647600e+16
3.274644750926725010e+03 2.310853038028605600e+16
3.274978319710562118e+03 2.310960907783282000e+16
3.275311888494399227e+03 2.311069774897227200e+16
3.275645457278235426e+03 2.311179640914750400e+16
3.275979026062072535e+03 2.311290507334796000e+16
3.276312594845909189e+03 2.311402375610812000e+16
3.276646163629746297e+03 2.311515247150632400e+16
3.276979732413583406e+03 2.311629123316352800e+16
3.277313301197420060e+03 2.311744005424210800e+16
3.277646869981257169e+03 2.311859894744466400e+16
3.277980438765093822e+03 2.311976792501289600e+16
3.278314007548930931e+03 2.312094699872640400e+16
3.278647576332768040e+03 2.312213617990156400e+16
3.278981145116604694e+03 2.312333547939044800e+16
3.279314713900441802e+03 2.312454490757970400e+16
3.279648282684278001e+03 2.312576447438944800e+16
3.279981851468115110e+03 2.312699418927225200e+16
3.280315420251952219e+03 2.312823406121206400e+16
3.280648989035788873e+03 2.312948409872318400e+16
3.280982557819625981e+03 2.313074430984926800e+16
3.281316126603462635e+03 2.313201470216231200e+16
3.281649695387299744e+03 2.313329528276172800e+16
3.281983264171136852e+03 2.313458605827328800e+16
3.282316832954973506e+03 2.313588703484828000e+16
3.282650401738810615e+03 2.313719821816254000e+16
3.282983970522647269e+03 2.313851961341553600e+16
3.283317539306484377e+03 2.313985122532957200e+16
3.283651108090321031e+03 2.314119305814876400e+16
3.283984676874157685e+03 2.314254511563830400e+16
3.284318245657994794e+03 2.314390740108364000e+16
3.284651814441831448e+03 2.314527991728952800e+16
3.284985383225668556e+03 2.314666266657944800e+16
3.285318952009505665e+03 2.314805565079460800e+16
3.285652520793342319e+03 2.314945887129332800e+16
3.285986089577179428e+03 2.315087232895024800e+16
3.286319658361016081e+03 2.315229602415560000e+16
3.286653227144853190e+03 2.315372995681455600e+16
3.286986795928690299e+03 2.315517412634646400e+16
3.287320364712526498e+03 2.315662853168424400e+16
3.287653933496363607e+03 2.315809317127373600e+16
3.287987502280200260e+03 2.315956804307301600e+16
3.288321071064037369e+03 2.316105314455186400e+16
3.288654639847874478e+03 2.316254847269113600e+16
3.288988208631711132e+03 2.316405402398219200e+16
3.289321777415548240e+03 2.316556979442636000e+16
3.289655346199384894e+03 2.316709577953438400e+16
3.289988914983222003e+03 2.316863197432593600e+16
3.290322483767059111e+03 2.317017837332912800e+16
3.290656052550895765e+03 2.317173497057996000e+16
3.290989621334732874e+03 2.317330175962202800e+16
3.291323190118569073e+03 2.317487873350592800e+16
3.291656758902406182e+03 2.317646588478894400e+16
3.291990327686243290e+03 2.317806320553462000e+16
3.292323896470079944e+03 2.317967068731238000e+16
3.292657465253917053e+03 2.318128832119720800e+16
3.292991034037753707e+03 2.318291609776931200e+16
3.293324602821590815e+03 2.318455400711377600e+16
3.293658171605427924e+03 2.318620203882031200e+16
3.293991740389264578e+03 2.318786018198294800e+16
3.294325309173101687e+03 2.318952842519988400e+16
3.294658877956938341e+03 2.319120675657311200e+16
3.294992446740775449e+03 2.319289516370834800e+16
3.295326015524612103e+03 2.319459363371477200e+16
3.295659584308448757e+03 2.319630215320486800e+16
3.295993153092285866e+03 2.319802070829433200e+16
3.296326721876122519e+03 2.319974928460190400e+16
3.296660290659959628e+03 2.320148786724932400e+16
3.296993859443796737e+03 2.320323644086119200e+16
3.297327428227633391e+03 2.320499498956493600e+16
3.297660997011470499e+03 2.320676349699086400e+16
3.297994565795307153e+03 2.320854194627200800e+16
3.298328134579144262e+03 2.321033032004425600e+16
3.298661703362981370e+03 2.321212860044635200e+16
3.298995272146817570e+03 2.321393676911995200e+16
3.299328840930654678e+03 2.321575480720970400e+16
3.299662409714491332e+03 2.321758269536336400e+16
3.299995978498328441e+03 2.321942041373193600e+16
3.300329547282165549e+03 2.322126794196980400e+16
3.300663116066002203e+03 2.322312525923489600e+16
3.300996684849839312e+03 2.322499234418894400e+16
3.301330253633675966e+03 2.322686917499762400e+16
3.301663822417513074e+03 2.322875572933090400e+16
3.301997391201350183e+03 2.323065198436321600e+16
3.302330959985186837e+03 2.323255791677380800e+16
3.302664528769023946e+03 2.323447350274706400e+16
3.302998097552860145e+03 2.323639871797284400e+16
3.303331666336697253e+03 2.323833353764684000e+16
3.303665235120534362e+03 2.324027793647096400e+16
3.303998803904371016e+03 2.324223188865381600e+16
3.304332372688208125e+03 2.324419536791109600e+16
3.304665941472044778e+03 2.324616834746604000e+16
3.304999510255881887e+03 2.324815080005000000e+16
3.305333079039718996e+03 2.325014269790288800e+16
3.305666647823555650e+03 2.325214401277377600e+16
3.306000216607392758e+03 2.325415471592141200e+16
3.306333785391229412e+03 2.325617477811488400e+16
3.306667354175066521e+03 2.325820416963421600e+16
3.307000922958903175e+03 2.326024286027100800e+16
3.307334491742739829e+03 2.326229081932910400e+16
3.307668060526576937e+03 2.326434801562540000e+16
3.308001629310413591e+03 2.326641441749039200e+16
3.308335198094250700e+03 2.326848999276913600e+16
3.308668766878087808e+03 2.327057470882187600e+16
3.309002335661924462e+03 2.327266853252492000e+16
3.309335904445761571e+03 2.327477143027155200e+16
3.309669473229598225e+03 2.327688336797272800e+16
3.310003042013435334e+03 2.327900431105816800e+16
3.310336610797272442e+03 2.328113422447715600e+16
3.310670179581108641e+03 2.328327307269951600e+16
3.311003748364945750e+03 2.328542081971660800e+16
3.311337317148782404e+03 2.328757742904234800e+16
3.311670885932619512e+03 2.328974286371423600e+16
3.312004454716456621e+03 2.329191708629439600e+16
3.312338023500293275e+03 2.329410005887073200e+16
3.312671592284130384e+03 2.329629174305801600e+16
3.313005161067967038e+03 2.329849209999900000e+16
3.313338729851804146e+03 2.330070109036574000e+16
3.313672298635641255e+03 2.330291867436061600e+16
3.314005867419477909e+03 2.330514481171773600e+16
3.314339436203315017e+03 2.330737946170416000e+16
3.314673004987151216e+03 2.330962258312114400e+16
3.315006573770988325e+03 2.331187413430559600e+16
3.315340142554825434e+03 2.331413407313131200e+16
3.315673711338662088e+03 2.331640235701044000e+16
3.316007280122499196e+03 2.331867894289494400e+16
3.316340848906335850e+03 2.332096378727792000e+16
3.316674417690172959e+03 2.332325684619528800e+16
3.317007986474010067e+03 2.332555807522710400e+16
3.317341555257846721e+03 2.332786742949924800e+16
3.317675124041683830e+03 2.333018486368495200e+16
3.318008692825520484e+03 2.333251033200643200e+16
3.318342261609357593e+03 2.333484378823652000e+16
3.318675830393194246e+03 2.333718518570033600e+16
3.319009399177030900e+03 2.333953447727701200e+16
3.319342967960868009e+03 2.334189161540141600e+16
3.319676536744704663e+03 2.334425655206594400e+16
3.320010105528541771e+03 2.334662923882233200e+16
3.320343674312378880e+03 2.334900962678344000e+16
3.320677243096215534e+03 2.335139766662520000e+16
3.321010811880052643e+03 2.335379330858845600e+16
3.321344380663889297e+03 2.335619650248093200e+16
3.321677949447726405e+03 2.335860719767920000e+16
3.322011518231563514e+03 2.336102534313067200e+16
3.322345087015399713e+03 2.336345088735561200e+16
3.322678655799236822e+03 2.336588377844932000e+16
3.323012224583073476e+03 2.336832396408404800e+16
3.323345793366910584e+03 2.337077139151132800e+16
3.323679362150747693e+03 2.337322600756396800e+16
3.324012930934584347e+03 2.337568775865842400e+16
3.324346499718421455e+03 2.337815659079688800e+16
3.324680068502258109e+03 2.338063244956966400e+16
3.325013637286095218e+03 2.338311528015744800e+16
3.325347206069932326e+03 2.338560502733362000e+16
3.325680774853768980e+03 2.338810163546670000e+16
3.326014343637606089e+03 2.339060504852271200e+16
3.326347912421442288e+03 2.339311521006760800e+16
3.326681481205279397e+03 2.339563206326979200e+16
3.327015049989116505e+03 2.339815555090262000e+16
3.327348618772953159e+03 2.340068561534692400e+16
3.327682187556790268e+03 2.340322219859364000e+16
3.328015756340626922e+03 2.340576524224637600e+16
3.328349325124464031e+03 2.340831468752411200e+16
3.328682893908301139e+03 2.341087047526388800e+16
3.329016462692137793e+03 2.341343254592344000e+16
3.329350031475974902e+03 2.341600083958410400e+16
3.329683600259811556e+03 2.341857529595348000e+16
3.330017169043648664e+03 2.342115585436835200e+16
3.330350737827484863e+03 2.342374245379750000e+16
3.330684306611321972e+03 2.342633503284464000e+16
3.331017875395159081e+03 2.342893352975130000e+16
3.331351444178995735e+03 2.343153788239986000e+16
3.331685012962832843e+03 2.343414802831653200e+16
3.332018581746669497e+03 2.343676390467438400e+16
3.332352150530506606e+03 2.343938544829647200e+16
3.332685719314343714e+03 2.344201259565886400e+16
3.333019288098180368e+03 2.344464528289388000e+16
3.333352856882017477e+03 2.344728344579325600e+16
3.333686425665853676e+03 2.344992701981132800e+16
3.334019994449690785e+03 2.345257594006830400e+16
3.334353563233527893e+03 2.345523014135358800e+16
3.334687132017364547e+03 2.345788955812906400e+16
3.335020700801201656e+03 2.346055412453252800e+16
3.335354269585038310e+03 2.346322377438096800e+16
3.335687838368875418e+03 2.346589844117413600e+16
3.336021407152712527e+03 2.346857805809794000e+16
3.336354975936549181e+03 2.347126255802793600e+16
3.336688544720386290e+03 2.347395187353295200e+16
3.337022113504222943e+03 2.347664593687854400e+16
3.337355682288060052e+03 2.347934468003076800e+16
3.337689251071897161e+03 2.348204803465964800e+16
3.338022819855733360e+03 2.348475593214301600e+16
3.338356388639570469e+03 2.348746830357014400e+16
3.338689957423407122e+03 2.349018507974550400e+16
3.339023526207244231e+03 2.349290619119260800e+16
3.339357094991081340e+03 2.349563156815774000e+16
3.339690663774917994e+03 2.349836114061392800e+16
3.340024232558755102e+03 2.350109483826476000e+16
3.340357801342591756e+03 2.350383259054832000e+16
3.340691370126428865e+03 2.350657432664120400e+16
3.341024938910265973e+03 2.350931997546244000e+16
3.341358507694102627e+03 2.351206946567756800e+16
3.341692076477939736e+03 2.351482272570272800e+16
3.342025645261775935e+03 2.351757968370869200e+16
3.342359214045613044e+03 2.352034026762507200e+16
3.342692782829450152e+03 2.352310440514443600e+16
3.343026351613286806e+03 2.352587202372652000e+16
3.343359920397123915e+03 2.352864305060252000e+16
3.343693489180960569e+03 2.353141741277924800e+16
3.344027057964797677e+03 2.353419503704356800e+16
3.344360626748634786e+03 2.353697584996664800e+16
3.344694195532471440e+03 2.353975977790830000e+16
3.345027764316308549e+03 2.354254674702148800e+16
3.345361333100144748e+03 2.354533668325668000e+16
3.345694901883981856e+03 2.354812951236636000e+16
3.346028470667818965e+03 2.355092515990945600e+16
3.346362039451655619e+03 2.355372355125597600e+16
3.346695608235492728e+03 2.355652461159146400e+16
3.347029177019329381e+03 2.355932826592169600e+16
3.347362745803166490e+03 2.356213443907720800e+16
3.347696314587003599e+03 2.356494305571801600e+16
3.348029883370840253e+03 2.356775404033828400e+16
3.348363452154677361e+03 2.357056731727105200e+16
3.348697020938514015e+03 2.357338281069294400e+16
3.349030589722351124e+03 2.357620044462901600e+16
3.349364158506188232e+03 2.357902014295749600e+16
3.349697727290024432e+03 2.358184182941465200e+16
3.350031296073861540e+03 2.358466542759965600e+16
3.350364864857698194e+03 2.358749086097948000e+16
3.350698433641535303e+03 2.359031805289380800e+16
3.351032002425372411e+03 2.359314692656002800e+16
3.351365571209209065e+03 2.359597740507812800e+16
3.351699139993046174e+03 2.359880941143582800e+16
3.352032708776882828e+03 2.360164286851347200e+16
3.352366277560719936e+03 2.360447769908919600e+16
3.352699846344557045e+03 2.360731382584398400e+16
3.353033415128393699e+03 2.361015117136674800e+16
3.353366983912230808e+03 2.361298965815957200e+16
3.353700552696067007e+03 2.361582920864272400e+16
3.354034121479904115e+03 2.361866974515998800e+16
3.354367690263741224e+03 2.362151118998380000e+16
3.354701259047577878e+03 2.362435346532051600e+16
3.355034827831414987e+03 2.362719649331566800e+16
3.355368396615251640e+03 2.363004019605924800e+16
3.355701965399088749e+03 2.363288449559105600e+16
3.356035534182925858e+03 2.363572931390598000e+16
3.356369102966762512e+03 2.363857457295938800e+16
3.356702671750599620e+03 2.364142019467250400e+16
3.357036240534435819e+03 2.364426610093779600e+16
3.357369809318272928e+03 2.364711221362439600e+16
3.357703378102110037e+03 2.364995845458356400e+16
3.358036946885946691e+03 2.365280474565409200e+16
3.358370515669783799e+03 2.365565100866791600e+16
3.358704084453620453e+03 2.365849716545544400e+16
3.359037653237457562e+03 2.366134313785122800e+16
3.359371222021294670e+03 2.366418884769937600e+16
3.359704790805131324e+03 2.366703421685921200e+16
3.360038359588968433e+03 2.366987916721079200e+16
3.360371928372805087e+03 2.367272362066049600e+16
3.360705497156642195e+03 2.367556749914668800e+16
3.361039065940479304e+03 2.367841072464524800e+16
3.361372634724315503e+03 2.368125321917527200e+16
3.361706203508152612e+03 2.368409490480475200e+16
3.362039772291989266e+03 2.368693570365616000e+16
3.362373341075826374e+03 2.368977553791214800e+16
3.362706909859663483e+03 2.369261432982132800e+16
3.363040478643500137e+03 2.369545200170386400e+16
3.363374047427337246e+03 2.369828847595726000e+16
3.363707616211173900e+03 2.370112367506206000e+16
3.364041184995011008e+03 2.370395752158762400e+16
3.364374753778848117e+03 2.370678993819781600e+16
3.364708322562684771e+03 2.370962084765680000e+16
3.365041891346521879e+03 2.371245017283484000e+16
3.365375460130358078e+03 2.371527783671400800e+16
3.365709028914195187e+03 2.371810376239407200e+16
3.366042597698032296e+03 2.372092787309815600e+16
3.366376166481868950e+03 2.372375009217864400e+16
3.366709735265706058e+03 2.372657034312296000e+16
3.367043304049542712e+03 2.372938854955935200e+16
3.367376872833379821e+03 2.373220463526278000e+16
3.367710441617216929e+03 2.373501852416057600e+16
3.368044010401053583e+03 2.373783014033849200e+16
3.368377579184890692e+03 2.374063940804636000e+16
3.368711147968726891e+03 2.374344625170396800e+16
3.369044716752564000e+03 2.374625059590694000e+16
3.369378285536401108e+03 2.374905236543247200e+16
3.369711854320237762e+03 2.375185148524523200e+16
3.370045423104074871e+03 2.375464788050323600e+16
3.370378991887911525e+03 2.375744147656350400e+16
3.370712560671748633e+03 2.376023219898812800e+16
3.371046129455585742e+03 2.376301997354990000e+16
3.371379698239422396e+03 2.376580472623824000e+16
3.371713267023259505e+03 2.376858638326498000e+16
3.372046835807096159e+03 2.377136487107020000e+16
3.372380404590933267e+03 2.377414011632804000e+16
3.372713973374770376e+03 2.377691204595244400e+16
3.373047542158606575e+03 2.377968058710305200e+16
3.373381110942443684e+03 2.378244566719092800e+16
3.373714679726280337e+03 2.378520721388436400e+16
3.374048248510117446e+03 2.378796515511464800e+16
3.374381817293954555e+03 2.379071941908187600e+16
3.374715386077791209e+03 2.379346993426054800e+16
3.375048954861628317e+03 2.379621662940556000e+16
3.375382523645464971e+03 2.379895943355774000e+16
3.375716092429302080e+03 2.380169827604963600e+16
3.376049661213139188e+03 2.380443308651123200e+16
3.376383229996975842e+03 2.380716379487561600e+16
3.376716798780812951e+03 2.380989033138469200e+16
3.377050367564649150e+03 2.381261262659484000e+16
3.377383936348486259e+03 2.381533061138250400e+16
3.377717505132323367e+03 2.381804421694992800e+16
3.378051073916160021e+03 2.382075337483066400e+16
3.378384642699997130e+03 2.382345801689524800e+16
3.378718211483833784e+03 2.382615807535674400e+16
3.379051780267670892e+03 2.382885348277630400e+16
3.379385349051508001e+03 2.383154417206872400e+16
3.379718917835344655e+03 2.383423007650790000e+16
3.380052486619181764e+03 2.383691112973243200e+16
3.380386055403017963e+03 2.383958726575096000e+16
3.380719624186855071e+03 2.384225841894776400e+16
3.381053192970692180e+03 2.384492452408807200e+16
3.381386761754528834e+03 2.384758551632346000e+16
3.381720330538365943e+03 2.385024133119735600e+16
3.382053899322202597e+03 2.385289190465022400e+16
3.382387468106039705e+03 2.385553717302501200e+16
3.382721036889876814e+03 2.385817707307236000e+16
3.383054605673713468e+03 2.386081154195593600e+16
3.383388174457550576e+03 2.386344051725759200e+16
3.383721743241387230e+03 2.386606393698266000e+16
3.384055312025224339e+03 2.386868173956508800e+16
3.384388880809061448e+03 2.387129386387255600e+16
3.384722449592897647e+03 2.387390024921160000e+16
3.385056018376734755e+03 2.387650083533276800e+16
3.385389587160571409e+03 2.387909556243554400e+16
3.385723155944408518e+03 2.388168437117348000e+16
3.386056724728245626e+03 2.388426720265906000e+16
3.386390293512082280e+03 2.388684399846871200e+16
3.386723862295919389e+03 2.388941470064772400e+16
3.387057431079756043e+03 2.389197925171505600e+16
3.387390999863593152e+03 2.389453759466822400e+16
3.387724568647430260e+03 2.389708967298804800e+16
3.388058137431266914e+03 2.389963543064341600e+16
3.388391706215104023e+03 2.390217481209604800e+16
3.388725274998940222e+03 2.390470776230505600e+16
3.389058843782777330e+03 2.390723422673170800e+16
3.389392412566614439e+03 2.390975415134392400e+16
3.389725981350451093e+03 2.391226748262084400e+16
3.390059550134288202e+03 2.391477416755732000e+16
3.390393118918124856e+03 2.391727415366845200e+16
3.390726687701961964e+03 2.391976738899388000e+16
3.391060256485799073e+03 2.392225382210224000e+16
3.391393825269635727e+03 2.392473340209543600e+16
3.391727394053472835e+03 2.392720607861297600e+16
3.392060962837309035e+03 2.392967180183613600e+16
3.392394531621146143e+03 2.393213052249219200e+16
3.392728100404983252e+03 2.393458219185852400e+16
3.393061669188819906e+03 2.393702676176667200e+16
3.393395237972657014e+03 2.393946418460644000e+16
3.393728806756493668e+03 2.394189441332983200e+16
3.394062375540330777e+03 2.394431740145500000e+16
3.394395944324167885e+03 2.394673310307010400e+16
3.394729513108004539e+03 2.394914147283712400e+16
3.395063081891841648e+03 2.395154246599576400e+16
3.395396650675678302e+03 2.395393603836694800e+16
3.395730219459515411e+03 2.395632214635672800e+16
3.396063788243352519e+03 2.395870074695969200e+16
3.396397357027188718e+03 2.396107179776266000e+16
3.396730925811025827e+03 2.396343525694815200e+16
3.397064494594862481e+03 2.396579108329780800e+16
3.397398063378699590e+03 2.396813923619578800e+16
3.397731632162536698e+03 2.397047967563212800e+16
3.398065200946373352e+03 2.397281236220598800e+16
3.398398769730210461e+03 2.397513725712889600e+16
3.398732338514047115e+03 2.397745432222784400e+16
3.399065907297884223e+03 2.397976351994850400e+16
3.399399476081721332e+03 2.398206481335812800e+16
3.399733044865557986e+03 2.398435816614863200e+16
3.400066613649395094e+03 2.398664354263948000e+16
3.400400182433231294e+03 2.398892090778053600e+16
3.400733751217068402e+03 2.399119022715486000e+16
3.401067320000905511e+03 2.399345146698144000e+16
3.401400888784742165e+03 2.399570459411786400e+16
3.401734457568579273e+03 2.399794957606295200e+16
3.402068026352415927e+03 2.400018638095927200e+16
3.402401595136253036e+03 2.400241497759566000e+16
3.402735163920090145e+03 2.400463533540958400e+16
3.403068732703926798e+03 2.400684742448952000e+16
3.403402301487763907e+03 2.400905121557728400e+16
3.403735870271600106e+03 2.401124668007018400e+16
3.404069439055437215e+03 2.401343379002322000e+16
3.404403007839274323e+03 2.401561251815120800e+16
3.404736576623110977e+03 2.401778283783069200e+16
3.405070145406948086e+03 2.401994472310208000e+16
3.405403714190784740e+03 2.402209814867135600e+16
3.405737282974621849e+03 2.402424308991206400e+16
3.406070851758458957e+03 2.402637952286692800e+16
3.406404420542295611e+03 2.402850742424964800e+16
3.406737989326132720e+03 2.403062677144646800e+16
3.407071558109969374e+03 2.403273754251778400e+16
3.407405126893806482e+03 2.403483971619958000e+16
3.407738695677643591e+03 2.403693327190484800e+16
3.408072264461479790e+03 2.403901818972497600e+16
3.408405833245316899e+03 2.404109445043103600e+16
3.408739402029153553e+03 2.404316203547492800e+16
3.409072970812990661e+03 2.404522092699062400e+16
3.409406539596827770e+03 2.404727110779512000e+16
3.409740108380664424e+03 2.404931256138958000e+16
3.410073677164501532e+03 2.405134527196013600e+16
3.410407245948338186e+03 2.405336922437886400e+16
3.410740814732175295e+03 2.405538440420453600e+16
3.411074383516012404e+03 2.405739079768330400e+16
3.411407952299849057e+03 2.405938839174941600e+16
3.411741521083685711e+03 2.406137717402579200e+16
3.412075089867522365e+03 2.406335713282448800e+16
3.412408658651359474e+03 2.406532825714723200e+16
3.412742227435196583e+03 2.406729053668568800e+16
3.413075796219033236e+03 2.406924396182186400e+16
3.413409365002870345e+03 2.407118852362826800e+16
3.413742933786706999e+03 2.407312421386812400e+16
3.414076502570544108e+03 2.407505102499542000e+16
3.414410071354381216e+03 2.407696895015496000e+16
3.414743640138217870e+03 2.407887798318229200e+16
3.415077208922054979e+03 2.408077811860364800e+16
3.415410777705891178e+03 2.408266935163564000e+16
3.415744346489728287e+03 2.408455167818516000e+16
3.416077915273565395e+03 2.408642509484887200e+16
3.416411484057402049e+03 2.408828959891297600e+16
3.416745052841239158e+03 2.409014518835261600e+16
3.417078621625075812e+03 2.409199186183138400e+16
3.417412190408912920e+03 2.409382961870078400e+16
3.417745759192750029e+03 2.409565845899940800e+16
3.418079327976586683e+03 2.409747838345230000e+16
3.418412896760423791e+03 2.409928939347009600e+16
3.418746465544260445e+03 2.410109149114816800e+16
3.419080034328097554e+03 2.410288467926558400e+16
3.419413603111934663e+03 2.410466896128422400e+16
3.419747171895770862e+03 2.410644434134752000e+16
3.420080740679607970e+03 2.410821082427946400e+16
3.420414309463444624e+03 2.410996841558323600e+16
3.420747878247281733e+03 2.411171712144000800e+16
3.421081447031118842e+03 2.411345694870751200e+16
3.421415015814955495e+03 2.411518790491860400e+16
3.421748584598792604e+03 2.411690999827986000e+16
3.422082153382629258e+03 2.411862323766989200e+16
3.422415722166466367e+03 2.412032763263778400e+16
3.422749290950303475e+03 2.412202319340135600e+16
3.423082859734140129e+03 2.412370993084543600e+16
3.423416428517976783e+03 2.412538785652000800e+16
3.423749997301813437e+03 2.412705698263828800e+16
3.424083566085650546e+03 2.412871732207486000e+16
3.424417134869487654e+03 2.413036888836348800e+16
3.424750703653324308e+03 2.413201169569518000e+16
3.425084272437161417e+03 2.413364575891597600e+16
3.425417841220998071e+03 2.413527109352472000e+16
3.425751410004835179e+03 2.413688771567078000e+16
3.426084978788672288e+03 2.413849564215172400e+16
3.426418547572508942e+03 2.414009489041090000e+16
3.426752116356346050e+03 2.414168547853500800e+16
3.427085685140182250e+03 2.414326742525147600e+16
3.427419253924019358e+03 2.414484074992598800e+16
3.427752822707856467e+03 2.414640547255977600e+16
3.428086391491693121e+03 2.414796161378687600e+16
3.428419960275530229e+03 2.414950919487145200e+16
3.428753529059366883e+03 2.415104823770488000e+16
3.429087097843203992e+03 2.415257876480293600e+16
3.429420666627041101e+03 2.415410079930274800e+16
3.429754235410877754e+03 2.415561436495992800e+16
3.430087804194714863e+03 2.415711948614539200e+16
3.430421372978551517e+03 2.415861618784231200e+16
3.430754941762388626e+03 2.416010449564295200e+16
3.431088510546225734e+03 2.416158443574540000e+16
3.431422079330061933e+03 2.416305603495028000e+16
3.431755648113899042e+03 2.416451932065750400e+16
3.432089216897735696e+03 2.416597432086275200e+16
3.432422785681572805e+03 2.416742106415414000e+16
3.432756354465409913e+03 2.416885957970864800e+16
3.433089923249246567e+03 2.417028989728864400e+16
3.433423492033083676e+03 2.417171204723822000e+16
3.433757060816920330e+03 2.417312606047957600e+16
3.434090629600757438e+03 2.417453196850931200e+16
3.434424198384594547e+03 2.417592980339469600e+16
3.434757767168431201e+03 2.417731959776982400e+16
3.435091335952267855e+03 2.417870138483180400e+16
3.435424904736104509e+03 2.418007519833686400e+16
3.435758473519941617e+03 2.418144107259642800e+16
3.436092042303778726e+03 2.418279904247304800e+16
3.436425611087615380e+03 2.418414914337645600e+16
3.436759179871452488e+03 2.418549141125946400e+16
3.437092748655289142e+03 2.418682588261381600e+16
3.437426317439126251e+03 2.418815259446603200e+16
3.437759886222963360e+03 2.418947158437322400e+16
3.438093455006800014e+03 2.419078289041878800e+16
3.438427023790637122e+03 2.419208655120816400e+16
3.438760592574473321e+03 2.419338260586446400e+16
3.439094161358310430e+03 2.419467109402413600e+16
3.439427730142147539e+03 2.419595205583248000e+16
3.439761298925984192e+03 2.419722553193928000e+16
3.440094867709821301e+03 2.419849156349422400e+16
3.440428436493657955e+03 2.419975019214244400e+16
3.440762005277495064e+03 2.420100146001990400e+16
3.441095574061332172e+03 2.420224540974880000e+16
3.441429142845168826e+03 2.420348208443294400e+16
3.441762711629005935e+03 2.420471152765309600e+16
3.442096280412842589e+03 2.420593378346218400e+16
3.442429849196679697e+03 2.420714889638064400e+16
3.442763417980516806e+03 2.420835691139162400e+16
3.443096986764353005e+03 2.420955787393610400e+16
3.443430555548190114e+03 2.421075182990820000e+16
3.443764124332026768e+03 2.421193882565016000e+16
3.444097693115863876e+03 2.421311890794755200e+16
3.444431261899700985e+03 2.421429212402428800e+16
3.444764830683537639e+03 2.421545852153768000e+16
3.445098399467374747e+03 2.421661814857345600e+16
3.445431968251211401e+03 2.421777105364077600e+16
3.445765537035048510e+03 2.421891728566716400e+16
3.446099105818885619e+03 2.422005689399346000e+16
3.446432674602722273e+03 2.422118992836868800e+16
3.446766243386558926e+03 2.422231643894506400e+16
3.447099812170395580e+03 2.422343647627270800e+16
3.447433380954232689e+03 2.422455009129460000e+16
3.447766949738069798e+03 2.422565733534137200e+16
3.448100518521906451e+03 2.422675826012606400e+16
3.448434087305743560e+03 2.422785291773897200e+16
3.448767656089580214e+03 2.422894136064237200e+16
3.449101224873417323e+03 2.423002364166526800e+16
3.449434793657254431e+03 2.423109981399811200e+16
3.449768362441091085e+03 2.423216993118750800e+16
3.450101931224928194e+03 2.423323404713092000e+16
3.450435500008764393e+03 2.423429221607129600e+16
3.450769068792601502e+03 2.423534449259182400e+16
3.451102637576438610e+03 2.423639093161047200e+16
3.451436206360275264e+03 2.423743158837465200e+16
3.451769775144112373e+03 2.423846651845589600e+16
3.452103343927949027e+03 2.423949577774432000e+16
3.452436912711786135e+03 2.424051942244344000e+16
3.452770481495623244e+03 2.424153750906448000e+16
3.453104050279459898e+03 2.424255009442114400e+16
3.453437619063297007e+03 2.424355723562413600e+16
3.453771187847133660e+03 2.424455899007566400e+16
3.454104756630970769e+03 2.424555541546403200e+16
3.454438325414807878e+03 2.424654656975815200e+16
3.454771894198644077e+03 2.424753251120207200e+16
3.455105462982481185e+03 2.424851329830953600e+16
3.455439031766317839e+03 2.424948898985845600e+16
3.455772600550154948e+03 2.425045964488546400e+16
3.456106169333992057e+03 2.425142532268038400e+16
3.456439738117828711e+03 2.425238608278077200e+16
3.456773306901665819e+03 2.425334198496642400e+16
3.457106875685502473e+03 2.425429308925382400e+16
3.457440444469339582e+03 2.425523945589074800e+16
3.457774013253176690e+03 2.425618114535063200e+16
3.458107582037013344e+03 2.425711821832716000e+16
3.458441150820849998e+03 2.425805073572874400e+16
3.458774719604686652e+03 2.425897875867302800e+16
3.459108288388523761e+03 2.425990234848139600e+16
3.459441857172360869e+03 2.426082156667342400e+16
3.459775425956197523e+03 2.426173647496146000e+16
3.460108994740034632e+03 2.426264713524514000e+16
3.460442563523871286e+03 2.426355360960581600e+16
3.460776132307708394e+03 2.426445596030113600e+16
3.461109701091545503e+03 2.426535424975960800e+16
3.461443269875382157e+03 2.426624854057504400e+16
3.461776838659219266e+03 2.426713889550119200e+16
3.462110407443055465e+03 2.426802537744620000e+16
3.462443976226892573e+03 2.426890804946722400e+16
3.462777545010729682e+03 2.426978697476497600e+16
3.463111113794566336e+03 2.427066221667828000e+16
3.463444682578403444e+03 2.427153383867866800e+16
3.463778251362240098e+03 2.427240190436497600e+16
3.464111820146077207e+03 2.427326647745794800e+16
3.464445388929914316e+03 2.427412762179481600e+16
3.464778957713750970e+03 2.427498540132395600e+16
3.465112526497588078e+03 2.427583988009954800e+16
3.465446095281424732e+03 2.427669112227614000e+16
3.465779664065261841e+03 2.427753919210340000e+16
3.466113232849098949e+03 2.427838415392074400e+16
3.466446801632935149e+03 2.427922607215204400e+16
3.466780370416772257e+03 2.428006501130034400e+16
3.467113939200608911e+03 2.428090103594252800e+16
3.467447507984446020e+03 2.428173421072414400e+16
3.467781076768283128e+03 2.428256460035407200e+16
3.468114645552119782e+03 2.428339226959932400e+16
3.468448214335956891e+03 2.428421728327986800e+16
3.468781783119793545e+03 2.428503970626334000e+16
3.469115351903630653e+03 2.428585960346002800e+16
3.469448920687467762e+03 2.428667703981748000e+16
3.469782489471304416e+03 2.428749208031556800e+16
3.470116058255141070e+03 2.428830478996129600e+16
3.470449627038977724e+03 2.428911523378366800e+16
3.470783195822814832e+03 2.428992347682862400e+16
3.471116764606651941e+03 2.429072958415400000e+16
3.471450333390488595e+03 2.429153362082448000e+16
3.471783902174325704e+03 2.429233565190656000e+16
3.472117470958162357e+03 2.429313574246357200e+16
3.472451039741999466e+03 2.429393395755070000e+16
3.472784608525836575e+03 2.429473036221000400e+16
3.473118177309673229e+03 2.429552502146554800e+16
3.473451746093510337e+03 2.429631800031843600e+16
3.473785314877346536e+03 2.429710936374195600e+16
3.474118883661183645e+03 2.429789917667673600e+16
3.474452452445020754e+03 2.429868750402586000e+16
3.474786021228857408e+03 2.429947441065009600e+16
3.475119590012694516e+03 2.430025996136314400e+16
3.475453158796531170e+03 2.430104422092677600e+16
3.475786727580368279e+03 2.430182725404618800e+16
3.476120296364205387e+03 2.430260912536525600e+16
3.476453865148042041e+03 2.430338989946186000e+16
3.476787433931879150e+03 2.430416964084324000e+16
3.477121002715715804e+03 2.430494841394130400e+16
3.477454571499552912e+03 2.430572628310816000e+16
3.477788140283390021e+03 2.430650331261136000e+16
3.478121709067226220e+03 2.430727956662949600e+16
3.478455277851063329e+03 2.430805510924760800e+16
3.478788846634899983e+03 2.430883000445269600e+16
3.479122415418737091e+03 2.430960431612932000e+16
3.479455984202574200e+03 2.431037810805503600e+16
3.479789552986410854e+03 2.431115144389609200e+16
3.480123121770247963e+03 2.431192438720305600e+16
3.480456690554084616e+03 2.431269700140634000e+16
3.480790259337921725e+03 2.431346934981205600e+16
3.481123828121758834e+03 2.431424149559754800e+16
3.481457396905595488e+03 2.431501350180726400e+16
3.481790965689432142e+03 2.431578543134844000e+16
3.482124534473268795e+03 2.431655734698694400e+16
3.482458103257105904e+03 2.431732931134306800e+16
3.482791672040943013e+03 2.431810138688743600e+16
3.483125240824779667e+03 2.431887363593676800e+16
3.483458809608616775e+03 2.431964612064999200e+16
3.483792378392453429e+03 2.432041890302398400e+16
3.484125947176290538e+03 2.432119204488972800e+16
3.484459515960127646e+03 2.432196560790816400e+16
3.484793084743964300e+03 2.432273965356634800e+16
3.485126653527801409e+03 2.432351424317348000e+16
3.485460222311637608e+03 2.432428943785697600e+16
3.485793791095474717e+03 2.432506529855865600e+16
3.486127359879311825e+03 2.432584188603087200e+16
3.486460928663148479e+03 2.432661926083270800e+16
3.486794497446985588e+03 2.432739748332621600e+16
3.487128066230822242e+03 2.432817661367263600e+16
3.487461635014659350e+03 2.432895671182879200e+16
3.487795203798496459e+03 2.432973783754328000e+16
3.488128772582333113e+03 2.433052005035290800e+16
3.488462341366170222e+03 2.433130340957905600e+16
3.488795910150006875e+03 2.433208797432406800e+16
3.489129478933843984e+03 2.433287380346774400e+16
3.489463047717681093e+03 2.433366095566381200e+16
3.489796616501517292e+03 2.433444948933640000e+16
3.490130185285354401e+03 2.433523946267660800e+16
3.490463754069191054e+03 2.433603093363910400e+16
3.490797322853028163e+03 2.433682395993872000e+16
3.491130891636865272e+03 2.433761859904706000e+16
3.491464460420701926e+03 2.433841490818916400e+16
3.491798029204539034e+03 2.433921294434032800e+16
3.492131597988375688e+03 2.434001276422265600e+16
3.492465166772212797e+03 2.434081442430198400e+16
3.492798735556049905e+03 2.434161798078458800e+16
3.493132304339886559e+03 2.434242348961402800e+16
3.493465873123723213e+03 2.434323100646810000e+16
3.493799441907559867e+03 2.434404058675555200e+16
3.494133010691396976e+03 2.434485228561316800e+16
3.494466579475234084e+03 2.434566615790265600e+16
3.494800148259070738e+03 2.434648225820764400e+16
3.495133717042907847e+03 2.434730064083069600e+16
3.495467285826744501e+03 2.434812135979036000e+16
3.495800854610581609e+03 2.434894446881830800e+16
3.496134423394418718e+03 2.434977002135633600e+16
3.496467992178255372e+03 2.435059807055360800e+16
3.496801560962092481e+03 2.435142866926377600e+16
3.497135129745928680e+03 2.435226187004222400e+16
3.497468698529765788e+03 2.435309772514326800e+16
3.497802267313602897e+03 2.435393628651746400e+16
3.498135836097439551e+03 2.435477760580885600e+16
3.498469404881276660e+03 2.435562173435235600e+16
3.498802973665113313e+03 2.435646872317108800e+16
3.499136542448950422e+03 2.435731862297374800e+16
3.499470111232787531e+03 2.435817148415205600e+16
3.499803680016624185e+03 2.435902735677818400e+16
3.500137248800461293e+03 2.435988629060230400e+16
3.500470817584297947e+03 2.436074833504998000e+16
3.500804386368135056e+03 2.436161353921980800e+16
3.501137955151972164e+03 2.436248195188095200e+16
3.501471523935808364e+03 2.436335362147069600e+16
3.501805092719645472e+03 2.436422859609219200e+16
3.502138661503482126e+03 2.436510692351196400e+16
3.502472230287319235e+03 2.436598865115772800e+16
3.502805799071155889e+03 2.436687382611602400e+16
3.503139367854992997e+03 2.436776249513001600e+16
3.503472936638830106e+03 2.436865470459719600e+16
3.503806505422666760e+03 2.436955050056725600e+16
3.504140074206503868e+03 2.437044992873989600e+16
3.504473642990340522e+03 2.437135303446259600e+16
3.504807211774177631e+03 2.437225986272871600e+16
3.505140780558014285e+03 2.437317045817515200e+16
3.505474349341850939e+03 2.437408486508043200e+16
3.505807918125688047e+03 2.437500312736268800e+16
3.506141486909524701e+03 2.437592528857756400e+16
3.506475055693361810e+03 2.437685139191632000e+16
3.506808624477198919e+03 2.437778148020380000e+16
3.507142193261035573e+03 2.437871559589660000e+16
3.507475762044872681e+03 2.437965378108115600e+16
3.507809330828709335e+03 2.438059607747175200e+16
3.508142899612546444e+03 2.438154252640888000e+16
3.508476468396383552e+03 2.438249316885723200e+16
3.508810037180219751e+03 2.438344804540400000e+16
3.509143605964056860e+03 2.438440719625714400e+16
3.509477174747893514e+03 2.438537066124354800e+16
3.509810743531730623e+03 2.438633847980736800e+16
3.510144312315567731e+03 2.438731069100836800e+16
3.510477881099404385e+03 2.438828733352015600e+16
3.510811449883241494e+03 2.438926844562865600e+16
3.511145018667078148e+03 2.439025406523042400e+16
3.511478587450915256e+03 2.439124422983105600e+16
3.511812156234752365e+03 2.439223897654366400e+16
3.512145725018589019e+03 2.439323834208725600e+16
3.512479293802426128e+03 2.439424236278531600e+16
3.512812862586262327e+03 2.439525107456416400e+16
3.513146431370099435e+03 2.439626451295168400e+16
3.513480000153936544e+03 2.439728271307567200e+16
3.513813568937773198e+03 2.439830570966250400e+16
3.514147137721610306e+03 2.439933353703575200e+16
3.514480706505446960e+03 2.440036622911475600e+16
3.514814275289284069e+03 2.440140381941326800e+16
3.515147844073121178e+03 2.440244634103812000e+16
3.515481412856957832e+03 2.440349382668790800e+16
3.515814981640794940e+03 2.440454630865172800e+16
3.516148550424631594e+03 2.440560381880783600e+16
3.516482119208468703e+03 2.440666638862247200e+16
3.516815687992305357e+03 2.440773404914854400e+16
3.517149256776142010e+03 2.440880683102450400e+16
3.517482825559979119e+03 2.440988476447309600e+16
3.517816394343815773e+03 2.441096787930022000e+16
3.518149963127652882e+03 2.441205620489377600e+16
3.518483531911489990e+03 2.441314977022252800e+16
3.518817100695326644e+03 2.441424860383498400e+16
3.519150669479163753e+03 2.441535273385838000e+16
3.519484238263000407e+03 2.441646218799748800e+16
3.519817807046837515e+03 2.441757699353364800e+16
3.520151375830674624e+03 2.441869717732378400e+16
3.520484944614510823e+03 2.441982276579920400e+16
3.520818513398347932e+03 2.442095378496486400e+16
3.521152082182184586e+03 2.442209026039816800e+16
3.521485650966021694e+03 2.442323221724815200e+16
3.521819219749858803e+03 2.442437968023448000e+16
3.522152788533695457e+03 2.442553267364654800e+16
3.522486357317532566e+03 2.442669122134255600e+16
3.522819926101369219e+03 2.442785534674865200e+16
3.523153494885206328e+03 2.442902507285805600e+16
3.523487063669043437e+03 2.443020042223020800e+16
3.523820632452880091e+03 2.443138141698990800e+16
3.524154201236717199e+03 2.443256807882656000e+16
3.524487770020553398e+03 2.443376042899329600e+16
3.524821338804390507e+03 2.443495848830624800e+16
3.525154907588227616e+03 2.443616227714377200e+16
3.525488476372064270e+03 2.443737181544564000e+16
3.525822045155901378e+03 2.443858712271242800e+16
3.526155613939738032e+03 2.443980821800463600e+16
3.526489182723575141e+03 2.444103511994210400e+16
3.526822751507412249e+03 2.444226784670330000e+16
3.527156320291248903e+03 2.444350641602460800e+16
3.527489889075086012e+03 2.444475084519965600e+16
3.527823457858922666e+03 2.444600115107876800e+16
3.528157026642759774e+03 2.444725735006822400e+16
3.528490595426596428e+03 2.444851945812974800e+16
3.528824164210433082e+03 2.444978749077976000e+16
3.529157732994270191e+03 2.445106146308897600e+16
3.529491301778106845e+03 2.445234138968168800e+16
3.529824870561943953e+03 2.445362728473524000e+16
3.530158439345781062e+03 2.445491916197958400e+16
3.530492008129617716e+03 2.445621703469652800e+16
3.530825576913454825e+03 2.445752091571948800e+16
3.531159145697291478e+03 2.445883081743277200e+16
3.531492714481128587e+03 2.446014675177118400e+16
3.531826283264965696e+03 2.446146873021955200e+16
3.532159852048801895e+03 2.446279676381217200e+16
3.532493420832639003e+03 2.446413086313247600e+16
3.532826989616475657e+03 2.446547103831249600e+16
3.533160558400312766e+03 2.446681729903252000e+16
3.533494127184149875e+03 2.446816965452056800e+16
3.533827695967986529e+03 2.446952811355209200e+16
3.534161264751823637e+03 2.447089268444951600e+16
3.534494833535660291e+03 2.447226337508191200e+16
3.534828402319497400e+03 2.447364019286455200e+16
3.535161971103334508e+03 2.447502314475864800e+16
3.535495539887171162e+03 2.447641223727090400e+16
3.535829108671008271e+03 2.447780747645330000e+16
3.536162677454844470e+03 2.447920886790261600e+16
3.536496246238681579e+03 2.448061641676030800e+16
3.536829815022518687e+03 2.448203012771204800e+16
3.537163383806355341e+03 2.448345000498750800e+16
3.537496952590192450e+03 2.448487605236006400e+16
3.537830521374029104e+03 2.448630827314656400e+16
3.538164090157866212e+03 2.448774667020700400e+16
3.538497658941703321e+03 2.448919124594429600e+16
3.538831227725539975e+03 2.449064200230412000e+16
3.539164796509377084e+03 2.449209894077460800e+16
3.539498365293213737e+03 2.449356206238611200e+16
3.539831934077050846e+03 2.449503136771109600e+16
3.540165502860887500e+03 2.449650685686385200e+16
3.540499071644724154e+03 2.449798852950034400e+16
3.540832640428561263e+03 2.449947638481806800e+16
3.541166209212397916e+03 2.450097042155580000e+16
3.541499777996235025e+03 2.450247063799357600e+16
3.541833346780072134e+03 2.450397703195240000e+16
3.542166915563908788e+03 2.450548960079418800e+16
3.542500484347745896e+03 2.450700834142167200e+16
3.542834053131582550e+03 2.450853325027819200e+16
3.543167621915419659e+03 2.451006432334768800e+16
3.543501190699256767e+03 2.451160155615450400e+16
3.543834759483092967e+03 2.451314494376336000e+16
3.544168328266930075e+03 2.451469448077932400e+16
3.544501897050766729e+03 2.451625016134760800e+16
3.544835465834603838e+03 2.451781197915361600e+16
3.545169034618440946e+03 2.451937992742288000e+16
3.545502603402277600e+03 2.452095399892098400e+16
3.545836172186114709e+03 2.452253418595353600e+16
3.546169740969951363e+03 2.452412048036618400e+16
3.546503309753788471e+03 2.452571287354457600e+16
3.546836878537625580e+03 2.452731135641435200e+16
3.547170447321462234e+03 2.452891591944112800e+16
3.547504016105299343e+03 2.453052655263062400e+16
3.547837584889135542e+03 2.453214324552852800e+16
3.548171153672972650e+03 2.453376598722060000e+16
3.548504722456809759e+03 2.453539476633275200e+16
3.548838291240646413e+03 2.453702957103106800e+16
3.549171860024483522e+03 2.453867038902184400e+16
3.549505428808320175e+03 2.454031720755165600e+16
3.549838997592157284e+03 2.454197001340752000e+16
3.550172566375994393e+03 2.454362879291684000e+16
3.550506135159831047e+03 2.454529353194764000e+16
3.550839703943668155e+03 2.454696421590857200e+16
3.551173272727504809e+03 2.454864082974910400e+16
3.551506841511341918e+03 2.455032335795960800e+16
3.551840410295178572e+03 2.455201178457149600e+16
3.552173979079015226e+03 2.455370609315732800e+16
3.552507547862852334e+03 2.455540626683108000e+16
3.552841116646688988e+03 2.455711228824816400e+16
3.553174685430526097e+03 2.455882413960570000e+16
3.553508254214363205e+03 2.456054180264265200e+16
3.553841822998199859e+03 2.456226525864003200e+16
3.554175391782036968e+03 2.456399448842110400e+16
3.554508960565873622e+03 2.456572947235157600e+16
3.554842529349710730e+03 2.456747019033984800e+16
3.555176098133547839e+03 2.456921662183723200e+16
3.555509666917384038e+03 2.457096874583814400e+16
3.555843235701221147e+03 2.457272654088044400e+16
3.556176804485057801e+03 2.457448998504560800e+16
3.556510373268894909e+03 2.457625905595909600e+16
3.556843942052732018e+03 2.457803373079049600e+16
3.557177510836568672e+03 2.457981398625392000e+16
3.557511079620405781e+03 2.458159979860831600e+16
3.557844648404242434e+03 2.458339114365768400e+16
3.558178217188079543e+03 2.458518799675146400e+16
3.558511785971916652e+03 2.458699033278484800e+16
3.558845354755753306e+03 2.458879812619913600e+16
3.559178923539590414e+03 2.459061135098209600e+16
3.559512492323426613e+03 2.459242998066827600e+16
3.559846061107263722e+03 2.459425398833946400e+16
3.560179629891100831e+03 2.459608334662497600e+16
3.560513198674937485e+03 2.459791802770211200e+16
3.560846767458774593e+03 2.459975800329660400e+16
3.561180336242611247e+03 2.460160324468292800e+16
3.561513905026448356e+03 2.460345372268483200e+16
3.561847473810285464e+03 2.460530940767569200e+16
3.562181042594122118e+03 2.460717026957908000e+16
3.562514611377959227e+03 2.460903627786914000e+16
3.562848180161795881e+03 2.461090740157107200e+16
3.563181748945632989e+03 2.461278360926170000e+16
3.563515317729469643e+03 2.461466486906987200e+16
3.563848886513306297e+03 2.461655114867701600e+16
3.564182455297143406e+03 2.461844241531772000e+16
3.564516024080980060e+03 2.462033863578021600e+16
3.564849592864817168e+03 2.462223977640693600e+16
3.565183161648654277e+03 2.462414580309509600e+16
3.565516730432490931e+03 2.462605668129726800e+16
3.565850299216328040e+03 2.462797237602199200e+16
3.566183868000164694e+03 2.462989285183434000e+16
3.566517436784001802e+03 2.463181807285661200e+16
3.566851005567838911e+03 2.463374800276885600e+16
3.567184574351675110e+03 2.463568260480962800e+16
3.567518143135512219e+03 2.463762184177662800e+16
3.567851711919348872e+03 2.463956567602730400e+16
3.568185280703185981e+03 2.464151406947966000e+16
3.568518849487023090e+03 2.464346698361284000e+16
3.568852418270859744e+03 2.464542437946796400e+16
3.569185987054696852e+03 2.464738621764875200e+16
3.569519555838533506e+03 2.464935245832239200e+16
3.569853124622370615e+03 2.465132306122023200e+16
3.570186693406207723e+03 2.465329798563854400e+16
3.570520262190044377e+03 2.465527719043938400e+16
3.570853830973881486e+03 2.465726063405138400e+16
3.571187399757717685e+03 2.465924827447056000e+16
3.571520968541554794e+03 2.466124006926117600e+16
3.571854537325391902e+03 2.466323597555660800e+16
3.572188106109228556e+03 2.466523595006021600e+16
3.572521674893065665e+03 2.466723994904624800e+16
3.572855243676902319e+03 2.466924792836074400e+16
3.573188812460739427e+03 2.467125984342248000e+16
3.573522381244576536e+03 2.467327564922391600e+16
3.573855950028413190e+03 2.467529530033212800e+16
3.574189518812250299e+03 2.467731875088985600e+16
3.574523087596086953e+03 2.467934595461641600e+16
3.574856656379924061e+03 2.468137686480882800e+16
3.575190225163760715e+03 2.468341143434280000e+16
3.575523793947597369e+03 2.468544961567372000e+16
3.575857362731434478e+03 2.468749136083787600e+16
3.576190931515271132e+03 2.468953662145344000e+16
3.576524500299108240e+03 2.469158534872161200e+16
3.576858069082945349e+03 2.469363749342778800e+16
3.577191637866782003e+03 2.469569300594263600e+16
3.577525206650619111e+03 2.469775183622340800e+16
3.577858775434455765e+03 2.469981393381494000e+16
3.578192344218292874e+03 2.470187924785110000e+16
3.578525913002129982e+03 2.470394772705580800e+16
3.578859481785966182e+03 2.470601931974443200e+16
3.579193050569803290e+03 2.470809397382498800e+16
3.579526619353639944e+03 2.471017163679952400e+16
3.579860188137477053e+03 2.471225225576536000e+16
3.580193756921314161e+03 2.471433577741646400e+16
3.580527325705150815e+03 2.471642214804482400e+16
3.580860894488987924e+03 2.471851131354183600e+16
3.581194463272824578e+03 2.472060321939968000e+16
3.581528032056661687e+03 2.472269781071281200e+16
3.581861600840498795e+03 2.472479503217936800e+16
3.582195169624335449e+03 2.472689482810266800e+16
3.582528738408172558e+03 2.472899714239273600e+16
3.582862307192008757e+03 2.473110191856776800e+16
3.583195875975845865e+03 2.473320909975575200e+16
3.583529444759682974e+03 2.473531862869600000e+16
3.583863013543519628e+03 2.473743044774074400e+16
3.584196582327356737e+03 2.473954449885678400e+16
3.584530151111193391e+03 2.474166072362712800e+16
3.584863719895030499e+03 2.474377906325266400e+16
3.585197288678867608e+03 2.474589945855384000e+16
3.585530857462704262e+03 2.474802184997242000e+16
3.585864426246541370e+03 2.475014617757324400e+16
3.586197995030378024e+03 2.475227238104592800e+16
3.586531563814215133e+03 2.475440039970674000e+16
3.586865132598051787e+03 2.475653017250043200e+16
3.587198701381888441e+03 2.475866163800201600e+16
3.587532270165725549e+03 2.476079473441874800e+16
3.587865838949562203e+03 2.476292939959194400e+16
3.588199407733399312e+03 2.476506557099903200e+16
3.588532976517236420e+03 2.476720318575536000e+16
3.588866545301073074e+03 2.476934218061631600e+16
3.589200114084910183e+03 2.477148249197930400e+16
3.589533682868746837e+03 2.477362405588578400e+16
3.589867251652583946e+03 2.477576680802335200e+16
3.590200820436421054e+03 2.477791068372787600e+16
3.590534389220257253e+03 2.478005561798553600e+16
3.590867958004094362e+03 2.478220154543511600e+16
3.591201526787931016e+03 2.478434840037013200e+16
3.591535095571768125e+03 2.478649611674100800e+16
3.591868664355605233e+03 2.478864462815743200e+16
3.592202233139441887e+03 2.479079386789048800e+16
3.592535801923278996e+03 2.479294376887518400e+16
3.592869370707115650e+03 2.479509426371252400e+16
3.593202939490952758e+03 2.479724528467214000e+16
3.593536508274789867e+03 2.479939676369451600e+16
3.593870077058626521e+03 2.480154863239346400e+16
3.594203645842463629e+03 2.480370082205864800e+16
3.594537214626299829e+03 2.480585326365803200e+16
3.594870783410136937e+03 2.480800588784037600e+16
3.595204352193974046e+03 2.481015862493784800e+16
3.595537920977810700e+03 2.481231140496858000e+16
3.595871489761647808e+03 2.481446415763935200e+16
3.596205058545484462e+03 2.481661681234811600e+16
3.596538627329321571e+03 2.481876929818685600e+16
3.596872196113158680e+03 2.482092154394414400e+16
3.597205764896995333e+03 2.482307347810797600e+16
3.597539333680832442e+03 2.482522502886855200e+16
3.597872902464669096e+03 2.482737612412108800e+16
3.598206471248506205e+03 2.482952669146864000e+16
3.598540040032342858e+03 2.483167665822504400e+16
3.598873608816179512e+03 2.483382595141773200e+16
3.599207177600016621e+03 2.483597449779080400e+16
3.599540746383853275e+03 2.483812222380794000e+16
3.599874315167690384e+03 2.484026905565541200e+16
3.600207883951527492e+03 2.484241491924515200e+16
3.600541452735364146e+03 2.484455974021785600e+16
3.600875021519201255e+03 2.484670344394609600e+16
3.601208590303037909e+03 2.484884595553742400e+16
3.601542159086875017e+03 2.485098719983762400e+16
3.601875727870712126e+03 2.485312710143394000e+16
3.602209296654548325e+03 2.485526558465822400e+16
3.602542865438385434e+03 2.485740257359039200e+16
3.602876434222222088e+03 2.485953799206157600e+16
3.603210003006059196e+03 2.486167176365768800e+16
3.603543571789896305e+03 2.486380381172257600e+16
3.603877140573732959e+03 2.486593405936168000e+16
3.604210709357570067e+03 2.486806242944537600e+16
3.604544278141406721e+03 2.487018884461244800e+16
3.604877846925243830e+03 2.487231322727375600e+16
3.605211415709080939e+03 2.487443549961565600e+16
3.605544984492917592e+03 2.487655558360374000e+16
3.605878553276754701e+03 2.487867340098641200e+16
3.606212122060590900e+03 2.488078887329852400e+16
3.606545690844428009e+03 2.488290192186521200e+16
3.606879259628265117e+03 2.488501246780551200e+16
3.607212828412101771e+03 2.488712043203626400e+16
3.607546397195938880e+03 2.488922573527580000e+16
3.607879965979775534e+03 2.489132829804792800e+16
3.608213534763612643e+03 2.489342804068577600e+16
3.608547103547449751e+03 2.489552488333565600e+16
3.608880672331286405e+03 2.489761874596112000e+16
3.609214241115123514e+03 2.489970954834695600e+16
3.609547809898960168e+03 2.490179721010309600e+16
3.609881378682797276e+03 2.490388165066884400e+16
3.610214947466633930e+03 2.490596278931687200e+16
3.610548516250470584e+03 2.490804054515742800e+16
3.610882085034307693e+03 2.491011483714244800e+16
3.611215653818144347e+03 2.491218558406982400e+16
3.611549222601981455e+03 2.491425270458762400e+16
3.611882791385818564e+03 2.491631611719835600e+16
3.612216360169655218e+03 2.491837574026332400e+16
3.612549928953492326e+03 2.492043149200694400e+16
3.612883497737328980e+03 2.492248329052111600e+16
3.613217066521166089e+03 2.492453105376972800e+16
3.613550635305003198e+03 2.492657469959300800e+16
3.613884204088839397e+03 2.492861414571208400e+16
3.614217772872676505e+03 2.493064930973348400e+16
3.614551341656513159e+03 2.493268010915368800e+16
3.614884910440350268e+03 2.493470646136374400e+16
3.615218479224187377e+03 2.493672828365386400e+16
3.615552048008024030e+03 2.493874549321812800e+16
3.615885616791861139e+03 2.494075800715910400e+16
3.616219185575697793e+03 2.494276574249270400e+16
3.616552754359534902e+03 2.494476861615280800e+16
3.616886323143372010e+03 2.494676654499617200e+16
3.617219891927208664e+03 2.494875944580716000e+16
3.617553460711045773e+03 2.495074723530271200e+16
3.617887029494881972e+03 2.495272983013709600e+16
3.618220598278719081e+03 2.495470714690700400e+16
3.618554167062556189e+03 2.495667910215639200e+16
3.618887735846392843e+03 2.495864561238150400e+16
3.619221304630229952e+03 2.496060659403590400e+16
3.619554873414066606e+03 2.496256196353554400e+16
3.619888442197903714e+03 2.496451163726382000e+16
3.620222010981740823e+03 2.496645553157671200e+16
3.620555579765577477e+03 2.496839356280789200e+16
3.620889148549414585e+03 2.497032564727397600e+16
3.621222717333251239e+03 2.497225170127966400e+16
3.621556286117088348e+03 2.497417164112305600e+16
3.621889854900925002e+03 2.497608538310082000e+16
3.622223423684761656e+03 2.497799284351356800e+16
3.622556992468598764e+03 2.497989393867117600e+16
3.622890561252435418e+03 2.498178858489810400e+16
3.623224130036272527e+03 2.498367669853882400e+16
3.623557698820109636e+03 2.498555819596317200e+16
3.623891267603946289e+03 2.498743299357187200e+16
3.624224836387783398e+03 2.498930100780196800e+16
3.624558405171620052e+03 2.499116215513227200e+16
3.624891973955457161e+03 2.499301635208895200e+16
3.625225542739294269e+03 2.499486351525106400e+16
3.625559111523130468e+03 2.499670356125610400e+16
3.625892680306967577e+03 2.499853640680560000e+16
3.626226249090804231e+03 2.500036196867083600e+16
3.626559817874641340e+03 2.500218016369832400e+16
3.626893386658478448e+03 2.500399090881565600e+16
3.627226955442315102e+03 2.500579412103707200e+16
3.627560524226152211e+03 2.500758971746928800e+16
3.627894093009988865e+03 2.500937761531711200e+16
3.628227661793825973e+03 2.501115773188935200e+16
3.628561230577663082e+03 2.501292998460448400e+16
3.628894799361499736e+03 2.501469429099654000e+16
3.629228368145336844e+03 2.501645056872090400e+16
3.629561936929173044e+03 2.501819873556016000e+16
3.629895505713010152e+03 2.501993870942999600e+16
3.630229074496847261e+03 2.502167040838506800e+16
3.630562643280683915e+03 2.502339375062488000e+16
3.630896212064521023e+03 2.502510865449980800e+16
3.631229780848357677e+03 2.502681503851690400e+16
3.631563349632194786e+03 2.502851282134604000e+16
3.631896918416031895e+03 2.503020192182568800e+16
3.632230487199868548e+03 2.503188225896908400e+16
3.632564055983705657e+03 2.503355375197016800e+16
3.632897624767542311e+03 2.503521632020960800e+16
3.633231193551379420e+03 2.503686988326084000e+16
3.633564762335216074e+03 2.503851436089614800e+16
3.633898331119052727e+03 2.504014967309274400e+16
3.634231899902889836e+03 2.504177574003880000e+16
3.634565468686726490e+03 2.504339248213957600e+16
3.634899037470563599e+03 2.504499982002356000e+16
3.635232606254400707e+03 2.504659767454849600e+16
3.635566175038237361e+03 2.504818596680756800e+16
3.635899743822074470e+03 2.504976461813560800e+16
3.636233312605911124e+03 2.505133355011505200e+16
3.636566881389748232e+03 2.505289268458230400e+16
3.636900450173585341e+03 2.505444194363377600e+16
3.637234018957421540e+03 2.505598124963206000e+16
3.637567587741258649e+03 2.505751052521215600e+16
3.637901156525095303e+03 2.505902969328765600e+16
3.638234725308932411e+03 2.506053867705684000e+16
3.638568294092769520e+03 2.506203740000896800e+16
3.638901862876606174e+03 2.506352578593041600e+16
3.639235431660443282e+03 2.506500375891092400e+16
3.639569000444279936e+03 2.506647124334973600e+16
3.639902569228117045e+03 2.506792816396186000e+16
3.640236138011954154e+03 2.506937444578420000e+16
3.640569706795790808e+03 2.507081001418183200e+16
3.640903275579627916e+03 2.507223479485415200e+16
3.641236844363464115e+03 2.507364871384111200e+16
3.641570413147301224e+03 2.507505169752939200e+16
3.641903981931138333e+03 2.507644367265859200e+16
3.642237550714974986e+03 2.507782456632746400e+16
3.642571119498812095e+03 2.507919430600005200e+16
3.642904688282648749e+03 2.508055281951187600e+16
3.643238257066485858e+03 2.508190003507615600e+16
3.643571825850322966e+03 2.508323588128991200e+16
3.643905394634159620e+03 2.508456028714017600e+16
3.644238963417996729e+03 2.508587318201012800e+16
3.644572532201833383e+03 2.508717449568524000e+16
3.644906100985670491e+03 2.508846415835942400e+16
3.645239669769507145e+03 2.508974210064111200e+16
3.645573238553343799e+03 2.509100825355938800e+16
3.645906807337180908e+03 2.509226254857016800e+16
3.646240376121017562e+03 2.509350491756208800e+16
3.646573944904854670e+03 2.509473529286283200e+16
3.646907513688691779e+03 2.509595360724497200e+16
3.647241082472528433e+03 2.509715979393211600e+16
3.647574651256365541e+03 2.509835378660494400e+16
3.647908220040202195e+03 2.509953551940713600e+16
3.648241788824039304e+03 2.510070492695145200e+16
3.648575357607876413e+03 2.510186194432566400e+16
3.648908926391712612e+03 2.510300650709843200e+16
3.649242495175549720e+03 2.510413855132543200e+16
3.649576063959386374e+03 2.510525801355504800e+16
3.649909632743223483e+03 2.510636483083438400e+16
3.650243201527060592e+03 2.510745894071511600e+16
3.650576770310897246e+03 2.510854028125928000e+16
3.650910339094734354e+03 2.510960879104518000e+16
3.651243907878571008e+03 2.511066440917308000e+16
3.651577476662408117e+03 2.511170707527102800e+16
3.651911045446245225e+03 2.511273672950056000e+16
3.652244614230081879e+03 2.511375331256244800e+16
3.652578183013918988e+03 2.511475676570234400e+16
3.652911751797755187e+03 2.511574703071645200e+16
3.653245320581592296e+03 2.511672404995716000e+16
3.653578889365429404e+03 2.511768776633858800e+16
3.653912458149266058e+03 2.511863812334215600e+16
3.654246026933103167e+03 2.511957506502214400e+16
3.654579595716939821e+03 2.512049853601114400e+16
3.654913164500776929e+03 2.512140848152552800e+16
3.655246733284614038e+03 2.512230484737089200e+16
3.655580302068450692e+03 2.512318757994735200e+16
3.655913870852287801e+03 2.512405662625503600e+16
3.656247439636124454e+03 2.512491193389924000e+16
3.656581008419961563e+03 2.512575345109579200e+16
3.656914577203798217e+03 2.512658112667627200e+16
3.657248145987634871e+03 2.512739491009315200e+16
3.657581714771471979e+03 2.512819475142500400e+16
3.657915283555308633e+03 2.512898060138156400e+16
3.658248852339145742e+03 2.512975241130881600e+16
3.658582421122982851e+03 2.513051013319402000e+16
3.658915989906819505e+03 2.513125371967063600e+16
3.659249558690656613e+03 2.513198312402332000e+16
3.659583127474493267e+03 2.513269830019278400e+16
3.659916696258330376e+03 2.513339920278058800e+16
3.660250265042167484e+03 2.513408578705402000e+16
3.660583833826003683e+03 2.513475800895074400e+16
3.660917402609840792e+03 2.513541582508357600e+16
3.661250971393677446e+03 2.513605919274503200e+16
3.661584540177514555e+03 2.513668806991199600e+16
3.661918108961351663e+03 2.513730241525024800e+16
3.662251677745188317e+03 2.513790218811891200e+16
3.662585246529025426e+03 2.513848734857494400e+16
3.662918815312862080e+03 2.513905785737744800e+16
3.663252384096699188e+03 2.513961367599210400e+16
3.663585952880536297e+03 2.514015476659531200e+16
3.663919521664372951e+03 2.514068109207850000e+16
3.664253090448210060e+03 2.514119261605224800e+16
3.664586659232046259e+03 2.514168930285041200e+16
3.664920228015883367e+03 2.514217111753415200e+16
3.665253796799720476e+03 2.514263802589590000e+16
3.665587365583557130e+03 2.514308999446333600e+16
3.665920934367394239e+03 2.514352699050320800e+16
3.666254503151230892e+03 2.514394898202515200e+16
3.666588071935068001e+03 2.514435593778544800e+16
3.666921640718905110e+03 2.514474782729070000e+16
3.667255209502741764e+03 2.514512462080141200e+16
3.667588778286578872e+03 2.514548628933564000e+16
3.667922347070415526e+03 2.514583280467240800e+16
3.668255915854252635e+03 2.514616413935513600e+16
3.668589484638089289e+03 2.514648026669506400e+16
3.668923053421925943e+03 2.514678116077448000e+16
3.669256622205763051e+03 2.514706679645001600e+16
3.669590190989599705e+03 2.514733714935573600e+16
3.669923759773436814e+03 2.514759219590633200e+16
3.670257328557273922e+03 2.514783191330007200e+16
3.670590897341110576e+03 2.514805627952180800e+16
3.670924466124947685e+03 2.514826527334585600e+16
3.671258034908784339e+03 2.514845887433881600e+16
3.671591603692621447e+03 2.514863706286236000e+16
3.671925172476457647e+03 2.514879982007578400e+16
3.672258741260294755e+03 2.514894712793884000e+16
3.672592310044131864e+03 2.514907896921412000e+16
3.672925878827968518e+03 2.514919532746953200e+16
3.673259447611805626e+03 2.514929618708076800e+16
3.673593016395642280e+03 2.514938153323358800e+16
3.673926585179479389e+03 2.514945135192605600e+16
3.674260153963316498e+03 2.514950562997076800e+16
3.674593722747153151e+03 2.514954435499688000e+16
3.674927291530990260e+03 2.514956751545222800e+16
3.675260860314826914e+03 2.514957510060520800e+16
3.675594429098664023e+03 2.514956710054671200e+16
3.675927997882501131e+03 2.514954350619191200e+16
3.676261566666337330e+03 2.514950430928191200e+16
3.676595135450174439e+03 2.514944950238559200e+16
3.676928704234011093e+03 2.514937907890097200e+16
3.677262273017848202e+03 2.514929303305683200e+16
3.677595841801685310e+03 2.514919135991413600e+16
3.677929410585521964e+03 2.514907405536730400e+16
3.678262979369359073e+03 2.514894111614555600e+16
3.678596548153195727e+03 2.514879253981409200e+16
3.678930116937032835e+03 2.514862832477514400e+16
3.679263685720869944e+03 2.514844847026908000e+16
3.679597254504706598e+03 2.514825297637530400e+16
3.679930823288543706e+03 2.514804184401319600e+16
3.680264392072379906e+03 2.514781507494285200e+16
3.680597960856217014e+03 2.514757267176582400e+16
3.680931529640054123e+03 2.514731463792579200e+16
3.681265098423890777e+03 2.514704097770904800e+16
3.681598667207727885e+03 2.514675169624508000e+16
3.681932235991564539e+03 2.514644679950688800e+16
3.682265804775401648e+03 2.514612629431134800e+16
3.682599373559238757e+03 2.514579018831944000e+16
3.682932942343075410e+03 2.514543849003641200e+16
3.683266511126912519e+03 2.514507120881189600e+16
3.683600079910748718e+03 2.514468835483985600e+16
3.683933648694585827e+03 2.514428993915858400e+16
3.684267217478422936e+03 2.514387597365045200e+16
3.684600786262259589e+03 2.514344647104174400e+16
3.684934355046096698e+03 2.514300144490231600e+16
3.685267923829933352e+03 2.514254090964523200e+16
3.685601492613770461e+03 2.514206488052624800e+16
3.685935061397607569e+03 2.514157337364325200e+16
3.686268630181444223e+03 2.514106640593568800e+16
3.686602198965281332e+03 2.514054399518378400e+16
3.686935767749117986e+03 2.514000616000777600e+16
3.687269336532955094e+03 2.513945291986704000e+16
3.687602905316792203e+03 2.513888429505915200e+16
3.687936474100628402e+03 2.513830030671880400e+16
3.688270042884465511e+03 2.513770097681680000e+16
3.688603611668302165e+03 2.513708632815872800e+16
3.688937180452139273e+03 2.513645638438382000e+16
3.689270749235976382e+03 2.513581116996352400e+16
3.689604318019813036e+03 2.513515071020012000e+16
3.689937886803650144e+03 2.513447503122519600e+16
3.690271455587486798e+03 2.513378415999806400e+16
3.690605024371323907e+03 2.513307812430416800e+16
3.690938593155161016e+03 2.513235695275324000e+16
3.691272161938997669e+03 2.513162067477759200e+16
3.691605730722834778e+03 2.513086932063016800e+16
3.691939299506670977e+03 2.513010292138260400e+16
3.692272868290508086e+03 2.512932150892317600e+16
3.692606437074345195e+03 2.512852511595469600e+16
3.692940005858181848e+03 2.512771377599229600e+16
3.693273574642018957e+03 2.512688752336122400e+16
3.693607143425855611e+03 2.512604639319440800e+16
3.693940712209692720e+03 2.512519042143015200e+16
3.694274280993529828e+03 2.512431964480954400e+16
3.694607849777366482e+03 2.512343410087397600e+16
3.694941418561203591e+03 2.512253382796245600e+16
3.695274987345039790e+03 2.512161886520890400e+16
3.695608556128876899e+03 2.512068925253943600e+16
3.695942124912714007e+03 2.511974503066943200e+16
3.696275693696550661e+03 2.511878624110062800e+16
3.696609262480387770e+03 2.511781292611819200e+16
3.696942831264224424e+03 2.511682512878756000e+16
3.697276400048061532e+03 2.511582289295143200e+16
3.697609968831898641e+03 2.511480626322640000e+16
3.697943537615735295e+03 2.511377528499980000e+16
3.698277106399572403e+03 2.511273000442637600e+16
3.698610675183409057e+03 2.511167046842480800e+16
3.698944243967246166e+03 2.511059672467430800e+16
3.699277812751083275e+03 2.510950882161098800e+16
3.699611381534919474e+03 2.510840680842434400e+16
3.699944950318756582e+03 2.510729073505353600e+16
3.700278519102593236e+03 2.510616065218368000e+16
3.700612087886430345e+03 2.510501661124202400e+16
3.700945656670267454e+03 2.510385866439410000e+16
3.701279225454104107e+03 2.510268686453976800e+16
3.701612794237941216e+03 2.510150126530930400e+16
3.701946363021777870e+03 2.510030192105923200e+16
3.702279931805614979e+03 2.509908888686834000e+16
3.702613500589452087e+03 2.509786221853339600e+16
3.702947069373288741e+03 2.509662197256497200e+16
3.703280638157125850e+03 2.509536820618317600e+16
3.703614206940962049e+03 2.509410097731324800e+16
3.703947775724799158e+03 2.509282034458123600e+16
3.704281344508636266e+03 2.509152636730939200e+16
3.704614913292472920e+03 2.509021910551180800e+16
3.704948482076310029e+03 2.508889861988976000e+16
3.705282050860146683e+03 2.508756497182708800e+16
3.705615619643983791e+03 2.508621822338550400e+16
3.705949188427820900e+03 2.508485843729988800e+16
3.706282757211657554e+03 2.508348567697348800e+16
3.706616325995494662e+03 2.508210000647305600e+16
3.706949894779330862e+03 2.508070149052398000e+16
3.707283463563167970e+03 2.507929019450534000e+16
3.707617032347005079e+03 2.507786618444490800e+16
3.707950601130841733e+03 2.507642952701412800e+16
3.708284169914678841e+03 2.507498028952297200e+16
3.708617738698515495e+03 2.507351853991489200e+16
3.708951307482352604e+03 2.507204434676160400e+16
3.709284876266189713e+03 2.507055777925780000e+16
3.709618445050026367e+03 2.506905890721595600e+16
3.709952013833863475e+03 2.506754780106102000e+16
3.710285582617700129e+03 2.506602453182495200e+16
3.710619151401537238e+03 2.506448917114148000e+16
3.710952720185374346e+03 2.506294179124052400e+16
3.711286288969210545e+03 2.506138246494275600e+16
3.711619857753047654e+03 2.505981126565412400e+16
3.711953426536884308e+03 2.505822826736023200e+16
3.712286995320721417e+03 2.505663354462076000e+16
3.712620564104558525e+03 2.505502717256383200e+16
3.712954132888395179e+03 2.505340922688034400e+16
3.713287701672232288e+03 2.505177978381824000e+16
3.713621270456068942e+03 2.505013892017680000e+16
3.713954839239906050e+03 2.504848671330085600e+16
3.714288408023743159e+03 2.504682324107491600e+16
3.714621976807579813e+03 2.504514858191741600e+16
3.714955545591416922e+03 2.504346281477480800e+16
3.715289114375253121e+03 2.504176601911563600e+16
3.715622683159090229e+03 2.504005827492461600e+16
3.715956251942927338e+03 2.503833966269670400e+16
3.716289820726763992e+03 2.503661026343104800e+16
3.716623389510601100e+03 2.503487015862501600e+16
3.716956958294437754e+03 2.503311943026812800e+16
3.717290527078274863e+03 2.503135816083600400e+16
3.717624095862111972e+03 2.502958643328425200e+16
3.717957664645948626e+03 2.502780433104238000e+16
3.718291233429785734e+03 2.502601193800757200e+16
3.718624802213621933e+03 2.502420933853865600e+16
3.718958370997459042e+03 2.502239661744983600e+16
3.719291939781296151e+03 2.502057386000449600e+16
3.719625508565132805e+03 2.501874115190895200e+16
3.719959077348969913e+03 2.501689857930632400e+16
3.720292646132806567e+03 2.501504622877011600e+16
3.720626214916643676e+03 2.501318418729806400e+16
3.720959783700480784e+03 2.501131254230576800e+16
3.721293352484317438e+03 2.500943138162044400e+16
3.721626921268154547e+03 2.500754079347456800e+16
3.721960490051991201e+03 2.500564086649953600e+16
3.722294058835828309e+03 2.500373168971933600e+16
3.722627627619665418e+03 2.500181335254415200e+16
3.722961196403501617e+03 2.499988594476402800e+16
3.723294765187338726e+03 2.499794955654250800e+16
3.723628333971175380e+03 2.499600427841017600e+16
3.723961902755012488e+03 2.499405020125830800e+16
3.724295471538849597e+03 2.499208741633246400e+16
3.724629040322686251e+03 2.499011601522601600e+16
3.724962609106523360e+03 2.498813608987382400e+16
3.725296177890360013e+03 2.498614773254575600e+16
3.725629746674197122e+03 2.498415103584024000e+16
3.725963315458034231e+03 2.498214609267784400e+16
3.726296884241870885e+03 2.498013299629487200e+16
3.726630453025707993e+03 2.497811184023688400e+16
3.726964021809544192e+03 2.497608271835226400e+16
3.727297590593381301e+03 2.497404572478583200e+16
3.727631159377218410e+03 2.497200095397230400e+16
3.727964728161055064e+03 2.496994850062992800e+16
3.728298296944892172e+03 2.496788845975401600e+16
3.728631865728728826e+03 2.496582092661054400e+16
3.728965434512565935e+03 2.496374599672965600e+16
3.729299003296403043e+03 2.496166376589928800e+16
3.729632572080239697e+03 2.495957433015870400e+16
3.729966140864076806e+03 2.495747778579213600e+16
3.730299709647913005e+03 2.495537422932230400e+16
3.730633278431750114e+03 2.495326375750406400e+16
3.730966847215587222e+03 2.495114646731795200e+16
3.731300415999423876e+03 2.494902245596384800e+16
3.731633984783260985e+03 2.494689182085458800e+16
3.731967553567097639e+03 2.494475465960952800e+16
3.732301122350934747e+03 2.494261107004830400e+16
3.732634691134771856e+03 2.494046115018436800e+16
3.732968259918608510e+03 2.493830499821866800e+16
3.733301828702445619e+03 2.493614271253340800e+16
3.733635397486282272e+03 2.493397439168558400e+16
3.733968966270119381e+03 2.493180013440085600e+16
3.734302535053956490e+03 2.492962003956710800e+16
3.734636103837792689e+03 2.492743420622828800e+16
3.734969672621629798e+03 2.492524273357809600e+16
3.735303241405466451e+03 2.492304572095373200e+16
3.735636810189303560e+03 2.492084326782974800e+16
3.735970378973140669e+03 2.491863547381174400e+16
3.736303947756977323e+03 2.491642243863026400e+16
3.736637516540814431e+03 2.491420426213454000e+16
3.736971085324651085e+03 2.491198104428642400e+16
3.737304654108488194e+03 2.490975288515427200e+16
3.737638222892325302e+03 2.490751988490670000e+16
3.737971791676161956e+03 2.490528214380662800e+16
3.738305360459999065e+03 2.490303976220516000e+16
3.738638929243835264e+03 2.490079284053553600e+16
3.738972498027672373e+03 2.489854147930711200e+16
3.739306066811509481e+03 2.489628577909936000e+16
3.739639635595346135e+03 2.489402584055588800e+16
3.739973204379183244e+03 2.489176176437850000e+16
3.740306773163019898e+03 2.488949365132120800e+16
3.740640341946857006e+03 2.488722160218443200e+16
3.740973910730694115e+03 2.488494571780901600e+16
3.741307479514530769e+03 2.488266609907042400e+16
3.741641048298367878e+03 2.488038284687291200e+16
3.741974617082204077e+03 2.487809606214370400e+16
3.742308185866041185e+03 2.487580584582726400e+16
3.742641754649878294e+03 2.487351229887948400e+16
3.742975323433714948e+03 2.487121552226200800e+16
3.743308892217552057e+03 2.486891561693656000e+16
3.743642461001388710e+03 2.486661268385921600e+16
3.743976029785225819e+03 2.486430682397485600e+16
3.744309598569062928e+03 2.486199813821147600e+16
3.744643167352899582e+03 2.485968672747465600e+16
3.744976736136736690e+03 2.485737269264208400e+16
3.745310304920573344e+03 2.485505613455788800e+16
3.745643873704410453e+03 2.485273715402733600e+16
3.745977442488247561e+03 2.485041585181122400e+16
3.746311011272083761e+03 2.484809232862058400e+16
3.746644580055920869e+03 2.484576668511121600e+16
3.746978148839757523e+03 2.484343902187836800e+16
3.747311717623594632e+03 2.484110943945144800e+16
3.747645286407431740e+03 2.483877803828868800e+16
3.747978855191268394e+03 2.483644491877189600e+16
3.748312423975105503e+03 2.483411018120126000e+16
3.748645992758942157e+03 2.483177392579014400e+16
3.748979561542779265e+03 2.482943625265994400e+16
3.749313130326616374e+03 2.482709726183498400e+16
3.749646699110453028e+03 2.482475705323735200e+16
3.749980267894290137e+03 2.482241572668202400e+16
3.750313836678126336e+03 2.482007338187166400e+16
3.750647405461963444e+03 2.481773011839176800e+16
3.750980974245800553e+03 2.481538603570567200e+16
3.751314543029637207e+03 2.481304123314965600e+16
3.751648111813474316e+03 2.481069580992805600e+16
3.751981680597310969e+03 2.480834986510847600e+16
3.752315249381148078e+03 2.480600349761697600e+16
3.752648818164985187e+03 2.480365680623327200e+16
3.752982386948821841e+03 2.480130988958605200e+16
3.753315955732658949e+03 2.479896284614828800e+16
3.753649524516495148e+03 2.479661577423256800e+16
3.753983093300332257e+03 2.479426877198648800e+16
3.754316662084169366e+03 2.479192193738809200e+16
3.754650230868006020e+03 2.478957536824130000e+16
3.754983799651843128e+03 2.478722916217148800e+16
3.755317368435679782e+03 2.478488341662089200e+16
3.755650937219516891e+03 2.478253822884432800e+16
3.755984506003353999e+03 2.478019369590471600e+16
3.756318074787190653e+03 2.477784991466873600e+16
3.756651643571027762e+03 2.477550698180256800e+16
3.756985212354864416e+03 2.477316499376755600e+16
3.757318781138701524e+03 2.477082404681604000e+16
3.757652349922538633e+03 2.476848423698711200e+16
3.757985918706374832e+03 2.476614566010246800e+16
3.758319487490211941e+03 2.476380841176231200e+16
3.758653056274048595e+03 2.476147258734124000e+16
3.758986625057885703e+03 2.475913828198424000e+16
3.759320193841722812e+03 2.475680559060266800e+16
3.759653762625559466e+03 2.475447460787027200e+16
3.759987331409396575e+03 2.475214542821925600e+16
3.760320900193233228e+03 2.474981814583645200e+16
3.760654468977070337e+03 2.474749285465944800e+16
3.760988037760907446e+03 2.474516964837269200e+16
3.761321606544744100e+03 2.474284862040386400e+16
3.761655175328581208e+03 2.474052986392006800e+16
3.761988744112417407e+03 2.473821347182408800e+16
3.762322312896254516e+03 2.473589953675083200e+16
3.762655881680091625e+03 2.473358815106366400e+16
3.762989450463928279e+03 2.473127940685080000e+16
3.763323019247765387e+03 2.472897339592184800e+16
3.763656588031602041e+03 2.472667020980422400e+16
3.763990156815439150e+03 2.472436993973972400e+16
3.764323725599276258e+03 2.472207267668110800e+16
3.764657294383112912e+03 2.471977851128868400e+16
3.764990863166950021e+03 2.471748753392698000e+16
3.765324431950786220e+03 2.471519983466142400e+16
3.765658000734623329e+03 2.471291550325510400e+16
3.765991569518460437e+03 2.471063462916545600e+16
3.766325138302297091e+03 2.470835730154113200e+16
3.766658707086134200e+03 2.470608360921884000e+16
3.766992275869970854e+03 2.470381364072019200e+16
3.767325844653807962e+03 2.470154748424860000e+16
3.767659413437645071e+03 2.469928522768629600e+16
3.767992982221481725e+03 2.469702695859125600e+16
3.768326551005318834e+03 2.469477276419427200e+16
3.768660119789155488e+03 2.469252273139599600e+16
3.768993688572992596e+03 2.469027694676401600e+16
3.769327257356829705e+03 2.468803549653004800e+16
3.769660826140665904e+03 2.468579846658702800e+16
3.769994394924503013e+03 2.468356594248642800e+16
3.770327963708339666e+03 2.468133800943539200e+16
3.770661532492176775e+03 2.467911475229412800e+16
3.770995101276013884e+03 2.467689625557310400e+16
3.771328670059850538e+03 2.467468260343049600e+16
3.771662238843687646e+03 2.467247387966956000e+16
3.771995807627524300e+03 2.467027016773600800e+16
3.772329376411361409e+03 2.466807155071551600e+16
3.772662945195198517e+03 2.466587811133119200e+16
3.772996513979035171e+03 2.466368993194112800e+16
3.773330082762871825e+03 2.466150709453592800e+16
3.773663651546708479e+03 2.465932968073635200e+16
3.773997220330545588e+03 2.465715777179092800e+16
3.774330789114382696e+03 2.465499144857356800e+16
3.774664357898219350e+03 2.465283079158138400e+16
3.774997926682056459e+03 2.465067588093229600e+16
3.775331495465893113e+03 2.464852679636286400e+16
3.775665064249730221e+03 2.464638361722612800e+16
3.775998633033567330e+03 2.464424642248932400e+16
3.776332201817403984e+03 2.464211529073185600e+16
3.776665770601241093e+03 2.463999030014316800e+16
3.776999339385077292e+03 2.463787152852065600e+16
3.777332908168914400e+03 2.463575905326762400e+16
3.777666476952751509e+03 2.463365295139133600e+16
3.778000045736588163e+03 2.463155329950096000e+16
3.778333614520425272e+03 2.462946017380568800e+16
3.778667183304261926e+03 2.462737365011280000e+16
3.779000752088099034e+03 2.462529380382582800e+16
3.779334320871936143e+03 2.462322070994264000e+16
3.779667889655772797e+03 2.462115444305364800e+16
3.780001458439609905e+03 2.461909507734005600e+16
3.780335027223446559e+03 2.461704268657204000e+16
3.780668596007283668e+03 2.461499734410708000e+16
3.781002164791120776e+03 2.461295912288824000e+16
3.781335733574956976e+03 2.461092809544244000e+16
3.781669302358794084e+03 2.460890433387895200e+16
3.782002871142630738e+03 2.460688790988764000e+16
3.782336439926467847e+03 2.460487889473751200e+16
3.782670008710304955e+03 2.460287735927501600e+16
3.783003577494141609e+03 2.460088337392266400e+16
3.783337146277978718e+03 2.459889700867745600e+16
3.783670715061815372e+03 2.459691833310939200e+16
3.784004283845652481e+03 2.459494741636011200e+16
3.784337852629489589e+03 2.459298432714139200e+16
3.784671421413326243e+03 2.459102913373376800e+16
3.785004990197162897e+03 2.458908190398527200e+16
3.785338558980999551e+03 2.458714270530991200e+16
3.785672127764836659e+03 2.458521160468659200e+16
3.786005696548673768e+03 2.458328866865761600e+16
3.786339265332510422e+03 2.458137396332753600e+16
3.786672834116347531e+03 2.457946755436193600e+16
3.787006402900184185e+03 2.457756950698616000e+16
3.787339971684021293e+03 2.457567988598417600e+16
3.787673540467858402e+03 2.457379875569738400e+16
3.788007109251695056e+03 2.457192618002351200e+16
3.788340678035532164e+03 2.457006222241548400e+16
3.788674246819368364e+03 2.456820694588031200e+16
3.789007815603205472e+03 2.456636041297812000e+16
3.789341384387042581e+03 2.456452268582101600e+16
3.789674953170879235e+03 2.456269382607207200e+16
3.790008521954716343e+03 2.456087389494441200e+16
3.790342090738552997e+03 2.455906295320016000e+16
3.790675659522390106e+03 2.455726106114953600e+16
3.791009228306227214e+03 2.455546827864990800e+16
3.791342797090063868e+03 2.455368466510484800e+16
3.791676365873900977e+03 2.455191027946338800e+16
3.792009934657737631e+03 2.455014518021896000e+16
3.792343503441574740e+03 2.454838942540871200e+16
3.792677072225411848e+03 2.454664307261264000e+16
3.793010641009248047e+03 2.454490617895267600e+16
3.793344209793085156e+03 2.454317880109212000e+16
3.793677778576921810e+03 2.454146099523471200e+16
3.794011347360758919e+03 2.453975281712396000e+16
3.794344916144596027e+03 2.453805432204238000e+16
3.794678484928432681e+03 2.453636556481081600e+16
3.795012053712269790e+03 2.453468659978781600e+16
3.795345622496106444e+03 2.453301748086883200e+16
3.795679191279943552e+03 2.453135826148567200e+16
3.796012760063780661e+03 2.452970899460587200e+16
3.796346328847617315e+03 2.452806973273202400e+16
3.796679897631453969e+03 2.452644052790126800e+16
3.797013466415290623e+03 2.452482143168462400e+16
3.797347035199127731e+03 2.452321249518653600e+16
3.797680603982964840e+03 2.452161376904424800e+16
3.798014172766801494e+03 2.452002530342728800e+16
3.798347741550638602e+03 2.451844714803702800e+16
3.798681310334475256e+03 2.451687935210611200e+16
3.799014879118312365e+03 2.451532196439806800e+16
3.799348447902149474e+03 2.451377503320674400e+16
3.799682016685986127e+03 2.451223860635593200e+16
3.800015585469823236e+03 2.451071273119898000e+16
3.800349154253659435e+03 2.450919745461826000e+16
3.800682723037496544e+03 2.450769282302487200e+16
3.801016291821333652e+03 2.450619888235824800e+16
3.801349860605170306e+03 2.450471567808572800e+16
3.801683429389007415e+03 2.450324325520228000e+16
3.802016998172844069e+03 2.450178165823008800e+16
3.802350566956681178e+03 2.450033093121830400e+16
3.802684135740518286e+03 2.449889111774266400e+16
3.803017704524354940e+03 2.449746226090523200e+16
3.803351273308192049e+03 2.449604440333410400e+16
3.803684842092028703e+03 2.449463758718314400e+16
3.804018410875865811e+03 2.449324185413170400e+16
3.804351979659702920e+03 2.449185724538442400e+16
3.804685548443539119e+03 2.449048380167092400e+16
3.805019117227376228e+03 2.448912156324564000e+16
3.805352686011212882e+03 2.448777056988763200e+16
3.805686254795049990e+03 2.448643086090030800e+16
3.806019823578887099e+03 2.448510247511132000e+16
3.806353392362723753e+03 2.448378545087232800e+16
3.806686961146560861e+03 2.448247982605889600e+16
3.807020529930397515e+03 2.448118563807029600e+16
3.807354098714234624e+03 2.447990292382937600e+16
3.807687667498071733e+03 2.447863171978246000e+16
3.808021236281908386e+03 2.447737206189917600e+16
3.808354805065745040e+03 2.447612398567240000e+16
3.808688373849581694e+03 2.447488752611812400e+16
3.809021942633418803e+03 2.447366271777541600e+16
3.809355511417255912e+03 2.447244959470625600e+16
3.809689080201092565e+03 2.447124819049554000e+16
3.810022648984929674e+03 2.447005853825104400e+16
3.810356217768766328e+03 2.446888067060326000e+16
3.810689786552603437e+03 2.446771461970551200e+16
3.811023355336440545e+03 2.446656041723376800e+16
3.811356924120277199e+03 2.446541809438675600e+16
3.811690492904114308e+03 2.446428768188585600e+16
3.812024061687950507e+03 2.446316920997516400e+16
3.812357630471787616e+03 2.446206270842146400e+16
3.812691199255624724e+03 2.446096820651422800e+16
3.813024768039461378e+03 2.445988573306565600e+16
3.813358336823298487e+03 2.445881531641074400e+16
3.813691905607135141e+03 2.445775698440727200e+16
3.814025474390972249e+03 2.445671076443584000e+16
3.814359043174809358e+03 2.445567668339998800e+16
3.814692611958646012e+03 2.445465476772619600e+16
3.815026180742483120e+03 2.445364504336402800e+16
3.815359749526319774e+03 2.445264753578608800e+16
3.815693318310156883e+03 2.445166226998826000e+16
3.816026887093993992e+03 2.445068927048965200e+16
3.816360455877830191e+03 2.444972856133281600e+16
3.816694024661667299e+03 2.444878016608377600e+16
3.817027593445503953e+03 2.444784410783217200e+16
3.817361162229341062e+03 2.444692040919141600e+16
3.817694731013178171e+03 2.444600909229874400e+16
3.818028299797014824e+03 2.444511017881540800e+16
3.818361868580851933e+03 2.444422368992680400e+16
3.818695437364688587e+03 2.444334964634261200e+16
3.819029006148525696e+03 2.444248806829696800e+16
3.819362574932362804e+03 2.444163897554859200e+16
3.819696143716199458e+03 2.444080238738097600e+16
3.820029712500036112e+03 2.443997832260257600e+16
3.820363281283872766e+03 2.443916679954696800e+16
3.820696850067709875e+03 2.443836783607304400e+16
3.821030418851546983e+03 2.443758144956517200e+16
3.821363987635383637e+03 2.443680765693344800e+16
3.821697556419220746e+03 2.443604647461386000e+16
3.822031125203057400e+03 2.443529791856849600e+16
3.822364693986894508e+03 2.443456200428579600e+16
3.822698262770731617e+03 2.443383874678074400e+16
3.823031831554568271e+03 2.443312816059509600e+16
3.823365400338405379e+03 2.443243025979761600e+16
3.823698969122241579e+03 2.443174505798431200e+16
3.824032537906078687e+03 2.443107256827869600e+16
3.824366106689915796e+03 2.443041280333198400e+16
3.824699675473752450e+03 2.442976577532342400e+16
3.825033244257589558e+03 2.442913149596050400e+16
3.825366813041426212e+03 2.442850997647922800e+16
3.825700381825263321e+03 2.442790122764439600e+16
3.826033950609100430e+03 2.442730525974986400e+16
3.826367519392937083e+03 2.442672208261884400e+16
3.826701088176774192e+03 2.442615170560416800e+16
3.827034656960610846e+03 2.442559413758862400e+16
3.827368225744447955e+03 2.442504938698520400e+16
3.827701794528285063e+03 2.442451746173741600e+16
3.828035363312121262e+03 2.442399836931963200e+16
3.828368932095958371e+03 2.442349211673733600e+16
3.828702500879795025e+03 2.442299871052753600e+16
3.829036069663632134e+03 2.442251815675895200e+16
3.829369638447469242e+03 2.442205046103249600e+16
3.829703207231305896e+03 2.442159562848148000e+16
3.830036776015143005e+03 2.442115366377207200e+16
3.830370344798979659e+03 2.442072457110351200e+16
3.830703913582816767e+03 2.442030835420860000e+16
3.831037482366653876e+03 2.441990501635392800e+16
3.831371051150490530e+03 2.441951456034032800e+16
3.831704619934327184e+03 2.441913698850318000e+16
3.832038188718163838e+03 2.441877230271281600e+16
3.832371757502000946e+03 2.441842050437493200e+16
3.832705326285838055e+03 2.441808159443089600e+16
3.833038895069674709e+03 2.441775557335816400e+16
3.833372463853511817e+03 2.441744244117072000e+16
3.833706032637348471e+03 2.441714219741940000e+16
3.834039601421185580e+03 2.441685484119236400e+16
3.834373170205022689e+03 2.441658037111545200e+16
3.834706738988859342e+03 2.441631878535267200e+16
3.835040307772696451e+03 2.441607008160652800e+16
3.835373876556532650e+03 2.441583425711852400e+16
3.835707445340369759e+03 2.441561130866959600e+16
3.836041014124206868e+03 2.441540123258049600e+16
3.836374582908043521e+03 2.441520402471228800e+16
3.836708151691880630e+03 2.441501968046677600e+16
3.837041720475717284e+03 2.441484819478695600e+16
3.837375289259554393e+03 2.441468956215758400e+16
3.837708858043391501e+03 2.441454377660544000e+16
3.838042426827228155e+03 2.441441083169998000e+16
3.838375995611065264e+03 2.441429072055380000e+16
3.838709564394901918e+03 2.441418343582303600e+16
3.839043133178739026e+03 2.441408896970794800e+16
3.839376701962576135e+03 2.441400731395338400e+16
3.839710270746412334e+03 2.441393845984928800e+16
3.840043839530249443e+03 2.441388239823125600e+16
3.840377408314086097e+03 2.441383911948100000e+16
3.840710977097923205e+03 2.441380861352694800e+16
3.841044545881760314e+03 2.441379086984470400e+16
3.841378114665596968e+03 2.441378587745767200e+16
3.841711683449434076e+03 2.441379362493756000e+16
3.842045252233270730e+03 2.441381410040497600e+16
3.842378821017107839e+03 2.441384729152988800e+16
3.842712389800944948e+03 2.441389318553239200e+16
3.843045958584781602e+03 2.441395176918312400e+16
3.843379527368618255e+03 2.441402302880394800e+16
3.843713096152454909e+03 2.441410695026848000e+16
3.844046664936292018e+03 2.441420351900278400e+16
3.844380233720128672e+03 2.441431271998591600e+16
3.844713802503965780e+03 2.441443453775055200e+16
3.845047371287802889e+03 2.441456895638368000e+16
3.845380940071639543e+03 2.441471595952716000e+16
3.845714508855476652e+03 2.441487553037844000e+16
3.846048077639313306e+03 2.441504765169114400e+16
3.846381646423150414e+03 2.441523230577588000e+16
3.846715215206987523e+03 2.441542947450068800e+16
3.847048783990823722e+03 2.441563913929193600e+16
3.847382352774660831e+03 2.441586128113490400e+16
3.847715921558497485e+03 2.441609588057450400e+16
3.848049490342334593e+03 2.441634291771605600e+16
3.848383059126171702e+03 2.441660237222588800e+16
3.848716627910008356e+03 2.441687422333218000e+16
3.849050196693845464e+03 2.441715844982568000e+16
3.849383765477682118e+03 2.441745503006039600e+16
3.849717334261519227e+03 2.441776394195445600e+16
3.850050903045356335e+03 2.441808516299077600e+16
3.850384471829192989e+03 2.441841867021795600e+16
3.850718040613030098e+03 2.441876444025097200e+16
3.851051609396866297e+03 2.441912244927206400e+16
3.851385178180703406e+03 2.441949267303148000e+16
3.851718746964540514e+03 2.441987508684837600e+16
3.852052315748377168e+03 2.442026966561160400e+16
3.852385884532214277e+03 2.442067638378054400e+16
3.852719453316050931e+03 2.442109521538603200e+16
3.853053022099888040e+03 2.442152613403120800e+16
3.853386590883725148e+03 2.442196911289238000e+16
3.853720159667561802e+03 2.442242412471991600e+16
3.854053728451398911e+03 2.442289114183921600e+16
3.854387297235235565e+03 2.442337013615153600e+16
3.854720866019072673e+03 2.442386107913504400e+16
3.855054434802909327e+03 2.442436394184564800e+16
3.855388003586745981e+03 2.442487869491803200e+16
3.855721572370583090e+03 2.442540530856660800e+16
3.856055141154419744e+03 2.442594375258649200e+16
3.856388709938256852e+03 2.442649399635456000e+16
3.856722278722093961e+03 2.442705600883034800e+16
3.857055847505930615e+03 2.442762975855719200e+16
3.857389416289767723e+03 2.442821521366320000e+16
3.857722985073604377e+03 2.442881234186236800e+16
3.858056553857441486e+03 2.442942111045559200e+16
3.858390122641278595e+03 2.443004148633176000e+16
3.858723691425114794e+03 2.443067343596889200e+16
3.859057260208951902e+03 2.443131692543521600e+16
3.859390828992788556e+03 2.443197192039030400e+16
3.859724397776625665e+03 2.443263838608622000e+16
3.860057966560462773e+03 2.443331628736867600e+16
3.860391535344299427e+03 2.443400558867820000e+16
3.860725104128136536e+03 2.443470625405133600e+16
3.861058672911973190e+03 2.443541824712184800e+16
3.861392241695810299e+03 2.443614153112194400e+16
3.861725810479647407e+03 2.443687606888348800e+16
3.862059379263484061e+03 2.443762182283928800e+16
3.862392948047321170e+03 2.443837875502435600e+16
3.862726516831157369e+03 2.443914682707713600e+16
3.863060085614994478e+03 2.443992600024098000e+16
3.863393654398831586e+03 2.444071623536522400e+16
3.863727223182668240e+03 2.444151749290672000e+16
3.864060791966505349e+03 2.444232973293110400e+16
3.864394360750342003e+03 2.444315291511418000e+16
3.864727929534179111e+03 2.444398699874336000e+16
3.865061498318016220e+03 2.444483194271898400e+16
3.865395067101852874e+03 2.444568770555576800e+16
3.865728635885689982e+03 2.444655424538435200e+16
3.866062204669526636e+03 2.444743151995261600e+16
3.866395773453363745e+03 2.444831948662727600e+16
3.866729342237200399e+03 2.444921810239528400e+16
3.867062911021037053e+03 2.445012732386541600e+16
3.867396479804874161e+03 2.445104710726982800e+16
3.867730048588710815e+03 2.445197740846552400e+16
3.868063617372547924e+03 2.445291818293603200e+16
3.868397186156385033e+03 2.445386938579290800e+16
3.868730754940221686e+03 2.445483097177740800e+16
3.869064323724058795e+03 2.445580289526214400e+16
3.869397892507895449e+03 2.445678511025266800e+16
3.869731461291732558e+03 2.445777757038921600e+16
3.870065030075569666e+03 2.445878022894834000e+16
3.870398598859405865e+03 2.445979303884468400e+16
3.870732167643242974e+03 2.446081595263268400e+16
3.871065736427079628e+03 2.446184892250834000e+16
3.871399305210916737e+03 2.446289190031101600e+16
3.871732873994753845e+03 2.446394483752517200e+16
3.872066442778590499e+03 2.446500768528225200e+16
3.872400011562427608e+03 2.446608039436250800e+16
3.872733580346264262e+03 2.446716291519684400e+16
3.873067149130101370e+03 2.446825519786872800e+16
3.873400717913938479e+03 2.446935719211610800e+16
3.873734286697775133e+03 2.447046884733325600e+16
3.874067855481612241e+03 2.447159011257288000e+16
3.874401424265448441e+03 2.447272093654793200e+16
3.874734993049285549e+03 2.447386126763371200e+16
3.875068561833122658e+03 2.447501105386984000e+16
3.875402130616959312e+03 2.447617024296230400e+16
3.875735699400796420e+03 2.447733878228554800e+16
3.876069268184633074e+03 2.447851661888452000e+16
3.876402836968470183e+03 2.447970369947684000e+16
3.876736405752307292e+03 2.448089997045486000e+16
3.877069974536143945e+03 2.448210537788785600e+16
3.877403543319981054e+03 2.448331986752426400e+16
3.877737112103817708e+03 2.448454338479376800e+16
3.878070680887654817e+03 2.448577587480964800e+16
3.878404249671491471e+03 2.448701728237092000e+16
3.878737818455328124e+03 2.448826755196468800e+16
3.879071387239165233e+03 2.448952662776846400e+16
3.879404956023001887e+03 2.449079445365236800e+16
3.879738524806838996e+03 2.449207097318162800e+16
3.880072093590676104e+03 2.449335612961884800e+16
3.880405662374512758e+03 2.449464986592645200e+16
3.880739231158349867e+03 2.449595212476904400e+16
3.881072799942186521e+03 2.449726284851594400e+16
3.881406368726023629e+03 2.449858197924362400e+16
3.881739937509860738e+03 2.449990945873815600e+16
3.882073506293696937e+03 2.450124522849777200e+16
3.882407075077534046e+03 2.450258922973541600e+16
3.882740643861370700e+03 2.450394140338130400e+16
3.883074212645207808e+03 2.450530169008550400e+16
3.883407781429044917e+03 2.450667003022056800e+16
3.883741350212881571e+03 2.450804636388416800e+16
3.884074918996718679e+03 2.450943063090181600e+16
3.884408487780555333e+03 2.451082277082944400e+16
3.884742056564392442e+03 2.451222272295627200e+16
3.885075625348229551e+03 2.451363042630742400e+16
3.885409194132066204e+03 2.451504581964678800e+16
3.885742762915903313e+03 2.451646884147976000e+16
3.886076331699739512e+03 2.451789943005608800e+16
3.886409900483576621e+03 2.451933752337273200e+16
3.886743469267413730e+03 2.452078305917669600e+16
3.887077038051250383e+03 2.452223597496798400e+16
3.887410606835087492e+03 2.452369620800248800e+16
3.887744175618924146e+03 2.452516369529490800e+16
3.888077744402761255e+03 2.452663837362180000e+16
3.888411313186598363e+03 2.452812017952454800e+16
3.888744881970435017e+03 2.452960904931234800e+16
3.889078450754272126e+03 2.453110491906533600e+16
3.889412019538108780e+03 2.453260772463760000e+16
3.889745588321945888e+03 2.453411740166032000e+16
3.890079157105782542e+03 2.453563388554489600e+16
3.890412725889619196e+03 2.453715711148607600e+16
3.890746294673456305e+03 2.453868701446519200e+16
3.891079863457292959e+03 2.454022352925330000e+16
3.891413432241130067e+03 2.454176659041444400e+16
3.891747001024967176e+03 2.454331613230891600e+16
3.892080569808803830e+03 2.454487208909654800e+16
3.892414138592640938e+03 2.454643439473999200e+16
3.892747707376477592e+03 2.454800298300806400e+16
3.893081276160314701e+03 2.454957778747914400e+16
3.893414844944151810e+03 2.455115874154447200e+16
3.893748413727988009e+03 2.455274577841160000e+16
3.894081982511825117e+03 2.455433883110789600e+16
3.894415551295661771e+03 2.455593783248389600e+16
3.894749120079498880e+03 2.455754271521684000e+16
3.895082688863335989e+03 2.455915341181415200e+16
3.895416257647172642e+03 2.456076985461705200e+16
3.895749826431009751e+03 2.456239197580398800e+16
3.896083395214846405e+03 2.456401970739434400e+16
3.896416963998683514e+03 2.456565298125193600e+16
3.896750532782520622e+03 2.456729172908872800e+16
3.897084101566357276e+03 2.456893588246844000e+16
3.897417670350194385e+03 2.457058537281029600e+16
3.897751239134030584e+03 2.457224013139260800e+16
3.898084807917867693e+03 2.457390008935660800e+16
3.898418376701704801e+03 2.457556517771014800e+16
3.898751945485541455e+03 2.457723532733149600e+16
3.899085514269378564e+03 2.457891046897311600e+16
3.899419083053215218e+03 2.458059053326550400e+16
3.899752651837052326e+03 2.458227545072105200e+16
3.900086220620889435e+03 2.458396515173786400e+16
3.900419789404726089e+03 2.458565956660363600e+16
3.900753358188563197e+03 2.458735862549969200e+16
3.901086926972399851e+03 2.458906225850479200e+16
3.901420495756236960e+03 2.459077039559908000e+16
3.901754064540073614e+03 2.459248296666815200e+16
3.902087633323910268e+03 2.459419990150704000e+16
3.902421202107747376e+03 2.459592112982418000e+16
3.902754770891584030e+03 2.459764658124544000e+16
3.903088339675421139e+03 2.459937618531833600e+16
3.903421908459258248e+03 2.460110987151593200e+16
3.903755477243094901e+03 2.460284756924101200e+16
3.904089046026932010e+03 2.460458920783026400e+16
3.904422614810768664e+03 2.460633471655835600e+16
3.904756183594605773e+03 2.460808402464216000e+16
3.905089752378442881e+03 2.460983706124484400e+16
3.905423321162279080e+03 2.461159375548019200e+16
3.905756889946116189e+03 2.461335403641676800e+16
3.906090458729952843e+03 2.461511783308216000e+16
3.906424027513789952e+03 2.461688507446723200e+16
3.906757596297627060e+03 2.461865568953046000e+16
3.907091165081463714e+03 2.462042960720216400e+16
3.907424733865300823e+03 2.462220675638886800e+16
3.907758302649137477e+03 2.462398706597762000e+16
3.908091871432974585e+03 2.462577046484034800e+16
3.908425440216811694e+03 2.462755688183822000e+16
3.908759009000648348e+03 2.462934624582601600e+16
3.909092577784485457e+03 2.463113848565655600e+16
3.909426146568321656e+03 2.463293353018513200e+16
3.909759715352158764e+03 2.463473130827387200e+16
3.910093284135995873e+03 2.463653174879625200e+16
3.910426852919832527e+03 2.463833478064153200e+16
3.910760421703669635e+03 2.464014033271924000e+16
3.911093990487506289e+03 2.464194833396365200e+16
3.911427559271343398e+03 2.464375871333832400e+16
3.911761128055180507e+03 2.464557139984054400e+16
3.912094696839017161e+03 2.464738632250597600e+16
3.912428265622854269e+03 2.464920341041308800e+16
3.912761834406690923e+03 2.465102259268776800e+16
3.913095403190528032e+03 2.465284379850789600e+16
3.913428971974364686e+03 2.465466695710794000e+16
3.913762540758201339e+03 2.465649199778344400e+16
3.914096109542038448e+03 2.465831884989577200e+16
3.914429678325875102e+03 2.466014744287659200e+16
3.914763247109712211e+03 2.466197770623264000e+16
3.915096815893549319e+03 2.466380956955019600e+16
3.915430384677385973e+03 2.466564296249983200e+16
3.915763953461223082e+03 2.466747781484104800e+16
3.916097522245059736e+03 2.466931405642684000e+16
3.916431091028896844e+03 2.467115161720854000e+16
3.916764659812733953e+03 2.467299042724031200e+16
3.917098228596570152e+03 2.467483041668389600e+16
3.917431797380407261e+03 2.467667151581336400e+16
3.917765366164243915e+03 2.467851365501970000e+16
3.918098934948081023e+03 2.468035676481558400e+16
3.918432503731918132e+03 2.468220077584004800e+16
3.918766072515754786e+03 2.468404561886316800e+16
3.919099641299591894e+03 2.468589122479087200e+16
3.919433210083428548e+03 2.468773752466952000e+16
3.919766778867265657e+03 2.468958444969072000e+16
3.920100347651102766e+03 2.469143193119601200e+16
3.920433916434939420e+03 2.469327990068162800e+16
3.920767485218776528e+03 2.469512828980314800e+16
3.921101054002612727e+03 2.469697703038028000e+16
3.921434622786449836e+03 2.469882605440160000e+16
3.921768191570286945e+03 2.470067529402923600e+16
3.922101760354123599e+03 2.470252468160360000e+16
3.922435329137960707e+03 2.470437414964813600e+16
3.922768897921797361e+03 2.470622363087405600e+16
3.923102466705634470e+03 2.470807305818502400e+16
3.923436035489471578e+03 2.470992236468192000e+16
3.923769604273308232e+03 2.471177148366749600e+16
3.924103173057145341e+03 2.471362034865117600e+16
3.924436741840981995e+03 2.471546889335370400e+16
3.924770310624819103e+03 2.471731705171185200e+16
3.925103879408655757e+03 2.471916475788315600e+16
3.925437448192492411e+03 2.472101194625057600e+16
3.925771016976329520e+03 2.472285855142722400e+16
3.926104585760166174e+03 2.472470450826102400e+16
3.926438154544003282e+03 2.472654975183937600e+16
3.926771723327840391e+03 2.472839421749384000e+16
3.927105292111677045e+03 2.473023784080480400e+16
3.927438860895514154e+03 2.473208055760612000e+16
3.927772429679350807e+03 2.473392230398972000e+16
3.928105998463187916e+03 2.473576301631034400e+16
3.928439567247025025e+03 2.473760263119003200e+16
3.928773136030861224e+03 2.473944108552284000e+16
3.929106704814698332e+03 2.474127831647937200e+16
3.929440273598534986e+03 2.474311426151140400e+16
3.929773842382372095e+03 2.474494885835642400e+16
3.930107411166209204e+03 2.474678204504224000e+16
3.930440979950045858e+03 2.474861375989145600e+16
3.930774548733882966e+03 2.475044394152612000e+16
3.931108117517719620e+03 2.475227252887206800e+16
3.931441686301556729e+03 2.475409946116361200e+16
3.931775255085393837e+03 2.475592467794789600e+16
3.932108823869230491e+03 2.475774811908938800e+16
3.932442392653067600e+03 2.475956972477437600e+16
3.932775961436903799e+03 2.476138943551536400e+16
3.933109530220740908e+03 2.476320719215550400e+16
3.933443099004578016e+03 2.476502293587295600e+16
3.933776667788414670e+03 2.476683660818531600e+16
3.934110236572251779e+03 2.476864815095391200e+16
3.934443805356088433e+03 2.477045750638822800e+16
3.934777374139925541e+03 2.477226461705010400e+16
3.935110942923762650e+03 2.477406942585810400e+16
3.935444511707599304e+03 2.477587187609176000e+16
3.935778080491436413e+03 2.477767191139584800e+16
3.936111649275273066e+03 2.477946947578453600e+16
3.936445218059110175e+03 2.478126451364568800e+16
3.936778786842946829e+03 2.478305696974492000e+16
3.937112355626783483e+03 2.478484678922985200e+16
3.937445924410620592e+03 2.478663391763414400e+16
3.937779493194457245e+03 2.478841830088166400e+16
3.938113061978294354e+03 2.479019988529052800e+16
3.938446630762131463e+03 2.479197861757709600e+16
3.938780199545968117e+03 2.479375444486004000e+16
3.939113768329805225e+03 2.479552731466434000e+16
3.939447337113641879e+03 2.479729717492517600e+16
3.939780905897478988e+03 2.479906397399187200e+16
3.940114474681316096e+03 2.480082766063185200e+16
3.940448043465152296e+03 2.480258818403441600e+16
3.940781612248989404e+03 2.480434549381462000e+16
3.941115181032826058e+03 2.480609954001704800e+16
3.941448749816663167e+03 2.480785027311963200e+16
3.941782318600500275e+03 2.480959764403732400e+16
3.942115887384336929e+03 2.481134160412580400e+16
3.942449456168174038e+03 2.481308210518520000e+16
3.942783024952010692e+03 2.481481909946363200e+16
3.943116593735847800e+03 2.481655253966091200e+16
3.943450162519684909e+03 2.481828237893201600e+16
3.943783731303521563e+03 2.482000857089060000e+16
3.944117300087358672e+03 2.482173106961263200e+16
3.944450868871194871e+03 2.482344982963962000e+16
3.944784437655031979e+03 2.482516480598225200e+16
3.945118006438869088e+03 2.482687595412352000e+16
3.945451575222705742e+03 2.482858323002228800e+16
3.945785144006542851e+03 2.483028659011648800e+16
3.946118712790379504e+03 2.483198599132632400e+16
3.946452281574216613e+03 2.483368139105759600e+16
3.946785850358053722e+03 2.483537274720479200e+16
3.947119419141890376e+03 2.483706001815420000e+16
3.947452987925727484e+03 2.483874316278714400e+16
3.947786556709564138e+03 2.484042214048282800e+16
3.948120125493401247e+03 2.484209691112152800e+16
3.948453694277237901e+03 2.484376743508744000e+16
3.948787263061074555e+03 2.484543367327163200e+16
3.949120831844911663e+03 2.484709558707495200e+16
3.949454400628748317e+03 2.484875313841080800e+16
3.949787969412585426e+03 2.485040628970796800e+16
3.950121538196422534e+03 2.485205500391334000e+16
3.950455106980259188e+03 2.485369924449458400e+16
3.950788675764096297e+03 2.485533897544286000e+16
3.951122244547932951e+03 2.485697416127539200e+16
3.951455813331770059e+03 2.485860476703797600e+16
3.951789382115607168e+03 2.486023075830757200e+16
3.952122950899443367e+03 2.486185210119468400e+16
3.952456519683280476e+03 2.486346876234583600e+16
3.952790088467117130e+03 2.486508070894591200e+16
3.953123657250954238e+03 2.486668790872045600e+16
3.953457226034791347e+03 2.486829032993796400e+16
3.953790794818628001e+03 2.486988794141208000e+16
3.954124363602465110e+03 2.487148071250380000e+16
3.954457932386301763e+03 2.487306861312353600e+16
3.954791501170138872e+03 2.487465161373321600e+16
3.955125069953975981e+03 2.487622968534831200e+16
3.955458638737812635e+03 2.487780279953973600e+16
3.955792207521649743e+03 2.487937092843585600e+16
3.956125776305485942e+03 2.488093404472427200e+16
3.956459345089323051e+03 2.488249212165367200e+16
3.956792913873160160e+03 2.488404513303556400e+16
3.957126482656996814e+03 2.488559305324596000e+16
3.957460051440833922e+03 2.488713585722712000e+16
3.957793620224670576e+03 2.488867352048904000e+16
3.958127189008507685e+03 2.489020601911104000e+16
3.958460757792344793e+03 2.489173332974327200e+16
3.958794326576181447e+03 2.489325542960813600e+16
3.959127895360018556e+03 2.489477229650169200e+16
3.959461464143855210e+03 2.489628390879491200e+16
3.959795032927692318e+03 2.489779024543508000e+16
3.960128601711528972e+03 2.489929128594688000e+16
3.960462170495365626e+03 2.490078701043362400e+16
3.960795739279202735e+03 2.490227739957841600e+16
3.961129308063039389e+03 2.490376243464506400e+16
3.961462876846876497e+03 2.490524209747920400e+16
3.961796445630713606e+03 2.490671637050921600e+16
3.962130014414550260e+03 2.490818523674707200e+16
3.962463583198387369e+03 2.490964867978918400e+16
3.962797151982224023e+03 2.491110668381720400e+16
3.963130720766061131e+03 2.491255923359871600e+16
3.963464289549898240e+03 2.491400631448788800e+16
3.963797858333734439e+03 2.491544791242612800e+16
3.964131427117571548e+03 2.491688401394260000e+16
3.964464995901408201e+03 2.491831460615469200e+16
3.964798564685245310e+03 2.491973967676852000e+16
3.965132133469082419e+03 2.492115921407922000e+16
3.965465702252919073e+03 2.492257320697137200e+16
3.965799271036756181e+03 2.492398164491915200e+16
3.966132839820592835e+03 2.492538451798666400e+16
3.966466408604429944e+03 2.492678181682797600e+16
3.966799977388267052e+03 2.492817353268733200e+16
3.967133546172103706e+03 2.492955965739904000e+16
3.967467114955940815e+03 2.493094018338761600e+16
3.967800683739777014e+03 2.493231510366763200e+16
3.968134252523614123e+03 2.493368441184351200e+16
3.968467821307451231e+03 2.493504810210949200e+16
3.968801390091287885e+03 2.493640616924924000e+16
3.969134958875124994e+03 2.493775860863566000e+16
3.969468527658961648e+03 2.493910541623042400e+16
3.969802096442798756e+03 2.494044658858366400e+16
3.970135665226635865e+03 2.494178212283342400e+16
3.970469234010472519e+03 2.494311201670511200e+16
3.970802802794309628e+03 2.494443626851103200e+16
3.971136371578146282e+03 2.494575487714956000e+16
3.971469940361983390e+03 2.494706784210462800e+16
3.971803509145820044e+03 2.494837516344484000e+16
3.972137077929656698e+03 2.494967684182270800e+16
3.972470646713493807e+03 2.495097287847378800e+16
3.972804215497330460e+03 2.495226327521572400e+16
3.973137784281167569e+03 2.495354803444732800e+16
3.973471353065004678e+03 2.495482715914747200e+16
3.973804921848841332e+03 2.495610065287400800e+16
3.974138490632678440e+03 2.495736851976270800e+16
3.974472059416515094e+03 2.495863076452594400e+16
3.974805628200352203e+03 2.495988739245151600e+16
3.975139196984189311e+03 2.496113840940129600e+16
3.975472765768025511e+03 2.496238382180986400e+16
3.975806334551862619e+03 2.496362363668313600e+16
3.976139903335699273e+03 2.496485786159681600e+16
3.976473472119536382e+03 2.496608650469491600e+16
3.976807040903373490e+03 2.496730957468818400e+16
3.977140609687210144e+03 2.496852708085240800e+16
3.977474178471047253e+03 2.496973903302681600e+16
3.977807747254883907e+03 2.497094544161224800e+16
3.978141316038721016e+03 2.497214631756944800e+16
3.978474884822558124e+03 2.497334167241713200e+16
3.978808453606394778e+03 2.497453151823009600e+16
3.979142022390231887e+03 2.497571586763740000e+16
3.979475591174068086e+03 2.497689473382018400e+16
3.979809159957905194e+03 2.497806813050972000e+16
3.980142728741742303e+03 2.497923607198531600e+16
3.980476297525578957e+03 2.498039857307208000e+16
3.980809866309416066e+03 2.498155564913882000e+16
3.981143435093252720e+03 2.498270731609569600e+16
3.981477003877089828e+03 2.498385359039199200e+16
3.981810572660926937e+03 2.498499448901372000e+16
3.982144141444763591e+03 2.498613002948120800e+16
3.982477710228600699e+03 2.498726022984672400e+16
3.982811279012437353e+03 2.498838510869188800e+16
3.983144847796274462e+03 2.498950468512516000e+16
3.983478416580111116e+03 2.499061897877927600e+16
3.983811985363947770e+03 2.499172800980858000e+16
3.984145554147784878e+03 2.499283179888631200e+16
3.984479122931621532e+03 2.499393036720194400e+16
3.984812691715458641e+03 2.499502373645834400e+16
3.985146260499295749e+03 2.499611192886898400e+16
3.985479829283132403e+03 2.499719496715502400e+16
3.985813398066969512e+03 2.499827287454248000e+16
3.986146966850806166e+03 2.499934567475921600e+16
3.986480535634643275e+03 2.500041339203190400e+16
3.986814104418480383e+03 2.500147605108307200e+16
3.987147673202316582e+03 2.500253367712794800e+16
3.987481241986153691e+03 2.500358629587135200e+16
3.987814810769990345e+03 2.500463393350454800e+16
3.988148379553827453e+03 2.500567661670199600e+16
3.988481948337664562e+03 2.500671437261812800e+16
3.988815517121501216e+03 2.500774722888401600e+16
3.989149085905338325e+03 2.500877521360408000e+16
3.989482654689174979e+03 2.500979835535269600e+16
3.989816223473012087e+03 2.501081668317081600e+16
3.990149792256849196e+03 2.501183022656245200e+16
3.990483361040685850e+03 2.501283901549123200e+16
3.990816929824522958e+03 2.501384308037688400e+16
3.991150498608359158e+03 2.501484245209167200e+16
3.991484067392196266e+03 2.501583716195674400e+16
3.991817636176033375e+03 2.501682724173858400e+16
3.992151204959870029e+03 2.501781272364523600e+16
3.992484773743707137e+03 2.501879364032271600e+16
3.992818342527543791e+03 2.501977002485117200e+16
3.993151911311380900e+03 2.502074191074119600e+16
3.993485480095218009e+03 2.502170933192992000e+16
3.993819048879054662e+03 2.502267232277726400e+16
3.994152617662891771e+03 2.502363091806202400e+16
3.994486186446728425e+03 2.502458515297797600e+16
3.994819755230565534e+03 2.502553506312991200e+16
3.995153324014402187e+03 2.502648068452973600e+16
3.995486892798238841e+03 2.502742205359241600e+16
3.995820461582075950e+03 2.502835920713199200e+16
3.996154030365912604e+03 2.502929218235748000e+16
3.996487599149749713e+03 2.503022101686881600e+16
3.996821167933586821e+03 2.503114574865273600e+16
3.997154736717423475e+03 2.503206641607867600e+16
3.997488305501260584e+03 2.503298305789455600e+16
3.997821874285097238e+03 2.503389571322260000e+16
3.998155443068934346e+03 2.503480442155511600e+16
3.998489011852771455e+03 2.503570922275029200e+16
3.998822580636607654e+03 2.503661015702789600e+16
3.999156149420444763e+03 2.503750726496494400e+16
3.999489718204281417e+03 2.503840058749146000e+16
3.999823286988118525e+03 2.503929016588613600e+16
4.000156855771955634e+03 2.504017604177188800e+16
4.000490424555792288e+03 2.504105825711154400e+16
4.000823993339629396e+03 2.504193685420345600e+16
4.001157562123466050e+03 2.504281187567700000e+16
4.001491130907303159e+03 2.504368336448823200e+16
4.001824699691140268e+03 2.504455136391530000e+16
4.002158268474976921e+03 2.504541591755409600e+16
4.002491837258814030e+03 2.504627706931363200e+16
4.002825406042650229e+03 2.504713486341162400e+16
4.003158974826487338e+03 2.504798934436990400e+16
4.003492543610324446e+03 2.504884055700984000e+16
4.003826112394161100e+03 2.504968854644780800e+16
4.004159681177998209e+03 2.505053335809064800e+16
4.004493249961834863e+03 2.505137503763093600e+16
4.004826818745671972e+03 2.505221363104251600e+16
4.005160387529509080e+03 2.505304918457576000e+16
4.005493956313345734e+03 2.505388174475297600e+16
4.005827525097182843e+03 2.505471135836376800e+16
4.006161093881019497e+03 2.505553807246031200e+16
4.006494662664856605e+03 2.505636193435276000e+16
4.006828231448693259e+03 2.505718299160445600e+16
4.007161800232529913e+03 2.505800129202728000e+16
4.007495369016367022e+03 2.505881688367700000e+16
4.007828937800203676e+03 2.505962981484840800e+16
4.008162506584040784e+03 2.506044013407072800e+16
4.008496075367877893e+03 2.506124789010282800e+16
4.008829644151714547e+03 2.506205313192840800e+16
4.009163212935551655e+03 2.506285590875138400e+16
4.009496781719388309e+03 2.506365626999100800e+16
4.009830350503225418e+03 2.506445426527716400e+16
4.010163919287062527e+03 2.506524994444555200e+16
4.010497488070898726e+03 2.506604335753296800e+16
4.010831056854735834e+03 2.506683455477247600e+16
4.011164625638572488e+03 2.506762358658865600e+16
4.011498194422409597e+03 2.506841050359276400e+16
4.011831763206246706e+03 2.506919535657800000e+16
4.012165331990083359e+03 2.506997819651464800e+16
4.012498900773920468e+03 2.507075907454534800e+16
4.012832469557757122e+03 2.507153804198024000e+16
4.013166038341594231e+03 2.507231515029219200e+16
4.013499607125430884e+03 2.507309045111198800e+16
4.013833175909267993e+03 2.507386399622354000e+16
4.014166744693105102e+03 2.507463583755906000e+16
4.014500313476941301e+03 2.507540602719430000e+16
4.014833882260778410e+03 2.507617461734371600e+16
4.015167451044615063e+03 2.507694166035565600e+16
4.015501019828452172e+03 2.507770720870765600e+16
4.015834588612289281e+03 2.507847131500154400e+16
4.016168157396125935e+03 2.507923403195868800e+16
4.016501726179963043e+03 2.507999541241526800e+16
4.016835294963799697e+03 2.508075550931740000e+16
4.017168863747636806e+03 2.508151437571639600e+16
4.017502432531473914e+03 2.508227206476404400e+16
4.017836001315310568e+03 2.508302862970774400e+16
4.018169570099147677e+03 2.508378412388587200e+16
4.018503138882983876e+03 2.508453860072290000e+16
4.018836707666820985e+03 2.508529211372475200e+16
4.019170276450658093e+03 2.508604471647400000e+16
4.019503845234494747e+03 2.508679646262515200e+16
4.019837414018331856e+03 2.508754740589995200e+16
4.020170982802168510e+03 2.508829760008260800e+16
4.020504551586005618e+03 2.508904709901519200e+16
4.020838120369842727e+03 2.508979595659282400e+16
4.021171689153679381e+03 2.509054422675904000e+16
4.021505257937516490e+03 2.509129196350115200e+16
4.021838826721352689e+03 2.509203922084551200e+16
4.022172395505189797e+03 2.509278605285291200e+16
4.022505964289026906e+03 2.509353251361392800e+16
4.022839533072863560e+03 2.509427865724423200e+16
4.023173101856700669e+03 2.509502453788012000e+16
4.023506670640537322e+03 2.509577020967370400e+16
4.023840239424374431e+03 2.509651572678852400e+16
4.024173808208211540e+03 2.509726114339478800e+16
4.024507376992048194e+03 2.509800651366494800e+16
4.024840945775885302e+03 2.509875189176904400e+16
4.025174514559721956e+03 2.509949733187022400e+16
4.025508083343559065e+03 2.510024288812022400e+16
4.025841652127396173e+03 2.510098861465482000e+16
4.026175220911232373e+03 2.510173456558937200e+16
4.026508789695069481e+03 2.510248079501433600e+16
4.026842358478906135e+03 2.510322735699077200e+16
4.027175927262743244e+03 2.510397430554596800e+16
4.027509496046580352e+03 2.510472169466893600e+16
4.027843064830417006e+03 2.510546957830605600e+16
4.028176633614254115e+03 2.510621801035665600e+16
4.028510202398090769e+03 2.510696704466864400e+16
4.028843771181927877e+03 2.510771673503417200e+16
4.029177339965764986e+03 2.510846713518524000e+16
4.029510908749601640e+03 2.510921829878940800e+16
4.029844477533438749e+03 2.510997027944554400e+16
4.030178046317274948e+03 2.511072313067940800e+16
4.030511615101112056e+03 2.511147690593954000e+16
4.030845183884949165e+03 2.511223165859291200e+16
4.031178752668785819e+03 2.511298744192073600e+16
4.031512321452622928e+03 2.511374430911428000e+16
4.031845890236459582e+03 2.511450231327064000e+16
4.032179459020296690e+03 2.511526150738859200e+16
4.032513027804133799e+03 2.511602194436451200e+16
4.032846596587970453e+03 2.511678367698810400e+16
4.033180165371807561e+03 2.511754675793846400e+16
4.033513734155643760e+03 2.511831123977989200e+16
4.033847302939480869e+03 2.511907717495792400e+16
4.034180871723317978e+03 2.511984461579517600e+16
4.034514440507154632e+03 2.512061361448742000e+16
4.034848009290991740e+03 2.512138422309961600e+16
4.035181578074828394e+03 2.512215649356182800e+16
4.035515146858665503e+03 2.512293047766540000e+16
4.035848715642502611e+03 2.512370622705895200e+16
4.036182284426339265e+03 2.512448379324453600e+16
4.036515853210176374e+03 2.512526322757371200e+16
4.036849421994013028e+03 2.512604458124370800e+16
4.037182990777850137e+03 2.512682790529364800e+16
4.037516559561687245e+03 2.512761325060064800e+16
4.037850128345523444e+03 2.512840066787609600e+16
4.038183697129360553e+03 2.512919020766190800e+16
4.038517265913197207e+03 2.512998192032672800e+16
4.038850834697034315e+03 2.513077585606230000e+16
4.039184403480871424e+03 2.513157206487972400e+16
4.039517972264708078e+03 2.513237059660582400e+16
4.039851541048545187e+03 2.513317150087952000e+16
4.040185109832381841e+03 2.513397482714818000e+16
4.040518678616218949e+03 2.513478062466409600e+16
4.040852247400056058e+03 2.513558894248085600e+16
4.041185816183892712e+03 2.513639982944986400e+16
4.041519384967729820e+03 2.513721333421684000e+16
4.041852953751566019e+03 2.513802950521824800e+16
4.042186522535403128e+03 2.513884839067796800e+16
4.042520091319240237e+03 2.513967003860378000e+16
4.042853660103076891e+03 2.514049449678394800e+16
4.043187228886913999e+03 2.514132181278390400e+16
4.043520797670750653e+03 2.514215203394284000e+16
4.043854366454587762e+03 2.514298520737046000e+16
4.044187935238424870e+03 2.514382137994354400e+16
4.044521504022261524e+03 2.514466059830278800e+16
4.044855072806098633e+03 2.514550290884956400e+16
4.045188641589934832e+03 2.514634835774258400e+16
4.045522210373771941e+03 2.514719699089482000e+16
4.045855779157609049e+03 2.514804885397028400e+16
4.046189347941445703e+03 2.514890399238088400e+16
4.046522916725282812e+03 2.514976245128334800e+16
4.046856485509119466e+03 2.515062427557608000e+16
4.047190054292956574e+03 2.515148950989614400e+16
4.047523623076793683e+03 2.515235819861621600e+16
4.047857191860630337e+03 2.515323038584155200e+16
4.048190760644467446e+03 2.515410611540705600e+16
4.048524329428304100e+03 2.515498543087426400e+16
4.048857898212141208e+03 2.515586837552849200e+16
4.049191466995978317e+03 2.515675499237587200e+16
4.049525035779814516e+03 2.515764532414050400e+16
4.049858604563651625e+03 2.515853941326163200e+16
4.050192173347488279e+03 2.515943730189078400e+16
4.050525742131325387e+03 2.516033903188900000e+16
4.050859310915162496e+03 2.516124464482407200e+16
4.051192879698999150e+03 2.516215418196782400e+16
4.051526448482836258e+03 2.516306768429333200e+16
4.051860017266672912e+03 2.516398519247235200e+16
4.052193586050510021e+03 2.516490674687255600e+16
4.052527154834347130e+03 2.516583238755496800e+16
4.052860723618183783e+03 2.516676215427135600e+16
4.053194292402020892e+03 2.516769608646162000e+16
4.053527861185857091e+03 2.516863422325128000e+16
4.053861429969694200e+03 2.516957660344896800e+16
4.054194998753531308e+03 2.517052326554388400e+16
4.054528567537367962e+03 2.517147424770336800e+16
4.054862136321205071e+03 2.517242958777047200e+16
4.055195705105041725e+03 2.517338932326149200e+16
4.055529273888878834e+03 2.517435349136367200e+16
4.055862842672715942e+03 2.517532212893272800e+16
4.056196411456552596e+03 2.517629527249062000e+16
4.056529980240389705e+03 2.517727295822322400e+16
4.056863549024225904e+03 2.517825522197798000e+16
4.057197117808063012e+03 2.517924209926178400e+16
4.057530686591900121e+03 2.518023362523862000e+16
4.057864255375736775e+03 2.518122983472743600e+16
4.058197824159573884e+03 2.518223076220000800e+16
4.058531392943410538e+03 2.518323644177866400e+16
4.058864961727247646e+03 2.518424690723432400e+16
4.059198530511084755e+03 2.518526219198432000e+16
4.059532099294921409e+03 2.518628232909032800e+16
4.059865668078758517e+03 2.518730735125640000e+16
4.060199236862595171e+03 2.518833729082686400e+16
4.060532805646432280e+03 2.518937217978439200e+16
4.060866374430269389e+03 2.519041204974806400e+16
4.061199943214105588e+03 2.519145693197132400e+16
4.061533511997942696e+03 2.519250685734024000e+16
4.061867080781779350e+03 2.519356185637149600e+16
4.062200649565616459e+03 2.519462195921058400e+16
4.062534218349453567e+03 2.519568719562996400e+16
4.062867787133290221e+03 2.519675759502728400e+16
4.063201355917127330e+03 2.519783318642358800e+16
4.063534924700963984e+03 2.519891399846156000e+16
4.063868493484801093e+03 2.520000005940382400e+16
4.064202062268638201e+03 2.520109139713119600e+16
4.064535631052474855e+03 2.520218803914108000e+16
4.064869199836311964e+03 2.520329001254576800e+16
4.065202768620148163e+03 2.520439734407084800e+16
4.065536337403985272e+03 2.520551006005357600e+16
4.065869906187822380e+03 2.520662818644135600e+16
4.066203474971659034e+03 2.520775174879012400e+16
4.066537043755496143e+03 2.520888077226288400e+16
4.066870612539332797e+03 2.521001528162819600e+16
4.067204181323169905e+03 2.521115530125870400e+16
4.067537750107007014e+03 2.521230085512970400e+16
4.067871318890843668e+03 2.521345196681767600e+16
4.068204887674680776e+03 2.521460865949894400e+16
4.068538456458516976e+03 2.521577095594831200e+16
4.068872025242354084e+03 2.521693887853763600e+16
4.069205594026191193e+03 2.521811244923460400e+16
4.069539162810027847e+03 2.521929168960135200e+16
4.069872731593864955e+03 2.522047662079326400e+16
4.070206300377701609e+03 2.522166726355768800e+16
4.070539869161538718e+03 2.522286363823272000e+16
4.070873437945375827e+03 2.522406576474597600e+16
4.071207006729212480e+03 2.522527366261346400e+16
4.071540575513049589e+03 2.522648735093841200e+16
4.071874144296886243e+03 2.522770684841012800e+16
4.072207713080723352e+03 2.522893217330292800e+16
4.072541281864560460e+03 2.523016334347502800e+16
4.072874850648396659e+03 2.523140037636749600e+16
4.073208419432233768e+03 2.523264328900322400e+16
4.073541988216070422e+03 2.523389209798593600e+16
4.073875556999907531e+03 2.523514681949916800e+16
4.074209125783744639e+03 2.523640746930534400e+16
4.074542694567581293e+03 2.523767406274478400e+16
4.074876263351418402e+03 2.523894661473488800e+16
4.075209832135255056e+03 2.524022513976913600e+16
4.075543400919092164e+03 2.524150965191629200e+16
4.075876969702929273e+03 2.524280016481953200e+16
4.076210538486765927e+03 2.524409669169564400e+16
4.076544107270603035e+03 2.524539924533417600e+16
4.076877676054439235e+03 2.524670783809671200e+16
4.077211244838276343e+03 2.524802248191614400e+16
4.077544813622113452e+03 2.524934318829586800e+16
4.077878382405950106e+03 2.525066996830912000e+16
4.078211951189787214e+03 2.525200283259828400e+16
4.078545519973623868e+03 2.525334179137424400e+16
4.078879088757460977e+03 2.525468685441572800e+16
4.079212657541298086e+03 2.525603803106869600e+16
4.079546226325134739e+03 2.525739533024572800e+16
4.079879795108971848e+03 2.525875876042553200e+16
4.080213363892808047e+03 2.526012832965224400e+16
4.080546932676645156e+03 2.526150404553508400e+16
4.080880501460482265e+03 2.526288591524767200e+16
4.081214070244318918e+03 2.526427394552770800e+16
4.081547639028156027e+03 2.526566814267635600e+16
4.081881207811992681e+03 2.526706851255795200e+16
4.082214776595829790e+03 2.526847506059950400e+16
4.082548345379666898e+03 2.526988779179025600e+16
4.082881914163503552e+03 2.527130671068142400e+16
4.083215482947340661e+03 2.527273182138578400e+16
4.083549051731177315e+03 2.527416312757732000e+16
4.083882620515014423e+03 2.527560063249099200e+16
4.084216189298851532e+03 2.527704433892236000e+16
4.084549758082687731e+03 2.527849424922736000e+16
4.084883326866524840e+03 2.527995036532208000e+16
4.085216895650361494e+03 2.528141268868251600e+16
4.085550464434198602e+03 2.528288122034437600e+16
4.085884033218035711e+03 2.528435596090290000e+16
4.086217602001872365e+03 2.528583691051266800e+16
4.086551170785709473e+03 2.528732406888757600e+16
4.086884739569546127e+03 2.528881743530054000e+16
4.087218308353383236e+03 2.529031700858358800e+16
4.087551877137220345e+03 2.529182278712766000e+16
4.087885445921056998e+03 2.529333476888258400e+16
4.088219014704894107e+03 2.529485295135714000e+16
4.088552583488730306e+03 2.529637733161887200e+16
4.088886152272567415e+03 2.529790790629427200e+16
4.089219721056404524e+03 2.529944467156871200e+16
4.089553289840241177e+03 2.530098762318648400e+16
4.089886858624078286e+03 2.530253675645099200e+16
4.090220427407914940e+03 2.530409206622472000e+16
4.090553996191752049e+03 2.530565354692942000e+16
4.090887564975589157e+03 2.530722119254620800e+16
4.091221133759425811e+03 2.530879499661575600e+16
4.091554702543262920e+03 2.531037495223844800e+16
4.091888271327099119e+03 2.531196105207461600e+16
4.092221840110936228e+03 2.531355328834468400e+16
4.092555408894773336e+03 2.531515165282948000e+16
4.092888977678609990e+03 2.531675613687048800e+16
4.093222546462447099e+03 2.531836673137011600e+16
4.093556115246283753e+03 2.531998342679196400e+16
4.093889684030120861e+03 2.532160621316124800e+16
4.094223252813957970e+03 2.532323508006503200e+16
4.094556821597794624e+03 2.532487001665263200e+16
4.094890390381631732e+03 2.532651101163608800e+16
4.095223959165468386e+03 2.532815805329041600e+16
4.095557527949305495e+03 2.532981112945415200e+16
4.095891096733142604e+03 2.533147022752974400e+16
4.096224665516979258e+03 2.533313533448407200e+16
4.096558234300816366e+03 2.533480643684887200e+16
4.096891803084652565e+03 2.533648352072130800e+16
4.097225371868489674e+03 2.533816657176443200e+16
4.097558940652326783e+03 2.533985557520783200e+16
4.097892509436162982e+03 2.534155051584808800e+16
4.098226078220000090e+03 2.534325137804948800e+16
4.098559647003837199e+03 2.534495814574451200e+16
4.098893215787674308e+03 2.534667080243458400e+16
4.099226784571511416e+03 2.534838933119065600e+16
4.099560353355347615e+03 2.535011371465388800e+16
4.099893922139184724e+03 2.535184393503638400e+16
4.100227490923021833e+03 2.535357997412185600e+16
4.100561059706858941e+03 2.535532181326640000e+16
4.100894628490696050e+03 2.535706943339924800e+16
4.101228197274532249e+03 2.535882281502350400e+16
4.101561766058369358e+03 2.536058193821704800e+16
4.101895334842205557e+03 2.536234678263321600e+16
4.102228903626042666e+03 2.536411732750173600e+16
4.102562472409879774e+03 2.536589355162960000e+16
4.102896041193716883e+03 2.536767543340183600e+16
4.103229609977553991e+03 2.536946295078257200e+16
4.103563178761390191e+03 2.537125608131583200e+16
4.103896747545227299e+03 2.537305480212653600e+16
4.104230316329064408e+03 2.537485908992143200e+16
4.104563885112901517e+03 2.537666892099014800e+16
4.104897453896738625e+03 2.537848427120613200e+16
4.105231022680574824e+03 2.538030511602770400e+16
4.105564591464411933e+03 2.538213143049914800e+16
4.105898160248249042e+03 2.538396318925167600e+16
4.106231729032085241e+03 2.538580036650466400e+16
4.106565297815922349e+03 2.538764293606665600e+16
4.106898866599759458e+03 2.538949087133650400e+16
4.107232435383596567e+03 2.539134414530462400e+16
4.107566004167433675e+03 2.539320273055402400e+16
4.107899572951269874e+03 2.539506659926163200e+16
4.108233141735106983e+03 2.539693572319945200e+16
4.108566710518944092e+03 2.539881007373580800e+16
4.108900279302781200e+03 2.540068962183661600e+16
4.109233848086618309e+03 2.540257433806666800e+16
4.109567416870454508e+03 2.540446419259092400e+16
4.109900985654291617e+03 2.540635915517586400e+16
4.110234554438127816e+03 2.540825919519080800e+16
4.110568123221964925e+03 2.541016428160930800e+16
4.110901692005802033e+03 2.541207438301053200e+16
4.111235260789639142e+03 2.541398946758064000e+16
4.111568829573476251e+03 2.541590950311431200e+16
4.111902398357312450e+03 2.541783445701606400e+16
4.112235967141149558e+03 2.541976429630187200e+16
4.112569535924986667e+03 2.542169898760058400e+16
4.112903104708823776e+03 2.542363849715541200e+16
4.113236673492660884e+03 2.542558279082563200e+16
4.113570242276497083e+03 2.542753183408792000e+16
4.113903811060334192e+03 2.542948559203816000e+16
4.114237379844171301e+03 2.543144402939289600e+16
4.114570948628007500e+03 2.543340711049102000e+16
4.114904517411844608e+03 2.543537479929546400e+16
4.115238086195681717e+03 2.543734705939477200e+16
4.115571654979518826e+03 2.543932385400494400e+16
4.115905223763355934e+03 2.544130514597099200e+16
4.116238792547192133e+03 2.544329089776883200e+16
4.116572361331029242e+03 2.544528107150692000e+16
4.116905930114866351e+03 2.544727562892812000e+16
4.117239498898703459e+03 2.544927453141150000e+16
4.117573067682539659e+03 2.545127773997413200e+16
4.117906636466376767e+03 2.545328521527296800e+16
4.118240205250213876e+03 2.545529691760673600e+16
4.118573774034050075e+03 2.545731280691777600e+16
4.118907342817887184e+03 2.545933284279404800e+16
4.119240911601724292e+03 2.546135698447098800e+16
4.119574480385561401e+03 2.546338519083352000e+16
4.119908049169398510e+03 2.546541742041805600e+16
4.120241617953234709e+03 2.546745363141450400e+16
4.120575186737071817e+03 2.546949378166822800e+16
4.120908755520908926e+03 2.547153782868223600e+16
4.121242324304745125e+03 2.547358572961912000e+16
4.121575893088582234e+03 2.547563744130332000e+16
4.121909461872419342e+03 2.547769292022307200e+16
4.122243030656256451e+03 2.547975212253270400e+16
4.122576599440093560e+03 2.548181500405468800e+16
4.122910168223929759e+03 2.548388152028195200e+16
4.123243737007766867e+03 2.548595162637999600e+16
4.123577305791603976e+03 2.548802527718919600e+16
4.123910874575441085e+03 2.549010242722704000e+16
4.124244443359278193e+03 2.549218303069045600e+16
4.124578012143114393e+03 2.549426704145799200e+16
4.124911580926951501e+03 2.549635441309238000e+16
4.125245149710787700e+03 2.549844509884265600e+16
4.125578718494624809e+03 2.550053905164666400e+16
4.125912287278461918e+03 2.550263622413345200e+16
4.126245856062299026e+03 2.550473656862567200e+16
4.126579424846136135e+03 2.550684003714203200e+16
4.126912993629972334e+03 2.550894658139977600e+16
4.127246562413809443e+03 2.551105615281720000e+16
4.127580131197646551e+03 2.551316870251613600e+16
4.127913699981483660e+03 2.551528418132448400e+16
4.128247268765320769e+03 2.551740253977882800e+16
4.128580837549156968e+03 2.551952372812700400e+16
4.128914406332994076e+03 2.552164769633067200e+16
4.129247975116831185e+03 2.552377439406802800e+16
4.129581543900667384e+03 2.552590377073637600e+16
4.129915112684504493e+03 2.552803577545492400e+16
4.130248681468341601e+03 2.553017035706734800e+16
4.130582250252178710e+03 2.553230746414463600e+16
4.130915819036015819e+03 2.553444704498777600e+16
4.131249387819852018e+03 2.553658904763057600e+16
4.131582956603689126e+03 2.553873341984242400e+16
4.131916525387526235e+03 2.554088010913114800e+16
4.132250094171363344e+03 2.554302906274581600e+16
4.132583662955200452e+03 2.554518022767964800e+16
4.132917231739036652e+03 2.554733355067289600e+16
4.133250800522873760e+03 2.554948897821572000e+16
4.133584369306709959e+03 2.555164645655119200e+16
4.133917938090547068e+03 2.555380593167822400e+16
4.134251506874384177e+03 2.555596734935454800e+16
4.134585075658221285e+03 2.555813065509972000e+16
4.134918644442058394e+03 2.556029579419820000e+16
4.135252213225894593e+03 2.556246271170232000e+16
4.135585782009731702e+03 2.556463135243544000e+16
4.135919350793568810e+03 2.556680166099503200e+16
4.136252919577405919e+03 2.556897358175573200e+16
4.136586488361243028e+03 2.557114705887261200e+16
4.136920057145079227e+03 2.557332203628423200e+16
4.137253625928916335e+03 2.557549845771592400e+16
4.137587194712753444e+03 2.557767626668292800e+16
4.137920763496589643e+03 2.557985540649366800e+16
4.138254332280426752e+03 2.558203582025302000e+16
4.138587901064263860e+03 2.558421745086557200e+16
4.138921469848100969e+03 2.558640024103896000e+16
4.139255038631938078e+03 2.558858413328715600e+16
4.139588607415774277e+03 2.559076906993382800e+16
4.139922176199611386e+03 2.559295499311575200e+16
4.140255744983448494e+03 2.559514184478614800e+16
4.140589313767285603e+03 2.559732956671814000e+16
4.140922882551121802e+03 2.559951810050815200e+16
4.141256451334958911e+03 2.560170738757940000e+16
4.141590020118796019e+03 2.560389736918541200e+16
4.141923588902632218e+03 2.560608798641340400e+16
4.142257157686469327e+03 2.560827918018797600e+16
4.142590726470306436e+03 2.561047089127450400e+16
4.142924295254143544e+03 2.561266306028278800e+16
4.143257864037980653e+03 2.561485562767066800e+16
4.143591432821816852e+03 2.561704853374756000e+16
4.143925001605653961e+03 2.561924171867810800e+16
4.144258570389491069e+03 2.562143512248590400e+16
4.144592139173327269e+03 2.562362868505703600e+16
4.144925707957164377e+03 2.562582234614394800e+16
4.145259276741001486e+03 2.562801604536896800e+16
4.145592845524838594e+03 2.563020972222823200e+16
4.145926414308675703e+03 2.563240331609525200e+16
4.146259983092511902e+03 2.563459676622484400e+16
4.146593551876349011e+03 2.563679001175686400e+16
4.146927120660186119e+03 2.563898299171998400e+16
4.147260689444023228e+03 2.564117564503561600e+16
4.147594258227860337e+03 2.564336791052168800e+16
4.147927827011696536e+03 2.564555972689654000e+16
4.148261395795533645e+03 2.564775103278286800e+16
4.148594964579369844e+03 2.564994176671154400e+16
4.148928533363206952e+03 2.565213186712562400e+16
4.149262102147044061e+03 2.565432127238428000e+16
4.149595670930881170e+03 2.565650992076670800e+16
4.149929239714718278e+03 2.565869775047622400e+16
4.150262808498554477e+03 2.566088469964418000e+16
4.150596377282391586e+03 2.566307070633403200e+16
4.150929946066228695e+03 2.566525570854533200e+16
4.151263514850065803e+03 2.566743964421784800e+16
4.151597083633902912e+03 2.566962245123558400e+16
4.151930652417739111e+03 2.567180406743092800e+16
4.152264221201576220e+03 2.567398443058869200e+16
4.152597789985413328e+03 2.567616347845028800e+16
4.152931358769249528e+03 2.567834114871786800e+16
4.153264927553086636e+03 2.568051737905844000e+16
4.153598496336923745e+03 2.568269210710810400e+16
4.153932065120760853e+03 2.568486527047617600e+16
4.154265633904597962e+03 2.568703680674944800e+16
4.154599202688434161e+03 2.568920665349636800e+16
4.154932771472271270e+03 2.569137474827129600e+16
4.155266340256108379e+03 2.569354102861876000e+16
4.155599909039945487e+03 2.569570543207767600e+16
4.155933477823782596e+03 2.569786789618571600e+16
4.156267046607618795e+03 2.570002835848346400e+16
4.156600615391455904e+03 2.570218675651886000e+16
4.156934184175292103e+03 2.570434302785141200e+16
4.157267752959129211e+03 2.570649711005664800e+16
4.157601321742966320e+03 2.570864894073029600e+16
4.157934890526803429e+03 2.571079845749277200e+16
4.158268459310640537e+03 2.571294559799352400e+16
4.158602028094476736e+03 2.571509029991536400e+16
4.158935596878313845e+03 2.571723250097892000e+16
4.159269165662150954e+03 2.571937213894698000e+16
4.159602734445988062e+03 2.572150915162895200e+16
4.159936303229825171e+03 2.572364347688531600e+16
4.160269872013661370e+03 2.572577505263195200e+16
4.160603440797498479e+03 2.572790381684469600e+16
4.160937009581335587e+03 2.573002970756373600e+16
4.161270578365171787e+03 2.573215266289809200e+16
4.161604147149008895e+03 2.573427262103008800e+16
4.161937715932846004e+03 2.573638952021983200e+16
4.162271284716683112e+03 2.573850329880972000e+16
4.162604853500520221e+03 2.574061389522889600e+16
4.162938422284356420e+03 2.574272124799781600e+16
4.163271991068193529e+03 2.574482529573270800e+16
4.163605559852030638e+03 2.574692597715010400e+16
4.163939128635867746e+03 2.574902323107138000e+16
4.164272697419703945e+03 2.575111699642729200e+16
4.164606266203541054e+03 2.575320721226248000e+16
4.164939834987378163e+03 2.575529381774004800e+16
4.165273403771214362e+03 2.575737675214608000e+16
4.165606972555051470e+03 2.575945595489424800e+16
4.165940541338888579e+03 2.576153136553026800e+16
4.166274110122725688e+03 2.576360292373658800e+16
4.166607678906562796e+03 2.576567056933683200e+16
4.166941247690398995e+03 2.576773424230042800e+16
4.167274816474236104e+03 2.576979388274721600e+16
4.167608385258073213e+03 2.577184943095193200e+16
4.167941954041909412e+03 2.577390082734881200e+16
4.168275522825746521e+03 2.577594801253621600e+16
4.168609091609583629e+03 2.577799092728110400e+16
4.168942660393420738e+03 2.578002951252375200e+16
4.169276229177257846e+03 2.578206370938220000e+16
4.169609797961094046e+03 2.578409345915686400e+16
4.169943366744931154e+03 2.578611870333513200e+16
4.170276935528768263e+03 2.578813938359595200e+16
4.170610504312605372e+03 2.579015544181438400e+16
4.170944073096442480e+03 2.579216682006610000e+16
4.171277641880278679e+03 2.579417346063208800e+16
4.171611210664115788e+03 2.579617530600311600e+16
4.171944779447951987e+03 2.579817229888433600e+16
4.172278348231789096e+03 2.580016438219980800e+16
4.172611917015626204e+03 2.580215149909708000e+16
4.172945485799463313e+03 2.580413359295174400e+16
4.173279054583300422e+03 2.580611060737196400e+16
4.173612623367136621e+03 2.580808248620296000e+16
4.173946192150973729e+03 2.581004917353166400e+16
4.174279760934810838e+03 2.581201061369113600e+16
4.174613329718647947e+03 2.581396675126508800e+16
4.174946898502485055e+03 2.581591753109250400e+16
4.175280467286321255e+03 2.581786289827193200e+16
4.175614036070158363e+03 2.581980279816624400e+16
4.175947604853995472e+03 2.582173717640688800e+16
4.176281173637831671e+03 2.582366597889847200e+16
4.176614742421668780e+03 2.582558915182322400e+16
4.176948311205505888e+03 2.582750664164544000e+16
4.177281879989342997e+03 2.582941839511588000e+16
4.177615448773180105e+03 2.583132435927628800e+16
4.177949017557016305e+03 2.583322448146372400e+16
4.178282586340853413e+03 2.583511870931504400e+16
4.178616155124690522e+03 2.583700699077121600e+16
4.178949723908527631e+03 2.583888927408179200e+16
4.179283292692364739e+03 2.584076550780920800e+16
4.179616861476200938e+03 2.584263564083316000e+16
4.179950430260038047e+03 2.584449962235493600e+16
4.180283999043874246e+03 2.584635740190172000e+16
4.180617567827711355e+03 2.584820892933096800e+16
4.180951136611548463e+03 2.585005415483462400e+16
4.181284705395385572e+03 2.585189302894343200e+16
4.181618274179222681e+03 2.585372550253119200e+16
4.181951842963058880e+03 2.585555152681892000e+16
4.182285411746895988e+03 2.585737105337924800e+16
4.182618980530733097e+03 2.585918403414040800e+16
4.182952549314570206e+03 2.586099042139058000e+16
4.183286118098407314e+03 2.586279016778198400e+16
4.183619686882243514e+03 2.586458322633500800e+16
4.183953255666080622e+03 2.586636955044239200e+16
4.184286824449917731e+03 2.586814909387327200e+16
4.184620393233753930e+03 2.586992181077723200e+16
4.184953962017591039e+03 2.587168765568848800e+16
4.185287530801428147e+03 2.587344658352974400e+16
4.185621099585265256e+03 2.587519854961637600e+16
4.185954668369101455e+03 2.587694350966025600e+16
4.186288237152938564e+03 2.587868141977384800e+16
4.186621805936775672e+03 2.588041223647408800e+16
4.186955374720612781e+03 2.588213591668624800e+16
4.187288943504449890e+03 2.588385241774791200e+16
4.187622512288286089e+03 2.588556169741278400e+16
4.187956081072123197e+03 2.588726371385452000e+16
4.188289649855960306e+03 2.588895842567056800e+16
4.188623218639796505e+03 2.589064579188588800e+16
4.188956787423633614e+03 2.589232577195677600e+16
4.189290356207470722e+03 2.589399832577450400e+16
4.189623924991307831e+03 2.589566341366908000e+16
4.189957493775144940e+03 2.589732099641285200e+16
4.190291062558981139e+03 2.589897103522420800e+16
4.190624631342818248e+03 2.590061349177111200e+16
4.190958200126654447e+03 2.590224832817472000e+16
4.191291768910491555e+03 2.590387550701289600e+16
4.191625337694328664e+03 2.590549499132371600e+16
4.191958906478165773e+03 2.590710674460898400e+16
4.192292475262002881e+03 2.590871073083757200e+16
4.192626044045839080e+03 2.591030691444897600e+16
4.192959612829676189e+03 2.591189526035657600e+16
4.193293181613513298e+03 2.591347573395102400e+16
4.193626750397350406e+03 2.591504830110350400e+16
4.193960319181187515e+03 2.591661292816909200e+16
4.194293887965023714e+03 2.591816958198990000e+16
4.194627456748860823e+03 2.591971822989832000e+16
4.194961025532697931e+03 2.592125883972019200e+16
4.195294594316534130e+03 2.592279137977788000e+16
4.195628163100371239e+03 2.592431581889344000e+16
4.195961731884208348e+03 2.592583212639159200e+16
4.196295300668045456e+03 2.592734027210279600e+16
4.196628869451882565e+03 2.592884022636618400e+16
4.196962438235718764e+03 2.593033196003248000e+16
4.197296007019555873e+03 2.593181544446697600e+16
4.197629575803392981e+03 2.593329065155232800e+16
4.197963144587230090e+03 2.593475755369133600e+16
4.198296713371067199e+03 2.593621612380980400e+16
4.198630282154903398e+03 2.593766633535921600e+16
4.198963850938740507e+03 2.593910816231945200e+16
4.199297419722576706e+03 2.594054157920141600e+16
4.199630988506413814e+03 2.594196656104972800e+16
4.199964557290250923e+03 2.594338308344513600e+16
4.200298126074088032e+03 2.594479112250717600e+16
4.200631694857925140e+03 2.594619065489661200e+16
4.200965263641761339e+03 2.594758165781782800e+16
4.201298832425598448e+03 2.594896410902132000e+16
4.201632401209435557e+03 2.595033798680595600e+16
4.201965969993272665e+03 2.595170327002126800e+16
4.202299538777109774e+03 2.595305993806983200e+16
4.202633107560945973e+03 2.595440797090935200e+16
4.202966676344783082e+03 2.595574734905490400e+16
4.203300245128620190e+03 2.595707805358102800e+16
4.203633813912456390e+03 2.595840006612382000e+16
4.203967382696293498e+03 2.595971336888294400e+16
4.204300951480130607e+03 2.596101794462364400e+16
4.204634520263967715e+03 2.596231377667866800e+16
4.204968089047804824e+03 2.596360084895013600e+16
4.205301657831641023e+03 2.596487914591144000e+16
4.205635226615478132e+03 2.596614865260894400e+16
4.205968795399315241e+03 2.596740935466384000e+16
4.206302364183152349e+03 2.596866123827376800e+16
4.206635932966989458e+03 2.596990429021448000e+16
4.206969501750825657e+03 2.597113849784148000e+16
4.207303070534662766e+03 2.597236384909152000e+16
4.207636639318498965e+03 2.597358033248413600e+16
4.207970208102336073e+03 2.597478793712310400e+16
4.208303776886173182e+03 2.597598665269780400e+16
4.208637345670010291e+03 2.597717646948461600e+16
4.208970914453847399e+03 2.597835737834821600e+16
4.209304483237683598e+03 2.597952937074280800e+16
4.209638052021520707e+03 2.598069243871334400e+16
4.209971620805357816e+03 2.598184657489665200e+16
4.210305189589194924e+03 2.598299177252257200e+16
4.210638758373032033e+03 2.598412802541498000e+16
4.210972327156868232e+03 2.598525532799278000e+16
4.211305895940705341e+03 2.598637367527088000e+16
4.211639464724542449e+03 2.598748306286106000e+16
4.211973033508378649e+03 2.598858348697282400e+16
4.212306602292215757e+03 2.598967494441420800e+16
4.212640171076052866e+03 2.599075743259248000e+16
4.212973739859889974e+03 2.599183094951486400e+16
4.213307308643727083e+03 2.599289549378916800e+16
4.213640877427563282e+03 2.599395106462437600e+16
4.213974446211400391e+03 2.599499766183114400e+16
4.214308014995236590e+03 2.599603528582232800e+16
4.214641583779073699e+03 2.599706393761335600e+16
4.214975152562910807e+03 2.599808361882266400e+16
4.215308721346747916e+03 2.599909433167195200e+16
4.215642290130585025e+03 2.600009607898651600e+16
4.215975858914421224e+03 2.600108886419540800e+16
4.216309427698258332e+03 2.600207269133164800e+16
4.216642996482095441e+03 2.600304756503230800e+16
4.216976565265932550e+03 2.600401349053855600e+16
4.217310134049769658e+03 2.600497047369571200e+16
4.217643702833605857e+03 2.600591852095314000e+16
4.217977271617442966e+03 2.600685763936420400e+16
4.218310840401280075e+03 2.600778783658603200e+16
4.218644409185116274e+03 2.600870912087944800e+16
4.218977977968953383e+03 2.600962150110856800e+16
4.219311546752790491e+03 2.601052498674057600e+16
4.219645115536627600e+03 2.601141958784534400e+16
4.219978684320464708e+03 2.601230531509498800e+16
4.220312253104300908e+03 2.601318217976344000e+16
4.220645821888138016e+03 2.601405019372588800e+16
4.220979390671975125e+03 2.601490936945824000e+16
4.221312959455812234e+03 2.601575972003646000e+16
4.221646528239649342e+03 2.601660125913592800e+16
4.221980097023485541e+03 2.601743400103069200e+16
4.222313665807322650e+03 2.601825796059266800e+16
4.222647234591158849e+03 2.601907315329083200e+16
4.222980803374995958e+03 2.601987959519033600e+16
4.223314372158833066e+03 2.602067730295155200e+16
4.223647940942670175e+03 2.602146629382905600e+16
4.223981509726507284e+03 2.602224658567069200e+16
4.224315078510343483e+03 2.602301819691635200e+16
4.224648647294180591e+03 2.602378114659694400e+16
4.224982216078017700e+03 2.602453545433308800e+16
4.225315784861854809e+03 2.602528114033396000e+16
4.225649353645691917e+03 2.602601822539600000e+16
4.225982922429528116e+03 2.602674673090148800e+16
4.226316491213365225e+03 2.602746667881720800e+16
4.226650059997202334e+03 2.602817809169299600e+16
4.226983628781038533e+03 2.602888099266024000e+16
4.227317197564875642e+03 2.602957540543033200e+16
4.227650766348712750e+03 2.603026135429306800e+16
4.227984335132549859e+03 2.603093886411504400e+16
4.228317903916386967e+03 2.603160796033790400e+16
4.228651472700223167e+03 2.603226866897663200e+16
4.228985041484060275e+03 2.603292101661779200e+16
4.229318610267897384e+03 2.603356503041761200e+16
4.229652179051734493e+03 2.603420073810018800e+16
4.229985747835571601e+03 2.603482816795548400e+16
4.230319316619407800e+03 2.603544734883740800e+16
4.230652885403244909e+03 2.603605831016173600e+16
4.230986454187081108e+03 2.603666108190405600e+16
4.231320022970918217e+03 2.603725569459767200e+16
4.231653591754755325e+03 2.603784217933141600e+16
4.231987160538592434e+03 2.603842056774740800e+16
4.232320729322429543e+03 2.603899089203886000e+16
4.232654298106265742e+03 2.603955318494772800e+16
4.232987866890102850e+03 2.604010747976242000e+16
4.233321435673939959e+03 2.604065381031529600e+16
4.233655004457777068e+03 2.604119221098035200e+16
4.233988573241614176e+03 2.604172271667067200e+16
4.234322142025450376e+03 2.604224536283590400e+16
4.234655710809287484e+03 2.604276018545977200e+16
4.234989279593124593e+03 2.604326722105731600e+16
4.235322848376960792e+03 2.604376650667239200e+16
4.235656417160797901e+03 2.604425807987492800e+16
4.235989985944635009e+03 2.604474197875813200e+16
4.236323554728472118e+03 2.604521824193578400e+16
4.236657123512309226e+03 2.604568690853938800e+16
4.236990692296145426e+03 2.604614801821534000e+16
4.237324261079982534e+03 2.604660161112200000e+16
4.237657829863818733e+03 2.604704772792676400e+16
4.237991398647655842e+03 2.604748640980310000e+16
4.238324967431492951e+03 2.604791769842751600e+16
4.238658536215330059e+03 2.604834163597650400e+16
4.238992104999167168e+03 2.604875826512345600e+16
4.239325673783003367e+03 2.604916762903553600e+16
4.239659242566840476e+03 2.604956977137055200e+16
4.239992811350677584e+03 2.604996473627362400e+16
4.240326380134514693e+03 2.605035256837408400e+16
4.240659948918351802e+03 2.605073331278217600e+16
4.240993517702188001e+03 2.605110701508564000e+16
4.241327086486025109e+03 2.605147372134648000e+16
4.241660655269862218e+03 2.605183347809755200e+16
4.241994224053698417e+03 2.605218633233909600e+16
4.242327792837535526e+03 2.605253233153539200e+16
4.242661361621372635e+03 2.605287152361117200e+16
4.242994930405209743e+03 2.605320395694816800e+16
4.243328499189046852e+03 2.605352968038151200e+16
4.243662067972883051e+03 2.605384874319625200e+16
4.243995636756720160e+03 2.605416119512361600e+16
4.244329205540557268e+03 2.605446708633748000e+16
4.244662774324394377e+03 2.605476646745065200e+16
4.244996343108231486e+03 2.605505938951116000e+16
4.245329911892067685e+03 2.605534590399851200e+16
4.245663480675904793e+03 2.605562606282000800e+16
4.245997049459740992e+03 2.605589991830685600e+16
4.246330618243578101e+03 2.605616752321042400e+16
4.246664187027415210e+03 2.605642893069836400e+16
4.246997755811252318e+03 2.605668419435078400e+16
4.247331324595089427e+03 2.605693336815628000e+16
4.247664893378925626e+03 2.605717650650806800e+16
4.247998462162762735e+03 2.605741366420005600e+16
4.248332030946599843e+03 2.605764489642276000e+16
4.248665599730436952e+03 2.605787025875944800e+16
4.248999168514274061e+03 2.605808980718204800e+16
4.249332737298110260e+03 2.605830359804708800e+16
4.249666306081947369e+03 2.605851168809165600e+16
4.249999874865784477e+03 2.605871413442931200e+16
4.250333443649620676e+03 2.605891099454595200e+16
4.250667012433457785e+03 2.605910232629571200e+16
4.251000581217294894e+03 2.605928818789674800e+16
4.251334150001132002e+03 2.605946863792718400e+16
4.251667718784969111e+03 2.605964373532075200e+16
4.252001287568805310e+03 2.605981353936272400e+16
4.252334856352642419e+03 2.605997810968558400e+16
4.252668425136479527e+03 2.606013750626480800e+16
4.253001993920316636e+03 2.606029178941465600e+16
4.253335562704153745e+03 2.606044101978374000e+16
4.253669131487989944e+03 2.606058525835087200e+16
4.254002700271827052e+03 2.606072456642068400e+16
4.254336269055663251e+03 2.606085900561922400e+16
4.254669837839500360e+03 2.606098863788974800e+16
4.255003406623337469e+03 2.606111352548822800e+16
4.255336975407174577e+03 2.606123373097901600e+16
4.255670544191011686e+03 2.606134931723048800e+16
4.256004112974847885e+03 2.606146034741058400e+16
4.256337681758684994e+03 2.606156688498241600e+16
4.256671250542522102e+03 2.606166899369981600e+16
4.257004819326359211e+03 2.606176673760289200e+16
4.257338388110196320e+03 2.606186018101362400e+16
4.257671956894032519e+03 2.606194938853130000e+16
4.258005525677869628e+03 2.606203442502815600e+16
4.258339094461706736e+03 2.606211535564478800e+16
4.258672663245542935e+03 2.606219224578570800e+16
4.259006232029380044e+03 2.606226516111485600e+16
4.259339800813217153e+03 2.606233416755103600e+16
4.259673369597054261e+03 2.606239933126340800e+16
4.260006938380891370e+03 2.606246071866700000e+16
4.260340507164727569e+03 2.606251839641815200e+16
4.260674075948564678e+03 2.606257243140994400e+16
4.261007644732400877e+03 2.606262289076768400e+16
4.261341213516237985e+03 2.606266984184437600e+16
4.261674782300075094e+03 2.606271335221606000e+16
4.262008351083912203e+03 2.606275348967738400e+16
4.262341919867749311e+03 2.606279032223698400e+16
4.262675488651585511e+03 2.606282391811282000e+16
4.263009057435422619e+03 2.606285434572780400e+16
4.263342626219259728e+03 2.606288167370503600e+16
4.263676195003096836e+03 2.606290597086332800e+16
4.264009763786933945e+03 2.606292730621256800e+16
4.264343332570770144e+03 2.606294574894922400e+16
4.264676901354607253e+03 2.606296136845164800e+16
4.265010470138444362e+03 2.606297423427559600e+16
4.265344038922280561e+03 2.606298441614956800e+16
4.265677607706117669e+03 2.606299198397033600e+16
4.266011176489954778e+03 2.606299700779819200e+16
4.266344745273791887e+03 2.606299955785254400e+16
4.266678314057628995e+03 2.606299970450724000e+16
4.267011882841465194e+03 2.606299751828600800e+16
4.267345451625302303e+03 2.606299306985791600e+16
4.267679020409139412e+03 2.606298643003273600e+16
4.268012589192976520e+03 2.606297766975650000e+16
4.268346157976813629e+03 2.606296686010679600e+16
4.268679726760649828e+03 2.606295407228828000e+16
4.269013295544486937e+03 2.606293937762816800e+16
4.269346864328323136e+03 2.606292284757158400e+16
4.269680433112160244e+03 2.606290455367715200e+16
4.270014001895997353e+03 2.606288456761228800e+16
4.270347570679834462e+03 2.606286296114883200e+16
4.270681139463671570e+03 2.606283980615844800e+16
4.271014708247507770e+03 2.606281517460810000e+16
4.271348277031344878e+03 2.606278913855560000e+16
4.271681845815181987e+03 2.606276177014504800e+16
4.272015414599019095e+03 2.606273314160236000e+16
4.272348983382856204e+03 2.606270332523077200e+16
4.272682552166692403e+03 2.606267239340643200e+16
4.273016120950529512e+03 2.606264041857384800e+16
4.273349689734366621e+03 2.606260747324147200e+16
4.273683258518202820e+03 2.606257362997725200e+16
4.274016827302039928e+03 2.606253896140418400e+16
4.274350396085877037e+03 2.606250354019594400e+16
4.274683964869714146e+03 2.606246743907237200e+16
4.275017533653551254e+03 2.606243073079514000e+16
4.275351102437387453e+03 2.606239348816335200e+16
4.275684671221224562e+03 2.606235578400918000e+16
4.276018240005061671e+03 2.606231769119342800e+16
4.276351808788898779e+03 2.606227928260128800e+16
4.276685377572735888e+03 2.606224063113790000e+16
4.277018946356572087e+03 2.606220180972404800e+16
4.277352515140409196e+03 2.606216289129190400e+16
4.277686083924245395e+03 2.606212394878064800e+16
4.278019652708082504e+03 2.606208505513222400e+16
4.278353221491919612e+03 2.606204628328707200e+16
4.278686790275756721e+03 2.606200770617985200e+16
4.279020359059593829e+03 2.606196939673518000e+16
4.279353927843430029e+03 2.606193142786348400e+16
4.279687496627267137e+03 2.606189387245671200e+16
4.280021065411104246e+03 2.606185680338412800e+16
4.280354634194941355e+03 2.606182029348821600e+16
4.280688202978778463e+03 2.606178441558041600e+16
4.281021771762614662e+03 2.606174924243704800e+16
4.281355340546451771e+03 2.606171484679516800e+16
4.281688909330288880e+03 2.606168130134843600e+16
4.282022478114125079e+03 2.606164867874298400e+16
4.282356046897962187e+03 2.606161705157348000e+16
4.282689615681799296e+03 2.606158649237884800e+16
4.283023184465636405e+03 2.606155707363841200e+16
4.283356753249473513e+03 2.606152886776778000e+16
4.283690322033309712e+03 2.606150194711484800e+16
4.284023890817146821e+03 2.606147638395584800e+16
4.284357459600983020e+03 2.606145225049130000e+16
4.284691028384820129e+03 2.606142961884216800e+16
4.285024597168657237e+03 2.606140856104582000e+16
4.285358165952494346e+03 2.606138914905215600e+16
4.285691734736331455e+03 2.606137145471978800e+16
4.286025303520167654e+03 2.606135554981199200e+16
4.286358872304004763e+03 2.606134150599307600e+16
4.286692441087841871e+03 2.606132939482432800e+16
4.287026009871678980e+03 2.606131928776037200e+16
4.287359578655516088e+03 2.606131125614528000e+16
4.287693147439352288e+03 2.606130537120879600e+16
4.288026716223189396e+03 2.606130170406265600e+16
4.288360285007026505e+03 2.606130032569675600e+16
4.288693853790862704e+03 2.606130130697553600e+16
4.289027422574699813e+03 2.606130471863424000e+16
4.289360991358536921e+03 2.606131063127521200e+16
4.289694560142374030e+03 2.606131911536433600e+16
4.290028128926211139e+03 2.606133024122732800e+16
4.290361697710047338e+03 2.606134407904618000e+16
4.290695266493884446e+03 2.606136069885554000e+16
4.291028835277721555e+03 2.606138017053918400e+16
4.291362404061558664e+03 2.606140256382644800e+16
4.291695972845395772e+03 2.606142794828873600e+16
4.292029541629231971e+03 2.606145639333596800e+16
4.292363110413069080e+03 2.606148796821318400e+16
4.292696679196905279e+03 2.606152274199706400e+16
4.293030247980742388e+03 2.606156078359241600e+16
4.293363816764579497e+03 2.606160216172892000e+16
4.293697385548416605e+03 2.606164694495760800e+16
4.294030954332253714e+03 2.606169520164757600e+16
4.294364523116089913e+03 2.606174699998259600e+16
4.294698091899927022e+03 2.606180240795788000e+16
4.295031660683764130e+03 2.606186149337665600e+16
4.295365229467601239e+03 2.606192432384702400e+16
4.295698798251438348e+03 2.606199096677861600e+16
4.296032367035274547e+03 2.606206148937942400e+16
4.296365935819111655e+03 2.606213595865256800e+16
4.296699504602948764e+03 2.606221444139311600e+16
4.297033073386784963e+03 2.606229700418495200e+16
4.297366642170622072e+03 2.606238371339762400e+16
4.297700210954459180e+03 2.606247463518318400e+16
4.298033779738296289e+03 2.606256983547322400e+16
4.298367348522133398e+03 2.606266937997566400e+16
4.298700917305969597e+03 2.606277333417178800e+16
4.299034486089806705e+03 2.606288176331325600e+16
4.299368054873643814e+03 2.606299473241903600e+16
4.299701623657480923e+03 2.606311230627245200e+16
4.300035192441318031e+03 2.606323454941826800e+16
4.300368761225154230e+03 2.606336152615970800e+16
4.300702330008991339e+03 2.606349330055560000e+16
4.301035898792827538e+03 2.606362993641747200e+16
4.301369467576664647e+03 2.606377149730671200e+16
4.301703036360501756e+03 2.606391804653168800e+16
4.302036605144338864e+03 2.606406964714498400e+16
4.302370173928175973e+03 2.606422636194062400e+16
4.302703742712012172e+03 2.606438825345122800e+16
4.303037311495849281e+03 2.606455538394540000e+16
4.303370880279686389e+03 2.606472781542484800e+16
4.303704449063523498e+03 2.606490560962182800e+16
4.304038017847360607e+03 2.606508882799640000e+16
4.304371586631196806e+03 2.606527753173378400e+16
4.304705155415033914e+03 2.606547178174179200e+16
4.305038724198871023e+03 2.606567163864811200e+16
4.305372292982707222e+03 2.606587716279782800e+16
4.305705861766544331e+03 2.606608841425084000e+16
4.306039430550381439e+03 2.606630545277928800e+16
4.306372999334218548e+03 2.606652833786507200e+16
4.306706568118055657e+03 2.606675712869737600e+16
4.307040136901891856e+03 2.606699188417014800e+16
4.307373705685728964e+03 2.606723266287973600e+16
4.307707274469565164e+03 2.606747952312238400e+16
4.308040843253402272e+03 2.606773252289190400e+16
4.308374412037239381e+03 2.606799171987724400e+16
4.308707980821076490e+03 2.606825717146012000e+16
4.309041549604913598e+03 2.606852893471279600e+16
4.309375118388749797e+03 2.606880706639561200e+16
4.309708687172586906e+03 2.606909162295485200e+16
4.310042255956424015e+03 2.606938266052036800e+16
4.310375824740261123e+03 2.606968023490338800e+16
4.310709393524098232e+03 2.606998440159428400e+16
4.311042962307934431e+03 2.607029521576035600e+16
4.311376531091771540e+03 2.607061273224370000e+16
4.311710099875608648e+03 2.607093700555897600e+16
4.312043668659444847e+03 2.607126808989135600e+16
4.312377237443281956e+03 2.607160603909436400e+16
4.312710806227119065e+03 2.607195090668778800e+16
4.313044375010956173e+03 2.607230274585564400e+16
4.313377943794793282e+03 2.607266160944404800e+16
4.313711512578629481e+03 2.607302754995929600e+16
4.314045081362466590e+03 2.607340061956578400e+16
4.314378650146303698e+03 2.607378087008401600e+16
4.314712218930140807e+03 2.607416835298872000e+16
4.315045787713977916e+03 2.607456311940682000e+16
4.315379356497814115e+03 2.607496522011555200e+16
4.315712925281651223e+03 2.607537470554057200e+16
4.316046494065487423e+03 2.607579162575405600e+16
4.316380062849324531e+03 2.607621603047280800e+16
4.316713631633161640e+03 2.607664796905650400e+16
4.317047200416998749e+03 2.607708749050579600e+16
4.317380769200835857e+03 2.607753464346061200e+16
4.317714337984672056e+03 2.607798947619820800e+16
4.318047906768509165e+03 2.607845203663158400e+16
4.318381475552346274e+03 2.607892237230764400e+16
4.318715044336183382e+03 2.607940053040551600e+16
4.319048613120020491e+03 2.607988655773484400e+16
4.319382181903856690e+03 2.608038050073408000e+16
4.319715750687693799e+03 2.608088240546890400e+16
4.320049319471530907e+03 2.608139231763048800e+16
4.320382888255367106e+03 2.608191028253393600e+16
4.320716457039204215e+03 2.608243634511668000e+16
4.321050025823041324e+03 2.608297054993686400e+16
4.321383594606878432e+03 2.608351294117180800e+16
4.321717163390715541e+03 2.608406356261647200e+16
4.322050732174551740e+03 2.608462245768187600e+16
4.322384300958388849e+03 2.608518966939370400e+16
4.322717869742225957e+03 2.608576524039066400e+16
4.323051438526063066e+03 2.608634921292318800e+16
4.323385007309900175e+03 2.608694162885183200e+16
4.323718576093736374e+03 2.608754252964592000e+16
4.324052144877573483e+03 2.608815195638214400e+16
4.324385713661409682e+03 2.608876994974311200e+16
4.324719282445246790e+03 2.608939655001603200e+16
4.325052851229083899e+03 2.609003179709131200e+16
4.325386420012921008e+03 2.609067573046118800e+16
4.325719988796758116e+03 2.609132838921851200e+16
4.326053557580594315e+03 2.609198981205532800e+16
4.326387126364431424e+03 2.609266003726163600e+16
4.326720695148268533e+03 2.609333910272414000e+16
4.327054263932105641e+03 2.609402704592492000e+16
4.327387832715941840e+03 2.609472390394031200e+16
4.327721401499778949e+03 2.609542971343958800e+16
4.328054970283616058e+03 2.609614451068380800e+16
4.328388539067453166e+03 2.609686833152457600e+16
4.328722107851289365e+03 2.609760121140295200e+16
4.329055676635126474e+03 2.609834318534827200e+16
4.329389245418963583e+03 2.609909428797696800e+16
4.329722814202800691e+03 2.609985455349152000e+16
4.330056382986637800e+03 2.610062401567931200e+16
4.330389951770473999e+03 2.610140270791154400e+16
4.330723520554311108e+03 2.610219066314221600e+16
4.331057089338147307e+03 2.610298791390698400e+16
4.331390658121984416e+03 2.610379449232225600e+16
4.331724226905821524e+03 2.610461043008400000e+16
4.332057795689658633e+03 2.610543575846691200e+16
4.332391364473495742e+03 2.610627050832334400e+16
4.332724933257331941e+03 2.610711471008229600e+16
4.333058502041169049e+03 2.610796839374856000e+16
4.333392070825006158e+03 2.610883158890170800e+16
4.333725639608843267e+03 2.610970432469517200e+16
4.334059208392680375e+03 2.611058662985536800e+16
4.334392777176516574e+03 2.611147853268076800e+16
4.334726345960353683e+03 2.611238006104105600e+16
4.335059914744190792e+03 2.611329124237624000e+16
4.335393483528026991e+03 2.611421210369580400e+16
4.335727052311864099e+03 2.611514267157789600e+16
4.336060621095701208e+03 2.611608297216850800e+16
4.336394189879538317e+03 2.611703303118062400e+16
4.336727758663375425e+03 2.611799287389353600e+16
4.337061327447211625e+03 2.611896252515195200e+16
4.337394896231048733e+03 2.611994200936532000e+16
4.337728465014885842e+03 2.612093135050708800e+16
4.338062033798722950e+03 2.612193057211389600e+16
4.338395602582560059e+03 2.612293969728498000e+16
4.338729171366396258e+03 2.612395874868133600e+16
4.339062740150233367e+03 2.612498774852518000e+16
4.339396308934069566e+03 2.612602671859917200e+16
4.339729877717906675e+03 2.612707568024581200e+16
4.340063446501743783e+03 2.612813465436676800e+16
4.340397015285580892e+03 2.612920366142226000e+16
4.340730584069418001e+03 2.613028272143049200e+16
4.341064152853254200e+03 2.613137185396696800e+16
4.341397721637091308e+03 2.613247107816400800e+16
4.341731290420928417e+03 2.613358041271007200e+16
4.342064859204765526e+03 2.613469987584928000e+16
4.342398427988602634e+03 2.613582948538084400e+16
4.342731996772438833e+03 2.613696925865854400e+16
4.343065565556275942e+03 2.613811921259023600e+16
4.343399134340113051e+03 2.613927936363730000e+16
4.343732703123949250e+03 2.614044972781416800e+16
4.344066271907786358e+03 2.614163032068792000e+16
4.344399840691623467e+03 2.614282115737772800e+16
4.344733409475460576e+03 2.614402225255448000e+16
4.345066978259297684e+03 2.614523362044031200e+16
4.345400547043133884e+03 2.614645527480818800e+16
4.345734115826970992e+03 2.614768722898154400e+16
4.346067684610808101e+03 2.614892949583385600e+16
4.346401253394645209e+03 2.615018208778826800e+16
4.346734822178482318e+03 2.615144501681721600e+16
4.347068390962318517e+03 2.615271829444213600e+16
4.347401959746155626e+03 2.615400193173306400e+16
4.347735528529991825e+03 2.615529593930832800e+16
4.348069097313828934e+03 2.615660032733428800e+16
4.348402666097666042e+03 2.615791510552498400e+16
4.348736234881503151e+03 2.615924028314185600e+16
4.349069803665340260e+03 2.616057586899354800e+16
4.349403372449176459e+03 2.616192187143554400e+16
4.349736941233013567e+03 2.616327829837002800e+16
4.350070510016850676e+03 2.616464515724558800e+16
4.350404078800687785e+03 2.616602245505702400e+16
4.350737647584523984e+03 2.616741019834517600e+16
4.351071216368361092e+03 2.616880839319671600e+16
4.351404785152198201e+03 2.617021704524396000e+16
4.351738353936035310e+03 2.617163615966469600e+16
4.352071922719871509e+03 2.617306574118211200e+16
4.352405491503708618e+03 2.617450579406458400e+16
4.352739060287545726e+03 2.617595632212559200e+16
4.353072629071382835e+03 2.617741732872364000e+16
4.353406197855219943e+03 2.617888881676209600e+16
4.353739766639056143e+03 2.618037078868918000e+16
4.354073335422893251e+03 2.618186324649787200e+16
4.354406904206729450e+03 2.618336619172587200e+16
4.354740472990566559e+03 2.618487962545554000e+16
4.355074041774403668e+03 2.618640354831388800e+16
4.355407610558240776e+03 2.618793796047261600e+16
4.355741179342077885e+03 2.618948286164802400e+16
4.356074748125914084e+03 2.619103825110108800e+16
4.356408316909751193e+03 2.619260412763753600e+16
4.356741885693588301e+03 2.619418048960776000e+16
4.357075454477425410e+03 2.619576733490706400e+16
4.357409023261262519e+03 2.619736466097554400e+16
4.357742592045098718e+03 2.619897246479828800e+16
4.358076160828935826e+03 2.620059074290552400e+16
4.358409729612772026e+03 2.620221949137258800e+16
4.358743298396609134e+03 2.620385870582022800e+16
4.359076867180446243e+03 2.620550838141456000e+16
4.359410435964283351e+03 2.620716851286741600e+16
4.359744004748120460e+03 2.620883909443640800e+16
4.360077573531956659e+03 2.621052011992510000e+16
4.360411142315793768e+03 2.621221158268331600e+16
4.360744711099630877e+03 2.621391347560727200e+16
4.361078279883467985e+03 2.621562579113977600e+16
4.361411848667305094e+03 2.621734852127062800e+16
4.361745417451141293e+03 2.621908165753670800e+16
4.362078986234978402e+03 2.622082519102236800e+16
4.362412555018815510e+03 2.622257911235968800e+16
4.362746123802651709e+03 2.622434341172870800e+16
4.363079692586488818e+03 2.622611807885792000e+16
4.363413261370325927e+03 2.622790310302445600e+16
4.363746830154163035e+03 2.622969847305448000e+16
4.364080398938000144e+03 2.623150417732361200e+16
4.364413967721836343e+03 2.623332020375720000e+16
4.364747536505673452e+03 2.623514653983080400e+16
4.365081105289510560e+03 2.623698317257065600e+16
4.365414674073347669e+03 2.623883008855391600e+16
4.365748242857184778e+03 2.624068727390928000e+16
4.366081811641020977e+03 2.624255471431734800e+16
4.366415380424858085e+03 2.624443239501119600e+16
4.366748949208694285e+03 2.624632030077673600e+16
4.367082517992531393e+03 2.624821841595334800e+16
4.367416086776368502e+03 2.625012672443435200e+16
4.367749655560205611e+03 2.625204520966750000e+16
4.368083224344042719e+03 2.625397385465561600e+16
4.368416793127878918e+03 2.625591264195715600e+16
4.368750361911716027e+03 2.625786155368674800e+16
4.369083930695553136e+03 2.625982057151586000e+16
4.369417499479390244e+03 2.626178967667335200e+16
4.369751068263227353e+03 2.626376884994620000e+16
4.370084637047063552e+03 2.626575807168008800e+16
4.370418205830900661e+03 2.626775732178014400e+16
4.370751774614737769e+03 2.626976657971152800e+16
4.371085343398573968e+03 2.627178582450024800e+16
4.371418912182411077e+03 2.627381503473388000e+16
4.371752480966248186e+03 2.627585418856222400e+16
4.372086049750085294e+03 2.627790326369812800e+16
4.372419618533922403e+03 2.627996223741830400e+16
4.372753187317758602e+03 2.628203108656400000e+16
4.373086756101595711e+03 2.628410978754200000e+16
4.373420324885432819e+03 2.628619831632524400e+16
4.373753893669269928e+03 2.628829664845387200e+16
4.374087462453106127e+03 2.629040475903595200e+16
4.374421031236943236e+03 2.629252262274848000e+16
4.374754600020780344e+03 2.629465021383818400e+16
4.375088168804616544e+03 2.629678750612252800e+16
4.375421737588453652e+03 2.629893447299062400e+16
4.375755306372290761e+03 2.630109108740417200e+16
4.376088875156127870e+03 2.630325732189847200e+16
4.376422443939964978e+03 2.630543314858346000e+16
4.376756012723801177e+03 2.630761853914463600e+16
4.377089581507638286e+03 2.630981346484421600e+16
4.377423150291475395e+03 2.631201789652205200e+16
4.377756719075311594e+03 2.631423180459686800e+16
4.378090287859148702e+03 2.631645515906724400e+16
4.378423856642985811e+03 2.631868792951273600e+16
4.378757425426822920e+03 2.632093008509513600e+16
4.379090994210660028e+03 2.632318159455949600e+16
4.379424562994496227e+03 2.632544242623533600e+16
4.379758131778333336e+03 2.632771254803792000e+16
4.380091700562170445e+03 2.632999192746938400e+16
4.380425269346007553e+03 2.633228053162000000e+16
4.380758838129844662e+03 2.633457832716948000e+16
4.381092406913680861e+03 2.633688528038822000e+16
4.381425975697517970e+03 2.633920135713861200e+16
4.381759544481354169e+03 2.634152652287637200e+16
4.382093113265191278e+03 2.634386074265188800e+16
4.382426682049028386e+03 2.634620398111156400e+16
4.382760250832865495e+03 2.634855620249923600e+16
4.383093819616702604e+03 2.635091737065757600e+16
4.383427388400538803e+03 2.635328744902954000e+16
4.383760957184375911e+03 2.635566640065978000e+16
4.384094525968213020e+03 2.635805418819613600e+16
4.384428094752050129e+03 2.636045077389118400e+16
4.384761663535887237e+03 2.636285611960368800e+16
4.385095232319723436e+03 2.636527018680017600e+16
4.385428801103560545e+03 2.636769293655652800e+16
4.385762369887397654e+03 2.637012432955947200e+16
4.386095938671233853e+03 2.637256432610834000e+16
4.386429507455070961e+03 2.637501288611658400e+16
4.386763076238908070e+03 2.637746996911346000e+16
4.387096645022745179e+03 2.637993553424577600e+16
4.387430213806582287e+03 2.638240954027947600e+16
4.387763782590418487e+03 2.638489194560148800e+16
4.388097351374255595e+03 2.638738270822140000e+16
4.388430920158092704e+03 2.638988178577322400e+16
4.388764488941929812e+03 2.639238913551728800e+16
4.389098057725766921e+03 2.639490471434194000e+16
4.389431626509603120e+03 2.639742847876547600e+16
4.389765195293440229e+03 2.639996038493797200e+16
4.390098764077276428e+03 2.640250038864319200e+16
4.390432332861113537e+03 2.640504844530053200e+16
4.390765901644950645e+03 2.640760450996687600e+16
4.391099470428787754e+03 2.641016853733865200e+16
4.391433039212624863e+03 2.641274048175382400e+16
4.391766607996461062e+03 2.641532029719383200e+16
4.392100176780298170e+03 2.641790793728572000e+16
4.392433745564135279e+03 2.642050335530413600e+16
4.392767314347972388e+03 2.642310650417347200e+16
4.393100883131809496e+03 2.642571733646994400e+16
4.393434451915645695e+03 2.642833580442378400e+16
4.393768020699482804e+03 2.643096185992133600e+16
4.394101589483319913e+03 2.643359545450731200e+16
4.394435158267156112e+03 2.643623653938695600e+16
4.394768727050993220e+03 2.643888506542838400e+16
4.395102295834830329e+03 2.644154098316472000e+16
4.395435864618667438e+03 2.644420424279650400e+16
4.395769433402504546e+03 2.644687479419394400e+16
4.396103002186340746e+03 2.644955258689930400e+16
4.396436570970177854e+03 2.645223757012925200e+16
4.396770139754014963e+03 2.645492969277727200e+16
4.397103708537852071e+03 2.645762890341611600e+16
4.397437277321688271e+03 2.646033515030016000e+16
4.397770846105525379e+03 2.646304838136801600e+16
4.398104414889362488e+03 2.646576854424495200e+16
4.398437983673198687e+03 2.646849558624542800e+16
4.398771552457035796e+03 2.647122945437566000e+16
4.399105121240872904e+03 2.647397009533622400e+16
4.399438690024710013e+03 2.647671745552466400e+16
4.399772258808547122e+03 2.647947148103810400e+16
4.400105827592383321e+03 2.648223211767589200e+16
4.400439396376220429e+03 2.648499931094237600e+16
4.400772965160057538e+03 2.648777300604956800e+16
4.401106533943893737e+03 2.649055314791984800e+16
4.401440102727730846e+03 2.649333968118879200e+16
4.401773671511567954e+03 2.649613255020795200e+16
4.402107240295405063e+03 2.649893169904773600e+16
4.402440809079242172e+03 2.650173707150009600e+16
4.402774377863078371e+03 2.650454861108159200e+16
4.403107946646915480e+03 2.650736626103623200e+16
4.403441515430752588e+03 2.651018996433836000e+16
4.403775084214589697e+03 2.651301966369563200e+16
4.404108652998426805e+03 2.651585530155206400e+16
4.404442221782263005e+03 2.651869682009098400e+16
4.404775790566100113e+03 2.652154416123808000e+16
4.405109359349936312e+03 2.652439726666447200e+16
4.405442928133773421e+03 2.652725607778983200e+16
4.405776496917610530e+03 2.653012053578548000e+16
4.406110065701447638e+03 2.653299058157751200e+16
4.406443634485284747e+03 2.653586615585001600e+16
4.406777203269120946e+03 2.653874719904828000e+16
4.407110772052958055e+03 2.654163365138194400e+16
4.407444340836795163e+03 2.654452545282835600e+16
4.407777909620632272e+03 2.654742254313579200e+16
4.408111478404469381e+03 2.655032486182680800e+16
4.408445047188305580e+03 2.655323234820149600e+16
4.408778615972142688e+03 2.655614494134092400e+16
4.409112184755979797e+03 2.655906258011053200e+16
4.409445753539815996e+03 2.656198520316347200e+16
4.409779322323653105e+03 2.656491274894413600e+16
4.410112891107490213e+03 2.656784515569157600e+16
4.410446459891327322e+03 2.657078236144299200e+16
4.410780028675164431e+03 2.657372430403726000e+16
4.411113597459000630e+03 2.657667092111853600e+16
4.411447166242837739e+03 2.657962215013974400e+16
4.411780735026674847e+03 2.658257792836624000e+16
4.412114303810511956e+03 2.658553819287940000e+16
4.412447872594349064e+03 2.658850288058027200e+16
4.412781441378185264e+03 2.659147192819329200e+16
4.413115010162022372e+03 2.659444527226996800e+16
4.413448578945858571e+03 2.659742284919256800e+16
4.413782147729695680e+03 2.660040459517796000e+16
4.414115716513532789e+03 2.660339044628126400e+16
4.414449285297369897e+03 2.660638033839980000e+16
4.414782854081207006e+03 2.660937420727681600e+16
4.415116422865043205e+03 2.661237198850539200e+16
4.415449991648880314e+03 2.661537361753228400e+16
4.415783560432717422e+03 2.661837902966188800e+16
4.416117129216554531e+03 2.662138816006004800e+16
4.416450698000391640e+03 2.662440094375818000e+16
4.416784266784227839e+03 2.662741731565706800e+16
4.417117835568064947e+03 2.663043721053103600e+16
4.417451404351902056e+03 2.663346056303181600e+16
4.417784973135738255e+03 2.663648730769268000e+16
4.418118541919575364e+03 2.663951737893254800e+16
4.418452110703412473e+03 2.664255071105996400e+16
4.418785679487249581e+03 2.664558723827732000e+16
4.419119248271086690e+03 2.664862689468497200e+16
4.419452817054922889e+03 2.665166961428531200e+16
4.419786385838759998e+03 2.665471533098712800e+16
4.420119954622597106e+03 2.665776397860962400e+16
4.420453523406434215e+03 2.666081549088681600e+16
4.420787092190270414e+03 2.666386980147162400e+16
4.421120660974107523e+03 2.666692684394026400e+16
4.421454229757944631e+03 2.666998655179651600e+16
4.421787798541780830e+03 2.667304885847598400e+16
4.422121367325617939e+03 2.667611369735050400e+16
4.422454936109455048e+03 2.667918100173244000e+16
4.422788504893292156e+03 2.668225070487907200e+16
4.423122073677129265e+03 2.668532273999704000e+16
4.423455642460965464e+03 2.668839704024671600e+16
4.423789211244802573e+03 2.669147353874662800e+16
4.424122780028639681e+03 2.669455216857795600e+16
4.424456348812475881e+03 2.669763286278895200e+16
4.424789917596312989e+03 2.670071555439947200e+16
4.425123486380150098e+03 2.670380017640545200e+16
4.425457055163987206e+03 2.670688666178354000e+16
4.425790623947824315e+03 2.670997494349545200e+16
4.426124192731660514e+03 2.671306495449267200e+16
4.426457761515497623e+03 2.671615662772103200e+16
4.426791330299334732e+03 2.671924989612524800e+16
4.427124899083171840e+03 2.672234469265353200e+16
4.427458467867008949e+03 2.672544095026229600e+16
4.427792036650845148e+03 2.672853860192070800e+16
4.428125605434682257e+03 2.673163758061540400e+16
4.428459174218518456e+03 2.673473781935514400e+16
4.428792743002355564e+03 2.673783925117548800e+16
4.429126311786192673e+03 2.674094180914352000e+16
4.429459880570029782e+03 2.674404542636256400e+16
4.429793449353866890e+03 2.674715003597688400e+16
4.430127018137703089e+03 2.675025557117644800e+16
4.430460586921540198e+03 2.675336196520173600e+16
4.430794155705377307e+03 2.675646915134837600e+16
4.431127724489214415e+03 2.675957706297204400e+16
4.431461293273051524e+03 2.676268563349321600e+16
4.431794862056887723e+03 2.676579479640195200e+16
4.432128430840724832e+03 2.676890448526272000e+16
4.432461999624561940e+03 2.677201463371923200e+16
4.432795568408398140e+03 2.677512517549926800e+16
4.433129137192235248e+03 2.677823604441949600e+16
4.433462705976072357e+03 2.678134717439035200e+16
4.433796274759909466e+03 2.678445849942089600e+16
4.434129843543746574e+03 2.678756995362368800e+16
4.434463412327582773e+03 2.679068147121959600e+16
4.434796981111419882e+03 2.679379298654277200e+16
4.435130549895256991e+03 2.679690443404548000e+16
4.435464118679094099e+03 2.680001574830302000e+16
4.435797687462931208e+03 2.680312686401863200e+16
4.436131256246767407e+03 2.680623771602832000e+16
4.436464825030604516e+03 2.680934823930593600e+16
4.436798393814440715e+03 2.681245836896790400e+16
4.437131962598277823e+03 2.681556804027824000e+16
4.437465531382114932e+03 2.681867718865350400e+16
4.437799100165952041e+03 2.682178574966761600e+16
4.438132668949789149e+03 2.682489365905691200e+16
4.438466237733625348e+03 2.682800085272493600e+16
4.438799806517462457e+03 2.683110726674752800e+16
4.439133375301299566e+03 2.683421283737760400e+16
4.439466944085136674e+03 2.683731750105018800e+16
4.439800512868973783e+03 2.684042119438731200e+16
4.440134081652809982e+03 2.684352385420292000e+16
4.440467650436647091e+03 2.684662541750786400e+16
4.440801219220484199e+03 2.684972582151478000e+16
4.441134788004320399e+03 2.685282500364299200e+16
4.441468356788157507e+03 2.685592290152354400e+16
4.441801925571994616e+03 2.685901945300398400e+16
4.442135494355831725e+03 2.686211459615335200e+16
4.442469063139668833e+03 2.686520826926712000e+16
4.442802631923505032e+03 2.686830041087201200e+16
4.443136200707342141e+03 2.687139095973099200e+16
4.443469769491179250e+03 2.687447985484810000e+16
4.443803338275016358e+03 2.687756703547340000e+16
4.444136907058852557e+03 2.688065244110775200e+16
4.444470475842689666e+03 2.688373601150783200e+16
4.444804044626526775e+03 2.688681768669088400e+16
4.445137613410362974e+03 2.688989740693962400e+16
4.445471182194200082e+03 2.689297511280708000e+16
4.445804750978037191e+03 2.689605074512143600e+16
4.446138319761874300e+03 2.689912424499082400e+16
4.446471888545711408e+03 2.690219555380820000e+16
4.446805457329547608e+03 2.690526461325608400e+16
4.447139026113384716e+03 2.690833136531144000e+16
4.447472594897221825e+03 2.691139575225032800e+16
4.447806163681058024e+03 2.691445771665275200e+16
4.448139732464895133e+03 2.691751720140744800e+16
4.448473301248732241e+03 2.692057414971650400e+16
4.448806870032569350e+03 2.692362850510019200e+16
4.449140438816406458e+03 2.692668021140162400e+16
4.449474007600242658e+03 2.692972921279143200e+16
4.449807576384079766e+03 2.693277545377247200e+16
4.450141145167916875e+03 2.693581887918448800e+16
4.450474713951753984e+03 2.693885943420867600e+16
4.450808282735591092e+03 2.694189706437234400e+16
4.451141851519427291e+03 2.694493171555358400e+16
4.451475420303264400e+03 2.694796333398576000e+16
4.451808989087100599e+03 2.695099186626206400e+16
4.452142557870937708e+03 2.695401725934012800e+16
4.452476126654774816e+03 2.695703946054645600e+16
4.452809695438611925e+03 2.696005841758099200e+16
4.453143264222449034e+03 2.696307407852154000e+16
4.453476833006285233e+03 2.696608639182822400e+16
4.453810401790122341e+03 2.696909530634797200e+16
4.454143970573959450e+03 2.697210077131878000e+16
4.454477539357796559e+03 2.697510273637421600e+16
4.454811108141633667e+03 2.697810115154775200e+16
4.455144676925469867e+03 2.698109596727700800e+16
4.455478245709306975e+03 2.698408713440812400e+16
4.455811814493144084e+03 2.698707460419998400e+16
4.456145383276980283e+03 2.699005832832848400e+16
4.456478952060817392e+03 2.699303825889074800e+16
4.456812520844654500e+03 2.699601434840928400e+16
4.457146089628491609e+03 2.699898654983616800e+16
4.457479658412328718e+03 2.700195481655714800e+16
4.457813227196164917e+03 2.700491910239570800e+16
4.458146795980002025e+03 2.700787936161719200e+16
4.458480364763839134e+03 2.701083554893280000e+16
4.458813933547676243e+03 2.701378761950358400e+16
4.459147502331513351e+03 2.701673552894441600e+16
4.459481071115349550e+03 2.701967923332787200e+16
4.459814639899186659e+03 2.702261868918826400e+16
4.460148208683022858e+03 2.702555385352530400e+16
4.460481777466859967e+03 2.702848468380812800e+16
4.460815346250697075e+03 2.703141113797890400e+16
4.461148915034534184e+03 2.703433317445674000e+16
4.461482483818371293e+03 2.703725075214132000e+16
4.461816052602207492e+03 2.704016383041656000e+16
4.462149621386044601e+03 2.704307236915436000e+16
4.462483190169881709e+03 2.704597632871805600e+16
4.462816758953718818e+03 2.704887566996610400e+16
4.463150327737555926e+03 2.705177035425560000e+16
4.463483896521392126e+03 2.705466034344563600e+16
4.463817465305229234e+03 2.705754559990091600e+16
4.464151034089066343e+03 2.706042608649506400e+16
4.464484602872902542e+03 2.706330176661396800e+16
4.464818171656739651e+03 2.706617260415918400e+16
4.465151740440576759e+03 2.706903856355115200e+16
4.465485309224413868e+03 2.707189960973240800e+16
4.465818878008250977e+03 2.707475570817086400e+16
4.466152446792087176e+03 2.707760682486284800e+16
4.466486015575924284e+03 2.708045292633631200e+16
4.466819584359761393e+03 2.708329397965382000e+16
4.467153153143598502e+03 2.708612995241560000e+16
4.467486721927434701e+03 2.708896081276243600e+16
4.467820290711271809e+03 2.709178652937871600e+16
4.468153859495108918e+03 2.709460707149520400e+16
4.468487428278945117e+03 2.709742240889191600e+16
4.468820997062782226e+03 2.710023251190088800e+16
4.469154565846619334e+03 2.710303735140890400e+16
4.469488134630456443e+03 2.710583689886016400e+16
4.469821703414293552e+03 2.710863112625900400e+16
4.470155272198129751e+03 2.711142000617235600e+16
4.470488840981966860e+03 2.711420351173238400e+16
4.470822409765803968e+03 2.711698161663895200e+16
4.471155978549640167e+03 2.711975429516201600e+16
4.471489547333477276e+03 2.712252152214408000e+16
4.471823116117314385e+03 2.712528327300247200e+16
4.472156684901151493e+03 2.712803952373166400e+16
4.472490253684988602e+03 2.713079025090552000e+16
4.472823822468824801e+03 2.713353543167942400e+16
4.473157391252661910e+03 2.713627504379248000e+16
4.473490960036499018e+03 2.713900906556950400e+16
4.473824528820336127e+03 2.714173747592314000e+16
4.474158097604173236e+03 2.714446025435575600e+16
4.474491666388009435e+03 2.714717738096141600e+16
4.474825235171846543e+03 2.714988883642772800e+16
4.475158803955682743e+03 2.715259460203763200e+16
4.475492372739519851e+03 2.715529465967116000e+16
4.475825941523356960e+03 2.715798899180719200e+16
4.476159510307194068e+03 2.716067758152504400e+16
4.476493079091031177e+03 2.716336041250602400e+16
4.476826647874867376e+03 2.716603746903509200e+16
4.477160216658704485e+03 2.716870873600226400e+16
4.477493785442541594e+03 2.717137419890399600e+16
4.477827354226378702e+03 2.717403384384460800e+16
4.478160923010215811e+03 2.717668765753763600e+16
4.478494491794052010e+03 2.717933562730697600e+16
4.478828060577889119e+03 2.718197774108818800e+16
4.479161629361726227e+03 2.718461398742959600e+16
4.479495198145562426e+03 2.718724435549332000e+16
4.479828766929399535e+03 2.718986883505646800e+16
4.480162335713236644e+03 2.719248741651190400e+16
4.480495904497073752e+03 2.719510009086930400e+16
4.480829473280910861e+03 2.719770684975593600e+16
4.481163042064747060e+03 2.720030768541753600e+16
4.481496610848584169e+03 2.720290259071897600e+16
4.481830179632421277e+03 2.720549155914494000e+16
4.482163748416258386e+03 2.720807458480066400e+16
4.482497317200095495e+03 2.721065166241235200e+16
4.482830885983931694e+03 2.721322278732777600e+16
4.483164454767768802e+03 2.721578795551674400e+16
4.483498023551605002e+03 2.721834716357138400e+16
4.483831592335442110e+03 2.722090040870660000e+16
4.484165161119279219e+03 2.722344768876028800e+16
4.484498729903116327e+03 2.722598900219354400e+16
4.484832298686953436e+03 2.722852434809087200e+16
4.485165867470789635e+03 2.723105372616020000e+16
4.485499436254626744e+03 2.723357713673304000e+16
4.485833005038463853e+03 2.723609458076435200e+16
4.486166573822300961e+03 2.723860605983253600e+16
4.486500142606138070e+03 2.724111157613929600e+16
4.486833711389974269e+03 2.724361113250940000e+16
4.487167280173811378e+03 2.724610473239052800e+16
4.487500848957648486e+03 2.724859237985282800e+16
4.487834417741484685e+03 2.725107407958866400e+16
4.488167986525321794e+03 2.725354983691214000e+16
4.488501555309158903e+03 2.725601965775862400e+16
4.488835124092996011e+03 2.725848354868415200e+16
4.489168692876833120e+03 2.726094151686496000e+16
4.489502261660669319e+03 2.726339357009669600e+16
4.489835830444506428e+03 2.726583971679377600e+16
4.490169399228343536e+03 2.726827996598855200e+16
4.490502968012180645e+03 2.727071432733059200e+16
4.490836536796016844e+03 2.727314281108562400e+16
4.491170105579853953e+03 2.727556542813475200e+16
4.491503674363691061e+03 2.727798218997334400e+16
4.491837243147527261e+03 2.728039310871004800e+16
4.492170811931364369e+03 2.728279819706561200e+16
4.492504380715201478e+03 2.728519746837174400e+16
4.492837949499038587e+03 2.728759093656989200e+16
4.493171518282875695e+03 2.728997861620993600e+16
4.493505087066711894e+03 2.729236052244885600e+16
4.493838655850549003e+03 2.729473667104932000e+16
4.494172224634386112e+03 2.729710707837825200e+16
4.494505793418222311e+03 2.729947176140530400e+16
4.494839362202059419e+03 2.730183073770134400e+16
4.495172930985896528e+03 2.730418402543673200e+16
4.495506499769733637e+03 2.730653164337978800e+16
4.495840068553570745e+03 2.730887361089492000e+16
4.496173637337406944e+03 2.731120994794095200e+16
4.496507206121244053e+03 2.731354067506921600e+16
4.496840774905081162e+03 2.731586581342172000e+16
4.497174343688918270e+03 2.731818538472917600e+16
4.497507912472755379e+03 2.732049941130902400e+16
4.497841481256591578e+03 2.732280791606332000e+16
4.498175050040428687e+03 2.732511092247676800e+16
4.498508618824264886e+03 2.732740845461441600e+16
4.498842187608101995e+03 2.732970053711956000e+16
4.499175756391939103e+03 2.733198719521145600e+16
4.499509325175776212e+03 2.733426845468298400e+16
4.499842893959613320e+03 2.733654434189837200e+16
4.500176462743449520e+03 2.733881488379067600e+16
4.500510031527286628e+03 2.734108010785945600e+16
4.500843600311123737e+03 2.734334004216816800e+16
4.501177169094960846e+03 2.734559471534161200e+16
4.501510737878797954e+03 2.734784415656343600e+16
4.501844306662634153e+03 2.735008839557335200e+16
4.502177875446471262e+03 2.735232746266450000e+16
4.502511444230308371e+03 2.735456138868073600e+16
4.502845013014144570e+03 2.735679020501375600e+16
4.503178581797981678e+03 2.735901394360031200e+16
4.503512150581818787e+03 2.736123263691931200e+16
4.503845719365655896e+03 2.736344631798891600e+16
4.504179288149493004e+03 2.736565502036348800e+16
4.504512856933329203e+03 2.736785877813064400e+16
4.504846425717166312e+03 2.737005762590812800e+16
4.505179994501003421e+03 2.737225159884076400e+16
4.505513563284840529e+03 2.737444073259725600e+16
4.505847132068677638e+03 2.737662506336700000e+16
4.506180700852513837e+03 2.737880462785686400e+16
4.506514269636350946e+03 2.738097946328785600e+16
4.506847838420187145e+03 2.738314960739186400e+16
4.507181407204024254e+03 2.738531509840824400e+16
4.507514975987861362e+03 2.738747597508044000e+16
4.507848544771698471e+03 2.738963227665252000e+16
4.508182113555535580e+03 2.739178404286571600e+16
4.508515682339371779e+03 2.739393131395487200e+16
4.508849251123208887e+03 2.739607413064489200e+16
4.509182819907045996e+03 2.739821253414717200e+16
4.509516388690883105e+03 2.740034656615588800e+16
4.509849957474720213e+03 2.740247626884436000e+16
4.510183526258556412e+03 2.740460168486138400e+16
4.510517095042393521e+03 2.740672285732741600e+16
4.510850663826230630e+03 2.740883982983079200e+16
4.511184232610066829e+03 2.741095264642397600e+16
4.511517801393903937e+03 2.741306135161962400e+16
4.511851370177741046e+03 2.741516599038674400e+16
4.512184938961578155e+03 2.741726660814677600e+16
4.512518507745415263e+03 2.741936325076963200e+16
4.512852076529251462e+03 2.742145596456966000e+16
4.513185645313088571e+03 2.742354479630172000e+16
4.513519214096925680e+03 2.742562979315707200e+16
4.513852782880762788e+03 2.742771100275932000e+16
4.514186351664598988e+03 2.742978847316027600e+16
4.514519920448436096e+03 2.743186225283585600e+16
4.514853489232273205e+03 2.743393239068188000e+16
4.515187058016109404e+03 2.743599893600990400e+16
4.515520626799946513e+03 2.743806193854300000e+16
4.515854195583783621e+03 2.744012144841145600e+16
4.516187764367620730e+03 2.744217751614852000e+16
4.516521333151457839e+03 2.744423019268616800e+16
4.516854901935294038e+03 2.744627952935064000e+16
4.517188470719131146e+03 2.744832557785820000e+16
4.517522039502968255e+03 2.745036839031071200e+16
4.517855608286804454e+03 2.745240801919121200e+16
4.518189177070641563e+03 2.745444451735953200e+16
4.518522745854478671e+03 2.745647793804779200e+16
4.518856314638315780e+03 2.745850833485603200e+16
4.519189883422152889e+03 2.746053576174758400e+16
4.519523452205989088e+03 2.746256027304465200e+16
4.519857020989826196e+03 2.746458192342374800e+16
4.520190589773663305e+03 2.746660076791109600e+16
4.520524158557500414e+03 2.746861686187818400e+16
4.520857727341337522e+03 2.747063026103702400e+16
4.521191296125173722e+03 2.747264102143562000e+16
4.521524864909010830e+03 2.747464919945333600e+16
4.521858433692847029e+03 2.747665485179624800e+16
4.522192002476684138e+03 2.747865803549242000e+16
4.522525571260521247e+03 2.748065880788735600e+16
4.522859140044358355e+03 2.748265722663916000e+16
4.523192708828195464e+03 2.748465334971397200e+16
4.523526277612031663e+03 2.748664723538109200e+16
4.523859846395868772e+03 2.748863894220838400e+16
4.524193415179705880e+03 2.749062852905743600e+16
4.524526983963542989e+03 2.749261605507885600e+16
4.524860552747380098e+03 2.749460157970744000e+16
4.525194121531216297e+03 2.749658516265742400e+16
4.525527690315053405e+03 2.749856686391772000e+16
4.525861259098890514e+03 2.750054674374702400e+16
4.526194827882726713e+03 2.750252486266906400e+16
4.526528396666563822e+03 2.750450128146776000e+16
4.526861965450400930e+03 2.750647606118237200e+16
4.527195534234238039e+03 2.750844926310272000e+16
4.527529103018074238e+03 2.751042094876421600e+16
4.527862671801911347e+03 2.751239117994312800e+16
4.528196240585748455e+03 2.751436001865164000e+16
4.528529809369585564e+03 2.751632752713299200e+16
4.528863378153422673e+03 2.751829376785668000e+16
4.529196946937258872e+03 2.752025880351344000e+16
4.529530515721095981e+03 2.752222269701046000e+16
4.529864084504933089e+03 2.752418551146647200e+16
4.530197653288769288e+03 2.752614731020688000e+16
4.530531222072606397e+03 2.752810815675877600e+16
4.530864790856443506e+03 2.753006811484612000e+16
4.531198359640280614e+03 2.753202724838485600e+16
4.531531928424117723e+03 2.753398562147794800e+16
4.531865497207953922e+03 2.753594329841050400e+16
4.532199065991791031e+03 2.753790034364486400e+16
4.532532634775628139e+03 2.753985682181574000e+16
4.532866203559465248e+03 2.754181279772521600e+16
4.533199772343302357e+03 2.754376833633795200e+16
4.533533341127138556e+03 2.754572350277622400e+16
4.533866909910975664e+03 2.754767836231504000e+16
4.534200478694811864e+03 2.754963298037721200e+16
4.534534047478648972e+03 2.755158742252854800e+16
4.534867616262486081e+03 2.755354175447284800e+16
4.535201185046323189e+03 2.755549604204707600e+16
4.535534753830160298e+03 2.755745035121650400e+16
4.535868322613996497e+03 2.755940474806973600e+16
4.536201891397833606e+03 2.756135929881397600e+16
4.536535460181670715e+03 2.756331406977004800e+16
4.536869028965507823e+03 2.756526912736752800e+16
4.537202597749344932e+03 2.756722453813996400e+16
4.537536166533181131e+03 2.756918036871999600e+16
4.537869735317018240e+03 2.757113668583447600e+16
4.538203304100855348e+03 2.757309355629967200e+16
4.538536872884691547e+03 2.757505104701641600e+16
4.538870441668528656e+03 2.757700922496532000e+16
4.539204010452365765e+03 2.757896815720190800e+16
4.539537579236202873e+03 2.758092791085187600e+16
4.539871148020039982e+03 2.758288855310626400e+16
4.540204716803876181e+03 2.758485015121668000e+16
4.540538285587713290e+03 2.758681277249050400e+16
4.540871854371549489e+03 2.758877648428616800e+16
4.541205423155386598e+03 2.759074135400841200e+16
4.541538991939223706e+03 2.759270744910347200e+16
4.541872560723060815e+03 2.759467483705441200e+16
4.542206129506897923e+03 2.759664358537640800e+16
4.542539698290734123e+03 2.759861376161200800e+16
4.542873267074571231e+03 2.760058543332645200e+16
4.543206835858408340e+03 2.760255866810304800e+16
4.543540404642245448e+03 2.760453353353836400e+16
4.543873973426082557e+03 2.760651009723780000e+16
4.544207542209918756e+03 2.760848842681070000e+16
4.544541110993755865e+03 2.761046858986592000e+16
4.544874679777592974e+03 2.761245065400710800e+16
4.545208248561429173e+03 2.761443468682816000e+16
4.545541817345266281e+03 2.761642075590862800e+16
4.545875386129103390e+03 2.761840892880910400e+16
4.546208954912940499e+03 2.762039927306683200e+16
4.546542523696777607e+03 2.762239185619092800e+16
4.546876092480613806e+03 2.762438674565807200e+16
4.547209661264450915e+03 2.762638400890790000e+16
4.547543230048288024e+03 2.762838371333856400e+16
4.547876798832125132e+03 2.763038592630225200e+16
4.548210367615962241e+03 2.763239071510070400e+16
4.548543936399798440e+03 2.763439814698082400e+16
4.548877505183635549e+03 2.763640828913025600e+16
4.549211073967471748e+03 2.763842120867296400e+16
4.549544642751308857e+03 2.764043697266486800e+16
4.549878211535145965e+03 2.764245564808947600e+16
4.550211780318983074e+03 2.764447730185354800e+16
4.550545349102820182e+03 2.764650200078274800e+16
4.550878917886656382e+03 2.764852981161736000e+16
4.551212486670493490e+03 2.765056080100800400e+16
4.551546055454330599e+03 2.765259503551136800e+16
4.551879624238167708e+03 2.765463258158590800e+16
4.552213193022004816e+03 2.765667350558768800e+16
4.552546761805841015e+03 2.765871787376613200e+16
4.552880330589678124e+03 2.766076575225987200e+16
4.553213899373515233e+03 2.766281720709250000e+16
4.553547468157351432e+03 2.766487230416845600e+16
4.553881036941188540e+03 2.766693110926899600e+16
4.554214605725025649e+03 2.766899368804790400e+16
4.554548174508862758e+03 2.767106010602752800e+16
4.554881743292699866e+03 2.767313042859468000e+16
4.555215312076536065e+03 2.767520472099660000e+16
4.555548880860373174e+03 2.767728304833689200e+16
4.555882449644210283e+03 2.767936547557155200e+16
4.556216018428047391e+03 2.768145206750496800e+16
4.556549587211884500e+03 2.768354288878594400e+16
4.556883155995720699e+03 2.768563800390382400e+16
4.557216724779557808e+03 2.768773747718451200e+16
4.557550293563394007e+03 2.768984137278656000e+16
4.557883862347231116e+03 2.769194975469734800e+16
4.558217431131068224e+03 2.769406268672916800e+16
4.558550999914905333e+03 2.769618023251542800e+16
4.558884568698742441e+03 2.769830245550685600e+16
4.559218137482578641e+03 2.770042941896765600e+16
4.559551706266415749e+03 2.770256118597178400e+16
4.559885275050252858e+03 2.770469781939919200e+16
4.560218843834089967e+03 2.770683938193208000e+16
4.560552412617927075e+03 2.770898593605124000e+16
4.560885981401763274e+03 2.771113754403233200e+16
4.561219550185600383e+03 2.771329426794224800e+16
4.561553118969437492e+03 2.771545616963546400e+16
4.561886687753273691e+03 2.771762331075044000e+16
4.562220256537110799e+03 2.771979575270605600e+16
4.562553825320947908e+03 2.772197355669795600e+16
4.562887394104785017e+03 2.772415678369509200e+16
4.563220962888622125e+03 2.772634549443616800e+16
4.563554531672458324e+03 2.772853974942609200e+16
4.563888100456295433e+03 2.773073960893261600e+16
4.564221669240131632e+03 2.773294513298269600e+16
4.564555238023968741e+03 2.773515638135925600e+16
4.564888806807805850e+03 2.773737341359764000e+16
4.565222375591642958e+03 2.773959628898224800e+16
4.565555944375480067e+03 2.774182506654323600e+16
4.565889513159316266e+03 2.774405980505303600e+16
4.566223081943153375e+03 2.774630056302318800e+16
4.566556650726990483e+03 2.774854739870090400e+16
4.566890219510827592e+03 2.775080037006588000e+16
4.567223788294664701e+03 2.775305953482695600e+16
4.567557357078500900e+03 2.775532495041901600e+16
4.567890925862338008e+03 2.775759667399959200e+16
4.568224494646175117e+03 2.775987476244581600e+16
4.568558063430011316e+03 2.776215927235118400e+16
4.568891632213848425e+03 2.776445026002240400e+16
4.569225200997685533e+03 2.776674778147631200e+16
4.569558769781522642e+03 2.776905189243674400e+16
4.569892338565359751e+03 2.777136264833144400e+16
4.570225907349195950e+03 2.777368010428897600e+16
4.570559476133033058e+03 2.777600431513578400e+16
4.570893044916870167e+03 2.777833533539303600e+16
4.571226613700707276e+03 2.778067321927375200e+16
4.571560182484544384e+03 2.778301802067972000e+16
4.571893751268380583e+03 2.778536979319860800e+16
4.572227320052217692e+03 2.778772859010104800e+16
4.572560888836053891e+03 2.779009446433764400e+16
4.572894457619891000e+03 2.779246746853613600e+16
4.573228026403728109e+03 2.779484765499852000e+16
4.573561595187565217e+03 2.779723507569817600e+16
4.573895163971402326e+03 2.779962978227708800e+16
4.574228732755238525e+03 2.780203182604294000e+16
4.574562301539075634e+03 2.780444125796644800e+16
4.574895870322912742e+03 2.780685812867849600e+16
4.575229439106749851e+03 2.780928248846738800e+16
4.575563007890586960e+03 2.781171438727624000e+16
4.575896576674423159e+03 2.781415387470009600e+16
4.576230145458260267e+03 2.781660099998333600e+16
4.576563714242097376e+03 2.781905581201702800e+16
4.576897283025933575e+03 2.782151835933618400e+16
4.577230851809770684e+03 2.782398869011727200e+16
4.577564420593607792e+03 2.782646685217541600e+16
4.577897989377444901e+03 2.782895289296198800e+16
4.578231558161282010e+03 2.783144685956193600e+16
4.578565126945118209e+03 2.783394879869123200e+16
4.578898695728955317e+03 2.783645875669435200e+16
4.579232264512792426e+03 2.783897677954176800e+16
4.579565833296629535e+03 2.784150291282744000e+16
4.579899402080466643e+03 2.784403720176632800e+16
4.580232970864302843e+03 2.784657969119194000e+16
4.580566539648139951e+03 2.784913042555394000e+16
4.580900108431976150e+03 2.785168944891558400e+16
4.581233677215813259e+03 2.785425680495146000e+16
4.581567245999650368e+03 2.785683253694503600e+16
4.581900814783487476e+03 2.785941668778623200e+16
4.582234383567324585e+03 2.786200929996920800e+16
4.582567952351160784e+03 2.786461041558987200e+16
4.582901521134997893e+03 2.786722007634368000e+16
4.583235089918835001e+03 2.786983832352326400e+16
4.583568658702672110e+03 2.787246519801613200e+16
4.583902227486509219e+03 2.787510074030248800e+16
4.584235796270345418e+03 2.787774499045288800e+16
4.584569365054182526e+03 2.788039798812604000e+16
4.584902933838019635e+03 2.788305977256658000e+16
4.585236502621855834e+03 2.788573038260288800e+16
4.585570071405692943e+03 2.788840985664487200e+16
4.585903640189530051e+03 2.789109823268178000e+16
4.586237208973367160e+03 2.789379554828012800e+16
4.586570777757204269e+03 2.789650184058146800e+16
4.586904346541040468e+03 2.789921714630026000e+16
4.587237915324877576e+03 2.790194150172186800e+16
4.587571484108713776e+03 2.790467494270033200e+16
4.587905052892550884e+03 2.790741750465640000e+16
4.588238621676387993e+03 2.791016922257540800e+16
4.588572190460225102e+03 2.791293013100519200e+16
4.588905759244062210e+03 2.791570026405416800e+16
4.589239328027898409e+03 2.791847965538920000e+16
4.589572896811735518e+03 2.792126833823360400e+16
4.589906465595572627e+03 2.792406634536525200e+16
4.590240034379409735e+03 2.792687370911447200e+16
4.590573603163246844e+03 2.792969046136216800e+16
4.590907171947083043e+03 2.793251663353782000e+16
4.591240740730920152e+03 2.793535225661760400e+16
4.591574309514757260e+03 2.793819736112236800e+16
4.591907878298593459e+03 2.794105197711583600e+16
4.592241447082430568e+03 2.794391613420262400e+16
4.592575015866267677e+03 2.794678986152640000e+16
4.592908584650104785e+03 2.794967318776801600e+16
4.593242153433941894e+03 2.795256614114360800e+16
4.593575722217778093e+03 2.795546874940280000e+16
4.593909291001615202e+03 2.795838103982684000e+16
4.594242859785452310e+03 2.796130303922677200e+16
4.594576428569289419e+03 2.796423477394166400e+16
4.594909997353126528e+03 2.796717626983678000e+16
4.595243566136962727e+03 2.797012755230178400e+16
4.595577134920799836e+03 2.797308864624903600e+16
4.595910703704636035e+03 2.797605957611172000e+16
4.596244272488473143e+03 2.797904036584217600e+16
4.596577841272310252e+03 2.798203103891021200e+16
4.596911410056147361e+03 2.798503161830119200e+16
4.597244978839984469e+03 2.798804212651449600e+16
4.597578547623820668e+03 2.799106258556177200e+16
4.597912116407657777e+03 2.799409301696519200e+16
4.598245685191494886e+03 2.799713344175585200e+16
4.598579253975331994e+03 2.800018388047198400e+16
4.598912822759169103e+03 2.800324435315741600e+16
4.599246391543005302e+03 2.800631487935987200e+16
4.599579960326842411e+03 2.800939547812931200e+16
4.599913529110679519e+03 2.801248616801633600e+16
4.600247097894515719e+03 2.801558696707052400e+16
4.600580666678352827e+03 2.801869789283891200e+16
4.600914235462189936e+03 2.802181896236428000e+16
4.601247804246027044e+03 2.802495019218366400e+16
4.601581373029864153e+03 2.802809159832673600e+16
4.601914941813700352e+03 2.803124319631419200e+16
4.602248510597537461e+03 2.803440500115626400e+16
4.602582079381374569e+03 2.803757702735116000e+16
4.602915648165211678e+03 2.804075928888348400e+16
4.603249216949048787e+03 2.804395179922275200e+16
4.603582785732884986e+03 2.804715457132183600e+16
4.603916354516722095e+03 2.805036761761546800e+16
4.604249923300558294e+03 2.805359095001875200e+16
4.604583492084395402e+03 2.805682457992568000e+16
4.604917060868232511e+03 2.806006851820755600e+16
4.605250629652069620e+03 2.806332277521167200e+16
4.605584198435906728e+03 2.806658736075972000e+16
4.605917767219742927e+03 2.806986228414641600e+16
4.606251336003580036e+03 2.807314755413800000e+16
4.606584904787417145e+03 2.807644317897084000e+16
4.606918473571254253e+03 2.807974916634990800e+16
4.607252042355091362e+03 2.808306552344758400e+16
4.607585611138927561e+03 2.808639225690194400e+16
4.607919179922764670e+03 2.808972937281560000e+16
4.608252748706601778e+03 2.809307687675417200e+16
4.608586317490437978e+03 2.809643477374499200e+16
4.608919886274275086e+03 2.809980306827564800e+16
4.609253455058112195e+03 2.810318176429266400e+16
4.609587023841949303e+03 2.810657086520017600e+16
4.609920592625786412e+03 2.810997037385844800e+16
4.610254161409622611e+03 2.811338029258267200e+16
4.610587730193459720e+03 2.811680062314161600e+16
4.610921298977295919e+03 2.812023136675621600e+16
4.611254867761133028e+03 2.812367252409834400e+16
4.611588436544970136e+03 2.812712409528945600e+16
4.611922005328807245e+03 2.813058607989929200e+16
4.612255574112644354e+03 2.813405847694467200e+16
4.612589142896480553e+03 2.813754128488808400e+16
4.612922711680317661e+03 2.814103450163647200e+16
4.613256280464154770e+03 2.814453812454003200e+16
4.613589849247991879e+03 2.814805215039084000e+16
4.613923418031828987e+03 2.815157657542172000e+16
4.614256986815665186e+03 2.815511139530493200e+16
4.614590555599502295e+03 2.815865660515098000e+16
4.614924124383339404e+03 2.816221219950736000e+16
4.615257693167175603e+03 2.816577817235739200e+16
4.615591261951012712e+03 2.816935451711898000e+16
4.615924830734849820e+03 2.817294122664345600e+16
4.616258399518686929e+03 2.817653829321437600e+16
4.616591968302524037e+03 2.818014570854634800e+16
4.616925537086360237e+03 2.818376346378384800e+16
4.617259105870197345e+03 2.818739154950010000e+16
4.617592674654034454e+03 2.819102995569592400e+16
4.617926243437871562e+03 2.819467867179860000e+16
4.618259812221708671e+03 2.819833768666067200e+16
4.618593381005544870e+03 2.820200698855895600e+16
4.618926949789381979e+03 2.820568656519332400e+16
4.619260518573218178e+03 2.820937640368565600e+16
4.619594087357055287e+03 2.821307649057874400e+16
4.619927656140892395e+03 2.821678681183522400e+16
4.620261224924729504e+03 2.822050735283648400e+16
4.620594793708566613e+03 2.822423809838159200e+16
4.620928362492402812e+03 2.822797903268628800e+16
4.621261931276239920e+03 2.823173013938197600e+16
4.621595500060077029e+03 2.823549140151459200e+16
4.621929068843914138e+03 2.823926280154365200e+16
4.622262637627751246e+03 2.824304432134130000e+16
4.622596206411587445e+03 2.824683594219116800e+16
4.622929775195424554e+03 2.825063764478755200e+16
4.623263343979261663e+03 2.825444940923431200e+16
4.623596912763097862e+03 2.825827121504399200e+16
4.623930481546934971e+03 2.826210304113685600e+16
4.624264050330772079e+03 2.826594486583991200e+16
4.624597619114609188e+03 2.826979666688600800e+16
4.624931187898446296e+03 2.827365842141295200e+16
4.625264756682282496e+03 2.827753010596252400e+16
4.625598325466119604e+03 2.828141169647968000e+16
4.625931894249956713e+03 2.828530316831162400e+16
4.626265463033793822e+03 2.828920449620695200e+16
4.626599031817630930e+03 2.829311565431478400e+16
4.626932600601467129e+03 2.829703661618396000e+16
4.627266169385304238e+03 2.830096735476219200e+16
4.627599738169140437e+03 2.830490784239525600e+16
4.627933306952977546e+03 2.830885805082617200e+16
4.628266875736814654e+03 2.831281795119445600e+16
4.628600444520651763e+03 2.831678751403532400e+16
4.628934013304488872e+03 2.832076670927896000e+16
4.629267582088325071e+03 2.832475550624972000e+16
4.629601150872162179e+03 2.832875387366545600e+16
4.629934719655999288e+03 2.833276177963682000e+16
4.630268288439836397e+03 2.833677919166648000e+16
4.630601857223673505e+03 2.834080607664853200e+16
4.630935426007509705e+03 2.834484240086774400e+16
4.631268994791346813e+03 2.834888812999902000e+16
4.631602563575183922e+03 2.835294322910665600e+16
4.631936132359020121e+03 2.835700766264376400e+16
4.632269701142857230e+03 2.836108139445168800e+16
4.632603269926694338e+03 2.836516438775939200e+16
4.632936838710531447e+03 2.836925660518291200e+16
4.633270407494368555e+03 2.837335800872480800e+16
4.633603976278204755e+03 2.837746855977354000e+16
4.633937545062041863e+03 2.838158821910315200e+16
4.634271113845878062e+03 2.838571694687258400e+16
4.634604682629715171e+03 2.838985470262529600e+16
4.634938251413552280e+03 2.839400144528876800e+16
4.635271820197389388e+03 2.839815713317404000e+16
4.635605388981226497e+03 2.840232172397541600e+16
4.635938957765062696e+03 2.840649517476986400e+16
4.636272526548899805e+03 2.841067744201683600e+16
4.636606095332736913e+03 2.841486848155776000e+16
4.636939664116574022e+03 2.841906824861576400e+16
4.637273232900411131e+03 2.842327669779536000e+16
4.637606801684247330e+03 2.842749378308214400e+16
4.637940370468084438e+03 2.843171945784250400e+16
4.638273939251921547e+03 2.843595367482336000e+16
4.638607508035757746e+03 2.844019638615197600e+16
4.638941076819594855e+03 2.844444754333568800e+16
4.639274645603431964e+03 2.844870709726179600e+16
4.639608214387269072e+03 2.845297499819735200e+16
4.639941783171106181e+03 2.845725119578898400e+16
4.640275351954942380e+03 2.846153563906287200e+16
4.640608920738779489e+03 2.846582827642459200e+16
4.640942489522616597e+03 2.847012905565910000e+16
4.641276058306453706e+03 2.847443792393060800e+16
4.641609627090290815e+03 2.847875482778266400e+16
4.641943195874127014e+03 2.848307971313810400e+16
4.642276764657964122e+03 2.848741252529912000e+16
4.642610333441800321e+03 2.849175320894728400e+16
4.642943902225637430e+03 2.849610170814371200e+16
4.643277471009474539e+03 2.850045796632908000e+16
4.643611039793311647e+03 2.850482192632385600e+16
4.643944608577148756e+03 2.850919353032843200e+16
4.644278177360984955e+03 2.851357271992333600e+16
4.644611746144822064e+03 2.851795943606946800e+16
4.644945314928659172e+03 2.852235361910834800e+16
4.645278883712496281e+03 2.852675520876240400e+16
4.645612452496333390e+03 2.853116414413533600e+16
4.645946021280169589e+03 2.853558036371237600e+16
4.646279590064006698e+03 2.854000380536078400e+16
4.646613158847843806e+03 2.854443440633016800e+16
4.646946727631680005e+03 2.854887210325294000e+16
4.647280296415517114e+03 2.855331683214488400e+16
4.647613865199354223e+03 2.855776852840551200e+16
4.647947433983191331e+03 2.856222712681875600e+16
4.648281002767028440e+03 2.856669256155344000e+16
4.648614571550864639e+03 2.857116476616393600e+16
4.648948140334701748e+03 2.857564367359077600e+16
4.649281709118538856e+03 2.858012921616139200e+16
4.649615277902375965e+03 2.858462132559076400e+16
4.649948846686213074e+03 2.858911993298220000e+16
4.650282415470049273e+03 2.859362496882805600e+16
4.650615984253886381e+03 2.859813636301073600e+16
4.650949553037722580e+03 2.860265404480330400e+16
4.651283121821559689e+03 2.860717794287056000e+16
4.651616690605396798e+03 2.861170798526990400e+16
4.651950259389233906e+03 2.861624409945233200e+16
4.652283828173071015e+03 2.862078621226338400e+16
4.652617396956907214e+03 2.862533424994427200e+16
4.652950965740744323e+03 2.862988813813292800e+16
4.653284534524581431e+03 2.863444780186515200e+16
4.653618103308418540e+03 2.863901316557571200e+16
4.653951672092255649e+03 2.864358415309964400e+16
4.654285240876091848e+03 2.864816068767344800e+16
4.654618809659928957e+03 2.865274269193638800e+16
4.654952378443766065e+03 2.865733008793182800e+16
4.655285947227602264e+03 2.866192279710861200e+16
4.655619516011439373e+03 2.866652074032248400e+16
4.655953084795276482e+03 2.867112383783750400e+16
4.656286653579113590e+03 2.867573200932764800e+16
4.656620222362950699e+03 2.868034517387826400e+16
4.656953791146786898e+03 2.868496324998768000e+16
4.657287359930624007e+03 2.868958615556895200e+16
4.657620928714460206e+03 2.869421380795138400e+16
4.657954497498297314e+03 2.869884612388236800e+16
4.658288066282134423e+03 2.870348301952915200e+16
4.658621635065971532e+03 2.870812441048060800e+16
4.658955203849808640e+03 2.871277021174916800e+16
4.659288772633644840e+03 2.871742033777269600e+16
4.659622341417481948e+03 2.872207470241648000e+16
4.659955910201319057e+03 2.872673321897528000e+16
4.660289478985156165e+03 2.873139580017529600e+16
4.660623047768993274e+03 2.873606235817640000e+16
4.660956616552829473e+03 2.874073280457418400e+16
4.661290185336666582e+03 2.874540705040231200e+16
4.661623754120503691e+03 2.875008500613464800e+16
4.661957322904339890e+03 2.875476658168762400e+16
4.662290891688176998e+03 2.875945168642267200e+16
4.662624460472014107e+03 2.876414022914854400e+16
4.662958029255851216e+03 2.876883211812386400e+16
4.663291598039688324e+03 2.877352726105958400e+16
4.663625166823524523e+03 2.877822556512161600e+16
4.663958735607361632e+03 2.878292693693346000e+16
4.664292304391198741e+03 2.878763128257883200e+16
4.664625873175035849e+03 2.879233850760449600e+16
4.664959441958872958e+03 2.879704851702297600e+16
4.665293010742709157e+03 2.880176121531547200e+16
4.665626579526546266e+03 2.880647650643469600e+16
4.665960148310382465e+03 2.881119429380792000e+16
4.666293717094219573e+03 2.881591448033991600e+16
4.666627285878056682e+03 2.882063696841607200e+16
4.666960854661893791e+03 2.882536165990546400e+16
4.667294423445730899e+03 2.883008845616421600e+16
4.667627992229567099e+03 2.883481725803850400e+16
4.667961561013404207e+03 2.883954796586804000e+16
4.668295129797241316e+03 2.884428047948935600e+16
4.668628698581078424e+03 2.884901469823927200e+16
4.668962267364915533e+03 2.885375052095833600e+16
4.669295836148751732e+03 2.885848784599436400e+16
4.669629404932588841e+03 2.886322657120609600e+16
4.669962973716425950e+03 2.886796659396678400e+16
4.670296542500262149e+03 2.887270781116797600e+16
4.670630111284099257e+03 2.887745011922322800e+16
4.670963680067936366e+03 2.888219341407201600e+16
4.671297248851773475e+03 2.888693759118362000e+16
4.671630817635610583e+03 2.889168254556104000e+16
4.671964386419446782e+03 2.889642817174507600e+16
4.672297955203283891e+03 2.890117436381843200e+16
4.672631523987121000e+03 2.890592101540977600e+16
4.672965092770958108e+03 2.891066801969807200e+16
4.673298661554795217e+03 2.891541526941676800e+16
4.673632230338631416e+03 2.892016265685817200e+16
4.673965799122468525e+03 2.892491007387785600e+16
4.674299367906304724e+03 2.892965741189911600e+16
4.674632936690141833e+03 2.893440456191749600e+16
4.674966505473978941e+03 2.893915141450536800e+16
4.675300074257816050e+03 2.894389785981666000e+16
4.675633643041653158e+03 2.894864378759148000e+16
4.675967211825489358e+03 2.895338908716098000e+16
4.676300780609326466e+03 2.895813364745217600e+16
4.676634349393163575e+03 2.896287735699284800e+16
4.676967918177000683e+03 2.896762010391654400e+16
4.677301486960836883e+03 2.897236177596765200e+16
4.677635055744673991e+03 2.897710226050643200e+16
4.677968624528511100e+03 2.898184144451428000e+16
4.678302193312348209e+03 2.898657921459894000e+16
4.678635762096184408e+03 2.899131545699975200e+16
4.678969330880021516e+03 2.899605005759314400e+16
4.679302899663858625e+03 2.900078290189795600e+16
4.679636468447695734e+03 2.900551387508101200e+16
4.679970037231532842e+03 2.901024286196268000e+16
4.680303606015369041e+03 2.901496974702246800e+16
4.680637174799206150e+03 2.901969441440482000e+16
4.680970743583042349e+03 2.902441674792474400e+16
4.681304312366879458e+03 2.902913663107379200e+16
4.681637881150716566e+03 2.903385394702587200e+16
4.681971449934553675e+03 2.903856857864321600e+16
4.682305018718390784e+03 2.904328040848245200e+16
4.682638587502226983e+03 2.904798931880067200e+16
4.682972156286064092e+03 2.905269519156161600e+16
4.683305725069901200e+03 2.905739790844187200e+16
4.683639293853738309e+03 2.906209735083719200e+16
4.683972862637575417e+03 2.906679339986885200e+16
4.684306431421411617e+03 2.907148593639009600e+16
4.684640000205248725e+03 2.907617484099255200e+16
4.684973568989085834e+03 2.908085999401289600e+16
4.685307137772922033e+03 2.908554127553936800e+16
4.685640706556759142e+03 2.909021856541854400e+16
4.685974275340596250e+03 2.909489174326205200e+16
4.686307844124433359e+03 2.909956068845336400e+16
4.686641412908270468e+03 2.910422528015471600e+16
4.686974981692106667e+03 2.910888539731401200e+16
4.687308550475943775e+03 2.911354091867188000e+16
4.687642119259780884e+03 2.911819172276869200e+16
4.687975688043617993e+03 2.912283768795174800e+16
4.688309256827455101e+03 2.912747869238242800e+16
4.688642825611291300e+03 2.913211461404348400e+16
4.688976394395128409e+03 2.913674533074634000e+16
4.689309963178964608e+03 2.914137072013851200e+16
4.689643531962801717e+03 2.914599065971104800e+16
4.689977100746638826e+03 2.915060502680594800e+16
4.690310669530475934e+03 2.915521369862388000e+16
4.690644238314313043e+03 2.915981655223170800e+16
4.690977807098149242e+03 2.916441346457022800e+16
4.691311375881986351e+03 2.916900431246189600e+16
4.691644944665823459e+03 2.917358897261867200e+16
4.691978513449660568e+03 2.917816732164981600e+16
4.692312082233497676e+03 2.918273923606993600e+16
4.692645651017333876e+03 2.918730459230682400e+16
4.692979219801170984e+03 2.919186326670965600e+16
4.693312788585008093e+03 2.919641513555700800e+16
4.693646357368844292e+03 2.920096007506496400e+16
4.693979926152681401e+03 2.920549796139548800e+16
4.694313494936518509e+03 2.921002867066452800e+16
4.694647063720354708e+03 2.921455207895048800e+16
4.694980632504192727e+03 2.921906806230244800e+16
4.695314201288028926e+03 2.922357649674874400e+16
4.695647770071866034e+03 2.922807725830538000e+16
4.695981338855703143e+03 2.923257022298460400e+16
4.696314907639540252e+03 2.923705526680344800e+16
4.696648476423376451e+03 2.924153226579245200e+16
4.696982045207214469e+03 2.924600109600427200e+16
4.697315613991050668e+03 2.925046163352244000e+16
4.697649182774886867e+03 2.925491375447026800e+16
4.697982751558723976e+03 2.925935733501955200e+16
4.698316320342561085e+03 2.926379225139952000e+16
4.698649889126398193e+03 2.926821837990574800e+16
4.698983457910234392e+03 2.927263559690916800e+16
4.699317026694072410e+03 2.927704377886513200e+16
4.699650595477908610e+03 2.928144280232237600e+16
4.699984164261745718e+03 2.928583254393225600e+16
4.700317733045582827e+03 2.929021288045784800e+16
4.700651301829419026e+03 2.929458368878316000e+16
4.700984870613256135e+03 2.929894484592232000e+16
4.701318439397092334e+03 2.930329622902902000e+16
4.701652008180930352e+03 2.930763771540570000e+16
4.701985576964766551e+03 2.931196918251290400e+16
4.702319145748603660e+03 2.931629050797879200e+16
4.702652714532440768e+03 2.932060156960848000e+16
4.702986283316277877e+03 2.932490224539356000e+16
4.703319852100114076e+03 2.932919241352159200e+16
4.703653420883952094e+03 2.933347195238567200e+16
4.703986989667788293e+03 2.933774074059393600e+16
4.704320558451624493e+03 2.934199865697925600e+16
4.704654127235461601e+03 2.934624558060885200e+16
4.704987696019298710e+03 2.935048139079392000e+16
4.705321264803135819e+03 2.935470596709935200e+16
4.705654833586972018e+03 2.935891918935346800e+16
4.705988402370810036e+03 2.936312093765778000e+16
4.706321971154646235e+03 2.936731109239673600e+16
4.706655539938483344e+03 2.937148953424753600e+16
4.706989108722320452e+03 2.937565614418997200e+16
4.707322677506157561e+03 2.937981080351617200e+16
4.707656246289993760e+03 2.938395339384067600e+16
4.707989815073829959e+03 2.938808379711009600e+16
4.708323383857667977e+03 2.939220189561316800e+16
4.708656952641504176e+03 2.939630757199060000e+16
4.708990521425341285e+03 2.940040070924502000e+16
4.709324090209178394e+03 2.940448119075099200e+16
4.709657658993015502e+03 2.940854890026488000e+16
4.709991227776851701e+03 2.941260372193490400e+16
4.710324796560689720e+03 2.941664554031108000e+16
4.710658365344525919e+03 2.942067424035527200e+16
4.710991934128363027e+03 2.942468970745112400e+16
4.711325502912199227e+03 2.942869182741416000e+16
4.711659071696037245e+03 2.943268048650176000e+16
4.711992640479873444e+03 2.943665557142313600e+16
4.712326209263709643e+03 2.944061696934945600e+16
4.712659778047547661e+03 2.944456456792384800e+16
4.712993346831383860e+03 2.944849825527134400e+16
4.713326915615220969e+03 2.945241792000901200e+16
4.713660484399058078e+03 2.945632345125594800e+16
4.713994053182895186e+03 2.946021473864328800e+16
4.714327621966731385e+03 2.946409167232426400e+16
4.714661190750568494e+03 2.946795414298412800e+16
4.714994759534405603e+03 2.947180204185029200e+16
4.715328328318242711e+03 2.947563526070214400e+16
4.715661897102078910e+03 2.947945369188122000e+16
4.715995465885916929e+03 2.948325722830106800e+16
4.716329034669753128e+03 2.948704576345719200e+16
4.716662603453589327e+03 2.949081919143704000e+16
4.716996172237427345e+03 2.949457740692995600e+16
4.717329741021263544e+03 2.949832030523700000e+16
4.717663309805100653e+03 2.950204778228093600e+16
4.717996878588936852e+03 2.950575973461600400e+16
4.718330447372774870e+03 2.950945605943784800e+16
4.718664016156611069e+03 2.951313665459324800e+16
4.718997584940448178e+03 2.951680141859004800e+16
4.719331153724285286e+03 2.952045025060679200e+16
4.719664722508122395e+03 2.952408305050252400e+16
4.719998291291958594e+03 2.952769971882651600e+16
4.720331860075796612e+03 2.953130015682790000e+16
4.720665428859632812e+03 2.953488426646537600e+16
4.720998997643469011e+03 2.953845195041670000e+16
4.721332566427306119e+03 2.954200311208846800e+16
4.721666135211143228e+03 2.954553765562545200e+16
4.721999703994980337e+03 2.954905548592018800e+16
4.722333272778816536e+03 2.955255650862244000e+16
4.722666841562654554e+03 2.955604063014864400e+16
4.723000410346490753e+03 2.955950775769114000e+16
4.723333979130327862e+03 2.956295779922768800e+16
4.723667547914164970e+03 2.956639066353064800e+16
4.724001116698001169e+03 2.956980626017616800e+16
4.724334685481838278e+03 2.957320449955351600e+16
4.724668254265674477e+03 2.957658529287404000e+16
4.725001823049512495e+03 2.957994855218041600e+16
4.725335391833348694e+03 2.958329419035549200e+16
4.725668960617185803e+03 2.958662212113140800e+16
4.726002529401022912e+03 2.958993225909848400e+16
4.726336098184860020e+03 2.959322451971395200e+16
4.726669666968696220e+03 2.959649881931092000e+16
4.727003235752534238e+03 2.959975507510702400e+16
4.727336804536370437e+03 2.960299320521300000e+16
4.727670373320206636e+03 2.960621312864150400e+16
4.728003942104043745e+03 2.960941476531544800e+16
4.728337510887880853e+03 2.961259803607661600e+16
4.728671079671717962e+03 2.961576286269395600e+16
4.729004648455554161e+03 2.961890916787193200e+16
4.729338217239392179e+03 2.962203687525886000e+16
4.729671786023228378e+03 2.962514590945498000e+16
4.730005354807065487e+03 2.962823619602065600e+16
4.730338923590902596e+03 2.963130766148436800e+16
4.730672492374739704e+03 2.963436023335066400e+16
4.731006061158575903e+03 2.963739384010804000e+16
4.731339629942412103e+03 2.964040841123676000e+16
4.731673198726250121e+03 2.964340387721652800e+16
4.732006767510086320e+03 2.964638016953412000e+16
4.732340336293923428e+03 2.964933722069101600e+16
4.732673905077760537e+03 2.965227496421070800e+16
4.733007473861597646e+03 2.965519333464619600e+16
4.733341042645433845e+03 2.965809226758723200e+16
4.733674611429271863e+03 2.966097169966748400e+16
4.734008180213108062e+03 2.966383156857168000e+16
4.734341748996945171e+03 2.966667181304256000e+16
4.734675317780781370e+03 2.966949237288789600e+16
4.735008886564619388e+03 2.967229318898719200e+16
4.735342455348455587e+03 2.967507420329842800e+16
4.735676024132291786e+03 2.967783535886478800e+16
4.736009592916129805e+03 2.968057659982104800e+16
4.736343161699966004e+03 2.968329787140007200e+16
4.736676730483803112e+03 2.968599911993916800e+16
4.737010299267640221e+03 2.968868029288620800e+16
4.737343868051477330e+03 2.969134133880582000e+16
4.737677436835313529e+03 2.969398220738541600e+16
4.738011005619150637e+03 2.969660284944103600e+16
4.738344574402987746e+03 2.969920321692319600e+16
4.738678143186824855e+03 2.970178326292252800e+16
4.739011711970661054e+03 2.970434294167542400e+16
4.739345280754499072e+03 2.970688220856948800e+16
4.739678849538335271e+03 2.970940102014879600e+16
4.740012418322171470e+03 2.971189933411936400e+16
4.740345987106009488e+03 2.971437710935406400e+16
4.740679555889845687e+03 2.971683430589773600e+16
4.741013124673682796e+03 2.971927088497213600e+16
4.741346693457518995e+03 2.972168680898056800e+16
4.741680262241357013e+03 2.972408204151280400e+16
4.742013831025193213e+03 2.972645654734935600e+16
4.742347399809030321e+03 2.972881029246611200e+16
4.742680968592867430e+03 2.973114324403861200e+16
4.743014537376704538e+03 2.973345537044612800e+16
4.743348106160540738e+03 2.973574664127588400e+16
4.743681674944378756e+03 2.973801702732695200e+16
4.744015243728214955e+03 2.974026650061400800e+16
4.744348812512051154e+03 2.974249503437113600e+16
4.744682381295888263e+03 2.974470260305535200e+16
4.745015950079725371e+03 2.974688918235011200e+16
4.745349518863562480e+03 2.974905474916851200e+16
4.745683087647398679e+03 2.975119928165665200e+16
4.746016656431236697e+03 2.975332275919660800e+16
4.746350225215072896e+03 2.975542516240942000e+16
4.746683793998910005e+03 2.975750647315781600e+16
4.747017362782747114e+03 2.975956667454912400e+16
4.747350931566583313e+03 2.976160575093752800e+16
4.747684500350420421e+03 2.976362368792677600e+16
4.748018069134256621e+03 2.976562047237232000e+16
4.748351637918094639e+03 2.976759609238352800e+16
4.748685206701930838e+03 2.976955053732570400e+16
4.749018775485767947e+03 2.977148379782204800e+16
4.749352344269605055e+03 2.977339586575541600e+16
4.749685913053442164e+03 2.977528673426985600e+16
4.750019481837278363e+03 2.977715639777226800e+16
4.750353050621116381e+03 2.977900485193375200e+16
4.750686619404952580e+03 2.978083209369075200e+16
4.751020188188788779e+03 2.978263812124627600e+16
4.751353756972625888e+03 2.978442293407084800e+16
4.751687325756462997e+03 2.978618653290331600e+16
4.752020894540300105e+03 2.978792891975158800e+16
4.752354463324136304e+03 2.978965009789318400e+16
4.752688032107974323e+03 2.979135007187578000e+16
4.753021600891810522e+03 2.979302884751734400e+16
4.753355169675647630e+03 2.979468643190646400e+16
4.753688738459484739e+03 2.979632283340233200e+16
4.754022307243321848e+03 2.979793806163460800e+16
4.754355876027158047e+03 2.979953212750328000e+16
4.754689444810994246e+03 2.980110504317820800e+16
4.755023013594832264e+03 2.980265682209871200e+16
4.755356582378668463e+03 2.980418747897286800e+16
4.755690151162505572e+03 2.980569702977680800e+16
4.756023719946342680e+03 2.980718549175382400e+16
4.756357288730179789e+03 2.980865288341320800e+16
4.756690857514015988e+03 2.981009922452928800e+16
4.757024426297854006e+03 2.981152453614000000e+16
4.757357995081690206e+03 2.981292884054549600e+16
4.757691563865527314e+03 2.981431216130655200e+16
4.758025132649363513e+03 2.981567452324292800e+16
4.758358701433201531e+03 2.981701595243152800e+16
4.758692270217037731e+03 2.981833647620436800e+16
4.759025839000873930e+03 2.981963612314663200e+16
4.759359407784711948e+03 2.982091492309432800e+16
4.759692976568548147e+03 2.982217290713198400e+16
4.760026545352385256e+03 2.982341010759018400e+16
4.760360114136222364e+03 2.982462655804294800e+16
4.760693682920059473e+03 2.982582229330501600e+16
4.761027251703895672e+03 2.982699734942891200e+16
4.761360820487732781e+03 2.982815176370210000e+16
4.761694389271569889e+03 2.982928557464368000e+16
4.762027958055406998e+03 2.983039882200133600e+16
4.762361526839243197e+03 2.983149154674778800e+16
4.762695095623081215e+03 2.983256379107746800e+16
4.763028664406917414e+03 2.983361559840273600e+16
4.763362233190753614e+03 2.983464701335028400e+16
4.763695801974591632e+03 2.983565808175719600e+16
4.764029370758427831e+03 2.983664885066695600e+16
4.764362939542264940e+03 2.983761936832539200e+16
4.764696508326101139e+03 2.983856968417642000e+16
4.765030077109939157e+03 2.983949984885768000e+16
4.765363645893775356e+03 2.984040991419610400e+16
4.765697214677612465e+03 2.984129993320331200e+16
4.766030783461449573e+03 2.984216996007096400e+16
4.766364352245286682e+03 2.984302005016581200e+16
4.766697921029122881e+03 2.984385026002496400e+16
4.767031489812960899e+03 2.984466064735066000e+16
4.767365058596797098e+03 2.984545127100523200e+16
4.767698627380633297e+03 2.984622219100579600e+16
4.768032196164470406e+03 2.984697346851886000e+16
4.768365764948307515e+03 2.984770516585484800e+16
4.768699333732144623e+03 2.984841734646250400e+16
4.769032902515980822e+03 2.984911007492319200e+16
4.769366471299818841e+03 2.984978341694508000e+16
4.769700040083655040e+03 2.985043743935718400e+16
4.770033608867492148e+03 2.985107221010338400e+16
4.770367177651329257e+03 2.985168779823634000e+16
4.770700746435165456e+03 2.985228427391114400e+16
4.771034315219002565e+03 2.985286170837910000e+16
4.771367884002838764e+03 2.985342017398127200e+16
4.771701452786676782e+03 2.985395974414196000e+16
4.772035021570512981e+03 2.985448049336196400e+16
4.772368590354350090e+03 2.985498249721204400e+16
4.772702159138187199e+03 2.985546583232601600e+16
4.773035727922024307e+03 2.985593057639378400e+16
4.773369296705860506e+03 2.985637680815446400e+16
4.773702865489698524e+03 2.985680460738923200e+16
4.774036434273534724e+03 2.985721405491408000e+16
4.774370003057370923e+03 2.985760523257265600e+16
4.774703571841208031e+03 2.985797822322887200e+16
4.775037140625045140e+03 2.985833311075943200e+16
4.775370709408882249e+03 2.985866998004625600e+16
4.775704278192718448e+03 2.985898891696904400e+16
4.776037846976556466e+03 2.985929000839744800e+16
4.776371415760392665e+03 2.985957334218329600e+16
4.776704984544229774e+03 2.985983900715279200e+16
4.777038553328066882e+03 2.986008709309862400e+16
4.777372122111903991e+03 2.986031769077185600e+16
4.777705690895740190e+03 2.986053089187394400e+16
4.778039259679576389e+03 2.986072678904854400e+16
4.778372828463414407e+03 2.986090547587333200e+16
4.778706397247250607e+03 2.986106704685162400e+16
4.779039966031087715e+03 2.986121159740412000e+16
4.779373534814924824e+03 2.986133922386041600e+16
4.779707103598761933e+03 2.986145002345053200e+16
4.780040672382598132e+03 2.986154409429638800e+16
4.780374241166436150e+03 2.986162153540308800e+16
4.780707809950272349e+03 2.986168244665032800e+16
4.781041378734109458e+03 2.986172692878363200e+16
4.781374947517945657e+03 2.986175508340557200e+16
4.781708516301783675e+03 2.986176701296689600e+16
4.782042085085619874e+03 2.986176282075757600e+16
4.782375653869456073e+03 2.986174261089791200e+16
4.782709222653294091e+03 2.986170648832949600e+16
4.783042791437130290e+03 2.986165455880613200e+16
4.783376360220967399e+03 2.986158692888472000e+16
4.783709929004803598e+03 2.986150370591614400e+16
4.784043497788641616e+03 2.986140499803598800e+16
4.784377066572477815e+03 2.986129091415529600e+16
4.784710635356314924e+03 2.986116156395136800e+16
4.785044204140152033e+03 2.986101705785828800e+16
4.785377772923989141e+03 2.986085750705764800e+16
4.785711341707825341e+03 2.986068302346906400e+16
4.786044910491663359e+03 2.986049371974078400e+16
4.786378479275499558e+03 2.986028970924013600e+16
4.786712048059335757e+03 2.986007110604408000e+16
4.787045616843172866e+03 2.985983802492957600e+16
4.787379185627009974e+03 2.985959058136402800e+16
4.787712754410847083e+03 2.985932889149573600e+16
4.788046323194683282e+03 2.985905307214410800e+16
4.788379891978521300e+03 2.985876324079014400e+16
4.788713460762357499e+03 2.985845951556658400e+16
4.789047029546194608e+03 2.985814201524837600e+16
4.789380598330031717e+03 2.985781085924279600e+16
4.789714167113868825e+03 2.985746616757969200e+16
4.790047735897705024e+03 2.985710806090180000e+16
4.790381304681541224e+03 2.985673666045484000e+16
4.790714873465379242e+03 2.985635208807777200e+16
4.791048442249215441e+03 2.985595446619294400e+16
4.791382011033052549e+03 2.985554391779624800e+16
4.791715579816889658e+03 2.985512056644729600e+16
4.792049148600726767e+03 2.985468453625945600e+16
4.792382717384562966e+03 2.985423595189015200e+16
4.792716286168400984e+03 2.985377493853082400e+16
4.793049854952237183e+03 2.985330162189712000e+16
4.793383423736074292e+03 2.985281612821899200e+16
4.793716992519910491e+03 2.985231858423078400e+16
4.794050561303747600e+03 2.985180911716142400e+16
4.794384130087584708e+03 2.985128785472429600e+16
4.794717698871420907e+03 2.985075492510765200e+16
4.795051267655258926e+03 2.985021045696451600e+16
4.795384836439095125e+03 2.984965457940281600e+16
4.795718405222932233e+03 2.984908742197553200e+16
4.796051974006769342e+03 2.984850911467084800e+16
4.796385542790606451e+03 2.984791978790217600e+16
4.796719111574442650e+03 2.984731957249841600e+16
4.797052680358279758e+03 2.984670859969396000e+16
4.797386249142116867e+03 2.984608700111901600e+16
4.797719817925953066e+03 2.984545490878963200e+16
4.798053386709790175e+03 2.984481245509790400e+16
4.798386955493627283e+03 2.984415977280230800e+16
4.798720524277464392e+03 2.984349699501765600e+16
4.799054093061300591e+03 2.984282425520558400e+16
4.799387661845138609e+03 2.984214168716471600e+16
4.799721230628974808e+03 2.984144942502076800e+16
4.800054799412811917e+03 2.984074760321710400e+16
4.800388368196648116e+03 2.984003635650488000e+16
4.800721936980486134e+03 2.983931581993341200e+16
4.801055505764322334e+03 2.983858612884050400e+16
4.801389074548158533e+03 2.983784741884290400e+16
4.801722643331996551e+03 2.983709982582668000e+16
4.802056212115832750e+03 2.983634348593761600e+16
4.802389780899669859e+03 2.983557853557172000e+16
4.802723349683506967e+03 2.983480511136572800e+16
4.803056918467344076e+03 2.983402335018753600e+16
4.803390487251180275e+03 2.983323338912692000e+16
4.803724056035017384e+03 2.983243536548595600e+16
4.804057624818854492e+03 2.983162941676976000e+16
4.804391193602691601e+03 2.983081568067707600e+16
4.804724762386527800e+03 2.982999429509099200e+16
4.805058331170365818e+03 2.982916539806970400e+16
4.805391899954202017e+03 2.982832912783714800e+16
4.805725468738038217e+03 2.982748562277402400e+16
4.806059037521876235e+03 2.982663502140841600e+16
4.806392606305712434e+03 2.982577746240677600e+16
4.806726175089549542e+03 2.982491308456489600e+16
4.807059743873385742e+03 2.982404202679878400e+16
4.807393312657223760e+03 2.982316442813568800e+16
4.807726881441059959e+03 2.982228042770512400e+16
4.808060450224897068e+03 2.982139016473009200e+16
4.808394019008734176e+03 2.982049377851806800e+16
4.808727587792571285e+03 2.981959140845221600e+16
4.809061156576407484e+03 2.981868319398268400e+16
4.809394725360245502e+03 2.981776927461788400e+16
4.809728294144081701e+03 2.981684978991564000e+16
4.810061862927917900e+03 2.981592487947482000e+16
4.810395431711755009e+03 2.981499468292656400e+16
4.810729000495592118e+03 2.981405933992581600e+16
4.811062569279429226e+03 2.981311899014288000e+16
4.811396138063265425e+03 2.981217377325492400e+16
4.811729706847103444e+03 2.981122382893768800e+16
4.812063275630939643e+03 2.981026929685700000e+16
4.812396844414776751e+03 2.980931031666074800e+16
4.812730413198613860e+03 2.980834702797042400e+16
4.813063981982450969e+03 2.980737957037308000e+16
4.813397550766287168e+03 2.980640808341324400e+16
4.813731119550123367e+03 2.980543270658474000e+16
4.814064688333961385e+03 2.980445357932282400e+16
4.814398257117797584e+03 2.980347084099608000e+16
4.814731825901634693e+03 2.980248463089873200e+16
4.815065394685471801e+03 2.980149508824264800e+16
4.815398963469308910e+03 2.980050235214961600e+16
4.815732532253145109e+03 2.979950656164362000e+16
4.816066101036983127e+03 2.979850785564323600e+16
4.816399669820819327e+03 2.979750637295388400e+16
4.816733238604656435e+03 2.979650225226046400e+16
4.817066807388492634e+03 2.979549563211974000e+16
4.817400376172329743e+03 2.979448665095298000e+16
4.817733944956166852e+03 2.979347544703852400e+16
4.818067513740003051e+03 2.979246215850456400e+16
4.818401082523841069e+03 2.979144692332182000e+16
4.818734651307677268e+03 2.979042987929640400e+16
4.819068220091514377e+03 2.978941116406261200e+16
4.819401788875351485e+03 2.978839091507603200e+16
4.819735357659188594e+03 2.978736926960630400e+16
4.820068926443024793e+03 2.978634636473037600e+16
4.820402495226861902e+03 2.978532233732551200e+16
4.820736064010699010e+03 2.978429732406253600e+16
4.821069632794535210e+03 2.978327146139898800e+16
4.821403201578372318e+03 2.978224488557250400e+16
4.821736770362209427e+03 2.978121773259417200e+16
4.822070339146046535e+03 2.978019013824189600e+16
4.822403907929882735e+03 2.977916223805398400e+16
4.822737476713720753e+03 2.977813416732266400e+16
4.823071045497556952e+03 2.977710606108758800e+16
4.823404614281394061e+03 2.977607805412968800e+16
4.823738183065230260e+03 2.977505028096477600e+16
4.824071751849068278e+03 2.977402287583747200e+16
4.824405320632904477e+03 2.977299597271490400e+16
4.824738889416740676e+03 2.977196970528077600e+16
4.825072458200578694e+03 2.977094420692933600e+16
4.825406026984414893e+03 2.976991961075930400e+16
4.825739595768252002e+03 2.976889604956817600e+16
4.826073164552089111e+03 2.976787365584626400e+16
4.826406733335926219e+03 2.976685256177096800e+16
4.826740302119762418e+03 2.976583289920107200e+16
4.827073870903599527e+03 2.976481479967120000e+16
4.827407439687436636e+03 2.976379839438608800e+16
4.827741008471273744e+03 2.976278381421512000e+16
4.828074577255109944e+03 2.976177118968701200e+16
4.828408146038947962e+03 2.976076065098422000e+16
4.828741714822784161e+03 2.975975232793775200e+16
4.829075283606620360e+03 2.975874635002184400e+16
4.829408852390458378e+03 2.975774284634877600e+16
4.829742421174294577e+03 2.975674194566372000e+16
4.830075989958131686e+03 2.975574377633967600e+16
4.830409558741967885e+03 2.975474846637241600e+16
4.830743127525805903e+03 2.975375614337559200e+16
4.831076696309642102e+03 2.975276693457569600e+16
4.831410265093479211e+03 2.975178096680743200e+16
4.831743833877316320e+03 2.975079836650870400e+16
4.832077402661153428e+03 2.974981925971608400e+16
4.832410971444989627e+03 2.974884377206004800e+16
4.832744540228827645e+03 2.974787202876042000e+16
4.833078109012663845e+03 2.974690415462176000e+16
4.833411677796500044e+03 2.974594027402898400e+16
4.833745246580337152e+03 2.974498051094289600e+16
4.834078815364174261e+03 2.974402498889574400e+16
4.834412384148011370e+03 2.974307383098700400e+16
4.834745952931847569e+03 2.974212715987912400e+16
4.835079521715685587e+03 2.974118509779328800e+16
4.835413090499521786e+03 2.974024776650522800e+16
4.835746659283358895e+03 2.973931528734131200e+16
4.836080228067196003e+03 2.973838778117432800e+16
4.836413796851033112e+03 2.973746536841960800e+16
4.836747365634869311e+03 2.973654816903112400e+16
4.837080934418705510e+03 2.973563630249757600e+16
4.837414503202543528e+03 2.973472988783863200e+16
4.837748071986379728e+03 2.973382904360111600e+16
4.838081640770216836e+03 2.973293388785539200e+16
4.838415209554053945e+03 2.973204453819166400e+16
4.838748778337891054e+03 2.973116111171636000e+16
4.839082347121727253e+03 2.973028372504868000e+16
4.839415915905565271e+03 2.972941249431702000e+16
4.839749484689401470e+03 2.972854753515560000e+16
4.840083053473238579e+03 2.972768896270103200e+16
4.840416622257074778e+03 2.972683689158901600e+16
4.840750191040911886e+03 2.972599143595109200e+16
4.841083759824748995e+03 2.972515270941126000e+16
4.841417328608585194e+03 2.972432082508301600e+16
4.841750897392423212e+03 2.972349589556604000e+16
4.842084466176259411e+03 2.972267803294319600e+16
4.842418034960096520e+03 2.972186734877745200e+16
4.842751603743933629e+03 2.972106395410895600e+16
4.843085172527770737e+03 2.972026795945200800e+16
4.843418741311606937e+03 2.971947947479220000e+16
4.843752310095444045e+03 2.971869860958364800e+16
4.844085878879281154e+03 2.971792547274601600e+16
4.844419447663117353e+03 2.971716017266190400e+16
4.844753016446954462e+03 2.971640281717410400e+16
4.845086585230791570e+03 2.971565351358289200e+16
4.845420154014628679e+03 2.971491236864338800e+16
4.845753722798464878e+03 2.971417948856308800e+16
4.846087291582302896e+03 2.971345497899920000e+16
4.846420860366139095e+03 2.971273894505619200e+16
4.846754429149976204e+03 2.971203149128335200e+16
4.847087997933812403e+03 2.971133272167237600e+16
4.847421566717650421e+03 2.971064273965498400e+16
4.847755135501486620e+03 2.970996164810053200e+16
4.848088704285322819e+03 2.970928954931383200e+16
4.848422273069160838e+03 2.970862654503285200e+16
4.848755841852997037e+03 2.970797273642640400e+16
4.849089410636834145e+03 2.970732822409216400e+16
4.849422979420671254e+03 2.970669310805433200e+16
4.849756548204508363e+03 2.970606748776167600e+16
4.850090116988344562e+03 2.970545146208536000e+16
4.850423685772181670e+03 2.970484512931703200e+16
4.850757254556018779e+03 2.970424858716674400e+16
4.851090823339855888e+03 2.970366193276096800e+16
4.851424392123692087e+03 2.970308526264076000e+16
4.851757960907530105e+03 2.970251867275986400e+16
4.852091529691366304e+03 2.970196225848272000e+16
4.852425098475202503e+03 2.970141611458282000e+16
4.852758667259040521e+03 2.970088033524087600e+16
4.853092236042876721e+03 2.970035501404288400e+16
4.853425804826713829e+03 2.969984024397865600e+16
4.853759373610550028e+03 2.969933611743997600e+16
4.854092942394388047e+03 2.969884272621894000e+16
4.854426511178224246e+03 2.969836016150633200e+16
4.854760079962061354e+03 2.969788851389002000e+16
4.855093648745898463e+03 2.969742787335341600e+16
4.855427217529735572e+03 2.969697832927383200e+16
4.855760786313571771e+03 2.969653997042104400e+16
4.856094355097409789e+03 2.969611288495578800e+16
4.856427923881245988e+03 2.969569716042818400e+16
4.856761492665082187e+03 2.969529288377641600e+16
4.857095061448919296e+03 2.969490014132532000e+16
4.857428630232756404e+03 2.969451901878484400e+16
4.857762199016593513e+03 2.969414960124881600e+16
4.858095767800429712e+03 2.969379197319354800e+16
4.858429336584267730e+03 2.969344621847658400e+16
4.858762905368103930e+03 2.969311242033520000e+16
4.859096474151941038e+03 2.969279066138539200e+16
4.859430042935778147e+03 2.969248102362045200e+16
4.859763611719615255e+03 2.969218358840973600e+16
4.860097180503451455e+03 2.969189843649755600e+16
4.860430749287287654e+03 2.969162564800188000e+16
4.860764318071125672e+03 2.969136530241322400e+16
4.861097886854961871e+03 2.969111747859344400e+16
4.861431455638798980e+03 2.969088225477467200e+16
4.861765024422636088e+03 2.969065970855813200e+16
4.862098593206473197e+03 2.969044991691306400e+16
4.862432161990309396e+03 2.969025295617568000e+16
4.862765730774147414e+03 2.969006890204805200e+16
4.863099299557983613e+03 2.968989782959704400e+16
4.863432868341820722e+03 2.968973981325336800e+16
4.863766437125656921e+03 2.968959492681048800e+16
4.864100005909494030e+03 2.968946324342364000e+16
4.864433574693331138e+03 2.968934483560882400e+16
4.864767143477167338e+03 2.968923977524191200e+16
4.865100712261005356e+03 2.968914813355757200e+16
4.865434281044841555e+03 2.968906998114838800e+16
4.865767849828678663e+03 2.968900538796395200e+16
4.866101418612515772e+03 2.968895442330982400e+16
4.866434987396352881e+03 2.968891715584675200e+16
4.866768556180189080e+03 2.968889365358972000e+16
4.867102124964026189e+03 2.968888398390705200e+16
4.867435693747863297e+03 2.968888821351950400e+16
4.867769262531699496e+03 2.968890640849945200e+16
4.868102831315536605e+03 2.968893863426998400e+16
4.868436400099373714e+03 2.968898495560412000e+16
4.868769968883210822e+03 2.968904543662387600e+16
4.869103537667047021e+03 2.968912014079945600e+16
4.869437106450885040e+03 2.968920913094849600e+16
4.869770675234721239e+03 2.968931246923514800e+16
4.870104244018558347e+03 2.968943021716932000e+16
4.870437812802394546e+03 2.968956243560587200e+16
4.870771381586232565e+03 2.968970918474378400e+16
4.871104950370068764e+03 2.968987052412535200e+16
4.871438519153904963e+03 2.969004651263546000e+16
4.871772087937742981e+03 2.969023720850079200e+16
4.872105656721579180e+03 2.969044266928890800e+16
4.872439225505416289e+03 2.969066295190769200e+16
4.872772794289253397e+03 2.969089811260438800e+16
4.873106363073090506e+03 2.969114820696494800e+16
4.873439931856926705e+03 2.969141328991317600e+16
4.873773500640763814e+03 2.969169341571006400e+16
4.874107069424600923e+03 2.969198863795297600e+16
4.874440638208438031e+03 2.969229900957482400e+16
4.874774206992274230e+03 2.969262458284346400e+16
4.875107775776112248e+03 2.969296540936074000e+16
4.875441344559948448e+03 2.969332154006193600e+16
4.875774913343784647e+03 2.969369302521485600e+16
4.876108482127622665e+03 2.969407991441919200e+16
4.876442050911458864e+03 2.969448225660561600e+16
4.876775619695295973e+03 2.969490010003519600e+16
4.877109188479132172e+03 2.969533349229852000e+16
4.877442757262970190e+03 2.969578248031501600e+16
4.877776326046806389e+03 2.969624711033205600e+16
4.878109894830643498e+03 2.969672742792438400e+16
4.878443463614480606e+03 2.969722347799320400e+16
4.878777032398317715e+03 2.969773530476546400e+16
4.879110601182153914e+03 2.969826295179311200e+16
4.879444169965991932e+03 2.969880646195233600e+16
4.879777738749828131e+03 2.969936587744264800e+16
4.880111307533664331e+03 2.969994123978633600e+16
4.880444876317501439e+03 2.970053258982744000e+16
4.880778445101338548e+03 2.970113996773120000e+16
4.881112013885175656e+03 2.970176341298306800e+16
4.881445582669011856e+03 2.970240296438803600e+16
4.881779151452849874e+03 2.970305866006980800e+16
4.882112720236686073e+03 2.970373053746993600e+16
4.882446289020523182e+03 2.970441863334713600e+16
4.882779857804360290e+03 2.970512298377637600e+16
4.883113426588197399e+03 2.970584362414802400e+16
4.883446995372033598e+03 2.970658058916714000e+16
4.883780564155869797e+03 2.970733391285258800e+16
4.884114132939707815e+03 2.970810362853621600e+16
4.884447701723544014e+03 2.970888976886189600e+16
4.884781270507381123e+03 2.970969236578487200e+16
4.885114839291218232e+03 2.971051145057078800e+16
4.885448408075055340e+03 2.971134705379478400e+16
4.885781976858891539e+03 2.971219920534075200e+16
4.886115545642729558e+03 2.971306793440036000e+16
4.886449114426565757e+03 2.971395326947216000e+16
4.886782683210402865e+03 2.971485523836079200e+16
4.887116251994239065e+03 2.971577386817600800e+16
4.887449820778076173e+03 2.971670918533178800e+16
4.887783389561913282e+03 2.971766121554534400e+16
4.888116958345749481e+03 2.971862998383640800e+16
4.888450527129587499e+03 2.971961551452604400e+16
4.888784095913423698e+03 2.972061783123588400e+16
4.889117664697260807e+03 2.972163695688712800e+16
4.889451233481097916e+03 2.972267291369960800e+16
4.889784802264935024e+03 2.972372572319070400e+16
4.890118371048771223e+03 2.972479540617457200e+16
4.890451939832608332e+03 2.972588198276106400e+16
4.890785508616445441e+03 2.972698547235462800e+16
4.891119077400281640e+03 2.972810589365354400e+16
4.891452646184118748e+03 2.972924326464869600e+16
4.891786214967955857e+03 2.973039760262269200e+16
4.892119783751792966e+03 2.973156892414877200e+16
4.892453352535629165e+03 2.973275724508983600e+16
4.892786921319467183e+03 2.973396258059733600e+16
4.893120490103303382e+03 2.973518494511022000e+16
4.893454058887140491e+03 2.973642435235396400e+16
4.893787627670976690e+03 2.973768081533938800e+16
4.894121196454814708e+03 2.973895434636170400e+16
4.894454765238650907e+03 2.974024495699924000e+16
4.894788334022487106e+03 2.974155265811255200e+16
4.895121902806325124e+03 2.974287745984320400e+16
4.895455471590161324e+03 2.974421937161263600e+16
4.895789040373998432e+03 2.974557840212114000e+16
4.896122609157835541e+03 2.974695455934658800e+16
4.896456177941672649e+03 2.974834785054348000e+16
4.896789746725508849e+03 2.974975828224156000e+16
4.897123315509345957e+03 2.975118586024488800e+16
4.897456884293183066e+03 2.975263058963052400e+16
4.897790453077020175e+03 2.975409247474738400e+16
4.898124021860856374e+03 2.975557151921512400e+16
4.898457590644694392e+03 2.975706772592284400e+16
4.898791159428530591e+03 2.975858109702794400e+16
4.899124728212366790e+03 2.976011163395492800e+16
4.899458296996204808e+03 2.976165933739420000e+16
4.899791865780041007e+03 2.976322420730076400e+16
4.900125434563878116e+03 2.976480624289303200e+16
4.900459003347714315e+03 2.976640544265166000e+16
4.900792572131552333e+03 2.976802180431818000e+16
4.901126140915388532e+03 2.976965532489384400e+16
4.901459709699225641e+03 2.977130600063826000e+16
4.901793278483062750e+03 2.977297382706823200e+16
4.902126847266899858e+03 2.977465879895642400e+16
4.902460416050736058e+03 2.977636091033010400e+16
4.902793984834574076e+03 2.977808015446986000e+16
4.903127553618410275e+03 2.977981652390823200e+16
4.903461122402246474e+03 2.978157001042851200e+16
4.903794691186083583e+03 2.978334060506340800e+16
4.904128259969920691e+03 2.978512829809373600e+16
4.904461828753757800e+03 2.978693307904702400e+16
4.904795397537593999e+03 2.978875493669630800e+16
4.905128966321432017e+03 2.979059385905875200e+16
4.905462535105268216e+03 2.979244983339429600e+16
4.905796103889105325e+03 2.979432284620435200e+16
4.906129672672942434e+03 2.979621288323046400e+16
4.906463241456779542e+03 2.979811992945294000e+16
4.906796810240615741e+03 2.980004396908950000e+16
4.907130379024451940e+03 2.980198498559398800e+16
4.907463947808289959e+03 2.980394296165497200e+16
4.907797516592126158e+03 2.980591787919432000e+16
4.908131085375963266e+03 2.980790971936599200e+16
4.908464654159800375e+03 2.980991846255458400e+16
4.908798222943637484e+03 2.981194408837392000e+16
4.909131791727473683e+03 2.981398657566576800e+16
4.909465360511311701e+03 2.981604590249852800e+16
4.909798929295147900e+03 2.981812204616568400e+16
4.910132498078985009e+03 2.982021498318460800e+16
4.910466066862821208e+03 2.982232468929512000e+16
4.910799635646658317e+03 2.982445113945812400e+16
4.911133204430495425e+03 2.982659430785422800e+16
4.911466773214331624e+03 2.982875416788244400e+16
4.911800341998169642e+03 2.983093069215875200e+16
4.912133910782005842e+03 2.983312385251475200e+16
4.912467479565842950e+03 2.983533361999637600e+16
4.912801048349680059e+03 2.983755996486245600e+16
4.913134617133517168e+03 2.983980285658334400e+16
4.913468185917353367e+03 2.984206226383966800e+16
4.913801754701190475e+03 2.984433815452092800e+16
4.914135323485027584e+03 2.984663049572412000e+16
4.914468892268863783e+03 2.984893925375244800e+16
4.914802461052700892e+03 2.985126439411401200e+16
4.915136029836538000e+03 2.985360588152041600e+16
4.915469598620375109e+03 2.985596367988547600e+16
4.915803167404211308e+03 2.985833775232395200e+16
4.916136736188049326e+03 2.986072806115021600e+16
4.916470304971885525e+03 2.986313456787686400e+16
4.916803873755722634e+03 2.986555723321362400e+16
4.917137442539558833e+03 2.986799601706585600e+16
4.917471011323396851e+03 2.987045087853349200e+16
4.917804580107233051e+03 2.987292177590955200e+16
4.918138148891069250e+03 2.987540866667910400e+16
4.918471717674907268e+03 2.987791150751788800e+16
4.918805286458743467e+03 2.988043025429112800e+16
4.919138855242580576e+03 2.988296486205233600e+16
4.919472424026417684e+03 2.988551528504210400e+16
4.919805992810254793e+03 2.988808147668684000e+16
4.920139561594090992e+03 2.989066338959770400e+16
4.920473130377928101e+03 2.989326097556936000e+16
4.920806699161765209e+03 2.989587418557890000e+16
4.921140267945602318e+03 2.989850296978460800e+16
4.921473836729438517e+03 2.990114727752495200e+16
4.921807405513276535e+03 2.990380705731741600e+16
4.922140974297112734e+03 2.990648225685747200e+16
4.922474543080948933e+03 2.990917282301741600e+16
4.922808111864786952e+03 2.991187870184547200e+16
4.923141680648623151e+03 2.991459983856459600e+16
4.923475249432460259e+03 2.991733617757162400e+16
4.923808818216296459e+03 2.992008766243619600e+16
4.924142387000134477e+03 2.992285423589978800e+16
4.924475955783970676e+03 2.992563583987482400e+16
4.924809524567807784e+03 2.992843241544367600e+16
4.925143093351644893e+03 2.993124390285786800e+16
4.925476662135482002e+03 2.993407024153710000e+16
4.925810230919318201e+03 2.993691137006845600e+16
4.926143799703156219e+03 2.993976722620561200e+16
4.926477368486992418e+03 2.994263774686791600e+16
4.926810937270828617e+03 2.994552286813975200e+16
4.927144506054665726e+03 2.994842252526970400e+16
4.927478074838502835e+03 2.995133665266992800e+16
4.927811643622339943e+03 2.995426518391533600e+16
4.928145212406176142e+03 2.995720805174305600e+16
4.928478781190014161e+03 2.996016518805174400e+16
4.928812349973850360e+03 2.996313652390103600e+16
4.929145918757687468e+03 2.996612198951091200e+16
4.929479487541524577e+03 2.996912151426124000e+16
4.929813056325361686e+03 2.997213502669118400e+16
4.930146625109197885e+03 2.997516245449884800e+16
4.930480193893034084e+03 2.997820372454077600e+16
4.930813762676872102e+03 2.998125876283162000e+16
4.931147331460708301e+03 2.998432749454363200e+16
4.931480900244545410e+03 2.998740984400656000e+16
4.931814469028382518e+03 2.999050573470716800e+16
4.932148037812219627e+03 2.999361508928914000e+16
4.932481606596055826e+03 2.999673782955276800e+16
4.932815175379893844e+03 2.999987387645490400e+16
4.933148744163730044e+03 3.000302315010868000e+16
4.933482312947567152e+03 3.000618556978355600e+16
4.933815881731403351e+03 3.000936105390523600e+16
4.934149450515240460e+03 3.001254952005571200e+16
4.934483019299077569e+03 3.001575088497320400e+16
4.934816588082913768e+03 3.001896506455239200e+16
4.935150156866751786e+03 3.002219197384449600e+16
4.935483725650587985e+03 3.002543152705741200e+16
4.935817294434425094e+03 3.002868363755606800e+16
4.936150863218262202e+03 3.003194821786260000e+16
4.936484432002099311e+03 3.003522517965672800e+16
4.936818000785935510e+03 3.003851443377616400e+16
4.937151569569772619e+03 3.004181589021702800e+16
4.937485138353609727e+03 3.004512945813430400e+16
4.937818707137445926e+03 3.004845504584238400e+16
4.938152275921283035e+03 3.005179256081578800e+16
4.938485844705120144e+03 3.005514190968964000e+16
4.938819413488957252e+03 3.005850299826042000e+16
4.939152982272793452e+03 3.006187573148678800e+16
4.939486551056631470e+03 3.006526001349039200e+16
4.939820119840467669e+03 3.006865574755667200e+16
4.940153688624304777e+03 3.007206283613583200e+16
4.940487257408140977e+03 3.007548118084387200e+16
4.940820826191978995e+03 3.007891068246360000e+16
4.941154394975815194e+03 3.008235124094571600e+16
4.941487963759651393e+03 3.008580275541013600e+16
4.941821532543489411e+03 3.008926512414704800e+16
4.942155101327325610e+03 3.009273824461831200e+16
4.942488670111162719e+03 3.009622201345883600e+16
4.942822238894999828e+03 3.009971632647803200e+16
4.943155807678836936e+03 3.010322107866119200e+16
4.943489376462673135e+03 3.010673616417128800e+16
4.943822945246510244e+03 3.011026147635033600e+16
4.944156514030347353e+03 3.011379690772138800e+16
4.944490082814184461e+03 3.011734234999002800e+16
4.944823651598020660e+03 3.012089769404646400e+16
4.945157220381858679e+03 3.012446282996731200e+16
4.945490789165694878e+03 3.012803764701759200e+16
4.945824357949531077e+03 3.013162203365289200e+16
4.946157926733369095e+03 3.013521587752142400e+16
4.946491495517205294e+03 3.013881906546621600e+16
4.946825064301042403e+03 3.014243148352756000e+16
4.947158633084878602e+03 3.014605301694516000e+16
4.947492201868716620e+03 3.014968355016078400e+16
4.947825770652552819e+03 3.015332296682064000e+16
4.948159339436389928e+03 3.015697114977808800e+16
4.948492908220227037e+03 3.016062798109625600e+16
4.948826477004064145e+03 3.016429334205085600e+16
4.949160045787900344e+03 3.016796711313296000e+16
4.949493614571738362e+03 3.017164917405204000e+16
4.949827183355574562e+03 3.017533940373889600e+16
4.950160752139410761e+03 3.017903768034876800e+16
4.950494320923247869e+03 3.018274388126456800e+16
4.950827889707084978e+03 3.018645788310008800e+16
4.951161458490922087e+03 3.019017956170336800e+16
4.951495027274758286e+03 3.019390879216020800e+16
4.951828596058596304e+03 3.019764544879759200e+16
4.952162164842432503e+03 3.020138940518739600e+16
4.952495733626269612e+03 3.020514053415004800e+16
4.952829302410106720e+03 3.020889870775832000e+16
4.953162871193943829e+03 3.021266379734129200e+16
4.953496439977780028e+03 3.021643567348822000e+16
4.953830008761616227e+03 3.022021420605273600e+16
4.954163577545454245e+03 3.022399926415692800e+16
4.954497146329290445e+03 3.022779071619563200e+16
4.954830715113127553e+03 3.023158842984076800e+16
4.955164283896964662e+03 3.023539227204583200e+16
4.955497852680801770e+03 3.023920210905040000e+16
4.955831421464637970e+03 3.024301780638477600e+16
4.956164990248475078e+03 3.024683922887481600e+16
4.956498559032312187e+03 3.025066624064661600e+16
4.956832127816149296e+03 3.025449870513155200e+16
4.957165696599985495e+03 3.025833648507132800e+16
4.957499265383822603e+03 3.026217944252304000e+16
4.957832834167659712e+03 3.026602743886444800e+16
4.958166402951495911e+03 3.026988033479932000e+16
4.958499971735333929e+03 3.027373799036286400e+16
4.958833540519170128e+03 3.027760026492722400e+16
4.959167109303007237e+03 3.028146701720721600e+16
4.959500678086843436e+03 3.028533810526596800e+16
4.959834246870681454e+03 3.028921338652083200e+16
4.960167815654517653e+03 3.029309271774928800e+16
4.960501384438354762e+03 3.029697595509503200e+16
4.960834953222191871e+03 3.030086295407416000e+16
4.961168522006028070e+03 3.030475356958131200e+16
4.961502090789865179e+03 3.030864765589623200e+16
4.961835659573702287e+03 3.031254506669006800e+16
4.962169228357539396e+03 3.031644565503201600e+16
4.962502797141375595e+03 3.032034927339603200e+16
4.962836365925212704e+03 3.032425577366765600e+16
4.963169934709049812e+03 3.032816500715078000e+16
4.963503503492886921e+03 3.033207682457476800e+16
4.963837072276723120e+03 3.033599107610156000e+16
4.964170641060561138e+03 3.033990761133288000e+16
4.964504209844397337e+03 3.034382627931755200e+16
4.964837778628233536e+03 3.034774692855900000e+16
4.965171347412071555e+03 3.035166940702272800e+16
4.965504916195907754e+03 3.035559356214398800e+16
4.965838484979744862e+03 3.035951924083562400e+16
4.966172053763581062e+03 3.036344628949585600e+16
4.966505622547419080e+03 3.036737455401630400e+16
4.966839191331255279e+03 3.037130387979014400e+16
4.967172760115092387e+03 3.037523411172015600e+16
4.967506328898929496e+03 3.037916509422723200e+16
4.967839897682766605e+03 3.038309667125864000e+16
4.968173466466602804e+03 3.038702868629667200e+16
4.968507035250440822e+03 3.039096098236721600e+16
4.968840604034277021e+03 3.039489340204853600e+16
4.969174172818113220e+03 3.039882578748013600e+16
4.969507741601950329e+03 3.040275798037172800e+16
4.969841310385787438e+03 3.040668982201235600e+16
4.970174879169624546e+03 3.041062115327949200e+16
4.970508447953460745e+03 3.041455181464840800e+16
4.970842016737298763e+03 3.041848164620159200e+16
4.971175585521134963e+03 3.042241048763820400e+16
4.971509154304972071e+03 3.042633817828377600e+16
4.971842723088809180e+03 3.043026455709990400e+16
4.972176291872646289e+03 3.043418946269409600e+16
4.972509860656482488e+03 3.043811273332970000e+16
4.972843429440318687e+03 3.044203420693602400e+16
4.973176998224156705e+03 3.044595372111846000e+16
4.973510567007992904e+03 3.044987111316873200e+16
4.973844135791830013e+03 3.045378622007528000e+16
4.974177704575667121e+03 3.045769887853384000e+16
4.974511273359504230e+03 3.046160892495787200e+16
4.974844842143340429e+03 3.046551619548936000e+16
4.975178410927178447e+03 3.046942052600960800e+16
4.975511979711014646e+03 3.047332175215007600e+16
4.975845548494851755e+03 3.047721970930344400e+16
4.976179117278687954e+03 3.048111423263471200e+16
4.976512686062525972e+03 3.048500515709236800e+16
4.976846254846362172e+03 3.048889231741974400e+16
4.977179823630198371e+03 3.049277554816636800e+16
4.977513392414036389e+03 3.049665468369960000e+16
4.977846961197872588e+03 3.050052955821602400e+16
4.978180529981709697e+03 3.050440000575340000e+16
4.978514098765546805e+03 3.050826586020228800e+16
4.978847667549383914e+03 3.051212695531803600e+16
4.979181236333220113e+03 3.051598312473274400e+16
4.979514805117057222e+03 3.051983420196739600e+16
4.979848373900894330e+03 3.052368002044400400e+16
4.980181942684731439e+03 3.052752041349784800e+16
4.980515511468567638e+03 3.053135521439000000e+16
4.980849080252404747e+03 3.053518425631961200e+16
4.981182649036241855e+03 3.053900737243656800e+16
4.981516217820078055e+03 3.054282439585408800e+16
4.981849786603916073e+03 3.054663515966149600e+16
4.982183355387752272e+03 3.055043949693694400e+16
4.982516924171589380e+03 3.055423724076047200e+16
4.982850492955425580e+03 3.055802822422684000e+16
4.983184061739263598e+03 3.056181228045866000e+16
4.983517630523099797e+03 3.056558924261955200e+16
4.983851199306935996e+03 3.056935894392734400e+16
4.984184768090774014e+03 3.057312121766746400e+16
4.984518336874610213e+03 3.057687589720614400e+16
4.984851905658447322e+03 3.058062281600417600e+16
4.985185474442284431e+03 3.058436180763014000e+16
4.985519043226121539e+03 3.058809270577424000e+16
4.985852612009957738e+03 3.059181534426189600e+16
4.986186180793794847e+03 3.059552955706750000e+16
4.986519749577631956e+03 3.059923517832827200e+16
4.986853318361469064e+03 3.060293204235813200e+16
4.987186887145305263e+03 3.060661998366169600e+16
4.987520455929143282e+03 3.061029883694822800e+16
4.987854024712979481e+03 3.061396843714580400e+16
4.988187593496815680e+03 3.061762861941540800e+16
4.988521162280653698e+03 3.062127921916520800e+16
4.988854731064489897e+03 3.062492007206468800e+16
4.989188299848327006e+03 3.062855101405912800e+16
4.989521868632163205e+03 3.063217188138389200e+16
4.989855437416001223e+03 3.063578251057886400e+16
4.990189006199837422e+03 3.063938273850289600e+16
4.990522574983674531e+03 3.064297240234849200e+16
4.990856143767511639e+03 3.064655133965616400e+16
4.991189712551348748e+03 3.065011938832918800e+16
4.991523281335184947e+03 3.065367638664820800e+16
4.991856850119022965e+03 3.065722217328603200e+16
4.992190418902859165e+03 3.066075658732224800e+16
4.992523987686695364e+03 3.066427946825811600e+16
4.992857556470532472e+03 3.066779065603130400e+16
4.993191125254369581e+03 3.067128999103080000e+16
4.993524694038206690e+03 3.067477731411170400e+16
4.993858262822042889e+03 3.067825246661028800e+16
4.994191831605880907e+03 3.068171529035875600e+16
4.994525400389717106e+03 3.068516562770027200e+16
4.994858969173554215e+03 3.068860332150404800e+16
4.995192537957391323e+03 3.069202821518020000e+16
4.995526106741228432e+03 3.069544015269480000e+16
4.995859675525064631e+03 3.069883897858496800e+16
4.996193244308900830e+03 3.070222453797390800e+16
4.996526813092738848e+03 3.070559667658590400e+16
4.996860381876575047e+03 3.070895524076145200e+16
4.997193950660412156e+03 3.071230007747235200e+16
4.997527519444249265e+03 3.071563103433672800e+16
4.997861088228086373e+03 3.071894795963413600e+16
4.998194657011922573e+03 3.072225070232065600e+16
4.998528225795760591e+03 3.072553911204401200e+16
4.998861794579596790e+03 3.072881303915850400e+16
4.999195363363433898e+03 3.073207233474028000e+16
4.999528932147270098e+03 3.073531685060218400e+16
4.999862500931108116e+03 3.073854643930897200e+16
5.000196069714944315e+03 3.074176095419221200e+16
5.000529638498780514e+03 3.074496024936535600e+16
5.000863207282618532e+03 3.074814417973880800e+16
5.001196776066454731e+03 3.075131260103466000e+16
5.001530344850291840e+03 3.075446536980189200e+16
5.001863913634128949e+03 3.075760234343113200e+16
5.002197482417966057e+03 3.076072338016960800e+16
5.002531051201802256e+03 3.076382833913594000e+16
5.002864619985639365e+03 3.076691708033504400e+16
5.003198188769476474e+03 3.076998946467283600e+16
5.003531757553313582e+03 3.077304535397098400e+16
5.003865326337149781e+03 3.077608461098163600e+16
5.004198895120986890e+03 3.077910709940204000e+16
5.004532463904823999e+03 3.078211268388917200e+16
5.004866032688660198e+03 3.078510123007421600e+16
5.005199601472498216e+03 3.078807260457720000e+16
5.005533170256334415e+03 3.079102667502126800e+16
5.005866739040171524e+03 3.079396331004718800e+16
5.006200307824007723e+03 3.079688237932764000e+16
5.006533876607845741e+03 3.079978375358142800e+16
5.006867445391681940e+03 3.080266730458773600e+16
5.007201014175518139e+03 3.080553290520019200e+16
5.007534582959356158e+03 3.080838042936099600e+16
5.007868151743192357e+03 3.081120975211475600e+16
5.008201720527029465e+03 3.081402074962256800e+16
5.008535289310866574e+03 3.081681329917568000e+16
5.008868858094703683e+03 3.081958727920930000e+16
5.009202426878539882e+03 3.082234256931624400e+16
5.009535995662376990e+03 3.082507905026046800e+16
5.009869564446214099e+03 3.082779660399060800e+16
5.010203133230051208e+03 3.083049511365324000e+16
5.010536702013887407e+03 3.083317446360631200e+16
5.010870270797725425e+03 3.083583453943224800e+16
5.011203839581561624e+03 3.083847522795099600e+16
5.011537408365397823e+03 3.084109641723312000e+16
5.011870977149235841e+03 3.084369799661259200e+16
5.012204545933072040e+03 3.084627985669961200e+16
5.012538114716909149e+03 3.084884188939322400e+16
5.012871683500745348e+03 3.085138398789391200e+16
5.013205252284583366e+03 3.085390604671598800e+16
5.013538821068419566e+03 3.085640796169992000e+16
5.013872389852256674e+03 3.085888963002453600e+16
5.014205958636093783e+03 3.086135095021911200e+16
5.014539527419930891e+03 3.086379182217523200e+16
5.014873096203767091e+03 3.086621214715871200e+16
5.015206664987605109e+03 3.086861182782121600e+16
5.015540233771441308e+03 3.087099076821182800e+16
5.015873802555277507e+03 3.087334887378848000e+16
5.016207371339114616e+03 3.087568605142923200e+16
5.016540940122951724e+03 3.087800220944340000e+16
5.016874508906788833e+03 3.088029725758257600e+16
5.017208077690625032e+03 3.088257110705142400e+16
5.017541646474463050e+03 3.088482367051853600e+16
5.017875215258299249e+03 3.088705486212678000e+16
5.018208784042136358e+03 3.088926459750390400e+16
5.018542352825973467e+03 3.089145279377272800e+16
5.018875921609810575e+03 3.089361936956114800e+16
5.019209490393646774e+03 3.089576424501223600e+16
5.019543059177482974e+03 3.089788734179396000e+16
5.019876627961320992e+03 3.089998858310876800e+16
5.020210196745157191e+03 3.090206789370308000e+16
5.020543765528994300e+03 3.090412519987661200e+16
5.020877334312831408e+03 3.090616042949151200e+16
5.021210903096668517e+03 3.090817351198122400e+16
5.021544471880504716e+03 3.091016437835938400e+16
5.021878040664342734e+03 3.091213296122839200e+16
5.022211609448178933e+03 3.091407919478783200e+16
5.022545178232016042e+03 3.091600301484276000e+16
5.022878747015852241e+03 3.091790435881180000e+16
5.023212315799690259e+03 3.091978316573505200e+16
5.023545884583526458e+03 3.092163937628173600e+16
5.023879453367362657e+03 3.092347293275785600e+16
5.024213022151200676e+03 3.092528377911348000e+16
5.024546590935036875e+03 3.092707186094988800e+16
5.024880159718873983e+03 3.092883712552664000e+16
5.025213728502711092e+03 3.093057952176829200e+16
5.025547297286548201e+03 3.093229900027095200e+16
5.025880866070384400e+03 3.093399551330887600e+16
5.026214434854221508e+03 3.093566901484046400e+16
5.026548003638058617e+03 3.093731946051440000e+16
5.026881572421895726e+03 3.093894680767543200e+16
5.027215141205731925e+03 3.094055101537002400e+16
5.027548709989569033e+03 3.094213204435175200e+16
5.027882278773406142e+03 3.094368985708655600e+16
5.028215847557242341e+03 3.094522441775768400e+16
5.028549416341080359e+03 3.094673569227069600e+16
5.028882985124916559e+03 3.094822364825781600e+16
5.029216553908753667e+03 3.094968825508260800e+16
5.029550122692589866e+03 3.095112948384401600e+16
5.029883691476427884e+03 3.095254730738039600e+16
5.030217260260264084e+03 3.095394170027336400e+16
5.030550829044100283e+03 3.095531263885129600e+16
5.030884397827938301e+03 3.095666010119282800e+16
5.031217966611774500e+03 3.095798406712990400e+16
5.031551535395611609e+03 3.095928451825078000e+16
5.031885104179448717e+03 3.096056143790278400e+16
5.032218672963285826e+03 3.096181481119484800e+16
5.032552241747122025e+03 3.096304462499982800e+16
5.032885810530959134e+03 3.096425086795657200e+16
5.033219379314796242e+03 3.096543353047192800e+16
5.033552948098633351e+03 3.096659260472230400e+16
5.033886516882469550e+03 3.096772808465522400e+16
5.034220085666307568e+03 3.096883996599058800e+16
5.034553654450143767e+03 3.096992824622161600e+16
5.034887223233979967e+03 3.097099292461585600e+16
5.035220792017817985e+03 3.097203400221561600e+16
5.035554360801654184e+03 3.097305148183850000e+16
5.035887929585491293e+03 3.097404536807751200e+16
5.036221498369327492e+03 3.097501566730108000e+16
5.036555067153165510e+03 3.097596238765282800e+16
5.036888635937001709e+03 3.097688553905101600e+16
5.037222204720838818e+03 3.097778513318800400e+16
5.037555773504675926e+03 3.097866118352930400e+16
5.037889342288513035e+03 3.097951370531244000e+16
5.038222911072349234e+03 3.098034271554576400e+16
5.038556479856187252e+03 3.098114823300678800e+16
5.038890048640023451e+03 3.098193027824052800e+16
5.039223617423859650e+03 3.098268887355754400e+16
5.039557186207696759e+03 3.098342404303180800e+16
5.039890754991533868e+03 3.098413581249825200e+16
5.040224323775370976e+03 3.098482420955026800e+16
5.040557892559207176e+03 3.098548926353681600e+16
5.040891461343045194e+03 3.098613100555958000e+16
5.041225030126881393e+03 3.098674946846958800e+16
5.041558598910718501e+03 3.098734468686390400e+16
5.041892167694555610e+03 3.098791669708196800e+16
5.042225736478392719e+03 3.098846553720169600e+16
5.042559305262228918e+03 3.098899124703565600e+16
5.042892874046065117e+03 3.098949386812651600e+16
5.043226442829903135e+03 3.098997344374287200e+16
5.043560011613739334e+03 3.099043001887440000e+16
5.043893580397576443e+03 3.099086364022719200e+16
5.044227149181413552e+03 3.099127435621852000e+16
5.044560717965250660e+03 3.099166221697172400e+16
5.044894286749086859e+03 3.099202727431072800e+16
5.045227855532924877e+03 3.099236958175436000e+16
5.045561424316761077e+03 3.099268919451054400e+16
5.045894993100598185e+03 3.099298616947025600e+16
5.046228561884434384e+03 3.099326056520133600e+16
5.046562130668272403e+03 3.099351244194203600e+16
5.046895699452108602e+03 3.099374186159440000e+16
5.047229268235944801e+03 3.099394888771744800e+16
5.047562837019782819e+03 3.099413358552037600e+16
5.047896405803619018e+03 3.099429602185506400e+16
5.048229974587456127e+03 3.099443626520905200e+16
5.048563543371293235e+03 3.099455438569781200e+16
5.048897112155130344e+03 3.099465045505707200e+16
5.049230680938966543e+03 3.099472454663495200e+16
5.049564249722803652e+03 3.099477673538391200e+16
5.049897818506640760e+03 3.099480709785247200e+16
5.050231387290477869e+03 3.099481571217678000e+16
5.050564956074314068e+03 3.099480265807205200e+16
5.050898524858151177e+03 3.099476801682386800e+16
5.051232093641988286e+03 3.099471187127909200e+16
5.051565662425824485e+03 3.099463430583696000e+16
5.051899231209662503e+03 3.099453540643972400e+16
5.052232799993498702e+03 3.099441526056324000e+16
5.052566368777335811e+03 3.099427395720739200e+16
5.052899937561172010e+03 3.099411158688645600e+16
5.053233506345010028e+03 3.099392824161904000e+16
5.053567075128846227e+03 3.099372401491815200e+16
5.053900643912682426e+03 3.099349900178099200e+16
5.054234212696520444e+03 3.099325329867862400e+16
5.054567781480356643e+03 3.099298700354542400e+16
5.054901350264193752e+03 3.099270021576848800e+16
5.055234919048030861e+03 3.099239303617690800e+16
5.055568487831867969e+03 3.099206556703068400e+16
5.055902056615704169e+03 3.099171791200988400e+16
5.056235625399541277e+03 3.099135017620328000e+16
5.056569194183378386e+03 3.099096246609716800e+16
5.056902762967215494e+03 3.099055488956374400e+16
5.057236331751051694e+03 3.099012755584967600e+16
5.057569900534889712e+03 3.098968057556430400e+16
5.057903469318725911e+03 3.098921406066784000e+16
5.058237038102562110e+03 3.098872812445939200e+16
5.058570606886400128e+03 3.098822288156492800e+16
5.058904175670236327e+03 3.098769844792502400e+16
5.059237744454073436e+03 3.098715494078261600e+16
5.059571313237909635e+03 3.098659247867051200e+16
5.059904882021747653e+03 3.098601118139899200e+16
5.060238450805583852e+03 3.098541117004302000e+16
5.060572019589420961e+03 3.098479256692960000e+16
5.060905588373258070e+03 3.098415549562496000e+16
5.061239157157095178e+03 3.098350008092151200e+16
5.061572725940931377e+03 3.098282644882489600e+16
5.061906294724769396e+03 3.098213472654088000e+16
5.062239863508605595e+03 3.098142504246201600e+16
5.062573432292441794e+03 3.098069752615443200e+16
5.062907001076278902e+03 3.097995230834447200e+16
5.063240569860116011e+03 3.097918952090506000e+16
5.063574138643953120e+03 3.097840929684232000e+16
5.063907707427789319e+03 3.097761177028178800e+16
5.064241276211627337e+03 3.097679707645480400e+16
5.064574844995463536e+03 3.097596535168465600e+16
5.064908413779300645e+03 3.097511673337273600e+16
5.065241982563137753e+03 3.097425135998466400e+16
5.065575551346974862e+03 3.097336937103620000e+16
5.065909120130811061e+03 3.097247090707926000e+16
5.066242688914647260e+03 3.097155610968774800e+16
5.066576257698485279e+03 3.097062512144347200e+16
5.066909826482321478e+03 3.096967808592176000e+16
5.067243395266158586e+03 3.096871514767731600e+16
5.067576964049995695e+03 3.096773645222982400e+16
5.067910532833832804e+03 3.096674214604953600e+16
5.068244101617669003e+03 3.096573237654292400e+16
5.068577670401507021e+03 3.096470729203812800e+16
5.068911239185343220e+03 3.096366704177051200e+16
5.069244807969180329e+03 3.096261177586804400e+16
5.069578376753016528e+03 3.096154164533678400e+16
5.069911945536854546e+03 3.096045680204624800e+16
5.070245514320690745e+03 3.095935739871467200e+16
5.070579083104526944e+03 3.095824358889450000e+16
5.070912651888364962e+03 3.095711552695754800e+16
5.071246220672201162e+03 3.095597336808034800e+16
5.071579789456038270e+03 3.095481726822932800e+16
5.071913358239875379e+03 3.095364738414619200e+16
5.072246927023712487e+03 3.095246387333300800e+16
5.072580495807548687e+03 3.095126689403747200e+16
5.072914064591385795e+03 3.095005660523810400e+16
5.073247633375222904e+03 3.094883316662948400e+16
5.073581202159060012e+03 3.094759673860732000e+16
5.073914770942896212e+03 3.094634748225372800e+16
5.074248339726733320e+03 3.094508555932241600e+16
5.074581908510570429e+03 3.094381113222378400e+16
5.074915477294406628e+03 3.094252436401020400e+16
5.075249046078244646e+03 3.094122541836112800e+16
5.075582614862080845e+03 3.093991445956830800e+16
5.075916183645917954e+03 3.093859165252107200e+16
5.076249752429754153e+03 3.093725716269146400e+16
5.076583321213592171e+03 3.093591115611946800e+16
5.076916889997428370e+03 3.093455379939832800e+16
5.077250458781264570e+03 3.093318525965976800e+16
5.077584027565102588e+03 3.093180570455930400e+16
5.077917596348938787e+03 3.093041530226152400e+16
5.078251165132775895e+03 3.092901422142548800e+16
5.078584733916613004e+03 3.092760263119003200e+16
5.078918302700450113e+03 3.092618070115919200e+16
5.079251871484286312e+03 3.092474860138758400e+16
5.079585440268123421e+03 3.092330650236598800e+16
5.079919009051960529e+03 3.092185457500668800e+16
5.080252577835797638e+03 3.092039299062904000e+16
5.080586146619633837e+03 3.091892192094516000e+16
5.080919715403471855e+03 3.091744153804538800e+16
5.081253284187308054e+03 3.091595201438397200e+16
5.081586852971144253e+03 3.091445352276486000e+16
5.081920421754982272e+03 3.091294623632730000e+16
5.082253990538818471e+03 3.091143032853175200e+16
5.082587559322655579e+03 3.090990597314565200e+16
5.082921128106491778e+03 3.090837334422934400e+16
5.083254696890329797e+03 3.090683261612204000e+16
5.083588265674165996e+03 3.090528396342774400e+16
5.083921834458003104e+03 3.090372756100139600e+16
5.084255403241840213e+03 3.090216358393493200e+16
5.084588972025677322e+03 3.090059220754351200e+16
5.084922540809513521e+03 3.089901360735167200e+16
5.085256109593351539e+03 3.089742795907972800e+16
5.085589678377187738e+03 3.089583543863001600e+16
5.085923247161023937e+03 3.089423622207348000e+16
5.086256815944861046e+03 3.089263048563603200e+16
5.086590384728698155e+03 3.089101840568513200e+16
5.086923953512535263e+03 3.088940015871651200e+16
5.087257522296371462e+03 3.088777592134077600e+16
5.087591091080209480e+03 3.088614587027030400e+16
5.087924659864045680e+03 3.088451018230590800e+16
5.088258228647882788e+03 3.088286903432400800e+16
5.088591797431719897e+03 3.088122260326344800e+16
5.088925366215557005e+03 3.087957106611262400e+16
5.089258934999393205e+03 3.087791459989670400e+16
5.089592503783229404e+03 3.087625338166482800e+16
5.089926072567067422e+03 3.087458758847742000e+16
5.090259641350903621e+03 3.087291739739356800e+16
5.090593210134740730e+03 3.087124298545861600e+16
5.090926778918577838e+03 3.086956452969166400e+16
5.091260347702414947e+03 3.086788220707315200e+16
5.091593916486251146e+03 3.086619619453279200e+16
5.091927485270089164e+03 3.086450666893722400e+16
5.092261054053925363e+03 3.086281380707803200e+16
5.092594622837762472e+03 3.086111778565971600e+16
5.092928191621598671e+03 3.085941878128782400e+16
5.093261760405436689e+03 3.085771697045710800e+16
5.093595329189272888e+03 3.085601252953979600e+16
5.093928897973109088e+03 3.085430563477403200e+16
5.094262466756947106e+03 3.085259646225229200e+16
5.094596035540783305e+03 3.085088518790992000e+16
5.094929604324620414e+03 3.084917198751386400e+16
5.095263173108457522e+03 3.084745703665135200e+16
5.095596741892294631e+03 3.084574051071876000e+16
5.095930310676130830e+03 3.084402258491059200e+16
5.096263879459967939e+03 3.084230343420849600e+16
5.096597448243805047e+03 3.084058323337040400e+16
5.096931017027642156e+03 3.083886215691968800e+16
5.097264585811478355e+03 3.083714037913464800e+16
5.097598154595315464e+03 3.083541807403788000e+16
5.097931723379152572e+03 3.083369541538570400e+16
5.098265292162988771e+03 3.083197257665800800e+16
5.098598860946826790e+03 3.083024973104778800e+16
5.098932429730662989e+03 3.082852705145106400e+16
5.099265998514500097e+03 3.082680471045687200e+16
5.099599567298336297e+03 3.082508288033715600e+16
5.099933136082174315e+03 3.082336173303705600e+16
5.100266704866010514e+03 3.082164144016505600e+16
5.100600273649846713e+03 3.081992217298336000e+16
5.100933842433684731e+03 3.081820410239836800e+16
5.101267411217520930e+03 3.081648739895108000e+16
5.101600980001358039e+03 3.081477223280798400e+16
5.101934548785195148e+03 3.081305877375162400e+16
5.102268117569032256e+03 3.081134719117150800e+16
5.102601686352868455e+03 3.080963765405503200e+16
5.102935255136705564e+03 3.080793033097866400e+16
5.103268823920542673e+03 3.080622539009900400e+16
5.103602392704379781e+03 3.080452299914400800e+16
5.103935961488215980e+03 3.080282332540452000e+16
5.104269530272053998e+03 3.080112653572563600e+16
5.104603099055890198e+03 3.079943279649823200e+16
5.104936667839726397e+03 3.079774227365076400e+16
5.105270236623564415e+03 3.079605513264106400e+16
5.105603805407400614e+03 3.079437153844805200e+16
5.105937374191237723e+03 3.079269165556392000e+16
5.106270942975073922e+03 3.079101564798611600e+16
5.106604511758911940e+03 3.078934367920959200e+16
5.106938080542748139e+03 3.078767591221905600e+16
5.107271649326585248e+03 3.078601250948139200e+16
5.107605218110422356e+03 3.078435363293819200e+16
5.107938786894259465e+03 3.078269944399825600e+16
5.108272355678095664e+03 3.078105010353049200e+16
5.108605924461933682e+03 3.077940577185650400e+16
5.108939493245769881e+03 3.077776660874359200e+16
5.109273062029606081e+03 3.077613277339780400e+16
5.109606630813443189e+03 3.077450442445699200e+16
5.109940199597280298e+03 3.077288171998396800e+16
5.110273768381117407e+03 3.077126481745995600e+16
5.110607337164953606e+03 3.076965387377779600e+16
5.110940905948791624e+03 3.076804904523565200e+16
5.111274474732627823e+03 3.076645048753044000e+16
5.111608043516464932e+03 3.076485835575165600e+16
5.111941612300302040e+03 3.076327280437509200e+16
5.112275181084139149e+03 3.076169398725675600e+16
5.112608749867975348e+03 3.076012205762686400e+16
5.112942318651811547e+03 3.075855716808391200e+16
5.113275887435649565e+03 3.075699947058886400e+16
5.113609456219485764e+03 3.075544911645943200e+16
5.113943025003322873e+03 3.075390625636443600e+16
5.114276593787159982e+03 3.075237104031827200e+16
5.114610162570997090e+03 3.075084361767544800e+16
5.114943731354833290e+03 3.074932413712527600e+16
5.115277300138671308e+03 3.074781274668654400e+16
5.115610868922507507e+03 3.074630959370244000e+16
5.115944437706344615e+03 3.074481482483538400e+16
5.116278006490180815e+03 3.074332858606207200e+16
5.116611575274018833e+03 3.074185102266864400e+16
5.116945144057855032e+03 3.074038227924572800e+16
5.117278712841691231e+03 3.073892249968388000e+16
5.117612281625529249e+03 3.073747182716886400e+16
5.117945850409365448e+03 3.073603040417706400e+16
5.118279419193202557e+03 3.073459837247110000e+16
5.118612987977039666e+03 3.073317587309548400e+16
5.118946556760876774e+03 3.073176304637221600e+16
5.119280125544712973e+03 3.073036003189664800e+16
5.119613694328550082e+03 3.072896696853339600e+16
5.119947263112387191e+03 3.072758399441216800e+16
5.120280831896224299e+03 3.072621124692398800e+16
5.120614400680060498e+03 3.072484886271712800e+16
5.120947969463897607e+03 3.072349697769351200e+16
5.121281538247734716e+03 3.072215572700477600e+16
5.121615107031570915e+03 3.072082524504885600e+16
5.121948675815408933e+03 3.071950566546625600e+16
5.122282244599245132e+03 3.071819712113663200e+16
5.122615813383082241e+03 3.071689974417543200e+16
5.122949382166918440e+03 3.071561366593045600e+16
5.123282950950756458e+03 3.071433901697871200e+16
5.123616519734592657e+03 3.071307592712314800e+16
5.123950088518428856e+03 3.071182452538959600e+16
5.124283657302266874e+03 3.071058494002375200e+16
5.124617226086103074e+03 3.070935729848812800e+16
5.124950794869940182e+03 3.070814172745926000e+16
5.125284363653776381e+03 3.070693835282484800e+16
5.125617932437614400e+03 3.070574729968099200e+16
5.125951501221450599e+03 3.070456869232947600e+16
5.126285070005287707e+03 3.070340265427524800e+16
5.126618638789124816e+03 3.070224930822379600e+16
5.126952207572961925e+03 3.070110877607868000e+16
5.127285776356798124e+03 3.069998117893910400e+16
5.127619345140636142e+03 3.069886663709762400e+16
5.127952913924472341e+03 3.069776527003776400e+16
5.128286482708308540e+03 3.069667719643187200e+16
5.128620051492145649e+03 3.069560253413889600e+16
5.128953620275982757e+03 3.069454140020234400e+16
5.129287189059819866e+03 3.069349391084816000e+16
5.129620757843656065e+03 3.069246018148278400e+16
5.129954326627494083e+03 3.069144032669127200e+16
5.130287895411330283e+03 3.069043446023535600e+16
5.130621464195167391e+03 3.068944269505160800e+16
5.130955032979004500e+03 3.068846514324984800e+16
5.131288601762841608e+03 3.068750191611118400e+16
5.131622170546677808e+03 3.068655312408667200e+16
5.131955739330514007e+03 3.068561887679545600e+16
5.132289308114352025e+03 3.068469928302342800e+16
5.132622876898188224e+03 3.068379445072153600e+16
5.132956445682025333e+03 3.068290448700462000e+16
5.133290014465862441e+03 3.068202949814975200e+16
5.133623583249699550e+03 3.068116958959505200e+16
5.133957152033535749e+03 3.068032486593840400e+16
5.134290720817373767e+03 3.067949543093616800e+16
5.134624289601209966e+03 3.067868138750196000e+16
5.134957858385047075e+03 3.067788283770560000e+16
5.135291427168883274e+03 3.067709988277192000e+16
5.135624995952721292e+03 3.067633262307979600e+16
5.135958564736557491e+03 3.067558115816098800e+16
5.136292133520393691e+03 3.067484558669936000e+16
5.136625702304231709e+03 3.067412600652980000e+16
5.136959271088067908e+03 3.067342251463737600e+16
5.137292839871905016e+03 3.067273520715655200e+16
5.137626408655742125e+03 3.067206417937030000e+16
5.137959977439579234e+03 3.067140952570932800e+16
5.138293546223415433e+03 3.067077133975141200e+16
5.138627115007252542e+03 3.067014971422068800e+16
5.138960683791089650e+03 3.066954474098696800e+16
5.139294252574926759e+03 3.066895651106508800e+16
5.139627821358762958e+03 3.066838511461441600e+16
5.139961390142600976e+03 3.066783064093821600e+16
5.140294958926437175e+03 3.066729317848317600e+16
5.140628527710273374e+03 3.066677281483889600e+16
5.140962096494111393e+03 3.066626963673745600e+16
5.141295665277947592e+03 3.066578373005294400e+16
5.141629234061784700e+03 3.066531517980115200e+16
5.141962802845620899e+03 3.066486407013912000e+16
5.142296371629458918e+03 3.066443048436488800e+16
5.142629940413295117e+03 3.066401450491707200e+16
5.142963509197132225e+03 3.066361621337472800e+16
5.143297077980969334e+03 3.066323569045699200e+16
5.143630646764806443e+03 3.066287301602292800e+16
5.143964215548642642e+03 3.066252826907122800e+16
5.144297784332479750e+03 3.066220152774018400e+16
5.144631353116316859e+03 3.066189286930737200e+16
5.144964921900153058e+03 3.066160237018969200e+16
5.145298490683990167e+03 3.066133010594310000e+16
5.145632059467827276e+03 3.066107615126262800e+16
5.145965628251664384e+03 3.066084057998231200e+16
5.146299197035500583e+03 3.066062346507508800e+16
5.146632765819338601e+03 3.066042487865286800e+16
5.146966334603174801e+03 3.066024489196642800e+16
5.147299903387011000e+03 3.066008357540552400e+16
5.147633472170849018e+03 3.065994099849886800e+16
5.147967040954685217e+03 3.065981722991416800e+16
5.148300609738522326e+03 3.065971233745827200e+16
5.148634178522358525e+03 3.065962638807712800e+16
5.148967747306196543e+03 3.065955944785605200e+16
5.149301316090032742e+03 3.065951158201965600e+16
5.149634884873869851e+03 3.065948285493215600e+16
5.149968453657706959e+03 3.065947333009737600e+16
5.150302022441544068e+03 3.065948307015895200e+16
5.150635591225380267e+03 3.065951213690056000e+16
5.150969160009218285e+03 3.065956059124600400e+16
5.151302728793054484e+03 3.065962849325948000e+16
5.151636297576890684e+03 3.065971590214574000e+16
5.151969866360727792e+03 3.065982287625028000e+16
5.152303435144564901e+03 3.065994947305969600e+16
5.152637003928402009e+03 3.066009574920176400e+16
5.152970572712238209e+03 3.066026176044572800e+16
5.153304141496076227e+03 3.066044756170264400e+16
5.153637710279912426e+03 3.066065320702550400e+16
5.153971279063749535e+03 3.066087874960955200e+16
5.154304847847586643e+03 3.066112424179264800e+16
5.154638416631423752e+03 3.066138973505538400e+16
5.154971985415259951e+03 3.066167528002153200e+16
5.155305554199096150e+03 3.066198092645823600e+16
5.155639122982934168e+03 3.066230672327632000e+16
5.155972691766770367e+03 3.066265271853064800e+16
5.156306260550607476e+03 3.066301895942034400e+16
5.156639829334444585e+03 3.066340549228919600e+16
5.156973398118281693e+03 3.066381236262586400e+16
5.157306966902117892e+03 3.066423961506434000e+16
5.157640535685955911e+03 3.066468729338414400e+16
5.157974104469792110e+03 3.066515544051063200e+16
5.158307673253629218e+03 3.066564409851548400e+16
5.158641242037465418e+03 3.066615330861684800e+16
5.158974810821303436e+03 3.066668311117979200e+16
5.159308379605139635e+03 3.066723354571648000e+16
5.159641948388975834e+03 3.066780465088673200e+16
5.159975517172813852e+03 3.066839646449816400e+16
5.160309085956650051e+03 3.066900902350653600e+16
5.160642654740487160e+03 3.066964236401618400e+16
5.160976223524324269e+03 3.067029652128024800e+16
5.161309792308161377e+03 3.067097152970100800e+16
5.161643361091997576e+03 3.067166742283032000e+16
5.161976929875834685e+03 3.067238423336974000e+16
5.162310498659671794e+03 3.067312199317104000e+16
5.162644067443508902e+03 3.067388073323638400e+16
5.162977636227345101e+03 3.067466048371873600e+16
5.163311205011183119e+03 3.067546127392216800e+16
5.163644773795019319e+03 3.067628313230207200e+16
5.163978342578855518e+03 3.067712608646562000e+16
5.164311911362693536e+03 3.067799016317193600e+16
5.164645480146529735e+03 3.067887538833244000e+16
5.164979048930366844e+03 3.067978178701120000e+16
5.165312617714203043e+03 3.068070938342515200e+16
5.165646186498041061e+03 3.068165820094443600e+16
5.165979755281877260e+03 3.068262826209260800e+16
5.166313324065714369e+03 3.068361958854704400e+16
5.166646892849551477e+03 3.068463220113908800e+16
5.166980461633388586e+03 3.068566611985439200e+16
5.167314030417224785e+03 3.068672136383318000e+16
5.167647599201061894e+03 3.068779795137049200e+16
5.167981167984899002e+03 3.068889589991642400e+16
5.168314736768735202e+03 3.069001522607641200e+16
5.168648305552572310e+03 3.069115594561145600e+16
5.168981874336409419e+03 3.069231807343836000e+16
5.169315443120246528e+03 3.069350162363000400e+16
5.169649011904082727e+03 3.069470660941546400e+16
5.169982580687920745e+03 3.069593304318036800e+16
5.170316149471756944e+03 3.069718093646700800e+16
5.170649718255593143e+03 3.069845029997462400e+16
5.170983287039431161e+03 3.069974114355957600e+16
5.171316855823267360e+03 3.070105347623548000e+16
5.171650424607104469e+03 3.070238730617358400e+16
5.171983993390940668e+03 3.070374264070269200e+16
5.172317562174778686e+03 3.070511948630959600e+16
5.172651130958614885e+03 3.070651784863904800e+16
5.172984699742451994e+03 3.070793773249408800e+16
5.173318268526289103e+03 3.070937914183611200e+16
5.173651837310126211e+03 3.071084207978506800e+16
5.173985406093962411e+03 3.071232654861954000e+16
5.174318974877800429e+03 3.071383254977702400e+16
5.174652543661636628e+03 3.071536008385392000e+16
5.174986112445472827e+03 3.071690915060577200e+16
5.175319681229309936e+03 3.071847974894732800e+16
5.175653250013147044e+03 3.072007187695273600e+16
5.175986818796984153e+03 3.072168553185555200e+16
5.176320387580820352e+03 3.072332071004896400e+16
5.176653956364658370e+03 3.072497740708583200e+16
5.176987525148494569e+03 3.072665561767880400e+16
5.177321093932331678e+03 3.072835533570038400e+16
5.177654662716168787e+03 3.073007655418312400e+16
5.177988231500005895e+03 3.073181926531955200e+16
5.178321800283842094e+03 3.073358346046238400e+16
5.178655369067678294e+03 3.073536913012458000e+16
5.178988937851516312e+03 3.073717626397936400e+16
5.179322506635352511e+03 3.073900485086029200e+16
5.179656075419189619e+03 3.074085487876142000e+16
5.179989644203026728e+03 3.074272633483723200e+16
5.180323212986863837e+03 3.074461920540276800e+16
5.180656781770700036e+03 3.074653347593368800e+16
5.180990350554538054e+03 3.074846913106632800e+16
5.181323919338374253e+03 3.075042615459764800e+16
5.181657488122211362e+03 3.075240452948545600e+16
5.181991056906047561e+03 3.075440423784825600e+16
5.182324625689885579e+03 3.075642526096547600e+16
5.182658194473721778e+03 3.075846757927734800e+16
5.182991763257557977e+03 3.076053117238505200e+16
5.183325332041395995e+03 3.076261601905072800e+16
5.183658900825232195e+03 3.076472209719747200e+16
5.183992469609069303e+03 3.076684938390942800e+16
5.184326038392906412e+03 3.076899785543181200e+16
5.184659607176743521e+03 3.077116748717090800e+16
5.184993175960579720e+03 3.077335825369413600e+16
5.185326744744416828e+03 3.077557012873008800e+16
5.185660313528253937e+03 3.077780308516860000e+16
5.185993882312091046e+03 3.078005709506067200e+16
5.186327451095927245e+03 3.078233212961866400e+16
5.186661019879765263e+03 3.078462815921625200e+16
5.186994588663601462e+03 3.078694515338845600e+16
5.187328157447437661e+03 3.078928308083174000e+16
5.187661726231275679e+03 3.079164190940408000e+16
5.187995295015111878e+03 3.079402160612488000e+16
5.188328863798948987e+03 3.079642213717522000e+16
5.188662432582785186e+03 3.079884346789782400e+16
5.188996001366623204e+03 3.080128556279714000e+16
5.189329570150459404e+03 3.080374838553935200e+16
5.189663138934296512e+03 3.080623189895259600e+16
5.189996707718133621e+03 3.080873606502692800e+16
5.190330276501970729e+03 3.081126084491442400e+16
5.190663845285806929e+03 3.081380619892939200e+16
5.190997414069644037e+03 3.081637208654839200e+16
5.191330982853481146e+03 3.081895846641024800e+16
5.191664551637317345e+03 3.082156529631642400e+16
5.191998120421154454e+03 3.082419253323095200e+16
5.192331689204991562e+03 3.082684013328062800e+16
5.192665257988828671e+03 3.082950805175519200e+16
5.192998826772664870e+03 3.083219624310745600e+16
5.193332395556502888e+03 3.083490466095354400e+16
5.193665964340339087e+03 3.083763325807296800e+16
5.193999533124175287e+03 3.084038198640892800e+16
5.194333101908013305e+03 3.084315079706848800e+16
5.194666670691849504e+03 3.084593964032274400e+16
5.195000239475686612e+03 3.084874846560714400e+16
5.195333808259522812e+03 3.085157722152172400e+16
5.195667377043360830e+03 3.085442585583135600e+16
5.196000945827197029e+03 3.085729431546598000e+16
5.196334514611034137e+03 3.086018254652101600e+16
5.196668083394871246e+03 3.086309049425759200e+16
5.197001652178708355e+03 3.086601810310289600e+16
5.197335220962544554e+03 3.086896531665054000e+16
5.197668789746382572e+03 3.087193207766092800e+16
5.198002358530218771e+03 3.087491832806162800e+16
5.198335927314054970e+03 3.087792400894778400e+16
5.198669496097892079e+03 3.088094906058257600e+16
5.199003064881729188e+03 3.088399342239760800e+16
5.199336633665566296e+03 3.088705703299341600e+16
5.199670202449402495e+03 3.089013983013999200e+16
5.200003771233240514e+03 3.089324175077720400e+16
5.200337340017076713e+03 3.089636273101547200e+16
5.200670908800913821e+03 3.089950270613616400e+16
5.201004477584750930e+03 3.090266161059236800e+16
5.201338046368588039e+03 3.090583937800932800e+16
5.201671615152424238e+03 3.090903594118523600e+16
5.202005183936260437e+03 3.091225123209180800e+16
5.202338752720098455e+03 3.091548518187499200e+16
5.202672321503934654e+03 3.091873772085571200e+16
5.203005890287771763e+03 3.092200877853062400e+16
5.203339459071608871e+03 3.092529828357288000e+16
5.203673027855445980e+03 3.092860616383290000e+16
5.204006596639282179e+03 3.093193234633930800e+16
5.204340165423120197e+03 3.093527675729978000e+16
5.204673734206956397e+03 3.093863932210186400e+16
5.205007302990793505e+03 3.094201996531401600e+16
5.205340871774629704e+03 3.094541861068656000e+16
5.205674440558467722e+03 3.094883518115269600e+16
5.206008009342303922e+03 3.095226959882947600e+16
5.206341578126140121e+03 3.095572178501900000e+16
5.206675146909978139e+03 3.095919166020945600e+16
5.207008715693814338e+03 3.096267914407628800e+16
5.207342284477651447e+03 3.096618415548342400e+16
5.207675853261488555e+03 3.096970661248446800e+16
5.208009422045325664e+03 3.097324643232397600e+16
5.208342990829161863e+03 3.097680353143880800e+16
5.208676559612998972e+03 3.098037782545947200e+16
5.209010128396836080e+03 3.098396922921149200e+16
5.209343697180673189e+03 3.098757765671684400e+16
5.209677265964509388e+03 3.099120302119553600e+16
5.210010834748347406e+03 3.099484523506700800e+16
5.210344403532183605e+03 3.099850420995178000e+16
5.210677972316019805e+03 3.100217985667303200e+16
5.211011541099857823e+03 3.100587208525837200e+16
5.211345109883694022e+03 3.100958080494137200e+16
5.211678678667531130e+03 3.101330592416352000e+16
5.212012247451367330e+03 3.101704735057589600e+16
5.212345816235205348e+03 3.102080499104116400e+16
5.212679385019041547e+03 3.102457875163528800e+16
5.213012953802878656e+03 3.102836853764971200e+16
5.213346522586715764e+03 3.103217425359323600e+16
5.213680091370552873e+03 3.103599580319413600e+16
5.214013660154389072e+03 3.103983308940229600e+16
5.214347228938226181e+03 3.104368601439138400e+16
5.214680797722063289e+03 3.104755447956101600e+16
5.215014366505899488e+03 3.105143838553918400e+16
5.215347935289736597e+03 3.105533763218447200e+16
5.215681504073573706e+03 3.105925211858849600e+16
5.216015072857410814e+03 3.106318174307840800e+16
5.216348641641247013e+03 3.106712640321942400e+16
5.216682210425085032e+03 3.107108599581732000e+16
5.217015779208921231e+03 3.107506041692112400e+16
5.217349347992757430e+03 3.107904956182586000e+16
5.217682916776595448e+03 3.108305332507528000e+16
5.218016485560431647e+03 3.108707160046464000e+16
5.218350054344268756e+03 3.109110428104370000e+16
5.218683623128104955e+03 3.109515125911957200e+16
5.219017191911942973e+03 3.109921242625988000e+16
5.219350760695779172e+03 3.110328767329564800e+16
5.219684329479616281e+03 3.110737689032469200e+16
5.220017898263453390e+03 3.111147996671461600e+16
5.220351467047290498e+03 3.111559679110628400e+16
5.220685035831126697e+03 3.111972725141708800e+16
5.221018604614964715e+03 3.112387123484437600e+16
5.221352173398800915e+03 3.112802862786898000e+16
5.221685742182637114e+03 3.113219931625880000e+16
5.222019310966474222e+03 3.113638318507240000e+16
5.222352879750311331e+03 3.114058011866279200e+16
5.222686448534148440e+03 3.114479000068109200e+16
5.223020017317984639e+03 3.114901271408056000e+16
5.223353586101822657e+03 3.115324814112042000e+16
5.223687154885658856e+03 3.115749616336988000e+16
5.224020723669495965e+03 3.116175666171228000e+16
5.224354292453333073e+03 3.116602951634918000e+16
5.224687861237170182e+03 3.117031460680463200e+16
5.225021430021006381e+03 3.117461181192956000e+16
5.225354998804842580e+03 3.117892100990605600e+16
5.225688567588680598e+03 3.118324207825191200e+16
5.226022136372516798e+03 3.118757489382518000e+16
5.226355705156353906e+03 3.119191933282878400e+16
5.226689273940191015e+03 3.119627527081530400e+16
5.227022842724028123e+03 3.120064258269161600e+16
5.227356411507864323e+03 3.120502114272395600e+16
5.227689980291702341e+03 3.120941082454282400e+16
5.228023549075538540e+03 3.121381150114796000e+16
5.228357117859375649e+03 3.121822304491355600e+16
5.228690686643211848e+03 3.122264532759346000e+16
5.229024255427049866e+03 3.122707822032644800e+16
5.229357824210886065e+03 3.123152159364158800e+16
5.229691392994722264e+03 3.123597531746380000e+16
5.230024961778560282e+03 3.124043926111935200e+16
5.230358530562396481e+03 3.124491329334145600e+16
5.230692099346233590e+03 3.124939728227615200e+16
5.231025668130070699e+03 3.125389109548793200e+16
5.231359236913907807e+03 3.125839459996579200e+16
5.231692805697744006e+03 3.126290766212918800e+16
5.232026374481581115e+03 3.126743014783409600e+16
5.232359943265418224e+03 3.127196192237924400e+16
5.232693512049255332e+03 3.127650285051226000e+16
5.233027080833091532e+03 3.128105279643618000e+16
5.233360649616929550e+03 3.128561162381578800e+16
5.233694218400765749e+03 3.129017919578416800e+16
5.234027787184601948e+03 3.129475537494935600e+16
5.234361355968439966e+03 3.129934002340107600e+16
5.234694924752276165e+03 3.130393300271744800e+16
5.235028493536113274e+03 3.130853417397205600e+16
5.235362062319949473e+03 3.131314339774073600e+16
5.235695631103787491e+03 3.131776053410892000e+16
5.236029199887623690e+03 3.132238544267852800e+16
5.236362768671460799e+03 3.132701798257549600e+16
5.236696337455297908e+03 3.133165801245698400e+16
5.237029906239135016e+03 3.133630539051886800e+16
5.237363475022971215e+03 3.134095997450333600e+16
5.237697043806808324e+03 3.134562162170654800e+16
5.238030612590645433e+03 3.135029018898625600e+16
5.238364181374481632e+03 3.135496553276976400e+16
5.238697750158318740e+03 3.135964750906184400e+16
5.239031318942155849e+03 3.136433597345268000e+16
5.239364887725992958e+03 3.136903078112602400e+16
5.239698456509829157e+03 3.137373178686748000e+16
5.240032025293667175e+03 3.137843884507271600e+16
5.240365594077503374e+03 3.138315180975586400e+16
5.240699162861339573e+03 3.138787053455805200e+16
5.241032731645177591e+03 3.139259487275607200e+16
5.241366300429013791e+03 3.139732467727085200e+16
5.241699869212850899e+03 3.140205980067640800e+16
5.242033437996687098e+03 3.140680009520864800e+16
5.242367006780525116e+03 3.141154541277438800e+16
5.242700575564361316e+03 3.141629560496029600e+16
5.243034144348198424e+03 3.142105052304214400e+16
5.243367713132035533e+03 3.142581001799405600e+16
5.243701281915872642e+03 3.143057394049772000e+16
5.244034850699708841e+03 3.143534214095200000e+16
5.244368419483546859e+03 3.144011446948228800e+16
5.244701988267383058e+03 3.144489077595018800e+16
5.245035557051219257e+03 3.144967090996328400e+16
5.245369125835056366e+03 3.145445472088480800e+16
5.245702694618893474e+03 3.145924205784361600e+16
5.246036263402730583e+03 3.146403276974412800e+16
5.246369832186566782e+03 3.146882670527642400e+16
5.246703400970404800e+03 3.147362371292637600e+16
5.247036969754240999e+03 3.147842364098587200e+16
5.247370538538078108e+03 3.148322633756323200e+16
5.247704107321915217e+03 3.148803165059356400e+16
5.248037676105752325e+03 3.149283942784926800e+16
5.248371244889588525e+03 3.149764951695066400e+16
5.248704813673424724e+03 3.150246176537670400e+16
5.249038382457262742e+03 3.150727602047569200e+16
5.249371951241098941e+03 3.151209212947614000e+16
5.249705520024936050e+03 3.151690993949774000e+16
5.250039088808773158e+03 3.152172929756239600e+16
5.250372657592610267e+03 3.152655005060526400e+16
5.250706226376446466e+03 3.153137204548605600e+16
5.251039795160284484e+03 3.153619512900020800e+16
5.251373363944120683e+03 3.154101914789027600e+16
5.251706932727957792e+03 3.154584394885737600e+16
5.252040501511793991e+03 3.155066937857265200e+16
5.252374070295632009e+03 3.155549528368899200e+16
5.252707639079468208e+03 3.156032151085249200e+16
5.253041207863304408e+03 3.156514790671439200e+16
5.253374776647142426e+03 3.156997431794284000e+16
5.253708345430978625e+03 3.157480059123470000e+16
5.254041914214815733e+03 3.157962657332764000e+16
5.254375482998652842e+03 3.158445211101214000e+16
5.254709051782489951e+03 3.158927705114355200e+16
5.255042620566326150e+03 3.159410124065435200e+16
5.255376189350163258e+03 3.159892452656637600e+16
5.255709758134000367e+03 3.160374675600311200e+16
5.256043326917837476e+03 3.160856777620212400e+16
5.256376895701673675e+03 3.161338743452751200e+16
5.256710464485511693e+03 3.161820557848237600e+16
5.257044033269347892e+03 3.162302205572147600e+16
5.257377602053184091e+03 3.162783671406383600e+16
5.257711170837022109e+03 3.163264940150547600e+16
5.258044739620858309e+03 3.163745996623210000e+16
5.258378308404695417e+03 3.164226825663204400e+16
5.258711877188531616e+03 3.164707412130911600e+16
5.259045445972369635e+03 3.165187740909544800e+16
5.259379014756205834e+03 3.165667796906459600e+16
5.259712583540042942e+03 3.166147565054453200e+16
5.260046152323880051e+03 3.166627030313079200e+16
5.260379721107717160e+03 3.167106177669954400e+16
5.260713289891553359e+03 3.167584992142083200e+16
5.261046858675390467e+03 3.168063458777187200e+16
5.261380427459227576e+03 3.168541562655014800e+16
5.261713996243063775e+03 3.169019288888700800e+16
5.262047565026900884e+03 3.169496622626083200e+16
5.262381133810737992e+03 3.169973549051054400e+16
5.262714702594575101e+03 3.170450053384899600e+16
5.263048271378411300e+03 3.170926120887655200e+16
5.263381840162249318e+03 3.171401736859453600e+16
5.263715408946085518e+03 3.171876886641878800e+16
5.264048977729921717e+03 3.172351555619332000e+16
5.264382546513759735e+03 3.172825729220390400e+16
5.264716115297595934e+03 3.173299392919164800e+16
5.265049684081433043e+03 3.173772532236684000e+16
5.265383252865269242e+03 3.174245132742243200e+16
5.265716821649107260e+03 3.174717180054803200e+16
5.266050390432943459e+03 3.175188659844336400e+16
5.266383959216780568e+03 3.175659557833223200e+16
5.266717528000617676e+03 3.176129859797624800e+16
5.267051096784454785e+03 3.176599551568858000e+16
5.267384665568290984e+03 3.177068619034784000e+16
5.267718234352129002e+03 3.177537048141187600e+16
5.268051803135965201e+03 3.178004824893154800e+16
5.268385371919801401e+03 3.178471935356469200e+16
5.268718940703638509e+03 3.178938365658984000e+16
5.269052509487475618e+03 3.179404101992018000e+16
5.269386078271312726e+03 3.179869130611727200e+16
5.269719647055148926e+03 3.180333437840507200e+16
5.270053215838986944e+03 3.180797010068360000e+16
5.270386784622823143e+03 3.181259833754293600e+16
5.270720353406660251e+03 3.181721895427692400e+16
5.271053922190497360e+03 3.182183181689715600e+16
5.271387490974334469e+03 3.182643679214661200e+16
5.271721059758170668e+03 3.183103374751360000e+16
5.272054628542006867e+03 3.183562255124548800e+16
5.272388197325844885e+03 3.184020307236250400e+16
5.272721766109681084e+03 3.184477518067137600e+16
5.273055334893518193e+03 3.184933874677927600e+16
5.273388903677355302e+03 3.185389364210733200e+16
5.273722472461192410e+03 3.185843973890437600e+16
5.274056041245028609e+03 3.186297691026059200e+16
5.274389610028866628e+03 3.186750503012120000e+16
5.274723178812702827e+03 3.187202397329991200e+16
5.275056747596539935e+03 3.187653361549259200e+16
5.275390316380376134e+03 3.188103383329072000e+16
5.275723885164214153e+03 3.188552450419491200e+16
5.276057453948050352e+03 3.189000550662828800e+16
5.276391022731886551e+03 3.189447671994988800e+16
5.276724591515724569e+03 3.189893802446811600e+16
5.277058160299560768e+03 3.190338930145382000e+16
5.277391729083397877e+03 3.190783043315374400e+16
5.277725297867234985e+03 3.191226130280360400e+16
5.278058866651072094e+03 3.191668179464122400e+16
5.278392435434908293e+03 3.192109179391968800e+16
5.278726004218745402e+03 3.192549118692028000e+16
5.279059573002582511e+03 3.192987986096551200e+16
5.279393141786419619e+03 3.193425770443186400e+16
5.279726710570255818e+03 3.193862460676282800e+16
5.280060279354093836e+03 3.194298045848148800e+16
5.280393848137930036e+03 3.194732515120328000e+16
5.280727416921766235e+03 3.195165857764852800e+16
5.281060985705604253e+03 3.195598063165511600e+16
5.281394554489440452e+03 3.196029120819074800e+16
5.281728123273277561e+03 3.196459020336552800e+16
5.282061692057113760e+03 3.196887751444409600e+16
5.282395260840951778e+03 3.197315303985788800e+16
5.282728829624787977e+03 3.197741667921728000e+16
5.283062398408625086e+03 3.198166833332356400e+16
5.283395967192462194e+03 3.198590790418092800e+16
5.283729535976299303e+03 3.199013529500826400e+16
5.284063104760135502e+03 3.199435041025095200e+16
5.284396673543972611e+03 3.199855315559249600e+16
5.284730242327809719e+03 3.200274343796600800e+16
5.285063811111645919e+03 3.200692116556580800e+16
5.285397379895483027e+03 3.201108624785858000e+16
5.285730948679320136e+03 3.201523859559476000e+16
5.286064517463157244e+03 3.201937812081952800e+16
5.286398086246993444e+03 3.202350473688392000e+16
5.286731655030831462e+03 3.202761835845570800e+16
5.287065223814667661e+03 3.203171890153011200e+16
5.287398792598503860e+03 3.203580628344058400e+16
5.287732361382341878e+03 3.203988042286926400e+16
5.288065930166178077e+03 3.204394123985742400e+16
5.288399498950015186e+03 3.204798865581579200e+16
5.288733067733851385e+03 3.205202259353470800e+16
5.289066636517689403e+03 3.205604297719421600e+16
5.289400205301525602e+03 3.206004973237386400e+16
5.289733774085362711e+03 3.206404278606265200e+16
5.290067342869199820e+03 3.206802206666855200e+16
5.290400911653036928e+03 3.207198750402809200e+16
5.290734480436873127e+03 3.207593902941573600e+16
5.291068049220711146e+03 3.207987657555312800e+16
5.291401618004547345e+03 3.208380007661812000e+16
5.291735186788383544e+03 3.208770946825382400e+16
5.292068755572220653e+03 3.209160468757740800e+16
5.292402324356057761e+03 3.209548567318869600e+16
5.292735893139894870e+03 3.209935236517879200e+16
5.293069461923731069e+03 3.210320470513830400e+16
5.293403030707569087e+03 3.210704263616578400e+16
5.293736599491405286e+03 3.211086610287552800e+16
5.294070168275242395e+03 3.211467505140569600e+16
5.294403737059078594e+03 3.211846942942595600e+16
5.294737305842916612e+03 3.212224918614514800e+16
5.295070874626752811e+03 3.212601427231865600e+16
5.295404443410589010e+03 3.212976464025572000e+16
5.295738012194427029e+03 3.213350024382658400e+16
5.296071580978263228e+03 3.213722103846935600e+16
5.296405149762100336e+03 3.214092698119687600e+16
5.296738718545937445e+03 3.214461803060335600e+16
5.297072287329774554e+03 3.214829414687068800e+16
5.297405856113610753e+03 3.215195529177490000e+16
5.297739424897447861e+03 3.215560142869218400e+16
5.298072993681284970e+03 3.215923252260484800e+16
5.298406562465122079e+03 3.216284854010702400e+16
5.298740131248958278e+03 3.216644944941039200e+16
5.299073700032796296e+03 3.217003522034956000e+16
5.299407268816632495e+03 3.217360582438716800e+16
5.299740837600468694e+03 3.217716123461916800e+16
5.300074406384306712e+03 3.218070142577957600e+16
5.300407975168142912e+03 3.218422637424522400e+16
5.300741543951980020e+03 3.218773605804026400e+16
5.301075112735816219e+03 3.219123045684054400e+16
5.301408681519654237e+03 3.219470955197783200e+16
5.301742250303490437e+03 3.219817332644364800e+16
5.302075819087327545e+03 3.220162176489319200e+16
5.302409387871164654e+03 3.220505485364897200e+16
5.302742956655001763e+03 3.220847258070409200e+16
5.303076525438837962e+03 3.221187493572570400e+16
5.303410094222675980e+03 3.221526191005792000e+16
5.303743663006512179e+03 3.221863349672468000e+16
5.304077231790348378e+03 3.222198969043256000e+16
5.304410800574185487e+03 3.222533048757320000e+16
5.304744369358022595e+03 3.222865588622560400e+16
5.305077938141859704e+03 3.223196588615822800e+16
5.305411506925695903e+03 3.223526048883106000e+16
5.305745075709533921e+03 3.223853969739720800e+16
5.306078644493370120e+03 3.224180351670451200e+16
5.306412213277207229e+03 3.224505195329693600e+16
5.306745782061044338e+03 3.224828501541572800e+16
5.307079350844881446e+03 3.225150271300037600e+16
5.307412919628717646e+03 3.225470505768945600e+16
5.307746488412553845e+03 3.225789206282118400e+16
5.308080057196391863e+03 3.226106374343388000e+16
5.308413625980228062e+03 3.226422011626614000e+16
5.308747194764065171e+03 3.226736119975688000e+16
5.309080763547902279e+03 3.227048701404527600e+16
5.309414332331739388e+03 3.227359758097022400e+16
5.309747901115575587e+03 3.227669292407001200e+16
5.310081469899413605e+03 3.227977306858143600e+16
5.310415038683249804e+03 3.228283804143895200e+16
5.310748607467086003e+03 3.228588787127357600e+16
5.311082176250923112e+03 3.228892258841155200e+16
5.311415745034760221e+03 3.229194222487292400e+16
5.311749313818597329e+03 3.229494681436976000e+16
5.312082882602433529e+03 3.229793639230444000e+16
5.312416451386271547e+03 3.230091099576747200e+16
5.312750020170107746e+03 3.230387066353531200e+16
5.313083588953944854e+03 3.230681543606800800e+16
5.313417157737781963e+03 3.230974535550645600e+16
5.313750726521619072e+03 3.231266046566972000e+16
5.314084295305455271e+03 3.231556081205202400e+16
5.314417864089291470e+03 3.231844644181956800e+16
5.314751432873129488e+03 3.232131740380724800e+16
5.315085001656965687e+03 3.232417374851502400e+16
5.315418570440802796e+03 3.232701552810433600e+16
5.315752139224639905e+03 3.232984279639416000e+16
5.316085708008477013e+03 3.233265560885690800e+16
5.316419276792313212e+03 3.233545402261427200e+16
5.316752845576151230e+03 3.233823809643274400e+16
5.317086414359987430e+03 3.234100789071896400e+16
5.317419983143824538e+03 3.234376346751513200e+16
5.317753551927660737e+03 3.234650489049384800e+16
5.318087120711498756e+03 3.234923222495312800e+16
5.318420689495334955e+03 3.235194553781104000e+16
5.318754258279171154e+03 3.235464489760029600e+16
5.319087827063009172e+03 3.235733037446260800e+16
5.319421395846845371e+03 3.236000204014278800e+16
5.319754964630682480e+03 3.236265996798299200e+16
5.320088533414519588e+03 3.236530423291637600e+16
5.320422102198356697e+03 3.236793491146091600e+16
5.320755670982192896e+03 3.237055208171286400e+16
5.321089239766030005e+03 3.237315582334027200e+16
5.321422808549867113e+03 3.237574621757604800e+16
5.321756377333704222e+03 3.237832334721104800e+16
5.322089946117540421e+03 3.238088729658709600e+16
5.322423514901378439e+03 3.238343815158964400e+16
5.322757083685214639e+03 3.238597599964028800e+16
5.323090652469050838e+03 3.238850092968934800e+16
5.323424221252888856e+03 3.239101303220813600e+16
5.323757790036725055e+03 3.239351239918100800e+16
5.324091358820562164e+03 3.239599912409740800e+16
5.324424927604398363e+03 3.239847330194380800e+16
5.324758496388236381e+03 3.240093502919522400e+16
5.325092065172072580e+03 3.240338440380693600e+16
5.325425633955909689e+03 3.240582152520587200e+16
5.325759202739746797e+03 3.240824649428190000e+16
5.326092771523583906e+03 3.241065941337886400e+16
5.326426340307420105e+03 3.241306038628578400e+16
5.326759909091258123e+03 3.241544951822764000e+16
5.327093477875094322e+03 3.241782691585601600e+16
5.327427046658930522e+03 3.242019268723997600e+16
5.327760615442767630e+03 3.242254694185632000e+16
5.328094184226604739e+03 3.242488979058008800e+16
5.328427753010441847e+03 3.242722134567470400e+16
5.328761321794278047e+03 3.242954172078223600e+16
5.329094890578116065e+03 3.243185103091329200e+16
5.329428459361952264e+03 3.243414939243688800e+16
5.329762028145789373e+03 3.243643692307032800e+16
5.330095596929626481e+03 3.243871374186883200e+16
5.330429165713463590e+03 3.244097996921498400e+16
5.330762734497299789e+03 3.244323572680830400e+16
5.331096303281135988e+03 3.244548113765452000e+16
5.331429872064974006e+03 3.244771632605481200e+16
5.331763440848810205e+03 3.244994141759489200e+16
5.332097009632647314e+03 3.245215653913408800e+16
5.332430578416484423e+03 3.245436181879432000e+16
5.332764147200321531e+03 3.245655738594871200e+16
5.333097715984157730e+03 3.245874337121064000e+16
5.333431284767995749e+03 3.246091990642217200e+16
5.333764853551831948e+03 3.246308712464258800e+16
5.334098422335668147e+03 3.246524516013706400e+16
5.334431991119505255e+03 3.246739414836484000e+16
5.334765559903342364e+03 3.246953422596768000e+16
5.335099128687179473e+03 3.247166553075792000e+16
5.335432697471015672e+03 3.247378820170682400e+16
5.335766266254853690e+03 3.247590237893247200e+16
5.336099835038689889e+03 3.247800820368782400e+16
5.336433403822526998e+03 3.248010581834863200e+16
5.336766972606364106e+03 3.248219536640132400e+16
5.337100541390201215e+03 3.248427699243074000e+16
5.337434110174037414e+03 3.248635084210780800e+16
5.337767678957873613e+03 3.248841706217732800e+16
5.338101247741711632e+03 3.249047580044549600e+16
5.338434816525547831e+03 3.249252720576735200e+16
5.338768385309384939e+03 3.249457142803443600e+16
5.339101954093222048e+03 3.249660861816205200e+16
5.339435522877059157e+03 3.249863892807675200e+16
5.339769091660895356e+03 3.250066251070356400e+16
5.340102660444733374e+03 3.250267951995340800e+16
5.340436229228569573e+03 3.250469011071012000e+16
5.340769798012406682e+03 3.250669443881788400e+16
5.341103366796242881e+03 3.250869266106813200e+16
5.341436935580080899e+03 3.251068493518685200e+16
5.341770504363917098e+03 3.251267141982154400e+16
5.342104073147753297e+03 3.251465227452829200e+16
5.342437641931591315e+03 3.251662765975880400e+16
5.342771210715427515e+03 3.251859773684728000e+16
5.343104779499264623e+03 3.252056266799750000e+16
5.343438348283101732e+03 3.252252261626962800e+16
5.343771917066938840e+03 3.252447774556716800e+16
5.344105485850775040e+03 3.252642822062384000e+16
5.344439054634612148e+03 3.252837420699040000e+16
5.344772623418449257e+03 3.253031587102150400e+16
5.345106192202286366e+03 3.253225337986253200e+16
5.345439760986122565e+03 3.253418690143640000e+16
5.345773329769960583e+03 3.253611660443035200e+16
5.346106898553796782e+03 3.253804265828271600e+16
5.346440467337632981e+03 3.253996523316974400e+16
5.346774036121470999e+03 3.254188449999241200e+16
5.347107604905307198e+03 3.254380063036305600e+16
5.347441173689144307e+03 3.254571379659225200e+16
5.347774742472980506e+03 3.254762417167563600e+16
5.348108311256818524e+03 3.254953192928056400e+16
5.348441880040654723e+03 3.255143724373292800e+16
5.348775448824491832e+03 3.255334029000398400e+16
5.349109017608328941e+03 3.255524124369712800e+16
5.349442586392166049e+03 3.255714028103465200e+16
5.349776155176002248e+03 3.255903757884462400e+16
5.350109723959840267e+03 3.256093331454772800e+16
5.350443292743676466e+03 3.256282766614399200e+16
5.350776861527512665e+03 3.256472081219982400e+16
5.351110430311349774e+03 3.256661293183476400e+16
5.351443999095186882e+03 3.256850420470844000e+16
5.351777567879023991e+03 3.257039481100747600e+16
5.352111136662860190e+03 3.257228493143248800e+16
5.352444705446698208e+03 3.257417474718497600e+16
5.352778274230534407e+03 3.257606443995438400e+16
5.353111843014371516e+03 3.257795419190514000e+16
5.353445411798208625e+03 3.257984418566373600e+16
5.353778980582045733e+03 3.258173460430573200e+16
5.354112549365881932e+03 3.258362563134295200e+16
5.354446118149718131e+03 3.258551745071072800e+16
5.354779686933556150e+03 3.258741024675494400e+16
5.355113255717392349e+03 3.258930420421935200e+16
5.355446824501229457e+03 3.259119950823289600e+16
5.355780393285066566e+03 3.259309634429699200e+16
5.356113962068903675e+03 3.259499489827287200e+16
5.356447530852739874e+03 3.259689535636904000e+16
5.356781099636577892e+03 3.259879790512871200e+16
5.357114668420414091e+03 3.260070273141728800e+16
5.357448237204250290e+03 3.260261002240998400e+16
5.357781805988087399e+03 3.260451996557931200e+16
5.358115374771924508e+03 3.260643274868284800e+16
5.358448943555761616e+03 3.260834855975086000e+16
5.358782512339597815e+03 3.261026758707412000e+16
5.359116081123435833e+03 3.261219001919167600e+16
5.359449649907272033e+03 3.261411604487868800e+16
5.359783218691109141e+03 3.261604585313448400e+16
5.360116787474946250e+03 3.261797963317038400e+16
5.360450356258783358e+03 3.261991757439784000e+16
5.360783925042619558e+03 3.262185986641647200e+16
5.361117493826455757e+03 3.262380669900230000e+16
5.361451062610293775e+03 3.262575826209598400e+16
5.361784631394129974e+03 3.262771474579094000e+16
5.362118200177967083e+03 3.262967634032191200e+16
5.362451768961804191e+03 3.263164323605327600e+16
5.362785337745641300e+03 3.263361562346750400e+16
5.363118906529477499e+03 3.263559369315378400e+16
5.363452475313315517e+03 3.263757763579660000e+16
5.363786044097151716e+03 3.263956764216437200e+16
5.364119612880988825e+03 3.264156390309830400e+16
5.364453181664825024e+03 3.264356660950118400e+16
5.364786750448663042e+03 3.264557595232617600e+16
5.365120319232499241e+03 3.264759212256595600e+16
5.365453888016335441e+03 3.264961531124160800e+16
5.365787456800173459e+03 3.265164570939185600e+16
5.366121025584009658e+03 3.265368350806208000e+16
5.366454594367846767e+03 3.265572889829380000e+16
5.366788163151683875e+03 3.265778207111384000e+16
5.367121731935520984e+03 3.265984321752379600e+16
5.367455300719357183e+03 3.266191252848952000e+16
5.367788869503194292e+03 3.266399019493066400e+16
5.368122438287031400e+03 3.266607640771037600e+16
5.368456007070868509e+03 3.266817135762494400e+16
5.368789575854704708e+03 3.267027523539363200e+16
5.369123144638542726e+03 3.267238823164856800e+16
5.369456713422378925e+03 3.267451053692459600e+16
5.369790282206215124e+03 3.267664234164943600e+16
5.370123850990053143e+03 3.267878383613373600e+16
5.370457419773889342e+03 3.268093521056125600e+16
5.370790988557726450e+03 3.268309665497910400e+16
5.371124557341562650e+03 3.268526835928813600e+16
5.371458126125400668e+03 3.268745051323340000e+16
5.371791694909236867e+03 3.268964330639456800e+16
5.372125263693073975e+03 3.269184692817658400e+16
5.372458832476911084e+03 3.269406156780034400e+16
5.372792401260748193e+03 3.269628741429336800e+16
5.373125970044584392e+03 3.269852465648072800e+16
5.373459538828422410e+03 3.270077348297593600e+16
5.373793107612258609e+03 3.270303408217187200e+16
5.374126676396094808e+03 3.270530664223191600e+16
5.374460245179931917e+03 3.270759135108117600e+16
5.374793813963769026e+03 3.270988839639756400e+16
5.375127382747606134e+03 3.271219796560324000e+16
5.375460951531442333e+03 3.271452024585597600e+16
5.375794520315280351e+03 3.271685542404063200e+16
5.376128089099116551e+03 3.271920368676072000e+16
5.376461657882953659e+03 3.272156522033006400e+16
5.376795226666790768e+03 3.272394021076456800e+16
5.377128795450627877e+03 3.272632884377386400e+16
5.377462364234464076e+03 3.272873130475337600e+16
5.377795933018300275e+03 3.273114777877619600e+16
5.378129501802138293e+03 3.273357845058518400e+16
5.378463070585974492e+03 3.273602350458500800e+16
5.378796639369811601e+03 3.273848312483442800e+16
5.379130208153648709e+03 3.274095749503859600e+16
5.379463776937485818e+03 3.274344679854134000e+16
5.379797345721322017e+03 3.274595121831765200e+16
5.380130914505160035e+03 3.274847093696622800e+16
5.380464483288996234e+03 3.275100613670205600e+16
5.380798052072832434e+03 3.275355699934905600e+16
5.381131620856669542e+03 3.275612370633290800e+16
5.381465189640506651e+03 3.275870643867384000e+16
5.381798758424343760e+03 3.276130537697950000e+16
5.382132327208179959e+03 3.276392070143802000e+16
5.382465895992017977e+03 3.276655259181106400e+16
5.382799464775854176e+03 3.276920122742682800e+16
5.383133033559691285e+03 3.277186678717349600e+16
5.383466602343528393e+03 3.277454944949231200e+16
5.383800171127365502e+03 3.277724939237100800e+16
5.384133739911201701e+03 3.277996679333727200e+16
5.384467308695037900e+03 3.278270182945222400e+16
5.384800877478875918e+03 3.278545467730396800e+16
5.385134446262712117e+03 3.278822551300123200e+16
5.385468015046549226e+03 3.279101451216716000e+16
5.385801583830386335e+03 3.279382184993303200e+16
5.386135152614223443e+03 3.279664770093214400e+16
5.386468721398059643e+03 3.279949223929368800e+16
5.386802290181897661e+03 3.280235563863684800e+16
5.387135858965733860e+03 3.280523807206475200e+16
5.387469427749570968e+03 3.280813971215864800e+16
5.387802996533407168e+03 3.281106073097213600e+16
5.388136565317245186e+03 3.281400130002535200e+16
5.388470134101081385e+03 3.281696159029933600e+16
5.388803702884917584e+03 3.281994177223040000e+16
5.389137271668755602e+03 3.282294201570463200e+16
5.389470840452591801e+03 3.282596249005228800e+16
5.389804409236428910e+03 3.282900336404252800e+16
5.390137978020266019e+03 3.283206480587792800e+16
5.390471546804103127e+03 3.283514698318922000e+16
5.390805115587939326e+03 3.283825006303004400e+16
5.391138684371776435e+03 3.284137421187174400e+16
5.391472253155613544e+03 3.284451959559832000e+16
5.391805821939450652e+03 3.284768637950120000e+16
5.392139390723286851e+03 3.285087472827436400e+16
5.392472959507124870e+03 3.285408480600934400e+16
5.392806528290961069e+03 3.285731677619024800e+16
5.393140097074797268e+03 3.286057080168901200e+16
5.393473665858635286e+03 3.286384704476053600e+16
5.393807234642471485e+03 3.286714566703791200e+16
5.394140803426308594e+03 3.287046682952776000e+16
5.394474372210144793e+03 3.287381069260560800e+16
5.394807940993982811e+03 3.287717741601122000e+16
5.395141509777819010e+03 3.288056715884406000e+16
5.395475078561656119e+03 3.288398007955882400e+16
5.395808647345493227e+03 3.288741633596097200e+16
5.396142216129330336e+03 3.289087608520219600e+16
5.396475784913166535e+03 3.289435948377624000e+16
5.396809353697004553e+03 3.289786668751442800e+16
5.397142922480840753e+03 3.290139785158137600e+16
5.397476491264676952e+03 3.290495313047085600e+16
5.397810060048514060e+03 3.290853267800145200e+16
5.398143628832351169e+03 3.291213664731248000e+16
5.398477197616188278e+03 3.291576519085986000e+16
5.398810766400024477e+03 3.291941846041193600e+16
5.399144335183862495e+03 3.292309660704550400e+16
5.399477903967698694e+03 3.292679978114173600e+16
5.399811472751535803e+03 3.293052813238225600e+16
5.400145041535372911e+03 3.293428180974509600e+16
5.400478610319209110e+03 3.293806096150083200e+16
5.400812179103046219e+03 3.294186573520867200e+16
5.401145747886882418e+03 3.294569627771258400e+16
5.401479316670720436e+03 3.294955273513749200e+16
5.401812885454556636e+03 3.295343525288539200e+16
5.402146454238393744e+03 3.295734397563162400e+16
5.402480023022230853e+03 3.296127904732121600e+16
5.402813591806067961e+03 3.296524061116490400e+16
5.403147160589904161e+03 3.296922880963564000e+16
5.403480729373742179e+03 3.297324378446486400e+16
5.403814298157578378e+03 3.297728567663870800e+16
5.404147866941414577e+03 3.298135462639452000e+16
5.404481435725251686e+03 3.298545077321717600e+16
5.404815004509088794e+03 3.298957425583544000e+16
5.405148573292925903e+03 3.299372521221836400e+16
5.405482142076762102e+03 3.299790377957179200e+16
5.405815710860600120e+03 3.300211009433476800e+16
5.406149279644436319e+03 3.300634429217588800e+16
5.406482848428273428e+03 3.301060650798993600e+16
5.406816417212110537e+03 3.301489687589424000e+16
5.407149985995947645e+03 3.301921552922515200e+16
5.407483554779783844e+03 3.302356260053464000e+16
5.407817123563620044e+03 3.302793822158676400e+16
5.408150692347458062e+03 3.303234252335407600e+16
5.408484261131294261e+03 3.303677563601427200e+16
5.408817829915131369e+03 3.304123768894666400e+16
5.409151398698968478e+03 3.304572881072873200e+16
5.409484967482805587e+03 3.305024912913255200e+16
5.409818536266641786e+03 3.305479877112146400e+16
5.410152105050479804e+03 3.305937786284655600e+16
5.410485673834316003e+03 3.306398652964311200e+16
5.410819242618153112e+03 3.306862489602727600e+16
5.411152811401989311e+03 3.307329308569251600e+16
5.411486380185827329e+03 3.307799122150604400e+16
5.411819948969663528e+03 3.308271942550553200e+16
5.412153517753499727e+03 3.308747781889549600e+16
5.412487086537337746e+03 3.309226652204383200e+16
5.412820655321173945e+03 3.309708565447823200e+16
5.413154224105011053e+03 3.310193533488286400e+16
5.413487792888848162e+03 3.310681568109465200e+16
5.413821361672685271e+03 3.311172681009981600e+16
5.414154930456521470e+03 3.311666883803039200e+16
5.414488499240358578e+03 3.312164188016050000e+16
5.414822068024195687e+03 3.312664605090297600e+16
5.415155636808032796e+03 3.313168146380564000e+16
5.415489205591868995e+03 3.313674823154767600e+16
5.415822774375707013e+03 3.314184646593613600e+16
5.416156343159543212e+03 3.314697627790215200e+16
5.416489911943379411e+03 3.315213777749736800e+16
5.416823480727217429e+03 3.315733107389021200e+16
5.417157049511053629e+03 3.316255627536216000e+16
5.417490618294890737e+03 3.316781348930407200e+16
5.417824187078726936e+03 3.317310282221243200e+16
5.418157755862564954e+03 3.317842437968548800e+16
5.418491324646401154e+03 3.318377826641948400e+16
5.418824893430238262e+03 3.318916458620488400e+16
5.419158462214075371e+03 3.319458344192244800e+16
5.419492030997912480e+03 3.320003493553936000e+16
5.419825599781748679e+03 3.320551916810525600e+16
5.420159168565586697e+03 3.321103623974838800e+16
5.420492737349422896e+03 3.321658624967148800e+16
5.420826306133259095e+03 3.322216929614788800e+16
5.421159874917096204e+03 3.322778547651737600e+16
5.421493443700933312e+03 3.323343488718214000e+16
5.421827012484770421e+03 3.323911762360264000e+16
5.422160581268606620e+03 3.324483378029341600e+16
5.422494150052444638e+03 3.325058345081898000e+16
5.422827718836280837e+03 3.325636672778943200e+16
5.423161287620117946e+03 3.326218370285629200e+16
5.423494856403955055e+03 3.326803446670818800e+16
5.423828425187791254e+03 3.327391910906636800e+16
5.424161993971628362e+03 3.327983771868040800e+16
5.424495562755464562e+03 3.328579038332373600e+16
5.424829131539302580e+03 3.329177718978914000e+16
5.425162700323138779e+03 3.329779822388416800e+16
5.425496269106975888e+03 3.330385357042660400e+16
5.425829837890812996e+03 3.330994331323983200e+16
5.426163406674650105e+03 3.331606753514809600e+16
5.426496975458486304e+03 3.332222631797182000e+16
5.426830544242324322e+03 3.332841974252280800e+16
5.427164113026160521e+03 3.333464788859938400e+16
5.427497681809996720e+03 3.334091083498153600e+16
5.427831250593833829e+03 3.334720865942593600e+16
5.428164819377670938e+03 3.335354143866104000e+16
5.428498388161508046e+03 3.335990924838186400e+16
5.428831956945344245e+03 3.336631216324504800e+16
5.429165525729182264e+03 3.337275025686364000e+16
5.429499094513018463e+03 3.337922360180182400e+16
5.429832663296855571e+03 3.338573226956964400e+16
5.430166232080692680e+03 3.339227633061783600e+16
5.430499800864529789e+03 3.339885585433217600e+16
5.430833369648365988e+03 3.340547090902819600e+16
5.431166938432202187e+03 3.341212156194564400e+16
5.431500507216040205e+03 3.341880787924284800e+16
5.431834075999876404e+03 3.342552992599108000e+16
5.432167644783713513e+03 3.343228776616894800e+16
5.432501213567550622e+03 3.343908146265647600e+16
5.432834782351387730e+03 3.344591107722939200e+16
5.433168351135223929e+03 3.345277667055316800e+16
5.433501919919061947e+03 3.345967830217709200e+16
5.433835488702898147e+03 3.346661603052811200e+16
5.434169057486735255e+03 3.347358991290494400e+16
5.434502626270571454e+03 3.348060000547171200e+16
5.434836195054409473e+03 3.348764636325184000e+16
5.435169763838245672e+03 3.349472904012158000e+16
5.435503332622081871e+03 3.350184808880382000e+16
5.435836901405919889e+03 3.350900356086158400e+16
5.436170470189756088e+03 3.351619550669134800e+16
5.436504038973593197e+03 3.352342397551666400e+16
5.436837607757430305e+03 3.353068901538137600e+16
5.437171176541267414e+03 3.353799067314286000e+16
5.437504745325103613e+03 3.354532899446534800e+16
5.437838314108940722e+03 3.355270402381280800e+16
5.438171882892777830e+03 3.356011580444223200e+16
5.438505451676614939e+03 3.356756437839638000e+16
5.438839020460451138e+03 3.357504978649680000e+16
5.439172589244289156e+03 3.358257206833663200e+16
5.439506158028125355e+03 3.359013126227321600e+16
5.439839726811961555e+03 3.359772740542089200e+16
5.440173295595799573e+03 3.360536053364346400e+16
5.440506864379635772e+03 3.361303068154677200e+16
5.440840433163472881e+03 3.362073788247107600e+16
5.441174001947309080e+03 3.362848216848337200e+16
5.441507570731147098e+03 3.363626357036973200e+16
5.441841139514983297e+03 3.364408211762737600e+16
5.442174708298820406e+03 3.365193783845683200e+16
5.442508277082657514e+03 3.365983075975393200e+16
5.442841845866494623e+03 3.366776090710180800e+16
5.443175414650330822e+03 3.367572830476266800e+16
5.443508983434168840e+03 3.368373297566958400e+16
5.443842552218005039e+03 3.369177494141824800e+16
5.444176121001841238e+03 3.369985422225848000e+16
5.444509689785678347e+03 3.370797083708588800e+16
5.444843258569515456e+03 3.371612480343317200e+16
5.445176827353352564e+03 3.372431613746161600e+16
5.445510396137188764e+03 3.373254485395225200e+16
5.445843964921026782e+03 3.374081096629716000e+16
5.446177533704862981e+03 3.374911448649050800e+16
5.446511102488700089e+03 3.375745542511963600e+16
5.446844671272537198e+03 3.376583379135600400e+16
5.447178240056373397e+03 3.377424959294593600e+16
5.447511808840210506e+03 3.378270283620162800e+16
5.447845377624046705e+03 3.379119352599162400e+16
5.448178946407884723e+03 3.379972166573161600e+16
5.448512515191720922e+03 3.380828725737478400e+16
5.448846083975558031e+03 3.381689030140244000e+16
5.449179652759395140e+03 3.382553079681429600e+16
5.449513221543232248e+03 3.383420874111867200e+16
5.449846790327068447e+03 3.384292413032286000e+16
5.450180359110906466e+03 3.385167695892314800e+16
5.450513927894742665e+03 3.386046721989482800e+16
5.450847496678578864e+03 3.386929490468222400e+16
5.451181065462415972e+03 3.387816000318849200e+16
5.451514634246253081e+03 3.388706250376548400e+16
5.451848203030090190e+03 3.389600239320336800e+16
5.452181771813926389e+03 3.390497965672033200e+16
5.452515340597764407e+03 3.391399427795205600e+16
5.452848909381600606e+03 3.392304623894122800e+16
5.453182478165437715e+03 3.393213552012690400e+16
5.453516046949274823e+03 3.394126210033386400e+16
5.453849615733111932e+03 3.395042595676171600e+16
5.454183184516948131e+03 3.395962706497416800e+16
5.454516753300784330e+03 3.396886539888803200e+16
5.454850322084622348e+03 3.397814093076219200e+16
5.455183890868458548e+03 3.398745363118660000e+16
5.455517459652295656e+03 3.399680346907099200e+16
5.455851028436132765e+03 3.400619041163377600e+16
5.456184597219969874e+03 3.401561442439057600e+16
5.456518166003806073e+03 3.402507547114296800e+16
5.456851734787644091e+03 3.403457351396697600e+16
5.457185303571480290e+03 3.404410851320144800e+16
5.457518872355317399e+03 3.405368042743656000e+16
5.457852441139153598e+03 3.406328921350205600e+16
5.458186009922991616e+03 3.407293482645555200e+16
5.458519578706827815e+03 3.408261721957066400e+16
5.458853147490664014e+03 3.409233634432512000e+16
5.459186716274502032e+03 3.410209215038883200e+16
5.459520285058338231e+03 3.411188458561183200e+16
5.459853853842175340e+03 3.412171359601218400e+16
5.460187422626012449e+03 3.413157912576385200e+16
5.460520991409849557e+03 3.414148111718441600e+16
5.460854560193685757e+03 3.415141951072284000e+16
5.461188128977522865e+03 3.416139424494711600e+16
5.461521697761359974e+03 3.417140525653184000e+16
5.461855266545197082e+03 3.418145248024572000e+16
5.462188835329033282e+03 3.419153584893910800e+16
5.462522404112871300e+03 3.420165529353144000e+16
5.462855972896707499e+03 3.421181074299838800e+16
5.463189541680543698e+03 3.422200212435947600e+16
5.463523110464381716e+03 3.423222936266516000e+16
5.463856679248217915e+03 3.424249238098396000e+16
5.464190248032055024e+03 3.425279110038984400e+16
5.464523816815891223e+03 3.426312543994913600e+16
5.464857385599729241e+03 3.427349531670768800e+16
5.465190954383565440e+03 3.428390064567782800e+16
5.465524523167402549e+03 3.429434133982536800e+16
5.465858091951239658e+03 3.430481731005658800e+16
5.466191660735076766e+03 3.431532846520498000e+16
5.466525229518912965e+03 3.432587471201832000e+16
5.466858798302749165e+03 3.433645595514531600e+16
5.467192367086587183e+03 3.434707209712245200e+16
5.467525935870423382e+03 3.435772303836080000e+16
5.467859504654260490e+03 3.436840867713264000e+16
5.468193073438097599e+03 3.437912890955825600e+16
5.468526642221934708e+03 3.438988362959257200e+16
5.468860211005770907e+03 3.440067272901180800e+16
5.469193779789608925e+03 3.441149609740011600e+16
5.469527348573445124e+03 3.442235362213611200e+16
5.469860917357282233e+03 3.443324518837969200e+16
5.470194486141118432e+03 3.444417067905836800e+16
5.470528054924955541e+03 3.445512997485397200e+16
5.470861623708792649e+03 3.446612295418915200e+16
5.471195192492628848e+03 3.447714949321402000e+16
5.471528761276466867e+03 3.448820946579261600e+16
5.471862330060303066e+03 3.449930274348946000e+16
5.472195898844140174e+03 3.451042919555619600e+16
5.472529467627977283e+03 3.452158868891804800e+16
5.472863036411814392e+03 3.453278108816038800e+16
5.473196605195650591e+03 3.454400625551538800e+16
5.473530173979487699e+03 3.455526405084854000e+16
5.473863742763324808e+03 3.456655433164524400e+16
5.474197311547161007e+03 3.457787695299746400e+16
5.474530880330998116e+03 3.458923176759035200e+16
5.474864449114835224e+03 3.460061862568896800e+16
5.475198017898672333e+03 3.461203737512482400e+16
5.475531586682508532e+03 3.462348786128278000e+16
5.475865155466346550e+03 3.463496992708768400e+16
5.476198724250182750e+03 3.464648341299122400e+16
5.476532293034019858e+03 3.465802815695871600e+16
5.476865861817856057e+03 3.466960399445609200e+16
5.477199430601694075e+03 3.468121075843665600e+16
5.477532999385530275e+03 3.469284827932818400e+16
5.477866568169366474e+03 3.470451638501997600e+16
5.478200136953204492e+03 3.471621490084985600e+16
5.478533705737040691e+03 3.472794364959137200e+16
5.478867274520877800e+03 3.473970245144104800e+16
5.479200843304714908e+03 3.475149112400561600e+16
5.479534412088552017e+03 3.476330948228940800e+16
5.479867980872388216e+03 3.477515733868184400e+16
5.480201549656225325e+03 3.478703450294485200e+16
5.480535118440062433e+03 3.479894078220054400e+16
5.480868687223899542e+03 3.481087598091898000e+16
5.481202256007735741e+03 3.482283990090574400e+16
5.481535824791573759e+03 3.483483234129013600e+16
5.481869393575409958e+03 3.484685309851285600e+16
5.482202962359246158e+03 3.485890196631434800e+16
5.482536531143084176e+03 3.487097873572292800e+16
5.482870099926920375e+03 3.488308319504306400e+16
5.483203668710757483e+03 3.489521512984380800e+16
5.483537237494593683e+03 3.490737432294752800e+16
5.483870806278431701e+03 3.491956055441844800e+16
5.484204375062267900e+03 3.493177360155147200e+16
5.484537943846105009e+03 3.494401323886129600e+16
5.484871512629942117e+03 3.495627923807145200e+16
5.485205081413779226e+03 3.496857136810347200e+16
5.485538650197615425e+03 3.498088939506648000e+16
5.485872218981453443e+03 3.499323308224667200e+16
5.486205787765289642e+03 3.500560219009704400e+16
5.486539356549125841e+03 3.501799647622730400e+16
5.486872925332962950e+03 3.503041569539404800e+16
5.487206494116800059e+03 3.504285959949085200e+16
5.487540062900637167e+03 3.505532793753881200e+16
5.487873631684473366e+03 3.506782045567718800e+16
5.488207200468311385e+03 3.508033689715421600e+16
5.488540769252147584e+03 3.509287700231801600e+16
5.488874338035984692e+03 3.510544050860800400e+16
5.489207906819821801e+03 3.511802715054620400e+16
5.489541475603658910e+03 3.513063665972889600e+16
5.489875044387495109e+03 3.514326876481860000e+16
5.490208613171331308e+03 3.515592319153608000e+16
5.490542181955169326e+03 3.516859966265269200e+16
5.490875750739005525e+03 3.518129789798292000e+16
5.491209319522842634e+03 3.519401761437731600e+16
5.491542888306679743e+03 3.520675852571540000e+16
5.491876457090516851e+03 3.521952034289911200e+16
5.492210025874353050e+03 3.523230277384630000e+16
5.492543594658191068e+03 3.524510552348464800e+16
5.492877163442027268e+03 3.525792829374568000e+16
5.493210732225864376e+03 3.527077078355929600e+16
5.493544301009700575e+03 3.528363268884835600e+16
5.493877869793537684e+03 3.529651370252368000e+16
5.494211438577374793e+03 3.530941351447934400e+16
5.494545007361210992e+03 3.532233181158820000e+16
5.494878576145049010e+03 3.533526827769782000e+16
5.495212144928885209e+03 3.534822259362665600e+16
5.495545713712722318e+03 3.536119443716052000e+16
5.495879282496559426e+03 3.537418348304955600e+16
5.496212851280396535e+03 3.538718940300528000e+16
5.496546420064232734e+03 3.540021186569816000e+16
5.496879988848069843e+03 3.541325053675550400e+16
5.497213557631906951e+03 3.542630507875967600e+16
5.497547126415743151e+03 3.543937515124656800e+16
5.497880695199580259e+03 3.545246041070472000e+16
5.498214263983417368e+03 3.546556051057452800e+16
5.498547832767254476e+03 3.547867510124787200e+16
5.498881401551090676e+03 3.549180383006836800e+16
5.499214970334928694e+03 3.550494634133167200e+16
5.499548539118764893e+03 3.551810227628644400e+16
5.499882107902602002e+03 3.553127127313556800e+16
5.500215676686438201e+03 3.554445296703785600e+16
5.500549245470276219e+03 3.555764699011008000e+16
5.500882814254112418e+03 3.557085297142960000e+16
5.501216383037948617e+03 3.558407053703720800e+16
5.501549951821786635e+03 3.559729930994055600e+16
5.501883520605622834e+03 3.561053891011796000e+16
5.502217089389459943e+03 3.562378895452266800e+16
5.502550658173297052e+03 3.563704905708760800e+16
5.502884226957134160e+03 3.565031882873056000e+16
5.503217795740970359e+03 3.566359787735979600e+16
5.503551364524807468e+03 3.567688580788023600e+16
5.503884933308644577e+03 3.569018222220001600e+16
5.504218502092481685e+03 3.570348671923757200e+16
5.504552070876317885e+03 3.571679889492930800e+16
5.504885639660155903e+03 3.573011834223758800e+16
5.505219208443992102e+03 3.574344465115934400e+16
5.505552777227828301e+03 3.575677740873520000e+16
5.505886346011666319e+03 3.577011619905905200e+16
5.506219914795502518e+03 3.578346060328824000e+16
5.506553483579339627e+03 3.579681019965420400e+16
5.506887052363175826e+03 3.581016456347362800e+16
5.507220621147013844e+03 3.582352326716029600e+16
5.507554189930850043e+03 3.583688588023722000e+16
5.507887758714687152e+03 3.585025196934965600e+16
5.508221327498524261e+03 3.586362109827839200e+16
5.508554896282361369e+03 3.587699282795372000e+16
5.508888465066197568e+03 3.589036671646999200e+16
5.509222033850035587e+03 3.590374231910070000e+16
5.509555602633871786e+03 3.591711918831421600e+16
5.509889171417707985e+03 3.593049687378997600e+16
5.510222740201545093e+03 3.594387492243540000e+16
5.510556308985382202e+03 3.595725287840342000e+16
5.510889877769219311e+03 3.597063028311035200e+16
5.511223446553055510e+03 3.598400667525471200e+16
5.511557015336893528e+03 3.599738159083654000e+16
5.511890584120729727e+03 3.601075456317709600e+16
5.512224152904566836e+03 3.602412512293953200e+16
5.512557721688403944e+03 3.603749279815004800e+16
5.512891290472241053e+03 3.605085711421950400e+16
5.513224859256077252e+03 3.606421759396604000e+16
5.513558428039913451e+03 3.607757375763794400e+16
5.513891996823751469e+03 3.609092512293747200e+16
5.514225565607587669e+03 3.610427120504504000e+16
5.514559134391424777e+03 3.611761151664440000e+16
5.514892703175261886e+03 3.613094556794807200e+16
5.515226271959098995e+03 3.614427286672380800e+16
5.515559840742935194e+03 3.615759291832153600e+16
5.515893409526773212e+03 3.617090522570091200e+16
5.516226978310609411e+03 3.618420928945962400e+16
5.516560547094446520e+03 3.619750460786248800e+16
5.516894115878282719e+03 3.621079067687098400e+16
5.517227684662119827e+03 3.622406699017356800e+16
5.517561253445956936e+03 3.623733303921673600e+16
5.517894822229793135e+03 3.625058831323675200e+16
5.518228391013631153e+03 3.626383229929188800e+16
5.518561959797467352e+03 3.627706448229560800e+16
5.518895528581304461e+03 3.629028434505027200e+16
5.519229097365141570e+03 3.630349136828161600e+16
5.519562666148978678e+03 3.631668503067379200e+16
5.519896234932814878e+03 3.632986480890535200e+16
5.520229803716651986e+03 3.634303017768565600e+16
5.520563372500489095e+03 3.635618060979216000e+16
5.520896941284325294e+03 3.636931557610827200e+16
5.521230510068162403e+03 3.638243454566209600e+16
5.521564078851999511e+03 3.639553698566567200e+16
5.521897647635836620e+03 3.640862236155493600e+16
5.522231216419672819e+03 3.642169013703062400e+16
5.522564785203510837e+03 3.643473977409950400e+16
5.522898353987347036e+03 3.644777073311662400e+16
5.523231922771184145e+03 3.646078247282806400e+16
5.523565491555020344e+03 3.647377445041451200e+16
5.523899060338858362e+03 3.648674612153542400e+16
5.524232629122694561e+03 3.649969694037393600e+16
5.524566197906530761e+03 3.651262635968252800e+16
5.524899766690368779e+03 3.652553383082921600e+16
5.525233335474204978e+03 3.653841880384468000e+16
5.525566904258042086e+03 3.655128072746983200e+16
5.525900473041879195e+03 3.656411904920419200e+16
5.526234041825716304e+03 3.657693321535496800e+16
5.526567610609552503e+03 3.658972267108675200e+16
5.526901179393389612e+03 3.660248686047196800e+16
5.527234748177226720e+03 3.661522522654185600e+16
5.527568316961063829e+03 3.662793721133833600e+16
5.527901885744900028e+03 3.664062225596629600e+16
5.528235454528738046e+03 3.665327980064681600e+16
5.528569023312574245e+03 3.666590928477072000e+16
5.528902592096410444e+03 3.667851014695312000e+16
5.529236160880248462e+03 3.669108182508840000e+16
5.529569729664084662e+03 3.670362375640576000e+16
5.529903298447921770e+03 3.671613537752576000e+16
5.530236867231757969e+03 3.672861612451710400e+16
5.530570436015595988e+03 3.674106543295425600e+16
5.530904004799432187e+03 3.675348273797554400e+16
5.531237573583269295e+03 3.676586747434214400e+16
5.531571142367106404e+03 3.677821907649729600e+16
5.531904711150943513e+03 3.679053697862640000e+16
5.532238279934779712e+03 3.680282061471756800e+16
5.532571848718617730e+03 3.681506941862286400e+16
5.532905417502453929e+03 3.682728282411993600e+16
5.533238986286290128e+03 3.683946026497446400e+16
5.533572555070127237e+03 3.685160117500293600e+16
5.533906123853964345e+03 3.686370498813611200e+16
5.534239692637801454e+03 3.687577113848296000e+16
5.534573261421637653e+03 3.688779906039518400e+16
5.534906830205475671e+03 3.689978818853218400e+16
5.535240398989311871e+03 3.691173795792666400e+16
5.535573967773148979e+03 3.692364780405051200e+16
5.535907536556986088e+03 3.693551716288149600e+16
5.536241105340823196e+03 3.694734547097007200e+16
5.536574674124659396e+03 3.695913216550696800e+16
5.536908242908495595e+03 3.697087668439104800e+16
5.537241811692333613e+03 3.698257846629768800e+16
5.537575380476169812e+03 3.699423695074752000e+16
5.537908949260006921e+03 3.700585157817570400e+16
5.538242518043844029e+03 3.701742179000152000e+16
5.538576086827681138e+03 3.702894702869832000e+16
5.538909655611517337e+03 3.704042673786410400e+16
5.539243224395355355e+03 3.705186036229208000e+16
5.539576793179191554e+03 3.706324734804179200e+16
5.539910361963028663e+03 3.707458714251076800e+16
5.540243930746864862e+03 3.708587919450612800e+16
5.540577499530701971e+03 3.709712295431676800e+16
5.540911068314539079e+03 3.710831787378564000e+16
5.541244637098375279e+03 3.711946340638256000e+16
5.541578205882213297e+03 3.713055900727712000e+16
5.541911774666049496e+03 3.714160413341184000e+16
5.542245343449886605e+03 3.715259824357559200e+16
5.542578912233723713e+03 3.716354079847736800e+16
5.542912481017560822e+03 3.717443126081994400e+16
5.543246049801397021e+03 3.718526909537414400e+16
5.543579618585234130e+03 3.719605376905287200e+16
5.543913187369071238e+03 3.720678475098563200e+16
5.544246756152907437e+03 3.721746151259284800e+16
5.544580324936744546e+03 3.722808352766075200e+16
5.544913893720581655e+03 3.723865027241590400e+16
5.545247462504418763e+03 3.724916122560008000e+16
5.545581031288254962e+03 3.725961586854514400e+16
5.545914600072092981e+03 3.727001368524809600e+16
5.546248168855929180e+03 3.728035416244580800e+16
5.546581737639766288e+03 3.729063678969025600e+16
5.546915306423602487e+03 3.730086105942334400e+16
5.547248875207440506e+03 3.731102646705187200e+16
5.547582443991276705e+03 3.732113251102245600e+16
5.547916012775112904e+03 3.733117869289640000e+16
5.548249581558950922e+03 3.734116451742448800e+16
5.548583150342787121e+03 3.735108949262149600e+16
5.548916719126624230e+03 3.736095312984092000e+16
5.549250287910461338e+03 3.737075494384930400e+16
5.549583856694298447e+03 3.738049445290041600e+16
5.549917425478134646e+03 3.739017117880945600e+16
5.550250994261971755e+03 3.739978464702685600e+16
5.550584563045808864e+03 3.740933438671188800e+16
5.550918131829645972e+03 3.741881993080612000e+16
5.551251700613482171e+03 3.742824081610655200e+16
5.551585269397320189e+03 3.743759658333853600e+16
5.551918838181156389e+03 3.744688677722828800e+16
5.552252406964992588e+03 3.745611094657514400e+16
5.552585975748830606e+03 3.746526864432361600e+16
5.552919544532666805e+03 3.747435942763462400e+16
5.553253113316503914e+03 3.748338285795705600e+16
5.553586682100340113e+03 3.749233850109827200e+16
5.553920250884178131e+03 3.750122592729457600e+16
5.554253819668014330e+03 3.751004471128103200e+16
5.554587388451851439e+03 3.751879443236100800e+16
5.554920957235688547e+03 3.752747467447512800e+16
5.555254526019525656e+03 3.753608502626960000e+16
5.555588094803361855e+03 3.754462508116435200e+16
5.555921663587199873e+03 3.755309443742024800e+16
5.556255232371036072e+03 3.756149269820604000e+16
5.556588801154872272e+03 3.756981947166449600e+16
5.556922369938709380e+03 3.757807437097817600e+16
5.557255938722546489e+03 3.758625701443432000e+16
5.557589507506383598e+03 3.759436702548928000e+16
5.557923076290219797e+03 3.760240403283216800e+16
5.558256645074057815e+03 3.761036767044796800e+16
5.558590213857894014e+03 3.761825757767977600e+16
5.558923782641731123e+03 3.762607339929042400e+16
5.559257351425568231e+03 3.763381478552332000e+16
5.559590920209405340e+03 3.764148139216248000e+16
5.559924488993241539e+03 3.764907288059196800e+16
5.560258057777077738e+03 3.765658891785427200e+16
5.560591626560915756e+03 3.766402917670808000e+16
5.560925195344751955e+03 3.767139333568504000e+16
5.561258764128589064e+03 3.767868107914582400e+16
5.561592332912426173e+03 3.768589209733526400e+16
5.561925901696263281e+03 3.769302608643648000e+16
5.562259470480099480e+03 3.770008274862436800e+16
5.562593039263937499e+03 3.770706179211780000e+16
5.562926608047773698e+03 3.771396293123122400e+16
5.563260176831610806e+03 3.772078588642504000e+16
5.563593745615447006e+03 3.772753038435526400e+16
5.563927314399284114e+03 3.773419615792184800e+16
5.564260883183121223e+03 3.774078294631633600e+16
5.564594451966957422e+03 3.774729049506832000e+16
5.564928020750795440e+03 3.775371855609081600e+16
5.565261589534631639e+03 3.776006688772472800e+16
5.565595158318468748e+03 3.776633525478207200e+16
5.565928727102305857e+03 3.777252342858829600e+16
5.566262295886142965e+03 3.777863118702336000e+16
5.566595864669979164e+03 3.778465831456168800e+16
5.566929433453816273e+03 3.779060460231116800e+16
5.567263002237653382e+03 3.779646984805078400e+16
5.567596571021489581e+03 3.780225385626725600e+16
5.567930139805326689e+03 3.780795643819044800e+16
5.568263708589163798e+03 3.781357741182762400e+16
5.568597277373000907e+03 3.781911660199643200e+16
5.568930846156837106e+03 3.782457384035681600e+16
5.569264414940675124e+03 3.782994896544161600e+16
5.569597983724511323e+03 3.783524182268598400e+16
5.569931552508348432e+03 3.784045226445550400e+16
5.570265121292184631e+03 3.784558015007325600e+16
5.570598690076022649e+03 3.785062534584534400e+16
5.570932258859858848e+03 3.785558772508532800e+16
5.571265827643695047e+03 3.786046716813744800e+16
5.571599396427533065e+03 3.786526356239840000e+16
5.571932965211369265e+03 3.786997680233793600e+16
5.572266533995206373e+03 3.787460678951814400e+16
5.572600102779043482e+03 3.787915343261141600e+16
5.572933671562880590e+03 3.788361664741713600e+16
5.573267240346716790e+03 3.788799635687696000e+16
5.573600809130553898e+03 3.789229249108900800e+16
5.573934377914391007e+03 3.789650498732033600e+16
5.574267946698228116e+03 3.790063379001852000e+16
5.574601515482064315e+03 3.790467885082164000e+16
5.574935084265902333e+03 3.790864012856694400e+16
5.575268653049738532e+03 3.791251758929828000e+16
5.575602221833574731e+03 3.791631120627206400e+16
5.575935790617412749e+03 3.792002095996203200e+16
5.576269359401248948e+03 3.792364683806245600e+16
5.576602928185086057e+03 3.792718883549033600e+16
5.576936496968922256e+03 3.793064695438576000e+16
5.577270065752760274e+03 3.793402120411147200e+16
5.577603634536596473e+03 3.793731160125056800e+16
5.577937203320433582e+03 3.794051816960328000e+16
5.578270772104270691e+03 3.794364094018207200e+16
5.578604340888107799e+03 3.794667995120566400e+16
5.578937909671943999e+03 3.794963524809141600e+16
5.579271478455782017e+03 3.795250688344674400e+16
5.579605047239618216e+03 3.795529491705881600e+16
5.579938616023454415e+03 3.795799941588314400e+16
5.580272184807291524e+03 3.796062045403085600e+16
5.580605753591128632e+03 3.796315811275448800e+16
5.580939322374965741e+03 3.796561248043254400e+16
5.581272891158801940e+03 3.796798365255276800e+16
5.581606459942639958e+03 3.797027173169404000e+16
5.581940028726476157e+03 3.797247682750707200e+16
5.582273597510313266e+03 3.797459905669355200e+16
5.582607166294150375e+03 3.797663854298441600e+16
5.582940735077987483e+03 3.797859541711636800e+16
5.583274303861823682e+03 3.798046981680750400e+16
5.583607872645659882e+03 3.798226188673145600e+16
5.583941441429497900e+03 3.798397177849033600e+16
5.584275010213334099e+03 3.798559965058640000e+16
5.584608578997171207e+03 3.798714566839255200e+16
5.584942147781008316e+03 3.798861000412159200e+16
5.585275716564845425e+03 3.798999283679411200e+16
5.585609285348681624e+03 3.799129435220536000e+16
5.585942854132519642e+03 3.799251474289093600e+16
5.586276422916355841e+03 3.799365420809094400e+16
5.586609991700192950e+03 3.799471295371352000e+16
5.586943560484029149e+03 3.799569119229671200e+16
5.587277129267866258e+03 3.799658914296954400e+16
5.587610698051703366e+03 3.799740703141162400e+16
5.587944266835539565e+03 3.799814508981206400e+16
5.588277835619377583e+03 3.799880355682687200e+16
5.588611404403213783e+03 3.799938267753546400e+16
5.588944973187050891e+03 3.799988270339608000e+16
5.589278541970888000e+03 3.800030389220009600e+16
5.589612110754725109e+03 3.800064650802526400e+16
5.589945679538561308e+03 3.800091082118807200e+16
5.590279248322398416e+03 3.800109710819488000e+16
5.590612817106235525e+03 3.800120565169215200e+16
5.590946385890071724e+03 3.800123674041574400e+16
5.591279954673908833e+03 3.800119066913915200e+16
5.591613523457745941e+03 3.800106773862082400e+16
5.591947092241583050e+03 3.800086825555059200e+16
5.592280661025419249e+03 3.800059253249508800e+16
5.592614229809257267e+03 3.800024088784244000e+16
5.592947798593093466e+03 3.799981364574574400e+16
5.593281367376930575e+03 3.799931113606614400e+16
5.593614936160766774e+03 3.799873369431468000e+16
5.593948504944604792e+03 3.799808166159345600e+16
5.594282073728440992e+03 3.799735538453606400e+16
5.594615642512277191e+03 3.799655521524702400e+16
5.594949211296115209e+03 3.799568151124077600e+16
5.595282780079951408e+03 3.799473463537952800e+16
5.595616348863788517e+03 3.799371495581070400e+16
5.595949917647625625e+03 3.799262284590352000e+16
5.596283486431462734e+03 3.799145868418492800e+16
5.596617055215298933e+03 3.799022285427475200e+16
5.596950623999136042e+03 3.798891574482048000e+16
5.597284192782973150e+03 3.798753774943107200e+16
5.597617761566810259e+03 3.798608926661033600e+16
5.597951330350646458e+03 3.798457069968982400e+16
5.598284899134484476e+03 3.798298245676089600e+16
5.598618467918320675e+03 3.798132495060637600e+16
5.598952036702156875e+03 3.797959859863177600e+16
5.599285605485994893e+03 3.797780382279584000e+16
5.599619174269831092e+03 3.797594104954064800e+16
5.599952743053668200e+03 3.797401070972136000e+16
5.600286311837504400e+03 3.797201323853535200e+16
5.600619880621342418e+03 3.796994907545111200e+16
5.600953449405178617e+03 3.796781866413643200e+16
5.601287018189015726e+03 3.796562245238667200e+16
5.601620586972852834e+03 3.796336089205219200e+16
5.601954155756689943e+03 3.796103443896575200e+16
5.602287724540526142e+03 3.795864355286950400e+16
5.602621293324364160e+03 3.795618869734159200e+16
5.602954862108200359e+03 3.795367033972262400e+16
5.603288430892036558e+03 3.795108895104179200e+16
5.603621999675873667e+03 3.794844500594273600e+16
5.603955568459710776e+03 3.794573898260934400e+16
5.604289137243547884e+03 3.794297136269105600e+16
5.604622706027384083e+03 3.794014263122832000e+16
5.604956274811222102e+03 3.793725327657769600e+16
5.605289843595058301e+03 3.793430379033681600e+16
5.605623412378895409e+03 3.793129466726940000e+16
5.605956981162732518e+03 3.792822640522998400e+16
5.606290549946569627e+03 3.792509950508846400e+16
5.606624118730405826e+03 3.792191447065516800e+16
5.606957687514242025e+03 3.791867180860510400e+16
5.607291256298080043e+03 3.791537202840268000e+16
5.607624825081916242e+03 3.791201564222636000e+16
5.607958393865753351e+03 3.790860316489323200e+16
5.608291962649590459e+03 3.790513511378368000e+16
5.608625531433427568e+03 3.790161200876604800e+16
5.608959100217263767e+03 3.789803437212148800e+16
5.609292669001101785e+03 3.789440272846885600e+16
5.609626237784937985e+03 3.789071760468956800e+16
5.609959806568775093e+03 3.788697952985284800e+16
5.610293375352611292e+03 3.788318903514092800e+16
5.610626944136448401e+03 3.787934665377458400e+16
5.610960512920285510e+03 3.787545292093847200e+16
5.611294081704121709e+03 3.787150837370724800e+16
5.611627650487959727e+03 3.786751355097139200e+16
5.611961219271795926e+03 3.786346899336343200e+16
5.612294788055633035e+03 3.785937524318468000e+16
5.612628356839470143e+03 3.785523284433166400e+16
5.612961925623307252e+03 3.785104234222336000e+16
5.613295494407143451e+03 3.784680428372851200e+16
5.613629063190980560e+03 3.784251921709322400e+16
5.613962631974817668e+03 3.783818769186895200e+16
5.614296200758653868e+03 3.783381025884075200e+16
5.614629769542490976e+03 3.782938746995604800e+16
5.614963338326328085e+03 3.782491987825357600e+16
5.615296907110165193e+03 3.782040803779279200e+16
5.615630475894001393e+03 3.781585250358372000e+16
5.615964044677839411e+03 3.781125383151720000e+16
5.616297613461675610e+03 3.780661257829536800e+16
5.616631182245512719e+03 3.780192930136292800e+16
5.616964751029348918e+03 3.779720455883858400e+16
5.617298319813186936e+03 3.779243890944698400e+16
5.617631888597023135e+03 3.778763291245124000e+16
5.617965457380859334e+03 3.778278712758586400e+16
5.618299026164697352e+03 3.777790211499020000e+16
5.618632594948533551e+03 3.777297843514230400e+16
5.618966163732370660e+03 3.776801664879356000e+16
5.619299732516207769e+03 3.776301731690356000e+16
5.619633301300044877e+03 3.775798100057556800e+16
5.619966870083881076e+03 3.775290826099280800e+16
5.620300438867718185e+03 3.774779965935492800e+16
5.620634007651555294e+03 3.774265575681531200e+16
5.620967576435392402e+03 3.773747711441878400e+16
5.621301145219228601e+03 3.773226429304008000e+16
5.621634714003066620e+03 3.772701785332275200e+16
5.621968282786902819e+03 3.772173835561872000e+16
5.622301851570739018e+03 3.771642635992856800e+16
5.622635420354577036e+03 3.771108242584222400e+16
5.622968989138413235e+03 3.770570711248049600e+16
5.623302557922250344e+03 3.770030097843703200e+16
5.623636126706086543e+03 3.769486458172116000e+16
5.623969695489924561e+03 3.768939847970114400e+16
5.624303264273760760e+03 3.768390322904822400e+16
5.624636833057597869e+03 3.767837938568125600e+16
5.624970401841434978e+03 3.767282750471216000e+16
5.625303970625272086e+03 3.766724814039176800e+16
5.625637539409108285e+03 3.766164184605660800e+16
5.625971108192946303e+03 3.765600917407629600e+16
5.626304676976782503e+03 3.765035067580145600e+16
5.626638245760618702e+03 3.764466690151260800e+16
5.626971814544455810e+03 3.763895840036954400e+16
5.627305383328292919e+03 3.763322572036140800e+16
5.627638952112130028e+03 3.762746940825760000e+16
5.627972520895966227e+03 3.762169000955936000e+16
5.628306089679804245e+03 3.761588806845186400e+16
5.628639658463640444e+03 3.761006412775729600e+16
5.628973227247477553e+03 3.760421872888859200e+16
5.629306796031314661e+03 3.759835241180361600e+16
5.629640364815151770e+03 3.759246571496047200e+16
5.629973933598987969e+03 3.758655917527323200e+16
5.630307502382824168e+03 3.758063332806848800e+16
5.630641071166662186e+03 3.757468870704264000e+16
5.630974639950498386e+03 3.756872584421985600e+16
5.631308208734335494e+03 3.756274526991091200e+16
5.631641777518172603e+03 3.755674751267241600e+16
5.631975346302009712e+03 3.755073309926720000e+16
5.632308915085845911e+03 3.754470255462504000e+16
5.632642483869683929e+03 3.753865640180442400e+16
5.632976052653520128e+03 3.753259516195474400e+16
5.633309621437357237e+03 3.752651935427947200e+16
5.633643190221193436e+03 3.752042949599990400e+16
5.633976759005030544e+03 3.751432610231973600e+16
5.634310327788867653e+03 3.750820968639019200e+16
5.634643896572703852e+03 3.750208075927601600e+16
5.634977465356541870e+03 3.749593982992228000e+16
5.635311034140378069e+03 3.748978740512156000e+16
5.635644602924215178e+03 3.748362398948216800e+16
5.635978171708052287e+03 3.747745008539700000e+16
5.636311740491889395e+03 3.747126619301295200e+16
5.636645309275725594e+03 3.746507281020129600e+16
5.636978878059562703e+03 3.745887043252846400e+16
5.637312446843399812e+03 3.745265955322788800e+16
5.637646015627236011e+03 3.744644066317214400e+16
5.637979584411073120e+03 3.744021425084618400e+16
5.638313153194910228e+03 3.743398080232092800e+16
5.638646721978747337e+03 3.742774080122776800e+16
5.638980290762583536e+03 3.742149472873364800e+16
5.639313859546420645e+03 3.741524306351691200e+16
5.639647428330257753e+03 3.740898628174374400e+16
5.639980997114094862e+03 3.740272485704529600e+16
5.640314565897931061e+03 3.739645926049552000e+16
5.640648134681769079e+03 3.739018996058972800e+16
5.640981703465605278e+03 3.738391742322363200e+16
5.641315272249441477e+03 3.737764211167320000e+16
5.641648841033279496e+03 3.737136448657523200e+16
5.641982409817115695e+03 3.736508500590816800e+16
5.642315978600952803e+03 3.735880412497419200e+16
5.642649547384789003e+03 3.735252229638140000e+16
5.642983116168627021e+03 3.734623997002691200e+16
5.643316684952463220e+03 3.733995759308040800e+16
5.643650253736300328e+03 3.733367560996860000e+16
5.643983822520137437e+03 3.732739446236000000e+16
5.644317391303974546e+03 3.732111458915032000e+16
5.644650960087810745e+03 3.731483642644888000e+16
5.644984528871648763e+03 3.730856040756500800e+16
5.645318097655484962e+03 3.730228696299550400e+16
5.645651666439321161e+03 3.729601652041251200e+16
5.645985235223158270e+03 3.728974950465201600e+16
5.646318804006995379e+03 3.728348633770284000e+16
5.646652372790832487e+03 3.727722743869633600e+16
5.646985941574668686e+03 3.727097322389646400e+16
5.647319510358506705e+03 3.726472410669074400e+16
5.647653079142342904e+03 3.725848049758132800e+16
5.647986647926180012e+03 3.725224280417704800e+16
5.648320216710017121e+03 3.724601143118568800e+16
5.648653785493854230e+03 3.723978678040691200e+16
5.648987354277690429e+03 3.723356925072571200e+16
5.649320923061526628e+03 3.722735923810653600e+16
5.649654491845364646e+03 3.722115713558760800e+16
5.649988060629200845e+03 3.721496333327587200e+16
5.650321629413037954e+03 3.720877821834268800e+16
5.650655198196875062e+03 3.720260217501972800e+16
5.650988766980712171e+03 3.719643558459540000e+16
5.651322335764548370e+03 3.719027882541190400e+16
5.651655904548386388e+03 3.718413227286262400e+16
5.651989473332222587e+03 3.717799629939004800e+16
5.652323042116059696e+03 3.717187127448412800e+16
5.652656610899895895e+03 3.716575756468111200e+16
5.652990179683733913e+03 3.715965553356286400e+16
5.653323748467570113e+03 3.715356554175646400e+16
5.653657317251406312e+03 3.714748794693446400e+16
5.653990886035244330e+03 3.714142310381544800e+16
5.654324454819080529e+03 3.713537136416496000e+16
5.654658023602917638e+03 3.712933307679702400e+16
5.654991592386754746e+03 3.712330858757593600e+16
5.655325161170591855e+03 3.711729823941841600e+16
5.655658729954428054e+03 3.711130237229632800e+16
5.655992298738265163e+03 3.710532132323965600e+16
5.656325867522102271e+03 3.709935542633983200e+16
5.656659436305939380e+03 3.709340501275364800e+16
5.656993005089775579e+03 3.708747041070719200e+16
5.657326573873612688e+03 3.708155194550056000e+16
5.657660142657449796e+03 3.707564993951246400e+16
5.657993711441285996e+03 3.706976471220566400e+16
5.658327280225124014e+03 3.706389658013240000e+16
5.658660849008960213e+03 3.705804585694021600e+16
5.658994417792797321e+03 3.705221285337827200e+16
5.659327986576633521e+03 3.704639787730379200e+16
5.659661555360471539e+03 3.704060123368894400e+16
5.659995124144307738e+03 3.703482322462795200e+16
5.660328692928144847e+03 3.702906414934463200e+16
5.660662261711981955e+03 3.702332430420006400e+16
5.660995830495818154e+03 3.701760398270063200e+16
5.661329399279655263e+03 3.701190347550639200e+16
5.661662968063492372e+03 3.700622307043966400e+16
5.661996536847329480e+03 3.700056305249392000e+16
5.662330105631165679e+03 3.699492370384281600e+16
5.662663674415002788e+03 3.698930530384977600e+16
5.662997243198839897e+03 3.698370812907749600e+16
5.663330811982677005e+03 3.697813245329780800e+16
5.663664380766513204e+03 3.697257854750200800e+16
5.663997949550351223e+03 3.696704667991105600e+16
5.664331518334187422e+03 3.696153711598625600e+16
5.664665087118023621e+03 3.695605011844001600e+16
5.664998655901861639e+03 3.695058594724698400e+16
5.665332224685697838e+03 3.694514485965520000e+16
5.665665793469534947e+03 3.693972711019761600e+16
5.665999362253371146e+03 3.693433295070376000e+16
5.666332931037209164e+03 3.692896263031152000e+16
5.666666499821045363e+03 3.692361639547926400e+16
5.667000068604882472e+03 3.691829448999801600e+16
5.667333637388719580e+03 3.691299715500388800e+16
5.667667206172556689e+03 3.690772462899054400e+16
5.668000774956392888e+03 3.690247714782213600e+16
5.668334343740230906e+03 3.689725494474604000e+16
5.668667912524067106e+03 3.689205825040596800e+16
5.669001481307903305e+03 3.688688729285516800e+16
5.669335050091740413e+03 3.688174229756979200e+16
5.669668618875577522e+03 3.687662348746241600e+16
5.670002187659414631e+03 3.687153108289552000e+16
5.670335756443250830e+03 3.686646530169544800e+16
5.670669325227088848e+03 3.686142635916617600e+16
5.671002894010925047e+03 3.685641446810335200e+16
5.671336462794762156e+03 3.685142983880836800e+16
5.671670031578599264e+03 3.684647267910262400e+16
5.672003600362436373e+03 3.684154319434192000e+16
5.672337169146272572e+03 3.683664158743077600e+16
5.672670737930108771e+03 3.683176805883706400e+16
5.673004306713946789e+03 3.682692280660662400e+16
5.673337875497782989e+03 3.682210602637787200e+16
5.673671444281620097e+03 3.681731791139676800e+16
5.674005013065457206e+03 3.681255865253156000e+16
5.674338581849294314e+03 3.680782843828780800e+16
5.674672150633130514e+03 3.680312745482334400e+16
5.675005719416968532e+03 3.679845588596345600e+16
5.675339288200804731e+03 3.679381391321586400e+16
5.675672856984641840e+03 3.678920171578616800e+16
5.676006425768478039e+03 3.678461947059293600e+16
5.676339994552316057e+03 3.678006735228300000e+16
5.676673563336152256e+03 3.677554553324693600e+16
5.677007132119988455e+03 3.677105418363436800e+16
5.677340700903826473e+03 3.676659347136945600e+16
5.677674269687662672e+03 3.676216356216630400e+16
5.678007838471499781e+03 3.675776461954454400e+16
5.678341407255336890e+03 3.675339680484483200e+16
5.678674976039173998e+03 3.674906027724432000e+16
5.679008544823010197e+03 3.674475519377233600e+16
5.679342113606847306e+03 3.674048170932596800e+16
5.679675682390684415e+03 3.673623997668558400e+16
5.680009251174521523e+03 3.673203014653048000e+16
5.680342819958357722e+03 3.672785236745451200e+16
5.680676388742194831e+03 3.672370678598175200e+16
5.681009957526031940e+03 3.671959354658197600e+16
5.681343526309868139e+03 3.671551279168644800e+16
5.681677095093706157e+03 3.671146466170336800e+16
5.682010663877542356e+03 3.670744929503360000e+16
5.682344232661379465e+03 3.670346682808616000e+16
5.682677801445215664e+03 3.669951739529388800e+16
5.683011370229053682e+03 3.669560112912889600e+16
5.683344939012889881e+03 3.669171816011816000e+16
5.683678507796726990e+03 3.668786861685900000e+16
5.684012076580564099e+03 3.668405262603463200e+16
5.684345645364400298e+03 3.668027031242944000e+16
5.684679214148237406e+03 3.667652179894462400e+16
5.685012782932074515e+03 3.667280720661339200e+16
5.685346351715911624e+03 3.666912665461643200e+16
5.685679920499747823e+03 3.666548026029713600e+16
5.686013489283584931e+03 3.666186813917689600e+16
5.686347058067422040e+03 3.665829040497035200e+16
5.686680626851259149e+03 3.665474716960044800e+16
5.687014195635095348e+03 3.665123854321372800e+16
5.687347764418933366e+03 3.664776463419525600e+16
5.687681333202769565e+03 3.664432554918364800e+16
5.688014901986605764e+03 3.664092139308614400e+16
5.688348470770443782e+03 3.663755226909339200e+16
5.688682039554279982e+03 3.663421827869434400e+16
5.689015608338117090e+03 3.663091952169094400e+16
5.689349177121953289e+03 3.662765609621301600e+16
5.689682745905791307e+03 3.662442809873272000e+16
5.690016314689627507e+03 3.662123562407925600e+16
5.690349883473464615e+03 3.661807876545328000e+16
5.690683452257301724e+03 3.661495761444146400e+16
5.691017021041138833e+03 3.661187226103068800e+16
5.691350589824975032e+03 3.660882279362246400e+16
5.691684158608813050e+03 3.660580929904710400e+16
5.692017727392649249e+03 3.660283186257777600e+16
5.692351296176485448e+03 3.659989056794465600e+16
5.692684864960322557e+03 3.659698549734884800e+16
5.693018433744159665e+03 3.659411673147624000e+16
5.693352002527996774e+03 3.659128434951131200e+16
5.693685571311832973e+03 3.658848842915087200e+16
5.694019140095670991e+03 3.658572904661766400e+16
5.694352708879507190e+03 3.658300627667382400e+16
5.694686277663344299e+03 3.658032019263447200e+16
5.695019846447181408e+03 3.657767086638085600e+16
5.695353415231018516e+03 3.657505836837379200e+16
5.695686984014854715e+03 3.657248276766665600e+16
5.696020552798690915e+03 3.656994413191860800e+16
5.696354121582528933e+03 3.656744252740740800e+16
5.696687690366365132e+03 3.656497801904228000e+16
5.697021259150202241e+03 3.656255067037684000e+16
5.697354827934039349e+03 3.656016054362152800e+16
5.697688396717876458e+03 3.655780769965635200e+16
5.698021965501712657e+03 3.655549219804319200e+16
5.698355534285550675e+03 3.655321409703827200e+16
5.698689103069386874e+03 3.655097345360424000e+16
5.699022671853223983e+03 3.654877032342259200e+16
5.699356240637060182e+03 3.654660476090532800e+16
5.699689809420898200e+03 3.654447681920716000e+16
5.700023378204734399e+03 3.654238655023719200e+16
5.700356946988570598e+03 3.654033400467058400e+16
5.700690515772408617e+03 3.653831923196033600e+16
5.701024084556244816e+03 3.653634228034844000e+16
5.701357653340081924e+03 3.653440319687757600e+16
5.701691222123919033e+03 3.653250202740216800e+16
5.702024790907756142e+03 3.653063881659949600e+16
5.702358359691592341e+03 3.652881360798086400e+16
5.702691928475429449e+03 3.652702644390232000e+16
5.703025497259266558e+03 3.652527736557564800e+16
5.703359066043103667e+03 3.652356641307881600e+16
5.703692634826939866e+03 3.652189362536672000e+16
5.704026203610776975e+03 3.652025904028145600e+16
5.704359772394614083e+03 3.651866269456274400e+16
5.704693341178450282e+03 3.651710462385808800e+16
5.705026909962288300e+03 3.651558486273283200e+16
5.705360478746124500e+03 3.651410344468011200e+16
5.705694047529961608e+03 3.651266040213067200e+16
5.706027616313797807e+03 3.651125576646264000e+16
5.706361185097635826e+03 3.650988956801104000e+16
5.706694753881472025e+03 3.650856183607730400e+16
5.707028322665308224e+03 3.650727259893859200e+16
5.707361891449146242e+03 3.650602188385697600e+16
5.707695460232982441e+03 3.650480971708856000e+16
5.708029029016819550e+03 3.650363612389249600e+16
5.708362597800656658e+03 3.650250112853971200e+16
5.708696166584493767e+03 3.650140475432175200e+16
5.709029735368329966e+03 3.650034702355929600e+16
5.709363304152167075e+03 3.649932795761060800e+16
5.709696872936004183e+03 3.649834757687996800e+16
5.710030441719841292e+03 3.649740590082575200e+16
5.710364010503677491e+03 3.649650294796868800e+16
5.710697579287515509e+03 3.649563873589960800e+16
5.711031148071351708e+03 3.649481328128745600e+16
5.711364716855187908e+03 3.649402659988691200e+16
5.711698285639025926e+03 3.649327870654597600e+16
5.712031854422862125e+03 3.649256961521344000e+16
5.712365423206699234e+03 3.649189933894616000e+16
5.712698991990535433e+03 3.649126788991633600e+16
5.713032560774373451e+03 3.649067527941844800e+16
5.713366129558209650e+03 3.649012151787630400e+16
5.713699698342046759e+03 3.648960661484980800e+16
5.714033267125883867e+03 3.648913057904165600e+16
5.714366835909720976e+03 3.648869341830374400e+16
5.714700404693557175e+03 3.648829513964387200e+16
5.715033973477395193e+03 3.648793574923180800e+16
5.715367542261231392e+03 3.648761525240539200e+16
5.715701111045067591e+03 3.648733365367687200e+16
5.716034679828904700e+03 3.648709095673848800e+16
5.716368248612741809e+03 3.648688716446843200e+16
5.716701817396578917e+03 3.648672227893642400e+16
5.717035386180415117e+03 3.648659630140920800e+16
5.717368954964253135e+03 3.648650923235603200e+16
5.717702523748089334e+03 3.648646107145372800e+16
5.718036092531926442e+03 3.648645181759206400e+16
5.718369661315763551e+03 3.648648146887851200e+16
5.718703230099600660e+03 3.648655002264329600e+16
5.719036798883436859e+03 3.648665747544401600e+16
5.719370367667273058e+03 3.648680382307028000e+16
5.719703936451111076e+03 3.648698906054824000e+16
5.720037505234947275e+03 3.648721318214484800e+16
5.720371074018784384e+03 3.648747618137212800e+16
5.720704642802621493e+03 3.648777805099125600e+16
5.721038211586458601e+03 3.648811878301652800e+16
5.721371780370294800e+03 3.648849836871918400e+16
5.721705349154132819e+03 3.648891679863112800e+16
5.722038917937969018e+03 3.648937406254841600e+16
5.722372486721806126e+03 3.648987014953481600e+16
5.722706055505642325e+03 3.649040504792509600e+16
5.723039624289480344e+03 3.649097874532816000e+16
5.723373193073316543e+03 3.649159122863011200e+16
5.723706761857152742e+03 3.649224248399724800e+16
5.724040330640990760e+03 3.649293249687888000e+16
5.724373899424826959e+03 3.649366125200976000e+16
5.724707468208664068e+03 3.649442873341300800e+16
5.725041036992501176e+03 3.649523492440233600e+16
5.725374605776338285e+03 3.649607980758417600e+16
5.725708174560174484e+03 3.649696336486019200e+16
5.726041743344011593e+03 3.649788557742905600e+16
5.726375312127848701e+03 3.649884642578844800e+16
5.726708880911685810e+03 3.649984588973686400e+16
5.727042449695522009e+03 3.650088394837516800e+16
5.727376018479359118e+03 3.650196058010831200e+16
5.727709587263196227e+03 3.650307576264649600e+16
5.728043156047032426e+03 3.650422947300668800e+16
5.728376724830870444e+03 3.650542168751358400e+16
5.728710293614706643e+03 3.650665238180078400e+16
5.729043862398543752e+03 3.650792153081153600e+16
5.729377431182379951e+03 3.650922910879971200e+16
5.729710999966217969e+03 3.651057508933034400e+16
5.730044568750054168e+03 3.651195944528005600e+16
5.730378137533890367e+03 3.651338214883766400e+16
5.730711706317728385e+03 3.651484317150443200e+16
5.731045275101564584e+03 3.651634248409401600e+16
5.731378843885401693e+03 3.651788005673276000e+16
5.731712412669238802e+03 3.651945585885948800e+16
5.732045981453075910e+03 3.652106985922527200e+16
5.732379550236912110e+03 3.652272202589314400e+16
5.732713119020749218e+03 3.652441232623766400e+16
5.733046687804586327e+03 3.652614072694425600e+16
5.733380256588423435e+03 3.652790719400860000e+16
5.733713825372259635e+03 3.652971169273573600e+16
5.734047394156097653e+03 3.653155418773924800e+16
5.734380962939933852e+03 3.653343464293996800e+16
5.734714531723770051e+03 3.653535302156512000e+16
5.735048100507608069e+03 3.653730928614674400e+16
5.735381669291444268e+03 3.653930339852043200e+16
5.735715238075281377e+03 3.654133531982368000e+16
5.736048806859117576e+03 3.654340501049436800e+16
5.736382375642955594e+03 3.654551243026891200e+16
5.736715944426791793e+03 3.654765753818027200e+16
5.737049513210628902e+03 3.654984029255616000e+16
5.737383081994466011e+03 3.655206065101678400e+16
5.737716650778303119e+03 3.655431857047256000e+16
5.738050219562139318e+03 3.655661400712188800e+16
5.738383788345977337e+03 3.655894691644857600e+16
5.738717357129813536e+03 3.656131725321931200e+16
5.739050925913649735e+03 3.656372497148089600e+16
5.739384494697486844e+03 3.656617002455751200e+16
5.739718063481323952e+03 3.656865236504776000e+16
5.740051632265161061e+03 3.657117194482152000e+16
5.740385201048997260e+03 3.657372871501696000e+16
5.740718769832835278e+03 3.657632262603720000e+16
5.741052338616671477e+03 3.657895362754688000e+16
5.741385907400508586e+03 3.658162166846873600e+16
5.741719476184345694e+03 3.658432669697997600e+16
5.742053044968182803e+03 3.658706866050856000e+16
5.742386613752019002e+03 3.658984750572940800e+16
5.742720182535855201e+03 3.659266317856044800e+16
5.743053751319693220e+03 3.659551562415857600e+16
5.743387320103529419e+03 3.659840478691555200e+16
5.743720888887366527e+03 3.660133061045367200e+16
5.744054457671203636e+03 3.660429303762148800e+16
5.744388026455040745e+03 3.660729201048932800e+16
5.744721595238876944e+03 3.661032747034462400e+16
5.745055164022714962e+03 3.661339935768744000e+16
5.745388732806551161e+03 3.661650761222547200e+16
5.745722301590388270e+03 3.661965217286936000e+16
5.746055870374224469e+03 3.662283297772753600e+16
5.746389439158062487e+03 3.662604996410128000e+16
5.746723007941898686e+03 3.662930306847941600e+16
5.747056576725734885e+03 3.663259222653311200e+16
5.747390145509572903e+03 3.663591737311047200e+16
5.747723714293409103e+03 3.663927844223094400e+16
5.748057283077246211e+03 3.664267536707991200e+16
5.748390851861083320e+03 3.664610808000294400e+16
5.748724420644920428e+03 3.664957651249988000e+16
5.749057989428756628e+03 3.665308059521916800e+16
5.749391558212593736e+03 3.665662025795176800e+16
5.749725126996430845e+03 3.666019542962508800e+16
5.750058695780267954e+03 3.666380603829686400e+16
5.750392264564104153e+03 3.666745201114886400e+16
5.750725833347941261e+03 3.667113327448064000e+16
5.751059402131778370e+03 3.667484975370295200e+16
5.751392970915614569e+03 3.667860137333132000e+16
5.751726539699452587e+03 3.668238805697943200e+16
5.752060108483288786e+03 3.668620972735238400e+16
5.752393677267125895e+03 3.669006630623992000e+16
5.752727246050962094e+03 3.669395771450959200e+16
5.753060814834800112e+03 3.669788387209972000e+16
5.753394383618636311e+03 3.670184469801233600e+16
5.753727952402472511e+03 3.670584011030616800e+16
5.754061521186310529e+03 3.670987002608932800e+16
5.754395089970146728e+03 3.671393436151203200e+16
5.754728658753983837e+03 3.671803303175925600e+16
5.755062227537820945e+03 3.672216595104327200e+16
5.755395796321658054e+03 3.672633303259604800e+16
5.755729365105494253e+03 3.673053418866176800e+16
5.756062933889331362e+03 3.673476933048902400e+16
5.756396502673168470e+03 3.673903836832315200e+16
5.756730071457005579e+03 3.674334121139827200e+16
5.757063640240841778e+03 3.674767776792952800e+16
5.757397209024679796e+03 3.675204794510502400e+16
5.757730777808515995e+03 3.675645164907772000e+16
5.758064346592352194e+03 3.676088878495750400e+16
5.758397915376190213e+03 3.676535925680281600e+16
5.758731484160026412e+03 3.676986296761244800e+16
5.759065052943863520e+03 3.677439981931730400e+16
5.759398621727699719e+03 3.677896971277191200e+16
5.759732190511537738e+03 3.678357254774603200e+16
5.760065759295373937e+03 3.678820822291624800e+16
5.760399328079211045e+03 3.679287663585714400e+16
5.760732896863048154e+03 3.679757768303302400e+16
5.761066465646885263e+03 3.680231125978892000e+16
5.761400034430721462e+03 3.680707726034204000e+16
5.761733603214559480e+03 3.681187557777299200e+16
5.762067171998395679e+03 3.681670610401680000e+16
5.762400740782231878e+03 3.682156872985419200e+16
5.762734309566068987e+03 3.682646334490251200e+16
5.763067878349906096e+03 3.683138983760684000e+16
5.763401447133743204e+03 3.683634809523088000e+16
5.763735015917579403e+03 3.684133800384794400e+16
5.764068584701417421e+03 3.684635944833180800e+16
5.764402153485253621e+03 3.685141231234755200e+16
5.764735722269090729e+03 3.685649647834232800e+16
5.765069291052927838e+03 3.686161182753620800e+16
5.765402859836764947e+03 3.686675823991284800e+16
5.765736428620601146e+03 3.687193559421017600e+16
5.766069997404437345e+03 3.687714376791104800e+16
5.766403566188275363e+03 3.688238263723398400e+16
5.766737134972111562e+03 3.688765207712360000e+16
5.767070703755948671e+03 3.689295196124136000e+16
5.767404272539785779e+03 3.689828216195596800e+16
5.767737841323622888e+03 3.690364255033399200e+16
5.768071410107459087e+03 3.690903299613035200e+16
5.768404978891297105e+03 3.691445336777888000e+16
5.768738547675133304e+03 3.691990353238256000e+16
5.769072116458970413e+03 3.692538335570434400e+16
5.769405685242806612e+03 3.693089270215726400e+16
5.769739254026644630e+03 3.693643143479506400e+16
5.770072822810480830e+03 3.694199941530256000e+16
5.770406391594317029e+03 3.694759650398604800e+16
5.770739960378155047e+03 3.695322255976384000e+16
5.771073529161991246e+03 3.695887744015647200e+16
5.771407097945828355e+03 3.696456100127729600e+16
5.771740666729665463e+03 3.697027309782288000e+16
5.772074235513502572e+03 3.697601358306331200e+16
5.772407804297338771e+03 3.698178230883276800e+16
5.772741373081175880e+03 3.698757912551992000e+16
5.773074941865012988e+03 3.699340388205836800e+16
5.773408510648850097e+03 3.699925642591708800e+16
5.773742079432686296e+03 3.700513660309098400e+16
5.774075648216523405e+03 3.701104425809139200e+16
5.774409217000360513e+03 3.701697923393653600e+16
5.774742785784196712e+03 3.702294137214218400e+16
5.775076354568034731e+03 3.702893051271216800e+16
5.775409923351870930e+03 3.703494649412897600e+16
5.775743492135708038e+03 3.704098915334448000e+16
5.776077060919544238e+03 3.704705832577060800e+16
5.776410629703382256e+03 3.705315384527000000e+16
5.776744198487218455e+03 3.705927554414676800e+16
5.777077767271054654e+03 3.706542325313744000e+16
5.777411336054892672e+03 3.707159680140163200e+16
5.777744904838728871e+03 3.707779601651310400e+16
5.778078473622565980e+03 3.708402072445059200e+16
5.778412042406403089e+03 3.709027074958892800e+16
5.778745611190240197e+03 3.709654591469001600e+16
5.779079179974076396e+03 3.710284604089404800e+16
5.779412748757913505e+03 3.710917094771067200e+16
5.779746317541750614e+03 3.711552045301016800e+16
5.780079886325587722e+03 3.712189437301496800e+16
5.780413455109423921e+03 3.712829252229089600e+16
5.780747023893261940e+03 3.713471471373868800e+16
5.781080592677098139e+03 3.714116075858563200e+16
5.781414161460934338e+03 3.714763046637716800e+16
5.781747730244772356e+03 3.715412364496859200e+16
5.782081299028608555e+03 3.716064010051692000e+16
5.782414867812445664e+03 3.716717963747278400e+16
5.782748436596281863e+03 3.717374205857249600e+16
5.783082005380119881e+03 3.718032716483011200e+16
5.783415574163956080e+03 3.718693475552955200e+16
5.783749142947793189e+03 3.719356462821715200e+16
5.784082711731630297e+03 3.720021657869396800e+16
5.784416280515467406e+03 3.720689040100820800e+16
5.784749849299303605e+03 3.721358588744812800e+16
5.785083418083141623e+03 3.722030282853464000e+16
5.785416986866977823e+03 3.722704101301426400e+16
5.785750555650814022e+03 3.723380022785218400e+16
5.786084124434651130e+03 3.724058025822536000e+16
5.786417693218488239e+03 3.724738088751593600e+16
5.786751262002325348e+03 3.725420189730451200e+16
5.787084830786161547e+03 3.726104306736385600e+16
5.787418399569999565e+03 3.726790417565259200e+16
5.787751968353835764e+03 3.727478499830900800e+16
5.788085537137672873e+03 3.728168530964516800e+16
5.788419105921509981e+03 3.728860488214109600e+16
5.788752674705347090e+03 3.729554348643894400e+16
5.789086243489183289e+03 3.730250089133780000e+16
5.789419812273019488e+03 3.730947686378809600e+16
5.789753381056857506e+03 3.731647116888658400e+16
5.790086949840693705e+03 3.732348356987129600e+16
5.790420518624530814e+03 3.733051382811680000e+16
5.790754087408367923e+03 3.733756170312955200e+16
5.791087656192205031e+03 3.734462695254344000e+16
5.791421224976041231e+03 3.735170933211563200e+16
5.791754793759879249e+03 3.735880859572248000e+16
5.792088362543715448e+03 3.736592449535559200e+16
5.792421931327552556e+03 3.737305678111836800e+16
5.792755500111388756e+03 3.738020520122240800e+16
5.793089068895226774e+03 3.738736950198443200e+16
5.793422637679062973e+03 3.739454942782311200e+16
5.793756206462899172e+03 3.740174472125641600e+16
5.794089775246737190e+03 3.740895512289900000e+16
5.794423344030573389e+03 3.741618037145981600e+16
5.794756912814410498e+03 3.742342020374008000e+16
5.795090481598247607e+03 3.743067435463142400e+16
5.795424050382084715e+03 3.743794255711411200e+16
5.795757619165920914e+03 3.744522454225580800e+16
5.796091187949758023e+03 3.745252003921036000e+16
5.796424756733595132e+03 3.745982877521693600e+16
5.796758325517432240e+03 3.746715047559934400e+16
5.797091894301268439e+03 3.747448486376572800e+16
5.797425463085105548e+03 3.748183166120841600e+16
5.797759031868942657e+03 3.748919058750400800e+16
5.798092600652778856e+03 3.749656136031394400e+16
5.798426169436616874e+03 3.750394369538507200e+16
5.798759738220453073e+03 3.751133730655072800e+16
5.799093307004290182e+03 3.751874190573196000e+16
5.799426875788126381e+03 3.752615720293904800e+16
5.799760444571964399e+03 3.753358290627344000e+16
5.800094013355800598e+03 3.754101872192976000e+16
5.800427582139636797e+03 3.754846435419840000e+16
5.800761150923474815e+03 3.755591950546816000e+16
5.801094719707311015e+03 3.756338387622933600e+16
5.801428288491148123e+03 3.757085716507705600e+16
5.801761857274985232e+03 3.757833906871504000e+16
5.802095426058822341e+03 3.758582928195946400e+16
5.802428994842658540e+03 3.759332749774341600e+16
5.802762563626495648e+03 3.760083340712152000e+16
5.803096132410332757e+03 3.760834669927481600e+16
5.803429701194169866e+03 3.761586706151616000e+16
5.803763269978006065e+03 3.762339417929592000e+16
5.804096838761844083e+03 3.763092773620788800e+16
5.804430407545680282e+03 3.763846741399563200e+16
5.804763976329516481e+03 3.764601289255924800e+16
5.805097545113354499e+03 3.765356384996236800e+16
5.805431113897190698e+03 3.766111996243952000e+16
5.805764682681027807e+03 3.766868090440401600e+16
5.806098251464864006e+03 3.767624634845592800e+16
5.806431820248702024e+03 3.768381596539072000e+16
5.806765389032538224e+03 3.769138942420803200e+16
5.807098957816375332e+03 3.769896639212088800e+16
5.807432526600212441e+03 3.770654653456553600e+16
5.807766095384049549e+03 3.771412951521108800e+16
5.808099664167885749e+03 3.772171499597024000e+16
5.808433232951721948e+03 3.772930263700985600e+16
5.808766801735559966e+03 3.773689209676222400e+16
5.809100370519396165e+03 3.774448303193652800e+16
5.809433939303233274e+03 3.775207509753088800e+16
5.809767508087070382e+03 3.775966794684467200e+16
5.810101076870907491e+03 3.776726123149128000e+16
5.810434645654743690e+03 3.777485460141125600e+16
5.810768214438581708e+03 3.778244770488595200e+16
5.811101783222417907e+03 3.779004018855138400e+16
5.811435352006255016e+03 3.779763169741275200e+16
5.811768920790091215e+03 3.780522187485918400e+16
5.812102489573929233e+03 3.781281036267904000e+16
5.812436058357765432e+03 3.782039680107541600e+16
5.812769627141601632e+03 3.782798082868243200e+16
5.813103195925439650e+03 3.783556208258157600e+16
5.813436764709275849e+03 3.784314019831867200e+16
5.813770333493112958e+03 3.785071480992128000e+16
5.814103902276950066e+03 3.785828554991648000e+16
5.814437471060787175e+03 3.786585204934908800e+16
5.814771039844623374e+03 3.787341393780032000e+16
5.815104608628460483e+03 3.788097084340689600e+16
5.815438177412297591e+03 3.788852239288062400e+16
5.815771746196134700e+03 3.789606821152830400e+16
5.816105314979970899e+03 3.790360792327220800e+16
5.816438883763808917e+03 3.791114115067096000e+16
5.816772452547645116e+03 3.791866751494081600e+16
5.817106021331481315e+03 3.792618663597744000e+16
5.817439590115319334e+03 3.793369813237817600e+16
5.817773158899155533e+03 3.794120162146450400e+16
5.818106727682992641e+03 3.794869671930542400e+16
5.818440296466828840e+03 3.795618304074080000e+16
5.818773865250666859e+03 3.796366019940547200e+16
5.819107434034503058e+03 3.797112780775361600e+16
5.819441002818340166e+03 3.797858547708379200e+16
5.819774571602177275e+03 3.798603281756420800e+16
5.820108140386014384e+03 3.799346943825846400e+16
5.820441709169850583e+03 3.800089494715204000e+16
5.820775277953687691e+03 3.800830895117872000e+16
5.821108846737524800e+03 3.801571105624799200e+16
5.821442415521360999e+03 3.802310086727256800e+16
5.821775984305198108e+03 3.803047798819638400e+16
5.822109553089035217e+03 3.803784202202328800e+16
5.822443121872872325e+03 3.804519257084582400e+16
5.822776690656708524e+03 3.805252923587472000e+16
5.823110259440546542e+03 3.805985161746881600e+16
5.823443828224382742e+03 3.806715931516520000e+16
5.823777397008218941e+03 3.807445192771012800e+16
5.824110965792056959e+03 3.808172905309010400e+16
5.824444534575893158e+03 3.808899028856351200e+16
5.824778103359730267e+03 3.809623523069278400e+16
5.825111672143566466e+03 3.810346347537684800e+16
5.825445240927404484e+03 3.811067461788402400e+16
5.825778809711240683e+03 3.811786825288546400e+16
5.826112378495077792e+03 3.812504397448895200e+16
5.826445947278914900e+03 3.813220137627311200e+16
5.826779516062752009e+03 3.813934005132210400e+16
5.827113084846588208e+03 3.814645959226067200e+16
5.827446653630426226e+03 3.815355959128976000e+16
5.827780222414262425e+03 3.816063964022220800e+16
5.828113791198098625e+03 3.816769933051928800e+16
5.828447359981935733e+03 3.817473825332744000e+16
5.828780928765772842e+03 3.818175599951532800e+16
5.829114497549609951e+03 3.818875215971135200e+16
5.829448066333446150e+03 3.819572632434182400e+16
5.829781635117284168e+03 3.820267808366908800e+16
5.830115203901120367e+03 3.820960702783040000e+16
5.830448772684957476e+03 3.821651274687696000e+16
5.830782341468794584e+03 3.822339483081348800e+16
5.831115910252631693e+03 3.823025286963807200e+16
5.831449479036467892e+03 3.823708645338245600e+16
5.831783047820304091e+03 3.824389517215256800e+16
5.832116616604142109e+03 3.825067861616971200e+16
5.832450185387978308e+03 3.825743637581160000e+16
5.832783754171815417e+03 3.826416804165438400e+16
5.833117322955652526e+03 3.827087320451440800e+16
5.833450891739489634e+03 3.827755145549076000e+16
5.833784460523325833e+03 3.828420238600790400e+16
5.834118029307163852e+03 3.829082558785879200e+16
5.834451598091000051e+03 3.829742065324809600e+16
5.834785166874837159e+03 3.830398717483600000e+16
5.835118735658673359e+03 3.831052474578212800e+16
5.835452304442511377e+03 3.831703295978987200e+16
5.835785873226347576e+03 3.832351141115086400e+16
5.836119442010183775e+03 3.832995969478996800e+16
5.836453010794021793e+03 3.833637740631031200e+16
5.836786579577857992e+03 3.834276414203879200e+16
5.837120148361695101e+03 3.834911949907168000e+16
5.837453717145532210e+03 3.835544307532064800e+16
5.837787285929369318e+03 3.836173446955881600e+16
5.838120854713205517e+03 3.836799328146729600e+16
5.838454423497042626e+03 3.837421911168187200e+16
5.838787992280879735e+03 3.838041156183972000e+16
5.839121561064716843e+03 3.838657023462670400e+16
5.839455129848553042e+03 3.839269473382454400e+16
5.839788698632391061e+03 3.839878466435836000e+16
5.840122267416227260e+03 3.840483963234441600e+16
5.840455836200063459e+03 3.841085924513792000e+16
5.840789404983901477e+03 3.841684311138114400e+16
5.841122973767737676e+03 3.842279084105153600e+16
5.841456542551574785e+03 3.842870204551018400e+16
5.841790111335410984e+03 3.843457633755020800e+16
5.842123680119249002e+03 3.844041333144556000e+16
5.842457248903085201e+03 3.844621264299959200e+16
5.842790817686922310e+03 3.845197388959404000e+16
5.843124386470759418e+03 3.845769669023805600e+16
5.843457955254596527e+03 3.846338066561707200e+16
5.843791524038432726e+03 3.846902543814216000e+16
5.844125092822269835e+03 3.847463063199918400e+16
5.844458661606106944e+03 3.848019587319803200e+16
5.844792230389943143e+03 3.848572078962200800e+16
5.845125799173780251e+03 3.849120501107721600e+16
5.845459367957617360e+03 3.849664816934195200e+16
5.845792936741454469e+03 3.850204989821604800e+16
5.846126505525290668e+03 3.850740983357046400e+16
5.846460074309128686e+03 3.851272761339659200e+16
5.846793643092964885e+03 3.851800287785563200e+16
5.847127211876801084e+03 3.852323526932814400e+16
5.847460780660639102e+03 3.852842443246324000e+16
5.847794349444475301e+03 3.853357001422792000e+16
5.848127918228312410e+03 3.853867166395636800e+16
5.848461487012148609e+03 3.854372903339904000e+16
5.848795055795986627e+03 3.854874177677176800e+16
5.849128624579822826e+03 3.855370955080472800e+16
5.849462193363659935e+03 3.855863201479137600e+16
5.849795762147497044e+03 3.856350883063713600e+16
5.850129330931334152e+03 3.856833966290796800e+16
5.850462899715170352e+03 3.857312417887905600e+16
5.850796468499008370e+03 3.857786204858292800e+16
5.851130037282844569e+03 3.858255294485763200e+16
5.851463606066680768e+03 3.858719654339483200e+16
5.851797174850517877e+03 3.859179252278749600e+16
5.852130743634354985e+03 3.859634056457747200e+16
5.852464312418192094e+03 3.860084035330289600e+16
5.852797881202028293e+03 3.860529157654528800e+16
5.853131449985866311e+03 3.860969392497651200e+16
5.853465018769702510e+03 3.861404709240528000e+16
5.853798587553539619e+03 3.861835077582368800e+16
5.854132156337376728e+03 3.862260467545324000e+16
5.854465725121213836e+03 3.862680849479060800e+16
5.854799293905050035e+03 3.863096194065324000e+16
5.855132862688886235e+03 3.863506472322451200e+16
5.855466431472724253e+03 3.863911655609859200e+16
5.855800000256560452e+03 3.864311715632490400e+16
5.856133569040397560e+03 3.864706624445252800e+16
5.856467137824234669e+03 3.865096354457373600e+16
5.856800706608071778e+03 3.865480878436768000e+16
5.857134275391907977e+03 3.865860169514328800e+16
5.857467844175745995e+03 3.866234201188204800e+16
5.857801412959582194e+03 3.866602947328020800e+16
5.858134981743419303e+03 3.866966382179056000e+16
5.858468550527255502e+03 3.867324480366401600e+16
5.858802119311093520e+03 3.867677216899035200e+16
5.859135688094929719e+03 3.868024567173885600e+16
5.859469256878765918e+03 3.868366506979836800e+16
5.859802825662603937e+03 3.868703012501675200e+16
5.860136394446440136e+03 3.869034060324004800e+16
5.860469963230277244e+03 3.869359627435097600e+16
5.860803532014114353e+03 3.869679691230713600e+16
5.861137100797951462e+03 3.869994229517830400e+16
5.861470669581787661e+03 3.870303220518369600e+16
5.861804238365624769e+03 3.870606642872827200e+16
5.862137807149461878e+03 3.870904475643872000e+16
5.862471375933298987e+03 3.871196698319872000e+16
5.862804944717135186e+03 3.871483290818381600e+16
5.863138513500973204e+03 3.871764233489555200e+16
5.863472082284809403e+03 3.872039507119501600e+16
5.863805651068645602e+03 3.872309092933592000e+16
5.864139219852483620e+03 3.872572972599691200e+16
5.864472788636319819e+03 3.872831128231334400e+16
5.864806357420156928e+03 3.873083542390840800e+16
5.865139926203993127e+03 3.873330198092353600e+16
5.865473494987831145e+03 3.873571078804833600e+16
5.865807063771667345e+03 3.873806168454964800e+16
5.866140632555504453e+03 3.874035451430010400e+16
5.866474201339341562e+03 3.874258912580597600e+16
5.866807770123178670e+03 3.874476537223412000e+16
5.867141338907014870e+03 3.874688311143872800e+16
5.867474907690851978e+03 3.874894220598680000e+16
5.867808476474689087e+03 3.875094252318326400e+16
5.868142045258525286e+03 3.875288393509532000e+16
5.868475614042362395e+03 3.875476631857598400e+16
5.868809182826199503e+03 3.875658955528697600e+16
5.869142751610036612e+03 3.875835353172079200e+16
5.869476320393872811e+03 3.876005813922212800e+16
5.869809889177710829e+03 3.876170327400852800e+16
5.870143457961547028e+03 3.876328883719012800e+16
5.870477026745383228e+03 3.876481473478889600e+16
5.870810595529221246e+03 3.876628087775696000e+16
5.871144164313057445e+03 3.876768718199398400e+16
5.871477733096894553e+03 3.876903356836424000e+16
5.871811301880730753e+03 3.877031996271236800e+16
5.872144870664568771e+03 3.877154629587872000e+16
5.872478439448404970e+03 3.877271250371362400e+16
5.872812008232242079e+03 3.877381852709120800e+16
5.873145577016079187e+03 3.877486431192206400e+16
5.873479145799916296e+03 3.877584980916521600e+16
5.873812714583752495e+03 3.877677497483952000e+16
5.874146283367590513e+03 3.877763977003381600e+16
5.874479852151426712e+03 3.877844416091659200e+16
5.874813420935262911e+03 3.877918811874479200e+16
5.875146989719100020e+03 3.877987161987159200e+16
5.875480558502937129e+03 3.878049464575370400e+16
5.875814127286774237e+03 3.878105718295737600e+16
5.876147696070610436e+03 3.878155922316411200e+16
5.876481264854448455e+03 3.878200076317513600e+16
5.876814833638284654e+03 3.878238180491517600e+16
5.877148402422121762e+03 3.878270235543544000e+16
5.877481971205958871e+03 3.878296242691584800e+16
5.877815539989795980e+03 3.878316203666606400e+16
5.878149108773632179e+03 3.878330120712617600e+16
5.878482677557468378e+03 3.878337996586623200e+16
5.878816246341306396e+03 3.878339834558503200e+16
5.879149815125142595e+03 3.878335638410804800e+16
5.879483383908979704e+03 3.878325412438459200e+16
5.879816952692816812e+03 3.878309161448408000e+16
5.880150521476653921e+03 3.878286890759150400e+16
5.880484090260490120e+03 3.878258606200204000e+16
5.880817659044328138e+03 3.878224314111488800e+16
5.881151227828164338e+03 3.878184021342617600e+16
5.881484796612001446e+03 3.878137735252128000e+16
5.881818365395837645e+03 3.878085463706595200e+16
5.882151934179675663e+03 3.878027215079704000e+16
5.882485502963511863e+03 3.877962998251200000e+16
5.882819071747348062e+03 3.877892822605796800e+16
5.883152640531186080e+03 3.877816698031977600e+16
5.883486209315022279e+03 3.877734634920723200e+16
5.883819778098859388e+03 3.877646644164161600e+16
5.884153346882696496e+03 3.877552737154140800e+16
5.884486915666533605e+03 3.877452925780712800e+16
5.884820484450369804e+03 3.877347222430553600e+16
5.885154053234206913e+03 3.877235639985295200e+16
5.885487622018044021e+03 3.877118191819776000e+16
5.885821190801881130e+03 3.876994891800222400e+16
5.886154759585717329e+03 3.876865754282366400e+16
5.886488328369555347e+03 3.876730794109447200e+16
5.886821897153391546e+03 3.876590026610186400e+16
5.887155465937227746e+03 3.876443467596652800e+16
5.887489034721065764e+03 3.876291133362076800e+16
5.887822603504901963e+03 3.876133040678560000e+16
5.888156172288739072e+03 3.875969206794768800e+16
5.888489741072575271e+03 3.875799649433485600e+16
5.888823309856413289e+03 3.875624386789145600e+16
5.889156878640249488e+03 3.875443437525272000e+16
5.889490447424086597e+03 3.875256820771857600e+16
5.889824016207923705e+03 3.875064556122672800e+16
5.890157584991760814e+03 3.874866663632494400e+16
5.890491153775597013e+03 3.874663163814291200e+16
5.890824722559434122e+03 3.874454077636320000e+16
5.891158291343271230e+03 3.874239426519176000e+16
5.891491860127107429e+03 3.874019232332756000e+16
5.891825428910944538e+03 3.873793517393181600e+16
5.892158997694781647e+03 3.873562304459648800e+16
5.892492566478618755e+03 3.873325616731209600e+16
5.892826135262454954e+03 3.873083477843507200e+16
5.893159704046292973e+03 3.872835911865440000e+16
5.893493272830129172e+03 3.872582943295770400e+16
5.893826841613965371e+03 3.872324597059677600e+16
5.894160410397803389e+03 3.872060898505257600e+16
5.894493979181639588e+03 3.871791873399948000e+16
5.894827547965476697e+03 3.871517547926928000e+16
5.895161116749312896e+03 3.871237948681444000e+16
5.895494685533150914e+03 3.870953102667078400e+16
5.895828254316987113e+03 3.870663037291986400e+16
5.896161823100824222e+03 3.870367780365071200e+16
5.896495391884661331e+03 3.870067360092108800e+16
5.896828960668498439e+03 3.869761805071820800e+16
5.897162529452334638e+03 3.869451144291911200e+16
5.897496098236172656e+03 3.869135407125057600e+16
5.897829667020008856e+03 3.868814623324834400e+16
5.898163235803845055e+03 3.868488823021627200e+16
5.898496804587682163e+03 3.868158036718472000e+16
5.898830373371519272e+03 3.867822295286875200e+16
5.899163942155356381e+03 3.867481629962584800e+16
5.899497510939192580e+03 3.867136072341315200e+16
5.899831079723030598e+03 3.866785654374454400e+16
5.900164648506866797e+03 3.866430408364708800e+16
5.900498217290703906e+03 3.866070366961734400e+16
5.900831786074541014e+03 3.865705563157715200e+16
5.901165354858378123e+03 3.865336030282923200e+16
5.901498923642214322e+03 3.864961802001237600e+16
5.901832492426050521e+03 3.864582912305633600e+16
5.902166061209888539e+03 3.864199395513651200e+16
5.902499629993724739e+03 3.863811286262806400e+16
5.902833198777561847e+03 3.863418619506024000e+16
5.903166767561398956e+03 3.863021430506992000e+16
5.903500336345236065e+03 3.862619754835523200e+16
5.903833905129072264e+03 3.862213628362892000e+16
5.904167473912910282e+03 3.861803087257121600e+16
5.904501042696746481e+03 3.861388167978288000e+16
5.904834611480583590e+03 3.860968907273770400e+16
5.905168180264419789e+03 3.860545342173504800e+16
5.905501749048257807e+03 3.860117509985206400e+16
5.905835317832094006e+03 3.859685448289578400e+16
5.906168886615930205e+03 3.859249194935513600e+16
5.906502455399768223e+03 3.858808788035260800e+16
5.906836024183604422e+03 3.858364265959604800e+16
5.907169592967441531e+03 3.857915667333015200e+16
5.907503161751278640e+03 3.857463031028785600e+16
5.907836730535115748e+03 3.857006396164171200e+16
5.908170299318951947e+03 3.856545802095508800e+16
5.908503868102789056e+03 3.856081288413342400e+16
5.908837436886626165e+03 3.855612894937520000e+16
5.909171005670463273e+03 3.855140661712308000e+16
5.909504574454299473e+03 3.854664629001484800e+16
5.909838143238137491e+03 3.854184837283444800e+16
5.910171712021973690e+03 3.853701327246282400e+16
5.910505280805809889e+03 3.853214139782899200e+16
5.910838849589647907e+03 3.852723315986086400e+16
5.911172418373484106e+03 3.852228897143622400e+16
5.911505987157321215e+03 3.851730924733371200e+16
5.911839555941157414e+03 3.851229440418383200e+16
5.912173124724995432e+03 3.850724486041996800e+16
5.912506693508831631e+03 3.850216103622940000e+16
5.912840262292668740e+03 3.849704335350470400e+16
5.913173831076505849e+03 3.849189223579468800e+16
5.913507399860342957e+03 3.848670810825585600e+16
5.913840968644179156e+03 3.848149139760382400e+16
5.914174537428016265e+03 3.847624253206473600e+16
5.914508106211853374e+03 3.847096194132692800e+16
5.914841674995689573e+03 3.846565005649268000e+16
5.915175243779526681e+03 3.846030731003004000e+16
5.915508812563363790e+03 3.845493413572488800e+16
5.915842381347200899e+03 3.844953096863294400e+16
5.916175950131037098e+03 3.844409824503228800e+16
5.916509518914875116e+03 3.843863640237565600e+16
5.916843087698711315e+03 3.843314587924318400e+16
5.917176656482547514e+03 3.842762711529520000e+16
5.917510225266385532e+03 3.842208055122528800e+16
5.917843794050221732e+03 3.841650662871340800e+16
5.918177362834058840e+03 3.841090579037948000e+16
5.918510931617895039e+03 3.840527847973687200e+16
5.918844500401733058e+03 3.839962514114644800e+16
5.919178069185569257e+03 3.839394621977043200e+16
5.919511637969406365e+03 3.838824216152696800e+16
5.919845206753243474e+03 3.838251341304460800e+16
5.920178775537080583e+03 3.837676042161706400e+16
5.920512344320916782e+03 3.837098363515852800e+16
5.920845913104754800e+03 3.836518350215881600e+16
5.921179481888590999e+03 3.835936047163907200e+16
5.921513050672427198e+03 3.835351499310776000e+16
5.921846619456264307e+03 3.834764751651680800e+16
5.922180188240101415e+03 3.834175849221805600e+16
5.922513757023938524e+03 3.833584837092015200e+16
5.922847325807774723e+03 3.832991760364554400e+16
5.923180894591612741e+03 3.832396664168808000e+16
5.923514463375448940e+03 3.831799593657047200e+16
5.923848032159286049e+03 3.831200594000253600e+16
5.924181600943123158e+03 3.830599710383951200e+16
5.924515169726960266e+03 3.829996988004080800e+16
5.924848738510796466e+03 3.829392472062899200e+16
5.925182307294632665e+03 3.828786207764920800e+16
5.925515876078470683e+03 3.828178240312897600e+16
5.925849444862306882e+03 3.827568614903811200e+16
5.926183013646143991e+03 3.826957376724940800e+16
5.926516582429981099e+03 3.826344570949923200e+16
5.926850151213818208e+03 3.825730242734884800e+16
5.927183719997654407e+03 3.825114437214584000e+16
5.927517288781492425e+03 3.824497199498608800e+16
5.927850857565328624e+03 3.823878574667609600e+16
5.928184426349165733e+03 3.823258607769555200e+16
5.928517995133001932e+03 3.822637343816046400e+16
5.928851563916839950e+03 3.822014827778664000e+16
5.929185132700676149e+03 3.821391104585332800e+16
5.929518701484512349e+03 3.820766219116766400e+16
5.929852270268350367e+03 3.820140216202913600e+16
5.930185839052186566e+03 3.819513140619463200e+16
5.930519407836023674e+03 3.818885037084388800e+16
5.930852976619860783e+03 3.818255950254529600e+16
5.931186545403697892e+03 3.817625924722204800e+16
5.931520114187534091e+03 3.816995005011887200e+16
5.931853682971371200e+03 3.816363235576902400e+16
5.932187251755208308e+03 3.815730660796169600e+16
5.932520820539045417e+03 3.815097324970988000e+16
5.932854389322881616e+03 3.814463272321876800e+16
5.933187958106719634e+03 3.813828546985420000e+16
5.933521526890555833e+03 3.813193193011203200e+16
5.933855095674392032e+03 3.812557254358742400e+16
5.934188664458230051e+03 3.811920774894498400e+16
5.934522233242066250e+03 3.811283798388888000e+16
5.934855802025903358e+03 3.810646368513392000e+16
5.935189370809739557e+03 3.810008528837648000e+16
5.935522939593577576e+03 3.809370322826628800e+16
5.935856508377413775e+03 3.808731793837836000e+16
5.936190077161250883e+03 3.808092985118556800e+16
5.936523645945087992e+03 3.807453939803148000e+16
5.936857214728925101e+03 3.806814700910358400e+16
5.937190783512761300e+03 3.806175311340711200e+16
5.937524352296598408e+03 3.805535813873920000e+16
5.937857921080435517e+03 3.804896251166338400e+16
5.938191489864271716e+03 3.804256665748458400e+16
5.938525058648108825e+03 3.803617100022464000e+16
5.938858627431945933e+03 3.802977596259800000e+16
5.939192196215783042e+03 3.802338196598803200e+16
5.939525764999619241e+03 3.801698943042369600e+16
5.939859333783457259e+03 3.801059877455652000e+16
5.940192902567293459e+03 3.800421041563833600e+16
5.940526471351129658e+03 3.799782476949892000e+16
5.940860040134967676e+03 3.799144225052451200e+16
5.941193608918803875e+03 3.798506327163640000e+16
5.941527177702640984e+03 3.797868824427021600e+16
5.941860746486477183e+03 3.797231757835540800e+16
5.942194315270315201e+03 3.796595168229521600e+16
5.942527884054151400e+03 3.795959096294699200e+16
5.942861452837988509e+03 3.795323582560307200e+16
5.943195021621825617e+03 3.794688667397192800e+16
5.943528590405662726e+03 3.794054391015961600e+16
5.943862159189498925e+03 3.793420793465193600e+16
5.944195727973336943e+03 3.792787914629670400e+16
5.944529296757173142e+03 3.792155794228640800e+16
5.944862865541009342e+03 3.791524471814161600e+16
5.945196434324846450e+03 3.790893986769426400e+16
5.945530003108683559e+03 3.790264378307174400e+16
5.945863571892520667e+03 3.789635685468108800e+16
5.946197140676356867e+03 3.789007947119382400e+16
5.946530709460194885e+03 3.788381201953093600e+16
5.946864278244031084e+03 3.787755488484824000e+16
5.947197847027868193e+03 3.787130845052240800e+16
5.947531415811705301e+03 3.786507309813697600e+16
5.947864984595542410e+03 3.785884920746902400e+16
5.948198553379378609e+03 3.785263715647602400e+16
5.948532122163214808e+03 3.784643732128315200e+16
5.948865690947052826e+03 3.784025007617097600e+16
5.949199259730889025e+03 3.783407579356334400e+16
5.949532828514726134e+03 3.782791484401588800e+16
5.949866397298563243e+03 3.782176759620462400e+16
5.950199966082400351e+03 3.781563441691505600e+16
5.950533534866236550e+03 3.780951567103148000e+16
5.950867103650074569e+03 3.780341172152690400e+16
5.951200672433910768e+03 3.779732292945288000e+16
5.951534241217747876e+03 3.779124965393012800e+16
5.951867810001584076e+03 3.778519225213913600e+16
5.952201378785422094e+03 3.777915107931129600e+16
5.952534947569258293e+03 3.777312648872020000e+16
5.952868516353094492e+03 3.776711883167342400e+16
5.953202085136932510e+03 3.776112845750456800e+16
5.953535653920768709e+03 3.775515571356552000e+16
5.953869222704605818e+03 3.774920094521913600e+16
5.954202791488442926e+03 3.774326449583220800e+16
5.954536360272280035e+03 3.773734670676864800e+16
5.954869929056116234e+03 3.773144791738313600e+16
5.955203497839953343e+03 3.772556846501488000e+16
5.955537066623790452e+03 3.771970868498185600e+16
5.955870635407627560e+03 3.771386891057501600e+16
5.956204204191463759e+03 3.770804947305334400e+16
5.956537772975301777e+03 3.770225070163851200e+16
5.956871341759137977e+03 3.769647292351032000e+16
5.957204910542974176e+03 3.769071646380216000e+16
5.957538479326812194e+03 3.768498164559696800e+16
5.957872048110648393e+03 3.767926878992307200e+16
5.958205616894485502e+03 3.767357821575066400e+16
5.958539185678321701e+03 3.766791023998840000e+16
5.958872754462159719e+03 3.766226517748024000e+16
5.959206323245995918e+03 3.765664334100243200e+16
5.959539892029833027e+03 3.765104504126099200e+16
5.959873460813670135e+03 3.764547058688928800e+16
5.960207029597507244e+03 3.763992028444574400e+16
5.960540598381343443e+03 3.763439443841200000e+16
5.960874167165180552e+03 3.762889335119119200e+16
5.961207735949017660e+03 3.762341732310640000e+16
5.961541304732853860e+03 3.761796665239952000e+16
5.961874873516690968e+03 3.761254163523009600e+16
5.962208442300528077e+03 3.760714256567460800e+16
5.962542011084365186e+03 3.760176973572574400e+16
5.962875579868201385e+03 3.759642343529210400e+16
5.963209148652039403e+03 3.759110395219800800e+16
5.963542717435875602e+03 3.758581157218337600e+16
5.963876286219711801e+03 3.758054657890406400e+16
5.964209855003549819e+03 3.757530925393230400e+16
5.964543423787386018e+03 3.757009987675704000e+16
5.964876992571223127e+03 3.756491872478500000e+16
5.965210561355059326e+03 3.755976607334153600e+16
5.965544130138897344e+03 3.755464219567164800e+16
5.965877698922733543e+03 3.754954736294150400e+16
5.966211267706570652e+03 3.754448184423977600e+16
5.966544836490407761e+03 3.753944590657936000e+16
5.966878405274244869e+03 3.753443981489915200e+16
5.967211974058081069e+03 3.752946383206609600e+16
5.967545542841919087e+03 3.752451821887726400e+16
5.967879111625755286e+03 3.751960323406211200e+16
5.968212680409591485e+03 3.751471913428504000e+16
5.968546249193428594e+03 3.750986617414788800e+16
5.968879817977265702e+03 3.750504460619271200e+16
5.969213386761102811e+03 3.750025468090460000e+16
5.969546955544939010e+03 3.749549664671475200e+16
5.969880524328777028e+03 3.749077075000362400e+16
5.970214093112613227e+03 3.748607723510408000e+16
5.970547661896450336e+03 3.748141634430498400e+16
5.970881230680287445e+03 3.747678831785454400e+16
5.971214799464124553e+03 3.747219339396412000e+16
5.971548368247960752e+03 3.746763180881176800e+16
5.971881937031796951e+03 3.746310379654633600e+16
5.972215505815634970e+03 3.745860958929140000e+16
5.972549074599471169e+03 3.745414941714912800e+16
5.972882643383308277e+03 3.744972350820483200e+16
5.973216212167145386e+03 3.744533208853095200e+16
5.973549780950982495e+03 3.744097538219168000e+16
5.973883349734818694e+03 3.743665361124723200e+16
5.974216918518656712e+03 3.743236699575863200e+16
5.974550487302492911e+03 3.742811575379220800e+16
5.974884056086330020e+03 3.742390010142444000e+16
5.975217624870166219e+03 3.741972025274677600e+16
5.975551193654004237e+03 3.741557641987048000e+16
5.975884762437840436e+03 3.741146881293172800e+16
5.976218331221676635e+03 3.740739764009654400e+16
5.976551900005514653e+03 3.740336310756606400e+16
5.976885468789350853e+03 3.739936541958157600e+16
5.977219037573187961e+03 3.739540477842996000e+16
5.977552606357024160e+03 3.739148138444885600e+16
5.977886175140862179e+03 3.738759543603214400e+16
5.978219743924698378e+03 3.738374712963533600e+16
5.978553312708535486e+03 3.737993665978105600e+16
5.978886881492372595e+03 3.737616421906472000e+16
5.979220450276209704e+03 3.737242999815984000e+16
5.979554019060045903e+03 3.736873418582400000e+16
5.979887587843883921e+03 3.736507696890432000e+16
5.980221156627720120e+03 3.736145853234318400e+16
5.980554725411556319e+03 3.735787905918413600e+16
5.980888294195393428e+03 3.735433873057750400e+16
5.981221862979230536e+03 3.735083772578640000e+16
5.981555431763067645e+03 3.734737622219232000e+16
5.981889000546903844e+03 3.734395439530141600e+16
5.982222569330741862e+03 3.734057241875001600e+16
5.982556138114578062e+03 3.733723046431077600e+16
5.982889706898415170e+03 3.733392870189865600e+16
5.983223275682252279e+03 3.733066729957668800e+16
5.983556844466089387e+03 3.732744642356221600e+16
5.983890413249925587e+03 3.732426623823269600e+16
5.984223982033761786e+03 3.732112690613199200e+16
5.984557550817599804e+03 3.731802858797596800e+16
5.984891119601436003e+03 3.731497144265891200e+16
5.985224688385273112e+03 3.731195562725943200e+16
5.985558257169110220e+03 3.730898129704643200e+16
5.985891825952947329e+03 3.730604860548531200e+16
5.986225394736783528e+03 3.730315770424384000e+16
5.986558963520621546e+03 3.730030874319838400e+16
5.986892532304457745e+03 3.729750187043970400e+16
5.987226101088293944e+03 3.729473723227926400e+16
5.987559669872131053e+03 3.729201497325503200e+16
5.987893238655968162e+03 3.728933523613760000e+16
5.988226807439805270e+03 3.728669816193616800e+16
5.988560376223641470e+03 3.728410388990447200e+16
5.988893945007479488e+03 3.728155255754691200e+16
5.989227513791315687e+03 3.727904430062424800e+16
5.989561082575152795e+03 3.727657925315984800e+16
5.989894651358989904e+03 3.727415754744532800e+16
5.990228220142827013e+03 3.727177931404656800e+16
5.990561788926663212e+03 3.726944468180963200e+16
5.990895357710499411e+03 3.726715377786644800e+16
5.991228926494337429e+03 3.726490672764084800e+16
5.991562495278173628e+03 3.726270365485405600e+16
5.991896064062010737e+03 3.726054468153080800e+16
5.992229632845847846e+03 3.725842992800472000e+16
5.992563201629684954e+03 3.725635951292421600e+16
5.992896770413521153e+03 3.725433355325809600e+16
5.993230339197359172e+03 3.725235216430118400e+16
5.993563907981195371e+03 3.725041545967988000e+16
5.993897476765032479e+03 3.724852355135767200e+16
5.994231045548868678e+03 3.724667654964080000e+16
5.994564614332706697e+03 3.724487456318350400e+16
5.994898183116542896e+03 3.724311769899360000e+16
5.995231751900379095e+03 3.724140606243776800e+16
5.995565320684217113e+03 3.723973975724694400e+16
5.995898889468053312e+03 3.723811888552155200e+16
5.996232458251890421e+03 3.723654354773678400e+16
5.996566027035727529e+03 3.723501384274780800e+16
5.996899595819564638e+03 3.723352986779475200e+16
5.997233164603400837e+03 3.723209171850804800e+16
5.997566733387237946e+03 3.723069948891324800e+16
5.997900302171075055e+03 3.722935327143609600e+16
5.998233870954912163e+03 3.722805315690750400e+16
5.998567439738748362e+03 3.722679923456827200e+16
5.998901008522586380e+03 3.722559159207416000e+16
5.999234577306422580e+03 3.722443031550030400e+16
5.999568146090258779e+03 3.722331548934632000e+16
5.999901714874096797e+03 3.722224719654059200e+16
6.000235283657932996e+03 3.722122551844508800e+16
6.000568852441770105e+03 3.722025053485980800e+16
6.000902421225606304e+03 3.721932232402720000e+16
6.001235990009444322e+03 3.721844096263672000e+16
6.001569558793280521e+03 3.721760652582891200e+16
6.001903127577117630e+03 3.721681908720003200e+16
6.002236696360954738e+03 3.721607871880595200e+16
6.002570265144791847e+03 3.721538549116645600e+16
6.002903833928628046e+03 3.721473947326930400e+16
6.003237402712466064e+03 3.721414073257427200e+16
6.003570971496302263e+03 3.721358933501707200e+16
6.003904540280138463e+03 3.721308534501321600e+16
6.004238109063975571e+03 3.721262882546188800e+16
6.004571677847812680e+03 3.721221983774966400e+16
6.004905246631649788e+03 3.721185844175417600e+16
6.005238815415485988e+03 3.721154469584775200e+16
6.005572384199324006e+03 3.721127865690097600e+16
6.005905952983160205e+03 3.721106038028608000e+16
6.006239521766997314e+03 3.721088991988040000e+16
6.006573090550834422e+03 3.721076732806976800e+16
6.006906659334671531e+03 3.721069265575158400e+16
6.007240228118507730e+03 3.721066595233825600e+16
6.007573796902343929e+03 3.721068726576004000e+16
6.007907365686181947e+03 3.721075664246831200e+16
6.008240934470018146e+03 3.721087412743838400e+16
6.008574503253855255e+03 3.721103976417246400e+16
6.008908072037692364e+03 3.721125359470259200e+16
6.009241640821529472e+03 3.721151565959304000e+16
6.009575209605365671e+03 3.721182599794342400e+16
6.009908778389203690e+03 3.721218464739097600e+16
6.010242347173039889e+03 3.721259164411324800e+16
6.010575915956876088e+03 3.721304702283048000e+16
6.010909484740713197e+03 3.721355081680798400e+16
6.011243053524550305e+03 3.721410305785859200e+16
6.011576622308387414e+03 3.721470377634454400e+16
6.011910191092223613e+03 3.721535300118004800e+16
6.012243759876061631e+03 3.721605075983308800e+16
6.012577328659897830e+03 3.721679707832754400e+16
6.012910897443734939e+03 3.721759198124504800e+16
6.013244466227572048e+03 3.721843549172693600e+16
6.013578035011409156e+03 3.721932763147590400e+16
6.013911603795245355e+03 3.722026842075777600e+16
6.014245172579081554e+03 3.722125787840327200e+16
6.014578741362919573e+03 3.722229602180928000e+16
6.014912310146755772e+03 3.722338286694056000e+16
6.015245878930592880e+03 3.722451842833104800e+16
6.015579447714429989e+03 3.722570271908524800e+16
6.015913016498267098e+03 3.722693575087945600e+16
6.016246585282103297e+03 3.722821753396291200e+16
6.016580154065941315e+03 3.722954807715905600e+16
6.016913722849777514e+03 3.723092738786629600e+16
6.017247291633614623e+03 3.723235547205932800e+16
6.017580860417450822e+03 3.723383233428966400e+16
6.017914429201288840e+03 3.723535797768676800e+16
6.018247997985125039e+03 3.723693240395854400e+16
6.018581566768961238e+03 3.723855561339217600e+16
6.018915135552799256e+03 3.724022760485468800e+16
6.019248704336635456e+03 3.724194837579346400e+16
6.019582273120472564e+03 3.724371792223667200e+16
6.019915841904309673e+03 3.724553623879374400e+16
6.020249410688146781e+03 3.724740331865560000e+16
6.020582979471982981e+03 3.724931915359496000e+16
6.020916548255820089e+03 3.725128373396652800e+16
6.021250117039657198e+03 3.725329704870705600e+16
6.021583685823494307e+03 3.725535908533539200e+16
6.021917254607330506e+03 3.725746982995253600e+16
6.022250823391168524e+03 3.725962926724140800e+16
6.022584392175004723e+03 3.726183738046682400e+16
6.022917960958840922e+03 3.726409415147520000e+16
6.023251529742678940e+03 3.726639956069432000e+16
6.023585098526515139e+03 3.726875358713283200e+16
6.023918667310352248e+03 3.727115620837998400e+16
6.024252236094188447e+03 3.727360740060513600e+16
6.024585804878026465e+03 3.727610713855710400e+16
6.024919373661862664e+03 3.727865539556363200e+16
6.025252942445699773e+03 3.728125214353065600e+16
6.025586511229536882e+03 3.728389735294169600e+16
6.025920080013373990e+03 3.728659099285687200e+16
6.026253648797210190e+03 3.728933303091227200e+16
6.026587217581048208e+03 3.729212343331884800e+16
6.026920786364884407e+03 3.729496216486148800e+16
6.027254355148720606e+03 3.729784918889818400e+16
6.027587923932557715e+03 3.730078446735858400e+16
6.027921492716394823e+03 3.730376796074321600e+16
6.028255061500231932e+03 3.730679962812206400e+16
6.028588630284068131e+03 3.730987942713340800e+16
6.028922199067906149e+03 3.731300731398250400e+16
6.029255767851742348e+03 3.731618324344021600e+16
6.029589336635579457e+03 3.731940716884163200e+16
6.029922905419416566e+03 3.732267904208463200e+16
6.030256474203253674e+03 3.732599881362835200e+16
6.030590042987089873e+03 3.732936643249159200e+16
6.030923611770926072e+03 3.733278184625132800e+16
6.031257180554764091e+03 3.733624500104096000e+16
6.031590749338600290e+03 3.733975584154868000e+16
6.031924318122437398e+03 3.734331431101567200e+16
6.032257886906274507e+03 3.734692035123448000e+16
6.032591455690111616e+03 3.735057390254694400e+16
6.032925024473947815e+03 3.735427490384259200e+16
6.033258593257785833e+03 3.735802329255664000e+16
6.033592162041622032e+03 3.736181900466794400e+16
6.033925730825458231e+03 3.736566197469721600e+16
6.034259299609295340e+03 3.736955213570489600e+16
6.034592868393132449e+03 3.737348941928912000e+16
6.034926437176969557e+03 3.737747375558357600e+16
6.035260005960805756e+03 3.738150507325556800e+16
6.035593574744643774e+03 3.738558329950375200e+16
6.035927143528479974e+03 3.738970836005584000e+16
6.036260712312317082e+03 3.739388017916666400e+16
6.036594281096154191e+03 3.739809867961577600e+16
6.036927849879991300e+03 3.740236378270518400e+16
6.037261418663827499e+03 3.740667540825712800e+16
6.037594987447663698e+03 3.741103347461172800e+16
6.037928556231501716e+03 3.741543789862477600e+16
6.038262125015337915e+03 3.741988859566512000e+16
6.038595693799175024e+03 3.742438547961265600e+16
6.038929262583012132e+03 3.742892846285565600e+16
6.039262831366849241e+03 3.743351745628846400e+16
6.039596400150685440e+03 3.743815236930915200e+16
6.039929968934523458e+03 3.744283310981697600e+16
6.040263537718359657e+03 3.744755958421000000e+16
6.040597106502196766e+03 3.745233169738262400e+16
6.040930675286032965e+03 3.745714935272318400e+16
6.041264244069870983e+03 3.746201245211137600e+16
6.041597812853707183e+03 3.746692089591586400e+16
6.041931381637543382e+03 3.747187458299182400e+16
6.042264950421381400e+03 3.747687341067838400e+16
6.042598519205217599e+03 3.748191727479619200e+16
6.042932087989054708e+03 3.748700606964500800e+16
6.043265656772891816e+03 3.749213968800112000e+16
6.043599225556728925e+03 3.749731802111488000e+16
6.043932794340565124e+03 3.750254095870836800e+16
6.044266363124402233e+03 3.750780838897284000e+16
6.044599931908239341e+03 3.751312019856621600e+16
6.044933500692076450e+03 3.751847627261083200e+16
6.045267069475912649e+03 3.752387649469084800e+16
6.045600638259750667e+03 3.752932074684998400e+16
6.045934207043586866e+03 3.753480890958897600e+16
6.046267775827423065e+03 3.754034086186337600e+16
6.046601344611261084e+03 3.754591648108108800e+16
6.046934913395097283e+03 3.755153564310006400e+16
6.047268482178934391e+03 3.755719822222608800e+16
6.047602050962770591e+03 3.756290409121034400e+16
6.047935619746608609e+03 3.756865312124736800e+16
6.048269188530444808e+03 3.757444518197260800e+16
6.048602757314281916e+03 3.758028014146045600e+16
6.048936326098119025e+03 3.758615786622198400e+16
6.049269894881956134e+03 3.759207822120281600e+16
6.049603463665792333e+03 3.759804106978112000e+16
6.049937032449630351e+03 3.760404627376556800e+16
6.050270601233466550e+03 3.761009369339324800e+16
6.050604170017302749e+03 3.761618318732783200e+16
6.050937738801139858e+03 3.762231461265768000e+16
6.051271307584976967e+03 3.762848782489386400e+16
6.051604876368814075e+03 3.763470267796849600e+16
6.051938445152650274e+03 3.764095902423288000e+16
6.052272013936488293e+03 3.764725671445596000e+16
6.052605582720324492e+03 3.765359559782242400e+16
6.052939151504161600e+03 3.765997552193144000e+16
6.053272720287998709e+03 3.766639633279496000e+16
6.053606289071835818e+03 3.767285787483621600e+16
6.053939857855672017e+03 3.767935999088851200e+16
6.054273426639508216e+03 3.768590252219372800e+16
6.054606995423346234e+03 3.769248530840119200e+16
6.054940564207182433e+03 3.769910818756646400e+16
6.055274132991019542e+03 3.770577099615018400e+16
6.055607701774856650e+03 3.771247356901715200e+16
6.055941270558693759e+03 3.771921573943524000e+16
6.056274839342529958e+03 3.772599733907467200e+16
6.056608408126367976e+03 3.773281819800712800e+16
6.056941976910204176e+03 3.773967814470517600e+16
6.057275545694040375e+03 3.774657700604148000e+16
6.057609114477877483e+03 3.775351460728841600e+16
6.057942683261714592e+03 3.776049077211770400e+16
6.058276252045551701e+03 3.776750532259984800e+16
6.058609820829387900e+03 3.777455807920420000e+16
6.058943389613225918e+03 3.778164886079856800e+16
6.059276958397062117e+03 3.778877748464938400e+16
6.059610527180899226e+03 3.779594376642158400e+16
6.059944095964736334e+03 3.780314752017903200e+16
6.060277664748573443e+03 3.781038855838457600e+16
6.060611233532409642e+03 3.781766669190055200e+16
6.060944802316245841e+03 3.782498172998945600e+16
6.061278371100083859e+03 3.783233348031423200e+16
6.061611939883920058e+03 3.783972174893932000e+16
6.061945508667757167e+03 3.784714634033141600e+16
6.062279077451594276e+03 3.785460705736051200e+16
6.062612646235431384e+03 3.786210370130092800e+16
6.062946215019267584e+03 3.786963607183265600e+16
6.063279783803105602e+03 3.787720396704280000e+16
6.063613352586941801e+03 3.788480718342687200e+16
6.063946921370778909e+03 3.789244551589065600e+16
6.064280490154615109e+03 3.790011875775197600e+16
6.064614058938453127e+03 3.790782670074248800e+16
6.064947627722289326e+03 3.791556913500990400e+16
6.065281196506125525e+03 3.792334584912006400e+16
6.065614765289963543e+03 3.793115663005957600e+16
6.065948334073799742e+03 3.793900126323795200e+16
6.066281902857636851e+03 3.794687953249061600e+16
6.066615471641473960e+03 3.795479122008153600e+16
6.066949040425311068e+03 3.796273610670624800e+16
6.067282609209147267e+03 3.797071397149507200e+16
6.067616177992984376e+03 3.797872459201628800e+16
6.067949746776821485e+03 3.798676774427979200e+16
6.068283315560658593e+03 3.799484320274046400e+16
6.068616884344494792e+03 3.800295074030225600e+16
6.068950453128332811e+03 3.801109012832200000e+16
6.069284021912169010e+03 3.801926113661358400e+16
6.069617590696005209e+03 3.802746353345232800e+16
6.069951159479843227e+03 3.803569708557943200e+16
6.070284728263679426e+03 3.804396155820671200e+16
6.070618297047516535e+03 3.805225671502142400e+16
6.070951865831352734e+03 3.806058231819144000e+16
6.071285434615190752e+03 3.806893812837025600e+16
6.071619003399026951e+03 3.807732390470267200e+16
6.071952572182864060e+03 3.808573940483028000e+16
6.072286140966701169e+03 3.809418438489729600e+16
6.072619709750538277e+03 3.810265859955662400e+16
6.072953278534374476e+03 3.811116180197606400e+16
6.073286847318212494e+03 3.811969374384468800e+16
6.073620416102048694e+03 3.812825417537945600e+16
6.073953984885884893e+03 3.813684284533212800e+16
6.074287553669722001e+03 3.814545950099619200e+16
6.074621122453559110e+03 3.815410388821419200e+16
6.074954691237396219e+03 3.816277575138507200e+16
6.075288260021232418e+03 3.817147483347194400e+16
6.075621828805070436e+03 3.818020087601001600e+16
6.075955397588906635e+03 3.818895361911444000e+16
6.076288966372743744e+03 3.819773280148895200e+16
6.076622535156580852e+03 3.820653816043417600e+16
6.076956103940417961e+03 3.821536943185652800e+16
6.077289672724254160e+03 3.822422635027710400e+16
6.077623241508090359e+03 3.823310864884097600e+16
6.077956810291928377e+03 3.824201605932664000e+16
6.078290379075764577e+03 3.825094831215548800e+16
6.078623947859601685e+03 3.825990513640204800e+16
6.078957516643438794e+03 3.826888625980389600e+16
6.079291085427275902e+03 3.827789140877208000e+16
6.079624654211112102e+03 3.828692030840172800e+16
6.079958222994950120e+03 3.829597268248296000e+16
6.080291791778786319e+03 3.830504825351192000e+16
6.080625360562622518e+03 3.831414674270206400e+16
6.080958929346459627e+03 3.832326786999588800e+16
6.081292498130296735e+03 3.833241135407659200e+16
6.081626066914133844e+03 3.834157691238025600e+16
6.081959635697970043e+03 3.835076426110810400e+16
6.082293204481808061e+03 3.835997311523908800e+16
6.082626773265644260e+03 3.836920318854257600e+16
6.082960342049481369e+03 3.837845419359171200e+16
6.083293910833318478e+03 3.838772584177648000e+16
6.083627479617155586e+03 3.839701784331728000e+16
6.083961048400991785e+03 3.840632990727892000e+16
6.084294617184827985e+03 3.841566174158452800e+16
6.084628185968666003e+03 3.842501305303003200e+16
6.084961754752502202e+03 3.843438354729857600e+16
6.085295323536339311e+03 3.844377292897556000e+16
6.085628892320176419e+03 3.845318090156366400e+16
6.085962461104013528e+03 3.846260716749812800e+16
6.086296029887849727e+03 3.847205142816264000e+16
6.086629598671687745e+03 3.848151338390489600e+16
6.086963167455523944e+03 3.849099273405305600e+16
6.087296736239361053e+03 3.850048917693194400e+16
6.087630305023197252e+03 3.851000240987985600e+16
6.087963873807035270e+03 3.851953212926544800e+16
6.088297442590871469e+03 3.852907803050493600e+16
6.088631011374707668e+03 3.853863980807956000e+16
6.088964580158545687e+03 3.854821715555337600e+16
6.089298148942381886e+03 3.855780976559117600e+16
6.089631717726218994e+03 3.856741732997677600e+16
6.089965286510056103e+03 3.857703953963159200e+16
6.090298855293893212e+03 3.858667608463328000e+16
6.090632424077729411e+03 3.859632665423499200e+16
6.090965992861566519e+03 3.860599093688452800e+16
6.091299561645403628e+03 3.861566862024396800e+16
6.091633130429240737e+03 3.862535939120945600e+16
6.091966699213076936e+03 3.863506293593148800e+16
6.092300267996914954e+03 3.864477893983508000e+16
6.092633836780751153e+03 3.865450708764037600e+16
6.092967405564587352e+03 3.866424706338379200e+16
6.093300974348425370e+03 3.867399855043882400e+16
6.093634543132261570e+03 3.868376123153774400e+16
6.093968111916098678e+03 3.869353478879305600e+16
6.094301680699934877e+03 3.870331890371950400e+16
6.094635249483772895e+03 3.871311325725636000e+16
6.094968818267609095e+03 3.872291752978957600e+16
6.095302387051446203e+03 3.873273140117476800e+16
6.095635955835283312e+03 3.874255455075995200e+16
6.095969524619120421e+03 3.875238665740888000e+16
6.096303093402956620e+03 3.876222739952435200e+16
6.096636662186794638e+03 3.877207645507198400e+16
6.096970230970630837e+03 3.878193350160416000e+16
6.097303799754467036e+03 3.879179821628414400e+16
6.097637368538304145e+03 3.880167027591055200e+16
6.097970937322141253e+03 3.881154935694205600e+16
6.098304506105978362e+03 3.882143513552223200e+16
6.098638074889814561e+03 3.883132728750469600e+16
6.098971643673652579e+03 3.884122548847854400e+16
6.099305212457488778e+03 3.885112941379392000e+16
6.099638781241325887e+03 3.886103873858790400e+16
6.099972350025162996e+03 3.887095313781057600e+16
6.100305918809000104e+03 3.888087228625122400e+16
6.100639487592836304e+03 3.889079585856507200e+16
6.100973056376672503e+03 3.890072352929988800e+16
6.101306625160510521e+03 3.891065497292286400e+16
6.101640193944346720e+03 3.892058986384807200e+16
6.101973762728183829e+03 3.893052787646353600e+16
6.102307331512020937e+03 3.894046868515920000e+16
6.102640900295858046e+03 3.895041196435432000e+16
6.102974469079694245e+03 3.896035738852588000e+16
6.103308037863532263e+03 3.897030463223657600e+16
6.103641606647368462e+03 3.898025337016326400e+16
6.103975175431204661e+03 3.899020327712564800e+16
6.104308744215041770e+03 3.900015402811503200e+16
6.104642312998878879e+03 3.901010529832332000e+16
6.104975881782715987e+03 3.902005676317213600e+16
6.105309450566552187e+03 3.903000809834228800e+16
6.105643019350390205e+03 3.903995897980320000e+16
6.105976588134226404e+03 3.904990908384267200e+16
6.106310156918063512e+03 3.905985808709670400e+16
6.106643725701900621e+03 3.906980566657957600e+16
6.106977294485737730e+03 3.907975149971400000e+16
6.107310863269573929e+03 3.908969526436153600e+16
6.107644432053410128e+03 3.909963663885304000e+16
6.107978000837248146e+03 3.910957530201929600e+16
6.108311569621084345e+03 3.911951093322185600e+16
6.108645138404921454e+03 3.912944321238398400e+16
6.108978707188758563e+03 3.913937182002164800e+16
6.109312275972595671e+03 3.914929643727480000e+16
6.109645844756431870e+03 3.915921674593859200e+16
6.109979413540269888e+03 3.916913242849500000e+16
6.110312982324106088e+03 3.917904316814406400e+16
6.110646551107943196e+03 3.918894864883592000e+16
6.110980119891779395e+03 3.919884855530230400e+16
6.111313688675617414e+03 3.920874257308842400e+16
6.111647257459453613e+03 3.921863038858516800e+16
6.111980826243289812e+03 3.922851168906076000e+16
6.112314395027127830e+03 3.923838616269332800e+16
6.112647963810964029e+03 3.924825349860268800e+16
6.112981532594801138e+03 3.925811338688298400e+16
6.113315101378638246e+03 3.926796551863479200e+16
6.113648670162475355e+03 3.927780958599764000e+16
6.113982238946311554e+03 3.928764528218244000e+16
6.114315807730148663e+03 3.929747230150403200e+16
6.114649376513985771e+03 3.930729033941374400e+16
6.114982945297822880e+03 3.931709909253188800e+16
6.115316514081659079e+03 3.932689825868054400e+16
6.115650082865497097e+03 3.933668753691610400e+16
6.115983651649333297e+03 3.934646662756193600e+16
6.116317220433169496e+03 3.935623523224116800e+16
6.116650789217007514e+03 3.936599305390934400e+16
6.116984358000843713e+03 3.937573979688700800e+16
6.117317926784680822e+03 3.938547516689256800e+16
6.117651495568517021e+03 3.939519887107488800e+16
6.117985064352355039e+03 3.940491061804595200e+16
6.118318633136191238e+03 3.941461011791348800e+16
6.118652201920028347e+03 3.942429708231361600e+16
6.118985770703865455e+03 3.943397122444339200e+16
6.119319339487702564e+03 3.944363225909331200e+16
6.119652908271538763e+03 3.945327990267988800e+16
6.119986477055376781e+03 3.946291387327796800e+16
6.120320045839212980e+03 3.947253389065305600e+16
6.120653614623049179e+03 3.948213967629374400e+16
6.120987183406886288e+03 3.949173095344382400e+16
6.121320752190723397e+03 3.950130744713441600e+16
6.121654320974560505e+03 3.951086888421602400e+16
6.121987889758396705e+03 3.952041499339045600e+16
6.122321458542234723e+03 3.952994550524270400e+16
6.122655027326070922e+03 3.953946015227256000e+16
6.122988596109908030e+03 3.954895866892640000e+16
6.123322164893745139e+03 3.955844079162848000e+16
6.123655733677581338e+03 3.956790625881240000e+16
6.123989302461418447e+03 3.957735481095231200e+16
6.124322871245254646e+03 3.958678619059385600e+16
6.124656440029092664e+03 3.959620014238532800e+16
6.124990008812928863e+03 3.960559641310812800e+16
6.125323577596765972e+03 3.961497475170763200e+16
6.125657146380603081e+03 3.962433490932347200e+16
6.125990715164440189e+03 3.963367663931971200e+16
6.126324283948276388e+03 3.964299969731501600e+16
6.126657852732114407e+03 3.965230384121249600e+16
6.126991421515950606e+03 3.966158883122932800e+16
6.127324990299786805e+03 3.967085442992616000e+16
6.127658559083623913e+03 3.968010040223654400e+16
6.127992127867461022e+03 3.968932651549563200e+16
6.128325696651298131e+03 3.969853253946936800e+16
6.128659265435134330e+03 3.970771824638263200e+16
6.128992834218972348e+03 3.971688341094784800e+16
6.129326403002808547e+03 3.972602781039292800e+16
6.129659971786645656e+03 3.973515122448916800e+16
6.129993540570482764e+03 3.974425343557867200e+16
6.130327109354319873e+03 3.975333422860171200e+16
6.130660678138156072e+03 3.976239339112380800e+16
6.130994246921992271e+03 3.977143071336231200e+16
6.131327815705830290e+03 3.978044598821300800e+16
6.131661384489666489e+03 3.978943901127611200e+16
6.131994953273503597e+03 3.979840958088219200e+16
6.132328522057340706e+03 3.980735749811779200e+16
6.132662090841177815e+03 3.981628256685048800e+16
6.132995659625014014e+03 3.982518459375400000e+16
6.133329228408852032e+03 3.983406338833257600e+16
6.133662797192688231e+03 3.984291876294544000e+16
6.133996365976525340e+03 3.985175053283057600e+16
6.134329934760361539e+03 3.986055851612838400e+16
6.134663503544199557e+03 3.986934253390488800e+16
6.134997072328035756e+03 3.987810241017456000e+16
6.135330641111871955e+03 3.988683797192295200e+16
6.135664209895709973e+03 3.989554904912870400e+16
6.135997778679546172e+03 3.990423547478547200e+16
6.136331347463383281e+03 3.991289708492312000e+16
6.136664916247220390e+03 3.992153371862902400e+16
6.136998485031057498e+03 3.993014521806841600e+16
6.137332053814893698e+03 3.993873142850476800e+16
6.137665622598730806e+03 3.994729219831966400e+16
6.137999191382567915e+03 3.995582737903212800e+16
6.138332760166405023e+03 3.996433682531774400e+16
6.138666328950241223e+03 3.997282039502713600e+16
6.138999897734079241e+03 3.998127794920434400e+16
6.139333466517915440e+03 3.998970935210447200e+16
6.139667035301751639e+03 3.999811447121104000e+16
6.140000604085589657e+03 4.000649317725297600e+16
6.140334172869425856e+03 4.001484534422096000e+16
6.140667741653262965e+03 4.002317084938358400e+16
6.141001310437099164e+03 4.003146957330288800e+16
6.141334879220937182e+03 4.003974139984953600e+16
6.141668448004773381e+03 4.004798621621742400e+16
6.142002016788610490e+03 4.005620391293798400e+16
6.142335585572447599e+03 4.006439438389398400e+16
6.142669154356284707e+03 4.007255752633266400e+16
6.143002723140120906e+03 4.008069324087889600e+16
6.143336291923958925e+03 4.008880143154721600e+16
6.143669860707795124e+03 4.009688200575387200e+16
6.144003429491631323e+03 4.010493487432831200e+16
6.144336998275468432e+03 4.011295995152400800e+16
6.144670567059305540e+03 4.012095715502894400e+16
6.145004135843142649e+03 4.012892640597560000e+16
6.145337704626978848e+03 4.013686762895044000e+16
6.145671273410816866e+03 4.014478075200284800e+16
6.146004842194653065e+03 4.015266570665369600e+16
6.146338410978490174e+03 4.016052242790331200e+16
6.146671979762327283e+03 4.016835085423904800e+16
6.147005548546163482e+03 4.017615092764208000e+16
6.147339117330000590e+03 4.018392259359420800e+16
6.147672686113836789e+03 4.019166580108363200e+16
6.148006254897674808e+03 4.019938050261049600e+16
6.148339823681511007e+03 4.020706665419198400e+16
6.148673392465348115e+03 4.021472421536662400e+16
6.149006961249185224e+03 4.022235314919848000e+16
6.149340530033022333e+03 4.022995342228032000e+16
6.149674098816858532e+03 4.023752500473696000e+16
6.150007667600695640e+03 4.024506787022732000e+16
6.150341236384532749e+03 4.025258199594659200e+16
6.150674805168368948e+03 4.026006736262760000e+16
6.151008373952206057e+03 4.026752395454168000e+16
6.151341942736043165e+03 4.027495175949916000e+16
6.151675511519880274e+03 4.028235076884905600e+16
6.152009080303716473e+03 4.028972097747868000e+16
6.152342649087554491e+03 4.029706238381232000e+16
6.152676217871390691e+03 4.030437498980964800e+16
6.153009786655227799e+03 4.031165880096355200e+16
6.153343355439063998e+03 4.031891382629742400e+16
6.153676924222902016e+03 4.032614007836212000e+16
6.154010493006738216e+03 4.033333757323193600e+16
6.154344061790574415e+03 4.034050633050087200e+16
6.154677630574412433e+03 4.034764637327742400e+16
6.155011199358248632e+03 4.035475772817976000e+16
6.155344768142085741e+03 4.036184042532974400e+16
6.155678336925922849e+03 4.036889449834690400e+16
6.156011905709759958e+03 4.037591998434153600e+16
6.156345474493596157e+03 4.038291692390758400e+16
6.156679043277433266e+03 4.038988536111495200e+16
6.157012612061270374e+03 4.039682534350117600e+16
6.157346180845107483e+03 4.040373692206280000e+16
6.157679749628943682e+03 4.041062015124614400e+16
6.158013318412781700e+03 4.041747508893765600e+16
6.158346887196617899e+03 4.042430179645372800e+16
6.158680455980454099e+03 4.043110033852998400e+16
6.159014024764292117e+03 4.043787078331033600e+16
6.159347593548128316e+03 4.044461320233508800e+16
6.159681162331965425e+03 4.045132767052915200e+16
6.160014731115801624e+03 4.045801426618932000e+16
6.160348299899639642e+03 4.046467307097132800e+16
6.160681868683475841e+03 4.047130416987631200e+16
6.161015437467312950e+03 4.047790765123696000e+16
6.161349006251150058e+03 4.048448360670305600e+16
6.161682575034987167e+03 4.049103213122667200e+16
6.162016143818823366e+03 4.049755332304692800e+16
6.162349712602661384e+03 4.050404728367409600e+16
6.162683281386497583e+03 4.051051411787361600e+16
6.163016850170333782e+03 4.051695393364940000e+16
6.163350418954170891e+03 4.052336684222679200e+16
6.163683987738008000e+03 4.052975295803522400e+16
6.164017556521845108e+03 4.053611239869004000e+16
6.164351125305681308e+03 4.054244528497460800e+16
6.164684694089519326e+03 4.054875174082125600e+16
6.165018262873355525e+03 4.055503189329241600e+16
6.165351831657192633e+03 4.056128587256088000e+16
6.165685400441029742e+03 4.056751381189001600e+16
6.166018969224866851e+03 4.057371584761352000e+16
6.166352538008703050e+03 4.057989211911452000e+16
6.166686106792539249e+03 4.058604276880474400e+16
6.167019675576377267e+03 4.059216794210288000e+16
6.167353244360213466e+03 4.059826778741288000e+16
6.167686813144050575e+03 4.060434245610171200e+16
6.168020381927887684e+03 4.061039210247683200e+16
6.168353950711724792e+03 4.061641688376328000e+16
6.168687519495560991e+03 4.062241696008047200e+16
6.169021088279399009e+03 4.062839249441873600e+16
6.169354657063235209e+03 4.063434365261496800e+16
6.169688225847072317e+03 4.064027060332899200e+16
6.170021794630908516e+03 4.064617351801847200e+16
6.170355363414745625e+03 4.065205257091436800e+16
6.170688932198582734e+03 4.065790793899549600e+16
6.171022500982418933e+03 4.066373980196320000e+16
6.171356069766256951e+03 4.066954834221555200e+16
6.171689638550093150e+03 4.067533374482100800e+16
6.172023207333930259e+03 4.068109619749246400e+16
6.172356776117767367e+03 4.068683589056020800e+16
6.172690344901604476e+03 4.069255301694516800e+16
6.173023913685440675e+03 4.069824777213172800e+16
6.173357482469277784e+03 4.070392035414022400e+16
6.173691051253114892e+03 4.070957096349928800e+16
6.174024620036951092e+03 4.071519980321778400e+16
6.174358188820788200e+03 4.072080707875680000e+16
6.174691757604625309e+03 4.072639299800104000e+16
6.175025326388462418e+03 4.073195777123028800e+16
6.175358895172298617e+03 4.073750161109051200e+16
6.175692463956136635e+03 4.074302473256475200e+16
6.176026032739972834e+03 4.074852735294385600e+16
6.176359601523809943e+03 4.075400969179696000e+16
6.176693170307646142e+03 4.075947197094188800e+16
6.177026739091484160e+03 4.076491441441521600e+16
6.177360307875320359e+03 4.077033724844222400e+16
6.177693876659156558e+03 4.077574070140669600e+16
6.178027445442994576e+03 4.078112500382056800e+16
6.178361014226830775e+03 4.078649038829331200e+16
6.178694583010667884e+03 4.079183708950136000e+16
6.179028151794504993e+03 4.079716534415715200e+16
6.179361720578342101e+03 4.080247539097820800e+16
6.179695289362178301e+03 4.080776747065608000e+16
6.180028858146015409e+03 4.081304182582496000e+16
6.180362426929852518e+03 4.081829870103059200e+16
6.180695995713689626e+03 4.082353834269850400e+16
6.181029564497525826e+03 4.082876099910272000e+16
6.181363133281363844e+03 4.083396692033395200e+16
6.181696702065200043e+03 4.083915635826780800e+16
6.182030270849036242e+03 4.084432956653316000e+16
6.182363839632874260e+03 4.084948680048004800e+16
6.182697408416710459e+03 4.085462831714772800e+16
6.183030977200547568e+03 4.085975437523271200e+16
6.183364545984383767e+03 4.086486523505654400e+16
6.183698114768221785e+03 4.086996115853383200e+16
6.184031683552057984e+03 4.087504240913976800e+16
6.184365252335895093e+03 4.088010925187814400e+16
6.184698821119732202e+03 4.088516195324900800e+16
6.185032389903569310e+03 4.089020078121630400e+16
6.185365958687405509e+03 4.089522600517564800e+16
6.185699527471243528e+03 4.090023789592196000e+16
6.186033096255079727e+03 4.090523672561710400e+16
6.186366665038915926e+03 4.091022276775760000e+16
6.186700233822753034e+03 4.091519629714236800e+16
6.187033802606590143e+03 4.092015758984024000e+16
6.187367371390427252e+03 4.092510692315783200e+16
6.187700940174263451e+03 4.093004457560710400e+16
6.188034508958101469e+03 4.093497082687336000e+16
6.188368077741937668e+03 4.093988595778276000e+16
6.188701646525774777e+03 4.094479025027038400e+16
6.189035215309611885e+03 4.094968398734800800e+16
6.189368784093448994e+03 4.095456745307200000e+16
6.189702352877285193e+03 4.095944093251152000e+16
6.190035921661121392e+03 4.096430471171626400e+16
6.190369490444959411e+03 4.096915907768489600e+16
6.190703059228795610e+03 4.097400431833300000e+16
6.191036628012632718e+03 4.097884072246163200e+16
6.191370196796469827e+03 4.098366857972541600e+16
6.191703765580306936e+03 4.098848818060120800e+16
6.192037334364143135e+03 4.099329981635651200e+16
6.192370903147981153e+03 4.099810377901828800e+16
6.192704471931817352e+03 4.100290036134156800e+16
6.193038040715654461e+03 4.100768985677844800e+16
6.193371609499490660e+03 4.101247255944704000e+16
6.193705178283327768e+03 4.101724876410050400e+16
6.194038747067164877e+03 4.102201876609638400e+16
6.194372315851001076e+03 4.102678286136604000e+16
6.194705884634839094e+03 4.103154134638396800e+16
6.195039453418675294e+03 4.103629451813756800e+16
6.195373022202512402e+03 4.104104267409690400e+16
6.195706590986349511e+03 4.104578611218465600e+16
6.196040159770186619e+03 4.105052513074612000e+16
6.196373728554022819e+03 4.105526002851957600e+16
6.196707297337859927e+03 4.105999110460660800e+16
6.197040866121697036e+03 4.106471865844265600e+16
6.197374434905533235e+03 4.106944298976780000e+16
6.197708003689370344e+03 4.107416439859768000e+16
6.198041572473207452e+03 4.107888318519455200e+16
6.198375141257044561e+03 4.108359965003842400e+16
6.198708710040880760e+03 4.108831409379878400e+16
6.199042278824718778e+03 4.109302681730591200e+16
6.199375847608554977e+03 4.109773812152297600e+16
6.199709416392392086e+03 4.110244830751783200e+16
6.200042985176228285e+03 4.110715767643532000e+16
6.200376553960066303e+03 4.111186652946976000e+16
6.200710122743902502e+03 4.111657516783736000e+16
6.201043691527738702e+03 4.112128389274918400e+16
6.201377260311576720e+03 4.112599300538415200e+16
6.201710829095412919e+03 4.113070280686224000e+16
6.202044397879250027e+03 4.113541359821796800e+16
6.202377966663087136e+03 4.114012568037400000e+16
6.202711535446924245e+03 4.114483935411508800e+16
6.203045104230760444e+03 4.114955492006215200e+16
6.203378673014597553e+03 4.115427267864668800e+16
6.203712241798434661e+03 4.115899293008512800e+16
6.204045810582271770e+03 4.116371597435380000e+16
6.204379379366107969e+03 4.116844211116395200e+16
6.204712948149945987e+03 4.117317163993681600e+16
6.205046516933782186e+03 4.117790485977926400e+16
6.205380085717618385e+03 4.118264206945945600e+16
6.205713654501456404e+03 4.118738356738288000e+16
6.206047223285292603e+03 4.119212965156830400e+16
6.206380792069129711e+03 4.119688061962456000e+16
6.206714360852965910e+03 4.120163676872691200e+16
6.207047929636803929e+03 4.120639839559416000e+16
6.207381498420640128e+03 4.121116579646576000e+16
6.207715067204477236e+03 4.121593926707924800e+16
6.208048635988314345e+03 4.122071910264790400e+16
6.208382204772151454e+03 4.122550559783859200e+16
6.208715773555987653e+03 4.123029904675011200e+16
6.209049342339825671e+03 4.123509974289139200e+16
6.209382911123661870e+03 4.123990797916033600e+16
6.209716479907498069e+03 4.124472404782262400e+16
6.210050048691335178e+03 4.124954824049097600e+16
6.210383617475172287e+03 4.125438084810460000e+16
6.210717186259009395e+03 4.125922216090871200e+16
6.211050755042845594e+03 4.126407246843476800e+16
6.211384323826683612e+03 4.126893205948034400e+16
6.211717892610519812e+03 4.127380122208985600e+16
6.212051461394356920e+03 4.127868024353511200e+16
6.212385030178194029e+03 4.128356941029642400e+16
6.212718598962031137e+03 4.128846900804369600e+16
6.213052167745867337e+03 4.129337932161799200e+16
6.213385736529703536e+03 4.129830063501334400e+16
6.213719305313541554e+03 4.130323323135864000e+16
6.214052874097377753e+03 4.130817739289995200e+16
6.214386442881214862e+03 4.131313340098305600e+16
6.214720011665051970e+03 4.131810153603624000e+16
6.215053580448889079e+03 4.132308207755328000e+16
6.215387149232725278e+03 4.132807530407676800e+16
6.215720718016563296e+03 4.133308149318177600e+16
6.216054286800399495e+03 4.133810092145940000e+16
6.216387855584236604e+03 4.134313386450116800e+16
6.216721424368072803e+03 4.134818059688305600e+16
6.217054993151909912e+03 4.135324139215032000e+16
6.217388561935747020e+03 4.135831652280210400e+16
6.217722130719583220e+03 4.136340626027670400e+16
6.218055699503421238e+03 4.136851087493686400e+16
6.218389268287257437e+03 4.137363063605526400e+16
6.218722837071094546e+03 4.137876581180056000e+16
6.219056405854931654e+03 4.138391666922326400e+16
6.219389974638768763e+03 4.138908347424227200e+16
6.219723543422604962e+03 4.139426649163133600e+16
6.220057112206442071e+03 4.139946598500595200e+16
6.220390680990279179e+03 4.140468221681051200e+16
6.220724249774115378e+03 4.140991544830547200e+16
6.221057818557952487e+03 4.141516593955513600e+16
6.221391387341789596e+03 4.142043394941525600e+16
6.221724956125626704e+03 4.142571973552132800e+16
6.222058524909462903e+03 4.143102355427665600e+16
6.222392093693300922e+03 4.143634566084113600e+16
6.222725662477137121e+03 4.144168630911977600e+16
6.223059231260974229e+03 4.144704575175195200e+16
6.223392800044810429e+03 4.145242424010051200e+16
6.223726368828648447e+03 4.145782202424132800e+16
6.224059937612484646e+03 4.146323935295296800e+16
6.224393506396320845e+03 4.146867647370660800e+16
6.224727075180158863e+03 4.147413363265633600e+16
6.225060643963995062e+03 4.147961107462936000e+16
6.225394212747832171e+03 4.148510904311683200e+16
6.225727781531669280e+03 4.149062778026464800e+16
6.226061350315506388e+03 4.149616752686426400e+16
6.226394919099342587e+03 4.150172852234444000e+16
6.226728487883179696e+03 4.150731100476235200e+16
6.227062056667016805e+03 4.151291521079552000e+16
6.227395625450853913e+03 4.151854137573366400e+16
6.227729194234690112e+03 4.152418973347089600e+16
6.228062763018528130e+03 4.152986051649808000e+16
6.228396331802364330e+03 4.153555395589532000e+16
6.228729900586200529e+03 4.154127028132494400e+16
6.229063469370038547e+03 4.154700972102417600e+16
6.229397038153874746e+03 4.155277250179857600e+16
6.229730606937711855e+03 4.155855884901528800e+16
6.230064175721548054e+03 4.156436898659671200e+16
6.230397744505386072e+03 4.157020313701420800e+16
6.230731313289222271e+03 4.157606152128206400e+16
6.231064882073059380e+03 4.158194435895172000e+16
6.231398450856896488e+03 4.158785186810610400e+16
6.231732019640733597e+03 4.159378426535409600e+16
6.232065588424569796e+03 4.159974176582537600e+16
6.232399157208407814e+03 4.160572458316525600e+16
6.232732725992244013e+03 4.161173292952983200e+16
6.233066294776080213e+03 4.161776701558108800e+16
6.233399863559917321e+03 4.162382705048264000e+16
6.233733432343754430e+03 4.162991324189508000e+16
6.234067001127591539e+03 4.163602579597190400e+16
6.234400569911427738e+03 4.164216491735542400e+16
6.234734138695265756e+03 4.164833080917303200e+16
6.235067707479101955e+03 4.165452367303325600e+16
6.235401276262939064e+03 4.166074370902243200e+16
6.235734845046776172e+03 4.166699111570129600e+16
6.236068413830613281e+03 4.167326609010159200e+16
6.236401982614449480e+03 4.167956882772328000e+16
6.236735551398285679e+03 4.168589952253141600e+16
6.237069120182123697e+03 4.169225836695348800e+16
6.237402688965959896e+03 4.169864555187678400e+16
6.237736257749797005e+03 4.170506126664587200e+16
6.238069826533634114e+03 4.171150569906049600e+16
6.238403395317471222e+03 4.171797903537305600e+16
6.238736964101307422e+03 4.172448146028697600e+16
6.239070532885145440e+03 4.173101315695445600e+16
6.239404101668981639e+03 4.173757430697491200e+16
6.239737670452818747e+03 4.174416509039332800e+16
6.240071239236654947e+03 4.175078568569864800e+16
6.240404808020492055e+03 4.175743626982264000e+16
6.240738376804329164e+03 4.176411701813826400e+16
6.241071945588165363e+03 4.177082810445904800e+16
6.241405514372003381e+03 4.177756970103769600e+16
6.241739083155839580e+03 4.178434197856537600e+16
6.242072651939676689e+03 4.179114510617092800e+16
6.242406220723513798e+03 4.179797925142028800e+16
6.242739789507350906e+03 4.180484458031579200e+16
6.243073358291187105e+03 4.181174125729588800e+16
6.243406927075024214e+03 4.181866944523481600e+16
6.243740495858861323e+03 4.182562930544235200e+16
6.244074064642697522e+03 4.183262099766367200e+16
6.244407633426534630e+03 4.183964468007936000e+16
6.244741202210371739e+03 4.184670050930561600e+16
6.245074770994208848e+03 4.185378864039423200e+16
6.245408339778045047e+03 4.186090922683302400e+16
6.245741908561883065e+03 4.186806242054620000e+16
6.246075477345719264e+03 4.187524837189465600e+16
6.246409046129556373e+03 4.188246722967681600e+16
6.246742614913392572e+03 4.188971914112894400e+16
6.247076183697230590e+03 4.189700425192612800e+16
6.247409752481066789e+03 4.190432270618284000e+16
6.247743321264902988e+03 4.191167464645400800e+16
6.248076890048741006e+03 4.191906021373581600e+16
6.248410458832577206e+03 4.192647954746683200e+16
6.248744027616414314e+03 4.193393278552902400e+16
6.249077596400251423e+03 4.194142006424897600e+16
6.249411165184088532e+03 4.194894151839907200e+16
6.249744733967924731e+03 4.195649728119880000e+16
6.250078302751761839e+03 4.196408748431620800e+16
6.250411871535598948e+03 4.197171225786914400e+16
6.250745440319436057e+03 4.197937173042680000e+16
6.251079009103272256e+03 4.198706602901139200e+16
6.251412577887110274e+03 4.199479527909948800e+16
6.251746146670946473e+03 4.200255960462384800e+16
6.252079715454782672e+03 4.201035912797502400e+16
6.252413284238620690e+03 4.201819397000315200e+16
6.252746853022456889e+03 4.202606425001966400e+16
6.253080421806293998e+03 4.203397008579919200e+16
6.253413990590130197e+03 4.204191159358132800e+16
6.253747559373968215e+03 4.204988888807268800e+16
6.254081128157804415e+03 4.205790208244872000e+16
6.254414696941641523e+03 4.206595128835574400e+16
6.254748265725478632e+03 4.207403661591305600e+16
6.255081834509315740e+03 4.208215817371473600e+16
6.255415403293151940e+03 4.209031606883201600e+16
6.255748972076989958e+03 4.209851040681520000e+16
6.256082540860826157e+03 4.210674129169588000e+16
6.256416109644662356e+03 4.211500882598904800e+16
6.256749678428499465e+03 4.212331311069527200e+16
6.257083247212336573e+03 4.213165424530302400e+16
6.257416815996173682e+03 4.214003232779069600e+16
6.257750384780009881e+03 4.214844745462900800e+16
6.258083953563847899e+03 4.215689972078323200e+16
6.258417522347684098e+03 4.216538921971536000e+16
6.258751091131521207e+03 4.217391604338649600e+16
6.259084659915358316e+03 4.218248028225910400e+16
6.259418228699195424e+03 4.219108202529930400e+16
6.259751797483031623e+03 4.219972135997920000e+16
6.260085366266867823e+03 4.220839837227913600e+16
6.260418935050705841e+03 4.221711314669006400e+16
6.260752503834542040e+03 4.222586576621586400e+16
6.261086072618379148e+03 4.223465631237562400e+16
6.261419641402216257e+03 4.224348486520585600e+16
6.261753210186053366e+03 4.225235150326310400e+16
6.262086778969889565e+03 4.226125630362588000e+16
6.262420347753727583e+03 4.227019934189728000e+16
6.262753916537563782e+03 4.227918069220697600e+16
6.263087485321400891e+03 4.228820042721380800e+16
6.263421054105237090e+03 4.229725861810774400e+16
6.263754622889074199e+03 4.230635533461238400e+16
6.264088191672911307e+03 4.231549064498705600e+16
6.264421760456747506e+03 4.232466461602909600e+16
6.264755329240585525e+03 4.233387731307609600e+16
6.265088898024421724e+03 4.234312880000788800e+16
6.265422466808258832e+03 4.235241913924904000e+16
6.265756035592095941e+03 4.236174839177068000e+16
6.266089604375933050e+03 4.237111661709288000e+16
6.266423173159769249e+03 4.238052387328660000e+16
6.266756741943606357e+03 4.238997021697572800e+16
6.267090310727443466e+03 4.239945570333934400e+16
6.267423879511279665e+03 4.240898038611338400e+16
6.267757448295116774e+03 4.241854431759305600e+16
6.268091017078953882e+03 4.242814754863440800e+16
6.268424585862790991e+03 4.243779012865650400e+16
6.268758154646627190e+03 4.244747210564316800e+16
6.269091723430465208e+03 4.245719352614491200e+16
6.269425292214301408e+03 4.246695443528073600e+16
6.269758860998138516e+03 4.247675487673992800e+16
6.270092429781974715e+03 4.248659489278369600e+16
6.270425998565812733e+03 4.249647452424708800e+16
6.270759567349648933e+03 4.250639381054040000e+16
6.271093136133485132e+03 4.251635278965096000e+16
6.271426704917323150e+03 4.252635149814463200e+16
6.271760273701159349e+03 4.253638997116740800e+16
6.272093842484996458e+03 4.254646824244672000e+16
6.272427411268833566e+03 4.255658634429324800e+16
6.272760980052670675e+03 4.256674430760175200e+16
6.273094548836506874e+03 4.257694216185300800e+16
6.273428117620343983e+03 4.258717993511460800e+16
6.273761686404181091e+03 4.259745765404248800e+16
6.274095255188018200e+03 4.260777534388203200e+16
6.274428823971854399e+03 4.261813302846915200e+16
6.274762392755692417e+03 4.262853073023145600e+16
6.275095961539528616e+03 4.263896847018917600e+16
6.275429530323364816e+03 4.264944626795625600e+16
6.275763099107202834e+03 4.265996414174113600e+16
6.276096667891039033e+03 4.267052210834766400e+16
6.276430236674876141e+03 4.268112018317588800e+16
6.276763805458712341e+03 4.269175838022286400e+16
6.277097374242550359e+03 4.270243671208312800e+16
6.277430943026386558e+03 4.271315518994948800e+16
6.277764511810223667e+03 4.272391382361355200e+16
6.278098080594060775e+03 4.273471262146610400e+16
6.278431649377897884e+03 4.274555159049768000e+16
6.278765218161734083e+03 4.275643073629880000e+16
6.279098786945572101e+03 4.276735006306031200e+16
6.279432355729408300e+03 4.277830957357364000e+16
6.279765924513244499e+03 4.278930926923089600e+16
6.280099493297081608e+03 4.280034915002499200e+16
6.280433062080918717e+03 4.281142921454970400e+16
6.280766630864755825e+03 4.282254945999951200e+16
6.281100199648592024e+03 4.283370988216968000e+16
6.281433768432430043e+03 4.284491047545580800e+16
6.281767337216266242e+03 4.285615123285384800e+16
6.282100906000103350e+03 4.286743214595954400e+16
6.282434474783940459e+03 4.287875320496826400e+16
6.282768043567777568e+03 4.289011439867418400e+16
6.283101612351613767e+03 4.290151571447026400e+16
6.283435181135449966e+03 4.291295713834701600e+16
6.283768749919287984e+03 4.292443865489232800e+16
6.284102318703124183e+03 4.293596024729036000e+16
6.284435887486961292e+03 4.294752189732087200e+16
6.284769456270798401e+03 4.295912358535828800e+16
6.285103025054635509e+03 4.297076529037054400e+16
6.285436593838471708e+03 4.298244698991827200e+16
6.285770162622309726e+03 4.299416866015344000e+16
6.286103731406145926e+03 4.300593027581818400e+16
6.286437300189983034e+03 4.301773181024356800e+16
6.286770868973819233e+03 4.302957323534804800e+16
6.287104437757656342e+03 4.304145452163625600e+16
6.287438006541493451e+03 4.305337563819711200e+16
6.287771575325329650e+03 4.306533655270254400e+16
6.288105144109167668e+03 4.307733723140563200e+16
6.288438712893003867e+03 4.308937763913873600e+16
6.288772281676840976e+03 4.310145773931177600e+16
6.289105850460678084e+03 4.311357749391028000e+16
6.289439419244515193e+03 4.312573686349326400e+16
6.289772988028351392e+03 4.313793580719118400e+16
6.290106556812188501e+03 4.315017428270381600e+16
6.290440125596025609e+03 4.316245224629790400e+16
6.290773694379861809e+03 4.317476965280477600e+16
6.291107263163698917e+03 4.318712645561796000e+16
6.291440831947536026e+03 4.319952260669078400e+16
6.291774400731373134e+03 4.321195805653363200e+16
6.292107969515209334e+03 4.322443275421120800e+16
6.292441538299047352e+03 4.323694664734008800e+16
6.292775107082883551e+03 4.324949968208544800e+16
6.293108675866720660e+03 4.326209180315852800e+16
6.293442244650556859e+03 4.327472295381339200e+16
6.293775813434394877e+03 4.328739307584400000e+16
6.294109382218231076e+03 4.330010210958083200e+16
6.294442951002067275e+03 4.331284999388777600e+16
6.294776519785905293e+03 4.332563666615887200e+16
6.295110088569741492e+03 4.333846206231472000e+16
6.295443657353578601e+03 4.335132611679906400e+16
6.295777226137415710e+03 4.336422876257524800e+16
6.296110794921252818e+03 4.337716993112250400e+16
6.296444363705089017e+03 4.339014955243219200e+16
6.296777932488926126e+03 4.340316755500396800e+16
6.297111501272763235e+03 4.341622386584210400e+16
6.297445070056600343e+03 4.342931841045108000e+16
6.297778638840436543e+03 4.344245111283190400e+16
6.298112207624274561e+03 4.345562189547779200e+16
6.298445776408110760e+03 4.346883067936987200e+16
6.298779345191946959e+03 4.348207738397308800e+16
6.299112913975784977e+03 4.349536192723168000e+16
6.299446482759621176e+03 4.350868422556460000e+16
6.299780051543458285e+03 4.352204419386124000e+16
6.300113620327294484e+03 4.353544174547665600e+16
6.300447189111132502e+03 4.354887679222682400e+16
6.300780757894968701e+03 4.356234924438395200e+16
6.301114326678805810e+03 4.357585901067158400e+16
6.301447895462642919e+03 4.358940599825973600e+16
6.301781464246480027e+03 4.360299011275971200e+16
6.302115033030316226e+03 4.361661125821924000e+16
6.302448601814154244e+03 4.363026933711724800e+16
6.302782170597990444e+03 4.364396425035840800e+16
6.303115739381826643e+03 4.365769589726828000e+16
6.303449308165663751e+03 4.367146417558742400e+16
6.303782876949500860e+03 4.368526898146645600e+16
6.304116445733337969e+03 4.369911020946001600e+16
6.304450014517174168e+03 4.371298775252156800e+16
6.304783583301012186e+03 4.372690150199763200e+16
6.305117152084848385e+03 4.374085134762184000e+16
6.305450720868685494e+03 4.375483717750947200e+16
6.305784289652522602e+03 4.376885887815132800e+16
6.306117858436359711e+03 4.378291633440787200e+16
6.306451427220195910e+03 4.379700942950330400e+16
6.306784996004032109e+03 4.381113804501932000e+16
6.307118564787870127e+03 4.382530206088915200e+16
6.307452133571706327e+03 4.383950135539123200e+16
6.307785702355543435e+03 4.385373580514300000e+16
6.308119271139380544e+03 4.386800528509460800e+16
6.308452839923217653e+03 4.388230966852245600e+16
6.308786408707053852e+03 4.389664882702273600e+16
6.309119977490891870e+03 4.391102263050515200e+16
6.309453546274728069e+03 4.392543094718593600e+16
6.309787115058565178e+03 4.393987364358171200e+16
6.310120683842401377e+03 4.395435058450245600e+16
6.310454252626238485e+03 4.396886163304494400e+16
6.310787821410075594e+03 4.398340665058590400e+16
6.311121390193911793e+03 4.399798549677524800e+16
6.311454958977749811e+03 4.401259802952921600e+16
6.311788527761586010e+03 4.402724410502315200e+16
6.312122096545423119e+03 4.404192357768502400e+16
6.312455665329260228e+03 4.405663630018798400e+16
6.312789234113097336e+03 4.407138212344345600e+16
6.313122802896933536e+03 4.408616089659401600e+16
6.313456371680770644e+03 4.410097246700616000e+16
6.313789940464607753e+03 4.411581668026332800e+16
6.314123509248443952e+03 4.413069338015829600e+16
6.314457078032281061e+03 4.414560240868627200e+16
6.314790646816118169e+03 4.416054360603732800e+16
6.315124215599955278e+03 4.417551681058915200e+16
6.315457784383791477e+03 4.419052185889969600e+16
6.315791353167629495e+03 4.420555858569966400e+16
6.316124921951465694e+03 4.422062682388520000e+16
6.316458490735302803e+03 4.423572640451024000e+16
6.316792059519139002e+03 4.425085715677926400e+16
6.317125628302977020e+03 4.426601890803951200e+16
6.317459197086813219e+03 4.428121148377360000e+16
6.317792765870649419e+03 4.429643470759192800e+16
6.318126334654487437e+03 4.431168840122500000e+16
6.318459903438323636e+03 4.432697238451602400e+16
6.318793472222160744e+03 4.434228647541304800e+16
6.319127041005997853e+03 4.435763048996156800e+16
6.319460609789834962e+03 4.437300424229662400e+16
6.319794178573671161e+03 4.438840754463544000e+16
6.320127747357508269e+03 4.440384020726947200e+16
6.320461316141345378e+03 4.441930203855702400e+16
6.320794884925182487e+03 4.443479284491529600e+16
6.321128453709018686e+03 4.445031243081297600e+16
6.321462022492856704e+03 4.446586059876248800e+16
6.321795591276692903e+03 4.448143714931212800e+16
6.322129160060529102e+03 4.449704188103872000e+16
6.322462728844366211e+03 4.451267459053980800e+16
6.322796297628203320e+03 4.452833507242596800e+16
6.323129866412040428e+03 4.454402311931328800e+16
6.323463435195876627e+03 4.455973852181568000e+16
6.323797003979714646e+03 4.457548106853739200e+16
6.324130572763550845e+03 4.459125054606523200e+16
6.324464141547387953e+03 4.460704673896129600e+16
6.324797710331225062e+03 4.462286942975516000e+16
6.325131279115062171e+03 4.463871839893661600e+16
6.325464847898898370e+03 4.465459342494800000e+16
6.325798416682734569e+03 4.467049428417690400e+16
6.326131985466572587e+03 4.468642075094883200e+16
6.326465554250408786e+03 4.470237259751950400e+16
6.326799123034245895e+03 4.471834959406800800e+16
6.327132691818083003e+03 4.473435150868912800e+16
6.327466260601920112e+03 4.475037810738636800e+16
6.327799829385756311e+03 4.476642915406463200e+16
6.328133398169594329e+03 4.478250441052315200e+16
6.328466966953430529e+03 4.479860363644840000e+16
6.328800535737267637e+03 4.481472658940708800e+16
6.329134104521103836e+03 4.483087302483928000e+16
6.329467673304941854e+03 4.484704269605133600e+16
6.329801242088778054e+03 4.486323535420925600e+16
6.330134810872614253e+03 4.487945074833185600e+16
6.330468379656452271e+03 4.489568862528408000e+16
6.330801948440288470e+03 4.491194872977051200e+16
6.331135517224125579e+03 4.492823080432867200e+16
6.331469086007962687e+03 4.494453458932285600e+16
6.331802654791799796e+03 4.496085982293737600e+16
6.332136223575635995e+03 4.497720624117075200e+16
6.332469792359473104e+03 4.499357357782924800e+16
6.332803361143310212e+03 4.500996156452092000e+16
6.333136929927147321e+03 4.502636993064964800e+16
6.333470498710983520e+03 4.504279840340917600e+16
6.333804067494820629e+03 4.505924670777758400e+16
6.334137636278657737e+03 4.507571456651128800e+16
6.334471205062493937e+03 4.509220170013987200e+16
6.334804773846331955e+03 4.510870782696043200e+16
6.335138342630168154e+03 4.512523266303236800e+16
6.335471911414005262e+03 4.514177592217220800e+16
6.335805480197841462e+03 4.515833731594856000e+16
6.336139048981679480e+03 4.517491655367728000e+16
6.336472617765515679e+03 4.519151334241649600e+16
6.336806186549352788e+03 4.520812738696220000e+16
6.337139755333189896e+03 4.522475838984364000e+16
6.337473324117026095e+03 4.524140605131903200e+16
6.337806892900863204e+03 4.525807006937125600e+16
6.338140461684700313e+03 4.527475013970396800e+16
6.338474030468537421e+03 4.529144595573765600e+16
6.338807599252373620e+03 4.530815720860588000e+16
6.339141168036210729e+03 4.532488358715184000e+16
6.339474736820047838e+03 4.534162477792481600e+16
6.339808305603884946e+03 4.535838046517720000e+16
6.340141874387721145e+03 4.537515033086117600e+16
6.340475443171559164e+03 4.539193405462619200e+16
6.340809011955395363e+03 4.540873131381603200e+16
6.341142580739231562e+03 4.542554178346652000e+16
6.341476149523069580e+03 4.544236513630325600e+16
6.341809718306905779e+03 4.545920104273931200e+16
6.342143287090742888e+03 4.547604917087368800e+16
6.342476855874579087e+03 4.549290918648944000e+16
6.342810424658417105e+03 4.550978075305219200e+16
6.343143993442253304e+03 4.552666353170907200e+16
6.343477562226090413e+03 4.554355718128758400e+16
6.343811131009927522e+03 4.556046135829484800e+16
6.344144699793764630e+03 4.557737571691688800e+16
6.344478268577600829e+03 4.559429990901863200e+16
6.344811837361438847e+03 4.561123358414343200e+16
6.345145406145275047e+03 4.562817638951344800e+16
6.345478974929111246e+03 4.564512797002991200e+16
6.345812543712948354e+03 4.566208796827388800e+16
6.346146112496785463e+03 4.567905602450708000e+16
6.346479681280622572e+03 4.569603177667286400e+16
6.346813250064458771e+03 4.571301486039798400e+16
6.347146818848296789e+03 4.573000490899396800e+16
6.347480387632132988e+03 4.574700155345915200e+16
6.347813956415970097e+03 4.576400442248092000e+16
6.348147525199807205e+03 4.578101314243824000e+16
6.348481093983644314e+03 4.579802733740432000e+16
6.348814662767480513e+03 4.581504662914981600e+16
6.349148231551316712e+03 4.583207063714609600e+16
6.349481800335154730e+03 4.584909897856894400e+16
6.349815369118990930e+03 4.586613126830252000e+16
6.350148937902828038e+03 4.588316711894353600e+16
6.350482506686665147e+03 4.590020614080603200e+16
6.350816075470502255e+03 4.591724794192596000e+16
6.351149644254338455e+03 4.593429212806665600e+16
6.351483213038176473e+03 4.595133830272428800e+16
6.351816781822012672e+03 4.596838606713350400e+16
6.352150350605849781e+03 4.598543502027399200e+16
6.352483919389685980e+03 4.600248475887665600e+16
6.352817488173523998e+03 4.601953487743067200e+16
6.353151056957360197e+03 4.603658496819049600e+16
6.353484625741196396e+03 4.605363462118360000e+16
6.353818194525034414e+03 4.607068342421830400e+16
6.354151763308870613e+03 4.608773096289184800e+16
6.354485332092707722e+03 4.610477682059932000e+16
6.354818900876544831e+03 4.612182057854235200e+16
6.355152469660381939e+03 4.613886181573854400e+16
6.355486038444218138e+03 4.615590010903122400e+16
6.355819607228055247e+03 4.617293503309947200e+16
6.356153176011892356e+03 4.618996616046855200e+16
6.356486744795729464e+03 4.620699306152076800e+16
6.356820313579565664e+03 4.622401530450684800e+16
6.357153882363402772e+03 4.624103245555726400e+16
6.357487451147239881e+03 4.625804407869448800e+16
6.357821019931076080e+03 4.627504973584520000e+16
6.358154588714914098e+03 4.629204898685348800e+16
6.358488157498750297e+03 4.630904138949342400e+16
6.358821726282587406e+03 4.632602649948329600e+16
6.359155295066423605e+03 4.634300387049932800e+16
6.359488863850261623e+03 4.635997305419017600e+16
6.359822432634097822e+03 4.637693360019180000e+16
6.360156001417934931e+03 4.639388505614275200e+16
6.360489570201772040e+03 4.641082696769998400e+16
6.360823138985608239e+03 4.642775887855472000e+16
6.361156707769445347e+03 4.644468033044944000e+16
6.361490276553282456e+03 4.646159086319449600e+16
6.361823845337119565e+03 4.647849001468570400e+16
6.362157414120955764e+03 4.649537732092232000e+16
6.362490982904792872e+03 4.651225231602518400e+16
6.362824551688629981e+03 4.652911453225576000e+16
6.363158120472467090e+03 4.654596350003492800e+16
6.363491689256303289e+03 4.656279874796310400e+16
6.363825258040141307e+03 4.657961980284008000e+16
6.364158826823977506e+03 4.659642618968571200e+16
6.364492395607813705e+03 4.661321743176092800e+16
6.364825964391651723e+03 4.662999305058922400e+16
6.365159533175487923e+03 4.664675256597861600e+16
6.365493101959325031e+03 4.666349549604408800e+16
6.365826670743161230e+03 4.668022135723054400e+16
6.366160239526999248e+03 4.669692966433596000e+16
6.366493808310835448e+03 4.671361993053544000e+16
6.366827377094672556e+03 4.673029166740544000e+16
6.367160945878509665e+03 4.674694438494846400e+16
6.367494514662346774e+03 4.676357759161839200e+16
6.367828083446182973e+03 4.678019079434627200e+16
6.368161652230020991e+03 4.679678349856636800e+16
6.368495221013857190e+03 4.681335520824291200e+16
6.368828789797693389e+03 4.682990542589736000e+16
6.369162358581530498e+03 4.684643365263586400e+16
6.369495927365367606e+03 4.686293938817750400e+16
6.369829496149204715e+03 4.687942213088294400e+16
6.370163064933040914e+03 4.689588137778333600e+16
6.370496633716878932e+03 4.691231662461012800e+16
6.370830202500715131e+03 4.692872736582486400e+16
6.371163771284552240e+03 4.694511309465001600e+16
6.371497340068389349e+03 4.696147330309980000e+16
6.371830908852226457e+03 4.697780748201164800e+16
6.372164477636062657e+03 4.699411512107840800e+16
6.372498046419898856e+03 4.701039570888060800e+16
6.372831615203736874e+03 4.702664873291963200e+16
6.373165183987573073e+03 4.704287367965086400e+16
6.373498752771410182e+03 4.705907003451793600e+16
6.373832321555247290e+03 4.707523728198687200e+16
6.374165890339084399e+03 4.709137490558108800e+16
6.374499459122920598e+03 4.710748238791675200e+16
6.374833027906758616e+03 4.712355921073857600e+16
6.375166596690594815e+03 4.713960485495612800e+16
6.375500165474431924e+03 4.715561880068068800e+16
6.375833734258268123e+03 4.717160052726241600e+16
6.376167303042106141e+03 4.718754951332809600e+16
6.376500871825942340e+03 4.720346523681944800e+16
6.376834440609778540e+03 4.721934717503156800e+16
6.377168009393616558e+03 4.723519480465224800e+16
6.377501578177452757e+03 4.725100760180141600e+16
6.377835146961289865e+03 4.726678504207132000e+16
6.378168715745126974e+03 4.728252660056696800e+16
6.378502284528964083e+03 4.729823175194696000e+16
6.378835853312800282e+03 4.731389997046510400e+16
6.379169422096637390e+03 4.732953073001206400e+16
6.379502990880474499e+03 4.734512350415776800e+16
6.379836559664311608e+03 4.736067776619409600e+16
6.380170128448147807e+03 4.737619298917798400e+16
6.380503697231984916e+03 4.739166864597515200e+16
6.380837266015822024e+03 4.740710420930391200e+16
6.381170834799658223e+03 4.742249915177980000e+16
6.381504403583496241e+03 4.743785294596039200e+16
6.381837972367332441e+03 4.745316506439036800e+16
6.382171541151169549e+03 4.746843497964753600e+16
6.382505109935005748e+03 4.748366216438859200e+16
6.382838678718843767e+03 4.749884609139581600e+16
6.383172247502679966e+03 4.751398623362376000e+16
6.383505816286517074e+03 4.752908206424662400e+16
6.383839385070354183e+03 4.754413305670582400e+16
6.384172953854190382e+03 4.755913868475809600e+16
6.384506522638027491e+03 4.757409842252367200e+16
6.384840091421864599e+03 4.758901174453526400e+16
6.385173660205701708e+03 4.760387812578696000e+16
6.385507228989537907e+03 4.761869704178376000e+16
6.385840797773375016e+03 4.763346796859141600e+16
6.386174366557212124e+03 4.764819038288638400e+16
6.386507935341049233e+03 4.766286376200641600e+16
6.386841504124885432e+03 4.767748758400128800e+16
6.387175072908723450e+03 4.769206132768388800e+16
6.387508641692559650e+03 4.770658447268153600e+16
6.387842210476395849e+03 4.772105649948782400e+16
6.388175779260233867e+03 4.773547688951448800e+16
6.388509348044070066e+03 4.774984512514358400e+16
6.388842916827907175e+03 4.776416068978026400e+16
6.389176485611743374e+03 4.777842306790537600e+16
6.389510054395581392e+03 4.779263174512851200e+16
6.389843623179417591e+03 4.780678620824148000e+16
6.390177191963254700e+03 4.782088594527163200e+16
6.390510760747091808e+03 4.783493044553586400e+16
6.390844329530928917e+03 4.784891919969438400e+16
6.391177898314765116e+03 4.786285169980513600e+16
6.391511467098603134e+03 4.787672743937798400e+16
6.391845035882439333e+03 4.789054591342949600e+16
6.392178604666275533e+03 4.790430661853754400e+16
6.392512173450112641e+03 4.791800905289643200e+16
6.392845742233949750e+03 4.793165271637200800e+16
6.393179311017786858e+03 4.794523711055665600e+16
6.393512879801623058e+03 4.795876173882505600e+16
6.393846448585461076e+03 4.797222610638950400e+16
6.394180017369297275e+03 4.798562972035564800e+16
6.394513586153134383e+03 4.799897208977819200e+16
6.394847154936971492e+03 4.801225272571683200e+16
6.395180723720808601e+03 4.802547114129218400e+16
6.395514292504644800e+03 4.803862685174172000e+16
6.395847861288480999e+03 4.805171937447601600e+16
6.396181430072319017e+03 4.806474822913484000e+16
6.396514998856155216e+03 4.807771293764314400e+16
6.396848567639992325e+03 4.809061302426763200e+16
6.397182136423829434e+03 4.810344801567271200e+16
6.397515705207666542e+03 4.811621744097676800e+16
6.397849273991502741e+03 4.812892083180856800e+16
6.398182842775340760e+03 4.814155772236328800e+16
6.398516411559176959e+03 4.815412764945873600e+16
6.398849980343014067e+03 4.816663015259157600e+16
6.399183549126850266e+03 4.817906477399329600e+16
6.399517117910688285e+03 4.819143105868633600e+16
6.399850686694524484e+03 4.820372855453994400e+16
6.400184255478360683e+03 4.821595681232601600e+16
6.400517824262198701e+03 4.822811538577500800e+16
6.400851393046034900e+03 4.824020383163120800e+16
6.401184961829872009e+03 4.825222170970865600e+16
6.401518530613709117e+03 4.826416858294606400e+16
6.401852099397546226e+03 4.827604401746243200e+16
6.402185668181382425e+03 4.828784758261168000e+16
6.402519236965219534e+03 4.829957885103779200e+16
6.402852805749056643e+03 4.831123739872930400e+16
6.403186374532893751e+03 4.832282280507368000e+16
6.403519943316729950e+03 4.833433465291172000e+16
6.403853512100567059e+03 4.834577252859142400e+16
6.404187080884404168e+03 4.835713602202171200e+16
6.404520649668240367e+03 4.836842472672592000e+16
6.404854218452078385e+03 4.837963823989499200e+16
6.405187787235914584e+03 4.839077616244046400e+16
6.405521356019751693e+03 4.840183809904684800e+16
6.405854924803587892e+03 4.841282365822432000e+16
6.406188493587425910e+03 4.842373245236025600e+16
6.406522062371262109e+03 4.843456409777118400e+16
6.406855631155099218e+03 4.844531821475382400e+16
6.407189199938936326e+03 4.845599442763631200e+16
6.407522768722772526e+03 4.846659236482830400e+16
6.407856337506609634e+03 4.847711165887152000e+16
6.408189906290446743e+03 4.848755194648925600e+16
6.408523475074283851e+03 4.849791286863571200e+16
6.408857043858120051e+03 4.850819407054501600e+16
6.409190612641957159e+03 4.851839520177953600e+16
6.409524181425794268e+03 4.852851591627790400e+16
6.409857750209631376e+03 4.853855587240248000e+16
6.410191318993467576e+03 4.854851473298660800e+16
6.410524887777305594e+03 4.855839216538084800e+16
6.410858456561141793e+03 4.856818784149923200e+16
6.411192025344977992e+03 4.857790143786473600e+16
6.411525594128816010e+03 4.858753263565420000e+16
6.411859162912652209e+03 4.859708112074286400e+16
6.412192731696489318e+03 4.860654658374816000e+16
6.412526300480325517e+03 4.861592872007318400e+16
6.412859869264163535e+03 4.862522722994932800e+16
6.413193438047999734e+03 4.863444181847832800e+16
6.413527006831836843e+03 4.864357219567408000e+16
6.413860575615673952e+03 4.865261807650339200e+16
6.414194144399511060e+03 4.866157918092632000e+16
6.414527713183347259e+03 4.867045523393584000e+16
6.414861281967185278e+03 4.867924596559704000e+16
6.415194850751021477e+03 4.868795111108514400e+16
6.415528419534857676e+03 4.869657041072358400e+16
6.415861988318694785e+03 4.870510361002080800e+16
6.416195557102531893e+03 4.871355045970667200e+16
6.416529125886369002e+03 4.872191071576807200e+16
6.416862694670205201e+03 4.873018413948387200e+16
6.417196263454043219e+03 4.873837049745916000e+16
6.417529832237879418e+03 4.874646956165849600e+16
6.417863401021716527e+03 4.875448110943907200e+16
6.418196969805553636e+03 4.876240492358229600e+16
6.418530538589390744e+03 4.877024079232513600e+16
6.418864107373226943e+03 4.877798850939080800e+16
6.419197676157063142e+03 4.878564787401814400e+16
6.419531244940901161e+03 4.879321869099076000e+16
6.419864813724737360e+03 4.880070077066491200e+16
6.420198382508574468e+03 4.880809392899713600e+16
6.420531951292411577e+03 4.881539798757046400e+16
6.420865520076248686e+03 4.882261277362027200e+16
6.421199088860084885e+03 4.882973812005915200e+16
6.421532657643922903e+03 4.883677386550092000e+16
6.421866226427759102e+03 4.884371985428380000e+16
6.422199795211596211e+03 4.885057593649288000e+16
6.422533363995432410e+03 4.885734196798152000e+16
6.422866932779270428e+03 4.886401781039212000e+16
6.423200501563106627e+03 4.887060333117581600e+16
6.423534070346942826e+03 4.887709840361144000e+16
6.423867639130780844e+03 4.888350290682370400e+16
6.424201207914617044e+03 4.888981672580016000e+16
6.424534776698454152e+03 4.889603975140776000e+16
6.424868345482291261e+03 4.890217188040800000e+16
6.425201914266128369e+03 4.890821301547162400e+16
6.425535483049964569e+03 4.891416306519225600e+16
6.425869051833801677e+03 4.892002194409900000e+16
6.426202620617638786e+03 4.892578957266836800e+16
6.426536189401475895e+03 4.893146587733520000e+16
6.426869758185312094e+03 4.893705079050256000e+16
6.427203326969149202e+03 4.894254425055101600e+16
6.427536895752986311e+03 4.894794620184664800e+16
6.427870464536822510e+03 4.895325659474841600e+16
6.428204033320660528e+03 4.895847538561451200e+16
